{
  "fio version" : "fio-3.40",
  "timestamp" : 1770007494,
  "timestamp_ms" : 1770007494599,
  "time" : "Mon Feb  2 05:44:54 2026",
  "global options" : {
    "group_reporting" : "",
    "ioengine" : "mmap",
    "size" : "768m",
    "thread" : "1",
    "directory" : "/tmp",
    "time_based" : "",
    "runtime" : "180",
    "norandommap" : "1",
    "filename" : "/tmp/fio_readwrite",
    "share_mmap" : "1",
    "repl" : "1"
  },
  "jobs" : [
    {
      "jobname" : "writers",
      "groupid" : 0,
      "job_start" : 1770007314297,
      "error" : 0,
      "eta" : 0,
      "elapsed" : 181,
      "job options" : {
        "rw" : "randread",
        "random_distribution" : "random",
        "numjobs" : "13"
      },
      "read" : {
        "io_bytes" : 1369215561728,
        "io_kbytes" : 1337124572,
        "bw_bytes" : 7606584085,
        "bw" : 7428304,
        "iops" : 1857076.192751,
        "runtime" : 180004,
        "total_ios" : 334281143,
        "short_ios" : 0,
        "drop_ios" : 0,
        "slat_ns" : {
          "min" : 0,
          "max" : 0,
          "mean" : 0.000000,
          "stddev" : 0.000000,
          "N" : 0
        },
        "clat_ns" : {
          "min" : 88,
          "max" : 13794842,
          "mean" : 5088.146708,
          "stddev" : 22890.301013,
          "N" : 334281143,
          "percentile" : {
            "1.000000" : 1592,
            "5.000000" : 2352,
            "10.000000" : 2768,
            "20.000000" : 3344,
            "30.000000" : 3792,
            "40.000000" : 4192,
            "50.000000" : 4640,
            "60.000000" : 5088,
            "70.000000" : 5600,
            "80.000000" : 6240,
            "90.000000" : 7264,
            "95.000000" : 8160,
            "99.000000" : 10816,
            "99.500000" : 13120,
            "99.900000" : 22400,
            "99.950000" : 24960,
            "99.990000" : 52480
          }
        },
        "lat_ns" : {
          "min" : 112,
          "max" : 13794983,
          "mean" : 5314.046892,
          "stddev" : 23079.158573,
          "N" : 334281143
        },
        "bw_min" : 16008,
        "bw_max" : 9715335,
        "bw_agg" : 100.000000,
        "bw_mean" : 7559535.306818,
        "bw_dev" : 96176.804387,
        "bw_samples" : 4576,
        "iops_min" : 4002,
        "iops_max" : 2428832,
        "iops_mean" : 1889879.471591,
        "iops_stddev" : 24044.177974,
        "iops_samples" : 4576
      },
      "write" : {
        "io_bytes" : 13422749515776,
        "io_kbytes" : 13108153824,
        "bw_bytes" : 74569173550,
        "bw" : 72821458,
        "iops" : 18205364.636341,
        "runtime" : 180004,
        "total_ios" : 3277038456,
        "short_ios" : 0,
        "drop_ios" : 0,
        "slat_ns" : {
          "min" : 0,
          "max" : 0,
          "mean" : 0.000000,
          "stddev" : 0.000000,
          "N" : 0
        },
        "clat_ns" : {
          "min" : 78,
          "max" : 136049242,
          "mean" : 4538.329583,
          "stddev" : 21859.711021,
          "N" : 3277038456,
          "percentile" : {
            "1.000000" : 1512,
            "5.000000" : 2160,
            "10.000000" : 2480,
            "20.000000" : 2928,
            "30.000000" : 3312,
            "40.000000" : 3696,
            "50.000000" : 4048,
            "60.000000" : 4448,
            "70.000000" : 4896,
            "80.000000" : 5472,
            "90.000000" : 6432,
            "95.000000" : 7200,
            "99.000000" : 9536,
            "99.500000" : 12096,
            "99.900000" : 21888,
            "99.950000" : 25472,
            "99.990000" : 456704
          }
        },
        "lat_ns" : {
          "min" : 108,
          "max" : 136049321,
          "mean" : 4758.914883,
          "stddev" : 22087.264301,
          "N" : 3277038456
        },
        "bw_min" : 136776,
        "bw_max" : 100309657,
        "bw_agg" : 100.000000,
        "bw_mean" : 74116192.213068,
        "bw_dev" : 109798.029227,
        "bw_samples" : 40480,
        "iops_min" : 34194,
        "iops_max" : 25077391,
        "iops_mean" : 18529009.210227,
        "iops_stddev" : 27449.483228,
        "iops_samples" : 40480
      },
      "trim" : {
        "io_bytes" : 0,
        "io_kbytes" : 0,
        "bw_bytes" : 0,
        "bw" : 0,
        "iops" : 0.000000,
        "runtime" : 0,
        "total_ios" : 0,
        "short_ios" : 0,
        "drop_ios" : 0,
        "slat_ns" : {
          "min" : 0,
          "max" : 0,
          "mean" : 0.000000,
          "stddev" : 0.000000,
          "N" : 0
        },
        "clat_ns" : {
          "min" : 0,
          "max" : 0,
          "mean" : 0.000000,
          "stddev" : 0.000000,
          "N" : 0
        },
        "lat_ns" : {
          "min" : 0,
          "max" : 0,
          "mean" : 0.000000,
          "stddev" : 0.000000,
          "N" : 0
        },
        "bw_min" : 0,
        "bw_max" : 0,
        "bw_agg" : 0.000000,
        "bw_mean" : 0.000000,
        "bw_dev" : 0.000000,
        "bw_samples" : 0,
        "iops_min" : 0,
        "iops_max" : 0,
        "iops_mean" : 0.000000,
        "iops_stddev" : 0.000000,
        "iops_samples" : 0
      },
      "sync" : {
        "total_ios" : 0,
        "lat_ns" : {
          "min" : 0,
          "max" : 0,
          "mean" : 0.000000,
          "stddev" : 0.000000,
          "N" : 0
        }
      },
      "job_runtime" : 23040066,
      "usr_cpu" : 94.593041,
      "sys_cpu" : 1.311633,
      "ctx" : 1289374,
      "majf" : 196602,
      "minf" : 603430,
      "iodepth_level" : {
        "1" : 100.000000,
        "2" : 0.000000,
        "4" : 0.000000,
        "8" : 0.000000,
        "16" : 0.000000,
        "32" : 0.000000,
        ">=64" : 0.000000
      },
      "iodepth_submit" : {
        "0" : 0.000000,
        "4" : 100.000000,
        "8" : 0.000000,
        "16" : 0.000000,
        "32" : 0.000000,
        "64" : 0.000000,
        ">=64" : 0.000000
      },
      "iodepth_complete" : {
        "0" : 0.000000,
        "4" : 100.000000,
        "8" : 0.000000,
        "16" : 0.000000,
        "32" : 0.000000,
        "64" : 0.000000,
        ">=64" : 0.000000
      },
      "latency_ns" : {
        "2" : 0.000000,
        "4" : 0.000000,
        "10" : 0.000000,
        "20" : 0.000000,
        "50" : 0.000000,
        "100" : 0.010000,
        "250" : 0.029341,
        "500" : 0.021806,
        "750" : 0.064317,
        "1000" : 0.135494
      },
      "latency_us" : {
        "2" : 3.115154,
        "4" : 43.979750,
        "10" : 51.761683,
        "20" : 0.733602,
        "50" : 0.134099,
        "100" : 0.010000,
        "250" : 0.010000,
        "500" : 0.013235,
        "750" : 0.010000,
        "1000" : 0.010000
      },
      "latency_ms" : {
        "2" : 0.010000,
        "4" : 0.010000,
        "10" : 0.010000,
        "20" : 0.010000,
        "50" : 0.000000,
        "100" : 0.010000,
        "250" : 0.010000,
        "500" : 0.000000,
        "750" : 0.000000,
        "1000" : 0.000000,
        "2000" : 0.000000,
        ">=2000" : 0.000000
      },
      "latency_depth" : 1,
      "latency_target" : 0,
      "latency_percentile" : 100.000000,
      "latency_window" : 0
    }
  ],
  "disk_util" : [
    {
      "name" : "sda",
      "read_ios" : 196405,
      "write_ios" : 94265,
      "read_sectors" : 1573032,
      "write_sectors" : 6080992,
      "read_merges" : 223,
      "write_merges" : 1673,
      "read_ticks" : 346378,
      "write_ticks" : 38056872,
      "in_queue" : 38403260,
      "util" : 5.792652
    }
  ]
}
