{
  "fio version" : "fio-3.40",
  "timestamp" : 1770004416,
  "timestamp_ms" : 1770004416033,
  "time" : "Mon Feb  2 04:53:36 2026",
  "global options" : {
    "group_reporting" : "",
    "ioengine" : "mmap",
    "size" : "768m",
    "thread" : "1",
    "directory" : "/tmp",
    "time_based" : "",
    "runtime" : "180",
    "norandommap" : "1",
    "filename" : "/tmp/fio_readwrite",
    "share_mmap" : "1",
    "repl" : "1"
  },
  "jobs" : [
    {
      "jobname" : "writers",
      "groupid" : 0,
      "job_start" : 1770004235967,
      "error" : 0,
      "eta" : 0,
      "elapsed" : 181,
      "job options" : {
        "rw" : "randread",
        "random_distribution" : "random",
        "numjobs" : "115"
      },
      "read" : {
        "io_bytes" : 19515510484992,
        "io_kbytes" : 19058115708,
        "bw_bytes" : 108415286544,
        "bw" : 105874303,
        "iops" : 26468575.816496,
        "runtime" : 180007,
        "total_ios" : 4764528927,
        "short_ios" : 0,
        "drop_ios" : 0,
        "slat_ns" : {
          "min" : 0,
          "max" : 0,
          "mean" : 0.000000,
          "stddev" : 0.000000,
          "N" : 0
        },
        "clat_ns" : {
          "min" : 79,
          "max" : 88041159,
          "mean" : 3582.985307,
          "stddev" : 16827.685481,
          "N" : 4764528927,
          "percentile" : {
            "1.000000" : 1464,
            "5.000000" : 1944,
            "10.000000" : 2224,
            "20.000000" : 2576,
            "30.000000" : 2832,
            "40.000000" : 3088,
            "50.000000" : 3312,
            "60.000000" : 3568,
            "70.000000" : 3856,
            "80.000000" : 4256,
            "90.000000" : 4768,
            "95.000000" : 5344,
            "99.000000" : 7136,
            "99.500000" : 10560,
            "99.900000" : 19072,
            "99.950000" : 20608,
            "99.990000" : 30592
          }
        },
        "lat_ns" : {
          "min" : 100,
          "max" : 100752077,
          "mean" : 3686.341126,
          "stddev" : 16976.221475,
          "N" : 4764528927
        },
        "bw_min" : 113544,
        "bw_max" : 125421250,
        "bw_agg" : 100.000000,
        "bw_mean" : 106561216.396067,
        "bw_dev" : 133143.778935,
        "bw_samples" : 40940,
        "iops_min" : 28386,
        "iops_max" : 31355292,
        "iops_mean" : 26640266.797753,
        "iops_stddev" : 33285.921090,
        "iops_samples" : 40940
      },
      "write" : {
        "io_bytes" : 2187854610432,
        "io_kbytes" : 2136576768,
        "bw_bytes" : 12154545259,
        "bw" : 11869673,
        "iops" : 2967418.276362,
        "runtime" : 180003,
        "total_ios" : 534144192,
        "short_ios" : 0,
        "drop_ios" : 0,
        "slat_ns" : {
          "min" : 0,
          "max" : 0,
          "mean" : 0.000000,
          "stddev" : 0.000000,
          "N" : 0
        },
        "clat_ns" : {
          "min" : 85,
          "max" : 75558177,
          "mean" : 3600.813628,
          "stddev" : 17727.613538,
          "N" : 534144192,
          "percentile" : {
            "1.000000" : 1528,
            "5.000000" : 1912,
            "10.000000" : 2128,
            "20.000000" : 2448,
            "30.000000" : 2704,
            "40.000000" : 2928,
            "50.000000" : 3152,
            "60.000000" : 3376,
            "70.000000" : 3664,
            "80.000000" : 4016,
            "90.000000" : 4576,
            "95.000000" : 5088,
            "99.000000" : 7520,
            "99.500000" : 12096,
            "99.900000" : 39168,
            "99.950000" : 209920,
            "99.990000" : 309248
          }
        },
        "lat_ns" : {
          "min" : 118,
          "max" : 75558222,
          "mean" : 3690.336601,
          "stddev" : 17778.932354,
          "N" : 534144192
        },
        "bw_min" : 12648,
        "bw_max" : 13329610,
        "bw_agg" : 100.000000,
        "bw_mean" : 11947286.775281,
        "bw_dev" : 133709.734745,
        "bw_samples" : 4628,
        "iops_min" : 3162,
        "iops_max" : 3332398,
        "iops_mean" : 2986817.691011,
        "iops_stddev" : 33427.422499,
        "iops_samples" : 4628
      },
      "trim" : {
        "io_bytes" : 0,
        "io_kbytes" : 0,
        "bw_bytes" : 0,
        "bw" : 0,
        "iops" : 0.000000,
        "runtime" : 0,
        "total_ios" : 0,
        "short_ios" : 0,
        "drop_ios" : 0,
        "slat_ns" : {
          "min" : 0,
          "max" : 0,
          "mean" : 0.000000,
          "stddev" : 0.000000,
          "N" : 0
        },
        "clat_ns" : {
          "min" : 0,
          "max" : 0,
          "mean" : 0.000000,
          "stddev" : 0.000000,
          "N" : 0
        },
        "lat_ns" : {
          "min" : 0,
          "max" : 0,
          "mean" : 0.000000,
          "stddev" : 0.000000,
          "N" : 0
        },
        "bw_min" : 0,
        "bw_max" : 0,
        "bw_agg" : 0.000000,
        "bw_mean" : 0.000000,
        "bw_dev" : 0.000000,
        "bw_samples" : 0,
        "iops_min" : 0,
        "iops_max" : 0,
        "iops_mean" : 0.000000,
        "iops_stddev" : 0.000000,
        "iops_samples" : 0
      },
      "sync" : {
        "total_ios" : 0,
        "lat_ns" : {
          "min" : 0,
          "max" : 0,
          "mean" : 0.000000,
          "stddev" : 0.000000,
          "N" : 0
        }
      },
      "job_runtime" : 23040098,
      "usr_cpu" : 96.483409,
      "sys_cpu" : 0.498279,
      "ctx" : 588923,
      "majf" : 196619,
      "minf" : 1052931,
      "iodepth_level" : {
        "1" : 100.000000,
        "2" : 0.000000,
        "4" : 0.000000,
        "8" : 0.000000,
        "16" : 0.000000,
        "32" : 0.000000,
        ">=64" : 0.000000
      },
      "iodepth_submit" : {
        "0" : 0.000000,
        "4" : 100.000000,
        "8" : 0.000000,
        "16" : 0.000000,
        "32" : 0.000000,
        "64" : 0.000000,
        ">=64" : 0.000000
      },
      "iodepth_complete" : {
        "0" : 0.000000,
        "4" : 100.000000,
        "8" : 0.000000,
        "16" : 0.000000,
        "32" : 0.000000,
        "64" : 0.000000,
        ">=64" : 0.000000
      },
      "latency_ns" : {
        "2" : 0.000000,
        "4" : 0.000000,
        "10" : 0.000000,
        "20" : 0.000000,
        "50" : 0.000000,
        "100" : 0.010000,
        "250" : 0.039923,
        "500" : 0.022472,
        "750" : 0.036283,
        "1000" : 0.087890
      },
      "latency_us" : {
        "2" : 5.798760,
        "4" : 68.659580,
        "10" : 24.798974,
        "20" : 0.474134,
        "50" : 0.068884,
        "100" : 0.010000,
        "250" : 0.010000,
        "500" : 0.010000,
        "750" : 0.010000,
        "1000" : 0.010000
      },
      "latency_ms" : {
        "2" : 0.010000,
        "4" : 0.010000,
        "10" : 0.010000,
        "20" : 0.010000,
        "50" : 0.010000,
        "100" : 0.010000,
        "250" : 0.000000,
        "500" : 0.000000,
        "750" : 0.000000,
        "1000" : 0.000000,
        "2000" : 0.000000,
        ">=2000" : 0.000000
      },
      "latency_depth" : 1,
      "latency_target" : 0,
      "latency_percentile" : 100.000000,
      "latency_window" : 0
    }
  ],
  "disk_util" : [
    {
      "name" : "sda",
      "read_ios" : 196587,
      "write_ios" : 67651,
      "read_sectors" : 1574576,
      "write_sectors" : 7447744,
      "read_merges" : 234,
      "write_merges" : 7084,
      "read_ticks" : 365710,
      "write_ticks" : 22313245,
      "in_queue" : 22678965,
      "util" : 7.084059
    }
  ]
}
