{
  "fio version" : "fio-3.40",
  "timestamp" : 1764803512,
  "timestamp_ms" : 1764803512643,
  "time" : "Thu Dec  4 00:11:52 2025",
  "global options" : {
    "group_reporting" : "",
    "ioengine" : "mmap",
    "size" : "768m",
    "thread" : "1",
    "directory" : "/tmp",
    "time_based" : "",
    "runtime" : "180",
    "norandommap" : "1",
    "filename" : "/tmp/fio_readwrite",
    "share_mmap" : "1",
    "repl" : "1"
  },
  "jobs" : [
    {
      "jobname" : "writers",
      "groupid" : 0,
      "job_start" : 1764803332581,
      "error" : 0,
      "eta" : 0,
      "elapsed" : 181,
      "job options" : {
        "rw" : "randread",
        "random_distribution" : "random",
        "numjobs" : "38"
      },
      "read" : {
        "io_bytes" : 4431754956800,
        "io_kbytes" : 4327885700,
        "bw_bytes" : 24620313753,
        "bw" : 24043275,
        "iops" : 6010818.787360,
        "runtime" : 180004,
        "total_ios" : 1081971425,
        "short_ios" : 0,
        "drop_ios" : 0,
        "slat_ns" : {
          "min" : 0,
          "max" : 0,
          "mean" : 0.000000,
          "stddev" : 0.000000,
          "N" : 0
        },
        "clat_ns" : {
          "min" : 78,
          "max" : 55895159,
          "mean" : 4934.133885,
          "stddev" : 18607.646487,
          "N" : 1081971425,
          "percentile" : {
            "1.000000" : 1736,
            "5.000000" : 2384,
            "10.000000" : 2736,
            "20.000000" : 3216,
            "30.000000" : 3632,
            "40.000000" : 4048,
            "50.000000" : 4512,
            "60.000000" : 4960,
            "70.000000" : 5472,
            "80.000000" : 6176,
            "90.000000" : 7136,
            "95.000000" : 8032,
            "99.000000" : 11456,
            "99.500000" : 14144,
            "99.900000" : 22400,
            "99.950000" : 24448,
            "99.990000" : 39680
          }
        },
        "lat_ns" : {
          "min" : 101,
          "max" : 55895849,
          "mean" : 5122.854244,
          "stddev" : 18667.151259,
          "N" : 1081971425
        },
        "bw_min" : 34976,
        "bw_max" : 28877288,
        "bw_agg" : 100.000000,
        "bw_mean" : 24333607.359773,
        "bw_dev" : 102985.255892,
        "bw_samples" : 13414,
        "iops_min" : 8744,
        "iops_max" : 7219308,
        "iops_mean" : 6083388.127479,
        "iops_stddev" : 25746.289741,
        "iops_samples" : 13414
      },
      "write" : {
        "io_bytes" : 10721025593344,
        "io_kbytes" : 10469751556,
        "bw_bytes" : 59559929742,
        "bw" : 58163993,
        "iops" : 14540998.472256,
        "runtime" : 180004,
        "total_ios" : 2617437889,
        "short_ios" : 0,
        "drop_ios" : 0,
        "slat_ns" : {
          "min" : 0,
          "max" : 0,
          "mean" : 0.000000,
          "stddev" : 0.000000,
          "N" : 0
        },
        "clat_ns" : {
          "min" : 78,
          "max" : 56247319,
          "mean" : 4614.080820,
          "stddev" : 23537.021360,
          "N" : 2617437889,
          "percentile" : {
            "1.000000" : 1640,
            "5.000000" : 2160,
            "10.000000" : 2448,
            "20.000000" : 2896,
            "30.000000" : 3280,
            "40.000000" : 3664,
            "50.000000" : 4048,
            "60.000000" : 4448,
            "70.000000" : 4960,
            "80.000000" : 5600,
            "90.000000" : 6496,
            "95.000000" : 7392,
            "99.000000" : 10688,
            "99.500000" : 13760,
            "99.900000" : 22400,
            "99.950000" : 29312,
            "99.990000" : 477184
          }
        },
        "lat_ns" : {
          "min" : 110,
          "max" : 56247375,
          "mean" : 4806.078855,
          "stddev" : 23710.532224,
          "N" : 2617437889
        },
        "bw_min" : 79584,
        "bw_max" : 84796432,
        "bw_agg" : 100.000000,
        "bw_mean" : 58866519.447592,
        "bw_dev" : 138217.189116,
        "bw_samples" : 31770,
        "iops_min" : 19896,
        "iops_max" : 21199060,
        "iops_mean" : 14716598.668555,
        "iops_stddev" : 34554.271118,
        "iops_samples" : 31770
      },
      "trim" : {
        "io_bytes" : 0,
        "io_kbytes" : 0,
        "bw_bytes" : 0,
        "bw" : 0,
        "iops" : 0.000000,
        "runtime" : 0,
        "total_ios" : 0,
        "short_ios" : 0,
        "drop_ios" : 0,
        "slat_ns" : {
          "min" : 0,
          "max" : 0,
          "mean" : 0.000000,
          "stddev" : 0.000000,
          "N" : 0
        },
        "clat_ns" : {
          "min" : 0,
          "max" : 0,
          "mean" : 0.000000,
          "stddev" : 0.000000,
          "N" : 0
        },
        "lat_ns" : {
          "min" : 0,
          "max" : 0,
          "mean" : 0.000000,
          "stddev" : 0.000000,
          "N" : 0
        },
        "bw_min" : 0,
        "bw_max" : 0,
        "bw_agg" : 0.000000,
        "bw_mean" : 0.000000,
        "bw_dev" : 0.000000,
        "bw_samples" : 0,
        "iops_min" : 0,
        "iops_max" : 0,
        "iops_mean" : 0.000000,
        "iops_stddev" : 0.000000,
        "iops_samples" : 0
      },
      "sync" : {
        "total_ios" : 0,
        "lat_ns" : {
          "min" : 0,
          "max" : 0,
          "mean" : 0.000000,
          "stddev" : 0.000000,
          "N" : 0
        }
      },
      "job_runtime" : 23040094,
      "usr_cpu" : 95.136847,
      "sys_cpu" : 1.367790,
      "ctx" : 964353,
      "majf" : 196640,
      "minf" : 772509,
      "iodepth_level" : {
        "1" : 100.000000,
        "2" : 0.000000,
        "4" : 0.000000,
        "8" : 0.000000,
        "16" : 0.000000,
        "32" : 0.000000,
        ">=64" : 0.000000
      },
      "iodepth_submit" : {
        "0" : 0.000000,
        "4" : 100.000000,
        "8" : 0.000000,
        "16" : 0.000000,
        "32" : 0.000000,
        "64" : 0.000000,
        ">=64" : 0.000000
      },
      "iodepth_complete" : {
        "0" : 0.000000,
        "4" : 100.000000,
        "8" : 0.000000,
        "16" : 0.000000,
        "32" : 0.000000,
        "64" : 0.000000,
        ">=64" : 0.000000
      },
      "latency_ns" : {
        "2" : 0.000000,
        "4" : 0.000000,
        "10" : 0.000000,
        "20" : 0.000000,
        "50" : 0.000000,
        "100" : 0.010000,
        "250" : 0.030854,
        "500" : 0.017015,
        "750" : 0.041438,
        "1000" : 0.081645
      },
      "latency_us" : {
        "2" : 2.588379,
        "4" : 43.343851,
        "10" : 52.593134,
        "20" : 1.104979,
        "50" : 0.172130,
        "100" : 0.010000,
        "250" : 0.010000,
        "500" : 0.014295,
        "750" : 0.010000,
        "1000" : 0.010000
      },
      "latency_ms" : {
        "2" : 0.010000,
        "4" : 0.010000,
        "10" : 0.010000,
        "20" : 0.010000,
        "50" : 0.010000,
        "100" : 0.010000,
        "250" : 0.000000,
        "500" : 0.000000,
        "750" : 0.000000,
        "1000" : 0.000000,
        "2000" : 0.000000,
        ">=2000" : 0.000000
      },
      "latency_depth" : 1,
      "latency_target" : 0,
      "latency_percentile" : 100.000000,
      "latency_window" : 0
    }
  ],
  "disk_util" : [
    {
      "name" : "sda",
      "read_ios" : 196417,
      "write_ios" : 73267,
      "read_sectors" : 1573264,
      "write_sectors" : 6537624,
      "read_merges" : 241,
      "write_merges" : 1215,
      "read_ticks" : 392931,
      "write_ticks" : 20294158,
      "in_queue" : 20687102,
      "util" : 6.744112
    }
  ]
}
