{
  "fio version" : "fio-3.40",
  "timestamp" : 1764802065,
  "timestamp_ms" : 1764802065527,
  "time" : "Wed Dec  3 23:47:45 2025",
  "global options" : {
    "group_reporting" : "",
    "ioengine" : "mmap",
    "size" : "768m",
    "thread" : "1",
    "directory" : "/tmp",
    "time_based" : "",
    "runtime" : "180",
    "norandommap" : "1",
    "filename" : "/tmp/fio_readwrite",
    "share_mmap" : "1",
    "repl" : "1"
  },
  "jobs" : [
    {
      "jobname" : "writers",
      "groupid" : 0,
      "job_start" : 1764801885263,
      "error" : 0,
      "eta" : 0,
      "elapsed" : 181,
      "job options" : {
        "rw" : "randread",
        "random_distribution" : "random",
        "numjobs" : "122"
      },
      "read" : {
        "io_bytes" : 20532024336384,
        "io_kbytes" : 20050805016,
        "bw_bytes" : 114064900787,
        "bw" : 111391504,
        "iops" : 27847876.168731,
        "runtime" : 180003,
        "total_ios" : 5012701254,
        "short_ios" : 0,
        "drop_ios" : 0,
        "slat_ns" : {
          "min" : 0,
          "max" : 0,
          "mean" : 0.000000,
          "stddev" : 0.000000,
          "N" : 0
        },
        "clat_ns" : {
          "min" : 72,
          "max" : 172062159,
          "mean" : 3621.916863,
          "stddev" : 15337.061670,
          "N" : 5012701254,
          "percentile" : {
            "1.000000" : 1512,
            "5.000000" : 1960,
            "10.000000" : 2192,
            "20.000000" : 2544,
            "30.000000" : 2800,
            "40.000000" : 3056,
            "50.000000" : 3344,
            "60.000000" : 3632,
            "70.000000" : 3952,
            "80.000000" : 4384,
            "90.000000" : 4960,
            "95.000000" : 5536,
            "99.000000" : 7392,
            "99.500000" : 11072,
            "99.900000" : 19584,
            "99.950000" : 21888,
            "99.990000" : 33024
          }
        },
        "lat_ns" : {
          "min" : 93,
          "max" : 172062192,
          "mean" : 3741.017454,
          "stddev" : 15435.048743,
          "N" : 5012701254
        },
        "bw_min" : 291006,
        "bw_max" : 128775789,
        "bw_agg" : 100.000000,
        "bw_mean" : 111488362.639665,
        "bw_dev" : 126406.377427,
        "bw_samples" : 43676,
        "iops_min" : 72728,
        "iops_max" : 32193891,
        "iops_mean" : 27872055.891061,
        "iops_stddev" : 31601.567933,
        "iops_samples" : 43676
      },
      "write" : {
        "io_bytes" : 961155858432,
        "io_kbytes" : 938628768,
        "bw_bytes" : 5339665774,
        "bw" : 5214517,
        "iops" : 1303629.339511,
        "runtime" : 180003,
        "total_ios" : 234657192,
        "short_ios" : 0,
        "drop_ios" : 0,
        "slat_ns" : {
          "min" : 0,
          "max" : 0,
          "mean" : 0.000000,
          "stddev" : 0.000000,
          "N" : 0
        },
        "clat_ns" : {
          "min" : 79,
          "max" : 40415336,
          "mean" : 3959.107090,
          "stddev" : 25725.665952,
          "N" : 234657192,
          "percentile" : {
            "1.000000" : 1544,
            "5.000000" : 1960,
            "10.000000" : 2224,
            "20.000000" : 2576,
            "30.000000" : 2832,
            "40.000000" : 3088,
            "50.000000" : 3344,
            "60.000000" : 3632,
            "70.000000" : 3952,
            "80.000000" : 4320,
            "90.000000" : 4896,
            "95.000000" : 5472,
            "99.000000" : 10560,
            "99.500000" : 18048,
            "99.900000" : 46336,
            "99.950000" : 228352,
            "99.990000" : 346112
          }
        },
        "lat_ns" : {
          "min" : 111,
          "max" : 40415379,
          "mean" : 4043.266910,
          "stddev" : 25896.056165,
          "N" : 234657192
        },
        "bw_min" : 16252,
        "bw_max" : 6870604,
        "bw_agg" : 100.000000,
        "bw_mean" : 5219132.715084,
        "bw_dev" : 160475.717500,
        "bw_samples" : 2148,
        "iops_min" : 4063,
        "iops_max" : 1717649,
        "iops_mean" : 1304781.689944,
        "iops_stddev" : 40118.903684,
        "iops_samples" : 2148
      },
      "trim" : {
        "io_bytes" : 0,
        "io_kbytes" : 0,
        "bw_bytes" : 0,
        "bw" : 0,
        "iops" : 0.000000,
        "runtime" : 0,
        "total_ios" : 0,
        "short_ios" : 0,
        "drop_ios" : 0,
        "slat_ns" : {
          "min" : 0,
          "max" : 0,
          "mean" : 0.000000,
          "stddev" : 0.000000,
          "N" : 0
        },
        "clat_ns" : {
          "min" : 0,
          "max" : 0,
          "mean" : 0.000000,
          "stddev" : 0.000000,
          "N" : 0
        },
        "lat_ns" : {
          "min" : 0,
          "max" : 0,
          "mean" : 0.000000,
          "stddev" : 0.000000,
          "N" : 0
        },
        "bw_min" : 0,
        "bw_max" : 0,
        "bw_agg" : 0.000000,
        "bw_mean" : 0.000000,
        "bw_dev" : 0.000000,
        "bw_samples" : 0,
        "iops_min" : 0,
        "iops_max" : 0,
        "iops_mean" : 0.000000,
        "iops_stddev" : 0.000000,
        "iops_samples" : 0
      },
      "sync" : {
        "total_ios" : 0,
        "lat_ns" : {
          "min" : 0,
          "max" : 0,
          "mean" : 0.000000,
          "stddev" : 0.000000,
          "N" : 0
        }
      },
      "job_runtime" : 23040024,
      "usr_cpu" : 97.543223,
      "sys_cpu" : 0.299422,
      "ctx" : 326575,
      "majf" : 196619,
      "minf" : 1044669,
      "iodepth_level" : {
        "1" : 100.000000,
        "2" : 0.000000,
        "4" : 0.000000,
        "8" : 0.000000,
        "16" : 0.000000,
        "32" : 0.000000,
        ">=64" : 0.000000
      },
      "iodepth_submit" : {
        "0" : 0.000000,
        "4" : 100.000000,
        "8" : 0.000000,
        "16" : 0.000000,
        "32" : 0.000000,
        "64" : 0.000000,
        ">=64" : 0.000000
      },
      "iodepth_complete" : {
        "0" : 0.000000,
        "4" : 100.000000,
        "8" : 0.000000,
        "16" : 0.000000,
        "32" : 0.000000,
        "64" : 0.000000,
        ">=64" : 0.000000
      },
      "latency_ns" : {
        "2" : 0.000000,
        "4" : 0.000000,
        "10" : 0.000000,
        "20" : 0.000000,
        "50" : 0.000000,
        "100" : 0.010000,
        "250" : 0.039941,
        "500" : 0.024980,
        "750" : 0.037541,
        "1000" : 0.072667
      },
      "latency_us" : {
        "2" : 5.586495,
        "4" : 65.694273,
        "10" : 27.932836,
        "20" : 0.510584,
        "50" : 0.090850,
        "100" : 0.010000,
        "250" : 0.010000,
        "500" : 0.010000,
        "750" : 0.010000,
        "1000" : 0.010000
      },
      "latency_ms" : {
        "2" : 0.010000,
        "4" : 0.010000,
        "10" : 0.010000,
        "20" : 0.010000,
        "50" : 0.010000,
        "100" : 0.010000,
        "250" : 0.010000,
        "500" : 0.000000,
        "750" : 0.000000,
        "1000" : 0.000000,
        "2000" : 0.000000,
        ">=2000" : 0.000000
      },
      "latency_depth" : 1,
      "latency_target" : 0,
      "latency_percentile" : 100.000000,
      "latency_window" : 0
    }
  ],
  "disk_util" : [
    {
      "name" : "sda",
      "read_ios" : 196707,
      "write_ios" : 13671,
      "read_sectors" : 1577592,
      "write_sectors" : 6656104,
      "read_merges" : 439,
      "write_merges" : 142,
      "read_ticks" : 335202,
      "write_ticks" : 34994548,
      "in_queue" : 35329759,
      "util" : 5.938126
    }
  ]
}
