{
  "fio version" : "fio-3.40",
  "timestamp" : 1764795695,
  "timestamp_ms" : 1764795695022,
  "time" : "Wed Dec  3 22:01:35 2025",
  "global options" : {
    "group_reporting" : "",
    "ioengine" : "mmap",
    "size" : "768m",
    "thread" : "1",
    "directory" : "/tmp",
    "time_based" : "",
    "runtime" : "180",
    "norandommap" : "1",
    "filename" : "/tmp/fio_readwrite",
    "share_mmap" : "1",
    "repl" : "1"
  },
  "jobs" : [
    {
      "jobname" : "writers",
      "groupid" : 0,
      "job_start" : 1764795514728,
      "error" : 0,
      "eta" : 0,
      "elapsed" : 181,
      "job options" : {
        "rw" : "randread",
        "random_distribution" : "random",
        "numjobs" : "115"
      },
      "read" : {
        "io_bytes" : 23384038617088,
        "io_kbytes" : 22835975212,
        "bw_bytes" : 129908438796,
        "bw" : 126863709,
        "iops" : 31715927.440501,
        "runtime" : 180004,
        "total_ios" : 5708993803,
        "short_ios" : 0,
        "drop_ios" : 0,
        "slat_ns" : {
          "min" : 0,
          "max" : 0,
          "mean" : 0.000000,
          "stddev" : 0.000000,
          "N" : 0
        },
        "clat_ns" : {
          "min" : 87,
          "max" : 160041854,
          "mean" : 2856.368678,
          "stddev" : 19751.226209,
          "N" : 5708993803,
          "percentile" : {
            "1.000000" : 516,
            "5.000000" : 604,
            "10.000000" : 692,
            "20.000000" : 916,
            "30.000000" : 1336,
            "40.000000" : 2096,
            "50.000000" : 2544,
            "60.000000" : 2896,
            "70.000000" : 3216,
            "80.000000" : 3600,
            "90.000000" : 4128,
            "95.000000" : 4640,
            "99.000000" : 6816,
            "99.500000" : 9280,
            "99.900000" : 197632,
            "99.950000" : 228352,
            "99.990000" : 366592
          }
        },
        "lat_ns" : {
          "min" : 112,
          "max" : 160041888,
          "mean" : 2968.085804,
          "stddev" : 19806.658880,
          "N" : 5708993803
        },
        "bw_min" : 211576,
        "bw_max" : 211876669,
        "bw_agg" : 100.000000,
        "bw_mean" : 128858645.960227,
        "bw_dev" : 372239.938008,
        "bw_samples" : 40480,
        "iops_min" : 52894,
        "iops_max" : 52969135,
        "iops_mean" : 32214620.443182,
        "iops_stddev" : 93060.001572,
        "iops_samples" : 40480
      },
      "write" : {
        "io_bytes" : 1714487042048,
        "io_kbytes" : 1674303752,
        "bw_bytes" : 9524769265,
        "bw" : 9301532,
        "iops" : 2325383.121392,
        "runtime" : 180003,
        "total_ios" : 418575938,
        "short_ios" : 0,
        "drop_ios" : 0,
        "slat_ns" : {
          "min" : 0,
          "max" : 0,
          "mean" : 0.000000,
          "stddev" : 0.000000,
          "N" : 0
        },
        "clat_ns" : {
          "min" : 88,
          "max" : 50220764,
          "mean" : 4835.017685,
          "stddev" : 30082.071822,
          "N" : 418575938,
          "percentile" : {
            "1.000000" : 1480,
            "5.000000" : 1896,
            "10.000000" : 2128,
            "20.000000" : 2448,
            "30.000000" : 2704,
            "40.000000" : 2896,
            "50.000000" : 3120,
            "60.000000" : 3344,
            "70.000000" : 3568,
            "80.000000" : 3856,
            "90.000000" : 4256,
            "95.000000" : 4704,
            "99.000000" : 9024,
            "99.500000" : 193536,
            "99.900000" : 264192,
            "99.950000" : 354304,
            "99.990000" : 929792
          }
        },
        "lat_ns" : {
          "min" : 125,
          "max" : 50220829,
          "mean" : 4937.124886,
          "stddev" : 30128.538119,
          "N" : 418575938
        },
        "bw_min" : 23160,
        "bw_max" : 13545355,
        "bw_agg" : 100.000000,
        "bw_mean" : 9420458.321023,
        "bw_dev" : 453193.393128,
        "bw_samples" : 4576,
        "iops_min" : 5790,
        "iops_max" : 3386336,
        "iops_mean" : 2355110.454545,
        "iops_stddev" : 113298.303312,
        "iops_samples" : 4576
      },
      "trim" : {
        "io_bytes" : 0,
        "io_kbytes" : 0,
        "bw_bytes" : 0,
        "bw" : 0,
        "iops" : 0.000000,
        "runtime" : 0,
        "total_ios" : 0,
        "short_ios" : 0,
        "drop_ios" : 0,
        "slat_ns" : {
          "min" : 0,
          "max" : 0,
          "mean" : 0.000000,
          "stddev" : 0.000000,
          "N" : 0
        },
        "clat_ns" : {
          "min" : 0,
          "max" : 0,
          "mean" : 0.000000,
          "stddev" : 0.000000,
          "N" : 0
        },
        "lat_ns" : {
          "min" : 0,
          "max" : 0,
          "mean" : 0.000000,
          "stddev" : 0.000000,
          "N" : 0
        },
        "bw_min" : 0,
        "bw_max" : 0,
        "bw_agg" : 0.000000,
        "bw_mean" : 0.000000,
        "bw_dev" : 0.000000,
        "bw_samples" : 0,
        "iops_min" : 0,
        "iops_max" : 0,
        "iops_mean" : 0.000000,
        "iops_stddev" : 0.000000,
        "iops_samples" : 0
      },
      "sync" : {
        "total_ios" : 0,
        "lat_ns" : {
          "min" : 0,
          "max" : 0,
          "mean" : 0.000000,
          "stddev" : 0.000000,
          "N" : 0
        }
      },
      "job_runtime" : 23040074,
      "usr_cpu" : 86.178938,
      "sys_cpu" : 10.380223,
      "ctx" : 903144,
      "majf" : 195853,
      "minf" : 10667634,
      "iodepth_level" : {
        "1" : 100.000000,
        "2" : 0.000000,
        "4" : 0.000000,
        "8" : 0.000000,
        "16" : 0.000000,
        "32" : 0.000000,
        ">=64" : 0.000000
      },
      "iodepth_submit" : {
        "0" : 0.000000,
        "4" : 100.000000,
        "8" : 0.000000,
        "16" : 0.000000,
        "32" : 0.000000,
        "64" : 0.000000,
        ">=64" : 0.000000
      },
      "iodepth_complete" : {
        "0" : 0.000000,
        "4" : 100.000000,
        "8" : 0.000000,
        "16" : 0.000000,
        "32" : 0.000000,
        "64" : 0.000000,
        ">=64" : 0.000000
      },
      "latency_ns" : {
        "2" : 0.000000,
        "4" : 0.000000,
        "10" : 0.000000,
        "20" : 0.000000,
        "50" : 0.000000,
        "100" : 0.010000,
        "250" : 0.043868,
        "500" : 0.529275,
        "750" : 11.316589,
        "1000" : 9.706722
      },
      "latency_us" : {
        "2" : 14.758466,
        "4" : 51.384392,
        "10" : 11.797862,
        "20" : 0.235689,
        "50" : 0.055846,
        "100" : 0.010000,
        "250" : 0.133037,
        "500" : 0.029846,
        "750" : 0.010000,
        "1000" : 0.010000
      },
      "latency_ms" : {
        "2" : 0.010000,
        "4" : 0.010000,
        "10" : 0.010000,
        "20" : 0.010000,
        "50" : 0.010000,
        "100" : 0.010000,
        "250" : 0.010000,
        "500" : 0.000000,
        "750" : 0.000000,
        "1000" : 0.000000,
        "2000" : 0.000000,
        ">=2000" : 0.000000
      },
      "latency_depth" : 1,
      "latency_target" : 0,
      "latency_percentile" : 100.000000,
      "latency_window" : 0
    }
  ],
  "disk_util" : [
    {
      "name" : "sda",
      "read_ios" : 195708,
      "write_ios" : 152278,
      "read_sectors" : 1567432,
      "write_sectors" : 4915792,
      "read_merges" : 221,
      "write_merges" : 8622,
      "read_ticks" : 410710,
      "write_ticks" : 9602055,
      "in_queue" : 10012775,
      "util" : 7.188483
    }
  ]
}
