{
  "fio version" : "fio-3.40",
  "timestamp" : 1764798957,
  "timestamp_ms" : 1764798957851,
  "time" : "Wed Dec  3 22:55:57 2025",
  "global options" : {
    "group_reporting" : "",
    "ioengine" : "mmap",
    "size" : "768m",
    "thread" : "1",
    "directory" : "/tmp",
    "time_based" : "",
    "runtime" : "180",
    "norandommap" : "1",
    "filename" : "/tmp/fio_readwrite",
    "share_mmap" : "1",
    "repl" : "1"
  },
  "jobs" : [
    {
      "jobname" : "writers",
      "groupid" : 0,
      "job_start" : 1764798777672,
      "error" : 0,
      "eta" : 0,
      "elapsed" : 181,
      "job options" : {
        "rw" : "randread",
        "random_distribution" : "random",
        "numjobs" : "13"
      },
      "read" : {
        "io_bytes" : 1248357978112,
        "io_kbytes" : 1219099588,
        "bw_bytes" : 6935206513,
        "bw" : 6772662,
        "iops" : 1693165.652795,
        "runtime" : 180003,
        "total_ios" : 304774897,
        "short_ios" : 0,
        "drop_ios" : 0,
        "slat_ns" : {
          "min" : 0,
          "max" : 0,
          "mean" : 0.000000,
          "stddev" : 0.000000,
          "N" : 0
        },
        "clat_ns" : {
          "min" : 87,
          "max" : 8087805,
          "mean" : 5233.285926,
          "stddev" : 15553.223379,
          "N" : 304774897,
          "percentile" : {
            "1.000000" : 1368,
            "5.000000" : 2192,
            "10.000000" : 2640,
            "20.000000" : 3248,
            "30.000000" : 3728,
            "40.000000" : 4128,
            "50.000000" : 4576,
            "60.000000" : 5024,
            "70.000000" : 5472,
            "80.000000" : 6112,
            "90.000000" : 7072,
            "95.000000" : 8032,
            "99.000000" : 13120,
            "99.500000" : 17792,
            "99.900000" : 205824,
            "99.950000" : 268288,
            "99.990000" : 593920
          }
        },
        "lat_ns" : {
          "min" : 112,
          "max" : 8087853,
          "mean" : 5488.227411,
          "stddev" : 15698.692054,
          "N" : 304774897
        },
        "bw_min" : 86943,
        "bw_max" : 9147668,
        "bw_agg" : 100.000000,
        "bw_mean" : 7363355.349788,
        "bw_dev" : 141082.339296,
        "bw_samples" : 4268,
        "iops_min" : 21734,
        "iops_max" : 2286911,
        "iops_mean" : 1840833.574211,
        "iops_stddev" : 35270.532867,
        "iops_samples" : 4268
      },
      "write" : {
        "io_bytes" : 12514546376704,
        "io_kbytes" : 12221236696,
        "bw_bytes" : 69523712676,
        "bw" : 67894250,
        "iops" : 16973562.665274,
        "runtime" : 180004,
        "total_ios" : 3055309174,
        "short_ios" : 0,
        "drop_ios" : 0,
        "slat_ns" : {
          "min" : 0,
          "max" : 0,
          "mean" : 0.000000,
          "stddev" : 0.000000,
          "N" : 0
        },
        "clat_ns" : {
          "min" : 78,
          "max" : 92446507,
          "mean" : 4505.582677,
          "stddev" : 18318.340673,
          "N" : 3055309174,
          "percentile" : {
            "1.000000" : 1400,
            "5.000000" : 2024,
            "10.000000" : 2352,
            "20.000000" : 2768,
            "30.000000" : 3120,
            "40.000000" : 3440,
            "50.000000" : 3792,
            "60.000000" : 4128,
            "70.000000" : 4576,
            "80.000000" : 5088,
            "90.000000" : 5984,
            "95.000000" : 6816,
            "99.000000" : 11584,
            "99.500000" : 14656,
            "99.900000" : 30080,
            "99.950000" : 436224,
            "99.990000" : 749568
          }
        },
        "lat_ns" : {
          "min" : 111,
          "max" : 92446568,
          "mean" : 4743.723746,
          "stddev" : 18454.248311,
          "N" : 3055309174
        },
        "bw_min" : 542787,
        "bw_max" : 87231860,
        "bw_agg" : 100.000000,
        "bw_mean" : 73517432.486245,
        "bw_dev" : 164044.599453,
        "bw_samples" : 37921,
        "iops_min" : 135676,
        "iops_max" : 21807931,
        "iops_mean" : 18379319.576218,
        "iops_stddev" : 41011.127580,
        "iops_samples" : 37921
      },
      "trim" : {
        "io_bytes" : 0,
        "io_kbytes" : 0,
        "bw_bytes" : 0,
        "bw" : 0,
        "iops" : 0.000000,
        "runtime" : 0,
        "total_ios" : 0,
        "short_ios" : 0,
        "drop_ios" : 0,
        "slat_ns" : {
          "min" : 0,
          "max" : 0,
          "mean" : 0.000000,
          "stddev" : 0.000000,
          "N" : 0
        },
        "clat_ns" : {
          "min" : 0,
          "max" : 0,
          "mean" : 0.000000,
          "stddev" : 0.000000,
          "N" : 0
        },
        "lat_ns" : {
          "min" : 0,
          "max" : 0,
          "mean" : 0.000000,
          "stddev" : 0.000000,
          "N" : 0
        },
        "bw_min" : 0,
        "bw_max" : 0,
        "bw_agg" : 0.000000,
        "bw_mean" : 0.000000,
        "bw_dev" : 0.000000,
        "bw_samples" : 0,
        "iops_min" : 0,
        "iops_max" : 0,
        "iops_mean" : 0.000000,
        "iops_stddev" : 0.000000,
        "iops_samples" : 0
      },
      "sync" : {
        "total_ios" : 0,
        "lat_ns" : {
          "min" : 0,
          "max" : 0,
          "mean" : 0.000000,
          "stddev" : 0.000000,
          "N" : 0
        }
      },
      "job_runtime" : 23040064,
      "usr_cpu" : 85.755239,
      "sys_cpu" : 13.590210,
      "ctx" : 326985,
      "majf" : 90974,
      "minf" : 3155436,
      "iodepth_level" : {
        "1" : 100.000000,
        "2" : 0.000000,
        "4" : 0.000000,
        "8" : 0.000000,
        "16" : 0.000000,
        "32" : 0.000000,
        ">=64" : 0.000000
      },
      "iodepth_submit" : {
        "0" : 0.000000,
        "4" : 100.000000,
        "8" : 0.000000,
        "16" : 0.000000,
        "32" : 0.000000,
        "64" : 0.000000,
        ">=64" : 0.000000
      },
      "iodepth_complete" : {
        "0" : 0.000000,
        "4" : 100.000000,
        "8" : 0.000000,
        "16" : 0.000000,
        "32" : 0.000000,
        "64" : 0.000000,
        ">=64" : 0.000000
      },
      "latency_ns" : {
        "2" : 0.000000,
        "4" : 0.000000,
        "10" : 0.000000,
        "20" : 0.000000,
        "50" : 0.000000,
        "100" : 0.010000,
        "250" : 0.028693,
        "500" : 0.016600,
        "750" : 0.069820,
        "1000" : 0.192422
      },
      "latency_us" : {
        "2" : 4.248128,
        "4" : 49.827018,
        "10" : 44.243300,
        "20" : 1.105893,
        "50" : 0.176457,
        "100" : 0.010000,
        "250" : 0.018928,
        "500" : 0.042115,
        "750" : 0.019346,
        "1000" : 0.010000
      },
      "latency_ms" : {
        "2" : 0.010000,
        "4" : 0.010000,
        "10" : 0.010000,
        "20" : 0.000000,
        "50" : 0.010000,
        "100" : 0.010000,
        "250" : 0.000000,
        "500" : 0.000000,
        "750" : 0.000000,
        "1000" : 0.000000,
        "2000" : 0.000000,
        ">=2000" : 0.000000
      },
      "latency_depth" : 1,
      "latency_target" : 0,
      "latency_percentile" : 100.000000,
      "latency_window" : 0
    }
  ],
  "disk_util" : [
    {
      "name" : "sda",
      "read_ios" : 91040,
      "write_ios" : 3240,
      "read_sectors" : 730704,
      "write_sectors" : 1576088,
      "read_merges" : 237,
      "write_merges" : 145,
      "read_ticks" : 12287,
      "write_ticks" : 23582765,
      "in_queue" : 23595062,
      "util" : 3.021447
    }
  ]
}
