{
  "fio version" : "fio-3.40",
  "timestamp" : 1769903608,
  "timestamp_ms" : 1769903608786,
  "time" : "Sun Feb  1 00:53:28 2026",
  "global options" : {
    "group_reporting" : "",
    "ioengine" : "mmap",
    "size" : "768m",
    "thread" : "1",
    "directory" : "/tmp",
    "time_based" : "",
    "runtime" : "180",
    "norandommap" : "1",
    "filename" : "/tmp/fio_readwrite",
    "share_mmap" : "1",
    "repl" : "1"
  },
  "jobs" : [
    {
      "jobname" : "writers",
      "groupid" : 0,
      "job_start" : 1769903428571,
      "error" : 0,
      "eta" : 0,
      "elapsed" : 181,
      "job options" : {
        "rw" : "randread",
        "random_distribution" : "random",
        "numjobs" : "77"
      },
      "read" : {
        "io_bytes" : 728122732544,
        "io_kbytes" : 711057356,
        "bw_bytes" : 4045058874,
        "bw" : 3950252,
        "iops" : 987563.201724,
        "runtime" : 180003,
        "total_ios" : 177764339,
        "short_ios" : 0,
        "drop_ios" : 0,
        "slat_ns" : {
          "min" : 0,
          "max" : 0,
          "mean" : 0.000000,
          "stddev" : 0.000000,
          "N" : 0
        },
        "clat_ns" : {
          "min" : 93,
          "max" : 92404900,
          "mean" : 73518.387301,
          "stddev" : 145729.561931,
          "N" : 177764339,
          "percentile" : {
            "1.000000" : 414,
            "5.000000" : 482,
            "10.000000" : 532,
            "20.000000" : 604,
            "30.000000" : 692,
            "40.000000" : 804,
            "50.000000" : 908,
            "60.000000" : 1080,
            "70.000000" : 1496,
            "80.000000" : 216064,
            "90.000000" : 252928,
            "95.000000" : 321536,
            "99.000000" : 569344,
            "99.500000" : 667648,
            "99.900000" : 929792,
            "99.950000" : 1073152,
            "99.990000" : 4177920
          }
        },
        "lat_ns" : {
          "min" : 120,
          "max" : 92404954,
          "mean" : 73582.472969,
          "stddev" : 145737.168490,
          "N" : 177764339
        },
        "bw_min" : 982776,
        "bw_max" : 17633449,
        "bw_agg" : 100.000000,
        "bw_mean" : 4129831.735891,
        "bw_dev" : 70347.928444,
        "bw_samples" : 26278,
        "iops_min" : 245692,
        "iops_max" : 4408350,
        "iops_mean" : 1032443.281230,
        "iops_stddev" : 17586.995923,
        "iops_samples" : 26278
      },
      "write" : {
        "io_bytes" : 108254068736,
        "io_kbytes" : 105716864,
        "bw_bytes" : 601401469,
        "bw" : 587306,
        "iops" : 146826.530669,
        "runtime" : 180003,
        "total_ios" : 26429216,
        "short_ios" : 0,
        "drop_ios" : 0,
        "slat_ns" : {
          "min" : 0,
          "max" : 0,
          "mean" : 0.000000,
          "stddev" : 0.000000,
          "N" : 0
        },
        "clat_ns" : {
          "min" : 107,
          "max" : 200513197,
          "mean" : 329425.073201,
          "stddev" : 202159.899562,
          "N" : 26429216,
          "percentile" : {
            "1.000000" : 612,
            "5.000000" : 23936,
            "10.000000" : 193536,
            "20.000000" : 214016,
            "30.000000" : 226304,
            "40.000000" : 238592,
            "50.000000" : 261120,
            "60.000000" : 342016,
            "70.000000" : 428032,
            "80.000000" : 460800,
            "90.000000" : 528384,
            "95.000000" : 634880,
            "99.000000" : 880640,
            "99.500000" : 987136,
            "99.900000" : 1400832,
            "99.950000" : 2408448,
            "99.990000" : 4554752
          }
        },
        "lat_ns" : {
          "min" : 145,
          "max" : 200513294,
          "mean" : 329551.467088,
          "stddev" : 202177.672197,
          "N" : 26429216
        },
        "bw_min" : 297860,
        "bw_max" : 1113637,
        "bw_agg" : 100.000000,
        "bw_mean" : 616945.698592,
        "bw_dev" : 2600.222998,
        "bw_samples" : 17417,
        "iops_min" : 74463,
        "iops_max" : 278402,
        "iops_mean" : 154227.994770,
        "iops_stddev" : 650.066374,
        "iops_samples" : 17417
      },
      "trim" : {
        "io_bytes" : 0,
        "io_kbytes" : 0,
        "bw_bytes" : 0,
        "bw" : 0,
        "iops" : 0.000000,
        "runtime" : 0,
        "total_ios" : 0,
        "short_ios" : 0,
        "drop_ios" : 0,
        "slat_ns" : {
          "min" : 0,
          "max" : 0,
          "mean" : 0.000000,
          "stddev" : 0.000000,
          "N" : 0
        },
        "clat_ns" : {
          "min" : 0,
          "max" : 0,
          "mean" : 0.000000,
          "stddev" : 0.000000,
          "N" : 0
        },
        "lat_ns" : {
          "min" : 0,
          "max" : 0,
          "mean" : 0.000000,
          "stddev" : 0.000000,
          "N" : 0
        },
        "bw_min" : 0,
        "bw_max" : 0,
        "bw_agg" : 0.000000,
        "bw_mean" : 0.000000,
        "bw_dev" : 0.000000,
        "bw_samples" : 0,
        "iops_min" : 0,
        "iops_max" : 0,
        "iops_mean" : 0.000000,
        "iops_stddev" : 0.000000,
        "iops_samples" : 0
      },
      "sync" : {
        "total_ios" : 0,
        "lat_ns" : {
          "min" : 0,
          "max" : 0,
          "mean" : 0.000000,
          "stddev" : 0.000000,
          "N" : 0
        }
      },
      "job_runtime" : 23040030,
      "usr_cpu" : 1.874012,
      "sys_cpu" : 94.003931,
      "ctx" : 4395184,
      "majf" : 196636,
      "minf" : 71274376,
      "iodepth_level" : {
        "1" : 100.000000,
        "2" : 0.000000,
        "4" : 0.000000,
        "8" : 0.000000,
        "16" : 0.000000,
        "32" : 0.000000,
        ">=64" : 0.000000
      },
      "iodepth_submit" : {
        "0" : 0.000000,
        "4" : 100.000000,
        "8" : 0.000000,
        "16" : 0.000000,
        "32" : 0.000000,
        "64" : 0.000000,
        ">=64" : 0.000000
      },
      "iodepth_complete" : {
        "0" : 0.000000,
        "4" : 100.000000,
        "8" : 0.000000,
        "16" : 0.000000,
        "32" : 0.000000,
        "64" : 0.000000,
        ">=64" : 0.000000
      },
      "latency_ns" : {
        "2" : 0.000000,
        "4" : 0.000000,
        "10" : 0.000000,
        "20" : 0.000000,
        "50" : 0.000000,
        "100" : 0.010000,
        "250" : 0.041455,
        "500" : 5.613516,
        "750" : 25.170190,
        "1000" : 18.539347
      },
      "latency_us" : {
        "2" : 12.838166,
        "4" : 1.035248,
        "10" : 1.676988,
        "20" : 0.111171,
        "50" : 0.069898,
        "100" : 0.318435,
        "250" : 18.468622,
        "500" : 13.142508,
        "750" : 2.432371,
        "1000" : 0.421676
      },
      "latency_ms" : {
        "2" : 0.099641,
        "4" : 0.010000,
        "10" : 0.015712,
        "20" : 0.010000,
        "50" : 0.010000,
        "100" : 0.010000,
        "250" : 0.010000,
        "500" : 0.000000,
        "750" : 0.000000,
        "1000" : 0.000000,
        "2000" : 0.000000,
        ">=2000" : 0.000000
      },
      "latency_depth" : 1,
      "latency_target" : 0,
      "latency_percentile" : 100.000000,
      "latency_window" : 0
    }
  ],
  "disk_util" : [
    {
      "name" : "sda",
      "read_ios" : 196602,
      "write_ios" : 70744,
      "read_sectors" : 1573880,
      "write_sectors" : 11476872,
      "read_merges" : 133,
      "write_merges" : 699,
      "read_ticks" : 163752,
      "write_ticks" : 74363549,
      "in_queue" : 74527308,
      "util" : 10.137064
    }
  ]
}
