{
  "fio version" : "fio-3.40",
  "timestamp" : 1770005321,
  "timestamp_ms" : 1770005321640,
  "time" : "Mon Feb  2 05:08:41 2026",
  "global options" : {
    "group_reporting" : "",
    "ioengine" : "mmap",
    "size" : "768m",
    "thread" : "1",
    "directory" : "/tmp",
    "time_based" : "",
    "runtime" : "180",
    "norandommap" : "1",
    "filename" : "/tmp/fio_readwrite",
    "share_mmap" : "1",
    "repl" : "1"
  },
  "jobs" : [
    {
      "jobname" : "writers",
      "groupid" : 0,
      "job_start" : 1770005141392,
      "error" : 0,
      "eta" : 0,
      "elapsed" : 181,
      "job options" : {
        "rw" : "randread",
        "random_distribution" : "random",
        "numjobs" : "90"
      },
      "read" : {
        "io_bytes" : 14469721837568,
        "io_kbytes" : 14130587732,
        "bw_bytes" : 80384664053,
        "bw" : 78500648,
        "iops" : 19625162.122374,
        "runtime" : 180006,
        "total_ios" : 3532646933,
        "short_ios" : 0,
        "drop_ios" : 0,
        "slat_ns" : {
          "min" : 0,
          "max" : 0,
          "mean" : 0.000000,
          "stddev" : 0.000000,
          "N" : 0
        },
        "clat_ns" : {
          "min" : 80,
          "max" : 44047788,
          "mean" : 3625.396753,
          "stddev" : 16453.376453,
          "N" : 3532646933,
          "percentile" : {
            "1.000000" : 1432,
            "5.000000" : 1928,
            "10.000000" : 2192,
            "20.000000" : 2576,
            "30.000000" : 2864,
            "40.000000" : 3120,
            "50.000000" : 3376,
            "60.000000" : 3632,
            "70.000000" : 3952,
            "80.000000" : 4320,
            "90.000000" : 4896,
            "95.000000" : 5472,
            "99.000000" : 7072,
            "99.500000" : 8256,
            "99.900000" : 16768,
            "99.950000" : 20096,
            "99.990000" : 29056
          }
        },
        "lat_ns" : {
          "min" : 103,
          "max" : 44047820,
          "mean" : 3765.113698,
          "stddev" : 16571.977342,
          "N" : 3532646933
        },
        "bw_min" : 110904,
        "bw_max" : 90966715,
        "bw_agg" : 100.000000,
        "bw_mean" : 79232632.363380,
        "bw_dev" : 130165.135006,
        "bw_samples" : 31950,
        "iops_min" : 27726,
        "iops_max" : 22741650,
        "iops_mean" : 19808128.923944,
        "iops_stddev" : 32541.264206,
        "iops_samples" : 31950
      },
      "write" : {
        "io_bytes" : 5908854112256,
        "io_kbytes" : 5770365344,
        "bw_bytes" : 32826055455,
        "bw" : 32056694,
        "iops" : 8014173.695175,
        "runtime" : 180005,
        "total_ios" : 1442591336,
        "short_ios" : 0,
        "drop_ios" : 0,
        "slat_ns" : {
          "min" : 0,
          "max" : 0,
          "mean" : 0.000000,
          "stddev" : 0.000000,
          "N" : 0
        },
        "clat_ns" : {
          "min" : 87,
          "max" : 17099115,
          "mean" : 3756.912491,
          "stddev" : 17608.224732,
          "N" : 1442591336,
          "percentile" : {
            "1.000000" : 1480,
            "5.000000" : 1960,
            "10.000000" : 2224,
            "20.000000" : 2608,
            "30.000000" : 2896,
            "40.000000" : 3152,
            "50.000000" : 3408,
            "60.000000" : 3664,
            "70.000000" : 3984,
            "80.000000" : 4320,
            "90.000000" : 4896,
            "95.000000" : 5408,
            "99.000000" : 7072,
            "99.500000" : 8768,
            "99.900000" : 20352,
            "99.950000" : 48896,
            "99.990000" : 342016
          }
        },
        "lat_ns" : {
          "min" : 119,
          "max" : 17099147,
          "mean" : 3892.892486,
          "stddev" : 17707.618504,
          "N" : 1442591336
        },
        "bw_min" : 44592,
        "bw_max" : 37993036,
        "bw_agg" : 100.000000,
        "bw_mean" : 32356429.360563,
        "bw_dev" : 131982.701208,
        "bw_samples" : 13490,
        "iops_min" : 11148,
        "iops_max" : 9498242,
        "iops_mean" : 8089096.084507,
        "iops_stddev" : 32995.666501,
        "iops_samples" : 13490
      },
      "trim" : {
        "io_bytes" : 0,
        "io_kbytes" : 0,
        "bw_bytes" : 0,
        "bw" : 0,
        "iops" : 0.000000,
        "runtime" : 0,
        "total_ios" : 0,
        "short_ios" : 0,
        "drop_ios" : 0,
        "slat_ns" : {
          "min" : 0,
          "max" : 0,
          "mean" : 0.000000,
          "stddev" : 0.000000,
          "N" : 0
        },
        "clat_ns" : {
          "min" : 0,
          "max" : 0,
          "mean" : 0.000000,
          "stddev" : 0.000000,
          "N" : 0
        },
        "lat_ns" : {
          "min" : 0,
          "max" : 0,
          "mean" : 0.000000,
          "stddev" : 0.000000,
          "N" : 0
        },
        "bw_min" : 0,
        "bw_max" : 0,
        "bw_agg" : 0.000000,
        "bw_mean" : 0.000000,
        "bw_dev" : 0.000000,
        "bw_samples" : 0,
        "iops_min" : 0,
        "iops_max" : 0,
        "iops_mean" : 0.000000,
        "iops_stddev" : 0.000000,
        "iops_samples" : 0
      },
      "sync" : {
        "total_ios" : 0,
        "lat_ns" : {
          "min" : 0,
          "max" : 0,
          "mean" : 0.000000,
          "stddev" : 0.000000,
          "N" : 0
        }
      },
      "job_runtime" : 23040105,
      "usr_cpu" : 96.054041,
      "sys_cpu" : 0.778356,
      "ctx" : 713207,
      "majf" : 196640,
      "minf" : 905965,
      "iodepth_level" : {
        "1" : 100.000000,
        "2" : 0.000000,
        "4" : 0.000000,
        "8" : 0.000000,
        "16" : 0.000000,
        "32" : 0.000000,
        ">=64" : 0.000000
      },
      "iodepth_submit" : {
        "0" : 0.000000,
        "4" : 100.000000,
        "8" : 0.000000,
        "16" : 0.000000,
        "32" : 0.000000,
        "64" : 0.000000,
        ">=64" : 0.000000
      },
      "iodepth_complete" : {
        "0" : 0.000000,
        "4" : 100.000000,
        "8" : 0.000000,
        "16" : 0.000000,
        "32" : 0.000000,
        "64" : 0.000000,
        ">=64" : 0.000000
      },
      "latency_ns" : {
        "2" : 0.000000,
        "4" : 0.000000,
        "10" : 0.000000,
        "20" : 0.000000,
        "50" : 0.000000,
        "100" : 0.010000,
        "250" : 0.036330,
        "500" : 0.018822,
        "750" : 0.037084,
        "1000" : 0.099486
      },
      "latency_us" : {
        "2" : 5.841995,
        "4" : 65.162404,
        "10" : 28.442729,
        "20" : 0.293894,
        "50" : 0.048640,
        "100" : 0.010000,
        "250" : 0.010000,
        "500" : 0.010000,
        "750" : 0.010000,
        "1000" : 0.010000
      },
      "latency_ms" : {
        "2" : 0.010000,
        "4" : 0.010000,
        "10" : 0.010000,
        "20" : 0.010000,
        "50" : 0.010000,
        "100" : 0.000000,
        "250" : 0.000000,
        "500" : 0.000000,
        "750" : 0.000000,
        "1000" : 0.000000,
        "2000" : 0.000000,
        ">=2000" : 0.000000
      },
      "latency_depth" : 1,
      "latency_target" : 0,
      "latency_percentile" : 100.000000,
      "latency_window" : 0
    }
  ],
  "disk_util" : [
    {
      "name" : "sda",
      "read_ios" : 196461,
      "write_ios" : 86418,
      "read_sectors" : 1573544,
      "write_sectors" : 6777496,
      "read_merges" : 231,
      "write_merges" : 9633,
      "read_ticks" : 356718,
      "write_ticks" : 15667130,
      "in_queue" : 16023857,
      "util" : 6.759636
    }
  ]
}
