{
  "fio version" : "fio-3.40",
  "timestamp" : 1769903971,
  "timestamp_ms" : 1769903971256,
  "time" : "Sun Feb  1 00:59:31 2026",
  "global options" : {
    "group_reporting" : "",
    "ioengine" : "mmap",
    "size" : "768m",
    "thread" : "1",
    "directory" : "/tmp",
    "time_based" : "",
    "runtime" : "180",
    "norandommap" : "1",
    "filename" : "/tmp/fio_readwrite",
    "share_mmap" : "1",
    "repl" : "1"
  },
  "jobs" : [
    {
      "jobname" : "writers",
      "groupid" : 0,
      "job_start" : 1769903791056,
      "error" : 0,
      "eta" : 0,
      "elapsed" : 181,
      "job options" : {
        "rw" : "randread",
        "random_distribution" : "random",
        "numjobs" : "64"
      },
      "read" : {
        "io_bytes" : 344668499968,
        "io_kbytes" : 336590332,
        "bw_bytes" : 1914782449,
        "bw" : 1869904,
        "iops" : 467476.183863,
        "runtime" : 180004,
        "total_ios" : 84147583,
        "short_ios" : 0,
        "drop_ios" : 0,
        "slat_ns" : {
          "min" : 0,
          "max" : 0,
          "mean" : 0.000000,
          "stddev" : 0.000000,
          "N" : 0
        },
        "clat_ns" : {
          "min" : 74,
          "max" : 44562704,
          "mean" : 127845.861271,
          "stddev" : 183365.997105,
          "N" : 84147583,
          "percentile" : {
            "1.000000" : 446,
            "5.000000" : 540,
            "10.000000" : 580,
            "20.000000" : 692,
            "30.000000" : 836,
            "40.000000" : 964,
            "50.000000" : 1208,
            "60.000000" : 203776,
            "70.000000" : 224256,
            "80.000000" : 244736,
            "90.000000" : 301056,
            "95.000000" : 428032,
            "99.000000" : 692224,
            "99.500000" : 798720,
            "99.900000" : 1105920,
            "99.950000" : 1335296,
            "99.990000" : 4423680
          }
        },
        "lat_ns" : {
          "min" : 94,
          "max" : 44562771,
          "mean" : 127915.724592,
          "stddev" : 183376.759126,
          "N" : 84147583
        },
        "bw_min" : 535660,
        "bw_max" : 2547222,
        "bw_agg" : 100.000000,
        "bw_mean" : 1992155.148487,
        "bw_dev" : 3427.018202,
        "bw_samples" : 21583,
        "iops_min" : 133913,
        "iops_max" : 636802,
        "iops_mean" : 498026.725933,
        "iops_stddev" : 856.756559,
        "iops_samples" : 21583
      },
      "write" : {
        "io_bytes" : 128412217344,
        "io_kbytes" : 125402556,
        "bw_bytes" : 713385354,
        "bw" : 696665,
        "iops" : 174166.346303,
        "runtime" : 180004,
        "total_ios" : 31350639,
        "short_ios" : 0,
        "drop_ios" : 0,
        "slat_ns" : {
          "min" : 0,
          "max" : 0,
          "mean" : 0.000000,
          "stddev" : 0.000000,
          "N" : 0
        },
        "clat_ns" : {
          "min" : 104,
          "max" : 72776459,
          "mean" : 356442.255008,
          "stddev" : 217936.748572,
          "N" : 31350639,
          "percentile" : {
            "1.000000" : 572,
            "5.000000" : 836,
            "10.000000" : 110080,
            "20.000000" : 214016,
            "30.000000" : 232448,
            "40.000000" : 254976,
            "50.000000" : 358400,
            "60.000000" : 432128,
            "70.000000" : 456704,
            "80.000000" : 485376,
            "90.000000" : 577536,
            "95.000000" : 692224,
            "99.000000" : 962560,
            "99.500000" : 1089536,
            "99.900000" : 1499136,
            "99.950000" : 2023424,
            "99.990000" : 4423680
          }
        },
        "lat_ns" : {
          "min" : 143,
          "max" : 72776570,
          "mean" : 356569.463838,
          "stddev" : 217940.115353,
          "N" : 31350639
        },
        "bw_min" : 302790,
        "bw_max" : 1370826,
        "bw_agg" : 100.000000,
        "bw_mean" : 716351.002935,
        "bw_dev" : 2096.642711,
        "bw_samples" : 22347,
        "iops_min" : 75695,
        "iops_max" : 342703,
        "iops_mean" : 179075.342469,
        "iops_stddev" : 524.186473,
        "iops_samples" : 22347
      },
      "trim" : {
        "io_bytes" : 0,
        "io_kbytes" : 0,
        "bw_bytes" : 0,
        "bw" : 0,
        "iops" : 0.000000,
        "runtime" : 0,
        "total_ios" : 0,
        "short_ios" : 0,
        "drop_ios" : 0,
        "slat_ns" : {
          "min" : 0,
          "max" : 0,
          "mean" : 0.000000,
          "stddev" : 0.000000,
          "N" : 0
        },
        "clat_ns" : {
          "min" : 0,
          "max" : 0,
          "mean" : 0.000000,
          "stddev" : 0.000000,
          "N" : 0
        },
        "lat_ns" : {
          "min" : 0,
          "max" : 0,
          "mean" : 0.000000,
          "stddev" : 0.000000,
          "N" : 0
        },
        "bw_min" : 0,
        "bw_max" : 0,
        "bw_agg" : 0.000000,
        "bw_mean" : 0.000000,
        "bw_dev" : 0.000000,
        "bw_samples" : 0,
        "iops_min" : 0,
        "iops_max" : 0,
        "iops_mean" : 0.000000,
        "iops_stddev" : 0.000000,
        "iops_samples" : 0
      },
      "sync" : {
        "total_ios" : 0,
        "lat_ns" : {
          "min" : 0,
          "max" : 0,
          "mean" : 0.000000,
          "stddev" : 0.000000,
          "N" : 0
        }
      },
      "job_runtime" : 23040076,
      "usr_cpu" : 1.305694,
      "sys_cpu" : 94.923459,
      "ctx" : 3020620,
      "majf" : 196623,
      "minf" : 65396077,
      "iodepth_level" : {
        "1" : 100.000000,
        "2" : 0.000000,
        "4" : 0.000000,
        "8" : 0.000000,
        "16" : 0.000000,
        "32" : 0.000000,
        ">=64" : 0.000000
      },
      "iodepth_submit" : {
        "0" : 0.000000,
        "4" : 100.000000,
        "8" : 0.000000,
        "16" : 0.000000,
        "32" : 0.000000,
        "64" : 0.000000,
        ">=64" : 0.000000
      },
      "iodepth_complete" : {
        "0" : 0.000000,
        "4" : 100.000000,
        "8" : 0.000000,
        "16" : 0.000000,
        "32" : 0.000000,
        "64" : 0.000000,
        ">=64" : 0.000000
      },
      "latency_ns" : {
        "2" : 0.000000,
        "4" : 0.000000,
        "10" : 0.000000,
        "20" : 0.000000,
        "50" : 0.000000,
        "100" : 0.010000,
        "250" : 0.022556,
        "500" : 1.775180,
        "750" : 16.699202,
        "1000" : 13.970594
      },
      "latency_us" : {
        "2" : 9.136274,
        "4" : 0.535331,
        "10" : 1.010694,
        "20" : 0.103045,
        "50" : 0.086810,
        "100" : 0.274013,
        "250" : 26.342860,
        "500" : 22.998944,
        "750" : 5.564658,
        "1000" : 1.137614
      },
      "latency_ms" : {
        "2" : 0.304426,
        "4" : 0.010592,
        "10" : 0.027199,
        "20" : 0.010000,
        "50" : 0.010000,
        "100" : 0.010000,
        "250" : 0.000000,
        "500" : 0.000000,
        "750" : 0.000000,
        "1000" : 0.000000,
        "2000" : 0.000000,
        ">=2000" : 0.000000
      },
      "latency_depth" : 1,
      "latency_target" : 0,
      "latency_percentile" : 100.000000,
      "latency_window" : 0
    }
  ],
  "disk_util" : [
    {
      "name" : "sda",
      "read_ios" : 196612,
      "write_ios" : 89438,
      "read_sectors" : 1573864,
      "write_sectors" : 14100144,
      "read_merges" : 121,
      "write_merges" : 916,
      "read_ticks" : 173604,
      "write_ticks" : 73043319,
      "in_queue" : 73216931,
      "util" : 11.573845
    }
  ]
}
