{
  "fio version" : "fio-3.40",
  "timestamp" : 1765210791,
  "timestamp_ms" : 1765210791768,
  "time" : "Mon Dec  8 17:19:51 2025",
  "global options" : {
    "group_reporting" : "",
    "ioengine" : "mmap",
    "size" : "768m",
    "thread" : "1",
    "directory" : "/tmp",
    "time_based" : "",
    "runtime" : "180",
    "norandommap" : "1",
    "filename" : "/tmp/fio_readwrite",
    "share_mmap" : "1",
    "repl" : "1"
  },
  "jobs" : [
    {
      "jobname" : "writers",
      "groupid" : 0,
      "job_start" : 1765210611480,
      "error" : 0,
      "eta" : 0,
      "elapsed" : 181,
      "job options" : {
        "rw" : "randread",
        "random_distribution" : "random",
        "numjobs" : "109"
      },
      "read" : {
        "io_bytes" : 17821410168832,
        "io_kbytes" : 17403720868,
        "bw_bytes" : 99003984116,
        "bw" : 96683578,
        "iops" : 24170894.559656,
        "runtime" : 180007,
        "total_ios" : 4350930217,
        "short_ios" : 0,
        "drop_ios" : 0,
        "slat_ns" : {
          "min" : 0,
          "max" : 0,
          "mean" : 0.000000,
          "stddev" : 0.000000,
          "N" : 0
        },
        "clat_ns" : {
          "min" : 80,
          "max" : 44040934,
          "mean" : 3623.907421,
          "stddev" : 15624.184030,
          "N" : 4350930217,
          "percentile" : {
            "1.000000" : 1432,
            "5.000000" : 1912,
            "10.000000" : 2192,
            "20.000000" : 2544,
            "30.000000" : 2832,
            "40.000000" : 3088,
            "50.000000" : 3344,
            "60.000000" : 3632,
            "70.000000" : 3952,
            "80.000000" : 4320,
            "90.000000" : 4960,
            "95.000000" : 5536,
            "99.000000" : 7328,
            "99.500000" : 9664,
            "99.900000" : 19072,
            "99.950000" : 21120,
            "99.990000" : 31104
          }
        },
        "lat_ns" : {
          "min" : 102,
          "max" : 44040992,
          "mean" : 3764.121107,
          "stddev" : 15697.780095,
          "N" : 4350930217
        },
        "bw_min" : 12952,
        "bw_max" : 123863520,
        "bw_agg" : 100.000000,
        "bw_mean" : 97576092.960452,
        "bw_dev" : 142439.803848,
        "bw_samples" : 38586,
        "iops_min" : 3238,
        "iops_max" : 30965833,
        "iops_mean" : 24393983.929379,
        "iops_stddev" : 35609.933056,
        "iops_samples" : 38586
      },
      "write" : {
        "io_bytes" : 2974184493056,
        "io_kbytes" : 2904477044,
        "bw_bytes" : 16522696427,
        "bw" : 16135445,
        "iops" : 4033861.432397,
        "runtime" : 180006,
        "total_ios" : 726119261,
        "short_ios" : 0,
        "drop_ios" : 0,
        "slat_ns" : {
          "min" : 0,
          "max" : 0,
          "mean" : 0.000000,
          "stddev" : 0.000000,
          "N" : 0
        },
        "clat_ns" : {
          "min" : 80,
          "max" : 51288772,
          "mean" : 3845.499112,
          "stddev" : 24326.132015,
          "N" : 726119261,
          "percentile" : {
            "1.000000" : 1544,
            "5.000000" : 1960,
            "10.000000" : 2192,
            "20.000000" : 2544,
            "30.000000" : 2832,
            "40.000000" : 3088,
            "50.000000" : 3344,
            "60.000000" : 3600,
            "70.000000" : 3920,
            "80.000000" : 4320,
            "90.000000" : 4896,
            "95.000000" : 5472,
            "99.000000" : 7584,
            "99.500000" : 11712,
            "99.900000" : 40704,
            "99.950000" : 205824,
            "99.990000" : 317440
          }
        },
        "lat_ns" : {
          "min" : 112,
          "max" : 51288828,
          "mean" : 3950.727058,
          "stddev" : 24532.723730,
          "N" : 726119261
        },
        "bw_min" : 1664,
        "bw_max" : 20813573,
        "bw_agg" : 100.000000,
        "bw_mean" : 16286457.474576,
        "bw_dev" : 164358.178788,
        "bw_samples" : 6726,
        "iops_min" : 416,
        "iops_max" : 5203391,
        "iops_mean" : 4071607.889831,
        "iops_stddev" : 41089.535757,
        "iops_samples" : 6726
      },
      "trim" : {
        "io_bytes" : 0,
        "io_kbytes" : 0,
        "bw_bytes" : 0,
        "bw" : 0,
        "iops" : 0.000000,
        "runtime" : 0,
        "total_ios" : 0,
        "short_ios" : 0,
        "drop_ios" : 0,
        "slat_ns" : {
          "min" : 0,
          "max" : 0,
          "mean" : 0.000000,
          "stddev" : 0.000000,
          "N" : 0
        },
        "clat_ns" : {
          "min" : 0,
          "max" : 0,
          "mean" : 0.000000,
          "stddev" : 0.000000,
          "N" : 0
        },
        "lat_ns" : {
          "min" : 0,
          "max" : 0,
          "mean" : 0.000000,
          "stddev" : 0.000000,
          "N" : 0
        },
        "bw_min" : 0,
        "bw_max" : 0,
        "bw_agg" : 0.000000,
        "bw_mean" : 0.000000,
        "bw_dev" : 0.000000,
        "bw_samples" : 0,
        "iops_min" : 0,
        "iops_max" : 0,
        "iops_mean" : 0.000000,
        "iops_stddev" : 0.000000,
        "iops_samples" : 0
      },
      "sync" : {
        "total_ios" : 0,
        "lat_ns" : {
          "min" : 0,
          "max" : 0,
          "mean" : 0.000000,
          "stddev" : 0.000000,
          "N" : 0
        }
      },
      "job_runtime" : 23040111,
      "usr_cpu" : 96.036590,
      "sys_cpu" : 0.852526,
      "ctx" : 835218,
      "majf" : 196609,
      "minf" : 1054152,
      "iodepth_level" : {
        "1" : 100.000000,
        "2" : 0.000000,
        "4" : 0.000000,
        "8" : 0.000000,
        "16" : 0.000000,
        "32" : 0.000000,
        ">=64" : 0.000000
      },
      "iodepth_submit" : {
        "0" : 0.000000,
        "4" : 100.000000,
        "8" : 0.000000,
        "16" : 0.000000,
        "32" : 0.000000,
        "64" : 0.000000,
        ">=64" : 0.000000
      },
      "iodepth_complete" : {
        "0" : 0.000000,
        "4" : 100.000000,
        "8" : 0.000000,
        "16" : 0.000000,
        "32" : 0.000000,
        "64" : 0.000000,
        ">=64" : 0.000000
      },
      "latency_ns" : {
        "2" : 0.000000,
        "4" : 0.000000,
        "10" : 0.000000,
        "20" : 0.000000,
        "50" : 0.000000,
        "100" : 0.010000,
        "250" : 0.039502,
        "500" : 0.021177,
        "750" : 0.038518,
        "1000" : 0.102427
      },
      "latency_us" : {
        "2" : 6.063547,
        "4" : 65.331655,
        "10" : 27.897530,
        "20" : 0.411375,
        "50" : 0.077258,
        "100" : 0.010000,
        "250" : 0.010000,
        "500" : 0.010000,
        "750" : 0.010000,
        "1000" : 0.010000
      },
      "latency_ms" : {
        "2" : 0.010000,
        "4" : 0.010000,
        "10" : 0.010000,
        "20" : 0.010000,
        "50" : 0.010000,
        "100" : 0.010000,
        "250" : 0.000000,
        "500" : 0.000000,
        "750" : 0.000000,
        "1000" : 0.000000,
        "2000" : 0.000000,
        ">=2000" : 0.000000
      },
      "latency_depth" : 1,
      "latency_target" : 0,
      "latency_percentile" : 100.000000,
      "latency_window" : 0
    }
  ],
  "disk_util" : [
    {
      "name" : "sda",
      "read_ios" : 196492,
      "write_ios" : 65715,
      "read_sectors" : 1574976,
      "write_sectors" : 7857216,
      "read_merges" : 311,
      "write_merges" : 1113,
      "read_ticks" : 373797,
      "write_ticks" : 15559635,
      "in_queue" : 15933442,
      "util" : 7.897566
    }
  ]
}
