{
  "fio version" : "fio-3.40",
  "timestamp" : 1765209706,
  "timestamp_ms" : 1765209706162,
  "time" : "Mon Dec  8 17:01:46 2025",
  "global options" : {
    "group_reporting" : "",
    "ioengine" : "mmap",
    "size" : "768m",
    "thread" : "1",
    "directory" : "/tmp",
    "time_based" : "",
    "runtime" : "180",
    "norandommap" : "1",
    "filename" : "/tmp/fio_readwrite",
    "share_mmap" : "1",
    "repl" : "1"
  },
  "jobs" : [
    {
      "jobname" : "readers",
      "groupid" : 0,
      "job_start" : 1765209525899,
      "error" : 0,
      "eta" : 0,
      "elapsed" : 181,
      "job options" : {
        "rw" : "randread",
        "random_distribution" : "random",
        "numjobs" : "128"
      },
      "read" : {
        "io_bytes" : 24309705539584,
        "io_kbytes" : 23739946816,
        "bw_bytes" : 135050918532,
        "bw" : 131885662,
        "iops" : 32971415.657430,
        "runtime" : 180004,
        "total_ios" : 5934986704,
        "short_ios" : 0,
        "drop_ios" : 0,
        "slat_ns" : {
          "min" : 0,
          "max" : 0,
          "mean" : 0.000000,
          "stddev" : 0.000000,
          "N" : 0
        },
        "clat_ns" : {
          "min" : 78,
          "max" : 46363143,
          "mean" : 3154.826893,
          "stddev" : 11790.421242,
          "N" : 5934986704,
          "percentile" : {
            "1.000000" : 1448,
            "5.000000" : 1880,
            "10.000000" : 2128,
            "20.000000" : 2416,
            "30.000000" : 2640,
            "40.000000" : 2832,
            "50.000000" : 2992,
            "60.000000" : 3184,
            "70.000000" : 3408,
            "80.000000" : 3664,
            "90.000000" : 4048,
            "95.000000" : 4384,
            "99.000000" : 5408,
            "99.500000" : 6240,
            "99.900000" : 18304,
            "99.950000" : 23936,
            "99.990000" : 38144
          }
        },
        "lat_ns" : {
          "min" : 100,
          "max" : 46363175,
          "mean" : 3270.449706,
          "stddev" : 11796.481094,
          "N" : 5934986704
        },
        "bw_min" : 321916,
        "bw_max" : 146247952,
        "bw_agg" : 100.000000,
        "bw_mean" : 131998482.019553,
        "bw_dev" : 137595.469293,
        "bw_samples" : 45824,
        "iops_min" : 80476,
        "iops_max" : 36561960,
        "iops_mean" : 32999571.748603,
        "iops_stddev" : 34398.840600,
        "iops_samples" : 45824
      },
      "write" : {
        "io_bytes" : 0,
        "io_kbytes" : 0,
        "bw_bytes" : 0,
        "bw" : 0,
        "iops" : 0.000000,
        "runtime" : 0,
        "total_ios" : 0,
        "short_ios" : 0,
        "drop_ios" : 0,
        "slat_ns" : {
          "min" : 0,
          "max" : 0,
          "mean" : 0.000000,
          "stddev" : 0.000000,
          "N" : 0
        },
        "clat_ns" : {
          "min" : 0,
          "max" : 0,
          "mean" : 0.000000,
          "stddev" : 0.000000,
          "N" : 0
        },
        "lat_ns" : {
          "min" : 0,
          "max" : 0,
          "mean" : 0.000000,
          "stddev" : 0.000000,
          "N" : 0
        },
        "bw_min" : 0,
        "bw_max" : 0,
        "bw_agg" : 0.000000,
        "bw_mean" : 0.000000,
        "bw_dev" : 0.000000,
        "bw_samples" : 0,
        "iops_min" : 0,
        "iops_max" : 0,
        "iops_mean" : 0.000000,
        "iops_stddev" : 0.000000,
        "iops_samples" : 0
      },
      "trim" : {
        "io_bytes" : 0,
        "io_kbytes" : 0,
        "bw_bytes" : 0,
        "bw" : 0,
        "iops" : 0.000000,
        "runtime" : 0,
        "total_ios" : 0,
        "short_ios" : 0,
        "drop_ios" : 0,
        "slat_ns" : {
          "min" : 0,
          "max" : 0,
          "mean" : 0.000000,
          "stddev" : 0.000000,
          "N" : 0
        },
        "clat_ns" : {
          "min" : 0,
          "max" : 0,
          "mean" : 0.000000,
          "stddev" : 0.000000,
          "N" : 0
        },
        "lat_ns" : {
          "min" : 0,
          "max" : 0,
          "mean" : 0.000000,
          "stddev" : 0.000000,
          "N" : 0
        },
        "bw_min" : 0,
        "bw_max" : 0,
        "bw_agg" : 0.000000,
        "bw_mean" : 0.000000,
        "bw_dev" : 0.000000,
        "bw_samples" : 0,
        "iops_min" : 0,
        "iops_max" : 0,
        "iops_mean" : 0.000000,
        "iops_stddev" : 0.000000,
        "iops_samples" : 0
      },
      "sync" : {
        "total_ios" : 0,
        "lat_ns" : {
          "min" : 0,
          "max" : 0,
          "mean" : 0.000000,
          "stddev" : 0.000000,
          "N" : 0
        }
      },
      "job_runtime" : 23040071,
      "usr_cpu" : 98.248755,
      "sys_cpu" : 0.207508,
      "ctx" : 293197,
      "majf" : 196611,
      "minf" : 795189,
      "iodepth_level" : {
        "1" : 100.000000,
        "2" : 0.000000,
        "4" : 0.000000,
        "8" : 0.000000,
        "16" : 0.000000,
        "32" : 0.000000,
        ">=64" : 0.000000
      },
      "iodepth_submit" : {
        "0" : 0.000000,
        "4" : 100.000000,
        "8" : 0.000000,
        "16" : 0.000000,
        "32" : 0.000000,
        "64" : 0.000000,
        ">=64" : 0.000000
      },
      "iodepth_complete" : {
        "0" : 0.000000,
        "4" : 100.000000,
        "8" : 0.000000,
        "16" : 0.000000,
        "32" : 0.000000,
        "64" : 0.000000,
        ">=64" : 0.000000
      },
      "latency_ns" : {
        "2" : 0.000000,
        "4" : 0.000000,
        "10" : 0.000000,
        "20" : 0.000000,
        "50" : 0.000000,
        "100" : 0.010000,
        "250" : 0.041514,
        "500" : 0.030756,
        "750" : 0.049912,
        "1000" : 0.104996
      },
      "latency_us" : {
        "2" : 7.010736,
        "4" : 81.876511,
        "10" : 10.652402,
        "20" : 0.145802,
        "50" : 0.078832,
        "100" : 0.010000,
        "250" : 0.010000,
        "500" : 0.010000,
        "750" : 0.010000,
        "1000" : 0.010000
      },
      "latency_ms" : {
        "2" : 0.010000,
        "4" : 0.010000,
        "10" : 0.010000,
        "20" : 0.010000,
        "50" : 0.010000,
        "100" : 0.000000,
        "250" : 0.000000,
        "500" : 0.000000,
        "750" : 0.000000,
        "1000" : 0.000000,
        "2000" : 0.000000,
        ">=2000" : 0.000000
      },
      "latency_depth" : 1,
      "latency_target" : 0,
      "latency_percentile" : 100.000000,
      "latency_window" : 0
    }
  ],
  "disk_util" : [
    {
      "name" : "sda",
      "read_ios" : 196473,
      "write_ios" : 136,
      "read_sectors" : 1573984,
      "write_sectors" : 3008,
      "read_merges" : 275,
      "write_merges" : 155,
      "read_ticks" : 339875,
      "write_ticks" : 52,
      "in_queue" : 339935,
      "util" : 1.218353
    }
  ]
}
