{
  "fio version" : "fio-3.40",
  "timestamp" : 1764706916,
  "timestamp_ms" : 1764706916870,
  "time" : "Tue Dec  2 21:21:56 2025",
  "global options" : {
    "group_reporting" : "",
    "ioengine" : "mmap",
    "size" : "768m",
    "thread" : "1",
    "directory" : "/tmp",
    "time_based" : "",
    "runtime" : "180",
    "filename" : "/tmp/fio_readwrite",
    "share_mmap" : "1",
    "repl" : "1"
  },
  "jobs" : [
    {
      "jobname" : "writers",
      "groupid" : 0,
      "job_start" : 1764706736748,
      "error" : 0,
      "eta" : 0,
      "elapsed" : 181,
      "job options" : {
        "rw" : "randread",
        "random_distribution" : "zipf",
        "numjobs" : "26"
      },
      "read" : {
        "io_bytes" : 6748319571968,
        "io_kbytes" : 6590155832,
        "bw_bytes" : 37490247730,
        "bw" : 36611570,
        "iops" : 9152892.512305,
        "runtime" : 180002,
        "total_ios" : 1647538958,
        "short_ios" : 0,
        "drop_ios" : 0,
        "slat_ns" : {
          "min" : 0,
          "max" : 0,
          "mean" : 0.000000,
          "stddev" : 0.000000,
          "N" : 0
        },
        "clat_ns" : {
          "min" : 70,
          "max" : 11119551,
          "mean" : 1498.414006,
          "stddev" : 8702.077821,
          "N" : 1647538958,
          "percentile" : {
            "1.000000" : 117,
            "5.000000" : 135,
            "10.000000" : 159,
            "20.000000" : 203,
            "30.000000" : 286,
            "40.000000" : 668,
            "50.000000" : 1096,
            "60.000000" : 1544,
            "70.000000" : 1928,
            "80.000000" : 2320,
            "90.000000" : 2832,
            "95.000000" : 3280,
            "99.000000" : 4384,
            "99.500000" : 5472,
            "99.900000" : 18560,
            "99.950000" : 144384,
            "99.990000" : 378880
          }
        },
        "lat_ns" : {
          "min" : 89,
          "max" : 11120070,
          "mean" : 1670.133918,
          "stddev" : 8782.968100,
          "N" : 1647538958
        },
        "bw_min" : 414741,
        "bw_max" : 46310812,
        "bw_agg" : 100.000000,
        "bw_mean" : 38107976.175516,
        "bw_dev" : 360730.809951,
        "bw_samples" : 8963,
        "iops_min" : 103685,
        "iops_max" : 11577693,
        "iops_mean" : 9526988.991411,
        "iops_stddev" : 90182.689549,
        "iops_samples" : 8963
      },
      "write" : {
        "io_bytes" : 26844085727232,
        "io_kbytes" : 26214927468,
        "bw_bytes" : 149132152571,
        "bw" : 145636867,
        "iops" : 36409216.936478,
        "runtime" : 180002,
        "total_ios" : 6553731867,
        "short_ios" : 0,
        "drop_ios" : 0,
        "slat_ns" : {
          "min" : 0,
          "max" : 0,
          "mean" : 0.000000,
          "stddev" : 0.000000,
          "N" : 0
        },
        "clat_ns" : {
          "min" : 70,
          "max" : 8132757,
          "mean" : 1449.127415,
          "stddev" : 10189.049278,
          "N" : 6553731867,
          "percentile" : {
            "1.000000" : 117,
            "5.000000" : 135,
            "10.000000" : 159,
            "20.000000" : 203,
            "30.000000" : 290,
            "40.000000" : 660,
            "50.000000" : 1080,
            "60.000000" : 1480,
            "70.000000" : 1832,
            "80.000000" : 2192,
            "90.000000" : 2672,
            "95.000000" : 3056,
            "99.000000" : 4080,
            "99.500000" : 5088,
            "99.900000" : 17280,
            "99.950000" : 27008,
            "99.990000" : 501760
          }
        },
        "lat_ns" : {
          "min" : 99,
          "max" : 8132846,
          "mean" : 1632.191391,
          "stddev" : 10261.159612,
          "N" : 6553731867
        },
        "bw_min" : 993356,
        "bw_max" : 174746468,
        "bw_agg" : 100.000000,
        "bw_mean" : 151430922.503857,
        "bw_dev" : 376866.471999,
        "bw_samples" : 35227,
        "iops_min" : 248333,
        "iops_max" : 43686602,
        "iops_mean" : 37857709.421211,
        "iops_stddev" : 94216.607136,
        "iops_samples" : 35227
      },
      "trim" : {
        "io_bytes" : 0,
        "io_kbytes" : 0,
        "bw_bytes" : 0,
        "bw" : 0,
        "iops" : 0.000000,
        "runtime" : 0,
        "total_ios" : 0,
        "short_ios" : 0,
        "drop_ios" : 0,
        "slat_ns" : {
          "min" : 0,
          "max" : 0,
          "mean" : 0.000000,
          "stddev" : 0.000000,
          "N" : 0
        },
        "clat_ns" : {
          "min" : 0,
          "max" : 0,
          "mean" : 0.000000,
          "stddev" : 0.000000,
          "N" : 0
        },
        "lat_ns" : {
          "min" : 0,
          "max" : 0,
          "mean" : 0.000000,
          "stddev" : 0.000000,
          "N" : 0
        },
        "bw_min" : 0,
        "bw_max" : 0,
        "bw_agg" : 0.000000,
        "bw_mean" : 0.000000,
        "bw_dev" : 0.000000,
        "bw_samples" : 0,
        "iops_min" : 0,
        "iops_max" : 0,
        "iops_mean" : 0.000000,
        "iops_stddev" : 0.000000,
        "iops_samples" : 0
      },
      "sync" : {
        "total_ios" : 0,
        "lat_ns" : {
          "min" : 0,
          "max" : 0,
          "mean" : 0.000000,
          "stddev" : 0.000000,
          "N" : 0
        }
      },
      "job_runtime" : 23040007,
      "usr_cpu" : 89.852872,
      "sys_cpu" : 9.712497,
      "ctx" : 383117,
      "majf" : 109514,
      "minf" : 3730131,
      "iodepth_level" : {
        "1" : 100.000000,
        "2" : 0.000000,
        "4" : 0.000000,
        "8" : 0.000000,
        "16" : 0.000000,
        "32" : 0.000000,
        ">=64" : 0.000000
      },
      "iodepth_submit" : {
        "0" : 0.000000,
        "4" : 100.000000,
        "8" : 0.000000,
        "16" : 0.000000,
        "32" : 0.000000,
        "64" : 0.000000,
        ">=64" : 0.000000
      },
      "iodepth_complete" : {
        "0" : 0.000000,
        "4" : 100.000000,
        "8" : 0.000000,
        "16" : 0.000000,
        "32" : 0.000000,
        "64" : 0.000000,
        ">=64" : 0.000000
      },
      "latency_ns" : {
        "2" : 0.000000,
        "4" : 0.000000,
        "10" : 0.000000,
        "20" : 0.000000,
        "50" : 0.000000,
        "100" : 0.010000,
        "250" : 28.322325,
        "500" : 7.773222,
        "750" : 6.023375,
        "1000" : 5.888914
      },
      "latency_us" : {
        "2" : 26.214895,
        "4" : 24.556644,
        "10" : 0.965625,
        "20" : 0.174187,
        "50" : 0.031513,
        "100" : 0.010000,
        "250" : 0.014811,
        "500" : 0.019599,
        "750" : 0.010000,
        "1000" : 0.010000
      },
      "latency_ms" : {
        "2" : 0.010000,
        "4" : 0.010000,
        "10" : 0.010000,
        "20" : 0.010000,
        "50" : 0.000000,
        "100" : 0.000000,
        "250" : 0.000000,
        "500" : 0.000000,
        "750" : 0.000000,
        "1000" : 0.000000,
        "2000" : 0.000000,
        ">=2000" : 0.000000
      },
      "latency_depth" : 1,
      "latency_target" : 0,
      "latency_percentile" : 100.000000,
      "latency_window" : 0
    }
  ],
  "disk_util" : [
    {
      "name" : "sda",
      "read_ios" : 109524,
      "write_ios" : 3200,
      "read_sectors" : 876944,
      "write_sectors" : 1575376,
      "read_merges" : 90,
      "write_merges" : 105,
      "read_ticks" : 26219,
      "write_ticks" : 24694123,
      "in_queue" : 24720349,
      "util" : 3.118630
    }
  ]
}
