{
  "fio version" : "fio-3.40",
  "timestamp" : 1764703653,
  "timestamp_ms" : 1764703653215,
  "time" : "Tue Dec  2 20:27:33 2025",
  "global options" : {
    "group_reporting" : "",
    "ioengine" : "mmap",
    "size" : "768m",
    "thread" : "1",
    "directory" : "/tmp",
    "time_based" : "",
    "runtime" : "180",
    "filename" : "/tmp/fio_readwrite",
    "share_mmap" : "1",
    "repl" : "1"
  },
  "jobs" : [
    {
      "jobname" : "writers",
      "groupid" : 0,
      "job_start" : 1764703473014,
      "error" : 0,
      "eta" : 0,
      "elapsed" : 181,
      "job options" : {
        "rw" : "randread",
        "random_distribution" : "zipf",
        "numjobs" : "122"
      },
      "read" : {
        "io_bytes" : 52284024889344,
        "io_kbytes" : 51058618056,
        "bw_bytes" : 290463577567,
        "bw" : 283655837,
        "iops" : 70913959.367118,
        "runtime" : 180002,
        "total_ios" : 12764654514,
        "short_ios" : 0,
        "drop_ios" : 0,
        "slat_ns" : {
          "min" : 0,
          "max" : 0,
          "mean" : 0.000000,
          "stddev" : 0.000000,
          "N" : 0
        },
        "clat_ns" : {
          "min" : 70,
          "max" : 100654125,
          "mean" : 853.636148,
          "stddev" : 10002.062292,
          "N" : 12764654514,
          "percentile" : {
            "1.000000" : 133,
            "5.000000" : 163,
            "10.000000" : 183,
            "20.000000" : 209,
            "30.000000" : 235,
            "40.000000" : 318,
            "50.000000" : 458,
            "60.000000" : 580,
            "70.000000" : 692,
            "80.000000" : 852,
            "90.000000" : 1096,
            "95.000000" : 1448,
            "99.000000" : 4576,
            "99.500000" : 5664,
            "99.900000" : 156672,
            "99.950000" : 173056,
            "99.990000" : 205824
          }
        },
        "lat_ns" : {
          "min" : 89,
          "max" : 204037164,
          "mean" : 960.298911,
          "stddev" : 10190.749861,
          "N" : 12764654514
        },
        "bw_min" : 211132,
        "bw_max" : 320795343,
        "bw_agg" : 100.000000,
        "bw_mean" : 284704446.860335,
        "bw_dev" : 338318.965780,
        "bw_samples" : 43676,
        "iops_min" : 52769,
        "iops_max" : 80198825,
        "iops_mean" : 71176090.226257,
        "iops_stddev" : 84579.721594,
        "iops_samples" : 43676
      },
      "write" : {
        "io_bytes" : 82095230976,
        "io_kbytes" : 80171124,
        "bw_bytes" : 456082082,
        "bw" : 445392,
        "iops" : 111348.164732,
        "runtime" : 180001,
        "total_ios" : 20042781,
        "short_ios" : 0,
        "drop_ios" : 0,
        "slat_ns" : {
          "min" : 0,
          "max" : 0,
          "mean" : 0.000000,
          "stddev" : 0.000000,
          "N" : 0
        },
        "clat_ns" : {
          "min" : 77,
          "max" : 20364016,
          "mean" : 52779.909122,
          "stddev" : 122267.515024,
          "N" : 20042781,
          "percentile" : {
            "1.000000" : 147,
            "5.000000" : 199,
            "10.000000" : 241,
            "20.000000" : 564,
            "30.000000" : 908,
            "40.000000" : 1144,
            "50.000000" : 1368,
            "60.000000" : 1640,
            "70.000000" : 2352,
            "80.000000" : 166912,
            "90.000000" : 181248,
            "95.000000" : 191488,
            "99.000000" : 288768,
            "99.500000" : 432128,
            "99.900000" : 1417216,
            "99.950000" : 1974272,
            "99.990000" : 3391488
          }
        },
        "lat_ns" : {
          "min" : 108,
          "max" : 20364066,
          "mean" : 52879.405859,
          "stddev" : 122272.015240,
          "N" : 20042781
        },
        "bw_min" : 10059,
        "bw_max" : 737922,
        "bw_agg" : 100.000000,
        "bw_mean" : 446996.173184,
        "bw_dev" : 27371.201418,
        "bw_samples" : 2148,
        "iops_min" : 2514,
        "iops_max" : 184480,
        "iops_mean" : 111748.162011,
        "iops_stddev" : 6842.815811,
        "iops_samples" : 2148
      },
      "trim" : {
        "io_bytes" : 0,
        "io_kbytes" : 0,
        "bw_bytes" : 0,
        "bw" : 0,
        "iops" : 0.000000,
        "runtime" : 0,
        "total_ios" : 0,
        "short_ios" : 0,
        "drop_ios" : 0,
        "slat_ns" : {
          "min" : 0,
          "max" : 0,
          "mean" : 0.000000,
          "stddev" : 0.000000,
          "N" : 0
        },
        "clat_ns" : {
          "min" : 0,
          "max" : 0,
          "mean" : 0.000000,
          "stddev" : 0.000000,
          "N" : 0
        },
        "lat_ns" : {
          "min" : 0,
          "max" : 0,
          "mean" : 0.000000,
          "stddev" : 0.000000,
          "N" : 0
        },
        "bw_min" : 0,
        "bw_max" : 0,
        "bw_agg" : 0.000000,
        "bw_mean" : 0.000000,
        "bw_dev" : 0.000000,
        "bw_samples" : 0,
        "iops_min" : 0,
        "iops_max" : 0,
        "iops_mean" : 0.000000,
        "iops_stddev" : 0.000000,
        "iops_samples" : 0
      },
      "sync" : {
        "total_ios" : 0,
        "lat_ns" : {
          "min" : 0,
          "max" : 0,
          "mean" : 0.000000,
          "stddev" : 0.000000,
          "N" : 0
        }
      },
      "job_runtime" : 23040002,
      "usr_cpu" : 81.941043,
      "sys_cpu" : 16.101535,
      "ctx" : 630101,
      "majf" : 195786,
      "minf" : 20984645,
      "iodepth_level" : {
        "1" : 100.000000,
        "2" : 0.000000,
        "4" : 0.000000,
        "8" : 0.000000,
        "16" : 0.000000,
        "32" : 0.000000,
        ">=64" : 0.000000
      },
      "iodepth_submit" : {
        "0" : 0.000000,
        "4" : 100.000000,
        "8" : 0.000000,
        "16" : 0.000000,
        "32" : 0.000000,
        "64" : 0.000000,
        ">=64" : 0.000000
      },
      "iodepth_complete" : {
        "0" : 0.000000,
        "4" : 100.000000,
        "8" : 0.000000,
        "16" : 0.000000,
        "32" : 0.000000,
        "64" : 0.000000,
        ">=64" : 0.000000
      },
      "latency_ns" : {
        "2" : 0.000000,
        "4" : 0.000000,
        "10" : 0.000000,
        "20" : 0.000000,
        "50" : 0.000000,
        "100" : 0.010000,
        "250" : 32.638799,
        "500" : 19.522501,
        "750" : 21.537913,
        "1000" : 13.439005
      },
      "latency_us" : {
        "2" : 10.364214,
        "4" : 1.128729,
        "10" : 1.167288,
        "20" : 0.031827,
        "50" : 0.010000,
        "100" : 0.010000,
        "250" : 0.151703,
        "500" : 0.010000,
        "750" : 0.010000,
        "1000" : 0.010000
      },
      "latency_ms" : {
        "2" : 0.010000,
        "4" : 0.010000,
        "10" : 0.010000,
        "20" : 0.010000,
        "50" : 0.010000,
        "100" : 0.000000,
        "250" : 0.010000,
        "500" : 0.000000,
        "750" : 0.000000,
        "1000" : 0.000000,
        "2000" : 0.000000,
        ">=2000" : 0.000000
      },
      "latency_depth" : 1,
      "latency_target" : 0,
      "latency_percentile" : 100.000000,
      "latency_window" : 0
    }
  ],
  "disk_util" : [
    {
      "name" : "sda",
      "read_ios" : 195631,
      "write_ios" : 353390,
      "read_sectors" : 1568912,
      "write_sectors" : 5246384,
      "read_merges" : 413,
      "write_merges" : 295,
      "read_ticks" : 309379,
      "write_ticks" : 3824671,
      "in_queue" : 4134057,
      "util" : 5.037312
    }
  ]
}
