{
  "fio version" : "fio-3.40",
  "timestamp" : 1764797507,
  "timestamp_ms" : 1764797507359,
  "time" : "Wed Dec  3 22:31:47 2025",
  "global options" : {
    "group_reporting" : "",
    "ioengine" : "mmap",
    "size" : "768m",
    "thread" : "1",
    "directory" : "/tmp",
    "time_based" : "",
    "runtime" : "180",
    "norandommap" : "1",
    "filename" : "/tmp/fio_readwrite",
    "share_mmap" : "1",
    "repl" : "1"
  },
  "jobs" : [
    {
      "jobname" : "writers",
      "groupid" : 0,
      "job_start" : 1764797327239,
      "error" : 0,
      "eta" : 0,
      "elapsed" : 181,
      "job options" : {
        "rw" : "randread",
        "random_distribution" : "random",
        "numjobs" : "64"
      },
      "read" : {
        "io_bytes" : 7595806158848,
        "io_kbytes" : 7417779452,
        "bw_bytes" : 42197985371,
        "bw" : 41208970,
        "iops" : 10302242.522388,
        "runtime" : 180004,
        "total_ios" : 1854444863,
        "short_ios" : 0,
        "drop_ios" : 0,
        "slat_ns" : {
          "min" : 0,
          "max" : 0,
          "mean" : 0.000000,
          "stddev" : 0.000000,
          "N" : 0
        },
        "clat_ns" : {
          "min" : 78,
          "max" : 12038779,
          "mean" : 4656.112250,
          "stddev" : 15725.821857,
          "N" : 1854444863,
          "percentile" : {
            "1.000000" : 1352,
            "5.000000" : 2096,
            "10.000000" : 2480,
            "20.000000" : 2960,
            "30.000000" : 3312,
            "40.000000" : 3632,
            "50.000000" : 3952,
            "60.000000" : 4320,
            "70.000000" : 4704,
            "80.000000" : 5152,
            "90.000000" : 5856,
            "95.000000" : 6624,
            "99.000000" : 10048,
            "99.500000" : 13760,
            "99.900000" : 230400,
            "99.950000" : 284672,
            "99.990000" : 552960
          }
        },
        "lat_ns" : {
          "min" : 100,
          "max" : 12038832,
          "mean" : 4871.246064,
          "stddev" : 15825.414664,
          "N" : 1854444863
        },
        "bw_min" : 472810,
        "bw_max" : 51880257,
        "bw_agg" : 100.000000,
        "bw_mean" : 42976654.241141,
        "bw_dev" : 198979.120801,
        "bw_samples" : 21979,
        "iops_min" : 118188,
        "iops_max" : 12970039,
        "iops_mean" : 10744143.516703,
        "iops_stddev" : 49744.738268,
        "iops_samples" : 21979
      },
      "write" : {
        "io_bytes" : 8340181028864,
        "io_kbytes" : 8144708036,
        "bw_bytes" : 46333309420,
        "bw" : 45247372,
        "iops" : 11311843.120153,
        "runtime" : 180004,
        "total_ios" : 2036177009,
        "short_ios" : 0,
        "drop_ios" : 0,
        "slat_ns" : {
          "min" : 0,
          "max" : 0,
          "mean" : 0.000000,
          "stddev" : 0.000000,
          "N" : 0
        },
        "clat_ns" : {
          "min" : 78,
          "max" : 60062023,
          "mean" : 4245.817102,
          "stddev" : 17860.828623,
          "N" : 2036177009,
          "percentile" : {
            "1.000000" : 1496,
            "5.000000" : 2024,
            "10.000000" : 2288,
            "20.000000" : 2640,
            "30.000000" : 2960,
            "40.000000" : 3248,
            "50.000000" : 3536,
            "60.000000" : 3824,
            "70.000000" : 4192,
            "80.000000" : 4576,
            "90.000000" : 5280,
            "95.000000" : 5920,
            "99.000000" : 8512,
            "99.500000" : 12480,
            "99.900000" : 228352,
            "99.950000" : 436224,
            "99.990000" : 692224
          }
        },
        "lat_ns" : {
          "min" : 108,
          "max" : 60062066,
          "mean" : 4404.394612,
          "stddev" : 17925.945288,
          "N" : 2036177009
        },
        "bw_min" : 265618,
        "bw_max" : 55399819,
        "bw_agg" : 100.000000,
        "bw_mean" : 47203578.133312,
        "bw_dev" : 225661.079394,
        "bw_samples" : 21973,
        "iops_min" : 66389,
        "iops_max" : 13849932,
        "iops_mean" : 11800874.131546,
        "iops_stddev" : 56415.218266,
        "iops_samples" : 21973
      },
      "trim" : {
        "io_bytes" : 0,
        "io_kbytes" : 0,
        "bw_bytes" : 0,
        "bw" : 0,
        "iops" : 0.000000,
        "runtime" : 0,
        "total_ios" : 0,
        "short_ios" : 0,
        "drop_ios" : 0,
        "slat_ns" : {
          "min" : 0,
          "max" : 0,
          "mean" : 0.000000,
          "stddev" : 0.000000,
          "N" : 0
        },
        "clat_ns" : {
          "min" : 0,
          "max" : 0,
          "mean" : 0.000000,
          "stddev" : 0.000000,
          "N" : 0
        },
        "lat_ns" : {
          "min" : 0,
          "max" : 0,
          "mean" : 0.000000,
          "stddev" : 0.000000,
          "N" : 0
        },
        "bw_min" : 0,
        "bw_max" : 0,
        "bw_agg" : 0.000000,
        "bw_mean" : 0.000000,
        "bw_dev" : 0.000000,
        "bw_samples" : 0,
        "iops_min" : 0,
        "iops_max" : 0,
        "iops_mean" : 0.000000,
        "iops_stddev" : 0.000000,
        "iops_samples" : 0
      },
      "sync" : {
        "total_ios" : 0,
        "lat_ns" : {
          "min" : 0,
          "max" : 0,
          "mean" : 0.000000,
          "stddev" : 0.000000,
          "N" : 0
        }
      },
      "job_runtime" : 23040059,
      "usr_cpu" : 86.819075,
      "sys_cpu" : 12.450411,
      "ctx" : 334922,
      "majf" : 128743,
      "minf" : 6030281,
      "iodepth_level" : {
        "1" : 100.000000,
        "2" : 0.000000,
        "4" : 0.000000,
        "8" : 0.000000,
        "16" : 0.000000,
        "32" : 0.000000,
        ">=64" : 0.000000
      },
      "iodepth_submit" : {
        "0" : 0.000000,
        "4" : 100.000000,
        "8" : 0.000000,
        "16" : 0.000000,
        "32" : 0.000000,
        "64" : 0.000000,
        ">=64" : 0.000000
      },
      "iodepth_complete" : {
        "0" : 0.000000,
        "4" : 100.000000,
        "8" : 0.000000,
        "16" : 0.000000,
        "32" : 0.000000,
        "64" : 0.000000,
        ">=64" : 0.000000
      },
      "latency_ns" : {
        "2" : 0.000000,
        "4" : 0.000000,
        "10" : 0.000000,
        "20" : 0.000000,
        "50" : 0.000000,
        "100" : 0.010000,
        "250" : 0.032207,
        "500" : 0.023145,
        "750" : 0.088584,
        "1000" : 0.176096
      },
      "latency_us" : {
        "2" : 4.119802,
        "4" : 54.068265,
        "10" : 40.591751,
        "20" : 0.665798,
        "50" : 0.079118,
        "100" : 0.010000,
        "250" : 0.073889,
        "500" : 0.058904,
        "750" : 0.015717,
        "1000" : 0.010000
      },
      "latency_ms" : {
        "2" : 0.010000,
        "4" : 0.010000,
        "10" : 0.010000,
        "20" : 0.010000,
        "50" : 0.000000,
        "100" : 0.010000,
        "250" : 0.000000,
        "500" : 0.000000,
        "750" : 0.000000,
        "1000" : 0.000000,
        "2000" : 0.000000,
        ">=2000" : 0.000000
      },
      "latency_depth" : 1,
      "latency_target" : 0,
      "latency_percentile" : 100.000000,
      "latency_window" : 0
    }
  ],
  "disk_util" : [
    {
      "name" : "sda",
      "read_ios" : 128735,
      "write_ios" : 16111,
      "read_sectors" : 1030352,
      "write_sectors" : 1723480,
      "read_merges" : 59,
      "write_merges" : 171,
      "read_ticks" : 28619,
      "write_ticks" : 23093885,
      "in_queue" : 23122512,
      "util" : 2.624710
    }
  ]
}
