{
  "fio version" : "fio-3.40",
  "timestamp" : 1770006408,
  "timestamp_ms" : 1770006408078,
  "time" : "Mon Feb  2 05:26:48 2026",
  "global options" : {
    "group_reporting" : "",
    "ioengine" : "mmap",
    "size" : "768m",
    "thread" : "1",
    "directory" : "/tmp",
    "time_based" : "",
    "runtime" : "180",
    "norandommap" : "1",
    "filename" : "/tmp/fio_readwrite",
    "share_mmap" : "1",
    "repl" : "1"
  },
  "jobs" : [
    {
      "jobname" : "writers",
      "groupid" : 0,
      "job_start" : 1770006227790,
      "error" : 0,
      "eta" : 0,
      "elapsed" : 181,
      "job options" : {
        "rw" : "randread",
        "random_distribution" : "random",
        "numjobs" : "51"
      },
      "read" : {
        "io_bytes" : 7002009571328,
        "io_kbytes" : 6837899972,
        "bw_bytes" : 38899188747,
        "bw" : 37987489,
        "iops" : 9496872.252839,
        "runtime" : 180004,
        "total_ios" : 1709474993,
        "short_ios" : 0,
        "drop_ios" : 0,
        "slat_ns" : {
          "min" : 0,
          "max" : 0,
          "mean" : 0.000000,
          "stddev" : 0.000000,
          "N" : 0
        },
        "clat_ns" : {
          "min" : 79,
          "max" : 104068626,
          "mean" : 4106.737178,
          "stddev" : 20797.838974,
          "N" : 1709474993,
          "percentile" : {
            "1.000000" : 1432,
            "5.000000" : 2040,
            "10.000000" : 2384,
            "20.000000" : 2832,
            "30.000000" : 3184,
            "40.000000" : 3504,
            "50.000000" : 3824,
            "60.000000" : 4128,
            "70.000000" : 4448,
            "80.000000" : 4896,
            "90.000000" : 5600,
            "95.000000" : 6240,
            "99.000000" : 8384,
            "99.500000" : 10944,
            "99.900000" : 19328,
            "99.950000" : 21376,
            "99.990000" : 34048
          }
        },
        "lat_ns" : {
          "min" : 102,
          "max" : 104068679,
          "mean" : 4278.404446,
          "stddev" : 20927.326099,
          "N" : 1709474993
        },
        "bw_min" : 58640,
        "bw_max" : 51831962,
        "bw_agg" : 100.000000,
        "bw_mean" : 38554243.019830,
        "bw_dev" : 131043.792807,
        "bw_samples" : 18003,
        "iops_min" : 14660,
        "iops_max" : 12957975,
        "iops_mean" : 9638542.963173,
        "iops_stddev" : 32760.927930,
        "iops_samples" : 18003
      },
      "write" : {
        "io_bytes" : 10855628652544,
        "io_kbytes" : 10601199856,
        "bw_bytes" : 60307707898,
        "bw" : 58894245,
        "iops" : 14723561.498633,
        "runtime" : 180004,
        "total_ios" : 2650299964,
        "short_ios" : 0,
        "drop_ios" : 0,
        "slat_ns" : {
          "min" : 0,
          "max" : 0,
          "mean" : 0.000000,
          "stddev" : 0.000000,
          "N" : 0
        },
        "clat_ns" : {
          "min" : 78,
          "max" : 47302691,
          "mean" : 3921.003182,
          "stddev" : 20852.115396,
          "N" : 2650299964,
          "percentile" : {
            "1.000000" : 1416,
            "5.000000" : 1960,
            "10.000000" : 2256,
            "20.000000" : 2640,
            "30.000000" : 2960,
            "40.000000" : 3248,
            "50.000000" : 3536,
            "60.000000" : 3824,
            "70.000000" : 4192,
            "80.000000" : 4576,
            "90.000000" : 5216,
            "95.000000" : 5856,
            "99.000000" : 7840,
            "99.500000" : 10944,
            "99.900000" : 20352,
            "99.950000" : 27008,
            "99.990000" : 346112
          }
        },
        "lat_ns" : {
          "min" : 109,
          "max" : 47302761,
          "mean" : 4091.571339,
          "stddev" : 20996.656167,
          "N" : 2650299964
        },
        "bw_min" : 84704,
        "bw_max" : 77253957,
        "bw_agg" : 100.000000,
        "bw_mean" : 59777565.844193,
        "bw_dev" : 129591.100738,
        "bw_samples" : 27181,
        "iops_min" : 21176,
        "iops_max" : 19313456,
        "iops_mean" : 14944365.912181,
        "iops_stddev" : 32397.758058,
        "iops_samples" : 27181
      },
      "trim" : {
        "io_bytes" : 0,
        "io_kbytes" : 0,
        "bw_bytes" : 0,
        "bw" : 0,
        "iops" : 0.000000,
        "runtime" : 0,
        "total_ios" : 0,
        "short_ios" : 0,
        "drop_ios" : 0,
        "slat_ns" : {
          "min" : 0,
          "max" : 0,
          "mean" : 0.000000,
          "stddev" : 0.000000,
          "N" : 0
        },
        "clat_ns" : {
          "min" : 0,
          "max" : 0,
          "mean" : 0.000000,
          "stddev" : 0.000000,
          "N" : 0
        },
        "lat_ns" : {
          "min" : 0,
          "max" : 0,
          "mean" : 0.000000,
          "stddev" : 0.000000,
          "N" : 0
        },
        "bw_min" : 0,
        "bw_max" : 0,
        "bw_agg" : 0.000000,
        "bw_mean" : 0.000000,
        "bw_dev" : 0.000000,
        "bw_samples" : 0,
        "iops_min" : 0,
        "iops_max" : 0,
        "iops_mean" : 0.000000,
        "iops_stddev" : 0.000000,
        "iops_samples" : 0
      },
      "sync" : {
        "total_ios" : 0,
        "lat_ns" : {
          "min" : 0,
          "max" : 0,
          "mean" : 0.000000,
          "stddev" : 0.000000,
          "N" : 0
        }
      },
      "job_runtime" : 23040112,
      "usr_cpu" : 94.831549,
      "sys_cpu" : 1.108888,
      "ctx" : 1026268,
      "majf" : 196638,
      "minf" : 997688,
      "iodepth_level" : {
        "1" : 100.000000,
        "2" : 0.000000,
        "4" : 0.000000,
        "8" : 0.000000,
        "16" : 0.000000,
        "32" : 0.000000,
        ">=64" : 0.000000
      },
      "iodepth_submit" : {
        "0" : 0.000000,
        "4" : 100.000000,
        "8" : 0.000000,
        "16" : 0.000000,
        "32" : 0.000000,
        "64" : 0.000000,
        ">=64" : 0.000000
      },
      "iodepth_complete" : {
        "0" : 0.000000,
        "4" : 100.000000,
        "8" : 0.000000,
        "16" : 0.000000,
        "32" : 0.000000,
        "64" : 0.000000,
        ">=64" : 0.000000
      },
      "latency_ns" : {
        "2" : 0.000000,
        "4" : 0.000000,
        "10" : 0.000000,
        "20" : 0.000000,
        "50" : 0.000000,
        "100" : 0.010000,
        "250" : 0.031840,
        "500" : 0.019198,
        "750" : 0.053166,
        "1000" : 0.138684
      },
      "latency_us" : {
        "2" : 4.891466,
        "4" : 56.456678,
        "10" : 37.832801,
        "20" : 0.476842,
        "50" : 0.073472,
        "100" : 0.010000,
        "250" : 0.010000,
        "500" : 0.011742,
        "750" : 0.010000,
        "1000" : 0.010000
      },
      "latency_ms" : {
        "2" : 0.010000,
        "4" : 0.010000,
        "10" : 0.010000,
        "20" : 0.010000,
        "50" : 0.010000,
        "100" : 0.000000,
        "250" : 0.010000,
        "500" : 0.000000,
        "750" : 0.000000,
        "1000" : 0.000000,
        "2000" : 0.000000,
        ">=2000" : 0.000000
      },
      "latency_depth" : 1,
      "latency_target" : 0,
      "latency_percentile" : 100.000000,
      "latency_window" : 0
    }
  ],
  "disk_util" : [
    {
      "name" : "sda",
      "read_ios" : 196497,
      "write_ios" : 131798,
      "read_sectors" : 1576336,
      "write_sectors" : 8257928,
      "read_merges" : 421,
      "write_merges" : 12296,
      "read_ticks" : 395660,
      "write_ticks" : 14525984,
      "in_queue" : 14921654,
      "util" : 8.353056
    }
  ]
}
