{
  "fio version" : "fio-3.40",
  "timestamp" : 1765212600,
  "timestamp_ms" : 1765212600917,
  "time" : "Mon Dec  8 17:50:00 2025",
  "global options" : {
    "group_reporting" : "",
    "ioengine" : "mmap",
    "size" : "768m",
    "thread" : "1",
    "directory" : "/tmp",
    "time_based" : "",
    "runtime" : "180",
    "norandommap" : "1",
    "filename" : "/tmp/fio_readwrite",
    "share_mmap" : "1",
    "repl" : "1"
  },
  "jobs" : [
    {
      "jobname" : "writers",
      "groupid" : 0,
      "job_start" : 1765212420723,
      "error" : 0,
      "eta" : 0,
      "elapsed" : 181,
      "job options" : {
        "rw" : "randread",
        "random_distribution" : "random",
        "numjobs" : "51"
      },
      "read" : {
        "io_bytes" : 6857602711552,
        "io_kbytes" : 6696877648,
        "bw_bytes" : 38096734599,
        "bw" : 37203842,
        "iops" : 9300960.595539,
        "runtime" : 180005,
        "total_ios" : 1674219412,
        "short_ios" : 0,
        "drop_ios" : 0,
        "slat_ns" : {
          "min" : 0,
          "max" : 0,
          "mean" : 0.000000,
          "stddev" : 0.000000,
          "N" : 0
        },
        "clat_ns" : {
          "min" : 78,
          "max" : 26638685,
          "mean" : 4370.630676,
          "stddev" : 17513.305057,
          "N" : 1674219412,
          "percentile" : {
            "1.000000" : 1592,
            "5.000000" : 2224,
            "10.000000" : 2576,
            "20.000000" : 3056,
            "30.000000" : 3408,
            "40.000000" : 3728,
            "50.000000" : 4080,
            "60.000000" : 4384,
            "70.000000" : 4768,
            "80.000000" : 5280,
            "90.000000" : 5984,
            "95.000000" : 6752,
            "99.000000" : 9024,
            "99.500000" : 12096,
            "99.900000" : 20352,
            "99.950000" : 22144,
            "99.990000" : 33536
          }
        },
        "lat_ns" : {
          "min" : 101,
          "max" : 26638775,
          "mean" : 4529.665288,
          "stddev" : 17537.423372,
          "N" : 1674219412
        },
        "bw_min" : 46552,
        "bw_max" : 42652308,
        "bw_agg" : 100.000000,
        "bw_mean" : 37761653.594901,
        "bw_dev" : 120696.132227,
        "bw_samples" : 18003,
        "iops_min" : 11638,
        "iops_max" : 10663065,
        "iops_mean" : 9440396.280453,
        "iops_stddev" : 30174.006308,
        "iops_samples" : 18003
      },
      "write" : {
        "io_bytes" : 10098024914944,
        "io_kbytes" : 9861352456,
        "bw_bytes" : 56098268474,
        "bw" : 54783465,
        "iops" : 13695866.326678,
        "runtime" : 180006,
        "total_ios" : 2465338114,
        "short_ios" : 0,
        "drop_ios" : 0,
        "slat_ns" : {
          "min" : 0,
          "max" : 0,
          "mean" : 0.000000,
          "stddev" : 0.000000,
          "N" : 0
        },
        "clat_ns" : {
          "min" : 79,
          "max" : 79638621,
          "mean" : 4154.653458,
          "stddev" : 23387.487846,
          "N" : 2465338114,
          "percentile" : {
            "1.000000" : 1544,
            "5.000000" : 2064,
            "10.000000" : 2352,
            "20.000000" : 2736,
            "30.000000" : 3056,
            "40.000000" : 3376,
            "50.000000" : 3664,
            "60.000000" : 4016,
            "70.000000" : 4384,
            "80.000000" : 4896,
            "90.000000" : 5664,
            "95.000000" : 6304,
            "99.000000" : 8512,
            "99.500000" : 11968,
            "99.900000" : 20864,
            "99.950000" : 28288,
            "99.990000" : 415744
          }
        },
        "lat_ns" : {
          "min" : 111,
          "max" : 79638672,
          "mean" : 4326.892035,
          "stddev" : 23567.985788,
          "N" : 2465338114
        },
        "bw_min" : 67168,
        "bw_max" : 74499439,
        "bw_agg" : 100.000000,
        "bw_mean" : 55605303.453258,
        "bw_dev" : 134920.492614,
        "bw_samples" : 27181,
        "iops_min" : 16792,
        "iops_max" : 18624826,
        "iops_mean" : 13901300.433428,
        "iops_stddev" : 33730.107107,
        "iops_samples" : 27181
      },
      "trim" : {
        "io_bytes" : 0,
        "io_kbytes" : 0,
        "bw_bytes" : 0,
        "bw" : 0,
        "iops" : 0.000000,
        "runtime" : 0,
        "total_ios" : 0,
        "short_ios" : 0,
        "drop_ios" : 0,
        "slat_ns" : {
          "min" : 0,
          "max" : 0,
          "mean" : 0.000000,
          "stddev" : 0.000000,
          "N" : 0
        },
        "clat_ns" : {
          "min" : 0,
          "max" : 0,
          "mean" : 0.000000,
          "stddev" : 0.000000,
          "N" : 0
        },
        "lat_ns" : {
          "min" : 0,
          "max" : 0,
          "mean" : 0.000000,
          "stddev" : 0.000000,
          "N" : 0
        },
        "bw_min" : 0,
        "bw_max" : 0,
        "bw_agg" : 0.000000,
        "bw_mean" : 0.000000,
        "bw_dev" : 0.000000,
        "bw_samples" : 0,
        "iops_min" : 0,
        "iops_max" : 0,
        "iops_mean" : 0.000000,
        "iops_stddev" : 0.000000,
        "iops_samples" : 0
      },
      "sync" : {
        "total_ios" : 0,
        "lat_ns" : {
          "min" : 0,
          "max" : 0,
          "mean" : 0.000000,
          "stddev" : 0.000000,
          "N" : 0
        }
      },
      "job_runtime" : 23040090,
      "usr_cpu" : 94.918718,
      "sys_cpu" : 1.357595,
      "ctx" : 1121936,
      "majf" : 196613,
      "minf" : 865993,
      "iodepth_level" : {
        "1" : 100.000000,
        "2" : 0.000000,
        "4" : 0.000000,
        "8" : 0.000000,
        "16" : 0.000000,
        "32" : 0.000000,
        ">=64" : 0.000000
      },
      "iodepth_submit" : {
        "0" : 0.000000,
        "4" : 100.000000,
        "8" : 0.000000,
        "16" : 0.000000,
        "32" : 0.000000,
        "64" : 0.000000,
        ">=64" : 0.000000
      },
      "iodepth_complete" : {
        "0" : 0.000000,
        "4" : 100.000000,
        "8" : 0.000000,
        "16" : 0.000000,
        "32" : 0.000000,
        "64" : 0.000000,
        ">=64" : 0.000000
      },
      "latency_ns" : {
        "2" : 0.000000,
        "4" : 0.000000,
        "10" : 0.000000,
        "20" : 0.000000,
        "50" : 0.000000,
        "100" : 0.010000,
        "250" : 0.032781,
        "500" : 0.016957,
        "750" : 0.038879,
        "1000" : 0.091745
      },
      "latency_us" : {
        "2" : 3.464475,
        "4" : 51.316111,
        "10" : 44.312335,
        "20" : 0.601533,
        "50" : 0.100234,
        "100" : 0.010000,
        "250" : 0.010000,
        "500" : 0.013443,
        "750" : 0.010000,
        "1000" : 0.010000
      },
      "latency_ms" : {
        "2" : 0.010000,
        "4" : 0.010000,
        "10" : 0.010000,
        "20" : 0.010000,
        "50" : 0.010000,
        "100" : 0.010000,
        "250" : 0.000000,
        "500" : 0.000000,
        "750" : 0.000000,
        "1000" : 0.000000,
        "2000" : 0.000000,
        ">=2000" : 0.000000
      },
      "latency_depth" : 1,
      "latency_target" : 0,
      "latency_percentile" : 100.000000,
      "latency_window" : 0
    }
  ],
  "disk_util" : [
    {
      "name" : "sda",
      "read_ios" : 196382,
      "write_ios" : 93134,
      "read_sectors" : 1573360,
      "write_sectors" : 7360080,
      "read_merges" : 288,
      "write_merges" : 1543,
      "read_ticks" : 402076,
      "write_ticks" : 15959239,
      "in_queue" : 16361329,
      "util" : 7.889788
    }
  ]
}
