{
  "fio version" : "fio-3.40",
  "timestamp" : 1764797144,
  "timestamp_ms" : 1764797144776,
  "time" : "Wed Dec  3 22:25:44 2025",
  "global options" : {
    "group_reporting" : "",
    "ioengine" : "mmap",
    "size" : "768m",
    "thread" : "1",
    "directory" : "/tmp",
    "time_based" : "",
    "runtime" : "180",
    "norandommap" : "1",
    "filename" : "/tmp/fio_readwrite",
    "share_mmap" : "1",
    "repl" : "1"
  },
  "jobs" : [
    {
      "jobname" : "writers",
      "groupid" : 0,
      "job_start" : 1764796964660,
      "error" : 0,
      "eta" : 0,
      "elapsed" : 181,
      "job options" : {
        "rw" : "randread",
        "random_distribution" : "random",
        "numjobs" : "77"
      },
      "read" : {
        "io_bytes" : 9439096516608,
        "io_kbytes" : 9217867692,
        "bw_bytes" : 52438259797,
        "bw" : 51209238,
        "iops" : 12802309.520900,
        "runtime" : 180004,
        "total_ios" : 2304466923,
        "short_ios" : 0,
        "drop_ios" : 0,
        "slat_ns" : {
          "min" : 0,
          "max" : 0,
          "mean" : 0.000000,
          "stddev" : 0.000000,
          "N" : 0
        },
        "clat_ns" : {
          "min" : 79,
          "max" : 20046730,
          "mean" : 4562.946240,
          "stddev" : 16758.274416,
          "N" : 2304466923,
          "percentile" : {
            "1.000000" : 1224,
            "5.000000" : 2040,
            "10.000000" : 2384,
            "20.000000" : 2832,
            "30.000000" : 3184,
            "40.000000" : 3504,
            "50.000000" : 3824,
            "60.000000" : 4128,
            "70.000000" : 4512,
            "80.000000" : 4960,
            "90.000000" : 5728,
            "95.000000" : 6432,
            "99.000000" : 9664,
            "99.500000" : 13760,
            "99.900000" : 232448,
            "99.950000" : 284672,
            "99.990000" : 561152
          }
        },
        "lat_ns" : {
          "min" : 101,
          "max" : 20047271,
          "mean" : 4776.149338,
          "stddev" : 16846.349884,
          "N" : 2304466923
        },
        "bw_min" : 275513,
        "bw_max" : 65309143,
        "bw_agg" : 100.000000,
        "bw_mean" : 53140825.345062,
        "bw_dev" : 216216.949454,
        "bw_samples" : 26575,
        "iops_min" : 68861,
        "iops_max" : 16327276,
        "iops_mean" : 13285179.184056,
        "iops_stddev" : 54054.197836,
        "iops_samples" : 26575
      },
      "write" : {
        "io_bytes" : 6803950206976,
        "io_kbytes" : 6644482624,
        "bw_bytes" : 37798883396,
        "bw" : 36912972,
        "iops" : 9228243.016822,
        "runtime" : 180004,
        "total_ios" : 1661120656,
        "short_ios" : 0,
        "drop_ios" : 0,
        "slat_ns" : {
          "min" : 0,
          "max" : 0,
          "mean" : 0.000000,
          "stddev" : 0.000000,
          "N" : 0
        },
        "clat_ns" : {
          "min" : 86,
          "max" : 12971873,
          "mean" : 4262.721016,
          "stddev" : 18021.932412,
          "N" : 1661120656,
          "percentile" : {
            "1.000000" : 1512,
            "5.000000" : 2008,
            "10.000000" : 2256,
            "20.000000" : 2640,
            "30.000000" : 2960,
            "40.000000" : 3216,
            "50.000000" : 3504,
            "60.000000" : 3792,
            "70.000000" : 4128,
            "80.000000" : 4576,
            "90.000000" : 5216,
            "95.000000" : 5792,
            "99.000000" : 8512,
            "99.500000" : 12608,
            "99.900000" : 236544,
            "99.950000" : 428032,
            "99.990000" : 675840
          }
        },
        "lat_ns" : {
          "min" : 120,
          "max" : 12971944,
          "mean" : 4421.462156,
          "stddev" : 18066.480320,
          "N" : 1661120656
        },
        "bw_min" : 170420,
        "bw_max" : 45375940,
        "bw_agg" : 100.000000,
        "bw_mean" : 38335641.649299,
        "bw_dev" : 245731.876214,
        "bw_samples" : 17590,
        "iops_min" : 42594,
        "iops_max" : 11343976,
        "iops_mean" : 9583893.693634,
        "iops_stddev" : 61432.936911,
        "iops_samples" : 17590
      },
      "trim" : {
        "io_bytes" : 0,
        "io_kbytes" : 0,
        "bw_bytes" : 0,
        "bw" : 0,
        "iops" : 0.000000,
        "runtime" : 0,
        "total_ios" : 0,
        "short_ios" : 0,
        "drop_ios" : 0,
        "slat_ns" : {
          "min" : 0,
          "max" : 0,
          "mean" : 0.000000,
          "stddev" : 0.000000,
          "N" : 0
        },
        "clat_ns" : {
          "min" : 0,
          "max" : 0,
          "mean" : 0.000000,
          "stddev" : 0.000000,
          "N" : 0
        },
        "lat_ns" : {
          "min" : 0,
          "max" : 0,
          "mean" : 0.000000,
          "stddev" : 0.000000,
          "N" : 0
        },
        "bw_min" : 0,
        "bw_max" : 0,
        "bw_agg" : 0.000000,
        "bw_mean" : 0.000000,
        "bw_dev" : 0.000000,
        "bw_samples" : 0,
        "iops_min" : 0,
        "iops_max" : 0,
        "iops_mean" : 0.000000,
        "iops_stddev" : 0.000000,
        "iops_samples" : 0
      },
      "sync" : {
        "total_ios" : 0,
        "lat_ns" : {
          "min" : 0,
          "max" : 0,
          "mean" : 0.000000,
          "stddev" : 0.000000,
          "N" : 0
        }
      },
      "job_runtime" : 23040052,
      "usr_cpu" : 86.378924,
      "sys_cpu" : 12.362950,
      "ctx" : 457471,
      "majf" : 144692,
      "minf" : 7172803,
      "iodepth_level" : {
        "1" : 100.000000,
        "2" : 0.000000,
        "4" : 0.000000,
        "8" : 0.000000,
        "16" : 0.000000,
        "32" : 0.000000,
        ">=64" : 0.000000
      },
      "iodepth_submit" : {
        "0" : 0.000000,
        "4" : 100.000000,
        "8" : 0.000000,
        "16" : 0.000000,
        "32" : 0.000000,
        "64" : 0.000000,
        ">=64" : 0.000000
      },
      "iodepth_complete" : {
        "0" : 0.000000,
        "4" : 100.000000,
        "8" : 0.000000,
        "16" : 0.000000,
        "32" : 0.000000,
        "64" : 0.000000,
        ">=64" : 0.000000
      },
      "latency_ns" : {
        "2" : 0.000000,
        "4" : 0.000000,
        "10" : 0.000000,
        "20" : 0.000000,
        "50" : 0.000000,
        "100" : 0.010000,
        "250" : 0.033713,
        "500" : 0.031824,
        "750" : 0.147090,
        "1000" : 0.225104
      },
      "latency_us" : {
        "2" : 4.314740,
        "4" : 55.299988,
        "10" : 39.068905,
        "20" : 0.619615,
        "50" : 0.078542,
        "100" : 0.010000,
        "250" : 0.096782,
        "500" : 0.062361,
        "750" : 0.013190,
        "1000" : 0.010000
      },
      "latency_ms" : {
        "2" : 0.010000,
        "4" : 0.010000,
        "10" : 0.010000,
        "20" : 0.010000,
        "50" : 0.010000,
        "100" : 0.000000,
        "250" : 0.000000,
        "500" : 0.000000,
        "750" : 0.000000,
        "1000" : 0.000000,
        "2000" : 0.000000,
        ">=2000" : 0.000000
      },
      "latency_depth" : 1,
      "latency_target" : 0,
      "latency_percentile" : 100.000000,
      "latency_window" : 0
    }
  ],
  "disk_util" : [
    {
      "name" : "sda",
      "read_ios" : 144701,
      "write_ios" : 35787,
      "read_sectors" : 1160280,
      "write_sectors" : 1889216,
      "read_merges" : 273,
      "write_merges" : 443,
      "read_ticks" : 121549,
      "write_ticks" : 20092618,
      "in_queue" : 20214176,
      "util" : 3.028936
    }
  ]
}
