{
  "fio version" : "fio-3.40",
  "timestamp" : 1770006951,
  "timestamp_ms" : 1770006951234,
  "time" : "Mon Feb  2 05:35:51 2026",
  "global options" : {
    "group_reporting" : "",
    "ioengine" : "mmap",
    "size" : "768m",
    "thread" : "1",
    "directory" : "/tmp",
    "time_based" : "",
    "runtime" : "180",
    "norandommap" : "1",
    "filename" : "/tmp/fio_readwrite",
    "share_mmap" : "1",
    "repl" : "1"
  },
  "jobs" : [
    {
      "jobname" : "writers",
      "groupid" : 0,
      "job_start" : 1770006771101,
      "error" : 0,
      "eta" : 0,
      "elapsed" : 181,
      "job options" : {
        "rw" : "randread",
        "random_distribution" : "random",
        "numjobs" : "38"
      },
      "read" : {
        "io_bytes" : 5136141955072,
        "io_kbytes" : 5015763628,
        "bw_bytes" : 28533487895,
        "bw" : 27864734,
        "iops" : 6966183.568143,
        "runtime" : 180004,
        "total_ios" : 1253940907,
        "short_ios" : 0,
        "drop_ios" : 0,
        "slat_ns" : {
          "min" : 0,
          "max" : 0,
          "mean" : 0.000000,
          "stddev" : 0.000000,
          "N" : 0
        },
        "clat_ns" : {
          "min" : 80,
          "max" : 27664836,
          "mean" : 4126.054551,
          "stddev" : 20147.256471,
          "N" : 1253940907,
          "percentile" : {
            "1.000000" : 1432,
            "5.000000" : 2040,
            "10.000000" : 2384,
            "20.000000" : 2832,
            "30.000000" : 3184,
            "40.000000" : 3504,
            "50.000000" : 3824,
            "60.000000" : 4128,
            "70.000000" : 4512,
            "80.000000" : 4960,
            "90.000000" : 5664,
            "95.000000" : 6368,
            "99.000000" : 8512,
            "99.500000" : 11200,
            "99.900000" : 19328,
            "99.950000" : 21376,
            "99.990000" : 34048
          }
        },
        "lat_ns" : {
          "min" : 103,
          "max" : 27666518,
          "mean" : 4298.907883,
          "stddev" : 20287.270442,
          "N" : 1253940907
        },
        "bw_min" : 20668,
        "bw_max" : 35355842,
        "bw_agg" : 100.000000,
        "bw_mean" : 28282461.177166,
        "bw_dev" : 129039.787633,
        "bw_samples" : 13401,
        "iops_min" : 5160,
        "iops_max" : 8838948,
        "iops_mean" : 7070601.420084,
        "iops_stddev" : 32259.929469,
        "iops_samples" : 13401
      },
      "write" : {
        "io_bytes" : 12028743852032,
        "io_kbytes" : 11746820168,
        "bw_bytes" : 66824869736,
        "bw" : 65258661,
        "iops" : 16314665.462990,
        "runtime" : 180004,
        "total_ios" : 2936705042,
        "short_ios" : 0,
        "drop_ios" : 0,
        "slat_ns" : {
          "min" : 0,
          "max" : 0,
          "mean" : 0.000000,
          "stddev" : 0.000000,
          "N" : 0
        },
        "clat_ns" : {
          "min" : 79,
          "max" : 67843663,
          "mean" : 4012.956063,
          "stddev" : 21227.523423,
          "N" : 2936705042,
          "percentile" : {
            "1.000000" : 1400,
            "5.000000" : 1976,
            "10.000000" : 2288,
            "20.000000" : 2704,
            "30.000000" : 3024,
            "40.000000" : 3312,
            "50.000000" : 3632,
            "60.000000" : 3920,
            "70.000000" : 4256,
            "80.000000" : 4704,
            "90.000000" : 5344,
            "95.000000" : 5984,
            "99.000000" : 8160,
            "99.500000" : 11200,
            "99.900000" : 20352,
            "99.950000" : 24960,
            "99.990000" : 370688
          }
        },
        "lat_ns" : {
          "min" : 108,
          "max" : 67844417,
          "mean" : 4216.655603,
          "stddev" : 21392.820780,
          "N" : 2936705042
        },
        "bw_min" : 47040,
        "bw_max" : 82602488,
        "bw_agg" : 100.000000,
        "bw_mean" : 66239635.819574,
        "bw_dev" : 122771.062063,
        "bw_samples" : 31722,
        "iops_min" : 11736,
        "iops_max" : 20650612,
        "iops_mean" : 16559877.878034,
        "iops_stddev" : 30692.756103,
        "iops_samples" : 31722
      },
      "trim" : {
        "io_bytes" : 0,
        "io_kbytes" : 0,
        "bw_bytes" : 0,
        "bw" : 0,
        "iops" : 0.000000,
        "runtime" : 0,
        "total_ios" : 0,
        "short_ios" : 0,
        "drop_ios" : 0,
        "slat_ns" : {
          "min" : 0,
          "max" : 0,
          "mean" : 0.000000,
          "stddev" : 0.000000,
          "N" : 0
        },
        "clat_ns" : {
          "min" : 0,
          "max" : 0,
          "mean" : 0.000000,
          "stddev" : 0.000000,
          "N" : 0
        },
        "lat_ns" : {
          "min" : 0,
          "max" : 0,
          "mean" : 0.000000,
          "stddev" : 0.000000,
          "N" : 0
        },
        "bw_min" : 0,
        "bw_max" : 0,
        "bw_agg" : 0.000000,
        "bw_mean" : 0.000000,
        "bw_dev" : 0.000000,
        "bw_samples" : 0,
        "iops_min" : 0,
        "iops_max" : 0,
        "iops_mean" : 0.000000,
        "iops_stddev" : 0.000000,
        "iops_samples" : 0
      },
      "sync" : {
        "total_ios" : 0,
        "lat_ns" : {
          "min" : 0,
          "max" : 0,
          "mean" : 0.000000,
          "stddev" : 0.000000,
          "N" : 0
        }
      },
      "job_runtime" : 23040073,
      "usr_cpu" : 94.742543,
      "sys_cpu" : 1.349319,
      "ctx" : 1160362,
      "majf" : 196615,
      "minf" : 912544,
      "iodepth_level" : {
        "1" : 100.000000,
        "2" : 0.000000,
        "4" : 0.000000,
        "8" : 0.000000,
        "16" : 0.000000,
        "32" : 0.000000,
        ">=64" : 0.000000
      },
      "iodepth_submit" : {
        "0" : 0.000000,
        "4" : 100.000000,
        "8" : 0.000000,
        "16" : 0.000000,
        "32" : 0.000000,
        "64" : 0.000000,
        ">=64" : 0.000000
      },
      "iodepth_complete" : {
        "0" : 0.000000,
        "4" : 100.000000,
        "8" : 0.000000,
        "16" : 0.000000,
        "32" : 0.000000,
        "64" : 0.000000,
        ">=64" : 0.000000
      },
      "latency_ns" : {
        "2" : 0.000000,
        "4" : 0.000000,
        "10" : 0.000000,
        "20" : 0.000000,
        "50" : 0.000000,
        "100" : 0.010000,
        "250" : 0.031343,
        "500" : 0.017156,
        "750" : 0.049851,
        "1000" : 0.143883
      },
      "latency_us" : {
        "2" : 4.800552,
        "4" : 55.226409,
        "10" : 39.112193,
        "20" : 0.519704,
        "50" : 0.072902,
        "100" : 0.010000,
        "250" : 0.010000,
        "500" : 0.013056,
        "750" : 0.010000,
        "1000" : 0.010000
      },
      "latency_ms" : {
        "2" : 0.010000,
        "4" : 0.010000,
        "10" : 0.010000,
        "20" : 0.010000,
        "50" : 0.010000,
        "100" : 0.010000,
        "250" : 0.000000,
        "500" : 0.000000,
        "750" : 0.000000,
        "1000" : 0.000000,
        "2000" : 0.000000,
        ">=2000" : 0.000000
      },
      "latency_depth" : 1,
      "latency_target" : 0,
      "latency_percentile" : 100.000000,
      "latency_window" : 0
    }
  ],
  "disk_util" : [
    {
      "name" : "sda",
      "read_ios" : 196457,
      "write_ios" : 94364,
      "read_sectors" : 1576040,
      "write_sectors" : 7942600,
      "read_merges" : 424,
      "write_merges" : 1554,
      "read_ticks" : 393112,
      "write_ticks" : 22492643,
      "in_queue" : 22885766,
      "util" : 7.502631
    }
  ]
}
