{
  "fio version" : "fio-3.40",
  "timestamp" : 1764729641,
  "timestamp_ms" : 1764729641767,
  "time" : "Wed Dec  3 03:40:41 2025",
  "global options" : {
    "group_reporting" : "",
    "ioengine" : "mmap",
    "size" : "768m",
    "thread" : "1",
    "directory" : "/tmp",
    "time_based" : "",
    "runtime" : "180",
    "filename" : "/tmp/fio_readwrite",
    "share_mmap" : "1",
    "repl" : "1"
  },
  "jobs" : [
    {
      "jobname" : "writers",
      "groupid" : 0,
      "job_start" : 1764729461566,
      "error" : 0,
      "eta" : 0,
      "elapsed" : 181,
      "job options" : {
        "rw" : "randread",
        "random_distribution" : "zipf",
        "numjobs" : "26"
      },
      "read" : {
        "io_bytes" : 6183263014912,
        "io_kbytes" : 6038342788,
        "bw_bytes" : 34351079515,
        "bw" : 33545976,
        "iops" : 8386494.022289,
        "runtime" : 180002,
        "total_ios" : 1509585697,
        "short_ios" : 0,
        "drop_ios" : 0,
        "slat_ns" : {
          "min" : 0,
          "max" : 0,
          "mean" : 0.000000,
          "stddev" : 0.000000,
          "N" : 0
        },
        "clat_ns" : {
          "min" : 74,
          "max" : 14264947,
          "mean" : 1823.138399,
          "stddev" : 11585.071510,
          "N" : 1509585697,
          "percentile" : {
            "1.000000" : 109,
            "5.000000" : 123,
            "10.000000" : 145,
            "20.000000" : 191,
            "30.000000" : 282,
            "40.000000" : 732,
            "50.000000" : 1400,
            "60.000000" : 1880,
            "70.000000" : 2384,
            "80.000000" : 3056,
            "90.000000" : 4128,
            "95.000000" : 5088,
            "99.000000" : 7008,
            "99.500000" : 8096,
            "99.900000" : 15040,
            "99.950000" : 19840,
            "99.990000" : 30080
          }
        },
        "lat_ns" : {
          "min" : 92,
          "max" : 14264967,
          "mean" : 2010.452613,
          "stddev" : 11641.987791,
          "N" : 1509585697
        },
        "bw_min" : 87954,
        "bw_max" : 41056105,
        "bw_agg" : 100.000000,
        "bw_mean" : 33853684.926761,
        "bw_dev" : 254704.591241,
        "bw_samples" : 9230,
        "iops_min" : 21988,
        "iops_max" : 10264010,
        "iops_mean" : 8463413.369014,
        "iops_stddev" : 63676.109148,
        "iops_samples" : 9230
      },
      "write" : {
        "io_bytes" : 21973258993664,
        "io_kbytes" : 21458260736,
        "bw_bytes" : 122071626548,
        "bw" : 119210572,
        "iops" : 29802643.200391,
        "runtime" : 180003,
        "total_ios" : 5364565184,
        "short_ios" : 0,
        "drop_ios" : 0,
        "slat_ns" : {
          "min" : 0,
          "max" : 0,
          "mean" : 0.000000,
          "stddev" : 0.000000,
          "N" : 0
        },
        "clat_ns" : {
          "min" : 69,
          "max" : 76054774,
          "mean" : 1908.397126,
          "stddev" : 14477.845689,
          "N" : 5364565184,
          "percentile" : {
            "1.000000" : 108,
            "5.000000" : 120,
            "10.000000" : 141,
            "20.000000" : 189,
            "30.000000" : 290,
            "40.000000" : 820,
            "50.000000" : 1432,
            "60.000000" : 1944,
            "70.000000" : 2512,
            "80.000000" : 3184,
            "90.000000" : 4192,
            "95.000000" : 5024,
            "99.000000" : 6816,
            "99.500000" : 7968,
            "99.900000" : 18048,
            "99.950000" : 21376,
            "99.990000" : 238592
          }
        },
        "lat_ns" : {
          "min" : 98,
          "max" : 76054820,
          "mean" : 2126.183514,
          "stddev" : 14687.421769,
          "N" : 5364565184
        },
        "bw_min" : 341435,
        "bw_max" : 182847124,
        "bw_agg" : 100.000000,
        "bw_mean" : 120311273.059155,
        "bw_dev" : 289063.790509,
        "bw_samples" : 36210,
        "iops_min" : 85357,
        "iops_max" : 45711800,
        "iops_mean" : 30077790.709859,
        "iops_stddev" : 72265.966124,
        "iops_samples" : 36210
      },
      "trim" : {
        "io_bytes" : 0,
        "io_kbytes" : 0,
        "bw_bytes" : 0,
        "bw" : 0,
        "iops" : 0.000000,
        "runtime" : 0,
        "total_ios" : 0,
        "short_ios" : 0,
        "drop_ios" : 0,
        "slat_ns" : {
          "min" : 0,
          "max" : 0,
          "mean" : 0.000000,
          "stddev" : 0.000000,
          "N" : 0
        },
        "clat_ns" : {
          "min" : 0,
          "max" : 0,
          "mean" : 0.000000,
          "stddev" : 0.000000,
          "N" : 0
        },
        "lat_ns" : {
          "min" : 0,
          "max" : 0,
          "mean" : 0.000000,
          "stddev" : 0.000000,
          "N" : 0
        },
        "bw_min" : 0,
        "bw_max" : 0,
        "bw_agg" : 0.000000,
        "bw_mean" : 0.000000,
        "bw_dev" : 0.000000,
        "bw_samples" : 0,
        "iops_min" : 0,
        "iops_max" : 0,
        "iops_mean" : 0.000000,
        "iops_stddev" : 0.000000,
        "iops_samples" : 0
      },
      "sync" : {
        "total_ios" : 0,
        "lat_ns" : {
          "min" : 0,
          "max" : 0,
          "mean" : 0.000000,
          "stddev" : 0.000000,
          "N" : 0
        }
      },
      "job_runtime" : 23040012,
      "usr_cpu" : 96.163995,
      "sys_cpu" : 0.971705,
      "ctx" : 711983,
      "majf" : 196621,
      "minf" : 920759,
      "iodepth_level" : {
        "1" : 100.000000,
        "2" : 0.000000,
        "4" : 0.000000,
        "8" : 0.000000,
        "16" : 0.000000,
        "32" : 0.000000,
        ">=64" : 0.000000
      },
      "iodepth_submit" : {
        "0" : 0.000000,
        "4" : 100.000000,
        "8" : 0.000000,
        "16" : 0.000000,
        "32" : 0.000000,
        "64" : 0.000000,
        ">=64" : 0.000000
      },
      "iodepth_complete" : {
        "0" : 0.000000,
        "4" : 100.000000,
        "8" : 0.000000,
        "16" : 0.000000,
        "32" : 0.000000,
        "64" : 0.000000,
        ">=64" : 0.000000
      },
      "latency_ns" : {
        "2" : 0.000000,
        "4" : 0.000000,
        "10" : 0.000000,
        "20" : 0.000000,
        "50" : 0.000000,
        "100" : 0.016681,
        "250" : 28.733697,
        "500" : 6.157231,
        "750" : 4.336468,
        "1000" : 3.788299
      },
      "latency_us" : {
        "2" : 18.364767,
        "4" : 27.261970,
        "10" : 11.042654,
        "20" : 0.236666,
        "50" : 0.047600,
        "100" : 0.010000,
        "250" : 0.010000,
        "500" : 0.010000,
        "750" : 0.010000,
        "1000" : 0.010000
      },
      "latency_ms" : {
        "2" : 0.010000,
        "4" : 0.010000,
        "10" : 0.010000,
        "20" : 0.010000,
        "50" : 0.010000,
        "100" : 0.010000,
        "250" : 0.000000,
        "500" : 0.000000,
        "750" : 0.000000,
        "1000" : 0.000000,
        "2000" : 0.000000,
        ">=2000" : 0.000000
      },
      "latency_depth" : 1,
      "latency_target" : 0,
      "latency_percentile" : 100.000000,
      "latency_window" : 0
    }
  ],
  "disk_util" : [
    {
      "name" : "sda",
      "read_ios" : 196390,
      "write_ios" : 50407,
      "read_sectors" : 1573472,
      "write_sectors" : 7718088,
      "read_merges" : 294,
      "write_merges" : 759,
      "read_ticks" : 362262,
      "write_ticks" : 42168291,
      "in_queue" : 42530562,
      "util" : 6.853135
    }
  ]
}
