{
  "fio version" : "fio-3.40",
  "timestamp" : 1764796419,
  "timestamp_ms" : 1764796419770,
  "time" : "Wed Dec  3 22:13:39 2025",
  "global options" : {
    "group_reporting" : "",
    "ioengine" : "mmap",
    "size" : "768m",
    "thread" : "1",
    "directory" : "/tmp",
    "time_based" : "",
    "runtime" : "180",
    "norandommap" : "1",
    "filename" : "/tmp/fio_readwrite",
    "share_mmap" : "1",
    "repl" : "1"
  },
  "jobs" : [
    {
      "jobname" : "writers",
      "groupid" : 0,
      "job_start" : 1764796239606,
      "error" : 0,
      "eta" : 0,
      "elapsed" : 181,
      "job options" : {
        "rw" : "randread",
        "random_distribution" : "random",
        "numjobs" : "102"
      },
      "read" : {
        "io_bytes" : 11954205839360,
        "io_kbytes" : 11674029140,
        "bw_bytes" : 66410040995,
        "bw" : 64853555,
        "iops" : 16213388.914814,
        "runtime" : 180006,
        "total_ios" : 2918507285,
        "short_ios" : 0,
        "drop_ios" : 0,
        "slat_ns" : {
          "min" : 0,
          "max" : 0,
          "mean" : 0.000000,
          "stddev" : 0.000000,
          "N" : 0
        },
        "clat_ns" : {
          "min" : 80,
          "max" : 165659024,
          "mean" : 5194.961005,
          "stddev" : 38624.818969,
          "N" : 2918507285,
          "percentile" : {
            "1.000000" : 486,
            "5.000000" : 604,
            "10.000000" : 836,
            "20.000000" : 2096,
            "30.000000" : 2640,
            "40.000000" : 3120,
            "50.000000" : 3984,
            "60.000000" : 5152,
            "70.000000" : 6048,
            "80.000000" : 6944,
            "90.000000" : 8032,
            "95.000000" : 9024,
            "99.000000" : 12096,
            "99.500000" : 16320,
            "99.900000" : 230400,
            "99.950000" : 284672,
            "99.990000" : 518144
          }
        },
        "lat_ns" : {
          "min" : 102,
          "max" : 165659053,
          "mean" : 5373.944164,
          "stddev" : 38658.319155,
          "N" : 2918507285
        },
        "bw_min" : 193640,
        "bw_max" : 101691430,
        "bw_agg" : 100.000000,
        "bw_mean" : 66016126.164773,
        "bw_dev" : 158628.250697,
        "bw_samples" : 35904,
        "iops_min" : 48410,
        "iops_max" : 25422829,
        "iops_mean" : 16504004.664773,
        "iops_stddev" : 39657.072320,
        "iops_samples" : 35904
      },
      "write" : {
        "io_bytes" : 3028681850880,
        "io_kbytes" : 2957697120,
        "bw_bytes" : 16825542906,
        "bw" : 16431194,
        "iops" : 4107798.561151,
        "runtime" : 180005,
        "total_ios" : 739424280,
        "short_ios" : 0,
        "drop_ios" : 0,
        "slat_ns" : {
          "min" : 0,
          "max" : 0,
          "mean" : 0.000000,
          "stddev" : 0.000000,
          "N" : 0
        },
        "clat_ns" : {
          "min" : 87,
          "max" : 162029706,
          "mean" : 5159.024106,
          "stddev" : 40098.362193,
          "N" : 739424280,
          "percentile" : {
            "1.000000" : 1592,
            "5.000000" : 1912,
            "10.000000" : 2128,
            "20.000000" : 2448,
            "30.000000" : 2704,
            "40.000000" : 2992,
            "50.000000" : 3280,
            "60.000000" : 3728,
            "70.000000" : 4768,
            "80.000000" : 5920,
            "90.000000" : 7200,
            "95.000000" : 8160,
            "99.000000" : 11456,
            "99.500000" : 18560,
            "99.900000" : 264192,
            "99.950000" : 382976,
            "99.990000" : 692224
          }
        },
        "lat_ns" : {
          "min" : 122,
          "max" : 162029760,
          "mean" : 5292.021542,
          "stddev" : 40122.331494,
          "N" : 739424280
        },
        "bw_min" : 46024,
        "bw_max" : 21318640,
        "bw_agg" : 100.000000,
        "bw_mean" : 16716749.750000,
        "bw_dev" : 295221.727396,
        "bw_samples" : 9152,
        "iops_min" : 11506,
        "iops_max" : 5329657,
        "iops_mean" : 4179180.875000,
        "iops_stddev" : 73805.403267,
        "iops_samples" : 9152
      },
      "trim" : {
        "io_bytes" : 0,
        "io_kbytes" : 0,
        "bw_bytes" : 0,
        "bw" : 0,
        "iops" : 0.000000,
        "runtime" : 0,
        "total_ios" : 0,
        "short_ios" : 0,
        "drop_ios" : 0,
        "slat_ns" : {
          "min" : 0,
          "max" : 0,
          "mean" : 0.000000,
          "stddev" : 0.000000,
          "N" : 0
        },
        "clat_ns" : {
          "min" : 0,
          "max" : 0,
          "mean" : 0.000000,
          "stddev" : 0.000000,
          "N" : 0
        },
        "lat_ns" : {
          "min" : 0,
          "max" : 0,
          "mean" : 0.000000,
          "stddev" : 0.000000,
          "N" : 0
        },
        "bw_min" : 0,
        "bw_max" : 0,
        "bw_agg" : 0.000000,
        "bw_mean" : 0.000000,
        "bw_dev" : 0.000000,
        "bw_samples" : 0,
        "iops_min" : 0,
        "iops_max" : 0,
        "iops_mean" : 0.000000,
        "iops_stddev" : 0.000000,
        "iops_samples" : 0
      },
      "sync" : {
        "total_ios" : 0,
        "lat_ns" : {
          "min" : 0,
          "max" : 0,
          "mean" : 0.000000,
          "stddev" : 0.000000,
          "N" : 0
        }
      },
      "job_runtime" : 23040077,
      "usr_cpu" : 85.197406,
      "sys_cpu" : 10.953935,
      "ctx" : 951592,
      "majf" : 193184,
      "minf" : 10394807,
      "iodepth_level" : {
        "1" : 100.000000,
        "2" : 0.000000,
        "4" : 0.000000,
        "8" : 0.000000,
        "16" : 0.000000,
        "32" : 0.000000,
        ">=64" : 0.000000
      },
      "iodepth_submit" : {
        "0" : 0.000000,
        "4" : 100.000000,
        "8" : 0.000000,
        "16" : 0.000000,
        "32" : 0.000000,
        "64" : 0.000000,
        ">=64" : 0.000000
      },
      "iodepth_complete" : {
        "0" : 0.000000,
        "4" : 100.000000,
        "8" : 0.000000,
        "16" : 0.000000,
        "32" : 0.000000,
        "64" : 0.000000,
        ">=64" : 0.000000
      },
      "latency_ns" : {
        "2" : 0.000000,
        "4" : 0.000000,
        "10" : 0.000000,
        "20" : 0.000000,
        "50" : 0.000000,
        "100" : 0.010000,
        "250" : 0.042230,
        "500" : 1.077658,
        "750" : 5.385027,
        "1000" : 3.511545
      },
      "latency_us" : {
        "2" : 6.525798,
        "4" : 36.269468,
        "10" : 44.795928,
        "20" : 2.000341,
        "50" : 0.108911,
        "100" : 0.010000,
        "250" : 0.200501,
        "500" : 0.066309,
        "750" : 0.010000,
        "1000" : 0.010000
      },
      "latency_ms" : {
        "2" : 0.010000,
        "4" : 0.010000,
        "10" : 0.010000,
        "20" : 0.010000,
        "50" : 0.010000,
        "100" : 0.010000,
        "250" : 0.010000,
        "500" : 0.000000,
        "750" : 0.000000,
        "1000" : 0.000000,
        "2000" : 0.000000,
        ">=2000" : 0.000000
      },
      "latency_depth" : 1,
      "latency_target" : 0,
      "latency_percentile" : 100.000000,
      "latency_window" : 0
    }
  ],
  "disk_util" : [
    {
      "name" : "sda",
      "read_ios" : 193010,
      "write_ios" : 167991,
      "read_sectors" : 1545952,
      "write_sectors" : 3998176,
      "read_merges" : 234,
      "write_merges" : 13407,
      "read_ticks" : 422235,
      "write_ticks" : 12092485,
      "in_queue" : 12514729,
      "util" : 5.706045
    }
  ]
}
