{
  "fio version" : "fio-3.40",
  "timestamp" : 1769902702,
  "timestamp_ms" : 1769902702974,
  "time" : "Sun Feb  1 00:38:22 2026",
  "global options" : {
    "group_reporting" : "",
    "ioengine" : "mmap",
    "size" : "768m",
    "thread" : "1",
    "directory" : "/tmp",
    "time_based" : "",
    "runtime" : "180",
    "norandommap" : "1",
    "filename" : "/tmp/fio_readwrite",
    "share_mmap" : "1",
    "repl" : "1"
  },
  "jobs" : [
    {
      "jobname" : "writers",
      "groupid" : 0,
      "job_start" : 1769902522698,
      "error" : 0,
      "eta" : 0,
      "elapsed" : 181,
      "job options" : {
        "rw" : "randread",
        "random_distribution" : "random",
        "numjobs" : "109"
      },
      "read" : {
        "io_bytes" : 19957901389824,
        "io_kbytes" : 19490138076,
        "bw_bytes" : 110874766059,
        "bw" : 108276138,
        "iops" : 27069034.682563,
        "runtime" : 180004,
        "total_ios" : 4872534519,
        "short_ios" : 0,
        "drop_ios" : 0,
        "slat_ns" : {
          "min" : 0,
          "max" : 0,
          "mean" : 0.000000,
          "stddev" : 0.000000,
          "N" : 0
        },
        "clat_ns" : {
          "min" : 86,
          "max" : 21483880,
          "mean" : 3222.333749,
          "stddev" : 16520.743478,
          "N" : 4872534519,
          "percentile" : {
            "1.000000" : 516,
            "5.000000" : 628,
            "10.000000" : 772,
            "20.000000" : 1240,
            "30.000000" : 2064,
            "40.000000" : 2512,
            "50.000000" : 2832,
            "60.000000" : 3152,
            "70.000000" : 3504,
            "80.000000" : 3888,
            "90.000000" : 4512,
            "95.000000" : 5088,
            "99.000000" : 7328,
            "99.500000" : 10432,
            "99.900000" : 209920,
            "99.950000" : 238592,
            "99.990000" : 411648
          }
        },
        "lat_ns" : {
          "min" : 111,
          "max" : 21483904,
          "mean" : 3350.416109,
          "stddev" : 16556.796251,
          "N" : 4872534519
        },
        "bw_min" : 164571,
        "bw_max" : 165733047,
        "bw_agg" : 100.000000,
        "bw_mean" : 108998324.794944,
        "bw_dev" : 244339.079312,
        "bw_samples" : 38804,
        "iops_min" : 41139,
        "iops_max" : 41433227,
        "iops_mean" : 27249547.528090,
        "iops_stddev" : 61084.771609,
        "iops_samples" : 38804
      },
      "write" : {
        "io_bytes" : 2582464520192,
        "io_kbytes" : 2521938008,
        "bw_bytes" : 14346785999,
        "bw" : 14010533,
        "iops" : 3502633.300556,
        "runtime" : 180003,
        "total_ios" : 630484502,
        "short_ios" : 0,
        "drop_ios" : 0,
        "slat_ns" : {
          "min" : 0,
          "max" : 0,
          "mean" : 0.000000,
          "stddev" : 0.000000,
          "N" : 0
        },
        "clat_ns" : {
          "min" : 86,
          "max" : 21325937,
          "mean" : 4619.389779,
          "stddev" : 24291.905736,
          "N" : 630484502,
          "percentile" : {
            "1.000000" : 1496,
            "5.000000" : 1928,
            "10.000000" : 2192,
            "20.000000" : 2512,
            "30.000000" : 2768,
            "40.000000" : 3024,
            "50.000000" : 3248,
            "60.000000" : 3504,
            "70.000000" : 3792,
            "80.000000" : 4128,
            "90.000000" : 4704,
            "95.000000" : 5152,
            "99.000000" : 8512,
            "99.500000" : 19840,
            "99.900000" : 284672,
            "99.950000" : 436224,
            "99.990000" : 700416
          }
        },
        "lat_ns" : {
          "min" : 120,
          "max" : 21326157,
          "mean" : 4729.688708,
          "stddev" : 24301.401967,
          "N" : 630484502
        },
        "bw_min" : 26408,
        "bw_max" : 18278817,
        "bw_agg" : 100.000000,
        "bw_mean" : 14090372.786517,
        "bw_dev" : 384104.864038,
        "bw_samples" : 6764,
        "iops_min" : 6601,
        "iops_max" : 4569703,
        "iops_mean" : 3522587.224719,
        "iops_stddev" : 96026.172201,
        "iops_samples" : 6764
      },
      "trim" : {
        "io_bytes" : 0,
        "io_kbytes" : 0,
        "bw_bytes" : 0,
        "bw" : 0,
        "iops" : 0.000000,
        "runtime" : 0,
        "total_ios" : 0,
        "short_ios" : 0,
        "drop_ios" : 0,
        "slat_ns" : {
          "min" : 0,
          "max" : 0,
          "mean" : 0.000000,
          "stddev" : 0.000000,
          "N" : 0
        },
        "clat_ns" : {
          "min" : 0,
          "max" : 0,
          "mean" : 0.000000,
          "stddev" : 0.000000,
          "N" : 0
        },
        "lat_ns" : {
          "min" : 0,
          "max" : 0,
          "mean" : 0.000000,
          "stddev" : 0.000000,
          "N" : 0
        },
        "bw_min" : 0,
        "bw_max" : 0,
        "bw_agg" : 0.000000,
        "bw_mean" : 0.000000,
        "bw_dev" : 0.000000,
        "bw_samples" : 0,
        "iops_min" : 0,
        "iops_max" : 0,
        "iops_mean" : 0.000000,
        "iops_stddev" : 0.000000,
        "iops_samples" : 0
      },
      "sync" : {
        "total_ios" : 0,
        "lat_ns" : {
          "min" : 0,
          "max" : 0,
          "mean" : 0.000000,
          "stddev" : 0.000000,
          "N" : 0
        }
      },
      "job_runtime" : 23040097,
      "usr_cpu" : 87.206551,
      "sys_cpu" : 10.518497,
      "ctx" : 616680,
      "majf" : 194447,
      "minf" : 9778365,
      "iodepth_level" : {
        "1" : 100.000000,
        "2" : 0.000000,
        "4" : 0.000000,
        "8" : 0.000000,
        "16" : 0.000000,
        "32" : 0.000000,
        ">=64" : 0.000000
      },
      "iodepth_submit" : {
        "0" : 0.000000,
        "4" : 100.000000,
        "8" : 0.000000,
        "16" : 0.000000,
        "32" : 0.000000,
        "64" : 0.000000,
        ">=64" : 0.000000
      },
      "iodepth_complete" : {
        "0" : 0.000000,
        "4" : 100.000000,
        "8" : 0.000000,
        "16" : 0.000000,
        "32" : 0.000000,
        "64" : 0.000000,
        ">=64" : 0.000000
      },
      "latency_ns" : {
        "2" : 0.000000,
        "4" : 0.000000,
        "10" : 0.000000,
        "20" : 0.000000,
        "50" : 0.000000,
        "100" : 0.010000,
        "250" : 0.042744,
        "500" : 0.540690,
        "750" : 7.708213,
        "1000" : 6.262068
      },
      "latency_us" : {
        "2" : 11.868649,
        "4" : 54.904817,
        "10" : 18.101007,
        "20" : 0.329246,
        "50" : 0.063960,
        "100" : 0.010000,
        "250" : 0.126149,
        "500" : 0.042805,
        "750" : 0.010000,
        "1000" : 0.010000
      },
      "latency_ms" : {
        "2" : 0.010000,
        "4" : 0.010000,
        "10" : 0.010000,
        "20" : 0.010000,
        "50" : 0.010000,
        "100" : 0.000000,
        "250" : 0.000000,
        "500" : 0.000000,
        "750" : 0.000000,
        "1000" : 0.000000,
        "2000" : 0.000000,
        ">=2000" : 0.000000
      },
      "latency_depth" : 1,
      "latency_target" : 0,
      "latency_percentile" : 100.000000,
      "latency_window" : 0
    }
  ],
  "disk_util" : [
    {
      "name" : "sda",
      "read_ios" : 194414,
      "write_ios" : 59208,
      "read_sectors" : 1557232,
      "write_sectors" : 2190376,
      "read_merges" : 240,
      "write_merges" : 1271,
      "read_ticks" : 332998,
      "write_ticks" : 17811121,
      "in_queue" : 18144127,
      "util" : 3.366299
    }
  ]
}
