{
  "fio version" : "fio-3.40",
  "timestamp" : 1764795876,
  "timestamp_ms" : 1764795876013,
  "time" : "Wed Dec  3 22:04:36 2025",
  "global options" : {
    "group_reporting" : "",
    "ioengine" : "mmap",
    "size" : "768m",
    "thread" : "1",
    "directory" : "/tmp",
    "time_based" : "",
    "runtime" : "180",
    "norandommap" : "1",
    "filename" : "/tmp/fio_readwrite",
    "share_mmap" : "1",
    "repl" : "1"
  },
  "jobs" : [
    {
      "jobname" : "writers",
      "groupid" : 0,
      "job_start" : 1764795695953,
      "error" : 0,
      "eta" : 0,
      "elapsed" : 181,
      "job options" : {
        "rw" : "randread",
        "random_distribution" : "random",
        "numjobs" : "109"
      },
      "read" : {
        "io_bytes" : 24377089118208,
        "io_kbytes" : 23805751092,
        "bw_bytes" : 135425263428,
        "bw" : 132251233,
        "iops" : 33062808.454257,
        "runtime" : 180004,
        "total_ios" : 5951437773,
        "short_ios" : 0,
        "drop_ios" : 0,
        "slat_ns" : {
          "min" : 0,
          "max" : 0,
          "mean" : 0.000000,
          "stddev" : 0.000000,
          "N" : 0
        },
        "clat_ns" : {
          "min" : 89,
          "max" : 172310941,
          "mean" : 2622.802257,
          "stddev" : 23369.736856,
          "N" : 5951437773,
          "percentile" : {
            "1.000000" : 430,
            "5.000000" : 506,
            "10.000000" : 532,
            "20.000000" : 580,
            "30.000000" : 628,
            "40.000000" : 684,
            "50.000000" : 756,
            "60.000000" : 828,
            "70.000000" : 916,
            "80.000000" : 1080,
            "90.000000" : 1512,
            "95.000000" : 2320,
            "99.000000" : 8640,
            "99.500000" : 201728,
            "99.900000" : 272384,
            "99.950000" : 366592,
            "99.990000" : 536576
          }
        },
        "lat_ns" : {
          "min" : 112,
          "max" : 172310994,
          "mean" : 2680.526752,
          "stddev" : 23411.544404,
          "N" : 5951437773
        },
        "bw_min" : 29724445,
        "bw_max" : 167630919,
        "bw_agg" : 100.000000,
        "bw_mean" : 139791423.882387,
        "bw_dev" : 204956.513115,
        "bw_samples" : 37012,
        "iops_min" : 7431095,
        "iops_max" : 41907689,
        "iops_mean" : 34947826.215423,
        "iops_stddev" : 51239.122628,
        "iops_samples" : 37012
      },
      "write" : {
        "io_bytes" : 54205284352,
        "io_kbytes" : 52934848,
        "bw_bytes" : 301137122,
        "bw" : 294079,
        "iops" : 73519.805335,
        "runtime" : 180002,
        "total_ios" : 13233712,
        "short_ios" : 0,
        "drop_ios" : 0,
        "slat_ns" : {
          "min" : 0,
          "max" : 0,
          "mean" : 0.000000,
          "stddev" : 0.000000,
          "N" : 0
        },
        "clat_ns" : {
          "min" : 153,
          "max" : 175900353,
          "mean" : 246157.579582,
          "stddev" : 167852.883143,
          "N" : 13233712,
          "percentile" : {
            "1.000000" : 92672,
            "5.000000" : 173056,
            "10.000000" : 189440,
            "20.000000" : 199680,
            "30.000000" : 205824,
            "40.000000" : 211968,
            "50.000000" : 216064,
            "60.000000" : 224256,
            "70.000000" : 232448,
            "80.000000" : 246784,
            "90.000000" : 337920,
            "95.000000" : 411648,
            "99.000000" : 757760,
            "99.500000" : 1073152,
            "99.900000" : 1941504,
            "99.950000" : 2506752,
            "99.990000" : 4358144
          }
        },
        "lat_ns" : {
          "min" : 203,
          "max" : 175900474,
          "mean" : 246303.026839,
          "stddev" : 167862.816374,
          "N" : 13233712
        },
        "bw_min" : 107847,
        "bw_max" : 454440,
        "bw_agg" : 100.000000,
        "bw_mean" : 307345.330778,
        "bw_dev" : 2406.626166,
        "bw_samples" : 6509,
        "iops_min" : 26957,
        "iops_max" : 113601,
        "iops_mean" : 76830.886583,
        "iops_stddev" : 601.648933,
        "iops_samples" : 6509
      },
      "trim" : {
        "io_bytes" : 0,
        "io_kbytes" : 0,
        "bw_bytes" : 0,
        "bw" : 0,
        "iops" : 0.000000,
        "runtime" : 0,
        "total_ios" : 0,
        "short_ios" : 0,
        "drop_ios" : 0,
        "slat_ns" : {
          "min" : 0,
          "max" : 0,
          "mean" : 0.000000,
          "stddev" : 0.000000,
          "N" : 0
        },
        "clat_ns" : {
          "min" : 0,
          "max" : 0,
          "mean" : 0.000000,
          "stddev" : 0.000000,
          "N" : 0
        },
        "lat_ns" : {
          "min" : 0,
          "max" : 0,
          "mean" : 0.000000,
          "stddev" : 0.000000,
          "N" : 0
        },
        "bw_min" : 0,
        "bw_max" : 0,
        "bw_agg" : 0.000000,
        "bw_mean" : 0.000000,
        "bw_dev" : 0.000000,
        "bw_samples" : 0,
        "iops_min" : 0,
        "iops_max" : 0,
        "iops_mean" : 0.000000,
        "iops_stddev" : 0.000000,
        "iops_samples" : 0
      },
      "sync" : {
        "total_ios" : 0,
        "lat_ns" : {
          "min" : 0,
          "max" : 0,
          "mean" : 0.000000,
          "stddev" : 0.000000,
          "N" : 0
        }
      },
      "job_runtime" : 23040041,
      "usr_cpu" : 39.548871,
      "sys_cpu" : 56.143811,
      "ctx" : 4797644,
      "majf" : 196631,
      "minf" : 53507493,
      "iodepth_level" : {
        "1" : 100.000000,
        "2" : 0.000000,
        "4" : 0.000000,
        "8" : 0.000000,
        "16" : 0.000000,
        "32" : 0.000000,
        ">=64" : 0.000000
      },
      "iodepth_submit" : {
        "0" : 0.000000,
        "4" : 100.000000,
        "8" : 0.000000,
        "16" : 0.000000,
        "32" : 0.000000,
        "64" : 0.000000,
        ">=64" : 0.000000
      },
      "iodepth_complete" : {
        "0" : 0.000000,
        "4" : 100.000000,
        "8" : 0.000000,
        "16" : 0.000000,
        "32" : 0.000000,
        "64" : 0.000000,
        ">=64" : 0.000000
      },
      "latency_ns" : {
        "2" : 0.000000,
        "4" : 0.000000,
        "10" : 0.000000,
        "20" : 0.000000,
        "50" : 0.000000,
        "100" : 0.010000,
        "250" : 0.059397,
        "500" : 4.141418,
        "750" : 45.033072,
        "1000" : 26.983191
      },
      "latency_us" : {
        "2" : 17.699424,
        "4" : 2.326022,
        "10" : 2.714869,
        "20" : 0.146307,
        "50" : 0.010000,
        "100" : 0.010000,
        "250" : 0.709188,
        "500" : 0.152141,
        "750" : 0.012893,
        "1000" : 0.010000
      },
      "latency_ms" : {
        "2" : 0.010000,
        "4" : 0.010000,
        "10" : 0.010000,
        "20" : 0.010000,
        "50" : 0.010000,
        "100" : 0.010000,
        "250" : 0.010000,
        "500" : 0.000000,
        "750" : 0.000000,
        "1000" : 0.000000,
        "2000" : 0.000000,
        ">=2000" : 0.000000
      },
      "latency_depth" : 1,
      "latency_target" : 0,
      "latency_percentile" : 100.000000,
      "latency_window" : 0
    }
  ],
  "disk_util" : [
    {
      "name" : "sda",
      "read_ios" : 196607,
      "write_ios" : 68843,
      "read_sectors" : 1573680,
      "write_sectors" : 11806224,
      "read_merges" : 103,
      "write_merges" : 607,
      "read_ticks" : 174503,
      "write_ticks" : 23534917,
      "in_queue" : 23709428,
      "util" : 11.376942
    }
  ]
}
