{
  "fio version" : "fio-3.40",
  "timestamp" : 1764797325,
  "timestamp_ms" : 1764797325971,
  "time" : "Wed Dec  3 22:28:45 2025",
  "global options" : {
    "group_reporting" : "",
    "ioengine" : "mmap",
    "size" : "768m",
    "thread" : "1",
    "directory" : "/tmp",
    "time_based" : "",
    "runtime" : "180",
    "norandommap" : "1",
    "filename" : "/tmp/fio_readwrite",
    "share_mmap" : "1",
    "repl" : "1"
  },
  "jobs" : [
    {
      "jobname" : "writers",
      "groupid" : 0,
      "job_start" : 1764797145703,
      "error" : 0,
      "eta" : 0,
      "elapsed" : 181,
      "job options" : {
        "rw" : "randread",
        "random_distribution" : "random",
        "numjobs" : "64"
      },
      "read" : {
        "io_bytes" : 350568374272,
        "io_kbytes" : 342351928,
        "bw_bytes" : 1947569619,
        "bw" : 1901923,
        "iops" : 475480.864208,
        "runtime" : 180003,
        "total_ios" : 85587982,
        "short_ios" : 0,
        "drop_ios" : 0,
        "slat_ns" : {
          "min" : 0,
          "max" : 0,
          "mean" : 0.000000,
          "stddev" : 0.000000,
          "N" : 0
        },
        "clat_ns" : {
          "min" : 104,
          "max" : 65001605,
          "mean" : 127242.384787,
          "stddev" : 180323.923012,
          "N" : 85587982,
          "percentile" : {
            "1.000000" : 450,
            "5.000000" : 556,
            "10.000000" : 596,
            "20.000000" : 700,
            "30.000000" : 852,
            "40.000000" : 988,
            "50.000000" : 1240,
            "60.000000" : 201728,
            "70.000000" : 222208,
            "80.000000" : 242688,
            "90.000000" : 301056,
            "95.000000" : 423936,
            "99.000000" : 684032,
            "99.500000" : 790528,
            "99.900000" : 1089536,
            "99.950000" : 1286144,
            "99.990000" : 4423680
          }
        },
        "lat_ns" : {
          "min" : 131,
          "max" : 65001666,
          "mean" : 127310.315072,
          "stddev" : 180329.505490,
          "N" : 85587982
        },
        "bw_min" : 527540,
        "bw_max" : 2536485,
        "bw_agg" : 100.000000,
        "bw_mean" : 2001231.825544,
        "bw_dev" : 2957.143533,
        "bw_samples" : 21832,
        "iops_min" : 131883,
        "iops_max" : 634109,
        "iops_mean" : 500293.305821,
        "iops_stddev" : 739.276039,
        "iops_samples" : 21832
      },
      "write" : {
        "io_bytes" : 128097447936,
        "io_kbytes" : 125095164,
        "bw_bytes" : 711640627,
        "bw" : 694961,
        "iops" : 173740.387660,
        "runtime" : 180003,
        "total_ios" : 31273791,
        "short_ios" : 0,
        "drop_ios" : 0,
        "slat_ns" : {
          "min" : 0,
          "max" : 0,
          "mean" : 0.000000,
          "stddev" : 0.000000,
          "N" : 0
        },
        "clat_ns" : {
          "min" : 116,
          "max" : 68852215,
          "mean" : 356386.741984,
          "stddev" : 215603.110036,
          "N" : 31273791,
          "percentile" : {
            "1.000000" : 580,
            "5.000000" : 860,
            "10.000000" : 183296,
            "20.000000" : 214016,
            "30.000000" : 230400,
            "40.000000" : 254976,
            "50.000000" : 366592,
            "60.000000" : 428032,
            "70.000000" : 452608,
            "80.000000" : 481280,
            "90.000000" : 577536,
            "95.000000" : 684032,
            "99.000000" : 946176,
            "99.500000" : 1073152,
            "99.900000" : 1482752,
            "99.950000" : 2179072,
            "99.990000" : 4489216
          }
        },
        "lat_ns" : {
          "min" : 190,
          "max" : 68852311,
          "mean" : 356511.260291,
          "stddev" : 215611.386557,
          "N" : 31273791
        },
        "bw_min" : 255792,
        "bw_max" : 1184946,
        "bw_agg" : 100.000000,
        "bw_mean" : 716261.178595,
        "bw_dev" : 1579.846682,
        "bw_samples" : 22262,
        "iops_min" : 63943,
        "iops_max" : 296223,
        "iops_mean" : 179051.137429,
        "iops_stddev" : 394.954405,
        "iops_samples" : 22262
      },
      "trim" : {
        "io_bytes" : 0,
        "io_kbytes" : 0,
        "bw_bytes" : 0,
        "bw" : 0,
        "iops" : 0.000000,
        "runtime" : 0,
        "total_ios" : 0,
        "short_ios" : 0,
        "drop_ios" : 0,
        "slat_ns" : {
          "min" : 0,
          "max" : 0,
          "mean" : 0.000000,
          "stddev" : 0.000000,
          "N" : 0
        },
        "clat_ns" : {
          "min" : 0,
          "max" : 0,
          "mean" : 0.000000,
          "stddev" : 0.000000,
          "N" : 0
        },
        "lat_ns" : {
          "min" : 0,
          "max" : 0,
          "mean" : 0.000000,
          "stddev" : 0.000000,
          "N" : 0
        },
        "bw_min" : 0,
        "bw_max" : 0,
        "bw_agg" : 0.000000,
        "bw_mean" : 0.000000,
        "bw_dev" : 0.000000,
        "bw_samples" : 0,
        "iops_min" : 0,
        "iops_max" : 0,
        "iops_mean" : 0.000000,
        "iops_stddev" : 0.000000,
        "iops_samples" : 0
      },
      "sync" : {
        "total_ios" : 0,
        "lat_ns" : {
          "min" : 0,
          "max" : 0,
          "mean" : 0.000000,
          "stddev" : 0.000000,
          "N" : 0
        }
      },
      "job_runtime" : 23040035,
      "usr_cpu" : 1.317928,
      "sys_cpu" : 95.119161,
      "ctx" : 2721980,
      "majf" : 196625,
      "minf" : 66415687,
      "iodepth_level" : {
        "1" : 100.000000,
        "2" : 0.000000,
        "4" : 0.000000,
        "8" : 0.000000,
        "16" : 0.000000,
        "32" : 0.000000,
        ">=64" : 0.000000
      },
      "iodepth_submit" : {
        "0" : 0.000000,
        "4" : 100.000000,
        "8" : 0.000000,
        "16" : 0.000000,
        "32" : 0.000000,
        "64" : 0.000000,
        ">=64" : 0.000000
      },
      "iodepth_complete" : {
        "0" : 0.000000,
        "4" : 100.000000,
        "8" : 0.000000,
        "16" : 0.000000,
        "32" : 0.000000,
        "64" : 0.000000,
        ">=64" : 0.000000
      },
      "latency_ns" : {
        "2" : 0.000000,
        "4" : 0.000000,
        "10" : 0.000000,
        "20" : 0.000000,
        "50" : 0.000000,
        "100" : 0.000000,
        "250" : 0.023901,
        "500" : 1.546442,
        "750" : 16.266123,
        "1000" : 13.640843
      },
      "latency_us" : {
        "2" : 9.988163,
        "4" : 0.400217,
        "10" : 1.092084,
        "20" : 0.074384,
        "50" : 0.052250,
        "100" : 0.261037,
        "250" : 27.289188,
        "500" : 22.582199,
        "750" : 5.391482,
        "1000" : 1.083062
      },
      "latency_ms" : {
        "2" : 0.272287,
        "4" : 0.010000,
        "10" : 0.026354,
        "20" : 0.010000,
        "50" : 0.010000,
        "100" : 0.010000,
        "250" : 0.000000,
        "500" : 0.000000,
        "750" : 0.000000,
        "1000" : 0.000000,
        "2000" : 0.000000,
        ">=2000" : 0.000000
      },
      "latency_depth" : 1,
      "latency_target" : 0,
      "latency_percentile" : 100.000000,
      "latency_window" : 0
    }
  ],
  "disk_util" : [
    {
      "name" : "sda",
      "read_ios" : 196620,
      "write_ios" : 98072,
      "read_sectors" : 1573656,
      "write_sectors" : 14242392,
      "read_merges" : 87,
      "write_merges" : 836,
      "read_ticks" : 153181,
      "write_ticks" : 92619340,
      "in_queue" : 92772528,
      "util" : 11.565852
    }
  ]
}
