{
  "fio version" : "fio-3.40",
  "timestamp" : 1764795151,
  "timestamp_ms" : 1764795151560,
  "time" : "Wed Dec  3 21:52:31 2025",
  "global options" : {
    "group_reporting" : "",
    "ioengine" : "mmap",
    "size" : "768m",
    "thread" : "1",
    "directory" : "/tmp",
    "time_based" : "",
    "runtime" : "180",
    "norandommap" : "1",
    "filename" : "/tmp/fio_readwrite",
    "share_mmap" : "1",
    "repl" : "1"
  },
  "jobs" : [
    {
      "jobname" : "writers",
      "groupid" : 0,
      "job_start" : 1764794971326,
      "error" : 0,
      "eta" : 0,
      "elapsed" : 181,
      "job options" : {
        "rw" : "randread",
        "random_distribution" : "random",
        "numjobs" : "122"
      },
      "read" : {
        "io_bytes" : 43790270660608,
        "io_kbytes" : 42763936192,
        "bw_bytes" : 243275226860,
        "bw" : 237573463,
        "iops" : 59393365.932790,
        "runtime" : 180003,
        "total_ios" : 10690984048,
        "short_ios" : 0,
        "drop_ios" : 0,
        "slat_ns" : {
          "min" : 0,
          "max" : 0,
          "mean" : 0.000000,
          "stddev" : 0.000000,
          "N" : 0
        },
        "clat_ns" : {
          "min" : 78,
          "max" : 152406521,
          "mean" : 1377.509284,
          "stddev" : 15016.099510,
          "N" : 10690984048,
          "percentile" : {
            "1.000000" : 470,
            "5.000000" : 556,
            "10.000000" : 596,
            "20.000000" : 668,
            "30.000000" : 740,
            "40.000000" : 820,
            "50.000000" : 900,
            "60.000000" : 988,
            "70.000000" : 1080,
            "80.000000" : 1224,
            "90.000000" : 1560,
            "95.000000" : 2160,
            "99.000000" : 5856,
            "99.500000" : 6816,
            "99.900000" : 171008,
            "99.950000" : 189440,
            "99.990000" : 242688
          }
        },
        "lat_ns" : {
          "min" : 99,
          "max" : 152406584,
          "mean" : 1447.617877,
          "stddev" : 15062.940587,
          "N" : 10690984048
        },
        "bw_min" : 67441283,
        "bw_max" : 312424407,
        "bw_agg" : 100.000000,
        "bw_mean" : 251697381.808692,
        "bw_dev" : 259896.320222,
        "bw_samples" : 41430,
        "iops_min" : 16860326,
        "iops_max" : 78106119,
        "iops_mean" : 62924315.550403,
        "iops_stddev" : 64974.076309,
        "iops_samples" : 41430
      },
      "write" : {
        "io_bytes" : 18651451392,
        "io_kbytes" : 18214308,
        "bw_bytes" : 103618023,
        "bw" : 101189,
        "iops" : 25297.368918,
        "runtime" : 180002,
        "total_ios" : 4553577,
        "short_ios" : 0,
        "drop_ios" : 0,
        "slat_ns" : {
          "min" : 0,
          "max" : 0,
          "mean" : 0.000000,
          "stddev" : 0.000000,
          "N" : 0
        },
        "clat_ns" : {
          "min" : 137,
          "max" : 150922164,
          "mean" : 228386.005727,
          "stddev" : 292454.810934,
          "N" : 4553577,
          "percentile" : {
            "1.000000" : 83456,
            "5.000000" : 152576,
            "10.000000" : 162816,
            "20.000000" : 173056,
            "30.000000" : 179200,
            "40.000000" : 185344,
            "50.000000" : 191488,
            "60.000000" : 197632,
            "70.000000" : 205824,
            "80.000000" : 214016,
            "90.000000" : 232448,
            "95.000000" : 321536,
            "99.000000" : 1318912,
            "99.500000" : 1859584,
            "99.900000" : 3489792,
            "99.950000" : 4292608,
            "99.990000" : 6848512
          }
        },
        "lat_ns" : {
          "min" : 196,
          "max" : 150922214,
          "mean" : 228546.998388,
          "stddev" : 292466.741870,
          "N" : 4553577
        },
        "bw_min" : 19568,
        "bw_max" : 158510,
        "bw_agg" : 100.000000,
        "bw_mean" : 104397.179773,
        "bw_dev" : 2448.868181,
        "bw_samples" : 2086,
        "iops_min" : 4892,
        "iops_max" : 39626,
        "iops_mean" : 26098.188344,
        "iops_stddev" : 612.217298,
        "iops_samples" : 2086
      },
      "trim" : {
        "io_bytes" : 0,
        "io_kbytes" : 0,
        "bw_bytes" : 0,
        "bw" : 0,
        "iops" : 0.000000,
        "runtime" : 0,
        "total_ios" : 0,
        "short_ios" : 0,
        "drop_ios" : 0,
        "slat_ns" : {
          "min" : 0,
          "max" : 0,
          "mean" : 0.000000,
          "stddev" : 0.000000,
          "N" : 0
        },
        "clat_ns" : {
          "min" : 0,
          "max" : 0,
          "mean" : 0.000000,
          "stddev" : 0.000000,
          "N" : 0
        },
        "lat_ns" : {
          "min" : 0,
          "max" : 0,
          "mean" : 0.000000,
          "stddev" : 0.000000,
          "N" : 0
        },
        "bw_min" : 0,
        "bw_max" : 0,
        "bw_agg" : 0.000000,
        "bw_mean" : 0.000000,
        "bw_dev" : 0.000000,
        "bw_samples" : 0,
        "iops_min" : 0,
        "iops_max" : 0,
        "iops_mean" : 0.000000,
        "iops_stddev" : 0.000000,
        "iops_samples" : 0
      },
      "sync" : {
        "total_ios" : 0,
        "lat_ns" : {
          "min" : 0,
          "max" : 0,
          "mean" : 0.000000,
          "stddev" : 0.000000,
          "N" : 0
        }
      },
      "job_runtime" : 23040037,
      "usr_cpu" : 77.268491,
      "sys_cpu" : 18.595231,
      "ctx" : 4877731,
      "majf" : 196637,
      "minf" : 19405146,
      "iodepth_level" : {
        "1" : 100.000000,
        "2" : 0.000000,
        "4" : 0.000000,
        "8" : 0.000000,
        "16" : 0.000000,
        "32" : 0.000000,
        ">=64" : 0.000000
      },
      "iodepth_submit" : {
        "0" : 0.000000,
        "4" : 100.000000,
        "8" : 0.000000,
        "16" : 0.000000,
        "32" : 0.000000,
        "64" : 0.000000,
        ">=64" : 0.000000
      },
      "iodepth_complete" : {
        "0" : 0.000000,
        "4" : 100.000000,
        "8" : 0.000000,
        "16" : 0.000000,
        "32" : 0.000000,
        "64" : 0.000000,
        ">=64" : 0.000000
      },
      "latency_ns" : {
        "2" : 0.000000,
        "4" : 0.000000,
        "10" : 0.000000,
        "20" : 0.000000,
        "50" : 0.000000,
        "100" : 0.010000,
        "250" : 0.050781,
        "500" : 1.739518,
        "750" : 29.446257,
        "1000" : 30.474919
      },
      "latency_us" : {
        "2" : 32.440965,
        "4" : 3.263480,
        "10" : 2.346548,
        "20" : 0.051699,
        "50" : 0.010000,
        "100" : 0.010000,
        "250" : 0.161131,
        "500" : 0.010000,
        "750" : 0.010000,
        "1000" : 0.010000
      },
      "latency_ms" : {
        "2" : 0.010000,
        "4" : 0.010000,
        "10" : 0.010000,
        "20" : 0.010000,
        "50" : 0.010000,
        "100" : 0.000000,
        "250" : 0.010000,
        "500" : 0.000000,
        "750" : 0.000000,
        "1000" : 0.000000,
        "2000" : 0.000000,
        ">=2000" : 0.000000
      },
      "latency_depth" : 1,
      "latency_target" : 0,
      "latency_percentile" : 100.000000,
      "latency_window" : 0
    }
  ],
  "disk_util" : [
    {
      "name" : "sda",
      "read_ios" : 196605,
      "write_ios" : 195660,
      "read_sectors" : 1573608,
      "write_sectors" : 9209248,
      "read_merges" : 96,
      "write_merges" : 690,
      "read_ticks" : 184017,
      "write_ticks" : 1056762,
      "in_queue" : 1240788,
      "util" : 13.993377
    }
  ]
}
