{
  "fio version" : "fio-3.40",
  "timestamp" : 1764797869,
  "timestamp_ms" : 1764797869844,
  "time" : "Wed Dec  3 22:37:49 2025",
  "global options" : {
    "group_reporting" : "",
    "ioengine" : "mmap",
    "size" : "768m",
    "thread" : "1",
    "directory" : "/tmp",
    "time_based" : "",
    "runtime" : "180",
    "norandommap" : "1",
    "filename" : "/tmp/fio_readwrite",
    "share_mmap" : "1",
    "repl" : "1"
  },
  "jobs" : [
    {
      "jobname" : "writers",
      "groupid" : 0,
      "job_start" : 1764797689713,
      "error" : 0,
      "eta" : 0,
      "elapsed" : 181,
      "job options" : {
        "rw" : "randread",
        "random_distribution" : "random",
        "numjobs" : "51"
      },
      "read" : {
        "io_bytes" : 5691217555456,
        "io_kbytes" : 5557829644,
        "bw_bytes" : 31617348352,
        "bw" : 30876316,
        "iops" : 7719079.187569,
        "runtime" : 180003,
        "total_ios" : 1389457411,
        "short_ios" : 0,
        "drop_ios" : 0,
        "slat_ns" : {
          "min" : 0,
          "max" : 0,
          "mean" : 0.000000,
          "stddev" : 0.000000,
          "N" : 0
        },
        "clat_ns" : {
          "min" : 86,
          "max" : 8078909,
          "mean" : 4631.756731,
          "stddev" : 15361.116570,
          "N" : 1389457411,
          "percentile" : {
            "1.000000" : 1448,
            "5.000000" : 2128,
            "10.000000" : 2448,
            "20.000000" : 2864,
            "30.000000" : 3216,
            "40.000000" : 3536,
            "50.000000" : 3888,
            "60.000000" : 4256,
            "70.000000" : 4704,
            "80.000000" : 5216,
            "90.000000" : 6048,
            "95.000000" : 6880,
            "99.000000" : 11328,
            "99.500000" : 15040,
            "99.900000" : 224256,
            "99.950000" : 276480,
            "99.990000" : 569344
          }
        },
        "lat_ns" : {
          "min" : 111,
          "max" : 8078938,
          "mean" : 4862.183936,
          "stddev" : 15495.428596,
          "N" : 1389457411
        },
        "bw_min" : 412328,
        "bw_max" : 41070289,
        "bw_agg" : 100.000000,
        "bw_mean" : 33637273.025372,
        "bw_dev" : 190285.092663,
        "bw_samples" : 16766,
        "iops_min" : 103074,
        "iops_max" : 10267561,
        "iops_mean" : 8409301.551010,
        "iops_stddev" : 47571.245499,
        "iops_samples" : 16766
      },
      "write" : {
        "io_bytes" : 9284976365568,
        "io_kbytes" : 9067359732,
        "bw_bytes" : 51582342325,
        "bw" : 50373381,
        "iops" : 12593345.294245,
        "runtime" : 180003,
        "total_ios" : 2266839933,
        "short_ios" : 0,
        "drop_ios" : 0,
        "slat_ns" : {
          "min" : 0,
          "max" : 0,
          "mean" : 0.000000,
          "stddev" : 0.000000,
          "N" : 0
        },
        "clat_ns" : {
          "min" : 86,
          "max" : 52044793,
          "mean" : 4285.258749,
          "stddev" : 17743.364583,
          "N" : 2266839933,
          "percentile" : {
            "1.000000" : 1496,
            "5.000000" : 1992,
            "10.000000" : 2256,
            "20.000000" : 2640,
            "30.000000" : 2960,
            "40.000000" : 3248,
            "50.000000" : 3536,
            "60.000000" : 3856,
            "70.000000" : 4256,
            "80.000000" : 4704,
            "90.000000" : 5472,
            "95.000000" : 6176,
            "99.000000" : 10176,
            "99.500000" : 13632,
            "99.900000" : 211968,
            "99.950000" : 440320,
            "99.990000" : 708608
          }
        },
        "lat_ns" : {
          "min" : 121,
          "max" : 52046400,
          "mean" : 4473.473504,
          "stddev" : 17827.288372,
          "N" : 2266839933
        },
        "bw_min" : 380162,
        "bw_max" : 64850361,
        "bw_agg" : 100.000000,
        "bw_mean" : 54884935.997282,
        "bw_dev" : 209076.051631,
        "bw_samples" : 25314,
        "iops_min" : 95022,
        "iops_max" : 16212575,
        "iops_mean" : 13721207.699202,
        "iops_stddev" : 52268.977971,
        "iops_samples" : 25314
      },
      "trim" : {
        "io_bytes" : 0,
        "io_kbytes" : 0,
        "bw_bytes" : 0,
        "bw" : 0,
        "iops" : 0.000000,
        "runtime" : 0,
        "total_ios" : 0,
        "short_ios" : 0,
        "drop_ios" : 0,
        "slat_ns" : {
          "min" : 0,
          "max" : 0,
          "mean" : 0.000000,
          "stddev" : 0.000000,
          "N" : 0
        },
        "clat_ns" : {
          "min" : 0,
          "max" : 0,
          "mean" : 0.000000,
          "stddev" : 0.000000,
          "N" : 0
        },
        "lat_ns" : {
          "min" : 0,
          "max" : 0,
          "mean" : 0.000000,
          "stddev" : 0.000000,
          "N" : 0
        },
        "bw_min" : 0,
        "bw_max" : 0,
        "bw_agg" : 0.000000,
        "bw_mean" : 0.000000,
        "bw_dev" : 0.000000,
        "bw_samples" : 0,
        "iops_min" : 0,
        "iops_max" : 0,
        "iops_mean" : 0.000000,
        "iops_stddev" : 0.000000,
        "iops_samples" : 0
      },
      "sync" : {
        "total_ios" : 0,
        "lat_ns" : {
          "min" : 0,
          "max" : 0,
          "mean" : 0.000000,
          "stddev" : 0.000000,
          "N" : 0
        }
      },
      "job_runtime" : 23040058,
      "usr_cpu" : 83.825770,
      "sys_cpu" : 14.659178,
      "ctx" : 870533,
      "majf" : 93111,
      "minf" : 5008228,
      "iodepth_level" : {
        "1" : 100.000000,
        "2" : 0.000000,
        "4" : 0.000000,
        "8" : 0.000000,
        "16" : 0.000000,
        "32" : 0.000000,
        ">=64" : 0.000000
      },
      "iodepth_submit" : {
        "0" : 0.000000,
        "4" : 100.000000,
        "8" : 0.000000,
        "16" : 0.000000,
        "32" : 0.000000,
        "64" : 0.000000,
        ">=64" : 0.000000
      },
      "iodepth_complete" : {
        "0" : 0.000000,
        "4" : 100.000000,
        "8" : 0.000000,
        "16" : 0.000000,
        "32" : 0.000000,
        "64" : 0.000000,
        ">=64" : 0.000000
      },
      "latency_ns" : {
        "2" : 0.000000,
        "4" : 0.000000,
        "10" : 0.000000,
        "20" : 0.000000,
        "50" : 0.000000,
        "100" : 0.010000,
        "250" : 0.030423,
        "500" : 0.019422,
        "750" : 0.068335,
        "1000" : 0.151107
      },
      "latency_us" : {
        "2" : 4.376483,
        "4" : 55.317325,
        "10" : 38.924506,
        "20" : 0.852182,
        "50" : 0.125229,
        "100" : 0.010000,
        "250" : 0.056871,
        "500" : 0.053579,
        "750" : 0.016824,
        "1000" : 0.010000
      },
      "latency_ms" : {
        "2" : 0.010000,
        "4" : 0.010000,
        "10" : 0.010000,
        "20" : 0.000000,
        "50" : 0.000000,
        "100" : 0.010000,
        "250" : 0.000000,
        "500" : 0.000000,
        "750" : 0.000000,
        "1000" : 0.000000,
        "2000" : 0.000000,
        ">=2000" : 0.000000
      },
      "latency_depth" : 1,
      "latency_target" : 0,
      "latency_percentile" : 100.000000,
      "latency_window" : 0
    }
  ],
  "disk_util" : [
    {
      "name" : "sda",
      "read_ios" : 93172,
      "write_ios" : 93312,
      "read_sectors" : 747768,
      "write_sectors" : 2301648,
      "read_merges" : 238,
      "write_merges" : 504,
      "read_ticks" : 18068,
      "write_ticks" : 20538971,
      "in_queue" : 20557052,
      "util" : 3.826356
    }
  ]
}
