{
  "fio version" : "fio-3.40",
  "timestamp" : 1765211153,
  "timestamp_ms" : 1765211153461,
  "time" : "Mon Dec  8 17:25:53 2025",
  "global options" : {
    "group_reporting" : "",
    "ioengine" : "mmap",
    "size" : "768m",
    "thread" : "1",
    "directory" : "/tmp",
    "time_based" : "",
    "runtime" : "180",
    "norandommap" : "1",
    "filename" : "/tmp/fio_readwrite",
    "share_mmap" : "1",
    "repl" : "1"
  },
  "jobs" : [
    {
      "jobname" : "writers",
      "groupid" : 0,
      "job_start" : 1765210973352,
      "error" : 0,
      "eta" : 0,
      "elapsed" : 181,
      "job options" : {
        "rw" : "randread",
        "random_distribution" : "random",
        "numjobs" : "102"
      },
      "read" : {
        "io_bytes" : 15944114311168,
        "io_kbytes" : 15570424132,
        "bw_bytes" : 88575952396,
        "bw" : 86499953,
        "iops" : 21624988.378101,
        "runtime" : 180005,
        "total_ios" : 3892606033,
        "short_ios" : 0,
        "drop_ios" : 0,
        "slat_ns" : {
          "min" : 0,
          "max" : 0,
          "mean" : 0.000000,
          "stddev" : 0.000000,
          "N" : 0
        },
        "clat_ns" : {
          "min" : 78,
          "max" : 60057428,
          "mean" : 3796.521443,
          "stddev" : 16008.019193,
          "N" : 3892606033,
          "percentile" : {
            "1.000000" : 1512,
            "5.000000" : 1992,
            "10.000000" : 2256,
            "20.000000" : 2640,
            "30.000000" : 2928,
            "40.000000" : 3184,
            "50.000000" : 3472,
            "60.000000" : 3792,
            "70.000000" : 4192,
            "80.000000" : 4640,
            "90.000000" : 5280,
            "95.000000" : 5920,
            "99.000000" : 7840,
            "99.500000" : 10432,
            "99.900000" : 19072,
            "99.950000" : 21120,
            "99.990000" : 31360
          }
        },
        "lat_ns" : {
          "min" : 101,
          "max" : 60057464,
          "mean" : 3935.780958,
          "stddev" : 16065.317696,
          "N" : 3892606033
        },
        "bw_min" : 19664,
        "bw_max" : 109152708,
        "bw_agg" : 100.000000,
        "bw_mean" : 87794320.152974,
        "bw_dev" : 139072.127279,
        "bw_samples" : 36006,
        "iops_min" : 4880,
        "iops_max" : 27288176,
        "iops_mean" : 21948546.997167,
        "iops_stddev" : 34768.010187,
        "iops_samples" : 36006
      },
      "write" : {
        "io_bytes" : 3778485772288,
        "io_kbytes" : 3689927512,
        "bw_bytes" : 20991237769,
        "bw" : 20499255,
        "iops" : 5124813.908657,
        "runtime" : 180003,
        "total_ios" : 922481878,
        "short_ios" : 0,
        "drop_ios" : 0,
        "slat_ns" : {
          "min" : 0,
          "max" : 0,
          "mean" : 0.000000,
          "stddev" : 0.000000,
          "N" : 0
        },
        "clat_ns" : {
          "min" : 81,
          "max" : 77636173,
          "mean" : 4032.801655,
          "stddev" : 26362.014891,
          "N" : 922481878,
          "percentile" : {
            "1.000000" : 1544,
            "5.000000" : 1960,
            "10.000000" : 2224,
            "20.000000" : 2576,
            "30.000000" : 2864,
            "40.000000" : 3152,
            "50.000000" : 3440,
            "60.000000" : 3760,
            "70.000000" : 4128,
            "80.000000" : 4576,
            "90.000000" : 5280,
            "95.000000" : 5856,
            "99.000000" : 7904,
            "99.500000" : 11840,
            "99.900000" : 35072,
            "99.950000" : 234496,
            "99.990000" : 403456
          }
        },
        "lat_ns" : {
          "min" : 112,
          "max" : 77636258,
          "mean" : 4150.790659,
          "stddev" : 26607.778393,
          "N" : 922481878
        },
        "bw_min" : 4290,
        "bw_max" : 29458929,
        "bw_agg" : 100.000000,
        "bw_mean" : 20807252.526912,
        "bw_dev" : 168574.840959,
        "bw_samples" : 9178,
        "iops_min" : 1068,
        "iops_max" : 7364726,
        "iops_mean" : 5201804.626062,
        "iops_stddev" : 42143.689502,
        "iops_samples" : 9178
      },
      "trim" : {
        "io_bytes" : 0,
        "io_kbytes" : 0,
        "bw_bytes" : 0,
        "bw" : 0,
        "iops" : 0.000000,
        "runtime" : 0,
        "total_ios" : 0,
        "short_ios" : 0,
        "drop_ios" : 0,
        "slat_ns" : {
          "min" : 0,
          "max" : 0,
          "mean" : 0.000000,
          "stddev" : 0.000000,
          "N" : 0
        },
        "clat_ns" : {
          "min" : 0,
          "max" : 0,
          "mean" : 0.000000,
          "stddev" : 0.000000,
          "N" : 0
        },
        "lat_ns" : {
          "min" : 0,
          "max" : 0,
          "mean" : 0.000000,
          "stddev" : 0.000000,
          "N" : 0
        },
        "bw_min" : 0,
        "bw_max" : 0,
        "bw_agg" : 0.000000,
        "bw_mean" : 0.000000,
        "bw_dev" : 0.000000,
        "bw_samples" : 0,
        "iops_min" : 0,
        "iops_max" : 0,
        "iops_mean" : 0.000000,
        "iops_stddev" : 0.000000,
        "iops_samples" : 0
      },
      "sync" : {
        "total_ios" : 0,
        "lat_ns" : {
          "min" : 0,
          "max" : 0,
          "mean" : 0.000000,
          "stddev" : 0.000000,
          "N" : 0
        }
      },
      "job_runtime" : 23040099,
      "usr_cpu" : 95.172621,
      "sys_cpu" : 1.158137,
      "ctx" : 1150426,
      "majf" : 196599,
      "minf" : 1031911,
      "iodepth_level" : {
        "1" : 100.000000,
        "2" : 0.000000,
        "4" : 0.000000,
        "8" : 0.000000,
        "16" : 0.000000,
        "32" : 0.000000,
        ">=64" : 0.000000
      },
      "iodepth_submit" : {
        "0" : 0.000000,
        "4" : 100.000000,
        "8" : 0.000000,
        "16" : 0.000000,
        "32" : 0.000000,
        "64" : 0.000000,
        ">=64" : 0.000000
      },
      "iodepth_complete" : {
        "0" : 0.000000,
        "4" : 100.000000,
        "8" : 0.000000,
        "16" : 0.000000,
        "32" : 0.000000,
        "64" : 0.000000,
        ">=64" : 0.000000
      },
      "latency_ns" : {
        "2" : 0.000000,
        "4" : 0.000000,
        "10" : 0.000000,
        "20" : 0.000000,
        "50" : 0.000000,
        "100" : 0.010000,
        "250" : 0.038568,
        "500" : 0.020719,
        "750" : 0.037965,
        "1000" : 0.084410
      },
      "latency_us" : {
        "2" : 5.009321,
        "4" : 60.774425,
        "10" : 33.485801,
        "20" : 0.453242,
        "50" : 0.074672,
        "100" : 0.010000,
        "250" : 0.010000,
        "500" : 0.010000,
        "750" : 0.010000,
        "1000" : 0.010000
      },
      "latency_ms" : {
        "2" : 0.010000,
        "4" : 0.010000,
        "10" : 0.010000,
        "20" : 0.010000,
        "50" : 0.010000,
        "100" : 0.010000,
        "250" : 0.000000,
        "500" : 0.000000,
        "750" : 0.000000,
        "1000" : 0.000000,
        "2000" : 0.000000,
        ">=2000" : 0.000000
      },
      "latency_depth" : 1,
      "latency_target" : 0,
      "latency_percentile" : 100.000000,
      "latency_window" : 0
    }
  ],
  "disk_util" : [
    {
      "name" : "sda",
      "read_ios" : 196481,
      "write_ios" : 101645,
      "read_sectors" : 1575144,
      "write_sectors" : 8113184,
      "read_merges" : 348,
      "write_merges" : 1642,
      "read_ticks" : 376632,
      "write_ticks" : 14019217,
      "in_queue" : 14395859,
      "util" : 8.507370
    }
  ]
}
