{
  "fio version" : "fio-3.40",
  "timestamp" : 1769904696,
  "timestamp_ms" : 1769904696614,
  "time" : "Sun Feb  1 01:11:36 2026",
  "global options" : {
    "group_reporting" : "",
    "ioengine" : "mmap",
    "size" : "768m",
    "thread" : "1",
    "directory" : "/tmp",
    "time_based" : "",
    "runtime" : "180",
    "norandommap" : "1",
    "filename" : "/tmp/fio_readwrite",
    "share_mmap" : "1",
    "repl" : "1"
  },
  "jobs" : [
    {
      "jobname" : "writers",
      "groupid" : 0,
      "job_start" : 1769904516385,
      "error" : 0,
      "eta" : 0,
      "elapsed" : 181,
      "job options" : {
        "rw" : "randread",
        "random_distribution" : "random",
        "numjobs" : "38"
      },
      "read" : {
        "io_bytes" : 144109871104,
        "io_kbytes" : 140732296,
        "bw_bytes" : 800592604,
        "bw" : 781828,
        "iops" : 195457.178729,
        "runtime" : 180004,
        "total_ios" : 35183074,
        "short_ios" : 0,
        "drop_ios" : 0,
        "slat_ns" : {
          "min" : 0,
          "max" : 0,
          "mean" : 0.000000,
          "stddev" : 0.000000,
          "N" : 0
        },
        "clat_ns" : {
          "min" : 98,
          "max" : 136482773,
          "mean" : 183538.182046,
          "stddev" : 204892.945990,
          "N" : 35183074,
          "percentile" : {
            "1.000000" : 462,
            "5.000000" : 580,
            "10.000000" : 660,
            "20.000000" : 868,
            "30.000000" : 1064,
            "40.000000" : 175104,
            "50.000000" : 211968,
            "60.000000" : 226304,
            "70.000000" : 240640,
            "80.000000" : 268288,
            "90.000000" : 391168,
            "95.000000" : 552960,
            "99.000000" : 823296,
            "99.500000" : 954368,
            "99.900000" : 1302528,
            "99.950000" : 1581056,
            "99.990000" : 4489216
          }
        },
        "lat_ns" : {
          "min" : 124,
          "max" : 136482817,
          "mean" : 183611.135332,
          "stddev" : 204898.834223,
          "N" : 35183074
        },
        "bw_min" : 277238,
        "bw_max" : 1171770,
        "bw_agg" : 100.000000,
        "bw_mean" : 824714.086778,
        "bw_dev" : 2668.521660,
        "bw_samples" : 12940,
        "iops_min" : 69301,
        "iops_max" : 292931,
        "iops_mean" : 206170.645437,
        "iops_stddev" : 667.133289,
        "iops_samples" : 12940
      },
      "write" : {
        "io_bytes" : 164010737664,
        "io_kbytes" : 160166736,
        "bw_bytes" : 911155578,
        "bw" : 889800,
        "iops" : 222450.092498,
        "runtime" : 180003,
        "total_ios" : 40041684,
        "short_ios" : 0,
        "drop_ios" : 0,
        "slat_ns" : {
          "min" : 0,
          "max" : 0,
          "mean" : 0.000000,
          "stddev" : 0.000000,
          "N" : 0
        },
        "clat_ns" : {
          "min" : 117,
          "max" : 100402588,
          "mean" : 388485.456128,
          "stddev" : 263443.354991,
          "N" : 40041684,
          "percentile" : {
            "1.000000" : 548,
            "5.000000" : 708,
            "10.000000" : 932,
            "20.000000" : 209920,
            "30.000000" : 246784,
            "40.000000" : 411648,
            "50.000000" : 436224,
            "60.000000" : 452608,
            "70.000000" : 473088,
            "80.000000" : 514048,
            "90.000000" : 643072,
            "95.000000" : 790528,
            "99.000000" : 1073152,
            "99.500000" : 1220608,
            "99.900000" : 1794048,
            "99.950000" : 4145152,
            "99.990000" : 4816896
          }
        },
        "lat_ns" : {
          "min" : 157,
          "max" : 100402661,
          "mean" : 388616.245752,
          "stddev" : 263451.383728,
          "N" : 40041684
        },
        "bw_min" : 392135,
        "bw_max" : 1560123,
        "bw_agg" : 100.000000,
        "bw_mean" : 924133.652539,
        "bw_dev" : 1705.568377,
        "bw_samples" : 31116,
        "iops_min" : 98012,
        "iops_max" : 390006,
        "iops_mean" : 231010.758926,
        "iops_stddev" : 426.404983,
        "iops_samples" : 31116
      },
      "trim" : {
        "io_bytes" : 0,
        "io_kbytes" : 0,
        "bw_bytes" : 0,
        "bw" : 0,
        "iops" : 0.000000,
        "runtime" : 0,
        "total_ios" : 0,
        "short_ios" : 0,
        "drop_ios" : 0,
        "slat_ns" : {
          "min" : 0,
          "max" : 0,
          "mean" : 0.000000,
          "stddev" : 0.000000,
          "N" : 0
        },
        "clat_ns" : {
          "min" : 0,
          "max" : 0,
          "mean" : 0.000000,
          "stddev" : 0.000000,
          "N" : 0
        },
        "lat_ns" : {
          "min" : 0,
          "max" : 0,
          "mean" : 0.000000,
          "stddev" : 0.000000,
          "N" : 0
        },
        "bw_min" : 0,
        "bw_max" : 0,
        "bw_agg" : 0.000000,
        "bw_mean" : 0.000000,
        "bw_dev" : 0.000000,
        "bw_samples" : 0,
        "iops_min" : 0,
        "iops_max" : 0,
        "iops_mean" : 0.000000,
        "iops_stddev" : 0.000000,
        "iops_samples" : 0
      },
      "sync" : {
        "total_ios" : 0,
        "lat_ns" : {
          "min" : 0,
          "max" : 0,
          "mean" : 0.000000,
          "stddev" : 0.000000,
          "N" : 0
        }
      },
      "job_runtime" : 23040046,
      "usr_cpu" : 1.021482,
      "sys_cpu" : 95.357006,
      "ctx" : 2651772,
      "majf" : 196632,
      "minf" : 55372849,
      "iodepth_level" : {
        "1" : 100.000000,
        "2" : 0.000000,
        "4" : 0.000000,
        "8" : 0.000000,
        "16" : 0.000000,
        "32" : 0.000000,
        ">=64" : 0.000000
      },
      "iodepth_submit" : {
        "0" : 0.000000,
        "4" : 100.000000,
        "8" : 0.000000,
        "16" : 0.000000,
        "32" : 0.000000,
        "64" : 0.000000,
        ">=64" : 0.000000
      },
      "iodepth_complete" : {
        "0" : 0.000000,
        "4" : 100.000000,
        "8" : 0.000000,
        "16" : 0.000000,
        "32" : 0.000000,
        "64" : 0.000000,
        ">=64" : 0.000000
      },
      "latency_ns" : {
        "2" : 0.000000,
        "4" : 0.000000,
        "10" : 0.000000,
        "20" : 0.000000,
        "50" : 0.000000,
        "100" : 0.010000,
        "250" : 0.015543,
        "500" : 1.019291,
        "750" : 8.889866,
        "1000" : 8.944085
      },
      "latency_us" : {
        "2" : 6.190399,
        "4" : 0.387112,
        "10" : 0.672156,
        "20" : 0.057521,
        "50" : 0.095430,
        "100" : 0.414732,
        "250" : 24.372682,
        "500" : 34.116431,
        "750" : 10.859693,
        "1000" : 2.993396
      },
      "latency_ms" : {
        "2" : 0.910736,
        "4" : 0.019379,
        "10" : 0.041525,
        "20" : 0.010000,
        "50" : 0.010000,
        "100" : 0.000000,
        "250" : 0.010000,
        "500" : 0.000000,
        "750" : 0.000000,
        "1000" : 0.000000,
        "2000" : 0.000000,
        ">=2000" : 0.000000
      },
      "latency_depth" : 1,
      "latency_target" : 0,
      "latency_percentile" : 100.000000,
      "latency_window" : 0
    }
  ],
  "disk_util" : [
    {
      "name" : "sda",
      "read_ios" : 196660,
      "write_ios" : 115755,
      "read_sectors" : 1574688,
      "write_sectors" : 18800288,
      "read_merges" : 173,
      "write_merges" : 957,
      "read_ticks" : 147556,
      "write_ticks" : 67468796,
      "in_queue" : 67616360,
      "util" : 15.149441
    }
  ]
}
