{
  "fio version" : "fio-3.40",
  "timestamp" : 1764728555,
  "timestamp_ms" : 1764728555521,
  "time" : "Wed Dec  3 03:22:35 2025",
  "global options" : {
    "group_reporting" : "",
    "ioengine" : "mmap",
    "size" : "768m",
    "thread" : "1",
    "directory" : "/tmp",
    "time_based" : "",
    "runtime" : "180",
    "filename" : "/tmp/fio_readwrite",
    "share_mmap" : "1",
    "repl" : "1"
  },
  "jobs" : [
    {
      "jobname" : "writers",
      "groupid" : 0,
      "job_start" : 1764728375198,
      "error" : 0,
      "eta" : 0,
      "elapsed" : 181,
      "job options" : {
        "rw" : "randread",
        "random_distribution" : "zipf",
        "numjobs" : "102"
      },
      "read" : {
        "io_bytes" : 31790184120320,
        "io_kbytes" : 31045101680,
        "bw_bytes" : 176610171666,
        "bw" : 172470870,
        "iops" : 43117717.692026,
        "runtime" : 180002,
        "total_ios" : 7761275420,
        "short_ios" : 0,
        "drop_ios" : 0,
        "slat_ns" : {
          "min" : 0,
          "max" : 0,
          "mean" : 0.000000,
          "stddev" : 0.000000,
          "N" : 0
        },
        "clat_ns" : {
          "min" : 72,
          "max" : 144032277,
          "mean" : 1318.553476,
          "stddev" : 10493.562580,
          "N" : 7761275420,
          "percentile" : {
            "1.000000" : 118,
            "5.000000" : 137,
            "10.000000" : 159,
            "20.000000" : 201,
            "30.000000" : 270,
            "40.000000" : 556,
            "50.000000" : 1020,
            "60.000000" : 1480,
            "70.000000" : 1864,
            "80.000000" : 2256,
            "90.000000" : 2768,
            "95.000000" : 3248,
            "99.000000" : 4448,
            "99.500000" : 5088,
            "99.900000" : 8896,
            "99.950000" : 13760,
            "99.990000" : 23424
          }
        },
        "lat_ns" : {
          "min" : 92,
          "max" : 144032315,
          "mean" : 1466.035180,
          "stddev" : 10567.383608,
          "N" : 7761275420
        },
        "bw_min" : 285120,
        "bw_max" : 199227486,
        "bw_agg" : 100.000000,
        "bw_mean" : 174071945.648204,
        "bw_dev" : 260779.210531,
        "bw_samples" : 36294,
        "iops_min" : 71280,
        "iops_max" : 49806864,
        "iops_mean" : 43517962.894754,
        "iops_stddev" : 65194.789315,
        "iops_samples" : 36294
      },
      "write" : {
        "io_bytes" : 8427432652800,
        "io_kbytes" : 8229914700,
        "bw_bytes" : 46818550087,
        "bw" : 45721240,
        "iops" : 11430310.079888,
        "runtime" : 180002,
        "total_ios" : 2057478675,
        "short_ios" : 0,
        "drop_ios" : 0,
        "slat_ns" : {
          "min" : 0,
          "max" : 0,
          "mean" : 0.000000,
          "stddev" : 0.000000,
          "N" : 0
        },
        "clat_ns" : {
          "min" : 71,
          "max" : 16332463,
          "mean" : 1356.314871,
          "stddev" : 14183.172454,
          "N" : 2057478675,
          "percentile" : {
            "1.000000" : 117,
            "5.000000" : 131,
            "10.000000" : 153,
            "20.000000" : 195,
            "30.000000" : 233,
            "40.000000" : 524,
            "50.000000" : 1032,
            "60.000000" : 1464,
            "70.000000" : 1832,
            "80.000000" : 2224,
            "90.000000" : 2704,
            "95.000000" : 3184,
            "99.000000" : 4384,
            "99.500000" : 5216,
            "99.900000" : 14784,
            "99.950000" : 22656,
            "99.990000" : 193536
          }
        },
        "lat_ns" : {
          "min" : 99,
          "max" : 16332573,
          "mean" : 1477.198726,
          "stddev" : 14469.900084,
          "N" : 2057478675
        },
        "bw_min" : 70336,
        "bw_max" : 58360383,
        "bw_agg" : 100.000000,
        "bw_mean" : 46146564.173865,
        "bw_dev" : 335814.735584,
        "bw_samples" : 9251,
        "iops_min" : 17584,
        "iops_max" : 14590089,
        "iops_mean" : 11536636.195553,
        "iops_stddev" : 83953.682304,
        "iops_samples" : 9251
      },
      "trim" : {
        "io_bytes" : 0,
        "io_kbytes" : 0,
        "bw_bytes" : 0,
        "bw" : 0,
        "iops" : 0.000000,
        "runtime" : 0,
        "total_ios" : 0,
        "short_ios" : 0,
        "drop_ios" : 0,
        "slat_ns" : {
          "min" : 0,
          "max" : 0,
          "mean" : 0.000000,
          "stddev" : 0.000000,
          "N" : 0
        },
        "clat_ns" : {
          "min" : 0,
          "max" : 0,
          "mean" : 0.000000,
          "stddev" : 0.000000,
          "N" : 0
        },
        "lat_ns" : {
          "min" : 0,
          "max" : 0,
          "mean" : 0.000000,
          "stddev" : 0.000000,
          "N" : 0
        },
        "bw_min" : 0,
        "bw_max" : 0,
        "bw_agg" : 0.000000,
        "bw_mean" : 0.000000,
        "bw_dev" : 0.000000,
        "bw_samples" : 0,
        "iops_min" : 0,
        "iops_max" : 0,
        "iops_mean" : 0.000000,
        "iops_stddev" : 0.000000,
        "iops_samples" : 0
      },
      "sync" : {
        "total_ios" : 0,
        "lat_ns" : {
          "min" : 0,
          "max" : 0,
          "mean" : 0.000000,
          "stddev" : 0.000000,
          "N" : 0
        }
      },
      "job_runtime" : 23040003,
      "usr_cpu" : 96.481194,
      "sys_cpu" : 0.690959,
      "ctx" : 719572,
      "majf" : 196598,
      "minf" : 1258187,
      "iodepth_level" : {
        "1" : 100.000000,
        "2" : 0.000000,
        "4" : 0.000000,
        "8" : 0.000000,
        "16" : 0.000000,
        "32" : 0.000000,
        ">=64" : 0.000000
      },
      "iodepth_submit" : {
        "0" : 0.000000,
        "4" : 100.000000,
        "8" : 0.000000,
        "16" : 0.000000,
        "32" : 0.000000,
        "64" : 0.000000,
        ">=64" : 0.000000
      },
      "iodepth_complete" : {
        "0" : 0.000000,
        "4" : 100.000000,
        "8" : 0.000000,
        "16" : 0.000000,
        "32" : 0.000000,
        "64" : 0.000000,
        ">=64" : 0.000000
      },
      "latency_ns" : {
        "2" : 0.000000,
        "4" : 0.000000,
        "10" : 0.000000,
        "20" : 0.000000,
        "50" : 0.000000,
        "100" : 0.012706,
        "250" : 29.291250,
        "500" : 9.397766,
        "750" : 5.841808,
        "1000" : 4.968156
      },
      "latency_us" : {
        "2" : 24.415790,
        "4" : 24.443698,
        "10" : 1.524492,
        "20" : 0.077266,
        "50" : 0.019875,
        "100" : 0.010000,
        "250" : 0.010000,
        "500" : 0.010000,
        "750" : 0.010000,
        "1000" : 0.010000
      },
      "latency_ms" : {
        "2" : 0.010000,
        "4" : 0.010000,
        "10" : 0.010000,
        "20" : 0.010000,
        "50" : 0.010000,
        "100" : 0.000000,
        "250" : 0.010000,
        "500" : 0.000000,
        "750" : 0.000000,
        "1000" : 0.000000,
        "2000" : 0.000000,
        ">=2000" : 0.000000
      },
      "latency_depth" : 1,
      "latency_target" : 0,
      "latency_percentile" : 100.000000,
      "latency_window" : 0
    }
  ],
  "disk_util" : [
    {
      "name" : "sda",
      "read_ios" : 196431,
      "write_ios" : 55802,
      "read_sectors" : 1573408,
      "write_sectors" : 9526376,
      "read_merges" : 245,
      "write_merges" : 793,
      "read_ticks" : 361395,
      "write_ticks" : 35668302,
      "in_queue" : 36029709,
      "util" : 7.937958
    }
  ]
}
