{
  "fio version" : "fio-3.40",
  "timestamp" : 1765211696,
  "timestamp_ms" : 1765211696382,
  "time" : "Mon Dec  8 17:34:56 2025",
  "global options" : {
    "group_reporting" : "",
    "ioengine" : "mmap",
    "size" : "768m",
    "thread" : "1",
    "directory" : "/tmp",
    "time_based" : "",
    "runtime" : "180",
    "norandommap" : "1",
    "filename" : "/tmp/fio_readwrite",
    "share_mmap" : "1",
    "repl" : "1"
  },
  "jobs" : [
    {
      "jobname" : "writers",
      "groupid" : 0,
      "job_start" : 1765211516185,
      "error" : 0,
      "eta" : 0,
      "elapsed" : 181,
      "job options" : {
        "rw" : "randread",
        "random_distribution" : "random",
        "numjobs" : "77"
      },
      "read" : {
        "io_bytes" : 10931500974080,
        "io_kbytes" : 10675293920,
        "bw_bytes" : 60729211429,
        "bw" : 59305870,
        "iops" : 14826467.634053,
        "runtime" : 180004,
        "total_ios" : 2668823480,
        "short_ios" : 0,
        "drop_ios" : 0,
        "slat_ns" : {
          "min" : 0,
          "max" : 0,
          "mean" : 0.000000,
          "stddev" : 0.000000,
          "N" : 0
        },
        "clat_ns" : {
          "min" : 79,
          "max" : 19371257,
          "mean" : 4166.725728,
          "stddev" : 14422.023557,
          "N" : 2668823480,
          "percentile" : {
            "1.000000" : 1608,
            "5.000000" : 2160,
            "10.000000" : 2480,
            "20.000000" : 2896,
            "30.000000" : 3248,
            "40.000000" : 3568,
            "50.000000" : 3888,
            "60.000000" : 4192,
            "70.000000" : 4576,
            "80.000000" : 5088,
            "90.000000" : 5792,
            "95.000000" : 6496,
            "99.000000" : 8384,
            "99.500000" : 10688,
            "99.900000" : 19328,
            "99.950000" : 21376,
            "99.990000" : 30848
          }
        },
        "lat_ns" : {
          "min" : 102,
          "max" : 19371293,
          "mean" : 4321.431218,
          "stddev" : 14456.689285,
          "N" : 2668823480
        },
        "bw_min" : 69948,
        "bw_max" : 67996915,
        "bw_agg" : 100.000000,
        "bw_mean" : 59858733.805634,
        "bw_dev" : 117621.006757,
        "bw_samples" : 27335,
        "iops_min" : 17461,
        "iops_max" : 16999194,
        "iops_mean" : 14964658.135211,
        "iops_stddev" : 29405.238128,
        "iops_samples" : 27335
      },
      "write" : {
        "io_bytes" : 7165553291264,
        "io_kbytes" : 6997610636,
        "bw_bytes" : 39807965929,
        "bw" : 38874966,
        "iops" : 9718741.682083,
        "runtime" : 180003,
        "total_ios" : 1749402659,
        "short_ios" : 0,
        "drop_ios" : 0,
        "slat_ns" : {
          "min" : 0,
          "max" : 0,
          "mean" : 0.000000,
          "stddev" : 0.000000,
          "N" : 0
        },
        "clat_ns" : {
          "min" : 78,
          "max" : 48054854,
          "mean" : 4023.118141,
          "stddev" : 21019.069379,
          "N" : 1749402659,
          "percentile" : {
            "1.000000" : 1544,
            "5.000000" : 2024,
            "10.000000" : 2288,
            "20.000000" : 2672,
            "30.000000" : 2992,
            "40.000000" : 3280,
            "50.000000" : 3568,
            "60.000000" : 3888,
            "70.000000" : 4256,
            "80.000000" : 4768,
            "90.000000" : 5472,
            "95.000000" : 6112,
            "99.000000" : 8032,
            "99.500000" : 10816,
            "99.900000" : 20864,
            "99.950000" : 47872,
            "99.990000" : 329728
          }
        },
        "lat_ns" : {
          "min" : 108,
          "max" : 48054905,
          "mean" : 4170.885209,
          "stddev" : 21204.833313,
          "N" : 1749402659
        },
        "bw_min" : 42880,
        "bw_max" : 55873529,
        "bw_agg" : 100.000000,
        "bw_mean" : 39239644.360563,
        "bw_dev" : 148522.778966,
        "bw_samples" : 18105,
        "iops_min" : 10713,
        "iops_max" : 13968362,
        "iops_mean" : 9809894.783099,
        "iops_stddev" : 37130.672646,
        "iops_samples" : 18105
      },
      "trim" : {
        "io_bytes" : 0,
        "io_kbytes" : 0,
        "bw_bytes" : 0,
        "bw" : 0,
        "iops" : 0.000000,
        "runtime" : 0,
        "total_ios" : 0,
        "short_ios" : 0,
        "drop_ios" : 0,
        "slat_ns" : {
          "min" : 0,
          "max" : 0,
          "mean" : 0.000000,
          "stddev" : 0.000000,
          "N" : 0
        },
        "clat_ns" : {
          "min" : 0,
          "max" : 0,
          "mean" : 0.000000,
          "stddev" : 0.000000,
          "N" : 0
        },
        "lat_ns" : {
          "min" : 0,
          "max" : 0,
          "mean" : 0.000000,
          "stddev" : 0.000000,
          "N" : 0
        },
        "bw_min" : 0,
        "bw_max" : 0,
        "bw_agg" : 0.000000,
        "bw_mean" : 0.000000,
        "bw_dev" : 0.000000,
        "bw_samples" : 0,
        "iops_min" : 0,
        "iops_max" : 0,
        "iops_mean" : 0.000000,
        "iops_stddev" : 0.000000,
        "iops_samples" : 0
      },
      "sync" : {
        "total_ios" : 0,
        "lat_ns" : {
          "min" : 0,
          "max" : 0,
          "mean" : 0.000000,
          "stddev" : 0.000000,
          "N" : 0
        }
      },
      "job_runtime" : 23040077,
      "usr_cpu" : 96.048186,
      "sys_cpu" : 1.051168,
      "ctx" : 797820,
      "majf" : 196618,
      "minf" : 959980,
      "iodepth_level" : {
        "1" : 100.000000,
        "2" : 0.000000,
        "4" : 0.000000,
        "8" : 0.000000,
        "16" : 0.000000,
        "32" : 0.000000,
        ">=64" : 0.000000
      },
      "iodepth_submit" : {
        "0" : 0.000000,
        "4" : 100.000000,
        "8" : 0.000000,
        "16" : 0.000000,
        "32" : 0.000000,
        "64" : 0.000000,
        ">=64" : 0.000000
      },
      "iodepth_complete" : {
        "0" : 0.000000,
        "4" : 100.000000,
        "8" : 0.000000,
        "16" : 0.000000,
        "32" : 0.000000,
        "64" : 0.000000,
        ">=64" : 0.000000
      },
      "latency_ns" : {
        "2" : 0.000000,
        "4" : 0.000000,
        "10" : 0.000000,
        "20" : 0.000000,
        "50" : 0.000000,
        "100" : 0.010000,
        "250" : 0.035121,
        "500" : 0.017668,
        "750" : 0.035275,
        "1000" : 0.077132
      },
      "latency_us" : {
        "2" : 3.697828,
        "4" : 53.395910,
        "10" : 42.176739,
        "20" : 0.467190,
        "50" : 0.073875,
        "100" : 0.010000,
        "250" : 0.010000,
        "500" : 0.010000,
        "750" : 0.010000,
        "1000" : 0.010000
      },
      "latency_ms" : {
        "2" : 0.010000,
        "4" : 0.010000,
        "10" : 0.010000,
        "20" : 0.010000,
        "50" : 0.010000,
        "100" : 0.000000,
        "250" : 0.000000,
        "500" : 0.000000,
        "750" : 0.000000,
        "1000" : 0.000000,
        "2000" : 0.000000,
        ">=2000" : 0.000000
      },
      "latency_depth" : 1,
      "latency_target" : 0,
      "latency_percentile" : 100.000000,
      "latency_window" : 0
    }
  ],
  "disk_util" : [
    {
      "name" : "sda",
      "read_ios" : 196424,
      "write_ios" : 60393,
      "read_sectors" : 1573496,
      "write_sectors" : 7464584,
      "read_merges" : 263,
      "write_merges" : 1011,
      "read_ticks" : 345912,
      "write_ticks" : 13111834,
      "in_queue" : 13457756,
      "util" : 7.453264
    }
  ]
}
