{
  "fio version" : "fio-3.40",
  "timestamp" : 1756991391,
  "timestamp_ms" : 1756991391319,
  "time" : "Thu Sep  4 15:09:51 2025",
  "global options" : {
    "group_reporting" : "",
    "ioengine" : "mmap",
    "size" : "128m",
    "numjobs" : "128",
    "thread" : "1",
    "directory" : "/tmp",
    "time_based" : "",
    "runtime" : "30",
    "filename" : "/tmp/fio_readwrite",
    "share_mmap" : "1",
    "repl" : "1"
  },
  "jobs" : [
    {
      "jobname" : "writers",
      "groupid" : 0,
      "job_start" : 1756991360441,
      "error" : 0,
      "eta" : 0,
      "elapsed" : 32,
      "job options" : {
        "rw" : "randread",
        "random_distribution" : "random",
        "numjobs" : "122"
      },
      "read" : {
        "io_bytes" : 181060214784,
        "io_kbytes" : 176816616,
        "bw_bytes" : 5906191766,
        "bw" : 5767765,
        "iops" : 1441941.349165,
        "runtime" : 30656,
        "total_ios" : 44204154,
        "short_ios" : 0,
        "drop_ios" : 0,
        "slat_ns" : {
          "min" : 0,
          "max" : 0,
          "mean" : 0.000000,
          "stddev" : 0.000000,
          "N" : 0
        },
        "clat_ns" : {
          "min" : 79,
          "max" : 15904044,
          "mean" : 1871.502093,
          "stddev" : 44696.768834,
          "N" : 44204154,
          "percentile" : {
            "1.000000" : 223,
            "5.000000" : 326,
            "10.000000" : 418,
            "20.000000" : 540,
            "30.000000" : 628,
            "40.000000" : 692,
            "50.000000" : 756,
            "60.000000" : 828,
            "70.000000" : 924,
            "80.000000" : 1064,
            "90.000000" : 1416,
            "95.000000" : 1944,
            "99.000000" : 3184,
            "99.500000" : 3696,
            "99.900000" : 9408,
            "99.950000" : 856064,
            "99.990000" : 2277376
          }
        },
        "lat_ns" : {
          "min" : 100,
          "max" : 15904125,
          "mean" : 1924.220150,
          "stddev" : 44728.311707,
          "N" : 44204154
        },
        "bw_min" : 547593,
        "bw_max" : 38731474,
        "bw_agg" : 100.000000,
        "bw_mean" : 27869735.701019,
        "bw_dev" : 89949.905640,
        "bw_samples" : 1554,
        "iops_min" : 136889,
        "iops_max" : 9682859,
        "iops_mean" : 6967432.177492,
        "iops_stddev" : 22487.465768,
        "iops_samples" : 1554
      },
      "write" : {
        "io_bytes" : 8053088256,
        "io_kbytes" : 7864344,
        "bw_bytes" : 262734927,
        "bw" : 256577,
        "iops" : 64144.269355,
        "runtime" : 30651,
        "total_ios" : 1966086,
        "short_ios" : 0,
        "drop_ios" : 0,
        "slat_ns" : {
          "min" : 0,
          "max" : 0,
          "mean" : 0.000000,
          "stddev" : 0.000000,
          "N" : 0
        },
        "clat_ns" : {
          "min" : 126,
          "max" : 13962632,
          "mean" : 6376.329309,
          "stddev" : 82136.536745,
          "N" : 1966086,
          "percentile" : {
            "1.000000" : 354,
            "5.000000" : 490,
            "10.000000" : 564,
            "20.000000" : 684,
            "30.000000" : 780,
            "40.000000" : 884,
            "50.000000" : 1004,
            "60.000000" : 1160,
            "70.000000" : 1432,
            "80.000000" : 4048,
            "90.000000" : 7072,
            "95.000000" : 10304,
            "99.000000" : 70144,
            "99.500000" : 173056,
            "99.900000" : 888832,
            "99.950000" : 1351680,
            "99.990000" : 3162112
          }
        },
        "lat_ns" : {
          "min" : 174,
          "max" : 13962671,
          "mean" : 6440.329036,
          "stddev" : 82141.414466,
          "N" : 1966086
        },
        "bw_min" : 34392,
        "bw_max" : 1572864,
        "bw_agg" : 100.000000,
        "bw_mean" : 1063755.157143,
        "bw_dev" : 92589.464298,
        "bw_samples" : 89,
        "iops_min" : 8598,
        "iops_max" : 393216,
        "iops_mean" : 265938.735714,
        "iops_stddev" : 23147.382761,
        "iops_samples" : 89
      },
      "trim" : {
        "io_bytes" : 0,
        "io_kbytes" : 0,
        "bw_bytes" : 0,
        "bw" : 0,
        "iops" : 0.000000,
        "runtime" : 0,
        "total_ios" : 0,
        "short_ios" : 0,
        "drop_ios" : 0,
        "slat_ns" : {
          "min" : 0,
          "max" : 0,
          "mean" : 0.000000,
          "stddev" : 0.000000,
          "N" : 0
        },
        "clat_ns" : {
          "min" : 0,
          "max" : 0,
          "mean" : 0.000000,
          "stddev" : 0.000000,
          "N" : 0
        },
        "lat_ns" : {
          "min" : 0,
          "max" : 0,
          "mean" : 0.000000,
          "stddev" : 0.000000,
          "N" : 0
        },
        "bw_min" : 0,
        "bw_max" : 0,
        "bw_agg" : 0.000000,
        "bw_mean" : 0.000000,
        "bw_dev" : 0.000000,
        "bw_samples" : 0,
        "iops_min" : 0,
        "iops_max" : 0,
        "iops_mean" : 0.000000,
        "iops_stddev" : 0.000000,
        "iops_samples" : 0
      },
      "sync" : {
        "total_ios" : 0,
        "lat_ns" : {
          "min" : 0,
          "max" : 0,
          "mean" : 0.000000,
          "stddev" : 0.000000,
          "N" : 0
        }
      },
      "job_runtime" : 3912924,
      "usr_cpu" : 1.635554,
      "sys_cpu" : 57.869971,
      "ctx" : 12057654,
      "majf" : 32779,
      "minf" : 410466,
      "iodepth_level" : {
        "1" : 100.000000,
        "2" : 0.000000,
        "4" : 0.000000,
        "8" : 0.000000,
        "16" : 0.000000,
        "32" : 0.000000,
        ">=64" : 0.000000
      },
      "iodepth_submit" : {
        "0" : 0.000000,
        "4" : 100.000000,
        "8" : 0.000000,
        "16" : 0.000000,
        "32" : 0.000000,
        "64" : 0.000000,
        ">=64" : 0.000000
      },
      "iodepth_complete" : {
        "0" : 0.000000,
        "4" : 100.000000,
        "8" : 0.000000,
        "16" : 0.000000,
        "32" : 0.000000,
        "64" : 0.000000,
        ">=64" : 0.000000
      },
      "latency_ns" : {
        "2" : 0.000000,
        "4" : 0.000000,
        "10" : 0.000000,
        "20" : 0.000000,
        "50" : 0.000000,
        "100" : 0.010000,
        "250" : 2.121486,
        "500" : 14.794062,
        "750" : 31.584129,
        "1000" : 26.997135
      },
      "latency_us" : {
        "2" : 19.004012,
        "4" : 4.302663,
        "10" : 0.877819,
        "20" : 0.147073,
        "50" : 0.048692,
        "100" : 0.020747,
        "250" : 0.019175,
        "500" : 0.012265,
        "750" : 0.012560,
        "1000" : 0.014109
      },
      "latency_ms" : {
        "2" : 0.030017,
        "4" : 0.012642,
        "10" : 0.010000,
        "20" : 0.010000,
        "50" : 0.000000,
        "100" : 0.000000,
        "250" : 0.000000,
        "500" : 0.000000,
        "750" : 0.000000,
        "1000" : 0.000000,
        "2000" : 0.000000,
        ">=2000" : 0.000000
      },
      "latency_depth" : 1,
      "latency_target" : 0,
      "latency_percentile" : 100.000000,
      "latency_window" : 0
    }
  ],
  "disk_util" : [
    {
      "name" : "sda",
      "read_ios" : 32703,
      "write_ios" : 83937,
      "read_sectors" : 262352,
      "write_sectors" : 3284248,
      "read_merges" : 91,
      "write_merges" : 130,
      "read_ticks" : 44139,
      "write_ticks" : 57933,
      "in_queue" : 102073,
      "util" : 45.468170
    }
  ]
}
