{
  "fio version" : "fio-3.40",
  "timestamp" : 1770007313,
  "timestamp_ms" : 1770007313588,
  "time" : "Mon Feb  2 05:41:53 2026",
  "global options" : {
    "group_reporting" : "",
    "ioengine" : "mmap",
    "size" : "768m",
    "thread" : "1",
    "directory" : "/tmp",
    "time_based" : "",
    "runtime" : "180",
    "norandommap" : "1",
    "filename" : "/tmp/fio_readwrite",
    "share_mmap" : "1",
    "repl" : "1"
  },
  "jobs" : [
    {
      "jobname" : "writers",
      "groupid" : 0,
      "job_start" : 1770007133504,
      "error" : 0,
      "eta" : 0,
      "elapsed" : 181,
      "job options" : {
        "rw" : "randread",
        "random_distribution" : "random",
        "numjobs" : "26"
      },
      "read" : {
        "io_bytes" : 3370784866304,
        "io_kbytes" : 3291782096,
        "bw_bytes" : 18726062422,
        "bw" : 18287170,
        "iops" : 4571792.583539,
        "runtime" : 180005,
        "total_ios" : 822945524,
        "short_ios" : 0,
        "drop_ios" : 0,
        "slat_ns" : {
          "min" : 0,
          "max" : 0,
          "mean" : 0.000000,
          "stddev" : 0.000000,
          "N" : 0
        },
        "clat_ns" : {
          "min" : 87,
          "max" : 16536378,
          "mean" : 4221.724672,
          "stddev" : 18087.519850,
          "N" : 822945524,
          "percentile" : {
            "1.000000" : 1400,
            "5.000000" : 2064,
            "10.000000" : 2448,
            "20.000000" : 2928,
            "30.000000" : 3312,
            "40.000000" : 3632,
            "50.000000" : 3952,
            "60.000000" : 4256,
            "70.000000" : 4640,
            "80.000000" : 5088,
            "90.000000" : 5728,
            "95.000000" : 6432,
            "99.000000" : 8640,
            "99.500000" : 11712,
            "99.900000" : 20096,
            "99.950000" : 22400,
            "99.990000" : 35584
          }
        },
        "lat_ns" : {
          "min" : 112,
          "max" : 16536444,
          "mean" : 4411.910049,
          "stddev" : 18254.047685,
          "N" : 822945524
        },
        "bw_min" : 61094,
        "bw_max" : 24032868,
        "bw_agg" : 100.000000,
        "bw_mean" : 18456729.261972,
        "bw_dev" : 113031.020263,
        "bw_samples" : 9230,
        "iops_min" : 15254,
        "iops_max" : 6008207,
        "iops_mean" : 4614173.318310,
        "iops_stddev" : 28257.750243,
        "iops_samples" : 9230
      },
      "write" : {
        "io_bytes" : 13917158174720,
        "io_kbytes" : 13590974780,
        "bw_bytes" : 77315397765,
        "bw" : 75503318,
        "iops" : 18875829.532513,
        "runtime" : 180005,
        "total_ios" : 3397743695,
        "short_ios" : 0,
        "drop_ios" : 0,
        "slat_ns" : {
          "min" : 0,
          "max" : 0,
          "mean" : 0.000000,
          "stddev" : 0.000000,
          "N" : 0
        },
        "clat_ns" : {
          "min" : 79,
          "max" : 123623453,
          "mean" : 3929.338248,
          "stddev" : 18635.624799,
          "N" : 3397743695,
          "percentile" : {
            "1.000000" : 1368,
            "5.000000" : 1944,
            "10.000000" : 2288,
            "20.000000" : 2672,
            "30.000000" : 2992,
            "40.000000" : 3280,
            "50.000000" : 3568,
            "60.000000" : 3888,
            "70.000000" : 4256,
            "80.000000" : 4640,
            "90.000000" : 5280,
            "95.000000" : 5920,
            "99.000000" : 7904,
            "99.500000" : 11200,
            "99.900000" : 20352,
            "99.950000" : 23680,
            "99.990000" : 382976
          }
        },
        "lat_ns" : {
          "min" : 111,
          "max" : 123624412,
          "mean" : 4127.613290,
          "stddev" : 18819.483695,
          "N" : 3397743695
        },
        "bw_min" : 238245,
        "bw_max" : 92418193,
        "bw_agg" : 100.000000,
        "bw_mean" : 76207238.822535,
        "bw_dev" : 109852.991241,
        "bw_samples" : 36210,
        "iops_min" : 59506,
        "iops_max" : 23104528,
        "iops_mean" : 19051777.135211,
        "iops_stddev" : 27463.240582,
        "iops_samples" : 36210
      },
      "trim" : {
        "io_bytes" : 0,
        "io_kbytes" : 0,
        "bw_bytes" : 0,
        "bw" : 0,
        "iops" : 0.000000,
        "runtime" : 0,
        "total_ios" : 0,
        "short_ios" : 0,
        "drop_ios" : 0,
        "slat_ns" : {
          "min" : 0,
          "max" : 0,
          "mean" : 0.000000,
          "stddev" : 0.000000,
          "N" : 0
        },
        "clat_ns" : {
          "min" : 0,
          "max" : 0,
          "mean" : 0.000000,
          "stddev" : 0.000000,
          "N" : 0
        },
        "lat_ns" : {
          "min" : 0,
          "max" : 0,
          "mean" : 0.000000,
          "stddev" : 0.000000,
          "N" : 0
        },
        "bw_min" : 0,
        "bw_max" : 0,
        "bw_agg" : 0.000000,
        "bw_mean" : 0.000000,
        "bw_dev" : 0.000000,
        "bw_samples" : 0,
        "iops_min" : 0,
        "iops_max" : 0,
        "iops_mean" : 0.000000,
        "iops_stddev" : 0.000000,
        "iops_samples" : 0
      },
      "sync" : {
        "total_ios" : 0,
        "lat_ns" : {
          "min" : 0,
          "max" : 0,
          "mean" : 0.000000,
          "stddev" : 0.000000,
          "N" : 0
        }
      },
      "job_runtime" : 23040105,
      "usr_cpu" : 95.907992,
      "sys_cpu" : 1.100785,
      "ctx" : 753823,
      "majf" : 196603,
      "minf" : 717844,
      "iodepth_level" : {
        "1" : 100.000000,
        "2" : 0.000000,
        "4" : 0.000000,
        "8" : 0.000000,
        "16" : 0.000000,
        "32" : 0.000000,
        ">=64" : 0.000000
      },
      "iodepth_submit" : {
        "0" : 0.000000,
        "4" : 100.000000,
        "8" : 0.000000,
        "16" : 0.000000,
        "32" : 0.000000,
        "64" : 0.000000,
        ">=64" : 0.000000
      },
      "iodepth_complete" : {
        "0" : 0.000000,
        "4" : 100.000000,
        "8" : 0.000000,
        "16" : 0.000000,
        "32" : 0.000000,
        "64" : 0.000000,
        ">=64" : 0.000000
      },
      "latency_ns" : {
        "2" : 0.000000,
        "4" : 0.000000,
        "10" : 0.000000,
        "20" : 0.000000,
        "50" : 0.000000,
        "100" : 0.010000,
        "250" : 0.030353,
        "500" : 0.017568,
        "750" : 0.053655,
        "1000" : 0.166627
      },
      "latency_us" : {
        "2" : 5.144473,
        "4" : 55.778298,
        "10" : 38.193676,
        "20" : 0.507555,
        "50" : 0.085463,
        "100" : 0.010000,
        "250" : 0.010000,
        "500" : 0.011622,
        "750" : 0.010000,
        "1000" : 0.010000
      },
      "latency_ms" : {
        "2" : 0.010000,
        "4" : 0.010000,
        "10" : 0.010000,
        "20" : 0.010000,
        "50" : 0.010000,
        "100" : 0.010000,
        "250" : 0.010000,
        "500" : 0.000000,
        "750" : 0.000000,
        "1000" : 0.000000,
        "2000" : 0.000000,
        ">=2000" : 0.000000
      },
      "latency_depth" : 1,
      "latency_target" : 0,
      "latency_percentile" : 100.000000,
      "latency_window" : 0
    }
  ],
  "disk_util" : [
    {
      "name" : "sda",
      "read_ios" : 196385,
      "write_ios" : 51614,
      "read_sectors" : 1573008,
      "write_sectors" : 5977872,
      "read_merges" : 240,
      "write_merges" : 931,
      "read_ticks" : 339789,
      "write_ticks" : 45259189,
      "in_queue" : 45598989,
      "util" : 5.695353
    }
  ]
}
