{
  "fio version" : "fio-3.40",
  "timestamp" : 1764798232,
  "timestamp_ms" : 1764798232623,
  "time" : "Wed Dec  3 22:43:52 2025",
  "global options" : {
    "group_reporting" : "",
    "ioengine" : "mmap",
    "size" : "768m",
    "thread" : "1",
    "directory" : "/tmp",
    "time_based" : "",
    "runtime" : "180",
    "norandommap" : "1",
    "filename" : "/tmp/fio_readwrite",
    "share_mmap" : "1",
    "repl" : "1"
  },
  "jobs" : [
    {
      "jobname" : "writers",
      "groupid" : 0,
      "job_start" : 1764798052466,
      "error" : 0,
      "eta" : 0,
      "elapsed" : 181,
      "job options" : {
        "rw" : "randread",
        "random_distribution" : "random",
        "numjobs" : "38"
      },
      "read" : {
        "io_bytes" : 3615669506048,
        "io_kbytes" : 3530927252,
        "bw_bytes" : 20086494853,
        "bw" : 19615717,
        "iops" : 4903929.407516,
        "runtime" : 180005,
        "total_ios" : 882731813,
        "short_ios" : 0,
        "drop_ios" : 0,
        "slat_ns" : {
          "min" : 0,
          "max" : 0,
          "mean" : 0.000000,
          "stddev" : 0.000000,
          "N" : 0
        },
        "clat_ns" : {
          "min" : 87,
          "max" : 8068650,
          "mean" : 5369.820827,
          "stddev" : 15738.313418,
          "N" : 882731813,
          "percentile" : {
            "1.000000" : 1608,
            "5.000000" : 2224,
            "10.000000" : 2576,
            "20.000000" : 3056,
            "30.000000" : 3504,
            "40.000000" : 3952,
            "50.000000" : 4448,
            "60.000000" : 5088,
            "70.000000" : 5728,
            "80.000000" : 6496,
            "90.000000" : 7584,
            "95.000000" : 8640,
            "99.000000" : 12736,
            "99.500000" : 17024,
            "99.900000" : 224256,
            "99.950000" : 284672,
            "99.990000" : 593920
          }
        },
        "lat_ns" : {
          "min" : 111,
          "max" : 8080401,
          "mean" : 5672.335006,
          "stddev" : 15897.268521,
          "N" : 882731813
        },
        "bw_min" : 386597,
        "bw_max" : 24820496,
        "bw_agg" : 100.000000,
        "bw_mean" : 21146505.892304,
        "bw_dev" : 152633.669231,
        "bw_samples" : 12617,
        "iops_min" : 96645,
        "iops_max" : 6205113,
        "iops_mean" : 5286612.142067,
        "iops_stddev" : 38158.378195,
        "iops_samples" : 12617
      },
      "write" : {
        "io_bytes" : 9549966323712,
        "io_kbytes" : 9326138988,
        "bw_bytes" : 53054484223,
        "bw" : 51811019,
        "iops" : 12952754.937418,
        "runtime" : 180003,
        "total_ios" : 2331534747,
        "short_ios" : 0,
        "drop_ios" : 0,
        "slat_ns" : {
          "min" : 0,
          "max" : 0,
          "mean" : 0.000000,
          "stddev" : 0.000000,
          "N" : 0
        },
        "clat_ns" : {
          "min" : 87,
          "max" : 48062094,
          "mean" : 4868.154321,
          "stddev" : 18449.514448,
          "N" : 2331534747,
          "percentile" : {
            "1.000000" : 1608,
            "5.000000" : 2064,
            "10.000000" : 2352,
            "20.000000" : 2768,
            "30.000000" : 3184,
            "40.000000" : 3568,
            "50.000000" : 3984,
            "60.000000" : 4448,
            "70.000000" : 5024,
            "80.000000" : 5728,
            "90.000000" : 6752,
            "95.000000" : 7648,
            "99.000000" : 11200,
            "99.500000" : 14912,
            "99.900000" : 207872,
            "99.950000" : 448512,
            "99.990000" : 741376
          }
        },
        "lat_ns" : {
          "min" : 120,
          "max" : 48062175,
          "mean" : 5084.435098,
          "stddev" : 18548.025924,
          "N" : 2331534747
        },
        "bw_min" : 524010,
        "bw_max" : 64899557,
        "bw_agg" : 100.000000,
        "bw_mean" : 55724463.559741,
        "bw_dev" : 173528.310443,
        "bw_samples" : 29932,
        "iops_min" : 130981,
        "iops_max" : 16224850,
        "iops_mean" : 13931085.200906,
        "iops_stddev" : 43382.049422,
        "iops_samples" : 29932
      },
      "trim" : {
        "io_bytes" : 0,
        "io_kbytes" : 0,
        "bw_bytes" : 0,
        "bw" : 0,
        "iops" : 0.000000,
        "runtime" : 0,
        "total_ios" : 0,
        "short_ios" : 0,
        "drop_ios" : 0,
        "slat_ns" : {
          "min" : 0,
          "max" : 0,
          "mean" : 0.000000,
          "stddev" : 0.000000,
          "N" : 0
        },
        "clat_ns" : {
          "min" : 0,
          "max" : 0,
          "mean" : 0.000000,
          "stddev" : 0.000000,
          "N" : 0
        },
        "lat_ns" : {
          "min" : 0,
          "max" : 0,
          "mean" : 0.000000,
          "stddev" : 0.000000,
          "N" : 0
        },
        "bw_min" : 0,
        "bw_max" : 0,
        "bw_agg" : 0.000000,
        "bw_mean" : 0.000000,
        "bw_dev" : 0.000000,
        "bw_samples" : 0,
        "iops_min" : 0,
        "iops_max" : 0,
        "iops_mean" : 0.000000,
        "iops_stddev" : 0.000000,
        "iops_samples" : 0
      },
      "sync" : {
        "total_ios" : 0,
        "lat_ns" : {
          "min" : 0,
          "max" : 0,
          "mean" : 0.000000,
          "stddev" : 0.000000,
          "N" : 0
        }
      },
      "job_runtime" : 23040064,
      "usr_cpu" : 85.663538,
      "sys_cpu" : 13.586694,
      "ctx" : 249883,
      "majf" : 103369,
      "minf" : 4215079,
      "iodepth_level" : {
        "1" : 100.000000,
        "2" : 0.000000,
        "4" : 0.000000,
        "8" : 0.000000,
        "16" : 0.000000,
        "32" : 0.000000,
        ">=64" : 0.000000
      },
      "iodepth_submit" : {
        "0" : 0.000000,
        "4" : 100.000000,
        "8" : 0.000000,
        "16" : 0.000000,
        "32" : 0.000000,
        "64" : 0.000000,
        ">=64" : 0.000000
      },
      "iodepth_complete" : {
        "0" : 0.000000,
        "4" : 100.000000,
        "8" : 0.000000,
        "16" : 0.000000,
        "32" : 0.000000,
        "64" : 0.000000,
        ">=64" : 0.000000
      },
      "latency_ns" : {
        "2" : 0.000000,
        "4" : 0.000000,
        "10" : 0.000000,
        "20" : 0.000000,
        "50" : 0.000000,
        "100" : 0.010000,
        "250" : 0.029180,
        "500" : 0.017413,
        "750" : 0.057943,
        "1000" : 0.114752
      },
      "latency_us" : {
        "2" : 3.455587,
        "4" : 44.346223,
        "10" : 50.358278,
        "20" : 1.321380,
        "50" : 0.169789,
        "100" : 0.010000,
        "250" : 0.045719,
        "500" : 0.054261,
        "750" : 0.019798,
        "1000" : 0.010000
      },
      "latency_ms" : {
        "2" : 0.010000,
        "4" : 0.010000,
        "10" : 0.010000,
        "20" : 0.000000,
        "50" : 0.010000,
        "100" : 0.000000,
        "250" : 0.000000,
        "500" : 0.000000,
        "750" : 0.000000,
        "1000" : 0.000000,
        "2000" : 0.000000,
        ">=2000" : 0.000000
      },
      "latency_depth" : 1,
      "latency_target" : 0,
      "latency_percentile" : 100.000000,
      "latency_window" : 0
    }
  ],
  "disk_util" : [
    {
      "name" : "sda",
      "read_ios" : 103376,
      "write_ios" : 3201,
      "read_sectors" : 827480,
      "write_sectors" : 1575656,
      "read_merges" : 59,
      "write_merges" : 137,
      "read_ticks" : 23090,
      "write_ticks" : 23715372,
      "in_queue" : 23738472,
      "util" : 3.105936
    }
  ]
}
