{
  "fio version" : "fio-3.40",
  "timestamp" : 1765212781,
  "timestamp_ms" : 1765212781791,
  "time" : "Mon Dec  8 17:53:01 2025",
  "global options" : {
    "group_reporting" : "",
    "ioengine" : "mmap",
    "size" : "768m",
    "thread" : "1",
    "directory" : "/tmp",
    "time_based" : "",
    "runtime" : "180",
    "norandommap" : "1",
    "filename" : "/tmp/fio_readwrite",
    "share_mmap" : "1",
    "repl" : "1"
  },
  "jobs" : [
    {
      "jobname" : "writers",
      "groupid" : 0,
      "job_start" : 1765212601685,
      "error" : 0,
      "eta" : 0,
      "elapsed" : 181,
      "job options" : {
        "rw" : "randread",
        "random_distribution" : "random",
        "numjobs" : "38"
      },
      "read" : {
        "io_bytes" : 4902962233344,
        "io_kbytes" : 4788049056,
        "bw_bytes" : 27237771148,
        "bw" : 26599385,
        "iops" : 6649846.471784,
        "runtime" : 180006,
        "total_ios" : 1197012264,
        "short_ios" : 0,
        "drop_ios" : 0,
        "slat_ns" : {
          "min" : 0,
          "max" : 0,
          "mean" : 0.000000,
          "stddev" : 0.000000,
          "N" : 0
        },
        "clat_ns" : {
          "min" : 79,
          "max" : 15655797,
          "mean" : 4470.346133,
          "stddev" : 15903.880630,
          "N" : 1197012264,
          "percentile" : {
            "1.000000" : 1672,
            "5.000000" : 2288,
            "10.000000" : 2640,
            "20.000000" : 3088,
            "30.000000" : 3440,
            "40.000000" : 3760,
            "50.000000" : 4128,
            "60.000000" : 4512,
            "70.000000" : 4896,
            "80.000000" : 5472,
            "90.000000" : 6240,
            "95.000000" : 7072,
            "99.000000" : 9664,
            "99.500000" : 12736,
            "99.900000" : 21376,
            "99.950000" : 23168,
            "99.990000" : 35584
          }
        },
        "lat_ns" : {
          "min" : 101,
          "max" : 15655980,
          "mean" : 4648.676972,
          "stddev" : 15934.859412,
          "N" : 1197012264
        },
        "bw_min" : 31336,
        "bw_max" : 30823747,
        "bw_agg" : 100.000000,
        "bw_mean" : 26845436.988732,
        "bw_dev" : 117124.724024,
        "bw_samples" : 13490,
        "iops_min" : 7834,
        "iops_max" : 7705920,
        "iops_mean" : 6711345.811268,
        "iops_stddev" : 29281.162082,
        "iops_samples" : 13490
      },
      "write" : {
        "io_bytes" : 11233047486464,
        "io_kbytes" : 10969772936,
        "bw_bytes" : 62404085922,
        "bw" : 60941490,
        "iops" : 15235372.539652,
        "runtime" : 180005,
        "total_ios" : 2742443234,
        "short_ios" : 0,
        "drop_ios" : 0,
        "slat_ns" : {
          "min" : 0,
          "max" : 0,
          "mean" : 0.000000,
          "stddev" : 0.000000,
          "N" : 0
        },
        "clat_ns" : {
          "min" : 78,
          "max" : 76320775,
          "mean" : 4374.834822,
          "stddev" : 20976.286927,
          "N" : 2742443234,
          "percentile" : {
            "1.000000" : 1576,
            "5.000000" : 2160,
            "10.000000" : 2448,
            "20.000000" : 2896,
            "30.000000" : 3248,
            "40.000000" : 3600,
            "50.000000" : 3920,
            "60.000000" : 4256,
            "70.000000" : 4704,
            "80.000000" : 5216,
            "90.000000" : 5984,
            "95.000000" : 6752,
            "99.000000" : 9280,
            "99.500000" : 12736,
            "99.900000" : 21632,
            "99.950000" : 27008,
            "99.990000" : 382976
          }
        },
        "lat_ns" : {
          "min" : 109,
          "max" : 76320821,
          "mean" : 4563.019179,
          "stddev" : 21137.124831,
          "N" : 2742443234
        },
        "bw_min" : 72240,
        "bw_max" : 82140058,
        "bw_agg" : 100.000000,
        "bw_mean" : 61506662.391549,
        "bw_dev" : 122089.883408,
        "bw_samples" : 31950,
        "iops_min" : 18060,
        "iops_max" : 20534972,
        "iops_mean" : 15376634.070423,
        "iops_stddev" : 30522.448903,
        "iops_samples" : 31950
      },
      "trim" : {
        "io_bytes" : 0,
        "io_kbytes" : 0,
        "bw_bytes" : 0,
        "bw" : 0,
        "iops" : 0.000000,
        "runtime" : 0,
        "total_ios" : 0,
        "short_ios" : 0,
        "drop_ios" : 0,
        "slat_ns" : {
          "min" : 0,
          "max" : 0,
          "mean" : 0.000000,
          "stddev" : 0.000000,
          "N" : 0
        },
        "clat_ns" : {
          "min" : 0,
          "max" : 0,
          "mean" : 0.000000,
          "stddev" : 0.000000,
          "N" : 0
        },
        "lat_ns" : {
          "min" : 0,
          "max" : 0,
          "mean" : 0.000000,
          "stddev" : 0.000000,
          "N" : 0
        },
        "bw_min" : 0,
        "bw_max" : 0,
        "bw_agg" : 0.000000,
        "bw_mean" : 0.000000,
        "bw_dev" : 0.000000,
        "bw_samples" : 0,
        "iops_min" : 0,
        "iops_max" : 0,
        "iops_mean" : 0.000000,
        "iops_stddev" : 0.000000,
        "iops_samples" : 0
      },
      "sync" : {
        "total_ios" : 0,
        "lat_ns" : {
          "min" : 0,
          "max" : 0,
          "mean" : 0.000000,
          "stddev" : 0.000000,
          "N" : 0
        }
      },
      "job_runtime" : 23040118,
      "usr_cpu" : 95.824661,
      "sys_cpu" : 1.076930,
      "ctx" : 667532,
      "majf" : 196630,
      "minf" : 754018,
      "iodepth_level" : {
        "1" : 100.000000,
        "2" : 0.000000,
        "4" : 0.000000,
        "8" : 0.000000,
        "16" : 0.000000,
        "32" : 0.000000,
        ">=64" : 0.000000
      },
      "iodepth_submit" : {
        "0" : 0.000000,
        "4" : 100.000000,
        "8" : 0.000000,
        "16" : 0.000000,
        "32" : 0.000000,
        "64" : 0.000000,
        ">=64" : 0.000000
      },
      "iodepth_complete" : {
        "0" : 0.000000,
        "4" : 100.000000,
        "8" : 0.000000,
        "16" : 0.000000,
        "32" : 0.000000,
        "64" : 0.000000,
        ">=64" : 0.000000
      },
      "latency_ns" : {
        "2" : 0.000000,
        "4" : 0.000000,
        "10" : 0.000000,
        "20" : 0.000000,
        "50" : 0.000000,
        "100" : 0.010000,
        "250" : 0.031035,
        "500" : 0.017349,
        "750" : 0.041454,
        "1000" : 0.089098
      },
      "latency_us" : {
        "2" : 2.923336,
        "4" : 47.538181,
        "10" : 48.488941,
        "20" : 0.715765,
        "50" : 0.130297,
        "100" : 0.010000,
        "250" : 0.010000,
        "500" : 0.012604,
        "750" : 0.010000,
        "1000" : 0.010000
      },
      "latency_ms" : {
        "2" : 0.010000,
        "4" : 0.010000,
        "10" : 0.010000,
        "20" : 0.010000,
        "50" : 0.010000,
        "100" : 0.010000,
        "250" : 0.000000,
        "500" : 0.000000,
        "750" : 0.000000,
        "1000" : 0.000000,
        "2000" : 0.000000,
        ">=2000" : 0.000000
      },
      "latency_depth" : 1,
      "latency_target" : 0,
      "latency_percentile" : 100.000000,
      "latency_window" : 0
    }
  ],
  "disk_util" : [
    {
      "name" : "sda",
      "read_ios" : 196420,
      "write_ios" : 48227,
      "read_sectors" : 1572656,
      "write_sectors" : 6336104,
      "read_merges" : 162,
      "write_merges" : 1095,
      "read_ticks" : 369814,
      "write_ticks" : 14950256,
      "in_queue" : 15320079,
      "util" : 6.518241
    }
  ]
}
