{
  "fio version" : "fio-3.40",
  "timestamp" : 1770006770,
  "timestamp_ms" : 1770006770342,
  "time" : "Mon Feb  2 05:32:50 2026",
  "global options" : {
    "group_reporting" : "",
    "ioengine" : "mmap",
    "size" : "768m",
    "thread" : "1",
    "directory" : "/tmp",
    "time_based" : "",
    "runtime" : "180",
    "norandommap" : "1",
    "filename" : "/tmp/fio_readwrite",
    "share_mmap" : "1",
    "repl" : "1"
  },
  "jobs" : [
    {
      "jobname" : "writers",
      "groupid" : 0,
      "job_start" : 1770006590247,
      "error" : 0,
      "eta" : 0,
      "elapsed" : 181,
      "job options" : {
        "rw" : "randread",
        "random_distribution" : "random",
        "numjobs" : "38"
      },
      "read" : {
        "io_bytes" : 4424395272192,
        "io_kbytes" : 4320698508,
        "bw_bytes" : 24579427524,
        "bw" : 24003347,
        "iops" : 6000836.798071,
        "runtime" : 180004,
        "total_ios" : 1080174627,
        "short_ios" : 0,
        "drop_ios" : 0,
        "slat_ns" : {
          "min" : 0,
          "max" : 0,
          "mean" : 0.000000,
          "stddev" : 0.000000,
          "N" : 0
        },
        "clat_ns" : {
          "min" : 80,
          "max" : 36064006,
          "mean" : 4986.412486,
          "stddev" : 19285.218607,
          "N" : 1080174627,
          "percentile" : {
            "1.000000" : 1736,
            "5.000000" : 2352,
            "10.000000" : 2672,
            "20.000000" : 3120,
            "30.000000" : 3504,
            "40.000000" : 3920,
            "50.000000" : 4448,
            "60.000000" : 5024,
            "70.000000" : 5664,
            "80.000000" : 6432,
            "90.000000" : 7520,
            "95.000000" : 8512,
            "99.000000" : 10944,
            "99.500000" : 12864,
            "99.900000" : 21376,
            "99.950000" : 24192,
            "99.990000" : 42240
          }
        },
        "lat_ns" : {
          "min" : 103,
          "max" : 36064039,
          "mean" : 5133.683876,
          "stddev" : 19397.306227,
          "N" : 1080174627
        },
        "bw_min" : 57024,
        "bw_max" : 29826440,
        "bw_agg" : 100.000000,
        "bw_mean" : 24227679.921795,
        "bw_dev" : 104026.239469,
        "bw_samples" : 13483,
        "iops_min" : 14256,
        "iops_max" : 7456609,
        "iops_mean" : 6056907.227636,
        "iops_stddev" : 26006.529225,
        "iops_samples" : 13483
      },
      "write" : {
        "io_bytes" : 10414550532096,
        "io_kbytes" : 10170459504,
        "bw_bytes" : 57857328348,
        "bw" : 56501297,
        "iops" : 14125324.303904,
        "runtime" : 180004,
        "total_ios" : 2542614876,
        "short_ios" : 0,
        "drop_ios" : 0,
        "slat_ns" : {
          "min" : 0,
          "max" : 0,
          "mean" : 0.000000,
          "stddev" : 0.000000,
          "N" : 0
        },
        "clat_ns" : {
          "min" : 79,
          "max" : 28056510,
          "mean" : 4803.566913,
          "stddev" : 20571.208323,
          "N" : 2542614876,
          "percentile" : {
            "1.000000" : 1688,
            "5.000000" : 2192,
            "10.000000" : 2480,
            "20.000000" : 2960,
            "30.000000" : 3376,
            "40.000000" : 3792,
            "50.000000" : 4192,
            "60.000000" : 4704,
            "70.000000" : 5344,
            "80.000000" : 6048,
            "90.000000" : 7072,
            "95.000000" : 7904,
            "99.000000" : 10176,
            "99.500000" : 12480,
            "99.900000" : 21888,
            "99.950000" : 27264,
            "99.990000" : 432128
          }
        },
        "lat_ns" : {
          "min" : 110,
          "max" : 28056588,
          "mean" : 4995.705175,
          "stddev" : 20734.607909,
          "N" : 2542614876
        },
        "bw_min" : 130792,
        "bw_max" : 73820882,
        "bw_agg" : 100.000000,
        "bw_mean" : 57032274.089449,
        "bw_dev" : 124247.365538,
        "bw_samples" : 31899,
        "iops_min" : 32698,
        "iops_max" : 18455205,
        "iops_mean" : 14258038.575993,
        "iops_stddev" : 31061.824783,
        "iops_samples" : 31899
      },
      "trim" : {
        "io_bytes" : 0,
        "io_kbytes" : 0,
        "bw_bytes" : 0,
        "bw" : 0,
        "iops" : 0.000000,
        "runtime" : 0,
        "total_ios" : 0,
        "short_ios" : 0,
        "drop_ios" : 0,
        "slat_ns" : {
          "min" : 0,
          "max" : 0,
          "mean" : 0.000000,
          "stddev" : 0.000000,
          "N" : 0
        },
        "clat_ns" : {
          "min" : 0,
          "max" : 0,
          "mean" : 0.000000,
          "stddev" : 0.000000,
          "N" : 0
        },
        "lat_ns" : {
          "min" : 0,
          "max" : 0,
          "mean" : 0.000000,
          "stddev" : 0.000000,
          "N" : 0
        },
        "bw_min" : 0,
        "bw_max" : 0,
        "bw_agg" : 0.000000,
        "bw_mean" : 0.000000,
        "bw_dev" : 0.000000,
        "bw_samples" : 0,
        "iops_min" : 0,
        "iops_max" : 0,
        "iops_mean" : 0.000000,
        "iops_stddev" : 0.000000,
        "iops_samples" : 0
      },
      "sync" : {
        "total_ios" : 0,
        "lat_ns" : {
          "min" : 0,
          "max" : 0,
          "mean" : 0.000000,
          "stddev" : 0.000000,
          "N" : 0
        }
      },
      "job_runtime" : 23040137,
      "usr_cpu" : 95.807859,
      "sys_cpu" : 1.058579,
      "ctx" : 805812,
      "majf" : 196656,
      "minf" : 698944,
      "iodepth_level" : {
        "1" : 100.000000,
        "2" : 0.000000,
        "4" : 0.000000,
        "8" : 0.000000,
        "16" : 0.000000,
        "32" : 0.000000,
        ">=64" : 0.000000
      },
      "iodepth_submit" : {
        "0" : 0.000000,
        "4" : 100.000000,
        "8" : 0.000000,
        "16" : 0.000000,
        "32" : 0.000000,
        "64" : 0.000000,
        ">=64" : 0.000000
      },
      "iodepth_complete" : {
        "0" : 0.000000,
        "4" : 100.000000,
        "8" : 0.000000,
        "16" : 0.000000,
        "32" : 0.000000,
        "64" : 0.000000,
        ">=64" : 0.000000
      },
      "latency_ns" : {
        "2" : 0.000000,
        "4" : 0.000000,
        "10" : 0.000000,
        "20" : 0.000000,
        "50" : 0.000000,
        "100" : 0.010000,
        "250" : 0.030549,
        "500" : 0.016952,
        "750" : 0.042873,
        "1000" : 0.080138
      },
      "latency_us" : {
        "2" : 2.379447,
        "4" : 41.542627,
        "10" : 54.615208,
        "20" : 1.140042,
        "50" : 0.126533,
        "100" : 0.010000,
        "250" : 0.010000,
        "500" : 0.014126,
        "750" : 0.010000,
        "1000" : 0.010000
      },
      "latency_ms" : {
        "2" : 0.010000,
        "4" : 0.010000,
        "10" : 0.010000,
        "20" : 0.010000,
        "50" : 0.010000,
        "100" : 0.000000,
        "250" : 0.000000,
        "500" : 0.000000,
        "750" : 0.000000,
        "1000" : 0.000000,
        "2000" : 0.000000,
        ">=2000" : 0.000000
      },
      "latency_depth" : 1,
      "latency_target" : 0,
      "latency_percentile" : 100.000000,
      "latency_window" : 0
    }
  ],
  "disk_util" : [
    {
      "name" : "sda",
      "read_ios" : 196473,
      "write_ios" : 59621,
      "read_sectors" : 1573736,
      "write_sectors" : 5763248,
      "read_merges" : 243,
      "write_merges" : 1210,
      "read_ticks" : 342421,
      "write_ticks" : 23421776,
      "in_queue" : 23764209,
      "util" : 5.851203
    }
  ]
}
