{
  "fio version" : "fio-3.40",
  "timestamp" : 1765212239,
  "timestamp_ms" : 1765212239087,
  "time" : "Mon Dec  8 17:43:59 2025",
  "global options" : {
    "group_reporting" : "",
    "ioengine" : "mmap",
    "size" : "768m",
    "thread" : "1",
    "directory" : "/tmp",
    "time_based" : "",
    "runtime" : "180",
    "norandommap" : "1",
    "filename" : "/tmp/fio_readwrite",
    "share_mmap" : "1",
    "repl" : "1"
  },
  "jobs" : [
    {
      "jobname" : "writers",
      "groupid" : 0,
      "job_start" : 1765212058969,
      "error" : 0,
      "eta" : 0,
      "elapsed" : 181,
      "job options" : {
        "rw" : "randread",
        "random_distribution" : "random",
        "numjobs" : "64"
      },
      "read" : {
        "io_bytes" : 8867157299200,
        "io_kbytes" : 8659333300,
        "bw_bytes" : 49260890309,
        "bw" : 48106338,
        "iops" : 12026584.548121,
        "runtime" : 180004,
        "total_ios" : 2164833325,
        "short_ios" : 0,
        "drop_ios" : 0,
        "slat_ns" : {
          "min" : 0,
          "max" : 0,
          "mean" : 0.000000,
          "stddev" : 0.000000,
          "N" : 0
        },
        "clat_ns" : {
          "min" : 78,
          "max" : 35859490,
          "mean" : 4237.218145,
          "stddev" : 14455.900820,
          "N" : 2164833325,
          "percentile" : {
            "1.000000" : 1608,
            "5.000000" : 2224,
            "10.000000" : 2576,
            "20.000000" : 3024,
            "30.000000" : 3344,
            "40.000000" : 3664,
            "50.000000" : 3952,
            "60.000000" : 4256,
            "70.000000" : 4640,
            "80.000000" : 5088,
            "90.000000" : 5728,
            "95.000000" : 6432,
            "99.000000" : 8768,
            "99.500000" : 12480,
            "99.900000" : 20352,
            "99.950000" : 21632,
            "99.990000" : 32128
          }
        },
        "lat_ns" : {
          "min" : 101,
          "max" : 35859533,
          "mean" : 4404.209588,
          "stddev" : 14494.778404,
          "N" : 2164833325
        },
        "bw_min" : 17648,
        "bw_max" : 54708361,
        "bw_agg" : 100.000000,
        "bw_mean" : 48544341.816384,
        "bw_dev" : 116080.676475,
        "bw_samples" : 22656,
        "iops_min" : 4412,
        "iops_max" : 13677069,
        "iops_mean" : 12136063.830508,
        "iops_stddev" : 29020.148780,
        "iops_samples" : 22656
      },
      "write" : {
        "io_bytes" : 8718789734400,
        "io_kbytes" : 8514443100,
        "bw_bytes" : 48436913464,
        "bw" : 47301673,
        "iops" : 11825418.326361,
        "runtime" : 180003,
        "total_ios" : 2128610775,
        "short_ios" : 0,
        "drop_ios" : 0,
        "slat_ns" : {
          "min" : 0,
          "max" : 0,
          "mean" : 0.000000,
          "stddev" : 0.000000,
          "N" : 0
        },
        "clat_ns" : {
          "min" : 79,
          "max" : 72890519,
          "mean" : 4088.883628,
          "stddev" : 20523.122359,
          "N" : 2128610775,
          "percentile" : {
            "1.000000" : 1528,
            "5.000000" : 2040,
            "10.000000" : 2320,
            "20.000000" : 2736,
            "30.000000" : 3056,
            "40.000000" : 3344,
            "50.000000" : 3664,
            "60.000000" : 3984,
            "70.000000" : 4320,
            "80.000000" : 4832,
            "90.000000" : 5472,
            "95.000000" : 6176,
            "99.000000" : 8640,
            "99.500000" : 12352,
            "99.900000" : 20608,
            "99.950000" : 28544,
            "99.990000" : 374784
          }
        },
        "lat_ns" : {
          "min" : 112,
          "max" : 72890599,
          "mean" : 4249.788364,
          "stddev" : 20697.425131,
          "N" : 2128610775
        },
        "bw_min" : 16560,
        "bw_max" : 60704054,
        "bw_agg" : 100.000000,
        "bw_mean" : 47744213.644068,
        "bw_dev" : 124575.923702,
        "bw_samples" : 22656,
        "iops_min" : 4140,
        "iops_max" : 15175990,
        "iops_mean" : 11936031.491525,
        "iops_stddev" : 31143.974612,
        "iops_samples" : 22656
      },
      "trim" : {
        "io_bytes" : 0,
        "io_kbytes" : 0,
        "bw_bytes" : 0,
        "bw" : 0,
        "iops" : 0.000000,
        "runtime" : 0,
        "total_ios" : 0,
        "short_ios" : 0,
        "drop_ios" : 0,
        "slat_ns" : {
          "min" : 0,
          "max" : 0,
          "mean" : 0.000000,
          "stddev" : 0.000000,
          "N" : 0
        },
        "clat_ns" : {
          "min" : 0,
          "max" : 0,
          "mean" : 0.000000,
          "stddev" : 0.000000,
          "N" : 0
        },
        "lat_ns" : {
          "min" : 0,
          "max" : 0,
          "mean" : 0.000000,
          "stddev" : 0.000000,
          "N" : 0
        },
        "bw_min" : 0,
        "bw_max" : 0,
        "bw_agg" : 0.000000,
        "bw_mean" : 0.000000,
        "bw_dev" : 0.000000,
        "bw_samples" : 0,
        "iops_min" : 0,
        "iops_max" : 0,
        "iops_mean" : 0.000000,
        "iops_stddev" : 0.000000,
        "iops_samples" : 0
      },
      "sync" : {
        "total_ios" : 0,
        "lat_ns" : {
          "min" : 0,
          "max" : 0,
          "mean" : 0.000000,
          "stddev" : 0.000000,
          "N" : 0
        }
      },
      "job_runtime" : 23040067,
      "usr_cpu" : 95.935333,
      "sys_cpu" : 1.048105,
      "ctx" : 674283,
      "majf" : 196608,
      "minf" : 824442,
      "iodepth_level" : {
        "1" : 100.000000,
        "2" : 0.000000,
        "4" : 0.000000,
        "8" : 0.000000,
        "16" : 0.000000,
        "32" : 0.000000,
        ">=64" : 0.000000
      },
      "iodepth_submit" : {
        "0" : 0.000000,
        "4" : 100.000000,
        "8" : 0.000000,
        "16" : 0.000000,
        "32" : 0.000000,
        "64" : 0.000000,
        ">=64" : 0.000000
      },
      "iodepth_complete" : {
        "0" : 0.000000,
        "4" : 100.000000,
        "8" : 0.000000,
        "16" : 0.000000,
        "32" : 0.000000,
        "64" : 0.000000,
        ">=64" : 0.000000
      },
      "latency_ns" : {
        "2" : 0.000000,
        "4" : 0.000000,
        "10" : 0.000000,
        "20" : 0.000000,
        "50" : 0.000000,
        "100" : 0.010000,
        "250" : 0.033998,
        "500" : 0.017437,
        "750" : 0.038438,
        "1000" : 0.087145
      },
      "latency_us" : {
        "2" : 3.452299,
        "4" : 52.219982,
        "10" : 43.377704,
        "20" : 0.659032,
        "50" : 0.091395,
        "100" : 0.010000,
        "250" : 0.010000,
        "500" : 0.010562,
        "750" : 0.010000,
        "1000" : 0.010000
      },
      "latency_ms" : {
        "2" : 0.010000,
        "4" : 0.010000,
        "10" : 0.010000,
        "20" : 0.010000,
        "50" : 0.010000,
        "100" : 0.010000,
        "250" : 0.000000,
        "500" : 0.000000,
        "750" : 0.000000,
        "1000" : 0.000000,
        "2000" : 0.000000,
        ">=2000" : 0.000000
      },
      "latency_depth" : 1,
      "latency_target" : 0,
      "latency_percentile" : 100.000000,
      "latency_window" : 0
    }
  ],
  "disk_util" : [
    {
      "name" : "sda",
      "read_ios" : 196415,
      "write_ios" : 50756,
      "read_sectors" : 1573368,
      "write_sectors" : 6595344,
      "read_merges" : 256,
      "write_merges" : 1047,
      "read_ticks" : 339345,
      "write_ticks" : 15117420,
      "in_queue" : 15456776,
      "util" : 6.796117
    }
  ]
}
