{
  "fio version" : "fio-3.40",
  "timestamp" : 1764796600,
  "timestamp_ms" : 1764796600911,
  "time" : "Wed Dec  3 22:16:40 2025",
  "global options" : {
    "group_reporting" : "",
    "ioengine" : "mmap",
    "size" : "768m",
    "thread" : "1",
    "directory" : "/tmp",
    "time_based" : "",
    "runtime" : "180",
    "norandommap" : "1",
    "filename" : "/tmp/fio_readwrite",
    "share_mmap" : "1",
    "repl" : "1"
  },
  "jobs" : [
    {
      "jobname" : "writers",
      "groupid" : 0,
      "job_start" : 1764796420678,
      "error" : 0,
      "eta" : 0,
      "elapsed" : 181,
      "job options" : {
        "rw" : "randread",
        "random_distribution" : "random",
        "numjobs" : "90"
      },
      "read" : {
        "io_bytes" : 1642515513344,
        "io_kbytes" : 1604019056,
        "bw_bytes" : 9124883410,
        "bw" : 8911018,
        "iops" : 2227754.738784,
        "runtime" : 180004,
        "total_ios" : 401004764,
        "short_ios" : 0,
        "drop_ios" : 0,
        "slat_ns" : {
          "min" : 0,
          "max" : 0,
          "mean" : 0.000000,
          "stddev" : 0.000000,
          "N" : 0
        },
        "clat_ns" : {
          "min" : 98,
          "max" : 80187898,
          "mean" : 37912.744040,
          "stddev" : 107491.637605,
          "N" : 401004764,
          "percentile" : {
            "1.000000" : 422,
            "5.000000" : 498,
            "10.000000" : 532,
            "20.000000" : 580,
            "30.000000" : 628,
            "40.000000" : 708,
            "50.000000" : 796,
            "60.000000" : 876,
            "70.000000" : 1020,
            "80.000000" : 1320,
            "90.000000" : 216064,
            "95.000000" : 250880,
            "99.000000" : 432128,
            "99.500000" : 518144,
            "99.900000" : 724992,
            "99.950000" : 831488,
            "99.990000" : 1417216
          }
        },
        "lat_ns" : {
          "min" : 126,
          "max" : 80187941,
          "mean" : 37973.946239,
          "stddev" : 107503.986073,
          "N" : 401004764
        },
        "bw_min" : 1327062,
        "bw_max" : 10767642,
        "bw_agg" : 100.000000,
        "bw_mean" : 9367388.703042,
        "bw_dev" : 13674.048717,
        "bw_samples" : 30776,
        "iops_min" : 331748,
        "iops_max" : 2691895,
        "iops_mean" : 2341828.331748,
        "iops_stddev" : 3418.514543,
        "iops_samples" : 30776
      },
      "write" : {
        "io_bytes" : 93720330240,
        "io_kbytes" : 91523760,
        "bw_bytes" : 520662716,
        "bw" : 508459,
        "iops" : 127114.920945,
        "runtime" : 180002,
        "total_ios" : 22880940,
        "short_ios" : 0,
        "drop_ios" : 0,
        "slat_ns" : {
          "min" : 0,
          "max" : 0,
          "mean" : 0.000000,
          "stddev" : 0.000000,
          "N" : 0
        },
        "clat_ns" : {
          "min" : 136,
          "max" : 30784218,
          "mean" : 292100.870377,
          "stddev" : 150189.488136,
          "N" : 22880940,
          "percentile" : {
            "1.000000" : 716,
            "5.000000" : 185344,
            "10.000000" : 199680,
            "20.000000" : 209920,
            "30.000000" : 218112,
            "40.000000" : 226304,
            "50.000000" : 238592,
            "60.000000" : 254976,
            "70.000000" : 305152,
            "80.000000" : 411648,
            "90.000000" : 464896,
            "95.000000" : 544768,
            "99.000000" : 757760,
            "99.500000" : 864256,
            "99.900000" : 1253376,
            "99.950000" : 1613824,
            "99.990000" : 3981312
          }
        },
        "lat_ns" : {
          "min" : 178,
          "max" : 30784312,
          "mean" : 292222.091039,
          "stddev" : 150194.820324,
          "N" : 22880940
        },
        "bw_min" : 178525,
        "bw_max" : 869338,
        "bw_agg" : 100.000000,
        "bw_mean" : 518946.868175,
        "bw_dev" : 1791.057126,
        "bw_samples" : 13374,
        "iops_min" : 44629,
        "iops_max" : 217326,
        "iops_mean" : 129730.634297,
        "iops_stddev" : 447.751071,
        "iops_samples" : 13374
      },
      "trim" : {
        "io_bytes" : 0,
        "io_kbytes" : 0,
        "bw_bytes" : 0,
        "bw" : 0,
        "iops" : 0.000000,
        "runtime" : 0,
        "total_ios" : 0,
        "short_ios" : 0,
        "drop_ios" : 0,
        "slat_ns" : {
          "min" : 0,
          "max" : 0,
          "mean" : 0.000000,
          "stddev" : 0.000000,
          "N" : 0
        },
        "clat_ns" : {
          "min" : 0,
          "max" : 0,
          "mean" : 0.000000,
          "stddev" : 0.000000,
          "N" : 0
        },
        "lat_ns" : {
          "min" : 0,
          "max" : 0,
          "mean" : 0.000000,
          "stddev" : 0.000000,
          "N" : 0
        },
        "bw_min" : 0,
        "bw_max" : 0,
        "bw_agg" : 0.000000,
        "bw_mean" : 0.000000,
        "bw_dev" : 0.000000,
        "bw_samples" : 0,
        "iops_min" : 0,
        "iops_max" : 0,
        "iops_mean" : 0.000000,
        "iops_stddev" : 0.000000,
        "iops_samples" : 0
      },
      "sync" : {
        "total_ios" : 0,
        "lat_ns" : {
          "min" : 0,
          "max" : 0,
          "mean" : 0.000000,
          "stddev" : 0.000000,
          "N" : 0
        }
      },
      "job_runtime" : 23040029,
      "usr_cpu" : 3.269011,
      "sys_cpu" : 93.148598,
      "ctx" : 2982071,
      "majf" : 196625,
      "minf" : 76815596,
      "iodepth_level" : {
        "1" : 100.000000,
        "2" : 0.000000,
        "4" : 0.000000,
        "8" : 0.000000,
        "16" : 0.000000,
        "32" : 0.000000,
        ">=64" : 0.000000
      },
      "iodepth_submit" : {
        "0" : 0.000000,
        "4" : 100.000000,
        "8" : 0.000000,
        "16" : 0.000000,
        "32" : 0.000000,
        "64" : 0.000000,
        ">=64" : 0.000000
      },
      "iodepth_complete" : {
        "0" : 0.000000,
        "4" : 100.000000,
        "8" : 0.000000,
        "16" : 0.000000,
        "32" : 0.000000,
        "64" : 0.000000,
        ">=64" : 0.000000
      },
      "latency_ns" : {
        "2" : 0.000000,
        "4" : 0.000000,
        "10" : 0.000000,
        "20" : 0.000000,
        "50" : 0.000000,
        "100" : 0.010000,
        "250" : 0.045325,
        "500" : 4.998226,
        "750" : 37.178839,
        "1000" : 23.047133
      },
      "latency_us" : {
        "2" : 13.282774,
        "4" : 1.057128,
        "10" : 2.126756,
        "20" : 0.110633,
        "50" : 0.021808,
        "100" : 0.107435,
        "250" : 10.977826,
        "500" : 6.135954,
        "750" : 0.772561,
        "1000" : 0.104546
      },
      "latency_ms" : {
        "2" : 0.023233,
        "4" : 0.010000,
        "10" : 0.010000,
        "20" : 0.000000,
        "50" : 0.010000,
        "100" : 0.010000,
        "250" : 0.000000,
        "500" : 0.000000,
        "750" : 0.000000,
        "1000" : 0.000000,
        "2000" : 0.000000,
        ">=2000" : 0.000000
      },
      "latency_depth" : 1,
      "latency_target" : 0,
      "latency_percentile" : 100.000000,
      "latency_window" : 0
    }
  ],
  "disk_util" : [
    {
      "name" : "sda",
      "read_ios" : 196676,
      "write_ios" : 83154,
      "read_sectors" : 1575976,
      "write_sectors" : 10410584,
      "read_merges" : 260,
      "write_merges" : 841,
      "read_ticks" : 148728,
      "write_ticks" : 66417033,
      "in_queue" : 66565766,
      "util" : 8.759628
    }
  ]
}
