{
  "fio version" : "fio-3.40",
  "timestamp" : 1764727831,
  "timestamp_ms" : 1764727831287,
  "time" : "Wed Dec  3 03:10:31 2025",
  "global options" : {
    "group_reporting" : "",
    "ioengine" : "mmap",
    "size" : "768m",
    "thread" : "1",
    "directory" : "/tmp",
    "time_based" : "",
    "runtime" : "180",
    "filename" : "/tmp/fio_readwrite",
    "share_mmap" : "1",
    "repl" : "1"
  },
  "jobs" : [
    {
      "jobname" : "readers",
      "groupid" : 0,
      "job_start" : 1764727651064,
      "error" : 0,
      "eta" : 0,
      "elapsed" : 181,
      "job options" : {
        "rw" : "randread",
        "random_distribution" : "zipf",
        "numjobs" : "128"
      },
      "read" : {
        "io_bytes" : 35619542065152,
        "io_kbytes" : 34784709048,
        "bw_bytes" : 197884146093,
        "bw" : 193246236,
        "iops" : 48311559.104899,
        "runtime" : 180002,
        "total_ios" : 8696177262,
        "short_ios" : 0,
        "drop_ios" : 0,
        "slat_ns" : {
          "min" : 0,
          "max" : 0,
          "mean" : 0.000000,
          "stddev" : 0.000000,
          "N" : 0
        },
        "clat_ns" : {
          "min" : 71,
          "max" : 20454131,
          "mean" : 1661.957270,
          "stddev" : 9874.494484,
          "N" : 8696177262,
          "percentile" : {
            "1.000000" : 110,
            "5.000000" : 129,
            "10.000000" : 151,
            "20.000000" : 191,
            "30.000000" : 262,
            "40.000000" : 556,
            "50.000000" : 1192,
            "60.000000" : 1688,
            "70.000000" : 2256,
            "80.000000" : 2960,
            "90.000000" : 3952,
            "95.000000" : 4640,
            "99.000000" : 5984,
            "99.500000" : 6624,
            "99.900000" : 12736,
            "99.950000" : 18304,
            "99.990000" : 25472
          }
        },
        "lat_ns" : {
          "min" : 88,
          "max" : 20454243,
          "mean" : 1805.184512,
          "stddev" : 9882.734949,
          "N" : 8696177262
        },
        "bw_min" : 605664,
        "bw_max" : 224787914,
        "bw_agg" : 100.000000,
        "bw_mean" : 193379000.444134,
        "bw_dev" : 187032.132291,
        "bw_samples" : 45824,
        "iops_min" : 151395,
        "iops_max" : 56196976,
        "iops_mean" : 48344714.983240,
        "iops_stddev" : 46758.019664,
        "iops_samples" : 45824
      },
      "write" : {
        "io_bytes" : 0,
        "io_kbytes" : 0,
        "bw_bytes" : 0,
        "bw" : 0,
        "iops" : 0.000000,
        "runtime" : 0,
        "total_ios" : 0,
        "short_ios" : 0,
        "drop_ios" : 0,
        "slat_ns" : {
          "min" : 0,
          "max" : 0,
          "mean" : 0.000000,
          "stddev" : 0.000000,
          "N" : 0
        },
        "clat_ns" : {
          "min" : 0,
          "max" : 0,
          "mean" : 0.000000,
          "stddev" : 0.000000,
          "N" : 0
        },
        "lat_ns" : {
          "min" : 0,
          "max" : 0,
          "mean" : 0.000000,
          "stddev" : 0.000000,
          "N" : 0
        },
        "bw_min" : 0,
        "bw_max" : 0,
        "bw_agg" : 0.000000,
        "bw_mean" : 0.000000,
        "bw_dev" : 0.000000,
        "bw_samples" : 0,
        "iops_min" : 0,
        "iops_max" : 0,
        "iops_mean" : 0.000000,
        "iops_stddev" : 0.000000,
        "iops_samples" : 0
      },
      "trim" : {
        "io_bytes" : 0,
        "io_kbytes" : 0,
        "bw_bytes" : 0,
        "bw" : 0,
        "iops" : 0.000000,
        "runtime" : 0,
        "total_ios" : 0,
        "short_ios" : 0,
        "drop_ios" : 0,
        "slat_ns" : {
          "min" : 0,
          "max" : 0,
          "mean" : 0.000000,
          "stddev" : 0.000000,
          "N" : 0
        },
        "clat_ns" : {
          "min" : 0,
          "max" : 0,
          "mean" : 0.000000,
          "stddev" : 0.000000,
          "N" : 0
        },
        "lat_ns" : {
          "min" : 0,
          "max" : 0,
          "mean" : 0.000000,
          "stddev" : 0.000000,
          "N" : 0
        },
        "bw_min" : 0,
        "bw_max" : 0,
        "bw_agg" : 0.000000,
        "bw_mean" : 0.000000,
        "bw_dev" : 0.000000,
        "bw_samples" : 0,
        "iops_min" : 0,
        "iops_max" : 0,
        "iops_mean" : 0.000000,
        "iops_stddev" : 0.000000,
        "iops_samples" : 0
      },
      "sync" : {
        "total_ios" : 0,
        "lat_ns" : {
          "min" : 0,
          "max" : 0,
          "mean" : 0.000000,
          "stddev" : 0.000000,
          "N" : 0
        }
      },
      "job_runtime" : 23040004,
      "usr_cpu" : 98.416502,
      "sys_cpu" : 0.026280,
      "ctx" : 281571,
      "majf" : 196612,
      "minf" : 577,
      "iodepth_level" : {
        "1" : 100.000000,
        "2" : 0.000000,
        "4" : 0.000000,
        "8" : 0.000000,
        "16" : 0.000000,
        "32" : 0.000000,
        ">=64" : 0.000000
      },
      "iodepth_submit" : {
        "0" : 0.000000,
        "4" : 100.000000,
        "8" : 0.000000,
        "16" : 0.000000,
        "32" : 0.000000,
        "64" : 0.000000,
        ">=64" : 0.000000
      },
      "iodepth_complete" : {
        "0" : 0.000000,
        "4" : 100.000000,
        "8" : 0.000000,
        "16" : 0.000000,
        "32" : 0.000000,
        "64" : 0.000000,
        ">=64" : 0.000000
      },
      "latency_ns" : {
        "2" : 0.000000,
        "4" : 0.000000,
        "10" : 0.000000,
        "20" : 0.000000,
        "50" : 0.000000,
        "100" : 0.018646,
        "250" : 29.275895,
        "500" : 9.358121,
        "750" : 4.957305,
        "1000" : 3.573060
      },
      "latency_us" : {
        "2" : 18.694193,
        "4" : 24.641053,
        "10" : 9.326241,
        "20" : 0.111731,
        "50" : 0.041047,
        "100" : 0.010000,
        "250" : 0.010000,
        "500" : 0.010000,
        "750" : 0.010000,
        "1000" : 0.010000
      },
      "latency_ms" : {
        "2" : 0.010000,
        "4" : 0.010000,
        "10" : 0.010000,
        "20" : 0.010000,
        "50" : 0.010000,
        "100" : 0.000000,
        "250" : 0.000000,
        "500" : 0.000000,
        "750" : 0.000000,
        "1000" : 0.000000,
        "2000" : 0.000000,
        ">=2000" : 0.000000
      },
      "latency_depth" : 1,
      "latency_target" : 0,
      "latency_percentile" : 100.000000,
      "latency_window" : 0
    }
  ],
  "disk_util" : [
    {
      "name" : "sda",
      "read_ios" : 196513,
      "write_ios" : 186,
      "read_sectors" : 1576352,
      "write_sectors" : 12400,
      "read_merges" : 362,
      "write_merges" : 120,
      "read_ticks" : 345249,
      "write_ticks" : 98,
      "in_queue" : 345357,
      "util" : 1.287033
    }
  ]
}
