{
  "fio version" : "fio-3.40",
  "timestamp" : 1764705646,
  "timestamp_ms" : 1764705646920,
  "time" : "Tue Dec  2 21:00:46 2025",
  "global options" : {
    "group_reporting" : "",
    "ioengine" : "mmap",
    "size" : "768m",
    "thread" : "1",
    "directory" : "/tmp",
    "time_based" : "",
    "runtime" : "180",
    "filename" : "/tmp/fio_readwrite",
    "share_mmap" : "1",
    "repl" : "1"
  },
  "jobs" : [
    {
      "jobname" : "writers",
      "groupid" : 0,
      "job_start" : 1764705466665,
      "error" : 0,
      "eta" : 0,
      "elapsed" : 181,
      "job options" : {
        "rw" : "randread",
        "random_distribution" : "zipf",
        "numjobs" : "64"
      },
      "read" : {
        "io_bytes" : 1388650651648,
        "io_kbytes" : 1356104152,
        "bw_bytes" : 7714682983,
        "bw" : 7533870,
        "iops" : 1883467.525180,
        "runtime" : 180001,
        "total_ios" : 339026038,
        "short_ios" : 0,
        "drop_ios" : 0,
        "slat_ns" : {
          "min" : 0,
          "max" : 0,
          "mean" : 0.000000,
          "stddev" : 0.000000,
          "N" : 0
        },
        "clat_ns" : {
          "min" : 75,
          "max" : 147654109,
          "mean" : 31555.569136,
          "stddev" : 109720.889872,
          "N" : 339026038,
          "percentile" : {
            "1.000000" : 147,
            "5.000000" : 151,
            "10.000000" : 165,
            "20.000000" : 181,
            "30.000000" : 199,
            "40.000000" : 237,
            "50.000000" : 370,
            "60.000000" : 556,
            "70.000000" : 708,
            "80.000000" : 940,
            "90.000000" : 201728,
            "95.000000" : 238592,
            "99.000000" : 440320,
            "99.500000" : 561152,
            "99.900000" : 798720,
            "99.950000" : 921600,
            "99.990000" : 1335296
          }
        },
        "lat_ns" : {
          "min" : 95,
          "max" : 147654133,
          "mean" : 31617.125159,
          "stddev" : 109727.759896,
          "N" : 339026038
        },
        "bw_min" : 1470277,
        "bw_max" : 10182456,
        "bw_agg" : 100.000000,
        "bw_mean" : 7947123.853410,
        "bw_dev" : 15552.349315,
        "bw_samples" : 21813,
        "iops_min" : 367546,
        "iops_max" : 2545605,
        "iops_mean" : 1986766.684485,
        "iops_stddev" : 3888.086696,
        "iops_samples" : 21813
      },
      "write" : {
        "io_bytes" : 344814329856,
        "io_kbytes" : 336732744,
        "bw_bytes" : 1915613881,
        "bw" : 1870716,
        "iops" : 467679.170231,
        "runtime" : 180002,
        "total_ios" : 84183186,
        "short_ios" : 0,
        "drop_ios" : 0,
        "slat_ns" : {
          "min" : 0,
          "max" : 0,
          "mean" : 0.000000,
          "stddev" : 0.000000,
          "N" : 0
        },
        "clat_ns" : {
          "min" : 77,
          "max" : 147780579,
          "mean" : 133029.668802,
          "stddev" : 238376.297102,
          "N" : 84183186,
          "percentile" : {
            "1.000000" : 147,
            "5.000000" : 169,
            "10.000000" : 185,
            "20.000000" : 215,
            "30.000000" : 258,
            "40.000000" : 434,
            "50.000000" : 676,
            "60.000000" : 1048,
            "70.000000" : 214016,
            "80.000000" : 268288,
            "90.000000" : 444416,
            "95.000000" : 509952,
            "99.000000" : 765952,
            "99.500000" : 880640,
            "99.900000" : 1236992,
            "99.950000" : 1548288,
            "99.990000" : 4227072
          }
        },
        "lat_ns" : {
          "min" : 107,
          "max" : 147780690,
          "mean" : 133137.178204,
          "stddev" : 238383.693018,
          "N" : 84183186
        },
        "bw_min" : 692399,
        "bw_max" : 4010080,
        "bw_agg" : 100.000000,
        "bw_mean" : 1913107.824463,
        "bw_dev" : 5943.571140,
        "bw_samples" : 22483,
        "iops_min" : 173080,
        "iops_max" : 1002515,
        "iops_mean" : 478263.263695,
        "iops_stddev" : 1485.904309,
        "iops_samples" : 22483
      },
      "trim" : {
        "io_bytes" : 0,
        "io_kbytes" : 0,
        "bw_bytes" : 0,
        "bw" : 0,
        "iops" : 0.000000,
        "runtime" : 0,
        "total_ios" : 0,
        "short_ios" : 0,
        "drop_ios" : 0,
        "slat_ns" : {
          "min" : 0,
          "max" : 0,
          "mean" : 0.000000,
          "stddev" : 0.000000,
          "N" : 0
        },
        "clat_ns" : {
          "min" : 0,
          "max" : 0,
          "mean" : 0.000000,
          "stddev" : 0.000000,
          "N" : 0
        },
        "lat_ns" : {
          "min" : 0,
          "max" : 0,
          "mean" : 0.000000,
          "stddev" : 0.000000,
          "N" : 0
        },
        "bw_min" : 0,
        "bw_max" : 0,
        "bw_agg" : 0.000000,
        "bw_mean" : 0.000000,
        "bw_dev" : 0.000000,
        "bw_samples" : 0,
        "iops_min" : 0,
        "iops_max" : 0,
        "iops_mean" : 0.000000,
        "iops_stddev" : 0.000000,
        "iops_samples" : 0
      },
      "sync" : {
        "total_ios" : 0,
        "lat_ns" : {
          "min" : 0,
          "max" : 0,
          "mean" : 0.000000,
          "stddev" : 0.000000,
          "N" : 0
        }
      },
      "job_runtime" : 23040004,
      "usr_cpu" : 2.890967,
      "sys_cpu" : 93.571199,
      "ctx" : 2350769,
      "majf" : 196618,
      "minf" : 68188366,
      "iodepth_level" : {
        "1" : 100.000000,
        "2" : 0.000000,
        "4" : 0.000000,
        "8" : 0.000000,
        "16" : 0.000000,
        "32" : 0.000000,
        ">=64" : 0.000000
      },
      "iodepth_submit" : {
        "0" : 0.000000,
        "4" : 100.000000,
        "8" : 0.000000,
        "16" : 0.000000,
        "32" : 0.000000,
        "64" : 0.000000,
        ">=64" : 0.000000
      },
      "iodepth_complete" : {
        "0" : 0.000000,
        "4" : 100.000000,
        "8" : 0.000000,
        "16" : 0.000000,
        "32" : 0.000000,
        "64" : 0.000000,
        ">=64" : 0.000000
      },
      "latency_ns" : {
        "2" : 0.000000,
        "4" : 0.000000,
        "10" : 0.000000,
        "20" : 0.000000,
        "50" : 0.000000,
        "100" : 0.026227,
        "250" : 39.040755,
        "500" : 14.105110,
        "750" : 14.951170,
        "1000" : 8.986047
      },
      "latency_us" : {
        "2" : 4.903217,
        "4" : 0.735694,
        "10" : 1.073903,
        "20" : 0.046623,
        "50" : 0.014480,
        "100" : 0.090023,
        "250" : 8.418742,
        "500" : 5.977442,
        "750" : 1.303408,
        "1000" : 0.250465
      },
      "latency_ms" : {
        "2" : 0.065664,
        "4" : 0.010000,
        "10" : 0.010000,
        "20" : 0.010000,
        "50" : 0.010000,
        "100" : 0.010000,
        "250" : 0.010000,
        "500" : 0.000000,
        "750" : 0.000000,
        "1000" : 0.000000,
        "2000" : 0.000000,
        ">=2000" : 0.000000
      },
      "latency_depth" : 1,
      "latency_target" : 0,
      "latency_percentile" : 100.000000,
      "latency_window" : 0
    }
  ],
  "disk_util" : [
    {
      "name" : "sda",
      "read_ios" : 196607,
      "write_ios" : 120583,
      "read_sectors" : 1573800,
      "write_sectors" : 13696600,
      "read_merges" : 118,
      "write_merges" : 986,
      "read_ticks" : 159926,
      "write_ticks" : 6462194,
      "in_queue" : 6622131,
      "util" : 13.425686
    }
  ]
}
