{
  "fio version" : "fio-3.40",
  "timestamp" : 1764802246,
  "timestamp_ms" : 1764802246363,
  "time" : "Wed Dec  3 23:50:46 2025",
  "global options" : {
    "group_reporting" : "",
    "ioengine" : "mmap",
    "size" : "768m",
    "thread" : "1",
    "directory" : "/tmp",
    "time_based" : "",
    "runtime" : "180",
    "norandommap" : "1",
    "filename" : "/tmp/fio_readwrite",
    "share_mmap" : "1",
    "repl" : "1"
  },
  "jobs" : [
    {
      "jobname" : "writers",
      "groupid" : 0,
      "job_start" : 1764802066213,
      "error" : 0,
      "eta" : 0,
      "elapsed" : 181,
      "job options" : {
        "rw" : "randread",
        "random_distribution" : "random",
        "numjobs" : "115"
      },
      "read" : {
        "io_bytes" : 18787970789376,
        "io_kbytes" : 18347627724,
        "bw_bytes" : 104374136358,
        "bw" : 101927867,
        "iops" : 25481966.884437,
        "runtime" : 180006,
        "total_ios" : 4586906931,
        "short_ios" : 0,
        "drop_ios" : 0,
        "slat_ns" : {
          "min" : 0,
          "max" : 0,
          "mean" : 0.000000,
          "stddev" : 0.000000,
          "N" : 0
        },
        "clat_ns" : {
          "min" : 78,
          "max" : 93061571,
          "mean" : 3609.566864,
          "stddev" : 16598.200427,
          "N" : 4586906931,
          "percentile" : {
            "1.000000" : 1464,
            "5.000000" : 1912,
            "10.000000" : 2160,
            "20.000000" : 2512,
            "30.000000" : 2800,
            "40.000000" : 3056,
            "50.000000" : 3312,
            "60.000000" : 3600,
            "70.000000" : 3920,
            "80.000000" : 4320,
            "90.000000" : 4960,
            "95.000000" : 5600,
            "99.000000" : 7456,
            "99.500000" : 9920,
            "99.900000" : 19328,
            "99.950000" : 21120,
            "99.990000" : 32384
          }
        },
        "lat_ns" : {
          "min" : 101,
          "max" : 93061628,
          "mean" : 3756.208504,
          "stddev" : 16700.497737,
          "N" : 4586906931
        },
        "bw_min" : 185320,
        "bw_max" : 124125314,
        "bw_agg" : 100.000000,
        "bw_mean" : 103451104.852691,
        "bw_dev" : 136947.695545,
        "bw_samples" : 40595,
        "iops_min" : 46327,
        "iops_max" : 31031263,
        "iops_mean" : 25862737.815864,
        "iops_stddev" : 34236.899285,
        "iops_samples" : 40595
      },
      "write" : {
        "io_bytes" : 1954834227200,
        "io_kbytes" : 1909017800,
        "bw_bytes" : 10859888487,
        "bw" : 10605359,
        "iops" : 2651339.962779,
        "runtime" : 180005,
        "total_ios" : 477254450,
        "short_ios" : 0,
        "drop_ios" : 0,
        "slat_ns" : {
          "min" : 0,
          "max" : 0,
          "mean" : 0.000000,
          "stddev" : 0.000000,
          "N" : 0
        },
        "clat_ns" : {
          "min" : 89,
          "max" : 32161121,
          "mean" : 4033.982562,
          "stddev" : 26445.239609,
          "N" : 477254450,
          "percentile" : {
            "1.000000" : 1576,
            "5.000000" : 1976,
            "10.000000" : 2224,
            "20.000000" : 2608,
            "30.000000" : 2896,
            "40.000000" : 3152,
            "50.000000" : 3408,
            "60.000000" : 3728,
            "70.000000" : 4048,
            "80.000000" : 4448,
            "90.000000" : 5088,
            "95.000000" : 5664,
            "99.000000" : 8160,
            "99.500000" : 13248,
            "99.900000" : 49920,
            "99.950000" : 240640,
            "99.990000" : 370688
          }
        },
        "lat_ns" : {
          "min" : 124,
          "max" : 32161170,
          "mean" : 4135.754486,
          "stddev" : 26660.782369,
          "N" : 477254450
        },
        "bw_min" : 20696,
        "bw_max" : 14085533,
        "bw_agg" : 100.000000,
        "bw_mean" : 10765996.818697,
        "bw_dev" : 160525.327658,
        "bw_samples" : 4589,
        "iops_min" : 5174,
        "iops_max" : 3521383,
        "iops_mean" : 2691494.866856,
        "iops_stddev" : 40131.329289,
        "iops_samples" : 4589
      },
      "trim" : {
        "io_bytes" : 0,
        "io_kbytes" : 0,
        "bw_bytes" : 0,
        "bw" : 0,
        "iops" : 0.000000,
        "runtime" : 0,
        "total_ios" : 0,
        "short_ios" : 0,
        "drop_ios" : 0,
        "slat_ns" : {
          "min" : 0,
          "max" : 0,
          "mean" : 0.000000,
          "stddev" : 0.000000,
          "N" : 0
        },
        "clat_ns" : {
          "min" : 0,
          "max" : 0,
          "mean" : 0.000000,
          "stddev" : 0.000000,
          "N" : 0
        },
        "lat_ns" : {
          "min" : 0,
          "max" : 0,
          "mean" : 0.000000,
          "stddev" : 0.000000,
          "N" : 0
        },
        "bw_min" : 0,
        "bw_max" : 0,
        "bw_agg" : 0.000000,
        "bw_mean" : 0.000000,
        "bw_dev" : 0.000000,
        "bw_samples" : 0,
        "iops_min" : 0,
        "iops_max" : 0,
        "iops_mean" : 0.000000,
        "iops_stddev" : 0.000000,
        "iops_samples" : 0
      },
      "sync" : {
        "total_ios" : 0,
        "lat_ns" : {
          "min" : 0,
          "max" : 0,
          "mean" : 0.000000,
          "stddev" : 0.000000,
          "N" : 0
        }
      },
      "job_runtime" : 23040138,
      "usr_cpu" : 95.600243,
      "sys_cpu" : 0.862304,
      "ctx" : 1054500,
      "majf" : 196595,
      "minf" : 1150399,
      "iodepth_level" : {
        "1" : 100.000000,
        "2" : 0.000000,
        "4" : 0.000000,
        "8" : 0.000000,
        "16" : 0.000000,
        "32" : 0.000000,
        ">=64" : 0.000000
      },
      "iodepth_submit" : {
        "0" : 0.000000,
        "4" : 100.000000,
        "8" : 0.000000,
        "16" : 0.000000,
        "32" : 0.000000,
        "64" : 0.000000,
        ">=64" : 0.000000
      },
      "iodepth_complete" : {
        "0" : 0.000000,
        "4" : 100.000000,
        "8" : 0.000000,
        "16" : 0.000000,
        "32" : 0.000000,
        "64" : 0.000000,
        ">=64" : 0.000000
      },
      "latency_ns" : {
        "2" : 0.000000,
        "4" : 0.000000,
        "10" : 0.000000,
        "20" : 0.000000,
        "50" : 0.000000,
        "100" : 0.010000,
        "250" : 0.039916,
        "500" : 0.022804,
        "750" : 0.037248,
        "1000" : 0.086898
      },
      "latency_us" : {
        "2" : 6.104440,
        "4" : 65.519552,
        "10" : 27.672879,
        "20" : 0.420895,
        "50" : 0.080335,
        "100" : 0.010000,
        "250" : 0.010000,
        "500" : 0.010000,
        "750" : 0.010000,
        "1000" : 0.010000
      },
      "latency_ms" : {
        "2" : 0.010000,
        "4" : 0.010000,
        "10" : 0.010000,
        "20" : 0.010000,
        "50" : 0.010000,
        "100" : 0.010000,
        "250" : 0.000000,
        "500" : 0.000000,
        "750" : 0.000000,
        "1000" : 0.000000,
        "2000" : 0.000000,
        ">=2000" : 0.000000
      },
      "latency_depth" : 1,
      "latency_target" : 0,
      "latency_percentile" : 100.000000,
      "latency_window" : 0
    }
  ],
  "disk_util" : [
    {
      "name" : "sda",
      "read_ios" : 196418,
      "write_ios" : 91567,
      "read_sectors" : 1573240,
      "write_sectors" : 8695680,
      "read_merges" : 237,
      "write_merges" : 1381,
      "read_ticks" : 375374,
      "write_ticks" : 31551959,
      "in_queue" : 31927342,
      "util" : 7.805117
    }
  ]
}
