{
  "fio version" : "fio-3.40",
  "timestamp" : 1769905603,
  "timestamp_ms" : 1769905603630,
  "time" : "Sun Feb  1 01:26:43 2026",
  "global options" : {
    "group_reporting" : "",
    "ioengine" : "mmap",
    "size" : "768m",
    "thread" : "1",
    "directory" : "/tmp",
    "time_based" : "",
    "runtime" : "180",
    "norandommap" : "1",
    "filename" : "/tmp/fio_readwrite",
    "share_mmap" : "1",
    "repl" : "1"
  },
  "jobs" : [
    {
      "jobname" : "writers",
      "groupid" : 0,
      "job_start" : 1769905423403,
      "error" : 0,
      "eta" : 0,
      "elapsed" : 181,
      "job options" : {
        "rw" : "randread",
        "random_distribution" : "random",
        "numjobs" : "13"
      },
      "read" : {
        "io_bytes" : 1228541644800,
        "io_kbytes" : 1199747700,
        "bw_bytes" : 6825041775,
        "bw" : 6665079,
        "iops" : 1666269.964723,
        "runtime" : 180005,
        "total_ios" : 299936925,
        "short_ios" : 0,
        "drop_ios" : 0,
        "slat_ns" : {
          "min" : 0,
          "max" : 0,
          "mean" : 0.000000,
          "stddev" : 0.000000,
          "N" : 0
        },
        "clat_ns" : {
          "min" : 80,
          "max" : 8219076,
          "mean" : 5467.876357,
          "stddev" : 19725.961309,
          "N" : 299936925,
          "percentile" : {
            "1.000000" : 1528,
            "5.000000" : 2320,
            "10.000000" : 2736,
            "20.000000" : 3280,
            "30.000000" : 3728,
            "40.000000" : 4192,
            "50.000000" : 4640,
            "60.000000" : 5152,
            "70.000000" : 5728,
            "80.000000" : 6432,
            "90.000000" : 7520,
            "95.000000" : 8640,
            "99.000000" : 12864,
            "99.500000" : 17024,
            "99.900000" : 222208,
            "99.950000" : 288768,
            "99.990000" : 675840
          }
        },
        "lat_ns" : {
          "min" : 103,
          "max" : 8219109,
          "mean" : 5700.871261,
          "stddev" : 19931.850911,
          "N" : 299936925
        },
        "bw_min" : 93229,
        "bw_max" : 8474229,
        "bw_agg" : 100.000000,
        "bw_mean" : 7063078.795839,
        "bw_dev" : 137268.109319,
        "bw_samples" : 4392,
        "iops_min" : 23305,
        "iops_max" : 2118549,
        "iops_mean" : 1765765.357420,
        "iops_stddev" : 34317.015638,
        "iops_samples" : 4392
      },
      "write" : {
        "io_bytes" : 12256777879552,
        "io_kbytes" : 11969509648,
        "bw_bytes" : 68091319016,
        "bw" : 66495428,
        "iops" : 16623857.181745,
        "runtime" : 180005,
        "total_ios" : 2992377412,
        "short_ios" : 0,
        "drop_ios" : 0,
        "slat_ns" : {
          "min" : 0,
          "max" : 0,
          "mean" : 0.000000,
          "stddev" : 0.000000,
          "N" : 0
        },
        "clat_ns" : {
          "min" : 78,
          "max" : 72047666,
          "mean" : 4854.029236,
          "stddev" : 19624.767410,
          "N" : 2992377412,
          "percentile" : {
            "1.000000" : 1528,
            "5.000000" : 2128,
            "10.000000" : 2448,
            "20.000000" : 2896,
            "30.000000" : 3280,
            "40.000000" : 3664,
            "50.000000" : 4048,
            "60.000000" : 4512,
            "70.000000" : 5024,
            "80.000000" : 5664,
            "90.000000" : 6624,
            "95.000000" : 7584,
            "99.000000" : 11200,
            "99.500000" : 14528,
            "99.900000" : 26752,
            "99.950000" : 456704,
            "99.990000" : 831488
          }
        },
        "lat_ns" : {
          "min" : 110,
          "max" : 72047710,
          "mean" : 5062.566081,
          "stddev" : 19721.534373,
          "N" : 2992377412
        },
        "bw_min" : 584123,
        "bw_max" : 80685157,
        "bw_agg" : 100.000000,
        "bw_mean" : 70562647.915240,
        "bw_dev" : 155861.810330,
        "bw_samples" : 38810,
        "iops_min" : 146010,
        "iops_max" : 20171252,
        "iops_mean" : 17640623.103381,
        "iops_stddev" : 38965.424081,
        "iops_samples" : 38810
      },
      "trim" : {
        "io_bytes" : 0,
        "io_kbytes" : 0,
        "bw_bytes" : 0,
        "bw" : 0,
        "iops" : 0.000000,
        "runtime" : 0,
        "total_ios" : 0,
        "short_ios" : 0,
        "drop_ios" : 0,
        "slat_ns" : {
          "min" : 0,
          "max" : 0,
          "mean" : 0.000000,
          "stddev" : 0.000000,
          "N" : 0
        },
        "clat_ns" : {
          "min" : 0,
          "max" : 0,
          "mean" : 0.000000,
          "stddev" : 0.000000,
          "N" : 0
        },
        "lat_ns" : {
          "min" : 0,
          "max" : 0,
          "mean" : 0.000000,
          "stddev" : 0.000000,
          "N" : 0
        },
        "bw_min" : 0,
        "bw_max" : 0,
        "bw_agg" : 0.000000,
        "bw_mean" : 0.000000,
        "bw_dev" : 0.000000,
        "bw_samples" : 0,
        "iops_min" : 0,
        "iops_max" : 0,
        "iops_mean" : 0.000000,
        "iops_stddev" : 0.000000,
        "iops_samples" : 0
      },
      "sync" : {
        "total_ios" : 0,
        "lat_ns" : {
          "min" : 0,
          "max" : 0,
          "mean" : 0.000000,
          "stddev" : 0.000000,
          "N" : 0
        }
      },
      "job_runtime" : 23040084,
      "usr_cpu" : 87.521964,
      "sys_cpu" : 11.665487,
      "ctx" : 303181,
      "majf" : 103628,
      "minf" : 2583615,
      "iodepth_level" : {
        "1" : 100.000000,
        "2" : 0.000000,
        "4" : 0.000000,
        "8" : 0.000000,
        "16" : 0.000000,
        "32" : 0.000000,
        ">=64" : 0.000000
      },
      "iodepth_submit" : {
        "0" : 0.000000,
        "4" : 100.000000,
        "8" : 0.000000,
        "16" : 0.000000,
        "32" : 0.000000,
        "64" : 0.000000,
        ">=64" : 0.000000
      },
      "iodepth_complete" : {
        "0" : 0.000000,
        "4" : 100.000000,
        "8" : 0.000000,
        "16" : 0.000000,
        "32" : 0.000000,
        "64" : 0.000000,
        ">=64" : 0.000000
      },
      "latency_ns" : {
        "2" : 0.000000,
        "4" : 0.000000,
        "10" : 0.000000,
        "20" : 0.000000,
        "50" : 0.000000,
        "100" : 0.010000,
        "250" : 0.028453,
        "500" : 0.015842,
        "750" : 0.059039,
        "1000" : 0.143969
      },
      "latency_us" : {
        "2" : 3.141797,
        "4" : 43.894651,
        "10" : 51.294451,
        "20" : 1.166751,
        "50" : 0.173362,
        "100" : 0.010000,
        "250" : 0.010000,
        "500" : 0.035734,
        "750" : 0.022840,
        "1000" : 0.010000
      },
      "latency_ms" : {
        "2" : 0.010000,
        "4" : 0.010000,
        "10" : 0.010000,
        "20" : 0.010000,
        "50" : 0.000000,
        "100" : 0.010000,
        "250" : 0.000000,
        "500" : 0.000000,
        "750" : 0.000000,
        "1000" : 0.000000,
        "2000" : 0.000000,
        ">=2000" : 0.000000
      },
      "latency_depth" : 1,
      "latency_target" : 0,
      "latency_percentile" : 100.000000,
      "latency_window" : 0
    }
  ],
  "disk_util" : [
    {
      "name" : "sda",
      "read_ios" : 103700,
      "write_ios" : 3242,
      "read_sectors" : 832248,
      "write_sectors" : 1575832,
      "read_merges" : 208,
      "write_merges" : 113,
      "read_ticks" : 19234,
      "write_ticks" : 16794859,
      "in_queue" : 16814102,
      "util" : 3.286988
    }
  ]
}
