{
  "fio version" : "fio-3.40",
  "timestamp" : 1764803331,
  "timestamp_ms" : 1764803331795,
  "time" : "Thu Dec  4 00:08:51 2025",
  "global options" : {
    "group_reporting" : "",
    "ioengine" : "mmap",
    "size" : "768m",
    "thread" : "1",
    "directory" : "/tmp",
    "time_based" : "",
    "runtime" : "180",
    "norandommap" : "1",
    "filename" : "/tmp/fio_readwrite",
    "share_mmap" : "1",
    "repl" : "1"
  },
  "jobs" : [
    {
      "jobname" : "writers",
      "groupid" : 0,
      "job_start" : 1764803151709,
      "error" : 0,
      "eta" : 0,
      "elapsed" : 181,
      "job options" : {
        "rw" : "randread",
        "random_distribution" : "random",
        "numjobs" : "51"
      },
      "read" : {
        "io_bytes" : 6467350937600,
        "io_kbytes" : 6315772400,
        "bw_bytes" : 35928729410,
        "bw" : 35086649,
        "iops" : 8771662.453821,
        "runtime" : 180005,
        "total_ios" : 1578943100,
        "short_ios" : 0,
        "drop_ios" : 0,
        "slat_ns" : {
          "min" : 0,
          "max" : 0,
          "mean" : 0.000000,
          "stddev" : 0.000000,
          "N" : 0
        },
        "clat_ns" : {
          "min" : 78,
          "max" : 87010682,
          "mean" : 4648.046775,
          "stddev" : 16631.664135,
          "N" : 1578943100,
          "percentile" : {
            "1.000000" : 1640,
            "5.000000" : 2288,
            "10.000000" : 2640,
            "20.000000" : 3152,
            "30.000000" : 3536,
            "40.000000" : 3920,
            "50.000000" : 4320,
            "60.000000" : 4704,
            "70.000000" : 5152,
            "80.000000" : 5728,
            "90.000000" : 6560,
            "95.000000" : 7392,
            "99.000000" : 10304,
            "99.500000" : 12864,
            "99.900000" : 20864,
            "99.950000" : 22912,
            "99.990000" : 34560
          }
        },
        "lat_ns" : {
          "min" : 99,
          "max" : 87010725,
          "mean" : 4815.668808,
          "stddev" : 16677.310341,
          "N" : 1578943100
        },
        "bw_min" : 49695,
        "bw_max" : 40812321,
        "bw_agg" : 100.000000,
        "bw_mean" : 35408058.598870,
        "bw_dev" : 108309.871821,
        "bw_samples" : 18054,
        "iops_min" : 12412,
        "iops_max" : 10203070,
        "iops_mean" : 8851997.451977,
        "iops_stddev" : 27077.443036,
        "iops_samples" : 18054
      },
      "write" : {
        "io_bytes" : 9934294990848,
        "io_kbytes" : 9701459952,
        "bw_bytes" : 55188994699,
        "bw" : 53895502,
        "iops" : 13473875.659009,
        "runtime" : 180005,
        "total_ios" : 2425364988,
        "short_ios" : 0,
        "drop_ios" : 0,
        "slat_ns" : {
          "min" : 0,
          "max" : 0,
          "mean" : 0.000000,
          "stddev" : 0.000000,
          "N" : 0
        },
        "clat_ns" : {
          "min" : 79,
          "max" : 86350976,
          "mean" : 4277.553724,
          "stddev" : 21161.137896,
          "N" : 2425364988,
          "percentile" : {
            "1.000000" : 1592,
            "5.000000" : 2096,
            "10.000000" : 2352,
            "20.000000" : 2736,
            "30.000000" : 3088,
            "40.000000" : 3440,
            "50.000000" : 3760,
            "60.000000" : 4128,
            "70.000000" : 4576,
            "80.000000" : 5152,
            "90.000000" : 5984,
            "95.000000" : 6752,
            "99.000000" : 9536,
            "99.500000" : 12736,
            "99.900000" : 21632,
            "99.950000" : 30080,
            "99.990000" : 342016
          }
        },
        "lat_ns" : {
          "min" : 110,
          "max" : 86351621,
          "mean" : 4455.214978,
          "stddev" : 21331.005078,
          "N" : 2425364988
        },
        "bw_min" : 73524,
        "bw_max" : 79555979,
        "bw_agg" : 100.000000,
        "bw_mean" : 54396351.536723,
        "bw_dev" : 143193.723198,
        "bw_samples" : 27258,
        "iops_min" : 18368,
        "iops_max" : 19888995,
        "iops_mean" : 13599061.093220,
        "iops_stddev" : 35798.415268,
        "iops_samples" : 27258
      },
      "trim" : {
        "io_bytes" : 0,
        "io_kbytes" : 0,
        "bw_bytes" : 0,
        "bw" : 0,
        "iops" : 0.000000,
        "runtime" : 0,
        "total_ios" : 0,
        "short_ios" : 0,
        "drop_ios" : 0,
        "slat_ns" : {
          "min" : 0,
          "max" : 0,
          "mean" : 0.000000,
          "stddev" : 0.000000,
          "N" : 0
        },
        "clat_ns" : {
          "min" : 0,
          "max" : 0,
          "mean" : 0.000000,
          "stddev" : 0.000000,
          "N" : 0
        },
        "lat_ns" : {
          "min" : 0,
          "max" : 0,
          "mean" : 0.000000,
          "stddev" : 0.000000,
          "N" : 0
        },
        "bw_min" : 0,
        "bw_max" : 0,
        "bw_agg" : 0.000000,
        "bw_mean" : 0.000000,
        "bw_dev" : 0.000000,
        "bw_samples" : 0,
        "iops_min" : 0,
        "iops_max" : 0,
        "iops_mean" : 0.000000,
        "iops_stddev" : 0.000000,
        "iops_samples" : 0
      },
      "sync" : {
        "total_ios" : 0,
        "lat_ns" : {
          "min" : 0,
          "max" : 0,
          "mean" : 0.000000,
          "stddev" : 0.000000,
          "N" : 0
        }
      },
      "job_runtime" : 23040073,
      "usr_cpu" : 95.830747,
      "sys_cpu" : 1.144163,
      "ctx" : 782452,
      "majf" : 196627,
      "minf" : 904876,
      "iodepth_level" : {
        "1" : 100.000000,
        "2" : 0.000000,
        "4" : 0.000000,
        "8" : 0.000000,
        "16" : 0.000000,
        "32" : 0.000000,
        ">=64" : 0.000000
      },
      "iodepth_submit" : {
        "0" : 0.000000,
        "4" : 100.000000,
        "8" : 0.000000,
        "16" : 0.000000,
        "32" : 0.000000,
        "64" : 0.000000,
        ">=64" : 0.000000
      },
      "iodepth_complete" : {
        "0" : 0.000000,
        "4" : 100.000000,
        "8" : 0.000000,
        "16" : 0.000000,
        "32" : 0.000000,
        "64" : 0.000000,
        ">=64" : 0.000000
      },
      "latency_ns" : {
        "2" : 0.000000,
        "4" : 0.000000,
        "10" : 0.000000,
        "20" : 0.000000,
        "50" : 0.000000,
        "100" : 0.010000,
        "250" : 0.032334,
        "500" : 0.017246,
        "750" : 0.042831,
        "1000" : 0.091200
      },
      "latency_us" : {
        "2" : 3.171615,
        "4" : 47.386213,
        "10" : 48.288422,
        "20" : 0.822904,
        "50" : 0.120791,
        "100" : 0.010000,
        "250" : 0.010000,
        "500" : 0.010445,
        "750" : 0.010000,
        "1000" : 0.010000
      },
      "latency_ms" : {
        "2" : 0.010000,
        "4" : 0.010000,
        "10" : 0.010000,
        "20" : 0.010000,
        "50" : 0.010000,
        "100" : 0.010000,
        "250" : 0.000000,
        "500" : 0.000000,
        "750" : 0.000000,
        "1000" : 0.000000,
        "2000" : 0.000000,
        ">=2000" : 0.000000
      },
      "latency_depth" : 1,
      "latency_target" : 0,
      "latency_percentile" : 100.000000,
      "latency_window" : 0
    }
  ],
  "disk_util" : [
    {
      "name" : "sda",
      "read_ios" : 196425,
      "write_ios" : 57012,
      "read_sectors" : 1573280,
      "write_sectors" : 7298824,
      "read_merges" : 235,
      "write_merges" : 939,
      "read_ticks" : 365061,
      "write_ticks" : 16510530,
      "in_queue" : 16875600,
      "util" : 7.386253
    }
  ]
}
