{
  "fio version" : "fio-3.40",
  "timestamp" : 1764729279,
  "timestamp_ms" : 1764729279378,
  "time" : "Wed Dec  3 03:34:39 2025",
  "global options" : {
    "group_reporting" : "",
    "ioengine" : "mmap",
    "size" : "768m",
    "thread" : "1",
    "directory" : "/tmp",
    "time_based" : "",
    "runtime" : "180",
    "filename" : "/tmp/fio_readwrite",
    "share_mmap" : "1",
    "repl" : "1"
  },
  "jobs" : [
    {
      "jobname" : "writers",
      "groupid" : 0,
      "job_start" : 1764729099260,
      "error" : 0,
      "eta" : 0,
      "elapsed" : 181,
      "job options" : {
        "rw" : "randread",
        "random_distribution" : "zipf",
        "numjobs" : "51"
      },
      "read" : {
        "io_bytes" : 13681284972544,
        "io_kbytes" : 13360629856,
        "bw_bytes" : 76005871971,
        "bw" : 74224484,
        "iops" : 18556121.086871,
        "runtime" : 180003,
        "total_ios" : 3340157464,
        "short_ios" : 0,
        "drop_ios" : 0,
        "slat_ns" : {
          "min" : 0,
          "max" : 0,
          "mean" : 0.000000,
          "stddev" : 0.000000,
          "N" : 0
        },
        "clat_ns" : {
          "min" : 73,
          "max" : 63759112,
          "mean" : 1615.269686,
          "stddev" : 10896.311964,
          "N" : 3340157464,
          "percentile" : {
            "1.000000" : 115,
            "5.000000" : 133,
            "10.000000" : 155,
            "20.000000" : 199,
            "30.000000" : 298,
            "40.000000" : 708,
            "50.000000" : 1304,
            "60.000000" : 1816,
            "70.000000" : 2256,
            "80.000000" : 2736,
            "90.000000" : 3408,
            "95.000000" : 4016,
            "99.000000" : 5472,
            "99.500000" : 6496,
            "99.900000" : 15040,
            "99.950000" : 18816,
            "99.990000" : 27520
          }
        },
        "lat_ns" : {
          "min" : 92,
          "max" : 63759147,
          "mean" : 1766.425549,
          "stddev" : 10935.585160,
          "N" : 3340157464
        },
        "bw_min" : 192586,
        "bw_max" : 87198758,
        "bw_agg" : 100.000000,
        "bw_mean" : 75116647.810734,
        "bw_dev" : 231043.589905,
        "bw_samples" : 18054,
        "iops_min" : 48138,
        "iops_max" : 21799678,
        "iops_mean" : 18779149.740113,
        "iops_stddev" : 57760.886798,
        "iops_samples" : 18054
      },
      "write" : {
        "io_bytes" : 20530809081856,
        "io_kbytes" : 20049618244,
        "bw_bytes" : 114058149485,
        "bw" : 111384911,
        "iops" : 27846227.901757,
        "runtime" : 180003,
        "total_ios" : 5012404561,
        "short_ios" : 0,
        "drop_ios" : 0,
        "slat_ns" : {
          "min" : 0,
          "max" : 0,
          "mean" : 0.000000,
          "stddev" : 0.000000,
          "N" : 0
        },
        "clat_ns" : {
          "min" : 73,
          "max" : 68041443,
          "mean" : 1583.967024,
          "stddev" : 13426.696680,
          "N" : 5012404561,
          "percentile" : {
            "1.000000" : 115,
            "5.000000" : 131,
            "10.000000" : 155,
            "20.000000" : 197,
            "30.000000" : 282,
            "40.000000" : 708,
            "50.000000" : 1256,
            "60.000000" : 1720,
            "70.000000" : 2128,
            "80.000000" : 2576,
            "90.000000" : 3216,
            "95.000000" : 3824,
            "99.000000" : 5280,
            "99.500000" : 6240,
            "99.900000" : 16512,
            "99.950000" : 20096,
            "99.990000" : 209920
          }
        },
        "lat_ns" : {
          "min" : 102,
          "max" : 68041670,
          "mean" : 1742.622325,
          "stddev" : 13624.260858,
          "N" : 5012404561
        },
        "bw_min" : 276465,
        "bw_max" : 147606399,
        "bw_agg" : 100.000000,
        "bw_mean" : 112749357.833333,
        "bw_dev" : 263991.777147,
        "bw_samples" : 27258,
        "iops_min" : 69114,
        "iops_max" : 36901597,
        "iops_mean" : 28187322.491525,
        "iops_stddev" : 65997.948362,
        "iops_samples" : 27258
      },
      "trim" : {
        "io_bytes" : 0,
        "io_kbytes" : 0,
        "bw_bytes" : 0,
        "bw" : 0,
        "iops" : 0.000000,
        "runtime" : 0,
        "total_ios" : 0,
        "short_ios" : 0,
        "drop_ios" : 0,
        "slat_ns" : {
          "min" : 0,
          "max" : 0,
          "mean" : 0.000000,
          "stddev" : 0.000000,
          "N" : 0
        },
        "clat_ns" : {
          "min" : 0,
          "max" : 0,
          "mean" : 0.000000,
          "stddev" : 0.000000,
          "N" : 0
        },
        "lat_ns" : {
          "min" : 0,
          "max" : 0,
          "mean" : 0.000000,
          "stddev" : 0.000000,
          "N" : 0
        },
        "bw_min" : 0,
        "bw_max" : 0,
        "bw_agg" : 0.000000,
        "bw_mean" : 0.000000,
        "bw_dev" : 0.000000,
        "bw_samples" : 0,
        "iops_min" : 0,
        "iops_max" : 0,
        "iops_mean" : 0.000000,
        "iops_stddev" : 0.000000,
        "iops_samples" : 0
      },
      "sync" : {
        "total_ios" : 0,
        "lat_ns" : {
          "min" : 0,
          "max" : 0,
          "mean" : 0.000000,
          "stddev" : 0.000000,
          "N" : 0
        }
      },
      "job_runtime" : 23040021,
      "usr_cpu" : 96.005294,
      "sys_cpu" : 0.808662,
      "ctx" : 807605,
      "majf" : 196653,
      "minf" : 991400,
      "iodepth_level" : {
        "1" : 100.000000,
        "2" : 0.000000,
        "4" : 0.000000,
        "8" : 0.000000,
        "16" : 0.000000,
        "32" : 0.000000,
        ">=64" : 0.000000
      },
      "iodepth_submit" : {
        "0" : 0.000000,
        "4" : 100.000000,
        "8" : 0.000000,
        "16" : 0.000000,
        "32" : 0.000000,
        "64" : 0.000000,
        ">=64" : 0.000000
      },
      "iodepth_complete" : {
        "0" : 0.000000,
        "4" : 100.000000,
        "8" : 0.000000,
        "16" : 0.000000,
        "32" : 0.000000,
        "64" : 0.000000,
        ">=64" : 0.000000
      },
      "latency_ns" : {
        "2" : 0.000000,
        "4" : 0.000000,
        "10" : 0.000000,
        "20" : 0.000000,
        "50" : 0.000000,
        "100" : 0.011423,
        "250" : 28.493437,
        "500" : 7.359744,
        "750" : 4.925568,
        "1000" : 4.304058
      },
      "latency_us" : {
        "2" : 20.698312,
        "4" : 29.755250,
        "10" : 4.185800,
        "20" : 0.222133,
        "50" : 0.033335,
        "100" : 0.010000,
        "250" : 0.010000,
        "500" : 0.010000,
        "750" : 0.010000,
        "1000" : 0.010000
      },
      "latency_ms" : {
        "2" : 0.010000,
        "4" : 0.010000,
        "10" : 0.010000,
        "20" : 0.010000,
        "50" : 0.010000,
        "100" : 0.010000,
        "250" : 0.000000,
        "500" : 0.000000,
        "750" : 0.000000,
        "1000" : 0.000000,
        "2000" : 0.000000,
        ">=2000" : 0.000000
      },
      "latency_depth" : 1,
      "latency_target" : 0,
      "latency_percentile" : 100.000000,
      "latency_window" : 0
    }
  ],
  "disk_util" : [
    {
      "name" : "sda",
      "read_ios" : 196463,
      "write_ios" : 87544,
      "read_sectors" : 1573872,
      "write_sectors" : 8050968,
      "read_merges" : 271,
      "write_merges" : 5232,
      "read_ticks" : 361952,
      "write_ticks" : 25729767,
      "in_queue" : 26091728,
      "util" : 7.566797
    }
  ]
}
