{
  "fio version" : "fio-3.40",
  "timestamp" : 1764729098,
  "timestamp_ms" : 1764729098236,
  "time" : "Wed Dec  3 03:31:38 2025",
  "global options" : {
    "group_reporting" : "",
    "ioengine" : "mmap",
    "size" : "768m",
    "thread" : "1",
    "directory" : "/tmp",
    "time_based" : "",
    "runtime" : "180",
    "filename" : "/tmp/fio_readwrite",
    "share_mmap" : "1",
    "repl" : "1"
  },
  "jobs" : [
    {
      "jobname" : "writers",
      "groupid" : 0,
      "job_start" : 1764728918182,
      "error" : 0,
      "eta" : 0,
      "elapsed" : 181,
      "job options" : {
        "rw" : "randread",
        "random_distribution" : "zipf",
        "numjobs" : "64"
      },
      "read" : {
        "io_bytes" : 17008165330944,
        "io_kbytes" : 16609536456,
        "bw_bytes" : 94488232590,
        "bw" : 92273664,
        "iops" : 23068416.159731,
        "runtime" : 180003,
        "total_ios" : 4152384114,
        "short_ios" : 0,
        "drop_ios" : 0,
        "slat_ns" : {
          "min" : 0,
          "max" : 0,
          "mean" : 0.000000,
          "stddev" : 0.000000,
          "N" : 0
        },
        "clat_ns" : {
          "min" : 73,
          "max" : 19183867,
          "mean" : 1589.015608,
          "stddev" : 10934.672784,
          "N" : 4152384114,
          "percentile" : {
            "1.000000" : 113,
            "5.000000" : 129,
            "10.000000" : 151,
            "20.000000" : 197,
            "30.000000" : 282,
            "40.000000" : 676,
            "50.000000" : 1272,
            "60.000000" : 1784,
            "70.000000" : 2224,
            "80.000000" : 2736,
            "90.000000" : 3376,
            "95.000000" : 3984,
            "99.000000" : 5408,
            "99.500000" : 6240,
            "99.900000" : 13248,
            "99.950000" : 17280,
            "99.990000" : 23680
          }
        },
        "lat_ns" : {
          "min" : 92,
          "max" : 44048231,
          "mean" : 1760.044798,
          "stddev" : 11003.499899,
          "N" : 4152384114
        },
        "bw_min" : 136904,
        "bw_max" : 106916605,
        "bw_agg" : 100.000000,
        "bw_mean" : 93125110.487324,
        "bw_dev" : 233744.986713,
        "bw_samples" : 22720,
        "iops_min" : 34226,
        "iops_max" : 26729142,
        "iops_mean" : 23281257.788732,
        "iops_stddev" : 58436.217105,
        "iops_samples" : 22720
      },
      "write" : {
        "io_bytes" : 16728356798464,
        "io_kbytes" : 16336285936,
        "bw_bytes" : 92933766650,
        "bw" : 90755631,
        "iops" : 22688907.873758,
        "runtime" : 180003,
        "total_ios" : 4084071484,
        "short_ios" : 0,
        "drop_ios" : 0,
        "slat_ns" : {
          "min" : 0,
          "max" : 0,
          "mean" : 0.000000,
          "stddev" : 0.000000,
          "N" : 0
        },
        "clat_ns" : {
          "min" : 71,
          "max" : 28039399,
          "mean" : 1605.665005,
          "stddev" : 13820.474416,
          "N" : 4084071484,
          "percentile" : {
            "1.000000" : 112,
            "5.000000" : 125,
            "10.000000" : 147,
            "20.000000" : 193,
            "30.000000" : 266,
            "40.000000" : 700,
            "50.000000" : 1272,
            "60.000000" : 1768,
            "70.000000" : 2192,
            "80.000000" : 2640,
            "90.000000" : 3280,
            "95.000000" : 3856,
            "99.000000" : 5280,
            "99.500000" : 6176,
            "99.900000" : 14528,
            "99.950000" : 19072,
            "99.990000" : 209920
          }
        },
        "lat_ns" : {
          "min" : 100,
          "max" : 28039477,
          "mean" : 1777.292905,
          "stddev" : 14048.917444,
          "N" : 4084071484
        },
        "bw_min" : 130288,
        "bw_max" : 122980311,
        "bw_agg" : 100.000000,
        "bw_mean" : 91597194.050704,
        "bw_dev" : 269701.466083,
        "bw_samples" : 22720,
        "iops_min" : 32572,
        "iops_max" : 30745056,
        "iops_mean" : 22899281.591549,
        "iops_stddev" : 67425.349844,
        "iops_samples" : 22720
      },
      "trim" : {
        "io_bytes" : 0,
        "io_kbytes" : 0,
        "bw_bytes" : 0,
        "bw" : 0,
        "iops" : 0.000000,
        "runtime" : 0,
        "total_ios" : 0,
        "short_ios" : 0,
        "drop_ios" : 0,
        "slat_ns" : {
          "min" : 0,
          "max" : 0,
          "mean" : 0.000000,
          "stddev" : 0.000000,
          "N" : 0
        },
        "clat_ns" : {
          "min" : 0,
          "max" : 0,
          "mean" : 0.000000,
          "stddev" : 0.000000,
          "N" : 0
        },
        "lat_ns" : {
          "min" : 0,
          "max" : 0,
          "mean" : 0.000000,
          "stddev" : 0.000000,
          "N" : 0
        },
        "bw_min" : 0,
        "bw_max" : 0,
        "bw_agg" : 0.000000,
        "bw_mean" : 0.000000,
        "bw_dev" : 0.000000,
        "bw_samples" : 0,
        "iops_min" : 0,
        "iops_max" : 0,
        "iops_mean" : 0.000000,
        "iops_stddev" : 0.000000,
        "iops_samples" : 0
      },
      "sync" : {
        "total_ios" : 0,
        "lat_ns" : {
          "min" : 0,
          "max" : 0,
          "mean" : 0.000000,
          "stddev" : 0.000000,
          "N" : 0
        }
      },
      "job_runtime" : 23040019,
      "usr_cpu" : 96.246774,
      "sys_cpu" : 0.813085,
      "ctx" : 623561,
      "majf" : 196613,
      "minf" : 1070835,
      "iodepth_level" : {
        "1" : 100.000000,
        "2" : 0.000000,
        "4" : 0.000000,
        "8" : 0.000000,
        "16" : 0.000000,
        "32" : 0.000000,
        ">=64" : 0.000000
      },
      "iodepth_submit" : {
        "0" : 0.000000,
        "4" : 100.000000,
        "8" : 0.000000,
        "16" : 0.000000,
        "32" : 0.000000,
        "64" : 0.000000,
        ">=64" : 0.000000
      },
      "iodepth_complete" : {
        "0" : 0.000000,
        "4" : 100.000000,
        "8" : 0.000000,
        "16" : 0.000000,
        "32" : 0.000000,
        "64" : 0.000000,
        ">=64" : 0.000000
      },
      "latency_ns" : {
        "2" : 0.000000,
        "4" : 0.000000,
        "10" : 0.000000,
        "20" : 0.000000,
        "50" : 0.000000,
        "100" : 0.010799,
        "250" : 28.977360,
        "500" : 7.309261,
        "750" : 4.787355,
        "1000" : 4.128036
      },
      "latency_us" : {
        "2" : 19.874949,
        "4" : 30.417409,
        "10" : 4.299466,
        "20" : 0.162791,
        "50" : 0.021824,
        "100" : 0.010000,
        "250" : 0.010000,
        "500" : 0.010000,
        "750" : 0.010000,
        "1000" : 0.010000
      },
      "latency_ms" : {
        "2" : 0.010000,
        "4" : 0.010000,
        "10" : 0.010000,
        "20" : 0.010000,
        "50" : 0.010000,
        "100" : 0.000000,
        "250" : 0.000000,
        "500" : 0.000000,
        "750" : 0.000000,
        "1000" : 0.000000,
        "2000" : 0.000000,
        ">=2000" : 0.000000
      },
      "latency_depth" : 1,
      "latency_target" : 0,
      "latency_percentile" : 100.000000,
      "latency_window" : 0
    }
  ],
  "disk_util" : [
    {
      "name" : "sda",
      "read_ios" : 196396,
      "write_ios" : 49922,
      "read_sectors" : 1573392,
      "write_sectors" : 8533016,
      "read_merges" : 278,
      "write_merges" : 940,
      "read_ticks" : 361867,
      "write_ticks" : 24016846,
      "in_queue" : 24378720,
      "util" : 7.774777
    }
  ]
}
