{
  "fio version" : "fio-3.40",
  "timestamp" : 1764704559,
  "timestamp_ms" : 1764704559458,
  "time" : "Tue Dec  2 20:42:39 2025",
  "global options" : {
    "group_reporting" : "",
    "ioengine" : "mmap",
    "size" : "768m",
    "thread" : "1",
    "directory" : "/tmp",
    "time_based" : "",
    "runtime" : "180",
    "filename" : "/tmp/fio_readwrite",
    "share_mmap" : "1",
    "repl" : "1"
  },
  "jobs" : [
    {
      "jobname" : "writers",
      "groupid" : 0,
      "job_start" : 1764704379260,
      "error" : 0,
      "eta" : 0,
      "elapsed" : 181,
      "job options" : {
        "rw" : "randread",
        "random_distribution" : "zipf",
        "numjobs" : "102"
      },
      "read" : {
        "io_bytes" : 25000947798016,
        "io_kbytes" : 24414988084,
        "bw_bytes" : 138891839569,
        "bw" : 135636562,
        "iops" : 33909140.519880,
        "runtime" : 180003,
        "total_ios" : 6103747021,
        "short_ios" : 0,
        "drop_ios" : 0,
        "slat_ns" : {
          "min" : 0,
          "max" : 0,
          "mean" : 0.000000,
          "stddev" : 0.000000,
          "N" : 0
        },
        "clat_ns" : {
          "min" : 70,
          "max" : 48207063,
          "mean" : 2200.386021,
          "stddev" : 23314.741260,
          "N" : 6103747021,
          "percentile" : {
            "1.000000" : 147,
            "5.000000" : 151,
            "10.000000" : 159,
            "20.000000" : 179,
            "30.000000" : 195,
            "40.000000" : 229,
            "50.000000" : 330,
            "60.000000" : 502,
            "70.000000" : 588,
            "80.000000" : 724,
            "90.000000" : 924,
            "95.000000" : 1192,
            "99.000000" : 7328,
            "99.500000" : 197632,
            "99.900000" : 276480,
            "99.950000" : 362496,
            "99.990000" : 528384
          }
        },
        "lat_ns" : {
          "min" : 88,
          "max" : 48207092,
          "mean" : 2260.744668,
          "stddev" : 23364.439968,
          "N" : 6103747021
        },
        "bw_min" : 41277090,
        "bw_max" : 173086558,
        "bw_agg" : 100.000000,
        "bw_mean" : 143984029.727683,
        "bw_dev" : 196922.228241,
        "bw_samples" : 34553,
        "iops_min" : 10319258,
        "iops_max" : 43271613,
        "iops_mean" : 35995984.497518,
        "iops_stddev" : 49230.546512,
        "iops_samples" : 34553
      },
      "write" : {
        "io_bytes" : 125924306944,
        "io_kbytes" : 122972956,
        "bw_bytes" : 699567823,
        "bw" : 683171,
        "iops" : 170792.925673,
        "runtime" : 180003,
        "total_ios" : 30743239,
        "short_ios" : 0,
        "drop_ios" : 0,
        "slat_ns" : {
          "min" : 0,
          "max" : 0,
          "mean" : 0.000000,
          "stddev" : 0.000000,
          "N" : 0
        },
        "clat_ns" : {
          "min" : 75,
          "max" : 43259662,
          "mean" : 144257.109894,
          "stddev" : 171420.298266,
          "N" : 30743239,
          "percentile" : {
            "1.000000" : 151,
            "5.000000" : 197,
            "10.000000" : 247,
            "20.000000" : 486,
            "30.000000" : 724,
            "40.000000" : 3568,
            "50.000000" : 191488,
            "60.000000" : 201728,
            "70.000000" : 211968,
            "80.000000" : 224256,
            "90.000000" : 268288,
            "95.000000" : 374784,
            "99.000000" : 593920,
            "99.500000" : 757760,
            "99.900000" : 1499136,
            "99.950000" : 1941504,
            "99.990000" : 3883008
          }
        },
        "lat_ns" : {
          "min" : 104,
          "max" : 43259731,
          "mean" : 144374.313829,
          "stddev" : 171454.725597,
          "N" : 30743239
        },
        "bw_min" : 352904,
        "bw_max" : 1475595,
        "bw_agg" : 100.000000,
        "bw_mean" : 715175.723890,
        "bw_dev" : 7161.114528,
        "bw_samples" : 8914,
        "iops_min" : 88220,
        "iops_max" : 368893,
        "iops_mean" : 178789.340736,
        "iops_stddev" : 1790.291352,
        "iops_samples" : 8914
      },
      "trim" : {
        "io_bytes" : 0,
        "io_kbytes" : 0,
        "bw_bytes" : 0,
        "bw" : 0,
        "iops" : 0.000000,
        "runtime" : 0,
        "total_ios" : 0,
        "short_ios" : 0,
        "drop_ios" : 0,
        "slat_ns" : {
          "min" : 0,
          "max" : 0,
          "mean" : 0.000000,
          "stddev" : 0.000000,
          "N" : 0
        },
        "clat_ns" : {
          "min" : 0,
          "max" : 0,
          "mean" : 0.000000,
          "stddev" : 0.000000,
          "N" : 0
        },
        "lat_ns" : {
          "min" : 0,
          "max" : 0,
          "mean" : 0.000000,
          "stddev" : 0.000000,
          "N" : 0
        },
        "bw_min" : 0,
        "bw_max" : 0,
        "bw_agg" : 0.000000,
        "bw_mean" : 0.000000,
        "bw_dev" : 0.000000,
        "bw_samples" : 0,
        "iops_min" : 0,
        "iops_max" : 0,
        "iops_mean" : 0.000000,
        "iops_stddev" : 0.000000,
        "iops_samples" : 0
      },
      "sync" : {
        "total_ios" : 0,
        "lat_ns" : {
          "min" : 0,
          "max" : 0,
          "mean" : 0.000000,
          "stddev" : 0.000000,
          "N" : 0
        }
      },
      "job_runtime" : 23040007,
      "usr_cpu" : 31.768489,
      "sys_cpu" : 64.121027,
      "ctx" : 5099769,
      "majf" : 196622,
      "minf" : 62372413,
      "iodepth_level" : {
        "1" : 100.000000,
        "2" : 0.000000,
        "4" : 0.000000,
        "8" : 0.000000,
        "16" : 0.000000,
        "32" : 0.000000,
        ">=64" : 0.000000
      },
      "iodepth_submit" : {
        "0" : 0.000000,
        "4" : 100.000000,
        "8" : 0.000000,
        "16" : 0.000000,
        "32" : 0.000000,
        "64" : 0.000000,
        ">=64" : 0.000000
      },
      "iodepth_complete" : {
        "0" : 0.000000,
        "4" : 100.000000,
        "8" : 0.000000,
        "16" : 0.000000,
        "32" : 0.000000,
        "64" : 0.000000,
        ">=64" : 0.000000
      },
      "latency_ns" : {
        "2" : 0.000000,
        "4" : 0.000000,
        "10" : 0.000000,
        "20" : 0.000000,
        "50" : 0.000000,
        "100" : 0.025717,
        "250" : 42.508974,
        "500" : 17.061499,
        "750" : 21.618939,
        "1000" : 10.403714
      },
      "latency_us" : {
        "2" : 5.244609,
        "4" : 0.759014,
        "10" : 1.302895,
        "20" : 0.058833,
        "50" : 0.010000,
        "100" : 0.013582,
        "250" : 0.812074,
        "500" : 0.161809,
        "750" : 0.015021,
        "1000" : 0.010000
      },
      "latency_ms" : {
        "2" : 0.010000,
        "4" : 0.010000,
        "10" : 0.010000,
        "20" : 0.010000,
        "50" : 0.010000,
        "100" : 0.000000,
        "250" : 0.000000,
        "500" : 0.000000,
        "750" : 0.000000,
        "1000" : 0.000000,
        "2000" : 0.000000,
        ">=2000" : 0.000000
      },
      "latency_depth" : 1,
      "latency_target" : 0,
      "latency_percentile" : 100.000000,
      "latency_window" : 0
    }
  ],
  "disk_util" : [
    {
      "name" : "sda",
      "read_ios" : 196616,
      "write_ios" : 136140,
      "read_sectors" : 1573832,
      "write_sectors" : 11985480,
      "read_merges" : 113,
      "write_merges" : 602,
      "read_ticks" : 147282,
      "write_ticks" : 1276231,
      "in_queue" : 1423519,
      "util" : 15.544313
    }
  ]
}
