{
  "fio version" : "fio-3.40",
  "timestamp" : 1765212420,
  "timestamp_ms" : 1765212420056,
  "time" : "Mon Dec  8 17:47:00 2025",
  "global options" : {
    "group_reporting" : "",
    "ioengine" : "mmap",
    "size" : "768m",
    "thread" : "1",
    "directory" : "/tmp",
    "time_based" : "",
    "runtime" : "180",
    "norandommap" : "1",
    "filename" : "/tmp/fio_readwrite",
    "share_mmap" : "1",
    "repl" : "1"
  },
  "jobs" : [
    {
      "jobname" : "writers",
      "groupid" : 0,
      "job_start" : 1765212239855,
      "error" : 0,
      "eta" : 0,
      "elapsed" : 181,
      "job options" : {
        "rw" : "randread",
        "random_distribution" : "random",
        "numjobs" : "51"
      },
      "read" : {
        "io_bytes" : 6121612120064,
        "io_kbytes" : 5978136836,
        "bw_bytes" : 34008200484,
        "bw" : 33211133,
        "iops" : 8302783.321482,
        "runtime" : 180004,
        "total_ios" : 1494534209,
        "short_ios" : 0,
        "drop_ios" : 0,
        "slat_ns" : {
          "min" : 0,
          "max" : 0,
          "mean" : 0.000000,
          "stddev" : 0.000000,
          "N" : 0
        },
        "clat_ns" : {
          "min" : 79,
          "max" : 20745562,
          "mean" : 4926.637308,
          "stddev" : 16277.955023,
          "N" : 1494534209,
          "percentile" : {
            "1.000000" : 1752,
            "5.000000" : 2320,
            "10.000000" : 2672,
            "20.000000" : 3184,
            "30.000000" : 3632,
            "40.000000" : 4080,
            "50.000000" : 4576,
            "60.000000" : 5024,
            "70.000000" : 5600,
            "80.000000" : 6240,
            "90.000000" : 7136,
            "95.000000" : 8032,
            "99.000000" : 10816,
            "99.500000" : 12992,
            "99.900000" : 21376,
            "99.950000" : 23424,
            "99.990000" : 35584
          }
        },
        "lat_ns" : {
          "min" : 101,
          "max" : 20745792,
          "mean" : 5096.954554,
          "stddev" : 16312.364480,
          "N" : 1494534209
        },
        "bw_min" : 102682,
        "bw_max" : 39521261,
        "bw_agg" : 100.000000,
        "bw_mean" : 33615774.141643,
        "bw_dev" : 122776.404292,
        "bw_samples" : 18003,
        "iops_min" : 25654,
        "iops_max" : 9880293,
        "iops_mean" : 8403925.257790,
        "iops_stddev" : 30694.086899,
        "iops_samples" : 18003
      },
      "write" : {
        "io_bytes" : 9546248871936,
        "io_kbytes" : 9322508664,
        "bw_bytes" : 53033242809,
        "bw" : 51790276,
        "iops" : 12947569.045304,
        "runtime" : 180005,
        "total_ios" : 2330627166,
        "short_ios" : 0,
        "drop_ios" : 0,
        "slat_ns" : {
          "min" : 0,
          "max" : 0,
          "mean" : 0.000000,
          "stddev" : 0.000000,
          "N" : 0
        },
        "clat_ns" : {
          "min" : 77,
          "max" : 36053992,
          "mean" : 4477.440540,
          "stddev" : 21021.439244,
          "N" : 2330627166,
          "percentile" : {
            "1.000000" : 1640,
            "5.000000" : 2096,
            "10.000000" : 2352,
            "20.000000" : 2768,
            "30.000000" : 3152,
            "40.000000" : 3504,
            "50.000000" : 3888,
            "60.000000" : 4320,
            "70.000000" : 4896,
            "80.000000" : 5536,
            "90.000000" : 6496,
            "95.000000" : 7392,
            "99.000000" : 9920,
            "99.500000" : 12480,
            "99.900000" : 22144,
            "99.950000" : 31872,
            "99.990000" : 333824
          }
        },
        "lat_ns" : {
          "min" : 110,
          "max" : 36054037,
          "mean" : 4652.827479,
          "stddev" : 21193.348719,
          "N" : 2330627166
        },
        "bw_min" : 152628,
        "bw_max" : 79038011,
        "bw_agg" : 100.000000,
        "bw_mean" : 52420672.728045,
        "bw_dev" : 162761.876845,
        "bw_samples" : 27181,
        "iops_min" : 38142,
        "iops_max" : 19759485,
        "iops_mean" : 13105140.866856,
        "iops_stddev" : 40690.458739,
        "iops_samples" : 27181
      },
      "trim" : {
        "io_bytes" : 0,
        "io_kbytes" : 0,
        "bw_bytes" : 0,
        "bw" : 0,
        "iops" : 0.000000,
        "runtime" : 0,
        "total_ios" : 0,
        "short_ios" : 0,
        "drop_ios" : 0,
        "slat_ns" : {
          "min" : 0,
          "max" : 0,
          "mean" : 0.000000,
          "stddev" : 0.000000,
          "N" : 0
        },
        "clat_ns" : {
          "min" : 0,
          "max" : 0,
          "mean" : 0.000000,
          "stddev" : 0.000000,
          "N" : 0
        },
        "lat_ns" : {
          "min" : 0,
          "max" : 0,
          "mean" : 0.000000,
          "stddev" : 0.000000,
          "N" : 0
        },
        "bw_min" : 0,
        "bw_max" : 0,
        "bw_agg" : 0.000000,
        "bw_mean" : 0.000000,
        "bw_dev" : 0.000000,
        "bw_samples" : 0,
        "iops_min" : 0,
        "iops_max" : 0,
        "iops_mean" : 0.000000,
        "iops_stddev" : 0.000000,
        "iops_samples" : 0
      },
      "sync" : {
        "total_ios" : 0,
        "lat_ns" : {
          "min" : 0,
          "max" : 0,
          "mean" : 0.000000,
          "stddev" : 0.000000,
          "N" : 0
        }
      },
      "job_runtime" : 23040087,
      "usr_cpu" : 95.773996,
      "sys_cpu" : 1.026459,
      "ctx" : 897771,
      "majf" : 196649,
      "minf" : 928637,
      "iodepth_level" : {
        "1" : 100.000000,
        "2" : 0.000000,
        "4" : 0.000000,
        "8" : 0.000000,
        "16" : 0.000000,
        "32" : 0.000000,
        ">=64" : 0.000000
      },
      "iodepth_submit" : {
        "0" : 0.000000,
        "4" : 100.000000,
        "8" : 0.000000,
        "16" : 0.000000,
        "32" : 0.000000,
        "64" : 0.000000,
        ">=64" : 0.000000
      },
      "iodepth_complete" : {
        "0" : 0.000000,
        "4" : 100.000000,
        "8" : 0.000000,
        "16" : 0.000000,
        "32" : 0.000000,
        "64" : 0.000000,
        ">=64" : 0.000000
      },
      "latency_ns" : {
        "2" : 0.000000,
        "4" : 0.000000,
        "10" : 0.000000,
        "20" : 0.000000,
        "50" : 0.000000,
        "100" : 0.010000,
        "250" : 0.031801,
        "500" : 0.017268,
        "750" : 0.043929,
        "1000" : 0.083178
      },
      "latency_us" : {
        "2" : 2.828024,
        "4" : 44.005416,
        "10" : 51.860553,
        "20" : 0.967609,
        "50" : 0.133957,
        "100" : 0.010000,
        "250" : 0.010000,
        "500" : 0.010594,
        "750" : 0.010000,
        "1000" : 0.010000
      },
      "latency_ms" : {
        "2" : 0.010000,
        "4" : 0.010000,
        "10" : 0.010000,
        "20" : 0.010000,
        "50" : 0.010000,
        "100" : 0.000000,
        "250" : 0.000000,
        "500" : 0.000000,
        "750" : 0.000000,
        "1000" : 0.000000,
        "2000" : 0.000000,
        ">=2000" : 0.000000
      },
      "latency_depth" : 1,
      "latency_target" : 0,
      "latency_percentile" : 100.000000,
      "latency_window" : 0
    }
  ],
  "disk_util" : [
    {
      "name" : "sda",
      "read_ios" : 196498,
      "write_ios" : 75199,
      "read_sectors" : 1575312,
      "write_sectors" : 7650176,
      "read_merges" : 352,
      "write_merges" : 1563,
      "read_ticks" : 360074,
      "write_ticks" : 16599689,
      "in_queue" : 16959773,
      "util" : 7.605544
    }
  ]
}
