{
  "fio version" : "fio-3.40",
  "timestamp" : 1764803874,
  "timestamp_ms" : 1764803874550,
  "time" : "Thu Dec  4 00:17:54 2025",
  "global options" : {
    "group_reporting" : "",
    "ioengine" : "mmap",
    "size" : "768m",
    "thread" : "1",
    "directory" : "/tmp",
    "time_based" : "",
    "runtime" : "180",
    "norandommap" : "1",
    "filename" : "/tmp/fio_readwrite",
    "share_mmap" : "1",
    "repl" : "1"
  },
  "jobs" : [
    {
      "jobname" : "writers",
      "groupid" : 0,
      "job_start" : 1764803694469,
      "error" : 0,
      "eta" : 0,
      "elapsed" : 181,
      "job options" : {
        "rw" : "randread",
        "random_distribution" : "random",
        "numjobs" : "13"
      },
      "read" : {
        "io_bytes" : 1190965198848,
        "io_kbytes" : 1163051952,
        "bw_bytes" : 6616363054,
        "bw" : 6461292,
        "iops" : 1615323.011283,
        "runtime" : 180003,
        "total_ios" : 290762988,
        "short_ios" : 0,
        "drop_ios" : 0,
        "slat_ns" : {
          "min" : 0,
          "max" : 0,
          "mean" : 0.000000,
          "stddev" : 0.000000,
          "N" : 0
        },
        "clat_ns" : {
          "min" : 82,
          "max" : 13751472,
          "mean" : 6142.905952,
          "stddev" : 19379.668082,
          "N" : 290762988,
          "percentile" : {
            "1.000000" : 1816,
            "5.000000" : 2576,
            "10.000000" : 3056,
            "20.000000" : 3760,
            "30.000000" : 4384,
            "40.000000" : 5024,
            "50.000000" : 5728,
            "60.000000" : 6368,
            "70.000000" : 7072,
            "80.000000" : 7904,
            "90.000000" : 9152,
            "95.000000" : 10304,
            "99.000000" : 13248,
            "99.500000" : 15424,
            "99.900000" : 25728,
            "99.950000" : 29056,
            "99.990000" : 54528
          }
        },
        "lat_ns" : {
          "min" : 104,
          "max" : 13752198,
          "mean" : 6373.586091,
          "stddev" : 19437.852613,
          "N" : 290762988
        },
        "bw_min" : 14128,
        "bw_max" : 7365696,
        "bw_agg" : 100.000000,
        "bw_mean" : 6520438.562147,
        "bw_dev" : 70393.213743,
        "bw_samples" : 4602,
        "iops_min" : 3532,
        "iops_max" : 1841413,
        "iops_mean" : 1630104.864407,
        "iops_stddev" : 17598.283487,
        "iops_samples" : 4602
      },
      "write" : {
        "io_bytes" : 11740346888192,
        "io_kbytes" : 11465182508,
        "bw_bytes" : 65222337647,
        "bw" : 63693689,
        "iops" : 15923422.277159,
        "runtime" : 180005,
        "total_ios" : 2866295627,
        "short_ios" : 0,
        "drop_ios" : 0,
        "slat_ns" : {
          "min" : 0,
          "max" : 0,
          "mean" : 0.000000,
          "stddev" : 0.000000,
          "N" : 0
        },
        "clat_ns" : {
          "min" : 77,
          "max" : 126175738,
          "mean" : 5305.938555,
          "stddev" : 22680.890195,
          "N" : 2866295627,
          "percentile" : {
            "1.000000" : 1720,
            "5.000000" : 2288,
            "10.000000" : 2608,
            "20.000000" : 3152,
            "30.000000" : 3632,
            "40.000000" : 4128,
            "50.000000" : 4640,
            "60.000000" : 5216,
            "70.000000" : 5920,
            "80.000000" : 6816,
            "90.000000" : 8032,
            "95.000000" : 9024,
            "99.000000" : 11712,
            "99.500000" : 13760,
            "99.900000" : 25216,
            "99.950000" : 30848,
            "99.990000" : 561152
          }
        },
        "lat_ns" : {
          "min" : 107,
          "max" : 145704609,
          "mean" : 5530.563217,
          "stddev" : 22994.167833,
          "N" : 2866295627
        },
        "bw_min" : 123728,
        "bw_max" : 97595388,
        "bw_agg" : 100.000000,
        "bw_mean" : 64283994.002825,
        "bw_dev" : 133815.978093,
        "bw_samples" : 40710,
        "iops_min" : 30932,
        "iops_max" : 24398784,
        "iops_mean" : 16070957.347458,
        "iops_stddev" : 33453.978641,
        "iops_samples" : 40710
      },
      "trim" : {
        "io_bytes" : 0,
        "io_kbytes" : 0,
        "bw_bytes" : 0,
        "bw" : 0,
        "iops" : 0.000000,
        "runtime" : 0,
        "total_ios" : 0,
        "short_ios" : 0,
        "drop_ios" : 0,
        "slat_ns" : {
          "min" : 0,
          "max" : 0,
          "mean" : 0.000000,
          "stddev" : 0.000000,
          "N" : 0
        },
        "clat_ns" : {
          "min" : 0,
          "max" : 0,
          "mean" : 0.000000,
          "stddev" : 0.000000,
          "N" : 0
        },
        "lat_ns" : {
          "min" : 0,
          "max" : 0,
          "mean" : 0.000000,
          "stddev" : 0.000000,
          "N" : 0
        },
        "bw_min" : 0,
        "bw_max" : 0,
        "bw_agg" : 0.000000,
        "bw_mean" : 0.000000,
        "bw_dev" : 0.000000,
        "bw_samples" : 0,
        "iops_min" : 0,
        "iops_max" : 0,
        "iops_mean" : 0.000000,
        "iops_stddev" : 0.000000,
        "iops_samples" : 0
      },
      "sync" : {
        "total_ios" : 0,
        "lat_ns" : {
          "min" : 0,
          "max" : 0,
          "mean" : 0.000000,
          "stddev" : 0.000000,
          "N" : 0
        }
      },
      "job_runtime" : 23040105,
      "usr_cpu" : 95.781708,
      "sys_cpu" : 1.124678,
      "ctx" : 799242,
      "majf" : 196644,
      "minf" : 512756,
      "iodepth_level" : {
        "1" : 100.000000,
        "2" : 0.000000,
        "4" : 0.000000,
        "8" : 0.000000,
        "16" : 0.000000,
        "32" : 0.000000,
        ">=64" : 0.000000
      },
      "iodepth_submit" : {
        "0" : 0.000000,
        "4" : 100.000000,
        "8" : 0.000000,
        "16" : 0.000000,
        "32" : 0.000000,
        "64" : 0.000000,
        ">=64" : 0.000000
      },
      "iodepth_complete" : {
        "0" : 0.000000,
        "4" : 100.000000,
        "8" : 0.000000,
        "16" : 0.000000,
        "32" : 0.000000,
        "64" : 0.000000,
        ">=64" : 0.000000
      },
      "latency_ns" : {
        "2" : 0.000000,
        "4" : 0.000000,
        "10" : 0.000000,
        "20" : 0.000000,
        "50" : 0.000000,
        "100" : 0.010000,
        "250" : 0.029341,
        "500" : 0.017277,
        "750" : 0.044960,
        "1000" : 0.083962
      },
      "latency_us" : {
        "2" : 2.105884,
        "4" : 34.151352,
        "10" : 60.570696,
        "20" : 2.738487,
        "50" : 0.232266,
        "100" : 0.010000,
        "250" : 0.010000,
        "500" : 0.010000,
        "750" : 0.010000,
        "1000" : 0.010000
      },
      "latency_ms" : {
        "2" : 0.010000,
        "4" : 0.010000,
        "10" : 0.010000,
        "20" : 0.010000,
        "50" : 0.010000,
        "100" : 0.010000,
        "250" : 0.010000,
        "500" : 0.000000,
        "750" : 0.000000,
        "1000" : 0.000000,
        "2000" : 0.000000,
        ">=2000" : 0.000000
      },
      "latency_depth" : 1,
      "latency_target" : 0,
      "latency_percentile" : 100.000000,
      "latency_window" : 0
    }
  ],
  "disk_util" : [
    {
      "name" : "sda",
      "read_ios" : 196475,
      "write_ios" : 56793,
      "read_sectors" : 1575688,
      "write_sectors" : 4625456,
      "read_merges" : 428,
      "write_merges" : 1181,
      "read_ticks" : 361312,
      "write_ticks" : 31438690,
      "in_queue" : 31800018,
      "util" : 4.708372
    }
  ]
}
