{
  "fio version" : "fio-3.40",
  "timestamp" : 1764728917,
  "timestamp_ms" : 1764728917179,
  "time" : "Wed Dec  3 03:28:37 2025",
  "global options" : {
    "group_reporting" : "",
    "ioengine" : "mmap",
    "size" : "768m",
    "thread" : "1",
    "directory" : "/tmp",
    "time_based" : "",
    "runtime" : "180",
    "filename" : "/tmp/fio_readwrite",
    "share_mmap" : "1",
    "repl" : "1"
  },
  "jobs" : [
    {
      "jobname" : "writers",
      "groupid" : 0,
      "job_start" : 1764728737106,
      "error" : 0,
      "eta" : 0,
      "elapsed" : 181,
      "job options" : {
        "rw" : "randread",
        "random_distribution" : "zipf",
        "numjobs" : "77"
      },
      "read" : {
        "io_bytes" : 20938873131008,
        "io_kbytes" : 20448118292,
        "bw_bytes" : 116325780441,
        "bw" : 113599394,
        "iops" : 28399848.740570,
        "runtime" : 180002,
        "total_ios" : 5112029573,
        "short_ios" : 0,
        "drop_ios" : 0,
        "slat_ns" : {
          "min" : 0,
          "max" : 0,
          "mean" : 0.000000,
          "stddev" : 0.000000,
          "N" : 0
        },
        "clat_ns" : {
          "min" : 73,
          "max" : 60326402,
          "mean" : 1516.218766,
          "stddev" : 12401.077042,
          "N" : 5112029573,
          "percentile" : {
            "1.000000" : 114,
            "5.000000" : 131,
            "10.000000" : 151,
            "20.000000" : 197,
            "30.000000" : 274,
            "40.000000" : 628,
            "50.000000" : 1208,
            "60.000000" : 1704,
            "70.000000" : 2128,
            "80.000000" : 2608,
            "90.000000" : 3216,
            "95.000000" : 3760,
            "99.000000" : 5088,
            "99.500000" : 5856,
            "99.900000" : 12480,
            "99.950000" : 16512,
            "99.990000" : 23424
          }
        },
        "lat_ns" : {
          "min" : 91,
          "max" : 60326433,
          "mean" : 1694.466330,
          "stddev" : 12455.304514,
          "N" : 5112029573
        },
        "bw_min" : 3248,
        "bw_max" : 134241305,
        "bw_agg" : 100.000000,
        "bw_mean" : 115297467.634561,
        "bw_dev" : 257063.228746,
        "bw_samples" : 27181,
        "iops_min" : 812,
        "iops_max" : 33560310,
        "iops_mean" : 28824347.167139,
        "iops_stddev" : 64265.792348,
        "iops_samples" : 27181
      },
      "write" : {
        "io_bytes" : 13861216096256,
        "io_kbytes" : 13536343844,
        "bw_bytes" : 77005900469,
        "bw" : 75201074,
        "iops" : 18800268.669237,
        "runtime" : 180002,
        "total_ios" : 3384085961,
        "short_ios" : 0,
        "drop_ios" : 0,
        "slat_ns" : {
          "min" : 0,
          "max" : 0,
          "mean" : 0.000000,
          "stddev" : 0.000000,
          "N" : 0
        },
        "clat_ns" : {
          "min" : 72,
          "max" : 52043890,
          "mean" : 1556.483788,
          "stddev" : 15571.595799,
          "N" : 3384085961,
          "percentile" : {
            "1.000000" : 113,
            "5.000000" : 127,
            "10.000000" : 151,
            "20.000000" : 195,
            "30.000000" : 258,
            "40.000000" : 668,
            "50.000000" : 1224,
            "60.000000" : 1688,
            "70.000000" : 2096,
            "80.000000" : 2544,
            "90.000000" : 3152,
            "95.000000" : 3696,
            "99.000000" : 5024,
            "99.500000" : 5856,
            "99.900000" : 14272,
            "99.950000" : 20608,
            "99.990000" : 211968
          }
        },
        "lat_ns" : {
          "min" : 100,
          "max" : 52043937,
          "mean" : 1712.470858,
          "stddev" : 15838.016728,
          "N" : 3384085961
        },
        "bw_min" : 2056,
        "bw_max" : 103814545,
        "bw_agg" : 100.000000,
        "bw_mean" : 76328828.844193,
        "bw_dev" : 297206.690152,
        "bw_samples" : 18003,
        "iops_min" : 514,
        "iops_max" : 25953625,
        "iops_mean" : 19082195.441926,
        "iops_stddev" : 74301.667204,
        "iops_samples" : 18003
      },
      "trim" : {
        "io_bytes" : 0,
        "io_kbytes" : 0,
        "bw_bytes" : 0,
        "bw" : 0,
        "iops" : 0.000000,
        "runtime" : 0,
        "total_ios" : 0,
        "short_ios" : 0,
        "drop_ios" : 0,
        "slat_ns" : {
          "min" : 0,
          "max" : 0,
          "mean" : 0.000000,
          "stddev" : 0.000000,
          "N" : 0
        },
        "clat_ns" : {
          "min" : 0,
          "max" : 0,
          "mean" : 0.000000,
          "stddev" : 0.000000,
          "N" : 0
        },
        "lat_ns" : {
          "min" : 0,
          "max" : 0,
          "mean" : 0.000000,
          "stddev" : 0.000000,
          "N" : 0
        },
        "bw_min" : 0,
        "bw_max" : 0,
        "bw_agg" : 0.000000,
        "bw_mean" : 0.000000,
        "bw_dev" : 0.000000,
        "bw_samples" : 0,
        "iops_min" : 0,
        "iops_max" : 0,
        "iops_mean" : 0.000000,
        "iops_stddev" : 0.000000,
        "iops_samples" : 0
      },
      "sync" : {
        "total_ios" : 0,
        "lat_ns" : {
          "min" : 0,
          "max" : 0,
          "mean" : 0.000000,
          "stddev" : 0.000000,
          "N" : 0
        }
      },
      "job_runtime" : 23040006,
      "usr_cpu" : 95.266451,
      "sys_cpu" : 1.030568,
      "ctx" : 1139196,
      "majf" : 196605,
      "minf" : 1301591,
      "iodepth_level" : {
        "1" : 100.000000,
        "2" : 0.000000,
        "4" : 0.000000,
        "8" : 0.000000,
        "16" : 0.000000,
        "32" : 0.000000,
        ">=64" : 0.000000
      },
      "iodepth_submit" : {
        "0" : 0.000000,
        "4" : 100.000000,
        "8" : 0.000000,
        "16" : 0.000000,
        "32" : 0.000000,
        "64" : 0.000000,
        ">=64" : 0.000000
      },
      "iodepth_complete" : {
        "0" : 0.000000,
        "4" : 100.000000,
        "8" : 0.000000,
        "16" : 0.000000,
        "32" : 0.000000,
        "64" : 0.000000,
        ">=64" : 0.000000
      },
      "latency_ns" : {
        "2" : 0.000000,
        "4" : 0.000000,
        "10" : 0.000000,
        "20" : 0.000000,
        "50" : 0.000000,
        "100" : 0.010000,
        "250" : 29.108508,
        "500" : 7.782237,
        "750" : 5.053166,
        "1000" : 4.343868
      },
      "latency_us" : {
        "2" : 20.913935,
        "4" : 29.228153,
        "10" : 3.404998,
        "20" : 0.123593,
        "50" : 0.021450,
        "100" : 0.010000,
        "250" : 0.010000,
        "500" : 0.010000,
        "750" : 0.010000,
        "1000" : 0.010000
      },
      "latency_ms" : {
        "2" : 0.010000,
        "4" : 0.010000,
        "10" : 0.010000,
        "20" : 0.010000,
        "50" : 0.010000,
        "100" : 0.010000,
        "250" : 0.000000,
        "500" : 0.000000,
        "750" : 0.000000,
        "1000" : 0.000000,
        "2000" : 0.000000,
        ">=2000" : 0.000000
      },
      "latency_depth" : 1,
      "latency_target" : 0,
      "latency_percentile" : 100.000000,
      "latency_window" : 0
    }
  ],
  "disk_util" : [
    {
      "name" : "sda",
      "read_ios" : 196414,
      "write_ios" : 103557,
      "read_sectors" : 1573424,
      "write_sectors" : 10768888,
      "read_merges" : 264,
      "write_merges" : 1400,
      "read_ticks" : 404570,
      "write_ticks" : 19173583,
      "in_queue" : 19578162,
      "util" : 9.272696
    }
  ]
}
