{
  "fio version" : "fio-3.40",
  "timestamp" : 1769902159,
  "timestamp_ms" : 1769902159154,
  "time" : "Sun Feb  1 00:29:19 2026",
  "global options" : {
    "group_reporting" : "",
    "ioengine" : "mmap",
    "size" : "768m",
    "thread" : "1",
    "directory" : "/tmp",
    "time_based" : "",
    "runtime" : "180",
    "norandommap" : "1",
    "filename" : "/tmp/fio_readwrite",
    "share_mmap" : "1",
    "repl" : "1"
  },
  "jobs" : [
    {
      "jobname" : "writers",
      "groupid" : 0,
      "job_start" : 1769901978997,
      "error" : 0,
      "eta" : 0,
      "elapsed" : 181,
      "job options" : {
        "rw" : "randread",
        "random_distribution" : "random",
        "numjobs" : "115"
      },
      "read" : {
        "io_bytes" : 34562026483712,
        "io_kbytes" : 33751978988,
        "bw_bytes" : 192006991420,
        "bw" : 187506827,
        "iops" : 46876706.889847,
        "runtime" : 180004,
        "total_ios" : 8437994747,
        "short_ios" : 0,
        "drop_ios" : 0,
        "slat_ns" : {
          "min" : 0,
          "max" : 0,
          "mean" : 0.000000,
          "stddev" : 0.000000,
          "N" : 0
        },
        "clat_ns" : {
          "min" : 87,
          "max" : 121015124,
          "mean" : 1779.942467,
          "stddev" : 17625.331794,
          "N" : 8437994747,
          "percentile" : {
            "1.000000" : 438,
            "5.000000" : 516,
            "10.000000" : 548,
            "20.000000" : 604,
            "30.000000" : 652,
            "40.000000" : 716,
            "50.000000" : 780,
            "60.000000" : 852,
            "70.000000" : 932,
            "80.000000" : 1048,
            "90.000000" : 1320,
            "95.000000" : 1864,
            "99.000000" : 7200,
            "99.500000" : 9920,
            "99.900000" : 209920,
            "99.950000" : 234496,
            "99.990000" : 387072
          }
        },
        "lat_ns" : {
          "min" : 113,
          "max" : 121015183,
          "mean" : 1841.252092,
          "stddev" : 17689.459366,
          "N" : 8437994747
        },
        "bw_min" : 61423377,
        "bw_max" : 227532235,
        "bw_agg" : 100.000000,
        "bw_mean" : 198802340.646759,
        "bw_dev" : 220970.947268,
        "bw_samples" : 38976,
        "iops_min" : 15355834,
        "iops_max" : 56883065,
        "iops_mean" : 49700566.679687,
        "iops_stddev" : 55242.732533,
        "iops_samples" : 38976
      },
      "write" : {
        "io_bytes" : 41315520512,
        "io_kbytes" : 40347188,
        "bw_bytes" : 229526844,
        "bw" : 224147,
        "iops" : 56036.827164,
        "runtime" : 180003,
        "total_ios" : 10086797,
        "short_ios" : 0,
        "drop_ios" : 0,
        "slat_ns" : {
          "min" : 0,
          "max" : 0,
          "mean" : 0.000000,
          "stddev" : 0.000000,
          "N" : 0
        },
        "clat_ns" : {
          "min" : 135,
          "max" : 65351300,
          "mean" : 222082.627283,
          "stddev" : 153348.565800,
          "N" : 10086797,
          "percentile" : {
            "1.000000" : 80384,
            "5.000000" : 142336,
            "10.000000" : 171008,
            "20.000000" : 181248,
            "30.000000" : 187392,
            "40.000000" : 193536,
            "50.000000" : 197632,
            "60.000000" : 203776,
            "70.000000" : 211968,
            "80.000000" : 224256,
            "90.000000" : 268288,
            "95.000000" : 362496,
            "99.000000" : 765952,
            "99.500000" : 1056768,
            "99.900000" : 2007040,
            "99.950000" : 2539520,
            "99.990000" : 4292608
          }
        },
        "lat_ns" : {
          "min" : 175,
          "max" : 65351476,
          "mean" : 222240.740381,
          "stddev" : 153356.122964,
          "N" : 10086797
        },
        "bw_min" : 101631,
        "bw_max" : 408361,
        "bw_agg" : 100.000000,
        "bw_mean" : 233049.709696,
        "bw_dev" : 2894.308316,
        "bw_samples" : 4492,
        "iops_min" : 25406,
        "iops_max" : 102087,
        "iops_mean" : 58260.562743,
        "iops_stddev" : 723.586217,
        "iops_samples" : 4492
      },
      "trim" : {
        "io_bytes" : 0,
        "io_kbytes" : 0,
        "bw_bytes" : 0,
        "bw" : 0,
        "iops" : 0.000000,
        "runtime" : 0,
        "total_ios" : 0,
        "short_ios" : 0,
        "drop_ios" : 0,
        "slat_ns" : {
          "min" : 0,
          "max" : 0,
          "mean" : 0.000000,
          "stddev" : 0.000000,
          "N" : 0
        },
        "clat_ns" : {
          "min" : 0,
          "max" : 0,
          "mean" : 0.000000,
          "stddev" : 0.000000,
          "N" : 0
        },
        "lat_ns" : {
          "min" : 0,
          "max" : 0,
          "mean" : 0.000000,
          "stddev" : 0.000000,
          "N" : 0
        },
        "bw_min" : 0,
        "bw_max" : 0,
        "bw_agg" : 0.000000,
        "bw_mean" : 0.000000,
        "bw_dev" : 0.000000,
        "bw_samples" : 0,
        "iops_min" : 0,
        "iops_max" : 0,
        "iops_mean" : 0.000000,
        "iops_stddev" : 0.000000,
        "iops_samples" : 0
      },
      "sync" : {
        "total_ios" : 0,
        "lat_ns" : {
          "min" : 0,
          "max" : 0,
          "mean" : 0.000000,
          "stddev" : 0.000000,
          "N" : 0
        }
      },
      "job_runtime" : 23040044,
      "usr_cpu" : 56.610651,
      "sys_cpu" : 39.176162,
      "ctx" : 4919547,
      "majf" : 196631,
      "minf" : 41200115,
      "iodepth_level" : {
        "1" : 100.000000,
        "2" : 0.000000,
        "4" : 0.000000,
        "8" : 0.000000,
        "16" : 0.000000,
        "32" : 0.000000,
        ">=64" : 0.000000
      },
      "iodepth_submit" : {
        "0" : 0.000000,
        "4" : 100.000000,
        "8" : 0.000000,
        "16" : 0.000000,
        "32" : 0.000000,
        "64" : 0.000000,
        ">=64" : 0.000000
      },
      "iodepth_complete" : {
        "0" : 0.000000,
        "4" : 100.000000,
        "8" : 0.000000,
        "16" : 0.000000,
        "32" : 0.000000,
        "64" : 0.000000,
        ">=64" : 0.000000
      },
      "latency_ns" : {
        "2" : 0.000000,
        "4" : 0.000000,
        "10" : 0.000000,
        "20" : 0.000000,
        "50" : 0.000000,
        "100" : 0.010000,
        "250" : 0.058038,
        "500" : 3.502951,
        "750" : 41.582063,
        "1000" : 30.866701
      },
      "latency_us" : {
        "2" : 19.268307,
        "4" : 1.517930,
        "10" : 2.589972,
        "20" : 0.115812,
        "50" : 0.015923,
        "100" : 0.010000,
        "250" : 0.419495,
        "500" : 0.046304,
        "750" : 0.010000,
        "1000" : 0.010000
      },
      "latency_ms" : {
        "2" : 0.010000,
        "4" : 0.010000,
        "10" : 0.010000,
        "20" : 0.010000,
        "50" : 0.010000,
        "100" : 0.010000,
        "250" : 0.010000,
        "500" : 0.000000,
        "750" : 0.000000,
        "1000" : 0.000000,
        "2000" : 0.000000,
        ">=2000" : 0.000000
      },
      "latency_depth" : 1,
      "latency_target" : 0,
      "latency_percentile" : 100.000000,
      "latency_window" : 0
    }
  ],
  "disk_util" : [
    {
      "name" : "sda",
      "read_ios" : 196597,
      "write_ios" : 71994,
      "read_sectors" : 1573888,
      "write_sectors" : 10846648,
      "read_merges" : 139,
      "write_merges" : 716,
      "read_ticks" : 174371,
      "write_ticks" : 1698172,
      "in_queue" : 1872550,
      "util" : 13.632087
    }
  ]
}
