{
  "fio version" : "fio-3.40",
  "timestamp" : 1764704378,
  "timestamp_ms" : 1764704378368,
  "time" : "Tue Dec  2 20:39:38 2025",
  "global options" : {
    "group_reporting" : "",
    "ioengine" : "mmap",
    "size" : "768m",
    "thread" : "1",
    "directory" : "/tmp",
    "time_based" : "",
    "runtime" : "180",
    "filename" : "/tmp/fio_readwrite",
    "share_mmap" : "1",
    "repl" : "1"
  },
  "jobs" : [
    {
      "jobname" : "writers",
      "groupid" : 0,
      "job_start" : 1764704198280,
      "error" : 0,
      "eta" : 0,
      "elapsed" : 181,
      "job options" : {
        "rw" : "randread",
        "random_distribution" : "zipf",
        "numjobs" : "109"
      },
      "read" : {
        "io_bytes" : 32373844848640,
        "io_kbytes" : 31615082860,
        "bw_bytes" : 179852695240,
        "bw" : 175637397,
        "iops" : 43909349.423895,
        "runtime" : 180002,
        "total_ios" : 7903770715,
        "short_ios" : 0,
        "drop_ios" : 0,
        "slat_ns" : {
          "min" : 0,
          "max" : 0,
          "mean" : 0.000000,
          "stddev" : 0.000000,
          "N" : 0
        },
        "clat_ns" : {
          "min" : 72,
          "max" : 40195438,
          "mean" : 1413.164997,
          "stddev" : 14133.528811,
          "N" : 7903770715,
          "percentile" : {
            "1.000000" : 117,
            "5.000000" : 137,
            "10.000000" : 159,
            "20.000000" : 195,
            "30.000000" : 233,
            "40.000000" : 414,
            "50.000000" : 668,
            "60.000000" : 1020,
            "70.000000" : 1480,
            "80.000000" : 1960,
            "90.000000" : 2576,
            "95.000000" : 3088,
            "99.000000" : 4576,
            "99.500000" : 6304,
            "99.900000" : 189440,
            "99.950000" : 209920,
            "99.990000" : 337920
          }
        },
        "lat_ns" : {
          "min" : 91,
          "max" : 48137517,
          "mean" : 1568.437143,
          "stddev" : 14195.900116,
          "N" : 7903770715
        },
        "bw_min" : 53840,
        "bw_max" : 228926789,
        "bw_agg" : 100.000000,
        "bw_mean" : 177262750.426966,
        "bw_dev" : 316149.949972,
        "bw_samples" : 38804,
        "iops_min" : 13460,
        "iops_max" : 57231672,
        "iops_mean" : 44315658.640449,
        "iops_stddev" : 79037.456292,
        "iops_samples" : 38804
      },
      "write" : {
        "io_bytes" : 4802514296832,
        "io_kbytes" : 4689955368,
        "bw_bytes" : 26680190312,
        "bw" : 26054873,
        "iops" : 6513718.338028,
        "runtime" : 180003,
        "total_ios" : 1172488842,
        "short_ios" : 0,
        "drop_ios" : 0,
        "slat_ns" : {
          "min" : 0,
          "max" : 0,
          "mean" : 0.000000,
          "stddev" : 0.000000,
          "N" : 0
        },
        "clat_ns" : {
          "min" : 77,
          "max" : 34348559,
          "mean" : 2001.184894,
          "stddev" : 19676.854434,
          "N" : 1172488842,
          "percentile" : {
            "1.000000" : 114,
            "5.000000" : 126,
            "10.000000" : 145,
            "20.000000" : 185,
            "30.000000" : 225,
            "40.000000" : 470,
            "50.000000" : 988,
            "60.000000" : 1448,
            "70.000000" : 1816,
            "80.000000" : 2192,
            "90.000000" : 2672,
            "95.000000" : 3088,
            "99.000000" : 4448,
            "99.500000" : 9280,
            "99.900000" : 216064,
            "99.950000" : 252928,
            "99.990000" : 456704
          }
        },
        "lat_ns" : {
          "min" : 107,
          "max" : 34348619,
          "mean" : 2130.607885,
          "stddev" : 19694.121175,
          "N" : 1172488842
        },
        "bw_min" : 11312,
        "bw_max" : 38196929,
        "bw_agg" : 100.000000,
        "bw_mean" : 26292406.351124,
        "bw_dev" : 800154.338573,
        "bw_samples" : 6764,
        "iops_min" : 2828,
        "iops_max" : 9549234,
        "iops_mean" : 6573096.786517,
        "iops_stddev" : 200038.544955,
        "iops_samples" : 6764
      },
      "trim" : {
        "io_bytes" : 0,
        "io_kbytes" : 0,
        "bw_bytes" : 0,
        "bw" : 0,
        "iops" : 0.000000,
        "runtime" : 0,
        "total_ios" : 0,
        "short_ios" : 0,
        "drop_ios" : 0,
        "slat_ns" : {
          "min" : 0,
          "max" : 0,
          "mean" : 0.000000,
          "stddev" : 0.000000,
          "N" : 0
        },
        "clat_ns" : {
          "min" : 0,
          "max" : 0,
          "mean" : 0.000000,
          "stddev" : 0.000000,
          "N" : 0
        },
        "lat_ns" : {
          "min" : 0,
          "max" : 0,
          "mean" : 0.000000,
          "stddev" : 0.000000,
          "N" : 0
        },
        "bw_min" : 0,
        "bw_max" : 0,
        "bw_agg" : 0.000000,
        "bw_mean" : 0.000000,
        "bw_dev" : 0.000000,
        "bw_samples" : 0,
        "iops_min" : 0,
        "iops_max" : 0,
        "iops_mean" : 0.000000,
        "iops_stddev" : 0.000000,
        "iops_samples" : 0
      },
      "sync" : {
        "total_ios" : 0,
        "lat_ns" : {
          "min" : 0,
          "max" : 0,
          "mean" : 0.000000,
          "stddev" : 0.000000,
          "N" : 0
        }
      },
      "job_runtime" : 23040013,
      "usr_cpu" : 83.880352,
      "sys_cpu" : 13.398460,
      "ctx" : 983444,
      "majf" : 193605,
      "minf" : 14485910,
      "iodepth_level" : {
        "1" : 100.000000,
        "2" : 0.000000,
        "4" : 0.000000,
        "8" : 0.000000,
        "16" : 0.000000,
        "32" : 0.000000,
        ">=64" : 0.000000
      },
      "iodepth_submit" : {
        "0" : 0.000000,
        "4" : 100.000000,
        "8" : 0.000000,
        "16" : 0.000000,
        "32" : 0.000000,
        "64" : 0.000000,
        ">=64" : 0.000000
      },
      "iodepth_complete" : {
        "0" : 0.000000,
        "4" : 100.000000,
        "8" : 0.000000,
        "16" : 0.000000,
        "32" : 0.000000,
        "64" : 0.000000,
        ">=64" : 0.000000
      },
      "latency_ns" : {
        "2" : 0.000000,
        "4" : 0.000000,
        "10" : 0.000000,
        "20" : 0.000000,
        "50" : 0.000000,
        "100" : 0.010000,
        "250" : 31.734437,
        "500" : 11.022072,
        "750" : 8.960542,
        "1000" : 6.680756
      },
      "latency_us" : {
        "2" : 21.571422,
        "4" : 18.463429,
        "10" : 1.273239,
        "20" : 0.109918,
        "50" : 0.024623,
        "100" : 0.010000,
        "250" : 0.130989,
        "500" : 0.019574,
        "750" : 0.010000,
        "1000" : 0.010000
      },
      "latency_ms" : {
        "2" : 0.010000,
        "4" : 0.010000,
        "10" : 0.010000,
        "20" : 0.010000,
        "50" : 0.010000,
        "100" : 0.000000,
        "250" : 0.000000,
        "500" : 0.000000,
        "750" : 0.000000,
        "1000" : 0.000000,
        "2000" : 0.000000,
        ">=2000" : 0.000000
      },
      "latency_depth" : 1,
      "latency_target" : 0,
      "latency_percentile" : 100.000000,
      "latency_window" : 0
    }
  ],
  "disk_util" : [
    {
      "name" : "sda",
      "read_ios" : 193426,
      "write_ios" : 136808,
      "read_sectors" : 1549344,
      "write_sectors" : 4514960,
      "read_merges" : 242,
      "write_merges" : 664,
      "read_ticks" : 356182,
      "write_ticks" : 3846865,
      "in_queue" : 4203053,
      "util" : 6.660838
    }
  ]
}
