{
  "fio version" : "fio-3.40",
  "timestamp" : 1769902884,
  "timestamp_ms" : 1769902884045,
  "time" : "Sun Feb  1 00:41:24 2026",
  "global options" : {
    "group_reporting" : "",
    "ioengine" : "mmap",
    "size" : "768m",
    "thread" : "1",
    "directory" : "/tmp",
    "time_based" : "",
    "runtime" : "180",
    "norandommap" : "1",
    "filename" : "/tmp/fio_readwrite",
    "share_mmap" : "1",
    "repl" : "1"
  },
  "jobs" : [
    {
      "jobname" : "writers",
      "groupid" : 0,
      "job_start" : 1769902703877,
      "error" : 0,
      "eta" : 0,
      "elapsed" : 181,
      "job options" : {
        "rw" : "randread",
        "random_distribution" : "random",
        "numjobs" : "102"
      },
      "read" : {
        "io_bytes" : 13715375968256,
        "io_kbytes" : 13393921844,
        "bw_bytes" : 76194839938,
        "bw" : 74409023,
        "iops" : 18602255.844315,
        "runtime" : 180004,
        "total_ios" : 3348480461,
        "short_ios" : 0,
        "drop_ios" : 0,
        "slat_ns" : {
          "min" : 0,
          "max" : 0,
          "mean" : 0.000000,
          "stddev" : 0.000000,
          "N" : 0
        },
        "clat_ns" : {
          "min" : 80,
          "max" : 128317419,
          "mean" : 4673.372669,
          "stddev" : 34947.023032,
          "N" : 3348480461,
          "percentile" : {
            "1.000000" : 398,
            "5.000000" : 462,
            "10.000000" : 486,
            "20.000000" : 516,
            "30.000000" : 548,
            "40.000000" : 588,
            "50.000000" : 644,
            "60.000000" : 716,
            "70.000000" : 780,
            "80.000000" : 868,
            "90.000000" : 1064,
            "95.000000" : 2768,
            "99.000000" : 207872,
            "99.500000" : 232448,
            "99.900000" : 395264,
            "99.950000" : 456704,
            "99.990000" : 675840
          }
        },
        "lat_ns" : {
          "min" : 103,
          "max" : 128317456,
          "mean" : 4731.945151,
          "stddev" : 34974.380335,
          "N" : 3348480461
        },
        "bw_min" : 3438773,
        "bw_max" : 100465169,
        "bw_agg" : 100.000000,
        "bw_mean" : 78968103.651777,
        "bw_dev" : 123011.947559,
        "bw_samples" : 34570,
        "iops_min" : 859688,
        "iops_max" : 25116285,
        "iops_mean" : 19742009.323852,
        "iops_stddev" : 30752.984087,
        "iops_samples" : 34570
      },
      "write" : {
        "io_bytes" : 74242588672,
        "io_kbytes" : 72502528,
        "bw_bytes" : 412454243,
        "bw" : 402787,
        "iops" : 100696.836702,
        "runtime" : 180002,
        "total_ios" : 18125632,
        "short_ios" : 0,
        "drop_ios" : 0,
        "slat_ns" : {
          "min" : 0,
          "max" : 0,
          "mean" : 0.000000,
          "stddev" : 0.000000,
          "N" : 0
        },
        "clat_ns" : {
          "min" : 122,
          "max" : 9487166,
          "mean" : 249112.736759,
          "stddev" : 139647.423927,
          "N" : 18125632,
          "percentile" : {
            "1.000000" : 60160,
            "5.000000" : 150528,
            "10.000000" : 189440,
            "20.000000" : 199680,
            "30.000000" : 205824,
            "40.000000" : 209920,
            "50.000000" : 216064,
            "60.000000" : 224256,
            "70.000000" : 234496,
            "80.000000" : 264192,
            "90.000000" : 370688,
            "95.000000" : 432128,
            "99.000000" : 684032,
            "99.500000" : 929792,
            "99.900000" : 1712128,
            "99.950000" : 2277376,
            "99.990000" : 4292608
          }
        },
        "lat_ns" : {
          "min" : 174,
          "max" : 9487264,
          "mean" : 249248.206952,
          "stddev" : 139649.388692,
          "N" : 18125632
        },
        "bw_min" : 108627,
        "bw_max" : 809702,
        "bw_agg" : 100.000000,
        "bw_mean" : 415667.978184,
        "bw_dev" : 2830.147895,
        "bw_samples" : 9046,
        "iops_min" : 27155,
        "iops_max" : 202424,
        "iops_mean" : 103914.116821,
        "iops_stddev" : 707.533120,
        "iops_samples" : 9046
      },
      "trim" : {
        "io_bytes" : 0,
        "io_kbytes" : 0,
        "bw_bytes" : 0,
        "bw" : 0,
        "iops" : 0.000000,
        "runtime" : 0,
        "total_ios" : 0,
        "short_ios" : 0,
        "drop_ios" : 0,
        "slat_ns" : {
          "min" : 0,
          "max" : 0,
          "mean" : 0.000000,
          "stddev" : 0.000000,
          "N" : 0
        },
        "clat_ns" : {
          "min" : 0,
          "max" : 0,
          "mean" : 0.000000,
          "stddev" : 0.000000,
          "N" : 0
        },
        "lat_ns" : {
          "min" : 0,
          "max" : 0,
          "mean" : 0.000000,
          "stddev" : 0.000000,
          "N" : 0
        },
        "bw_min" : 0,
        "bw_max" : 0,
        "bw_agg" : 0.000000,
        "bw_mean" : 0.000000,
        "bw_dev" : 0.000000,
        "bw_samples" : 0,
        "iops_min" : 0,
        "iops_max" : 0,
        "iops_mean" : 0.000000,
        "iops_stddev" : 0.000000,
        "iops_samples" : 0
      },
      "sync" : {
        "total_ios" : 0,
        "lat_ns" : {
          "min" : 0,
          "max" : 0,
          "mean" : 0.000000,
          "stddev" : 0.000000,
          "N" : 0
        }
      },
      "job_runtime" : 23040047,
      "usr_cpu" : 20.022880,
      "sys_cpu" : 75.556526,
      "ctx" : 4940829,
      "majf" : 196632,
      "minf" : 70519337,
      "iodepth_level" : {
        "1" : 100.000000,
        "2" : 0.000000,
        "4" : 0.000000,
        "8" : 0.000000,
        "16" : 0.000000,
        "32" : 0.000000,
        ">=64" : 0.000000
      },
      "iodepth_submit" : {
        "0" : 0.000000,
        "4" : 100.000000,
        "8" : 0.000000,
        "16" : 0.000000,
        "32" : 0.000000,
        "64" : 0.000000,
        ">=64" : 0.000000
      },
      "iodepth_complete" : {
        "0" : 0.000000,
        "4" : 100.000000,
        "8" : 0.000000,
        "16" : 0.000000,
        "32" : 0.000000,
        "64" : 0.000000,
        ">=64" : 0.000000
      },
      "latency_ns" : {
        "2" : 0.000000,
        "4" : 0.000000,
        "10" : 0.000000,
        "20" : 0.000000,
        "50" : 0.000000,
        "100" : 0.010000,
        "250" : 0.068749,
        "500" : 14.659612,
        "750" : 49.983594,
        "1000" : 22.680880
      },
      "latency_us" : {
        "2" : 6.953774,
        "4" : 1.243113,
        "10" : 2.201627,
        "20" : 0.114979,
        "50" : 0.010000,
        "100" : 0.023047,
        "250" : 1.581030,
        "500" : 0.429212,
        "750" : 0.040429,
        "1000" : 0.010000
      },
      "latency_ms" : {
        "2" : 0.010000,
        "4" : 0.010000,
        "10" : 0.010000,
        "20" : 0.010000,
        "50" : 0.010000,
        "100" : 0.010000,
        "250" : 0.010000,
        "500" : 0.000000,
        "750" : 0.000000,
        "1000" : 0.000000,
        "2000" : 0.000000,
        ">=2000" : 0.000000
      },
      "latency_depth" : 1,
      "latency_target" : 0,
      "latency_percentile" : 100.000000,
      "latency_window" : 0
    }
  ],
  "disk_util" : [
    {
      "name" : "sda",
      "read_ios" : 196622,
      "write_ios" : 67155,
      "read_sectors" : 1573872,
      "write_sectors" : 9642304,
      "read_merges" : 112,
      "write_merges" : 691,
      "read_ticks" : 171038,
      "write_ticks" : 35338890,
      "in_queue" : 35509933,
      "util" : 8.914865
    }
  ]
}
