{
  "fio version" : "fio-3.40",
  "timestamp" : 1770006045,
  "timestamp_ms" : 1770006045958,
  "time" : "Mon Feb  2 05:20:45 2026",
  "global options" : {
    "group_reporting" : "",
    "ioengine" : "mmap",
    "size" : "768m",
    "thread" : "1",
    "directory" : "/tmp",
    "time_based" : "",
    "runtime" : "180",
    "norandommap" : "1",
    "filename" : "/tmp/fio_readwrite",
    "share_mmap" : "1",
    "repl" : "1"
  },
  "jobs" : [
    {
      "jobname" : "writers",
      "groupid" : 0,
      "job_start" : 1770005865781,
      "error" : 0,
      "eta" : 0,
      "elapsed" : 181,
      "job options" : {
        "rw" : "randread",
        "random_distribution" : "random",
        "numjobs" : "64"
      },
      "read" : {
        "io_bytes" : 8813790318592,
        "io_kbytes" : 8607217108,
        "bw_bytes" : 48964141654,
        "bw" : 47816544,
        "iops" : 11954136.146218,
        "runtime" : 180005,
        "total_ios" : 2151804277,
        "short_ios" : 0,
        "drop_ios" : 0,
        "slat_ns" : {
          "min" : 0,
          "max" : 0,
          "mean" : 0.000000,
          "stddev" : 0.000000,
          "N" : 0
        },
        "clat_ns" : {
          "min" : 79,
          "max" : 212063010,
          "mean" : 4259.607855,
          "stddev" : 17817.422053,
          "N" : 2151804277,
          "percentile" : {
            "1.000000" : 1592,
            "5.000000" : 2160,
            "10.000000" : 2512,
            "20.000000" : 2960,
            "30.000000" : 3312,
            "40.000000" : 3632,
            "50.000000" : 3952,
            "60.000000" : 4256,
            "70.000000" : 4640,
            "80.000000" : 5088,
            "90.000000" : 5856,
            "95.000000" : 6560,
            "99.000000" : 9280,
            "99.500000" : 12608,
            "99.900000" : 20352,
            "99.950000" : 22144,
            "99.990000" : 33024
          }
        },
        "lat_ns" : {
          "min" : 102,
          "max" : 212063039,
          "mean" : 4404.735803,
          "stddev" : 17914.253427,
          "N" : 2151804277
        },
        "bw_min" : 40672,
        "bw_max" : 55667711,
        "bw_agg" : 100.000000,
        "bw_mean" : 48259780.515493,
        "bw_dev" : 115351.226482,
        "bw_samples" : 22720,
        "iops_min" : 10168,
        "iops_max" : 13916910,
        "iops_mean" : 12064923.938028,
        "iops_stddev" : 28837.800089,
        "iops_samples" : 22720
      },
      "write" : {
        "io_bytes" : 8614510972928,
        "io_kbytes" : 8412608372,
        "bw_bytes" : 47857064931,
        "bw" : 46735414,
        "iops" : 11683853.742952,
        "runtime" : 180005,
        "total_ios" : 2103152093,
        "short_ios" : 0,
        "drop_ios" : 0,
        "slat_ns" : {
          "min" : 0,
          "max" : 0,
          "mean" : 0.000000,
          "stddev" : 0.000000,
          "N" : 0
        },
        "clat_ns" : {
          "min" : 80,
          "max" : 28051738,
          "mean" : 4205.134558,
          "stddev" : 19336.779802,
          "N" : 2103152093,
          "percentile" : {
            "1.000000" : 1528,
            "5.000000" : 2096,
            "10.000000" : 2416,
            "20.000000" : 2832,
            "30.000000" : 3152,
            "40.000000" : 3472,
            "50.000000" : 3792,
            "60.000000" : 4128,
            "70.000000" : 4512,
            "80.000000" : 4960,
            "90.000000" : 5600,
            "95.000000" : 6304,
            "99.000000" : 9024,
            "99.500000" : 12864,
            "99.900000" : 21120,
            "99.950000" : 27776,
            "99.990000" : 399360
          }
        },
        "lat_ns" : {
          "min" : 112,
          "max" : 28052165,
          "mean" : 4361.645571,
          "stddev" : 19459.154077,
          "N" : 2103152093
        },
        "bw_min" : 37656,
        "bw_max" : 56568996,
        "bw_agg" : 100.000000,
        "bw_mean" : 47168654.963380,
        "bw_dev" : 116880.284679,
        "bw_samples" : 22720,
        "iops_min" : 9414,
        "iops_max" : 14142242,
        "iops_mean" : 11792143.219718,
        "iops_stddev" : 29220.068059,
        "iops_samples" : 22720
      },
      "trim" : {
        "io_bytes" : 0,
        "io_kbytes" : 0,
        "bw_bytes" : 0,
        "bw" : 0,
        "iops" : 0.000000,
        "runtime" : 0,
        "total_ios" : 0,
        "short_ios" : 0,
        "drop_ios" : 0,
        "slat_ns" : {
          "min" : 0,
          "max" : 0,
          "mean" : 0.000000,
          "stddev" : 0.000000,
          "N" : 0
        },
        "clat_ns" : {
          "min" : 0,
          "max" : 0,
          "mean" : 0.000000,
          "stddev" : 0.000000,
          "N" : 0
        },
        "lat_ns" : {
          "min" : 0,
          "max" : 0,
          "mean" : 0.000000,
          "stddev" : 0.000000,
          "N" : 0
        },
        "bw_min" : 0,
        "bw_max" : 0,
        "bw_agg" : 0.000000,
        "bw_mean" : 0.000000,
        "bw_dev" : 0.000000,
        "bw_samples" : 0,
        "iops_min" : 0,
        "iops_max" : 0,
        "iops_mean" : 0.000000,
        "iops_stddev" : 0.000000,
        "iops_samples" : 0
      },
      "sync" : {
        "total_ios" : 0,
        "lat_ns" : {
          "min" : 0,
          "max" : 0,
          "mean" : 0.000000,
          "stddev" : 0.000000,
          "N" : 0
        }
      },
      "job_runtime" : 23040116,
      "usr_cpu" : 95.875116,
      "sys_cpu" : 0.865651,
      "ctx" : 738511,
      "majf" : 196671,
      "minf" : 769125,
      "iodepth_level" : {
        "1" : 100.000000,
        "2" : 0.000000,
        "4" : 0.000000,
        "8" : 0.000000,
        "16" : 0.000000,
        "32" : 0.000000,
        ">=64" : 0.000000
      },
      "iodepth_submit" : {
        "0" : 0.000000,
        "4" : 100.000000,
        "8" : 0.000000,
        "16" : 0.000000,
        "32" : 0.000000,
        "64" : 0.000000,
        ">=64" : 0.000000
      },
      "iodepth_complete" : {
        "0" : 0.000000,
        "4" : 100.000000,
        "8" : 0.000000,
        "16" : 0.000000,
        "32" : 0.000000,
        "64" : 0.000000,
        ">=64" : 0.000000
      },
      "latency_ns" : {
        "2" : 0.000000,
        "4" : 0.000000,
        "10" : 0.000000,
        "20" : 0.000000,
        "50" : 0.000000,
        "100" : 0.010000,
        "250" : 0.033534,
        "500" : 0.017347,
        "750" : 0.037330,
        "1000" : 0.087947
      },
      "latency_us" : {
        "2" : 3.472807,
        "4" : 50.306275,
        "10" : 45.192759,
        "20" : 0.721923,
        "50" : 0.108530,
        "100" : 0.010000,
        "250" : 0.010000,
        "500" : 0.010982,
        "750" : 0.010000,
        "1000" : 0.010000
      },
      "latency_ms" : {
        "2" : 0.010000,
        "4" : 0.010000,
        "10" : 0.010000,
        "20" : 0.010000,
        "50" : 0.010000,
        "100" : 0.000000,
        "250" : 0.010000,
        "500" : 0.000000,
        "750" : 0.000000,
        "1000" : 0.000000,
        "2000" : 0.000000,
        ">=2000" : 0.000000
      },
      "latency_depth" : 1,
      "latency_target" : 0,
      "latency_percentile" : 100.000000,
      "latency_window" : 0
    }
  ],
  "disk_util" : [
    {
      "name" : "sda",
      "read_ios" : 196509,
      "write_ios" : 91162,
      "read_sectors" : 1573944,
      "write_sectors" : 6064864,
      "read_merges" : 233,
      "write_merges" : 10596,
      "read_ticks" : 351447,
      "write_ticks" : 15540235,
      "in_queue" : 15891694,
      "util" : 6.426981
    }
  ]
}
