{
  "fio version" : "fio-3.40",
  "timestamp" : 1764705103,
  "timestamp_ms" : 1764705103139,
  "time" : "Tue Dec  2 20:51:43 2025",
  "global options" : {
    "group_reporting" : "",
    "ioengine" : "mmap",
    "size" : "768m",
    "thread" : "1",
    "directory" : "/tmp",
    "time_based" : "",
    "runtime" : "180",
    "filename" : "/tmp/fio_readwrite",
    "share_mmap" : "1",
    "repl" : "1"
  },
  "jobs" : [
    {
      "jobname" : "writers",
      "groupid" : 0,
      "job_start" : 1764704922936,
      "error" : 0,
      "eta" : 0,
      "elapsed" : 181,
      "job options" : {
        "rw" : "randread",
        "random_distribution" : "zipf",
        "numjobs" : "90"
      },
      "read" : {
        "io_bytes" : 21969673543680,
        "io_kbytes" : 21454759320,
        "bw_bytes" : 122052385771,
        "bw" : 119191782,
        "iops" : 29797945.745047,
        "runtime" : 180002,
        "total_ios" : 5363689830,
        "short_ios" : 0,
        "drop_ios" : 0,
        "slat_ns" : {
          "min" : 0,
          "max" : 0,
          "mean" : 0.000000,
          "stddev" : 0.000000,
          "N" : 0
        },
        "clat_ns" : {
          "min" : 70,
          "max" : 32040760,
          "mean" : 1743.479836,
          "stddev" : 13446.028538,
          "N" : 5363689830,
          "percentile" : {
            "1.000000" : 114,
            "5.000000" : 129,
            "10.000000" : 149,
            "20.000000" : 193,
            "30.000000" : 262,
            "40.000000" : 580,
            "50.000000" : 1048,
            "60.000000" : 1544,
            "70.000000" : 1992,
            "80.000000" : 2448,
            "90.000000" : 3056,
            "95.000000" : 3600,
            "99.000000" : 4896,
            "99.500000" : 5856,
            "99.900000" : 209920,
            "99.950000" : 236544,
            "99.990000" : 423936
          }
        },
        "lat_ns" : {
          "min" : 89,
          "max" : 32040793,
          "mean" : 1941.223841,
          "stddev" : 13488.620968,
          "N" : 5363689830
        },
        "bw_min" : 263070,
        "bw_max" : 161837072,
        "bw_agg" : 100.000000,
        "bw_mean" : 121290215.974432,
        "bw_dev" : 388862.415289,
        "bw_samples" : 31680,
        "iops_min" : 65759,
        "iops_max" : 40459244,
        "iops_mean" : 30322528.707386,
        "iops_stddev" : 97215.583909,
        "iops_samples" : 31680
      },
      "write" : {
        "io_bytes" : 9878782521344,
        "io_kbytes" : 9647248556,
        "bw_bytes" : 54881515323,
        "bw" : 53595229,
        "iops" : 13398807.452139,
        "runtime" : 180002,
        "total_ios" : 2411812139,
        "short_ios" : 0,
        "drop_ios" : 0,
        "slat_ns" : {
          "min" : 0,
          "max" : 0,
          "mean" : 0.000000,
          "stddev" : 0.000000,
          "N" : 0
        },
        "clat_ns" : {
          "min" : 75,
          "max" : 16244175,
          "mean" : 1727.788691,
          "stddev" : 14524.559592,
          "N" : 2411812139,
          "percentile" : {
            "1.000000" : 113,
            "5.000000" : 129,
            "10.000000" : 149,
            "20.000000" : 195,
            "30.000000" : 249,
            "40.000000" : 580,
            "50.000000" : 1096,
            "60.000000" : 1528,
            "70.000000" : 1896,
            "80.000000" : 2288,
            "90.000000" : 2832,
            "95.000000" : 3312,
            "99.000000" : 4512,
            "99.500000" : 5472,
            "99.900000" : 214016,
            "99.950000" : 254976,
            "99.990000" : 493568
          }
        },
        "lat_ns" : {
          "min" : 106,
          "max" : 16244253,
          "mean" : 1882.427336,
          "stddev" : 14570.450924,
          "N" : 2411812139
        },
        "bw_min" : 141514,
        "bw_max" : 71942704,
        "bw_agg" : 100.000000,
        "bw_mean" : 54531738.056818,
        "bw_dev" : 584346.526992,
        "bw_samples" : 13376,
        "iops_min" : 35374,
        "iops_max" : 17985666,
        "iops_mean" : 13632926.227273,
        "iops_stddev" : 146086.633640,
        "iops_samples" : 13376
      },
      "trim" : {
        "io_bytes" : 0,
        "io_kbytes" : 0,
        "bw_bytes" : 0,
        "bw" : 0,
        "iops" : 0.000000,
        "runtime" : 0,
        "total_ios" : 0,
        "short_ios" : 0,
        "drop_ios" : 0,
        "slat_ns" : {
          "min" : 0,
          "max" : 0,
          "mean" : 0.000000,
          "stddev" : 0.000000,
          "N" : 0
        },
        "clat_ns" : {
          "min" : 0,
          "max" : 0,
          "mean" : 0.000000,
          "stddev" : 0.000000,
          "N" : 0
        },
        "lat_ns" : {
          "min" : 0,
          "max" : 0,
          "mean" : 0.000000,
          "stddev" : 0.000000,
          "N" : 0
        },
        "bw_min" : 0,
        "bw_max" : 0,
        "bw_agg" : 0.000000,
        "bw_mean" : 0.000000,
        "bw_dev" : 0.000000,
        "bw_samples" : 0,
        "iops_min" : 0,
        "iops_max" : 0,
        "iops_mean" : 0.000000,
        "iops_stddev" : 0.000000,
        "iops_samples" : 0
      },
      "sync" : {
        "total_ios" : 0,
        "lat_ns" : {
          "min" : 0,
          "max" : 0,
          "mean" : 0.000000,
          "stddev" : 0.000000,
          "N" : 0
        }
      },
      "job_runtime" : 23040005,
      "usr_cpu" : 84.769782,
      "sys_cpu" : 12.464858,
      "ctx" : 1171686,
      "majf" : 170636,
      "minf" : 11211486,
      "iodepth_level" : {
        "1" : 100.000000,
        "2" : 0.000000,
        "4" : 0.000000,
        "8" : 0.000000,
        "16" : 0.000000,
        "32" : 0.000000,
        ">=64" : 0.000000
      },
      "iodepth_submit" : {
        "0" : 0.000000,
        "4" : 100.000000,
        "8" : 0.000000,
        "16" : 0.000000,
        "32" : 0.000000,
        "64" : 0.000000,
        ">=64" : 0.000000
      },
      "iodepth_complete" : {
        "0" : 0.000000,
        "4" : 100.000000,
        "8" : 0.000000,
        "16" : 0.000000,
        "32" : 0.000000,
        "64" : 0.000000,
        ">=64" : 0.000000
      },
      "latency_ns" : {
        "2" : 0.000000,
        "4" : 0.000000,
        "10" : 0.000000,
        "20" : 0.000000,
        "50" : 0.000000,
        "100" : 0.010000,
        "250" : 29.491137,
        "500" : 8.464578,
        "750" : 5.863398,
        "1000" : 4.929387
      },
      "latency_us" : {
        "2" : 22.295027,
        "4" : 26.408463,
        "10" : 2.332118,
        "20" : 0.041388,
        "50" : 0.027650,
        "100" : 0.010000,
        "250" : 0.097784,
        "500" : 0.036227,
        "750" : 0.010000,
        "1000" : 0.010000
      },
      "latency_ms" : {
        "2" : 0.010000,
        "4" : 0.010000,
        "10" : 0.010000,
        "20" : 0.010000,
        "50" : 0.010000,
        "100" : 0.000000,
        "250" : 0.000000,
        "500" : 0.000000,
        "750" : 0.000000,
        "1000" : 0.000000,
        "2000" : 0.000000,
        ">=2000" : 0.000000
      },
      "latency_depth" : 1,
      "latency_target" : 0,
      "latency_percentile" : 100.000000,
      "latency_window" : 0
    }
  ],
  "disk_util" : [
    {
      "name" : "sda",
      "read_ios" : 170501,
      "write_ios" : 139085,
      "read_sectors" : 1365640,
      "write_sectors" : 2727728,
      "read_merges" : 204,
      "write_merges" : 2441,
      "read_ticks" : 239240,
      "write_ticks" : 20825037,
      "in_queue" : 21064284,
      "util" : 3.800813
    }
  ]
}
