{
  "fio version" : "fio-3.40",
  "timestamp" : 1756991743,
  "timestamp_ms" : 1756991743073,
  "time" : "Thu Sep  4 15:15:43 2025",
  "global options" : {
    "group_reporting" : "",
    "ioengine" : "mmap",
    "size" : "128m",
    "numjobs" : "128",
    "thread" : "1",
    "directory" : "/tmp",
    "time_based" : "",
    "runtime" : "30",
    "filename" : "/tmp/fio_readwrite",
    "share_mmap" : "1",
    "repl" : "1"
  },
  "jobs" : [
    {
      "jobname" : "writers",
      "groupid" : 0,
      "job_start" : 1756991709427,
      "error" : 0,
      "eta" : 0,
      "elapsed" : 34,
      "job options" : {
        "rw" : "randread",
        "random_distribution" : "random",
        "numjobs" : "64"
      },
      "read" : {
        "io_bytes" : 28454420480,
        "io_kbytes" : 27787520,
        "bw_bytes" : 852362594,
        "bw" : 832385,
        "iops" : 208096.336459,
        "runtime" : 33383,
        "total_ios" : 6946880,
        "short_ios" : 0,
        "drop_ios" : 0,
        "slat_ns" : {
          "min" : 0,
          "max" : 0,
          "mean" : 0.000000,
          "stddev" : 0.000000,
          "N" : 0
        },
        "clat_ns" : {
          "min" : 130,
          "max" : 45091908,
          "mean" : 170665.603897,
          "stddev" : 320152.387829,
          "N" : 6946880,
          "percentile" : {
            "1.000000" : 294,
            "5.000000" : 386,
            "10.000000" : 430,
            "20.000000" : 516,
            "30.000000" : 620,
            "40.000000" : 748,
            "50.000000" : 924,
            "60.000000" : 56064,
            "70.000000" : 164864,
            "80.000000" : 292864,
            "90.000000" : 561152,
            "95.000000" : 831488,
            "99.000000" : 1466368,
            "99.500000" : 1744896,
            "99.900000" : 2375680,
            "99.950000" : 2670592,
            "99.990000" : 3358720
          }
        },
        "lat_ns" : {
          "min" : 161,
          "max" : 45091950,
          "mean" : 170730.946272,
          "stddev" : 320154.680387,
          "N" : 6946880
        },
        "bw_min" : 288797,
        "bw_max" : 11856432,
        "bw_agg" : 100.000000,
        "bw_mean" : 1400352.170802,
        "bw_dev" : 29072.657070,
        "bw_samples" : 2534,
        "iops_min" : 72188,
        "iops_max" : 2964108,
        "iops_mean" : 350074.703480,
        "iops_stddev" : 7268.205216,
        "iops_samples" : 2534
      },
      "write" : {
        "io_bytes" : 17180131328,
        "io_kbytes" : 16777472,
        "bw_bytes" : 514621714,
        "bw" : 502560,
        "iops" : 125640.067098,
        "runtime" : 33384,
        "total_ios" : 4194368,
        "short_ios" : 0,
        "drop_ios" : 0,
        "slat_ns" : {
          "min" : 0,
          "max" : 0,
          "mean" : 0.000000,
          "stddev" : 0.000000,
          "N" : 0
        },
        "clat_ns" : {
          "min" : 146,
          "max" : 36491121,
          "mean" : 392382.207671,
          "stddev" : 375925.446350,
          "N" : 4194368,
          "percentile" : {
            "1.000000" : 394,
            "5.000000" : 532,
            "10.000000" : 748,
            "20.000000" : 144384,
            "30.000000" : 183296,
            "40.000000" : 232448,
            "50.000000" : 309248,
            "60.000000" : 358400,
            "70.000000" : 460800,
            "80.000000" : 602112,
            "90.000000" : 856064,
            "95.000000" : 1122304,
            "99.000000" : 1744896,
            "99.500000" : 2023424,
            "99.900000" : 2736128,
            "99.950000" : 3096576,
            "99.990000" : 4177920
          }
        },
        "lat_ns" : {
          "min" : 200,
          "max" : 36491179,
          "mean" : 392495.254621,
          "stddev" : 375928.482487,
          "N" : 4194368
        },
        "bw_min" : 168244,
        "bw_max" : 1566775,
        "bw_agg" : 100.000000,
        "bw_mean" : 631485.195293,
        "bw_dev" : 4642.982143,
        "bw_samples" : 3399,
        "iops_min" : 42055,
        "iops_max" : 391690,
        "iops_mean" : 157860.515782,
        "iops_stddev" : 1160.766732,
        "iops_samples" : 3399
      },
      "trim" : {
        "io_bytes" : 0,
        "io_kbytes" : 0,
        "bw_bytes" : 0,
        "bw" : 0,
        "iops" : 0.000000,
        "runtime" : 0,
        "total_ios" : 0,
        "short_ios" : 0,
        "drop_ios" : 0,
        "slat_ns" : {
          "min" : 0,
          "max" : 0,
          "mean" : 0.000000,
          "stddev" : 0.000000,
          "N" : 0
        },
        "clat_ns" : {
          "min" : 0,
          "max" : 0,
          "mean" : 0.000000,
          "stddev" : 0.000000,
          "N" : 0
        },
        "lat_ns" : {
          "min" : 0,
          "max" : 0,
          "mean" : 0.000000,
          "stddev" : 0.000000,
          "N" : 0
        },
        "bw_min" : 0,
        "bw_max" : 0,
        "bw_agg" : 0.000000,
        "bw_mean" : 0.000000,
        "bw_dev" : 0.000000,
        "bw_samples" : 0,
        "iops_min" : 0,
        "iops_max" : 0,
        "iops_mean" : 0.000000,
        "iops_stddev" : 0.000000,
        "iops_samples" : 0
      },
      "sync" : {
        "total_ios" : 0,
        "lat_ns" : {
          "min" : 0,
          "max" : 0,
          "mean" : 0.000000,
          "stddev" : 0.000000,
          "N" : 0
        }
      },
      "job_runtime" : 4252964,
      "usr_cpu" : 0.608917,
      "sys_cpu" : 78.335862,
      "ctx" : 3177082,
      "majf" : 32799,
      "minf" : 6396998,
      "iodepth_level" : {
        "1" : 100.000000,
        "2" : 0.000000,
        "4" : 0.000000,
        "8" : 0.000000,
        "16" : 0.000000,
        "32" : 0.000000,
        ">=64" : 0.000000
      },
      "iodepth_submit" : {
        "0" : 0.000000,
        "4" : 100.000000,
        "8" : 0.000000,
        "16" : 0.000000,
        "32" : 0.000000,
        "64" : 0.000000,
        ">=64" : 0.000000
      },
      "iodepth_complete" : {
        "0" : 0.000000,
        "4" : 100.000000,
        "8" : 0.000000,
        "16" : 0.000000,
        "32" : 0.000000,
        "64" : 0.000000,
        ">=64" : 0.000000
      },
      "latency_ns" : {
        "2" : 0.000000,
        "4" : 0.000000,
        "10" : 0.000000,
        "20" : 0.000000,
        "50" : 0.000000,
        "100" : 0.000000,
        "250" : 0.275903,
        "500" : 12.556547,
        "750" : 15.997535,
        "1000" : 8.828697
      },
      "latency_us" : {
        "2" : 2.924672,
        "4" : 1.168792,
        "10" : 0.575636,
        "20" : 0.089541,
        "50" : 0.365596,
        "100" : 2.836289,
        "250" : 18.790920,
        "500" : 18.345386,
        "750" : 8.395855,
        "1000" : 4.261210
      },
      "latency_ms" : {
        "2" : 4.225433,
        "4" : 0.355310,
        "10" : 0.010000,
        "20" : 0.010000,
        "50" : 0.010000,
        "100" : 0.000000,
        "250" : 0.000000,
        "500" : 0.000000,
        "750" : 0.000000,
        "1000" : 0.000000,
        "2000" : 0.000000,
        ">=2000" : 0.000000
      },
      "latency_depth" : 1,
      "latency_target" : 0,
      "latency_percentile" : 100.000000,
      "latency_window" : 0
    }
  ],
  "disk_util" : [
    {
      "name" : "sda",
      "read_ios" : 32766,
      "write_ios" : 77490,
      "read_sectors" : 262592,
      "write_sectors" : 4278112,
      "read_merges" : 58,
      "write_merges" : 1165,
      "read_ticks" : 28335,
      "write_ticks" : 76990,
      "in_queue" : 105327,
      "util" : 42.647546
    }
  ]
}
