{
  "fio version" : "fio-3.40",
  "timestamp" : 1764796238,
  "timestamp_ms" : 1764796238461,
  "time" : "Wed Dec  3 22:10:38 2025",
  "global options" : {
    "group_reporting" : "",
    "ioengine" : "mmap",
    "size" : "768m",
    "thread" : "1",
    "directory" : "/tmp",
    "time_based" : "",
    "runtime" : "180",
    "norandommap" : "1",
    "filename" : "/tmp/fio_readwrite",
    "share_mmap" : "1",
    "repl" : "1"
  },
  "jobs" : [
    {
      "jobname" : "writers",
      "groupid" : 0,
      "job_start" : 1764796058292,
      "error" : 0,
      "eta" : 0,
      "elapsed" : 181,
      "job options" : {
        "rw" : "randread",
        "random_distribution" : "random",
        "numjobs" : "102"
      },
      "read" : {
        "io_bytes" : 12950381064192,
        "io_kbytes" : 12646856508,
        "bw_bytes" : 71944962690,
        "bw" : 70258752,
        "iops" : 17564688.156930,
        "runtime" : 180004,
        "total_ios" : 3161714127,
        "short_ios" : 0,
        "drop_ios" : 0,
        "slat_ns" : {
          "min" : 0,
          "max" : 0,
          "mean" : 0.000000,
          "stddev" : 0.000000,
          "N" : 0
        },
        "clat_ns" : {
          "min" : 89,
          "max" : 76268142,
          "mean" : 4988.423143,
          "stddev" : 36018.354796,
          "N" : 3161714127,
          "percentile" : {
            "1.000000" : 402,
            "5.000000" : 470,
            "10.000000" : 494,
            "20.000000" : 524,
            "30.000000" : 564,
            "40.000000" : 612,
            "50.000000" : 684,
            "60.000000" : 764,
            "70.000000" : 852,
            "80.000000" : 1012,
            "90.000000" : 1320,
            "95.000000" : 3248,
            "99.000000" : 211968,
            "99.500000" : 234496,
            "99.900000" : 403456,
            "99.950000" : 464896,
            "99.990000" : 692224
          }
        },
        "lat_ns" : {
          "min" : 113,
          "max" : 76268186,
          "mean" : 5047.630019,
          "stddev" : 36041.359194,
          "N" : 3161714127
        },
        "bw_min" : 3055972,
        "bw_max" : 89191912,
        "bw_agg" : 100.000000,
        "bw_mean" : 74403075.933019,
        "bw_dev" : 135784.897993,
        "bw_samples" : 34638,
        "iops_min" : 763990,
        "iops_max" : 22297962,
        "iops_mean" : 18600749.780893,
        "iops_stddev" : 33946.223160,
        "iops_samples" : 34638
      },
      "write" : {
        "io_bytes" : 73005719552,
        "io_kbytes" : 71294648,
        "bw_bytes" : 405580571,
        "bw" : 396074,
        "iops" : 99018.694133,
        "runtime" : 180003,
        "total_ios" : 17823662,
        "short_ios" : 0,
        "drop_ios" : 0,
        "slat_ns" : {
          "min" : 0,
          "max" : 0,
          "mean" : 0.000000,
          "stddev" : 0.000000,
          "N" : 0
        },
        "clat_ns" : {
          "min" : 149,
          "max" : 20331092,
          "mean" : 251129.108549,
          "stddev" : 132579.739222,
          "N" : 17823662,
          "percentile" : {
            "1.000000" : 93696,
            "5.000000" : 173056,
            "10.000000" : 193536,
            "20.000000" : 201728,
            "30.000000" : 207872,
            "40.000000" : 211968,
            "50.000000" : 218112,
            "60.000000" : 224256,
            "70.000000" : 234496,
            "80.000000" : 264192,
            "90.000000" : 374784,
            "95.000000" : 432128,
            "99.000000" : 675840,
            "99.500000" : 888832,
            "99.900000" : 1581056,
            "99.950000" : 2039808,
            "99.990000" : 4227072
          }
        },
        "lat_ns" : {
          "min" : 203,
          "max" : 20331195,
          "mean" : 251269.804378,
          "stddev" : 132589.000343,
          "N" : 17823662
        },
        "bw_min" : 107134,
        "bw_max" : 605025,
        "bw_agg" : 100.000000,
        "bw_mean" : 412068.559101,
        "bw_dev" : 2293.567165,
        "bw_samples" : 8970,
        "iops_min" : 26783,
        "iops_max" : 151251,
        "iops_mean" : 103013.344071,
        "iops_stddev" : 573.373271,
        "iops_samples" : 8970
      },
      "trim" : {
        "io_bytes" : 0,
        "io_kbytes" : 0,
        "bw_bytes" : 0,
        "bw" : 0,
        "iops" : 0.000000,
        "runtime" : 0,
        "total_ios" : 0,
        "short_ios" : 0,
        "drop_ios" : 0,
        "slat_ns" : {
          "min" : 0,
          "max" : 0,
          "mean" : 0.000000,
          "stddev" : 0.000000,
          "N" : 0
        },
        "clat_ns" : {
          "min" : 0,
          "max" : 0,
          "mean" : 0.000000,
          "stddev" : 0.000000,
          "N" : 0
        },
        "lat_ns" : {
          "min" : 0,
          "max" : 0,
          "mean" : 0.000000,
          "stddev" : 0.000000,
          "N" : 0
        },
        "bw_min" : 0,
        "bw_max" : 0,
        "bw_agg" : 0.000000,
        "bw_mean" : 0.000000,
        "bw_dev" : 0.000000,
        "bw_samples" : 0,
        "iops_min" : 0,
        "iops_max" : 0,
        "iops_mean" : 0.000000,
        "iops_stddev" : 0.000000,
        "iops_samples" : 0
      },
      "sync" : {
        "total_ios" : 0,
        "lat_ns" : {
          "min" : 0,
          "max" : 0,
          "mean" : 0.000000,
          "stddev" : 0.000000,
          "N" : 0
        }
      },
      "job_runtime" : 23040058,
      "usr_cpu" : 20.015175,
      "sys_cpu" : 75.551950,
      "ctx" : 5021917,
      "majf" : 196626,
      "minf" : 70205548,
      "iodepth_level" : {
        "1" : 100.000000,
        "2" : 0.000000,
        "4" : 0.000000,
        "8" : 0.000000,
        "16" : 0.000000,
        "32" : 0.000000,
        ">=64" : 0.000000
      },
      "iodepth_submit" : {
        "0" : 0.000000,
        "4" : 100.000000,
        "8" : 0.000000,
        "16" : 0.000000,
        "32" : 0.000000,
        "64" : 0.000000,
        ">=64" : 0.000000
      },
      "iodepth_complete" : {
        "0" : 0.000000,
        "4" : 100.000000,
        "8" : 0.000000,
        "16" : 0.000000,
        "32" : 0.000000,
        "64" : 0.000000,
        ">=64" : 0.000000
      },
      "latency_ns" : {
        "2" : 0.000000,
        "4" : 0.000000,
        "10" : 0.000000,
        "20" : 0.000000,
        "50" : 0.000000,
        "100" : 0.010000,
        "250" : 0.070409,
        "500" : 12.011472,
        "750" : 45.821373,
        "1000" : 21.287459
      },
      "latency_us" : {
        "2" : 14.708313,
        "4" : 1.269111,
        "10" : 2.496291,
        "20" : 0.126271,
        "50" : 0.010000,
        "100" : 0.019233,
        "250" : 1.680360,
        "500" : 0.445727,
        "750" : 0.043179,
        "1000" : 0.010000
      },
      "latency_ms" : {
        "2" : 0.010000,
        "4" : 0.010000,
        "10" : 0.010000,
        "20" : 0.010000,
        "50" : 0.010000,
        "100" : 0.010000,
        "250" : 0.000000,
        "500" : 0.000000,
        "750" : 0.000000,
        "1000" : 0.000000,
        "2000" : 0.000000,
        ">=2000" : 0.000000
      },
      "latency_depth" : 1,
      "latency_target" : 0,
      "latency_percentile" : 100.000000,
      "latency_window" : 0
    }
  ],
  "disk_util" : [
    {
      "name" : "sda",
      "read_ios" : 196616,
      "write_ios" : 64608,
      "read_sectors" : 1573640,
      "write_sectors" : 9969256,
      "read_merges" : 89,
      "write_merges" : 593,
      "read_ticks" : 167715,
      "write_ticks" : 51973680,
      "in_queue" : 52141401,
      "util" : 9.666214
    }
  ]
}
