{
  "fio version" : "fio-3.40",
  "timestamp" : 1769904515,
  "timestamp_ms" : 1769904515518,
  "time" : "Sun Feb  1 01:08:35 2026",
  "global options" : {
    "group_reporting" : "",
    "ioengine" : "mmap",
    "size" : "768m",
    "thread" : "1",
    "directory" : "/tmp",
    "time_based" : "",
    "runtime" : "180",
    "norandommap" : "1",
    "filename" : "/tmp/fio_readwrite",
    "share_mmap" : "1",
    "repl" : "1"
  },
  "jobs" : [
    {
      "jobname" : "writers",
      "groupid" : 0,
      "job_start" : 1769904335256,
      "error" : 0,
      "eta" : 0,
      "elapsed" : 181,
      "job options" : {
        "rw" : "randread",
        "random_distribution" : "random",
        "numjobs" : "51"
      },
      "read" : {
        "io_bytes" : 5879610032128,
        "io_kbytes" : 5741806672,
        "bw_bytes" : 32663774316,
        "bw" : 31898217,
        "iops" : 7974554.276572,
        "runtime" : 180004,
        "total_ios" : 1435451668,
        "short_ios" : 0,
        "drop_ios" : 0,
        "slat_ns" : {
          "min" : 0,
          "max" : 0,
          "mean" : 0.000000,
          "stddev" : 0.000000,
          "N" : 0
        },
        "clat_ns" : {
          "min" : 89,
          "max" : 8142462,
          "mean" : 4681.816013,
          "stddev" : 15992.244531,
          "N" : 1435451668,
          "percentile" : {
            "1.000000" : 1416,
            "5.000000" : 2160,
            "10.000000" : 2512,
            "20.000000" : 2960,
            "30.000000" : 3344,
            "40.000000" : 3664,
            "50.000000" : 3984,
            "60.000000" : 4320,
            "70.000000" : 4768,
            "80.000000" : 5216,
            "90.000000" : 5984,
            "95.000000" : 6752,
            "99.000000" : 10048,
            "99.500000" : 13760,
            "99.900000" : 228352,
            "99.950000" : 280576,
            "99.990000" : 610304
          }
        },
        "lat_ns" : {
          "min" : 114,
          "max" : 8142493,
          "mean" : 4892.471735,
          "stddev" : 16099.163284,
          "N" : 1435451668
        },
        "bw_min" : 336085,
        "bw_max" : 41178785,
        "bw_agg" : 100.000000,
        "bw_mean" : 33646762.581886,
        "bw_dev" : 189032.163434,
        "bw_samples" : 17298,
        "iops_min" : 84010,
        "iops_max" : 10294678,
        "iops_mean" : 8411672.041773,
        "iops_stddev" : 47258.002676,
        "iops_samples" : 17298
      },
      "write" : {
        "io_bytes" : 9435695583232,
        "io_kbytes" : 9214546468,
        "bw_bytes" : 52419366143,
        "bw" : 51190787,
        "iops" : 12797696.812293,
        "runtime" : 180004,
        "total_ios" : 2303636617,
        "short_ios" : 0,
        "drop_ios" : 0,
        "slat_ns" : {
          "min" : 0,
          "max" : 0,
          "mean" : 0.000000,
          "stddev" : 0.000000,
          "N" : 0
        },
        "clat_ns" : {
          "min" : 87,
          "max" : 16050677,
          "mean" : 4472.104292,
          "stddev" : 19214.101687,
          "N" : 2303636617,
          "percentile" : {
            "1.000000" : 1512,
            "5.000000" : 2064,
            "10.000000" : 2352,
            "20.000000" : 2768,
            "30.000000" : 3088,
            "40.000000" : 3408,
            "50.000000" : 3728,
            "60.000000" : 4048,
            "70.000000" : 4448,
            "80.000000" : 4960,
            "90.000000" : 5664,
            "95.000000" : 6368,
            "99.000000" : 9280,
            "99.500000" : 12992,
            "99.900000" : 211968,
            "99.950000" : 452608,
            "99.990000" : 774144
          }
        },
        "lat_ns" : {
          "min" : 120,
          "max" : 16050726,
          "mean" : 4635.654400,
          "stddev" : 19295.762702,
          "N" : 2303636617
        },
        "bw_min" : 321316,
        "bw_max" : 63808161,
        "bw_agg" : 100.000000,
        "bw_mean" : 53995794.985803,
        "bw_dev" : 209293.378342,
        "bw_samples" : 26108,
        "iops_min" : 80313,
        "iops_max" : 15952026,
        "iops_mean" : 13498921.191689,
        "iops_stddev" : 52323.315770,
        "iops_samples" : 26108
      },
      "trim" : {
        "io_bytes" : 0,
        "io_kbytes" : 0,
        "bw_bytes" : 0,
        "bw" : 0,
        "iops" : 0.000000,
        "runtime" : 0,
        "total_ios" : 0,
        "short_ios" : 0,
        "drop_ios" : 0,
        "slat_ns" : {
          "min" : 0,
          "max" : 0,
          "mean" : 0.000000,
          "stddev" : 0.000000,
          "N" : 0
        },
        "clat_ns" : {
          "min" : 0,
          "max" : 0,
          "mean" : 0.000000,
          "stddev" : 0.000000,
          "N" : 0
        },
        "lat_ns" : {
          "min" : 0,
          "max" : 0,
          "mean" : 0.000000,
          "stddev" : 0.000000,
          "N" : 0
        },
        "bw_min" : 0,
        "bw_max" : 0,
        "bw_agg" : 0.000000,
        "bw_mean" : 0.000000,
        "bw_dev" : 0.000000,
        "bw_samples" : 0,
        "iops_min" : 0,
        "iops_max" : 0,
        "iops_mean" : 0.000000,
        "iops_stddev" : 0.000000,
        "iops_samples" : 0
      },
      "sync" : {
        "total_ios" : 0,
        "lat_ns" : {
          "min" : 0,
          "max" : 0,
          "mean" : 0.000000,
          "stddev" : 0.000000,
          "N" : 0
        }
      },
      "job_runtime" : 23040058,
      "usr_cpu" : 86.366523,
      "sys_cpu" : 12.822433,
      "ctx" : 285973,
      "majf" : 111894,
      "minf" : 4569904,
      "iodepth_level" : {
        "1" : 100.000000,
        "2" : 0.000000,
        "4" : 0.000000,
        "8" : 0.000000,
        "16" : 0.000000,
        "32" : 0.000000,
        ">=64" : 0.000000
      },
      "iodepth_submit" : {
        "0" : 0.000000,
        "4" : 100.000000,
        "8" : 0.000000,
        "16" : 0.000000,
        "32" : 0.000000,
        "64" : 0.000000,
        ">=64" : 0.000000
      },
      "iodepth_complete" : {
        "0" : 0.000000,
        "4" : 100.000000,
        "8" : 0.000000,
        "16" : 0.000000,
        "32" : 0.000000,
        "64" : 0.000000,
        ">=64" : 0.000000
      },
      "latency_ns" : {
        "2" : 0.000000,
        "4" : 0.000000,
        "10" : 0.000000,
        "20" : 0.000000,
        "50" : 0.000000,
        "100" : 0.010000,
        "250" : 0.031219,
        "500" : 0.020278,
        "750" : 0.068873,
        "1000" : 0.156670
      },
      "latency_us" : {
        "2" : 3.685075,
        "4" : 51.187042,
        "10" : 43.922507,
        "20" : 0.715667,
        "50" : 0.087523,
        "100" : 0.010000,
        "250" : 0.045900,
        "500" : 0.050749,
        "750" : 0.019287,
        "1000" : 0.010000
      },
      "latency_ms" : {
        "2" : 0.010000,
        "4" : 0.010000,
        "10" : 0.010000,
        "20" : 0.010000,
        "50" : 0.000000,
        "100" : 0.000000,
        "250" : 0.000000,
        "500" : 0.000000,
        "750" : 0.000000,
        "1000" : 0.000000,
        "2000" : 0.000000,
        ">=2000" : 0.000000
      },
      "latency_depth" : 1,
      "latency_target" : 0,
      "latency_percentile" : 100.000000,
      "latency_window" : 0
    }
  ],
  "disk_util" : [
    {
      "name" : "sda",
      "read_ios" : 111897,
      "write_ios" : 3207,
      "read_sectors" : 895888,
      "write_sectors" : 1575408,
      "read_merges" : 89,
      "write_merges" : 101,
      "read_ticks" : 26165,
      "write_ticks" : 21607655,
      "in_queue" : 21633828,
      "util" : 2.913717
    }
  ]
}
