{
  "fio version" : "fio-3.40",
  "timestamp" : 1770006589,
  "timestamp_ms" : 1770006589238,
  "time" : "Mon Feb  2 05:29:49 2026",
  "global options" : {
    "group_reporting" : "",
    "ioengine" : "mmap",
    "size" : "768m",
    "thread" : "1",
    "directory" : "/tmp",
    "time_based" : "",
    "runtime" : "180",
    "norandommap" : "1",
    "filename" : "/tmp/fio_readwrite",
    "share_mmap" : "1",
    "repl" : "1"
  },
  "jobs" : [
    {
      "jobname" : "writers",
      "groupid" : 0,
      "job_start" : 1770006409083,
      "error" : 0,
      "eta" : 0,
      "elapsed" : 181,
      "job options" : {
        "rw" : "randread",
        "random_distribution" : "random",
        "numjobs" : "51"
      },
      "read" : {
        "io_bytes" : 7365576781824,
        "io_kbytes" : 7192946076,
        "bw_bytes" : 40918734378,
        "bw" : 39959701,
        "iops" : 9989925.385406,
        "runtime" : 180005,
        "total_ios" : 1798236519,
        "short_ios" : 0,
        "drop_ios" : 0,
        "slat_ns" : {
          "min" : 0,
          "max" : 0,
          "mean" : 0.000000,
          "stddev" : 0.000000,
          "N" : 0
        },
        "clat_ns" : {
          "min" : 87,
          "max" : 88687487,
          "mean" : 3918.701176,
          "stddev" : 17473.132072,
          "N" : 1798236519,
          "percentile" : {
            "1.000000" : 1432,
            "5.000000" : 2008,
            "10.000000" : 2320,
            "20.000000" : 2768,
            "30.000000" : 3088,
            "40.000000" : 3376,
            "50.000000" : 3664,
            "60.000000" : 3952,
            "70.000000" : 4256,
            "80.000000" : 4704,
            "90.000000" : 5344,
            "95.000000" : 5920,
            "99.000000" : 7776,
            "99.500000" : 9280,
            "99.900000" : 18048,
            "99.950000" : 20352,
            "99.990000" : 31872
          }
        },
        "lat_ns" : {
          "min" : 110,
          "max" : 88688062,
          "mean" : 4077.243329,
          "stddev" : 17609.944988,
          "N" : 1798236519
        },
        "bw_min" : 25626,
        "bw_max" : 47724583,
        "bw_agg" : 100.000000,
        "bw_mean" : 40351623.727397,
        "bw_dev" : 127975.413634,
        "bw_samples" : 18096,
        "iops_min" : 6400,
        "iops_max" : 11931128,
        "iops_mean" : 10087892.901615,
        "iops_stddev" : 31993.850691,
        "iops_samples" : 18096
      },
      "write" : {
        "io_bytes" : 11084649934848,
        "io_kbytes" : 10824853452,
        "bw_bytes" : 61579677980,
        "bw" : 60136404,
        "iops" : 15034101.069415,
        "runtime" : 180005,
        "total_ios" : 2706213363,
        "short_ios" : 0,
        "drop_ios" : 0,
        "slat_ns" : {
          "min" : 0,
          "max" : 0,
          "mean" : 0.000000,
          "stddev" : 0.000000,
          "N" : 0
        },
        "clat_ns" : {
          "min" : 78,
          "max" : 128072711,
          "mean" : 3840.716014,
          "stddev" : 18639.430926,
          "N" : 2706213363,
          "percentile" : {
            "1.000000" : 1416,
            "5.000000" : 1944,
            "10.000000" : 2256,
            "20.000000" : 2640,
            "30.000000" : 2960,
            "40.000000" : 3216,
            "50.000000" : 3504,
            "60.000000" : 3792,
            "70.000000" : 4128,
            "80.000000" : 4512,
            "90.000000" : 5088,
            "95.000000" : 5664,
            "99.000000" : 7392,
            "99.500000" : 9152,
            "99.900000" : 19328,
            "99.950000" : 25728,
            "99.990000" : 342016
          }
        },
        "lat_ns" : {
          "min" : 109,
          "max" : 128072763,
          "mean" : 4005.699903,
          "stddev" : 18788.488321,
          "N" : 2706213363
        },
        "bw_min" : 86550,
        "bw_max" : 71350016,
        "bw_agg" : 100.000000,
        "bw_mean" : 60780710.530882,
        "bw_dev" : 117836.760813,
        "bw_samples" : 27300,
        "iops_min" : 21612,
        "iops_max" : 17837475,
        "iops_mean" : 15195158.495822,
        "iops_stddev" : 29459.190642,
        "iops_samples" : 27300
      },
      "trim" : {
        "io_bytes" : 0,
        "io_kbytes" : 0,
        "bw_bytes" : 0,
        "bw" : 0,
        "iops" : 0.000000,
        "runtime" : 0,
        "total_ios" : 0,
        "short_ios" : 0,
        "drop_ios" : 0,
        "slat_ns" : {
          "min" : 0,
          "max" : 0,
          "mean" : 0.000000,
          "stddev" : 0.000000,
          "N" : 0
        },
        "clat_ns" : {
          "min" : 0,
          "max" : 0,
          "mean" : 0.000000,
          "stddev" : 0.000000,
          "N" : 0
        },
        "lat_ns" : {
          "min" : 0,
          "max" : 0,
          "mean" : 0.000000,
          "stddev" : 0.000000,
          "N" : 0
        },
        "bw_min" : 0,
        "bw_max" : 0,
        "bw_agg" : 0.000000,
        "bw_mean" : 0.000000,
        "bw_dev" : 0.000000,
        "bw_samples" : 0,
        "iops_min" : 0,
        "iops_max" : 0,
        "iops_mean" : 0.000000,
        "iops_stddev" : 0.000000,
        "iops_samples" : 0
      },
      "sync" : {
        "total_ios" : 0,
        "lat_ns" : {
          "min" : 0,
          "max" : 0,
          "mean" : 0.000000,
          "stddev" : 0.000000,
          "N" : 0
        }
      },
      "job_runtime" : 23040095,
      "usr_cpu" : 95.574615,
      "sys_cpu" : 1.005690,
      "ctx" : 796506,
      "majf" : 196674,
      "minf" : 986727,
      "iodepth_level" : {
        "1" : 100.000000,
        "2" : 0.000000,
        "4" : 0.000000,
        "8" : 0.000000,
        "16" : 0.000000,
        "32" : 0.000000,
        ">=64" : 0.000000
      },
      "iodepth_submit" : {
        "0" : 0.000000,
        "4" : 100.000000,
        "8" : 0.000000,
        "16" : 0.000000,
        "32" : 0.000000,
        "64" : 0.000000,
        ">=64" : 0.000000
      },
      "iodepth_complete" : {
        "0" : 0.000000,
        "4" : 100.000000,
        "8" : 0.000000,
        "16" : 0.000000,
        "32" : 0.000000,
        "64" : 0.000000,
        ">=64" : 0.000000
      },
      "latency_ns" : {
        "2" : 0.000000,
        "4" : 0.000000,
        "10" : 0.000000,
        "20" : 0.000000,
        "50" : 0.000000,
        "100" : 0.010000,
        "250" : 0.031913,
        "500" : 0.017262,
        "750" : 0.043906,
        "1000" : 0.126745
      },
      "latency_us" : {
        "2" : 5.206542,
        "4" : 59.061499,
        "10" : 35.093702,
        "20" : 0.344015,
        "50" : 0.049654,
        "100" : 0.010000,
        "250" : 0.010000,
        "500" : 0.011364,
        "750" : 0.010000,
        "1000" : 0.010000
      },
      "latency_ms" : {
        "2" : 0.010000,
        "4" : 0.010000,
        "10" : 0.010000,
        "20" : 0.010000,
        "50" : 0.010000,
        "100" : 0.010000,
        "250" : 0.010000,
        "500" : 0.000000,
        "750" : 0.000000,
        "1000" : 0.000000,
        "2000" : 0.000000,
        ">=2000" : 0.000000
      },
      "latency_depth" : 1,
      "latency_target" : 0,
      "latency_percentile" : 100.000000,
      "latency_window" : 0
    }
  ],
  "disk_util" : [
    {
      "name" : "sda",
      "read_ios" : 196495,
      "write_ios" : 101400,
      "read_sectors" : 1573904,
      "write_sectors" : 7849784,
      "read_merges" : 242,
      "write_merges" : 11874,
      "read_ticks" : 347803,
      "write_ticks" : 18200940,
      "in_queue" : 18548755,
      "util" : 7.848810
    }
  ]
}
