{
  "fio version" : "fio-3.40",
  "timestamp" : 1770005140,
  "timestamp_ms" : 1770005140410,
  "time" : "Mon Feb  2 05:05:40 2026",
  "global options" : {
    "group_reporting" : "",
    "ioengine" : "mmap",
    "size" : "768m",
    "thread" : "1",
    "directory" : "/tmp",
    "time_based" : "",
    "runtime" : "180",
    "norandommap" : "1",
    "filename" : "/tmp/fio_readwrite",
    "share_mmap" : "1",
    "repl" : "1"
  },
  "jobs" : [
    {
      "jobname" : "writers",
      "groupid" : 0,
      "job_start" : 1770004960230,
      "error" : 0,
      "eta" : 0,
      "elapsed" : 181,
      "job options" : {
        "rw" : "randread",
        "random_distribution" : "random",
        "numjobs" : "102"
      },
      "read" : {
        "io_bytes" : 15664880574464,
        "io_kbytes" : 15297734936,
        "bw_bytes" : 87024696949,
        "bw" : 84985055,
        "iops" : 21246263.903780,
        "runtime" : 180005,
        "total_ios" : 3824433734,
        "short_ios" : 0,
        "drop_ios" : 0,
        "slat_ns" : {
          "min" : 0,
          "max" : 0,
          "mean" : 0.000000,
          "stddev" : 0.000000,
          "N" : 0
        },
        "clat_ns" : {
          "min" : 79,
          "max" : 52399462,
          "mean" : 3866.475912,
          "stddev" : 20488.515240,
          "N" : 3824433734,
          "percentile" : {
            "1.000000" : 1464,
            "5.000000" : 1992,
            "10.000000" : 2288,
            "20.000000" : 2672,
            "30.000000" : 2960,
            "40.000000" : 3248,
            "50.000000" : 3536,
            "60.000000" : 3824,
            "70.000000" : 4192,
            "80.000000" : 4640,
            "90.000000" : 5280,
            "95.000000" : 5920,
            "99.000000" : 8096,
            "99.500000" : 10688,
            "99.900000" : 18816,
            "99.950000" : 20608,
            "99.990000" : 30592
          }
        },
        "lat_ns" : {
          "min" : 101,
          "max" : 52399494,
          "mean" : 3998.038112,
          "stddev" : 20654.826115,
          "N" : 3824433734
        },
        "bw_min" : 14198,
        "bw_max" : 119425607,
        "bw_agg" : 100.000000,
        "bw_mean" : 85780455.369014,
        "bw_dev" : 148132.091564,
        "bw_samples" : 36210,
        "iops_min" : 3480,
        "iops_max" : 29856373,
        "iops_mean" : 21445087.583099,
        "iops_stddev" : 37033.010227,
        "iops_samples" : 36210
      },
      "write" : {
        "io_bytes" : 3860701151232,
        "io_kbytes" : 3770215968,
        "bw_bytes" : 21447982262,
        "bw" : 20945295,
        "iops" : 5236323.794603,
        "runtime" : 180003,
        "total_ios" : 942553992,
        "short_ios" : 0,
        "drop_ios" : 0,
        "slat_ns" : {
          "min" : 0,
          "max" : 0,
          "mean" : 0.000000,
          "stddev" : 0.000000,
          "N" : 0
        },
        "clat_ns" : {
          "min" : 84,
          "max" : 62676751,
          "mean" : 4050.755150,
          "stddev" : 21160.201846,
          "N" : 942553992,
          "percentile" : {
            "1.000000" : 1576,
            "5.000000" : 2064,
            "10.000000" : 2352,
            "20.000000" : 2736,
            "30.000000" : 3024,
            "40.000000" : 3280,
            "50.000000" : 3568,
            "60.000000" : 3856,
            "70.000000" : 4192,
            "80.000000" : 4576,
            "90.000000" : 5216,
            "95.000000" : 5792,
            "99.000000" : 8256,
            "99.500000" : 11712,
            "99.900000" : 31360,
            "99.950000" : 232448,
            "99.990000" : 399360
          }
        },
        "lat_ns" : {
          "min" : 118,
          "max" : 62676833,
          "mean" : 4178.075983,
          "stddev" : 21292.206822,
          "N" : 942553992
        },
        "bw_min" : 2728,
        "bw_max" : 25695023,
        "bw_agg" : 100.000000,
        "bw_mean" : 21140918.200000,
        "bw_dev" : 132362.042889,
        "bw_samples" : 9230,
        "iops_min" : 666,
        "iops_max" : 6423754,
        "iops_mean" : 5285222.926761,
        "iops_stddev" : 33090.505904,
        "iops_samples" : 9230
      },
      "trim" : {
        "io_bytes" : 0,
        "io_kbytes" : 0,
        "bw_bytes" : 0,
        "bw" : 0,
        "iops" : 0.000000,
        "runtime" : 0,
        "total_ios" : 0,
        "short_ios" : 0,
        "drop_ios" : 0,
        "slat_ns" : {
          "min" : 0,
          "max" : 0,
          "mean" : 0.000000,
          "stddev" : 0.000000,
          "N" : 0
        },
        "clat_ns" : {
          "min" : 0,
          "max" : 0,
          "mean" : 0.000000,
          "stddev" : 0.000000,
          "N" : 0
        },
        "lat_ns" : {
          "min" : 0,
          "max" : 0,
          "mean" : 0.000000,
          "stddev" : 0.000000,
          "N" : 0
        },
        "bw_min" : 0,
        "bw_max" : 0,
        "bw_agg" : 0.000000,
        "bw_mean" : 0.000000,
        "bw_dev" : 0.000000,
        "bw_samples" : 0,
        "iops_min" : 0,
        "iops_max" : 0,
        "iops_mean" : 0.000000,
        "iops_stddev" : 0.000000,
        "iops_samples" : 0
      },
      "sync" : {
        "total_ios" : 0,
        "lat_ns" : {
          "min" : 0,
          "max" : 0,
          "mean" : 0.000000,
          "stddev" : 0.000000,
          "N" : 0
        }
      },
      "job_runtime" : 23040074,
      "usr_cpu" : 95.153614,
      "sys_cpu" : 1.051715,
      "ctx" : 907460,
      "majf" : 196597,
      "minf" : 1015035,
      "iodepth_level" : {
        "1" : 100.000000,
        "2" : 0.000000,
        "4" : 0.000000,
        "8" : 0.000000,
        "16" : 0.000000,
        "32" : 0.000000,
        ">=64" : 0.000000
      },
      "iodepth_submit" : {
        "0" : 0.000000,
        "4" : 100.000000,
        "8" : 0.000000,
        "16" : 0.000000,
        "32" : 0.000000,
        "64" : 0.000000,
        ">=64" : 0.000000
      },
      "iodepth_complete" : {
        "0" : 0.000000,
        "4" : 100.000000,
        "8" : 0.000000,
        "16" : 0.000000,
        "32" : 0.000000,
        "64" : 0.000000,
        ">=64" : 0.000000
      },
      "latency_ns" : {
        "2" : 0.000000,
        "4" : 0.000000,
        "10" : 0.000000,
        "20" : 0.000000,
        "50" : 0.000000,
        "100" : 0.010000,
        "250" : 0.037979,
        "500" : 0.022930,
        "750" : 0.044630,
        "1000" : 0.100935
      },
      "latency_us" : {
        "2" : 4.800314,
        "4" : 59.779844,
        "10" : 34.608670,
        "20" : 0.520499,
        "50" : 0.063832,
        "100" : 0.010000,
        "250" : 0.010000,
        "500" : 0.010000,
        "750" : 0.010000,
        "1000" : 0.010000
      },
      "latency_ms" : {
        "2" : 0.010000,
        "4" : 0.010000,
        "10" : 0.010000,
        "20" : 0.010000,
        "50" : 0.010000,
        "100" : 0.010000,
        "250" : 0.000000,
        "500" : 0.000000,
        "750" : 0.000000,
        "1000" : 0.000000,
        "2000" : 0.000000,
        ">=2000" : 0.000000
      },
      "latency_depth" : 1,
      "latency_target" : 0,
      "latency_percentile" : 100.000000,
      "latency_window" : 0
    }
  ],
  "disk_util" : [
    {
      "name" : "sda",
      "read_ios" : 196449,
      "write_ios" : 66077,
      "read_sectors" : 1576104,
      "write_sectors" : 7574080,
      "read_merges" : 440,
      "write_merges" : 1161,
      "read_ticks" : 367170,
      "write_ticks" : 13208387,
      "in_queue" : 13575567,
      "util" : 8.069318
    }
  ]
}
