{
  "fio version" : "fio-3.40",
  "timestamp" : 1756991328,
  "timestamp_ms" : 1756991328414,
  "time" : "Thu Sep  4 15:08:48 2025",
  "global options" : {
    "group_reporting" : "",
    "ioengine" : "mmap",
    "size" : "128m",
    "numjobs" : "128",
    "thread" : "1",
    "directory" : "/tmp",
    "time_based" : "",
    "runtime" : "30",
    "filename" : "/tmp/fio_readwrite",
    "share_mmap" : "1",
    "repl" : "1"
  },
  "jobs" : [
    {
      "jobname" : "readers",
      "groupid" : 0,
      "job_start" : 1756991297482,
      "error" : 0,
      "eta" : 0,
      "elapsed" : 32,
      "job options" : {
        "rw" : "randread",
        "random_distribution" : "random",
        "numjobs" : "128"
      },
      "read" : {
        "io_bytes" : 360643559424,
        "io_kbytes" : 352190976,
        "bw_bytes" : 11697053691,
        "bw" : 11422903,
        "iops" : 2855725.998962,
        "runtime" : 30832,
        "total_ios" : 88047744,
        "short_ios" : 0,
        "drop_ios" : 0,
        "slat_ns" : {
          "min" : 0,
          "max" : 0,
          "mean" : 0.000000,
          "stddev" : 0.000000,
          "N" : 0
        },
        "clat_ns" : {
          "min" : 89,
          "max" : 14798039,
          "mean" : 1416.464869,
          "stddev" : 40463.816207,
          "N" : 88047744,
          "percentile" : {
            "1.000000" : 231,
            "5.000000" : 318,
            "10.000000" : 426,
            "20.000000" : 524,
            "30.000000" : 604,
            "40.000000" : 636,
            "50.000000" : 668,
            "60.000000" : 716,
            "70.000000" : 764,
            "80.000000" : 836,
            "90.000000" : 916,
            "95.000000" : 1064,
            "99.000000" : 2736,
            "99.500000" : 3312,
            "99.900000" : 4640,
            "99.950000" : 17024,
            "99.990000" : 2408448
          }
        },
        "lat_ns" : {
          "min" : 111,
          "max" : 14798109,
          "mean" : 1465.593987,
          "stddev" : 40507.170066,
          "N" : 88047744
        },
        "bw_min" : 6280630,
        "bw_max" : 33554432,
        "bw_agg" : 100.000000,
        "bw_mean" : 30249817.787945,
        "bw_dev" : 60334.386006,
        "bw_samples" : 2978,
        "iops_min" : 1570138,
        "iops_max" : 8388608,
        "iops_mean" : 7562441.127523,
        "iops_stddev" : 15083.662022,
        "iops_samples" : 2978
      },
      "write" : {
        "io_bytes" : 0,
        "io_kbytes" : 0,
        "bw_bytes" : 0,
        "bw" : 0,
        "iops" : 0.000000,
        "runtime" : 0,
        "total_ios" : 0,
        "short_ios" : 0,
        "drop_ios" : 0,
        "slat_ns" : {
          "min" : 0,
          "max" : 0,
          "mean" : 0.000000,
          "stddev" : 0.000000,
          "N" : 0
        },
        "clat_ns" : {
          "min" : 0,
          "max" : 0,
          "mean" : 0.000000,
          "stddev" : 0.000000,
          "N" : 0
        },
        "lat_ns" : {
          "min" : 0,
          "max" : 0,
          "mean" : 0.000000,
          "stddev" : 0.000000,
          "N" : 0
        },
        "bw_min" : 0,
        "bw_max" : 0,
        "bw_agg" : 0.000000,
        "bw_mean" : 0.000000,
        "bw_dev" : 0.000000,
        "bw_samples" : 0,
        "iops_min" : 0,
        "iops_max" : 0,
        "iops_mean" : 0.000000,
        "iops_stddev" : 0.000000,
        "iops_samples" : 0
      },
      "trim" : {
        "io_bytes" : 0,
        "io_kbytes" : 0,
        "bw_bytes" : 0,
        "bw" : 0,
        "iops" : 0.000000,
        "runtime" : 0,
        "total_ios" : 0,
        "short_ios" : 0,
        "drop_ios" : 0,
        "slat_ns" : {
          "min" : 0,
          "max" : 0,
          "mean" : 0.000000,
          "stddev" : 0.000000,
          "N" : 0
        },
        "clat_ns" : {
          "min" : 0,
          "max" : 0,
          "mean" : 0.000000,
          "stddev" : 0.000000,
          "N" : 0
        },
        "lat_ns" : {
          "min" : 0,
          "max" : 0,
          "mean" : 0.000000,
          "stddev" : 0.000000,
          "N" : 0
        },
        "bw_min" : 0,
        "bw_max" : 0,
        "bw_agg" : 0.000000,
        "bw_mean" : 0.000000,
        "bw_dev" : 0.000000,
        "bw_samples" : 0,
        "iops_min" : 0,
        "iops_max" : 0,
        "iops_mean" : 0.000000,
        "iops_stddev" : 0.000000,
        "iops_samples" : 0
      },
      "sync" : {
        "total_ios" : 0,
        "lat_ns" : {
          "min" : 0,
          "max" : 0,
          "mean" : 0.000000,
          "stddev" : 0.000000,
          "N" : 0
        }
      },
      "job_runtime" : 3927594,
      "usr_cpu" : 2.541378,
      "sys_cpu" : 92.783012,
      "ctx" : 366168,
      "majf" : 32772,
      "minf" : 733,
      "iodepth_level" : {
        "1" : 100.000000,
        "2" : 0.000000,
        "4" : 0.000000,
        "8" : 0.000000,
        "16" : 0.000000,
        "32" : 0.000000,
        ">=64" : 0.000000
      },
      "iodepth_submit" : {
        "0" : 0.000000,
        "4" : 100.000000,
        "8" : 0.000000,
        "16" : 0.000000,
        "32" : 0.000000,
        "64" : 0.000000,
        ">=64" : 0.000000
      },
      "iodepth_complete" : {
        "0" : 0.000000,
        "4" : 100.000000,
        "8" : 0.000000,
        "16" : 0.000000,
        "32" : 0.000000,
        "64" : 0.000000,
        ">=64" : 0.000000
      },
      "latency_ns" : {
        "2" : 0.000000,
        "4" : 0.000000,
        "10" : 0.000000,
        "20" : 0.000000,
        "50" : 0.000000,
        "100" : 0.010000,
        "250" : 2.621878,
        "500" : 16.265832,
        "750" : 48.106428,
        "1000" : 26.992994
      },
      "latency_us" : {
        "2" : 3.856551,
        "4" : 1.958381,
        "10" : 0.140648,
        "20" : 0.011965,
        "50" : 0.010000,
        "100" : 0.010000,
        "250" : 0.010000,
        "500" : 0.010000,
        "750" : 0.010000,
        "1000" : 0.010000
      },
      "latency_ms" : {
        "2" : 0.013977,
        "4" : 0.014624,
        "10" : 0.010000,
        "20" : 0.010000,
        "50" : 0.000000,
        "100" : 0.000000,
        "250" : 0.000000,
        "500" : 0.000000,
        "750" : 0.000000,
        "1000" : 0.000000,
        "2000" : 0.000000,
        ">=2000" : 0.000000
      },
      "latency_depth" : 1,
      "latency_target" : 0,
      "latency_percentile" : 100.000000,
      "latency_window" : 0
    }
  ],
  "disk_util" : [
    {
      "name" : "sda",
      "read_ios" : 32704,
      "write_ios" : 146,
      "read_sectors" : 266424,
      "write_sectors" : 1864,
      "read_merges" : 255,
      "write_merges" : 30,
      "read_ticks" : 57936,
      "write_ticks" : 48,
      "in_queue" : 57985,
      "util" : 1.379714
    }
  ]
}
