{
  "fio version" : "fio-3.40",
  "timestamp" : 1770005683,
  "timestamp_ms" : 1770005683981,
  "time" : "Mon Feb  2 05:14:43 2026",
  "global options" : {
    "group_reporting" : "",
    "ioengine" : "mmap",
    "size" : "768m",
    "thread" : "1",
    "directory" : "/tmp",
    "time_based" : "",
    "runtime" : "180",
    "norandommap" : "1",
    "filename" : "/tmp/fio_readwrite",
    "share_mmap" : "1",
    "repl" : "1"
  },
  "jobs" : [
    {
      "jobname" : "writers",
      "groupid" : 0,
      "job_start" : 1770005503809,
      "error" : 0,
      "eta" : 0,
      "elapsed" : 181,
      "job options" : {
        "rw" : "randread",
        "random_distribution" : "random",
        "numjobs" : "77"
      },
      "read" : {
        "io_bytes" : 12410509975552,
        "io_kbytes" : 12119638648,
        "bw_bytes" : 68945745514,
        "bw" : 67329829,
        "iops" : 16832457.400947,
        "runtime" : 180004,
        "total_ios" : 3029909662,
        "short_ios" : 0,
        "drop_ios" : 0,
        "slat_ns" : {
          "min" : 0,
          "max" : 0,
          "mean" : 0.000000,
          "stddev" : 0.000000,
          "N" : 0
        },
        "clat_ns" : {
          "min" : 84,
          "max" : 156083946,
          "mean" : 3563.101458,
          "stddev" : 16340.340670,
          "N" : 3029909662,
          "percentile" : {
            "1.000000" : 1352,
            "5.000000" : 1864,
            "10.000000" : 2160,
            "20.000000" : 2544,
            "30.000000" : 2832,
            "40.000000" : 3088,
            "50.000000" : 3344,
            "60.000000" : 3600,
            "70.000000" : 3888,
            "80.000000" : 4256,
            "90.000000" : 4768,
            "95.000000" : 5344,
            "99.000000" : 7008,
            "99.500000" : 8256,
            "99.900000" : 17536,
            "99.950000" : 19840,
            "99.990000" : 29056
          }
        },
        "lat_ns" : {
          "min" : 106,
          "max" : 156083992,
          "mean" : 3708.611124,
          "stddev" : 16462.477994,
          "N" : 3029909662
        },
        "bw_min" : 102144,
        "bw_max" : 80919222,
        "bw_agg" : 100.000000,
        "bw_mean" : 67953322.270423,
        "bw_dev" : 135685.172139,
        "bw_samples" : 27335,
        "iops_min" : 25536,
        "iops_max" : 20229791,
        "iops_mean" : 16988308.453521,
        "iops_stddev" : 33921.292490,
        "iops_samples" : 27335
      },
      "write" : {
        "io_bytes" : 8123852034048,
        "io_kbytes" : 7933449252,
        "bw_bytes" : 45131508377,
        "bw" : 44073738,
        "iops" : 11018434.662563,
        "runtime" : 180004,
        "total_ios" : 1983362313,
        "short_ios" : 0,
        "drop_ios" : 0,
        "slat_ns" : {
          "min" : 0,
          "max" : 0,
          "mean" : 0.000000,
          "stddev" : 0.000000,
          "N" : 0
        },
        "clat_ns" : {
          "min" : 85,
          "max" : 24044135,
          "mean" : 3583.104219,
          "stddev" : 18555.508927,
          "N" : 1983362313,
          "percentile" : {
            "1.000000" : 1368,
            "5.000000" : 1848,
            "10.000000" : 2128,
            "20.000000" : 2480,
            "30.000000" : 2768,
            "40.000000" : 2992,
            "50.000000" : 3248,
            "60.000000" : 3504,
            "70.000000" : 3760,
            "80.000000" : 4128,
            "90.000000" : 4640,
            "95.000000" : 5152,
            "99.000000" : 6880,
            "99.500000" : 8640,
            "99.900000" : 19328,
            "99.950000" : 37120,
            "99.990000" : 350208
          }
        },
        "lat_ns" : {
          "min" : 117,
          "max" : 24044727,
          "mean" : 3732.984964,
          "stddev" : 18712.225659,
          "N" : 1983362313
        },
        "bw_min" : 65568,
        "bw_max" : 53720551,
        "bw_agg" : 100.000000,
        "bw_mean" : 44482506.698592,
        "bw_dev" : 140761.791701,
        "bw_samples" : 18105,
        "iops_min" : 16392,
        "iops_max" : 13430128,
        "iops_mean" : 11120612.354930,
        "iops_stddev" : 35190.449498,
        "iops_samples" : 18105
      },
      "trim" : {
        "io_bytes" : 0,
        "io_kbytes" : 0,
        "bw_bytes" : 0,
        "bw" : 0,
        "iops" : 0.000000,
        "runtime" : 0,
        "total_ios" : 0,
        "short_ios" : 0,
        "drop_ios" : 0,
        "slat_ns" : {
          "min" : 0,
          "max" : 0,
          "mean" : 0.000000,
          "stddev" : 0.000000,
          "N" : 0
        },
        "clat_ns" : {
          "min" : 0,
          "max" : 0,
          "mean" : 0.000000,
          "stddev" : 0.000000,
          "N" : 0
        },
        "lat_ns" : {
          "min" : 0,
          "max" : 0,
          "mean" : 0.000000,
          "stddev" : 0.000000,
          "N" : 0
        },
        "bw_min" : 0,
        "bw_max" : 0,
        "bw_agg" : 0.000000,
        "bw_mean" : 0.000000,
        "bw_dev" : 0.000000,
        "bw_samples" : 0,
        "iops_min" : 0,
        "iops_max" : 0,
        "iops_mean" : 0.000000,
        "iops_stddev" : 0.000000,
        "iops_samples" : 0
      },
      "sync" : {
        "total_ios" : 0,
        "lat_ns" : {
          "min" : 0,
          "max" : 0,
          "mean" : 0.000000,
          "stddev" : 0.000000,
          "N" : 0
        }
      },
      "job_runtime" : 23040100,
      "usr_cpu" : 95.779389,
      "sys_cpu" : 1.106970,
      "ctx" : 747665,
      "majf" : 196588,
      "minf" : 1010043,
      "iodepth_level" : {
        "1" : 100.000000,
        "2" : 0.000000,
        "4" : 0.000000,
        "8" : 0.000000,
        "16" : 0.000000,
        "32" : 0.000000,
        ">=64" : 0.000000
      },
      "iodepth_submit" : {
        "0" : 0.000000,
        "4" : 100.000000,
        "8" : 0.000000,
        "16" : 0.000000,
        "32" : 0.000000,
        "64" : 0.000000,
        ">=64" : 0.000000
      },
      "iodepth_complete" : {
        "0" : 0.000000,
        "4" : 100.000000,
        "8" : 0.000000,
        "16" : 0.000000,
        "32" : 0.000000,
        "64" : 0.000000,
        ">=64" : 0.000000
      },
      "latency_ns" : {
        "2" : 0.000000,
        "4" : 0.000000,
        "10" : 0.000000,
        "20" : 0.000000,
        "50" : 0.000000,
        "100" : 0.010000,
        "250" : 0.034557,
        "500" : 0.018744,
        "750" : 0.045647,
        "1000" : 0.145058
      },
      "latency_us" : {
        "2" : 6.866425,
        "4" : 67.960363,
        "10" : 24.568137,
        "20" : 0.298226,
        "50" : 0.041505,
        "100" : 0.010000,
        "250" : 0.010000,
        "500" : 0.010000,
        "750" : 0.010000,
        "1000" : 0.010000
      },
      "latency_ms" : {
        "2" : 0.010000,
        "4" : 0.010000,
        "10" : 0.010000,
        "20" : 0.010000,
        "50" : 0.010000,
        "100" : 0.000000,
        "250" : 0.010000,
        "500" : 0.000000,
        "750" : 0.000000,
        "1000" : 0.000000,
        "2000" : 0.000000,
        ">=2000" : 0.000000
      },
      "latency_depth" : 1,
      "latency_target" : 0,
      "latency_percentile" : 100.000000,
      "latency_window" : 0
    }
  ],
  "disk_util" : [
    {
      "name" : "sda",
      "read_ios" : 196388,
      "write_ios" : 62232,
      "read_sectors" : 1572944,
      "write_sectors" : 7754824,
      "read_merges" : 229,
      "write_merges" : 1376,
      "read_ticks" : 348100,
      "write_ticks" : 21939918,
      "in_queue" : 22288029,
      "util" : 7.394670
    }
  ]
}
