round,elapsed_ms,tag
0,0.470729,alloc
1,0.421493,alloc
2,0.418063,alloc
3,0.417796,alloc
4,0.417364,alloc
