round,elapsed_ms,tag
0,0.389965,alloc
1,0.332928,alloc
2,0.332463,alloc
3,0.331068,alloc
4,0.330896,alloc
