round,mem_used,tag
0,261884.000000,mem_repl
1,261872.000000,mem_repl
2,261808.000000,mem_repl
3,261696.000000,mem_repl
4,261208.000000,mem_repl
