round,mem_used,tag
0,129840.000000,mem
1,131008.000000,mem
2,131008.000000,mem
3,130552.000000,mem
4,131008.000000,mem
