round,mem_used,tag
0,130520.000000,mem
1,130768.000000,mem
2,129904.000000,mem
3,129912.000000,mem
4,130504.000000,mem
