round,mem_used,tag
0,262156.000000,mem_repl
1,262016.000000,mem_repl
2,261656.000000,mem_repl
3,262336.000000,mem_repl
4,261920.000000,mem_repl
