label,dataset,runner_name,tag,run_id,recall,total_time,qps,start_time,end_time,samples,local_pct,local_pct_skt0,local_pct_skt1,local_pct_skt2,local_pct_skt3,ipc,inst,exec,inst_skt0,inst_skt1,inst_skt2,inst_skt3,exec_skt0,exec_skt1,exec_skt2,exec_skt3,cpu_balance,l3hit,l2miss,l3miss,l3mpi,l2mpi,upi_to_mc,upi_in_gb,upi_out_gb,upi_out_pct,upi_in_pct,mem_bw_gb,mem_read_gb,mem_write_gb,mem_read_gb_skt0,mem_read_gb_skt1,mem_read_gb_skt2,mem_read_gb_skt3,data_mem_gb,data_mem_gb_node0,data_mem_gb_node1,data_mem_gb_node2,data_mem_gb_node3,pagetable_mb,pagetable_mb_node0,pagetable_mb_node1,pagetable_mb_node2,pagetable_mb_node3,warmup_s
ann,gist-960-euclidean,annoy,default,1,0.97457,7.922577951000221,126.221541294365,2026-04-04T15:26:37.800150,2026-04-04T15:26:45.722742,8,46.75,48.25,22.75,29.75,16.625,0.0925,18210.9575,0.0675,9111.12875,3102.7675,3166.10125,2830.96,0.135,0.0475,0.0475,0.042499999999999996,0.3107145204154864,0.02375,198.2125,191.8725,0.010525,0.010875,0.45125000000000004,37.4886328125,80.62201416015625,29.072916666666668,13.166666666666666,84.62603515625,69.86724731445312,14.758791503906249,67.53178100585937,0.710816650390625,0.7583483886718749,0.8662976074218751,15.81340571812221,10.449165889195033,1.7384676252092635,1.8387135096958704,1.7870586940220423,33.755580357142854,18.191964285714285,4.613839285714286,4.390625,6.559151785714286,0.0
ann,gist-960-euclidean,annoy,default,2,0.97457,7.870395507000012,127.05841772635054,2026-04-04T15:26:45.752875,2026-04-04T15:26:53.627173,8,45.5,46.875,21.875,29.375,22.25,0.0875,18166.66125,0.06875,8726.13,3156.205,3193.9612500000003,3090.36375,0.13,0.0475,0.0475,0.04375,0.35415055127530765,0.026250000000000002,198.4875,190.57999999999998,0.010475,0.0109125,0.50375,37.13884765624999,74.02254272460937,26.677083333333332,13.052083333333334,74.66409545898438,68.26005126953125,6.404039306640625,65.77863769531251,0.771318359375,0.795821533203125,0.914276123046875,15.832872867584229,10.450479507446289,1.745793342590332,1.8469104766845703,1.789689540863037,33.7333984375,18.1796875,4.61962890625,4.39501953125,6.5390625,0.0
ann,gist-960-euclidean,annoy,default,3,0.97457,8.139141929999823,122.86307433884762,2026-04-04T15:26:53.657183,2026-04-04T15:27:01.799823,8,45.5,46.5,20.0,30.5,21.125,0.08375,18138.981249999997,0.06875,8691.695,3113.78125,3206.3775,3127.13,0.13,0.04625,0.04875,0.045,0.35824787340098796,0.0225,198.385,191.6125,0.010575,0.01095,0.5125,37.65235595703125,73.96821166992187,26.614583333333332,13.1875,74.17357543945313,68.965517578125,5.208056640624999,66.45060668945312,0.772432861328125,0.7879174804687501,0.954556884765625,15.837159156799316,10.450772285461426,1.7465095520019531,1.850128173828125,1.7897491455078125,33.7421875,18.1796875,4.62109375,4.40234375,6.5390625,0.0
ann,gist-960-euclidean,annoy,default,4,0.97457,8.150451005000377,122.6925969356163,2026-04-04T15:27:01.828925,2026-04-04T15:27:09.983032,8,45.875,46.625,18.75,27.25,21.375,0.08375,17947.1875,0.0675,8711.34625,3065.7312500000003,3104.7725,3065.34,0.13,0.045,0.0475,0.045,0.35187902214310446,0.025,197.5125,189.985,0.010575000000000001,0.011,0.5137499999999999,36.7521533203125,71.96712158203124,25.875,12.9375,70.07112521701389,65.64305013020834,4.428077256944444,63.27816623263888,0.7259906684027778,0.7635112847222224,0.8753819444444445,15.839401245117188,10.45088815689087,1.7484850883483887,1.850128173828125,1.7898998260498047,33.74609375,18.1796875,4.625,4.40234375,6.5390625,0.0
ann,gist-960-euclidean,annoy,default,5,0.97457,8.22104912299983,121.63897636888268,2026-04-04T15:27:10.014921,2026-04-04T15:27:18.240308,8,45.125,46.25,18.875,25.625,18.375,0.08625000000000001,17878.8675,0.0675,8669.782500000001,3109.02625,3083.2962500000003,3016.76625,0.12875,0.04375,0.045,0.04375,0.3479633139585681,0.025,196.91250000000002,189.81875,0.0106375,0.0110375,0.52,36.8207470703125,71.95318481445312,25.875,12.989583333333334,73.23571044921874,68.72765869140625,4.508051757812501,66.16455566406249,0.754801025390625,0.8472338867187501,0.9610668945312499,15.84109115600586,10.450897216796875,1.7486419677734375,1.851348876953125,1.7902030944824219,33.748046875,18.1796875,4.625,4.404296875,6.5390625,0.0
ann,gist-960-euclidean,annoy,default,6,0.97457,8.156701897999938,122.59857139626554,2026-04-04T15:27:18.273241,2026-04-04T15:27:26.433755,9,39.666666666666664,40.333333333333336,23.22222222222222,28.666666666666668,22.77777777777778,0.08777777777777779,16992.624444444446,0.06222222222222223,7670.875555555558,3076.538888888889,3149.961111111111,3095.2477777777776,0.11555555555555556,0.04555555555555555,0.04777777777777778,0.04444444444444444,0.40106750091399085,0.024444444444444446,183.11888888888888,176.58,0.0101,0.010466666666666668,0.57,37.95656684027778,73.15203667534723,26.35185185185185,13.361111111111112,71.92785888671875,67.5787353515625,4.3491235351562505,65.04885864257812,0.74546875,0.847381591796875,0.937027587890625,15.841849327087402,10.45089864730835,1.7486419677734375,1.852081298828125,1.7902274131774902,33.75,18.1796875,4.625,4.40625,6.5390625,0.0
ann,gist-960-euclidean,annoy,default,7,0.97457,8.092015588999857,123.57860523148057,2026-04-04T15:27:26.463738,2026-04-04T15:27:34.560063,8,45.625,46.75,19.875,25.375,21.125,0.08,18091.378750000003,0.06875,8735.5275,3070.98875,3129.93125,3154.9325,0.13125000000000003,0.04625,0.04625,0.0475,0.35155160921879075,0.0225,198.31625000000003,191.13125000000002,0.0106,0.0109625,0.5175000000000001,37.0175390625,72.1291015625,25.927083333333332,13.104166666666666,72.39978271484375,68.17801025390625,4.22177001953125,65.65759399414063,0.7491186523437501,0.8554638671875001,0.9158288574218749,15.842016220092773,10.45106315612793,1.7486419677734375,1.852081298828125,1.7902297973632812,33.75,18.1796875,4.625,4.40625,6.5390625,0.0
ann,gist-960-euclidean,annoy,default,8,0.97457,8.204706144000284,121.8812694140488,2026-04-04T15:27:34.591713,2026-04-04T15:27:42.800647,8,45.875,46.875,17.375,24.0,23.125,0.08000000000000002,18064.2225,0.06875,8718.76375,3079.73125,3092.8237500000005,3172.9,0.13125,0.0475,0.04625,0.04875,0.3532302673071053,0.0225,198.15625,190.97500000000002,0.010625,0.0110125,0.51625,36.990447998046875,72.08739135742188,25.979166666666668,13.052083333333334,72.50769409179688,68.30392211914062,4.203775634765625,65.78761596679686,0.7324890136718749,0.85308349609375,0.93073486328125,15.842294692993164,10.451333045959473,1.7486419677734375,1.852081298828125,1.790238380432129,33.75,18.1796875,4.625,4.40625,6.5390625,0.0
ann,gist-960-euclidean,annoy,default,9,0.97457,8.18872776499984,122.1190920858534,2026-04-04T15:27:42.833807,2026-04-04T15:27:51.026831,8,46.375,47.25,21.5,23.375,24.25,0.0825,17844.41875,0.06625,8663.83,2996.47,3070.90125,3113.2162500000004,0.1275,0.045,0.04625,0.04625,0.34585974101523226,0.02375,197.35125,190.42874999999998,0.0107,0.0110875,0.51125,36.29345703125,70.821044921875,25.46875,12.760416666666666,69.64979166666666,65.80600694444445,3.843785807291667,63.461975911458325,0.6556315104166666,0.8079633246527778,0.8804405381944443,15.842304229736328,10.451335906982422,1.7486419677734375,1.852081298828125,1.7902450561523438,33.75,18.1796875,4.625,4.40625,6.5390625,0.0
ann,gist-960-euclidean,annoy,default,10,0.97457,8.156699920999927,122.5986011113929,2026-04-04T15:27:51.057382,2026-04-04T15:27:59.218244,8,45.5,46.375,20.375,23.625,23.375,0.085,17920.14875,0.06875,8646.005000000001,3040.2799999999997,3115.3075,3118.55875,0.1275,0.045,0.045,0.045,0.35163986141576364,0.026250000000000002,197.6475,190.00125000000003,0.0106625,0.0111,0.52,36.70950927734375,71.45916015625,25.708333333333332,12.9375,72.4907373046875,68.39883056640625,4.091905517578125,65.88988647460937,0.7307958984375,0.844024658203125,0.934130859375,15.8423171043396,10.45134449005127,1.7486419677734375,1.852081298828125,1.7902493476867676,33.75,18.1796875,4.625,4.40625,6.5390625,0.0
ann,gist-960-euclidean,annoy,default,11,0.97457,8.170243488000324,122.3953730961268,2026-04-04T15:27:59.249725,2026-04-04T15:28:07.424271,9,40.22222222222222,40.666666666666664,19.0,25.0,27.11111111111111,0.09111111111111111,17046.83111111111,0.06333333333333334,7706.5666666666675,3139.091111111111,3002.316666666667,3198.8577777777778,0.11444444444444447,0.04777777777777778,0.04444444444444444,0.04666666666666666,0.3895790170287677,0.024444444444444446,184.46333333333334,177.5388888888889,0.010344444444444446,0.010788888888888888,0.5677777777777777,38.181538628472225,73.389951171875,26.38888888888889,13.49074074074074,72.17810913085937,68.11297119140625,4.0651318359375,65.60409790039063,0.74324462890625,0.857059326171875,0.908570556640625,15.842372417449951,10.451372146606445,1.7486419677734375,1.852081298828125,1.7902770042419434,33.75,18.1796875,4.625,4.40625,6.5390625,0.0
ann,gist-960-euclidean,annoy,default,12,0.97457,8.220901078000225,121.6411668881503,2026-04-04T15:28:07.454884,2026-04-04T15:28:15.680106,8,45.75,46.625,18.375,23.5,25.625,0.08125,18056.28875,0.06875,8704.48,3047.0649999999996,3139.44375,3165.29875,0.13,0.04375,0.0475,0.0475,0.35005709703508997,0.0225,197.88875000000002,190.7975,0.010575000000000001,0.0109625,0.5175,36.973666992187496,71.93453735351562,25.875,13.0,71.92296875,67.90961181640625,4.013359375,65.39759521484376,0.7566589355468749,0.856427001953125,0.89892333984375,15.842469215393066,10.451377868652344,1.7486419677734375,1.852081298828125,1.7903680801391602,33.75,18.1796875,4.625,4.40625,6.5390625,0.0
ann,gist-960-euclidean,annoy,default,13,0.97457,8.158919263999906,122.56525253440866,2026-04-04T15:28:15.710702,2026-04-04T15:28:23.873925,8,45.625,46.75,17.625,19.375,23.25,0.08250000000000002,17934.017499999998,0.0675,8579.09125,3108.8362500000003,3093.84375,3152.24375,0.12875,0.04625,0.0475,0.0475,0.36062604532851894,0.0225,195.77749999999997,188.89875,0.01055,0.010925,0.51625,36.73173095703125,71.49976196289063,25.739583333333332,12.84375,71.59368041992187,67.59755493164062,3.9961267089843755,65.11034423828124,0.710074462890625,0.88304931640625,0.89408935546875,15.842474460601807,10.451377868652344,1.7486419677734375,1.852081298828125,1.7903733253479004,33.75,18.1796875,4.625,4.40625,6.5390625,0.0
ann,gist-960-euclidean,annoy,default,14,0.97457,8.125813085000118,123.06460775549398,2026-04-04T15:28:23.904258,2026-04-04T15:28:32.034270,8,45.75,46.75,14.5,18.5,23.125,0.08375,17938.802499999998,0.06625,8762.122500000001,3053.4125000000004,3059.8100000000004,3063.455,0.13125,0.04375,0.045,0.045,0.34847863631214926,0.025,198.365,191.1775,0.010725,0.0111125,0.51625,37.064658203125,72.09962646484375,25.96875,13.041666666666666,70.49063042534722,66.69007052951389,3.800560980902778,64.29225585937499,0.6928146701388889,0.8548470052083332,0.8501508246527778,15.842479705810547,10.451377868652344,1.7486419677734375,1.852081298828125,1.7903785705566406,33.75,18.1796875,4.625,4.40625,6.5390625,0.0
ann,gist-960-euclidean,annoy,default,15,0.97457,8.13082029599991,122.98882075797027,2026-04-04T15:28:32.066188,2026-04-04T15:28:40.201354,8,45.25,46.5,15.625,17.5,22.75,0.08375,17928.88625,0.06875,8726.39625,3060.90625,3008.0600000000004,3133.5225,0.13,0.04625,0.04625,0.04625,0.3447081605995144,0.02375,197.67375,191.04375,0.010725,0.0111,0.5187499999999999,37.085662841796875,72.11713134765625,25.979166666666668,13.09375,72.60693481445313,68.55129272460937,4.055643310546875,65.99918212890626,0.74165283203125,0.913807373046875,0.8966528320312499,15.842487335205078,10.451377868652344,1.7486419677734375,1.852081298828125,1.7903861999511719,33.75,18.1796875,4.625,4.40625,6.5390625,0.0
ann,gist-960-euclidean,annoy,default,16,0.97457,8.270216098999754,120.91582469301444,2026-04-04T15:28:40.231259,2026-04-04T15:28:48.505888,9,39.888888888888886,40.77777777777778,18.22222222222222,20.444444444444443,21.0,0.08888888888888889,17064.08,0.06555555555555556,7738.164444444444,3173.7233333333334,3143.8288888888887,3008.363333333333,0.11333333333333334,0.04888888888888889,0.04666666666666666,0.04555555555555555,0.38876963069622594,0.025555555555555557,184.19,177.51555555555558,0.010388888888888888,0.01078888888888889,0.5666666666666667,38.309299045138886,73.61712348090278,26.425925925925924,13.518518518518519,72.40177856445312,68.35584594726562,4.04593017578125,65.79462646484376,0.75898193359375,0.88869873046875,0.9135412597656251,15.842491149902344,10.451379299163818,1.7486443519592285,1.852081298828125,1.7903861999511719,33.75,18.1796875,4.625,4.40625,6.5390625,0.0
ann,gist-960-euclidean,annoy,default,17,0.97457,8.162306645999706,122.51438758308517,2026-04-04T15:28:48.536075,2026-04-04T15:28:56.702418,8,45.75,47.0,18.75,21.25,20.25,0.08000000000000002,18070.79625,0.0675,8759.41,3133.44875,3070.08375,3107.8512499999997,0.13,0.0475,0.045,0.0475,0.3504897875541846,0.0225,198.135,190.61,0.01055,0.0109875,0.51625,36.96382690429688,71.91243774414062,25.864583333333332,13.0,71.42191650390625,67.45589355468749,3.9660205078125,64.92778442382811,0.74337890625,0.891109619140625,0.8936230468749999,15.842498779296875,10.45138168334961,1.7486457824707031,1.852081298828125,1.7903900146484375,33.75,18.1796875,4.625,4.40625,6.5390625,0.0
ann,gist-960-euclidean,annoy,default,18,0.97457,8.131488191000244,122.97871884100852,2026-04-04T15:28:56.731686,2026-04-04T15:29:04.867024,8,45.875,47.125,16.0,22.0,18.125,0.08375,18022.68125,0.0675,8744.30875,3109.52125,3086.64625,3082.20125,0.13125,0.04625,0.045,0.045,0.3524808350345589,0.02375,197.565,190.48875,0.0106125,0.011000000000000001,0.5149999999999999,36.846904296874996,71.74913452148436,25.854166666666668,12.916666666666666,72.0639013671875,68.12003173828126,3.94386962890625,65.617509765625,0.733902587890625,0.8486560058593751,0.919962158203125,15.842510223388672,10.451390743255615,1.7486481666564941,1.852081298828125,1.7903900146484375,33.75,18.1796875,4.625,4.40625,6.5390625,0.0
ann,gist-960-euclidean,annoy,default,19,0.97457,8.210758135000106,121.79143308792486,2026-04-04T15:29:04.898228,2026-04-04T15:29:13.113263,8,45.625,46.875,17.5,19.75,17.125,0.0825,17989.048749999998,0.06625,8688.77375,3117.825,3067.9537499999997,3114.4987499999997,0.12875,0.045,0.0475,0.045,0.3530939852128155,0.025,198.34875,190.88375000000002,0.010675,0.0110625,0.51625,37.08255249023438,72.17213256835936,26.052083333333332,13.125,69.91364800347223,66.15598524305557,3.757660590277778,63.78073893229167,0.6983398437499999,0.8116037326388889,0.8653038194444443,15.84255313873291,10.451428413391113,1.7486534118652344,1.852081298828125,1.7903900146484375,33.75,18.1796875,4.625,4.40625,6.5390625,0.0
ann,gist-960-euclidean,annoy,default,20,0.97457,8.137916902000143,122.88156933062557,2026-04-04T15:29:13.145050,2026-04-04T15:29:21.287281,8,45.75,47.0,17.125,19.0,17.625,0.08750000000000001,17848.2275,0.0675,8739.23875,3107.065,2914.1899999999996,3087.7325,0.13,0.045,0.042499999999999996,0.04625,0.3334603943621519,0.025,198.1925,190.775,0.0107125,0.01115,0.5149999999999999,36.24947509765625,70.74936645507812,25.489583333333332,12.78125,72.31093505859376,68.33798095703125,3.972952880859375,65.80869262695313,0.77010986328125,0.863115234375,0.89606201171875,15.842720031738281,10.451595306396484,1.7486534118652344,1.852081298828125,1.7903900146484375,33.75,18.1796875,4.625,4.40625,6.5390625,0.0
ann,gist-960-euclidean,annoy,default,21,0.97457,8.128543311000158,123.02327265042985,2026-04-04T15:29:21.318945,2026-04-04T15:29:29.451912,9,40.111111111111114,41.0,17.666666666666668,20.77777777777778,19.333333333333332,0.08888888888888889,17034.955555555556,0.06555555555555556,7745.886666666668,3084.318888888889,3146.228888888889,3058.5199999999995,0.11555555555555558,0.04555555555555555,0.04777777777777778,0.04444444444444444,0.3948573135160768,0.025555555555555557,184.60444444444443,177.52555555555557,0.010411111111111112,0.010833333333333334,0.5655555555555556,38.149180772569444,73.34269965277778,26.36111111111111,13.444444444444445,72.08204223632812,68.09221801757812,3.989827880859375,65.53808349609375,0.810181884765625,0.870001220703125,0.8739489746093749,15.842726230621338,10.451597690582275,1.7486534118652344,1.852081298828125,1.7903938293457031,33.75,18.1796875,4.625,4.40625,6.5390625,0.0
ann,gist-960-euclidean,annoy,default,22,0.97457,8.164850322999882,122.4762194578217,2026-04-04T15:29:29.484110,2026-04-04T15:29:37.653450,8,45.25,46.25,16.0,21.25,23.0,0.08125,18114.493749999998,0.0675,8656.00375,3111.8224999999998,3157.4925,3189.1775000000002,0.12875000000000003,0.0475,0.04625,0.04875,0.3594987467513516,0.02375,198.01875,190.72750000000002,0.01055,0.0109625,0.52125,37.234697265624995,72.38647705078125,26.0625,13.145833333333334,71.96979370117188,68.05250244140625,3.917293701171875,65.51824829101562,0.8026562500000001,0.8806005859375,0.85099609375,15.842824935913086,10.451616287231445,1.7487306594848633,1.852081298828125,1.7903966903686523,33.75,18.1796875,4.625,4.40625,6.5390625,0.0
ann,gist-960-euclidean,annoy,default,23,0.97457,8.21792982299985,121.68514717675733,2026-04-04T15:29:37.684957,2026-04-04T15:29:45.907264,8,45.625,46.875,19.125,17.875,21.5,0.08125,18011.870000000003,0.0675,8703.3625,3101.72375,3130.1025,3076.6850000000004,0.1275,0.0475,0.04625,0.045,0.3535053262460343,0.02375,197.5025,190.33749999999998,0.0105875,0.010974999999999999,0.51625,36.879343261718745,71.7063916015625,25.802083333333332,12.96875,71.77411010742188,67.88490844726563,3.8892004394531248,65.39562744140625,0.76146484375,0.9104736328124999,0.817342529296875,15.8428635597229,10.45162582397461,1.7487587928771973,1.852081298828125,1.7903976440429688,33.75,18.1796875,4.625,4.40625,6.5390625,0.0
ann,gist-960-euclidean,annoy,default,24,0.97457,8.213776625999799,121.74667580253046,2026-04-04T15:29:45.938118,2026-04-04T15:29:54.155994,8,45.25,46.625,19.0,17.0,20.25,0.0825,17836.08875,0.06625,8614.28125,3106.82,3059.14375,3055.84125,0.13,0.0475,0.045,0.04625,0.3547412908070537,0.025,196.45125000000002,189.25875,0.01065,0.0110625,0.51875,36.81689086914062,71.55653930664062,25.854166666666668,12.96875,69.73169270833334,66.00923828125,3.7224533420138894,63.60538519965279,0.7232421874999999,0.8564518229166667,0.8241569010416666,15.842870712280273,10.45162582397461,1.7487659454345703,1.852081298828125,1.7903976440429688,33.75,18.1796875,4.625,4.40625,6.5390625,0.0
ann,gist-960-euclidean,annoy,default,25,0.97457,8.312683885999832,120.29809069056428,2026-04-04T15:29:54.185341,2026-04-04T15:30:02.502330,9,40.22222222222222,41.22222222222222,17.333333333333332,22.666666666666668,20.88888888888889,0.08777777777777779,16796.629999999997,0.06444444444444446,7659.038888888888,2924.4655555555555,3161.8533333333335,3051.2733333333335,0.11444444444444445,0.042222222222222223,0.04666666666666666,0.04444444444444444,0.3818319240809879,0.025555555555555557,182.5622222222222,175.5,0.010355555555555555,0.010755555555555556,0.5644444444444444,37.28210069444444,71.69540690104166,25.787037037037035,13.157407407407407,72.01085937500001,68.04927368164063,3.96158935546875,65.48987915039062,0.775491943359375,0.876849365234375,0.907052001953125,15.84287855360243,10.45162582397461,1.7487678527832031,1.852081298828125,1.790403578016493,33.75,18.1796875,4.625,4.40625,6.5390625,0.0
ann,gist-960-euclidean,annoy,default,26,0.97457,8.43315279699982,118.57961358837944,2026-04-04T15:30:02.535596,2026-04-04T15:30:10.973384,8,45.0,46.375,18.0,21.0,19.375,0.08000000000000002,18030.353750000002,0.0675,8618.69875,3233.2650000000003,3058.0387499999997,3120.3512499999997,0.12625000000000003,0.04875,0.045,0.0475,0.3548144376202962,0.0225,197.43374999999997,190.47125,0.0106,0.010975,0.52,37.09973754882813,72.15718872070312,25.989583333333332,13.104166666666666,70.77572998046875,66.88965576171876,3.8860766601562498,64.34203369140624,0.8058618164062501,0.85690185546875,0.8848486328125,15.842888832092285,10.451630592346191,1.7487716674804688,1.852081298828125,1.7904052734375,33.75,18.1796875,4.625,4.40625,6.5390625,0.0
ann,gist-960-euclidean,annoy,default,27,0.97457,8.170360738,122.39361664278086,2026-04-04T15:30:11.004177,2026-04-04T15:30:19.179166,8,46.375,47.75,15.875,17.375,19.0,0.08375,17677.14,0.065,8623.662499999999,3077.56,2991.9375,2983.9775,0.13,0.045,0.04625,0.045,0.34602206429112925,0.025,195.39374999999998,188.615,0.010662499999999998,0.0110625,0.51125,35.49817626953125,69.296103515625,24.916666666666668,12.479166666666666,68.635078125,64.97897569444443,3.656101345486111,62.62663628472222,0.7431694878472221,0.7852387152777777,0.8239333767361112,15.842902660369873,10.451640129089355,1.7487759590148926,1.852081298828125,1.7904052734375,33.75,18.1796875,4.625,4.40625,6.5390625,0.0
ann,gist-960-euclidean,annoy,default,28,0.97457,8.149347613999907,122.70920905154205,2026-04-04T15:30:19.208426,2026-04-04T15:30:27.362147,8,45.125,46.5,15.125,17.875,17.375,0.0825,17888.207499999997,0.06875,8740.1175,3001.3575,3087.25,3059.4825,0.13,0.04375,0.04625,0.045,0.34340013163438593,0.025,198.28375,191.60375,0.010787499999999998,0.011175000000000001,0.51875,36.940794677734374,71.83684326171876,25.78125,13.041666666666666,72.55261596679688,68.58858398437499,3.9640307617187505,66.00127563476562,0.837626953125,0.839423828125,0.9102551269531249,15.842909336090088,10.451641082763672,1.748781681060791,1.852081298828125,1.7904052734375,33.75,18.1796875,4.625,4.40625,6.5390625,0.0
ann,gist-960-euclidean,annoy,default,29,0.97457,8.176307126999745,122.3046033456604,2026-04-04T15:30:27.391502,2026-04-04T15:30:35.572338,9,40.55555555555556,41.55555555555556,15.88888888888889,20.666666666666668,18.77777777777778,0.08888888888888889,17113.126666666663,0.06333333333333334,7823.538888888889,3097.5822222222223,3139.2266666666665,3052.7811111111114,0.11666666666666667,0.04666666666666666,0.04777777777777778,0.04444444444444444,0.39020463174877523,0.02222222222222222,185.47555555555556,178.88444444444445,0.0104,0.010811111111111112,0.5599999999999999,38.34210069444445,73.71265733506944,26.51851851851852,13.527777777777779,72.08818481445311,68.11387329101564,3.974310302734375,65.5461767578125,0.853525390625,0.85456787109375,0.859600830078125,15.84291124343872,10.451641082763672,1.7487831115722656,1.8520817756652832,1.7904052734375,33.75,18.1796875,4.625,4.40625,6.5390625,0.0
ann,gist-960-euclidean,annoy,default,30,0.97457,8.174529558999893,122.33119872923234,2026-04-04T15:30:35.604485,2026-04-04T15:30:43.782912,8,45.125,46.5,15.125,20.0,21.0,0.08125,18066.783750000002,0.06875,8669.16,3165.9425,3112.6549999999997,3119.0225,0.1275,0.04625,0.04625,0.04625,0.35904920430583814,0.02375,197.9675,190.53375,0.010562499999999999,0.0109625,0.52125,37.16231811523437,72.18367919921876,26.041666666666668,13.041666666666666,71.850283203125,67.94515014648437,3.9051367187499997,65.3877294921875,0.845592041015625,0.8391271972656251,0.872698974609375,15.842914581298828,10.451641082763672,1.7487831115722656,1.8520851135253906,1.7904052734375,33.75,18.1796875,4.625,4.40625,6.5390625,0.0
ann,gist-960-euclidean,annoy,imbalanced-memory,1,0.97457,24.03362786399975,41.60836664604895,2026-04-04T15:56:56.500147,2026-04-04T15:57:20.533794,24,31.5,29.416666666666668,51.75,41.0,59.75,0.14541666666666667,10010.405416666666,0.0375,3503.8266666666664,2042.1991666666665,2053.36,2411.0208333333335,0.0525,0.030833333333333334,0.03125,0.036666666666666674,0.5828482287936618,0.38958333333333334,74.47458333333334,60.72708333333333,0.004066666666666666,0.006141666666666667,0.5670833333333333,13.463569742838542,30.333335774739584,10.718750000000002,4.663194444444445,25.16527994791667,21.68291259765625,3.482366943359375,21.143892008463542,0.19537679036458333,0.23156656901041664,0.11207519531249999,8.206453005472818,8.09160312016805,0.04764556884765625,0.034168243408203125,0.033100128173828125,28.2919921875,24.651041666666668,0.62890625,0.484375,2.52734375,0.0
ann,gist-960-euclidean,annoy,imbalanced-memory,2,0.97457,8.496320134000598,117.69801328438616,2026-04-04T15:57:20.566197,2026-04-04T15:57:29.066126,8,49.125,49.125,96.125,63.0,77.75,0.08125,17648.47,0.06375,8806.41875,2941.24125,2972.8025,2928.00875,0.13125,0.04375,0.04375,0.04375,0.33248575080534293,0.025,193.94374999999997,186.44,0.010624999999999999,0.0110625,0.48500000000000004,34.0402490234375,66.77456909179688,24.270833333333332,12.239583333333334,68.87648546006943,65.49826388888889,3.37822265625,65.25536892361112,0.05824001736111111,0.11057400173611111,0.07407877604166666,9.810033798217773,9.695119857788086,0.04764556884765625,0.034168243408203125,0.033100128173828125,31.439453125,27.798828125,0.62890625,0.484375,2.52734375,0.0
ann,gist-960-euclidean,annoy,imbalanced-memory,3,0.97457,8.397941031999835,119.07680658741968,2026-04-04T15:57:29.095860,2026-04-04T15:57:37.497944,9,43.888888888888886,43.55555555555556,95.66666666666667,62.55555555555556,77.22222222222223,0.08777777777777779,16737.59888888889,0.06222222222222223,7901.146666666667,2962.1244444444437,3003.3288888888887,2870.998888888889,0.11666666666666667,0.04333333333333333,0.04444444444444444,0.04222222222222222,0.3633648393088373,0.025555555555555557,180.8788888888889,174.28222222222223,0.010388888888888888,0.010788888888888888,0.5344444444444445,35.26198784722222,68.25600911458334,24.759259259259263,12.685185185185185,70.07032958984375,66.62327636718751,3.447054443359375,66.38782348632813,0.058018798828124996,0.10521606445312501,0.07221923828125,9.845724105834961,9.730810642242432,0.04764556884765625,0.034168243408203125,0.033100128173828125,31.51123046875,27.87060546875,0.62890625,0.484375,2.52734375,0.0
ann,gist-960-euclidean,annoy,imbalanced-memory,4,0.97457,8.367993851000392,119.50295588236484,2026-04-04T15:57:37.529390,2026-04-04T15:57:45.901138,8,49.625,49.5,95.75,62.875,77.875,0.07750000000000001,17695.05,0.06625,8900.216250000001,2907.09,2946.9137499999997,2940.8337500000002,0.1325,0.04375,0.042499999999999996,0.04375,0.3266313894339365,0.02375,194.44750000000002,187.3125,0.0106625,0.011075,0.48375,33.979140625,66.72159790039063,24.1875,12.1875,69.04217990451389,65.702275390625,3.3399034288194445,65.46496202256944,0.05707139756944443,0.10681749131944444,0.073427734375,9.869411044650608,9.75449710422092,0.04764556884765625,0.034168243408203125,0.033100128173828125,31.545572916666668,27.904947916666668,0.62890625,0.484375,2.52734375,0.0
ann,gist-960-euclidean,annoy,imbalanced-memory,5,0.97457,8.41138691299966,118.8864583621182,2026-04-04T15:57:45.931142,2026-04-04T15:57:54.346981,9,43.888888888888886,43.44444444444444,95.77777777777777,63.111111111111114,79.44444444444444,0.08222222222222222,16791.484444444446,0.06444444444444446,7804.286666666667,2950.8011111111114,3006.101111111111,3030.2955555555554,0.11666666666666667,0.04555555555555555,0.04444444444444444,0.04555555555555555,0.378100041316325,0.025555555555555557,180.67888888888888,173.9811111111111,0.010333333333333333,0.010733333333333333,0.5366666666666666,35.889543185763884,69.24593967013888,25.157407407407405,12.916666666666666,70.57130859375,67.09129516601563,3.4800146484375,66.85618774414063,0.05772705078125,0.10388671875,0.07349609375,9.883049488067627,9.76813554763794,0.04764556884765625,0.034168243408203125,0.033100128173828125,31.5556640625,27.9150390625,0.62890625,0.484375,2.52734375,0.0
ann,gist-960-euclidean,annoy,imbalanced-memory,6,0.97457,8.456982458999846,118.24548588673125,2026-04-04T15:57:54.378825,2026-04-04T15:58:02.839632,8,49.625,49.5,96.125,63.75,78.75,0.07750000000000001,17762.521249999998,0.06875,8847.641249999999,2977.49625,2960.7249999999995,2976.655,0.13125,0.04375,0.045,0.045,0.33463438631171893,0.02375,194.7825,187.765,0.01065,0.011025,0.48375,34.017882080078124,66.72151000976564,24.177083333333332,12.229166666666666,68.75440429687501,65.47121961805556,3.283185763888889,65.23905598958333,0.05593424479166667,0.10351128472222222,0.07272135416666667,9.89298375447591,9.778069814046223,0.04764556884765625,0.034168243408203125,0.033100128173828125,31.56423611111111,27.92361111111111,0.62890625,0.484375,2.52734375,0.0
ann,gist-960-euclidean,annoy,imbalanced-memory,7,0.97457,8.50133670699961,117.6285605976112,2026-04-04T15:58:02.868998,2026-04-04T15:58:11.374824,9,43.666666666666664,43.55555555555556,96.33333333333333,64.55555555555556,78.55555555555556,0.08333333333333333,16620.867777777778,0.06333333333333334,7853.117777777779,2922.155555555555,2910.722222222222,2934.8677777777775,0.11777777777777779,0.04444444444444444,0.04333333333333333,0.04333333333333333,0.37064543084515894,0.02666666666666667,179.57777777777775,172.7411111111111,0.010299999999999998,0.01071111111111111,0.5377777777777778,35.20438151041666,68.05554361979168,24.694444444444446,12.629629629629628,70.33133911132813,66.89425537109375,3.43708251953125,66.658798828125,0.058851318359375,0.10368164062500002,0.07292480468750001,9.901844501495361,9.786930561065674,0.04764556884765625,0.034168243408203125,0.033100128173828125,31.56689453125,27.92626953125,0.62890625,0.484375,2.52734375,0.0
ann,gist-960-euclidean,annoy,imbalanced-memory,8,0.97457,8.387513902000137,119.22483964664832,2026-04-04T15:58:11.408384,2026-04-04T15:58:19.799907,8,49.875,49.75,96.625,64.625,78.375,0.07750000000000001,17705.875,0.0675,8889.20625,2883.175,3001.63375,2931.8599999999997,0.13125,0.04375,0.045,0.042499999999999996,0.3243456073482377,0.0225,194.4375,187.72125,0.010700000000000001,0.0110625,0.48125,33.72794799804687,66.22092651367187,23.989583333333332,12.114583333333334,68.33348307291668,65.09179361979166,3.2416905381944443,64.86153211805555,0.056832682291666665,0.10328233506944444,0.07014756944444445,9.911529541015625,9.796615600585938,0.04764556884765625,0.034168243408203125,0.033100128173828125,31.5703125,27.9296875,0.62890625,0.484375,2.52734375,0.0
ann,gist-960-euclidean,annoy,imbalanced-memory,9,0.97457,8.49503239600017,117.71585479424934,2026-04-04T15:58:19.830906,2026-04-04T15:58:28.330283,9,43.55555555555556,43.44444444444444,95.11111111111111,64.66666666666667,79.88888888888889,0.08333333333333333,16675.61,0.06333333333333334,7827.121111111111,2841.8533333333335,2948.2511111111116,3058.383333333333,0.11888888888888889,0.042222222222222223,0.04333333333333333,0.04444444444444444,0.3630777258958133,0.02666666666666667,179.87888888888887,173.06333333333333,0.010277777777777778,0.0107,0.5366666666666666,35.38230902777778,68.34414822048612,24.805555555555554,12.694444444444445,70.72588623046875,67.29700073242188,3.428885498046875,67.06144165039062,0.057957763671874996,0.10348388671875,0.0741162109375,9.918123245239258,9.80320930480957,0.04764556884765625,0.034168243408203125,0.033100128173828125,31.5703125,27.9296875,0.62890625,0.484375,2.52734375,0.0
ann,gist-960-euclidean,annoy,imbalanced-memory,10,0.97457,8.398033819000375,119.07549094855048,2026-04-04T15:58:28.362469,2026-04-04T15:58:36.764540,8,49.25,49.125,96.625,63.75,79.625,0.07875000000000001,17781.353750000002,0.0675,8781.298750000002,3029.53125,2978.30875,2992.2149999999997,0.13125,0.04375,0.04375,0.045,0.3391649498315952,0.0225,194.2575,187.0625,0.0105875,0.0109875,0.4875,34.1747314453125,66.90031616210939,24.25,12.260416666666666,67.8952734375,64.69820095486111,3.1970703125000006,64.47061197916666,0.053594835069444444,0.1021115451388889,0.07188151041666667,9.921821594238281,9.806907653808594,0.04764556884765625,0.034168243408203125,0.033100128173828125,31.5703125,27.9296875,0.62890625,0.484375,2.52734375,0.0
ann,gist-960-euclidean,annoy,imbalanced-memory,11,0.97457,8.379874872000073,119.33352410085858,2026-04-04T15:58:36.795773,2026-04-04T15:58:45.179603,8,49.125,49.0,96.125,64.0,79.625,0.0825,17684.222500000003,0.065,8874.4775,2876.0725,2938.9475,2994.72125,0.13125,0.04375,0.045,0.04375,0.32408358689286215,0.025,194.13875000000002,186.165,0.0106375,0.0110875,0.4875,34.038612060546875,66.66828247070312,24.1875,12.208333333333334,70.91322143554687,67.49430297851562,3.418919677734375,67.25863525390625,0.058582763671874996,0.10327392578125,0.07380859375,9.924295213487413,9.809381273057726,0.04764556884765625,0.034168243408203125,0.033100128173828125,31.5703125,27.9296875,0.62890625,0.484375,2.52734375,0.0
ann,gist-960-euclidean,annoy,imbalanced-memory,12,0.97457,8.426347791999433,118.67537688741857,2026-04-04T15:58:45.211222,2026-04-04T15:58:53.642331,9,43.666666666666664,43.44444444444444,96.11111111111111,63.55555555555556,79.77777777777777,0.08333333333333333,16856.763333333332,0.06222222222222223,7873.071111111111,2968.6200000000003,3009.3844444444444,3005.6877777777777,0.11777777777777779,0.04333333333333333,0.04555555555555555,0.04444444444444444,0.3770599754663012,0.02333333333333333,180.92555555555555,174.5288888888889,0.010211111111111112,0.0106,0.5355555555555556,35.619289279513886,68.76223415798613,24.953703703703706,12.833333333333334,70.220966796875,66.89679321289063,3.32417724609375,66.66619262695312,0.056807861328125,0.101124267578125,0.072666015625,9.927569389343262,9.812655448913574,0.04764556884765625,0.034168243408203125,0.033100128173828125,31.5703125,27.9296875,0.62890625,0.484375,2.52734375,0.0
ann,gist-960-euclidean,annoy,imbalanced-memory,13,0.97457,8.412576689999696,118.86964444422036,2026-04-04T15:58:53.672432,2026-04-04T15:59:02.088941,8,49.375,49.375,96.25,64.125,80.25,0.07750000000000001,17611.04375,0.06625,8798.427500000002,2884.9849999999997,2905.32625,3022.30875,0.13125,0.045,0.04375,0.042499999999999996,0.327897797646227,0.02375,193.9925,187.18,0.010687499999999999,0.0110875,0.485,33.909691162109375,66.49823608398438,24.104166666666668,12.166666666666666,68.89446072048611,65.63663411458334,3.257824435763889,65.40570746527777,0.05696723090277778,0.10215060763888889,0.0718088107638889,9.929441663953993,9.814527723524305,0.04764556884765625,0.034168243408203125,0.033100128173828125,31.5703125,27.9296875,0.62890625,0.484375,2.52734375,0.0
ann,gist-960-euclidean,annoy,imbalanced-memory,14,0.97457,8.440942713000368,118.47017969448412,2026-04-04T15:59:02.119341,2026-04-04T15:59:10.564643,9,43.77777777777778,43.44444444444444,96.0,63.111111111111114,80.55555555555556,0.08666666666666667,16834.98,0.06222222222222223,7783.334444444444,3067.156666666667,2926.2233333333334,3058.2688888888893,0.11555555555555556,0.04555555555555555,0.04333333333333333,0.04555555555555555,0.37596011763595755,0.02666666666666667,180.49555555555554,173.61888888888888,0.010366666666666666,0.01078888888888889,0.5366666666666666,35.71625,68.88336371527778,25.0,12.842592592592593,70.09812500000001,66.76595092773437,3.3321728515625,66.53469604492187,0.057518310546875,0.1001904296875,0.07354248046875,9.931712627410889,9.816798686981201,0.04764556884765625,0.034168243408203125,0.033100128173828125,31.5703125,27.9296875,0.62890625,0.484375,2.52734375,0.0
ann,gist-960-euclidean,annoy,imbalanced-memory,15,0.97457,8.413597591000325,118.85522087123093,2026-04-04T15:59:10.594002,2026-04-04T15:59:19.011473,8,49.875,49.75,96.0,63.25,80.375,0.07625000000000001,17651.07875,0.06625,8889.9775,2905.4175000000005,2884.34625,2971.33875,0.1325,0.04375,0.045,0.04375,0.32444921823480427,0.02375,194.69375,187.11374999999998,0.010700000000000001,0.0111375,0.48125,33.644468994140624,66.04326904296875,23.96875,12.083333333333334,68.69376736111111,65.45792317708333,3.2358409288194445,65.22860460069444,0.05579861111111111,0.101630859375,0.07188368055555555,9.933609008789062,9.818695068359375,0.04764556884765625,0.034168243408203125,0.033100128173828125,31.5703125,27.9296875,0.62890625,0.484375,2.52734375,0.0
ann,gist-960-euclidean,annoy,imbalanced-memory,16,0.97457,8.46037811199949,118.19802693944423,2026-04-04T15:59:19.043309,2026-04-04T15:59:27.507741,9,44.111111111111114,44.0,96.11111111111111,65.44444444444444,79.77777777777777,0.08444444444444445,16762.496666666666,0.06222222222222223,7831.021111111111,2949.9077777777775,3011.047777777778,2970.52,0.11666666666666667,0.04333333333333333,0.04333333333333333,0.04444444444444444,0.37669516349435905,0.025555555555555557,180.7433333333333,174.10666666666668,0.010388888888888887,0.010811111111111112,0.5333333333333334,35.51005425347222,68.54172634548611,24.87962962962963,12.731481481481481,70.25665893554688,66.90096801757812,3.3556896972656247,66.66916381835938,0.056951904296875,0.101505126953125,0.07334838867187499,9.934919834136963,9.820005893707275,0.04764556884765625,0.034168243408203125,0.033100128173828125,31.5703125,27.9296875,0.62890625,0.484375,2.52734375,0.0
ann,gist-960-euclidean,annoy,imbalanced-memory,17,0.97457,8.573636102999444,116.63662744563592,2026-04-04T15:59:27.537311,2026-04-04T15:59:36.115704,8,49.625,49.5,96.5,65.0,79.75,0.07875000000000001,17661.386250000003,0.06625,8747.2525,2967.8825,3007.08,2939.1725,0.13125,0.045,0.045,0.04375,0.3360109360053342,0.02375,192.83749999999998,185.99625,0.0106125,0.0109625,0.48375,33.822197265625,66.28980224609376,24.041666666666668,12.145833333333334,68.53642252604168,65.34293077256945,3.193491753472222,65.11375108506945,0.055999348958333334,0.10308485243055555,0.07010199652777778,9.935154808892143,9.820240868462456,0.04764556884765625,0.034168243408203125,0.033100128173828125,31.56640625,27.92578125,0.62890625,0.484375,2.52734375,0.0
ann,gist-960-euclidean,annoy,imbalanced-memory,18,0.97457,8.550412976000189,116.95341532705612,2026-04-04T15:59:36.146509,2026-04-04T15:59:44.700833,9,44.333333333333336,44.22222222222222,95.88888888888889,63.77777777777778,80.11111111111111,0.08777777777777779,16589.202222222222,0.061111111111111116,7906.832222222223,2918.5577777777776,2745.236666666666,3018.5777777777776,0.11666666666666667,0.04555555555555555,0.04,0.04444444444444444,0.34719804208708943,0.024444444444444446,179.66555555555556,172.6811111111111,0.010411111111111114,0.010844444444444445,0.53,34.43956922743055,66.70638671875001,24.185185185185187,12.333333333333334,69.45472290039064,66.16358764648437,3.2911328125,65.93419677734374,0.0562060546875,0.10078491210937501,0.0723974609375,9.936791896820068,9.82187795639038,0.04764556884765625,0.034168243408203125,0.033100128173828125,31.56640625,27.92578125,0.62890625,0.484375,2.52734375,0.0
ann,gist-960-euclidean,annoy,imbalanced-memory,19,0.97457,8.653256162000616,115.56343430480416,2026-04-04T15:59:44.730417,2026-04-04T15:59:53.388011,9,44.111111111111114,44.0,95.11111111111111,64.77777777777777,77.33333333333333,0.0811111111111111,16366.816666666668,0.061111111111111116,7813.434444444445,2855.827777777778,2958.9977777777776,2738.5611111111116,0.11666666666666667,0.042222222222222223,0.04333333333333333,0.04,0.35049390003627656,0.02666666666666667,177.59888888888887,170.70888888888888,0.010322222222222222,0.010744444444444445,0.5322222222222223,33.77223958333334,65.52427191840279,23.76851851851852,12.120370370370372,67.50452473958335,64.30481119791666,3.199714626736111,64.07548068576389,0.056472439236111116,0.10049370659722223,0.07236870659722222,9.938657548692492,9.823743608262804,0.04764556884765625,0.034168243408203125,0.033100128173828125,31.56640625,27.92578125,0.62890625,0.484375,2.52734375,0.0
ann,gist-960-euclidean,annoy,imbalanced-memory,20,0.97457,8.426910266999585,118.6674556054163,2026-04-04T15:59:53.417655,2026-04-04T16:00:01.849294,8,49.75,49.625,96.375,64.75,79.625,0.07750000000000001,17835.435,0.065,8871.40375,3040.725,2937.1575000000003,2986.14875,0.13125,0.0475,0.045,0.04375,0.33108148189061964,0.025,195.0,187.35875,0.010624999999999999,0.011,0.4825,33.94406372070313,66.53794189453124,24.135416666666668,12.177083333333334,66.8030881076389,63.698336588541665,3.104750434027778,63.47416666666667,0.0546950954861111,0.10079969618055556,0.06867513020833332,9.939764976501465,9.824851036071777,0.04764556884765625,0.034168243408203125,0.033100128173828125,31.56640625,27.92578125,0.62890625,0.484375,2.52734375,0.0
ann,gist-960-euclidean,annoy,imbalanced-memory,21,0.97457,8.396989615000166,119.0902985295618,2026-04-04T16:00:01.882009,2026-04-04T16:00:10.283650,8,49.125,49.0,96.5,62.625,79.375,0.07875000000000001,17553.79625,0.06625,8780.55875,2962.1125,2854.7525,2956.37,0.13,0.04375,0.041249999999999995,0.045,0.32512196333746984,0.025,193.13625000000002,185.5775,0.0105875,0.011025,0.48875,33.775450439453124,66.15944702148438,24.0,12.114583333333334,70.72477050781251,67.36117309570312,3.363597412109375,67.124208984375,0.058974609375,0.10326293945312501,0.07472656250000001,9.940881517198351,9.82596715291341,0.04764556884765625,0.03416866726345486,0.033100128173828125,31.56640625,27.92578125,0.62890625,0.484375,2.52734375,0.0
ann,gist-960-euclidean,annoy,imbalanced-memory,22,0.97457,8.458907714999441,118.21857309387444,2026-04-04T16:00:10.313770,2026-04-04T16:00:18.776949,9,43.44444444444444,43.22222222222222,96.66666666666667,65.33333333333333,80.66666666666667,0.08000000000000002,16903.32777777778,0.06222222222222223,7855.445555555557,3037.912222222222,2978.807777777778,3031.16,0.11777777777777779,0.04666666666666666,0.04666666666666666,0.04666666666666666,0.37920290538721824,0.024444444444444446,180.88222222222223,173.89888888888888,0.01018888888888889,0.0106,0.5388888888888889,35.89279730902778,69.17697157118056,25.08333333333334,12.870370370370372,70.25478271484374,66.95451904296874,3.3002612304687498,66.72490478515624,0.057589111328125,0.10056518554687499,0.071458740234375,9.941545963287354,9.8266282081604,0.04764556884765625,0.03417205810546875,0.033100128173828125,31.56640625,27.92578125,0.62890625,0.484375,2.52734375,0.0
ann,gist-960-euclidean,annoy,imbalanced-memory,23,0.97457,8.411514319999696,118.88465762013185,2026-04-04T16:00:18.808023,2026-04-04T16:00:27.223623,8,49.75,49.75,96.0,62.5,79.125,0.08125,17485.0775,0.065,8848.565,2872.1125,2857.555,2906.84875,0.13125,0.04375,0.042499999999999996,0.042499999999999996,0.32293993432833457,0.02375,193.57,187.10375,0.010775,0.011162499999999999,0.48250000000000004,33.44179809570312,65.61474853515625,23.770833333333332,12.010416666666666,68.58368598090277,65.38577365451388,3.1979101562500003,65.15293077256945,0.056490885416666664,0.10297743055555555,0.07337782118055555,9.942550659179688,9.827632904052734,0.04764556884765625,0.03417205810546875,0.033100128173828125,31.56640625,27.92578125,0.62890625,0.484375,2.52734375,0.0
ann,gist-960-euclidean,annoy,imbalanced-memory,24,0.97457,8.467993200999445,118.09173392840866,2026-04-04T16:00:27.255937,2026-04-04T16:00:35.728858,9,44.0,43.888888888888886,96.55555555555556,64.77777777777777,80.77777777777777,0.08555555555555555,16891.128888888885,0.06222222222222223,7811.277777777777,2929.0866666666666,3103.412222222222,3047.348888888889,0.1166666666666667,0.04333333333333333,0.04666666666666666,0.04555555555555555,0.37498175714600684,0.02333333333333333,181.12666666666667,175.09666666666666,0.010388888888888888,0.01078888888888889,0.5333333333333334,35.79336805555555,69.01509114583331,25.037037037037035,12.824074074074074,70.37925659179687,67.08734375,3.291912841796875,66.85626586914063,0.055860595703125,0.1025146484375,0.07270385742187499,9.943286418914795,9.82836103439331,0.04764556884765625,0.0341796875,0.033100128173828125,31.56640625,27.92578125,0.62890625,0.484375,2.52734375,0.0
ann,gist-960-euclidean,annoy,imbalanced-memory,25,0.97457,8.583582557999762,116.50147164577756,2026-04-04T16:00:35.761155,2026-04-04T16:00:44.348842,8,49.75,49.625,95.875,64.75,80.0,0.07875,17543.263750000002,0.065,8845.395,2854.64375,2897.7937500000003,2945.43375,0.1325,0.042499999999999996,0.042499999999999996,0.04375,0.3227265430204078,0.0225,194.13625000000002,187.2425,0.0107375,0.0111375,0.48125,33.704710693359374,66.11217895507812,23.989583333333332,12.104166666666666,68.79281684027778,65.58434678819444,3.208473307291667,65.35384440104167,0.05528862847222222,0.10213324652777778,0.07308051215277778,9.94451904296875,9.829593658447266,0.04764556884765625,0.0341796875,0.033100128173828125,31.56640625,27.92578125,0.62890625,0.484375,2.52734375,0.0
ann,gist-960-euclidean,annoy,imbalanced-memory,26,0.97457,8.464091944999382,118.1461645854171,2026-04-04T16:00:44.379980,2026-04-04T16:00:52.848148,8,49.0,48.875,97.0,64.5,80.625,0.07750000000000001,17875.76625,0.065,8826.78875,3006.315,3039.77,3002.895,0.1325,0.045,0.04375,0.04625,0.34020243205661854,0.0225,194.92,187.64999999999998,0.0105625,0.010975,0.48875,34.511551513671876,67.45423950195313,24.447916666666668,12.375,66.89319661458333,63.799033203125,3.0941644965277777,63.577050781249994,0.05336588541666666,0.09826822916666667,0.07034939236111112,9.945040225982666,9.830114841461182,0.04764556884765625,0.0341796875,0.033100128173828125,31.56640625,27.92578125,0.62890625,0.484375,2.52734375,0.0
ann,gist-960-euclidean,annoy,imbalanced-memory,27,0.97457,8.428185052999652,118.6495068287677,2026-04-04T16:00:52.879368,2026-04-04T16:01:01.311650,8,49.375,49.25,96.75,64.5,79.375,0.07875000000000001,17521.35875,0.0675,8861.57,2841.16,2887.09625,2931.53625,0.1325,0.042499999999999996,0.04375,0.042499999999999996,0.32061587280809156,0.026250000000000002,193.31624999999997,186.235,0.010687499999999999,0.011099999999999999,0.485,33.57627319335937,65.85811767578124,23.875,12.041666666666666,70.840009765625,67.50495361328126,3.335057373046875,67.2693505859375,0.058426513671875,0.103001708984375,0.07417114257812499,9.945473194122314,9.83054780960083,0.04764556884765625,0.0341796875,0.033100128173828125,31.56640625,27.92578125,0.62890625,0.484375,2.52734375,0.0
ann,gist-960-euclidean,annoy,imbalanced-memory,28,0.97457,8.523161621999861,117.32735390337014,2026-04-04T16:01:01.342387,2026-04-04T16:01:09.870352,9,43.77777777777778,43.44444444444444,96.0,63.888888888888886,80.55555555555556,0.08222222222222222,16871.06888888889,0.06222222222222223,7859.916666666667,3007.206666666667,3017.214444444444,2986.726666666667,0.11666666666666667,0.04555555555555555,0.04333333333333333,0.04555555555555555,0.3799946988411667,0.02333333333333333,181.2611111111111,174.15,0.01018888888888889,0.0106,0.5377777777777778,35.74076280381944,68.93008029513891,24.990740740740744,12.851851851851853,67.44620659722221,64.33459852430555,3.111606987847222,64.11012803819445,0.05364474826388889,0.10124565972222223,0.06958116319444445,9.946398258209229,9.831472873687744,0.04764556884765625,0.0341796875,0.033100128173828125,31.56640625,27.92578125,0.62890625,0.484375,2.52734375,0.0
ann,gist-960-euclidean,annoy,imbalanced-memory,29,0.97457,8.425767826000083,118.68354560093834,2026-04-04T16:01:09.903560,2026-04-04T16:01:18.333314,8,49.75,49.75,96.75,66.375,79.875,0.08,17471.512499999997,0.06625,8846.05125,2794.84,2923.7400000000002,2906.88375,0.13125,0.04375,0.04375,0.04125,0.31594209902412673,0.025,193.25875,186.31,0.010675,0.0110875,0.48125,33.10147338867188,64.99773559570313,23.5625,11.84375,70.90190307617189,67.5574365234375,3.3444677734374997,67.32231323242188,0.058614501953124995,0.102451171875,0.07405517578125,9.947344303131104,9.83241891860962,0.04764556884765625,0.0341796875,0.033100128173828125,31.56640625,27.92578125,0.62890625,0.484375,2.52734375,0.0
ann,gist-960-euclidean,annoy,imbalanced-memory,30,0.97457,8.420459315999324,118.75836726625428,2026-04-04T16:01:18.363246,2026-04-04T16:01:26.787895,9,43.666666666666664,43.55555555555556,96.11111111111111,63.55555555555556,80.88888888888889,0.08222222222222222,16899.29111111111,0.06444444444444446,7893.771111111111,3003.113333333333,2941.847777777778,3060.557777777778,0.11555555555555556,0.04666666666666666,0.04444444444444444,0.04444444444444444,0.37267964023391725,0.024444444444444446,181.16555555555556,173.88333333333333,0.010166666666666666,0.01058888888888889,0.5366666666666666,35.495104166666664,68.50224609374999,24.833333333333332,12.731481481481481,70.01130126953124,66.77093627929688,3.2403662109375,66.54278564453125,0.057501220703125,0.09917724609375,0.071475830078125,9.948258717854817,9.833333333333332,0.04764556884765625,0.0341796875,0.033100128173828125,31.56640625,27.92578125,0.62890625,0.484375,2.52734375,0.0
ann,gist-960-euclidean,annoy,interleaved-memory,1,0.97457,20.11448345000008,49.715420357960824,2026-04-04T16:22:22.912046,2026-04-04T16:22:43.026547,20,25.8,26.5,21.35,21.9,32.15,0.1925,11873.2485,0.045,2887.1989999999996,2775.23,2944.107,3266.7119999999995,0.044500000000000005,0.0425,0.045,0.0495,0.8495484144301673,0.46049999999999996,88.28099999999999,72.7905,0.0029050000000000005,0.005300000000000001,0.5945,21.29039306640625,40.082078124999995,14.266666666666664,7.379166666666666,32.00206884765625,27.587307617187502,4.41476220703125,6.966551757812499,6.896804199218749,6.84535791015625,6.87859375,7.797613416399274,2.0813304356166293,1.9159725734165738,1.8920938400995162,1.9083055768694195,27.42280505952381,8.736049107142858,5.873511904761905,4.963169642857143,7.848958333333333,0.0
ann,gist-960-euclidean,annoy,interleaved-memory,2,0.97457,3.8177031880004506,261.9375972294371,2026-04-04T16:22:43.057474,2026-04-04T16:22:46.879663,4,24.0,24.25,24.25,24.0,24.25,0.17250000000000001,37131.0225,0.14,9266.92,9290.824999999999,9322.8675,9250.41,0.1375,0.1375,0.1375,0.1375,0.9922279813587397,0.0125,415.60249999999996,406.17,0.010975,0.0112,0.69,113.0883154296875,182.11059814453125,66.3125,41.0,162.93153808593752,153.9561083984375,8.97542724609375,38.23879638671875,38.592197265624996,38.54779541015625,38.577314453125,9.839781443277996,2.588390350341797,2.428456624348958,2.4029579162597656,2.4199765523274737,31.411458333333332,9.640625,6.885416666666667,5.963541666666667,8.921875,0.0
ann,gist-960-euclidean,annoy,interleaved-memory,3,0.97457,3.776692400999309,264.7819556963127,2026-04-04T16:22:46.911967,2026-04-04T16:22:50.691780,3,24.0,24.0,24.0,24.666666666666668,24.0,0.17,39264.306666666664,0.1466666666666667,9866.029999999999,9742.96,9823.046666666667,9832.273333333333,0.1466666666666667,0.1466666666666667,0.14333333333333334,0.14333333333333334,0.9875258842715865,0.013333333333333334,417.18333333333334,405.05,0.0103,0.010633333333333333,0.69,112.56321940104165,181.21859700520835,65.86111111111111,40.75,164.31246744791667,154.60230143229168,9.710166015625,38.363841145833334,38.725537109375004,38.69320963541667,38.81971028645833,9.87615966796875,2.5975341796875,2.4375152587890625,2.4120349884033203,2.429075241088867,31.4970703125,9.654296875,6.908203125,5.984375,8.9501953125,0.0
ann,gist-960-euclidean,annoy,interleaved-memory,4,0.97457,3.8071637339999143,262.6627247652865,2026-04-04T16:22:50.721445,2026-04-04T16:22:54.532038,4,24.0,24.0,24.0,24.25,24.0,0.17,38037.092500000006,0.14250000000000002,9455.1725,9637.3725,9434.57,9509.9725,0.14,0.14500000000000002,0.14250000000000002,0.14250000000000002,0.9789566606458348,0.0125,420.33,409.595,0.010775,0.01105,0.69,113.82894287109376,182.97149169921875,66.64583333333333,41.354166666666664,165.01112060546876,155.7953857421875,9.21572998046875,38.67639892578125,39.02290283203125,39.03462890625,39.06145751953125,9.903454780578613,2.604372024536133,2.444342613220215,2.4188308715820312,2.4359092712402344,31.5263671875,9.6591796875,6.9140625,5.9921875,8.9609375,0.0
ann,gist-960-euclidean,annoy,interleaved-memory,5,0.97457,3.773829411999941,264.9828306547778,2026-04-04T16:22:54.563127,2026-04-04T16:22:58.339827,4,24.0,24.25,24.25,23.5,24.25,0.17,37689.375,0.14250000000000002,9436.015,9440.637499999999,9322.7425,9489.98,0.14,0.14250000000000002,0.14,0.14,0.9823774654951856,0.015000000000000001,417.515,407.1825,0.0108,0.011049999999999999,0.6924999999999999,112.933232421875,181.6705419921875,66.16666666666667,41.125,163.543095703125,154.59146240234375,8.95163330078125,38.396413574218755,38.77022705078126,38.69077392578125,38.7340478515625,9.918929100036621,2.608295440673828,2.4481887817382812,2.422670364379883,2.439774513244629,31.53515625,9.6640625,6.9140625,5.9921875,8.96484375,0.0
ann,gist-960-euclidean,annoy,interleaved-memory,6,0.97457,3.779252264999741,264.6026065158867,2026-04-04T16:22:58.369655,2026-04-04T16:23:02.152062,4,24.0,24.25,24.0,23.75,24.5,0.17,37963.104999999996,0.14250000000000002,9465.8725,9572.599999999999,9342.805,9581.825,0.14250000000000002,0.14250000000000002,0.14,0.14500000000000002,0.9750548564600167,0.0125,420.8025,410.30249999999995,0.0108,0.0111,0.69,114.209560546875,183.595947265625,66.8125,41.4375,165.33877197265625,156.23822509765625,9.1005517578125,38.76279541015625,39.1612890625,39.144013671875,39.170124511718754,9.929328918457031,2.610886573791504,2.4507970809936523,2.425252914428711,2.442392349243164,31.53515625,9.6640625,6.9140625,5.9921875,8.96484375,0.0
ann,gist-960-euclidean,annoy,interleaved-memory,7,0.97457,3.806851727999856,262.6842523560555,2026-04-04T16:23:02.181561,2026-04-04T16:23:05.991867,4,24.0,24.0,24.25,23.75,24.25,0.17250000000000001,37728.0625,0.14250000000000002,9401.2425,9421.485,9380.0575,9525.282500000001,0.14,0.14250000000000002,0.14,0.14500000000000002,0.9847537330257659,0.0125,420.4675,409.83750000000003,0.010875,0.011125,0.6950000000000001,114.00905273437499,183.23020751953123,66.79166666666667,41.4375,164.94744384765625,155.95513916015625,8.992307128906251,38.76473388671875,39.060007324218745,39.03795654296875,39.09244384765625,9.935290018717449,2.61239496866862,2.452259063720703,2.4267425537109375,2.4438934326171875,31.53515625,9.6640625,6.9140625,5.9921875,8.96484375,0.0
ann,gist-960-euclidean,annoy,interleaved-memory,8,0.97457,3.819851584999924,261.7902758125143,2026-04-04T16:23:06.021792,2026-04-04T16:23:09.845907,4,24.0,23.5,24.5,24.0,24.75,0.17250000000000001,36791.2075,0.1375,8988.9325,9299.83,9149.79,9352.654999999999,0.1325,0.14,0.135,0.14,0.9611102408888174,0.0125,410.295,399.8975,0.010925,0.0112,0.6924999999999999,111.41705078125,179.3933642578125,65.47916666666667,40.5625,160.0823486328125,151.34979248046875,8.73255615234375,37.60976806640625,37.93892822265625,37.89298828125,37.9081103515625,9.94063949584961,2.6137800216674805,2.4535694122314453,2.428049087524414,2.4452409744262695,31.53515625,9.6640625,6.9140625,5.9921875,8.96484375,0.0
ann,gist-960-euclidean,annoy,interleaved-memory,9,0.97457,3.7929323159996784,263.6482585733768,2026-04-04T16:23:09.876289,2026-04-04T16:23:13.673028,3,24.0,24.0,24.0,24.0,24.0,0.17,39736.82,0.14666666666666667,9953.06,9905.316666666668,9936.300000000001,9942.146666666667,0.14666666666666667,0.1466666666666667,0.1466666666666667,0.14666666666666667,0.9952031502539589,0.013333333333333334,421.68,409.76,0.010333333333333333,0.010633333333333333,0.69,113.68539062500001,182.68561523437498,66.52777777777779,41.27777777777777,166.57900390625,156.96585611979165,9.613147786458333,38.930654296875,39.31144856770833,39.323095703125,39.400654296875,9.945839881896973,2.6151065826416016,2.4548492431640625,2.4293479919433594,2.446536064147949,31.53515625,9.6640625,6.9140625,5.9921875,8.96484375,0.0
ann,gist-960-euclidean,annoy,interleaved-memory,10,0.97457,3.805635403999986,262.7682092059925,2026-04-04T16:23:13.702941,2026-04-04T16:23:17.512203,4,24.0,24.0,24.25,24.75,23.25,0.17250000000000001,37992.3025,0.14,9609.04,9436.1325,9594.4125,9352.717499999999,0.14250000000000002,0.14250000000000002,0.14500000000000002,0.1375,0.9733248586747477,0.0125,418.69500000000005,407.99999999999994,0.010724999999999998,0.011,0.69,113.4216259765625,182.38312988281248,66.375,41.166666666666664,163.89718994140625,154.9782861328125,8.9189013671875,38.51751220703125,38.83763427734375,38.75584716796875,38.867294921875,9.948060989379883,2.6156768798828125,2.4553918838500977,2.4298782348632812,2.4471139907836914,31.53125,9.6640625,6.9140625,5.9921875,8.9609375,0.0
ann,gist-960-euclidean,annoy,interleaved-memory,11,0.97457,3.7912992170004145,263.76182484250774,2026-04-04T16:23:17.543117,2026-04-04T16:23:21.337977,4,24.0,24.25,23.75,24.0,24.25,0.17,37635.095,0.14,9489.11,9305.225,9329.665,9511.09,0.14,0.14,0.14,0.14,0.9783552673773458,0.0125,417.63,406.85,0.010775,0.011099999999999999,0.6925,112.96951904296876,181.53461669921876,66.08333333333333,41.0,163.40963134765624,154.55236083984374,8.85727294921875,38.36728271484375,38.7301611328125,38.704248046875,38.75067138671875,9.951323509216309,2.61651611328125,2.4562110900878906,2.430659294128418,2.44793701171875,31.53125,9.6640625,6.9140625,5.9921875,8.9609375,0.0
ann,gist-960-euclidean,annoy,interleaved-memory,12,0.97457,3.790032532999248,263.8499778809678,2026-04-04T16:23:21.367889,2026-04-04T16:23:25.161557,4,24.0,24.5,24.0,24.0,24.0,0.17,37719.375,0.14,9543.44,9333.619999999999,9458.970000000001,9383.34,0.14250000000000002,0.14,0.14,0.14,0.9780142170957221,0.0125,418.5325,408.12250000000006,0.0108,0.0111,0.69,113.32790771484375,182.08779541015625,66.29166666666667,41.166666666666664,163.86754150390624,155.07678466796875,8.790761718750002,38.502282714843744,38.883959960937496,38.8237451171875,38.866796875,9.952910423278809,2.616929054260254,2.456589698791504,2.4310359954833984,2.4483556747436523,31.53125,9.6640625,6.9140625,5.9921875,8.9609375,0.0
ann,gist-960-euclidean,annoy,interleaved-memory,13,0.97457,3.831318794999788,261.00673253948196,2026-04-04T16:23:25.192275,2026-04-04T16:23:29.027097,4,24.0,23.75,24.5,24.0,24.0,0.17250000000000001,37563.2625,0.14,9391.0625,9454.5575,9362.5425,9355.0975,0.14,0.14,0.14250000000000002,0.14,0.9894802057103147,0.0125,418.3225,408.635,0.010875000000000001,0.011125000000000001,0.69,113.68366455078126,182.6375341796875,66.54166666666667,41.291666666666664,164.37010986328124,155.57972900390624,8.79037841796875,38.62802001953125,38.99403076171875,38.9486865234375,39.008991699218754,9.954524993896484,2.6173362731933594,2.456981658935547,2.4314308166503906,2.4487762451171875,31.53125,9.6640625,6.9140625,5.9921875,8.9609375,0.0
ann,gist-960-euclidean,annoy,interleaved-memory,14,0.97457,3.800702184999864,263.1092759508164,2026-04-04T16:23:29.057791,2026-04-04T16:23:32.862643,4,24.0,24.5,24.75,24.25,23.5,0.17250000000000001,36836.915,0.135,9329.8375,9336.45,9160.8825,9009.7425,0.135,0.14,0.135,0.1325,0.9650073100589625,0.0125,411.0775,401.41499999999996,0.010925,0.011199999999999998,0.6925,111.5875732421875,179.56501708984376,65.41666666666667,40.4375,160.15478759765625,151.55153564453124,8.6032470703125,37.65068115234375,37.995302734374995,37.921682128906255,37.983876953125,9.956828117370605,2.6179208755493164,2.457564353942871,2.4319915771484375,2.4493513107299805,31.53125,9.6640625,6.9140625,5.9921875,8.9609375,0.0
ann,gist-960-euclidean,annoy,interleaved-memory,15,0.97457,3.828696707000745,261.18548334515685,2026-04-04T16:23:32.894368,2026-04-04T16:23:36.727350,3,24.0,24.0,24.333333333333332,24.0,24.0,0.17,39610.939999999995,0.14666666666666667,9900.443333333333,9839.783333333333,9893.449999999999,9977.26,0.14666666666666667,0.14333333333333334,0.14666666666666667,0.15,0.9862209998870765,0.013333333333333334,419.8766666666667,409.0433333333333,0.010333333333333333,0.0106,0.69,113.63849283854165,182.57561523437502,66.44444444444444,41.22222222222222,166.20248372395835,156.75054361979167,9.451946614583333,38.863704427083334,39.262431640625,39.27381184895833,39.3505859375,9.958064079284668,2.6182470321655273,2.457876205444336,2.43228816986084,2.449652671813965,31.53125,9.6640625,6.9140625,5.9921875,8.9609375,0.0
ann,gist-960-euclidean,annoy,interleaved-memory,16,0.97457,3.8069706019996374,262.67604994762587,2026-04-04T16:23:36.760613,2026-04-04T16:23:40.571160,4,24.0,23.75,24.5,24.75,23.5,0.17,37677.705,0.14,9360.8325,9446.702500000001,9533.1575,9337.005000000001,0.14250000000000002,0.1375,0.14,0.14,0.9794241834355513,0.0125,416.36749999999995,405.1375,0.010724999999999998,0.011,0.69,112.72415527343749,181.28871826171877,66.02083333333333,40.875,162.79539062499998,153.98465332031247,8.81073486328125,38.247653808593746,38.61849609375,38.509313964843756,38.60919189453125,9.95915699005127,2.6185531616210938,2.4581308364868164,2.4325437545776367,2.4499292373657227,31.53125,9.6640625,6.9140625,5.9921875,8.9609375,0.0
ann,gist-960-euclidean,annoy,interleaved-memory,17,0.97457,3.78364045500075,264.29572574167906,2026-04-04T16:23:40.601358,2026-04-04T16:23:44.388458,4,24.0,23.75,24.0,24.75,23.5,0.17,37713.915,0.14250000000000002,9306.3575,9537.9375,9669.0375,9200.585000000001,0.14,0.14500000000000002,0.14500000000000002,0.1375,0.9515512790182064,0.015000000000000001,417.77750000000003,405.6775,0.010725,0.011074999999999998,0.69,112.70828613281252,181.210234375,66.0625,40.854166666666664,163.11880859375,154.3311083984375,8.78770263671875,38.32352783203125,38.67118896484375,38.63396484375,38.70242919921875,9.96125602722168,2.619110107421875,2.4586381912231445,2.4330673217773438,2.4504404067993164,31.53125,9.6640625,6.9140625,5.9921875,8.9609375,0.0
ann,gist-960-euclidean,annoy,interleaved-memory,18,0.97457,3.77109360599934,265.1750670970152,2026-04-04T16:23:44.418142,2026-04-04T16:23:48.192626,4,24.0,23.5,24.5,24.0,24.5,0.17,37746.3275,0.14,9232.287499999999,9453.747500000001,9542.3675,9517.919999999998,0.1375,0.14500000000000002,0.14,0.14250000000000002,0.9675049195076587,0.0125,418.9925,408.41499999999996,0.010825,0.01115,0.69,113.433349609375,182.30198486328123,66.41666666666667,41.145833333333336,163.97422607421876,155.16172119140623,8.812502441406249,38.5206640625,38.920642089843746,38.83382568359375,38.88658935546875,9.96240234375,2.6193987528483076,2.458922068277995,2.4333559672037763,2.450725555419922,31.53125,9.6640625,6.9140625,5.9921875,8.9609375,0.0
ann,gist-960-euclidean,annoy,interleaved-memory,19,0.97457,3.8084840950004946,262.57166238733373,2026-04-04T16:23:48.222285,2026-04-04T16:23:52.034485,4,24.0,24.0,24.25,24.25,24.0,0.17250000000000001,37817.215000000004,0.14250000000000002,9384.815,9581.942500000001,9422.64,9427.815,0.14,0.14250000000000002,0.14,0.14,0.9794271881719181,0.0125,420.5875,410.57500000000005,0.010875,0.011149999999999998,0.69,114.01911865234374,183.11087158203125,66.72916666666667,41.375,164.70601562500002,155.94041503906251,8.76560546875,38.755969238281246,39.097705078124996,39.018642578125004,39.06810302734375,9.96252950032552,2.6194496154785156,2.458933512369792,2.4333839416503906,2.450762430826823,31.52734375,9.66015625,6.9140625,5.9921875,8.9609375,0.0
ann,gist-960-euclidean,annoy,interleaved-memory,20,0.97457,3.8193288659995233,261.8261048170563,2026-04-04T16:23:52.064644,2026-04-04T16:23:55.888379,4,24.0,24.25,24.75,24.0,23.5,0.17250000000000001,36903.7,0.1375,9169.255000000001,9338.6975,9202.5725,9193.17,0.1375,0.14,0.135,0.1375,0.9818558744407344,0.0125,413.21750000000003,402.54749999999996,0.010975,0.01125,0.6924999999999999,111.86928955078125,180.008759765625,65.58333333333333,40.583333333333336,160.5957763671875,152.06121337890625,8.53456298828125,37.754460449218755,38.12758544921875,38.06559814453125,38.11356689453125,9.962207794189453,2.6193723678588867,2.458834648132324,2.4333066940307617,2.4506940841674805,31.52734375,9.66015625,6.9140625,5.9921875,8.9609375,0.0
ann,gist-960-euclidean,annoy,interleaved-memory,21,0.97457,3.786625145000471,264.08740282103514,2026-04-04T16:23:55.920810,2026-04-04T16:23:59.710931,3,24.0,24.0,24.333333333333332,24.0,24.0,0.17,39508.88333333333,0.14666666666666667,9976.976666666667,9744.176666666666,9870.496666666666,9917.236666666666,0.14666666666666667,0.14333333333333334,0.1466666666666667,0.14666666666666667,0.9766662779940348,0.013333333333333334,419.1333333333334,407.49,0.010333333333333333,0.010633333333333333,0.69,113.18840169270834,181.82588216145837,66.1111111111111,40.97222222222222,165.26248372395835,155.83806640625002,9.424417317708333,38.647190755208335,39.0534375,39.022392578125,39.11504557291667,9.963034629821777,2.619577407836914,2.4590444564819336,2.433516502380371,2.4508962631225586,31.52734375,9.66015625,6.9140625,5.9921875,8.9609375,0.0
ann,gist-960-euclidean,annoy,interleaved-memory,22,0.97457,3.763314884000465,265.72318044696374,2026-04-04T16:23:59.741899,2026-04-04T16:24:03.508888,4,24.0,24.0,24.25,24.25,24.0,0.17,38064.24,0.14250000000000002,9392.6275,9501.0475,9636.8375,9533.7225,0.14,0.14250000000000002,0.14250000000000002,0.14,0.9746586989767132,0.0125,421.7225,409.825,0.010775,0.011075,0.69,113.662841796875,182.58836425781251,66.4375,41.25,164.45149414062502,155.5578076171875,8.893681640625001,38.622119140625,39.024189453125,38.9197314453125,38.991767578125,9.96413516998291,2.619840621948242,2.4593162536621094,2.4337759017944336,2.451202392578125,31.52734375,9.66015625,6.9140625,5.9921875,8.9609375,0.0
ann,gist-960-euclidean,annoy,interleaved-memory,23,0.97457,3.834438904000308,260.7943495870393,2026-04-04T16:24:03.539964,2026-04-04T16:24:07.378195,4,24.0,24.25,24.0,23.75,24.25,0.1675,37876.1725,0.14250000000000002,9454.9375,9509.2375,9355.3725,9556.6225,0.14250000000000002,0.14250000000000002,0.14,0.14,0.978941304838608,0.0125,421.24,410.58250000000004,0.01085,0.011125,0.6950000000000001,113.963662109375,183.03778076171875,66.66666666666667,41.395833333333336,164.6882666015625,155.96250732421873,8.72575439453125,38.7118505859375,39.138208007812494,39.030068359375,39.082377929687496,9.965030670166016,2.620072364807129,2.459549903869629,2.434025764465332,2.451465606689453,31.52734375,9.66015625,6.9140625,5.9921875,8.9609375,0.0
ann,gist-960-euclidean,annoy,interleaved-memory,24,0.97457,3.812614049000331,262.2872357778256,2026-04-04T16:24:07.407696,2026-04-04T16:24:11.223957,4,24.0,24.0,23.75,24.25,24.5,0.17250000000000001,37664.85999999999,0.14,9325.539999999999,9400.035,9426.932499999999,9512.35,0.1375,0.14,0.14,0.14250000000000002,0.9803613197579987,0.0125,415.73,404.8175,0.010750000000000001,0.01105,0.69,112.46903564453125,180.74364013671874,65.79166666666667,40.729166666666664,162.51312744140625,153.84475830078125,8.66837158203125,38.1782373046875,38.59564208984375,38.49418701171875,38.576694335937496,9.965955098470051,2.6202863057454424,2.459765116373698,2.434224446614583,2.451679229736328,31.52734375,9.66015625,6.9140625,5.9921875,8.9609375,0.0
ann,gist-960-euclidean,annoy,interleaved-memory,25,0.97457,3.7818204770001103,264.4229164450555,2026-04-04T16:24:11.253424,2026-04-04T16:24:15.038702,4,24.0,24.25,24.0,24.75,23.5,0.17,37483.935,0.14,9408.04,9345.23,9456.995,9273.665,0.14250000000000002,0.1375,0.14,0.1375,0.9806143494841649,0.0125,417.37,406.4925,0.01085,0.011125000000000001,0.6924999999999999,112.98796386718749,181.70820068359376,66.0625,40.916666666666664,162.8077978515625,154.27653808593752,8.531262207031249,38.30013427734375,38.697099609374995,38.602072753906256,38.67723144531249,9.966781616210938,2.6205062866210938,2.4599809646606445,2.4344139099121094,2.45188045501709,31.52734375,9.66015625,6.9140625,5.9921875,8.9609375,0.0
ann,gist-960-euclidean,annoy,interleaved-memory,26,0.97457,3.812886472000173,262.26849588716385,2026-04-04T16:24:15.068715,2026-04-04T16:24:18.885126,4,24.0,24.0,24.75,23.75,24.25,0.17250000000000001,36849.1625,0.1375,9081.145,9422.5125,9237.1175,9108.3875,0.135,0.14,0.135,0.1375,0.9637710748592798,0.0125,412.685,401.42999999999995,0.01095,0.01125,0.6924999999999999,111.769267578125,179.8371533203125,65.39583333333333,40.520833333333336,163.15005533854165,153.978125,9.171930338541666,38.218763020833336,38.58035807291666,38.5658984375,38.61310546875,9.967853546142578,2.6207733154296875,2.4602460861206055,2.4346723556518555,2.4521617889404297,31.52734375,9.66015625,6.9140625,5.9921875,8.9609375,0.0
ann,gist-960-euclidean,annoy,interleaved-memory,27,0.97457,3.798637844999575,263.2522606271543,2026-04-04T16:24:18.915454,2026-04-04T16:24:22.717744,3,24.0,24.0,24.0,24.0,24.0,0.17,40090.30666666667,0.14666666666666667,10016.773333333333,9854.82,10115.703333333333,10103.003333333334,0.14666666666666667,0.14333333333333334,0.15,0.15,0.9742100648134204,0.013333333333333334,425.06333333333333,413.2,0.010333333333333333,0.010633333333333333,0.69,114.70096354166667,184.17084309895836,67.02777777777779,41.52777777777778,166.42369466145834,156.9227766927083,9.500921223958334,38.910846354166665,39.322200520833334,39.30182291666667,39.38790690104167,9.968634605407715,2.6209774017333984,2.4604358673095703,2.4348583221435547,2.4523630142211914,31.52734375,9.66015625,6.9140625,5.9921875,8.9609375,0.0
ann,gist-960-euclidean,annoy,interleaved-memory,28,0.97457,3.815312607000123,262.10172088264943,2026-04-04T16:24:22.747397,2026-04-04T16:24:26.567001,4,24.0,24.5,24.25,23.5,24.0,0.17,37859.1825,0.14,9673.244999999999,9371.2225,9276.0625,9538.65,0.14500000000000002,0.14,0.14,0.14,0.9589400971442366,0.0125,418.7,407.865,0.010775,0.011024999999999998,0.6925,113.23042236328126,181.99907958984375,66.20833333333333,41.104166666666664,163.59710205078125,154.829501953125,8.767602539062501,38.432646484375,38.83758544921875,38.75135498046875,38.807919921875,9.969253540039062,2.621151924133301,2.460582733154297,2.4350032806396484,2.4525156021118164,31.52734375,9.66015625,6.9140625,5.9921875,8.9609375,0.0
ann,gist-960-euclidean,annoy,interleaved-memory,29,0.97457,3.7841362190001746,264.26110005739037,2026-04-04T16:24:26.599631,2026-04-04T16:24:30.387532,4,24.0,24.0,24.75,23.75,24.0,0.17,37472.7675,0.14,9262.37,9538.237500000001,9317.4475,9354.7125,0.14,0.14250000000000002,0.14,0.14,0.9710777279345372,0.015000000000000001,416.44,405.45,0.010799999999999999,0.011099999999999999,0.69,112.39806396484374,180.6587060546875,65.79166666666667,40.75,162.5870654296875,153.96764404296874,8.619423828125,38.206745605468754,38.633664550781255,38.538686523437505,38.58854736328125,9.970053672790527,2.621354103088379,2.4607858657836914,2.4351816177368164,2.4527320861816406,31.52734375,9.66015625,6.9140625,5.9921875,8.9609375,0.0
ann,gist-960-euclidean,annoy,interleaved-memory,30,0.97457,3.806122838999727,262.7345575275249,2026-04-04T16:24:30.417840,2026-04-04T16:24:34.228093,4,24.0,23.75,24.25,24.25,24.25,0.17,37880.495,0.14250000000000002,9447.539999999999,9445.6275,9459.15,9528.175000000001,0.14,0.14250000000000002,0.14,0.14,0.9913364836393118,0.0125,419.94500000000005,408.9825,0.0108,0.011099999999999999,0.69,113.63938232421873,182.56737060546874,66.47916666666667,41.208333333333336,164.200625,155.50311279296875,8.697509765625,38.6035595703125,39.02442138671875,38.905163574218754,38.96997802734375,9.970508575439453,2.621471405029297,2.460898081461589,2.4352773030598955,2.452861785888672,31.52734375,9.66015625,6.9140625,5.9921875,8.9609375,0.0
ann,gist-960-euclidean,annoy,numa-balancing,1,0.97457,19.894420961999455,50.265348356210545,2026-04-04T16:49:12.927670,2026-04-04T16:49:32.822135,20,28.65,23.1,29.55,26.35,22.5,0.20000000000000004,11070.135499999999,0.0425,2625.1315,3103.407,2718.6675,2622.9294999999997,0.0405,0.048,0.042,0.0405,0.845177413081816,0.4464999999999999,79.4325,64.925,0.0027099999999999997,0.005035,0.5919999999999999,19.3635625,37.164087890625,13.208333333333336,6.675000000000001,29.184870605468753,25.131556640625,4.05331494140625,6.0466503906249995,7.95491357421875,5.657497558593749,5.4724931640625005,7.843284988403321,0.8266725540161133,5.658759880065919,0.6853960037231446,0.6725828170776367,27.622265625,6.597265625,14.7333984375,2.2271484375,4.064453125,0.0
ann,gist-960-euclidean,annoy,numa-balancing,2,0.97457,3.8659163350002927,258.67088507488984,2026-04-04T16:49:32.854168,2026-04-04T16:49:36.723560,4,25.25,25.0,26.5,24.75,25.25,0.17,37233.5625,0.1375,9146.4,9987.53,9119.390000000001,8980.2425,0.1375,0.14750000000000002,0.135,0.1325,0.8991454844190706,0.0125,412.1225,402.16,0.0108,0.011074999999999998,0.685,110.53938720703124,178.2829541015625,64.9375,40.104166666666664,161.89164306640626,153.41131591796875,8.48032470703125,38.177490234375,44.65223876953125,35.6076611328125,34.97392578125,9.842915534973145,1.317732810974121,6.2663679122924805,1.1439056396484375,1.1149091720581055,31.51953125,7.6103515625,15.74609375,3.1748046875,4.98828125,0.0
ann,gist-960-euclidean,annoy,numa-balancing,3,0.97457,3.873694904000331,258.1514612746886,2026-04-04T16:49:36.753470,2026-04-04T16:49:40.629923,4,25.25,24.75,26.75,25.0,24.5,0.17250000000000001,37248.3475,0.14,9231.27,9817.814999999999,9232.102499999999,8967.1625,0.135,0.15000000000000002,0.135,0.135,0.9133562304850928,0.0125,410.91,400.865,0.010775,0.011049999999999999,0.6875,110.08979980468749,177.59659912109376,64.625,39.9375,160.75600830078125,152.3251806640625,8.43082763671875,37.91858642578125,44.300478515625,35.38765869140625,34.71845458984375,9.878640174865723,1.3279504776000977,6.276891708374023,1.1528797149658203,1.1209182739257812,31.59375,7.6318359375,15.77734375,3.1796875,5.0048828125,0.0
ann,gist-960-euclidean,annoy,numa-balancing,4,0.97457,3.839126120000401,260.4759439369227,2026-04-04T16:49:40.659171,2026-04-04T16:49:44.501878,4,25.0,25.25,26.75,23.75,24.75,0.17,37059.152500000004,0.14,9298.314999999999,9897.419999999998,8978.380000000001,8885.0375,0.14,0.15000000000000002,0.1325,0.1325,0.8977124846677217,0.0125,409.96750000000003,399.56,0.010775,0.01105,0.685,109.70292968750002,176.896103515625,64.375,39.833333333333336,160.058349609375,151.724306640625,8.334045410156248,37.816484375,44.122463378906254,35.21439453125,34.5709619140625,9.900754292805988,1.3320236206054688,6.284151713053386,1.1577123006184895,1.1268666585286458,31.619791666666668,7.6328125,15.78515625,3.1888020833333335,5.013020833333333,0.0
ann,gist-960-euclidean,annoy,numa-balancing,5,0.97457,3.855204063000201,259.38964154903357,2026-04-04T16:49:44.533131,2026-04-04T16:49:48.391070,4,25.0,25.0,26.0,24.25,25.25,0.17,37129.285,0.1375,9298.94,9545.775000000001,8979.8125,9304.755000000001,0.14,0.14,0.1375,0.14,0.9407106809033314,0.0125,412.08,401.755,0.010799999999999999,0.011125,0.685,110.51630371093749,178.12027099609372,64.83333333333333,40.104166666666664,161.06501220703126,152.7582421875,8.306770019531251,38.037548828125,44.4203662109375,35.508603515625,34.7917236328125,9.914243698120117,1.335897445678711,6.285597801208496,1.1629695892333984,1.1297788619995117,31.62890625,7.6328125,15.78515625,3.1953125,5.015625,0.0
ann,gist-960-euclidean,annoy,numa-balancing,6,0.97457,3.832500815999993,260.92623276821814,2026-04-04T16:49:48.421631,2026-04-04T16:49:52.257597,4,25.25,25.0,26.0,24.25,25.25,0.17,36685.237499999996,0.1375,9183.755000000001,9510.830000000002,8962.185,9028.465,0.1375,0.14250000000000002,0.1325,0.135,0.9423136571676707,0.0125,407.72999999999996,396.54249999999996,0.010875,0.011175000000000001,0.6849999999999999,109.166103515625,176.12770507812502,64.10416666666667,39.625,158.62854980468748,150.50962158203123,8.11893310546875,37.563154296875,43.69326904296875,34.93855224609375,34.314645996093745,9.92519474029541,1.3370676040649414,6.288762092590332,1.1663522720336914,1.1330127716064453,31.62890625,7.6328125,15.78515625,3.1953125,5.015625,0.0
ann,gist-960-euclidean,annoy,numa-balancing,7,0.97457,3.848867025999425,259.8167183342305,2026-04-04T16:49:52.286562,2026-04-04T16:49:56.138384,3,25.333333333333332,25.0,27.0,24.0,25.0,0.17,39580.676666666666,0.14666666666666667,9810.19,10424.956666666665,9678.803333333335,9666.72,0.14333333333333334,0.15666666666666665,0.14333333333333334,0.14,0.9272671637004407,0.013333333333333334,418.24333333333334,406.25666666666666,0.010299999999999998,0.010566666666666667,0.6833333333333332,111.29686523437499,179.34991536458335,65.33333333333333,40.388888888888886,163.35932617187498,154.39888671875,8.960432942708332,38.21918294270833,45.499931640625,35.66480143229166,35.014964192708334,9.93328857421875,1.338517189025879,6.290866851806641,1.1696128845214844,1.134291648864746,31.62890625,7.6328125,15.78515625,3.1953125,5.015625,0.0
ann,gist-960-euclidean,annoy,numa-balancing,8,0.97457,3.8830562910006847,257.5291020935199,2026-04-04T16:49:56.168958,2026-04-04T16:50:00.055044,4,25.0,25.0,26.75,24.5,24.75,0.1675,37334.662500000006,0.14,9222.025,9922.1375,8976.397500000001,9214.1125,0.14,0.15000000000000002,0.1325,0.135,0.9046838445848993,0.0125,413.14250000000004,402.255,0.01075,0.011049999999999999,0.6875,110.06985595703125,177.40116210937498,64.54166666666667,39.875,160.44010009765626,152.23172119140622,8.2083837890625,37.869099121093754,44.40498779296875,35.3119580078125,34.645673828125,9.938661575317383,1.3388652801513672,6.293089866638184,1.1713933944702148,1.1353130340576172,31.62890625,7.6328125,15.78515625,3.1953125,5.015625,0.0
ann,gist-960-euclidean,annoy,numa-balancing,9,0.97457,3.9174312969998937,255.26931404408677,2026-04-04T16:50:00.085508,2026-04-04T16:50:04.006522,4,25.0,24.75,26.5,24.25,25.5,0.17,37079.2275,0.1375,9243.595,9662.525,9125.6475,9047.455000000002,0.135,0.14500000000000002,0.1375,0.135,0.9363447960031154,0.015000000000000001,410.125,399.615,0.01075,0.011025,0.69,109.34523681640626,176.23505859375,64.27083333333333,39.708333333333336,159.61623046875002,151.43690185546876,8.179326171875001,37.754360351562504,44.0229345703125,35.154375,34.50523193359375,9.942564964294434,1.3393678665161133,6.295167922973633,1.1717586517333984,1.136270523071289,31.62890625,7.6328125,15.78515625,3.1953125,5.015625,0.0
ann,gist-960-euclidean,annoy,numa-balancing,10,0.97457,3.8785010199999306,257.83156813505695,2026-04-04T16:50:04.036653,2026-04-04T16:50:07.918037,4,25.25,25.75,26.0,24.75,25.25,0.17250000000000001,36632.8575,0.1375,9257.865,9486.3575,8895.4825,8993.155,0.14,0.14,0.1325,0.135,0.9377131844335405,0.0125,403.36749999999995,392.5525,0.010675,0.010975,0.6875,108.0118994140625,174.31143310546878,63.4375,39.166666666666664,157.48076171875,149.53906982421876,7.94169189453125,37.16937255859375,43.6558349609375,34.69712890625,34.01673095703125,9.945345878601074,1.3402318954467773,6.29550838470459,1.1727619171142578,1.1368436813354492,31.62890625,7.6328125,15.78515625,3.1953125,5.015625,0.0
ann,gist-960-euclidean,annoy,numa-balancing,11,0.97457,3.8976158360001136,256.56710206366546,2026-04-04T16:50:07.948458,2026-04-04T16:50:11.848871,4,25.5,25.0,25.75,25.0,25.25,0.1675,37123.6025,0.14,9318.725,9577.5175,9169.044999999998,9058.315,0.1375,0.14500000000000002,0.1375,0.135,0.9457894490926276,0.0125,410.69500000000005,400.10249999999996,0.01075,0.011049999999999999,0.6875,109.73906982421876,176.88887451171874,64.35416666666667,39.708333333333336,159.76290771484378,151.7280810546875,8.03483154296875,37.80492431640626,44.21646240234375,35.197031249999995,34.50965576171875,9.946846008300781,1.3408451080322266,6.295649528503418,1.1732282638549805,1.1371231079101562,31.62890625,7.6328125,15.78515625,3.1953125,5.015625,0.0
ann,gist-960-euclidean,annoy,numa-balancing,12,0.97457,3.923954486999719,254.84495381204243,2026-04-04T16:50:11.878149,2026-04-04T16:50:15.804991,4,25.5,25.0,26.25,24.25,25.5,0.165,36823.9325,0.14,9189.635,9608.04,8959.995,9066.265,0.135,0.14,0.135,0.1325,0.9325518003671924,0.0125,407.3875,397.005,0.010775,0.01105,0.6875,108.7404248046875,175.2183837890625,63.916666666666664,39.5,158.8634814453125,150.81364746093752,8.049833984375,37.555031738281244,43.91498046875,34.991708984375,34.3519287109375,9.948972702026367,1.3416337966918945,6.2963056564331055,1.1734619140625,1.1375713348388672,31.62890625,7.6328125,15.78515625,3.1953125,5.015625,0.0
ann,gist-960-euclidean,annoy,numa-balancing,13,0.97457,3.9169069769995986,255.30348457905245,2026-04-04T16:50:15.834338,2026-04-04T16:50:19.754661,4,25.0,24.75,26.0,25.0,25.5,0.1675,36574.09,0.1375,8985.93,9451.305,9089.4225,9047.435000000001,0.135,0.1375,0.1325,0.135,0.9507607679574408,0.0125,404.12,394.06,0.010775,0.011049999999999999,0.69,108.23619873046876,174.52060546875,63.604166666666664,39.25,157.78653564453128,149.758603515625,8.027939453125,37.2700390625,43.66187255859375,34.72524169921875,34.10145751953125,9.951066017150879,1.3418750762939453,6.297219276428223,1.1737375259399414,1.1382341384887695,31.62890625,7.6328125,15.78515625,3.1953125,5.015625,0.0
ann,gist-960-euclidean,annoy,numa-balancing,14,0.97457,3.896888367999963,256.6149978048356,2026-04-04T16:50:19.786943,2026-04-04T16:50:23.686740,4,25.25,25.25,26.25,24.5,25.5,0.17,36707.285,0.1375,9151.475,9685.947500000002,8886.557499999999,8983.305,0.1375,0.14500000000000002,0.13,0.1325,0.9174690963377612,0.0125,405.25,395.42749999999995,0.010775000000000002,0.01105,0.6875,108.49022216796875,174.8340966796875,63.666666666666664,39.3125,158.11052734375,150.12727539062502,7.98325439453125,37.41765869140625,43.682119140625005,34.8444482421875,34.183041992187505,9.952807426452637,1.3426990509033203,6.297449111938477,1.1741113662719727,1.1385469436645508,31.62890625,7.6328125,15.78515625,3.1953125,5.015625,0.0
ann,gist-960-euclidean,annoy,numa-balancing,15,0.97457,3.903577781000422,256.1752464283462,2026-04-04T16:50:23.716096,2026-04-04T16:50:27.622837,4,25.0,25.25,26.0,25.25,25.0,0.17,36765.707500000004,0.135,9243.98,9574.52,8998.605,8948.6,0.14,0.14250000000000002,0.1325,0.1325,0.9346264878030439,0.0125,406.6225,396.45500000000004,0.01075,0.01105,0.69,108.90602539062499,175.55915039062498,63.979166666666664,39.604166666666664,158.65698974609376,150.7359326171875,7.92105224609375,37.5255615234375,43.96469970703125,34.9213037109375,34.3243701171875,9.953985850016277,1.3427785237630208,6.297753651936849,1.1746190388997395,1.1388346354166667,31.62890625,7.6328125,15.78515625,3.1953125,5.015625,0.0
ann,gist-960-euclidean,annoy,numa-balancing,16,0.97457,3.884022165999341,257.46505999733523,2026-04-04T16:50:27.651852,2026-04-04T16:50:31.539605,4,25.0,24.25,26.25,25.75,25.0,0.17,36909.2525,0.135,9019.3625,9687.02,9240.5225,8962.345000000001,0.135,0.14250000000000002,0.1375,0.1325,0.9251911320509301,0.0125,406.25500000000005,395.38750000000005,0.010675,0.011000000000000001,0.69,108.92806640625,175.65102050781252,63.895833333333336,39.520833333333336,158.70465576171875,150.658876953125,8.04577880859375,37.48578857421875,43.94308349609375,34.90070556640625,34.32929931640625,9.95553970336914,1.3434677124023438,6.296971321105957,1.1749629974365234,1.1401376724243164,31.62890625,7.6328125,15.78515625,3.1953125,5.015625,0.0
ann,gist-960-euclidean,annoy,numa-balancing,17,0.97457,3.852667859000576,259.5603972618109,2026-04-04T16:50:31.568533,2026-04-04T16:50:35.424126,4,25.0,25.25,26.25,25.0,24.75,0.1675,36842.595,0.1375,9195.8275,9513.4225,9024.75,9108.595,0.135,0.14,0.135,0.135,0.9486333651217529,0.0125,408.84499999999997,397.9275,0.010799999999999999,0.011125,0.69,109.52667480468749,176.43983154296876,64.20833333333333,39.625,158.9890869140625,150.9664794921875,8.0226025390625,37.63601318359375,43.922814941406244,34.98991455078125,34.417744140625004,9.95724105834961,1.3424196243286133,6.294772148132324,1.1777763366699219,1.14227294921875,31.62890625,7.6328125,15.78515625,3.1953125,5.015625,0.0
ann,gist-960-euclidean,annoy,numa-balancing,18,0.97457,3.908168380999996,255.87433869574645,2026-04-04T16:50:35.454078,2026-04-04T16:50:39.366049,4,25.0,25.25,25.75,24.75,25.5,0.1675,36610.652500000004,0.1375,9242.735,9474.4175,8913.4725,8980.0275,0.1375,0.14,0.135,0.135,0.9407937216192974,0.0125,405.75750000000005,395.73749999999995,0.010825,0.011175000000000001,0.6849999999999999,109.10007080078125,176.01969726562498,64.0625,39.479166666666664,158.490126953125,150.57735351562502,7.9127734375,37.46336181640625,43.812800292968745,34.955180664062496,34.3460107421875,9.958503723144531,1.3426008224487305,6.295551300048828,1.1768426895141602,1.1435089111328125,31.62890625,7.6328125,15.78515625,3.1953125,5.015625,0.0
ann,gist-960-euclidean,annoy,numa-balancing,19,0.97457,3.8627004859999943,258.8862386882982,2026-04-04T16:50:39.398376,2026-04-04T16:50:43.264138,3,26.0,25.333333333333332,27.0,25.0,25.0,0.16666666666666666,38640.753333333334,0.14333333333333334,9593.776666666667,10159.480000000001,9549.9,9337.593333333332,0.14333333333333334,0.15,0.14333333333333334,0.14,0.9191015025703413,0.013333333333333334,408.57,396.9466666666667,0.010266666666666665,0.010566666666666667,0.6866666666666666,108.92497395833334,175.62424153645836,64.0,39.47222222222222,159.75813151041666,151.293701171875,8.464430338541666,37.42059244791667,44.620703125,34.91101236979167,34.34139322916667,9.959543228149414,1.342071533203125,6.293914794921875,1.178105354309082,1.145451545715332,31.62890625,7.6328125,15.78515625,3.1953125,5.015625,0.0
ann,gist-960-euclidean,annoy,numa-balancing,20,0.97457,3.8495090050000726,259.7733889441781,2026-04-04T16:50:43.295382,2026-04-04T16:50:47.148710,3,26.0,25.0,27.0,25.0,25.0,0.17,39956.26,0.14666666666666667,9923.49,10579.336666666668,9750.323333333334,9703.106666666667,0.14666666666666667,0.15666666666666665,0.14333333333333334,0.14666666666666667,0.9171753364498907,0.013333333333333334,423.06,411.3866666666666,0.010333333333333332,0.0106,0.6833333333333335,112.32128580729166,180.921142578125,65.83333333333333,40.583333333333336,160.01521484375,152.03487548828124,7.9803442382812495,37.8340771484375,44.337519531249995,35.219228515625,34.6440478515625,9.961045265197754,1.340972900390625,6.291683197021484,1.1821680068969727,1.1462211608886719,31.62890625,7.6328125,15.78515625,3.1953125,5.015625,0.0
ann,gist-960-euclidean,annoy,numa-balancing,21,0.97457,3.9161045269993338,255.3557988826814,2026-04-04T16:50:47.181412,2026-04-04T16:50:51.100558,4,25.75,25.5,26.0,25.25,25.5,0.17,37299.38,0.14,9414.3775,9690.6475,9163.717499999999,9030.645,0.14,0.14500000000000002,0.135,0.1375,0.9318928379140817,0.0125,410.605,399.8825,0.010700000000000001,0.011025,0.685,109.58779296875,176.7650146484375,64.375,39.729166666666664,160.24362060546878,152.3335205078125,7.9100976562500005,38.002612304687496,44.454587402343755,35.31707031249999,34.559248046875,9.962100982666016,1.359140396118164,6.288453102111816,1.1791534423828125,1.1353540420532227,31.62890625,7.6328125,15.78515625,3.1953125,5.015625,0.0
ann,gist-960-euclidean,annoy,numa-balancing,22,0.97457,3.882447744999809,257.5694679440043,2026-04-04T16:50:51.130138,2026-04-04T16:50:55.016404,4,25.75,25.25,25.75,26.0,26.5,0.17250000000000001,36891.91,0.135,9185.23,9388.2275,9164.1525,9154.2975,0.135,0.14250000000000002,0.1375,0.1375,0.9750826234238571,0.015000000000000001,405.6625,395.47749999999996,0.010699999999999998,0.010950000000000001,0.685,107.95716064453124,174.30245849609372,63.479166666666664,39.166666666666664,158.18006591796873,150.50894287109375,7.67112548828125,37.723984375,43.74670654296875,34.797080078125,34.2411767578125,9.963010787963867,1.377150535583496,6.276618003845215,1.1705408096313477,1.1387014389038086,31.62890625,7.6328125,15.78515625,3.1953125,5.015625,0.0
ann,gist-960-euclidean,annoy,numa-balancing,23,0.97457,3.856028306000553,259.3341958729534,2026-04-04T16:50:55.046688,2026-04-04T16:50:58.905730,4,26.0,25.75,26.25,26.5,26.0,0.17,37070.9775,0.1375,9258.5075,9620.0425,9123.9625,9068.465,0.1375,0.14250000000000002,0.1375,0.135,0.9426637148432557,0.015000000000000001,408.9075,398.16749999999996,0.010724999999999998,0.011,0.6825000000000001,108.36741699218749,174.85705078125,63.604166666666664,39.270833333333336,158.955595703125,151.46662109375,7.488974609375,38.0042041015625,43.94617919921875,34.943745117187504,34.5724853515625,9.964056015014648,1.3868064880371094,6.259117126464844,1.165705680847168,1.1524267196655273,31.62890625,7.6328125,15.78515625,3.1953125,5.015625,0.0
ann,gist-960-euclidean,annoy,numa-balancing,24,0.97457,3.9201504719994777,255.09224891817703,2026-04-04T16:50:58.935438,2026-04-04T16:51:02.859424,4,26.75,26.25,27.5,26.25,25.75,0.17,37194.83,0.14,9323.215,9722.6225,9167.150000000001,8981.845,0.14,0.14500000000000002,0.135,0.135,0.9238088797544078,0.0125,412.165,401.7875,0.010799999999999999,0.011099999999999999,0.68,108.45427734375001,174.94232177734375,63.75,39.291666666666664,159.79967529296874,152.42671142578126,7.372963867187499,38.2478369140625,44.18763671875,35.177287597656246,34.81394775390625,9.9651517868042,1.3867454528808594,6.263799667358398,1.169729232788086,1.1448774337768555,31.62890625,7.6328125,15.78515625,3.1953125,5.015625,0.0
ann,gist-960-euclidean,annoy,numa-balancing,25,0.97457,3.8338944130000527,260.83138769006734,2026-04-04T16:51:02.889236,2026-04-04T16:51:06.726212,4,26.75,26.25,27.75,27.5,26.0,0.17250000000000001,36912.67,0.1375,9215.557499999999,9581.435000000001,9167.9375,8947.74,0.14,0.14,0.1375,0.1325,0.9338622033129691,0.015000000000000001,406.8375,395.44,0.010700000000000001,0.01105,0.68,106.47992431640625,172.0673681640625,62.583333333333336,38.5625,157.01591064453123,149.99409667968752,7.021811523437499,37.499765625,43.644111328125,34.772158203125,34.0780615234375,9.965990702311199,1.3698348999023438,6.287804921468099,1.1830609639485676,1.1252899169921875,31.62890625,7.6328125,15.78515625,3.1953125,5.015625,0.0
ann,gist-960-euclidean,annoy,numa-balancing,26,0.97457,3.8081941899999943,262.5916510838439,2026-04-04T16:51:06.756775,2026-04-04T16:51:10.568828,4,27.0,27.0,27.5,27.25,26.5,0.17,37417.325,0.14,9241.15,9725.3675,9330.432499999999,9120.372500000001,0.1375,0.14500000000000002,0.14,0.135,0.9377920680118259,0.0125,412.1525,402.24250000000006,0.010725,0.010974999999999999,0.6775000000000001,108.16606689453126,174.74042724609373,63.479166666666664,39.1875,159.6651513671875,152.70414794921874,6.961003417968751,38.1768408203125,44.3388037109375,35.42523193359375,34.763276367187494,9.966934204101562,1.3738069534301758,6.275460243225098,1.1831779479980469,1.1344890594482422,31.62890625,7.6328125,15.78515625,3.1953125,5.015625,0.0
ann,gist-960-euclidean,annoy,numa-balancing,27,0.97457,3.867337269000018,258.57584442294353,2026-04-04T16:51:10.601122,2026-04-04T16:51:14.472263,4,27.25,27.5,27.75,27.0,26.75,0.17250000000000001,37254.149999999994,0.14,9512.175,9644.02,9146.872500000001,8951.08,0.14250000000000002,0.14,0.1375,0.1325,0.9281482203479461,0.0125,414.3225,403.4725,0.01085,0.01115,0.675,108.27197021484375,174.9969384765625,63.75,39.270833333333336,160.12591064453125,153.355830078125,6.7700732421875,38.4501953125,44.402460937499995,35.5041796875,34.99899658203125,9.968693733215332,1.376678466796875,6.261077880859375,1.177947998046875,1.152989387512207,31.62890625,7.6328125,15.78515625,3.1953125,5.015625,0.0
ann,gist-960-euclidean,annoy,numa-balancing,28,0.97457,3.8033594390008143,262.9254521005018,2026-04-04T16:51:14.501874,2026-04-04T16:51:18.308850,3,28.0,28.666666666666668,28.666666666666668,27.333333333333332,27.0,0.17333333333333334,38738.48,0.14333333333333334,9761.476666666667,10145.81,9465.496666666668,9365.693333333335,0.14333333333333334,0.15000000000000002,0.14333333333333334,0.14,0.9231094740916038,0.013333333333333334,408.64000000000004,396.2933333333333,0.010233333333333332,0.0105,0.67,105.57631835937501,170.9597428385417,62.166666666666664,38.19444444444444,157.36836263020834,150.43059895833332,6.937763671875,37.441761067708335,43.98406249999999,34.69560221354167,34.3091796875,9.969420433044434,1.3826265335083008,6.249146461486816,1.1787939071655273,1.1588325500488281,31.62890625,7.6328125,15.78515625,3.1953125,5.015625,0.0
ann,gist-960-euclidean,annoy,numa-balancing,29,0.97457,3.81387435400029,262.2005622579364,2026-04-04T16:51:18.338502,2026-04-04T16:51:22.155366,3,28.0,28.0,28.666666666666668,27.0,27.666666666666668,0.17,40243.87,0.15,10030.223333333333,10666.476666666667,9691.563333333334,9855.61,0.14666666666666667,0.16,0.14333333333333334,0.14666666666666667,0.9086002469418986,0.013333333333333334,425.98,414.34999999999997,0.010333333333333333,0.010633333333333333,0.67,109.68803710937499,177.31053385416666,64.5,39.75000000000001,164.05831705729167,156.85813802083334,7.200179036458334,39.043688151041664,45.835804036458335,36.21510416666666,35.76355143229167,9.969476699829102,1.3829679489135742,6.237817764282227,1.1887407302856445,1.1599502563476562,31.62890625,7.6328125,15.78515625,3.1953125,5.015625,0.0
ann,gist-960-euclidean,annoy,numa-balancing,30,0.97457,3.887612835999789,257.22726058003326,2026-04-04T16:51:22.184958,2026-04-04T16:51:26.076444,4,28.0,27.5,28.75,27.0,28.25,0.17250000000000001,37974.30499999999,0.14,9300.415,9958.3525,9274.2775,9441.26,0.1375,0.14750000000000002,0.1375,0.14,0.9313064083642348,0.015000000000000001,417.62,405.8025,0.010675,0.010975,0.675,107.9652783203125,174.55044921875,63.375,39.0625,160.38748779296873,153.70733154296875,6.68014892578125,38.3824951171875,44.549199218750005,35.68810302734375,35.08754150390625,9.969961166381836,1.3827791213989258,6.236016273498535,1.191971778869629,1.159193992614746,31.62890625,7.6328125,15.78515625,3.1953125,5.015625,0.0
ann,gist-960-euclidean,faiss,default,1,0.97873,18.314365527000064,54.60194613489307,2026-04-04T15:21:20.280306,2026-04-04T15:21:38.598271,18,34.77777777777778,34.666666666666664,62.77777777777778,38.0,61.888888888888886,0.05777777777777778,4320.564444444444,0.017222222222222226,1559.03,972.8633333333332,858.0999999999999,930.5677777777777,0.02277777777777778,0.014444444444444446,0.011111111111111112,0.014444444444444446,0.5504063424052135,0.08611111111111111,20.703333333333333,18.81,0.004255555555555556,0.004716666666666667,0.5622222222222222,38.62107096354167,80.14236924913195,29.01851851851852,13.939814814814815,68.14818770559211,58.85245374177632,9.295734477796053,58.53459755345396,0.10095754523026317,0.14941817434210528,0.06748046875000002,14.601793713039823,9.31655396355523,1.6934789021809895,1.8148623572455511,1.7769232855902777,33.38194444444444,17.77777777777778,4.600477430555555,4.404513888888889,6.599609375,0.0
ann,gist-960-euclidean,faiss,default,2,0.97873,18.364608006000253,54.45256439305815,2026-04-04T15:21:38.626612,2026-04-04T15:21:57.007923,19,34.94736842105263,34.89473684210526,42.8421052631579,43.21052631578947,72.15789473684211,0.05842105263157895,4298.53894736842,0.018421052631578953,1651.1331578947365,886.4115789473684,890.2873684210526,870.7084210526315,0.023684210526315794,0.012631578947368423,0.01368421052631579,0.013157894736842105,0.5273399161596518,0.07789473684210528,22.74,21.01894736842105,0.00473157894736842,0.005121052631578946,0.6157894736842106,37.47980211759869,71.35583521792763,25.767543859649123,13.539473684210526,65.20595052083333,62.600016276041664,2.6059326171875,62.135960286458335,0.21008246527777777,0.1747900390625,0.07918240017361111,14.618213441636827,9.332882563273113,1.693444357977973,1.8148814307318792,1.7770084804958768,33.38194444444444,17.751953125,4.575954861111111,4.434244791666667,6.619791666666667,0.0
ann,gist-960-euclidean,faiss,default,3,0.97873,18.57666224400009,53.83098356772789,2026-04-04T15:21:57.045745,2026-04-04T15:22:15.632217,18,35.0,35.0,54.666666666666664,44.94444444444444,68.5,0.050555555555555555,4352.44111111111,0.018333333333333337,1617.9861111111109,947.9644444444444,868.2327777777778,918.2583333333332,0.02277777777777778,0.013333333333333334,0.013333333333333332,0.012777777777777779,0.5366132452036568,0.07666666666666666,22.701111111111107,20.981666666666666,0.004677777777777777,0.0050999999999999995,0.6233333333333333,38.628933376736114,72.35504014756945,26.157407407407405,13.962962962962964,61.32943873355262,59.86966025904604,1.4597769325657894,59.500959601151315,0.12037777549342106,0.18010022615131577,0.06822471217105262,14.618194379304585,9.332867873342414,1.6934952986867804,1.8148813749614514,1.7769506354081004,33.38527960526316,17.750411184210527,4.626850328947368,4.421669407894737,6.5863486842105265,0.0
ann,gist-960-euclidean,faiss,default,4,0.97873,19.709958484999788,50.73577403833942,2026-04-04T15:22:15.663857,2026-04-04T15:22:35.383640,20,33.55,33.35,52.35,42.0,73.6,0.0495,3993.7340000000004,0.016500000000000004,1472.0755000000001,825.8805,822.7879999999999,872.9905000000001,0.0225,0.012,0.0115,0.012999999999999998,0.5589305711561668,0.09100000000000001,22.3855,20.674,0.004825,0.005275,0.6415000000000001,35.4505400390625,66.520296875,24.054166666666664,12.8125,59.92136667351974,58.778715049342104,1.1426521381578947,58.424260896381575,0.10332442434210526,0.17152189555921052,0.07960834703947368,14.61821117401123,9.332930564880371,1.6934371948242188,1.8149198532104491,1.7769235610961913,33.3748046875,17.780859375,4.59296875,4.4396484375,6.561328125,0.0
ann,gist-960-euclidean,faiss,default,5,0.97873,18.577842643000167,53.82756325459479,2026-04-04T15:22:35.413945,2026-04-04T15:22:54.002029,18,37.44444444444444,37.333333333333336,52.05555555555556,46.333333333333336,67.38888888888889,0.052777777777777785,4302.553333333333,0.016111111111111114,1712.0594444444444,838.6616666666666,944.4627777777779,807.3694444444444,0.025555555555555557,0.011111111111111112,0.012222222222222221,0.012222222222222221,0.4715779274278833,0.07111111111111111,23.538333333333334,21.909444444444446,0.0049,0.005272222222222222,0.6072222222222221,36.64295030381945,68.38502875434027,24.699074074074073,13.236111111111112,60.82799547697367,59.848292557565784,0.9797024054276314,59.498216488486854,0.100908203125,0.1824722450657895,0.06669613486842106,14.618224885728624,9.3328734503852,1.6934863196478949,1.814914067586263,1.7769544389512804,33.39214409722222,17.744791666666668,4.59765625,4.464192708333333,6.585503472222222,0.0
ann,gist-960-euclidean,faiss,default,6,0.97873,18.79778403699993,53.197759801457806,2026-04-04T15:22:54.034625,2026-04-04T15:23:12.846893,18,36.72222222222222,36.666666666666664,54.111111111111114,44.111111111111114,72.22222222222223,0.04833333333333334,4282.320555555556,0.017222222222222226,1667.523888888889,873.5961111111111,900.1338888888889,841.0672222222223,0.025,0.011111111111111112,0.012222222222222221,0.012777777777777777,0.504380913416866,0.075,24.15388888888889,22.438888888888886,0.005094444444444444,0.005483333333333334,0.6133333333333333,37.04875000000001,69.41690972222221,25.115740740740744,13.38425925925926,60.17304224917763,59.32023540296053,0.8528058182565789,58.97365902549342,0.10054481907894737,0.17348067434210526,0.07255088404605263,14.61821064196135,9.332875703510485,1.6935107582493831,1.8148894059030634,1.7769373843544407,33.39597039473684,17.746504934210527,4.626850328947368,4.438733552631579,6.583881578947368,0.0
ann,gist-960-euclidean,faiss,default,7,0.97873,18.576225625999996,53.83224881810015,2026-04-04T15:23:12.881202,2026-04-04T15:23:31.465319,19,37.36842105263158,37.1578947368421,56.10526315789474,44.8421052631579,63.578947368421055,0.0536842105263158,4197.328947368421,0.01736842105263158,1688.6942105263158,859.7410526315789,851.1373684210527,797.7552631578948,0.025263157894736845,0.012105263157894737,0.012105263157894735,0.009473684210526316,0.4724095447151786,0.0736842105263158,23.884210526315787,22.20157894736842,0.005042105263157896,0.005447368421052631,0.6089473684210526,35.49726768092105,66.56287623355263,24.048245614035086,12.802631578947368,62.46955512152777,61.59647569444444,0.8730799696180555,61.23250705295139,0.11039713541666667,0.18287109375000002,0.07070041232638888,14.618222978379992,9.33285755581326,1.6934634314643011,1.8149100409613714,1.776991950141059,33.400390625,17.760416666666668,4.603949652777778,4.435329861111111,6.600694444444445,0.0
ann,gist-960-euclidean,faiss,default,8,0.97873,19.229111056999955,52.00448408851282,2026-04-04T15:23:31.493896,2026-04-04T15:23:50.729383,19,36.578947368421055,36.473684210526315,49.26315789473684,40.0,73.89473684210526,0.051578947368421064,4138.656315789473,0.01736842105263158,1637.7199999999998,792.4978947368421,838.6336842105262,869.8068421052633,0.02368421052631579,0.01105263157894737,0.012105263157894737,0.01368421052631579,0.4839031670473843,0.08052631578947368,23.038947368421052,21.40052631578947,0.004905263157894737,0.00531578947368421,0.6152631578947368,35.376547080592104,66.34553813733552,23.982456140350877,12.776315789473685,59.82175575657895,59.02950966282893,0.7922481496710526,58.685892783717094,0.09824835526315791,0.16821803042763156,0.07714895148026317,14.61819899709601,9.332902004844264,1.6934714066354852,1.8148835834703947,1.7769434075606496,33.45271381578947,17.81167763157895,4.628700657894737,4.42578125,6.586554276315789,0.0
ann,gist-960-euclidean,faiss,default,9,0.97873,18.88789456800032,52.94396346823059,2026-04-04T15:23:50.758815,2026-04-04T15:24:09.653320,19,38.526315789473685,38.1578947368421,51.1578947368421,45.94736842105263,62.36842105263158,0.055263157894736854,4153.626842105263,0.016842105263157898,1724.6836842105265,800.6831578947368,895.8757894736842,732.3868421052632,0.025263157894736845,0.009473684210526316,0.012631578947368419,0.009473684210526316,0.42464995106654185,0.06999999999999999,24.247894736842106,22.665263157894735,0.005200000000000001,0.005589473684210526,0.601578947368421,34.39111944901316,65.06048982319079,23.5,12.403508771929824,61.92691569010416,61.14404513888889,0.7828689236111112,60.78030653211806,0.10057562934027779,0.19460611979166664,0.06855740017361112,14.618187352230674,9.332849402176706,1.693503931949013,1.8148849888851768,1.7769514385022616,33.46422697368421,17.787623355263158,4.6441200657894735,4.4389391447368425,6.593544407894737,0.0
ann,gist-960-euclidean,faiss,default,10,0.97873,18.520774553999672,53.993422201883234,2026-04-04T15:24:09.681989,2026-04-04T15:24:28.211003,19,37.05263157894737,36.94736842105263,56.94736842105263,38.21052631578947,66.0,0.05315789473684212,4199.075789473684,0.016315789473684214,1632.2563157894735,840.8563157894737,861.6910526315788,864.2715789473684,0.024210526315789474,0.011052631578947368,0.010526315789473684,0.011052631578947368,0.5151496781819935,0.06315789473684211,23.835263157894733,22.232105263157894,0.005163157894736842,0.005531578947368422,0.6163157894736843,36.133945826480264,68.05986687911185,24.57894736842105,13.035087719298247,60.17201069078947,59.47506630345394,0.6969443873355263,59.123646175986835,0.10451274671052634,0.1767917351973684,0.07011770148026315,14.6182457773309,9.332889356111226,1.6935436851099919,1.814879768773129,1.7769311603746916,33.46833881578947,17.799753289473685,4.6097861842105265,4.4623766447368425,6.596422697368421,0.0
ann,gist-960-euclidean,faiss,default,11,0.97873,18.821298499000022,53.13129697470821,2026-04-04T15:24:28.241283,2026-04-04T15:24:47.072454,18,31.11111111111111,30.944444444444443,59.77777777777778,45.72222222222222,71.22222222222223,0.04611111111111112,4293.540555555555,0.01666666666666667,1382.096111111111,897.9272222222223,1005.7944444444444,1007.7227777777779,0.02,0.013888888888888888,0.015000000000000001,0.015000000000000001,0.6496850797882284,0.07055555555555555,22.48,20.78166666666667,0.004761111111111111,0.005155555555555556,0.6644444444444444,40.866103515625,74.60595323350694,27.027777777777775,14.796296296296296,61.113369140625,60.41322419819079,0.7001444284539474,60.04374280427632,0.1138389185855263,0.17983501233552632,0.07580900493421051,14.618291854858398,9.332966486612957,1.6935473548041449,1.8148570590549045,1.7769171396891277,33.47309027777778,17.80881076388889,4.604383680555555,4.463975694444445,6.599609375,0.0
ann,gist-960-euclidean,faiss,default,12,0.97873,19.280349642000147,51.86627932418864,2026-04-04T15:24:47.103113,2026-04-04T15:25:06.399943,20,35.45,35.4,53.25,37.55,67.3,0.05450000000000001,4038.0759999999996,0.017500000000000005,1510.8539999999998,799.165,838.9384999999999,889.117,0.023000000000000003,0.01,0.011,0.0115,0.5289491903254716,0.0715,21.9725,20.3985,0.004870000000000001,0.00526,0.6295,35.4825126953125,66.78899023437499,24.149999999999995,12.825000000000001,59.36190172697369,58.69300472861841,0.6688954564144737,58.33031609786185,0.0994752261513158,0.1883711965460526,0.07484477796052631,14.618233489990235,9.332876205444336,1.6934965133666993,1.814923095703125,1.7769262313842773,33.485546875,17.7671875,4.626171875,4.48828125,6.59921875,0.0
ann,gist-960-euclidean,faiss,default,13,0.97873,19.38110389899975,51.5966482204148,2026-04-04T15:25:06.438841,2026-04-04T15:25:25.830708,19,35.1578947368421,35.10526315789474,60.05263157894737,40.526315789473685,61.73684210526316,0.05052631578947369,4121.496842105262,0.01789473684210527,1543.8257894736842,892.0768421052633,865.521052631579,820.0736842105264,0.02368421052631579,0.012105263157894735,0.012105263157894737,0.01105263157894737,0.5311957409975014,0.07263157894736842,23.07894736842105,21.456315789473685,0.004978947368421052,0.005378947368421052,0.6321052631578948,36.417039987664474,68.0855833675987,24.627192982456137,13.144736842105262,59.34915707236842,58.69129317434211,0.6578654399671052,58.331867290296046,0.11102641858552635,0.17929276315789472,0.06910618832236842,14.618138363486842,9.332837355764289,1.6935487044484991,1.814837606329667,1.776909075285259,33.45888157894737,17.786184210526315,4.6480263157894735,4.4126233552631575,6.612047697368421,0.0
ann,gist-960-euclidean,faiss,default,14,0.97873,17.98359834799976,55.60622410760335,2026-04-04T15:25:25.861693,2026-04-04T15:25:43.856994,18,41.0,40.94444444444444,54.5,37.166666666666664,64.0,0.055555555555555566,4352.302222222222,0.019444444444444448,1826.8072222222222,803.946111111111,874.5805555555556,846.9677777777777,0.02666666666666667,0.010555555555555556,0.011666666666666665,0.01111111111111111,0.44008262137980253,0.059444444444444446,24.348888888888887,22.723888888888887,0.005177777777777778,0.005566666666666668,0.5788888888888888,35.6650634765625,67.29273491753472,24.300925925925927,12.861111111111109,64.36389993106617,63.62596622242648,0.7379325597426469,63.23678538602941,0.1059087775735294,0.20937844669117647,0.07389418658088236,14.618246290418837,9.332911597357857,1.6935178968641493,1.8148882124159071,1.7769304911295574,33.472439236111114,17.799479166666668,4.627604166666667,4.466362847222222,6.578993055555555,0.0
ann,gist-960-euclidean,faiss,default,15,0.97873,17.365639654000006,57.58497929960557,2026-04-04T15:25:43.903587,2026-04-04T15:26:01.283874,18,40.0,39.94444444444444,55.44444444444444,38.333333333333336,68.0,0.05722222222222222,4435.484444444444,0.01777777777777778,1909.8144444444447,871.7333333333333,776.4461111111111,877.4894444444445,0.027777777777777776,0.014444444444444446,0.011666666666666667,0.012777777777777779,0.40655578523335306,0.06944444444444445,24.533333333333335,22.867222222222225,0.0049611111111111115,0.0053388888888888895,0.5838888888888889,35.875820855034725,66.99646918402779,24.203703703703706,12.967592592592593,66.16718807444852,65.41327263327207,0.7539125689338234,65.0386856617647,0.11306870404411766,0.18678423713235293,0.07473747702205882,14.618112003102022,9.332829868092256,1.6934928894042969,1.8148866541245405,1.7769034890567554,33.45565257352941,17.792279411764707,4.631433823529412,4.434972426470588,6.596966911764706,0.0
ann,gist-960-euclidean,faiss,default,16,0.97873,17.975700968000183,55.630653946690074,2026-04-04T15:26:01.333519,2026-04-04T15:26:19.320794,18,38.5,38.333333333333336,55.27777777777778,42.72222222222222,66.33333333333333,0.051111111111111114,4375.2266666666665,0.017222222222222226,1756.1816666666664,897.5516666666667,883.468888888889,838.0238888888889,0.02722222222222222,0.012777777777777779,0.012777777777777779,0.012777777777777779,0.4771851937615921,0.060000000000000005,24.00277777777778,22.369444444444444,0.005038888888888889,0.005388888888888889,0.6,37.023616536458334,69.03304416232638,24.944444444444443,13.379629629629628,63.230206705729174,62.5574658203125,0.6727387152777777,62.18197808159724,0.10959689670138889,0.19335394965277777,0.0725390625,14.618151558770073,9.332873026529949,1.6934865315755208,1.8148827022976346,1.7769103580050998,33.449001736111114,17.819010416666668,4.622612847222222,4.439453125,6.567925347222222,0.0
ann,gist-960-euclidean,faiss,default,17,0.97873,18.367117304999734,54.44512513282575,2026-04-04T15:26:19.359111,2026-04-04T15:26:37.735576,18,37.27777777777778,37.22222222222222,57.72222222222222,37.94444444444444,67.11111111111111,0.05,4321.615555555555,0.01777777777777778,1684.243333333333,869.4194444444444,859.9438888888888,908.0066666666667,0.024444444444444446,0.013888888888888888,0.011111111111111112,0.013333333333333332,0.5105817383210001,0.065,23.721111111111114,22.08666666666667,0.004988888888888889,0.005377777777777777,0.6122222222222222,37.340434570312496,69.50718478732638,25.097222222222225,13.476851851851853,61.86154730902778,61.21993760850694,0.6416086154513888,60.853756510416666,0.11092990451388889,0.18217013888888892,0.0730788845486111,14.618180592854818,9.33283805847168,1.6935062408447266,1.8148954179551866,1.7769381205240886,33.45855034722222,17.788194444444443,4.614800347222222,4.450303819444445,6.605251736111111,0.0
ann,gist-960-euclidean,faiss,imbalanced-memory,1,0.97873,26.466538680999747,37.78355802596496,2026-04-04T15:51:41.108991,2026-04-04T15:52:07.582102,26,37.15384615384615,36.88461538461539,63.19230769230769,36.96153846153846,60.57692307692308,0.12730769230769232,3089.7269230769234,0.01230769230769231,1267.1530769230772,588.8288461538461,624.9738461538461,608.7707692307692,0.01846153846153846,0.007307692307692308,0.007692307692307692,0.007692307692307692,0.46468643518875435,0.3,16.479230769230767,14.365384615384615,0.003719230769230769,0.0059961538461538455,0.5280769230769231,24.770648287259615,48.543389798677886,17.474358974358974,8.858974358974358,44.04194986979167,41.44532081886574,2.5966294126157403,41.22748010706018,0.042071397569444446,0.1293995949074074,0.04637008101851852,7.97803101172814,7.86317355816181,0.04764556884765625,0.034168243408203125,0.033100128173828125,27.23377403846154,23.592998798076923,0.62890625,0.484375,2.52734375,0.0
ann,gist-960-euclidean,faiss,imbalanced-memory,2,0.97873,17.97691636699983,55.6268928210456,2026-04-04T15:52:07.616322,2026-04-04T15:52:25.604603,18,42.388888888888886,42.333333333333336,80.61111111111111,36.27777777777778,63.611111111111114,0.059444444444444446,4341.417222222222,0.018333333333333337,1977.732777777778,753.0144444444445,768.8399999999999,841.8338888888889,0.029444444444444447,0.011666666666666665,0.009444444444444445,0.01,0.38074630349735483,0.0661111111111111,24.237777777777776,22.622222222222224,0.005000000000000001,0.005377777777777777,0.5583333333333335,33.80865342881944,63.864041341145835,23.129629629629633,12.217592592592593,63.23390028211806,61.92199110243056,1.3119091796875,61.618959960937495,0.0570383029513889,0.18351128472222222,0.06248263888888889,8.593581093682182,8.478667153252495,0.04764556884765625,0.034168243408203125,0.033100128173828125,28.42035590277778,24.77973090277778,0.62890625,0.484375,2.52734375,0.0
ann,gist-960-euclidean,faiss,imbalanced-memory,3,0.97873,18.024977896999644,55.47857011056061,2026-04-04T15:52:25.642864,2026-04-04T15:52:43.682902,18,43.388888888888886,43.388888888888886,70.22222222222223,34.388888888888886,71.83333333333333,0.061666666666666675,4378.499444444444,0.01777777777777778,2097.5022222222224,754.6044444444445,716.4005555555555,809.9922222222223,0.031111111111111114,0.010555555555555556,0.00888888888888889,0.011666666666666665,0.3415493666540943,0.07277777777777777,25.233333333333334,23.593333333333334,0.0050888888888888885,0.005466666666666666,0.55,32.90142306857639,62.107045355902784,22.4537037037037,11.856481481481481,63.24114420572917,62.21533420138889,1.0258105468749998,61.92434678819445,0.050706922743055556,0.17457031250000002,0.06571017795138889,8.59365611606174,8.478743659125435,0.04764556884765625,0.034168243408203125,0.033100128173828125,28.44769965277778,24.80707465277778,0.62890625,0.484375,2.52734375,0.0
ann,gist-960-euclidean,faiss,imbalanced-memory,4,0.97873,17.39344485699985,57.4929238124763,2026-04-04T15:52:43.721203,2026-04-04T15:53:01.131173,18,43.44444444444444,43.388888888888886,75.77777777777777,37.44444444444444,67.55555555555556,0.05777777777777778,4398.485555555556,0.018333333333333337,2064.2788888888886,756.4761111111112,783.4855555555555,794.2472222222223,0.03166666666666667,0.010000000000000002,0.010000000000000002,0.010555555555555556,0.36646022743481593,0.06055555555555556,26.23,24.573333333333334,0.005416666666666666,0.0058,0.5533333333333332,33.63680555555556,63.43111545138889,22.972222222222218,12.15740740740741,65.68694967830884,64.77422794117648,0.9127211626838235,64.46105124080881,0.05867589613970588,0.18734489889705883,0.06715705422794119,8.59364785088433,8.478728188408745,0.04764556884765625,0.034168243408203125,0.033100128173828125,28.44552951388889,24.80620659722222,0.62890625,0.484375,2.52734375,0.0
ann,gist-960-euclidean,faiss,imbalanced-memory,5,0.97873,17.55612396700053,56.96018106728203,2026-04-04T15:53:01.177112,2026-04-04T15:53:18.748564,17,45.11764705882353,45.11764705882353,76.3529411764706,39.705882352941174,69.6470588235294,0.05470588235294118,4524.078235294119,0.019411764705882358,2099.716470588235,762.57,827.2729411764707,834.520588235294,0.03235294117647059,0.01,0.010588235294117647,0.010588235294117647,0.363177605491834,0.052352941176470595,26.70705882352941,25.078823529411764,0.0055,0.005864705882352941,0.5382352941176469,34.676570542279414,65.42743221507354,23.642156862745097,12.529411764705882,63.23113878038195,62.41538845486111,0.8157465277777778,62.105861545138886,0.05695203993055556,0.18572157118055554,0.06685438368055556,8.593622768626494,8.478711520924287,0.04764556884765625,0.034168243408203125,0.033100128173828125,28.401424632352942,24.764935661764707,0.62890625,0.484375,2.52734375,0.0
ann,gist-960-euclidean,faiss,imbalanced-memory,6,0.97873,17.274228079999375,57.88970687250739,2026-04-04T15:53:18.794564,2026-04-04T15:53:36.083115,18,41.77777777777778,41.77777777777778,79.05555555555556,39.44444444444444,67.61111111111111,0.05777777777777779,4458.817777777778,0.01777777777777778,1957.1750000000002,821.5894444444443,864.1105555555556,815.9422222222223,0.02888888888888889,0.011666666666666667,0.011666666666666667,0.011666666666666667,0.4168979382130991,0.061111111111111116,25.367777777777775,23.728333333333335,0.005172222222222223,0.00555,0.5683333333333335,35.63489149305556,66.3645849609375,23.99537037037037,12.879629629629632,66.09646771599265,65.30088005514706,0.7955893841911765,64.97985983455882,0.06053021599264706,0.19218520220588234,0.06830365349264705,8.593594445122612,8.478680716620552,0.04764556884765625,0.034168243408203125,0.033100128173828125,28.43315972222222,24.79253472222222,0.62890625,0.484375,2.52734375,0.0
ann,gist-960-euclidean,faiss,imbalanced-memory,7,0.97873,18.041097776999777,55.42899951880308,2026-04-04T15:53:36.120888,2026-04-04T15:53:54.169027,18,40.55555555555556,40.55555555555556,81.61111111111111,41.5,63.611111111111114,0.052777777777777785,4362.0216666666665,0.019444444444444445,1860.8644444444444,868.3011111111111,848.4444444444445,784.4094444444445,0.02722222222222222,0.012222222222222221,0.011666666666666665,0.01,0.4215295997439661,0.06444444444444446,24.90277777777778,23.269444444444446,0.005211111111111111,0.0055833333333333325,0.5788888888888889,35.617795138888894,66.44408799913194,24.041666666666668,12.86574074074074,62.776563585069454,62.015805121527784,0.7607579210069445,61.70484592013889,0.05884874131944443,0.1867366536458333,0.06537217881944445,8.593657175699871,8.478743447197807,0.04764556884765625,0.034168243408203125,0.033100128173828125,28.43967013888889,24.79904513888889,0.62890625,0.484375,2.52734375,0.0
ann,gist-960-euclidean,faiss,imbalanced-memory,8,0.97873,17.97960516999956,55.61857396449293,2026-04-04T15:53:54.201647,2026-04-04T15:54:12.192535,18,40.22222222222222,40.05555555555556,77.83333333333333,42.0,74.16666666666667,0.051666666666666666,4397.653888888888,0.018333333333333337,1883.2133333333331,855.811111111111,826.5683333333335,832.0627777777778,0.026666666666666672,0.010555555555555556,0.011666666666666665,0.012222222222222221,0.43891380689743076,0.07,24.880555555555556,23.15555555555555,0.00506111111111111,0.00545,0.5816666666666666,35.732404513888895,66.20703396267362,23.949074074074073,12.930555555555557,63.805690104166665,63.108774956597216,0.6969140624999999,62.80679578993055,0.05598795572916667,0.17487196180555553,0.07111924913194445,8.593672858344185,8.478759341769749,0.04764556884765625,0.034168243408203125,0.033100128173828125,28.467881944444443,24.827256944444443,0.62890625,0.484375,2.52734375,0.0
ann,gist-960-euclidean,faiss,imbalanced-memory,9,0.97873,18.389946883999983,54.37753606945116,2026-04-04T15:54:12.239256,2026-04-04T15:54:30.637007,18,38.72222222222222,38.611111111111114,81.16666666666667,42.55555555555556,65.0,0.052777777777777785,4344.189444444445,0.017222222222222226,1759.3044444444447,910.5061111111112,870.9694444444444,803.4094444444445,0.02555555555555556,0.012777777777777777,0.013333333333333332,0.010555555555555556,0.4566631130737273,0.06555555555555555,23.540555555555553,21.91611111111111,0.004899999999999999,0.005294444444444444,0.5966666666666667,36.701036783854164,67.70625596788196,24.49537037037037,13.273148148148147,60.92063527960527,60.25327405427631,0.6673617393092105,59.951789165296056,0.0585279605263158,0.17788754111842106,0.06506887335526315,8.593605465359158,8.478691736857098,0.04764556884765625,0.034168243408203125,0.033100128173828125,28.421223958333332,24.780598958333332,0.62890625,0.484375,2.52734375,0.0
ann,gist-960-euclidean,faiss,imbalanced-memory,10,0.97873,18.312416116999884,54.607758670996695,2026-04-04T15:54:30.683491,2026-04-04T15:54:49.011867,18,38.94444444444444,38.888888888888886,83.11111111111111,38.888888888888886,69.38888888888889,0.05444444444444445,4314.147222222222,0.01777777777777778,1754.5994444444448,896.3288888888887,877.0727777777779,786.146111111111,0.026111111111111116,0.012777777777777777,0.010000000000000002,0.01111111111111111,0.4480487632663231,0.061666666666666675,24.087777777777774,22.47277777777778,0.0050999999999999995,0.005483333333333333,0.5983333333333334,36.280141601562505,67.23410753038195,24.305555555555554,13.106481481481481,62.362051323784726,61.6820361328125,0.6800141059027778,61.37041775173611,0.061202799479166674,0.18302300347222225,0.06739420572916666,8.593634499443901,8.478720982869465,0.04764556884765625,0.034168243408203125,0.033100128173828125,28.44379340277778,24.80316840277778,0.62890625,0.484375,2.52734375,0.0
ann,gist-960-euclidean,faiss,imbalanced-memory,11,0.97873,17.82383918799951,56.10463545212431,2026-04-04T15:54:49.057350,2026-04-04T15:55:06.890740,18,38.166666666666664,38.05555555555556,79.22222222222223,41.22222222222222,66.38888888888889,0.05444444444444445,4422.995555555555,0.018888888888888893,1831.5916666666667,886.53,840.3422222222222,864.5327777777777,0.027222222222222224,0.012222222222222223,0.013333333333333332,0.011666666666666667,0.4588043489800158,0.07388888888888889,24.168333333333337,22.529444444444447,0.004866666666666667,0.005244444444444445,0.6000000000000001,36.9526123046875,67.95057020399305,24.58333333333333,13.361111111111109,63.67799587673611,62.95983995225694,0.7181580946180557,62.65202311197917,0.05773871527777777,0.18570149739583333,0.06437825520833335,8.593700197007921,8.478785620795357,0.04764662848578559,0.034168243408203125,0.033100128173828125,28.454210069444443,24.81098090277778,0.6315104166666666,0.484375,2.52734375,0.0
ann,gist-960-euclidean,faiss,imbalanced-memory,12,0.97873,18.009838404999755,55.52520669604607,2026-04-04T15:55:06.925578,2026-04-04T15:55:24.943432,18,37.44444444444444,37.388888888888886,79.61111111111111,40.5,70.61111111111111,0.052777777777777785,4354.884444444444,0.018888888888888893,1759.177777777778,875.0205555555555,870.4477777777778,850.2383333333335,0.025555555555555557,0.012222222222222223,0.01277777777777778,0.013333333333333334,0.4833157535717444,0.07111111111111111,23.452222222222222,21.834444444444447,0.004816666666666667,0.005188888888888889,0.6094444444444445,37.00209798177084,67.97336263020833,24.62037037037037,13.398148148148147,63.39509765624999,62.70003797743056,0.69505859375,62.39165907118057,0.061338975694444436,0.17849934895833333,0.06854166666666667,8.593664805094402,8.478750864664715,0.04764556884765625,0.034168243408203125,0.033100128173828125,28.450086805555557,24.809461805555557,0.62890625,0.484375,2.52734375,0.0
ann,gist-960-euclidean,faiss,imbalanced-memory,13,0.97873,18.365484829999332,54.44996466232884,2026-04-04T15:55:24.973834,2026-04-04T15:55:43.348640,19,34.94736842105263,34.89473684210526,84.63157894736842,40.36842105263158,66.57894736842105,0.056842105263157895,4233.786842105263,0.018421052631578953,1576.9694736842102,939.2057894736841,891.2042105263158,826.4068421052632,0.02315789473684211,0.013157894736842105,0.012105263157894737,0.012105263157894739,0.524047456780861,0.07315789473684212,22.41473684210526,20.821052631578947,0.004736842105263158,0.005105263157894737,0.6336842105263158,37.427501541940785,68.85049856085527,24.912280701754383,13.552631578947368,62.472862955729155,61.83738661024305,0.6354779730902778,61.516854926215274,0.06159722222222223,0.19245930989583332,0.06647352430555555,8.593656640303763,8.478743703741777,0.04764556884765625,0.034168243408203125,0.033100128173828125,28.459498355263158,24.818873355263158,0.62890625,0.484375,2.52734375,0.0
ann,gist-960-euclidean,faiss,imbalanced-memory,14,0.97873,18.029867745000047,55.46352386735144,2026-04-04T15:55:43.379494,2026-04-04T15:56:01.416801,18,38.388888888888886,38.22222222222222,81.38888888888889,39.833333333333336,72.55555555555556,0.051111111111111114,4387.196666666667,0.018888888888888893,1754.3016666666667,882.6205555555555,936.6766666666667,813.5983333333332,0.026111111111111113,0.011666666666666665,0.01111111111111111,0.012222222222222221,0.4637733343087135,0.065,24.01111111111111,22.329444444444444,0.004994444444444445,0.005388888888888889,0.6016666666666667,37.23745062934027,68.58090711805555,24.814814814814813,13.476851851851853,63.03429307725695,62.384229600694454,0.6500645616319445,62.07328830295138,0.061531575520833326,0.18023057725694444,0.06918023003472222,8.593691719902885,8.478777779473198,0.04764556884765625,0.034168243408203125,0.033100128173828125,28.44748263888889,24.80685763888889,0.62890625,0.484375,2.52734375,0.0
ann,gist-960-euclidean,faiss,imbalanced-memory,15,0.97873,18.967224826000347,52.72252578717768,2026-04-04T15:56:01.445299,2026-04-04T15:56:20.423837,19,36.73684210526316,36.68421052631579,83.89473684210526,39.36842105263158,61.94736842105263,0.054736842105263174,4167.365789473684,0.01736842105263158,1649.5757894736844,852.4621052631579,886.2594736842105,779.0657894736842,0.02368421052631579,0.012631578947368419,0.011578947368421052,0.009473684210526315,0.4722825070815654,0.07684210526315788,22.83526315789474,21.24421052631579,0.004836842105263158,0.00521578947368421,0.6163157894736843,35.70465203536184,65.95041169819079,23.850877192982455,12.921052631578947,60.711763466282896,60.07005807976974,0.6417028166118421,59.77245425575657,0.06057925575657895,0.17678402549342107,0.060238486842105254,8.5936951888235,8.478781248393812,0.04764556884765625,0.034168243408203125,0.033100128173828125,28.459909539473685,24.819284539473685,0.62890625,0.484375,2.52734375,0.0
ann,gist-960-euclidean,faiss,imbalanced-memory,16,0.97873,17.930281844000092,55.77157172990141,2026-04-04T15:56:20.454769,2026-04-04T15:56:38.394504,18,41.22222222222222,41.166666666666664,75.05555555555556,43.05555555555556,69.77777777777777,0.056111111111111125,4381.257777777778,0.017222222222222226,1946.7333333333336,710.7544444444445,821.4727777777777,902.2955555555554,0.028333333333333335,0.009444444444444445,0.012222222222222221,0.01111111111111111,0.3651010810132073,0.07055555555555555,25.65888888888889,23.99666666666667,0.005272222222222223,0.005666666666666667,0.575,34.695183376736104,64.69037489149305,23.421296296296294,12.574074074074074,63.06159342447917,62.37944552951389,0.6821478949652778,62.080625000000005,0.05558430989583333,0.17876030815972224,0.06447699652777777,8.593673706054688,8.478760663200827,0.04764556884765625,0.034168243408203125,0.033100128173828125,28.450597426470587,24.809972426470587,0.62890625,0.484375,2.52734375,0.0
ann,gist-960-euclidean,faiss,imbalanced-memory,17,0.97873,17.915104357999553,55.81882081270012,2026-04-04T15:56:38.424921,2026-04-04T15:56:56.350338,18,43.05555555555556,43.05555555555556,80.05555555555556,40.72222222222222,63.388888888888886,0.05777777777777778,4357.525555555555,0.018333333333333337,1965.1433333333334,833.4394444444445,799.3838888888889,759.5594444444445,0.02888888888888889,0.010555555555555556,0.01111111111111111,0.009444444444444445,0.38651605282962115,0.061111111111111116,24.85222222222222,23.265555555555558,0.0052,0.005572222222222223,0.5577777777777778,34.08125162760417,64.03321397569445,23.194444444444443,12.300925925925924,62.526425781250005,61.861774088541665,0.6646516927083334,61.55597059461806,0.05536566840277777,0.18740776909722223,0.06303114149305554,8.593589570787218,8.478669908311632,0.04764556884765625,0.034168243408203125,0.033100128173828125,28.43576388888889,24.79513888888889,0.62890625,0.484375,2.52734375,0.0
ann,gist-960-euclidean,faiss,interleaved-memory,1,0.97873,18.297917779000272,54.65102707739001,2026-04-04T16:17:47.465028,2026-04-04T16:18:05.767328,19,22.63157894736842,22.263157894736842,30.842105263157894,15.578947368421053,21.31578947368421,0.1863157894736842,4216.659473684211,0.01578947368421053,998.448947368421,1153.6421052631579,1009.6410526315788,1054.9263157894736,0.013157894736842105,0.015263157894736845,0.01473684210526316,0.015789473684210527,0.8654754735574292,0.4163157894736842,21.569473684210525,18.889999999999997,0.003042105263157895,0.006378947368421053,0.5673684210526315,43.8818765419408,81.15739617598685,29.28947368421053,15.640350877192985,67.87865131578947,60.89621402138159,6.982436780427632,15.205108963815789,15.241052631578947,15.26065224095395,15.189400699013158,7.74632708231608,2.06931389702691,1.9091209835476346,1.878146913316515,1.8898612128363714,26.744791666666668,8.623914930555555,5.630642361111111,4.883463541666667,7.607421875,0.0
ann,gist-960-euclidean,faiss,interleaved-memory,2,0.97873,9.090172121999784,110.00891804675815,2026-04-04T16:18:05.795724,2026-04-04T16:18:14.892961,9,25.0,32.0,23.0,22.0,21.88888888888889,0.08888888888888888,8549.665555555555,0.03222222222222223,2365.8422222222225,2119.0477777777783,1995.5822222222223,2069.1955555555555,0.035555555555555556,0.031111111111111114,0.027777777777777776,0.030000000000000002,0.8434975939975333,0.03888888888888889,47.14333333333333,44.80222222222222,0.00501111111111111,0.005299999999999999,0.6988888888888888,91.92712456597224,153.24844292534723,55.7037037037037,33.21296296296296,132.27897135416666,128.75169813368055,3.5272753906249994,32.11474066840278,32.29522569444445,32.28234266493055,32.05938802083333,8.629226684570312,2.2902297973632812,2.1309373643663196,2.0981076558430987,2.1099395751953125,28.47612847222222,9.049479166666666,6.046875,5.344184027777778,8.035590277777779,0.0
ann,gist-960-euclidean,faiss,interleaved-memory,3,0.97873,9.03237612599969,110.712838576496,2026-04-04T16:18:14.923484,2026-04-04T16:18:23.966909,9,25.0,22.11111111111111,27.22222222222222,27.444444444444443,22.0,0.09555555555555556,8616.534444444444,0.03333333333333334,1972.8677777777775,2424.986666666666,2134.878888888889,2083.7999999999997,0.027777777777777776,0.03666666666666667,0.031111111111111114,0.031111111111111114,0.8135581959671715,0.04666666666666667,44.56222222222223,42.27333333333333,0.004733333333333333,0.00501111111111111,0.7044444444444443,92.71769748263888,153.47977105034727,55.77777777777777,33.53703703703703,131.84675889756943,129.37807508680555,2.4686859809027784,32.36268446180555,32.40346462673611,32.38197157118056,32.229954427083335,8.629129197862413,2.2901891072591143,2.130917019314236,2.098096211751302,2.1099077860514326,28.48611111111111,9.04861111111111,6.055555555555555,5.350694444444445,8.03125,0.0
ann,gist-960-euclidean,faiss,interleaved-memory,4,0.97873,8.758264120000604,114.17787660871902,2026-04-04T16:18:23.997503,2026-04-04T16:18:32.763721,9,25.0,24.22222222222222,24.11111111111111,29.22222222222222,21.555555555555557,0.09444444444444444,8656.775555555556,0.03333333333333334,2233.4844444444443,2247.3966666666665,2175.738888888889,2000.1544444444448,0.03222222222222223,0.03222222222222223,0.03333333333333333,0.02888888888888889,0.8899872791086183,0.04555555555555556,47.12888888888889,44.74444444444444,0.004933333333333334,0.005233333333333334,0.7044444444444443,93.00010633680556,152.7564040798611,55.50925925925927,33.583333333333336,132.21839952256946,130.12286566840277,2.095534939236111,32.471324869791665,32.625205078125,32.60761067708333,32.41872721354167,8.6292601691352,2.2902314927842884,2.130959828694661,2.0981212192111545,2.109954410129123,28.47439236111111,9.046006944444445,6.041666666666667,5.34765625,8.0390625,0.0
ann,gist-960-euclidean,faiss,interleaved-memory,5,0.97873,9.057109112000036,110.41050600517444,2026-04-04T16:18:32.795266,2026-04-04T16:18:41.861642,9,25.0,23.88888888888889,22.444444444444443,22.555555555555557,30.0,0.0911111111111111,8619.721111111112,0.03333333333333334,2238.9011111111113,2083.9933333333333,2012.2166666666662,2284.613333333333,0.03222222222222223,0.031111111111111114,0.030000000000000002,0.034444444444444444,0.8807690287488474,0.043333333333333335,47.01777777777778,44.672222222222224,0.004944444444444444,0.005244444444444445,0.7077777777777778,92.72587999131945,152.80653971354167,55.574074074074076,33.518518518518526,131.24351996527776,129.37647135416668,1.8670486111111109,32.29630208333334,32.467043185763885,32.44797309027778,32.16515407986111,8.629343668619793,2.2902454800075955,2.130978478325738,2.098145802815755,2.1099641587999134,28.446614583333332,9.043836805555555,6.041232638888889,5.335503472222222,8.026041666666666,0.0
ann,gist-960-euclidean,faiss,interleaved-memory,6,0.97873,8.415906243999416,118.82261648447012,2026-04-04T16:18:41.891991,2026-04-04T16:18:50.317438,8,25.0,24.625,24.125,24.375,25.375,0.09125,9234.895,0.035,2280.4425,2320.24125,2260.90625,2373.3075,0.0325,0.035,0.0325,0.035,0.9526394072407389,0.0375,48.290000000000006,45.99249999999999,0.004975,0.0052125,0.7037499999999999,99.72273315429686,162.09957885742188,58.947916666666664,36.041666666666664,142.87523315429686,140.92411865234374,1.9511132812499998,35.182287597656256,35.35969116210938,35.31575317382813,35.06638793945312,8.629185676574707,2.290210723876953,2.1309304237365723,2.098104953765869,2.1099424362182617,28.5,9.052734375,6.0537109375,5.3544921875,8.0390625,0.0
ann,gist-960-euclidean,faiss,interleaved-memory,7,0.97873,8.695913538999775,114.9965435506184,2026-04-04T16:18:50.347956,2026-04-04T16:18:59.053892,9,25.0,19.666666666666668,26.333333333333332,29.444444444444443,23.0,0.09000000000000001,8755.09,0.03333333333333334,1918.5877777777782,2270.6377777777775,2459.231111111111,2106.633333333333,0.026666666666666665,0.034444444444444444,0.03777777777777777,0.031111111111111114,0.7801575740927157,0.044444444444444446,47.3,44.92111111111112,0.004933333333333333,0.005222222222222223,0.7077777777777778,94.17717990451389,155.09818033854165,56.32407407407408,34.00925925925926,133.2494986979167,131.5213161892361,1.72818359375,32.92948025173611,32.93663736979167,32.885875651041665,32.76932291666667,8.6291626824273,2.290206061469184,2.130930582682292,2.0981017218695746,2.109925587972005,28.514756944444443,9.054253472222221,6.064670138888889,5.357204861111111,8.038628472222221,0.0
ann,gist-960-euclidean,faiss,interleaved-memory,8,0.97873,8.661123857000348,115.4584574139014,2026-04-04T16:18:59.085029,2026-04-04T16:19:07.756762,9,25.0,19.666666666666668,24.22222222222222,28.444444444444443,26.11111111111111,0.09555555555555556,8847.18,0.03333333333333334,1864.502222222222,2205.8355555555554,2514.0255555555555,2262.817777777778,0.027777777777777776,0.03333333333333334,0.03666666666666667,0.031111111111111114,0.7416401229899987,0.044444444444444446,45.58222222222222,43.29666666666666,0.004744444444444444,0.005022222222222221,0.7088888888888889,95.21744791666667,156.2521267361111,56.85185185185185,34.47222222222222,133.95765842013887,132.35768229166666,1.5999739583333332,33.13558159722223,33.23353190104167,33.09557942708334,32.892994791666666,8.629281361897785,2.2902340359157987,2.13095940483941,2.0981390211317272,2.1099493238661022,28.45659722222222,9.03732638888889,6.052083333333333,5.345920138888889,8.02126736111111,0.0
ann,gist-960-euclidean,faiss,interleaved-memory,9,0.97873,8.882598303999657,112.57967159786116,2026-04-04T16:19:07.787343,2026-04-04T16:19:16.679748,9,25.0,22.444444444444443,30.77777777777778,22.88888888888889,22.77777777777778,0.09222222222222222,8604.683333333334,0.03222222222222223,2078.6211111111106,2239.213333333333,2141.0455555555554,2145.8011111111114,0.030000000000000002,0.034444444444444444,0.031111111111111114,0.031111111111111114,0.9282818569219744,0.04555555555555556,45.843333333333334,43.54777777777778,0.004866666666666667,0.005155555555555556,0.7088888888888889,92.55675347222223,151.78638563368057,55.15740740740741,33.46296296296297,131.03720703125003,129.44403645833336,1.5931705729166667,32.32138780381945,32.446108940972216,32.44381076388889,32.23272786458333,8.629261440700954,2.2902319166395397,2.130956861707899,2.0981280008951826,2.109944661458333,28.456163194444443,9.046875,6.043402777777778,5.335069444444445,8.030815972222221,0.0
ann,gist-960-euclidean,faiss,interleaved-memory,10,0.97873,8.556995871000254,116.86344309093454,2026-04-04T16:19:16.710162,2026-04-04T16:19:25.277255,8,25.0,24.25,24.5,24.75,25.25,0.09125,9412.369999999999,0.036250000000000004,2370.43125,2279.25,2331.6475,2431.04625,0.035,0.03375,0.03375,0.035,0.9375592916013014,0.037500000000000006,50.2625,47.823750000000004,0.00505,0.005325,0.70625,101.43185913085938,165.02885986328124,60.0,36.666666666666664,144.54933349609377,142.856220703125,1.693115234375,35.646788330078124,35.861767578125,35.80245849609375,35.545207519531246,8.629263877868652,2.2902283668518066,2.1309409141540527,2.098133087158203,2.109947681427002,28.5107421875,9.05859375,6.05517578125,5.35302734375,8.05078125,0.0
ann,gist-960-euclidean,faiss,interleaved-memory,11,0.97873,8.797545899999932,113.66806281738272,2026-04-04T16:19:25.307810,2026-04-04T16:19:34.116189,9,25.0,20.77777777777778,29.22222222222222,29.0,19.77777777777778,0.09666666666666666,8672.11,0.03444444444444445,2019.6433333333334,2409.0988888888887,2384.9611111111103,1858.4044444444444,0.031111111111111114,0.03666666666666667,0.035555555555555556,0.02666666666666667,0.7714106104218774,0.044444444444444446,44.528888888888886,42.25333333333334,0.004722222222222221,0.004966666666666667,0.7088888888888889,93.19065429687501,153.07787651909723,55.63888888888888,33.68518518518518,131.90707899305556,130.4097384982639,1.4973426649305557,32.626546223958336,32.64561414930556,32.62479166666666,32.51278754340277,8.629202524820965,2.2902179294162326,2.1309390597873263,2.098119947645399,2.109935760498047,28.470052083333332,9.044270833333334,6.045138888888889,5.343315972222222,8.03732638888889,0.0
ann,gist-960-euclidean,faiss,interleaved-memory,12,0.97873,8.890773132000504,112.47615760216694,2026-04-04T16:19:34.146606,2026-04-04T16:19:43.048183,9,25.0,21.77777777777778,23.333333333333332,27.444444444444443,26.11111111111111,0.08555555555555555,8656.875555555556,0.03333333333333334,2071.0644444444447,2040.8899999999999,2385.4266666666667,2159.4955555555553,0.02888888888888889,0.030000000000000002,0.035555555555555556,0.03222222222222222,0.8555660203345872,0.04111111111111111,49.461111111111116,47.07555555555555,0.005233333333333333,0.005522222222222222,0.7122222222222221,93.09090603298611,153.02074978298612,55.68518518518518,33.68518518518519,131.3280881076389,129.82631184895834,1.5017784288194445,32.47605251736111,32.604501953124995,32.46731553819445,32.278438585069445,8.62916013929579,2.2902081807454424,2.1309195624457464,2.0981063842773438,2.109927283393012,28.515625,9.057291666666666,6.056857638888889,5.354166666666667,8.047309027777779,0.0
ann,gist-960-euclidean,faiss,interleaved-memory,13,0.97873,8.505025060999287,117.57754889936872,2026-04-04T16:19:43.078836,2026-04-04T16:19:51.591152,8,25.0,22.75,25.625,24.0,26.375,0.09,9241.1175,0.03375,2113.3199999999997,2435.8,2310.62875,2381.36625,0.03,0.035,0.0325,0.036250000000000004,0.8676081780113308,0.03875,50.322500000000005,47.917500000000004,0.0051125,0.0053875,0.7062499999999999,99.64720581054686,162.20959594726563,58.979166666666664,35.96875,141.8666223144531,140.23139404296873,1.635228271484375,35.054520263671876,35.13579223632812,35.14444458007812,34.89663940429687,8.629153781467014,2.2902013990614147,2.130928887261285,2.098105112711589,2.1099264356825085,28.46831597222222,9.046006944444445,6.049045138888889,5.345920138888889,8.02734375,0.0
ann,gist-960-euclidean,faiss,interleaved-memory,14,0.97873,9.155997103000118,109.21803368333669,2026-04-04T16:19:51.621667,2026-04-04T16:20:00.785260,9,25.0,21.444444444444443,20.77777777777778,25.22222222222222,31.77777777777778,0.0911111111111111,8548.135555555556,0.03333333333333334,2017.836666666667,1907.8188888888892,2254.2433333333333,2368.2355555555555,0.030000000000000002,0.027777777777777776,0.03333333333333334,0.034444444444444444,0.8055866252043248,0.04555555555555556,45.38666666666667,43.09777777777778,0.004877777777777778,0.0051333333333333335,0.711111111111111,92.5843825954861,152.34628363715277,55.416666666666664,33.49074074074074,124.02328320312502,122.6518681640625,1.3714208984375,30.652630859375,30.8270810546875,30.738768554687503,30.433387695312497,8.629266950819227,2.290219200981988,2.1309577094184027,2.098136478000217,2.10995356241862,28.46484375,9.04904513888889,6.047309027777778,5.338541666666667,8.029947916666666,0.0
ann,gist-960-euclidean,faiss,interleaved-memory,15,0.97873,9.276527333999184,107.79896010600038,2026-04-04T16:20:00.815713,2026-04-04T16:20:10.102722,9,25.0,21.77777777777778,19.77777777777778,33.0,23.88888888888889,0.09,8477.974444444444,0.03222222222222223,1991.5233333333333,1873.8933333333334,2481.5377777777776,2131.02,0.02888888888888889,0.027777777777777776,0.03666666666666666,0.03222222222222223,0.7551339133798757,0.044444444444444446,45.11222222222222,42.85444444444445,0.004877777777777777,0.0051333333333333335,0.7088888888888889,91.33858940972222,150.05523111979164,54.611111111111114,32.98148148148148,129.55022352430558,128.06159722222222,1.4886263020833335,32.00868923611111,32.173311631944436,32.01693793402777,31.862658420138885,8.629203796386719,2.290213267008464,2.1309373643663196,2.098114013671875,2.1099395751953125,28.46831597222222,9.046440972222221,6.044704861111111,5.345052083333333,8.032118055555555,0.0
ann,gist-960-euclidean,faiss,interleaved-memory,16,0.97873,8.833675642999879,113.20316031667248,2026-04-04T16:20:10.133218,2026-04-04T16:20:18.976639,9,25.0,22.555555555555557,26.555555555555557,26.0,23.444444444444443,0.09666666666666666,8670.826666666668,0.03222222222222223,2128.171111111111,2083.264444444444,2247.924444444445,2211.4644444444443,0.031111111111111114,0.03222222222222222,0.03222222222222223,0.03333333333333334,0.9267502071046275,0.04000000000000001,45.81333333333333,43.48444444444445,0.0048222222222222225,0.0050888888888888885,0.7088888888888889,93.07793294270833,152.72268012152776,55.56481481481482,33.666666666666664,131.48798502604166,130.01258680555554,1.4753971354166664,32.474064670138894,32.608312717013895,32.57937174479167,32.35083333333333,8.629237704806858,2.290213267008464,2.130937788221571,2.0981190999348955,2.1099395751953125,28.4765625,9.04861111111111,6.043836805555555,5.345486111111111,8.0390625,0.0
ann,gist-960-euclidean,faiss,interleaved-memory,17,0.97873,8.597452654000335,116.31352218435386,2026-04-04T16:20:19.007226,2026-04-04T16:20:27.614544,8,25.0,23.875,25.25,23.25,26.25,0.09375,9265.64375,0.035,2238.49,2366.9037500000004,2190.075,2470.17875,0.0325,0.035,0.03375,0.036250000000000004,0.8866058782183273,0.036250000000000004,50.082499999999996,47.7025,0.0051125,0.005362499999999999,0.70625,99.87690551757814,162.29958984375,59.010416666666664,36.166666666666664,142.29247558593752,140.67436157226564,1.618115234375,35.1366357421875,35.27103149414063,35.293894042968745,34.9727978515625,8.629091262817383,2.2901816368103027,2.130913734436035,2.09808349609375,2.109912395477295,28.50537109375,9.0478515625,6.05419921875,5.357421875,8.0458984375,0.0
ann,gist-960-euclidean,faiss,interleaved-memory,18,0.97873,8.698784684000202,114.95858747249076,2026-04-04T16:20:27.645120,2026-04-04T16:20:36.353229,8,25.0,24.5,21.75,23.75,28.75,0.09125,9299.81,0.036250000000000004,2194.42625,2154.0175,2245.91,2705.4537499999997,0.03375,0.03125,0.03375,0.04,0.7961760573434309,0.036250000000000004,49.85875,47.488749999999996,0.00505,0.0052875,0.70875,100.699462890625,164.06918090820312,59.729166666666664,36.395833333333336,132.92909830729167,131.51224717881945,1.4168543836805556,32.810827907986116,33.03755750868055,33.00730902777778,32.65655490451388,8.629257202148438,2.2902230156792536,2.1309488084581165,2.098134358723958,2.1099510192871094,28.497395833333332,9.05685763888889,6.054253472222222,5.349392361111111,8.03689236111111,0.0
ann,gist-960-euclidean,faiss,interleaved-memory,19,0.97873,8.420390933999442,118.75933170302687,2026-04-04T16:20:36.383866,2026-04-04T16:20:44.812771,9,25.0,23.88888888888889,24.88888888888889,23.666666666666668,26.444444444444443,0.1,8880.627777777778,0.03444444444444445,2108.941111111111,2240.853333333333,2096.365555555555,2434.4722222222226,0.030000000000000002,0.034444444444444444,0.03222222222222223,0.03555555555555556,0.8611170570851538,0.04,45.82444444444444,43.61555555555556,0.004755555555555556,0.005000000000000001,0.7077777777777777,95.582421875,156.11164062499998,56.71296296296297,34.574074074074076,134.70144531249997,133.2219802517361,1.4794639756944443,33.29459201388889,33.4223828125,33.39204318576388,33.112965494791666,8.629197438557942,2.29020267062717,2.1309360928005643,2.0981165568033857,2.1099425421820746,28.46831597222222,9.047309027777779,6.050347222222222,5.343315972222222,8.02734375,0.0
ann,gist-960-euclidean,faiss,interleaved-memory,20,0.97873,9.06474476600033,110.31750212656384,2026-04-04T16:20:44.843184,2026-04-04T16:20:53.917238,9,25.0,22.22222222222222,23.666666666666668,30.0,22.88888888888889,0.09555555555555556,8592.727777777778,0.03222222222222223,2077.4277777777775,2209.6544444444444,2219.8655555555556,2085.782222222222,0.031111111111111114,0.03222222222222223,0.034444444444444444,0.031111111111111114,0.935834952967622,0.04777777777777778,45.32333333333334,43.058888888888895,0.004833333333333334,0.005111111111111111,0.711111111111111,92.58097113715279,151.62648220486108,55.074074074074076,33.49074074074074,131.02104275173613,129.5929741753472,1.42806640625,32.40393446180555,32.50137478298611,32.453153211805564,32.234516059027776,8.629351721869575,2.290253109402127,2.130972544352214,2.098157246907552,2.1099688212076826,28.461805555555557,9.05078125,6.047743055555555,5.337239583333333,8.026041666666666,0.0
ann,gist-960-euclidean,faiss,interleaved-memory,21,0.97873,9.086968536000311,110.0477013910908,2026-04-04T16:20:53.947828,2026-04-04T16:21:03.043523,9,25.0,24.77777777777778,24.0,29.22222222222222,21.0,0.08666666666666666,8537.257777777777,0.03333333333333334,2212.061111111111,2143.894444444444,2213.9288888888887,1967.3755555555556,0.03222222222222222,0.03222222222222223,0.03333333333333333,0.02888888888888889,0.8886353872652741,0.04,48.339999999999996,46.01777777777778,0.0052,0.0054777777777777785,0.711111111111111,91.8542599826389,151.02046657986114,54.85185185185185,33.212962962962955,130.04774197048613,128.63933051215275,1.4084136284722222,32.122884114583336,32.28025173611111,32.17382378472222,32.06237087673611,8.629221598307293,2.2902158101399737,2.130950503879123,2.09812249077691,2.1099383036295576,28.450086805555557,9.036024305555555,6.044270833333333,5.345052083333333,8.024739583333334,0.0
ann,gist-960-euclidean,faiss,interleaved-memory,22,0.97873,8.715103905999968,114.7433250120568,2026-04-04T16:21:03.073910,2026-04-04T16:21:11.798408,9,25.0,23.11111111111111,22.666666666666668,29.22222222222222,23.666666666666668,0.1,8708.562222222223,0.03333333333333334,2110.7255555555557,2137.0455555555554,2303.584444444444,2157.202222222222,0.03222222222222223,0.03222222222222223,0.035555555555555556,0.031111111111111114,0.916278784850277,0.043333333333333335,45.367777777777775,43.162222222222226,0.004744444444444444,0.005011111111111111,0.7077777777777778,93.68487630208334,153.25995225694442,55.666666666666664,33.81481481481482,132.34421223958333,130.89371202256942,1.4505013020833333,32.71650390625,32.84611436631945,32.791396484375,32.539698350694444,8.629020690917969,2.2901717291937933,2.1308890448676214,2.098070356580946,2.1098916795518665,28.4921875,9.055121527777779,6.052951388888889,5.345486111111111,8.038628472222221,0.0
ann,gist-960-euclidean,faiss,interleaved-memory,23,0.97873,8.828114552999978,113.274470329588,2026-04-04T16:21:11.828987,2026-04-04T16:21:20.666771,8,25.0,27.125,24.125,22.0,25.375,0.0875,9296.401249999999,0.037500000000000006,2585.1,2186.6575000000003,2111.425,2413.2174999999997,0.037500000000000006,0.0325,0.03125,0.036250000000000004,0.8167672430466908,0.036250000000000004,50.151250000000005,47.78,0.0051,0.005362499999999999,0.7112499999999999,100.20645385742188,163.3797717285156,59.447916666666664,36.260416666666664,142.18619873046873,140.6133935546875,1.572806396484375,35.0857080078125,35.257796630859374,35.26859130859375,35.0013037109375,8.629191875457764,2.290215015411377,2.1309399604797363,2.098104476928711,2.1099324226379395,28.49560546875,9.05078125,6.05419921875,5.34814453125,8.04248046875,0.0
ann,gist-960-euclidean,faiss,interleaved-memory,24,0.97873,8.87752074599939,112.6440623020391,2026-04-04T16:21:20.697150,2026-04-04T16:21:29.583423,9,25.0,24.666666666666668,30.444444444444443,21.666666666666668,22.0,0.09777777777777778,8664.695555555554,0.03222222222222223,2214.9666666666667,2376.9588888888884,2079.9599999999996,1992.8111111111111,0.03333333333333333,0.03555555555555556,0.031111111111111114,0.02888888888888889,0.8383868650091179,0.042222222222222223,44.111111111111114,41.95555555555555,0.004577777777777778,0.004844444444444445,0.7088888888888888,93.29381944444445,152.76121853298613,55.47222222222222,33.65740740740741,131.97623372395833,130.60077907986113,1.37544921875,32.58658420138889,32.748370225694444,32.74722981770834,32.51859375,8.629224565294054,2.2902200486924915,2.130938212076823,2.0981246100531683,2.109942118326823,28.428819444444443,9.038628472222221,6.037760416666667,5.330729166666667,8.02170138888889,0.0
ann,gist-960-euclidean,faiss,interleaved-memory,25,0.97873,9.13627487100075,109.45379972904252,2026-04-04T16:21:29.613995,2026-04-04T16:21:38.758495,10,25.0,34.5,19.7,24.5,20.0,0.092,7986.585000000001,0.031000000000000007,2211.81,1816.3239999999998,2153.606,1804.843,0.032999999999999995,0.026000000000000002,0.031,0.027000000000000003,0.8160027307951407,0.041999999999999996,43.154,41.07299999999999,0.004829999999999999,0.00508,0.7129999999999999,85.860615234375,141.87169531249998,51.51666666666667,30.933333333333337,128.81013237847222,127.46521809895833,1.3449131944444443,31.81707790798611,32.01567274305555,31.886234809027783,31.746234809027783,8.62915759616428,2.2902013990614147,2.1309259202745228,2.0981034172905817,2.1099268595377607,28.461805555555557,9.046440972222221,6.046006944444445,5.341145833333333,8.028211805555555,0.0
ann,gist-960-euclidean,faiss,interleaved-memory,26,0.97873,8.847711958000218,113.02357092398184,2026-04-04T16:21:38.788936,2026-04-04T16:21:47.647357,8,25.0,21.875,26.25,25.875,25.125,0.08125,9284.83,0.035,2139.37875,2408.6312500000004,2329.5112500000005,2407.30875,0.03125,0.035,0.035,0.03375,0.8882134822422484,0.036250000000000004,53.2275,50.76625,0.0054,0.005675,0.7075,100.13733032226563,163.17867187500002,59.302083333333336,36.135416666666664,142.07856811523436,140.59220092773438,1.4863671875,35.16431396484375,35.23645263671875,35.19971801757813,34.99171752929688,8.629244486490887,2.2902276780870228,2.1309500800238714,2.0981161329481335,2.1099522908528643,28.46831597222222,9.04513888888889,6.053385416666667,5.338107638888889,8.031684027777779,0.0
ann,gist-960-euclidean,faiss,interleaved-memory,27,0.97873,9.160076480000498,109.16939418391686,2026-04-04T16:21:47.677948,2026-04-04T16:21:56.846258,10,25.0,20.5,30.7,26.0,21.2,0.098,8069.950999999999,0.03200000000000001,1892.797,2113.557,2067.5170000000003,1996.08,0.028000000000000004,0.031,0.031000000000000007,0.029000000000000005,0.8955504866913928,0.048,41.681,39.52799999999999,0.00456,0.00486,0.7129999999999999,86.6646875,143.096099609375,52.050000000000004,31.3,121.89441796874999,120.642669921875,1.2517480468750002,30.1650087890625,30.2292724609375,30.221675781249996,30.026713867187492,8.629239824083117,2.290213690863715,2.130942874484592,2.0981237623426647,2.1099603441026478,28.447916666666668,9.039496527777779,6.037326388888889,5.343315972222222,8.027777777777779,0.0
ann,gist-960-euclidean,faiss,interleaved-memory,28,0.97873,8.226104405000115,121.56422417787026,2026-04-04T16:21:56.877991,2026-04-04T16:22:05.114364,8,25.0,23.875,23.625,23.0,28.125,0.085,9456.4375,0.035,2274.705,2204.1475,2249.91875,2727.665,0.0325,0.0325,0.03375,0.04,0.8080711890939687,0.0375,51.99875,49.4825,0.0052,0.005475,0.70875,101.70597412109375,165.265615234375,60.145833333333336,36.8125,144.510068359375,142.96383056640624,1.5462414550781252,35.715185546875006,35.8980859375,35.833221435546875,35.51733764648437,8.629297733306885,2.290238857269287,2.130960464477539,2.0981407165527344,2.1099600791931152,28.50048828125,9.06103515625,6.0546875,5.345703125,8.0390625,0.0
ann,gist-960-euclidean,faiss,interleaved-memory,29,0.97873,9.019180643999787,110.87481662375532,2026-04-04T16:22:05.145043,2026-04-04T16:22:14.177030,9,25.0,19.666666666666668,23.22222222222222,25.444444444444443,30.555555555555557,0.09555555555555556,8704.468888888889,0.03333333333333334,1832.9633333333336,2187.696666666667,2308.4111111111106,2375.3988888888894,0.027777777777777776,0.03222222222222223,0.03333333333333334,0.035555555555555556,0.7716444349229766,0.044444444444444446,45.169999999999995,42.970000000000006,0.004711111111111111,0.004988888888888889,0.71,93.74527560763889,153.50944010416666,55.83333333333334,33.916666666666664,132.2586480034722,130.94539496527779,1.3132552083333333,32.77994574652778,32.861003689236114,32.766858723958336,32.537584635416664,8.629286448160808,2.290231068929036,2.1309585571289062,2.098141140407986,2.109962887234158,28.46831597222222,9.05078125,6.05078125,5.337673611111111,8.02907986111111,0.0
ann,gist-960-euclidean,faiss,interleaved-memory,30,0.97873,8.530912806000742,117.2207503160258,2026-04-04T16:22:14.215493,2026-04-04T16:22:22.752861,8,25.0,24.75,23.625,24.125,26.375,0.08875,9123.2375,0.035,2294.71,2172.6537500000004,2298.67375,2357.19625,0.03625,0.03125,0.03375,0.03375,0.9217110157883547,0.0375,49.635000000000005,47.23625,0.005125,0.0053875,0.70875,98.35301391601563,159.8694677734375,58.083333333333336,35.552083333333336,139.41671508789062,137.98953979492188,1.42717529296875,34.44735595703125,34.62588623046875,34.60333618164062,34.31296508789062,8.629174709320068,2.2902145385742188,2.1309280395507812,2.098104953765869,2.109927177429199,28.4619140625,9.046875,6.03955078125,5.337890625,8.03759765625,0.0
ann,gist-960-euclidean,faiss,numa-balancing,1,0.97873,19.54644808499961,51.16019010980428,2026-04-04T16:44:10.696107,2026-04-04T16:44:30.249145,20,30.55,35.95,36.25,24.85,19.3,0.1865,3979.1589999999997,0.014000000000000002,998.0589999999999,1332.573,812.1075,836.4220000000001,0.014500000000000002,0.019999999999999997,0.011,0.012,0.6094281514033377,0.4025,18.785999999999998,16.372500000000002,0.0029450000000000006,0.005985,0.53,40.4884091796875,77.92763330078125,28.083333333333332,14.479166666666666,63.97481689453125,56.913210937500004,7.0616074218749985,17.17326953125,19.12027490234375,10.935812988281251,9.683853515625001,7.708028984069824,1.2554798126220703,5.010148239135742,0.7854457855224609,0.6570926666259765,26.7751953125,7.441015625,12.83203125,2.441015625,4.0609375,0.0
ann,gist-960-euclidean,faiss,numa-balancing,2,0.97873,9.934544753999944,100.6588650775739,2026-04-04T16:44:30.281468,2026-04-04T16:44:40.227909,10,26.0,21.0,31.2,24.7,23.7,0.096,7715.419000000002,0.027000000000000003,1777.2679999999996,2228.337,1873.1200000000001,1836.696,0.026000000000000006,0.035,0.028999999999999998,0.028000000000000004,0.7975759501368058,0.048,37.452,35.287,0.00455,0.00487,0.688,81.65902441406249,140.9894755859375,51.199999999999996,29.45,118.782888671875,114.7364580078125,4.0464296875,34.804969726562504,38.592080078125,21.982826171875,19.35658203125,8.62474021911621,1.6118690490722656,5.274628829956055,0.9843631744384765,0.7538825988769531,28.579296875,8.103515625,13.335546875,2.883984375,4.25625,0.0
ann,gist-960-euclidean,faiss,numa-balancing,3,0.97873,10.223536213999978,97.81351374592022,2026-04-04T16:44:40.258102,2026-04-04T16:44:50.492200,10,25.7,23.7,29.1,24.7,22.7,0.094,7634.818999999999,0.027000000000000003,1908.4009999999998,2029.782,1911.3880000000004,1785.25,0.027000000000000003,0.030000000000000006,0.029000000000000005,0.025,0.8795279493068714,0.047,37.163,35.102999999999994,0.00458,0.004880000000000001,0.697,81.3727080078125,138.63687109375,50.38333333333333,29.349999999999998,116.6101640625,113.91834472656251,2.691822265625,34.4469912109375,38.39465136718751,21.737584960937504,19.3391162109375,8.624783706665038,1.6119285583496095,5.274671936035157,0.9843650817871094,0.7538192749023438,28.58828125,8.10390625,13.33359375,2.895703125,4.255078125,0.0
ann,gist-960-euclidean,faiss,numa-balancing,4,0.97873,9.928216786999656,100.72302221577534,2026-04-04T16:44:50.523043,2026-04-04T16:45:00.458029,10,25.6,22.8,30.5,22.0,24.0,0.10400000000000001,7715.535999999998,0.028000000000000004,1958.434,1961.375,1856.146,1939.5819999999999,0.029000000000000005,0.029000000000000005,0.027000000000000003,0.030000000000000006,0.9463493722516092,0.049,36.076,34.042,0.004430000000000001,0.004739999999999999,0.703,82.52515722656251,139.749228515625,50.80833333333333,29.766666666666666,117.17585546875,115.10266894531249,2.0731884765624997,34.8518916015625,38.522489257812495,22.158598632812502,19.5696875,8.624802398681641,1.6108623504638673,5.273397445678711,0.984311294555664,0.7562343597412109,28.551953125,8.037890625,13.367578125,2.855078125,4.29140625,0.0
ann,gist-960-euclidean,faiss,numa-balancing,5,0.97873,10.457563619000211,95.62456767493272,2026-04-04T16:45:00.488590,2026-04-04T16:45:10.953537,10,26.1,24.5,33.0,18.5,21.7,0.095,7526.616,0.027000000000000003,2065.676,2059.54,1664.646,1736.7549999999999,0.028999999999999998,0.032,0.023,0.024,0.8058601639366484,0.05,36.65400000000001,34.496,0.00464,0.0049700000000000005,0.699,80.05111328125,135.6619375,49.25,28.866666666666664,113.66930078125002,111.75514453125,1.914158203125,33.773372070312504,37.457024414062495,21.519879882812496,19.0048671875,8.62474892356179,1.6119187094948508,5.269150820645419,0.9878030256791548,0.755876367742365,28.545454545454547,8.105823863636363,13.329545454545455,2.8259943181818183,4.284090909090909,0.0
ann,gist-960-euclidean,faiss,numa-balancing,6,0.97873,10.722287857999618,93.2636777937207,2026-04-04T16:45:10.984172,2026-04-04T16:45:21.713988,11,24.0,24.181818181818183,23.363636363636363,21.363636363636363,28.363636363636363,0.1,7119.05,0.024545454545454547,1862.2,1535.8336363636365,1725.4754545454546,1995.5436363636363,0.02727272727272728,0.023636363636363636,0.026363636363636363,0.030000000000000002,0.7696316975369666,0.053636363636363656,32.76545454545454,30.81,0.004299999999999999,0.0046,0.7181818181818183,76.91816406250001,131.8609659090909,47.825757575757585,27.666666666666668,107.37987659801136,105.7326962002841,1.6471812855113634,31.954765624999997,35.578061967329546,20.33684659090909,17.863020241477273,8.624930953979492,1.6120929718017578,5.268887329101562,0.9881702423095703,0.7557804107666015,28.554296875,8.167578125,13.3671875,2.782421875,4.237109375,0.0
ann,gist-960-euclidean,faiss,numa-balancing,7,0.97873,10.545683457999983,94.82552780791056,2026-04-04T16:45:21.745347,2026-04-04T16:45:32.299957,11,23.454545454545453,25.818181818181817,18.0,31.818181818181817,22.90909090909091,0.0890909090909091,7149.852727272728,0.025454545454545455,2007.7863636363638,1424.6981818181819,2029.1936363636362,1688.171818181818,0.029999999999999995,0.02,0.029090909090909098,0.025454545454545455,0.7021006552983654,0.050909090909090925,36.055454545454545,33.9509090909091,0.004663636363636364,0.004990909090909091,0.7227272727272728,76.99420987215909,131.38549715909087,47.689393939393945,27.74242424242424,108.05261985085227,106.37051402698863,1.6821093749999998,32.119663529829545,35.914611150568184,20.38455433238636,17.951685014204546,8.624740600585938,1.6119509610262783,5.266585956920277,0.9904105446555398,0.7557931379838423,28.568892045454547,8.133522727272727,13.33203125,2.8654119318181817,4.237926136363637,0.0
ann,gist-960-euclidean,faiss,numa-balancing,8,0.97873,10.276992413000698,97.30473272851408,2026-04-04T16:45:32.330567,2026-04-04T16:45:42.615208,10,24.4,27.3,22.5,23.7,24.0,0.096,7647.959000000001,0.028000000000000004,2110.561,1788.154,1794.7920000000001,1954.45,0.031,0.026000000000000002,0.027000000000000003,0.028000000000000004,0.8472410889806075,0.046000000000000006,37.422999999999995,35.402,0.004579999999999999,0.00485,0.714,82.1393330078125,138.35716406249998,50.23333333333334,29.58333333333333,115.8280283203125,114.1188310546875,1.709197265625,34.366327148437506,38.6219453125,21.8510107421875,19.2795478515625,8.624807357788086,1.6119655609130858,5.266640853881836,0.9904556274414062,0.7557601928710938,28.60234375,8.1421875,13.402734375,2.8125,4.244921875,0.0
ann,gist-960-euclidean,faiss,numa-balancing,9,0.97873,10.76768207999976,92.87049827162268,2026-04-04T16:45:42.645635,2026-04-04T16:45:53.422239,11,25.545454545454547,30.09090909090909,24.272727272727273,23.09090909090909,21.545454545454547,0.09636363636363637,7126.690909090909,0.026363636363636367,1859.4745454545455,1885.2981818181818,1659.0036363636364,1722.9127272727274,0.02909090909090909,0.02727272727272727,0.023636363636363636,0.026363636363636367,0.8799688305876862,0.05090909090909091,34.870909090909095,32.84818181818182,0.004436363636363637,0.004736363636363637,0.7072727272727272,75.53519975142045,128.610849609375,46.65151515151515,27.17424242424242,107.25317737926137,105.80385564630681,1.4493261718750001,31.909974254261364,35.56517933238636,20.40319691051136,17.92550337357955,8.624778747558594,1.6119752363725142,5.266510009765625,0.9905017505992543,0.7557917508212003,28.552201704545453,8.110795454545455,13.33984375,2.8316761363636362,4.269886363636363,0.0
ann,gist-960-euclidean,faiss,numa-balancing,10,0.97873,10.494066557000224,95.2919437444329,2026-04-04T16:45:53.451811,2026-04-04T16:46:03.954189,10,25.5,22.0,33.2,24.0,17.9,0.093,7468.331999999999,0.026000000000000002,1792.604,2363.675,1968.368,1343.685,0.026000000000000006,0.037,0.029000000000000005,0.021,0.5684728230403926,0.05,37.113,34.95,0.00464,0.004959999999999999,0.705,79.2878203125,132.88851367187502,48.275,28.625000000000004,112.85924121093748,111.45819238281248,1.4010458984374998,33.8491796875,37.43271875,21.2339384765625,18.942357421875,8.624836349487305,1.6120044708251953,5.26653938293457,0.9904960632324219,0.7557964324951172,28.55546875,8.12421875,13.35625,2.834765625,4.240234375,0.0
ann,gist-960-euclidean,faiss,numa-balancing,11,0.97873,10.362299172999885,96.5036796665368,2026-04-04T16:46:03.984658,2026-04-04T16:46:14.356249,11,24.363636363636363,20.272727272727273,29.636363636363637,22.0,24.0,0.1,7281.180909090909,0.02727272727272728,1629.295454545455,2222.5281818181816,1816.9045454545455,1612.4527272727273,0.024545454545454547,0.034545454545454546,0.026363636363636367,0.023636363636363636,0.7255038385851331,0.051818181818181826,34.49454545454545,32.477272727272734,0.004309090909090909,0.0046,0.7163636363636363,78.11496448863637,131.93503107244317,47.90151515151515,28.151515151515152,109.85203125,108.63581232244319,1.216221590909091,32.82030095880682,36.41404208096591,20.92014470880682,18.481326349431818,8.624822096391156,1.6119839061390269,5.2665883844549,0.9904684586958452,0.755781347101385,28.575994318181817,8.105113636363637,13.382102272727273,2.805397727272727,4.283380681818182,0.0
ann,gist-960-euclidean,faiss,numa-balancing,12,0.97873,9.899468688000525,101.01552229890208,2026-04-04T16:46:14.387058,2026-04-04T16:46:24.296393,10,25.3,21.3,33.1,21.0,22.7,0.10400000000000001,7714.794,0.028000000000000004,1662.846,2449.567,1818.7120000000002,1783.667,0.024000000000000004,0.037,0.028000000000000004,0.026000000000000002,0.6788326263376344,0.048,35.704,33.673,0.00434,0.0046099999999999995,0.707,82.6079375,139.0807294921875,50.50833333333333,29.758333333333336,116.56522265624999,115.07596875000002,1.4892529296875,34.7444443359375,38.63008203125,22.161248046874995,19.5401953125,8.624881744384766,1.6113750457763671,5.266687393188477,0.9906150817871093,0.7562152862548828,28.574609375,8.141015625,13.3421875,2.886328125,4.216015625,0.0
ann,gist-960-euclidean,faiss,numa-balancing,13,0.97873,10.237090542999796,97.68400462998817,2026-04-04T16:46:24.326866,2026-04-04T16:46:34.573264,10,25.0,24.8,29.3,22.0,20.8,0.10600000000000001,7630.709999999999,0.029000000000000005,1908.602,2215.7940000000003,1828.212,1678.1,0.027000000000000003,0.03200000000000001,0.028000000000000004,0.027000000000000007,0.7573357451098792,0.044,35.10699999999999,33.135999999999996,0.00435,0.00461,0.7099999999999999,81.7720048828125,137.43758984375,49.949999999999996,29.5,115.154310546875,113.6767060546875,1.4776064453125,34.3373173828125,38.240423828125,21.8158037109375,19.283162109375002,8.624912643432618,1.6099586486816406,5.267187881469726,0.9901695251464844,0.7575973510742188,28.550390625,8.08984375,13.3890625,2.83828125,4.233203125,0.0
ann,gist-960-euclidean,faiss,numa-balancing,14,0.97873,10.298822374000338,97.09848016454072,2026-04-04T16:46:34.603978,2026-04-04T16:46:44.911681,10,25.5,25.0,30.2,25.0,19.1,0.1,7497.830999999998,0.026000000000000002,1953.8470000000002,2105.429,1870.229,1568.324,0.03,0.031,0.027000000000000003,0.023000000000000003,0.7448952208789753,0.048,35.858000000000004,33.772,0.00449,0.00477,0.71,79.7538603515625,134.58451171874998,48.875,28.73333333333333,112.76884960937502,111.4430244140625,1.3258242187500002,33.44382031250001,37.49853027343751,21.561148437499998,18.9395234375,8.624776840209961,1.6100215911865234,5.268013000488281,0.9871761322021484,0.7595661163330079,28.598046875,8.14375,13.3640625,2.8171875,4.273046875,0.0
ann,gist-960-euclidean,faiss,numa-balancing,15,0.97873,10.693331165000018,93.51622843899816,2026-04-04T16:46:44.943716,2026-04-04T16:46:55.646304,11,25.363636363636363,26.545454545454547,26.09090909090909,25.181818181818183,21.09090909090909,0.09545454545454546,7165.514545454545,0.02727272727272728,1791.6727272727273,1911.5081818181818,1854.3536363636363,1607.9827272727273,0.025454545454545455,0.02727272727272728,0.02727272727272728,0.024545454545454547,0.8412115326355819,0.05,34.46727272727273,32.410000000000004,0.004418181818181818,0.0047,0.7081818181818181,76.17500355113636,130.12166015625,47.21212121212121,27.439393939393938,107.64203036221589,106.37919122869317,1.262840909090909,32.34989612926136,35.68433771306818,20.347825816761365,17.997130681818184,8.624696904962713,1.6100068525834517,5.268920204856179,0.9843302640047941,0.7614430514248935,28.572088068181817,8.123224431818182,13.359730113636363,2.840553977272727,4.258167613636363,0.0
ann,gist-960-euclidean,faiss,numa-balancing,16,0.97873,10.777986191999844,92.78171099739096,2026-04-04T16:46:55.676719,2026-04-04T16:47:06.464103,11,25.272727272727273,24.181818181818183,29.181818181818183,22.454545454545453,22.818181818181817,0.0890909090909091,7193.378181818181,0.026363636363636367,1777.7427272727275,1943.257272727273,1621.0390909090909,1851.3381818181815,0.02727272727272728,0.029090909090909098,0.022727272727272728,0.02727272727272728,0.8341865555629886,0.05090909090909091,36.68636363636363,34.593636363636364,0.0047272727272727275,0.0050272727272727274,0.7090909090909091,76.86503373579545,130.62873668323866,47.43181818181818,27.65909090909091,108.5000799005682,107.1542578125,1.3458229758522728,32.42743519176137,36.00734730113636,20.485288529829543,18.234188565340908,8.62472915649414,1.6100054654208096,5.268925753506747,0.9843718788840554,0.761429179798473,28.57315340909091,8.130326704545455,13.367542613636363,2.831321022727273,4.243963068181818,0.0
ann,gist-960-euclidean,faiss,numa-balancing,17,0.97873,11.19645231999948,89.31400513480206,2026-04-04T16:47:06.494377,2026-04-04T16:47:17.700167,11,24.818181818181817,20.90909090909091,29.0,18.454545454545453,30.636363636363637,0.09363636363636364,6920.757272727273,0.023636363636363636,1619.2872727272727,2029.8681818181817,1429.5054545454545,1842.0990909090908,0.02181818181818182,0.02909090909090909,0.019090909090909092,0.026363636363636363,0.7042356086714096,0.05818181818181818,33.27636363636364,31.215454545454545,0.004409090909090909,0.004736363636363637,0.7118181818181818,73.73946555397728,124.79629261363638,45.25,26.568181818181824,104.41515891335226,103.12682794744319,1.2883300781250002,31.274787819602274,34.56767933238637,19.78337801846591,17.500981001420453,8.62480336969549,1.6099697459827769,5.269024588844993,0.9843486439098011,0.761460390957919,28.572443181818183,8.118607954545455,13.357954545454545,2.821377840909091,4.274502840909091,0.0
ann,gist-960-euclidean,faiss,numa-balancing,18,0.97873,10.74681744999998,93.05080361256177,2026-04-04T16:47:17.731233,2026-04-04T16:47:28.486715,11,24.0,20.363636363636363,24.181818181818183,27.09090909090909,27.272727272727273,0.08909090909090908,7136.2527272727275,0.026363636363636367,1668.1454545454544,1855.716363636363,1849.6954545454546,1762.6972727272725,0.023636363636363636,0.02727272727272728,0.028181818181818186,0.026363636363636363,0.8989226409992125,0.057272727272727274,37.37909090909091,35.21909090909091,0.004772727272727272,0.0051,0.7218181818181817,76.57107776988636,129.4228826349432,46.99242424242424,27.575757575757574,107.65528764204542,106.36168323863639,1.2936097301136367,32.148740234375,35.82207563920454,20.321273970170456,18.069595170454544,8.624835621226918,1.610001650723544,5.268899397416548,0.9844169616699219,0.761517958207564,28.59090909090909,8.124644886363637,13.328835227272727,2.843039772727273,4.294389204545454,0.0
ann,gist-960-euclidean,faiss,numa-balancing,19,0.97873,10.074857534999865,99.2569866646768,2026-04-04T16:47:28.517185,2026-04-04T16:47:38.598694,10,25.1,24.1,27.1,23.3,24.1,0.091,7671.817,0.027000000000000003,1880.893,1907.791,1936.712,1946.42,0.028999999999999998,0.028000000000000004,0.029000000000000005,0.03,0.966334604042293,0.044,37.986000000000004,35.893,0.004659999999999999,0.004960000000000001,0.71,82.26315136718749,138.9109814453125,50.49999999999999,29.683333333333337,115.7708974609375,114.45337500000001,1.3175244140625,34.7140283203125,38.5528564453125,21.77858203125,19.407910156250004,8.624729537963868,1.609942626953125,5.26890869140625,0.9844062805175782,0.7614803314208984,28.553515625,8.119140625,13.31015625,2.85859375,4.265625,0.0
ann,gist-960-euclidean,faiss,numa-balancing,20,0.97873,10.288804590000836,97.19302094354566,2026-04-04T16:47:38.629068,2026-04-04T16:47:48.925005,10,25.7,28.5,27.2,23.5,20.4,0.092,7626.939000000001,0.028000000000000004,2137.7760000000003,1991.0610000000001,1892.6660000000004,1605.433,0.031000000000000007,0.029000000000000005,0.029000000000000005,0.024,0.750982797075091,0.046,38.355,36.214999999999996,0.00468,0.00497,0.704,80.9675166015625,136.522646484375,49.61666666666667,29.26666666666667,114.90924316406252,113.65376660156248,1.2554775390625,34.460702148437505,37.9645185546875,21.858406249999994,19.370142578125,8.624754714965821,1.6099594116210938,5.269043731689453,0.9843154907226562,0.7614295959472657,28.5890625,8.106640625,13.37109375,2.8625,4.248828125,0.0
ann,gist-960-euclidean,faiss,numa-balancing,21,0.97873,10.338059360999978,96.72995337717543,2026-04-04T16:47:48.955271,2026-04-04T16:47:59.302238,11,25.363636363636363,23.272727272727273,32.09090909090909,17.636363636363637,24.636363636363637,0.10181818181818181,7282.92090909091,0.025454545454545455,1626.9254545454546,2289.066363636364,1541.742727272727,1825.19,0.024545454545454547,0.034545454545454546,0.022727272727272728,0.02727272727272728,0.6735246962536928,0.04727272727272727,34.443636363636365,32.515454545454546,0.004336363636363637,0.004618181818181818,0.7081818181818181,77.74344726562498,131.12941761363638,47.628787878787875,28.02272727272727,109.74710671164775,108.4736825284091,1.273425071022727,32.811941583806814,36.541821732954546,20.786261541193184,18.333655894886366,8.624713550914418,1.6095483953302556,5.269465012983843,0.9843278364701704,0.7613723061301492,28.588068181818183,8.149147727272727,13.356889204545455,2.8657670454545454,4.216264204545454,0.0
ann,gist-960-euclidean,faiss,numa-balancing,22,0.97873,10.400216154999724,96.15184772090214,2026-04-04T16:47:59.333140,2026-04-04T16:48:09.750378,10,24.6,19.2,27.8,22.9,29.2,0.089,7653.937,0.028000000000000004,1460.85,2302.46,1838.779,2051.851,0.022000000000000002,0.03300000000000001,0.026000000000000002,0.029000000000000005,0.6344735630586416,0.04700000000000001,38.634,36.422000000000004,0.004739999999999999,0.00507,0.716,82.07461328125001,138.422892578125,50.30833333333333,29.600000000000005,115.41197265625001,114.10450097656253,1.3074697265625002,34.525580078125,38.489182617187495,21.7936015625,19.29613671875,8.624831390380859,1.6081207275390625,5.270854568481445,0.9843433380126954,0.7615127563476562,28.548046875,8.095703125,13.31796875,2.840625,4.29375,0.0
ann,gist-960-euclidean,faiss,numa-balancing,23,0.97873,10.494231251999736,95.29044824597746,2026-04-04T16:48:09.784971,2026-04-04T16:48:20.294876,11,26.272727272727273,30.09090909090909,29.0,21.636363636363637,17.454545454545453,0.09909090909090908,7138.454545454545,0.026363636363636367,1981.0009090909093,2087.722727272727,1558.2590909090907,1511.4727272727273,0.029090909090909098,0.03090909090909091,0.022727272727272728,0.02181818181818182,0.723981545790433,0.05,34.12909090909091,32.167272727272724,0.004409090909090909,0.004690909090909091,0.700909090909091,75.63544034090908,127.32967950994318,46.28787878787878,27.234848484848484,107.5707492897727,106.34912642045452,1.2216228693181819,32.11426047585227,35.88268022017046,20.293525390625,18.058662109375003,8.6248291015625,1.6080913543701172,5.271024703979492,0.9842689514160157,0.7614459991455078,28.568359375,8.109765625,13.36640625,2.82734375,4.26484375,0.0
ann,gist-960-euclidean,faiss,numa-balancing,24,0.97873,10.20652964599958,97.97649491881376,2026-04-04T16:48:20.327991,2026-04-04T16:48:30.543413,10,25.3,24.3,29.2,22.1,24.9,0.10300000000000001,7700.2880000000005,0.027000000000000003,1986.5,2210.167,1747.975,1755.648,0.029000000000000005,0.032999999999999995,0.025,0.026000000000000002,0.7908791507610058,0.05,36.768,34.705,0.0044199999999999995,0.00472,0.7089999999999999,82.0104169921875,137.09462597656253,49.81666666666667,29.591666666666665,116.19181347656249,114.77635839843751,1.4154570312499999,34.711613281249996,38.4932412109375,22.0287998046875,19.5427041015625,8.624786030162465,1.6080155806107954,5.271007537841797,0.9842432195490056,0.7615117159756748,28.561079545454547,8.104758522727273,13.357954545454545,2.801491477272727,4.3046875,0.0
ann,gist-960-euclidean,faiss,numa-balancing,25,0.97873,10.830233036000209,92.33411660450447,2026-04-04T16:48:30.573668,2026-04-04T16:48:41.412816,11,25.545454545454547,28.181818181818183,25.09090909090909,26.09090909090909,20.90909090909091,0.09272727272727273,7061.470909090908,0.025454545454545455,1954.757272727273,1973.2300000000002,1661.7936363636363,1471.69,0.029090909090909098,0.029090909090909098,0.024545454545454547,0.023636363636363643,0.7458279065288891,0.056363636363636366,35.449090909090906,33.289090909090916,0.004590909090909091,0.004909090909090909,0.709090909090909,74.64910866477273,126.631416015625,45.96969696969697,26.88636363636363,106.17344460227272,104.90302112926138,1.2704234730113635,31.683053089488634,35.317318892045456,20.096123046875,17.806529651988637,8.624801982532848,1.607966336337003,5.27098985151811,0.9843382401899858,0.7615075544877485,28.574573863636363,8.094815340909092,13.354403409090908,2.8316761363636362,4.2936789772727275,0.0
ann,gist-960-euclidean,faiss,numa-balancing,26,0.97873,10.126384086000144,98.75193272419055,2026-04-04T16:48:41.443290,2026-04-04T16:48:51.576844,10,25.9,27.1,28.2,25.0,21.2,0.095,7672.848999999999,0.028000000000000004,2092.022,2114.111,1866.752,1599.963,0.031000000000000007,0.031000000000000007,0.028999999999999998,0.024,0.7568017951753716,0.043,37.138,35.095,0.00453,0.00481,0.702,81.439435546875,137.293294921875,49.875,29.358333333333334,116.09563867187501,114.6666982421875,1.4289423828124999,34.68021289062501,38.6842763671875,21.85215234375,19.450056640625,8.624665451049804,1.6080551147460938,5.270930480957031,0.9841789245605469,0.761502456665039,28.58125,8.12578125,13.34296875,2.7953125,4.3171875,0.0
ann,gist-960-euclidean,faiss,numa-balancing,27,0.97873,10.59221388899914,94.40896969032885,2026-04-04T16:48:51.607067,2026-04-04T16:49:02.209158,10,25.9,28.4,29.4,21.8,19.4,0.096,7433.202000000002,0.028000000000000004,2088.6870000000004,2200.6,1660.464,1483.451,0.03200000000000001,0.03400000000000001,0.025,0.021,0.6741120603471781,0.049,35.552,33.494,0.004489999999999999,0.00478,0.702,78.69925292968752,132.853404296875,48.21666666666667,28.38333333333333,112.2276357421875,110.92494042968751,1.302697265625,33.465604492187495,37.18014453125,21.345822265624996,18.933369140624997,8.62473258972168,1.6080062866210938,5.270978927612305,0.9842697143554687,0.7614738464355468,28.559765625,8.08359375,13.36015625,2.8515625,4.264453125,0.0
ann,gist-960-euclidean,faiss,numa-balancing,28,0.97873,10.521383872000117,95.04453141960116,2026-04-04T16:49:02.239981,2026-04-04T16:49:12.772964,10,26.0,24.5,30.4,25.8,20.1,0.10300000000000001,7576.1720000000005,0.026999999999999996,1905.902,2390.573,1660.809,1618.889,0.027000000000000003,0.03400000000000001,0.025,0.025000000000000005,0.6771970569399052,0.046,35.456,33.501000000000005,0.004350000000000001,0.0046,0.701,79.82872949218749,133.8032412109375,48.591666666666676,28.78333333333333,114.53946972656249,113.16930078124999,1.3701679687500001,34.240791992187496,38.0107119140625,21.670724609375,19.247076171875,8.624820709228516,1.6080405495383523,5.269027363170277,0.9846416820179332,0.7631111145019531,28.574573863636363,8.11328125,13.3203125,2.863991477272727,4.276988636363637,0.0
ann,gist-960-euclidean,usearch,default,1,0.97754,1.3338910930001475,749.6863913760982,2026-04-04T15:30:43.971029,2026-04-04T15:30:45.304938,1,35.0,4.0,45.0,21.0,15.0,0.19,26710.34,0.1,4932.55,11785.87,5194.42,4797.5,0.07,0.18,0.08,0.07,0.4070552279975937,0.13,63.03,53.57,0.002,0.0024,0.53,31.484501953125,66.15345703125,23.583333333333332,10.833333333333334,60.680302734375005,51.754765625000005,8.925537109375,16.9895947265625,33.3014111328125,0.6981494140625,0.76560546875,13.109134674072266,5.8057098388671875,3.6610584259033203,1.851949691772461,1.7904167175292969,35.689453125,18.8359375,5.169921875,4.77734375,6.90625,0.0
ann,gist-960-euclidean,usearch,default,2,0.97754,1.321247504999974,756.8604642322634,2026-04-04T15:30:45.349750,2026-04-04T15:30:46.671022,2,20.5,32.5,19.0,32.0,33.5,0.19,38270.520000000004,0.14,10490.865,7553.4,10023.425,10202.825,0.16,0.11000000000000001,0.14500000000000002,0.155,0.7199978266806407,0.125,66.845,57.685,0.0015,0.0017499999999999998,0.72,47.2336083984375,92.4725341796875,33.416666666666664,16.791666666666668,69.53830078125,60.546923828125,8.991376953125,2.433095703125,55.977919921875,1.08451171875,1.05138671875,13.12188720703125,5.805423736572266,3.6742706298828125,1.8517913818359375,1.7904014587402344,37.62890625,19.4921875,5.71484375,5.1484375,7.2734375,0.0
ann,gist-960-euclidean,usearch,default,3,0.97754,1.3301327730000594,751.8046470989068,2026-04-04T15:30:46.718871,2026-04-04T15:30:48.049031,1,33.0,27.0,33.0,29.0,34.0,0.19,39435.71,0.15,8987.97,13216.03,8874.8,8356.91,0.13,0.2,0.13,0.12,0.632331343073525,0.12,69.18,59.84,0.0015,0.0018,0.61,40.986181640625,80.575673828125,28.916666666666668,14.5,62.912998046875,56.85015625,6.062841796875,2.314765625,52.528759765625,1.0217578125,0.984873046875,13.121757507324219,5.805015563964844,3.6743927001953125,1.85186767578125,1.7904815673828125,37.62890625,19.4921875,5.71484375,5.1484375,7.2734375,0.0
ann,gist-960-euclidean,usearch,default,4,0.97754,1.330422704999819,751.6408102792684,2026-04-04T15:30:48.098655,2026-04-04T15:30:49.429102,1,26.0,30.0,25.0,33.0,33.0,0.2,37327.9,0.14,9598.32,9442.88,8912.48,9374.22,0.14,0.14,0.13,0.14,0.9285458288533827,0.12,64.06,55.33,0.0015,0.0017,0.68,42.972275390625,82.968251953125,29.75,15.25,64.7798388671875,58.5571728515625,6.2226611328125,2.34259765625,54.121767578125,1.0285302734375001,1.0642822265625,13.121740341186523,5.805208206176758,3.6742820739746094,1.8518199920654297,1.7904300689697266,37.62890625,19.4921875,5.71484375,5.1484375,7.2734375,0.0
ann,gist-960-euclidean,usearch,default,5,0.97754,1.3426536550000492,744.7937122697241,2026-04-04T15:30:49.475240,2026-04-04T15:30:50.817924,2,22.0,29.0,21.5,32.5,30.0,0.185,38135.14,0.14,9950.195,8579.565,9779.869999999999,9825.51,0.15,0.125,0.14500000000000002,0.14500000000000002,0.8622509408107079,0.12,64.97,56.175,0.00145,0.0017,0.7150000000000001,45.810625,87.354130859375,31.625,16.291666666666668,65.888232421875,59.570400390625,6.31783203125,2.473291015625,54.941005859375,1.125654296875,1.03044921875,13.12136459350586,5.804931640625,3.6742706298828125,1.8517799377441406,1.7903823852539062,37.46484375,19.328125,5.71484375,5.1484375,7.2734375,0.0
ann,gist-960-euclidean,usearch,default,6,0.97754,1.3285473959999765,752.7017876899424,2026-04-04T15:30:50.865725,2026-04-04T15:30:52.194295,1,33.0,27.0,34.0,28.0,35.0,0.19,38793.41,0.14,8952.75,13025.31,8217.98,8597.37,0.13,0.19,0.12,0.13,0.6309239472995268,0.12,67.63,58.72,0.0015,0.0017,0.62,40.139560546875,78.05791015625,28.0,14.25,62.6277587890625,57.518574218750004,5.1091748046875,2.3016259765625,53.190947265625,0.9894335937500001,1.036572265625,13.121829986572266,5.805219650268555,3.67431640625,1.851846694946289,1.7904472351074219,37.62890625,19.4921875,5.71484375,5.1484375,7.2734375,0.0
ann,gist-960-euclidean,usearch,default,7,0.97754,1.3431846550001865,744.4992736310415,2026-04-04T15:30:52.239520,2026-04-04T15:30:53.582728,2,19.5,31.5,18.5,31.0,38.5,0.19,37357.104999999996,0.14,10259.215,6909.68,10112.490000000002,10075.715,0.155,0.1,0.15,0.15,0.6735096203754382,0.12,62.1,53.625,0.0014,0.0017,0.745,46.849018554687504,88.179404296875,31.875,16.833333333333332,65.18814453125,59.3080078125,5.88013671875,2.437197265625,54.752841796875,1.057685546875,1.060283203125,13.121929168701172,5.805446624755859,3.6742706298828125,1.8517990112304688,1.7904129028320312,37.62890625,19.4921875,5.71484375,5.1484375,7.2734375,0.0
ann,gist-960-euclidean,usearch,default,8,0.97754,1.3474436530000276,742.1460613759554,2026-04-04T15:30:53.630697,2026-04-04T15:30:54.978166,1,33.0,25.0,34.0,24.0,30.0,0.18,39299.8,0.15,8904.94,13198.6,8622.57,8573.69,0.13,0.2,0.13,0.13,0.649590865697877,0.12,68.76,59.53,0.0015,0.0017,0.62,40.6891015625,78.853994140625,28.416666666666668,14.333333333333334,63.441318359375,58.16796875,5.273359375,2.340390625,53.747548828125,1.077431640625,1.002587890625,13.121749877929688,5.805011749267578,3.6743736267089844,1.8518791198730469,1.7904853820800781,37.62109375,19.484375,5.71484375,5.1484375,7.2734375,0.0
ann,gist-960-euclidean,usearch,default,9,0.97754,1.3509677229999395,740.2101345392725,2026-04-04T15:30:55.024603,2026-04-04T15:30:56.375595,1,29.0,28.0,29.0,28.0,27.0,0.19,38260.46,0.14,9427.67,11366.97,8757.48,8708.35,0.14,0.17,0.13,0.13,0.766110053954572,0.12,65.6,56.82,0.0015,0.0017,0.66,41.929111328125,80.38845703125,29.0,14.833333333333334,62.95759765625,57.8747216796875,5.0828759765625,2.360341796875,53.435292968750005,1.02521484375,1.053876953125,13.12179946899414,5.805036544799805,3.6743621826171875,1.8518962860107422,1.7905044555664062,37.62890625,19.4921875,5.71484375,5.1484375,7.2734375,0.0
ann,gist-960-euclidean,usearch,default,10,0.97754,1.3568024249998416,737.0269846032422,2026-04-04T15:30:56.424999,2026-04-04T15:30:57.781820,2,21.0,31.5,20.0,31.5,25.5,0.185,37163.14,0.14,10090.55,7663.115,9674.779999999999,9734.7,0.15,0.115,0.14500000000000002,0.15,0.7594348177254957,0.12,62.39,53.965,0.00145,0.00165,0.7350000000000001,45.6549609375,86.04585937499999,31.125,16.291666666666668,63.7814453125,58.400166015625,5.3812890625,2.402421875,53.921865234375,1.07076171875,1.005107421875,13.121868133544922,5.805061340332031,3.674388885498047,1.8519020080566406,1.7905158996582031,37.62890625,19.4921875,5.71484375,5.1484375,7.2734375,0.0
ann,gist-960-euclidean,usearch,default,11,0.97754,1.3381350440004098,747.3087297754782,2026-04-04T15:30:57.826575,2026-04-04T15:30:59.164734,1,33.0,27.0,34.0,27.0,29.0,0.19,38750.29,0.14,8783.44,13218.44,8363.2,8385.21,0.13,0.2,0.12,0.13,0.6326919061553407,0.12,67.54,58.52,0.0015,0.0017,0.63,40.0877734375,77.36458984375,27.916666666666668,14.25,61.999018554687495,57.2782421875,4.7207666015625005,2.3193505859375003,52.903706054687504,1.0037548828125,1.0514306640625,13.121847152709961,5.805231094360352,3.6743202209472656,1.851846694946289,1.7904491424560547,37.62890625,19.4921875,5.71484375,5.1484375,7.2734375,0.0
ann,gist-960-euclidean,usearch,default,12,0.97754,1.3520595370000592,739.6124006630606,2026-04-04T15:30:59.212133,2026-04-04T15:31:00.564212,2,19.0,33.5,17.5,35.0,31.0,0.19,36900.48,0.14,10169.955,6653.129999999999,10034.805,10042.595000000001,0.155,0.1,0.14500000000000002,0.15000000000000002,0.6541946350795061,0.12,60.485,52.144999999999996,0.0014,0.00165,0.755,46.5805029296875,87.08826171875,31.416666666666668,16.583333333333332,64.6012109375,59.150166015625,5.451044921875,2.37751953125,54.598701171875,1.068818359375,1.1051171875,13.121475219726562,5.804973602294922,3.6742706298828125,1.8518104553222656,1.7904205322265625,37.15234375,19.015625,5.71484375,5.1484375,7.2734375,0.0
ann,gist-960-euclidean,usearch,default,13,0.97754,1.3733014829999777,728.1722275690694,2026-04-04T15:31:00.608908,2026-04-04T15:31:01.982233,1,33.0,27.0,33.0,19.0,36.0,0.18,39545.63,0.15,8993.38,13244.86,8652.99,8654.39,0.13,0.2,0.13,0.13,0.6533092837523385,0.12,69.36,60.17,0.0015,0.0018,0.63,41.097958984375,78.852880859375,28.166666666666668,14.583333333333334,63.518955078125,58.52919921875,4.989755859375,2.435537109375,54.042421875,1.094541015625,0.95669921875,13.121788024902344,5.805023193359375,3.6743812561035156,1.8518905639648438,1.7904930114746094,37.63671875,19.5,5.71484375,5.1484375,7.2734375,0.0
ann,gist-960-euclidean,usearch,default,14,0.97754,1.343655065999883,744.2386258975241,2026-04-04T15:31:02.029190,2026-04-04T15:31:03.372870,1,29.0,25.0,30.0,24.0,34.0,0.19,37058.27,0.14,8494.15,11109.35,8948.82,8505.94,0.13,0.17,0.13,0.13,0.7645946882580889,0.12,63.45,54.87,0.0015,0.0017,0.66,40.646630859375,77.410634765625,28.083333333333332,14.666666666666666,61.755517578125,57.039443359375,4.7160693359375,2.3140185546875003,52.682382812499995,1.003896484375,1.0391552734375,13.121807098388672,5.805231094360352,3.674304962158203,1.8518352508544922,1.790435791015625,37.6484375,19.51171875,5.71484375,5.1484375,7.2734375,0.0
ann,gist-960-euclidean,usearch,default,15,0.97754,1.359083832000124,735.7897845994748,2026-04-04T15:31:03.420893,2026-04-04T15:31:04.779998,2,21.0,29.5,19.5,30.5,31.0,0.185,37388.935,0.14,10000.965,7658.33,9903.435000000001,9826.205,0.15,0.115,0.15,0.14500000000000002,0.7657591042464402,0.12,62.155,53.655,0.00145,0.00165,0.745,45.962060546875,86.2539404296875,31.041666666666668,16.416666666666668,64.04009765625,58.87513671875,5.1649609375,2.420263671875,54.35904296875,1.071640625,1.024189453125,13.121864318847656,5.805072784423828,3.674388885498047,1.8519020080566406,1.7905006408691406,37.65234375,19.515625,5.71484375,5.1484375,7.2734375,0.0
ann,gist-960-euclidean,usearch,default,16,0.97754,1.360520322999946,735.012908734065,2026-04-04T15:31:04.824695,2026-04-04T15:31:06.185241,1,33.0,26.0,34.0,29.0,29.0,0.19,38947.72,0.14,8851.05,13150.7,8312.8,8633.17,0.13,0.2,0.12,0.13,0.6321184423642847,0.12,68.25,59.16,0.0015,0.0018,0.63,40.398515625,77.4409765625,27.666666666666668,14.25,61.882255859375,57.25181640625,4.630439453125,2.3157861328125,52.879999999999995,1.0121923828125001,1.0438330078125,13.121841430664062,5.805227279663086,3.6743125915527344,1.8518486022949219,1.7904529571533203,37.6640625,19.52734375,5.71484375,5.1484375,7.2734375,0.0
ann,gist-960-euclidean,usearch,default,17,0.97754,1.3483375869996053,741.6540261443389,2026-04-04T15:31:06.230222,2026-04-04T15:31:07.578580,2,19.0,31.0,18.0,37.5,26.0,0.195,36571.705,0.135,10045.119999999999,6608.695,10070.36,9847.525000000001,0.15000000000000002,0.1,0.15000000000000002,0.15000000000000002,0.6562521101529637,0.12,60.010000000000005,51.765,0.0014,0.00165,0.755,46.227509765625,86.2828955078125,31.166666666666668,16.458333333333332,63.234130859375,58.029951171875,5.2041796875,2.354853515625,53.57357421875,1.014921875,1.0866015625,13.121482849121094,5.8049774169921875,3.6742706298828125,1.8518104553222656,1.7904243469238281,37.62890625,19.4921875,5.71484375,5.1484375,7.2734375,0.0
ann,gist-960-euclidean,usearch,default,18,0.97754,1.3524101359998897,739.4206634370283,2026-04-04T15:31:07.623293,2026-04-04T15:31:08.975723,1,32.0,27.0,33.0,11.0,20.0,0.18,39158.38,0.15,8960.94,13021.26,8533.56,8642.61,0.13,0.19,0.13,0.13,0.6553559332967777,0.12,67.65,58.61,0.0015,0.0017,0.64,41.28966796875,79.216513671875,28.333333333333332,14.5,63.552998046875,58.533857421875,5.019140625,2.412236328125,53.969267578125,1.16904296875,0.983310546875,13.121780395507812,5.805023193359375,3.67437744140625,1.8518905639648438,1.7904891967773438,37.67578125,19.5390625,5.71484375,5.1484375,7.2734375,0.0
ann,gist-960-euclidean,usearch,default,19,0.97754,1.354741620000368,738.1481348448779,2026-04-04T15:31:09.020316,2026-04-04T15:31:10.375078,1,30.0,29.0,30.0,25.0,23.0,0.19,38451.29,0.14,9072.17,11500.17,8863.31,9015.64,0.14,0.17,0.13,0.13,0.770711215573335,0.12,65.9,57.15,0.0015,0.0017,0.66,42.048984375,80.138173828125,28.666666666666668,14.916666666666666,62.3488525390625,57.626142578125,4.722705078125,2.3518359374999998,53.2549365234375,0.9763867187499999,1.042978515625,13.121818542480469,5.805225372314453,3.6743087768554688,1.8518409729003906,1.7904434204101562,37.6875,19.55078125,5.71484375,5.1484375,7.2734375,0.0
ann,gist-960-euclidean,usearch,default,20,0.97754,1.357359274999908,736.7246228895941,2026-04-04T15:31:10.419752,2026-04-04T15:31:11.777137,2,20.5,32.5,19.5,29.0,25.5,0.185,37402.865,0.14,10088.105,7584.83,9794.79,9935.14,0.15,0.115,0.15,0.15,0.7518587484963727,0.12,62.254999999999995,53.795,0.00145,0.00165,0.745,46.158222656250004,86.3903955078125,31.041666666666668,16.333333333333332,64.45150390625,59.35111328125,5.100390625,2.384111328125,54.751787109375,1.090888671875,1.124326171875,13.121875762939453,5.8050689697265625,3.6743850708007812,1.8519096374511719,1.7905120849609375,37.69140625,19.5546875,5.71484375,5.1484375,7.2734375,0.0
ann,gist-960-euclidean,usearch,default,21,0.97754,1.349020327999824,741.2786740453998,2026-04-04T15:31:11.826551,2026-04-04T15:31:13.175596,1,34.0,26.0,34.0,29.0,33.0,0.19,38300.99,0.14,8434.61,13013.13,8516.04,8337.21,0.13,0.19,0.13,0.12,0.6406767626235963,0.12,66.57,57.71,0.0015,0.0017,0.63,39.398310546875,75.680751953125,27.166666666666668,14.083333333333334,61.215795898437506,56.8520166015625,4.363774414062499,2.3330419921875,52.5183154296875,1.01224609375,0.9884130859375,13.121864318847656,5.804994583129883,3.6743221282958984,1.8518505096435547,1.790456771850586,37.703125,19.56640625,5.71484375,5.1484375,7.2734375,0.0
ann,gist-960-euclidean,usearch,default,22,0.97754,1.3528386650000357,739.186442457256,2026-04-04T15:31:13.221995,2026-04-04T15:31:14.574858,2,19.5,32.5,18.0,30.5,30.5,0.19,36706.59,0.14,10126.93,6691.215,9938.595000000001,9949.85,0.155,0.1,0.14500000000000002,0.15000000000000002,0.6607347932690362,0.12,60.72,52.43,0.0014,0.00165,0.755,46.306513671875,86.4170703125,31.208333333333332,16.416666666666668,63.990068359375,58.950341796875,5.039716796875,2.411787109375,54.430048828125,1.073515625,1.035,13.121490478515625,5.804981231689453,3.6742706298828125,1.8518142700195312,1.7904243469238281,37.6328125,19.49609375,5.71484375,5.1484375,7.2734375,0.0
ann,gist-960-euclidean,usearch,default,23,0.97754,1.3564125289999538,737.2388404118273,2026-04-04T15:31:14.623362,2026-04-04T15:31:15.979799,1,32.0,26.0,32.0,22.0,20.0,0.18,39494.51,0.15,9084.98,12860.09,8719.38,8830.06,0.13,0.19,0.13,0.13,0.6780185830736798,0.12,67.83,58.78,0.0015,0.0017,0.64,41.79755859375,79.60267578125,28.5,14.75,62.95513671875,58.12607421875,4.8290625,2.396611328125,53.58626953125,1.0303515625,1.112841796875,13.121807098388672,5.805389404296875,3.674266815185547,1.8517684936523438,1.7903823852539062,37.71875,19.58203125,5.71484375,5.1484375,7.2734375,0.0
ann,gist-960-euclidean,usearch,default,24,0.97754,1.350684857000033,740.3651524020719,2026-04-04T15:31:16.024516,2026-04-04T15:31:17.375226,1,30.0,27.0,31.0,23.0,30.0,0.19,38406.37,0.14,9043.49,11969.5,8673.62,8719.76,0.14,0.18,0.13,0.13,0.7246434688165755,0.12,65.65,56.86,0.0015,0.0017,0.65,41.525185546875,78.936748046875,28.583333333333332,14.833333333333334,62.360209960937496,57.730078125000006,4.6301318359375,2.3490624999999996,53.3321826171875,1.0447509765625,1.0040771484375,13.121583938598633,5.805171966552734,3.6742477416992188,1.8517799377441406,1.790384292602539,37.68359375,19.546875,5.71484375,5.1484375,7.2734375,0.0
ann,gist-960-euclidean,usearch,default,25,0.97754,1.3718892019996929,728.921838981151,2026-04-04T15:31:17.420820,2026-04-04T15:31:18.792739,2,20.5,31.5,19.0,29.5,41.0,0.185,36960.024999999994,0.14,10062.635,7283.075,9826.7,9787.61,0.15,0.11,0.15,0.15,0.723774140669914,0.12,61.39,53.045,0.00145,0.00165,0.75,45.765053710937494,85.2988134765625,30.916666666666668,16.375,63.30080078125,58.57345703125,4.72734375,2.41302734375,54.0817578125,1.06880859375,1.00986328125,13.12188720703125,5.805438995361328,3.674266815185547,1.8517913818359375,1.7903938293457031,37.734375,19.59765625,5.71484375,5.1484375,7.2734375,0.0
ann,gist-960-euclidean,usearch,default,26,0.97754,1.3642482339996604,733.0044306293373,2026-04-04T15:31:18.841720,2026-04-04T15:31:20.205998,1,34.0,25.0,34.0,25.0,35.0,0.19,38052.67,0.14,8339.01,13117.11,8177.9,8418.66,0.12,0.19,0.12,0.13,0.6234528794833617,0.12,66.36,57.5,0.0015,0.0017,0.63,39.150673828125,75.037021484375,26.916666666666668,13.916666666666666,61.0032275390625,56.636103515624995,4.3671240234375,2.2898486328125003,52.319819335937495,0.9994677734375,1.02697265625,13.121866226196289,5.805414199829102,3.6742630004882812,1.8517913818359375,1.7903976440429688,37.7421875,19.60546875,5.71484375,5.1484375,7.2734375,0.0
ann,gist-960-euclidean,usearch,default,27,0.97754,1.355732128999989,737.608837770642,2026-04-04T15:31:20.255113,2026-04-04T15:31:21.610870,2,19.5,32.5,18.0,25.0,30.0,0.19,36709.775,0.135,10033.69,6882.77,9967.855,9825.465,0.14500000000000002,0.10500000000000001,0.14500000000000002,0.14500000000000002,0.6859659806113205,0.12,60.099999999999994,51.86,0.0014,0.0016,0.755,46.1381494140625,86.04376953125,31.041666666666668,16.5,63.570751953125,58.620166015625,4.950595703125,2.375302734375,54.1360546875,1.074052734375,1.034755859375,13.1219482421875,5.805442810058594,3.6742706298828125,1.8518142700195312,1.7904205322265625,37.75,19.61328125,5.71484375,5.1484375,7.2734375,0.0
ann,gist-960-euclidean,usearch,default,28,0.97754,1.3575114600002962,736.6420317363522,2026-04-04T15:31:21.658727,2026-04-04T15:31:23.016265,1,32.0,26.0,33.0,27.0,26.0,0.18,38870.53,0.14,8838.73,12813.89,8673.18,8544.73,0.13,0.19,0.13,0.13,0.6668334128043865,0.12,67.87,58.84,0.0015,0.0017,0.64,40.801201171875,77.753056640625,28.0,14.416666666666666,62.035322265625,57.51763671875,4.517685546875,2.4059765625,53.043017578125,1.011572265625,1.057060546875,13.121780395507812,5.805381774902344,3.6742515563964844,1.8517723083496094,1.790374755859375,37.7578125,19.62109375,5.71484375,5.1484375,7.2734375,0.0
ann,gist-960-euclidean,usearch,default,29,0.97754,1.363942694999878,733.1686321323709,2026-04-04T15:31:23.061778,2026-04-04T15:31:24.425748,1,29.0,28.0,29.0,26.0,22.0,0.19,38118.42,0.14,9024.05,11367.2,8875.12,8852.05,0.13,0.17,0.13,0.13,0.7787361883313392,0.12,64.98,56.27,0.0015,0.0017,0.67,41.897646484375,79.526298828125,28.5,14.833333333333334,62.089609375,57.457431640625,4.632177734375,2.3210400390625,53.0753173828125,1.033935546875,1.027138671875,13.121767044067383,5.8051910400390625,3.674306869506836,1.8518333435058594,1.790435791015625,37.76171875,19.625,5.71484375,5.1484375,7.2734375,0.0
ann,gist-960-euclidean,usearch,default,30,0.97754,1.355012651999914,738.0004891644832,2026-04-04T15:31:24.473822,2026-04-04T15:31:25.828858,2,20.5,30.5,19.5,25.5,17.0,0.185,37165.905,0.14,10028.77,7619.280000000001,9652.32,9865.535,0.15,0.11,0.14500000000000002,0.14500000000000002,0.7597422216283752,0.12,61.585,53.2,0.00145,0.00165,0.745,45.9967626953125,86.07259277343749,31.041666666666668,16.375,63.453896484375,58.673955078125,4.77994140625,2.4348046875,54.15328125,1.07580078125,1.010068359375,13.121856689453125,5.805400848388672,3.674266815185547,1.8517951965332031,1.7903938293457031,37.7734375,19.63671875,5.71484375,5.1484375,7.2734375,0.0
ann,gist-960-euclidean,usearch,imbalanced-memory,1,0.97754,6.856761512999583,145.84144396799013,2026-04-04T16:01:27.591460,2026-04-04T16:01:34.448250,7,52.57142857142857,54.714285714285715,42.714285714285715,37.857142857142854,51.857142857142854,0.25857142857142856,8252.028571428573,0.028571428571428574,2073.1314285714284,2070.757142857143,1844.9442857142858,2263.2000000000003,0.028571428571428574,0.030000000000000002,0.027142857142857142,0.031428571428571424,0.815192773822148,0.49714285714285716,22.261428571428574,14.610000000000001,0.0032571428571428573,0.0081,0.4928571428571429,9.776993582589286,21.868550502232146,7.619047619047618,3.2976190476190474,12.35712890625,9.153083147321428,3.2040443638392864,9.065272042410713,0.029405691964285715,0.032140066964285716,0.026265345982142856,6.410144805908203,6.295370374407087,0.04764556884765625,0.0341796875,0.033100128173828125,25.921316964285715,22.28125,0.62890625,0.484375,2.52734375,0.0
ann,gist-960-euclidean,usearch,imbalanced-memory,2,0.97754,1.4107818749998842,708.8267986148335,2026-04-04T16:01:34.492885,2026-04-04T16:01:35.903696,1,35.0,35.0,95.0,57.0,84.0,0.17,38050.95,0.14,13170.89,8222.27,8195.23,8462.56,0.2,0.12,0.12,0.13,0.622222947727906,0.13,65.03,55.78,0.0015,0.0017,0.59,38.338251953125,75.86166015625,27.416666666666668,13.75,56.88275390625,50.6774462890625,6.2053076171875,50.4681982421875,0.0468701171875,0.10459472656249999,0.057783203125,7.218315124511719,7.103389739990234,0.04764556884765625,0.0341796875,0.033100128173828125,26.08203125,22.44140625,0.62890625,0.484375,2.52734375,0.0
ann,gist-960-euclidean,usearch,imbalanced-memory,3,0.97754,1.430028377999406,699.2868221251588,2026-04-04T16:01:35.952389,2026-04-04T16:01:37.382456,1,27.0,27.0,94.0,61.0,86.0,0.18,35692.58,0.13,9871.86,8675.21,8206.53,8938.97,0.15,0.13,0.12,0.13,0.8313053467127776,0.13,59.52,50.93,0.0014,0.0017,0.66,40.124228515625,77.568056640625,28.0,14.416666666666666,63.7490625,56.606708984375,7.142353515625,56.421259765625,0.04140625,0.09177734375,0.052265625,7.217735290527344,7.102809906005859,0.04764556884765625,0.0341796875,0.033100128173828125,25.609375,21.96875,0.62890625,0.484375,2.52734375,0.0
ann,gist-960-euclidean,usearch,imbalanced-memory,4,0.97754,1.4381386139993992,695.3432654304752,2026-04-04T16:01:37.429553,2026-04-04T16:01:38.867725,1,33.0,33.0,92.0,58.0,79.0,0.17,39013.17,0.15,12796.31,8725.82,8714.57,8776.47,0.19,0.13,0.13,0.13,0.6810221071543281,0.13,65.53,56.26,0.0014,0.0017,0.62,40.6132421875,78.19146484375,28.416666666666668,14.5,59.032041015625,53.578720703125,5.4533203125,53.358134765625,0.049267578125,0.11169921875,0.059609375,7.218120574951172,7.1031951904296875,0.04764556884765625,0.0341796875,0.033100128173828125,26.08203125,22.44140625,0.62890625,0.484375,2.52734375,0.0
ann,gist-960-euclidean,usearch,imbalanced-memory,5,0.97754,1.448910772999625,690.1736246530475,2026-04-04T16:01:38.913928,2026-04-04T16:01:40.362877,1,29.0,29.0,94.0,59.0,87.0,0.18,35937.49,0.13,10471.46,8441.11,8293.43,8731.49,0.16,0.13,0.12,0.13,0.7920032163614243,0.13,58.62,50.17,0.0014,0.0016,0.66,39.5996875,75.572783203125,27.25,14.25,63.970517578125,57.8199609375,6.150556640625,57.62466796875,0.045224609375,0.097236328125,0.05283203125,7.218070983886719,7.103145599365234,0.04764556884765625,0.0341796875,0.033100128173828125,26.046875,22.40625,0.62890625,0.484375,2.52734375,0.0
ann,gist-960-euclidean,usearch,imbalanced-memory,6,0.97754,1.452621303000342,688.4106669333106,2026-04-04T16:01:40.409101,2026-04-04T16:01:41.861756,2,21.0,21.0,95.5,59.5,86.5,0.175,35114.380000000005,0.135,7948.16,8995.125,8912.495,9258.6,0.115,0.135,0.13,0.135,0.8584624025230596,0.135,55.5,47.295,0.00135,0.0015999999999999999,0.735,42.3743603515625,79.410009765625,28.791666666666668,15.208333333333334,58.6754296875,53.6787109375,4.996708984375,53.46765625,0.046650390625,0.108349609375,0.056064453125,7.218145370483398,7.103219985961914,0.04764556884765625,0.0341796875,0.033100128173828125,26.08203125,22.44140625,0.62890625,0.484375,2.52734375,0.0
ann,gist-960-euclidean,usearch,imbalanced-memory,7,0.97754,1.4528687800002444,688.2934052721758,2026-04-04T16:01:41.907394,2026-04-04T16:01:43.360298,1,30.0,30.0,94.0,61.0,86.0,0.18,35756.68,0.13,10767.64,7955.98,8308.41,8724.65,0.16,0.12,0.12,0.13,0.7388787143700941,0.13,58.52,50.13,0.0014,0.0016,0.65,38.721220703125,73.582587890625,26.666666666666668,13.916666666666666,63.8425390625,58.17740234375,5.66513671875,57.9826171875,0.044482421875,0.096435546875,0.053876953125,7.218048095703125,7.103122711181641,0.04764556884765625,0.0341796875,0.033100128173828125,26.046875,22.40625,0.62890625,0.484375,2.52734375,0.0
ann,gist-960-euclidean,usearch,imbalanced-memory,8,0.97754,1.4527913370002352,688.3300956796922,2026-04-04T16:01:43.406523,2026-04-04T16:01:44.859351,2,20.5,20.0,94.0,60.0,83.5,0.16999999999999998,34803.035,0.13,7607.41,8895.425,9113.935000000001,9186.265,0.115,0.135,0.135,0.135,0.8281287334950603,0.135,54.285,46.165,0.0013,0.00155,0.74,42.4529248046875,78.9916357421875,28.791666666666668,15.291666666666666,58.396767578125,53.6918359375,4.70494140625,53.470654296875,0.04712890625,0.11271484375,0.061337890625,7.2181549072265625,7.103229522705078,0.04764556884765625,0.0341796875,0.033100128173828125,26.08203125,22.44140625,0.62890625,0.484375,2.52734375,0.0
ann,gist-960-euclidean,usearch,imbalanced-memory,9,0.97754,1.45551379599965,687.0426118587202,2026-04-04T16:01:44.903610,2026-04-04T16:01:46.359157,1,30.0,29.0,92.0,60.0,87.0,0.18,35818.73,0.13,10647.7,8131.71,8402.5,8636.82,0.16,0.12,0.12,0.13,0.7637057768344336,0.13,58.17,49.8,0.0014,0.0016,0.66,39.008349609375,73.855537109375,26.666666666666668,14.0,63.934169921875,58.456337890625,5.477841796875,58.251044921875,0.04896484375,0.100791015625,0.055537109375,7.2180633544921875,7.103137969970703,0.04764556884765625,0.0341796875,0.033100128173828125,26.046875,22.40625,0.62890625,0.484375,2.52734375,0.0
ann,gist-960-euclidean,usearch,imbalanced-memory,10,0.97754,1.4537563469993984,687.8731790674781,2026-04-04T16:01:46.404336,2026-04-04T16:01:47.858130,2,20.5,20.5,95.0,60.5,87.0,0.16999999999999998,35052.035,0.13,7750.094999999999,9117.869999999999,8944.435000000001,9239.645,0.115,0.135,0.135,0.135,0.8387870962574859,0.135,54.61,46.455,0.0013,0.00155,0.745,42.6234375,79.148505859375,28.75,15.291666666666666,58.50986328125,53.869052734375,4.640810546875,53.652529296875,0.048984375,0.111044921875,0.056494140625,7.218156814575195,7.103231430053711,0.04764556884765625,0.0341796875,0.033100128173828125,26.08203125,22.44140625,0.62890625,0.484375,2.52734375,0.0
ann,gist-960-euclidean,usearch,imbalanced-memory,11,0.97754,1.4538369269994291,687.835053181582,2026-04-04T16:01:47.906628,2026-04-04T16:01:49.360499,1,30.0,30.0,94.0,58.0,85.0,0.18,35587.34,0.13,10832.45,8081.13,8133.65,8540.1,0.16,0.12,0.12,0.13,0.7460112901513508,0.13,58.01,49.62,0.0014,0.0016,0.65,38.353154296875,72.629423828125,26.25,13.75,63.645732421875,58.34638671875,5.29935546875,58.149658203125,0.044755859375,0.09693359375,0.0550390625,7.218055725097656,7.103141784667969,0.04764556884765625,0.0341796875,0.033100128173828125,26.046875,22.40625,0.62890625,0.484375,2.52734375,0.0
ann,gist-960-euclidean,usearch,imbalanced-memory,12,0.97754,1.4553547539999272,687.117692268211,2026-04-04T16:01:49.406985,2026-04-04T16:01:50.862376,2,21.0,20.5,94.0,60.5,83.5,0.16999999999999998,34954.94,0.13,7773.405000000001,9012.035,8956.14,9213.365,0.115,0.135,0.135,0.14,0.8437096543988001,0.135,54.425,46.254999999999995,0.0013,0.00155,0.74,42.44978515625,78.7693408203125,28.541666666666668,15.291666666666666,58.4792578125,53.91689453125,4.56236328125,53.6902734375,0.04974609375,0.112861328125,0.064013671875,7.2181396484375,7.103214263916016,0.04764556884765625,0.0341796875,0.033100128173828125,26.08203125,22.44140625,0.62890625,0.484375,2.52734375,0.0
ann,gist-960-euclidean,usearch,imbalanced-memory,13,0.97754,1.4619525799998885,684.016714139987,2026-04-04T16:01:50.908022,2026-04-04T16:01:52.370012,1,30.0,30.0,94.0,58.0,87.0,0.18,35898.43,0.13,10916.86,8279.91,8089.1,8612.57,0.16,0.12,0.12,0.13,0.7409731369642919,0.13,58.34,49.95,0.0014,0.0016,0.66,38.7060546875,73.028369140625,26.416666666666668,13.916666666666666,63.62484375,58.476259765625,5.148583984375,58.27927734375,0.045302734375,0.09759765625,0.05408203125,7.218082427978516,7.103157043457031,0.04764556884765625,0.0341796875,0.033100128173828125,26.0703125,22.4296875,0.62890625,0.484375,2.52734375,0.0
ann,gist-960-euclidean,usearch,imbalanced-memory,14,0.97754,1.4546748639995712,687.4388392541131,2026-04-04T16:01:52.416942,2026-04-04T16:01:53.871657,2,20.5,20.0,95.5,60.5,87.0,0.16999999999999998,34711.075,0.125,7647.0,8972.435,8935.985,9155.65,0.115,0.135,0.135,0.135,0.8352219667636924,0.135,53.61,45.58,0.0013,0.00155,0.745,42.265390624999995,78.281611328125,28.458333333333332,15.208333333333334,57.6267578125,53.272587890625,4.354169921875,53.059765625,0.04689453125,0.11037109375,0.05556640625,7.218156814575195,7.103231430053711,0.04764556884765625,0.0341796875,0.033100128173828125,26.08203125,22.44140625,0.62890625,0.484375,2.52734375,0.0
ann,gist-960-euclidean,usearch,imbalanced-memory,15,0.97754,1.4568507459998727,686.4121137637028,2026-04-04T16:01:53.916481,2026-04-04T16:01:55.373371,1,30.0,30.0,92.0,59.0,86.0,0.18,35820.75,0.13,10831.26,8054.17,8342.31,8593.0,0.16,0.12,0.12,0.13,0.7436041605501115,0.13,58.18,49.83,0.0014,0.0016,0.66,38.708779296875,73.007060546875,26.333333333333332,13.833333333333334,62.861279296875,57.86205078125,4.999228515625,57.6541796875,0.0472265625,0.10048828125,0.06015625,7.218067169189453,7.103141784667969,0.04764556884765625,0.0341796875,0.033100128173828125,26.0703125,22.4296875,0.62890625,0.484375,2.52734375,0.0
ann,gist-960-euclidean,usearch,imbalanced-memory,16,0.97754,1.4641217739999774,683.0032977844475,2026-04-04T16:01:55.419578,2026-04-04T16:01:56.883733,2,20.5,20.0,93.5,60.5,84.0,0.16999999999999998,34742.94,0.13,7582.115000000001,8997.555,9002.755000000001,9160.515,0.115,0.135,0.135,0.14,0.8276952769576821,0.135,53.72,45.61,0.0013,0.00155,0.745,42.4174365234375,78.45241210937499,28.625,15.291666666666666,58.14099609375,53.829658203125,4.311337890625,53.615478515625,0.04849609375,0.108837890625,0.0568359375,7.218147277832031,7.103221893310547,0.04764556884765625,0.0341796875,0.033100128173828125,26.08203125,22.44140625,0.62890625,0.484375,2.52734375,0.0
ann,gist-960-euclidean,usearch,imbalanced-memory,17,0.97754,1.4603063690001363,684.7878097557668,2026-04-04T16:01:56.933715,2026-04-04T16:01:58.394061,1,30.0,29.0,95.0,59.0,85.0,0.18,35286.95,0.13,10477.56,7971.57,8295.46,8542.35,0.16,0.12,0.12,0.13,0.7608231305762029,0.13,56.86,48.55,0.0014,0.0016,0.66,38.47939453125,72.347314453125,26.083333333333332,13.833333333333334,62.103271484375,57.1967578125,4.906513671875,56.998427734375,0.04435546875,0.097509765625,0.056474609375,7.218269348144531,7.103343963623047,0.04764556884765625,0.0341796875,0.033100128173828125,26.1796875,22.5390625,0.62890625,0.484375,2.52734375,0.0
ann,gist-960-euclidean,usearch,imbalanced-memory,18,0.97754,1.4635398640002677,683.2748629522927,2026-04-04T16:01:58.438706,2026-04-04T16:01:59.902281,2,21.0,20.5,95.5,61.0,84.5,0.16999999999999998,34981.01,0.135,7954.405000000001,8918.585,8957.08,9150.94,0.12000000000000001,0.135,0.135,0.135,0.8692445803381947,0.135,54.085,45.95,0.0013,0.00155,0.74,42.1825244140625,78.0544677734375,28.375,15.166666666666666,56.239970703125,52.1125,4.1274658203125,51.8821630859375,0.050073242187500006,0.118330078125,0.0619384765625,7.218072891235352,7.103147506713867,0.04764556884765625,0.0341796875,0.033100128173828125,26.0625,22.421875,0.62890625,0.484375,2.52734375,0.0
ann,gist-960-euclidean,usearch,imbalanced-memory,19,0.97754,1.4623308449999968,683.8397777214377,2026-04-04T16:01:59.949885,2026-04-04T16:02:01.412263,1,29.0,29.0,93.0,58.0,78.0,0.18,35010.36,0.13,10305.83,7913.34,8144.03,8647.16,0.15,0.12,0.12,0.13,0.7678508184202534,0.13,56.52,48.34,0.0014,0.0016,0.67,38.396865234375,72.052646484375,26.166666666666668,13.75,61.305849609375,56.550302734375,4.755546875,56.345595703125,0.04294921875,0.1023828125,0.059375,7.218219757080078,7.103294372558594,0.04764556884765625,0.0341796875,0.033100128173828125,26.08203125,22.44140625,0.62890625,0.484375,2.52734375,0.0
ann,gist-960-euclidean,usearch,imbalanced-memory,20,0.97754,1.4599580460007928,684.9511893435991,2026-04-04T16:02:01.456635,2026-04-04T16:02:02.916626,1,34.0,33.0,92.0,60.0,84.0,0.16,38523.97,0.14,12960.07,8525.19,8493.1,8545.61,0.19,0.13,0.13,0.13,0.6553282505418567,0.12,63.68,54.72,0.0014,0.0017,0.63,39.71912109375,75.191220703125,27.166666666666668,14.25,56.579936523437496,52.375253906249995,4.204677734375,52.1375732421875,0.052988281250000005,0.12206054687500001,0.0626318359375,7.2181396484375,7.103214263916016,0.04764556884765625,0.0341796875,0.033100128173828125,26.08203125,22.44140625,0.62890625,0.484375,2.52734375,0.0
ann,gist-960-euclidean,usearch,imbalanced-memory,21,0.97754,1.4558854440001596,686.8672285454146,2026-04-04T16:02:02.964071,2026-04-04T16:02:04.419994,1,28.0,28.0,95.0,61.0,86.0,0.18,35242.7,0.13,10020.44,8452.0,8112.9,8657.37,0.15,0.13,0.12,0.13,0.8096351058436555,0.13,56.31,48.13,0.0014,0.0016,0.68,39.2997265625,73.568447265625,26.666666666666668,14.083333333333334,60.46333984375,55.774443359375,4.688896484375,55.583935546875,0.04244140625,0.096669921875,0.051396484375,7.218208312988281,7.103282928466797,0.04764556884765625,0.0341796875,0.033100128173828125,26.08203125,22.44140625,0.62890625,0.484375,2.52734375,0.0
ann,gist-960-euclidean,usearch,imbalanced-memory,22,0.97754,1.4638891989998228,683.1118097484651,2026-04-04T16:02:04.466878,2026-04-04T16:02:05.930800,1,34.0,33.0,94.0,59.0,84.0,0.16,38250.69,0.14,12834.26,8530.71,8465.45,8420.28,0.19,0.13,0.13,0.13,0.6560783403172447,0.12,63.34,54.48,0.0014,0.0017,0.63,39.477490234375,74.65154296875,27.166666666666668,14.25,56.95244140625,52.7283642578125,4.224072265625001,52.489482421874996,0.0535986328125,0.12239257812500001,0.0628955078125,7.218135833740234,7.10321044921875,0.04764556884765625,0.0341796875,0.033100128173828125,26.08203125,22.44140625,0.62890625,0.484375,2.52734375,0.0
ann,gist-960-euclidean,usearch,imbalanced-memory,23,0.97754,1.462456137999652,683.7811911185249,2026-04-04T16:02:05.977820,2026-04-04T16:02:07.440308,1,28.0,28.0,94.0,62.0,79.0,0.18,35211.89,0.13,9925.22,8628.01,8367.99,8290.67,0.15,0.13,0.12,0.12,0.8353134741597668,0.13,56.07,47.72,0.0014,0.0016,0.68,39.344931640625,73.583046875,26.583333333333332,14.166666666666666,60.340693359375,55.767451171875,4.5732421875,55.57546875,0.04443359375,0.09400390625,0.053544921875,7.2181396484375,7.103214263916016,0.04764556884765625,0.0341796875,0.033100128173828125,26.08203125,22.44140625,0.62890625,0.484375,2.52734375,0.0
ann,gist-960-euclidean,usearch,imbalanced-memory,24,0.97754,1.4568208609998692,686.426194716668,2026-04-04T16:02:07.484697,2026-04-04T16:02:08.941553,1,34.0,34.0,95.0,61.0,83.0,0.16,37952.66,0.14,12867.27,8461.2,8309.16,8315.04,0.19,0.13,0.12,0.12,0.6457593568798976,0.12,62.83,53.98,0.0014,0.0017,0.63,38.833203125,73.453974609375,26.666666666666668,14.0,56.871298828125,52.6856298828125,4.1856689453125,52.452402343749995,0.053364257812499996,0.12040527343749999,0.059458007812500005,7.218147277832031,7.103221893310547,0.04764556884765625,0.0341796875,0.033100128173828125,26.08203125,22.44140625,0.62890625,0.484375,2.52734375,0.0
ann,gist-960-euclidean,usearch,imbalanced-memory,25,0.97754,1.4537268109997967,687.8871548858982,2026-04-04T16:02:08.988883,2026-04-04T16:02:10.442640,1,28.0,27.0,95.0,61.0,86.0,0.18,35301.83,0.13,9809.09,8717.88,8301.94,8472.91,0.15,0.13,0.12,0.13,0.8463517003106302,0.13,56.08,47.84,0.0014,0.0016,0.68,39.71498046875,74.14380859375,26.833333333333332,14.25,60.132275390625,55.605625,4.526650390625,55.407783203125,0.04671875,0.097978515625,0.05314453125,7.218173980712891,7.103248596191406,0.04764556884765625,0.0341796875,0.033100128173828125,26.08203125,22.44140625,0.62890625,0.484375,2.52734375,0.0
ann,gist-960-euclidean,usearch,imbalanced-memory,26,0.97754,1.459589541999776,685.1241196411323,2026-04-04T16:02:10.487849,2026-04-04T16:02:11.947476,1,34.0,34.0,95.0,61.0,77.0,0.16,38053.92,0.14,12990.31,8454.28,8310.14,8299.18,0.19,0.13,0.12,0.12,0.6388746688878095,0.13,62.9,53.91,0.0014,0.0017,0.63,38.781474609375,73.346142578125,26.5,14.0,57.1272607421875,52.9078955078125,4.219365234375,52.67255859375,0.054174804687499994,0.1185986328125,0.0625634765625,7.2181396484375,7.103214263916016,0.04764556884765625,0.0341796875,0.033100128173828125,26.08203125,22.44140625,0.62890625,0.484375,2.52734375,0.0
ann,gist-960-euclidean,usearch,imbalanced-memory,27,0.97754,1.458211871000458,685.771402556142,2026-04-04T16:02:11.995358,2026-04-04T16:02:13.453603,1,27.0,27.0,94.0,61.0,84.0,0.18,35035.36,0.13,9611.2,8741.14,8497.11,8185.9,0.14,0.13,0.13,0.12,0.8517042616946894,0.13,55.52,47.35,0.0014,0.0016,0.69,39.604873046875,73.885546875,26.583333333333332,14.166666666666666,59.656484375,55.14345703125,4.51302734375,54.9471484375,0.0448828125,0.100576171875,0.050849609375,7.218177795410156,7.103252410888672,0.04764556884765625,0.0341796875,0.033100128173828125,26.08203125,22.44140625,0.62890625,0.484375,2.52734375,0.0
ann,gist-960-euclidean,usearch,imbalanced-memory,28,0.97754,1.4638373790003243,683.1359919794605,2026-04-04T16:02:13.499700,2026-04-04T16:02:14.963573,1,35.0,34.0,96.0,59.0,82.0,0.16,37968.35,0.14,13090.43,8383.2,8254.64,8240.07,0.2,0.12,0.12,0.12,0.6294728286236586,0.12,63.18,54.3,0.0014,0.0017,0.62,38.501943359375,72.88263671875,26.416666666666668,13.75,57.2402685546875,53.030356445312506,4.209912109375,52.7972314453125,0.0533349609375,0.119033203125,0.06076171875,7.218128204345703,7.103202819824219,0.04764556884765625,0.0341796875,0.033100128173828125,26.08203125,22.44140625,0.62890625,0.484375,2.52734375,0.0
ann,gist-960-euclidean,usearch,imbalanced-memory,29,0.97754,1.4673751059999631,681.4890043528005,2026-04-04T16:02:15.011226,2026-04-04T16:02:16.478632,2,18.5,18.5,96.0,59.5,85.5,0.175,33732.91,0.125,6479.4400000000005,9250.55,8846.915,9156.01,0.095,0.14,0.13,0.14,0.7004383523141868,0.135,50.41,42.65,0.0012499999999999998,0.0015,0.76,42.6663134765625,78.3530419921875,28.458333333333332,15.333333333333334,59.03677734375,54.59025390625,4.4465234375,54.3978125,0.043564453125,0.097646484375,0.05123046875,7.218193054199219,7.103267669677734,0.04764556884765625,0.0341796875,0.033100128173828125,26.08203125,22.44140625,0.62890625,0.484375,2.52734375,0.0
ann,gist-960-euclidean,usearch,imbalanced-memory,30,0.97754,1.46692349299974,681.6988103142862,2026-04-04T16:02:16.522831,2026-04-04T16:02:17.989787,1,35.0,35.0,96.0,58.0,76.0,0.16,37162.06,0.14,12919.86,8232.34,8006.02,8003.84,0.19,0.12,0.12,0.12,0.6194989728990872,0.12,62.23,53.44,0.0014,0.0017,0.62,37.547470703125,71.1439453125,25.75,13.5,57.100341796875,52.9429931640625,4.157353515624999,52.704375,0.0530908203125,0.1221435546875,0.0633837890625,7.21832275390625,7.103397369384766,0.04764556884765625,0.0341796875,0.033100128173828125,26.08203125,22.44140625,0.62890625,0.484375,2.52734375,0.0
ann,gist-960-euclidean,usearch,interleaved-memory,1,0.97754,6.049295666999569,165.3085011954783,2026-04-04T16:24:35.091726,2026-04-04T16:24:41.141052,6,26.666666666666668,57.333333333333336,10.833333333333334,19.166666666666668,16.5,0.3133333333333333,8361.441666666668,0.030000000000000002,2008.1933333333336,2061.065,2135.94,2156.2383333333332,0.02666666666666667,0.028333333333333335,0.030000000000000002,0.03166666666666667,0.9313410777874742,0.5316666666666666,26.268333333333334,16.518333333333334,0.0034833333333333335,0.009533333333333333,0.5516666666666666,9.8191748046875,20.0739013671875,6.833333333333333,3.2222222222222228,16.4793359375,12.489187825520832,3.990146484375,3.047591145833333,3.006778971354167,3.4773014322916667,2.9575162760416664,6.14198112487793,1.663800557454427,1.5060647328694663,1.4720013936360676,1.5003725687662761,25.594401041666668,8.528645833333334,5.25,4.620442708333333,7.195963541666667,0.0
ann,gist-960-euclidean,usearch,interleaved-memory,3,0.97754,0.5593406010002582,1787.8194399114225,2026-04-04T16:24:41.795184,2026-04-04T16:24:42.354561,1,25.0,23.0,23.0,27.0,26.0,0.43,71120.11,0.26,16618.53,16611.95,19269.67,18619.97,0.25,0.25,0.29,0.28,0.8620775550385659,0.11,130.36,114.26,0.0016,0.0018,0.66,82.764384765625,142.0687890625,51.583333333333336,29.75,126.084248046875,110.83240234375,15.25185546875,27.876328125,27.70267578125,28.064033203125,27.18935546875,,,,,,,,,,,0.0
ann,gist-960-euclidean,usearch,interleaved-memory,4,0.97754,0.5598732779999409,1786.1184651861622,2026-04-04T16:24:42.399609,2026-04-04T16:24:42.959515,1,25.0,24.0,25.0,25.0,25.0,0.41,92666.5,0.35,22786.8,23129.67,23580.53,23169.49,0.34,0.35,0.35,0.35,0.9663396030538755,0.1,169.7,150.55,0.0016,0.0018,0.67,108.57380859375,179.188798828125,65.25,39.416666666666664,162.070556640625,145.464189453125,16.606357421875,36.808232421875,36.4473828125,36.62599609375,35.582578125,,,,,,,,,,,0.0
ann,gist-960-euclidean,usearch,interleaved-memory,6,0.97754,0.5632638329998372,1775.3669620046226,2026-04-04T16:24:43.612637,2026-04-04T16:24:44.175932,1,25.0,25.0,24.0,25.0,25.0,0.41,84252.73,0.31,20775.36,20757.23,21582.61,21137.53,0.31,0.31,0.32,0.31,0.9617571739469878,0.1,153.59,135.74,0.0016,0.0018,0.67,98.0421875,161.683916015625,58.5,35.25,145.607255859375,131.87974609375,13.727509765625,33.251025390625,32.9753125,33.280703125,32.372705078125,,,,,,,,,,,0.0
ann,gist-960-euclidean,usearch,interleaved-memory,8,0.97754,0.5771889630004807,1732.5348613763551,2026-04-04T16:24:44.834338,2026-04-04T16:24:45.411560,1,25.0,24.0,24.0,25.0,25.0,0.42,82690.74,0.31,20277.07,20316.62,21194.67,20902.38,0.3,0.3,0.32,0.31,0.9567060963912154,0.1,150.84,133.36,0.0016,0.0018,0.68,96.703935546875,159.2478515625,57.916666666666664,35.0,142.368388671875,129.580380859375,12.7880078125,32.709892578125,32.42328125,32.7162109375,31.730986328125,7.233070373535156,1.9362983703613281,1.7785911560058594,1.7447013854980469,1.7734794616699219,26.02734375,8.6484375,5.3125,4.7734375,7.29296875,0.0
ann,gist-960-euclidean,usearch,interleaved-memory,9,0.97754,0.5630802539999422,1775.945778414923,2026-04-04T16:24:45.459879,2026-04-04T16:24:46.022988,1,25.0,25.0,25.0,25.0,25.0,0.4,90881.5,0.34,22541.26,22521.19,23107.11,22711.95,0.34,0.34,0.34,0.34,0.9746433024294253,0.1,166.24,147.71,0.0016,0.0018,0.68,106.3144140625,173.26181640625,63.083333333333336,38.666666666666664,157.052412109375,143.332958984375,13.719443359375,36.16259765625,35.865830078125,36.1715625,35.13296875,,,,,,,,,,,0.0
ann,gist-960-euclidean,usearch,interleaved-memory,11,0.97754,0.5578791409998303,1792.5029392706838,2026-04-04T16:24:46.689398,2026-04-04T16:24:47.247311,1,25.0,24.0,24.0,25.0,25.0,0.41,82193.23,0.31,20174.57,20122.9,21133.81,20761.96,0.3,0.3,0.31,0.31,0.9521662208565327,0.1,149.56,132.23,0.0016,0.0018,0.68,95.810078125,157.32693359375,57.083333333333336,34.25,140.83533203125,128.835361328125,11.999970703125,32.508828125,32.22376953125,32.51806640625,31.584677734375,,,,,,,,,,,0.0
ann,gist-960-euclidean,usearch,interleaved-memory,14,0.97754,0.5700227560000712,1754.3159276958322,2026-04-04T16:24:48.519055,2026-04-04T16:24:49.089107,1,25.0,24.0,25.0,25.0,25.0,0.4,91753.03,0.34,22529.75,23046.62,23368.83,22807.82,0.33,0.34,0.35,0.34,0.9640940517775173,0.1,167.46,148.47,0.0016,0.0018,0.68,106.953134765625,174.0162109375,63.083333333333336,38.5,158.0333984375,144.918056640625,13.115341796875,36.58671875,36.28541015625,36.518681640625,35.527236328125,,,,,,,,,,,0.0
ann,gist-960-euclidean,usearch,interleaved-memory,16,0.97754,0.5590595630001189,1788.7181727714892,2026-04-04T16:24:49.753444,2026-04-04T16:24:50.312532,1,25.0,24.0,25.0,25.0,25.0,0.42,81448.81,0.3,19781.44,20611.23,20885.67,20170.48,0.29,0.31,0.31,0.3,0.9471297784557546,0.1,148.28,131.17,0.0016,0.0018,0.68,95.365537109375,156.303935546875,56.833333333333336,34.416666666666664,139.3291015625,127.9680859375,11.361025390625,32.313017578125,32.0062109375,32.315205078125,31.33365234375,,,,,,,,,,,0.0
ann,gist-960-euclidean,usearch,interleaved-memory,17,0.97754,0.5631146080004328,1775.837433077622,2026-04-04T16:24:50.357473,2026-04-04T16:24:50.920622,1,25.0,24.0,25.0,25.0,25.0,0.41,89635.36,0.33,22030.41,22231.97,22857.03,22515.94,0.33,0.33,0.34,0.34,0.9638351964362825,0.1,163.57,145.21,0.0016,0.0018,0.68,104.96765625,171.406201171875,62.583333333333336,38.083333333333336,153.61322265625,141.257587890625,12.355634765625,35.697744140625,35.3441015625,35.64681640625,34.568916015625,7.232715606689453,1.9362106323242188,1.77850341796875,1.7446022033691406,1.7733993530273438,26.02734375,8.6484375,5.3359375,4.77734375,7.265625,0.0
ann,gist-960-euclidean,usearch,interleaved-memory,19,0.97754,0.5736312729995916,1743.280129709232,2026-04-04T16:24:51.589053,2026-04-04T16:24:52.162718,1,25.0,25.0,25.0,25.0,24.0,0.4,85633.9,0.32,21342.2,21302.1,21957.88,21031.72,0.32,0.32,0.33,0.31,0.9578210646929485,0.1,155.95,138.12,0.0016,0.0018,0.68,99.522880859375,161.828564453125,58.5,35.75,145.99669921875,134.195087890625,11.80162109375,33.799921875,33.55080078125,33.87435546875,32.970009765625,,,,,,,,,,,0.0
ann,gist-960-euclidean,usearch,interleaved-memory,21,0.97754,0.5582968099997743,1791.1619448450804,2026-04-04T16:24:52.819481,2026-04-04T16:24:53.377810,1,25.0,24.0,25.0,25.0,25.0,0.42,81548.68,0.3,19950.13,20213.11,20919.42,20466.03,0.3,0.3,0.31,0.31,0.9536655413964633,0.1,148.77,131.61,0.0016,0.0018,0.69,95.4604296875,156.167587890625,57.0,34.5,139.928251953125,128.764833984375,11.163427734375,32.4787109375,32.190146484375,32.53552734375,31.560439453125,,,,,,,,,,,0.0
ann,gist-960-euclidean,usearch,interleaved-memory,22,0.97754,0.5634642140003052,1774.7356001555377,2026-04-04T16:24:53.424653,2026-04-04T16:24:53.988148,1,25.0,25.0,25.0,25.0,24.0,0.4,92550.24,0.34,23245.97,22964.79,23428.03,22911.45,0.35,0.34,0.35,0.34,0.9779503440963667,0.1,168.91,150.18,0.0016,0.0018,0.68,108.458349609375,175.919931640625,64.0,39.166666666666664,158.57796875,146.000185546875,12.57779296875,36.838037109375,36.524423828125,36.808505859375,35.829228515625,,,,,,,,,,,0.0
ann,gist-960-euclidean,usearch,interleaved-memory,24,0.97754,0.556762191999951,1796.0989707434874,2026-04-04T16:24:54.647621,2026-04-04T16:24:55.204416,1,25.0,24.0,24.0,25.0,25.0,0.41,83256.27,0.31,20441.22,20487.54,21388.32,20939.19,0.3,0.3,0.32,0.31,0.9557188222356876,0.1,151.47,134.04,0.0016,0.0018,0.68,97.022607421875,158.42869140625,57.416666666666664,35.083333333333336,141.893955078125,130.667529296875,11.226416015625,32.980068359375,32.687021484375,33.01994140625,31.980498046875,,,,,,,,,,,0.0
ann,gist-960-euclidean,usearch,interleaved-memory,26,0.97754,0.5553261739996742,1800.7435032237229,2026-04-04T16:24:55.855834,2026-04-04T16:24:56.411190,1,25.0,25.0,24.0,25.0,24.0,0.41,84227.51,0.31,21200.94,20747.73,21614.32,20664.52,0.32,0.31,0.32,0.31,0.9560569104186484,0.1,153.3,135.76,0.0016,0.0018,0.69,98.484345703125,160.684619140625,58.333333333333336,35.5,143.8876171875,132.597431640625,11.2901953125,33.42052734375,33.14408203125,33.500556640625,32.532255859375,,,,,,,,,,,0.0
ann,gist-960-euclidean,usearch,interleaved-memory,27,0.97754,0.5700885109999945,1754.1135818469593,2026-04-04T16:24:56.457175,2026-04-04T16:24:57.027306,1,25.0,25.0,25.0,25.0,24.0,0.4,93010.26,0.35,22976.65,23390.28,23673.49,22969.84,0.34,0.35,0.35,0.34,0.9702768793278895,0.1,169.91,151.06,0.0016,0.0018,0.68,108.87345703125,176.246591796875,64.25,39.25,159.48275390625,146.952822265625,12.52994140625,37.10107421875,36.7594921875,37.0793359375,36.012919921875,,,,,,,,,,,0.0
ann,gist-960-euclidean,usearch,interleaved-memory,29,0.97754,0.563750637999874,1773.8339127169618,2026-04-04T16:24:57.680834,2026-04-04T16:24:58.244618,1,25.0,24.0,24.0,25.0,25.0,0.41,83250.19,0.31,20394.28,20335.12,21376.67,21144.12,0.3,0.3,0.32,0.31,0.9512763213353623,0.1,151.21,133.78,0.0016,0.0018,0.68,97.00126953125,158.29712890625,57.25,35.083333333333336,141.206083984375,130.18791015625,11.0181640625,32.887939453125,32.58951171875,32.82759765625,31.8828515625,,,,,,,,,,,0.0
ann,gist-960-euclidean,usearch,numa-balancing,1,0.97754,6.20305050800016,161.21100395850172,2026-04-04T16:51:26.930131,2026-04-04T16:51:33.134167,6,28.666666666666668,70.5,22.0,9.333333333333334,16.166666666666668,0.33166666666666667,1082.4833333333333,0.0033333333333333335,261.09999999999997,437.9783333333333,162.415,220.99,0.0033333333333333335,0.005,0.0016666666666666668,0.0016666666666666668,0.3708288461758002,0.605,13.401666666666666,4.896666666666667,0.004266666666666666,0.01235,0.49666666666666665,1.1364778645833333,4.5427197265625,1.1805555555555558,0.1111111111111111,2.066671549479167,0.8542252604166668,1.2124462890624998,0.10315917968749999,0.19202962239583332,0.0600244140625,0.499013671875,6.324642181396484,0.6743361155192057,4.674190521240234,0.4535802205403646,0.5228633880615234,26.047526041666668,6.632161458333333,12.801432291666666,1.80859375,4.805989583333333,0.0
ann,gist-960-euclidean,usearch,numa-balancing,2,0.97754,1.033126906999314,967.9352974209816,2026-04-04T16:51:33.180481,2026-04-04T16:51:34.213639,1,27.0,22.0,36.0,21.0,20.0,0.45,64537.59,0.24,14497.44,23467.2,13398.09,13174.86,0.22,0.35,0.2,0.2,0.5614159337287788,0.13,116.46,99.91,0.0015,0.0018,0.61,72.28685546875,136.675869140625,49.75,26.083333333333332,119.000234375,98.6079296875,20.3923046875,23.508193359375,38.3008984375,15.069169921875,21.72966796875,7.234649658203125,0.8925857543945312,5.058311462402344,0.5773811340332031,0.7063713073730469,26.25390625,6.66015625,12.73828125,2.02734375,4.828125,0.0
ann,gist-960-euclidean,usearch,numa-balancing,3,0.97754,0.982096310000088,1018.2300756225328,2026-04-04T16:51:34.258741,2026-04-04T16:51:35.240901,1,25.0,16.0,20.0,17.0,49.0,0.45,46170.98,0.17,7199.48,9185.55,8251.45,21534.49,0.11,0.14,0.12,0.32,0.33432321824199224,0.11,83.84,72.94,0.0016,0.0018,0.67,53.69986328125,103.713095703125,37.416666666666664,19.166666666666668,80.5369921875,71.69609375,8.8408984375,16.858232421875,28.29359375,10.91384765625,15.63041015625,7.234806060791016,0.8925704956054688,5.058811187744141,0.577178955078125,0.7062454223632812,26.1328125,6.66015625,12.86328125,1.83984375,4.76953125,0.0
ann,gist-960-euclidean,usearch,numa-balancing,4,0.97754,1.2931115319997843,773.328498937373,2026-04-04T16:51:35.287246,2026-04-04T16:51:36.580410,2,27.0,14.0,35.0,14.5,36.5,0.48,47139.735,0.18,6778.21,16946.114999999998,7046.705,16368.710000000001,0.1,0.255,0.10500000000000001,0.24,0.3999860735041631,0.11,85.285,74.77000000000001,0.0016,0.0018,0.6599999999999999,53.262578125000005,101.2353369140625,36.791666666666664,19.083333333333332,81.349248046875,73.5260888671875,7.8231591796875,17.44837890625,28.9698779296875,11.0836572265625,16.0241748046875,7.234813690185547,0.892578125,5.0583648681640625,0.5771636962890625,0.7067070007324219,26.1328125,6.66015625,12.546875,1.82421875,5.1015625,0.0
ann,gist-960-euclidean,usearch,numa-balancing,5,0.97754,1.3349543220001578,749.0893010494195,2026-04-04T16:51:36.629957,2026-04-04T16:51:37.965088,1,24.0,15.0,16.0,12.0,56.0,0.48,40397.01,0.15,6452.05,6595.81,5288.93,22060.22,0.1,0.1,0.08,0.33,0.23974964891555933,0.12,72.46,63.02,0.0016,0.0018,0.69,47.311171875,91.474541015625,33.083333333333336,16.833333333333332,69.013876953125,62.914794921875,6.09908203125,14.843896484375,24.94703125,9.5197265625,13.604140625,7.234800338745117,0.8925285339355469,5.058233261108398,0.5771236419677734,0.7069149017333984,25.900390625,6.66015625,12.4296875,1.8125,4.998046875,0.0
ann,gist-960-euclidean,usearch,numa-balancing,6,0.97754,0.6887102319997211,1451.9894631105246,2026-04-04T16:51:38.012120,2026-04-04T16:51:38.700863,1,25.0,18.0,20.0,16.0,47.0,0.37,46312.65,0.17,8333.15,9523.07,7115.12,21341.3,0.12,0.14,0.11,0.32,0.33339674715223533,0.12,85.67,74.45,0.0016,0.0018,0.68,53.52287109375,99.883828125,35.833333333333336,19.083333333333332,78.920673828125,71.88185546875,7.038818359375,16.929931640625,28.49884765625,10.82111328125,15.631953125,,,,,,,,,,,0.0
ann,gist-960-euclidean,usearch,numa-balancing,7,0.97754,0.7056861199998821,1417.0606047915,2026-04-04T16:51:38.746677,2026-04-04T16:51:39.452401,1,25.0,25.0,23.0,25.0,26.0,0.35,73061.09,0.27,18617.4,17073.11,18522.31,18848.27,0.28,0.26,0.28,0.28,0.9058184119815771,0.11,131.35,115.38,0.0016,0.0018,0.68,85.890341796875,150.244072265625,55.0,31.166666666666668,126.700341796875,114.98662109375,11.713720703125,27.134638671875,45.296005859375,17.47087890625,25.085087890625,7.23468017578125,0.8926239013671875,5.058258056640625,0.5772438049316406,0.7065544128417969,25.8046875,6.66015625,12.41796875,1.83984375,4.88671875,0.0
ann,gist-960-euclidean,usearch,numa-balancing,8,0.97754,1.021710634999181,978.7507007801692,2026-04-04T16:51:39.500972,2026-04-04T16:51:40.522713,1,30.0,15.0,51.0,18.0,15.0,0.51,51806.74,0.19,7942.32,26830.59,9181.71,7852.12,0.12,0.4,0.14,0.12,0.2926555099981029,0.11,93.92,82.28,0.0016,0.0018,0.64,56.3695703125,102.60828125,37.0,20.166666666666668,87.912275390625,80.57984375,7.332431640625,19.070078125,31.654697265625,12.20162109375,17.653447265625,7.234203338623047,0.8925247192382812,5.058223724365234,0.5771217346191406,0.7063331604003906,25.671875,6.66015625,12.41796875,1.82421875,4.76953125,0.0
ann,gist-960-euclidean,usearch,numa-balancing,9,0.97754,1.0887881929993457,918.452281563822,2026-04-04T16:51:40.570543,2026-04-04T16:51:41.659365,1,32.0,11.0,62.0,13.0,11.0,0.56,46493.27,0.17,5321.08,29011.53,6612.97,5547.69,0.08,0.43,0.1,0.08,0.18341259492346665,0.11,85.22,74.57,0.0016,0.0018,0.63,49.003974609375,91.417880859375,33.166666666666664,17.416666666666668,78.46326171875,72.381083984375,6.082177734375,17.177685546875,28.3763671875,10.94583984375,15.881201171875,7.234645843505859,0.8925819396972656,5.058483123779297,0.577178955078125,0.7064018249511719,26.12890625,6.66015625,12.87890625,1.8203125,4.76953125,0.0
ann,gist-960-euclidean,usearch,numa-balancing,10,0.97754,0.7085840830004599,1411.265118693544,2026-04-04T16:51:41.704816,2026-04-04T16:51:42.413460,1,27.0,22.0,34.0,21.0,23.0,0.37,61291.62,0.23,13386.82,21296.62,12924.11,13684.06,0.2,0.32,0.19,0.2,0.6068620278710894,0.11,110.68,96.88,0.0016,0.0018,0.67,69.5297265625,123.248173828125,44.666666666666664,24.916666666666668,104.435849609375,95.7355078125,8.700341796875,22.6364453125,37.69875,14.483662109375,20.916650390625,7.234233856201172,0.8925628662109375,5.0581512451171875,0.5771484375,0.7063713073730469,25.671875,6.66015625,12.4296875,1.8125,4.76953125,0.0
ann,gist-960-euclidean,usearch,numa-balancing,12,0.97754,1.0508673959993755,951.5948480340844,2026-04-04T16:51:43.197342,2026-04-04T16:51:44.248268,1,25.0,24.0,25.0,26.0,26.0,0.37,64869.88,0.24,15642.44,16574.98,16073.95,16578.51,0.23,0.25,0.24,0.25,0.9435371453767559,0.11,116.15,101.63,0.0016,0.0018,0.68,74.741787109375,130.57634765625,47.333333333333336,26.916666666666668,110.4234765625,101.243037109375,9.180439453125,23.870849609375,39.97669921875,15.301787109375,22.09369140625,7.234867095947266,0.8925514221191406,5.058193206787109,0.5771408081054688,0.7069816589355469,26.1328125,6.66015625,12.4296875,1.8125,5.23046875,0.0
ann,gist-960-euclidean,usearch,numa-balancing,13,0.97754,1.1778316770005404,849.017749757414,2026-04-04T16:51:44.294226,2026-04-04T16:51:45.472089,2,23.0,16.0,13.0,19.0,53.0,0.45999999999999996,46059.25,0.17,7438.41,6117.610000000001,8802.63,23700.6,0.11,0.095,0.13,0.35,0.2581204695239783,0.11499999999999999,82.09,71.505,0.0015500000000000002,0.0018,0.705,55.008720703125,102.625341796875,37.125,19.708333333333332,77.7384375,71.9311474609375,5.8072900390625,16.965771484374997,28.565244140624998,10.846884765625,15.5532568359375,7.234813690185547,0.8925514221191406,5.058177947998047,0.5771408081054688,0.7069435119628906,26.1328125,6.66015625,12.41796875,1.8125,5.2421875,0.0
ann,gist-960-euclidean,usearch,numa-balancing,14,0.97754,1.2253606320000472,816.086280140883,2026-04-04T16:51:45.519243,2026-04-04T16:51:46.744646,1,24.0,16.0,17.0,16.0,52.0,0.47,45556.15,0.17,7656.99,7751.92,7469.74,22677.5,0.11,0.12,0.11,0.34,0.32938992393341415,0.12,80.98,70.31,0.0015,0.0018,0.7,53.383828125,98.75982421875,35.666666666666664,18.916666666666668,76.702373046875,70.900537109375,5.801845703125,16.740546875,28.15396484375,10.7072265625,15.298798828125,7.234703063964844,0.8925971984863281,5.058235168457031,0.577178955078125,0.7066917419433594,26.125,6.66015625,12.41796875,1.8125,5.234375,0.0
ann,gist-960-euclidean,usearch,numa-balancing,15,0.97754,0.7043902099994739,1419.667658357641,2026-04-04T16:51:46.790992,2026-04-04T16:51:47.495415,1,25.0,20.0,23.0,19.0,38.0,0.35,56231.52,0.21,11583.2,12987.38,11039.2,20621.74,0.17,0.19,0.16,0.31,0.5353185521687307,0.11,101.97,89.46,0.0016,0.0018,0.69,65.61818359375,115.836015625,41.916666666666664,23.583333333333332,95.4858984375,87.8962890625,7.589619140625,20.652177734375,34.71966796875,13.345419921875,19.179013671875,7.2347564697265625,0.8926315307617188,5.058277130126953,0.5772323608398438,0.7066154479980469,26.1328125,6.66015625,12.41796875,1.8125,5.2421875,0.0
ann,gist-960-euclidean,usearch,numa-balancing,17,0.97754,0.6945602010000584,1439.7600072105424,2026-04-04T16:51:48.273632,2026-04-04T16:51:48.968224,1,25.0,25.0,24.0,26.0,26.0,0.36,65364.95,0.24,16241.7,15985.26,16644.93,16493.05,0.24,0.24,0.25,0.25,0.9603681120917901,0.11,117.33,102.66,0.0016,0.0018,0.69,76.23185546875,133.028828125,48.416666666666664,27.5,111.18255859375,102.348857421875,8.83369140625,24.116875,40.45814453125,15.44599609375,22.327841796875,,,,,,,,,,,0.0
ann,gist-960-euclidean,usearch,numa-balancing,18,0.97754,1.2084794310003415,827.4861568576563,2026-04-04T16:51:49.017467,2026-04-04T16:51:50.226155,1,25.0,24.0,25.0,24.0,27.0,0.38,71817.2,0.27,17533.44,18054.73,17182.23,19046.81,0.26,0.27,0.26,0.28,0.902105391926522,0.1,128.42,113.0,0.0016,0.0018,0.69,83.76833984375,144.849814453125,52.666666666666664,30.166666666666668,121.610966796875,111.9402734375,9.670703125,26.386240234375,44.115498046875,16.98509765625,24.453427734375,7.234928131103516,0.892547607421875,5.058177947998047,0.5771369934082031,0.7070655822753906,26.1328125,6.6640625,12.4296875,1.8125,5.2265625,0.0
ann,gist-960-euclidean,usearch,numa-balancing,19,0.97754,1.3710274330005632,729.3800079634068,2026-04-04T16:51:50.272802,2026-04-04T16:51:51.643862,2,21.5,12.0,10.5,37.5,40.0,0.445,36208.22,0.135,4682.57,4057.2400000000002,14391.355,13077.050000000001,0.07,0.060000000000000005,0.215,0.195,0.28192202888470197,0.11499999999999999,65.695,57.32,0.0016,0.0018,0.725,44.4615966796875,84.95418457031249,30.666666666666668,15.875,61.155986328124996,56.738818359375,4.41716796875,13.40322265625,22.5805126953125,8.483974609375,12.27111328125,7.234764099121094,0.8926582336425781,5.058162689208984,0.57757568359375,0.7063674926757812,26.1328125,6.77734375,12.41796875,2.15625,4.78125,0.0
ann,gist-960-euclidean,usearch,numa-balancing,20,0.97754,0.7103120339997986,1407.8319838803177,2026-04-04T16:51:51.689313,2026-04-04T16:51:52.399657,1,24.0,23.0,22.0,32.0,22.0,0.36,59004.84,0.22,13857.02,13296.61,18997.34,12853.87,0.21,0.2,0.28,0.19,0.6766141996721646,0.11,105.82,92.74,0.0016,0.0018,0.7,69.890087890625,123.401875,44.916666666666664,25.0,100.322392578125,92.6051953125,7.717197265625,21.833720703125,36.624365234375,13.97171875,20.175390625,7.234783172607422,0.8927536010742188,5.058258056640625,0.5773124694824219,0.7064590454101562,26.125,6.7734375,12.41796875,2.15625,4.77734375,0.0
ann,gist-960-euclidean,usearch,numa-balancing,22,0.97754,1.1846888210002362,844.103516698754,2026-04-04T16:51:53.212309,2026-04-04T16:51:54.397034,2,24.0,20.5,17.0,19.0,43.5,0.41000000000000003,52686.055,0.2,11292.744999999999,9812.145,10807.755,20773.405,0.17,0.14500000000000002,0.16499999999999998,0.31,0.472341679180664,0.11,94.15,82.485,0.0016,0.0018,0.7,62.197255859375,111.7747412109375,40.583333333333336,22.333333333333332,89.156650390625,82.4551953125,6.7014599609375,19.470947265625,32.621318359374996,12.4693212890625,17.89361328125,7.234882354736328,0.8925666809082031,5.058155059814453,0.5771446228027344,0.7070159912109375,26.1328125,6.671875,12.41796875,1.8125,5.23046875,0.0
ann,gist-960-euclidean,usearch,numa-balancing,23,0.97754,1.255001626000194,796.8117166406329,2026-04-04T16:51:54.446903,2026-04-04T16:51:55.701936,1,21.0,18.0,16.0,49.0,16.0,0.45,45603.88,0.17,8493.03,7259.09,22145.24,7706.52,0.13,0.11,0.33,0.11,0.32779459603960037,0.11,81.28,71.0,0.0016,0.0018,0.72,55.568505859375,102.126064453125,36.916666666666664,19.75,77.0431640625,71.24759765625,5.79556640625,16.765908203125,28.186875,10.703125,15.591689453125,7.234279632568359,0.8925437927246094,5.058155059814453,0.5771827697753906,0.7063980102539062,25.67578125,6.66015625,12.41796875,1.8125,4.78515625,0.0
ann,gist-960-euclidean,usearch,numa-balancing,24,0.97754,0.697095917000297,1434.5228190449634,2026-04-04T16:51:55.748567,2026-04-04T16:51:56.445693,1,24.0,21.0,24.0,32.0,22.0,0.35,57803.64,0.22,12510.1,14077.78,18686.49,12529.26,0.19,0.21,0.28,0.19,0.6694729721847174,0.1,104.65,92.07,0.0016,0.0018,0.7,68.1086328125,119.50130859375,43.333333333333336,24.25,98.062685546875,90.670146484375,7.3925390625,21.37564453125,35.82140625,13.682578125,19.7905078125,7.234592437744141,0.8926239013671875,5.0582275390625,0.5772514343261719,0.7064895629882812,26.05859375,6.66015625,12.41796875,2.20703125,4.7734375,0.0
ann,gist-960-euclidean,usearch,numa-balancing,25,0.97754,1.0334405420007895,967.6415423609692,2026-04-04T16:51:56.493772,2026-04-04T16:51:57.527241,1,30.0,17.0,51.0,16.0,,0.53,52575.69,0.2,8924.06,27212.45,8481.76,,0.13,0.41,0.13,0.12,0.3116867463238334,0.11,95.05,83.3,0.0016,0.0018,0.65,57.27427734375,102.649140625,,,88.56443359375,82.19443359375,6.370009765625,19.430908203125,32.315546875,12.45447265625,17.99349609375,7.234737396240234,0.8925323486328125,5.058692932128906,0.5771369934082031,0.7063751220703125,26.1328125,6.66015625,12.890625,1.8125,4.76953125,0.0
ann,glove-100-angular,annoy,default,1,0.976941,16.222207393999952,616.4389196317798,2026-04-04T15:02:54.386100,2026-04-04T15:03:10.608330,16,42.1875,45.9375,30.9375,21.5625,16.5625,0.20937499999999998,45781.94437500001,0.17124999999999999,19588.490625,7402.09,11407.880625000002,7383.481250000001,0.29125,0.110625,0.17062499999999997,0.11,0.37692956498530633,0.16375,158.68562500000002,118.95249999999999,0.0026125000000000002,0.003425,0.519375,43.809750366210935,86.66079956054688,31.338541666666668,15.578125,84.46986450195313,70.27763671875,14.192228393554688,63.17039733886718,1.0862133789062498,1.4745635986328125,4.5464630126953125,5.7425103187561035,3.505688428878784,0.6533024311065674,0.6729943752288818,0.9106755256652832,19.08935546875,9.29443359375,2.45263671875,2.212158203125,5.130126953125,0.0
ann,glove-100-angular,annoy,default,2,0.976941,17.54030590299999,570.1154846044993,2026-04-04T15:03:10.892410,2026-04-04T15:03:28.467736,18,37.5,40.05555555555556,41.611111111111114,14.666666666666666,19.333333333333332,0.19111111111111112,41055.41444444445,0.1522222222222222,17380.870555555557,7863.174444444444,7910.9977777777785,7900.372222222221,0.2588888888888889,0.11777777777777776,0.1183333333333333,0.11833333333333333,0.45240394716196125,0.12277777777777778,144.32777777777778,112.64666666666666,0.002722222222222222,0.003477777777777778,0.5694444444444444,42.35289062500001,82.89509494357638,29.888888888888886,15.08333333333333,81.24213350183824,68.79940602022057,12.44272403492647,62.00441693474266,1.0679216452205882,1.4709581801470588,4.256110983455883,5.797602260813994,3.5240402221679688,0.6619291866526884,0.6843376159667969,0.9272952360265395,19.21875,9.330193014705882,2.4786305147058822,2.2279411764705883,5.181985294117647,0.0
ann,glove-100-angular,annoy,default,3,0.976941,16.79888583900015,595.2775735152676,2026-04-04T15:03:28.750223,2026-04-04T15:03:45.580819,17,39.94117647058823,42.470588235294116,43.588235294117645,15.941176470588236,21.764705882352942,0.18,43088.35176470588,0.16058823529411761,18404.297647058822,8295.838823529411,8317.45411764706,8070.757058823529,0.27294117647058824,0.12411764705882353,0.12411764705882353,0.11941176470588234,0.43852567555672584,0.14588235294117646,151.44529411764708,115.54588235294119,0.0026705882352941177,0.003464705882352941,0.5499999999999999,42.75364774816177,83.54542624080882,30.142156862745097,15.205882352941176,83.56329467773438,70.84603454589843,12.717258911132813,63.69809020996094,1.1869500732421874,1.5276214599609375,4.4333734130859375,5.801201343536377,3.5245535373687744,0.663407564163208,0.6842625141143799,0.9289777278900146,19.233642578125,9.345947265625,2.47265625,2.2265625,5.1884765625,0.0
ann,glove-100-angular,annoy,default,4,0.976941,17.231262457999946,580.3405307286296,2026-04-04T15:03:45.863078,2026-04-04T15:04:03.129664,18,37.888888888888886,40.333333333333336,33.05555555555556,14.833333333333334,24.0,0.1788888888888889,41445.92722222222,0.15499999999999997,17310.679444444446,8027.871111111111,7921.649444444446,8185.726111111111,0.25777777777777783,0.11944444444444444,0.11833333333333333,0.12166666666666666,0.45761632117720014,0.12277777777777778,146.06555555555553,113.94833333333334,0.0027111111111111108,0.003455555555555556,0.5683333333333334,42.89969726562501,83.40451388888889,30.120370370370367,15.263888888888891,81.46760914522059,69.26790039062499,12.199708754595589,62.27045438878677,1.2731077665441177,1.4972679227941175,4.227070312499999,5.802574606502757,3.5242094152113967,0.6640196407542509,0.684603074017693,0.9297435984892004,19.22817095588235,9.345818014705882,2.467141544117647,2.221966911764706,5.193244485294118,0.0
ann,glove-100-angular,annoy,default,5,0.976941,17.411033395999993,574.3484474791369,2026-04-04T15:04:03.414023,2026-04-04T15:04:20.858028,17,39.94117647058823,42.8235294117647,25.352941176470587,19.647058823529413,21.941176470588236,0.16941176470588235,42344.657058823526,0.15764705882352942,18451.727058823533,8133.8211764705875,7890.651764705882,7868.458235294118,0.2752941176470588,0.1223529411764706,0.11705882352941176,0.11705882352941176,0.4264347835955798,0.11705882352941177,149.1929411764706,118.0570588235294,0.002770588235294118,0.0035058823529411764,0.5529411764705883,44.25272346047794,85.67174919577207,30.941176470588236,15.700980392156865,79.21199490017362,67.64305718315973,11.568938802083332,60.91563313802083,1.2919325086805555,1.4187342664930556,4.016755099826388,5.803064907298369,3.523988835951861,0.664438808665556,0.6840954948874081,0.9305422165814567,19.238511029411764,9.352481617647058,2.46875,2.225873161764706,5.19140625,0.0
ann,glove-100-angular,annoy,default,6,0.976941,17.497163909000164,571.5211934921759,2026-04-04T15:04:21.142528,2026-04-04T15:04:38.673221,17,38.8235294117647,41.529411764705884,24.0,23.941176470588236,20.294117647058822,0.1676470588235294,42445.45647058824,0.15823529411764709,18490.064117647056,7974.286470588235,8043.520588235295,7937.586470588235,0.27647058823529413,0.1188235294117647,0.12058823529411763,0.11823529411764705,0.42928928856512416,0.11647058823529412,148.63588235294117,118.03588235294116,0.00278235294117647,0.0034823529411764707,0.5623529411764706,45.209130284926474,87.15195542279412,31.47549019607843,16.08823529411765,80.5005388327206,68.78976102941178,11.710775505514706,61.915818014705884,1.3123362821691178,1.3443238740808823,4.217284007352942,5.805470634909238,3.524789473589729,0.6648902893066406,0.6847280614516315,0.9310628105612362,19.232306985294116,9.346507352941176,2.4659926470588234,2.2323069852941178,5.1875,0.0
ann,glove-100-angular,annoy,default,7,0.976941,16.85709907599994,593.2218796908752,2026-04-04T15:04:38.958108,2026-04-04T15:04:55.846160,17,38.0,40.470588235294116,33.05882352941177,19.058823529411764,21.764705882352942,0.17941176470588238,43629.516470588234,0.16294117647058823,18406.141764705884,8662.13705882353,8313.496470588236,8247.741176470587,0.2747058823529412,0.12823529411764706,0.12352941176470589,0.12294117647058822,0.4480972319949085,0.15000000000000002,151.82294117647058,113.93411764705883,0.0026,0.0034411764705882353,0.5694117647058824,43.958427159926465,85.14901482077205,30.76470588235294,15.632352941176471,79.14964039522059,67.47761488970588,11.672024931066177,60.56347598805147,1.2085747931985296,1.4147374770220589,4.290823759191177,5.806375026702881,3.5245158672332764,0.6652517318725586,0.6851792335510254,0.9314281940460205,19.239990234375,9.343505859375,2.46875,2.236328125,5.19140625,0.0
ann,glove-100-angular,annoy,default,8,0.976941,17.02955220700005,587.2145009126822,2026-04-04T15:04:56.127947,2026-04-04T15:05:13.194332,17,38.588235294117645,41.470588235294116,33.64705882352941,18.058823529411764,21.0,0.17411764705882354,43300.43529411765,0.16058823529411764,18366.8094117647,8310.494117647058,8323.847647058823,8299.283529411763,0.2741176470588235,0.12352941176470589,0.12235294117647057,0.12294117647058822,0.4518631049819534,0.1388235294117647,150.93294117647056,115.21588235294118,0.002682352941176471,0.0034823529411764707,0.5647058823529412,44.115835248161765,85.4134782858456,30.828431372549023,15.71078431372549,79.75126378676471,68.123984375,11.627278262867648,61.21458754595587,1.2115085018382354,1.4406324678308824,4.257257008272059,5.809119280646829,3.5249743742101334,0.6660369424258962,0.6859602086684283,0.9321477553423714,19.2421875,9.339154411764707,2.46484375,2.244485294117647,5.193704044117647,0.0
ann,glove-100-angular,annoy,default,9,0.976941,16.690355830000044,599.1484005407195,2026-04-04T15:05:13.475924,2026-04-04T15:05:30.199425,17,38.8235294117647,41.76470588235294,31.529411764705884,17.941176470588236,21.58823529411765,0.1811764705882353,43360.264117647064,0.16058823529411764,18379.5,8348.256470588234,8303.64705882353,8328.86117647059,0.2741176470588235,0.12470588235294118,0.12411764705882353,0.12411764705882353,0.4517885175779281,0.15411764705882353,150.76294117647058,113.37705882352941,0.0026176470588235292,0.0034529411764705883,0.5599999999999999,43.316451056985294,83.82432387408087,30.25980392156863,15.431372549019608,78.90543887867648,67.32014361213234,11.58529354319853,60.36692842371323,1.2496938189338234,1.4607588465073529,4.242765969669118,5.809334698845358,3.5245175081140854,0.6662137648638558,0.6862424962660846,0.9323647442985984,19.24172794117647,9.342141544117647,2.46484375,2.2421875,5.192555147058823,0.0
ann,glove-100-angular,annoy,default,10,0.976941,17.82224179800005,561.0966405540612,2026-04-04T15:05:30.481618,2026-04-04T15:05:48.338176,18,38.0,40.388888888888886,36.833333333333336,20.333333333333332,21.0,0.17555555555555555,40923.36111111112,0.15277777777777776,17418.621666666666,7688.199444444444,7873.272777777776,7943.268888888889,0.26055555555555554,0.11499999999999999,0.11722222222222221,0.11833333333333333,0.44137817512605204,0.13444444444444445,143.41500000000002,112.06611111111111,0.0027055555555555557,0.0034555555555555555,0.5711111111111111,42.50033582899306,82.01853678385417,29.60648148148148,15.152777777777779,76.98856987847222,66.01947753906249,10.969092881944443,59.41965928819444,1.232235785590278,1.3787825520833332,3.9887988281250006,5.811506059434679,3.525076548258464,0.6667406294080946,0.6867688496907552,0.9329200320773654,19.23980034722222,9.342664930555555,2.46484375,2.2408854166666665,5.19140625,0.0
ann,glove-100-angular,annoy,default,11,0.976941,17.47429263899994,572.2692303825526,2026-04-04T15:05:48.619590,2026-04-04T15:06:06.127264,18,38.27777777777778,40.72222222222222,36.833333333333336,23.0,19.333333333333332,0.17555555555555558,41053.12111111111,0.1527777777777778,17353.963333333333,7899.251111111113,7833.345555555556,7966.561666666667,0.2588888888888889,0.11833333333333333,0.11611111111111111,0.11833333333333335,0.45138654525732097,0.13333333333333336,144.10833333333335,112.89166666666668,0.0027222222222222222,0.00345,0.5672222222222222,42.47570963541666,82.20191460503472,29.671296296296294,15.111111111111112,77.095869140625,66.2294970703125,10.866372612847222,59.728787434895835,1.1994146050347225,1.3391373697916666,3.9621592881944445,5.81077979592716,3.524139404296875,0.6664484809426701,0.687042236328125,0.9331496743594899,19.241038602941178,9.339384191176471,2.46484375,2.2481617647058822,5.188648897058823,0.0
ann,glove-100-angular,annoy,default,12,0.976941,17.37130974799993,575.6618323584589,2026-04-04T15:06:06.410003,2026-04-04T15:06:23.815949,17,40.11764705882353,42.94117647058823,33.05882352941177,20.58823529411765,21.058823529411764,0.16999999999999998,42716.96235294117,0.15882352941176472,18415.55,8147.6705882352935,7932.306470588236,8221.436470588236,0.2741176470588235,0.12176470588235293,0.1176470588235294,0.12294117647058822,0.4307395907582579,0.12705882352941178,149.91411764705884,117.16999999999999,0.002729411764705882,0.0034823529411764707,0.5535294117647059,43.89683363970589,84.92597713694853,30.588235294117652,15.573529411764705,77.87871202256945,66.9557958984375,10.922915581597222,60.42726725260416,1.1507302517361113,1.332839084201389,4.044957139756944,5.812686695772059,3.524692311006434,0.6670471640194163,0.6875592400045956,0.933387980741613,19.241957720588236,9.339613970588236,2.46484375,2.24609375,5.19140625,0.0
ann,glove-100-angular,annoy,default,13,0.976941,17.477199345999907,572.1740538645713,2026-04-04T15:06:24.099756,2026-04-04T15:06:41.609130,17,40.11764705882353,42.88235294117647,33.8235294117647,18.294117647058822,20.647058823529413,0.17058823529411765,43040.87470588235,0.1611764705882353,18394.919411764702,8254.456470588237,8038.89588235294,8352.604705882353,0.2741176470588235,0.12411764705882353,0.1188235294117647,0.1241176470588235,0.43701718406070117,0.12294117647058822,151.8135294117647,118.5894117647059,0.00278235294117647,0.003511764705882353,0.5547058823529412,43.652108800551474,84.79767807904412,30.60294117647059,15.514705882352944,79.77306755514707,68.57528262867646,11.197784926470588,61.853035960477946,1.2026349954044118,1.3880600873161766,4.131555032169118,5.812724855211046,3.5237176683213978,0.6674134996202257,0.6879823472764757,0.9336185455322266,19.237630208333332,9.339409722222221,2.468532986111111,2.2421875,5.1875,0.0
ann,glove-100-angular,annoy,default,14,0.976941,17.55591507700001,569.6085881106245,2026-04-04T15:06:41.892214,2026-04-04T15:06:59.483091,18,37.72222222222222,40.22222222222222,32.44444444444444,17.833333333333332,20.88888888888889,0.17500000000000002,41096.97,0.15222222222222223,17353.97,7750.202777777778,8074.936666666666,7917.860000000001,0.25833333333333336,0.11555555555555556,0.12166666666666666,0.11833333333333333,0.446595377183306,0.13444444444444448,143.65833333333333,111.89333333333333,0.002672222222222222,0.003438888888888889,0.5744444444444444,43.04566460503472,83.1439794921875,30.009259259259263,15.291666666666666,80.46638901654411,69.11383501838235,11.352553998161763,62.241515395220574,1.2088292738970587,1.4065613511029413,4.256929572610294,5.814612706502279,3.524175855848524,0.6680793762207031,0.6885596381293403,0.9337978363037109,19.24240451388889,9.339192708333334,2.47265625,2.2430555555555554,5.1875,0.0
ann,glove-100-angular,annoy,default,15,0.976941,16.068415017000007,622.3389170257449,2026-04-04T15:06:59.766632,2026-04-04T15:07:15.867598,16,38.9375,41.75,36.5625,21.5,20.6875,0.1925,45535.43125,0.169375,17586.81125,8317.30875,11568.6575,8062.655000000001,0.2625,0.124375,0.171875,0.12,0.4584489413906686,0.184375,155.730625,114.2575,0.00246875,0.00338125,0.5625,44.22329956054688,85.39123352050783,30.791666666666668,15.75,77.9064510569853,66.65279584099264,11.25365291819853,59.66376838235294,1.2013643152573528,1.405842715992647,4.381819278492648,5.814281702041626,3.523167848587036,0.6681947708129883,0.6889681816101074,0.9339509010314941,19.24072265625,9.34130859375,2.46484375,2.24609375,5.1884765625,0.0
ann,glove-100-angular,annoy,default,16,0.976941,16.775589021000087,596.1042552653,2026-04-04T15:07:16.153073,2026-04-04T15:07:32.964371,16,42.1875,45.8125,30.5625,15.375,18.0,0.1725,45118.039375,0.1675,19502.87625,8460.0275,8365.136875,8790.0,0.28937500000000005,0.125625,0.12624999999999997,0.13124999999999998,0.4289181127834926,0.133125,160.278125,123.5825,0.00276875,0.00354375,0.5362500000000001,44.32797790527344,86.49321166992188,31.21875,15.802083333333334,80.27338867187501,68.88631204044117,11.387076631433823,62.04240176930146,1.259921875,1.3416963465073528,4.242293772977941,5.81558339736041,3.5227869819192326,0.6687197965734145,0.6898433460908777,0.9342359655043658,19.241957720588236,9.340533088235293,2.467830882352941,2.2421875,5.19140625,0.0
ann,glove-100-angular,annoy,default,17,0.976941,17.775366250999923,562.5763125661316,2026-04-04T15:07:33.250362,2026-04-04T15:07:51.058284,17,40.529411764705884,43.64705882352941,27.0,18.705882352941178,19.764705882352942,0.17058823529411765,42611.404705882356,0.15941176470588236,18376.224705882352,7816.020588235295,8378.470000000001,8040.689411764706,0.2747058823529412,0.1164705882352941,0.12470588235294118,0.11941176470588237,0.42533331591952805,0.1211764705882353,150.93823529411765,118.70999999999998,0.0027705882352941176,0.0035117647058823527,0.5499999999999999,43.26373161764706,84.11118278952206,30.387254901960787,15.382352941176471,77.40324652777777,66.56414876302082,10.839098307291668,60.03948187934028,1.1977734374999998,1.2691292317708334,4.057763129340278,5.81499989827474,3.523233837551541,0.6688361697726779,0.6888646019829644,0.9340652889675565,19.240234375,9.333984375,2.4735243055555554,2.2421875,5.190538194444445,0.0
ann,glove-100-angular,annoy,default,18,0.976941,17.40681736700003,574.4875579011975,2026-04-04T15:07:51.344651,2026-04-04T15:08:08.786879,17,39.588235294117645,42.8235294117647,23.470588235294116,19.88235294117647,17.294117647058822,0.17588235294117646,43078.74470588235,0.15999999999999998,18430.750588235296,8257.726470588233,8380.737647058826,8009.530000000001,0.2747058823529412,0.1223529411764706,0.12588235294117645,0.1188235294117647,0.4345742709530581,0.14470588235294118,151.89,116.29529411764706,0.0026941176470588234,0.0034941176470588233,0.5576470588235294,43.42575482536765,84.35793658088235,30.436274509803923,15.392156862745098,78.98018037683825,67.69292049632354,11.287259880514705,60.8660994944853,1.3581531479779412,1.2898552389705884,4.1788149126838245,5.817329194810656,3.5242193010118275,0.6691856384277344,0.6891047159830729,0.9348195393880209,19.24175347222222,9.334852430555555,2.46875,2.2421875,5.195963541666667,0.0
ann,glove-100-angular,annoy,imbalanced-memory,1,0.976941,24.37020087899964,410.3372003230892,2026-04-04T15:36:55.033295,2026-04-04T15:37:19.403517,24,43.208333333333336,43.125,81.83333333333333,47.375,67.58333333333333,0.23583333333333334,31125.166666666668,0.11458333333333333,13322.451666666666,5943.514166666667,5932.06,5927.142499999999,0.1975,0.08791666666666666,0.08750000000000001,0.08791666666666666,0.44489878051724957,0.33208333333333334,111.41708333333332,80.77791666666667,0.0021208333333333335,0.0039000000000000003,0.4995833333333333,28.898397216796877,55.476435546874995,20.01388888888889,10.329861111111112,54.51995035807292,45.773759765624995,8.746190592447915,45.55455159505209,0.061662597656250005,0.10058390299479165,0.05696166992187499,3.1944924926757814,3.0811663818359376,0.04799652099609375,0.034168243408203125,0.031177520751953125,18.4159375,14.7753125,0.62890625,0.484375,2.52734375,0.0
ann,glove-100-angular,annoy,imbalanced-memory,2,0.976941,18.34977609100042,544.9657778061097,2026-04-04T15:37:19.687193,2026-04-04T15:37:38.069860,19,40.36842105263158,40.05263157894737,88.47368421052632,54.63157894736842,82.47368421052632,0.17473684210526316,38991.91631578947,0.1457894736842105,16554.6552631579,7672.210000000001,7481.532105263155,7283.521578947369,0.24631578947368418,0.11421052631578947,0.11157894736842104,0.10736842105263159,0.4399681819504101,0.15789473684210525,140.35,105.03684210526318,0.0026736842105263155,0.0035421052631578955,0.5463157894736842,36.01498355263158,68.36675986842106,24.785087719298247,12.921052631578947,72.7730929904514,62.07191351996528,10.70117947048611,61.847838541666675,0.053161349826388885,0.10699544270833333,0.06391927083333333,3.7410185072157116,3.6276827918158636,0.04799652099609375,0.034168243408203125,0.031177520751953125,19.212022569444443,15.571397569444445,0.62890625,0.484375,2.52734375,0.0
ann,glove-100-angular,annoy,imbalanced-memory,3,0.976941,17.52727753099998,570.5392627185422,2026-04-04T15:37:38.349312,2026-04-04T15:37:55.915392,17,43.35294117647059,43.23529411764706,92.29411764705883,58.8235294117647,82.3529411764706,0.17411764705882352,42906.949411764705,0.15941176470588236,18357.27176470588,8193.872352941176,8030.63705882353,8325.170588235294,0.27294117647058824,0.1211764705882353,0.1188235294117647,0.12294117647058825,0.43746353825100637,0.1776470588235294,153.09235294117647,109.78941176470589,0.002588235294117647,0.003576470588235294,0.5241176470588236,38.06710133272059,72.04796875,26.132352941176467,13.691176470588237,71.23094835069445,60.70321343315973,10.527737630208332,60.47611653645832,0.05559787326388889,0.10803331163194445,0.06346516927083333,3.755304124620226,3.641961839463976,0.04799652099609375,0.034168243408203125,0.031177520751953125,19.21853298611111,15.57790798611111,0.62890625,0.484375,2.52734375,0.0
ann,glove-100-angular,annoy,imbalanced-memory,4,0.976941,18.3026754550001,546.3682085488821,2026-04-04T15:37:56.198635,2026-04-04T15:38:14.533635,18,42.833333333333336,42.666666666666664,92.72222222222223,59.166666666666664,82.0,0.1611111111111111,40466.46666666666,0.15000000000000002,17806.098333333335,7712.539444444444,7510.777222222222,7437.049999999999,0.26555555555555554,0.11388888888888887,0.11222222222222225,0.11166666666666665,0.4176687032036495,0.1277777777777778,145.60333333333332,113.03722222222221,0.0027833333333333334,0.003572222222222222,0.5316666666666667,38.93542154947917,73.28974989149306,26.597222222222218,13.995370370370372,73.07858452690972,62.95539008246528,10.123193901909723,62.73246636284723,0.05535590277777778,0.1061257595486111,0.0614404296875,3.761658517937911,3.648265637849507,0.04799652099609375,0.034168243408203125,0.031177520751953125,19.214638157894736,15.574013157894736,0.62890625,0.484375,2.52734375,0.0
ann,glove-100-angular,annoy,imbalanced-memory,5,0.976941,18.50872316100003,540.2857837903766,2026-04-04T15:38:14.815329,2026-04-04T15:38:33.359503,19,40.31578947368421,40.1578947368421,92.0,60.526315789473685,79.3157894736842,0.16526315789473683,39163.151052631576,0.14526315789473684,16532.003684210526,7533.051578947369,7454.050526315789,7644.046315789474,0.24631578947368418,0.11210526315789474,0.11210526315789475,0.11368421052631578,0.45088609152894416,0.12894736842105262,140.99105263157892,108.48736842105262,0.0027263157894736843,0.0035526315789473684,0.5526315789473685,38.12820106907895,71.60084189967105,25.98245614035088,13.692982456140351,73.6609250217014,63.45373752170139,10.207186957465279,63.22778917100695,0.056582573784722215,0.1064111328125,0.06295518663194444,3.7708132002088757,3.657471974690755,0.04799652099609375,0.034168243408203125,0.031177520751953125,19.221354166666668,15.580729166666666,0.62890625,0.484375,2.52734375,0.0
ann,glove-100-angular,annoy,imbalanced-memory,6,0.976941,18.406570678999746,543.2842529113318,2026-04-04T15:38:33.642839,2026-04-04T15:38:52.084368,19,39.26315789473684,39.0,92.52631578947368,60.26315789473684,82.57894736842105,0.16526315789473686,38951.97947368421,0.14526315789473684,16572.312631578952,7462.57052631579,7533.251578947368,7383.841578947368,0.24631578947368418,0.11157894736842106,0.11210526315789475,0.10894736842105264,0.44555287744676475,0.14947368421052634,138.2757894736842,103.95,0.0026315789473684206,0.003505263157894737,0.5647368421052633,38.44276521381579,71.84063322368422,26.04385964912281,13.793859649122808,72.98295572916668,62.836455078125,10.146500108506944,62.603291558159725,0.05826443142361112,0.10970757378472222,0.06519259982638889,3.774921417236328,3.661579344007704,0.04799652099609375,0.034168243408203125,0.031177520751953125,19.21310763888889,15.57248263888889,0.62890625,0.484375,2.52734375,0.0
ann,glove-100-angular,annoy,imbalanced-memory,7,0.976941,18.407155657999738,543.2669873497814,2026-04-04T15:38:52.366183,2026-04-04T15:39:10.808679,18,42.05555555555556,41.888888888888886,89.27777777777777,62.0,82.88888888888889,0.16722222222222227,40526.08111111112,0.15166666666666667,17481.73,7970.457222222223,7454.074444444444,7619.820555555557,0.2588888888888889,0.11888888888888888,0.11111111111111113,0.11333333333333334,0.4263922646353905,0.15000000000000002,145.5838888888889,108.85166666666666,0.002677777777777777,0.0035611111111111112,0.5388888888888889,37.48320963541667,70.56070692274307,25.611111111111114,13.458333333333334,69.55080643503291,59.92848016036184,9.622326274671051,59.71080129523027,0.05096011513157895,0.10413959703947367,0.06257863898026315,3.781941062525699,3.6686025920667147,0.04799652099609375,0.034168243408203125,0.031177520751953125,19.22471217105263,15.584087171052632,0.62890625,0.484375,2.52734375,0.0
ann,glove-100-angular,annoy,imbalanced-memory,8,0.976941,18.24124248599992,548.2082707729454,2026-04-04T15:39:11.092597,2026-04-04T15:39:29.368393,18,41.72222222222222,41.611111111111114,88.61111111111111,60.94444444444444,82.72222222222223,0.16888888888888892,40844.384999999995,0.15111111111111108,17575.783888888887,7964.418888888889,7546.103333333334,7758.076111111112,0.26111111111111107,0.11777777777777779,0.11222222222222225,0.11499999999999999,0.42934661583452066,0.15,147.00777777777776,109.47833333333332,0.0026944444444444446,0.003577777777777778,0.5411111111111112,37.59065049913195,70.78365505642361,25.722222222222225,13.495370370370372,71.84555609809028,61.918876410590286,9.926682400173611,61.69595974392361,0.052427842881944436,0.10644585503472222,0.06404351128472223,3.7843068440755205,3.6709645589192705,0.04799652099609375,0.034168243408203125,0.031177520751953125,19.21723090277778,15.576605902777779,0.62890625,0.484375,2.52734375,0.0
ann,glove-100-angular,annoy,imbalanced-memory,9,0.976941,17.531190887999855,570.4119054938261,2026-04-04T15:39:29.649688,2026-04-04T15:39:47.214166,18,41.611111111111114,41.5,91.66666666666667,62.55555555555556,79.83333333333333,0.175,41038.36277777777,0.1522222222222222,17392.810555555556,7916.031666666666,7885.023888888889,7844.495555555556,0.2594444444444444,0.11722222222222221,0.11833333333333335,0.11555555555555556,0.45101943302946473,0.175,146.56444444444443,106.54166666666667,0.002588888888888889,0.0035388888888888883,0.5422222222222222,37.04505479600695,69.64031521267361,25.277777777777775,13.300925925925926,74.272568359375,63.83795955882353,10.434608226102942,63.6051154641544,0.05760857077205882,0.10891831341911765,0.06631663602941176,3.7892998589409723,3.675957785712348,0.04799652099609375,0.034168243408203125,0.031177520751953125,19.223958333333332,15.583333333333334,0.62890625,0.484375,2.52734375,0.0
ann,glove-100-angular,annoy,imbalanced-memory,10,0.976941,18.488974902000336,540.8628684394013,2026-04-04T15:39:47.497096,2026-04-04T15:40:06.020644,18,42.111111111111114,41.94444444444444,93.11111111111111,60.833333333333336,82.38888888888889,0.16388888888888886,40458.65388888888,0.15055555555555555,17337.76611111111,7833.766111111112,7867.9205555555545,7419.201666666665,0.2588888888888889,0.11777777777777779,0.11722222222222224,0.1111111111111111,0.427921429965074,0.14944444444444446,145.32777777777778,110.10166666666667,0.0026999999999999997,0.003572222222222222,0.54,38.39117947048611,71.95314724392361,26.097222222222218,13.824074074074076,70.05532997532895,60.514011615953955,9.541318873355264,60.29348735608554,0.054344161184210524,0.10368729440789475,0.0624938322368421,3.791116212543688,3.6777753328022205,0.04799652099609375,0.034168243408203125,0.031177520751953125,19.221217105263158,15.580592105263158,0.62890625,0.484375,2.52734375,0.0
ann,glove-100-angular,annoy,imbalanced-memory,11,0.976941,18.25321583100003,547.8486691104957,2026-04-04T15:40:06.303956,2026-04-04T15:40:24.592344,18,42.72222222222222,42.55555555555556,93.44444444444444,56.22222222222222,78.61111111111111,0.17055555555555554,40779.67722222222,0.15166666666666664,17353.502777777776,7616.942777777778,7927.410555555556,7881.819444444444,0.2588888888888889,0.1127777777777778,0.11777777777777779,0.11722222222222221,0.4389282599206277,0.1572222222222222,147.6388888888889,109.58000000000001,0.0026888888888888887,0.0035777777777777787,0.5322222222222223,36.34232747395833,68.62918728298611,24.87037037037037,13.037037037037036,71.16752387152778,61.341175130208335,9.82634765625,61.118280707465274,0.05536946614583334,0.10392415364583334,0.06360243055555553,3.796439276801215,3.683096991644965,0.04799652099609375,0.034168243408203125,0.031177520751953125,19.223958333333332,15.583333333333334,0.62890625,0.484375,2.52734375,0.0
ann,glove-100-angular,annoy,imbalanced-memory,12,0.976941,18.725796774000173,534.0226704737337,2026-04-04T15:40:24.876797,2026-04-04T15:40:43.637339,19,40.78947368421053,40.78947368421053,93.42105263157895,59.94736842105263,82.57894736842105,0.16,38568.39578947369,0.14263157894736841,16532.930000000004,7467.605789473685,7317.337894736843,7250.51947368421,0.24578947368421053,0.1105263157894737,0.10842105263157895,0.10736842105263159,0.4385501827978591,0.12210526315789473,138.5978947368421,108.7342105263158,0.002763157894736842,0.0035315789473684208,0.5515789473684212,38.418644120065785,71.73112099095395,26.000000000000004,13.789473684210526,73.23024793836805,63.56156358506946,9.668683810763888,63.33829427083333,0.05536783854166667,0.10521647135416667,0.06268283420138888,3.796804528487356,3.683462243331106,0.04799652099609375,0.034168243408203125,0.031177520751953125,19.21957236842105,15.578947368421053,0.62890625,0.484375,2.52734375,0.0
ann,glove-100-angular,annoy,imbalanced-memory,13,0.976941,17.480936351999844,572.0517367398335,2026-04-04T15:40:43.922898,2026-04-04T15:41:01.437632,18,40.888888888888886,40.611111111111114,93.61111111111111,60.5,75.5,0.18166666666666667,41334.34,0.15388888888888885,17194.58666666667,7866.779444444444,7919.084444444444,8353.888333333332,0.2572222222222222,0.11666666666666667,0.11833333333333333,0.12388888888888888,0.45751489099153164,0.185,147.07999999999998,105.79222222222222,0.002522222222222222,0.0035111111111111116,0.5483333333333332,36.94855414496528,69.28880154079862,25.14814814814815,13.268518518518519,73.12071461397058,63.00265452665441,10.118057789522059,62.77466567095589,0.05806008731617646,0.10736960018382352,0.06256031709558825,3.8021087646484375,3.688770718044705,0.04799652099609375,0.034168243408203125,0.031177520751953125,19.223524305555557,15.582899305555555,0.62890625,0.484375,2.52734375,0.0
ann,glove-100-angular,annoy,imbalanced-memory,14,0.976941,18.875212566999835,529.7953580392167,2026-04-04T15:41:01.723010,2026-04-04T15:41:20.633212,19,41.36842105263158,41.26315789473684,93.15789473684211,61.73684210526316,82.84210526315789,0.15842105263157893,38661.0452631579,0.14368421052631578,16565.78789473684,7444.486842105263,7401.736315789473,7249.033684210525,0.24789473684210522,0.1105263157894737,0.1105263157894737,0.10842105263157895,0.43759063741928234,0.11894736842105265,139.1478947368421,109.98789473684211,0.0028157894736842103,0.003563157894736842,0.5473684210526316,38.664600637335525,72.13697574013159,26.157894736842106,13.890350877192981,73.89660319010416,64.22251356336807,9.674091254340278,63.996971571180566,0.056433919270833334,0.10583170572916667,0.06327962239583333,3.8021505255448194,3.6888082403885694,0.04799652099609375,0.034168243408203125,0.031177520751953125,19.222861842105264,15.582236842105264,0.62890625,0.484375,2.52734375,0.0
ann,glove-100-angular,annoy,imbalanced-memory,15,0.976941,18.800239191999935,531.9081261612512,2026-04-04T15:41:20.915870,2026-04-04T15:41:39.753886,19,39.73684210526316,39.578947368421055,93.47368421052632,60.421052631578945,83.26315789473684,0.16052631578947368,38731.36842105263,0.14368421052631578,16531.006842105264,7413.944736842106,7429.314210526316,7357.107368421053,0.24578947368421053,0.11000000000000001,0.11105263157894739,0.10894736842105264,0.44504895791841,0.1273684210526316,138.19894736842105,107.47157894736843,0.0027263157894736843,0.0035157894736842095,0.5621052631578948,38.96613589638158,72.46969726562502,26.289473684210524,13.973684210526315,71.50874126233552,62.07947111430921,9.42926912006579,61.859371402138166,0.05522306743421053,0.10236071134868423,0.06251644736842106,3.805968435187089,3.692626150030839,0.04799652099609375,0.034168243408203125,0.031177520751953125,19.22594572368421,15.58532072368421,0.62890625,0.484375,2.52734375,0.0
ann,glove-100-angular,annoy,imbalanced-memory,16,0.976941,17.99322169299967,555.7648413730454,2026-04-04T15:41:40.040402,2026-04-04T15:41:58.068499,18,40.05555555555556,39.833333333333336,93.55555555555556,60.22222222222222,78.77777777777777,0.17166666666666666,40678.018888888895,0.1511111111111111,17434.495555555553,7670.598888888889,7506.3805555555555,8066.542777777779,0.26,0.11499999999999999,0.11166666666666668,0.12055555555555555,0.4305476193237851,0.17500000000000002,144.37611111111113,104.3388888888889,0.0025388888888888887,0.0035111111111111116,0.5577777777777778,37.686171875,70.43059950086806,25.574074074074073,13.569444444444445,70.12104220920139,60.48192871093751,9.639109700520834,60.257138671875005,0.05717719184027778,0.10563042534722222,0.061984049479166664,3.8063392639160156,3.6929974026150174,0.04799652099609375,0.034168243408203125,0.031177520751953125,19.225911458333332,15.585286458333334,0.62890625,0.484375,2.52734375,0.0
ann,glove-100-angular,annoy,interleaved-memory,1,0.976941,15.386579889999666,649.9170102447125,2026-04-04T16:07:31.922291,2026-04-04T16:07:47.308894,15,25.133333333333333,33.06666666666667,17.2,29.466666666666665,17.4,0.38200000000000006,48098.38199999999,0.17733333333333334,12028.988666666668,11739.485333333334,12413.473333333333,11916.434000000001,0.17933333333333337,0.17466666666666666,0.18400000000000002,0.17666666666666667,0.9457051236264253,0.3940000000000001,171.578,138.56399999999996,0.0019866666666666665,0.004166666666666667,0.5846666666666668,65.602931640625,108.12721028645834,39.15,23.661111111111108,97.84897521972655,82.19411193847657,15.654862060546874,20.314402465820315,20.228506469726565,21.004984741210937,20.64621887207031,2.9956263224283854,0.8812555948893229,0.7062678019205729,0.6962084452311198,0.7119959513346354,18.070833333333333,7.11640625,3.1919270833333333,2.9018229166666667,4.860677083333333,0.0
ann,glove-100-angular,annoy,interleaved-memory,2,0.976941,8.844029099999716,1130.706365495826,2026-04-04T16:07:47.591000,2026-04-04T16:07:56.465528,9,25.0,24.333333333333332,23.77777777777778,25.22222222222222,25.0,0.32999999999999996,81049.26666666666,0.3022222222222222,20683.94666666667,19389.64,20456.99,20518.684444444443,0.3066666666666667,0.29,0.3044444444444444,0.3055555555555556,0.9374245791905604,0.09222222222222223,287.93333333333334,235.51999999999998,0.002911111111111111,0.0035555555555555557,0.6611111111111111,111.80382269965278,181.93166666666667,66.23148148148148,40.555555555555564,168.72407226562504,143.02484375,25.699228515625002,35.32466579861111,35.20856553819444,36.51902669270834,35.97258138020834,3.751485188802083,1.069633060031467,0.8943430582682292,0.8863533867730035,0.9011590745713975,19.167100694444443,7.3828125,3.4908854166666665,3.1497395833333335,5.143663194444445,0.0
ann,glove-100-angular,annoy,interleaved-memory,3,0.976941,8.866464528000506,1127.8452610304548,2026-04-04T16:07:56.745515,2026-04-04T16:08:05.643426,9,25.0,25.0,22.555555555555557,25.555555555555557,25.555555555555557,0.3288888888888889,80037.64666666667,0.2977777777777778,20124.252222222225,19228.063333333335,20570.80222222222,20114.528888888886,0.30111111111111116,0.2866666666666667,0.3066666666666667,0.3,0.9347259832463728,0.07555555555555554,285.03,237.33333333333334,0.0029555555555555555,0.0035666666666666663,0.6633333333333334,112.08079318576388,181.79436414930558,66.25,40.59259259259259,169.5161664496528,144.37095703125001,25.145206163194445,35.61298177083333,35.56550347222222,36.88398763020834,36.308481987847216,3.768553415934245,1.073915269639757,0.8986464606391059,0.890494876437717,0.905496809217665,19.177083333333332,7.3828125,3.4817708333333335,3.1575520833333335,5.154947916666667,0.0
ann,glove-100-angular,annoy,interleaved-memory,4,0.976941,8.8313873219995,1132.3249264687347,2026-04-04T16:08:05.924250,2026-04-04T16:08:14.786069,8,25.0,24.625,24.25,24.75,25.0,0.3225,84164.685,0.31375,20801.26625,20899.558749999997,21275.1475,21188.715,0.30874999999999997,0.31125,0.315,0.315,0.9777260651189376,0.08,298.62249999999995,247.32125,0.002925,0.003575,0.665,117.09292236328125,189.29910278320312,68.92708333333333,42.4375,169.34430989583333,144.524111328125,24.82019748263889,35.66322482638889,35.58354709201389,36.92342881944444,36.35390842013889,3.77463960647583,1.0754609107971191,0.9001941680908203,0.8919529914855957,0.9070315361022949,19.181640625,7.3828125,3.48095703125,3.15478515625,5.1630859375,0.0
ann,glove-100-angular,annoy,interleaved-memory,5,0.976941,8.835658060999776,1131.777614181289,2026-04-04T16:08:15.067718,2026-04-04T16:08:23.937777,9,25.0,25.444444444444443,23.11111111111111,24.11111111111111,25.666666666666668,0.33,81733.69777777776,0.30444444444444446,20842.11888888889,18946.993333333332,21031.676666666666,20912.908888888884,0.31,0.2822222222222222,0.31444444444444447,0.3111111111111111,0.9008788806344968,0.09111111111111111,290.7388888888889,237.76666666666668,0.0029111111111111113,0.003566666666666667,0.6666666666666666,112.85483289930555,182.95900716145832,66.57407407407408,40.861111111111114,169.21842230902777,144.40615234375002,24.812271050347224,35.61913411458333,35.52141818576389,36.92704861111111,36.338551432291666,3.787780337863498,1.0787489149305556,0.9034305148654513,0.8952937655978732,0.9103071424696181,19.17621527777778,7.384982638888889,3.484375,3.154079861111111,5.152777777777778,0.0
ann,glove-100-angular,annoy,interleaved-memory,6,0.976941,8.8067232530002,1135.496110496408,2026-04-04T16:08:24.220903,2026-04-04T16:08:33.060265,9,25.0,25.0,23.77777777777778,24.88888888888889,25.11111111111111,0.3322222222222222,81613.57111111112,0.3055555555555556,20812.346666666665,19196.256666666668,20925.152222222223,20679.814444444448,0.31,0.28555555555555556,0.31333333333333335,0.3088888888888889,0.9173771575377363,0.10222222222222221,289.15444444444444,234.77777777777777,0.0028666666666666667,0.0035444444444444442,0.6666666666666666,111.64479492187499,181.011279296875,65.9074074074074,40.4537037037037,174.32278076171875,148.72034301757813,25.602436523437497,36.70553100585937,36.591690673828126,38.00760375976563,37.4155224609375,3.788988325330946,1.0790672302246094,0.9036988152398003,0.8956353929307725,0.9105902777777778,19.18185763888889,7.391927083333333,3.4765625,3.1610243055555554,5.15234375,0.0
ann,glove-100-angular,annoy,interleaved-memory,7,0.976941,8.87098736200005,1127.2702340706978,2026-04-04T16:08:33.341241,2026-04-04T16:08:42.244561,9,25.0,24.555555555555557,24.11111111111111,25.0,25.11111111111111,0.3244444444444444,80458.47444444445,0.29888888888888887,20632.124444444446,19499.325555555555,20475.637777777778,19851.383333333335,0.3066666666666667,0.2911111111111111,0.3055555555555555,0.29444444444444445,0.945095383078987,0.08111111111111112,286.2311111111111,238.95444444444445,0.002966666666666667,0.0035666666666666663,0.6688888888888889,112.62322374131944,181.80524739583333,66.23148148148148,40.851851851851855,172.3947829861111,147.49536675347224,24.89941840277778,36.42642144097222,36.29373046875,37.68546983506944,37.089741753472225,3.7976404825846357,1.0812513563368056,0.9058803982204862,0.8977165222167969,0.9127922058105469,19.17534722222222,7.38671875,3.4774305555555554,3.162326388888889,5.148871527777778,0.0
ann,glove-100-angular,annoy,interleaved-memory,8,0.976941,8.861709024999982,1128.45050224384,2026-04-04T16:08:42.528445,2026-04-04T16:08:51.423428,9,25.0,24.555555555555557,24.0,25.22222222222222,25.0,0.32999999999999996,80267.8988888889,0.29777777777777775,19921.510000000002,19744.98111111111,20415.413333333334,20185.99444444444,0.2977777777777778,0.2944444444444445,0.30333333333333334,0.3,0.9671604874574068,0.08222222222222222,285.34000000000003,236.51444444444445,0.0029444444444444444,0.0035555555555555557,0.6677777777777778,111.86741753472224,180.74016927083335,65.78703703703704,40.59259259259259,169.72870985243057,145.13367621527777,24.59503146701389,35.800810546875,35.72025499131944,37.10289171006944,36.50971462673611,3.7974713643391924,1.081131829155816,0.905904557969835,0.8976224263509114,0.9128125508626301,19.180555555555557,7.384548611111111,3.48046875,3.1610243055555554,5.154513888888889,0.0
ann,glove-100-angular,annoy,interleaved-memory,9,0.976941,8.90212859300027,1123.3268420614577,2026-04-04T16:08:51.704744,2026-04-04T16:09:00.636711,9,25.0,25.11111111111111,24.11111111111111,25.0,24.444444444444443,0.3288888888888889,80079.70888888888,0.30000000000000004,20322.026666666665,19390.757777777777,20341.713333333333,20025.213333333333,0.3022222222222222,0.28777777777777774,0.30333333333333334,0.29888888888888887,0.9532509607242742,0.07888888888888888,285.34444444444443,237.41777777777781,0.0029555555555555555,0.0035666666666666663,0.6677777777777778,111.91800347222221,180.84699761284722,65.87962962962962,40.601851851851855,168.34875108506947,144.0173828125,24.331368272569446,35.544857855902784,35.44958984375,36.800112847222216,36.222821180555556,3.8059946695963545,1.083260006374783,0.9080920749240451,0.8996548122829862,0.91498777601454,19.17751736111111,7.387152777777778,3.4769965277777777,3.15625,5.157118055555555,0.0
ann,glove-100-angular,annoy,interleaved-memory,10,0.976941,8.837520101999871,1131.5391517737048,2026-04-04T16:09:00.922887,2026-04-04T16:09:09.794777,8,25.0,24.875,24.25,24.875,24.5,0.32625000000000004,85133.39125000002,0.31875,21034.655,20862.51125,21626.69375,21609.527499999997,0.31625000000000003,0.3125,0.3225,0.3225,0.9646648485046403,0.09000000000000001,300.9575,245.46249999999998,0.002875,0.0035375,0.66875,116.58750854492187,188.4059362792969,68.58333333333333,42.229166666666664,166.41053276909722,142.49456380208335,23.915970052083335,35.16666449652777,35.05558919270833,36.42447699652777,35.84783203125001,3.804400126139323,1.0828251308865018,0.9076809353298612,0.8992991977267795,0.9145948621961806,19.182725694444443,7.387586805555555,3.48046875,3.1527777777777777,5.161892361111111,0.0
ann,glove-100-angular,annoy,interleaved-memory,11,0.976941,8.855160410999815,1129.2850197923092,2026-04-04T16:09:10.079092,2026-04-04T16:09:18.965556,9,25.0,24.555555555555557,23.88888888888889,25.0,25.0,0.3277777777777777,81727.32777777777,0.30444444444444446,20101.431111111113,19988.71888888889,20895.506666666668,20741.673333333332,0.2988888888888889,0.29888888888888887,0.31,0.3077777777777778,0.9566036951272245,0.08111111111111112,291.51444444444445,242.24666666666664,0.002955555555555556,0.003577777777777778,0.6688888888888889,114.16030924479166,184.281279296875,67.05555555555556,41.407407407407405,166.97172417534725,143.16304253472222,23.80868598090278,35.30158094618056,35.25824869791667,36.57697265625,36.02623914930555,3.8131494522094727,1.0850510597229004,0.9098310470581055,0.9015288352966309,0.9167385101318359,19.18017578125,7.39111328125,3.4765625,3.15234375,5.16015625,0.0
ann,glove-100-angular,annoy,interleaved-memory,12,0.976941,8.809783312000036,1135.101698401451,2026-04-04T16:09:19.252339,2026-04-04T16:09:28.097337,9,25.0,24.666666666666668,24.444444444444443,24.77777777777778,25.0,0.33,81552.7311111111,0.30444444444444446,20242.976666666666,19750.804444444442,20943.967777777776,20614.981111111112,0.3033333333333334,0.29333333333333333,0.31222222222222223,0.3066666666666667,0.943030692847068,0.09222222222222223,289.6877777777778,235.70111111111112,0.0028777777777777777,0.0035555555555555557,0.6677777777777778,111.81049262152777,180.75888563368053,65.81481481481481,40.56481481481482,173.0026220703125,147.81992797851564,25.18269287109375,36.47048095703125,36.35338256835938,37.79381103515625,37.202255859375,3.8124525282118054,1.0849185519748263,0.9096616109212239,0.9013515048556857,0.916524675157335,19.18142361111111,7.39453125,3.4778645833333335,3.15234375,5.156684027777778,0.0
ann,glove-100-angular,annoy,interleaved-memory,13,0.976941,8.8490914970007,1130.059509881821,2026-04-04T16:09:28.381951,2026-04-04T16:09:37.261145,9,25.0,25.0,24.444444444444443,25.11111111111111,24.22222222222222,0.32888888888888895,80983.11555555556,0.30222222222222217,19926.11222222222,19493.848888888886,20739.36555555556,20823.79111111111,0.2955555555555555,0.2922222222222222,0.3088888888888889,0.3088888888888889,0.9361335207827456,0.09666666666666668,287.8555555555556,236.45555555555555,0.0028888888888888888,0.0035444444444444442,0.6688888888888889,111.85763563368056,180.6163064236111,65.82407407407408,40.50000000000001,169.74914605034724,145.51883463541668,24.2303125,35.8923046875,35.810380859374995,37.17490885416666,36.641244574652774,3.819912804497613,1.086803012424045,0.9114913940429688,0.9032270643446181,0.9183913336859809,19.184461805555557,7.390625,3.48046875,3.15234375,5.161024305555555,0.0
ann,glove-100-angular,annoy,interleaved-memory,14,0.976941,8.934149248000722,1119.3007551600722,2026-04-04T16:09:37.547410,2026-04-04T16:09:46.513903,9,25.0,25.333333333333332,23.555555555555557,24.666666666666668,24.77777777777778,0.32555555555555554,79412.99777777778,0.2955555555555555,20209.404444444444,19342.754444444447,20215.48333333333,19645.355555555554,0.30111111111111116,0.28777777777777774,0.3011111111111111,0.29333333333333333,0.9568286904399738,0.07444444444444447,283.2177777777778,238.42777777777778,0.0029777777777777775,0.0035666666666666663,0.67,111.99069661458333,180.53188151041667,65.69444444444443,40.60185185185185,170.14684678819447,146.0383376736111,24.10850802951389,36.022342664930555,35.97314127604167,37.329380425347225,36.713473307291665,3.816833072238498,1.0860349867078993,0.9107309977213542,0.9024391174316406,0.9176406860351562,19.18142361111111,7.390625,3.4765625,3.154079861111111,5.16015625,0.0
ann,glove-100-angular,annoy,interleaved-memory,15,0.976941,8.811997949000215,1134.8164239115115,2026-04-04T16:09:46.798391,2026-04-04T16:09:55.645112,9,25.0,24.88888888888889,23.666666666666668,24.88888888888889,25.0,0.33222222222222225,80592.6188888889,0.30000000000000004,19968.18333333333,19519.298888888894,20586.59888888889,20518.53777777778,0.29666666666666663,0.2911111111111111,0.30666666666666664,0.30444444444444446,0.9481555935606224,0.08666666666666667,286.1233333333333,234.08555555555554,0.002911111111111111,0.0035555555555555557,0.6688888888888889,110.68833984375,179.04313151041666,65.12962962962963,40.12962962962963,166.08555555555554,142.2804437934028,23.805110677083334,35.106287977430554,35.02679036458333,36.35259223090278,35.79477756076389,3.824063195122613,1.0877978006998696,0.9125667148166232,0.9043121337890625,0.9193865458170574,19.18402777777778,7.390625,3.4765625,3.1605902777777777,5.15625,0.0
ann,glove-100-angular,annoy,interleaved-memory,16,0.976941,8.881318775999716,1125.9589090556383,2026-04-04T16:09:55.931016,2026-04-04T16:10:04.846290,9,25.0,24.77777777777778,23.444444444444443,25.22222222222222,24.88888888888889,0.32999999999999996,80642.71333333332,0.29888888888888887,19997.14333333333,19352.875555555554,20690.464444444442,20602.227777777778,0.3,0.2888888888888889,0.30888888888888894,0.30777777777777776,0.9353523990493098,0.0811111111111111,287.2044444444444,236.59555555555556,0.0029333333333333334,0.003577777777777778,0.6688888888888889,111.87079644097223,180.6160894097222,65.71296296296298,40.50925925925926,167.6591634114583,143.65864366319443,24.000523003472225,35.45697157118056,35.36277886284722,36.69710611979166,36.14178602430556,3.8211419847276478,1.087025112575955,0.9118304782443576,0.90362548828125,0.918660905626085,19.184461805555557,7.390625,3.4765625,3.16015625,5.157118055555555,0.0
ann,glove-100-angular,annoy,interleaved-memory,17,0.976941,8.895508214000074,1124.162865058304,2026-04-04T16:10:05.132470,2026-04-04T16:10:14.060989,9,25.0,25.333333333333332,23.77777777777778,24.666666666666668,24.77777777777778,0.32666666666666666,81707.58555555556,0.3055555555555556,20493.735555555555,19812.135555555556,20721.30555555556,20680.41,0.30666666666666664,0.2955555555555555,0.31,0.3077777777777778,0.9561239036043149,0.07666666666666667,291.05888888888893,242.87888888888887,0.002977777777777778,0.003577777777777778,0.6688888888888889,114.52381618923611,184.63578667534722,67.24074074074075,41.5,166.6399490017361,143.06214952256946,23.577800564236114,35.28029839409722,35.22228407118055,36.55507269965278,36.00449435763889,3.8288393020629883,1.0889348983764648,0.9137568473815918,0.9055557250976562,0.9205918312072754,19.1875,7.390625,3.4765625,3.16015625,5.16015625,0.0
ann,glove-100-angular,annoy,interleaved-memory,18,0.976941,8.97132304600018,1114.6627926254926,2026-04-04T16:10:14.349029,2026-04-04T16:10:23.355211,9,25.0,24.88888888888889,24.0,24.77777777777778,24.77777777777778,0.32111111111111107,80298.08888888889,0.29777777777777775,19782.431111111113,19722.42777777778,20484.00222222222,20309.23111111111,0.29555555555555557,0.2944444444444445,0.3055555555555556,0.3022222222222222,0.9628210133848627,0.07,286.0133333333333,241.92666666666668,0.002988888888888889,0.0035555555555555557,0.6688888888888889,113.41678276909722,182.42337782118057,66.39814814814814,41.092592592592595,173.508466796875,149.1446538628472,24.363812934027777,36.80355143229166,36.706562500000004,38.113857421875,37.520681423611116,3.8259446885850696,1.0882034301757812,0.9130270216200087,0.904831780327691,0.9198824564615886,19.184461805555557,7.390625,3.4765625,3.1610243055555554,5.15625,0.0
ann,glove-100-angular,annoy,interleaved-memory,19,0.976941,8.87352300099974,1126.9481128153209,2026-04-04T16:10:23.638675,2026-04-04T16:10:32.542910,9,25.0,24.444444444444443,24.0,25.11111111111111,25.11111111111111,0.3266666666666666,80027.58444444445,0.29777777777777775,19872.98222222222,19660.086666666662,20340.705555555556,20153.806666666667,0.29666666666666663,0.29333333333333333,0.30333333333333334,0.29888888888888887,0.9665390717627786,0.07555555555555557,285.49,237.86666666666667,0.0029666666666666665,0.003577777777777778,0.6688888888888889,112.19496419270834,180.75225694444444,65.83333333333333,40.67592592592593,168.93918619791668,144.97910264756945,23.96008355034722,35.77314995659722,35.69740885416667,37.03947482638889,36.46907009548611,3.8332383897569446,1.0899971856011286,0.9148627387152778,0.9066522386338975,0.9217262268066406,19.1875,7.390625,3.4765625,3.1640625,5.15625,0.0
ann,glove-100-angular,annoy,interleaved-memory,20,0.976941,8.852336306000325,1129.6452884671544,2026-04-04T16:10:32.829436,2026-04-04T16:10:41.719416,9,25.0,23.77777777777778,24.555555555555557,24.88888888888889,25.22222222222222,0.33222222222222225,80866.46222222221,0.30111111111111116,20375.702222222222,19553.406666666666,20425.03444444444,20512.32111111111,0.30333333333333334,0.2933333333333333,0.30444444444444446,0.3055555555555555,0.9532517827090267,0.09444444444444446,286.83444444444444,232.9477777777778,0.0028777777777777777,0.0035444444444444442,0.6688888888888889,110.68241970486112,178.93526475694443,65.17592592592592,40.120370370370374,165.95574327256944,142.22896158854167,23.726783854166666,35.13212348090278,35.007313368055556,36.32729383680556,35.76223307291666,3.8292516072591143,1.0890096028645835,0.9138802422417535,0.9056417677137587,0.9207199944390191,19.18402777777778,7.391059027777778,3.4765625,3.16015625,5.15625,0.0
ann,glove-100-angular,annoy,interleaved-memory,21,0.976941,8.826758910000535,1132.9186739959791,2026-04-04T16:10:42.005265,2026-04-04T16:10:50.864441,9,25.0,24.77777777777778,22.77777777777778,25.0,25.444444444444443,0.33111111111111113,80289.44777777776,0.29888888888888887,19697.395555555555,19338.52666666667,20431.92666666667,20821.598888888886,0.29444444444444445,0.28888888888888886,0.3044444444444444,0.3088888888888889,0.9287724141581829,0.08888888888888889,284.8522222222222,232.37555555555556,0.0029111111111111113,0.003577777777777778,0.6688888888888889,110.32097873263889,178.24237955729166,64.85185185185185,39.94444444444444,165.35254882812498,141.99594075520832,23.356605902777776,35.02218532986112,34.96984809027778,36.26929253472222,35.73462239583333,3.8361651102701826,1.0907775031195746,0.9155828687879775,0.9073850843641493,0.9224196539984809,19.1875,7.39453125,3.4765625,3.16015625,5.15625,0.0
ann,glove-100-angular,annoy,interleaved-memory,22,0.976941,8.872099834000437,1127.1288857320028,2026-04-04T16:10:51.151220,2026-04-04T16:11:00.055663,9,25.0,24.77777777777778,24.11111111111111,25.22222222222222,24.555555555555557,0.3255555555555556,81714.79222222223,0.3033333333333334,20314.555555555555,19981.71555555555,20649.23888888889,20769.28111111111,0.3022222222222222,0.29666666666666663,0.3077777777777778,0.3077777777777777,0.962080268867167,0.07777777777777778,291.7322222222222,243.76444444444445,0.002988888888888889,0.0035888888888888893,0.6688888888888889,114.77600477430555,184.91378580729167,67.33333333333333,41.601851851851855,167.069580078125,143.495224609375,23.57435221354167,35.413671875000006,35.31950520833333,36.64877712673612,36.113274739583325,3.8308147854275174,1.0894491407606337,0.9142227172851562,0.9060808817545574,0.9210620456271701,19.18402777777778,7.390625,3.4769965277777777,3.16015625,5.15625,0.0
ann,glove-100-angular,annoy,interleaved-memory,23,0.976941,8.898412774000462,1123.7959233828954,2026-04-04T16:11:00.341780,2026-04-04T16:11:09.274751,9,25.0,24.444444444444443,24.22222222222222,25.0,24.77777777777778,0.3244444444444445,81238.75666666665,0.30222222222222217,20227.54111111111,19739.882222222222,20635.085555555557,20636.245555555557,0.3011111111111111,0.2944444444444445,0.30777777777777776,0.3066666666666667,0.9565636427944122,0.07111111111111112,289.19555555555553,242.18888888888887,0.0029666666666666665,0.0035666666666666663,0.6688888888888889,114.0627907986111,183.3558865017361,66.69444444444444,41.324074074074076,172.24593315972223,148.11599609375,24.129935980902776,36.535732421875,36.459374999999994,37.85043294270833,37.27045789930556,3.8388195037841797,1.091402530670166,0.9162182807922363,0.9081001281738281,0.9230985641479492,19.1875,7.390625,3.48046875,3.16015625,5.15625,0.0
ann,glove-100-angular,annoy,interleaved-memory,24,0.976941,8.949779975999263,1117.345904236431,2026-04-04T16:11:09.563311,2026-04-04T16:11:18.545406,9,25.0,24.666666666666668,24.11111111111111,25.0,24.88888888888889,0.32333333333333336,79723.53333333334,0.2955555555555555,20067.305555555555,19344.699999999997,20332.241111111114,19979.284444444445,0.29888888888888887,0.2877777777777778,0.3044444444444444,0.2977777777777778,0.9514297953819046,0.07444444444444447,284.0422222222222,238.58777777777777,0.0029777777777777775,0.0035666666666666663,0.6688888888888889,112.223056640625,180.57588541666667,65.77777777777777,40.6574074074074,170.29924153645834,146.39658528645833,23.902655164930554,36.12471028645834,36.05686197916666,37.39398763020833,36.82102647569445,3.8351537916395397,1.0904905531141493,0.9152921040852864,0.9071977403428819,0.9221738179524739,19.18359375,7.390625,3.4765625,3.16015625,5.15625,0.0
ann,glove-100-angular,annoy,interleaved-memory,25,0.976941,8.887033066000185,1125.2349266323515,2026-04-04T16:11:18.831919,2026-04-04T16:11:27.753893,9,25.0,25.11111111111111,23.11111111111111,25.0,25.555555555555557,0.32999999999999996,79809.93444444444,0.29666666666666663,20191.664444444446,19309.81,20253.38222222222,20055.082222222223,0.30222222222222217,0.29,0.30000000000000004,0.2966666666666667,0.9534116222234269,0.09222222222222223,283.48,231.9922222222222,0.0028777777777777777,0.003566666666666667,0.6688888888888889,109.77536349826389,177.508837890625,64.65740740740742,39.75925925925926,164.7888943142361,141.45926974826386,23.329620225694445,34.90980143229167,34.84554470486111,36.12876085069445,35.57516384548612,3.8401565551757812,1.0917269388834634,0.9165013631184895,0.9084578620062934,0.9234708150227864,19.1875,7.390625,3.48046875,3.16015625,5.15625,0.0
ann,glove-100-angular,annoy,interleaved-memory,26,0.976941,8.921497841000019,1120.8880143470494,2026-04-04T16:11:28.043733,2026-04-04T16:11:36.996943,9,25.0,24.88888888888889,23.555555555555557,25.0,25.0,0.32333333333333336,79380.91333333333,0.2933333333333333,19858.145555555555,19373.261111111115,20270.690000000002,19878.815555555557,0.2955555555555555,0.28777777777777774,0.3022222222222222,0.2977777777777778,0.9557277582120348,0.06666666666666668,283.37888888888887,239.50666666666666,0.0030333333333333336,0.0036,0.6688888888888889,112.445478515625,180.90566297743055,65.87962962962963,40.78703703703703,168.44504557291668,144.86107747395832,23.58396701388889,35.736942274305555,35.69024739583333,37.004276258680555,36.42961154513889,3.836947970920139,1.090937296549479,0.915667215983073,0.907666524251302,0.9226769341362847,19.1875,7.390625,3.48046875,3.16015625,5.15625,0.0
ann,glove-100-angular,annoy,interleaved-memory,27,0.976941,8.981157770999744,1113.442192530022,2026-04-04T16:11:37.284886,2026-04-04T16:11:46.299305,9,25.0,24.444444444444443,24.22222222222222,24.77777777777778,25.0,0.32333333333333336,81390.1511111111,0.3033333333333334,19894.521111111113,20334.8,20801.643333333333,20359.18666666666,0.29666666666666663,0.30222222222222217,0.31,0.30222222222222217,0.9563918000281924,0.07666666666666666,290.0911111111111,243.12555555555556,0.002988888888888889,0.003577777777777778,0.6688888888888889,114.30555013020833,184.05710069444444,66.99074074074075,41.481481481481474,172.01516276041667,147.97155381944447,24.043608940972224,36.511676432291665,36.435495876736105,37.81998372395833,37.20440212673611,3.8412662082248263,1.0920117696126304,0.9167442321777344,0.9087350633409288,0.923775143093533,19.1875,7.390625,3.48046875,3.16015625,5.15625,0.0
ann,glove-100-angular,annoy,interleaved-memory,28,0.976941,9.013760372999968,1109.4148930289114,2026-04-04T16:11:46.589591,2026-04-04T16:11:55.640982,9,25.0,24.0,25.555555555555557,24.88888888888889,24.333333333333332,0.3288888888888889,79363.40333333334,0.29555555555555557,20051.83888888889,19282.595555555556,19917.32222222222,20111.646666666667,0.29888888888888887,0.2866666666666667,0.2966666666666667,0.29888888888888887,0.9587775618350937,0.09000000000000001,282.2266666666667,233.11111111111111,0.0029000000000000002,0.0035555555555555557,0.6688888888888889,110.16830946180555,177.67641601562502,64.69444444444444,39.9537037037037,167.9003493923611,144.10327907986112,23.79707465277778,35.5680859375,35.46835720486112,36.80854058159722,36.25829318576389,3.8399721781412763,1.0916930304633246,0.9164424472384982,0.9084065755208333,0.9234301249186199,19.1875,7.390625,3.48046875,3.16015625,5.15625,0.0
ann,glove-100-angular,annoy,interleaved-memory,29,0.976941,8.87189511700035,1127.1548939795257,2026-04-04T16:11:55.927690,2026-04-04T16:12:04.832624,9,25.0,24.555555555555557,23.0,25.88888888888889,24.88888888888889,0.32999999999999996,79488.88444444444,0.29555555555555557,19467.675555555557,19341.14777777778,20652.15111111111,20027.904444444444,0.29000000000000004,0.28777777777777774,0.30777777777777776,0.2977777777777778,0.9365197685083761,0.08555555555555555,283.0755555555555,234.2111111111111,0.0029444444444444444,0.003566666666666667,0.67,110.61366536458334,178.36451063368057,64.95370370370371,40.037037037037045,165.87273003472222,142.53389539930558,23.338832465277775,35.16071723090278,35.109623480902776,36.414571397569446,35.84897677951389,3.8419244554307728,1.0921656290690103,0.9169324239095051,0.9089007907443576,0.9239256117078993,19.1875,7.390625,3.48046875,3.16015625,5.15625,0.0
ann,glove-100-angular,annoy,interleaved-memory,30,0.976941,8.919469350999861,1121.1429297505251,2026-04-04T16:12:05.123183,2026-04-04T16:12:14.077403,8,25.0,24.625,24.125,25.0,24.75,0.32,83844.345,0.3125,21141.415,20335.26125,21298.63375,21069.033750000002,0.315,0.30375,0.3175,0.31375,0.9547683428285628,0.07625000000000001,298.31125,248.17000000000002,0.00295,0.0035624999999999997,0.66875,116.94927978515625,188.115234375,68.46875,42.385416666666664,167.34186414930554,143.90279622395832,23.43907009548611,35.51134440104167,35.41631076388889,36.759930555555556,36.21521267361111,3.8426407708062067,1.092349158393012,0.9171108669704862,0.909073723687066,0.9241070217556424,19.1875,7.390625,3.48046875,3.16015625,5.15625,0.0
ann,glove-100-angular,annoy,numa-balancing,1,0.976941,16.311246172999745,613.073942599993,2026-04-04T16:30:18.489271,2026-04-04T16:30:34.800536,16,29.25,28.875,29.4375,23.9375,21.1875,0.38750000000000007,45531.654375,0.169375,11438.331875,12280.961875,11279.158749999999,10533.199375,0.170625,0.184375,0.16812500000000002,0.15687500000000001,0.8576852108336994,0.38875,162.41250000000002,132.1575,0.0019749999999999998,0.004075,0.558125,60.53828552246094,102.03334411621094,36.958333333333336,21.822916666666668,93.38237182617186,78.78537658691405,14.59699462890625,19.063837890625,27.567658081054688,19.466193237304687,12.687686767578125,3.075618028640747,0.3695652484893799,2.2692086696624756,0.2710585594177246,0.1658635139465332,18.410888671875,5.7158203125,8.121337890625,1.37109375,3.20263671875,0.0
ann,glove-100-angular,annoy,numa-balancing,2,0.976941,9.793590370999482,1021.0759916620297,2026-04-04T16:30:35.082302,2026-04-04T16:30:44.901641,10,26.7,27.1,25.7,28.1,25.9,0.30700000000000005,72977.87100000001,0.27299999999999996,18548.313000000002,19019.780000000002,18633.977000000003,16775.803,0.275,0.28400000000000003,0.2760000000000001,0.25,0.8820187720362694,0.083,259.68199999999996,216.628,0.00295,0.00356,0.6540000000000001,99.2035810546875,165.5098251953125,60.224999999999994,35.88333333333333,151.747255859375,129.7010078125,22.046244140625,31.509496093750005,45.101350585937496,32.165578124999996,20.9245849609375,3.7521533966064453,0.47122840881347655,2.6441909790039064,0.38345489501953123,0.25327911376953127,19.265625,5.911328125,8.3765625,1.606640625,3.37109375,0.0
ann,glove-100-angular,annoy,numa-balancing,3,0.976941,9.785116706000736,1021.9602177935687,2026-04-04T16:30:45.179660,2026-04-04T16:30:54.994112,10,26.1,26.8,24.8,26.9,26.6,0.30899999999999994,73034.96399999999,0.273,18410.385000000002,19039.675,18406.011000000002,17178.893000000004,0.27599999999999997,0.28300000000000003,0.274,0.255,0.902268184724792,0.084,259.559,214.17199999999997,0.00292,0.0035499999999999998,0.6599999999999999,98.9445146484375,164.9531416015625,60.05000000000001,35.86666666666667,150.86351953125,128.94562402343752,21.9178994140625,31.281962890625003,44.977660156249996,31.8728876953125,20.813111328124997,3.7693389892578124,0.4757476806640625,2.6476139068603515,0.388507080078125,0.25747032165527345,19.2703125,5.91875,8.37265625,1.60390625,3.375,0.0
ann,glove-100-angular,annoy,numa-balancing,4,0.976941,10.00109939399954,999.8900726853892,2026-04-04T16:30:55.276459,2026-04-04T16:31:05.304312,10,26.1,27.3,25.2,26.5,25.5,0.299,73517.821,0.272,18734.365999999998,18996.265999999996,18690.185,17097.006,0.2800000000000001,0.28400000000000003,0.279,0.254,0.9000192985295112,0.073,262.42999999999995,220.66,0.00303,0.0035699999999999994,0.6599999999999999,101.34493945312501,168.7826865234375,61.458333333333336,36.68333333333333,154.05553125,132.15790234374998,21.897626953125002,32.1077626953125,45.9510478515625,32.71716308593751,21.381927734375,3.7739349365234376,0.4770992279052734,2.648555374145508,0.3896228790283203,0.25865745544433594,19.27109375,5.91953125,8.36796875,1.61171875,3.371875,0.0
ann,glove-100-angular,annoy,numa-balancing,5,0.976941,9.937573995000092,1006.2818153637212,2026-04-04T16:31:05.583043,2026-04-04T16:31:15.550706,10,25.8,26.1,26.1,25.9,24.5,0.3,72921.21,0.271,18480.442000000003,19238.232,18256.613999999998,16945.922,0.276,0.28700000000000003,0.27199999999999996,0.253,0.8808461193315477,0.08199999999999999,259.816,218.289,0.00296,0.0035699999999999994,0.6619999999999999,100.80089355468749,167.3612138671875,60.90833333333333,36.541666666666664,152.6198125,130.75673046875,21.863081054687502,31.7266650390625,45.5010439453125,32.361130859375,21.16789453125,3.7843677520751955,0.4798084259033203,2.651349639892578,0.3922321319580078,0.26097755432128905,19.274609375,5.918359375,8.373046875,1.608203125,3.375,0.0
ann,glove-100-angular,annoy,numa-balancing,6,0.976941,9.99843288699958,1000.1567358623226,2026-04-04T16:31:15.833661,2026-04-04T16:31:25.860253,10,25.8,26.1,25.7,26.6,24.6,0.29800000000000004,71919.58300000001,0.26800000000000007,18191.139,18960.462,18159.627999999997,16608.351000000002,0.27199999999999996,0.281,0.27199999999999996,0.24700000000000003,0.87594653547999,0.08800000000000001,256.03000000000003,215.329,0.0029699999999999996,0.00356,0.6609999999999999,99.4859541015625,165.32790917968748,60.18333333333334,35.99166666666666,150.261693359375,128.83416308593752,21.427533203125,31.267745117187502,44.859267578125,31.872479492187495,20.8346689453125,3.7879234313964845,0.480718994140625,2.652298355102539,0.3930866241455078,0.2618194580078125,19.278125,5.9140625,8.37578125,1.61484375,3.3734375,0.0
ann,glove-100-angular,annoy,numa-balancing,7,0.976941,10.005841144000442,999.4162265904108,2026-04-04T16:31:26.139049,2026-04-04T16:31:36.174992,10,25.7,26.1,25.0,26.5,24.5,0.3,71930.741,0.267,17911.354,18997.29,18189.555,16832.544,0.267,0.28400000000000003,0.2720000000000001,0.251,0.8860497470955069,0.08,256.36,214.493,0.0029699999999999996,0.0035699999999999994,0.663,99.26325683593751,164.93088378906253,60.025000000000006,35.94166666666666,149.8944306640625,128.6576767578125,21.236752929687498,31.18488671875,44.830916992187504,31.829195312499998,20.812682617187498,3.7960296630859376,0.48271026611328127,2.654545211791992,0.39502639770507814,0.2637477874755859,19.271875,5.91484375,8.371875,1.609375,3.37578125,0.0
ann,glove-100-angular,annoy,numa-balancing,8,0.976941,10.100068729000668,990.092272470054,2026-04-04T16:31:36.458754,2026-04-04T16:31:46.586228,10,25.7,26.1,25.4,25.7,24.3,0.294,73154.28400000001,0.272,18601.021,19033.624,18489.951999999997,17029.686,0.277,0.28400000000000003,0.274,0.25500000000000006,0.8947158985593076,0.077,260.387,219.711,0.0030099999999999997,0.0035699999999999994,0.664,101.88142675781252,169.0782900390625,61.62499999999999,36.9,153.3792138671875,131.784794921875,21.594416992187497,31.931123046874994,45.90251171875,32.600398437500004,21.350759765625,3.7955463409423826,0.4827381134033203,2.6542320251464844,0.3950206756591797,0.26355552673339844,19.276171875,5.91796875,8.365625,1.609765625,3.3828125,0.0
ann,glove-100-angular,annoy,numa-balancing,9,0.976941,10.0565494450002,994.376854078084,2026-04-04T16:31:46.866717,2026-04-04T16:31:56.954656,10,25.8,25.9,26.1,25.2,23.5,0.29500000000000004,71316.03600000001,0.266,17937.954999999998,19002.146,17810.283000000003,16565.647999999997,0.267,0.28400000000000003,0.265,0.24700000000000003,0.8717777455241107,0.076,253.57399999999998,215.03999999999996,0.0029899999999999996,0.00356,0.663,99.5405986328125,164.97481445312502,60.0,36.016666666666666,149.85029296874998,128.7335966796875,21.116697265625,31.219862304687496,44.769783203124994,31.8716484375,20.872302734375,3.804473876953125,0.48513221740722656,2.656333160400391,0.39731788635253906,0.26569061279296874,19.2765625,5.915625,8.37265625,1.6015625,3.38671875,0.0
ann,glove-100-angular,annoy,numa-balancing,10,0.976941,10.039256609000404,996.0896896523982,2026-04-04T16:31:57.236309,2026-04-04T16:32:07.304629,11,24.545454545454547,27.0,22.727272727272727,26.09090909090909,23.818181818181817,0.30272727272727273,69419.01909090909,0.25818181818181823,17793.291818181817,17299.64363636364,18073.31909090909,16252.764545454544,0.26636363636363636,0.2581818181818182,0.2681818181818183,0.2409090909090909,0.899268389148826,0.07181818181818184,247.83454545454543,209.42545454545453,0.0030181818181818174,0.0035636363636363634,0.6718181818181819,97.77578480113635,162.79733309659088,59.24242424242424,35.39393939393939,146.67041637073865,126.09882634943182,20.571590021306818,30.566193181818186,43.89264293323864,31.18172407670454,20.458267045454544,3.803396224975586,0.4849864959716797,2.6556686401367187,0.39724006652832033,0.2655010223388672,19.279296875,5.923046875,8.36796875,1.6015625,3.38671875,0.0
ann,glove-100-angular,annoy,numa-balancing,11,0.976941,10.174549223000213,982.8445251799822,2026-04-04T16:32:07.584642,2026-04-04T16:32:17.789506,10,24.8,25.8,25.6,24.8,23.5,0.29100000000000004,72201.144,0.269,18355.427,18988.661,17935.884,16921.17,0.273,0.284,0.267,0.253,0.8911197055969349,0.071,256.724,217.921,0.0030099999999999997,0.00356,0.6679999999999999,101.422244140625,167.9256123046875,61.166666666666664,36.73333333333333,151.92237890625,130.54190039062502,21.3804814453125,31.630446289062498,45.44622265625,32.321223632812504,21.14401171875,3.810070384632457,0.4866336475719105,2.657513358376243,0.3989465886896307,0.26697678999467334,19.27627840909091,5.919389204545454,8.364346590909092,1.6015625,3.3909801136363638,0.0
ann,glove-100-angular,annoy,numa-balancing,12,0.976941,10.023368174000096,997.668630584606,2026-04-04T16:32:18.071517,2026-04-04T16:32:28.124042,10,24.8,25.6,25.5,25.7,23.2,0.29700000000000004,71379.733,0.265,17714.036,19003.263,18204.432,16458.002,0.264,0.284,0.2720000000000001,0.246,0.8660618968437158,0.083,254.32999999999998,212.18400000000003,0.0029399999999999995,0.00356,0.6679999999999999,98.862888671875,163.98252050781252,59.666666666666664,35.78333333333334,148.311328125,127.3685078125,20.942823242187497,30.842087890625,44.48435937500001,31.499336914062503,20.54272265625,3.809892272949219,0.4878501892089844,2.6570064544677736,0.3989574432373047,0.26607818603515626,19.2828125,5.91953125,8.3671875,1.6015625,3.39453125,0.0
ann,glove-100-angular,annoy,numa-balancing,13,0.976941,10.143944644999465,985.809795889371,2026-04-04T16:32:28.405038,2026-04-04T16:32:38.579623,10,24.7,26.3,25.2,24.6,23.3,0.29300000000000004,73146.084,0.2740000000000001,18602.131,19020.858,18418.563,17104.533,0.27599999999999997,0.285,0.275,0.256,0.8992513902369703,0.06900000000000002,260.724,220.95,0.0030399999999999997,0.0035700000000000003,0.67,102.82084765625,170.42496777343752,61.98333333333334,37.208333333333336,153.7684375,132.1970498046875,21.571388671875,32.0611123046875,46.110940429687496,32.678263671875,21.346729492187503,3.815445327758789,0.4893230438232422,2.6599040985107423,0.4004081726074219,0.2658100128173828,19.27890625,5.919140625,8.36328125,1.601953125,3.39453125,0.0
ann,glove-100-angular,annoy,numa-balancing,14,0.976941,10.128491642999506,987.3138422256274,2026-04-04T16:32:38.862525,2026-04-04T16:32:49.020321,10,24.8,25.7,25.3,25.0,23.2,0.29400000000000004,70944.097,0.266,17795.927000000003,18977.337,17748.263,16422.567,0.264,0.28300000000000003,0.264,0.246,0.8653778451634178,0.079,252.55900000000003,213.52599999999998,0.0029699999999999996,0.00355,0.6699999999999999,99.4420888671875,164.77946484375002,59.975,35.96666666666666,148.954783203125,127.96156347656249,20.9932216796875,30.9902451171875,44.70526171875,31.560936523437498,20.705122070312502,3.814882278442383,0.4889369964599609,2.6610137939453127,0.39894828796386717,0.26598320007324217,19.282421875,5.91796875,8.36328125,1.606640625,3.39453125,0.0
ann,glove-100-angular,annoy,numa-balancing,15,0.976941,10.11676024100052,988.4587320229926,2026-04-04T16:32:49.302868,2026-04-04T16:32:59.451889,11,24.363636363636363,25.90909090909091,22.363636363636363,26.181818181818183,24.363636363636363,0.3036363636363637,69694.29,0.2609090909090909,17987.175454545457,17316.328181818182,18032.200000000004,16358.588181818184,0.2681818181818182,0.2581818181818182,0.2690909090909091,0.2427272727272727,0.90718759673352,0.07727272727272728,248.17000000000004,208.44454545454545,0.0030090909090909087,0.0035818181818181817,0.6736363636363637,97.83905983664772,162.9485466974432,59.27272727272727,35.38636363636363,146.1350692471591,125.74639204545457,20.38868075284091,30.50344904119318,43.894305752840914,30.990139382102267,20.358496093750002,3.820001983642578,0.49077720642089845,2.6615627288818358,0.39959182739257815,0.26807098388671874,19.279296875,5.91484375,8.36328125,1.606640625,3.39453125,0.0
ann,glove-100-angular,annoy,numa-balancing,16,0.976941,10.18205102400043,982.1203975926549,2026-04-04T16:32:59.735758,2026-04-04T16:33:09.947411,10,24.8,25.5,25.6,24.3,23.3,0.294,71705.86399999999,0.26799999999999996,18150.098,19059.229,17784.671,16711.863999999998,0.27,0.28500000000000003,0.265,0.24900000000000003,0.8768384072619096,0.082,254.923,214.075,0.0029699999999999996,0.00355,0.6709999999999999,100.07287109375,165.78396582031252,60.324999999999996,36.19166666666666,149.4741865234375,128.424203125,21.049983398437497,31.057937499999998,44.9217265625,31.644185546875,20.800355468750006,3.819006486372514,0.49012929742986505,2.660898382013494,0.39880891279740766,0.2691698941317472,19.281960227272727,5.91796875,8.363991477272727,1.60546875,3.39453125,0.0
ann,glove-100-angular,annoy,numa-balancing,17,0.976941,10.12754679199952,987.405953818917,2026-04-04T16:33:10.230702,2026-04-04T16:33:20.390760,11,24.636363636363637,25.636363636363637,23.272727272727273,26.818181818181817,23.272727272727273,0.3063636363636364,68718.99272727272,0.25818181818181823,17470.851818181818,17562.42454545455,17771.093636363636,15914.622727272725,0.26,0.26181818181818184,0.26545454545454544,0.2381818181818182,0.8955342340162928,0.07454545454545455,245.51636363636362,207.38636363636363,0.0030272727272727274,0.003572727272727272,0.6736363636363637,96.74610440340908,160.9620143821023,58.560606060606055,35.01515151515152,144.7908868963068,124.63958096590909,20.151305930397726,30.226949573863635,43.42225497159091,30.697329545454544,20.29305042613636,3.8237640380859377,0.49103469848632814,2.662007141113281,0.3989593505859375,0.2717628479003906,19.278515625,5.9140625,8.3671875,1.60234375,3.394921875,0.0
ann,glove-100-angular,annoy,numa-balancing,18,0.976941,10.12302626499968,987.8468886893,2026-04-04T16:33:20.674483,2026-04-04T16:33:30.826701,10,24.8,25.4,25.7,24.7,23.2,0.29200000000000004,72087.878,0.2700000000000001,18105.201,18987.927000000003,18113.458,16881.288999999997,0.271,0.281,0.271,0.251,0.8890538182498803,0.079,255.58099999999996,215.42399999999998,0.0029699999999999996,0.00355,0.671,100.46869921875,166.572095703125,60.650000000000006,36.38333333333333,150.196146484375,129.22181054687502,20.9743369140625,31.236370117187498,45.212606445312495,31.7959716796875,20.9768623046875,3.8213409423828124,0.489404296875,2.661426544189453,0.39934730529785156,0.2711627960205078,19.281640625,5.9140625,8.36328125,1.60546875,3.398828125,0.0
ann,glove-100-angular,annoy,numa-balancing,19,0.976941,10.166925006999918,983.5815640535372,2026-04-04T16:33:31.117817,2026-04-04T16:33:41.315925,10,24.8,25.5,25.7,25.0,22.0,0.295,70698.94100000002,0.265,17734.767,18961.994,17659.470999999998,16342.707999999999,0.263,0.28200000000000003,0.26400000000000007,0.24300000000000002,0.8618665315472623,0.074,251.91199999999998,214.065,0.0030099999999999997,0.0035699999999999994,0.671,99.73218847656251,165.16685742187502,60.166666666666664,36.083333333333336,149.1929853515625,128.36748046875,20.825505859375,31.096779296875003,44.75678808593751,31.5974609375,20.9164482421875,3.8270164489746095,0.49059486389160156,2.662918472290039,0.40127410888671877,0.2722309112548828,19.278515625,5.9140625,8.36328125,1.601953125,3.39921875,0.0
ann,glove-100-angular,annoy,numa-balancing,20,0.976941,10.143582557000627,985.8449856159024,2026-04-04T16:33:41.598120,2026-04-04T16:33:51.770908,10,24.6,25.0,25.6,24.1,22.9,0.292,72388.944,0.27,18116.547,19039.385000000002,18320.642,16912.369,0.268,0.28500000000000003,0.273,0.25200000000000006,0.8882833662957074,0.073,257.429,218.36000000000004,0.0030099999999999997,0.0035700000000000003,0.6719999999999999,102.0904599609375,169.09291015624999,61.46666666666666,36.974999999999994,151.792533203125,130.5744619140625,21.2180732421875,31.6142451171875,45.630015625000006,32.0961328125,21.234068359374998,3.823701095581055,0.4899181365966797,2.662339782714844,0.3992465972900391,0.2721965789794922,19.278515625,5.9140625,8.36328125,1.605859375,3.3953125,0.0
ann,glove-100-angular,annoy,numa-balancing,21,0.976941,10.13428370299971,986.7495614949124,2026-04-04T16:33:52.052252,2026-04-04T16:34:02.219612,10,24.7,25.4,25.5,24.8,22.7,0.295,71111.771,0.267,17835.765,19011.355,17804.122,16460.531,0.267,0.284,0.266,0.246,0.8658262917082975,0.083,252.82599999999996,212.51,0.0029599999999999995,0.00354,0.672,99.46446093750001,165.03123828125,60.008333333333326,35.95,148.61096484375,127.72235253906251,20.888614257812502,30.915555664062502,44.728476562500006,31.3092587890625,20.7690615234375,3.8298439025878905,0.49268951416015627,2.6647918701171873,0.4000896453857422,0.2722728729248047,19.278515625,5.9140625,8.3640625,1.60546875,3.394921875,0.0
ann,glove-100-angular,annoy,numa-balancing,22,0.976941,10.131074748999708,987.062108192159,2026-04-04T16:34:02.501255,2026-04-04T16:34:12.660420,10,24.7,24.6,25.6,25.5,22.9,0.295,73293.664,0.275,18580.538999999997,19046.074,18648.163,17018.89,0.277,0.28500000000000003,0.278,0.253,0.893564206460607,0.077,260.895,219.151,0.0030099999999999997,0.0035699999999999994,0.6719999999999999,102.27715625,169.5728701171875,61.76666666666666,37.074999999999996,152.46809960937497,131.309376953125,21.15871875,31.837240234374995,46.00503515625,32.173349609374995,21.293748046875002,3.8263313293457033,0.4921215057373047,2.664529037475586,0.399658203125,0.2700225830078125,19.27890625,5.914453125,8.3671875,1.602734375,3.39453125,0.0
ann,glove-100-angular,annoy,numa-balancing,23,0.976941,10.21030845199948,979.4023409784162,2026-04-04T16:34:12.951555,2026-04-04T16:34:23.195075,10,24.8,24.6,26.2,25.3,23.0,0.29100000000000004,70674.361,0.263,17574.517,18997.314,17602.689000000002,16499.837,0.264,0.28300000000000003,0.262,0.24400000000000005,0.8685352571421413,0.078,251.30299999999997,213.19400000000002,0.00298,0.00356,0.6699999999999999,98.9684814453125,163.94333593750002,59.64166666666667,35.791666666666664,148.0130693359375,127.48946484374999,20.523603515625,30.93637109375,44.602115234375,31.215467773437503,20.735508789062504,3.832179676402699,0.49350738525390625,2.6674163124778056,0.39932389692826703,0.2719320817427202,19.281605113636363,5.91796875,8.36328125,1.6058238636363635,3.39453125,0.0
ann,glove-100-angular,annoy,numa-balancing,24,0.976941,10.189386559000011,981.4133502636886,2026-04-04T16:34:23.478816,2026-04-04T16:34:33.697801,10,24.7,25.2,25.1,25.2,23.2,0.291,73028.362,0.274,18552.218,18872.325999999997,18492.660999999996,17111.157,0.276,0.28099999999999997,0.275,0.25500000000000006,0.9066798125466888,0.07100000000000002,259.47900000000004,219.88700000000003,0.0030099999999999997,0.00356,0.671,102.63306249999998,170.2527783203125,61.94166666666667,37.1,152.57688281250003,131.395025390625,21.181861328125,31.876018554687498,46.0708271484375,32.1348251953125,21.313350585937503,3.8282726287841795,0.49314231872558595,2.668944549560547,0.3967247009277344,0.2694610595703125,19.28203125,5.91796875,8.36328125,1.60625,3.39453125,0.0
ann,glove-100-angular,annoy,numa-balancing,25,0.976941,10.235707473999357,976.9720388553408,2026-04-04T16:34:33.981895,2026-04-04T16:34:44.248260,10,24.8,24.5,26.3,24.9,22.8,0.29200000000000004,70839.41699999999,0.26399999999999996,17775.527000000002,18959.884,17898.603999999996,16205.404999999999,0.265,0.28200000000000003,0.266,0.24100000000000002,0.8547206828902539,0.081,251.946,213.202,0.0029699999999999996,0.00354,0.6699999999999999,99.352337890625,164.67708398437497,59.93333333333333,35.93333333333333,148.56769433593752,127.87759960937498,20.690093750000003,31.009980468749994,44.814217773437505,31.264578124999996,20.7888251953125,3.8340648304332383,0.4935247247869318,2.670319990678267,0.3984472101384943,0.2717729048295454,19.28515625,5.91796875,8.36328125,1.609375,3.39453125,0.0
ann,glove-100-angular,annoy,numa-balancing,26,0.976941,10.1773281830001,982.576155567401,2026-04-04T16:34:44.532454,2026-04-04T16:34:54.740208,10,24.8,24.7,26.0,24.6,23.7,0.29300000000000004,72927.091,0.2720000000000001,18448.788,19253.468,18308.221999999998,16916.613999999998,0.275,0.285,0.272,0.25100000000000006,0.8786268530947254,0.06900000000000002,259.46199999999993,220.836,0.00303,0.0035700000000000003,0.671,102.707888671875,170.154650390625,61.975,37.21666666666667,152.75484375,131.6801826171875,21.074659179687497,31.9211318359375,46.142940429687506,32.239303710937506,21.3768115234375,3.8300037384033203,0.49089622497558594,2.670231246948242,0.39838104248046874,0.2704952239990234,19.282421875,5.91796875,8.36328125,1.606640625,3.39453125,0.0
ann,glove-100-angular,annoy,numa-balancing,27,0.976941,10.226313981000205,977.8694472494508,2026-04-04T16:34:55.023631,2026-04-04T16:35:05.283788,10,24.9,24.8,26.4,24.6,23.4,0.29300000000000004,70592.33699999998,0.262,17434.15,19184.372,17455.434,16518.378,0.259,0.28500000000000003,0.26199999999999996,0.24699999999999997,0.8610330325120885,0.073,251.401,214.294,0.0030099999999999997,0.00356,0.6699999999999999,99.2530126953125,164.41977832031247,59.86666666666665,35.925,148.61441113281248,128.13570410156248,20.47870703125,31.055099609375002,44.894748046875,31.3254873046875,20.8603720703125,3.835985703901811,0.4919246326793324,2.6734275817871094,0.396652568470348,0.2739809209650213,19.28515625,5.91796875,8.36328125,1.609375,3.39453125,0.0
ann,glove-100-angular,annoy,numa-balancing,28,0.976941,9.571841068999674,1044.7310948765128,2026-04-04T16:35:05.569172,2026-04-04T16:35:15.176268,9,29.555555555555557,27.22222222222222,31.22222222222222,30.0,29.333333333333332,0.3011111111111111,78176.78555555554,0.2911111111111111,19214.07888888889,21555.26666666667,19306.37777777778,18101.06111111111,0.2866666666666667,0.32,0.28777777777777774,0.2711111111111111,0.8397512028511721,0.08000000000000002,276.8644444444445,232.36444444444447,0.002977777777777778,0.0035555555555555557,0.64,101.93786458333334,168.95910590277776,61.49999999999999,36.96296296296297,158.33110351562502,138.36034939236112,19.970751953125,34.04833116319445,46.971653645833335,34.19513671875,23.145227864583333,3.8324139912923174,0.5095939636230469,2.6046354505750866,0.4113532172309028,0.30683135986328125,19.28125,5.91796875,8.36328125,1.60546875,3.39453125,0.0
ann,glove-100-angular,annoy,numa-balancing,29,0.976941,9.726908218999595,1028.0759080739522,2026-04-04T16:35:15.463092,2026-04-04T16:35:25.222243,10,27.8,26.2,29.0,27.3,28.1,0.31500000000000006,73528.285,0.274,18114.703,19907.125,18293.900999999998,17212.555,0.27,0.296,0.27299999999999996,0.25600000000000006,0.8646429356323427,0.06200000000000001,262.773,226.152,0.0030799999999999994,0.0036,0.6520000000000001,101.15104296874999,166.799291015625,60.683333333333316,36.608333333333334,163.2067241753472,141.98303819444448,21.22368489583333,35.302761501736114,46.98185980902778,35.169404296875,24.529012586805557,3.8375655280219183,0.5186004638671875,2.583166758219401,0.4059884813096788,0.329809824625651,19.28515625,5.921875,8.36328125,1.60546875,3.39453125,0.0
ann,glove-100-angular,faiss,default,1,0.977149,29.034721597000043,344.4152190883494,2026-04-04T14:57:31.366882,2026-04-04T14:58:00.472496,29,29.689655172413794,29.413793103448278,80.65517241379311,60.310344827586206,75.75862068965517,0.11379310344827585,19250.27379310345,0.07206896551724139,6143.360689655172,4373.039310344828,4359.839999999999,4374.036206896551,0.09206896551724136,0.06724137931034484,0.06758620689655173,0.06689655172413794,0.709683220674565,0.09206896551724136,35.111724137931034,30.42310344827586,0.0015068965517241377,0.001751724137931034,0.6658620689655173,41.349735317887934,74.9297077047414,27.181034482758623,15.00574712643678,64.70188779633621,61.11007913523706,3.5918079876077593,60.72173626077587,0.10472555226293102,0.16893184267241376,0.1146851427801724,3.856691163161705,1.913312451592807,0.6330296746615706,0.6503149887611126,0.660034048146215,17.767780172413794,9.129175646551724,2.3623383620689653,2.119207974137931,4.157058189655173,0.0
ann,glove-100-angular,faiss,default,2,0.977149,28.644702754999912,349.10468736682935,2026-04-04T14:58:00.746969,2026-04-04T14:58:29.474854,28,31.142857142857142,30.928571428571427,79.46428571428571,59.17857142857143,73.75,0.11071428571428572,19899.545714285716,0.07392857142857143,6628.337142857144,4414.4425,4502.694285714286,4354.074285714285,0.0989285714285714,0.06821428571428573,0.0692857142857143,0.0667857142857143,0.6568878727610198,0.08714285714285715,36.1425,31.410000000000004,0.0015214285714285714,0.0017571428571428569,0.6585714285714286,41.962552315848214,75.91425397600446,27.53273809523809,15.214285714285714,64.60666318696123,61.34161604256465,3.2650454606681025,60.95649548760776,0.10370992726293105,0.1678872575431034,0.1135230334051724,3.886890411376953,1.913800075136382,0.6334671809755522,0.6791184524009968,0.6605037820750269,18.07489224137931,9.1171875,2.4361530172413794,2.2121497844827585,4.310075431034483,0.0
ann,glove-100-angular,faiss,default,3,0.977149,29.064599295999983,344.0611686456744,2026-04-04T14:58:29.752636,2026-04-04T14:58:58.920703,29,28.448275862068964,28.137931034482758,78.55172413793103,61.6551724137931,74.34482758620689,0.11172413793103449,19507.65310344828,0.07172413793103448,6076.560344827587,4469.564137931035,4459.940689655172,4501.585862068965,0.0903448275862069,0.06862068965517243,0.06793103448275864,0.06965517241379313,0.7339581007290591,0.08931034482758621,35.32827586206896,30.63586206896552,0.001496551724137931,0.0017344827586206896,0.6817241379310346,42.51558964170259,76.64671841325432,27.82758620689655,15.419540229885058,63.97078226023707,60.763408203125,3.207373046875,60.376943359375,0.10244780441810344,0.17246464170258624,0.11155105064655174,3.891126172295932,1.9128736298659752,0.6334366633974272,0.6844097005909887,0.6604061784415409,18.320716594827587,9.181034482758621,2.4597252155172415,2.3813308189655173,4.298626077586207,0.0
ann,glove-100-angular,faiss,default,4,0.977149,28.700470628999938,348.4263421762728,2026-04-04T14:58:59.196813,2026-04-04T14:59:27.996758,29,29.551724137931036,29.379310344827587,78.34482758620689,60.3448275862069,72.65517241379311,0.11689655172413795,19556.323103448274,0.07206896551724139,6384.125172413792,4316.4213793103445,4417.278275862069,4438.498620689655,0.09517241379310343,0.06586206896551726,0.06793103448275864,0.06827586206896553,0.6761179116540311,0.0903448275862069,34.722413793103456,30.090344827586208,0.0014586206896551723,0.001693103448275862,0.6717241379310345,41.93800478178879,75.67130488954743,27.44827586206897,15.201149425287356,64.20246464170259,60.95584691540949,3.2466163793103453,60.57462890625,0.10387526939655171,0.16487405711206893,0.11246666217672416,3.890892573765346,1.9408746446881975,0.6336695807320731,0.6559427806309291,0.6604055677141462,18.424246651785715,9.263532366071429,2.592494419642857,2.2466517857142856,4.321568080357143,0.0
ann,glove-100-angular,faiss,default,5,0.977149,29.16499485600002,342.87679628864163,2026-04-04T14:59:28.272851,2026-04-04T14:59:57.520886,29,28.275862068965516,28.103448275862068,79.96551724137932,60.172413793103445,75.03448275862068,0.11241379310344829,19315.113793103446,0.0713793103448276,5961.869310344828,4461.847586206896,4449.051379310345,4442.344137931035,0.08827586206896548,0.06862068965517243,0.06862068965517243,0.06862068965517243,0.7451260513582266,0.09172413793103448,34.268965517241384,29.648965517241376,0.0014620689655172414,0.0017,0.6837931034482759,42.07337890625,75.78784954202587,27.49712643678161,15.261494252873563,62.761705078125004,59.649226562500004,3.1124775390625,59.274892252604154,0.10149218750000001,0.16299739583333334,0.10984602864583334,3.892505119586813,1.9432340161553743,0.6338702234728583,0.6550165373703529,0.6603843425882274,18.43049568965517,9.374191810344827,2.4872036637931036,2.2669719827586206,4.302128232758621,0.0
ann,glove-100-angular,faiss,default,6,0.977149,29.018203707,344.61126887698157,2026-04-04T14:59:57.797081,2026-04-04T15:00:26.918818,29,27.551724137931036,27.275862068965516,78.65517241379311,60.48275862068966,74.62068965517241,0.11241379310344829,19515.287586206894,0.07310344827586207,5998.106896551725,4498.035172413794,4500.611034482758,4518.534137931035,0.09,0.06862068965517243,0.06931034482758622,0.06896551724137932,0.7499091379981384,0.09068965517241379,34.4048275862069,29.75586206896552,0.0014482758620689656,0.001675862068965517,0.690344827586207,42.87049973060345,77.16519059806033,28.0,15.534482758620689,63.99818157327587,60.776908001077594,3.2212739089439655,60.38974171605602,0.10824858566810346,0.16664870689655176,0.11226932920258621,3.8961766999343346,1.947724177919585,0.6340666146113955,0.6539880160627694,0.6603978913405846,18.436287715517242,9.310210129310345,2.5843211206896552,2.2314116379310347,4.310344827586207,0.0
ann,glove-100-angular,faiss,default,7,0.977149,29.41129670099997,340.0054102225287,2026-04-04T15:00:27.194402,2026-04-04T15:00:56.695874,29,28.413793103448278,28.24137931034483,77.37931034482759,60.06896551724138,74.86206896551724,0.11034482758620692,19390.644137931034,0.07241379310344828,6025.593448275863,4460.797586206897,4527.650689655172,4376.602413793103,0.08999999999999998,0.06896551724137932,0.06862068965517243,0.06689655172413794,0.7263354973019968,0.08896551724137933,34.7751724137931,30.12206896551724,0.0014758620689655172,0.0017206896551724136,0.6817241379310345,42.21156014278018,76.05836206896551,27.623563218390803,15.313218390804598,62.6752392578125,59.5159521484375,3.1592864583333338,59.13681412760416,0.1008681640625,0.16331412760416666,0.11495540364583332,3.8975091298421223,1.9222583770751953,0.633938725789388,0.6807332356770833,0.6605787913004557,18.542838541666665,9.2765625,2.512109375,2.329296875,4.424869791666667,0.0
ann,glove-100-angular,faiss,default,8,0.977149,28.760618663999935,347.6976666192907,2026-04-04T15:00:56.972567,2026-04-04T15:01:25.829227,28,30.75,30.535714285714285,79.14285714285714,57.607142857142854,73.57142857142857,0.11142857142857143,19858.560714285715,0.07285714285714286,6637.488928571429,4376.765,4438.129285714285,4406.1775,0.09892857142857144,0.06750000000000002,0.06821428571428573,0.06821428571428573,0.6594007232403778,0.08678571428571427,35.76428571428571,31.058928571428574,0.0014999999999999998,0.001739285714285714,0.6628571428571428,42.12752929687499,76.09700544084822,27.610119047619047,15.282738095238095,64.25339001885776,61.02995891702586,3.2234311018318973,60.64686691810344,0.10362708782327584,0.16386045258620693,0.1156068157327586,3.897221532361261,1.9212860896669586,0.6339060027023842,0.6554010325464709,0.6866284074454472,18.54040948275862,9.269935344827585,2.5103717672413794,2.287311422413793,4.472790948275862,0.0
ann,glove-100-angular,faiss,default,9,0.977149,29.169813273000045,342.82015816865476,2026-04-04T15:01:26.105184,2026-04-04T15:01:55.362252,29,28.620689655172413,28.413793103448278,81.17241379310344,58.51724137931034,73.24137931034483,0.1106896551724138,19465.628620689655,0.07275862068965519,6077.957931034483,4352.947241379311,4479.515517241379,4555.208275862068,0.09034482758620686,0.06758620689655173,0.06896551724137932,0.0710344827586207,0.7161858128620558,0.08793103448275863,34.823793103448274,30.157241379310342,0.0014827586206896553,0.0017172413793103446,0.6789655172413791,42.414032866379316,76.38436691810344,27.7183908045977,15.376436781609195,63.935461678340516,60.715500404094826,3.2199606007543107,60.328446255387924,0.10794955549568966,0.1656977370689655,0.11340550915948276,3.898505506844356,1.9209406622524918,0.6340916074555496,0.6554066888217268,0.6880665483145878,18.546470905172413,9.284752155172415,2.605738146551724,2.2860991379310347,4.369881465517241,0.0
ann,glove-100-angular,faiss,default,10,0.977149,28.900215405999916,346.01818220095066,2026-04-04T15:01:55.639444,2026-04-04T15:02:24.619404,29,29.689655172413794,29.551724137931036,78.06896551724138,59.6551724137931,75.06896551724138,0.11482758620689655,19435.075172413795,0.07275862068965519,6253.52724137931,4434.491379310345,4353.792413793103,4393.262068965517,0.09241379310344824,0.06827586206896553,0.06655172413793105,0.06724137931034484,0.6962138719064425,0.09068965517241379,35.15448275862069,30.483103448275866,0.0014862068965517238,0.0017241379310344823,0.67,41.42094962284483,74.87157125538793,27.16666666666666,15.03448275862069,65.47080531529018,62.13509416852678,3.335710797991072,61.74641357421875,0.10548130580357143,0.1694276646205357,0.11377162388392857,3.904432230982287,1.9250134435193291,0.6339258654364224,0.654412762872104,0.6910801591544316,18.560479525862068,9.383755387931034,2.5145474137931036,2.2768049568965516,4.385371767241379,0.0
ann,glove-100-angular,faiss,default,11,0.977149,29.072192244999997,343.9713082428401,2026-04-04T15:02:24.895710,2026-04-04T15:02:54.047978,29,28.344827586206897,28.17241379310345,80.82758620689656,58.93103448275862,74.17241379310344,0.11172413793103449,19510.761034482755,0.07206896551724137,6059.577931034482,4515.458620689656,4426.069655172414,4509.653103448276,0.09068965517241376,0.06931034482758622,0.06758620689655173,0.06965517241379313,0.7304254034763774,0.0886206896551724,35.52413793103448,30.812758620689657,0.0014931034482758621,0.0017448275862068966,0.6820689655172414,42.37122945851293,76.47549939385776,27.755747126436784,15.376436781609195,64.1384344692888,60.87561119342673,3.262823949353448,60.4925942887931,0.10436051993534484,0.16606175915948276,0.11259395204741378,3.9053115844726562,1.9250114704000538,0.6339528313998518,0.6544085535509833,0.6919387291217672,18.57341056034483,9.376481681034482,2.5358297413793105,2.281519396551724,4.3795797413793105,0.0
ann,glove-100-angular,faiss,imbalanced-memory,1,0.977149,29.98735591500008,333.47388240381224,2026-04-04T15:31:32.333947,2026-04-04T15:32:02.397198,30,30.433333333333334,30.3,94.33333333333333,64.23333333333333,84.4,0.12366666666666666,18604.767333333333,0.069,5999.554666666666,4167.025,4172.700666666667,4265.486666666668,0.08899999999999997,0.06333333333333334,0.06333333333333334,0.06433333333333335,0.6945557181355239,0.12299999999999998,33.159,28.68233333333333,0.0014566666666666667,0.001833333333333333,0.6583333333333332,40.202081380208334,72.56848632812499,26.344444444444445,14.580555555555556,62.50615299479167,59.20164550781249,3.304507486979167,58.89567903645833,0.07674251302083336,0.14340787760416665,0.08581705729166668,1.349646075018521,1.2382582302751213,0.04799652099609375,0.032215118408203125,0.031177520751953125,13.23626077586207,9.59563577586207,0.62890625,0.484375,2.52734375,0.0
ann,glove-100-angular,faiss,imbalanced-memory,2,0.977149,28.78492321800013,347.4040880451847,2026-04-04T15:32:02.670947,2026-04-04T15:32:31.540579,28,29.928571428571427,29.678571428571427,94.82142857142857,65.0,86.57142857142857,0.11250000000000002,19890.425,0.07392857142857144,6592.728928571429,4446.837857142857,4466.081071428572,4384.777142857142,0.09785714285714284,0.06821428571428573,0.06785714285714287,0.0667857142857143,0.6650928910264289,0.08892857142857143,35.55357142857142,30.843214285714282,0.0014785714285714285,0.0017142857142857144,0.6692857142857144,42.42980050223214,76.46222865513391,27.76785714285714,15.392857142857144,64.18091123383621,60.9769729929957,3.2039389143318964,60.67083108836207,0.07757509428879308,0.14164634967672415,0.08692248114224135,1.3965161187308175,1.2851273672921317,0.04799652099609375,0.032215118408203125,0.031177520751953125,13.821847098214286,10.181222098214286,0.62890625,0.484375,2.52734375,0.0
ann,glove-100-angular,faiss,imbalanced-memory,3,0.977149,29.04435218000026,344.3010172175894,2026-04-04T15:32:31.815575,2026-04-04T15:33:00.943366,29,28.79310344827586,28.655172413793103,94.82758620689656,66.24137931034483,85.55172413793103,0.11586206896551725,19505.727586206896,0.07206896551724137,6243.542758620688,4428.360344827586,4444.990344827585,4388.83448275862,0.09241379310344824,0.06793103448275864,0.06931034482758622,0.06793103448275864,0.7029397655199519,0.08827586206896552,34.217241379310344,29.723793103448276,0.0014551724137931035,0.001679310344827586,0.6775862068965518,42.22472117456896,76.01604660560345,27.620689655172413,15.316091954022989,64.02869443696119,60.77807112068966,3.250622306034482,60.470502761314656,0.07781889816810345,0.1430546201508621,0.08669484105603449,1.4095382690429688,1.2981491088867188,0.04799652099609375,0.032215118408203125,0.031177520751953125,13.857003348214286,10.216378348214286,0.62890625,0.484375,2.52734375,0.0
ann,glove-100-angular,faiss,imbalanced-memory,4,0.977149,29.079266594999808,343.8876275414561,2026-04-04T15:33:01.218775,2026-04-04T15:33:30.379123,29,28.413793103448278,28.20689655172414,95.10344827586206,66.34482758620689,86.34482758620689,0.1127586206896552,19327.500344827586,0.07241379310344828,6140.96172413793,4353.591379310345,4417.852413793104,4415.095172413793,0.09034482758620686,0.06655172413793105,0.06758620689655173,0.06827586206896553,0.7089429270008197,0.09068965517241379,34.486896551724136,29.901379310344826,0.0014620689655172414,0.0017,0.6813793103448276,42.079142982219835,75.7201299838362,27.502873563218397,15.270114942528735,63.02697428385416,59.82971777343751,3.197254557291667,59.527174153645845,0.07719075520833332,0.13952864583333335,0.08582454427083333,1.4085488154970367,1.2971521574875404,0.04799652099609375,0.032215118408203125,0.031177520751953125,13.855064655172415,10.214439655172415,0.62890625,0.484375,2.52734375,0.0
ann,glove-100-angular,faiss,imbalanced-memory,5,0.977149,29.222294639999745,342.20447515137664,2026-04-04T15:33:30.654398,2026-04-04T15:33:59.959475,30,27.466666666666665,27.266666666666666,94.13333333333334,65.16666666666667,85.8,0.12066666666666667,19152.129666666664,0.07133333333333333,6045.460333333334,4285.456666666667,4441.674,4379.5380000000005,0.08999999999999998,0.06566666666666668,0.069,0.067,0.7088718526590282,0.09266666666666666,33.647666666666666,29.197333333333336,0.0014466666666666668,0.001663333333333333,0.692,41.9871083984375,75.56755175781251,27.447222222222223,15.227777777777776,63.92429956896552,60.71677229256466,3.2075272764008624,60.41103044181035,0.07917093211206896,0.139013671875,0.08755488954741376,1.4129872815362339,1.3015906235267376,0.04799652099609375,0.032215118408203125,0.031177520751953125,13.852101293103448,10.213900862068966,0.62890625,0.484375,2.52734375,0.0
ann,glove-100-angular,faiss,imbalanced-memory,6,0.977149,28.80115309599978,347.2083206761923,2026-04-04T15:34:00.234389,2026-04-04T15:34:29.142898,29,29.586206896551722,29.275862068965516,94.55172413793103,67.48275862068965,85.89655172413794,0.11620689655172414,19501.957586206892,0.07275862068965519,6348.5855172413785,4385.935862068965,4324.189655172414,4443.245517241378,0.09448275862068964,0.06793103448275864,0.06689655172413794,0.06862068965517243,0.6811264719406952,0.08724137931034483,34.846896551724136,30.264482758620687,0.0014758620689655174,0.0017172413793103446,0.6720689655172412,42.018999191810344,75.63340550915949,27.49712643678161,15.24425287356322,64.04415510506466,60.797574757543096,3.2465813577586204,60.494221443965515,0.07710028286637932,0.13995117187500003,0.0863035425646552,1.4143735951390761,1.3010313099828261,0.04799652099609375,0.034168243408203125,0.031177520751953125,13.891971982758621,10.251346982758621,0.62890625,0.484375,2.52734375,0.0
ann,glove-100-angular,faiss,imbalanced-memory,7,0.977149,28.965929443999812,345.233182292083,2026-04-04T15:34:29.419621,2026-04-04T15:34:58.486384,29,29.0,28.82758620689655,94.3103448275862,65.89655172413794,85.93103448275862,0.11620689655172414,19413.298620689657,0.07206896551724139,6137.393448275862,4364.589655172414,4471.783103448275,4439.534137931035,0.09103448275862065,0.06793103448275864,0.06862068965517243,0.06793103448275864,0.7111471167615185,0.09,34.236896551724136,29.69068965517241,0.0014551724137931033,0.0016862068965517241,0.6762068965517242,42.1030108432112,75.74454674030173,27.520114942528735,15.267241379310343,64.63586408943965,61.36035560344827,3.2755071390086203,61.049775727370694,0.07822265625000001,0.14510035021551723,0.08725686961206898,1.4174269314469963,1.3040846462907463,0.04799652099609375,0.034168243408203125,0.031177520751953125,13.860317887931034,10.219692887931034,0.62890625,0.484375,2.52734375,0.0
ann,glove-100-angular,faiss,imbalanced-memory,8,0.977149,28.48116333100006,351.1092536418831,2026-04-04T15:34:58.762219,2026-04-04T15:35:27.338655,29,30.75862068965517,30.551724137931036,94.13793103448276,63.86206896551724,84.6896551724138,0.1217241379310345,19640.912413793103,0.07310344827586207,6667.019310344826,4234.697931034483,4462.378620689655,4276.820344827586,0.09896551724137928,0.06517241379310346,0.06862068965517243,0.06482758620689656,0.6351710912946883,0.09068965517241379,34.60034482758621,30.09448275862069,0.0014482758620689659,0.0016689655172413792,0.663103448275862,41.23162008351293,74.60466460129311,27.0948275862069,14.979885057471265,65.25202218191964,61.97410016741071,3.2779220145089285,61.66481340680804,0.07843122209821428,0.14357386997767857,0.08728306361607142,1.4169278638116245,1.3035524302515489,0.04799652099609375,0.034168243408203125,0.031177520751953125,13.862473060344827,10.221848060344827,0.62890625,0.484375,2.52734375,0.0
ann,glove-100-angular,faiss,imbalanced-memory,9,0.977149,28.70579283999996,348.3617420267015,2026-04-04T15:35:27.614138,2026-04-04T15:35:56.406560,29,29.689655172413794,29.379310344827587,93.82758620689656,65.06896551724138,85.62068965517241,0.11862068965517242,19533.122068965513,0.07172413793103448,6362.512413793103,4429.164482758621,4380.681034482759,4360.764137931034,0.09517241379310343,0.06724137931034484,0.06724137931034484,0.06758620689655173,0.6853839889533987,0.08896551724137931,34.690000000000005,30.16655172413793,0.0014724137931034485,0.001686206896551724,0.6731034482758621,41.74745723329741,75.33091224407328,27.36494252873563,15.152298850574715,65.14200439453126,61.860786830357156,3.2812175641741073,61.548022112165185,0.07948102678571427,0.14485944475446427,0.08842633928571428,1.419341768537249,1.305999483380999,0.04799652099609375,0.034168243408203125,0.031177520751953125,13.867466517857142,10.226841517857142,0.62890625,0.484375,2.52734375,0.0
ann,glove-100-angular,faiss,imbalanced-memory,10,0.977149,28.705534096000065,348.36488206618793,2026-04-04T15:35:56.682618,2026-04-04T15:36:25.504419,29,29.310344827586206,29.06896551724138,94.75862068965517,65.58620689655173,85.58620689655173,0.11827586206896551,19578.0975862069,0.07379310344827586,6353.141034482759,4531.345862068965,4322.907931034483,4370.701379310345,0.09448275862068964,0.06965517241379313,0.06655172413793105,0.06724137931034484,0.6804363239492341,0.08965517241379312,34.78862068965517,30.20827586206897,0.0014586206896551725,0.0016896551724137926,0.6741379310344826,42.086333849676734,75.79917362607758,27.540229885057474,15.261494252873563,65.4054181780134,62.08684953962054,3.318568289620536,61.77496268136161,0.07873953683035714,0.14450578962053573,0.08863978794642859,1.4182841437203544,1.3049418585641044,0.04799652099609375,0.034168243408203125,0.031177520751953125,13.877092633928571,10.236467633928571,0.62890625,0.484375,2.52734375,0.0
ann,glove-100-angular,faiss,imbalanced-memory,11,0.977149,28.80787739300013,347.12727576485196,2026-04-04T15:36:25.780438,2026-04-04T15:36:54.673875,29,29.82758620689655,29.655172413793103,93.75862068965517,64.51724137931035,85.72413793103448,0.11931034482758623,19502.810344827587,0.07206896551724139,6436.434827586207,4351.631724137931,4357.533793103448,4357.209655172414,0.09517241379310343,0.06655172413793105,0.06655172413793105,0.06689655172413794,0.6760934959656666,0.09275862068965518,34.87862068965517,30.30551724137931,0.0014689655172413795,0.0017034482758620688,0.6696551724137931,41.28820716594828,74.6646588766164,27.132183908045974,14.982758620689657,64.47922077047416,61.20571019665948,3.2735105738146553,60.89894396551724,0.07751380657327588,0.14421437230603448,0.08503603178879308,1.4212941136853448,1.307948145373114,0.04799652099609375,0.034168243408203125,0.031177520751953125,13.883755387931034,10.243130387931034,0.62890625,0.484375,2.52734375,0.0
ann,glove-100-angular,faiss,interleaved-memory,1,0.977149,12.859253046000047,777.6501453255531,2026-04-04T16:02:24.660675,2026-04-04T16:02:37.608502,13,25.153846153846153,25.0,24.615384615384617,24.923076923076923,25.615384615384617,0.2407692307692308,43401.765384615384,0.16076923076923075,10936.953846153845,10783.111538461539,10802.092307692306,10879.607692307689,0.16307692307692306,0.16153846153846152,0.16076923076923075,0.16307692307692306,0.9859337151956248,0.11307692307692309,93.5576923076923,83.57923076923076,0.0018692307692307693,0.002353846153846154,0.6623076923076923,103.69053936298077,166.83151742788462,60.756410256410255,37.5576923076923,146.95907451923077,137.0055235877404,9.953550931490385,34.3707549579327,34.17125751201923,34.30069110576923,34.16282076322116,1.310823000394381,0.4254925067608173,0.29596475454477167,0.286070310152494,0.303462395301232,13.14813701923077,5.775240384615385,1.9867788461538463,1.6796875,3.7064302884615383,0.0
ann,glove-100-angular,faiss,interleaved-memory,2,0.977149,12.28405880199989,814.0631823068092,2026-04-04T16:02:37.882506,2026-04-04T16:02:50.266323,12,25.0,25.166666666666668,25.166666666666668,24.75,24.75,0.21916666666666665,46428.31,0.1733333333333333,11718.260833333334,11268.593333333332,11633.3075,11808.147500000001,0.1758333333333333,0.16833333333333333,0.17416666666666666,0.1775,0.9543066203511882,0.05666666666666668,102.21083333333331,91.54166666666667,0.001958333333333333,0.0022,0.6816666666666666,110.83464192708334,177.9578019205729,64.88194444444444,40.22222222222222,157.24259089543267,147.29799053485576,9.944603365384616,36.98204026442307,36.75603966346154,36.86960186298077,36.69031024639423,1.3619298934936523,0.43821461995442706,0.3106040954589844,0.2986065546671549,0.31450462341308594,13.718098958333334,5.927408854166667,2.1136067708333335,1.8505859375,3.8264973958333335,0.0
ann,glove-100-angular,faiss,interleaved-memory,3,0.977149,11.925468264999836,838.5414960475044,2026-04-04T16:02:50.543241,2026-04-04T16:03:02.565652,12,25.0,24.083333333333332,23.75,26.083333333333332,26.0,0.23416666666666666,47039.700833333336,0.1758333333333333,11527.485,11691.384166666669,11914.4375,11906.395833333334,0.17166666666666663,0.17500000000000002,0.17833333333333332,0.1775,0.9675223861806317,0.05666666666666668,101.03916666666669,90.53083333333332,0.0019000000000000004,0.002108333333333333,0.6816666666666666,112.35251302083333,180.29694742838538,65.63194444444446,40.70138888888889,162.3462931315104,151.93792480468747,10.408365885416666,38.15133463541667,37.91629720052083,38.00512288411458,37.865169270833334,1.4112208684285483,0.4532124201456706,0.3213736216227213,0.3113482793172201,0.32528654734293616,13.814778645833334,5.953776041666667,2.1500651041666665,1.8678385416666667,3.8430989583333335,0.0
ann,glove-100-angular,faiss,interleaved-memory,4,0.977149,12.026377318999948,831.5055926443815,2026-04-04T16:03:02.842438,2026-04-04T16:03:14.964106,12,25.0,24.666666666666668,25.25,24.5,25.333333333333332,0.22833333333333336,46875.60583333334,0.17416666666666666,11856.571666666669,11567.162499999999,11677.373333333331,11774.5,0.17666666666666664,0.17333333333333334,0.1758333333333333,0.17666666666666667,0.9755908221361905,0.05666666666666668,101.87,91.335,0.0019249999999999998,0.0021500000000000004,0.6808333333333333,111.89747477213542,179.45762451171876,65.2986111111111,40.55555555555556,161.59565104166666,151.23051025390623,10.365138346354167,37.96736409505208,37.75086995442708,37.82304361979167,37.689229329427086,1.422226587931315,0.45995108286539715,0.3228050867716471,0.3108250300089518,0.328645388285319,13.80078125,5.947265625,2.1373697916666665,1.8668619791666667,3.8492838541666665,0.0
ann,glove-100-angular,faiss,interleaved-memory,5,0.977149,11.75368023200008,850.7973504991584,2026-04-04T16:03:15.240004,2026-04-04T16:03:27.087929,12,25.0,24.833333333333332,26.0,24.583333333333332,24.416666666666668,0.23083333333333333,46548.74083333334,0.17416666666666666,11697.595833333333,11870.813333333332,11587.450833333334,11392.881666666668,0.1758333333333333,0.1758333333333333,0.17416666666666666,0.1708333333333333,0.959738928307075,0.06166666666666668,100.8925,90.34166666666665,0.0019166666666666672,0.0021250000000000006,0.6816666666666666,110.83742431640626,177.51556396484375,64.65277777777777,40.229166666666664,164.42403401692707,153.86805908203124,10.555972493489582,38.62586100260417,38.395075683593745,38.50067138671876,38.34644368489583,1.4243698120117188,0.46902306874593097,0.3205223083496094,0.30849901835123694,0.3263254165649414,13.847981770833334,5.961588541666667,2.1507161458333335,1.8792317708333333,3.8564453125,0.0
ann,glove-100-angular,faiss,interleaved-memory,6,0.977149,11.849814738000532,843.8950499311638,2026-04-04T16:03:27.363707,2026-04-04T16:03:39.306839,12,25.0,25.416666666666668,23.916666666666668,25.666666666666668,24.916666666666668,0.23500000000000001,46576.371666666666,0.17333333333333334,12047.44,11633.3925,11429.2675,11466.272500000001,0.17999999999999997,0.17416666666666666,0.17166666666666666,0.17166666666666666,0.9486884765560152,0.05833333333333335,101.42750000000001,90.95,0.001916666666666667,0.002116666666666667,0.6816666666666666,111.09206787109373,178.03020507812496,64.89583333333333,40.291666666666664,163.92856852213544,153.39388834635417,10.534681803385418,38.512082519531255,38.27745768229166,38.377621256510416,38.22672281901041,1.4241463343302407,0.4826332728068034,0.31590334574381507,0.30389086405436194,0.3217188517252604,13.858723958333334,5.9697265625,2.1604817708333335,1.8798828125,3.8486328125,0.0
ann,glove-100-angular,faiss,interleaved-memory,7,0.977149,11.815032440999856,846.3793942112732,2026-04-04T16:03:39.583425,2026-04-04T16:03:51.491303,11,25.0,25.0,25.09090909090909,24.90909090909091,25.0,0.21909090909090911,48977.112727272724,0.1827272727272727,12326.12,12412.152727272727,12086.434545454546,12152.405454545455,0.18454545454545454,0.18636363636363634,0.18090909090909088,0.1818181818181818,0.9737581232703901,0.055454545454545465,107.56727272727275,96.35454545454544,0.001981818181818182,0.002181818181818182,0.6799999999999999,117.03722034801135,186.94171608664772,68.12121212121214,42.49242424242424,163.7820792643229,153.23825846354165,10.54382080078125,38.47195719401042,38.23459391276042,38.33100341796876,38.200702311197915,1.4264605840047202,0.4861615498860677,0.3155097961425781,0.3034944534301758,0.32130209604899085,13.818033854166666,5.961263020833333,2.1360677083333335,1.8701171875,3.8505859375,0.0
ann,glove-100-angular,faiss,interleaved-memory,8,0.977149,11.819690659999653,846.0458304414115,2026-04-04T16:03:51.768280,2026-04-04T16:04:03.682059,12,25.0,24.916666666666668,25.166666666666668,24.583333333333332,25.25,0.235,47049.93,0.1758333333333333,11685.965000000002,12016.085,11724.611666666664,11623.269166666667,0.17499999999999996,0.17916666666666667,0.1758333333333333,0.17333333333333334,0.9673091665602123,0.055833333333333346,101.27083333333333,90.72916666666667,0.0019083333333333337,0.002116666666666667,0.6808333333333333,112.24380859375002,179.57091145833337,65.36805555555556,40.729166666666664,162.28385579427083,151.87872395833332,10.405133463541667,38.125703124999994,37.896417643229164,37.98660074869792,37.86999755859375,1.4282519022623696,0.4861227671305339,0.3174222310384115,0.30344200134277344,0.32126522064208984,13.838216145833334,5.9609375,2.1487630208333335,1.8883463541666667,3.8401692708333335,0.0
ann,glove-100-angular,faiss,interleaved-memory,9,0.977149,11.7429522729999,851.574609818742,2026-04-04T16:04:03.957154,2026-04-04T16:04:15.790947,12,25.0,25.0,24.75,25.083333333333332,25.166666666666668,0.23083333333333333,47104.48750000001,0.1758333333333333,11763.3375,11694.670833333332,11786.826666666666,11859.651666666667,0.1758333333333333,0.17500000000000002,0.17666666666666664,0.1775,0.9860888972146595,0.05666666666666668,101.52833333333335,90.96500000000002,0.0019166666666666666,0.002125,0.6808333333333333,112.21737548828123,179.5046126302083,65.36111111111113,40.76388888888889,162.0117537434896,151.59949055989583,10.412264811197918,38.0661083984375,37.844707845052085,37.91850423177084,37.77017089843749,1.4302392439408735,0.48663399436257104,0.31791929765181104,0.3039436340332031,0.3217620849609375,13.848366477272727,5.959517045454546,2.1424005681818183,1.8963068181818181,3.8501420454545454,0.0
ann,glove-100-angular,faiss,interleaved-memory,10,0.977149,11.863336762000472,842.9331646414239,2026-04-04T16:04:16.067408,2026-04-04T16:04:28.049983,12,25.0,25.416666666666668,25.0,25.0,24.416666666666668,0.22833333333333336,46718.04416666667,0.17416666666666666,11592.7675,11593.7875,11818.362499999997,11713.125833333334,0.17333333333333334,0.17333333333333334,0.1775,0.1758333333333333,0.980911484141733,0.05666666666666668,101.16250000000002,90.64916666666664,0.0019333333333333331,0.002133333333333334,0.6833333333333332,111.33233723958331,178.25224283854166,64.89583333333333,40.458333333333336,164.62829915364583,154.09402262369792,10.534276529947917,38.67810953776041,38.459178873697915,38.54291585286458,38.41381754557292,1.4320948918660483,0.487094243367513,0.31838575998942054,0.30439535776774085,0.32221953074137366,13.8583984375,5.970377604166667,2.1490885416666665,1.8824869791666667,3.8564453125,0.0
ann,glove-100-angular,faiss,interleaved-memory,11,0.977149,11.785720539000067,848.4843982944489,2026-04-04T16:04:28.325212,2026-04-04T16:04:40.197419,12,25.0,26.0,25.25,24.166666666666668,24.333333333333332,0.23416666666666666,46553.651666666665,0.1725,11915.752500000002,11662.316666666666,11358.025833333333,11617.5575,0.1775,0.17500000000000002,0.16833333333333333,0.17416666666666666,0.9531941716088288,0.05916666666666668,100.72250000000001,90.29,0.0019083333333333337,0.002133333333333334,0.6808333333333333,110.97612223307293,177.63133870442707,64.52083333333334,40.3125,164.56932535807292,153.99896321614582,10.570361328125001,38.652509765625005,38.44198486328125,38.52414469401042,38.38032389322917,1.4322099685668945,0.48713525136311847,0.3184134165445963,0.3044188817342123,0.3222424189249674,13.839192708333334,5.957356770833333,2.1533203125,1.88671875,3.841796875,0.0
ann,glove-100-angular,faiss,interleaved-memory,12,0.977149,11.888872665000235,841.1226431450557,2026-04-04T16:04:40.474229,2026-04-04T16:04:52.462051,12,25.0,24.583333333333332,24.416666666666668,24.833333333333332,26.083333333333332,0.24083333333333334,46591.23166666667,0.17416666666666666,11567.280833333332,11357.324166666665,11515.316666666666,12151.311666666666,0.17333333333333334,0.17166666666666666,0.1733333333333333,0.1825,0.9346582886045086,0.05916666666666668,100.57333333333332,90.10416666666667,0.0019000000000000004,0.0021083333333333336,0.6816666666666666,111.0215388997396,177.75758789062502,64.66666666666667,40.333333333333336,163.63689534505207,153.10852783203123,10.5283642578125,38.435458984375,38.226739095052075,38.300821940104164,38.145510253906245,1.4321858088175454,0.4871234893798828,0.3184089660644531,0.30441411336263025,0.322233517964681,13.852864583333334,5.962565104166667,2.15234375,1.8883463541666667,3.849609375,0.0
ann,glove-100-angular,faiss,interleaved-memory,13,0.977149,12.011333582999214,832.5470216024934,2026-04-04T16:04:52.737175,2026-04-04T16:05:04.833720,12,25.0,24.416666666666668,24.333333333333332,26.333333333333332,24.75,0.235,47000.15666666667,0.1758333333333333,11703.327500000001,11585.094166666668,11968.875,11742.856666666667,0.17500000000000002,0.1741666666666667,0.17916666666666667,0.1758333333333333,0.9679350955429535,0.05666666666666668,101.29083333333331,90.75166666666667,0.0019000000000000004,0.0021083333333333336,0.6808333333333333,112.15869303385416,179.69669352213543,65.34722222222223,40.763888888888886,162.3025089518229,151.89308105468749,10.409427897135417,38.12250732421875,37.920543619791665,37.998866373697915,37.85116455078125,1.434254010518392,0.4883893330891927,0.3186823527018229,0.3046884536743164,0.32249387105305993,13.8681640625,5.968424479166667,2.1617838541666665,1.8870442708333333,3.8509114583333335,0.0
ann,glove-100-angular,faiss,interleaved-memory,14,0.977149,11.789118390999649,848.2398486755768,2026-04-04T16:05:05.109894,2026-04-04T16:05:16.982051,12,25.0,25.25,24.916666666666668,25.166666666666668,24.666666666666668,0.2291666666666667,46865.8825,0.17499999999999996,11685.824166666665,11524.978333333333,11817.338333333333,11837.7425,0.1758333333333333,0.1725,0.1775,0.1775,0.9735790699395034,0.055833333333333346,101.13,90.62416666666665,0.0019166666666666663,0.002133333333333334,0.6825,111.70727132161458,178.76008626302084,65.04861111111111,40.63888888888889,170.47354137073862,159.47774946732955,10.995791015625,40.03554776278409,39.822167968749994,39.89668057528409,39.72334872159091,1.4349129994710288,0.49204667409261066,0.3174670537312826,0.3041321436564127,0.3212757110595703,13.836588541666666,5.958984375,2.1412760416666665,1.8863932291666667,3.8499348958333335,0.0
ann,glove-100-angular,faiss,interleaved-memory,15,0.977149,11.844915122000202,844.2441247575053,2026-04-04T16:05:17.256997,2026-04-04T16:05:29.183058,12,25.0,25.25,25.166666666666668,24.916666666666668,24.5,0.23083333333333333,46751.775,0.17416666666666666,11926.655833333332,11727.874166666668,11585.1175,11512.130833333335,0.17833333333333334,0.17500000000000002,0.17333333333333334,0.17166666666666666,0.965243819743548,0.05833333333333335,101.45166666666667,90.8975,0.0019250000000000003,0.002133333333333334,0.6808333333333333,111.42691487630209,178.33352376302082,64.85416666666666,40.51388888888888,164.5638802083333,154.02469075520833,10.539187825520834,38.67520670572916,38.45308756510417,38.522642415364594,38.373753255208335,1.4380170648748223,0.4925044666637074,0.31791513616388495,0.3058586120605469,0.3217294866388494,13.884588068181818,5.96484375,2.1637073863636362,1.8938210227272727,3.8611505681818183,0.0
ann,glove-100-angular,faiss,interleaved-memory,16,0.977149,11.804811642999994,847.1122032624545,2026-04-04T16:05:29.462791,2026-04-04T16:05:41.349492,12,25.0,24.25,25.916666666666668,25.0,24.833333333333332,0.23583333333333334,46356.46833333333,0.17333333333333334,11266.670833333332,11878.346666666665,11458.1175,11753.331666666667,0.16916666666666666,0.17833333333333334,0.1708333333333333,0.1758333333333333,0.9485049687049601,0.06083333333333335,101.12833333333332,90.63916666666667,0.0019250000000000003,0.002116666666666667,0.6808333333333333,110.61472900390625,177.08354329427084,64.31944444444444,40.15277777777778,164.40647949218751,153.80770751953125,10.59877197265625,38.63140136718749,38.39196044921875,38.471279296875004,38.313068033854165,1.438094139099121,0.4925670623779297,0.31797568003336585,0.30592409769694007,0.3217881520589193,13.853190104166666,5.963541666666667,2.1484375,1.884765625,3.8564453125,0.0
ann,glove-100-angular,faiss,interleaved-memory,17,0.977149,11.96055563200025,836.0815590577732,2026-04-04T16:05:41.624825,2026-04-04T16:05:53.667962,12,25.0,25.666666666666668,24.75,25.083333333333332,24.416666666666668,0.23750000000000002,46619.075000000004,0.17416666666666666,11695.5025,11725.315833333334,11649.928333333331,11548.329166666665,0.17416666666666666,0.1758333333333333,0.17416666666666666,0.17333333333333334,0.9849055949381319,0.05666666666666668,101.03166666666668,90.53083333333332,0.0019,0.0021,0.6808333333333333,111.19282877604167,178.03668131510415,64.64583333333334,40.30555555555555,163.20306070963542,152.6971435546875,10.505914713541666,38.34405436197917,38.11415771484375,38.19244384765625,38.046483561197924,1.4399798711140952,0.4930152893066406,0.3183997472127279,0.3063453038533529,0.32221953074137366,13.846354166666666,5.965494791666667,2.154296875,1.8795572916666667,3.8470052083333335,0.0
ann,glove-100-angular,faiss,interleaved-memory,18,0.977149,11.758469377999972,850.4508264238832,2026-04-04T16:05:53.944180,2026-04-04T16:06:05.785518,12,25.0,24.833333333333332,24.916666666666668,24.75,25.333333333333332,0.2316666666666667,47078.956666666665,0.1758333333333333,12010.628333333334,11910.199999999999,11654.425833333335,11503.7025,0.18083333333333332,0.17916666666666667,0.17416666666666666,0.1725,0.9577935625627134,0.057500000000000016,101.63666666666666,91.09499999999998,0.0019166666666666666,0.002133333333333334,0.6808333333333333,112.28752522786458,179.76236653645833,65.35416666666667,40.78472222222222,160.8754638671875,150.53664306640624,10.338821614583333,37.78346191406251,37.57315348307292,37.65751708984374,37.52251302083334,1.440026601155599,0.49302196502685547,0.31841468811035156,0.3063624699910482,0.32222747802734375,13.8505859375,5.964192708333333,2.1481119791666665,1.8863932291666667,3.8518880208333335,0.0
ann,glove-100-angular,faiss,interleaved-memory,19,0.977149,11.858936816000096,843.2459127792961,2026-04-04T16:06:06.060464,2026-04-04T16:06:17.998662,12,25.0,25.333333333333332,24.333333333333332,25.333333333333332,24.916666666666668,0.2291666666666667,46953.7575,0.17499999999999996,11874.301666666666,11561.150833333333,11842.300833333333,11676.0025,0.1775,0.1733333333333333,0.17833333333333334,0.1758333333333333,0.9736278526414396,0.05666666666666668,101.62333333333333,91.11583333333333,0.0019249999999999998,0.0021333333333333334,0.6833333333333332,111.99197102864584,179.38886881510416,65.26388888888887,40.65972222222223,163.01867838541665,152.59030598958333,10.428372395833334,38.3285888671875,38.07690185546875,38.169809570312495,38.015009765625,1.4419193267822266,0.4935000737508138,0.3188908894856771,0.3068272272745768,0.32270145416259766,13.83203125,5.958333333333333,2.1484375,1.8802083333333333,3.8450520833333335,0.0
ann,glove-100-angular,faiss,interleaved-memory,20,0.977149,11.83538768299968,844.9237378479771,2026-04-04T16:06:18.274883,2026-04-04T16:06:30.189860,12,25.0,24.75,24.916666666666668,25.583333333333332,24.75,0.23083333333333333,46758.739166666666,0.17416666666666666,11772.58583333333,11630.654166666667,11817.6975,11537.801666666666,0.1758333333333333,0.17500000000000002,0.1775,0.1725,0.9763155358026947,0.05833333333333335,101.10833333333333,90.50999999999999,0.0019166666666666666,0.0021250000000000006,0.6816666666666666,111.29029622395832,178.14997070312498,64.7638888888889,40.44444444444445,164.2801041666667,153.8031355794271,10.476968587239584,38.63247639973958,38.38912272135417,38.45974527994792,38.32179117838542,1.4419940312703452,0.49350961049397785,0.3189140955607096,0.3068523406982422,0.3227179845174154,13.867513020833334,5.962565104166667,2.1546223958333335,1.8987630208333333,3.8515625,0.0
ann,glove-100-angular,faiss,interleaved-memory,21,0.977149,11.916206118000446,839.1932718328989,2026-04-04T16:06:30.465481,2026-04-04T16:06:42.459421,12,25.0,24.583333333333332,26.333333333333332,25.083333333333332,24.0,0.2325,46414.32,0.17333333333333334,11725.551666666666,12039.3125,11568.308333333334,11081.144166666667,0.1758333333333333,0.18083333333333332,0.17333333333333334,0.16666666666666666,0.9204133680113933,0.06083333333333335,100.83166666666666,90.27749999999999,0.001916666666666667,0.002125,0.6825,110.57409016927083,177.16647623697918,64.45833333333333,40.16666666666667,163.4232275390625,152.95608479817707,10.467145182291667,38.3951708984375,38.19265543619791,38.268999023437495,38.09925699869792,1.4439156850179038,0.49399979909261066,0.3193896611531576,0.3073336283365885,0.3231925964355469,13.865559895833334,5.963216145833333,2.1569010416666665,1.8955078125,3.8499348958333335,0.0
ann,glove-100-angular,faiss,interleaved-memory,22,0.977149,11.94969112400031,836.8417138343885,2026-04-04T16:06:42.735768,2026-04-04T16:06:54.788920,13,25.0,25.53846153846154,23.692307692307693,24.46153846153846,26.153846153846153,0.2530769230769231,44631.53846153846,0.16769230769230767,11311.424615384616,10923.067692307694,11084.717692307693,11312.33,0.16999999999999998,0.16461538461538464,0.16615384615384612,0.16999999999999996,0.9655895551409562,0.06000000000000001,94.17461538461541,84.33846153846153,0.0018153846153846158,0.002007692307692308,0.6823076923076923,106.24943584735577,170.777294921875,62.12179487179488,38.57692307692307,162.79871826171876,152.30770751953125,10.491012369791667,38.24714925130208,38.016929524739574,38.09375244140626,37.949877115885414,1.4439630508422852,0.49401060740152997,0.31940555572509766,0.3073469797770182,0.3231999079386393,13.859049479166666,5.968424479166667,2.1416015625,1.8902994791666667,3.8587239583333335,0.0
ann,glove-100-angular,faiss,interleaved-memory,23,0.977149,11.778751965999618,848.9863806340317,2026-04-04T16:06:55.064343,2026-04-04T16:07:07.015380,12,25.0,24.916666666666668,25.166666666666668,25.25,24.5,0.23500000000000001,47060.531666666655,0.17499999999999996,11633.300000000001,11787.277499999998,12120.349999999999,11519.602499999999,0.1733333333333333,0.1775,0.1825,0.1725,0.9504348059255715,0.05666666666666668,101.13083333333333,90.55416666666667,0.0019000000000000004,0.002125,0.6816666666666666,112.14943522135418,179.5464078776042,65.3125,40.71527777777778,160.3399812825521,150.08344726562498,10.256534016927082,37.693120930989586,37.476269531250004,37.524696451822926,37.38935791015625,1.4457168579101562,0.4944451649983724,0.31984265645345056,0.3077688217163086,0.3236602147420248,13.8955078125,5.973958333333333,2.1575520833333335,1.9111328125,3.8528645833333335,0.0
ann,glove-100-angular,faiss,interleaved-memory,24,0.977149,11.854212731999723,843.5819590959095,2026-04-04T16:07:07.291670,2026-04-04T16:07:19.221959,12,25.0,25.166666666666668,25.083333333333332,24.916666666666668,24.75,0.22666666666666668,46648.35666666667,0.17500000000000002,11393.845833333333,11710.558333333334,11889.199166666667,11654.7525,0.1708333333333333,0.17666666666666667,0.17833333333333332,0.1758333333333333,0.9583358537114813,0.05833333333333335,101.50000000000001,90.94416666666666,0.0019416666666666668,0.0021583333333333337,0.6825,111.25077636718748,178.0639851888021,64.76388888888889,40.38194444444445,164.71013916015627,154.1487076822917,10.561433919270835,38.71218994140625,38.48672281901042,38.558956705729166,38.39084554036458,1.4458341598510742,0.49448490142822266,0.3198690414428711,0.30780601501464844,0.32367451985677087,13.880533854166666,5.973958333333333,2.1617838541666665,1.9000651041666667,3.8447265625,0.0
ann,glove-100-angular,faiss,interleaved-memory,25,0.977149,11.98974433300009,834.0461416242549,2026-04-04T16:07:19.497100,2026-04-04T16:07:31.560791,12,25.0,25.666666666666668,24.333333333333332,24.25,25.416666666666668,0.23416666666666666,46571.20166666667,0.17333333333333334,11944.980000000001,11348.970833333333,11717.788333333336,11559.460833333336,0.17833333333333332,0.1708333333333333,0.17500000000000002,0.1733333333333333,0.9501037953461062,0.06000000000000002,100.78083333333335,90.20166666666665,0.0019083333333333337,0.002116666666666667,0.6808333333333333,110.76942057291667,177.4639729817708,64.46527777777777,40.166666666666664,163.36887939453126,152.903193359375,10.465686848958333,38.4140673828125,38.15821695963541,38.25188557942708,38.07902425130208,1.447681744893392,0.49495474497477215,0.32032553354899085,0.30827204386393225,0.32412942250569665,13.868489583333334,5.973307291666667,2.1591796875,1.8922526041666667,3.84375,0.0
ann,glove-100-angular,faiss,numa-balancing,1,0.977149,14.176073691000056,705.4139402752037,2026-04-04T16:25:05.913669,2026-04-04T16:25:20.163337,15,27.4,25.4,27.533333333333335,26.4,24.933333333333334,0.22266666666666665,37561.532,0.13933333333333334,9489.734666666665,9352.711333333333,9442.173333333334,9276.912666666669,0.1413333333333333,0.13999999999999999,0.1413333333333333,0.13799999999999998,0.9775734509472064,0.15199999999999997,78.22599999999998,69.60466666666666,0.00176,0.0026,0.64,89.41482747395834,147.84958138020832,53.666666666666664,32.31666666666667,130.76500065104167,121.70932682291665,9.055673177083332,42.607743489583335,26.52254947916667,28.164588541666664,24.414446614583333,1.3082926613943917,0.3108787536621094,0.7222884041922433,0.14673560006277903,0.12842042105538504,13.209263392857142,5.544084821428571,3.575892857142857,1.0753348214285714,3.013950892857143,0.0
ann,glove-100-angular,faiss,numa-balancing,2,0.977149,13.22208826000042,756.3101836380937,2026-04-04T16:25:20.437598,2026-04-04T16:25:33.749265,13,24.923076923076923,25.23076923076923,25.615384615384617,25.153846153846153,24.0,0.2053846153846154,42616.10153846153,0.1576923076923077,11037.451538461535,10801.623076923077,10668.521538461539,10108.503846153846,0.16615384615384612,0.16307692307692306,0.15999999999999998,0.14923076923076922,0.9158367591404011,0.061538461538461556,90.41923076923078,80.72538461538463,0.0018846153846153843,0.0021230769230769233,0.6861538461538461,101.19357046274038,166.19659705528846,60.44871794871795,36.62820512820513,147.8464558293269,138.10097806490387,9.745477013221153,48.353661358173085,30.121656400240383,31.91043269230769,27.715221604567304,1.369788578578404,0.314199720110212,0.7737865447998047,0.15479360307965961,0.12700871058872767,13.817243303571429,5.627790178571429,3.7999441964285716,1.2424665178571428,3.1470424107142856,0.0
ann,glove-100-angular,faiss,numa-balancing,3,0.977149,12.990399193000483,769.7992841812145,2026-04-04T16:25:34.026509,2026-04-04T16:25:47.109380,13,25.0,25.0,25.23076923076923,24.692307692307693,25.307692307692307,0.2169230769230769,43396.86692307692,0.16153846153846152,11173.469230769231,10681.754615384616,10739.493846153848,10802.151538461538,0.16692307692307695,0.15923076923076923,0.16076923076923075,0.15999999999999998,0.9559926639408874,0.0576923076923077,90.1623076923077,80.60307692307691,0.0018384615384615386,0.002046153846153846,0.6853846153846154,103.31418043870192,169.68737079326925,61.78205128205128,37.397435897435905,151.12275991586537,141.0484600360577,10.074298377403844,49.34781850961538,30.716661658653848,32.685331280048075,28.298647836538464,1.3840543306790867,0.315861335167518,0.7829815791203425,0.1555806673490084,0.12963074904221755,13.852163461538462,5.644831730769231,3.9236778846153846,1.1643629807692308,3.1192908653846154,0.0
ann,glove-100-angular,faiss,numa-balancing,4,0.977149,13.494182546000047,741.0600802168788,2026-04-04T16:25:47.386882,2026-04-04T16:26:00.989939,14,24.571428571428573,24.0,24.428571428571427,24.571428571428573,27.428571428571427,0.2314285714285714,40468.96785714285,0.14857142857142858,10207.975714285712,10059.435,10066.44357142857,10135.113571428572,0.15285714285714283,0.15142857142857144,0.15214285714285714,0.14857142857142855,0.9854485631193425,0.06500000000000002,83.20500000000001,74.30142857142857,0.001757142857142857,0.001992857142857143,0.687857142857143,96.18346261160715,158.2635965401786,57.535714285714285,34.785714285714285,140.49653250558035,131.29584263392857,9.200689871651786,46.05089425223213,28.561894531250005,30.35418736049107,26.32886579241071,1.3959642137799944,0.32148388453892296,0.7821873256138393,0.15631403241838726,0.1359795161655971,13.888950892857142,5.711495535714286,3.8515625,1.1852678571428572,3.140625,0.0
ann,glove-100-angular,faiss,numa-balancing,5,0.977149,13.436303034000048,744.2523419347856,2026-04-04T16:26:01.267265,2026-04-04T16:26:14.791753,13,25.153846153846153,25.23076923076923,25.076923076923077,25.076923076923077,24.923076923076923,0.22615384615384615,42802.32076923077,0.1576923076923077,10827.562307692308,10701.0,10806.403846153846,10467.349999999997,0.16076923076923075,0.15999999999999998,0.16153846153846152,0.1538461538461538,0.9667319108903762,0.05846153846153848,86.96692307692307,77.81769230769231,0.0017846153846153845,0.002007692307692308,0.6846153846153846,102.05679311899038,167.63090820312502,61.0448717948718,36.96153846153846,149.3334885817308,139.48156099759615,9.851929086538462,48.882838792067304,30.382751652644227,32.21530649038461,28.000667818509616,1.4048268454415458,0.32186807904924664,0.7879134586879185,0.1586085728236607,0.13643673488071986,13.890066964285714,5.751116071428571,3.8515625,1.1615513392857142,3.1258370535714284,0.0
ann,glove-100-angular,faiss,numa-balancing,6,0.977149,12.994410278999569,769.5616642304367,2026-04-04T16:26:15.068302,2026-04-04T16:26:28.144034,13,25.0,25.923076923076923,24.153846153846153,25.076923076923077,25.0,0.2276923076923077,43403.12230769231,0.16076923076923075,11232.728461538461,10610.98076923077,10862.413846153846,10696.99923076923,0.16846153846153847,0.15999999999999998,0.1630769230769231,0.15846153846153843,0.9446485602819837,0.05846153846153848,89.10384615384616,79.67153846153846,0.0018230769230769234,0.0020230769230769234,0.6838461538461539,103.32319636418268,169.43791841947117,61.641025641025635,37.41025641025641,151.3533713942308,141.30845327524037,10.044920372596154,49.532434645432694,30.752483473557692,32.6590166766827,28.364519981971153,1.415556394136869,0.32697912362905646,0.7913052485539362,0.16166129479041466,0.13561072716346154,13.932992788461538,5.783052884615385,3.8647836538461537,1.1505408653846154,3.1346153846153846,0.0
ann,glove-100-angular,faiss,numa-balancing,7,0.977149,13.128844223999296,761.6816704794301,2026-04-04T16:26:28.421349,2026-04-04T16:26:41.643815,13,25.0,25.307692307692307,25.153846153846153,24.923076923076923,24.846153846153847,0.22153846153846152,42687.626153846155,0.1576923076923077,11053.175384615384,10680.772307692308,10428.873846153845,10524.806153846155,0.16615384615384615,0.16076923076923075,0.15615384615384614,0.15615384615384614,0.9435183540713117,0.06000000000000002,87.78307692307693,78.48076923076923,0.0018,0.0020384615384615385,0.6853846153846154,101.67704101562502,166.85831054687503,60.68589743589744,36.820512820512825,148.55018329326927,138.75691105769232,9.793269981971156,48.613620042067296,30.241038161057695,32.10992262620192,27.792327223557695,1.4282044630784254,0.32678985595703125,0.8000629131610577,0.1637890155498798,0.13756267841045672,13.954627403846153,5.663762019230769,3.9170673076923075,1.2373798076923077,3.136418269230769,0.0
ann,glove-100-angular,faiss,numa-balancing,8,0.977149,13.14931095799966,760.4961227201255,2026-04-04T16:26:41.920301,2026-04-04T16:26:55.149600,14,24.714285714285715,23.428571428571427,23.785714285714285,26.5,26.142857142857142,0.24214285714285716,41201.30071428571,0.15285714285714283,10553.150714285714,10104.384285714286,10302.961428571429,10240.80642857143,0.15928571428571428,0.1514285714285714,0.15428571428571428,0.15214285714285714,0.9574755975043608,0.06285714285714288,83.30642857142857,74.47214285714286,0.0017285714285714283,0.0019642857142857144,0.6892857142857143,98.30023716517857,161.90398577008926,58.91666666666666,35.55952380952381,143.28198660714287,133.94776715959821,9.334217354910715,46.99946428571429,29.098222656250005,30.948262416294646,26.901820591517858,1.4272642869215746,0.35081217839167667,0.775027348445012,0.16381395780123198,0.13761080228365385,13.974459134615385,5.713641826923077,3.851262019230769,1.2629206730769231,3.1466346153846154,0.0
ann,glove-100-angular,faiss,numa-balancing,9,0.977149,13.356987791999927,748.6717930512318,2026-04-04T16:26:55.425112,2026-04-04T16:27:08.859583,13,24.846153846153847,25.0,24.923076923076923,25.0,24.692307692307693,0.2161538461538461,42631.92153846154,0.15846153846153846,10965.380000000001,10566.421538461536,10811.654615384616,10288.464615384615,0.16384615384615384,0.1576923076923077,0.1623076923076923,0.15384615384615383,0.9382679501653945,0.06076923076923079,88.37307692307694,78.94846153846153,0.001823076923076923,0.002053846153846154,0.6861538461538461,101.44508713942307,166.71946289062498,60.6602564102564,36.730769230769226,148.0258203125,138.3087522536058,9.71706805889423,48.45137319711538,30.11898963341346,32.00074444110577,27.73764498197115,1.4310973031180245,0.3296358925955636,0.8000052315848214,0.16364152090890066,0.1377459934779576,13.940290178571429,5.619977678571429,3.890625,1.1702008928571428,3.259486607142857,0.0
ann,glove-100-angular,faiss,numa-balancing,10,0.977149,13.221057960000508,756.3691219155367,2026-04-04T16:27:09.135276,2026-04-04T16:27:22.456476,13,24.76923076923077,24.46153846153846,25.153846153846153,24.846153846153847,25.384615384615383,0.2223076923076923,43234.05,0.15923076923076926,11093.862307692309,10497.610769230769,10819.366153846153,10823.210000000001,0.16692307692307692,0.15923076923076923,0.16153846153846155,0.16076923076923075,0.946253926547465,0.05769230769230771,88.6853846153846,79.21000000000001,0.0018076923076923077,0.002030769230769231,0.6869230769230769,103.11251802884614,169.49671724759614,61.692307692307686,37.32051282051282,150.29749549278847,140.4937605168269,9.803733473557692,49.25423677884616,30.55107121394231,32.508131760817314,28.18032301682693,1.4291490408090444,0.3296100909893329,0.7981370779184195,0.1638506375826322,0.13755123431865984,13.963942307692308,5.625,3.8912259615384617,1.28515625,3.1625600961538463,0.0
ann,glove-100-angular,faiss,numa-balancing,11,0.977149,12.959356898000806,771.6432288042522,2026-04-04T16:27:22.732307,2026-04-04T16:27:35.795057,13,25.076923076923077,25.615384615384617,25.0,24.384615384615383,25.23076923076923,0.22000000000000003,42467.303846153845,0.15692307692307692,11027.347692307692,10561.886153846155,10546.174615384616,10331.896153846154,0.16461538461538458,0.16,0.1576923076923077,0.15307692307692305,0.9369339248324724,0.06384615384615387,88.16615384615385,78.74923076923078,0.001815384615384615,0.0020615384615384614,0.6846153846153846,100.67079927884613,165.04222355769232,60.07692307692307,36.43589743589744,147.40295823317308,137.61967923677884,9.78327674278846,48.120723407451926,29.97682016225962,31.86989483173077,27.65224158653846,1.432035886324369,0.33232997013972354,0.7960319519042969,0.1640627934382512,0.13961117084209734,13.9375,5.7530048076923075,3.8921274038461537,1.1631610576923077,3.129206730769231,0.0
ann,glove-100-angular,faiss,numa-balancing,12,0.977149,13.310057343000151,751.3115640526572,2026-04-04T16:27:36.070940,2026-04-04T16:27:49.459977,13,25.0,25.153846153846153,26.076923076923077,23.384615384615383,25.153846153846153,0.2246153846153846,43177.307692307695,0.16076923076923075,11138.381538461535,11115.325384615384,10346.640000000001,10576.963076923075,0.16615384615384615,0.16692307692307692,0.15615384615384614,0.1553846153846154,0.9289177215084974,0.05846153846153848,88.93846153846154,79.53769230769231,0.001823076923076923,0.002030769230769231,0.6853846153846154,103.25689453125,169.6634698016827,61.75,37.3974358974359,143.92806919642857,134.4706103515625,9.457458147321429,47.124913504464295,29.2264501953125,31.123235212053572,26.99600725446428,1.4311441274789662,0.33292388916015625,0.7889994107759916,0.16740065354567307,0.14182017399714542,13.958834134615385,5.772235576923077,3.8716947115384617,1.1454326923076923,3.1694711538461537,0.0
ann,glove-100-angular,faiss,numa-balancing,13,0.977149,13.163622505999228,759.6693080071667,2026-04-04T16:27:49.737344,2026-04-04T16:28:02.987567,13,25.0,25.615384615384617,24.692307692307693,24.307692307692307,25.307692307692307,0.2246153846153846,42312.38923076923,0.1569230769230769,11230.887692307693,10469.691538461539,10187.44923076923,10424.359999999999,0.1692307692307692,0.1576923076923077,0.15307692307692305,0.1546153846153846,0.9070920758781037,0.061538461538461556,87.13384615384615,77.9176923076923,0.0018153846153846154,0.0020384615384615385,0.6853846153846154,100.80510441706731,165.26447490985578,60.1923076923077,36.532051282051285,147.52125,137.7329582331731,9.788291766826923,48.20666466346154,29.971555739182694,31.920096905048077,27.63464092548077,1.4340553283691406,0.3308281531700721,0.7847157991849459,0.1780988253079928,0.1404125507061298,13.953125,5.63671875,3.8999399038461537,1.2118389423076923,3.2046274038461537,0.0
ann,glove-100-angular,faiss,numa-balancing,14,0.977149,13.364594098000453,748.2456950560252,2026-04-04T16:28:03.265156,2026-04-04T16:28:16.702655,13,25.0,24.923076923076923,25.0,25.384615384615383,24.615384615384617,0.23,43090.95153846153,0.15923076923076923,11095.58692307692,10462.046923076925,10967.07846153846,10566.235384615384,0.16615384615384615,0.15846153846153846,0.16384615384615384,0.1569230769230769,0.9429016234659618,0.05923076923076925,87.13000000000001,77.88307692307691,0.0017692307692307693,0.002,0.6861538461538461,102.93174278846155,169.03103064903846,61.5,37.294871794871796,150.30549278846155,140.47318509615386,9.832306941105768,49.18200871394231,30.599541766826924,32.48725135216346,28.20438326322115,1.4332105196439304,0.33087891798753005,0.7812332740196815,0.18123274583082932,0.1398491492638221,13.9375,5.658353365384615,3.971454326923077,1.1751802884615385,3.124699519230769,0.0
ann,glove-100-angular,faiss,numa-balancing,15,0.977149,13.340527430999828,749.5955502300957,2026-04-04T16:28:16.979249,2026-04-04T16:28:30.389972,14,24.928571428571427,23.785714285714285,24.071428571428573,28.0,24.5,0.24000000000000002,40696.701428571425,0.14999999999999997,10263.140000000001,10044.304285714286,10490.458571428573,9898.80142857143,0.15428571428571428,0.14999999999999997,0.15785714285714286,0.14785714285714285,0.943600449987138,0.06785714285714288,82.09857142857142,73.32428571428571,0.0017214285714285712,0.0019500000000000001,0.6871428571428572,96.93176409040178,159.77235421316962,58.11904761904762,35.023809523809526,141.46545340401784,132.24763392857145,9.217821568080357,46.36783133370536,28.728193359375005,30.596232561383925,26.555378766741075,1.4359874725341797,0.3308854784284319,0.7839347294398716,0.1811741420200893,0.13999312264578684,13.94140625,5.6484375,3.902064732142857,1.15234375,3.238560267857143,0.0
ann,glove-100-angular,faiss,numa-balancing,16,0.977149,13.037670560000151,767.0081824800982,2026-04-04T16:28:30.666511,2026-04-04T16:28:43.776994,13,24.923076923076923,25.76923076923077,24.692307692307693,24.53846153846154,25.0,0.22000000000000003,42514.07076923077,0.15615384615384614,11181.586923076924,10500.33692307692,10507.942307692309,10324.203846153845,0.16615384615384612,0.15846153846153843,0.1576923076923077,0.1515384615384615,0.9233218788333538,0.06076923076923079,88.02307692307691,78.69846153846153,0.0018153846153846154,0.0020461538461538464,0.6838461538461539,101.13759390024039,165.81460937499997,60.288461538461554,36.60256410256411,147.82273662860578,138.00061748798075,9.822118389423078,48.34560697115384,29.991654146634612,31.924874549278847,27.738483323317308,1.4350098830003004,0.33100040142352766,0.7829930232121394,0.18117229755108172,0.13984416081355167,13.95733173076923,5.737980769230769,3.9044471153846154,1.1715745192307692,3.143329326923077,0.0
ann,glove-100-angular,faiss,numa-balancing,17,0.977149,12.935708919999342,773.0538822297888,2026-04-04T16:28:44.053288,2026-04-04T16:28:57.059783,13,24.923076923076923,25.307692307692307,25.23076923076923,25.076923076923077,24.153846153846153,0.22846153846153847,42709.74,0.1576923076923077,11323.983846153847,10429.132307692305,10687.086153846154,10269.538461538461,0.17076923076923078,0.15615384615384614,0.16076923076923075,0.15076923076923074,0.9068838847758048,0.06076923076923079,88.9923076923077,79.48692307692308,0.001823076923076923,0.0020307692307692314,0.6853846153846153,101.38628004807691,166.22051532451923,60.42948717948718,36.679487179487175,148.25246995192308,138.47230618990386,9.780160757211538,48.522500751201925,30.159478665865386,31.993405949519232,27.79692307692308,1.4378389211801381,0.3310130192683293,0.7858631427471454,0.1811200655423678,0.13984269362229568,13.93359375,5.7412860576923075,3.9002403846153846,1.1243990384615385,3.167668269230769,0.0
ann,glove-100-angular,faiss,numa-balancing,18,0.977149,13.10879690099955,762.8465125764133,2026-04-04T16:28:57.336631,2026-04-04T16:29:10.516267,13,24.846153846153847,24.846153846153847,25.53846153846154,25.0,24.615384615384617,0.22230769230769232,43178.36923076923,0.15923076923076923,11122.106153846154,11017.24153846154,10783.716923076921,10255.306153846155,0.16692307692307692,0.16615384615384612,0.16,0.15230769230769228,0.9220651207595021,0.05923076923076925,88.9423076923077,79.49000000000001,0.0018153846153846154,0.0020461538461538464,0.6861538461538461,102.91478290264422,169.09797250600963,61.52564102564102,37.217948717948715,150.21831655649038,140.28395057091348,9.934368239182692,49.10501502403846,30.561679687499996,32.4220830829327,28.195170522836538,1.4369571392352765,0.33088478675255406,0.7849432138296274,0.1811206524188702,0.14000848623422477,13.975961538461538,5.6884014423076925,3.9140625,1.12109375,3.2524038461538463,0.0
ann,glove-100-angular,faiss,numa-balancing,19,0.977149,13.231108148999738,755.794593120002,2026-04-04T16:29:10.792087,2026-04-04T16:29:24.092190,13,25.0,25.923076923076923,25.0,24.307692307692307,25.076923076923077,0.22230769230769232,42713.879230769235,0.15846153846153843,11398.679999999997,10579.127692307693,10341.859999999999,10394.213846153845,0.17076923076923078,0.15923076923076923,0.1553846153846154,0.15307692307692305,0.9072857558945423,0.061538461538461556,88.7476923076923,79.34923076923077,0.0018307692307692309,0.002053846153846154,0.683076923076923,101.46367337740386,166.30030799278848,60.493589743589745,36.756410256410255,148.64271935096153,138.77158653846158,9.871129807692306,48.58459134615384,30.214855018028842,32.116784104567316,27.855356820913464,1.4398205096905048,0.3308143615722656,0.7877801748422476,0.18134425236628604,0.13988172090970552,13.954326923076923,5.646935096153846,3.893329326923077,1.26171875,3.15234375,0.0
ann,glove-100-angular,faiss,numa-balancing,20,0.977149,13.166548410999894,759.500492296491,2026-04-04T16:29:24.368693,2026-04-04T16:29:37.603255,13,24.76923076923077,24.692307692307693,25.23076923076923,25.076923076923077,25.0,0.22,43112.161538461536,0.15923076923076923,10974.379230769233,10866.695384615383,10708.392307692307,10562.698461538463,0.16461538461538458,0.16307692307692306,0.16153846153846155,0.15692307692307692,0.9624871019513771,0.06000000000000002,89.08999999999999,79.61538461538461,0.0018153846153846154,0.0020538461538461544,0.6861538461538461,102.79907902644231,168.93534104567308,61.52564102564102,37.26923076923077,150.09488055889423,140.26682241586533,9.828058143028844,49.12270582932692,30.50981971153846,32.49798452524039,28.13631385216346,1.438890603872446,0.33080291748046875,0.7868743309607873,0.18134806706355167,0.13986528836763823,13.979567307692308,5.634014423076923,3.9083533653846154,1.2587139423076923,3.178485576923077,0.0
ann,glove-100-angular,faiss,numa-balancing,21,0.977149,13.230013024000073,755.8571546270872,2026-04-04T16:29:37.879067,2026-04-04T16:29:51.168656,13,25.153846153846153,25.76923076923077,24.46153846153846,24.384615384615383,25.53846153846154,0.21769230769230768,42500.06846153846,0.15615384615384614,11244.284615384617,10504.558461538461,10396.445384615383,10354.78,0.16999999999999998,0.15846153846153846,0.1569230769230769,0.15307692307692305,0.9208927338812127,0.061538461538461556,88.88307692307693,79.4323076923077,0.0018384615384615384,0.0020692307692307694,0.6846153846153846,100.81486553485578,165.43234149639423,60.16666666666666,36.506410256410255,147.52771559495193,137.76111703725962,9.766597806490385,48.26108623798076,29.97055438701923,31.828903245192308,27.70057466947115,1.4417190551757812,0.3308363694411058,0.7897083575908954,0.18136097834660458,0.13981334979717547,13.955228365384615,5.658954326923077,3.9149639423076925,1.2424879807692308,3.1388221153846154,0.0
ann,glove-100-angular,faiss,numa-balancing,22,0.977149,13.105681209000068,763.0278686416314,2026-04-04T16:29:51.445150,2026-04-04T16:30:04.635732,13,25.0,26.0,25.153846153846153,24.307692307692307,24.692307692307693,0.22615384615384618,43211.63538461538,0.16076923076923075,11626.853846153846,10520.126923076923,10523.439230769229,10541.214615384613,0.17384615384615382,0.15692307692307692,0.1576923076923077,0.15384615384615383,0.9048128635896607,0.060769230769230784,89.15461538461538,79.66538461538461,0.0018153846153846154,0.002030769230769231,0.6838461538461539,102.59180138221154,168.17226712740387,61.179487179487175,37.141025641025635,150.27984525240385,140.34353215144233,9.936312349759616,49.15090820312501,30.50327824519231,32.531522686298075,28.157824519230772,1.4408214275653546,0.33167384221003604,0.7890443068284255,0.18112446711613583,0.13898966862605167,13.98858173076923,5.7022235576923075,4.010516826923077,1.12890625,3.1469350961538463,0.0
ann,glove-100-angular,faiss,numa-balancing,23,0.977149,13.044245287000194,766.6215852262401,2026-04-04T16:30:04.914662,2026-04-04T16:30:18.135656,13,24.923076923076923,25.846153846153847,25.692307692307693,22.846153846153847,25.76923076923077,0.22000000000000003,42281.230769230766,0.15692307692307692,11313.833846153846,10390.005384615386,10253.52692307692,10323.866923076923,0.16999999999999998,0.15615384615384614,0.15384615384615383,0.15307692307692305,0.9062822613894601,0.0653846153846154,88.15923076923079,78.80846153846154,0.0018307692307692307,0.0020461538461538464,0.6846153846153845,100.52841646634616,164.63420072115383,59.916666666666664,36.43589743589744,147.38224158653847,137.57509239783653,9.807149188701924,48.24834134615385,29.937198768028846,31.803616286057693,27.585935997596152,1.4436536935659556,0.3305907616248498,0.7960750873272235,0.17995540912334734,0.13703243549053484,13.974459134615385,5.708233173076923,3.9287860576923075,1.1784855769230769,3.158954326923077,0.0
ann,glove-100-angular,usearch,default,1,0.975518,4.975663173999919,2009.7823446439268,2026-04-04T15:08:09.280523,2026-04-04T15:08:14.256223,5,23.6,23.0,19.4,16.6,27.0,0.38599999999999995,91232.41799999999,0.342,22978.434,22884.362,22200.594,23169.032,0.342,0.34,0.32999999999999996,0.34400000000000003,0.9582011885520294,0.184,458.7,360.998,0.003940000000000001,0.005040000000000001,0.6519999999999999,55.783939453125,107.547,38.93333333333333,20.0,84.32843749999999,62.21882421875,22.109615234375,43.80693359375,2.059865234375,2.3259609374999997,14.026064453124999,4.269074249267578,1.9388206481933592,0.6610061645507812,0.6835548400878906,0.9856925964355469,20.03203125,9.4265625,2.5546875,2.275,5.77578125,0.0
ann,glove-100-angular,usearch,default,2,0.975518,4.991125176999958,2003.5562414026156,2026-04-04T15:08:14.696496,2026-04-04T15:08:19.687661,5,24.6,24.4,18.6,21.2,27.2,0.38199999999999995,87530.294,0.328,22440.643999999997,21251.586000000003,21219.906,22618.160000000003,0.33399999999999996,0.316,0.31399999999999995,0.33799999999999997,0.9381800287910244,0.182,439.27799999999996,347.06800000000004,0.003940000000000001,0.00502,0.642,53.262888671875,101.82601562500001,36.88333333333333,19.0,80.314615234375,59.5363046875,20.778314453125,41.946546874999996,1.927275390625,2.210025390625,13.452455078125002,4.270747375488281,1.9396064758300782,0.66121826171875,0.6838233947753907,0.9860992431640625,20.0453125,9.4140625,2.5546875,2.28125,5.7953125,0.0
ann,glove-100-angular,usearch,default,3,0.975518,4.96047254500013,2015.9369715853832,2026-04-04T15:08:20.126771,2026-04-04T15:08:25.087281,5,23.8,23.2,17.2,28.8,25.8,0.4,85688.868,0.31799999999999995,22536.644,20946.688,20667.738,21537.802000000003,0.33799999999999997,0.30999999999999994,0.30599999999999994,0.32,0.9170725685687718,0.184,431.908,341.346,0.00394,0.00504,0.648,50.83503125,97.96233203125,35.45,18.11666666666667,85.081822265625,63.54475390625,21.537068359374995,44.752474609375,2.09015234375,2.320505859375,14.381621093749999,4.2706451416015625,1.9396041870117187,0.66121826171875,0.6838188171386719,0.9860038757324219,19.95546875,9.4140625,2.5546875,2.28125,5.70546875,0.0
ann,glove-100-angular,usearch,default,4,0.975518,4.9770777989999715,2009.2111081746136,2026-04-04T15:08:25.525971,2026-04-04T15:08:30.503086,5,25.4,23.8,30.0,26.2,28.2,0.384,89929.046,0.336,22851.726000000002,22367.514000000003,21571.612,23138.194000000003,0.33999999999999997,0.33399999999999996,0.322,0.346,0.9322945429535252,0.182,450.82,356.216,0.00396,0.00502,0.64,54.2414140625,103.489265625,37.5,19.48333333333333,81.10229687500001,60.40170117187499,20.700591796875,42.509107421875,1.97637109375,2.2377695312499997,13.678453124999999,4.2707061767578125,1.9396270751953124,0.6612327575683594,0.683831787109375,0.9860145568847656,20.04375,9.4140625,2.5546875,2.28125,5.79375,0.0
ann,glove-100-angular,usearch,default,5,0.975518,4.994626210999968,2002.1518282942563,2026-04-04T15:08:30.942675,2026-04-04T15:08:35.937336,5,24.8,25.0,35.2,11.6,24.2,0.38999999999999996,85633.0,0.32,22405.670000000002,21035.7,20579.874000000003,21611.758,0.33599999999999997,0.316,0.30599999999999994,0.324,0.9185118766812151,0.182,429.572,339.3,0.003940000000000001,0.004960000000000001,0.6439999999999999,51.847642578125,99.23111328125,35.93333333333334,18.566666666666663,86.5831171875,64.3816875,22.201429687500003,45.376349609375,2.072380859375,2.3874414062500002,14.545511718749998,4.270730590820312,1.9396011352539062,0.6612098693847657,0.6838157653808594,0.9861038208007813,20.05078125,9.4140625,2.5546875,2.28125,5.80078125,0.0
ann,glove-100-angular,usearch,default,6,0.975518,4.996054787000048,2001.579331359703,2026-04-04T15:08:36.376247,2026-04-04T15:08:41.372339,5,25.2,24.0,24.8,37.0,27.8,0.38599999999999995,91095.196,0.33999999999999997,22867.222,22149.836,22804.384,23273.757999999998,0.34199999999999997,0.32600000000000007,0.33999999999999997,0.34600000000000003,0.9517086153426534,0.182,460.512,363.892,0.00398,0.00506,0.642,54.484814453125,104.5474609375,37.8,19.46666666666667,82.1543828125,61.42777734375001,20.72660546875,43.221388671875005,2.0224101562500003,2.2417597656249995,13.942220703124999,4.270662689208985,1.9396034240722657,0.6612236022949218,0.6838264465332031,0.9860092163085937,19.95546875,9.4140625,2.5546875,2.28125,5.70546875,0.0
ann,glove-100-angular,usearch,default,7,0.975518,4.995526496000139,2001.7910040126671,2026-04-04T15:08:41.812070,2026-04-04T15:08:46.807635,5,26.4,25.6,23.8,25.8,28.0,0.384,86785.43599999999,0.326,23037.958000000002,20837.344,20528.416,22381.716,0.346,0.30999999999999994,0.308,0.33399999999999996,0.8910692518842165,0.18,434.86,343.726,0.003940000000000001,0.005,0.632,51.7641640625,98.771138671875,35.78333333333334,18.466666666666665,79.932064453125,59.56275976562499,20.369302734374997,41.961251953125,1.9222109375000003,2.1873691406250004,13.49192578125,4.270713806152344,1.9396034240722657,0.6612098693847657,0.6838172912597656,0.9860855102539062,20.04375,9.4140625,2.5546875,2.28125,5.79375,0.0
ann,glove-100-angular,usearch,default,8,0.975518,4.962223877000042,2015.22548112956,2026-04-04T15:08:47.249171,2026-04-04T15:08:52.211432,4,27.5,28.75,29.0,20.25,27.5,0.38,99457.4325,0.37,27855.0375,23133.865,23696.8225,24771.7075,0.4125,0.345,0.355,0.36750000000000005,0.830509203227603,0.18,504.2025,399.41,0.004,0.0050750000000000005,0.625,58.18567138671875,111.60740722656251,40.395833333333336,20.833333333333332,83.87923046875001,62.72978320312501,21.149451171874997,44.150984375,2.0410078124999997,2.337076171875,14.20070703125,4.270655822753906,1.9396041870117187,0.6612220764160156,0.6838241577148437,0.9860054016113281,19.95546875,9.4140625,2.5546875,2.28125,5.70546875,0.0
ann,glove-100-angular,usearch,default,9,0.975518,5.013193628999943,1994.736437498196,2026-04-04T15:08:52.651247,2026-04-04T15:08:57.664478,5,25.8,24.4,29.6,26.0,28.2,0.38199999999999995,88687.23000000001,0.332,22384.068,21735.987999999998,21484.905999999995,23082.268,0.33399999999999996,0.32199999999999995,0.32,0.34199999999999997,0.9307970083355759,0.182,443.51800000000003,350.37,0.003940000000000001,0.00498,0.64,53.174853515625,101.522662109375,36.833333333333336,18.966666666666665,80.2383203125,59.88148828125001,20.35683203125,42.171046875,1.964849609375,2.19467578125,13.550916015625,4.270663452148438,1.9396202087402343,0.6612281799316406,0.6838211059570313,0.9859939575195312,20.0453125,9.4140625,2.5546875,2.28125,5.7953125,0.0
ann,glove-100-angular,usearch,default,10,0.975518,4.986980611000035,2005.2213513608804,2026-04-04T15:08:58.102292,2026-04-04T15:09:03.089311,5,24.2,23.8,19.0,29.8,26.0,0.396,85281.65400000001,0.31799999999999995,22787.476000000002,20643.182,20439.374,21411.626,0.34199999999999997,0.30599999999999994,0.30599999999999994,0.31799999999999995,0.896956468544388,0.184,430.596,340.51,0.00396,0.00504,0.6499999999999999,50.90328906250001,97.27969921875,35.11666666666667,18.2,85.53366796875,63.783156250000005,21.750509765624997,44.962623046875,2.09457421875,2.345078125,14.380882812500001,4.270648193359375,1.9396072387695313,0.6612159729003906,0.6838203430175781,0.986004638671875,19.95546875,9.4140625,2.5546875,2.28125,5.70546875,0.0
ann,glove-100-angular,usearch,default,11,0.975518,5.001664677999997,1999.334350418444,2026-04-04T15:09:03.530296,2026-04-04T15:09:08.531999,5,25.0,23.6,24.6,25.6,29.0,0.384,90285.90599999999,0.33799999999999997,23287.041999999998,22081.864,21638.629999999997,23278.370000000003,0.348,0.32999999999999996,0.32000000000000006,0.34600000000000003,0.9292133367561238,0.182,452.68199999999996,357.7679999999999,0.00396,0.005,0.642,54.554228515625006,103.64798828125,37.51666666666667,19.55,81.33681640625,60.56039453125,20.776419921875,42.578146484375004,2.007017578125,2.26241796875,13.712812500000002,4.270751953125,1.9396171569824219,0.6612236022949218,0.6838249206542969,0.9860862731933594,20.04296875,9.4140625,2.5546875,2.28125,5.79296875,0.0
ann,glove-100-angular,usearch,default,12,0.975518,4.979206020999982,2008.352327223384,2026-04-04T15:09:08.970308,2026-04-04T15:09:13.949551,5,25.6,25.4,18.8,25.0,28.4,0.38999999999999996,85830.92000000001,0.322,23177.064000000002,20249.422000000002,20615.866,21788.564,0.346,0.3,0.30599999999999994,0.32599999999999996,0.8736836555311751,0.182,433.30199999999996,342.536,0.00394,0.00504,0.638,51.125431640624996,97.517310546875,35.333333333333336,18.333333333333332,86.18765039062501,64.270255859375,21.917392578125,45.376972656250004,2.082205078125,2.3522421875,14.458835937499998,4.270738983154297,1.9396072387695313,0.6612167358398438,0.6838180541992187,0.9860969543457031,20.05078125,9.4140625,2.5546875,2.28125,5.80078125,0.0
ann,glove-100-angular,usearch,default,13,0.975518,4.993346322999969,2002.6650172327857,2026-04-04T15:09:14.388342,2026-04-04T15:09:19.381725,5,25.2,23.4,29.2,21.8,29.0,0.384,91096.926,0.342,23117.272,22150.586,22597.382,23231.688,0.346,0.33199999999999996,0.33599999999999997,0.346,0.953464337158798,0.182,458.34399999999994,361.976,0.00396,0.00502,0.6439999999999999,54.94297851562501,105.17755859374999,38.083333333333336,19.633333333333333,82.58761328124999,61.617201171875,20.9704140625,43.325478515625,2.0124414062500002,2.31165234375,13.9676328125,4.270660400390625,1.9396026611328125,0.6612228393554688,0.6838264465332031,0.9860084533691407,19.95546875,9.4140625,2.5546875,2.28125,5.70546875,0.0
ann,glove-100-angular,usearch,default,14,0.975518,4.994237494000117,2002.307661983158,2026-04-04T15:09:19.819118,2026-04-04T15:09:24.813392,5,27.0,27.0,29.0,21.0,28.0,0.386,87498.954,0.326,22998.176,21146.612,20796.908000000003,22557.262,0.344,0.31399999999999995,0.30999999999999994,0.336,0.9042851050448524,0.18,441.49800000000005,349.27200000000005,0.00396,0.00502,0.632,51.595656250000005,99.19500000000001,35.833333333333336,18.483333333333334,79.96856640625,59.797804687500005,20.170759765625,42.203455078124996,1.907357421875,2.2081992187500004,13.478794921874998,4.2707069396972654,1.9396018981933594,0.6612091064453125,0.6838119506835938,0.986083984375,20.04296875,9.4140625,2.5546875,2.28125,5.79296875,0.0
ann,glove-100-angular,usearch,default,15,0.975518,5.01215516100001,1995.149726770396,2026-04-04T15:09:25.255160,2026-04-04T15:09:30.267352,5,23.6,22.4,30.0,16.6,27.8,0.386,91145.65,0.33799999999999997,22540.734,22760.881999999998,22658.878,23185.152000000002,0.33399999999999996,0.33799999999999997,0.33999999999999997,0.344,0.9722055736360925,0.182,458.24800000000005,361.808,0.00398,0.00502,0.6540000000000001,55.72933984375,106.862630859375,38.616666666666674,19.900000000000002,84.101537109375,62.66810546875,21.433431640625,44.093787109375,2.0158613281249997,2.354234375,14.204222656250002,4.270633697509766,1.9396026611328125,0.6612144470214844,0.6838142395019531,0.9860023498535156,19.95546875,9.4140625,2.5546875,2.28125,5.70546875,0.0
ann,glove-100-angular,usearch,default,16,0.975518,4.964439382999899,2014.3261360474553,2026-04-04T15:09:30.708567,2026-04-04T15:09:35.673044,5,26.2,25.6,23.8,31.0,27.0,0.384,88629.384,0.32999999999999996,22369.944,21554.324,21797.266,22907.852,0.332,0.31799999999999995,0.32199999999999995,0.33999999999999997,0.9409142332506776,0.182,446.302,352.854,0.003940000000000001,0.005040000000000001,0.6359999999999999,52.771437500000005,101.540783203125,36.7,18.916666666666668,79.92834765625,59.757730468750005,20.170619140625,42.14403515625,1.934701171875,2.15626171875,13.522730468750002,4.270677185058593,1.9395957946777345,0.6612098693847657,0.6838111877441406,0.9860603332519531,20.01796875,9.4140625,2.5546875,2.28125,5.76796875,0.0
ann,glove-100-angular,usearch,default,17,0.975518,4.954525720999982,2018.356662801153,2026-04-04T15:09:36.115330,2026-04-04T15:09:41.069892,5,24.4,24.2,18.2,26.0,26.2,0.396,86002.432,0.32199999999999995,23088.862,20345.494,20899.882,21668.194,0.344,0.30200000000000005,0.308,0.324,0.8811821907896542,0.184,432.434,341.794,0.00394,0.00498,0.6459999999999999,51.44110546875,98.300564453125,35.6,18.3,85.853490234375,63.99462304687499,21.858869140625,45.10096875,2.0928457031249996,2.3431953125,14.457615234374998,4.270743560791016,1.939600372314453,0.6612205505371094,0.6838241577148437,0.9860984802246093,20.05078125,9.4140625,2.5546875,2.28125,5.80078125,0.0
ann,glove-100-angular,usearch,default,18,0.975518,4.9465644239999165,2021.60512687991,2026-04-04T15:09:41.509279,2026-04-04T15:09:46.455882,5,25.6,25.2,24.2,31.6,27.0,0.38599999999999995,90900.58200000001,0.33799999999999997,22897.010000000002,22017.472,22727.434,23258.663999999997,0.34199999999999997,0.32999999999999996,0.33799999999999997,0.34600000000000003,0.9466352839526813,0.182,459.352,363.306,0.00396,0.00506,0.6399999999999999,54.334216796875,104.651337890625,37.900000000000006,19.48333333333333,81.575236328125,61.012447265625,20.56278515625,42.938326171875005,1.989138671875,2.251666015625,13.833320312499998,4.2707160949707035,1.9395980834960938,0.6612106323242187,0.6838134765625,0.9860939025878906,20.05078125,9.4140625,2.5546875,2.28125,5.80078125,0.0
ann,glove-100-angular,usearch,default,19,0.975518,4.978919122000207,2008.4680540025824,2026-04-04T15:09:46.897000,2026-04-04T15:09:51.875955,5,27.6,25.4,44.2,25.8,29.6,0.38599999999999995,86855.52,0.326,22384.73,21268.061999999998,20827.354,22375.372,0.33599999999999997,0.32,0.30999999999999994,0.33399999999999996,0.930426857951827,0.182,435.76800000000003,344.32399999999996,0.003940000000000001,0.00498,0.63,50.785927734374994,97.23702539062499,35.21666666666666,18.13333333333333,79.71552148437499,59.759951171875,19.955572265625,42.108853515625,1.9370234375,2.205794921875,13.50827734375,4.27073974609375,1.9396072387695313,0.6612167358398438,0.6838180541992187,0.9860977172851563,20.04453125,9.4140625,2.5546875,2.28125,5.79453125,0.0
ann,glove-100-angular,usearch,default,20,0.975518,4.998881951000158,2000.4473196249887,2026-04-04T15:09:52.313505,2026-04-04T15:09:57.312425,5,23.4,22.6,13.8,26.4,28.2,0.384,91167.238,0.33599999999999997,22571.858,22878.706,22761.336000000003,22955.336,0.336,0.342,0.338,0.342,0.9832946030500272,0.182,460.45799999999997,363.842,0.00398,0.00506,0.6540000000000001,55.78680664062499,107.12259960937502,38.75,19.95,83.7770546875,62.388525390625,21.38852734375,43.874638671875005,2.07369921875,2.312599609375,14.127587890625,4.2706657409667965,1.9396072387695313,0.6612236022949218,0.68382568359375,0.9860092163085937,19.95546875,9.4140625,2.5546875,2.28125,5.70546875,0.0
ann,glove-100-angular,usearch,default,21,0.975518,5.035476414999948,1985.9094107186088,2026-04-04T15:09:57.750901,2026-04-04T15:10:02.786413,5,24.4,23.8,24.6,21.4,27.2,0.38199999999999995,88102.378,0.32599999999999996,22514.606,21522.89,21149.462000000003,22915.412,0.33599999999999997,0.32,0.316,0.34199999999999997,0.922936144460331,0.182,439.51000000000005,347.162,0.003940000000000001,0.004960000000000001,0.646,53.768482421875,102.07027734375,36.96666666666667,19.283333333333335,80.51058203125,59.77333593749999,20.7372421875,42.0544765625,1.9831171875000002,2.21627734375,13.519458984375001,4.270724487304688,1.9396224975585938,0.6612388610839843,0.6838424682617188,0.9860206604003906,20.0453125,9.4140625,2.5546875,2.28125,5.7953125,0.0
ann,glove-100-angular,usearch,default,22,0.975518,4.992312459000004,2003.07975154325,2026-04-04T15:10:03.228588,2026-04-04T15:10:08.220938,5,24.0,23.0,29.8,28.4,25.6,0.4,84947.47799999999,0.31799999999999995,22311.966,20685.126,20655.818,21294.568,0.33399999999999996,0.308,0.30599999999999994,0.316,0.9257731030963385,0.184,428.794,338.928,0.00394,0.00504,0.648,50.54830078125,96.495521484375,34.86666666666667,17.899999999999995,84.561025390625,63.15509765625001,21.405931640625,44.4904765625,2.0642363281250002,2.3204414062500005,14.279937499999999,4.270664978027344,1.9396080017089843,0.661224365234375,0.68382568359375,0.9860069274902343,19.95546875,9.4140625,2.5546875,2.28125,5.70546875,0.0
ann,glove-100-angular,usearch,default,23,0.975518,4.981237053999848,2007.5334483369288,2026-04-04T15:10:08.661864,2026-04-04T15:10:13.643136,5,25.4,24.8,12.8,31.2,28.2,0.384,89670.514,0.33399999999999996,22159.417999999998,21997.120000000003,22308.902000000002,23205.068000000003,0.33,0.32799999999999996,0.33199999999999996,0.34400000000000003,0.9479446472641235,0.182,449.44399999999996,355.228,0.00396,0.00502,0.642,53.90062109375,104.04493750000002,37.699999999999996,19.2,80.321599609375,60.028068359375006,20.293535156249998,42.290376953125005,1.9723730468749998,2.15953515625,13.605781250000001,4.27066650390625,1.9396026611328125,0.6612098693847657,0.6838111877441406,0.9860427856445313,20.00390625,9.4140625,2.5546875,2.28125,5.75390625,0.0
ann,glove-100-angular,usearch,default,24,0.975518,4.995497017000162,2001.8028168106257,2026-04-04T15:10:14.082852,2026-04-04T15:10:19.078386,5,26.0,25.0,22.4,30.0,28.8,0.38999999999999996,85824.388,0.322,22306.012,20851.286,20781.992000000002,21885.096,0.33399999999999996,0.30999999999999994,0.308,0.324,0.9316767156764734,0.182,432.936,342.14799999999997,0.00396,0.00502,0.636,50.600021484375006,97.19933203125,35.166666666666664,18.166666666666668,85.45242578125,64.00355078125,21.44887890625,45.1736171875,2.082630859375,2.346619140625,14.400685546875001,4.270745849609375,1.939605712890625,0.6612190246582031,0.6838218688964843,0.9860992431640625,20.05078125,9.4140625,2.5546875,2.28125,5.80078125,0.0
ann,glove-100-angular,usearch,default,25,0.975518,4.999632145000078,2000.1471528261495,2026-04-04T15:10:19.515897,2026-04-04T15:10:24.515566,5,24.2,23.4,19.2,26.4,28.0,0.384,90870.46599999999,0.34199999999999997,22868.136000000002,22560.436,22178.422,23263.469999999998,0.34199999999999997,0.336,0.332,0.346,0.9533582909170473,0.182,455.85599999999994,360.106,0.00396,0.00498,0.652,55.417861328125,105.95112890625,38.35,19.849999999999998,81.684953125,60.795466796875004,20.889484375000002,42.720478515625004,2.0152558593750003,2.256068359375,13.803660156249999,4.270575714111328,1.939593505859375,0.6611984252929688,0.6837982177734375,0.9859855651855469,19.95546875,9.4140625,2.5546875,2.28125,5.70546875,0.0
ann,glove-100-angular,usearch,default,26,0.975518,4.980004605999966,2008.0302712876785,2026-04-04T15:10:24.953864,2026-04-04T15:10:29.933906,5,25.8,24.8,33.6,25.2,27.6,0.38599999999999995,86474.44,0.322,22617.092,20990.086,20823.43,22043.829999999998,0.33799999999999997,0.30999999999999994,0.30999999999999994,0.32999999999999996,0.9206944022688681,0.182,434.93,343.778,0.00396,0.00502,0.638,51.649613281250005,98.31836328125,35.60000000000001,18.483333333333334,86.136908203125,64.27466796875,21.862240234375,45.38009375,2.055904296875,2.35198046875,14.486689453125,4.270734786987305,1.9396047592163086,0.6612167358398438,0.6838159561157227,0.9860973358154297,20.05078125,9.4140625,2.5546875,2.28125,5.80078125,0.0
ann,glove-100-angular,usearch,default,27,0.975518,4.975034809999897,2010.036187063424,2026-04-04T15:10:30.374352,2026-04-04T15:10:35.349423,5,24.4,22.8,18.8,26.6,29.0,0.384,91179.95,0.33999999999999997,22789.806,22827.077999999998,22427.472,23135.6,0.33999999999999997,0.34,0.334,0.34400000000000003,0.9693922785663653,0.182,459.14399999999995,362.564,0.00398,0.005040000000000001,0.65,55.228769531249995,106.23722460937499,38.416666666666664,19.8,83.28433007812501,62.149125000000005,21.135208984375,43.715292968750006,2.0524296875,2.302953125,14.078447265624998,4.270762634277344,1.9396034240722657,0.661224365234375,0.6838264465332031,0.9861083984375,20.05078125,9.4140625,2.5546875,2.28125,5.80078125,0.0
ann,glove-100-angular,usearch,default,28,0.975518,4.996443863000195,2001.423467208804,2026-04-04T15:10:35.786113,2026-04-04T15:10:40.782594,5,25.0,24.8,13.2,26.2,28.4,0.38199999999999995,88506.60800000001,0.332,22617.946000000004,21510.194,21630.254,22748.214,0.33599999999999997,0.32199999999999995,0.32,0.34199999999999997,0.9455772659778917,0.182,445.024,351.822,0.003940000000000001,0.005040000000000001,0.6399999999999999,53.507115234375,102.52378515625,37.11666666666667,19.05,80.44322265625,59.896169921875,20.547052734375,42.176978515625,2.0013769531250003,2.2049609375,13.512853515625,4.270654296875,1.939599609375,0.6612014770507812,0.6838081359863282,0.9860458374023438,20.00390625,9.4140625,2.5546875,2.28125,5.75390625,0.0
ann,glove-100-angular,usearch,default,29,0.975518,4.961481235000065,2015.527123121301,2026-04-04T15:10:41.223513,2026-04-04T15:10:46.185035,5,25.6,25.6,12.2,35.2,25.8,0.398,85870.868,0.32,22977.829999999998,20732.464,20588.154000000002,21572.417999999998,0.34199999999999997,0.30999999999999994,0.304,0.32,0.8960007972902578,0.184,433.058,342.552,0.00396,0.00504,0.64,50.5751640625,97.378669921875,35.300000000000004,18.066666666666666,85.05918164062498,63.65132421874999,21.407859375,44.800728515624996,2.108302734375,2.3308027343749997,14.411490234375,4.270761108398437,1.9396080017089843,0.661224365234375,0.6838226318359375,0.9861061096191406,20.05078125,9.4140625,2.5546875,2.28125,5.80078125,0.0
ann,glove-100-angular,usearch,default,30,0.975518,4.96282958200004,2014.9795262504176,2026-04-04T15:10:46.625123,2026-04-04T15:10:51.587994,5,25.4,23.4,29.6,31.4,28.0,0.384,90349.34599999999,0.34,22377.128,22327.356,22381.372,23263.494,0.33399999999999996,0.332,0.33199999999999996,0.348,0.9597593551510363,0.182,454.61800000000005,359.236,0.00396,0.005040000000000001,0.6439999999999999,54.520535156250006,104.145486328125,37.71666666666666,19.416666666666668,80.48905273437501,60.073158203125004,20.415896484375004,42.277773437499995,1.9583417968749999,2.2193125,13.6177265625,4.270721435546875,1.9395980834960938,0.6612091064453125,0.6838172912597656,0.9860969543457031,20.05078125,9.4140625,2.5546875,2.28125,5.80078125,0.0
ann,glove-100-angular,usearch,imbalanced-memory,1,0.975518,7.27894571600018,1373.8253299538349,2026-04-04T15:41:59.086300,2026-04-04T15:42:06.365279,8,22.0,21.75,86.375,61.25,78.25,0.27749999999999997,57284.8425,0.21125,14223.2375,13528.93,14992.77125,14539.900000000001,0.20999999999999996,0.2025,0.22125,0.21750000000000003,0.9023635306914991,0.1875,277.72375,215.58875,0.004075,0.0059125,0.6699999999999999,35.28343872070313,64.9469287109375,23.458333333333332,12.645833333333334,58.42203404017857,42.739024832589294,15.683011997767858,42.534109933035715,0.04941964285714285,0.09498325892857142,0.060510602678571425,2.2467007637023926,2.1333584785461426,0.04799652099609375,0.034168243408203125,0.031177520751953125,16.1220703125,12.4814453125,0.62890625,0.484375,2.52734375,0.0
ann,glove-100-angular,usearch,imbalanced-memory,2,0.975518,6.289788296000097,1589.878630153476,2026-04-04T15:42:06.804222,2026-04-04T15:42:13.094050,6,26.833333333333332,26.333333333333332,96.16666666666667,66.83333333333333,83.66666666666667,0.29833333333333334,69730.12166666666,0.25833333333333336,19027.91833333333,16917.59,17251.395,16533.215,0.2833333333333334,0.25,0.25500000000000006,0.24833333333333332,0.8688924721227608,0.18333333333333332,335.18333333333334,263.70666666666665,0.003766666666666667,0.0048,0.6533333333333333,41.48241536458334,75.33881998697917,27.305555555555557,14.944444444444445,67.50162923177083,49.64307291666666,17.8585546875,49.41998209635417,0.05567545572916668,0.10092285156250001,0.06649414062499999,2.2687721252441406,2.1554298400878906,0.04799652099609375,0.034168243408203125,0.031177520751953125,16.14453125,12.50390625,0.62890625,0.484375,2.52734375,0.0
ann,glove-100-angular,usearch,imbalanced-memory,3,0.975518,6.339040651999767,1577.525772270496,2026-04-04T15:42:13.534890,2026-04-04T15:42:19.873968,6,25.0,24.833333333333332,95.83333333333333,70.16666666666667,84.5,0.2966666666666667,72162.03333333334,0.26833333333333337,18868.311666666665,17849.63333333333,18013.096666666668,17430.993333333336,0.27999999999999997,0.26666666666666666,0.26666666666666666,0.26166666666666666,0.9238236913442267,0.18666666666666665,345.7433333333333,271.705,0.003766666666666667,0.0048,0.6666666666666666,43.7269677734375,79.26212890625,28.805555555555554,15.791666666666666,61.905235770089284,45.58455496651785,16.32068080357143,45.371827566964285,0.05422154017857144,0.09631277901785715,0.06219029017857143,2.268789927164714,2.155447642008464,0.04799652099609375,0.034168243408203125,0.031177520751953125,16.14453125,12.50390625,0.62890625,0.484375,2.52734375,0.0
ann,glove-100-angular,usearch,imbalanced-memory,4,0.975518,6.299480539999877,1587.4324774087158,2026-04-04T15:42:20.312095,2026-04-04T15:42:26.611609,6,24.0,23.5,96.66666666666667,68.5,85.5,0.29333333333333333,74161.30500000001,0.2783333333333333,18836.413333333334,18417.931666666667,18562.528333333332,18344.428333333333,0.28,0.275,0.27666666666666667,0.2733333333333334,0.9738811741230283,0.18666666666666665,355.115,278.71666666666664,0.003766666666666667,0.0047666666666666664,0.6733333333333333,45.5841162109375,82.52363118489585,29.986111111111104,16.47222222222222,62.961824544270826,46.3661572265625,16.595662434895832,46.156536458333335,0.05236002604166667,0.0952783203125,0.06199055989583333,2.2686969212123325,2.1553546360560825,0.04799652099609375,0.034168243408203125,0.031177520751953125,16.077008928571427,12.436383928571429,0.62890625,0.484375,2.52734375,0.0
ann,glove-100-angular,usearch,imbalanced-memory,5,0.975518,6.277808524000193,1592.9125524886258,2026-04-04T15:42:27.050110,2026-04-04T15:42:33.327954,7,22.857142857142858,22.571428571428573,96.0,68.14285714285714,84.14285714285714,0.3085714285714286,66981.43,0.24714285714285714,16760.525714285715,16546.499999999996,17334.47142857143,16339.935714285715,0.25142857142857145,0.24571428571428575,0.2571428571428572,0.24714285714285716,0.9426267066530523,0.18857142857142856,321.68,252.3814285714286,0.0037571428571428578,0.004771428571428571,0.6771428571428572,41.01328404017857,74.62788364955357,27.11904761904762,14.79761904761905,65.5389013671875,48.278115234375,17.26078776041667,48.06611653645833,0.052848307291666674,0.09458496093750002,0.06456868489583334,2.2687015533447266,2.1553592681884766,0.04799652099609375,0.034168243408203125,0.031177520751953125,16.06640625,12.42578125,0.62890625,0.484375,2.52734375,0.0
ann,glove-100-angular,usearch,imbalanced-memory,6,0.975518,6.315806164000151,1583.3291491749085,2026-04-04T15:42:33.770819,2026-04-04T15:42:40.086664,6,26.5,26.5,97.16666666666667,69.33333333333333,82.66666666666667,0.29833333333333334,70258.19,0.26166666666666666,19192.601666666666,16950.22,17405.108333333334,16710.25833333333,0.285,0.25166666666666665,0.25833333333333336,0.25000000000000006,0.8706614467154488,0.18333333333333332,338.04833333333335,265.90333333333336,0.003766666666666667,0.004783333333333333,0.6533333333333333,41.77355143229166,75.87415852864584,27.555555555555554,15.055555555555555,67.9451806640625,50.07194498697916,17.87323404947917,49.85046549479167,0.05478515625,0.09829264322916666,0.06840169270833334,2.2687733968098955,2.1554311116536455,0.04799652099609375,0.034168243408203125,0.031177520751953125,16.14453125,12.50390625,0.62890625,0.484375,2.52734375,0.0
ann,glove-100-angular,usearch,imbalanced-memory,7,0.975518,6.2982558660000905,1587.7411481459585,2026-04-04T15:42:40.525039,2026-04-04T15:42:46.823334,6,25.166666666666668,24.166666666666668,96.33333333333333,69.0,84.0,0.2966666666666667,72418.97833333332,0.26833333333333337,18743.444999999996,17809.56,18007.143333333333,17858.82833333333,0.28,0.26333333333333336,0.26833333333333337,0.265,0.9501753813133074,0.18666666666666665,346.40000000000003,271.87166666666667,0.003766666666666667,0.004783333333333333,0.6683333333333333,44.086787109374995,79.8197607421875,28.95833333333334,15.875,61.550870535714296,45.238413783482144,16.31245535714286,45.02153459821428,0.05315708705357143,0.09876255580357142,0.06496233258928572,2.268786112467448,2.155443827311198,0.04799652099609375,0.034168243408203125,0.031177520751953125,16.14453125,12.50390625,0.62890625,0.484375,2.52734375,0.0
ann,glove-100-angular,usearch,imbalanced-memory,8,0.975518,6.267752065999957,1595.4683425092692,2026-04-04T15:42:47.263586,2026-04-04T15:42:53.531374,7,21.285714285714285,21.142857142857142,94.0,67.71428571428571,84.42857142857143,0.31,67800.20571428572,0.25142857142857145,16608.684285714284,16969.764285714286,17430.564285714285,16791.192857142854,0.24714285714285714,0.2528571428571429,0.2585714285714286,0.25142857142857145,0.9528483423411831,0.18999999999999997,324.3514285714286,254.57142857142858,0.0037285714285714287,0.004728571428571428,0.6914285714285714,41.84452427455357,75.96640904017856,27.583333333333332,15.095238095238097,63.70695475260417,46.980550130208336,16.726404622395833,46.7700732421875,0.053227539062499996,0.09428548177083333,0.06296386718750001,2.268711635044643,2.155369349888393,0.04799652099609375,0.034168243408203125,0.031177520751953125,16.077008928571427,12.436383928571429,0.62890625,0.484375,2.52734375,0.0
ann,glove-100-angular,usearch,imbalanced-memory,9,0.975518,6.327251056000023,1580.465183299021,2026-04-04T15:42:53.969075,2026-04-04T15:43:00.296362,6,26.333333333333332,25.666666666666668,96.5,68.5,83.16666666666667,0.3016666666666667,69154.335,0.25666666666666665,18675.47333333333,16679.809999999998,17167.77,16631.28,0.2783333333333333,0.2466666666666667,0.25500000000000006,0.24833333333333338,0.8905412839156955,0.18499999999999997,332.48,261.555,0.0037833333333333334,0.0048,0.6583333333333333,41.291708984375,75.03014648437501,27.277777777777775,14.875,66.1976806640625,48.67282063802083,17.52486002604167,48.45710123697916,0.053590494791666665,0.09435546875,0.06777343749999999,2.268788019816081,2.155445734659831,0.04799652099609375,0.034168243408203125,0.031177520751953125,16.14453125,12.50390625,0.62890625,0.484375,2.52734375,0.0
ann,glove-100-angular,usearch,imbalanced-memory,10,0.975518,6.289063888999863,1590.061760620829,2026-04-04T15:43:00.735792,2026-04-04T15:43:07.024889,6,25.833333333333332,25.166666666666668,97.16666666666667,68.66666666666667,84.83333333333333,0.2966666666666667,70566.47000000002,0.26166666666666666,18683.426666666666,17162.713333333333,17549.791666666668,17170.538333333334,0.27666666666666667,0.25500000000000006,0.26166666666666666,0.25500000000000006,0.9186062942058452,0.18333333333333332,337.50666666666666,265.2716666666667,0.0037500000000000003,0.004783333333333333,0.6616666666666667,42.5390625,77.06451009114583,28.01388888888889,15.333333333333334,61.95086495535714,45.55040876116072,16.40045200892857,45.33912527901786,0.05157087053571428,0.09587332589285713,0.06384207589285715,2.268789291381836,2.155447006225586,0.04799652099609375,0.034168243408203125,0.031177520751953125,16.14453125,12.50390625,0.62890625,0.484375,2.52734375,0.0
ann,glove-100-angular,usearch,imbalanced-memory,11,0.975518,6.333472871999675,1578.9125811543404,2026-04-04T15:43:07.462855,2026-04-04T15:43:13.796365,6,24.833333333333332,24.666666666666668,97.16666666666667,69.33333333333333,84.5,0.2966666666666667,73351.36166666665,0.2733333333333334,19174.804999999997,17810.2,18254.243333333332,18112.12,0.2866666666666666,0.26666666666666666,0.27166666666666667,0.27,0.9288334353335016,0.18666666666666665,351.8316666666667,276.2866666666667,0.003766666666666667,0.004783333333333333,0.6683333333333333,44.5709033203125,80.76578776041667,29.305555555555557,16.055555555555554,61.334930245535716,45.19433872767858,16.140588727678573,44.981095145089284,0.050937500000000004,0.09741768973214285,0.06488978794642858,2.2686969212123325,2.1553546360560825,0.04799652099609375,0.034168243408203125,0.031177520751953125,16.077566964285715,12.436941964285714,0.62890625,0.484375,2.52734375,0.0
ann,glove-100-angular,usearch,imbalanced-memory,12,0.975518,6.290651186000105,1589.6605461538038,2026-04-04T15:43:14.237904,2026-04-04T15:43:20.528590,7,21.714285714285715,21.428571428571427,96.71428571428571,68.42857142857143,82.28571428571429,0.3085714285714286,67183.35571428572,0.25,16424.030000000002,16686.51142857143,17405.63142857143,16667.178571428572,0.24571428571428572,0.24857142857142858,0.2571428571428572,0.25142857142857145,0.9436043769742175,0.18999999999999997,321.9885714285714,252.47714285714287,0.0037285714285714287,0.004742857142857143,0.6885714285714286,41.45651506696429,75.27922293526785,27.357142857142858,14.94047619047619,63.98202962239583,47.14970540364584,16.832320963541665,46.940996093749995,0.051238606770833334,0.09228352864583333,0.065185546875,2.2687104543050127,2.1553681691487627,0.04799652099609375,0.034168243408203125,0.031177520751953125,16.065755208333332,12.425130208333334,0.62890625,0.484375,2.52734375,0.0
ann,glove-100-angular,usearch,imbalanced-memory,13,0.975518,6.35536339500004,1573.474147499938,2026-04-04T15:43:20.964947,2026-04-04T15:43:27.320347,6,26.166666666666668,25.666666666666668,97.16666666666667,68.66666666666667,83.66666666666667,0.3,68983.36666666667,0.25666666666666665,18516.818333333333,16710.343333333334,17167.015,16589.188333333335,0.2783333333333333,0.24833333333333338,0.25500000000000006,0.2466666666666667,0.8958984224341638,0.18499999999999997,331.6333333333334,260.73333333333335,0.0037833333333333334,0.004783333333333333,0.6566666666666666,41.28390299479167,75.01854654947917,27.26388888888889,14.833333333333334,66.29766764322916,48.73313964843749,17.564527994791664,48.51497721354167,0.05419270833333334,0.09673014322916668,0.06723795572916667,2.2687848409016924,2.1554425557454424,0.04799652099609375,0.034168243408203125,0.031177520751953125,16.14453125,12.50390625,0.62890625,0.484375,2.52734375,0.0
ann,glove-100-angular,usearch,imbalanced-memory,14,0.975518,6.304410336000274,1586.1911688864357,2026-04-04T15:43:27.760981,2026-04-04T15:43:34.065427,6,25.833333333333332,25.166666666666668,97.5,68.33333333333333,84.5,0.2966666666666667,70623.68666666668,0.26166666666666666,18715.105,17165.638333333332,17552.726666666666,17190.211666666666,0.27666666666666667,0.25500000000000006,0.26,0.25500000000000006,0.9172076957801376,0.18333333333333332,337.71333333333337,265.3316666666667,0.0037500000000000003,0.0047666666666666664,0.6616666666666667,42.559117838541674,77.09917480468751,27.972222222222225,15.361111111111109,61.86400251116071,45.449303850446434,16.414698660714286,45.23673828125,0.05180106026785714,0.09705357142857142,0.0637109375,2.268788019816081,2.155445734659831,0.04799652099609375,0.034168243408203125,0.031177520751953125,16.14453125,12.50390625,0.62890625,0.484375,2.52734375,0.0
ann,glove-100-angular,usearch,imbalanced-memory,15,0.975518,6.305574980000074,1585.8981982956109,2026-04-04T15:43:34.503947,2026-04-04T15:43:40.809558,6,25.0,24.833333333333332,93.83333333333333,70.33333333333333,84.5,0.2966666666666667,73299.57666666668,0.27166666666666667,19264.388333333332,17807.961666666666,18251.126666666667,17976.096666666668,0.2883333333333333,0.26666666666666666,0.27166666666666667,0.26666666666666666,0.924397980280194,0.18499999999999997,352.24,276.90999999999997,0.003766666666666667,0.0048,0.6649999999999999,44.39313151041666,80.48445638020834,29.277777777777782,16.01388888888889,61.30524693080357,45.15416294642857,16.151083984375,44.94220703125,0.052575334821428565,0.09577008928571429,0.06360909598214286,2.268719264439174,2.155376979282924,0.04799652099609375,0.034168243408203125,0.031177520751953125,16.077566964285715,12.436941964285714,0.62890625,0.484375,2.52734375,0.0
ann,glove-100-angular,usearch,imbalanced-memory,16,0.975518,6.337368985000012,1577.9418909754363,2026-04-04T15:43:41.248783,2026-04-04T15:43:47.586192,7,21.571428571428573,21.285714285714285,95.0,69.14285714285714,84.85714285714286,0.3085714285714286,67173.29142857142,0.25142857142857145,16187.07857142857,16908.15142857143,17443.26714285714,16634.79285714286,0.24142857142857146,0.25000000000000006,0.2585714285714286,0.25142857142857145,0.9279843299342596,0.18857142857142856,320.86999999999995,251.62142857142857,0.0037142857142857142,0.0047428571428571415,0.6899999999999998,41.66089704241072,75.56774972098215,27.511904761904763,15.05952380952381,63.920665690104165,47.09567545572917,16.824988606770834,46.888509114583336,0.05370442708333333,0.09154134114583334,0.06192220052083333,2.2687142690022783,2.1553719838460283,0.04799652099609375,0.034168243408203125,0.031177520751953125,16.065755208333332,12.425130208333334,0.62890625,0.484375,2.52734375,0.0
ann,glove-100-angular,usearch,imbalanced-memory,17,0.975518,6.286869170000045,1590.616844345741,2026-04-04T15:43:48.023741,2026-04-04T15:43:54.310645,6,26.5,26.333333333333332,97.16666666666667,69.33333333333333,84.0,0.30333333333333334,69086.59333333334,0.25666666666666665,18984.185,16779.45333333333,17089.016666666666,16233.941666666666,0.285,0.24833333333333338,0.25333333333333335,0.24333333333333337,0.8551297654688186,0.18499999999999997,333.11,262.135,0.0037833333333333334,0.0048,0.655,40.95345865885417,74.49083821614583,27.041666666666668,14.763888888888888,66.262431640625,48.8106787109375,17.451751302083334,48.59867838541667,0.053640950520833335,0.09318684895833333,0.06517252604166666,2.268796920776367,2.155454635620117,0.04799652099609375,0.034168243408203125,0.031177520751953125,16.14453125,12.50390625,0.62890625,0.484375,2.52734375,0.0
ann,glove-100-angular,usearch,imbalanced-memory,18,0.975518,6.297998694999933,1587.8059815952545,2026-04-04T15:43:54.748543,2026-04-04T15:44:01.046579,6,26.0,26.0,97.16666666666667,69.16666666666667,84.33333333333333,0.3,71220.68333333333,0.26333333333333336,19189.325,17068.09,17691.085,17272.183333333334,0.2883333333333334,0.255,0.26333333333333336,0.25666666666666665,0.8894575499659315,0.18333333333333332,342.2,269.17333333333335,0.003766666666666667,0.0048000000000000004,0.6583333333333333,42.596920572916666,77.30252278645834,28.083333333333332,15.347222222222223,62.23938058035714,45.803507254464286,16.435873325892853,45.59060407366071,0.0515625,0.0975,0.06384068080357143,2.268800735473633,2.155458450317383,0.04799652099609375,0.034168243408203125,0.031177520751953125,16.14453125,12.50390625,0.62890625,0.484375,2.52734375,0.0
ann,glove-100-angular,usearch,imbalanced-memory,19,0.975518,6.283216834000086,1591.5414451220995,2026-04-04T15:44:01.489372,2026-04-04T15:44:07.772624,6,24.5,24.333333333333332,93.83333333333333,70.16666666666667,85.33333333333333,0.2966666666666667,73561.88333333335,0.275,19012.948333333334,17981.675,18357.826666666664,18209.431666666667,0.285,0.26833333333333337,0.2733333333333334,0.27,0.9457594206194041,0.18666666666666665,352.455,276.64833333333337,0.003766666666666667,0.0047666666666666664,0.6716666666666667,44.86984700520833,81.25409016927084,29.527777777777775,16.180555555555557,63.04615885416666,46.49062174479167,16.555535481770832,46.2813818359375,0.05337890625,0.09325358072916667,0.06261393229166666,2.2687459673200334,2.1554036821637834,0.04799652099609375,0.034168243408203125,0.031177520751953125,16.13671875,12.49609375,0.62890625,0.484375,2.52734375,0.0
ann,glove-100-angular,usearch,imbalanced-memory,20,0.975518,6.28976712199983,1589.8839823533087,2026-04-04T15:44:08.211610,2026-04-04T15:44:14.501414,7,22.142857142857142,21.857142857142858,95.42857142857143,68.28571428571429,82.71428571428571,0.3071428571428571,67430.07142857143,0.25,16446.93285714286,16565.55571428571,17437.995714285713,16979.587142857144,0.24428571428571427,0.2485714285714286,0.2585714285714286,0.25285714285714284,0.9431664697376347,0.18857142857142856,322.5,252.90285714285713,0.0037285714285714287,0.0047571428571428565,0.687142857142857,41.68862025669643,75.70000418526786,27.52380952380952,15.011904761904761,64.66213378906251,47.68150065104167,16.980634765625,47.4694482421875,0.052275390625,0.09263834635416666,0.06714680989583333,2.268718083699544,2.155375798543294,0.04799652099609375,0.034168243408203125,0.031177520751953125,16.065755208333332,12.425130208333334,0.62890625,0.484375,2.52734375,0.0
ann,glove-100-angular,usearch,imbalanced-memory,21,0.975518,6.303089851000095,1586.5234728350454,2026-04-04T15:44:14.941142,2026-04-04T15:44:21.244269,6,27.166666666666668,26.666666666666668,97.5,68.33333333333333,84.16666666666667,0.3,69858.41333333333,0.26,19313.15166666667,16565.475000000002,17263.34833333334,16716.44,0.28833333333333333,0.24833333333333332,0.25666666666666665,0.24833333333333332,0.8577302806869689,0.18499999999999997,336.6666666666667,265.0833333333333,0.0038,0.0048,0.6516666666666667,41.33568522135417,75.1271533203125,27.319444444444443,14.902777777777779,67.35444986979167,49.56990071614583,17.784552408854168,49.35096679687501,0.0533251953125,0.09897135416666668,0.0666357421875,2.2688051859537763,2.1554629007975263,0.04799652099609375,0.034168243408203125,0.031177520751953125,16.14453125,12.50390625,0.62890625,0.484375,2.52734375,0.0
ann,glove-100-angular,usearch,imbalanced-memory,22,0.975518,6.2762386979998155,1593.310975120643,2026-04-04T15:44:21.684036,2026-04-04T15:44:27.960312,6,25.833333333333332,25.333333333333332,94.83333333333333,68.16666666666667,84.5,0.29833333333333334,72108.38166666667,0.26833333333333337,19247.711666666666,17367.508333333335,17911.978333333333,17581.181666666667,0.2866666666666667,0.26166666666666666,0.26666666666666666,0.26166666666666666,0.9023154873735207,0.18499999999999997,346.21999999999997,272.12833333333333,0.0037833333333333334,0.004783333333333333,0.6616666666666666,43.38237630208334,78.66240397135418,28.61111111111111,15.652777777777779,61.79603515625,45.486884765625,16.30915318080357,45.271435546875004,0.052399553571428566,0.09930943080357142,0.06373744419642856,2.268796920776367,2.155454635620117,0.04799652099609375,0.034168243408203125,0.031177520751953125,16.14453125,12.50390625,0.62890625,0.484375,2.52734375,0.0
ann,glove-100-angular,usearch,imbalanced-memory,23,0.975518,6.32304054999986,1581.517613389372,2026-04-04T15:44:28.399328,2026-04-04T15:44:34.722409,7,20.714285714285715,20.428571428571427,96.14285714285714,69.14285714285714,85.57142857142857,0.3071428571428571,67629.47142857143,0.25142857142857145,16312.634285714286,16651.662857142856,17595.562857142857,17069.608571428573,0.24428571428571427,0.25,0.26,0.2542857142857143,0.9270879492833177,0.18999999999999997,322.43285714285713,252.6214285714286,0.0037000000000000006,0.004714285714285713,0.6985714285714285,41.99749581473214,76.09267438616072,27.630952380952376,15.13095238095238,63.32820963541667,46.70264322916666,16.625563151041664,46.497529296874994,0.049851888020833325,0.09258626302083334,0.06267740885416666,2.2687830243791853,2.1554407392229353,0.04799652099609375,0.034168243408203125,0.031177520751953125,16.139508928571427,12.498883928571429,0.62890625,0.484375,2.52734375,0.0
ann,glove-100-angular,usearch,imbalanced-memory,24,0.975518,6.312548586000048,1584.1462229974709,2026-04-04T15:44:35.162743,2026-04-04T15:44:41.475325,7,22.571428571428573,21.857142857142858,93.14285714285714,67.57142857142857,84.71428571428571,0.30428571428571427,66650.93571428572,0.24857142857142858,15991.542857142858,16395.91571428572,17360.047142857144,16903.432857142856,0.23857142857142857,0.2442857142857143,0.26000000000000006,0.25142857142857145,0.9211693220385428,0.18857142857142856,318.3757142857143,249.48714285714286,0.0037142857142857147,0.0047571428571428565,0.6842857142857143,41.41884347098215,75.15609654017855,27.34523809523809,14.928571428571429,65.01260579427084,47.85902669270833,17.1535791015625,47.64282389322917,0.05590169270833333,0.09561686197916668,0.06468424479166666,2.268699010213216,2.155356725056966,0.04799652099609375,0.034168243408203125,0.031177520751953125,16.065755208333332,12.425130208333334,0.62890625,0.484375,2.52734375,0.0
ann,glove-100-angular,usearch,imbalanced-memory,25,0.975518,6.2927432659998885,1589.132048979444,2026-04-04T15:44:41.911659,2026-04-04T15:44:48.204434,6,26.5,26.333333333333332,94.83333333333333,69.16666666666667,83.83333333333333,0.29833333333333334,69997.81,0.26,19104.278333333332,16655.321666666667,17329.526666666665,16908.68333333333,0.285,0.25000000000000006,0.25666666666666665,0.2516666666666667,0.8718110873419541,0.18333333333333332,336.44166666666666,264.6166666666667,0.003766666666666667,0.0048,0.6549999999999999,41.67293131510417,75.65439453125,27.5,15.027777777777779,67.7395654296875,49.87716959635417,17.862395833333334,49.65466796875,0.05634277343749999,0.0982275390625,0.06793294270833333,2.2688020070393877,2.1554597218831377,0.04799652099609375,0.034168243408203125,0.031177520751953125,16.14453125,12.50390625,0.62890625,0.484375,2.52734375,0.0
ann,glove-100-angular,usearch,imbalanced-memory,26,0.975518,6.325384886999927,1580.9314656175663,2026-04-04T15:44:48.642644,2026-04-04T15:44:54.968063,6,25.166666666666668,25.166666666666668,97.66666666666667,69.5,83.83333333333333,0.2966666666666667,72503.005,0.26833333333333337,19127.541666666668,17579.066666666666,18057.003333333338,17739.388333333332,0.2866666666666667,0.26333333333333336,0.26833333333333337,0.26333333333333336,0.9190447456873923,0.18499999999999997,348.15333333333336,273.5416666666667,0.003766666666666667,0.0048,0.6633333333333333,43.79372233072917,79.41009440104166,28.916666666666668,15.805555555555557,61.75714006696428,45.45177594866072,16.305366908482142,45.23741489955358,0.05091796875,0.09778878348214286,0.06564871651785714,2.268767765590123,2.155425480433873,0.04799652099609375,0.034168243408203125,0.031177520751953125,16.14453125,12.50390625,0.62890625,0.484375,2.52734375,0.0
ann,glove-100-angular,usearch,imbalanced-memory,27,0.975518,6.298996656000327,1587.5544227308258,2026-04-04T15:44:55.406879,2026-04-04T15:45:01.705917,7,21.0,20.714285714285715,93.57142857142857,66.57142857142857,83.57142857142857,0.31,67398.16142857143,0.25,16495.658571428572,16655.20857142857,17455.25857142857,16792.035714285714,0.2457142857142857,0.25142857142857145,0.26000000000000006,0.25,0.9450251626996401,0.18999999999999997,322.61,252.96142857142857,0.0037142857142857147,0.004728571428571428,0.6928571428571428,41.599024832589286,75.47206333705357,27.4047619047619,14.976190476190476,63.29936848958334,46.67735514322917,16.622014973958333,46.467176106770836,0.05225911458333333,0.09346842447916666,0.06445149739583333,2.2687753041585283,2.1554330190022783,0.04799652099609375,0.034168243408203125,0.031177520751953125,16.141276041666668,12.500651041666666,0.62890625,0.484375,2.52734375,0.0
ann,glove-100-angular,usearch,imbalanced-memory,28,0.975518,6.345527003999905,1575.913236788134,2026-04-04T15:45:02.143446,2026-04-04T15:45:08.489007,7,22.428571428571427,21.857142857142858,96.85714285714286,68.57142857142857,84.14285714285714,0.3057142857142857,66529.74857142856,0.24857142857142858,16001.937142857145,16807.184285714284,17151.018571428573,16569.609999999997,0.23857142857142857,0.25142857142857145,0.2557142857142857,0.24714285714285714,0.9330021465613912,0.18857142857142856,317.5814285714286,248.8657142857143,0.0036857142857142857,0.0047571428571428565,0.6842857142857143,41.3308203125,75.03274832589285,27.238095238095237,14.88095238095238,65.55996582031251,48.23384765625,17.326116536458333,48.01994954427084,0.05326497395833334,0.09493815104166665,0.06569173177083333,2.2687301635742188,2.1553878784179688,0.04799652099609375,0.034168243408203125,0.031177520751953125,16.065755208333332,12.425130208333334,0.62890625,0.484375,2.52734375,0.0
ann,glove-100-angular,usearch,imbalanced-memory,29,0.975518,6.3426512369997,1576.6277580683052,2026-04-04T15:45:08.924946,2026-04-04T15:45:15.267634,6,26.333333333333332,25.833333333333332,94.66666666666667,69.16666666666667,83.66666666666667,0.2966666666666667,69852.975,0.26,18809.14,16949.065000000002,17281.403333333335,16813.366666666665,0.28,0.2516666666666667,0.25666666666666665,0.25000000000000006,0.8938934298254287,0.18333333333333332,334.7316666666666,263.18,0.003766666666666667,0.004783333333333333,0.6566666666666666,41.83559895833333,75.85579915364583,27.583333333333332,15.111111111111109,67.8993359375,49.89653483072916,18.002801106770836,49.67099772135416,0.057866210937499996,0.09850423177083334,0.0691650390625,2.2687301635742188,2.1553878784179688,0.04799652099609375,0.034168243408203125,0.031177520751953125,16.06640625,12.42578125,0.62890625,0.484375,2.52734375,0.0
ann,glove-100-angular,usearch,imbalanced-memory,30,0.975518,6.291087120000157,1589.5503923652152,2026-04-04T15:45:15.705188,2026-04-04T15:45:21.996312,6,25.333333333333332,25.333333333333332,97.66666666666667,70.16666666666667,83.83333333333333,0.29833333333333334,72137.63833333332,0.26833333333333337,19137.41833333333,17740.066666666666,17909.953333333335,17350.198333333334,0.28500000000000003,0.26333333333333336,0.26666666666666666,0.26,0.9066112278641556,0.18666666666666665,346.04833333333335,271.92,0.0037833333333333334,0.0048,0.6616666666666666,43.478063151041674,78.82126302083333,28.66666666666667,15.694444444444445,61.54200055803572,45.295825892857145,16.246171874999998,45.08507254464286,0.05245814732142857,0.09572265625,0.06257672991071428,2.2687040056501115,2.1553617204938615,0.04799652099609375,0.034168243408203125,0.031177520751953125,16.078683035714285,12.438058035714286,0.62890625,0.484375,2.52734375,0.0
ann,glove-100-angular,usearch,interleaved-memory,1,0.975518,4.976679127999887,2009.372061730444,2026-04-04T16:12:15.305798,2026-04-04T16:12:20.282510,5,25.0,25.8,25.4,25.2,23.6,0.41999999999999993,91374.60800000001,0.34199999999999997,23017.776,23563.11,22901.068,21892.658,0.34199999999999997,0.352,0.344,0.32799999999999996,0.9291073207229436,0.19,474.166,374.01200000000006,0.00402,0.005339999999999999,0.612,55.275791015624996,104.97742187499998,38.05,19.849999999999998,102.2414892578125,76.40955078125,25.8319384765625,19.92441650390625,19.30935546875,19.31318359375,17.86259521484375,2.2658920288085938,0.6979850769042968,0.5302955627441406,0.5083778381347656,0.5292488098144531,16.071875,6.65625,2.6296875,2.53359375,4.253125,0.0
ann,glove-100-angular,usearch,interleaved-memory,2,0.975518,3.709303810000165,2695.9236860136175,2026-04-04T16:12:20.730080,2026-04-04T16:12:24.439421,4,25.0,25.25,24.0,25.0,25.0,0.485,107980.54250000001,0.40249999999999997,27162.817499999997,26484.265,27631.717500000002,26701.745,0.40249999999999997,0.39499999999999996,0.41,0.39999999999999997,0.9584733558455061,0.17250000000000001,557.2825,444.01250000000005,0.004075,0.005124999999999999,0.6175,65.2441064453125,120.8917431640625,43.916666666666664,23.541666666666668,110.63909423828125,83.20474609375,27.43434326171875,21.735571289062502,21.13156494140625,20.871799316406253,19.465808105468753,2.3080279032389326,0.7085393269856771,0.5408312479654949,0.5189221700032551,0.5397351582845051,16.12109375,6.666666666666667,2.63671875,2.55078125,4.266927083333333,0.0
ann,glove-100-angular,usearch,interleaved-memory,3,0.975518,3.744706543000575,2670.4362238187978,2026-04-04T16:12:24.887917,2026-04-04T16:12:28.632655,4,25.0,24.75,24.25,25.25,25.25,0.49,109442.92499999999,0.41,27300.947500000002,26861.767499999998,28088.762499999997,27191.449999999997,0.40499999999999997,0.39999999999999997,0.4175,0.4075,0.9563172282865791,0.17250000000000001,566.3175,450.9775,0.004075,0.00515,0.62,66.07930419921875,122.81407958984376,44.666666666666664,23.791666666666668,107.86564208984376,81.18283447265625,26.6828076171875,21.201770019531253,20.60757568359375,20.375207519531248,18.9982763671875,2.308041572570801,0.7085380554199219,0.5408315658569336,0.5189228057861328,0.5397491455078125,16.12109375,6.65625,2.64453125,2.5625,4.2578125,0.0
ann,glove-100-angular,usearch,interleaved-memory,4,0.975518,3.7297494389995336,2681.14525212782,2026-04-04T16:12:29.075658,2026-04-04T16:12:32.805441,4,25.0,24.75,23.75,25.25,25.25,0.49,108694.8175,0.40499999999999997,27069.617500000004,26506.68,27898.7675,27219.7575,0.39999999999999997,0.39499999999999996,0.415,0.40499999999999997,0.9501021864137904,0.17250000000000001,562.0125,447.59499999999997,0.004075,0.00515,0.62,65.61492431640625,121.93419677734374,44.25,23.5,105.87902587890625,79.7348779296875,26.14414794921875,20.842822265625,20.2545751953125,19.989099121093748,18.648381347656247,2.307910919189453,0.7085132598876953,0.5407991409301758,0.518885612487793,0.5397129058837891,16.00390625,6.619140625,2.603515625,2.5341796875,4.2470703125,0.0
ann,glove-100-angular,usearch,interleaved-memory,5,0.975518,3.733793940000396,2678.2409958057137,2026-04-04T16:12:33.253949,2026-04-04T16:12:36.987779,3,25.0,25.0,25.0,25.0,25.0,0.48333333333333334,121790.62333333334,0.4566666666666666,30070.31666666667,30432.190000000002,30835.34,30452.766666666666,0.4466666666666666,0.4533333333333333,0.45999999999999996,0.4533333333333333,0.9751900470909894,0.17333333333333334,629.7866666666667,501.93333333333334,0.0041,0.005166666666666667,0.62,73.83797851562501,136.54983723958333,49.611111111111114,26.5,106.0805712890625,79.8945751953125,26.1859912109375,20.881005859375,20.29182861328125,20.05417236328125,18.667568359375,2.307906150817871,0.7085113525390625,0.5407953262329102,0.5188884735107422,0.5397109985351562,16.0048828125,6.642578125,2.6005859375,2.517578125,4.244140625,0.0
ann,glove-100-angular,usearch,interleaved-memory,6,0.975518,3.765405528999509,2655.7564445540775,2026-04-04T16:12:37.432404,2026-04-04T16:12:41.197846,4,25.0,25.25,24.0,25.25,25.0,0.485,114201.80500000001,0.4275,28767.235,27810.030000000002,29220.21,28404.324999999997,0.425,0.41500000000000004,0.4325,0.4225,0.9517395665534233,0.175,591.66,471.295,0.0040999999999999995,0.0052,0.62,69.09845703125,128.31510742187498,46.520833333333336,24.854166666666668,120.23998046874999,90.46558268229167,29.774397786458334,23.630465494791668,22.96151041666667,22.683043619791665,21.190559895833335,2.3079538345336914,0.7085237503051758,0.5408086776733398,0.5188999176025391,0.5397214889526367,16.1162109375,6.671875,2.6328125,2.5419921875,4.26953125,0.0
ann,glove-100-angular,usearch,interleaved-memory,7,0.975518,3.7499192309996943,2666.724103637318,2026-04-04T16:12:41.643141,2026-04-04T16:12:45.393097,4,25.0,25.0,25.0,25.0,24.0,0.485,111250.7975,0.415,27761.8675,27967.184999999998,28437.829999999998,27083.914999999997,0.4125,0.415,0.4225,0.40499999999999997,0.952390354678961,0.17250000000000001,574.785,457.77250000000004,0.0040999999999999995,0.00515,0.6175,67.2468603515625,124.4486376953125,45.166666666666664,24.3125,111.50235595703126,83.9903076171875,27.512048339843748,21.95194091796875,21.3072900390625,21.076579589843746,19.65449462890625,2.308035532633464,0.708532969156901,0.5408312479654949,0.5189247131347656,0.539746602376302,16.12109375,6.66015625,2.62109375,2.55859375,4.28125,0.0
ann,glove-100-angular,usearch,interleaved-memory,8,0.975518,3.7294306140001936,2681.3744603426157,2026-04-04T16:12:45.838156,2026-04-04T16:12:49.567621,4,25.0,24.75,25.0,25.25,25.0,0.49,108589.68,0.40249999999999997,26615.174999999996,27076.9025,27826.4375,27071.1625,0.39499999999999996,0.40249999999999997,0.4125,0.40499999999999997,0.9564708022721197,0.17250000000000001,561.2025,446.93999999999994,0.004075,0.00515,0.62,65.54068847656251,121.69148193359376,44.083333333333336,23.5,108.6415185546875,81.799560546875,26.84195556640625,21.380595703125,20.754277343749997,20.521279296875,19.143408203125,2.3080196380615234,0.708531379699707,0.5408229827880859,0.5189189910888672,0.5397462844848633,16.1162109375,6.669921875,2.6328125,2.54296875,4.2705078125,0.0
ann,glove-100-angular,usearch,interleaved-memory,9,0.975518,3.7395653769999626,2674.107547765998,2026-04-04T16:12:50.015176,2026-04-04T16:12:53.754777,4,25.0,24.25,24.75,25.5,25.5,0.49,109078.8375,0.4075,26459.297499999997,27289.987500000003,28090.267499999998,27239.2925,0.3925,0.40499999999999997,0.4175,0.40499999999999997,0.9419382531690024,0.17250000000000001,564.26,449.3975,0.004075,0.005175,0.62,65.908203125,122.36545410156249,44.270833333333336,23.666666666666668,106.3255810546875,80.10120849609375,26.2243701171875,20.9460693359375,20.319187011718753,20.105954589843748,18.73000244140625,2.307925224304199,0.7085161209106445,0.540802001953125,0.5188922882080078,0.5397148132324219,16.0048828125,6.634765625,2.6181640625,2.5224609375,4.2294921875,0.0
ann,glove-100-angular,usearch,interleaved-memory,10,0.975518,3.744290698999976,2670.732804659317,2026-04-04T16:12:54.200685,2026-04-04T16:12:57.945011,3,25.0,25.0,25.0,25.0,24.0,0.48,125285.85999999999,0.4666666666666666,31642.47333333333,31356.76,31645.236666666668,30641.39,0.47,0.4633333333333333,0.47,0.4566666666666666,0.9682781115767712,0.17,648.0400000000001,516.5533333333334,0.0041,0.005166666666666667,0.62,76.00932942708334,140.54097330729167,51.05555555555555,27.361111111111114,105.73159423828126,79.662294921875,26.069296875000003,20.82169677734375,20.2105322265625,19.9889306640625,18.641130371093748,2.3079137802124023,0.7085123062133789,0.5408000946044922,0.5188894271850586,0.5397119522094727,16.00390625,6.625,2.607421875,2.51953125,4.251953125,0.0
ann,glove-100-angular,usearch,interleaved-memory,11,0.975518,3.70899299300072,2696.149606880117,2026-04-04T16:12:58.390660,2026-04-04T16:13:02.099685,3,25.0,25.0,25.0,25.0,25.0,0.48333333333333334,117530.30666666666,0.43999999999999995,28961.546666666665,29350.103333333333,29884.436666666665,29334.22333333334,0.43,0.43999999999999995,0.44333333333333336,0.4366666666666667,0.9691180392558847,0.17333333333333334,606.81,483.56666666666666,0.0041,0.005166666666666667,0.62,71.13750325520833,131.49234700520833,47.88888888888889,25.555555555555554,122.21218098958333,91.99001302083333,30.22216796875,24.03580403645833,23.336302083333333,23.08669596354167,21.531210937500003,2.3078927993774414,0.7085056304931641,0.5407915115356445,0.5188865661621094,0.5397090911865234,16.0048828125,6.6259765625,2.6083984375,2.5283203125,4.2421875,0.0
ann,glove-100-angular,usearch,interleaved-memory,12,0.975518,3.738683735999985,2674.7381447939733,2026-04-04T16:13:02.544839,2026-04-04T16:13:06.283559,4,25.0,25.0,25.0,25.25,24.0,0.485,113645.58000000002,0.425,28489.735,28432.925000000003,29067.574999999997,27655.3425,0.4225,0.4225,0.4325,0.415,0.9514155377598579,0.175,587.1800000000001,467.9025,0.0040999999999999995,0.00515,0.62,68.71691162109376,127.42035888671876,46.291666666666664,24.8125,116.02368489583334,87.30951822916667,28.71416015625,22.814371744791668,22.142265625000004,21.90685546875,20.446028645833334,2.3080997467041016,0.7085533142089844,0.5408477783203125,0.5189418792724609,0.5397567749023438,16.1162109375,6.650390625,2.625,2.560546875,4.2802734375,0.0
ann,glove-100-angular,usearch,interleaved-memory,13,0.975518,3.7170366720001766,2690.315130686858,2026-04-04T16:13:06.734067,2026-04-04T16:13:10.451137,4,25.0,24.75,24.5,25.25,25.0,0.485,110120.1625,0.41,27366.332499999997,27109.480000000003,28139.364999999998,27504.989999999998,0.40499999999999997,0.40249999999999997,0.4175,0.41,0.9634005600339597,0.17250000000000001,568.8325,453.0450000000001,0.004075,0.00515,0.62,66.54531494140625,123.24509765625,44.666666666666664,23.854166666666668,110.84249755859375,83.48648193359375,27.35601806640625,21.81620849609375,21.20207275390625,20.950227050781248,19.51797119140625,2.308035532633464,0.7085355122884115,0.54083251953125,0.5189196268717449,0.5397478739420574,16.12109375,6.65625,2.62109375,2.5625,4.28125,0.0
ann,glove-100-angular,usearch,interleaved-memory,14,0.975518,3.725423193000097,2684.258802809182,2026-04-04T16:13:10.894870,2026-04-04T16:13:14.620327,4,25.0,24.75,25.0,25.0,24.75,0.49,109348.7825,0.4075,27270.06,27327.55,27896.4225,26854.75,0.40499999999999997,0.40499999999999997,0.415,0.39999999999999997,0.9626592800564302,0.17250000000000001,565.2325,450.29499999999996,0.004075,0.00515,0.62,66.00262451171875,122.55628417968751,44.5,23.770833333333332,108.08382568359374,81.40566162109374,26.678166503906247,21.26702392578125,20.661201171875,20.42076171875,19.0566748046875,2.307924270629883,0.7085170745849609,0.5408000946044922,0.5188913345336914,0.5397157669067383,16.00390625,6.630859375,2.6064453125,2.529296875,4.2373046875,0.0
ann,glove-100-angular,usearch,interleaved-memory,15,0.975518,3.7124872200001846,2693.611966157692,2026-04-04T16:13:15.064820,2026-04-04T16:13:18.777347,4,25.0,24.75,25.25,25.25,25.0,0.49,109229.5875,0.4075,26704.7225,27307.245000000003,28007.2125,27210.4075,0.39499999999999996,0.40499999999999997,0.415,0.40499999999999997,0.9534944793238527,0.17250000000000001,565.0475,450.1574999999999,0.004075,0.005175,0.62,65.985810546875,122.51985839843749,44.395833333333336,23.708333333333332,106.38429931640624,80.1501025390625,26.234196777343747,20.97280029296875,20.33887939453125,20.104885253906247,18.7335400390625,2.30792236328125,0.7085161209106445,0.5408000946044922,0.5188922882080078,0.5397138595581055,16.0048828125,6.6279296875,2.5986328125,2.53515625,4.2431640625,0.0
ann,glove-100-angular,usearch,interleaved-memory,16,0.975518,3.771527882000555,2651.4453327322713,2026-04-04T16:13:19.221862,2026-04-04T16:13:22.993424,3,25.0,25.0,25.0,25.0,25.0,0.48,125374.84666666668,0.4666666666666666,30974.38333333333,31392.809999999998,31628.60666666667,31379.046666666673,0.45999999999999996,0.4633333333333333,0.47,0.4666666666666666,0.979315455143877,0.17,648.66,517.0099999999999,0.0041,0.005166666666666667,0.62,76.11593749999999,140.70456380208333,51.083333333333336,27.333333333333332,106.688583984375,80.37865966796875,26.3099267578125,21.0410986328125,20.3955126953125,20.1603271484375,18.7817236328125,2.308133125305176,0.7085647583007812,0.5408544540405273,0.5189485549926758,0.5397653579711914,16.1162109375,6.6552734375,2.62890625,2.564453125,4.267578125,0.0
ann,glove-100-angular,usearch,interleaved-memory,17,0.975518,3.7374458790000062,2675.6240287486403,2026-04-04T16:13:23.441215,2026-04-04T16:13:27.178697,4,25.0,25.0,24.0,25.0,25.0,0.485,114191.24,0.4275,28643.765,28073.004999999997,29063.88,28410.59,0.4275,0.4175,0.43249999999999994,0.4225,0.9659069952119261,0.175,591.62,471.21000000000004,0.0040999999999999995,0.0052,0.62,69.09477294921875,128.29806884765625,46.604166666666664,24.833333333333332,120.82250325520833,90.95286458333334,29.869638671875,23.75037434895833,23.094345703125,22.808600260416668,21.299547526041668,2.308124542236328,0.7085590362548828,0.5408535003662109,0.5189504623413086,0.5397615432739258,16.1162109375,6.646484375,2.640625,2.5703125,4.2587890625,0.0
ann,glove-100-angular,usearch,interleaved-memory,18,0.975518,3.721455095999772,2687.1209626441805,2026-04-04T16:13:27.625467,2026-04-04T16:13:31.346957,4,25.0,25.25,25.0,25.25,24.0,0.485,112866.61250000002,0.42,28489.23,28104.7925,28885.445,27387.135000000002,0.425,0.42,0.43,0.4075,0.9481292394837608,0.175,582.9575,464.63,0.0040999999999999995,0.00515,0.62,68.23429443359376,126.38856689453127,45.895833333333336,24.541666666666668,111.60916503906249,84.10482177734374,27.5043408203125,21.97953125,21.34619873046875,21.1007373046875,19.678354492187502,2.3080368041992188,0.7085355122884115,0.5408299763997395,0.5189221700032551,0.5397491455078125,16.12109375,6.6484375,2.6328125,2.5703125,4.26953125,0.0
ann,glove-100-angular,usearch,interleaved-memory,19,0.975518,3.722348059999604,2686.476342032632,2026-04-04T16:13:31.795317,2026-04-04T16:13:35.517697,4,25.0,25.25,24.0,25.25,25.0,0.4875,110081.485,0.41,27676.05,26904.4525,28212.09,27288.8875,0.41,0.39999999999999997,0.4175,0.4075,0.9536497473246399,0.17250000000000001,568.54,452.86249999999995,0.004075,0.00515,0.62,66.5198095703125,123.31489257812498,44.770833333333336,23.9375,110.08197509765625,82.9078955078125,27.17407958984375,21.645261230468748,21.06064453125,20.80543701171875,19.3965478515625,2.3080406188964844,0.7085367838541666,0.5408312479654949,0.5189234415690105,0.5397491455078125,16.12109375,6.66796875,2.60546875,2.546875,4.30078125,0.0
ann,glove-100-angular,usearch,interleaved-memory,20,0.975518,3.741540709000219,2672.695762990137,2026-04-04T16:13:35.961002,2026-04-04T16:13:39.702574,4,25.0,25.0,24.5,25.5,24.0,0.49,109239.1525,0.40499999999999997,27260.192499999997,27278.0875,28082.787500000002,26618.085,0.40499999999999997,0.40499999999999997,0.4175,0.39499999999999996,0.9478434076389317,0.17250000000000001,564.9325,449.975,0.004075,0.00515,0.62,65.89627441406249,122.36280273437501,44.333333333333336,23.708333333333332,107.17025146484376,80.71812988281249,26.452121582031246,21.121669921875,20.46388916015625,20.2471875,18.885380859375,2.308042526245117,0.7085371017456055,0.54083251953125,0.5189247131347656,0.5397481918334961,16.12109375,6.65234375,2.63671875,2.5703125,4.26171875,0.0
ann,glove-100-angular,usearch,interleaved-memory,21,0.975518,3.720485891999488,2687.8209702404583,2026-04-04T16:13:40.147100,2026-04-04T16:13:43.867623,4,25.0,24.5,25.0,25.25,25.5,0.4925,108765.9725,0.4075,26483.817500000005,27247.3825,27851.4075,27183.364999999998,0.3925,0.40499999999999997,0.4125,0.40499999999999997,0.950896916071477,0.17250000000000001,562.7475,448.0125,0.004075,0.00515,0.62,65.65056396484376,121.90691650390625,44.104166666666664,23.583333333333332,105.786240234375,79.7116162109375,26.074621582031252,20.84998291015625,20.22831787109375,19.99156982421875,18.6417431640625,2.307924270629883,0.7085161209106445,0.5408000946044922,0.5188922882080078,0.5397157669067383,16.0048828125,6.6484375,2.6181640625,2.5087890625,4.2294921875,0.0
ann,glove-100-angular,usearch,interleaved-memory,22,0.975518,3.7426998359997015,2671.868019928702,2026-04-04T16:13:44.316101,2026-04-04T16:13:48.058836,3,25.0,25.0,25.0,25.0,25.0,0.48333333333333334,122731.5,0.45999999999999996,30258.226666666666,30877.696666666667,31084.853333333333,30510.726666666666,0.44999999999999996,0.45999999999999996,0.4633333333333333,0.4533333333333333,0.9734074129994287,0.17,634.5933333333334,505.7666666666667,0.0041,0.005166666666666667,0.62,74.41353841145833,137.544453125,49.944444444444436,26.861111111111114,106.25966308593749,80.07064697265625,26.189016113281248,20.93925537109375,20.317197265624998,20.09436767578125,18.7198193359375,2.3081483840942383,0.7085666656494141,0.5408620834350586,0.5189533233642578,0.5397663116455078,16.12109375,6.677734375,2.62890625,2.5400390625,4.2744140625,0.0
ann,glove-100-angular,usearch,interleaved-memory,23,0.975518,3.754767501999595,2663.280747656018,2026-04-04T16:13:48.506962,2026-04-04T16:13:52.261765,4,25.0,24.75,25.25,25.25,24.0,0.485,114191.8325,0.4275,28271.129999999997,28984.467500000002,29113.0475,27823.189999999995,0.4225,0.4325,0.435,0.41500000000000004,0.9556948649913752,0.1725,591.4825000000001,471.24499999999995,0.0040999999999999995,0.005175,0.62,69.045673828125,128.16668212890625,46.520833333333336,24.9375,118.60899739583333,89.2842578125,29.324742838541667,23.310537109375,22.654121093749996,22.406565755208334,20.913033854166667,2.308112144470215,0.70855712890625,0.5408496856689453,0.5189437866210938,0.5397615432739258,16.1162109375,6.6669921875,2.630859375,2.5498046875,4.2685546875,0.0
ann,glove-100-angular,usearch,interleaved-memory,24,0.975518,3.711272367999299,2694.493696077304,2026-04-04T16:13:52.706105,2026-04-04T16:13:56.417413,4,25.0,24.75,25.0,25.0,25.0,0.4875,111935.51000000001,0.4175,27379.535000000003,28207.780000000002,28545.6075,27802.59,0.4075,0.42,0.4225,0.4125,0.9591505453159477,0.17250000000000001,578.15,460.7225,0.0040999999999999995,0.00515,0.62,67.66994384765624,125.20945312499998,45.354166666666664,24.333333333333332,111.31792236328124,83.8677734375,27.450148925781253,21.93425048828125,21.2783740234375,21.04310302734375,19.612041015625,2.3080418904622393,0.7085380554199219,0.5408312479654949,0.5189234415690105,0.5397491455078125,16.12109375,6.66796875,2.61328125,2.55078125,4.2890625,0.0
ann,glove-100-angular,usearch,interleaved-memory,25,0.975518,3.73554901999978,2676.982672817552,2026-04-04T16:13:56.864056,2026-04-04T16:14:00.599639,4,25.0,24.75,25.0,25.0,24.5,0.4875,109766.15999999999,0.4075,27348.427499999998,27408.5775,28104.120000000003,26905.032499999998,0.40499999999999997,0.4075,0.4175,0.39999999999999997,0.9573341026155594,0.17250000000000001,567.3025,451.8675,0.004075,0.00515,0.62,66.28212158203125,122.9841552734375,44.666666666666664,23.916666666666668,109.0516357421875,82.129404296875,26.922229003906253,21.45295654296875,20.84980712890625,20.599985351562502,19.2266552734375,2.3078854878743487,0.7085100809733073,0.5407918294270833,0.5188814798990886,0.5397020975748699,15.966145833333334,6.611979166666667,2.59375,2.5286458333333335,4.231770833333333,0.0
ann,glove-100-angular,usearch,interleaved-memory,26,0.975518,3.7571530019995407,2661.5897714780426,2026-04-04T16:14:01.047407,2026-04-04T16:14:04.804596,4,25.0,24.75,24.75,25.25,25.25,0.49,108856.125,0.4075,26646.47,27248.2875,27909.7175,27051.644999999997,0.39499999999999996,0.40499999999999997,0.415,0.40249999999999997,0.9547380764423719,0.17250000000000001,562.8125,448.34250000000003,0.004075,0.00515,0.62,65.70150634765625,121.95430419921875,44.145833333333336,23.645833333333332,106.1916357421875,80.01341064453125,26.17822265625,20.927900390625,20.3040625,20.07569091796875,18.70576171875,2.307924270629883,0.7085180282592773,0.540802001953125,0.518890380859375,0.5397138595581055,16.00390625,6.634765625,2.6083984375,2.5283203125,4.232421875,0.0
ann,glove-100-angular,usearch,interleaved-memory,27,0.975518,3.748912538999321,2667.440196582781,2026-04-04T16:14:05.249319,2026-04-04T16:14:08.998261,3,25.0,25.0,24.0,25.0,25.0,0.48,126594.63333333335,0.47333333333333333,31802.180000000004,31131.823333333334,31956.676666666666,31703.956666666665,0.47333333333333333,0.4633333333333333,0.47333333333333333,0.47333333333333333,0.9741883881751159,0.17,655.1800000000001,522.13,0.0041,0.005166666666666667,0.62,76.82755859375,142.01905598958334,51.555555555555564,27.63888888888889,105.2506689453125,79.31375244140625,25.93691650390625,20.724707031250002,20.1316552734375,19.90954833984375,18.54784423828125,2.3079891204833984,0.708531379699707,0.5408210754394531,0.5189085006713867,0.5397281646728516,16.0419921875,6.63671875,2.6142578125,2.544921875,4.24609375,0.0
ann,glove-100-angular,usearch,interleaved-memory,28,0.975518,3.732575877000272,2679.114994451664,2026-04-04T16:14:09.441865,2026-04-04T16:14:13.174477,3,25.0,25.0,25.0,25.0,25.0,0.48333333333333334,119078.68000000001,0.44333333333333336,29365.083333333332,29752.64333333333,30237.946666666667,29723.01,0.4333333333333333,0.44333333333333336,0.45,0.44333333333333336,0.9711335117111126,0.17333333333333334,615.0999999999999,490.16333333333336,0.0041,0.005166666666666667,0.62,72.09174479166667,133.24148763020833,48.33333333333332,25.805555555555557,121.80522786458334,91.698076171875,30.107154947916666,23.966451822916667,23.27503580729167,23.000882161458335,21.455709635416667,2.3080272674560547,0.7085399627685547,0.5408267974853516,0.5189199447631836,0.5397405624389648,16.1162109375,6.671875,2.634765625,2.5478515625,4.26171875,0.0
ann,glove-100-angular,usearch,interleaved-memory,29,0.975518,3.7226794580001297,2686.237188246158,2026-04-04T16:14:13.623260,2026-04-04T16:14:17.345976,4,25.0,25.25,25.0,25.25,24.0,0.485,113818.97750000001,0.425,28729.7175,28363.802499999998,29146.7125,27578.7475,0.4275,0.425,0.4325,0.4125,0.9462043961218611,0.175,588.41,468.8775,0.0040999999999999995,0.00515,0.62,68.8029638671875,127.58545654296876,46.333333333333336,24.8125,114.59314127604166,86.25471354166666,28.338424479166672,22.521171874999997,21.889541015625,21.636832682291665,20.207174479166667,2.308094024658203,0.7085542678833008,0.5408430099487305,0.5189380645751953,0.5397586822509766,16.12109375,6.662109375,2.6220703125,2.5576171875,4.279296875,0.0
ann,glove-100-angular,usearch,interleaved-memory,30,0.975518,3.746930844999952,2668.850964608643,2026-04-04T16:14:17.790786,2026-04-04T16:14:21.537748,4,25.0,24.75,25.0,25.25,25.0,0.485,110983.245,0.4125,27199.42,27869.677499999998,28501.375000000004,27412.775,0.40249999999999997,0.4125,0.4225,0.41,0.9543195723013361,0.17250000000000001,573.22,456.72,0.0040999999999999995,0.00515,0.62,67.08515869140625,124.20799804687499,44.9375,24.0625,110.6157177734375,83.3231640625,27.2925537109375,21.79184814453125,21.139604492187498,20.900546875,19.49116455078125,2.3080418904622393,0.7085380554199219,0.5408299763997395,0.5189247131347656,0.5397491455078125,16.12109375,6.65625,2.65234375,2.5625,4.25,0.0
ann,glove-100-angular,usearch,numa-balancing,1,0.975518,4.713161136000053,2121.718250542726,2026-04-04T16:35:26.327255,2026-04-04T16:35:31.040451,5,33.2,28.0,34.2,25.4,24.2,0.362,85373.23999999999,0.31999999999999995,21066.85,22892.664,20669.977999999996,20743.75,0.316,0.33999999999999997,0.308,0.31,0.902908372743338,0.21399999999999997,443.804,349.358,0.0038399999999999997,0.0055,0.5479999999999999,49.323771484375,93.242705078125,33.81666666666667,17.683333333333334,79.52450585937501,59.52782421874999,19.9966796875,17.7276796875,25.386484375,8.5471015625,7.86655859375,2.293231964111328,0.46997737884521484,1.2560834884643555,0.2941570281982422,0.2730140686035156,16.1982421875,5.91015625,5.697265625,1.337890625,3.2529296875,0.0
ann,glove-100-angular,usearch,numa-balancing,2,0.975518,6.095916641999793,1640.442379264467,2026-04-04T16:35:31.480041,2026-04-04T16:35:37.576000,7,27.285714285714285,16.142857142857142,41.42857142857143,20.0,18.142857142857142,0.5714285714285714,69768.72285714287,0.25857142857142856,12629.098571428573,27756.359999999997,13915.831428571431,15467.43142857143,0.18857142857142856,0.41571428571428565,0.20714285714285716,0.23,0.45499837051503056,0.19428571428571426,367.4985714285714,289.28000000000003,0.0040999999999999995,0.005242857142857144,0.6128571428571429,38.82232561383929,78.7472265625,28.4047619047619,13.75,69.4506884765625,53.09556803385417,16.355118815104166,15.960665690104166,21.812910156250002,8.436048177083332,6.885947265625,2.293803532918294,0.4701372782389323,1.2529754638671875,0.2972412109375,0.27344957987467444,16.086588541666668,5.8984375,5.602213541666667,1.33203125,3.25390625,0.0
ann,glove-100-angular,usearch,numa-balancing,3,0.975518,5.982961847999832,1671.4129646912436,2026-04-04T16:35:38.020911,2026-04-04T16:35:44.003926,6,28.166666666666668,15.5,44.833333333333336,15.833333333333334,19.833333333333332,0.5733333333333334,74279.93500000001,0.27666666666666667,13844.725,30995.911666666663,14515.375,14923.923333333334,0.20666666666666664,0.4633333333333334,0.215,0.22166666666666665,0.44666293893490366,0.18833333333333332,389.62166666666667,306.99333333333334,0.004116666666666666,0.005216666666666667,0.6016666666666666,40.962618815104165,82.79696777343752,29.83333333333334,14.527777777777779,67.30832356770833,51.44516927083333,15.863154296875,15.414109700520834,21.15169108072917,8.299090169270833,6.580279947916666,2.2938874562581377,0.4700489044189453,1.252710978190104,0.2976970672607422,0.2734305063883463,16.125651041666668,5.8984375,5.641276041666667,1.33203125,3.25390625,0.0
ann,glove-100-angular,usearch,numa-balancing,4,0.975518,5.6430467569998655,1772.092351989746,2026-04-04T16:35:44.449924,2026-04-04T16:35:50.093002,6,29.5,22.166666666666668,43.5,16.833333333333332,17.666666666666668,0.5933333333333333,75830.46,0.2816666666666667,18085.961666666666,29248.516666666663,14054.063333333332,14441.92,0.2683333333333333,0.43500000000000005,0.21,0.21499999999999997,0.48050516521920483,0.19499999999999998,397.145,312.895,0.00405,0.005166666666666667,0.5933333333333334,41.31475423177084,82.70985188802082,29.874999999999996,14.625,80.107439453125,61.229535156249995,18.877902343749998,18.261357421874997,25.241849609375,9.813333984375,7.912994140625,2.293988037109375,0.46997909545898436,1.2536575317382812,0.29823837280273435,0.272113037109375,16.19609375,5.8984375,5.71171875,1.33203125,3.25390625,0.0
ann,glove-100-angular,usearch,numa-balancing,5,0.975518,5.56199892099994,1797.914768060076,2026-04-04T16:35:50.539559,2026-04-04T16:35:56.101623,5,28.0,22.0,38.6,19.0,19.4,0.572,88422.93000000001,0.32999999999999996,18828.31,33095.82400000001,18905.55,17593.248,0.28,0.496,0.28200000000000003,0.264,0.5315851329158626,0.182,468.15199999999993,370.398,0.00418,0.005299999999999999,0.604,48.856107421874995,97.4760234375,35.29999999999999,17.416666666666668,80.238328125,61.309068359375,18.9292578125,18.2755546875,25.239345703125,9.89822265625,7.895947265625,2.293995666503906,0.46995086669921876,1.2539047241210937,0.2983665466308594,0.2717735290527344,16.203125,5.8984375,5.71875,1.33203125,3.25390625,0.0
ann,glove-100-angular,usearch,numa-balancing,6,0.975518,6.29005870400033,1589.81028168151,2026-04-04T16:35:56.546241,2026-04-04T16:36:02.836334,6,30.666666666666668,17.5,50.833333333333336,16.166666666666668,13.5,0.5733333333333334,75792.77666666666,0.2816666666666667,15578.134999999997,32371.240000000005,14425.878333333334,13417.524999999996,0.23333333333333336,0.48500000000000004,0.215,0.20000000000000004,0.4144890649848444,0.18999999999999997,402.40000000000003,317.2683333333333,0.00415,0.005299999999999999,0.5916666666666666,40.99725423177083,83.21638997395833,30.069444444444443,14.513888888888888,68.89763671875,52.943139648437494,15.954497070312499,15.84988444010417,21.815405273437502,8.446526692708332,6.8313199869791665,2.2938677469889326,0.46994908650716144,1.2544485727945962,0.2983589172363281,0.2711111704508463,16.125,5.8984375,5.640625,1.33203125,3.25390625,0.0
ann,glove-100-angular,usearch,numa-balancing,7,0.975518,5.146046373999525,1943.2393867504088,2026-04-04T16:36:03.274682,2026-04-04T16:36:08.420777,5,25.8,20.6,35.2,16.0,20.6,0.552,86684.278,0.322,20773.404000000002,28938.662,18758.784,18213.428,0.308,0.43200000000000005,0.28,0.27,0.6293804461311998,0.184,451.64,357.736,0.004079999999999999,0.00516,0.614,50.640376953125,97.5537578125,35.416666666666664,18.183333333333337,81.386423828125,61.304318359374996,20.082107421875,18.194746093750002,25.116041015625,10.029162109375,7.9643671875,2.2939726511637373,0.4699090321858724,1.2543601989746094,0.2984854380289714,0.2711378733317057,16.177083333333332,5.8984375,5.692708333333333,1.33203125,3.25390625,0.0
ann,glove-100-angular,usearch,numa-balancing,8,0.975518,6.2803824370002985,1592.2597230840458,2026-04-04T16:36:08.858314,2026-04-04T16:36:15.138758,6,29.833333333333332,15.166666666666666,48.666666666666664,11.833333333333334,25.166666666666668,0.5666666666666667,74715.75,0.27999999999999997,13283.955,32075.675,12123.683333333334,17232.438333333335,0.19666666666666668,0.48000000000000004,0.18000000000000002,0.25666666666666665,0.3779712611919573,0.18833333333333332,394.455,311.09166666666664,0.004183333333333333,0.0052833333333333335,0.595,40.71922526041667,82.64213704427083,29.847222222222225,14.458333333333334,67.88385253906249,52.12827799479166,15.755577799479168,15.681604817708331,21.386147460937497,8.390992838541667,6.6695328776041665,2.2938868204752607,0.4697488149007161,1.254337946573893,0.29868189493815106,0.2711181640625,16.125,5.8984375,5.640625,1.33203125,3.25390625,0.0
ann,glove-100-angular,usearch,numa-balancing,9,0.975518,6.114462807000564,1635.4666494251649,2026-04-04T16:36:15.578083,2026-04-04T16:36:21.692608,6,29.166666666666668,20.333333333333332,46.833333333333336,13.666666666666666,15.166666666666666,0.57,75913.38666666667,0.2833333333333334,17099.81333333333,31601.835000000003,13040.885,14170.851666666667,0.25499999999999995,0.4716666666666666,0.19500000000000003,0.21166666666666667,0.4126622710358433,0.19333333333333333,400.34666666666664,315.1583333333333,0.0041333333333333335,0.0052833333333333335,0.6,41.755206705729165,84.14236979166667,30.444444444444443,14.847222222222221,69.3746923828125,53.1068505859375,16.267841796874997,15.794676106770835,21.764869791666666,8.6300830078125,6.917221679687501,2.293958028157552,0.46975262959798175,1.2542959849039712,0.2987327575683594,0.2711766560872396,16.203125,5.8984375,5.71875,1.33203125,3.25390625,0.0
ann,glove-100-angular,usearch,numa-balancing,10,0.975518,6.288393574999645,1590.231253933651,2026-04-04T16:36:22.134384,2026-04-04T16:36:28.422852,6,29.0,16.666666666666668,46.666666666666664,16.0,17.166666666666668,0.5766666666666667,73212.27166666667,0.275,13578.746666666666,30968.188333333335,14049.07,14616.266666666665,0.2016666666666667,0.46166666666666667,0.20833333333333334,0.21666666666666667,0.4384740405382663,0.18833333333333332,382.98333333333335,301.845,0.0040999999999999995,0.005216666666666667,0.5966666666666667,39.99930013020833,81.23111328124999,29.305555555555557,14.152777777777779,66.48806315104167,50.993382161458335,15.494680989583332,15.262317708333333,20.911894531250002,8.261925455729166,6.557244466145835,2.2939425877162387,0.46972547258649555,1.2543329511369978,0.2987218584333147,0.27116230555943077,16.194196428571427,5.8984375,5.709821428571429,1.33203125,3.25390625,0.0
ann,glove-100-angular,usearch,numa-balancing,11,0.975518,5.686155065999628,1758.6576313746723,2026-04-04T16:36:28.862504,2026-04-04T16:36:34.548728,6,27.333333333333332,19.666666666666668,40.0,16.166666666666668,18.333333333333332,0.585,76209.74666666667,0.285,15804.656666666668,29043.50833333333,15832.499999999998,15529.085,0.23666666666666666,0.43500000000000005,0.2366666666666667,0.2316666666666667,0.5346835107443688,0.18833333333333332,402.7283333333333,317.8933333333334,0.004166666666666667,0.0052833333333333335,0.61,42.342714843749995,85.17154134114584,30.750000000000004,15.069444444444443,69.460107421875,53.07189290364584,16.388216145833333,15.901165364583333,21.75217936197917,8.5885009765625,6.830047200520834,2.2939682006835938,0.46969159444173175,1.2544231414794922,0.2987206776936849,0.27113278706868493,16.203125,5.8984375,5.71875,1.33203125,3.25390625,0.0
ann,glove-100-angular,usearch,numa-balancing,12,0.975518,5.756756840999515,1737.0891764578605,2026-04-04T16:36:34.992327,2026-04-04T16:36:40.749112,6,28.166666666666668,19.166666666666668,42.333333333333336,14.833333333333334,20.166666666666668,0.5783333333333334,76104.18999999999,0.2833333333333333,16791.12166666667,29857.273333333334,14114.099999999999,15341.69333333333,0.25000000000000006,0.445,0.21,0.22833333333333336,0.472718986842067,0.18666666666666665,399.5266666666667,315.31333333333333,0.00415,0.00525,0.6033333333333333,41.982325846354165,84.26505696614582,30.38888888888889,14.902777777777779,69.40503092447918,53.039453125,16.365577799479166,15.777171223958334,21.76026204427083,8.619573567708334,6.882447916666667,2.2938798268636065,0.4696966807047526,1.2543195088704429,0.2987206776936849,0.27114295959472656,16.123046875,5.8984375,5.638671875,1.33203125,3.25390625,0.0
ann,glove-100-angular,usearch,numa-balancing,13,0.975518,5.477933629999825,1825.5058705412464,2026-04-04T16:36:41.190226,2026-04-04T16:36:46.668186,6,28.0,20.0,42.666666666666664,14.166666666666666,19.333333333333332,0.5650000000000001,76408.94166666667,0.285,17846.995000000003,29072.66,13337.543333333335,16151.745000000003,0.26666666666666666,0.43333333333333335,0.19833333333333333,0.24,0.45876584163036116,0.18666666666666665,399.63166666666666,315.82,0.004116666666666666,0.005216666666666667,0.6033333333333334,42.90915364583333,84.87545084635416,30.763888888888886,15.249999999999998,70.712763671875,53.826061197916665,16.886704101562497,16.069983723958334,22.053662109375,8.728188476562499,6.974225260416666,2.293895721435547,0.4697030385335286,1.2543023427327475,0.29873085021972656,0.2711594899495443,16.17578125,5.8984375,5.69140625,1.33203125,3.25390625,0.0
ann,glove-100-angular,usearch,numa-balancing,14,0.975518,4.927305860999695,2029.5066476695465,2026-04-04T16:36:47.109566,2026-04-04T16:36:52.036898,5,29.0,20.6,39.6,24.4,19.0,0.546,89330.034,0.33199999999999996,20360.726,29816.965999999993,19963.902,19188.438000000002,0.304,0.44400000000000006,0.296,0.284,0.643540929013368,0.18,466.592,369.582,0.00414,0.00518,0.598,49.83378125,97.4174453125,35.28333333333334,17.783333333333335,82.475541015625,62.920009765625004,19.555533203125,18.684873046874998,25.862001953125002,10.15068359375,8.222451171874999,2.29385986328125,0.47034225463867185,1.2542953491210938,0.2987495422363281,0.27047271728515626,16.109375,5.8984375,5.625,1.33203125,3.25390625,0.0
ann,glove-100-angular,usearch,numa-balancing,15,0.975518,5.232288533999963,1911.2095854460135,2026-04-04T16:36:52.478104,2026-04-04T16:36:57.710421,6,29.166666666666668,21.833333333333332,42.166666666666664,16.5,22.333333333333332,0.5883333333333333,78010.68666666666,0.2916666666666667,17657.738333333335,28292.571666666667,15461.046666666667,16599.33,0.26333333333333336,0.42333333333333334,0.2316666666666667,0.24666666666666667,0.5464701777139029,0.19333333333333333,408.4333333333332,322.31166666666667,0.004033333333333333,0.005183333333333334,0.5966666666666666,42.70801595052083,84.72680989583334,30.569444444444443,15.152777777777777,71.27757486979168,54.62770182291667,16.649873046874998,16.31446126302083,22.474532877604165,8.8472314453125,6.991474609375,2.2939834594726562,0.4703666687011719,1.2544113159179688,0.298736572265625,0.27046890258789064,16.19765625,5.8984375,5.71328125,1.33203125,3.25390625,0.0
ann,glove-100-angular,usearch,numa-balancing,16,0.975518,4.814667709000787,2076.986534565093,2026-04-04T16:36:58.157358,2026-04-04T16:37:02.972069,5,26.0,14.8,36.0,24.2,22.4,0.514,91005.88,0.33999999999999997,15844.384,28553.166000000005,23601.890000000003,23006.442,0.236,0.42400000000000004,0.352,0.34199999999999997,0.5549081317287196,0.178,473.8280000000001,376.104,0.0041199999999999995,0.00518,0.616,53.494220703124995,102.46788671875,37.083333333333336,19.066666666666666,86.577427734375,65.588546875,20.988880859375,19.616169921875002,26.71557421875,10.716435546875001,8.5403671875,2.2937599182128907,0.470355224609375,1.2541358947753907,0.29877548217773436,0.2704933166503906,16.203125,5.8984375,5.71875,1.33203125,3.25390625,0.0
ann,glove-100-angular,usearch,numa-balancing,17,0.975518,5.647112603000096,1770.81646905489,2026-04-04T16:37:03.415871,2026-04-04T16:37:09.063023,6,27.333333333333332,19.0,42.5,14.833333333333334,14.833333333333334,0.5833333333333334,75935.775,0.2816666666666667,15643.276666666667,29071.678333333333,15660.208333333334,15560.61,0.23333333333333336,0.435,0.235,0.2316666666666667,0.5352497995328444,0.18999999999999997,396.0333333333333,312.42,0.00405,0.005166666666666667,0.6066666666666667,42.61802571614584,85.01429361979166,30.66666666666666,15.125,69.78168131510417,53.16108561197917,16.620595703125,15.846658528645833,21.814518229166666,8.590242513020835,6.909664713541666,2.294001007080078,0.47064743041992185,1.2542510986328126,0.2986114501953125,0.27049102783203127,16.203125,5.8984375,5.71875,1.33203125,3.25390625,0.0
ann,glove-100-angular,usearch,numa-balancing,18,0.975518,5.456227616999968,1832.7681141532664,2026-04-04T16:37:09.510254,2026-04-04T16:37:14.966512,6,28.166666666666668,16.333333333333332,42.833333333333336,19.666666666666668,19.5,0.5933333333333333,76927.21333333333,0.2866666666666667,15980.978333333333,28313.12833333333,16721.443333333333,15911.661666666665,0.23833333333333337,0.4233333333333333,0.25,0.23833333333333337,0.5619888229706396,0.19166666666666665,401.37999999999994,317.07666666666665,0.003983333333333333,0.0050999999999999995,0.5983333333333334,43.322864583333335,85.21494466145835,30.819444444444443,15.472222222222221,71.13141927083333,54.170322265625,16.961100260416668,16.27538248697917,22.2293359375,8.650611979166667,7.0149886067708325,2.2938919067382812,0.47168121337890623,1.2535888671875,0.29808502197265624,0.27053680419921877,16.10625,5.8984375,5.621875,1.33203125,3.25390625,0.0
ann,glove-100-angular,usearch,numa-balancing,19,0.975518,5.517298113999459,1812.4813619598044,2026-04-04T16:37:15.405602,2026-04-04T16:37:20.923111,6,29.0,17.5,42.833333333333336,20.333333333333332,20.666666666666668,0.575,76214.20999999999,0.285,16219.625,27492.566666666666,15938.715000000002,16563.303333333333,0.24333333333333332,0.41,0.23666666666666666,0.2466666666666667,0.5797463435571071,0.19166666666666665,399.2,315.2766666666667,0.00405,0.005166666666666667,0.6,42.35137369791667,83.55646647135417,30.180555555555557,15.055555555555555,70.087373046875,53.57034505208333,16.51703125,16.080159505208332,21.992159830729168,8.515167643229168,6.982854817708334,2.2938480377197266,0.47169748942057294,1.2536424001057944,0.2979907989501953,0.27051734924316406,16.044921875,5.8984375,5.560546875,1.33203125,3.25390625,0.0
ann,glove-100-angular,usearch,numa-balancing,20,0.975518,5.649546718999773,1770.053510022209,2026-04-04T16:37:21.368498,2026-04-04T16:37:27.018237,6,28.333333333333332,18.0,42.5,18.166666666666668,20.833333333333332,0.575,76169.06,0.285,16318.711666666664,28198.398333333334,16066.121666666668,15585.823333333334,0.24166666666666667,0.42166666666666663,0.24,0.2316666666666667,0.5527201633615243,0.19166666666666668,399.08,314.6983333333333,0.004066666666666666,0.005183333333333332,0.6016666666666667,42.66735026041666,84.11469889322916,30.36111111111111,15.111111111111109,70.18344075520834,53.5568603515625,16.626580403645832,16.01817708333333,22.050480143229166,8.580465494791666,6.9077376302083335,2.2939503987630205,0.4717254638671875,1.2539615631103516,0.29776954650878906,0.27049382527669275,16.200520833333332,5.8984375,5.716145833333333,1.33203125,3.25390625,0.0
ann,glove-100-angular,usearch,numa-balancing,21,0.975518,5.007835594000426,1996.8706664372876,2026-04-04T16:37:27.466203,2026-04-04T16:37:32.474097,5,26.8,21.8,35.6,18.0,21.6,0.5519999999999999,87823.13,0.328,21958.434,28296.855999999992,18177.030000000002,19390.812,0.328,0.422,0.27199999999999996,0.28800000000000003,0.6423692441308677,0.18400000000000002,456.316,362.146,0.003999999999999999,0.00506,0.606,51.464634765625,98.040634765625,35.550000000000004,18.38333333333333,83.31630078125,62.795185546875,20.521115234375,18.648585937500002,25.826646484374997,10.103652343750001,8.216302734375,2.2939735412597657,0.4717262268066406,1.253606414794922,0.2977561950683594,0.27088470458984376,16.18515625,5.8984375,5.70078125,1.33203125,3.25390625,0.0
ann,glove-100-angular,usearch,numa-balancing,22,0.975518,5.863093242999639,1705.584336721867,2026-04-04T16:37:32.919279,2026-04-04T16:37:38.782400,6,29.5,16.833333333333332,46.5,16.5,19.666666666666668,0.5666666666666667,76054.33833333333,0.2816666666666667,15423.728333333333,30072.375,15531.866666666667,15026.366666666669,0.22833333333333336,0.4483333333333333,0.2316666666666667,0.22333333333333336,0.49967342674686216,0.19166666666666665,401.065,316.4216666666667,0.00415,0.0053166666666666675,0.5983333333333333,42.170299479166665,84.02344075520833,30.29166666666666,15.013888888888888,69.90532877604167,53.48648274739583,16.418844401041664,16.013743489583334,22.03130859375,8.538746744791666,6.902683919270834,2.293973922729492,0.4717152913411458,1.2536341349283853,0.2977428436279297,0.27088165283203125,16.200520833333332,5.8984375,5.716145833333333,1.33203125,3.25390625,0.0
ann,glove-100-angular,usearch,numa-balancing,23,0.975518,5.590832141999272,1788.6425036585017,2026-04-04T16:37:39.222586,2026-04-04T16:37:44.813444,6,28.0,19.0,42.166666666666664,17.666666666666668,16.666666666666668,0.5750000000000001,76336.68000000001,0.2833333333333334,16822.826666666664,28438.176666666666,15358.628333333334,15717.048333333332,0.25166666666666665,0.425,0.22833333333333336,0.2333333333333333,0.5400707827845972,0.18833333333333332,399.95000000000005,315.34999999999997,0.0040999999999999995,0.00525,0.605,42.522421875,84.44606933593751,30.472222222222225,15.125,69.97667317708333,53.42349283854167,16.553180338541665,15.982117513020833,21.952060546875,8.5634326171875,6.925885416666667,2.2939281463623047,0.4727020263671875,1.2529118855794272,0.29759470621744794,0.2707195281982422,16.180338541666668,5.8984375,5.695963541666667,1.33203125,3.25390625,0.0
ann,glove-100-angular,usearch,numa-balancing,24,0.975518,5.841686948999268,1711.8342847374058,2026-04-04T16:37:45.253623,2026-04-04T16:37:51.095367,6,28.333333333333332,18.333333333333332,43.0,17.666666666666668,16.833333333333332,0.58,74671.5,0.2783333333333334,14318.953333333333,29641.51166666667,14826.091666666667,15884.935,0.21333333333333335,0.44333333333333336,0.21999999999999997,0.2383333333333333,0.4830709544896692,0.18666666666666665,392.0316666666666,309.00333333333333,0.004116666666666666,0.00525,0.6033333333333334,40.857275390625,82.72788899739584,29.888888888888896,14.486111111111112,67.60557942708334,51.879199218749996,15.726378580729168,15.552560221354165,21.330152994791664,8.213618164062499,6.78287109375,2.2939790089925127,0.4726727803548177,1.2529684702555337,0.2975889841715495,0.27074877421061194,16.161458333333332,5.8984375,5.677083333333333,1.33203125,3.25390625,0.0
ann,glove-100-angular,usearch,numa-balancing,25,0.975518,5.989885327000593,1669.4810424705497,2026-04-04T16:37:51.537864,2026-04-04T16:37:57.527778,6,29.166666666666668,14.5,44.666666666666664,21.166666666666668,22.0,0.5966666666666667,73872.40999999999,0.27666666666666667,13126.376666666665,29415.5,14739.698333333334,16590.833333333336,0.19833333333333333,0.4383333333333333,0.21833333333333335,0.2483333333333333,0.4462401341696271,0.19666666666666666,387.6783333333333,305.37333333333333,0.003999999999999999,0.005149999999999999,0.6,39.85263671875,80.99197591145834,29.236111111111104,14.097222222222223,66.78432779947916,51.47459309895834,15.309734700520835,15.405465494791665,21.222666015625,8.196798502604166,6.649659830729167,2.293946584065755,0.47267723083496094,1.2528565724690757,0.2975870768229167,0.2708257039388021,16.186197916666668,5.8984375,5.701822916666667,1.33203125,3.25390625,0.0
ann,glove-100-angular,usearch,numa-balancing,26,0.975518,5.467370104000111,1829.0329371855887,2026-04-04T16:37:57.974186,2026-04-04T16:38:03.441588,5,27.6,21.4,38.2,15.6,21.4,0.558,86370.158,0.322,20149.739999999998,31235.845999999998,15508.395999999999,19476.174,0.29799999999999993,0.46799999999999997,0.23199999999999998,0.292,0.4964935478296314,0.184,450.672,356.4,0.0040999999999999995,0.00522,0.6079999999999999,48.595029296875,95.89076953125,34.7,17.316666666666666,79.80405859375,60.711958984374995,19.092099609375,18.12623828125,24.98496484375,9.690792968750001,7.909962890625001,2.2939804077148436,0.4727630615234375,1.2527633666992188,0.2975883483886719,0.27086563110351564,16.2015625,5.8984375,5.7171875,1.33203125,3.25390625,0.0
ann,glove-100-angular,usearch,numa-balancing,27,0.975518,5.362884016999487,1864.6683329905316,2026-04-04T16:38:03.889153,2026-04-04T16:38:09.252223,5,28.2,21.2,40.0,19.0,16.4,0.5660000000000001,87912.088,0.326,19790.627999999997,31469.432,18630.708,18021.316,0.294,0.47000000000000003,0.27599999999999997,0.27,0.5726609873352655,0.182,463.12,366.64,0.00418,0.00528,0.604,48.7487109375,96.913833984375,35.083333333333336,17.45,80.607927734375,61.54210937500001,19.065822265625002,18.416794921875,25.364365234375004,9.738720703124999,8.02223046875,2.293988037109375,0.47275466918945314,1.252783203125,0.2975807189941406,0.27086944580078126,16.203125,5.8984375,5.71875,1.33203125,3.25390625,0.0
ann,glove-100-angular,usearch,numa-balancing,28,0.975518,5.369660524999745,1862.3151227982844,2026-04-04T16:38:09.696965,2026-04-04T16:38:15.066836,5,29.6,24.0,39.4,18.2,25.6,0.564,89835.512,0.33399999999999996,20502.032,32324.954000000005,16867.758,20140.771999999997,0.30600000000000005,0.48200000000000004,0.25199999999999995,0.3,0.5218184687903964,0.184,473.51599999999996,374.124,0.00416,0.005259999999999999,0.594,48.889833984375,97.4365703125,35.21666666666667,17.433333333333334,82.01633203125,62.982791015625004,19.033537109375004,18.770095703124998,25.943306640624996,10.120287109374999,8.149103515624999,2.2939376831054688,0.4727813720703125,1.2525962829589843,0.2976402282714844,0.2709197998046875,16.2015625,5.8984375,5.7171875,1.33203125,3.25390625,0.0
ann,glove-100-angular,usearch,numa-balancing,29,0.975518,5.621990471000572,1778.7294467292566,2026-04-04T16:38:15.512577,2026-04-04T16:38:21.134652,6,29.0,20.833333333333332,43.5,14.666666666666666,20.166666666666668,0.5883333333333333,76249.925,0.2833333333333333,16171.313333333332,29552.593333333334,14635.640000000001,15890.383333333333,0.23833333333333337,0.44166666666666665,0.21833333333333335,0.2383333333333333,0.49524046282232653,0.19333333333333333,399.4933333333333,315.25333333333333,0.004016666666666666,0.005133333333333333,0.5933333333333334,41.8710888671875,83.736416015625,30.25,14.847222222222223,69.57382486979168,53.27795735677083,16.295865885416664,15.913662109375002,21.90489583333333,8.580333658854167,6.8790625,2.2938308715820312,0.47276878356933594,1.2524922688802085,0.2976449330647786,0.27092488606770837,16.123697916666668,5.8984375,5.639322916666667,1.33203125,3.25390625,0.0
ann,glove-100-angular,usearch,numa-balancing,30,0.975518,4.803135301999646,2081.973413456996,2026-04-04T16:38:21.577964,2026-04-04T16:38:26.381137,5,29.0,12.6,44.4,21.0,30.0,0.568,87777.278,0.32999999999999996,15733.35,28811.114,18395.507999999998,24837.309999999998,0.23600000000000004,0.43,0.27399999999999997,0.37,0.5460861388421149,0.188,458.698,364.06,0.003999999999999999,0.0050799999999999994,0.598,50.161439453125,96.956166015625,35.083333333333336,17.916666666666668,82.54136328124999,62.83384375000001,19.707521484375,18.886712890625,25.655908203125,10.093757812499998,8.197462890625001,2.2939834594726562,0.4727792739868164,1.252619743347168,0.2976341247558594,0.2709503173828125,16.203125,5.8984375,5.71875,1.33203125,3.25390625,0.0
ann,sift-128-euclidean,annoy,default,1,0.976098,1.939438640999924,5156.131154963613,2026-04-04T15:15:51.779510,2026-04-04T15:15:53.718968,1,43.0,50.0,54.0,43.0,41.0,0.21,44925.81,0.17,8640.24,9037.93,18633.42,8614.23,0.13,0.13,0.28,0.13,0.46229999645797715,0.07,265.6,239.44,0.0053,0.0059,0.49,38.8944921875,81.67041015625,29.416666666666668,13.916666666666666,64.2484423828125,52.001162109375,12.2472802734375,0.9860107421875,1.1222900390625,48.6789208984375,1.2139404296875,5.029685974121094,1.4684200286865234,0.62030029296875,2.264240264892578,0.6767330169677734,18.64453125,8.97265625,2.77734375,2.486328125,4.408203125,0.0
ann,sift-128-euclidean,annoy,default,2,0.976098,2.0005766270001004,4998.558848003325,2026-04-04T15:15:54.005486,2026-04-04T15:15:56.040355,2,41.0,37.5,48.5,41.0,36.0,0.21,39533.95,0.14500000000000002,7706.139999999999,8253.435,15936.560000000001,7637.8099999999995,0.115,0.125,0.24,0.115,0.47926340439843973,0.065,227.315,206.135,0.0052,0.00575,0.535,35.09466796875,70.524560546875,25.333333333333332,12.458333333333334,61.96095703125,52.467304687500004,9.493657226562501,1.0281982421875,1.1148779296875,49.006455078125,1.3177685546875,5.08436393737793,1.4793376922607422,0.6337947845458984,2.284008026123047,0.6872406005859375,18.646484375,8.904296875,2.939453125,2.4375,4.365234375,0.0
ann,sift-128-euclidean,annoy,default,3,0.976098,1.9583780839998328,5106.266293368536,2026-04-04T15:15:56.325556,2026-04-04T15:15:58.318258,2,41.0,35.0,43.0,41.5,31.0,0.21000000000000002,37430.36,0.135,7155.82,7613.01,15328.88,7332.645,0.10500000000000001,0.11,0.22999999999999998,0.10500000000000001,0.4668194936616374,0.07,215.79500000000002,195.99,0.0052,0.0057,0.54,33.2555224609375,66.79154296875,23.958333333333332,11.625,62.245747070312504,52.888574218749994,9.3571728515625,1.0309033203125,1.1558154296874998,49.287495117187504,1.4143603515624998,5.084531784057617,1.4794750213623047,0.6331024169921875,2.2842273712158203,0.6877269744873047,18.65625,8.908203125,2.947265625,2.43359375,4.3671875,0.0
ann,sift-128-euclidean,annoy,default,4,0.976098,1.9992452419999152,5001.887607343583,2026-04-04T15:15:58.606334,2026-04-04T15:16:00.641723,2,39.0,36.0,34.5,40.0,27.5,0.21500000000000002,37045.94,0.135,7236.3150000000005,7834.22,14797.900000000001,7177.51,0.10500000000000001,0.115,0.21999999999999997,0.10500000000000001,0.48503571452706123,0.07,213.13,193.245,0.0052,0.0057,0.5549999999999999,33.7884375,67.36859863281249,24.208333333333332,11.958333333333334,65.83502929687499,55.882060546875,9.95296875,1.1169091796875,1.3941162109375,51.8630078125,1.5080273437499998,5.0811767578125,1.478708267211914,0.6325855255126953,2.2827415466308594,0.6871719360351562,18.662109375,8.90625,2.951171875,2.439453125,4.365234375,0.0
ann,sift-128-euclidean,annoy,default,5,0.976098,1.971428673999981,5072.463504200861,2026-04-04T15:16:00.924317,2026-04-04T15:16:02.929116,2,40.5,20.0,31.5,42.0,24.5,0.2,41577.06,0.15500000000000003,7849.195,8399.220000000001,17325.12,8003.525,0.115,0.125,0.26,0.12000000000000001,0.45305285042758725,0.07,240.245,217.865,0.0052,0.0058,0.545,37.4664453125,74.99697265625,27.0,13.25,61.7535986328125,52.594262695312494,9.1593359375,1.1296337890625001,1.2812353515625,48.863369140625,1.3200244140625,5.083105087280273,1.4790935516357422,0.6333847045898438,2.2831764221191406,0.6874504089355469,18.65234375,8.90234375,2.953125,2.43359375,4.36328125,0.0
ann,sift-128-euclidean,annoy,default,6,0.976098,2.0257834589999675,4936.361759482686,2026-04-04T15:16:03.216378,2026-04-04T15:16:05.278165,2,39.0,25.0,29.0,40.5,21.5,0.22,36893.125,0.135,7352.6849999999995,7788.0650000000005,14618.86,7133.51,0.11000000000000001,0.12000000000000001,0.22000000000000003,0.10500000000000001,0.48796622992490524,0.07,211.66,191.875,0.0052,0.0057,0.555,33.7422021484375,67.92569824218751,24.458333333333332,11.958333333333334,60.95807617187499,52.0467236328125,8.9113525390625,1.0510888671875,1.2007470703125,48.4481298828125,1.3467578125,5.087749481201172,1.4800395965576172,0.6345691680908203,2.2847957611083984,0.6883449554443359,18.658203125,8.91015625,2.947265625,2.431640625,4.369140625,0.0
ann,sift-128-euclidean,annoy,default,7,0.976098,1.997808076000183,5005.485822252269,2026-04-04T15:16:05.559974,2026-04-04T15:16:07.591743,2,38.0,26.5,23.5,39.5,21.0,0.21500000000000002,36932.685,0.135,7310.41,7885.2,14566.490000000002,7170.59,0.11000000000000001,0.115,0.21500000000000002,0.10500000000000001,0.4922661533423631,0.07,212.89,192.78,0.0052,0.00575,0.5700000000000001,34.373798828125004,68.7990478515625,24.625,12.083333333333334,67.1325732421875,57.22537109375,9.907197265625,1.1556884765625002,1.50283203125,53.0810009765625,1.485849609375,5.088895797729492,1.4805641174316406,0.6347904205322266,2.2850513458251953,0.6884899139404297,18.654296875,8.91015625,2.94921875,2.427734375,4.3671875,0.0
ann,sift-128-euclidean,annoy,default,8,0.976098,2.023390860000063,4942.198859196037,2026-04-04T15:16:07.879873,2026-04-04T15:16:09.939520,2,39.0,20.5,21.5,40.5,24.5,0.20500000000000002,41989.58500000001,0.15500000000000003,8185.635,8389.74,17186.705,8227.5,0.125,0.12,0.255,0.125,0.4762771572561465,0.07,242.93,220.52499999999998,0.0052499999999999995,0.0058,0.56,39.0949609375,77.5443505859375,27.833333333333332,13.875,61.094492187499995,52.139609375000006,8.9548779296875,1.120703125,1.3638525390625,48.3115673828125,1.3434912109375001,5.08342170715332,1.4792728424072266,0.6339397430419922,2.282747268676758,0.6874618530273438,18.66015625,8.90625,2.958984375,2.4296875,4.365234375,0.0
ann,sift-128-euclidean,annoy,default,9,0.976098,2.0105995179999354,4973.640901867719,2026-04-04T15:16:10.223025,2026-04-04T15:16:12.268205,2,39.5,18.0,21.5,41.5,21.5,0.21000000000000002,37200.055,0.14,7188.61,7684.68,15421.740000000002,6905.030000000001,0.10500000000000001,0.115,0.22999999999999998,0.1,0.4477464929378916,0.065,214.5,194.985,0.0052,0.00575,0.555,33.8080859375,67.52169921875,24.416666666666668,11.958333333333334,61.4835107421875,52.539770507812506,8.9437451171875,1.0458984375,1.3721240234374998,48.6995068359375,1.4222412109375,5.093450546264648,1.4812393188476562,0.6360111236572266,2.287006378173828,0.6891937255859375,18.65625,8.91015625,2.9453125,2.435546875,4.365234375,0.0
ann,sift-128-euclidean,annoy,default,10,0.976098,1.9980951049999476,5004.766777605545,2026-04-04T15:16:12.557047,2026-04-04T15:16:14.590377,2,38.5,19.0,22.0,40.0,21.5,0.21500000000000002,36128.600000000006,0.135,6979.615,7712.45,14470.575,6965.955,0.10500000000000001,0.115,0.21500000000000002,0.10500000000000001,0.48138757443985464,0.065,207.84,188.63,0.00515,0.0057,0.5700000000000001,33.5023779296875,66.82558105468749,24.083333333333332,11.916666666666666,67.4931982421875,57.771162109375,9.7220263671875,1.18484375,1.4741455078125,53.5905126953125,1.5216601562499998,5.0872802734375,1.4799022674560547,0.6350765228271484,2.284360885620117,0.6879844665527344,18.650390625,8.908203125,2.9453125,2.42578125,4.37109375,0.0
ann,sift-128-euclidean,annoy,default,11,0.976098,2.0022302140000647,4994.430675392693,2026-04-04T15:16:14.870842,2026-04-04T15:16:16.906650,2,39.5,21.5,20.0,42.0,22.0,0.20500000000000002,42693.104999999996,0.16,8219.99,8500.26,17754.35,8218.51,0.12,0.13,0.26,0.12,0.4629012044935467,0.065,247.505,225.015,0.0052499999999999995,0.0058,0.5549999999999999,39.193867187500004,78.0205419921875,28.083333333333332,13.916666666666666,61.83677734375,53.0413427734375,8.795434570312501,1.069091796875,1.3345800781250001,49.2303125,1.407353515625,5.0894317626953125,1.4803962707519531,0.6357040405273438,2.2848739624023438,0.6884574890136719,18.65234375,8.91015625,2.94921875,2.42578125,4.3671875,0.0
ann,sift-128-euclidean,annoy,default,12,0.976098,2.0459654200001296,4887.668140549202,2026-04-04T15:16:17.192227,2026-04-04T15:16:19.275233,2,38.5,19.5,27.5,40.5,21.5,0.215,36440.235,0.135,7082.685,7753.615,14523.220000000001,7080.715,0.10500000000000001,0.12000000000000001,0.22000000000000003,0.10500000000000001,0.4875444288525547,0.07,208.85,189.575,0.0052,0.00575,0.565,33.786357421874996,67.045595703125,24.208333333333332,11.875,60.05703125,51.5072119140625,8.5498193359375,1.11990234375,1.293203125,47.750908203125,1.3431982421875,5.092266082763672,1.481100082397461,0.6363239288330078,2.2859420776367188,0.6889019012451172,18.658203125,8.908203125,2.9453125,2.43359375,4.37109375,0.0
ann,sift-128-euclidean,annoy,default,13,0.976098,2.0164276289999634,4959.265513019898,2026-04-04T15:16:19.558854,2026-04-04T15:16:21.608420,2,39.0,27.0,26.0,40.5,22.5,0.21500000000000002,36500.955,0.135,7114.14,7530.41,14859.954999999998,6996.45,0.10500000000000001,0.11,0.21999999999999997,0.10500000000000001,0.47082578648454865,0.065,210.09,190.83999999999997,0.0052,0.00575,0.56,33.627055664062496,66.565302734375,23.875,11.791666666666666,68.10555175781249,58.4400537109375,9.6654931640625,1.162265625,1.5403564453124998,54.1171240234375,1.6203076171875002,5.091798782348633,1.4811668395996094,0.6364021301269531,2.2853012084960938,0.6889286041259766,18.662109375,8.908203125,2.9453125,2.439453125,4.369140625,0.0
ann,sift-128-euclidean,annoy,default,14,0.976098,2.0217638819999593,4946.176004543047,2026-04-04T15:16:21.895646,2026-04-04T15:16:23.953374,2,39.0,18.0,25.0,41.0,21.5,0.20500000000000002,41866.415,0.15500000000000003,8114.505000000001,8539.12,17062.33,8150.459999999999,0.12,0.13,0.255,0.12,0.47558012299609725,0.065,241.77999999999997,219.87,0.0052499999999999995,0.00575,0.56,38.8256298828125,76.9931591796875,27.666666666666668,13.666666666666666,59.8251513671875,51.395078125,8.4300732421875,1.103447265625,1.3251611328125001,47.674570312499995,1.29189453125,5.086030960083008,1.4797592163085938,0.6352443695068359,2.2831878662109375,0.6878395080566406,18.658203125,8.908203125,2.9453125,2.43359375,4.37109375,0.0
ann,sift-128-euclidean,annoy,default,15,0.976098,1.9963146340001003,5009.230423744666,2026-04-04T15:16:24.236242,2026-04-04T15:16:26.265587,2,39.5,15.5,21.5,41.5,18.5,0.21000000000000002,37432.274999999994,0.14,6947.98,7708.165,15607.17,7168.955,0.10500000000000001,0.115,0.235,0.10500000000000001,0.44517872234364075,0.065,215.37,195.54500000000002,0.0052,0.00575,0.555,34.2269921875,67.9853515625,24.5,12.083333333333334,61.5397509765625,52.847236328125,8.69251953125,1.1645849609375,1.369013671875,48.942954101562506,1.3706787109375,5.096534729003906,1.4817066192626953,0.6376800537109375,2.287334442138672,0.6898136138916016,18.6640625,8.90625,2.94921875,2.44140625,4.3671875,0.0
ann,sift-128-euclidean,annoy,default,16,0.976098,2.045043889999988,4889.870603217253,2026-04-04T15:16:26.552253,2026-04-04T15:16:28.633587,2,37.5,17.0,21.5,39.5,20.5,0.215,36171.29,0.135,7014.0650000000005,7689.65,14366.954999999998,7100.615,0.10500000000000001,0.115,0.21000000000000002,0.10500000000000001,0.4882081832928412,0.07,207.255,188.19,0.00515,0.00565,0.575,33.923564453124996,67.2329296875,24.083333333333332,12.083333333333334,67.8478173828125,58.274091796875,9.573725585937499,1.271630859375,1.5146923828125,53.991674804687506,1.49609375,5.089937210083008,1.4804668426513672,0.6362152099609375,2.284818649291992,0.6884365081787109,18.658203125,8.90234375,2.9453125,2.44140625,4.369140625,0.0
ann,sift-128-euclidean,annoy,default,17,0.976098,1.9885429210000891,5028.807723682798,2026-04-04T15:16:28.915822,2026-04-04T15:16:30.938308,2,40.0,9.5,23.0,42.5,23.5,0.2,42314.305,0.15500000000000003,8003.825000000001,8305.2,17908.620000000003,8096.664999999999,0.12,0.12,0.27,0.12,0.44692583794842927,0.065,244.535,222.175,0.0052499999999999995,0.00575,0.55,38.567387695312505,76.5571337890625,27.416666666666668,13.583333333333334,60.9991943359375,52.475136718749994,8.5240576171875,1.2646630859375,1.3270556640625,48.62021484375,1.2632080078125,5.093549728393555,1.4812202453613281,0.6371841430664062,2.2857398986816406,0.6894054412841797,18.66015625,8.91015625,2.9453125,2.43359375,4.37109375,0.0
ann,sift-128-euclidean,annoy,default,18,0.976098,2.0214354219999677,4946.97970123933,2026-04-04T15:16:31.224552,2026-04-04T15:16:33.281138,2,39.5,9.0,26.5,42.0,24.5,0.20500000000000002,37199.409999999996,0.14,7100.530000000001,7714.305,15244.715,7139.86,0.10500000000000001,0.115,0.22999999999999998,0.10500000000000001,0.46576994059908633,0.065,213.44,193.985,0.0052,0.0057,0.56,33.892939453124995,67.54939941406249,24.333333333333332,11.958333333333334,61.03767578125,52.65544921875,8.3822265625,1.221279296875,1.307216796875,48.9179296875,1.2090234375,5.094158172607422,1.4813461303710938,0.6373786926269531,2.286029815673828,0.6894035339355469,18.662109375,8.91015625,2.9453125,2.439453125,4.3671875,0.0
ann,sift-128-euclidean,annoy,default,19,0.976098,2.007921713999849,4980.273847469708,2026-04-04T15:16:33.562180,2026-04-04T15:16:35.604522,2,38.0,8.0,27.5,40.5,22.0,0.21000000000000002,36734.9,0.135,6969.625,7534.950000000001,14968.305,7262.015,0.10500000000000001,0.115,0.225,0.11,0.46562553341878055,0.065,210.64999999999998,191.185,0.0052,0.0057,0.565,33.752446289062505,67.2063525390625,24.166666666666668,11.875,68.9848876953125,59.473916015624994,9.5109716796875,1.2616503906249998,1.5168896484375,55.20734375,1.488037109375,5.095191955566406,1.4816665649414062,0.6376857757568359,2.2860450744628906,0.6898002624511719,18.6640625,8.90625,2.94921875,2.44140625,4.3671875,0.0
ann,sift-128-euclidean,annoy,default,20,0.976098,2.1251896669998587,4705.462366621165,2026-04-04T15:16:35.893811,2026-04-04T15:16:38.055703,2,40.0,11.0,28.5,42.0,26.5,0.20500000000000002,40394.66,0.15000000000000002,7774.4349999999995,8112.13,16682.64,7825.469999999999,0.115,0.12,0.25,0.115,0.46601946694288193,0.065,234.355,212.35500000000002,0.0053,0.0058,0.56,37.0907763671875,73.61109375,26.541666666666668,13.083333333333334,56.4384765625,48.648671875,7.7898046875,1.1952880859375,1.2692333984375,45.0130322265625,1.1711279296875001,5.088655471801758,1.4805278778076172,0.6365528106689453,2.2830028533935547,0.6885719299316406,18.66015625,8.90625,2.9453125,2.44140625,4.3671875,0.0
ann,sift-128-euclidean,annoy,default,21,0.976098,2.0132266020000316,4967.15073706335,2026-04-04T15:16:38.340248,2026-04-04T15:16:40.386519,2,38.5,13.0,27.0,40.0,25.0,0.21000000000000002,36658.685,0.135,7132.92,7663.245000000001,14797.355,7065.165,0.10500000000000001,0.11,0.21500000000000002,0.10500000000000001,0.4774613435982309,0.07,209.26,189.85000000000002,0.00515,0.0057,0.565,33.841669921875,66.972470703125,24.125,11.833333333333334,59.8493798828125,51.57474609375,8.2746337890625,1.1346484375,1.3469921875,47.796337890625,1.2967626953125,5.097064971923828,1.482217788696289,0.6382045745849609,2.286439895629883,0.6902027130126953,18.6640625,8.90625,2.94921875,2.44140625,4.3671875,0.0
ann,sift-128-euclidean,annoy,default,22,0.976098,2.0421446039999864,4896.812880151981,2026-04-04T15:16:40.678981,2026-04-04T15:16:42.755807,2,37.5,21.5,23.0,39.0,27.5,0.21500000000000002,36104.2,0.135,7209.965,7612.96,14100.425,7180.849999999999,0.10500000000000001,0.115,0.21000000000000002,0.10500000000000001,0.509264791664081,0.07,207.18,187.70999999999998,0.00515,0.0057,0.575,33.66677734375,66.73427734375,24.125,11.916666666666666,63.329638671875,54.6365576171875,8.6930810546875,1.102158203125,1.4708642578125,50.6830224609375,1.3805126953125,5.091331481933594,1.481161117553711,0.6370010375976562,2.2839813232421875,0.6891956329345703,18.66015625,8.91015625,2.9453125,2.4375,4.3671875,0.0
ann,sift-128-euclidean,annoy,default,23,0.976098,2.007794386999876,4980.589678279948,2026-04-04T15:16:43.042201,2026-04-04T15:16:45.082322,2,40.0,18.5,17.5,42.5,23.5,0.20500000000000002,39962.945,0.14500000000000002,7481.17,8005.235000000001,16914.275,7562.26,0.11,0.12,0.25,0.11,0.44229918219965086,0.065,230.225,209.01,0.0052499999999999995,0.00575,0.555,36.2231591796875,71.676630859375,25.916666666666668,12.75,60.938608398437495,52.5917333984375,8.346875,1.0389697265625,1.4070703125000001,48.743994140625,1.4017041015625,5.0971832275390625,1.482431411743164,0.6384334564208984,2.285860061645508,0.6904582977294922,18.6640625,8.91015625,2.94921875,2.4375,4.3671875,0.0
ann,sift-128-euclidean,annoy,default,24,0.976098,2.0522704649999923,4872.652104360932,2026-04-04T15:16:45.372112,2026-04-04T15:16:47.462423,2,37.0,22.5,16.5,39.0,18.5,0.21000000000000002,35595.884999999995,0.135,7017.219999999999,7585.35,14109.29,6884.025,0.10500000000000001,0.11,0.21000000000000002,0.10500000000000001,0.48790725826742515,0.065,203.265,184.41,0.00515,0.00565,0.575,33.436982421875,66.291357421875,23.958333333333332,11.833333333333334,62.239863281249995,53.70346028645832,8.536402994791667,1.0063346354166667,1.47150390625,49.81458333333333,1.4110416666666667,5.0950927734375,1.4820308685302734,0.6380233764648438,2.2851924896240234,0.6898460388183594,18.662109375,8.90625,2.951171875,2.4375,4.3671875,0.0
ann,sift-128-euclidean,annoy,default,25,0.976098,2.0140813529999377,4965.04274025733,2026-04-04T15:16:47.746569,2026-04-04T15:16:49.795051,3,37.666666666666664,13.333333333333334,19.333333333333332,40.0,22.666666666666668,0.21333333333333335,38243.94333333333,0.14,7451.78,7883.073333333333,15337.796666666667,7571.3,0.11,0.12,0.22999999999999998,0.11333333333333334,0.4858442292558753,0.06666666666666667,220.05333333333337,200.15333333333334,0.005166666666666667,0.005733333333333333,0.5733333333333334,35.812792968749996,70.90328776041666,25.583333333333332,12.694444444444445,63.3337109375,54.5473779296875,8.786328125,1.2355224609375,1.357724609375,50.4476025390625,1.5065283203125,5.098354339599609,1.4827136993408203,0.6387844085693359,2.286235809326172,0.6906204223632812,18.6640625,8.90625,2.94921875,2.44140625,4.3671875,0.0
ann,sift-128-euclidean,annoy,default,26,0.976098,2.023487556999953,4941.962684873694,2026-04-04T15:16:50.085145,2026-04-04T15:16:52.143495,2,39.0,17.0,18.5,41.5,25.0,0.21,38527.14,0.14500000000000002,7324.98,7929.595,15820.645,7451.915,0.11,0.115,0.24000000000000002,0.11,0.4630013504506295,0.07,220.94,200.61,0.0052,0.00575,0.56,35.33099609375,69.9770361328125,25.083333333333332,12.458333333333334,59.294970703125,51.2033251953125,8.0916455078125,1.1836865234375,1.2439697265625,47.4534228515625,1.3222412109375,5.096439361572266,1.4824638366699219,0.6384251912434896,2.2852134704589844,0.6903368631998698,18.665364583333332,8.90625,2.9466145833333335,2.4453125,4.3671875,0.0
ann,sift-128-euclidean,annoy,default,27,0.976098,1.9848226070000692,5038.2336258827445,2026-04-04T15:16:52.429766,2026-04-04T15:16:54.448304,2,40.0,15.5,19.0,42.0,29.0,0.20500000000000002,37329.51,0.135,6996.244999999999,7562.495,15678.015,7092.745000000001,0.10500000000000001,0.115,0.235,0.10500000000000001,0.44624558657457586,0.065,215.29500000000002,196.08499999999998,0.0052,0.00575,0.5549999999999999,33.7789404296875,67.1132666015625,24.083333333333332,12.0,60.76482421875001,52.576723632812495,8.188095703125,1.1528515625,1.400185546875,48.785527343750005,1.2381640625,5.099697113037109,1.483072280883789,0.6391677856445312,2.286436080932617,0.6910209655761719,18.66796875,8.90625,2.94921875,2.4453125,4.3671875,0.0
ann,sift-128-euclidean,annoy,default,28,0.976098,2.060676967000063,4852.774190298257,2026-04-04T15:16:54.740443,2026-04-04T15:16:56.839203,3,37.666666666666664,19.333333333333332,20.333333333333332,39.666666666666664,28.333333333333332,0.21,38056.5,0.14333333333333334,7601.816666666666,7952.063333333334,15022.726666666667,7479.893333333333,0.11333333333333333,0.12,0.22333333333333336,0.11,0.49790517389430855,0.06666666666666667,217.76333333333332,197.80000000000004,0.0051333333333333335,0.0057,0.5766666666666667,35.62442708333333,70.56135091145833,25.38888888888889,12.611111111111109,62.204672851562506,53.78505859375,8.419609375,1.1928125,1.41169921875,49.838969726562496,1.3415771484375,5.0939178466796875,1.4820003509521484,0.63812255859375,2.2839183807373047,0.6898765563964844,18.6640625,8.90625,2.9453125,2.4453125,4.3671875,0.0
ann,sift-128-euclidean,annoy,default,29,0.976098,2.0139053230000172,4965.476721171522,2026-04-04T15:16:57.123146,2026-04-04T15:16:59.170570,2,40.5,17.5,22.0,42.5,25.5,0.20500000000000002,38420.604999999996,0.14,7243.07,7793.93,16119.675000000001,7263.9400000000005,0.10500000000000001,0.115,0.24,0.10500000000000001,0.4493310193908996,0.065,221.2,200.70499999999998,0.0052,0.00575,0.55,34.5170263671875,68.514208984375,24.75,12.125,60.1936376953125,52.1039892578125,8.0896484375,1.1547314453125002,1.3586181640625,48.333115234375,1.25751953125,5.101280212402344,1.4835853576660156,0.6395416259765625,2.2870845794677734,0.6910686492919922,18.6640625,8.90625,2.9453125,2.4453125,4.3671875,0.0
ann,sift-128-euclidean,annoy,default,30,0.976098,2.008554932999914,4978.7037614472,2026-04-04T15:16:59.461392,2026-04-04T15:17:01.504478,2,39.0,15.5,26.5,41.0,20.5,0.21000000000000002,36724.89,0.135,7123.91,7605.139999999999,15149.685000000001,6846.15,0.10500000000000001,0.115,0.22999999999999998,0.1,0.4519004850595903,0.065,210.35,191.305,0.0052,0.0057,0.565,33.7747265625,66.677744140625,23.833333333333332,11.833333333333334,72.35755371093751,62.558964843750005,9.798583984375,1.3188818359374999,1.6486328125,57.95982421875,1.631630859375,5.095964431762695,1.4825935363769531,0.6386394500732422,2.2845230102539062,0.6902084350585938,18.666015625,8.90625,2.94921875,2.44140625,4.369140625,0.0
ann,sift-128-euclidean,annoy,imbalanced-memory,1,0.976098,7.0112252179997085,1426.284235503846,2026-04-04T15:49:45.698242,2026-04-04T15:49:52.709487,7,41.857142857142854,41.714285714285715,47.42857142857143,51.857142857142854,43.0,0.2714285714285714,9517.238571428572,0.03428571428571429,3182.12,1887.8785714285714,2541.741428571429,1905.5,0.047142857142857146,0.028571428571428574,0.037142857142857144,0.027142857142857142,0.5932769887460471,0.5442857142857143,49.08714285714286,39.93857142857143,0.0017428571428571428,0.004914285714285714,0.5028571428571429,10.265048828125,21.343390066964282,7.464285714285714,3.476190476190476,18.869667968750004,14.691049107142858,4.178616071428571,14.480553850446428,0.03648995535714287,0.13240931919642857,0.04159737723214286,2.9138461521693637,2.7987038748604913,0.04799652099609375,0.034168243408203125,0.033130645751953125,18.051897321428573,14.411272321428571,0.62890625,0.484375,2.52734375,0.0
ann,sift-128-euclidean,annoy,imbalanced-memory,2,0.976098,2.1435171510001965,4665.229758172849,2026-04-04T15:49:52.998731,2026-04-04T15:49:55.176551,2,39.0,39.0,90.0,50.0,80.5,0.195,37178.0,0.135,14524.73,7325.455,7891.945,7435.87,0.21500000000000002,0.11,0.12,0.11,0.5043436263531232,0.07,217.495,197.29500000000002,0.0053,0.005849999999999999,0.555,33.909501953125,65.5872705078125,23.666666666666668,12.166666666666666,58.09927734375,49.005048828125,9.0942333984375,48.729838867187496,0.055288085937499995,0.152158203125,0.06775878906249999,3.4953269958496094,3.3800315856933594,0.04799652099609375,0.034168243408203125,0.033130645751953125,18.609375,14.96875,0.62890625,0.484375,2.52734375,0.0
ann,sift-128-euclidean,annoy,imbalanced-memory,3,0.976098,2.1321919339998203,4690.009300073097,2026-04-04T15:49:55.456718,2026-04-04T15:49:57.623201,2,40.0,40.0,89.5,50.5,76.5,0.20500000000000002,35003.835,0.13,13954.93,6661.755,7534.17,6852.9800000000005,0.20500000000000002,0.095,0.11,0.1,0.4773764540560218,0.065,205.53,187.22,0.0053,0.00585,0.5549999999999999,31.5010302734375,61.096225585937496,22.125,11.333333333333334,62.486430664062496,52.98666015625,9.4997705078125,52.732797851562495,0.0531396484375,0.1359814453125,0.06474609375,3.505606333414714,3.390310923258464,0.04799652099609375,0.034168243408203125,0.033130645751953125,18.626302083333332,14.985677083333334,0.62890625,0.484375,2.52734375,0.0
ann,sift-128-euclidean,annoy,imbalanced-memory,4,0.976098,2.1687739000003603,4610.900195727337,2026-04-04T15:49:57.912837,2026-04-04T15:50:00.117396,2,38.5,38.5,89.0,49.5,76.5,0.2,38368.345,0.14500000000000002,14766.915,7790.615,8045.145,7765.68,0.22,0.115,0.12,0.115,0.5258837069218587,0.065,225.055,204.35500000000002,0.0053,0.0059,0.56,35.64095703125,68.4906689453125,24.708333333333332,12.708333333333334,55.38596191406249,47.07734375,8.30861328125,46.8006884765625,0.056069335937500006,0.1531103515625,0.067470703125,3.4969425201416016,3.3816490173339844,0.04799652099609375,0.034168243408203125,0.033130645751953125,18.61328125,14.97265625,0.62890625,0.484375,2.52734375,0.0
ann,sift-128-euclidean,annoy,imbalanced-memory,5,0.976098,2.163298193999708,4622.571233007441,2026-04-04T15:50:00.398412,2026-04-04T15:50:02.596001,2,40.5,40.5,90.5,48.0,76.0,0.20500000000000002,34742.5,0.13,14048.005000000001,6821.945,7248.960000000001,6623.59,0.21000000000000002,0.1,0.11,0.095,0.47149684243421036,0.065,203.685,185.62,0.0053,0.0058,0.545,31.0623486328125,60.0635546875,21.708333333333332,11.166666666666666,63.59639648437499,54.237324218750004,9.359072265625,53.968544921874994,0.057153320312500006,0.14460937499999998,0.067021484375,3.5062815348307295,3.3909861246744795,0.04799652099609375,0.034168243408203125,0.033130645751953125,18.626302083333332,14.985677083333334,0.62890625,0.484375,2.52734375,0.0
ann,sift-128-euclidean,annoy,imbalanced-memory,6,0.976098,2.182321183000113,4582.276925091591,2026-04-04T15:50:02.887543,2026-04-04T15:50:05.108116,2,39.0,39.0,90.0,49.5,76.5,0.2,38872.385,0.14500000000000002,15164.474999999999,7831.424999999999,8105.835,7770.66,0.225,0.12,0.12,0.115,0.5124252570563769,0.065,227.62,206.82999999999998,0.0053,0.005849999999999999,0.565,35.9824951171875,68.9567138671875,24.916666666666668,12.958333333333334,54.63052734375,46.67849609375,7.952031249999999,46.410732421875,0.0541455078125,0.1469970703125,0.0666259765625,3.4973602294921875,3.3820648193359375,0.04799652099609375,0.034168243408203125,0.033130645751953125,18.61328125,14.97265625,0.62890625,0.484375,2.52734375,0.0
ann,sift-128-euclidean,annoy,imbalanced-memory,7,0.976098,2.1553593160001583,4639.597641917848,2026-04-04T15:50:05.389243,2026-04-04T15:50:07.580858,2,40.5,40.0,86.0,50.0,77.0,0.20500000000000002,34511.52,0.13,13760.675,6561.599999999999,7256.745,6932.5,0.20500000000000002,0.095,0.105,0.10500000000000001,0.47683707376273327,0.065,202.505,184.41500000000002,0.0053,0.0058,0.55,30.95083984375,59.669931640625,21.583333333333332,11.083333333333334,64.5919140625,55.2773876953125,9.314521484375,55.010625000000005,0.05654296875,0.1434130859375,0.066806640625,3.503233591715495,3.387777964274089,0.04799652099609375,0.034168243408203125,0.033130645751953125,18.626302083333332,14.985677083333334,0.62890625,0.484375,2.52734375,0.0
ann,sift-128-euclidean,annoy,imbalanced-memory,8,0.976098,2.168930068999998,4610.568198084218,2026-04-04T15:50:07.875965,2026-04-04T15:50:10.081853,2,39.5,39.5,91.0,49.5,76.5,0.195,39487.3,0.15000000000000002,15618.25,7900.83,8136.790000000001,7831.43,0.22999999999999998,0.12,0.12,0.115,0.5014281369551646,0.065,231.885,210.7,0.005350000000000001,0.005849999999999999,0.56,36.1603173828125,69.266298828125,25.0,12.958333333333334,54.439448242187495,46.661601562499996,7.7778369140625,46.40603515625,0.050888671875,0.141201171875,0.0634765625,3.497295379638672,3.381999969482422,0.04799652099609375,0.034168243408203125,0.033130645751953125,18.619140625,14.978515625,0.62890625,0.484375,2.52734375,0.0
ann,sift-128-euclidean,annoy,imbalanced-memory,9,0.976098,2.1515610520000337,4647.788167899892,2026-04-04T15:50:10.365834,2026-04-04T15:50:12.553576,2,39.5,39.5,87.5,50.0,78.0,0.20500000000000002,34117.655,0.13,13317.16,6847.435,7369.805,6583.255,0.195,0.10500000000000001,0.11,0.095,0.49434376398571467,0.07,199.37,181.095,0.0053,0.0058,0.56,31.1390234375,59.8014013671875,21.541666666666668,11.125,64.34947265625,55.16890625,9.1805615234375,54.889580078125,0.059335937500000005,0.1506494140625,0.0693408203125,3.5054378509521484,3.3901424407958984,0.04799652099609375,0.034168243408203125,0.033130645751953125,18.62890625,14.98828125,0.62890625,0.484375,2.52734375,0.0
ann,sift-128-euclidean,annoy,imbalanced-memory,10,0.976098,2.1865631470000153,4573.387241854914,2026-04-04T15:50:12.844518,2026-04-04T15:50:15.067898,2,39.0,39.0,89.0,50.5,77.0,0.195,39991.645000000004,0.15000000000000002,15641.275000000001,8067.005000000001,8243.35,8040.025000000001,0.235,0.12,0.125,0.12,0.5140261903201625,0.065,235.10000000000002,213.685,0.005350000000000001,0.005849999999999999,0.565,37.055317382812504,70.804755859375,25.625,13.375,55.4425830078125,47.6248046875,7.8177783203125,47.3545068359375,0.0562109375,0.1488623046875,0.0652197265625,3.4984798431396484,3.3831844329833984,0.04799652099609375,0.034168243408203125,0.033130645751953125,18.62109375,14.98046875,0.62890625,0.484375,2.52734375,0.0
ann,sift-128-euclidean,annoy,imbalanced-memory,11,0.976098,2.1541466080002465,4642.209570537669,2026-04-04T15:50:15.351959,2026-04-04T15:50:17.540329,2,39.5,38.5,87.5,51.5,77.0,0.20500000000000002,34362.445,0.13,13397.689999999999,7067.685,7427.155000000001,6469.92,0.2,0.10500000000000001,0.11,0.095,0.48291309919844394,0.065,200.255,182.3,0.00525,0.0058,0.565,31.350498046875003,60.012392578124995,21.666666666666668,11.208333333333334,66.127470703125,56.8381689453125,9.289306640625,56.5604638671875,0.059228515625000006,0.1488330078125,0.069638671875,3.506380081176758,3.391084671020508,0.04799652099609375,0.034168243408203125,0.033130645751953125,18.62890625,14.98828125,0.62890625,0.484375,2.52734375,0.0
ann,sift-128-euclidean,annoy,imbalanced-memory,12,0.976098,2.1716368350002995,4604.821505525173,2026-04-04T15:50:17.833374,2026-04-04T15:50:20.043246,2,39.5,39.5,90.5,50.0,79.0,0.195,40688.509999999995,0.155,16258.085000000001,8128.98,8220.220000000001,8081.215,0.24,0.12,0.125,0.12,0.4970582328730598,0.065,239.69,217.75,0.005350000000000001,0.0059,0.56,37.32287109375,71.3307177734375,25.791666666666668,13.375,54.519663085937495,46.9546484375,7.565014648437501,46.702290039062504,0.0516748046875,0.140283203125,0.0603955078125,3.4993019104003906,3.3840065002441406,0.04799652099609375,0.034168243408203125,0.033130645751953125,18.62109375,14.98046875,0.62890625,0.484375,2.52734375,0.0
ann,sift-128-euclidean,annoy,imbalanced-memory,13,0.976098,2.157571573000041,4634.840449855987,2026-04-04T15:50:20.341056,2026-04-04T15:50:22.534392,2,40.0,40.0,85.5,50.5,73.5,0.2,33667.41,0.125,13338.35,6488.75,7216.049999999999,6624.265,0.195,0.095,0.11,0.095,0.486473214453062,0.065,197.585,179.59,0.0053,0.005849999999999999,0.56,30.4544677734375,58.501503906249994,21.125,10.833333333333334,65.8293115234375,56.64533203125,9.183974609375,56.34724609375,0.06354980468749999,0.1577197265625,0.07681640625,3.5073280334472656,3.3920326232910156,0.04799652099609375,0.034168243408203125,0.033130645751953125,18.62890625,14.98828125,0.62890625,0.484375,2.52734375,0.0
ann,sift-128-euclidean,annoy,imbalanced-memory,14,0.976098,2.172912871000335,4602.11733910727,2026-04-04T15:50:22.828184,2026-04-04T15:50:25.037757,2,39.5,39.5,90.0,50.5,79.0,0.195,40944.92,0.155,16161.605,8251.845000000001,8291.475,8239.99,0.24,0.125,0.125,0.125,0.5098497333649721,0.065,240.93,218.69,0.005350000000000001,0.005849999999999999,0.565,37.724296875,71.9442822265625,25.958333333333332,13.5,55.21735351562501,47.6022509765625,7.6151025390625,47.347255859375,0.0526904296875,0.13914062500000002,0.0631689453125,3.4998092651367188,3.3845138549804688,0.04799652099609375,0.034168243408203125,0.033130645751953125,18.623046875,14.982421875,0.62890625,0.484375,2.52734375,0.0
ann,sift-128-euclidean,annoy,imbalanced-memory,15,0.976098,2.150125377999757,4650.891572333756,2026-04-04T15:50:25.325465,2026-04-04T15:50:27.509244,2,39.0,39.0,87.0,51.0,72.5,0.20500000000000002,34169.445,0.13,13287.654999999999,6815.4349999999995,7392.775000000001,6673.58,0.195,0.10500000000000001,0.11,0.095,0.5022391084055088,0.065,199.81,181.69,0.0053,0.0058,0.5700000000000001,31.15302734375,59.6557080078125,21.541666666666668,11.125,67.28510742187501,58.028603515625,9.25650390625,57.732548828125,0.06270507812500001,0.155947265625,0.07740234374999999,3.5082931518554688,3.3929977416992188,0.04799652099609375,0.034168243408203125,0.033130645751953125,18.62890625,14.98828125,0.62890625,0.484375,2.52734375,0.0
ann,sift-128-euclidean,annoy,imbalanced-memory,16,0.976098,2.1641935520001425,4620.6588088011,2026-04-04T15:50:27.806579,2026-04-04T15:50:30.006930,2,39.0,39.0,89.5,50.0,79.0,0.195,41182.395000000004,0.155,16215.169999999998,8364.48,8334.76,8267.99,0.24,0.125,0.125,0.125,0.5098922798835905,0.065,242.88,220.825,0.005350000000000001,0.0059,0.565,38.124165039062504,72.65982910156251,26.333333333333332,13.666666666666666,54.616357421874994,47.1223828125,7.493974609375,46.8618798828125,0.054580078125,0.143056640625,0.06287109375,3.5007152557373047,3.3854198455810547,0.04799652099609375,0.034168243408203125,0.033130645751953125,18.625,14.984375,0.62890625,0.484375,2.52734375,0.0
ann,sift-128-euclidean,annoy,imbalanced-memory,17,0.976098,2.1597685540000384,4630.125751891016,2026-04-04T15:50:30.290655,2026-04-04T15:50:32.488434,2,41.0,41.0,87.0,48.5,70.5,0.20500000000000002,34499.645,0.13,14014.14,6880.015,7155.455,6450.035,0.21000000000000002,0.10500000000000001,0.105,0.1,0.4602519312637094,0.065,201.94,183.47500000000002,0.0053,0.005849999999999999,0.55,30.67462890625,58.75568359375,21.25,11.0,68.0189990234375,58.6867822265625,9.332216796874999,58.389609375000006,0.0628076171875,0.15738769531250002,0.07697265625,3.509248733520508,3.393953323364258,0.04799652099609375,0.034168243408203125,0.033130645751953125,18.62890625,14.98828125,0.62890625,0.484375,2.52734375,0.0
ann,sift-128-euclidean,annoy,imbalanced-memory,18,0.976098,2.1726268970001,4602.723097006536,2026-04-04T15:50:32.781993,2026-04-04T15:50:34.990869,3,39.333333333333336,39.0,89.0,50.0,78.33333333333333,0.20000000000000004,36608.23,0.14,14376.773333333333,7406.673333333333,7663.006666666665,7161.783333333333,0.21333333333333335,0.11,0.11333333333333333,0.10666666666666667,0.4981495616077043,0.06666666666666667,213.89999999999998,194.51,0.0053,0.005833333333333334,0.5666666666666668,33.48619140624999,63.91983072916667,23.194444444444443,11.972222222222221,55.0426904296875,47.60099609375,7.441699218749999,47.3593017578125,0.051083984374999995,0.1313232421875,0.0592822265625,3.5018234252929688,3.3865280151367188,0.04799652099609375,0.034168243408203125,0.033130645751953125,18.623046875,14.982421875,0.62890625,0.484375,2.52734375,0.0
ann,sift-128-euclidean,annoy,imbalanced-memory,19,0.976098,2.1469176949999564,4657.840411530169,2026-04-04T15:50:35.275683,2026-04-04T15:50:37.458640,2,41.0,41.0,89.0,51.5,75.5,0.2,34670.335,0.13,14164.199999999999,6526.959999999999,7364.834999999999,6614.34,0.21500000000000002,0.095,0.105,0.095,0.46080682283503477,0.065,202.92000000000002,184.32,0.0053,0.005849999999999999,0.55,30.6915478515625,58.841005859375,21.25,10.916666666666666,60.1128515625,51.98795247395833,8.12490234375,51.7220703125,0.0553515625,0.1433333333333333,0.06719075520833334,3.5099716186523438,3.394866943359375,0.047821044921875,0.034168243408203125,0.033115386962890625,18.62890625,14.98828125,0.62890625,0.484375,2.52734375,0.0
ann,sift-128-euclidean,annoy,imbalanced-memory,20,0.976098,2.183748618000209,4579.28166162166,2026-04-04T15:50:37.753269,2026-04-04T15:50:39.973653,3,38.666666666666664,38.666666666666664,87.66666666666667,50.0,75.0,0.20333333333333337,36302.56666666667,0.13333333333333333,14023.883333333333,7351.276666666668,7744.946666666668,7182.463333333333,0.20666666666666667,0.11,0.11333333333333333,0.10666666666666667,0.5121593757316387,0.06333333333333334,211.87333333333333,192.8166666666667,0.0053,0.0058,0.5733333333333333,33.566822916666666,63.981282552083336,23.11111111111111,12.0,54.310795898437505,46.94423828125,7.3665527343749995,46.6917431640625,0.0539208984375,0.1369287109375,0.061640625000000004,3.502809524536133,3.3878955841064453,0.04764556884765625,0.034168243408203125,0.033100128173828125,18.625,14.984375,0.62890625,0.484375,2.52734375,0.0
ann,sift-128-euclidean,annoy,imbalanced-memory,21,0.976098,2.2574270439999964,4429.82200757227,2026-04-04T15:50:40.259271,2026-04-04T15:50:42.548576,2,39.5,39.5,87.5,50.5,76.5,0.2,32705.910000000003,0.125,12836.16,6535.385,6941.705,6392.66,0.195,0.095,0.10500000000000001,0.095,0.4980196569690624,0.065,191.005,173.505,0.00525,0.0058,0.56,29.707753906249998,56.8734716796875,20.5,10.666666666666666,57.927288411458335,50.063479817708334,7.86380859375,49.795009765625,0.057744140624999996,0.14354817708333334,0.067177734375,3.5106773376464844,3.395763397216797,0.04764556884765625,0.034168243408203125,0.033100128173828125,18.62890625,14.98828125,0.62890625,0.484375,2.52734375,0.0
ann,sift-128-euclidean,annoy,imbalanced-memory,22,0.976098,2.160509467999873,4628.537920390446,2026-04-04T15:50:42.843566,2026-04-04T15:50:45.042428,2,41.0,41.0,90.5,51.5,79.5,0.185,41538.695,0.155,17065.665,8160.43,8224.545,8088.0599999999995,0.25,0.125,0.125,0.12,0.4739375816881439,0.06,245.825,224.19,0.0054,0.00595,0.55,37.4845751953125,71.5248876953125,25.875,13.5,54.920019531250006,47.6145947265625,7.305419921875,47.3803076171875,0.0495263671875,0.1243408203125,0.0604150390625,3.502124786376953,3.3872146606445312,0.04764556884765625,0.034168243408203125,0.033100128173828125,18.62890625,14.98828125,0.62890625,0.484375,2.52734375,0.0
ann,sift-128-euclidean,annoy,imbalanced-memory,23,0.976098,2.155272241000148,4639.785085971102,2026-04-04T15:50:45.328866,2026-04-04T15:50:47.518622,2,41.5,41.5,86.0,49.5,76.5,0.2,34252.68,0.13,14122.380000000001,6544.86,7054.459999999999,6530.98,0.21500000000000002,0.1,0.105,0.095,0.4624560449442657,0.065,200.90499999999997,182.785,0.0053,0.005849999999999999,0.545,30.1701318359375,57.8549365234375,20.958333333333332,10.75,68.2809912109375,59.1460791015625,9.134916992187499,58.86361328125,0.0609375,0.14925292968749998,0.0722802734375,3.5114784240722656,3.396564483642578,0.04764556884765625,0.034168243408203125,0.033100128173828125,18.62890625,14.98828125,0.62890625,0.484375,2.52734375,0.0
ann,sift-128-euclidean,annoy,imbalanced-memory,24,0.976098,2.166687518999879,4615.340196640768,2026-04-04T15:50:47.815445,2026-04-04T15:50:50.019109,3,40.0,40.0,87.33333333333333,51.0,75.33333333333333,0.19666666666666668,36655.35333333334,0.1366666666666667,14628.87,7228.606666666667,7564.666666666667,7233.220000000001,0.21666666666666667,0.10666666666666667,0.11333333333333333,0.11,0.494132948523479,0.06,214.74,195.70333333333335,0.0053,0.005833333333333334,0.56,33.1369921875,63.19884114583334,22.777777777777775,11.833333333333334,54.5010546875,47.238398437499995,7.262656249999999,46.9968701171875,0.0505810546875,0.126962890625,0.063994140625,3.5034847259521484,3.388570785522461,0.04764556884765625,0.034168243408203125,0.033100128173828125,18.62890625,14.98828125,0.62890625,0.484375,2.52734375,0.0
ann,sift-128-euclidean,annoy,imbalanced-memory,25,0.976098,2.181311698999707,4584.39754602047,2026-04-04T15:50:50.306620,2026-04-04T15:50:52.525284,2,41.0,40.5,87.0,51.0,76.0,0.195,33677.97,0.125,13694.07,6603.3099999999995,6981.7,6398.885,0.20500000000000002,0.095,0.1,0.095,0.4672741558937555,0.065,196.815,178.92000000000002,0.0053,0.0058,0.555,29.909487304687502,57.348549804687494,20.75,10.708333333333334,59.021940104166674,51.14267903645833,7.879264322916666,50.878828125000005,0.056588541666666665,0.14110677083333334,0.06615885416666667,3.510648727416992,3.3957347869873047,0.04764556884765625,0.034168243408203125,0.033100128173828125,18.62890625,14.98828125,0.62890625,0.484375,2.52734375,0.0
ann,sift-128-euclidean,annoy,imbalanced-memory,26,0.976098,2.17939235599988,4588.434924289763,2026-04-04T15:50:52.821462,2026-04-04T15:50:55.037781,3,40.0,40.0,88.33333333333333,50.666666666666664,75.0,0.19666666666666668,36598.963333333326,0.14,14635.616666666669,7229.459999999999,7521.153333333333,7212.733333333334,0.22,0.11,0.11333333333333333,0.10666666666666667,0.49282059633064085,0.06333333333333334,214.58666666666667,195.57333333333335,0.005333333333333333,0.005866666666666667,0.56,33.196972656250004,63.3176953125,22.86111111111111,11.972222222222221,54.667724609375,47.4005859375,7.2671435546875,47.1481494140625,0.053896484375,0.13189453125,0.0666357421875,3.5035858154296875,3.388671875,0.04764556884765625,0.034168243408203125,0.033100128173828125,18.62890625,14.98828125,0.62890625,0.484375,2.52734375,0.0
ann,sift-128-euclidean,annoy,imbalanced-memory,27,0.976098,2.1506912939998983,4649.667773286887,2026-04-04T15:50:55.327815,2026-04-04T15:50:57.513777,2,40.5,40.5,87.0,50.5,77.5,0.2,34137.37,0.13,13610.515,6631.76,7194.025,6701.065,0.2,0.095,0.105,0.1,0.4872526866176629,0.06,199.53,181.765,0.0053,0.005849999999999999,0.555,30.6517236328125,58.604697265625,21.25,10.958333333333334,59.51902669270834,51.61432617187501,7.904700520833333,51.35052734375,0.055465494791666674,0.14361979166666666,0.06470703125,3.511646270751953,3.3967323303222656,0.04764556884765625,0.034168243408203125,0.033100128173828125,18.62890625,14.98828125,0.62890625,0.484375,2.52734375,0.0
ann,sift-128-euclidean,annoy,imbalanced-memory,28,0.976098,2.176955528000235,4593.571100272344,2026-04-04T15:50:57.810109,2026-04-04T15:51:00.024045,3,39.333333333333336,38.666666666666664,87.66666666666667,50.666666666666664,75.0,0.20000000000000004,36483.95,0.14,14312.633333333331,7266.2,7631.546666666666,7273.573333333334,0.21333333333333335,0.11,0.10999999999999999,0.11,0.5076773666155076,0.06333333333333334,213.50333333333333,194.42666666666665,0.0053,0.005833333333333333,0.5666666666666665,33.43870442708334,63.693277994791664,23.11111111111111,11.972222222222221,54.5972265625,47.3185693359375,7.2786572265625,47.0639208984375,0.054169921875,0.13398925781249998,0.066484375,3.5037155151367188,3.3888015747070312,0.04764556884765625,0.034168243408203125,0.033100128173828125,18.62890625,14.98828125,0.62890625,0.484375,2.52734375,0.0
ann,sift-128-euclidean,annoy,imbalanced-memory,29,0.976098,2.215498752000258,4513.656345313453,2026-04-04T15:51:00.313876,2026-04-04T15:51:02.567777,2,40.0,40.0,87.5,51.5,77.5,0.2,33237.395000000004,0.125,13239.675,6489.245000000001,7162.200000000001,6346.275,0.2,0.1,0.105,0.095,0.47933767256371473,0.065,194.455,177.025,0.0053,0.005849999999999999,0.56,29.948496093750002,57.3001708984375,20.625,10.625,58.73051432291667,50.95546223958333,7.775052083333333,50.690836588541664,0.05656575520833334,0.14292643229166666,0.06513671875,3.5116195678710938,3.3967056274414062,0.04764556884765625,0.034168243408203125,0.033100128173828125,18.62890625,14.98828125,0.62890625,0.484375,2.52734375,0.0
ann,sift-128-euclidean,annoy,imbalanced-memory,30,0.976098,2.166054773000269,4616.688425726507,2026-04-04T15:51:02.863163,2026-04-04T15:51:05.067960,2,41.0,40.5,90.5,51.5,76.0,0.185,41603.229999999996,0.155,16928.375,8173.1849999999995,8320.04,8181.625,0.25,0.125,0.125,0.125,0.482809779438369,0.06,246.14999999999998,223.97000000000003,0.005350000000000001,0.00595,0.56,37.7139306640625,71.774228515625,26.041666666666668,13.625,54.3818115234375,47.249345703125,7.132470703125,47.0167236328125,0.04986328125,0.12419921874999999,0.0585595703125,3.5045433044433594,3.389629364013672,0.04764556884765625,0.034168243408203125,0.033100128173828125,18.62890625,14.98828125,0.62890625,0.484375,2.52734375,0.0
ann,sift-128-euclidean,annoy,interleaved-memory,1,0.976098,5.939044482000099,1683.7725378733462,2026-04-04T16:16:28.434109,2026-04-04T16:16:34.373190,5,27.8,73.4,12.8,8.4,5.2,0.31400000000000006,3095.232,0.01,1362.8080000000002,864.72,516.7700000000001,350.92999999999995,0.02,0.014000000000000002,0.008,0.006,0.2575050924268128,0.748,15.030000000000001,4.4239999999999995,0.00102,0.00586,0.47400000000000003,1.648216796875,5.8271679687499995,1.7666666666666666,0.30000000000000004,13.447141927083335,10.996207682291667,2.4509342447916667,2.761844075520834,2.70857421875,2.822151692708333,2.703636067708333,2.8480472564697266,0.8442319234212239,0.6781775156656901,0.6545174916585287,0.67120361328125,17.94921875,7.001302083333333,3.0852864583333335,2.900390625,4.962239583333333,0.0
ann,sift-128-euclidean,annoy,interleaved-memory,2,0.976098,1.1199286500004746,8929.140262637055,2026-04-04T16:16:34.666892,2026-04-04T16:16:35.820057,1,25.0,25.0,25.0,25.0,25.0,0.45,57810.75,0.21,15010.63,14384.08,14114.72,14301.32,0.22,0.21,0.21,0.21,0.9403149634625595,0.06,345.84,317.38,0.0055,0.006,0.65,65.58447265625,114.128935546875,41.166666666666664,23.25,116.239716796875,98.336884765625,17.90283203125,24.5655859375,24.54548828125,24.630380859375,24.5954296875,3.529499053955078,1.0146446228027344,0.8485260009765625,0.8246040344238281,0.8417243957519531,18.59375,7.15234375,3.26953125,3.05078125,5.12109375,0.0
ann,sift-128-euclidean,annoy,interleaved-memory,3,0.976098,1.0280375149995962,9727.271479975056,2026-04-04T16:16:36.099506,2026-04-04T16:16:37.157278,1,25.0,26.0,24.0,24.0,25.0,0.44,55570.62,0.21,15311.02,13170.44,13316.0,13773.16,0.23,0.2,0.2,0.2,0.8601935076827018,0.06,329.59,303.22,0.0055,0.0059,0.66,63.0855078125,109.114443359375,39.416666666666664,22.75,98.2478515625,83.298076171875,14.949775390625,20.71953125,20.865009765625,20.867998046875,20.845546875,3.548980712890625,1.0195045471191406,0.8534164428710938,0.8294792175292969,0.8465805053710938,18.609375,7.15625,3.2734375,3.0546875,5.125,0.0
ann,sift-128-euclidean,annoy,interleaved-memory,4,0.976098,1.068810575000498,9356.194852390325,2026-04-04T16:16:37.450074,2026-04-04T16:16:38.552085,1,25.0,25.0,25.0,25.0,25.0,0.44,79637.4,0.3,19905.42,19785.77,19936.66,20009.55,0.3,0.29,0.3,0.3,0.9888163401975557,0.06,479.97,441.46,0.0055,0.006,0.65,91.33443359375,156.9669921875,57.0,33.0,123.84904296875,105.43107421875,18.417958984374998,26.4283349609375,26.327700195312502,26.371474609375,26.3035595703125,3.530414581298828,1.0150146484375,0.84869384765625,0.8247833251953125,0.8419227600097656,18.59765625,7.1484375,3.26953125,3.0546875,5.125,0.0
ann,sift-128-euclidean,annoy,interleaved-memory,5,0.976098,1.0274436529998638,9732.893838803368,2026-04-04T16:16:38.834352,2026-04-04T16:16:39.893286,1,25.0,25.0,25.0,25.0,25.0,0.42,57424.11,0.21,15045.06,14095.19,14115.99,14167.87,0.22,0.21,0.21,0.21,0.9368649909006678,0.06,344.11,316.23,0.0055,0.006,0.66,65.8984375,112.06431640625,40.416666666666664,24.0,102.370830078125,87.102626953125,15.268203125,21.701962890625,21.71529296875,21.845908203125,21.839482421875,3.548992156982422,1.0195045471191406,0.8534164428710938,0.8294830322265625,0.846588134765625,18.609375,7.1484375,3.2734375,3.05859375,5.12890625,0.0
ann,sift-128-euclidean,annoy,interleaved-memory,6,0.976098,1.1178206249996947,8945.979145806807,2026-04-04T16:16:40.185095,2026-04-04T16:16:41.338589,1,25.0,25.0,25.0,24.0,25.0,0.44,53933.69,0.2,14498.2,13223.5,12935.16,13276.83,0.22,0.2,0.19,0.2,0.8921907547143783,0.06,315.96,290.15,0.0054,0.0059,0.66,60.549951171875,103.71525390625,37.583333333333336,21.5,91.591669921875,78.108779296875,13.482890625,19.53654296875,19.516298828125,19.551396484375,19.50455078125,3.542552947998047,1.0178947448730469,0.8518218994140625,0.8278388977050781,0.8449974060058594,18.609375,7.1484375,3.26953125,3.05859375,5.1328125,0.0
ann,sift-128-euclidean,annoy,interleaved-memory,7,0.976098,1.0321023480000804,9688.961583487477,2026-04-04T16:16:41.619448,2026-04-04T16:16:42.682319,1,25.0,25.0,25.0,25.0,25.0,0.42,68470.08,0.25,17746.31,16900.55,16873.01,16950.21,0.26,0.25,0.25,0.25,0.9507897698169364,0.06,408.93,376.67,0.0055,0.006,0.66,78.22169921875,132.166865234375,48.083333333333336,28.0,136.020595703125,116.1906640625,19.829931640625,29.020966796875,29.01466796875,29.0835546875,29.07146484375,3.548961639404297,1.0194969177246094,0.8534164428710938,0.8294639587402344,0.8465843200683594,18.609375,7.1484375,3.26953125,3.05859375,5.1328125,0.0
ann,sift-128-euclidean,annoy,interleaved-memory,8,0.976098,1.0544452129997808,9483.66010553654,2026-04-04T16:16:42.973853,2026-04-04T16:16:44.062515,1,25.0,25.0,25.0,25.0,25.0,0.43,56753.05,0.21,14958.44,13997.94,13787.35,14009.32,0.22,0.21,0.2,0.21,0.9217104190009119,0.06,337.86,311.04,0.0055,0.006,0.66,64.97115234375,110.25216796875,39.833333333333336,23.083333333333332,97.81869140625,83.69333984375,14.125361328125,20.834326171875,20.90068359375,20.96205078125,20.996279296875,3.5278167724609375,1.0142097473144531,0.8481216430664062,0.824188232421875,0.8412971496582031,18.6015625,7.1484375,3.26953125,3.05859375,5.125,0.0
ann,sift-128-euclidean,annoy,interleaved-memory,9,0.976098,1.0266101509996588,9740.795948941794,2026-04-04T16:16:44.343719,2026-04-04T16:16:45.401284,1,25.0,26.0,24.0,25.0,25.0,0.46,55664.67,0.21,15158.43,13378.6,13515.66,13611.98,0.23,0.2,0.2,0.2,0.8825848059462622,0.06,326.95,301.53,0.0054,0.0059,0.66,62.46130859375,107.67419921875,38.75,22.25,95.80701171875,82.02201171875,13.784990234375,20.5374609375,20.42626953125,20.59044921875,20.467822265625,3.5489959716796875,1.0195045471191406,0.8534164428710938,0.8294830322265625,0.8465919494628906,18.609375,7.15234375,3.2734375,3.05859375,5.125,0.0
ann,sift-128-euclidean,annoy,interleaved-memory,10,0.976098,1.0984580000003916,9103.670782129526,2026-04-04T16:16:45.694796,2026-04-04T16:16:46.827966,1,25.0,25.0,25.0,25.0,25.0,0.43,57714.87,0.21,15174.03,14230.51,14218.82,14091.5,0.23,0.21,0.21,0.21,0.928659031252739,0.06,344.61,317.0,0.0055,0.006,0.66,65.7821875,111.8116796875,40.416666666666664,23.833333333333332,116.05548828125,99.48767578125,16.5678125,24.754404296875,24.8526953125,24.958837890625,24.921748046875,3.5289344787597656,1.0144767761230469,0.848388671875,0.8244819641113281,0.8415870666503906,18.6015625,7.1484375,3.26953125,3.05859375,5.125,0.0
ann,sift-128-euclidean,annoy,interleaved-memory,11,0.976098,1.032786533000035,9682.542984901276,2026-04-04T16:16:47.110345,2026-04-04T16:16:48.174959,1,25.0,26.0,25.0,25.0,24.0,0.44,56389.58,0.21,15222.48,13857.47,13830.39,13479.25,0.23,0.21,0.21,0.2,0.8854831801388473,0.06,334.32,308.4,0.0055,0.0059,0.66,64.13205078125,109.41462890625,39.583333333333336,22.833333333333332,97.3459765625,83.406728515625,13.939248046875,20.844208984375,20.8386328125,20.884111328125,20.839775390625,3.5485801696777344,1.0194091796875,0.8533172607421875,0.8293800354003906,0.8464889526367188,18.609375,7.15234375,3.2734375,3.05859375,5.125,0.0
ann,sift-128-euclidean,annoy,interleaved-memory,12,0.976098,1.067757304999759,9365.424102626255,2026-04-04T16:16:48.468790,2026-04-04T16:16:49.569634,1,25.0,25.0,25.0,25.0,25.0,0.43,80556.91,0.3,20316.47,20085.26,20182.42,19972.76,0.3,0.3,0.3,0.3,0.983082198826863,0.06,484.96,447.04,0.0055,0.006,0.66,92.52166015625,156.97455078125,56.5,33.0,123.1242431640625,105.73798828125,17.386259765625,26.500546874999998,26.3902392578125,26.4466943359375,26.4005078125,3.5351104736328125,1.0159950256347656,0.8499412536621094,0.8260040283203125,0.843170166015625,18.609375,7.15234375,3.2734375,3.05859375,5.125,0.0
ann,sift-128-euclidean,annoy,interleaved-memory,13,0.976098,1.0217119270000694,9787.49463105692,2026-04-04T16:16:49.854187,2026-04-04T16:16:50.908445,1,25.0,26.0,25.0,25.0,24.0,0.42,56230.94,0.21,15217.24,13690.55,13799.38,13523.76,0.23,0.2,0.21,0.2,0.8887130649184741,0.06,336.57,309.6,0.0055,0.006,0.66,64.7290625,109.2991796875,39.666666666666664,23.25,101.3282421875,86.793994140625,14.5342578125,21.662861328125,21.659560546875,21.70611328125,21.76544921875,3.5488014221191406,1.0194473266601562,0.8533706665039062,0.8294334411621094,0.8465499877929688,18.609375,7.15234375,3.2734375,3.05859375,5.125,0.0
ann,sift-128-euclidean,annoy,interleaved-memory,14,0.976098,1.1020546700001432,9073.960005993804,2026-04-04T16:16:51.203350,2026-04-04T16:16:52.340626,1,25.0,25.0,25.0,25.0,25.0,0.43,53946.18,0.2,14082.91,13449.92,13157.96,13255.39,0.21,0.2,0.2,0.2,0.9343211026698317,0.06,316.42,291.62,0.0054,0.0059,0.66,61.29255859375,103.9438671875,37.583333333333336,22.0,90.1303125,77.34646484375,12.783837890625,19.36748046875,19.32734375,19.3720703125,19.2795703125,3.5421409606933594,1.0178680419921875,0.8516845703125,0.8277511596679688,0.8448371887207031,18.609375,7.15234375,3.2734375,3.05859375,5.125,0.0
ann,sift-128-euclidean,annoy,interleaved-memory,15,0.976098,1.049681235999742,9526.701685274726,2026-04-04T16:16:52.625815,2026-04-04T16:16:53.707948,1,25.0,25.0,25.0,25.0,25.0,0.43,68062.09,0.25,17439.28,16812.3,17028.43,16782.08,0.26,0.25,0.25,0.25,0.9623149579569801,0.06,407.37,375.22,0.0055,0.006,0.66,77.77314453125,131.50224609375,47.416666666666664,28.0,133.16943359375,114.42283203125,18.746611328125,28.580966796875,28.568828125,28.641650390625,28.631376953125,3.5489845275878906,1.019500732421875,0.8534164428710938,0.8294754028320312,0.8465919494628906,18.609375,7.15234375,3.2734375,3.05859375,5.125,0.0
ann,sift-128-euclidean,annoy,interleaved-memory,16,0.976098,1.0558806539993384,9470.767327844484,2026-04-04T16:16:54.002654,2026-04-04T16:16:55.092519,1,25.0,25.0,25.0,25.0,25.0,0.43,56536.64,0.21,14803.9,13896.27,14031.96,13804.51,0.22,0.21,0.21,0.21,0.9324914380669959,0.06,336.21,309.32,0.0055,0.0059,0.66,64.6589453125,109.1771484375,39.416666666666664,23.083333333333332,98.29068359375,84.4509375,13.83974609375,21.136572265625,21.09693359375,21.122685546875,21.094736328125,3.5345611572265625,1.0158958435058594,0.8498077392578125,0.8258743286132812,0.8429832458496094,18.609375,7.15234375,3.2734375,3.05859375,5.125,0.0
ann,sift-128-euclidean,annoy,interleaved-memory,17,0.976098,1.0451934450002227,9567.606884482391,2026-04-04T16:16:55.380686,2026-04-04T16:16:56.456526,2,25.0,25.0,24.5,25.0,25.0,0.44,70151.6,0.26,17946.07,17175.225,17555.82,17474.475,0.265,0.255,0.26,0.26,0.9570465845725554,0.06,419.775,387.155,0.0055,0.00595,0.66,80.355302734375,136.50013671875,49.625,28.916666666666668,92.47935546875,79.558740234375,12.920615234375,19.8914453125,19.859306640625,19.928173828125,19.879814453125,3.5489845275878906,1.0195045471191406,0.8534126281738281,0.8294830322265625,0.8465843200683594,18.609375,7.15234375,3.2734375,3.05859375,5.125,0.0
ann,sift-128-euclidean,annoy,interleaved-memory,18,0.976098,1.096037040999363,9123.779239141437,2026-04-04T16:16:56.749440,2026-04-04T16:16:57.880811,1,25.0,25.0,25.0,25.0,25.0,0.42,55931.14,0.21,14789.67,13726.74,13781.8,13632.94,0.22,0.2,0.21,0.2,0.9217879776898336,0.06,332.76,305.69,0.0055,0.0059,0.66,63.91130859375,107.450546875,38.916666666666664,23.0,111.846787109375,96.143212890625,15.70357421875,24.004267578125,24.00328125,24.078603515625,24.057060546875,3.5364837646484375,1.0163764953613281,0.8502883911132812,0.82635498046875,0.8434638977050781,18.609375,7.15234375,3.2734375,3.05859375,5.125,0.0
ann,sift-128-euclidean,annoy,interleaved-memory,19,0.976098,1.038871389000633,9625.830594506737,2026-04-04T16:16:58.165694,2026-04-04T16:16:59.235292,1,25.0,26.0,25.0,23.0,25.0,0.44,54805.36,0.2,15128.69,13352.16,12630.17,13694.34,0.22,0.2,0.19,0.2,0.8348488864534866,0.06,324.78,298.99,0.0055,0.0059,0.67,61.820283203125,105.53455078125,38.166666666666664,22.083333333333332,94.135302734375,80.992919921875,13.1423828125,20.218984375,20.21392578125,20.279345703125,20.280654296875,3.5487899780273438,1.0194530487060547,0.8533649444580078,0.8294315338134766,0.8465404510498047,18.609375,7.15234375,3.2734375,3.05859375,5.125,0.0
ann,sift-128-euclidean,annoy,interleaved-memory,20,0.976098,1.0481586679998145,9540.540287743695,2026-04-04T16:16:59.530792,2026-04-04T16:17:00.612918,1,25.0,25.0,25.0,25.0,25.0,0.43,78234.38,0.29,19782.46,19611.34,19403.14,19437.45,0.29,0.29,0.29,0.29,0.9808254382923054,0.06,469.74,433.22,0.0055,0.006,0.66,89.91638671875,151.23705078125,54.5,32.166666666666664,125.4879541015625,108.031572265625,17.456376953125,27.0309765625,26.98390625,27.0420849609375,26.9746142578125,3.537464141845703,1.0166168212890625,0.8505401611328125,0.82659912109375,0.8437080383300781,18.609375,7.15234375,3.2734375,3.05859375,5.125,0.0
ann,sift-128-euclidean,annoy,interleaved-memory,21,0.976098,1.043407309000031,9583.985001584557,2026-04-04T16:17:00.899917,2026-04-04T16:17:01.975325,1,25.0,25.0,25.0,25.0,25.0,0.43,55418.3,0.21,14581.38,13725.18,13395.04,13716.7,0.22,0.21,0.2,0.21,0.9186400738476057,0.06,331.86,305.11,0.0055,0.006,0.66,63.7576953125,107.65798828125,39.333333333333336,23.0,96.8708984375,83.2658203125,13.605078125,20.814453125,20.793564453125,20.849150390625,20.808642578125,3.548736572265625,1.0194320678710938,0.8533439636230469,0.8294334411621094,0.846527099609375,18.609375,7.15234375,3.2734375,3.05859375,5.125,0.0
ann,sift-128-euclidean,annoy,interleaved-memory,22,0.976098,1.0958300080001209,9125.502976734417,2026-04-04T16:17:02.270445,2026-04-04T16:17:03.402549,1,25.0,26.0,25.0,25.0,25.0,0.44,52345.2,0.19,14139.36,12777.02,12747.52,12681.29,0.21,0.19,0.19,0.19,0.8968786423147865,0.06,307.08,283.21,0.0054,0.0059,0.66,58.728115234375,100.151806640625,36.0,21.083333333333332,90.265537109375,77.71416015625,12.5513671875,19.443994140625,19.415693359375,19.455654296875,19.398828125,3.543354034423828,1.0181045532226562,0.8519935607910156,0.828094482421875,0.8451652526855469,18.609375,7.15234375,3.2734375,3.05859375,5.125,0.0
ann,sift-128-euclidean,annoy,interleaved-memory,23,0.976098,1.0441627909995077,9577.05071105595,2026-04-04T16:17:03.689624,2026-04-04T16:17:04.765958,1,25.0,25.0,25.0,25.0,25.0,0.42,65504.62,0.24,17095.51,16144.92,16166.57,16097.62,0.25,0.24,0.24,0.24,0.9416285328720817,0.06,390.73,359.64,0.0055,0.006,0.66,74.684423828125,125.33171875,45.416666666666664,27.0,129.807646484375,111.7391015625,18.0685546875,27.831015625,27.843701171875,28.0383984375,28.025986328125,3.548961639404297,1.0194931030273438,0.8534126281738281,0.8294754028320312,0.8465805053710938,18.609375,7.15234375,3.2734375,3.05859375,5.125,0.0
ann,sift-128-euclidean,annoy,interleaved-memory,24,0.976098,1.056816450000042,9462.38109749295,2026-04-04T16:17:05.061487,2026-04-04T16:17:06.151453,1,25.0,24.0,26.0,25.0,25.0,0.43,54487.0,0.2,14092.38,13663.59,13448.63,13282.4,0.21,0.2,0.2,0.2,0.9425235481870344,0.06,323.66,298.39,0.0055,0.0059,0.67,62.380888671875,105.4807421875,38.0,22.5,94.318798828125,81.23935546875,13.07943359375,20.372822265625,20.307060546875,20.2424609375,20.31701171875,3.53936767578125,1.0170974731445312,0.8510093688964844,0.8270759582519531,0.8441848754882812,18.609375,7.15234375,3.2734375,3.05859375,5.125,0.0
ann,sift-128-euclidean,annoy,interleaved-memory,25,0.976098,1.0455704839996542,9564.156747947474,2026-04-04T16:17:06.438443,2026-04-04T16:17:07.516694,2,25.0,25.0,24.5,25.5,25.0,0.435,72184.51,0.27,18407.71,17617.12,18200.21,17959.465,0.275,0.265,0.27,0.265,0.9570511486762884,0.06,432.2,399.275,0.005549999999999999,0.00595,0.66,82.7943115234375,139.7638427734375,50.75,29.875,94.27376953125,81.302919921875,12.970849609375,20.25984375,20.35912109375,20.41166015625,20.27228515625,3.548931121826172,1.0194892883300781,0.8534011840820312,0.8294715881347656,0.8465690612792969,18.609375,7.15234375,3.2734375,3.05859375,5.125,0.0
ann,sift-128-euclidean,annoy,interleaved-memory,26,0.976098,1.091995443000087,9157.54737265804,2026-04-04T16:17:07.813407,2026-04-04T16:17:08.940258,1,25.0,25.0,25.0,25.0,25.0,0.43,51288.03,0.19,13826.26,12393.74,12585.6,12482.43,0.21,0.18,0.19,0.19,0.896391359630153,0.06,306.47,280.94,0.0055,0.006,0.66,58.48359375,99.138564453125,35.833333333333336,21.0,104.615390625,90.086455078125,14.528935546875,22.446015625,22.43755859375,22.602392578125,22.600478515625,3.5403289794921875,1.0173377990722656,0.8512496948242188,0.8273162841796875,0.8444252014160156,18.609375,7.15234375,3.2734375,3.05859375,5.125,0.0
ann,sift-128-euclidean,annoy,interleaved-memory,27,0.976098,1.0316464219995396,9693.24352486773,2026-04-04T16:17:09.227830,2026-04-04T16:17:10.291680,1,25.0,25.0,25.0,25.0,25.0,0.44,56198.68,0.21,14676.71,13838.39,13637.5,14046.07,0.22,0.21,0.2,0.21,0.9291932592522439,0.06,331.14,305.08,0.0054,0.0059,0.66,63.737783203125,108.15826171875,39.333333333333336,23.0,94.088046875,81.14828125,12.939765625,20.330234375,20.306240234375,20.25212890625,20.259697265625,3.548961639404297,1.0194892883300781,0.8534088134765625,0.8294792175292969,0.8465843200683594,18.609375,7.15234375,3.2734375,3.05859375,5.125,0.0
ann,sift-128-euclidean,annoy,interleaved-memory,28,0.976098,1.046187106000616,9558.519640170476,2026-04-04T16:17:10.588867,2026-04-04T16:17:11.669833,1,25.0,25.0,25.0,25.0,25.0,0.42,74117.6,0.28,18975.04,18367.79,18437.52,18337.25,0.28,0.27,0.27,0.27,0.9663879496433209,0.06,444.77,410.11,0.0055,0.006,0.66,85.06923828125,142.701806640625,51.833333333333336,31.0,146.465576171875,126.310078125,20.155498046875,31.40556640625,31.5578515625,31.636298828125,31.710361328125,3.541290283203125,1.017578125,0.8514900207519531,0.8275566101074219,0.84466552734375,18.609375,7.15234375,3.2734375,3.05859375,5.125,0.0
ann,sift-128-euclidean,annoy,interleaved-memory,29,0.976098,1.0553420070000357,9475.601211427624,2026-04-04T16:17:11.961276,2026-04-04T16:17:13.048954,1,25.0,25.0,24.0,25.0,25.0,0.43,54987.31,0.2,14865.38,12963.39,13510.77,13647.76,0.22,0.19,0.2,0.2,0.8720523794211786,0.06,328.35,301.81,0.0055,0.006,0.67,63.06107421875,106.6219921875,38.583333333333336,22.75,93.553623046875,80.636416015625,12.91720703125,20.2973828125,20.099248046875,20.14220703125,20.097578125,3.5487709045410156,1.0194511413574219,0.8533592224121094,0.8294258117675781,0.8465347290039062,18.609375,7.15234375,3.2734375,3.05859375,5.125,0.0
ann,sift-128-euclidean,annoy,interleaved-memory,30,0.976098,1.2115037680005116,8254.204620844213,2026-04-04T16:17:13.344986,2026-04-04T16:17:14.594499,2,25.0,24.5,25.5,24.5,25.0,0.435,64635.854999999996,0.24,16445.805,16225.86,15925.465,16038.715,0.245,0.24,0.24,0.235,0.9683603204586215,0.06,386.865,356.48,0.0055,0.00595,0.66,73.84177734375,125.1556640625,45.208333333333336,26.625,108.8299072265625,93.9269580078125,14.902949218749999,23.524853515625,23.460283203125,23.50962890625,23.432192382812502,3.542266845703125,1.017822265625,0.8517341613769531,0.8278007507324219,0.84490966796875,18.609375,7.15234375,3.2734375,3.05859375,5.125,0.0
ann,sift-128-euclidean,annoy,numa-balancing,1,0.976098,6.034777912999743,1657.0618081004477,2026-04-04T16:42:40.188193,2026-04-04T16:42:46.223005,6,27.333333333333332,25.333333333333332,28.666666666666668,16.166666666666668,16.833333333333332,0.425,12785.69,0.04833333333333333,2864.646666666667,4038.933333333334,2984.0466666666666,2898.068333333333,0.041666666666666664,0.05833333333333334,0.043333333333333335,0.041666666666666664,0.709258219992077,0.6283333333333333,71.48666666666666,59.95666666666667,0.0016,0.004883333333333333,0.4983333333333333,12.821013997395832,25.110094401041668,8.75,4.444444444444444,20.74673014322917,16.099026692708332,4.6477001953125,2.530226236979167,6.935779622395834,4.0972802734375,2.535738932291667,2.7562077840169272,0.4093163808186849,1.780466079711914,0.29958788553873694,0.26688385009765625,17.932942708333332,5.717447916666667,7.561197916666667,1.4134114583333333,3.2421875,0.0
ann,sift-128-euclidean,annoy,numa-balancing,2,0.976098,1.177510090999931,8492.496222693166,2026-04-04T16:42:46.511014,2026-04-04T16:42:47.711096,1,26.0,25.0,27.0,25.0,23.0,0.42,50874.24,0.19,12166.75,14439.37,12402.39,11865.74,0.18,0.22,0.19,0.18,0.821762999355235,0.06,300.92,276.26,0.0054,0.0059,0.65,57.2629296875,101.420712890625,36.666666666666664,20.5,87.9871875,74.04455078125,13.94263671875,11.688662109375,31.66884765625,19.068701171875,11.61833984375,3.516298294067383,0.4819068908691406,2.2791900634765625,0.4185504913330078,0.3366508483886719,18.6640625,5.845703125,7.84375,1.6484375,3.326171875,0.0
ann,sift-128-euclidean,annoy,numa-balancing,3,0.976098,1.1801827459994456,8473.264021099912,2026-04-04T16:42:47.991519,2026-04-04T16:42:49.201075,1,25.0,23.0,28.0,24.0,22.0,0.39,67940.98,0.25,15972.83,19356.46,16645.74,15965.94,0.24,0.29,0.25,0.24,0.8248378060864435,0.06,404.75,371.31,0.0055,0.006,0.66,77.2218359375,134.555849609375,48.75,27.666666666666668,119.5979296875,101.006650390625,18.59126953125,15.90748046875,43.135947265625,25.905439453125,16.0577734375,3.532928466796875,0.486328125,2.2826576232910156,0.4230079650878906,0.34093475341796875,18.68359375,5.84765625,7.85546875,1.65234375,3.328125,0.0
ann,sift-128-euclidean,annoy,numa-balancing,4,0.976098,1.3214341729999433,7567.535488580428,2026-04-04T16:42:49.487532,2026-04-04T16:42:50.832628,1,26.0,24.0,27.0,26.0,26.0,0.39,41076.02,0.15,9876.08,11601.52,9824.7,9773.72,0.15,0.17,0.15,0.15,0.8424516787455436,0.06,241.5,220.56,0.0054,0.0059,0.66,45.9841015625,81.3819140625,29.416666666666668,16.416666666666668,68.46787109375,58.194111328125,10.27376953125,9.207958984375,24.99822265625,14.997890625,8.990029296875,3.516145706176758,0.48211669921875,2.2784423828125,0.4183235168457031,0.3372631072998047,18.67578125,5.84375,7.849609375,1.654296875,3.328125,0.0
ann,sift-128-euclidean,annoy,numa-balancing,5,0.976098,1.183105785999942,8452.329553564106,2026-04-04T16:42:51.112400,2026-04-04T16:42:52.325440,1,26.0,22.0,29.0,24.0,23.0,0.37,59525.47,0.22,13767.64,17675.83,14175.88,13906.12,0.2,0.26,0.21,0.21,0.7788963799719729,0.06,351.62,322.41,0.0054,0.0059,0.66,67.221943359375,116.510615234375,42.25,24.166666666666668,103.96443359375,88.166904296875,15.797529296875,13.932275390625,37.67931640625,22.65515625,13.900146484375,3.533782958984375,0.48645782470703125,2.283123016357422,0.4228401184082031,0.34136199951171875,18.68359375,5.84375,7.8515625,1.65625,3.33203125,0.0
ann,sift-128-euclidean,annoy,numa-balancing,6,0.976098,1.1734396430001652,8521.955142432998,2026-04-04T16:42:52.612126,2026-04-04T16:42:53.808812,1,25.0,25.0,26.0,24.0,24.0,0.39,48618.92,0.18,11855.36,13377.95,11768.81,11616.8,0.18,0.2,0.18,0.17,0.8683542695255999,0.06,283.98,261.2,0.0054,0.0058,0.67,54.973046875,96.653330078125,35.0,19.666666666666668,82.134013671875,69.970380859375,12.163623046875,10.989716796875,30.00478515625,18.00076171875,10.975126953125,3.5174903869628906,0.48236656188964844,2.2791919708251953,0.41864013671875,0.3372917175292969,18.677734375,5.845703125,7.8515625,1.65234375,3.328125,0.0
ann,sift-128-euclidean,annoy,numa-balancing,7,0.976098,1.181073409000419,8466.874221191152,2026-04-04T16:42:54.089828,2026-04-04T16:42:55.301588,1,27.0,25.0,29.0,24.0,26.0,0.39,60441.59,0.23,14064.55,17670.06,14572.32,14134.67,0.21,0.26,0.22,0.21,0.7959537205872531,0.06,357.05,328.06,0.0054,0.0059,0.65,67.421474609375,117.32248046875,42.416666666666664,24.25,104.9424609375,89.684375,15.2580859375,14.088505859375,38.38869140625,23.07064453125,14.136533203125,3.533885955810547,0.4863853454589844,2.2830543518066406,0.4229278564453125,0.3415184020996094,18.68359375,5.84765625,7.85546875,1.65234375,3.328125,0.0
ann,sift-128-euclidean,annoy,numa-balancing,8,0.976098,1.2209854080001603,8190.106068817724,2026-04-04T16:42:55.589691,2026-04-04T16:42:56.841061,1,26.0,22.0,28.0,25.0,25.0,0.41,46460.4,0.17,10299.89,13722.88,11323.73,11113.9,0.15,0.2,0.17,0.17,0.7505632928364891,0.06,271.49,249.52,0.0054,0.0058,0.66,51.577998046875,90.55962890625,32.75,18.416666666666668,78.144150390625,66.858134765625,11.286015625,10.549609375,28.52375,17.251650390625,10.533125,3.5184154510498047,0.48271942138671875,2.2788753509521484,0.4190483093261719,0.3377723693847656,18.67578125,5.845703125,7.849609375,1.65234375,3.328125,0.0
ann,sift-128-euclidean,annoy,numa-balancing,9,0.976098,1.1864831659995616,8428.269600922173,2026-04-04T16:42:57.126161,2026-04-04T16:42:58.342208,1,25.0,22.0,28.0,24.0,21.0,0.37,58883.19,0.22,13539.61,17649.11,14213.05,13481.43,0.2,0.26,0.21,0.2,0.7638589141322141,0.06,347.1,318.59,0.0054,0.0059,0.66,66.903466796875,115.33642578125,41.583333333333336,23.833333333333332,101.8980859375,86.679248046875,15.21884765625,13.6676953125,37.04068359375,22.19818359375,13.772685546875,3.5338134765625,0.48663330078125,2.2826881408691406,0.42299652099609375,0.3414955139160156,18.68359375,5.84765625,7.85546875,1.65234375,3.328125,0.0
ann,sift-128-euclidean,annoy,numa-balancing,10,0.976098,1.184740853999756,8440.664442556701,2026-04-04T16:42:58.630187,2026-04-04T16:42:59.841262,1,25.0,22.0,25.0,24.0,25.0,0.39,48871.26,0.18,11455.07,13386.38,12068.15,11961.66,0.17,0.2,0.18,0.18,0.855725745123028,0.06,284.19,261.13,0.0053,0.0058,0.67,55.542783203125,97.150234375,35.083333333333336,19.833333333333332,82.82125,70.798388671875,12.022861328125,11.133935546875,30.388994140625,18.246708984375,11.028740234375,3.5188350677490234,0.4829139709472656,2.278705596923828,0.4193229675292969,0.3378925323486328,18.67578125,5.84375,7.849609375,1.654296875,3.328125,0.0
ann,sift-128-euclidean,annoy,numa-balancing,11,0.976098,1.2069706169995698,8285.205836128125,2026-04-04T16:43:00.126826,2026-04-04T16:43:01.364517,1,25.0,23.0,28.0,24.0,22.0,0.37,57714.96,0.21,13451.2,17130.22,13755.04,13378.5,0.2,0.25,0.2,0.2,0.7809882184817241,0.06,340.88,313.22,0.0054,0.0059,0.66,65.691640625,113.621796875,41.166666666666664,23.416666666666668,99.503701171875,84.85734375,14.646357421875,13.380654296875,36.242744140625,21.78853515625,13.44541015625,3.533893585205078,0.48633575439453125,2.2831192016601562,0.42299652099609375,0.3414421081542969,18.68359375,5.84765625,7.8515625,1.65625,3.328125,0.0
ann,sift-128-euclidean,annoy,numa-balancing,12,0.976098,1.2258040039996558,8157.911026045896,2026-04-04T16:43:01.650866,2026-04-04T16:43:02.907142,2,25.0,23.5,26.0,25.0,23.0,0.39,59526.0,0.22000000000000003,14185.595000000001,15929.7,14991.945,14418.76,0.21500000000000002,0.24,0.22500000000000003,0.21500000000000002,0.8905123762531624,0.06,350.565,322.91499999999996,0.0054,0.0059,0.67,68.043359375,118.93111328124999,43.166666666666664,24.416666666666668,101.96672363281249,87.345185546875,14.62154296875,13.7423486328125,37.458149414062504,22.4241064453125,13.720571289062502,3.5163192749023438,0.4823474884033203,2.278217315673828,0.41854286193847656,0.33721160888671875,18.677734375,5.845703125,7.849609375,1.654296875,3.328125,0.0
ann,sift-128-euclidean,annoy,numa-balancing,13,0.976098,1.182349783000063,8457.73403419271,2026-04-04T16:43:03.191908,2026-04-04T16:43:04.403217,1,26.0,24.0,29.0,24.0,22.0,0.38,53090.44,0.2,12315.1,15920.93,12695.44,12158.97,0.18,0.24,0.19,0.18,0.7637097832852728,0.06,312.53,286.95,0.0054,0.0059,0.66,59.744326171875,103.490712890625,37.5,21.333333333333332,91.567373046875,78.3258984375,13.241474609375,12.2685546875,33.5491015625,20.04259765625,12.46564453125,3.533893585205078,0.48642730712890625,2.282886505126953,0.4229621887207031,0.3416175842285156,18.68359375,5.84765625,7.8515625,1.65625,3.328125,0.0
ann,sift-128-euclidean,annoy,numa-balancing,14,0.976098,1.190267902999949,8401.46993361412,2026-04-04T16:43:04.690677,2026-04-04T16:43:05.905469,2,25.5,25.0,26.5,25.0,24.0,0.39,61890.3,0.23,14940.210000000001,16677.905,15541.185000000001,14731.01,0.225,0.25,0.23500000000000001,0.22000000000000003,0.8832650144007896,0.06,363.995,335.78,0.0054,0.005849999999999999,0.67,70.2346630859375,122.59620117187501,44.375,25.208333333333332,105.29300781250001,90.55599121093749,14.737016601562498,14.268720703124998,38.76470703125,23.330703125,14.191855468750001,3.5167770385742188,0.4822731018066406,2.278430938720703,0.4186859130859375,0.3373870849609375,18.67578125,5.84375,7.84765625,1.65625,3.328125,0.0
ann,sift-128-euclidean,annoy,numa-balancing,15,0.976098,1.1863722839998443,8429.057332901508,2026-04-04T16:43:06.187460,2026-04-04T16:43:07.404622,1,26.0,23.0,29.0,24.0,24.0,0.38,54044.85,0.2,12391.19,16275.26,12753.99,12624.41,0.18,0.24,0.19,0.19,0.7613512779519345,0.06,318.08,292.54,0.0054,0.0059,0.66,60.71849609375,105.1212890625,37.916666666666664,21.583333333333332,92.0997265625,78.923994140625,13.175732421875,12.45908203125,33.76150390625,20.250380859375,12.453037109375,3.5339012145996094,0.4865226745605469,2.282733917236328,0.42299652099609375,0.3416481018066406,18.68359375,5.84375,7.85546875,1.65625,3.328125,0.0
ann,sift-128-euclidean,annoy,numa-balancing,16,0.976098,1.230178803999479,8128.899609949901,2026-04-04T16:43:07.692424,2026-04-04T16:43:08.953516,2,26.0,24.0,26.5,26.0,24.5,0.395,61260.095,0.22500000000000003,14643.855,16571.135,15195.265,14849.84,0.22000000000000003,0.245,0.22500000000000003,0.22000000000000003,0.8836965603140643,0.06,360.015,331.635,0.0054,0.005849999999999999,0.665,69.3444482421875,121.12928710937499,44.083333333333336,25.041666666666668,104.5566162109375,89.9731103515625,14.583505859375002,14.15091796875,38.6235888671875,23.11091796875,14.087685546875,3.5186691284179688,0.48278045654296875,2.278850555419922,0.4191436767578125,0.3378944396972656,18.67578125,5.84375,7.84765625,1.65625,3.328125,0.0
ann,sift-128-euclidean,annoy,numa-balancing,17,0.976098,1.1787181889994829,8483.792049131083,2026-04-04T16:43:09.236209,2026-04-04T16:43:10.445280,1,26.0,24.0,29.0,25.0,24.0,0.38,50858.54,0.19,11728.91,15208.62,12128.89,11792.12,0.17,0.23,0.18,0.18,0.7712014633806354,0.06,299.33,274.4,0.0054,0.0059,0.66,56.8570703125,98.665830078125,35.666666666666664,20.333333333333332,86.819169921875,74.550830078125,12.26833984375,11.729169921875,31.94271484375,19.108876953125,11.770068359375,3.5338973999023438,0.4865837097167969,2.282440185546875,0.4231719970703125,0.3417015075683594,18.68359375,5.84765625,7.8515625,1.65625,3.328125,0.0
ann,sift-128-euclidean,annoy,numa-balancing,18,0.976098,1.183377453000503,8450.389159134798,2026-04-04T16:43:10.730917,2026-04-04T16:43:11.940474,2,26.0,25.0,27.0,24.0,27.0,0.39,63047.89,0.23500000000000001,15068.5,16976.185,15603.2,15400.0,0.225,0.255,0.23,0.23,0.8876258122776112,0.06,370.62,341.345,0.0054,0.005849999999999999,0.665,71.12376953125,124.1157568359375,45.125,25.583333333333332,107.0055078125,92.289638671875,14.7158642578125,14.5346484375,39.5625732421875,23.7822216796875,14.4101953125,3.5195159912109375,0.483001708984375,2.2786903381347656,0.419464111328125,0.3383598327636719,18.67578125,5.84375,7.84765625,1.65625,3.328125,0.0
ann,sift-128-euclidean,annoy,numa-balancing,19,0.976098,1.1793394979995355,8479.322550429782,2026-04-04T16:43:12.224001,2026-04-04T16:43:13.435224,1,26.0,24.0,29.0,23.0,24.0,0.38,51716.86,0.19,11973.01,15651.79,12189.25,11902.81,0.18,0.23,0.18,0.18,0.760475958340867,0.06,304.46,279.31,0.0054,0.0059,0.66,57.857578125,100.351689453125,36.166666666666664,20.75,88.472255859375,75.962822265625,12.509423828125,11.954443359375,32.538701171875,19.500673828125,11.96900390625,3.5329322814941406,0.4864311218261719,2.2811660766601562,0.42328643798828125,0.34204864501953125,18.68359375,5.84375,7.84765625,1.66015625,3.33203125,0.0
ann,sift-128-euclidean,annoy,numa-balancing,20,0.976098,1.2257735249995676,8158.1138734445485,2026-04-04T16:43:13.724745,2026-04-04T16:43:14.981340,2,25.0,24.5,27.0,24.5,24.0,0.39,61832.215,0.22999999999999998,14817.150000000001,16873.879999999997,15364.385,14776.805,0.22500000000000003,0.255,0.22999999999999998,0.22000000000000003,0.8757206404217645,0.06,363.355,334.48,0.0054,0.005849999999999999,0.67,70.26351074218749,122.31501464843751,44.458333333333336,25.25,105.50771484375,90.7422509765625,14.7654638671875,14.259150390624999,38.916318359375,23.32693359375,14.239858398437498,3.5206336975097656,0.4831733703613281,2.2788543701171875,0.41974639892578125,0.33885955810546875,18.6796875,5.84375,7.8515625,1.65625,3.328125,0.0
ann,sift-128-euclidean,annoy,numa-balancing,21,0.976098,1.1890820680000616,8409.848461359088,2026-04-04T16:43:15.264372,2026-04-04T16:43:16.484646,1,26.0,24.0,28.0,25.0,25.0,0.38,49641.47,0.18,11561.43,14574.53,11929.73,11575.78,0.17,0.22,0.18,0.17,0.7932626300813816,0.06,293.39,269.12,0.0054,0.0059,0.66,55.58943359375,97.016435546875,35.083333333333336,19.75,84.915263671875,73.08849609375,11.8267578125,11.535576171875,31.3108203125,18.745498046875,11.4966015625,3.5339012145996094,0.4864501953125,2.282093048095703,0.42316436767578125,0.342193603515625,18.68359375,5.84375,7.85546875,1.65625,3.328125,0.0
ann,sift-128-euclidean,annoy,numa-balancing,22,0.976098,1.1897380230002454,8405.211741306126,2026-04-04T16:43:16.770227,2026-04-04T16:43:17.987286,2,25.5,25.5,27.5,23.5,23.0,0.39,63671.78,0.24,15063.39,17919.190000000002,15632.2,15057.005000000001,0.22000000000000003,0.265,0.235,0.225,0.8402726350912066,0.06,374.135,344.77,0.0054,0.0059,0.665,72.10399414062499,125.04876953125,45.458333333333336,25.958333333333332,108.33458984375,93.2636865234375,15.070898437499999,14.625849609375,39.980185546875,23.9804541015625,14.677197265624999,3.5214805603027344,0.4833717346191406,2.2789459228515625,0.4200592041015625,0.33910369873046875,18.6796875,5.84375,7.8515625,1.65625,3.328125,0.0
ann,sift-128-euclidean,annoy,numa-balancing,23,0.976098,1.1974724179999612,8350.923035623793,2026-04-04T16:43:18.271963,2026-04-04T16:43:19.505996,1,26.0,25.0,28.0,24.0,22.0,0.38,49287.9,0.18,11533.76,14559.44,11918.42,11276.27,0.17,0.22,0.18,0.17,0.7744988818251252,0.06,290.78,267.32,0.0054,0.0059,0.66,55.81537109375,97.061015625,35.0,20.0,84.75943359375,72.8346484375,11.92478515625,11.4605078125,31.17455078125,18.687607421875,11.511982421875,3.5338897705078125,0.4863929748535156,2.2820663452148438,0.4233131408691406,0.3421173095703125,18.68359375,5.84375,7.8515625,1.65625,3.33203125,0.0
ann,sift-128-euclidean,annoy,numa-balancing,24,0.976098,1.2307900349997,8124.86266189378,2026-04-04T16:43:19.800809,2026-04-04T16:43:21.059847,2,26.0,23.5,28.5,24.0,23.5,0.405,61586.49,0.22999999999999998,14277.63,17729.48,14935.96,14643.41,0.21500000000000002,0.265,0.22000000000000003,0.22000000000000003,0.8053044984962898,0.06,362.25,333.695,0.0054,0.0059,0.665,69.29009765625,120.4881591796875,43.791666666666664,24.958333333333332,105.01748046875001,90.5059619140625,14.5115234375,14.16373046875,38.8670751953125,23.281025390625,14.1941259765625,3.522705078125,0.48186492919921875,2.2817306518554688,0.418914794921875,0.3401947021484375,18.6796875,5.84375,7.8515625,1.65625,3.328125,0.0
ann,sift-128-euclidean,annoy,numa-balancing,25,0.976098,1.2000834239997855,8332.754040273941,2026-04-04T16:43:21.343625,2026-04-04T16:43:22.571998,1,26.0,27.0,26.0,25.0,25.0,0.38,48310.55,0.18,11463.4,13302.99,11760.36,11783.8,0.17,0.2,0.17,0.18,0.8617160503014736,0.06,284.09,260.34,0.0054,0.0059,0.66,54.4876953125,95.450830078125,34.25,19.5,81.645947265625,70.406142578125,11.2398046875,11.09125,30.20330078125,18.0394140625,11.072177734375,3.5337066650390625,0.4845695495605469,2.284442901611328,0.4215812683105469,0.3431129455566406,18.68359375,5.84375,7.8515625,1.65625,3.33203125,0.0
ann,sift-128-euclidean,annoy,numa-balancing,26,0.976098,1.1843398269993486,8443.52251949178,2026-04-04T16:43:22.860477,2026-04-04T16:43:24.071493,2,26.0,27.0,27.0,25.0,24.5,0.39,63542.235,0.235,15308.35,17567.095,15565.294999999998,15101.495,0.23,0.26,0.235,0.225,0.8596466860343158,0.06,373.165,343.625,0.0054,0.00585,0.665,71.4115771484375,124.13594238281249,45.125,25.708333333333332,107.7657958984375,93.0916748046875,14.6741162109375,14.558388671875,39.939936523437495,23.945712890625,14.647641601562501,3.5233421325683594,0.482086181640625,2.281757354736328,0.4189949035644531,0.3405036926269531,18.6796875,5.84375,7.8515625,1.65625,3.328125,0.0
ann,sift-128-euclidean,annoy,numa-balancing,27,0.976098,1.2046101649993943,8301.440823392875,2026-04-04T16:43:24.356736,2026-04-04T16:43:25.596586,1,25.0,23.0,27.0,25.0,23.0,0.39,49016.0,0.18,11374.84,14031.76,12059.94,11549.46,0.17,0.21,0.18,0.17,0.8106495550094928,0.06,288.87,265.35,0.0054,0.0059,0.67,55.581220703125,96.9760546875,35.0,20.0,83.799248046875,72.114150390625,11.68509765625,11.41296875,30.908798828125,18.47525390625,11.317138671875,3.5338897705078125,0.48464202880859375,2.284381866455078,0.4217185974121094,0.34314727783203125,18.68359375,5.84375,7.8515625,1.65625,3.33203125,0.0
ann,sift-128-euclidean,annoy,numa-balancing,28,0.976098,1.2419769539992558,8051.679194045651,2026-04-04T16:43:25.884277,2026-04-04T16:43:27.157066,2,25.5,25.0,27.0,24.0,23.0,0.395,61321.095,0.23,14662.95,17327.47,14813.025000000001,14517.645,0.21500000000000002,0.255,0.22000000000000003,0.21500000000000002,0.8378398577518819,0.06,360.46000000000004,331.685,0.0054,0.0059,0.665,69.398271484375,120.59658203125,43.625,24.833333333333332,104.0308544921875,89.60960937499999,14.42125,14.094682617187502,38.4082080078125,22.988535156250002,14.11818359375,3.524272918701172,0.4825706481933594,2.2821807861328125,0.4186592102050781,0.3408622741699219,18.6796875,5.84375,7.8515625,1.65625,3.328125,0.0
ann,sift-128-euclidean,annoy,numa-balancing,29,0.976098,1.1999623270003212,8333.594959600197,2026-04-04T16:43:27.440785,2026-04-04T16:43:28.668836,1,25.0,24.0,26.0,26.0,24.0,0.38,48742.66,0.18,11298.62,13347.03,12183.54,11913.46,0.17,0.2,0.18,0.18,0.8465269052365957,0.06,285.28,262.15,0.0054,0.0059,0.67,55.46380859375,96.8586328125,34.916666666666664,19.75,82.7110546875,71.25375,11.4573046875,11.243681640625,30.502294921875,18.31572265625,11.19205078125,3.533519744873047,0.4849052429199219,2.284107208251953,0.4211540222167969,0.343353271484375,18.68359375,5.84375,7.85546875,1.65625,3.328125,0.0
ann,sift-128-euclidean,annoy,numa-balancing,30,0.976098,1.2036800589994527,8307.855501330148,2026-04-04T16:43:28.959805,2026-04-04T16:43:30.192462,1,26.0,23.0,29.0,25.0,24.0,0.39,71722.58,0.27,16964.74,20304.79,17478.24,16974.81,0.25,0.3,0.26,0.25,0.8355043317365016,0.06,426.16,392.07,0.0055,0.0059,0.66,81.33861328125,141.078095703125,51.166666666666664,29.416666666666668,125.197626953125,107.9871875,17.2104296875,17.036396484375,46.3016015625,27.675068359375,16.974130859375,3.5252342224121094,0.4831275939941406,2.281108856201172,0.41938018798828125,0.3416175842285156,18.6796875,5.84375,7.8515625,1.65625,3.328125,0.0
ann,sift-128-euclidean,faiss,default,1,0.978358,8.495835284999885,1177.0473019475608,2026-04-04T15:11:30.728762,2026-04-04T15:11:39.288935,8,35.375,52.5,69.0,35.0,63.75,0.06625,9586.3925,0.035,2122.17125,2006.03125,3450.0225,2008.1687499999998,0.0325,0.03125,0.051250000000000004,0.03125,0.5814545412384992,0.11125000000000002,32.46,28.03125,0.0028250000000000003,0.003275,0.61375,38.59397705078125,73.4345751953125,26.46875,13.9375,60.95178385416667,57.56135091145833,3.3904307725694443,0.34676649305555557,0.12417860243055556,56.95641818576389,0.13399088541666668,3.863542344835069,1.4586007859971788,0.6008589002821181,1.1389647589789498,0.6650996738009982,18.47222222222222,8.967881944444445,2.5551215277777777,2.4791666666666665,4.470486111111111,0.0
ann,sift-128-euclidean,faiss,default,2,0.978358,7.976364555999908,1253.7039812802805,2026-04-04T15:11:39.565234,2026-04-04T15:11:47.650678,8,36.375,44.25,71.25,36.25,68.5,0.07375,10024.325,0.036250000000000004,2132.1325,1976.56375,3909.10375,2006.52125,0.0325,0.030000000000000002,0.06,0.03125,0.5056309262705038,0.09875,32.915,28.63125,0.002725,0.0031375,0.6125,39.146849365234374,73.76844726562501,26.635416666666668,14.114583333333334,63.61590209960937,60.73284545898437,2.8830578613281252,0.2772900390625,0.11226562500000001,60.224716796875,0.11857299804687499,3.883167266845703,1.4773807525634766,0.600736141204834,1.140000343322754,0.6650500297546387,18.595703125,9.06982421875,2.49267578125,2.56689453125,4.46630859375,0.0
ann,sift-128-euclidean,faiss,default,3,0.978358,8.280459171000075,1207.6624971501728,2026-04-04T15:11:47.925812,2026-04-04T15:11:56.290651,8,36.25,42.0,72.875,36.0,67.375,0.07,9791.6475,0.035,1968.4562499999997,1921.5462499999999,3900.95125,2000.6925,0.03125,0.02875,0.057499999999999996,0.03125,0.4925840203719541,0.11125,32.71125,28.27125,0.0027375,0.0032125,0.61375,37.98478515625,71.55012329101564,25.791666666666668,13.677083333333334,61.96346137152778,59.19056749131945,2.7728960503472226,0.2668305121527778,0.10787109375,58.70579318576389,0.11007378472222223,3.8952458699544272,1.4598172505696614,0.6010746426052518,1.1698701646592882,0.6645482381184896,18.612413194444443,9.011284722222221,2.5112847222222223,2.6328125,4.45703125,0.0
ann,sift-128-euclidean,faiss,default,4,0.978358,8.206142580000005,1218.59934829453,2026-04-04T15:11:56.568205,2026-04-04T15:12:04.859429,8,36.625,49.625,66.625,36.25,67.625,0.07125000000000001,9950.665,0.036250000000000004,2084.3737499999997,1911.65375,3857.18375,2097.45375,0.03125,0.03,0.058750000000000004,0.03125,0.4956086808153747,0.10250000000000001,33.31875,28.965000000000003,0.0028000000000000004,0.0032125,0.61,38.7261865234375,73.03953002929688,26.3125,13.979166666666666,63.741785888671885,60.93714599609375,2.80464111328125,0.31481567382812503,0.114818115234375,60.388853759765624,0.118651123046875,3.8847970962524414,1.4598398208618164,0.6187095642089844,1.1417007446289062,0.6645469665527344,18.65673828125,9.07568359375,2.580078125,2.59326171875,4.40771484375,0.0
ann,sift-128-euclidean,faiss,default,5,0.978358,8.592018626999788,1163.8708473670824,2026-04-04T15:12:05.134643,2026-04-04T15:12:13.834737,9,31.444444444444443,45.55555555555556,67.11111111111111,31.11111111111111,69.0,0.07555555555555554,9226.273333333334,0.03444444444444445,2124.682222222222,2026.627777777778,3089.251111111111,1985.7122222222222,0.03222222222222222,0.031111111111111114,0.04555555555555556,0.031111111111111114,0.6427810983316344,0.10777777777777779,29.18333333333333,25.271111111111114,0.0025555555555555557,0.002977777777777778,0.6555555555555554,38.14137369791666,71.44382921006944,25.73148148148148,13.777777777777777,64.96363281250001,62.133370361328126,2.8302624511718752,0.27552001953125005,0.11637695312499999,61.620219726562496,0.121256103515625,3.895796457926432,1.4589419894748263,0.6305063035753038,1.14174313015408,0.6646050347222222,18.64105902777778,9.083333333333334,2.580295138888889,2.5442708333333335,4.433159722222222,0.0
ann,sift-128-euclidean,faiss,default,6,0.978358,8.514536823999833,1174.4620061790215,2026-04-04T15:12:14.111462,2026-04-04T15:12:22.710188,9,31.11111111111111,45.0,67.44444444444444,30.77777777777778,70.44444444444444,0.07444444444444445,9186.91,0.03333333333333334,2042.5699999999997,2004.857777777778,3120.5155555555557,2018.9644444444446,0.03222222222222223,0.031111111111111114,0.04777777777777778,0.031111111111111114,0.6424764568817689,0.11666666666666667,29.70555555555556,25.646666666666665,0.002588888888888889,0.003022222222222222,0.6577777777777778,37.68539496527778,70.58438910590277,25.444444444444446,13.574074074074074,65.05712280273437,62.175714111328126,2.88140869140625,0.277564697265625,0.116495361328125,61.659990234375,0.121668701171875,3.8858740064832897,1.4762836032443576,0.6042493184407552,1.1407661437988281,0.664574940999349,18.65234375,9.057725694444445,2.5030381944444446,2.6371527777777777,4.454427083333333,0.0
ann,sift-128-euclidean,faiss,default,7,0.978358,8.259411037000064,1210.740082458972,2026-04-04T15:12:22.984924,2026-04-04T15:12:31.318819,8,37.375,46.5,70.875,37.125,67.875,0.07,9756.028750000001,0.035,2176.9625,1819.9899999999998,3803.2087500000002,1955.86875,0.03375,0.02875,0.056249999999999994,0.03125,0.47854065333647533,0.11000000000000001,32.86875,28.503749999999997,0.002775,0.0032375,0.60375,37.346259765625,70.47946411132813,25.385416666666668,13.458333333333334,61.25766276041668,58.499674479166664,2.7579861111111112,0.2650358072916667,0.10901475694444444,58.01625217013889,0.1093728298611111,3.896613121032715,1.488008975982666,0.6032009124755859,1.1407794952392578,0.6646237373352051,18.69921875,9.08251953125,2.509765625,2.62939453125,4.4775390625,0.0
ann,sift-128-euclidean,faiss,default,8,0.978358,8.509239439000112,1175.1931617022474,2026-04-04T15:12:31.597117,2026-04-04T15:12:40.191285,8,34.125,44.625,74.125,34.0,70.125,0.06,9734.51125,0.036250000000000004,2216.34125,2094.2174999999997,3321.375,2102.58,0.03375,0.03125,0.04875,0.0325,0.6305272665688155,0.10250000000000001,33.95125,29.4125,0.0029375,0.0033875,0.6325000000000001,40.317001953125,75.47214965820314,27.208333333333332,14.572916666666666,61.60140516493055,58.90171115451389,2.6996961805555557,0.27975151909722223,0.11014756944444444,58.397050781249995,0.1147580295138889,3.886747360229492,1.4792580604553223,0.6022348403930664,1.1406264305114746,0.6646280288696289,18.66552734375,9.11474609375,2.50732421875,2.54150390625,4.501953125,0.0
ann,sift-128-euclidean,faiss,default,9,0.978358,8.447023933000082,1183.8489010233402,2026-04-04T15:12:40.466238,2026-04-04T15:12:48.991399,9,29.77777777777778,48.44444444444444,68.44444444444444,29.444444444444443,67.33333333333333,0.0711111111111111,9360.546666666669,0.03333333333333334,2223.1688888888893,2088.7555555555555,3050.7155555555564,1997.9033333333334,0.034444444444444444,0.03222222222222222,0.04555555555555555,0.031111111111111114,0.6548966289875889,0.11666666666666667,30.375555555555554,26.202222222222222,0.002611111111111111,0.003033333333333333,0.6699999999999999,39.16451388888888,73.14502712673612,26.39814814814815,14.148148148148147,63.407880859375,60.6074365234375,2.8004431152343754,0.29379638671874997,0.11626953125,60.07577026367188,0.12160034179687501,3.8976426124572754,1.4899492263793945,0.6023306846618652,1.1407756805419922,0.6645870208740234,18.6591796875,9.078125,2.55859375,2.564453125,4.4580078125,0.0
ann,sift-128-euclidean,faiss,default,10,0.978358,8.689846239999952,1150.768347772291,2026-04-04T15:12:49.268706,2026-04-04T15:12:58.043894,9,31.666666666666668,48.111111111111114,70.77777777777777,31.22222222222222,64.88888888888889,0.07222222222222223,9305.86888888889,0.03333333333333334,2211.991111111111,1984.5922222222225,3032.7766666666666,2076.5111111111114,0.034444444444444444,0.031111111111111114,0.04555555555555556,0.03222222222222222,0.654381261909237,0.11333333333333334,30.926666666666662,26.807777777777776,0.0027222222222222222,0.0031555555555555555,0.6566666666666667,38.82561631944444,72.67004774305556,26.212962962962962,14.00925925925926,64.88375610351562,62.165749511718744,2.718006591796875,0.283250732421875,0.11939819335937502,61.6431640625,0.119935302734375,3.8898408677842884,1.4802411397298176,0.6042387220594618,1.140775892469618,0.6645851135253906,18.686631944444443,9.135850694444445,2.4752604166666665,2.619357638888889,4.456163194444445,0.0
ann,sift-128-euclidean,faiss,default,11,0.978358,8.486063694999984,1178.402656333116,2026-04-04T15:12:58.319856,2026-04-04T15:13:06.887114,9,31.11111111111111,47.77777777777778,69.33333333333333,30.88888888888889,67.88888888888889,0.07888888888888888,9177.521111111111,0.03444444444444445,2134.8500000000004,2097.7944444444447,3039.723333333333,1905.1544444444444,0.03333333333333333,0.03222222222222222,0.043333333333333335,0.02888888888888889,0.6267525809183658,0.11888888888888889,28.778888888888886,24.90333333333333,0.0025222222222222226,0.0029333333333333334,0.6599999999999999,38.18041883680556,71.4458127170139,25.75,13.777777777777779,64.28014892578125,61.534666748046874,2.7454846191406252,0.27099365234375,0.11613525390625001,61.02854614257813,0.118992919921875,3.9005199008517795,1.4909498426649306,0.6042514377170138,1.1406966315375433,0.6646228366427951,18.6953125,9.110677083333334,2.5581597222222223,2.552517361111111,4.473958333333333,0.0
ann,sift-128-euclidean,faiss,default,12,0.978358,8.539710698000135,1170.9998562763774,2026-04-04T15:13:07.176229,2026-04-04T15:13:15.799731,9,32.55555555555556,44.666666666666664,70.88888888888889,32.333333333333336,70.11111111111111,0.07666666666666666,9276.16,0.03333333333333334,2049.6455555555553,2079.911111111111,3183.3722222222223,1963.23,0.031111111111111114,0.031111111111111114,0.04666666666666666,0.031111111111111114,0.6167139319414946,0.12000000000000001,29.916666666666668,25.71,0.0025666666666666667,0.003022222222222222,0.6477777777777778,37.80176540798612,70.81046875,25.490740740740737,13.648148148148147,66.0617822265625,63.20229248046875,2.8594921875,0.281578369140625,0.116976318359375,62.681269531249995,0.1224658203125,3.8966356913248696,1.4812393188476562,0.6042192247178819,1.14461178249783,0.6665653652615018,18.72439236111111,9.188802083333334,2.5260416666666665,2.5598958333333335,4.449652777777778,0.0
ann,sift-128-euclidean,faiss,default,13,0.978358,8.624996779999947,1159.4207227054828,2026-04-04T15:13:16.075540,2026-04-04T15:13:24.777267,9,31.22222222222222,47.888888888888886,74.33333333333333,30.88888888888889,64.0,0.07111111111111111,9191.781111111111,0.03444444444444445,2198.782222222222,1979.641111111111,3020.0266666666666,1993.3300000000002,0.03333333333333334,0.030000000000000002,0.044444444444444446,0.030000000000000002,0.6555045135730957,0.11444444444444445,29.442222222222224,25.400000000000002,0.002577777777777778,0.0030222222222222226,0.66,38.24062174479166,71.571533203125,25.833333333333332,13.814814814814815,60.423896484375,57.773046875000006,2.6508506944444443,0.27151692708333336,0.10992513020833333,57.28310329861111,0.10850260416666666,3.9071506924099393,1.4918908013237848,0.6042065090603299,1.1445227728949652,0.6665352715386285,18.721788194444443,9.139322916666666,2.5234375,2.5629340277777777,4.49609375,0.0
ann,sift-128-euclidean,faiss,default,14,0.978358,8.12039607099996,1231.4670260620162,2026-04-04T15:13:25.054514,2026-04-04T15:13:33.252622,8,37.75,47.0,70.0,37.625,67.0,0.07250000000000001,9746.3375,0.035,2108.47125,1950.49125,3801.48875,1885.88875,0.0325,0.030000000000000002,0.05625,0.030000000000000002,0.49609215600072476,0.11000000000000001,32.715,28.36875,0.002775,0.0032375,0.6000000000000001,36.89448120117188,69.87685668945312,25.177083333333332,13.322916666666666,61.39641384548611,58.78749131944445,2.6089268663194445,0.2680707465277778,0.10625217013888888,58.30407660590278,0.10909288194444444,3.8976192474365234,1.4822454452514648,0.6042532920837402,1.1445670127868652,0.6665534973144531,18.712890625,9.14013671875,2.50927734375,2.55859375,4.5048828125,0.0
ann,sift-128-euclidean,faiss,default,15,0.978358,8.256798632000027,1211.1231538630511,2026-04-04T15:13:33.527397,2026-04-04T15:13:41.859524,9,31.666666666666668,48.666666666666664,67.0,31.444444444444443,65.44444444444444,0.0811111111111111,9549.198888888888,0.03444444444444445,2205.452222222222,2031.5344444444443,3282.3155555555554,2029.8977777777775,0.034444444444444444,0.03333333333333333,0.04777777777777778,0.030000000000000002,0.6184346822906863,0.11,30.20777777777778,26.200000000000003,0.0025555555555555557,0.002955555555555556,0.6544444444444445,38.992648654513886,73.0721267361111,26.38888888888889,14.101851851851853,64.13525024414062,61.35245971679687,2.782789306640625,0.289227294921875,0.11112548828124999,60.83486694335937,0.1172412109375,3.9082932472229004,1.4928584098815918,0.6042628288269043,1.1446723937988281,0.6664996147155762,18.68408203125,9.0986328125,2.533203125,2.61376953125,4.4384765625,0.0
ann,sift-128-euclidean,faiss,default,16,0.978358,8.180645975000061,1222.3973547516734,2026-04-04T15:13:42.137089,2026-04-04T15:13:50.399497,8,36.625,46.5,71.375,36.375,68.25,0.07375,9820.03375,0.035,2192.76375,1903.45625,3769.955,1953.85875,0.03375,0.02875,0.056249999999999994,0.03125,0.5049015837059063,0.10375000000000001,32.495,28.16,0.0027375,0.0031624999999999995,0.60875,37.86533935546875,71.32449584960938,25.71875,13.635416666666666,62.29400282118055,59.51503255208334,2.778971354166667,0.2715104166666666,0.10946289062499999,59.02338216145833,0.1106759982638889,3.8984837532043457,1.4831347465515137,0.6042060852050781,1.1445941925048828,0.666536808013916,18.748046875,9.1015625,2.5126953125,2.65576171875,4.47802734375,0.0
ann,sift-128-euclidean,faiss,default,17,0.978358,8.446512527999857,1183.9205786826683,2026-04-04T15:13:50.674700,2026-04-04T15:13:59.239004,8,35.5,44.875,70.25,35.375,69.0,0.07,9884.5125,0.036250000000000004,2190.05625,1963.54875,3714.9025,2016.0062500000001,0.03375,0.03125,0.055,0.0325,0.5285599689359276,0.10500000000000001,32.48375,28.14375,0.002725,0.0031375,0.6212500000000001,39.33767211914062,73.92811645507813,26.666666666666668,14.229166666666666,59.88217013888888,57.294650607638886,2.5875238715277775,0.26889322916666664,0.10165798611111111,56.812000868055556,0.11209635416666666,3.9093542098999023,1.4938125610351562,0.6043105125427246,1.1446361541748047,0.6665959358215332,18.6826171875,9.09375,2.53369140625,2.5712890625,4.48388671875,0.0
ann,sift-128-euclidean,faiss,default,18,0.978358,8.242862797000043,1213.1707449551943,2026-04-04T15:13:59.517370,2026-04-04T15:14:07.860448,9,31.333333333333332,41.111111111111114,65.11111111111111,31.22222222222222,64.44444444444444,0.08555555555555555,9269.887777777778,0.03333333333333334,1937.5366666666669,1887.5622222222219,3440.3144444444447,2004.4755555555555,0.031111111111111114,0.030000000000000002,0.052222222222222225,0.03222222222222222,0.5486597962783116,0.12666666666666668,28.924444444444443,25.02444444444444,0.002455555555555556,0.0028555555555555556,0.6555555555555556,37.439798177083325,70.17018880208333,25.305555555555557,13.518518518518519,64.18326171875,61.48103881835938,2.7022241210937503,0.2948193359375,0.112501220703125,60.95813354492188,0.11558471679687501,3.8995289272732205,1.4725303649902344,0.6042488945855035,1.1562398274739585,0.6665098402235243,18.70920138888889,9.165364583333334,2.540798611111111,2.56640625,4.436631944444445,0.0
ann,sift-128-euclidean,faiss,default,19,0.978358,8.237626454999827,1213.9419108923664,2026-04-04T15:14:08.135469,2026-04-04T15:14:16.464366,8,36.25,42.375,71.625,36.125,66.375,0.07375000000000001,9752.997500000001,0.035,1974.5212500000002,1894.0075,3902.1474999999996,1982.32125,0.030000000000000002,0.02875,0.05875,0.030000000000000002,0.48537568095516637,0.10625000000000001,32.02375,27.655,0.0027125,0.0031375,0.6112500000000001,37.882147216796874,71.25627685546876,25.614583333333332,13.625,61.249446614583334,58.53583116319445,2.713615451388889,0.26274848090277775,0.10730577256944446,58.05469184027778,0.11108181423611112,3.9102730751037598,1.4715518951416016,0.6042685508728027,1.1678342819213867,0.6666083335876465,18.74169921875,9.09423828125,2.53515625,2.57421875,4.5380859375,0.0
ann,sift-128-euclidean,faiss,default,20,0.978358,7.991050360999907,1251.399947221546,2026-04-04T15:14:16.743187,2026-04-04T15:14:24.828479,8,36.0,44.5,68.5,35.75,68.75,0.075,10033.751250000001,0.036250000000000004,2068.0775,2013.5349999999999,3958.46875,1993.67,0.0325,0.0325,0.05875,0.03125,0.5036467699789218,0.1,32.80875,28.525,0.0027125,0.0031374999999999997,0.61625,39.31396240234375,73.98519897460938,26.666666666666668,14.166666666666666,63.86490356445313,61.05015747070313,2.814744873046875,0.27897705078124996,0.11047119140625,60.54511840820312,0.11559326171875,3.9003987312316895,1.4704627990722656,0.6042394638061523,1.1592860221862793,0.6664104461669922,18.72607421875,9.04833984375,2.54541015625,2.72265625,4.40966796875,0.0
ann,sift-128-euclidean,faiss,default,21,0.978358,8.261158213000044,1210.4840195729037,2026-04-04T15:14:25.103595,2026-04-04T15:14:33.449243,8,36.5,41.5,72.625,36.375,66.875,0.07,9715.49,0.035,2037.7875,1884.14625,3765.68,2027.875,0.03125,0.02875,0.05500000000000001,0.03125,0.5003468829002996,0.10875000000000001,32.055,27.681250000000002,0.002725,0.0031625000000000004,0.61,37.94776489257813,71.41138305664063,25.739583333333332,13.6875,62.196924913194444,59.41587131076389,2.7810546875,0.26822374131944443,0.10785698784722222,58.927048611111104,0.1127419704861111,3.9110751152038574,1.4705839157104492,0.6042685508728027,1.169755458831787,0.6664671897888184,18.69775390625,9.11572265625,2.5576171875,2.6220703125,4.40234375,0.0
ann,sift-128-euclidean,faiss,default,22,0.978358,8.197796382000206,1219.840007487484,2026-04-04T15:14:33.728375,2026-04-04T15:14:42.028097,8,34.875,43.875,70.5,34.875,68.25,0.06875,9926.810000000001,0.036250000000000004,2153.4425,2030.6725000000001,3692.3862500000005,2050.305,0.03375,0.0325,0.055,0.0325,0.5499621010667559,0.10125,32.57125,28.2325,0.0027375,0.0031625000000000004,0.62625,40.140322265625,75.25046020507813,27.114583333333332,14.53125,63.7531591796875,60.97660278320313,2.776558837890625,0.283797607421875,0.11341186523437499,60.45844360351563,0.12094970703125002,3.9013243781195746,1.4705034891764324,0.6041988796657987,1.1601376003689237,0.6664844089084201,18.68012152777778,9.090711805555555,2.537326388888889,2.6145833333333335,4.4375,0.0
ann,sift-128-euclidean,faiss,default,23,0.978358,8.179631078000057,1222.5490250894088,2026-04-04T15:14:42.303310,2026-04-04T15:14:50.572717,8,35.625,41.875,71.125,35.625,65.875,0.07375,9709.2325,0.035,1888.6575,1922.2099999999998,3859.5550000000003,2038.81,0.02875,0.02875,0.05625,0.03125,0.48934592200396154,0.115,31.89,27.515,0.0026875,0.0031249999999999997,0.62125,37.673653564453126,70.95768676757812,25.572916666666668,13.59375,65.65155883789062,62.80202392578125,2.8495361328125,0.27868408203125,0.11529052734375,62.29316284179688,0.114884033203125,3.912065029144287,1.470543384552002,0.6042189598083496,1.1707053184509277,0.6665973663330078,18.79541015625,9.142578125,2.4619140625,2.61328125,4.57763671875,0.0
ann,sift-128-euclidean,faiss,default,24,0.978358,8.454238436999958,1182.8386524130924,2026-04-04T15:14:50.851573,2026-04-04T15:14:59.401222,8,35.25,45.375,66.875,35.25,71.625,0.07250000000000001,9834.8825,0.035,2093.0012500000003,1892.3162499999999,3885.6675,1963.89625,0.0325,0.03,0.05875,0.030000000000000002,0.48699901625653763,0.10625000000000001,32.45625,28.1175,0.0027125,0.0031375,0.62,38.644248046875,72.6735302734375,26.208333333333332,13.958333333333334,59.900732421875006,57.23322916666666,2.667504340277778,0.2601584201388889,0.0998318142361111,56.75896918402778,0.11426649305555554,3.9023709297180176,1.470468521118164,0.604334831237793,1.1610703468322754,0.6664924621582031,18.7109375,9.03662109375,2.60595703125,2.57177734375,4.49853515625,0.0
ann,sift-128-euclidean,faiss,default,25,0.978358,8.28740092299995,1206.6509262568786,2026-04-04T15:14:59.676411,2026-04-04T15:15:08.054698,8,35.875,43.5,73.0,35.5,64.75,0.07,9975.9,0.036250000000000004,2126.21625,2086.245,3731.4750000000004,2031.96375,0.03375,0.0325,0.05500000000000001,0.0325,0.5445470624886941,0.1,33.45,29.04625,0.0027875,0.0032250000000000004,0.61875,39.93348876953125,75.19909423828125,27.15625,14.416666666666666,64.20853759765626,61.29970581054687,2.908834228515625,0.281397705078125,0.11539184570312501,60.78536010742188,0.1175537109375,3.9130240546332464,1.4704598320855036,0.604233635796441,1.1717215643988714,0.6666090223524306,18.705729166666668,9.02170138888889,2.5308159722222223,2.627170138888889,4.526041666666667,0.0
ann,sift-128-euclidean,faiss,default,26,0.978358,8.363969482999892,1195.6045535944872,2026-04-04T15:15:08.333226,2026-04-04T15:15:16.787807,9,32.888888888888886,34.888888888888886,73.33333333333333,32.888888888888886,70.88888888888889,0.07777777777777778,9216.738888888889,0.03333333333333334,1711.7333333333336,2044.6944444444443,3513.8577777777773,1946.4533333333336,0.02666666666666667,0.031111111111111114,0.05333333333333333,0.030000000000000002,0.48713790983762084,0.12666666666666668,29.272222222222222,25.184444444444445,0.0025000000000000005,0.002933333333333333,0.6411111111111111,36.71952039930555,68.86601236979168,24.76851851851852,13.231481481481481,64.65335815429687,61.86696411132813,2.7863964843749995,0.261942138671875,0.11601196289062499,61.367783203125,0.121229248046875,3.9036264419555664,1.47062349319458,0.6042585372924805,1.1621956825256348,0.6665539741516113,18.712890625,9.072265625,2.544921875,2.61572265625,4.47998046875,0.0
ann,sift-128-euclidean,faiss,default,27,0.978358,8.283456546000025,1207.2255035645562,2026-04-04T15:15:17.063900,2026-04-04T15:15:25.427384,8,38.0,41.5,69.5,37.875,69.375,0.06875,9785.267500000002,0.036250000000000004,1984.50625,1964.7625,3700.4262500000004,2135.5725,0.03125,0.03125,0.05625,0.0325,0.5309557243574304,0.10125,33.54625,29.1475,0.0028625,0.003325,0.59875,37.707978515625,71.25416137695312,25.6875,13.572916666666666,61.91793077256945,59.24498155381944,2.67294921875,0.2620421006944444,0.11068684895833332,58.76071723090278,0.11153211805555555,3.9140782356262207,1.4705533981323242,0.604283332824707,1.1552577018737793,0.6839838027954102,18.71240234375,9.08740234375,2.54296875,2.5966796875,4.4853515625,0.0
ann,sift-128-euclidean,faiss,default,28,0.978358,8.475127927999893,1179.923192305131,2026-04-04T15:15:25.706142,2026-04-04T15:15:34.272500,8,33.25,43.0,73.5,33.0,68.625,0.0675,9884.692500000001,0.036250000000000004,2100.49375,2051.14625,3631.6175000000003,2101.4337499999997,0.0325,0.03125,0.05499999999999999,0.03375,0.5648023917717104,0.10500000000000001,32.58375,28.19875,0.0027125,0.0031375,0.6375,40.3139208984375,75.60728393554686,27.28125,14.5625,63.269140625,60.50005004882813,2.769091796875,0.28421142578125,0.11711791992187501,59.97563354492188,0.12308593749999999,3.904573228624132,1.4705679151746962,0.6042234632703993,1.1543986002604165,0.6753832499186198,18.74782986111111,9.08376736111111,2.5078125,2.6354166666666665,4.520833333333333,0.0
ann,sift-128-euclidean,faiss,default,29,0.978358,8.047517846999881,1242.6191765114263,2026-04-04T15:15:34.547987,2026-04-04T15:15:42.697961,8,37.875,39.875,70.5,37.75,64.0,0.08125,9636.06625,0.035,1783.38625,1952.7825,4082.9312499999996,1816.97,0.02875,0.030000000000000002,0.06125,0.030000000000000002,0.43679066357044344,0.1225,32.18,27.85375,0.002675,0.0031125000000000002,0.6000000000000001,35.86209594726562,67.99821899414061,24.510416666666668,12.916666666666666,65.41222778320314,62.52331909179687,2.888907470703125,0.2717138671875,0.11307739257812499,62.0238525390625,0.114677734375,3.914999485015869,1.4705772399902344,0.6042671203613281,1.1697025299072266,0.6704525947570801,18.708984375,9.1318359375,2.53515625,2.55078125,4.4912109375,0.0
ann,sift-128-euclidean,faiss,default,30,0.978358,8.388337653999997,1192.1313152232824,2026-04-04T15:15:42.977018,2026-04-04T15:15:51.446799,8,35.875,43.875,70.125,35.625,69.125,0.06875,9785.32625,0.036250000000000004,2083.70875,2130.5625,3604.3487499999997,1966.70625,0.03125,0.0325,0.05375,0.030000000000000002,0.5456481562723363,0.10250000000000001,32.6525,28.26875,0.0027625,0.0032,0.6174999999999999,38.755673828125,72.87383056640626,26.291666666666668,14.020833333333334,60.891337890624996,58.27432183159723,2.617016059027778,0.2673741319444444,0.10717447916666667,57.78471896701389,0.11505208333333333,3.905435562133789,1.4704384803771973,0.6102032661437988,1.155301570892334,0.669492244720459,18.73681640625,9.0458984375,2.5732421875,2.62890625,4.48876953125,0.0
ann,sift-128-euclidean,faiss,imbalanced-memory,1,0.978358,9.897795922000114,1010.3259431499,2026-04-04T15:45:24.271496,2026-04-04T15:45:34.239612,10,29.9,29.4,78.3,53.1,73.4,0.10900000000000001,7821.808999999999,0.029000000000000005,2809.554,1663.407,1721.0039999999997,1627.847,0.04,0.025,0.027000000000000003,0.025,0.5793969434294554,0.23900000000000002,26.71,22.701,0.00257,0.003920000000000001,0.6050000000000001,32.111326171875,59.41837109375,21.45,11.6,54.772579101562506,52.042851562500005,2.7297294921875,51.7313447265625,0.06854687500000001,0.16336621093749998,0.0795927734375,2.337200164794922,2.223882293701172,0.04799652099609375,0.034168243408203125,0.031177520751953125,15.92890625,12.28828125,0.62890625,0.484375,2.52734375,0.0
ann,sift-128-euclidean,faiss,imbalanced-memory,2,0.978358,8.437116711000272,1185.2390268540494,2026-04-04T15:45:34.519455,2026-04-04T15:45:43.060853,8,34.75,34.5,89.625,52.25,80.875,0.06875,9816.87125,0.036250000000000004,3625.9,2042.34625,2064.1075,2084.5175,0.053750000000000006,0.0325,0.03375,0.03375,0.563266016713092,0.11125,31.947500000000005,27.642500000000002,0.0027,0.003125,0.6275,39.80523315429687,72.94030029296876,26.40625,14.40625,61.03623263888888,58.28682183159723,2.7494151475694446,57.9462890625,0.07792209201388889,0.17862521701388887,0.08398328993055555,2.375292036268446,2.2619391547309027,0.04799652099609375,0.034168243408203125,0.031177520751953125,16.022135416666668,12.381510416666666,0.62890625,0.484375,2.52734375,0.0
ann,sift-128-euclidean,faiss,imbalanced-memory,3,0.978358,8.346373026000037,1198.1252178459672,2026-04-04T15:45:43.336355,2026-04-04T15:45:51.767951,9,32.666666666666664,32.333333333333336,87.0,52.0,79.66666666666667,0.08222222222222222,9356.373333333333,0.03444444444444445,3429.0077777777783,1843.668888888889,2045.9011111111113,2037.7955555555554,0.048888888888888885,0.027777777777777776,0.031111111111111114,0.03222222222222222,0.5376683310073176,0.13222222222222224,28.95444444444444,24.906666666666666,0.002444444444444445,0.0028777777777777777,0.6433333333333332,37.364162326388886,68.44458875868055,24.740740740740744,13.527777777777779,64.08557739257813,61.329914550781254,2.75566650390625,60.965153808593755,0.08014892578124999,0.195526123046875,0.08908447265625,2.3959946632385254,2.2826523780822754,0.04799652099609375,0.034168243408203125,0.031177520751953125,16.126953125,12.486328125,0.62890625,0.484375,2.52734375,0.0
ann,sift-128-euclidean,faiss,imbalanced-memory,4,0.978358,8.236919752000176,1214.0460634658598,2026-04-04T15:45:52.047362,2026-04-04T15:46:00.380476,8,36.625,36.625,86.625,52.75,80.375,0.07375,9668.442500000001,0.035,3758.41875,1901.4775,2157.8125,1850.7324999999998,0.0575,0.02875,0.03375,0.02875,0.4924231766351208,0.12000000000000001,31.637500000000003,27.28375,0.0026875,0.003125,0.6074999999999999,37.22492553710937,68.50230590820313,24.8125,13.479166666666666,65.55328247070312,62.691198730468756,2.862086181640625,62.32292236328125,0.08124999999999999,0.19454345703124998,0.0924853515625,2.377488136291504,2.264145851135254,0.04799652099609375,0.034168243408203125,0.031177520751953125,16.03466796875,12.39404296875,0.62890625,0.484375,2.52734375,0.0
ann,sift-128-euclidean,faiss,imbalanced-memory,5,0.978358,8.42079224500003,1187.5367197115745,2026-04-04T15:46:00.656410,2026-04-04T15:46:09.164262,8,36.0,35.875,88.625,53.75,79.75,0.06875,9839.7675,0.036250000000000004,3686.5987499999997,2067.98375,2088.1549999999997,1997.02875,0.053750000000000006,0.03125,0.03125,0.03125,0.5416995136777497,0.11375000000000002,32.20375,27.880000000000003,0.002725,0.00315,0.615,39.05711791992188,71.72979858398438,26.0,14.135416666666666,61.488168402777774,58.71600368923612,2.7721647135416663,58.37328993055556,0.07378255208333334,0.18728190104166667,0.08164388020833334,2.39890628390842,2.28361087375217,0.04799652099609375,0.034168243408203125,0.033130645751953125,16.04470486111111,12.40407986111111,0.62890625,0.484375,2.52734375,0.0
ann,sift-128-euclidean,faiss,imbalanced-memory,6,0.978358,8.10749681299967,1233.4263251224304,2026-04-04T15:46:09.444810,2026-04-04T15:46:17.650968,9,33.77777777777778,33.77777777777778,84.88888888888889,52.0,77.11111111111111,0.08666666666666667,9446.384444444446,0.03555555555555556,3595.8366666666666,1926.9100000000003,1883.5344444444445,2040.1033333333335,0.05333333333333333,0.031111111111111107,0.027777777777777776,0.03222222222222222,0.5238097886660901,0.13222222222222224,29.968888888888884,25.942222222222224,0.002522222222222222,0.002933333333333334,0.6344444444444445,36.84890625,67.80656358506945,24.574074074074073,13.333333333333334,64.50781616210938,61.67414428710938,2.833671875,61.313029785156246,0.07719482421875,0.19740966796875,0.086513671875,2.3804025650024414,2.265103816986084,0.04799652099609375,0.034168243408203125,0.033130645751953125,16.00927734375,12.36865234375,0.62890625,0.484375,2.52734375,0.0
ann,sift-128-euclidean,faiss,imbalanced-memory,7,0.978358,8.268466245000127,1209.4141408688604,2026-04-04T15:46:17.926398,2026-04-04T15:46:26.271794,8,37.125,37.125,88.75,51.875,80.5,0.07125000000000001,9816.1425,0.036250000000000004,3884.875,1865.34875,2194.705,1871.215,0.0575,0.02875,0.03375,0.02875,0.48015669744843786,0.11499999999999999,32.27625,27.9225,0.0027124999999999996,0.00315,0.6025,37.45315185546875,68.98169677734376,24.9375,13.572916666666666,61.99617513020834,59.27915581597222,2.717019314236111,58.9485622829861,0.07609375,0.17360351562499998,0.08089735243055556,2.3996849060058594,2.2843894958496094,0.04799652099609375,0.034168243408203125,0.033130645751953125,16.07373046875,12.43310546875,0.62890625,0.484375,2.52734375,0.0
ann,sift-128-euclidean,faiss,imbalanced-memory,8,0.978358,8.348782391999976,1197.7794521967976,2026-04-04T15:46:26.552497,2026-04-04T15:46:35.023645,8,36.0,35.75,87.125,52.25,80.375,0.07250000000000001,9967.5075,0.036250000000000004,3804.5774999999994,2070.7262499999997,2006.61625,2085.58875,0.05500000000000001,0.0325,0.0325,0.03375,0.5274215730918874,0.11000000000000001,32.78,28.31125,0.002725,0.003175,0.61625,39.773194580078126,72.92967895507812,26.4375,14.416666666666666,60.414204644097225,57.75232096354167,2.661884765625,57.41121853298611,0.07189127604166667,0.18356011284722223,0.08564778645833333,2.3844244215223522,2.2691290113661022,0.04799652099609375,0.034168243408203125,0.033130645751953125,16.01953125,12.37890625,0.62890625,0.484375,2.52734375,0.0
ann,sift-128-euclidean,faiss,imbalanced-memory,9,0.978358,8.139623140999902,1228.558107270254,2026-04-04T15:46:35.299169,2026-04-04T15:46:43.520654,8,37.75,37.75,85.375,52.625,79.875,0.08,9627.265,0.035,3874.3575,1806.0049999999999,1852.0600000000002,2094.84375,0.057499999999999996,0.02875,0.030000000000000002,0.0325,0.46614309598430187,0.12375000000000001,31.65625,27.32375,0.0026500000000000004,0.0031000000000000003,0.6,36.23922119140625,66.81823974609375,24.208333333333332,13.125,64.907529296875,62.113642578124995,2.793887939453125,61.75273925781249,0.08067749023437501,0.19010009765625002,0.090123291015625,2.400883674621582,2.285588264465332,0.04799652099609375,0.034168243408203125,0.033130645751953125,16.11962890625,12.47900390625,0.62890625,0.484375,2.52734375,0.0
ann,sift-128-euclidean,faiss,imbalanced-memory,10,0.978358,8.576002306999726,1166.0444624458655,2026-04-04T15:46:43.800943,2026-04-04T15:46:52.471706,8,35.75,35.5,87.5,55.625,80.375,0.065,9693.318749999999,0.036250000000000004,3533.71375,2046.82,1939.1299999999999,2173.65375,0.052500000000000005,0.03125,0.030000000000000002,0.03375,0.5487512959984379,0.11125000000000002,33.04375,28.496250000000003,0.0028250000000000003,0.0033125000000000003,0.61875,38.8517919921875,71.22734008789062,25.760416666666668,14.03125,61.98310872395833,59.24102213541667,2.7420887586805556,58.89643446180556,0.07410698784722222,0.18380859374999997,0.086669921875,2.382516225179036,2.267210218641493,0.04799652099609375,0.034168243408203125,0.033130645751953125,16.02777777777778,12.387152777777779,0.62890625,0.484375,2.52734375,0.0
ann,sift-128-euclidean,faiss,imbalanced-memory,11,0.978358,8.473891015999925,1180.0954226480565,2026-04-04T15:46:52.747305,2026-04-04T15:47:01.294928,8,35.75,35.5,89.125,55.0,78.0,0.0675,9742.29125,0.036250000000000004,3606.3687499999996,2010.0562499999999,1968.705,2157.16125,0.05375,0.03125,0.03125,0.0325,0.545896755566108,0.11250000000000002,32.3875,27.9125,0.0027625,0.0032125,0.61875,39.04238403320312,71.62081176757812,25.875,14.125,60.764759114583335,58.12206163194445,2.642696397569444,57.78040907118056,0.07735785590277777,0.1843576388888889,0.07993381076388889,2.4017359415690107,2.2864405314127607,0.04799652099609375,0.034168243408203125,0.033130645751953125,16.063368055555557,12.422743055555555,0.62890625,0.484375,2.52734375,0.0
ann,sift-128-euclidean,faiss,imbalanced-memory,12,0.978358,7.956629752000026,1256.8135393614791,2026-04-04T15:47:01.570918,2026-04-04T15:47:09.622279,9,33.111111111111114,33.0,87.66666666666667,52.22222222222222,74.88888888888889,0.08555555555555555,9560.221111111112,0.03555555555555556,3807.4144444444446,1969.9144444444444,1982.0944444444442,1800.7955555555554,0.05666666666666667,0.030000000000000002,0.031111111111111107,0.02666666666666667,0.47297072116306393,0.13555555555555554,29.566666666666663,25.535555555555554,0.002444444444444444,0.0028666666666666667,0.64,37.030412326388884,67.97898871527778,24.62962962962963,13.425925925925926,64.73444458007813,61.912490234375,2.82195556640625,61.551066894531246,0.0792822265625,0.194599609375,0.08754150390625,2.3835678100585938,2.2682723999023438,0.04799652099609375,0.034168243408203125,0.033130645751953125,16.04443359375,12.40380859375,0.62890625,0.484375,2.52734375,0.0
ann,sift-128-euclidean,faiss,imbalanced-memory,13,0.978358,7.95301326300023,1257.3850525967257,2026-04-04T15:47:09.897870,2026-04-04T15:47:17.932387,8,38.0,37.875,88.125,51.125,79.125,0.0775,9962.0275,0.036250000000000004,4004.27375,1903.14375,1966.5925,2088.02,0.0625,0.02875,0.03125,0.0325,0.4752781325202854,0.11000000000000001,32.887499999999996,28.49375,0.00275,0.0031625,0.59625,37.889597167968745,69.78093505859376,25.25,13.708333333333334,64.07710937499999,61.207091064453124,2.870015869140625,60.851245117187496,0.079697265625,0.187718505859375,0.08843017578125001,2.4028449058532715,2.287536144256592,0.04799652099609375,0.034168243408203125,0.033130645751953125,16.05517578125,12.41455078125,0.62890625,0.484375,2.52734375,0.0
ann,sift-128-euclidean,faiss,imbalanced-memory,14,0.978358,8.067621204999796,1239.522747275571,2026-04-04T15:47:18.212933,2026-04-04T15:47:26.372276,8,37.75,37.625,87.375,52.0,79.5,0.0775,9874.495,0.036250000000000004,3953.8150000000005,1898.365,1926.9925,2095.32125,0.06,0.030000000000000002,0.03125,0.0325,0.4801350088458868,0.11375000000000002,31.97625,27.6675,0.00265,0.0031125,0.6012500000000001,37.5018896484375,69.07059448242188,24.989583333333332,13.604166666666666,65.94922119140625,63.1281103515625,2.82111328125,62.7670751953125,0.08161987304687499,0.190953369140625,0.088465576171875,2.384481430053711,2.269186019897461,0.04799652099609375,0.034168243408203125,0.033130645751953125,16.0615234375,12.4208984375,0.62890625,0.484375,2.52734375,0.0
ann,sift-128-euclidean,faiss,imbalanced-memory,15,0.978358,8.150391893000233,1226.934867829884,2026-04-04T15:47:26.648331,2026-04-04T15:47:34.873030,8,37.0,37.0,88.0,54.5,77.625,0.07375000000000001,10009.21875,0.037500000000000006,4073.8949999999995,2035.3912500000001,1962.62875,1937.3,0.06,0.03125,0.030000000000000002,0.03,0.47553999305333106,0.11125000000000002,33.417500000000004,29.003749999999997,0.0027500000000000003,0.0032,0.60375,38.6392529296875,71.1808935546875,25.770833333333332,14.010416666666666,64.49408325195313,61.57397216796875,2.9201123046875,61.219688720703125,0.07841064453125,0.187969970703125,0.087904052734375,2.403986930847168,2.288691520690918,0.04799652099609375,0.034168243408203125,0.033130645751953125,16.05859375,12.41796875,0.62890625,0.484375,2.52734375,0.0
ann,sift-128-euclidean,faiss,imbalanced-memory,16,0.978358,8.376335761000064,1193.83944069669,2026-04-04T15:47:35.152752,2026-04-04T15:47:43.617244,9,33.333333333333336,33.111111111111114,87.0,54.888888888888886,79.33333333333333,0.07666666666666667,9265.760000000002,0.03333333333333334,3351.792222222222,2090.463333333333,1967.28,1856.2222222222222,0.04888888888888889,0.03222222222222223,0.031111111111111114,0.02888888888888889,0.5537999073795677,0.13,29.79111111111111,25.65888888888889,0.002588888888888889,0.003011111111111111,0.6388888888888888,36.86314127604166,67.61397243923611,24.537037037037035,13.342592592592593,65.97114990234374,63.03235961914062,2.938785400390625,62.65919677734375,0.080477294921875,0.202161865234375,0.09052490234374999,2.3854479789733887,2.2701525688171387,0.04799652099609375,0.034168243408203125,0.033130645751953125,16.0263671875,12.3857421875,0.62890625,0.484375,2.52734375,0.0
ann,sift-128-euclidean,faiss,imbalanced-memory,17,0.978358,8.413882423999894,1188.511972959812,2026-04-04T15:47:43.892644,2026-04-04T15:47:52.388047,8,37.125,37.0,87.75,53.625,78.75,0.07125000000000001,9754.244999999999,0.036250000000000004,3722.48625,2145.2925,1977.4500000000003,1909.0187500000002,0.05625000000000001,0.0325,0.03125,0.030000000000000002,0.5128343321617373,0.11250000000000002,32.06,27.75125,0.00275,0.0032,0.6075,38.19983642578125,70.24358032226563,25.427083333333332,13.822916666666666,61.44381076388889,58.777903645833334,2.665908203125,58.43718315972222,0.07572157118055554,0.18276692708333334,0.08223415798611111,2.404684702555339,2.28938971625434,0.04799652099609375,0.034168243408203125,0.033130645751953125,16.047743055555557,12.407118055555555,0.62890625,0.484375,2.52734375,0.0
ann,sift-128-euclidean,faiss,imbalanced-memory,18,0.978358,8.056203701000413,1241.2794377031712,2026-04-04T15:47:52.669006,2026-04-04T15:48:00.808041,8,35.125,35.125,89.5,54.375,80.875,0.07375000000000001,10013.786250000001,0.036250000000000004,3921.0074999999997,2008.775,2092.1324999999997,1991.8737500000002,0.06,0.03125,0.03375,0.0325,0.5080004947707956,0.11625,32.386250000000004,27.982499999999998,0.0026625,0.003075,0.62125,39.73843872070313,72.86214965820312,26.385416666666668,14.416666666666666,63.63150390624999,60.81820190429687,2.813304443359375,60.46487915039063,0.081759033203125,0.1826171875,0.088944091796875,2.386597156524658,2.271301746368408,0.04799652099609375,0.034168243408203125,0.033130645751953125,16.05078125,12.41015625,0.62890625,0.484375,2.52734375,0.0
ann,sift-128-euclidean,faiss,imbalanced-memory,19,0.978358,8.28305520799995,1207.28399713451,2026-04-04T15:48:01.082315,2026-04-04T15:48:09.440152,8,38.0,37.75,86.125,53.625,78.625,0.07625000000000001,9809.175,0.036250000000000004,4119.9475,1860.0962499999998,1891.40125,1937.7312499999998,0.06125,0.03,0.02875,0.03125,0.4514854254817567,0.11625,32.18625,27.84125,0.0027125000000000005,0.0031625,0.5975,37.04508422851562,68.26982666015624,24.6875,13.416666666666666,62.01629014756944,59.2558669704861,2.760423177083333,58.917855902777774,0.07077473958333333,0.18303710937499998,0.0842013888888889,2.40561760796441,2.29032219780816,0.04799652099609375,0.034168243408203125,0.033130645751953125,16.081163194444443,12.440538194444445,0.62890625,0.484375,2.52734375,0.0
ann,sift-128-euclidean,faiss,imbalanced-memory,20,0.978358,8.428612140000041,1186.4349472842098,2026-04-04T15:48:09.716598,2026-04-04T15:48:18.241156,8,34.375,34.125,88.0,52.375,81.5,0.07125000000000001,9795.0175,0.036250000000000004,3644.585,2084.6725,2023.3762499999998,2042.385,0.05375,0.0325,0.030000000000000002,0.0325,0.5551732913349531,0.115,31.5075,27.22375,0.0026375,0.0030875,0.63,39.79690185546875,72.87822021484375,26.416666666666668,14.427083333333334,60.75630425347222,58.064611545138895,2.6916927083333335,57.72343315972223,0.07534505208333334,0.18073676215277779,0.0850933159722222,2.3896043565538196,2.274202134874132,0.04799652099609375,0.034168243408203125,0.033130645751953125,16.073350694444443,12.432725694444445,0.62890625,0.484375,2.52734375,0.0
ann,sift-128-euclidean,faiss,imbalanced-memory,21,0.978358,8.365197119000186,1195.4290924342506,2026-04-04T15:48:18.515609,2026-04-04T15:48:26.957230,9,32.22222222222222,32.111111111111114,87.11111111111111,53.333333333333336,76.55555555555556,0.08222222222222222,9337.004444444443,0.03444444444444445,3565.7622222222217,2003.9255555555558,1879.7377777777776,1887.5800000000002,0.05111111111111112,0.03222222222222222,0.030000000000000002,0.02888888888888889,0.5271629628198553,0.1322222222222222,29.008888888888894,24.97,0.0024444444444444444,0.0028666666666666667,0.6488888888888887,37.46754557291666,68.57262261284723,24.814814814814813,13.574074074074074,63.99165649414062,61.2067724609375,2.7848828125000002,60.846782226562496,0.07952026367187501,0.19218505859375,0.088282470703125,2.405697822570801,2.2904043197631836,0.04799652099609375,0.034168243408203125,0.033130645751953125,16.0927734375,12.4521484375,0.62890625,0.484375,2.52734375,0.0
ann,sift-128-euclidean,faiss,imbalanced-memory,22,0.978358,8.214058320999811,1217.4250059114268,2026-04-04T15:48:27.233521,2026-04-04T15:48:35.538352,8,37.125,37.0,86.625,53.125,81.25,0.075,9718.8575,0.035,4002.8899999999994,1905.43625,1945.75,1864.7799999999997,0.0575,0.030000000000000002,0.030000000000000002,0.02875,0.46585841729350547,0.11750000000000002,31.55375,27.252499999999998,0.002675,0.0031125,0.605,37.174447021484376,68.371796875,24.708333333333332,13.447916666666666,65.98213623046874,63.11574096679688,2.866397705078125,62.74644287109375,0.079510498046875,0.196973876953125,0.0928125,2.3883285522460938,2.2730331420898438,0.04799652099609375,0.034168243408203125,0.033130645751953125,16.038194444444443,12.397569444444445,0.62890625,0.484375,2.52734375,0.0
ann,sift-128-euclidean,faiss,imbalanced-memory,23,0.978358,8.087368738999885,1236.496111742351,2026-04-04T15:48:35.814210,2026-04-04T15:48:43.976920,8,37.5,37.25,86.875,53.25,81.0,0.07375,10002.1075,0.036250000000000004,4034.9325,1976.74125,2051.8537499999998,1938.5812500000002,0.06,0.03,0.0325,0.030000000000000002,0.4804494870732039,0.11250000000000002,32.80375,28.44375,0.0027124999999999996,0.00315,0.6012500000000001,38.45997192382812,70.83854492187501,25.625,13.927083333333334,63.80658691406251,60.966298828125005,2.840286865234375,60.605233154296876,0.07784912109375,0.19377197265625,0.089444580078125,2.4066591262817383,2.2913637161254883,0.04799652099609375,0.034168243408203125,0.033130645751953125,16.0625,12.421875,0.62890625,0.484375,2.52734375,0.0
ann,sift-128-euclidean,faiss,imbalanced-memory,24,0.978358,8.526710849999745,1172.7851660409358,2026-04-04T15:48:44.256729,2026-04-04T15:48:52.872859,9,31.77777777777778,31.666666666666668,89.11111111111111,52.44444444444444,78.44444444444444,0.07888888888888888,9230.31,0.03333333333333334,3237.7044444444446,1928.647777777778,2156.4166666666665,1907.5388888888888,0.04777777777777778,0.02888888888888889,0.03333333333333334,0.02888888888888889,0.5891639961646351,0.13111111111111112,28.723333333333333,24.642222222222223,0.002466666666666667,0.0029222222222222223,0.6499999999999999,37.90556966145833,69.25857530381944,25.083333333333332,13.722222222222221,65.45256469726561,62.60057373046875,2.8519909667968752,62.22844116210937,0.08824951171875,0.19270385742187499,0.091180419921875,2.3893979390462237,2.2741025288899737,0.04799652099609375,0.034168243408203125,0.033130645751953125,16.06032986111111,12.41970486111111,0.62890625,0.484375,2.52734375,0.0
ann,sift-128-euclidean,faiss,imbalanced-memory,25,0.978358,8.104098073999921,1233.9436059001594,2026-04-04T15:48:53.148192,2026-04-04T15:49:01.325127,8,38.25,38.125,86.375,52.5,79.875,0.07250000000000001,9840.426249999999,0.035,3938.0049999999997,1879.78875,2092.3575,1930.2725,0.06,0.02875,0.0325,0.030000000000000002,0.4773454452190894,0.1125,31.96375,27.655,0.0026875,0.003125,0.59625,37.263461914062496,68.6737060546875,24.84375,13.458333333333334,61.25408094618055,58.51326171875001,2.7408181423611113,58.17877821180556,0.074248046875,0.1782855902777778,0.08194986979166666,2.4075241088867188,2.2922286987304688,0.04799652099609375,0.034168243408203125,0.033130645751953125,16.10595703125,12.46533203125,0.62890625,0.484375,2.52734375,0.0
ann,sift-128-euclidean,faiss,imbalanced-memory,26,0.978358,8.71445101099971,1147.519216916547,2026-04-04T15:49:01.605038,2026-04-04T15:49:10.403104,9,30.22222222222222,30.11111111111111,87.77777777777777,52.888888888888886,79.44444444444444,0.07777777777777778,9291.75,0.03444444444444445,3097.302222222222,1921.1977777777777,2180.996666666667,2092.2566666666667,0.04666666666666666,0.031111111111111114,0.034444444444444444,0.03222222222222222,0.6202810187503677,0.13444444444444448,28.90222222222222,24.799999999999997,0.0024666666666666665,0.0029,0.6666666666666666,38.736414930555554,70.6509375,25.564814814814813,14.027777777777777,60.896666666666675,58.218151041666665,2.678515625,57.871513671875,0.08046875,0.18214626736111109,0.08402126736111111,2.390209197998047,2.2749252319335938,0.04799652099609375,0.034168243408203125,0.033130645751953125,16.03369140625,12.39306640625,0.62890625,0.484375,2.52734375,0.0
ann,sift-128-euclidean,faiss,imbalanced-memory,27,0.978358,8.519898566999927,1173.722893689479,2026-04-04T15:49:10.678847,2026-04-04T15:49:19.270104,9,30.444444444444443,30.333333333333332,87.55555555555556,52.55555555555556,78.55555555555556,0.08,9205.868888888888,0.03444444444444445,3198.068888888889,1927.501111111111,2083.2855555555557,1997.0155555555555,0.04777777777777778,0.02888888888888889,0.03222222222222222,0.031111111111111114,0.6027078146464776,0.14222222222222222,29.014444444444443,24.883333333333333,0.002466666666666667,0.0028888888888888888,0.661111111111111,37.58191514756945,68.69409722222223,24.89814814814815,13.583333333333334,60.75031901041666,58.03855794270833,2.711762152777778,57.69332356770834,0.07373697916666666,0.18604058159722225,0.08545681423611111,2.4075913429260254,2.2922635078430176,0.04799652099609375,0.034168243408203125,0.033130645751953125,16.10302734375,12.46240234375,0.62890625,0.484375,2.52734375,0.0
ann,sift-128-euclidean,faiss,imbalanced-memory,28,0.978358,8.430307003000053,1186.1964216061583,2026-04-04T15:49:19.546491,2026-04-04T15:49:28.051378,9,31.77777777777778,31.666666666666668,86.66666666666667,54.333333333333336,79.77777777777777,0.07888888888888888,9296.023333333333,0.03444444444444445,3380.186666666667,1853.6033333333335,2039.8488888888887,2022.3855555555554,0.05,0.02888888888888889,0.031111111111111114,0.03222222222222222,0.548373068154027,0.13444444444444445,28.989999999999995,24.915555555555553,0.002488888888888889,0.0029111111111111113,0.6544444444444445,38.097316623263886,69.57847222222222,25.212962962962965,13.805555555555555,63.708297119140624,60.99873901367188,2.709559326171875,60.6317578125,0.082791748046875,0.19377807617187498,0.09041015625,2.3912057876586914,2.2759103775024414,0.04799652099609375,0.034168243408203125,0.033130645751953125,16.052734375,12.412109375,0.62890625,0.484375,2.52734375,0.0
ann,sift-128-euclidean,faiss,imbalanced-memory,29,0.978358,8.229989996999848,1215.068305507709,2026-04-04T15:49:28.326103,2026-04-04T15:49:36.620677,8,37.125,36.875,86.125,52.25,80.625,0.07375,9635.855,0.035,3854.28875,2003.0900000000001,1819.8125,1958.6625,0.05750000000000001,0.03125,0.02875,0.030000000000000002,0.4721526118145663,0.11625,31.485,27.1575,0.0026625,0.0031374999999999997,0.60375,37.26526245117188,68.52716430664063,24.8125,13.46875,65.75975708007813,62.81928955078125,2.9404663085937504,62.445489501953126,0.08109497070312499,0.200782470703125,0.091922607421875,2.407406700981988,2.292111290825738,0.04799652099609375,0.034168243408203125,0.033130645751953125,16.114149305555557,12.473524305555555,0.62890625,0.484375,2.52734375,0.0
ann,sift-128-euclidean,faiss,imbalanced-memory,30,0.978358,8.364233454999976,1195.5668207733004,2026-04-04T15:49:36.901907,2026-04-04T15:49:45.349714,8,34.875,34.625,88.5,53.625,80.5,0.06875,9759.71375,0.035,3602.25,1934.0049999999999,2153.1875,2070.26625,0.052500000000000005,0.028750000000000005,0.03375,0.0325,0.5368880560760635,0.11375,31.7325,27.41,0.0026875000000000002,0.0031375,0.625,39.408579101562495,72.10522094726562,26.114583333333332,14.28125,61.92865776909722,59.18966145833334,2.7389952256944445,58.844212239583335,0.07717122395833334,0.18556966145833334,0.08270833333333333,2.3922066688537598,2.2769112586975098,0.04799652099609375,0.034168243408203125,0.033130645751953125,16.0146484375,12.3740234375,0.62890625,0.484375,2.52734375,0.0
ann,sift-128-euclidean,faiss,interleaved-memory,1,0.978358,4.930977682999583,2027.9953881107124,2026-04-04T16:14:23.816587,2026-04-04T16:14:28.806243,5,24.0,21.4,22.4,30.6,19.8,0.194,14770.35,0.054000000000000006,3585.736,3716.244,3897.512,3570.858,0.054000000000000006,0.054000000000000006,0.05800000000000001,0.054000000000000006,0.9161890970444735,0.2740000000000001,46.068,39.586,0.00236,0.004000000000000001,0.628,72.7183984375,118.83593945312501,43.166666666666664,26.2,110.5676796875,103.302982421875,7.264697265625,25.628431640625003,25.4085546875,26.450699218750003,25.81530078125,2.3788124084472653,0.7281234741210938,0.5553474426269531,0.5419754028320313,0.5533843994140625,15.95703125,6.53671875,2.58359375,2.36953125,4.4671875,0.0
ann,sift-128-euclidean,faiss,interleaved-memory,2,0.978358,3.7862413100001504,2641.141750154219,2026-04-04T16:14:29.089068,2026-04-04T16:14:33.005354,4,25.0,20.75,27.0,29.0,22.75,0.16,19876.8975,0.075,4424.4175,5198.5725,5777.455,4476.4525,0.065,0.0775,0.08499999999999999,0.065,0.7658073494298094,0.09250000000000001,61.6975,54.1075,0.0025499999999999997,0.0029249999999999996,0.69,96.79172607421874,156.61448974609377,56.916666666666664,34.9375,141.49903076171876,133.7176025390625,7.78142578125,33.1709521484375,32.88958984375,34.22697998046875,33.4300830078125,2.4040393829345703,0.7344131469726562,0.5617790222167969,0.5482196807861328,0.5596275329589844,16.1123046875,6.578125,2.634765625,2.4052734375,4.494140625,0.0
ann,sift-128-euclidean,faiss,interleaved-memory,3,0.978358,3.675982534000468,2720.3611299853706,2026-04-04T16:14:33.282905,2026-04-04T16:14:37.036523,3,25.0,25.0,25.0,25.0,25.0,0.1366666666666667,22694.506666666664,0.08666666666666667,5481.916666666667,5579.573333333334,5904.153333333333,5728.860000000001,0.08333333333333333,0.08666666666666667,0.08666666666666667,0.08333333333333333,0.9284848067405658,0.08333333333333333,71.77333333333333,62.75333333333333,0.002733333333333333,0.0031333333333333335,0.6866666666666666,111.97035807291667,179.73304687499999,65.3611111111111,40.583333333333336,138.2209228515625,130.68663330078124,7.5342944335937485,32.435695800781254,32.15770263671875,33.51343017578125,32.57980224609375,2.430370330810547,0.7410163879394531,0.5683679580688477,0.5548162460327148,0.5661697387695312,16.0751953125,6.5693359375,2.625,2.39453125,4.486328125,0.0
ann,sift-128-euclidean,faiss,interleaved-memory,4,0.978358,3.701225311999224,2701.8079573757377,2026-04-04T16:14:37.319105,2026-04-04T16:14:41.116027,3,25.0,24.666666666666668,24.666666666666668,25.666666666666668,25.0,0.13,22388.39333333333,0.08333333333333333,5312.8966666666665,5367.47,6093.373333333333,5614.650000000001,0.07666666666666667,0.08,0.09000000000000001,0.08333333333333333,0.8719138605217034,0.08666666666666667,72.54666666666667,63.44333333333333,0.0028333333333333335,0.0032333333333333333,0.6866666666666666,110.62443359375,177.560419921875,64.72222222222221,40.111111111111114,142.21104736328127,134.42732421875002,7.7837255859375,33.3833740234375,33.0828564453125,34.42208984375,33.5390087890625,2.413177490234375,0.7347440719604492,0.5679702758789062,0.5485544204711914,0.5618715286254883,16.162109375,6.5888671875,2.6484375,2.4228515625,4.501953125,0.0
ann,sift-128-euclidean,faiss,interleaved-memory,5,0.978358,3.7359248669999943,2676.713359075167,2026-04-04T16:14:41.393172,2026-04-04T16:14:45.207814,3,25.0,24.666666666666668,25.0,25.0,25.0,0.13333333333333333,22008.81666666667,0.08333333333333333,5233.14,5663.2699999999995,5563.153333333333,5549.253333333334,0.07666666666666667,0.08333333333333333,0.08333333333333333,0.08333333333333333,0.9240491800673464,0.09000000000000001,70.06,61.25,0.002766666666666667,0.0031666666666666666,0.6833333333333335,108.27011393229166,173.79146484375,63.138888888888886,39.19444444444444,165.38934895833333,156.10267578125,9.286669921875001,38.69733072916667,38.38061523437501,40.03888671875,38.985843098958334,2.4378700256347656,0.740931510925293,0.5741415023803711,0.5547304153442383,0.568079948425293,16.1162109375,6.5888671875,2.6435546875,2.4052734375,4.478515625,0.0
ann,sift-128-euclidean,faiss,interleaved-memory,6,0.978358,3.694587293999575,2706.6622613684412,2026-04-04T16:14:45.491915,2026-04-04T16:14:49.281555,4,25.0,25.75,25.25,23.25,25.5,0.15,20316.09,0.0775,5207.8550000000005,4947.965,5111.265,5049.004999999999,0.0775,0.07500000000000001,0.0775,0.07500000000000001,0.9500965368659458,0.085,60.56750000000001,53.040000000000006,0.002525,0.002925,0.6875,98.44527099609375,158.9235888671875,57.854166666666664,35.645833333333336,159.99271809895833,151.064208984375,8.928509114583333,37.421025390625,37.17022135416667,38.716634114583336,37.756328124999996,2.4139299392700195,0.7349319458007812,0.5681886672973633,0.5487194061279297,0.5620899200439453,16.0869140625,6.5615234375,2.6357421875,2.416015625,4.4736328125,0.0
ann,sift-128-euclidean,faiss,interleaved-memory,7,0.978358,3.707593033000194,2697.1676532437473,2026-04-04T16:14:49.558678,2026-04-04T16:14:53.342821,4,25.0,25.5,24.5,26.25,23.25,0.1475,20296.190000000002,0.07500000000000001,4903.6125,4971.74,5539.4325,4881.407499999999,0.07250000000000001,0.075,0.0825,0.0725,0.8812107557949301,0.085,62.602500000000006,54.88249999999999,0.00265,0.0030250000000000003,0.6875,98.70717041015625,159.62561279296875,58.104166666666664,35.708333333333336,156.44232747395833,147.73397786458335,8.708346354166666,36.658427734375,36.330419921875,37.86330078125,36.881832682291666,2.4377965927124023,0.7409029006958008,0.574162483215332,0.5546951293945312,0.5680360794067383,16.171875,6.576171875,2.6533203125,2.4384765625,4.50390625,0.0
ann,sift-128-euclidean,faiss,interleaved-memory,8,0.978358,3.681051747999845,2716.614892858719,2026-04-04T16:14:53.626369,2026-04-04T16:14:57.400585,4,25.0,25.5,25.0,23.25,26.0,0.1475,20373.487500000003,0.0775,5102.225,4889.94,5163.924999999999,5217.3925,0.0775,0.0725,0.0775,0.0775,0.9372382852162262,0.09000000000000001,61.89,54.185,0.002625,0.0029999999999999996,0.69,98.47973388671875,159.2226513671875,57.833333333333336,35.5625,152.46997721354168,144.08780598958333,8.382177734375,35.712086588541666,35.486705729166665,36.91958658854167,35.969427083333336,2.4148130416870117,0.735142707824707,0.5684127807617188,0.5489616394042969,0.5622959136962891,16.1298828125,6.57421875,2.6435546875,2.4248046875,4.4873046875,0.0
ann,sift-128-euclidean,faiss,interleaved-memory,9,0.978358,3.6747016230001464,2721.309381259552,2026-04-04T16:14:57.677254,2026-04-04T16:15:01.430915,4,25.0,26.0,23.75,24.25,25.75,0.155,20380.4175,0.0775,5048.9725,4891.615,5404.437500000001,5035.395,0.075,0.07250000000000001,0.08,0.075,0.9051108464109353,0.09000000000000001,60.385,52.870000000000005,0.00255,0.0029249999999999996,0.685,98.7547265625,159.3286083984375,58.0625,35.645833333333336,144.31146728515625,136.42457763671877,7.886887207031251,33.82370361328125,33.57579833984375,34.962741699218746,34.06232421875,2.4380693435668945,0.7409696578979492,0.5742378234863281,0.5547695159912109,0.5680923461914062,16.279296875,6.6005859375,2.673828125,2.466796875,4.5380859375,0.0
ann,sift-128-euclidean,faiss,interleaved-memory,10,0.978358,3.75465929100028,2663.3575046261776,2026-04-04T16:15:01.714914,2026-04-04T16:15:05.564977,4,25.0,25.25,24.75,23.5,26.0,0.155,20272.58,0.0775,5048.585,5015.5650000000005,5049.115,5159.3175,0.075,0.075,0.0775,0.075,0.9721373030444435,0.09000000000000001,59.852500000000006,52.4225,0.00255,0.0029249999999999996,0.6875,98.14565673828125,158.533779296875,57.583333333333336,35.4375,143.514130859375,135.6787353515625,7.8353955078125,33.632741699218755,33.38285400390625,34.805517578125,33.8576220703125,2.4159202575683594,0.7354135513305664,0.5686712265014648,0.5492496490478516,0.5625858306884766,16.0400390625,6.564453125,2.6240234375,2.3798828125,4.4716796875,0.0
ann,sift-128-euclidean,faiss,interleaved-memory,11,0.978358,3.714399129000413,2692.2254859270106,2026-04-04T16:15:05.841326,2026-04-04T16:15:09.633957,4,25.0,24.25,24.25,25.25,26.0,0.1575,20226.6575,0.0775,4760.9075,4799.182500000001,5517.885,5148.685,0.0725,0.07250000000000001,0.08249999999999999,0.0775,0.86281383174894,0.0925,60.129999999999995,52.769999999999996,0.002525,0.0029249999999999996,0.6875,98.1014697265625,157.93849365234374,57.5,35.4375,144.3893994140625,136.4725,7.916899414062499,33.85649169921875,33.583906250000005,34.989169921875,34.042927246093754,2.437986373901367,0.7409496307373047,0.574188232421875,0.55474853515625,0.5680999755859375,16.0830078125,6.55078125,2.6376953125,2.4248046875,4.4697265625,0.0
ann,sift-128-euclidean,faiss,interleaved-memory,12,0.978358,3.7828711060001297,2643.4947741514875,2026-04-04T16:15:09.916791,2026-04-04T16:15:13.792285,4,25.0,24.25,26.0,24.0,25.0,0.155,19916.3575,0.0775,4629.03,5019.8475,5232.9475,5034.5275,0.0675,0.075,0.0775,0.075,0.8845932431005661,0.09,61.0925,53.585,0.0026249999999999997,0.003,0.69,96.55629150390625,155.81004638671874,56.645833333333336,34.854166666666664,141.3512158203125,133.67820068359376,7.6730126953125,33.1509033203125,32.905087890625,34.26947509765625,33.352727050781255,2.4167340596516924,0.7356236775716146,0.5689036051432292,0.5494181315104167,0.5627899169921875,16.204427083333332,6.58984375,2.6471354166666665,2.4427083333333335,4.524739583333333,0.0
ann,sift-128-euclidean,faiss,interleaved-memory,13,0.978358,3.7417347470000095,2672.5571629623523,2026-04-04T16:15:14.069107,2026-04-04T16:15:17.888165,4,25.0,30.0,23.5,23.5,22.75,0.1625,19716.6175,0.07250000000000001,5239.16,4721.9175000000005,5230.45,4525.09,0.0775,0.07,0.0775,0.0675,0.8637052504599975,0.0975,60.0025,52.645,0.0025,0.002875,0.6925,95.58039550781251,154.53595703125,56.083333333333336,34.4375,141.16158935546875,133.4582568359375,7.7033349609375,33.07533935546875,32.85412841796875,34.19275390625,33.336035156250006,2.437754313151042,0.7409095764160156,0.5741195678710938,0.5546785990397136,0.5680465698242188,16.061197916666668,6.548177083333333,2.6380208333333335,2.3984375,4.4765625,0.0
ann,sift-128-euclidean,faiss,interleaved-memory,14,0.978358,3.671201526000005,2723.903857954538,2026-04-04T16:15:18.171918,2026-04-04T16:15:21.960286,4,25.0,25.75,22.75,22.5,28.5,0.165,19934.7225,0.075,4712.74,4857.2325,5214.855,5149.8925,0.07250000000000001,0.07250000000000001,0.0775,0.0775,0.9037144848706244,0.09250000000000001,59.74,52.277499999999996,0.002425,0.00285,0.6900000000000001,96.31067138671875,155.50780517578124,56.520833333333336,34.75,140.83397705078124,133.1468115234375,7.68717041015625,33.01931884765625,32.7550634765625,34.1146923828125,33.25773681640625,2.422710418701172,0.7371091842651367,0.5703802108764648,0.5509452819824219,0.5642757415771484,16.0439453125,6.5673828125,2.6357421875,2.3759765625,4.46484375,0.0
ann,sift-128-euclidean,faiss,interleaved-memory,15,0.978358,3.8189021500002127,2618.553607088216,2026-04-04T16:15:22.236972,2026-04-04T16:15:26.135087,4,25.0,28.5,21.5,23.5,25.75,0.1625,19823.9125,0.075,5782.157499999999,4171.1625,4925.8475,4944.745,0.08499999999999999,0.0625,0.075,0.075,0.7213851404082301,0.08750000000000001,60.5925,53.165,0.0025000000000000005,0.00285,0.69,96.22328125,155.49919921875,56.604166666666664,34.875,140.62191162109374,132.9107080078125,7.71120361328125,32.90130615234375,32.75605224609375,34.06225830078125,33.191088867187496,2.437837600708008,0.7409286499023438,0.5741958618164062,0.5547046661376953,0.5680398941040039,16.0908203125,6.5625,2.6435546875,2.4189453125,4.4658203125,0.0
ann,sift-128-euclidean,faiss,interleaved-memory,16,0.978358,3.623245290999875,2759.956667808264,2026-04-04T16:15:26.424602,2026-04-04T16:15:30.137674,3,25.0,25.0,24.666666666666668,25.666666666666668,24.666666666666668,0.13,22067.069999999996,0.08333333333333333,5580.303333333333,5391.986666666667,5914.626666666666,5180.156666666667,0.08333333333333333,0.08,0.09000000000000001,0.08,0.875821409973467,0.08666666666666667,72.52,63.55333333333334,0.0028666666666666667,0.0032666666666666664,0.6833333333333335,108.89736328125001,174.83568359375,63.555555555555564,39.47222222222222,137.4011376953125,129.9041357421875,7.497004394531249,32.1833740234375,31.94967529296875,33.302412109375,32.468669433593746,2.4187726974487305,0.7361583709716797,0.5693721771240234,0.549952507019043,0.5632896423339844,16.0244140625,6.55078125,2.62109375,2.3955078125,4.45703125,0.0
ann,sift-128-euclidean,faiss,interleaved-memory,17,0.978358,3.840868526000122,2603.577792967049,2026-04-04T16:15:30.414205,2026-04-04T16:15:34.336092,4,25.0,27.75,23.75,24.75,22.75,0.15,20224.940000000002,0.075,5103.32,5017.952499999999,5175.305,4928.3625,0.0775,0.075,0.0775,0.07250000000000001,0.9522844547326196,0.085,61.925,54.2175,0.0026,0.0029500000000000004,0.6875,98.85112548828124,160.10668701171875,58.208333333333336,35.6875,144.5644775390625,136.61158447265626,7.9528955078125,33.8839599609375,33.5858837890625,35.03181396484375,34.10992431640625,2.4397754669189453,0.7409133911132812,0.5741481781005859,0.5566654205322266,0.5680503845214844,16.0576171875,6.5556640625,2.6181640625,2.404296875,4.4794921875,0.0
ann,sift-128-euclidean,faiss,interleaved-memory,18,0.978358,3.605704237000282,2773.38332339742,2026-04-04T16:15:34.620332,2026-04-04T16:15:38.315424,3,25.0,24.666666666666668,25.0,24.666666666666668,25.333333333333332,0.13666666666666666,20951.926666666666,0.08,4943.013333333333,5268.186666666667,5350.673333333333,5390.05,0.07666666666666667,0.08,0.07666666666666667,0.08,0.9170626122825082,0.09000000000000001,68.02666666666666,59.339999999999996,0.002766666666666667,0.0032,0.6866666666666666,102.22175455729166,164.15233072916666,59.69444444444446,37.02777777777778,156.9063834635417,148.08047526041665,8.825904947916667,36.69279296875,36.411044921875,38.0053515625,36.97128255208333,2.4218149185180664,0.7364282608032227,0.5696630477905273,0.5521764755249023,0.5635471343994141,16.072265625,6.556640625,2.623046875,2.4150390625,4.4775390625,0.0
ann,sift-128-euclidean,faiss,interleaved-memory,19,0.978358,3.696791016999669,2705.04877176315,2026-04-04T16:15:38.593200,2026-04-04T16:15:42.367297,4,25.0,24.0,24.75,25.0,25.75,0.155,20376.5,0.0775,5055.5125,4857.3975,5461.1625,5002.4225,0.075,0.07250000000000001,0.08,0.075,0.8894438684071385,0.08750000000000001,60.099999999999994,52.5475,0.002525,0.0029000000000000002,0.6875,98.83046630859374,159.34266357421876,57.958333333333336,35.729166666666664,158.137978515625,149.4432161458333,8.694762369791668,37.00623046875,36.78997721354167,38.29861979166667,37.348388671875,2.439518928527832,0.7408618927001953,0.5740699768066406,0.5565719604492188,0.5680150985717773,16.1630859375,6.5810546875,2.65625,2.4384765625,4.4873046875,0.0
ann,sift-128-euclidean,faiss,interleaved-memory,20,0.978358,3.6898019669997666,2710.1725484013305,2026-04-04T16:15:42.651463,2026-04-04T16:15:46.432346,4,25.0,25.75,25.25,24.75,24.0,0.1525,20272.825,0.07500000000000001,4992.387500000001,4949.0975,5379.9425,4951.3949999999995,0.0725,0.075,0.08,0.07250000000000001,0.9199164303335955,0.08750000000000001,60.46,52.9075,0.00255,0.002925,0.6875,98.3528564453125,158.70308593750002,57.708333333333336,35.5625,155.71349934895832,147.04694661458333,8.666559244791666,36.43162434895833,36.21759440104167,37.69310546875,36.704625651041674,2.4225950241088867,0.7366037368774414,0.5698614120483398,0.5523767471313477,0.5637531280517578,16.1494140625,6.5751953125,2.658203125,2.4248046875,4.4912109375,0.0
ann,sift-128-euclidean,faiss,interleaved-memory,21,0.978358,3.762876341999799,2657.541489839512,2026-04-04T16:15:46.709086,2026-04-04T16:15:50.551717,4,25.0,26.5,25.0,25.0,23.25,0.1525,20315.45,0.07500000000000001,5286.0525,4981.772499999999,5260.172500000001,4787.460000000001,0.0775,0.075,0.0775,0.07,0.9056777245401935,0.09000000000000001,59.660000000000004,52.144999999999996,0.0024999999999999996,0.0029,0.6875,98.23007080078125,158.7282373046875,57.833333333333336,35.541666666666664,143.67990478515625,135.86455322265624,7.815354003906251,33.66400146484375,33.426572265625,34.847998046875,33.9259765625,2.443937301635742,0.7409725189208984,0.5761928558349609,0.5567159652709961,0.5700559616088867,16.10546875,6.560546875,2.634765625,2.42578125,4.484375,0.0
ann,sift-128-euclidean,faiss,interleaved-memory,22,0.978358,3.8134645119998822,2622.2874156906037,2026-04-04T16:15:50.836099,2026-04-04T16:15:54.739773,4,25.0,27.25,23.5,24.5,24.5,0.15,19982.019999999997,0.075,5278.9625,4671.99,5293.0875,4737.9825,0.08,0.07,0.0775,0.07,0.8826587506819036,0.0925,60.3475,52.832499999999996,0.00255,0.0029749999999999998,0.6875,96.82090820312499,156.5256396484375,56.875,34.979166666666664,142.65171386718748,134.86423828125,7.787468261718749,33.39938232421875,33.2133837890625,34.58697265625,33.664499511718745,2.4275875091552734,0.7368803024291992,0.5720891952514648,0.5526542663574219,0.5659761428833008,16.1123046875,6.57421875,2.6435546875,2.4208984375,4.4736328125,0.0
ann,sift-128-euclidean,faiss,interleaved-memory,23,0.978358,3.691608326999813,2708.846419827817,2026-04-04T16:15:55.016512,2026-04-04T16:15:58.787532,4,25.0,28.5,23.75,24.0,23.5,0.155,20016.605,0.075,5436.7074999999995,4794.675,5274.967500000001,4510.255,0.08,0.07250000000000001,0.0775,0.0675,0.8295930947177129,0.0925,60.4,52.985,0.00255,0.002925,0.69,96.79708740234375,156.25979736328125,56.833333333333336,35.041666666666664,142.701162109375,134.86385986328125,7.837302246093751,33.4205712890625,33.192780761718744,34.56364990234375,33.68685791015625,2.443936347961426,0.7409801483154297,0.5761680603027344,0.5567522048950195,0.5700359344482422,16.140625,6.578125,2.625,2.427734375,4.509765625,0.0
ann,sift-128-euclidean,faiss,interleaved-memory,24,0.978358,3.606005079999704,2773.1519446447423,2026-04-04T16:15:59.071677,2026-04-04T16:16:02.765777,4,25.0,25.25,24.25,23.75,26.75,0.16,20102.5825,0.075,5127.04,4738.7875,5388.6025,4848.155000000001,0.0775,0.07250000000000001,0.0775,0.07250000000000001,0.8794093644873602,0.095,60.98,53.4925,0.0025499999999999997,0.0029000000000000002,0.69,97.56659423828125,157.3523681640625,57.1875,35.229166666666664,143.16676757812502,135.3567724609375,7.809992675781249,33.527133789062496,33.3392431640625,34.6807373046875,33.809658203125004,2.428750356038411,0.7371838887532552,0.5723940531412761,0.5529543558756511,0.5662447611490886,16.111979166666668,6.56640625,2.62890625,2.42578125,4.490885416666667,0.0
ann,sift-128-euclidean,faiss,interleaved-memory,25,0.978358,3.865266165000321,2587.1439567471984,2026-04-04T16:16:03.042247,2026-04-04T16:16:06.986109,4,25.0,24.5,25.5,24.5,25.0,0.155,20354.370000000003,0.075,4782.0475,5202.34,5451.9525,4918.035,0.07,0.0775,0.08,0.07250000000000001,0.8771256719496363,0.08750000000000001,62.8075,55.17,0.0026,0.00295,0.69,98.84853515625,159.6247216796875,58.041666666666664,35.75,142.4934326171875,134.762763671875,7.730668945312499,33.40676025390625,33.14882080078125,34.535051269531245,33.6721337890625,2.443624496459961,0.7409191131591797,0.5760793685913086,0.5566225051879883,0.5700035095214844,16.1484375,6.5966796875,2.6298828125,2.4248046875,4.4970703125,0.0
ann,sift-128-euclidean,faiss,interleaved-memory,26,0.978358,3.8253442260001975,2614.143828425098,2026-04-04T16:16:07.270178,2026-04-04T16:16:11.211339,4,25.0,32.75,20.75,21.0,24.75,0.16,19438.442499999997,0.07250000000000001,5233.7825,4541.9075,4862.3775000000005,4800.375,0.08,0.0675,0.07250000000000001,0.07,0.8678059319431023,0.095,58.77,51.5125,0.0024500000000000004,0.0028,0.69,94.25537353515625,152.71908935546872,55.458333333333336,34.0,139.0879150390625,131.43582275390625,7.65209228515625,32.552875976562504,32.350556640625,33.719931640625,32.8124609375,2.4296417236328125,0.7373838424682617,0.5726099014282227,0.5531702041625977,0.5664777755737305,16.16796875,6.5986328125,2.6611328125,2.427734375,4.48046875,0.0
ann,sift-128-euclidean,faiss,interleaved-memory,27,0.978358,3.8309162249997826,2610.341603071878,2026-04-04T16:16:11.488079,2026-04-04T16:16:15.394104,4,25.0,24.25,23.0,23.5,28.5,0.15000000000000002,20208.7625,0.075,5158.5025000000005,4803.3475,4959.155,5287.754999999999,0.0775,0.0725,0.0725,0.08,0.9083907064529276,0.085,60.745,53.282500000000006,0.00255,0.0029000000000000002,0.6875,98.8116943359375,159.79411376953124,58.25,35.8125,165.972783203125,156.79468098958333,9.178098958333333,38.84817708333333,38.55748697916667,40.16966796875,39.21935221354166,2.443929672241211,0.7409658432006836,0.5761613845825195,0.5567445755004883,0.5700578689575195,16.16796875,6.5947265625,2.650390625,2.4345703125,4.48828125,0.0
ann,sift-128-euclidean,faiss,interleaved-memory,28,0.978358,3.9629690860001574,2523.3605872240214,2026-04-04T16:16:15.678030,2026-04-04T16:16:19.722926,4,25.0,25.0,27.0,23.25,23.75,0.1475,19951.177499999998,0.075,5267.422500000001,5007.47,4795.244999999999,4881.0375,0.0775,0.07500000000000001,0.06999999999999999,0.07,0.9103589089350623,0.085,61.465,53.8575,0.00265,0.002975,0.6875,97.13048583984376,157.34365722656247,57.125,35.041666666666664,142.6533935546875,134.92193115234375,7.73146484375,33.445209960937504,33.2085302734375,34.57711181640625,33.69107177734375,2.4305524826049805,0.7376289367675781,0.57281494140625,0.5533981323242188,0.5667104721069336,16.1650390625,6.5888671875,2.6416015625,2.4296875,4.5048828125,0.0
ann,sift-128-euclidean,faiss,interleaved-memory,29,0.978358,3.943383453000024,2535.893381708101,2026-04-04T16:16:19.999456,2026-04-04T16:16:24.020783,4,25.0,25.25,27.5,22.5,24.25,0.14,19676.45,0.07250000000000001,5202.857499999999,5204.485,4284.512500000001,4984.5925,0.0775,0.0775,0.065,0.07250000000000001,0.8232346716341773,0.0925,64.42500000000001,56.5275,0.002775,0.003225,0.69,95.61351806640626,154.733603515625,56.3125,34.541666666666664,140.67374267578126,133.0101611328125,7.663579101562499,32.96592529296875,32.7261181640625,34.0947119140625,33.2234033203125,2.444211959838867,0.7410402297973633,0.576258659362793,0.5568094253540039,0.570103645324707,16.181640625,6.607421875,2.6455078125,2.41796875,4.5107421875,0.0
ann,sift-128-euclidean,faiss,interleaved-memory,30,0.978358,3.700155343999541,2702.5892348592274,2026-04-04T16:16:24.304342,2026-04-04T16:16:28.085237,4,25.0,20.75,22.0,34.75,21.75,0.16,19240.7775,0.07250000000000001,4863.8425,4384.297500000001,5311.4875,4681.1475,0.07250000000000001,0.065,0.08,0.07,0.825436847963965,0.10250000000000001,57.995000000000005,50.63249999999999,0.002425,0.0028250000000000003,0.69,93.0469287109375,150.55548583984375,54.791666666666664,33.645833333333336,137.4783984375,129.9462060546875,7.5321923828125,32.19791259765625,32.00028076171875,33.307795410156245,32.44021484375,2.431627909342448,0.7378756205240885,0.5730959574381511,0.5537033081054688,0.5669530232747395,16.10546875,6.561197916666667,2.63671875,2.4348958333333335,4.47265625,0.0
ann,sift-128-euclidean,faiss,numa-balancing,1,0.978358,9.399607526000182,1063.8742066984262,2026-04-04T16:38:28.633293,2026-04-04T16:38:38.121689,9,37.55555555555556,33.44444444444444,38.111111111111114,47.22222222222222,23.77777777777778,0.12000000000000001,8840.895555555555,0.03222222222222223,1881.091111111111,3259.342222222222,1768.4522222222222,1932.011111111111,0.02888888888888889,0.04777777777777778,0.027777777777777776,0.02888888888888889,0.5425794843403986,0.19666666666666666,25.514444444444443,21.49,0.002177777777777778,0.003122222222222222,0.577777777777778,36.626375868055554,68.64316514756945,24.64814814814815,13.027777777777777,60.38178168402778,56.704931640625006,3.6768489583333337,0.5426920572916667,53.61181749131944,0.1994650607638889,2.35095703125,2.375807868109809,0.38566038343641496,1.4711672465006511,0.2620408799913194,0.2569406297471788,16.04513888888889,5.677517361111111,5.765190972222222,1.3224826388888888,3.2799479166666665,0.0
ann,sift-128-euclidean,faiss,numa-balancing,2,0.978358,8.173930406000181,1223.4016566448092,2026-04-04T16:38:38.401940,2026-04-04T16:38:46.667867,9,31.666666666666668,33.333333333333336,32.0,47.666666666666664,26.11111111111111,0.09666666666666666,9419.703333333333,0.03333333333333334,1969.7077777777781,3463.3977777777777,1947.861111111111,2038.7311111111112,0.030000000000000002,0.051111111111111114,0.030000000000000002,0.031111111111111114,0.5624133397581951,0.1322222222222222,25.82555555555556,22.15777777777778,0.0021666666666666666,0.0025222222222222226,0.6522222222222224,38.74354383680556,71.71596571180555,25.842592592592595,13.833333333333334,62.39786675347222,59.65859917534723,2.739267578125,0.5710970052083333,56.40065212673611,0.2112380642361111,2.4756130642361116,2.3944502936469183,0.3872083028157552,1.491514417860243,0.2588212754991319,0.2569597032335069,16.04513888888889,5.664930555555555,5.678385416666667,1.3706597222222223,3.3311631944444446,0.0
ann,sift-128-euclidean,faiss,numa-balancing,3,0.978358,8.201977247000286,1219.218207860465,2026-04-04T16:38:46.943497,2026-04-04T16:38:55.221563,8,33.875,33.75,34.25,49.25,23.875,0.08,9897.783749999999,0.035,2087.52875,3738.50375,1996.2337499999999,2075.52,0.03125,0.05500000000000001,0.030000000000000002,0.03125,0.5339659616497643,0.115,29.30625,25.27,0.0024375000000000004,0.0028375,0.6375,40.43202880859375,74.91719604492188,26.947916666666668,14.395833333333334,65.72722045898436,62.70674072265625,3.020477294921875,0.6138769531249999,59.25490966796875,0.23719726562500001,2.600760498046875,2.4213361740112305,0.3889007568359375,1.5173234939575195,0.2583603858947754,0.25675344467163086,16.17529296875,5.76025390625,5.8232421875,1.35595703125,3.23583984375,0.0
ann,sift-128-euclidean,faiss,numa-balancing,4,0.978358,7.9300606970000445,1261.0243959145253,2026-04-04T16:38:55.501039,2026-04-04T16:39:03.515906,8,34.875,33.25,35.25,48.25,24.625,0.0925,9878.35625,0.035,2013.0687500000001,3927.4075,1964.585,1973.2925,0.030000000000000002,0.05875,0.030000000000000002,0.030000000000000002,0.5002243846608736,0.11750000000000001,28.6875,24.8025,0.002325,0.0027375000000000003,0.62625,39.00772338867188,72.43543457031251,26.125,13.90625,65.43014282226562,62.5015380859375,2.928607177734375,0.61001708984375,59.06201782226562,0.229398193359375,2.600103759765625,2.3950257301330566,0.3829975128173828,1.4971857070922852,0.25834083557128906,0.2565031051635742,16.0537109375,5.716796875,5.72509765625,1.345703125,3.26611328125,0.0
ann,sift-128-euclidean,faiss,numa-balancing,5,0.978358,7.856899629000509,1272.7666728857168,2026-04-04T16:39:03.792138,2026-04-04T16:39:11.722076,8,36.875,32.375,37.25,47.375,23.625,0.09125,10140.716250000001,0.035,1944.67875,4190.2787499999995,1995.15875,2010.60125,0.03,0.06125,0.03125,0.03,0.4640929317649811,0.11125000000000002,30.0875,26.04,0.0024375,0.0028125,0.6112500000000001,39.49666870117188,73.5039990234375,26.427083333333332,14.083333333333334,67.44392333984374,64.38139160156251,3.0625292968749998,0.62305419921875,60.855423583984376,0.228428955078125,2.674486083984375,2.422463893890381,0.383056640625,1.5245060920715332,0.2583770751953125,0.25652408599853516,16.10888671875,5.6982421875,5.71875,1.40234375,3.28955078125,0.0
ann,sift-128-euclidean,faiss,numa-balancing,6,0.978358,7.953314517999388,1257.3374254681737,2026-04-04T16:39:11.999926,2026-04-04T16:39:20.046446,8,35.5,33.625,36.0,46.875,22.375,0.0825,10097.267499999998,0.036250000000000004,2111.01,3932.19125,2057.0525,1997.01875,0.0325,0.057499999999999996,0.0325,0.02875,0.5078640948605946,0.10875000000000001,29.75125,25.705000000000002,0.00245,0.0028250000000000003,0.6224999999999999,40.43376953125,74.94238403320313,27.0,14.416666666666666,66.477216796875,63.3974609375,3.079757080078125,0.616405029296875,59.90911499023437,0.23481323242187502,2.63712890625,2.395928382873535,0.3829460144042969,1.4981398582458496,0.2583308219909668,0.2565131187438965,16.0595703125,5.67822265625,5.72998046875,1.36376953125,3.28759765625,0.0
ann,sift-128-euclidean,faiss,numa-balancing,7,0.978358,8.367555917000573,1195.0921032607323,2026-04-04T16:39:20.322522,2026-04-04T16:39:28.771817,9,29.444444444444443,33.111111111111114,29.444444444444443,47.111111111111114,25.77777777777778,0.08555555555555555,9305.34888888889,0.03333333333333334,2063.8355555555554,3086.8433333333332,2026.021111111111,2128.6466666666665,0.031111111111111114,0.04666666666666667,0.030000000000000002,0.031111111111111114,0.656340763793577,0.12222222222222223,25.745555555555555,22.134444444444444,0.0022,0.002588888888888889,0.6755555555555556,40.12084960937499,73.83023763020834,26.5,14.305555555555555,61.92865125868055,59.14500434027779,2.7836436631944443,0.5726182725694444,55.91935004340277,0.21421766493055552,2.4388194444444444,2.423307418823242,0.38309431076049805,1.5255231857299805,0.2582845687866211,0.2564053535461426,16.15478515625,5.76513671875,5.83642578125,1.29443359375,3.2587890625,0.0
ann,sift-128-euclidean,faiss,numa-balancing,8,0.978358,8.215818697999566,1217.1641521781455,2026-04-04T16:39:29.049696,2026-04-04T16:39:37.358271,8,37.125,31.625,37.75,48.0,24.5,0.08625,9998.9975,0.036250000000000004,1918.69875,3999.73125,2059.85,2020.71625,0.03,0.060000000000000005,0.03125,0.030000000000000002,0.4797069178085403,0.11625,29.408749999999998,25.44125,0.0024375,0.0028374999999999997,0.6075,39.16061889648438,72.70012329101563,26.125,13.979166666666666,66.344375,63.48932983398438,2.855045166015625,0.613192138671875,59.9824951171875,0.233343505859375,2.66030029296875,2.4031338691711426,0.3868861198425293,1.4994759559631348,0.26031923294067383,0.2564568519592285,16.08544921875,5.63720703125,5.7763671875,1.3818359375,3.2900390625,0.0
ann,sift-128-euclidean,faiss,numa-balancing,9,0.978358,7.764557529999365,1287.9033945416356,2026-04-04T16:39:37.634329,2026-04-04T16:39:45.469769,8,34.625,28.0,35.0,51.5,24.875,0.08875,9897.56625,0.036250000000000004,1879.02875,4096.67,1999.34875,1922.5225,0.02875,0.06125,0.03125,0.030000000000000002,0.45867222646686207,0.135,29.8775,25.801250000000003,0.0023875,0.0028,0.6287499999999999,38.35944946289062,71.29715087890625,25.583333333333332,13.666666666666666,64.76275024414062,61.7945751953125,2.96817626953125,0.593466796875,58.408330078125005,0.226851806640625,2.565927734375,2.4291138648986816,0.3869810104370117,1.5254178047180176,0.2602667808532715,0.25641489028930664,16.12646484375,5.71875,5.7978515625,1.35400390625,3.2509765625,0.0
ann,sift-128-euclidean,faiss,numa-balancing,10,0.978358,8.08402826099973,1237.0070560296788,2026-04-04T16:39:45.747834,2026-04-04T16:39:53.923059,8,36.25,27.375,36.5,51.125,26.125,0.08499999999999999,10040.47375,0.035,1793.50625,4105.0225,2082.2799999999997,2059.665,0.028749999999999998,0.06125,0.03125,0.03,0.4369053397393071,0.11375,30.012500000000003,26.00875,0.0024375000000000004,0.002825,0.61375,39.39714111328125,73.26325317382813,26.354166666666668,14.052083333333334,67.00649658203125,63.90985839843749,3.096640625,0.6134179687499999,60.41242797851563,0.2311083984375,2.652908935546875,2.4078665839301214,0.3870340983072917,1.5036159091525607,0.2600907219780816,0.25711144341362846,16.07074652777778,5.687065972222222,5.744791666666667,1.3411458333333333,3.2860243055555554,0.0
ann,sift-128-euclidean,faiss,numa-balancing,11,0.978358,7.662611101999573,1305.03817391835,2026-04-04T16:39:54.200008,2026-04-04T16:40:01.962373,8,37.625,30.5,37.875,48.125,24.5,0.08875,10185.22125,0.036250000000000004,1943.4812499999998,4332.0425000000005,1990.99125,1918.7075,0.030000000000000002,0.065,0.03125,0.030000000000000002,0.44291059009693456,0.11,30.3825,26.3525,0.00245,0.0028374999999999997,0.60625,38.76760986328125,72.23234863281249,26.0,13.760416666666666,66.55713134765625,63.592333984375,2.964798583984375,0.61678466796875,60.081701660156256,0.22839477539062497,2.665452880859375,2.4293570518493652,0.38597965240478516,1.525651454925537,0.25934934616088867,0.2583775520324707,16.10986328125,5.73046875,5.7587890625,1.36328125,3.25732421875,0.0
ann,sift-128-euclidean,faiss,numa-balancing,12,0.978358,7.927552806000676,1261.423322520237,2026-04-04T16:40:02.239934,2026-04-04T16:40:10.260072,8,33.875,34.75,34.125,49.25,24.625,0.0825,9941.869999999999,0.035,2052.545,3877.74625,2029.40375,1982.175,0.03125,0.05875,0.03125,0.03125,0.5111667634260493,0.11375,29.705,25.6875,0.0024375,0.00285,0.635,39.76567504882813,73.75679321289063,26.5625,14.166666666666666,65.37009521484376,62.44809692382813,2.9219982910156252,0.6012011718749999,59.006550292968754,0.23322875976562502,2.607119140625,2.406155586242676,0.3848295211791992,1.5029058456420898,0.2602086067199707,0.258211612701416,16.12451171875,5.73095703125,5.826171875,1.302734375,3.2646484375,0.0
ann,sift-128-euclidean,faiss,numa-balancing,13,0.978358,7.825369666999904,1277.8949015240332,2026-04-04T16:40:10.536753,2026-04-04T16:40:18.443000,8,36.125,32.25,37.0,46.75,22.75,0.09125,10134.567500000001,0.036250000000000004,2023.20375,4133.66375,1983.34625,1994.3562499999998,0.03125,0.06125,0.03125,0.03125,0.4798034794194376,0.11625,29.377499999999998,25.46,0.002375,0.0027375000000000003,0.61625,39.396291503906255,73.20074340820312,26.322916666666668,14.020833333333334,67.0604541015625,64.04319091796876,3.017264404296875,0.6096740722656251,60.52154296875,0.23020385742187502,2.681767578125,2.4291930198669434,0.38335561752319336,1.5289263725280762,0.2587151527404785,0.2581958770751953,16.111328125,5.728515625,5.802734375,1.30517578125,3.27490234375,0.0
ann,sift-128-euclidean,faiss,numa-balancing,14,0.978358,7.903699933000098,1265.230219361856,2026-04-04T16:40:18.721716,2026-04-04T16:40:26.716203,7,40.0,31.0,40.714285714285715,47.42857142857143,22.714285714285715,0.07857142857142858,10659.267142857145,0.038571428571428576,2096.992857142857,4516.3042857142855,2068.1614285714286,1977.8099999999997,0.03142857142857143,0.06714285714285714,0.03142857142857143,0.030000000000000002,0.4379266486219927,0.10571428571428572,32.77142857142858,28.4,0.0026142857142857144,0.0029857142857142856,0.5800000000000001,40.78056501116072,76.0526841517857,27.30952380952381,14.547619047619046,66.54189697265625,63.58856689453125,2.95332763671875,0.599593505859375,60.089208984375006,0.224188232421875,2.675579833984375,2.4070701599121094,0.3828010559082031,1.5078539848327637,0.25824928283691406,0.25816869735717773,16.068359375,5.71240234375,5.83056640625,1.3271484375,3.1982421875,0.0
ann,sift-128-euclidean,faiss,numa-balancing,15,0.978358,8.056778651000059,1241.190857186915,2026-04-04T16:40:26.993342,2026-04-04T16:40:35.131460,8,35.25,32.5,35.625,48.625,26.375,0.0825,10018.477499999999,0.036250000000000004,2022.75625,3864.6724999999997,2030.6549999999997,2100.395,0.03125,0.05875,0.03125,0.03125,0.5233965491254434,0.10375000000000001,29.88125,25.875,0.0024875,0.002875,0.62625,40.60319946289063,75.23168090820313,27.104166666666668,14.5,66.50718994140625,63.50893188476563,2.998258056640625,0.605289306640625,60.01027099609375,0.23437988281250002,2.658990478515625,2.4292538960774737,0.38281207614474827,1.5298695034450955,0.2583054436577691,0.25824568006727433,16.118489583333332,5.685329861111111,5.864583333333333,1.3055555555555556,3.2630208333333335,0.0
ann,sift-128-euclidean,faiss,numa-balancing,16,0.978358,8.34332570299921,1198.5628220656972,2026-04-04T16:40:35.409077,2026-04-04T16:40:43.851935,9,32.888888888888886,34.22222222222222,33.0,43.22222222222222,27.0,0.09222222222222223,9342.146666666666,0.03444444444444445,1935.868888888889,3497.34,1876.9022222222225,2032.0366666666664,0.030000000000000002,0.05111111111111111,0.027777777777777776,0.031111111111111114,0.5366656436669647,0.12111111111111111,26.592222222222222,23.003333333333334,0.0022888888888888894,0.0026444444444444445,0.6444444444444445,38.0126193576389,70.3931857638889,25.305555555555554,13.537037037037038,62.00114257812499,59.289545355902774,2.711597222222222,0.5603396267361112,56.03282443576389,0.2141655815972222,2.482217881944445,2.408069610595703,0.38286685943603516,1.50813627243042,0.2570781707763672,0.25998830795288086,16.09423828125,5.693359375,5.83349609375,1.32861328125,3.23876953125,0.0
ann,sift-128-euclidean,faiss,numa-balancing,17,0.978358,8.080705751000096,1237.5156710491983,2026-04-04T16:40:44.128233,2026-04-04T16:40:52.277993,8,36.375,33.875,37.0,47.625,23.625,0.08125,10018.185000000001,0.036250000000000004,2092.5325,3890.61625,2035.19875,1999.8425000000002,0.03125,0.05625000000000001,0.03125,0.03125,0.5140168989938291,0.10500000000000001,29.63125,25.66375,0.0024749999999999998,0.0028875000000000003,0.61375,39.916987304687495,74.09867065429688,26.65625,14.291666666666666,66.54065307617188,63.59248291015625,2.9481738281250003,0.60199462890625,60.12854248046875,0.23713500976562502,2.6248095703125003,2.429361343383789,0.38272762298583984,1.5280165672302246,0.25833940505981445,0.26027917861938477,16.14306640625,5.64599609375,5.87109375,1.3740234375,3.25537109375,0.0
ann,sift-128-euclidean,faiss,numa-balancing,18,0.978358,7.995198169000105,1250.750736707583,2026-04-04T16:40:52.555537,2026-04-04T16:41:00.637201,8,35.375,31.375,36.0,47.375,24.125,0.08625000000000001,9899.68,0.035,1956.375,3857.965,2054.93375,2030.4099999999999,0.030000000000000002,0.0575,0.03125,0.030000000000000002,0.5071002458550038,0.11375,29.017500000000002,25.09625,0.0024000000000000002,0.0028000000000000004,0.62375,39.46705444335937,73.20438842773437,26.34375,14.052083333333334,65.70204467773438,62.800718994140624,2.90132568359375,0.597125244140625,59.34510009765625,0.23536499023437502,2.623128662109375,2.409055709838867,0.382781982421875,1.5078063011169434,0.2583165168762207,0.2601509094238281,16.16259765625,5.72705078125,5.85791015625,1.34228515625,3.2353515625,0.0
ann,sift-128-euclidean,faiss,numa-balancing,19,0.978358,8.102719668000645,1234.153520020212,2026-04-04T16:41:00.913563,2026-04-04T16:41:09.099925,8,34.875,33.375,35.375,47.125,24.125,0.08125,10104.85125,0.036250000000000004,2138.7425,3745.1975,2103.215,2117.69375,0.0325,0.05500000000000001,0.0325,0.0325,0.5615765256705421,0.10125,29.57375,25.62625,0.00245,0.0028374999999999997,0.6275000000000001,41.420068359375,76.69532836914063,27.645833333333332,14.791666666666666,67.69241455078125,64.81137329101563,2.88104248046875,0.6187170410156251,61.25964599609375,0.235933837890625,2.697073974609375,2.429274082183838,0.38272857666015625,1.5280060768127441,0.2582845687866211,0.2602548599243164,16.1337890625,5.69189453125,5.83056640625,1.33154296875,3.27978515625,0.0
ann,sift-128-euclidean,faiss,numa-balancing,20,0.978358,7.802068085999963,1281.7114500633502,2026-04-04T16:41:09.377375,2026-04-04T16:41:17.265921,8,39.0,32.0,39.5,45.5,23.75,0.085,10028.62,0.036250000000000004,1891.1174999999998,4194.0125,1896.2712499999998,2047.2175000000002,0.030000000000000002,0.06125,0.030000000000000002,0.03125,0.4509088849878249,0.115,30.70375,26.5875,0.002525,0.0029375,0.5925,38.21172363281249,71.16419433593751,25.59375,13.572916666666666,66.02335571289063,63.054345703125,2.9690087890625003,0.59247314453125,59.61130737304687,0.23146728515625,2.61909912109375,2.412374973297119,0.38264989852905273,1.511035442352295,0.2583742141723633,0.2603154182434082,16.10791015625,5.634765625,5.82666015625,1.3818359375,3.2646484375,0.0
ann,sift-128-euclidean,faiss,numa-balancing,21,0.978358,7.965414500999941,1255.427448093837,2026-04-04T16:41:17.542659,2026-04-04T16:41:25.576051,8,34.75,34.25,35.125,45.375,22.875,0.08625000000000001,10097.2575,0.035,2087.48875,3963.34625,2047.40625,1999.02,0.03125,0.05875,0.03125,0.03125,0.5043768255170741,0.11375,29.793750000000003,25.786250000000003,0.0024000000000000002,0.0027875,0.62875,40.021690673828125,74.32279052734376,26.697916666666668,14.260416666666666,66.30961303710937,63.279730224609374,3.029884033203125,0.6090014648437501,59.77304443359375,0.23679687500000002,2.6608898925781252,2.4292526245117188,0.38274717330932617,1.5279693603515625,0.25829076766967773,0.260251522064209,16.123046875,5.68115234375,5.89501953125,1.30419921875,3.24267578125,0.0
ann,sift-128-euclidean,faiss,numa-balancing,22,0.978358,8.047081976999834,1242.686482948974,2026-04-04T16:41:25.853689,2026-04-04T16:41:33.980867,8,33.5,34.75,34.0,50.25,20.625,0.08,10053.505000000001,0.036250000000000004,2188.9049999999997,3803.0575,2184.7225,1876.8187500000001,0.0325,0.057499999999999996,0.0325,0.02875,0.49350259626629367,0.10250000000000001,29.722500000000004,25.7475,0.0024124999999999997,0.0028125,0.63875,41.08068603515625,76.14472412109376,27.416666666666668,14.635416666666666,67.29561035156252,64.18174560546875,3.1138623046875,0.61428955078125,60.64132934570313,0.23700683593750002,2.6891210937500003,2.410918712615967,0.38271236419677734,1.509547233581543,0.25822925567626953,0.26042985916137695,16.09228515625,5.6796875,5.7578125,1.29541015625,3.359375,0.0
ann,sift-128-euclidean,faiss,numa-balancing,23,0.978358,8.0818998069999,1237.3328349528404,2026-04-04T16:41:34.257566,2026-04-04T16:41:42.427535,8,37.75,32.25,38.25,41.25,24.0,0.08499999999999999,10048.2925,0.036250000000000004,2013.9424999999999,4253.4525,1772.65125,2008.24625,0.030000000000000002,0.06249999999999999,0.028749999999999998,0.030000000000000002,0.4167558589169621,0.10250000000000001,30.477500000000003,26.52,0.0025125,0.0029,0.6000000000000001,38.3220654296875,71.53257690429687,25.760416666666668,13.635416666666666,66.00695678710937,63.01160522460938,2.995352783203125,0.602850341796875,59.54800048828125,0.22248291015625,2.6382690429687505,2.429149203830295,0.38265736897786456,1.5278884039984808,0.2582689921061198,0.260337405734592,16.135850694444443,5.6796875,5.828559027777778,1.3216145833333333,3.3059895833333335,0.0
ann,sift-128-euclidean,faiss,numa-balancing,24,0.978358,7.541761176999899,1325.9502343427407,2026-04-04T16:41:42.704573,2026-04-04T16:41:50.330741,8,37.5,35.75,38.0,45.0,21.125,0.09125,10133.55625,0.036250000000000004,1984.00875,4486.38375,1853.9537500000001,1809.2125,0.03,0.0675,0.0275,0.0275,0.4032674422913555,0.11375,31.310000000000002,27.255000000000003,0.0024875,0.002875,0.60375,37.75267944335937,70.48130249023438,25.3125,13.4375,66.06966430664063,63.108479003906254,2.96118408203125,0.60428955078125,59.623974609375,0.221395263671875,2.658818359375,2.4117649623325894,0.3829231262207031,1.510476793561663,0.2582337515694754,0.2601312909807478,16.1484375,5.729352678571429,5.861049107142857,1.3024553571428572,3.255580357142857,0.0
ann,sift-128-euclidean,faiss,numa-balancing,25,0.978358,7.845452726999611,1274.6237021587876,2026-04-04T16:41:50.611292,2026-04-04T16:41:58.529841,8,35.75,32.375,36.0,46.875,23.875,0.09125,10099.215,0.035,1932.3725,3971.45,2003.0362499999999,2192.35625,0.02875,0.06,0.03125,0.03375,0.4865659897518539,0.1125,30.01625,26.066249999999997,0.002425,0.0028,0.62,39.34490234375,73.1469482421875,26.333333333333332,14.03125,66.41263549804688,63.38336303710937,3.029276123046875,0.600086669921875,59.92507324218751,0.2332275390625,2.6249768066406247,2.429196357727051,0.3827800750732422,1.5104179382324219,0.2582831382751465,0.27771520614624023,16.15625,5.73095703125,5.74609375,1.3408203125,3.33837890625,0.0
ann,sift-128-euclidean,faiss,numa-balancing,26,0.978358,7.829669744000057,1277.1930779919658,2026-04-04T16:41:58.811600,2026-04-04T16:42:06.721264,8,35.875,32.875,36.125,46.375,22.625,0.085,10122.2975,0.036250000000000004,2024.32875,4072.7262499999997,1879.67,2145.56875,0.03125,0.05875,0.02875,0.03125,0.46152623196808285,0.10500000000000001,30.123749999999998,26.1625,0.002425,0.0028,0.62,38.85051513671875,72.255615234375,25.947916666666668,13.8125,66.30578979492188,63.33979370117187,2.965994873046875,0.6002673339843749,59.86688598632812,0.229820556640625,2.6428210449218748,2.4128098487854004,0.3827824592590332,1.5075221061706543,0.25833988189697266,0.26416540145874023,16.12255859375,5.6875,5.818359375,1.36328125,3.25341796875,0.0
ann,sift-128-euclidean,faiss,numa-balancing,27,0.978358,8.130476899000314,1229.940152862319,2026-04-04T16:42:06.998504,2026-04-04T16:42:15.221307,8,36.75,32.875,37.25,37.625,24.75,0.08374999999999999,10038.645,0.036250000000000004,2127.5924999999997,4036.36625,1773.4999999999998,2101.1875,0.0325,0.058750000000000004,0.027500000000000004,0.0325,0.43938034612196053,0.1,29.27875,25.47625,0.0024124999999999997,0.0027875,0.6100000000000001,39.69658203125,73.70918701171875,26.479166666666668,14.145833333333334,67.30971191406249,64.363291015625,2.94642333984375,0.6137426757812501,60.82848754882813,0.223128662109375,2.697930908203125,2.4291720390319824,0.3827342987060547,1.5238375663757324,0.2584061622619629,0.2641940116882324,16.14892578125,5.6611328125,5.7724609375,1.4228515625,3.3056640625,0.0
ann,sift-128-euclidean,faiss,numa-balancing,28,0.978358,7.907149573999959,1264.678239157343,2026-04-04T16:42:15.498275,2026-04-04T16:42:23.491910,8,36.75,34.125,37.375,45.125,22.75,0.08875,9998.7125,0.035,2032.6725000000001,4102.6225,1871.00875,1992.40625,0.03125,0.06375,0.030000000000000002,0.03125,0.45605189119886114,0.10875,29.75375,25.868750000000002,0.00245,0.0028250000000000003,0.6100000000000001,38.87166259765625,72.35131713867189,26.0,13.84375,65.83077026367187,62.90032958984376,2.930439453125,0.599517822265625,59.41719360351562,0.233599853515625,2.6500170898437503,2.4137563705444336,0.38667869567871094,1.5093693733215332,0.2544522285461426,0.2632431983947754,16.16748046875,5.68896484375,5.7783203125,1.421875,3.2783203125,0.0
ann,sift-128-euclidean,faiss,numa-balancing,29,0.978358,8.12732736199996,1230.4167845823324,2026-04-04T16:42:23.768526,2026-04-04T16:42:31.977685,9,33.888888888888886,34.666666666666664,34.111111111111114,44.0,20.77777777777778,0.09666666666666666,9461.783333333333,0.03444444444444445,1965.871111111111,3903.0533333333337,1882.2577777777778,1710.6011111111109,0.02888888888888889,0.05888888888888889,0.02888888888888889,0.026666666666666665,0.4382725433193613,0.11555555555555556,28.07333333333333,24.34777777777778,0.0023111111111111114,0.0026888888888888887,0.6377777777777778,36.84422309027778,68.63326822916666,24.64814814814814,13.138888888888888,61.8927463107639,59.033189019097236,2.859557291666667,0.5669921875,55.76362847222222,0.21536024305555557,2.4872059461805556,2.429037094116211,0.3866157531738281,1.5250349044799805,0.25513219833374023,0.2622542381286621,16.146484375,5.68017578125,5.796875,1.40625,3.26318359375,0.0
ann,sift-128-euclidean,faiss,numa-balancing,30,0.978358,7.4989846520002175,1333.5138640846108,2026-04-04T16:42:32.254382,2026-04-04T16:42:39.844417,7,45.714285714285715,29.142857142857142,46.857142857142854,45.142857142857146,19.428571428571427,0.08714285714285715,10783.675714285715,0.038571428571428576,1870.3185714285714,5282.454285714286,1819.4014285714286,1811.5,0.030000000000000002,0.07999999999999999,0.027142857142857142,0.028571428571428574,0.3429277192041145,0.09714285714285711,34.824285714285715,30.354285714285712,0.0027571428571428573,0.003171428571428571,0.5328571428571428,37.14841378348215,70.06447963169643,25.21428571428571,13.19047619047619,70.31517717633929,67.12344168526785,3.1917340959821425,0.643427734375,63.380654296875,0.2501883370535714,2.849165736607142,2.4148736000061035,0.3867526054382324,1.5115056037902832,0.25432920455932617,0.26229095458984375,16.134765625,5.71923828125,5.814453125,1.29296875,3.30810546875,0.0
ann,sift-128-euclidean,usearch,default,2,0.983139,0.2705250960000285,36965.147218722166,2026-04-04T15:17:02.699069,2026-04-04T15:17:02.969626,1,27.0,26.0,32.0,38.0,42.0,0.26,22713.47,0.08,5569.39,7256.42,4932.57,4955.1,0.08,0.11,0.07,0.07,0.6797525501555863,0.3,126.49,83.58,0.0037,0.0056,0.64,15.470849609375,31.443125,11.0,5.333333333333333,,,,,,,,,,,,,,,,,,0.0
ann,sift-128-euclidean,usearch,default,6,0.983139,0.2730637919999026,36621.47927691404,2026-04-04T15:17:05.559146,2026-04-04T15:17:05.832242,1,25.0,25.0,28.0,45.0,55.0,0.25,29641.16,0.11,6891.66,9077.88,6824.67,6846.96,0.1,0.14,0.1,0.1,0.7517911671006888,0.3,166.46,110.24,0.0037,0.0056,0.69,20.981083984375,40.27556640625,14.333333333333334,7.416666666666667,,,,,,,,,,,,,,,,,,0.0
ann,sift-128-euclidean,usearch,default,9,0.983139,0.2757053989998894,36270.59911149585,2026-04-04T15:17:07.711433,2026-04-04T15:17:07.987174,1,27.0,26.0,27.0,41.0,54.0,0.26,22565.92,0.08,5315.61,7649.86,4825.38,4775.06,0.08,0.11,0.07,0.07,0.6242022729827736,0.3,120.5,79.88,0.0035,0.0053,0.68,14.75640625,28.316826171875,10.0,5.083333333333333,,,,,,,,,,,,,,,,,,0.0
ann,sift-128-euclidean,usearch,default,13,0.983139,0.2955747659998451,33832.38743731337,2026-04-04T15:17:10.582666,2026-04-04T15:17:10.878277,1,26.0,26.0,28.0,43.0,56.0,0.25,28882.37,0.11,7017.08,8883.14,6539.64,6442.52,0.1,0.13,0.1,0.1,0.7252525570912989,0.3,161.66,107.34,0.0037,0.0056,0.68,20.0515234375,38.35298828125,13.583333333333334,7.083333333333333,,,,,,,,,,,,,,,,,,0.0
ann,sift-128-euclidean,usearch,default,16,0.983139,0.2789661819999764,35846.63893059569,2026-04-04T15:17:12.752933,2026-04-04T15:17:13.031934,1,26.0,26.0,28.0,41.0,52.0,0.27,20525.65,0.08,4645.87,7321.42,4260.69,4297.67,0.07,0.11,0.06,0.06,0.5819485837446834,0.3,106.93,70.98,0.0035,0.0052,0.68,13.166328125,25.214306640625,8.75,4.583333333333333,,,,,,,,,,,,,,,,,,0.0
ann,sift-128-euclidean,usearch,default,20,0.983139,0.277534530000139,36031.552542290825,2026-04-04T15:17:15.625190,2026-04-04T15:17:15.902760,1,27.0,27.0,27.0,41.0,55.0,0.25,27451.29,0.1,6810.99,8551.1,6006.53,6082.67,0.1,0.13,0.09,0.09,0.7024277578323256,0.3,152.07,101.13,0.0037,0.0055,0.68,18.64302734375,35.62009765625,12.5,6.416666666666667,,,,,,,,,,,,,,,,,,0.0
ann,sift-128-euclidean,usearch,default,23,0.983139,0.2759240000000318,36241.86370159481,2026-04-04T15:17:17.789665,2026-04-04T15:17:18.065621,1,26.0,25.0,28.0,46.0,54.0,0.27,18982.1,0.07,4067.99,7040.46,3921.34,3952.32,0.06,0.1,0.06,0.06,0.5569721296619823,0.3,96.8,64.06,0.0034,0.0051,0.68,12.048525390625,23.088779296875,7.916666666666667,4.0,,,,,,,,,,,,,,,,,,0.0
ann,sift-128-euclidean,usearch,default,27,0.983139,0.2717326349998075,36800.87965881273,2026-04-04T15:17:20.664185,2026-04-04T15:17:20.935949,1,27.0,27.0,27.0,47.0,55.0,0.25,25710.35,0.1,6407.95,8198.96,5513.29,5590.15,0.1,0.12,0.08,0.08,0.6724377238088733,0.3,140.94,93.65,0.0036,0.0055,0.68,17.2374609375,32.9434375,11.583333333333334,6.0,,,,,,,,,,,,,,,,,,0.0
ann,sift-128-euclidean,usearch,default,30,0.983139,0.2785530850001123,35899.79985321637,2026-04-04T15:17:22.810196,2026-04-04T15:17:23.088780,1,25.0,25.0,28.0,45.0,50.0,0.28,18114.21,0.07,3719.18,6907.06,3751.33,3736.64,0.06,0.1,0.06,0.06,0.5384606475113869,0.3,90.89,60.1,0.0033,0.005,0.69,11.39892578125,21.821103515625,7.666666666666667,3.75,,,,,,,,,,,,,,,,,,0.0
ann,sift-128-euclidean,usearch,imbalanced-memory,1,0.983139,1.098886384999787,9100.12184744826,2026-04-04T15:51:06.003311,2026-04-04T15:51:07.102229,1,33.0,33.0,54.0,40.0,53.0,0.1,7960.98,0.03,2413.31,1890.68,1901.24,1755.75,0.04,0.03,0.03,0.03,0.727527752340147,0.27,62.54,37.33,0.0047,0.0079,0.59,6.99634765625,18.570732421875,6.25,2.0,4.476357421875,2.099794921875,2.3765625,2.037138671875,0.01314453125,0.033193359375,0.01630859375,2.2806739807128906,2.1658592224121094,0.04764556884765625,0.034168243408203125,0.033100128173828125,16.26953125,12.62890625,0.62890625,0.484375,2.52734375,0.0
ann,sift-128-euclidean,usearch,imbalanced-memory,5,0.983139,0.2981294750002234,33542.4734504782,2026-04-04T15:51:09.762715,2026-04-04T15:51:10.060876,1,27.0,27.0,93.0,57.0,81.0,0.24,22123.58,0.08,5285.14,7448.29,4648.95,4741.2,0.08,0.11,0.07,0.07,0.6241633985787342,0.3,114.15,74.86,0.0034,0.0052,0.69,14.422060546875,27.32751953125,9.75,5.083333333333333,,,,,,,,,,,,,,,,,,0.0
ann,sift-128-euclidean,usearch,imbalanced-memory,9,0.983139,0.2999551379998593,33338.318745534176,2026-04-04T15:51:12.717734,2026-04-04T15:51:13.017725,1,27.0,27.0,92.0,54.0,80.0,0.23,24531.33,0.09,6052.02,7850.11,5304.88,5324.32,0.09,0.12,0.08,0.08,0.6757714223112797,0.3,128.9,84.66,0.0035,0.0053,0.69,16.326787109375,30.823486328125,11.0,5.75,,,,,,,,,,,,,,,,,,0.0
ann,sift-128-euclidean,usearch,imbalanced-memory,13,0.983139,0.3002537339998525,33305.16449132623,2026-04-04T15:51:15.679644,2026-04-04T15:51:15.979932,1,27.0,27.0,93.0,54.0,70.0,0.23,26539.79,0.1,6662.17,8183.98,5843.76,5849.87,0.1,0.12,0.09,0.09,0.7140486658080788,0.3,141.89,93.23,0.0035,0.0053,0.69,17.95001953125,33.8751171875,12.166666666666666,6.333333333333333,,,,,,,,2.3189315795898438,2.2040176391601562,0.04764556884765625,0.034168243408203125,0.033100128173828125,15.80078125,12.16015625,0.62890625,0.484375,2.52734375,0.0
ann,sift-128-euclidean,usearch,imbalanced-memory,17,0.983139,0.2982632349999221,33527.43089507029,2026-04-04T15:51:18.640445,2026-04-04T15:51:18.938742,1,27.0,26.0,93.0,55.0,82.0,0.23,28075.13,0.1,6930.0,8469.29,6373.96,6301.88,0.1,0.13,0.09,0.09,0.7440859859563198,0.3,151.62,99.66,0.0035,0.0054,0.7,19.451455078125,36.687021484375,13.083333333333334,6.916666666666667,,,,,,,,2.3189544677734375,2.20404052734375,0.04764556884765625,0.034168243408203125,0.033100128173828125,15.80078125,12.16015625,0.62890625,0.484375,2.52734375,0.0
ann,sift-128-euclidean,usearch,imbalanced-memory,20,0.983139,0.3011252669998612,33208.77088671742,2026-04-04T15:51:20.855694,2026-04-04T15:51:21.156853,1,25.0,25.0,93.0,53.0,78.0,0.25,18086.84,0.07,3780.64,6844.04,3749.12,3713.04,0.06,0.1,0.06,0.06,0.5425216684882028,0.31,87.45,57.12,0.0032,0.0048,0.71,11.470830078125,21.60541015625,7.666666666666667,4.0,,,,,,,,,,,,,,,,,,0.0
ann,sift-128-euclidean,usearch,imbalanced-memory,21,0.983139,0.2960834470000009,33774.26229437261,2026-04-04T15:51:21.597167,2026-04-04T15:51:21.893284,1,25.0,25.0,93.0,56.0,73.0,0.23,28648.93,0.11,6725.4,8687.8,6648.2,6587.54,0.1,0.13,0.1,0.1,0.7582518013766432,0.31,155.06,101.54,0.0035,0.0054,0.72,20.524697265625,38.705859375,14.0,7.333333333333333,,,,,,,,2.31939697265625,2.2044830322265625,0.04764556884765625,0.034168243408203125,0.033100128173828125,16.26953125,12.62890625,0.62890625,0.484375,2.52734375,0.0
ann,sift-128-euclidean,usearch,imbalanced-memory,24,0.983139,0.2999231939998026,33341.86951878947,2026-04-04T15:51:23.810614,2026-04-04T15:51:24.110570,1,26.0,26.0,89.0,54.0,79.0,0.24,20523.66,0.08,4649.07,7199.75,4359.24,4315.6,0.07,0.11,0.06,0.06,0.5994097017257544,0.31,103.5,67.78,0.0033,0.005,0.7,13.31751953125,25.153125,8.916666666666666,4.75,,,,,,,,,,,,,,,,,,0.0
ann,sift-128-euclidean,usearch,imbalanced-memory,28,0.983139,0.2987302090000412,33475.02093435291,2026-04-04T15:51:26.775446,2026-04-04T15:51:27.074210,1,27.0,27.0,92.0,58.0,78.0,0.24,22456.55,0.08,5400.67,7502.53,4751.45,4801.9,0.08,0.11,0.07,0.07,0.6333130290715265,0.3,116.07,76.22,0.0034,0.0052,0.69,14.715087890625,27.783427734375,9.75,5.166666666666667,,,,,,,,,,,,,,,,,,0.0
ann,sift-128-euclidean,usearch,interleaved-memory,1,0.983139,0.996326983000472,10036.865577889566,2026-04-04T16:17:15.542488,2026-04-04T16:17:16.538839,1,25.0,30.0,22.0,25.0,23.0,0.15,14241.83,0.05,3749.01,3220.68,3538.24,3733.9,0.06,0.05,0.05,0.06,0.8590747957460769,0.28,107.33,62.93,0.0044,0.0075,0.62,11.815712890625,28.53041015625,9.833333333333334,3.9166666666666665,1.398759765625,0.626064453125,0.772705078125,0.1365234375,0.160888671875,0.17794921875,0.150703125,2.2947158813476562,0.7044830322265625,0.5398292541503906,0.51666259765625,0.5343132019042969,16.22265625,6.59765625,2.62890625,2.49609375,4.5,0.0
ann,sift-128-euclidean,usearch,interleaved-memory,9,0.983139,0.180236029000298,55482.80249773737,2026-04-04T16:17:21.404940,2026-04-04T16:17:21.585202,1,25.0,26.0,25.0,25.0,25.0,0.37,21258.45,0.08,7875.51,4418.84,4518.45,4445.64,0.12,0.07,0.07,0.07,0.561086202671319,0.29,111.13,74.82,0.0035,0.0052,0.65,13.497099609375,26.09033203125,9.0,4.25,32.0178515625,28.586064453125,3.431787109375,7.2473828125,7.20693359375,7.27150390625,6.860244140625,,,,,,,,,,,0.0
ann,sift-128-euclidean,usearch,interleaved-memory,12,0.983139,0.1882677959993088,53115.828689239606,2026-04-04T16:17:23.287422,2026-04-04T16:17:23.475718,1,25.0,26.0,25.0,25.0,25.0,0.35,30478.5,0.11,9790.18,6891.11,6927.12,6870.09,0.15,0.1,0.1,0.1,0.7017327567011026,0.29,171.1,115.26,0.0038,0.0056,0.65,20.924296875,40.275244140625,14.166666666666666,7.0,,,,,,,,,,,,,,,,,,0.0
ann,sift-128-euclidean,usearch,interleaved-memory,17,0.983139,0.182623919999969,54757.33956428979,2026-04-04T16:17:26.441016,2026-04-04T16:17:26.623667,1,25.0,26.0,25.0,25.0,25.0,0.38,19111.62,0.07,7444.28,3922.91,3846.36,3898.08,0.11,0.06,0.06,0.06,0.5166866372570619,0.29,97.1,65.33,0.0034,0.0051,0.64,11.7399609375,22.687353515625,7.916666666666667,4.0,28.984892578125,25.917451171875,3.06744140625,6.5593359375,6.5326171875,6.59484375,6.2306640625,,,,,,,,,,,0.0
ann,sift-128-euclidean,usearch,interleaved-memory,20,0.983139,0.1900772549997782,52610.18736835013,2026-04-04T16:17:28.329120,2026-04-04T16:17:28.519227,1,25.0,26.0,25.0,25.0,25.0,0.35,28126.32,0.1,9326.47,6282.9,6348.39,6168.56,0.14,0.09,0.09,0.09,0.6614035106530124,0.29,155.74,104.97,0.0037,0.0055,0.65,18.991640625,36.43603515625,12.916666666666666,6.416666666666667,,,,,,,,,,,,,,,,,,0.0
ann,sift-128-euclidean,usearch,interleaved-memory,28,0.983139,0.1844676709997657,54210.040956242694,2026-04-04T16:17:33.387378,2026-04-04T16:17:33.571872,1,25.0,26.0,25.0,25.0,25.0,0.36,23877.38,0.09,8434.46,5093.37,5204.27,5145.28,0.13,0.08,0.08,0.08,0.6038762410397347,0.29,128.03,86.27,0.0036,0.0054,0.65,15.578623046875,29.914287109375,10.333333333333334,5.0,,,,,,,,,,,,,,,,,,0.0
ann,sift-128-euclidean,usearch,numa-balancing,1,0.983139,0.976747890000297,10238.056413919625,2026-04-04T16:43:31.184945,2026-04-04T16:43:32.161764,1,40.0,73.0,43.0,8.0,8.0,0.03,1366.96,0.01,375.64,446.32,178.53,366.47,0.01,0.01,0.0,0.01,0.400004481089801,0.23,27.18,9.62,0.007,0.0199,0.56,1.43060546875,5.869130859375,1.5,0.08333333333333333,2.5673046875,1.092138671875,1.47517578125,0.05287109375,0.965419921875,0.040888671875,0.03294921875,2.2294654846191406,0.4180107116699219,1.2579078674316406,0.2803955078125,0.2732276916503906,16.32421875,5.82421875,5.76171875,1.42578125,3.3125,0.0
ann,sift-128-euclidean,usearch,numa-balancing,2,0.983139,0.443063945999711,22570.10548993423,2026-04-04T16:43:32.602200,2026-04-04T16:43:33.045288,1,29.0,19.0,43.0,19.0,19.0,0.34,27753.86,0.1,5047.86,12562.83,5058.54,5084.63,0.08,0.19,0.08,0.08,0.4018091465060022,0.29,161.23,108.87,0.0039,0.0058,0.6,18.52787109375,39.3791796875,13.916666666666666,6.083333333333333,31.118046875,26.62580078125,4.49224609375,5.74986328125,10.654853515625,4.720263671875,5.500810546875,2.3486785888671875,0.4484672546386719,1.2883453369140625,0.3055610656738281,0.306304931640625,15.86328125,5.82421875,5.30078125,1.42578125,3.3125,0.0
ann,sift-128-euclidean,usearch,numa-balancing,9,0.983139,0.4255360600000131,23499.771088729103,2026-04-04T16:43:38.863202,2026-04-04T16:43:39.288782,1,34.0,10.0,67.0,11.0,10.0,0.41,19595.37,0.07,2009.11,13537.57,2026.65,2022.04,0.03,0.2,0.03,0.03,0.14840994358662596,0.27,112.43,77.63,0.004,0.0057,0.58,11.6180859375,24.93140625,8.416666666666666,3.75,20.754462890625,18.7169921875,2.037470703125,3.988134765625,7.55689453125,3.315546875,3.856416015625,,,,,,,,,,,0.0
ann,sift-128-euclidean,usearch,numa-balancing,10,0.983139,0.4352185359994109,22976.962543740403,2026-04-04T16:43:39.727878,2026-04-04T16:43:40.163124,1,34.0,12.0,65.0,11.0,12.0,0.42,21134.1,0.08,2460.68,13868.83,2372.38,2432.21,0.04,0.21,0.04,0.04,0.1710584093971878,0.27,120.96,84.13,0.004,0.0057,0.61,13.094228515625,27.85330078125,9.666666666666666,4.416666666666667,21.209345703125,19.14486328125,2.0644921875,4.1122265625,7.777744140625,3.354091796875,3.90080078125,,,,,,,,,,,0.0
ann,sift-128-euclidean,usearch,numa-balancing,11,0.983139,0.4325800110000273,23117.11069793137,2026-04-04T16:43:40.608915,2026-04-04T16:43:41.041520,1,36.0,9.0,75.0,8.0,7.0,0.42,18973.3,0.07,1658.77,14441.23,1503.06,1370.24,0.02,0.22,0.02,0.02,0.09488388454446055,0.27,109.26,75.97,0.004,0.0058,0.59,11.242607421875,24.364384765625,8.5,3.6666666666666665,19.331025390625,17.55283203125,1.77818359375,3.76162109375,7.116259765625,3.081279296875,3.593671875,2.3504295349121094,0.4486885070800781,1.2896156311035156,0.3056182861328125,0.3065071105957031,16.328125,5.82421875,5.765625,1.42578125,3.3125,0.0
ann,sift-128-euclidean,usearch,numa-balancing,12,0.983139,0.4564421699997183,21908.580445155127,2026-04-04T16:43:41.480974,2026-04-04T16:43:41.937450,1,36.0,8.0,75.0,8.0,8.0,0.43,18222.62,0.07,1460.54,13856.83,1413.42,1491.84,0.02,0.21,0.02,0.02,0.10200168436792542,0.27,104.4,72.37,0.004,0.0057,0.59,10.76873046875,23.356669921875,8.0,3.5833333333333335,,,,,,,,2.3505325317382812,0.448699951171875,1.2896690368652344,0.3056373596191406,0.30652618408203125,16.328125,5.82421875,5.765625,1.42578125,3.3125,0.0
ann,sift-128-euclidean,usearch,numa-balancing,18,0.983139,0.3024980959999084,33058.05931420814,2026-04-04T16:43:46.813133,2026-04-04T16:43:47.115659,1,33.0,7.0,62.0,16.0,15.0,0.41,22841.33,0.08,1573.84,14442.21,3476.1,3349.18,0.02,0.21,0.05,0.05,0.10897501144215463,0.27,133.09,91.94,0.004,0.0058,0.6,14.225810546875,29.69380859375,10.416666666666666,4.75,24.027275390625,21.7187109375,2.30857421875,4.682490234375,8.7829296875,3.817119140625,4.436162109375,,,,,,,,,,,0.0
ann,sift-128-euclidean,usearch,numa-balancing,19,0.983139,0.4510992200002874,22168.072026357368,2026-04-04T16:43:47.556679,2026-04-04T16:43:48.007844,1,32.0,9.0,60.0,16.0,16.0,0.4,22044.45,0.08,1889.51,13609.25,3215.63,3330.06,0.03,0.2,0.05,0.05,0.13884012711942245,0.27,127.17,88.07,0.004,0.0058,0.61,13.948349609375,29.486923828125,10.333333333333334,4.666666666666667,21.929267578125,19.85337890625,2.075888671875,4.289462890625,8.065146484375,3.478447265625,4.020322265625,2.350322723388672,0.4447784423828125,1.2992897033691406,0.30365753173828125,0.3025970458984375,16.17578125,5.82421875,5.61328125,1.42578125,3.3125,0.0
ann,sift-128-euclidean,usearch,numa-balancing,26,0.983139,0.4306339380000281,23221.5789736464,2026-04-04T16:43:53.870907,2026-04-04T16:43:54.301577,1,23.0,11.0,12.0,9.0,69.0,0.39,19170.34,0.07,2014.56,2172.3,1762.65,13220.82,0.03,0.03,0.03,0.2,0.13332380291086332,0.27,106.54,72.49,0.0038,0.0056,0.68,13.4077734375,28.23083984375,9.833333333333334,4.25,20.465830078125,18.220888671875,2.24494140625,3.897470703125,7.459306640625,3.163515625,3.700595703125,,,,,,,,,,,0.0
ann,sift-128-euclidean,usearch,numa-balancing,27,0.983139,0.4625573640005314,21618.940218598513,2026-04-04T16:43:54.740136,2026-04-04T16:43:55.202742,1,23.0,12.0,13.0,12.0,63.0,0.41,20961.25,0.08,2508.9,2645.27,2452.09,13354.98,0.04,0.04,0.04,0.2,0.18360866133831727,0.27,116.04,79.71,0.0038,0.0055,0.69,14.9871875,31.377470703125,11.0,5.083333333333333,20.95173828125,18.68064453125,2.27109375,3.984423828125,7.631142578125,3.2556640625,3.809423828125,2.3498992919921875,0.4448432922363281,1.3042373657226562,0.2960777282714844,0.30474090576171875,15.8671875,5.82421875,5.2890625,1.42578125,3.328125,0.0
ann,sift-128-euclidean,usearch,numa-balancing,28,0.983139,0.4314708080000855,23176.53897919791,2026-04-04T16:43:55.641400,2026-04-04T16:43:56.072904,1,20.0,2.0,1.0,31.0,66.0,0.36,19618.51,0.07,505.5,259.82,5452.75,13400.44,0.01,0.0,0.08,0.2,0.01938891558784637,0.28,108.16,72.43,0.0037,0.0055,0.71,14.82609375,31.236513671875,11.0,5.0,21.07859375,18.841787109375,2.236806640625,4.0246484375,7.69822265625,3.27724609375,3.8416796875,2.350433349609375,0.4448356628417969,1.3041610717773438,0.2961273193359375,0.3053092956542969,15.8671875,5.82421875,5.2890625,1.42578125,3.328125,0.0
ann-repl,gist-960-euclidean,annoy,patched-repl,1,0.97457,13.562754965999376,73.7313327938838,2026-03-16T18:18:36.096579,2026-03-16T18:18:49.659349,13,73.92307692307692,72.23076923076923,41.23076923076923,43.07692307692308,46.0,0.15000000000000005,23269.408461538456,0.08769230769230771,11797.600000000002,3857.6792307692303,4301.794615384615,3312.3315384615385,0.17538461538461542,0.05692307692307694,0.0653846153846154,0.04923076923076923,0.28076316695442616,0.40769230769230774,278.92384615384617,147.97461538461536,0.00609230769230769,0.012623076923076923,0.2938461538461538,15.252458683894229,48.64038461538462,17.378205128205128,5.134615384615384,67.76792142427885,52.480407151442314,15.287511268028847,42.573447265625006,3.1911027644230767,3.7728485576923085,2.943008563701923,20.07235365647536,10.206697610708384,3.2021023676945615,3.5944131704477162,3.0700648381159854,63.86808894230769,28.279146634615383,11.338040865384615,11.287860576923077,12.963040865384615,0.0
ann-repl,gist-960-euclidean,annoy,patched-repl,2,0.97457,2.7103192450003917,368.9602255692412,2026-03-16T18:18:49.690177,2026-03-16T18:18:52.403747,3,87.33333333333333,86.0,87.66666666666667,87.0,87.66666666666667,0.25,52688.02,0.19666666666666666,14216.07,12926.789999999999,13353.456666666665,12191.699999999999,0.21333333333333335,0.19000000000000003,0.19999999999999998,0.18333333333333335,0.8575998852003401,0.2833333333333333,567.7166666666667,394.31333333333333,0.007166666666666666,0.0114,0.15,23.559274088541667,67.82013020833334,24.36111111111111,8.194444444444445,206.05846028645837,184.4296712239583,21.62879557291667,56.84137044270833,41.66568359375,46.08127278645833,39.84134440104167,27.46780268351237,10.352802276611328,5.588611602783203,5.902132670084636,5.624416351318359,72.33854166666667,28.563802083333332,13.631510416666666,14.165364583333334,15.977864583333334,0.0
ann-repl,gist-960-euclidean,annoy,patched-repl,3,0.97457,1.927114832999905,518.9104369267492,2026-03-16T18:18:52.433963,2026-03-16T18:18:54.364872,2,94.5,91.5,96.0,94.5,96.0,0.355,75780.47,0.28500000000000003,17824.385000000002,19639.945,19088.425000000003,19227.715,0.265,0.29000000000000004,0.28500000000000003,0.28500000000000003,0.9075577859306634,0.055,665.4549999999999,615.2349999999999,0.008150000000000001,0.0088,0.055,17.43208984375,48.539931640625,17.333333333333332,5.791666666666667,320.79576171875,305.3024169921875,15.493349609374999,73.30887695312501,78.1618115234375,77.9018310546875,75.92989257812499,28.66691017150879,10.356103897094727,6.006692886352539,6.263532638549805,6.040580749511719,72.361328125,28.56640625,13.640625,14.169921875,15.984375,0.0
ann-repl,gist-960-euclidean,annoy,patched-repl,4,0.97457,1.8495220690001588,540.6802204531651,2026-03-16T18:18:54.394968,2026-03-16T18:18:56.247818,2,95.0,92.0,96.5,95.0,96.0,0.355,77935.355,0.29000000000000004,17402.434999999998,20057.074999999997,20283.595,20192.25,0.26,0.30000000000000004,0.30000000000000004,0.30000000000000004,0.8579561463340201,0.025,695.5550000000001,672.0,0.00865,0.0089,0.05,15.509531249999998,42.1834375,15.0,5.25,336.00021484375,322.0035107421875,13.9967041015625,73.67427246093749,82.2502734375,83.7834619140625,82.295498046875,28.842832565307617,10.357364654541016,6.064504623413086,6.322538375854492,6.098424911499023,72.37109375,28.56640625,13.64453125,14.171875,15.98828125,0.0
ann-repl,gist-960-euclidean,annoy,patched-repl,5,0.97457,1.8374131800001123,544.2434020201918,2026-03-16T18:18:56.279009,2026-03-16T18:18:58.119817,2,95.0,92.0,97.0,95.0,96.0,0.36,78103.135,0.29000000000000004,18067.36,20349.66,19614.559999999998,20071.555,0.265,0.30500000000000005,0.29500000000000004,0.30000000000000004,0.8878457920181467,0.015,703.015,684.6800000000001,0.00875,0.009,0.04,14.7453466796875,39.767744140625,14.041666666666666,4.875,334.369541015625,321.26220703125,13.1073388671875,75.61291015625,82.04615234375001,80.8346435546875,82.7685009765625,28.894115447998047,10.359439849853516,6.078680038452148,6.341060638427734,6.114934921264648,72.37890625,28.56640625,13.64453125,14.17578125,15.9921875,0.0
ann-repl,gist-960-euclidean,annoy,patched-repl,6,0.97457,1.8228785390001576,548.5829025934423,2026-03-16T18:18:58.149947,2026-03-16T18:18:59.976494,2,95.0,92.5,96.5,95.0,96.5,0.365,74844.35,0.28,17649.1,18964.735,19015.66,19214.855000000003,0.265,0.28500000000000003,0.28500000000000003,0.29000000000000004,0.9185133065016622,0.015,677.485,659.5799999999999,0.008799999999999999,0.009049999999999999,0.045,14.09677734375,37.840478515625,13.375,4.666666666666667,312.72390625,298.85416015625,13.86974609375,69.581796875,76.286357421875,76.26515625,76.720859375,28.915063858032227,10.360759735107422,6.083986282348633,6.347877502441406,6.122440338134766,72.37890625,28.56640625,13.64453125,14.17578125,15.9921875,0.0
ann-repl,gist-960-euclidean,annoy,patched-repl,7,0.97457,1.834063251999396,545.2374659978899,2026-03-16T18:19:00.006644,2026-03-16T18:19:01.843928,1,95.0,92.0,97.0,94.0,96.0,0.36,80848.1,0.3,18876.79,21377.19,20316.98,20277.15,0.28,0.32,0.3,0.3,0.8830342060860198,0.01,660.57,641.69,0.0079,0.0082,0.05,15.1438671875,40.553173828125,14.25,5.083333333333333,338.03874023437504,324.47845214843755,13.5602783203125,76.10001953125,82.67033203125,82.828154296875,82.8799365234375,28.923511505126953,10.361625671386719,6.085170745849609,6.350818634033203,6.125896453857422,72.37890625,28.56640625,13.64453125,14.17578125,15.9921875,0.0
ann-repl,gist-960-euclidean,annoy,patched-repl,8,0.97457,1.8196861129999888,549.5453269967369,2026-03-16T18:19:01.874721,2026-03-16T18:19:03.698028,2,95.0,92.0,97.0,95.0,96.0,0.36,78079.43,0.29000000000000004,17874.295,19846.62,20090.54,20267.98,0.27,0.29500000000000004,0.30000000000000004,0.30500000000000005,0.8818981960708466,0.015,689.155,669.465,0.0086,0.00885,0.04,14.354853515624999,38.615556640625,13.791666666666666,4.791666666666667,337.07635253906255,323.7229345703125,13.353427734375,75.05703125,82.3959765625,83.0551953125,83.2147265625,28.93109130859375,10.362281799316406,6.087348937988281,6.352630615234375,6.1288299560546875,72.37890625,28.56640625,13.64453125,14.17578125,15.9921875,0.0
ann-repl,gist-960-euclidean,annoy,patched-repl,9,0.97457,1.8576244400001087,538.3219441277062,2026-03-16T18:19:03.728857,2026-03-16T18:19:05.590058,2,95.0,92.5,97.0,95.0,96.0,0.36,78409.205,0.29500000000000004,18259.52,20339.33,19853.065000000002,19957.285,0.275,0.30500000000000005,0.29500000000000004,0.30000000000000004,0.8977444193097806,0.01,689.605,672.62,0.0086,0.00885,0.045,14.3559521484375,38.643408203125,13.708333333333334,4.75,337.86181640625,324.5240625,13.337739257812501,76.0606982421875,83.592822265625,81.7698974609375,83.100654296875,28.93461799621582,10.36233139038086,6.0884857177734375,6.353883743286133,6.129917144775391,72.37890625,28.56640625,13.64453125,14.17578125,15.9921875,0.0
ann-repl,gist-960-euclidean,annoy,patched-repl,10,0.97457,1.8110008080002444,552.1808690434692,2026-03-16T18:19:05.623425,2026-03-16T18:19:07.437935,2,95.0,92.5,97.0,95.0,96.0,0.365,76752.825,0.28500000000000003,17931.735,19713.199999999997,19479.295,19628.6,0.265,0.29500000000000004,0.29000000000000004,0.29500000000000004,0.9096308564819513,0.01,677.745,661.3050000000001,0.0086,0.0088,0.04,13.870122070312501,37.3904248046875,13.25,4.625,330.6011474609375,317.60980468749995,12.9913427734375,75.24901367187499,80.43163085937499,81.536611328125,80.3925341796875,28.937807083129883,10.362760543823242,6.08888053894043,6.3552703857421875,6.130895614624023,72.37890625,28.56640625,13.64453125,14.17578125,15.9921875,0.0
ann-repl,gist-960-euclidean,annoy,patched-repl,11,0.97457,1.8074841060006293,553.2552107540645,2026-03-16T18:19:07.469866,2026-03-16T18:19:09.280816,2,95.0,92.5,97.0,95.0,96.5,0.36,79190.48,0.29500000000000004,18248.21,20390.75,19879.285,20672.235,0.27,0.30000000000000004,0.30000000000000004,0.31000000000000005,0.8827400617301419,0.01,695.21,678.7149999999999,0.0086,0.00885,0.04,14.392080078125002,38.7249462890625,13.708333333333334,4.666666666666667,340.3655078125,327.154755859375,13.2107470703125,76.01734375000001,83.82861328125,83.3850439453125,83.9237548828125,28.93942642211914,10.362831115722656,6.089252471923828,6.355888366699219,6.1314544677734375,72.37890625,28.56640625,13.64453125,14.17578125,15.9921875,0.0
ann-repl,gist-960-euclidean,annoy,patched-repl,12,0.97457,1.8121036350003124,551.8448176391565,2026-03-16T18:19:09.311775,2026-03-16T18:19:11.127191,2,95.0,92.5,97.0,95.0,96.0,0.36,78166.20999999999,0.29000000000000004,18336.855,20106.67,19801.46,19921.225,0.27,0.30000000000000004,0.29500000000000004,0.29500000000000004,0.9119787115419908,0.01,693.845,677.625,0.00865,0.00885,0.04,14.300859375000002,38.501748046875,13.541666666666666,4.75,337.17732421875,324.20035156250003,12.9769677734375,77.4760400390625,80.7996142578125,83.2347998046875,82.68989746093749,28.9407958984375,10.362894058227539,6.089485168457031,6.3564910888671875,6.131925582885742,72.37890625,28.56640625,13.64453125,14.17578125,15.9921875,0.0
ann-repl,gist-960-euclidean,annoy,patched-repl,13,0.97457,1.81160578699928,551.9964703007417,2026-03-16T18:19:11.157473,2026-03-16T18:19:12.973177,2,95.0,92.5,97.0,95.0,96.5,0.36,75452.61,0.28,17631.445,18879.03,19286.075,19656.065000000002,0.265,0.28,0.28500000000000003,0.295,0.896997695113442,0.01,676.075,660.125,0.00875,0.00895,0.04,13.73361328125,36.9102392578125,13.0,4.458333333333333,317.319091796875,303.780458984375,13.538642578125,70.89716796875,77.1839453125,78.183544921875,77.5158203125,28.94230079650879,10.362924575805664,6.089790344238281,6.356903076171875,6.132682800292969,72.37890625,28.56640625,13.64453125,14.17578125,15.9921875,0.0
ann-repl,gist-960-euclidean,annoy,patched-repl,14,0.97457,1.8287931599998049,546.8086943195407,2026-03-16T18:19:13.004129,2026-03-16T18:19:14.836464,1,95.0,91.0,97.0,94.0,96.0,0.36,81874.32,0.3,19095.59,21420.9,20996.16,20361.67,0.28,0.32,0.31,0.3,0.8914466712416378,0.01,673.06,654.56,0.008,0.0082,0.05,15.470341796875,41.230751953125,14.5,5.0,339.3755810546875,325.87227050781246,13.503300781250001,75.773046875,82.571259765625,83.2493701171875,84.27858398437499,28.94314193725586,10.362968444824219,6.0898284912109375,6.357143402099609,6.133201599121094,72.37890625,28.56640625,13.64453125,14.17578125,15.9921875,0.0
ann-repl,gist-960-euclidean,annoy,patched-repl,15,0.97457,1.8160245389999543,550.6533521571677,2026-03-16T18:19:14.868185,2026-03-16T18:19:16.688579,2,95.0,92.0,97.0,95.0,96.5,0.36,78075.85,0.29500000000000004,17694.775,20028.025,19779.809999999998,20573.235,0.265,0.30000000000000004,0.29500000000000004,0.31,0.8600871472084969,0.01,682.135,664.72,0.0085,0.0087,0.04,14.795009765625,39.6069580078125,14.041666666666666,4.958333333333333,337.482265625,323.997509765625,13.4847607421875,74.46983886718749,82.512802734375,82.611455078125,84.4034228515625,28.94399642944336,10.362983703613281,6.089853286743164,6.357669830322266,6.133489608764648,72.37890625,28.56640625,13.64453125,14.17578125,15.9921875,0.0
ann-repl,gist-960-euclidean,annoy,patched-repl,16,0.97457,1.8375185739996596,544.2121860152611,2026-03-16T18:19:16.719302,2026-03-16T18:19:18.560447,2,95.0,92.5,97.0,95.0,96.5,0.355,78375.995,0.29000000000000004,18203.275,20589.559999999998,19570.04,20013.12,0.27,0.31000000000000005,0.29500000000000004,0.30000000000000004,0.8841021857679331,0.01,690.67,675.135,0.00865,0.00885,0.045,14.717919921875001,39.3789208984375,14.041666666666666,4.833333333333333,339.98494140625,326.4345068359375,13.550424804687498,75.74234375,84.80201171875001,82.14740234375,83.74275878906249,28.944211959838867,10.363006591796875,6.089893341064453,6.357709884643555,6.133602142333984,72.37890625,28.56640625,13.64453125,14.17578125,15.9921875,0.0
ann-repl,gist-960-euclidean,annoy,patched-repl,17,0.97457,1.8378057359996092,544.1271514239156,2026-03-16T18:19:18.592834,2026-03-16T18:19:20.434040,2,95.0,92.5,97.0,95.0,96.0,0.365,78015.41500000001,0.29000000000000004,18263.52,20074.155,19572.16,20105.575,0.27,0.30000000000000004,0.29000000000000004,0.29500000000000004,0.9083808844064395,0.01,679.55,663.54,0.0085,0.00875,0.045,14.79427734375,39.554052734375006,14.125,4.916666666666667,335.8655859375,322.4741357421875,13.391435546875,75.417041015625,82.63009765625,80.182685546875,84.24431640625,28.944419860839844,10.363082885742188,6.089925765991211,6.357753753662109,6.133657455444336,72.37890625,28.56640625,13.64453125,14.17578125,15.9921875,0.0
ann-repl,gist-960-euclidean,annoy,patched-repl,18,0.97457,1.8032798430003825,554.545099520523,2026-03-16T18:19:20.464395,2026-03-16T18:19:22.270758,2,95.0,92.5,96.5,94.5,96.5,0.36,77626.815,0.29000000000000004,17995.605,19873.265,19739.485,20018.46,0.265,0.29500000000000004,0.29500000000000004,0.30000000000000004,0.8989505186712664,0.01,680.015,665.25,0.0086,0.0088,0.045,14.527646484375,38.9290185546875,13.833333333333334,4.791666666666667,336.8569482421875,323.6368115234375,13.22013671875,76.4393505859375,81.0261767578125,82.812666015625,83.35863281249999,28.94464683532715,10.363170623779297,6.089939117431641,6.357770919799805,6.133766174316406,72.37890625,28.56640625,13.64453125,14.17578125,15.9921875,0.0
ann-repl,gist-960-euclidean,annoy,patched-repl,19,0.97457,1.8271874329993807,547.2892282093202,2026-03-16T18:19:22.301106,2026-03-16T18:19:24.132626,2,95.0,92.5,97.0,95.0,96.5,0.36,78542.765,0.29000000000000004,18332.345,20405.435,19479.875,20325.105,0.27,0.30500000000000005,0.29000000000000004,0.30000000000000004,0.8984050082735311,0.01,701.3050000000001,685.015,0.0087,0.00895,0.04,14.616918945312499,39.208994140625,13.916666666666666,4.875,337.1791259765625,324.138701171875,13.0404248046875,76.8435302734375,82.06278808593751,81.505068359375,83.7273193359375,28.9454345703125,10.363454818725586,6.08997917175293,6.358146667480469,6.133853912353516,72.37890625,28.56640625,13.64453125,14.17578125,15.9921875,0.0
ann-repl,gist-960-euclidean,annoy,patched-repl,20,0.97457,1.810958688000028,552.1937118865875,2026-03-16T18:19:24.166390,2026-03-16T18:19:25.981473,2,95.0,93.0,96.5,94.5,96.0,0.365,74560.59,0.275,17600.985,18969.239999999998,18957.965,19032.4,0.26,0.28,0.28,0.28500000000000003,0.9247906202055441,0.01,666.94,652.59,0.00875,0.00895,0.04,13.8102392578125,37.0541162109375,13.083333333333334,4.625,311.53564453125,298.10259765625,13.43302734375,70.50037109375,76.100498046875,75.59310546875,75.9086328125,28.945594787597656,10.363536834716797,6.090038299560547,6.358156204223633,6.13386344909668,72.37890625,28.56640625,13.64453125,14.17578125,15.9921875,0.0
ann-repl,gist-960-euclidean,annoy,patched-repl,21,0.97457,1.832150387999718,545.8067233726197,2026-03-16T18:19:26.014110,2026-03-16T18:19:27.849938,1,95.0,92.0,97.0,95.0,96.0,0.36,81986.42,0.3,19353.95,21695.4,20658.23,20278.83,0.29,0.32,0.31,0.3,0.8920762004848954,0.01,674.5,656.63,0.008,0.0082,0.05,15.034013671875,40.248359375,14.083333333333334,5.0,340.1513818359375,326.6799169921875,13.471459960937501,76.5400048828125,83.937890625,84.1616162109375,82.04041503906251,28.945728302001953,10.363544464111328,6.090099334716797,6.35821533203125,6.133869171142578,72.37890625,28.56640625,13.64453125,14.17578125,15.9921875,0.0
ann-repl,gist-960-euclidean,annoy,patched-repl,22,0.97457,1.8228876610000952,548.5801574033188,2026-03-16T18:19:27.881614,2026-03-16T18:19:29.708159,2,95.0,92.0,97.0,95.0,96.0,0.365,78341.255,0.29500000000000004,17909.989999999998,19773.515,20061.085,20596.665,0.265,0.29500000000000004,0.30000000000000004,0.30500000000000005,0.8695577657839265,0.015,685.105,664.74,0.00845,0.00875,0.04,14.46763671875,38.818017578124994,13.833333333333334,4.875,336.2612158203125,322.90267578124997,13.358525390625001,74.8472900390625,82.13462890625,82.96740234375,82.9533544921875,28.945816040039062,10.363555908203125,6.09013557434082,6.358240127563477,6.133884429931641,72.37890625,28.56640625,13.64453125,14.17578125,15.9921875,0.0
ann-repl,gist-960-euclidean,annoy,patched-repl,23,0.97457,1.8191481020003264,549.7078544074585,2026-03-16T18:19:29.739246,2026-03-16T18:19:31.562106,2,95.0,92.5,97.0,95.0,96.5,0.36,78054.63,0.29500000000000004,17979.165,20181.785000000003,19860.77,20032.905,0.265,0.30000000000000004,0.29500000000000004,0.30000000000000004,0.8908609917309097,0.01,682.91,668.01,0.0086,0.008799999999999999,0.04,14.2921484375,38.4270556640625,13.666666666666666,4.666666666666667,337.6725439453125,324.41728027343754,13.255263671875,75.0380810546875,82.77029296875,83.3738330078125,83.23506347656249,28.946189880371094,10.363569259643555,6.090476989746094,6.358243942260742,6.133899688720703,72.37890625,28.56640625,13.64453125,14.17578125,15.9921875,0.0
ann-repl,gist-960-euclidean,annoy,patched-repl,24,0.97457,1.8297909339999023,546.5105228246001,2026-03-16T18:19:31.593684,2026-03-16T18:19:33.426566,2,95.0,92.5,97.0,95.0,96.0,0.365,78310.0,0.29500000000000004,18416.97,19966.915,19832.745000000003,20093.37,0.275,0.30000000000000004,0.30000000000000004,0.30000000000000004,0.9165694953111401,0.01,685.8050000000001,670.935,0.00855,0.00875,0.04,14.337890625,38.557119140625005,13.625,4.791666666666667,338.64607421874996,325.279970703125,13.36611328125,76.91874023437501,83.4009765625,81.9225732421875,83.037666015625,28.946212768554688,10.363574981689453,6.090482711791992,6.358247756958008,6.133907318115234,72.37890625,28.56640625,13.64453125,14.17578125,15.9921875,0.0
ann-repl,gist-960-euclidean,annoy,patched-repl,25,0.97457,1.821335898000143,549.0475431237129,2026-03-16T18:19:33.457621,2026-03-16T18:19:35.282445,2,95.0,92.5,97.0,94.5,96.0,0.36,78322.76000000001,0.29000000000000004,18336.34,20518.1,19521.715,19946.605,0.275,0.30500000000000005,0.29000000000000004,0.30000000000000004,0.8936665675671724,0.01,688.2,670.365,0.0086,0.008799999999999999,0.04,14.4324462890625,38.7878271484375,13.708333333333334,4.791666666666667,336.4380322265625,323.35493652343746,13.08310546875,75.51631835937499,83.8597119140625,82.0449560546875,81.9339501953125,28.94682502746582,10.363592147827148,6.090494155883789,6.358257293701172,6.134481430053711,72.37890625,28.56640625,13.64453125,14.17578125,15.9921875,0.0
ann-repl,gist-960-euclidean,annoy,patched-repl,26,0.97457,1.8128620010002123,551.6139670026008,2026-03-16T18:19:35.313119,2026-03-16T18:19:37.130144,2,95.0,92.5,97.0,95.0,96.0,0.36,77776.275,0.29000000000000004,18169.02,20136.45,19726.145,19744.66,0.27,0.30000000000000004,0.29500000000000004,0.29500000000000004,0.9022950917366268,0.01,690.235,672.87,0.00865,0.00885,0.04,14.3135986328125,38.396220703124996,13.541666666666666,4.75,333.1287841796875,320.271943359375,12.856845703125,75.6930908203125,82.466552734375,81.989912109375,80.12238769531251,28.94717025756836,10.36363410949707,6.090780258178711,6.358264923095703,6.134490966796875,72.37890625,28.56640625,13.64453125,14.17578125,15.9921875,0.0
ann-repl,gist-960-euclidean,annoy,patched-repl,27,0.97457,1.8293688089997888,546.6366295743023,2026-03-16T18:19:37.163722,2026-03-16T18:19:38.997483,2,95.5,92.5,97.0,95.0,96.5,0.365,74314.15,0.275,17298.93,19349.64,18839.695,18825.885000000002,0.255,0.29,0.28,0.28,0.8940181832840302,0.01,666.6800000000001,651.005,0.00875,0.00895,0.04,13.43998046875,36.0889306640625,12.666666666666666,4.5,317.41064453125,303.824033203125,13.586591796875,70.616611328125,78.2766796875,77.675888671875,77.254833984375,28.947324752807617,10.36367416381836,6.090885162353516,6.358268737792969,6.134496688842773,72.37890625,28.56640625,13.64453125,14.17578125,15.9921875,0.0
ann-repl,gist-960-euclidean,annoy,patched-repl,28,0.97457,1.8308612339997128,546.191039183998,2026-03-16T18:19:39.030289,2026-03-16T18:19:40.864820,1,95.0,92.0,97.0,94.0,96.0,0.36,82515.93,0.31,19547.67,20850.83,20529.97,21587.46,0.29,0.31,0.3,0.32,0.9055104213279376,0.01,673.2,651.31,0.0079,0.0082,0.05,15.262626953125,40.839404296875,14.333333333333334,5.0,336.1583837890625,322.85302734375,13.305361328124999,75.13089843750001,83.62354492187501,82.566044921875,81.5325390625,28.947345733642578,10.36368179321289,6.090888977050781,6.358272552490234,6.134502410888672,72.37890625,28.56640625,13.64453125,14.17578125,15.9921875,0.0
ann-repl,gist-960-euclidean,annoy,patched-repl,29,0.97457,1.833668860999751,545.3547373077935,2026-03-16T18:19:40.896456,2026-03-16T18:19:42.733848,2,95.0,92.5,97.0,95.0,96.0,0.365,77844.16500000001,0.29500000000000004,18073.66,20313.525,19864.43,19592.550000000003,0.27,0.30000000000000004,0.30000000000000004,0.29500000000000004,0.8897352872039687,0.01,681.885,665.495,0.008549999999999999,0.00875,0.04,14.307153320312501,38.4971484375,13.583333333333334,4.666666666666667,336.42208496093747,323.1712158203125,13.250869140625,75.522646484375,83.9548681640625,82.96837890625,80.72532226562501,28.94751739501953,10.363819122314453,6.090898513793945,6.358283996582031,6.134515762329102,72.37890625,28.56640625,13.64453125,14.17578125,15.9921875,0.0
ann-repl,gist-960-euclidean,annoy,patched-repl,30,0.97457,1.811552041000141,552.0128471980906,2026-03-16T18:19:42.764941,2026-03-16T18:19:44.580279,2,95.0,92.5,97.0,95.0,96.5,0.365,78036.925,0.29000000000000004,18314.12,19977.489999999998,19992.36,19752.955,0.27,0.29500000000000004,0.29500000000000004,0.29500000000000004,0.9160559333665459,0.01,682.11,666.905,0.0086,0.0088,0.045,14.4895849609375,38.9551611328125,13.791666666666666,4.875,337.310546875,323.96419921874997,13.3463525390625,76.80455566406249,81.50595703125,82.38405273437499,83.26962890625,28.9476318359375,10.36383056640625,6.090908050537109,6.358371734619141,6.134521484375,72.37890625,28.56640625,13.64453125,14.17578125,15.9921875,0.0
ann-repl,gist-960-euclidean,faiss,patched-repl,1,0.97873,16.835078332000194,59.399783017296414,2026-03-16T18:15:32.874054,2026-03-16T18:15:49.714035,16,67.4375,74.5625,52.625,59.0,76.6875,0.20750000000000002,7327.070624999999,0.027500000000000004,1371.8193749999998,1745.463125,1958.6975,2251.09125,0.021249999999999998,0.02625,0.02875,0.031875,0.6094019400590713,0.30625,40.70375,24.23375,0.0033437499999999995,0.006087500000000001,0.309375,13.057459716796876,44.712386474609374,15.901041666666666,4.338541666666667,67.47865521599266,63.88776079963236,3.5908944163602943,5.2596426930147056,17.864936810661764,19.365563534007354,21.39761833639706,20.944926766788257,6.599963244269876,4.661856707404642,4.868604099049287,4.815092198988971,55.255514705882355,20.379825367647058,10.613740808823529,11.047794117647058,13.216681985294118,0.0
ann-repl,gist-960-euclidean,faiss,patched-repl,2,0.97873,5.309181896999689,188.3529363657925,2026-03-16T18:15:49.745747,2026-03-16T18:15:55.066537,6,86.83333333333333,98.16666666666667,86.33333333333333,71.83333333333333,80.0,0.16166666666666668,13716.65,0.05166666666666667,2389.691666666666,4441.6,3280.0266666666666,3605.3316666666674,0.03333333333333333,0.065,0.05000000000000001,0.05166666666666667,0.5380249609750238,0.08166666666666667,56.13333333333333,51.47,0.0035499999999999998,0.0038999999999999994,0.125,22.91770670572917,73.79253092447918,26.569444444444446,8.180555555555555,194.23440266927082,194.00042317708332,0.23397786458333333,10.374851888020833,71.1634619140625,56.14573404947917,56.31638834635416,24.401247406005858,6.801271057128906,5.907695770263672,5.983488464355469,5.708792114257813,62.97578125,20.93671875,13.390625,13.5765625,15.071875,0.0
ann-repl,gist-960-euclidean,faiss,patched-repl,3,0.97873,5.975285621999319,167.35601664266585,2026-03-16T18:15:55.104664,2026-03-16T18:16:01.087123,6,82.66666666666667,98.5,76.16666666666667,72.66666666666667,85.5,0.17,12825.068333333335,0.04833333333333334,2482.4600000000005,3756.5599999999995,3146.853333333334,3439.1966666666667,0.036666666666666674,0.05666666666666667,0.04666666666666667,0.05166666666666667,0.6608333155866007,0.07666666666666666,49.701666666666675,45.81166666666666,0.003433333333333333,0.003766666666666667,0.16833333333333333,24.5014794921875,78.10946451822917,28.208333333333332,8.819444444444445,185.6418798828125,185.44774739583332,0.1941357421875,11.128587239583334,63.650945638020836,54.611230468749994,56.05699055989583,24.40289815266927,6.801258722941081,5.907674789428711,5.98512077331543,5.70884386698405,62.875,20.8125,13.404296875,13.5078125,15.150390625,0.0
ann-repl,gist-960-euclidean,faiss,patched-repl,4,0.97873,4.819418993999534,207.49389111946067,2026-03-16T18:16:01.118276,2026-03-16T18:16:05.945358,5,87.4,98.6,76.0,83.0,89.6,0.17,15523.697999999999,0.057999999999999996,2689.534,4117.908,4300.878,4415.379999999999,0.038000000000000006,0.06,0.064,0.066,0.6091285461274003,0.06999999999999999,61.656000000000006,56.938,0.0036000000000000003,0.0039,0.122,25.042076171875,80.404369140625,29.0,8.983333333333334,222.92816015625,222.645556640625,0.2826015625,11.4792265625,68.95203710937501,70.35104296875,71.863244140625,24.406539916992188,6.801226043701172,5.907656860351563,5.988873291015625,5.708783721923828,62.9296875,20.89453125,13.36328125,13.5359375,15.1359375,0.0
ann-repl,gist-960-euclidean,faiss,patched-repl,5,0.97873,5.21666499299954,191.693352235948,2026-03-16T18:16:05.976476,2026-03-16T18:16:11.202144,5,87.8,98.8,84.0,86.0,86.8,0.18200000000000002,15214.867999999999,0.05600000000000001,2702.45,4305.630000000001,4514.832,3691.9559999999997,0.038000000000000006,0.06599999999999999,0.066,0.054000000000000006,0.5985715526070515,0.074,57.052,52.513999999999996,0.0034000000000000002,0.0037400000000000003,0.118,25.171468750000003,80.40081054687501,29.049999999999997,9.049999999999999,220.526505859375,220.25160351562505,0.274900390625,11.442695312500001,72.54190234375001,74.545359375,61.721652343749994,24.410258483886718,6.801236724853515,5.907622528076172,5.992562103271484,5.708849334716797,62.91875,20.87421875,13.3,13.5265625,15.1984375,0.0
ann-repl,gist-960-euclidean,faiss,patched-repl,6,0.97873,5.601812780999353,178.51364176108754,2026-03-16T18:16:11.233525,2026-03-16T18:16:16.850888,6,80.83333333333333,98.66666666666667,71.83333333333333,77.5,78.5,0.15666666666666668,13188.938333333332,0.04833333333333334,2502.633333333333,3589.4316666666673,3621.6366666666668,3475.2400000000002,0.036666666666666674,0.053333333333333344,0.055000000000000014,0.05166666666666667,0.6910227512238941,0.075,53.544999999999995,49.555,0.0035333333333333328,0.0038499999999999997,0.18333333333333335,24.479864908854168,78.78062011718751,28.430555555555554,8.791666666666666,217.82316796875003,217.58795507812502,0.2352109375,10.75793359375,71.5188671875,70.605078125,64.7060703125,24.41029167175293,6.80124028523763,5.907671610514323,5.992608388264974,5.708771387736003,62.970703125,20.865885416666668,13.407552083333334,13.561848958333334,15.135416666666666,0.0
ann-repl,gist-960-euclidean,faiss,patched-repl,7,0.97873,5.921074107000095,168.88827633786343,2026-03-16T18:16:16.886843,2026-03-16T18:16:22.817788,6,78.0,98.33333333333333,69.33333333333333,72.33333333333333,73.0,0.1466666666666667,12870.61,0.04666666666666667,2512.9150000000004,3585.893333333333,3420.8233333333337,3350.98,0.035,0.049999999999999996,0.05166666666666667,0.05000000000000001,0.7007779558417802,0.07833333333333332,53.99666666666666,49.995000000000005,0.003616666666666667,0.003933333333333333,0.21333333333333335,24.73878743489583,79.1440869140625,28.611111111111114,8.902777777777777,187.7957893880208,187.5887630208333,0.20702311197916667,11.413707682291667,61.38044596354167,60.38193196614583,54.41267252604167,24.410486221313477,6.801217397054036,5.9077714284261065,5.992626825968425,5.708870569864909,62.955729166666664,20.86328125,13.364583333333334,13.545572916666666,15.182291666666666,0.0
ann-repl,gist-960-euclidean,faiss,patched-repl,8,0.97873,6.686798137000551,149.5484056063584,2026-03-16T18:16:22.850578,2026-03-16T18:16:29.545490,6,80.5,98.5,72.83333333333333,74.33333333333333,79.66666666666667,0.15666666666666668,12576.748333333331,0.04666666666666667,2588.5800000000004,3455.4616666666675,3441.75,3090.9533333333334,0.03833333333333334,0.051666666666666666,0.05166666666666667,0.045000000000000005,0.7491271065081992,0.07166666666666667,49.06833333333333,45.10333333333333,0.0034666666666666665,0.0037833333333333334,0.18666666666666668,25.9477587890625,82.41069661458333,29.736111111111114,9.347222222222223,161.32825195312498,161.15228934151787,0.17596540178571432,10.976877790178571,53.12396484375,52.13690569196427,44.914541015625,24.410320281982422,6.801280975341797,5.907599767049153,5.9925537109375,5.708885828653972,62.947916666666664,20.890625,13.298177083333334,13.565104166666666,15.194010416666666,0.0
ann-repl,gist-960-euclidean,faiss,patched-repl,9,0.97873,5.355077392000567,186.738664411051,2026-03-16T18:16:29.577826,2026-03-16T18:16:34.941480,6,81.33333333333333,98.66666666666667,64.33333333333333,80.5,74.83333333333333,0.135,13116.935,0.05000000000000001,2672.391666666667,2971.9266666666667,4116.506666666667,3356.11,0.03833333333333334,0.043333333333333335,0.061666666666666675,0.05166666666666667,0.6491891992563273,0.07333333333333333,57.278333333333336,53.125,0.0038166666666666666,0.00415,0.18166666666666664,25.589165039062497,81.4295458984375,29.444444444444446,9.236111111111112,207.829041015625,207.58038867187503,0.24865234374999998,11.127453124999999,62.253873046875,70.7783203125,63.420740234375,24.410494232177733,6.801139068603516,5.907688903808594,5.99276123046875,5.708905029296875,62.92890625,20.8203125,13.3421875,13.61640625,15.15,0.0
ann-repl,gist-960-euclidean,faiss,patched-repl,10,0.97873,6.446649034000075,155.11934878507122,2026-03-16T18:16:34.972827,2026-03-16T18:16:41.427471,6,81.83333333333333,98.5,75.66666666666667,76.0,82.83333333333333,0.16,12610.804999999998,0.045000000000000005,2438.905,3426.02,3134.5850000000005,3611.2933333333335,0.035,0.05166666666666667,0.04833333333333334,0.05333333333333334,0.6753549974708969,0.07333333333333333,49.544999999999995,45.69,0.003533333333333333,0.0038333333333333327,0.17500000000000002,24.552052408854166,78.70730305989584,28.38888888888889,8.847222222222221,183.50467447916665,183.31073404947915,0.19394205729166666,11.375087890624998,59.774952799479166,54.5834716796875,57.577226562499995,24.410311381022137,6.801276524861653,5.907603581746419,5.99261474609375,5.7088165283203125,62.886067708333336,20.856119791666668,13.303385416666666,13.548177083333334,15.178385416666666,0.0
ann-repl,gist-960-euclidean,faiss,patched-repl,11,0.97873,5.410177472999749,184.83682004715013,2026-03-16T18:16:41.459532,2026-03-16T18:16:46.877841,6,84.5,98.83333333333333,75.66666666666667,79.16666666666667,81.33333333333333,0.18166666666666667,13073.606666666667,0.04833333333333334,2400.23,3732.5833333333335,3279.228333333333,3661.5633333333335,0.036666666666666674,0.055,0.04833333333333334,0.05333333333333334,0.6430479337366881,0.075,49.23,45.39666666666667,0.0033666666666666667,0.003683333333333333,0.14833333333333332,23.838728841145837,75.86204264322917,27.319444444444446,8.597222222222221,207.393421875,207.17350195312503,0.21991796875,10.965779296875,73.172275390625,55.007345703125,68.02809375000001,24.41017468770345,6.801214218139648,5.907584508260091,5.992586771647136,5.708790461222331,62.926432291666664,20.839192708333332,13.37109375,13.560546875,15.155598958333334,0.0
ann-repl,gist-960-euclidean,faiss,patched-repl,12,0.97873,5.928107216999706,168.68790718432945,2026-03-16T18:16:46.909327,2026-03-16T18:16:52.846952,6,81.66666666666667,98.66666666666667,64.5,78.66666666666667,74.16666666666667,0.18166666666666667,12812.878333333332,0.04833333333333333,2353.0316666666668,3782.866666666667,3429.3433333333337,3247.6349999999998,0.035,0.05666666666666667,0.05166666666666667,0.04666666666666666,0.6220234213911848,0.075,48.18,44.45666666666667,0.003283333333333333,0.003616666666666667,0.18000000000000002,23.818741861979166,75.750029296875,27.25,8.583333333333334,194.07520833333334,193.88867350260418,0.18653483072916666,10.639161783854165,63.51142903645833,67.52354166666667,52.21453938802083,24.410232543945312,6.801313400268555,5.9075361887613935,5.992544174194336,5.708838780721028,62.918619791666664,20.868489583333332,13.328776041666666,13.584635416666666,15.13671875,0.0
ann-repl,gist-960-euclidean,faiss,patched-repl,13,0.97873,5.669965095999942,176.36792873830598,2026-03-16T18:16:52.878016,2026-03-16T18:16:58.556146,5,86.6,98.4,75.8,71.2,90.4,0.138,15069.714000000002,0.05600000000000001,2673.324,4252.532,3725.292,4418.566000000001,0.038000000000000006,0.064,0.054000000000000006,0.066,0.6050207239181218,0.062,66.20599999999999,61.525999999999996,0.00398,0.00428,0.12799999999999997,25.48221484375,81.482693359375,29.450000000000003,9.200000000000001,189.509892578125,189.29829915364584,0.21159505208333332,11.909140625000001,61.53441080729167,55.174388020833334,60.68036295572917,24.410276031494142,6.801157379150391,5.907681274414062,5.992603302001953,5.708834075927735,62.88203125,20.8453125,13.39140625,13.528125,15.1171875,0.0
ann-repl,gist-960-euclidean,faiss,patched-repl,14,0.97873,5.165517978000025,193.5914276668877,2026-03-16T18:16:58.587591,2026-03-16T18:17:03.762499,5,82.8,99.0,79.6,77.0,84.2,0.196,14510.212,0.054000000000000006,2508.3559999999998,4409.63,3526.2160000000003,4066.0099999999998,0.038000000000000006,0.064,0.052000000000000005,0.062,0.568835934080637,0.082,52.339999999999996,48.266000000000005,0.0032600000000000003,0.00358,0.16799999999999998,25.051298828125,80.15234375,28.96666666666667,8.983333333333334,214.763783203125,214.556318359375,0.207466796875,11.267624999999999,75.08038476562498,62.952347656250005,65.25596484375001,24.41026242574056,6.801239013671875,5.907649993896484,5.992572784423828,5.708800633748372,62.940755208333336,20.822916666666668,13.399088541666666,13.571614583333334,15.147135416666666,0.0
ann-repl,gist-960-euclidean,faiss,patched-repl,15,0.97873,5.381316359000266,185.82813818918063,2026-03-16T18:17:03.793630,2026-03-16T18:17:09.186316,6,86.16666666666667,99.0,80.83333333333333,81.66666666666667,84.83333333333333,0.18000000000000002,13677.656666666668,0.04833333333333333,2493.128333333333,3423.773333333333,4016.031666666667,3744.7216666666664,0.036666666666666674,0.049999999999999996,0.060000000000000005,0.05666666666666667,0.620793992743251,0.06999999999999999,51.345,47.525,0.00335,0.003616666666666666,0.13333333333333333,24.32321940104167,78.00033040364583,28.138888888888886,8.75,194.47458984374998,194.27306640625002,0.20152506510416668,11.513313802083333,59.19157552083333,64.68185546875002,58.886311848958336,24.410280609130858,6.80125732421875,5.907634735107422,5.9925537109375,5.708834838867188,62.8734375,20.8234375,13.31953125,13.55078125,15.1796875,0.0
ann-repl,gist-960-euclidean,faiss,patched-repl,16,0.97873,4.959016931000406,201.65287070279575,2026-03-16T18:17:09.225479,2026-03-16T18:17:14.191388,5,86.2,98.6,76.0,84.0,89.0,0.14600000000000002,15166.032000000001,0.05600000000000001,2666.058,3800.424,4326.280000000001,4373.2699999999995,0.038000000000000006,0.05600000000000001,0.06599999999999999,0.066,0.6096257491533795,0.06799999999999999,64.98600000000002,60.355999999999995,0.00386,0.00418,0.136,25.40576953125,81.63029101562499,29.516666666666666,9.149999999999999,221.025025390625,220.78056445312504,0.24446093750000003,11.792835937499998,65.517115234375,70.7306796875,72.739939453125,24.409884643554687,6.801181030273438,5.9075263977050785,5.992422485351563,5.708760070800781,62.9359375,20.88984375,13.334375,13.53984375,15.171875,0.0
ann-repl,gist-960-euclidean,faiss,patched-repl,17,0.97873,6.357964660999642,157.28303841229172,2026-03-16T18:17:14.222612,2026-03-16T18:17:20.588458,6,81.66666666666667,98.5,73.83333333333333,75.0,83.0,0.17666666666666667,12736.446666666665,0.04666666666666667,2360.72,3503.8783333333326,3413.2549999999997,3458.595,0.035,0.051666666666666666,0.051666666666666666,0.05000000000000001,0.6737448551057947,0.075,48.436666666666675,44.74333333333334,0.0033833333333333332,0.0036833333333333336,0.17500000000000002,23.375524088541667,74.61562011718749,26.875000000000004,8.38888888888889,183.10085774739582,182.91118652343752,0.18966796875,11.377475585937502,59.850354817708336,57.85653483072917,53.82681315104168,24.41022237141927,6.801307678222656,5.907555898030599,5.992543538411458,5.708815256754558,62.921875,20.873046875,13.287109375,13.541015625,15.220703125,0.0
ann-repl,gist-960-euclidean,faiss,patched-repl,18,0.97873,5.687787907999336,175.81527584627312,2026-03-16T18:17:20.620032,2026-03-16T18:17:26.316514,6,83.0,98.66666666666667,73.83333333333333,72.16666666666667,83.33333333333333,0.17666666666666664,12995.606666666665,0.04833333333333334,2233.9466666666667,3451.5950000000007,3767.101666666667,3542.9583333333335,0.03333333333333333,0.049999999999999996,0.055,0.05333333333333334,0.5930147005146751,0.07833333333333334,50.01,46.14000000000001,0.003416666666666667,0.0037500000000000003,0.16166666666666665,23.100748697916668,73.61541992187499,26.527777777777775,8.291666666666666,187.8627880859375,187.66719563802084,0.19559244791666663,10.181222330729168,58.91784342447917,61.63837565104166,56.92975423177083,24.41026560465495,6.801362991333008,5.907522837320964,5.992575963338216,5.708804448445638,62.961588541666664,20.896484375,13.350260416666666,13.604817708333334,15.110026041666666,0.0
ann-repl,gist-960-euclidean,faiss,patched-repl,19,0.97873,5.399075182999695,185.21690587838893,2026-03-16T18:17:26.349023,2026-03-16T18:17:31.754059,5,88.0,98.6,85.8,87.4,85.8,0.196,14213.475999999999,0.054000000000000006,2127.284,4498.146,4489.508,3098.5379999999996,0.030000000000000006,0.066,0.068,0.046,0.4729246227223394,0.074,52.948,48.77,0.0034000000000000002,0.0036999999999999997,0.11000000000000001,21.919929687499998,70.880541015625,25.433333333333334,7.8500000000000005,209.868791015625,209.65296484375003,0.21583203125,9.76631640625,73.47404296875001,72.9029765625,53.50962695312501,24.410546620686848,6.801411310831706,5.9076582590738935,5.992637634277344,5.708839416503906,62.885416666666664,20.874348958333332,13.304036458333334,13.55859375,15.1484375,0.0
ann-repl,gist-960-euclidean,faiss,patched-repl,20,0.97873,5.647799251999459,177.06011764599737,2026-03-16T18:17:31.783655,2026-03-16T18:17:37.438001,6,87.5,98.83333333333333,77.83333333333333,84.0,90.83333333333333,0.20333333333333328,13834.446666666665,0.053333333333333344,2257.9883333333332,3457.266666666667,3829.2216666666664,4289.968333333333,0.03166666666666667,0.05166666666666667,0.05833333333333334,0.061666666666666675,0.5263414920312155,0.065,50.52333333333334,46.84166666666667,0.0032499999999999994,0.003533333333333333,0.11833333333333333,22.018870442708334,71.1624169921875,25.652777777777782,7.916666666666667,197.02011393229168,196.83969238281247,0.18042643229166666,10.125045572916667,58.728173828124994,62.71723307291668,65.26923828125,24.410283660888673,6.801167297363281,5.907653045654297,5.992588806152344,5.70887451171875,62.934375,20.8109375,13.31640625,13.5453125,15.26171875,0.0
ann-repl,gist-960-euclidean,faiss,patched-repl,21,0.97873,6.137823510999624,162.92420239974237,2026-03-16T18:17:37.468883,2026-03-16T18:17:43.613309,6,84.66666666666667,98.83333333333333,67.83333333333333,76.66666666666667,87.0,0.16833333333333336,12623.786666666667,0.04666666666666667,2409.46,3007.5099999999998,3623.2416666666663,3583.581666666667,0.036666666666666674,0.045000000000000005,0.05333333333333334,0.05333333333333334,0.6650011844825882,0.07666666666666667,49.928333333333335,46.126666666666665,0.0036000000000000003,0.003916666666666666,0.14666666666666667,23.612662760416665,75.0545703125,27.027777777777775,8.486111111111112,183.87204101562497,183.68481933593748,0.18722005208333334,11.159534505208333,53.77630208333333,61.15629557291666,57.5926904296875,24.410090764363606,6.8012746175130205,5.907542546590169,5.992577870686849,5.708695729573567,62.889973958333336,20.836588541666668,13.328125,13.578776041666666,15.146484375,0.0
ann-repl,gist-960-euclidean,faiss,patched-repl,22,0.97873,5.617761223000343,178.0068536743394,2026-03-16T18:17:43.644624,2026-03-16T18:17:49.271970,6,76.16666666666667,98.83333333333333,68.33333333333333,67.66666666666667,75.16666666666667,0.14833333333333334,13081.033333333335,0.04666666666666667,2738.4483333333333,3178.943333333333,3652.778333333334,3510.8633333333332,0.04000000000000001,0.04833333333333334,0.055,0.05333333333333334,0.7496891635453742,0.08333333333333333,53.385,49.4,0.0035166666666666666,0.0038666666666666663,0.2283333333333333,25.692122395833337,81.1581494140625,29.319444444444443,9.277777777777779,188.34526692708332,188.14568684895832,0.1995849609375,12.244762369791667,56.81916178385416,61.83660481770832,57.24515462239583,24.410083770751953,6.801141103108724,5.907639185587565,5.992539723714192,5.708763758341472,62.951171875,20.9140625,13.339192708333334,13.587239583333334,15.110677083333334,0.0
ann-repl,gist-960-euclidean,faiss,patched-repl,23,0.97873,6.4821707490000335,154.269308650079,2026-03-16T18:17:49.303204,2026-03-16T18:17:55.792015,6,83.66666666666667,98.5,68.33333333333333,75.5,87.0,0.15666666666666668,12503.886666666667,0.04666666666666667,2360.825,3034.8333333333335,3626.8116666666665,3481.418333333333,0.035,0.045000000000000005,0.053333333333333344,0.05166666666666667,0.6509367502310339,0.07333333333333333,50.99000000000001,47.085,0.0036833333333333336,0.004016666666666666,0.15833333333333335,23.180501302083332,73.89785481770834,26.611111111111114,8.319444444444445,181.64427897135417,181.44260416666665,0.201669921875,11.435240885416667,53.024560546875,60.759046223958336,56.22375325520833,24.41019058227539,6.801305498395648,5.907593863351004,5.992541176932199,5.70875004359654,62.92578125,20.908482142857142,13.345424107142858,13.533482142857142,15.138392857142858,0.0
ann-repl,gist-960-euclidean,faiss,patched-repl,24,0.97873,4.937079885999992,202.54887972051776,2026-03-16T18:17:55.821654,2026-03-16T18:18:00.770582,5,81.4,98.8,75.4,77.2,81.2,0.17600000000000002,14225.354000000001,0.052000000000000005,2453.2079999999996,4132.668,4287.064,3352.4119999999994,0.036000000000000004,0.06200000000000001,0.062,0.054000000000000006,0.5722349841289982,0.08,55.20399999999999,51.006,0.0033999999999999994,0.0037000000000000006,0.176,24.205583984375004,77.52233203124999,28.000000000000004,8.683333333333332,209.71524023437502,209.49694531250003,0.218296875,10.841052734375001,69.411521484375,71.476458984375,57.767914062500004,24.410376739501952,6.801307678222656,5.907566070556641,5.992619323730469,5.708883666992188,62.91640625,20.9015625,13.32578125,13.53515625,15.15390625,0.0
ann-repl,gist-960-euclidean,faiss,patched-repl,25,0.97873,5.479175393999867,182.5092149988627,2026-03-16T18:18:00.809580,2026-03-16T18:18:06.298728,6,86.66666666666667,98.66666666666667,79.0,82.0,86.33333333333333,0.17833333333333334,13947.286666666667,0.049999999999999996,2481.525,3714.716666666666,3745.7816666666663,4005.26,0.036666666666666674,0.055,0.05666666666666667,0.060000000000000005,0.6195665200261656,0.06666666666666667,52.91666666666666,49.050000000000004,0.0034500000000000004,0.0037166666666666667,0.12666666666666668,24.34192708333333,78.12438802083334,28.194444444444443,8.75,199.72590332031248,199.53060546875,0.19530110677083334,11.370706380208333,62.41523600260417,64.07277669270833,61.67188151041666,24.410128021240233,6.801290130615234,5.907597351074219,5.992433166503906,5.708807373046875,62.96953125,20.85859375,13.40078125,13.55234375,15.1578125,0.0
ann-repl,gist-960-euclidean,faiss,patched-repl,26,0.97873,5.801099958999657,172.38110135451626,2026-03-16T18:18:06.330216,2026-03-16T18:18:12.141612,6,83.66666666666667,98.66666666666667,72.0,80.83333333333333,82.66666666666667,0.17833333333333334,13015.045,0.04833333333333334,2486.6283333333336,3539.485,3340.7583333333337,3648.171666666667,0.035,0.053333333333333344,0.05000000000000001,0.05333333333333334,0.6816094637359444,0.07166666666666667,49.848333333333336,46.048333333333325,0.0034,0.0037166666666666663,0.16166666666666665,24.274088541666668,77.56034016927083,27.916666666666668,8.708333333333334,186.46804524739585,186.279697265625,0.18835286458333333,11.543404947916665,59.75003743489584,57.12197102864584,57.864283854166665,24.41027069091797,6.801237106323242,5.907594680786133,5.992636998494466,5.708801905314128,62.908203125,20.827473958333332,13.337239583333334,13.573567708333334,15.169921875,0.0
ann-repl,gist-960-euclidean,faiss,patched-repl,27,0.97873,5.698070966999694,175.49798972169484,2026-03-16T18:18:12.172813,2026-03-16T18:18:17.880834,5,88.2,99.0,87.2,78.4,91.4,0.21799999999999997,14809.494,0.057999999999999996,2249.2160000000003,4538.576,3486.906,4534.798,0.032,0.068,0.052000000000000005,0.066,0.49557746746997305,0.066,53.666,49.738,0.0033,0.00358,0.11400000000000002,22.683076171875,72.830435546875,26.183333333333334,8.116666666666667,216.12903515624998,215.92606640625,0.202974609375,11.398892578125,74.13051171875,59.76849023437501,70.628177734375,24.41006851196289,6.801220575968425,5.907586415608724,5.992465972900391,5.708795547485352,62.935546875,20.83984375,13.388020833333334,13.540364583333334,15.167317708333334,0.0
ann-repl,gist-960-euclidean,faiss,patched-repl,28,0.97873,5.358519295000406,186.61871777396004,2026-03-16T18:18:17.912533,2026-03-16T18:18:23.279820,5,89.4,98.6,83.2,85.4,91.2,0.176,15236.628,0.054000000000000006,2240.4120000000003,3954.036,4024.3660000000004,5017.816,0.033999999999999996,0.05800000000000001,0.05800000000000001,0.076,0.44649146162394165,0.066,60.4,56.032,0.00366,0.00394,0.10400000000000001,22.270744140625,71.946490234375,25.916666666666668,7.983333333333334,190.75996907552084,190.5528304036458,0.20714192708333332,10.594012044270833,57.63352213541666,56.73750162760417,65.58779134114583,24.410191345214844,6.801347351074218,5.907527160644531,5.99256591796875,5.708750915527344,62.91953125,20.86015625,13.29375,13.5296875,15.2359375,0.0
ann-repl,gist-960-euclidean,faiss,patched-repl,29,0.97873,5.435785822999605,183.9660414449837,2026-03-16T18:18:23.310927,2026-03-16T18:18:28.756797,5,88.8,98.6,83.8,88.0,88.8,0.194,14510.394,0.054000000000000006,2241.536,3763.864,4694.639999999999,3810.358,0.034,0.057999999999999996,0.07200000000000001,0.05600000000000001,0.4774670688274288,0.07200000000000001,54.977999999999994,50.757999999999996,0.0034799999999999996,0.0037600000000000003,0.10400000000000001,22.277742187500003,71.82076953125001,25.86666666666667,7.966666666666666,213.230318359375,213.01320703125003,0.217109375,10.983529296875,63.911980468749995,75.501625,62.61607421875,24.41030349731445,6.801261138916016,5.907568359375,5.992620849609375,5.708853912353516,63.0140625,20.8015625,13.38828125,13.64296875,15.18125,0.0
ann-repl,gist-960-euclidean,faiss,patched-repl,30,0.97873,5.309516440999687,188.34106855345152,2026-03-16T18:18:28.790379,2026-03-16T18:18:34.108563,6,86.66666666666667,98.66666666666667,78.66666666666667,72.83333333333333,90.16666666666667,0.17333333333333334,13542.691666666666,0.05000000000000001,2317.246666666667,3880.0399999999995,3522.593333333333,3822.808333333333,0.03333333333333334,0.05833333333333333,0.051666666666666666,0.05666666666666667,0.5972223654051678,0.06833333333333333,53.60666666666666,49.663333333333334,0.0034999999999999996,0.0038,0.12666666666666668,22.047957356770834,70.53345540364583,25.347222222222218,7.888888888888888,193.35707845052082,193.15302083333333,0.20405924479166668,10.6244482421875,65.8311328125,58.335245768229164,58.3621923828125,24.410585784912108,6.801245880126953,5.90771255493164,5.992628479003907,5.709001159667968,62.98203125,20.84375,13.37734375,13.5484375,15.2125,0.0
ann-repl,gist-960-euclidean,usearch,patched-repl,1,0.97744,3.685430860999986,271.33869490870467,2026-03-16T18:19:47.599078,2026-03-16T18:19:51.284533,4,55.25,45.5,48.5,51.5,47.5,0.16,27033.574999999997,0.10250000000000001,5181.724999999999,7263.432499999999,7234.545,7353.875,0.07750000000000001,0.10750000000000001,0.10750000000000001,0.10750000000000001,0.7046251126106984,0.5625,391.41,139.755,0.0050999999999999995,0.0143,0.48749999999999993,25.8061083984375,71.77478515625,25.875,8.958333333333334,56.23053710937499,31.573979492187497,24.65656005859375,7.7827563476562505,7.5550512695312495,7.82692138671875,8.409248046875,15.247383117675781,7.581816673278809,2.446455955505371,2.7166976928710938,2.5037078857421875,47.236328125,22.736328125,7.1845703125,7.783203125,9.5322265625,0.0
ann-repl,gist-960-euclidean,usearch,patched-repl,3,0.97744,0.374515462999625,2670.116720924287,2026-03-16T18:19:51.779229,2026-03-16T18:19:52.153771,1,92.0,82.0,96.0,92.0,96.0,0.6,109531.95,0.41,22113.65,29166.74,28840.61,29410.96,0.33,0.43,0.43,0.44,0.751884671564614,0.27,253.12,178.17,0.0016,0.0023,0.08,13.62203125,39.254765625,13.75,4.416666666666667,180.65591796875,171.31353515625,9.3423828125,39.51919921875,43.53474609375,44.861279296875,43.3983203125,18.001113891601562,7.610446929931641,3.356578826904297,3.6220016479492188,3.4120864868164062,50.50390625,23.10546875,8.1484375,8.76953125,10.48046875,0.0
ann-repl,gist-960-euclidean,usearch,patched-repl,5,0.97744,0.3780509900007018,2645.145830720199,2026-03-16T18:19:52.626036,2026-03-16T18:19:53.004116,1,93.0,87.0,96.0,91.0,97.0,0.65,124161.61,0.46,31840.69,31073.06,30750.97,30496.89,0.47,0.46,0.46,0.45,0.9577961407243374,0.22,245.32,189.91,0.0015,0.002,0.07,13.259755859375,34.945751953125,12.333333333333334,4.416666666666667,,,,,,,,,,,,,,,,,,0.0
ann-repl,gist-960-euclidean,usearch,patched-repl,8,0.97744,0.3675256370006536,2720.898624000539,2026-03-16T18:19:53.883623,2026-03-16T18:19:54.251183,1,93.0,87.0,96.0,92.0,97.0,0.65,124495.94,0.46,30600.39,32122.85,30772.45,31000.24,0.45,0.48,0.46,0.46,0.9526050770713059,0.21,244.38,190.48,0.0015,0.002,0.07,12.884814453125,34.290673828125,12.0,4.166666666666667,207.268154296875,199.13384765625,8.13431640625,50.842373046875,49.40365234375,50.447890625,48.439951171875,18.014759063720703,7.610450744628906,3.3631973266601562,3.6253395080566406,3.415771484375,50.50390625,22.62109375,8.6328125,8.76953125,10.48046875,0.0
ann-repl,gist-960-euclidean,usearch,patched-repl,10,0.97744,0.3667627949998859,2726.5579105435463,2026-03-16T18:19:54.717493,2026-03-16T18:19:55.084290,1,93.0,86.0,96.0,91.0,97.0,0.65,132179.18,0.49,32442.42,33794.46,32742.47,33199.82,0.49,0.51,0.49,0.5,0.9599922590862525,0.2,258.72,202.76,0.0015,0.002,0.07,14.157109375,37.228876953125,13.25,4.583333333333333,196.07345703125,188.60203125,7.471416015625,48.553349609375,46.418642578125,47.559638671875,46.070400390625,18.015567779541016,7.6103515625,3.363605499267578,3.6257362365722656,3.415874481201172,50.50390625,22.62109375,8.6328125,8.76953125,10.48046875,0.0
ann-repl,gist-960-euclidean,usearch,patched-repl,13,0.97744,0.3685149210004965,2713.5943296001647,2026-03-16T18:19:55.975184,2026-03-16T18:19:56.343733,1,93.0,87.0,96.0,92.0,97.0,0.66,115866.47,0.43,28856.34,29655.91,28605.23,28748.99,0.43,0.44,0.42,0.43,0.9645709742172808,0.21,225.92,175.66,0.0015,0.0019,0.07,12.170048828125,32.081787109375,11.166666666666666,3.9166666666666665,189.286708984375,181.88169921875,7.405009765625,46.479306640625,45.015966796875,46.103544921875,44.282880859375,18.015365600585938,7.6104278564453125,3.3631935119628906,3.625804901123047,3.4159393310546875,50.50390625,22.62109375,8.6328125,8.76953125,10.48046875,0.0
ann-repl,gist-960-euclidean,usearch,patched-repl,15,0.97744,0.3600102760001391,2777.6984899164754,2026-03-16T18:19:56.811079,2026-03-16T18:19:57.171124,1,93.0,86.0,96.0,92.0,97.0,0.65,133136.81,0.49,32586.65,33092.1,33990.57,33467.48,0.48,0.49,0.51,0.5,0.9586967797244942,0.2,261.71,205.18,0.0015,0.002,0.07,13.913720703125,36.659072265625,12.916666666666666,4.583333333333333,206.272275390625,198.4184765625,7.853798828125,50.545224609375,48.10611328125,51.175888671875,48.59125,18.01604461669922,7.610481262207031,3.363323211669922,3.626239776611328,3.4160003662109375,50.53515625,22.62109375,8.19140625,9.2421875,10.48046875,0.0
ann-repl,gist-960-euclidean,usearch,patched-repl,17,0.97744,0.3633608849995653,2752.084886630536,2026-03-16T18:19:57.643925,2026-03-16T18:19:58.007318,1,93.0,87.0,96.0,92.0,97.0,0.66,125499.7,0.47,31561.96,31156.83,31935.35,30845.55,0.47,0.47,0.48,0.46,0.9658748064448958,0.21,245.09,191.41,0.0015,0.002,0.07,12.813857421875,33.9662890625,12.0,4.0,,,,,,,,,,,,,,,,,,0.0
ann-repl,gist-960-euclidean,usearch,patched-repl,20,0.97744,0.3654869729998609,2736.075630253395,2026-03-16T18:19:58.903283,2026-03-16T18:19:59.268805,1,93.0,87.0,96.0,92.0,96.0,0.66,122685.03,0.45,30391.77,30566.12,31516.06,30211.08,0.45,0.45,0.47,0.45,0.9585931744006072,0.21,239.89,187.54,0.0015,0.002,0.07,12.588603515625,33.305751953125,11.5,4.083333333333333,203.427900390625,195.691103515625,7.736806640625,50.234755859375,47.596240234375,50.5978515625,47.26224609375,18.016220092773438,7.6104736328125,3.3634605407714844,3.626293182373047,3.415996551513672,50.50390625,22.62109375,8.1484375,9.25390625,10.48046875,0.0
ann-repl,gist-960-euclidean,usearch,patched-repl,22,0.97744,0.3816616780004551,2620.1215831755776,2026-03-16T18:19:59.738726,2026-03-16T18:20:00.120417,1,93.0,87.0,96.0,92.0,97.0,0.65,131846.01,0.49,32548.86,32518.96,33728.76,33049.43,0.49,0.49,0.5,0.49,0.9641315008319309,0.21,258.11,202.25,0.0015,0.002,0.07,13.682900390625,36.03775390625,14.5,4.583333333333333,197.9624609375,190.5764453125,7.386015625,49.94251953125,45.538134765625,48.92759765625,46.168193359375,18.016239166259766,7.6104736328125,3.36346435546875,3.6263046264648438,3.415996551513672,50.50390625,22.62109375,8.1484375,9.25390625,10.48046875,0.0
ann-repl,glove-100-angular,annoy,patched-repl,1,0.976941,16.76207680100015,596.5847859260093,2026-03-16T18:02:43.476609,2026-03-16T18:03:00.238708,17,72.17647058823529,78.76470588235294,47.529411764705884,54.88235294117647,42.411764705882355,0.22999999999999998,52201.70470588235,0.19529411764705884,20722.062352941175,9738.822352941177,13646.455294117648,8094.365294117647,0.30705882352941183,0.14529411764705882,0.20294117647058824,0.12,0.390615815947913,0.3288235294117647,263.8976470588235,170.42823529411766,0.0029705882352941177,0.005588235294117648,0.27588235294117647,17.156481502757355,48.03862189797795,17.1078431372549,5.789215686274509,96.07145737591911,81.41100298713235,14.660456112132353,32.14732709099264,13.119604779411766,24.382572954963237,11.761498161764706,8.643968105316162,2.3112852573394775,1.4134209156036377,3.433352470397949,1.486180305480957,35.243896484375,10.92138671875,5.883056640625,10.12060546875,8.319091796875,0.0
ann-repl,glove-100-angular,annoy,patched-repl,2,0.976941,6.166451126000084,1621.6783033982429,2026-03-16T18:03:00.528046,2026-03-16T18:03:06.726399,6,87.66666666666667,82.5,93.16666666666667,82.66666666666667,92.16666666666667,0.47666666666666674,117102.26166666666,0.4366666666666667,27042.748333333333,30371.01166666666,29198.391666666666,30490.11333333333,0.4033333333333333,0.4533333333333333,0.4349999999999999,0.4533333333333333,0.8869349889811277,0.075,417.705,359.6516666666667,0.0030333333333333336,0.003566666666666666,0.11333333333333333,26.505143229166666,65.9755126953125,23.680555555555557,9.166666666666666,247.1684423828125,223.21254231770834,23.955896809895833,49.9310693359375,56.664514973958326,61.20647786458333,55.41048502604167,11.332895278930664,2.416466395060221,2.5154202779134116,3.8031845092773438,2.5978240966796875,36.522135416666664,11.044921875,6.311848958333333,10.468098958333334,8.697265625,0.0
ann-repl,glove-100-angular,annoy,patched-repl,3,0.976941,6.134783737999896,1630.049310142474,2026-03-16T18:03:07.015902,2026-03-16T18:03:13.180405,7,88.0,83.0,93.0,84.57142857142857,91.71428571428571,0.48571428571428577,109780.2042857143,0.40857142857142853,25457.449999999993,27816.86285714286,28958.637142857147,27547.257142857146,0.38,0.4142857142857142,0.4314285714285715,0.40857142857142864,0.8790969642119105,0.06714285714285714,394.7285714285714,343.99000000000007,0.0031142857142857144,0.0035857142857142854,0.10999999999999999,24.754168526785715,61.76033203125,22.15476190476191,8.547619047619047,236.30637695312498,213.26673014322918,23.03964680989583,47.41492675781251,54.372221679687506,58.490284830729166,52.98930501302084,11.338366826375326,2.414148966471354,2.5184173583984375,3.8038247426350913,2.601975758870443,36.530598958333336,11.041015625,6.319661458333333,10.46484375,8.705078125,0.0
ann-repl,glove-100-angular,annoy,patched-repl,4,0.976941,6.119522446999781,1634.1144405643452,2026-03-16T18:03:13.468880,2026-03-16T18:03:19.619462,6,87.66666666666667,82.0,93.0,82.5,92.16666666666667,0.47833333333333333,119132.11166666665,0.44333333333333336,27473.694999999996,31032.926666666666,29759.23166666667,30866.256666666664,0.41,0.4633333333333334,0.44333333333333336,0.4583333333333333,0.885307895549222,0.06833333333333333,425.06333333333333,369.31166666666667,0.0030666666666666668,0.003566666666666666,0.11166666666666665,27.55949544270833,68.09626790364582,24.472222222222218,9.541666666666666,227.90484235491067,205.93669921875,21.968141741071427,46.22129882812499,50.598115234374994,57.796837332589284,51.32044921875,11.344414393107096,2.4150479634602866,2.520036061604818,3.8057098388671875,2.6036294301350913,36.539713541666664,11.046875,6.326822916666667,10.45703125,8.708984375,0.0
ann-repl,glove-100-angular,annoy,patched-repl,5,0.976941,6.129504949999955,1631.4531241222137,2026-03-16T18:03:19.905154,2026-03-16T18:03:26.066361,6,87.66666666666667,82.16666666666667,92.5,83.33333333333333,92.0,0.48500000000000004,114131.01166666666,0.4266666666666666,26661.400000000005,28864.894999999993,29528.933333333334,29075.783333333336,0.3983333333333334,0.43,0.44,0.4333333333333333,0.9028907241259422,0.07333333333333332,408.0416666666667,355.355,0.0030833333333333333,0.003583333333333333,0.11166666666666665,26.507389322916666,65.44587565104166,23.555555555555554,9.277777777777779,241.13629720052083,217.50505371093752,23.63123372395833,48.081201171875,55.45380533854168,57.83269856770834,56.1373486328125,11.346393585205078,2.4150206247965493,2.5204137166341147,3.8067003885904946,2.6042588551839194,36.536458333333336,11.043619791666666,6.324869791666667,10.457682291666666,8.710286458333334,0.0
ann-repl,glove-100-angular,annoy,patched-repl,6,0.976941,6.128950037999857,1631.600835053215,2026-03-16T18:03:26.352448,2026-03-16T18:03:32.517237,6,87.16666666666667,82.5,92.83333333333333,82.5,92.0,0.48,120889.82166666666,0.4483333333333333,28262.295,31278.341666666664,30071.838333333333,31277.348333333328,0.42,0.4666666666666666,0.45,0.465,0.9035739586577614,0.05999999999999999,432.77000000000004,380.77666666666664,0.00315,0.0036000000000000003,0.11666666666666665,28.67948567708333,70.63249674479168,25.38888888888889,10.000000000000002,233.90548014322917,211.03274088541662,22.872740885416665,48.12089680989584,52.23608235677083,58.23097493489584,52.44478515624999,11.349446977887835,2.4155382428850447,2.521101270403181,3.8077605111258372,2.605046953473772,36.543526785714285,11.037946428571429,6.33203125,10.461495535714286,8.712053571428571,0.0
ann-repl,glove-100-angular,annoy,patched-repl,7,0.976941,6.073518421000244,1646.492083636935,2026-03-16T18:03:32.806825,2026-03-16T18:03:38.911402,6,87.0,82.16666666666667,92.5,81.66666666666667,92.0,0.48,114614.38166666665,0.425,26922.256666666664,29396.533333333336,29032.188333333335,29263.399999999998,0.40166666666666667,0.4383333333333333,0.43166666666666664,0.43500000000000005,0.9158310050164643,0.07166666666666667,409.3866666666667,356.915,0.0030666666666666668,0.003566666666666666,0.12,27.63002278645833,67.6117578125,24.25,9.625,246.6062353515625,222.15997070312497,24.44626302083333,50.054532877604174,56.277872721354164,58.87154947916667,56.956015625,11.351696014404297,2.416217803955078,2.521460215250651,3.808460235595703,2.6055577596028647,36.531901041666664,11.039713541666666,6.3203125,10.463541666666666,8.708333333333334,0.0
ann-repl,glove-100-angular,annoy,patched-repl,8,0.976941,6.138731581999764,1629.0010186016934,2026-03-16T18:03:39.200894,2026-03-16T18:03:45.372703,7,88.14285714285714,82.71428571428571,93.0,84.0,92.85714285714286,0.48714285714285716,112911.92571428571,0.41999999999999993,26371.615714285716,28600.31,29237.722857142857,28702.278571428575,0.39285714285714285,0.42571428571428577,0.4357142857142858,0.4271428571428571,0.9019722857056583,0.06,406.3214285714286,356.1485714285714,0.0031857142857142856,0.0036142857142857135,0.10857142857142857,25.448263113839285,63.56829520089285,22.78571428571428,8.833333333333334,234.3382958984375,211.73712727864583,22.601168619791668,48.155224609375004,52.49736653645834,57.88789225260417,53.196642252604164,11.351786931355795,2.415989557902018,2.5215574900309243,3.8088111877441406,2.605428695678711,36.537760416666664,11.0390625,6.318359375,10.466145833333334,8.714192708333334,0.0
ann-repl,glove-100-angular,annoy,patched-repl,9,0.976941,6.168383864000134,1621.1701833865932,2026-03-16T18:03:45.663858,2026-03-16T18:03:51.863634,6,87.83333333333333,82.83333333333333,93.0,82.33333333333333,93.0,0.47666666666666674,116410.63166666667,0.4333333333333333,27402.705,30021.681666666667,28854.379999999994,30131.865,0.40833333333333327,0.4466666666666667,0.4283333333333334,0.45,0.9094261175005265,0.06999999999999999,416.1716666666667,364.175,0.0030833333333333333,0.003566666666666666,0.11166666666666665,26.2152734375,65.2015771484375,23.416666666666668,9.11111111111111,249.33105143229167,225.50289225260417,23.828160807291667,51.07586751302083,56.93836914062501,60.629680989583335,56.858974609375,11.356245676676432,2.4170939127604165,2.5225931803385415,3.8100770314534507,2.6064815521240234,36.537760416666664,11.035807291666666,6.322265625,10.470052083333334,8.709635416666666,0.0
ann-repl,glove-100-angular,annoy,patched-repl,10,0.976941,6.1670747510002,1621.5143165531051,2026-03-16T18:03:52.155321,2026-03-16T18:03:58.356698,7,88.0,83.85714285714286,92.14285714285714,83.0,92.71428571428571,0.4914285714285715,110410.87428571426,0.4128571428571428,26340.964285714286,27885.264285714286,28310.687142857143,27873.957142857143,0.39285714285714285,0.41571428571428565,0.42,0.41428571428571426,0.9304247598370348,0.05571428571428571,397.0057142857143,350.8285714285715,0.0032000000000000006,0.0036,0.10999999999999999,25.685834263392856,63.7908203125,22.94047619047619,8.904761904761907,235.359267578125,212.45780110677083,22.9014697265625,48.699765625,53.00316243489584,57.16220052083333,53.59267252604167,11.355215708414713,2.4169349670410156,2.5225931803385415,3.8096605936686196,2.6060269673665366,36.5390625,11.0390625,6.326171875,10.466796875,8.70703125,0.0
ann-repl,glove-100-angular,annoy,patched-repl,11,0.976941,6.136945363999985,1629.4751552883508,2026-03-16T18:03:58.647201,2026-03-16T18:04:04.815928,6,87.5,84.0,91.5,81.0,93.0,0.48166666666666663,117276.105,0.435,27429.50333333333,30418.384999999995,28994.679999999997,30433.535000000003,0.4083333333333334,0.45500000000000007,0.43333333333333335,0.4533333333333333,0.9012920560603074,0.08833333333333332,416.5249999999999,359.3333333333333,0.0029999999999999996,0.0035333333333333328,0.11499999999999999,26.711282552083336,66.581845703125,23.86111111111111,9.319444444444443,247.26580403645835,223.24078776041665,24.0250146484375,51.5706689453125,54.38623046875,60.1485009765625,57.135387369791665,11.359666188557943,2.4180355072021484,2.5238259633382163,3.810735066731771,2.607069651285807,36.537760416666664,11.037760416666666,6.32421875,10.47265625,8.703125,0.0
ann-repl,glove-100-angular,annoy,patched-repl,12,0.976941,6.1120225979998395,1636.119605197877,2026-03-16T18:04:05.108688,2026-03-16T18:04:11.253208,7,87.85714285714286,84.57142857142857,92.28571428571429,83.14285714285714,92.71428571428571,0.4914285714285715,109654.58571428571,0.41000000000000003,25580.222857142857,27661.505714285715,28765.161428571424,27647.698571428573,0.38285714285714284,0.4142857142857143,0.42857142857142855,0.41285714285714287,0.8892779176874328,0.06285714285714285,393.82428571428574,345.3985714285714,0.0031714285714285716,0.0036142857142857135,0.10999999999999999,25.044082031249996,62.491752232142865,22.488095238095237,8.69047619047619,236.06789388020835,213.11114746093747,22.956746419270832,48.49922037760417,53.543863932291664,57.24867187500001,53.81938964843749,11.358811060587565,2.4177850087483725,2.5234902699788413,3.8106695810953775,2.606866200764974,36.541666666666664,11.048828125,6.322265625,10.461588541666666,8.708984375,0.0
ann-repl,glove-100-angular,annoy,patched-repl,13,0.976941,6.147623792000104,1626.644755492844,2026-03-16T18:04:11.547879,2026-03-16T18:04:17.740978,6,87.83333333333333,84.66666666666667,92.83333333333333,81.16666666666667,93.0,0.48166666666666663,118956.49833333334,0.44333333333333336,27869.64,30811.128333333338,29416.566666666666,30859.163333333334,0.4183333333333334,0.45999999999999996,0.4366666666666667,0.45999999999999996,0.903123642691112,0.06833333333333333,423.9533333333334,371.7083333333333,0.0030833333333333333,0.003566666666666666,0.11166666666666665,26.67404622395833,66.70736002604167,23.98611111111111,9.319444444444446,230.51375418526786,208.7251785714286,21.78857561383929,48.14514090401786,51.49586216517857,57.00132393973214,52.08284737723214,11.362456639607748,2.4185053507486978,2.5244013468424478,3.8117574055989585,2.607792536417643,36.537760416666664,11.0390625,6.326822916666667,10.46875,8.703125,0.0
ann-repl,glove-100-angular,annoy,patched-repl,14,0.976941,6.128600940999604,1631.693774202396,2026-03-16T18:04:18.032051,2026-03-16T18:04:24.195786,6,87.83333333333333,85.5,91.83333333333333,81.33333333333333,92.33333333333333,0.48666666666666664,112681.96500000001,0.42,26920.561666666665,28620.516666666663,28439.30333333333,28701.583333333332,0.39999999999999997,0.4266666666666666,0.42333333333333334,0.4283333333333334,0.9379469193046841,0.06999999999999999,402.79833333333335,349.95666666666665,0.0031,0.0035999999999999995,0.11166666666666665,26.161803385416665,64.99003255208332,23.375000000000004,9.194444444444445,237.25199055989583,214.0427457682292,23.209248046875,49.180379231770836,54.324765625000005,56.52204427083333,54.01555013020833,11.361880620320639,2.4185619354248047,2.5243873596191406,3.811548868815104,2.6073824564615884,36.543619791666664,11.03515625,6.33203125,10.48046875,8.695963541666666,0.0
ann-repl,glove-100-angular,annoy,patched-repl,15,0.976941,6.077085238000109,1645.5257098369864,2026-03-16T18:04:24.487398,2026-03-16T18:04:30.595982,6,87.66666666666667,84.16666666666667,91.83333333333333,81.16666666666667,92.83333333333333,0.48,120111.765,0.4466666666666667,28226.503333333338,30993.09,29848.065000000002,31044.108333333337,0.42,0.46166666666666667,0.445,0.4616666666666666,0.9092386558587472,0.07666666666666666,428.03833333333336,369.4833333333333,0.0030333333333333336,0.003566666666666666,0.11333333333333333,27.464376627604164,68.38427734375,24.583333333333332,9.541666666666666,225.57742745535714,203.8874693080357,21.689962332589285,45.98379324776785,49.644199218749996,57.03066545758929,51.228809988839295,11.363524300711495,2.418915339878627,2.524968828473772,3.811950138636998,2.607689993722098,36.537388392857146,11.03515625,6.324776785714286,10.475446428571429,8.702008928571429,0.0
ann-repl,glove-100-angular,annoy,patched-repl,16,0.976941,6.110266277999926,1636.589887417034,2026-03-16T18:04:30.888481,2026-03-16T18:04:37.032635,6,87.83333333333333,84.66666666666667,92.66666666666667,81.83333333333333,92.66666666666667,0.48500000000000004,114811.61000000003,0.43,26991.11,29522.02666666667,29054.608333333337,29243.87,0.40166666666666667,0.43999999999999995,0.43500000000000005,0.43500000000000005,0.9142702262536627,0.075,409.1766666666667,353.8966666666667,0.0030666666666666668,0.003583333333333333,0.11166666666666665,26.155198567708336,65.22551106770834,23.430555555555557,9.125,242.65238444010416,218.99114583333335,23.661238606770837,49.67766438802084,55.41956380208333,57.44562662760418,56.44829427083334,11.364412943522135,2.419226964314779,2.525234858194987,3.8121395111083984,2.607814153035482,36.546223958333336,11.036458333333334,6.328125,10.4765625,8.705078125,0.0
ann-repl,glove-100-angular,annoy,patched-repl,17,0.976941,6.160487505000219,1623.2481588321384,2026-03-16T18:04:37.323358,2026-03-16T18:04:43.515382,6,88.0,83.66666666666667,92.66666666666667,82.5,92.66666666666667,0.47833333333333333,121466.21833333332,0.45,28100.555000000004,31366.05333333334,30688.72666666667,31310.881666666668,0.4183333333333333,0.4683333333333333,0.4566666666666667,0.465,0.895890684791286,0.06499999999999999,435.25,379.8633333333333,0.003116666666666667,0.0036000000000000003,0.10999999999999999,27.651772460937497,69.054287109375,24.805555555555557,9.708333333333334,231.31611490885416,208.97576497395832,22.340353190104167,47.2862939453125,51.90412923177083,57.32443033854167,52.46090820312501,11.36302375793457,2.418785730997721,2.5248889923095703,3.8117593129475913,2.6075897216796875,36.533854166666664,11.040364583333334,6.32421875,10.466145833333334,8.703125,0.0
ann-repl,glove-100-angular,annoy,patched-repl,18,0.976941,6.137102464000236,1629.4334433324552,2026-03-16T18:04:43.807493,2026-03-16T18:04:49.981561,6,87.0,82.83333333333333,92.16666666666667,81.5,92.33333333333333,0.48166666666666663,115021.06333333331,0.4283333333333333,26959.711666666666,29390.795,29090.658333333336,29579.895000000004,0.40166666666666667,0.44,0.4333333333333333,0.4416666666666667,0.9114201273083175,0.075,409.865,356.295,0.0030333333333333336,0.0035499999999999993,0.11833333333333333,27.407026367187502,67.37425455729166,24.222222222222218,9.59722222222222,246.568642578125,222.20244791666667,24.3661962890625,50.30944986979167,55.53875162760417,58.95891113281251,57.39533691406249,11.36647860209147,2.4196853637695312,2.5258204142252603,3.8126227060953775,2.6083501180013022,36.545572916666664,11.04296875,6.324869791666667,10.473958333333334,8.703776041666666,0.0
ann-repl,glove-100-angular,annoy,patched-repl,19,0.976941,6.136133695000353,1629.6906972786264,2026-03-16T18:04:50.273372,2026-03-16T18:04:56.442067,6,87.16666666666667,83.33333333333333,92.0,81.66666666666667,92.83333333333333,0.47833333333333333,121803.5,0.4533333333333333,28465.62,31277.353333333336,30727.38,31333.145,0.425,0.465,0.4583333333333333,0.465,0.9084826946034302,0.056666666666666664,436.78999999999996,385.75500000000005,0.003183333333333333,0.0036000000000000003,0.11666666666666665,29.2195703125,71.92930826822916,25.944444444444443,10.208333333333332,233.82920410156248,210.92126627604168,22.907937825520833,48.150224609374995,51.90307779947917,57.850986328124996,53.01698242187499,11.364423751831055,2.4193553924560547,2.5251757303873696,3.812199274698893,2.607693354288737,36.534505208333336,11.035807291666666,6.330078125,10.469401041666666,8.69921875,0.0
ann-repl,glove-100-angular,annoy,patched-repl,20,0.976941,6.143108722000306,1627.8403089606757,2026-03-16T18:04:56.743705,2026-03-16T18:05:02.919328,6,87.0,83.0,92.0,80.5,92.66666666666667,0.47666666666666674,115574.99666666666,0.43166666666666664,27219.34833333333,29695.244999999995,28715.146666666667,29945.25833333333,0.405,0.44333333333333336,0.4266666666666667,0.4466666666666666,0.908970229287831,0.07166666666666667,412.48,360.305,0.00305,0.003566666666666666,0.12,28.041689453125002,68.65127766927084,24.72222222222223,9.805555555555557,248.46773763020838,223.93706380208334,24.530675455729167,50.23240234375,56.50201822916667,59.94442708333333,57.25821126302083,11.36764907836914,2.420097986857096,2.5259730021158853,3.8130931854248047,2.608484903971354,36.544270833333336,11.048828125,6.326822916666667,10.46875,8.699869791666666,0.0
ann-repl,glove-100-angular,annoy,patched-repl,21,0.976941,6.170092564000242,1620.721228453779,2026-03-16T18:05:03.210378,2026-03-16T18:05:09.413419,7,87.28571428571429,83.85714285714286,92.57142857142857,81.28571428571429,92.57142857142857,0.48857142857142855,111331.97285714287,0.4142857142857142,26554.701428571425,28194.721428571425,28636.101428571426,27946.44857142857,0.39571428571428574,0.4185714285714286,0.4271428571428571,0.41857142857142854,0.9273155249435141,0.05714285714285714,400.58,353.6028571428572,0.0032000000000000006,0.0036142857142857135,0.11714285714285713,27.050083705357142,66.37090541294643,23.88095238095238,9.488095238095237,235.96315104166663,212.6495149739583,23.313632812500003,49.084599609375005,52.67326171874999,56.860634765625,54.03102213541667,11.365683873494467,2.4197120666503906,2.5253448486328125,3.8127403259277344,2.607886632283529,36.53515625,11.04296875,6.325520833333333,10.466145833333334,8.700520833333334,0.0
ann-repl,glove-100-angular,annoy,patched-repl,22,0.976941,6.161059183999896,1623.097539132513,2026-03-16T18:05:09.705969,2026-03-16T18:05:15.901476,6,87.0,83.33333333333333,92.0,80.5,93.0,0.47833333333333333,115971.14999999998,0.43166666666666664,27349.36666666667,29837.20166666667,28559.149999999998,30225.431666666667,0.4083333333333334,0.445,0.42500000000000004,0.45,0.9048461894037466,0.05833333333333332,415.01500000000004,366.2749999999999,0.0031166666666666665,0.003566666666666666,0.12,28.02500162760417,68.7577392578125,24.708333333333332,9.763888888888888,251.29909505208332,226.79454264322916,24.504555664062497,51.570864257812495,56.71466796875001,60.77957194010417,57.72943196614583,11.369340896606445,2.420686721801758,2.5263563791910806,3.813564936319987,2.6087328592936196,36.544921875,11.03515625,6.333333333333333,10.477213541666666,8.69921875,0.0
ann-repl,glove-100-angular,annoy,patched-repl,23,0.976941,6.173207087000264,1619.9035378317888,2026-03-16T18:05:16.194284,2026-03-16T18:05:22.401534,7,87.14285714285714,83.57142857142857,92.0,82.0,92.42857142857143,0.48714285714285716,110676.58142857146,0.41285714285714276,26105.835714285717,28054.56857142857,28756.99,27759.187142857143,0.3871428571428571,0.4185714285714286,0.42857142857142855,0.4142857142857143,0.9078083524835427,0.05999999999999999,399.07,351.1285714285714,0.0031857142857142856,0.0036,0.11857142857142856,26.77997349330357,65.93319614955358,23.65476190476191,9.333333333333332,234.6974951171875,211.48886393229165,23.208631184895832,47.56713704427083,52.419933268229165,57.61504557291667,53.88674153645834,11.367300669352213,2.4201532999674478,2.5259424845377603,3.8129234313964844,2.608281453450521,36.536458333333336,11.03515625,6.33203125,10.473307291666666,8.695963541666666,0.0
ann-repl,glove-100-angular,annoy,patched-repl,24,0.976941,6.150100805999955,1625.9896082100208,2026-03-16T18:05:22.697382,2026-03-16T18:05:28.881141,6,86.83333333333333,83.0,92.0,80.0,92.66666666666667,0.47833333333333333,116940.96333333333,0.4366666666666667,27112.98833333333,30276.09833333333,29231.319999999996,30320.556666666667,0.405,0.4533333333333333,0.43500000000000005,0.4533333333333333,0.8942114299352683,0.07333333333333332,416.875,363.345,0.0030833333333333333,0.0035499999999999993,0.12166666666666666,28.57100423177083,69.71434407552083,25.138888888888886,10.0,250.03884114583335,225.21897135416665,24.819874674479166,50.92535807291667,56.70710774739583,60.40366536458334,57.18284342447917,11.370618184407553,2.420938491821289,2.5268497467041016,3.813889185587565,2.608940760294596,36.548177083333336,11.04296875,6.325520833333333,10.48046875,8.69921875,0.0
ann-repl,glove-100-angular,annoy,patched-repl,25,0.976941,6.168827776999933,1621.0535228887957,2026-03-16T18:05:29.172434,2026-03-16T18:05:35.374101,7,87.14285714285714,83.28571428571429,92.14285714285714,81.57142857142857,92.57142857142857,0.48714285714285716,109847.62857142858,0.40714285714285714,25563.03,27735.735714285718,28833.54,27715.328571428574,0.38,0.4142857142857143,0.43000000000000005,0.41142857142857137,0.8865727205192285,0.06571428571428571,394.81857142857143,343.6657142857143,0.003142857142857143,0.0036142857142857135,0.11714285714285713,26.509132254464284,64.92545898437501,23.369047619047617,9.20238095238095,233.2918440755208,210.00607910156248,23.285764973958337,47.017057291666674,52.59458333333333,56.7684228515625,53.626015625,11.368499120076498,2.420464197794596,2.526198705037435,3.81358273824056,2.6082534790039062,36.53515625,11.033203125,6.33203125,10.47265625,8.697265625,0.0
ann-repl,glove-100-angular,annoy,patched-repl,26,0.976941,6.194122926000091,1614.433571866096,2026-03-16T18:05:35.676552,2026-03-16T18:05:41.904965,6,87.0,83.33333333333333,92.0,80.33333333333333,92.5,0.4749999999999999,116685.70333333332,0.435,27215.21166666667,30244.693333333333,28896.12166666667,30329.678333333333,0.40499999999999997,0.45166666666666666,0.43,0.45166666666666666,0.8973129014941197,0.06833333333333333,416.8133333333333,365.61999999999995,0.0031,0.003566666666666666,0.12,28.230890299479167,69.20718587239584,24.88888888888889,9.888888888888891,250.32993326822918,225.79751790364583,24.532418619791667,50.644114583333334,56.32846842447916,61.37245279947917,57.45248372395832,11.370626722063337,2.4210052490234375,2.526691436767578,3.8142356872558594,2.6086943490164622,36.546875,11.0390625,6.330357142857143,10.469866071428571,8.707589285714286,0.0
ann-repl,glove-100-angular,annoy,patched-repl,27,0.976941,6.117737059999854,1634.5913369477566,2026-03-16T18:05:42.196509,2026-03-16T18:05:48.347873,7,87.42857142857143,85.14285714285714,92.42857142857143,81.71428571428571,91.71428571428571,0.48714285714285716,110113.00857142858,0.40857142857142853,26413.82,27734.76285714286,28264.919999999995,27699.504285714287,0.39285714285714285,0.4128571428571428,0.42142857142857143,0.4142857142857143,0.934508924843941,0.05714285714285714,397.4228571428571,350.68571428571425,0.0032000000000000006,0.0036,0.1157142857142857,26.127324218750005,64.55262137276786,23.166666666666668,9.035714285714285,235.35207356770832,212.33099283854168,23.021085611979164,48.750118815104166,52.8418896484375,57.61824869791667,53.12073567708334,11.36893399556478,2.420656204223633,2.5262571970621743,3.813899358113607,2.608128229777018,36.537760416666664,11.031901041666666,6.33203125,10.47265625,8.701171875,0.0
ann-repl,glove-100-angular,annoy,patched-repl,28,0.976941,6.169497067000066,1620.8776649702706,2026-03-16T18:05:48.640388,2026-03-16T18:05:54.842547,6,87.0,84.83333333333333,92.0,79.5,92.83333333333333,0.4766666666666666,117959.07166666666,0.4366666666666667,28063.118333333332,30528.199999999997,28622.671666666673,30745.08,0.4183333333333333,0.45500000000000007,0.42500000000000004,0.45500000000000007,0.912767777261706,0.056666666666666664,421.65833333333336,374.49666666666667,0.00315,0.003566666666666666,0.11833333333333333,28.753356119791665,70.29802897135417,25.25,9.98611111111111,254.42097656250004,229.64175455729165,24.7792236328125,52.87142252604166,57.29282552083333,61.997599283854164,57.479900716145835,11.371734619140625,2.4214254106794084,2.5268957955496654,3.814499991280692,2.6089134216308594,36.552455357142854,11.036272321428571,6.33203125,10.473214285714286,8.7109375,0.0
ann-repl,glove-100-angular,annoy,patched-repl,29,0.976941,6.1406620779998775,1628.4888946791186,2026-03-16T18:05:55.136522,2026-03-16T18:06:01.310522,6,86.83333333333333,85.33333333333333,91.33333333333333,79.33333333333333,91.83333333333333,0.48333333333333334,112722.81833333331,0.42,27141.746666666662,28721.655000000002,28382.329999999998,28477.088333333337,0.4066666666666667,0.4283333333333334,0.42333333333333334,0.425,0.944992433989847,0.06166666666666667,404.0816666666667,354.7733333333333,0.00315,0.003583333333333333,0.12,28.15427897135417,68.27870930989583,24.583333333333332,9.763888888888888,237.8418147786458,214.05572428385415,23.7860888671875,49.21277506510416,53.61229654947916,56.69336914062499,54.537286783854164,11.369950612386068,2.4210281372070312,2.526484171549479,3.8139915466308594,2.6084467569986978,36.537109375,11.036458333333334,6.328125,10.473307291666666,8.69921875,0.0
ann-repl,glove-100-angular,annoy,patched-repl,30,0.976941,6.203832301000148,1611.906885101948,2026-03-16T18:06:01.604042,2026-03-16T18:06:07.842290,6,87.0,84.16666666666667,92.33333333333333,79.66666666666667,92.16666666666667,0.47833333333333333,118837.895,0.4416666666666667,27744.338333333333,30822.153333333332,29297.851666666666,30973.553333333333,0.41333333333333333,0.4616666666666667,0.4366666666666667,0.4633333333333334,0.8957428304964687,0.06333333333333332,423.7916666666667,371.6133333333333,0.0031,0.003566666666666666,0.12,28.968673502604165,70.91569661458333,25.555555555555557,10.138888888888888,231.46809012276785,208.8287025669643,22.639388950892855,47.60864815848214,51.17766043526785,57.88732142857143,52.15507114955357,11.372503553118024,2.421522412981306,2.5271432059151784,3.814661298479353,2.6091766357421875,36.55189732142857,11.043526785714286,6.336495535714286,10.4765625,8.6953125,0.0
ann-repl,glove-100-angular,faiss,patched-repl,1,0.977149,9.727626640999915,1027.9999807817549,2026-03-16T17:57:51.704091,2026-03-16T17:58:01.500166,10,77.9,91.4,68.9,74.1,78.0,0.45299999999999996,56334.871999999996,0.209,9926.319,14692.762000000002,15603.028,16112.760999999999,0.148,0.219,0.23399999999999993,0.24,0.6160532636213,0.14600000000000002,68.659,58.307,0.0012200000000000002,0.00186,0.209,22.4982294921875,70.6549296875,25.391666666666666,7.933333333333333,182.61053320312496,181.50945410156248,1.1010791015624999,11.0771220703125,55.9753671875,57.321968749999996,57.1349990234375,4.887332916259766,1.4893947177463107,1.0508626302083333,1.2421629163953993,1.1049126519097223,21.940538194444443,9.90451388888889,3.0434027777777777,3.59375,5.398871527777778,0.0
ann-repl,glove-100-angular,faiss,patched-repl,2,0.977149,9.353315620000105,1069.1395871018292,2026-03-16T17:58:01.780768,2026-03-16T17:58:11.215631,10,74.1,97.8,66.1,67.6,71.2,0.44699999999999995,57298.45599999999,0.213,11723.342999999999,15247.776000000002,15211.329000000002,15116.009999999998,0.173,0.227,0.22699999999999995,0.22699999999999995,0.7688559302025422,0.07799999999999999,66.06800000000001,59.07299999999999,0.00103,0.0011799999999999998,0.251,26.3299453125,81.06463378906251,29.25,9.4,198.82825629340277,198.4680349392361,0.360224609375,12.514474826388888,62.83473090277779,62.32700303819445,60.79181749131945,4.94530529446072,1.5186598036024306,1.0641487969292536,1.248091803656684,1.1144048902723525,22.512586805555557,10.13064236111111,3.17578125,3.642795138888889,5.563368055555555,0.0
ann-repl,glove-100-angular,faiss,patched-repl,3,0.977149,9.596494940999946,1042.0471288195156,2026-03-16T17:58:11.498196,2026-03-16T17:58:21.188233,10,73.1,97.8,62.4,65.9,69.0,0.434,56476.88600000001,0.211,11758.841999999999,15198.115999999998,14812.115,14707.813,0.175,0.22599999999999998,0.22000000000000003,0.219,0.7737039248812155,0.072,65.33,58.43599999999999,0.0010500000000000002,0.0012000000000000001,0.259,26.135021484375,80.29798339843751,28.90833333333333,9.35,198.13397026909726,197.82143229166667,0.3125379774305556,13.063291015625,64.00519748263888,61.368906249999995,59.384038628472226,4.949663162231445,1.5208301544189453,1.0650558471679688,1.248783493041992,1.1149936676025392,23.002734375,10.168359375,3.3453125,3.832421875,5.656640625,0.0
ann-repl,glove-100-angular,faiss,patched-repl,4,0.977149,9.448198790999868,1058.402794141648,2026-03-16T17:58:21.472092,2026-03-16T17:58:31.024726,10,74.0,97.4,64.0,67.5,70.8,0.422,56609.088,0.211,12007.18,14901.874000000002,15001.228000000003,14698.806,0.18,0.22199999999999998,0.22299999999999995,0.22000000000000003,0.8004131395109786,0.07100000000000001,66.303,59.315999999999995,0.0010799999999999998,0.0012000000000000001,0.25,26.13474609375,80.45146874999999,28.991666666666664,9.358333333333334,199.94497287326388,199.61435438368056,0.33061740451388894,13.337041015625,64.30005750868055,61.32341796875,60.65383463541668,4.949222564697266,1.492253875732422,1.0650222778320313,1.2767696380615234,1.115177536010742,23.18359375,10.040234375,3.40234375,3.896484375,5.84453125,0.0
ann-repl,glove-100-angular,faiss,patched-repl,5,0.977149,9.063020633000178,1103.3848873286354,2026-03-16T17:58:31.308498,2026-03-16T17:58:40.459009,9,77.88888888888889,97.55555555555556,72.22222222222223,72.22222222222223,75.77777777777777,0.44999999999999996,62364.759999999995,0.23333333333333334,12110.511111111111,16840.72111111111,16482.98777777778,16930.536666666667,0.1811111111111111,0.2511111111111111,0.24777777777777776,0.2533333333333333,0.7153058021459319,0.06777777777777777,71.6711111111111,64.17555555555556,0.0010333333333333334,0.0011555555555555555,0.21111111111111114,26.620341796875,82.28193793402778,29.722222222222218,9.527777777777777,183.654857421875,183.3543212890625,0.3005380859375,12.3397666015625,59.511744140625,56.448318359375,55.05450097656251,4.950800153944227,1.4914516872829862,1.0651969909667969,1.25175052218967,1.1424009535047743,23.168836805555557,10.105034722222221,3.375,3.875,5.813802083333333,0.0
ann-repl,glove-100-angular,faiss,patched-repl,6,0.977149,9.533578843999749,1048.9240361497411,2026-03-16T17:58:40.742713,2026-03-16T17:58:50.362142,10,74.2,97.6,67.9,64.2,68.7,0.437,56668.542,0.20999999999999996,11924.103,14823.356000000003,14632.109,15288.973000000002,0.177,0.22099999999999995,0.21799999999999997,0.22800000000000004,0.779915236948878,0.07699999999999999,65.82700000000001,58.88300000000002,0.0010400000000000001,0.0011899999999999999,0.24899999999999997,26.096786132812497,80.198759765625,28.91666666666666,9.341666666666667,198.77779622395832,198.45206380208333,0.3257291666666666,12.789781901041666,64.42134331597222,60.45187065972223,60.78906467013888,4.950361887613933,1.4904060363769531,1.0650867886013455,1.2513016594780817,1.143567403157552,23.17621527777778,10.0703125,3.3980034722222223,3.8736979166666665,5.834201388888889,0.0
ann-repl,glove-100-angular,faiss,patched-repl,7,0.977149,9.342210442000123,1070.410483908886,2026-03-16T17:58:50.644786,2026-03-16T17:59:00.071978,10,74.1,97.6,66.3,64.7,70.8,0.44700000000000006,56633.181000000004,0.21000000000000002,11384.658,15044.872,14882.635999999999,15321.015,0.17099999999999999,0.22599999999999998,0.223,0.22899999999999995,0.743074659218074,0.07399999999999998,65.17,58.331999999999994,0.00103,0.00116,0.24900000000000003,25.5065751953125,78.644556640625,28.325,9.116666666666667,199.8212131076389,199.50464518229168,0.3165690104166667,12.870738932291665,64.95630425347221,61.43527777777778,60.24232204861111,4.95164680480957,1.4904212951660156,1.0652053833007813,1.2503643035888672,1.1456558227539062,23.275,10.0921875,3.483984375,3.896484375,5.80234375,0.0
ann-repl,glove-100-angular,faiss,patched-repl,8,0.977149,9.128461066,1095.47490291065,2026-03-16T17:59:00.355323,2026-03-16T17:59:09.567208,9,78.55555555555556,97.55555555555556,71.88888888888889,74.11111111111111,77.11111111111111,0.4566666666666667,62292.816666666666,0.23222222222222222,11641.073333333334,16764.553333333333,16518.493333333332,17368.69777777778,0.17444444444444446,0.25,0.24555555555555555,0.25888888888888884,0.6702329375681462,0.0688888888888889,71.19888888888889,63.71444444444445,0.001011111111111111,0.0011555555555555555,0.20666666666666667,26.556028645833337,82.33344618055555,29.685185185185187,9.5,183.04746679687497,182.75772558593752,0.2897412109375,12.13994140625,58.309269531249996,56.497640624999995,55.810874999999996,4.951372782389323,1.4906984965006511,1.0650075276692708,1.2503717210557725,1.1453060574001737,23.30815972222222,10.25173611111111,3.3949652777777777,3.8841145833333335,5.77734375,0.0
ann-repl,glove-100-angular,faiss,patched-repl,9,0.977149,9.37772882499985,1066.3562773687008,2026-03-16T17:59:09.849615,2026-03-16T17:59:19.310785,10,75.0,97.7,66.4,69.8,71.5,0.44000000000000006,56845.335,0.21199999999999997,12032.006000000001,14956.482999999998,14867.917000000001,14988.924999999997,0.18,0.22399999999999998,0.22299999999999995,0.22199999999999998,0.8027264130015997,0.07699999999999999,66.12199999999999,59.20399999999999,0.0010400000000000001,0.00118,0.23899999999999996,26.0006396484375,80.22430664062502,28.958333333333332,9.316666666666666,198.84393988715277,198.5215266927083,0.32241319444444444,12.689302300347222,64.66215928819446,62.259484592013905,58.910579427083334,4.952693939208984,1.4904772440592449,1.0652728610568576,1.250313229031033,1.1466306050618489,23.25564236111111,10.106770833333334,3.4887152777777777,3.86328125,5.796875,0.0
ann-repl,glove-100-angular,faiss,patched-repl,10,0.977149,9.19483632499987,1087.5669393712826,2026-03-16T17:59:19.594672,2026-03-16T17:59:28.872242,9,78.0,97.33333333333333,70.77777777777777,71.88888888888889,77.22222222222223,0.4433333333333333,61874.41666666668,0.23111111111111113,11685.994444444445,16563.731111111112,16794.057777777776,16830.63666666667,0.17555555555555558,0.24666666666666665,0.2511111111111111,0.25,0.6943287218355045,0.06999999999999999,71.26111111111112,63.82333333333333,0.0010444444444444446,0.001188888888888889,0.21,26.08514865451389,80.70218315972222,29.055555555555554,9.305555555555555,200.50646918402776,200.1950444878472,0.31141710069444445,12.933681640625,63.36574001736111,63.574121093749994,60.32150499131944,4.95507583618164,1.490604782104492,1.0651039123535155,1.2505294799804687,1.1488376617431642,23.340625,10.146484375,3.42265625,3.966015625,5.80546875,0.0
ann-repl,glove-100-angular,faiss,patched-repl,11,0.977149,9.292539252000095,1076.1321237193197,2026-03-16T17:59:29.155336,2026-03-16T17:59:38.526848,9,78.0,97.66666666666667,71.22222222222223,75.11111111111111,73.88888888888889,0.4422222222222223,62544.87999999999,0.23444444444444443,12421.116666666667,16434.721111111114,17068.814444444448,16620.22666666667,0.18666666666666668,0.2444444444444444,0.2544444444444445,0.24777777777777776,0.7277082252604538,0.06444444444444446,72.48666666666666,64.89777777777778,0.0010444444444444444,0.0011555555555555555,0.21222222222222223,27.154688585069447,84.14852430555555,30.41666666666667,9.75925925925926,182.8185517578125,182.529982421875,0.288568359375,12.129200195312501,58.1005703125,58.355177734375005,53.945036132812504,4.9537942674424915,1.4906294080946179,1.0652944776746962,1.2503102620442708,1.1475601196289062,23.37673611111111,10.149305555555555,3.5208333333333335,3.8741319444444446,5.832465277777778,0.0
ann-repl,glove-100-angular,faiss,patched-repl,12,0.977149,9.345022369999697,1070.0883961608242,2026-03-16T17:59:38.811114,2026-03-16T17:59:48.234412,10,74.7,97.7,68.3,66.4,70.8,0.43200000000000005,56538.606999999996,0.213,11852.609,15206.744999999999,14847.057000000004,14632.199000000002,0.177,0.227,0.22199999999999992,0.217,0.7794310353727902,0.07599999999999998,65.545,58.749,0.00108,0.0012200000000000002,0.242,25.571829101562496,78.950306640625,28.458333333333332,9.141666666666667,198.96745551215278,198.63854600694444,0.32890950520833334,12.684321831597224,64.66994574652777,61.691344401041675,59.592932942708345,4.953583526611328,1.5147319793701173,1.065170669555664,1.2504371643066405,1.1232437133789062,23.38046875,10.2,3.437890625,3.881640625,5.8609375,0.0
ann-repl,glove-100-angular,faiss,patched-repl,13,0.977149,9.635237005999898,1037.8571895816328,2026-03-16T17:59:48.517959,2026-03-16T17:59:58.253278,10,73.9,97.7,63.9,65.4,71.0,0.44299999999999995,56532.58099999999,0.21000000000000002,11670.438,14837.551000000001,14781.409999999998,15243.181000000002,0.175,0.221,0.22100000000000003,0.22799999999999998,0.7656169666948125,0.072,65.761,58.892999999999994,0.0010400000000000001,0.00119,0.24900000000000003,25.7975166015625,79.52094335937501,28.691666666666666,9.225,200.32639756944448,200.01535590277777,0.31104275173611107,13.157712673611112,62.954602864583336,62.22541883680557,61.677621527777774,4.954677963256836,1.5171566009521484,1.0650096893310548,1.250371551513672,1.122140121459961,23.378515625,10.285546875,3.419921875,3.910546875,5.7625,0.0
ann-repl,glove-100-angular,faiss,patched-repl,14,0.977149,9.11612349500001,1096.9574957474829,2026-03-16T17:59:58.536552,2026-03-16T18:00:07.728576,9,78.55555555555556,97.55555555555556,71.0,74.33333333333333,78.22222222222223,0.44,62267.66777777778,0.23111111111111113,12175.44,16680.270000000004,16303.731111111112,17108.22111111111,0.18222222222222223,0.24888888888888885,0.24333333333333332,0.2544444444444445,0.7116718869206416,0.06777777777777778,71.96333333333332,64.50555555555556,0.0010555555555555555,0.0011666666666666665,0.20555555555555557,26.251611328125,81.48605360243056,29.398148148148152,9.398148148148147,201.621376953125,201.31329210069444,0.30808919270833335,12.786046006944444,63.541653645833335,61.46683051215277,63.51877170138888,4.954569074842665,1.5176912943522136,1.065041012234158,1.25044674343533,1.1213900248209636,23.44921875,10.226128472222221,3.4227430555555554,3.9153645833333335,5.884982638888889,0.0
ann-repl,glove-100-angular,faiss,patched-repl,15,0.977149,9.515339627999763,1050.9346372224147,2026-03-16T18:00:08.011347,2026-03-16T18:00:17.609717,10,73.8,97.9,65.3,61.5,74.2,0.437,56565.69099999999,0.21000000000000002,11491.859,14757.420000000002,14695.856,15620.556,0.16899999999999998,0.22000000000000003,0.21999999999999997,0.23500000000000001,0.7356882175000685,0.076,65.436,58.583000000000006,0.00099,0.00114,0.251,25.6953486328125,79.17262011718749,28.525000000000002,9.183333333333334,181.74933007812498,181.4543056640625,0.2950244140625,12.3720859375,57.66009375,54.92403222656251,56.4980947265625,4.955912272135417,1.5191913180881076,1.0651652018229167,1.2503615485297308,1.1211840311686199,23.401041666666668,10.32204861111111,3.4730902777777777,3.8671875,5.738715277777778,0.0
ann-repl,glove-100-angular,faiss,patched-repl,16,0.977149,8.913764420999996,1121.8604764156582,2026-03-16T18:00:17.893551,2026-03-16T18:00:26.879486,9,78.11111111111111,97.66666666666667,69.44444444444444,74.33333333333333,75.11111111111111,0.44777777777777783,62027.299999999996,0.23222222222222222,11458.432222222222,16384.902222222223,17643.53111111111,16540.436666666665,0.1711111111111111,0.2444444444444444,0.2622222222222222,0.2488888888888889,0.6494409849174813,0.07666666666666666,71.05333333333333,63.657777777777774,0.0010333333333333334,0.001166666666666667,0.21,25.69523220486111,79.71892795138889,28.749999999999996,9.185185185185185,200.97000325520835,200.6552495659722,0.3147526041666666,12.580960286458334,61.808078342013886,65.75302734375,60.513178168402774,4.955594380696614,1.5188255310058594,1.065102047390408,1.2503263685438368,1.1213404337565105,23.48090277777778,10.3671875,3.4014756944444446,3.8936631944444446,5.818576388888889,0.0
ann-repl,glove-100-angular,faiss,patched-repl,17,0.977149,9.104466915000105,1098.3619462139468,2026-03-16T18:00:27.162227,2026-03-16T18:00:36.360753,9,76.66666666666667,97.66666666666667,67.66666666666667,74.33333333333333,71.88888888888889,0.45333333333333337,62499.342222222214,0.23333333333333334,12434.55888888889,16378.366666666669,17143.76222222222,16542.654444444444,0.18666666666666668,0.2444444444444444,0.2544444444444444,0.24777777777777774,0.725310974785387,0.06555555555555555,71.9111111111111,64.47666666666666,0.0010222222222222221,0.0011333333333333334,0.2244444444444444,27.243551432291664,83.9925217013889,30.25,9.75,199.3790234375,199.06380425347223,0.31521809895833336,12.453574218750001,62.09128363715278,64.47219726562498,60.04674587673612,4.956783718532986,1.5199924045138888,1.0650961134168837,1.2503085666232638,1.1213866339789496,23.387586805555557,10.2109375,3.4188368055555554,3.8702256944444446,5.887586805555555,0.0
ann-repl,glove-100-angular,faiss,patched-repl,18,0.977149,9.163162612000178,1091.3262618415056,2026-03-16T18:00:36.645109,2026-03-16T18:00:45.898408,9,77.77777777777777,97.33333333333333,71.77777777777777,72.44444444444444,75.55555555555556,0.44111111111111106,61882.60777777779,0.23111111111111107,11713.22222222222,16642.536666666667,17219.78111111111,16307.064444444446,0.17555555555555558,0.24888888888888885,0.25555555555555554,0.2422222222222222,0.6802189962022358,0.06999999999999999,71.49333333333334,63.99333333333334,0.0010444444444444444,0.0011777777777777776,0.21222222222222223,26.106570095486113,80.73905924479166,29.11111111111111,9.342592592592593,200.27647569444446,199.97176649305555,0.30471245659722224,12.901963975694445,64.41239366319445,63.04449327256945,59.61291449652779,4.956491258409288,1.4983965555826824,1.0653334723578558,1.2715627882215712,1.1211984422471788,23.37890625,10.141927083333334,3.5316840277777777,3.892361111111111,5.812934027777778,0.0
ann-repl,glove-100-angular,faiss,patched-repl,19,0.977149,9.020100266999634,1108.6351264392663,2026-03-16T18:00:46.181992,2026-03-16T18:00:55.301218,9,77.22222222222223,97.66666666666667,69.22222222222223,73.0,74.11111111111111,0.45222222222222225,62576.063333333324,0.23333333333333334,12292.707777777778,16535.544444444444,16457.248888888887,17290.56111111111,0.18444444444444444,0.2466666666666667,0.2455555555555555,0.2577777777777778,0.7109490373842376,0.06666666666666667,72.17777777777778,64.68777777777777,0.0010333333333333334,0.0011444444444444445,0.21777777777777776,26.960390625,83.43142035590277,30.138888888888886,9.657407407407407,199.96398980034724,199.64293077256946,0.3210557725694444,12.547808159722223,63.06761067708333,62.58110460069444,61.44640733506944,4.9579883151584205,1.497622595893012,1.0651664733886719,1.2739910549587674,1.1212081909179688,23.4140625,10.164496527777779,3.4053819444444446,4.060763888888889,5.783420138888889,0.0
ann-repl,glove-100-angular,faiss,patched-repl,20,0.977149,9.52231013399978,1050.1653337559978,2026-03-16T18:00:55.585847,2026-03-16T18:01:05.188740,10,73.4,97.6,66.0,65.4,67.7,0.44200000000000006,56509.76700000001,0.209,11710.645,15078.380000000001,14946.325999999997,14774.416000000001,0.175,0.22599999999999998,0.223,0.21999999999999997,0.7766514041959415,0.07100000000000001,65.361,58.484,0.0010400000000000001,0.0011699999999999998,0.255,25.933203125,79.97581738281251,28.791666666666668,9.283333333333333,199.35470920138889,199.0424641927083,0.31224175347222216,13.095626085069446,64.9043337673611,61.252622612847226,59.789884982638895,4.957583618164063,1.4965675354003907,1.0650279998779297,1.2745838165283203,1.121404266357422,23.376171875,10.184375,3.410546875,3.94296875,5.83828125,0.0
ann-repl,glove-100-angular,faiss,patched-repl,21,0.977149,9.085935926000277,1100.602082321981,2026-03-16T18:01:05.472156,2026-03-16T18:01:14.637108,9,77.66666666666667,97.55555555555556,68.33333333333333,74.11111111111111,76.88888888888889,0.4511111111111111,62398.09999999999,0.23222222222222222,11825.306666666665,16197.428888888888,16957.95777777778,17417.405555555553,0.17666666666666667,0.24333333333333332,0.2522222222222222,0.26,0.6789361727237728,0.06777777777777777,71.42111111111112,64.01444444444445,0.0010333333333333334,0.0011555555555555555,0.21333333333333332,26.47046657986111,81.84459418402778,29.518518518518515,9.462962962962962,201.92671549479167,201.61307942708333,0.3136349826388889,13.047098524305556,63.191661241319444,62.51827799479166,62.856039496527764,4.958803812662761,1.496707068549262,1.065156724717882,1.2757326761881511,1.1212073432074652,23.42361111111111,10.20138888888889,3.435329861111111,3.9921875,5.794704861111111,0.0
ann-repl,glove-100-angular,faiss,patched-repl,22,0.977149,9.584952885999884,1043.3019461792398,2026-03-16T18:01:14.921319,2026-03-16T18:01:24.586126,10,72.7,97.5,66.1,57.7,69.4,0.41000000000000003,56380.804000000004,0.211,11946.247,15012.866,14372.285,15049.404999999999,0.178,0.225,0.21300000000000002,0.22499999999999995,0.793801947651751,0.077,66.047,59.102,0.00108,0.00125,0.265,26.198398437499996,80.37508984375,28.95833333333333,9.383333333333333,181.75577636718748,181.45370117187497,0.302072265625,12.545612304687499,58.676591796874995,53.91567578125,56.31582714843749,4.95869026184082,1.4966423034667968,1.0651256561279296,1.2755111694335937,1.1214111328125,23.37109375,10.143359375,3.418359375,3.91640625,5.89296875,0.0
ann-repl,glove-100-angular,faiss,patched-repl,23,0.977149,9.275470597000094,1078.1124143969832,2026-03-16T18:01:24.869468,2026-03-16T18:01:34.224610,10,74.5,97.6,65.4,68.4,72.3,0.45,56927.492000000006,0.21199999999999997,11858.534000000003,14547.732,15280.752000000002,15240.473999999998,0.175,0.21699999999999994,0.22699999999999995,0.227,0.7760438753276018,0.07699999999999999,65.501,58.626999999999995,0.0010400000000000001,0.00117,0.246,25.881174804687497,79.77450878906251,28.783333333333335,9.241666666666665,199.15155707465277,198.82453016493054,0.32702690972222226,12.788670789930556,63.14285590277777,61.997893880208345,60.895110677083345,4.959770584106446,1.4964813232421874,1.0651107788085938,1.2766494750976562,1.1215290069580077,23.336328125,10.081640625,3.393359375,3.92890625,5.932421875,0.0
ann-repl,glove-100-angular,faiss,patched-repl,24,0.977149,9.66174474599984,1035.0097485384515,2026-03-16T18:01:34.508988,2026-03-16T18:01:44.250772,10,74.0,97.7,66.5,67.7,68.7,0.44399999999999995,56493.02300000001,0.20999999999999996,11810.705,14783.499000000002,14903.672,14995.148000000001,0.177,0.22000000000000003,0.22199999999999998,0.223,0.7876351070359559,0.069,65.646,58.78099999999999,0.00103,0.0011799999999999998,0.24899999999999997,26.39855859375,81.4241826171875,29.399999999999995,9.441666666666666,199.54671223958334,199.231591796875,0.3151215277777778,13.371995442708332,64.5380859375,61.1365625,60.18495008680556,4.959595489501953,1.496792984008789,1.0650657653808593,1.2764667510986327,1.121269989013672,23.416796875,10.268359375,3.44609375,3.902734375,5.799609375,0.0
ann-repl,glove-100-angular,faiss,patched-repl,25,0.977149,9.49757369300005,1052.9004905084605,2026-03-16T18:01:44.534098,2026-03-16T18:01:54.135257,10,74.1,97.7,66.8,67.4,67.7,0.43599999999999994,56519.56800000001,0.20999999999999996,11519.365,15115.769999999999,15062.144999999999,14822.288,0.173,0.22499999999999995,0.22399999999999998,0.21999999999999997,0.762075964373631,0.073,65.386,58.48299999999999,0.0010200000000000003,0.0011799999999999998,0.24900000000000003,25.937591796874994,79.991650390625,28.849999999999998,9.283333333333333,199.2424685329861,198.93257921006946,0.3098893229166667,13.317598741319443,64.51757595486112,61.10472330729166,59.99268663194445,4.960850185818142,1.4967765808105469,1.0651715596516926,1.2776582505967882,1.1212437947591145,23.418836805555557,10.215277777777779,3.431857638888889,3.963107638888889,5.80859375,0.0
ann-repl,glove-100-angular,faiss,patched-repl,26,0.977149,9.535617430999991,1048.69979027161,2026-03-16T18:01:54.419183,2026-03-16T18:02:04.141100,10,74.1,97.6,64.9,65.9,72.1,0.422,56513.453,0.21199999999999997,11819.892,14842.145999999999,14886.420000000002,14964.994,0.177,0.22099999999999995,0.22199999999999998,0.22399999999999992,0.7898360667568594,0.07,66.10900000000001,59.17199999999999,0.00108,0.0011899999999999999,0.24899999999999997,25.7168515625,79.256685546875,28.566666666666666,9.216666666666667,182.86135449218753,182.5687666015625,0.292591796875,12.700357421875001,57.37742675781251,56.92288378906251,55.568095703125,4.960547977023655,1.4965938991970487,1.0650770399305556,1.27742428249783,1.1214527553982205,23.407552083333332,10.156684027777779,3.4448784722222223,3.9192708333333335,5.88671875,0.0
ann-repl,glove-100-angular,faiss,patched-repl,27,0.977149,9.3304386169998,1071.7609761432093,2026-03-16T18:02:04.424996,2026-03-16T18:02:13.830745,9,76.88888888888889,97.55555555555556,69.22222222222223,71.88888888888889,74.0,0.42444444444444446,62001.583333333336,0.23333333333333334,12271.703333333333,16655.72555555556,16445.07555555556,16629.078888888893,0.18444444444444447,0.24777777777777776,0.24444444444444446,0.24666666666666665,0.7367858753676495,0.06888888888888889,72.66333333333334,64.97555555555556,0.0010666666666666667,0.001188888888888889,0.21999999999999997,26.776410590277777,82.52258897569445,29.81481481481482,9.555555555555555,182.248662109375,181.9483603515625,0.300302734375,12.29833984375,58.097677734375,54.9455673828125,56.60677734375001,4.961772918701172,1.4965833028157551,1.065091027153863,1.2785873413085938,1.12151124742296,23.38715277777778,10.15407986111111,3.4288194444444446,3.9014756944444446,5.902777777777778,0.0
ann-repl,glove-100-angular,faiss,patched-repl,28,0.977149,9.319187603000046,1073.0549084322313,2026-03-16T18:02:14.114851,2026-03-16T18:02:23.512664,9,74.77777777777777,97.66666666666667,63.111111111111114,69.0,72.66666666666667,0.44111111111111106,62365.573333333334,0.23222222222222222,12351.09111111111,15860.003333333334,16772.67888888889,17381.79888888889,0.18444444444444447,0.23555555555555557,0.2488888888888889,0.2588888888888889,0.710576114133181,0.06777777777777777,71.63888888888887,64.18888888888888,0.0010555555555555557,0.0011555555555555555,0.2411111111111111,27.57038302951389,84.9171310763889,30.611111111111114,9.87037037037037,181.8556923828125,181.551912109375,0.30377832031250007,12.135001953124998,56.062706054687496,56.398958007812496,56.95524902343751,4.96149787902832,1.4967491149902343,1.0650562286376952,1.2784297943115235,1.1212627410888671,23.3625,10.221875,3.398828125,3.905859375,5.8359375,0.0
ann-repl,glove-100-angular,faiss,patched-repl,29,0.977149,9.35189822800021,1069.3016279902758,2026-03-16T18:02:23.796906,2026-03-16T18:02:33.221439,10,74.0,97.5,66.9,67.2,67.8,0.442,56650.523,0.211,11723.399999999998,14844.357,15307.257999999996,14775.507000000001,0.175,0.22099999999999995,0.22899999999999995,0.22100000000000003,0.7658719804683505,0.07499999999999998,65.69500000000001,58.79599999999999,0.00106,0.0011699999999999998,0.24899999999999997,25.853892578125,79.60218261718751,28.71666666666667,9.233333333333334,199.54983072916667,199.22771050347222,0.32212239583333335,12.828421223958332,64.65511284722224,62.330185546875,59.41399197048611,4.962648179796007,1.4966074625651042,1.0651931762695312,1.2795138888888888,1.1213336520724826,23.39626736111111,10.095052083333334,3.5238715277777777,3.9609375,5.81640625,0.0
ann-repl,glove-100-angular,faiss,patched-repl,30,0.977149,9.25049729500006,1081.0229635335445,2026-03-16T18:02:33.505261,2026-03-16T18:02:42.832869,9,77.44444444444444,97.66666666666667,68.88888888888889,72.77777777777777,76.33333333333333,0.4433333333333333,61962.54111111111,0.22999999999999998,12000.484444444444,16189.935555555554,17024.861111111113,16747.263333333332,0.1788888888888889,0.23888888888888887,0.25555555555555554,0.24999999999999994,0.7048800202318504,0.06666666666666668,71.44555555555556,63.95666666666668,0.0010444444444444444,0.0011666666666666665,0.21555555555555556,26.65011935763889,82.30246744791667,29.64814814814815,9.527777777777779,201.3680881076389,201.05456922743053,0.3135177951388889,13.197121310763889,63.20242296006945,64.03206488715279,60.62295789930555,4.962426927354601,1.5122116936577692,1.065065171983507,1.2638299730088975,1.121320088704427,23.436631944444443,10.264756944444445,3.424045138888889,3.8914930555555554,5.856336805555555,0.0
ann-repl,glove-100-angular,usearch,patched-repl,1,0.97573,4.223025235000023,2367.9706948281937,2026-03-16T18:06:09.989399,2026-03-16T18:06:14.212459,4,61.0,59.0,67.0,54.75,68.25,0.3825,96532.48249999998,0.36250000000000004,23988.245000000003,23050.5775,25887.315000000002,23606.345,0.3575,0.3425,0.385,0.35250000000000004,0.890419786679306,0.34500000000000003,585.0725,395.76,0.004325,0.007800000000000001,0.3625,27.80115478515625,67.84484130859374,24.458333333333332,9.791666666666666,98.69362060546874,74.29103271484374,24.402585449218748,14.727141113281249,15.474633789062501,28.034372558593752,16.05488525390625,5.06184196472168,1.6453094482421875,0.9258155822753906,1.4827489852905273,1.0083284378051758,23.7421875,10.5,3.1005859375,4.6767578125,5.46484375,0.0
ann-repl,glove-100-angular,usearch,patched-repl,2,0.97573,3.715362014999755,2691.5277595097714,2026-03-16T18:06:14.668552,2026-03-16T18:06:18.383954,4,68.25,66.25,82.75,53.75,80.25,0.535,114224.2825,0.42750000000000005,28367.73,28830.9475,29255.822500000002,27769.789999999997,0.425,0.43250000000000005,0.4375,0.41500000000000004,0.9492055812137907,0.24,619.9175,456.6375,0.004,0.0054,0.2775,27.36120361328125,64.15271240234375,23.020833333333332,9.520833333333334,120.66624674479168,94.83961263020832,25.826637369791666,16.992988281249996,21.228834635416664,35.5268359375,21.09095052083333,5.099006652832031,1.6465387344360352,0.943821907043457,1.4845695495605469,1.0240764617919922,23.9765625,10.49609375,3.16015625,4.77734375,5.54296875,0.0
ann-repl,glove-100-angular,usearch,patched-repl,3,0.97573,3.680536327000027,2716.995326643308,2026-03-16T18:06:18.827231,2026-03-16T18:06:22.507803,4,67.25,64.5,80.0,54.25,79.0,0.535,113680.96999999999,0.42500000000000004,28007.8025,28524.0225,29394.572500000002,27754.5675,0.42,0.4275,0.44000000000000006,0.41250000000000003,0.9442072171656859,0.24,615.785,453.8325,0.003975,0.0054,0.28500000000000003,28.181162109375,65.565771484375,23.541666666666668,9.833333333333334,114.81635742187501,89.84041992187501,24.975930989583333,16.138932291666666,19.972535807291667,33.685263671875,20.043688151041668,5.098997751871745,1.6465568542480469,0.9438374837239584,1.4845161437988281,1.0240872701009114,23.9921875,10.49609375,3.16015625,4.79296875,5.54296875,0.0
ann-repl,glove-100-angular,usearch,patched-repl,4,0.97573,3.7216114329999073,2687.0080823938206,2026-03-16T18:06:22.946351,2026-03-16T18:06:26.668002,4,67.5,64.75,81.5,54.25,81.25,0.5375000000000001,113617.84,0.425,27202.059999999998,28635.805000000004,29394.587499999998,28385.385000000002,0.40499999999999997,0.425,0.44,0.425,0.925410502868938,0.24,615.3824999999999,453.1775,0.00395,0.005375,0.28,27.381015625000003,63.94747070312499,23.0,9.583333333333334,99.08682373046875,77.78222900390625,21.30459228515625,14.577666015625,17.0355908203125,29.04114990234375,17.12782470703125,5.098884582519531,1.6465187072753906,0.9438006083170573,1.484509785970052,1.0240554809570312,23.837239583333332,10.49609375,3.16015625,4.638020833333333,5.54296875,0.0
ann-repl,glove-100-angular,usearch,patched-repl,5,0.97573,3.707484625000234,2697.246519262199,2026-03-16T18:06:27.110646,2026-03-16T18:06:30.818174,4,66.25,64.75,79.5,53.25,78.75,0.54,112651.4775,0.42250000000000004,27216.3375,28438.295,29303.5275,27693.32,0.4075,0.4225,0.4375,0.41,0.9287734215616192,0.24,610.255,449.45500000000004,0.00395,0.005350000000000001,0.29000000000000004,28.057856445312503,65.1580419921875,23.4375,9.791666666666666,99.18897460937501,77.59834716796875,21.590627441406248,14.643583984374999,17.05970458984375,29.039423828125003,16.85563232421875,5.0988922119140625,1.6465237935384114,0.9438018798828125,1.4845136006673176,1.0240529378255208,23.838541666666668,10.49609375,3.16015625,4.639322916666667,5.54296875,0.0
ann-repl,glove-100-angular,usearch,patched-repl,6,0.97573,3.772386249000192,2650.842024103532,2026-03-16T18:06:31.273465,2026-03-16T18:06:35.045891,4,65.5,67.75,73.75,48.0,77.5,0.5425,110874.17,0.41500000000000004,26729.16,27623.28,28595.53,27926.2,0.39999999999999997,0.41250000000000003,0.42500000000000004,0.42000000000000004,0.9347321067313668,0.2375,600.1025,442.0475,0.0039,0.005299999999999999,0.30000000000000004,27.53069580078125,64.07530029296875,23.0625,9.645833333333334,98.51025390625,77.10975341796875,21.40050048828125,14.196276855468751,16.8558642578125,28.7625732421875,17.2950390625,5.098926544189453,1.6465225219726562,0.9437971115112305,1.4845561981201172,1.0240507125854492,23.8759765625,10.49609375,3.16015625,4.6767578125,5.54296875,0.0
ann-repl,glove-100-angular,usearch,patched-repl,7,0.97573,3.7721929220001584,2650.9778812419872,2026-03-16T18:06:35.495659,2026-03-16T18:06:39.267893,3,68.0,63.0,81.0,56.333333333333336,81.0,0.53,133558.68333333335,0.49666666666666665,30465.606666666663,33630.200000000004,35133.43,34329.450000000004,0.4533333333333333,0.5,0.5233333333333333,0.51,0.8671401188744357,0.24,724.36,533.5099999999999,0.004,0.005433333333333334,0.28,32.093981119791664,74.64107747395833,26.888888888888886,11.25,96.77195556640625,75.91857177734374,20.853383789062498,14.119443359375001,16.3992724609375,28.43901123046875,16.96083984375,5.099003791809082,1.646531105041504,0.9438076019287109,1.4845991134643555,1.0240659713745117,23.9130859375,10.49609375,3.16015625,4.7138671875,5.54296875,0.0
ann-repl,glove-100-angular,usearch,patched-repl,8,0.97573,3.7440719199998966,2670.88886476312,2026-03-16T18:06:39.718023,2026-03-16T18:06:43.462135,4,67.25,66.25,80.5,53.25,80.75,0.535,114206.66,0.42750000000000005,28670.08,27806.975,29327.8175,28401.7875,0.4275,0.41250000000000003,0.4375,0.42500000000000004,0.9481433454773782,0.24,619.095,456.3475,0.004,0.0054,0.28500000000000003,27.92604736328125,65.1703759765625,23.395833333333332,9.666666666666666,119.41379231770834,93.640751953125,25.773030598958332,16.836276041666668,20.496393229166667,35.09104817708334,21.21703776041667,5.099069595336914,1.6465349197387695,0.9438199996948242,1.4846429824829102,1.0240716934204102,23.9521484375,10.49609375,3.16015625,4.7529296875,5.54296875,0.0
ann-repl,glove-100-angular,usearch,patched-repl,9,0.97573,3.74991483399981,2666.7272305311526,2026-03-16T18:06:43.914676,2026-03-16T18:06:47.664631,4,67.75,64.25,81.0,54.5,81.25,0.5375000000000001,113124.0575,0.4225,27447.56,27693.755,29395.67,28587.0675,0.41,0.41000000000000003,0.4375,0.42500000000000004,0.9337279946332233,0.24,613.1324999999999,451.56499999999994,0.00395,0.005375,0.28250000000000003,27.53226806640625,64.1674560546875,22.9375,9.645833333333334,99.15246826171875,77.754814453125,21.39765625,14.817373046875002,16.54359130859375,29.1101318359375,17.28371337890625,5.099056243896484,1.6465237935384114,0.9438031514485677,1.4846700032552083,1.0240592956542969,23.9921875,10.49609375,3.16015625,4.79296875,5.54296875,0.0
ann-repl,glove-100-angular,usearch,patched-repl,10,0.97573,3.742461106000064,2672.0384572514586,2026-03-16T18:06:48.111607,2026-03-16T18:06:51.854105,4,67.25,66.0,80.25,53.5,80.5,0.54,113003.0925,0.4225,27136.695,27865.252500000002,29420.745000000003,28580.4025,0.40499999999999997,0.41250000000000003,0.44000000000000006,0.43,0.9223660039880023,0.24,612.0725,450.675,0.00395,0.005350000000000001,0.28500000000000003,27.41765625,63.997880859375,22.916666666666668,9.604166666666666,98.71587890625,77.46130126953125,21.254580078125,14.570737304687501,16.68392822265625,28.96364990234375,17.2429833984375,5.098884582519531,1.6465237935384114,0.9437955220540365,1.484514872233073,1.0240503946940105,23.837239583333332,10.49609375,3.16015625,4.638020833333333,5.54296875,0.0
ann-repl,glove-100-angular,usearch,patched-repl,11,0.97573,3.824473080999723,2614.7392825643797,2026-03-16T18:06:52.294489,2026-03-16T18:06:56.119000,4,65.75,67.75,78.25,47.5,76.5,0.545,110440.7075,0.41500000000000004,26849.839999999997,27268.9375,28511.18,27810.75,0.39999999999999997,0.405,0.42500000000000004,0.41500000000000004,0.9417302265286809,0.2375,597.3975,440.34499999999997,0.0039,0.005275,0.2975,27.285009765625,63.06995849609375,22.645833333333332,9.479166666666666,98.17556640625,76.89502685546874,21.28053955078125,14.297666015625,16.5292822265625,28.81471923828125,17.25335693359375,5.09893798828125,1.6465253829956055,0.9437971115112305,1.4845600128173828,1.0240554809570312,23.876953125,10.49609375,3.16015625,4.677734375,5.54296875,0.0
ann-repl,glove-100-angular,usearch,patched-repl,12,0.97573,3.7823473670000567,2643.8608170278744,2026-03-16T18:06:56.558605,2026-03-16T18:07:00.340990,3,68.0,62.666666666666664,84.0,55.333333333333336,81.0,0.5333333333333333,131758.58333333334,0.49,29909.023333333334,33220.166666666664,34685.13,33944.263333333336,0.44333333333333336,0.49333333333333335,0.5166666666666667,0.5033333333333333,0.8623010302493702,0.24,713.9533333333333,525.69,0.003966666666666667,0.005399999999999999,0.28,31.574580078125,73.32521809895833,26.416666666666668,11.055555555555555,95.99766357421875,75.297861328125,20.69980224609375,13.986884765625001,16.2203515625,28.16526611328125,16.92535888671875,5.099004745483398,1.646531105041504,0.9438104629516602,1.4846000671386719,1.0240631103515625,23.9111328125,10.49609375,3.16015625,4.7119140625,5.54296875,0.0
ann-repl,glove-100-angular,usearch,patched-repl,13,0.97573,3.815466330000163,2620.9116095121126,2026-03-16T18:07:00.785006,2026-03-16T18:07:04.600510,4,67.5,65.75,82.25,53.0,81.0,0.535,114033.05249999999,0.42500000000000004,28366.785,27802.805,29420.3175,28443.14,0.425,0.41500000000000004,0.43750000000000006,0.42500000000000004,0.9450205627454564,0.24,617.6475,455.22499999999997,0.003975,0.0054,0.28500000000000003,27.70126953125,64.3549365234375,23.145833333333332,9.666666666666666,116.932412109375,91.73430013020834,25.19811197916667,16.528951822916667,20.037552083333335,34.390299479166664,20.777496744791666,5.098970413208008,1.6465673446655273,0.9438467025756836,1.484450340270996,1.0241060256958008,23.986328125,10.49609375,3.16015625,4.787109375,5.54296875,0.0
ann-repl,glove-100-angular,usearch,patched-repl,14,0.97573,3.690985630000341,2709.303422565499,2026-03-16T18:07:05.042225,2026-03-16T18:07:08.733249,4,67.0,63.0,81.5,54.5,79.0,0.5375000000000001,112697.25749999999,0.4225,27042.495000000003,28390.7275,29420.125,27843.91,0.40249999999999997,0.425,0.44,0.4125,0.9191835520753227,0.24,610.15,449.205,0.00395,0.005375,0.28250000000000003,27.84200927734375,64.69007080078124,23.333333333333332,9.729166666666666,99.339814453125,77.75447998046876,21.58533935546875,14.79694091796875,16.97950927734375,29.09065673828125,16.88737548828125,5.099035898844401,1.6465187072753906,0.9437980651855469,1.484667460123698,1.0240516662597656,23.9921875,10.49609375,3.16015625,4.79296875,5.54296875,0.0
ann-repl,glove-100-angular,usearch,patched-repl,15,0.97573,3.787355813999966,2640.3645422051413,2026-03-16T18:07:09.173982,2026-03-16T18:07:12.961378,4,66.5,66.75,80.25,51.0,79.25,0.5375000000000001,113158.9025,0.42250000000000004,27526.0725,27821.3175,29237.152500000004,28574.362499999996,0.41,0.415,0.43750000000000006,0.425,0.9414758328465809,0.2375,612.72,451.565,0.00395,0.005350000000000001,0.29000000000000004,27.98963134765625,64.75599853515625,23.1875,9.729166666666666,98.77467041015625,77.3551025390625,21.4195703125,14.50275634765625,16.641062011718752,28.8818603515625,17.3294189453125,5.099017143249512,1.6465167999267578,0.9437990188598633,1.4846525192260742,1.0240488052368164,23.9765625,10.49609375,3.16015625,4.77734375,5.54296875,0.0
ann-repl,glove-100-angular,usearch,patched-repl,16,0.97573,3.7679406749998634,2653.969598393521,2026-03-16T18:07:13.400981,2026-03-16T18:07:17.168960,3,67.0,63.0,79.0,54.333333333333336,80.0,0.53,138991.89,0.52,31685.63666666667,34986.69666666666,36332.37,35987.193333333336,0.47333333333333333,0.52,0.5433333333333333,0.5366666666666667,0.8721048658996555,0.24,753.7033333333334,555.1066666666667,0.004,0.005399999999999999,0.29,34.959326171875006,80.75092122395834,29.055555555555554,12.361111111111109,98.26681884765625,76.750810546875,21.51600830078125,14.1403173828125,16.7142626953125,28.57490966796875,17.32132080078125,5.099048614501953,1.6465206146240234,0.9437942504882812,1.4846811294555664,1.024052619934082,23.9921875,10.49609375,3.16015625,4.79296875,5.54296875,0.0
ann-repl,glove-100-angular,usearch,patched-repl,17,0.97573,3.7528835429998257,2664.6177227249136,2026-03-16T18:07:17.610954,2026-03-16T18:07:21.363875,3,69.0,62.0,84.0,56.0,82.0,0.5333333333333333,130302.00333333334,0.48666666666666664,29580.793333333335,32938.18666666667,34312.793333333335,33470.23,0.43999999999999995,0.49,0.51,0.5033333333333333,0.8620922536375646,0.24,706.9466666666667,520.62,0.003966666666666667,0.005433333333333334,0.27,30.695309244791662,71.321474609375,25.722222222222218,10.833333333333334,95.11792236328125,74.78556396484375,20.33236328125,14.02902587890625,16.1858154296875,27.948881835937502,16.62184326171875,5.099052429199219,1.6465234756469727,0.9438018798828125,1.4846696853637695,1.024057388305664,23.9921875,10.49609375,3.16015625,4.79296875,5.54296875,0.0
ann-repl,glove-100-angular,usearch,patched-repl,18,0.97573,3.7112430110000783,2694.5150102971224,2026-03-16T18:07:21.806335,2026-03-16T18:07:25.517612,4,68.25,64.25,82.25,53.5,82.0,0.535,114059.1175,0.42500000000000004,28487.6175,27752.739999999998,29421.337499999998,28397.425,0.425,0.41000000000000003,0.43750000000000006,0.42250000000000004,0.9432861439423004,0.24,617.4649999999999,454.8825,0.003975,0.0054,0.28,27.52627685546875,63.915395507812505,22.979166666666668,9.5625,116.62278971354165,91.607470703125,25.015319010416665,16.475885416666667,20.039586588541667,34.33219075520833,20.75980794270833,5.098989486694336,1.6465187072753906,0.9438095092773438,1.4846019744873047,1.0240592956542969,23.931640625,10.49609375,3.16015625,4.732421875,5.54296875,0.0
ann-repl,glove-100-angular,usearch,patched-repl,19,0.97573,3.7136367019998033,2692.778212423141,2026-03-16T18:07:25.958788,2026-03-16T18:07:29.672464,4,67.5,64.25,80.0,54.0,81.5,0.5375000000000001,113582.28,0.42500000000000004,27890.7575,27837.3775,29398.2925,28455.8475,0.415,0.41500000000000004,0.4375,0.42500000000000004,0.9469045693725239,0.24,614.9549999999999,453.08,0.00395,0.005375,0.28250000000000003,27.810666503906248,64.71073974609375,23.291666666666668,9.729166666666666,111.01946940104166,86.97681966145835,24.042646484375,15.637978515625,19.03677734375,32.58601236979167,19.7160546875,5.098991394042969,1.6465263366699219,0.9438006083170573,1.4846076965332031,1.0240567525227864,23.927083333333332,10.49609375,3.16015625,4.727864583333333,5.54296875,0.0
ann-repl,glove-100-angular,usearch,patched-repl,20,0.97573,3.7310123230004137,2680.237730214243,2026-03-16T18:07:30.112509,2026-03-16T18:07:33.843558,4,67.25,65.75,80.75,53.75,79.25,0.5375000000000001,113190.1875,0.425,27436.1625,28375.2075,29394.409999999996,27984.41,0.4075,0.4225,0.4375,0.415,0.9333802753652821,0.24,613.135,451.6625,0.00395,0.005350000000000001,0.28250000000000003,27.65210693359375,64.50078857421876,23.25,9.666666666666666,98.964052734375,77.57113525390625,21.39291748046875,14.73072509765625,16.89600830078125,29.02593505859375,16.91846435546875,5.098996480305989,1.646558125813802,0.9438362121582031,1.4845161437988281,1.0240859985351562,23.967447916666668,10.49609375,3.16015625,4.768229166666667,5.54296875,0.0
ann-repl,glove-100-angular,usearch,patched-repl,21,0.97573,3.677665136000087,2719.1165128416856,2026-03-16T18:07:34.284239,2026-03-16T18:07:37.961944,4,65.25,65.5,78.0,49.75,77.75,0.54,111536.845,0.41750000000000004,26541.225000000002,27997.807499999995,28908.122500000005,28089.6875,0.39499999999999996,0.41500000000000004,0.4325,0.41750000000000004,0.9181234443710413,0.2375,603.51,444.515,0.003925,0.005299999999999999,0.3025,28.042492675781247,64.84986572265625,23.375,9.8125,98.87135009765626,77.27744384765624,21.59390625,14.184897460937501,17.0248486328125,28.768955078125,17.298740234375,5.098883310953776,1.6465263366699219,0.9437955220540365,1.4845110575358074,1.0240503946940105,23.838541666666668,10.49609375,3.16015625,4.639322916666667,5.54296875,0.0
ann-repl,glove-100-angular,usearch,patched-repl,22,0.97573,3.734101806000126,2678.0201825058816,2026-03-16T18:07:38.400389,2026-03-16T18:07:42.134527,3,67.0,62.0,80.0,56.0,79.66666666666667,0.53,140588.20000000004,0.5233333333333333,31452.593333333334,36320.30333333334,36798.44,36016.85666666667,0.47,0.54,0.55,0.5366666666666667,0.8547262691932955,0.24,763.32,561.9333333333334,0.004,0.005433333333333334,0.28,34.75047526041667,80.82478515625,29.055555555555557,12.222222222222221,98.6565234375,77.178828125,21.47769775390625,14.250524902343749,17.08023681640625,28.744257812500003,17.10381103515625,5.09893798828125,1.6465234756469727,0.9438028335571289,1.4845571517944336,1.0240545272827148,23.8759765625,10.49609375,3.16015625,4.6767578125,5.54296875,0.0
ann-repl,glove-100-angular,usearch,patched-repl,23,0.97573,3.784967083000083,2642.0309029672426,2026-03-16T18:07:42.577996,2026-03-16T18:07:46.363001,3,67.0,60.666666666666664,82.0,55.0,80.0,0.53,132854.54,0.49666666666666665,30108.953333333335,34281.51666666667,34928.200000000004,33535.87,0.4466666666666666,0.51,0.52,0.5,0.862024190577623,0.24,719.6533333333333,529.9233333333333,0.004,0.005399999999999999,0.28,32.845257161458335,75.65311848958333,27.194444444444443,11.638888888888888,97.01171875,75.8588330078125,21.15288818359375,14.18008056640625,16.71267822265625,28.3542578125,16.6118115234375,5.0989837646484375,1.6465253829956055,0.9438085556030273,1.484593391418457,1.0240564346313477,23.9765625,10.49609375,3.16015625,4.77734375,5.54296875,0.0
ann-repl,glove-100-angular,usearch,patched-repl,24,0.97573,3.809035668999968,2625.3364024352704,2026-03-16T18:07:46.803897,2026-03-16T18:07:50.612971,4,68.25,66.0,82.75,55.0,77.5,0.535,114103.67249999999,0.42500000000000004,28334.9675,28626.6375,29305.657499999998,27836.409999999996,0.4225,0.42500000000000004,0.435,0.41500000000000004,0.9498647146886228,0.24,618.73,456.0675,0.004,0.005424999999999999,0.2775,27.3825,64.53232666015624,23.208333333333332,9.5,117.809560546875,92.55638346354168,25.25317708333333,16.592483723958335,20.649153645833334,34.684873046875,20.629879557291666,5.098980903625488,1.6465225219726562,0.9438095092773438,1.4845905303955078,1.0240583419799805,23.9140625,10.49609375,3.16015625,4.71484375,5.54296875,0.0
ann-repl,glove-100-angular,usearch,patched-repl,25,0.97573,3.763495489999968,2657.1042868448035,2026-03-16T18:07:51.054641,2026-03-16T18:07:54.818171,4,67.75,63.75,83.5,54.0,80.25,0.5375000000000001,112874.1,0.4225,26985.050000000003,27889.9775,29373.2,28625.8675,0.40249999999999997,0.4175,0.44,0.425,0.9186962945814553,0.24,611.635,450.36749999999995,0.00395,0.005375,0.28250000000000003,27.430270996093746,63.59439697265625,22.895833333333332,9.583333333333334,99.12072265625,77.73438964843751,21.38633056640625,14.696164550781251,16.60117431640625,29.03100341796875,17.40604736328125,5.099051157633464,1.6465225219726562,0.9438031514485677,1.4846700032552083,1.0240554809570312,23.9921875,10.49609375,3.16015625,4.79296875,5.54296875,0.0
ann-repl,glove-100-angular,usearch,patched-repl,26,0.97573,3.7231736399999136,2685.88064025943,2026-03-16T18:07:55.256641,2026-03-16T18:07:58.979847,4,67.5,67.0,81.25,53.5,79.25,0.5425,112399.8725,0.42000000000000004,27123.6175,27770.525,29133.5175,28372.215,0.40249999999999997,0.41500000000000004,0.43500000000000005,0.42250000000000004,0.9310107335991955,0.24,609.26,448.8025,0.003925,0.005325,0.28250000000000003,26.74771240234375,62.779755859375,22.5625,9.3125,98.05436767578125,77.12457763671875,20.9297900390625,14.4890576171875,16.59556640625,28.84184814453125,17.19810546875,5.098894755045573,1.6465212504069011,0.9437980651855469,1.4845186869303386,1.0240567525227864,23.837239583333332,10.49609375,3.16015625,4.638020833333333,5.54296875,0.0
ann-repl,glove-100-angular,usearch,patched-repl,27,0.97573,3.727752535000036,2682.5815034956186,2026-03-16T18:07:59.421051,2026-03-16T18:08:03.148840,4,65.0,72.0,70.75,44.75,71.5,0.5475,109687.5975,0.41250000000000003,27268.635,27333.415,27722.285,27363.26,0.40499999999999997,0.40750000000000003,0.41250000000000003,0.41000000000000003,0.9836359088004469,0.2375,594.3575000000001,437.76250000000005,0.0039,0.005275,0.30500000000000005,26.731777343749997,62.194645996093755,22.395833333333332,9.354166666666666,97.68516357421875,76.67204345703125,21.013115234375,14.29868408203125,16.87720458984375,28.373432617187504,17.122724609375,5.098931312561035,1.6465253829956055,0.9437952041625977,1.4845571517944336,1.0240535736083984,23.8740234375,10.49609375,3.16015625,4.6748046875,5.54296875,0.0
ann-repl,glove-100-angular,usearch,patched-repl,28,0.97573,3.741823088000274,2672.4940663467487,2026-03-16T18:08:03.590955,2026-03-16T18:08:07.332813,3,68.0,62.0,84.0,55.666666666666664,81.0,0.53,133489.86666666667,0.49666666666666665,29722.196666666667,34478.46666666667,35031.91,34257.29666666667,0.44333333333333336,0.51,0.5233333333333333,0.51,0.8484320913894408,0.24,723.8166666666666,532.6733333333333,0.004,0.005399999999999999,0.28,32.03506510416667,74.37870768229166,26.722222222222225,11.249999999999998,97.140400390625,76.18366943359375,20.956728515625,14.159697265624999,16.7173876953125,28.41172607421875,16.8948583984375,5.099045753479004,1.6465730667114258,0.9438266754150391,1.4845657348632812,1.0240802764892578,23.9755859375,10.49609375,3.16015625,4.7763671875,5.54296875,0.0
ann-repl,glove-100-angular,usearch,patched-repl,29,0.97573,3.815177061999748,2621.110327906627,2026-03-16T18:08:07.777402,2026-03-16T18:08:11.592614,4,66.25,64.75,79.75,51.75,81.25,0.535,114122.465,0.425,28795.0075,27826.774999999998,29263.0875,28237.595,0.43,0.41250000000000003,0.4375,0.42,0.9509172605248847,0.24,617.78,455.2875,0.003975,0.0054,0.29000000000000004,28.696711425781253,66.23445800781249,23.708333333333332,10.020833333333334,119.46521484375,93.35996093749999,26.105257161458336,16.8416015625,20.404352213541667,34.957096354166666,21.1569140625,5.0989274978637695,1.6465511322021484,0.9437942504882812,1.4845352172851562,1.0240468978881836,23.876953125,10.49609375,3.16015625,4.677734375,5.54296875,0.0
ann-repl,glove-100-angular,usearch,patched-repl,30,0.97573,3.763596575000065,2657.032920697625,2026-03-16T18:08:12.033235,2026-03-16T18:08:15.796873,4,67.75,66.25,82.25,53.25,81.5,0.5375000000000001,113179.76,0.4225,27620.502500000002,27767.66,29354.985,28436.6125,0.41,0.4125,0.4375,0.42500000000000004,0.9409135279748909,0.24,613.1175,451.65,0.00395,0.005375,0.28250000000000003,27.2475927734375,63.30191162109375,22.6875,9.416666666666666,98.9330615234375,77.67706298828125,21.25599365234375,14.825344238281248,16.585854492187497,29.0945654296875,17.171298828125,5.098960876464844,1.6465435028076172,0.9438018798828125,1.4845762252807617,1.0240545272827148,23.9140625,10.49609375,3.16015625,4.71484375,5.54296875,0.0
ann-repl,sift-128-euclidean,annoy,patched-repl,1,0.976098,3.906110123999952,2560.091672418021,2026-03-16T18:10:29.984206,2026-03-16T18:10:33.890337,4,73.75,87.0,44.0,43.75,35.75,0.1975,35761.6725,0.135,20619.8325,4665.49,6413.005,4063.3424999999997,0.31,0.07,0.0975,0.06,0.1970599179212537,0.39,382.4175,196.26749999999998,0.005275,0.01025,0.2975,18.94348876953125,57.06923583984375,20.458333333333332,6.520833333333333,61.69264404296875,42.73376220703125,18.958881835937497,28.324736328125002,4.08576416015625,6.8033203125,3.51994140625,6.254876136779785,2.6829357147216797,0.9548940658569336,1.726776123046875,0.8907508850097656,29.7421875,10.935546875,4.6875,7.76171875,6.357421875,0.0
ann-repl,sift-128-euclidean,annoy,patched-repl,2,0.976098,1.3858493000002454,7215.79178919254,2026-03-16T18:10:34.184473,2026-03-16T18:10:35.604318,2,82.5,79.5,88.0,78.5,85.5,0.375,51497.979999999996,0.19,13543.205000000002,13062.505000000001,13626.31,11265.965,0.2,0.195,0.20500000000000002,0.17,0.8267803242403851,0.245,388.36,290.815,0.0056,0.008150000000000001,0.2,13.5084228515625,39.7894091796875,14.125,4.541666666666667,52.374072265625,40.070537109375,12.30353515625,14.206337890625,7.72482421875,12.25984375,5.87953125,9.046613693237305,2.749887466430664,1.9528026580810547,2.4101791381835938,1.9338207244873047,32.767578125,10.837890625,5.478515625,8.640625,7.810546875,0.0
ann-repl,sift-128-euclidean,annoy,patched-repl,3,0.976098,0.8983618320003188,11131.372286524804,2026-03-16T18:10:35.891958,2026-03-16T18:10:36.820278,1,90.0,86.0,96.0,83.0,97.0,0.55,72378.69,0.27,17201.77,17825.5,19244.77,18106.65,0.26,0.26,0.29,0.27,0.8938412877888382,0.06,438.58,405.77,0.0056,0.0061,0.09,10.290595703125,26.949833984375,9.166666666666666,3.3333333333333335,136.461806640625,125.32427734375,11.137529296875,29.56564453125,30.2762890625,35.096904296875,30.3854296875,9.406871795654297,2.7468910217285156,2.0747604370117188,2.477733612060547,2.1074867248535156,32.77734375,10.828125,5.48828125,8.65234375,7.80859375,0.0
ann-repl,sift-128-euclidean,annoy,patched-repl,4,0.976098,0.921868581000126,10847.533158306684,2026-03-16T18:10:37.115918,2026-03-16T18:10:38.069473,1,90.0,86.0,96.0,83.0,97.0,0.56,63601.29,0.24,14847.89,15974.44,16878.9,15900.06,0.22,0.24,0.25,0.24,0.8796716610679605,0.06,387.43,359.52,0.0057,0.0061,0.09,8.927666015625,23.399052734375,8.083333333333334,2.8333333333333335,101.032236328125,92.6838671875,8.348369140625,21.76771484375,22.665390625,25.675390625,22.57537109375,9.400043487548828,2.7434349060058594,2.0737876892089844,2.474315643310547,2.1085052490234375,32.78125,10.82421875,5.48828125,8.6484375,7.8203125,0.0
ann-repl,sift-128-euclidean,annoy,patched-repl,5,0.976098,0.9093190839998896,10997.239776396482,2026-03-16T18:10:38.356581,2026-03-16T18:10:39.298353,1,90.0,85.0,96.0,84.0,97.0,0.56,64526.55,0.24,14455.44,16168.76,17419.96,16482.38,0.22,0.24,0.26,0.25,0.8298205047543163,0.06,388.46,360.71,0.0056,0.006,0.09,8.61443359375,22.720859375,7.75,2.6666666666666665,101.950126953125,93.81052734375,8.139599609375,21.58119140625,22.83134765625,26.33880859375,23.059169921875,9.417198181152344,2.7472076416015625,2.0782814025878906,2.478595733642578,2.1131134033203125,32.79296875,10.828125,5.4921875,8.6484375,7.82421875,0.0
ann-repl,sift-128-euclidean,annoy,patched-repl,6,0.976098,0.9793832269997438,10210.507719878093,2026-03-16T18:10:39.595352,2026-03-16T18:10:40.609559,2,90.0,86.0,96.0,84.0,97.0,0.56,76484.875,0.29000000000000004,18039.575,19215.65,19879.519999999997,19350.135000000002,0.27,0.28500000000000003,0.29500000000000004,0.28500000000000003,0.907445199884102,0.06,465.77,432.67999999999995,0.0056500000000000005,0.00605,0.09,10.299541015625,27.202382812499998,9.583333333333334,3.2916666666666665,90.736328125,83.503681640625,7.23265625,19.690224609375,20.411650390625,23.322646484375,20.079169921875,9.412559509277344,2.7463836669921875,2.0767669677734375,2.4772567749023438,2.112152099609375,32.78515625,10.828125,5.49609375,8.6484375,7.8125,0.0
ann-repl,sift-128-euclidean,annoy,patched-repl,7,0.976098,0.9189879610003118,10881.535367574426,2026-03-16T18:10:40.899372,2026-03-16T18:10:41.851033,1,90.0,85.0,96.0,83.0,97.0,0.56,70084.35,0.26,16386.28,17486.79,18634.11,17577.18,0.24,0.26,0.28,0.26,0.8793701443213546,0.06,424.02,393.12,0.0056,0.0061,0.09,9.79814453125,25.483359375,8.916666666666666,3.0833333333333335,135.79556640625,124.8371875,10.958369140625,29.296103515625,30.514267578125,34.47546875,30.551357421875,9.418258666992188,2.7475013732910156,2.078380584716797,2.4787635803222656,2.1136131286621094,32.78125,10.83203125,5.5,8.640625,7.80859375,0.0
ann-repl,sift-128-euclidean,annoy,patched-repl,8,0.976098,0.9202740010000524,10866.328929354844,2026-03-16T18:10:42.147281,2026-03-16T18:10:43.099177,1,90.0,85.0,96.0,82.0,97.0,0.56,63813.56,0.24,14881.4,16082.87,16829.6,16019.69,0.22,0.24,0.25,0.24,0.8842396729571708,0.06,388.02,359.58,0.0056,0.0061,0.09,9.148525390625,23.719580078125,8.416666666666666,2.9166666666666665,99.37666015625,91.137783203125,8.238876953125,21.40654296875,22.0408984375,25.455673828125,22.234677734375,9.406440734863281,2.7448654174804688,2.0753135681152344,2.4757423400878906,2.1105194091796875,32.78125,10.828125,5.5,8.64453125,7.80859375,0.0
ann-repl,sift-128-euclidean,annoy,patched-repl,9,0.976098,0.9063658610002676,11033.072217618585,2026-03-16T18:10:43.385589,2026-03-16T18:10:44.323933,1,90.0,86.0,96.0,83.0,97.0,0.57,63364.63,0.24,14643.55,15887.28,16845.12,15988.69,0.22,0.24,0.25,0.24,0.8693051756235634,0.06,380.66,352.96,0.0056,0.006,0.09,8.539296875,22.43509765625,7.666666666666667,2.5833333333333335,99.8441796875,91.8571484375,7.98703125,21.56294921875,22.3448046875,25.530927734375,22.41845703125,,,,,,,,,,,0.0
ann-repl,sift-128-euclidean,annoy,patched-repl,10,0.976098,0.965158810000048,10360.989193062956,2026-03-16T18:10:44.621181,2026-03-16T18:10:45.621406,1,90.0,86.0,97.0,83.0,97.0,0.56,87314.2,0.33,20984.04,22362.86,22134.38,21832.92,0.31,0.33,0.33,0.33,0.938343306714794,0.06,536.51,497.52,0.0057,0.0061,0.09,11.855869140625,31.280390625,10.916666666666666,3.8333333333333335,90.95537109375,83.648837890625,7.306533203125,19.77501953125,20.778046875,23.156201171875,19.9395703125,9.415576934814453,2.747058868408203,2.0775184631347656,2.4782180786132812,2.112781524658203,32.7890625,10.83203125,5.49609375,8.64453125,7.81640625,0.0
ann-repl,sift-128-euclidean,annoy,patched-repl,11,0.976098,0.9106545820000064,10981.112045840371,2026-03-16T18:10:45.912468,2026-03-16T18:10:46.856802,1,90.0,85.0,97.0,83.0,96.0,0.55,70498.96,0.26,16396.67,17647.59,18851.16,17603.54,0.24,0.26,0.28,0.26,0.8697963414453009,0.06,426.74,396.14,0.0056,0.0061,0.09,9.94357421875,25.84861328125,8.833333333333334,3.1666666666666665,135.600478515625,124.73240234375,10.8680859375,28.93140625,30.575634765625,34.506064453125,30.719287109375,9.421810150146484,2.7486953735351562,2.0792198181152344,2.479583740234375,2.1143112182617188,32.7890625,10.828125,5.5,8.64453125,7.81640625,0.0
ann-repl,sift-128-euclidean,annoy,patched-repl,12,0.976098,0.9200905089996922,10868.495981848397,2026-03-16T18:10:47.153517,2026-03-16T18:10:48.106604,1,90.0,85.0,96.0,84.0,97.0,0.56,63728.68,0.24,14548.22,16086.31,17015.16,16079.0,0.22,0.24,0.25,0.24,0.8550151747030295,0.06,387.86,359.54,0.0056,0.0061,0.09,8.83921875,23.16693359375,8.25,2.8333333333333335,99.945166015625,91.78802734375,8.157138671875,21.6407421875,22.050947265625,25.753037109375,22.34330078125,9.410655975341797,2.7458648681640625,2.0763206481933594,2.4769248962402344,2.1115455627441406,32.78515625,10.828125,5.49609375,8.6484375,7.8125,0.0
ann-repl,sift-128-euclidean,annoy,patched-repl,13,0.976098,0.9138606020001134,10942.587937496794,2026-03-16T18:10:48.398093,2026-03-16T18:10:49.344277,1,91.0,86.0,97.0,84.0,97.0,0.57,62706.96,0.23,14088.62,15629.83,17127.42,15861.09,0.21,0.23,0.26,0.24,0.8225768971625617,0.06,377.01,350.23,0.0056,0.006,0.09,8.13232421875,21.63056640625,7.416666666666667,2.5,98.845478515625,91.050263671875,7.795224609375,20.75486328125,22.198037109375,25.843515625,22.253857421875,,,,,,,,,,,0.0
ann-repl,sift-128-euclidean,annoy,patched-repl,14,0.976098,0.967039449999902,10340.839766155366,2026-03-16T18:10:49.642349,2026-03-16T18:10:50.645546,1,90.0,85.0,96.0,83.0,97.0,0.56,87336.95,0.33,20450.39,21976.71,22615.84,22294.01,0.31,0.33,0.34,0.33,0.9042507375361694,0.06,536.64,498.06,0.0057,0.0061,0.09,12.278076171875,32.0090625,11.333333333333334,3.9166666666666665,88.26732421875,81.229697265625,7.037626953125,19.084951171875,19.671435546875,22.79080078125,19.682509765625,9.41707992553711,2.747364044189453,2.0781707763671875,2.4784622192382812,2.1130828857421875,32.78515625,10.828125,5.4921875,8.6484375,7.81640625,0.0
ann-repl,sift-128-euclidean,annoy,patched-repl,15,0.976098,0.9063537450001604,11033.219706063255,2026-03-16T18:10:50.937245,2026-03-16T18:10:51.876080,1,90.0,86.0,96.0,83.0,97.0,0.56,68524.9,0.26,16167.52,16972.83,18175.61,17208.95,0.24,0.25,0.27,0.26,0.8895173256908572,0.06,414.12,384.09,0.0056,0.006,0.09,9.575078125,24.92970703125,8.666666666666666,2.9166666666666665,134.065078125,123.32716796875,10.73791015625,29.1226953125,29.5577734375,34.503232421875,30.143466796875,9.423965454101562,2.7490158081054688,2.0794219970703125,2.4804115295410156,2.1151161193847656,32.7890625,10.828125,5.4921875,8.64453125,7.82421875,0.0
ann-repl,sift-128-euclidean,annoy,patched-repl,16,0.976098,0.920839628000067,10859.65427195893,2026-03-16T18:10:52.172036,2026-03-16T18:10:53.126341,1,90.0,86.0,96.0,84.0,97.0,0.55,64069.53,0.24,15300.34,15773.28,17063.58,15932.33,0.23,0.24,0.25,0.24,0.8966664674118795,0.06,389.61,361.27,0.0056,0.0061,0.09,8.661640625,22.812099609375,8.0,2.5833333333333335,98.9844140625,91.0623046875,7.922109375,22.168837890625,21.779013671875,25.361796875,21.752646484375,9.411479949951172,2.7460289001464844,2.0763511657714844,2.47723388671875,2.111865997314453,32.78125,10.828125,5.49609375,8.640625,7.81640625,0.0
ann-repl,sift-128-euclidean,annoy,patched-repl,17,0.976098,0.9185200189999704,10887.07898918458,2026-03-16T18:10:53.419084,2026-03-16T18:10:54.369977,1,91.0,87.0,97.0,84.0,97.0,0.57,63085.67,0.23,15211.4,15095.07,16916.18,15863.02,0.23,0.22,0.25,0.24,0.89234508027226,0.06,379.01,351.84,0.0056,0.006,0.08,8.100078125,21.559853515625,7.416666666666667,2.3333333333333335,96.578984375,89.018974609375,7.56,21.328583984375,21.101474609375,24.840595703125,21.7483203125,,,,,,,,,,,0.0
ann-repl,sift-128-euclidean,annoy,patched-repl,18,0.976098,0.976750764999906,10238.026278895171,2026-03-16T18:10:54.669370,2026-03-16T18:10:55.683344,1,91.0,87.0,97.0,84.0,97.0,0.55,87356.55,0.33,20851.6,22220.58,22367.65,21916.72,0.31,0.33,0.33,0.33,0.932221310687533,0.06,536.14,497.24,0.0057,0.0061,0.09,11.560390625,30.63837890625,10.666666666666666,3.75,88.1621875,81.2684375,6.89375,19.34736328125,19.4860546875,22.843740234375,19.591259765625,9.4169921875,2.747875213623047,2.0777359008789062,2.4783401489257812,2.1130409240722656,32.78515625,10.828125,5.49609375,8.640625,7.8203125,0.0
ann-repl,sift-128-euclidean,annoy,patched-repl,19,0.976098,0.9069955550003216,11025.412357171315,2026-03-16T18:10:55.975049,2026-03-16T18:10:56.915881,1,90.0,85.0,96.0,83.0,97.0,0.55,65259.44,0.24,15432.65,16184.76,17313.29,16328.74,0.23,0.24,0.26,0.24,0.8913759314376412,0.06,394.4,365.94,0.0056,0.006,0.09,9.217158203125,23.92861328125,8.25,3.0,131.417294921875,120.80728515625,10.61001953125,27.822529296875,29.59685546875,33.995693359375,29.39220703125,9.425777435302734,2.7496414184570312,2.080047607421875,2.4807472229003906,2.1153411865234375,32.79296875,10.8359375,5.49609375,8.640625,7.8203125,0.0
ann-repl,sift-128-euclidean,annoy,patched-repl,20,0.976098,0.9165380519998508,10910.621744705946,2026-03-16T18:10:57.216527,2026-03-16T18:10:58.164995,1,90.0,85.0,96.0,83.0,97.0,0.56,63280.37,0.24,14135.71,16016.58,17206.78,15921.31,0.21,0.24,0.26,0.24,0.821519773019705,0.06,384.29,356.62,0.0056,0.0061,0.09,8.7933203125,22.80521484375,7.916666666666667,2.6666666666666665,97.3637109375,89.390625,7.9730859375,20.9114453125,21.977236328125,24.654072265625,21.84787109375,9.411033630371094,2.7461166381835938,2.076213836669922,2.4772300720214844,2.1114730834960938,32.78515625,10.828125,5.5,8.640625,7.81640625,0.0
ann-repl,sift-128-euclidean,annoy,patched-repl,21,0.976098,0.9070584780001808,11024.647520022414,2026-03-16T18:10:58.456937,2026-03-16T18:10:59.397247,1,90.0,86.0,96.0,82.0,97.0,0.57,62993.53,0.23,15025.15,15622.58,16469.37,15876.42,0.22,0.23,0.25,0.24,0.9123087282634369,0.06,378.51,351.61,0.0056,0.006,0.09,8.649560546875,22.682373046875,7.916666666666667,2.6666666666666665,98.028359375,90.14982421875,7.87853515625,21.476806640625,21.74279296875,24.681630859375,22.248603515625,,,,,,,,,,,0.0
ann-repl,sift-128-euclidean,annoy,patched-repl,22,0.976098,0.956766511999831,10451.870832203382,2026-03-16T18:10:59.694689,2026-03-16T18:11:00.686037,1,91.0,87.0,96.0,84.0,97.0,0.55,87303.24,0.32,20682.27,22212.41,22380.95,22027.6,0.31,0.33,0.33,0.33,0.9241015238405876,0.06,534.99,496.94,0.0057,0.0061,0.09,11.650966796875,30.827666015625,10.666666666666666,3.8333333333333335,89.411767578125,82.272841796875,7.13892578125,19.25419921875,20.003349609375,23.08185546875,19.933427734375,9.41738510131836,2.7475051879882812,2.0779075622558594,2.4786643981933594,2.1133079528808594,32.78515625,10.828125,5.5,8.640625,7.81640625,0.0
ann-repl,sift-128-euclidean,annoy,patched-repl,23,0.976098,0.9094243819999974,10995.96645738494,2026-03-16T18:11:00.979860,2026-03-16T18:11:01.922637,1,90.0,86.0,96.0,84.0,97.0,0.56,65107.68,0.24,15150.71,16263.93,17487.51,16205.53,0.23,0.24,0.26,0.24,0.866373200072509,0.06,393.86,365.51,0.0056,0.006,0.09,8.698466796875,22.979228515625,7.75,2.6666666666666665,131.47482421875,121.15048828125,10.3243359375,27.796728515625,29.692607421875,33.801708984375,29.859443359375,9.428398132324219,2.750293731689453,2.080657958984375,2.4815216064453125,2.115924835205078,32.796875,10.83203125,5.5,8.64453125,7.8203125,0.0
ann-repl,sift-128-euclidean,annoy,patched-repl,24,0.976098,0.9072144890001256,11022.751643904374,2026-03-16T18:11:02.222149,2026-03-16T18:11:03.161738,1,91.0,86.0,96.0,85.0,97.0,0.55,64789.38,0.24,14783.67,16289.1,17394.49,16322.12,0.22,0.24,0.26,0.24,0.8499053435886881,0.06,393.57,364.85,0.0056,0.0061,0.09,8.47720703125,22.59916015625,7.75,2.6666666666666665,98.180400390625,90.31953125,7.860869140625,21.3874609375,22.1440625,24.990419921875,21.797587890625,9.416946411132812,2.74761962890625,2.0777740478515625,2.4785194396972656,2.1130332946777344,32.78515625,10.828125,5.5,8.640625,7.81640625,0.0
ann-repl,sift-128-euclidean,annoy,patched-repl,25,0.976098,0.9105801290002092,10982.00990941864,2026-03-16T18:11:03.454578,2026-03-16T18:11:04.398177,1,90.0,85.0,97.0,83.0,97.0,0.57,63105.0,0.24,14665.27,15775.98,16975.14,15688.61,0.22,0.24,0.25,0.23,0.8639263063515236,0.06,379.42,352.07,0.0056,0.006,0.09,8.67515625,22.659814453125,7.583333333333333,2.75,97.343388671875,89.44794921875,7.89544921875,20.9605078125,21.905498046875,24.946513671875,21.6354296875,,,,,,,,,,,0.0
ann-repl,sift-128-euclidean,annoy,patched-repl,26,0.976098,0.9649446590001388,10363.28861632526,2026-03-16T18:11:04.696600,2026-03-16T18:11:05.696923,1,90.0,86.0,96.0,84.0,97.0,0.56,86964.69,0.32,20199.2,21992.84,22485.61,22287.05,0.3,0.33,0.34,0.33,0.8983167456875754,0.06,533.15,494.79,0.0057,0.0061,0.09,11.7051171875,30.913984375,10.916666666666666,3.75,89.36359375,82.051875,7.31171875,19.337158203125,19.165791015625,23.449873046875,20.099052734375,9.419120788574219,2.748199462890625,2.0782928466796875,2.478954315185547,2.113697052001953,32.78515625,10.828125,5.5,8.640625,7.81640625,0.0
ann-repl,sift-128-euclidean,annoy,patched-repl,27,0.976098,0.9039956310002708,11062.000364907744,2026-03-16T18:11:05.989382,2026-03-16T18:11:06.928155,1,90.0,86.0,96.0,84.0,97.0,0.56,64947.55,0.24,15220.92,16139.2,17276.88,16310.55,0.23,0.24,0.26,0.24,0.8809993471043382,0.06,392.92,364.62,0.0056,0.006,0.09,8.651728515625,23.011845703125,8.166666666666666,2.75,131.75041015625,121.3835546875,10.366865234375,28.46630859375,29.612734375,33.878046875,29.42646484375,9.430301666259766,2.750782012939453,2.0811004638671875,2.4818801879882812,2.1165390014648438,32.796875,10.83203125,5.50390625,8.64453125,7.81640625,0.0
ann-repl,sift-128-euclidean,annoy,patched-repl,28,0.976098,0.902848318999986,11076.057616274027,2026-03-16T18:11:07.230331,2026-03-16T18:11:08.165487,1,90.0,85.0,96.0,84.0,97.0,0.55,64423.61,0.24,15102.68,16106.41,17243.87,15970.64,0.22,0.24,0.26,0.24,0.8758289177545413,0.06,390.65,362.35,0.0056,0.0061,0.09,8.935703125,23.38455078125,8.083333333333334,2.75,98.76787109375,90.65197265625,8.115908203125,21.603515625,21.73255859375,25.38259765625,21.933291015625,9.419357299804688,2.748249053955078,2.0783309936523438,2.479076385498047,2.1137008666992188,32.7890625,10.83203125,5.5,8.640625,7.81640625,0.0
ann-repl,sift-128-euclidean,annoy,patched-repl,29,0.976098,0.8967123309998897,11151.848429305508,2026-03-16T18:11:08.457608,2026-03-16T18:11:09.387435,1,90.0,85.0,96.0,83.0,97.0,0.56,64004.56,0.24,14714.67,16200.13,17236.47,15853.29,0.22,0.24,0.26,0.24,0.853693940812707,0.06,385.11,357.61,0.0056,0.006,0.09,8.893359375,23.20302734375,8.083333333333334,2.6666666666666665,97.307802734375,89.375859375,7.931943359375,20.62916015625,22.407587890625,24.6500390625,21.689052734375,,,,,,,,,,,0.0
ann-repl,sift-128-euclidean,annoy,patched-repl,30,0.976098,0.9572694230000708,10446.379838039871,2026-03-16T18:11:09.688269,2026-03-16T18:11:10.683018,1,90.0,86.0,96.0,83.0,97.0,0.55,87347.28,0.33,20834.38,22071.86,22371.56,22069.48,0.31,0.33,0.33,0.33,0.9312886539874734,0.06,535.79,497.22,0.0057,0.0061,0.09,12.00037109375,31.504404296875,11.083333333333334,3.75,91.226611328125,83.952119140625,7.2744921875,19.656171875,19.9896484375,23.603271484375,20.70302734375,9.421550750732422,2.748779296875,2.0789947509765625,2.47955322265625,2.1142234802246094,32.7890625,10.83203125,5.5,8.640625,7.81640625,0.0
ann-repl,sift-128-euclidean,faiss,patched-repl,1,0.978358,3.962323693999678,2523.7715977479174,2026-03-16T18:08:56.426774,2026-03-16T18:09:00.461681,4,70.5,65.0,66.5,80.75,64.5,0.3325,20710.9425,0.0775,2965.325,5357.7875,6492.1925,5895.635,0.042499999999999996,0.0825,0.0975,0.0875,0.45675247614731074,0.245,55.527499999999996,41.22,0.002525,0.004225,0.2725,14.7204052734375,46.67428466796875,16.5625,4.916666666666667,129.43899414062503,126.88311279296875,2.5558813476562503,6.80814697265625,39.3665283203125,41.137792968750006,39.5706494140625,4.753109931945801,1.4930095672607422,1.0289068222045898,1.1934099197387695,1.038264274597168,22.6201171875,10.08203125,3.302734375,3.703125,5.5322265625,0.0
ann-repl,sift-128-euclidean,faiss,patched-repl,2,0.978358,2.6792131510001127,3732.4391291029383,2026-03-16T18:09:00.745057,2026-03-16T18:09:03.516262,3,75.33333333333333,97.0,68.66666666666667,73.0,69.33333333333333,0.24,27218.203333333327,0.10333333333333335,5341.2,6825.076666666667,7500.433333333333,7551.493333333333,0.08,0.10333333333333335,0.11,0.11333333333333333,0.707303809224489,0.10333333333333335,56.98666666666666,49.356666666666676,0.0017666666666666666,0.002033333333333333,0.23666666666666666,24.476630859375003,73.26044596354167,26.333333333333332,8.694444444444445,252.4876220703125,251.81999023437498,0.66763671875,11.3852880859375,81.5301806640625,77.05602050781249,81.84850097656249,4.938289642333984,1.4975001017252605,1.0883941650390625,1.2569948832194011,1.095441182454427,23.6328125,9.99609375,3.65234375,4.071614583333333,5.912760416666667,0.0
ann-repl,sift-128-euclidean,faiss,patched-repl,3,0.978358,2.790108704999966,3584.0897460660485,2026-03-16T18:09:03.797486,2026-03-16T18:09:06.665483,3,74.66666666666667,97.0,67.0,63.666666666666664,75.0,0.24,27058.446666666667,0.10000000000000002,5540.646666666667,7003.463333333333,7458.173333333333,7056.166666666667,0.08333333333333333,0.10333333333333333,0.11,0.10666666666666667,0.742895936985464,0.09666666666666668,57.64666666666667,50.07,0.0018333333333333333,0.002133333333333333,0.24333333333333332,25.324583333333333,75.31660807291667,27.027777777777775,9.0,249.068076171875,248.42466796875,0.6434130859375,11.3744677734375,79.44103515625,76.9019482421875,80.707216796875,4.959444681803386,1.4973131815592449,1.0880457560221355,1.2787488301595051,1.0953369140625,23.725260416666668,10.16796875,3.4869791666666665,4.134114583333333,5.936197916666667,0.0
ann-repl,sift-128-euclidean,faiss,patched-repl,4,0.978358,2.7223414279997087,3673.308534024583,2026-03-16T18:09:06.950359,2026-03-16T18:09:09.756128,3,82.0,96.66666666666667,80.0,70.33333333333333,83.66666666666667,0.26,27099.54333333333,0.09999999999999999,5221.983333333334,7309.436666666666,7360.6033333333335,7207.52,0.07666666666666667,0.10666666666666667,0.11,0.11,0.7094504481290257,0.10333333333333333,57.02,49.24666666666667,0.0017666666666666666,0.0020666666666666663,0.17333333333333334,23.931409505208332,71.583193359375,25.694444444444443,8.444444444444445,178.63235677083335,178.15527018229167,0.47708984374999996,10.606829427083333,58.90717773437499,51.94403971354166,56.69722981770834,4.942830403645833,1.4975725809733074,1.0880190531412761,1.2624359130859375,1.0948028564453125,23.647135416666668,10.227864583333334,3.6223958333333335,4.1171875,5.6796875,0.0
ann-repl,sift-128-euclidean,faiss,patched-repl,5,0.978358,2.556120393999663,3912.178793876216,2026-03-16T18:09:10.037256,2026-03-16T18:09:12.672892,3,83.0,97.0,80.66666666666667,85.0,75.66666666666667,0.2733333333333334,27354.77,0.10000000000000002,5161.816666666667,7321.563333333334,8101.3533333333335,6770.040000000001,0.07666666666666667,0.10666666666666667,0.12,0.10000000000000002,0.637154862191749,0.10666666666666667,56.833333333333336,49.126666666666665,0.0017666666666666666,0.002,0.16333333333333333,23.78575846354167,71.35472330729166,25.722222222222225,8.444444444444445,238.585205078125,237.89347167968748,0.6917333984375,9.971796874999999,77.05537109375001,78.8463134765625,72.0199951171875,4.9599761962890625,1.497454325358073,1.0880495707194011,1.2792561848958333,1.0952186584472656,23.73046875,10.259114583333334,3.59765625,3.921875,5.951822916666667,0.0
ann-repl,sift-128-euclidean,faiss,patched-repl,6,0.978358,2.7292961589996594,3663.948291952749,2026-03-16T18:09:12.957923,2026-03-16T18:09:15.776245,3,79.33333333333333,96.66666666666667,68.33333333333333,81.0,79.0,0.26666666666666666,27063.39333333333,0.09999999999999999,5271.283333333334,6556.77,8249.583333333334,6985.760000000001,0.07666666666666667,0.09666666666666668,0.12,0.10333333333333335,0.6389757058437295,0.10333333333333333,55.53666666666667,48.05666666666667,0.0017666666666666666,0.0020333333333333336,0.20000000000000004,24.42017578125,72.924296875,26.11111111111111,8.666666666666666,177.40323567708333,176.925859375,0.477373046875,10.6431640625,53.78856119791667,57.870852864583334,54.62328450520834,4.943759918212891,1.4974454243977864,1.0881932576497395,1.2629381815592449,1.0951830546061199,23.639322916666668,10.16796875,3.5716145833333335,3.92578125,5.973958333333333,0.0
ann-repl,sift-128-euclidean,faiss,patched-repl,7,0.978358,2.3951062529999945,4175.18011465023,2026-03-16T18:09:16.058470,2026-03-16T18:09:18.531245,3,85.33333333333333,96.33333333333333,76.33333333333333,89.0,83.33333333333333,0.29000000000000004,27570.61,0.10333333333333335,4575.593333333333,6931.41,8981.71,7081.899999999999,0.07,0.10333333333333335,0.13333333333333333,0.10333333333333333,0.5094345434592448,0.11,55.586666666666666,47.86333333333334,0.0016666666666666663,0.0019333333333333331,0.14333333333333334,21.700940755208336,65.81769531249999,23.63888888888889,7.722222222222222,238.097373046875,237.4202734375,0.677109375,9.6254541015625,74.4237353515625,78.0958837890625,75.2752001953125,4.961036682128906,1.4973246256510417,1.0881207784016926,1.2804361979166667,1.0951627095540364,23.739583333333332,10.21484375,3.5403645833333335,4.016927083333333,5.967447916666667,0.0
ann-repl,sift-128-euclidean,faiss,patched-repl,8,0.978358,2.5012281450003684,3998.035932863104,2026-03-16T18:09:18.816911,2026-03-16T18:09:21.402040,2,90.0,96.0,87.0,91.5,90.5,0.28,36888.14,0.135,4855.1849999999995,9681.21,12079.365,10272.385,0.075,0.14500000000000002,0.18,0.155,0.4019404165699107,0.11000000000000001,76.59,66.025,0.0018,0.0021000000000000003,0.095,22.574951171875,69.165146484375,24.958333333333332,7.916666666666667,254.79953613281253,254.1090087890625,0.6905322265625,11.413408203125,76.6715380859375,89.90848632812501,76.1155712890625,4.944826761881511,1.4975611368815105,1.0880279541015625,1.2642593383789062,1.0949783325195312,23.729166666666668,10.3046875,3.5091145833333335,3.9973958333333335,5.91796875,0.0
ann-repl,sift-128-euclidean,faiss,patched-repl,9,0.978358,2.7280211349998353,3665.6607500955465,2026-03-16T18:09:21.683561,2026-03-16T18:09:24.487737,2,89.0,96.0,87.0,90.5,90.0,0.26,37596.035,0.14,5381.455,10199.645,11490.970000000001,10523.965,0.08,0.155,0.16999999999999998,0.155,0.4683203419728708,0.10500000000000001,79.975,68.935,0.00185,0.00215,0.1,24.91244140625,76.19173828125,27.541666666666668,8.791666666666666,176.37462890625,175.81763346354168,0.5569954427083333,10.298619791666667,55.424404296875004,54.93476236979166,55.15984375,4.962276458740234,1.4973538716634114,1.0881398518880208,1.2816518147786458,1.0951309204101562,23.6875,10.153645833333334,3.6080729166666665,4.10546875,5.8203125,0.0
ann-repl,sift-128-euclidean,faiss,patched-repl,10,0.978358,2.792089226999906,3581.547431686121,2026-03-16T18:09:24.774344,2026-03-16T18:09:27.651082,3,74.0,97.0,70.33333333333333,66.33333333333333,63.0,0.24666666666666667,26978.913333333334,0.10000000000000002,5493.81,6784.176666666666,7256.756666666667,7444.163333333334,0.08333333333333333,0.10333333333333335,0.11,0.11,0.7380023454617017,0.10333333333333335,56.30333333333334,48.706666666666656,0.0018333333333333333,0.0020666666666666667,0.25333333333333335,25.536927083333335,75.90553385416668,27.416666666666668,9.111111111111112,248.0397607421875,247.3920263671875,0.6477392578125,11.201396484375,80.81080078125,73.4144970703125,81.96533203125,4.946052551269531,1.4974390665690105,1.0882314046223958,1.2650782267252605,1.0953038533528645,23.782552083333332,10.27734375,3.6302083333333335,3.9010416666666665,5.973958333333333,0.0
ann-repl,sift-128-euclidean,faiss,patched-repl,11,0.978358,2.757555764999779,3626.399917972575,2026-03-16T18:09:27.932341,2026-03-16T18:09:30.784290,3,81.0,96.66666666666667,77.0,75.66666666666667,82.0,0.25333333333333335,27328.26,0.09999999999999999,5211.76,6797.303333333333,7898.383333333334,7420.816666666666,0.07666666666666667,0.09999999999999999,0.12000000000000001,0.10999999999999999,0.6598514885957675,0.10333333333333333,57.97333333333333,50.14333333333334,0.0018333333333333333,0.0020666666666666663,0.18666666666666668,24.238017578125,72.416259765625,26.0,8.583333333333332,179.09431315104166,178.57137044270834,0.5229361979166667,10.315751953125,56.77322265625,55.02971028645833,56.45270182291667,4.963209788004558,1.4974746704101562,1.0878524780273438,1.2824249267578125,1.0954424540201824,23.876302083333332,10.251302083333334,3.5221354166666665,3.9973958333333335,6.10546875,0.0
ann-repl,sift-128-euclidean,faiss,patched-repl,12,0.978358,2.528883421000046,3954.314349550168,2026-03-16T18:09:31.070219,2026-03-16T18:09:33.697053,3,84.33333333333333,96.33333333333333,77.66666666666667,83.0,87.33333333333333,0.3033333333333333,27276.873333333337,0.10333333333333333,4651.583333333333,6718.796666666666,7897.926666666666,8008.576666666668,0.06999999999999999,0.09999999999999999,0.11666666666666665,0.12000000000000001,0.5808252236248388,0.10333333333333333,54.32,46.81,0.0016666666666666663,0.0019666666666666665,0.15,22.03779296875,66.562275390625,23.88888888888889,7.805555555555556,240.07504394531253,239.40201171875,0.6730322265625,9.174042968750001,74.6388671875,76.851435546875,78.7376611328125,4.946832021077474,1.4973538716634114,1.0880788167317708,1.26617431640625,1.0952250162760417,23.665364583333332,10.157552083333334,3.52734375,4.065104166666667,5.915364583333333,0.0
ann-repl,sift-128-euclidean,faiss,patched-repl,13,0.978358,2.689391242000056,3718.3135885291144,2026-03-16T18:09:33.979029,2026-03-16T18:09:36.747770,3,82.0,96.66666666666667,64.33333333333333,81.66666666666667,85.66666666666667,0.27666666666666667,27079.920000000002,0.09999999999999999,5018.206666666666,6848.053333333333,7499.283333333333,7714.376666666666,0.07666666666666667,0.10333333333333333,0.11333333333333333,0.11666666666666668,0.6505006021225305,0.10333333333333333,55.71,48.096666666666664,0.0017333333333333333,0.002,0.17666666666666667,23.714580078125,71.04387369791667,25.583333333333332,8.416666666666666,177.33713867187498,176.83932942708336,0.4978092447916667,10.069837239583334,51.427776692708335,56.220690104166664,59.121022135416666,4.963734944661458,1.4972483317057292,1.11224365234375,1.259198506673177,1.095044453938802,23.6484375,10.2421875,3.5846354166666665,3.8841145833333335,5.9375,0.0
ann-repl,sift-128-euclidean,faiss,patched-repl,14,0.978358,2.8506432649996896,3507.9801540867616,2026-03-16T18:09:37.033834,2026-03-16T18:09:39.967375,3,80.66666666666667,96.33333333333333,78.66666666666667,77.0,77.0,0.27,26608.47333333334,0.09999999999999999,4990.04,6942.213333333333,7689.03,6987.196666666667,0.07333333333333333,0.10666666666666667,0.11333333333333334,0.10666666666666667,0.6489817311156284,0.10333333333333333,54.48,46.97,0.0017333333333333333,0.002033333333333333,0.18666666666666668,23.78659505208333,71.84297200520832,25.86111111111111,8.388888888888888,175.83477864583335,175.35038736979163,0.48439127604166665,10.485579427083334,57.415009765625,53.932109375,53.51768229166666,4.947512308756511,1.4970728556315105,1.0899887084960938,1.2653732299804688,1.0950775146484375,23.576822916666668,10.165364583333334,3.5859375,4.03125,5.794270833333333,0.0
ann-repl,sift-128-euclidean,faiss,patched-repl,15,0.978358,2.7742218799999137,3604.614350457185,2026-03-16T18:09:40.249062,2026-03-16T18:09:43.106881,3,83.0,97.33333333333333,76.66666666666667,83.66666666666667,82.66666666666667,0.26,26936.456666666665,0.10000000000000002,5212.916666666667,6730.103333333333,8013.75,6979.686666666666,0.07666666666666667,0.09999999999999999,0.12000000000000001,0.10333333333333333,0.6504965424010816,0.12000000000000001,57.68,49.70666666666667,0.0018333333333333333,0.0021333333333333334,0.16666666666666666,24.009427083333335,71.72257486979167,25.75,8.5,177.96603515625,177.4734928385417,0.49253906249999996,10.243636067708334,54.874000651041676,55.751910807291665,56.603955078125004,4.964754104614258,1.49737548828125,1.0900688171386719,1.2824172973632812,1.0948925018310547,23.9140625,10.208984375,3.548828125,4.109375,6.046875,0.0
ann-repl,sift-128-euclidean,faiss,patched-repl,16,0.978358,2.8289240170001904,3534.9128997123316,2026-03-16T18:09:43.392916,2026-03-16T18:09:46.301398,3,80.33333333333333,97.0,77.0,78.0,79.66666666666667,0.25666666666666665,27004.803333333333,0.09999999999999999,5004.166666666667,7554.676666666666,7502.293333333332,6943.666666666667,0.07333333333333333,0.11333333333333333,0.10999999999999999,0.10333333333333333,0.6623932283887729,0.12333333333333334,57.47333333333333,49.676666666666655,0.0017666666666666666,0.0020666666666666667,0.19000000000000003,23.306839192708335,70.16903320312501,25.194444444444443,8.25,175.1388997395833,174.63354166666667,0.505361328125,9.697659505208334,59.45412434895834,51.80868815104166,53.673063151041674,4.952191670735677,1.4972826639811199,1.0888099670410156,1.2710533142089844,1.0952059427897136,23.696614583333332,10.217447916666666,3.59375,3.9088541666666665,5.9765625,0.0
ann-repl,sift-128-euclidean,faiss,patched-repl,17,0.978358,2.94737164199978,3392.8534350744585,2026-03-16T18:09:46.583079,2026-03-16T18:09:49.603027,3,70.66666666666667,97.33333333333333,59.0,61.666666666666664,66.33333333333333,0.22,26936.843333333334,0.10333333333333335,5953.366666666666,7358.106666666667,6817.45,6807.923333333333,0.08666666666666667,0.10666666666666667,0.09999999999999999,0.10333333333333335,0.8090894759159059,0.09666666666666668,59.193333333333335,51.19333333333333,0.0018666666666666666,0.002166666666666666,0.2866666666666667,27.164495442708333,80.57772786458334,29.027777777777782,9.666666666666666,174.1436979166667,173.64249348958333,0.5012109375,9.786988932291667,58.910244140625004,50.575481770833335,54.36978190104168,4.965797424316406,1.4971059163411458,1.0891176859537761,1.2843844095865886,1.0951894124348958,23.846354166666668,10.048177083333334,3.7122395833333335,4.0625,6.0234375,0.0
ann-repl,sift-128-euclidean,faiss,patched-repl,18,0.978358,2.8750585379998483,3478.1900499865674,2026-03-16T18:09:49.889089,2026-03-16T18:09:52.845437,3,79.0,96.66666666666667,78.0,72.0,72.33333333333333,0.23666666666666666,26986.976666666666,0.09999999999999999,5366.05,7098.776666666668,7736.483333333334,6785.666666666667,0.08333333333333333,0.10666666666666667,0.11333333333333333,0.10000000000000002,0.6936032521235962,0.09999999999999999,58.21666666666666,50.42666666666667,0.0018333333333333333,0.0021,0.20333333333333334,24.87155598958333,74.95028645833334,27.027777777777782,8.86111111111111,178.06681315104166,177.59942057291667,0.46739257812499996,10.682548828125,59.03082682291666,54.64661458333333,53.23943359375,4.9496103922526045,1.4974657694498699,1.0890757242838542,1.2682342529296875,1.0948346455891926,23.5703125,10.158854166666666,3.6223958333333335,4.0703125,5.71875,0.0
ann-repl,sift-128-euclidean,faiss,patched-repl,19,0.978358,2.74335699500034,3645.1690458896182,2026-03-16T18:09:53.127145,2026-03-16T18:09:55.952698,3,83.33333333333333,96.66666666666667,79.0,85.33333333333333,81.0,0.26666666666666666,26870.75,0.10000000000000002,5120.43,6474.926666666666,8408.733333333334,6866.670000000001,0.07666666666666667,0.09666666666666668,0.12666666666666668,0.10333333333333333,0.6089418937453918,0.10666666666666667,57.02,49.38333333333333,0.0018333333333333333,0.0021333333333333334,0.16,23.624498697916668,70.94680338541667,25.41666666666666,8.333333333333332,178.1034765625,177.60209960937502,0.5013704427083333,10.3015625,55.632880859375,59.04387044270833,52.6237890625,4.966763814290364,1.4974314371744792,1.0888417561848958,1.2852071126302083,1.0952835083007812,23.731770833333332,10.2421875,3.5729166666666665,3.9713541666666665,5.9453125,0.0
ann-repl,sift-128-euclidean,faiss,patched-repl,20,0.978358,2.7487499460003164,3638.017352051582,2026-03-16T18:09:56.238854,2026-03-16T18:09:59.064899,3,82.33333333333333,97.0,77.66666666666667,83.0,83.0,0.26333333333333336,27007.996666666662,0.10000000000000002,5315.17,6787.806666666667,7710.716666666667,7194.303333333332,0.08,0.09999999999999999,0.11666666666666668,0.10333333333333335,0.6893224365223293,0.11,56.94666666666666,49.400000000000006,0.0018000000000000002,0.0021,0.17,24.620113932291662,73.45646158854167,26.444444444444446,8.694444444444445,177.47150390624998,176.96384765625,0.5076529947916666,10.180738932291666,56.07747721354166,55.60568033854167,55.099951171875,4.950255076090495,1.4973386128743489,1.0888379414876301,1.2688585917154949,1.0952199300130208,23.670572916666668,10.16796875,3.55078125,4.088541666666667,5.86328125,0.0
ann-repl,sift-128-euclidean,faiss,patched-repl,21,0.978358,2.885758716000055,3465.2931808037583,2026-03-16T18:09:59.345936,2026-03-16T18:10:02.304339,3,81.66666666666667,97.0,75.33333333333333,80.66666666666667,81.33333333333333,0.26333333333333336,26839.796666666665,0.10000000000000002,5269.056666666667,6913.38,7283.796666666666,7373.57,0.08,0.10000000000000002,0.11,0.10999999999999999,0.7145869187743071,0.11666666666666668,57.89666666666667,50.10999999999999,0.0017666666666666666,0.0021,0.17333333333333334,24.077210286458335,72.47109375000001,26.0,8.527777777777777,176.21918294270833,175.72095377604168,0.498232421875,10.210745442708332,58.18064127604166,50.82697591145833,56.50258463541666,4.968021392822266,1.4975306193033855,1.0891507466634114,1.2855211893717449,1.0950177510579426,23.884114583333332,10.265625,3.7565104166666665,3.8971354166666665,5.96484375,0.0
ann-repl,sift-128-euclidean,faiss,patched-repl,22,0.978358,2.8021471090000887,3568.6920104520764,2026-03-16T18:10:02.591222,2026-03-16T18:10:05.471997,2,88.5,96.5,85.0,90.0,89.0,0.255,37402.075,0.14,5850.13,10127.71,11080.59,10343.645,0.08499999999999999,0.15000000000000002,0.165,0.15500000000000003,0.527961958704365,0.1,80.86500000000001,69.845,0.0019,0.00215,0.11,27.270546875,82.690380859375,29.791666666666668,9.583333333333334,176.457841796875,175.957646484375,0.5001985677083334,10.320540364583332,55.069576822916666,57.080188802083335,53.487333984375,4.951735178629558,1.4971364339192708,1.0891571044921875,1.2701950073242188,1.0952466328938801,23.67578125,10.040364583333334,3.5481770833333335,4.147135416666667,5.940104166666667,0.0
ann-repl,sift-128-euclidean,faiss,patched-repl,23,0.978358,2.588632053999845,3863.044183721832,2026-03-16T18:10:05.753414,2026-03-16T18:10:08.433312,2,90.0,96.0,88.0,90.0,91.0,0.28500000000000003,37832.125,0.14,4607.125,10947.275000000001,10739.470000000001,11538.255000000001,0.065,0.165,0.16,0.16999999999999998,0.3992913139811869,0.10500000000000001,76.69,66.25,0.0017499999999999998,0.00205,0.095,23.6500537109375,72.6014794921875,26.083333333333332,8.375,177.42053059895832,176.92326822916664,0.4972591145833334,9.385934244791665,58.980136718749996,51.26238606770833,57.294811197916665,4.969384511311849,1.497418721516927,1.0893147786458333,1.2872772216796875,1.0953381856282551,23.73046875,10.170572916666666,3.6627604166666665,3.9453125,5.951822916666667,0.0
ann-repl,sift-128-euclidean,faiss,patched-repl,24,0.978358,2.605568184999811,3837.9344887498023,2026-03-16T18:10:08.719598,2026-03-16T18:10:11.401489,2,89.5,96.5,87.5,90.5,90.0,0.27,37914.51,0.14,5244.675,10653.83,11183.01,10832.994999999999,0.08,0.155,0.16999999999999998,0.16,0.4689859885665845,0.1,78.965,68.22,0.0018,0.00205,0.1,24.979736328125,76.4815625,27.625,8.833333333333334,177.27500651041666,176.76439127604166,0.5106087239583333,9.532421874999999,57.64816080729167,55.703056640625,53.88075195312499,4.9521636962890625,1.4971071879069011,1.0890693664550781,1.270861307779948,1.0951258341471355,23.6796875,10.15625,3.6276041666666665,4.07421875,5.821614583333333,0.0
ann-repl,sift-128-euclidean,faiss,patched-repl,25,0.978358,2.6960222719999365,3709.1681711449287,2026-03-16T18:10:11.683874,2026-03-16T18:10:14.450113,2,89.5,96.0,87.5,89.5,90.0,0.255,37598.41,0.14,5405.68,10878.925,10664.835,10648.965,0.08,0.16,0.16,0.16,0.4968946839876183,0.1,80.865,69.965,0.0019,0.00215,0.10500000000000001,25.6413037109375,78.27759765625001,28.208333333333332,9.041666666666666,177.21015299479168,176.7081119791667,0.5020475260416667,9.767711588541667,59.35926757812499,52.811962890625004,54.769176432291665,4.969940185546875,1.4975229899088542,1.0888315836588542,1.2883453369140625,1.0952402750651042,23.733072916666668,10.28515625,3.42578125,4.079427083333333,5.942708333333333,0.0
ann-repl,sift-128-euclidean,faiss,patched-repl,26,0.978358,2.5968618849997256,3850.8016378395328,2026-03-16T18:10:14.736832,2026-03-16T18:10:17.416193,2,89.5,96.0,88.0,89.5,90.0,0.27,37896.62,0.14500000000000002,5210.93,11363.189999999999,10685.810000000001,10636.69,0.08,0.16999999999999998,0.16,0.15500000000000003,0.45857985301662657,0.1,78.41,67.79,0.0017499999999999998,0.0021000000000000003,0.1,24.932333984375,76.3540283203125,27.541666666666668,8.791666666666666,178.12388020833336,177.60887369791666,0.5150065104166667,10.111412760416666,59.52040364583333,53.64033528645833,54.33671549479167,4.953580220540364,1.4972991943359375,1.0893758138020833,1.271624247233073,1.0952809651692708,23.70703125,10.171875,3.7669270833333335,3.8307291666666665,5.9375,0.0
ann-repl,sift-128-euclidean,faiss,patched-repl,27,0.978358,2.647290974000043,3777.44649085176,2026-03-16T18:10:17.698002,2026-03-16T18:10:20.415722,2,89.5,96.0,87.0,90.0,90.0,0.275,38026.43,0.14500000000000002,5335.955,10798.025,10702.04,11190.415,0.08,0.16,0.16,0.165,0.4768326286379906,0.1,78.045,67.495,0.0018,0.00205,0.1,25.5400341796875,78.00899414062499,28.25,9.041666666666666,178.15701497395833,177.63248046875,0.524541015625,9.781555989583333,56.57961263020834,54.30971028645833,56.961598307291666,4.970859527587891,1.497332255045573,1.1064910888671875,1.2717882792154949,1.0952479044596355,23.766927083333332,10.16015625,3.59375,4.102864583333333,5.91015625,0.0
ann-repl,sift-128-euclidean,faiss,patched-repl,28,0.978358,2.6551297949999935,3766.294219902731,2026-03-16T18:10:20.702444,2026-03-16T18:10:23.434526,2,89.0,96.5,86.5,89.5,91.0,0.245,37319.36,0.14,5411.29,9656.33,10319.355,11932.39,0.08,0.14500000000000002,0.15500000000000003,0.175,0.45349590484387453,0.1,81.42500000000001,70.14500000000001,0.0019,0.0021999999999999997,0.1,25.65998046875,78.4085888671875,28.166666666666668,9.0,174.98617513020835,174.47165690104165,0.514521484375,9.573307291666667,55.11636067708334,51.226933593750005,58.55504557291667,4.954836527506511,1.4971351623535156,1.0911178588867188,1.271283467610677,1.0953000386555989,23.647135416666668,10.001302083333334,3.6471354166666665,3.9895833333333335,6.009114583333333,0.0
ann-repl,sift-128-euclidean,faiss,patched-repl,29,0.978358,2.5584037109997553,3908.687263470342,2026-03-16T18:10:23.716608,2026-03-16T18:10:26.345958,2,89.5,96.0,86.5,90.0,91.0,0.27,38048.899999999994,0.14,5350.3,9998.235,11348.875,11351.490000000002,0.08,0.15,0.17,0.165,0.47133019541927973,0.1,79.66,68.705,0.0018,0.0021,0.10500000000000001,25.3721923828125,77.397412109375,27.666666666666668,8.916666666666666,179.98669270833332,179.49013346354164,0.49655598958333336,10.025231119791668,54.334775390625,55.74791666666667,59.38220377604167,4.97125244140625,1.4974555969238281,1.0913581848144531,1.2873268127441406,1.0951118469238281,23.744140625,10.259765625,3.67578125,3.958984375,5.849609375,0.0
ann-repl,sift-128-euclidean,faiss,patched-repl,30,0.978358,2.621107359999769,3815.1813819640265,2026-03-16T18:10:26.632640,2026-03-16T18:10:29.329194,2,88.5,96.5,86.0,90.5,88.5,0.27,37849.725,0.14,5550.095,10422.43,12418.615,9458.585,0.08,0.15500000000000003,0.185,0.14500000000000002,0.44691738974112655,0.095,79.405,68.525,0.0018,0.00205,0.105,26.734990234374997,81.51740234375,29.25,9.5,177.34091471354168,176.83937825520832,0.50154296875,9.67197265625,54.49795572916667,62.17158203124999,50.49787109375001,4.955476760864258,1.4973468780517578,1.0902729034423828,1.2729511260986328,1.0949058532714844,23.849609375,10.2890625,3.640625,4.130859375,5.7890625,0.0
ann-repl,sift-128-euclidean,usearch,patched-repl,1,0.983115,0.8807612339996922,11353.814875103251,2026-03-16T18:11:12.487934,2026-03-16T18:11:13.368730,1,50.0,39.0,40.0,65.0,40.0,0.15,5145.13,0.02,777.67,823.8,2763.86,779.8,0.01,0.01,0.04,0.01,0.2813709811640242,0.57,59.01,21.42,0.0042,0.0115,0.49,3.881669921875,12.010986328125,3.9166666666666665,0.8333333333333334,20.689814453125,10.49705078125,10.192763671875,4.00919921875,1.644619140625,3.12078125,1.7224609375,,,,,,,,,,,0.0
ann-repl,sift-128-euclidean,usearch,patched-repl,8,0.983115,0.1689998040001228,59171.66625822082,2026-03-16T18:11:17.502558,2026-03-16T18:11:17.671592,1,88.0,97.0,93.0,74.0,94.0,0.46,30618.99,0.11,6651.39,6915.68,10127.68,6924.24,0.1,0.1,0.15,0.1,0.6567535704129672,0.41,186.0,106.83,0.0035,0.0061,0.12,3.214697265625,8.849140625,2.6666666666666665,0.9166666666666666,,,,,,,,,,,,,,,,,,0.0
ann-repl,sift-128-euclidean,usearch,patched-repl,13,0.983115,0.1667754449999847,59960.865342022706,2026-03-16T18:11:20.580142,2026-03-16T18:11:20.746958,1,88.0,97.0,94.0,74.0,94.0,0.48,24173.18,0.09,4856.45,5327.73,8689.53,5299.48,0.07,0.08,0.13,0.08,0.5588852331483981,0.41,140.87,80.71,0.0033,0.0058,0.11,2.3783203125,6.5601953125,1.9166666666666667,0.5833333333333334,,,,,,,,,,,,,,,,,,0.0
ann-repl,sift-128-euclidean,usearch,patched-repl,21,0.983115,0.1672952250000889,59774.56917849677,2026-03-16T18:11:25.490596,2026-03-16T18:11:25.657931,1,87.0,97.0,93.0,73.0,94.0,0.46,30878.11,0.12,6878.07,7017.91,10041.24,6940.89,0.1,0.1,0.15,0.1,0.6849821336807008,0.4,188.11,108.14,0.0035,0.0061,0.12,3.323369140625,9.146533203125,2.8333333333333335,0.9166666666666666,,,,,,,,,,,,,,,,,,0.0
ann-repl,sift-128-euclidean,usearch,patched-repl,26,0.983115,0.1637757849998706,61059.08758128008,2026-03-16T18:11:28.565297,2026-03-16T18:11:28.729109,1,88.0,97.0,94.0,74.0,94.0,0.47,26319.85,0.1,5319.26,5848.26,9207.43,5944.89,0.08,0.09,0.14,0.09,0.5777138680391815,0.41,155.74,89.37,0.0034,0.0059,0.11,2.596904296875,7.16935546875,2.1666666666666665,0.8333333333333334,,,,,,,,,,,,,,,,,,0.0
