label,dataset,readratio,writeratio,run,benchmark,tag,ts_start,ts_end,read_bw_gb,write_bw_gb,read_bw_wall_gb,write_bw_wall_gb,wall_s,read_bw_std,write_bw_std,read_bw_std_pct,write_bw_std_pct,start_time,end_time,samples,local_pct,local_pct_skt0,local_pct_skt1,local_pct_skt2,local_pct_skt3,ipc,inst,inst_skt0,inst_skt1,inst_skt2,inst_skt3,afreq,freq,cpu_balance,l3hit,l2miss,l3miss,l3mpi,upi_in_gb,upi_out_gb,upi_out_pct,upi_in_pct,mem_bw_gb,mem_read_gb,mem_write_gb,mem_read_gb_skt0,mem_read_gb_skt1,mem_read_gb_skt2,mem_read_gb_skt3,mem_write_gb_skt0,mem_write_gb_skt1,mem_write_gb_skt2,mem_write_gb_skt3,data_mem_gb,data_mem_gb_node0,data_mem_gb_node1,data_mem_gb_node2,data_mem_gb_node3,pagetable_mb,pagetable_mb_node0,pagetable_mb_node1,pagetable_mb_node2,pagetable_mb_node3,tma_l3_bound,tma_dram_bound,tma_l1_bound,tma_store_bound,warmup_s
fio,details,100,0,1,readwrite_random,default,1788209017.9888115,1788209068.7658362,125.690242883,0.0,125.70700158293332,0.0,30,0.0178435107859999,0.0,0.0145297760835189,0.0,2026-08-31 22:43:37.988811493,2026-08-31 22:44:28.765836239,51,26.274509803921568,30.15686274509804,25.0,25.607843137254903,22.764705882352942,0.26372549019607844,10508.873725490197,3024.3664705882347,2416.3611764705884,2728.4339215686277,2339.7111764705883,0.9800000000000001,0.15490196078431373,0.7736202603831664,0.07529411764705883,184.70137254901957,176.93607843137258,0.015768627450980392,90.89009459252452,152.18950348498774,55.40196078431373,32.82352941176471,129.61075961243873,121.95407149969364,7.656689261642158,48.033408969056374,26.48878236060049,37.61592715992647,9.815952435661766,5.463560049019608,0.773009344362745,1.0567848115808822,0.3633350566789215,1.3129290412454044,0.5126221600700828,0.3135685640222886,0.3118605520211014,0.17488718967811734,13.598651960784315,9.73828125,1.3213082107843137,0.37109375,2.16796875,15.908333333333331,52.24791666666667,5.833333333333333,4.997916666666666,0.0
fio,details,100,0,2,readwrite_random,default,1788209069.7497926,1788209120.40967,100.72827884,0.0,100.74170927786668,0.0,30,0.001957879508,0.0,0.0019892212573601,0.0,2026-08-31 22:44:29.749792576,2026-08-31 22:45:20.409670115,50,32.82,40.72,21.48,21.62,20.96,0.21780000000000002,8390.6312,3304.9338000000002,1653.0089999999996,1685.4815999999998,1747.2084,0.98,0.15600000000000003,0.5001640274912615,0.07700000000000001,147.36360000000002,140.94299999999998,0.015738000000000002,67.1590337890625,118.46290878906251,42.86166666666667,24.03,100.59039062500003,94.73198261335783,5.858408203124999,54.16188648897059,13.821080920649507,10.83994753370098,15.909067670036766,4.508297334558824,0.45030215992647055,0.36424230238970584,0.5355656403186273,1.3206314849853515,0.7133833312988281,0.23733924865722658,0.11342620849609375,0.25648696899414064,13.61125,9.751953125,1.3215625,0.37109375,2.168984375,19.32826086956522,53.3,4.021739130434782,4.749999999999998,0.0
fio,details,100,0,3,readwrite_random,default,1788209121.772421,1788209172.484676,131.513863133,0.0,131.52263072426666,0.0,30,0.0146545689459999,0.0,0.0114006262524753,0.0,2026-08-31 22:45:21.772420883,2026-08-31 22:46:12.484675884,50,25.88,23.38,24.5,28.56,26.24,0.2698,11070.141599999999,2395.3082,2524.8487999999998,3192.4018000000005,2957.5826,0.9810000000000001,0.1566,0.7503153894976502,0.06960000000000001,195.40439999999998,187.14300000000003,0.015878,95.6653337890625,160.1958185546875,58.251666666666665,34.574999999999996,138.9509263939951,130.6501650582108,8.30076114430147,19.335190716911764,25.8027734375,45.768763786764715,39.74343654258578,4.6023481541053926,1.3061475566789216,1.237587507659314,1.1546785003063724,1.3111939239501953,0.24408439636230467,0.29329193115234375,0.3667987060546875,0.40702850341796876,12.4565625,5.691796875,4.1771875,0.353125,2.234453125,15.366666666666665,52.90208333333334,6.133333333333333,4.247916666666666,0.0
fio,details,100,0,4,readwrite_random,default,1788209173.913653,1788209224.6601312,130.22962319,0.0,130.24264615253335,0.0,30,0.009086073199,0.0,0.0071390324849682,0.0,2026-08-31 22:46:13.913652897,2026-08-31 22:47:04.660131216,50,25.66,24.04,25.7,27.66,27.08,0.27019999999999994,10964.721000000001,2283.3317999999995,2654.18,3008.0238,3019.1867999999995,0.9808,0.1562,0.7562737754417844,0.06880000000000001,192.42039999999997,184.206,0.015762,94.1985140625,158.06374824218747,57.48666666666666,33.99333333333333,137.3958944163603,129.39893822763477,7.996955231311274,10.548602558210783,34.12745289522059,43.247557636335785,41.47532705269608,4.113016237745098,1.4935091145833335,1.1808727787990196,1.2095578661151962,1.3121292114257814,0.1749834442138672,0.36513633728027345,0.3464690399169922,0.4255596160888672,12.353359375,5.595625,4.106875,0.3515625,2.299296875,14.902083333333335,53.76874999999999,6.079166666666668,4.022916666666667,0.0
fio,details,100,0,5,readwrite_random,default,1788209226.050021,1788209276.7628615,124.940173873,0.0,124.9568325632,0.0,30,0.001891125875,0.0,0.0015487330419287,0.0,2026-08-31 22:47:06.050020933,2026-08-31 22:47:56.762861490,50,26.36,31.16,23.4,24.6,23.04,0.26039999999999996,10431.8104,3143.9193999999993,2276.2998000000002,2557.8116,2453.78,0.9786000000000001,0.1558,0.7240324926904935,0.0722,183.56560000000002,175.8836,0.015776000000000002,90.9226244140625,152.093237109375,55.26166666666666,32.85,128.642646484375,120.77040517769608,7.8722409237132345,49.00329580269609,16.125663679534313,31.78489928002451,23.856546415441176,5.716779258578431,0.49970703125,0.912466490502451,0.7432881433823528,1.3128157043457032,0.5117423248291015,0.23763992309570314,0.26943389892578123,0.29400794982910156,12.368515625,8.587578125,1.265625,0.3515625,2.16375,16.5125,51.375,5.764583333333334,5.40625,0.0
fio,details,100,0,1,readwrite_random,interleaved,1788209278.08142,1788209328.8172,146.560839295,0.0,146.58038074026666,0.0,30,0.002673868246,0.0,0.0018668682774455,0.0,2026-08-31 22:47:58.081419945,2026-08-31 22:48:48.817199945,50,24.9,26.16,24.62,24.76,23.98,0.29760000000000003,12287.893600000001,2933.2266000000004,3029.018,3142.5519999999997,3183.0969999999998,0.9793999999999999,0.1558,0.9215008527858248,0.0704,218.4162,209.5112,0.015998,107.87542128906249,174.08893652343752,63.35999999999999,39.089999999999996,153.3850398284314,144.59374310661764,8.791297487745098,36.05018478094362,36.53221660539216,36.171292509191176,35.84004806219363,1.9976457184436271,2.3722688802083334,2.2192895986519607,2.2020925245098044,1.2896680644914216,0.36136716954848347,0.3422868766036688,0.2474834217744715,0.3385494456571691,12.299402573529411,6.203890931372549,2.0605851715686274,1.1282169117647058,2.9067095588235294,14.020833333333334,51.806250000000006,6.1375,4.710416666666666,0.0
fio,details,100,0,2,readwrite_random,interleaved,1788209330.094578,1788209380.813367,146.994127023,0.0,147.00882643626667,0.0,30,0.002597438472,0.0,0.0018076474168037,0.0,2026-08-31 22:48:50.094578028,2026-08-31 22:49:40.813366890,50,24.96,27.2,24.18,25.1,24.06,0.29760000000000003,12329.0996,2970.4709999999995,3038.4424000000004,3143.8502000000003,3176.3352,0.9792000000000001,0.15580000000000002,0.9351881375743969,0.07180000000000002,219.2606,210.0974,0.01596,107.62631445312499,173.18585898437502,62.98666666666666,38.95,153.77415632659313,144.54231694240198,9.231839767156861,36.21687385110294,36.37823586856618,36.05000938265931,35.897198797487746,2.445985179227941,2.4392128140318627,2.2471618412990195,2.099481081495098,1.2924584033442479,0.36196256151386336,0.3433896233053768,0.24805068969726562,0.3390959197399663,12.313112745098039,6.232613357843137,2.033547794117647,1.0889246323529411,2.958486519607843,14.027083333333332,52.13333333333333,6.15625,4.370833333333334,0.0
fio,details,100,0,3,readwrite_random,interleaved,1788209382.0888598,1788209432.7912807,146.533416577,0.0,146.55783881386668,0.0,30,0.002405738392,0.0,0.0016798963325091,0.0,2026-08-31 22:49:42.088859797,2026-08-31 22:50:32.791280746,50,25.16,26.46,24.3,25.1,23.64,0.30000000000000004,12317.246799999999,2947.4734,3003.1394000000005,3158.1279999999997,3208.5071999999996,0.9796,0.1552,0.9186432244876995,0.0704,220.03999999999996,211.07659999999998,0.016037999999999997,108.07603261718748,174.62719179687502,63.525,39.07333333333333,153.5385631127451,144.59251091452205,8.946052389705883,36.43229836856617,35.81680702359069,36.01412798713235,36.3292760033701,2.351336550245098,1.9320503982843138,2.2681200214460784,2.3945458026960784,1.2993375396728515,0.36247352600097654,0.34854721069335937,0.24868125915527345,0.3396355438232422,12.321328125,6.243515625,2.083671875,1.0696875,2.924453125,13.997916666666663,52.02291666666665,6.135416666666667,4.702083333333333,0.0
fio,details,100,0,4,readwrite_random,interleaved,1788209434.1365814,1788209484.854381,146.718866753,0.0,146.73842926933335,0.0,30,0.003109177127,0.0,0.0021679715556349,0.0,2026-08-31 22:50:34.136581421,2026-08-31 22:51:24.854381084,50,24.72,25.52,23.92,24.74,24.78,0.29800000000000004,12325.417600000002,2937.388,3015.7487999999994,3142.9372,3229.3436000000006,0.9798,0.156,0.9095928968351338,0.07200000000000001,219.4698,210.42600000000002,0.016007999999999998,107.98485351562503,174.58271132812496,63.546666666666674,39.160000000000004,153.47699525122547,144.49764935661764,8.979345703125,36.32628753063725,36.17762197457108,35.87456246170343,36.119176623774514,2.2893382352941174,2.306984145220588,2.236779833026961,2.1462429151348044,1.3014727783203124,0.3630209350585938,0.3490900421142578,0.24910743713378905,0.34026397705078126,12.331484375,6.27703125,1.971796875,1.0821875,3.00046875,13.979166666666666,52.06666666666666,6.122916666666666,4.583333333333333,0.0
fio,details,100,0,5,readwrite_random,interleaved,1788209486.141266,1788209536.8833218,146.364770393,0.0,146.384285696,0.0,30,0.0025845972139999,0.0,0.001806857274183,0.0,2026-08-31 22:51:26.141266108,2026-08-31 22:52:16.883321762,50,24.92,25.26,24.52,25.18,24.26,0.29700000000000004,12358.332799999998,2964.8194,3052.1486000000004,3144.8068000000003,3196.5588000000002,0.9788,0.1564,0.927503476551096,0.0682,220.2106,211.0886,0.016021999999999998,108.01606816406249,173.841570703125,63.25999999999999,39.13166666666666,153.1817608762255,144.3514190793505,8.83034122242647,36.21581112132353,36.33951937806373,36.08691329656863,35.709176049325976,2.31674191942402,2.235728592218137,2.2214250153186272,2.056444929534314,1.3053287506103517,0.3640282440185547,0.35006492614746093,0.2501202392578125,0.34113121032714844,12.35140625,6.23578125,2.044765625,1.128203125,2.94265625,14.179166666666667,51.96666666666666,6.135416666666665,4.629166666666667,0.0
fio,details,100,0,1,readwrite_random,numabalancing,1788209538.1637962,1788209588.821885,142.327298918,0.0,142.341531648,0.0,30,0.034914227642,0.0,0.0250993478961252,0.0,2026-08-31 22:52:18.163796186,2026-08-31 22:53:08.821885109,50,26.2,27.46,25.8,25.26,24.68,0.29019999999999996,11953.323400000001,2855.8889999999997,3080.6124,3004.1648000000005,3012.6596000000004,0.9796,0.1564,0.9270523614071019,0.0732,211.56279999999998,202.44719999999998,0.015884,103.7665048828125,168.63637929687502,61.38333333333333,37.576666666666675,147.00634918811275,138.50298406862746,8.503366268382353,33.54006721047794,40.594468060661775,32.590166015624995,31.778281058517155,1.1698408777573528,5.304792049632353,1.0041779641544117,1.0245557598039217,1.2960984473134958,0.3696073644301471,0.36367199467677697,0.23475953644397213,0.32807892444087006,12.305989583333334,5.510569852941177,4.295419730392157,0.3515625,2.1484375,14.566666666666668,51.36666666666667,6.341666666666666,4.539583333333333,0.0
fio,details,100,0,2,readwrite_random,numabalancing,1788209590.1684418,1788209640.8877463,145.475317035,0.0,145.48986456746667,0.0,30,0.031857907206,0.0,0.0224112530896635,0.0,2026-08-31 22:53:10.168441772,2026-08-31 22:54:00.887746334,50,25.68,26.54,25.2,26.02,25.34,0.29680000000000006,12218.300200000003,3076.572,2930.3568,3108.1022,3103.2700000000004,0.9788,0.1568,0.9428122408587466,0.069,217.45579999999998,208.1564,0.015993999999999998,106.865932421875,173.0286310546875,63.00333333333333,38.72666666666667,151.13359892003675,141.85141314338233,9.282186925551471,41.67300091911764,32.99025352328431,34.098503753063724,33.08965647977941,6.04159486060049,1.0002793734681372,1.1599992340686276,1.0803126914828431,1.3023081012800628,0.386599297616996,0.32857752781288296,0.24684494616938574,0.34029575422698377,12.308134191176471,8.124080882352942,1.2847732843137254,0.6944699754901961,2.2048100490196076,14.1625,51.460416666666674,6.360416666666667,4.660416666666667,0.0
fio,details,100,0,3,readwrite_random,numabalancing,1788209642.2246451,1788209692.9937062,146.726374539,0.0,146.74593805653333,0.0,30,0.023934998058,0.0,0.0167030488834655,0.0,2026-08-31 22:54:02.224645138,2026-08-31 22:54:52.993706226,50,27.1,29.54,25.08,25.12,24.36,0.2902,11981.4112,3100.8966000000005,2893.3634,2950.8946,3036.2571999999996,0.98,0.15680000000000002,0.933073163419896,0.0738,211.2204,202.1392,0.015846,103.686598046875,168.534530078125,61.28999999999999,37.468333333333334,146.94844056372548,138.11460343903187,8.83383597579657,41.566490119485294,32.84732479319853,31.544326554840683,32.156462354473035,5.851242149203431,1.013215571384804,0.9614935661764707,1.0078844975490195,1.3068016650629979,0.4110461964326746,0.3341534184474571,0.22881526573031558,0.3327962089987362,12.329733455882353,8.564108455882353,1.265625,0.3515625,2.1484375,14.47659574468085,52.39361702127658,4.851063829787236,4.570212765957447,0.0
fio,details,100,0,4,readwrite_random,numabalancing,1788209694.2789152,1788209744.947472,146.905575768,0.0,146.92516317866665,0.0,30,0.011031700277,0.0,0.0076835479740965,0.0,2026-08-31 22:54:54.278915167,2026-08-31 22:55:44.947472095,50,27.46,29.88,25.16,25.26,24.04,0.29120000000000007,11959.893399999999,3065.273599999999,2870.6564000000003,2992.9421999999995,3031.0214,0.9812000000000001,0.1562,0.9365090281011135,0.07200000000000001,211.24579999999997,202.3572,0.015907999999999995,103.3846177734375,167.99241484375,61.13833333333332,37.391666666666666,146.8005330882353,137.96727615655638,8.833258080575979,39.79984260110294,33.30766486672794,32.991059283088234,31.868707299325983,5.838690640318628,1.0370823759191177,0.9922805606617646,0.9652054610906864,1.2880906497730926,0.3968329336128983,0.3352866827272902,0.23488564584769456,0.32094401939242495,12.319623161764707,8.508961397058824,1.3115808823529411,0.35049019607843135,2.1485906862745097,14.681249999999999,51.614583333333336,6.3125,4.429166666666666,0.0
fio,details,100,0,5,readwrite_random,numabalancing,1788209746.2296083,1788209796.8941567,145.989677323,0.0,146.00914261333335,0.0,30,0.016122842597,0.0,0.0113003793102693,0.0,2026-08-31 22:55:46.229608297,2026-08-31 22:56:36.894156694,51,25.941176470588236,29.254901960784313,24.333333333333332,25.392156862745097,24.392156862745097,0.30686274509803924,11892.654901960783,3030.975882352941,2878.665294117647,2984.7537254901963,2998.2601960784314,0.9750980392156862,0.153921568627451,0.9497486637481736,0.08509803921568626,210.54686274509803,201.59039215686272,0.015633333333333332,103.17818608302696,168.84962775735295,61.40196078431372,37.37254901960784,148.8394713158701,139.9343638939951,8.90510799632353,41.52461435355393,32.988424862132355,33.55486289828432,31.86646024816176,5.78200501685049,0.9870174632352942,1.1404065180759804,0.9956776577818627,1.3103509521484373,0.40125968933105466,0.32594406127929687,0.2528942108154297,0.3302626037597656,12.33671875,8.264453125,1.265625,0.658203125,2.1484375,14.395833333333334,51.55833333333334,6.349999999999999,4.5125,0.0
fio,details,95,5,1,readwrite_random,default,1788209797.8226388,1788209848.5581274,109.245474437,5.68683523,109.25639898453332,5.687214353066667,30,0.045039161282,0.049756671344,0.0421862349852193,0.8943823278722116,2026-08-31 22:56:37.822638750,2026-08-31 22:57:28.558127403,51,28.15686274509804,34.1764705882353,23.15686274509804,23.03921568627451,23.019607843137255,0.23686274509803923,9658.802549019609,3183.3766666666666,2020.048431372549,2201.7070588235297,2253.6699999999996,0.9833333333333334,0.15529411764705883,0.6345615498550959,0.07490196078431373,162.71882352941176,155.62941176470588,0.015052941176470585,85.84599800857846,163.8765287990196,59.640522875817,30.990196078431367,143.75880438112748,107.76885378370096,35.98995059742647,47.217777650122564,13.545634382659314,20.166963273590685,26.83848020067402,18.449513633578434,3.8618914675245093,5.8580771292892155,7.8204693244485295,1.2972957386690027,0.5548578898111979,0.21520375270469516,0.18265742881625308,0.3445860918830423,12.317631740196079,8.490808823529411,1.2693780637254901,0.40900735294117646,2.1484375,16.54042553191489,49.138297872340424,6.7446808510638325,7.538297872340422,0.0
fio,details,95,5,2,readwrite_random,default,1788209852.421393,1788209903.1553211,111.33616532,5.435982467,111.35472134826666,5.436344866133333,30,0.040546607448,0.044127811789,0.037267197784717,0.8302475446299757,2026-08-31 22:57:32.421392918,2026-08-31 22:58:23.155321121,50,28.12,33.6,22.68,24.14,23.22,0.24280000000000002,9856.0034,3240.3138,2120.9848,2211.3208,2283.3828,0.9792000000000001,0.1564,0.6545615427740363,0.07400000000000001,166.48440000000002,159.4414,0.015187999999999997,88.06227675781251,167.42174140625,60.94833333333332,31.85666666666666,143.65063878676472,108.52966222426471,35.120976562500005,47.53474398743872,15.411076708026963,22.62102864583333,22.96281345741422,18.25596737132353,4.307673100490196,6.181710324754902,6.375625957414217,1.3095445251464843,0.5603630828857422,0.23176849365234375,0.20741714477539064,0.31002464294433596,12.36234375,8.5771875,1.265625,0.3515625,2.16796875,16.18723404255319,49.58723404255318,7.248936170212764,7.602127659574468,0.0
fio,details,95,5,3,readwrite_random,default,1788209907.060984,1788209957.8035834,116.188555846,5.601715892,116.20792060586668,5.602462788266666,30,0.030919724215,0.036663843833,0.027225105558734,0.6682899431517767,2026-08-31 22:58:27.060983896,2026-08-31 22:59:17.803583384,51,27.372549019607842,32.450980392156865,24.0,23.137254901960784,23.901960784313726,0.25941176470588234,10187.609411764706,3190.4025490196072,2253.907647058824,2327.4992156862745,2415.8013725490196,0.9766666666666667,0.1527450980392157,0.7064649718736706,0.08431372549019611,171.16745098039215,164.07764705882352,0.014899999999999998,91.51596660539214,170.52890490962008,62.104575163398685,33.026143790849666,150.86008406096812,114.3662264476103,36.493858187806374,46.750798674938736,23.18021101409314,19.064789751838237,25.370430070465684,17.748372970281864,6.399293045343137,5.299201516544118,7.046990272671568,1.2960895463532092,0.5240281048943014,0.2924355151606541,0.1610120885512408,0.31851959228515625,12.313342524509803,8.512101715686274,1.2706035539215685,0.3515625,2.179074754901961,15.204166666666667,49.835416666666674,7.53125,7.302083333333332,0.0
fio,details,95,5,4,readwrite_random,default,1788209961.6569216,1788210012.4428296,125.325173027,6.116892704,125.34188305066668,6.117300497066666,30,0.037467449566,0.040328399096,0.0305965970464032,0.6742476526210059,2026-08-31 22:59:21.656921625,2026-08-31 23:00:12.442829609,50,26.28,27.74,24.34,27.04,23.94,0.27159999999999995,11107.7424,2931.0998,2529.1102,2979.6195999999995,2667.9136000000003,0.9797999999999999,0.1554,0.8488030485502245,0.0722,187.35999999999996,179.3386,0.015141999999999997,100.98651171875002,183.30755859374997,66.72833333333334,36.54,165.13949335937502,125.34938046874997,39.7901134765625,39.504530078125,22.5807345703125,40.1071318359375,23.156983007812496,14.846797265624998,6.5014906250000015,11.9685017578125,6.473323632812501,1.2932241851208255,0.4280974444221048,0.260069678811466,0.32116130754059435,0.2839030097512638,12.3046875,5.6243872549019605,4.115196078431373,0.4166666666666667,2.1484375,14.143750000000002,49.522916666666674,7.55,7.3479166666666655,0.0
fio,details,95,5,5,readwrite_random,default,1788210016.290711,1788210067.0145397,110.357481646,6.154706093,110.37587456,6.155116407466666,30,0.032642028296,0.054812804065,0.0302618531183881,0.9106466566610656,2026-08-31 23:00:16.290710926,2026-08-31 23:01:07.014539719,51,27.392156862745097,35.31372549019608,22.392156862745097,22.470588235294116,22.313725490196077,0.25843137254901966,9713.61117647059,3141.8390196078435,2205.854705882353,2221.283921568627,2144.6339215686276,0.9747058823529412,0.15333333333333335,0.682604649119265,0.0858823529411765,164.05313725490197,157.21019607843135,0.01493333333333333,87.07926451439953,166.8049601715686,60.72712418300653,31.434640522875814,146.36405369178922,108.7013861443015,37.66266773897058,45.89593979779412,23.651832299325985,24.442722694546568,14.710888480392159,18.669382659313722,7.254123008578431,7.367541551776962,4.371619178921568,1.3035498046875,0.5403231811523438,0.30674942016601564,0.22258285522460938,0.23389495849609374,12.341640625,8.422890625,1.41875,0.3515625,2.1484375,16.476595744680843,50.43617021276596,6.3361702127659605,7.4127659574468066,0.0
fio,details,95,5,1,readwrite_random,interleaved,1788210070.549073,1788210121.285921,135.573414855,6.719044705,135.59149131093332,6.719492642133333,30,0.039685799555,0.047372150511,0.0299494309425824,0.7209436072561416,2026-08-31 23:01:10.549072981,2026-08-31 23:02:01.285921097,50,25.4,26.24,25.16,25.1,24.24,0.29600000000000004,12099.666799999999,2922.906,2894.3230000000003,3128.0065999999997,3154.4306000000006,0.9802000000000001,0.15600000000000003,0.9175421389838153,0.07020000000000001,201.446,193.03099999999998,0.014967999999999999,110.8277455078125,196.33808007812502,71.49499999999999,40.175000000000004,178.21013767616424,135.64675302542892,42.56338579963236,33.783524433210786,34.16229549632352,34.03053404564951,33.67039713541667,10.487745672487746,10.591790173100488,10.751182023590687,10.732667164522057,1.2998501586914062,0.35988632202148435,0.34058563232421873,0.24927413940429688,0.3501040649414062,12.320703125,6.211796875,1.98546875,1.182421875,2.941015625,13.120833333333332,49.677083333333336,7.7625,7.0625,0.0
fio,details,95,5,2,readwrite_random,interleaved,1788210125.181198,1788210175.9514885,135.904881499,6.630259994,135.9184719872,6.630702011733334,30,0.040961031426,0.048923708079,0.0308392959370016,0.7539544238448143,2026-08-31 23:02:05.181197882,2026-08-31 23:02:55.951488495,51,24.647058823529413,27.07843137254902,24.294117647058822,23.372549019607842,24.980392156862745,0.2978431372549021,12001.133921568626,2842.4721568627447,2961.5094117647054,3083.6184313725485,3113.5339215686276,0.9805882352941178,0.1547058823529412,0.9129408024662472,0.07588235294117648,198.2056862745098,189.93078431372552,0.014743137254901964,109.58980641084558,193.31393363204663,70.42647058823529,39.79084967320262,180.07840896905637,136.91862457873773,43.15978266697304,34.41462718290441,34.10764610140931,34.08252699908088,34.31382276348039,10.861195235906866,10.78356809129902,10.738000727634804,10.777018420649508,1.2930908203125,0.3583344852223116,0.3389422846775429,0.24747399722828584,0.3483400531843597,12.288526348039216,6.237055759803922,2.0222120098039214,1.1124387254901962,2.9168198529411766,13.561702127659567,50.17872340425532,6.655319148936173,6.908510638297872,0.0
fio,details,95,5,3,readwrite_random,interleaved,1788210179.439695,1788210230.2262208,135.780324696,6.72926503,135.79842874026667,6.729489339733334,30,0.045510605865,0.040473455583,0.0342924175171359,0.6151588343509173,2026-08-31 23:02:59.439694881,2026-08-31 23:03:50.226220846,51,25.137254901960784,27.96078431372549,22.627450980392158,24.0,25.03921568627451,0.3049019607843138,11932.576862745096,2883.617450980392,2920.157254901961,3021.5982352941182,3107.204117647059,0.9754901960784313,0.15411764705882353,0.9280424915129236,0.08450980392156861,198.04882352941175,189.74960784313728,0.01466470588235294,109.2662961473652,192.48031901041662,70.11764705882352,39.630718954248366,178.9059137561274,136.2773056449142,42.62860868566177,34.17093405330882,34.209511335784306,33.78057310814951,34.116285998774515,10.522514935661766,10.678676662071078,10.52744504442402,10.899972234987745,1.2916127373190487,0.3580046261058134,0.33853815116134345,0.2471027748257506,0.3479766097723269,12.306449142156863,6.202435661764706,1.9880514705882353,1.1425398284313726,2.973422181372549,14.040425531914899,48.7468085106383,7.942553191489364,6.906382978723403,0.0
fio,details,95,5,4,readwrite_random,interleaved,1788210233.667168,1788210284.4397252,134.595522736,6.683842888,134.60898228906666,6.684288477866667,30,0.0435251271819999,0.052989194674,0.0330878220320681,0.8107732323734913,2026-08-31 23:03:53.667167902,2026-08-31 23:04:44.439725161,51,25.019607843137255,28.07843137254902,23.11764705882353,23.764705882352942,24.627450980392158,0.30294117647058827,11811.2831372549,2763.6056862745095,2917.101960784314,3043.6639215686278,3086.9121568627456,0.9752941176470588,0.15333333333333335,0.8952654127622423,0.08313725490196075,195.65529411764706,187.74627450980395,0.014645098039215687,108.67025103400736,191.6570274203431,69.8611111111111,39.35294117647059,181.54088007812499,137.7801083984375,43.76077070312499,34.718639843750005,34.2467248046875,34.281826757812496,34.5329173828125,10.972090820312498,10.841136132812501,11.020464843749998,10.9270798828125,1.2899513992608762,0.35738350363338695,0.33818473067938115,0.24690949683095895,0.3474830926633349,12.290824142156863,6.235523897058823,1.9950214460784315,1.0837162990196079,2.9765625,13.758333333333335,48.77708333333334,7.897916666666667,7.1187499999999995,0.0
fio,details,95,5,5,readwrite_random,interleaved,1788210287.886736,1788210338.679943,134.617576828,6.563084841,134.64450034346666,6.563741149866667,30,0.0453305757299999,0.046216629012,0.0344544251600196,0.7202895765121277,2026-08-31 23:04:47.886735916,2026-08-31 23:05:38.679943085,50,25.12,26.66,24.02,24.64,24.42,0.2918,11940.605399999999,2906.3432000000003,2918.2696,3017.0638,3098.9285999999997,0.9793999999999999,0.1552,0.937854199028658,0.0756,198.593,190.5886,0.014939999999999998,110.23427929687499,194.174076953125,70.75833333333334,39.94166666666667,179.08560929840687,136.47971909466912,42.605890586703424,34.1150710401348,34.22395718443627,34.2026784620098,33.93801087622549,10.94130553002451,10.596465992647058,10.578222464767157,10.489897173713235,1.2868011325013402,0.35677240409103095,0.3373187944000842,0.24597930908203125,0.34673062492819395,12.288143382352942,6.211856617647059,2.0362285539215685,1.1143535539215685,2.925704656862745,13.51063829787234,49.07446808510638,6.682978723404252,7.208510638297875,0.0
fio,details,95,5,1,readwrite_random,numabalancing,1788210342.1063404,1788210392.828403,107.993083563,6.506194554,108.01108241066667,6.5066283008,30,0.06098449764,0.0671024309459999,0.0578093303415149,1.0548727166583471,2026-08-31 23:05:42.106340408,2026-08-31 23:06:32.828402996,51,28.352941176470587,35.23529411764706,23.823529411764707,22.647058823529413,21.92156862745098,0.24509803921568632,9635.591568627451,3089.50705882353,2227.834705882353,2129.9729411764706,2188.275882352941,0.9803921568627451,0.1543137254901961,0.689421613423196,0.07666666666666666,161.61627450980393,154.71588235294115,0.015052941176470587,85.63833256740196,164.52309225643384,59.84313725490197,30.924836601307188,145.85383195465684,107.4697076056985,38.38412415747549,45.67925436580883,28.229376148897053,15.473233187806372,18.08784352022059,18.76767999387255,9.172741076899507,4.799505208333333,5.644196729473038,1.2932357788085938,0.5427311167997472,0.34088748109106926,0.14633702296836704,0.2632895824955959,12.308134191176471,5.589767156862745,4.217294730392157,0.35263480392156865,2.1484375,16.38723404255319,50.634042553191485,6.46382978723404,7.491489361702126,0.0
fio,details,95,5,2,readwrite_random,numabalancing,1788210396.3316786,1788210447.0738409,110.045614486,6.247449052,110.06395542186668,6.2478655488,30,0.07636177936,0.112491904353,0.0710269584288754,1.8401258410128536,2026-08-31 23:06:36.331678629,2026-08-31 23:07:27.073840857,51,28.215686274509803,35.05882352941177,22.647058823529413,22.92156862745098,22.92156862745098,0.23764705882352943,9757.08431372549,3155.4952941176466,2151.497058823529,2161.0696078431374,2289.024117647059,0.984313725490196,0.15509803921568627,0.681825468995079,0.07705882352941175,162.47882352941176,155.54058823529414,0.014933333333333331,86.45620021446078,165.45904584099267,60.20588235294117,31.23366013071895,145.9309181602328,108.28067421109068,37.65024662990196,46.49470760569853,20.392207414215683,14.792803308823531,26.600955499387254,18.821264361213238,6.235673828125,4.46041685814951,8.132892348345587,1.2927424860935586,0.5405263713761872,0.2747801986395144,0.13815943400065103,0.33928598142137717,12.302313112745098,8.365808823529411,1.303155637254902,0.4849111519607843,2.1484375,16.306382978723402,49.672340425531914,7.048936170212768,7.1170212765957475,0.0
fio,details,95,5,3,readwrite_random,numabalancing,1788210450.5428145,1788210501.3959925,119.786212458,6.154743689,119.80218395306666,6.155359163733333,30,0.038888521405,0.03823355983,0.033224758565363,0.6354224456884401,2026-08-31 23:07:30.542814493,2026-08-31 23:08:21.395992517,51,26.49019607843137,31.50980392156863,23.058823529411764,25.352941176470587,23.098039215686274,0.2709803921568627,10624.478627450982,3034.0943137254903,2498.85568627451,2635.7960784313727,2455.733137254902,0.9796078431372548,0.15313725490196078,0.80937930180541,0.07352941176470588,179.40235294117647,172.09882352941176,0.015092156862745095,96.05384420955882,176.17651884191176,64.12745098039215,34.80065359477124,157.61123563878675,118.9329417509191,38.67829350490196,42.74854128370099,29.288917547487745,31.546395526960783,15.349087584252452,16.4232435278799,8.744937385110294,9.147036420036764,4.363074448529413,1.3121582794189453,0.4798748779296875,0.33364669799804686,0.269302978515625,0.2293529510498047,12.35296875,5.5859375,4.26703125,0.3515625,2.1484375,14.499999999999998,50.70851063829787,6.485106382978723,7.491489361702131,0.0
fio,details,95,5,4,readwrite_random,numabalancing,1788210504.7594388,1788210555.4922223,114.204565381,5.780290026,114.21979265706666,5.7806753792,30,0.078519480364,0.026314050831,0.0703545152182977,0.4656704956630882,2026-08-31 23:08:24.759438753,2026-08-31 23:09:15.492222309,51,27.745098039215687,34.27450980392157,22.686274509803923,23.45098039215686,24.098039215686274,0.26784313725490194,9981.238235294117,3129.523137254902,2122.191960784314,2417.5890196078435,2311.93431372549,0.9747058823529412,0.15313725490196078,0.6781199140281223,0.08176470588235292,166.6619607843137,159.69098039215686,0.014778431372549018,88.82787951899508,166.75614851409313,60.68464052287581,32.13562091503268,149.8499732421875,112.85511015624999,36.9948623046875,46.8408966796875,13.185681054687501,29.081854101562502,23.746677734375,18.075845703125,3.7322636718749997,8.4821068359375,6.704645703125001,1.3112071228027344,0.5332022094726563,0.2067839813232422,0.26112960815429687,0.3100917053222656,12.345546875,8.56078125,1.265625,0.3515625,2.167578125,15.441666666666668,49.83541666666667,7.5562499999999995,7.181250000000001,0.0
fio,details,95,5,5,readwrite_random,numabalancing,1788210558.9799166,1788210609.6871748,115.7123724,6.443781247,115.73165779626666,6.4444256256,30,0.042293912356,0.056959912568,0.0373900054941641,0.9035854190003282,2026-08-31 23:09:18.979916573,2026-08-31 23:10:09.687174797,50,26.78,25.94,23.52,30.2,24.58,0.25839999999999996,10432.926400000002,2459.917,2258.202,3153.1496,2561.6573999999996,0.9790000000000001,0.1566,0.7161734413108721,0.07060000000000001,174.414,167.015,0.015031999999999998,94.41553281249999,175.83190039062498,63.995,34.169999999999995,155.44495019531252,115.86704804687501,39.577903515625,34.9094474609375,11.482241796875003,42.2990515625,27.176307617187504,10.865250000000001,3.4777730468750008,16.911027734375,8.32385390625,1.3114181518554686,0.4076557159423828,0.19042434692382815,0.3775691223144531,0.33578819274902344,12.351796875,5.486875,1.31640625,3.31421875,2.234296875,15.10425531914894,49.599999999999994,7.629787234042553,7.7234042553191475,0.0
fio,details,90,10,1,readwrite_random,default,1788210613.1300757,1788210663.8789442,83.917026342,10.80478588,83.92821527893334,10.805866359466668,30,0.025603566189,0.02575367042,0.0312228863847323,0.243842324981742,2026-08-31 23:10:13.130075692,2026-08-31 23:11:03.878944159,50,30.94,38.68,24.5,23.28,21.24,0.20919999999999994,8062.1362,2919.0310000000004,1560.8738000000003,1856.9009999999998,1725.3294000000003,0.9804,0.1554,0.5347232694685325,0.0774,127.35979999999999,121.8826,0.014215999999999998,72.725319921875,149.37970390625003,54.32833333333334,26.188333333333333,132.38007793351716,88.08533318014705,44.294743987438714,43.70055108762255,2.8227881816789218,27.645757697610296,13.916235447303924,24.319939491421568,1.2437295113357842,12.574412530637256,6.156665326286765,1.293005999396829,0.6047450794893152,0.12424424115349264,0.3105565987381281,0.25346008001589304,12.302083333333334,8.528952205882353,1.265625,0.35531556372549017,2.1521905637254903,16.995652173913047,48.91086956521738,7.869565217391306,10.02608695652174,0.0
fio,details,90,10,2,readwrite_random,default,1788210667.2846277,1788210718.061952,90.536631589,10.392788131,90.55172102826668,10.393134557866668,30,0.028142063931,0.049193911098,0.0318058661179611,0.4845093239169626,2026-08-31 23:11:07.284627676,2026-08-31 23:11:58.061952114,50,30.62,37.94,22.24,22.44,22.42,0.21760000000000002,8539.7134,3129.7326000000007,1769.0192000000002,1736.4229999999998,1904.5374,0.9802,0.1562,0.5548151302127214,0.0756,135.51760000000002,129.64260000000002,0.014261999999999997,76.94285058593749,154.85477675781246,56.33333333333334,27.708333333333332,138.6975989966299,94.01874482996323,44.67885397518382,46.37843769148285,16.05400639552696,7.396635454963234,24.189665479473035,24.789307215073524,6.704976639093138,3.051784237132353,10.132785309436274,1.2933689940209483,0.6028919593960631,0.2573702195111443,0.08313541786343444,0.34999024634267767,12.312270220588236,8.456265318627452,1.265625,0.3515625,2.2388174019607843,16.80217391304347,48.608695652173914,7.593478260869565,9.9,0.0
fio,details,90,10,3,readwrite_random,default,1788210721.5823677,1788210772.3235216,83.442331195,11.234697531,83.45623825066667,11.235446510933333,30,0.042434431226,0.078460914205,0.0520479584733339,0.714546272871421,2026-08-31 23:12:01.582367659,2026-08-31 23:12:52.323521614,51,30.176470588235293,38.88235294117647,21.84313725490196,21.647058823529413,22.0,0.19529411764705876,8035.698431372549,2880.3325490196085,1801.9233333333336,1678.883137254902,1674.5596078431372,0.992156862745098,0.15529411764705883,0.5813771775808021,0.07294117647058825,126.29196078431372,120.84196078431371,0.014145098039215686,73.00078852634805,149.90343118106617,54.45588235294116,26.29084967320261,132.69487553615193,87.74416762408089,44.95070599724266,42.485707912071085,28.311911573223043,9.471626838235293,7.474922832414214,23.96830748314951,13.361546798406863,4.291880935968137,3.328972503063725,1.3074985504150392,0.5981331634521485,0.4098970031738281,0.1139678955078125,0.18551971435546877,12.36875,8.49375,1.265625,0.4609375,2.1484375,16.963043478260875,48.47173913043478,8.299999999999997,10.02173913043478,0.0
fio,details,90,10,4,readwrite_random,default,1788210775.7946274,1788210826.5529575,112.136984879,12.905639475,112.15193647786668,12.906930039466667,30,0.034983906323,0.0655464423,0.0319225741367349,0.5194855210299828,2026-08-31 23:12:55.794627428,2026-08-31 23:13:46.552957535,51,26.254901960784313,28.431372549019606,22.725490196078432,26.58823529411765,25.215686274509803,0.2529411764705882,10552.8,2741.2962745098043,2288.915294117647,2849.999411764706,2672.5886274509803,0.986078431372549,0.1547058823529412,0.8031283391389761,0.07529411764705884,165.71941176470588,158.57666666666665,0.01392156862745098,99.54562117034315,186.2260885799632,67.781045751634,36.01960784313726,169.85139380361522,115.49885129442403,54.35254116881128,34.461998123468135,15.12171989889706,35.482459788602945,30.432672526041664,18.115169845281862,6.430021637561275,16.391012944240195,13.416337124693628,1.3070108032226564,0.40493278503417973,0.21992401123046876,0.31613716125488284,0.366016845703125,12.32703125,8.522890625,1.265625,0.3515625,2.186953125,14.521276595744675,47.22765957446809,7.8617021276595755,9.059574468085106,0.0
fio,details,90,10,5,readwrite_random,default,1788210830.0266092,1788210880.7541716,90.673961971,10.749267194,90.68302936746666,10.749983812266668,30,0.026193402913,0.043608552067,0.0295639761781896,0.4149277652833746,2026-08-31 23:13:50.026609182,2026-08-31 23:14:40.754171610,51,29.88235294117647,38.07843137254902,21.941176470588236,23.529411764705884,20.764705882352942,0.233921568627451,8515.199215686274,3073.2615686274517,1768.3284313725494,1868.0586274509806,1805.5507843137257,0.9754901960784313,0.15235294117647058,0.5753914503809391,0.08725490196078435,134.3921568627451,128.6337254901961,0.013949019607843135,77.01431257659314,154.56278550091912,56.1846405228758,27.789215686274513,140.4464333984375,95.242375390625,45.20405761718751,46.205461523437506,16.797465820312496,24.1486380859375,8.0908091796875,24.8067990234375,7.0087232421875,9.988071093750001,3.4004658203125,1.3012310791015627,0.6013341522216797,0.2614602661132812,0.25370552062988283,0.18473114013671874,12.334375,8.56875,1.265625,0.3515625,2.1484375,15.819148936170215,48.3531914893617,9.02127659574468,9.931914893617021,0.0
fio,details,90,10,1,readwrite_random,interleaved,1788210884.2679956,1788210935.048404,119.913584928,13.564714585,119.93357052586668,13.566071057066669,30,0.039133474714,0.067859140135,0.033403563101116,0.5116361561719751,2026-08-31 23:14:44.267995596,2026-08-31 23:15:35.048403978,51,25.15686274509804,27.705882352941178,23.41176470588235,25.058823529411764,25.431372549019606,0.28352941176470586,11142.505098039215,2694.3449019607842,2764.550588235293,2862.8954901960788,2820.7147058823525,0.981764705882353,0.15352941176470591,0.9411258326360524,0.07960784313725487,173.5507843137255,166.35235294117646,0.013803921568627447,106.76971603094366,193.18420572916665,70.39052287581698,38.73856209150327,184.5842292815564,126.26053519454658,58.323692746629895,31.417305453431375,31.554237323835785,31.53171109068628,31.75728151807598,14.57987342984069,14.683320695465689,14.702003484987745,14.35849437040441,1.2995045471191407,0.3555092620849609,0.33843986511230467,0.2548799896240235,0.3506946563720703,12.34265625,6.18796875,2.05828125,1.17671875,2.9196875,14.042553191489358,47.20638297872341,7.8936170212765955,9.374468085106383,0.0
fio,details,90,10,2,readwrite_random,interleaved,1788210938.5569837,1788210989.3254385,120.061545853,13.682658103,120.07355200853334,13.6844824576,30,0.042556829946,0.060801883012,0.0362752942169467,0.4542123001181489,2026-08-31 23:15:38.556983709,2026-08-31 23:16:29.325438499,50,24.96,26.08,25.68,24.46,24.1,0.275,11354.6218,2697.5116000000003,2767.0944,2880.434600000001,3009.5802000000003,0.9822,0.1554,0.8963082625277771,0.0714,177.16559999999998,169.87419999999997,0.014032,108.43210820312498,196.12813554687503,71.45333333333333,39.25666666666667,184.58094401041663,126.06447131587011,58.51647326899511,31.523827742034317,31.48218003216912,31.699734221813728,31.358730851715688,14.414892769607842,14.59045821844363,14.791645795036766,14.719476868872546,1.298342742919922,0.35533012390136715,0.3380338287353516,0.2546695709228516,0.3503092193603516,12.33890625,6.1115625,2.0203125,1.224375,2.98265625,13.858333333333334,46.581250000000004,9.108333333333333,9.25625,0.0
fio,details,90,10,3,readwrite_random,interleaved,1788210992.8072617,1788211043.5820367,120.445974491,13.657175443,120.45801908906668,13.658085922133331,30,0.039633090531,0.025036351533,0.0336659551760912,0.1874826439841584,2026-08-31 23:16:32.807261705,2026-08-31 23:17:23.582036734,51,24.862745098039216,26.901960784313726,24.392156862745097,26.11764705882353,24.627450980392158,0.2752941176470588,11322.837647058823,2707.6968627450983,2826.1525490196086,2882.013529411765,2906.9743137254904,0.9831372549019608,0.15450980392156866,0.9314484995483141,0.07627450980392157,176.22666666666666,168.71686274509804,0.013907843137254903,107.77140165441176,194.9152190563726,71.02450980392157,39.17156862745098,183.85634516697303,125.44814912683823,58.40819431678921,31.224662798713236,31.270560853247545,31.39912798713235,31.553797104779413,14.418548368566174,14.828551240808824,14.416414100796569,14.744681372549021,1.2956961822509765,0.3549305725097657,0.33739158630371097,0.25392173767089843,0.3494618988037109,12.324921875,6.097890625,2.067265625,1.206484375,2.95328125,14.010638297872335,46.6276595744681,9.227659574468081,8.959574468085105,0.0
fio,details,90,10,4,readwrite_random,interleaved,1788211047.055753,1788211097.8760908,119.769496453,13.684603025,119.78546571946666,13.685515332266666,30,0.038362912718,0.068764139388,0.0327856415145939,0.5139409171132965,2026-08-31 23:17:27.055752993,2026-08-31 23:18:17.876090765,51,24.862745098039216,26.901960784313726,25.41176470588235,24.529411764705884,24.49019607843137,0.2719607843137255,11212.131176470588,2699.909215686275,2696.0227450980387,2909.61843137255,2906.5801960784315,0.9833333333333333,0.1543137254901961,0.9265897947402842,0.07705882352941176,176.04901960784315,168.6854901960784,0.01391176470588235,107.31972234987748,194.257431640625,70.7205882352941,38.83986928104575,185.0092333984375,126.70189921875003,58.307334375,31.76268359375,32.0237802734375,31.326733984375,31.5887013671875,14.479976757812501,14.565407031249997,14.7666896484375,14.495262109375004,1.2920330810546876,0.35422225952148434,0.33634201049804685,0.25287643432617185,0.3485923767089844,12.3390625,6.181640625,2.0990625,1.17171875,2.886640625,13.482978723404258,46.8595744680851,8.412765957446808,9.140425531914895,0.0
fio,details,90,10,5,readwrite_random,interleaved,1788211101.3306522,1788211152.1114092,120.145573388,13.739042846,120.16159279786667,13.740416750933331,30,0.0378018478319999,0.064667399335,0.0321916794335465,0.481423700032337,2026-08-31 23:18:21.330652237,2026-08-31 23:19:12.111409187,51,25.431372549019606,28.098039215686274,23.80392156862745,25.666666666666668,23.392156862745097,0.28960784313725485,11229.524313725487,2674.4260784313724,2768.017843137255,2821.8676470588234,2965.212352941177,0.9752941176470588,0.15333333333333335,0.9019340809701621,0.0852941176470588,173.57607843137257,166.38529411764702,0.013660784313725492,107.20345932904412,193.91686657475486,70.61601307189542,38.85457516339869,185.64328680300244,126.45229779411764,59.19098900888479,31.572498276654414,31.7510031786152,31.70011240042892,31.42868566176471,14.521353209252451,14.97335133272059,14.880765165441176,14.815519492953428,1.2814798542097503,0.351383508420458,0.33366551118738513,0.2503042034074372,0.34611047482958024,12.313955269607844,6.191789215686274,2.0740655637254903,1.1217830882352942,2.9263174019607843,13.570833333333333,47.15833333333334,9.4625,9.147916666666667,0.0
fio,details,90,10,1,readwrite_random,numabalancing,1788211155.561483,1788211206.317905,106.270045615,13.528332227,106.28421495466668,13.529685060266669,30,0.044282749025,0.04401371447,0.042652255412954,0.3326681770164537,2026-08-31 23:19:15.561482906,2026-08-31 23:20:06.317904949,50,26.9,30.9,23.58,25.52,23.52,0.2456,10181.8704,2864.9390000000003,2346.4304,2560.3828,2410.1192,0.9847999999999999,0.1564,0.8190158324487886,0.06920000000000001,157.58499999999998,150.8902,0.013926000000000003,97.2523302734375,183.13385625000004,66.67,35.18999999999999,166.52635512408088,111.64763786764706,54.87871687346814,37.63920496323529,23.595611213235294,29.656288679534313,20.756534543504902,20.926057942708333,10.774036075367649,13.824237706801473,9.354384765625001,1.2865952136469823,0.4400473201976103,0.29766688627355237,0.26882777494542737,0.27998726040709254,12.330729166666666,8.561351102941176,1.265625,0.35531556372549017,2.1484375,15.170212765957446,46.27021276595743,8.682978723404258,10.308510638297872,0.0
fio,details,90,10,2,readwrite_random,numabalancing,1788211209.7643569,1788211260.5508275,86.435299385,10.241253481,86.4554676224,10.2426189824,30,0.055648903527,0.036081754753,0.0658880855268936,0.360351785518023,2026-08-31 23:20:09.764356852,2026-08-31 23:21:00.550827503,50,28.84,30.3,24.76,23.14,30.06,0.21519999999999995,8274.733,2350.3725999999997,1660.3324000000005,1744.7088,2519.3197999999998,0.98,0.1542,0.6590399519743387,0.07780000000000001,129.5408,124.0112,0.014054,75.643746484375,152.6654029296875,55.52,27.256666666666664,133.07051011029412,89.6773397288603,43.39317133884805,36.13490272671569,3.719176815257353,12.507415939031862,37.31584386488971,19.00751953125,1.5666555606617647,5.216763174019608,17.60223441329657,1.2980712441837086,0.5104771034390319,0.13166165819355086,0.1430203306908701,0.5129124510521982,12.329810049019608,5.591145833333333,1.265625,0.3515625,5.121476715686274,16.065957446808515,47.5936170212766,8.406382978723403,10.029787234042551,0.0
fio,details,90,10,3,readwrite_random,numabalancing,1788211264.016468,1788211314.7695673,99.3025974,11.919757148,99.3158377472,11.920551799466669,30,0.033952988578,0.041242052062,0.0349902479694948,0.3538120066774485,2026-08-31 23:21:04.016468047,2026-08-31 23:21:54.769567251,51,27.372549019607842,31.215686274509803,25.45098039215686,26.50980392156863,24.50980392156863,0.23176470588235298,9374.018235294116,2653.8949019607844,2293.720980392157,1961.772549019608,2464.6284313725487,0.9849019607843137,0.1550980392156863,0.7392050633090957,0.07764705882352942,145.93725490196078,139.66705882352943,0.013950980392156863,87.9812122778799,169.47618144914216,61.6797385620915,31.834967320261445,151.7430970435049,102.07505131740197,49.668048598345585,36.959470932904416,30.32782762714461,3.016367570465687,31.771384229473043,19.902851945465684,13.81781345741422,1.2886766620710786,14.658708065257352,1.2963887382956112,0.46571619370404416,0.3863147660797718,0.0365139082366345,0.4078532948213465,12.326669730392156,8.492110906862745,1.3345588235294117,0.3515625,2.1484375,15.551063829787235,47.03617021276595,8.765957446808509,9.993617021276597,0.0
fio,details,90,10,4,readwrite_random,numabalancing,1788211318.232978,1788211369.0494697,115.064877186,13.406914625,115.08021917013332,13.408255317333332,30,0.043206672975,0.068788711164,0.0384225574761237,0.5247634822044925,2026-08-31 23:21:58.232978106,2026-08-31 23:22:49.049469709,51,25.96078431372549,28.764705882352942,22.88235294117647,25.11764705882353,25.686274509803923,0.27549019607843134,10842.746078431372,2851.8286274509805,2610.6907843137255,2562.3627450980393,2817.865490196078,0.9778431372549019,0.1543137254901961,0.8984981497251918,0.08019607843137253,169.28549019607843,162.0592156862745,0.013841176470588235,102.69041398590686,189.8005459175858,69.09477124183006,37.214052287581694,178.01915078124995,121.12991660156248,56.8892359375,36.35669707031249,25.724789453124995,26.219523046875,32.82890703125,19.4664326171875,11.531722656249999,11.224826757812497,14.666252148437497,1.2969087338915057,0.40947850545247394,0.2963288251091452,0.21949326758291207,0.37161756029316023,12.328584558823529,5.597349877450981,4.231234681372549,0.3515625,2.1484375,14.527659574468087,46.97659574468084,8.302127659574468,9.39787234042553,0.0
fio,details,90,10,5,readwrite_random,numabalancing,1788211372.4913774,1788211423.225931,89.497596996,10.882997457,89.50953000960001,10.883722990933332,30,0.043273868095,0.081623874892,0.0494600167308816,0.7671976996045511,2026-08-31 23:22:52.491377354,2026-08-31 23:23:43.225930929,51,30.313725490196077,38.666666666666664,22.862745098039216,22.647058823529413,22.431372549019606,0.21411764705882355,8393.532549019608,3036.8382352941176,1765.2821568627448,1683.9901960784314,1907.4223529411763,0.9841176470588234,0.15372549019607845,0.5545208752007619,0.08784313725490199,132.6921568627451,126.79333333333335,0.01395686274509804,75.96418581495098,152.90776577818625,55.5702614379085,27.40196078431373,138.19002087162988,93.05596066942402,45.13405924479167,45.0732421875,21.360930606617647,4.296678347120098,22.325109911151962,24.54950865502451,9.078758425245097,1.8209083946078428,9.684883769914217,1.293824139763327,0.5937895681343827,0.31494125665402883,0.052495993819891236,0.3326067457012102,12.324831495098039,8.559206495098039,1.265625,0.3515625,2.1484375,16.646808510638294,46.82978723404254,9.155319148936174,9.74255319148936,0.0
fio,details,85,15,1,readwrite_random,default,1788211426.7102244,1788211477.4633622,82.877582112,15.415126448,82.88863245653334,15.4171817984,30,0.037141843928,0.066580431706,0.0458581252366528,0.4416182328400806,2026-08-31 23:23:46.710224390,2026-08-31 23:24:37.463362217,51,28.862745098039216,34.86274509803921,22.098039215686274,21.470588235294116,26.294117647058822,0.22529411764705887,8219.756078431374,2626.7572549019615,1677.0896078431372,1818.1133333333332,2097.7966666666666,0.9776470588235294,0.15333333333333335,0.638463872028301,0.08803921568627453,120.87235294117649,115.49784313725489,0.012990196078431368,79.09718501072305,158.1589688648897,57.57189542483659,28.583333333333332,143.59789560355392,90.69254136029413,52.90535386029412,38.24605641084559,9.293232230392158,12.802237859987745,30.351015050551474,24.54829886642157,4.886326976102941,6.8702523743872534,16.600476983762256,1.2943990370806526,0.5296439376531863,0.19045294967352175,0.1426390105602788,0.4317008373784084,12.316636029411764,8.551011029411764,1.265625,0.3515625,2.1484375,15.908510638297868,44.75744680851064,10.295744680851065,12.557446808510639,0.0
fio,details,85,15,2,readwrite_random,default,1788211480.9824889,1788211531.7440147,80.539162994,15.196533666,80.55527082666667,15.197546769066667,30,0.034936691519,0.0481560823089999,0.0443968659648197,0.3240665832470872,2026-08-31 23:24:40.982488871,2026-08-31 23:25:31.744014740,50,29.04,34.86,23.0,23.0,24.96,0.19679999999999997,8191.625400000001,2579.4548,1697.1963999999998,1705.4672000000003,2209.5068,0.9940000000000001,0.15460000000000002,0.6579671021953941,0.08040000000000001,119.17540000000001,113.7224,0.012865999999999999,77.224956640625,155.6627703125,56.606666666666676,27.886666666666667,137.98968156403188,87.08748678768382,50.902193818933824,36.993419883578426,10.083332950367646,8.006974762561274,32.00375880821078,23.23248908547794,5.30204714307598,4.139676393995098,18.227981387867647,1.2898813883463542,0.5307474323347503,0.20383056939816943,0.09363436231426164,0.4616690242991728,12.30575980392157,8.54013480392157,1.265625,0.3515625,2.1484375,15.789361702127666,43.63404255319149,10.348936170212761,11.617021276595743,0.0
fio,details,85,15,3,readwrite_random,default,1788211535.214285,1788211586.8864489,94.723288349,16.970846058,91.67686517264517,16.42558919845161,31,0.078766902074,0.036454191825,0.0853037606721132,0.2196430164067029,2026-08-31 23:25:35.214284897,2026-08-31 23:26:26.886448860,51,27.098039215686274,24.50980392156863,23.705882352941178,32.372549019607845,24.58823529411765,0.2215686274509804,9455.648235294118,2023.283529411765,2041.1868627450983,3068.1572549019606,2323.02,0.9929411764705882,0.15470588235294117,0.659445837132105,0.07137254901960785,137.94215686274512,131.7821568627451,0.01294313725490196,89.26770258884804,172.62671894148284,62.828431372549026,32.209150326797385,159.41825646033655,102.22866980919471,57.18958665114183,16.637632962740387,17.01726919320913,40.83180720402645,27.741960637019226,9.659497258112982,8.85084209735577,23.791784855769226,14.887462439903846,1.291329603928786,0.24988643939678484,0.2517265906700721,0.4163040014413687,0.3734310590303861,12.315880408653847,5.593149038461538,4.211388221153846,0.3553936298076923,2.155949519230769,14.416666666666666,43.49166666666667,10.602083333333333,10.25,0.0
fio,details,85,15,4,readwrite_random,default,1788211589.4235263,1788211645.853476,87.158636558,14.660547692,74.7148735049143,12.567440354742857,35,0.259335440844,0.192885011572,0.304998882004579,1.3479512204020512,2026-08-31 23:26:29.423526287,2026-08-31 23:27:25.853476048,56,30.357142857142858,23.285714285714285,21.785714285714285,22.571428571428573,37.30357142857143,0.2526785714285714,7781.137857142858,1514.2233928571427,1532.9789285714287,1545.404642857143,3188.5305357142856,0.9933928571428571,0.14160714285714285,0.47489693948247874,0.07553571428571429,115.46696428571428,110.13428571428572,0.013398214285714288,68.17363804408481,141.1401897321429,51.302083333333336,24.523809523809522,130.99291172572543,84.3098041643415,46.68310825892858,15.485200718470983,14.058347865513394,10.089814627511162,44.6764413016183,8.444829275948662,7.038378557477679,5.029474051339286,26.170425851004463,1.2947589329310825,0.27160120010375977,0.2556315149579729,0.12777955191476004,0.6397478921072823,12.286063058035714,8.478934151785714,1.265625,0.3515625,2.18994140625,15.155319148936172,42.728846153846156,9.740384615384615,9.773076923076923,0.0
fio,details,85,15,5,readwrite_random,default,1788211649.528922,1788211700.3718848,109.036683381,19.804013777,109.0512216064,19.80467391146667,30,0.038169691887,0.054983227052,0.0358239009794071,0.2839528624342906,2026-08-31 23:27:29.528922081,2026-08-31 23:28:20.371884823,51,25.254901960784313,25.745098039215687,24.372549019607842,25.901960784313726,26.54901960784314,0.25999999999999995,10859.673529411764,2726.6639215686273,2531.377254901961,2741.947450980392,2859.6854901960783,0.987843137254902,0.1550980392156863,0.8851942857283909,0.08254901960784312,157.57117647058823,150.76823529411763,0.012841176470588234,107.6979731541054,195.59287090226712,71.2483660130719,38.94281045751634,187.07876014859073,119.40008980545342,67.67867206648285,30.463844209558825,27.069479741115202,30.482043313419116,31.38472234987745,19.12781881893382,14.525580575980394,16.697579273897055,17.327694929534314,1.292185016706878,0.3540632958505668,0.31641410378848805,0.2600679584577972,0.36163965861002606,12.328354779411764,5.594745710784314,1.265625,3.319546568627451,2.1484375,13.882978723404257,43.67872340425532,10.570212765957447,11.559574468085106,0.0
fio,details,85,15,1,readwrite_random,interleaved,1788211703.7414117,1788211757.9592123,113.230494562,20.009720687,102.95053814690908,18.19247423612121,33,0.2165716883939999,0.045697118354,0.1962185597675253,0.2335399454032242,2026-08-31 23:28:23.741411686,2026-08-31 23:29:17.959212303,54,25.166666666666668,27.185185185185187,23.88888888888889,24.703703703703702,25.296296296296298,0.29277777777777775,10483.277777777776,2490.252592592593,2578.6979629629636,2727.8044444444445,2686.522962962962,0.9864814814814815,0.1448148148148148,0.9129146327422191,0.07740740740740737,151.18703703703702,144.68185185185186,0.012899999999999998,101.61495804398149,185.839369212963,67.66203703703705,36.779320987654316,177.9423216869213,113.44970666956017,64.49261610243055,28.556005135995367,28.201210394965276,28.26340151186342,28.429091073495375,16.305326063368053,15.911117259837962,16.06757613570602,16.208597366898147,1.2921585506863065,0.3541649006031178,0.33783086140950525,0.2529379526774089,0.3472248359962746,12.298394097222221,6.1977719907407405,2.0181568287037037,1.1447482638888888,2.937717013888889,11.913725490196079,41.203921568627464,9.686274509803921,9.598039215686274,0.0
fio,details,85,15,2,readwrite_random,interleaved,1788211759.9705684,1788211810.7448044,110.029422051,20.027975231,110.04042499413332,20.029310429866666,30,0.03780765507,0.04435621564,0.0351646026169996,0.2265743329053334,2026-08-31 23:29:19.970568419,2026-08-31 23:30:10.744804382,51,25.372549019607842,28.215686274509803,24.58823529411765,26.07843137254902,23.941176470588236,0.26549019607843133,10880.649215686275,2582.4052941176474,2693.8643137254903,2751.283137254902,2853.095882352941,0.9901960784313726,0.15313725490196078,0.9051239077138705,0.07490196078431373,157.01294117647058,150.14235294117648,0.012696078431372548,106.45847177542889,193.09129844515928,70.32189542483661,38.52450980392157,187.08019071691174,119.28191195618874,67.79827933517157,29.823491881127453,29.926385761335787,29.772929687500003,29.75910520067402,16.817959941789216,17.22734260110294,16.712945197610292,17.040030828737745,1.28557975619447,0.35255267573337934,0.33585604499368105,0.25150688021790746,0.3456641552495021,12.30062806372549,6.131663602941177,2.0392156862745097,1.1736366421568627,2.956112132352941,13.034042553191487,43.64042553191489,9.574468085106385,11.021276595744679,0.0
fio,details,85,15,3,readwrite_random,interleaved,1788211814.2209642,1788211872.6163273,118.414067611,20.224668149,96.0242076921081,16.399472806054053,37,0.319173012341,0.200769567786,0.2759905457923055,1.014907080990385,2026-08-31 23:30:14.220964193,2026-08-31 23:31:12.616327286,58,25.46551724137931,26.189655172413794,25.017241379310345,25.844827586206897,23.310344827586206,0.33155172413793105,10066.76551724138,2411.1389655172416,2433.6282758620687,2604.791724137932,2617.206724137931,0.9927586206896551,0.13620689655172413,0.921264240718866,0.06534482758620691,148.1312068965517,141.89982758620687,0.013505172413793103,96.83322046740301,179.81108297413792,65.45977011494254,35.035919540229884,165.8935247285487,106.87245415121821,59.021069749735176,26.778422934322034,26.634726065942797,26.62393985037076,26.83536381091102,14.836991856461866,14.390409659692795,14.933459514036016,14.860209216101696,1.2710116758184917,0.3493755146608515,0.33100774732686705,0.24878278829283634,0.3418654102390095,12.268802966101696,6.277078919491525,2.0342955508474576,1.0474046610169492,2.9100238347457625,12.923636363636362,42.218181818181826,10.123636363636363,9.238181818181818,0.0
fio,details,85,15,4,readwrite_random,interleaved,1788211875.8451407,1788211939.2234666,125.083865741,19.886760436,89.357531136,14.205775872,42,0.407781916659,0.081202663568,0.3340416884656465,0.4175863556444671,2026-08-31 23:31:15.845140696,2026-08-31 23:32:19.223466635,63,25.142857142857142,27.015873015873016,27.523809523809526,23.285714285714285,24.317460317460316,0.38492063492063494,9401.736031746035,2238.9296825396827,2340.0068253968248,2355.4984126984127,2467.301111111111,0.9846031746031746,0.12349206349206347,0.9074407953115278,0.06968253968253965,138.0985714285714,132.1811111111111,0.013850793650793653,90.32062065972222,166.5555005270337,60.58862433862435,32.62169312169312,156.86816421750993,101.9780251736111,54.89013935391864,25.604465060763886,25.594081101190476,25.30095796130953,25.478520120287698,13.823383556547617,13.680722656250001,13.55516369047619,13.830871000744047,1.3028212047758556,0.35703029329814606,0.33948807489304317,0.25608274671766496,0.35022771926153273,12.24249751984127,6.208395337301587,1.9966517857142858,1.1681547619047619,2.869295634920635,11.12222222222222,41.54666666666666,9.846666666666666,8.051666666666668,0.0
fio,details,85,15,5,readwrite_random,interleaved,1788211940.377803,1788211991.206569,109.831310892,19.441210959,109.84961611093334,19.443155080533337,30,0.040550668781,0.062074146872,0.0377754718866938,0.3265595807509519,2026-08-31 23:32:20.377803087,2026-08-31 23:33:11.206568956,50,25.12,26.18,25.12,25.34,24.2,0.2612,11091.642,2711.1602000000003,2683.7986,2855.5148,2841.167,0.9865999999999999,0.15760000000000002,0.9398650639107177,0.068,161.302,154.34,0.013106,109.92947519531248,198.8418453125,72.51833333333333,39.88333333333334,188.08157552083333,120.83028013939949,67.25129538143382,30.277895220588235,30.316736940870104,30.141930147058826,30.09371840533088,17.171310700061273,16.830912032781864,16.805227864583333,16.443845741421573,1.2934167151357614,0.35502400117761945,0.33691077138863357,0.2535522311341529,0.3479628469429764,12.30890012254902,6.241498161764706,2.034237132352941,1.1126685049019607,2.9204963235294117,12.972916666666668,45.15208333333334,10.545833333333333,11.481250000000001,0.0
fio,details,85,15,1,readwrite_random,numabalancing,1788211994.6233969,1788212045.5433056,104.248780602,18.372713533,104.26268043946666,18.3739383808,30,0.072649772427,0.049170460774,0.0713530315651404,0.2738751479684713,2026-08-31 23:33:14.623396873,2026-08-31 23:34:05.543305635,51,26.392156862745097,27.19607843137255,24.431372549019606,26.372549019607842,25.470588235294116,0.24490196078431373,10422.553529411764,2519.0880392156864,2234.061568627451,2805.770980392157,2863.6321568627454,0.9933333333333333,0.1568627450980392,0.7801496303474182,0.06764705882352942,149.97470588235294,143.47372549019605,0.012762745098039215,100.19181295955883,186.5096107153799,67.91503267973856,36.28758169934641,176.75373105468748,113.475565625,63.278164453124994,30.257021679687497,13.802403710937499,35.065054882812504,34.3510837890625,17.8800810546875,6.988935156250001,19.301810742187502,19.107336914062504,1.2940242991727942,0.366794137393727,0.20165611715877757,0.3200231813916973,0.40555086322859224,12.316176470588236,8.334252450980392,1.4819240196078431,0.3515625,2.1484375,13.293749999999998,43.00416666666666,10.50625,10.481250000000001,0.0
fio,details,85,15,2,readwrite_random,numabalancing,1788212048.9246974,1788212099.6519098,87.832793741,15.613669277,87.84450478080001,15.615751099733334,30,0.076883098199,0.068357714095,0.0895718414479129,0.4476035618247567,2026-08-31 23:34:08.924697399,2026-08-31 23:34:59.651909828,51,29.15686274509804,37.09803921568628,21.607843137254903,23.45098039215686,22.45098039215686,0.2109803921568628,8702.347647058825,3050.1035294117646,1896.491960784314,1888.6311764705883,1867.1217647058827,0.9921568627450981,0.153921568627451,0.6121502915233736,0.08450980392156865,127.62960784313726,121.93921568627451,0.012958823529411764,81.6196746706495,162.51430587469366,59.12908496732026,29.486928104575167,149.30992421875,95.2116755859375,54.0982484375,42.9597712890625,20.0267201171875,21.35543515625,10.8697490234375,27.070992773437503,10.597608984374999,10.879222851562497,5.5504236328125,1.2910727706609988,0.5702914817660463,0.28203784718233,0.21821467081705728,0.2205381954417509,12.314568014705882,8.419806985294118,1.3871017156862746,0.3515625,2.1560968137254903,15.561702127659574,44.44255319148937,9.961702127659574,11.268085106382982,0.0
fio,details,85,15,3,readwrite_random,numabalancing,1788212103.1787684,1788212154.0388503,80.246147792,13.799435604,80.25952215039999,13.800355566933332,30,0.058272627062,0.069819480274,0.0742939673116537,0.5178402915224107,2026-08-31 23:35:03.178768396,2026-08-31 23:35:54.038850307,51,31.03921568627451,39.90196078431372,21.941176470588236,20.54901960784314,21.823529411764707,0.19411764705882348,7976.499411764707,3169.8339215686274,1512.549019607843,1695.165098039216,1598.951176470588,0.9933333333333333,0.15843137254901962,0.4771698003847916,0.07450980392156863,115.49078431372548,110.41039215686273,0.01282549019607843,71.84774490655636,146.8313453584559,53.37581699346405,25.892156862745097,136.31772652420344,86.96511565563723,49.35260895373775,47.042288602941184,9.988067938112744,20.035032552083333,9.899725222120097,29.2474622778799,4.9175607000612755,10.326352634803923,4.86123410692402,1.293175042844286,0.6483616548426011,0.1928096098058364,0.22977312873391545,0.22224007400811888,12.31655943627451,5.596277573529412,1.265625,3.306219362745098,2.1484375,15.100000000000003,41.167391304347824,9.756521739130434,11.830434782608696,0.0
fio,details,85,15,4,readwrite_random,numabalancing,1788212157.439451,1788212212.5496402,86.408626937,14.385035143,76.25307184188236,12.69437042447059,34,0.215190457371,0.20685831443,0.2553865723870457,1.4763462236182143,2026-08-31 23:35:57.439450979,2026-08-31 23:36:52.549640179,55,30.09090909090909,36.69090909090909,24.78181818181818,22.12727272727273,20.90909090909091,0.24181818181818177,7900.273636363635,2936.3634545454556,1557.9467272727277,1672.8974545454544,1733.0674545454547,0.993090909090909,0.14436363636363636,0.5305701257318963,0.06618181818181817,114.45963636363635,109.25527272727275,0.013123636363636362,71.36180894886364,146.083130859375,53.065151515151506,25.6939393939394,132.2420143821023,84.83630166903409,47.405713245738646,43.68541352982956,9.829666370738636,18.063992187499995,13.257229403409092,26.899013316761366,4.772841264204545,8.962024680397729,6.771833984375001,1.2942607532848012,0.6255263588645241,0.1954407431862571,0.21713097312233665,0.2561888954856179,12.282457386363637,8.24453125,1.449715909090909,0.43977272727272726,2.1484375,14.472000000000001,41.126,8.676,10.786,0.0
fio,details,85,15,5,readwrite_random,numabalancing,1788212216.1557636,1788212266.8873775,91.982322962,16.187670909,91.99458727253334,16.189289676799998,30,0.055265192281,0.051761129656,0.061507557977725,0.3269536243169242,2026-08-31 23:36:56.155763626,2026-08-31 23:37:46.887377501,51,28.176470588235293,35.15686274509804,20.901960784313726,23.647058823529413,24.019607843137255,0.22607843137254904,8929.466470588237,3090.5313725490196,1781.1570588235293,1984.1978431372547,2073.5805882352943,0.9786274509803923,0.1535294117647059,0.576327124404649,0.08568627450980396,125.86529411764708,120.3121568627451,0.012321568627450978,85.47339211856617,165.66685719209562,60.248366013071895,30.86111111111111,155.40367283241423,96.6189332490809,58.78474054074755,41.22966184129902,14.347835477941176,19.94914005055147,21.092295496323526,27.603235485600493,7.969983149509805,11.279537185968136,11.931983762254898,1.294176254272461,0.5373985290527343,0.22657928466796876,0.21030723571777343,0.31989120483398437,12.326015625,8.483828125,1.3421875,0.3515625,2.1484375,13.978723404255321,38.58936170212766,9.638297872340425,10.448936170212765,0.0
fio,details,80,20,1,readwrite_random,default,1788212270.4201505,1788212321.172565,68.846937246,19.99108894,68.8561168384,19.9937544192,30,0.0331540944,0.0452251090029999,0.0492574548476309,0.231425989975661,2026-08-31 23:37:50.420150518,2026-08-31 23:38:41.172564983,51,29.098039215686274,32.6078431372549,21.784313725490197,30.058823529411764,25.862745098039216,0.2070588235294117,7468.104509803922,2109.366274509804,1628.526470588235,2168.07862745098,1562.1335294117646,0.9825490196078431,0.1515686274509804,0.7205151647329193,0.08941176470588239,101.08764705882352,96.36019607843139,0.01195686274509804,73.94267558976716,149.73554400275734,54.4297385620915,26.643790849673206,136.60598115808824,80.89892999387254,55.70705058976715,32.2226087622549,14.212140969669116,32.781462162990195,1.6827198223039213,23.273613855698528,9.241639859068627,22.17813534007353,1.0136609604779412,1.293835906982422,0.5011385345458984,0.2509630584716797,0.4122906494140625,0.12944366455078124,12.338046875,8.572421875,1.265625,0.3515625,2.1484375,16.114893617021277,41.7,12.185106382978722,14.495744680851061,0.0
fio,details,80,20,2,readwrite_random,default,1788212324.6579683,1788212391.7251203,88.98104995,20.382755357,58.03885701565218,13.294873733565218,46,0.455801243706,0.128490783442,0.5245995802932367,0.6446941364545133,2026-08-31 23:38:44.657968283,2026-08-31 23:39:51.725120306,67,31.0,38.149253731343286,17.55223880597015,26.761194029850746,23.507462686567163,0.3707462686567164,6685.138208955224,2370.5347761194034,1170.9826865671644,1674.5944776119404,1469.0267164179106,0.9892537313432836,0.11582089552238806,0.4939740595090861,0.07208955223880598,91.71402985074627,87.70462686567164,0.013292537313432837,61.13508614155783,124.9063265216884,45.30970149253732,21.95273631840796,113.05246501865672,69.48440021571831,43.56806465718284,33.735442222481346,9.333962657416045,21.36659398320895,5.04840033232276,22.4773096431903,5.255317164179105,12.890994636194032,2.9444426305970146,1.305254352626516,0.6019853051029034,0.21447235790651237,0.31056822591753147,0.17823563760785915,12.248600746268657,8.482975746268657,1.265625,0.3515625,2.1484375,12.095238095238093,37.79682539682539,9.863492063492064,9.511111111111106,0.0
fio,details,80,20,3,readwrite_random,default,1788212392.7996273,1788212454.7680397,94.49795257,24.304841031,69.15636748487805,17.78521562536585,41,0.291477765269,0.262805814072,0.3158422024629664,1.10671954663559,2026-08-31 23:39:52.799627304,2026-08-31 23:40:54.768039703,62,26.177419354838708,30.967741935483872,25.451612903225808,22.177419354838708,24.080645161290324,0.32370967741935486,8287.48564516129,2496.0322580645166,1779.317096774194,2002.1625806451614,2009.9741935483873,0.9932258064516128,0.1293548387096774,0.712858213681068,0.06548387096774194,112.21080645161291,107.17016129032258,0.012485483870967743,81.09755906628023,156.65325888356855,56.961021505376344,29.266129032258064,145.06790338331652,87.94130623109879,57.126597467237914,33.556813098538306,11.848139648437499,22.26841261340726,20.267939925655245,23.486103358114924,7.036118794102824,14.070912455897178,12.533462859122984,1.3070404914117628,0.4981970017956149,0.2108899393389302,0.2619658439390121,0.3359954587874874,12.259702620967742,5.584551411290323,4.137348790322581,0.3893649193548387,2.1484375,10.377586206896549,37.71551724137932,11.115517241379314,12.427586206896553,0.0
fio,details,80,20,4,readwrite_random,default,1788212458.4906335,1788212520.4224544,85.34998554,23.429186894,62.45953575960976,17.145021814634145,41,0.31956476172,0.264520228515,0.3834915209027261,1.1562615936966016,2026-08-31 23:40:58.490633488,2026-08-31 23:42:00.422454357,62,28.822580645161292,37.32258064516129,21.29032258064516,20.451612903225808,24.032258064516128,0.3140322580645161,7435.423548387098,2590.5962903225804,1530.254838709677,1574.8932258064515,1739.6801612903223,0.9837096774193548,0.12564516129032258,0.5906959893465801,0.07612903225806451,97.97,93.43145161290323,0.012056451612903227,70.95553758190525,142.91386576990928,51.91129032258064,25.516129032258064,131.71373676915323,78.76097530241934,52.952762096774194,35.59644673009074,10.605644058719758,13.162762884324595,19.396122889364918,25.807095041582663,6.627082755796373,8.28102302797379,12.237562216481855,1.296641134446667,0.5637839532667591,0.21302856937531503,0.17347588077668222,0.34635273102791075,12.247920866935484,5.737021169354839,1.265625,0.3592489919354839,4.886025705645161,12.617647058823529,36.244827586206895,10.86551724137931,12.041379310344826,0.0
fio,details,80,20,5,readwrite_random,default,1788212524.130587,1788212587.4633873,99.056340441,26.82004238,70.76160433980952,19.158450273523812,42,0.338359556261,0.420484993097,0.3521981370424247,1.610846332131863,2026-08-31 23:42:04.130587101,2026-08-31 23:43:07.463387251,63,26.984126984126984,30.88888888888889,23.96825396825397,27.92063492063492,20.38095238095238,0.35555555555555557,8446.3526984127,2449.9174603174606,1966.2825396825394,2139.7687301587302,1890.3846031746032,0.9809523809523809,0.12015873015873015,0.7716115476517511,0.07476190476190477,109.47888888888889,104.77777777777777,0.011520634920634923,80.5483277529762,157.02064406622023,57.0648148148148,29.07671957671958,146.1593081907242,87.05357607886906,59.105732421875,32.77359312996032,17.831424386160716,23.791039651537698,12.657518136160716,23.570113467261912,11.723609871031748,15.681958860367066,8.130049758184526,1.3075714111328125,0.49522527058919275,0.2821139986552889,0.28014058915395584,0.250091552734375,12.271515376984127,8.263702876984127,1.265625,0.59375,2.1484375,9.286666666666667,32.33833333333334,11.288333333333332,11.906666666666665,0.0
fio,details,80,20,1,readwrite_random,interleaved,1788212591.1170192,1788212641.9089174,99.658293582,26.15579524,99.67158135466669,26.158410820266667,30,0.038957494236,0.034336863982,0.0400084602163577,0.1342836659344556,2026-08-31 23:43:11.117019176,2026-08-31 23:44:01.908917427,51,25.098039215686274,28.11764705882353,23.41176470588235,26.352941176470587,23.274509803921568,0.2554901960784314,10634.184313725491,2458.6294117647058,2693.884705882353,2661.6276470588236,2820.0419607843132,0.9886274509803922,0.1554901960784314,0.8718414285867253,0.07862745098039216,143.93901960784314,137.66941176470587,0.011998039215686273,108.45577090992647,194.86278741574756,70.95424836601308,39.192810457516345,191.41252558593752,115.58862890625,75.823897265625,29.040579687499996,28.922542968750005,28.8102251953125,28.815279882812497,18.6012578125,19.39002265625,18.576115234375,19.2565009765625,1.2929933166503904,0.3524530792236328,0.328570327758789,0.25583518981933595,0.3561347198486328,12.33171875,6.1975,2.1228125,1.093203125,2.918203125,13.554166666666667,39.93333333333333,12.0375,13.243749999999999,0.0
fio,details,80,20,2,readwrite_random,interleaved,1788212645.365656,1788212708.6020389,112.20755509,26.179348101,80.16161167847619,18.702027629714287,42,0.350632260368,0.078423841438,0.3201258310461333,0.306326418750637,2026-08-31 23:44:05.365655899,2026-08-31 23:45:08.602038860,63,24.682539682539684,23.317460317460316,26.3015873015873,24.96825396825397,26.095238095238095,0.4001587301587301,9026.667936507936,2083.6942857142853,2219.612539682539,2318.6287301587304,2404.733492063493,0.9831746031746031,0.11809523809523809,0.8664969704922582,0.07841269841269839,115.30555555555556,110.19031746031746,0.012503174603174601,89.10787744915676,162.77960317460318,59.20502645502645,32.18518518518519,157.61582945808533,93.79251007564483,63.823319072420624,23.611401289682536,23.362565414186502,23.413438895089282,23.405104321676593,16.284784846230163,15.730159195188493,15.896800750248016,15.911573970734128,1.295235830640036,0.3554664490714906,0.3279328119187128,0.2573002406529018,0.3545363289969308,12.276599702380953,6.201140873015873,2.0417906746031744,1.1088169642857142,2.9248511904761907,10.46101694915254,35.89491525423729,10.45084745762712,9.501694915254236,0.0
fio,details,80,20,3,readwrite_random,interleaved,1788212709.7601671,1788212760.6237984,99.133252626,26.354359431,99.143165952,26.3569948672,30,0.046282901675,0.049772601119,0.0477489936051878,0.1931505095797043,2026-08-31 23:45:09.760167122,2026-08-31 23:46:00.623798370,51,24.784313725490197,27.49019607843137,24.352941176470587,23.294117647058822,25.725490196078432,0.26921568627450976,10584.959411764707,2450.3592156862746,2642.0733333333333,2763.167843137255,2729.3586274509807,0.9776470588235294,0.15372549019607842,0.8867934757463655,0.08529411764705885,143.69372549019607,137.47313725490196,0.012027450980392157,109.42741632199755,196.2780886182598,71.52777777777779,39.65522875816993,192.33422564338235,115.81387446384804,76.52035175398285,29.104712392769603,28.98973020067402,28.9449929151348,28.774438189338234,18.792483532475494,19.514733838848038,19.436967869178922,18.77616651348039,1.2926385916915595,0.3528639849494485,0.3283943475461474,0.2556196474561504,0.35578888537837006,12.32781862745098,6.227787990196078,2.0256587009803924,1.1414675245098038,2.932904411764706,13.15,41.46041666666667,12.116666666666667,13.695833333333335,0.0
fio,details,80,20,4,readwrite_random,interleaved,1788212763.956585,1788212814.76406,99.223098087,26.235595885,99.2363278336,26.2390939648,30,0.038082243737,0.047246390447,0.0392780612631126,0.1841508180203598,2026-08-31 23:46:03.956584930,2026-08-31 23:46:54.764060020,50,25.48,26.14,25.22,24.26,25.64,0.2492,10751.9016,2527.1739999999995,2637.6262,2841.4602,2745.64,0.9928,0.1562,0.8893927143515857,0.0656,145.54500000000002,139.25300000000001,0.012011999999999998,109.660855859375,197.01796152343752,71.78,39.70166666666666,188.99998659620096,113.92314376531863,75.07684244791666,28.46630572150735,28.408697725183824,28.505160845588236,28.542977941176474,18.510058210784315,18.696751876531867,19.25143171721814,18.618600260416667,1.2868617936676623,0.35071264528760726,0.32755451576382505,0.2542885425044041,0.35421184464996935,12.321997549019608,6.228477328431373,2.001761642156863,1.1263020833333333,2.965456495098039,13.11875,38.893750000000004,12.135416666666666,12.635416666666666,0.0
fio,details,80,20,5,readwrite_random,interleaved,1788212818.1797986,1788212868.9972987,99.444042321,26.596292101,99.46061632853332,26.5989517312,30,0.04093678765,0.047336846738,0.0421474529994893,0.1819995847186791,2026-08-31 23:46:58.179798603,2026-08-31 23:47:48.997298717,50,25.08,26.48,25.22,25.66,22.96,0.2752,10624.416599999999,2564.681,2627.6953999999996,2741.5932000000003,2690.4489999999996,0.9775999999999999,0.1514,0.935471024658217,0.08159999999999998,135.3576,129.7046,0.011246,107.8238556640625,193.65305800781252,70.55666666666666,39.041666666666664,190.41498808593752,112.65074453125,77.7642443359375,28.257275390624997,28.126686914062503,28.105559570312504,28.1612212890625,19.3741384765625,19.387519140625002,19.5423869140625,19.460199609374996,1.2884809456619561,0.35124670290479476,0.3278787650314032,0.2547138438505285,0.3546510584214155,12.330193014705882,6.188955269607843,2.0566789215686274,1.1515012254901962,2.9330575980392157,12.043750000000001,35.145833333333336,12.608333333333334,12.441666666666668,0.0
fio,details,80,20,1,readwrite_random,numabalancing,1788212872.4736683,1788212923.4806128,73.210583035,17.57327018,73.21790409386666,17.5750275072,30,0.043220936546,0.093303873887,0.0604208858779087,0.5434060562810401,2026-08-31 23:47:52.473668337,2026-08-31 23:48:43.480612755,51,31.137254901960784,22.41176470588235,23.274509803921568,22.313725490196077,38.509803921568626,0.18392156862745093,7787.970588235294,1421.4807843137255,1480.89,1587.475882352941,3298.1231372549014,0.9935294117647059,0.15686274509803924,0.43099688069768505,0.0780392156862745,108.3343137254902,103.29019607843138,0.012292156862745101,70.31828431372548,144.5493177466299,52.506535947712415,25.25816993464053,136.2484032245711,84.19300953584558,52.05539426317402,5.916803385416667,12.89472100949755,18.813656556372546,46.56782877604166,3.4492334941789213,7.231513480392156,10.706272212009804,30.668373736213233,1.2894419501809513,0.1575301675235524,0.22803602031632966,0.23261433021695005,0.6712614321241192,12.322610294117647,5.595588235294118,4.227022058823529,0.3515625,2.1484375,14.638297872340424,41.02978723404256,11.840425531914894,13.259574468085102,0.0
fio,details,80,20,2,readwrite_random,numabalancing,1788212926.782822,1788212994.5113254,91.140091085,19.487496865,58.18034367727659,12.440071669106382,47,0.489226866617,0.089262358561,0.5501847509696006,0.468339742186095,2026-08-31 23:48:46.782821894,2026-08-31 23:49:54.511325359,68,28.323529411764707,32.705882352941174,24.191176470588236,25.544117647058822,24.36764705882353,0.3685294117647059,6718.497794117648,1874.5155882352938,1495.4070588235293,1446.3255882352942,1902.2494117647059,0.9913235294117646,0.11764705882352938,0.760323845700941,0.07617647058823529,93.3120588235294,89.27132352941176,0.013324999999999997,63.020530072380495,128.09491857192094,46.482843137254896,22.64705882352941,112.51603372012869,70.03054371553308,42.4854900045956,27.220944680606618,7.107493824678308,6.137455623851103,29.564649730009194,16.91308048023897,3.9300896139705883,3.055513556985294,18.5868062097886,1.3012053545783546,0.5000057781443876,0.18224693747127757,0.10451715132769417,0.5144496805527631,12.242589613970589,8.476964613970589,1.265625,0.3515625,2.1484375,11.529508196721313,39.46984126984127,9.588888888888887,10.12539682539683,0.0
fio,details,80,20,3,readwrite_random,numabalancing,1788212995.5845149,1788213063.527077,99.592384895,24.800001766,63.578083328,15.83137134025532,47,0.308701613418,0.2076038612769999,0.3171298394284509,0.8558994580477715,2026-08-31 23:49:55.584514856,2026-08-31 23:51:03.527076960,68,26.808823529411764,33.76470588235294,24.235294117647058,24.779411764705884,19.720588235294116,0.3848529411764706,7750.2889705882335,2289.921470588235,1792.429411764706,1881.646323529412,1786.2920588235293,0.9835294117647058,0.11558823529411764,0.7800669506647608,0.06955882352941177,104.34779411764707,99.9239705882353,0.012935294117647059,74.88727869370405,146.7384489889706,53.35539215686274,26.97794117647059,135.1355335190717,81.76860825482535,53.36692540785845,29.851491411994488,17.194797219669116,22.00529239430147,12.717026510799633,20.960451085707717,10.773751866957722,13.776182502297795,7.85653995289522,1.312855393139284,0.485843886190386,0.289499254369024,0.27649529300518894,0.2610171873178055,12.264808768656716,8.499183768656716,1.265625,0.3515625,2.1484375,9.575,35.5076923076923,10.752307692307692,9.863076923076923,0.0
fio,details,80,20,4,readwrite_random,numabalancing,1788213066.7508068,1788213117.6701198,81.134333005,20.685135417,81.14785539413333,20.687893435733333,30,0.070538613753,0.0570516179009999,0.0889424345057362,0.2822064630702751,2026-08-31 23:51:06.750806808,2026-08-31 23:51:57.670119762,51,27.725490196078432,31.49019607843137,22.705882352941178,27.431372549019606,23.647058823529413,0.21529411764705883,8661.121176470588,2656.0170588235287,1797.8080392156864,2204.5494117647063,2002.748039215686,0.9901960784313726,0.15294117647058825,0.6768812094949487,0.08686274509803925,118.30098039215683,112.83196078431371,0.012050980392156862,85.53375248927695,166.27639380361518,60.50490196078431,30.869281045751634,153.73379672181372,93.69061848958334,60.04317938112746,36.93918792126226,8.64777707567402,29.38722292432598,18.716432866115195,25.944913449754903,5.120404028799019,17.836260723039217,11.141601945465686,1.298081817626953,0.5035946655273438,0.17325370788574218,0.32077224731445314,0.3004611968994141,12.341328125,8.575703125,1.265625,0.3515625,2.1484375,14.599999999999996,41.653191489361696,10.417021276595746,13.753191489361699,0.0
fio,details,80,20,5,readwrite_random,numabalancing,1788213120.99853,1788213179.3136938,85.649359127,19.758251707,69.45468570983785,16.021806107675676,37,0.340659333708,0.062978975036,0.4075205943644814,0.326129013389813,2026-08-31 23:52:00.998529911,2026-08-31 23:52:59.313693762,59,28.966101694915253,37.96610169491525,22.322033898305083,24.45762711864407,19.74576271186441,0.3072881355932203,7684.623898305084,2795.6964406779666,1516.7676271186438,1686.9184745762711,1685.2423728813562,0.9816949152542372,0.12864406779661017,0.5425365948353184,0.08152542372881355,102.98372881355932,98.33711864406781,0.012516949152542372,72.90869438559322,144.3054048596398,52.45056497175142,26.274011299435028,133.60567730402542,81.18562781382417,52.42004982123941,37.82757795948093,13.816947000794492,7.908403072033899,21.632699119438563,26.38138820842161,7.9956640625,4.74608696371822,13.29691108315678,1.3059266846755455,0.5859575600459658,0.24941595669450428,0.09860282108701508,0.37195863394901674,12.28912984913793,8.52350484913793,1.265625,0.3515625,2.1484375,10.732727272727272,36.594545454545454,11.052727272727276,10.136363636363631,0.0
fio,details,70,30,1,readwrite_random,default,1788213180.424749,1788213250.712196,97.156207472,36.795933386,59.487357889306125,22.52962435657143,49,0.432345248841,0.280249787972,0.4589156512922543,0.7829962582350839,2026-08-31 23:53:00.424748898,2026-08-31 23:54:10.712196112,70,25.785714285714285,25.557142857142857,28.557142857142857,24.142857142857142,24.442857142857143,0.3901428571428572,7914.909142857143,2028.949142857143,1892.4341428571431,2118.0587142857144,1875.4658571428574,0.9844285714285714,0.111,0.885464526782645,0.07128571428571427,92.8682857142857,88.72757142857145,0.01170857142857143,80.16905189732142,152.07892871093748,55.2857142857143,28.897619047619045,143.89564690290177,80.584384765625,63.311264090401785,25.544681640625,20.617944056919647,26.789046316964285,7.632712890624998,20.541801897321427,15.989053710937501,21.0963408203125,5.684068359375,1.3082235063825336,0.43492676871163505,0.3360377720424107,0.3390516553606306,0.19820731026785715,12.264285714285714,8.371595982142857,1.392689732142857,0.3515625,2.1484375,8.829629629629629,31.831818181818175,11.063636363636364,11.812121212121214,0.0
fio,details,70,30,2,readwrite_random,default,1788213254.0165017,1788213323.1232617,99.143266468,35.297242455,61.968672512,22.062247253333332,48,0.5600115716509999,0.303035418566,0.5810632781113539,0.8803308950884356,2026-08-31 23:54:14.016501664,2026-08-31 23:55:23.123261690,69,28.17391304347826,33.31884057971015,23.782608695652176,17.71014492753623,27.971014492753625,0.3653623188405796,7779.397536231883,2331.7515942028986,1725.9989855072465,1534.2250724637681,2187.423043478261,0.9830434782608696,0.10999999999999999,0.657971061873869,0.07608695652173911,92.54144927536233,88.3255072463768,0.011266666666666666,75.2382286005435,148.4685596410779,53.997584541062814,27.10869565217391,138.9465477807971,77.66776367187501,61.2787839673913,31.810084210824282,7.744091938405798,11.785781533061595,26.327806131114134,25.89494225543478,5.705224184782609,8.875316745923914,20.803300922780796,1.2965110004812046,0.5288362917692765,0.17734311974566916,0.15007223599198935,0.4402593529742697,12.242357336956522,8.475317028985508,1.266304347826087,0.35167572463768115,2.1490602355072466,8.452307692307691,33.20461538461538,11.904615384615386,11.812307692307693,0.0
fio,details,70,30,3,readwrite_random,default,1788213326.792577,1788213396.6566665,97.043797333,37.591139454,59.42051125289796,23.01728483787755,49,0.308852932723,0.163916733175,0.3257968034631751,0.4461034860591112,2026-08-31 23:55:26.792577028,2026-08-31 23:56:36.656666517,70,25.271428571428572,25.97142857142857,23.3,27.785714285714285,25.67142857142857,0.4145714285714286,8029.3622857142855,2043.2548571428574,1704.0065714285715,2182.098714285715,2100.0004285714285,0.983,0.10914285714285715,0.7809026054929686,0.07371428571428572,92.29471428571429,88.14628571428571,0.011825714285714285,83.20108984374997,153.34554171316964,55.748809523809534,30.01071428571429,148.92216378348215,82.69961383928569,66.22254938616071,19.530501953125,17.006779854910718,24.723600306919643,21.438731724330353,16.372547433035713,12.797314453125,19.90319405691964,17.14949428013393,1.308281980242048,0.34751570565359935,0.28439053126743863,0.3076814379010882,0.36870117187499996,12.21635044642857,5.5796875,4.0983816964285715,0.38984375,2.1484375,9.006060606060604,32.593939393939394,11.383333333333333,11.016666666666667,0.0
fio,details,70,30,4,readwrite_random,default,1788213400.430968,1788213468.8105445,102.02732762,41.220440587,65.12816772902129,26.31267358502128,47,0.4350126158169999,0.29734786153,0.4399998256852844,0.7411150211463987,2026-08-31 23:56:40.430968046,2026-08-31 23:57:48.810544491,69,25.347826086956523,27.956521739130434,24.695652173913043,25.768115942028984,23.768115942028984,0.4139130434782608,8633.982898550725,2309.8994202898552,2038.1984057971015,2218.7947826086956,2067.088695652174,0.9815942028985508,0.10869565217391304,0.8823753917135233,0.07695652173913041,100.0555072463768,95.61434782608694,0.011226086956521737,88.19506524569746,163.40426361526272,59.50603864734299,31.873188405797098,158.18518045176629,87.14145536118662,71.04372452445651,26.694448454483695,19.179824218750003,20.005139266304347,21.26204384624094,22.55943472599638,15.489372310914856,16.113869735054344,16.88104775249094,1.3006082617718242,0.4237209817637568,0.29909614894701086,0.2298032788262851,0.34799481820369116,12.246716485507246,5.699275362318841,1.3580163043478262,2.759963768115942,2.4294610507246377,8.16875,30.66875,11.534374999999999,12.653125000000001,0.0
fio,details,70,30,5,readwrite_random,default,1788213472.194942,1788213542.044731,98.685572121,41.15000345,60.423766016,25.1963990517551,49,0.481164399254,0.383458020239,0.5034322814590186,0.9585041821621004,2026-08-31 23:57:52.194941998,2026-08-31 23:59:02.044730902,70,26.47142857142857,30.9,22.771428571428572,22.928571428571427,25.857142857142858,0.38142857142857145,8157.52957142857,2418.3030000000003,1864.5327142857143,1856.6518571428571,2018.0411428571433,0.9808571428571428,0.10971428571428571,0.7677498878936415,0.07814285714285715,93.45585714285714,89.24214285714285,0.010882857142857144,82.10512583705358,155.3180697544643,56.48333333333334,29.62261904761905,149.95330245535712,82.70506752232144,67.24823409598214,32.15588448660715,15.832668666294643,16.371987862723213,18.344528041294645,27.134167410714284,12.552022181919643,12.847592075892859,14.714452566964281,1.3054891313825334,0.5110726492745535,0.26973915100097656,0.19972670418875557,0.3249506269182478,12.247265625,8.408482142857142,1.2694754464285714,0.3515625,2.2177455357142857,10.796969696969697,30.136363636363637,11.724242424242423,12.69090909090909,0.0
fio,details,70,30,1,readwrite_random,interleaved,1788213545.6786962,1788213611.2794724,100.224808298,41.016427679,66.82322051982221,27.347019548444443,45,0.3837905800489999,0.270844919059,0.3921032365169578,0.6758904781152499,2026-08-31 23:59:05.678696156,2026-09-01 00:00:11.279472351,65,25.076923076923077,24.984615384615385,23.615384615384617,26.015384615384615,25.553846153846155,0.40492307692307694,8958.396153846154,2197.1126153846153,2130.8358461538464,2272.814769230769,2357.632923076923,0.9798461538461538,0.1133846153846154,0.9038030582695266,0.07923076923076923,102.34307692307694,97.6583076923077,0.010830769230769232,92.2186377704327,168.25484900841346,61.237179487179496,33.33846153846153,164.8398701923077,90.99201697716347,73.84785426682691,22.825384615384618,22.761862229567313,22.664279597355765,22.74049068509615,18.741841947115386,18.28316090745192,18.237154296875,18.58569771634615,1.292612191402551,0.3543457840428208,0.33076638886422827,0.25177337184096826,0.3557266466545336,12.244377367424242,6.231830018939394,2.030007102272727,1.0890151515151516,2.8935250946969697,8.378688524590165,30.35483870967742,12.195161290322579,13.054838709677417,0.0
fio,details,70,30,2,readwrite_random,interleaved,1788213614.9998977,1788213682.196969,95.741382458,39.402060107,62.448357376,25.70042198817391,46,0.306091572822,0.236711094494,0.3270479310832714,0.6140322960734806,2026-09-01 00:00:14.999897718,2026-09-01 00:01:22.196969032,67,24.880597014925375,27.19402985074627,25.91044776119403,24.53731343283582,21.582089552238806,0.4016417910447761,8504.209104477612,2073.9273134328364,2113.78656716418,2135.638358208955,2180.856716417911,0.9822388059701493,0.1128358208955224,0.9509690837641515,0.0782089552238806,97.874776119403,93.29746268656717,0.010908955223880596,88.1082566173041,160.90094362173508,58.552238805970156,31.844527363184074,156.90362188083023,87.05193199043843,69.8516891616138,21.876619636194032,21.785668726679106,21.703076026119405,21.686567018423506,17.513049352845155,17.426683477145524,17.572524632695895,17.339430970149248,1.2957740897562966,0.354995385924382,0.33178847583372206,0.2524551277730002,0.3565550277482218,12.215485074626866,6.182252798507463,1.9690415111940298,1.0931669776119404,2.9721315298507465,8.73220338983051,30.9015625,12.9265625,13.2625,0.0
fio,details,70,30,3,readwrite_random,interleaved,1788213685.5864174,1788213755.054461,96.557938024,41.049638549,60.35675776,25.658589696,48,0.280281860958,0.3009316429909999,0.2969142919826904,0.750317470413109,2026-09-01 00:01:25.586417437,2026-09-01 00:02:35.054461002,70,25.014285714285716,22.571428571428573,22.17142857142857,26.87142857142857,28.87142857142857,0.41785714285714287,8275.976857142856,1929.9404285714284,1928.7864285714277,2145.6097142857147,2271.640857142858,0.979,0.11128571428571428,0.8490719043490645,0.0832857142857143,96.60542857142858,92.09242857142857,0.010479999999999998,86.30064606584824,157.48235212053575,57.26309523809524,31.16428571428571,153.61662458147322,85.62056319754466,67.99606138392858,21.483700753348213,21.341642717633928,21.307267299107142,21.487953125000004,17.102619140625,16.699413643973216,17.011260184151787,17.18276688058036,1.3061359792515852,0.3575878972592561,0.33465565114781476,0.25487479610719543,0.3590405782063802,12.22175045289855,6.22067481884058,2.0324388586956523,1.0979959239130435,2.8706408514492754,8.827272727272726,30.96515151515151,12.962121212121213,14.404545454545456,0.0
fio,details,70,30,4,readwrite_random,interleaved,1788213758.7220244,1788213825.743076,100.770074878,39.929665623,65.72399535860869,26.04369038469565,46,0.372619823707,0.230849602013,0.3784180200370557,0.5911470824005419,2026-09-01 00:02:38.722024441,2026-09-01 00:03:45.743076086,67,25.17910447761194,26.074626865671643,24.73134328358209,27.119402985074625,22.134328358208954,0.4076119402985075,8837.436865671641,2158.9525373134325,2138.5862686567166,2308.5899999999997,2231.307313432835,0.9847761194029852,0.11402985074626865,0.9263603622370005,0.06656716417910448,107.10402985074627,102.43537313432836,0.011817910447761195,90.67974521921643,167.48860570195896,60.97139303482587,32.77860696517413,161.2787870219216,90.94855279267723,70.33023510377801,22.75417239972015,22.782034310867534,22.656523145988807,22.75582279034515,17.686476795708952,17.482043493470147,17.51561581739739,17.64609812266791,1.30687793333139,0.3572888730177239,0.33496708656424906,0.2556164869621618,0.3590126606955457,12.252623600746269,6.204990671641791,2.07841651119403,1.0638409514925373,2.9053754664179103,9.080952380952379,32.17301587301588,12.298412698412701,12.75873015873016,0.0
fio,details,70,30,5,readwrite_random,interleaved,1788213829.175907,1788213891.2735138,108.604499925,43.75155124,79.4746539332683,32.015464398048785,41,0.469466483137,0.319960727339,0.4464037990357051,0.7522540741799376,2026-09-01 00:03:49.175906897,2026-09-01 00:04:51.273513794,62,24.951612903225808,28.20967741935484,21.419354838709676,24.580645161290324,26.06451612903226,0.35919354838709683,9987.68612903226,2497.0177419354836,2325.1999999999994,2556.2903225806454,2609.1769354838707,0.9804838709677419,0.1229032258064516,0.8911622544175188,0.08129032258064513,114.03,108.83064516129032,0.010638709677419355,102.94799946446571,181.99231067288306,66.2284946236559,37.26612903225807,183.68067036290324,101.0228874747984,82.65778288810485,25.336335212953628,25.25313901839718,25.200089780745973,25.23332393523186,20.667819430443547,20.92315146169355,20.644610950100805,20.422202463457662,1.2987998224073842,0.3556343201668032,0.332831290460402,0.2532289566532258,0.3571052551269531,12.284778225806452,6.162676411290323,2.001890120967742,1.1246219758064515,2.9955897177419355,9.382758620689653,31.256896551724136,11.660344827586206,12.968965517241378,0.0
fio,details,70,30,1,readwrite_random,numabalancing,1788213893.697563,1788213961.1510503,93.030492895,37.781930882,60.68217259408696,24.64367509147826,46,0.318356967024,0.178545158768,0.3501642400125662,0.4833488846511761,2026-09-01 00:04:53.697562933,2026-09-01 00:06:01.151050329,68,25.61764705882353,29.485294117647058,24.86764705882353,21.61764705882353,26.735294117647058,0.3852941176470588,8179.40426470588,1989.6029411764703,2026.587352941177,1937.6457352941172,2225.5674999999997,0.985735294117647,0.11661764705882352,0.8706299563118699,0.07323529411764705,97.51235294117647,92.93647058823531,0.011795588235294118,84.56335090188419,156.64042652803312,56.91666666666666,30.51348039215686,151.5518796641791,85.14052574043843,66.41135406949627,22.91145201725746,23.887013905083954,14.386463386194029,23.95559672341418,18.225575443097014,18.49382929104478,10.774744490438431,18.917204844916043,1.3034083983477422,0.3823266309850356,0.3608620587517234,0.16966657077564912,0.39056727465461283,12.232019761029411,8.122012867647058,1.4232536764705883,0.3708065257352941,2.3159466911764706,12.016666666666667,34.918749999999996,12.396875,12.75,0.0
fio,details,70,30,2,readwrite_random,numabalancing,1788213964.3296282,1788214022.5399036,88.320411757,36.679273567,71.61591874421622,29.741934204540534,37,0.432817834358,0.269149661002,0.5056541117003711,0.7523784710835502,2026-09-01 00:06:04.329628229,2026-09-01 00:07:02.539903641,58,27.655172413793103,29.637931034482758,23.948275862068964,31.74137931034483,18.82758620689655,0.26448275862068965,8777.009482758622,2228.376206896552,2014.2136206896553,2556.719827586207,1977.7,0.9786206896551725,0.13741379310344828,0.7735302001655543,0.08637931034482758,101.12379310344826,96.60189655172415,0.010118965517241379,86.85688543911638,165.27178239493534,60.14655172413793,31.336206896551726,160.51520036368532,88.97581947063578,71.53937937769398,28.578300949622843,18.534118904903014,33.05855216190733,8.804846780711207,23.183085769127157,14.521865739493535,26.868715483566806,6.965712048760776,1.3006964716418037,0.43723231348498115,0.283117886247306,0.37369412389294854,0.2066521480165679,12.33203125,5.604525862068965,1.265625,3.3134428879310347,2.1484375,9.788888888888888,29.3037037037037,12.729629629629631,13.794444444444444,0.0
fio,details,70,30,3,readwrite_random,numabalancing,1788214025.9432795,1788214101.6347384,85.419738063,31.056785483,46.595690570472726,16.94119414690909,55,0.498243618788,0.269705847154,0.6003531315431552,0.8931168885655821,2026-09-01 00:07:05.943279505,2026-09-01 00:08:21.634738445,75,32.973333333333336,40.08,20.773333333333333,22.533333333333335,24.653333333333332,0.39199999999999996,6334.5702666666675,2338.4020000000005,1352.8958666666667,1260.8221333333333,1382.4484,0.9877333333333334,0.10466666666666669,0.5391810874833896,0.06946666666666666,76.65346666666667,73.18213333333334,0.012201333333333331,56.39925,114.52994322916665,41.54111111111111,20.16888888888889,108.33448396381577,62.498682797080605,45.83580090974507,36.54281879625821,17.895679867393092,3.4238477847450652,4.636336734169407,27.373704255756575,12.861060469777959,2.3831983706825652,3.2178383275082236,1.3086248197053607,0.7076905401129472,0.3606187920821341,0.05785856748882093,0.18245692002145866,12.223170230263158,8.457545230263158,1.265625,0.3515625,2.1484375,9.339436619718308,33.01830985915493,10.15774647887324,10.383098591549292,0.0
fio,details,70,30,4,readwrite_random,numabalancing,1788214102.7408404,1788214173.361664,85.956840409,38.78233629,51.5826999296,23.27250436096,50,0.283087596539,0.299264091715,0.3369426445179661,0.7898887651655665,2026-09-01 00:08:22.740840435,2026-09-01 00:09:33.361664057,71,25.549295774647888,27.3943661971831,20.338028169014084,28.3943661971831,25.746478873239436,0.4005633802816901,7521.41056338028,2083.2761971830987,1738.2891549295775,1925.5260563380282,1774.319014084507,0.9853521126760565,0.10915492957746478,0.8344016781260232,0.07422535211267609,86.41239436619716,82.43915492957746,0.010490140845070422,77.15477992957746,146.27926317671657,53.172535211267615,27.81455399061033,139.59334988446304,77.59379057548416,61.99955889634683,27.783790437940144,18.751962615536968,17.303632537411968,13.754405259683097,23.133000522667256,14.85220771897007,13.541587257922535,10.472763121698945,1.3040668487548828,0.48085321698869976,0.3181397574288504,0.2260589599609375,0.2790149143763951,12.273046875,8.453348214285715,1.3196986607142858,0.3515625,2.1484375,10.467692307692309,29.946268656716416,12.49402985074627,14.608955223880596,0.0
fio,details,70,30,5,readwrite_random,numabalancing,1788214177.0480852,1788214248.1911695,88.790402248,38.474568961,53.279568773120005,23.08704985088,50,0.305226435169,0.243009555402,0.351762937625582,0.6456478868869417,2026-09-01 00:09:37.048085213,2026-09-01 00:10:48.191169500,71,26.112676056338028,26.140845070422536,22.52112676056338,27.281690140845072,26.507042253521128,0.40732394366197183,7533.353239436619,2056.387042253521,1721.1794366197187,1874.3929577464787,1881.3930985915497,0.9830985915492957,0.10704225352112676,0.836991967588718,0.06971830985915496,85.95380281690143,81.93197183098589,0.011064788732394366,77.8116776243398,146.57175850022008,53.21830985915492,27.998826291079812,139.92917528609158,77.24412109375001,62.685054329885546,26.28862455985916,14.477257234815141,17.049287659551055,19.428951639524648,22.156091274207757,11.571356321522886,13.479731514084506,15.477874394806337,1.308408602862291,0.4605647342305788,0.26603833050795006,0.2220028622049681,0.359802675918794,12.231073943661972,8.427431778169014,1.265625,0.3515625,2.1864546654929575,9.719117647058825,30.220588235294116,12.492647058823527,13.141176470588238,0.0
fio,details,60,40,1,readwrite_random,default,1788214251.8239963,1788214317.128227,91.508249427,57.937155873,62.396147712,39.50523978472727,44,0.538427136936,0.4057597918569999,0.6063110773303748,0.7195178689564238,2026-09-01 00:10:51.823996305,2026-09-01 00:11:57.128226995,65,25.26153846153846,24.107692307692307,23.476923076923075,26.646153846153847,27.26153846153846,0.352,9356.76923076923,2139.96676923077,2226.867230769231,2498.3192307692307,2491.617230769231,0.9829230769230769,0.11876923076923078,0.856562581304662,0.0776923076923077,92.72323076923075,88.25384615384614,0.009233846153846155,99.38758909254807,177.31709194711536,64.54743589743589,35.9551282051282,179.93742518028844,93.32028500600961,86.61714017427886,14.033202974759615,21.507545973557693,30.38621319110577,27.393322716346155,12.272603665865383,20.03424789663461,28.781817758413464,25.528471003605773,1.3135475158691405,0.2601817204402043,0.3128962590144231,0.3357138413649339,0.4047556950495793,12.296754807692308,5.583413461538462,1.4428485576923078,3.1220552884615387,2.1484375,7.791666666666667,26.909836065573767,13.11311475409836,15.82295081967213,0.0
fio,details,60,40,2,readwrite_random,default,1788214320.728947,1788214389.5516014,94.114306696,56.561281459,58.825363114666665,35.353157632,48,0.516807688106,0.367338652551,0.5655503321081642,0.6665766095065631,2026-09-01 00:12:00.728946924,2026-09-01 00:13:09.551601410,69,25.202898550724637,26.942028985507246,28.347826086956523,23.217391304347824,23.71014492753623,0.3743478260869565,8864.010579710144,2322.6936231884056,2097.7736231884064,2158.3469565217392,2285.196811594203,0.9826086956521739,0.113768115942029,0.9031641548611792,0.07971014492753625,87.70362318840581,83.39666666666668,0.009685507246376812,95.03812882133153,168.10166581748186,61.16062801932367,34.391304347826086,170.97082554913956,88.21323327105979,82.7575925611413,28.34208687160326,17.375281080163045,19.544485394021738,22.951377519248183,27.12395295516305,15.877458106884058,18.281705304574274,21.474476336050724,1.3040340257727583,0.4428967462069746,0.273486095926036,0.22215309695921082,0.36551163162010303,12.275192481884059,7.8019134963768115,1.3310688405797102,0.9130434782608695,2.2291666666666665,8.905555555555555,27.839062499999997,13.471875,15.1765625,0.0
fio,details,60,40,3,readwrite_random,default,1788214393.2396498,1788214462.4957707,87.097331439,57.413019415,54.43946120533334,35.885529344,48,0.4811036057,0.4163097076929999,0.5697218979592219,0.7451007137592869,2026-09-01 00:13:13.239649773,2026-09-01 00:14:22.495770693,70,26.82857142857143,32.957142857142856,22.357142857142858,26.02857142857143,21.771428571428572,0.3632857142857144,8437.850857142856,2280.2588571428573,1879.3538571428574,2268.15,2010.0874285714294,0.9818571428571428,0.11414285714285714,0.8241844346995191,0.08714285714285716,77.3762857142857,73.40514285714286,0.008438571428571427,90.60369587053572,162.83413783482143,59.28214285714285,32.80833333333333,166.11689651268117,83.92431088654892,82.19258605072464,29.34531009397645,8.995973448822463,26.77143639605978,18.811590381567026,29.1865037647192,8.4630713598279,26.443772078804344,18.099239130434782,1.3142433166503906,0.4761374653249547,0.1851749696593354,0.32414350647857226,0.32878737518752826,12.28798686594203,5.598675271739131,1.265625,3.2752490942028984,2.1484375,7.161538461538461,26.023076923076925,13.429230769230768,17.16769230769231,0.0
fio,details,60,40,4,readwrite_random,default,1788214466.1375468,1788214522.8645866,76.631062458,51.61831557,63.86347599644444,43.01813065955556,36,0.394167840266,0.334286090679,0.532706440954126,0.6686780199416648,2026-09-01 00:14:26.137546778,2026-09-01 00:15:22.864586592,57,26.36842105263158,33.228070175438596,22.842105263157894,23.157894736842106,23.719298245614034,0.2831578947368421,9357.712280701753,2726.3931578947368,1974.0133333333338,2204.0589473684213,2453.246315789474,0.9784210526315789,0.13719298245614037,0.7240383976233367,0.08649122807017544,88.91929824561403,84.59280701754386,0.008364912280701756,101.4151874314693,179.00909779331138,65.18713450292398,36.74561403508772,184.54537931743423,94.46113521107456,90.08424342105263,33.95997018914474,17.54364994517544,20.588446408991228,22.36906866776316,33.09149808114035,16.082600568804825,19.363413171600875,21.54673211348684,1.2946198446708812,0.47716555679053596,0.2611223187362938,0.21652101215563324,0.3398120947051467,12.317571271929825,8.210868969298245,1.3227110745614035,0.6240405701754386,2.1599506578947367,9.233962264150943,25.345283018867928,14.20943396226415,16.93962264150943,0.0
fio,details,60,40,5,readwrite_random,default,1788214526.2533777,1788214603.6177318,71.187922453,39.951370068,38.14020066742857,21.40465993142857,56,0.492401744222,0.436611165055,0.7093542518375274,1.12161284968034,2026-09-01 00:15:26.253377676,2026-09-01 00:16:43.617731810,78,36.8974358974359,42.98717948717949,19.897435897435898,22.153846153846153,21.71794871794872,0.3273076923076923,5683.195384615386,2369.652692307692,1041.337435897436,1097.712051282051,1174.4933333333333,0.9835897435897436,0.10397435897435897,0.4394472824130725,0.08807692307692308,58.27269230769229,55.20384615384616,0.009316666666666668,49.66145207331731,103.46695112179485,37.48611111111111,17.742521367521366,103.60755896935095,55.42978114983975,48.1777783203125,40.76819899338942,3.7756589292868594,1.5508214393028847,9.335101537459936,35.99581029647435,3.1307053786057697,1.290442207532051,7.7608189352964745,1.3087489140498172,0.8600815116585075,0.14714406991933848,0.033151106400923294,0.2683722260710481,12.262226055194805,8.496601055194805,1.265625,0.3515625,2.1484375,9.18923076923077,26.767605633802813,11.71549295774648,17.625352112676058,0.0
fio,details,60,40,1,readwrite_random,interleaved,1788214607.2976065,1788214668.5730872,91.589700057,61.222043188,68.696854528,45.9211240448,40,0.464738092405,0.3942637544539999,0.5238000635595269,0.6615898642682044,2026-09-01 00:16:47.297606468,2026-09-01 00:17:48.573087215,62,24.919354838709676,24.967741935483872,24.70967741935484,24.56451612903226,25.870967741935484,0.3469354838709678,10158.792096774194,2518.4774193548387,2466.382258064516,2565.7975806451614,2608.1337096774187,0.9769354838709677,0.12274193548387097,0.9456502359955944,0.09241935483870965,96.03983870967743,91.3,0.008275806451612903,109.60993353074596,187.45197879914315,68.28091397849462,39.73924731182796,198.10522204789962,100.37364017674179,97.73158155097337,25.208076331967213,24.954174084272537,25.077102971311476,25.13428855020492,24.7810314741291,24.124364433913932,24.503985815829918,24.3222009477459,1.2964633879114371,0.35694697645844004,0.3301022639040087,0.2529809045009926,0.3564332430479956,12.311603483606557,6.202292520491803,2.023501536885246,1.1584272540983607,2.9273821721311477,9.119298245614035,24.917543859649125,14.028070175438597,17.398245614035087,0.0
fio,details,60,40,2,readwrite_random,interleaved,1788214672.2174354,1788214737.9408,88.980649056,56.425753829,59.32241005226667,37.61842312533334,45,0.46150020776,0.3303441997369999,0.5332332097182526,0.6006480320556451,2026-09-01 00:17:52.217435360,2026-09-01 00:18:57.940799952,66,24.96969696969697,28.560606060606062,23.59090909090909,25.075757575757574,22.757575757575758,0.3845454545454546,9146.872575757578,2252.5180303030297,2186.341515151515,2380.5193939393935,2327.4945454545455,0.9815151515151516,0.11500000000000002,0.9184304571169472,0.07621212121212122,91.21651515151515,86.71772727272727,0.009533333333333333,99.26235603101325,173.94481445312496,63.30555555555555,35.87878787878788,177.32218720407195,91.7412655362216,85.58092211174242,23.0388134765625,22.930144560842805,22.858105764678033,22.914202030066292,21.556472241950758,21.345872099905304,21.431937884706436,21.246639589251892,1.3026509211613582,0.3603533231295072,0.33113397451547477,0.25556065486027646,0.35561036330003004,12.283834134615384,6.205949519230769,2.0783653846153847,1.0868990384615385,2.9126201923076924,8.46078431372549,28.40983606557377,12.967213114754099,15.786885245901637,0.0
fio,details,60,40,3,readwrite_random,interleaved,1788214741.6217537,1788214808.26921,96.065450743,60.432100604,62.65764605773913,39.41880823095652,46,0.510420043647,0.379885415083,0.546514286329906,0.6448393196665964,2026-09-01 00:19:01.621753693,2026-09-01 00:20:08.269210100,66,25.015151515151516,27.303030303030305,23.272727272727273,23.863636363636363,25.742424242424242,0.37151515151515146,9722.926363636361,2372.224393939394,2280.397272727272,2490.428636363636,2579.8768181818186,0.9856060606060606,0.1172727272727273,0.8839171144358721,0.07272727272727274,93.12515151515152,88.53666666666666,0.009271212121212121,105.34731016216855,182.05751982717803,66.27272727272727,38.14267676767677,185.83405127681903,94.4261179454291,91.40793303987874,23.654502681902986,23.545562616604478,23.56008264342351,23.665969420475747,22.70786526352612,22.855527489505597,22.83059249650187,23.01394691581157,1.3043201330936316,0.3605764562433416,0.331333218198834,0.2554387179287997,0.35697174072265625,12.279770359848484,6.222241950757576,1.9741358901515151,1.0935724431818181,2.9898200757575757,7.64920634920635,27.953968253968252,13.696825396825396,15.658730158730162,0.0
fio,details,60,40,4,readwrite_random,interleaved,1788214811.5314093,1788214877.1201189,89.054503209,58.671541014,59.3716477952,39.11696830008889,45,0.449492350809,0.3745820047529999,0.5211959421832038,0.656540707759168,2026-09-01 00:20:11.531409264,2026-09-01 00:21:17.120118856,66,25.227272727272727,27.742424242424242,26.12121212121212,20.681818181818183,25.454545454545453,0.38212121212121214,9166.756060606062,2258.3372727272726,2393.8904545454543,2155.233333333333,2359.2951515151517,0.9804545454545456,0.11439393939393941,0.9003057467567217,0.08772727272727274,88.34106060606061,83.91742424242425,0.008733333333333334,99.86462565104168,174.45819113991476,63.493686868686865,36.14267676767677,178.85105779474432,91.31733709161932,87.53372040719698,23.021042998342807,22.732458422111744,22.741719785748106,22.822114701704546,22.171918353456437,21.87483990293561,21.852909416429924,21.634052734374993,1.3080613356370192,0.3610443702110877,0.3326066237229567,0.2551413315993089,0.35926901010366585,12.289963942307692,6.1681490384615385,1.9975961538461537,1.1983774038461539,2.925841346153846,8.907017543859649,25.40806451612903,14.232258064516133,16.879032258064516,0.0
fio,details,60,40,5,readwrite_random,interleaved,1788214880.7762425,1788214948.7962668,96.707497784,59.259520571,61.73230528817021,37.82774757855319,47,0.509670640975,0.391663050214,0.5416519981603387,0.6766267949324655,2026-09-01 00:21:20.776242495,2026-09-01 00:22:28.796266794,68,24.970588235294116,27.205882352941178,23.75,25.235294117647058,23.955882352941178,0.39529411764705885,9360.147647058824,2235.844705882354,2227.724411764706,2426.8582352941175,2469.7207352941177,0.9830882352941176,0.1126470588235294,0.9020147014716656,0.08044117647058822,90.93617647058824,86.47676470588236,0.00945,100.33711741727942,175.75412841796873,63.99877450980392,36.3468137254902,179.54516601562497,91.79928380629595,87.74588134765625,23.08143195657169,22.83830336626838,22.858156594669122,23.021392176011027,22.03494514016544,21.906837230009195,21.86020780675552,21.943891457950368,1.3079676347620346,0.36131539064295154,0.33236155790441174,0.2549464281867532,0.3593159843893612,12.272748161764707,6.2155905330882355,1.9971277573529411,1.0849609375,2.9750689338235294,8.8875,27.214062499999997,13.665624999999999,15.453125,0.0
fio,details,60,40,1,readwrite_random,numabalancing,1788214952.4857311,1788215021.77936,83.58027919,57.891846382,52.24289826133334,36.18602222933334,48,0.365056298877,0.3666372909399999,0.4468433900021069,0.6476053121123685,2026-09-01 00:22:32.485731125,2026-09-01 00:23:41.779360056,70,25.2,28.014285714285716,24.15714285714286,25.142857142857142,25.057142857142857,0.4305714285714286,8401.474857142859,2121.1575714285714,1952.7647142857147,2260.860571428572,2066.6911428571425,0.9788571428571428,0.10742857142857141,0.8637262903177704,0.08014285714285714,84.71185714285714,80.76257142857143,0.009178571428571428,90.18606431361607,162.798798828125,59.225,32.595238095238095,163.52291963881345,84.95170374773551,78.57121688179346,20.42063306725543,17.148916015625005,25.325166440217394,22.0569870923913,19.188950407608697,15.482331012228256,23.806017040307967,20.09391842164855,1.3033302970554517,0.35584905873174255,0.2820448391679405,0.30067985645238904,0.36476527780726337,12.261209239130435,5.610733695652174,1.2771173007246377,3.224920742753623,2.1484375,8.572727272727274,25.166666666666664,13.74090909090909,17.077272727272724,0.0
fio,details,60,40,2,readwrite_random,numabalancing,1788215025.241325,1788215097.2127025,81.508585729,49.11673642,47.949423314823534,28.895087114039217,51,0.476468963516,0.332553162844,0.6007961075072099,0.6943157007258267,2026-09-01 00:23:45.241324902,2026-09-01 00:24:57.212702513,72,27.76388888888889,32.236111111111114,22.944444444444443,27.944444444444443,18.88888888888889,0.3809722222222222,7518.04263888889,2258.059166666667,1616.3929166666667,2050.3229166666665,1593.267638888889,0.9845833333333334,0.10805555555555557,0.7055916259452408,0.07347222222222223,76.71138888888888,72.9551388888889,0.009949999999999999,77.83979017469618,146.64565619574654,53.32060185185184,28.06481481481482,143.27539510091148,75.1681515842014,68.1072432454427,29.0041357421875,12.822446831597222,24.896654459635418,8.444915093315972,26.994918891059026,10.941268853081597,22.91577921549479,7.255276557074653,1.315240118238661,0.5099474589029948,0.2500279214647081,0.3378385437859429,0.21743281682332358,12.253797743055555,8.487250434027779,1.265625,0.3524848090277778,2.1484375,9.029850746268657,27.635820895522386,12.926865671641792,15.317910447761193,0.0
fio,details,60,40,3,readwrite_random,numabalancing,1788215100.6007235,1788215166.2471402,95.408023012,63.238475344,63.60958903182222,42.16179416177778,45,0.50523915381,0.413099632095,0.5454085546898236,0.6695561609300119,2026-09-01 00:25:00.600723505,2026-09-01 00:26:06.247140169,66,26.060606060606062,29.393939393939394,24.666666666666668,24.833333333333332,24.227272727272727,0.33439393939393935,9762.897121212121,2469.145909090909,2355.3168181818182,2490.31,2448.123181818182,0.9818181818181818,0.12242424242424245,0.9457926194657766,0.08272727272727273,92.525,87.99363636363637,0.00846060606060606,103.78252456202651,182.28115116003787,66.41161616161615,37.60479797979798,187.2021875,94.86064586292613,92.3415420809659,31.86225112452652,14.06977598248106,26.90785363399621,22.0207646780303,31.41210434422348,13.284191228693182,26.368964103929923,21.276282848011363,1.3069619398850663,0.45858277540940506,0.22685810969426082,0.28771614661583533,0.33380490816556485,12.315024038461539,8.418689903846154,1.265625,0.4823918269230769,2.1483173076923077,9.195081967213117,25.568852459016394,12.929508196721308,17.072131147540983,0.0
fio,details,60,40,4,readwrite_random,numabalancing,1788215169.906114,1788215246.929209,90.61417476,51.492289506,48.546544128,27.586994102857144,56,0.537994153523,0.350925928605,0.6081402094653899,0.6965822487037391,2026-09-01 00:26:09.906114101,2026-09-01 00:27:26.929208994,77,28.636363636363637,31.363636363636363,25.61038961038961,26.038961038961038,25.025974025974026,0.3424675324675324,7370.75987012987,2249.3468831168825,1549.7515584415585,1838.9364935064934,1732.7246753246752,0.9863636363636364,0.10714285714285712,0.6889784630701751,0.07493506493506492,76.9542857142857,73.27597402597401,0.010215584415584417,72.58663453733766,141.18694323254869,51.28030303030303,26.12445887445887,137.1289467259457,72.30649079975329,64.8224556692023,36.83083508943256,1.3264701120476974,22.72486520867599,11.42432000411184,33.68332609477796,1.1330615234375003,20.220615362870063,9.78545191714638,1.3110801894943436,0.6359114213423296,0.10250958529385652,0.3148375176764154,0.2578216651817421,12.255681818181818,8.340604707792208,1.265625,0.5010146103896104,2.1484375,8.445070422535212,29.326760563380287,10.377464788732393,15.807042253521132,0.0
fio,details,60,40,5,readwrite_random,numabalancing,1788215250.5768418,1788215317.5603294,90.148146974,54.600628706,58.79618925078261,35.61147961878261,46,0.5597519456269999,0.309595379069,0.6403559496992453,0.582871367307844,2026-09-01 00:27:30.576841831,2026-09-01 00:28:37.560329437,67,26.044776119402986,27.567164179104477,24.611940298507463,25.83582089552239,25.37313432835821,0.3816417910447761,8903.602985074627,2237.471940298508,2101.0762686567164,2217.494029850746,2347.560895522388,0.983731343283582,0.11358208955223882,0.8950039475713695,0.07835820895522388,92.15268656716418,87.79567164179106,0.0103,94.78422137360076,167.90228967467354,61.109452736318396,34.30597014925373,169.5617183127332,89.40277693563432,80.15894137709888,28.639615934001867,18.854368295242537,23.371770638992533,18.537021047108208,26.37082628847948,16.589604273554105,20.71740934001866,16.48110162080224,1.3130838798754143,0.44450262821081915,0.2917750387480765,0.26538981813372986,0.3114309599905303,12.32611268939394,8.38677793560606,1.4321732954545454,0.3587239583333333,2.1484375,7.352542372881356,29.296774193548387,12.048387096774196,14.348387096774188,0.0
fio,details,50,50,1,readwrite_random,default,1788215318.607069,1788215389.0948768,68.223928224,65.083936099,40.93845037056,39.05426669568,50,0.4336376178489999,0.341446384248,0.6536725819889859,0.5388824483883806,2026-09-01 00:28:38.607069016,2026-09-01 00:29:49.094876766,71,27.943661971830984,30.056338028169016,24.070422535211268,27.211267605633804,22.52112676056338,0.27999999999999997,7567.9781690140835,2054.524084507042,1690.1611267605635,2014.5404225352113,1808.7518309859154,0.9838028169014084,0.11845070422535212,0.8226533529131624,0.08647887323943665,63.133380281690144,59.59943661971832,0.007585915492957746,81.26928765955105,149.96763671875,54.505868544600936,29.345070422535215,149.56266959176935,72.92887021346833,76.63380006602114,32.777692148987676,5.717093557438379,29.26182864766725,5.172255859375,34.70828496368838,5.783427459286971,30.904956948723587,5.237131106954226,1.3042671848350849,0.5726758930045115,0.15788156213894697,0.3990062122613611,0.1747102871747084,12.315195862676056,8.472436179577464,1.2734375,0.42088468309859156,2.1484375,8.584615384615384,22.053846153846152,13.18769230769231,20.64923076923077,0.0
fio,details,50,50,2,readwrite_random,default,1788215392.7285087,1788215463.4297495,73.435059136,67.137058574,44.06397288448,40.284920627199995,50,0.55972173523,0.4112487757899999,0.7859207693840615,0.6300394778726905,2026-09-01 00:29:52.728508711,2026-09-01 00:31:03.429749489,71,27.239436619718308,32.647887323943664,22.535211267605632,26.028169014084508,21.43661971830986,0.35140845070422544,7985.4888732394365,2374.5291549295775,1816.0821126760566,2038.7360563380282,1756.141549295775,0.9823943661971831,0.11014084507042252,0.7395746418400398,0.08774647887323943,67.29563380281691,63.593380281690145,0.008022535211267607,86.23757661201583,155.59148396236796,56.582159624413144,31.132629107981217,158.44365523217428,77.7512226287412,80.69243191571303,31.559402921434852,12.633766092649648,19.041449988996476,14.51660568882042,33.08686000770247,12.915493232834507,19.854483109595066,14.835596253301063,1.3042822287116251,0.5285908873652069,0.24160857939384353,0.2456568328427597,0.2884259291098151,12.281415052816902,8.365757042253522,1.2734375,0.4899867957746479,2.1522337147887325,8.568181818181818,22.930303030303033,14.434848484848485,18.36212121212121,0.0
fio,details,50,50,3,readwrite_random,default,1788215467.0743573,1788215536.135728,82.446115315,78.527604386,51.53397495466666,49.08302472533334,48,0.520454159643,0.424480290448,0.6499524253950953,0.5553991242280527,2026-09-01 00:31:07.074357271,2026-09-01 00:32:16.135727882,69,25.492753623188406,24.463768115942027,26.391304347826086,26.159420289855074,24.89855072463768,0.3688405797101449,9512.513623188408,2153.434782608696,2378.418985507246,2605.9600000000005,2374.6991304347825,0.9855072463768116,0.11507246376811593,0.8263498989273418,0.07144927536231883,77.32797101449276,73.23666666666666,0.007623188405797104,106.16370187952899,181.31363507699277,66.0157004830918,38.45048309178745,188.17412276785714,91.40983189174106,96.76429143415177,24.976118861607144,21.455558454241068,28.28600934709821,16.692144949776793,26.478890066964286,22.670955078125,30.393551897321434,17.220893554687493,1.3049279364986697,0.37755275118178216,0.33075658825860504,0.31227222387341486,0.28435333915378735,12.268229166666666,5.422780797101449,4.2498301630434785,0.44718070652173914,2.1484375,8.378125,21.200000000000003,13.1796875,20.1265625,0.0
fio,details,50,50,4,readwrite_random,default,1788215539.499872,1788215609.4265895,79.641339076,76.613009675,48.764879516734695,46.9106148832653,49,0.522002276682,0.4641186831939999,0.6743251763415385,0.6212799382650255,2026-09-01 00:32:19.499871969,2026-09-01 00:33:29.426589489,70,26.185714285714287,29.02857142857143,23.757142857142856,22.914285714285715,26.9,0.3561428571428571,8997.806,2594.545571428572,2131.0468571428573,1971.4167142857136,2300.7961428571434,0.9834285714285714,0.11399999999999999,0.7598312151442536,0.08671428571428576,71.37857142857143,67.39242857142857,0.00707,99.43564815848212,172.4614528459821,62.76190476190476,35.982142857142854,180.61698060825896,86.87498646763392,93.74199441964285,31.627990094866078,16.155139090401786,16.47665192522322,22.61520563616071,34.65172391183036,17.24639815848214,17.42459165736607,24.419282366071425,1.3135017726732336,0.4901225324990093,0.2647468456323596,0.1909998465275419,0.3676464799521626,12.352864583333334,8.450520833333334,1.2734375,0.42578125,2.203125,8.166666666666666,21.10757575757576,14.33181818181818,20.177272727272726,0.0
fio,details,50,50,5,readwrite_random,default,1788215612.7754157,1788215677.947646,76.73766481,76.480419166,52.32462317381818,52.150954914909086,44,0.49880306334,0.4127434661569999,0.6705751231468227,0.5545803941595148,2026-09-01 00:33:32.775415659,2026-09-01 00:34:37.947645903,65,26.215384615384615,31.26153846153846,25.646153846153847,20.29230769230769,24.476923076923075,0.31876923076923075,9551.040769230767,2717.2150769230766,2383.545076923077,1991.9684615384615,2458.312923076923,0.982,0.12400000000000001,0.7330919360988271,0.08984615384615387,73.44569230769231,69.26846153846154,0.006707692307692308,107.32010606971153,182.97546814903848,66.62435897435897,38.889743589743595,194.2464854266827,92.24582947716347,102.00065489783654,31.520658503605766,21.56459074519231,19.244861778846154,19.91571905048077,35.055196965144226,23.661674278846153,21.331454777644225,21.952328876201925,1.3132372342623198,0.46821658794696513,0.31501400287334735,0.2100668687086839,0.31993977473332336,12.324399038461538,8.543149038461538,1.2734375,0.359375,2.1484375,8.035,21.381666666666668,14.673333333333334,20.316666666666666,0.0
fio,details,50,50,1,readwrite_random,interleaved,1788215681.6133015,1788215748.3511803,75.782094032,73.501762555,49.42639967721739,47.93912783026087,46,0.517080834785,0.384021830829,0.7025134369144254,0.5370900780351077,2026-09-01 00:34:41.613301516,2026-09-01 00:35:48.351180315,67,24.895522388059703,25.98507462686567,27.37313432835821,25.28358208955224,21.104477611940297,0.38417910447761194,9299.9876119403,2226.3923880597013,2266.3879104477614,2439.7937313432835,2367.4135820895526,0.9826865671641789,0.1135820895522388,0.9125330389442023,0.0792537313432836,80.02447761194031,75.8468656716418,0.008007462686567166,103.42241925139925,177.2784656308302,64.52985074626865,37.44029850746268,185.23055241371267,90.2862588910914,94.9442926480877,22.585995219216414,22.576092438199627,22.561720207555975,22.562451171874997,23.640083226445892,23.460415403451492,23.712024253731343,24.131769327192163,1.2976660087927065,0.35674399760232045,0.33211967126647035,0.25233152019443794,0.35647799363776816,12.295009328358208,6.198285914179104,2.013526119402985,1.1750816231343284,2.908115671641791,6.967796610169492,22.944444444444446,15.074603174603176,19.350793650793655,0.0
fio,details,50,50,2,readwrite_random,interleaved,1788215752.0504272,1788215816.404991,82.489359154,80.139544079,57.55455240334883,55.91503724353488,43,0.505568228641,0.405042644304,0.6322468762108547,0.5189643033273736,2026-09-01 00:35:52.050427198,2026-09-01 00:36:56.404990911,65,25.015384615384615,27.092307692307692,23.323076923076922,24.076923076923077,25.307692307692307,0.35000000000000003,10132.755999999998,2480.058,2486.137846153846,2581.858923076923,2584.7004615384612,0.9812307692307692,0.1210769230769231,0.9595146659755784,0.0890769230769231,79.24984615384614,74.89907692307693,0.0070538461538461545,115.19302463942307,190.91011147836537,69.53461538461538,41.78589743589744,206.03793374399038,98.28190790264425,107.7560255408654,24.610520132211537,24.530087590144234,24.544844350961537,24.596456881009615,26.754941256009612,27.06193239182692,27.131526742788463,26.807625150240384,1.3077545762062073,0.3588505983352661,0.33429521322250366,0.2551896572113037,0.3594266176223755,12.3240966796875,6.17340087890625,2.01678466796875,1.1573486328125,2.9765625,7.2283333333333335,21.508333333333333,14.603333333333332,20.168333333333333,0.0
fio,details,50,50,3,readwrite_random,interleaved,1788215820.078147,1788215887.378902,87.561863329,80.196011457,57.1093700786087,52.30523338573913,46,0.532265124622,0.419867077377,0.624997163388257,0.5369845583321338,2026-09-01 00:37:00.078146935,2026-09-01 00:38:07.378901958,68,25.073529411764707,24.63235294117647,24.91176470588235,26.397058823529413,23.647058823529413,0.36220588235294116,9985.224264705883,2427.7527941176468,2490.1133823529412,2511.8454411764706,2555.511323529412,0.9804411764705883,0.11764705882352944,0.9500066666754902,0.08926470588235293,82.97544117647057,78.67323529411765,0.007557352941176471,111.04387810202206,186.28765208524814,67.83210784313727,40.267156862745104,201.71426407999067,97.57536482625933,104.13890085704291,24.410644239738804,24.40228661380597,24.302613252098883,24.459820574860075,26.1926221431903,26.006069554570896,25.708927384561573,26.23128104594217,1.3068471310743646,0.3568311662816289,0.33492854104113223,0.25547705123673625,0.3596175464231577,12.204524253731343,6.037021921641791,2.0357975746268657,1.1799790111940298,2.951725746268657,7.70483870967742,22.65555555555556,13.895238095238097,19.433333333333334,0.0
fio,details,50,50,4,readwrite_random,interleaved,1788215891.0775266,1788215958.3917344,78.541868539,78.580542749,51.22808003895652,51.251596599652174,46,0.490408439092,0.437399604725,0.6432532879510336,0.571677449748453,2026-09-01 00:38:11.077526569,2026-09-01 00:39:18.391734362,67,24.791044776119403,25.01492537313433,23.80597014925373,25.507462686567163,25.880597014925375,0.37164179104477607,9722.415671641793,2321.3507462686566,2280.8589552238814,2591.892686567164,2528.314328358209,0.9847761194029852,0.11820895522388061,0.8799974501431879,0.08253731343283582,78.46776119402986,74.27134328358208,0.0071014925373134325,109.13649545242538,183.60806480293843,66.886815920398,39.52238805970149,195.56352466184705,94.18238907999067,101.38113762243471,23.65447717467351,23.420002623600745,23.534048653218285,23.57386179454291,25.498466796875,25.10856255830224,25.47345776002798,25.30065036147388,1.2979861586841184,0.3549873010436101,0.33244278181844683,0.253577331998455,0.3569787438236066,12.136019123134329,6.016557835820896,2.0444263059701493,1.1440065298507462,2.931028451492537,7.142857142857143,21.303174603174604,14.909523809523812,20.725396825396825,0.0
fio,details,50,50,5,readwrite_random,interleaved,1788215961.7696495,1788216024.814121,80.295096785,78.955400746,57.35746413714286,56.40047459961905,42,0.475307576133,0.404105608385,0.608479951739935,0.5241000626196543,2026-09-01 00:39:21.769649506,2026-09-01 00:40:24.814121008,63,24.92063492063492,27.77777777777778,25.746031746031747,26.317460317460316,20.444444444444443,0.32634920634920644,10152.259365079364,2601.3547619047627,2564.9574603174606,2681.799206349207,2304.146666666667,0.9796825396825397,0.12619047619047616,0.8591794125419826,0.08984126984126982,80.49761904761905,75.98031746031747,0.00696031746031746,114.4176162574405,191.5856200396825,69.78703703703704,41.5,204.47856135292662,98.1480295138889,106.3305302889385,24.656712704613092,24.49860615079365,24.556171564980158,24.436539248511902,26.674448164682545,26.332093563988096,26.709561321924603,26.614426308283736,1.2993426852756078,0.3550125000968812,0.33285492185562376,0.2536592029389881,0.3578158787318638,12.184647817460318,6.003100198412699,2.0093005952380953,1.1420510912698412,3.0301339285714284,7.987931034482759,22.146551724137932,14.024137931034483,20.025862068965516,0.0
fio,details,50,50,1,readwrite_random,numabalancing,1788216028.4627242,1788216100.254392,67.325243302,59.592674647,39.605724501333334,35.05685146603921,51,0.499029928374,0.327878113727,0.764055162735554,0.5657997111160563,2026-09-01 00:40:28.462724209,2026-09-01 00:41:40.254391909,72,28.180555555555557,30.333333333333332,28.833333333333332,17.38888888888889,27.458333333333332,0.33888888888888885,7114.288333333334,2137.292222222222,1842.8756944444442,1197.2241666666669,1936.896388888889,0.9829166666666667,0.11208333333333334,0.5601593241292333,0.08305555555555559,60.16597222222222,56.66125,0.008193055555555556,75.60283284505209,139.0897977701823,50.50115740740741,27.270833333333332,141.3108809407552,69.68077596028644,71.63010498046876,28.99579386393229,14.25577121310764,3.428356662326389,23.000853814019095,30.107085910373264,14.370929090711806,3.3958905707465283,23.756199951171872,1.3052179018656411,0.5344010988871257,0.28167549769083655,0.05409293704562717,0.43504836824205184,12.1181640625,8.164496527777779,1.3532986111111112,0.359375,2.240993923611111,8.750746268656716,24.35373134328358,14.238805970149253,18.673134328358206,0.0
fio,details,50,50,2,readwrite_random,numabalancing,1788216103.9362316,1788216184.1589398,77.439832416,68.974753508,39.37881105355932,35.07424669071186,59,0.320896556141,0.2345138457859999,0.4247587158803905,0.3470935974168878,2026-09-01 00:41:43.936231613,2026-09-01 00:43:04.158939838,80,30.975,38.2625,20.9375,21.4875,22.8125,0.28625,7114.09175,2556.0583749999996,1475.4765,1496.55475,1586.000125,0.9878750000000001,0.11200000000000002,0.57724679312146,0.09287500000000001,57.279375,53.98412499999999,0.00715875,71.98205603027343,137.1940721435547,49.840624999999996,25.952083333333334,138.36366064453128,67.71755114746095,70.64610913085937,37.11953698730469,4.235677490234375,12.638818359375,13.723519042968752,39.21091711425781,4.367787231445313,12.977517944335938,14.08988720703125,1.3173937320709228,0.6803311824798585,0.14471874237060547,0.18717746734619142,0.30516633987426756,12.16865234375,8.37958984375,1.2734375,0.359375,2.15625,10.63150684931507,22.22972972972973,11.555405405405406,22.033783783783782,0.0
fio,details,50,50,3,readwrite_random,numabalancing,1788216187.791167,1788216258.0017405,76.249636504,71.932803012,46.68500703608163,44.04342767281633,49,0.517043113328,0.39624541423,0.6993654282892602,0.5655863328210433,2026-09-01 00:43:07.791167021,2026-09-01 00:44:18.001740456,70,27.442857142857143,31.428571428571427,24.885714285714286,26.9,19.6,0.3251428571428571,8430.649142857143,2468.098428571429,2008.5902857142853,2133.125142857143,1820.8342857142857,0.985,0.11728571428571424,0.7377478404571616,0.08857142857142855,66.47585714285714,62.69199999999999,0.007112857142857142,92.51827706473213,163.59818526785713,59.52023809523809,33.46785714285714,170.53428515625004,81.61067689732143,88.92361007254465,32.60627371651786,16.850006417410714,23.30418275669643,8.850215262276786,35.91544614955357,18.03303780691964,25.444764090401787,9.530362862723214,1.3038972582135882,0.5189800807407924,0.28462938581194197,0.2875436510358538,0.21274435860770088,12.153125,7.96171875,1.6112723214285714,0.4238839285714286,2.15625,7.573846153846154,21.979999999999997,14.070769230769233,20.54,0.0
fio,details,50,50,4,readwrite_random,numabalancing,1788216261.690904,1788216329.319163,82.305380737,73.143657584,52.53885176374468,46.69055350740426,47,0.559675054709,0.3906411240869999,0.6993642074858568,0.5478158778864413,2026-09-01 00:44:21.690903902,2026-09-01 00:45:29.319163084,67,25.776119402985074,27.19402985074627,22.62686567164179,27.044776119402986,26.119402985074625,0.3671641791044776,9478.673731343284,2428.1725373134323,2264.60552238806,2433.7125373134327,2352.1843283582093,0.9834328358208956,0.11686567164179104,0.9305147948524564,0.08,80.00522388059701,75.75582089552238,0.008038805970149256,104.7659423099347,179.2494181436567,65.26492537313435,37.96144278606965,185.87725514131435,90.0579078584559,95.81934699563419,28.077949505974264,21.3021821863511,21.069801528033086,19.60797478170955,30.201792997472428,22.98568273207721,22.279569881663605,20.352301240808824,1.303818033702338,0.4324007176641208,0.3162424457606985,0.23505504095732277,0.3201270032284865,12.174848414179104,5.448111007462686,4.072586287313433,0.4979011194029851,2.15625,8.785714285714286,22.12698412698413,14.25238095238095,18.53015873015873,0.0
fio,details,50,50,5,readwrite_random,numabalancing,1788216332.7236495,1788216404.8462224,70.343456168,65.478745693,41.38126219545098,38.52076092235294,51,0.496561645726,0.398549987535,0.7270173961828752,0.6256796638338848,2026-09-01 00:45:32.723649502,2026-09-01 00:46:44.846222401,72,29.34722222222222,34.0,25.083333333333332,24.86111111111111,26.34722222222222,0.3125,7586.708611111111,2306.8502777777776,1450.7783333333332,1909.6286111111112,1919.4512499999998,0.9870833333333334,0.11597222222222224,0.6289000839408134,0.07750000000000003,63.39027777777778,59.80305555555555,0.007391666666666667,80.00150689019097,145.76191623263892,52.986111111111114,28.86458333333333,148.69079583154968,72.619345703125,76.07144945954623,32.93894624892979,0.7950882919520548,24.35343803510274,14.531872190710617,34.64121521832192,0.7751870184075342,25.869151059503427,14.785897367294522,1.3127209345499675,0.5750931104024252,0.09576468997531466,0.3389625549316406,0.30290725496080184,12.205078125,8.416015625,1.2734375,0.359375,2.15625,8.238805970149254,22.66716417910448,14.514925373134329,20.570149253731344,0.0
fio,details,40,60,1,readwrite_random,default,1788216408.1924436,1788216478.541134,65.393457916,93.181326719,40.03948009012245,57.0535951882449,49,0.5751841513920001,0.465207403805,0.902806099197226,0.5109061544349777,2026-09-01 00:46:48.192443609,2026-09-01 00:47:58.541134119,70,25.3,25.885714285714286,26.585714285714285,27.071428571428573,23.014285714285716,0.36871428571428566,9094.452857142856,2191.6185714285707,2362.415571428571,2399.6568571428575,2140.760285714286,0.9832857142857142,0.1124285714285714,0.8921110030136452,0.09328571428571428,59.12514285714286,55.35685714285715,0.005995714285714286,106.03846944754466,177.27071386718748,64.55,38.40119047619047,191.10524651227675,86.66440499441964,104.44084151785715,27.2888203125,18.368711774553567,23.346538922991073,17.660334263392862,33.10496568080358,21.703738839285712,28.3237431640625,21.308394112723214,1.3050383976527622,0.43389304024832587,0.2912517547607422,0.2717209952218192,0.3081794738769531,12.173995535714285,5.444810267857143,3.9324776785714284,0.6404575892857143,2.15625,7.915151515151515,18.47272727272727,15.951515151515151,22.233333333333334,0.0
fio,details,40,60,2,readwrite_random,default,1788216481.895322,1788216548.096334,61.85165742,88.164748466,41.237187242666664,58.78041741084444,45,0.525930716992,0.415012367166,0.8765089304193311,0.4838717329194165,2026-09-01 00:48:01.895322084,2026-09-01 00:49:08.096333981,66,25.984848484848484,28.060606060606062,24.21212121212121,26.606060606060606,23.439393939393938,0.32712121212121215,9409.60984848485,2646.0889393939397,2075.1509090909094,2366.1154545454547,2322.2543939393936,0.9851515151515151,0.1215151515151515,0.7842332425780828,0.08181818181818182,63.55212121212121,59.67939393939395,0.006224242424242424,108.07432927911933,181.23542302911932,65.98232323232322,39.14267676767677,195.3028963955966,89.97812677556817,105.32476962002842,31.937849934895834,16.375725319602275,22.05565118963068,19.6088994436553,37.74664299242424,18.763323419744317,25.816623461174242,22.99817989464962,1.3115570761940696,0.47758090857303503,0.2614291220000296,0.24882738517992425,0.3237342256488222,12.167140151515152,8.243667140151516,1.3506155303030303,0.3896780303030303,2.1831794507575757,7.751612903225807,18.511290322580646,15.312903225806451,22.206451612903223,0.0
fio,details,40,60,3,readwrite_random,default,1788216551.7723231,1788216623.631219,54.532691197,69.68330171,32.07912291388236,40.99291015529412,51,0.571855698203,0.365037878165,1.0801685914642776,0.5383738011899223,2026-09-01 00:49:11.772323132,2026-09-01 00:50:23.631218910,72,28.583333333333332,29.90277777777778,53.84722222222222,28.944444444444443,25.73611111111111,0.34430555555555553,6944.645972222223,1823.9625000000003,1340.0866666666666,1936.6823611111113,1843.915138888889,0.9820833333333334,0.10944444444444446,0.6919496421177882,0.10055555555555556,47.50277777777777,44.278888888888886,0.006893055555555555,76.8246169704861,136.91616821289062,49.71875,27.73726851851852,142.14076117621528,65.86686550564235,76.27389553493923,27.732122802734377,0.20964124891493052,24.63155721028646,13.293546006944446,32.50696451822917,0.18217787000868058,28.708220486111106,14.87653293185764,1.303353892432319,0.5398393736945258,0.08799113167656793,0.37541410658094615,0.30010928048027885,12.122721354166666,8.333658854166666,1.2734375,0.359375,2.15625,8.294915254237289,20.437313432835822,15.64179104477612,20.620895522388054,0.0
fio,details,40,60,4,readwrite_random,default,1788216627.2774374,1788216695.558641,61.855860527,90.629979772,39.483780248510634,57.85663644868085,47,0.537543471763,0.418438831644,0.8950384121794454,0.4740960273576258,2026-09-01 00:50:27.277437449,2026-09-01 00:51:35.558640957,68,25.83823529411765,26.970588235294116,21.352941176470587,26.86764705882353,27.441176470588236,0.3495588235294118,9062.930441176472,2399.990588235294,1927.6557352941177,2340.956029411765,2394.3279411764706,0.9827941176470588,0.11676470588235295,0.8031930394825078,0.10426470588235293,56.01029411764704,52.193088235294105,0.005795588235294118,105.66782513786765,175.97674345128675,64.07107843137256,38.28063725490196,190.38479923023897,86.10201976102942,104.2827783203125,27.267979233685665,14.842206169577207,20.447522547104782,23.544311092601102,33.07910170611213,17.91432229434743,24.656409553079044,28.632944479549636,1.3097249199362362,0.4385213290943819,0.2519258611342486,0.23815132589901195,0.3811405406278723,12.172909007352942,8.168313419117647,1.446633731617647,0.359375,2.198586856617647,7.629687499999999,19.0765625,15.4015625,22.7578125,0.0
fio,details,40,60,5,readwrite_random,default,1788216698.9167514,1788216765.8983505,63.128270663,91.451007287,41.17335600973913,59.6479254706087,46,0.561765036795,0.470300060423,0.9148527360478528,0.5273526933196127,2026-09-01 00:51:38.916751385,2026-09-01 00:52:45.898350477,67,25.402985074626866,26.08955223880597,22.16417910447761,28.37313432835821,25.746268656716417,0.3723880597014925,9472.241044776116,2400.8616417910443,2131.5950746268654,2550.5038805970153,2389.280447761194,0.983134328358209,0.11611940298507462,0.8357544918253201,0.09089552238805972,62.316417910447775,58.37298507462687,0.005953731343283581,109.91230614505596,182.47877026002803,66.4266169154229,39.81716417910447,197.6987832322761,89.87473793143656,107.82404486357278,23.26037459188433,19.37615627915112,24.736049294542916,22.502158203125003,28.19918916161381,23.207282969916044,29.518189423973883,26.899383599580222,1.3064139067237055,0.37537093660724696,0.29627780060269937,0.27871362486881995,0.3560525125532008,12.162313432835822,5.455398787313433,4.17216651119403,0.3784981343283582,2.15625,7.46190476190476,17.38888888888889,16.180952380952384,22.477777777777774,0.0
fio,details,40,60,1,readwrite_random,interleaved,1788216769.3637495,1788216838.4896736,63.264179492,90.04786947,39.541430186666666,56.28554641066666,48,0.520277037099,0.420258371181,0.8476818353726369,0.4796262219551357,2026-09-01 00:52:49.363749504,2026-09-01 00:53:58.489673615,69,25.028985507246375,26.26086956521739,22.768115942028984,27.36231884057971,23.91304347826087,0.3805797101449276,9047.401884057968,2191.3665217391303,2148.793478260869,2445.798405797101,2261.444782608696,0.9834782608695652,0.1117391304347826,0.8785652460839526,0.09260869565217392,61.355507246376824,57.59260869565218,0.0059753623188405795,106.34556782155798,176.36863210484606,64.18719806763285,38.52173913043478,190.39644587862318,87.15125297214674,103.24519290647645,21.840480355525358,21.765297639266304,21.817843778306163,21.727631623641305,25.695126528532608,26.147864866394926,25.70660679913949,25.695594004755435,1.296894681626472,0.3539668649866961,0.3325943877731544,0.2531820103742074,0.35715141849241394,12.149909420289855,6.0020946557971016,2.0725203804347827,1.1702332427536233,2.9050611413043477,6.8876923076923084,17.153846153846157,16.609230769230766,22.603076923076923,0.0
fio,details,40,60,2,readwrite_random,interleaved,1788216842.1479468,1788216910.8698127,67.923348295,96.169313392,42.45350775466667,60.109827925333335,48,0.523812106763,0.4432864689219999,0.7911799232364399,0.4723739935633937,2026-09-01 00:54:02.147946835,2026-09-01 00:55:10.869812727,68,25.397058823529413,26.485294117647058,24.13235294117647,26.602941176470587,22.676470588235293,0.37397058823529417,9818.54455882353,2418.9482352941177,2427.2670588235296,2384.0132352941177,2588.3163235294123,0.9827941176470588,0.11735294117647058,0.9210671870443146,0.08911764705882355,67.6870588235294,63.707205882352945,0.006092647058823529,113.82484532973344,187.34833754595587,68.22058823529413,41.26838235294118,203.9821510225184,93.93785386029413,110.0442973058364,23.539090073529415,23.454839441636032,23.445665211397056,23.49825884650735,27.606618508731618,27.446043772977944,27.22976189108456,27.761873420266543,1.2939992231481214,0.3552393071791705,0.3300298242007985,0.2542312285479377,0.3545130000394933,12.179170496323529,6.014820772058823,2.0600298713235294,1.1433249080882353,2.960994944852941,6.4640625,19.0078125,14.215625000000001,23.3609375,0.0
fio,details,40,60,3,readwrite_random,interleaved,1788216914.5597072,1788216980.5962453,59.264724748,89.360314716,39.51376748088889,59.57950049848889,45,0.523321908506,0.430150210336,0.9091626649028514,0.4947507193334415,2026-09-01 00:55:14.559707165,2026-09-01 00:56:20.596245289,66,24.954545454545453,28.53030303030303,27.772727272727273,25.62121212121212,18.151515151515152,0.3709090909090909,9209.713484848486,2313.709696969697,2455.4495454545463,2486.940606060606,1953.6130303030304,0.9824242424242424,0.11515151515151514,0.7855487282414904,0.08818181818181821,62.89363636363637,58.956818181818186,0.00621060606060606,106.68333836410986,179.62426239938446,65.38636363636364,38.68434343434343,191.3001457445549,88.305390477036,102.99475467566288,22.1746709280303,21.966617098721592,22.074127308238637,22.08997440222538,25.773905658143942,25.46411857836174,25.848042732007578,25.908688151041666,1.297933173902107,0.3543573437315045,0.3326764540238814,0.25344519181685016,0.35745418432987097,12.157492897727273,6.089725378787879,2.0546283143939394,1.1003787878787878,2.9127604166666665,7.310169491525424,18.346774193548388,16.729032258064517,22.185483870967747,0.0
fio,details,40,60,4,readwrite_random,interleaved,1788216983.96703,1788217049.8393877,63.44290864,92.742094938,42.29809211164445,61.83424609848889,45,0.50067115598,0.436503357284,0.8132414985165183,0.4835366756706196,2026-09-01 00:56:23.967030048,2026-09-01 00:57:29.839387655,66,24.803030303030305,27.242424242424242,23.96969696969697,26.560606060606062,21.651515151515152,0.355,9599.707121212121,2379.554393939394,2386.487424242424,2557.1563636363644,2276.5089393939397,0.981969696969697,0.11772727272727274,0.8902501903155682,0.09969696969696973,62.524696969696954,58.48500000000001,0.005704545454545454,113.1194149502841,185.58360588304924,67.5719696969697,41.01641414141414,202.30833318536932,91.83580803148675,110.4725244140625,23.013751035748104,22.94440192945076,22.920183179450756,22.957472330729168,27.58283055160985,27.587689689867428,27.538057232481062,27.76394841974432,1.2942385240034624,0.3531123074618253,0.33189727320815576,0.2527168158328894,0.3565194101044626,12.147135416666666,6.010416666666667,2.0113044507575757,1.1924715909090908,2.9329427083333335,7.398360655737704,17.824590163934428,15.388524590163934,23.298360655737707,0.0
fio,details,40,60,5,readwrite_random,interleaved,1788217053.5150414,1788217120.7593274,71.048271388,101.127541278,46.33891822191304,65.9593395867826,46,0.498622992442,0.419848770433,0.7229327829823282,0.4265735127227163,2026-09-01 00:57:33.515041351,2026-09-01 00:58:40.759327412,67,25.16417910447761,27.029850746268657,23.253731343283583,25.970149253731343,23.328358208955223,0.3437313432835821,10327.29089552239,2578.76880597015,2436.2653731343285,2739.235970149254,2573.0217910447755,0.9861194029850745,0.1225373134328358,0.8893959482437661,0.10000000000000002,65.15507462686567,61.08402985074626,0.005446268656716419,120.212265625,194.69035782999066,70.95024875621891,43.64427860696517,215.37706564832092,97.26429425139925,118.11277052238808,24.428919222248133,24.23027125116604,24.301156862173507,24.30394808185634,29.715304774953356,29.483184905550374,29.45833430503731,29.455946536847016,1.3082940400536383,0.3572009072374942,0.3353295397402635,0.25568964943956973,0.3600739436363106,12.218924906716419,6.0065298507462686,2.1272154850746268,1.1866837686567164,2.898495802238806,7.423809523809523,17.11269841269841,15.060317460317458,23.33650793650794,0.0
fio,details,40,60,1,readwrite_random,numabalancing,1788217124.413707,1788217195.441091,55.84544177,80.706316183,33.50949888,48.43024621568,50,0.4752604316129999,0.389792404431,0.8762635528452181,0.4959545704539418,2026-09-01 00:58:44.413707018,2026-09-01 00:59:55.441091061,71,28.04225352112676,32.54929577464789,20.830985915492956,26.04225352112676,23.91549295774648,0.2967605633802816,7809.287605633802,2355.374929577465,1652.791830985915,1893.9254929577464,1907.1959154929573,0.9843661971830986,0.11690140845070421,0.7017107171478693,0.09422535211267608,49.00647887323943,45.65056338028169,0.005628169014084508,86.82569487235916,153.26871231294015,55.72535211267606,31.349765258215957,160.33602016395247,73.39114973041374,86.94487084617074,33.07060409330986,10.028184006382041,24.45497290382923,5.837389139524649,39.23903705435739,11.646415190360916,29.352272089568665,6.707146924515845,1.300656385824714,0.5695359673298581,0.21373770270549078,0.3329405986087423,0.1844421171806228,12.163512323943662,8.362896126760564,1.2772887323943662,0.3670774647887324,2.15625,7.553030303030303,18.52121212121212,14.390909090909092,24.207575757575757,0.0
fio,details,40,60,2,readwrite_random,numabalancing,1788217199.1315403,1788217271.9094052,62.756124311,89.290165628,36.20787003076923,51.51699133046154,52,0.495956889671,0.402643939191,0.8129694664622646,0.4628646907312664,2026-09-01 00:59:59.131540298,2026-09-01 01:01:11.909405231,73,26.52054794520548,29.041095890410958,24.904109589041095,26.698630136986303,22.65753424657534,0.33136986301369864,8427.758219178082,2375.5171232876714,2025.6216438356164,2152.592328767123,1874.0268493150684,0.986986301369863,0.11520547945205482,0.7888921662334516,0.0934246575342466,53.58753424657534,50.26684931506849,0.005897260273972603,96.20106231271403,164.44884350920375,59.84018264840183,34.83675799086758,175.30351174550515,79.8173758561644,95.48613602311642,31.498743043664383,20.773408336900687,22.43104840004281,5.114176476883562,37.74449125107021,24.948559770976026,26.940011638484588,5.853074834118151,1.2983864039590913,0.5135480802353114,0.33856337037805007,0.2770387309871308,0.16919671672664277,12.188249143835616,8.34910102739726,1.323523116438356,0.359375,2.15625,7.247058823529413,19.670588235294115,13.691176470588236,24.423529411764704,0.0
fio,details,40,60,3,readwrite_random,numabalancing,1788217275.6441088,1788217353.1584888,59.481497367,90.135638488,31.30813831635088,47.4429723845614,57,0.511438076459,0.418285390969,0.8827953578691206,0.4741191436390025,2026-09-01 01:01:15.644108772,2026-09-01 01:02:33.158488750,77,29.038961038961038,36.922077922077925,20.25974025974026,21.818181818181817,23.636363636363637,0.3254545454545455,7651.195714285714,2557.2281818181823,1530.74012987013,1797.6297402597402,1765.5974025974026,0.9857142857142858,0.10844155844155841,0.5985934852249978,0.10233766233766235,46.062077922077926,42.84831168831169,0.005262337662337662,84.79490767045455,149.6866554636769,54.39069264069264,30.580086580086583,159.12670847706983,72.14929471895293,86.97741261668021,33.27307731331169,6.753150618912337,18.261564021915586,13.861501623376622,39.73417131696428,8.124706270292206,22.555335201907464,16.56319919338474,1.3019750057122645,0.5835550259321164,0.17357273590870392,0.25089053618602264,0.2939328413743239,12.16796875,8.380108173076923,1.2734375,0.359375,2.15625,6.988571428571429,17.363380281690144,13.450704225352112,25.132394366197182,0.0
fio,details,40,60,4,readwrite_random,numabalancing,1788217356.440659,1788217424.6077375,61.993659959,94.19424846,39.57305927897872,60.12799664476596,47,0.521812965211,0.441784899416,0.8654238506779233,0.4806783026928541,2026-09-01 01:02:36.440659046,2026-09-01 01:03:44.607737541,69,25.27536231884058,22.71014492753623,26.840579710144926,25.057971014492754,28.0,0.3659420289855072,9171.01231884058,1974.3214492753618,2289.1739130434785,2373.7146376811597,2533.8031884057973,0.9813043478260871,0.11521739130434783,0.7791928979762447,0.09898550724637684,56.15492753623189,52.418695652173916,0.005439130434782609,108.91317680027174,179.95061466825183,65.52053140096618,39.46497584541063,195.00006666100543,87.73562301856883,107.26444279325182,26.127810801630428,16.930142521512682,21.081040109827903,23.596630151721016,32.50308367300725,20.30762893455616,25.735662788722827,28.718065698596018,1.307836420395795,0.4187135696411133,0.27121684130500345,0.24240314259248621,0.37550993526683135,12.174977022058824,8.33203125,1.2811351102941178,0.359375,2.202435661764706,7.001587301587301,17.82539682539683,14.652380952380948,24.236507936507937,0.0
fio,details,40,60,5,readwrite_random,numabalancing,1788217427.9714415,1788217496.929069,57.511026339,83.668545444,35.946787754666666,52.29807018666666,48,0.47951021666,0.392824174624,0.8570834941966032,0.4821889931363132,2026-09-01 01:03:47.971441507,2026-09-01 01:04:56.929069042,69,27.014492753623188,32.30434782608695,25.840579710144926,22.797101449275363,22.130434782608695,0.2985507246376812,8278.504202898554,2337.883043478261,1924.626811594203,2041.964492753623,1974.030144927536,0.98231884057971,0.11913043478260868,0.8232348564070072,0.09115942028985512,56.00202898550723,52.45434782608695,0.005994202898550725,94.27981119791666,164.5071710824275,59.85628019323671,34.10748792270532,172.7559523607337,79.73954356317935,93.01640879755436,33.71355511209239,12.999396229619565,8.888802932518116,24.13779070425725,39.36077488111413,14.804856912364134,10.19682518115942,28.653953238224634,1.3020909627278645,0.5429126352503679,0.2374061916185462,0.11134979690330615,0.4104223389556443,12.170742753623188,8.381680253623188,1.2734375,0.359375,2.15625,7.3516129032258055,18.323809523809523,13.804761904761905,23.646031746031746,0.0
fio,details,30,70,1,readwrite_random,default,1788217500.683869,1788217570.90654,48.029227039,109.268200595,29.40760958432653,66.90558821355101,49,0.531438168911,0.502579620886,1.1391620494232728,0.4729172607711805,2026-09-01 01:05:00.683868885,2026-09-01 01:06:10.906539917,70,26.057142857142857,26.285714285714285,29.114285714285714,21.15714285714286,25.385714285714286,0.362,8988.63457142857,2303.692714285714,2414.328285714286,1881.6124285714286,2389.000714285714,0.9870000000000001,0.11299999999999998,0.7793523522484633,0.09642857142857146,44.26728571428571,40.75714285714286,0.004268571428571431,108.15471484375001,178.05930943080358,64.87619047619047,39.225,195.44578473772327,84.82504324776785,110.62074107142857,24.701695870535712,26.24139578683036,17.267882254464283,16.614070452008928,32.4645107421875,34.115600725446434,22.5550625,21.485566545758928,1.3119170597621372,0.4121478489467076,0.39206210545131137,0.20637332371303013,0.30133378165108815,12.209877232142857,5.442745535714286,4.2507254464285715,0.359375,2.15703125,6.750000000000001,12.88030303030303,16.943939393939395,25.819696969696967,0.0
fio,details,30,70,2,readwrite_random,default,1788217574.3157618,1788217650.9057248,53.306046007,114.193324757,28.55871414857143,61.18111290514286,56,0.349620371387,0.27162278758,0.6723211827825387,0.2430936118460271,2026-09-01 01:06:14.315761805,2026-09-01 01:07:30.905724764,77,26.25974025974026,30.623376623376622,23.753246753246753,23.16883116883117,24.649350649350648,0.30688311688311687,8564.799090909091,2497.8764935064937,1958.682857142857,2013.8951948051952,2094.3444155844154,0.9836363636363635,0.11454545454545452,0.7841391927241679,0.12740259740259738,42.00181818181819,38.86467532467533,0.0041051948051948044,100.28519835633118,169.10416193181817,61.566017316017316,36.350649350649356,183.3043360643263,79.63844231939935,103.66589336444804,31.88533672382305,14.581383421266233,16.350575537743506,16.821144987824674,41.83286221590909,18.878885196834414,21.345257457386364,21.608889382102276,1.300969408704089,0.5234936800870028,0.25795706216391034,0.20481436593191962,0.31466060489803166,12.186434659090908,5.4482041396103895,1.2734375,0.359375,5.10541801948052,6.757746478873239,14.36760563380282,13.849295774647887,29.291549295774644,0.0
fio,details,30,70,3,readwrite_random,default,1788217654.5573227,1788217727.400797,45.382937196,104.955559833,26.18508201353846,60.557339648,52,0.4317846590069999,0.377539774203,0.9763318644145438,0.3686272657683124,2026-09-01 01:07:34.557322741,2026-09-01 01:08:47.400796890,73,27.45205479452055,31.945205479452056,21.397260273972602,24.684931506849313,25.19178082191781,0.30821917808219185,8293.600684931507,2388.7867123287674,1775.071917808219,2004.1291780821916,2125.6131506849315,0.9836986301369863,0.1167123287671233,0.7430851438711105,0.10383561643835619,41.812602739726024,38.70219178082191,0.004378082191780822,97.38475371896403,164.7564176209332,59.96917808219178,35.22146118721461,178.52228823309073,77.48952469499145,101.03276233411816,31.9399343161387,4.74615314640411,21.001619622217465,19.801817877782536,41.46015036386986,6.050067690496575,27.647441807577053,25.87510166952055,1.3053903971632868,0.5343956620725867,0.14064496184048586,0.2706074649340486,0.35974230831616544,12.175620719178083,8.386558219178083,1.2734375,0.359375,2.15625,7.441176470588237,13.930882352941175,14.855882352941178,27.719117647058823,0.0
fio,details,30,70,4,readwrite_random,default,1788217730.6359944,1788217798.7583914,47.790516058,107.416326775,30.506618357106383,68.5681837426383,47,0.49240846891,0.421268461235,1.0606760429261393,0.4034605491930029,2026-09-01 01:08:50.635994434,2026-09-01 01:09:58.758391380,68,25.955882352941178,28.86764705882353,24.63235294117647,25.41176470588235,23.38235294117647,0.3236764705882353,9198.823382352943,2496.1879411764708,2228.219852941176,2219.6888235294123,2254.7269117647056,0.9801470588235295,0.11985294117647059,0.8892314504505048,0.10750000000000004,46.10617647058824,42.64529411764706,0.004339705882352941,111.66219008501838,182.02757209329042,66.26960784313727,40.463235294117645,201.3448828125,87.82147705078125,113.52340647977942,30.89931798598346,21.267921070772058,21.33361399931066,14.320624712775734,40.23907901539522,27.577565917968748,27.56983096852022,18.136929285386028,1.3026880937464096,0.47169870488783894,0.3198709487915039,0.24558673185460708,0.2655535866232479,12.200425091911764,5.495519301470588,4.185431985294118,0.3632238051470588,2.15625,6.584126984126983,14.02857142857143,15.276190476190475,27.306349206349207,0.0
fio,details,30,70,5,readwrite_random,default,1788217802.4523785,1788217869.4764414,44.846430684,97.307778995,29.25059695304348,63.465825769739126,46,0.530916944319,0.401846659615,1.2127784692308163,0.4231260383550173,2026-09-01 01:10:02.452378511,2026-09-01 01:11:09.476441383,67,25.611940298507463,27.597014925373134,25.328358208955223,25.73134328358209,23.37313432835821,0.30313432835820897,8791.94,2247.164029850746,2214.0531343283587,2160.3607462686564,2170.362089552239,0.9829850746268657,0.12194029850746269,0.961372075011429,0.09582089552238807,48.165223880597026,44.698955223880596,0.0049,104.56641747318096,174.79306086753732,63.636815920398014,37.88557213930348,189.00228005480406,83.98777125116605,105.01450792910447,32.39800562616605,15.108510523554106,15.54225760844216,20.938998513292912,40.78892971665112,18.673412867304105,19.1228224113806,26.429343808302242,1.3105469327984434,0.5124479351621686,0.25609126235499524,0.18460441358161694,0.3574106043035334,12.219045928030303,8.429983428030303,1.2734375,0.359375,2.15625,6.613333333333333,15.912903225806454,15.633870967741935,26.45967741935484,0.0
fio,details,30,70,1,readwrite_random,interleaved,1788217873.1328118,1788217937.37902,48.317021075,109.620966632,33.7117968907907,76.48739213693024,43,0.4947835807069999,0.410737824626,1.053691457794859,0.3839678935790303,2026-09-01 01:11:13.132811784,2026-09-01 01:12:17.379019976,64,25.203125,23.84375,25.390625,23.75,26.640625,0.31015625,9929.501093750001,2205.9484375,2426.2784375,2580.115,2717.15984375,0.98421875,0.12671875000000002,0.8118581770498757,0.10906250000000002,47.35187500000001,43.8834375,0.004096875000000001,121.81919799804686,193.08655548095703,70.34505208333333,44.216145833333336,217.98129882812498,93.68337417602538,124.29792312622071,23.46251678466797,23.384319305419922,23.316636199951173,23.519902801513673,31.358582458496095,30.872584838867187,30.97316192626953,31.09359573364258,1.2953928112983704,0.3538185954093933,0.33033424615859985,0.2525821924209595,0.3586577773094177,12.19500732421875,5.9833984375,2.1246337890625,1.11212158203125,2.974853515625,7.313333333333333,13.146666666666668,17.090000000000007,25.381666666666664,0.0
fio,details,30,70,2,readwrite_random,interleaved,1788217940.8489003,1788218008.0167782,46.832862739,103.513276062,30.545207563130436,67.51315887860869,46,0.533762615086,0.400879798844,1.1754600239081756,0.3981212301336044,2026-09-01 01:12:20.848900318,2026-09-01 01:13:28.016778231,68,25.426470588235293,30.308823529411764,26.08823529411765,16.61764705882353,26.102941176470587,0.3652941176470587,8938.75705882353,2289.56,2339.235735294118,1873.1517647058822,2436.8102941176476,0.9826470588235293,0.11455882352941177,0.7686900245076885,0.11294117647058825,45.03044117647059,41.459558823529406,0.004666176470588236,109.13649658203126,176.2650452378217,64.19607843137254,39.546568627450974,195.43579833984373,84.56872414981616,110.86707490808824,21.19586095473345,21.089074276194854,21.116559340533087,21.167231014476105,27.53035012637868,27.555023696001836,28.379313103170954,27.402387695312495,1.3075487506923391,0.35655400290418027,0.3335352086309177,0.255751538632521,0.3617223483413013,12.165811567164178,6.061100746268656,2.0421525186567164,1.1584654850746268,2.904092817164179,6.495081967213116,14.964516129032258,16.927419354838708,25.42258064516129,0.0
fio,details,30,70,3,readwrite_random,interleaved,1788218011.398956,1788218077.4727528,47.58745251,111.761051944,31.727083337955555,74.51233512106667,45,0.494702265572,0.430358267628,1.0699793063087697,0.3952419030147386,2026-09-01 01:13:31.398956060,2026-09-01 01:14:37.472752810,66,24.96969696969697,27.318181818181817,22.560606060606062,24.984848484848484,25.196969696969695,0.3404545454545455,9838.111818181818,2481.889545454546,2294.785909090909,2457.04696969697,2604.39,0.9843939393939394,0.12075757575757577,0.8811222240489748,0.11409090909090909,45.292272727272724,41.63969696969697,0.003993939393939393,120.98646809895831,192.11209013967806,69.99873737373737,43.86489898989899,216.74304613517992,92.51640861742423,124.2266376657197,23.284515861742424,23.048272076231058,23.07852672230113,23.10509366122159,31.11223795572917,31.28092240767046,31.06421860203599,30.76925870028409,1.3013699849446616,0.3549554998224432,0.33167243726325757,0.254375746755889,0.36037358370694245,12.182883522727273,6.037878787878788,2.0372869318181817,1.1866714015151516,2.9210464015151514,6.806779661016949,14.147540983606557,16.08688524590164,26.72295081967213,0.0
fio,details,30,70,4,readwrite_random,interleaved,1788218081.110657,1788218145.726415,46.443705331,107.33321287,31.668273803636364,73.18661483054545,44,0.5448402344909999,0.398831687141,1.2070600342713609,0.381565337900895,2026-09-01 01:14:41.110656977,2026-09-01 01:15:45.726414919,64,25.203125,25.875,26.140625,25.828125,21.75,0.33515625000000004,9859.476875,2308.05359375,2484.7771875,2613.25140625,2453.394375,0.98265625,0.12265625000000002,0.8832114614881401,0.10265625000000003,49.07390624999999,45.38625,0.0044390625,120.8693228149414,191.89461181640627,69.94140625,43.865885416666664,216.31974029541016,93.49707839965819,122.82266204833984,23.47706832885742,23.358920440673828,23.306239318847656,23.35484924316406,30.740038757324218,30.655869445800782,30.607634124755858,30.819119415283204,1.3060158491134644,0.35633552074432373,0.33305680751800537,0.255309522151947,0.36131399869918823,12.211669921875,6.1103515625,2.0230712890625,1.0994873046875,2.978759765625,6.573333333333333,14.173333333333336,17.023333333333333,25.858333333333334,0.0
fio,details,30,70,5,readwrite_random,interleaved,1788218149.4173765,1788218220.1890194,50.999740386,109.835163859,30.60188422144,65.90549172224,50,0.589904608531,0.445664832949,1.1907492512373123,0.4162883158485949,2026-09-01 01:15:49.417376518,2026-09-01 01:17:00.189019442,71,24.87323943661972,25.732394366197184,25.267605633802816,27.47887323943662,21.098591549295776,0.37845070422535215,9194.937605633804,2230.37338028169,2204.862394366197,2467.6970422535214,2292.0049295774647,0.9833802816901408,0.10985915492957743,0.8934899043979476,0.10309859154929574,45.76,42.235633802816906,0.004756338028169015,111.60970813160209,180.17309790382924,65.60915492957747,40.436619718309856,199.94298938160208,86.17217319542254,113.77081522337147,21.590872716769372,21.472362318441906,21.520503686179573,21.58843488666373,28.32647694762324,28.45582443882043,28.075625825264087,28.91288911201585,1.3067317417689732,0.35641566685267856,0.33313151768275673,0.25567943028041296,0.36151199340820317,12.170870535714286,6.070479910714286,2.0268973214285713,1.1308035714285714,2.942689732142857,7.423880597014926,14.517910447761192,17.07164179104478,24.801492537313433,0.0
fio,details,30,70,1,readwrite_random,numabalancing,1788218223.5607696,1788218290.01647,45.396461005,102.98738909,30.2653161472,68.66283661084445,45,0.524515226176,0.443757466581,1.1888329180774924,0.4413480813522938,2026-09-01 01:17:03.560769558,2026-09-01 01:18:10.016469955,66,25.606060606060606,30.575757575757574,25.87878787878788,22.424242424242426,23.0,0.3228787878787879,9215.677727272727,2574.698484848485,2309.0596969696967,2034.5089393939393,2297.410757575758,0.9822727272727271,0.1187878787878788,0.7901930852744745,0.11045454545454546,43.956515151515156,40.42666666666666,0.00420909090909091,112.069990234375,181.80261408025567,66.17929292929294,40.62373737373738,201.89154962713067,87.01435088186551,114.87719918915721,29.331122011126894,15.595891631155302,22.416447531960227,19.670889707623104,38.46775124289772,20.299667672821965,30.120629438920457,25.989152018229166,1.3099271600896663,0.4587100635875355,0.2566720789129084,0.2623689824884588,0.3321833177046342,12.213127367424242,5.444010416666667,1.5562263257575757,0.7168560606060606,4.4960345643939394,7.293548387096774,14.140322580645162,16.843548387096778,25.66774193548387,0.0
fio,details,30,70,2,readwrite_random,numabalancing,1788218293.735628,1788218364.1311882,50.359395321,104.3682437,30.83433833534694,63.90531460702041,49,0.517398848055,0.425376600575,1.0535103235415957,0.4172535030301929,2026-09-01 01:18:13.735627890,2026-09-01 01:19:24.131188154,70,25.771428571428572,27.685714285714287,25.87142857142857,23.085714285714285,26.185714285714287,0.32542857142857146,8881.279571428571,2434.683,2053.7574285714286,2066.537857142857,2326.300714285715,0.983,0.1161428571428571,0.8435420252129039,0.09871428571428574,48.095,44.601285714285716,0.004719999999999999,105.98247140066964,175.34035044642857,63.85238095238095,38.41309523809523,191.68283872767856,84.17552385602679,107.50731626674107,30.540615234374997,20.521655133928572,9.880000279017855,23.233252790178568,39.387269531250006,26.147712890625005,12.261885044642858,29.710447963169646,1.3093495505196708,0.4850543430873326,0.32213162013462615,0.12026394435337612,0.3818996429443359,12.19771205357143,5.902232142857143,3.3234375,0.7190848214285714,2.2529575892857143,6.544615384615384,14.213846153846154,15.335384615384614,26.695384615384615,0.0
fio,details,30,70,3,readwrite_random,numabalancing,1788218367.755269,1788218433.2791348,38.492427664,87.242739985,25.662473830400003,58.16570411235555,45,0.431414519488,0.3739630490119999,1.1545836315574531,0.4404039597797051,2026-09-01 01:19:27.755269051,2026-09-01 01:20:33.279134750,66,27.545454545454547,32.92424242424242,19.21212121212121,24.03030303030303,25.53030303030303,0.27969696969696967,8018.458636363636,2446.9545454545455,1594.894696969697,1865.4116666666666,2111.19803030303,0.9834848484848484,0.12454545454545456,0.65178762716797,0.10333333333333333,39.81393939393941,36.47666666666667,0.004395454545454544,93.87667909564395,159.22460656368372,57.89646464646464,33.92171717171717,172.52963304924242,75.56817915482954,96.96145389441287,32.10331158262311,6.318965583570074,22.628131806344697,14.517768850615532,41.133114938446965,7.976022431344697,29.496717122395836,18.355601029829543,1.3132820129394531,0.5478777371920072,0.16527692354642426,0.30571946364182695,0.2944078885591947,12.190625,5.777403846153846,1.2734375,2.9835336538461537,2.15625,6.63728813559322,15.246666666666666,16.26,27.10166666666667,0.0
fio,details,30,70,4,readwrite_random,numabalancing,1788218436.9715328,1788218505.187684,37.102313149,79.54200018,23.683906363914893,50.774874242723406,47,0.493488945342,0.397013674225,1.370540528096876,0.5131948088233086,2026-09-01 01:20:36.971532822,2026-09-01 01:21:45.187684059,68,27.044117647058822,26.014705882352942,29.705882352941178,18.705882352941178,28.970588235294116,0.3108823529411765,7178.579852941177,1940.7179411764703,1851.371470588235,1346.4226470588235,2040.0669117647058,0.9851470588235294,0.11514705882352941,0.659989453921458,0.10852941176470589,36.70485294117648,33.45132352941176,0.004539705882352941,83.77316837086398,144.33117072610295,52.49142156862745,30.273284313725494,152.6977748736213,66.72018913717831,85.97758544921875,29.329028751148904,11.314089786305146,4.528660816865808,21.54841021369485,38.65169735179228,14.026446748621325,5.757643612132354,27.541797736672798,1.3056338815128101,0.5592866224401137,0.24608269859762752,0.0728165121639476,0.427398401148179,12.156364889705882,8.302734375,1.3340992647058822,0.359375,2.160098805147059,7.988888888888889,12.561904761904763,17.37460317460317,26.166666666666668,0.0
fio,details,30,70,5,readwrite_random,numabalancing,1788218508.4965088,1788218575.15846,40.613480611,95.920743314,26.48881837634783,62.561176976695656,46,0.484496601295,0.407970869993,1.2270118845715965,0.4358867465625878,2026-09-01 01:21:48.496508837,2026-09-01 01:22:55.158459902,66,27.757575757575758,35.59090909090909,26.924242424242426,18.318181818181817,21.893939393939394,0.2686363636363636,8332.54303030303,2681.99,2033.9074242424244,1701.1177272727273,1915.5277272727276,0.9856060606060606,0.12666666666666665,0.6342744481794218,0.10469696969696972,38.65424242424242,35.55757575757576,0.003983333333333333,99.6157873165246,166.78428518584278,60.695707070707066,36.063131313131315,183.56021055279362,79.17778290719696,104.38242690577651,32.551826763731064,12.412620146780304,12.091458629261364,22.121878107244317,42.080837328361746,16.02919182054924,16.15274132930871,30.11965642755682,1.3072547912597656,0.5313112085515802,0.23370199492483426,0.15555786364006272,0.3866837241432884,12.200106534090908,8.272549715909092,1.281131628787879,0.4170809659090909,2.2293442234848486,6.722950819672132,13.247540983606557,17.12786885245902,26.681967213114753,0.0
fio,details,20,80,1,readwrite_random,default,1788218578.7545457,1788218663.204821,30.293653106,108.777585588,14.426029949968257,51.802303536761904,63,0.139165943258,0.124042973239,0.4727929576787787,0.1169734117541073,2026-09-01 01:22:58.754545689,2026-09-01 01:24:23.204821110,84,30.0,37.535714285714285,20.38095238095238,23.511904761904763,22.642857142857142,0.24107142857142852,6574.19642857143,2210.325952380952,1345.1864285714287,1481.2077380952383,1537.4757142857143,0.9878571428571428,0.11107142857142857,0.608591880813959,0.28011904761904755,22.603452380952383,20.05690476190476,0.0026369047619047617,74.76073300316222,131.2994304547991,47.706349206349216,26.95238095238096,141.77475237165177,58.9806158156622,82.79413550967263,30.020253092447927,5.044635067894346,7.787318405877975,16.12840983072917,41.53655947730655,7.145558151971725,10.921387997581846,23.1906293015253,1.3144673847016832,0.639084952218192,0.1711516153244745,0.132598150344122,0.3716441109066918,12.179501488095237,8.390438988095237,1.2734375,0.359375,2.15625,6.316883116883116,10.193506493506494,13.080519480519479,34.59090909090909,0.0
fio,details,20,80,2,readwrite_random,default,1788218666.8740509,1788218734.684622,32.27353876,123.962681254,20.600817794723405,79.13039070229787,47,0.482902814556,0.450437604216,1.5402635611944278,0.372174835414804,2026-09-01 01:24:26.874050856,2026-09-01 01:25:34.684622049,68,25.147058823529413,25.720588235294116,23.058823529411764,27.779411764705884,26.147058823529413,0.34500000000000003,9311.466323529412,2222.381323529411,2059.1997058823526,2507.6442647058825,2522.24,0.9817647058823528,0.1186764705882353,0.816417036397152,0.21426470588235294,29.634705882352947,26.427794117647057,0.002536764705882353,118.30708323759191,185.1288712086397,67.43627450980394,42.92401960784313,211.7258791934743,86.30372084673714,125.42215992647058,18.072920927159927,24.912167394301473,22.030496467141546,21.288136776194854,25.718368566176466,36.98782025505514,31.9002742991728,30.81569565716912,1.303297982287051,0.3274677902904909,0.3735176769655142,0.25733042475002915,0.3449894349966476,12.159923041044776,5.432777518656716,4.210820895522388,0.36007462686567165,2.15625,7.073015873015873,9.758064516129032,17.63809523809524,29.52539682539683,0.0
fio,details,20,80,3,readwrite_random,default,1788218738.387576,1788218819.8704965,33.478314609,124.625298746,16.465293714885245,61.29521660642623,61,0.152315646202,0.109756094726,0.4671059546636192,0.0902438623263225,2026-09-01 01:25:38.387576103,2026-09-01 01:26:59.870496511,82,28.036585365853657,33.707317073170735,23.926829268292682,24.75609756097561,21.865853658536587,0.27451219512195124,7522.72,2185.1059756097557,1842.2358536585366,1859.3759756097563,1636.0034146341463,0.9854878048780488,0.11390243902439025,0.7487066681869369,0.13439024390243906,26.87792682926829,24.13219512195122,0.003008536585365854,89.99171910727897,151.75181164253047,55.14634146341462,32.53861788617886,166.9207021722561,69.34936690167683,97.57133431783538,31.043884813262196,19.20138231230945,17.218130359184453,1.8859697741996952,43.34884932355183,27.466444359756093,24.25636897389482,2.499671660632622,1.3122260953173224,0.5757451469515577,0.35705109584478684,0.2505357059431665,0.12889414657781154,12.182388117283951,8.057822145061728,1.2734375,0.6948784722222222,2.15625,5.581333333333333,10.138666666666666,12.885333333333334,32.68000000000001,0.0
fio,details,20,80,4,readwrite_random,default,1788218823.06819,1788218905.3252864,28.039195237,102.79881008,13.79022780852459,50.56016229560656,61,0.163212705259,0.152379842267,0.5962535562233695,0.151853474598629,2026-09-01 01:27:03.068190098,2026-09-01 01:28:25.325286388,82,30.963414634146343,38.18292682926829,21.98780487804878,22.658536585365855,22.195121951219512,0.23524390243902435,6420.604390243903,2228.5743902439026,1419.164024390244,1317.0652439024389,1455.8010975609757,0.9857317073170732,0.11158536585365854,0.5909900291721,0.12548780487804884,23.335731707317073,20.725975609756098,0.0030939024390243906,71.71346512957318,128.01493283155492,46.43292682926829,25.8099593495935,137.19941561070883,58.36773651867377,78.83167813929116,32.74656500095274,17.752346727324696,1.1582888719512194,6.7105366330030485,43.62853313166921,24.712032798208842,1.5239172065548783,8.967194288300306,1.307245952327077,0.6861572730831984,0.38447905749809447,0.02723907842868712,0.20933058203720464,12.179830411585366,8.386909298780488,1.277296112804878,0.359375,2.15625,5.353333333333333,10.625333333333334,11.979999999999999,33.79333333333333,0.0
fio,details,20,80,5,readwrite_random,default,1788218908.7115464,1788218977.737719,32.398675194,119.003626395,20.250521941333332,74.38222498133332,48,0.569482716115,0.441948185191,1.809416033966624,0.3816853688679166,2026-09-01 01:28:28.711546421,2026-09-01 01:29:37.737719059,69,25.869565217391305,28.869565217391305,24.08695652173913,24.73913043478261,24.652173913043477,0.3395652173913043,9068.96304347826,2359.117101449275,2128.279710144928,2244.0044927536237,2337.5613043478256,0.9827536231884056,0.11652173913043477,0.9021509397890689,0.11130434782608696,34.06101449275363,30.948550724637684,0.0032826086956521737,112.44916369451994,179.77697265624997,65.48188405797102,40.770531400966185,202.9372845901268,84.57830955615944,118.35897460937498,28.38593933990036,15.55901310575181,22.090899145153983,18.54245626698369,39.54832852128623,21.660938632246378,31.188417402626815,25.961291043931155,1.305217134779778,0.45817433232846466,0.26543326999830164,0.2636749709861866,0.3179345614668252,12.211050724637682,8.359544836956522,1.30078125,0.359375,2.191349637681159,6.871666666666666,10.7359375,17.0328125,29.2453125,0.0
fio,details,20,80,1,readwrite_random,interleaved,1788218981.4087908,1788219049.74652,34.024176248,127.661584007,21.719007144851066,81.49154985940424,47,0.5123164674540001,0.453131905753,1.5434383956505435,0.3635273682907167,2026-09-01 01:29:41.408790827,2026-09-01 01:30:49.746520042,69,25.07246376811594,26.52173913043478,24.797101449275363,24.115942028985508,24.10144927536232,0.3630434782608695,9705.69043478261,2354.0365217391304,2358.5355072463767,2560.3481159420294,2432.7694202898556,0.9827536231884056,0.11623188405797101,0.9194204909409396,0.11405797101449278,35.515072463768114,32.24217391304347,0.003143478260869566,121.08057560575182,189.17939651268117,68.8888888888889,43.921497584541065,216.72850769927538,89.83963555819746,126.88887185801629,22.522182971014495,22.443050554800724,22.383653617527173,22.490747707201088,31.726844287817023,31.72345037930254,31.770861356431165,31.66771484375,1.2923857647439707,0.354373876599298,0.3333105004352072,0.25449819150178327,0.35013353651848395,12.165874094202898,6.055932971014493,2.1130548007246377,1.1096014492753623,2.8872848731884058,6.8875,10.2703125,17.0328125,29.621875,0.0
fio,details,20,80,2,readwrite_random,interleaved,1788219053.4063516,1788219125.8825448,33.624120932,123.987417074,19.779553962666668,72.94106812737255,51,0.593105655678,0.464272111567,1.813797815490439,0.3843745432353744,2026-09-01 01:30:53.406351566,2026-09-01 01:32:05.882544756,73,25.15068493150685,27.17808219178082,23.602739726027398,21.19178082191781,27.80821917808219,0.3934246575342466,8773.217534246574,2169.798493150685,2187.1635616438357,1945.630684931507,2470.6250684931506,0.984794520547945,0.10671232876712329,0.7875054413327713,0.12328767123287673,31.5641095890411,28.358219178082194,0.003347945205479452,109.18521698416097,174.79110458583048,63.6472602739726,39.56506849315068,195.73098846853597,80.85174497003425,114.87924363227744,20.23295135916096,20.166437687285963,20.165522260273974,20.28683366331336,28.50536948844178,28.691132678724312,29.236058165667806,28.44668249678938,1.2895496316152077,0.35367756673734485,0.3328010872618793,0.25374263606659353,0.3492980852518996,12.131314212328768,6.056506849315069,2.048212756849315,1.142925941780822,2.8836686643835616,6.1828125,10.961764705882354,17.855882352941176,28.135294117647057,0.0
fio,details,20,80,3,readwrite_random,interleaved,1788219129.510316,1788219197.3836937,33.789141087,123.53465649,21.568255782127657,78.85716519217021,47,0.587133108686,0.431890563178,1.792375111700219,0.3586442033885638,2026-09-01 01:32:09.510315894,2026-09-01 01:33:17.383693695,68,24.941176470588236,24.176470588235293,25.41176470588235,26.75,23.691176470588236,0.35441176470588226,9477.714264705883,2049.331911764706,2395.431764705882,2521.2279411764707,2511.7233823529414,0.9841176470588235,0.11691176470588234,0.8128308743113621,0.14661764705882352,30.322352941176465,26.994117647058825,0.003048529411764706,120.01728932100184,187.34622946346505,68.25122549019608,43.563725490196084,215.04813189338233,87.99026036879594,127.05787281709557,21.98571964039522,21.99869442210478,21.988916015625,22.01693072150735,32.08238295611212,31.695915958180155,31.51290656594668,31.766667624080885,1.302459716796875,0.35692882537841797,0.33591074102065144,0.2569765203139361,0.3526506984935087,12.173770680147058,6.052676930147059,2.0623851102941178,1.155618106617647,2.9030905330882355,6.465624999999999,11.626562499999999,17.725,28.2515625,0.0
fio,details,20,80,4,readwrite_random,interleaved,1788219201.0539072,1788219273.6703544,32.98224861,126.56374278,19.02885462646154,73.02484566646153,52,0.5464324786189999,0.49028616871,1.703929504137825,0.3979523921953378,2026-09-01 01:33:21.053907156,2026-09-01 01:34:33.670354366,72,25.069444444444443,23.47222222222222,23.73611111111111,24.319444444444443,27.36111111111111,0.3926388888888889,9084.484027777777,2068.8111111111116,2223.315555555556,2237.6263888888884,2554.7319444444447,0.9847222222222223,0.10847222222222223,0.8097957657005764,0.11319444444444447,32.20166666666667,29.03388888888889,0.003072222222222222,113.93332004123265,180.09914577907986,65.57175925925925,41.324074074074076,204.2365471733941,84.36388793945312,119.87265936957465,21.140203857421874,21.06645222981771,21.06847384982639,21.088758951822918,30.236435004340276,29.962365858289925,30.06823228624132,29.605627170138884,1.2984395484401756,0.35576305650684936,0.33483243968388804,0.25622741490194245,0.3516166373474957,12.121521832191782,6.073683647260274,2.0234375,1.0727204623287672,2.95168022260274,5.380882352941177,11.11176470588235,17.730882352941176,28.5764705882353,0.0
fio,details,20,80,5,readwrite_random,interleaved,1788219277.3531497,1788219341.348862,31.731485498,121.321538077,22.13898363832558,84.6485764048372,43,0.51298027154,0.412123397254,1.6736895374358929,0.3488823478710474,2026-09-01 01:34:37.353149652,2026-09-01 01:35:41.348861933,64,24.90625,28.015625,21.484375,27.84375,22.78125,0.306875,9695.1628125,2473.76890625,2241.67859375,2580.18953125,2399.526875,0.98375,0.12609375,0.8688038481669194,0.21000000000000002,29.4384375,26.15265625,0.0024328125,123.37653945922852,190.9824819946289,69.59114583333333,44.802083333333336,221.10936904907226,89.69925308227539,131.41011581420898,22.528645782470704,22.331207580566407,22.382337188720705,22.45706268310547,32.67338531494141,33.30911834716797,32.31921966552734,33.1083903503418,1.3043369111560639,0.35761963375031003,0.3365384661962115,0.25727692861405627,0.3529171413845486,12.193266369047619,6.052951388888889,2.0988343253968256,1.1496775793650793,2.8918030753968256,6.254237288135593,10.445762711864408,19.171186440677964,28.594915254237286,0.0
fio,details,20,80,1,readwrite_random,numabalancing,1788219345.004992,1788219429.18865,18.686264241,74.543078743,8.898517674666666,35.50025383415873,63,0.087460252863,0.109287360115,0.479703876208045,0.1503348643868553,2026-09-01 01:35:45.004992008,2026-09-01 01:37:09.188649893,84,45.357142857142854,51.023809523809526,20.047619047619047,27.88095238095238,19.154761904761905,0.1801190476190476,4506.581547619048,1996.1778571428572,854.8642857142858,862.7580952380949,792.7807142857143,0.9888095238095238,0.10714285714285714,0.3971493378953851,0.18619047619047618,14.990119047619048,12.658333333333335,0.0026428571428571425,40.79454485212054,79.69106817336309,28.719246031746028,14.463293650793647,92.9558197312128,40.20174188523065,52.75407842726933,32.620082310267854,6.408112211681547,0.34562965029761905,0.8279179454985119,42.12332600911458,9.088209984188989,0.43383079892113097,1.1087110537574405,1.3115259806315105,0.9363077254522415,0.23660069420224145,0.016411009288969495,0.12220655168805802,12.181780133928571,8.392717633928571,1.2734375,0.359375,2.15625,5.867999999999999,11.712,13.246666666666664,36.05733333333334,0.0
fio,details,20,80,2,readwrite_random,numabalancing,1788219432.4318,1788219504.3789833,24.849748969,95.879984141,14.618473893647058,56.40375067105882,51,0.3798466680949999,0.334329786228,1.5795492543746152,0.3585766811155303,2026-09-01 01:37:12.431799889,2026-09-01 01:38:24.378983259,72,26.72222222222222,26.77777777777778,24.125,30.52777777777778,26.958333333333332,0.2598611111111111,6984.553333333333,1415.5216666666665,1726.0377777777778,1971.5952777777775,1871.3990277777775,0.9874999999999999,0.11805555555555555,0.7179575253710934,0.18583333333333332,22.055972222222223,19.147083333333335,0.0026569444444444444,83.44744222005208,140.43657999674483,51.024305555555564,30.136574074074076,152.42866360134548,62.705723470052085,89.72294175889756,1.2164450412326389,27.59619873046875,27.803787299262154,6.089293755425348,1.0626464843749999,40.7496504720052,39.61550916883681,8.295134277343749,1.306446393330892,0.14154831568400064,0.5240859985351562,0.44785324732462567,0.19296550750732422,12.187554253472221,5.453993055555555,4.214138454861111,0.3631727430555556,2.15625,6.14,10.586153846153849,16.53384615384616,31.6,0.0
fio,details,20,80,3,readwrite_random,numabalancing,1788219508.0690842,1788219577.8469915,28.405362974,105.853165953,17.39161825697959,64.81454159412245,49,0.4256571124609999,0.3265599505529999,1.5438252801851222,0.3170925808715368,2026-09-01 01:38:28.069084167,2026-09-01 01:39:37.846991539,69,28.63768115942029,14.869565217391305,30.72463768115942,30.08695652173913,28.217391304347824,0.27550724637681157,7963.953333333334,1212.9591304347825,2270.297536231884,2267.5388405797103,2213.1589855072466,0.9853623188405798,0.12130434782608694,0.5342732003524022,0.12260869565217397,28.60101449275362,25.47811594202899,0.003040579710144927,92.72876273777173,151.40214051177537,55.04106280193236,33.55434782608696,172.9739833842844,72.5564304517663,100.41755321557972,4.120755208333334,27.494857761548914,15.884538892663043,25.05627887228261,5.0323433254076075,38.41986526268116,21.72242102581522,35.24292374320653,1.298832266671317,0.17513220650809153,0.46256708417619974,0.21641551426478794,0.44473119463239397,12.153738839285714,5.447712053571428,4.190401785714286,0.359375,2.15625,6.8317460317460315,10.77142857142857,17.25625,29.926562500000003,0.0
fio,details,20,80,4,readwrite_random,numabalancing,1788219581.5764973,1788219664.1884933,20.270627393,75.359438902,9.80902198503226,36.466675579870966,62,0.16088400467,0.120998622972,0.8144829542518476,0.1646022834307329,2026-09-01 01:39:41.576497316,2026-09-01 01:41:04.188493252,83,44.31325301204819,50.27710843373494,20.96385542168675,51.40963855421687,19.518072289156628,0.18542168674698792,4661.99626506024,2011.2392771084335,930.2415662650603,742.9483132530121,977.5669879518072,0.99,0.10891566265060242,0.36939827185612234,0.15469879518072294,16.11927710843373,13.849397590361447,0.002878313253012048,42.92984010259789,82.78645496046688,29.8785140562249,15.27008032128514,96.66473832831325,42.01880859375,54.64592973456325,33.61790768542921,4.540663944841866,0.11480974679969881,3.745426275414157,43.063019225338856,6.317049957643071,0.11122505647590364,5.154637024661145,1.3179853951058735,0.930346140047399,0.18994112712580982,0.011275454265315357,0.18642272018804784,12.212890625,8.423828125,1.2734375,0.359375,2.15625,6.0200000000000005,11.151999999999997,14.314666666666666,35.748,0.0
fio,details,20,80,5,readwrite_random,numabalancing,1788219667.6751451,1788219736.7609203,28.469979043,103.398617687,17.794330026666668,64.62844433066667,48,0.4319205213879999,0.35220742079,1.5611681461614348,0.3494097835319305,2026-09-01 01:41:07.675145149,2026-09-01 01:42:16.760920286,69,28.797101449275363,27.52173913043478,29.10144927536232,31.0,21.420289855072465,0.2769565217391305,7714.22724637681,1937.7188405797099,2123.5679710144923,2224.690144927536,1428.2511594202902,0.9839130434782609,0.12000000000000002,0.6420000388264461,0.14942028985507244,27.507971014492753,24.46231884057971,0.002918840579710145,91.93255647078806,149.47566561933877,54.338164251207736,33.264492753623195,171.02360889379534,71.06076737998188,99.96284236299817,25.095632218070655,17.79926545516304,27.185472712862317,0.9803974184782606,35.769840494791666,24.798410326086962,38.16191590240037,1.2326754981884056,1.312651129329906,0.47856824538286996,0.3310986126170439,0.386600326089298,0.11638394524069394,12.226677389705882,8.282513786764707,1.3359375,0.45197610294117646,2.15625,6.745312500000001,10.251562499999999,18.0046875,29.621874999999996,0.0
fio,details,10,90,1,readwrite_random,default,1788219740.4055452,1788219818.0259342,16.494683747,140.588447053,8.681701879017544,74.0013188940351,57,0.333412456453,0.268278537054,2.070532558259217,0.194829307751074,2026-09-01 01:42:20.405545235,2026-09-01 01:43:38.025934219,77,26.727272727272727,31.051948051948052,23.844155844155843,22.792207792207794,24.5974025974026,0.28740259740259744,8159.342597402598,2287.276363636364,1900.7822077922078,1941.4059740259738,2029.8790909090912,0.9864935064935064,0.11545454545454543,0.8310242863570282,0.19740259740259744,15.306623376623381,12.771038961038963,0.0015207792207792207,102.82514280641233,166.10903092025163,60.409090909090914,37.23268398268399,187.62796646712664,74.23863826603085,113.38932870840094,28.77431234780844,12.52916383421266,9.141698584618506,23.79346223112824,43.4245604200487,19.026030590503247,13.811880073051949,37.12685762479708,1.3093503481381898,0.5135541643415178,0.2483789518282011,0.12658978747082994,0.4208336867295302,12.181919642857142,8.084415584415584,1.2734375,0.359375,2.4646915584415585,5.647222222222222,6.694444444444445,15.405555555555557,35.412499999999994,0.0
fio,details,10,90,2,readwrite_random,default,1788219821.4568236,1788219891.163244,13.818480141,124.793331542,8.460575973877551,76.40917414138775,49,0.3888321188049999,0.434434606696,2.903119370874895,0.3578663608180421,2026-09-01 01:43:41.456823587,2026-09-01 01:44:51.163244009,69,25.753623188405797,24.681159420289855,23.797101449275363,29.28985507246377,25.318840579710145,0.2957971014492753,8255.817826086955,1869.8804347826087,1906.0753623188402,2341.275797101449,2138.5865217391306,0.983768115942029,0.11826086956521739,0.7986587642077717,0.3340579710144927,13.477971014492756,10.769999999999998,0.0012608695652173915,105.72357025588768,168.436414600317,61.31521739130435,38.27415458937199,191.03687018795284,74.83663991734602,116.20023012907609,25.8485936084692,12.37921917459239,26.633349326313404,9.975478374094202,40.90767309216485,19.116430451766306,41.20397984601449,14.972145465353266,1.3058317433232847,0.47075061521668365,0.24456715238267096,0.3607161148734715,0.22981875875721808,12.187952898550725,8.398890398550725,1.2734375,0.359375,2.15625,5.038461538461539,6.340000000000001,18.798461538461538,32.12307692307692,0.0
fio,details,10,90,3,readwrite_random,default,1788219894.8318503,1788219977.290111,15.279903205,134.783038799,7.514956984655738,66.2933690670164,61,0.123071068987,0.129439373144,0.8288391482979379,0.0984903434038199,2026-09-01 01:44:54.831850290,2026-09-01 01:46:17.290111065,82,27.48780487804878,33.86585365853659,22.134146341463413,23.451219512195124,22.21951219512195,0.26231707317073166,7190.840243902439,2157.6095121951216,1630.2882926829266,1715.2701219512194,1687.6724390243908,0.9853658536585366,0.1121951219512195,0.7555993257669198,0.2336585365853658,13.561219512195121,11.129634146341463,0.0014731707317073171,89.6406386956936,150.48882074123478,54.7540650406504,32.396341463414636,165.76708245998475,65.7881875238186,99.97889481707317,28.409584484565553,13.859440382050307,14.826795803163106,8.692367568597561,42.66571253334603,21.39335211032774,22.851625738376526,13.068204077743905,1.310825906148771,0.5627100874737996,0.2922843840064072,0.22804036954554116,0.22779106512302305,12.178972942073171,8.214129192073171,1.44921875,0.359375,2.15625,5.215789473684211,6.411842105263158,13.593421052631578,37.25394736842105,0.0
fio,details,10,90,4,readwrite_random,default,1788219980.5689638,1788220055.2031786,16.31821416,136.406949757,9.066278912,75.78669086340742,54,0.443089059482,0.362878104338,2.7775009838622124,0.2723455254948403,2026-09-01 01:46:20.568963766,2026-09-01 01:47:35.203178644,74,26.2972972972973,31.33783783783784,24.324324324324323,24.14864864864865,22.27027027027027,0.2967567567567567,8406.74608108108,2442.07972972973,1935.0464864864869,2055.120675675676,1974.5004054054054,0.9868918918918919,0.1164864864864865,0.792376458036709,0.15675675675675677,17.986621621621623,15.335405405405405,0.0017635135135135136,106.22183923669765,171.15316063133443,62.26914414414415,38.505630630630634,193.48513249577704,77.2187890625,116.26634184966217,29.19830671980574,14.314127560177363,18.332258630701013,15.374096811655406,43.440589104729725,21.489431350295607,28.01791622677365,23.318404771959457,1.3096977440086572,0.5078458012761297,0.2611739699904983,0.2429326547158731,0.2977583086168444,12.217694256756756,8.41305954391892,1.2734375,0.37109375,2.1601034628378377,5.552173913043477,6.607246376811593,15.537681159420288,35.35507246376812,0.0
fio,details,10,90,5,readwrite_random,default,1788220058.8358872,1788220129.9777842,17.946407745,145.246275033,10.76856250368,87.15357487104,50,0.5376362349349999,0.397379971181,3.072109862058824,0.2799024948191634,2026-09-01 01:47:38.835887194,2026-09-01 01:48:49.977784157,71,25.549295774647888,29.08450704225352,25.830985915492956,24.577464788732396,23.183098591549296,0.31760563380281687,9370.855211267606,2524.6419718309858,2258.0608450704226,2304.5967605633805,2283.554647887324,0.9836619718309859,0.11901408450704225,0.8944083439414475,0.15619718309859157,18.77971830985916,15.97507042253521,0.001669014084507042,119.90726163622358,186.13831494828347,67.79577464788733,43.47769953051644,216.45955229423413,85.7499844575264,130.70956811179576,28.177192726672533,20.14811826034331,18.683628961267605,18.741043546434863,42.50609993948064,30.785409743617954,28.63059886663732,28.78745818661972,1.2982624752420775,0.4515011209837148,0.3138678644744443,0.21860509523203675,0.3142329471212038,12.20428036971831,7.365261883802817,1.5048415492957747,0.6839788732394366,2.652673855633803,5.295454545454546,7.604545454545455,15.593939393939392,34.53939393939394,0.0
fio,details,10,90,1,readwrite_random,interleaved,1788220133.6983678,1788220204.0224285,17.077640213,141.810762096,10.45604661289796,86.83159786057142,49,0.592209957135,0.459243416404,3.5610950827052332,0.3322222623483123,2026-09-01 01:48:53.698367834,2026-09-01 01:50:04.022428513,70,24.97142857142857,26.02857142857143,24.571428571428573,27.257142857142856,21.67142857142857,0.36271428571428577,9424.785428571427,2254.1435714285712,2407.6920000000005,2525.7631428571417,2237.1858571428575,0.9871428571428571,0.11442857142857142,0.8857464974376632,0.1682857142857143,17.668714285714284,14.823285714285712,0.0017114285714285714,122.17422795758928,187.51816322544644,68.29285714285714,44.35952380952381,218.78356333705355,86.01092815290181,132.77263504464287,21.551439592633926,21.419393415178575,21.526364536830357,21.51373186383928,33.15892452566965,33.03185560825893,32.99809123883929,33.58376576450894,1.3016886574881417,0.3566639491489956,0.33554153442382817,0.25701604570661274,0.3524806976318359,12.170424107142857,6.101004464285714,1.9880022321428572,1.0703683035714286,3.0109933035714285,5.463636363636364,7.263636363636365,18.254545454545458,32.307575757575755,0.0
fio,details,10,90,2,readwrite_random,interleaved,1788220207.4473424,1788220271.2536812,15.595988361,132.76149734,10.881284810418604,92.63665037693023,43,0.506539268624,0.408741665814,3.358476543362084,0.3165110375381805,2026-09-01 01:50:07.447342396,2026-09-01 01:51:11.253681182,64,25.375,30.921875,27.84375,23.203125,17.65625,0.3040625,9320.685625,2438.5621875,2457.224375,2344.3437499999995,2080.555,0.9823437500000001,0.125,0.8467094096769247,0.22000000000000003,17.327031249999997,14.395625,0.0014249999999999998,122.43069824218749,186.9378704833984,68.13411458333333,44.44140625,219.32184494018554,85.92011856079102,133.40172607421874,21.516695861816405,21.488278808593748,21.468006134033203,21.447136993408204,32.87828704833984,32.864041290283204,33.54299026489258,34.1164079284668,1.302239009312221,0.3570734054323227,0.33592109074668275,0.25681734841967385,0.3524269830612909,12.189794146825397,6.072296626984127,1.9598214285714286,1.1655505952380953,2.992001488095238,5.983050847457627,6.594915254237288,20.330508474576273,30.850847457627115,0.0
fio,details,10,90,3,readwrite_random,interleaved,1788220274.8605075,1788220341.36994,16.415254988,139.864166393,10.70595793252174,91.22184174191304,46,0.551178867127,0.4254777248779999,3.448662796667238,0.3118396146462417,2026-09-01 01:51:14.860507488,2026-09-01 01:52:21.369940042,66,24.87878787878788,26.46969696969697,23.727272727272727,26.924242424242426,22.772727272727273,0.32363636363636356,9739.56,2415.401515151515,2375.0256060606057,2517.7893939393934,2431.343787878788,0.9824242424242424,0.12181818181818183,0.9432979627992569,0.1837878787878788,17.170757575757577,14.168181818181816,0.0013984848484848485,126.71791178385416,192.83631170099434,70.26641414141415,45.99747474747475,226.6746542080966,89.07310458096592,137.60154814749052,22.389740471117427,22.243367956912877,22.227972449100378,22.21202562736742,34.432070164535986,34.58266690340909,33.98454012784091,34.60226991595644,1.3006913734204841,0.3571509158972538,0.3354567325476444,0.2560537511652166,0.3520666180234967,12.188742897727273,6.0078716856060606,2.0133167613636362,1.1828243371212122,2.9847301136363638,5.822580645161291,6.769354838709678,19.14354838709678,31.999999999999996,0.0
fio,details,10,90,4,readwrite_random,interleaved,1788220345.0125003,1788220414.2332308,16.113690213,135.89013437,10.071392085333336,84.93982711466667,48,0.604603001993,0.469467476239,3.867194659071525,0.3553831153864616,2026-09-01 01:52:25.012500286,2026-09-01 01:53:34.233230829,69,24.840579710144926,21.71014492753623,24.434782608695652,26.28985507246377,27.492753623188406,0.3611594202898551,9021.351739130434,1894.8989855072464,2232.4468115942022,2432.474492753623,2461.5305797101446,0.9846376811594203,0.11333333333333331,0.7698051777729199,0.23043478260869568,16.249565217391304,13.29985507246377,0.001501449275362319,116.85789416326993,180.78156759510873,65.84661835748791,42.35990338164252,209.3652387624547,81.97494055706522,127.39029848845108,20.499009709012682,20.433559358016304,20.50832866281703,20.534042119565218,32.67596665534422,31.823468919836955,31.517759709012683,31.373102213541664,1.3021434839221016,0.35760509103968524,0.3363911725472713,0.2570589037909024,0.3511118681534477,12.151098278985508,6.066519474637682,1.9534080615942029,1.2132586050724639,2.917912137681159,5.686153846153847,6.687692307692308,19.576923076923077,31.33384615384615,0.0
fio,details,10,90,5,readwrite_random,interleaved,1788220417.6638834,1788220488.1265483,19.355492561,152.739784434,11.850696578612244,93.52038801240816,49,0.5255240237350001,0.393093882924,2.786756741204599,0.2639772281823631,2026-09-01 01:53:37.663883448,2026-09-01 01:54:48.126548290,70,25.085714285714285,24.542857142857144,25.257142857142856,24.557142857142857,25.1,0.33814285714285724,9992.544428571427,2351.375142857143,2462.656571428571,2529.2382857142857,2649.2747142857143,0.984,0.11857142857142855,0.8875542918134522,0.15442857142857144,21.051142857142857,18.08014285714286,0.0017499999999999996,129.28698897879465,196.49966071428574,71.62976190476192,46.95952380952381,231.74982031250002,91.46272433035715,140.28709528459825,22.899198242187502,22.84678501674108,22.819185825892855,22.89755678013393,35.245815150669635,34.99898451450892,34.98841587611607,35.053879603794655,1.2941220780493508,0.3558189499546105,0.33431716704032793,0.25505302321742956,0.34893293783698287,12.16450264084507,6.031635123239437,2.0989766725352115,1.1482174295774648,2.8856734154929575,5.723076923076923,6.923076923076923,17.087692307692308,33.292307692307695,0.0
fio,details,10,90,1,readwrite_random,numabalancing,1788220491.795948,1788220572.0577414,13.02687037,103.499121592,6.6242739807457625,52.63193466359322,59,0.249100672413,0.226839374312,1.9549012764472171,0.2243390408970474,2026-09-01 01:54:51.795948029,2026-09-01 01:56:12.057741404,80,33.275,41.7875,24.0,21.6125,16.0375,0.229875,5928.827375,2181.666875,1353.1162499999998,1338.4523749999998,1055.5915,0.9876250000000001,0.113125,0.4838463250719705,0.190125,12.664625000000001,10.3365,0.00166125,67.33250036621094,119.11875427246093,43.197916666666664,24.238541666666666,132.4562917480469,54.083515502929686,78.37277600097657,30.596943847656252,14.656715820312503,5.15663330078125,3.67322216796875,43.167671997070315,22.055648803710938,7.660730102539063,5.488724975585937,1.3061670780181884,0.6910597324371338,0.3504817962646484,0.09948229789733887,0.1651552677154541,12.1638671875,8.374169921875,1.2734375,0.359375,2.156884765625,5.276712328767123,7.0849315068493155,15.20958904109589,38.01643835616438,0.0
fio,details,10,90,2,readwrite_random,numabalancing,1788220575.6925955,1788220646.439865,15.026759368,111.821496113,9.0166566912,67.09960695808,50,0.481825650054,0.316996813999,3.280473700653743,0.2903523870730658,2026-09-01 01:56:15.692595482,2026-09-01 01:57:26.439865112,71,29.91549295774648,34.54929577464789,16.6056338028169,27.830985915492956,26.91549295774648,0.26436619718309845,7307.753943661972,2296.607746478874,1202.1497183098593,1909.8614084507042,1899.135352112676,0.9819718309859155,0.11943661971830984,0.5234458170547313,0.1621126760563381,16.914788732394367,14.243239436619717,0.0018887323943661972,87.90571110255283,142.26842635893485,51.68309859154929,31.772300469483568,164.97084617077462,66.76092030699823,98.20992600132043,27.767953757702468,1.266868122799296,18.320233824823944,19.405864326584506,40.26912095620599,1.8365970235475353,27.18541359485035,28.918795251980626,1.3042484828404017,0.5376754215785435,0.10578297206333706,0.27324485778808594,0.3875589643205915,12.222321428571428,8.378571428571428,1.2734375,0.359375,2.2109375,6.310769230769231,6.270769230769231,16.50769230769231,35.11384615384615,0.0
fio,details,10,90,3,readwrite_random,numabalancing,1788220649.9948354,1788220730.332803,15.178898149,123.104289309,7.718598343593221,62.60374739742373,59,0.252329363985,0.213595757676,1.711111566308211,0.1775485218349242,2026-09-01 01:57:29.994835377,2026-09-01 01:58:50.332803011,80,28.9,36.0875,22.1625,24.3875,21.6875,0.26149999999999995,7017.049125,2352.2061249999997,1521.01075,1670.0445,1473.787125,0.9873750000000001,0.11425,0.6265552620308733,0.1795,14.251625,11.816875,0.0016587499999999999,84.43851501464844,141.988873046875,51.56354166666667,30.489583333333332,157.4284317626953,62.95375769042969,94.47467419433593,29.35579833984375,19.54290380859375,12.250407348632812,1.8046474609375,42.92182336425781,30.51980908203125,18.45638439941406,2.576659423828125,1.310380506515503,0.5923161983489991,0.39518027305603026,0.19445133209228516,0.1284327030181885,12.1662109375,8.32763671875,1.32294921875,0.359375,2.15625,4.814864864864864,6.940540540540539,15.012162162162161,36.7972972972973,0.0
fio,details,10,90,4,readwrite_random,numabalancing,1788220733.659798,1788220816.7287562,14.649818915,115.370973527,7.088858343225806,55.828386254451615,62,0.146260013468,0.121276831562,1.024434460359952,0.1077379078650808,2026-09-01 01:58:53.659797907,2026-09-01 02:00:16.728756189,83,31.012048192771083,40.66265060240964,22.40963855421687,19.55421686746988,21.3855421686747,0.22710843373493977,6222.94903614458,2222.4919277108434,1380.234578313253,1296.3349397590364,1323.8880722891565,0.9883132530120482,0.11096385542168676,0.5832799316820266,0.18180722891566264,12.703855421686749,10.521686746987953,0.0016481927710843374,73.16943135824549,127.10112645896086,46.14759036144577,26.360441767068277,140.2548975197666,56.68996905591115,83.56492869917169,29.60522613893072,14.471825818900601,10.958154532191264,1.6547620952560238,42.30285003294428,22.14197124435241,16.76377588478915,2.3563320077183736,1.3090135505400509,0.6509632432317158,0.33772190507636013,0.19317001894295935,0.12715838328901544,12.187876506024097,8.364504894578314,1.2734375,0.359375,2.190559111445783,4.701315789473685,6.5355263157894745,14.101315789473682,38.25394736842105,0.0
fio,details,10,90,5,readwrite_random,numabalancing,1788220820.1993074,1788220901.2498112,16.310764273,121.18053734,8.156469521066667,60.59632769706666,60,0.254903852625,0.1846706691329999,1.601096382464291,0.1559493688064153,2026-09-01 02:00:20.199307442,2026-09-01 02:01:41.249811172,77,29.103896103896105,37.467532467532465,18.935064935064936,23.428571428571427,22.77922077922078,0.24480519480519478,6963.956623376623,2383.1566233766234,1360.6327272727276,1625.0902597402599,1595.0757142857144,0.987012987012987,0.1161038961038961,0.5709371821919483,0.15545454545454546,15.309480519480513,12.909610389610389,0.0018038961038961045,83.7450091314935,143.09423675933442,52.00828776486671,30.241341991341994,157.10757875913148,63.75004553064123,93.35753373579544,30.470450345552884,11.545657087053572,15.668764077719155,6.083937576095779,43.59734462640223,17.43799969561688,23.560555626014608,8.79780184659091,1.3162666797637939,0.6157135963439941,0.2662844181060791,0.24814796447753906,0.18613810539245604,12.185009765625,8.395947265625,1.2734375,0.359375,2.15625,5.391891891891893,6.275675675675675,14.222972972972974,38.02567567567567,0.0
fio-repl,details,100,0,1,readwrite_random,repl,1788866528.5000927,1788866583.9641728,306.166483486,0.0,306.19710013440005,0.0,30,0.005187168007,0.0,0.0017330345351007,0.0,2026-09-08 13:22:08.500092745,2026-09-08 13:23:03.964172840,56,86.33928571428571,87.83928571428571,89.5,71.91071428571429,91.73214285714286,0.56875,19571.389464285716,5127.468035714286,5151.760535714287,4258.495,5033.666607142856,0.9616071428571429,0.12071428571428573,0.8266096551806369,0.14732142857142858,322.6876785714286,310.58375000000007,0.013471428571428573,18.35258946010045,54.58455827985491,19.520833333333332,6.354166666666667,272.13387997159094,263.98582386363637,8.14805486505682,68.51204811789772,67.23452752130682,61.395118785511364,66.84412837357955,0.28797674005681817,0.31984339488636365,7.363884232954546,0.17635209517045453,3.72101845060076,0.895855222429548,0.925633294241769,1.0477446828569685,0.8517423357282365,16.957449776785715,4.624581473214286,4.5205078125,4.342843191964286,3.469517299107143,5.0888888888888895,37.198113207547166,11.488888888888892,5.24074074074074,0.0
fio-repl,details,100,0,2,readwrite_random,repl,1788866584.972401,1788866636.5803244,303.658019564,0.0,303.6782634325333,0.0,30,0.003930656391,0.0,0.0013246329953968,0.0,2026-09-08 13:23:04.972400904,2026-09-08 13:23:56.580324411,51,89.3529411764706,93.6470588235294,94.94117647058823,76.15686274509804,94.17647058823529,0.5817647058823529,21292.226862745094,5607.690980392156,5491.853333333333,4639.163921568627,5553.518823529412,0.9866666666666667,0.1315686274509804,0.8272859431430728,0.0788235294117647,353.1468627450981,340.6074509803922,0.014780392156862743,20.808638365502453,60.83532877604166,21.754901960784313,7.057189542483659,285.48675893930283,276.5527666766827,8.933990572415865,72.06934551532451,69.3685079251803,64.25419846754808,70.86071345402644,0.3777728740985577,0.18545748197115383,8.13557861328125,0.23518103966346154,4.059914009243834,0.9854055666456035,1.0031615612553615,1.1339394064510568,0.9373886257994409,17.725260416666668,5.825827205882353,3.742876838235294,4.5145526960784315,3.6420036764705883,4.886000000000001,39.598,9.761999999999999,5.735999999999999,0.0
fio-repl,details,100,0,3,readwrite_random,repl,1788866637.5258212,1788866689.0594685,304.655521059,0.0,304.6859866112,0.0,30,0.005449288661,0.0,0.0018303467916647,0.0,2026-09-08 13:23:57.525821208,2026-09-08 13:24:49.059468508,52,88.67307692307692,92.98076923076923,93.51923076923077,77.28846153846153,93.34615384615384,0.5842307692307691,21134.70557692308,5614.184038461537,5519.565192307694,4551.508461538461,5449.446730769231,0.986153846153846,0.13019230769230772,0.8107159349171812,0.0842307692307692,350.12807692307695,337.57807692307694,0.01465576923076923,19.576173001802882,57.83840238131009,20.72275641025641,6.602564102564103,294.9696359911151,285.41511450674017,9.554522250306372,74.77244255514707,72.17126799938727,66.00470664828431,72.46669634650735,0.29020105698529414,0.269995787377451,8.818469669117647,0.17585554534313722,3.991609720083383,0.9648264371431791,0.9969231532170223,1.1127799841073844,0.9171448487501879,17.642728365384617,4.7930438701923075,4.738807091346154,4.494591346153846,3.6162860576923075,4.816,39.924,9.468,5.616000000000001,0.0
fio-repl,details,100,0,4,readwrite_random,repl,1788866690.000452,1788866741.5046413,302.343606262,0.0,302.37384062293336,0.0,30,0.004414144281,0.0,0.0014936274474532,0.0,2026-09-08 13:24:50.000452042,2026-09-08 13:25:41.504641294,51,89.62745098039215,93.6470588235294,95.3529411764706,76.72549019607843,94.23529411764706,0.5798039215686275,21285.287254901963,5629.011764705882,5527.240784313726,4639.834509803922,5489.199019607842,0.9876470588235293,0.13215686274509808,0.824271595752537,0.07431372549019606,353.72784313725487,340.9698039215686,0.014856862745098037,20.086605009191175,58.902045036764704,21.1062091503268,6.995098039215687,286.48715763972353,277.5734314903846,8.913727088341346,72.9767626953125,69.30929030198318,64.72399076021635,70.56338773287258,0.31166616586538454,0.17689885066105773,8.241995567908655,0.18316650390625,4.0572796241909845,0.9837622549019608,1.005573123109107,1.133965959735945,0.9339594373516008,17.70343137254902,4.802772671568627,3.745481004901961,5.506433823529412,3.6487438725490198,4.896,39.792,9.351999999999999,5.707999999999999,0.0
fio-repl,details,100,0,5,readwrite_random,repl,1788866742.44058,1788866793.9534814,300.540751241,0.0,300.57080531626667,0.0,30,0.0041710404589999,0.0,0.0014196407183356,0.0,2026-09-08 13:25:42.440579891,2026-09-08 13:26:33.953481436,52,88.61538461538461,90.98076923076923,96.1923076923077,74.86538461538461,94.6923076923077,0.5784615384615385,20811.105961538466,5303.982692307693,5485.516730769231,4557.765961538461,5463.839807692309,0.9876923076923079,0.12923076923076923,0.8308726753075326,0.08096153846153846,343.83884615384613,331.81288461538463,0.014632692307692308,20.785768855168268,61.18829157902643,21.99198717948718,7.118589743589742,291.4635627297794,282.23375478707106,9.229805644914215,71.88445235906863,71.7164749923407,65.99575712316177,72.63707069546568,0.23601868872549017,0.3080665977328432,8.484546760110293,0.20117551317401958,4.0819508421654795,0.9689782086540671,1.0286254134832644,1.1351313871495865,0.9492158328785616,17.685814950980394,4.764093137254902,4.778033088235294,4.4989276960784315,3.6447610294117645,4.722448979591838,40.31836734693877,9.238775510204082,6.157142857142858,0.0
fio-repl,details,100,0,1,readwrite_random,unrepl-bound,1788866794.88153,1788866846.4052954,301.247041683,0.0,301.2771663872,0.0,30,0.003598893846,0.0,0.0012221848598853,0.0,2026-09-08 13:26:34.881530046,2026-09-08 13:27:26.405295372,52,88.63461538461539,92.5,92.86538461538461,77.46153846153847,92.9423076923077,0.5846153846153848,20833.021730769233,5460.506346153847,5351.6244230769225,4550.185961538462,5470.7059615384605,0.9821153846153846,0.12865384615384617,0.8317365242307536,0.08749999999999998,346.6132692307693,334.0696153846154,0.01463653846153846,19.291226149338943,57.03150277944711,20.350961538461537,6.560897435897435,289.23555817248774,280.76154641544116,8.4740123314951,72.75967294730393,69.6720205269608,65.64589786305147,72.68395718443628,0.2860646446078432,0.1556590839460784,7.8355533854166675,0.19673617493872553,3.983925012441782,0.9653633557833158,0.9821074559138372,1.1189624346219575,0.9175841991717999,17.65857872596154,4.795673076923077,3.732647235576923,5.4960186298076925,3.6342397836538463,5.0360000000000005,39.474000000000004,9.958,5.626,0.0
fio-repl,details,100,0,2,readwrite_random,unrepl-bound,1788866847.3139038,1788866898.8140695,302.663279191,0.0,302.70363429546666,0.0,30,0.003991027614,0.0,0.0013488859443787,0.0,2026-09-08 13:27:27.313903809,2026-09-08 13:28:18.814069510,51,89.29411764705883,93.01960784313725,94.50980392156863,78.15686274509804,93.49019607843137,0.5819607843137256,21187.356470588235,5622.176862745098,5542.829215686275,4573.702156862744,5448.647843137255,0.9860784313725491,0.13019607843137257,0.8135108995183009,0.07705882352941176,353.758431372549,341.0821568627451,0.014892156862745094,18.853514667585785,55.70122797947305,19.964052287581705,6.450980392156862,284.62486384465143,275.78322021484377,8.841642690805289,72.82094106820912,69.83862454927885,63.61393742487981,69.5097177358774,0.2873185847355769,0.25891094501201917,8.131595365084134,0.16381742037259614,3.9794719402606673,0.9625588930570163,0.9916395774254433,1.1154927473801834,0.9097529924832858,17.62950721153846,4.7762920673076925,4.735201322115385,4.496394230769231,3.6216195913461537,4.893877551020409,39.96122448979592,9.406122448979593,5.342857142857143,0.0
fio-repl,details,100,0,3,readwrite_random,unrepl-bound,1788866899.785347,1788866951.2933626,303.620239623,0.0,303.6404809728,0.0,30,0.004108190387,0.0,0.0013839767110198,0.0,2026-09-08 13:28:19.785346985,2026-09-08 13:29:11.293362617,52,88.65384615384616,92.6923076923077,93.01923076923077,78.09615384615384,93.71153846153847,0.5903846153846153,20983.430576923078,5501.635,5444.0782692307685,4603.069615384616,5434.646346153845,0.9846153846153847,0.12865384615384617,0.836673028178826,0.0844230769230769,348.87192307692317,336.39596153846145,0.014653846153846153,18.688206693209136,55.37102801983173,19.814102564102566,6.405448717948718,291.42689223345593,283.0864313342525,8.34046204810049,74.13389878216911,70.28461837469362,66.03043619791666,72.63747931985293,0.30054036458333333,0.24651884191176468,7.614238664215686,0.17916513480392154,4.066744112500958,0.9843513638365502,1.0093783958285463,1.1342454050101487,0.938750098733341,17.770067401960784,4.8122702205882355,4.784160539215686,4.525965073529412,3.647671568627451,5.086000000000001,39.334,10.452,5.400000000000001,0.0
fio-repl,details,100,0,4,readwrite_random,unrepl-bound,1788866952.2200203,1788867003.80221,301.387449182,0.0,301.427634176,0.0,30,0.00463465422,0.0,0.0015735745760919,0.0,2026-09-08 13:29:12.220020294,2026-09-08 13:30:03.802210093,51,89.43137254901961,93.70588235294117,93.96078431372548,76.90196078431373,94.2156862745098,0.5788235294117647,21098.63549019608,5573.880392156863,5412.0392156862745,4561.0986274509805,5551.617450980393,0.9864705882352942,0.13078431372549018,0.8182986190139653,0.0776470588235294,350.5380392156862,338.3986274509804,0.01479019607843137,19.950688763786765,58.82391678155637,21.073529411764703,6.799019607843138,283.777880483774,274.79738600510814,8.980494666466345,71.7631377704327,68.26074932391826,63.60559983473558,71.16790132962741,0.3886589167668269,0.18074894831730773,8.223541917067308,0.1875450721153846,4.055030747955921,0.9840213551240808,1.0020098218730853,1.1346449010512407,0.9344112171846278,17.690410539215687,5.813036151960785,3.729779411764706,4.499310661764706,3.6482843137254903,4.7700000000000005,39.618,9.564,5.66,0.0
fio-repl,details,100,0,5,readwrite_random,unrepl-bound,1788867004.746733,1788867056.2369914,303.047539282,0.0,303.07784403626664,0.0,30,0.003783125767,0.0,0.0012775502118016,0.0,2026-09-08 13:30:04.746732950,2026-09-08 13:30:56.236991405,52,89.11538461538461,93.90384615384616,92.86538461538461,76.73076923076923,94.03846153846153,0.5851923076923076,20966.260961538468,5563.215192307691,5442.63923076923,4567.320961538461,5393.0859615384625,0.9884615384615384,0.1284615384615385,0.8209858514647678,0.07903846153846154,348.0217307692307,335.9930769230769,0.01467884615384615,19.460723595252407,56.98175349308894,20.408653846153847,6.602564102564102,292.23035424325985,283.25844056372546,8.971912722120098,74.4095609298407,70.99300091911766,65.9799848728554,71.87589250153185,0.3928605621936275,0.17239085477941177,8.230823567708333,0.175835631127451,4.0021311686589165,0.9764482791607196,0.9876009134145883,1.115599045386681,0.9224969423734224,17.64685997596154,5.802584134615385,3.716045673076923,4.495567908653846,3.6326622596153846,4.772,39.86,9.336,5.724,0.0
fio-repl,details,100,0,1,readwrite_random,unrepl-firsttouch,1788867057.2233238,1788867108.5683012,249.285548353,0.0,249.3270959445333,0.0,30,0.003824842673,0.0,0.0015693182452586,0.0,2026-09-08 13:30:57.223323822,2026-09-08 13:31:48.568301201,51,84.2156862745098,78.15686274509804,90.3529411764706,53.6078431372549,90.41176470588235,0.4790196078431373,17227.787843137256,4317.989215686274,5572.8998039215685,2037.3296078431372,5299.570196078432,0.9854901960784314,0.13058823529411764,0.3655780077742467,0.0852941176470588,288.11176470588236,276.8150980392157,0.014905882352941173,30.26333409926471,65.92552121629903,23.71732026143791,10.648692810457517,237.16841609074515,228.48522667518031,8.683189415564906,69.11786320612981,72.31838303786058,19.3024951171875,67.74648456280046,1.2576370943509614,0.48596228966346156,6.77444786658654,0.16514122596153843,3.395088270598767,0.9983858594707413,1.004582872577742,0.4940870696423101,0.897985346177045,17.687270220588236,5.832950367647059,3.7370557598039214,4.535845588235294,3.581418504901961,7.970833333333332,44.37916666666666,7.956250000000002,5.1499999999999995,0.0
fio-repl,details,100,0,2,readwrite_random,unrepl-firsttouch,1788867109.5543334,1788867160.8939965,259.080726593,0.0,259.11527069013334,0.0,30,0.003837388701,0.0,0.0015157077122432,0.0,2026-09-08 13:31:49.554333448,2026-09-08 13:32:40.893996477,51,81.3529411764706,78.31372549019608,84.19607843137256,56.86274509803921,89.90196078431373,0.49352941176470594,17812.000784313725,4688.741176470588,5181.925294117647,2566.299607843137,5375.035294117647,0.9852941176470589,0.1303921568627451,0.477447954742112,0.0864705882352941,294.3007843137255,282.9450980392157,0.014656862745098038,35.25489181219362,75.2598824295343,27.129084967320264,12.436274509803921,246.65801213191105,236.85528545673077,9.80272705078125,73.16934908353366,71.70478740985577,22.953024526742787,69.0281238731971,1.193716759314904,0.7780237755408653,7.623259652944711,0.20772667518028845,3.4272269454656863,0.9924240112304688,1.0106488396139706,0.5200686735265395,0.90412311927945,17.755974264705884,4.830039828431373,4.7862285539215685,4.544883578431373,3.5948223039215685,7.116326530612245,43.56530612244897,9.251020408163265,5.106122448979591,0.0
fio-repl,details,100,0,3,readwrite_random,unrepl-firsttouch,1788867161.8929396,1788867213.2042897,253.626145753,0.0,253.6599625728,0.0,30,0.003397695594,0.0,0.0013707688560522,0.0,2026-09-08 13:32:41.892939568,2026-09-08 13:33:33.204289675,51,79.74509803921569,77.82352941176471,84.27450980392157,43.03921568627451,86.80392156862744,0.48196078431372547,17660.017647058823,4733.902156862745,5241.48862745098,2380.666470588235,5303.960392156862,0.9852941176470589,0.13235294117647062,0.44884695483559856,0.09470588235294118,288.66450980392153,277.4811764705882,0.014407843137254902,40.14172947303921,83.14220396752451,30.062091503267975,14.28921568627451,253.55939912683826,242.7058306525735,10.853566750919118,75.10042279411765,73.64235160079657,19.515763442095587,74.44729281556373,1.1909535845588235,0.8207582720588237,8.22357421875,0.618281058517157,3.311221253638174,0.9935828564213771,1.0165394801719516,0.3652707268210018,0.9358533223470051,17.77014399509804,4.822303921568627,4.780867034313726,4.545419730392157,3.6215533088235294,7.009999999999999,43.43600000000001,9.219999999999999,5.340000000000001,0.0
fio-repl,details,100,0,4,readwrite_random,unrepl-firsttouch,1788867214.2141137,1788867265.570134,272.516621907,0.0,272.5438735701333,0.0,30,0.008179455301,0.0,0.0030717977380871,0.0,2026-09-08 13:33:34.214113712,2026-09-08 13:34:25.570133924,52,79.46153846153847,79.57692307692308,80.96153846153847,63.11538461538461,84.63461538461539,0.5276923076923077,18609.436538461538,4932.7261538461535,5019.98576923077,3432.4813461538456,5224.244615384615,0.9817307692307692,0.12903846153846157,0.6570292164432163,0.09249999999999997,306.1453846153846,294.4673076923077,0.01447307692307692,41.00284517728365,83.85792442908655,30.31410256410256,14.583333333333334,267.34382678462003,255.68944584865199,11.654381510416664,76.23121380974264,74.15331265318629,31.547456533394605,73.75746419270834,1.1261232383578434,1.0258854166666667,8.840932712928922,0.6614384191176472,3.518402623195274,0.9797858443914675,1.0151786056219363,0.597696865306181,0.925750732421875,17.72074142156863,4.8018535539215685,4.762101715686274,4.525428921568627,3.631357230392157,5.826530612244898,43.261224489795914,8.467346938775512,5.330612244897959,0.0
fio-repl,details,100,0,5,readwrite_random,unrepl-firsttouch,1788867266.569466,1788867317.9920566,270.018777605,0.0,270.0547801088,0.0,30,0.003505016472,0.0,0.0013278923876571,0.0,2026-09-08 13:34:26.569466114,2026-09-08 13:35:17.992056608,51,79.2156862745098,81.47058823529412,84.33333333333333,59.68627450980392,81.31372549019608,0.5198039215686273,18878.85568627451,5197.4047058823535,5223.322352941178,3434.116666666667,5024.011372549019,0.9854901960784315,0.13215686274509805,0.6574583061550786,0.08450980392156861,310.40686274509807,298.48843137254903,0.014652941176470587,43.30251761642156,86.60557444852942,31.295751633986924,15.434640522875817,262.5456875375601,250.75877028245193,11.786917255108174,75.89711256760818,71.4376337139423,29.72031775841346,73.70370398888222,1.0489620267427884,0.7577208533653846,9.061886831430288,0.9183481069711537,3.4260275914118843,0.9616109407865083,0.9890171931340145,0.5554859454815204,0.9199042687049279,17.712364783653847,4.787635216346154,3.7720102163461537,5.515174278846154,3.6375450721153846,5.857142857142857,43.29387755102041,8.573469387755102,5.359183673469387,0.0
fio-repl,details,100,0,1,readwrite_random,unrepl-interleaved,1788867318.930472,1788867370.4431355,303.65822267,0.0,303.68858849279997,0.0,30,0.003750459721,0.0,0.0012637712571271,0.0,2026-09-08 13:35:18.930471897,2026-09-08 13:36:10.443135500,52,90.21153846153847,91.21153846153847,94.76923076923077,76.90384615384616,95.13461538461539,0.5874999999999999,21042.12903846154,5451.406153846154,5504.735384615384,4519.60673076923,5566.382307692308,0.9853846153846153,0.12961538461538463,0.8119468769731257,0.08192307692307692,349.6415384615385,337.23673076923075,0.014684615384615381,18.747615497295673,55.898536470853365,20.05448717948718,6.485576923076923,291.9234330958946,282.9908097809436,8.932623506433824,73.0454354319853,71.81049900428921,64.89199946384804,73.24287990196079,0.2630026424632353,0.3087277879901961,8.138483647365195,0.22240904564950983,4.0616668252383965,0.9689325818828508,1.0290685915479474,1.1352152356914444,0.9284409915699678,17.840916053921568,4.807598039215686,4.813955269607843,4.566023284313726,3.6533394607843137,4.8020000000000005,39.448,9.606,5.425999999999999,0.0
fio-repl,details,100,0,2,readwrite_random,unrepl-interleaved,1788867371.2931883,1788867422.8132668,299.450879249,0.0,299.49080603306663,0.0,30,0.003883228971,0.0,0.001326410999716,0.0,2026-09-08 13:36:11.293188334,2026-09-08 13:37:02.813266754,52,88.63461538461539,92.40384615384616,92.07692307692308,77.48076923076923,93.90384615384616,0.586346153846154,20636.05788461538,5430.053269230769,5336.057307692308,4442.399615384616,5427.547884615386,0.9834615384615386,0.12923076923076926,0.8181134502965813,0.0848076923076923,342.5609615384616,330.58192307692303,0.01463653846153846,19.90469707782452,58.07472787710336,20.80608974358974,6.7548076923076925,284.2748914513221,274.9532115760216,9.321681753305288,71.70003662109374,68.68566875751202,63.42783541165865,71.13967172475962,0.2966657902644231,0.17311598557692312,8.624793231670672,0.2271073091947115,4.0590496437222345,0.9833218443627452,1.0000459259631587,1.1384561576095282,0.9371974421482461,17.787837009803923,4.807291666666667,3.731234681372549,5.587316176470588,3.6619944852941178,4.666,39.564,9.506000000000002,5.698,0.0
fio-repl,details,100,0,3,readwrite_random,unrepl-interleaved,1788867423.7376466,1788867475.2581182,303.627530452,0.0,303.6578932053333,0.0,30,0.004253749549,0.0,0.0014331232153635,0.0,2026-09-08 13:37:03.737646580,2026-09-08 13:37:55.258118153,51,89.17647058823529,94.37254901960785,94.94117647058823,76.62745098039215,94.27450980392157,0.5835294117647057,21555.42490196078,5672.123725490196,5586.805490196079,4666.633921568628,5629.860392156862,0.9876470588235295,0.13333333333333336,0.8227313344024998,0.0780392156862745,354.473137254902,341.8070588235294,0.014654901960784315,19.999280598958336,58.76020680147059,21.052287581699343,6.843137254901961,295.0754051776961,285.5956025965074,9.479803155637255,74.40934819240196,71.40901079963236,66.43479741115196,73.3424484911152,0.3131782322303922,0.27151309742647056,8.689545611213235,0.20556698069852947,4.0085817483755255,0.9728477184589093,0.9966634603647085,1.1160164612990158,0.9230725948627179,17.81610576923077,4.819185697115385,4.777118389423077,4.5869891826923075,3.6328125,4.718367346938776,39.98367346938775,9.3,5.6938775510204085,0.0
fio-repl,details,100,0,4,readwrite_random,unrepl-interleaved,1788867476.1821537,1788867527.7057714,299.424108358,0.0,299.46403157333333,0.0,30,0.003988374482,0.0,0.0013626385814162,0.0,2026-09-08 13:37:56.182153702,2026-09-08 13:38:47.705771446,52,88.61538461538461,91.9423076923077,91.82692307692308,76.98076923076923,93.86538461538461,0.5746153846153847,20666.270384615385,5421.475576923078,5395.487692307692,4508.671153846154,5340.634615384616,0.9855769230769231,0.12846153846153846,0.8316317374992253,0.08288461538461536,345.6657692307693,333.1851923076923,0.014730769230769226,20.255066105769227,59.6218780048077,21.415064102564102,6.956730769230769,283.2806373948317,274.4365938626803,8.844043907752404,71.65005464993989,69.25437330979568,63.87688044621394,69.65528357872596,0.32179217998798076,0.1935693359375,8.124030198317307,0.2046520057091346,3.977214666513296,0.9590536997868464,0.9810468967144307,1.1195250291090744,0.9175982842078576,17.668118990384617,4.7705829326923075,3.706355168269231,5.569636418269231,3.6215444711538463,5.172,39.192,10.507999999999997,5.8199999999999985,0.0
fio-repl,details,100,0,5,readwrite_random,unrepl-interleaved,1788867528.62528,1788867580.1328092,304.164407614,0.0,304.19482405546665,0.0,30,0.009274248189,0.0,0.0031197926533424,0.0,2026-09-08 13:38:48.625279903,2026-09-08 13:39:40.132809162,51,89.41176470588235,92.82352941176471,95.68627450980392,77.70588235294117,94.23529411764706,0.5845098039215685,21347.240588235294,5587.699019607842,5501.809215686274,4671.088431372548,5586.642745098038,0.9872549019607844,0.1311764705882353,0.8359592052079383,0.0756862745098039,354.47450980392153,341.55333333333334,0.01482941176470588,19.355700444240195,57.497179457720584,20.56372549019608,6.586601307189542,286.53821871243997,278.08210205078126,8.456116098257212,72.02469012920673,69.50975135216346,64.62609882061298,71.92156193659855,0.27372896634615385,0.1845543494591346,7.782401592548077,0.21543118990384616,4.062302234126072,0.9795530730602788,1.008300407260072,1.1378943499396827,0.9365544038660386,17.883655024509803,4.8174785539215685,3.8002450980392157,5.626531862745098,3.6393995098039214,4.964,39.501999999999995,9.568000000000001,5.514000000000001,0.0
fio-repl,details,95,5,1,readwrite_random,repl,1788867581.0934162,1788867632.6725872,270.037018757,0.11329131,270.06402245973334,0.1132950869333333,30,0.06926726647,0.000986856275,0.0262442682670224,0.8905533456211999,2026-09-08 13:39:41.093416214,2026-09-08 13:40:32.672587156,52,88.73076923076923,91.98076923076923,92.4423076923077,82.46153846153847,91.17307692307692,0.5409615384615385,19413.16173076923,4928.167692307693,4885.490192307692,4782.598269230769,4816.905384615385,0.9875,0.13000000000000003,0.9704617553286303,0.1028846153846154,312.4282692307692,293.64634615384614,0.01387884615384615,17.084552095853365,53.79661320612982,19.235576923076923,5.740384615384614,266.10783815870093,254.30662626378677,11.801212277879902,65.10939242493872,62.66499712775735,63.60078278186274,62.93145431219364,2.063628408394608,1.8100097656250003,6.092364621629904,1.835209673713235,3.990742903489333,0.9652365170992337,0.9861738498394307,1.1147547501784105,0.9245500564575195,17.88018329326923,4.822040264423077,3.7645733173076925,4.630859375,4.662710336538462,4.532,33.584,14.03,2.762,0.0
fio-repl,details,95,5,2,readwrite_random,repl,1788867634.9668193,1788867686.633268,272.381319483,0.111108488,272.3994782378667,0.111112192,30,0.075187080987,0.0009567891499999,0.0282414986971896,0.8807099879595048,2026-09-08 13:40:34.966819286,2026-09-08 13:41:26.633268118,52,88.07692307692308,89.42307692307692,94.17307692307692,81.1923076923077,89.9423076923077,0.5492307692307692,19718.647307692307,4956.568076923077,4934.120769230769,4820.630769230769,5007.3275,0.9848076923076925,0.12961538461538463,0.9627152945819439,0.10980769230769233,319.49192307692306,300.87519230769226,0.01385,16.718863243689903,53.18339975210337,19.00801282051282,5.639423076923077,268.2808287377451,256.7101573988971,11.570672296262254,65.51759114583334,63.001209980085775,63.91468941482842,64.27666647518383,2.018992800245098,1.8853293504901958,5.965486940870099,1.7008637791053924,4.078949647791245,0.9799487544041053,1.029518725825291,1.137538984710095,0.9319337583055683,17.90219056372549,4.8005514705882355,4.816789215686274,4.627297794117647,3.6575520833333335,4.522,33.622,14.031999999999998,2.682,0.0
fio-repl,details,95,5,3,readwrite_random,repl,1788867688.7913125,1788867740.3356023,270.740243513,0.108426998,270.76731753813334,0.1084342272,30,0.074860687839,0.001042636585,0.028291657646874,0.9842996473551544,2026-09-08 13:41:28.791312456,2026-09-08 13:42:20.335602283,51,89.58823529411765,90.27450980392157,92.86274509803921,83.3529411764706,93.03921568627452,0.5425490196078431,19892.709215686275,4883.176470588235,5138.007450980393,4839.019019607844,5032.506274509804,0.9874509803921568,0.1319607843137255,0.9418084862225145,0.09647058823529413,321.7860784313726,302.74254901960785,0.014127450980392156,17.220370902267156,54.91655388327206,19.6797385620915,5.771241830065359,266.80567957261025,255.0009415211397,11.804739008884805,61.57056372549021,64.83870863970587,63.742060546874995,64.84961167279411,1.8979764093137255,1.9734957107843139,6.2244916130514705,1.7087743183210786,4.059367011575138,0.9729153502221201,1.014040703866996,1.1359120537252987,0.9365083283069087,18.049708946078432,4.851639093137255,4.855851715686274,4.664751838235294,3.6774662990196076,4.463265306122449,34.23673469387755,13.86530612244898,2.7530612244897967,0.0
fio-repl,details,95,5,4,readwrite_random,repl,1788867742.5774546,1788867794.1804583,268.737139649,0.110142562,268.76401336320004,0.1101499050666666,30,0.078861236562,0.000904622768,0.0300246056169139,0.839969992912497,2026-09-08 13:42:22.577454567,2026-09-08 13:43:14.180458307,52,88.67307692307692,91.71153846153847,91.96153846153847,82.6923076923077,90.23076923076923,0.551153846153846,19666.893653846157,4978.249807692308,4951.053461538461,4802.785961538461,4934.804615384615,0.9863461538461539,0.13019230769230772,0.9647539089174024,0.10211538461538466,314.93307692307695,296.6688461538462,0.013817307692307688,17.58926119290865,54.96057222806491,19.631410256410255,5.9439102564102555,261.5898660982572,249.68537578876203,11.904491436298075,63.55687368539664,61.47404296875,62.54606295072116,62.10839449368989,2.0251282677283657,1.7867313326322116,6.4355789888822095,1.6570526592548078,3.9962662916917067,0.9711331587571365,0.9956725193903997,1.122024682851938,0.9074451739971454,17.87755408653846,4.822641225961538,3.7685546875,5.673828125,3.612530048076923,4.438775510204081,34.55510204081633,14.351020408163263,2.8836734693877557,0.0
fio-repl,details,95,5,5,readwrite_random,repl,1788867796.4407578,1788867848.007255,271.300146169,0.109982753,271.33631952213335,0.1100010837333333,30,0.0726040630459999,0.000955270819,0.0273799617559874,0.888567698526145,2026-09-08 13:43:16.440757751,2026-09-08 13:44:08.007255077,52,89.82692307692308,92.32692307692308,90.8076923076923,84.15384615384616,89.82692307692308,0.5392307692307691,19352.732884615383,5059.425961538462,4800.968461538462,4697.117115384616,4795.219615384615,0.9873076923076922,0.12923076923076923,0.9283893372670928,0.10346153846153848,311.99711538461537,292.8053846153847,0.013928846153846153,16.71273418719952,53.62020751953126,19.208333333333332,5.655448717948718,261.5882303560697,249.89935697115385,11.688872633713943,65.32840238131008,60.7391336763822,62.97116098257212,60.860657865084136,2.024417442908654,1.9152950345552884,6.167320274939906,1.5818404447115386,4.059482649260876,0.9953373927696079,1.0105134552600337,1.1373730079800475,0.9162399441588158,17.96660539215686,4.832107843137255,4.837239583333333,4.680683210784314,3.616574754901961,4.774,33.49999999999999,14.431999999999999,2.656,0.0
fio-repl,details,95,5,1,readwrite_random,unrepl-bound,1788867850.3072832,1788867901.8936658,267.015711057,0.116721938,267.051313152,0.1167297194666666,30,0.067909026315,0.000869173785,0.0260150165411018,0.7621344551116411,2026-09-08 13:44:10.307283163,2026-09-08 13:45:01.893665791,52,88.88461538461539,89.71153846153847,91.71153846153847,82.32692307692308,91.75,0.5376923076923077,19159.847884615385,4702.321538461539,4934.797692307692,4619.698076923078,4903.029423076923,0.9859615384615386,0.12980769230769232,0.9361474096748104,0.10230769230769231,308.7786538461538,290.1082692307692,0.013919230769230767,18.69563532902644,57.45996093749999,20.573717948717945,6.375,259.40486215444713,247.32073392427884,12.084129356971156,60.91760629507212,62.10248065655048,61.90073110727164,62.39991379957932,1.9533760892427887,1.891609637920673,6.508643704927883,1.7304993614783655,4.0385639714259725,0.9594670464010799,1.0070569655474495,1.1407907523360907,0.931268056233724,17.944163602941178,4.803462009803922,3.795419730392157,5.703431372549019,3.6418504901960786,4.612,33.754,14.306000000000001,3.06,0.0
fio-repl,details,95,5,2,readwrite_random,unrepl-bound,1788867904.125661,1788867955.7232118,270.308792446,0.112507434,270.33582332586667,0.1125149354666666,30,0.074957836025,0.000936019793,0.0283664176177143,0.8513206071710697,2026-09-08 13:45:04.125660896,2026-09-08 13:45:55.723211765,51,88.88235294117646,88.47058823529412,93.09803921568627,83.03921568627452,93.6470588235294,0.544705882352941,19954.826274509804,4838.684705882353,5062.98431372549,4860.099411764706,5193.057058823529,0.9872549019607842,0.1323529411764706,0.9317603583155203,0.09764705882352942,322.2825490196078,303.14450980392155,0.014060784313725488,18.156091069240194,56.11725471047794,20.101307189542485,6.166666666666667,267.2958907781863,255.14062365962013,12.155264246323528,62.26391256893382,63.668342333026956,63.49950712316177,65.70886316636029,1.8958898207720585,1.8827837775735297,6.560615234375,1.8159742647058827,3.973119075481708,0.9343631450946515,0.992186032808744,1.12321714254526,0.92334351172814,17.815204326923077,4.742638221153846,3.756610576923077,5.661808894230769,3.6541466346153846,4.542857142857144,33.72,14.09,2.8799999999999994,0.0
fio-repl,details,95,5,3,readwrite_random,unrepl-bound,1788867957.964703,1788868009.5917249,271.035300261,0.11669088,271.0714383018667,0.1167025493333333,30,0.0784086099879999,0.000812246173,0.0296005603120126,0.7123066521783743,2026-09-08 13:45:57.964703083,2026-09-08 13:46:49.591724873,51,89.03921568627452,90.27450980392157,90.7843137254902,82.50980392156863,94.05882352941177,0.5401960784313725,19889.906078431373,5073.164509803922,4961.032549019608,4844.475490196079,5011.23294117647,0.9886274509803922,0.13333333333333333,0.9549218206573235,0.10019607843137256,321.24078431372544,301.69450980392156,0.014068627450980389,18.082765395220587,55.95897269454656,20.098039215686274,6.19281045751634,268.41851466758584,256.36173138786756,12.056780407475491,65.6094705499387,62.28140203737744,64.44298617493872,64.02787147671569,2.062865923713235,1.8622514552696077,6.300960860906863,1.8307025505514707,3.980004457327036,0.953173930828388,0.9757476953359752,1.1207348016592174,0.9304034893329327,17.884314903846153,4.779597355769231,3.733623798076923,5.7109375,3.66015625,4.744000000000001,33.728,13.876000000000001,2.7880000000000003,0.0
fio-repl,details,95,5,4,readwrite_random,unrepl-bound,1788868011.791181,1788868063.3698738,269.428225433,0.11792103,269.4641491968,0.1179288917333333,30,0.080343477166,0.001138410038,0.0305020835168684,0.9878183088091927,2026-09-08 13:46:51.791181087,2026-09-08 13:47:43.369873762,52,88.5576923076923,90.40384615384616,92.67307692307692,82.46153846153847,91.4423076923077,0.548076923076923,19563.24019230769,4989.228269230769,4955.5157692307685,4751.662115384615,4866.833461538461,0.9855769230769231,0.13115384615384618,0.9523841882899494,0.11153846153846156,313.12865384615384,294.3132692307692,0.013732692307692305,17.3831582406851,54.41493520883412,19.450320512820515,5.887820512820514,262.5608405949519,250.81268686147834,11.74815392127404,63.54850642277644,62.3974892953726,64.03615422175481,60.83053579477165,2.0074782151442307,1.982618126502404,6.069332932692309,1.6887257737379808,4.063278422636144,0.9714330037434896,1.0281863493077896,1.135702320173675,0.9280132966883042,18.06832107843137,4.822150735294118,4.844286151960785,4.745174632352941,3.6567095588235294,4.533999999999999,33.854,14.169999999999998,2.68,0.0
fio-repl,details,95,5,5,readwrite_random,unrepl-bound,1788868065.7629497,1788868117.3079507,270.166989999,0.116060114,270.19400669866667,0.1160639829333333,30,0.075486342483,0.0008450049699999,0.0285822135736527,0.7452444064369296,2026-09-08 13:47:45.762949705,2026-09-08 13:48:37.307950735,52,89.07692307692308,94.0576923076923,88.07692307692308,80.46153846153847,93.36538461538461,0.5488461538461537,19141.04942307692,4902.2078846153845,4508.5588461538455,4853.934038461538,4876.348846153845,0.9867307692307693,0.12711538461538463,0.9196996439712545,0.11000000000000001,308.5278846153846,289.45980769230766,0.01384230769230769,17.176500150240386,53.17141150841347,19.011217948717952,5.82051282051282,257.4800587815505,246.21540527343754,11.264654447115383,63.68458120492789,55.67073486328124,64.4385879281851,62.4215009014423,2.2132696063701927,1.6301260141225957,5.685831204927884,1.7354281850961542,4.022461760277841,0.9921658085841758,0.9548303192737055,1.135642032997281,0.9398141748764935,18.095281862745097,5.866268382352941,3.800091911764706,4.75765931372549,3.671262254901961,4.540816326530613,33.90816326530612,13.622448979591837,2.5428571428571427,0.0
fio-repl,details,95,5,1,readwrite_random,unrepl-firsttouch,1788868119.6580195,1788868171.1378691,250.374789443,0.110212586,250.4081727488,0.1102162602666666,30,0.076061847062,0.000555050823,0.0310716451514901,0.5151666230439383,2026-09-08 13:48:39.658019543,2026-09-08 13:49:31.137869120,52,80.34615384615384,78.03846153846153,79.92307692307692,75.07692307692308,84.6923076923077,0.49884615384615383,18020.687307692308,4614.2175,4695.591923076923,3945.6865384615376,4765.191346153846,0.9863461538461539,0.12980769230769232,0.828022686150104,0.10365384615384617,290.23288461538465,272.4628846153846,0.01387884615384615,37.58983060396635,83.42179856520434,30.1073717948718,13.365384615384615,247.72626896784854,233.4098035606971,14.31646484375,68.80002798227163,64.14191011868989,34.859405799278846,65.60845966045672,3.0426731520432693,2.626201547475961,6.419445800781249,2.2281450946514423,3.551332327035757,0.9581892306988056,0.9854481036846454,0.697013781620906,0.9106993308434119,17.987530048076923,4.834284855769231,4.810096153846154,4.71875,3.6243990384615383,5.046938775510204,36.785714285714285,13.255102040816327,2.9081632653061225,0.0
fio-repl,details,95,5,2,readwrite_random,unrepl-firsttouch,1788868173.5480614,1788868225.063199,252.877639062,0.112416312,252.91978533546668,0.1124275541333333,30,0.068338075084,0.000663636604,0.0276425568206471,0.6042085925899515,2026-09-08 13:49:33.548061371,2026-09-08 13:50:25.063199043,52,81.32692307692308,84.76923076923077,84.17307692307692,76.32692307692308,76.57692307692308,0.5034615384615384,18001.714423076923,4866.864615384615,4755.035192307692,4023.443653846153,4356.372692307692,0.9859615384615386,0.13057692307692306,0.8267013717882497,0.10423076923076922,291.63711538461536,273.06134615384616,0.013971153846153848,35.40469501201923,80.05219501201921,28.85576923076923,12.528846153846155,249.76956693209138,235.57957594651447,14.189989483173074,65.59784818209134,64.62721698467547,38.69095083383414,66.6635595703125,2.3308715820312504,2.4211594801682694,6.567195387620192,2.8707639723557685,3.615480276254507,0.9469853181105394,0.9860477447509766,0.7603657062237079,0.9221092370840219,17.936673677884617,4.743689903846154,3.792668269230769,5.735576923076923,3.664738581730769,5.242000000000001,35.587999999999994,14.08,2.88,0.0
fio-repl,details,95,5,3,readwrite_random,unrepl-firsttouch,1788868227.4514532,1788868278.8625176,224.181577843,0.104293181,224.21894144,0.1043001344,30,0.087756232588,0.000612791187,0.0400534172710118,0.6011536671267186,2026-09-08 13:50:27.451453209,2026-09-08 13:51:18.862517595,51,77.31372549019608,78.09803921568627,80.41176470588235,38.27450980392157,81.62745098039215,0.44235294117647056,16439.19941176471,4581.89274509804,4693.004901960784,2432.191176470588,4732.1129411764705,0.9919607843137256,0.13411764705882354,0.513975724312681,0.10509803921568628,259.69705882352946,242.4925490196078,0.013650980392156864,42.3292547487745,91.66448893229169,33.13398692810458,15.034313725490199,232.12276635263476,216.9617689185049,15.160998391544116,70.04759267769607,67.75369293811275,10.90876953125,68.25171453737745,3.4019477634803916,2.9687563189338237,5.9647139246323535,2.825578852634804,3.187860002704695,0.988223206763174,1.019636864755668,0.23305571312997855,0.946983113008387,18.138174019607842,4.839154411764706,3.8347120098039214,4.773360906862745,4.690946691176471,6.451020408163265,38.704081632653065,12.065306122448979,2.704081632653061,0.0
fio-repl,details,95,5,4,readwrite_random,unrepl-firsttouch,1788868281.4750252,1788868333.003729,264.723712648,0.110603877,264.7590091434667,0.1106149375999999,30,0.072991201779,0.001024650887,0.0282039031552284,0.948618919796861,2026-09-08 13:51:21.475025177,2026-09-08 13:52:13.003729105,51,84.0,86.0,83.45098039215686,79.7843137254902,84.76470588235294,0.5298039215686273,19215.49843137255,4950.320784313724,4751.890784313725,4685.291176470589,4827.994705882353,0.9880392156862745,0.13235294117647062,0.9464621345988435,0.10039215686274512,313.49882352941177,294.36745098039216,0.014154901960784316,31.081978400735295,75.60802945006128,27.220588235294116,10.898692810457517,263.2447459022672,249.4098858762255,13.834861366421567,65.77873334099264,64.44032303155636,52.31223939185049,66.87858762254902,2.3142154947916667,2.3790182674632354,6.758514476102943,2.3831112132352943,3.8226456735648364,0.9643656412760417,0.9981748543533624,0.9285706164790134,0.9314874387254902,17.997242647058822,4.760569852941177,3.8010110294117645,5.798789828431373,3.6368719362745097,4.6020408163265305,34.642857142857146,13.353061224489794,2.9285714285714284,0.0
fio-repl,details,95,5,5,readwrite_random,unrepl-firsttouch,1788868335.32925,1788868386.834477,251.58343677,0.106844284,251.60859511466663,0.1068478464,30,0.083549943965,0.00094813805,0.0339821174634056,0.9070894834786408,2026-09-08 13:52:15.329250097,2026-09-08 13:53:06.834476948,51,81.6078431372549,85.11764705882354,85.96078431372548,76.68627450980392,76.3921568627451,0.5035294117647058,18220.39039215686,4718.546274509804,4901.2925490196085,4030.6182352941178,4569.932156862746,0.9854901960784315,0.13137254901960788,0.8223582238730783,0.10058823529411764,294.73686274509805,276.40803921568624,0.014045098039215683,34.82775237438725,79.47950578278186,28.666666666666668,12.297385620915032,251.84343098958337,237.46524375765932,14.37818474264706,64.18730449601715,65.36038909313726,39.37019435508578,68.54735198376225,2.1782469745710777,2.274611672794118,6.9560487515318625,2.969277726715686,3.6738387463139555,0.9584212209664139,0.9955029207117416,0.7806412939931833,0.9392733106426164,18.141773897058822,4.80062806372549,3.8474264705882355,5.799402573529412,3.6943167892156863,5.020408163265306,36.17755102040816,13.27142857142857,2.9000000000000004,0.0
fio-repl,details,95,5,1,readwrite_random,unrepl-interleaved,1788868389.25061,1788868440.637366,234.533578953,0.098918085,234.55703231146668,0.0989246805333333,30,0.082255397193,0.0009591617029999,0.0358719527381466,0.9923325198720946,2026-09-08 13:53:09.250610113,2026-09-08 13:54:00.637366056,51,78.31372549019608,80.74509803921569,79.45098039215686,59.21568627450981,80.33333333333333,0.46490196078431373,17012.427450980394,4706.005294117647,4629.304705882353,2955.7943137254897,4721.322745098039,0.9878431372549019,0.1323529411764706,0.6260521623509795,0.103921568627451,269.451568627451,252.30862745098034,0.013776470588235293,41.81690257352941,90.5933930759804,32.745098039215684,14.887254901960782,238.9708639705882,224.3112459788603,14.659616842830882,69.09376416973039,67.47025428921567,18.610597426470587,69.13663124234068,2.848204465379902,2.8658534390318624,6.22091126685049,2.7246480545343137,3.2978135622464695,0.9663680883554312,0.9936232200035682,0.4171261420616737,0.9206591386061449,18.10614483173077,4.835336538461538,4.824594350961538,4.794320913461538,3.6518930288461537,5.910204081632654,38.28775510204082,12.185714285714287,2.840816326530612,0.0
fio-repl,details,95,5,2,readwrite_random,unrepl-interleaved,1788868443.1722665,1788868494.6241176,235.402698963,0.096879595,235.4340859904,0.0968828245333333,30,0.067082165139,0.000643424532,0.0291558976333412,0.6796790746435069,2026-09-08 13:54:03.172266483,2026-09-08 13:54:54.624117613,51,78.37254901960785,80.50980392156863,80.41176470588235,57.0,78.03921568627452,0.4725490196078432,17132.45078431373,4784.47137254902,4676.930588235294,3031.4578431372543,4639.591176470588,0.9872549019607844,0.13235294117647062,0.6336035074909825,0.09921568627450983,272.87294117647065,256.23725490196074,0.013909803921568625,42.41911783854166,89.94561236213234,32.50816993464053,15.096405228758167,239.6553877527573,224.99897192861522,14.65641410079657,69.82272480085786,67.60080863204657,19.692992493872552,67.88244676776962,2.8121089920343136,2.70801145067402,6.596991230085784,2.539303385416667,3.352772731407016,0.9838368284936045,1.013392354927811,0.42430054907705267,0.9312806970932905,18.132889093137255,4.838082107843137,3.819546568627451,5.8314185049019605,3.643841911764706,5.893877551020407,38.61632653061225,12.306122448979592,3.1551020408163257,0.0
fio-repl,details,95,5,3,readwrite_random,unrepl-interleaved,1788868497.0284972,1788868548.4014115,235.101592453,0.0974697,235.13293933226663,0.0974761984,30,0.0622773638829999,0.000531973304,0.0271010629185093,0.5582056585649448,2026-09-08 13:54:57.028497219,2026-09-08 13:55:48.401411533,52,77.90384615384616,80.48076923076923,79.98076923076923,57.98076923076923,76.88461538461539,0.4757692307692307,16758.475,4706.212500000001,4620.58,2894.128846153845,4537.553461538461,0.9840384615384615,0.12903846153846155,0.6149592365737512,0.11326923076923077,265.53846153846155,249.02115384615388,0.01360961538461538,41.18267484224759,88.12358079176683,31.838141025641026,14.637820512820513,235.20871732271638,220.92176551231967,14.28695105919471,69.10881873497596,66.64839712289664,18.58036865234375,66.58418062650239,2.7976115534855777,2.778935171274038,6.183219275841347,2.5271856219951916,3.3678493873745783,0.987017313639323,1.0274769652123545,0.42219573376225494,0.9311499502144607,18.182598039215687,4.836780024509804,4.867570465686274,4.814031862745098,3.6642156862745097,6.191999999999999,38.62244897959184,13.148,3.048,0.0
fio-repl,details,95,5,4,readwrite_random,unrepl-interleaved,1788868550.9023817,1788868602.3211696,232.211391869,0.107723175,232.2346130090667,0.1077339477333333,30,0.0852369843,0.000778190578,0.037558179203569,0.7390554618121986,2026-09-08 13:55:50.902381659,2026-09-08 13:56:42.321169615,52,77.46153846153847,80.0576923076923,77.8076923076923,60.25,77.09615384615384,0.46423076923076934,16667.576153846156,4674.156346153846,4550.557307692308,2962.046538461538,4480.815961538461,0.9884615384615384,0.12903846153846155,0.6337072017068649,0.1030769230769231,264.39269230769236,247.61769230769232,0.013696153846153842,41.4831524188702,88.39498309795671,31.93589743589744,14.745192307692308,231.95471360426686,217.3295761343149,14.625137845552887,68.10908973106972,65.05774695763222,18.693317307692308,65.46942420372596,3.011332256610577,2.7739413686899037,6.16242431640625,2.6774397160456735,3.3536666421329273,0.9853814816942401,1.010473139145795,0.42530231849820005,0.9324922000660616,18.226179534313726,4.84375,3.839154411764706,5.874234068627451,3.6690410539215685,6.010204081632653,38.24081632653061,12.761224489795918,2.7265306122448982,0.0
fio-repl,details,95,5,5,readwrite_random,unrepl-interleaved,1788868604.87053,1788868656.245372,234.351911716,0.099474032,234.390970368,0.0994906112,30,0.066986322195,0.000688668695,0.0292432472614946,0.7086387350980452,2026-09-08 13:56:44.870529890,2026-09-08 13:57:36.245372057,51,77.74509803921569,80.23529411764706,77.66666666666667,59.254901960784316,79.29411764705883,0.46490196078431373,16959.28745098039,4772.85294117647,4602.948431372549,2937.943333333333,4645.543921568627,0.9868627450980392,0.1315686274509804,0.6155528715303668,0.10725490196078433,268.37568627450986,251.44196078431375,0.01369019607843137,42.23668868719363,90.07800532322304,32.54575163398692,15.04575163398693,235.437763296274,220.78985595703125,14.647907339242789,68.75995492788462,65.78566143329327,18.64170485276442,67.60253493088943,2.962890812800481,2.6314225886418265,6.427030498798077,2.6265632512019232,3.298017428471492,0.970535865196815,0.9886001440194938,0.41742882361778844,0.921444452725924,18.161884014423077,5.839393028846154,3.835637019230769,4.8360126201923075,3.6508413461538463,5.908163265306122,38.40408163265306,11.985714285714284,3.002040816326531,0.0
fio-repl,details,90,10,1,readwrite_random,repl,1788868658.7853186,1788868710.335771,231.75856751,0.279587974,231.77401808213332,0.2796066133333333,30,0.075616983862,0.000618537372,0.033379005163486,0.2263947418971834,2026-09-08 13:57:38.785318613,2026-09-08 13:58:30.335771084,51,87.96078431372548,89.29411764705883,89.2156862745098,86.17647058823529,89.13725490196079,0.4833333333333334,18021.166274509807,4633.966666666666,4366.959999999999,4509.290196078431,4510.9494117647055,0.9925490196078433,0.13372549019607846,0.9423805379120839,0.1301960784313726,291.85980392156864,262.34450980392154,0.013470588235294118,19.62892999387255,62.641505629595585,22.444444444444443,6.709150326797386,234.00636681189906,217.348647648738,16.657718224158653,56.684482985276446,52.297589956430286,54.656726262019234,53.70984694260817,4.04103759765625,3.8253286508413455,5.259087665264422,3.5322643103966342,3.9815641549917364,0.9664636025061975,0.9901201541607196,1.1152538152841422,0.9097805756788988,18.179912860576923,4.838341346153846,4.8350360576923075,4.845027043269231,3.660381610576923,5.030612244897958,30.697959183673472,18.357142857142858,1.1224489795918366,0.0
fio-repl,details,90,10,2,readwrite_random,repl,1788868712.9371376,1788868764.6379015,232.718577366,0.279245844,232.74184922453333,0.2792644608,30,0.080860412893,0.0006664873949999,0.0355522128851382,0.2442557115000028,2026-09-08 13:58:32.937137604,2026-09-08 13:59:24.637901545,52,87.84615384615384,88.26923076923077,88.78846153846153,86.23076923076923,89.4423076923077,0.48403846153846164,17820.37307692308,4302.84826923077,4541.298269230769,4505.630192307692,4470.596538461538,0.9930769230769231,0.1321153846153846,0.9474929885985249,0.13192307692307698,289.8853846153846,261.0734615384616,0.013474999999999999,19.438888221153846,61.71875957782452,22.16025641025641,6.676282051282051,234.44733323317308,217.8134989107572,16.63383713942308,52.888756009615385,55.223115422175496,55.585501802884615,54.116125863882196,4.037798602764424,3.6893971604567315,5.33917724609375,3.567462627704326,3.9953283163217397,0.9644881761991061,0.9893468710092398,1.1204590430626504,0.9210434693556565,18.20380108173077,4.903470552884615,4.0830829326923075,5.534405048076923,3.682842548076923,5.046,30.494,18.718000000000004,1.156,0.0
fio-repl,details,90,10,3,readwrite_random,repl,1788868767.2495017,1788868818.8246217,234.524034043,0.281570068,234.5474864469333,0.2815982250666666,30,0.079288838841,0.000450229871,0.0345875317945025,0.1635458133394056,2026-09-08 13:59:27.249501705,2026-09-08 14:00:18.824621677,52,87.21153846153847,87.9423076923077,87.88461538461539,85.71153846153847,88.90384615384616,0.48615384615384627,17815.631730769233,4506.665,4423.0409615384615,4489.275000000001,4396.649230769231,0.9915384615384616,0.13211538461538466,0.975588207858634,0.13615384615384618,289.8273076923077,260.73192307692307,0.01335769230769231,19.03607891376202,61.235713454026445,21.959935897435898,6.467948717948718,239.19867110906864,222.26892884497548,16.929741689644608,56.72632889093138,55.32968098958332,56.049570312499995,54.16334865196078,4.150209673713236,3.955994753370098,5.180742378982844,3.6427948835784307,3.9807017399714546,0.963590695307805,0.9901976218590369,1.1135887732872596,0.913306162907527,18.205829326923077,4.830904447115385,4.845402644230769,4.867563100961538,3.6619591346153846,5.17,29.888,19.196,0.99,0.0
fio-repl,details,90,10,4,readwrite_random,repl,1788868821.388838,1788868872.9544396,234.320003468,0.2820262,234.3434354688,0.2820638037333333,30,0.079315766143,0.000523232832,0.0346277517644555,0.1898269749561388,2026-09-08 14:00:21.388838053,2026-09-08 14:01:12.954439640,52,88.09615384615384,88.11538461538461,88.17307692307692,87.11538461538461,88.8076923076923,0.5007692307692309,17752.496153846154,4524.685384615385,4566.10673076923,4385.1853846153845,4276.519423076925,0.9861538461538462,0.1309615384615385,0.9365789446530262,0.13711538461538467,289.37192307692305,260.11,0.013401923076923079,18.885823317307693,61.08471022385818,21.907051282051285,6.482371794871795,239.7901300168505,222.888294653799,16.901836511948535,57.50006376378676,55.9503414139093,55.94323969822304,53.4946497778799,4.2460914522058815,3.853391161151961,5.253221507352941,3.549131433823529,3.979124876169058,0.97101013477032,0.980473518371582,1.116042210505559,0.9116359857412485,18.21739783653846,5.8359375,3.826171875,4.885441706730769,3.6698467548076925,5.262,30.25,19.03,1.02,0.0
fio-repl,details,90,10,5,readwrite_random,repl,1788868875.552159,1788868927.1308548,233.826287139,0.278334818,233.84966976853332,0.2783533738666667,30,0.077234982021,0.000747133753,0.0337985479120546,0.2746509777361297,2026-09-08 14:01:15.552159071,2026-09-08 14:02:07.130854845,51,89.03921568627452,87.84313725490196,90.62745098039215,86.68627450980392,90.3921568627451,0.4903921568627452,18139.391176470588,4541.590980392157,4559.062549019608,4472.440784313726,4566.29705882353,0.9923529411764705,0.13392156862745097,0.9794458675594825,0.12686274509803927,295.0054901960784,265.4490196078432,0.013607843137254903,19.10054744944853,60.684791666666676,21.785947712418302,6.472222222222222,239.35536343443627,222.70263327205888,16.652730545343136,56.091340379901965,54.74717179840687,55.438332758884805,56.42579024969361,4.052982536764705,3.7720452282475487,5.110165058210783,3.7175367647058826,3.9898810753455525,0.9533024567824144,0.9890112510094275,1.1165817700899565,0.9309855974637545,18.17225060096154,4.795673076923077,3.841796875,4.869365985576923,4.665414663461538,5.0836734693877546,30.70408163265306,18.540816326530614,1.030612244897959,0.0
fio-repl,details,90,10,1,readwrite_random,unrepl-bound,1788868929.6634138,1788868981.0814629,172.091462168,0.298052435,172.11440769706667,0.2980623701333333,30,0.308858536737,0.00145305895,0.1829721655219043,0.4988231380143653,2026-09-08 14:02:09.663413763,2026-09-08 14:03:01.081462860,51,78.3921568627451,87.50980392156863,89.01960784313725,64.7843137254902,89.6078431372549,0.4041176470588235,14991.234705882354,3794.7801960784313,3644.1519607843143,3819.8466666666664,3732.4554901960787,0.9931372549019608,0.13450980392156864,0.9540047752661053,0.12725490196078434,242.21960784313723,217.4490196078431,0.013374509803921564,34.522902879901956,82.81991976868873,29.90686274509804,12.166666666666666,202.04831686580883,185.79199008118874,16.256326401654412,41.07106617647059,39.16487055759804,64.84096756280638,40.71508635876226,3.73517271752451,3.3366086473651966,5.899128370098039,3.285417432598039,3.5131312883817234,0.8016344217153696,0.8271732330322266,1.1166468400221605,0.767680755028358,18.242037259615383,4.836162860576923,3.8501352163461537,5.875150240384615,3.6805889423076925,7.072916666666667,35.99583333333334,16.431250000000002,1.25,0.0
fio-repl,details,90,10,2,readwrite_random,unrepl-bound,1788868983.8086846,1788869035.3041596,196.562715739,0.307526986,196.58237201066663,0.3075372373333333,30,0.22162465119,0.0012616668749999,0.1150040104208598,0.4195754540712629,2026-09-08 14:03:03.808684587,2026-09-08 14:03:55.304159641,51,80.74509803921569,87.74509803921569,89.05882352941177,67.96078431372548,89.80392156862744,0.43764705882352944,16129.647254901962,4073.4543137254905,4035.496862745098,4084.4552941176476,3936.240392156863,0.9909803921568627,0.1331372549019608,0.963712443572527,0.1335294117647059,259.3962745098039,232.87450980392154,0.013296078431372545,33.147615081188725,80.78348422181372,29.13071895424837,11.684640522875817,211.66085787259615,195.09993783804086,16.560918907752406,45.801537334735585,43.68882399338942,61.91819185697116,43.691385404146644,3.911708608774038,3.48286376953125,5.738577223557692,3.4277687424879812,3.6394788301908054,0.8471619532658503,0.8700691369863657,1.1142194454486554,0.8080282944899339,18.22588641826923,5.83984375,3.8343599759615383,4.8994891826923075,3.6521935096153846,5.851020408163265,33.67551020408163,17.6734693877551,1.236734693877551,0.0
fio-repl,details,90,10,3,readwrite_random,unrepl-bound,1788869037.978209,1788869089.3852718,187.297490974,0.302932519,187.3162207232,0.3029426176,30,0.257376905749,0.001482093304,0.1401179589907712,0.5003445735412667,2026-09-08 14:03:57.978209019,2026-09-08 14:04:49.385271788,51,79.50980392156863,87.50980392156863,88.11764705882354,66.88235294117646,89.33333333333333,0.43176470588235294,15996.045294117646,4033.0635294117646,3972.386470588235,4066.471960784314,3924.121764705882,0.9923529411764705,0.1335294117647059,0.9649941773972108,0.13274509803921572,258.3623529411765,232.90705882352938,0.013350980392156866,34.15416245404412,82.06910175398284,29.609477124183016,12.063725490196077,206.96316950871395,190.43628812349763,16.526881760817304,43.27657001201923,42.04153564453125,63.25399658203124,41.864184758112984,3.7953579477163464,3.435039625901442,5.966586162860578,3.329898775540865,3.579427719116211,0.8272347083458534,0.8476042380699744,1.114173302283654,0.7904098217303936,18.21544471153846,4.823843149038462,3.8154296875,5.923452524038462,3.655048076923077,6.3408163265306134,34.614285714285714,18.102040816326532,1.3959183673469389,0.0
fio-repl,details,90,10,4,readwrite_random,unrepl-bound,1788869092.198855,1788869143.620062,197.313628011,0.305533175,197.3399364949333,0.3055535445333334,30,0.229721690344,0.001005582759,0.1187112814611438,0.3363881839883718,2026-09-08 14:04:52.198854923,2026-09-08 14:05:43.620062113,51,80.19607843137256,87.33333333333333,88.03921568627452,68.37254901960785,89.23529411764706,0.43862745098039213,16392.927450980394,4017.356666666666,4131.0856862745095,4112.384705882352,4132.097647058824,0.992156862745098,0.13470588235294118,0.972231783904277,0.1347058823529412,264.3701960784314,237.6786274509804,0.01327254901960784,33.14818435968137,81.39353209252451,29.346405228758172,11.683006535947712,214.07388540414667,197.48170842097355,16.592177358774038,43.704145507812505,45.02537184495194,62.9763162935697,45.775874962439886,3.8895306865985577,3.565057466947115,5.733641263521634,3.4039462515024033,3.648903113145095,0.8469855235173152,0.8800852848933294,1.112577071556678,0.8092439358051007,18.262845552884617,4.827899639423077,4.8466045673076925,4.923152043269231,3.6651893028846154,5.946000000000001,33.592000000000006,17.856,1.256,0.0
fio-repl,details,90,10,5,readwrite_random,unrepl-bound,1788869146.442687,1788869197.8706207,188.36803026,0.302411822,188.38686706346667,0.3024319829333333,30,0.258213950101,0.001236200558,0.1397824489227224,0.4181584527073421,2026-09-08 14:05:46.442687035,2026-09-08 14:06:37.870620728,52,79.3076923076923,86.67307692307692,88.5576923076923,67.23076923076923,88.28846153846153,0.428076923076923,15557.036538461536,3797.286730769231,4012.295769230769,3899.188269230769,3848.2669230769225,0.9896153846153847,0.13134615384615386,0.9464124653744658,0.13519230769230772,250.91346153846155,225.7551923076923,0.01323076923076923,33.35723294771635,80.11227801983173,28.879807692307693,11.740384615384615,211.4836768535539,194.8645431219363,16.619133157169117,43.626968826593135,44.101827703737754,64.08932732077206,43.04642061121323,3.880759037990196,3.515832950367647,5.913813763786765,3.30872740502451,3.600446260892428,0.8327530347383939,0.8632111182579627,1.1176858315101037,0.786762677706205,18.25525841346154,4.838115985576923,3.8372896634615383,5.9297626201923075,3.650090144230769,6.367999999999999,34.078,18.248,1.42,0.0
fio-repl,details,90,10,1,readwrite_random,unrepl-firsttouch,1788869200.6621096,1788869252.038908,198.912668924,0.241756563,198.93919061333335,0.2417726805333333,30,0.076848664237,0.000739675369,0.0395103956969129,0.3132818426683553,2026-09-08 14:06:40.662109613,2026-09-08 14:07:32.038908005,52,74.84615384615384,69.96153846153847,78.0576923076923,54.59615384615385,81.28846153846153,0.42250000000000004,15129.503461538461,3930.2130769230766,4388.508076923077,2493.3046153846153,4317.476923076923,0.9903846153846154,0.1330769230769231,0.5681440188057602,0.1315384615384616,241.8428846153846,218.11519230769233,0.013236538461538463,43.64738375150242,96.66818828876201,34.98878205128205,15.506410256410255,211.607333984375,192.02662415747548,19.58070925245098,62.18961014093138,60.67007716758578,12.627320197610294,56.53961780024509,6.055926968443628,4.651197533700981,4.864626225490197,4.0089579503676465,3.184083527209712,0.9619394190171184,0.9785313325769761,0.3485284693100873,0.8950466081207874,18.451899509803923,4.866498161764706,3.8995863970588234,6.005974264705882,3.6798406862745097,6.585999999999999,33.84,16.982,1.2279999999999998,0.0
fio-repl,details,90,10,2,readwrite_random,unrepl-firsttouch,1788869254.8698914,1788869306.126433,205.956563614,0.309774983,205.9771592704,0.3097956352,30,0.085139790066,0.002782872756,0.0422664012854277,0.9230396133227746,2026-09-08 14:07:34.869891405,2026-09-08 14:08:26.126432895,51,71.3529411764706,70.72549019607843,73.74509803921569,58.92156862745098,75.56862745098039,0.43117647058823527,16065.880980392156,4179.690392156863,4306.277450980393,3188.032352941177,4391.881372549019,0.9929411764705882,0.13607843137254905,0.7258921820765992,0.12176470588235296,262.22666666666663,236.89588235294116,0.013731372549019608,55.9818665747549,115.90090877757352,42.006535947712415,20.039215686274506,219.9162055759804,199.3965762867647,20.519628523284315,59.352913794424005,55.74583639705882,26.814975298713232,57.4828502221201,5.6489692478553915,4.798996055453432,5.407924900428921,4.6637360217524515,3.150778452555339,0.88653938443053,0.9037449406642539,0.5293732437432981,0.8310926100786994,18.44937193627451,5.8916973039215685,3.871170343137255,5.003216911764706,3.6832873774509802,5.987755102040816,34.38367346938776,17.43877551020408,1.2122448979591836,0.0
fio-repl,details,90,10,3,readwrite_random,unrepl-firsttouch,1788869309.147163,1788869360.5084062,192.16300529,0.238261702,192.17581615786668,0.2382696448,30,0.0777640929849999,0.000961676088,0.041390150604339,0.4134895946880951,2026-09-08 14:08:29.147162914,2026-09-08 14:09:20.508406162,51,74.90196078431373,69.72549019607843,80.6078431372549,41.94117647058823,80.07843137254902,0.4076470588235294,15045.978039215684,4113.859019607843,4365.740588235294,2246.0415686274514,4320.336274509804,0.9919607843137256,0.1345098039215686,0.5144697728216003,0.12960784313725493,240.39392156862746,217.1360784313725,0.013382352941176468,44.75252699908088,99.89077876072302,36.20915032679738,15.915032679738564,202.4713500976562,183.12791635366588,19.343433180588946,61.54113919771634,57.047597092848555,7.266703162560096,57.27247746394231,6.319176494891827,4.2377490234375,4.577452486478366,4.209056678185098,3.071301179773667,0.9731518614525889,0.9732694438859528,0.22188059488932294,0.9029804304534313,18.42547487745098,5.871400122549019,3.8766850490196076,4.985600490196078,3.6917892156862746,6.991666666666667,34.357142857142854,17.448979591836736,1.2959183673469388,0.0
fio-repl,details,90,10,4,readwrite_random,unrepl-firsttouch,1788869363.3952398,1788869414.6708202,200.033308703,0.276773254,200.05331203413337,0.2767917056,30,0.078097304245,0.001986341862,0.0399173968031665,0.7362991741031127,2026-09-08 14:09:23.395239830,2026-09-08 14:10:14.670820236,51,71.86274509803921,70.29411764705883,80.72549019607843,54.76470588235294,70.52941176470588,0.42411764705882365,15600.070784313726,4219.479215686275,4382.712941176471,2860.2290196078425,4137.6498039215685,0.9898039215686275,0.13372549019607846,0.6526160982927754,0.13137254901960788,249.8960784313726,226.0170588235294,0.013384313725490196,51.68172296262255,108.95337162990194,39.45751633986928,18.486928104575163,208.7627663010818,189.36564791165867,19.397118389423078,59.6575039438101,51.82062762920673,17.070360576923076,60.81715688852164,5.511482309194711,3.776167555588942,4.883965970552885,5.225502178485576,3.1153877856684664,0.9172749238855699,0.9067166646321615,0.40822997747683054,0.8830345004212623,18.410845588235293,4.862591911764706,3.8490349264705883,4.991881127450981,4.707337622549019,6.3061224489795915,34.52448979591837,17.075510204081635,1.320408163265306,0.0
fio-repl,details,90,10,5,readwrite_random,unrepl-firsttouch,1788869417.597545,1788869468.863025,204.396542225,0.306210745,204.4237950976,0.3062311594666666,30,0.087510051355,0.002655212242,0.0437629801294865,0.8903310950681744,2026-09-08 14:10:17.597544909,2026-09-08 14:11:08.863024950,51,71.72549019607843,67.72549019607843,74.27450980392157,60.86274509803921,80.25490196078431,0.43352941176470594,15963.06882352941,4029.3199999999997,4191.381764705882,3250.6215686274513,4491.745882352941,0.9880392156862745,0.1335294117647059,0.7236877716966162,0.13294117647058828,259.81960784313725,234.9578431372549,0.013572549019607841,53.16086282169118,110.24833026960786,39.93464052287582,19.019607843137255,218.4421806066176,198.44356560202206,19.998615962009804,61.67058268229168,54.63705805759803,29.172492532169116,52.963433478860296,5.844361404718137,4.6906204044117645,5.495334137561275,3.9682988664215686,3.208909951004328,0.9003714767156863,0.9087517682243795,0.5818766425637638,0.8178912144081266,18.417279411764707,4.87109375,4.887408088235294,5.00390625,3.6548713235294117,6.004081632653062,34.518367346938774,17.46326530612245,1.3102040816326532,0.0
fio-repl,details,90,10,1,readwrite_random,unrepl-interleaved,1788869471.8290515,1788869523.195721,208.536726478,0.245260031,208.55758015146668,0.2452682069333333,30,0.073524710731,0.0004719566429999,0.036067623860448,0.1970512482005208,2026-09-08 14:11:11.829051495,2026-09-08 14:12:03.195720911,52,75.57692307692308,77.23076923076923,74.11538461538461,62.13461538461539,77.25,0.44442307692307675,15622.06423076923,4283.142692307692,4272.451346153845,2794.1934615384616,4272.275384615385,0.9855769230769232,0.13192307692307695,0.652369921402967,0.13750000000000004,248.10269230769234,223.4194230769231,0.01310576923076923,43.47200157752403,97.26017089843752,35.15865384615385,15.498397435897436,219.8349343213848,199.78709195006124,20.047842945772057,62.69397135416668,60.49524758731618,15.76570657169118,60.83216471354166,5.278386948529413,4.937558785232844,5.037724609375,4.794172602634805,3.301660874310662,0.9738475575166591,0.9836699541877297,0.4225631414675245,0.9215519475001914,18.34719669117647,5.871553308823529,3.814031862745098,4.981770833333333,3.6798406862745097,6.136734693877551,34.72857142857143,16.502040816326534,1.4081632653061222,0.0
fio-repl,details,90,10,2,readwrite_random,unrepl-interleaved,1788869526.0187175,1788869577.3684814,206.377612678,0.261206624,206.40512969386663,0.2612240384,30,0.072747832478,0.001100193643,0.0360561240819997,0.4314125865829954,2026-09-08 14:12:06.018717527,2026-09-08 14:12:57.368481398,51,73.6470588235294,74.15686274509804,74.86274509803921,59.509803921568626,74.72549019607843,0.42843137254901964,16002.523137254902,4368.230588235294,4313.192745098038,2971.7221568627447,4349.375882352941,0.9966666666666666,0.13450980392156864,0.6803034081731661,0.11666666666666667,256.5613725490196,232.49,0.013505882352941173,48.99668753829656,106.27432081035538,38.49673202614379,17.49346405228758,215.6252935431985,195.85168715533084,19.773604856004898,59.164530292585795,59.6823770680147,17.139961320465687,59.86481981464462,5.150647403492646,4.973796338848039,4.892194010416667,4.756966720281863,3.200051401175705,0.9243376488779105,0.965035457237094,0.42211951461492797,0.8885964786305147,18.364353553921568,4.842830882352941,4.882276348039215,4.977941176470588,3.6613051470588234,5.942857142857143,34.48367346938775,17.046938775510206,1.1673469387755102,0.0
fio-repl,details,90,10,3,readwrite_random,unrepl-interleaved,1788869580.251313,1788869631.5723498,204.513906079,0.264944658,204.53435746986668,0.2649623210666667,30,0.069659764701,0.001098010775,0.0348425517342009,0.4246818881527292,2026-09-08 14:13:00.251312971,2026-09-08 14:13:51.572349787,51,73.68627450980392,75.37254901960785,74.52941176470588,58.372549019607845,75.84313725490196,0.423921568627451,15676.773333333334,4119.870980392157,4294.386470588236,2911.481960784314,4351.033333333334,0.9917647058823529,0.1331372549019608,0.6691472433638708,0.13294117647058828,250.47156862745098,225.55745098039216,0.013335294117647058,48.86450980392157,107.40649720435049,38.92647058823529,17.43627450980392,212.21786940354562,192.47032189002402,19.747546574519227,58.00393742487982,58.39114314152644,16.803444073016827,59.271797062800474,5.25793964092548,4.886469163161058,4.855916841947115,4.747222055288461,3.2140662249396827,0.9391947727577359,0.9611167907714844,0.4221828685087316,0.891628340178845,18.360447303921568,5.8604473039215685,3.867110906862745,4.9609375,3.671951593137255,6.0520000000000005,33.952000000000005,16.776,1.324,0.0
fio-repl,details,90,10,4,readwrite_random,unrepl-interleaved,1788869634.4618435,1788869685.7690692,203.269376605,0.267350488,203.3032548352,0.2673683114666667,30,0.087055369197,0.001132964049,0.0438011564767934,0.4342249727335922,2026-09-08 14:13:54.461843491,2026-09-08 14:14:45.769069195,51,72.90196078431373,74.6078431372549,74.54901960784314,59.254901960784316,74.03921568627452,0.42294117647058826,15752.802352941175,4196.769019607843,4384.058823529413,2999.8735294117646,4172.1,0.9933333333333333,0.13372549019607843,0.6842685397630451,0.13039215686274513,253.5035294117647,228.6358823529412,0.013409803921568625,49.6000337009804,108.19648150275736,39.200980392156865,17.715686274509803,210.8289423076923,190.81227708082935,20.016665226862983,57.44460768479568,58.607181302584124,17.193475811298075,57.56701303335337,5.305943885216346,4.900679462139424,5.10330341045673,4.706739032451923,3.2040156196145446,0.9362280602548636,0.9626859029134115,0.4212366739908854,0.8838932560939414,18.370863970588236,5.866421568627451,3.8628216911764706,4.989123774509804,3.6524969362745097,6.33061224489796,34.15510204081633,17.532653061224487,1.2571428571428571,0.0
fio-repl,details,90,10,5,readwrite_random,unrepl-interleaved,1788869688.7058246,1788869740.0108728,204.893118127,0.276397675,204.90677766826667,0.2764161024,30,0.07907443078,0.001482340322,0.0394686183893818,0.5501864547606893,2026-09-08 14:14:48.705824614,2026-09-08 14:15:40.010872841,51,72.72549019607843,75.84313725490196,74.72549019607843,56.509803921568626,72.2156862745098,0.43000000000000005,15721.735490196079,4358.738627450981,4299.70137254902,2855.213333333334,4208.08274509804,0.9901960784313726,0.13333333333333336,0.6550549545117097,0.1354901960784314,253.95372549019606,229.26490196078433,0.013405882352941175,51.06378197763481,110.17468271292891,39.900326797385624,18.25653594771242,216.9215667126226,196.77442459405634,20.14714231004902,61.009008693321086,59.84322782628677,17.999952703737744,57.92223671109068,5.266221469056373,5.120919692095589,4.957874923406862,4.802127182904412,3.172920825434666,0.9283252790862438,0.9545833363252527,0.4216797772575827,0.8683688593845741,18.31870404411765,4.864659926470588,4.845971200980392,4.9559589460784315,3.6521139705882355,6.294,34.11,17.066000000000003,1.328,0.0
fio-repl,details,85,15,1,readwrite_random,repl,1788869742.9564357,1788869794.5386343,194.642671404,0.399009951,194.66213567146667,0.3990365525333333,30,0.066378248079,0.000458270068,0.0348850195274234,0.1175218980018728,2026-09-08 14:15:42.956435680,2026-09-08 14:16:34.538634300,52,84.63461538461539,83.98076923076923,85.65384615384616,84.28846153846153,86.3076923076923,0.42134615384615387,15322.079807692307,3897.038076923077,3979.421346153846,3605.399615384616,3840.220576923077,0.9915384615384616,0.13,0.9060110256656471,0.17365384615384613,250.91634615384615,215.27576923076924,0.012790384615384611,23.651400991586534,72.6847393329327,26.177884615384617,8.229166666666666,208.47715092677694,186.640494408701,21.836656901041668,47.975437155330894,47.388280867034325,45.22430644914215,46.05246936274511,5.584481655943629,5.160308287377451,6.128598728553924,4.96326842064951,3.943198497478779,0.9485640892615685,0.9750192348773663,1.111900623028095,0.9077145503117487,18.25157752403846,4.804987980769231,3.8426231971153846,5.948392427884615,3.655573918269231,5.900000000000001,27.896000000000008,22.484,0.7500000000000001,0.0
fio-repl,details,85,15,2,readwrite_random,repl,1788869797.1036,1788869848.6794534,195.84006,0.396693954,195.8596440064,0.3967204010666667,30,0.072877040081,0.000435620788,0.0380675901452448,0.1123451777813064,2026-09-08 14:16:37.103600025,2026-09-08 14:17:28.679453373,52,84.51923076923077,82.98076923076923,86.03846153846153,84.42307692307692,86.1923076923077,0.4440384615384615,15704.387115384616,3875.416153846154,4118.317692307692,3951.749615384616,3758.9055769230763,0.9886538461538462,0.13019230769230772,0.9127284143095771,0.1746153846153846,255.71250000000003,220.88807692307694,0.012713461538461535,23.388119178185093,71.17280010516825,25.55608974358974,8.052884615384615,204.63847693810098,183.4932694185697,21.145207331730774,45.735918532151445,47.9255029296875,46.29080829326923,43.54104022686298,5.387390700120193,5.026533015324519,5.957451547475961,4.773831881009616,3.9368746830866885,0.9417668856107272,0.9816918006310096,1.1130041709313028,0.9004237835223858,18.2138671875,4.793719951923077,3.817157451923077,5.940279447115385,3.6634615384615383,5.659183673469388,28.530612244897963,22.414285714285718,0.7408163265306121,0.0
fio-repl,details,85,15,3,readwrite_random,repl,1788869851.2640443,1788869902.861994,194.686048075,0.39929549,194.70551668053332,0.3993088,30,0.0646424779,0.000561855468,0.0339765006039582,0.1439861401556633,2026-09-08 14:17:31.264044285,2026-09-08 14:18:22.861994028,52,85.21153846153847,85.0576923076923,85.92307692307692,85.11538461538461,85.73076923076923,0.43903846153846143,15763.174615384616,3878.712307692308,3996.8659615384613,4047.701923076923,3839.8948076923075,0.9890384615384615,0.1321153846153846,0.9486604697347261,0.16807692307692304,256.3763461538462,220.60750000000004,0.012782692307692304,23.85334979717548,73.03958158052885,26.267628205128204,8.27724358974359,206.3035392878606,184.81745736929088,21.486082669771633,46.37299692007212,46.72238412710337,46.49657151442308,45.22550499549278,5.563647273137018,5.071238919771635,5.989427959735577,4.86176776592548,3.9733715790968676,0.9617917721088116,0.9842367905836839,1.117005201486441,0.9103378149179312,18.26727764423077,4.848031850961538,3.8538912259615383,5.918118990384615,3.647235576923077,5.646938775510205,28.718367346938777,22.228571428571428,0.7224489795918367,0.0
fio-repl,details,85,15,4,readwrite_random,repl,1788869905.4703536,1788869957.055457,195.518380043,0.397243737,195.54444916053333,0.3972702208,30,0.0742485165989999,0.000462465194,0.0388539673027787,0.1191128979979168,2026-09-08 14:18:25.470353603,2026-09-08 14:19:17.055457115,51,84.3921568627451,84.03921568627452,85.6470588235294,82.03921568627452,86.52941176470588,0.42725490196078425,15558.66980392157,3766.764705882353,3938.350784313726,3935.858235294117,3917.69568627451,0.9931372549019608,0.13235294117647062,0.9564319970900529,0.1737254901960784,252.5817647058824,217.11156862745096,0.012672549019607838,23.81428998161764,72.97028377757353,26.246732026143793,8.202614379084967,198.45017183743994,177.26850604717544,21.1816650390625,43.66879751352164,44.81859243539664,44.801838566706735,43.97927659254807,5.4404385141225955,5.031626915564905,5.911043043870193,4.798555814302884,4.012153176700368,0.9626074398265165,0.9899938246783089,1.1319614485198377,0.9276187373142616,18.479243259803923,4.883808210784314,4.912454044117647,4.995098039215686,3.6878829656862746,5.522448979591837,27.891836734693875,22.216326530612246,0.7306122448979593,0.0
fio-repl,details,85,15,5,readwrite_random,repl,1788869959.5859275,1788870011.2059655,195.65792213,0.399078077,195.6774879232,0.3991046826666667,30,0.079157766995,0.000408098763,0.0413811012208583,0.1046438736999152,2026-09-08 14:19:19.585927486,2026-09-08 14:20:11.205965519,51,85.98039215686275,85.68627450980392,87.31372549019608,85.07843137254902,87.74509803921569,0.44078431372549015,16251.25039215686,4104.978039215686,3914.1586274509805,4179.511176470588,4052.601176470588,0.9915686274509804,0.13372549019607843,0.9365111043335728,0.16,264.7674509803922,228.79274509803918,0.013070588235294113,24.35908720128677,74.52966739430147,26.82843137254902,8.457516339869281,208.03437161959133,186.49620999849756,21.538162184495192,46.129724121093744,44.50334942157452,48.55636944110577,47.306764948918264,5.577891376201924,5.04474834735577,6.013833195612979,4.901689453125,4.058853897393918,0.9777554530723422,1.0073853287042356,1.1379344416599648,0.935750400318819,18.444623161764707,4.865425857843137,3.8877910539215685,6.006816789215686,3.6845894607843137,5.679591836734694,29.108163265306125,22.546938775510203,0.7795918367346939,0.0
fio-repl,details,85,15,1,readwrite_random,unrepl-bound,1788870013.7724276,1788870064.6989002,87.900041504,2.665938025,87.9117615104,2.6661157546666665,30,0.267842157315,0.20125658443,0.3101992047866309,7.95553384230145,2026-09-08 14:20:13.772427559,2026-09-08 14:21:04.698900223,51,65.33333333333333,77.27450980392157,79.54901960784314,58.03921568627451,81.33333333333333,0.2749019607843137,9994.553921568628,2271.2843137254904,2278.203529411765,3270.2376470588233,2174.8276470588235,0.9933333333333334,0.1343137254901961,0.6650365758631681,0.15490196078431376,161.36352941176472,139.6307843137255,0.012580392156862746,37.95304170496324,88.4899973192402,31.990196078431367,13.459150326797385,144.13363836550243,122.2942631740196,21.839373659620097,21.284782475490196,20.48347598805147,60.603148552389705,19.922855583639706,3.6065872012867644,3.3457245710784314,11.733926738664215,3.1531349571078433,2.750890808105469,0.5423112487792969,0.568504409790039,1.14381591796875,0.49621116638183593,18.543359375,4.877265625,3.90859375,6.0709375,3.6865625,10.635416666666666,37.393750000000004,16.454166666666666,2.622916666666667,0.0
fio-repl,details,85,15,2,readwrite_random,unrepl-bound,1788870067.9918294,1788870118.959984,93.606477745,2.164459265,93.61895860906668,2.164603562666666,30,0.298279215509,0.181419203675,0.3245123626436442,8.865529413421292,2026-09-08 14:21:07.991829395,2026-09-08 14:21:58.959984064,51,64.50980392156863,71.70588235294117,76.43137254901961,57.490196078431374,78.13725490196079,0.2758823529411765,9415.77,2092.9517647058824,2217.9245098039214,3020.5225490196076,2084.3698039215687,0.9878431372549019,0.13019607843137257,0.6900692744697792,0.1809803921568627,148.7056862745098,127.1050980392157,0.011862745098039215,37.14051087622549,85.90489449295343,31.00490196078432,13.140522875816993,134.2025932521446,113.4592662377451,20.74332643995098,18.79030196844363,18.83078469669118,57.81843118106617,18.01974934895833,3.633661917892157,3.3405574065563726,10.625408624387257,3.143698682598039,2.7865711212158204,0.5496446990966797,0.5858249664306641,1.135860137939453,0.515204086303711,18.6328125,5.92765625,3.97125,5.03609375,3.6978125,10.049999999999999,34.9125,16.702083333333334,2.110416666666667,0.0
fio-repl,details,85,15,3,readwrite_random,unrepl-bound,1788870122.2549815,1788870173.1432729,94.403918029,1.61304704,94.41335842133331,1.6131545770666669,30,0.26031488812,0.128946713093,0.2803839048763234,8.806745150383735,2026-09-08 14:22:02.254981518,2026-09-08 14:22:53.143272877,51,64.66666666666667,73.70588235294117,76.27450980392157,57.21568627450981,77.50980392156863,0.28529411764705886,10217.550196078433,2267.26862745098,2421.7954901960784,3146.6509803921567,2381.8350980392156,0.9933333333333333,0.1331372549019608,0.7205338760412564,0.17882352941176471,162.47411764705882,139.0307843137255,0.012054901960784315,39.44420553768382,91.71796760110296,33.13235294117647,13.991830065359478,141.07470013786767,119.76470377604169,21.309995978860293,19.533464690563722,21.079137369791663,58.1364395680147,21.01566119025735,3.998081341911765,3.810942861519607,9.917343367034313,3.5836274509803925,2.8182779693603517,0.5590143585205078,0.595072021484375,1.1381369018554688,0.5260194396972656,18.488515625,4.848828125,3.93515625,6.040859375,3.663671875,10.233333333333334,35.764583333333334,18.075000000000003,1.6479166666666665,0.0
fio-repl,details,85,15,4,readwrite_random,unrepl-bound,1788870176.445141,1788870227.3305745,89.196814436,2.439195645,89.20870734506667,2.4394395648,30,0.268883273807,0.202443413284,0.3067867301145652,8.82613997158025,2026-09-08 14:22:56.445141077,2026-09-08 14:23:47.330574512,51,65.07843137254902,74.76470588235294,78.70588235294117,58.27450980392157,80.41176470588235,0.28921568627450983,10071.462941176469,2288.683529411765,2339.3539215686274,3088.5743137254904,2354.851176470588,0.9903921568627451,0.13411764705882354,0.7410161767003484,0.16392156862745094,161.8501960784314,139.3601960784314,0.012313725490196083,38.42889667585785,88.87423100490197,32.119281045751634,13.616013071895424,144.23618412990194,122.43950884650735,21.796675857843137,20.941805491727944,21.043394033394605,59.5017827052696,20.95252623314951,3.7560826439950987,3.486139131433823,11.241833639705883,3.312619293811275,2.787566146850586,0.5478449249267577,0.5834307861328125,1.1429981231689452,0.5133255004882813,18.567109375,4.858203125,3.954609375,6.07171875,3.682578125,10.660416666666665,37.387499999999996,16.866666666666667,2.3708333333333336,0.0
fio-repl,details,85,15,5,readwrite_random,unrepl-bound,1788870230.669585,1788870281.6271403,98.059769703,1.01443402,98.06957568,1.0145016490666667,30,0.259622117131,0.04715421524,0.2695085252686017,5.0846102480368875,2026-09-08 14:23:50.669584990,2026-09-08 14:24:41.627140284,51,66.37254901960785,77.27450980392157,78.96078431372548,56.6078431372549,80.11764705882354,0.2919607843137255,10727.784509803922,2570.675490196078,2520.9723529411763,3095.0105882352937,2541.1264705882354,0.9941176470588236,0.13509803921568628,0.814527860590803,0.1645098039215686,172.54588235294113,147.34666666666666,0.01243529411764706,40.50071920955882,92.73119638480394,33.51143790849673,14.369281045751633,149.43544692095588,128.9998983226103,20.435549747242646,24.335857651654415,22.954203239889708,58.41981196384804,23.29002527573529,4.272409811580883,3.964128944546569,8.444098690257352,3.7549113434436276,2.9508863830566403,0.6026741790771485,0.6331698608398437,1.1481505584716798,0.5668629455566406,18.57171875,4.860546875,3.950390625,6.08109375,3.6796875,9.787755102040817,35.234693877551024,18.03469387755102,1.2224489795918367,0.0
fio-repl,details,85,15,1,readwrite_random,unrepl-firsttouch,1788870284.8924885,1788870335.8319063,134.081663475,8.92037837,134.0950716416,8.921270408533333,30,0.307075639612,0.43511512459,0.2335406917108728,5.06157385805794,2026-09-08 14:24:44.892488480,2026-09-08 14:25:35.831906319,51,50.705882352941174,50.529411764705884,55.35294117647059,43.490196078431374,50.333333333333336,0.32529411764705884,12161.999803921568,3188.421960784313,3115.9690196078427,2723.3678431372546,3134.2411764705885,0.9960784313725489,0.13411764705882354,0.854142857072575,0.1335294117647059,196.39058823529408,174.22921568627447,0.013117647058823527,75.7984920726103,148.88087603400734,54.09967320261438,27.305555555555554,186.18378982843137,148.46046300551473,37.72332701439951,43.592221583946085,34.28730583639706,26.641642156862748,43.93929132199755,10.185831801470588,6.666937614889705,10.717586167279414,10.152972005208332,2.342140121459961,0.6504493713378906,0.613336944580078,0.4583723449707031,0.6199910736083984,18.60859375,5.891796875,3.973359375,5.041328125,3.702109375,8.447916666666666,36.49791666666667,17.010416666666668,4.270833333333333,0.0
fio-repl,details,85,15,2,readwrite_random,unrepl-firsttouch,1788870339.1838682,1788870390.1148489,127.939896667,5.507569545,127.9654846464,5.508120302933333,30,0.386144058488,0.338712982726,0.3070230792889766,6.44137625158757,2026-09-08 14:25:39.183868170,2026-09-08 14:26:30.114848852,51,55.490196078431374,51.31372549019608,59.01960784313726,49.568627450980394,60.72549019607843,0.32627450980392164,11795.78705882353,2983.3696078431367,2945.4998039215684,2782.977058823529,3083.939803921568,0.9915686274509804,0.1331372549019608,0.9024096564027185,0.1447058823529412,191.06607843137257,168.15607843137252,0.012941176470588234,62.7416011795343,128.50789713541667,46.673202614379086,22.545751633986928,173.96501455269612,143.94695503982842,30.018060278799027,46.98465207567402,29.946849724264702,34.98902458639706,32.02642999387255,9.707384535845588,4.797600337009803,10.614578163296569,4.8984976256127455,2.4785838407628678,0.7072339525409773,0.6012118470435048,0.6254312851849725,0.5446821474561504,18.514399509803923,5.871017156862745,3.9589460784313726,5.021522671568627,3.6629136029411766,8.891666666666667,35.604166666666664,17.441666666666666,3.127083333333333,0.0
fio-repl,details,85,15,3,readwrite_random,unrepl-firsttouch,1788870393.4657404,1788870444.419043,125.050962182,6.729352421,125.06763564373334,6.729801045333333,30,0.383916710769,0.355121800333,0.3126418852649469,5.487544214193119,2026-09-08 14:26:33.465740442,2026-09-08 14:27:24.419043064,51,53.254901960784316,48.8235294117647,55.666666666666664,48.96078431372549,57.254901960784316,0.32176470588235295,11514.47607843137,2934.636470588235,2841.0401960784316,2832.7472549019617,2906.05274509804,0.9898039215686275,0.13215686274509805,0.9652804643071002,0.14294117647058827,187.4094117647059,165.3609803921569,0.01303529411764706,65.41629001991423,132.9765062040441,48.23856209150327,23.5,173.70853209252448,141.76704695159313,31.941486098345585,46.143440563725484,28.794627374387254,33.87938993566176,32.94958965226716,10.159421913296567,4.831885723039216,11.459716413909314,5.490460707720589,2.40339256735409,0.6899123098336014,0.5804420171999464,0.5956952712115119,0.5373429691090303,18.538373161764707,4.864889705882353,4.974494485294118,5.0162377450980395,3.682751225490196,9.127083333333333,36.416666666666664,16.943749999999998,4.039583333333334,0.0
fio-repl,details,85,15,4,readwrite_random,unrepl-firsttouch,1788870447.7437172,1788870498.6729536,137.375261402,4.916569292,137.38899892906667,4.917060949333333,30,0.350708118849,0.344534940081,0.2598254949552238,7.397278554554094,2026-09-08 14:27:27.743717194,2026-09-08 14:28:18.672953606,51,55.80392156862745,53.529411764705884,58.96078431372549,50.3921568627451,58.431372549019606,0.35156862745098044,12345.698823529412,3178.532549019608,3130.4384313725495,2958.274901960784,3078.4523529411767,0.9866666666666667,0.13254901960784315,0.9307046117470905,0.15568627450980393,202.95862745098043,176.9894117647059,0.012976470588235292,66.19900390625,133.5305983838848,48.47222222222222,23.781045751633986,182.20480238970592,151.6124385340073,30.59236366421568,43.55581897212009,35.931304572610294,35.723359183517154,36.401957146139715,8.313365885416667,6.150049785539216,10.038746744791666,6.090201056985293,2.5476109373803233,0.6799239364324832,0.6592497732125077,0.6229023652918199,0.5855631360820696,18.50551470588235,4.859375,3.932827818627451,6.033471200980392,3.6798406862745097,8.663265306122451,34.84285714285714,18.397959183673468,2.63265306122449,0.0
fio-repl,details,85,15,5,readwrite_random,unrepl-firsttouch,1788870502.013452,1788870552.918313,122.243047836,6.629177357,122.25934690986666,6.629619302399999,30,0.383691023596,0.3726034729199999,0.3195258834160474,5.855689204573202,2026-09-08 14:28:22.013452053,2026-09-08 14:29:12.918313026,51,53.705882352941174,55.588235294117645,50.09803921568628,50.27450980392157,53.8235294117647,0.3137254901960784,11612.908431372549,2913.2117647058826,2935.498823529412,3008.5994117647065,2755.598039215686,0.995686274509804,0.13372549019607843,0.9159072585204617,0.13784313725490197,189.55627450980393,166.40980392156865,0.01305098039215686,64.32023207720587,131.53100873161765,47.74019607843138,23.120915032679736,173.82735657935044,141.65268650428922,32.174669500612744,30.779352979473042,40.03767865349265,38.82943493412989,32.00621955422794,5.501359719669118,8.311943742340686,12.510715762867648,5.850650850183823,2.4284822052600337,0.55310245588714,0.6730743109011182,0.6700105106129366,0.5322949278588389,18.439568014705884,4.79281556372549,4.94937193627451,5.0267310049019605,3.6706495098039214,9.179591836734692,35.42448979591837,17.132653061224488,3.548979591836735,0.0
fio-repl,details,85,15,1,readwrite_random,unrepl-interleaved,1788870556.2864292,1788870607.190773,146.52735773,6.728579831,146.54689471146668,6.7290284032,30,0.265733329368,0.411630255566,0.1849546556915449,6.414807036368399,2026-09-08 14:29:16.286429167,2026-09-08 14:30:07.190773010,51,53.15686274509804,54.64705882352941,54.72549019607843,43.01960784313726,55.666666666666664,0.33882352941176463,12773.615098039214,3349.7707843137255,3208.215882352942,2749.369607843137,3466.2580392156865,0.9980392156862746,0.13549019607843138,0.7931808817283665,0.13352941176470587,207.0572549019608,182.74607843137252,0.013147058823529414,75.19687002144606,146.65168121936273,53.312091503267965,27.089869281045747,191.0748148360907,155.92523399203432,35.149580652573526,44.275369753370086,42.936886871936274,23.67117761948529,45.041799364276976,9.001006433823528,8.802367110906864,8.696506587009804,8.649698797487746,2.432342005710976,0.667637170529833,0.7026790544098498,0.42194366455078125,0.6401447221344592,18.53354779411765,4.866421568627451,4.955729166666667,5.040058210784314,3.6713388480392157,7.814583333333334,35.52291666666667,17.427083333333332,3.0666666666666664,0.0
fio-repl,details,85,15,2,readwrite_random,unrepl-interleaved,1788870610.6004035,1788870661.536872,139.455300933,9.092784696,139.469246464,9.093390882133331,30,0.2764624995069999,0.456356037972,0.2023214635937679,5.209054110582756,2026-09-08 14:30:10.600403547,2026-09-08 14:31:01.536871910,51,46.92156862745098,47.8235294117647,45.450980392156865,43.411764705882355,46.3921568627451,0.31901960784313727,11290.921372549019,2865.4050980392158,2887.356666666666,2635.8764705882354,2902.2835294117644,0.9919607843137254,0.12980392156862747,0.90820777635136,0.1558823529411765,180.69627450980397,159.14529411764704,0.012617647058823534,75.6373313036152,147.0378599877451,53.454248366013076,27.274509803921564,172.85277458639703,135.63887274050245,37.21390069699755,38.16130323223039,36.887179074754904,23.582757927389704,37.00763461243873,9.424136603860294,9.22195561427696,9.46521005667892,9.102599379595588,2.25854866177428,0.6359616447897518,0.6329478843539369,0.42131992414885877,0.5683474821202895,18.45917585784314,5.849494485294118,3.950061274509804,5.009267769607843,3.6503523284313726,8.008163265306122,33.53265306122449,17.332653061224487,3.7857142857142865,0.0
fio-repl,details,85,15,3,readwrite_random,unrepl-interleaved,1788870664.8992114,1788870715.8744254,140.805605771,8.481744967,140.81968633173335,8.482310417066667,30,0.286983525959,0.4475985154149999,0.2079428798142062,5.491681597100398,2026-09-08 14:31:04.899211407,2026-09-08 14:31:55.874425411,51,50.21568627450981,51.64705882352941,49.470588235294116,42.94117647058823,51.294117647058826,0.3345098039215686,11861.96431372549,3076.1068627450986,3107.6443137254905,2681.783921568627,2996.428627450981,0.9917647058823529,0.13372549019607846,0.8629635990592709,0.16549019607843132,191.72039215686274,169.02117647058824,0.012686274509803924,75.21695695465687,146.34466413909314,53.19607843137254,27.132352941176467,180.11247108609072,143.14076286764706,36.97170879289216,40.3990194163603,39.95152765012255,23.558494178921563,39.23172104779412,9.33392750459559,9.01688304227941,9.651438802083334,8.969458486519606,2.364816970825195,0.6602725219726562,0.67531494140625,0.4241390991210937,0.6050932312011719,18.492578125,5.913671875,3.845859375,5.0465625,3.686484375,7.995833333333334,35.05416666666667,17.072916666666668,3.7312499999999997,0.0
fio-repl,details,85,15,4,readwrite_random,unrepl-interleaved,1788870719.115159,1788870770.046278,150.748759998,5.567281916,150.77388479146668,5.5676530688,30,0.264294407565,0.398951332773,0.1786648968438836,7.589271880150883,2026-09-08 14:31:59.115159035,2026-09-08 14:32:50.046278000,51,55.509803921568626,54.03921568627451,56.6078431372549,44.705882352941174,59.05882352941177,0.34431372549019607,13028.980392156865,3279.1464705882354,3481.165294117647,2739.4884313725493,3529.1803921568626,0.9986274509803922,0.13549019607843138,0.7762392756858506,0.13529411764705884,212.61882352941174,186.9323529411765,0.013243137254901963,73.23971564797795,142.63411017922795,51.84313725490196,26.380718954248366,191.19993566176473,157.7456307444853,33.45430415134803,43.7550181908701,45.05786573223039,23.09725011488971,45.83549900428922,8.501436504289217,8.498162722120098,8.160989774816175,8.293715150122548,2.527083511352539,0.6939236450195312,0.7368944549560548,0.42457527160644526,0.671728286743164,18.533125,4.79984375,4.984453125,5.060078125,3.68875,7.635416666666667,35.072916666666664,18.16458333333333,2.6916666666666664,0.0
fio-repl,details,85,15,5,readwrite_random,unrepl-interleaved,1788870773.326023,1788870824.275492,137.661987835,9.419728967,137.6803427669333,9.420356949333334,30,0.280703261592,0.4532639770789999,0.2080275880821462,4.994595495327636,2026-09-08 14:32:53.326023102,2026-09-08 14:33:44.275491953,51,50.15686274509804,51.86274509803921,51.05882352941177,42.372549019607845,51.31372549019608,0.32862745098039214,12303.868627450982,3257.9015686274506,3172.3149019607836,2723.4613725490194,3150.190784313725,0.9958823529411764,0.13568627450980394,0.8359556957690437,0.12862745098039216,199.06137254901958,176.37490196078434,0.01320980392156863,78.86004538143382,152.9157471660539,55.58169934640522,28.447712418300654,191.82648724724268,152.45249234068626,39.373994715073536,43.074914790134805,42.33969573376225,24.734256855085782,42.30362553615196,9.873642578125,9.70207452512255,10.326847234987746,9.471430568321079,2.339822235107422,0.6435557556152344,0.6716268157958984,0.4246348571777344,0.5999109649658203,18.597109375,4.87171875,4.979296875,5.04765625,3.6984375,8.365306122448981,35.655102040816324,17.457142857142856,4.040816326530612,0.0
fio-repl,details,80,20,1,readwrite_random,repl,1788870827.6639318,1788870879.2856848,151.36363779,0.518921095,151.3737286997333,0.5189556906666667,30,0.058220451339,0.000625468003,0.0393632212617634,0.1233467307492229,2026-09-08 14:33:47.663931847,2026-09-08 14:34:39.285684824,52,79.71153846153847,79.4423076923077,80.8076923076923,79.42307692307692,79.9423076923077,0.35750000000000004,12338.629615384616,3019.2834615384613,3162.9692307692308,3295.6436538461535,2860.7315384615385,0.9909615384615384,0.12846153846153846,0.8680342412393238,0.22788461538461538,201.64153846153846,161.5328846153846,0.011709615384615386,28.602217548076926,83.85869572566108,30.25480769230769,9.961538461538462,165.68416109525242,139.20732459435095,26.47683743990385,35.39122408353365,33.64512282151442,38.249764122596154,31.921214130108176,6.896273475060097,6.402924429086538,6.9767317082331735,6.200907827524038,4.0124890944536995,0.9639039133109298,0.9924611858293122,1.1324326010311352,0.9236632702397365,18.56479779411765,4.864736519607843,3.9528186274509802,5.046109068627451,4.701133578431373,6.239999999999998,25.195999999999998,24.875999999999998,0.7000000000000002,0.0
fio-repl,details,80,20,2,readwrite_random,repl,1788870881.7928104,1788870933.383947,151.772076825,0.512558793,151.7872540330667,0.5125929642666667,30,0.07306761077,0.000538998906,0.0492526632017824,0.1076390705943711,2026-09-08 14:34:41.792810440,2026-09-08 14:35:33.383946896,52,81.86538461538461,81.92307692307692,81.76923076923077,81.86538461538461,81.98076923076923,0.3588461538461539,13086.278653846151,3187.325769230769,3360.3094230769225,3449.8174999999997,3088.825769230769,0.9938461538461538,0.13250000000000003,0.8953591803713585,0.2053846153846154,216.22423076923076,174.62326923076927,0.012234615384615384,29.25498291015625,85.75608173076922,30.931089743589748,10.30448717948718,176.2152232947716,149.35030066856973,26.864922814002405,37.652993915264425,37.79062180739183,38.86722975510817,35.039455754206735,7.034907602163463,6.510125826322114,7.094612567608173,6.225276817908652,4.043098823696959,0.9839345894607844,1.0014836180443858,1.1301217172660079,0.9275400498334099,18.55062806372549,4.869255514705882,4.967141544117647,5.0588235294117645,3.655407475490196,6.244,26.236,25.274,0.682,0.0
fio-repl,details,80,20,3,readwrite_random,repl,1788870935.9224534,1788870987.4930918,151.5162343,0.518855516,151.53138592426666,0.5189246976,30,0.0612180148019999,0.0004735680229999,0.0413414121420135,0.0933983281839254,2026-09-08 14:35:35.922453403,2026-09-08 14:36:27.493091822,52,79.32692307692308,78.38461538461539,80.23076923076923,78.75,82.15384615384616,0.3569230769230769,12676.602307692307,3150.5646153846155,3036.7553846153846,3369.195192307692,3120.0884615384616,0.9919230769230769,0.13076923076923078,0.9013296087886773,0.23269230769230773,208.04692307692306,167.8875,0.011701923076923079,28.33782245342548,83.06186373197116,29.935897435897434,9.85897435897436,167.9595466496394,141.81817044771634,26.14137507512019,36.53634784405048,33.65398418719952,37.10966984675481,34.5181670673077,6.830760216346154,6.3326269531250015,6.96050274188702,6.0174853515625,3.978739794562845,0.9541419534122243,0.977177339441636,1.1274366939769072,0.9199673521752451,18.545802696078432,5.8864889705882355,3.9301470588235294,5.044653799019608,3.684512867647059,6.068,25.334,25.177999999999997,0.694,0.0
fio-repl,details,80,20,4,readwrite_random,repl,1788870990.043934,1788871041.6450105,150.711315318,0.512589102,150.7213627392,0.5126232746666667,30,0.063726253783,0.000515116549,0.0432735867490227,0.1028033002829157,2026-09-08 14:36:30.043934107,2026-09-08 14:37:21.645010471,52,81.11538461538461,80.98076923076923,82.59615384615384,79.84615384615384,82.3076923076923,0.3696153846153847,12959.641730769234,3403.2396153846153,3431.5459615384616,2947.295384615385,3177.5607692307685,0.9903846153846155,0.13153846153846155,0.8588826778511301,0.21384615384615385,213.99115384615382,172.4469230769231,0.012169230769230767,29.28075307992788,86.0044277719351,30.974358974358974,10.30929487179487,173.56048884465142,146.67507587139423,26.885413724459134,39.75503868689904,38.21225867638221,31.882752779447117,36.825026104266826,6.9969452373798084,6.494570688100961,7.208035982572117,6.185861816406249,4.039949155321308,0.9733512728821998,1.0009048312318092,1.1307098538267846,0.9349643482881433,18.535386029411764,4.866344975490196,3.9471507352941178,5.022518382352941,4.69937193627451,6.528,26.148000000000003,26.551999999999992,0.6460000000000001,0.0
fio-repl,details,80,20,5,readwrite_random,repl,1788871044.195568,1788871096.559535,152.201037773,0.513297253,147.30605601032258,0.4967723932903226,31,0.067516861401,0.002242953894,0.0453877599948123,0.4489122608485767,2026-09-08 14:37:24.195568085,2026-09-08 14:38:16.559535027,53,79.26415094339623,77.81132075471699,80.9245283018868,79.13207547169812,79.16981132075472,0.3754716981132075,12326.606981132074,2841.2375471698115,3327.8190566037742,3217.5886792452834,2939.9609433962264,0.9852830188679245,0.12433962264150947,0.8537836639680324,0.2313207547169812,200.8198113207547,162.68245283018868,0.011545283018867925,27.10708394752359,79.65689582104953,28.762578616352197,9.482704402515724,164.29543663611776,138.95197021484375,25.343467548076923,31.614071326622597,36.74915621243991,36.73075232872596,33.857990534855766,6.54353008563702,6.091957068810097,6.875463491586539,5.83251690204327,4.018985014695387,0.9785534051748422,1.0000414481529822,1.1284269919762244,0.9119816560011643,18.52118389423077,5.8799579326923075,3.953425480769231,5.043719951923077,3.6440805288461537,6.03,25.322,25.494,0.6920000000000001,0.0
fio-repl,details,80,20,1,readwrite_random,unrepl-bound,1788871098.9799232,1788871152.8949482,51.804411674,11.436329349,47.09962919563636,10.397356156121212,33,0.253598920692,0.268456643729,0.5024618445166728,2.40773119344306,2026-09-08 14:38:18.979923248,2026-09-08 14:39:12.894948244,54,57.870370370370374,66.77777777777777,71.03703703703704,54.666666666666664,72.5925925925926,0.22296296296296295,6653.891666666666,1407.1214814814814,1472.6951851851854,2346.0998148148146,1427.975925925926,0.9925925925925926,0.1264814814814815,0.5997705095904243,0.16425925925925922,100.78851851851853,82.9285185185185,0.011183333333333335,35.211913700810186,86.3079445167824,31.100308641975307,12.483024691358025,107.09580982349536,76.40612214265046,30.68968876591435,9.818948025173611,10.194991500289355,46.33439507378472,10.05778645833333,3.0627976707175915,2.815081018518519,22.1219191261574,2.6898902271412037,2.161394587102926,0.3465700689351784,0.3680340029158682,1.1423176459546358,0.3044910071031103,18.556603773584907,4.856500589622642,3.9686762971698113,6.03736733490566,3.6940595518867925,10.614285714285714,35.82857142857143,17.381632653061224,6.1938775510204085,0.0
fio-repl,details,80,20,2,readwrite_random,unrepl-bound,1788871154.455786,1788871205.4019856,49.243515512,11.147181948,49.25008131413333,11.1479250944,30,0.139929983704,0.218450543431,0.2902981688726381,2.0103545338807174,2026-09-08 14:39:14.455785990,2026-09-08 14:40:05.401985645,50,60.2,64.86,76.3,55.84,75.12,0.19820000000000002,7080.534000000001,1480.4850000000004,1508.7079999999999,2643.8207999999995,1447.5210000000004,0.9942,0.13620000000000002,0.5475110113363207,0.1506,107.59200000000001,89.99640000000001,0.0113,36.4484556640625,88.26682363281249,31.851666666666663,12.898333333333335,114.80220013786764,82.9858576516544,31.816342486213234,10.805444814644607,10.675346009497549,51.15409390318628,10.350972924325982,2.91784428615196,2.658512944240196,23.709277343749996,2.530706954656863,2.17146240234375,0.3521579742431641,0.37676658630371096,1.1400814819335938,0.3024262237548828,18.61734375,5.901328125,3.976328125,5.054140625,3.685546875,11.429787234042553,37.14042553191489,17.80212765957447,7.2978723404255295,0.0
fio-repl,details,80,20,3,readwrite_random,unrepl-bound,1788871208.7119088,1788871259.6684222,51.826300966,9.922634061,51.831483596800005,9.923626325333334,30,0.115331607223,0.176826356468,0.2274833960911778,1.8271397009461137,2026-09-08 14:40:08.711908817,2026-09-08 14:40:59.668422222,51,57.490196078431374,72.25490196078431,82.92156862745098,52.509803921568626,69.15686274509804,0.19176470588235298,6414.902745098038,1250.3043137254901,1304.1086274509805,2536.7203921568625,1323.770588235294,0.9941176470588236,0.13137254901960788,0.4928821945024895,0.16803921568627447,96.8149019607843,80.83666666666667,0.011184313725490197,35.152336665134804,83.72843654258581,30.194444444444446,12.468954248366016,105.21987094056374,74.78796989889706,30.43190180759804,8.164144454656864,8.125577895220589,49.66502048866421,8.833224954044118,2.623442095588235,2.425031211703431,23.001065984987747,2.382361940870098,2.1028015286314723,0.32321802775065106,0.36212734147614123,1.1209220886230469,0.29653407078163296,18.48828125,4.8622089460784315,3.944546568627451,5.019148284313726,4.662377450980392,11.486956521739133,37.436956521739134,16.321739130434786,8.136956521739132,0.0
fio-repl,details,80,20,4,readwrite_random,unrepl-bound,1788871262.9201438,1788871313.8729265,53.948474157,9.529077445,53.953869004800005,9.530030353066667,30,0.154732247734,0.2039283228829999,0.2930690011454568,2.197784392089784,2026-09-08 14:41:02.920143843,2026-09-08 14:41:53.872926474,51,58.98039215686274,70.23529411764706,71.27450980392157,56.72549019607843,77.43137254901961,0.20431372549019608,6858.37431372549,1387.2098039215687,1397.5282352941174,2674.0558823529414,1399.580392156863,0.9905882352941177,0.13254901960784315,0.5187661982220589,0.1672549019607843,104.59882352941179,87.40352941176471,0.011237254901960786,35.37060087316176,85.12581112132352,30.73366013071895,12.555555555555557,110.47410768995098,80.63936580882353,29.834742455575977,10.033797104779412,9.940872587316175,50.79891007965687,9.86578661151961,2.7538244868259807,2.6162867647058827,21.956537224264704,2.508092830882353,2.148486941468482,0.33691032260071996,0.38819892733704814,1.1235948450425093,0.299773421942019,18.367264093137255,4.748621323529412,4.948835784313726,5.015701593137255,3.654105392156863,11.115217391304348,36.94565217391305,16.36521739130435,7.332608695652173,0.0
fio-repl,details,80,20,5,readwrite_random,unrepl-bound,1788871317.1417012,1788871368.108493,50.078634951,11.246198106,50.0853121024,11.2473227264,30,0.153372988782,0.241210772301,0.3127708063292813,2.201945746840529,2026-09-08 14:41:57.141701221,2026-09-08 14:42:48.108493090,51,60.35294117647059,75.45098039215686,69.07843137254902,57.1764705882353,78.03921568627452,0.19921568627450978,7063.048039215687,1516.4833333333331,1482.7521568627453,2642.7188235294125,1421.093333333333,0.9949019607843136,0.1350980392156863,0.5377391346671644,0.1531372549019608,107.44039215686274,89.80254901960785,0.011266666666666664,36.057672909007344,86.99497108609067,31.39705882352941,12.808823529411766,114.1047776884191,82.63324295343138,31.471534543504905,11.434356426164214,10.729216643688725,50.65489640778186,9.814772135416668,3.016207873774511,2.755115272671569,23.187944623161766,2.5122675398284313,2.1700612236471737,0.3571025623994715,0.3810870600681679,1.1247873493269378,0.30706076528511794,18.41620710784314,4.850796568627451,4.911917892156863,5.0032935049019605,3.650199142156863,11.439130434782607,37.83478260869565,17.252173913043478,7.289130434782607,0.0
fio-repl,details,80,20,1,readwrite_random,unrepl-firsttouch,1788871371.342975,1788871422.263136,101.986757943,23.038594393,101.99355706026668,23.0408982528,30,0.117197692379,0.289633140295,0.1175128335556817,1.288062924928851,2026-09-08 14:42:51.342974901,2026-09-08 14:43:42.263135909,51,39.6078431372549,39.11764705882353,39.549019607843135,36.96078431372549,40.294117647058826,0.2698039215686274,10059.136862745096,2476.777254901961,2628.0707843137257,2436.9978431372547,2517.289803921569,0.9968627450980392,0.13627450980392158,0.9272953596543381,0.14058823529411768,153.21058823529413,134.36588235294118,0.01218235294117647,88.79675876991419,169.02143018535543,61.47222222222222,32.0702614379085,181.35382324218753,123.23778984375,58.116034375000005,32.865497265625,33.832256445312495,25.996719335937495,30.5433171875,14.686487109374998,14.670857812500001,15.859517578124999,12.899172070312499,1.904630174823836,0.5017304513968673,0.5401506610945159,0.42360485301298256,0.43914420931946996,18.50980392156863,4.827359068627451,4.957490808823529,5.0418964460784315,3.6830575980392157,9.685416666666667,36.28125,16.92291666666667,8.260416666666666,0.0
fio-repl,details,80,20,2,readwrite_random,unrepl-firsttouch,1788871425.59628,1788871476.6736436,95.486253288,18.346541819,95.49898478933332,18.3483764736,30,0.220054453014,0.353692390429,0.2354511355666918,1.9804562869198423,2026-09-08 14:43:45.596280098,2026-09-08 14:44:36.673643589,51,42.529411764705884,39.627450980392155,44.07843137254902,41.13725490196079,42.64705882352941,0.27098039215686276,8845.020392156863,2149.2427450980394,2168.383529411765,2347.446274509804,2179.946470588235,0.987843137254902,0.12960784313725493,0.915566319210797,0.1705882352941176,134.15725490196078,116.24803921568629,0.011594117647058822,72.15268669577205,144.71891027113972,52.593137254901954,25.993464052287578,153.2519446997549,105.4339217601103,47.81802313112745,29.46135723039216,19.05034256280637,28.62993183210784,28.292290134803917,13.029662032781864,6.673411458333333,16.584641544117645,11.530307329963236,2.080894993800743,0.561415952794692,0.4857025894464231,0.528899024514591,0.5049057006835938,18.43941482843137,4.839920343137255,3.897518382352941,6.031632965686274,3.670343137254902,9.424999999999999,33.143750000000004,17.585416666666667,7.270833333333333,0.0
fio-repl,details,80,20,3,readwrite_random,unrepl-firsttouch,1788871479.942768,1788871531.084199,91.434812776,16.99514062,91.44395625813333,16.996273629866668,30,0.240483865022,0.34415940862,0.2687594931411294,2.081076867481892,2026-09-08 14:44:39.942768097,2026-09-08 14:45:31.084198952,51,45.588235294117645,43.88235294117647,41.11764705882353,41.68627450980392,45.6078431372549,0.2605882352941177,8950.976862745098,2295.765098039216,2102.0754901960786,2426.561176470588,2126.5743137254904,0.9898039215686275,0.13215686274509808,0.8662775579610685,0.16078431372549018,136.19725490196078,117.82313725490197,0.011717647058823527,67.3445467601103,138.3312779564951,50.24183006535949,24.214052287581698,150.30500593596815,105.49193780637255,44.81306678921568,28.250381816789215,24.803650620404415,31.57149299172794,20.86641276041667,10.34605526194853,9.838429074754902,18.13975471047794,6.488827742034315,2.1089079613779105,0.534523234647863,0.552903418447457,0.5988137488271676,0.42262043672449445,18.395067401960784,4.827129289215686,4.938725490196078,5.00765931372549,3.6215533088235294,10.049999999999999,33.78541666666667,16.675,7.2,0.0
fio-repl,details,80,20,4,readwrite_random,unrepl-firsttouch,1788871534.2691555,1788871587.0188437,101.484109253,19.722947308,95.15086656,18.492112128,32,0.234814186825,0.375312257654,0.2368746796882925,1.957470852678464,2026-09-08 14:45:34.269155502,2026-09-08 14:46:27.018843651,53,41.15094339622642,39.716981132075475,41.528301886792455,39.0377358490566,42.15094339622642,0.2867924528301887,8947.242264150942,2192.558301886793,2272.1383018867923,2299.7760377358495,2182.77,0.9894339622641509,0.12509433962264152,0.9491228555233391,0.1675471698113207,133.33849056603773,115.9333962264151,0.011447169811320754,74.26242740271228,146.66225088443397,53.265723270440255,26.74842767295597,154.45308059404482,106.2518598909198,48.20122217718161,25.04539652122641,29.818034714033008,26.76764335200472,24.620785303655666,10.15670124557783,12.73392172759434,15.777510686910373,9.533088148584905,2.0553928521963267,0.5050641573392428,0.5906609021700346,0.4993610382080078,0.46030675447904146,18.582481971153847,4.863807091346154,4.9794170673076925,5.063100961538462,3.6761568509615383,9.102,32.528,17.158,7.294,0.0
fio-repl,details,80,20,5,readwrite_random,unrepl-firsttouch,1788871590.304481,1788871641.30053,93.390899193,19.90170315,93.40335131306666,19.90302993066667,30,0.157684669626,0.2886188351009999,0.1726227412437779,1.486596814622557,2026-09-08 14:46:30.304481030,2026-09-08 14:47:21.300529957,51,41.01960784313726,40.03921568627451,40.68627450980392,38.96078431372549,43.01960784313726,0.2586274509803922,9510.18431372549,2553.92431372549,2329.7950980392156,2461.820392156863,2164.645882352941,0.9949019607843136,0.13490196078431377,0.8475763634495902,0.14039215686274512,143.54686274509803,124.88980392156861,0.011933333333333334,80.20864928002452,157.40104262408087,57.143790849673195,28.898692810457515,165.33382429534313,114.27948280484068,51.05433976715686,36.747066865808826,30.234779603247553,28.78172200520833,18.515915096507353,15.895989966299018,12.227462277879903,16.640405560661765,6.290483302696077,1.9388982735428155,0.5578061272116268,0.5387718350279564,0.4917961569393382,0.3505219852223116,18.42363664215686,4.8291973039215685,3.9308363970588234,6.016544117647059,3.6470588235294117,9.839583333333334,35.25,16.868750000000002,8.027083333333334,0.0
fio-repl,details,80,20,1,readwrite_random,unrepl-interleaved,1788871644.608817,1788871695.8496368,106.827143934,20.936305485,106.84138755413332,20.937701239466666,30,0.15366933368,0.35217758122,0.1472293910525787,1.724847065867844,2026-09-08 14:47:24.608817101,2026-09-08 14:48:15.849636793,51,40.1764705882353,42.6078431372549,37.78431372549019,37.01960784313726,37.568627450980394,0.278235294117647,9555.35411764706,2468.14431372549,2309.427843137255,2465.0180392156863,2312.7649019607843,0.9913725490196079,0.13039215686274513,0.9356940071512011,0.16078431372549018,143.64509803921567,125.09352941176472,0.011788235294117645,83.96387886795344,161.59982862285543,58.79738562091504,30.315359477124186,168.59421070772055,114.76224666819851,53.831964996936264,32.06410979626226,29.282882582720593,24.52315965839461,28.89209501378677,13.183694469975492,12.926254595588235,14.857945772058823,12.864069010416667,1.9780592824898513,0.5359533721325445,0.5505087609384574,0.42136742086971507,0.47012605854109224,18.60906862745098,4.8682598039215685,4.991268382352941,5.051317401960785,3.6982230392156863,9.168750000000001,34.479166666666664,16.93958333333333,7.279166666666666,0.0
fio-repl,details,80,20,2,readwrite_random,unrepl-interleaved,1788871699.0715544,1788871750.0396214,109.189534459,17.418857908,109.20409306453334,17.420019165866666,30,0.18752475434,0.416570589227,0.1754648168251508,2.4613865557935313,2026-09-08 14:48:19.071554422,2026-09-08 14:49:10.039621353,51,44.98039215686274,46.372549019607845,44.8235294117647,37.72549019607843,45.588235294117645,0.2864705882352941,10709.993725490198,2811.144705882353,2795.908039215686,2315.585882352941,2787.3558823529415,0.9980392156862746,0.13509803921568628,0.8237163592139355,0.14176470588235296,167.08568627450978,144.19960784313724,0.012366666666666663,81.97178902420343,159.43518631280637,57.98856209150327,29.598039215686274,178.6798027726716,127.98315238204657,50.69665096507353,35.28957854626225,34.29254097732843,24.02147192861519,34.37956131280637,12.795579044117648,12.555542470894608,12.860929649203431,12.484597694546569,2.0992295508291208,0.5692060881969976,0.5930824279785156,0.42058884863759954,0.5163427614698223,18.55798100490196,4.8739276960784315,3.9466911764705883,6.054381127450981,3.682981004901961,8.760416666666666,34.34375,18.791666666666668,6.20625,0.0
fio-repl,details,80,20,3,readwrite_random,unrepl-interleaved,1788871753.3122995,1788871804.2580626,103.209439168,22.525102506,103.22320042666666,22.52735501653333,30,0.128496523744,0.320425611221,0.1273041161679989,1.4583256171253405,2026-09-08 14:49:13.312299490,2026-09-08 14:50:04.258062601,51,40.64705882352941,42.23529411764706,40.705882352941174,36.88235294117647,39.745098039215684,0.28352941176470586,10250.89862745098,2586.7082352941175,2680.548823529412,2428.872745098039,2554.7682352941174,0.9925490196078431,0.13392156862745097,0.9061102427151477,0.14176470588235296,155.0441176470588,135.85333333333332,0.012064705882352941,88.15539349724266,168.01574142156863,61.12091503267974,31.84640522875817,180.67044213388485,124.59833429074757,56.07210707720588,33.18286305147059,33.13177772671569,25.593336971507355,32.69035749846814,13.771051623774508,13.649365617340687,15.16231196384804,13.489378446691177,1.9485347224216834,0.5192030364391851,0.542451073141659,0.42281954896216295,0.46405163933249083,18.505744485294116,4.866727941176471,3.9583333333333335,6.040211397058823,3.6404718137254903,9.65,35.99791666666667,16.88958333333333,8.0625,0.0
fio-repl,details,80,20,4,readwrite_random,unrepl-interleaved,1788871807.5813327,1788871858.5362122,106.370295134,20.574600767,106.38093216426668,20.5766582272,30,0.160205362001,0.367428120106,0.1539693924686132,1.8324913928291244,2026-09-08 14:50:07.581332684,2026-09-08 14:50:58.536212205,51,41.470588235294116,42.705882352941174,41.13725490196079,38.78431372549019,40.98039215686274,0.2803921568627451,10345.069019607843,2645.2992156862747,2481.7609803921573,2499.678039215686,2718.330980392157,0.9962745098039216,0.133921568627451,0.9129723342350786,0.14156862745098042,157.05666666666667,137.0741176470588,0.012037254901960783,86.12125670189951,164.09808746936272,59.73529411764705,31.120915032679736,177.75312557444855,124.32230794270835,53.430818014705885,33.903740234375,31.330441367953437,25.0176926317402,34.07043217677696,13.275371476715689,12.614134880514705,14.507794883578432,13.033516199448531,1.9951320722991346,0.5287682028377757,0.5557090160893459,0.42469608082490806,0.48599647073184743,18.500842524509803,4.840762867647059,3.9581801470588234,6.051240808823529,3.6506587009803924,9.277083333333332,35.00833333333333,17.075,7.210416666666667,0.0
fio-repl,details,80,20,5,readwrite_random,unrepl-interleaved,1788871861.8651354,1788871912.8191123,105.397489358,21.306198232,105.41154235733332,21.30761864533333,30,0.143145022284,0.344574606193,0.1388790340150739,1.6590700638520886,2026-09-08 14:51:01.865135431,2026-09-08 14:51:52.819112301,51,40.98039215686274,40.705882352941174,40.333333333333336,38.11764705882353,41.72549019607843,0.2741176470588235,10316.625294117648,2616.665882352941,2579.685098039215,2405.7411764705885,2714.533725490196,0.9970588235294118,0.13490196078431374,0.8862447181554743,0.14176470588235296,158.11019607843136,138.38882352941175,0.01216078431372549,86.46217447916666,165.02217696844363,59.94607843137254,31.19281045751634,180.45723785998777,125.41831169577203,55.03892654718137,33.5850279564951,32.61313725490196,25.431946806066172,33.78819833792892,13.573477711397059,13.397140586703431,14.568406288296568,13.499901577818628,1.9745799045936736,0.5138113732431449,0.5557003395230162,0.42435425403071386,0.4806950887044271,18.417432598039216,4.818933823529412,3.9191176470588234,6.0345435049019605,3.6448376225490198,9.395833333333332,35.74583333333334,17.14166666666667,7.404166666666666,0.0
fio-repl,details,70,30,1,readwrite_random,repl,1788871916.1673477,1788871972.2735913,78.273658803,0.723171312,69.06959739482353,0.6381348743529411,34,0.077806737221,0.013035934172,0.1017332751167709,1.85892920248092,2026-09-08 14:51:56.167347670,2026-09-08 14:52:52.273591280,57,69.80701754385964,68.54385964912281,66.71929824561404,69.78947368421052,72.29824561403508,0.2712280701754386,7622.867543859649,1933.8761403508772,1870.7092982456138,1993.56350877193,1824.7173684210525,0.9842105263157895,0.11385964912280702,0.9153043584476074,0.30771929824561406,127.11315789473684,87.37210526315789,0.009964912280701755,30.921034128289474,85.87099438048246,31.04239766081871,10.84356725146199,105.78058384486606,76.34024727957588,29.440335170200893,19.953934500558034,18.312152273995537,20.64138514927455,17.432775878906252,7.582207554408482,7.022687116350446,7.994268101283483,6.841173444475446,4.000663757324219,0.9704247202192035,0.9751375062125069,1.1294055666242329,0.9256892204284668,18.380998883928573,4.848911830357143,3.8827427455357144,5.981096540178571,3.6739676339285716,6.639622641509433,21.916981132075474,30.683018867924527,0.6641509433962266,0.0
fio-repl,details,70,30,2,readwrite_random,repl,1788871975.9170222,1788872029.5287158,78.396616677,0.690173474,73.506627712,0.647102336,32,0.060806799767,0.0066113431289999,0.0793895073149259,0.9883492900885628,2026-09-08 14:52:55.917022228,2026-09-08 14:53:49.528715849,54,71.61111111111111,70.18518518518519,70.51851851851852,69.20370370370371,70.44444444444444,0.26407407407407407,8143.843333333333,1941.7098148148148,2063.866851851852,1999.7557407407407,2138.5103703703703,0.9853703703703706,0.12185185185185186,0.9079730646704923,0.30574074074074076,137.4548148148148,94.40759259259258,0.01041666666666667,32.84730034722222,91.24863878038195,32.97222222222222,11.555555555555557,115.04574052918632,84.01225696491746,31.03348190595519,20.691872420400948,20.55291144604953,20.809508402122635,21.957963959316032,8.020978036556604,7.671161556603774,8.325285045695756,7.016058188384434,3.9653808305848317,0.9784723677725162,1.0022926330566406,1.1309724483849868,0.853634312467755,18.47884728773585,4.85436320754717,4.996462264150943,5.059257075471698,3.5687647405660377,6.772549019607843,22.362745098039213,30.71764705882353,0.680392156862745,0.0
fio-repl,details,70,30,3,readwrite_random,repl,1788872032.4333308,1788872087.1697607,75.950051535,0.673160985,69.05240594618182,0.6120053294545454,33,0.266749196208,0.000445150637,0.3610077249275544,0.0676669525287909,2026-09-08 14:53:52.433330774,2026-09-08 14:54:47.169760704,54,70.38888888888889,71.68518518518519,69.74074074074075,65.5,75.01851851851852,0.2811111111111111,7674.520740740741,1921.502962962963,1866.970740740741,1791.6429629629629,2094.4051851851855,0.9924074074074073,0.12074074074074073,0.8554423831817182,0.31388888888888894,128.8462962962963,86.23962962962963,0.010385185185185185,33.05544741030092,91.67700774016204,33.123456790123456,11.671296296296296,103.93098934659089,73.64426331676137,30.286725852272724,19.436597301136366,16.918315340909093,16.973436967329544,20.315915127840903,7.894173828125,7.313893821022727,8.053792080965911,7.024865411931819,3.9964293046431107,0.966011602228338,0.988285411487926,1.1202169938520952,0.9219327753240412,18.526704545454546,4.865696022727272,4.943821022727272,5.033735795454546,3.6834517045454547,6.781132075471698,22.115094339622644,30.062264150943392,0.6735849056603773,0.0
fio-repl,details,70,30,4,readwrite_random,repl,1788872089.323994,1788872142.5130165,78.381120846,0.684996134,75.86028286348387,0.6629436779354838,31,0.051755865824,0.006465526546,0.0675634706300872,0.973015574924596,2026-09-08 14:54:49.323993921,2026-09-08 14:55:42.513016461,54,70.77777777777777,67.88888888888889,73.0,68.92592592592592,70.07407407407408,0.2690740740740741,8201.432037037039,2067.7624074074074,2182.823888888889,1922.8487037037037,2027.9985185185185,0.9838888888888889,0.12222222222222225,0.8808996060064566,0.31,137.99,95.01259259259258,0.010242592592592591,32.99281123408564,92.07204716435184,33.285493827160494,11.637345679012347,115.16140330188679,83.8253994693396,31.33600346403302,22.07505269752359,22.29590930866745,20.04678471403302,19.407653854658022,8.231951835200471,7.58269199587264,8.282614055129716,7.238745577830188,3.9882404399368,0.9663375998443028,0.9846534009249706,1.1237146629477448,0.9135891896373821,18.502948113207548,5.868366745283019,3.922096108490566,5.0282281839622645,3.684257075471698,6.776470588235295,22.225490196078436,30.805882352941175,0.6862745098039216,0.0
fio-repl,details,70,30,5,readwrite_random,repl,1788872145.2736278,1788872201.790966,80.476522528,0.667163901,68.98677444022857,0.5719119579428571,35,0.356250794694,0.000552854076,0.4549321075933031,0.0847942466526611,2026-09-08 14:55:45.273627758,2026-09-08 14:56:41.790966034,57,73.59649122807018,71.12280701754386,75.19298245614036,74.6140350877193,68.87719298245614,0.32894736842105265,7711.28245614035,1911.0808771929824,2042.7608771929824,2139.300877192982,1618.138947368421,0.9868421052631579,0.11508771929824563,0.7563868012299477,0.28701754385964917,129.78473684210527,89.43807017543858,0.01087719298245614,31.05958556058114,86.23832648026315,31.137426900584796,10.963450292397662,107.07641235351562,77.7630015345982,29.31340959821429,19.35461600167411,20.581153913225446,22.216292550223216,15.610938023158484,7.706111537388393,7.121705322265624,7.916716657366072,6.568875383649553,3.997362204960414,0.976670469556536,1.0055082866123743,1.1368028095790317,0.8783720561436245,18.416713169642858,4.8515625,3.9384765625,6.003069196428571,3.6236049107142856,6.69074074074074,23.17222222222222,29.36666666666666,0.6425925925925924,0.0
fio-repl,details,70,30,1,readwrite_random,unrepl-bound,1788872203.9037693,1788872277.3586435,55.413870819,20.63052073,31.972737811692305,11.903413720615385,52,0.3710305197,0.300633465413,0.6850551885529157,1.4895624175605924,2026-09-08 14:56:43.903769255,2026-09-08 14:57:57.358643532,73,49.054794520547944,63.35616438356164,68.78082191780823,46.3013698630137,65.71232876712328,0.333013698630137,4066.3069863013693,841.6108219178082,741.9983561643836,1715.0120547945205,767.6863013698631,0.9945205479452054,0.08945205479452056,0.4326490616144877,0.13630136986301372,54.20287671232877,45.25698630136986,0.010856164383561644,30.216076492936644,72.37409420483733,26.044520547945208,10.668949771689498,75.83576626712329,45.955084546232875,29.880682924871575,2.961090539383562,2.0898638163527394,37.985294574058216,2.918835883989726,1.5783251284246576,1.255879307577055,25.63329890839041,1.413179179152397,1.7266426086425781,0.21319492443187818,0.1886015711603938,1.1397576718717009,0.18502441612449852,18.397856841216218,4.849292652027027,3.935652449324324,5.026499155405405,4.58641258445946,8.276470588235297,31.916417910447763,15.632352941176471,10.377941176470587,0.0
fio-repl,details,70,30,2,readwrite_random,unrepl-bound,1788872280.942815,1788872341.849595,42.250442731,20.250460449,31.691000832,15.1893641216,40,0.342669983873,0.276324224884,0.8321174197739587,1.3997955658837662,2026-09-08 14:58:00.942815065,2026-09-08 14:59:01.849595070,61,51.77049180327869,69.80327868852459,62.59016393442623,50.77049180327869,75.14754098360656,0.2536065573770492,4664.2131147540995,927.6995081967215,849.8581967213115,1986.7983606557377,899.8577049180329,0.99,0.11049180327868853,0.4277526162447698,0.15344262295081967,62.4411475409836,50.059344262295085,0.009911475409836066,31.98494556864755,77.48852491034836,27.939890710382514,11.355191256830603,87.41785530598959,53.22194759114583,34.19590901692709,4.036590657552083,3.905140625,40.72894873046876,4.551268554687499,2.0566152343749997,1.9743175455729167,28.32139143880208,1.84358447265625,1.8277435938517255,0.23696600596110026,0.26452935536702477,1.1344043095906575,0.19182472229003905,18.38828125,4.850911458333333,4.886653645833333,5.006640625,3.6440755208333333,9.625925925925927,32.666666666666664,17.029629629629632,11.574074074074073,0.0
fio-repl,details,70,30,3,readwrite_random,unrepl-bound,1788872345.5061157,1788872396.482077,34.440039268,18.4121836,34.443483272533335,18.414638557866663,30,0.044594070422,0.015320365661,0.1325025111314631,0.0850872795534015,2026-09-08 14:59:05.506115675,2026-09-08 14:59:56.482076883,51,56.92156862745098,72.03921568627452,78.68627450980392,55.94117647058823,78.31372549019608,0.15725490196078432,5055.741764705882,984.5041176470588,980.5566666666666,2179.3186274509803,911.3623529411764,0.9890196078431372,0.13333333333333336,0.4181868320958385,0.16843137254901958,69.25607843137254,54.71941176470588,0.009707843137254901,34.164982192095586,82.99173349417892,29.970588235294116,12.140522875816991,96.23508482689951,58.08005859375,38.15502585018382,5.477683057598041,4.929431295955882,43.450970052083335,4.221976677389706,2.4564520143995097,2.2348571537990196,31.31115253523284,2.1525639552696076,1.8896977996826174,0.25799087524414066,0.28404014587402343,1.1385276794433594,0.20911026000976562,18.4578125,4.8278125,3.933125,6.044765625,3.652109375,11.962222222222223,36.064444444444455,19.19555555555556,12.115555555555554,0.0
fio-repl,details,70,30,4,readwrite_random,unrepl-bound,1788872399.6684325,1788872481.068279,68.582159869,18.256928389,34.29565207893334,9.129377041066668,60,0.170007725447,0.187789890619,0.2538233751231011,1.0518133625017774,2026-09-08 14:59:59.668432474,2026-09-08 15:01:21.068279028,81,48.851851851851855,67.61728395061728,77.29629629629629,47.96296296296296,75.35802469135803,0.421111111111111,3644.9824691358026,672.2613580246914,832.3737037037038,1603.2364197530865,537.110987654321,0.9956790123456791,0.0797530864197531,0.3350167081016293,0.1269135802469136,49.7141975308642,43.077407407407414,0.012597530864197534,26.613701774691357,62.3349609375,22.39917695473251,9.425925925925926,63.682371379573176,40.885982040777435,22.796390172446646,1.2702980897484755,1.316513790967988,37.141596679687495,1.1575726467225609,0.9942868711890244,1.0297250142911587,19.840916063262195,0.9314615091463415,1.6216276663321036,0.14699172973632812,0.20083302627375096,1.151871763629678,0.12190637470763406,18.416184413580247,4.870129243827161,3.957127700617284,5.903742283950617,3.685185185185185,7.866666666666666,36.95333333333333,12.009333333333332,7.391999999999999,0.0
fio-repl,details,70,30,5,readwrite_random,unrepl-bound,1788872482.141105,1788872564.0276427,72.638329669,16.685719327,35.72853185888525,8.207185617836066,61,0.192305893981,0.191204131102,0.2711791732851065,1.1717658574947158,2026-09-08 15:01:22.141104937,2026-09-08 15:02:44.027642727,82,50.451219512195124,63.670731707317074,73.21951219512195,49.84146341463415,71.85365853658537,0.40707317073170735,3991.6156097560975,747.0686585365854,761.3602439024392,1777.296707317073,705.8913414634146,0.9937804878048779,0.08060975609756098,0.3971713549894527,0.1273170731707317,57.48243902439024,48.76512195121951,0.01240487804878049,28.455916301448173,69.04534751333841,24.89837398373984,10.035569105691058,73.02629352334105,46.26017349054784,26.76612015335648,2.32194263599537,2.5738474151234567,39.124002821180554,2.240380618248457,1.4568753616898147,1.3082386911651236,22.766842206790123,1.2341642554012346,1.7102962121730898,0.20144318371284298,0.21878391358910537,1.146720793189072,0.1433404596840463,18.314786585365855,5.711604420731708,3.932545731707317,5.0290110518292686,3.641625381097561,7.619736842105263,33.65131578947368,13.880263157894731,8.139473684210525,0.0
fio-repl,details,70,30,1,readwrite_random,unrepl-firsttouch,1788872567.79934,1788872633.0828383,76.185476449,32.441174476,51.949837498181815,22.121194496,44,0.290759554082,0.270462216255,0.3909232441171184,0.8539206645872958,2026-09-08 15:02:47.799340010,2026-09-08 15:03:53.082838297,65,33.8,30.53846153846154,34.53846153846154,33.676923076923075,34.96923076923077,0.3169230769230769,5911.117538461539,1435.4615384615386,1392.9512307692307,1665.8330769230768,1416.8719999999998,0.9918461538461538,0.10107692307692308,0.8361889615867876,0.15538461538461537,77.02430769230767,65.01538461538462,0.010293846153846153,60.904318659855775,125.55592983774038,45.551282051282044,21.862820512820516,114.25148587740385,66.71503260216345,47.536453275240376,22.008320462740386,11.167948317307692,21.844840294471158,11.693922776442308,15.62922551081731,7.179659104567309,17.023118990384617,7.704448617788462,1.7684540381798377,0.5284726069523739,0.3880672748272236,0.5293778639573318,0.3225436870868389,18.560757211538462,5.850120192307692,3.96484375,5.0671875,3.6786057692307694,8.401612903225805,29.253225806451614,16.559677419354838,10.725806451612902,0.0
fio-repl,details,70,30,2,readwrite_random,unrepl-firsttouch,1788872636.7987,1788872687.7552006,49.188962836,21.983214116,49.195521365333335,21.986145211733337,30,0.040470903705,0.05876866764,0.0841744898882941,0.2735103238997355,2026-09-08 15:03:56.798700094,2026-09-08 15:04:47.755200624,50,45.12,30.18,29.76,49.96,35.04,0.1628,6138.770199999998,1179.3238000000001,1218.5506,2551.6513999999997,1189.2432000000001,0.9984000000000001,0.13780000000000003,0.46218060978078757,0.1506,83.3078,68.0284,0.010233999999999998,52.9828517578125,117.2600662109375,42.52,18.91,116.11648265165441,69.72789675245099,46.38858475030638,10.365726102941178,12.393442861519608,40.47661994485294,6.492108992034313,6.268217103247548,7.5814169730392145,29.294936810661767,3.2440146292892154,1.800380401611328,0.3214546966552735,0.38870193481445314,0.8657664489746094,0.22446693420410158,18.538515625,4.875859375,5.009765625,5.05890625,3.593984375,12.37872340425532,32.172340425531914,18.951063829787234,12.668085106382978,0.0
fio-repl,details,70,30,3,readwrite_random,unrepl-firsttouch,1788872691.0166912,1788872762.2561543,81.682409747,31.922515945,49.01434679296,19.15478646784,50,0.350535514454,0.306274347491,0.4392076973718459,0.9828954348448448,2026-09-08 15:04:51.016691207,2026-09-08 15:06:02.256154298,71,35.309859154929576,28.295774647887324,36.352112676056336,34.352112676056336,33.225352112676056,0.3611267605633803,5563.368309859155,1183.8074647887322,1342.797605633803,1732.6409859154928,1304.121971830986,0.9936619718309859,0.09380281690140845,0.6832387519467756,0.14239436619718307,74.87943661971832,63.71366197183099,0.011267605633802818,54.745603543133804,117.20086583956864,42.510563380281695,19.57511737089202,105.74577406141493,62.76936659071181,42.97640747070313,13.815039062499999,10.839679226345488,26.128494737413195,11.98615478515625,9.455533040364584,7.133104926215278,19.645287679036457,6.7424811469184025,1.7608721021195533,0.406463945415658,0.3860877668353873,0.6530978243115921,0.31520225632358606,18.480413732394368,4.880666813380282,3.95037411971831,5.960607394366197,3.6887654049295775,8.0955223880597,30.195522388059704,15.146268656716416,10.273134328358209,0.0
fio-repl,details,70,30,4,readwrite_random,unrepl-firsttouch,1788872765.4312558,1788872832.627711,81.783976596,33.306382291,53.34448769113043,21.723725824,46,0.337226814509,0.214506056402,0.4223705264079909,0.6593341156077305,2026-09-08 15:06:05.431255817,2026-09-08 15:07:12.627711058,67,30.238805970149254,29.313432835820894,23.53731343283582,30.970149253731343,30.73134328358209,0.3408955223880597,5632.649552238806,1601.051641791045,1202.5328358208958,1511.871343283582,1317.1932835820896,0.9932835820895521,0.09597014925373133,0.7510893492952301,0.13999999999999999,68.2865671641791,60.18716417910448,0.010716417910447763,62.170513642723876,128.34581127565295,46.56343283582089,22.31094527363184,113.9344330107276,64.6075924090485,49.32684089319029,26.096392257462686,9.508310692630598,17.790882258628738,11.212006908815297,19.900831535680968,7.0875744811100745,13.941449976679104,8.396985774253732,1.5621005385669309,0.5365043754008278,0.3184838366152635,0.4350962852364156,0.2719949181400128,18.46326958955224,5.799381996268656,3.9479361007462686,5.041044776119403,3.6749067164179103,8.1140625,30.1515625,15.10625,10.4109375,0.0
fio-repl,details,70,30,5,readwrite_random,unrepl-firsttouch,1788872836.3634589,1788872914.1173358,84.811746375,30.679208607,44.64222502624561,16.14802836210526,57,0.277411433293,0.239744300228,0.334283166687456,0.7989693523632571,2026-09-08 15:07:16.363458872,2026-09-08 15:08:34.117335796,78,30.32051282051282,36.833333333333336,29.76923076923077,32.243589743589745,26.21794871794872,0.39564102564102566,4962.502948717948,1093.13358974359,1156.8297435897434,1625.8252564102563,1086.7151282051282,0.9938461538461539,0.08448717948717949,0.6684083199719401,0.1378205128205128,65.82615384615383,57.849487179487184,0.01197051282051282,49.4278936298077,108.80569811698719,39.43803418803419,17.641025641025642,94.3785653409091,54.663339590097394,39.715225877637984,2.091324573863636,11.670094612418831,26.332627460430192,14.569292182426949,1.66051072950487,7.812517121550324,19.841674107142858,10.400523538961037,1.5420501415546126,0.12143076383150542,0.3758606543907752,0.6815017308944311,0.3632754790477264,18.351211939102566,4.860526842948718,3.9377504006410255,5.883814102564102,3.669120592948718,7.951351351351351,33.704054054054055,14.227027027027026,9.445945945945946,0.0
fio-repl,details,70,30,1,readwrite_random,unrepl-interleaved,1788872917.2937207,1788872977.5031998,92.059513186,37.774987915,70.82209164471794,29.060588780307693,39,0.274995850479,0.125517211738,0.3057303622351932,0.3398784449414041,2026-09-08 15:08:37.293720722,2026-09-08 15:09:37.503199815,60,33.53333333333333,35.45,29.1,34.983333333333334,30.483333333333334,0.3205,7586.352833333333,2040.2040000000002,1762.6138333333333,2031.727833333333,1751.8078333333333,0.9923333333333333,0.11333333333333334,0.8586434657187875,0.1423333333333333,99.194,85.40566666666668,0.011171666666666663,80.38015315755207,152.61924007161457,55.518055555555556,28.9875,147.208342085041,86.73038838370901,60.47795466188524,24.147483190317622,20.538066246157786,20.88148773693647,21.16335056992828,15.073427574282785,14.522367283555328,16.37947425717213,14.50268346567623,1.6986342112223305,0.4375123977661133,0.4461814880371094,0.423925526936849,0.3909987767537435,18.498502604166667,4.866796875,4.9126953125,5.029817708333334,3.689192708333333,8.424561403508772,32.28771929824561,16.656140350877195,9.987719298245615,0.0
fio-repl,details,70,30,2,readwrite_random,unrepl-interleaved,1788872980.4695022,1788873048.1829064,100.402573306,39.885724815,64.09315759387233,25.460670551148937,47,0.325064330771,0.239360675701,0.3313294746243467,0.6146188800443265,2026-09-08 15:09:40.469502211,2026-09-08 15:10:48.182906389,68,31.294117647058822,33.05882352941177,30.294117647058822,28.264705882352942,33.48529411764706,0.37323529411764717,6809.966029411764,1767.1463235294118,1667.6785294117644,1678.7086764705882,1696.433088235294,0.9933823529411764,0.09735294117647057,0.9437127572328099,0.15220588235294114,88.6639705882353,77.10485294117646,0.010845588235294119,73.22757022633272,142.445210535386,51.75612745098039,26.388480392156865,135.72456768889924,78.96043056203361,56.76413712686567,20.129674673507466,19.85064482276119,19.593926947294776,19.38618309818097,14.197081244169775,13.977216796874998,14.965753702192162,13.62408596665112,1.6873364168054916,0.42513084411621094,0.4578078774844899,0.4241334690767176,0.3802359524895163,18.488855698529413,4.876263786764706,4.883157169117647,5.042624080882353,3.686810661764706,7.3890625,31.082812500000003,15.9265625,10.3078125,0.0
fio-repl,details,70,30,3,readwrite_random,unrepl-interleaved,1788873051.9476385,1788873123.1754384,98.84421616,39.252375101,59.31246034944,23.55378020352,50,0.278679768219,0.218114382732,0.288265002874403,0.5680967487103119,2026-09-08 15:10:51.947638512,2026-09-08 15:12:03.175438404,72,31.52777777777778,33.111111111111114,33.0,33.5,25.01388888888889,0.3898611111111111,6625.473194444445,1679.209027777778,1702.0941666666668,1740.1893055555556,1503.9812499999998,0.991111111111111,0.09319444444444445,0.8642630116151953,0.1351388888888889,88.18138888888888,76.84972222222223,0.01135,69.59651963975693,135.2026654730903,49.08796296296297,25.02662037037037,130.31618948063377,76.86795045664611,53.44823984925175,19.41916634573063,19.97555100132042,18.798772007042253,18.67445986465669,13.041308318661974,13.194658478213027,14.470988666373236,12.741284798635563,1.6574585702684188,0.4219900767008463,0.4599634806315104,0.42169226540459526,0.35378604465060765,18.320149739583332,4.849880642361111,4.83154296875,5.00537109375,3.6333550347222223,7.257352941176471,31.405882352941177,16.16470588235294,9.664705882352942,0.0
fio-repl,details,70,30,4,readwrite_random,unrepl-interleaved,1788873126.423873,1788873177.3580036,86.148573033,37.091131479,86.1571878912,37.094840593066664,30,0.052889243461,0.071716573934,0.0628217180295013,0.1977450248535046,2026-09-08 15:12:06.423872948,2026-09-08 15:12:57.358003616,51,33.509803921568626,35.19607843137255,31.529411764705884,35.03921568627451,31.019607843137255,0.24,8498.82,2144.2060784313726,1936.5364705882353,2399.3701960784315,2018.706862745098,0.9931372549019608,0.13529411764705884,0.8071019944122592,0.1598039215686274,112.16117647058822,95.67666666666668,0.010482352941176472,92.08814185049017,172.53689338235293,62.80882352941175,33.29575163398693,166.9162210860907,98.46601907169119,68.45020354626224,25.904580078125,23.90082950367647,24.255293734681377,24.405315180759807,16.82733992034314,16.221083984375003,18.955793887867646,16.445985945159315,1.7931900024414062,0.4811840431362975,0.4832725524902344,0.4197012957404641,0.4090236589020374,18.573223039215687,4.870787377450981,4.9720435049019605,5.0471047794117645,3.6832873774509802,9.377083333333333,31.7,18.110416666666666,11.168750000000001,0.0
fio-repl,details,70,30,5,readwrite_random,unrepl-interleaved,1788873180.7376182,1788873231.7102916,85.650376711,36.800065702,85.6617967616,36.80251904,30,0.042135550173,0.044382687678,0.0503520754125974,0.1233710355590241,2026-09-08 15:13:00.737618208,2026-09-08 15:13:51.710291624,51,36.588235294117645,38.05882352941177,32.09803921568628,35.333333333333336,32.64705882352941,0.2458823529411765,8561.342352941178,2318.4621568627454,1968.4533333333331,2186.182549019608,2088.244117647059,0.9917647058823529,0.13411764705882354,0.8490340579882353,0.1641176470588235,111.19568627450982,94.69235294117648,0.010215686274509807,89.94472062653186,168.33945427389708,61.2532679738562,32.51960784313726,170.10810355392155,100.84706073835783,69.26104204963235,28.816274126838234,23.478579388786766,23.95064089307598,24.601567095588234,16.934533356311274,16.453251570159313,19.071641007965685,16.80161554074755,1.8048415090523515,0.47793878293504904,0.47813258451573987,0.42534734688553155,0.42344777724322147,18.454427083333332,4.781556372549019,3.9581035539215685,6.0479473039215685,3.6668198529411766,9.670833333333334,31.006249999999998,19.239583333333332,11.1,0.0
fio-repl,details,60,40,1,readwrite_random,repl,1788873235.0625255,1788873290.1591935,17.467580676,0.853504443,15.880677438060609,0.7759648581818182,33,0.041351185575,0.008730467794,0.2426759978014432,1.0538605876622744,2026-09-08 15:13:55.062525511,2026-09-08 15:14:50.159193516,55,50.6,49.61818181818182,49.29090909090909,50.4,53.96363636363636,0.1750909090909091,4527.198363636364,1151.707818181818,1101.422,1147.3354545454547,1126.7334545454544,0.988909090909091,0.11599999999999999,0.9563380421770484,0.4774545454545453,79.05399999999999,36.69290909090909,0.007323636363636363,33.826962890625,92.51508540482955,33.436363636363645,11.925757575757578,66.15883327414772,34.671846058238636,31.486986505681827,9.421260475852273,7.951046519886364,9.052041370738635,8.247497336647728,8.347691583806817,7.558166903409089,8.311197798295455,7.269930042613637,3.9868080832741475,0.9575794566761363,0.9960046941583807,1.1246375344016335,0.9085776589133523,18.501420454545453,4.858806818181818,4.93359375,5.029119318181818,3.679900568181818,7.088461538461538,19.378846153846155,34.901923076923076,0.6423076923076925,0.0
fio-repl,details,60,40,2,readwrite_random,repl,1788873293.689692,1788873350.777252,18.72602309,0.834061208,16.05194699337143,0.7149572681142857,35,0.214330055369,0.007572381024,1.1813576584936596,0.9314753115233894,2026-09-08 15:14:53.689692020,2026-09-08 15:15:50.777251959,57,52.3859649122807,50.89473684210526,54.80701754385965,46.96491228070175,56.3859649122807,0.19771929824561402,4346.323333333334,1076.13649122807,1108.4673684210527,1062.237192982456,1099.4819298245613,0.990701754385965,0.1117543859649123,0.9582936072313533,0.4650877192982456,75.63543859649123,34.922105263157896,0.007726315789473685,32.491484375,88.59358175712718,32.01900584795322,11.41812865497076,63.07716779742324,32.84346251370614,30.23370579769737,8.721793962445176,8.305723684210527,7.814543585526315,8.00140076754386,7.907675952576754,7.436169990405702,7.898491639254386,6.991368044133773,4.001108336866947,0.9505441899885211,1.0056703132495546,1.1298453347724782,0.9150484988563939,18.553522478070175,4.828673245614035,4.982113486842105,5.052837171052632,3.6898985745614037,6.935185185185184,19.13148148148148,33.80740740740741,0.6203703703703703,0.0
fio-repl,details,60,40,3,readwrite_random,repl,1788873354.066962,1788873410.6629517,18.978279323,0.890693036,16.746656948705883,0.7859842108235293,34,0.040530105279,0.0126511216569999,0.2183841597615066,1.4663124813577368,2026-09-08 15:15:54.066962004,2026-09-08 15:16:50.662951708,57,50.31578947368421,46.75438596491228,53.14035087719298,49.01754385964912,53.56140350877193,0.1717543859649123,4466.172280701754,1027.7810526315789,1197.2747368421053,1135.9468421052634,1105.1698245614036,0.989122807017544,0.11228070175438597,0.8584337587732138,0.4668421052631579,77.69333333333334,36.77438596491228,0.007301754385964912,32.71770764802631,89.09530701754385,32.18421052631579,11.577485380116961,65.0305194627193,34.582332785087715,30.448187705592105,7.887875890899123,9.436036184210527,9.282129762883772,7.976291632401316,7.6559078604714905,7.521618866502193,8.13152189555921,7.1391373697916665,4.030099528176444,0.9683024542672294,0.99826751436506,1.1319405691964286,0.9316233226231165,18.479073660714285,4.8544921875,3.955357142857143,5.990792410714286,3.678431919642857,7.048148148148148,19.27777777777778,34.7037037037037,0.6407407407407409,0.0
fio-repl,details,60,40,4,readwrite_random,repl,1788873414.3879192,1788873472.311942,22.385941305,0.803534912,18.656816583111112,0.6696793884444444,36,0.50146239733,0.000612400008,2.324701292257508,0.0779619530846404,2026-09-08 15:16:54.387919188,2026-09-08 15:17:52.311942101,58,53.03448275862069,52.63793103448276,53.189655172413794,52.36206896551724,55.58620689655172,0.2629310344827586,4388.50224137931,1121.7849999999999,1036.4320689655171,1158.2672413793102,1072.018275862069,0.9905172413793104,0.10982758620689656,0.894812554425085,0.4629310344827586,76.65431034482758,36.699827586206894,0.008079310344827588,31.6303237809806,85.83063325026939,31.001436781609197,11.159482758620689,63.067820581896534,33.71301084321121,29.354810917295257,9.007532495959051,7.6844396551724135,8.890139244342674,8.130899784482757,7.577501515355603,7.096666217672415,7.87991345635776,6.8007287176724125,3.9824435793120285,0.959713574113517,0.9847884342588228,1.12916558364342,0.9087884837183459,18.526939655172413,4.875404094827586,3.9635641163793105,6.001077586206897,3.6868938577586206,6.998181818181818,20.24909090909091,32.64363636363637,0.6,0.0
fio-repl,details,60,40,5,readwrite_random,repl,1788873473.5956438,1788873529.9415245,19.365126766,0.817998177,17.088585246117646,0.7218112150588236,34,0.196257594409,0.007372261783,1.0450773322860365,0.924273624978152,2026-09-08 15:17:53.595643759,2026-09-08 15:18:49.941524506,56,52.42857142857143,51.92857142857143,54.857142857142854,48.839285714285715,53.625,0.19178571428571428,4440.682678571428,1131.4658928571428,1165.8617857142856,1068.7930357142857,1074.5626785714287,0.9932142857142858,0.11339285714285716,0.9167407739155555,0.46392857142857136,77.06232142857142,35.88732142857143,0.0077767857142857135,32.635789097377234,89.84426164899553,32.501488095238095,11.46577380952381,62.96315104166667,33.01624862938596,29.946903440241226,8.851034299616229,8.675132949561403,8.128127398574561,7.3619543242872805,8.062251404879385,7.188178625274123,7.893515282346492,6.802958813048246,4.008360590253558,0.9747072628566197,0.9861238343375069,1.1320320538112094,0.9154816355024066,18.499162946428573,4.872419084821429,4.935477120535714,5.045619419642857,3.6456473214285716,7.077777777777777,19.09259259259259,34.0574074074074,0.6259259259259259,0.0
fio-repl,details,60,40,1,readwrite_random,unrepl-bound,1788873533.1588943,1788873610.6996522,55.23678213,26.16021998,29.594092397714288,14.015805001142857,56,0.385643775115,0.270302877058,0.716491861697163,1.059340926116242,2026-09-08 15:18:53.158894300,2026-09-08 15:20:10.699652195,78,41.3974358974359,60.0,69.64102564102564,41.23076923076923,73.47435897435898,0.311025641025641,3666.1548717948713,750.9194871794871,640.586794871795,1596.188205128205,678.4598717948718,0.9948717948717948,0.08141025641025641,0.4013228470262649,0.12512820512820513,41.41448717948718,36.06282051282051,0.01005,30.667686548477565,70.39444335937499,25.30021367521368,10.797008547008547,71.46478300020293,39.35490830458604,32.109874949269475,1.0091364397321432,0.771730671672078,37.015245662540586,0.5587951501623377,0.9273461596996755,0.7814013037743507,29.850386059253232,0.5507415533685064,1.5447392649464793,0.14504588734019885,0.174957275390625,1.1503232980703377,0.07437520212941355,18.44718952922078,4.883928571428571,3.9663656655844157,5.931057224025974,3.665736607142857,6.870422535211269,30.83943661971831,14.135211267605634,14.667605633802811,0.0
fio-repl,details,60,40,2,readwrite_random,unrepl-bound,1788873613.8019898,1788873695.4614253,61.992691192,22.086867503,30.49125760419672,10.86348009337705,61,0.162025412542,0.131160976281,0.2675927784838969,0.6075320941365181,2026-09-08 15:20:13.801989794,2026-09-08 15:21:35.461425304,81,48.074074074074076,69.65432098765432,68.35802469135803,46.160493827160494,76.72839506172839,0.4177777777777778,3436.8151851851853,745.9308641975309,658.953086419753,1521.4583950617282,510.47222222222223,0.9965432098765432,0.0791358024691358,0.335515071512364,0.1308641975308642,43.453703703703695,37.706296296296294,0.011709876543209877,26.016695963541668,60.29423526716822,21.70061728395062,9.2201646090535,62.73659794560185,38.557636477623454,24.178960865162036,1.1763370466820988,0.9316255545910493,35.62090772087191,0.8287661554783952,0.9862824315200618,0.8603691647376542,21.55607060185185,0.7762392698688271,1.6075828458056036,0.1542758235224971,0.1833184324664834,1.1581475528669947,0.11185290489667728,18.50462962962963,4.9087094907407405,4.867717978395062,5.046199845679013,3.682002314814815,7.4573333333333345,34.84666666666667,12.828000000000003,9.512,0.0
fio-repl,details,60,40,3,readwrite_random,unrepl-bound,1788873696.5272694,1788873778.273169,45.149434479,31.320629396,22.206860371934425,15.405128586491804,61,0.156408762598,0.25478659608,0.3549422057371546,0.8322248729695246,2026-09-08 15:21:36.527269363,2026-09-08 15:22:58.273169041,82,41.30487804878049,50.109756097560975,64.58536585365853,39.21951219512195,68.10975609756098,0.35012195121951223,3294.6368292682923,625.498292682927,589.3660975609756,1346.3420731707317,733.4300000000001,0.9934146341463416,0.07963414634146342,0.4377536060898523,0.1476829268292683,35.048536585365845,28.30426829268293,0.00874878048780488,28.891595726943596,68.49124440262958,24.634146341463417,10.161585365853657,67.23317442358993,35.69076457698171,31.54240901295732,1.6122800352515247,1.1769490758384147,31.815899032964936,1.0856361947408535,1.2758509193978658,1.0570529249237803,28.224371546303352,0.9851340987042684,1.6456415129870905,0.17796321031523915,0.20149524037430927,1.1427486698801925,0.12343439241734946,18.45431592987805,5.759193978658536,3.955983231707317,5.045302972560975,3.6938357469512195,7.270666666666668,27.936000000000003,15.306666666666663,14.012,0.0
fio-repl,details,60,40,4,readwrite_random,unrepl-bound,1788873781.8947527,1788873867.2863498,66.544652457,24.833808006,31.19592512,11.642399616,64,0.321747501924,0.1792718820079999,0.4975827085563868,0.741600454755536,2026-09-08 15:23:01.894752741,2026-09-08 15:24:27.286349773,85,47.05882352941177,61.49411764705882,73.94117647058823,46.4,75.82352941176471,0.39694117647058835,3443.378235294118,633.3234117647058,641.0730588235294,1539.218,629.7648235294118,0.9955294117647059,0.07576470588235293,0.4091459582264577,0.11670588235294117,39.293058823529414,34.630117647058825,0.01116235294117647,27.988941291360295,61.91872989430146,22.315686274509805,9.919607843137255,66.29334777113971,39.39444485294118,26.898902228860297,0.9151000689338237,0.6209654181985297,37.21461454503676,0.6437650505514707,0.7811379825367647,0.5625026424632353,24.925156594669115,0.6301050091911764,1.5058411093319164,0.12784037870519302,0.14394975550034467,1.1509668686810661,0.0830784517176011,18.448345588235295,5.753722426470588,3.963051470588235,5.04264705882353,3.688924632352941,6.699999999999998,32.573076923076925,11.587179487179489,12.01410256410256,0.0
fio-repl,details,60,40,5,readwrite_random,unrepl-bound,1788873868.3790252,1788873950.3236268,45.630500621,29.332138052,22.443473936786884,14.4270842292459,61,0.160659193888,0.225123283635,0.3606093020746002,0.7856104404972364,2026-09-08 15:24:28.379025221,2026-09-08 15:25:50.323626757,82,52.707317073170735,59.9390243902439,61.3780487804878,52.13414634146341,67.7560975609756,0.36780487804878054,3439.5331707317077,673.2982926829268,554.1471951219511,1590.7079268292682,621.3793902439024,0.995609756097561,0.08097560975609756,0.34836514345315645,0.13731707317073172,39.051829268292686,31.468902439024383,0.00904268292682927,25.36380549733232,65.37122487137957,23.47662601626016,8.942073170731708,66.85499571265244,36.45037276105183,30.404622832507624,1.938439405487805,1.1502993997713413,32.20045040967988,1.1611848561356708,1.314042373285061,1.0992940167682923,26.893629239710364,1.0976589891387194,1.6629293953500144,0.1819950662008146,0.20377815060499238,1.1481175771573695,0.12903413539979516,18.378715701219512,4.863424161585366,4.818740472560975,5.0383479420731705,3.658203125,7.419736842105263,28.84210526315789,15.29736842105263,13.410526315789472,0.0
fio-repl,details,60,40,1,readwrite_random,unrepl-firsttouch,1788873953.9508114,1788874029.4859145,90.222259153,54.368148354,50.12681887288888,30.207547316148148,54,0.384948192052,0.2643005294589999,0.4396207430983941,0.4998062479603657,2026-09-08 15:25:53.950811386,2026-09-08 15:27:09.485914469,75,27.533333333333335,25.893333333333334,31.013333333333332,27.666666666666668,26.733333333333334,0.38759999999999994,6338.149333333333,1549.7262666666668,1634.1457333333337,1572.2514666666666,1582.0270666666665,0.9949333333333334,0.0864,0.9483403071435569,0.12093333333333331,66.70586666666667,60.45533333333333,0.010089333333333332,76.45392604166668,142.19329388020833,51.657777777777774,27.560000000000002,136.01702495374175,71.2921724660773,64.72485145970396,22.231450323807568,17.184742238898025,15.878825812088818,15.997155119243416,19.913170615748353,15.719646253083878,14.474672466077301,14.617362767269736,1.4702862548828124,0.41701695760091145,0.378846435546875,0.3847935485839844,0.2896421305338541,18.4796875,5.7843229166666665,3.958854166666667,5.045364583333333,3.691145833333333,6.258333333333334,27.825000000000003,15.377777777777775,12.070833333333333,0.0
fio-repl,details,60,40,2,readwrite_random,unrepl-firsttouch,1788874032.743638,1788874105.795601,99.406707175,58.821991307,57.353846705230765,33.940288984615385,52,0.514506690104,0.381412165769,0.533024056964928,0.6648538377834022,2026-09-08 15:27:12.743638039,2026-09-08 15:28:25.795600891,73,27.493150684931507,29.671232876712327,28.273972602739725,26.08219178082192,27.08219178082192,0.37,6965.712876712329,1871.3868493150687,1716.319726027397,1784.9508219178083,1593.0550684931507,0.9917808219178083,0.08931506849315068,0.8512697783871955,0.13041095890410961,69.78780821917809,63.676301369863026,0.009178082191780821,84.21572426155821,154.34524788634417,56.13013698630136,30.40639269406393,152.21448643514555,79.45018461044519,72.76430155714897,25.519267578125,12.281222174657534,24.3169167380137,17.33277731699486,23.651805436643837,10.920159059289384,22.71335389019692,15.47898223458904,1.4414053093897152,0.41430418458703444,0.279215982515518,0.4803905748341181,0.2675077359970302,18.496896404109588,5.819563356164384,3.943814212328767,5.041042380136986,3.692476455479452,6.162318840579711,27.486956521739128,14.218840579710145,13.765217391304347,0.0
fio-repl,details,60,40,3,readwrite_random,unrepl-firsttouch,1788874109.6604471,1788874188.7541797,78.941838838,43.636540497,40.83470773848275,22.572129103448276,58,0.260236603385,0.225874606368,0.3391461782930846,0.5318266549675315,2026-09-08 15:28:29.660447121,2026-09-08 15:29:48.754179716,79,29.379746835443036,27.9873417721519,22.670886075949365,33.050632911392405,29.164556962025316,0.38835443037974676,5021.807721518987,1206.941012658228,1013.7430379746835,1632.0340506329117,1169.089493670886,0.9939240506329116,0.08139240506329114,0.6211531172291096,0.13075949367088605,55.169493670886105,48.80721518987341,0.010591139240506328,57.47832772943037,118.37102069323576,42.926160337552744,20.610759493670887,106.47100239814081,57.242353392009505,49.22864900613133,13.555069966376584,8.921940021756328,24.761188563093356,10.004156200553798,11.7603828372231,7.2860461580300635,21.699327778876583,8.48289161392405,1.5160874475406694,0.3463725802264636,0.30427976197834256,0.6171176765538469,0.2483154007151157,18.408870648734176,4.865357990506329,3.9384394778481013,5.9167325949367084,3.688736155063291,6.8613333333333335,28.092000000000002,14.481333333333335,11.545333333333332,0.0
fio-repl,details,60,40,4,readwrite_random,unrepl-firsttouch,1788874192.4188125,1788874271.1962664,98.897691731,47.742460092,51.15738874703448,24.696845347310344,58,0.425067910465,0.199161449197,0.4421944649154804,0.4289894885738559,2026-09-08 15:29:52.418812513,2026-09-08 15:31:11.196266413,79,28.11392405063291,25.632911392405063,31.924050632911392,29.303797468354432,29.962025316455698,0.4586075949367089,6002.0543037974685,1508.1350632911394,1467.0898734177215,1509.4922784810126,1517.337594936709,0.9941772151898735,0.0821518987341772,0.9668842835723165,0.11974683544303796,66.87329113924052,61.04848101265823,0.011503797468354428,69.79628621934337,128.75639191060128,46.709915611814345,25.087552742616037,123.26981086827529,68.6620777294304,54.60773177907437,23.999995178995253,6.829661540743672,19.666782535601264,18.16563909216772,19.199974906052216,5.246025267009494,15.697458094343355,14.464273635284808,1.4764441465720153,0.4534967862642728,0.2312035682873848,0.46142705281575525,0.3303290636111529,18.505809294871796,4.884465144230769,3.9694010416666665,5.061949118589744,4.589993990384615,6.325675675675676,32.20540540540541,13.097297297297297,10.155405405405403,0.0
fio-repl,details,60,40,5,readwrite_random,unrepl-firsttouch,1788874272.387412,1788874353.540219,89.214721928,52.136675142,44.61033478826667,26.070075460266665,60,0.457577838685,0.363702024269,0.5277363787243505,0.7159916606223076,2026-09-08 15:31:12.387412071,2026-09-08 15:32:33.540219069,81,29.123456790123456,22.530864197530864,30.0,32.2962962962963,25.530864197530864,0.3803703703703704,5884.329135802469,1251.7201234567901,1503.6564197530863,1754.075802469136,1374.8777777777777,0.9955555555555555,0.08320987654320988,0.7136066307367095,0.11432098765432101,61.93654320987654,56.07555555555555,0.00956172839506173,66.30162326388889,130.44163688753858,47.34670781893005,23.82510288065843,122.56092001832563,64.69148919753086,57.8694310619213,8.216489197530864,19.233356119791665,27.210220389660495,10.031423369984568,7.12218822337963,17.107318552276233,24.887014371141976,8.752910276813271,1.4610971521448206,0.2238411609037423,0.4304556670012297,0.6035561267240548,0.20324650517216436,18.428626543209877,4.835648148148148,3.967206790123457,5.933449074074074,3.6923225308641974,6.402597402597402,27.050649350649344,14.35064935064935,13.967532467532465,0.0
fio-repl,details,60,40,1,readwrite_random,unrepl-interleaved,1788874356.8253455,1788874416.2988603,80.069473836,49.954216815,63.21695668547368,39.441483344842105,38,0.366910351865,0.101975074591,0.4701923054847065,0.2089028001259765,2026-09-08 15:32:36.825345516,2026-09-08 15:33:36.298860312,60,29.316666666666666,28.483333333333334,29.366666666666667,31.05,28.516666666666666,0.30850000000000005,6908.704,1704.8775,1704.3568333333328,1911.3220000000001,1588.1478333333334,0.9931666666666666,0.10749999999999998,0.8309158966062931,0.1743333333333333,77.408,67.38399999999999,0.009619999999999998,82.68795898437499,151.97409244791666,55.25277777777779,29.850000000000005,147.82211848958332,78.03230696614584,69.78981119791668,19.400120442708335,19.07204638671875,20.517072428385415,19.04306656901042,17.137522298177082,16.853944010416665,19.06132926432292,16.737017578125,1.6646503513142215,0.4195835954051907,0.44345487174341236,0.4258337505793167,0.37578628022791977,18.618313029661017,5.867915783898305,3.9588850635593222,5.077727754237288,3.7137844279661016,7.923214285714285,29.10357142857143,17.87857142857143,12.507142857142858,0.0
fio-repl,details,60,40,2,readwrite_random,unrepl-interleaved,1788874420.0240152,1788874493.457085,86.516495486,52.380036522,49.91835411692308,30.22328107323077,52,0.31446532526,0.242600279982,0.3715488624005937,0.4733765511620095,2026-09-08 15:33:40.024015188,2026-09-08 15:34:53.457084894,74,29.283783783783782,22.743243243243242,29.824324324324323,31.743243243243242,29.864864864864863,0.3932432432432433,6094.336891891892,1423.6463513513513,1579.2291891891894,1583.0977027027025,1508.3639189189187,0.9913513513513513,0.08770270270270271,0.8992788941079682,0.14445945945945945,67.31662162162161,59.02567567567566,0.009649999999999999,71.15029705975508,135.05157160578548,49.00112612612612,25.585585585585587,127.99429476351348,68.23016759923988,59.76412795608109,16.788396589949325,17.398752771326013,17.604104597761822,16.438912848395272,14.736511164484801,15.035417150548989,15.638868375211148,14.353332189611487,1.5574557160677975,0.3842513724549176,0.4324656447319135,0.42785916263110013,0.31289704205238655,18.490849743150687,4.87623073630137,4.8817422945205475,5.04976455479452,3.6831121575342465,6.8362318840579706,28.08405797101449,15.599999999999998,13.105797101449275,0.0
fio-repl,details,60,40,3,readwrite_random,unrepl-interleaved,1788874496.7425208,1788874547.674349,69.763056436,48.444191595,69.77003274239999,48.449036014933334,30,0.04809448609,0.039468411133,0.0705292057794913,0.083314647406861,2026-09-08 15:34:56.742520809,2026-09-08 15:35:47.674349070,51,32.78431372549019,33.31372549019608,33.94117647058823,30.862745098039216,31.392156862745097,0.2315686274509804,7522.094117647059,1871.0552941176472,1894.5017647058824,1910.723529411765,1845.8145098039215,0.9913725490196079,0.12725490196078434,0.9660290886626458,0.20627450980392154,82.19803921568628,68.58745098039216,0.008190196078431373,90.58894358915441,164.01342677696076,59.70261437908497,32.740196078431374,163.08678787530638,85.2730694699755,77.81371878829657,21.375590533088236,21.016912722120097,22.017032207414214,20.863533624387255,19.088448797487743,18.947456533394604,20.92055127910539,18.857263327205885,1.7801117990531172,0.45599597108130363,0.49509280335669426,0.42391758339077823,0.40509601667815565,18.46920955882353,4.840686274509804,3.950750612745098,6.03140318627451,3.6463694852941178,9.168085106382978,27.180851063829788,20.07234042553191,14.304255319148934,0.0
fio-repl,details,60,40,4,readwrite_random,unrepl-interleaved,1788874551.0273814,1788874602.0055158,71.083925855,48.127407504,71.09103424853335,48.132220245333336,30,0.044168636133,0.033686566312,0.0636317341933559,0.0716101767168349,2026-09-08 15:35:51.027381420,2026-09-08 15:36:42.005515814,51,31.15686274509804,24.725490196078432,33.94117647058823,34.88235294117647,29.11764705882353,0.22509803921568627,7341.903333333333,1687.1709803921567,1868.1566666666665,1991.381176470588,1795.1947058823528,0.9898039215686274,0.12843137254901965,0.8472365814878313,0.21921568627450977,82.3549019607843,68.3970588235294,0.008319607843137256,88.00882295496325,159.8780964690564,58.14869281045751,31.808823529411764,156.86845415900737,82.16777726715686,74.70067535998776,19.902936006433823,20.61710994944853,21.47386201746324,20.173869293811276,18.04053749234069,18.26413736979167,20.14061638327206,18.255385454963232,1.6918414246802236,0.35108641082165293,0.5092024709664139,0.42139823763978246,0.41021085252948836,18.48016237745098,4.836473651960785,4.9533547794117645,5.0284160539215685,3.661917892156863,8.885416666666666,26.385416666666668,19.708333333333332,13.2875,0.0
fio-repl,details,60,40,5,readwrite_random,unrepl-interleaved,1788874605.3106997,1788874679.473539,86.994777719,51.687442157,49.247251243471695,29.25996843471698,53,0.313209847285,0.207730426576,0.3683749630187521,0.4111348657540297,2026-09-08 15:36:45.310699701,2026-09-08 15:37:59.473539114,74,29.06756756756757,26.37837837837838,33.729729729729726,27.27027027027027,27.89189189189189,0.3936486486486487,5875.910540540541,1407.8447297297298,1575.0627027027026,1520.0724324324324,1372.9313513513514,0.9941891891891895,0.08743243243243244,0.871667743128888,0.14513513513513515,64.68040540540541,56.4977027027027,0.010301351351351351,70.4148165646115,134.20568544130066,48.780405405405396,25.33783783783784,126.2979709934544,67.12872215477196,59.16924870671454,16.414894821579388,16.684453520903713,17.476838444890205,16.55253510346284,14.432632231841218,14.640244404560809,16.028043575802364,14.06832968222128,1.5668047312143687,0.36553810738228465,0.4236774444580078,0.42601724573083827,0.35155244775720546,18.428790118243242,4.84765625,4.850242820945946,5.035050675675675,3.6958403716216215,6.770422535211267,28.174647887323943,15.754929577464788,11.852112676056336,0.0
fio-repl,details,50,50,1,readwrite_random,repl,1788874683.271182,1788874735.0073214,5.726073664,0.923729095,5.726646272,0.9237906773333334,30,0.004508636999,0.00041093006,0.0806459010834214,0.0455327338681695,2026-09-08 15:38:03.271182060,2026-09-08 15:38:55.007321358,52,41.5,39.44230769230769,41.86538461538461,43.92307692307692,43.34615384615385,0.15326923076923077,4011.3061538461534,960.1249999999999,1011.786923076923,1059.1961538461537,980.1961538461538,0.9903846153846155,0.11826923076923078,0.9064657160183158,0.5613461538461538,69.54134615384615,27.28096153846154,0.006207692307692306,33.33829571063701,91.26110689603368,32.945512820512825,11.764423076923078,56.83153771033654,26.12735990084135,30.70417743389423,6.589223445012019,6.296352914663462,7.388457970252403,5.8533250075120185,7.7177606670673065,7.438739107572114,8.331176006610578,7.216502028245192,3.9183440575232873,0.934901604285607,0.9630415256206806,1.1162775479830227,0.9041048930241512,18.533052884615383,4.851111778846154,4.956204927884615,5.0409405048076925,3.684795673076923,7.124489795918366,17.918367346938776,35.65102040816326,0.6306122448979592,0.0
fio-repl,details,50,50,2,readwrite_random,repl,1788874737.5043745,1788874794.7282052,6.120257316,1.008877714,5.246459435885715,0.8648388022857143,35,0.059981277675,0.011601219248,1.0083510153034974,1.1828244355312405,2026-09-08 15:38:57.504374503,2026-09-08 15:39:54.728205204,57,44.50877192982456,42.526315789473685,42.21052631578947,41.578947368421055,47.8421052631579,0.15842105263157893,3781.1147368421052,979.5010526315789,865.8861403508772,977.5936842105262,958.1336842105263,0.9901754385964913,0.11070175438596493,0.884007360711397,0.5263157894736842,66.58368421052633,26.141929824561405,0.0063228070175438585,31.522777891995613,86.15808902138157,31.10233918128655,11.115497076023393,54.42662057976974,25.111336177357458,29.31528354577851,6.980239343475877,5.494842722039474,6.743737321820174,5.892515248081141,7.892384697094298,6.488232764528508,7.8632822779605265,7.07138397752193,3.8646562810529743,0.9803316216719777,0.8368069832785088,1.1303719637686744,0.9171119823790432,18.43057839912281,5.834909539473684,3.925301535087719,5.03234649122807,3.6380208333333335,7.112962962962962,18.2,34.76296296296296,0.6407407407407407,0.0
fio-repl,details,50,50,3,readwrite_random,repl,1788874798.4751446,1788874856.1555943,6.440220404,1.058809173,5.5207409371428575,0.9076112237714286,35,0.031277273483,0.0122028938139999,0.497688669985238,1.1885122502313183,2026-09-08 15:39:58.475144625,2026-09-08 15:40:56.155594349,57,43.78947368421053,41.85964912280702,45.56140350877193,42.29824561403509,44.666666666666664,0.15228070175438593,3816.4585964912276,976.1440350877194,948.3522807017542,970.9533333333333,921.009298245614,0.9917543859649123,0.11070175438596493,0.9435178264064782,0.5198245614035087,66.83350877192983,26.820526315789472,0.006352631578947369,31.968885690789474,87.61456020422148,31.621345029239766,11.241228070175438,55.47958487527413,25.759476939418857,29.720107421875003,7.09633120888158,6.000802494517544,6.973385759320176,5.688957648026316,7.707193839089913,7.0825579084429835,7.8739307497258775,7.05642578125,3.9428177537589235,0.935690320771316,0.9850264582140692,1.1177693728742928,0.9043316018992457,18.44740032327586,4.8294046336206895,4.928946659482759,5.036368534482759,3.6526804956896552,6.951851851851852,18.574074074074073,35.43518518518518,0.6240740740740741,0.0
fio-repl,details,50,50,4,readwrite_random,repl,1788874859.8039858,1788874916.899557,7.274095574,0.955967517,6.2353547264,0.8194553563428572,35,0.1967267002079999,0.007218384793,2.814190469005674,0.7741001590113239,2026-09-08 15:40:59.803985834,2026-09-08 15:41:56.899557114,57,45.19298245614035,45.08771929824562,44.92982456140351,42.78947368421053,47.94736842105263,0.17473684210526313,3739.312456140351,941.7998245614036,907.8905263157894,951.621754385965,937.9989473684211,0.9878947368421052,0.10842105263157896,0.954045577595698,0.5187719298245614,64.4621052631579,25.802105263157895,0.006617543859649123,30.637912554824563,84.57769017269737,30.586257309941516,10.726608187134504,53.259643469024134,24.799615371436406,28.460028268914474,6.632964124177632,6.002387609649123,6.428022203947368,5.7362407483552635,7.508928522478071,6.575299307839911,7.579415090460526,6.79638551946272,3.9372835661235612,0.9578453197813871,0.9274555005525288,1.1301497743840805,0.9218667013603344,18.408854166666668,4.836417214912281,3.921875,5.9842379385964914,3.6663240131578947,7.007407407407407,18.19814814814815,34.00370370370371,0.6240740740740741,0.0
fio-repl,details,50,50,5,readwrite_random,repl,1788874920.2193902,1788874975.8948786,6.462562123,0.968781272,5.702830923294118,0.8548639924705882,34,0.1082724489429999,0.007074490413,1.7376895617227532,0.7496573551355881,2026-09-08 15:42:00.219390154,2026-09-08 15:42:55.894878626,56,43.839285714285715,40.875,46.160714285714285,43.67857142857143,46.482142857142854,0.1567857142857143,3853.533214285714,939.9350000000001,983.3100000000001,992.7992857142857,937.487857142857,0.9926785714285715,0.11232142857142859,0.9442874009204851,0.5262500000000001,67.1575,26.630714285714284,0.006498214285714286,32.347163783482145,88.38733904157367,31.97470238095238,11.391369047619046,55.61871704101562,25.72204903738839,29.896667654854912,6.632758789062501,6.3108536202566965,6.9618913922991075,5.816545758928571,7.683325718470982,7.218453892299108,8.029268624441965,6.9656190708705354,4.034580161354759,0.9623051036487926,0.9969399192116477,1.1443758877840908,0.9309471823952414,18.538849431818182,4.859659090909091,3.953409090909091,6.0319602272727275,3.6938210227272728,7.051923076923076,18.396153846153847,35.419230769230765,0.5980769230769231,0.0
fio-repl,details,50,50,1,readwrite_random,unrepl-bound,1788874979.2701125,1788875073.071672,59.032479818,45.922745163,24.26154054136986,18.874248262136987,73,0.384459936539,0.167410476772,0.6681430497678397,0.3731667056909218,2026-09-08 15:42:59.270112514,2026-09-08 15:44:33.071671963,94,43.8936170212766,53.54255319148936,68.18085106382979,44.42553191489362,66.46808510638297,0.24414893617021277,3695.960744680852,684.2601063829787,653.0869148936171,1644.3209574468087,714.2928723404256,0.9962765957446807,0.07244680851063827,0.3971772736556777,0.12393617021276594,33.716276595744674,29.557659574468087,0.00792446808510638,31.63996166472739,70.34017515791223,25.30851063829787,11.131205673758865,76.22055051113696,39.05566946476063,37.164880319148935,0.5279987741023937,0.4455375249335106,37.55681796459441,0.5253152011303192,0.46573075964095734,0.44876038896276593,35.71751672623005,0.5328718209773936,1.443748720230595,0.07779090635238156,0.13202220137401294,1.1678551294470345,0.06610136134650117,18.543430779569892,4.876386088709677,3.97862063172043,5.994077620967742,3.694346438172043,6.000000000000001,28.162790697674417,10.619767441860464,23.67209302325581,0.0
fio-repl,details,50,50,2,readwrite_random,unrepl-bound,1788875076.766907,1788875160.3709002,38.080036092,38.545774896,18.42766649806452,18.653046519741935,62,0.281205038518,0.269624062638,0.7632188334158324,0.7214782193380556,2026-09-08 15:44:36.766906977,2026-09-08 15:46:00.370900154,83,48.373493975903614,51.71084337349398,65.78313253012048,46.81927710843374,63.72289156626506,0.3414457831325301,3341.173855421687,633.6539759036144,625.9713253012048,1519.8907228915664,561.6578313253011,0.9969879518072289,0.07734939759036144,0.3695382982907854,0.12493975903614458,29.209759036144582,24.479879518072288,0.007555421686746988,27.357069959525596,63.96594467714608,22.982931726907626,9.59136546184739,69.5009852692018,34.727571771460845,34.77341302710843,1.0895385448042167,0.6067998164533133,32.524186629329826,0.5070466632153615,0.9495849021084337,0.6457472467996987,32.62944512424698,0.5486364599021085,1.5274528595338384,0.13583410791603917,0.1579866983804358,1.1511384895048946,0.08245302682899568,18.606362951807228,5.80285203313253,3.999058734939759,5.078548569277109,3.7259036144578315,6.664935064935065,24.92597402597402,15.701298701298704,18.137662337662338,0.0
fio-repl,details,50,50,3,readwrite_random,unrepl-bound,1788875164.0212226,1788875245.5441651,47.10390703,36.176735048,23.5543087104,18.09077930666667,60,0.402775014296,0.312397104011,0.8779156900511756,0.8851520965061295,2026-09-08 15:46:04.021222591,2026-09-08 15:47:25.544165134,81,41.333333333333336,55.876543209876544,58.82716049382716,40.17283950617284,66.62962962962963,0.29790123456790124,3567.2023456790116,721.3451851851852,660.7796296296297,1516.4141975308642,668.6639506172838,0.9950617283950617,0.0788888888888889,0.43575141323891525,0.13111111111111112,32.681975308641974,27.823333333333334,0.007865432098765432,31.712237895447537,70.80973946277005,25.4320987654321,11.191358024691356,73.10449568383488,37.78578414351852,35.31871154031635,0.7637260079089506,0.7483950617283951,35.59941562982253,0.674246841242284,0.7623887201003087,0.7565693721064816,33.123851273148155,0.6759016927083334,1.5367263040424866,0.13149242636598185,0.16211403740776908,1.151047836115331,0.09210167402102623,18.443045910493826,4.867042824074074,4.864920910493828,5.024450231481482,3.6866319444444446,6.293243243243243,25.587837837837835,14.25945945945946,19.518918918918917,0.0
fio-repl,details,50,50,4,readwrite_random,unrepl-bound,1788875248.4056163,1788875320.3202672,49.017884293,35.785703325,28.836932989490197,21.05392212329412,51,0.267625227427,0.162481687906,0.5616057954616744,0.4661550091222547,2026-09-08 15:47:28.405616283,2026-09-08 15:48:40.320267200,72,46.27777777777778,59.111111111111114,56.666666666666664,46.388888888888886,75.79166666666667,0.17708333333333334,4017.463333333333,720.3648611111112,705.0383333333333,1898.434861111111,693.6262499999999,0.9965277777777778,0.09402777777777777,0.3653674214526571,0.13763888888888895,36.89861111111111,32.09819444444444,0.0073930555555555555,34.78877902560764,73.9429833984375,26.54166666666666,12.231481481481481,82.73166558159723,42.89943684895834,39.832229139539926,0.6899605305989583,0.6556301540798611,40.95262722439236,0.6012200249565972,0.6857059733072918,0.648125,37.88496568467882,0.6134318033854167,1.4847497410244412,0.12277544869316949,0.14940187666151258,1.1367006301879883,0.07583173116048177,18.54975043402778,4.882052951388889,4.946234809027778,5.044976128472222,3.676486545138889,6.429230769230769,26.189230769230768,12.873846153846156,25.435384615384613,0.0
fio-repl,details,50,50,5,readwrite_random,unrepl-bound,1788875323.310952,1788875414.2436826,57.261833164,45.789977342,24.542421694171427,19.62558428891429,70,0.368190410379,0.185476540655,0.6601278698125687,0.4145741028941475,2026-09-08 15:48:43.310951948,2026-09-08 15:50:14.243682623,91,46.714285714285715,56.05494505494506,66.84615384615384,47.32967032967033,69.16483516483517,0.24483516483516482,3778.3801098901095,689.0673626373626,724.5783516483518,1730.2875824175821,634.4461538461538,0.9948351648351649,0.07648351648351646,0.36667092817004254,0.14076923076923079,33.55747252747253,29.191868131868134,0.007536263736263736,31.14634733430632,68.42603569282281,24.623626373626376,10.942307692307693,77.505859375,39.344213813530224,38.161644702953296,0.6535929987980771,0.49686040521978025,37.91418247767857,0.27957986349587916,0.6399348600618131,0.5067207889766484,36.79958608774038,0.21540307348901094,1.4196903228759765,0.09471939934624565,0.13010893927680123,1.1657989078097875,0.02906307644314236,18.512760416666666,4.889973958333333,3.970095486111111,5.9821180555555555,3.6705729166666665,6.025301204819277,27.68433734939759,11.220481927710843,23.198795180722893,0.0
fio-repl,details,50,50,1,readwrite_random,unrepl-firsttouch,1788875417.2696657,1788875492.1329122,82.501384882,74.955145189,45.83563051614815,41.64452344414815,54,0.576891868328,0.397699589568,0.7185231229621597,0.5444088036830296,2026-09-08 15:50:17.269665718,2026-09-08 15:51:32.132912159,75,27.453333333333333,26.72,26.426666666666666,29.866666666666667,25.653333333333332,0.36266666666666664,7045.68,1738.3078666666663,1708.4105333333334,1924.2101333333335,1674.7522666666669,0.9952,0.09093333333333331,0.8703583032095733,0.12266666666666669,61.944933333333346,56.49466666666666,0.008170666666666666,85.23222278645834,155.45474557291666,56.52555555555556,30.777777777777782,155.62720638020832,75.97809375,79.64911171875,16.4898625,10.217411588541665,28.52784401041666,20.742975651041668,17.20065026041667,10.515987109375,30.198928515625006,21.733546875000002,1.4165451049804687,0.30028889973958334,0.24603953043619792,0.5551235453287761,0.31504826863606766,18.5325,4.863020833333334,3.972916666666667,5.049270833333333,4.647291666666667,5.795714285714285,25.15142857142858,14.938571428571429,17.28714285714286,0.0
fio-repl,details,50,50,2,readwrite_random,unrepl-firsttouch,1788875495.3512893,1788875567.6541958,83.145113845,72.148237387,48.91215109019608,42.44438365364706,51,0.56344221068,0.354100371652,0.6974129503335725,0.5044102635299116,2026-09-08 15:51:35.351289272,2026-09-08 15:52:47.654195786,72,27.65277777777778,27.625,25.833333333333332,31.291666666666668,25.34722222222222,0.3766666666666667,7184.606527777778,1767.03125,1726.899027777778,1958.6055555555556,1732.0716666666667,0.9938888888888889,0.09083333333333334,0.8816982178363859,0.1280555555555556,63.11152777777777,57.122083333333336,0.008640277777777776,88.08701809353299,157.5045072428385,57.29050925925926,31.836805555555557,159.1422774251302,78.88666042751737,80.25561781141494,20.781778428819443,15.748612467447916,24.886316053602428,17.469954291449653,21.220930040147568,15.82846164279514,25.61250217013889,17.59372355143229,1.4523660871717663,0.3585420184665256,0.3285933600531684,0.49157587687174475,0.27366134855482316,18.550889756944443,5.820258246527778,3.9713541666666665,5.060492621527778,3.6987847222222223,5.942647058823531,25.735294117647058,15.186764705882354,15.305882352941179,0.0
fio-repl,details,50,50,3,readwrite_random,unrepl-firsttouch,1788875571.363579,1788875649.307016,77.193236069,70.065908412,40.63072751831579,36.879252354245615,57,0.464668046125,0.39744825788,0.6177333036325071,0.5806340166744153,2026-09-08 15:52:51.363579035,2026-09-08 15:54:09.307015896,78,26.858974358974358,30.32051282051282,25.44871794871795,27.435897435897434,25.974358974358974,0.3880769230769231,6262.811025641025,1582.533846153846,1485.9123076923076,1705.4242307692307,1488.9403846153848,0.9943589743589746,0.08512820512820511,0.8712860301170271,0.12025641025641022,56.80551282051281,51.37576923076923,0.008205128205128203,77.66594426081733,143.22965845352564,52.042735042735046,27.991452991452988,140.9967242588141,69.48750475761217,71.5092192508013,11.989441105769231,11.417163461538463,25.498199744591346,20.582700821314102,11.987557091346154,11.488821990184293,26.718358623798075,21.314480919471155,1.4571348413244471,0.26348029793082894,0.28967304972859176,0.5487470255269633,0.35523446813806314,18.505681818181817,4.87109375,4.889864042207792,5.042765827922078,3.701958198051948,5.815068493150684,23.872602739726027,15.328767123287669,17.49041095890411,0.0
fio-repl,details,50,50,4,readwrite_random,unrepl-firsttouch,1788875652.4906485,1788875728.3775947,79.442511559,70.219120001,43.33516785105454,38.303891604945456,55,0.508488989669,0.340792597246,0.6561502538189837,0.4963619050222746,2026-09-08 15:54:12.490648508,2026-09-08 15:55:28.377594709,76,28.61842105263158,32.23684210526316,30.539473684210527,26.69736842105263,26.289473684210527,0.3406578947368421,6528.922105263157,1855.736710526316,1556.887105263158,1578.9753947368422,1537.3219736842107,0.9943421052631578,0.0913157894736842,0.8284159950945854,0.1268421052631579,59.24815789473685,53.448026315789484,0.0086,77.85648720189145,145.0863642321135,52.71381578947369,28.06030701754386,143.14715049342107,70.96587787828948,72.18127312911183,29.10963584498355,2.722976716694079,21.453587453741772,17.67967863384046,29.650801423725337,2.654209369860198,22.07886410361842,17.797400416324013,1.43927241007487,0.5068676249186198,0.15356664021809896,0.47803441365559896,0.30079732259114583,18.537552083333335,5.839322916666666,3.9599479166666667,5.042604166666667,3.6956770833333334,6.00281690140845,25.84647887323944,14.616901408450703,16.563380281690137,0.0
fio-repl,details,50,50,5,readwrite_random,unrepl-firsttouch,1788875731.1177115,1788875809.744313,82.258110314,75.35232523,43.29662852042105,39.66308445417544,57,0.505046002147,0.386718926212,0.6312929294469721,0.5257949801300031,2026-09-08 15:55:31.117711544,2026-09-08 15:56:49.744313002,78,28.897435897435898,25.26923076923077,24.076923076923077,33.15384615384615,26.628205128205128,0.34500000000000003,6696.287564102564,1508.6747435897437,1488.2160256410257,2082.027307692308,1617.3697435897436,0.995897435897436,0.09038461538461537,0.7147917897823083,0.11846153846153851,58.68294871794871,53.16435897435897,0.007544871794871795,81.55123635316508,148.71448329827723,54.03846153846154,29.428418803418804,150.2682151442308,73.66688000801282,76.60133463541666,18.125830954527242,9.497602789463143,29.723336212940705,16.32010942508013,18.802553836137818,9.621990059094548,31.333502478966345,16.84328688401442,1.4292635795397637,0.32367148766150844,0.2461109650440705,0.5885029817238833,0.2709966317201272,18.47966746794872,4.869541266025641,3.9611378205128207,5.970653044871795,3.6783353365384617,5.852054794520548,23.420547945205477,14.104109589041094,17.90547945205479,0.0
fio-repl,details,50,50,1,readwrite_random,unrepl-interleaved,1788875813.4149263,1788875883.3841698,83.024364852,73.930636155,50.83463253681633,45.265163577469394,49,0.532294190345,0.356842714678,0.6598677513907379,0.4957067003594123,2026-09-08 15:56:53.414926291,2026-09-08 15:58:03.384169817,70,27.32857142857143,26.985714285714284,28.17142857142857,29.6,25.5,0.3578571428571429,7294.133714285715,1859.7378571428571,1807.3785714285714,1844.8732857142859,1782.1432857142856,0.9950000000000001,0.09385714285714283,0.9582766081087465,0.128,65.55128571428573,59.142571428571436,0.00824,92.73627566964285,162.84689090401787,59.267857142857146,33.555952380952384,166.9356481584822,82.53336565290178,84.40228166852678,20.573689732142856,20.41648842075893,21.197110630580358,20.346077985491064,21.020923967633934,20.792116489955355,21.795738978794645,20.793501953125,1.4840633937290737,0.349231937953404,0.39221082414899555,0.42590228489467075,0.316697747366769,18.521651785714287,4.8682477678571425,4.9055245535714285,5.056194196428572,3.691685267857143,6.009230769230769,24.41076923076923,15.493846153846157,15.992307692307692,0.0
fio-repl,details,50,50,2,readwrite_random,unrepl-interleaved,1788875886.5646908,1788875967.1639411,82.827469468,76.297710832,42.118470152677965,38.79803254888135,59,0.471074233682,0.358536514737,0.5842529837203884,0.4810057240621651,2026-09-08 15:58:06.564690828,2026-09-08 15:59:27.163941145,80,26.8875,28.85,22.85,31.9375,23.7125,0.40412499999999996,6629.107250000001,1629.6747500000001,1541.10775,1841.1945,1617.13025,0.9948750000000001,0.08262500000000002,0.8370151822634707,0.11862500000000002,57.41224999999999,51.949,0.00822,83.52609045410156,147.63606433105468,53.640625,30.129166666666663,150.04410583496093,73.40587243652344,76.63823315429687,18.17801123046875,18.041729248046874,19.074417236328124,18.11171398925781,18.867003540039065,18.842084594726565,20.05516943359375,18.873974243164064,1.431367897693022,0.3353829089506173,0.3668810055579668,0.4267408111949026,0.30230976622781636,18.483796296296298,4.862895447530864,3.9718846450617282,5.947723765432099,3.701292438271605,5.586842105263157,23.43421052631579,15.405263157894733,16.26842105263158,0.0
fio-repl,details,50,50,3,readwrite_random,unrepl-interleaved,1788875970.90975,1788876052.1309211,81.252467909,71.879047333,40.62894237013333,35.943117619199995,60,0.392940914836,0.322803181134,0.498725656315573,0.4615765128750282,2026-09-08 15:59:30.909749985,2026-09-08 16:00:52.130921125,81,27.271604938271604,29.333333333333332,24.08641975308642,30.864197530864196,23.728395061728396,0.41148148148148145,6114.021851851853,1597.0337037037034,1443.447777777778,1631.4323456790123,1442.1075308641975,0.9953086419753087,0.08061728395061729,0.8839517830351606,0.12222222222222225,54.65296296296297,49.14098765432099,0.008465432098765432,78.20207441165122,140.31363835841051,50.971193415637856,28.204732510288064,140.31545018325616,69.74103021315587,70.57441972897377,17.54064115547839,17.07493790991512,17.99140612943673,17.13404513888889,17.762116488233026,17.09109483506945,18.380397617669754,17.340810788001544,1.4694882145634405,0.3595435060100791,0.3759450088312597,0.42722301718629435,0.3067826165093316,18.391010802469136,5.736882716049383,3.9541859567901234,5.022376543209877,3.677565586419753,5.6571428571428575,23.21948051948052,15.503896103896103,15.368831168831173,0.0
fio-repl,details,50,50,4,readwrite_random,unrepl-interleaved,1788876055.445539,1788876130.105018,85.889024955,77.659942516,48.619670315471694,43.96138859230189,53,0.498829471642,0.378351824693,0.5981621975486012,0.5008027662249802,2026-09-08 16:00:55.445538998,2026-09-08 16:02:10.105017900,74,27.2972972972973,28.85135135135135,30.2027027027027,25.37837837837838,24.77027027027027,0.38027027027027027,7253.5948648648655,1878.6114864864865,1942.7852702702705,1775.1236486486487,1657.073918918919,0.9954054054054053,0.08932432432432431,0.8529372464762383,0.12040540540540542,64.61324324324323,58.766891891891895,0.008545945945945946,91.40414669552365,159.59630278716216,58.03828828828829,33.03603603603603,164.39834762985643,80.66317567567567,83.73517208614865,20.15032767630912,19.984000343116556,20.658731656461146,19.8701146801098,20.974434385557434,20.845233979096285,21.443073928420606,20.472429397170608,1.4584943410512563,0.3452098949535473,0.38086731369430954,0.4281594044453389,0.3043306711557749,18.530194256756758,5.820154138513513,3.9737647804054053,5.056746199324325,3.6795291385135136,5.684285714285715,25.578571428571426,15.127142857142855,15.957142857142854,0.0
fio-repl,details,50,50,5,readwrite_random,unrepl-interleaved,1788876133.8428168,1788876210.105838,84.077028661,75.248287835,45.86325479796364,41.04725693905454,55,0.461785786443,0.369556595474,0.5656813515927791,0.5038749705744309,2026-09-08 16:02:13.842816830,2026-09-08 16:03:30.105838060,76,26.855263157894736,27.013157894736842,28.30263157894737,23.69736842105263,28.842105263157894,0.4131578947368421,6878.802763157895,1652.4517105263158,1712.6739473684213,1758.206184210526,1755.4711842105266,0.9953947368421053,0.08539473684210526,0.9398509261121178,0.11947368421052632,59.94921052631578,54.30776315789474,0.008106578947368423,87.33942344263981,156.14737715871712,56.80592105263158,31.563596491228072,156.94402163856904,76.88336361533717,80.06065712376645,19.253424521998355,18.84843480160362,19.882866210937504,18.89863705283717,19.80107139185855,19.480628983347046,21.060695286800986,19.71826197574013,1.4487017581337378,0.35163136532432154,0.3689183184975072,0.42779977698075144,0.30039069527073914,18.579872532894736,5.8179481907894735,3.9847347861842106,5.057514391447368,3.719675164473684,5.606944444444445,23.24722222222222,15.780555555555557,16.795833333333334,0.0
fio-repl,details,40,60,1,readwrite_random,repl,1788876213.3694696,1788876268.2482953,3.292027541,1.110906927,2.993051585939394,1.010016380121212,33,0.046702776344,0.0064440249299999,1.4758597270587397,0.5976706173031475,2026-09-08 16:03:33.369469643,2026-09-08 16:04:28.248295307,55,41.03636363636364,40.36363636363637,43.41818181818182,39.21818181818182,42.54545454545455,0.1612727272727273,3722.1723636363645,918.5321818181819,939.1267272727272,929.0659999999999,935.4476363636364,0.9892727272727272,0.11163636363636363,0.9780705363222354,0.5536363636363636,64.17,24.356,0.006040000000000001,31.592912109374996,86.84607794744319,31.40757575757576,11.086363636363638,52.47766281960226,23.51594957386364,28.961712535511364,6.116225142045455,5.782138494318181,6.296305220170453,5.321281250000001,7.36454296875,7.125891335227273,7.725332386363637,6.7459453125,3.9382632168856535,0.9406289534135298,0.9798270485617898,1.1191606695001775,0.8986290671608664,18.505610795454544,4.8736505681818185,3.96328125,6.010014204545454,3.6586647727272728,7.046153846153844,17.625,35.18846153846154,0.6403846153846154,0.0
fio-repl,details,40,60,2,readwrite_random,repl,1788876271.6162412,1788876327.3132188,3.242392207,1.114211932,2.861125029647059,0.9832264884705882,34,0.049859938447,0.0077633485419999,1.5856130378291664,0.7160682895187448,2026-09-08 16:04:31.616241217,2026-09-08 16:05:27.313218832,55,41.345454545454544,40.14545454545455,42.43636363636364,40.58181818181818,42.41818181818182,0.14872727272727274,3715.4238181818178,907.6049090909095,952.5992727272728,969.7556363636363,885.464,0.995090909090909,0.11145454545454546,0.9130795086897244,0.5410909090909091,64.28072727272726,24.330727272727273,0.006118181818181819,31.70137855113636,87.13153675426135,31.44242424242424,11.10909090909091,52.44845791903409,23.43841796875,29.01003888494318,6.039295632102273,5.762790482954546,6.419541193181817,5.216791725852273,7.3383984374999995,7.155180930397728,7.866951882102273,6.649507990056818,3.9308434895106723,0.9345518520900181,0.9789321763174874,1.1206464086260115,0.8967302186148507,18.517299107142858,4.870396205357143,4.937360491071429,5.020089285714286,3.689453125,7.066037735849057,17.81132075471698,35.335849056603784,0.6169811320754718,0.0
fio-repl,details,40,60,3,readwrite_random,repl,1788876330.9146378,1788876389.410433,3.315369597,1.183955878,2.7629921848888888,0.9867285617777778,36,0.034536216244,0.011465406013,1.0701243515507464,0.9962462356535998,2026-09-08 16:05:30.914637804,2026-09-08 16:06:29.410433054,58,41.241379310344826,40.1551724137931,43.224137931034484,39.89655172413793,42.8448275862069,0.15431034482758618,3578.3572413793104,865.5772413793104,896.4348275862069,919.2529310344827,897.0925862068966,0.9929310344827587,0.10810344827586207,0.9416094441006914,0.5291379310344828,62.236551724137925,23.72362068965517,0.005979310344827587,30.643575397359914,84.97614274649786,30.682471264367816,10.718390804597702,50.86660122575431,22.782973801185342,28.08362809806034,5.914426353717672,5.241531351023706,6.233270474137932,5.393744275323276,7.1164429552801725,6.540210634428878,7.596328798491379,6.83064520474138,3.9210840645482987,0.9203734963627185,0.966653403589281,1.12036320314569,0.9136821940793829,18.35798463983051,4.835672669491525,3.9316737288135593,5.942995233050848,3.647643008474576,6.878181818181818,18.250909090909094,35.20909090909091,0.6254545454545456,0.0
fio-repl,details,40,60,4,readwrite_random,repl,1788876391.9425068,1788876446.219554,3.608007376,1.090928091,3.382732416,1.02284736,32,0.101956502401,0.005788212521,2.978477125778225,0.5451360831361138,2026-09-08 16:06:31.942506790,2026-09-08 16:07:26.219553947,54,41.55555555555556,40.81481481481482,43.851851851851855,40.129629629629626,41.907407407407405,0.15333333333333335,3781.7374074074073,919.6090740740742,959.3805555555555,982.2,920.5488888888888,0.9944444444444445,0.11425925925925925,0.9362747648891001,0.5487037037037037,65.54444444444445,25.004814814814818,0.006240740740740742,32.06989221643518,87.82771122685183,31.728395061728392,11.29783950617284,53.28314308449074,23.93515914351852,29.347983036747685,6.063012514467591,5.890544343171297,6.506432110821758,5.475172164351851,7.395388274016204,7.252108289930556,7.641480396412037,7.059005533854166,3.9784798092312283,0.947774675157335,0.9938667438648364,1.124269344188549,0.9125868479410807,18.415147569444443,4.832248263888889,4.921585648148148,5.0170717592592595,3.6442418981481484,7.103921568627452,17.723529411764705,35.778431372549015,0.615686274509804,0.0
fio-repl,details,40,60,5,readwrite_random,repl,1788876449.330646,1788876504.2660215,3.200536745,1.13641167,2.909772831030303,1.033204829090909,33,0.032914463394,0.008397785783,1.057186105735345,0.7636503641049149,2026-09-08 16:07:29.330646038,2026-09-08 16:08:24.266021490,55,40.43636363636364,40.472727272727276,40.0,39.96363636363636,41.49090909090909,0.14981818181818182,3712.413454545455,937.3527272727272,922.818,934.1429090909091,918.0985454545454,0.988181818181818,0.11218181818181817,0.9794589792529833,0.5634545454545455,64.47381818181819,24.375272727272733,0.0059636363636363645,31.581888494318186,86.45056960227271,31.212121212121207,11.166666666666666,52.45500159801136,23.477800071022724,28.977202592329547,6.2048995028409095,5.447776633522727,6.377149147727272,5.4479746093750006,7.5242761008522745,6.698763494318181,7.737231001420455,7.016932528409089,3.9693231229428894,0.962456950434932,0.9377131991916232,1.1366322835286458,0.9325408935546875,18.532118055555557,4.857204861111111,3.9383680555555554,6.034505208333333,3.7020399305555554,7.1269230769230765,17.540384615384617,35.58269230769231,0.644230769230769,0.0
fio-repl,details,40,60,1,readwrite_random,unrepl-bound,1788876507.864606,1788876596.5664136,41.569954497,51.450921298,18.34090845364706,22.70044912941177,68,0.332992990618,0.106353732666,0.8234318792630924,0.2117144386224219,2026-09-08 16:08:27.864605904,2026-09-08 16:09:56.566413641,88,47.68181818181818,54.95454545454545,63.81818181818182,47.77272727272727,64.39772727272727,0.20295454545454544,3639.4896590909093,626.8323863636364,672.0161363636363,1658.502840909091,682.1389772727272,0.9959090909090911,0.07829545454545453,0.3779507462405339,0.15772727272727274,27.08568181818182,22.846477272727274,0.006011363636363635,30.759133855646304,66.71450095436789,23.984848484848484,10.765151515151516,76.62701882102273,37.01327670010654,39.61374178799716,0.3855876020951705,0.5063593084161933,35.6068984153054,0.5144318181818182,0.30427823153409095,0.534481534090909,38.237018044211645,0.5379633123224431,1.4222530885176226,0.06629193912852895,0.13269983638416638,1.1576848030090332,0.06556853381070224,18.522150213068183,4.872425426136363,3.9663529829545454,5.985884232954546,3.6973987926136362,6.04625,23.66625,11.39375,29.39875,0.0
fio-repl,details,40,60,2,readwrite_random,unrepl-bound,1788876600.187285,1788876683.8394756,39.508668915,51.517673729,18.81490610793651,24.5338610671746,63,0.141740711784,0.084050732285,0.3687824197809772,0.1671852442630844,2026-09-08 16:10:00.187284946,2026-09-08 16:11:23.839475632,84,46.583333333333336,54.833333333333336,66.64285714285714,46.98809523809524,63.107142857142854,0.1821428571428571,3815.058452380953,690.4022619047619,695.9338095238095,1750.1944047619043,678.5279761904764,0.9954761904761904,0.08238095238095236,0.3876872045438764,0.14523809523809522,27.600952380952382,23.546904761904763,0.005672619047619047,32.86512230282738,70.30969075520832,25.24603174603175,11.517857142857144,79.3502708798363,38.207434430803566,41.14283679780505,0.6081190708705358,0.41593098958333335,36.74622477213541,0.43716017950148806,0.606279761904762,0.44724225725446437,39.660288202194934,0.4290270414806547,1.4396814553134412,0.10462818375552993,0.12881318057876034,1.1596814350909497,0.046587610819253576,18.545463102409638,4.875047063253012,3.964937876506024,6.022213855421687,3.6832643072289155,5.722666666666666,22.885333333333335,11.725333333333335,31.393333333333338,0.0
fio-repl,details,40,60,3,readwrite_random,unrepl-bound,1788876686.9954128,1788876780.5594473,53.32527367,51.358538394,22.220345287111112,21.40153093688889,72,0.330330224699,0.298766750514,0.6346454856640631,0.5940492213041196,2026-09-08 16:11:26.995412827,2026-09-08 16:13:00.559447289,93,38.655913978494624,56.365591397849464,63.56989247311828,38.01075268817204,63.376344086021504,0.25086021505376344,3763.1741935483874,795.5290322580646,725.4510752688174,1549.6618279569898,692.5312903225806,0.9964516129032258,0.07537634408602148,0.44689188171821026,0.13430107526881727,30.6952688172043,26.77150537634408,0.006315053763440862,36.498872962869626,74.42551390288979,26.800179211469537,12.953405017921147,78.31896484375001,38.780502562163974,39.538462071572575,0.5482649739583334,0.4599637726814515,37.31561355426748,0.45666036626344086,0.5366263440860216,0.4799985299059141,38.06291960685484,0.4589161206317204,1.4463321316626765,0.10248844597929267,0.12763575071929603,1.1593169755833124,0.0568857910812542,18.513440860215052,4.875462029569892,3.9722782258064515,5.970850134408602,3.6948504704301075,5.359302325581396,20.855813953488372,12.165116279069768,28.823255813953484,0.0
fio-repl,details,40,60,4,readwrite_random,unrepl-bound,1788876784.2176757,1788876871.471604,44.861471537,46.35879789,20.392937409939393,21.07499048339394,66,0.526366274156,0.248944389853,1.2051984134179523,0.550243921525083,2026-09-08 16:13:04.217675686,2026-09-08 16:14:31.471604109,87,45.11494252873563,48.28735632183908,63.172413793103445,45.172413793103445,64.6896551724138,0.2920689655172413,3583.647701149425,673.3311494252875,604.4309195402299,1630.19,675.6963218390805,0.9952873563218391,0.07517241379310342,0.3707732960821928,0.1336781609195402,29.746781609195395,25.56586206896551,0.0074045977011494265,31.561040993175293,68.10535908315372,24.520114942528732,11.088122605363985,75.28595018408765,37.262032147988506,38.02391702586207,0.6750500628591953,0.361281878591954,35.66711498742817,0.5585848823635058,0.6464667519755748,0.35181416127873555,36.43739190463362,0.5882454427083333,1.4477062883048222,0.11172353810277477,0.11659841427857848,1.1485460215601428,0.07080516595950072,18.525457974137932,5.805989583333333,3.972790948275862,5.043238146551724,3.7034392959770117,5.8175,24.077500000000004,13.728750000000002,24.06125,0.0
fio-repl,details,40,60,5,readwrite_random,unrepl-bound,1788876875.1610923,1788876958.4372733,39.584116698,49.125471632,19.15552021470968,23.772766538322585,62,0.365170583262,0.2568387249,0.9455174651435712,0.535185343897304,2026-09-08 16:14:35.161092281,2026-09-08 16:15:58.437273264,83,47.74698795180723,53.78313253012048,63.795180722891565,48.36144578313253,69.73493975903614,0.24096385542168675,3729.484457831325,673.6366265060242,655.1073493975903,1730.4659036144583,670.2754216867469,0.9956626506024094,0.08156626506024095,0.3785728155806217,0.13120481927710845,29.494337349397593,25.016867469879518,0.0067,32.443746940888545,69.87679063911898,25.134538152610443,11.398594377510038,79.00058723173944,38.79825042356928,40.20233669051205,0.6239948465737952,0.48326171875000007,37.21365657944278,0.47733704348644573,0.6184343232304216,0.5154106268825301,38.55711619917169,0.5113763648343373,1.4581922508147824,0.11056720779602786,0.13785920660179782,1.1522298606045276,0.057547144142978165,18.44300640060241,4.871517319277109,3.948230421686747,5.969361822289157,3.6547439759036147,5.957894736842105,23.025,14.046052631578945,26.443421052631578,0.0
fio-repl,details,40,60,1,readwrite_random,unrepl-firsttouch,1788876961.6123557,1788877042.2012734,63.834217806,88.587658938,32.46024072244068,45.05057828447458,59,0.467462298732,0.414602244872,0.7525597698487658,0.4803531901479741,2026-09-08 16:16:01.612355709,2026-09-08 16:17:22.201273441,81,27.925925925925927,26.691358024691358,23.753086419753085,30.876543209876544,27.098765432098766,0.37839506172839504,6340.827037037037,1560.307037037037,1518.121111111111,1809.1492592592592,1453.2492592592591,0.9950617283950618,0.08432098765432099,0.8032777018377575,0.12123456790123459,44.678271604938274,39.60296296296296,0.0061345679012345675,80.57625446084104,144.79596028645832,52.59465020576132,29.06172839506173,147.0873947482639,68.39697940779321,78.69041534047068,22.557607904128087,9.33556785300926,27.03202027874228,9.47178252797068,26.240148172260803,10.476621576003087,31.44868381076389,10.524961178626544,1.4188008720492138,0.41333648304880405,0.2527751216182002,0.5710747801227334,0.18160261931242766,18.447627314814813,5.789158950617284,3.9524498456790123,5.033564814814815,3.6724537037037037,5.264,19.14666666666667,15.546666666666667,21.875999999999998,0.0
fio-repl,details,40,60,2,readwrite_random,unrepl-firsttouch,1788877045.9069266,1788877119.5396702,74.865929719,103.851262779,43.19332225969231,59.92018148430769,52,0.545285872262,0.392950000703,0.7463032437879322,0.3867555207745062,2026-09-08 16:17:25.906926632,2026-09-08 16:18:39.539670229,74,26.905405405405407,27.013513513513512,27.14864864864865,27.12162162162162,26.77027027027027,0.37499999999999994,8104.430675675676,2158.5890540540545,1944.236081081081,2043.7251351351347,1957.8801351351356,0.9931081081081082,0.09216216216216215,0.9006976466546996,0.1291891891891892,56.70121621621621,50.95378378378379,0.0061648648648648646,104.7880687816723,175.7934299778294,64.04617117117118,37.96058558558558,188.79564532305744,86.95001926731419,101.84562711148648,25.543126583614868,19.48539220861486,22.115636613175674,19.805864653716213,30.029806535050678,22.68566828547297,26.02044776710304,23.109704259923987,1.4078720195873364,0.3762444676579656,0.3399760272051837,0.42535132330817144,0.2663066967113598,18.51784206081081,5.848289695945946,3.950221706081081,5.036739864864865,3.682590793918919,5.202898550724639,19.746376811594203,15.579710144927539,21.915942028985505,0.0
fio-repl,details,40,60,3,readwrite_random,unrepl-firsttouch,1788877123.2659712,1788877195.3069112,60.173618974,90.398882321,35.398606205490196,53.18113071184314,51,0.448641655189,0.367429087619,0.7677505618597017,0.4168043527024919,2026-09-08 16:18:43.265971184,2026-09-08 16:19:55.306911230,72,28.333333333333332,27.180555555555557,25.11111111111111,32.02777777777778,25.38888888888889,0.2916666666666667,6999.434861111111,1726.6844444444444,1613.2129166666664,2101.5441666666666,1557.9944444444443,0.9944444444444444,0.09652777777777777,0.7413569836676972,0.13750000000000004,48.647083333333335,43.22541666666666,0.005820833333333334,89.309449734158,157.2811530219184,57.22337962962964,32.276620370370374,164.15741170247395,74.90280856662326,89.25460354275174,23.183429090711805,15.415826822916667,30.21617621527778,6.08737575954861,27.944868706597223,18.305645887586806,35.995954996744786,7.008133138020834,1.4140206995144697,0.39505074729382156,0.3193773618886169,0.5863166594169509,0.11329414475132042,18.595235475352112,4.884187940140845,3.9716109154929575,6.057108274647887,3.6823283450704225,5.762686567164178,19.331343283582093,16.362686567164182,22.037313432835816,0.0
fio-repl,details,40,60,4,readwrite_random,unrepl-firsttouch,1788877198.4772246,1788877277.3945498,71.98742035,87.472527742,37.23735491972413,45.247427195586205,58,0.320425547318,0.2251325524579999,0.4558940278561229,0.2633499967606809,2026-09-08 16:19:58.477224588,2026-09-08 16:21:17.394549847,79,28.79746835443038,24.329113924050635,27.367088607594937,31.962025316455698,25.645569620253166,0.29367088607594943,6651.8224050632925,1509.1154430379747,1604.3969620253163,2041.719746835443,1496.5912658227849,0.9950632911392405,0.09227848101265822,0.7330052364642218,0.1292405063291139,51.831518987341774,46.36582278481012,0.006502531645569619,81.06757342761077,147.96043191257908,53.81856540084388,29.274261603375525,150.2811350375791,71.18508504746835,79.0960509790348,10.383525514240505,20.86837532140032,33.794171405261075,6.13901231210443,11.17583044897152,23.21168376681171,38.10861253955696,6.599922987539557,1.427858841724885,0.21944681803385419,0.4137379572941707,0.6643106020413913,0.13036346435546875,18.533954326923077,4.872996794871795,3.9775641025641026,6.037209535256411,3.646183894230769,5.512328767123289,20.79041095890411,14.07123287671233,23.942465753424656,0.0
fio-repl,details,40,60,5,readwrite_random,unrepl-firsttouch,1788877281.0787854,1788877354.531194,68.59458236,93.080928846,39.57511664246154,53.70411590892308,52,0.537694371768,0.40302567724,0.8059025708897203,0.4441478422767779,2026-09-08 16:21:21.078785419,2026-09-08 16:22:34.531193971,74,26.54054054054054,27.85135135135135,27.43243243243243,27.45945945945946,25.39189189189189,0.36743243243243245,7184.677702702703,1701.1898648648648,1815.1339189189189,1864.1100000000001,1804.2435135135133,0.9932432432432431,0.08878378378378378,0.912601651654068,0.12972972972972974,50.445,45.11756756756756,0.006402702702702703,95.78820180532095,164.49136204075168,59.84572072072071,34.671171171171174,172.75410987647803,79.87134514885979,92.88276433171453,10.165856603673983,23.992929027660473,22.026618058488175,23.685941459037164,11.304397170608109,28.0903245090794,25.752497228673985,27.73554529138513,1.421513074064908,0.20345881213880565,0.42506570685399725,0.45036331594806833,0.34265779469111196,18.497806078767123,4.8588934075342465,4.913313356164384,5.031785102739726,3.693814212328767,5.285507246376811,20.213043478260865,15.871014492753618,21.568115942028985,0.0
fio-repl,details,40,60,1,readwrite_random,unrepl-interleaved,1788877357.80764,1788877415.8625145,56.503874809,84.012768889,45.81853394335135,68.12300249254054,37,0.431824772237,0.335441072109,0.7891661104375293,0.4105397081469709,2026-09-08 16:22:37.807640076,2026-09-08 16:23:35.862514496,58,27.637931034482758,28.103448275862068,27.344827586206897,27.224137931034484,27.948275862068964,0.2763793103448276,8231.511896551725,2010.5753448275864,2128.2762068965517,2113.701896551724,1978.9587931034482,0.9941379310344828,0.1170689655172414,0.9298411487619656,0.14982758620689654,55.50120689655173,49.053793103448285,0.005563793103448277,110.64274481411637,182.36167244746767,66.38936781609196,40.106321839080465,198.40515372440734,90.74241126751078,107.66274363550646,22.566533203125,22.304534280711206,23.529780441810345,22.341562836745695,26.556376111260775,26.510892376077585,28.21396130792026,26.381512830010777,1.4726589465963429,0.3563032479121767,0.38646231026485045,0.4218099528345568,0.30811369008031386,18.473060344827587,5.863617995689655,3.9456492456896552,5.008014547413793,3.6557785560344827,6.257407407407407,19.172222222222224,18.075925925925926,21.246296296296297,0.0
fio-repl,details,40,60,2,readwrite_random,unrepl-interleaved,1788877419.2218444,1788877471.7756815,46.239553678,72.489420086,44.7494467716129,70.15572843354839,31,0.200770577581,0.164224743917,0.4501292931499025,0.2329787559450581,2026-09-08 16:23:39.221844435,2026-09-08 16:24:31.775681496,53,27.547169811320753,26.90566037735849,27.41509433962264,29.20754716981132,27.69811320754717,0.24867924528301885,7874.409811320756,1970.7830188679245,1985.4562264150945,1959.1558490566033,1959.0152830188676,0.99,0.12396226415094341,0.9866826863043119,0.1673584905660377,50.87018867924528,44.19528301886793,0.005239622641509435,108.33395950029482,178.52120172464623,65.01572327044026,39.24842767295598,193.586184035967,87.68319667600237,105.90298828125,21.639391951650946,21.432082289209905,23.07550468012972,21.536217939268866,26.170864165683966,26.004798422759432,27.769329857016512,25.95799546727594,1.4870808674738958,0.3564371695885291,0.3903063260591947,0.4265324519230769,0.3138234065129207,18.54432091346154,4.8583233173076925,3.9629657451923075,6.050555889423077,3.6724759615384617,7.120408163265306,19.061224489795915,20.34489795918367,20.967346938775513,0.0
fio-repl,details,40,60,3,readwrite_random,unrepl-interleaved,1788877475.1108575,1788877546.9446633,66.280261399,92.973771431,38.98968867137255,54.695922828549016,51,0.553835822148,0.427296669325,0.8578669958061483,0.4712036627537429,2026-09-08 16:24:35.110857487,2026-09-08 16:25:46.944663286,72,26.72222222222222,23.09722222222222,26.88888888888889,28.36111111111111,27.76388888888889,0.37722222222222224,7306.610555555555,1723.2452777777778,1855.1456944444444,1926.9105555555554,1801.3079166666664,0.9947222222222221,0.0901388888888889,0.8943047578463973,0.13944444444444445,53.19305555555556,47.35236111111111,0.006493055555555556,96.26339002821182,163.58632025824653,59.53125000000001,34.825231481481474,173.12327989366318,79.70005913628471,93.42322116427951,19.59146511501736,19.70116712782118,20.703758816189236,19.70366726345486,23.012859157986114,23.107447238498267,24.32965101453993,22.973263481987846,1.4081706470913358,0.3011391957600912,0.37514612409803605,0.42778799268934464,0.30409065882364905,18.38406032986111,4.816026475694445,3.9352213541666665,5.962999131944445,3.6698133680555554,5.468656716417911,19.959701492537313,16.817910447761193,20.170149253731346,0.0
fio-repl,details,40,60,4,readwrite_random,unrepl-interleaved,1788877550.2865963,1788877618.2725978,70.28787374,97.195423873,44.8675912333617,62.0458362226383,47,0.5255084942749999,0.3927433447339999,0.7674865266949237,0.4133959190803342,2026-09-08 16:25:50.286596298,2026-09-08 16:26:58.272597790,68,27.08823529411765,26.808823529411764,26.485294117647058,28.205882352941178,25.941176470588236,0.33867647058823525,8036.12308823529,1981.8175000000003,1976.5105882352937,2150.410882352942,1927.3866176470588,0.9920588235294119,0.09735294117647059,0.8962876041336557,0.14044117647058824,59.92132352941176,53.81338235294119,0.006386764705882353,107.27000904756434,179.3387421013327,65.27328431372548,38.884803921568626,192.72764059627758,89.06596492991727,103.66167667164521,22.083627498851104,22.091410271139704,22.95251895680147,21.938407485064342,25.51799057904411,25.687858168658092,26.958551528033087,25.497274672564338,1.432234483606675,0.34183143166934743,0.37552721360150504,0.4245842765359317,0.2902844933902516,18.463062959558822,4.854664522058823,4.926700367647059,5.014303768382353,3.6673943014705883,5.542857142857143,20.19206349206349,16.8,20.71428571428571,0.0
fio-repl,details,40,60,5,readwrite_random,unrepl-interleaved,1788877621.9321885,1788877699.5195408,74.083008738,96.509186099,39.68997193142857,51.70479645257143,56,0.5540750761290001,0.390351922278,0.7706600696223898,0.4155480296458319,2026-09-08 16:27:01.932188511,2026-09-08 16:28:19.519540786,78,26.73076923076923,28.935897435897434,26.153846153846153,23.628205128205128,28.653846153846153,0.3973076923076923,7186.355384615383,1895.9421794871794,1757.2770512820514,1760.5412820512818,1772.5950000000005,0.9961538461538462,0.08615384615384614,0.9268621534425514,0.12153846153846153,51.565512820512815,46.34307692307692,0.007323076923076923,95.43331067207532,162.47511042668268,59.11858974358975,34.52029914529914,171.6397603665866,79.60075295472757,92.03900678585738,19.9549615635016,19.69493301782853,20.277183994391024,19.673674629407053,23.13931628104968,22.922012720352562,23.35952924679487,22.618148537660254,1.442140802160486,0.3448920807281098,0.3692160767394227,0.4280810170359426,0.29997258372121044,18.517907873376622,5.822747564935065,3.961749188311688,5.040685876623376,3.6927252435064934,5.217808219178082,21.44931506849315,15.019178082191782,19.204109589041096,0.0
fio-repl,details,30,70,1,readwrite_random,repl,1788877703.275149,1788877757.880428,1.937292363,1.230260399,1.761292288,1.1184931064242425,33,0.045358617127,0.004800788901,2.4647490695431196,0.4009517034355389,2026-09-08 16:28:23.275149107,2026-09-08 16:29:17.880428076,55,39.10909090909091,39.836363636363636,38.43636363636364,38.56363636363636,42.18181818181818,0.15254545454545457,3634.6636363636358,898.0147272727272,898.9823636363635,921.0343636363637,916.6320000000002,0.9885454545454545,0.11109090909090912,0.9750067562378977,0.5578181818181818,62.85218181818182,23.51963636363637,0.005996363636363637,31.413198153409088,85.80350799005683,30.960606060606064,11.08181818181818,51.194740944602266,22.688786044034092,28.505955078125,5.853596413352273,5.436112571022728,6.0826402698863635,5.3164380326704554,7.182435191761365,6.918773437499999,7.5834534801136355,6.821293146306818,3.986085538510923,0.9548664093017578,0.9807480706108941,1.1286950994420935,0.9217492562753183,18.551142939814813,5.854817708333333,3.9619502314814814,5.045138888888889,3.689236111111111,7.282692307692309,17.617307692307694,36.63269230769232,0.6057692307692308,0.0
fio-repl,details,30,70,2,readwrite_random,repl,1788877760.9563131,1788877817.0225031,1.964652912,1.297304309,1.7336328432941177,1.1447565854117647,34,0.0441746651849999,0.008789848237,2.329950056151129,0.69747643955015,2026-09-08 16:29:20.956313133,2026-09-08 16:30:17.022503138,56,39.410714285714285,37.732142857142854,43.089285714285715,37.75,40.785714285714285,0.14910714285714285,3622.734642857143,874.9141071428572,914.5714285714286,960.9026785714285,872.3473214285715,0.9907142857142857,0.11125,0.9078414920494217,0.5516071428571427,63.07410714285714,23.525535714285713,0.005944642857142857,31.04130841936384,85.5614590890067,30.88541666666666,10.883928571428571,50.68097377232143,22.508043736049107,28.172930385044644,5.660624825613839,5.455617152622767,6.097474365234375,5.294326171874999,7.005330287388392,6.853205043247769,7.561448974609375,6.752946777343751,3.972385753284801,0.9514862060546876,0.9691438154740767,1.1390907981178977,0.9126817183061079,18.54431818181818,4.870241477272727,3.963494318181818,5.035724431818182,4.6748579545454545,7.10943396226415,17.662264150943393,35.72641509433962,0.6245283018867924,0.0
fio-repl,details,30,70,3,readwrite_random,repl,1788877820.744831,1788877878.5966728,1.898113322,1.325589536,1.5818665528888889,1.104731591111111,36,0.029492355406,0.0103822631889999,1.59765251673397,0.8056114266182985,2026-09-08 16:30:20.744831085,2026-09-08 16:31:18.596672773,57,40.3859649122807,40.21052631578947,39.91228070175438,39.14035087719298,43.01754385964912,0.1466666666666667,3532.892105263158,896.7068421052631,847.6410526315791,928.5794736842106,859.9654385964914,0.9938596491228071,0.10894736842105264,0.9128363017421631,0.5433333333333333,61.60421052631578,23.034736842105264,0.005885964912280703,30.494979783442986,83.9688360060307,30.31140350877193,10.767543859649122,49.79394891036184,22.008725671600878,27.78522409539474,5.790986842105263,5.154725191885965,5.9921239377741236,5.070890213815789,7.148345326206141,6.550020216557017,7.515621573464912,6.571235779879387,3.906466188101933,0.9568555108432112,0.9282454786629513,1.1245847899338295,0.8967804086619411,18.394261853448278,4.814655172413793,3.9017376077586206,5.995352909482759,3.6825161637931036,7.027272727272727,17.687272727272727,35.75636363636363,0.6345454545454546,0.0
fio-repl,details,30,70,4,readwrite_random,repl,1788877881.8838685,1788877939.912497,1.862617568,1.362263961,1.5522847857777775,1.1353334897777776,36,0.026070193611,0.011570925446,1.4368350005573416,0.8751040900814214,2026-09-08 16:31:21.883868456,2026-09-08 16:32:19.912497044,58,39.87931034482759,36.89655172413793,39.46551724137931,38.310344827586206,45.189655172413794,0.15189655172413793,3461.6568965517235,866.3981034482761,826.8862068965519,889.2775862068966,879.0953448275864,0.9898275862068966,0.10637931034482759,0.9298403779898835,0.5448275862068965,60.21120689655172,22.474827586206896,0.005796551724137931,30.010374124461208,82.34414567618535,29.663793103448274,10.554597701149426,48.97470332704741,21.688676084321123,27.286026232489224,5.6588653353987075,5.035022561961208,5.925433223329741,5.069354626885776,6.986064453125001,6.400963766163794,7.397526434536638,6.501471241918104,3.910617894139783,0.9344139099121094,0.9302375398833176,1.1260231281148976,0.9199664674956223,18.346039870689655,4.800309806034483,3.8851023706896552,6.004040948275862,3.658135775862069,7.043636363636362,17.44909090909091,35.40181818181818,0.6454545454545456,0.0
fio-repl,details,30,70,5,readwrite_random,repl,1788877942.9925497,1788878000.2684553,1.738601896,1.392865257,1.4903792201142858,1.194003894857143,35,0.00223594527,0.015730338825,0.1315369474327607,1.1672741236380084,2026-09-08 16:32:22.992549658,2026-09-08 16:33:20.268455267,57,39.70175438596491,38.49122807017544,41.421052631578945,39.98245614035088,40.14035087719298,0.14526315789473684,3539.498947368422,884.4659649122809,886.1329824561403,915.8540350877194,853.0449122807019,0.9928070175438597,0.11017543859649123,0.9314201604178097,0.5499999999999999,62.098596491228065,23.186491228070174,0.005864912280701754,30.907417420504384,84.61544150904605,30.555555555555557,10.891812865497078,50.431161938048255,22.31325503700658,28.117906558388157,5.869602350603071,5.367243523848684,5.955,5.121408819901316,7.234427254660089,6.798676329495614,7.451179070723685,6.633622532894737,3.9960542645370754,0.9720537286055716,0.9866460833633155,1.129128707082648,0.9082432127835458,18.40316611842105,5.80859375,3.934484649122807,5.005893640350878,3.6541940789473686,7.003703703703703,17.862962962962964,35.76296296296296,0.6333333333333334,0.0
fio-repl,details,30,70,1,readwrite_random,unrepl-bound,1788878003.9322612,1788878090.5984564,28.452031065,59.675761656,12.933603576242424,27.127154563878783,66,0.187330508668,0.235078318253,0.6759040828742982,0.4035746993175086,2026-09-08 16:33:23.932261229,2026-09-08 16:34:50.598456383,86,45.51162790697674,53.02325581395349,51.33720930232558,45.55813953488372,64.16279069767442,0.19662790697674418,3541.7669767441857,641.5351162790696,652.2411627906978,1556.3131395348837,691.6776744186047,0.9967441860465116,0.0795348837209302,0.41221467581440413,0.16825581395348838,20.15813953488372,16.34081395348837,0.004280232558139536,33.05036280432413,68.55832916969477,24.65794573643411,11.62984496124031,78.27506427143895,35.79993606922238,42.47512831577035,0.5093927143895348,0.5416592478197675,34.267510560501464,0.4813734329578489,0.49205668604651165,0.5386869776526163,40.933759652071224,0.5106235238008721,1.4338273336721021,0.08123899060626363,0.13290356480798055,1.1532956056816634,0.06641711745151253,18.514262354651162,4.844249636627907,4.927643531976744,5.04905523255814,3.693313953488372,5.514102564102564,17.710256410256413,12.950000000000001,35.06153846153846,0.0
fio-repl,details,30,70,2,readwrite_random,unrepl-bound,1788878094.2519011,1788878178.725984,27.169990574,56.668149351,12.938953289142855,26.98663201320635,63,0.100507773251,0.0821080741209999,0.3796692590520271,0.1484142904055655,2026-09-08 16:34:54.251901150,2026-09-08 16:36:18.725984097,84,44.833333333333336,51.035714285714285,59.76190476190476,44.357142857142854,57.75,0.16809523809523808,3590.925952380953,687.5444047619047,687.4425000000001,1549.0633333333335,666.8761904761907,0.9963095238095238,0.08214285714285713,0.43050285687234047,0.16130952380952385,20.842261904761905,16.604166666666668,0.004389285714285714,33.12511137462798,69.58031691778274,25.0515873015873,11.635912698412698,77.64204031808036,35.56930687313988,42.07273239862351,0.733110584077381,0.5211389741443453,33.844544387090764,0.47051246279761905,0.731745837983631,0.5633161272321429,40.30079252697173,0.4768793015252976,1.4636294501168388,0.10842704772949219,0.13680498940604074,1.1595242818196614,0.05887576511928013,18.588030133928573,4.886253720238095,3.9760974702380953,6.023344494047619,3.702334449404762,5.8,18.193421052631578,12.469736842105263,34.026315789473685,0.0
fio-repl,details,30,70,3,readwrite_random,unrepl-bound,1788878182.0954792,1788878269.431969,32.852291698,55.07024614,14.933855387151516,25.034433256727272,66,0.457103752634,0.275179428056,1.4242518949963945,0.5107436798580918,2026-09-08 16:36:22.095479250,2026-09-08 16:37:49.431968927,87,41.724137931034484,50.793103448275865,52.02298850574713,41.632183908045974,69.70114942528735,0.24908045977011492,3550.785632183907,696.9662068965517,687.3598850574713,1481.1012643678162,685.3580459770116,0.996551724137931,0.07597701149425284,0.462735440489645,0.1612643678160919,22.916666666666668,19.213563218390803,0.005179310344827586,34.042868287535924,70.59652815193965,25.395593869731798,12.00574712643678,76.2002356097342,35.26076733117816,40.939468615301735,0.5525244701867816,0.5536014951508621,33.78854099317528,0.36610003591954016,0.5541434312140805,0.5638140939295978,39.447608095366384,0.3739028825431035,1.424615881908899,0.09038188539702317,0.13601246099362427,1.1508082685799434,0.047429841140220905,18.447108477011493,4.8560524425287355,4.890939295977011,5.028915229885057,3.6712015086206895,5.143037974683544,18.372151898734177,14.48227848101266,31.187341772151896,0.0
fio-repl,details,30,70,4,readwrite_random,unrepl-bound,1788878272.2734618,1788878355.9407735,27.796188862,57.165834375,13.237162829206348,27.223640681650796,63,0.208504840301,0.107870447231,0.7702178312859321,0.1933433512891222,2026-09-08 16:37:52.273461819,2026-09-08 16:39:15.940773487,83,45.1566265060241,50.40963855421687,61.55421686746988,44.9277108433735,67.79518072289157,0.17650602409638552,3625.4427710843374,687.4439759036144,671.4169879518073,1607.8780722891568,658.7042168674699,0.9963855421686747,0.08349397590361443,0.40967298965005733,0.16192771084337354,20.20746987951807,16.268915662650603,0.0043313253012048185,33.60883694935995,70.0193540568524,25.190763052208837,11.851405622489962,78.96072795086597,36.30360457454819,42.657125258847884,0.6015759130271086,0.4673786944653615,34.80790027296687,0.42675028237951806,0.6111668157003012,0.4987365869728915,41.104846220820775,0.4423758706701806,1.4449421526437782,0.0983154113034168,0.13278336122811557,1.1561432344367706,0.057688563703054405,18.582784262048193,4.885871611445783,3.975715361445783,6.018825301204819,3.7023719879518073,5.422666666666666,17.750666666666667,13.053333333333333,34.336000000000006,0.0
fio-repl,details,30,70,5,readwrite_random,unrepl-bound,1788878359.4313831,1788878447.3609183,27.742007725,60.671251394,12.423036683462689,27.168948590805968,67,0.2776552428279999,0.306468057433,1.0261339901569952,0.516470218352198,2026-09-08 16:39:19.431383133,2026-09-08 16:40:47.360918283,88,44.27272727272727,50.93181818181818,53.65909090909091,44.61363636363637,65.88636363636364,0.2215909090909091,3556.661363636363,677.2957954545454,664.5659090909091,1566.0936363636363,648.7063636363637,0.9955681818181819,0.07863636363636363,0.41421939823637627,0.14988636363636368,20.701249999999998,16.840227272727272,0.004540909090909091,33.46936978426846,69.62508322975852,25.060606060606062,11.792613636363638,77.90383300781251,35.6924131081321,42.21142078746448,0.5367482688210227,0.5605059259588068,34.12514437588778,0.4700154252485796,0.5240142267400568,0.5716218705610795,40.62297185724432,0.4928131658380682,1.438817473663681,0.07869887077945403,0.14507486628389907,1.1587160483173942,0.05630545780576508,18.50341235632184,4.829022988505747,4.94683908045977,5.041307471264368,3.686242816091954,5.3911392405063285,18.02151898734177,13.156962025316455,34.32025316455695,0.0
fio-repl,details,30,70,1,readwrite_random,unrepl-firsttouch,1788878450.913241,1788878536.1159575,41.193181203,89.557750162,19.310590976,41.984393408,64,0.087992966231,0.062887439527,0.2189239914761499,0.0719250380147672,2026-09-08 16:40:50.913240910,2026-09-08 16:42:16.115957499,85,32.56470588235294,22.8,23.4,39.61176470588235,24.470588235294116,0.2372941176470588,5153.194117647058,1035.9467058823527,1127.633294117647,1953.440588235294,1036.172705882353,0.9947058823529413,0.08635294117647059,0.5303190238399879,0.1584705882352941,28.118,23.84070588235294,0.004309411764705883,62.37090280330882,117.2145230928309,42.50686274509803,22.41078431372549,121.33689510569853,53.83892899816176,67.49796702665441,3.2948802849264713,15.153923598345589,31.590107421874997,3.8000164292279406,4.017413717830883,19.436099609374995,39.379876378676464,4.664578125000001,1.3995478947957358,0.12810366494315012,0.38925525120326454,0.7797484624953497,0.10242907206217448,18.5341796875,4.882440476190476,3.9755859375,6.010556175595238,3.6655970982142856,5.252564102564103,15.410256410256412,13.353846153846153,30.092307692307703,0.0
fio-repl,details,30,70,2,readwrite_random,unrepl-firsttouch,1788878539.3789382,1788878618.4682758,51.657472494,113.07490911,26.721163617103446,58.492870656,58,0.463164223376,0.398487892476,0.91716243685416,0.3600976929770862,2026-09-08 16:42:19.378938198,2026-09-08 16:43:38.468275785,79,27.151898734177216,24.70886075949367,26.417721518987342,29.72151898734177,26.974683544303797,0.34544303797468356,6879.9640506329115,1664.977974683544,1666.3864556962026,2018.9864556962025,1529.6122784810127,0.9959493670886077,0.08848101265822783,0.7576139375108191,0.13670886075949368,36.53746835443038,31.665316455696207,0.004315189873417721,92.81182481210445,159.35917684434335,57.93248945147679,33.55168776371308,169.0337050039557,74.37933012757121,94.65437512361551,20.908898956685128,17.337910774327536,29.125613503757915,7.006907140031646,26.910258356408235,22.01607496044304,37.17148140822784,8.556560274920887,1.4065819269494166,0.3594564606871786,0.3418893934805182,0.5722155027751681,0.1329962332037431,18.537678006329113,4.8823180379746836,3.982149920886076,6.0005933544303796,3.6726166930379747,4.922972972972974,14.79189189189189,14.69324324324324,27.07702702702703,0.0
fio-repl,details,30,70,3,readwrite_random,unrepl-firsttouch,1788878621.753776,1788878698.330011,60.568430835,124.124080338,33.038427154618184,67.7085574237091,55,0.407790490504,0.278505529057,0.6893238648779979,0.2290690620791729,2026-09-08 16:43:41.753776073,2026-09-08 16:44:58.330010891,76,26.776315789473685,26.43421052631579,27.526315789473685,26.144736842105264,26.75,0.3367105263157895,7959.06644736842,1938.409605263158,2071.1575000000003,1902.9961842105263,2046.501842105263,0.9957894736842107,0.09118421052631577,0.9188080501895804,0.15697368421052632,43.6375,38.49578947368421,0.004571052631578947,108.09193899054277,179.22049290707238,65.21271929824562,39.1436403508772,195.265791015625,85.56370708264804,109.70208393297698,26.765604055304273,27.573292043585525,12.145214329769736,19.07959562602796,34.75291735197369,35.77602025082238,14.786874100534536,24.38627107319079,1.3842268993980005,0.3873394915932103,0.4312574988917301,0.30966211620130035,0.2559741170782792,18.544716282894736,4.872018914473684,4.951891447368421,5.039011101973684,3.6817948190789473,4.599999999999999,15.919718309859155,14.815492957746477,26.71408450704225,0.0
fio-repl,details,30,70,4,readwrite_random,unrepl-firsttouch,1788878701.3893182,1788878784.8839016,51.177080448,99.894325039,24.764754316387094,48.339186126451615,62,0.554974610583,0.332737226434,1.1120926577977006,0.3409755214745375,2026-09-08 16:45:01.389318228,2026-09-08 16:46:24.883901596,83,29.06024096385542,25.734939759036145,33.57831325301205,24.626506024096386,23.674698795180724,0.32554216867469876,5831.9042168674705,1310.6180722891568,1927.8473493975905,1316.7143373493977,1276.724939759036,0.9960240963855422,0.08361445783132529,0.6622541666268257,0.14048192771084336,33.20277108433736,28.82409638554217,0.005337349397590362,76.95705701713104,139.64076324830572,50.71887550200804,27.705823293172696,143.321954889872,63.978141236822296,79.3438140060241,10.607644954819277,29.82245881965362,17.251522613893073,6.296514260165663,12.9990476750753,37.038418086408136,21.61291615681476,7.693431617093374,1.3770966756911505,0.23298077356247676,0.5735191163562594,0.43995030721028644,0.1306291761852446,18.492420014880953,4.867745535714286,4.9089471726190474,5.064174107142857,3.651553199404762,4.667532467532468,15.763636363636364,14.458441558441555,25.018181818181816,0.0
fio-repl,details,30,70,5,readwrite_random,unrepl-firsttouch,1788878787.985721,1788878870.907541,49.390190823,108.247622597,23.90007266270968,52.38311969032258,62,0.494050676347,0.425664182281,1.0291765929265717,0.4033737466226252,2026-09-08 16:46:27.985721111,2026-09-08 16:47:50.907541037,83,26.746987951807228,24.542168674698797,26.759036144578314,30.397590361445783,25.120481927710845,0.3981927710843373,6386.348313253013,1647.3548192771086,1632.5096385542172,1617.7053012048193,1488.779156626506,0.9951807228915662,0.08132530120481928,0.903739218294096,0.1485542168674699,36.31204819277109,31.618433734939753,0.004203614457831325,86.66413074171687,148.2620474868223,53.92771084337349,31.320281124497992,156.72325830666412,69.0440928557982,87.67916568618223,24.11888824830572,17.793517625188255,16.976180111069276,10.155506988893073,30.961737692959336,22.78725844785391,21.39632400696536,12.53384495011295,1.4113088933432976,0.43084865663109756,0.37462504317120804,0.41858468404630333,0.18726060448623286,18.478896722560975,4.884146341463414,4.891911204268292,5.0451600609756095,3.6576791158536586,4.7384615384615385,14.065384615384614,17.364102564102563,24.312820512820515,0.0
fio-repl,details,30,70,1,readwrite_random,unrepl-interleaved,1788878874.2250695,1788878948.0292957,53.584725714,126.266984215,30.33198785207547,71.47902504573585,53,0.485642768564,0.420668464242,0.9338916319933832,0.3415519839087556,2026-09-08 16:47:54.225069523,2026-09-08 16:49:08.029295683,74,26.527027027027028,26.472972972972972,25.783783783783782,27.527027027027028,26.14864864864865,0.36,7979.878513513515,1983.2340540540542,1929.0048648648642,2115.8462162162164,1951.793108108108,0.997162162162162,0.09054054054054053,0.9116942668520202,0.22905405405405405,38.25945945945946,33.33054054054055,0.004054054054054054,112.45836280616552,180.94122994087837,65.9042792792793,40.766891891891895,202.2494194731841,86.25665778082771,115.9927632759713,21.507460937499996,21.482602011190878,21.89786792652027,21.368724662162162,28.9153074852196,29.003294446790548,29.385079840582772,28.689081899282098,1.4065559073670268,0.3297327120010167,0.3630289574191995,0.4279900119729238,0.2857844731579088,18.52718321917808,4.881635273972603,4.940229023972603,5.032052654109589,3.673266267123288,4.717391304347825,14.689855072463768,16.469565217391306,25.855072463768117,0.0
fio-repl,details,30,70,2,readwrite_random,unrepl-interleaved,1788878951.7916665,1788879021.8739002,52.73110192,110.666256485,32.2865004042449,67.75936789942857,49,0.582386501202,0.393812282771,1.1354421163691155,0.3653806070432299,2026-09-08 16:49:11.791666508,2026-09-08 16:50:21.873900175,70,26.65714285714286,28.6,25.985714285714284,25.585714285714285,28.385714285714286,0.3482857142857143,7686.094428571429,1957.8948571428568,1805.8295714285714,1960.455285714286,1961.9157142857143,0.9951428571428571,0.09499999999999997,0.9204419732608289,0.13999999999999996,43.90128571428571,38.400857142857134,0.005312857142857143,105.9467700892857,173.96610756138395,63.32976190476191,38.37738095238095,190.49058147321423,84.03497446986607,106.45560825892856,20.995000418526786,20.817311802455357,21.401993443080357,20.820668108258925,26.564757533482144,26.31717717633929,27.146119977678573,26.42755385044643,1.440459224155971,0.3394059862409319,0.37170213971819194,0.4260634286063058,0.3032945360456194,18.539453125,4.8757254464285715,4.928738839285714,5.043470982142857,3.6915178571428573,5.009230769230769,16.755384615384617,17.209230769230768,23.544615384615387,0.0
fio-repl,details,30,70,3,readwrite_random,unrepl-interleaved,1788879025.6311846,1788879095.273872,50.243403241,110.177168975,31.40422050133333,68.86761668266668,48,0.541584576295,0.428420096107,1.1071471308548722,0.3991918989769627,2026-09-08 16:50:25.631184578,2026-09-08 16:51:35.273871899,69,26.91304347826087,29.333333333333332,26.347826086956523,26.318840579710145,25.72463768115942,0.34942028985507245,7775.562463768115,2007.0981159420292,1906.5721739130436,1997.9547826086957,1863.937536231884,0.9962318840579711,0.09565217391304345,0.9286728543198532,0.13724637681159424,44.32811594202899,38.66391304347826,0.004678260869565217,106.37787958559781,175.2983858412591,63.85144927536231,38.54106280193237,191.12938434103262,84.27559655230978,106.8537890625,20.96368121603261,20.991271512681156,21.566985394021742,20.753659561820648,26.39980879189311,26.75977581521739,27.354237573596013,26.339967872509057,1.4527345187422158,0.34569079634072125,0.3834176547285439,0.4277838002080503,0.2958492334338202,18.61713088768116,4.892096920289855,4.962239583333333,5.0486865942028984,3.7141077898550723,5.132307692307692,15.47846153846154,18.31230769230769,23.983076923076926,0.0
fio-repl,details,30,70,4,readwrite_random,unrepl-interleaved,1788879099.0264442,1788879175.079161,55.504144843,121.892579756,30.277006429090907,66.49129414283637,55,0.5365467521780001,0.431724105232,0.9941015617418212,0.363506771259381,2026-09-08 16:51:39.026444197,2026-09-08 16:52:55.079160929,76,26.32894736842105,28.07894736842105,25.723684210526315,25.263157894736842,27.486842105263158,0.3848684210526316,7699.23105263158,1927.659736842105,1930.1356578947364,1908.860921052632,1932.575789473684,0.9967105263157895,0.08749999999999998,0.9877288805177931,0.15289473684210525,39.665921052631575,34.83302631578948,0.004655263157894737,107.57746826171876,174.8884576737253,63.650219298245624,38.99013157894737,193.52361225328949,83.52283524362663,110.00077765213815,20.840450760690796,20.823914473684205,21.138248098273028,20.720221268503288,27.418025801809204,27.623108295641444,27.67246003803453,27.287183773643086,1.4034763135408101,0.328990333958676,0.36135909431859065,0.4267814033909848,0.2863265087730006,18.515676398026315,4.8833778782894735,4.908562911184211,5.0346422697368425,3.6890933388157894,4.769444444444444,15.195833333333333,17.155555555555555,25.1625,0.0
fio-repl,details,30,70,5,readwrite_random,unrepl-interleaved,1788879178.3240523,1788879258.021775,51.174478737,117.678217611,26.023523484203388,59.84236547471186,59,0.529517090961,0.436364955594,1.0618046696611043,0.37963823051548,2026-09-08 16:52:58.324052334,2026-09-08 16:54:18.021775007,80,26.4375,26.5375,22.525,29.7125,27.4875,0.40625,7048.073375000002,1814.512125,1687.310875,1827.8700000000001,1718.37975,0.9952500000000001,0.08225,0.9231022310120521,0.14712500000000003,38.1425,33.275125,0.00425625,96.89347363281249,160.23258569335934,58.28958333333333,35.06249999999999,174.1174698486328,76.03676013183593,98.08070935058593,19.026073486328123,18.762047363281248,19.425939086914063,18.82269982910156,24.566072021484377,24.40319982910156,24.890906127929686,24.220531616210938,1.4095462799072265,0.335631799697876,0.3586650848388672,0.423814058303833,0.29144134521484377,18.475,5.79443359375,3.9453125,5.047998046875,3.687255859375,4.686666666666666,13.858666666666664,17.334666666666667,24.851999999999997,0.0
fio-repl,details,20,80,1,readwrite_random,repl,1788879261.7668598,1788879317.2378576,1.173292387,1.398435453,1.0667005517575758,1.2713897115151516,33,0.041236168442,0.006052847999,3.6653570125728674,0.4450424579612131,2026-09-08 16:54:21.766859770,2026-09-08 16:55:17.237857580,55,39.38181818181818,40.69090909090909,38.163636363636364,38.981818181818184,40.41818181818182,0.14381818181818184,3608.3952727272736,924.4499999999997,914.7405454545452,886.771818181818,882.4349090909091,0.9932727272727273,0.11127272727272727,0.9545512565210766,0.5509090909090909,62.58254545454547,23.216,0.005956363636363637,31.375981889204546,85.596296875,30.924242424242422,11.083333333333334,50.68102627840909,22.280766335227277,28.400258522727274,5.72389737215909,5.929013671874998,5.45050017755682,5.177354403409092,7.1700166903409075,7.481280717329544,6.981793323863638,6.7671685014204535,3.9191929953438893,0.9423548153468542,1.046586036682129,1.0306322915213448,0.8995776857648577,18.464215959821427,4.845633370535714,4.244070870535714,5.716448102678571,3.6580636160714284,7.107692307692308,17.900000000000002,36.33653846153846,0.6096153846153847,0.0
fio-repl,details,20,80,2,readwrite_random,repl,1788879320.8664343,1788879376.9017222,1.128284853,1.465567012,0.9956118287058824,1.2932335736470588,34,0.031498003295,0.009116611169,2.875527941799828,0.6415153267926053,2026-09-08 16:55:20.866434336,2026-09-08 16:56:16.901722193,56,39.625,40.107142857142854,42.82142857142857,37.589285714285715,38.464285714285715,0.14553571428571427,3555.62375,900.7208928571429,924.4617857142857,922.11,808.3321428571428,0.9898214285714285,0.10964285714285715,0.8743813485298202,0.5578571428571427,61.894107142857145,22.79375,0.005855357142857143,30.62485299246652,85.11344639369419,30.73214285714285,10.767857142857144,49.5283895438058,21.783623046875,27.74476545061384,5.6544815499441965,5.302423618861608,5.991314174107143,4.835404052734376,7.125668596540178,6.807029680524553,7.5421409388950895,6.269927280970982,3.870821680341448,0.9570040021623883,0.981764589037214,1.1257468632289342,0.8063374928065709,18.462262834821427,4.862583705357143,3.937220982142857,6.007742745535714,3.6547154017857144,7.375471698113207,17.194339622641508,36.65660377358491,0.6075471698113206,0.0
fio-repl,details,20,80,3,readwrite_random,repl,1788879380.6291814,1788879437.3691268,1.037733566,1.464739265,0.8895155638857143,1.2555744987428572,35,0.017464037474,0.009455507955,1.7438930734099083,0.6697004365348996,2026-09-08 16:56:20.629181385,2026-09-08 16:57:17.369126797,57,39.526315789473685,39.6140350877193,41.36842105263158,37.63157894736842,39.29824561403509,0.15789473684210523,3464.614385964912,891.1463157894736,909.4538596491227,875.4221052631578,788.5933333333335,0.9885964912280703,0.10631578947368422,0.8671064782083409,0.5584210526315789,60.145438596491225,22.072105263157894,0.005689473684210527,29.873435444078947,82.1900289542215,29.660818713450293,10.51315789473684,48.370607182017544,21.28003546463816,27.0905724026864,5.690335457785087,5.255876679002193,5.732251404879387,4.601572094298246,7.152491947642544,6.787652138157895,7.224145936129386,5.926280838815789,3.888055869511196,0.980301993233817,1.0114076478140694,1.1326656341552734,0.7636548451014927,18.524762834821427,5.849748883928571,3.9640066964285716,5.044224330357143,3.666782924107143,7.209433962264152,17.69056603773585,35.70377358490566,0.6283018867924529,0.0
fio-repl,details,20,80,4,readwrite_random,repl,1788879441.1325247,1788879497.8194718,1.076748441,1.454586641,0.9501038230588236,1.2835443651764704,34,0.019381344558,0.009156541664,1.8779826708525915,0.6530974866706388,2026-09-08 16:57:21.132524729,2026-09-08 16:58:17.819471836,56,38.982142857142854,38.892857142857146,39.839285714285715,37.910714285714285,40.25,0.14107142857142857,3541.0575,868.6541071428572,884.5555357142857,924.1380357142856,863.7103571428571,0.995,0.10892857142857142,0.9346118477585195,0.5525,61.38660714285714,22.739821428571425,0.00585,30.837874407087053,84.76965262276788,30.60565476190476,10.895833333333334,49.79358258928572,21.896982770647323,27.896600167410718,5.5910107421875,5.1243010602678565,6.084567173549108,5.0971039690290185,7.044184919084821,6.563776855468751,7.6128273228236605,6.675811070033482,3.9073426765308046,0.9348262987638775,0.953239173219915,1.120247757225706,0.8990091691937363,18.43702028508772,4.853481359649122,3.9146792763157894,6.000548245614035,3.668311403508772,7.08867924528302,17.96981132075472,36.02264150943395,0.6000000000000001,0.0
fio-repl,details,20,80,5,readwrite_random,repl,1788879501.5767071,1788879558.8996267,1.220277736,1.468221664,1.0459872109714283,1.2586015597714286,35,0.044407224432,0.009676148939,3.769233712806296,0.6780349879748256,2026-09-08 16:58:21.576707125,2026-09-08 16:59:18.899626732,58,39.87931034482759,38.91379310344828,41.775862068965516,38.89655172413793,40.62068965517241,0.15017241379310348,3429.305344827586,848.4715517241377,894.5753448275864,880.544827586207,805.7122413793103,0.9903448275862069,0.105,0.9006644840347093,0.5475862068965518,59.307758620689654,21.990689655172417,0.005789655172413794,29.644357825969823,82.73685799434269,29.836206896551726,10.412356321839079,47.98356832570044,21.107326744342675,26.87624208647629,5.385338766163794,5.03457485856681,5.848788220635775,4.838625235721983,6.744148370150861,6.446347151131466,7.385631229795258,6.300115503771552,3.932769173070004,0.9501299941748903,0.9882350051612184,1.1323467723110265,0.8620660346851015,18.63514254385965,4.910087719298246,4.0,6.0363212719298245,3.6887335526315788,7.014814814814815,17.588888888888885,35.86481481481481,0.6092592592592594,0.0
fio-repl,details,20,80,1,readwrite_random,unrepl-bound,1788879562.6505446,1788879659.0032089,20.312939393,68.862696305,8.125717435733334,27.547833029973333,75,0.474356916259,0.311266716048,2.389870227831721,0.4617829819723166,2026-09-08 16:59:22.650544643,2026-09-08 17:00:59.003208876,97,40.865979381443296,49.24742268041237,54.08247422680412,41.30927835051546,61.29896907216495,0.2643298969072165,3232.6049484536074,656.7886597938143,601.8440206185567,1323.8493814432989,650.1229896907216,0.9961855670103094,0.07103092783505155,0.45461668755882856,0.16742268041237116,14.05298969072165,10.785773195876287,0.003347422680412371,32.92533303801547,66.39614227609536,23.869415807560134,11.598797250859105,73.26851330943943,32.02850243637241,41.24000986630155,0.4067329453930412,0.4860452239046391,30.753558311855667,0.38216565318943296,0.3710122019974227,0.5153868999677834,39.9616182748067,0.3919924895296393,1.4141292969385784,0.0680851141611735,0.13966170946757,1.1521132787068684,0.05425918102264404,18.465047200520832,4.845947265625,4.884480794270833,5.050374348958333,3.6842447916666665,4.85,13.102272727272727,14.119318181818185,36.71818181818182,0.0
fio-repl,details,20,80,2,readwrite_random,unrepl-bound,1788879662.0700665,1788879748.3949685,18.677918504,60.191548429,8.621152476553846,27.7825667072,65,0.171938725648,0.089215028511,0.943525902256738,0.1517920594088222,2026-09-08 17:01:02.070066452,2026-09-08 17:02:28.394968510,86,46.127906976744185,49.18604651162791,67.90697674418605,45.616279069767444,59.46511627906977,0.15965116279069766,3369.019999999999,627.8037209302325,634.5516279069768,1495.266511627907,611.396511627907,0.997093023255814,0.0817441860465116,0.40888798543496796,0.198953488372093,15.151511627906977,11.504069767441859,0.0032127906976744183,31.19035258448401,64.26945664516715,23.091085271317834,10.87984496124031,73.87841603833577,32.791711028343016,41.08670569131541,0.538330078125,0.41087118459302324,31.400363939861922,0.44214446311773264,0.531886355377907,0.45069563045058136,39.62755053143169,0.4765723791787791,1.425610253977221,0.0888313470884811,0.1279735565185547,1.1535945271336754,0.05522204554358194,18.480832122093023,4.863372093023256,3.953215843023256,5.983784520348837,3.6804596656976742,5.0987012987012985,13.305194805194805,12.9025974025974,39.6857142857143,0.0
fio-repl,details,20,80,3,readwrite_random,unrepl-bound,1788879751.5959694,1788879833.3871536,19.815511978,59.223699641,9.747282826491803,29.13029318085246,61,0.15463308958,0.11653517152,0.7967931613765936,0.2010400690565886,2026-09-08 17:02:31.595969439,2026-09-08 17:03:53.387153625,82,45.6219512195122,51.292682926829265,52.21951219512195,46.353658536585364,64.07317073170732,0.17256097560975608,3444.866707317074,627.3101219512196,650.7296341463415,1534.9280487804876,631.8993902439024,0.9947560975609757,0.0820731707317073,0.4086902460669882,0.1735365853658537,16.815731707317074,12.84280487804878,0.003585365853658537,32.893883265053354,67.34021805926066,24.171747967479675,11.567073170731708,77.24834949028202,34.788725824123475,42.45962390434451,0.5530597370426829,0.5538636147103657,33.18915944169208,0.4926435070503048,0.5497070312500001,0.5749898770960366,40.827802734375,0.5071230706935975,1.4383904992080316,0.09009928819609851,0.1405484734511957,1.1483247338271723,0.05940869959389291,18.47241806402439,4.836604420731708,4.9372141768292686,5.025057164634147,3.673542301829268,5.2904109589041095,14.034246575342467,14.3,38.20410958904109,0.0
fio-repl,details,20,80,4,readwrite_random,unrepl-bound,1788879836.501478,1788879920.8876474,17.942786653,60.478324267,8.544468926984127,28.801121978920634,63,0.141555416874,0.0767372641339999,0.8092527409511885,0.1300253141988688,2026-09-08 17:03:56.501477957,2026-09-08 17:05:20.887647390,84,45.5,51.833333333333336,53.142857142857146,45.25,72.03571428571429,0.16119047619047616,3278.805,629.7607142857142,629.4800000000001,1380.675238095238,638.8892857142858,0.9963095238095238,0.07821428571428572,0.455921843625169,0.1810714285714286,14.89,11.149642857142858,0.0032821428571428576,32.22916364397321,67.63449090866814,24.249007936507937,11.33234126984127,75.31220970517113,33.36543305896577,41.9467767624628,0.5921966843377977,0.5677435593377976,31.791322893415174,0.4141705031622024,0.6133065941220239,0.5926786876860118,40.31486037481399,0.4259322684151786,1.4424970263526553,0.10455871763683501,0.1343325660342262,1.1518345333281017,0.05178269885835193,18.5703125,4.880859375,4.947405133928571,5.051804315476191,3.690243675595238,5.301333333333334,13.774666666666665,13.064,40.28,0.0
fio-repl,details,20,80,5,readwrite_random,unrepl-bound,1788879923.9391766,1788880011.3091023,15.714351646,63.712372113,7.143363304727273,28.96209982060606,66,0.482247098855,0.194689347741,3.156650268220963,0.3133153668143398,2026-09-08 17:05:23.939176559,2026-09-08 17:06:51.309102297,88,46.11363636363637,49.73863636363637,47.95454545454545,47.31818181818182,58.13636363636363,0.20477272727272722,3260.5864772727273,658.3425,597.9068181818183,1376.3075,628.0295454545454,0.9953409090909091,0.07806818181818181,0.43442822056976244,0.22159090909090906,13.845113636363635,9.760454545454545,0.003039772727272727,31.128601962002836,65.23539783824573,23.40435606060606,10.919507575757576,73.58259732333096,31.91759610262784,41.66500055486505,0.6147661798650569,0.38417547052556816,30.51083995472301,0.40781527432528414,0.6251289506392046,0.34315318714488635,40.28202769886364,0.414691162109375,1.4027756000387257,0.08661226294506555,0.10753311508003323,1.153057449165432,0.055597195680114044,18.492411997126435,4.849407327586207,4.921875,5.040723778735632,3.6804058908045976,5.453164556962025,13.439240506329115,13.055696202531644,37.89367088607595,0.0
fio-repl,details,20,80,1,readwrite_random,unrepl-firsttouch,1788880014.5290804,1788880102.7014167,30.367035985,101.866291964,13.598086770626866,45.61481330626865,67,0.12829305029,0.286690722685,0.4326168408014861,0.2884000877456334,2026-09-08 17:06:54.529080391,2026-09-08 17:08:22.701416731,88,31.579545454545453,24.147727272727273,23.488636363636363,37.44318181818182,24.511363636363637,0.2671590909090909,5098.861022727273,1166.669090909091,1110.7903409090907,1867.1955681818183,954.2055681818182,0.9964772727272727,0.08534090909090909,0.5110367571785616,0.1922727272727273,23.284318181818183,19.12909090909091,0.0035090909090909088,63.90526589133523,117.83945090553976,42.745265151515156,22.957386363636363,123.28562155983664,52.8460947487571,70.43952703302557,8.89197587446733,12.14776134144176,30.258441827947443,1.547915593927557,11.877121138139206,16.488547807173294,40.1231005859375,1.9507572798295456,1.3861334974115547,0.23693639581853693,0.3357742049477317,0.7632965174588291,0.05013184113935991,18.50594815340909,4.859019886363637,3.9404296875,6.012828480113637,3.6936700994318183,4.639506172839506,12.037037037037036,13.44814814814815,33.967901234567904,0.0
fio-repl,details,20,80,2,readwrite_random,unrepl-firsttouch,1788880106.3942962,1788880192.4768434,36.742018086,116.89063557,16.958419763200002,53.954919061661535,65,0.335354964649,0.246243779605,0.935579900541305,0.2156547578936637,2026-09-08 17:08:26.394296169,2026-09-08 17:09:52.476843357,86,29.023255813953487,23.174418604651162,23.546511627906977,34.906976744186046,25.627906976744185,0.3087209302325581,5812.852209302326,1261.1388372093022,1333.355930232558,1971.4554651162791,1246.9031395348836,0.9947674418604653,0.08476744186046509,0.6324784716662821,0.14337209302325585,26.647209302325585,22.508837209302325,0.0037941860465116285,78.92131120548693,139.73452171148259,50.75,28.47383720930232,146.552218840843,62.46273516987644,84.0894829896439,12.539092478197675,15.911965388808138,29.40645246638807,4.605224041606105,16.842837822492733,21.7875629087936,39.425721520712216,6.033360283430232,1.3857377444996555,0.26652858958524817,0.3613518210018382,0.65836082907284,0.09950453814338235,18.56052389705882,4.8856158088235295,3.975873161764706,6.0062959558823525,3.69296875,4.47625,12.2875,14.059999999999999,32.01875,0.0
fio-repl,details,20,80,3,readwrite_random,unrepl-firsttouch,1788880195.8463588,1788880268.0992155,38.345711139,140.984092558,22.55780442352941,82.94011233380392,51,0.479541535006,0.37534178149,1.2862199306266775,0.2730591145038988,2026-09-08 17:09:55.846358776,2026-09-08 17:11:08.099215508,72,26.25,28.09722222222222,25.76388888888889,26.48611111111111,26.76388888888889,0.33972222222222226,8363.374444444444,2130.064861111111,2105.4830555555554,2083.3644444444444,2044.4627777777778,0.9963888888888888,0.0961111111111111,0.9598124522420973,0.14694444444444446,34.721944444444446,29.662083333333335,0.003481944444444444,118.13250556098092,187.1485959201389,68.17476851851852,42.863425925925924,212.7194908311632,88.42102579752606,124.29846503363716,25.219507242838542,19.98882839626736,20.047694769965275,23.164996337890628,35.398147922092015,28.213876003689236,28.01335652669271,32.67308336046007,1.3900965584648979,0.3589022424485948,0.33284017774793834,0.3996588918897841,0.2987152735392252,18.64263237847222,5.898003472222222,3.978732638888889,5.057779947916667,3.7081163194444446,4.240298507462687,12.414925373134327,17.120895522388057,28.949253731343283,0.0
fio-repl,details,20,80,4,readwrite_random,unrepl-firsttouch,1788880271.369754,1788880357.700041,33.106922189,107.869325507,15.280627270892309,49.789161598030766,65,0.069263594212,0.092728138026,0.2148381131092108,0.0881205693195795,2026-09-08 17:11:11.369754076,2026-09-08 17:12:37.700041056,87,29.528735632183906,25.35632183908046,25.39080459770115,34.94252873563219,24.770114942528735,0.25908045977011496,5398.459310344827,1080.2898850574713,1277.28,1804.2012643678163,1236.6881609195405,0.9928735632183907,0.08321839080459767,0.5987635118058737,0.18287356321839085,23.158965517241384,18.888045977011494,0.003249425287356323,71.14165824802443,127.75876088811061,46.38409961685824,25.624521072796934,133.51843738775145,56.711627155172415,76.80680955908764,2.2398156878591955,17.585680338541668,28.853037446120688,8.033093682650861,2.7624564475574718,24.365196434985627,38.924924793462644,10.75423233207615,1.3773886214855104,0.09377790051837301,0.4165820188300554,0.6942687367284021,0.17275996540868005,18.55377906976744,4.86891351744186,3.9762899709302326,6.015034520348837,3.6935410610465116,4.845000000000001,11.778749999999999,14.15125,33.25750000000001,0.0
fio-repl,details,20,80,5,readwrite_random,unrepl-firsttouch,1788880361.4301252,1788880446.0683162,37.45753649,120.066824822,17.83751670247619,57.17849013231746,63,0.164698927512,0.128405230719,0.4506166923022794,0.1096132697862175,2026-09-08 17:12:41.430125237,2026-09-08 17:14:06.068316221,85,28.36470588235294,25.08235294117647,25.458823529411763,32.94117647058823,24.341176470588234,0.28352941176470586,6096.167529411764,1462.008117647059,1360.791411764706,1902.9285882352945,1370.4405882352942,0.994,0.08564705882352941,0.7151037722475196,0.20376470588235293,26.620470588235285,22.32894117647059,0.0033235294117647056,82.30092118566178,143.17577688419118,52.08627450980392,29.727450980392153,151.98995025275735,64.2024705882353,87.78747920496323,15.659394071691173,4.73195955882353,28.867671070772058,14.943447150735294,21.51161075367647,6.251478400735294,39.501794117647066,20.52259547334559,1.3792560214088077,0.3088092803955078,0.17304847353980654,0.6374802362351191,0.2599123091924758,18.55380394345238,4.863095238095238,3.9456380208333335,6.059663318452381,3.6854073660714284,4.46025641025641,11.808974358974357,14.596153846153847,33.01794871794871,0.0
fio-repl,details,20,80,1,readwrite_random,unrepl-interleaved,1788880449.7913074,1788880519.7059813,35.070694989,132.914610488,21.4725698037551,81.38171722187755,49,0.501539752387,0.422258072918,1.4684491858332027,0.3253561378255347,2026-09-08 17:14:09.791307449,2026-09-08 17:15:19.705981255,70,26.47142857142857,28.15714285714286,26.014285714285716,26.271428571428572,25.385714285714286,0.337,8002.121428571427,2022.0820000000008,2020.5075714285715,2016.9752857142855,1942.5567142857144,0.9962857142857142,0.09557142857142856,0.9606715822037453,0.17014285714285715,30.303571428571427,25.245142857142856,0.003075714285714285,115.45367703683036,182.31622223772322,66.40833333333332,41.905952380952385,207.4270255301339,85.63409723772322,121.79292829241074,21.528065011160713,21.1620419921875,21.80480022321429,21.139190290178572,30.479888950892857,30.092921875000002,30.95068666294643,30.269431361607133,1.402002934047154,0.3355951036725725,0.3535245077950614,0.425434330531529,0.2874352591378348,18.551339285714285,5.861439732142857,3.938783482142857,5.055189732142857,3.6959263392857142,4.526153846153846,11.766153846153847,18.167692307692313,27.341538461538462,0.0
fio-repl,details,20,80,2,readwrite_random,unrepl-interleaved,1788880523.2476003,1788880594.3226306,39.388894763,141.409060673,23.63412463616,84.85109276672,50,0.521652129597,0.382747127477,1.3643859166042196,0.2778713023681449,2026-09-08 17:15:23.247600317,2026-09-08 17:16:34.322630644,71,26.112676056338028,25.971830985915492,26.52112676056338,27.183098591549296,26.535211267605632,0.333943661971831,8526.994225352115,2180.165070422536,2110.6047887323953,2157.982253521126,2078.242816901409,0.996056338028169,0.10014084507042252,0.9532502126082711,0.17999999999999994,32.24971830985915,27.480422535211265,0.003167605633802817,121.12209011883799,189.2738510948503,68.96713615023474,43.95657276995305,217.83851920114438,90.08812706316021,127.75039200044014,22.49854891065141,22.477233577244718,22.779356981734157,22.332986768265844,31.855845758142614,31.885249504841546,32.30220579335387,31.707090806558107,1.3962829482387489,0.32015529149015187,0.363937001832774,0.4255979833468585,0.2866301200759243,18.52008142605634,4.848481514084507,4.939535651408451,5.043078785211268,3.688930457746479,4.278787878787879,11.91060606060606,16.393939393939394,30.05454545454546,0.0
fio-repl,details,20,80,3,readwrite_random,unrepl-interleaved,1788880597.745577,1788880667.9983478,36.985770231,136.833544566,22.6466135562449,83.78122457338776,49,0.525344080254,0.389607396215,1.4603142565499498,0.2920789135821798,2026-09-08 17:16:37.745577097,2026-09-08 17:17:47.998347759,70,26.47142857142857,25.12857142857143,28.32857142857143,27.02857142857143,25.542857142857144,0.33399999999999996,8234.085,2116.1892857142852,2037.4644285714287,2044.1102857142853,2036.321714285714,0.9954285714285716,0.098,0.9622587771482771,0.1477142857142857,34.60914285714286,29.540000000000003,0.0035071428571428575,117.8698359375,185.95333007812502,67.75833333333334,42.73571428571429,211.7652689732143,88.21580524553572,123.5494633091518,22.02555385044643,22.033057338169645,22.391322823660715,21.765871233258927,30.858594308035716,30.806362862723212,31.34085267857142,30.543652901785716,1.4078837258475168,0.32084644862583706,0.3789146423339844,0.4260495322091239,0.2820289611816406,18.583482142857143,4.848158482142857,4.9772879464285715,5.061104910714286,3.6969308035714286,4.4046153846153855,12.386153846153846,17.627692307692307,28.59076923076923,0.0
fio-repl,details,20,80,4,readwrite_random,unrepl-interleaved,1788880671.1880646,1788880742.6407557,36.130085049,138.613130828,21.67949623296,83.17342302208,50,0.498311981825,0.389275910838,1.4164787867440225,0.2872399504718391,2026-09-08 17:17:51.188064575,2026-09-08 17:19:02.640755653,71,26.056338028169016,24.014084507042252,26.492957746478872,27.830985915492956,27.04225352112676,0.34,8296.372816901408,2071.744366197184,2067.64985915493,2087.837042253521,2069.141830985915,0.9959154929577466,0.0969014084507042,0.9903310542489456,0.1712676056338028,31.4656338028169,26.424647887323943,0.003164788732394367,118.25826474471832,186.3110849471831,67.85093896713614,42.92253521126761,212.3399328785211,87.6906690140845,124.64926413952465,21.835496396346834,21.748025693221827,22.37992600132042,21.727221060739442,31.12601851342429,30.950540547975347,31.646673360475344,30.926031442561612,1.4002995558187996,0.31511570030534775,0.35740199559171437,0.4296972247916208,0.2980914048745599,18.454115316901408,4.820642605633803,3.9219850352112675,6.017825704225352,3.693661971830986,4.480303030303031,12.14848484848485,17.024242424242427,29.093939393939394,0.0
fio-repl,details,20,80,5,readwrite_random,unrepl-interleaved,1788880746.1612828,1788880816.6281192,39.974017629,138.1976652,24.47551993730612,84.61645615020409,49,0.512185957871,0.39493328626,1.3183679560382686,0.2934188671132823,2026-09-08 17:19:06.161282778,2026-09-08 17:20:16.628119230,70,26.15714285714286,26.4,27.571428571428573,27.071428571428573,25.585714285714285,0.3314285714285715,8516.861714285717,2186.3094285714283,2075.758285714286,2242.4262857142858,2012.366857142857,0.9964285714285714,0.1007142857142857,0.8974060239852445,0.15257142857142852,35.16285714285713,30.08985714285714,0.0034499999999999995,120.05604924665178,189.08897391183032,68.87261904761903,43.51666666666667,215.88850083705358,89.97697195870533,125.91152943638393,22.47716643415179,22.478974051339286,22.786841796875006,22.233989397321427,31.350751953125005,31.42583635602679,31.827119559151782,31.307821568080364,1.4165179116385322,0.3253777095249721,0.37048350742885044,0.42777099609375,0.2928850991385324,18.61010044642857,4.882589285714285,4.967410714285714,5.053515625,3.7065848214285713,4.333846153846154,12.424615384615384,16.68461538461538,29.52615384615385,0.0
fio-repl,details,10,90,1,readwrite_random,repl,1788880819.918311,1788880874.8693016,0.442050707,1.587090169,0.4018776746666667,1.4429535263030302,33,0.001932487952,0.007253425986,0.4496146114901794,0.4743761116998919,2026-09-08 17:20:19.918311119,2026-09-08 17:21:14.869301558,55,38.49090909090909,38.03636363636364,40.03636363636364,35.58181818181818,41.50909090909091,0.14363636363636365,3569.869454545455,905.4114545454546,896.6029090909092,888.0318181818183,879.8239999999998,0.9921818181818183,0.11145454545454547,0.9717394181209023,0.5609090909090909,62.252,22.865636363636362,0.00586909090909091,31.008523259943185,85.30773490767048,30.804545454545462,10.92727272727273,49.70790500710227,21.752779829545453,27.955125887784085,5.682978338068183,5.350367542613635,5.5795110085227275,5.139920987215907,7.237276988636362,6.894857421875,7.055174360795457,6.767817649147726,3.9713442715731535,0.9503888910466974,0.995705829967152,1.1230341824618253,0.9022241072221237,18.413068181818183,4.8097301136363635,4.927201704545454,5.021022727272728,3.6551136363636365,7.265384615384614,17.37115384615385,36.18846153846153,0.6307692307692307,0.0
fio-repl,details,10,90,2,readwrite_random,repl,1788880878.556209,1788880930.5785124,0.43095157,1.493501644,0.4309803008,1.4936012117333333,30,0.0013887415329999,0.000476515235,0.3300340586188848,0.0326654552769469,2026-09-08 17:21:18.556209087,2026-09-08 17:22:10.578512430,52,38.36538461538461,38.53846153846154,40.5,38.55769230769231,37.09615384615385,0.12884615384615386,3682.7503846153845,935.3194230769229,927.2473076923076,970.2203846153845,849.9636538461539,0.993653846153846,0.12134615384615387,0.8760521499278714,0.5838461538461538,66.60596153846154,24.19769230769231,0.006096153846153847,32.47500544621394,88.6442362154447,31.945512820512818,11.506410256410255,51.659502328725964,22.617193885216345,29.042307504507214,5.8144003530649035,5.421306903545672,6.221783916766826,5.159702899639424,7.410306678185095,7.009059682992788,7.8992234450120185,6.723717510516825,3.740174733675443,0.9383306503295898,0.9341709430401142,1.1170841363760142,0.7505371387188251,18.51006610576923,4.853966346153846,3.9634164663461537,6.056189903846154,3.6363431490384617,7.208163265306124,16.687755102040818,35.97959183673469,0.6142857142857144,0.0
fio-repl,details,10,90,3,readwrite_random,repl,1788880932.762227,1788880990.8313413,0.477077439,1.703402599,0.3975777848888889,1.4195968,36,0.023072577027,0.0112916937959999,4.973488303740073,0.6836385747707613,2026-09-08 17:22:12.762227058,2026-09-08 17:23:10.831341267,58,38.8448275862069,38.275862068965516,41.13793103448276,37.310344827586206,39.706896551724135,0.15482758620689652,3384.323448275862,823.1453448275862,895.3560344827586,818.3137931034483,847.5082758620689,0.9906896551724138,0.105,0.9139535130024371,0.553448275862069,59.15241379310345,21.718793103448277,0.005748275862068965,29.549706189385777,81.20992473733835,29.291666666666668,10.433908045977011,47.33048811287715,20.75321036503233,26.577277747844825,5.165393655711207,5.150086038523707,5.460374292834052,4.977358230064656,6.543683997844829,6.615090416217672,6.878135607489224,6.54036688442888,3.973830190198175,0.9423834702064251,0.9990186362430967,1.1218120311868602,0.9106161183324354,18.564655172413794,4.8840921336206895,4.949420797413793,5.057044719827586,3.674097521551724,7.156363636363637,17.454545454545453,35.516363636363636,0.6399999999999999,0.0
fio-repl,details,10,90,4,readwrite_random,repl,1788880993.98343,1788881050.448084,0.475512546,1.644800255,0.4195838795294118,1.4513910964705885,34,0.021129819553,0.010077337959,4.598081672613945,0.6338772286872538,2026-09-08 17:23:13.983429909,2026-09-08 17:24:10.448084116,56,39.482142857142854,37.982142857142854,42.910714285714285,39.142857142857146,36.089285714285715,0.14660714285714288,3516.399464285714,868.3328571428572,934.6014285714284,919.0514285714287,794.4133928571429,0.9919642857142856,0.10964285714285715,0.8500023310165833,0.5582142857142857,61.26446428571429,22.369285714285716,0.005789285714285715,30.200957728794638,82.93533063616071,29.967261904761898,10.67261904761905,48.55621425083705,21.247235456194197,27.308978097098212,5.458094308035713,5.192456752232142,5.815509556361607,4.781174839564732,6.938815394810268,6.726331089564733,7.413174525669642,6.230656040736607,3.8715755598885675,0.9570439883640834,0.9948204585484096,1.1338473728724887,0.7858670779636928,18.462890625,4.851004464285714,3.9610770089285716,6.009905133928571,3.640904017857143,7.226415094339623,17.29811320754717,36.03018867924528,0.6075471698113208,0.0
fio-repl,details,10,90,5,readwrite_random,repl,1788881054.203296,1788881111.8069482,0.444044107,1.706899258,0.3806346093714285,1.4631540443428572,35,0.001740609758,0.011430504526,0.4010612477795837,0.6909126767357099,2026-09-08 17:24:14.203295946,2026-09-08 17:25:11.806948185,57,38.89473684210526,38.73684210526316,40.01754385964912,38.75438596491228,38.49122807017544,0.14543859649122806,3452.435438596491,837.0008771929822,865.4835087719299,929.220350877193,820.73,0.9931578947368421,0.10719298245614035,0.8832458299317518,0.5494736842105262,60.391754385964916,22.214736842105264,0.00582280701754386,30.03448207922149,82.25192108689693,29.637426900584796,10.612573099415203,48.11958847313597,21.098607456140346,27.02098084566886,5.329786869517544,5.061799787554825,5.799409436677632,4.907611191063597,6.756682771381578,6.528757881030701,7.284431366502193,6.451108826754386,3.9288488689221834,0.9384900143271998,0.9841354771664268,1.1325555098684212,0.8736847325375205,18.46655701754386,4.86609100877193,3.9538788377192984,5.981976425438597,3.664610745614035,7.125925925925925,17.724074074074075,35.93518518518518,0.6203703703703703,0.0
fio-repl,details,10,90,1,readwrite_random,unrepl-bound,1788881115.4731126,1788881200.0106475,7.852375506,63.542747582,3.7393510725079366,30.260468459682546,63,0.094585250086,0.055675238269,1.2352443662376735,0.0898675589426335,2026-09-08 17:25:15.473112583,2026-09-08 17:26:40.010647535,84,44.75,47.88095238095238,48.42857142857143,45.107142857142854,56.357142857142854,0.15535714285714292,3180.728214285714,604.660238095238,617.1785714285716,1367.4465476190476,591.4427380952382,0.9966666666666667,0.07988095238095237,0.432516166079792,0.2707142857142858,9.777857142857142,6.0041666666666655,0.001814285714285714,31.406290225074404,64.06280784970238,22.90178571428572,11.067460317460318,72.37698637462798,30.718312639508927,41.65867466517857,0.5644305710565477,0.5747512090773809,29.20695033482143,0.37218040829613097,0.5895479910714286,0.6059069242931547,40.09588262648809,0.3673363095238095,1.419547262645903,0.09225250425792876,0.1332362492879232,1.1541094098772322,0.03994337717692057,18.563290550595237,4.857561383928571,4.967075892857143,5.045014880952381,3.693638392857143,4.932,8.146666666666667,13.650666666666668,44.85066666666667,0.0
fio-repl,details,10,90,2,readwrite_random,unrepl-bound,1788881203.2368205,1788881296.8051467,9.46890049,67.428355276,3.9456382293333334,28.09702104177778,72,0.395957741178,0.252030453758,4.283803592231059,0.3827957051309865,2026-09-08 17:26:43.236820459,2026-09-08 17:28:16.805146694,93,42.473118279569896,46.73118279569893,56.365591397849464,42.54838709677419,56.58064516129032,0.20258064516129032,3043.130430107527,615.3911827956989,605.5740860215054,1255.5967741935485,566.5687096774193,0.9968817204301075,0.07333333333333329,0.45123460120492753,0.25000000000000006,9.88956989247312,6.2659139784946225,0.002086021505376344,31.267769867271507,62.99403918850806,22.623655913978496,10.96415770609319,69.8272963919691,29.52487567204301,40.30242103494624,0.5583424689180108,0.2949417212701613,28.248794522849458,0.4227959089381721,0.5782620337701613,0.2961190566196236,38.96741389448925,0.46062499999999995,1.4042567591513357,0.09791413173880628,0.10072486631331906,1.165269749138945,0.04036351685882897,18.58425739247312,4.903141801075269,3.967573924731183,6.007644489247312,3.705897177419355,5.00235294117647,8.22,14.063529411764707,41.11529411764705,0.0
fio-repl,details,10,90,3,readwrite_random,unrepl-bound,1788881300.152055,1788881384.487244,8.25882902,63.676724534,3.9330379093333336,30.325282003301584,63,0.050626353944,0.0921741796449999,0.6308224452469446,0.148548004117482,2026-09-08 17:28:20.152055025,2026-09-08 17:29:44.487243891,85,45.89411764705882,46.21176470588235,57.6,47.07058823529412,58.2,0.16164705882352948,3129.4191764705884,543.9110588235295,617.5481176470588,1386.0216470588234,581.9390588235294,0.9938823529411766,0.08011764705882353,0.39242609231805575,0.2731764705882353,9.622235294117646,5.813058823529412,0.0017741176470588234,30.970077320772056,62.20983823529411,22.291176470588237,10.806862745098037,71.80260845588234,30.576382582720587,41.22622690716912,0.39842911305147044,0.4745112591911765,29.28181376378676,0.42162844669117655,0.3722209329044118,0.5289665670955882,39.88857295496323,0.43646484374999994,1.3895968028477261,0.06590248289562407,0.12811774299258277,1.1553947357904344,0.040210451398577006,18.459170386904763,4.838076636904762,3.944056919642857,6.0070684523809526,3.6699683779761907,5.010666666666666,7.669333333333334,13.472,43.93200000000001,0.0
fio-repl,details,10,90,4,readwrite_random,unrepl-bound,1788881387.739478,1788881484.2099202,9.459050995,72.730677037,3.78374651904,29.095180042240003,75,0.125606195674,0.298631407601,1.361903137329857,0.4208452067178602,2026-09-08 17:29:47.739478111,2026-09-08 17:31:24.209920168,96,42.010416666666664,45.927083333333336,58.416666666666664,42.583333333333336,64.29166666666667,0.21572916666666667,3026.9509375000002,509.7382291666666,617.655625,1265.0916666666665,634.4648958333333,0.9967708333333333,0.07114583333333332,0.40292592434013347,0.30291666666666667,9.498541666666666,6.039583333333333,0.001834375,31.803602701822914,63.25674794514975,22.703125,11.137152777777779,71.46542338053386,30.111636759440103,41.35378621419271,0.3451597086588542,0.42286265055338546,28.957983398437502,0.3856312052408854,0.309664306640625,0.45595072428385414,40.1796039835612,0.4085666910807291,1.40769362449646,0.06459538141886392,0.1280676523844401,1.1621886491775513,0.05284194151560465,18.5872802734375,4.885213216145833,3.9930419921875,5.986531575520833,3.7224934895833335,4.69080459770115,7.804597701149425,14.108045977011495,41.956321839080466,0.0
fio-repl,details,10,90,5,readwrite_random,unrepl-bound,1788881487.901647,1788881573.1319995,8.458406428,63.501858301,3.965010176,29.768480512,64,0.080007218529,0.052418547396,0.9709493594150868,0.0846028272305875,2026-09-08 17:31:27.901647091,2026-09-08 17:32:53.131999493,85,43.870588235294115,45.37647058823529,46.38823529411765,44.752941176470586,55.2,0.15576470588235297,3111.2345882352943,585.6841176470589,602.2758823529412,1338.4176470588234,584.8569411764706,0.9956470588235293,0.07952941176470588,0.43697641200539716,0.2958823529411765,9.150823529411763,5.703411764705883,0.001776470588235294,31.426866383272067,63.370607306985285,22.716666666666672,11.022549019607842,71.06004136029411,30.046783547794124,41.01325746783089,0.48547311580882363,0.5361205193014705,28.61658823529412,0.4086015625,0.4832039292279411,0.5540320542279411,39.55242486213236,0.4235962775735294,1.4015730016371784,0.07789225858800551,0.13314801384420955,1.1479518665986903,0.04258086260627298,18.489108455882352,4.859742647058823,4.941681985294117,5.040533088235295,3.6471507352941175,4.7844155844155845,7.299999999999999,13.75064935064935,44.10779220779221,0.0
fio-repl,details,10,90,1,readwrite_random,unrepl-firsttouch,1788881576.5324664,1788881664.376411,14.369378809,114.214493416,6.4344791498507465,51.144227335641794,67,0.172669638992,0.218508240189,1.2342367597362436,0.196317500923158,2026-09-08 17:32:56.532466412,2026-09-08 17:34:24.376410961,87,30.620689655172413,27.17241379310345,26.67816091954023,34.42528735632184,25.942528735632184,0.252183908045977,5049.825747126436,1214.890804597701,1045.3613793103448,1682.0814942528739,1107.4926436781607,0.9958620689655172,0.08505747126436779,0.6214689257815421,0.26735632183908037,13.270804597701149,9.255632183908046,0.0017885057471264366,67.55674400592672,117.25929855872846,42.54693486590038,24.278735632183906,126.78408001077585,50.87796796426007,75.90611103627874,20.66453304597701,1.208627312320402,26.769939385775857,2.23486956716954,31.706255387931034,1.6356033360272992,39.3950997889727,3.169152635596264,1.3658216629905262,0.4769256854879445,0.11576255710645654,0.7081735983662222,0.0649652152225889,18.541487068965516,4.896551724137931,3.9677622126436782,6.006061422413793,3.671111709770115,4.183749999999999,7.678749999999999,14.9575,37.739999999999995,0.0
fio-repl,details,10,90,2,readwrite_random,unrepl-firsttouch,1788881668.059229,1788881744.6203496,22.647574995,168.839735717,12.354458046836363,92.10361074036364,55,0.402168962041,0.281381463991,1.816160344643476,0.1703316707843415,2026-09-08 17:34:28.059228897,2026-09-08 17:35:44.620349646,77,26.246753246753247,26.948051948051948,27.207792207792206,26.974025974025974,25.285714285714285,0.3454545454545455,8255.215324675328,2102.9703896103897,2094.863766233767,2035.3877922077916,2021.994155844156,0.9951948051948052,0.09207792207792206,0.9614943538119736,0.18974025974025976,22.371168831168827,17.713116883116886,0.002172727272727273,120.93662756189124,187.667933492289,68.3365800865801,43.86471861471861,217.66603921469155,86.79385539265424,130.87218382203739,25.263162540584418,22.38678469967532,18.22399946732955,20.91990843141234,38.171489067573056,33.830471667004865,27.174633091517858,31.69559088372564,1.3765532343011153,0.36304845308002676,0.3623683829056589,0.38246586448267883,0.2686705338327508,18.512181332236842,4.873406661184211,4.9267578125,5.030222039473684,3.6817948190789473,3.6957746478873235,8.452112676056338,15.98732394366197,33.6394366197183,0.0
fio-repl,details,10,90,3,readwrite_random,unrepl-firsttouch,1788881747.989715,1788881833.6251292,15.543330985,132.723643942,7.286179264,62.218355712,64,0.391635619687,0.290072714408,2.587371602074463,0.223283643217886,2026-09-08 17:35:47.989715099,2026-09-08 17:37:13.625129223,85,28.0,26.67058823529412,30.941176470588236,26.41176470588235,25.576470588235296,0.2938823529411765,5846.797411764706,1478.9948235294116,1699.09,1471.8988235294119,1196.8129411764705,0.9958823529411766,0.08705882352941174,0.70438466542471,0.29670588235294115,14.031529411764708,10.130588235294118,0.0018623529411764706,81.82898299632353,138.53006158088235,50.32450980392158,29.526470588235295,150.9217211626838,60.03226976102943,90.88945094209559,10.74555606617647,26.45637051930147,21.33606778492647,1.4942755055147057,15.903407743566175,40.11321392463235,32.828377757352946,2.0444543887867646,1.366754015754251,0.24185328764073988,0.5474064546472885,0.5338556177475873,0.043644041173598346,18.55795036764706,4.881066176470588,4.951011029411765,5.046737132352941,3.6791360294117648,3.803797468354431,7.588607594936708,15.455696202531648,35.63670886075949,0.0
fio-repl,details,10,90,4,readwrite_random,unrepl-firsttouch,1788881837.371277,1788881912.094677,19.381418695,151.331367557,10.76781374577778,84.07858684207409,54,0.512443028143,0.3636725386159999,2.713842329907032,0.2464680633403822,2026-09-08 17:37:17.371277094,2026-09-08 17:38:32.094676971,75,26.186666666666667,25.30666666666667,26.133333333333333,28.346666666666668,26.106666666666666,0.33559999999999995,7699.947999999999,1840.8427999999994,1938.5524000000003,2056.1386666666663,1864.4138666666663,0.9962666666666666,0.09079999999999999,0.8952911736173434,0.20386666666666667,19.066933333333335,14.518533333333332,0.0019480000000000005,113.29815455729167,179.23249309895834,65.27111111111111,41.09333333333334,204.28699309895833,81.43417109374998,122.85282252604166,16.056008203124996,18.88384348958333,25.969552213541665,20.524765755208332,23.950430078125,28.505164973958326,39.183124739583334,31.214102864583335,1.3877997527251371,0.2667214677140519,0.33789449124722865,0.49686916454418284,0.28634710569639465,18.601668074324323,4.872466216216216,4.952755489864865,5.077122043918919,3.699324324324324,4.0785714285714265,8.178571428571429,17.24,32.90571428571428,0.0
fio-repl,details,10,90,5,readwrite_random,unrepl-firsttouch,1788881915.8502488,1788881997.8280823,19.463043012,139.848327854,9.57262649914754,68.78474394439345,61,0.555200630131,0.392198500947,2.910009072526725,0.2873000866871633,2026-09-08 17:38:35.850248814,2026-09-08 17:39:57.828082323,82,27.073170731707318,23.24390243902439,26.829268292682926,30.914634146341463,25.109756097560975,0.3601219512195122,6591.626341463414,1570.5481707317074,1573.6175609756096,1855.4420731707316,1592.018292682927,0.9951219512195123,0.08426829268292683,0.8464549734219543,0.16182926829268293,21.479878048780485,17.19121951219512,0.002771951219512195,95.37341403868139,155.51229825647863,56.55487804878049,34.463414634146346,172.88239400724086,70.04199159203505,102.84040193883385,11.05092011242378,16.725171612995428,24.10025676448171,18.165642744855184,15.852922303734752,24.691778891958844,35.213160846989325,27.08254025342988,1.3946183367473322,0.22700709831423876,0.3469446228771675,0.5231504207704125,0.29749860996153293,18.490091463414632,4.840224847560975,4.901676829268292,5.049923780487805,3.698266006097561,4.1805194805194805,9.35974025974026,17.327272727272724,31.68701298701298,0.0
fio-repl,details,10,90,1,readwrite_random,unrepl-interleaved,1788882001.566859,1788882072.6815414,17.378877318,150.948040342,10.42767396864,90.577881088,50,0.500070522864,0.405313003463,2.964818565702028,0.275597736829806,2026-09-08 17:40:01.566859007,2026-09-08 17:41:12.681541443,71,26.366197183098592,25.95774647887324,26.6056338028169,27.56338028169014,25.845070422535212,0.33478873239436613,7802.712535211265,1877.8215492957745,1959.2560563380277,2014.609154929577,1951.0247887323942,0.9939436619718309,0.09380281690140843,0.9321021621990078,0.21859154929577465,18.651830985915492,13.935915492957747,0.0018394366197183097,117.82522460937501,181.93905383472713,66.26408450704226,42.72300469483568,211.64795664612674,83.74155782350353,127.90639978543135,20.802815250880283,20.905213880941904,21.287315828565138,20.74621245048416,31.899643761003524,31.87412508252641,32.398152096170776,31.73447870818662,1.4092497689383372,0.33143980843680243,0.36566483633858815,0.4276400974818638,0.2844978332519531,18.628236607142856,4.906808035714286,4.984709821428571,5.050223214285714,3.6861607142857142,4.172727272727272,8.178787878787878,18.90757575757576,31.16060606060606,0.0
fio-repl,details,10,90,2,readwrite_random,unrepl-interleaved,1788882076.1296756,1788882149.7340145,18.050317268,151.090475967,10.413991699692309,87.17629904738462,52,0.5697150227400001,0.4332495862409999,3.251045211107096,0.2943621645464722,2026-09-08 17:41:16.129675626,2026-09-08 17:42:29.734014511,73,26.15068493150685,26.17808219178082,25.616438356164384,28.205479452054796,24.561643835616437,0.3531506849315068,7732.315342465754,1868.0884931506853,1899.8953424657536,2087.280136986301,1877.0520547945205,0.9964383561643837,0.09232876712328766,0.894986954577121,0.22068493150684937,16.667123287671235,12.211232876712328,0.0017547945205479455,115.70269999464898,180.53179901541097,65.74429223744293,41.97716894977169,207.75130016588187,82.10925821382705,125.64204061429793,20.413485124143836,20.352362879922943,21.037597522474318,20.305812419734586,31.40601669520548,31.252535985659243,31.80269410851884,31.18079529644692,1.3901321202108305,0.3277890453599903,0.3605876034253264,0.4303186495010167,0.27142365338051155,18.547731164383563,4.886451198630137,3.964469178082192,6.006849315068493,3.68996147260274,3.9558823529411766,8.079411764705881,18.86617647058824,31.141176470588235,0.0
fio-repl,details,10,90,3,readwrite_random,unrepl-interleaved,1788882153.5164633,1788882223.9641316,16.8647431,156.637709087,10.325697097142855,95.91662165681632,49,0.395232434675,0.402049315751,2.4231978835462344,0.2636182618017086,2026-09-08 17:42:33.516463279,2026-09-08 17:43:43.964131594,71,26.070422535211268,25.380281690140844,25.52112676056338,27.464788732394368,27.267605633802816,0.3261971830985917,8235.79295774648,2039.1091549295775,2026.7195774647887,2090.228873239437,2079.734507042254,0.9953521126760564,0.10056338028169014,0.9696161044430406,0.37295774647887325,15.733943661971827,11.421690140845069,0.001507042253521127,122.57897625990317,188.2996444487236,68.59389671361502,44.495305164319255,220.23965944102113,86.46385810959505,133.7758017440581,21.53345386773768,21.606358522227115,21.849037604533457,21.475007152288736,33.28136484925176,33.524774565360914,33.76276284661092,33.206899345290495,1.3906202588762555,0.3119670867919922,0.36054583958217074,0.42540795462472103,0.2927062443324498,18.520870535714284,4.818861607142857,4.9504464285714285,5.053850446428571,3.6977120535714287,3.878461538461538,7.646153846153846,16.6,34.23538461538462,0.0
fio-repl,details,10,90,4,readwrite_random,unrepl-interleaved,1788882227.3021414,1788882301.2452157,20.693405545,162.240686204,11.713638863698112,91.84047297207547,53,0.476249691661,0.356631221429,2.361573617120043,0.2246578547815411,2026-09-08 17:43:47.302141428,2026-09-08 17:45:01.245215654,74,26.054054054054053,26.216216216216218,27.405405405405407,26.486486486486488,25.635135135135137,0.34729729729729736,8268.997837837838,2021.1117567567567,2037.9099999999999,2144.4801351351352,2065.4964864864864,0.9954054054054056,0.09405405405405405,0.9424716618460984,0.21932432432432433,19.380675675675676,14.833378378378379,0.001893243243243243,121.451932142103,187.1983617504223,68.21621621621622,44.08671171171172,218.2217551731419,86.46457387563346,131.75718169341215,21.570120618665545,21.601286555109795,21.796516971072634,21.496650654560806,32.82134000211149,32.92584802576014,33.17291701858108,32.8370751953125,1.4065146250267553,0.3198306985097389,0.37292130352699593,0.42823922144223564,0.28553657009177014,18.592786815068493,4.881474743150685,4.968161386986301,5.04955051369863,3.6936001712328768,3.8617647058823534,8.270588235294115,17.105882352941176,33.055882352941175,0.0
fio-repl,details,10,90,5,readwrite_random,unrepl-interleaved,1788882304.5644114,1788882381.4981534,19.399798025,156.492211239,10.393441792,83.84070217142857,56,0.526640207775,0.422453406488,2.788728083321056,0.2768388115021862,2026-09-08 17:45:04.564411402,2026-09-08 17:46:21.498153448,75,26.14666666666667,24.946666666666665,25.72,28.453333333333333,26.813333333333333,0.36226666666666657,7812.332266666665,1821.888666666667,2021.8644000000002,2010.9347999999998,1957.6448000000003,0.9954666666666666,0.09026666666666666,0.9010934000651413,0.2274666666666667,19.913999999999998,15.376000000000001,0.0019693333333333334,114.53408893229165,178.68250364583335,65.202987987988,41.52777777777778,217.1041454370471,86.73014252151269,130.37400334012682,21.493107700892857,21.645755580357136,21.872031668526784,21.501603968523547,32.32709109933037,32.55204031808035,32.7597119140625,32.42652541893117,1.41528310273823,0.32177518543444183,0.3697790848581414,0.42795602898848684,0.2957728034571597,18.59400699013158,4.890933388157895,4.9458264802631575,5.053608141447368,3.703638980263158,4.0874999999999995,7.8999999999999995,18.174999999999997,32.19861111111111,0.0
