/usr/bin/time -f '%e %U %S' -o /tmp/app-repl-numa-benchmarks/results/IntelR_XeonR_Gold_6130_CPU_@_2.10GHz_X86_64/rocksdb/outputs/multireadrandom/benchmark_multireadrandom.t128.log.time timeout 810 ./db_bench --benchmarks=multireadrandom,stats --use_existing_db=1 --threads=128 --batch_size=10 --level0_file_num_compaction_trigger=4 --level0_slowdown_writes_trigger=20 --level0_stop_writes_trigger=30 --max_background_jobs=16 --max_write_buffer_number=8 --undefok=use_blob_cache,use_shared_block_and_blob_cache,blob_cache_size,blob_cache_numshardbits,prepopulate_blob_cache,multiread_batched,cache_low_pri_pool_ratio,prepopulate_block_cache --db=/tmp/rocksdb/db --wal_dir=/tmp/rocksdb/wal --num=40000000 --key_size=20 --value_size=400 --block_size=8192 --cache_size=32000000000 --cache_numshardbits=6 --compression_max_dict_bytes=0 --compression_ratio=0.5 --compression_type=none --bytes_per_sync=1048576 --benchmark_write_rate_limit=0 --write_buffer_size=134217728 --target_file_size_base=134217728 --max_bytes_for_level_base=1073741824 --verify_checksum=1 --delete_obsolete_files_period_micros=62914560 --max_bytes_for_level_multiplier=8 --statistics=0 --stats_per_interval=1 --stats_interval_seconds=10 --report_interval_seconds=1 --histogram=1 --memtablerep=skip_list --bloom_bits=10 --open_files=-1 --subcompactions=1 --mmap_read=1 --multiread_batched --compaction_style=0 --num_levels=8 --min_level_to_compress=-1 --level_compaction_dynamic_level_bytes=true --pin_l0_filter_and_index_blocks_in_cache=1 --duration=210 --seed=1773580406 --report_file=/tmp/app-repl-numa-benchmarks/results/IntelR_XeonR_Gold_6130_CPU_@_2.10GHz_X86_64/rocksdb/outputs/multireadrandom/benchmark_multireadrandom.t128.log.r.csv 2>&1 | tee -a /tmp/app-repl-numa-benchmarks/results/IntelR_XeonR_Gold_6130_CPU_@_2.10GHz_X86_64/rocksdb/outputs/multireadrandom/benchmark_multireadrandom.t128.log
RocksDB:    version 10.5.0
Date:       Sun Mar 15 14:13:26 2026
CPU:        128 * Intel(R) Xeon(R) Gold 6130 CPU @ 2.10GHz
CPUCache:   22528 KB
entries_per_batch = 10
2026/03/15-14:13:36  ... thread 11: (570000,570000) ops and (56992.8,56992.8) ops/second in (10.001265,10.001265) seconds
2026/03/15-14:13:36  ... thread 12: (648000,648000) ops and (64786.3,64786.3) ops/second in (10.002116,10.002116) seconds
2026/03/15-14:13:36  ... thread 27: (863000,863000) ops and (86275.7,86275.7) ops/second in (10.002820,10.002820) seconds
2026/03/15-14:13:36  ... thread 3: (550000,550000) ops and (54977.6,54977.6) ops/second in (10.004068,10.004068) seconds
2026/03/15-14:13:36  ... thread 86: (613000,613000) ops and (61287.5,61287.5) ops/second in (10.002033,10.002033) seconds
2026/03/15-14:13:36  ... thread 122: (717000,717000) ops and (71695.5,71695.5) ops/second in (10.000630,10.000630) seconds
2026/03/15-14:13:36  ... thread 24: (603000,603000) ops and (60269.2,60269.2) ops/second in (10.005108,10.005108) seconds
2026/03/15-14:13:36  ... thread 7: (908000,908000) ops and (90749.7,90749.7) ops/second in (10.005538,10.005538) seconds
2026/03/15-14:13:36  ... thread 4: (619000,619000) ops and (61892.7,61892.7) ops/second in (10.001186,10.001186) seconds
2026/03/15-14:13:36  ... thread 42: (951000,951000) ops and (95078.4,95078.4) ops/second in (10.002275,10.002275) seconds
2026/03/15-14:13:36  ... thread 21: (613000,613000) ops and (61261.0,61261.0) ops/second in (10.006362,10.006362) seconds
2026/03/15-14:13:36  ... thread 18: (587000,587000) ops and (58661.2,58661.2) ops/second in (10.006617,10.006617) seconds
2026/03/15-14:13:36  ... thread 75: (615000,615000) ops and (61484.9,61484.9) ops/second in (10.002463,10.002463) seconds
2026/03/15-14:13:36  ... thread 29: (642000,642000) ops and (64183.6,64183.6) ops/second in (10.002557,10.002557) seconds
2026/03/15-14:13:36  ... thread 17: (593000,593000) ops and (59255.8,59255.8) ops/second in (10.007455,10.007455) seconds
2026/03/15-14:13:36  ... thread 112: (630000,630000) ops and (62981.6,62981.6) ops/second in (10.002920,10.002920) seconds
2026/03/15-14:13:36  ... thread 92: (623000,623000) ops and (62279.6,62279.6) ops/second in (10.003277,10.003277) seconds
2026/03/15-14:13:36  ... thread 127: (934000,934000) ops and (93362.1,93362.1) ops/second in (10.004064,10.004064) seconds
2026/03/15-14:13:36  ... thread 9: (617000,617000) ops and (61681.4,61681.4) ops/second in (10.003010,10.003010) seconds
2026/03/15-14:13:36  ... thread 26: (943000,943000) ops and (94222.6,94222.6) ops/second in (10.008216,10.008216) seconds
2026/03/15-14:13:36  ... thread 46: (623000,623000) ops and (62271.9,62271.9) ops/second in (10.004507,10.004507) seconds
2026/03/15-14:13:36  ... thread 5: (880000,880000) ops and (87920.9,87920.9) ops/second in (10.008994,10.008994) seconds
2026/03/15-14:13:36  ... thread 101: (740000,740000) ops and (73966.6,73966.6) ops/second in (10.004522,10.004522) seconds
2026/03/15-14:13:36  ... thread 36: (846000,846000) ops and (84557.4,84557.4) ops/second in (10.005037,10.005037) seconds
2026/03/15-14:13:36  ... thread 62: (630000,630000) ops and (62969.3,62969.3) ops/second in (10.004882,10.004882) seconds
2026/03/15-14:13:36  ... thread 37: (617000,617000) ops and (61664.1,61664.1) ops/second in (10.005822,10.005822) seconds
2026/03/15-14:13:36  ... thread 8: (626000,626000) ops and (62537.8,62537.8) ops/second in (10.009946,10.009946) seconds
2026/03/15-14:13:36  ... thread 1: (635000,635000) ops and (63442.0,63442.0) ops/second in (10.009147,10.009147) seconds
2026/03/15-14:13:36  ... thread 74: (828000,828000) ops and (82752.2,82752.2) ops/second in (10.005775,10.005775) seconds
2026/03/15-14:13:36  ... thread 68: (935000,935000) ops and (93423.9,93423.9) ops/second in (10.008142,10.008142) seconds
2026/03/15-14:13:36  ... thread 40: (613000,613000) ops and (61259.4,61259.4) ops/second in (10.006625,10.006625) seconds
2026/03/15-14:13:36  ... thread 23: (908000,908000) ops and (90702.3,90702.3) ops/second in (10.010772,10.010772) seconds
2026/03/15-14:13:36  ... thread 14: (620000,620000) ops and (61932.7,61932.7) ops/second in (10.010874,10.010874) seconds
2026/03/15-14:13:36  ... thread 25: (605000,605000) ops and (60433.8,60433.8) ops/second in (10.010961,10.010961) seconds
2026/03/15-14:13:36  ... thread 39: (613000,613000) ops and (61254.8,61254.8) ops/second in (10.007387,10.007387) seconds
2026/03/15-14:13:36  ... thread 6: (716000,716000) ops and (71556.6,71556.6) ops/second in (10.006068,10.006068) seconds
2026/03/15-14:13:36  ... thread 34: (565000,565000) ops and (56455.0,56455.0) ops/second in (10.007973,10.007973) seconds
2026/03/15-14:13:36  ... thread 43: (564000,564000) ops and (56385.0,56385.0) ops/second in (10.002668,10.002668) seconds
2026/03/15-14:13:36  ... thread 32: (623000,623000) ops and (62247.7,62247.7) ops/second in (10.008409,10.008409) seconds
2026/03/15-14:13:36  ... thread 20: (607000,607000) ops and (60619.5,60619.5) ops/second in (10.013287,10.013287) seconds
2026/03/15-14:13:36  ... thread 69: (841000,841000) ops and (84099.8,84099.8) ops/second in (10.000029,10.000029) seconds
2026/03/15-14:13:36  ... thread 96: (622000,622000) ops and (62141.7,62141.7) ops/second in (10.009381,10.009381) seconds
2026/03/15-14:13:36  ... thread 99: (639000,639000) ops and (63830.5,63830.5) ops/second in (10.010882,10.010882) seconds
2026/03/15-14:13:36  ... thread 31: (933000,933000) ops and (93205.7,93205.7) ops/second in (10.010115,10.010115) seconds
2026/03/15-14:13:36  ... thread 58: (938000,938000) ops and (93754.4,93754.4) ops/second in (10.004860,10.004860) seconds
2026/03/15-14:13:36  ... thread 73: (590000,590000) ops and (58969.5,58969.5) ops/second in (10.005171,10.005171) seconds
2026/03/15-14:13:36  ... thread 65: (618000,618000) ops and (61722.7,61722.7) ops/second in (10.012518,10.012518) seconds
2026/03/15-14:13:36  ... thread 81: (637000,637000) ops and (63690.2,63690.2) ops/second in (10.001538,10.001538) seconds
2026/03/15-14:13:36  ... thread 15: (636000,636000) ops and (63523.6,63523.6) ops/second in (10.012020,10.012020) seconds
2026/03/15-14:13:36  ... thread 30: (625000,625000) ops and (62422.2,62422.2) ops/second in (10.012459,10.012459) seconds
2026/03/15-14:13:36  ... thread 52: (629000,629000) ops and (62850.1,62850.1) ops/second in (10.007944,10.007944) seconds
2026/03/15-14:13:36  ... thread 45: (634000,634000) ops and (63314.9,63314.9) ops/second in (10.013444,10.013444) seconds
2026/03/15-14:13:36  ... thread 49: (607000,607000) ops and (60647.9,60647.9) ops/second in (10.008587,10.008587) seconds
2026/03/15-14:13:36  ... thread 28: (618000,618000) ops and (61746.7,61746.7) ops/second in (10.008639,10.008639) seconds
2026/03/15-14:13:36  ... thread 113: (938000,938000) ops and (93793.3,93793.3) ops/second in (10.000712,10.000712) seconds
2026/03/15-14:13:36  ... thread 93: (900000,900000) ops and (89956.9,89956.9) ops/second in (10.004786,10.004786) seconds
2026/03/15-14:13:36  ... thread 35: (612000,612000) ops and (61110.1,61110.1) ops/second in (10.014714,10.014714) seconds
2026/03/15-14:13:36  ... thread 2: (634000,634000) ops and (63306.7,63306.7) ops/second in (10.014739,10.014739) seconds
2026/03/15-14:13:36  ... thread 10: (624000,624000) ops and (62307.9,62307.9) ops/second in (10.014786,10.014786) seconds
2026/03/15-14:13:36  ... thread 90: (614000,614000) ops and (61390.7,61390.7) ops/second in (10.001508,10.001508) seconds
2026/03/15-14:13:36  ... thread 60: (608000,608000) ops and (60766.2,60766.2) ops/second in (10.005556,10.005556) seconds
2026/03/15-14:13:36  ... thread 13: (627000,627000) ops and (62606.4,62606.4) ops/second in (10.014956,10.014956) seconds
2026/03/15-14:13:36  ... thread 88: (623000,623000) ops and (62289.7,62289.7) ops/second in (10.001656,10.001656) seconds
2026/03/15-14:13:36  ... thread 80: (632000,632000) ops and (63186.8,63186.8) ops/second in (10.002090,10.002090) seconds
2026/03/15-14:13:36  ... thread 59: (936000,936000) ops and (93507.9,93507.9) ops/second in (10.009848,10.009848) seconds
2026/03/15-14:13:36  ... thread 70: (727000,727000) ops and (72654.6,72654.6) ops/second in (10.006247,10.006247) seconds
2026/03/15-14:13:36  ... thread 38: (624000,624000) ops and (62299.4,62299.4) ops/second in (10.016155,10.016155) seconds
2026/03/15-14:13:36  ... thread 64: (627000,627000) ops and (62629.6,62629.6) ops/second in (10.011243,10.011243) seconds
2026/03/15-14:13:36  ... thread 16: (603000,603000) ops and (60231.7,60231.7) ops/second in (10.011345,10.011345) seconds
2026/03/15-14:13:36  ... thread 114: (927000,927000) ops and (92630.9,92630.9) ops/second in (10.007465,10.007465) seconds
2026/03/15-14:13:36  ... thread 111: (631000,631000) ops and (63078.2,63078.2) ops/second in (10.003456,10.003456) seconds
2026/03/15-14:13:36  ... thread 76: (928000,928000) ops and (92727.9,92727.9) ops/second in (10.007778,10.007778) seconds
2026/03/15-14:13:36  ... thread 54: (646000,646000) ops and (64497.2,64497.2) ops/second in (10.015938,10.015938) seconds
2026/03/15-14:13:36  ... thread 78: (809000,809000) ops and (80831.6,80831.6) ops/second in (10.008460,10.008460) seconds
2026/03/15-14:13:36  ... thread 118: (937000,937000) ops and (93695.1,93695.1) ops/second in (10.000528,10.000528) seconds
2026/03/15-14:13:36  ... thread 51: (758000,758000) ops and (75704.5,75704.5) ops/second in (10.012617,10.012617) seconds
2026/03/15-14:13:36  ... thread 95: (619000,619000) ops and (61893.2,61893.2) ops/second in (10.001102,10.001102) seconds
2026/03/15-14:13:36  ... thread 41: (696000,696000) ops and (69535.8,69535.8) ops/second in (10.009237,10.009237) seconds
2026/03/15-14:13:36  ... thread 66: (627000,627000) ops and (62617.6,62617.6) ops/second in (10.013164,10.013164) seconds
2026/03/15-14:13:36  ... thread 67: (609000,609000) ops and (60818.2,60818.2) ops/second in (10.013442,10.013442) seconds
2026/03/15-14:13:36  ... thread 72: (614000,614000) ops and (61364.3,61364.3) ops/second in (10.005817,10.005817) seconds
2026/03/15-14:13:36  ... thread 47: (628000,628000) ops and (62711.0,62711.0) ops/second in (10.014189,10.014189) seconds
2026/03/15-14:13:36  ... thread 79: (938000,938000) ops and (93695.6,93695.6) ops/second in (10.011146,10.011146) seconds
2026/03/15-14:13:36  ... thread 123: (857000,857000) ops and (85636.4,85636.4) ops/second in (10.007424,10.007424) seconds
2026/03/15-14:13:36  ... thread 91: (636000,636000) ops and (63576.4,63576.4) ops/second in (10.003719,10.003719) seconds
2026/03/15-14:13:36  ... thread 63: (615000,615000) ops and (61415.9,61415.9) ops/second in (10.013690,10.013690) seconds
2026/03/15-14:13:36  ... thread 85: (632000,632000) ops and (63113.3,63113.3) ops/second in (10.013740,10.013740) seconds
2026/03/15-14:13:36  ... thread 82: (931000,931000) ops and (93009.4,93009.4) ops/second in (10.009740,10.009740) seconds
2026/03/15-14:13:36  ... thread 87: (938000,938000) ops and (93699.3,93699.3) ops/second in (10.010747,10.010747) seconds
2026/03/15-14:13:36  ... thread 115: (925000,925000) ops and (92496.3,92496.3) ops/second in (10.000401,10.000401) seconds
2026/03/15-14:13:36  ... thread 83: (612000,612000) ops and (61122.0,61122.0) ops/second in (10.012757,10.012757) seconds
2026/03/15-14:13:36  ... thread 119: (633000,633000) ops and (63283.9,63283.9) ops/second in (10.002545,10.002545) seconds
2026/03/15-14:13:36  ... thread 94: (617000,617000) ops and (61634.2,61634.2) ops/second in (10.010684,10.010684) seconds
2026/03/15-14:13:36  ... thread 33: (613000,613000) ops and (61208.6,61208.6) ops/second in (10.014928,10.014928) seconds
2026/03/15-14:13:36  ... thread 121: (608000,608000) ops and (60729.6,60729.6) ops/second in (10.011592,10.011592) seconds
2026/03/15-14:13:36  ... thread 117: (625000,625000) ops and (62451.7,62451.7) ops/second in (10.007739,10.007739) seconds
2026/03/15-14:13:36  ... thread 50: (619000,619000) ops and (61825.7,61825.7) ops/second in (10.012024,10.012024) seconds
2026/03/15-14:13:36  ... thread 126: (616000,616000) ops and (61522.8,61522.8) ops/second in (10.012542,10.012542) seconds
2026/03/15-14:13:36  ... thread 61: (613000,613000) ops and (61240.1,61240.1) ops/second in (10.009786,10.009786) seconds
2026/03/15-14:13:36  ... thread 71: (606000,606000) ops and (60564.8,60564.8) ops/second in (10.005806,10.005806) seconds
2026/03/15-14:13:36  ... thread 103: (822000,822000) ops and (82112.4,82112.4) ops/second in (10.010669,10.010669) seconds
2026/03/15-14:13:36  ... thread 100: (632000,632000) ops and (63103.6,63103.6) ops/second in (10.015277,10.015277) seconds
2026/03/15-14:13:36  ... thread 125: (620000,620000) ops and (61903.7,61903.7) ops/second in (10.015562,10.015562) seconds
2026/03/15-14:13:36  ... thread 22: (608000,608000) ops and (60750.1,60750.1) ops/second in (10.008222,10.008222) seconds
2026/03/15-14:13:36  ... thread 107: (618000,618000) ops and (61701.3,61701.3) ops/second in (10.016002,10.016002) seconds
2026/03/15-14:13:36  ... thread 89: (941000,941000) ops and (94013.9,94013.9) ops/second in (10.009161,10.009161) seconds
2026/03/15-14:13:36  ... thread 124: (631000,631000) ops and (63037.7,63037.7) ops/second in (10.009890,10.009890) seconds
2026/03/15-14:13:36  ... thread 84: (627000,627000) ops and (62609.0,62609.0) ops/second in (10.014539,10.014539) seconds
2026/03/15-14:13:36  ... thread 98: (641000,641000) ops and (64022.9,64022.9) ops/second in (10.012042,10.012042) seconds
2026/03/15-14:13:36  ... thread 108: (612000,612000) ops and (61146.9,61146.9) ops/second in (10.008692,10.008692) seconds
2026/03/15-14:13:36  ... thread 104: (622000,622000) ops and (62164.1,62164.1) ops/second in (10.005767,10.005767) seconds
2026/03/15-14:13:36  ... thread 116: (943000,943000) ops and (94219.5,94219.5) ops/second in (10.008541,10.008541) seconds
2026/03/15-14:13:36  ... thread 109: (631000,631000) ops and (63082.2,63082.2) ops/second in (10.002824,10.002824) seconds
2026/03/15-14:13:36  ... thread 110: (626000,626000) ops and (62527.1,62527.1) ops/second in (10.011654,10.011654) seconds
2026/03/15-14:13:36  ... thread 105: (633000,633000) ops and (63261.6,63261.6) ops/second in (10.006064,10.006064) seconds
2026/03/15-14:13:36  ... thread 120: (866000,866000) ops and (86544.3,86544.3) ops/second in (10.006440,10.006440) seconds
2026/03/15-14:13:36  ... thread 106: (625000,625000) ops and (62482.5,62482.5) ops/second in (10.002793,10.002793) seconds
2026/03/15-14:13:36  ... thread 102: (947000,947000) ops and (94625.2,94625.2) ops/second in (10.007909,10.007909) seconds
2026/03/15-14:13:36  ... thread 19: (945000,945000) ops and (94463.9,94463.9) ops/second in (10.003826,10.003826) seconds
2026/03/15-14:13:36  ... thread 56: (969000,969000) ops and (96860.4,96860.4) ops/second in (10.004090,10.004090) seconds
2026/03/15-14:13:36  ... thread 57: (616000,616000) ops and (61572.9,61572.9) ops/second in (10.004395,10.004395) seconds
2026/03/15-14:13:36  ... thread 77: (629000,629000) ops and (62872.2,62872.2) ops/second in (10.004425,10.004425) seconds
2026/03/15-14:13:36  ... thread 48: (573000,573000) ops and (57272.5,57272.5) ops/second in (10.004802,10.004802) seconds
2026/03/15-14:13:36  ... thread 0: (657000,657000) ops and (65634.6,65634.6) ops/second in (10.009964,10.009964) seconds

** Compaction Stats [default] **
Level    Files   Size     Score Read(GB)  Rn(GB) Rnp1(GB) Write(GB) WPreComp(GB) Wnew(GB) Moved(GB) W-Amp Rd(MB/s) Wr(MB/s) Comp(sec) CompMergeCPU(sec) Comp(cnt) Avg(sec) KeyIn KeyDrop Rblob(GB) Wblob(GB)
-------------------------------------------------------------------------------------------------------------------------------------------------------------------------------------------------------------
  L7     81/0     10.10 GB   0.0      0.0     0.0      0.0       0.0       0.0      0.0       0.0   0.0      0.0      0.0      0.00              0.00         0    0.000       0      0       0.0       0.0
 Sum     81/0     10.10 GB   0.0      0.0     0.0      0.0       0.0       0.0      0.0       0.0   0.0      0.0      0.0      0.00              0.00         0    0.000       0      0       0.0       0.0
 Int      0/0      0.00 KB   0.0      0.0     0.0      0.0       0.0       0.0      0.0       0.0   0.0      0.0      0.0      0.00              0.00         0    0.000       0      0       0.0       0.0

** Compaction Stats [default] **
Priority    Files   Size     Score Read(GB)  Rn(GB) Rnp1(GB) Write(GB) WPreComp(GB) Wnew(GB) Moved(GB) W-Amp Rd(MB/s) Wr(MB/s) Comp(sec) CompMergeCPU(sec) Comp(cnt) Avg(sec) KeyIn KeyDrop Rblob(GB) Wblob(GB)
----------------------------------------------------------------------------------------------------------------------------------------------------------------------------------------------------------------

Blob file count: 0, total size: 0.0 GB, garbage size: 0.0 GB, space amp: 0.0

Uptime(secs): 10.2 total, 10.1 interval
Flush(GB): cumulative 0.000, interval 0.000
AddFile(GB): cumulative 0.000, interval 0.000
AddFile(Total Files): cumulative 0, interval 0
AddFile(L0 Files): cumulative 0, interval 0
AddFile(Keys): cumulative 0, interval 0
Cumulative compaction: 0.00 GB write, 0.00 MB/s write, 0.00 GB read, 0.00 MB/s read, 0.0 seconds
Interval compaction: 0.00 GB write, 0.00 MB/s write, 0.00 GB read, 0.00 MB/s read, 0.0 seconds
Estimated pending compaction bytes: 0
Write Stall (count): cf-l0-file-count-limit-delays-with-ongoing-compaction: 0, cf-l0-file-count-limit-stops-with-ongoing-compaction: 0, l0-file-count-limit-delays: 0, l0-file-count-limit-stops: 0, memtable-limit-delays: 0, memtable-limit-stops: 0, pending-compaction-bytes-delays: 0, pending-compaction-bytes-stops: 0, total-delays: 0, total-stops: 0
Block cache LRUCache@0x55c67107d780#1185831 capacity: 29.80 GB seed: 1773580406 usage: 0.09 KB table_size: 1024 occupancy: 1 collections: 1 last_copies: 0 last_secs: 9.2e-05 secs_since: 10
Block cache entry stats(count,size,portion): Misc(1,0.00 KB,0%)

** File Read Latency Histogram By Level [default] **

** DB Stats **
Uptime(secs): 10.2 total, 10.1 interval
Cumulative writes: 0 writes, 0 keys, 0 commit groups, 0.0 writes per commit group, ingest: 0.00 GB, 0.00 MB/s
Cumulative WAL: 0 writes, 0 syncs, 0.00 writes per sync, written: 0.00 GB, 0.00 MB/s
Cumulative stall: 00:00:0.000 H:M:S, 0.0 percent
Interval writes: 0 writes, 0 keys, 0 commit groups, 0.0 writes per commit group, ingest: 0.00 MB, 0.00 MB/s
Interval WAL: 0 writes, 0 syncs, 0.00 writes per sync, written: 0.00 GB, 0.00 MB/s
Interval stall: 00:00:0.000 H:M:S, 0.0 percent
Write Stall (count): write-buffer-manager-limit-stops: 0
num-running-compactions: 0
num-running-flushes: 0

2026/03/15-14:13:36  ... thread 55: (616000,616000) ops and (61529.2,61529.2) ops/second in (10.011512,10.011512) seconds
2026/03/15-14:13:36  ... thread 44: (703000,703000) ops and (70222.1,70222.1) ops/second in (10.011092,10.011092) seconds
2026/03/15-14:13:36  ... thread 53: (623000,623000) ops and (62228.5,62228.5) ops/second in (10.011496,10.011496) seconds
2026/03/15-14:13:36  ... thread 97: (553000,553000) ops and (55228.4,55228.4) ops/second in (10.012958,10.012958) seconds
2026/03/15-14:13:46  ... thread 11: (605000,1175000) ops and (60493.8,58743.3) ops/second in (10.001022,20.002287) seconds
2026/03/15-14:13:46  ... thread 27: (960000,1823000) ops and (95998.2,91136.3) ops/second in (10.000190,20.003010) seconds
2026/03/15-14:13:46  ... thread 12: (625000,1273000) ops and (62481.2,63633.7) ops/second in (10.003013,20.005129) seconds
2026/03/15-14:13:46  ... thread 86: (642000,1255000) ops and (64196.6,62742.0) ops/second in (10.000522,20.002555) seconds
2026/03/15-14:13:46  ... thread 42: (957000,1908000) ops and (95696.7,95387.5) ops/second in (10.000347,20.002622) seconds
2026/03/15-14:13:46  ... thread 4: (646000,1265000) ops and (64584.0,63238.4) ops/second in (10.002471,20.003657) seconds
2026/03/15-14:13:46  ... thread 127: (955000,1889000) ops and (95494.5,94428.1) ops/second in (10.000575,20.004639) seconds
2026/03/15-14:13:46  ... thread 122: (655000,1372000) ops and (65478.2,68586.4) ops/second in (10.003334,20.003964) seconds
2026/03/15-14:13:46  ... thread 7: (930000,1838000) ops and (92963.9,91856.7) ops/second in (10.003881,20.009419) seconds
2026/03/15-14:13:46  ... thread 3: (574000,1124000) ops and (57369.2,56173.5) ops/second in (10.005374,20.009442) seconds
2026/03/15-14:13:46  ... thread 29: (664000,1306000) ops and (66382.7,65283.2) ops/second in (10.002601,20.005158) seconds
2026/03/15-14:13:46  ... thread 9: (645000,1262000) ops and (64485.9,63083.6) ops/second in (10.002180,20.005190) seconds
2026/03/15-14:13:46  ... thread 26: (959000,1902000) ops and (95869.7,95045.9) ops/second in (10.003162,20.011378) seconds
2026/03/15-14:13:46  ... thread 21: (624000,1237000) ops and (62367.1,61814.0) ops/second in (10.005282,20.011644) seconds
2026/03/15-14:13:46  ... thread 46: (797000,1420000) ops and (79659.2,70965.8) ops/second in (10.005120,20.009627) seconds
2026/03/15-14:13:46  ... thread 5: (895000,1775000) ops and (89456.0,88688.3) ops/second in (10.004921,20.013915) seconds
2026/03/15-14:13:46  ... thread 68: (963000,1898000) ops and (96261.9,94842.6) ops/second in (10.003953,20.012095) seconds
2026/03/15-14:13:46  ... thread 112: (662000,1292000) ops and (66152.7,64567.5) ops/second in (10.007143,20.010063) seconds
2026/03/15-14:13:46  ... thread 74: (959000,1787000) ops and (95853.8,89302.7) ops/second in (10.004815,20.010590) seconds
2026/03/15-14:13:46  ... thread 24: (628000,1231000) ops and (62737.3,61503.6) ops/second in (10.009988,20.015096) seconds
2026/03/15-14:13:46  ... thread 75: (647000,1262000) ops and (64643.5,63064.7) ops/second in (10.008735,20.011198) seconds
2026/03/15-14:13:46  ... thread 23: (924000,1832000) ops and (92350.5,91526.2) ops/second in (10.005357,20.016129) seconds
2026/03/15-14:13:46  ... thread 32: (950000,1573000) ops and (94966.3,78603.0) ops/second in (10.003553,20.011962) seconds
2026/03/15-14:13:46  ... thread 25: (630000,1235000) ops and (62966.1,61699.6) ops/second in (10.005384,20.016345) seconds
2026/03/15-14:13:46  ... thread 18: (628000,1215000) ops and (62737.7,60699.8) ops/second in (10.009926,20.016543) seconds
2026/03/15-14:13:46  ... thread 62: (648000,1278000) ops and (64751.3,63860.4) ops/second in (10.007523,20.012405) seconds
2026/03/15-14:13:46  ... thread 39: (648000,1261000) ops and (64763.7,63009.0) ops/second in (10.005612,20.012999) seconds
2026/03/15-14:13:46  ... thread 101: (658000,1398000) ops and (65746.1,69855.6) ops/second in (10.008201,20.012723) seconds
2026/03/15-14:13:46  ... thread 20: (639000,1246000) ops and (63875.4,62246.7) ops/second in (10.003853,20.017140) seconds
2026/03/15-14:13:46  ... thread 1: (660000,1295000) ops and (65951.6,64696.7) ops/second in (10.007336,20.016483) seconds
2026/03/15-14:13:46  ... thread 65: (647000,1265000) ops and (64682.9,63202.1) ops/second in (10.002649,20.015167) seconds
2026/03/15-14:13:46  ... thread 58: (964000,1902000) ops and (96365.8,95060.0) ops/second in (10.003550,20.008410) seconds
2026/03/15-14:13:46  ... thread 36: (962000,1808000) ops and (96111.6,90335.7) ops/second in (10.009195,20.014232) seconds
2026/03/15-14:13:46  ... thread 17: (617000,1210000) ops and (61632.9,60444.6) ops/second in (10.010887,20.018342) seconds
2026/03/15-14:13:46  ... thread 81: (646000,1283000) ops and (64576.9,64133.6) ops/second in (10.003573,20.005111) seconds
2026/03/15-14:13:46  ... thread 30: (661000,1286000) ops and (66084.0,64252.2) ops/second in (10.002414,20.014873) seconds
2026/03/15-14:13:46  ... thread 10: (648000,1272000) ops and (64798.3,63552.2) ops/second in (10.000267,20.015053) seconds
2026/03/15-14:13:46  ... thread 45: (662000,1296000) ops and (66185.7,64749.5) ops/second in (10.002161,20.015605) seconds
2026/03/15-14:13:46  ... thread 13: (645000,1272000) ops and (64494.3,63549.6) ops/second in (10.000891,20.015847) seconds
2026/03/15-14:13:46  ... thread 92: (662000,1285000) ops and (66115.5,64198.5) ops/second in (10.012779,20.016056) seconds
2026/03/15-14:13:46  ... thread 15: (651000,1287000) ops and (65070.3,64296.7) ops/second in (10.004566,20.016586) seconds
2026/03/15-14:13:46  ... thread 8: (654000,1280000) ops and (65326.0,63932.0) ops/second in (10.011330,20.021276) seconds
2026/03/15-14:13:46  ... thread 88: (645000,1268000) ops and (64483.9,63386.8) ops/second in (10.002504,20.004160) seconds
2026/03/15-14:13:46  ... thread 113: (834000,1772000) ops and (83370.8,88581.3) ops/second in (10.003502,20.004214) seconds
2026/03/15-14:13:46  ... thread 37: (624000,1241000) ops and (62325.2,61994.7) ops/second in (10.012007,20.017829) seconds
2026/03/15-14:13:46  ... thread 51: (648000,1406000) ops and (64798.0,70254.6) ops/second in (10.000312,20.012929) seconds
2026/03/15-14:13:46  ... thread 69: (960000,1801000) ops and (95913.0,90009.1) ops/second in (10.009068,20.009097) seconds
2026/03/15-14:13:46  ... thread 95: (646000,1265000) ops and (64599.3,63246.2) ops/second in (10.000115,20.001217) seconds
2026/03/15-14:13:46  ... thread 14: (647000,1267000) ops and (64624.1,63278.4) ops/second in (10.011751,20.022625) seconds
2026/03/15-14:13:46  ... thread 43: (626000,1190000) ops and (62533.1,59460.3) ops/second in (10.010694,20.013362) seconds
2026/03/15-14:13:46  ... thread 40: (647000,1260000) ops and (64620.0,62940.2) ops/second in (10.012382,20.019007) seconds
2026/03/15-14:13:46  ... thread 6: (645000,1361000) ops and (64426.8,67990.7) ops/second in (10.011366,20.017434) seconds
2026/03/15-14:13:46  ... thread 64: (663000,1290000) ops and (66279.7,64453.9) ops/second in (10.003057,20.014300) seconds
2026/03/15-14:13:46  ... thread 34: (580000,1145000) ops and (57930.0,57192.7) ops/second in (10.012080,20.020053) seconds
2026/03/15-14:13:46  ... thread 2: (664000,1298000) ops and (66364.5,64834.9) ops/second in (10.005350,20.020089) seconds
2026/03/15-14:13:46  ... thread 80: (663000,1295000) ops and (66269.1,64728.1) ops/second in (10.004669,20.006759) seconds
2026/03/15-14:13:46  ... thread 70: (656000,1383000) ops and (65569.5,69112.3) ops/second in (10.004652,20.010899) seconds
2026/03/15-14:13:46  ... thread 76: (960000,1888000) ops and (95969.9,94348.5) ops/second in (10.003132,20.010910) seconds
2026/03/15-14:13:46  ... thread 38: (648000,1272000) ops and (64769.5,63533.7) ops/second in (10.004713,20.020868) seconds
2026/03/15-14:13:46  ... thread 59: (677000,1613000) ops and (67659.5,80586.2) ops/second in (10.005988,20.015836) seconds
2026/03/15-14:13:46  ... thread 118: (958000,1895000) ops and (95767.8,94731.6) ops/second in (10.003363,20.003891) seconds
2026/03/15-14:13:46  ... thread 31: (958000,1891000) ops and (95706.9,94456.3) ops/second in (10.009732,20.019847) seconds
2026/03/15-14:13:46  ... thread 99: (669000,1308000) ops and (66819.2,65325.0) ops/second in (10.012093,20.022975) seconds
2026/03/15-14:13:46  ... thread 16: (638000,1241000) ops and (63766.1,61998.4) ops/second in (10.005309,20.016654) seconds
2026/03/15-14:13:46  ... thread 96: (801000,1423000) ops and (79999.3,71071.9) ops/second in (10.012585,20.021966) seconds
2026/03/15-14:13:46  ... thread 78: (960000,1769000) ops and (95954.6,88391.7) ops/second in (10.004729,20.013189) seconds
2026/03/15-14:13:46  ... thread 47: (663000,1291000) ops and (66277.4,64493.2) ops/second in (10.003413,20.017602) seconds
2026/03/15-14:13:46  ... thread 54: (647000,1293000) ops and (64662.1,64579.6) ops/second in (10.005864,20.021802) seconds
2026/03/15-14:13:46  ... thread 72: (648000,1262000) ops and (64772.4,63068.2) ops/second in (10.004264,20.010081) seconds
2026/03/15-14:13:46  ... thread 73: (580000,1170000) ops and (57924.7,58446.9) ops/second in (10.012998,20.018169) seconds
2026/03/15-14:13:46  ... thread 79: (961000,1899000) ops and (96069.5,94882.1) ops/second in (10.003171,20.014317) seconds
2026/03/15-14:13:46  ... thread 52: (662000,1291000) ops and (66129.9,64490.2) ops/second in (10.010604,20.018548) seconds
2026/03/15-14:13:46  ... thread 66: (651000,1278000) ops and (65059.5,63838.1) ops/second in (10.006226,20.019390) seconds
2026/03/15-14:13:46  ... thread 93: (795000,1695000) ops and (79414.2,84684.0) ops/second in (10.010805,20.015591) seconds
2026/03/15-14:13:46  ... thread 90: (651000,1265000) ops and (65046.7,63219.4) ops/second in (10.008188,20.009696) seconds
2026/03/15-14:13:46  ... thread 111: (651000,1282000) ops and (65043.5,64061.1) ops/second in (10.008688,20.012144) seconds
2026/03/15-14:13:46  ... thread 35: (648000,1260000) ops and (64729.1,62919.2) ops/second in (10.010958,20.025672) seconds
2026/03/15-14:13:46  ... thread 49: (644000,1251000) ops and (64322.3,62485.4) ops/second in (10.012085,20.020672) seconds
2026/03/15-14:13:46  ... thread 67: (755000,1364000) ops and (75441.5,68127.8) ops/second in (10.007752,20.021194) seconds
2026/03/15-14:13:46  ... thread 28: (645000,1263000) ops and (64415.4,63081.3) ops/second in (10.013127,20.021766) seconds
2026/03/15-14:13:46  ... thread 114: (646000,1573000) ops and (64529.2,78577.6) ops/second in (10.010973,20.018438) seconds
2026/03/15-14:13:46  ... thread 41: (646000,1342000) ops and (64534.6,67035.1) ops/second in (10.010132,20.019369) seconds
2026/03/15-14:13:46  ... thread 123: (959000,1816000) ops and (95822.0,90729.4) ops/second in (10.008136,20.015560) seconds
2026/03/15-14:13:46  ... thread 115: (957000,1882000) ops and (95669.2,94082.9) ops/second in (10.003224,20.003625) seconds
2026/03/15-14:13:46  ... thread 33: (842000,1455000) ops and (84192.9,72692.7) ops/second in (10.000840,20.015768) seconds
2026/03/15-14:13:46  ... thread 60: (644000,1252000) ops and (64308.0,62537.9) ops/second in (10.014300,20.019856) seconds
2026/03/15-14:13:46  ... thread 91: (663000,1299000) ops and (66243.8,64910.4) ops/second in (10.008491,20.012210) seconds
2026/03/15-14:13:46  ... thread 63: (633000,1248000) ops and (63254.1,62334.7) ops/second in (10.007250,20.020940) seconds
2026/03/15-14:13:46  ... thread 87: (959000,1897000) ops and (95835.1,94767.0) ops/second in (10.006770,20.017517) seconds
2026/03/15-14:13:46  ... thread 85: (654000,1286000) ops and (65332.7,64222.8) ops/second in (10.010307,20.024047) seconds
2026/03/15-14:13:46  ... thread 126: (650000,1266000) ops and (64975.1,63248.2) ops/second in (10.003839,20.016381) seconds
2026/03/15-14:13:46  ... thread 83: (649000,1261000) ops and (64850.3,62985.7) ops/second in (10.007659,20.020416) seconds
2026/03/15-14:13:46  ... thread 94: (650000,1267000) ops and (64961.5,63297.4) ops/second in (10.005933,20.016617) seconds
2026/03/15-14:13:46  ... thread 61: (647000,1260000) ops and (64678.5,62958.8) ops/second in (10.003317,20.013103) seconds
2026/03/15-14:13:46  ... thread 119: (663000,1296000) ops and (66253.2,64768.9) ops/second in (10.007063,20.009608) seconds
2026/03/15-14:13:46  ... thread 125: (781000,1401000) ops and (78075.3,69984.5) ops/second in (10.003168,20.018730) seconds
2026/03/15-14:13:46  ... thread 121: (648000,1256000) ops and (64746.8,62737.9) ops/second in (10.008218,20.019810) seconds
2026/03/15-14:13:46  ... thread 82: (596000,1527000) ops and (59506.7,76253.1) ops/second in (10.015671,20.025411) seconds
2026/03/15-14:13:46  ... thread 71: (649000,1255000) ops and (64849.6,62707.4) ops/second in (10.007769,20.013575) seconds
2026/03/15-14:13:46  ... thread 103: (962000,1784000) ops and (96119.1,89114.9) ops/second in (10.008419,20.019088) seconds
2026/03/15-14:13:46  ... thread 117: (660000,1285000) ops and (65924.4,64188.4) ops/second in (10.011463,20.019202) seconds
2026/03/15-14:13:46  ... thread 50: (660000,1279000) ops and (65921.8,63873.7) ops/second in (10.011860,20.023884) seconds
2026/03/15-14:13:46  ... thread 22: (644000,1252000) ops and (64328.2,62539.4) ops/second in (10.011167,20.019389) seconds
2026/03/15-14:13:46  ... thread 124: (661000,1292000) ops and (66061.6,64549.3) ops/second in (10.005817,20.015707) seconds
2026/03/15-14:13:46  ... thread 100: (664000,1296000) ops and (66312.6,64707.9) ops/second in (10.013185,20.028462) seconds
2026/03/15-14:13:46  ... thread 89: (823000,1764000) ops and (82221.7,88117.7) ops/second in (10.009517,20.018678) seconds
2026/03/15-14:13:46  ... thread 107: (649000,1267000) ops and (64805.5,63253.3) ops/second in (10.014588,20.030590) seconds
2026/03/15-14:13:46  ... thread 108: (775000,1387000) ops and (77467.4,69305.3) ops/second in (10.004208,20.012900) seconds
2026/03/15-14:13:46  ... thread 104: (651000,1273000) ops and (65058.8,63611.5) ops/second in (10.006330,20.012097) seconds
2026/03/15-14:13:46  ... thread 116: (963000,1906000) ops and (96290.2,95254.5) ops/second in (10.001016,20.009557) seconds
2026/03/15-14:13:46  ... thread 84: (645000,1272000) ops and (64410.4,63509.7) ops/second in (10.013910,20.028449) seconds
2026/03/15-14:13:46  ... thread 98: (649000,1290000) ops and (64807.5,64415.3) ops/second in (10.014270,20.026312) seconds
2026/03/15-14:13:46  ... thread 110: (647000,1273000) ops and (64653.4,63590.0) ops/second in (10.007215,20.018869) seconds
2026/03/15-14:13:46  ... thread 109: (663000,1294000) ops and (66202.0,64643.0) ops/second in (10.014809,20.017633) seconds
2026/03/15-14:13:46  ... thread 120: (646000,1512000) ops and (64578.0,75562.8) ops/second in (10.003405,20.009845) seconds
2026/03/15-14:13:46  ... thread 105: (648000,1281000) ops and (64744.9,64003.4) ops/second in (10.008504,20.014568) seconds
2026/03/15-14:13:46  ... thread 102: (963000,1910000) ops and (96278.4,95451.6) ops/second in (10.002242,20.010151) seconds
2026/03/15-14:13:46  ... thread 106: (650000,1275000) ops and (64939.8,63711.6) ops/second in (10.009263,20.012056) seconds
2026/03/15-14:13:46  ... thread 0: (658000,1315000) ops and (65791.7,65713.1) ops/second in (10.001256,20.011220) seconds

** Compaction Stats [default] **
Level    Files   Size     Score Read(GB)  Rn(GB) Rnp1(GB) Write(GB) WPreComp(GB) Wnew(GB) Moved(GB) W-Amp Rd(MB/s) Wr(MB/s) Comp(sec) CompMergeCPU(sec) Comp(cnt) Avg(sec) KeyIn KeyDrop Rblob(GB) Wblob(GB)
-------------------------------------------------------------------------------------------------------------------------------------------------------------------------------------------------------------
  L7     81/0     10.10 GB   0.0      0.0     0.0      0.0       0.0       0.0      0.0       0.0   0.0      0.0      0.0      0.00              0.00         0    0.000       0      0       0.0       0.0
 Sum     81/0     10.10 GB   0.0      0.0     0.0      0.0       0.0       0.0      0.0       0.0   0.0      0.0      0.0      0.00              0.00         0    0.000       0      0       0.0       0.0
 Int      0/0      0.00 KB   0.0      0.0     0.0      0.0       0.0       0.0      0.0       0.0   0.0      0.0      0.0      0.00              0.00         0    0.000       0      0       0.0       0.0

** Compaction Stats [default] **
Priority    Files   Size     Score Read(GB)  Rn(GB) Rnp1(GB) Write(GB) WPreComp(GB) Wnew(GB) Moved(GB) W-Amp Rd(MB/s) Wr(MB/s) Comp(sec) CompMergeCPU(sec) Comp(cnt) Avg(sec) KeyIn KeyDrop Rblob(GB) Wblob(GB)
----------------------------------------------------------------------------------------------------------------------------------------------------------------------------------------------------------------

Blob file count: 0, total size: 0.0 GB, garbage size: 0.0 GB, space amp: 0.0

Uptime(secs): 20.2 total, 20.1 interval
Flush(GB): cumulative 0.000, interval 0.000
AddFile(GB): cumulative 0.000, interval 0.000
AddFile(Total Files): cumulative 0, interval 0
AddFile(L0 Files): cumulative 0, interval 0
AddFile(Keys): cumulative 0, interval 0
Cumulative compaction: 0.00 GB write, 0.00 MB/s write, 0.00 GB read, 0.00 MB/s read, 0.0 seconds
Interval compaction: 0.00 GB write, 0.00 MB/s write, 0.00 GB read, 0.00 MB/s read, 0.0 seconds
Estimated pending compaction bytes: 0
Write Stall (count): cf-l0-file-count-limit-delays-with-ongoing-compaction: 0, cf-l0-file-count-limit-stops-with-ongoing-compaction: 0, l0-file-count-limit-delays: 0, l0-file-count-limit-stops: 0, memtable-limit-delays: 0, memtable-limit-stops: 0, pending-compaction-bytes-delays: 0, pending-compaction-bytes-stops: 0, total-delays: 0, total-stops: 0
Block cache LRUCache@0x55c67107d780#1185831 capacity: 29.80 GB seed: 1773580406 usage: 0.09 KB table_size: 1024 occupancy: 1 collections: 1 last_copies: 0 last_secs: 9.2e-05 secs_since: 20
Block cache entry stats(count,size,portion): Misc(1,0.00 KB,0%)

** File Read Latency Histogram By Level [default] **

** DB Stats **
Uptime(secs): 20.2 total, 10.0 interval
Cumulative writes: 0 writes, 0 keys, 0 commit groups, 0.0 writes per commit group, ingest: 0.00 GB, 0.00 MB/s
Cumulative WAL: 0 writes, 0 syncs, 0.00 writes per sync, written: 0.00 GB, 0.00 MB/s
Cumulative stall: 00:00:0.000 H:M:S, 0.0 percent
Interval writes: 0 writes, 0 keys, 0 commit groups, 0.0 writes per commit group, ingest: 0.00 MB, 0.00 MB/s
Interval WAL: 0 writes, 0 syncs, 0.00 writes per sync, written: 0.00 GB, 0.00 MB/s
Interval stall: 00:00:0.000 H:M:S, 0.0 percent
Write Stall (count): write-buffer-manager-limit-stops: 0
num-running-compactions: 0
num-running-flushes: 0

2026/03/15-14:13:46  ... thread 19: (977000,1922000) ops and (97662.5,96063.2) ops/second in (10.003839,20.007665) seconds
2026/03/15-14:13:46  ... thread 56: (961000,1930000) ops and (96038.1,96449.2) ops/second in (10.006450,20.010540) seconds
2026/03/15-14:13:46  ... thread 48: (961000,1534000) ops and (96033.9,76655.2) ops/second in (10.006883,20.011685) seconds
2026/03/15-14:13:46  ... thread 53: (796000,1419000) ops and (79588.8,70904.3) ops/second in (10.001406,20.012902) seconds
2026/03/15-14:13:46  ... thread 55: (646000,1262000) ops and (64574.9,63051.5) ops/second in (10.003888,20.015400) seconds
2026/03/15-14:13:46  ... thread 57: (648000,1264000) ops and (64715.7,63145.0) ops/second in (10.013033,20.017428) seconds
2026/03/15-14:13:46  ... thread 77: (649000,1278000) ops and (64811.2,63842.1) ops/second in (10.013706,20.018131) seconds
2026/03/15-14:13:46  ... thread 44: (649000,1352000) ops and (64841.2,67531.9) ops/second in (10.009070,20.020162) seconds
2026/03/15-14:13:46  ... thread 97: (638000,1191000) ops and (63697.1,59463.4) ops/second in (10.016160,20.029118) seconds
2026/03/15-14:13:56  ... thread 4: (675000,1940000) ops and (67496.7,64657.7) ops/second in (10.000490,30.004147) seconds
2026/03/15-14:13:56  ... thread 42: (972000,2880000) ops and (97160.5,95978.6) ops/second in (10.004064,30.006686) seconds
2026/03/15-14:13:56  ... thread 7: (942000,2780000) ops and (94182.7,92631.9) ops/second in (10.001833,30.011252) seconds
2026/03/15-14:13:56  ... thread 127: (972000,2861000) ops and (97171.2,95342.5) ops/second in (10.002963,30.007602) seconds
2026/03/15-14:13:56  ... thread 11: (633000,1808000) ops and (63240.1,60243.0) ops/second in (10.009475,30.011762) seconds
2026/03/15-14:13:56  ... thread 27: (978000,2801000) ops and (97713.2,93329.7) ops/second in (10.008885,30.011895) seconds
2026/03/15-14:13:56  ... thread 29: (690000,1996000) ops and (68976.6,66514.4) ops/second in (10.003389,30.008547) seconds
2026/03/15-14:13:56  ... thread 3: (596000,1720000) ops and (59573.2,57306.7) ops/second in (10.004500,30.013942) seconds
2026/03/15-14:13:56  ... thread 5: (963000,2738000) ops and (96277.6,91217.3) ops/second in (10.002330,30.016245) seconds
2026/03/15-14:13:56  ... thread 12: (655000,1928000) ops and (65425.0,64231.1) ops/second in (10.011467,30.016596) seconds
2026/03/15-14:13:56  ... thread 25: (657000,1892000) ops and (65699.1,63032.0) ops/second in (10.000142,30.016487) seconds
2026/03/15-14:13:56  ... thread 122: (678000,2050000) ops and (67742.6,68305.0) ops/second in (10.008479,30.012443) seconds
2026/03/15-14:13:56  ... thread 86: (620000,1875000) ops and (61924.3,62469.2) ops/second in (10.012219,30.014774) seconds
2026/03/15-14:13:56  ... thread 65: (676000,1941000) ops and (67590.9,64664.4) ops/second in (10.001351,30.016518) seconds
2026/03/15-14:13:56  ... thread 112: (859000,2151000) ops and (85864.1,71666.0) ops/second in (10.004182,30.014245) seconds
2026/03/15-14:13:56  ... thread 62: (681000,1959000) ops and (68083.6,65267.8) ops/second in (10.002412,30.014817) seconds
2026/03/15-14:13:56  ... thread 26: (794000,2696000) ops and (79331.6,89806.8) ops/second in (10.008628,30.020006) seconds
2026/03/15-14:13:56  ... thread 17: (646000,1856000) ops and (64585.7,61824.3) ops/second in (10.002209,30.020551) seconds
2026/03/15-14:13:56  ... thread 75: (679000,1941000) ops and (67862.0,64663.8) ops/second in (10.005596,30.016794) seconds
2026/03/15-14:13:56  ... thread 21: (655000,1892000) ops and (65437.4,63022.1) ops/second in (10.009571,30.021215) seconds
2026/03/15-14:13:56  ... thread 58: (982000,2884000) ops and (98165.1,96095.0) ops/second in (10.003554,30.011964) seconds
2026/03/15-14:13:56  ... thread 20: (667000,1913000) ops and (66670.5,63720.9) ops/second in (10.004427,30.021567) seconds
2026/03/15-14:13:56  ... thread 18: (654000,1869000) ops and (65368.3,62255.6) ops/second in (10.004845,30.021388) seconds
2026/03/15-14:13:56  ... thread 37: (601000,1842000) ops and (60099.5,61363.3) ops/second in (10.000090,30.017919) seconds
2026/03/15-14:13:56  ... thread 46: (679000,2099000) ops and (67844.5,69925.2) ops/second in (10.008184,30.017811) seconds
2026/03/15-14:13:56  ... thread 23: (938000,2770000) ops and (93741.6,92264.6) ops/second in (10.006232,30.022361) seconds
2026/03/15-14:13:56  ... thread 9: (676000,1938000) ops and (67517.8,64562.6) ops/second in (10.012175,30.017365) seconds
2026/03/15-14:13:56  ... thread 68: (978000,2876000) ops and (97714.5,95800.1) ops/second in (10.008745,30.020840) seconds
2026/03/15-14:13:56  ... thread 32: (976000,2549000) ops and (97536.3,84914.3) ops/second in (10.006536,30.018498) seconds
2026/03/15-14:13:56  ... thread 36: (977000,2785000) ops and (97651.0,92773.8) ops/second in (10.005014,30.019246) seconds
2026/03/15-14:13:56  ... thread 92: (688000,1973000) ops and (68778.3,65724.6) ops/second in (10.003157,30.019213) seconds
2026/03/15-14:13:56  ... thread 101: (692000,2090000) ops and (69148.9,69620.0) ops/second in (10.007385,30.020108) seconds
2026/03/15-14:13:56  ... thread 30: (687000,1973000) ops and (68658.7,65720.9) ops/second in (10.006014,30.020887) seconds
2026/03/15-14:13:56  ... thread 74: (675000,2462000) ops and (67428.1,82008.6) ops/second in (10.010656,30.021246) seconds
2026/03/15-14:13:56  ... thread 99: (692000,2000000) ops and (69198.4,66615.1) ops/second in (10.000234,30.023209) seconds
2026/03/15-14:13:56  ... thread 113: (977000,2749000) ops and (97647.5,91604.1) ops/second in (10.005375,30.009589) seconds
2026/03/15-14:13:56  ... thread 88: (673000,1941000) ops and (67262.0,64678.8) ops/second in (10.005653,30.009813) seconds
2026/03/15-14:13:56  ... thread 24: (656000,1887000) ops and (65520.6,62843.0) ops/second in (10.012113,30.027209) seconds
2026/03/15-14:13:56  ... thread 15: (690000,1977000) ops and (68950.6,65847.9) ops/second in (10.007167,30.023753) seconds
2026/03/15-14:13:56  ... thread 69: (973000,2774000) ops and (97248.5,92422.3) ops/second in (10.005300,30.014397) seconds
2026/03/15-14:13:56  ... thread 14: (673000,1940000) ops and (67265.3,64606.8) ops/second in (10.005165,30.027790) seconds
2026/03/15-14:13:56  ... thread 39: (678000,1939000) ops and (67724.1,64581.2) ops/second in (10.011210,30.024209) seconds
2026/03/15-14:13:56  ... thread 78: (972000,2741000) ops and (97177.6,91319.5) ops/second in (10.002308,30.015497) seconds
2026/03/15-14:13:56  ... thread 2: (688000,1986000) ops and (68766.2,66144.9) ops/second in (10.004916,30.025005) seconds
2026/03/15-14:13:56  ... thread 16: (678000,1919000) ops and (67779.2,63924.6) ops/second in (10.003065,30.019719) seconds
2026/03/15-14:13:56  ... thread 51: (845000,2251000) ops and (84441.8,74983.8) ops/second in (10.006891,30.019820) seconds
2026/03/15-14:13:56  ... thread 45: (690000,1986000) ops and (68932.7,66144.1) ops/second in (10.009768,30.025373) seconds
2026/03/15-14:13:56  ... thread 118: (971000,2866000) ops and (97059.6,95507.7) ops/second in (10.004159,30.008050) seconds
2026/03/15-14:13:56  ... thread 66: (678000,1956000) ops and (67795.3,65156.4) ops/second in (10.000687,30.020077) seconds
2026/03/15-14:13:56  ... thread 76: (977000,2865000) ops and (97646.8,95447.9) ops/second in (10.005451,30.016361) seconds
2026/03/15-14:13:56  ... thread 10: (677000,1949000) ops and (67628.0,64911.1) ops/second in (10.010641,30.025694) seconds
2026/03/15-14:13:56  ... thread 34: (600000,1745000) ops and (59959.5,58114.7) ops/second in (10.006748,30.026801) seconds
2026/03/15-14:13:56  ... thread 73: (647000,1817000) ops and (64679.1,60523.5) ops/second in (10.003229,30.021398) seconds
2026/03/15-14:13:56  ... thread 81: (679000,1962000) ops and (67814.4,65361.4) ops/second in (10.012622,30.017733) seconds
2026/03/15-14:13:56  ... thread 31: (977000,2868000) ops and (97627.9,95513.3) ops/second in (10.007389,30.027236) seconds
2026/03/15-14:13:56  ... thread 1: (687000,1982000) ops and (68602.0,65999.0) ops/second in (10.014283,30.030766) seconds
2026/03/15-14:13:56  ... thread 59: (676000,2289000) ops and (67556.9,76243.5) ops/second in (10.006378,30.022214) seconds
2026/03/15-14:13:56  ... thread 13: (678000,1950000) ops and (67720.3,64940.2) ops/second in (10.011766,30.027613) seconds
2026/03/15-14:13:56  ... thread 64: (689000,1979000) ops and (68844.8,65917.6) ops/second in (10.008015,30.022315) seconds
2026/03/15-14:13:56  ... thread 38: (678000,1950000) ops and (67752.5,64939.6) ops/second in (10.007013,30.027881) seconds
2026/03/15-14:13:56  ... thread 93: (677000,2372000) ops and (67680.2,79017.9) ops/second in (10.002929,30.018520) seconds
2026/03/15-14:13:56  ... thread 79: (808000,2707000) ops and (80765.6,90177.5) ops/second in (10.004263,30.018580) seconds
2026/03/15-14:13:56  ... thread 72: (679000,1941000) ops and (67867.5,64668.0) ops/second in (10.004785,30.014866) seconds
2026/03/15-14:13:56  ... thread 8: (681000,1961000) ops and (68022.9,65295.7) ops/second in (10.011328,30.032604) seconds
2026/03/15-14:13:56  ... thread 6: (672000,2033000) ops and (67134.2,67705.2) ops/second in (10.009804,30.027238) seconds
2026/03/15-14:13:56  ... thread 47: (691000,1982000) ops and (69058.3,66014.7) ops/second in (10.006035,30.023637) seconds
2026/03/15-14:13:56  ... thread 33: (687000,2142000) ops and (68699.9,71362.5) ops/second in (10.000012,30.015780) seconds
2026/03/15-14:13:56  ... thread 60: (672000,1924000) ops and (67194.5,64089.2) ops/second in (10.000821,30.020677) seconds
2026/03/15-14:13:56  ... thread 43: (691000,1881000) ops and (69021.8,62648.4) ops/second in (10.011337,30.024699) seconds
2026/03/15-14:13:56  ... thread 40: (675000,1935000) ops and (67424.3,64435.1) ops/second in (10.011225,30.030232) seconds
2026/03/15-14:13:56  ... thread 95: (680000,1945000) ops and (67917.6,64804.5) ops/second in (10.012138,30.013355) seconds
2026/03/15-14:13:56  ... thread 90: (677000,1942000) ops and (67644.7,64694.8) ops/second in (10.008168,30.017864) seconds
2026/03/15-14:13:56  ... thread 41: (671000,2013000) ops and (67079.5,67049.9) ops/second in (10.003063,30.022432) seconds
2026/03/15-14:13:56  ... thread 54: (679000,1972000) ops and (67841.5,65666.7) ops/second in (10.008630,30.030432) seconds
2026/03/15-14:13:56  ... thread 70: (692000,2075000) ops and (69117.9,69114.2) ops/second in (10.011873,30.022772) seconds
2026/03/15-14:13:56  ... thread 87: (971000,2868000) ops and (97080.9,95537.9) ops/second in (10.001972,30.019489) seconds
2026/03/15-14:13:56  ... thread 52: (690000,1981000) ops and (68935.9,65972.1) ops/second in (10.009305,30.027853) seconds
2026/03/15-14:13:56  ... thread 114: (677000,2250000) ops and (67660.7,74939.4) ops/second in (10.005810,30.024248) seconds
2026/03/15-14:13:56  ... thread 67: (976000,2340000) ops and (97526.5,77925.4) ops/second in (10.007541,30.028735) seconds
2026/03/15-14:13:56  ... thread 96: (680000,2103000) ops and (67918.5,70020.7) ops/second in (10.011993,30.033959) seconds
2026/03/15-14:13:56  ... thread 80: (691000,1986000) ops and (69001.7,66153.7) ops/second in (10.014242,30.021001) seconds
2026/03/15-14:13:56  ... thread 35: (677000,1937000) ops and (67631.6,64489.7) ops/second in (10.010112,30.035784) seconds
2026/03/15-14:13:56  ... thread 123: (973000,2789000) ops and (97233.0,92897.1) ops/second in (10.006892,30.022452) seconds
2026/03/15-14:13:56  ... thread 49: (670000,1921000) ops and (66926.1,63965.7) ops/second in (10.011044,30.031716) seconds
2026/03/15-14:13:56  ... thread 111: (674000,1956000) ops and (67315.0,65146.2) ops/second in (10.012624,30.024768) seconds
2026/03/15-14:13:56  ... thread 115: (972000,2854000) ops and (97106.8,95091.4) ops/second in (10.009601,30.013226) seconds
2026/03/15-14:13:56  ... thread 61: (674000,1934000) ops and (67371.3,64429.4) ops/second in (10.004258,30.017361) seconds
2026/03/15-14:13:56  ... thread 28: (673000,1936000) ops and (67219.1,64460.7) ops/second in (10.012032,30.033798) seconds
2026/03/15-14:13:56  ... thread 125: (974000,2375000) ops and (97368.8,79108.8) ops/second in (10.003209,30.021939) seconds
2026/03/15-14:13:56  ... thread 71: (678000,1933000) ops and (67784.9,64399.4) ops/second in (10.002229,30.015804) seconds
2026/03/15-14:13:56  ... thread 91: (690000,1989000) ops and (68917.7,66246.7) ops/second in (10.011936,30.024146) seconds
2026/03/15-14:13:56  ... thread 126: (677000,1943000) ops and (67646.3,64714.2) ops/second in (10.007939,30.024320) seconds
2026/03/15-14:13:56  ... thread 94: (673000,1940000) ops and (67247.0,64613.9) ops/second in (10.007887,30.024504) seconds
2026/03/15-14:13:56  ... thread 85: (679000,1965000) ops and (67834.5,65426.5) ops/second in (10.009651,30.033698) seconds
2026/03/15-14:13:56  ... thread 119: (692000,1988000) ops and (69141.5,66226.8) ops/second in (10.008466,30.018074) seconds
2026/03/15-14:13:56  ... thread 103: (978000,2762000) ops and (97760.1,91995.6) ops/second in (10.004086,30.023174) seconds
2026/03/15-14:13:56  ... thread 63: (677000,1925000) ops and (67601.8,64090.9) ops/second in (10.014523,30.035463) seconds
2026/03/15-14:13:56  ... thread 82: (616000,2143000) ops and (61560.6,71357.7) ops/second in (10.006393,30.031804) seconds
2026/03/15-14:13:56  ... thread 117: (760000,2045000) ops and (75959.2,68110.9) ops/second in (10.005371,30.024573) seconds
2026/03/15-14:13:56  ... thread 121: (677000,1933000) ops and (67638.9,64371.4) ops/second in (10.009031,30.028841) seconds
2026/03/15-14:13:56  ... thread 83: (682000,1943000) ops and (68110.9,64694.4) ops/second in (10.013086,30.033502) seconds
2026/03/15-14:13:56  ... thread 124: (702000,1994000) ops and (70180.0,66425.6) ops/second in (10.002843,30.018550) seconds
2026/03/15-14:13:56  ... thread 100: (690000,1986000) ops and (68951.2,66121.7) ops/second in (10.007084,30.035546) seconds
2026/03/15-14:13:56  ... thread 50: (689000,1968000) ops and (68815.2,65520.9) ops/second in (10.012319,30.036203) seconds
2026/03/15-14:13:56  ... thread 22: (679000,1931000) ops and (67821.9,64300.4) ops/second in (10.011521,30.030910) seconds
2026/03/15-14:13:56  ... thread 108: (976000,2363000) ops and (97572.2,78725.3) ops/second in (10.002851,30.015751) seconds
2026/03/15-14:13:56  ... thread 104: (680000,1953000) ops and (67995.4,65072.3) ops/second in (10.000681,30.012778) seconds
2026/03/15-14:13:56  ... thread 107: (678000,1945000) ops and (67743.9,64749.4) ops/second in (10.008282,30.038872) seconds
2026/03/15-14:13:56  ... thread 89: (670000,2434000) ops and (66911.1,81047.0) ops/second in (10.013279,30.031957) seconds
2026/03/15-14:13:56  ... thread 116: (964000,2870000) ops and (96361.7,95623.5) ops/second in (10.003972,30.013529) seconds
2026/03/15-14:13:56  ... thread 84: (679000,1951000) ops and (67808.0,64942.4) ops/second in (10.013572,30.042021) seconds
2026/03/15-14:13:56  ... thread 98: (678000,1968000) ops and (67720.2,65516.8) ops/second in (10.011791,30.038103) seconds
2026/03/15-14:13:56  ... thread 110: (676000,1949000) ops and (67573.4,64917.3) ops/second in (10.003935,30.022804) seconds
2026/03/15-14:13:56  ... thread 120: (676000,2188000) ops and (67575.3,72900.5) ops/second in (10.003661,30.013506) seconds
2026/03/15-14:13:56  ... thread 109: (690000,1984000) ops and (68945.9,66077.2) ops/second in (10.007853,30.025486) seconds
2026/03/15-14:13:56  ... thread 105: (678000,1959000) ops and (67736.0,65247.8) ops/second in (10.009455,30.024023) seconds
2026/03/15-14:13:56  ... thread 106: (854000,2129000) ops and (85382.2,70933.2) ops/second in (10.002090,30.014146) seconds
2026/03/15-14:13:56  ... thread 102: (977000,2887000) ops and (97621.4,96175.0) ops/second in (10.008047,30.018198) seconds
2026/03/15-14:13:56  ... thread 0: (685000,2000000) ops and (68478.8,66634.9) ops/second in (10.003090,30.014310) seconds

** Compaction Stats [default] **
Level    Files   Size     Score Read(GB)  Rn(GB) Rnp1(GB) Write(GB) WPreComp(GB) Wnew(GB) Moved(GB) W-Amp Rd(MB/s) Wr(MB/s) Comp(sec) CompMergeCPU(sec) Comp(cnt) Avg(sec) KeyIn KeyDrop Rblob(GB) Wblob(GB)
-------------------------------------------------------------------------------------------------------------------------------------------------------------------------------------------------------------
  L7     81/0     10.10 GB   0.0      0.0     0.0      0.0       0.0       0.0      0.0       0.0   0.0      0.0      0.0      0.00              0.00         0    0.000       0      0       0.0       0.0
 Sum     81/0     10.10 GB   0.0      0.0     0.0      0.0       0.0       0.0      0.0       0.0   0.0      0.0      0.0      0.00              0.00         0    0.000       0      0       0.0       0.0
 Int      0/0      0.00 KB   0.0      0.0     0.0      0.0       0.0       0.0      0.0       0.0   0.0      0.0      0.0      0.00              0.00         0    0.000       0      0       0.0       0.0

** Compaction Stats [default] **
Priority    Files   Size     Score Read(GB)  Rn(GB) Rnp1(GB) Write(GB) WPreComp(GB) Wnew(GB) Moved(GB) W-Amp Rd(MB/s) Wr(MB/s) Comp(sec) CompMergeCPU(sec) Comp(cnt) Avg(sec) KeyIn KeyDrop Rblob(GB) Wblob(GB)
----------------------------------------------------------------------------------------------------------------------------------------------------------------------------------------------------------------

Blob file count: 0, total size: 0.0 GB, garbage size: 0.0 GB, space amp: 0.0

Uptime(secs): 30.2 total, 30.1 interval
Flush(GB): cumulative 0.000, interval 0.000
AddFile(GB): cumulative 0.000, interval 0.000
AddFile(Total Files): cumulative 0, interval 0
AddFile(L0 Files): cumulative 0, interval 0
AddFile(Keys): cumulative 0, interval 0
Cumulative compaction: 0.00 GB write, 0.00 MB/s write, 0.00 GB read, 0.00 MB/s read, 0.0 seconds
Interval compaction: 0.00 GB write, 0.00 MB/s write, 0.00 GB read, 0.00 MB/s read, 0.0 seconds
Estimated pending compaction bytes: 0
Write Stall (count): cf-l0-file-count-limit-delays-with-ongoing-compaction: 0, cf-l0-file-count-limit-stops-with-ongoing-compaction: 0, l0-file-count-limit-delays: 0, l0-file-count-limit-stops: 0, memtable-limit-delays: 0, memtable-limit-stops: 0, pending-compaction-bytes-delays: 0, pending-compaction-bytes-stops: 0, total-delays: 0, total-stops: 0
Block cache LRUCache@0x55c67107d780#1185831 capacity: 29.80 GB seed: 1773580406 usage: 0.09 KB table_size: 1024 occupancy: 1 collections: 1 last_copies: 0 last_secs: 9.2e-05 secs_since: 30
Block cache entry stats(count,size,portion): Misc(1,0.00 KB,0%)

** File Read Latency Histogram By Level [default] **

** DB Stats **
Uptime(secs): 30.2 total, 10.0 interval
Cumulative writes: 0 writes, 0 keys, 0 commit groups, 0.0 writes per commit group, ingest: 0.00 GB, 0.00 MB/s
Cumulative WAL: 0 writes, 0 syncs, 0.00 writes per sync, written: 0.00 GB, 0.00 MB/s
Cumulative stall: 00:00:0.000 H:M:S, 0.0 percent
Interval writes: 0 writes, 0 keys, 0 commit groups, 0.0 writes per commit group, ingest: 0.00 MB, 0.00 MB/s
Interval WAL: 0 writes, 0 syncs, 0.00 writes per sync, written: 0.00 GB, 0.00 MB/s
Interval stall: 00:00:0.000 H:M:S, 0.0 percent
Write Stall (count): write-buffer-manager-limit-stops: 0
num-running-compactions: 0
num-running-flushes: 0

2026/03/15-14:13:56  ... thread 56: (975000,2905000) ops and (97498.5,96798.8) ops/second in (10.000151,30.010691) seconds
2026/03/15-14:13:56  ... thread 48: (979000,2513000) ops and (97875.8,83727.2) ops/second in (10.002474,30.014159) seconds
2026/03/15-14:13:56  ... thread 19: (973000,2895000) ops and (97227.1,96451.3) ops/second in (10.007496,30.015161) seconds
2026/03/15-14:13:56  ... thread 55: (673000,1935000) ops and (67269.7,64457.2) ops/second in (10.004505,30.019905) seconds
2026/03/15-14:13:56  ... thread 53: (972000,2391000) ops and (97111.0,79641.4) ops/second in (10.009169,30.022071) seconds
2026/03/15-14:13:56  ... thread 44: (677000,2029000) ops and (67657.4,67573.7) ops/second in (10.006295,30.026457) seconds
2026/03/15-14:13:56  ... thread 77: (677000,1955000) ops and (67619.4,65101.5) ops/second in (10.011917,30.030048) seconds
2026/03/15-14:13:56  ... thread 57: (674000,1938000) ops and (67311.8,64534.3) ops/second in (10.013103,30.030531) seconds
2026/03/15-14:13:56  ... thread 97: (601000,1792000) ops and (60068.0,59664.8) ops/second in (10.005324,30.034442) seconds
2026/03/15-14:14:06  ... thread 29: (710000,2706000) ops and (70997.6,67635.0) ops/second in (10.000339,40.008886) seconds
2026/03/15-14:14:06  ... thread 127: (984000,3845000) ops and (98377.6,96101.3) ops/second in (10.002275,40.009877) seconds
2026/03/15-14:14:06  ... thread 7: (953000,3733000) ops and (95271.1,93291.7) ops/second in (10.003031,40.014283) seconds
2026/03/15-14:14:06  ... thread 4: (699000,2639000) ops and (69842.8,65954.7) ops/second in (10.008190,40.012337) seconds
2026/03/15-14:14:06  ... thread 11: (660000,2468000) ops and (65956.9,61671.8) ops/second in (10.006539,40.018301) seconds
2026/03/15-14:14:06  ... thread 42: (984000,3864000) ops and (98322.8,96564.9) ops/second in (10.007848,40.014534) seconds
2026/03/15-14:14:06  ... thread 27: (992000,3793000) ops and (99135.8,94781.5) ops/second in (10.006476,40.018371) seconds
2026/03/15-14:14:06  ... thread 86: (617000,2492000) ops and (61675.2,62270.7) ops/second in (10.004020,40.018794) seconds
2026/03/15-14:14:06  ... thread 65: (699000,2640000) ops and (69878.1,65967.6) ops/second in (10.003139,40.019657) seconds
2026/03/15-14:14:06  ... thread 25: (674000,2566000) ops and (67360.3,64114.1) ops/second in (10.005887,40.022374) seconds
2026/03/15-14:14:06  ... thread 5: (951000,3689000) ops and (95039.0,92172.8) ops/second in (10.006421,40.022666) seconds
2026/03/15-14:14:06  ... thread 3: (680000,2400000) ops and (67940.0,59965.9) ops/second in (10.008837,40.022779) seconds
2026/03/15-14:14:06  ... thread 112: (985000,3136000) ops and (98450.9,78362.3) ops/second in (10.004987,40.019232) seconds
2026/03/15-14:14:06  ... thread 62: (706000,2665000) ops and (70561.4,66591.2) ops/second in (10.005477,40.020294) seconds
2026/03/15-14:14:06  ... thread 36: (992000,3777000) ops and (99186.4,94376.3) ops/second in (10.001375,40.020621) seconds
2026/03/15-14:14:06  ... thread 18: (678000,2547000) ops and (67776.9,63635.6) ops/second in (10.003404,40.024792) seconds
2026/03/15-14:14:06  ... thread 58: (996000,3880000) ops and (99544.6,96957.5) ops/second in (10.005568,40.017532) seconds
2026/03/15-14:14:06  ... thread 26: (704000,3400000) ops and (70348.1,84941.8) ops/second in (10.007378,40.027384) seconds
2026/03/15-14:14:06  ... thread 32: (989000,3538000) ops and (98850.2,88398.0) ops/second in (10.005034,40.023532) seconds
2026/03/15-14:14:06  ... thread 88: (696000,2637000) ops and (69592.6,65907.1) ops/second in (10.001061,40.010874) seconds
2026/03/15-14:14:06  ... thread 122: (703000,2753000) ops and (70220.5,68784.1) ops/second in (10.011325,40.023768) seconds
2026/03/15-14:14:06  ... thread 46: (693000,2792000) ops and (69252.9,69757.1) ops/second in (10.006800,40.024611) seconds
2026/03/15-14:14:06  ... thread 101: (712000,2802000) ops and (71167.7,70006.9) ops/second in (10.004532,40.024640) seconds
2026/03/15-14:14:06  ... thread 16: (701000,2620000) ops and (70099.0,65467.5) ops/second in (10.000136,40.019855) seconds
2026/03/15-14:14:06  ... thread 12: (672000,2600000) ops and (67107.4,64950.7) ops/second in (10.013792,40.030388) seconds
2026/03/15-14:14:06  ... thread 37: (619000,2461000) ops and (61846.6,61484.2) ops/second in (10.008630,40.026549) seconds
2026/03/15-14:14:06  ... thread 23: (949000,3719000) ops and (94823.3,92904.3) ops/second in (10.008086,40.030447) seconds
2026/03/15-14:14:06  ... thread 92: (709000,2682000) ops and (70846.9,67005.3) ops/second in (10.007497,40.026710) seconds
2026/03/15-14:14:06  ... thread 20: (691000,2604000) ops and (69034.4,65049.5) ops/second in (10.009503,40.031070) seconds
2026/03/15-14:14:06  ... thread 74: (702000,3164000) ops and (70160.8,79047.0) ops/second in (10.005588,40.026834) seconds
2026/03/15-14:14:06  ... thread 21: (676000,2568000) ops and (67531.4,64149.7) ops/second in (10.010159,40.031374) seconds
2026/03/15-14:14:06  ... thread 75: (701000,2642000) ops and (70026.8,66005.0) ops/second in (10.010458,40.027252) seconds
2026/03/15-14:14:06  ... thread 76: (991000,3856000) ops and (99075.6,96354.7) ops/second in (10.002465,40.018826) seconds
2026/03/15-14:14:06  ... thread 68: (986000,3862000) ops and (98507.1,96477.0) ops/second in (10.009427,40.030267) seconds
2026/03/15-14:14:06  ... thread 24: (666000,2553000) ops and (66566.1,63773.5) ops/second in (10.005094,40.032303) seconds
2026/03/15-14:14:06  ... thread 39: (703000,2642000) ops and (70269.5,66002.9) ops/second in (10.004338,40.028547) seconds
2026/03/15-14:14:06  ... thread 31: (991000,3859000) ops and (99081.2,96404.8) ops/second in (10.001901,40.029137) seconds
2026/03/15-14:14:06  ... thread 9: (698000,2636000) ops and (69727.8,65854.4) ops/second in (10.010354,40.027719) seconds
2026/03/15-14:14:06  ... thread 34: (620000,2365000) ops and (61983.2,59081.4) ops/second in (10.002705,40.029506) seconds
2026/03/15-14:14:06  ... thread 2: (706000,2692000) ops and (70563.3,67249.2) ops/second in (10.005202,40.030207) seconds
2026/03/15-14:14:06  ... thread 15: (711000,2688000) ops and (71051.1,67148.6) ops/second in (10.006884,40.030637) seconds
2026/03/15-14:14:06  ... thread 17: (662000,2518000) ops and (66106.6,62895.5) ops/second in (10.014128,40.034679) seconds
2026/03/15-14:14:06  ... thread 69: (985000,3759000) ops and (98432.3,93925.1) ops/second in (10.006874,40.021271) seconds
2026/03/15-14:14:06  ... thread 113: (995000,3744000) ops and (99418.8,93558.5) ops/second in (10.008163,40.017752) seconds
2026/03/15-14:14:06  ... thread 78: (985000,3726000) ops and (98435.6,93098.7) ops/second in (10.006541,40.022038) seconds
2026/03/15-14:14:06  ... thread 14: (691000,2631000) ops and (69047.0,65716.7) ops/second in (10.007681,40.035471) seconds
2026/03/15-14:14:06  ... thread 79: (711000,3418000) ops and (71075.4,85402.9) ops/second in (10.003463,40.022043) seconds
2026/03/15-14:14:06  ... thread 30: (706000,2679000) ops and (70524.0,66922.0) ops/second in (10.010772,40.031659) seconds
2026/03/15-14:14:06  ... thread 10: (700000,2649000) ops and (69957.2,66172.4) ops/second in (10.006113,40.031807) seconds
2026/03/15-14:14:06  ... thread 6: (695000,2728000) ops and (69476.8,68147.9) ops/second in (10.003344,40.030582) seconds
2026/03/15-14:14:06  ... thread 81: (699000,2661000) ops and (69864.2,66487.0) ops/second in (10.005126,40.022859) seconds
2026/03/15-14:14:06  ... thread 99: (713000,2713000) ops and (71225.3,67767.9) ops/second in (10.010492,40.033701) seconds
2026/03/15-14:14:06  ... thread 54: (709000,2681000) ops and (70893.4,66972.5) ops/second in (10.000933,40.031365) seconds
2026/03/15-14:14:06  ... thread 118: (984000,3850000) ops and (98319.6,96211.0) ops/second in (10.008179,40.016229) seconds
2026/03/15-14:14:06  ... thread 90: (700000,2642000) ops and (69981.4,66016.1) ops/second in (10.002664,40.020528) seconds
2026/03/15-14:14:06  ... thread 64: (709000,2688000) ops and (70854.2,67151.7) ops/second in (10.006471,40.028786) seconds
2026/03/15-14:14:06  ... thread 51: (984000,3235000) ops and (98301.9,80814.8) ops/second in (10.009977,40.029797) seconds
2026/03/15-14:14:06  ... thread 43: (711000,2592000) ops and (71062.0,64751.4) ops/second in (10.005347,40.030046) seconds
2026/03/15-14:14:06  ... thread 45: (711000,2697000) ops and (71021.1,67363.6) ops/second in (10.011112,40.036485) seconds
2026/03/15-14:14:06  ... thread 93: (699000,3071000) ops and (69839.4,76722.8) ops/second in (10.008674,40.027194) seconds
2026/03/15-14:14:06  ... thread 13: (701000,2651000) ops and (70033.9,66213.7) ops/second in (10.009440,40.037053) seconds
2026/03/15-14:14:06  ... thread 38: (703000,2653000) ops and (70234.9,66263.5) ops/second in (10.009264,40.037145) seconds
2026/03/15-14:14:06  ... thread 73: (700000,2517000) ops and (69928.0,62875.2) ops/second in (10.010293,40.031691) seconds
2026/03/15-14:14:06  ... thread 87: (983000,3851000) ops and (98254.9,96217.1) ops/second in (10.004590,40.024079) seconds
2026/03/15-14:14:06  ... thread 47: (710000,2692000) ops and (70935.0,67244.9) ops/second in (10.009162,40.032799) seconds
2026/03/15-14:14:06  ... thread 60: (695000,2619000) ops and (69442.4,65427.6) ops/second in (10.008295,40.028972) seconds
2026/03/15-14:14:06  ... thread 66: (703000,2659000) ops and (70209.5,66420.2) ops/second in (10.012895,40.032972) seconds
2026/03/15-14:14:06  ... thread 72: (703000,2644000) ops and (70227.3,66058.4) ops/second in (10.010349,40.025215) seconds
2026/03/15-14:14:06  ... thread 41: (701000,2714000) ops and (70051.0,67800.1) ops/second in (10.007001,40.029433) seconds
2026/03/15-14:14:06  ... thread 1: (706000,2688000) ops and (70518.0,67128.9) ops/second in (10.011625,40.042391) seconds
2026/03/15-14:14:06  ... thread 80: (710000,2696000) ops and (70964.8,67356.3) ops/second in (10.004958,40.025959) seconds
2026/03/15-14:14:06  ... thread 67: (988000,3328000) ops and (98746.5,83129.0) ops/second in (10.005413,40.034148) seconds
2026/03/15-14:14:06  ... thread 35: (699000,2636000) ops and (69872.2,65834.6) ops/second in (10.003972,40.039756) seconds
2026/03/15-14:14:06  ... thread 40: (699000,2634000) ops and (69830.9,65784.0) ops/second in (10.009895,40.040127) seconds
2026/03/15-14:14:06  ... thread 59: (699000,2988000) ops and (69810.1,74634.5) ops/second in (10.012873,40.035087) seconds
2026/03/15-14:14:06  ... thread 28: (697000,2633000) ops and (69687.9,65766.6) ops/second in (10.001732,40.035530) seconds
2026/03/15-14:14:06  ... thread 70: (711000,2786000) ops and (71033.7,69594.1) ops/second in (10.009330,40.032102) seconds
2026/03/15-14:14:06  ... thread 123: (985000,3774000) ops and (98442.9,94283.4) ops/second in (10.005799,40.028251) seconds
2026/03/15-14:14:06  ... thread 33: (708000,2850000) ops and (70709.8,71199.2) ops/second in (10.012757,40.028537) seconds
2026/03/15-14:14:06  ... thread 95: (704000,2649000) ops and (70319.2,66183.9) ops/second in (10.011487,40.024842) seconds
2026/03/15-14:14:06  ... thread 8: (698000,2659000) ops and (69704.6,66398.2) ops/second in (10.013691,40.046295) seconds
2026/03/15-14:14:06  ... thread 114: (699000,2949000) ops and (69836.6,73663.6) ops/second in (10.009085,40.033333) seconds
2026/03/15-14:14:06  ... thread 71: (701000,2634000) ops and (70087.9,65821.2) ops/second in (10.001725,40.017529) seconds
2026/03/15-14:14:06  ... thread 115: (984000,3838000) ops and (98353.6,95907.0) ops/second in (10.004715,40.017941) seconds
2026/03/15-14:14:06  ... thread 52: (709000,2690000) ops and (70822.8,67184.9) ops/second in (10.010902,40.038755) seconds
2026/03/15-14:14:06  ... thread 85: (702000,2667000) ops and (70179.6,66614.0) ops/second in (10.002913,40.036611) seconds
2026/03/15-14:14:06  ... thread 94: (701000,2641000) ops and (70060.9,65975.4) ops/second in (10.005576,40.030080) seconds
2026/03/15-14:14:06  ... thread 96: (703000,2806000) ops and (70207.4,70067.4) ops/second in (10.013190,40.047149) seconds
2026/03/15-14:14:06  ... thread 111: (697000,2653000) ops and (69633.5,66268.2) ops/second in (10.009546,40.034314) seconds
2026/03/15-14:14:06  ... thread 125: (991000,3366000) ops and (99016.3,84086.1) ops/second in (10.008453,40.030392) seconds
2026/03/15-14:14:06  ... thread 61: (698000,2632000) ops and (69731.6,65755.3) ops/second in (10.009802,40.027163) seconds
2026/03/15-14:14:06  ... thread 49: (696000,2617000) ops and (69516.5,65353.6) ops/second in (10.012012,40.043728) seconds
2026/03/15-14:14:06  ... thread 103: (995000,3757000) ops and (99447.6,93858.3) ops/second in (10.005272,40.028446) seconds
2026/03/15-14:14:06  ... thread 121: (699000,2632000) ops and (69874.0,65746.5) ops/second in (10.003716,40.032557) seconds
2026/03/15-14:14:06  ... thread 91: (708000,2697000) ops and (70723.1,67366.0) ops/second in (10.010872,40.035018) seconds
2026/03/15-14:14:06  ... thread 82: (630000,2773000) ops and (62942.2,69254.0) ops/second in (10.009187,40.040991) seconds
2026/03/15-14:14:06  ... thread 117: (695000,2740000) ops and (69431.5,68441.1) ops/second in (10.009859,40.034432) seconds
2026/03/15-14:14:06  ... thread 83: (705000,2648000) ops and (70436.5,66129.7) ops/second in (10.009022,40.042524) seconds
2026/03/15-14:14:06  ... thread 119: (713000,2701000) ops and (71206.4,67472.3) ops/second in (10.013143,40.031217) seconds
2026/03/15-14:14:06  ... thread 126: (700000,2643000) ops and (69893.3,66009.7) ops/second in (10.015268,40.039588) seconds
2026/03/15-14:14:06  ... thread 63: (700000,2625000) ops and (69913.7,65546.7) ops/second in (10.012339,40.047802) seconds
2026/03/15-14:14:06  ... thread 124: (711000,2705000) ops and (71029.8,67577.0) ops/second in (10.009878,40.028428) seconds
2026/03/15-14:14:06  ... thread 107: (695000,2640000) ops and (69499.5,65935.8) ops/second in (10.000070,40.038942) seconds
2026/03/15-14:14:06  ... thread 108: (988000,3351000) ops and (98765.7,83734.8) ops/second in (10.003470,40.019221) seconds
2026/03/15-14:14:06  ... thread 22: (695000,2626000) ops and (69469.7,65592.2) ops/second in (10.004367,40.035277) seconds
2026/03/15-14:14:06  ... thread 100: (708000,2694000) ops and (70742.6,67276.6) ops/second in (10.008117,40.043663) seconds
2026/03/15-14:14:06  ... thread 116: (978000,3848000) ops and (97780.9,96162.8) ops/second in (10.001952,40.015481) seconds
2026/03/15-14:14:06  ... thread 50: (709000,2677000) ops and (70808.0,66842.8) ops/second in (10.012987,40.049190) seconds
2026/03/15-14:14:06  ... thread 104: (702000,2655000) ops and (70128.8,66337.0) ops/second in (10.010158,40.022936) seconds
2026/03/15-14:14:06  ... thread 89: (702000,3136000) ops and (70113.9,78313.4) ops/second in (10.012275,40.044232) seconds
2026/03/15-14:14:06  ... thread 84: (632000,2583000) ops and (63188.3,64504.2) ops/second in (10.001853,40.043874) seconds
2026/03/15-14:14:06  ... thread 98: (702000,2670000) ops and (70134.6,66670.9) ops/second in (10.009328,40.047431) seconds
2026/03/15-14:14:06  ... thread 120: (695000,2883000) ops and (69455.4,72039.1) ops/second in (10.006421,40.019927) seconds
2026/03/15-14:14:06  ... thread 110: (700000,2649000) ops and (69934.9,66171.9) ops/second in (10.009312,40.032116) seconds
2026/03/15-14:14:06  ... thread 106: (983000,3112000) ops and (98288.1,77770.1) ops/second in (10.001207,40.015353) seconds
2026/03/15-14:14:06  ... thread 102: (993000,3880000) ops and (99286.4,96952.6) ops/second in (10.001366,40.019564) seconds
2026/03/15-14:14:06  ... thread 109: (710000,2694000) ops and (70948.9,67295.0) ops/second in (10.007205,40.032691) seconds
2026/03/15-14:14:06  ... thread 0: (704000,2704000) ops and (70394.6,67574.5) ops/second in (10.000769,40.015079) seconds

** Compaction Stats [default] **
Level    Files   Size     Score Read(GB)  Rn(GB) Rnp1(GB) Write(GB) WPreComp(GB) Wnew(GB) Moved(GB) W-Amp Rd(MB/s) Wr(MB/s) Comp(sec) CompMergeCPU(sec) Comp(cnt) Avg(sec) KeyIn KeyDrop Rblob(GB) Wblob(GB)
-------------------------------------------------------------------------------------------------------------------------------------------------------------------------------------------------------------
  L7     81/0     10.10 GB   0.0      0.0     0.0      0.0       0.0       0.0      0.0       0.0   0.0      0.0      0.0      0.00              0.00         0    0.000       0      0       0.0       0.0
 Sum     81/0     10.10 GB   0.0      0.0     0.0      0.0       0.0       0.0      0.0       0.0   0.0      0.0      0.0      0.00              0.00         0    0.000       0      0       0.0       0.0
 Int      0/0      0.00 KB   0.0      0.0     0.0      0.0       0.0       0.0      0.0       0.0   0.0      0.0      0.0      0.00              0.00         0    0.000       0      0       0.0       0.0

** Compaction Stats [default] **
Priority    Files   Size     Score Read(GB)  Rn(GB) Rnp1(GB) Write(GB) WPreComp(GB) Wnew(GB) Moved(GB) W-Amp Rd(MB/s) Wr(MB/s) Comp(sec) CompMergeCPU(sec) Comp(cnt) Avg(sec) KeyIn KeyDrop Rblob(GB) Wblob(GB)
----------------------------------------------------------------------------------------------------------------------------------------------------------------------------------------------------------------

Blob file count: 0, total size: 0.0 GB, garbage size: 0.0 GB, space amp: 0.0

Uptime(secs): 40.2 total, 40.1 interval
Flush(GB): cumulative 0.000, interval 0.000
AddFile(GB): cumulative 0.000, interval 0.000
AddFile(Total Files): cumulative 0, interval 0
AddFile(L0 Files): cumulative 0, interval 0
AddFile(Keys): cumulative 0, interval 0
Cumulative compaction: 0.00 GB write, 0.00 MB/s write, 0.00 GB read, 0.00 MB/s read, 0.0 seconds
Interval compaction: 0.00 GB write, 0.00 MB/s write, 0.00 GB read, 0.00 MB/s read, 0.0 seconds
Estimated pending compaction bytes: 0
Write Stall (count): cf-l0-file-count-limit-delays-with-ongoing-compaction: 0, cf-l0-file-count-limit-stops-with-ongoing-compaction: 0, l0-file-count-limit-delays: 0, l0-file-count-limit-stops: 0, memtable-limit-delays: 0, memtable-limit-stops: 0, pending-compaction-bytes-delays: 0, pending-compaction-bytes-stops: 0, total-delays: 0, total-stops: 0
Block cache LRUCache@0x55c67107d780#1185831 capacity: 29.80 GB seed: 1773580406 usage: 0.09 KB table_size: 1024 occupancy: 1 collections: 1 last_copies: 0 last_secs: 9.2e-05 secs_since: 40
Block cache entry stats(count,size,portion): Misc(1,0.00 KB,0%)

** File Read Latency Histogram By Level [default] **

** DB Stats **
Uptime(secs): 40.2 total, 10.0 interval
Cumulative writes: 0 writes, 0 keys, 0 commit groups, 0.0 writes per commit group, ingest: 0.00 GB, 0.00 MB/s
Cumulative WAL: 0 writes, 0 syncs, 0.00 writes per sync, written: 0.00 GB, 0.00 MB/s
Cumulative stall: 00:00:0.000 H:M:S, 0.0 percent
Interval writes: 0 writes, 0 keys, 0 commit groups, 0.0 writes per commit group, ingest: 0.00 MB, 0.00 MB/s
Interval WAL: 0 writes, 0 syncs, 0.00 writes per sync, written: 0.00 GB, 0.00 MB/s
Interval stall: 00:00:0.000 H:M:S, 0.0 percent
Write Stall (count): write-buffer-manager-limit-stops: 0
num-running-compactions: 0
num-running-flushes: 0

2026/03/15-14:14:06  ... thread 105: (699000,2658000) ops and (69826.1,66392.6) ops/second in (10.010581,40.034604) seconds
2026/03/15-14:14:06  ... thread 48: (996000,3509000) ops and (99584.3,87690.5) ops/second in (10.001578,40.015737) seconds
2026/03/15-14:14:06  ... thread 56: (987000,3892000) ops and (98607.5,97251.2) ops/second in (10.009377,40.020068) seconds
2026/03/15-14:14:06  ... thread 19: (983000,3878000) ops and (98218.2,96893.1) ops/second in (10.008332,40.023493) seconds
2026/03/15-14:14:06  ... thread 55: (695000,2630000) ops and (69458.7,65707.5) ops/second in (10.005939,40.025844) seconds
2026/03/15-14:14:06  ... thread 53: (983000,3374000) ops and (98266.7,84296.3) ops/second in (10.003387,40.025458) seconds
2026/03/15-14:14:06  ... thread 44: (700000,2729000) ops and (69987.7,68176.9) ops/second in (10.001762,40.028219) seconds
2026/03/15-14:14:06  ... thread 77: (693000,2648000) ops and (69278.1,66145.1) ops/second in (10.003164,40.033212) seconds
2026/03/15-14:14:06  ... thread 97: (620000,2412000) ops and (61975.4,60242.1) ops/second in (10.003971,40.038413) seconds
2026/03/15-14:14:06  ... thread 57: (695000,2633000) ops and (69441.0,65760.8) ops/second in (10.008493,40.039024) seconds
2026/03/15-14:14:16  ... thread 29: (720000,3426000) ops and (71965.2,68501.2) ops/second in (10.004834,50.013720) seconds
2026/03/15-14:14:16  ... thread 42: (992000,4856000) ops and (99196.7,97091.1) ops/second in (10.000332,50.014866) seconds
2026/03/15-14:14:16  ... thread 7: (961000,4694000) ops and (96037.9,93841.1) ops/second in (10.006468,50.020751) seconds
2026/03/15-14:14:16  ... thread 127: (992000,4837000) ops and (99128.8,96707.0) ops/second in (10.007186,50.017063) seconds
2026/03/15-14:14:16  ... thread 11: (671000,3139000) ops and (67076.4,62752.6) ops/second in (10.003522,50.021823) seconds
2026/03/15-14:14:16  ... thread 3: (694000,3094000) ops and (69389.1,61849.9) ops/second in (10.001573,50.024352) seconds
2026/03/15-14:14:16  ... thread 62: (716000,3381000) ops and (71598.0,67592.2) ops/second in (10.000286,50.020580) seconds
2026/03/15-14:14:16  ... thread 27: (1007000,4800000) ops and (100635.6,95952.5) ops/second in (10.006396,50.024767) seconds
2026/03/15-14:14:16  ... thread 86: (626000,3118000) ops and (62576.8,62332.0) ops/second in (10.003705,50.022499) seconds
2026/03/15-14:14:16  ... thread 4: (711000,3350000) ops and (71028.3,66970.0) ops/second in (10.010090,50.022427) seconds
2026/03/15-14:14:16  ... thread 112: (1000000,4136000) ops and (99966.6,82682.7) ops/second in (10.003337,50.022569) seconds
2026/03/15-14:14:16  ... thread 65: (712000,3352000) ops and (71156.9,67005.5) ops/second in (10.006059,50.025716) seconds
2026/03/15-14:14:16  ... thread 5: (960000,4649000) ops and (95944.8,92927.2) ops/second in (10.005757,50.028423) seconds
2026/03/15-14:14:16  ... thread 36: (999000,4776000) ops and (99852.9,95471.6) ops/second in (10.004715,50.025336) seconds
2026/03/15-14:14:16  ... thread 58: (1009000,4889000) ops and (100871.3,97740.2) ops/second in (10.002845,50.020377) seconds
2026/03/15-14:14:16  ... thread 20: (699000,3303000) ops and (69895.0,66018.0) ops/second in (10.000722,50.031792) seconds
2026/03/15-14:14:16  ... thread 18: (689000,3236000) ops and (68846.0,64677.8) ops/second in (10.007838,50.032630) seconds
2026/03/15-14:14:16  ... thread 9: (711000,3347000) ops and (71098.7,66902.7) ops/second in (10.000177,50.027896) seconds
2026/03/15-14:14:16  ... thread 25: (685000,3251000) ops and (68424.7,64976.6) ops/second in (10.010998,50.033372) seconds
2026/03/15-14:14:16  ... thread 16: (712000,3332000) ops and (71166.4,66607.3) ops/second in (10.004724,50.024579) seconds
2026/03/15-14:14:16  ... thread 21: (688000,3256000) ops and (68777.4,65074.9) ops/second in (10.003290,50.034664) seconds
2026/03/15-14:14:16  ... thread 92: (717000,3399000) ops and (71673.2,67938.6) ops/second in (10.003740,50.030450) seconds
2026/03/15-14:14:16  ... thread 68: (1014000,4876000) ops and (101374.1,97456.0) ops/second in (10.002554,50.032821) seconds
2026/03/15-14:14:16  ... thread 32: (995000,4533000) ops and (99427.3,90604.1) ops/second in (10.007310,50.030842) seconds
2026/03/15-14:14:16  ... thread 37: (629000,3090000) ops and (62867.9,61760.9) ops/second in (10.005108,50.031657) seconds
2026/03/15-14:14:16  ... thread 30: (715000,3394000) ops and (71500.0,67837.0) ops/second in (10.000006,50.031665) seconds
2026/03/15-14:14:16  ... thread 88: (710000,3347000) ops and (70946.6,66915.4) ops/second in (10.007525,50.018399) seconds
2026/03/15-14:14:16  ... thread 12: (684000,3284000) ops and (68362.4,65632.9) ops/second in (10.005498,50.035886) seconds
2026/03/15-14:14:16  ... thread 122: (714000,3467000) ops and (71341.3,69295.7) ops/second in (10.008223,50.031991) seconds
2026/03/15-14:14:16  ... thread 17: (675000,3193000) ops and (67484.2,63812.8) ops/second in (10.002334,50.037013) seconds
2026/03/15-14:14:16  ... thread 23: (954000,4673000) ops and (95337.2,93390.8) ops/second in (10.006584,50.037031) seconds
2026/03/15-14:14:16  ... thread 76: (1003000,4859000) ops and (100247.3,97133.2) ops/second in (10.005257,50.024083) seconds
2026/03/15-14:14:16  ... thread 6: (707000,3435000) ops and (70679.1,68653.9) ops/second in (10.002957,50.033539) seconds
2026/03/15-14:14:16  ... thread 74: (713000,3877000) ops and (71244.0,77486.2) ops/second in (10.007865,50.034699) seconds
2026/03/15-14:14:16  ... thread 64: (720000,3408000) ops and (71992.8,68119.4) ops/second in (10.001002,50.029788) seconds
2026/03/15-14:14:16  ... thread 75: (713000,3355000) ops and (71244.9,67053.1) ops/second in (10.007735,50.034987) seconds
2026/03/15-14:14:16  ... thread 2: (717000,3409000) ops and (71663.2,68131.8) ops/second in (10.005130,50.035337) seconds
2026/03/15-14:14:16  ... thread 46: (712000,3504000) ops and (71116.5,70029.1) ops/second in (10.011748,50.036359) seconds
2026/03/15-14:14:16  ... thread 31: (991000,4850000) ops and (99026.7,96929.2) ops/second in (10.007397,50.036534) seconds
2026/03/15-14:14:16  ... thread 90: (714000,3356000) ops and (71380.7,67088.8) ops/second in (10.002700,50.023228) seconds
2026/03/15-14:14:16  ... thread 26: (715000,4115000) ops and (71406.9,82233.5) ops/second in (10.013032,50.040416) seconds
2026/03/15-14:14:16  ... thread 34: (628000,2993000) ops and (62751.3,59815.4) ops/second in (10.007759,50.037265) seconds
2026/03/15-14:14:16  ... thread 10: (713000,3362000) ops and (71262.0,67190.1) ops/second in (10.005332,50.037139) seconds
2026/03/15-14:14:16  ... thread 101: (711000,3513000) ops and (71012.7,70208.1) ops/second in (10.012293,50.036933) seconds
2026/03/15-14:14:16  ... thread 39: (713000,3355000) ops and (71236.1,67049.7) ops/second in (10.008971,50.037518) seconds
2026/03/15-14:14:16  ... thread 118: (990000,4840000) ops and (98953.4,96759.5) ops/second in (10.004708,50.020937) seconds
2026/03/15-14:14:16  ... thread 113: (1007000,4751000) ops and (100626.2,94972.4) ops/second in (10.007330,50.025082) seconds
2026/03/15-14:14:16  ... thread 99: (724000,3437000) ops and (72356.9,68685.5) ops/second in (10.005962,50.039663) seconds
2026/03/15-14:14:16  ... thread 51: (992000,4227000) ops and (99158.9,84482.7) ops/second in (10.004140,50.033937) seconds
2026/03/15-14:14:16  ... thread 69: (993000,4752000) ops and (99213.3,94983.0) ops/second in (10.008737,50.030008) seconds
2026/03/15-14:14:16  ... thread 79: (721000,4139000) ops and (72042.9,82730.4) ops/second in (10.007919,50.029962) seconds
2026/03/15-14:14:16  ... thread 81: (706000,3367000) ops and (70547.7,67299.3) ops/second in (10.007412,50.030271) seconds
2026/03/15-14:14:16  ... thread 47: (722000,3414000) ops and (72189.1,68233.2) ops/second in (10.001507,50.034306) seconds
2026/03/15-14:14:16  ... thread 41: (713000,3427000) ops and (71290.5,68497.9) ops/second in (10.001331,50.030764) seconds
2026/03/15-14:14:16  ... thread 45: (720000,3417000) ops and (71969.5,68284.4) ops/second in (10.004234,50.040719) seconds
2026/03/15-14:14:16  ... thread 78: (992000,4718000) ops and (99105.9,94300.5) ops/second in (10.009496,50.031534) seconds
2026/03/15-14:14:16  ... thread 43: (721000,3313000) ops and (72052.5,66211.5) ops/second in (10.006586,50.036632) seconds
2026/03/15-14:14:16  ... thread 24: (681000,3234000) ops and (68006.5,64620.5) ops/second in (10.013745,50.046048) seconds
2026/03/15-14:14:16  ... thread 93: (714000,3785000) ops and (71360.3,75650.4) ops/second in (10.005567,50.032761) seconds
2026/03/15-14:14:16  ... thread 28: (708000,3341000) ops and (70791.3,66770.9) ops/second in (10.001222,50.036752) seconds
2026/03/15-14:14:16  ... thread 15: (722000,3410000) ops and (72116.1,68142.4) ops/second in (10.011633,50.042270) seconds
2026/03/15-14:14:16  ... thread 72: (714000,3358000) ops and (71372.9,67121.1) ops/second in (10.003794,50.029009) seconds
2026/03/15-14:14:16  ... thread 14: (704000,3335000) ops and (70323.2,66638.2) ops/second in (10.010920,50.046391) seconds
2026/03/15-14:14:16  ... thread 35: (711000,3347000) ops and (71077.7,66882.6) ops/second in (10.003131,50.042887) seconds
2026/03/15-14:14:16  ... thread 73: (712000,3229000) ops and (71158.2,64531.5) ops/second in (10.005881,50.037572) seconds
2026/03/15-14:14:16  ... thread 60: (705000,3324000) ops and (70465.0,66434.9) ops/second in (10.004973,50.033945) seconds
2026/03/15-14:14:16  ... thread 13: (713000,3364000) ops and (71252.7,67221.3) ops/second in (10.006638,50.043691) seconds
2026/03/15-14:14:16  ... thread 115: (989000,4827000) ops and (98885.8,96502.6) ops/second in (10.001434,50.019375) seconds
2026/03/15-14:14:16  ... thread 33: (707000,3557000) ops and (70675.9,71094.6) ops/second in (10.003405,50.031942) seconds
2026/03/15-14:14:16  ... thread 54: (715000,3396000) ops and (71406.7,67859.7) ops/second in (10.013062,50.044427) seconds
2026/03/15-14:14:16  ... thread 67: (995000,4323000) ops and (99434.8,86389.7) ops/second in (10.006560,50.040708) seconds
2026/03/15-14:14:16  ... thread 85: (714000,3381000) ops and (71398.2,67570.2) ops/second in (10.000249,50.036860) seconds
2026/03/15-14:14:16  ... thread 70: (724000,3510000) ops and (72365.4,70148.3) ops/second in (10.004781,50.036883) seconds
2026/03/15-14:14:16  ... thread 87: (992000,4843000) ops and (99106.3,96795.1) ops/second in (10.009457,50.033536) seconds
2026/03/15-14:14:16  ... thread 114: (711000,3660000) ops and (71067.8,73144.6) ops/second in (10.004530,50.037863) seconds
2026/03/15-14:14:16  ... thread 80: (721000,3417000) ops and (72039.3,68293.0) ops/second in (10.008427,50.034386) seconds
2026/03/15-14:14:16  ... thread 95: (715000,3364000) ops and (71456.6,67238.4) ops/second in (10.006078,50.030920) seconds
2026/03/15-14:14:16  ... thread 1: (718000,3406000) ops and (71732.0,68049.4) ops/second in (10.009486,50.051877) seconds
2026/03/15-14:14:16  ... thread 96: (715000,3521000) ops and (71488.1,70351.3) ops/second in (10.001665,50.048814) seconds
2026/03/15-14:14:16  ... thread 123: (992000,4766000) ops and (99124.1,95251.6) ops/second in (10.007653,50.035904) seconds
2026/03/15-14:14:16  ... thread 8: (712000,3371000) ops and (71149.1,67348.0) ops/second in (10.007152,50.053447) seconds
2026/03/15-14:14:16  ... thread 38: (715000,3368000) ops and (71410.6,67293.2) ops/second in (10.012525,50.049670) seconds
2026/03/15-14:14:16  ... thread 66: (714000,3373000) ops and (71319.2,67400.3) ops/second in (10.011334,50.044306) seconds
2026/03/15-14:14:16  ... thread 125: (1005000,4371000) ops and (100459.0,87359.8) ops/second in (10.004079,50.034471) seconds
2026/03/15-14:14:16  ... thread 71: (714000,3348000) ops and (71335.4,66924.4) ops/second in (10.009061,50.026590) seconds
2026/03/15-14:14:16  ... thread 59: (712000,3700000) ops and (71117.4,73930.9) ops/second in (10.011619,50.046706) seconds
2026/03/15-14:14:16  ... thread 40: (710000,3344000) ops and (70913.2,66810.0) ops/second in (10.012246,50.052373) seconds
2026/03/15-14:14:16  ... thread 61: (712000,3344000) ops and (71172.8,66838.6) ops/second in (10.003827,50.030990) seconds
2026/03/15-14:14:16  ... thread 111: (709000,3362000) ops and (70865.0,67187.3) ops/second in (10.004940,50.039254) seconds
2026/03/15-14:14:16  ... thread 52: (720000,3410000) ops and (71937.4,68135.3) ops/second in (10.008697,50.047452) seconds
2026/03/15-14:14:16  ... thread 103: (1009000,4766000) ops and (100834.0,95253.3) ops/second in (10.006549,50.034995) seconds
2026/03/15-14:14:16  ... thread 121: (714000,3346000) ops and (71347.8,66866.7) ops/second in (10.007314,50.039871) seconds
2026/03/15-14:14:16  ... thread 63: (987000,3612000) ops and (98698.8,72170.8) ops/second in (10.000122,50.047924) seconds
2026/03/15-14:14:16  ... thread 91: (719000,3416000) ops and (71862.3,68265.0) ops/second in (10.005244,50.040262) seconds
2026/03/15-14:14:16  ... thread 126: (712000,3355000) ops and (71191.6,67045.3) ops/second in (10.001179,50.040767) seconds
2026/03/15-14:14:16  ... thread 82: (639000,3412000) ops and (63875.8,68178.9) ops/second in (10.003785,50.044776) seconds
2026/03/15-14:14:16  ... thread 94: (708000,3349000) ops and (70716.1,66923.8) ops/second in (10.011871,50.041951) seconds
2026/03/15-14:14:16  ... thread 49: (707000,3324000) ops and (70622.4,66407.3) ops/second in (10.010990,50.054718) seconds
2026/03/15-14:14:16  ... thread 107: (706000,3346000) ops and (70575.4,66863.3) ops/second in (10.003480,50.042422) seconds
2026/03/15-14:14:16  ... thread 108: (995000,4346000) ops and (99462.5,86880.1) ops/second in (10.003767,50.022988) seconds
2026/03/15-14:14:16  ... thread 124: (722000,3427000) ops and (72146.2,68490.8) ops/second in (10.007464,50.035892) seconds
2026/03/15-14:14:16  ... thread 83: (718000,3366000) ops and (71721.1,67248.0) ops/second in (10.010996,50.053520) seconds
2026/03/15-14:14:16  ... thread 119: (723000,3424000) ops and (72214.1,68421.0) ops/second in (10.011892,50.043109) seconds
2026/03/15-14:14:16  ... thread 117: (706000,3446000) ops and (70505.4,68854.1) ops/second in (10.013415,50.047847) seconds
2026/03/15-14:14:16  ... thread 100: (717000,3411000) ops and (71635.6,68148.2) ops/second in (10.008984,50.052647) seconds
2026/03/15-14:14:16  ... thread 22: (711000,3337000) ops and (71003.8,66674.9) ops/second in (10.013550,50.048827) seconds
2026/03/15-14:14:16  ... thread 116: (709000,4557000) ops and (70826.3,91092.8) ops/second in (10.010410,50.025891) seconds
2026/03/15-14:14:16  ... thread 104: (715000,3370000) ops and (71425.2,67355.0) ops/second in (10.010476,50.033412) seconds
2026/03/15-14:14:16  ... thread 50: (718000,3395000) ops and (71709.4,67816.2) ops/second in (10.012630,50.061820) seconds
2026/03/15-14:14:16  ... thread 84: (640000,3223000) ops and (63943.6,64392.1) ops/second in (10.008815,50.052689) seconds
2026/03/15-14:14:16  ... thread 89: (714000,3850000) ops and (71305.7,76911.6) ops/second in (10.013228,50.057460) seconds
2026/03/15-14:14:16  ... thread 106: (990000,4102000) ops and (98984.8,82012.3) ops/second in (10.001535,50.016888) seconds
2026/03/15-14:14:16  ... thread 120: (707000,3590000) ops and (70656.1,71762.5) ops/second in (10.006212,50.026139) seconds
2026/03/15-14:14:16  ... thread 102: (1007000,4887000) ops and (100650.9,97692.2) ops/second in (10.004879,50.024443) seconds
2026/03/15-14:14:16  ... thread 109: (719000,3413000) ops and (71869.5,68209.6) ops/second in (10.004243,50.036934) seconds
2026/03/15-14:14:16  ... thread 98: (714000,3384000) ops and (71323.3,67601.3) ops/second in (10.010747,50.058178) seconds
2026/03/15-14:14:16  ... thread 110: (720000,3369000) ops and (71924.3,67322.6) ops/second in (10.010530,50.042646) seconds
2026/03/15-14:14:16  ... thread 0: (716000,3420000) ops and (71520.7,68364.2) ops/second in (10.011091,50.026170) seconds

** Compaction Stats [default] **
Level    Files   Size     Score Read(GB)  Rn(GB) Rnp1(GB) Write(GB) WPreComp(GB) Wnew(GB) Moved(GB) W-Amp Rd(MB/s) Wr(MB/s) Comp(sec) CompMergeCPU(sec) Comp(cnt) Avg(sec) KeyIn KeyDrop Rblob(GB) Wblob(GB)
-------------------------------------------------------------------------------------------------------------------------------------------------------------------------------------------------------------
  L7     81/0     10.10 GB   0.0      0.0     0.0      0.0       0.0       0.0      0.0       0.0   0.0      0.0      0.0      0.00              0.00         0    0.000       0      0       0.0       0.0
 Sum     81/0     10.10 GB   0.0      0.0     0.0      0.0       0.0       0.0      0.0       0.0   0.0      0.0      0.0      0.00              0.00         0    0.000       0      0       0.0       0.0
 Int      0/0      0.00 KB   0.0      0.0     0.0      0.0       0.0       0.0      0.0       0.0   0.0      0.0      0.0      0.00              0.00         0    0.000       0      0       0.0       0.0

** Compaction Stats [default] **
Priority    Files   Size     Score Read(GB)  Rn(GB) Rnp1(GB) Write(GB) WPreComp(GB) Wnew(GB) Moved(GB) W-Amp Rd(MB/s) Wr(MB/s) Comp(sec) CompMergeCPU(sec) Comp(cnt) Avg(sec) KeyIn KeyDrop Rblob(GB) Wblob(GB)
----------------------------------------------------------------------------------------------------------------------------------------------------------------------------------------------------------------

Blob file count: 0, total size: 0.0 GB, garbage size: 0.0 GB, space amp: 0.0

Uptime(secs): 50.2 total, 50.1 interval
Flush(GB): cumulative 0.000, interval 0.000
AddFile(GB): cumulative 0.000, interval 0.000
AddFile(Total Files): cumulative 0, interval 0
AddFile(L0 Files): cumulative 0, interval 0
AddFile(Keys): cumulative 0, interval 0
Cumulative compaction: 0.00 GB write, 0.00 MB/s write, 0.00 GB read, 0.00 MB/s read, 0.0 seconds
Interval compaction: 0.00 GB write, 0.00 MB/s write, 0.00 GB read, 0.00 MB/s read, 0.0 seconds
Estimated pending compaction bytes: 0
Write Stall (count): cf-l0-file-count-limit-delays-with-ongoing-compaction: 0, cf-l0-file-count-limit-stops-with-ongoing-compaction: 0, l0-file-count-limit-delays: 0, l0-file-count-limit-stops: 0, memtable-limit-delays: 0, memtable-limit-stops: 0, pending-compaction-bytes-delays: 0, pending-compaction-bytes-stops: 0, total-delays: 0, total-stops: 0
Block cache LRUCache@0x55c67107d780#1185831 capacity: 29.80 GB seed: 1773580406 usage: 0.09 KB table_size: 1024 occupancy: 1 collections: 1 last_copies: 0 last_secs: 9.2e-05 secs_since: 50
Block cache entry stats(count,size,portion): Misc(1,0.00 KB,0%)

** File Read Latency Histogram By Level [default] **

** DB Stats **
Uptime(secs): 50.2 total, 10.0 interval
Cumulative writes: 0 writes, 0 keys, 0 commit groups, 0.0 writes per commit group, ingest: 0.00 GB, 0.00 MB/s
Cumulative WAL: 0 writes, 0 syncs, 0.00 writes per sync, written: 0.00 GB, 0.00 MB/s
Cumulative stall: 00:00:0.000 H:M:S, 0.0 percent
Interval writes: 0 writes, 0 keys, 0 commit groups, 0.0 writes per commit group, ingest: 0.00 MB, 0.00 MB/s
Interval WAL: 0 writes, 0 syncs, 0.00 writes per sync, written: 0.00 GB, 0.00 MB/s
Interval stall: 00:00:0.000 H:M:S, 0.0 percent
Write Stall (count): write-buffer-manager-limit-stops: 0
num-running-compactions: 0
num-running-flushes: 0

2026/03/15-14:14:16  ... thread 48: (1012000,4521000) ops and (101119.8,90377.2) ops/second in (10.007932,50.023669) seconds
2026/03/15-14:14:16  ... thread 19: (990000,4868000) ops and (98986.3,97311.6) ops/second in (10.001387,50.024880) seconds
2026/03/15-14:14:16  ... thread 105: (713000,3371000) ops and (71217.8,67357.8) ops/second in (10.011539,50.046143) seconds
2026/03/15-14:14:16  ... thread 56: (994000,4886000) ops and (99311.0,97663.3) ops/second in (10.008965,50.029033) seconds
2026/03/15-14:14:16  ... thread 53: (990000,4364000) ops and (98930.5,87223.3) ops/second in (10.007028,50.032486) seconds
2026/03/15-14:14:16  ... thread 44: (713000,3442000) ops and (71248.7,68791.3) ops/second in (10.007206,50.035425) seconds
2026/03/15-14:14:16  ... thread 55: (710000,3340000) ops and (70904.4,66747.5) ops/second in (10.013478,50.039322) seconds
2026/03/15-14:14:16  ... thread 77: (708000,3356000) ops and (70716.3,67059.6) ops/second in (10.011834,50.045046) seconds
2026/03/15-14:14:16  ... thread 97: (630000,3042000) ops and (62931.4,60780.1) ops/second in (10.010904,50.049317) seconds
2026/03/15-14:14:16  ... thread 57: (713000,3346000) ops and (71204.2,66849.8) ops/second in (10.013461,50.052485) seconds
2026/03/15-14:14:26  ... thread 127: (989000,5826000) ops and (98896.6,97071.8) ops/second in (10.000345,60.017408) seconds
2026/03/15-14:14:26  ... thread 11: (675000,3814000) ops and (67476.3,63539.8) ops/second in (10.003515,60.025338) seconds
2026/03/15-14:14:26  ... thread 42: (993000,5849000) ops and (99223.9,97446.7) ops/second in (10.007674,60.022540) seconds
2026/03/15-14:14:26  ... thread 29: (722000,4148000) ops and (72130.9,69106.5) ops/second in (10.009584,60.023304) seconds
2026/03/15-14:14:26  ... thread 3: (693000,3787000) ops and (69273.6,63087.1) ops/second in (10.003813,60.028165) seconds
2026/03/15-14:14:26  ... thread 7: (960000,5654000) ops and (95923.8,94188.3) ops/second in (10.007945,60.028696) seconds
2026/03/15-14:14:26  ... thread 58: (1016000,5905000) ops and (101598.2,98383.0) ops/second in (10.000177,60.020554) seconds
2026/03/15-14:14:26  ... thread 65: (714000,4066000) ops and (71383.6,67735.0) ops/second in (10.002301,60.028017) seconds
2026/03/15-14:14:26  ... thread 27: (1014000,5814000) ops and (101344.2,96851.1) ops/second in (10.005506,60.030273) seconds
2026/03/15-14:14:26  ... thread 86: (629000,3747000) ops and (62857.6,62419.6) ops/second in (10.006739,60.029238) seconds
2026/03/15-14:14:26  ... thread 62: (721000,4102000) ops and (72032.2,68332.5) ops/second in (10.009417,60.029997) seconds
2026/03/15-14:14:26  ... thread 16: (713000,4045000) ops and (71298.4,67388.8) ops/second in (10.000227,60.024806) seconds
2026/03/15-14:14:26  ... thread 112: (1006000,5142000) ops and (100517.9,85656.1) ops/second in (10.008163,60.030732) seconds
2026/03/15-14:14:26  ... thread 4: (712000,4062000) ops and (71134.6,67664.3) ops/second in (10.009197,60.031624) seconds
2026/03/15-14:14:26  ... thread 68: (1002000,5878000) ops and (100178.8,97909.6) ops/second in (10.002121,60.034942) seconds
2026/03/15-14:14:26  ... thread 17: (676000,3869000) ops and (67597.6,64443.2) ops/second in (10.000360,60.037373) seconds
2026/03/15-14:14:26  ... thread 23: (953000,5626000) ops and (95294.3,93707.9) ops/second in (10.000596,60.037627) seconds
2026/03/15-14:14:26  ... thread 76: (1009000,5868000) ops and (100898.0,97760.4) ops/second in (10.000196,60.024279) seconds
2026/03/15-14:14:26  ... thread 5: (961000,5610000) ops and (96001.2,93439.7) ops/second in (10.010293,60.038716) seconds
2026/03/15-14:14:26  ... thread 36: (1005000,5781000) ops and (100402.0,96293.7) ops/second in (10.009760,60.035096) seconds
2026/03/15-14:14:26  ... thread 9: (715000,4062000) ops and (71458.1,67661.9) ops/second in (10.005858,60.033754) seconds
2026/03/15-14:14:26  ... thread 122: (717000,4184000) ops and (71675.6,69692.2) ops/second in (10.003407,60.035398) seconds
2026/03/15-14:14:26  ... thread 30: (717000,4111000) ops and (71668.6,68475.5) ops/second in (10.004384,60.036049) seconds
2026/03/15-14:14:26  ... thread 25: (683000,3934000) ops and (68248.8,65522.0) ops/second in (10.007500,60.040872) seconds
2026/03/15-14:14:26  ... thread 64: (720000,4128000) ops and (71984.0,68763.3) ops/second in (10.002218,60.032006) seconds
2026/03/15-14:14:26  ... thread 32: (996000,5529000) ops and (99535.5,92092.7) ops/second in (10.006483,60.037325) seconds
2026/03/15-14:14:26  ... thread 20: (704000,4007000) ops and (70326.3,66736.3) ops/second in (10.010479,60.042271) seconds
2026/03/15-14:14:26  ... thread 118: (988000,5828000) ops and (98795.2,97098.7) ops/second in (10.000490,60.021427) seconds
2026/03/15-14:14:26  ... thread 113: (1013000,5764000) ops and (101295.3,96025.8) ops/second in (10.000468,60.025550) seconds
2026/03/15-14:14:26  ... thread 101: (715000,4228000) ops and (71483.7,70420.6) ops/second in (10.002285,60.039218) seconds
2026/03/15-14:14:26  ... thread 6: (935000,4370000) ops and (93455.0,72786.8) ops/second in (10.004812,60.038351) seconds
2026/03/15-14:14:26  ... thread 74: (719000,4596000) ops and (71864.6,76549.4) ops/second in (10.004925,60.039624) seconds
2026/03/15-14:14:26  ... thread 21: (693000,3949000) ops and (69235.8,65768.5) ops/second in (10.009276,60.043940) seconds
2026/03/15-14:14:26  ... thread 75: (714000,4069000) ops and (71363.4,67771.4) ops/second in (10.005128,60.040115) seconds
2026/03/15-14:14:26  ... thread 92: (719000,4118000) ops and (71829.0,68587.2) ops/second in (10.009891,60.040341) seconds
2026/03/15-14:14:26  ... thread 18: (690000,3926000) ops and (68909.2,65383.4) ops/second in (10.013174,60.045804) seconds
2026/03/15-14:14:26  ... thread 81: (711000,4078000) ops and (71084.2,67929.9) ops/second in (10.002222,60.032493) seconds
2026/03/15-14:14:26  ... thread 31: (991000,5841000) ops and (99045.7,97281.9) ops/second in (10.005486,60.042020) seconds
2026/03/15-14:14:26  ... thread 79: (723000,4862000) ops and (72279.8,80989.1) ops/second in (10.002798,60.032760) seconds
2026/03/15-14:14:26  ... thread 90: (711000,4067000) ops and (71059.5,67750.7) ops/second in (10.005706,60.028934) seconds
2026/03/15-14:14:26  ... thread 37: (631000,3721000) ops and (63032.3,61972.9) ops/second in (10.010747,60.042404) seconds
2026/03/15-14:14:26  ... thread 88: (710000,4057000) ops and (70925.2,67584.1) ops/second in (10.010545,60.028944) seconds
2026/03/15-14:14:26  ... thread 24: (686000,3920000) ops and (68595.8,65282.6) ops/second in (10.000605,60.046653) seconds
2026/03/15-14:14:26  ... thread 72: (716000,4074000) ops and (71596.7,67866.7) ops/second in (10.000465,60.029474) seconds
2026/03/15-14:14:26  ... thread 73: (717000,3946000) ops and (71697.4,65725.1) ops/second in (10.000368,60.037940) seconds
2026/03/15-14:14:26  ... thread 60: (708000,4032000) ops and (70796.4,67161.4) ops/second in (10.000509,60.034454) seconds
2026/03/15-14:14:26  ... thread 12: (686000,3970000) ops and (68513.4,66113.2) ops/second in (10.012644,60.048530) seconds
2026/03/15-14:14:26  ... thread 2: (718000,4127000) ops and (71730.9,68731.8) ops/second in (10.009640,60.044977) seconds
2026/03/15-14:14:26  ... thread 34: (961000,3954000) ops and (96025.5,65850.6) ops/second in (10.007761,60.045026) seconds
2026/03/15-14:14:26  ... thread 51: (989000,5216000) ops and (98840.0,86875.4) ops/second in (10.006074,60.040011) seconds
2026/03/15-14:14:26  ... thread 26: (719000,4834000) ops and (71837.1,80500.7) ops/second in (10.008754,60.049170) seconds
2026/03/15-14:14:26  ... thread 45: (716000,4133000) ops and (71559.2,68830.1) ops/second in (10.005704,60.046423) seconds
2026/03/15-14:14:26  ... thread 69: (987000,5739000) ops and (98624.2,95590.0) ops/second in (10.007684,60.037692) seconds
2026/03/15-14:14:26  ... thread 80: (719000,4136000) ops and (71898.1,68893.6) ops/second in (10.000258,60.034644) seconds
2026/03/15-14:14:26  ... thread 10: (716000,4078000) ops and (71519.2,67911.8) ops/second in (10.011302,60.048441) seconds
2026/03/15-14:14:26  ... thread 13: (714000,4078000) ops and (71363.2,67911.4) ops/second in (10.005161,60.048852) seconds
2026/03/15-14:14:26  ... thread 78: (991000,5709000) ops and (99018.5,95087.0) ops/second in (10.008235,60.039769) seconds
2026/03/15-14:14:26  ... thread 46: (711000,4215000) ops and (71009.3,70192.5) ops/second in (10.012772,60.049131) seconds
2026/03/15-14:14:26  ... thread 99: (724000,4161000) ops and (72318.1,69291.1) ops/second in (10.011329,60.050992) seconds
2026/03/15-14:14:26  ... thread 87: (990000,5833000) ops and (98969.3,97157.3) ops/second in (10.003097,60.036633) seconds
2026/03/15-14:14:26  ... thread 47: (721000,4135000) ops and (72025.1,68865.4) ops/second in (10.010396,60.044702) seconds
2026/03/15-14:14:26  ... thread 39: (717000,4072000) ops and (71601.9,67808.8) ops/second in (10.013707,60.051225) seconds
2026/03/15-14:14:26  ... thread 41: (713000,4140000) ops and (71217.2,68951.3) ops/second in (10.011630,60.042394) seconds
2026/03/15-14:14:26  ... thread 95: (718000,4082000) ops and (71771.7,67993.8) ops/second in (10.003947,60.034867) seconds
2026/03/15-14:14:26  ... thread 43: (710000,4023000) ops and (70927.0,66997.6) ops/second in (10.010292,60.046924) seconds
2026/03/15-14:14:26  ... thread 115: (744000,5571000) ops and (74333.3,92806.1) ops/second in (10.008976,60.028351) seconds
2026/03/15-14:14:26  ... thread 93: (716000,4501000) ops and (71516.7,74961.2) ops/second in (10.011642,60.044403) seconds
2026/03/15-14:14:26  ... thread 52: (719000,4129000) ops and (71892.0,68761.0) ops/second in (10.001116,60.048568) seconds
2026/03/15-14:14:26  ... thread 54: (715000,4111000) ops and (71437.7,68456.0) ops/second in (10.008719,60.053146) seconds
2026/03/15-14:14:26  ... thread 71: (716000,4064000) ops and (71580.3,67700.2) ops/second in (10.002756,60.029346) seconds
2026/03/15-14:14:26  ... thread 123: (754000,5520000) ops and (75356.6,91936.2) ops/second in (10.005755,60.041659) seconds
2026/03/15-14:14:26  ... thread 28: (713000,4054000) ops and (71208.0,67510.8) ops/second in (10.012915,60.049667) seconds
2026/03/15-14:14:26  ... thread 15: (722000,4132000) ops and (72105.5,68803.2) ops/second in (10.013099,60.055369) seconds
2026/03/15-14:14:26  ... thread 14: (692000,4027000) ops and (69108.9,67050.1) ops/second in (10.013184,60.059575) seconds
2026/03/15-14:14:26  ... thread 67: (994000,5317000) ops and (99304.0,88542.3) ops/second in (10.009671,60.050379) seconds
2026/03/15-14:14:26  ... thread 61: (712000,4056000) ops and (71172.5,67560.8) ops/second in (10.003867,60.034857) seconds
2026/03/15-14:14:26  ... thread 33: (714000,4271000) ops and (71319.3,71132.1) ops/second in (10.011310,60.043252) seconds
2026/03/15-14:14:26  ... thread 35: (713000,4060000) ops and (71200.6,67602.6) ops/second in (10.013957,60.056844) seconds
2026/03/15-14:14:26  ... thread 125: (1011000,5382000) ops and (101051.0,89641.3) ops/second in (10.004848,60.039319) seconds
2026/03/15-14:14:26  ... thread 85: (718000,4099000) ops and (71723.4,68262.6) ops/second in (10.010685,60.047545) seconds
2026/03/15-14:14:26  ... thread 114: (708000,4368000) ops and (70728.0,72741.8) ops/second in (10.010181,60.048044) seconds
2026/03/15-14:14:26  ... thread 59: (967000,4667000) ops and (96644.7,77715.4) ops/second in (10.005725,60.052431) seconds
2026/03/15-14:14:26  ... thread 70: (645000,4155000) ops and (64424.6,69194.0) ops/second in (10.011701,60.048584) seconds
2026/03/15-14:14:26  ... thread 66: (716000,4089000) ops and (71539.3,68090.1) ops/second in (10.008487,60.052793) seconds
2026/03/15-14:14:26  ... thread 126: (713000,4068000) ops and (71291.4,67752.6) ops/second in (10.001200,60.041967) seconds
2026/03/15-14:14:26  ... thread 38: (719000,4087000) ops and (71819.9,68047.7) ops/second in (10.011157,60.060827) seconds
2026/03/15-14:14:26  ... thread 96: (717000,4238000) ops and (71611.9,70561.5) ops/second in (10.012309,60.061123) seconds
2026/03/15-14:14:26  ... thread 8: (715000,4086000) ops and (71408.3,68024.8) ops/second in (10.012842,60.066289) seconds
2026/03/15-14:14:26  ... thread 1: (719000,4125000) ops and (71802.4,68675.1) ops/second in (10.013591,60.065468) seconds
2026/03/15-14:14:26  ... thread 91: (716000,4132000) ops and (71563.2,68814.6) ops/second in (10.005140,60.045402) seconds
2026/03/15-14:14:26  ... thread 63: (1011000,4623000) ops and (101041.6,76981.1) ops/second in (10.005778,60.053702) seconds
2026/03/15-14:14:26  ... thread 82: (957000,4369000) ops and (95649.5,72756.0) ops/second in (10.005278,60.050054) seconds
2026/03/15-14:14:26  ... thread 40: (715000,4059000) ops and (71419.4,67578.3) ops/second in (10.011283,60.063656) seconds
2026/03/15-14:14:26  ... thread 49: (711000,4035000) ops and (71072.7,67184.4) ops/second in (10.003847,60.058565) seconds
2026/03/15-14:14:26  ... thread 103: (1016000,5782000) ops and (101522.6,96298.3) ops/second in (10.007622,60.042617) seconds
2026/03/15-14:14:26  ... thread 107: (706000,4052000) ops and (70594.2,67484.7) ops/second in (10.000819,60.043241) seconds
2026/03/15-14:14:26  ... thread 94: (717000,4066000) ops and (71657.1,67712.6) ops/second in (10.005992,60.047943) seconds
2026/03/15-14:14:26  ... thread 111: (710000,4072000) ops and (70906.6,67807.4) ops/second in (10.013176,60.052430) seconds
2026/03/15-14:14:26  ... thread 124: (722000,4149000) ops and (72182.5,69105.9) ops/second in (10.002418,60.038310) seconds
2026/03/15-14:14:26  ... thread 121: (717000,4063000) ops and (71621.6,67659.4) ops/second in (10.010950,60.050821) seconds
2026/03/15-14:14:26  ... thread 117: (710000,4156000) ops and (70963.7,69205.6) ops/second in (10.005119,60.052966) seconds
2026/03/15-14:14:26  ... thread 108: (994000,5340000) ops and (99299.4,88950.9) ops/second in (10.010134,60.033122) seconds
2026/03/15-14:14:26  ... thread 119: (711000,4135000) ops and (71049.9,68859.1) ops/second in (10.007054,60.050163) seconds
2026/03/15-14:14:26  ... thread 83: (721000,4087000) ops and (72021.4,68043.6) ops/second in (10.010919,60.064439) seconds
2026/03/15-14:14:26  ... thread 116: (718000,5275000) ops and (71776.7,87874.0) ops/second in (10.003248,60.029139) seconds
2026/03/15-14:14:26  ... thread 100: (719000,4130000) ops and (71814.8,68759.4) ops/second in (10.011863,60.064510) seconds
2026/03/15-14:14:26  ... thread 22: (716000,4053000) ops and (71526.5,67483.5) ops/second in (10.010280,60.059107) seconds
2026/03/15-14:14:26  ... thread 104: (709000,4079000) ops and (70858.9,67938.9) ops/second in (10.005806,60.039218) seconds
2026/03/15-14:14:26  ... thread 50: (637000,4032000) ops and (63626.9,67118.0) ops/second in (10.011491,60.073311) seconds
2026/03/15-14:14:26  ... thread 106: (734000,4836000) ops and (73380.9,80573.8) ops/second in (10.002602,60.019490) seconds
2026/03/15-14:14:26  ... thread 89: (717000,4567000) ops and (71644.5,76034.0) ops/second in (10.007742,60.065202) seconds
2026/03/15-14:14:26  ... thread 120: (712000,4302000) ops and (71157.9,71661.7) ops/second in (10.005916,60.032055) seconds
2026/03/15-14:14:26  ... thread 84: (636000,3859000) ops and (63519.0,64246.6) ops/second in (10.012747,60.065436) seconds
2026/03/15-14:14:26  ... thread 98: (769000,4153000) ops and (76863.1,69144.1) ops/second in (10.004798,60.062976) seconds
2026/03/15-14:14:26  ... thread 102: (748000,5635000) ops and (74741.7,93866.2) ops/second in (10.007805,60.032248) seconds
2026/03/15-14:14:26  ... thread 109: (721000,4134000) ops and (72004.5,68842.4) ops/second in (10.013268,60.050202) seconds
2026/03/15-14:14:26  ... thread 110: (725000,4094000) ops and (72414.8,68171.5) ops/second in (10.011770,60.054416) seconds
2026/03/15-14:14:26  ... thread 48: (1015000,5536000) ops and (101467.5,92225.4) ops/second in (10.003201,60.026870) seconds
2026/03/15-14:14:26  ... thread 19: (990000,5858000) ops and (98960.8,97586.4) ops/second in (10.003963,60.028843) seconds
2026/03/15-14:14:26  ... thread 0: (716000,4136000) ops and (71541.3,68893.9) ops/second in (10.008210,60.034380) seconds

** Compaction Stats [default] **
Level    Files   Size     Score Read(GB)  Rn(GB) Rnp1(GB) Write(GB) WPreComp(GB) Wnew(GB) Moved(GB) W-Amp Rd(MB/s) Wr(MB/s) Comp(sec) CompMergeCPU(sec) Comp(cnt) Avg(sec) KeyIn KeyDrop Rblob(GB) Wblob(GB)
-------------------------------------------------------------------------------------------------------------------------------------------------------------------------------------------------------------
  L7     81/0     10.10 GB   0.0      0.0     0.0      0.0       0.0       0.0      0.0       0.0   0.0      0.0      0.0      0.00              0.00         0    0.000       0      0       0.0       0.0
 Sum     81/0     10.10 GB   0.0      0.0     0.0      0.0       0.0       0.0      0.0       0.0   0.0      0.0      0.0      0.00              0.00         0    0.000       0      0       0.0       0.0
 Int      0/0      0.00 KB   0.0      0.0     0.0      0.0       0.0       0.0      0.0       0.0   0.0      0.0      0.0      0.00              0.00         0    0.000       0      0       0.0       0.0

** Compaction Stats [default] **
Priority    Files   Size     Score Read(GB)  Rn(GB) Rnp1(GB) Write(GB) WPreComp(GB) Wnew(GB) Moved(GB) W-Amp Rd(MB/s) Wr(MB/s) Comp(sec) CompMergeCPU(sec) Comp(cnt) Avg(sec) KeyIn KeyDrop Rblob(GB) Wblob(GB)
----------------------------------------------------------------------------------------------------------------------------------------------------------------------------------------------------------------

Blob file count: 0, total size: 0.0 GB, garbage size: 0.0 GB, space amp: 0.0

Uptime(secs): 60.2 total, 60.1 interval
Flush(GB): cumulative 0.000, interval 0.000
AddFile(GB): cumulative 0.000, interval 0.000
AddFile(Total Files): cumulative 0, interval 0
AddFile(L0 Files): cumulative 0, interval 0
AddFile(Keys): cumulative 0, interval 0
Cumulative compaction: 0.00 GB write, 0.00 MB/s write, 0.00 GB read, 0.00 MB/s read, 0.0 seconds
Interval compaction: 0.00 GB write, 0.00 MB/s write, 0.00 GB read, 0.00 MB/s read, 0.0 seconds
Estimated pending compaction bytes: 0
Write Stall (count): cf-l0-file-count-limit-delays-with-ongoing-compaction: 0, cf-l0-file-count-limit-stops-with-ongoing-compaction: 0, l0-file-count-limit-delays: 0, l0-file-count-limit-stops: 0, memtable-limit-delays: 0, memtable-limit-stops: 0, pending-compaction-bytes-delays: 0, pending-compaction-bytes-stops: 0, total-delays: 0, total-stops: 0
Block cache LRUCache@0x55c67107d780#1185831 capacity: 29.80 GB seed: 1773580406 usage: 0.09 KB table_size: 1024 occupancy: 1 collections: 1 last_copies: 0 last_secs: 9.2e-05 secs_since: 60
Block cache entry stats(count,size,portion): Misc(1,0.00 KB,0%)

** File Read Latency Histogram By Level [default] **

** DB Stats **
Uptime(secs): 60.2 total, 10.0 interval
Cumulative writes: 0 writes, 0 keys, 0 commit groups, 0.0 writes per commit group, ingest: 0.00 GB, 0.00 MB/s
Cumulative WAL: 0 writes, 0 syncs, 0.00 writes per sync, written: 0.00 GB, 0.00 MB/s
Cumulative stall: 00:00:0.000 H:M:S, 0.0 percent
Interval writes: 0 writes, 0 keys, 0 commit groups, 0.0 writes per commit group, ingest: 0.00 MB, 0.00 MB/s
Interval WAL: 0 writes, 0 syncs, 0.00 writes per sync, written: 0.00 GB, 0.00 MB/s
Interval stall: 00:00:0.000 H:M:S, 0.0 percent
Write Stall (count): write-buffer-manager-limit-stops: 0
num-running-compactions: 0
num-running-flushes: 0

2026/03/15-14:14:26  ... thread 53: (990000,5354000) ops and (98962.8,89179.5) ops/second in (10.003755,60.036241) seconds
2026/03/15-14:14:26  ... thread 105: (715000,4086000) ops and (71406.1,68032.8) ops/second in (10.013154,60.059297) seconds
2026/03/15-14:14:26  ... thread 56: (994000,5880000) ops and (99301.6,97936.4) ops/second in (10.009914,60.038947) seconds
2026/03/15-14:14:26  ... thread 44: (713000,4155000) ops and (71232.2,69198.2) ops/second in (10.009521,60.044946) seconds
2026/03/15-14:14:26  ... thread 55: (709000,4049000) ops and (70817.4,67426.0) ops/second in (10.011663,60.050985) seconds
2026/03/15-14:14:26  ... thread 77: (709000,4065000) ops and (70817.5,67686.0) ops/second in (10.011649,60.056695) seconds
2026/03/15-14:14:26  ... thread 97: (630000,3672000) ops and (62949.0,61141.5) ops/second in (10.008108,60.057425) seconds
2026/03/15-14:14:26  ... thread 57: (712000,4058000) ops and (71116.3,67561.0) ops/second in (10.011768,60.064253) seconds
2026/03/15-14:14:36  ... thread 127: (990000,6816000) ops and (98962.7,97342.0) ops/second in (10.003771,70.021179) seconds
2026/03/15-14:14:36  ... thread 42: (977000,6826000) ops and (97665.1,97477.9) ops/second in (10.003574,70.026114) seconds
2026/03/15-14:14:36  ... thread 58: (1018000,6923000) ops and (101791.8,98869.8) ops/second in (10.000810,70.021364) seconds
2026/03/15-14:14:36  ... thread 3: (691000,4478000) ops and (69079.4,63943.0) ops/second in (10.002978,70.031143) seconds
2026/03/15-14:14:36  ... thread 86: (623000,4370000) ops and (62295.9,62401.9) ops/second in (10.000662,70.029900) seconds
2026/03/15-14:14:36  ... thread 27: (1013000,6827000) ops and (101273.6,97482.8) ops/second in (10.002611,70.032884) seconds
2026/03/15-14:14:36  ... thread 65: (705000,4771000) ops and (70472.5,68126.1) ops/second in (10.003907,70.031924) seconds
2026/03/15-14:14:36  ... thread 7: (955000,6609000) ops and (95435.0,94366.4) ops/second in (10.006811,70.035507) seconds
2026/03/15-14:14:36  ... thread 29: (719000,4867000) ops and (71831.3,69495.9) ops/second in (10.009564,70.032868) seconds
2026/03/15-14:14:36  ... thread 68: (1004000,6882000) ops and (100393.9,98264.4) ops/second in (10.000606,70.035548) seconds
2026/03/15-14:14:36  ... thread 62: (715000,4817000) ops and (71468.3,68780.5) ops/second in (10.004437,70.034434) seconds
2026/03/15-14:14:36  ... thread 16: (925000,4970000) ops and (92451.5,70969.5) ops/second in (10.005250,70.030056) seconds
2026/03/15-14:14:36  ... thread 4: (709000,4771000) ops and (70873.7,68122.8) ops/second in (10.003707,70.035331) seconds
2026/03/15-14:14:36  ... thread 11: (670000,4484000) ops and (66904.8,64021.0) ops/second in (10.014227,70.039565) seconds
2026/03/15-14:14:36  ... thread 9: (706000,4768000) ops and (70595.1,68080.8) ops/second in (10.000698,70.034452) seconds
2026/03/15-14:14:36  ... thread 30: (713000,4824000) ops and (71298.0,68878.5) ops/second in (10.000277,70.036326) seconds
2026/03/15-14:14:36  ... thread 76: (1010000,6878000) ops and (100973.2,98219.4) ops/second in (10.002655,70.026934) seconds
2026/03/15-14:14:36  ... thread 23: (949000,6575000) ops and (94861.4,93872.7) ops/second in (10.004069,70.041696) seconds
2026/03/15-14:14:36  ... thread 112: (1009000,6151000) ops and (100827.3,87823.8) ops/second in (10.007212,70.037944) seconds
2026/03/15-14:14:36  ... thread 20: (700000,4707000) ops and (69997.8,67202.0) ops/second in (10.000319,70.042590) seconds
2026/03/15-14:14:36  ... thread 5: (955000,6565000) ops and (95458.7,93728.1) ops/second in (10.004322,70.043038) seconds
2026/03/15-14:14:36  ... thread 113: (1014000,6778000) ops and (101386.9,96791.5) ops/second in (10.001296,70.026846) seconds
2026/03/15-14:14:36  ... thread 25: (683000,4617000) ops and (68277.9,65915.6) ops/second in (10.003234,70.044106) seconds
2026/03/15-14:14:36  ... thread 6: (921000,5291000) ops and (92089.6,75543.1) ops/second in (10.001131,70.039482) seconds
2026/03/15-14:14:36  ... thread 79: (717000,5579000) ops and (71698.9,79662.5) ops/second in (10.000159,70.032919) seconds
2026/03/15-14:14:36  ... thread 32: (769000,6298000) ops and (76857.5,89916.4) ops/second in (10.005529,70.042854) seconds
2026/03/15-14:14:36  ... thread 36: (997000,6778000) ops and (99615.0,96768.3) ops/second in (10.008536,70.043632) seconds
2026/03/15-14:14:36  ... thread 72: (709000,4783000) ops and (70894.6,68299.1) ops/second in (10.000762,70.030236) seconds
2026/03/15-14:14:36  ... thread 21: (689000,4638000) ops and (68874.2,66212.0) ops/second in (10.003747,70.047687) seconds
2026/03/15-14:14:36  ... thread 31: (984000,6825000) ops and (98383.0,97439.1) ops/second in (10.001727,70.043747) seconds
2026/03/15-14:14:36  ... thread 26: (711000,5545000) ops and (71099.9,79158.7) ops/second in (10.000021,70.049191) seconds
2026/03/15-14:14:36  ... thread 17: (675000,4544000) ops and (67417.6,64868.3) ops/second in (10.012229,70.049602) seconds
2026/03/15-14:14:36  ... thread 74: (711000,5307000) ops and (71056.1,75764.7) ops/second in (10.006175,70.045799) seconds
2026/03/15-14:14:36  ... thread 88: (705000,4762000) ops and (70469.8,67996.3) ops/second in (10.004288,70.033232) seconds
2026/03/15-14:14:36  ... thread 75: (709000,4778000) ops and (70854.0,68211.7) ops/second in (10.006495,70.046610) seconds
2026/03/15-14:14:36  ... thread 101: (709000,4937000) ops and (70837.8,70480.2) ops/second in (10.008783,70.048001) seconds
2026/03/15-14:14:36  ... thread 118: (983000,6811000) ops and (98203.2,97256.5) ops/second in (10.009861,70.031288) seconds
2026/03/15-14:14:36  ... thread 122: (711000,4895000) ops and (71006.3,69880.1) ops/second in (10.013202,70.048600) seconds
2026/03/15-14:14:36  ... thread 64: (714000,4842000) ops and (71312.8,69127.7) ops/second in (10.012229,70.044235) seconds
2026/03/15-14:14:36  ... thread 90: (709000,4776000) ops and (70846.9,68193.1) ops/second in (10.007491,70.036425) seconds
2026/03/15-14:14:36  ... thread 37: (627000,4348000) ops and (62647.2,62069.2) ops/second in (10.008431,70.050835) seconds
2026/03/15-14:14:36  ... thread 60: (703000,4735000) ops and (70249.9,67602.7) ops/second in (10.007138,70.041592) seconds
2026/03/15-14:14:36  ... thread 12: (684000,4654000) ops and (68355.5,66433.5) ops/second in (10.006505,70.055035) seconds
2026/03/15-14:14:36  ... thread 18: (698000,4624000) ops and (69735.3,66005.2) ops/second in (10.009278,70.055082) seconds
2026/03/15-14:14:36  ... thread 34: (983000,4937000) ops and (98239.3,70477.0) ops/second in (10.006176,70.051202) seconds
2026/03/15-14:14:36  ... thread 45: (718000,4851000) ops and (71762.6,69248.9) ops/second in (10.005217,70.051640) seconds
2026/03/15-14:14:36  ... thread 13: (712000,4790000) ops and (71177.3,68377.7) ops/second in (10.003186,70.052038) seconds
2026/03/15-14:14:36  ... thread 39: (710000,4782000) ops and (70991.6,68263.2) ops/second in (10.001180,70.052405) seconds
2026/03/15-14:14:36  ... thread 24: (682000,4602000) ops and (68132.5,65689.8) ops/second in (10.009905,70.056558) seconds
2026/03/15-14:14:36  ... thread 46: (703000,4918000) ops and (70275.0,70204.3) ops/second in (10.003558,70.052689) seconds
2026/03/15-14:14:36  ... thread 2: (715000,4842000) ops and (71440.8,69118.8) ops/second in (10.008284,70.053261) seconds
2026/03/15-14:14:36  ... thread 92: (700000,4818000) ops and (69908.5,68776.1) ops/second in (10.013082,70.053423) seconds
2026/03/15-14:14:36  ... thread 52: (717000,4846000) ops and (71699.5,69180.5) ops/second in (10.000072,70.048640) seconds
2026/03/15-14:14:36  ... thread 95: (711000,4793000) ops and (71085.8,68435.4) ops/second in (10.001997,70.036864) seconds
2026/03/15-14:14:36  ... thread 87: (772000,6605000) ops and (77163.8,94301.5) ops/second in (10.004695,70.041328) seconds
2026/03/15-14:14:36  ... thread 51: (979000,6195000) ops and (97804.8,88437.2) ops/second in (10.009736,70.049747) seconds
2026/03/15-14:14:36  ... thread 73: (718000,4664000) ops and (71714.0,66581.1) ops/second in (10.011991,70.049931) seconds
2026/03/15-14:14:36  ... thread 123: (709000,6229000) ops and (70896.0,88932.1) ops/second in (10.000560,70.042219) seconds
2026/03/15-14:14:36  ... thread 81: (704000,4782000) ops and (70301.4,68268.9) ops/second in (10.014029,70.046522) seconds
2026/03/15-14:14:36  ... thread 28: (704000,4758000) ops and (70391.5,67922.1) ops/second in (10.001206,70.050873) seconds
2026/03/15-14:14:36  ... thread 69: (980000,6719000) ops and (97908.8,95921.3) ops/second in (10.009313,70.047005) seconds
2026/03/15-14:14:36  ... thread 15: (715000,4847000) ops and (71489.7,69186.7) ops/second in (10.001436,70.056805) seconds
2026/03/15-14:14:36  ... thread 67: (986000,6303000) ops and (98590.5,89976.9) ops/second in (10.000963,70.051342) seconds
2026/03/15-14:14:36  ... thread 47: (947000,5082000) ops and (94634.2,72546.5) ops/second in (10.006955,70.051657) seconds
2026/03/15-14:14:36  ... thread 80: (714000,4850000) ops and (71333.4,69242.2) ops/second in (10.009343,70.043987) seconds
2026/03/15-14:14:36  ... thread 78: (984000,6693000) ops and (98313.3,95548.0) ops/second in (10.008818,70.048587) seconds
2026/03/15-14:14:36  ... thread 99: (717000,4878000) ops and (71642.1,69627.0) ops/second in (10.008085,70.059077) seconds
2026/03/15-14:14:36  ... thread 115: (710000,6281000) ops and (70966.1,89686.1) ops/second in (10.004772,70.033123) seconds
2026/03/15-14:14:36  ... thread 10: (711000,4789000) ops and (71022.5,68356.3) ops/second in (10.010911,70.059352) seconds
2026/03/15-14:14:36  ... thread 41: (717000,4857000) ops and (71643.4,69335.9) ops/second in (10.007896,70.050290) seconds
2026/03/15-14:14:36  ... thread 59: (1028000,5695000) ops and (102776.9,81293.6) ops/second in (10.002248,70.054679) seconds
2026/03/15-14:14:36  ... thread 114: (710000,5078000) ops and (70976.8,72489.7) ops/second in (10.003266,70.051310) seconds
2026/03/15-14:14:36  ... thread 125: (1012000,6394000) ops and (101153.5,91285.6) ops/second in (10.004601,70.043920) seconds
2026/03/15-14:14:36  ... thread 66: (710000,4799000) ops and (70975.7,68502.1) ops/second in (10.003429,70.056222) seconds
2026/03/15-14:14:36  ... thread 96: (708000,4946000) ops and (70788.4,70593.8) ops/second in (10.001645,70.062768) seconds
2026/03/15-14:14:36  ... thread 61: (709000,4765000) ops and (70843.9,68029.9) ops/second in (10.007920,70.042777) seconds
2026/03/15-14:14:36  ... thread 33: (913000,5184000) ops and (91229.8,74003.3) ops/second in (10.007696,70.050948) seconds
2026/03/15-14:14:36  ... thread 93: (709000,5210000) ops and (70817.9,74369.1) ops/second in (10.011588,70.055991) seconds
2026/03/15-14:14:36  ... thread 43: (709000,4732000) ops and (70807.2,67542.1) ops/second in (10.013104,70.060028) seconds
2026/03/15-14:14:36  ... thread 54: (711000,4822000) ops and (71022.4,68822.7) ops/second in (10.010929,70.064075) seconds
2026/03/15-14:14:36  ... thread 35: (710000,4770000) ops and (70929.1,68077.9) ops/second in (10.009991,70.066835) seconds
2026/03/15-14:14:36  ... thread 63: (1011000,5634000) ops and (101061.1,80419.6) ops/second in (10.003846,70.057548) seconds
2026/03/15-14:14:36  ... thread 71: (709000,4773000) ops and (70804.4,68144.0) ops/second in (10.013503,70.042849) seconds
2026/03/15-14:14:36  ... thread 85: (712000,4811000) ops and (71118.6,68670.7) ops/second in (10.011439,70.058984) seconds
2026/03/15-14:14:36  ... thread 107: (710000,4762000) ops and (70972.2,67982.8) ops/second in (10.003914,70.047155) seconds
2026/03/15-14:14:36  ... thread 111: (705000,4777000) ops and (70478.4,68188.8) ops/second in (10.003068,70.055498) seconds
2026/03/15-14:14:36  ... thread 14: (682000,4709000) ops and (68109.4,67201.5) ops/second in (10.013305,70.072880) seconds
2026/03/15-14:14:36  ... thread 91: (718000,4850000) ops and (71756.1,69234.8) ops/second in (10.006124,70.051526) seconds
2026/03/15-14:14:36  ... thread 8: (711000,4797000) ops and (71049.6,68456.8) ops/second in (10.007096,70.073385) seconds
2026/03/15-14:14:36  ... thread 82: (985000,5354000) ops and (98439.7,76424.4) ops/second in (10.006124,70.056178) seconds
2026/03/15-14:14:36  ... thread 38: (710000,4797000) ops and (70924.0,68458.6) ops/second in (10.010714,70.071541) seconds
2026/03/15-14:14:36  ... thread 70: (636000,4791000) ops and (63509.8,68381.5) ops/second in (10.014210,70.062794) seconds
2026/03/15-14:14:36  ... thread 94: (712000,4778000) ops and (71144.1,68202.8) ops/second in (10.007856,70.055799) seconds
2026/03/15-14:14:36  ... thread 126: (710000,4778000) ops and (70901.2,68202.7) ops/second in (10.013936,70.055903) seconds
2026/03/15-14:14:36  ... thread 103: (1016000,6798000) ops and (101502.3,97041.9) ops/second in (10.009621,70.052238) seconds
2026/03/15-14:14:36  ... thread 40: (707000,4766000) ops and (70626.2,68013.7) ops/second in (10.010452,70.074108) seconds
2026/03/15-14:14:36  ... thread 1: (714000,4839000) ops and (71313.6,69052.0) ops/second in (10.012109,70.077577) seconds
2026/03/15-14:14:36  ... thread 121: (710000,4773000) ops and (70942.9,68128.4) ops/second in (10.008048,70.058869) seconds
2026/03/15-14:14:36  ... thread 49: (704000,4739000) ops and (70305.3,67630.4) ops/second in (10.013471,70.072036) seconds
2026/03/15-14:14:36  ... thread 124: (719000,4868000) ops and (71813.4,69492.8) ops/second in (10.012063,70.050373) seconds
2026/03/15-14:14:36  ... thread 108: (986000,6326000) ops and (98501.6,90315.8) ops/second in (10.009988,70.043110) seconds
2026/03/15-14:14:36  ... thread 100: (714000,4844000) ops and (71379.8,69133.5) ops/second in (10.002828,70.067338) seconds
2026/03/15-14:14:36  ... thread 117: (705000,4861000) ops and (70421.5,69379.3) ops/second in (10.011143,70.064109) seconds
2026/03/15-14:14:36  ... thread 22: (707000,4760000) ops and (70692.6,67941.6) ops/second in (10.001045,70.060152) seconds
2026/03/15-14:14:36  ... thread 116: (714000,5989000) ops and (71347.1,85512.5) ops/second in (10.007417,70.036556) seconds
2026/03/15-14:14:36  ... thread 83: (716000,4803000) ops and (71540.0,68543.0) ops/second in (10.008383,70.072822) seconds
2026/03/15-14:14:36  ... thread 119: (708000,4843000) ops and (70722.3,69125.3) ops/second in (10.010986,70.061149) seconds
2026/03/15-14:14:36  ... thread 50: (627000,4659000) ops and (62689.6,66485.9) ops/second in (10.001651,70.074962) seconds
2026/03/15-14:14:36  ... thread 104: (708000,4787000) ops and (70736.1,68338.6) ops/second in (10.009040,70.048258) seconds
2026/03/15-14:14:36  ... thread 106: (713000,5549000) ops and (71251.3,79241.6) ops/second in (10.006834,70.026324) seconds
2026/03/15-14:14:36  ... thread 84: (636000,4495000) ops and (63590.8,64153.0) ops/second in (10.001447,70.066883) seconds
2026/03/15-14:14:36  ... thread 120: (704000,5006000) ops and (70366.0,71476.6) ops/second in (10.004828,70.036883) seconds
2026/03/15-14:14:36  ... thread 89: (710000,5277000) ops and (70907.8,75301.6) ops/second in (10.013004,70.078206) seconds
2026/03/15-14:14:36  ... thread 102: (707000,6342000) ops and (70619.1,90543.5) ops/second in (10.011457,70.043705) seconds
2026/03/15-14:14:36  ... thread 98: (711000,4864000) ops and (71008.5,69410.5) ops/second in (10.012879,70.075855) seconds
2026/03/15-14:14:36  ... thread 109: (717000,4851000) ops and (71655.9,69244.2) ops/second in (10.006159,70.056361) seconds
2026/03/15-14:14:36  ... thread 48: (1018000,6554000) ops and (101705.0,93580.2) ops/second in (10.009343,70.036213) seconds
2026/03/15-14:14:36  ... thread 53: (808000,6162000) ops and (80795.1,87982.3) ops/second in (10.000612,70.036853) seconds
2026/03/15-14:14:36  ... thread 0: (713000,4849000) ops and (71237.0,69228.7) ops/second in (10.008837,70.043217) seconds

** Compaction Stats [default] **
Level    Files   Size     Score Read(GB)  Rn(GB) Rnp1(GB) Write(GB) WPreComp(GB) Wnew(GB) Moved(GB) W-Amp Rd(MB/s) Wr(MB/s) Comp(sec) CompMergeCPU(sec) Comp(cnt) Avg(sec) KeyIn KeyDrop Rblob(GB) Wblob(GB)
-------------------------------------------------------------------------------------------------------------------------------------------------------------------------------------------------------------
  L7     81/0     10.10 GB   0.0      0.0     0.0      0.0       0.0       0.0      0.0       0.0   0.0      0.0      0.0      0.00              0.00         0    0.000       0      0       0.0       0.0
 Sum     81/0     10.10 GB   0.0      0.0     0.0      0.0       0.0       0.0      0.0       0.0   0.0      0.0      0.0      0.00              0.00         0    0.000       0      0       0.0       0.0
 Int      0/0      0.00 KB   0.0      0.0     0.0      0.0       0.0       0.0      0.0       0.0   0.0      0.0      0.0      0.00              0.00         0    0.000       0      0       0.0       0.0

** Compaction Stats [default] **
Priority    Files   Size     Score Read(GB)  Rn(GB) Rnp1(GB) Write(GB) WPreComp(GB) Wnew(GB) Moved(GB) W-Amp Rd(MB/s) Wr(MB/s) Comp(sec) CompMergeCPU(sec) Comp(cnt) Avg(sec) KeyIn KeyDrop Rblob(GB) Wblob(GB)
----------------------------------------------------------------------------------------------------------------------------------------------------------------------------------------------------------------

Blob file count: 0, total size: 0.0 GB, garbage size: 0.0 GB, space amp: 0.0

Uptime(secs): 70.2 total, 70.1 interval
Flush(GB): cumulative 0.000, interval 0.000
AddFile(GB): cumulative 0.000, interval 0.000
AddFile(Total Files): cumulative 0, interval 0
AddFile(L0 Files): cumulative 0, interval 0
AddFile(Keys): cumulative 0, interval 0
Cumulative compaction: 0.00 GB write, 0.00 MB/s write, 0.00 GB read, 0.00 MB/s read, 0.0 seconds
Interval compaction: 0.00 GB write, 0.00 MB/s write, 0.00 GB read, 0.00 MB/s read, 0.0 seconds
Estimated pending compaction bytes: 0
Write Stall (count): cf-l0-file-count-limit-delays-with-ongoing-compaction: 0, cf-l0-file-count-limit-stops-with-ongoing-compaction: 0, l0-file-count-limit-delays: 0, l0-file-count-limit-stops: 0, memtable-limit-delays: 0, memtable-limit-stops: 0, pending-compaction-bytes-delays: 0, pending-compaction-bytes-stops: 0, total-delays: 0, total-stops: 0
Block cache LRUCache@0x55c67107d780#1185831 capacity: 29.80 GB seed: 1773580406 usage: 0.09 KB table_size: 1024 occupancy: 1 collections: 1 last_copies: 0 last_secs: 9.2e-05 secs_since: 70
Block cache entry stats(count,size,portion): Misc(1,0.00 KB,0%)

** File Read Latency Histogram By Level [default] **

** DB Stats **
Uptime(secs): 70.2 total, 10.0 interval
Cumulative writes: 0 writes, 0 keys, 0 commit groups, 0.0 writes per commit group, ingest: 0.00 GB, 0.00 MB/s
Cumulative WAL: 0 writes, 0 syncs, 0.00 writes per sync, written: 0.00 GB, 0.00 MB/s
Cumulative stall: 00:00:0.000 H:M:S, 0.0 percent
Interval writes: 0 writes, 0 keys, 0 commit groups, 0.0 writes per commit group, ingest: 0.00 MB, 0.00 MB/s
Interval WAL: 0 writes, 0 syncs, 0.00 writes per sync, written: 0.00 GB, 0.00 MB/s
Interval stall: 00:00:0.000 H:M:S, 0.0 percent
Write Stall (count): write-buffer-manager-limit-stops: 0
num-running-compactions: 0
num-running-flushes: 0

2026/03/15-14:14:36  ... thread 19: (983000,6841000) ops and (98200.5,97674.2) ops/second in (10.010132,70.038975) seconds
2026/03/15-14:14:36  ... thread 110: (720000,4814000) ops and (71902.4,68704.7) ops/second in (10.013577,70.067993) seconds
2026/03/15-14:14:36  ... thread 56: (982000,6862000) ops and (98173.7,97970.3) ops/second in (10.002684,70.041631) seconds
2026/03/15-14:14:36  ... thread 105: (708000,4794000) ops and (70748.8,68420.7) ops/second in (10.007234,70.066531) seconds
2026/03/15-14:14:36  ... thread 44: (709000,4864000) ops and (70846.4,69433.6) ops/second in (10.007560,70.052506) seconds
2026/03/15-14:14:36  ... thread 55: (707000,4756000) ops and (70652.6,67886.9) ops/second in (10.006702,70.057687) seconds
2026/03/15-14:14:36  ... thread 97: (627000,4299000) ops and (62667.1,61359.3) ops/second in (10.005247,70.062672) seconds
2026/03/15-14:14:36  ... thread 77: (700000,4765000) ops and (69952.7,68009.8) ops/second in (10.006767,70.063462) seconds
2026/03/15-14:14:36  ... thread 57: (703000,4761000) ops and (70223.7,67941.4) ops/second in (10.010868,70.075121) seconds
2026/03/15-14:14:46  ... thread 127: (974000,7790000) ops and (97350.1,97343.0) ops/second in (10.005121,80.026300) seconds
2026/03/15-14:14:46  ... thread 3: (682000,5160000) ops and (68191.4,64473.9) ops/second in (10.001267,80.032410) seconds
2026/03/15-14:14:46  ... thread 86: (616000,4986000) ops and (61599.8,62301.7) ops/second in (10.000027,80.029927) seconds
2026/03/15-14:14:46  ... thread 27: (1001000,7828000) ops and (100090.7,97808.7) ops/second in (10.000932,80.033816) seconds
2026/03/15-14:14:46  ... thread 65: (700000,5471000) ops and (69993.9,68359.5) ops/second in (10.000876,80.032800) seconds
2026/03/15-14:14:46  ... thread 7: (944000,7553000) ops and (94398.0,94370.4) ops/second in (10.000216,80.035723) seconds
2026/03/15-14:14:46  ... thread 58: (734000,7657000) ops and (73361.9,95680.7) ops/second in (10.005195,80.026559) seconds
2026/03/15-14:14:46  ... thread 42: (975000,7801000) ops and (97420.0,97470.7) ops/second in (10.008214,80.034328) seconds
2026/03/15-14:14:46  ... thread 30: (935000,5759000) ops and (93499.1,71954.7) ops/second in (10.000094,80.036420) seconds
2026/03/15-14:14:46  ... thread 16: (1010000,5980000) ops and (100989.1,74720.9) ops/second in (10.001078,80.031134) seconds
2026/03/15-14:14:46  ... thread 4: (700000,5471000) ops and (69975.4,68354.3) ops/second in (10.003518,80.038849) seconds
2026/03/15-14:14:46  ... thread 9: (700000,5468000) ops and (69974.9,68317.5) ops/second in (10.003591,80.038043) seconds
2026/03/15-14:14:46  ... thread 68: (966000,7848000) ops and (96533.5,98048.0) ops/second in (10.006885,80.042433) seconds
2026/03/15-14:14:46  ... thread 29: (710000,5577000) ops and (70948.9,69677.6) ops/second in (10.007203,80.040071) seconds
2026/03/15-14:14:46  ... thread 76: (1011000,7889000) ops and (101043.5,98572.4) ops/second in (10.005595,80.032529) seconds
2026/03/15-14:14:46  ... thread 5: (946000,7511000) ops and (94569.4,93833.2) ops/second in (10.003241,80.046279) seconds
2026/03/15-14:14:46  ... thread 113: (1013000,7791000) ops and (101267.6,97350.9) ops/second in (10.003197,80.030043) seconds
2026/03/15-14:14:46  ... thread 32: (700000,6998000) ops and (69996.3,87427.6) ops/second in (10.000524,80.043378) seconds
2026/03/15-14:14:46  ... thread 62: (706000,5523000) ops and (70534.7,68999.8) ops/second in (10.009262,80.043696) seconds
2026/03/15-14:14:46  ... thread 23: (942000,7517000) ops and (94118.6,93903.4) ops/second in (10.008644,80.050340) seconds
2026/03/15-14:14:46  ... thread 72: (703000,5486000) ops and (70278.0,68546.4) ops/second in (10.003126,80.033362) seconds
2026/03/15-14:14:46  ... thread 112: (1005000,7156000) ops and (100406.3,89397.2) ops/second in (10.009331,80.047275) seconds
2026/03/15-14:14:46  ... thread 21: (683000,5321000) ops and (68270.9,66469.3) ops/second in (10.004262,80.051949) seconds
2026/03/15-14:14:46  ... thread 79: (694000,6273000) ops and (69359.1,78374.5) ops/second in (10.005901,80.038820) seconds
2026/03/15-14:14:46  ... thread 6: (731000,6022000) ops and (73043.0,75230.5) ops/second in (10.007806,80.047288) seconds
2026/03/15-14:14:46  ... thread 17: (666000,5210000) ops and (66577.6,65081.9) ops/second in (10.003357,80.052959) seconds
2026/03/15-14:14:46  ... thread 26: (700000,6245000) ops and (69970.1,78010.4) ops/second in (10.004271,80.053462) seconds
2026/03/15-14:14:46  ... thread 11: (663000,5147000) ops and (66205.1,64294.2) ops/second in (10.014340,80.053905) seconds
2026/03/15-14:14:46  ... thread 25: (678000,5295000) ops and (67731.1,66142.6) ops/second in (10.010173,80.054279) seconds
2026/03/15-14:14:46  ... thread 20: (687000,5394000) ops and (68616.9,67378.9) ops/second in (10.012114,80.054704) seconds
2026/03/15-14:14:46  ... thread 37: (618000,4966000) ops and (61799.5,62035.5) ops/second in (10.000085,80.050920) seconds
2026/03/15-14:14:46  ... thread 36: (706000,7484000) ops and (70542.6,93489.5) ops/second in (10.008133,80.051765) seconds
2026/03/15-14:14:46  ... thread 31: (974000,7799000) ops and (97318.2,97424.0) ops/second in (10.008405,80.052152) seconds
2026/03/15-14:14:46  ... thread 90: (699000,5475000) ops and (69884.0,68404.4) ops/second in (10.002292,80.038717) seconds
2026/03/15-14:14:46  ... thread 60: (695000,5430000) ops and (69490.8,67838.6) ops/second in (10.001318,80.042910) seconds
2026/03/15-14:14:46  ... thread 18: (700000,5324000) ops and (69988.4,66502.8) ops/second in (10.001651,80.056733) seconds
2026/03/15-14:14:46  ... thread 88: (696000,5458000) ops and (69546.4,68190.1) ops/second in (10.007700,80.040932) seconds
2026/03/15-14:14:46  ... thread 34: (971000,5908000) ops and (97063.2,73799.3) ops/second in (10.003791,80.054993) seconds
2026/03/15-14:14:46  ... thread 74: (704000,6011000) ops and (70336.2,75086.0) ops/second in (10.009073,80.054872) seconds
2026/03/15-14:14:46  ... thread 2: (920000,5762000) ops and (91977.4,71974.9) ops/second in (10.002455,80.055716) seconds
2026/03/15-14:14:46  ... thread 39: (700000,5482000) ops and (69973.2,68476.9) ops/second in (10.003825,80.056230) seconds
2026/03/15-14:14:46  ... thread 118: (973000,7784000) ops and (97213.8,97251.2) ops/second in (10.008867,80.040155) seconds
2026/03/15-14:14:46  ... thread 28: (698000,5456000) ops and (69789.3,68155.4) ops/second in (10.001527,80.052400) seconds
2026/03/15-14:14:46  ... thread 64: (702000,5544000) ops and (70141.2,69254.4) ops/second in (10.008386,80.052621) seconds
2026/03/15-14:14:46  ... thread 69: (967000,7686000) ops and (96679.7,96016.1) ops/second in (10.002102,80.049107) seconds
2026/03/15-14:14:46  ... thread 99: (710000,5588000) ops and (70994.9,69797.8) ops/second in (10.000713,80.059790) seconds
2026/03/15-14:14:46  ... thread 80: (708000,5558000) ops and (70789.2,69435.5) ops/second in (10.001532,80.045519) seconds
2026/03/15-14:14:46  ... thread 75: (718000,5496000) ops and (71712.8,68649.6) ops/second in (10.012156,80.058766) seconds
2026/03/15-14:14:46  ... thread 67: (1015000,7318000) ops and (101470.7,91413.0) ops/second in (10.002891,80.054233) seconds
2026/03/15-14:14:46  ... thread 92: (693000,5511000) ops and (69253.3,68835.7) ops/second in (10.006740,80.060163) seconds
2026/03/15-14:14:46  ... thread 13: (700000,5490000) ops and (69939.6,68573.0) ops/second in (10.008636,80.060674) seconds
2026/03/15-14:14:46  ... thread 122: (697000,5592000) ops and (69619.4,69847.5) ops/second in (10.011573,80.060173) seconds
2026/03/15-14:14:46  ... thread 12: (674000,5328000) ops and (67333.5,66546.0) ops/second in (10.009875,80.064910) seconds
2026/03/15-14:14:46  ... thread 123: (701000,6930000) ops and (70061.5,86573.4) ops/second in (10.005498,80.047717) seconds
2026/03/15-14:14:46  ... thread 46: (699000,5617000) ops and (69841.7,70159.0) ops/second in (10.008352,80.061041) seconds
2026/03/15-14:14:46  ... thread 101: (699000,5636000) ops and (69806.4,70396.0) ops/second in (10.013409,80.061410) seconds
2026/03/15-14:14:46  ... thread 52: (709000,5555000) ops and (70842.8,69388.3) ops/second in (10.008077,80.056717) seconds
2026/03/15-14:14:46  ... thread 45: (711000,5562000) ops and (71022.3,69470.7) ops/second in (10.010947,80.062587) seconds
2026/03/15-14:14:46  ... thread 78: (969000,7662000) ops and (96852.4,95711.0) ops/second in (10.004916,80.053503) seconds
2026/03/15-14:14:46  ... thread 10: (702000,5491000) ops and (70174.1,68583.5) ops/second in (10.003692,80.063044) seconds
2026/03/15-14:14:46  ... thread 47: (1013000,6095000) ops and (101232.5,76132.0) ops/second in (10.006672,80.058329) seconds
2026/03/15-14:14:46  ... thread 114: (702000,5780000) ops and (70171.5,72200.0) ops/second in (10.004060,80.055370) seconds
2026/03/15-14:14:46  ... thread 51: (761000,6956000) ops and (76023.7,86885.1) ops/second in (10.010030,80.059777) seconds
2026/03/15-14:14:46  ... thread 15: (711000,5558000) ops and (71039.3,69418.3) ops/second in (10.008543,80.065348) seconds
2026/03/15-14:14:46  ... thread 95: (704000,5497000) ops and (70321.6,68671.3) ops/second in (10.011150,80.048014) seconds
2026/03/15-14:14:46  ... thread 115: (704000,6985000) ops and (70346.6,87268.1) ops/second in (10.007587,80.040710) seconds
2026/03/15-14:14:46  ... thread 54: (703000,5525000) ops and (70294.0,69006.5) ops/second in (10.000852,80.064927) seconds
2026/03/15-14:14:46  ... thread 41: (708000,5565000) ops and (70752.4,69513.0) ops/second in (10.006721,80.057011) seconds
2026/03/15-14:14:46  ... thread 87: (701000,7306000) ops and (70016.7,91264.3) ops/second in (10.011891,80.053219) seconds
2026/03/15-14:14:46  ... thread 73: (708000,5372000) ops and (70719.1,67098.5) ops/second in (10.011446,80.061377) seconds
2026/03/15-14:14:46  ... thread 24: (674000,5276000) ops and (67301.9,65891.4) ops/second in (10.014581,80.071139) seconds
2026/03/15-14:14:46  ... thread 93: (701000,5911000) ops and (70085.7,73833.9) ops/second in (10.002041,80.058032) seconds
2026/03/15-14:14:46  ... thread 81: (698000,5480000) ops and (69713.6,68449.6) ops/second in (10.012390,80.058912) seconds
2026/03/15-14:14:46  ... thread 125: (1009000,7403000) ops and (100828.2,92478.5) ops/second in (10.007117,80.051037) seconds
2026/03/15-14:14:46  ... thread 66: (700000,5499000) ops and (69945.4,68682.5) ops/second in (10.007812,80.064034) seconds
2026/03/15-14:14:46  ... thread 107: (977000,5739000) ops and (97678.5,71693.3) ops/second in (10.002200,80.049355) seconds
2026/03/15-14:14:46  ... thread 35: (699000,5469000) ops and (69864.9,68301.1) ops/second in (10.005027,80.071862) seconds
2026/03/15-14:14:46  ... thread 96: (699000,5645000) ops and (69834.5,70498.9) ops/second in (10.009383,80.072151) seconds
2026/03/15-14:14:46  ... thread 63: (1010000,6644000) ops and (100941.3,82984.3) ops/second in (10.005817,80.063365) seconds
2026/03/15-14:14:46  ... thread 82: (976000,6330000) ops and (97567.3,79066.2) ops/second in (10.003348,80.059526) seconds
2026/03/15-14:14:46  ... thread 8: (704000,5501000) ops and (70372.4,68696.1) ops/second in (10.003917,80.077302) seconds
2026/03/15-14:14:46  ... thread 33: (1012000,6196000) ops and (101108.4,77392.0) ops/second in (10.009055,80.060003) seconds
2026/03/15-14:14:46  ... thread 59: (744000,6439000) ops and (74298.0,80418.7) ops/second in (10.013727,80.068406) seconds
2026/03/15-14:14:46  ... thread 85: (704000,5515000) ops and (70354.1,68881.1) ops/second in (10.006518,80.065502) seconds
2026/03/15-14:14:46  ... thread 94: (932000,5710000) ops and (93169.4,71322.3) ops/second in (10.003285,80.059084) seconds
2026/03/15-14:14:46  ... thread 71: (701000,5474000) ops and (70038.8,68380.9) ops/second in (10.008734,80.051583) seconds
2026/03/15-14:14:46  ... thread 61: (704000,5469000) ops and (70305.4,68314.5) ops/second in (10.013450,80.056227) seconds
2026/03/15-14:14:46  ... thread 14: (677000,5386000) ops and (67639.0,67256.1) ops/second in (10.009017,80.081897) seconds
2026/03/15-14:14:46  ... thread 43: (696000,5428000) ops and (69509.4,67788.1) ops/second in (10.013037,80.073065) seconds
2026/03/15-14:14:46  ... thread 126: (697000,5475000) ops and (69660.8,68384.9) ops/second in (10.005623,80.061526) seconds
2026/03/15-14:14:46  ... thread 103: (1012000,7810000) ops and (101146.1,97554.8) ops/second in (10.005327,80.057565) seconds
2026/03/15-14:14:46  ... thread 1: (708000,5547000) ops and (70766.2,69266.2) ops/second in (10.004781,80.082358) seconds
2026/03/15-14:14:46  ... thread 111: (698000,5475000) ops and (69713.9,68379.5) ops/second in (10.012348,80.067846) seconds
2026/03/15-14:14:46  ... thread 91: (712000,5562000) ops and (71110.2,69469.3) ops/second in (10.012631,80.064157) seconds
2026/03/15-14:14:46  ... thread 121: (700000,5473000) ops and (69952.2,68356.4) ops/second in (10.006837,80.065706) seconds
2026/03/15-14:14:46  ... thread 38: (701000,5498000) ops and (70016.7,68653.4) ops/second in (10.011892,80.083433) seconds
2026/03/15-14:14:46  ... thread 49: (696000,5435000) ops and (69558.5,67871.3) ops/second in (10.005973,80.078009) seconds
2026/03/15-14:14:46  ... thread 70: (631000,5422000) ops and (63016.3,67710.6) ops/second in (10.013278,80.076072) seconds
2026/03/15-14:14:46  ... thread 116: (706000,6695000) ops and (70598.0,83649.0) ops/second in (10.000287,80.036843) seconds
2026/03/15-14:14:46  ... thread 108: (975000,7301000) ops and (97480.9,91211.1) ops/second in (10.001958,80.045068) seconds
2026/03/15-14:14:46  ... thread 40: (700000,5466000) ops and (69908.2,68250.6) ops/second in (10.013125,80.087233) seconds
2026/03/15-14:14:46  ... thread 22: (693000,5453000) ops and (69282.4,68109.1) ops/second in (10.002540,80.062692) seconds
2026/03/15-14:14:46  ... thread 117: (901000,5762000) ops and (90071.3,71964.5) ops/second in (10.003184,80.067293) seconds
2026/03/15-14:14:46  ... thread 119: (703000,5546000) ops and (70284.8,69270.2) ops/second in (10.002161,80.063310) seconds
2026/03/15-14:14:46  ... thread 83: (708000,5511000) ops and (70777.6,68822.1) ops/second in (10.003171,80.075993) seconds
2026/03/15-14:14:46  ... thread 124: (711000,5579000) ops and (71020.2,69683.8) ops/second in (10.011242,80.061615) seconds
2026/03/15-14:14:46  ... thread 100: (705000,5549000) ops and (70446.5,69297.6) ops/second in (10.007591,80.074929) seconds
2026/03/15-14:14:46  ... thread 104: (706000,5493000) ops and (70566.8,68617.1) ops/second in (10.004709,80.052967) seconds
2026/03/15-14:14:46  ... thread 50: (619000,5278000) ops and (61825.4,65903.3) ops/second in (10.012074,80.087036) seconds
2026/03/15-14:14:46  ... thread 106: (705000,6254000) ops and (70464.7,78144.4) ops/second in (10.005006,80.031330) seconds
2026/03/15-14:14:46  ... thread 89: (702000,5979000) ops and (70174.9,74661.2) ops/second in (10.003576,80.081782) seconds
2026/03/15-14:14:46  ... thread 84: (630000,5125000) ops and (62922.4,63999.1) ops/second in (10.012334,80.079217) seconds
2026/03/15-14:14:46  ... thread 120: (697000,5703000) ops and (69620.5,71244.5) ops/second in (10.011423,80.048306) seconds
2026/03/15-14:14:46  ... thread 98: (700000,5564000) ops and (69971.8,69480.6) ops/second in (10.004035,80.079890) seconds
2026/03/15-14:14:46  ... thread 48: (1015000,7569000) ops and (101447.4,94563.6) ops/second in (10.005184,80.041397) seconds
2026/03/15-14:14:46  ... thread 102: (703000,7045000) ops and (70227.3,88003.0) ops/second in (10.010348,80.054053) seconds
2026/03/15-14:14:46  ... thread 110: (713000,5527000) ops and (71279.0,69026.3) ops/second in (10.002952,80.070945) seconds
2026/03/15-14:14:46  ... thread 109: (709000,5560000) ops and (70820.5,69441.3) ops/second in (10.011223,80.067584) seconds
2026/03/15-14:14:46  ... thread 56: (969000,7831000) ops and (96871.4,97833.0) ops/second in (10.002957,80.044588) seconds
2026/03/15-14:14:46  ... thread 19: (976000,7817000) ops and (97516.4,97654.5) ops/second in (10.008574,80.047549) seconds
2026/03/15-14:14:46  ... thread 53: (707000,6869000) ops and (70607.3,85808.9) ops/second in (10.013124,80.049977) seconds
2026/03/15-14:14:46  ... thread 0: (705000,5554000) ops and (70415.3,69377.1) ops/second in (10.012032,80.055249) seconds

** Compaction Stats [default] **
Level    Files   Size     Score Read(GB)  Rn(GB) Rnp1(GB) Write(GB) WPreComp(GB) Wnew(GB) Moved(GB) W-Amp Rd(MB/s) Wr(MB/s) Comp(sec) CompMergeCPU(sec) Comp(cnt) Avg(sec) KeyIn KeyDrop Rblob(GB) Wblob(GB)
-------------------------------------------------------------------------------------------------------------------------------------------------------------------------------------------------------------
  L7     81/0     10.10 GB   0.0      0.0     0.0      0.0       0.0       0.0      0.0       0.0   0.0      0.0      0.0      0.00              0.00         0    0.000       0      0       0.0       0.0
 Sum     81/0     10.10 GB   0.0      0.0     0.0      0.0       0.0       0.0      0.0       0.0   0.0      0.0      0.0      0.00              0.00         0    0.000       0      0       0.0       0.0
 Int      0/0      0.00 KB   0.0      0.0     0.0      0.0       0.0       0.0      0.0       0.0   0.0      0.0      0.0      0.00              0.00         0    0.000       0      0       0.0       0.0

** Compaction Stats [default] **
Priority    Files   Size     Score Read(GB)  Rn(GB) Rnp1(GB) Write(GB) WPreComp(GB) Wnew(GB) Moved(GB) W-Amp Rd(MB/s) Wr(MB/s) Comp(sec) CompMergeCPU(sec) Comp(cnt) Avg(sec) KeyIn KeyDrop Rblob(GB) Wblob(GB)
----------------------------------------------------------------------------------------------------------------------------------------------------------------------------------------------------------------

Blob file count: 0, total size: 0.0 GB, garbage size: 0.0 GB, space amp: 0.0

Uptime(secs): 80.2 total, 80.1 interval
Flush(GB): cumulative 0.000, interval 0.000
AddFile(GB): cumulative 0.000, interval 0.000
AddFile(Total Files): cumulative 0, interval 0
AddFile(L0 Files): cumulative 0, interval 0
AddFile(Keys): cumulative 0, interval 0
Cumulative compaction: 0.00 GB write, 0.00 MB/s write, 0.00 GB read, 0.00 MB/s read, 0.0 seconds
Interval compaction: 0.00 GB write, 0.00 MB/s write, 0.00 GB read, 0.00 MB/s read, 0.0 seconds
Estimated pending compaction bytes: 0
Write Stall (count): cf-l0-file-count-limit-delays-with-ongoing-compaction: 0, cf-l0-file-count-limit-stops-with-ongoing-compaction: 0, l0-file-count-limit-delays: 0, l0-file-count-limit-stops: 0, memtable-limit-delays: 0, memtable-limit-stops: 0, pending-compaction-bytes-delays: 0, pending-compaction-bytes-stops: 0, total-delays: 0, total-stops: 0
Block cache LRUCache@0x55c67107d780#1185831 capacity: 29.80 GB seed: 1773580406 usage: 0.09 KB table_size: 1024 occupancy: 1 collections: 1 last_copies: 0 last_secs: 9.2e-05 secs_since: 80
Block cache entry stats(count,size,portion): Misc(1,0.00 KB,0%)

** File Read Latency Histogram By Level [default] **

** DB Stats **
Uptime(secs): 80.2 total, 10.0 interval
Cumulative writes: 0 writes, 0 keys, 0 commit groups, 0.0 writes per commit group, ingest: 0.00 GB, 0.00 MB/s
Cumulative WAL: 0 writes, 0 syncs, 0.00 writes per sync, written: 0.00 GB, 0.00 MB/s
Cumulative stall: 00:00:0.000 H:M:S, 0.0 percent
Interval writes: 0 writes, 0 keys, 0 commit groups, 0.0 writes per commit group, ingest: 0.00 MB, 0.00 MB/s
Interval WAL: 0 writes, 0 syncs, 0.00 writes per sync, written: 0.00 GB, 0.00 MB/s
Interval stall: 00:00:0.000 H:M:S, 0.0 percent
Write Stall (count): write-buffer-manager-limit-stops: 0
num-running-compactions: 0
num-running-flushes: 0

2026/03/15-14:14:46  ... thread 105: (700000,5494000) ops and (69910.1,68606.9) ops/second in (10.012857,80.079388) seconds
2026/03/15-14:14:46  ... thread 55: (699000,5455000) ops and (69859.6,68133.4) ops/second in (10.005780,80.063467) seconds
2026/03/15-14:14:46  ... thread 44: (702000,5566000) ops and (70117.7,69519.2) ops/second in (10.011733,80.064239) seconds
2026/03/15-14:14:46  ... thread 77: (699000,5464000) ops and (69874.1,68242.7) ops/second in (10.003707,80.067169) seconds
2026/03/15-14:14:46  ... thread 97: (619000,4918000) ops and (61806.8,61415.3) ops/second in (10.015081,80.077753) seconds
2026/03/15-14:14:46  ... thread 57: (694000,5455000) ops and (69326.8,68114.5) ops/second in (10.010563,80.085684) seconds
2026/03/15-14:14:56  ... thread 3: (674000,5834000) ops and (67398.7,64798.8) ops/second in (10.000190,90.032600) seconds
2026/03/15-14:14:56  ... thread 86: (609000,5595000) ops and (60894.7,62145.4) ops/second in (10.000876,90.030803) seconds
2026/03/15-14:14:56  ... thread 127: (959000,8749000) ops and (95866.1,97178.9) ops/second in (10.003532,90.029832) seconds
2026/03/15-14:14:56  ... thread 7: (725000,8278000) ops and (72490.8,91940.0) ops/second in (10.001273,90.036996) seconds
2026/03/15-14:14:56  ... thread 27: (688000,8516000) ops and (68757.6,94580.2) ops/second in (10.006168,90.039984) seconds
2026/03/15-14:14:56  ... thread 58: (693000,8350000) ops and (69266.4,92745.4) ops/second in (10.004856,90.031415) seconds
2026/03/15-14:14:56  ... thread 65: (690000,6161000) ops and (68941.4,68424.2) ops/second in (10.008497,90.041297) seconds
2026/03/15-14:14:56  ... thread 4: (704000,6175000) ops and (70394.1,68580.9) ops/second in (10.000844,90.039693) seconds
2026/03/15-14:14:56  ... thread 42: (960000,8761000) ops and (95928.6,97299.3) ops/second in (10.007438,90.041766) seconds
2026/03/15-14:14:56  ... thread 5: (935000,8446000) ops and (93496.8,93795.9) ops/second in (10.000346,90.046625) seconds
2026/03/15-14:14:56  ... thread 30: (995000,6754000) ops and (99437.1,75008.8) ops/second in (10.006330,90.042750) seconds
2026/03/15-14:14:56  ... thread 9: (688000,6156000) ops and (68768.3,68367.6) ops/second in (10.004615,90.042658) seconds
2026/03/15-14:14:56  ... thread 113: (1005000,8796000) ops and (100484.1,97699.0) ops/second in (10.001585,90.031628) seconds
2026/03/15-14:14:56  ... thread 16: (1010000,6990000) ops and (100908.9,77632.0) ops/second in (10.009029,90.040163) seconds
2026/03/15-14:14:56  ... thread 62: (694000,6217000) ops and (69377.7,69041.8) ops/second in (10.003218,90.046914) seconds
2026/03/15-14:14:56  ... thread 68: (953000,8801000) ops and (95236.8,97735.6) ops/second in (10.006637,90.049070) seconds
2026/03/15-14:14:56  ... thread 76: (1004000,8893000) ops and (100327.5,98767.5) ops/second in (10.007223,90.039752) seconds
2026/03/15-14:14:56  ... thread 112: (997000,8153000) ops and (99667.7,90538.1) ops/second in (10.003240,90.050515) seconds
2026/03/15-14:14:56  ... thread 72: (690000,6176000) ops and (68960.5,68592.4) ops/second in (10.005721,90.039083) seconds
2026/03/15-14:14:56  ... thread 31: (960000,8759000) ops and (95994.0,97265.2) ops/second in (10.000621,90.052773) seconds
2026/03/15-14:14:56  ... thread 29: (703000,6280000) ops and (70214.2,69737.3) ops/second in (10.012223,90.052294) seconds
2026/03/15-14:14:56  ... thread 79: (687000,6960000) ops and (68667.0,77295.9) ops/second in (10.004813,90.043633) seconds
2026/03/15-14:14:56  ... thread 23: (912000,8429000) ops and (91128.7,93595.1) ops/second in (10.007822,90.058162) seconds
2026/03/15-14:14:56  ... thread 32: (692000,7690000) ops and (69124.1,85392.9) ops/second in (10.010982,90.054360) seconds
2026/03/15-14:14:56  ... thread 25: (668000,5963000) ops and (66759.1,66211.1) ops/second in (10.006126,90.060405) seconds
2026/03/15-14:14:56  ... thread 74: (693000,6704000) ops and (69280.8,74441.2) ops/second in (10.002776,90.057648) seconds
2026/03/15-14:14:56  ... thread 20: (670000,6064000) ops and (66948.1,67331.1) ops/second in (10.007747,90.062451) seconds
2026/03/15-14:14:56  ... thread 90: (901000,6376000) ops and (90037.0,70808.5) ops/second in (10.006992,90.045709) seconds
2026/03/15-14:14:56  ... thread 17: (650000,5860000) ops and (64930.1,65065.0) ops/second in (10.010768,90.063727) seconds
2026/03/15-14:14:56  ... thread 37: (610000,5576000) ops and (60945.4,61914.4) ops/second in (10.008966,90.059886) seconds
2026/03/15-14:14:56  ... thread 6: (687000,6709000) ops and (68618.1,74495.4) ops/second in (10.011939,90.059227) seconds
2026/03/15-14:14:56  ... thread 36: (695000,8179000) ops and (69434.3,90816.0) ops/second in (10.009462,90.061227) seconds
2026/03/15-14:14:56  ... thread 21: (673000,5994000) ops and (67203.9,66551.0) ops/second in (10.014298,90.066247) seconds
2026/03/15-14:14:56  ... thread 60: (909000,6339000) ops and (90807.3,70391.8) ops/second in (10.010206,90.053116) seconds
2026/03/15-14:14:56  ... thread 26: (693000,6938000) ops and (69212.5,77032.3) ops/second in (10.012646,90.066108) seconds
2026/03/15-14:14:56  ... thread 46: (689000,6306000) ops and (68889.7,70018.0) ops/second in (10.001502,90.062543) seconds
2026/03/15-14:14:56  ... thread 39: (690000,6172000) ops and (68955.4,68530.0) ops/second in (10.006462,90.062692) seconds
2026/03/15-14:14:56  ... thread 123: (686000,7616000) ops and (68589.2,84575.9) ops/second in (10.001569,90.049286) seconds
2026/03/15-14:14:56  ... thread 64: (692000,6236000) ops and (69160.7,69244.0) ops/second in (10.005677,90.058298) seconds
2026/03/15-14:14:56  ... thread 34: (957000,6865000) ops and (95615.3,76223.7) ops/second in (10.008858,90.063851) seconds
2026/03/15-14:14:56  ... thread 18: (691000,6015000) ops and (69023.2,66783.0) ops/second in (10.011121,90.067854) seconds
2026/03/15-14:14:56  ... thread 88: (687000,6145000) ops and (68634.2,68239.5) ops/second in (10.009585,90.050517) seconds
2026/03/15-14:14:56  ... thread 122: (688000,6280000) ops and (68776.2,69728.5) ops/second in (10.003460,90.063633) seconds
2026/03/15-14:14:56  ... thread 11: (648000,5795000) ops and (64702.1,64339.5) ops/second in (10.015129,90.069034) seconds
2026/03/15-14:14:56  ... thread 114: (705000,6485000) ops and (70498.1,72011.0) ops/second in (10.000270,90.055640) seconds
2026/03/15-14:14:56  ... thread 118: (959000,8743000) ops and (95826.0,97092.8) ops/second in (10.007724,90.047879) seconds
2026/03/15-14:14:56  ... thread 99: (694000,6282000) ops and (69354.8,69748.6) ops/second in (10.006524,90.066314) seconds
2026/03/15-14:14:56  ... thread 47: (1008000,7103000) ops and (100783.2,78869.6) ops/second in (10.001671,90.060000) seconds
2026/03/15-14:14:56  ... thread 101: (688000,6324000) ops and (68771.6,70215.5) ops/second in (10.004130,90.065540) seconds
2026/03/15-14:14:56  ... thread 80: (693000,6251000) ops and (69248.8,69414.7) ops/second in (10.007389,90.052908) seconds
2026/03/15-14:14:56  ... thread 67: (1002000,8320000) ops and (100131.8,92381.8) ops/second in (10.006807,90.061040) seconds
2026/03/15-14:14:56  ... thread 78: (1007000,8669000) ops and (100658.6,96260.6) ops/second in (10.004108,90.057611) seconds
2026/03/15-14:14:56  ... thread 15: (697000,6255000) ops and (69686.3,69448.1) ops/second in (10.001964,90.067312) seconds
2026/03/15-14:14:56  ... thread 54: (700000,6225000) ops and (69991.9,69115.9) ops/second in (10.001163,90.066090) seconds
2026/03/15-14:14:56  ... thread 28: (688000,6144000) ops and (68731.1,68219.4) ops/second in (10.010019,90.062419) seconds
2026/03/15-14:14:56  ... thread 92: (682000,6193000) ops and (68145.3,68759.0) ops/second in (10.008022,90.068185) seconds
2026/03/15-14:14:56  ... thread 87: (690000,7996000) ops and (68984.8,88789.8) ops/second in (10.002207,90.055426) seconds
2026/03/15-14:14:56  ... thread 12: (666000,5994000) ops and (66546.3,66546.0) ops/second in (10.008066,90.072976) seconds
2026/03/15-14:14:56  ... thread 69: (732000,8418000) ops and (73122.6,93471.3) ops/second in (10.010586,90.059693) seconds
2026/03/15-14:14:56  ... thread 52: (699000,6254000) ops and (69848.9,69439.5) ops/second in (10.007312,90.064029) seconds
2026/03/15-14:14:56  ... thread 95: (695000,6192000) ops and (69470.3,68760.0) ops/second in (10.004279,90.052293) seconds
2026/03/15-14:14:56  ... thread 73: (700000,6072000) ops and (69978.8,67418.4) ops/second in (10.003027,90.064404) seconds
2026/03/15-14:14:56  ... thread 45: (700000,6262000) ops and (69949.4,69523.8) ops/second in (10.007230,90.069817) seconds
2026/03/15-14:14:56  ... thread 2: (914000,6676000) ops and (91270.3,74120.2) ops/second in (10.014215,90.069931) seconds
2026/03/15-14:14:56  ... thread 13: (690000,6180000) ops and (68935.3,68613.3) ops/second in (10.009390,90.070064) seconds
2026/03/15-14:14:56  ... thread 125: (751000,8154000) ops and (75086.6,90546.9) ops/second in (10.001783,90.052820) seconds
2026/03/15-14:14:56  ... thread 75: (691000,6187000) ops and (69022.2,68691.0) ops/second in (10.011266,90.070032) seconds
2026/03/15-14:14:56  ... thread 10: (691000,6182000) ops and (69042.8,68634.5) ops/second in (10.008279,90.071323) seconds
2026/03/15-14:14:56  ... thread 51: (701000,7657000) ops and (70053.9,85015.1) ops/second in (10.006579,90.066356) seconds
2026/03/15-14:14:56  ... thread 107: (962000,6701000) ops and (96178.1,74412.9) ops/second in (10.002277,90.051632) seconds
2026/03/15-14:14:56  ... thread 93: (692000,6603000) ops and (69150.4,73313.6) ops/second in (10.007166,90.065198) seconds
2026/03/15-14:14:56  ... thread 8: (693000,6194000) ops and (69289.3,68762.0) ops/second in (10.001540,90.078842) seconds
2026/03/15-14:14:56  ... thread 59: (688000,7127000) ops and (68793.4,79127.9) ops/second in (10.000963,90.069369) seconds
2026/03/15-14:14:56  ... thread 115: (923000,7908000) ops and (92213.4,87817.8) ops/second in (10.009392,90.050102) seconds
2026/03/15-14:14:56  ... thread 41: (701000,6266000) ops and (70034.0,69570.9) ops/second in (10.009424,90.066435) seconds
2026/03/15-14:14:56  ... thread 85: (693000,6208000) ops and (69293.4,68926.9) ops/second in (10.000957,90.066459) seconds
2026/03/15-14:14:56  ... thread 71: (690000,6164000) ops and (68999.4,68449.6) ops/second in (10.000091,90.051674) seconds
2026/03/15-14:14:56  ... thread 96: (686000,6331000) ops and (68567.3,70284.4) ops/second in (10.004772,90.076923) seconds
2026/03/15-14:14:56  ... thread 24: (663000,5939000) ops and (66232.8,65929.3) ops/second in (10.010151,90.081290) seconds
2026/03/15-14:14:56  ... thread 63: (997000,7641000) ops and (99650.9,84835.6) ops/second in (10.004927,90.068292) seconds
2026/03/15-14:14:56  ... thread 33: (1006000,7202000) ops and (100543.2,79963.9) ops/second in (10.005649,90.065652) seconds
2026/03/15-14:14:56  ... thread 81: (687000,6167000) ops and (68623.3,68468.9) ops/second in (10.011175,90.070087) seconds
2026/03/15-14:14:56  ... thread 35: (689000,6158000) ops and (68840.3,68361.0) ops/second in (10.008677,90.080539) seconds
2026/03/15-14:14:56  ... thread 82: (963000,7293000) ops and (96224.8,80972.7) ops/second in (10.007813,90.067339) seconds
2026/03/15-14:14:56  ... thread 126: (689000,6164000) ops and (68872.3,68439.0) ops/second in (10.004029,90.065555) seconds
2026/03/15-14:14:56  ... thread 66: (690000,6189000) ops and (68905.6,68707.3) ops/second in (10.013704,90.077738) seconds
2026/03/15-14:14:56  ... thread 111: (684000,6159000) ops and (68383.5,68380.0) ops/second in (10.002408,90.070254) seconds
2026/03/15-14:14:56  ... thread 94: (982000,6692000) ops and (98127.9,74300.7) ops/second in (10.007344,90.066428) seconds
2026/03/15-14:14:56  ... thread 14: (668000,6054000) ops and (66760.9,67201.1) ops/second in (10.005853,90.087750) seconds
2026/03/15-14:14:56  ... thread 91: (701000,6263000) ops and (70064.2,69535.4) ops/second in (10.005116,90.069273) seconds
2026/03/15-14:14:56  ... thread 49: (685000,6120000) ops and (68475.1,67938.4) ops/second in (10.003639,90.081648) seconds
2026/03/15-14:14:56  ... thread 43: (692000,6120000) ops and (69137.6,67938.0) ops/second in (10.009023,90.082088) seconds
2026/03/15-14:14:56  ... thread 61: (697000,6166000) ops and (69628.5,68460.5) ops/second in (10.010269,90.066496) seconds
2026/03/15-14:14:56  ... thread 121: (690000,6163000) ops and (68962.6,68423.7) ops/second in (10.005420,90.071126) seconds
2026/03/15-14:14:56  ... thread 103: (1007000,8817000) ops and (100602.3,97893.5) ops/second in (10.009715,90.067280) seconds
2026/03/15-14:14:56  ... thread 1: (697000,6244000) ops and (69610.0,69304.4) ops/second in (10.012923,90.095281) seconds
2026/03/15-14:14:56  ... thread 38: (690000,6188000) ops and (68932.3,68684.4) ops/second in (10.009823,90.093256) seconds
2026/03/15-14:14:56  ... thread 40: (715000,6181000) ops and (71455.3,68606.5) ops/second in (10.006252,90.093485) seconds
2026/03/15-14:14:56  ... thread 119: (693000,6239000) ops and (69255.3,69268.5) ops/second in (10.006448,90.069758) seconds
2026/03/15-14:14:56  ... thread 108: (963000,8264000) ops and (96209.0,91766.6) ops/second in (10.009459,90.054527) seconds
2026/03/15-14:14:56  ... thread 117: (957000,6719000) ops and (95624.0,74593.2) ops/second in (10.007945,90.075238) seconds
2026/03/15-14:14:56  ... thread 70: (626000,6048000) ops and (62524.6,67134.3) ops/second in (10.012063,90.088135) seconds
2026/03/15-14:14:56  ... thread 116: (695000,7390000) ops and (69420.3,82067.0) ops/second in (10.011478,90.048321) seconds
2026/03/15-14:14:56  ... thread 22: (686000,6139000) ops and (68528.9,68155.8) ops/second in (10.010377,90.073069) seconds
2026/03/15-14:14:56  ... thread 83: (698000,6209000) ops and (69735.5,68923.6) ops/second in (10.009245,90.085238) seconds
2026/03/15-14:14:56  ... thread 124: (701000,6280000) ops and (70009.7,69720.1) ops/second in (10.012903,90.074518) seconds
2026/03/15-14:14:56  ... thread 100: (696000,6245000) ops and (69505.5,69320.7) ops/second in (10.013591,90.088520) seconds
2026/03/15-14:14:56  ... thread 104: (690000,6183000) ops and (68935.8,68652.5) ops/second in (10.009311,90.062278) seconds
2026/03/15-14:14:56  ... thread 106: (696000,6950000) ops and (69527.2,77186.4) ops/second in (10.010471,90.041801) seconds
2026/03/15-14:14:56  ... thread 50: (610000,5888000) ops and (60933.3,65351.1) ops/second in (10.010942,90.097978) seconds
2026/03/15-14:14:56  ... thread 89: (692000,6671000) ops and (69136.2,74047.3) ops/second in (10.009233,90.091015) seconds
2026/03/15-14:14:56  ... thread 98: (684000,6248000) ops and (68342.6,69354.2) ops/second in (10.008400,90.088290) seconds
2026/03/15-14:14:56  ... thread 110: (701000,6228000) ops and (70090.1,69144.4) ops/second in (10.001412,90.072357) seconds
2026/03/15-14:14:56  ... thread 102: (689000,7734000) ops and (68880.2,85879.0) ops/second in (10.002874,90.056927) seconds
2026/03/15-14:14:56  ... thread 48: (1009000,8578000) ops and (100861.0,95263.2) ops/second in (10.003869,90.045266) seconds
2026/03/15-14:14:56  ... thread 84: (621000,5746000) ops and (62008.9,63777.9) ops/second in (10.014699,90.093916) seconds
2026/03/15-14:14:56  ... thread 120: (687000,6390000) ops and (68604.5,70950.9) ops/second in (10.013923,90.062229) seconds
2026/03/15-14:14:56  ... thread 56: (958000,8789000) ops and (95764.1,97603.1) ops/second in (10.003754,90.048342) seconds
2026/03/15-14:14:56  ... thread 53: (696000,7565000) ops and (69586.2,84007.1) ops/second in (10.001982,90.051959) seconds
2026/03/15-14:14:56  ... thread 19: (962000,8779000) ops and (96143.8,97486.6) ops/second in (10.005842,90.053391) seconds
2026/03/15-14:14:56  ... thread 109: (700000,6260000) ops and (69925.2,69495.1) ops/second in (10.010699,90.078283) seconds
2026/03/15-14:14:56  ... thread 0: (695000,6249000) ops and (69461.2,69386.4) ops/second in (10.005580,90.060829) seconds

** Compaction Stats [default] **
Level    Files   Size     Score Read(GB)  Rn(GB) Rnp1(GB) Write(GB) WPreComp(GB) Wnew(GB) Moved(GB) W-Amp Rd(MB/s) Wr(MB/s) Comp(sec) CompMergeCPU(sec) Comp(cnt) Avg(sec) KeyIn KeyDrop Rblob(GB) Wblob(GB)
-------------------------------------------------------------------------------------------------------------------------------------------------------------------------------------------------------------
  L7     81/0     10.10 GB   0.0      0.0     0.0      0.0       0.0       0.0      0.0       0.0   0.0      0.0      0.0      0.00              0.00         0    0.000       0      0       0.0       0.0
 Sum     81/0     10.10 GB   0.0      0.0     0.0      0.0       0.0       0.0      0.0       0.0   0.0      0.0      0.0      0.00              0.00         0    0.000       0      0       0.0       0.0
 Int      0/0      0.00 KB   0.0      0.0     0.0      0.0       0.0       0.0      0.0       0.0   0.0      0.0      0.0      0.00              0.00         0    0.000       0      0       0.0       0.0

** Compaction Stats [default] **
Priority    Files   Size     Score Read(GB)  Rn(GB) Rnp1(GB) Write(GB) WPreComp(GB) Wnew(GB) Moved(GB) W-Amp Rd(MB/s) Wr(MB/s) Comp(sec) CompMergeCPU(sec) Comp(cnt) Avg(sec) KeyIn KeyDrop Rblob(GB) Wblob(GB)
----------------------------------------------------------------------------------------------------------------------------------------------------------------------------------------------------------------

Blob file count: 0, total size: 0.0 GB, garbage size: 0.0 GB, space amp: 0.0

Uptime(secs): 90.2 total, 90.2 interval
Flush(GB): cumulative 0.000, interval 0.000
AddFile(GB): cumulative 0.000, interval 0.000
AddFile(Total Files): cumulative 0, interval 0
AddFile(L0 Files): cumulative 0, interval 0
AddFile(Keys): cumulative 0, interval 0
Cumulative compaction: 0.00 GB write, 0.00 MB/s write, 0.00 GB read, 0.00 MB/s read, 0.0 seconds
Interval compaction: 0.00 GB write, 0.00 MB/s write, 0.00 GB read, 0.00 MB/s read, 0.0 seconds
Estimated pending compaction bytes: 0
Write Stall (count): cf-l0-file-count-limit-delays-with-ongoing-compaction: 0, cf-l0-file-count-limit-stops-with-ongoing-compaction: 0, l0-file-count-limit-delays: 0, l0-file-count-limit-stops: 0, memtable-limit-delays: 0, memtable-limit-stops: 0, pending-compaction-bytes-delays: 0, pending-compaction-bytes-stops: 0, total-delays: 0, total-stops: 0
Block cache LRUCache@0x55c67107d780#1185831 capacity: 29.80 GB seed: 1773580406 usage: 0.09 KB table_size: 1024 occupancy: 1 collections: 1 last_copies: 0 last_secs: 9.2e-05 secs_since: 90
Block cache entry stats(count,size,portion): Misc(1,0.00 KB,0%)

** File Read Latency Histogram By Level [default] **

** DB Stats **
Uptime(secs): 90.2 total, 10.0 interval
Cumulative writes: 0 writes, 0 keys, 0 commit groups, 0.0 writes per commit group, ingest: 0.00 GB, 0.00 MB/s
Cumulative WAL: 0 writes, 0 syncs, 0.00 writes per sync, written: 0.00 GB, 0.00 MB/s
Cumulative stall: 00:00:0.000 H:M:S, 0.0 percent
Interval writes: 0 writes, 0 keys, 0 commit groups, 0.0 writes per commit group, ingest: 0.00 MB, 0.00 MB/s
Interval WAL: 0 writes, 0 syncs, 0.00 writes per sync, written: 0.00 GB, 0.00 MB/s
Interval stall: 00:00:0.000 H:M:S, 0.0 percent
Write Stall (count): write-buffer-manager-limit-stops: 0
num-running-compactions: 0
num-running-flushes: 0

2026/03/15-14:14:56  ... thread 55: (687000,6142000) ops and (68694.4,68195.7) ops/second in (10.000815,90.064282) seconds
2026/03/15-14:14:56  ... thread 105: (690000,6184000) ops and (68941.7,68644.1) ops/second in (10.008462,90.087850) seconds
2026/03/15-14:14:56  ... thread 44: (690000,6256000) ops and (68957.9,69456.8) ops/second in (10.006105,90.070344) seconds
2026/03/15-14:14:56  ... thread 77: (934000,6398000) ops and (93361.9,71032.7) ops/second in (10.004084,90.071253) seconds
2026/03/15-14:14:56  ... thread 97: (611000,5529000) ops and (61069.0,61376.9) ops/second in (10.005070,90.082823) seconds
2026/03/15-14:14:56  ... thread 57: (684000,6139000) ops and (68315.8,68136.9) ops/second in (10.012327,90.098011) seconds
2026/03/15-14:15:06  ... thread 86: (601000,6196000) ops and (60088.0,61939.7) ops/second in (10.001994,100.032797) seconds
2026/03/15-14:15:06  ... thread 127: (950000,9699000) ops and (94939.7,96954.9) ops/second in (10.006354,100.036186) seconds
2026/03/15-14:15:06  ... thread 3: (664000,6498000) ops and (66333.7,64952.3) ops/second in (10.010001,100.042601) seconds
2026/03/15-14:15:06  ... thread 65: (680000,6841000) ops and (67998.6,68381.6) ops/second in (10.000206,100.041503) seconds
2026/03/15-14:15:06  ... thread 27: (681000,9197000) ops and (68064.3,91928.4) ops/second in (10.005244,100.045228) seconds
2026/03/15-14:15:06  ... thread 4: (948000,7123000) ops and (94780.8,71200.3) ops/second in (10.002025,100.041718) seconds
2026/03/15-14:15:06  ... thread 42: (946000,9707000) ops and (94587.2,97028.2) ops/second in (10.001351,100.043117) seconds
2026/03/15-14:15:06  ... thread 113: (998000,9794000) ops and (99793.9,97908.4) ops/second in (10.000608,100.032236) seconds
2026/03/15-14:15:06  ... thread 7: (657000,8935000) ops and (65607.7,89304.4) ops/second in (10.014074,100.051070) seconds
2026/03/15-14:15:06  ... thread 16: (951000,7941000) ops and (95085.1,79376.9) ops/second in (10.001564,100.041727) seconds
2026/03/15-14:15:06  ... thread 68: (940000,9741000) ops and (93993.2,97361.5) ops/second in (10.000722,100.049792) seconds
2026/03/15-14:15:06  ... thread 30: (991000,7745000) ops and (99042.4,77412.4) ops/second in (10.005811,100.048561) seconds
2026/03/15-14:15:06  ... thread 9: (678000,6834000) ops and (67769.5,68307.8) ops/second in (10.004497,100.047155) seconds
2026/03/15-14:15:06  ... thread 58: (682000,9032000) ops and (68111.1,90279.9) ops/second in (10.013057,100.044472) seconds
2026/03/15-14:15:06  ... thread 5: (923000,9369000) ops and (92211.7,93637.4) ops/second in (10.009572,100.056197) seconds
2026/03/15-14:15:06  ... thread 76: (994000,9887000) ops and (99361.9,98826.9) ops/second in (10.003835,100.043587) seconds
2026/03/15-14:15:06  ... thread 23: (657000,9086000) ops and (65688.9,90805.7) ops/second in (10.001685,100.059847) seconds
2026/03/15-14:15:06  ... thread 62: (684000,6901000) ops and (68339.2,68971.5) ops/second in (10.008892,100.055806) seconds
2026/03/15-14:15:06  ... thread 29: (690000,6970000) ops and (68975.3,69661.1) ops/second in (10.003585,100.055879) seconds
2026/03/15-14:15:06  ... thread 32: (679000,8369000) ops and (67877.5,83641.8) ops/second in (10.003310,100.057670) seconds
2026/03/15-14:15:06  ... thread 31: (947000,9706000) ops and (94649.1,97003.6) ops/second in (10.005381,100.058154) seconds
2026/03/15-14:15:06  ... thread 112: (990000,9143000) ops and (98921.4,91376.6) ops/second in (10.007943,100.058458) seconds
2026/03/15-14:15:06  ... thread 20: (657000,6721000) ops and (65687.2,67166.7) ops/second in (10.001946,100.064397) seconds
2026/03/15-14:15:06  ... thread 37: (602000,6178000) ops and (60195.0,61742.5) ops/second in (10.000836,100.060722) seconds
2026/03/15-14:15:06  ... thread 79: (672000,7632000) ops and (67143.6,76280.3) ops/second in (10.008393,100.052026) seconds
2026/03/15-14:15:06  ... thread 90: (951000,7327000) ops and (95066.2,73233.9) ops/second in (10.003558,100.049267) seconds
2026/03/15-14:15:06  ... thread 123: (675000,8291000) ops and (67499.7,82869.1) ops/second in (10.000049,100.049335) seconds
2026/03/15-14:15:06  ... thread 36: (686000,8865000) ops and (68585.0,88593.8) ops/second in (10.002189,100.063416) seconds
2026/03/15-14:15:06  ... thread 72: (680000,6856000) ops and (67924.4,68525.6) ops/second in (10.011137,100.050220) seconds
2026/03/15-14:15:06  ... thread 88: (682000,6827000) ops and (68195.3,68235.1) ops/second in (10.000693,100.051210) seconds
2026/03/15-14:15:06  ... thread 39: (982000,7154000) ops and (98179.4,71493.7) ops/second in (10.002102,100.064794) seconds
2026/03/15-14:15:06  ... thread 101: (687000,7011000) ops and (68699.2,70064.0) ops/second in (10.000122,100.065662) seconds
2026/03/15-14:15:06  ... thread 21: (656000,6650000) ops and (65572.2,66453.2) ops/second in (10.004234,100.070481) seconds
2026/03/15-14:15:06  ... thread 118: (929000,9672000) ops and (92885.2,96672.2) ops/second in (10.001593,100.049472) seconds
2026/03/15-14:15:06  ... thread 47: (1001000,8104000) ops and (100081.1,80989.9) ops/second in (10.001887,100.061887) seconds
2026/03/15-14:15:06  ... thread 74: (683000,7387000) ops and (68232.4,73820.1) ops/second in (10.009914,100.067562) seconds
2026/03/15-14:15:06  ... thread 34: (943000,7808000) ops and (94253.4,78026.3) ops/second in (10.004941,100.068792) seconds
2026/03/15-14:15:06  ... thread 26: (668000,7606000) ops and (66756.7,76004.8) ops/second in (10.006490,100.072598) seconds
2026/03/15-14:15:06  ... thread 25: (660000,6623000) ops and (65917.7,66181.8) ops/second in (10.012488,100.072893) seconds
2026/03/15-14:15:06  ... thread 12: (655000,6649000) ops and (65496.0,66441.1) ops/second in (10.000618,100.073594) seconds
2026/03/15-14:15:06  ... thread 2: (632000,7308000) ops and (63199.8,73028.9) ops/second in (10.000039,100.069970) seconds
2026/03/15-14:15:06  ... thread 11: (640000,6435000) ops and (63966.5,64302.2) ops/second in (10.005237,100.074271) seconds
2026/03/15-14:15:06  ... thread 60: (948000,7287000) ops and (94724.2,72825.5) ops/second in (10.008006,100.061122) seconds
2026/03/15-14:15:06  ... thread 114: (945000,7430000) ops and (94447.2,74254.5) ops/second in (10.005595,100.061235) seconds
2026/03/15-14:15:06  ... thread 15: (690000,6945000) ops and (68974.8,69400.7) ops/second in (10.003656,100.070968) seconds
2026/03/15-14:15:06  ... thread 64: (682000,6918000) ops and (68144.0,69134.0) ops/second in (10.008212,100.066510) seconds
2026/03/15-14:15:06  ... thread 6: (677000,7386000) ops and (67623.3,73807.9) ops/second in (10.011339,100.070566) seconds
2026/03/15-14:15:06  ... thread 54: (706000,6931000) ops and (70568.5,69261.1) ops/second in (10.004465,100.070555) seconds
2026/03/15-14:15:06  ... thread 46: (678000,6984000) ops and (67731.9,69789.3) ops/second in (10.010057,100.072600) seconds
2026/03/15-14:15:06  ... thread 18: (682000,6697000) ops and (68133.8,66918.1) ops/second in (10.009716,100.077570) seconds
2026/03/15-14:15:06  ... thread 17: (642000,6502000) ops and (64104.9,64969.0) ops/second in (10.014840,100.078567) seconds
2026/03/15-14:15:06  ... thread 93: (679000,7282000) ops and (67893.6,72771.9) ops/second in (10.000950,100.066148) seconds
2026/03/15-14:15:06  ... thread 78: (1000000,9669000) ops and (99913.3,96626.0) ops/second in (10.008675,100.066286) seconds
2026/03/15-14:15:06  ... thread 73: (691000,6763000) ops and (69058.8,67582.4) ops/second in (10.005961,100.070365) seconds
2026/03/15-14:15:06  ... thread 28: (680000,6824000) ops and (67944.7,68191.9) ops/second in (10.008140,100.070559) seconds
2026/03/15-14:15:06  ... thread 67: (946000,9266000) ops and (94508.7,92594.5) ops/second in (10.009665,100.070705) seconds
2026/03/15-14:15:06  ... thread 87: (679000,8675000) ops and (67850.3,86695.6) ops/second in (10.007332,100.062758) seconds
2026/03/15-14:15:06  ... thread 75: (679000,6866000) ops and (67859.7,68607.9) ops/second in (10.005946,100.075978) seconds
2026/03/15-14:15:06  ... thread 45: (692000,6954000) ops and (69152.9,69486.8) ops/second in (10.006812,100.076629) seconds
2026/03/15-14:15:06  ... thread 8: (681000,6875000) ops and (68083.2,68694.1) ops/second in (10.002466,100.081308) seconds
2026/03/15-14:15:06  ... thread 122: (677000,6957000) ops and (67611.4,69516.7) ops/second in (10.013101,100.076734) seconds
2026/03/15-14:15:06  ... thread 92: (672000,6865000) ops and (67139.1,68597.0) ops/second in (10.009071,100.077256) seconds
2026/03/15-14:15:06  ... thread 99: (686000,6968000) ops and (68515.2,69625.2) ops/second in (10.012372,100.078686) seconds
2026/03/15-14:15:06  ... thread 96: (681000,7012000) ops and (68095.4,70065.6) ops/second in (10.000672,100.077595) seconds
2026/03/15-14:15:06  ... thread 95: (683000,6875000) ops and (68241.8,68708.2) ops/second in (10.008525,100.060818) seconds
2026/03/15-14:15:06  ... thread 69: (674000,9092000) ops and (67337.5,90857.3) ops/second in (10.009289,100.068982) seconds
2026/03/15-14:15:06  ... thread 63: (991000,8632000) ops and (99092.5,86260.4) ops/second in (10.000758,100.069050) seconds
2026/03/15-14:15:06  ... thread 51: (691000,8348000) ops and (69048.4,83418.4) ops/second in (10.007480,100.073836) seconds
2026/03/15-14:15:06  ... thread 80: (688000,6939000) ops and (68711.1,69344.3) ops/second in (10.012934,100.065842) seconds
2026/03/15-14:15:06  ... thread 125: (683000,8837000) ops and (68237.0,88315.2) ops/second in (10.009227,100.062047) seconds
2026/03/15-14:15:06  ... thread 52: (690000,6944000) ops and (68924.0,69387.9) ops/second in (10.011028,100.075057) seconds
2026/03/15-14:15:06  ... thread 10: (676000,6858000) ops and (67537.1,68524.7) ops/second in (10.009318,100.080641) seconds
2026/03/15-14:15:06  ... thread 81: (676000,6843000) ops and (67588.8,68380.9) ops/second in (10.001661,100.071748) seconds
2026/03/15-14:15:06  ... thread 107: (674000,7375000) ops and (67332.4,73704.5) ops/second in (10.010039,100.061671) seconds
2026/03/15-14:15:06  ... thread 13: (682000,6862000) ops and (68109.9,68562.9) ops/second in (10.013229,100.083293) seconds
2026/03/15-14:15:06  ... thread 33: (995000,8197000) ops and (99456.7,81912.7) ops/second in (10.004351,100.070003) seconds
2026/03/15-14:15:06  ... thread 85: (682000,6890000) ops and (68144.5,68848.6) ops/second in (10.008138,100.074597) seconds
2026/03/15-14:15:06  ... thread 115: (681000,8589000) ops and (68041.6,85839.6) ops/second in (10.008579,100.058681) seconds
2026/03/15-14:15:06  ... thread 41: (692000,6958000) ops and (69140.6,69527.8) ops/second in (10.008591,100.075026) seconds
2026/03/15-14:15:06  ... thread 111: (671000,6830000) ops and (67087.9,68250.8) ops/second in (10.001799,100.072053) seconds
2026/03/15-14:15:06  ... thread 71: (680000,6844000) ops and (67941.9,68398.8) ops/second in (10.008546,100.060220) seconds
2026/03/15-14:15:06  ... thread 14: (657000,6711000) ops and (65686.0,67049.7) ops/second in (10.002134,100.089884) seconds
2026/03/15-14:15:06  ... thread 59: (679000,7806000) ops and (67814.7,77996.1) ops/second in (10.012578,100.081947) seconds
2026/03/15-14:15:06  ... thread 66: (612000,6801000) ops and (61169.7,67953.8) ops/second in (10.004958,100.082696) seconds
2026/03/15-14:15:06  ... thread 24: (660000,6599000) ops and (65928.5,65929.3) ops/second in (10.010844,100.092134) seconds
2026/03/15-14:15:06  ... thread 94: (950000,7642000) ops and (94954.4,76365.6) ops/second in (10.004801,100.071229) seconds
2026/03/15-14:15:06  ... thread 82: (951000,8244000) ops and (95019.9,82377.6) ops/second in (10.008428,100.075767) seconds
2026/03/15-14:15:06  ... thread 49: (677000,6797000) ops and (67684.7,67913.0) ops/second in (10.002257,100.083905) seconds
2026/03/15-14:15:06  ... thread 126: (678000,6842000) ops and (67750.3,68370.2) ops/second in (10.007342,100.072897) seconds
2026/03/15-14:15:06  ... thread 103: (1000000,9817000) ops and (99979.8,98102.0) ops/second in (10.002019,100.069299) seconds
2026/03/15-14:15:06  ... thread 35: (679000,6837000) ops and (67829.3,68307.9) ops/second in (10.010416,100.090955) seconds
2026/03/15-14:15:06  ... thread 91: (680000,6943000) ops and (67968.5,69378.7) ops/second in (10.004639,100.073912) seconds
2026/03/15-14:15:06  ... thread 61: (689000,6855000) ops and (68842.8,68498.8) ops/second in (10.008305,100.074801) seconds
2026/03/15-14:15:06  ... thread 43: (682000,6802000) ops and (68127.2,67957.0) ops/second in (10.010691,100.092779) seconds
2026/03/15-14:15:06  ... thread 108: (952000,9216000) ops and (95170.3,92106.9) ops/second in (10.003123,100.057650) seconds
2026/03/15-14:15:06  ... thread 40: (941000,7122000) ops and (94013.2,71146.9) ops/second in (10.009236,100.102721) seconds
2026/03/15-14:15:06  ... thread 121: (680000,6843000) ops and (67899.6,68371.3) ops/second in (10.014782,100.085908) seconds
2026/03/15-14:15:06  ... thread 117: (943000,7662000) ops and (94229.6,76556.7) ops/second in (10.007471,100.082709) seconds
2026/03/15-14:15:06  ... thread 1: (689000,6933000) ops and (68815.1,69255.5) ops/second in (10.012343,100.107624) seconds
2026/03/15-14:15:06  ... thread 70: (689000,6737000) ops and (68840.5,67304.9) ops/second in (10.008648,100.096783) seconds
2026/03/15-14:15:06  ... thread 38: (679000,6867000) ops and (67810.6,68597.0) ops/second in (10.013180,100.106436) seconds
2026/03/15-14:15:06  ... thread 22: (676000,6815000) ops and (67544.4,68094.6) ops/second in (10.008238,100.081307) seconds
2026/03/15-14:15:06  ... thread 83: (691000,6900000) ops and (69039.8,68935.2) ops/second in (10.008724,100.093962) seconds
2026/03/15-14:15:06  ... thread 104: (678000,6861000) ops and (67794.0,68566.7) ops/second in (10.000891,100.063169) seconds
2026/03/15-14:15:06  ... thread 119: (681000,6920000) ops and (68005.7,69142.2) ops/second in (10.013866,100.083624) seconds
2026/03/15-14:15:06  ... thread 124: (692000,6972000) ops and (69162.5,69664.3) ops/second in (10.005425,100.079943) seconds
2026/03/15-14:15:06  ... thread 116: (688000,8078000) ops and (68702.1,80729.5) ops/second in (10.014254,100.062575) seconds
2026/03/15-14:15:06  ... thread 100: (686000,6931000) ops and (68513.7,69240.0) ops/second in (10.012592,100.101112) seconds
2026/03/15-14:15:06  ... thread 50: (670000,6558000) ops and (66964.8,65512.4) ops/second in (10.005260,100.103238) seconds
2026/03/15-14:15:06  ... thread 89: (679000,7350000) ops and (67883.0,73431.3) ops/second in (10.002498,100.093513) seconds
2026/03/15-14:15:06  ... thread 106: (684000,7634000) ops and (68336.5,76301.0) ops/second in (10.009299,100.051100) seconds
2026/03/15-14:15:06  ... thread 84: (613000,6359000) ops and (61287.0,63529.0) ops/second in (10.002117,100.096033) seconds
2026/03/15-14:15:06  ... thread 48: (1005000,9583000) ops and (100464.2,95783.2) ops/second in (10.003560,100.048826) seconds
2026/03/15-14:15:06  ... thread 110: (692000,6920000) ops and (69144.6,69144.4) ops/second in (10.008017,100.080374) seconds
2026/03/15-14:15:06  ... thread 102: (682000,8416000) ops and (68149.2,84105.8) ops/second in (10.007461,100.064388) seconds
2026/03/15-14:15:06  ... thread 98: (682000,6930000) ops and (68128.3,69231.6) ops/second in (10.010521,100.098811) seconds
2026/03/15-14:15:06  ... thread 56: (944000,9733000) ops and (94341.1,97276.9) ops/second in (10.006243,100.054585) seconds
2026/03/15-14:15:06  ... thread 0: (688000,6937000) ops and (68799.1,69327.7) ops/second in (10.000134,100.060963) seconds

** Compaction Stats [default] **
Level    Files   Size     Score Read(GB)  Rn(GB) Rnp1(GB) Write(GB) WPreComp(GB) Wnew(GB) Moved(GB) W-Amp Rd(MB/s) Wr(MB/s) Comp(sec) CompMergeCPU(sec) Comp(cnt) Avg(sec) KeyIn KeyDrop Rblob(GB) Wblob(GB)
-------------------------------------------------------------------------------------------------------------------------------------------------------------------------------------------------------------
  L7     81/0     10.10 GB   0.0      0.0     0.0      0.0       0.0       0.0      0.0       0.0   0.0      0.0      0.0      0.00              0.00         0    0.000       0      0       0.0       0.0
 Sum     81/0     10.10 GB   0.0      0.0     0.0      0.0       0.0       0.0      0.0       0.0   0.0      0.0      0.0      0.00              0.00         0    0.000       0      0       0.0       0.0
 Int      0/0      0.00 KB   0.0      0.0     0.0      0.0       0.0       0.0      0.0       0.0   0.0      0.0      0.0      0.00              0.00         0    0.000       0      0       0.0       0.0

** Compaction Stats [default] **
Priority    Files   Size     Score Read(GB)  Rn(GB) Rnp1(GB) Write(GB) WPreComp(GB) Wnew(GB) Moved(GB) W-Amp Rd(MB/s) Wr(MB/s) Comp(sec) CompMergeCPU(sec) Comp(cnt) Avg(sec) KeyIn KeyDrop Rblob(GB) Wblob(GB)
----------------------------------------------------------------------------------------------------------------------------------------------------------------------------------------------------------------

Blob file count: 0, total size: 0.0 GB, garbage size: 0.0 GB, space amp: 0.0

Uptime(secs): 100.2 total, 100.2 interval
Flush(GB): cumulative 0.000, interval 0.000
AddFile(GB): cumulative 0.000, interval 0.000
AddFile(Total Files): cumulative 0, interval 0
AddFile(L0 Files): cumulative 0, interval 0
AddFile(Keys): cumulative 0, interval 0
Cumulative compaction: 0.00 GB write, 0.00 MB/s write, 0.00 GB read, 0.00 MB/s read, 0.0 seconds
Interval compaction: 0.00 GB write, 0.00 MB/s write, 0.00 GB read, 0.00 MB/s read, 0.0 seconds
Estimated pending compaction bytes: 0
Write Stall (count): cf-l0-file-count-limit-delays-with-ongoing-compaction: 0, cf-l0-file-count-limit-stops-with-ongoing-compaction: 0, l0-file-count-limit-delays: 0, l0-file-count-limit-stops: 0, memtable-limit-delays: 0, memtable-limit-stops: 0, pending-compaction-bytes-delays: 0, pending-compaction-bytes-stops: 0, total-delays: 0, total-stops: 0
Block cache LRUCache@0x55c67107d780#1185831 capacity: 29.80 GB seed: 1773580406 usage: 0.09 KB table_size: 1024 occupancy: 1 collections: 1 last_copies: 0 last_secs: 9.2e-05 secs_since: 100
Block cache entry stats(count,size,portion): Misc(1,0.00 KB,0%)

** File Read Latency Histogram By Level [default] **

** DB Stats **
Uptime(secs): 100.2 total, 10.0 interval
Cumulative writes: 0 writes, 0 keys, 0 commit groups, 0.0 writes per commit group, ingest: 0.00 GB, 0.00 MB/s
Cumulative WAL: 0 writes, 0 syncs, 0.00 writes per sync, written: 0.00 GB, 0.00 MB/s
Cumulative stall: 00:00:0.000 H:M:S, 0.0 percent
Interval writes: 0 writes, 0 keys, 0 commit groups, 0.0 writes per commit group, ingest: 0.00 MB, 0.00 MB/s
Interval WAL: 0 writes, 0 syncs, 0.00 writes per sync, written: 0.00 GB, 0.00 MB/s
Interval stall: 00:00:0.000 H:M:S, 0.0 percent
Write Stall (count): write-buffer-manager-limit-stops: 0
num-running-compactions: 0
num-running-flushes: 0

2026/03/15-14:15:06  ... thread 109: (686000,6946000) ops and (68565.4,69402.2) ops/second in (10.005049,100.083332) seconds
2026/03/15-14:15:06  ... thread 120: (676000,7066000) ops and (67511.3,70606.8) ops/second in (10.013140,100.075369) seconds
2026/03/15-14:15:06  ... thread 19: (946000,9725000) ops and (94534.0,97191.3) ops/second in (10.006982,100.060373) seconds
2026/03/15-14:15:06  ... thread 53: (688000,8253000) ops and (68734.2,82479.3) ops/second in (10.009570,100.061529) seconds
2026/03/15-14:15:06  ... thread 105: (680000,6864000) ops and (67956.5,68575.4) ops/second in (10.006404,100.094254) seconds
2026/03/15-14:15:06  ... thread 55: (675000,6817000) ops and (67431.8,68119.3) ops/second in (10.010110,100.074392) seconds
2026/03/15-14:15:06  ... thread 77: (996000,7394000) ops and (99534.7,73882.5) ops/second in (10.006565,100.077818) seconds
2026/03/15-14:15:06  ... thread 44: (680000,6936000) ops and (67923.8,69303.5) ops/second in (10.011213,100.081557) seconds
2026/03/15-14:15:06  ... thread 97: (602000,6131000) ops and (60165.0,61255.7) ops/second in (10.005825,100.088648) seconds
2026/03/15-14:15:06  ... thread 57: (673000,6812000) ops and (67272.5,68050.5) ops/second in (10.004093,100.102104) seconds
2026/03/15-14:15:16  ... thread 27: (672000,9869000) ops and (67197.1,89681.0) ops/second in (10.000435,110.045663) seconds
2026/03/15-14:15:16  ... thread 4: (937000,8060000) ops and (93690.9,73244.3) ops/second in (10.000970,110.042688) seconds
2026/03/15-14:15:16  ... thread 127: (940000,10639000) ops and (93929.3,96679.8) ops/second in (10.007528,110.043714) seconds
2026/03/15-14:15:16  ... thread 86: (593000,6789000) ops and (59212.5,61691.5) ops/second in (10.014779,110.047576) seconds
2026/03/15-14:15:16  ... thread 16: (940000,8881000) ops and (93996.4,80705.5) ops/second in (10.000378,110.042105) seconds
2026/03/15-14:15:16  ... thread 113: (991000,10785000) ops and (99062.9,98013.4) ops/second in (10.003750,110.035986) seconds
2026/03/15-14:15:16  ... thread 65: (670000,7511000) ops and (66928.4,68249.4) ops/second in (10.010700,110.052203) seconds
2026/03/15-14:15:16  ... thread 68: (930000,10671000) ops and (92972.4,96962.6) ops/second in (10.002970,110.052762) seconds
2026/03/15-14:15:16  ... thread 3: (652000,7150000) ops and (65118.6,64967.5) ops/second in (10.012499,110.055100) seconds
2026/03/15-14:15:16  ... thread 58: (670000,9702000) ops and (66977.1,88161.6) ops/second in (10.003418,110.047890) seconds
2026/03/15-14:15:16  ... thread 7: (647000,9582000) ops and (64651.0,87062.7) ops/second in (10.007574,110.058644) seconds
2026/03/15-14:15:16  ... thread 5: (910000,10279000) ops and (90957.8,93393.8) ops/second in (10.004640,110.060837) seconds
2026/03/15-14:15:16  ... thread 29: (682000,7652000) ops and (68196.7,69528.0) ops/second in (10.000477,110.056356) seconds
2026/03/15-14:15:16  ... thread 42: (891000,10598000) ops and (88976.6,96295.6) ops/second in (10.013867,110.056984) seconds
2026/03/15-14:15:16  ... thread 76: (983000,10870000) ops and (98250.5,98774.5) ops/second in (10.005042,110.048629) seconds
2026/03/15-14:15:16  ... thread 62: (672000,7573000) ops and (67181.8,68808.8) ops/second in (10.002716,110.058522) seconds
2026/03/15-14:15:16  ... thread 30: (933000,8678000) ops and (93203.9,78848.7) ops/second in (10.010312,110.058873) seconds
2026/03/15-14:15:16  ... thread 9: (663000,7497000) ops and (66226.9,68118.5) ops/second in (10.011038,110.058193) seconds
2026/03/15-14:15:16  ... thread 112: (984000,10127000) ops and (98381.5,92013.2) ops/second in (10.001878,110.060336) seconds
2026/03/15-14:15:16  ... thread 88: (671000,7498000) ops and (67097.7,68131.7) ops/second in (10.000350,110.051560) seconds
2026/03/15-14:15:16  ... thread 90: (938000,8265000) ops and (93775.0,75100.9) ops/second in (10.002670,110.051937) seconds
2026/03/15-14:15:16  ... thread 23: (645000,9731000) ops and (64437.7,88407.8) ops/second in (10.009676,110.069523) seconds
2026/03/15-14:15:16  ... thread 123: (666000,8957000) ops and (66573.6,81387.8) ops/second in (10.003962,110.053297) seconds
2026/03/15-14:15:16  ... thread 37: (594000,6772000) ops and (59357.8,61525.7) ops/second in (10.007114,110.067836) seconds
2026/03/15-14:15:16  ... thread 31: (934000,10640000) ops and (93305.8,96667.3) ops/second in (10.010100,110.068254) seconds
2026/03/15-14:15:16  ... thread 20: (649000,7370000) ops and (64845.3,66955.7) ops/second in (10.008429,110.072826) seconds
2026/03/15-14:15:16  ... thread 25: (691000,7314000) ops and (69095.9,66446.5) ops/second in (10.000588,110.073481) seconds
2026/03/15-14:15:16  ... thread 32: (670000,9039000) ops and (66918.2,82120.5) ops/second in (10.012228,110.069898) seconds
2026/03/15-14:15:16  ... thread 101: (673000,7684000) ops and (67268.2,69809.9) ops/second in (10.004721,110.070383) seconds
2026/03/15-14:15:16  ... thread 36: (677000,9542000) ops and (67649.5,86689.6) ops/second in (10.007461,110.070877) seconds
2026/03/15-14:15:16  ... thread 39: (986000,8140000) ops and (98532.0,73951.8) ops/second in (10.006905,110.071699) seconds
2026/03/15-14:15:16  ... thread 60: (934000,8221000) ops and (93387.4,74693.9) ops/second in (10.001353,110.062475) seconds
2026/03/15-14:15:16  ... thread 79: (667000,8299000) ops and (66630.7,75402.7) ops/second in (10.010408,110.062434) seconds
2026/03/15-14:15:16  ... thread 72: (669000,7525000) ops and (66836.3,68371.9) ops/second in (10.009537,110.059757) seconds
2026/03/15-14:15:16  ... thread 47: (995000,9099000) ops and (99437.3,82666.9) ops/second in (10.006307,110.068194) seconds
2026/03/15-14:15:16  ... thread 11: (801000,7236000) ops and (80072.6,65735.4) ops/second in (10.003418,110.077689) seconds
2026/03/15-14:15:16  ... thread 114: (934000,8364000) ops and (93352.3,75990.5) ops/second in (10.005105,110.066340) seconds
2026/03/15-14:15:16  ... thread 2: (930000,8238000) ops and (92941.4,74839.0) ops/second in (10.006305,110.076275) seconds
2026/03/15-14:15:16  ... thread 46: (668000,7652000) ops and (66769.8,69514.9) ops/second in (10.004521,110.077121) seconds
2026/03/15-14:15:16  ... thread 21: (651000,7301000) ops and (65030.0,66323.7) ops/second in (10.010765,110.081246) seconds
2026/03/15-14:15:16  ... thread 99: (675000,7643000) ops and (67497.9,69432.0) ops/second in (10.000312,110.078998) seconds
2026/03/15-14:15:16  ... thread 34: (932000,8740000) ops and (93112.9,79398.1) ops/second in (10.009350,110.078142) seconds
2026/03/15-14:15:16  ... thread 78: (989000,10658000) ops and (98875.1,96830.3) ops/second in (10.002518,110.068804) seconds
2026/03/15-14:15:16  ... thread 26: (680000,8286000) ops and (67935.2,75271.1) ops/second in (10.009533,110.082131) seconds
2026/03/15-14:15:16  ... thread 15: (678000,7623000) ops and (67746.6,69250.4) ops/second in (10.007879,110.078847) seconds
2026/03/15-14:15:16  ... thread 96: (670000,7682000) ops and (66994.6,69786.6) ops/second in (10.000799,110.078394) seconds
2026/03/15-14:15:16  ... thread 12: (649000,7298000) ops and (64839.3,66295.5) ops/second in (10.009364,110.082958) seconds
2026/03/15-14:15:16  ... thread 122: (662000,7619000) ops and (66188.5,69214.3) ops/second in (10.001740,110.078474) seconds
2026/03/15-14:15:16  ... thread 74: (673000,8060000) ops and (67221.1,73219.9) ops/second in (10.011730,110.079292) seconds
2026/03/15-14:15:16  ... thread 51: (681000,9029000) ops and (68097.1,82026.4) ops/second in (10.000423,110.074259) seconds
2026/03/15-14:15:16  ... thread 8: (670000,7545000) ops and (66982.6,68538.6) ops/second in (10.002595,110.083903) seconds
2026/03/15-14:15:16  ... thread 92: (663000,7528000) ops and (66282.3,68386.7) ops/second in (10.002671,110.079927) seconds
2026/03/15-14:15:16  ... thread 87: (670000,9345000) ops and (66971.3,84902.8) ops/second in (10.004288,110.067046) seconds
2026/03/15-14:15:16  ... thread 118: (670000,10342000) ops and (66908.7,93964.3) ops/second in (10.013647,110.063119) seconds
2026/03/15-14:15:16  ... thread 93: (669000,7951000) ops and (66866.8,72235.1) ops/second in (10.004967,110.071115) seconds
2026/03/15-14:15:16  ... thread 75: (669000,7535000) ops and (66869.6,68449.9) ops/second in (10.004541,110.080519) seconds
2026/03/15-14:15:16  ... thread 63: (987000,9619000) ops and (98663.5,87387.7) ops/second in (10.003698,110.072748) seconds
2026/03/15-14:15:16  ... thread 6: (661000,8047000) ops and (66029.2,73100.5) ops/second in (10.010726,110.081292) seconds
2026/03/15-14:15:16  ... thread 80: (679000,7618000) ops and (67874.0,69210.7) ops/second in (10.003831,110.069673) seconds
2026/03/15-14:15:16  ... thread 54: (676000,7607000) ops and (67523.3,69103.1) ops/second in (10.011359,110.081914) seconds
2026/03/15-14:15:16  ... thread 17: (632000,7134000) ops and (63143.6,64803.0) ops/second in (10.008939,110.087506) seconds
2026/03/15-14:15:16  ... thread 28: (667000,7491000) ops and (66647.4,68051.5) ops/second in (10.007894,110.078453) seconds
2026/03/15-14:15:16  ... thread 69: (662000,9754000) ops and (66158.5,88612.1) ops/second in (10.006269,110.075251) seconds
2026/03/15-14:15:16  ... thread 52: (680000,7624000) ops and (67966.2,69258.7) ops/second in (10.004972,110.080029) seconds
2026/03/15-14:15:16  ... thread 67: (794000,10060000) ops and (79324.7,91387.9) ops/second in (10.009489,110.080194) seconds
2026/03/15-14:15:16  ... thread 81: (660000,7503000) ops and (65970.0,68161.8) ops/second in (10.004547,110.076295) seconds
2026/03/15-14:15:16  ... thread 71: (668000,7512000) ops and (66798.6,68253.4) ops/second in (10.000213,110.060433) seconds
2026/03/15-14:15:16  ... thread 73: (676000,7439000) ops and (67531.7,67577.8) ops/second in (10.010113,110.080478) seconds
2026/03/15-14:15:16  ... thread 64: (664000,7582000) ops and (66304.2,68876.6) ops/second in (10.014443,110.080953) seconds
2026/03/15-14:15:16  ... thread 10: (667000,7525000) ops and (66661.6,68355.4) ops/second in (10.005761,110.086402) seconds
2026/03/15-14:15:16  ... thread 95: (673000,7548000) ops and (67243.6,68575.0) ops/second in (10.008389,110.069207) seconds
2026/03/15-14:15:16  ... thread 18: (671000,7368000) ops and (67010.6,66926.5) ops/second in (10.013334,110.090904) seconds
2026/03/15-14:15:16  ... thread 125: (672000,9509000) ops and (67139.4,86389.6) ops/second in (10.009026,110.071073) seconds
2026/03/15-14:15:16  ... thread 45: (680000,7634000) ops and (67919.4,69344.2) ops/second in (10.011862,110.088491) seconds
2026/03/15-14:15:16  ... thread 107: (663000,8038000) ops and (66258.6,73027.6) ops/second in (10.006250,110.067921) seconds
2026/03/15-14:15:16  ... thread 85: (672000,7562000) ops and (67163.5,68695.5) ops/second in (10.005437,110.080034) seconds
2026/03/15-14:15:16  ... thread 94: (940000,8582000) ops and (93979.1,77966.1) ops/second in (10.002224,110.073453) seconds
2026/03/15-14:15:16  ... thread 33: (986000,9183000) ops and (98525.9,83423.0) ops/second in (10.007522,110.077525) seconds
2026/03/15-14:15:16  ... thread 126: (667000,7509000) ops and (66695.0,68218.0) ops/second in (10.000755,110.073652) seconds
2026/03/15-14:15:16  ... thread 66: (595000,7396000) ops and (59475.0,67183.3) ops/second in (10.004210,110.086906) seconds
2026/03/15-14:15:16  ... thread 41: (677000,7635000) ops and (67646.1,69356.8) ops/second in (10.007972,110.082998) seconds
2026/03/15-14:15:16  ... thread 91: (671000,7614000) ops and (67091.7,69170.9) ops/second in (10.001231,110.075143) seconds
2026/03/15-14:15:16  ... thread 14: (649000,7360000) ops and (64856.0,66850.3) ops/second in (10.006787,110.096671) seconds
2026/03/15-14:15:16  ... thread 82: (859000,9103000) ops and (85857.6,82693.9) ops/second in (10.004940,110.080707) seconds
2026/03/15-14:15:16  ... thread 24: (652000,7251000) ops and (65152.8,65858.7) ops/second in (10.007246,110.099380) seconds
2026/03/15-14:15:16  ... thread 115: (671000,9260000) ops and (67020.8,84127.9) ops/second in (10.011822,110.070503) seconds
2026/03/15-14:15:16  ... thread 13: (672000,7534000) ops and (67109.9,68430.7) ops/second in (10.013424,110.096717) seconds
2026/03/15-14:15:16  ... thread 111: (604000,7434000) ops and (60320.1,67529.5) ops/second in (10.013247,110.085300) seconds
2026/03/15-14:15:16  ... thread 103: (995000,10812000) ops and (99418.8,98221.7) ops/second in (10.008167,110.077466) seconds
2026/03/15-14:15:16  ... thread 35: (667000,7504000) ops and (66646.8,68156.9) ops/second in (10.007976,110.098931) seconds
2026/03/15-14:15:16  ... thread 49: (667000,7464000) ops and (66625.2,67795.9) ops/second in (10.011227,110.095132) seconds
2026/03/15-14:15:16  ... thread 108: (940000,10156000) ops and (93982.8,92277.4) ops/second in (10.001825,110.059475) seconds
2026/03/15-14:15:16  ... thread 59: (670000,8476000) ops and (66904.8,76987.2) ops/second in (10.014223,110.096170) seconds
2026/03/15-14:15:16  ... thread 61: (678000,7533000) ops and (67763.1,68431.9) ops/second in (10.005450,110.080251) seconds
2026/03/15-14:15:16  ... thread 121: (665000,7508000) ops and (66475.1,68199.0) ops/second in (10.003749,110.089657) seconds
2026/03/15-14:15:16  ... thread 1: (677000,7610000) ops and (67673.5,69111.7) ops/second in (10.003909,110.111533) seconds
2026/03/15-14:15:16  ... thread 70: (680000,7417000) ops and (67981.5,67366.3) ops/second in (10.002719,110.099502) seconds
2026/03/15-14:15:16  ... thread 117: (934000,8596000) ops and (93353.0,78083.2) ops/second in (10.005036,110.087745) seconds
2026/03/15-14:15:16  ... thread 38: (670000,7537000) ops and (66967.6,68448.9) ops/second in (10.004841,110.111277) seconds
2026/03/15-14:15:16  ... thread 43: (672000,7474000) ops and (67111.8,67880.1) ops/second in (10.013138,110.105917) seconds
2026/03/15-14:15:16  ... thread 40: (845000,7967000) ops and (84381.1,72350.4) ops/second in (10.014087,110.116808) seconds
2026/03/15-14:15:16  ... thread 22: (665000,7480000) ops and (66427.6,67943.0) ops/second in (10.010897,110.092204) seconds
2026/03/15-14:15:16  ... thread 124: (682000,7654000) ops and (68136.8,69525.4) ops/second in (10.009271,110.089214) seconds
2026/03/15-14:15:16  ... thread 83: (679000,7579000) ops and (67819.4,68833.8) ops/second in (10.011891,110.105853) seconds
2026/03/15-14:15:16  ... thread 116: (674000,8752000) ops and (67342.2,79512.2) ops/second in (10.008585,110.071160) seconds
2026/03/15-14:15:16  ... thread 104: (671000,7532000) ops and (67016.0,68425.6) ops/second in (10.012538,110.075707) seconds
2026/03/15-14:15:16  ... thread 119: (667000,7587000) ops and (66606.1,68911.5) ops/second in (10.014098,110.097722) seconds
2026/03/15-14:15:16  ... thread 89: (741000,8091000) ops and (74093.3,73491.5) ops/second in (10.000905,110.094418) seconds
2026/03/15-14:15:16  ... thread 100: (677000,7608000) ops and (67616.0,69092.3) ops/second in (10.012428,110.113540) seconds
2026/03/15-14:15:16  ... thread 50: (680000,7238000) ops and (67929.8,65732.1) ops/second in (10.010340,110.113578) seconds
2026/03/15-14:15:16  ... thread 106: (676000,8310000) ops and (67551.0,75505.4) ops/second in (10.007255,110.058355) seconds
2026/03/15-14:15:16  ... thread 48: (987000,10570000) ops and (98669.7,96045.6) ops/second in (10.003075,110.051901) seconds
2026/03/15-14:15:16  ... thread 84: (606000,6965000) ops and (60556.0,63258.8) ops/second in (10.007273,110.103306) seconds
2026/03/15-14:15:16  ... thread 56: (934000,10667000) ops and (93380.8,96922.8) ops/second in (10.002060,110.056645) seconds
2026/03/15-14:15:16  ... thread 98: (670000,7600000) ops and (66980.7,69027.1) ops/second in (10.002883,110.101694) seconds
2026/03/15-14:15:16  ... thread 110: (714000,7634000) ops and (71336.8,69343.7) ops/second in (10.008856,110.089230) seconds
2026/03/15-14:15:16  ... thread 19: (960000,10685000) ops and (95944.6,97078.0) ops/second in (10.005774,110.066147) seconds
2026/03/15-14:15:16  ... thread 102: (671000,9087000) ops and (67001.3,82549.7) ops/second in (10.014729,110.079117) seconds
2026/03/15-14:15:16  ... thread 120: (666000,7732000) ops and (66528.9,70236.0) ops/second in (10.010685,110.086054) seconds
2026/03/15-14:15:16  ... thread 109: (678000,7624000) ops and (67712.1,69248.5) ops/second in (10.012985,110.096317) seconds
2026/03/15-14:15:16  ... thread 53: (678000,8931000) ops and (67724.1,81137.3) ops/second in (10.011203,110.072732) seconds
2026/03/15-14:15:16  ... thread 0: (645000,7582000) ops and (64393.3,68878.7) ops/second in (10.016570,110.077533) seconds

** Compaction Stats [default] **
Level    Files   Size     Score Read(GB)  Rn(GB) Rnp1(GB) Write(GB) WPreComp(GB) Wnew(GB) Moved(GB) W-Amp Rd(MB/s) Wr(MB/s) Comp(sec) CompMergeCPU(sec) Comp(cnt) Avg(sec) KeyIn KeyDrop Rblob(GB) Wblob(GB)
-------------------------------------------------------------------------------------------------------------------------------------------------------------------------------------------------------------
  L7     81/0     10.10 GB   0.0      0.0     0.0      0.0       0.0       0.0      0.0       0.0   0.0      0.0      0.0      0.00              0.00         0    0.000       0      0       0.0       0.0
 Sum     81/0     10.10 GB   0.0      0.0     0.0      0.0       0.0       0.0      0.0       0.0   0.0      0.0      0.0      0.00              0.00         0    0.000       0      0       0.0       0.0
 Int      0/0      0.00 KB   0.0      0.0     0.0      0.0       0.0       0.0      0.0       0.0   0.0      0.0      0.0      0.00              0.00         0    0.000       0      0       0.0       0.0

** Compaction Stats [default] **
Priority    Files   Size     Score Read(GB)  Rn(GB) Rnp1(GB) Write(GB) WPreComp(GB) Wnew(GB) Moved(GB) W-Amp Rd(MB/s) Wr(MB/s) Comp(sec) CompMergeCPU(sec) Comp(cnt) Avg(sec) KeyIn KeyDrop Rblob(GB) Wblob(GB)
----------------------------------------------------------------------------------------------------------------------------------------------------------------------------------------------------------------

Blob file count: 0, total size: 0.0 GB, garbage size: 0.0 GB, space amp: 0.0

Uptime(secs): 110.2 total, 110.2 interval
Flush(GB): cumulative 0.000, interval 0.000
AddFile(GB): cumulative 0.000, interval 0.000
AddFile(Total Files): cumulative 0, interval 0
AddFile(L0 Files): cumulative 0, interval 0
AddFile(Keys): cumulative 0, interval 0
Cumulative compaction: 0.00 GB write, 0.00 MB/s write, 0.00 GB read, 0.00 MB/s read, 0.0 seconds
Interval compaction: 0.00 GB write, 0.00 MB/s write, 0.00 GB read, 0.00 MB/s read, 0.0 seconds
Estimated pending compaction bytes: 0
Write Stall (count): cf-l0-file-count-limit-delays-with-ongoing-compaction: 0, cf-l0-file-count-limit-stops-with-ongoing-compaction: 0, l0-file-count-limit-delays: 0, l0-file-count-limit-stops: 0, memtable-limit-delays: 0, memtable-limit-stops: 0, pending-compaction-bytes-delays: 0, pending-compaction-bytes-stops: 0, total-delays: 0, total-stops: 0
Block cache LRUCache@0x55c67107d780#1185831 capacity: 29.80 GB seed: 1773580406 usage: 0.09 KB table_size: 1024 occupancy: 1 collections: 1 last_copies: 0 last_secs: 9.2e-05 secs_since: 110
Block cache entry stats(count,size,portion): Misc(1,0.00 KB,0%)

** File Read Latency Histogram By Level [default] **

** DB Stats **
Uptime(secs): 110.2 total, 10.0 interval
Cumulative writes: 0 writes, 0 keys, 0 commit groups, 0.0 writes per commit group, ingest: 0.00 GB, 0.00 MB/s
Cumulative WAL: 0 writes, 0 syncs, 0.00 writes per sync, written: 0.00 GB, 0.00 MB/s
Cumulative stall: 00:00:0.000 H:M:S, 0.0 percent
Interval writes: 0 writes, 0 keys, 0 commit groups, 0.0 writes per commit group, ingest: 0.00 MB, 0.00 MB/s
Interval WAL: 0 writes, 0 syncs, 0.00 writes per sync, written: 0.00 GB, 0.00 MB/s
Interval stall: 00:00:0.000 H:M:S, 0.0 percent
Write Stall (count): write-buffer-manager-limit-stops: 0
num-running-compactions: 0
num-running-flushes: 0

2026/03/15-14:15:16  ... thread 105: (748000,7612000) ops and (74763.3,69137.7) ops/second in (10.004915,110.099169) seconds
2026/03/15-14:15:16  ... thread 77: (990000,8384000) ops and (98932.0,76159.5) ops/second in (10.006876,110.084694) seconds
2026/03/15-14:15:16  ... thread 44: (669000,7605000) ops and (66866.3,69082.0) ops/second in (10.005037,110.086594) seconds
2026/03/15-14:15:16  ... thread 55: (665000,7482000) ops and (66401.7,67963.1) ops/second in (10.014807,110.089199) seconds
2026/03/15-14:15:16  ... thread 97: (612000,6743000) ops and (61134.2,61244.6) ops/second in (10.010770,110.099418) seconds
2026/03/15-14:15:16  ... thread 57: (665000,7477000) ops and (66435.8,67903.7) ops/second in (10.009661,110.111765) seconds
2026/03/15-14:15:26  ... thread 127: (931000,11570000) ops and (93096.4,96381.2) ops/second in (10.000392,120.044106) seconds
2026/03/15-14:15:26  ... thread 27: (664000,10533000) ops and (66377.5,87739.1) ops/second in (10.003383,120.049046) seconds
2026/03/15-14:15:26  ... thread 4: (710000,8770000) ops and (70930.5,73051.4) ops/second in (10.009805,120.052493) seconds
2026/03/15-14:15:26  ... thread 16: (933000,9814000) ops and (93246.5,81750.7) ops/second in (10.005740,120.047845) seconds
2026/03/15-14:15:26  ... thread 86: (585000,7374000) ops and (58452.8,61421.5) ops/second in (10.008069,120.055645) seconds
2026/03/15-14:15:26  ... thread 113: (985000,11770000) ops and (98447.4,98049.6) ops/second in (10.005341,120.041327) seconds
2026/03/15-14:15:26  ... thread 68: (922000,11593000) ops and (92163.9,96562.7) ops/second in (10.003912,120.056674) seconds
2026/03/15-14:15:26  ... thread 3: (651000,7801000) ops and (65072.2,64976.2) ops/second in (10.004279,120.059379) seconds
2026/03/15-14:15:26  ... thread 65: (660000,8171000) ops and (65932.6,68056.3) ops/second in (10.010221,120.062424) seconds
2026/03/15-14:15:26  ... thread 29: (672000,8324000) ops and (67170.8,69331.6) ops/second in (10.004348,120.060704) seconds
2026/03/15-14:15:26  ... thread 7: (642000,10224000) ops and (64152.4,85153.1) ops/second in (10.007427,120.066071) seconds
2026/03/15-14:15:26  ... thread 76: (978000,11848000) ops and (97752.7,98689.4) ops/second in (10.004834,120.053463) seconds
2026/03/15-14:15:26  ... thread 30: (669000,9347000) ops and (66871.8,77850.7) ops/second in (10.004220,120.063093) seconds
2026/03/15-14:15:26  ... thread 9: (801000,8298000) ops and (80059.6,69113.6) ops/second in (10.005045,120.063238) seconds
2026/03/15-14:15:26  ... thread 58: (662000,10364000) ops and (66114.4,86322.9) ops/second in (10.012948,120.060838) seconds
2026/03/15-14:15:26  ... thread 62: (659000,8232000) ops and (65848.3,68562.1) ops/second in (10.007848,120.066370) seconds
2026/03/15-14:15:26  ... thread 90: (927000,9192000) ops and (92681.9,76565.6) ops/second in (10.001949,120.053886) seconds
2026/03/15-14:15:26  ... thread 5: (903000,11182000) ops and (90204.8,93127.9) ops/second in (10.010550,120.071387) seconds
2026/03/15-14:15:26  ... thread 31: (927000,11567000) ops and (92699.6,96336.8) ops/second in (10.000038,120.068292) seconds
2026/03/15-14:15:26  ... thread 42: (660000,11258000) ops and (65917.6,93762.4) ops/second in (10.012506,120.069490) seconds
2026/03/15-14:15:26  ... thread 112: (980000,11107000) ops and (97903.8,92504.2) ops/second in (10.009824,120.070160) seconds
2026/03/15-14:15:26  ... thread 123: (657000,9614000) ops and (65666.1,80077.7) ops/second in (10.005167,120.058464) seconds
2026/03/15-14:15:26  ... thread 88: (659000,8157000) ops and (65853.0,67941.8) ops/second in (10.007140,120.058700) seconds
2026/03/15-14:15:26  ... thread 79: (657000,8956000) ops and (65688.0,74593.4) ops/second in (10.001822,120.064256) seconds
2026/03/15-14:15:26  ... thread 23: (641000,10372000) ops and (64043.6,86377.0) ops/second in (10.008804,120.078327) seconds
2026/03/15-14:15:26  ... thread 39: (981000,9121000) ops and (98042.2,75959.2) ops/second in (10.005894,120.077593) seconds
2026/03/15-14:15:26  ... thread 114: (945000,9309000) ops and (94478.2,77530.6) ops/second in (10.002312,120.068652) seconds
2026/03/15-14:15:26  ... thread 25: (962000,8276000) ops and (96116.3,68919.5) ops/second in (10.008712,120.082193) seconds
2026/03/15-14:15:26  ... thread 20: (639000,8009000) ops and (63837.8,66695.8) ops/second in (10.009745,120.082571) seconds
2026/03/15-14:15:26  ... thread 47: (988000,10087000) ops and (98741.9,84006.5) ops/second in (10.005881,120.074075) seconds
2026/03/15-14:15:26  ... thread 46: (658000,8310000) ops and (65781.3,69203.9) ops/second in (10.002838,120.079959) seconds
2026/03/15-14:15:26  ... thread 101: (671000,8355000) ops and (67035.3,69578.6) ops/second in (10.009652,120.080035) seconds
2026/03/15-14:15:26  ... thread 34: (921000,9661000) ops and (92076.4,80454.2) ops/second in (10.002561,120.080703) seconds
2026/03/15-14:15:26  ... thread 26: (669000,8955000) ops and (66885.2,74572.6) ops/second in (10.002207,120.084338) seconds
2026/03/15-14:15:26  ... thread 32: (661000,9700000) ops and (66030.6,80779.2) ops/second in (10.010505,120.080403) seconds
2026/03/15-14:15:26  ... thread 12: (637000,7935000) ops and (63683.2,66077.9) ops/second in (10.002634,120.085592) seconds
2026/03/15-14:15:26  ... thread 11: (893000,8129000) ops and (89229.5,67693.4) ops/second in (10.007898,120.085587) seconds
2026/03/15-14:15:26  ... thread 37: (587000,7359000) ops and (58616.2,61283.1) ops/second in (10.014297,120.082133) seconds
2026/03/15-14:15:26  ... thread 60: (925000,9146000) ops and (92403.1,76170.4) ops/second in (10.010486,120.072961) seconds
2026/03/15-14:15:26  ... thread 99: (667000,8310000) ops and (66669.3,69201.8) ops/second in (10.004600,120.083598) seconds
2026/03/15-14:15:26  ... thread 8: (661000,8206000) ops and (66080.4,68333.9) ops/second in (10.002969,120.086872) seconds
2026/03/15-14:15:26  ... thread 36: (668000,10210000) ops and (66717.1,85024.3) ops/second in (10.012420,120.083297) seconds
2026/03/15-14:15:26  ... thread 72: (662000,8187000) ops and (66124.6,68184.6) ops/second in (10.011404,120.071161) seconds
2026/03/15-14:15:26  ... thread 75: (664000,8199000) ops and (66373.5,68276.9) ops/second in (10.003989,120.084508) seconds
2026/03/15-14:15:26  ... thread 87: (658000,10003000) ops and (65768.4,83308.5) ops/second in (10.004804,120.071850) seconds
2026/03/15-14:15:26  ... thread 67: (661000,10721000) ops and (66096.5,89281.6) ops/second in (10.000528,120.080722) seconds
2026/03/15-14:15:26  ... thread 21: (649000,7950000) ops and (64842.3,66200.3) ops/second in (10.008903,120.090149) seconds
2026/03/15-14:15:26  ... thread 78: (979000,11637000) ops and (97818.1,96912.7) ops/second in (10.008369,120.077173) seconds
2026/03/15-14:15:26  ... thread 73: (671000,8110000) ops and (67094.8,67537.6) ops/second in (10.000768,120.081246) seconds
2026/03/15-14:15:26  ... thread 2: (921000,9159000) ops and (91997.5,76269.4) ops/second in (10.011143,120.087418) seconds
2026/03/15-14:15:26  ... thread 93: (662000,8613000) ops and (66145.7,71727.6) ops/second in (10.008202,120.079317) seconds
2026/03/15-14:15:26  ... thread 17: (623000,7757000) ops and (62265.4,64591.6) ops/second in (10.005557,120.093063) seconds
2026/03/15-14:15:26  ... thread 51: (674000,9703000) ops and (67335.6,80801.9) ops/second in (10.009567,120.083826) seconds
2026/03/15-14:15:26  ... thread 64: (659000,8241000) ops and (65881.1,68627.1) ops/second in (10.002873,120.083826) seconds
2026/03/15-14:15:26  ... thread 63: (984000,10603000) ops and (98326.6,88299.3) ops/second in (10.007462,120.080210) seconds
2026/03/15-14:15:26  ... thread 122: (661000,8280000) ops and (66028.9,68948.7) ops/second in (10.010772,120.089246) seconds
2026/03/15-14:15:26  ... thread 71: (659000,8171000) ops and (65869.4,68054.8) ops/second in (10.004650,120.065083) seconds
2026/03/15-14:15:26  ... thread 96: (660000,8342000) ops and (65922.6,69464.5) ops/second in (10.011745,120.090139) seconds
2026/03/15-14:15:26  ... thread 74: (663000,8723000) ops and (66224.8,72636.8) ops/second in (10.011351,120.090643) seconds
2026/03/15-14:15:26  ... thread 15: (673000,8296000) ops and (67217.0,69080.8) ops/second in (10.012352,120.091199) seconds
2026/03/15-14:15:26  ... thread 81: (675000,8178000) ops and (67450.2,68102.5) ops/second in (10.007382,120.083677) seconds
2026/03/15-14:15:26  ... thread 14: (639000,7999000) ops and (63893.3,66604.1) ops/second in (10.001053,120.097724) seconds
2026/03/15-14:15:26  ... thread 107: (654000,8692000) ops and (65366.8,72389.3) ops/second in (10.005086,120.073007) seconds
2026/03/15-14:15:26  ... thread 118: (661000,11003000) ops and (66007.5,91632.8) ops/second in (10.014007,120.077126) seconds
2026/03/15-14:15:26  ... thread 92: (653000,8181000) ops and (65205.1,68121.4) ops/second in (10.014551,120.094478) seconds
2026/03/15-14:15:26  ... thread 6: (656000,8703000) ops and (65518.1,72468.4) ops/second in (10.012494,120.093786) seconds
2026/03/15-14:15:26  ... thread 69: (654000,10408000) ops and (65329.1,86671.1) ops/second in (10.010852,120.086103) seconds
2026/03/15-14:15:26  ... thread 41: (674000,8309000) ops and (67376.2,69191.8) ops/second in (10.003537,120.086535) seconds
2026/03/15-14:15:26  ... thread 54: (670000,8277000) ops and (66916.7,68920.8) ops/second in (10.012449,120.094363) seconds
2026/03/15-14:15:26  ... thread 45: (672000,8306000) ops and (67149.1,69161.3) ops/second in (10.007573,120.096064) seconds
2026/03/15-14:15:26  ... thread 28: (656000,8147000) ops and (65518.3,67840.3) ops/second in (10.012473,120.090926) seconds
2026/03/15-14:15:26  ... thread 10: (651000,8176000) ops and (65032.6,68078.4) ops/second in (10.010360,120.096762) seconds
2026/03/15-14:15:26  ... thread 18: (663000,8031000) ops and (66233.8,66868.8) ops/second in (10.010002,120.100906) seconds
2026/03/15-14:15:26  ... thread 80: (671000,8289000) ops and (67002.9,69026.6) ops/second in (10.014492,120.084165) seconds
2026/03/15-14:15:26  ... thread 52: (672000,8296000) ops and (67117.7,69080.2) ops/second in (10.012257,120.092286) seconds
2026/03/15-14:15:26  ... thread 66: (587000,7983000) ops and (58664.9,66473.5) ops/second in (10.005976,120.092882) seconds
2026/03/15-14:15:26  ... thread 125: (656000,10165000) ops and (65532.2,84650.9) ops/second in (10.010341,120.081414) seconds
2026/03/15-14:15:26  ... thread 33: (982000,10165000) ops and (98121.8,84648.0) ops/second in (10.007970,120.085495) seconds
2026/03/15-14:15:26  ... thread 85: (662000,8224000) ops and (66135.4,68482.1) ops/second in (10.009770,120.089804) seconds
2026/03/15-14:15:26  ... thread 126: (661000,8170000) ops and (66042.6,68036.6) ops/second in (10.008696,120.082348) seconds
2026/03/15-14:15:26  ... thread 115: (659000,9919000) ops and (65873.3,82607.0) ops/second in (10.004059,120.074562) seconds
2026/03/15-14:15:26  ... thread 95: (664000,8212000) ops and (66309.6,68386.1) ops/second in (10.013629,120.082836) seconds
2026/03/15-14:15:26  ... thread 94: (930000,9512000) ops and (92912.0,79211.9) ops/second in (10.009475,120.082928) seconds
2026/03/15-14:15:26  ... thread 24: (654000,7905000) ops and (65364.3,65817.5) ops/second in (10.005455,120.104835) seconds
2026/03/15-14:15:26  ... thread 103: (989000,11801000) ops and (98874.8,98276.1) ops/second in (10.002550,120.080016) seconds
2026/03/15-14:15:26  ... thread 82: (673000,9776000) ops and (67248.7,81406.7) ops/second in (10.007627,120.088334) seconds
2026/03/15-14:15:26  ... thread 49: (655000,8119000) ops and (65482.2,67603.2) ops/second in (10.002714,120.097846) seconds
2026/03/15-14:15:26  ... thread 91: (663000,8277000) ops and (66219.8,68924.9) ops/second in (10.012104,120.087247) seconds
2026/03/15-14:15:26  ... thread 59: (661000,9137000) ops and (66060.1,76076.9) ops/second in (10.006033,120.102203) seconds
2026/03/15-14:15:26  ... thread 61: (671000,8204000) ops and (67059.8,68317.6) ops/second in (10.005997,120.086248) seconds
2026/03/15-14:15:26  ... thread 35: (657000,8161000) ops and (65641.9,67947.3) ops/second in (10.008850,120.107781) seconds
2026/03/15-14:15:26  ... thread 108: (931000,11087000) ops and (93036.2,92340.6) ops/second in (10.006854,120.066329) seconds
2026/03/15-14:15:26  ... thread 13: (662000,8196000) ops and (66124.7,68238.5) ops/second in (10.011388,120.108105) seconds
2026/03/15-14:15:26  ... thread 117: (924000,9520000) ops and (92396.2,79275.1) ops/second in (10.000413,120.088158) seconds
2026/03/15-14:15:26  ... thread 111: (597000,8031000) ops and (59633.4,66871.2) ops/second in (10.011174,120.096474) seconds
2026/03/15-14:15:26  ... thread 38: (660000,8197000) ops and (65978.2,68243.2) ops/second in (10.003306,120.114583) seconds
2026/03/15-14:15:26  ... thread 121: (878000,8386000) ops and (87728.4,69826.4) ops/second in (10.008162,120.097819) seconds
2026/03/15-14:15:26  ... thread 1: (669000,8279000) ops and (66838.2,68922.3) ops/second in (10.009245,120.120778) seconds
2026/03/15-14:15:26  ... thread 43: (651000,8125000) ops and (65024.3,67642.1) ops/second in (10.011638,120.117555) seconds
2026/03/15-14:15:26  ... thread 70: (671000,8088000) ops and (67004.0,67336.1) ops/second in (10.014323,120.113825) seconds
2026/03/15-14:15:26  ... thread 119: (654000,8241000) ops and (65395.7,68618.7) ops/second in (10.000654,120.098376) seconds
2026/03/15-14:15:26  ... thread 89: (927000,9018000) ops and (92697.1,75090.7) ops/second in (10.000313,120.094731) seconds
2026/03/15-14:15:26  ... thread 40: (669000,8636000) ops and (66835.6,71890.9) ops/second in (10.009629,120.126437) seconds
2026/03/15-14:15:26  ... thread 116: (657000,9409000) ops and (65641.9,78356.1) ops/second in (10.008858,120.080018) seconds
2026/03/15-14:15:26  ... thread 124: (675000,8329000) ops and (67420.1,69349.9) ops/second in (10.011850,120.101064) seconds
2026/03/15-14:15:26  ... thread 83: (670000,8249000) ops and (66923.6,68674.6) ops/second in (10.011421,120.117274) seconds
2026/03/15-14:15:26  ... thread 22: (656000,8136000) ops and (65514.4,67740.6) ops/second in (10.013067,120.105271) seconds
2026/03/15-14:15:26  ... thread 104: (663000,8195000) ops and (66221.3,68241.9) ops/second in (10.011882,120.087589) seconds
2026/03/15-14:15:26  ... thread 50: (660000,7898000) ops and (65967.0,65751.7) ops/second in (10.004999,120.118577) seconds
2026/03/15-14:15:26  ... thread 48: (981000,11551000) ops and (98071.7,96214.4) ops/second in (10.002883,120.054784) seconds
2026/03/15-14:15:26  ... thread 106: (664000,8974000) ops and (66351.6,74742.4) ops/second in (10.007292,120.065647) seconds
2026/03/15-14:15:26  ... thread 100: (659000,8267000) ops and (65810.0,68818.7) ops/second in (10.013673,120.127213) seconds
2026/03/15-14:15:26  ... thread 98: (660000,8260000) ops and (65939.0,68769.8) ops/second in (10.009245,120.110939) seconds
2026/03/15-14:15:26  ... thread 56: (927000,11594000) ops and (92607.2,96563.0) ops/second in (10.010026,120.066671) seconds
2026/03/15-14:15:26  ... thread 110: (927000,8561000) ops and (92624.8,71283.8) ops/second in (10.008123,120.097353) seconds
2026/03/15-14:15:26  ... thread 84: (599000,7564000) ops and (59804.0,62970.7) ops/second in (10.016046,120.119352) seconds
2026/03/15-14:15:26  ... thread 19: (929000,11614000) ops and (92809.9,96722.2) ops/second in (10.009704,120.075851) seconds
2026/03/15-14:15:26  ... thread 109: (667000,8291000) ops and (66655.9,69032.5) ops/second in (10.006613,120.102930) seconds
2026/03/15-14:15:26  ... thread 102: (660000,9747000) ops and (65915.5,81162.8) ops/second in (10.012819,120.091936) seconds
2026/03/15-14:15:26  ... thread 53: (671000,9602000) ops and (67053.3,79963.6) ops/second in (10.006961,120.079693) seconds
2026/03/15-14:15:26  ... thread 120: (657000,8389000) ops and (65605.8,69849.9) ops/second in (10.014361,120.100415) seconds
2026/03/15-14:15:26  ... thread 105: (756000,8368000) ops and (75543.2,69671.4) ops/second in (10.007524,120.106693) seconds
2026/03/15-14:15:26  ... thread 77: (980000,9364000) ops and (97977.4,77976.8) ops/second in (10.002302,120.086996) seconds
2026/03/15-14:15:26  ... thread 0: (582000,8164000) ops and (58106.7,67980.3) ops/second in (10.016062,120.093595) seconds

** Compaction Stats [default] **
Level    Files   Size     Score Read(GB)  Rn(GB) Rnp1(GB) Write(GB) WPreComp(GB) Wnew(GB) Moved(GB) W-Amp Rd(MB/s) Wr(MB/s) Comp(sec) CompMergeCPU(sec) Comp(cnt) Avg(sec) KeyIn KeyDrop Rblob(GB) Wblob(GB)
-------------------------------------------------------------------------------------------------------------------------------------------------------------------------------------------------------------
  L7     81/0     10.10 GB   0.0      0.0     0.0      0.0       0.0       0.0      0.0       0.0   0.0      0.0      0.0      0.00              0.00         0    0.000       0      0       0.0       0.0
 Sum     81/0     10.10 GB   0.0      0.0     0.0      0.0       0.0       0.0      0.0       0.0   0.0      0.0      0.0      0.00              0.00         0    0.000       0      0       0.0       0.0
 Int      0/0      0.00 KB   0.0      0.0     0.0      0.0       0.0       0.0      0.0       0.0   0.0      0.0      0.0      0.00              0.00         0    0.000       0      0       0.0       0.0

** Compaction Stats [default] **
Priority    Files   Size     Score Read(GB)  Rn(GB) Rnp1(GB) Write(GB) WPreComp(GB) Wnew(GB) Moved(GB) W-Amp Rd(MB/s) Wr(MB/s) Comp(sec) CompMergeCPU(sec) Comp(cnt) Avg(sec) KeyIn KeyDrop Rblob(GB) Wblob(GB)
----------------------------------------------------------------------------------------------------------------------------------------------------------------------------------------------------------------

Blob file count: 0, total size: 0.0 GB, garbage size: 0.0 GB, space amp: 0.0

Uptime(secs): 120.3 total, 120.2 interval
Flush(GB): cumulative 0.000, interval 0.000
AddFile(GB): cumulative 0.000, interval 0.000
AddFile(Total Files): cumulative 0, interval 0
AddFile(L0 Files): cumulative 0, interval 0
AddFile(Keys): cumulative 0, interval 0
Cumulative compaction: 0.00 GB write, 0.00 MB/s write, 0.00 GB read, 0.00 MB/s read, 0.0 seconds
Interval compaction: 0.00 GB write, 0.00 MB/s write, 0.00 GB read, 0.00 MB/s read, 0.0 seconds
Estimated pending compaction bytes: 0
Write Stall (count): cf-l0-file-count-limit-delays-with-ongoing-compaction: 0, cf-l0-file-count-limit-stops-with-ongoing-compaction: 0, l0-file-count-limit-delays: 0, l0-file-count-limit-stops: 0, memtable-limit-delays: 0, memtable-limit-stops: 0, pending-compaction-bytes-delays: 0, pending-compaction-bytes-stops: 0, total-delays: 0, total-stops: 0
Block cache LRUCache@0x55c67107d780#1185831 capacity: 29.80 GB seed: 1773580406 usage: 0.09 KB table_size: 1024 occupancy: 1 collections: 1 last_copies: 0 last_secs: 9.2e-05 secs_since: 120
Block cache entry stats(count,size,portion): Misc(1,0.00 KB,0%)

** File Read Latency Histogram By Level [default] **

** DB Stats **
Uptime(secs): 120.3 total, 10.0 interval
Cumulative writes: 0 writes, 0 keys, 0 commit groups, 0.0 writes per commit group, ingest: 0.00 GB, 0.00 MB/s
Cumulative WAL: 0 writes, 0 syncs, 0.00 writes per sync, written: 0.00 GB, 0.00 MB/s
Cumulative stall: 00:00:0.000 H:M:S, 0.0 percent
Interval writes: 0 writes, 0 keys, 0 commit groups, 0.0 writes per commit group, ingest: 0.00 MB, 0.00 MB/s
Interval WAL: 0 writes, 0 syncs, 0.00 writes per sync, written: 0.00 GB, 0.00 MB/s
Interval stall: 00:00:0.000 H:M:S, 0.0 percent
Write Stall (count): write-buffer-manager-limit-stops: 0
num-running-compactions: 0
num-running-flushes: 0

2026/03/15-14:15:26  ... thread 55: (644000,8126000) ops and (64382.8,67664.9) ops/second in (10.002664,120.091863) seconds
2026/03/15-14:15:26  ... thread 44: (659000,8264000) ops and (65858.1,68813.4) ops/second in (10.006357,120.092951) seconds
2026/03/15-14:15:26  ... thread 97: (659000,7402000) ops and (65853.7,61628.7) ops/second in (10.007024,120.106442) seconds
2026/03/15-14:15:26  ... thread 57: (655000,8132000) ops and (65478.2,67701.7) ops/second in (10.003336,120.115101) seconds
2026/03/15-14:15:36  ... thread 127: (921000,12491000) ops and (92060.5,96048.9) ops/second in (10.004288,130.048394) seconds
2026/03/15-14:15:36  ... thread 27: (699000,11232000) ops and (69842.1,86361.9) ops/second in (10.008295,130.057341) seconds
2026/03/15-14:15:36  ... thread 4: (652000,9422000) ops and (65182.4,72446.2) ops/second in (10.002697,130.055190) seconds
2026/03/15-14:15:36  ... thread 68: (914000,12507000) ops and (91388.5,96164.8) ops/second in (10.001253,130.057927) seconds
2026/03/15-14:15:36  ... thread 16: (924000,10738000) ops and (92318.3,82564.0) ops/second in (10.008853,130.056698) seconds
2026/03/15-14:15:36  ... thread 86: (578000,7952000) ops and (57753.9,61139.3) ops/second in (10.007987,130.063632) seconds
2026/03/15-14:15:36  ... thread 30: (660000,10007000) ops and (65996.6,76939.3) ops/second in (10.000521,130.063614) seconds
2026/03/15-14:15:36  ... thread 3: (643000,8444000) ops and (64241.2,64919.6) ops/second in (10.009155,130.068534) seconds
2026/03/15-14:15:36  ... thread 9: (913000,9211000) ops and (91274.8,70817.9) ops/second in (10.002760,130.065998) seconds
2026/03/15-14:15:36  ... thread 113: (743000,12513000) ops and (74202.3,96213.5) ops/second in (10.013166,130.054493) seconds
2026/03/15-14:15:36  ... thread 76: (973000,12821000) ops and (97250.3,98578.7) ops/second in (10.005107,130.058570) seconds
2026/03/15-14:15:36  ... thread 90: (921000,10113000) ops and (92084.1,77759.0) ops/second in (10.001728,130.055614) seconds
2026/03/15-14:15:36  ... thread 5: (892000,12074000) ops and (89177.0,92824.1) ops/second in (10.002579,130.073966) seconds
2026/03/15-14:15:36  ... thread 65: (651000,8822000) ops and (65035.8,67823.8) ops/second in (10.009875,130.072299) seconds
2026/03/15-14:15:36  ... thread 31: (919000,12486000) ops and (91871.5,95993.4) ops/second in (10.003101,130.071393) seconds
2026/03/15-14:15:36  ... thread 29: (664000,8988000) ops and (66332.0,69100.7) ops/second in (10.010259,130.070963) seconds
2026/03/15-14:15:36  ... thread 58: (649000,11013000) ops and (64860.1,84671.8) ops/second in (10.006150,130.066988) seconds
2026/03/15-14:15:36  ... thread 112: (975000,12082000) ops and (97472.5,92886.3) ops/second in (10.002825,130.072985) seconds
2026/03/15-14:15:36  ... thread 7: (634000,10858000) ops and (63322.5,83472.8) ops/second in (10.012233,130.078304) seconds
2026/03/15-14:15:36  ... thread 123: (648000,10262000) ops and (64779.1,78901.0) ops/second in (10.003223,130.061687) seconds
2026/03/15-14:15:36  ... thread 42: (657000,11915000) ops and (65662.1,91600.8) ops/second in (10.005765,130.075255) seconds
2026/03/15-14:15:36  ... thread 79: (650000,9606000) ops and (64980.9,73854.1) ops/second in (10.002936,130.067192) seconds
2026/03/15-14:15:36  ... thread 88: (647000,8804000) ops and (64664.2,67689.6) ops/second in (10.005532,130.064232) seconds
2026/03/15-14:15:36  ... thread 62: (652000,8884000) ops and (65125.0,68297.5) ops/second in (10.011523,130.077893) seconds
2026/03/15-14:15:36  ... thread 25: (954000,9230000) ops and (95391.8,70954.7) ops/second in (10.000864,130.083057) seconds
2026/03/15-14:15:36  ... thread 46: (650000,8960000) ops and (64990.8,68880.0) ops/second in (10.001413,130.081372) seconds
2026/03/15-14:15:36  ... thread 12: (783000,8718000) ops and (78288.2,67016.6) ops/second in (10.001509,130.087101) seconds
2026/03/15-14:15:36  ... thread 60: (915000,10061000) ops and (91492.6,77348.4) ops/second in (10.000807,130.073768) seconds
2026/03/15-14:15:36  ... thread 114: (918000,10227000) ops and (91752.2,78624.6) ops/second in (10.005211,130.073863) seconds
2026/03/15-14:15:36  ... thread 39: (976000,10097000) ops and (97545.1,77619.5) ops/second in (10.005630,130.083223) seconds
2026/03/15-14:15:36  ... thread 47: (984000,11071000) ops and (98361.5,85110.5) ops/second in (10.003915,130.077990) seconds
2026/03/15-14:15:36  ... thread 101: (661000,9016000) ops and (66070.3,69308.8) ops/second in (10.004502,130.084537) seconds
2026/03/15-14:15:36  ... thread 11: (907000,9036000) ops and (90658.8,69459.5) ops/second in (10.004541,130.090128) seconds
2026/03/15-14:15:36  ... thread 21: (641000,8591000) ops and (64097.2,66038.6) ops/second in (10.000440,130.090589) seconds
2026/03/15-14:15:36  ... thread 23: (631000,11003000) ops and (63017.7,84579.0) ops/second in (10.013060,130.091387) seconds
2026/03/15-14:15:36  ... thread 75: (653000,8852000) ops and (65282.4,68046.7) ops/second in (10.002695,130.087203) seconds
2026/03/15-14:15:36  ... thread 32: (651000,10351000) ops and (65053.5,79569.5) ops/second in (10.007141,130.087544) seconds
2026/03/15-14:15:36  ... thread 34: (913000,10574000) ops and (91232.6,81283.4) ops/second in (10.007387,130.088090) seconds
2026/03/15-14:15:36  ... thread 36: (659000,10869000) ops and (65860.8,83550.3) ops/second in (10.005955,130.089252) seconds
2026/03/15-14:15:36  ... thread 78: (974000,12611000) ops and (97364.0,96947.4) ops/second in (10.003695,130.080868) seconds
2026/03/15-14:15:36  ... thread 67: (648000,11369000) ops and (64767.3,87396.2) ops/second in (10.005047,130.085769) seconds
2026/03/15-14:15:36  ... thread 37: (580000,7939000) ops and (57945.2,61026.2) ops/second in (10.009463,130.091596) seconds
2026/03/15-14:15:36  ... thread 73: (665000,8775000) ops and (66462.1,67454.9) ops/second in (10.005698,130.086944) seconds
2026/03/15-14:15:36  ... thread 8: (654000,8860000) ops and (65336.4,68103.2) ops/second in (10.009727,130.096599) seconds
2026/03/15-14:15:36  ... thread 71: (648000,8819000) ops and (64785.7,67803.4) ops/second in (10.002210,130.067293) seconds
2026/03/15-14:15:36  ... thread 72: (653000,8840000) ops and (65243.5,67958.3) ops/second in (10.008663,130.079824) seconds
2026/03/15-14:15:36  ... thread 2: (911000,10070000) ops and (91046.2,77406.0) ops/second in (10.005905,130.093323) seconds
2026/03/15-14:15:36  ... thread 20: (631000,8640000) ops and (63007.5,66411.9) ops/second in (10.014682,130.097253) seconds
2026/03/15-14:15:36  ... thread 26: (663000,9618000) ops and (66215.5,73929.4) ops/second in (10.012755,130.097093) seconds
2026/03/15-14:15:36  ... thread 99: (660000,8970000) ops and (65924.9,68949.6) ops/second in (10.011397,130.094995) seconds
2026/03/15-14:15:36  ... thread 51: (664000,10367000) ops and (66355.9,79690.7) ops/second in (10.006644,130.090470) seconds
2026/03/15-14:15:36  ... thread 14: (632000,8631000) ops and (63185.9,66341.3) ops/second in (10.002239,130.099963) seconds
2026/03/15-14:15:36  ... thread 63: (977000,11580000) ops and (97637.5,89017.6) ops/second in (10.006400,130.086610) seconds
2026/03/15-14:15:36  ... thread 118: (652000,11655000) ops and (65188.4,89599.5) ops/second in (10.001774,130.078900) seconds
2026/03/15-14:15:36  ... thread 81: (665000,8843000) ops and (66475.4,67977.4) ops/second in (10.003703,130.087380) seconds
2026/03/15-14:15:36  ... thread 15: (665000,8961000) ops and (66449.3,68878.4) ops/second in (10.007629,130.098828) seconds
2026/03/15-14:15:36  ... thread 122: (650000,8930000) ops and (64938.0,68640.1) ops/second in (10.009542,130.098788) seconds
2026/03/15-14:15:36  ... thread 87: (652000,10655000) ops and (65107.9,81907.4) ops/second in (10.014149,130.085999) seconds
2026/03/15-14:15:36  ... thread 6: (649000,9352000) ops and (64871.8,71884.2) ops/second in (10.004344,130.098130) seconds
2026/03/15-14:15:36  ... thread 93: (652000,9265000) ops and (65125.0,71219.5) ops/second in (10.011514,130.090831) seconds
2026/03/15-14:15:36  ... thread 96: (652000,8994000) ops and (65134.1,69131.3) ops/second in (10.010122,130.100261) seconds
2026/03/15-14:15:36  ... thread 92: (643000,8824000) ops and (64261.6,67824.5) ops/second in (10.005971,130.100449) seconds
2026/03/15-14:15:36  ... thread 54: (657000,8934000) ops and (65657.6,68669.8) ops/second in (10.006455,130.100818) seconds
2026/03/15-14:15:36  ... thread 45: (665000,8971000) ops and (66458.4,68953.4) ops/second in (10.006258,130.102322) seconds
2026/03/15-14:15:36  ... thread 125: (650000,10815000) ops and (64976.2,83137.9) ops/second in (10.003669,130.085083) seconds
2026/03/15-14:15:36  ... thread 103: (983000,12784000) ops and (98289.2,98277.1) ops/second in (10.001098,130.081114) seconds
2026/03/15-14:15:36  ... thread 66: (580000,8563000) ops and (57975.3,65820.0) ops/second in (10.004264,130.097146) seconds
2026/03/15-14:15:36  ... thread 107: (647000,9339000) ops and (64646.4,71793.6) ops/second in (10.008294,130.081301) seconds
2026/03/15-14:15:36  ... thread 24: (636000,8541000) ops and (63586.2,65646.0) ops/second in (10.002176,130.107011) seconds
2026/03/15-14:15:36  ... thread 80: (662000,8951000) ops and (66159.4,68806.1) ops/second in (10.006134,130.090299) seconds
2026/03/15-14:15:36  ... thread 41: (665000,8974000) ops and (66448.1,68980.7) ops/second in (10.007804,130.094339) seconds
2026/03/15-14:15:36  ... thread 17: (615000,8372000) ops and (61408.9,64346.6) ops/second in (10.014829,130.107892) seconds
2026/03/15-14:15:36  ... thread 64: (651000,8892000) ops and (65004.7,68348.2) ops/second in (10.014662,130.098488) seconds
2026/03/15-14:15:36  ... thread 74: (653000,9376000) ops and (65210.0,72065.2) ops/second in (10.013795,130.104438) seconds
2026/03/15-14:15:36  ... thread 33: (976000,11141000) ops and (97541.0,85639.7) ops/second in (10.006044,130.091539) seconds
2026/03/15-14:15:36  ... thread 91: (653000,8930000) ops and (65295.9,68645.9) ops/second in (10.000632,130.087879) seconds
2026/03/15-14:15:36  ... thread 82: (663000,10439000) ops and (66271.0,80242.8) ops/second in (10.004371,130.092705) seconds
2026/03/15-14:15:36  ... thread 85: (653000,8877000) ops and (65248.7,68233.4) ops/second in (10.007859,130.097663) seconds
2026/03/15-14:15:36  ... thread 28: (648000,8795000) ops and (64730.4,67601.0) ops/second in (10.010759,130.101685) seconds
2026/03/15-14:15:36  ... thread 10: (648000,8824000) ops and (64727.7,67820.6) ops/second in (10.011175,130.107937) seconds
2026/03/15-14:15:36  ... thread 35: (644000,8805000) ops and (64394.6,67674.2) ops/second in (10.000842,130.108623) seconds
2026/03/15-14:15:36  ... thread 94: (922000,10434000) ops and (92104.2,80204.0) ops/second in (10.010397,130.093325) seconds
2026/03/15-14:15:36  ... thread 52: (665000,8961000) ops and (66412.9,68874.9) ops/second in (10.013108,130.105394) seconds
2026/03/15-14:15:36  ... thread 69: (643000,11051000) ops and (64199.5,84941.2) ops/second in (10.015650,130.101753) seconds
2026/03/15-14:15:36  ... thread 49: (652000,8771000) ops and (65147.4,67414.3) ops/second in (10.008068,130.105914) seconds
2026/03/15-14:15:36  ... thread 13: (653000,8849000) ops and (65278.5,68011.0) ops/second in (10.003296,130.111401) seconds
2026/03/15-14:15:36  ... thread 18: (655000,8686000) ops and (65400.8,66755.8) ops/second in (10.015175,130.116081) seconds
2026/03/15-14:15:36  ... thread 117: (917000,10437000) ops and (91673.9,80228.5) ops/second in (10.002843,130.091001) seconds
2026/03/15-14:15:36  ... thread 95: (656000,8868000) ops and (65518.2,68165.4) ops/second in (10.012481,130.095317) seconds
2026/03/15-14:15:36  ... thread 126: (655000,8825000) ops and (65407.9,67834.3) ops/second in (10.014075,130.096423) seconds
2026/03/15-14:15:36  ... thread 59: (653000,9790000) ops and (65257.4,75244.8) ops/second in (10.006526,130.108729) seconds
2026/03/15-14:15:36  ... thread 115: (653000,10572000) ops and (65200.6,81266.9) ops/second in (10.015246,130.089808) seconds
2026/03/15-14:15:36  ... thread 61: (661000,8865000) ops and (66037.9,68142.2) ops/second in (10.009403,130.095651) seconds
2026/03/15-14:15:36  ... thread 108: (924000,12011000) ops and (92307.5,92338.1) ops/second in (10.010017,130.076346) seconds
2026/03/15-14:15:36  ... thread 121: (922000,9308000) ops and (92161.8,71543.9) ops/second in (10.004146,130.101965) seconds
2026/03/15-14:15:36  ... thread 111: (590000,8621000) ops and (58938.0,66260.9) ops/second in (10.010512,130.106986) seconds
2026/03/15-14:15:36  ... thread 119: (651000,8892000) ops and (65097.2,68348.1) ops/second in (10.000427,130.098803) seconds
2026/03/15-14:15:36  ... thread 40: (660000,9296000) ops and (65994.7,71437.8) ops/second in (10.000798,130.127235) seconds
2026/03/15-14:15:36  ... thread 38: (653000,8850000) ops and (65200.4,68009.0) ops/second in (10.015269,130.129852) seconds
2026/03/15-14:15:36  ... thread 1: (649000,8928000) ops and (64818.0,68606.5) ops/second in (10.012650,130.133428) seconds
2026/03/15-14:15:36  ... thread 89: (720000,9738000) ops and (71943.9,74848.7) ops/second in (10.007797,130.102528) seconds
2026/03/15-14:15:36  ... thread 70: (665000,8753000) ops and (66434.4,67266.8) ops/second in (10.009871,130.123696) seconds
2026/03/15-14:15:36  ... thread 83: (658000,8907000) ops and (65777.5,68451.8) ops/second in (10.003420,130.120694) seconds
2026/03/15-14:15:36  ... thread 104: (654000,8849000) ops and (65382.7,68022.0) ops/second in (10.002653,130.090242) seconds
2026/03/15-14:15:36  ... thread 43: (649000,8774000) ops and (64812.6,67424.3) ops/second in (10.013479,130.131034) seconds
2026/03/15-14:15:36  ... thread 48: (976000,12527000) ops and (97599.9,96320.9) ops/second in (10.000007,130.054791) seconds
2026/03/15-14:15:36  ... thread 116: (647000,10056000) ops and (64634.3,77300.2) ops/second in (10.010164,130.090182) seconds
2026/03/15-14:15:36  ... thread 22: (881000,9017000) ops and (88017.4,69300.4) ops/second in (10.009382,130.114653) seconds
2026/03/15-14:15:36  ... thread 124: (666000,8995000) ops and (66526.6,69132.7) ops/second in (10.011029,130.112093) seconds
2026/03/15-14:15:36  ... thread 106: (662000,9636000) ops and (66151.4,74081.5) ops/second in (10.007340,130.072987) seconds
2026/03/15-14:15:36  ... thread 100: (645000,8912000) ops and (64477.1,68485.0) ops/second in (10.003545,130.130758) seconds
2026/03/15-14:15:36  ... thread 50: (649000,8547000) ops and (64806.9,65679.0) ops/second in (10.014363,130.132940) seconds
2026/03/15-14:15:36  ... thread 110: (918000,9479000) ops and (91788.0,72860.1) ops/second in (10.001311,130.098664) seconds
2026/03/15-14:15:36  ... thread 56: (917000,12511000) ops and (91612.4,96182.1) ops/second in (10.009563,130.076234) seconds
2026/03/15-14:15:36  ... thread 84: (592000,8156000) ops and (59161.6,62677.8) ops/second in (10.006488,130.125840) seconds
2026/03/15-14:15:36  ... thread 19: (921000,12535000) ops and (92081.0,96365.3) ops/second in (10.002062,130.077913) seconds
2026/03/15-14:15:36  ... thread 98: (652000,8912000) ops and (65109.2,68488.1) ops/second in (10.013940,130.124879) seconds
2026/03/15-14:15:36  ... thread 77: (943000,10307000) ops and (94284.5,79230.6) ops/second in (10.001649,130.088645) seconds
2026/03/15-14:15:36  ... thread 105: (649000,9017000) ops and (64879.6,69303.0) ops/second in (10.003151,130.109844) seconds
2026/03/15-14:15:36  ... thread 109: (661000,8952000) ops and (66026.7,68801.2) ops/second in (10.011108,130.114038) seconds
2026/03/15-14:15:36  ... thread 0: (577000,8741000) ops and (57690.1,67189.2) ops/second in (10.001722,130.095317) seconds

** Compaction Stats [default] **
Level    Files   Size     Score Read(GB)  Rn(GB) Rnp1(GB) Write(GB) WPreComp(GB) Wnew(GB) Moved(GB) W-Amp Rd(MB/s) Wr(MB/s) Comp(sec) CompMergeCPU(sec) Comp(cnt) Avg(sec) KeyIn KeyDrop Rblob(GB) Wblob(GB)
-------------------------------------------------------------------------------------------------------------------------------------------------------------------------------------------------------------
  L7     81/0     10.10 GB   0.0      0.0     0.0      0.0       0.0       0.0      0.0       0.0   0.0      0.0      0.0      0.00              0.00         0    0.000       0      0       0.0       0.0
 Sum     81/0     10.10 GB   0.0      0.0     0.0      0.0       0.0       0.0      0.0       0.0   0.0      0.0      0.0      0.00              0.00         0    0.000       0      0       0.0       0.0
 Int      0/0      0.00 KB   0.0      0.0     0.0      0.0       0.0       0.0      0.0       0.0   0.0      0.0      0.0      0.00              0.00         0    0.000       0      0       0.0       0.0

** Compaction Stats [default] **
Priority    Files   Size     Score Read(GB)  Rn(GB) Rnp1(GB) Write(GB) WPreComp(GB) Wnew(GB) Moved(GB) W-Amp Rd(MB/s) Wr(MB/s) Comp(sec) CompMergeCPU(sec) Comp(cnt) Avg(sec) KeyIn KeyDrop Rblob(GB) Wblob(GB)
----------------------------------------------------------------------------------------------------------------------------------------------------------------------------------------------------------------

Blob file count: 0, total size: 0.0 GB, garbage size: 0.0 GB, space amp: 0.0

Uptime(secs): 130.3 total, 130.2 interval
Flush(GB): cumulative 0.000, interval 0.000
AddFile(GB): cumulative 0.000, interval 0.000
AddFile(Total Files): cumulative 0, interval 0
AddFile(L0 Files): cumulative 0, interval 0
AddFile(Keys): cumulative 0, interval 0
Cumulative compaction: 0.00 GB write, 0.00 MB/s write, 0.00 GB read, 0.00 MB/s read, 0.0 seconds
Interval compaction: 0.00 GB write, 0.00 MB/s write, 0.00 GB read, 0.00 MB/s read, 0.0 seconds
Estimated pending compaction bytes: 0
Write Stall (count): cf-l0-file-count-limit-delays-with-ongoing-compaction: 0, cf-l0-file-count-limit-stops-with-ongoing-compaction: 0, l0-file-count-limit-delays: 0, l0-file-count-limit-stops: 0, memtable-limit-delays: 0, memtable-limit-stops: 0, pending-compaction-bytes-delays: 0, pending-compaction-bytes-stops: 0, total-delays: 0, total-stops: 0
Block cache LRUCache@0x55c67107d780#1185831 capacity: 29.80 GB seed: 1773580406 usage: 0.09 KB table_size: 1024 occupancy: 1 collections: 1 last_copies: 0 last_secs: 9.2e-05 secs_since: 130
Block cache entry stats(count,size,portion): Misc(1,0.00 KB,0%)

** File Read Latency Histogram By Level [default] **

** DB Stats **
Uptime(secs): 130.3 total, 10.0 interval
Cumulative writes: 0 writes, 0 keys, 0 commit groups, 0.0 writes per commit group, ingest: 0.00 GB, 0.00 MB/s
Cumulative WAL: 0 writes, 0 syncs, 0.00 writes per sync, written: 0.00 GB, 0.00 MB/s
Cumulative stall: 00:00:0.000 H:M:S, 0.0 percent
Interval writes: 0 writes, 0 keys, 0 commit groups, 0.0 writes per commit group, ingest: 0.00 MB, 0.00 MB/s
Interval WAL: 0 writes, 0 syncs, 0.00 writes per sync, written: 0.00 GB, 0.00 MB/s
Interval stall: 00:00:0.000 H:M:S, 0.0 percent
Write Stall (count): write-buffer-manager-limit-stops: 0
num-running-compactions: 0
num-running-flushes: 0

2026/03/15-14:15:36  ... thread 53: (662000,10264000) ops and (66119.4,78898.1) ops/second in (10.012184,130.091877) seconds
2026/03/15-14:15:36  ... thread 102: (654000,10401000) ops and (65313.4,79943.0) ops/second in (10.013258,130.105194) seconds
2026/03/15-14:15:36  ... thread 120: (648000,9037000) ops and (64713.2,69454.6) ops/second in (10.013416,130.113831) seconds
2026/03/15-14:15:36  ... thread 55: (650000,8776000) ops and (64946.9,67455.8) ops/second in (10.008171,130.100034) seconds
2026/03/15-14:15:36  ... thread 44: (651000,8915000) ops and (65048.8,68523.8) ops/second in (10.007868,130.100819) seconds
2026/03/15-14:15:36  ... thread 97: (651000,8053000) ops and (65052.3,61892.0) ops/second in (10.007340,130.113782) seconds
2026/03/15-14:15:36  ... thread 57: (647000,8779000) ops and (64653.8,67467.3) ops/second in (10.007140,130.122241) seconds
2026/03/15-14:15:46  ... thread 127: (913000,13404000) ops and (91257.9,95706.6) ops/second in (10.004610,140.053004) seconds
2026/03/15-14:15:46  ... thread 68: (907000,13414000) ops and (90662.4,95771.8) ops/second in (10.004146,140.062073) seconds
2026/03/15-14:15:46  ... thread 27: (645000,11877000) ops and (64447.5,84796.0) ops/second in (10.008148,140.065489) seconds
2026/03/15-14:15:46  ... thread 4: (645000,10067000) ops and (64443.9,71874.3) ops/second in (10.008707,140.063897) seconds
2026/03/15-14:15:46  ... thread 3: (638000,9082000) ops and (63793.0,64839.2) ops/second in (10.001103,140.069637) seconds
2026/03/15-14:15:46  ... thread 16: (914000,11652000) ops and (91349.6,83191.6) ops/second in (10.005516,140.062214) seconds
2026/03/15-14:15:46  ... thread 86: (572000,8524000) ops and (57164.2,60855.3) ops/second in (10.006255,140.069887) seconds
2026/03/15-14:15:46  ... thread 29: (657000,9645000) ops and (65697.3,68857.8) ops/second in (10.000415,140.071378) seconds
2026/03/15-14:15:46  ... thread 9: (908000,10119000) ops and (90757.0,72242.1) ops/second in (10.004741,140.070739) seconds
2026/03/15-14:15:46  ... thread 30: (657000,10664000) ops and (65637.7,76131.7) ops/second in (10.009484,140.073098) seconds
2026/03/15-14:15:46  ... thread 76: (970000,13791000) ops and (96937.9,98461.4) ops/second in (10.006402,140.064972) seconds
2026/03/15-14:15:46  ... thread 112: (972000,13054000) ops and (97174.6,93192.5) ops/second in (10.002614,140.075599) seconds
2026/03/15-14:15:46  ... thread 90: (915000,11028000) ops and (91421.5,78735.3) ops/second in (10.008589,140.064203) seconds
2026/03/15-14:15:46  ... thread 31: (914000,13400000) ops and (91335.6,95660.7) ops/second in (10.007056,140.078449) seconds
2026/03/15-14:15:46  ... thread 5: (888000,12962000) ops and (88715.5,92530.5) ops/second in (10.009527,140.083493) seconds
2026/03/15-14:15:46  ... thread 7: (739000,11597000) ops and (73859.3,82786.2) ops/second in (10.005511,140.083815) seconds
2026/03/15-14:15:46  ... thread 58: (646000,11659000) ops and (64549.1,83234.1) ops/second in (10.007880,140.074868) seconds
2026/03/15-14:15:46  ... thread 42: (649000,12564000) ops and (64860.4,89690.7) ops/second in (10.006103,140.081358) seconds
2026/03/15-14:15:46  ... thread 65: (644000,9466000) ops and (64326.4,67573.9) ops/second in (10.011438,140.083737) seconds
2026/03/15-14:15:46  ... thread 46: (643000,9603000) ops and (64296.0,68552.7) ops/second in (10.000624,140.081996) seconds
2026/03/15-14:15:46  ... thread 113: (645000,13158000) ops and (64407.9,93939.6) ops/second in (10.014306,140.068799) seconds
2026/03/15-14:15:46  ... thread 88: (641000,9445000) ops and (64061.6,67430.5) ops/second in (10.005989,140.070221) seconds
2026/03/15-14:15:46  ... thread 60: (906000,10967000) ops and (90588.8,78293.8) ops/second in (10.001240,140.075008) seconds
2026/03/15-14:15:46  ... thread 123: (652000,10914000) ops and (65134.2,77917.2) ops/second in (10.010098,140.071785) seconds
2026/03/15-14:15:46  ... thread 11: (910000,9946000) ops and (90996.7,70997.0) ops/second in (10.000365,140.090493) seconds
2026/03/15-14:15:46  ... thread 62: (644000,9528000) ops and (64341.3,68014.9) ops/second in (10.009118,140.087011) seconds
2026/03/15-14:15:46  ... thread 39: (971000,11068000) ops and (97046.1,79007.0) ops/second in (10.005557,140.088780) seconds
2026/03/15-14:15:46  ... thread 114: (705000,10932000) ops and (70461.0,78041.5) ops/second in (10.005539,140.079402) seconds
2026/03/15-14:15:46  ... thread 25: (699000,9929000) ops and (69832.3,70874.5) ops/second in (10.009699,140.092756) seconds
2026/03/15-14:15:46  ... thread 32: (644000,10995000) ops and (64377.9,78484.7) ops/second in (10.003434,140.090978) seconds
2026/03/15-14:15:46  ... thread 47: (980000,12051000) ops and (97916.7,86025.4) ops/second in (10.008504,140.086494) seconds
2026/03/15-14:15:46  ... thread 79: (643000,10249000) ops and (64199.3,73163.8) ops/second in (10.015693,140.082885) seconds
2026/03/15-14:15:46  ... thread 37: (573000,8512000) ops and (57292.7,60759.7) ops/second in (10.001269,140.092865) seconds
2026/03/15-14:15:46  ... thread 12: (949000,9667000) ops and (94798.4,69001.8) ops/second in (10.010722,140.097823) seconds
2026/03/15-14:15:46  ... thread 78: (968000,13579000) ops and (96761.9,96934.1) ops/second in (10.003941,140.084809) seconds
2026/03/15-14:15:46  ... thread 21: (634000,9225000) ops and (63351.6,65846.7) ops/second in (10.007643,140.098232) seconds
2026/03/15-14:15:46  ... thread 2: (907000,10977000) ops and (90674.7,78353.4) ops/second in (10.002785,140.096108) seconds
2026/03/15-14:15:46  ... thread 99: (652000,9622000) ops and (65186.5,68681.0) ops/second in (10.002066,140.097061) seconds
2026/03/15-14:15:46  ... thread 14: (618000,9249000) ops and (61799.6,66017.1) ops/second in (10.000067,140.100030) seconds
2026/03/15-14:15:46  ... thread 67: (640000,12009000) ops and (63960.8,85722.3) ops/second in (10.006134,140.091903) seconds
2026/03/15-14:15:46  ... thread 34: (906000,11480000) ops and (90514.9,81942.9) ops/second in (10.009406,140.097496) seconds
2026/03/15-14:15:46  ... thread 51: (662000,11029000) ops and (66188.4,78726.7) ops/second in (10.001749,140.092219) seconds
2026/03/15-14:15:46  ... thread 101: (655000,9671000) ops and (65414.9,69030.5) ops/second in (10.013013,140.097550) seconds
2026/03/15-14:15:46  ... thread 75: (647000,9499000) ops and (64630.3,67802.5) ops/second in (10.010791,140.097994) seconds
2026/03/15-14:15:46  ... thread 26: (654000,10272000) ops and (65366.6,73317.9) ops/second in (10.005117,140.102210) seconds
2026/03/15-14:15:46  ... thread 36: (655000,11524000) ops and (65433.7,82255.9) ops/second in (10.010138,140.099390) seconds
2026/03/15-14:15:46  ... thread 63: (973000,12553000) ops and (97263.3,89606.4) ops/second in (10.003777,140.090387) seconds
2026/03/15-14:15:46  ... thread 73: (658000,9433000) ops and (65750.5,67333.1) ops/second in (10.007535,140.094479) seconds
2026/03/15-14:15:46  ... thread 8: (649000,9509000) ops and (64840.5,67870.2) ops/second in (10.009174,140.105773) seconds
2026/03/15-14:15:46  ... thread 15: (659000,9620000) ops and (65880.2,68664.3) ops/second in (10.003013,140.101841) seconds
2026/03/15-14:15:46  ... thread 92: (637000,9461000) ops and (63693.4,67529.6) ops/second in (10.001032,140.101481) seconds
2026/03/15-14:15:46  ... thread 122: (642000,9572000) ops and (64181.8,68321.8) ops/second in (10.002829,140.101617) seconds
2026/03/15-14:15:46  ... thread 6: (642000,9994000) ops and (64182.9,71334.4) ops/second in (10.002662,140.100792) seconds
2026/03/15-14:15:46  ... thread 107: (640000,9979000) ops and (63999.0,71237.1) ops/second in (10.000160,140.081461) seconds
2026/03/15-14:15:46  ... thread 72: (645000,9485000) ops and (64436.2,67706.6) ops/second in (10.009907,140.089731) seconds
2026/03/15-14:15:46  ... thread 23: (625000,11628000) ops and (62401.1,82993.6) ops/second in (10.015851,140.107238) seconds
2026/03/15-14:15:46  ... thread 103: (978000,13762000) ops and (97792.1,98242.5) ops/second in (10.000808,140.081922) seconds
2026/03/15-14:15:46  ... thread 81: (761000,9604000) ops and (76043.9,68553.6) ops/second in (10.007380,140.094760) seconds
2026/03/15-14:15:46  ... thread 80: (845000,9796000) ops and (84492.8,69925.9) ops/second in (10.000858,140.091157) seconds
2026/03/15-14:15:46  ... thread 71: (644000,9463000) ops and (64323.3,67554.6) ops/second in (10.011919,140.079212) seconds
2026/03/15-14:15:46  ... thread 45: (657000,9628000) ops and (65683.9,68720.0) ops/second in (10.002444,140.104766) seconds
2026/03/15-14:15:46  ... thread 66: (574000,9137000) ops and (57386.9,65218.0) ops/second in (10.002280,140.099426) seconds
2026/03/15-14:15:46  ... thread 91: (645000,9575000) ops and (64498.1,68349.8) ops/second in (10.000293,140.088172) seconds
2026/03/15-14:15:46  ... thread 41: (660000,9634000) ops and (65983.0,68766.7) ops/second in (10.002569,140.096908) seconds
2026/03/15-14:15:46  ... thread 87: (643000,11298000) ops and (64252.0,80646.2) ops/second in (10.007473,140.093472) seconds
2026/03/15-14:15:46  ... thread 20: (624000,9264000) ops and (62307.9,66118.5) ops/second in (10.014777,140.112030) seconds
2026/03/15-14:15:46  ... thread 35: (643000,9448000) ops and (64299.7,67433.4) ops/second in (10.000045,140.108668) seconds
2026/03/15-14:15:46  ... thread 118: (644000,12299000) ops and (64314.3,87792.2) ops/second in (10.013318,140.092218) seconds
2026/03/15-14:15:46  ... thread 125: (654000,11469000) ops and (65349.0,81867.1) ops/second in (10.007800,140.092883) seconds
2026/03/15-14:15:46  ... thread 54: (643000,9577000) ops and (64247.5,68353.9) ops/second in (10.008178,140.108996) seconds
2026/03/15-14:15:46  ... thread 96: (646000,9640000) ops and (64532.3,68802.7) ops/second in (10.010488,140.110749) seconds
2026/03/15-14:15:46  ... thread 49: (655000,9426000) ops and (65499.4,67277.6) ops/second in (10.000096,140.106010) seconds
2026/03/15-14:15:46  ... thread 18: (649000,9335000) ops and (64898.2,66623.2) ops/second in (10.000276,140.116357) seconds
2026/03/15-14:15:46  ... thread 33: (975000,12116000) ops and (97417.2,86481.1) ops/second in (10.008501,140.100040) seconds
2026/03/15-14:15:46  ... thread 13: (646000,9495000) ops and (64585.2,67766.4) ops/second in (10.002288,140.113689) seconds
2026/03/15-14:15:46  ... thread 94: (915000,11349000) ops and (91467.8,81008.2) ops/second in (10.003521,140.096846) seconds
2026/03/15-14:15:46  ... thread 74: (647000,10023000) ops and (64635.1,71534.4) ops/second in (10.010034,140.114472) seconds
2026/03/15-14:15:46  ... thread 28: (867000,9662000) ops and (86631.4,68960.3) ops/second in (10.007923,140.109608) seconds
2026/03/15-14:15:46  ... thread 10: (639000,9463000) ops and (63854.3,67537.3) ops/second in (10.007154,140.115091) seconds
2026/03/15-14:15:46  ... thread 93: (645000,9910000) ops and (64402.2,70732.2) ops/second in (10.015180,140.106011) seconds
2026/03/15-14:15:46  ... thread 17: (612000,8984000) ops and (61127.9,64116.6) ops/second in (10.011788,140.119680) seconds
2026/03/15-14:15:46  ... thread 24: (630000,9171000) ops and (62913.5,65450.7) ops/second in (10.013745,140.120756) seconds
2026/03/15-14:15:46  ... thread 64: (642000,9534000) ops and (64113.2,68045.6) ops/second in (10.013539,140.112027) seconds
2026/03/15-14:15:46  ... thread 117: (908000,11345000) ops and (90753.7,80980.1) ops/second in (10.005103,140.096104) seconds
2026/03/15-14:15:46  ... thread 115: (643000,11215000) ops and (64284.7,80054.4) ops/second in (10.002383,140.092191) seconds
2026/03/15-14:15:46  ... thread 126: (646000,9471000) ops and (64562.4,67600.6) ops/second in (10.005819,140.102242) seconds
2026/03/15-14:15:46  ... thread 82: (644000,11083000) ops and (64308.6,79103.9) ops/second in (10.014205,140.106910) seconds
2026/03/15-14:15:46  ... thread 52: (658000,9619000) ops and (65733.7,68650.5) ops/second in (10.010092,140.115486) seconds
2026/03/15-14:15:46  ... thread 85: (647000,9524000) ops and (64608.3,67974.3) ops/second in (10.014189,140.111852) seconds
2026/03/15-14:15:46  ... thread 61: (655000,9520000) ops and (65469.2,67951.3) ops/second in (10.004710,140.100361) seconds
2026/03/15-14:15:46  ... thread 69: (638000,11689000) ops and (63732.4,83425.9) ops/second in (10.010600,140.112353) seconds
2026/03/15-14:15:46  ... thread 95: (648000,9516000) ops and (64730.0,67919.9) ops/second in (10.010819,140.106136) seconds
2026/03/15-14:15:46  ... thread 59: (645000,10435000) ops and (64438.2,74472.8) ops/second in (10.009591,140.118320) seconds
2026/03/15-14:15:46  ... thread 108: (927000,12938000) ops and (92639.6,92359.6) ops/second in (10.006519,140.082865) seconds
2026/03/15-14:15:46  ... thread 111: (881000,9502000) ops and (88062.3,67817.5) ops/second in (10.004276,140.111262) seconds
2026/03/15-14:15:46  ... thread 119: (644000,9536000) ops and (64352.4,68062.7) ops/second in (10.007399,140.106202) seconds
2026/03/15-14:15:46  ... thread 40: (655000,9951000) ops and (65461.6,71011.1) ops/second in (10.005869,140.133104) seconds
2026/03/15-14:15:46  ... thread 89: (640000,10378000) ops and (63985.6,74073.1) ops/second in (10.002246,140.104774) seconds
2026/03/15-14:15:46  ... thread 121: (799000,10107000) ops and (79779.8,72132.6) ops/second in (10.015066,140.117031) seconds
2026/03/15-14:15:46  ... thread 104: (637000,9486000) ops and (63684.3,67712.3) ops/second in (10.002473,140.092715) seconds
2026/03/15-14:15:46  ... thread 83: (655000,9562000) ops and (65466.2,68238.7) ops/second in (10.005164,140.125858) seconds
2026/03/15-14:15:46  ... thread 38: (647000,9497000) ops and (64633.9,67767.9) ops/second in (10.010230,140.140082) seconds
2026/03/15-14:15:46  ... thread 48: (972000,13499000) ops and (97158.1,96380.7) ops/second in (10.004313,140.059104) seconds
2026/03/15-14:15:46  ... thread 43: (641000,9415000) ops and (64067.1,67184.7) ops/second in (10.005138,140.136172) seconds
2026/03/15-14:15:46  ... thread 124: (658000,9653000) ops and (65783.9,68893.6) ops/second in (10.002445,140.114538) seconds
2026/03/15-14:15:46  ... thread 22: (803000,9820000) ops and (80256.6,70082.8) ops/second in (10.005407,140.120060) seconds
2026/03/15-14:15:46  ... thread 1: (647000,9575000) ops and (64599.9,68320.2) ops/second in (10.015494,140.148922) seconds
2026/03/15-14:15:46  ... thread 70: (659000,9412000) ops and (65807.0,67162.5) ops/second in (10.014131,140.137827) seconds
2026/03/15-14:15:46  ... thread 116: (642000,10698000) ops and (64144.7,76360.4) ops/second in (10.008619,140.098801) seconds
2026/03/15-14:15:46  ... thread 50: (644000,9191000) ops and (64386.7,65586.8) ops/second in (10.002058,140.134998) seconds
2026/03/15-14:15:46  ... thread 100: (638000,9550000) ops and (63771.6,68148.5) ops/second in (10.004446,140.135204) seconds
2026/03/15-14:15:46  ... thread 110: (913000,10392000) ops and (91266.6,74174.4) ops/second in (10.003659,140.102323) seconds
2026/03/15-14:15:46  ... thread 106: (657000,10293000) ops and (65625.9,73477.2) ops/second in (10.011293,140.084280) seconds
2026/03/15-14:15:46  ... thread 98: (645000,9557000) ops and (64477.8,68201.8) ops/second in (10.003441,140.128320) seconds
2026/03/15-14:15:46  ... thread 84: (587000,8743000) ops and (58645.8,62389.8) ops/second in (10.009244,140.135084) seconds
2026/03/15-14:15:46  ... thread 56: (912000,13423000) ops and (91100.7,95818.9) ops/second in (10.010901,140.087135) seconds
2026/03/15-14:15:46  ... thread 19: (914000,13449000) ops and (91304.3,96003.7) ops/second in (10.010480,140.088393) seconds
2026/03/15-14:15:46  ... thread 77: (650000,10957000) ops and (64981.6,78213.2) ops/second in (10.002836,140.091481) seconds
2026/03/15-14:15:46  ... thread 109: (657000,9609000) ops and (65680.5,68578.4) ops/second in (10.002964,140.117002) seconds
2026/03/15-14:15:46  ... thread 53: (653000,10917000) ops and (65291.0,77926.7) ops/second in (10.001380,140.093257) seconds
2026/03/15-14:15:46  ... thread 0: (572000,9313000) ops and (57182.9,66474.7) ops/second in (10.002995,140.098312) seconds

** Compaction Stats [default] **
Level    Files   Size     Score Read(GB)  Rn(GB) Rnp1(GB) Write(GB) WPreComp(GB) Wnew(GB) Moved(GB) W-Amp Rd(MB/s) Wr(MB/s) Comp(sec) CompMergeCPU(sec) Comp(cnt) Avg(sec) KeyIn KeyDrop Rblob(GB) Wblob(GB)
-------------------------------------------------------------------------------------------------------------------------------------------------------------------------------------------------------------
  L7     81/0     10.10 GB   0.0      0.0     0.0      0.0       0.0       0.0      0.0       0.0   0.0      0.0      0.0      0.00              0.00         0    0.000       0      0       0.0       0.0
 Sum     81/0     10.10 GB   0.0      0.0     0.0      0.0       0.0       0.0      0.0       0.0   0.0      0.0      0.0      0.00              0.00         0    0.000       0      0       0.0       0.0
 Int      0/0      0.00 KB   0.0      0.0     0.0      0.0       0.0       0.0      0.0       0.0   0.0      0.0      0.0      0.00              0.00         0    0.000       0      0       0.0       0.0

** Compaction Stats [default] **
Priority    Files   Size     Score Read(GB)  Rn(GB) Rnp1(GB) Write(GB) WPreComp(GB) Wnew(GB) Moved(GB) W-Amp Rd(MB/s) Wr(MB/s) Comp(sec) CompMergeCPU(sec) Comp(cnt) Avg(sec) KeyIn KeyDrop Rblob(GB) Wblob(GB)
----------------------------------------------------------------------------------------------------------------------------------------------------------------------------------------------------------------

Blob file count: 0, total size: 0.0 GB, garbage size: 0.0 GB, space amp: 0.0

Uptime(secs): 140.3 total, 140.2 interval
Flush(GB): cumulative 0.000, interval 0.000
AddFile(GB): cumulative 0.000, interval 0.000
AddFile(Total Files): cumulative 0, interval 0
AddFile(L0 Files): cumulative 0, interval 0
AddFile(Keys): cumulative 0, interval 0
Cumulative compaction: 0.00 GB write, 0.00 MB/s write, 0.00 GB read, 0.00 MB/s read, 0.0 seconds
Interval compaction: 0.00 GB write, 0.00 MB/s write, 0.00 GB read, 0.00 MB/s read, 0.0 seconds
Estimated pending compaction bytes: 0
Write Stall (count): cf-l0-file-count-limit-delays-with-ongoing-compaction: 0, cf-l0-file-count-limit-stops-with-ongoing-compaction: 0, l0-file-count-limit-delays: 0, l0-file-count-limit-stops: 0, memtable-limit-delays: 0, memtable-limit-stops: 0, pending-compaction-bytes-delays: 0, pending-compaction-bytes-stops: 0, total-delays: 0, total-stops: 0
Block cache LRUCache@0x55c67107d780#1185831 capacity: 29.80 GB seed: 1773580406 usage: 0.09 KB table_size: 1024 occupancy: 1 collections: 1 last_copies: 0 last_secs: 9.2e-05 secs_since: 140
Block cache entry stats(count,size,portion): Misc(1,0.00 KB,0%)

** File Read Latency Histogram By Level [default] **

** DB Stats **
Uptime(secs): 140.3 total, 10.0 interval
Cumulative writes: 0 writes, 0 keys, 0 commit groups, 0.0 writes per commit group, ingest: 0.00 GB, 0.00 MB/s
Cumulative WAL: 0 writes, 0 syncs, 0.00 writes per sync, written: 0.00 GB, 0.00 MB/s
Cumulative stall: 00:00:0.000 H:M:S, 0.0 percent
Interval writes: 0 writes, 0 keys, 0 commit groups, 0.0 writes per commit group, ingest: 0.00 MB, 0.00 MB/s
Interval WAL: 0 writes, 0 syncs, 0.00 writes per sync, written: 0.00 GB, 0.00 MB/s
Interval stall: 00:00:0.000 H:M:S, 0.0 percent
Write Stall (count): write-buffer-manager-limit-stops: 0
num-running-compactions: 0
num-running-flushes: 0

2026/03/15-14:15:46  ... thread 105: (642000,9659000) ops and (64160.8,68935.8) ops/second in (10.006103,140.115947) seconds
2026/03/15-14:15:46  ... thread 120: (638000,9675000) ops and (63769.3,69048.6) ops/second in (10.004819,140.118650) seconds
2026/03/15-14:15:46  ... thread 102: (648000,11049000) ops and (64719.3,78855.2) ops/second in (10.012465,140.117659) seconds
2026/03/15-14:15:46  ... thread 44: (644000,9559000) ops and (64364.2,68226.7) ops/second in (10.005556,140.106375) seconds
2026/03/15-14:15:46  ... thread 55: (644000,9420000) ops and (64349.0,67233.9) ops/second in (10.007923,140.107957) seconds
2026/03/15-14:15:46  ... thread 97: (644000,8697000) ops and (64299.2,62064.0) ops/second in (10.015674,140.129456) seconds
2026/03/15-14:15:46  ... thread 57: (643000,9422000) ops and (64246.9,67237.3) ops/second in (10.008267,140.130508) seconds
2026/03/15-14:15:56  ... thread 127: (908000,14312000) ops and (90752.1,95376.3) ops/second in (10.005274,150.058278) seconds
2026/03/15-14:15:56  ... thread 27: (639000,12516000) ops and (63894.4,83403.1) ops/second in (10.000877,150.066366) seconds
2026/03/15-14:15:56  ... thread 68: (902000,14316000) ops and (90152.6,95397.2) ops/second in (10.005257,150.067330) seconds
2026/03/15-14:15:56  ... thread 16: (912000,12564000) ops and (91177.3,83723.9) ops/second in (10.002488,150.064702) seconds
2026/03/15-14:15:56  ... thread 3: (631000,9713000) ops and (63041.9,64719.3) ops/second in (10.009213,150.078850) seconds
2026/03/15-14:15:56  ... thread 86: (567000,9091000) ops and (56663.8,60575.9) ops/second in (10.006392,150.076279) seconds
2026/03/15-14:15:56  ... thread 9: (902000,11021000) ops and (90162.3,73436.7) ops/second in (10.004184,150.074923) seconds
2026/03/15-14:15:56  ... thread 4: (650000,10717000) ops and (64917.2,71410.2) ops/second in (10.012749,150.076646) seconds
2026/03/15-14:15:56  ... thread 112: (968000,14022000) ops and (96793.5,93432.5) ops/second in (10.000673,150.076272) seconds
2026/03/15-14:15:56  ... thread 29: (648000,10293000) ops and (64762.4,68584.7) ops/second in (10.005806,150.077184) seconds
2026/03/15-14:15:56  ... thread 76: (967000,14758000) ops and (96624.2,98338.9) ops/second in (10.007840,150.072812) seconds
2026/03/15-14:15:56  ... thread 30: (652000,11316000) ops and (65135.8,75398.3) ops/second in (10.009862,150.082960) seconds
2026/03/15-14:15:56  ... thread 65: (639000,10105000) ops and (63886.2,67328.1) ops/second in (10.002161,150.085898) seconds
2026/03/15-14:15:56  ... thread 90: (909000,11937000) ops and (90832.2,79542.0) ops/second in (10.007466,150.071669) seconds
2026/03/15-14:15:56  ... thread 31: (907000,14307000) ops and (90631.4,95325.3) ops/second in (10.007565,150.086014) seconds
2026/03/15-14:15:56  ... thread 7: (886000,12483000) ops and (88544.0,83170.0) ops/second in (10.006327,150.090142) seconds
2026/03/15-14:15:56  ... thread 60: (904000,11871000) ops and (90381.9,79099.4) ops/second in (10.001999,150.077007) seconds
2026/03/15-14:15:56  ... thread 123: (647000,11561000) ops and (64689.0,77035.6) ops/second in (10.001697,150.073482) seconds
2026/03/15-14:15:56  ... thread 114: (634000,11566000) ops and (63398.5,77065.8) ops/second in (10.000230,150.079632) seconds
2026/03/15-14:15:56  ... thread 5: (881000,13843000) ops and (88009.0,92229.0) ops/second in (10.010339,150.093832) seconds
2026/03/15-14:15:56  ... thread 32: (638000,11633000) ops and (63795.0,77505.9) ops/second in (10.000789,150.091767) seconds
2026/03/15-14:15:56  ... thread 113: (639000,13797000) ops and (63831.4,91931.2) ops/second in (10.010751,150.079550) seconds
2026/03/15-14:15:56  ... thread 58: (641000,12300000) ops and (64015.0,81951.8) ops/second in (10.013280,150.088148) seconds
2026/03/15-14:15:56  ... thread 39: (968000,12036000) ops and (96751.9,80189.9) ops/second in (10.004969,150.093749) seconds
2026/03/15-14:15:56  ... thread 46: (650000,10253000) ops and (64919.8,68310.4) ops/second in (10.012361,150.094357) seconds
2026/03/15-14:15:56  ... thread 88: (635000,10080000) ops and (63427.9,67163.5) ops/second in (10.011371,150.081592) seconds
2026/03/15-14:15:56  ... thread 62: (639000,10167000) ops and (63849.1,67737.1) ops/second in (10.007970,150.094981) seconds
2026/03/15-14:15:56  ... thread 47: (971000,13022000) ops and (97057.8,86760.8) ops/second in (10.004352,150.090846) seconds
2026/03/15-14:15:56  ... thread 42: (644000,13208000) ops and (64300.7,87996.5) ops/second in (10.015436,150.096794) seconds
2026/03/15-14:15:56  ... thread 11: (877000,10823000) ops and (87609.2,72104.9) ops/second in (10.010366,150.100859) seconds
2026/03/15-14:15:56  ... thread 67: (636000,12645000) ops and (63591.6,84247.6) ops/second in (10.001327,150.093230) seconds
2026/03/15-14:15:56  ... thread 2: (901000,11878000) ops and (90075.0,79134.5) ops/second in (10.002774,150.098882) seconds
2026/03/15-14:15:56  ... thread 12: (945000,10612000) ops and (94448.4,70698.0) ops/second in (10.005460,150.103283) seconds
2026/03/15-14:15:56  ... thread 51: (652000,11681000) ops and (65189.2,77824.6) ops/second in (10.001652,150.093871) seconds
2026/03/15-14:15:56  ... thread 26: (649000,10921000) ops and (64886.3,72756.1) ops/second in (10.002117,150.104327) seconds
2026/03/15-14:15:56  ... thread 25: (621000,10550000) ops and (62020.0,70283.8) ops/second in (10.012900,150.105656) seconds
2026/03/15-14:15:56  ... thread 37: (568000,9080000) ops and (56744.5,60491.9) ops/second in (10.009780,150.102645) seconds
2026/03/15-14:15:56  ... thread 101: (648000,10319000) ops and (64762.4,68746.0) ops/second in (10.005800,150.103350) seconds
2026/03/15-14:15:56  ... thread 103: (968000,14730000) ops and (96792.7,98145.9) ops/second in (10.000757,150.082679) seconds
2026/03/15-14:15:56  ... thread 79: (637000,10886000) ops and (63624.9,72527.6) ops/second in (10.011801,150.094686) seconds
2026/03/15-14:15:56  ... thread 78: (967000,14546000) ops and (96601.4,96911.9) ops/second in (10.010206,150.095015) seconds
2026/03/15-14:15:56  ... thread 15: (654000,10274000) ops and (65381.4,68445.6) ops/second in (10.002849,150.104690) seconds
2026/03/15-14:15:56  ... thread 107: (634000,10613000) ops and (63386.9,70714.0) ops/second in (10.002059,150.083520) seconds
2026/03/15-14:15:56  ... thread 71: (637000,10100000) ops and (63694.8,67297.4) ops/second in (10.000815,150.080027) seconds
2026/03/15-14:15:56  ... thread 36: (649000,12173000) ops and (64858.2,81096.1) ops/second in (10.006452,150.105842) seconds
2026/03/15-14:15:56  ... thread 80: (908000,10704000) ops and (90787.7,71316.0) ops/second in (10.001356,150.092513) seconds
2026/03/15-14:15:56  ... thread 34: (901000,12381000) ops and (90022.6,82481.7) ops/second in (10.008599,150.106095) seconds
2026/03/15-14:15:56  ... thread 122: (634000,10206000) ops and (63372.9,67992.0) ops/second in (10.004272,150.105889) seconds
2026/03/15-14:15:56  ... thread 45: (652000,10280000) ops and (65186.7,68484.6) ops/second in (10.002044,150.106810) seconds
2026/03/15-14:15:56  ... thread 63: (967000,13520000) ops and (96631.6,90074.8) ops/second in (10.007079,150.097466) seconds
2026/03/15-14:15:56  ... thread 75: (640000,10139000) ops and (63942.6,67545.2) ops/second in (10.008981,150.106975) seconds
2026/03/15-14:15:56  ... thread 21: (628000,9853000) ops and (62710.0,65637.4) ops/second in (10.014357,150.112589) seconds
2026/03/15-14:15:56  ... thread 87: (636000,11934000) ops and (63585.2,79509.2) ops/second in (10.002330,150.095802) seconds
2026/03/15-14:15:56  ... thread 20: (617000,9881000) ops and (61688.0,65823.3) ops/second in (10.001945,150.113975) seconds
2026/03/15-14:15:56  ... thread 81: (907000,10511000) ops and (90645.7,70026.3) ops/second in (10.005993,150.100753) seconds
2026/03/15-14:15:56  ... thread 99: (648000,10270000) ops and (64707.6,68415.9) ops/second in (10.014275,150.111336) seconds
2026/03/15-14:15:56  ... thread 14: (614000,9863000) ops and (61307.7,65702.9) ops/second in (10.015048,150.115078) seconds
2026/03/15-14:15:56  ... thread 6: (636000,10630000) ops and (63538.9,70814.5) ops/second in (10.009617,150.110409) seconds
2026/03/15-14:15:56  ... thread 125: (652000,12121000) ops and (65187.1,80755.6) ops/second in (10.001975,150.094858) seconds
2026/03/15-14:15:56  ... thread 73: (651000,10084000) ops and (65016.3,67178.6) ops/second in (10.012868,150.107347) seconds
2026/03/15-14:15:56  ... thread 23: (619000,12247000) ops and (61835.9,81582.7) ops/second in (10.010369,150.117607) seconds
2026/03/15-14:15:56  ... thread 92: (638000,10099000) ops and (63721.8,67275.6) ops/second in (10.012277,150.113758) seconds
2026/03/15-14:15:56  ... thread 8: (644000,10153000) ops and (64315.2,67633.0) ops/second in (10.013187,150.118960) seconds
2026/03/15-14:15:56  ... thread 35: (638000,10086000) ops and (63759.5,67188.5) ops/second in (10.006350,150.115018) seconds
2026/03/15-14:15:56  ... thread 41: (654000,10288000) ops and (65331.0,68537.6) ops/second in (10.010556,150.107464) seconds
2026/03/15-14:15:56  ... thread 96: (638000,10278000) ops and (63759.2,68466.5) ops/second in (10.006406,150.117155) seconds
2026/03/15-14:15:56  ... thread 10: (637000,10100000) ops and (63682.1,67280.4) ops/second in (10.002817,150.117908) seconds
2026/03/15-14:15:56  ... thread 72: (641000,10126000) ops and (64004.3,67459.6) ops/second in (10.014949,150.104680) seconds
2026/03/15-14:15:56  ... thread 118: (639000,12938000) ops and (63844.3,86195.3) ops/second in (10.008725,150.100943) seconds
2026/03/15-14:15:56  ... thread 115: (640000,11855000) ops and (63989.1,78983.9) ops/second in (10.001705,150.093896) seconds
2026/03/15-14:15:56  ... thread 18: (644000,9979000) ops and (64355.0,66472.0) ops/second in (10.006996,150.123353) seconds
2026/03/15-14:15:56  ... thread 94: (910000,12259000) ops and (90947.0,81670.8) ops/second in (10.005832,150.102678) seconds
2026/03/15-14:15:56  ... thread 33: (970000,13086000) ops and (96930.9,87177.7) ops/second in (10.007124,150.107164) seconds
2026/03/15-14:15:56  ... thread 91: (639000,10214000) ops and (63803.9,68046.5) ops/second in (10.015069,150.103241) seconds
2026/03/15-14:15:56  ... thread 17: (610000,9594000) ops and (60968.0,63906.8) ops/second in (10.005242,150.124922) seconds
2026/03/15-14:15:56  ... thread 64: (634000,10168000) ops and (63377.5,67734.5) ops/second in (10.003555,150.115582) seconds
2026/03/15-14:15:56  ... thread 66: (569000,9706000) ops and (56805.2,64656.6) ops/second in (10.016687,150.116113) seconds
2026/03/15-14:15:56  ... thread 126: (638000,10109000) ops and (63784.7,67346.4) ops/second in (10.002403,150.104645) seconds
2026/03/15-14:15:56  ... thread 54: (634000,10211000) ops and (63321.8,68018.3) ops/second in (10.012345,150.121341) seconds
2026/03/15-14:15:56  ... thread 24: (614000,9785000) ops and (61358.4,65177.9) ops/second in (10.006779,150.127535) seconds
2026/03/15-14:15:56  ... thread 49: (650000,10076000) ops and (64916.3,67120.1) ops/second in (10.012899,150.118909) seconds
2026/03/15-14:15:56  ... thread 74: (641000,10664000) ops and (64037.0,71034.5) ops/second in (10.009838,150.124310) seconds
2026/03/15-14:15:56  ... thread 28: (968000,10630000) ops and (96706.5,70810.4) ops/second in (10.009672,150.119280) seconds
2026/03/15-14:15:56  ... thread 61: (648000,10168000) ops and (64778.0,67739.8) ops/second in (10.003389,150.103750) seconds
2026/03/15-14:15:56  ... thread 13: (641000,10136000) ops and (64025.9,67517.0) ops/second in (10.011575,150.125264) seconds
2026/03/15-14:15:56  ... thread 117: (901000,12246000) ops and (90029.5,81583.5) ops/second in (10.007827,150.103931) seconds
2026/03/15-14:15:56  ... thread 95: (642000,10158000) ops and (64188.1,67671.3) ops/second in (10.001857,150.107993) seconds
2026/03/15-14:15:56  ... thread 52: (650000,10269000) ops and (64969.1,68405.2) ops/second in (10.004750,150.120236) seconds
2026/03/15-14:15:56  ... thread 93: (638000,10548000) ops and (63731.9,70265.3) ops/second in (10.010682,150.116693) seconds
2026/03/15-14:15:56  ... thread 69: (635000,12324000) ops and (63447.5,82094.0) ops/second in (10.008282,150.120635) seconds
2026/03/15-14:15:56  ... thread 85: (640000,10164000) ops and (63938.4,67705.2) ops/second in (10.009639,150.121491) seconds
2026/03/15-14:15:56  ... thread 108: (911000,13849000) ops and (91039.5,92271.6) ops/second in (10.006646,150.089511) seconds
2026/03/15-14:15:56  ... thread 111: (966000,10468000) ops and (96532.9,69731.7) ops/second in (10.006951,150.118213) seconds
2026/03/15-14:15:56  ... thread 119: (638000,10174000) ops and (63795.1,67778.3) ops/second in (10.000774,150.106976) seconds
2026/03/15-14:15:56  ... thread 82: (637000,11720000) ops and (63620.4,78071.2) ops/second in (10.012518,150.119428) seconds
2026/03/15-14:15:56  ... thread 40: (649000,10600000) ops and (64886.3,70603.0) ops/second in (10.002107,150.135211) seconds
2026/03/15-14:15:56  ... thread 59: (641000,11076000) ops and (63999.2,73774.1) ops/second in (10.015754,150.134074) seconds
2026/03/15-14:15:56  ... thread 83: (647000,10209000) ops and (64695.1,68002.6) ops/second in (10.000751,150.126609) seconds
2026/03/15-14:15:56  ... thread 121: (636000,10743000) ops and (63560.6,71561.2) ops/second in (10.006199,150.123230) seconds
2026/03/15-14:15:56  ... thread 104: (632000,10118000) ops and (63160.6,67408.9) ops/second in (10.006243,150.098958) seconds
2026/03/15-14:15:56  ... thread 48: (969000,14468000) ops and (96847.5,96411.9) ops/second in (10.005423,150.064527) seconds
2026/03/15-14:15:56  ... thread 89: (636000,11014000) ops and (63516.0,73368.9) ops/second in (10.013226,150.118000) seconds
2026/03/15-14:15:56  ... thread 1: (635000,10210000) ops and (63457.4,67996.1) ops/second in (10.006709,150.155631) seconds
2026/03/15-14:15:56  ... thread 70: (645000,10057000) ops and (64463.6,66982.6) ops/second in (10.005639,150.143466) seconds
2026/03/15-14:15:56  ... thread 22: (636000,10456000) ops and (63552.0,69647.4) ops/second in (10.007558,150.127618) seconds
2026/03/15-14:15:56  ... thread 43: (635000,10050000) ops and (63414.2,66933.2) ops/second in (10.013537,150.149709) seconds
2026/03/15-14:15:56  ... thread 38: (641000,10138000) ops and (64002.0,67516.7) ops/second in (10.015314,150.155396) seconds
2026/03/15-14:15:56  ... thread 124: (653000,10306000) ops and (65226.2,68649.1) ops/second in (10.011321,150.125859) seconds
2026/03/15-14:15:56  ... thread 100: (632000,10182000) ops and (63174.8,67817.1) ops/second in (10.003989,150.139193) seconds
2026/03/15-14:15:56  ... thread 116: (636000,11334000) ops and (63542.1,75505.7) ops/second in (10.009111,150.107912) seconds
2026/03/15-14:15:56  ... thread 50: (637000,9828000) ops and (63654.4,65458.0) ops/second in (10.007162,150.142160) seconds
2026/03/15-14:15:56  ... thread 110: (906000,11298000) ops and (90512.2,75263.8) ops/second in (10.009700,150.112023) seconds
2026/03/15-14:15:56  ... thread 106: (653000,10946000) ops and (65223.6,72926.7) ops/second in (10.011714,150.095994) seconds
2026/03/15-14:15:56  ... thread 98: (635000,10192000) ops and (63461.1,67885.8) ops/second in (10.006123,150.134443) seconds
2026/03/15-14:15:56  ... thread 77: (580000,11537000) ops and (57997.1,76866.2) ops/second in (10.000497,150.091978) seconds
2026/03/15-14:15:56  ... thread 56: (907000,14330000) ops and (90634.8,95473.3) ops/second in (10.007198,150.094333) seconds
2026/03/15-14:15:56  ... thread 84: (582000,9325000) ops and (58141.5,62106.6) ops/second in (10.010062,150.145146) seconds
2026/03/15-14:15:56  ... thread 53: (647000,11564000) ops and (64674.2,77043.4) ops/second in (10.003992,150.097249) seconds
2026/03/15-14:15:56  ... thread 19: (908000,14357000) ops and (90712.4,95650.8) ops/second in (10.009660,150.098053) seconds
2026/03/15-14:15:56  ... thread 109: (638000,10247000) ops and (63728.3,68255.0) ops/second in (10.011248,150.128250) seconds
2026/03/15-14:15:56  ... thread 120: (636000,10311000) ops and (63583.1,68684.5) ops/second in (10.002660,150.121310) seconds
2026/03/15-14:15:56  ... thread 105: (636000,10295000) ops and (63533.1,68575.5) ops/second in (10.010524,150.126471) seconds
2026/03/15-14:15:56  ... thread 102: (638000,11687000) ops and (63785.1,77851.1) ops/second in (10.002335,150.119994) seconds
2026/03/15-14:15:56  ... thread 0: (566000,9879000) ops and (56505.7,65809.5) ops/second in (10.016682,150.114994) seconds

** Compaction Stats [default] **
Level    Files   Size     Score Read(GB)  Rn(GB) Rnp1(GB) Write(GB) WPreComp(GB) Wnew(GB) Moved(GB) W-Amp Rd(MB/s) Wr(MB/s) Comp(sec) CompMergeCPU(sec) Comp(cnt) Avg(sec) KeyIn KeyDrop Rblob(GB) Wblob(GB)
-------------------------------------------------------------------------------------------------------------------------------------------------------------------------------------------------------------
  L7     81/0     10.10 GB   0.0      0.0     0.0      0.0       0.0       0.0      0.0       0.0   0.0      0.0      0.0      0.00              0.00         0    0.000       0      0       0.0       0.0
 Sum     81/0     10.10 GB   0.0      0.0     0.0      0.0       0.0       0.0      0.0       0.0   0.0      0.0      0.0      0.00              0.00         0    0.000       0      0       0.0       0.0
 Int      0/0      0.00 KB   0.0      0.0     0.0      0.0       0.0       0.0      0.0       0.0   0.0      0.0      0.0      0.00              0.00         0    0.000       0      0       0.0       0.0

** Compaction Stats [default] **
Priority    Files   Size     Score Read(GB)  Rn(GB) Rnp1(GB) Write(GB) WPreComp(GB) Wnew(GB) Moved(GB) W-Amp Rd(MB/s) Wr(MB/s) Comp(sec) CompMergeCPU(sec) Comp(cnt) Avg(sec) KeyIn KeyDrop Rblob(GB) Wblob(GB)
----------------------------------------------------------------------------------------------------------------------------------------------------------------------------------------------------------------

Blob file count: 0, total size: 0.0 GB, garbage size: 0.0 GB, space amp: 0.0

Uptime(secs): 150.3 total, 150.2 interval
Flush(GB): cumulative 0.000, interval 0.000
AddFile(GB): cumulative 0.000, interval 0.000
AddFile(Total Files): cumulative 0, interval 0
AddFile(L0 Files): cumulative 0, interval 0
AddFile(Keys): cumulative 0, interval 0
Cumulative compaction: 0.00 GB write, 0.00 MB/s write, 0.00 GB read, 0.00 MB/s read, 0.0 seconds
Interval compaction: 0.00 GB write, 0.00 MB/s write, 0.00 GB read, 0.00 MB/s read, 0.0 seconds
Estimated pending compaction bytes: 0
Write Stall (count): cf-l0-file-count-limit-delays-with-ongoing-compaction: 0, cf-l0-file-count-limit-stops-with-ongoing-compaction: 0, l0-file-count-limit-delays: 0, l0-file-count-limit-stops: 0, memtable-limit-delays: 0, memtable-limit-stops: 0, pending-compaction-bytes-delays: 0, pending-compaction-bytes-stops: 0, total-delays: 0, total-stops: 0
Block cache LRUCache@0x55c67107d780#1185831 capacity: 29.80 GB seed: 1773580406 usage: 0.09 KB table_size: 1024 occupancy: 1 collections: 1 last_copies: 0 last_secs: 9.2e-05 secs_since: 150
Block cache entry stats(count,size,portion): Misc(1,0.00 KB,0%)

** File Read Latency Histogram By Level [default] **

** DB Stats **
Uptime(secs): 150.3 total, 10.0 interval
Cumulative writes: 0 writes, 0 keys, 0 commit groups, 0.0 writes per commit group, ingest: 0.00 GB, 0.00 MB/s
Cumulative WAL: 0 writes, 0 syncs, 0.00 writes per sync, written: 0.00 GB, 0.00 MB/s
Cumulative stall: 00:00:0.000 H:M:S, 0.0 percent
Interval writes: 0 writes, 0 keys, 0 commit groups, 0.0 writes per commit group, ingest: 0.00 MB, 0.00 MB/s
Interval WAL: 0 writes, 0 syncs, 0.00 writes per sync, written: 0.00 GB, 0.00 MB/s
Interval stall: 00:00:0.000 H:M:S, 0.0 percent
Write Stall (count): write-buffer-manager-limit-stops: 0
num-running-compactions: 0
num-running-flushes: 0

2026/03/15-14:15:56  ... thread 55: (636000,10056000) ops and (63561.6,66989.1) ops/second in (10.006046,150.114003) seconds
2026/03/15-14:15:56  ... thread 44: (637000,10196000) ops and (63635.3,67920.6) ops/second in (10.010167,150.116542) seconds
2026/03/15-14:15:56  ... thread 97: (635000,9332000) ops and (63486.6,62158.8) ops/second in (10.002109,150.131565) seconds
2026/03/15-14:15:56  ... thread 57: (634000,10056000) ops and (63372.9,66979.8) ops/second in (10.004281,150.134789) seconds
2026/03/15-14:16:06  ... thread 127: (904000,15216000) ops and (90348.2,95062.0) ops/second in (10.005731,160.064009) seconds
2026/03/15-14:16:06  ... thread 27: (634000,13150000) ops and (63350.5,82149.4) ops/second in (10.007821,160.074187) seconds
2026/03/15-14:16:06  ... thread 68: (898000,15214000) ops and (89737.8,95043.4) ops/second in (10.006931,160.074261) seconds
2026/03/15-14:16:06  ... thread 16: (906000,13470000) ops and (90564.0,84151.4) ops/second in (10.003972,160.068674) seconds
2026/03/15-14:16:06  ... thread 3: (625000,10338000) ops and (62490.2,64580.0) ops/second in (10.001561,160.080411) seconds
2026/03/15-14:16:06  ... thread 29: (642000,10935000) ops and (64181.0,68309.5) ops/second in (10.002961,160.080145) seconds
2026/03/15-14:16:06  ... thread 76: (962000,15720000) ops and (96175.6,98203.8) ops/second in (10.002534,160.075346) seconds
2026/03/15-14:16:06  ... thread 30: (645000,11961000) ops and (64486.9,74716.6) ops/second in (10.002029,160.084989) seconds
2026/03/15-14:16:06  ... thread 9: (897000,11918000) ops and (89618.2,74448.4) ops/second in (10.009128,160.084051) seconds
2026/03/15-14:16:06  ... thread 112: (965000,14987000) ops and (96413.6,93618.9) ops/second in (10.008958,160.085230) seconds
2026/03/15-14:16:06  ... thread 86: (563000,9654000) ops and (56227.3,60303.9) ops/second in (10.012924,160.089203) seconds
2026/03/15-14:16:06  ... thread 4: (645000,11362000) ops and (64402.5,70971.8) ops/second in (10.015135,160.091781) seconds
2026/03/15-14:16:06  ... thread 90: (904000,12841000) ops and (90333.9,80216.7) ops/second in (10.007315,160.078984) seconds
2026/03/15-14:16:06  ... thread 60: (900000,12771000) ops and (89941.0,79777.1) ops/second in (10.006563,160.083570) seconds
2026/03/15-14:16:06  ... thread 114: (623000,12189000) ops and (62275.5,76141.5) ops/second in (10.003942,160.083574) seconds
2026/03/15-14:16:06  ... thread 31: (905000,15212000) ops and (90430.7,95019.4) ops/second in (10.007658,160.093672) seconds
2026/03/15-14:16:06  ... thread 32: (632000,12265000) ops and (63187.5,76611.4) ops/second in (10.001977,160.093744) seconds
2026/03/15-14:16:06  ... thread 7: (882000,13365000) ops and (88122.4,83479.6) ops/second in (10.008806,160.098948) seconds
2026/03/15-14:16:06  ... thread 65: (632000,10737000) ops and (63130.7,67065.6) ops/second in (10.010985,160.096883) seconds
2026/03/15-14:16:06  ... thread 46: (647000,10900000) ops and (64691.9,68084.3) ops/second in (10.001251,160.095608) seconds
2026/03/15-14:16:06  ... thread 5: (875000,14718000) ops and (87442.0,91929.8) ops/second in (10.006635,160.100467) seconds
2026/03/15-14:16:06  ... thread 88: (629000,10709000) ops and (62889.9,66896.5) ops/second in (10.001607,160.083199) seconds
2026/03/15-14:16:06  ... thread 58: (634000,12934000) ops and (63377.8,80791.2) ops/second in (10.003503,160.091651) seconds
2026/03/15-14:16:06  ... thread 47: (969000,13991000) ops and (96876.1,87392.8) ops/second in (10.002464,160.093310) seconds
2026/03/15-14:16:06  ... thread 123: (634000,12195000) ops and (63310.9,76177.1) ops/second in (10.014081,160.087563) seconds
2026/03/15-14:16:06  ... thread 113: (590000,14387000) ops and (58949.5,89869.3) ops/second in (10.008574,160.088124) seconds
2026/03/15-14:16:06  ... thread 39: (966000,13002000) ops and (96515.4,81210.5) ops/second in (10.008766,160.102515) seconds
2026/03/15-14:16:06  ... thread 62: (632000,10799000) ops and (63146.1,67450.1) ops/second in (10.008533,160.103514) seconds
2026/03/15-14:16:06  ... thread 25: (616000,11166000) ops and (61588.2,69740.6) ops/second in (10.001914,160.107570) seconds
2026/03/15-14:16:06  ... thread 67: (631000,13276000) ops and (63065.2,82923.8) ops/second in (10.005518,160.098748) seconds
2026/03/15-14:16:06  ... thread 2: (896000,12774000) ops and (89543.4,79785.0) ops/second in (10.006324,160.105206) seconds
2026/03/15-14:16:06  ... thread 42: (642000,13850000) ops and (64138.2,86505.0) ops/second in (10.009636,160.106430) seconds
2026/03/15-14:16:06  ... thread 37: (564000,9644000) ops and (56374.9,60234.7) ops/second in (10.004450,160.107095) seconds
2026/03/15-14:16:06  ... thread 34: (896000,13277000) ops and (89588.5,82925.6) ops/second in (10.001279,160.107374) seconds
2026/03/15-14:16:06  ... thread 45: (647000,10927000) ops and (64692.8,68247.7) ops/second in (10.001115,160.107925) seconds
2026/03/15-14:16:06  ... thread 80: (904000,11608000) ops and (90379.6,72507.1) ops/second in (10.002253,160.094766) seconds
2026/03/15-14:16:06  ... thread 12: (944000,11556000) ops and (94310.4,72174.1) ops/second in (10.009499,160.112782) seconds
2026/03/15-14:16:06  ... thread 51: (645000,12326000) ops and (64437.7,76987.7) ops/second in (10.009672,160.103543) seconds
2026/03/15-14:16:06  ... thread 26: (645000,11566000) ops and (64446.6,72236.7) ops/second in (10.008293,160.112620) seconds
2026/03/15-14:16:06  ... thread 78: (963000,15509000) ops and (96254.9,96870.9) ops/second in (10.004681,160.099696) seconds
2026/03/15-14:16:06  ... thread 63: (966000,14486000) ops and (96576.6,90481.0) ops/second in (10.002426,160.099892) seconds
2026/03/15-14:16:06  ... thread 103: (966000,15696000) ops and (96550.0,98046.2) ops/second in (10.005177,160.087856) seconds
2026/03/15-14:16:06  ... thread 11: (703000,11526000) ops and (70212.1,71986.5) ops/second in (10.012517,160.113376) seconds
2026/03/15-14:16:06  ... thread 71: (632000,10732000) ops and (63173.4,67039.7) ops/second in (10.004209,160.084236) seconds
2026/03/15-14:16:06  ... thread 99: (642000,10912000) ops and (64199.0,68152.5) ops/second in (10.000163,160.111499) seconds
2026/03/15-14:16:06  ... thread 101: (645000,10964000) ops and (64444.5,68477.1) ops/second in (10.008619,160.111969) seconds
2026/03/15-14:16:06  ... thread 81: (902000,11413000) ops and (90176.1,71285.2) ops/second in (10.002651,160.103404) seconds
2026/03/15-14:16:06  ... thread 23: (614000,12861000) ops and (61400.0,80322.2) ops/second in (10.000004,160.117611) seconds
2026/03/15-14:16:06  ... thread 15: (649000,10923000) ops and (64841.0,68220.2) ops/second in (10.009102,160.113792) seconds
2026/03/15-14:16:06  ... thread 87: (630000,12564000) ops and (62969.2,78475.6) ops/second in (10.004893,160.100695) seconds
2026/03/15-14:16:06  ... thread 73: (647000,10731000) ops and (64685.5,67022.8) ops/second in (10.002247,160.109594) seconds
2026/03/15-14:16:06  ... thread 79: (633000,11519000) ops and (63228.8,71946.1) ops/second in (10.011257,160.105943) seconds
2026/03/15-14:16:06  ... thread 107: (629000,11242000) ops and (62826.0,70220.7) ops/second in (10.011774,160.095294) seconds
2026/03/15-14:16:06  ... thread 35: (633000,10719000) ops and (63287.5,66944.8) ops/second in (10.001969,160.116987) seconds
2026/03/15-14:16:06  ... thread 20: (612000,10493000) ops and (61153.4,65531.4) ops/second in (10.007623,160.121598) seconds
2026/03/15-14:16:06  ... thread 8: (638000,10791000) ops and (63782.5,67392.5) ops/second in (10.002740,160.121700) seconds
2026/03/15-14:16:06  ... thread 122: (632000,10838000) ops and (63129.0,67687.9) ops/second in (10.011252,160.117141) seconds
2026/03/15-14:16:06  ... thread 75: (637000,10776000) ops and (63630.1,67300.4) ops/second in (10.010978,160.117953) seconds
2026/03/15-14:16:06  ... thread 72: (632000,10758000) ops and (63197.4,67193.4) ops/second in (10.000406,160.105086) seconds
2026/03/15-14:16:06  ... thread 36: (642000,12815000) ops and (64105.5,80033.4) ops/second in (10.014748,160.120590) seconds
2026/03/15-14:16:06  ... thread 18: (638000,10617000) ops and (63792.4,66304.6) ops/second in (10.001196,160.124549) seconds
2026/03/15-14:16:06  ... thread 92: (632000,10731000) ops and (63155.4,67018.1) ops/second in (10.007064,160.120822) seconds
2026/03/15-14:16:06  ... thread 14: (609000,10472000) ops and (60838.1,65398.8) ops/second in (10.010177,160.125255) seconds
2026/03/15-14:16:06  ... thread 10: (638000,10738000) ops and (63778.1,67061.6) ops/second in (10.003429,160.121337) seconds
2026/03/15-14:16:06  ... thread 21: (624000,10477000) ops and (62319.5,65429.9) ops/second in (10.012915,160.125504) seconds
2026/03/15-14:16:06  ... thread 118: (632000,13570000) ops and (63172.6,84756.7) ops/second in (10.004340,160.105283) seconds
2026/03/15-14:16:06  ... thread 41: (649000,10937000) ops and (64861.7,68307.9) ops/second in (10.005898,160.113362) seconds
2026/03/15-14:16:06  ... thread 17: (604000,10198000) ops and (60386.2,63686.9) ops/second in (10.002290,160.127212) seconds
2026/03/15-14:16:06  ... thread 125: (647000,12768000) ops and (64627.8,79747.1) ops/second in (10.011178,160.106036) seconds
2026/03/15-14:16:06  ... thread 91: (634000,10848000) ops and (63377.5,67754.8) ops/second in (10.003546,160.106787) seconds
2026/03/15-14:16:06  ... thread 6: (631000,11261000) ops and (63012.8,70326.6) ops/second in (10.013846,160.124255) seconds
2026/03/15-14:16:06  ... thread 117: (907000,13153000) ops and (90691.9,82152.4) ops/second in (10.000895,160.104826) seconds
2026/03/15-14:16:06  ... thread 93: (631000,11179000) ops and (63094.0,69817.4) ops/second in (10.000946,160.117639) seconds
2026/03/15-14:16:06  ... thread 94: (906000,13165000) ops and (90533.1,82224.7) ops/second in (10.007387,160.110065) seconds
2026/03/15-14:16:06  ... thread 33: (967000,14053000) ops and (96630.2,87768.5) ops/second in (10.007226,160.114390) seconds
2026/03/15-14:16:06  ... thread 115: (635000,12490000) ops and (63440.5,78012.1) ops/second in (10.009380,160.103276) seconds
2026/03/15-14:16:06  ... thread 13: (633000,10769000) ops and (63276.9,67252.1) ops/second in (10.003651,160.128915) seconds
2026/03/15-14:16:06  ... thread 28: (965000,11595000) ops and (96459.0,72412.8) ops/second in (10.004255,160.123535) seconds
2026/03/15-14:16:06  ... thread 96: (633000,10911000) ops and (63224.5,68138.8) ops/second in (10.011938,160.129093) seconds
2026/03/15-14:16:06  ... thread 24: (610000,10395000) ops and (60963.4,64914.6) ops/second in (10.005999,160.133534) seconds
2026/03/15-14:16:06  ... thread 95: (636000,10794000) ops and (63562.8,67414.5) ops/second in (10.005850,160.113843) seconds
2026/03/15-14:16:06  ... thread 66: (763000,10469000) ops and (76216.6,65379.3) ops/second in (10.010941,160.127054) seconds
2026/03/15-14:16:06  ... thread 69: (628000,12952000) ops and (62777.0,80887.2) ops/second in (10.003670,160.124305) seconds
2026/03/15-14:16:06  ... thread 126: (635000,10744000) ops and (63423.9,67101.1) ops/second in (10.011997,160.116642) seconds
2026/03/15-14:16:06  ... thread 108: (904000,14753000) ops and (90365.8,92152.5) ops/second in (10.003786,160.093297) seconds
2026/03/15-14:16:06  ... thread 61: (645000,10813000) ops and (64432.1,67533.0) ops/second in (10.010539,160.114289) seconds
2026/03/15-14:16:06  ... thread 64: (633000,10801000) ops and (63205.8,67451.2) ops/second in (10.014910,160.130492) seconds
2026/03/15-14:16:06  ... thread 74: (637000,11301000) ops and (63623.9,70571.1) ops/second in (10.011966,160.136276) seconds
2026/03/15-14:16:06  ... thread 111: (963000,11431000) ops and (96251.4,71388.8) ops/second in (10.005053,160.123266) seconds
2026/03/15-14:16:06  ... thread 54: (630000,10841000) ops and (62904.6,67698.5) ops/second in (10.015158,160.136499) seconds
2026/03/15-14:16:06  ... thread 49: (645000,10721000) ops and (64402.5,66950.2) ops/second in (10.015134,160.134043) seconds
2026/03/15-14:16:06  ... thread 85: (634000,10798000) ops and (63344.6,67432.6) ops/second in (10.008742,160.130233) seconds
2026/03/15-14:16:06  ... thread 52: (646000,10915000) ops and (64509.8,68161.6) ops/second in (10.013976,160.134212) seconds
2026/03/15-14:16:06  ... thread 119: (632000,10806000) ops and (63149.9,67489.0) ops/second in (10.007936,160.114912) seconds
2026/03/15-14:16:06  ... thread 40: (643000,11243000) ops and (64227.4,70204.5) ops/second in (10.011299,160.146510) seconds
2026/03/15-14:16:06  ... thread 82: (631000,12351000) ops and (63013.6,77129.6) ops/second in (10.013712,160.133140) seconds
2026/03/15-14:16:06  ... thread 83: (643000,10852000) ops and (64253.6,67768.3) ops/second in (10.007216,160.133825) seconds
2026/03/15-14:16:06  ... thread 59: (634000,11710000) ops and (63346.7,73122.4) ops/second in (10.008416,160.142490) seconds
2026/03/15-14:16:06  ... thread 89: (630000,11644000) ops and (62990.1,72720.7) ops/second in (10.001570,160.119570) seconds
2026/03/15-14:16:06  ... thread 121: (632000,11375000) ops and (63144.4,71035.1) ops/second in (10.008801,160.132031) seconds
2026/03/15-14:16:06  ... thread 48: (962000,15430000) ops and (96162.3,96396.3) ops/second in (10.003922,160.068449) seconds
2026/03/15-14:16:06  ... thread 104: (628000,10746000) ops and (62713.9,67115.2) ops/second in (10.013733,160.112691) seconds
2026/03/15-14:16:06  ... thread 124: (648000,10954000) ops and (64772.6,68406.9) ops/second in (10.004228,160.130087) seconds
2026/03/15-14:16:06  ... thread 70: (640000,10697000) ops and (63932.7,66792.0) ops/second in (10.010524,160.153990) seconds
2026/03/15-14:16:06  ... thread 116: (630000,11964000) ops and (62951.7,74721.0) ops/second in (10.007672,160.115584) seconds
2026/03/15-14:16:06  ... thread 1: (634000,10844000) ops and (63315.4,67703.5) ops/second in (10.013368,160.168999) seconds
2026/03/15-14:16:06  ... thread 100: (627000,10809000) ops and (62637.1,67493.3) ops/second in (10.010044,160.149237) seconds
2026/03/15-14:16:06  ... thread 22: (626000,11082000) ops and (62510.9,69201.1) ops/second in (10.014257,160.141875) seconds
2026/03/15-14:16:06  ... thread 110: (900000,12198000) ops and (89973.3,76182.7) ops/second in (10.002970,160.114993) seconds
2026/03/15-14:16:06  ... thread 43: (626000,10676000) ops and (62513.9,66656.9) ops/second in (10.013772,160.163481) seconds
2026/03/15-14:16:06  ... thread 38: (633000,10771000) ops and (63212.5,67247.6) ops/second in (10.013837,160.169233) seconds
2026/03/15-14:16:06  ... thread 50: (631000,10459000) ops and (63014.6,65305.2) ops/second in (10.013548,160.155708) seconds
2026/03/15-14:16:06  ... thread 56: (900000,15230000) ops and (89990.9,95130.8) ops/second in (10.001008,160.095341) seconds
2026/03/15-14:16:06  ... thread 77: (577000,12114000) ops and (57662.9,75666.0) ops/second in (10.006429,160.098407) seconds
2026/03/15-14:16:06  ... thread 19: (902000,15259000) ops and (90188.6,95309.6) ops/second in (10.001268,160.099321) seconds
2026/03/15-14:16:06  ... thread 84: (578000,9903000) ops and (57782.3,61836.5) ops/second in (10.003062,160.148208) seconds
2026/03/15-14:16:06  ... thread 106: (649000,11595000) ops and (64798.6,72418.2) ops/second in (10.015646,160.111640) seconds
2026/03/15-14:16:06  ... thread 98: (630000,10822000) ops and (62913.0,67574.9) ops/second in (10.013834,160.148277) seconds
2026/03/15-14:16:06  ... thread 53: (646000,12210000) ops and (64528.1,76260.8) ops/second in (10.011147,160.108396) seconds
2026/03/15-14:16:06  ... thread 102: (633000,12320000) ops and (63284.7,76941.1) ops/second in (10.002414,160.122408) seconds
2026/03/15-14:16:06  ... thread 109: (633000,10880000) ops and (63258.3,67942.7) ops/second in (10.006585,160.134835) seconds
2026/03/15-14:16:06  ... thread 105: (631000,10926000) ops and (63061.6,68231.0) ops/second in (10.006085,160.132556) seconds
2026/03/15-14:16:06  ... thread 55: (633000,10689000) ops and (63290.2,66758.0) ops/second in (10.001553,160.115556) seconds
2026/03/15-14:16:06  ... thread 120: (630000,10941000) ops and (62933.7,68324.9) ops/second in (10.010532,160.131842) seconds
2026/03/15-14:16:06  ... thread 44: (631000,10827000) ops and (63046.8,67615.9) ops/second in (10.008446,160.124988) seconds
2026/03/15-14:16:06  ... thread 0: (562000,10441000) ops and (56108.1,65202.7) ops/second in (10.016374,160.131368) seconds

** Compaction Stats [default] **
Level    Files   Size     Score Read(GB)  Rn(GB) Rnp1(GB) Write(GB) WPreComp(GB) Wnew(GB) Moved(GB) W-Amp Rd(MB/s) Wr(MB/s) Comp(sec) CompMergeCPU(sec) Comp(cnt) Avg(sec) KeyIn KeyDrop Rblob(GB) Wblob(GB)
-------------------------------------------------------------------------------------------------------------------------------------------------------------------------------------------------------------
  L7     81/0     10.10 GB   0.0      0.0     0.0      0.0       0.0       0.0      0.0       0.0   0.0      0.0      0.0      0.00              0.00         0    0.000       0      0       0.0       0.0
 Sum     81/0     10.10 GB   0.0      0.0     0.0      0.0       0.0       0.0      0.0       0.0   0.0      0.0      0.0      0.00              0.00         0    0.000       0      0       0.0       0.0
 Int      0/0      0.00 KB   0.0      0.0     0.0      0.0       0.0       0.0      0.0       0.0   0.0      0.0      0.0      0.00              0.00         0    0.000       0      0       0.0       0.0

** Compaction Stats [default] **
Priority    Files   Size     Score Read(GB)  Rn(GB) Rnp1(GB) Write(GB) WPreComp(GB) Wnew(GB) Moved(GB) W-Amp Rd(MB/s) Wr(MB/s) Comp(sec) CompMergeCPU(sec) Comp(cnt) Avg(sec) KeyIn KeyDrop Rblob(GB) Wblob(GB)
----------------------------------------------------------------------------------------------------------------------------------------------------------------------------------------------------------------

Blob file count: 0, total size: 0.0 GB, garbage size: 0.0 GB, space amp: 0.0

Uptime(secs): 160.3 total, 160.2 interval
Flush(GB): cumulative 0.000, interval 0.000
AddFile(GB): cumulative 0.000, interval 0.000
AddFile(Total Files): cumulative 0, interval 0
AddFile(L0 Files): cumulative 0, interval 0
AddFile(Keys): cumulative 0, interval 0
Cumulative compaction: 0.00 GB write, 0.00 MB/s write, 0.00 GB read, 0.00 MB/s read, 0.0 seconds
Interval compaction: 0.00 GB write, 0.00 MB/s write, 0.00 GB read, 0.00 MB/s read, 0.0 seconds
Estimated pending compaction bytes: 0
Write Stall (count): cf-l0-file-count-limit-delays-with-ongoing-compaction: 0, cf-l0-file-count-limit-stops-with-ongoing-compaction: 0, l0-file-count-limit-delays: 0, l0-file-count-limit-stops: 0, memtable-limit-delays: 0, memtable-limit-stops: 0, pending-compaction-bytes-delays: 0, pending-compaction-bytes-stops: 0, total-delays: 0, total-stops: 0
Block cache LRUCache@0x55c67107d780#1185831 capacity: 29.80 GB seed: 1773580406 usage: 0.09 KB table_size: 1024 occupancy: 1 collections: 1 last_copies: 0 last_secs: 9.2e-05 secs_since: 160
Block cache entry stats(count,size,portion): Misc(1,0.00 KB,0%)

** File Read Latency Histogram By Level [default] **

** DB Stats **
Uptime(secs): 160.3 total, 10.0 interval
Cumulative writes: 0 writes, 0 keys, 0 commit groups, 0.0 writes per commit group, ingest: 0.00 GB, 0.00 MB/s
Cumulative WAL: 0 writes, 0 syncs, 0.00 writes per sync, written: 0.00 GB, 0.00 MB/s
Cumulative stall: 00:00:0.000 H:M:S, 0.0 percent
Interval writes: 0 writes, 0 keys, 0 commit groups, 0.0 writes per commit group, ingest: 0.00 MB, 0.00 MB/s
Interval WAL: 0 writes, 0 syncs, 0.00 writes per sync, written: 0.00 GB, 0.00 MB/s
Interval stall: 00:00:0.000 H:M:S, 0.0 percent
Write Stall (count): write-buffer-manager-limit-stops: 0
num-running-compactions: 0
num-running-flushes: 0

2026/03/15-14:16:06  ... thread 97: (630000,9962000) ops and (62989.1,62210.7) ops/second in (10.001735,160.133300) seconds
2026/03/15-14:16:06  ... thread 57: (630000,10686000) ops and (62987.3,66730.4) ops/second in (10.002020,160.136809) seconds
2026/03/15-14:16:16  ... thread 127: (901000,16117000) ops and (90099.2,94770.2) ops/second in (10.000086,170.064095) seconds
2026/03/15-14:16:16  ... thread 27: (625000,13775000) ops and (62472.6,80992.0) ops/second in (10.004385,170.078572) seconds
2026/03/15-14:16:16  ... thread 68: (894000,16108000) ops and (89303.4,94705.5) ops/second in (10.010814,170.085075) seconds
2026/03/15-14:16:16  ... thread 16: (902000,14372000) ops and (90103.7,84501.7) ops/second in (10.010690,170.079364) seconds
2026/03/15-14:16:16  ... thread 3: (620000,10958000) ops and (61941.5,64424.8) ops/second in (10.009439,170.089850) seconds
2026/03/15-14:16:16  ... thread 9: (892000,12810000) ops and (89178.8,75314.7) ops/second in (10.002374,170.086425) seconds
2026/03/15-14:16:16  ... thread 112: (964000,15951000) ops and (96364.1,93780.3) ops/second in (10.003724,170.088954) seconds
2026/03/15-14:16:16  ... thread 30: (642000,12603000) ops and (64167.6,74096.1) ops/second in (10.005043,170.090032) seconds
2026/03/15-14:16:16  ... thread 76: (960000,16680000) ops and (95942.7,98070.7) ops/second in (10.005971,170.081317) seconds
2026/03/15-14:16:16  ... thread 86: (559000,10213000) ops and (55883.4,60043.9) ops/second in (10.002965,170.092168) seconds
2026/03/15-14:16:16  ... thread 29: (639000,11574000) ops and (63831.8,68046.0) ops/second in (10.010683,170.090828) seconds
2026/03/15-14:16:16  ... thread 114: (625000,12814000) ops and (62499.9,75339.4) ops/second in (10.000011,170.083585) seconds
2026/03/15-14:16:16  ... thread 65: (627000,11364000) ops and (62692.8,66808.5) ops/second in (10.001141,170.098024) seconds
2026/03/15-14:16:16  ... thread 7: (877000,14242000) ops and (87669.9,83726.0) ops/second in (10.003432,170.102380) seconds
2026/03/15-14:16:16  ... thread 47: (965000,14956000) ops and (96497.1,87928.1) ops/second in (10.000299,170.093609) seconds
2026/03/15-14:16:16  ... thread 31: (901000,16113000) ops and (90041.4,94726.5) ops/second in (10.006511,170.100183) seconds
2026/03/15-14:16:16  ... thread 32: (628000,12893000) ops and (62755.8,75796.2) ops/second in (10.007045,170.100789) seconds
2026/03/15-14:16:16  ... thread 90: (899000,13740000) ops and (89807.7,80781.1) ops/second in (10.010274,170.089258) seconds
2026/03/15-14:16:16  ... thread 88: (625000,11334000) ops and (62462.1,66635.6) ops/second in (10.006061,170.089260) seconds
2026/03/15-14:16:16  ... thread 123: (697000,12892000) ops and (69683.0,75795.2) ops/second in (10.002433,170.089996) seconds
2026/03/15-14:16:16  ... thread 60: (896000,13667000) ops and (89505.5,80349.6) ops/second in (10.010557,170.094127) seconds
2026/03/15-14:16:16  ... thread 39: (960000,13962000) ops and (95988.8,82079.4) ops/second in (10.001162,170.103677) seconds
2026/03/15-14:16:16  ... thread 5: (872000,15590000) ops and (87135.5,91647.7) ops/second in (10.007402,170.107869) seconds
2026/03/15-14:16:16  ... thread 58: (630000,13564000) ops and (62956.6,79742.0) ops/second in (10.006901,170.098552) seconds
2026/03/15-14:16:16  ... thread 4: (640000,12002000) ops and (63909.7,70556.0) ops/second in (10.014128,170.105909) seconds
2026/03/15-14:16:16  ... thread 25: (613000,11779000) ops and (61281.4,69243.2) ops/second in (10.003032,170.110602) seconds
2026/03/15-14:16:16  ... thread 42: (637000,14487000) ops and (63698.0,85164.2) ops/second in (10.000317,170.106747) seconds
2026/03/15-14:16:16  ... thread 2: (892000,13666000) ops and (89175.6,80337.2) ops/second in (10.002731,170.107937) seconds
2026/03/15-14:16:16  ... thread 113: (561000,14948000) ops and (56064.3,87880.6) ops/second in (10.006362,170.094486) seconds
2026/03/15-14:16:16  ... thread 46: (642000,11542000) ops and (64121.3,67851.1) ops/second in (10.012281,170.107889) seconds
2026/03/15-14:16:16  ... thread 103: (963000,16659000) ops and (96283.9,97942.5) ops/second in (10.001674,170.089530) seconds
2026/03/15-14:16:16  ... thread 45: (643000,11570000) ops and (64268.6,68013.7) ops/second in (10.004892,170.112817) seconds
2026/03/15-14:16:16  ... thread 37: (558000,10202000) ops and (55766.7,59971.9) ops/second in (10.005970,170.113065) seconds
2026/03/15-14:16:16  ... thread 11: (601000,12127000) ops and (60076.7,71286.1) ops/second in (10.003885,170.117261) seconds
2026/03/15-14:16:16  ... thread 80: (898000,12506000) ops and (89752.4,73521.4) ops/second in (10.005308,170.100074) seconds
2026/03/15-14:16:16  ... thread 23: (607000,13468000) ops and (60698.1,79168.6) ops/second in (10.000308,170.117919) seconds
2026/03/15-14:16:16  ... thread 34: (894000,14171000) ops and (89337.7,83302.8) ops/second in (10.006970,170.114344) seconds
2026/03/15-14:16:16  ... thread 51: (644000,12970000) ops and (64365.5,76245.3) ops/second in (10.005362,170.108905) seconds
2026/03/15-14:16:16  ... thread 71: (633000,11365000) ops and (63270.1,66818.0) ops/second in (10.004719,170.088955) seconds
2026/03/15-14:16:16  ... thread 73: (640000,11371000) ops and (63994.0,66844.8) ops/second in (10.000931,170.110525) seconds
2026/03/15-14:16:16  ... thread 78: (961000,16470000) ops and (96033.2,96821.6) ops/second in (10.006960,170.106656) seconds
2026/03/15-14:16:16  ... thread 26: (640000,12206000) ops and (63946.2,71748.9) ops/second in (10.008407,170.121027) seconds
2026/03/15-14:16:16  ... thread 101: (638000,11602000) ops and (63767.4,68200.1) ops/second in (10.005115,170.117084) seconds
2026/03/15-14:16:16  ... thread 62: (629000,11428000) ops and (62812.2,67177.1) ops/second in (10.013983,170.117497) seconds
2026/03/15-14:16:16  ... thread 8: (632000,11423000) ops and (63195.0,67145.7) ops/second in (10.000787,170.122487) seconds
2026/03/15-14:16:16  ... thread 63: (965000,15451000) ops and (96406.8,90829.7) ops/second in (10.009672,170.109564) seconds
2026/03/15-14:16:16  ... thread 12: (940000,12496000) ops and (93897.4,73452.4) ops/second in (10.010928,170.123710) seconds
2026/03/15-14:16:16  ... thread 67: (627000,13903000) ops and (62602.7,81727.4) ops/second in (10.015547,170.114295) seconds
2026/03/15-14:16:16  ... thread 15: (638000,11561000) ops and (63759.4,67957.8) ops/second in (10.006373,170.120165) seconds
2026/03/15-14:16:16  ... thread 81: (900000,12313000) ops and (89927.0,72381.9) ops/second in (10.008120,170.111524) seconds
2026/03/15-14:16:16  ... thread 107: (626000,11868000) ops and (62565.4,69770.4) ops/second in (10.005532,170.100826) seconds
2026/03/15-14:16:16  ... thread 20: (607000,11100000) ops and (60666.6,65245.3) ops/second in (10.005502,170.127100) seconds
2026/03/15-14:16:16  ... thread 79: (626000,12145000) ops and (62548.9,71393.3) ops/second in (10.008163,170.114106) seconds
2026/03/15-14:16:16  ... thread 122: (626000,11464000) ops and (62559.3,67386.3) ops/second in (10.006498,170.123639) seconds
2026/03/15-14:16:16  ... thread 21: (620000,11097000) ops and (61980.7,65227.1) ops/second in (10.003116,170.128620) seconds
2026/03/15-14:16:16  ... thread 99: (638000,11550000) ops and (63708.6,67890.9) ops/second in (10.014353,170.125852) seconds
2026/03/15-14:16:16  ... thread 18: (636000,11253000) ops and (63572.1,66143.9) ops/second in (10.004393,170.128942) seconds
2026/03/15-14:16:16  ... thread 75: (630000,11406000) ops and (62942.8,67044.0) ops/second in (10.009091,170.127044) seconds
2026/03/15-14:16:16  ... thread 87: (628000,13192000) ops and (62715.9,77547.9) ops/second in (10.013412,170.114107) seconds
2026/03/15-14:16:16  ... thread 35: (628000,11347000) ops and (62731.5,66696.9) ops/second in (10.010916,170.127903) seconds
2026/03/15-14:16:16  ... thread 33: (963000,15016000) ops and (96293.2,88269.6) ops/second in (10.000709,170.115099) seconds
2026/03/15-14:16:16  ... thread 93: (627000,11806000) ops and (62683.4,69398.0) ops/second in (10.002649,170.120288) seconds
2026/03/15-14:16:16  ... thread 24: (605000,11000000) ops and (60496.9,64654.9) ops/second in (10.000520,170.134054) seconds
2026/03/15-14:16:16  ... thread 72: (626000,11384000) ops and (62521.5,66918.4) ops/second in (10.012552,170.117638) seconds
2026/03/15-14:16:16  ... thread 125: (644000,13412000) ops and (64350.7,78841.4) ops/second in (10.007658,170.113694) seconds
2026/03/15-14:16:16  ... thread 92: (628000,11359000) ops and (62737.2,66766.3) ops/second in (10.010005,170.130827) seconds
2026/03/15-14:16:16  ... thread 17: (601000,10799000) ops and (60047.4,63472.8) ops/second in (10.008762,170.135974) seconds
2026/03/15-14:16:16  ... thread 91: (629000,11477000) ops and (62843.1,67465.8) ops/second in (10.009057,170.115844) seconds
2026/03/15-14:16:16  ... thread 41: (623000,11560000) ops and (62233.0,67950.4) ops/second in (10.010760,170.124122) seconds
2026/03/15-14:16:16  ... thread 117: (909000,14062000) ops and (90832.2,82663.0) ops/second in (10.007463,170.112289) seconds
2026/03/15-14:16:16  ... thread 118: (630000,14200000) ops and (62930.3,83472.3) ops/second in (10.011078,170.116361) seconds
2026/03/15-14:16:16  ... thread 94: (900000,14065000) ops and (89939.0,82678.5) ops/second in (10.006783,170.116848) seconds
2026/03/15-14:16:16  ... thread 10: (635000,11373000) ops and (63413.1,66846.9) ops/second in (10.013707,170.135044) seconds
2026/03/15-14:16:16  ... thread 14: (599000,11071000) ops and (59817.0,65070.3) ops/second in (10.013871,170.139126) seconds
2026/03/15-14:16:16  ... thread 36: (638000,13453000) ops and (63706.5,79072.4) ops/second in (10.014675,170.135265) seconds
2026/03/15-14:16:16  ... thread 28: (962000,12557000) ops and (96127.7,73807.8) ops/second in (10.007519,170.131054) seconds
2026/03/15-14:16:16  ... thread 69: (623000,13575000) ops and (62279.3,79793.0) ops/second in (10.003316,170.127621) seconds
2026/03/15-14:16:16  ... thread 95: (640000,11434000) ops and (63957.0,67211.2) ops/second in (10.006730,170.120573) seconds
2026/03/15-14:16:16  ... thread 115: (626000,13116000) ops and (62539.0,77101.7) ops/second in (10.009754,170.113030) seconds
2026/03/15-14:16:16  ... thread 126: (629000,11373000) ops and (62866.5,66852.0) ops/second in (10.005335,170.121977) seconds
2026/03/15-14:16:16  ... thread 66: (802000,11271000) ops and (80126.1,66246.9) ops/second in (10.009229,170.136283) seconds
2026/03/15-14:16:16  ... thread 6: (626000,11887000) ops and (62498.7,69865.8) ops/second in (10.016213,170.140468) seconds
2026/03/15-14:16:16  ... thread 119: (628000,11434000) ops and (62787.8,67212.6) ops/second in (10.001949,170.116861) seconds
2026/03/15-14:16:16  ... thread 74: (632000,11933000) ops and (63164.0,70135.5) ops/second in (10.005702,170.141978) seconds
2026/03/15-14:16:16  ... thread 13: (630000,11399000) ops and (62914.8,66996.8) ops/second in (10.013537,170.142452) seconds
2026/03/15-14:16:16  ... thread 111: (961000,12392000) ops and (96042.3,72838.7) ops/second in (10.006008,170.129274) seconds
2026/03/15-14:16:16  ... thread 108: (903000,15656000) ops and (90227.0,92039.2) ops/second in (10.008087,170.101384) seconds
2026/03/15-14:16:16  ... thread 52: (640000,11555000) ops and (63975.5,67915.4) ops/second in (10.003834,170.138046) seconds
2026/03/15-14:16:16  ... thread 54: (626000,11467000) ops and (62564.0,67396.5) ops/second in (10.005761,170.142260) seconds
2026/03/15-14:16:16  ... thread 96: (627000,11538000) ops and (62604.1,67813.0) ops/second in (10.015311,170.144404) seconds
2026/03/15-14:16:16  ... thread 61: (641000,11454000) ops and (64034.2,67327.1) ops/second in (10.010268,170.124557) seconds
2026/03/15-14:16:16  ... thread 64: (627000,11428000) ops and (62628.1,67167.4) ops/second in (10.011477,170.141969) seconds
2026/03/15-14:16:16  ... thread 49: (640000,11361000) ops and (63934.4,66772.7) ops/second in (10.010259,170.144302) seconds
2026/03/15-14:16:16  ... thread 48: (959000,16389000) ops and (95883.9,96366.1) ops/second in (10.001683,170.070132) seconds
2026/03/15-14:16:16  ... thread 121: (627000,12002000) ops and (62682.0,70544.0) ops/second in (10.002879,170.134910) seconds
2026/03/15-14:16:16  ... thread 40: (639000,11882000) ops and (63862.3,69831.5) ops/second in (10.005903,170.152413) seconds
2026/03/15-14:16:16  ... thread 83: (645000,11497000) ops and (64464.3,67574.0) ops/second in (10.005540,170.139365) seconds
2026/03/15-14:16:16  ... thread 89: (618000,12262000) ops and (61771.3,72076.7) ops/second in (10.004652,170.124222) seconds
2026/03/15-14:16:16  ... thread 85: (604000,11402000) ops and (60304.8,67013.0) ops/second in (10.015779,170.146012) seconds
2026/03/15-14:16:16  ... thread 82: (627000,12978000) ops and (62631.5,76276.5) ops/second in (10.010930,170.144070) seconds
2026/03/15-14:16:16  ... thread 59: (629000,12339000) ops and (62812.2,72515.6) ops/second in (10.013985,170.156475) seconds
2026/03/15-14:16:16  ... thread 104: (623000,11369000) ops and (62250.7,66829.1) ops/second in (10.007926,170.120617) seconds
2026/03/15-14:16:16  ... thread 124: (643000,11597000) ops and (64239.2,68161.7) ops/second in (10.009464,170.139551) seconds
2026/03/15-14:16:16  ... thread 100: (623000,11432000) ops and (62269.6,67186.2) ops/second in (10.004876,170.154113) seconds
2026/03/15-14:16:16  ... thread 116: (625000,12589000) ops and (62445.0,73998.8) ops/second in (10.008811,170.124395) seconds
2026/03/15-14:16:16  ... thread 1: (629000,11473000) ops and (62847.1,67417.9) ops/second in (10.008417,170.177416) seconds
2026/03/15-14:16:16  ... thread 38: (627000,11398000) ops and (62662.8,66978.0) ops/second in (10.005944,170.175177) seconds
2026/03/15-14:16:16  ... thread 70: (634000,11331000) ops and (63319.4,66587.6) ops/second in (10.012728,170.166718) seconds
2026/03/15-14:16:16  ... thread 22: (625000,11707000) ops and (62440.6,68803.4) ops/second in (10.009511,170.151386) seconds
2026/03/15-14:16:16  ... thread 110: (898000,13096000) ops and (89718.6,76979.1) ops/second in (10.009078,170.124071) seconds
2026/03/15-14:16:16  ... thread 43: (624000,11300000) ops and (62341.7,66403.1) ops/second in (10.009346,170.172827) seconds
2026/03/15-14:16:16  ... thread 106: (644000,12239000) ops and (64397.3,71946.7) ops/second in (10.000423,170.112063) seconds
2026/03/15-14:16:16  ... thread 77: (573000,12687000) ops and (57262.8,74583.4) ops/second in (10.006488,170.104895) seconds
2026/03/15-14:16:16  ... thread 56: (897000,16127000) ops and (89608.6,94805.8) ops/second in (10.010198,170.105539) seconds
2026/03/15-14:16:16  ... thread 50: (627000,11086000) ops and (62605.9,65146.3) ops/second in (10.015038,170.170746) seconds
2026/03/15-14:16:16  ... thread 19: (899000,16158000) ops and (89831.1,94987.3) ops/second in (10.007671,170.106992) seconds
2026/03/15-14:16:16  ... thread 53: (639000,12849000) ops and (63883.6,75533.1) ops/second in (10.002567,170.110963) seconds
2026/03/15-14:16:16  ... thread 109: (628000,11508000) ops and (62783.9,67639.5) ops/second in (10.002561,170.137396) seconds
2026/03/15-14:16:16  ... thread 84: (575000,10478000) ops and (57423.0,61576.8) ops/second in (10.013414,170.161622) seconds
2026/03/15-14:16:16  ... thread 98: (625000,11447000) ops and (62425.9,67271.9) ops/second in (10.011877,170.160154) seconds
2026/03/15-14:16:16  ... thread 55: (627000,11316000) ops and (62661.3,66517.1) ops/second in (10.006170,170.121726) seconds
2026/03/15-14:16:16  ... thread 102: (629000,12949000) ops and (62816.2,76109.8) ops/second in (10.013334,170.135742) seconds
2026/03/15-14:16:16  ... thread 120: (626000,11567000) ops and (62522.9,67983.5) ops/second in (10.012330,170.144172) seconds
2026/03/15-14:16:16  ... thread 105: (627000,11553000) ops and (62599.7,67899.5) ops/second in (10.016030,170.148586) seconds
2026/03/15-14:16:16  ... thread 0: (576000,11017000) ops and (57583.6,64754.8) ops/second in (10.002844,170.134212) seconds

** Compaction Stats [default] **
Level    Files   Size     Score Read(GB)  Rn(GB) Rnp1(GB) Write(GB) WPreComp(GB) Wnew(GB) Moved(GB) W-Amp Rd(MB/s) Wr(MB/s) Comp(sec) CompMergeCPU(sec) Comp(cnt) Avg(sec) KeyIn KeyDrop Rblob(GB) Wblob(GB)
-------------------------------------------------------------------------------------------------------------------------------------------------------------------------------------------------------------
  L7     81/0     10.10 GB   0.0      0.0     0.0      0.0       0.0       0.0      0.0       0.0   0.0      0.0      0.0      0.00              0.00         0    0.000       0      0       0.0       0.0
 Sum     81/0     10.10 GB   0.0      0.0     0.0      0.0       0.0       0.0      0.0       0.0   0.0      0.0      0.0      0.00              0.00         0    0.000       0      0       0.0       0.0
 Int      0/0      0.00 KB   0.0      0.0     0.0      0.0       0.0       0.0      0.0       0.0   0.0      0.0      0.0      0.00              0.00         0    0.000       0      0       0.0       0.0

** Compaction Stats [default] **
Priority    Files   Size     Score Read(GB)  Rn(GB) Rnp1(GB) Write(GB) WPreComp(GB) Wnew(GB) Moved(GB) W-Amp Rd(MB/s) Wr(MB/s) Comp(sec) CompMergeCPU(sec) Comp(cnt) Avg(sec) KeyIn KeyDrop Rblob(GB) Wblob(GB)
----------------------------------------------------------------------------------------------------------------------------------------------------------------------------------------------------------------

Blob file count: 0, total size: 0.0 GB, garbage size: 0.0 GB, space amp: 0.0

Uptime(secs): 170.3 total, 170.2 interval
Flush(GB): cumulative 0.000, interval 0.000
AddFile(GB): cumulative 0.000, interval 0.000
AddFile(Total Files): cumulative 0, interval 0
AddFile(L0 Files): cumulative 0, interval 0
AddFile(Keys): cumulative 0, interval 0
Cumulative compaction: 0.00 GB write, 0.00 MB/s write, 0.00 GB read, 0.00 MB/s read, 0.0 seconds
Interval compaction: 0.00 GB write, 0.00 MB/s write, 0.00 GB read, 0.00 MB/s read, 0.0 seconds
Estimated pending compaction bytes: 0
Write Stall (count): cf-l0-file-count-limit-delays-with-ongoing-compaction: 0, cf-l0-file-count-limit-stops-with-ongoing-compaction: 0, l0-file-count-limit-delays: 0, l0-file-count-limit-stops: 0, memtable-limit-delays: 0, memtable-limit-stops: 0, pending-compaction-bytes-delays: 0, pending-compaction-bytes-stops: 0, total-delays: 0, total-stops: 0
Block cache LRUCache@0x55c67107d780#1185831 capacity: 29.80 GB seed: 1773580406 usage: 0.09 KB table_size: 1024 occupancy: 1 collections: 1 last_copies: 0 last_secs: 9.2e-05 secs_since: 170
Block cache entry stats(count,size,portion): Misc(1,0.00 KB,0%)

** File Read Latency Histogram By Level [default] **

** DB Stats **
Uptime(secs): 170.3 total, 10.0 interval
Cumulative writes: 0 writes, 0 keys, 0 commit groups, 0.0 writes per commit group, ingest: 0.00 GB, 0.00 MB/s
Cumulative WAL: 0 writes, 0 syncs, 0.00 writes per sync, written: 0.00 GB, 0.00 MB/s
Cumulative stall: 00:00:0.000 H:M:S, 0.0 percent
Interval writes: 0 writes, 0 keys, 0 commit groups, 0.0 writes per commit group, ingest: 0.00 MB, 0.00 MB/s
Interval WAL: 0 writes, 0 syncs, 0.00 writes per sync, written: 0.00 GB, 0.00 MB/s
Interval stall: 00:00:0.000 H:M:S, 0.0 percent
Write Stall (count): write-buffer-manager-limit-stops: 0
num-running-compactions: 0
num-running-flushes: 0

2026/03/15-14:16:16  ... thread 44: (627000,11454000) ops and (62666.6,67324.9) ops/second in (10.005335,170.130323) seconds
2026/03/15-14:16:16  ... thread 97: (626000,10588000) ops and (62595.8,62233.3) ops/second in (10.000677,170.133977) seconds
2026/03/15-14:16:16  ... thread 57: (624000,11310000) ops and (62383.0,66474.9) ops/second in (10.002718,170.139527) seconds
2026/03/15-14:16:26  ... thread 127: (897000,17014000) ops and (89685.7,94487.7) ops/second in (10.001599,180.065694) seconds
2026/03/15-14:16:26  ... thread 68: (890000,16998000) ops and (88992.5,94388.3) ops/second in (10.000843,180.085918) seconds
2026/03/15-14:16:26  ... thread 3: (616000,11574000) ops and (61581.7,64266.9) ops/second in (10.002974,180.092824) seconds
2026/03/15-14:16:26  ... thread 27: (626000,14401000) ops and (62501.2,79963.6) ops/second in (10.015811,180.094383) seconds
2026/03/15-14:16:26  ... thread 112: (959000,16910000) ops and (95878.1,93896.9) ops/second in (10.002282,180.091236) seconds
2026/03/15-14:16:26  ... thread 16: (897000,15269000) ops and (89624.9,84786.4) ops/second in (10.008382,180.087746) seconds
2026/03/15-14:16:26  ... thread 76: (957000,17637000) ops and (95656.6,97936.6) ops/second in (10.004541,180.085858) seconds
2026/03/15-14:16:26  ... thread 9: (889000,13699000) ops and (88813.1,76064.9) ops/second in (10.009780,180.096205) seconds
2026/03/15-14:16:26  ... thread 86: (554000,10767000) ops and (55349.1,59783.0) ops/second in (10.009188,180.101356) seconds
2026/03/15-14:16:26  ... thread 30: (638000,13241000) ops and (63724.0,73519.5) ops/second in (10.011921,180.101953) seconds
2026/03/15-14:16:26  ... thread 114: (621000,13435000) ops and (62043.2,74600.5) ops/second in (10.009155,180.092740) seconds
2026/03/15-14:16:26  ... thread 47: (962000,15918000) ops and (96166.0,88385.6) ops/second in (10.003536,180.097145) seconds
2026/03/15-14:16:26  ... thread 7: (874000,15116000) ops and (87360.4,83927.9) ops/second in (10.004536,180.106916) seconds
2026/03/15-14:16:26  ... thread 123: (887000,13779000) ops and (88694.1,76511.5) ops/second in (10.000663,180.090659) seconds
2026/03/15-14:16:26  ... thread 29: (634000,12208000) ops and (63317.4,67783.1) ops/second in (10.013048,180.103876) seconds
2026/03/15-14:16:26  ... thread 65: (623000,11987000) ops and (62246.0,66555.0) ops/second in (10.008675,180.106699) seconds
2026/03/15-14:16:26  ... thread 32: (624000,13517000) ops and (62372.8,75050.6) ops/second in (10.004362,180.105151) seconds
2026/03/15-14:16:26  ... thread 90: (894000,14634000) ops and (89361.3,81257.8) ops/second in (10.004328,180.093586) seconds
2026/03/15-14:16:26  ... thread 5: (868000,16458000) ops and (86769.6,91376.8) ops/second in (10.003509,180.111378) seconds
2026/03/15-14:16:26  ... thread 31: (895000,17008000) ops and (89425.1,94431.9) ops/second in (10.008371,180.108554) seconds
2026/03/15-14:16:26  ... thread 60: (890000,14557000) ops and (88954.1,80827.6) ops/second in (10.005162,180.099289) seconds
2026/03/15-14:16:26  ... thread 103: (960000,17619000) ops and (95999.6,97834.6) ops/second in (10.000040,180.089570) seconds
2026/03/15-14:16:26  ... thread 4: (635000,12637000) ops and (63459.9,70161.8) ops/second in (10.006322,180.112231) seconds
2026/03/15-14:16:26  ... thread 88: (623000,11957000) ops and (62233.2,66390.9) ops/second in (10.010726,180.099986) seconds
2026/03/15-14:16:26  ... thread 80: (894000,13400000) ops and (89397.7,74403.0) ops/second in (10.000262,180.100336) seconds
2026/03/15-14:16:26  ... thread 39: (959000,14921000) ops and (95802.5,82842.0) ops/second in (10.010178,180.113855) seconds
2026/03/15-14:16:26  ... thread 58: (625000,14189000) ops and (62426.0,78779.5) ops/second in (10.011851,180.110403) seconds
2026/03/15-14:16:26  ... thread 45: (639000,12209000) ops and (63876.7,67783.9) ops/second in (10.003651,180.116468) seconds
2026/03/15-14:16:26  ... thread 78: (958000,17428000) ops and (95793.1,96764.5) ops/second in (10.000724,180.107380) seconds
2026/03/15-14:16:26  ... thread 46: (639000,12181000) ops and (63843.0,67628.3) ops/second in (10.008930,180.116819) seconds
2026/03/15-14:16:26  ... thread 113: (557000,15505000) ops and (55647.1,86089.2) ops/second in (10.009508,180.103994) seconds
2026/03/15-14:16:26  ... thread 51: (637000,13607000) ops and (63676.6,75547.2) ops/second in (10.003682,180.112587) seconds
2026/03/15-14:16:26  ... thread 42: (634000,15121000) ops and (63326.9,83950.4) ops/second in (10.011548,180.118295) seconds
2026/03/15-14:16:26  ... thread 2: (889000,14555000) ops and (88800.6,80807.6) ops/second in (10.011199,180.119136) seconds
2026/03/15-14:16:26  ... thread 25: (609000,12388000) ops and (60822.2,68775.1) ops/second in (10.012791,180.123393) seconds
2026/03/15-14:16:26  ... thread 71: (635000,12000000) ops and (63453.3,66631.0) ops/second in (10.007354,180.096309) seconds
2026/03/15-14:16:26  ... thread 8: (631000,12054000) ops and (63079.0,66919.9) ops/second in (10.003332,180.125819) seconds
2026/03/15-14:16:26  ... thread 101: (635000,12237000) ops and (63469.8,67937.3) ops/second in (10.004761,180.121845) seconds
2026/03/15-14:16:26  ... thread 79: (621000,12766000) ops and (62099.1,70877.2) ops/second in (10.000143,180.114249) seconds
2026/03/15-14:16:26  ... thread 73: (638000,12009000) ops and (63750.2,66672.8) ops/second in (10.007814,180.118339) seconds
2026/03/15-14:16:26  ... thread 23: (605000,14073000) ops and (60441.4,78127.9) ops/second in (10.009698,180.127617) seconds
2026/03/15-14:16:26  ... thread 34: (890000,15061000) ops and (88909.9,83614.4) ops/second in (10.010137,180.124481) seconds
2026/03/15-14:16:26  ... thread 63: (962000,16413000) ops and (96144.8,91125.0) ops/second in (10.005742,180.115306) seconds
2026/03/15-14:16:26  ... thread 20: (603000,11703000) ops and (60283.7,64969.8) ops/second in (10.002698,180.129798) seconds
2026/03/15-14:16:26  ... thread 62: (618000,12046000) ops and (61742.9,66875.1) ops/second in (10.009252,180.126749) seconds
2026/03/15-14:16:26  ... thread 12: (936000,13432000) ops and (93529.2,74567.8) ops/second in (10.007573,180.131283) seconds
2026/03/15-14:16:26  ... thread 15: (638000,12199000) ops and (63753.5,67724.3) ops/second in (10.007298,180.127463) seconds
2026/03/15-14:16:26  ... thread 11: (597000,12724000) ops and (59612.6,70637.1) ops/second in (10.014655,180.131916) seconds
2026/03/15-14:16:26  ... thread 37: (558000,10760000) ops and (55715.9,59735.2) ops/second in (10.015100,180.128165) seconds
2026/03/15-14:16:26  ... thread 81: (895000,13208000) ops and (89432.4,73329.3) ops/second in (10.007558,180.119082) seconds
2026/03/15-14:16:26  ... thread 21: (613000,11710000) ops and (61275.0,65007.6) ops/second in (10.004073,180.132693) seconds
2026/03/15-14:16:26  ... thread 75: (625000,12031000) ops and (62481.1,66790.6) ops/second in (10.003032,180.130076) seconds
2026/03/15-14:16:26  ... thread 33: (961000,15977000) ops and (96079.1,88703.3) ops/second in (10.002179,180.117278) seconds
2026/03/15-14:16:26  ... thread 26: (636000,12842000) ops and (63509.6,71290.9) ops/second in (10.014230,180.135257) seconds
2026/03/15-14:16:26  ... thread 92: (622000,11981000) ops and (62188.0,66512.1) ops/second in (10.001925,180.132752) seconds
2026/03/15-14:16:26  ... thread 107: (623000,12491000) ops and (62228.2,69351.2) ops/second in (10.011532,180.112358) seconds
2026/03/15-14:16:26  ... thread 67: (622000,14525000) ops and (62111.5,80636.9) ops/second in (10.014252,180.128547) seconds
2026/03/15-14:16:26  ... thread 35: (623000,11970000) ops and (62259.9,66450.4) ops/second in (10.006438,180.134341) seconds
2026/03/15-14:16:26  ... thread 117: (886000,14948000) ops and (88588.7,82992.1) ops/second in (10.001278,180.113567) seconds
2026/03/15-14:16:26  ... thread 99: (636000,12186000) ops and (63534.0,67648.8) ops/second in (10.010393,180.136245) seconds
2026/03/15-14:16:26  ... thread 72: (622000,12006000) ops and (62172.6,66654.8) ops/second in (10.004413,180.122051) seconds
2026/03/15-14:16:26  ... thread 87: (627000,13819000) ops and (62646.3,76719.9) ops/second in (10.008578,180.122685) seconds
2026/03/15-14:16:26  ... thread 93: (622000,12428000) ops and (62153.2,68995.5) ops/second in (10.007532,180.127820) seconds
2026/03/15-14:16:26  ... thread 69: (618000,14193000) ops and (61796.6,78793.9) ops/second in (10.000553,180.128174) seconds
2026/03/15-14:16:26  ... thread 18: (630000,11883000) ops and (62919.7,65964.7) ops/second in (10.012762,180.141704) seconds
2026/03/15-14:16:26  ... thread 24: (600000,11600000) ops and (59952.0,64393.6) ops/second in (10.008000,180.142054) seconds
2026/03/15-14:16:26  ... thread 122: (622000,12086000) ops and (62111.8,67093.1) ops/second in (10.014208,180.137847) seconds
2026/03/15-14:16:26  ... thread 94: (896000,14961000) ops and (89558.6,83060.6) ops/second in (10.004620,180.121468) seconds
2026/03/15-14:16:26  ... thread 28: (957000,13514000) ops and (95675.7,75022.1) ops/second in (10.002536,180.133590) seconds
2026/03/15-14:16:26  ... thread 91: (625000,12102000) ops and (62464.2,67188.0) ops/second in (10.005739,180.121583) seconds
2026/03/15-14:16:26  ... thread 95: (624000,12058000) ops and (62389.6,66943.4) ops/second in (10.001673,180.122246) seconds
2026/03/15-14:16:26  ... thread 118: (625000,14825000) ops and (62457.0,82304.8) ops/second in (10.006882,180.123243) seconds
2026/03/15-14:16:26  ... thread 41: (624000,12184000) ops and (62354.1,67639.5) ops/second in (10.007363,180.131485) seconds
2026/03/15-14:16:26  ... thread 17: (597000,11396000) ops and (59645.0,63260.1) ops/second in (10.009229,180.145203) seconds
2026/03/15-14:16:26  ... thread 115: (625000,13741000) ops and (62462.5,76288.4) ops/second in (10.005997,180.119027) seconds
2026/03/15-14:16:26  ... thread 126: (625000,11998000) ops and (62467.2,66608.5) ops/second in (10.005249,180.127226) seconds
2026/03/15-14:16:26  ... thread 125: (639000,14051000) ops and (63803.9,78005.3) ops/second in (10.015059,180.128753) seconds
2026/03/15-14:16:26  ... thread 52: (637000,12192000) ops and (63679.8,67680.2) ops/second in (10.003169,180.141215) seconds
2026/03/15-14:16:26  ... thread 111: (958000,13350000) ops and (95746.4,74111.1) ops/second in (10.005601,180.134875) seconds
2026/03/15-14:16:26  ... thread 119: (623000,12057000) ops and (62258.8,66937.4) ops/second in (10.006622,180.123483) seconds
2026/03/15-14:16:26  ... thread 13: (625000,12024000) ops and (62459.7,66744.8) ops/second in (10.006448,180.148900) seconds
2026/03/15-14:16:26  ... thread 54: (619000,12086000) ops and (61867.8,67089.5) ops/second in (10.005204,180.147464) seconds
2026/03/15-14:16:26  ... thread 14: (601000,11672000) ops and (60017.3,64789.4) ops/second in (10.013783,180.152909) seconds
2026/03/15-14:16:26  ... thread 10: (631000,12004000) ops and (63012.6,66633.8) ops/second in (10.013868,180.148912) seconds
2026/03/15-14:16:26  ... thread 36: (636000,14089000) ops and (63504.8,78206.9) ops/second in (10.014984,180.150249) seconds
2026/03/15-14:16:26  ... thread 108: (899000,16555000) ops and (89815.6,91915.7) ops/second in (10.009402,180.110786) seconds
2026/03/15-14:16:26  ... thread 48: (957000,17346000) ops and (95693.4,96328.8) ops/second in (10.000691,180.070823) seconds
2026/03/15-14:16:26  ... thread 49: (636000,11997000) ops and (63574.2,66595.1) ops/second in (10.004063,180.148365) seconds
2026/03/15-14:16:26  ... thread 66: (625000,11896000) ops and (62408.9,66033.5) ops/second in (10.014600,180.150883) seconds
2026/03/15-14:16:26  ... thread 6: (620000,12507000) ops and (61904.9,69423.2) ops/second in (10.015365,180.155833) seconds
2026/03/15-14:16:26  ... thread 74: (626000,12559000) ops and (62505.7,69711.4) ops/second in (10.015094,180.157072) seconds
2026/03/15-14:16:26  ... thread 96: (624000,12162000) ops and (62308.3,67507.0) ops/second in (10.014723,180.159127) seconds
2026/03/15-14:16:26  ... thread 40: (635000,12517000) ops and (63448.2,69476.9) ops/second in (10.008159,180.160572) seconds
2026/03/15-14:16:26  ... thread 61: (636000,12090000) ops and (63501.4,67114.4) ops/second in (10.015532,180.140089) seconds
2026/03/15-14:16:26  ... thread 89: (620000,12882000) ops and (61949.3,71514.1) ops/second in (10.008177,180.132399) seconds
2026/03/15-14:16:26  ... thread 64: (621000,12049000) ops and (62006.7,66880.6) ops/second in (10.015041,180.157010) seconds
2026/03/15-14:16:26  ... thread 121: (624000,12626000) ops and (62323.4,70087.1) ops/second in (10.012287,180.147197) seconds
2026/03/15-14:16:26  ... thread 85: (557000,11959000) ops and (55648.6,66381.6) ops/second in (10.009244,180.155256) seconds
2026/03/15-14:16:26  ... thread 83: (638000,12135000) ops and (63713.0,67359.4) ops/second in (10.013654,180.153019) seconds
2026/03/15-14:16:26  ... thread 59: (623000,12962000) ops and (62266.4,71946.4) ops/second in (10.005389,180.161864) seconds
2026/03/15-14:16:26  ... thread 82: (623000,13601000) ops and (62199.4,75493.9) ops/second in (10.016180,180.160250) seconds
2026/03/15-14:16:26  ... thread 104: (617000,11986000) ops and (61636.7,66540.5) ops/second in (10.010274,180.130891) seconds
2026/03/15-14:16:26  ... thread 70: (632000,11963000) ops and (63184.1,66398.7) ops/second in (10.002509,180.169227) seconds
2026/03/15-14:16:26  ... thread 124: (639000,12236000) ops and (63833.7,67921.2) ops/second in (10.010383,180.149934) seconds
2026/03/15-14:16:26  ... thread 1: (624000,12097000) ops and (62367.8,67137.5) ops/second in (10.005170,180.182586) seconds
2026/03/15-14:16:26  ... thread 110: (894000,13990000) ops and (89374.0,77667.4) ops/second in (10.002911,180.126982) seconds
2026/03/15-14:16:26  ... thread 43: (620000,11920000) ops and (61981.5,66157.6) ops/second in (10.002980,180.175807) seconds
2026/03/15-14:16:26  ... thread 100: (618000,12050000) ops and (61711.9,66881.9) ops/second in (10.014270,180.168383) seconds
2026/03/15-14:16:26  ... thread 22: (619000,12326000) ops and (61839.0,68416.5) ops/second in (10.009863,180.161249) seconds
2026/03/15-14:16:26  ... thread 38: (623000,12021000) ops and (62213.2,66713.2) ops/second in (10.013955,180.189132) seconds
2026/03/15-14:16:26  ... thread 50: (621000,11707000) ops and (62092.0,64976.8) ops/second in (10.001281,180.172027) seconds
2026/03/15-14:16:26  ... thread 116: (622000,13211000) ops and (62099.2,73337.2) ops/second in (10.016226,180.140621) seconds
2026/03/15-14:16:26  ... thread 19: (894000,17052000) ops and (89387.5,94676.3) ops/second in (10.001402,180.108394) seconds
2026/03/15-14:16:26  ... thread 56: (893000,17020000) ops and (89270.7,94498.4) ops/second in (10.003286,180.108825) seconds
2026/03/15-14:16:26  ... thread 106: (639000,12878000) ops and (63863.3,71497.7) ops/second in (10.005740,180.117803) seconds
2026/03/15-14:16:26  ... thread 77: (570000,13257000) ops and (56967.7,73604.8) ops/second in (10.005668,180.110563) seconds
2026/03/15-14:16:26  ... thread 102: (625000,13574000) ops and (62496.5,75354.0) ops/second in (10.000562,180.136304) seconds
2026/03/15-14:16:26  ... thread 55: (615000,11931000) ops and (61483.2,66237.5) ops/second in (10.002726,180.124452) seconds
2026/03/15-14:16:26  ... thread 53: (635000,13484000) ops and (63417.4,74859.5) ops/second in (10.013031,180.123994) seconds
2026/03/15-14:16:26  ... thread 109: (624000,12132000) ops and (62324.8,67344.1) ops/second in (10.012067,180.149463) seconds
2026/03/15-14:16:26  ... thread 84: (571000,11049000) ops and (57017.0,61323.3) ops/second in (10.014560,180.176182) seconds
2026/03/15-14:16:26  ... thread 98: (620000,12067000) ops and (61924.4,66974.8) ops/second in (10.012210,180.172364) seconds
2026/03/15-14:16:26  ... thread 0: (621000,11638000) ops and (62082.9,64606.4) ops/second in (10.002755,180.136967) seconds
2026/03/15-14:16:26  ... thread 44: (622000,12076000) ops and (62185.0,67039.5) ops/second in (10.002417,180.132740) seconds

** Compaction Stats [default] **
Level    Files   Size     Score Read(GB)  Rn(GB) Rnp1(GB) Write(GB) WPreComp(GB) Wnew(GB) Moved(GB) W-Amp Rd(MB/s) Wr(MB/s) Comp(sec) CompMergeCPU(sec) Comp(cnt) Avg(sec) KeyIn KeyDrop Rblob(GB) Wblob(GB)
-------------------------------------------------------------------------------------------------------------------------------------------------------------------------------------------------------------
  L7     81/0     10.10 GB   0.0      0.0     0.0      0.0       0.0       0.0      0.0       0.0   0.0      0.0      0.0      0.00              0.00         0    0.000       0      0       0.0       0.0
 Sum     81/0     10.10 GB   0.0      0.0     0.0      0.0       0.0       0.0      0.0       0.0   0.0      0.0      0.0      0.00              0.00         0    0.000       0      0       0.0       0.0
 Int      0/0      0.00 KB   0.0      0.0     0.0      0.0       0.0       0.0      0.0       0.0   0.0      0.0      0.0      0.00              0.00         0    0.000       0      0       0.0       0.0

** Compaction Stats [default] **
Priority    Files   Size     Score Read(GB)  Rn(GB) Rnp1(GB) Write(GB) WPreComp(GB) Wnew(GB) Moved(GB) W-Amp Rd(MB/s) Wr(MB/s) Comp(sec) CompMergeCPU(sec) Comp(cnt) Avg(sec) KeyIn KeyDrop Rblob(GB) Wblob(GB)
----------------------------------------------------------------------------------------------------------------------------------------------------------------------------------------------------------------

Blob file count: 0, total size: 0.0 GB, garbage size: 0.0 GB, space amp: 0.0

Uptime(secs): 180.3 total, 180.2 interval
Flush(GB): cumulative 0.000, interval 0.000
AddFile(GB): cumulative 0.000, interval 0.000
AddFile(Total Files): cumulative 0, interval 0
AddFile(L0 Files): cumulative 0, interval 0
AddFile(Keys): cumulative 0, interval 0
Cumulative compaction: 0.00 GB write, 0.00 MB/s write, 0.00 GB read, 0.00 MB/s read, 0.0 seconds
Interval compaction: 0.00 GB write, 0.00 MB/s write, 0.00 GB read, 0.00 MB/s read, 0.0 seconds
Estimated pending compaction bytes: 0
Write Stall (count): cf-l0-file-count-limit-delays-with-ongoing-compaction: 0, cf-l0-file-count-limit-stops-with-ongoing-compaction: 0, l0-file-count-limit-delays: 0, l0-file-count-limit-stops: 0, memtable-limit-delays: 0, memtable-limit-stops: 0, pending-compaction-bytes-delays: 0, pending-compaction-bytes-stops: 0, total-delays: 0, total-stops: 0
Block cache LRUCache@0x55c67107d780#1185831 capacity: 29.80 GB seed: 1773580406 usage: 0.09 KB table_size: 1024 occupancy: 1 collections: 1 last_copies: 0 last_secs: 9.2e-05 secs_since: 180
Block cache entry stats(count,size,portion): Misc(1,0.00 KB,0%)

** File Read Latency Histogram By Level [default] **

** DB Stats **
Uptime(secs): 180.3 total, 10.0 interval
Cumulative writes: 0 writes, 0 keys, 0 commit groups, 0.0 writes per commit group, ingest: 0.00 GB, 0.00 MB/s
Cumulative WAL: 0 writes, 0 syncs, 0.00 writes per sync, written: 0.00 GB, 0.00 MB/s
Cumulative stall: 00:00:0.000 H:M:S, 0.0 percent
Interval writes: 0 writes, 0 keys, 0 commit groups, 0.0 writes per commit group, ingest: 0.00 MB, 0.00 MB/s
Interval WAL: 0 writes, 0 syncs, 0.00 writes per sync, written: 0.00 GB, 0.00 MB/s
Interval stall: 00:00:0.000 H:M:S, 0.0 percent
Write Stall (count): write-buffer-manager-limit-stops: 0
num-running-compactions: 0
num-running-flushes: 0

2026/03/15-14:16:26  ... thread 105: (623000,12176000) ops and (62259.2,67586.2) ops/second in (10.006551,180.155137) seconds
2026/03/15-14:16:26  ... thread 120: (622000,12189000) ops and (62114.3,67657.3) ops/second in (10.013795,180.157967) seconds
2026/03/15-14:16:26  ... thread 97: (623000,11211000) ops and (62217.3,62232.4) ops/second in (10.013287,180.147264) seconds
2026/03/15-14:16:26  ... thread 57: (621000,11931000) ops and (62033.3,66228.0) ops/second in (10.010754,180.150281) seconds
2026/03/15-14:16:36  ... thread 127: (893000,17907000) ops and (89250.2,94212.0) ops/second in (10.005583,190.071277) seconds
2026/03/15-14:16:36  ... thread 68: (885000,17883000) ops and (88420.8,94074.1) ops/second in (10.008953,190.094871) seconds
2026/03/15-14:16:36  ... thread 27: (620000,15021000) ops and (61982.9,79017.5) ops/second in (10.002762,190.097145) seconds
2026/03/15-14:16:36  ... thread 112: (957000,17867000) ops and (95650.6,93989.2) ops/second in (10.005167,190.096403) seconds
2026/03/15-14:16:36  ... thread 3: (652000,12226000) ops and (65125.7,64312.1) ops/second in (10.011406,190.104230) seconds
2026/03/15-14:16:36  ... thread 76: (956000,18593000) ops and (95552.5,97811.1) ops/second in (10.004973,190.090831) seconds
2026/03/15-14:16:36  ... thread 9: (885000,14584000) ops and (88470.0,76717.7) ops/second in (10.003388,190.099593) seconds
2026/03/15-14:16:36  ... thread 16: (848000,16117000) ops and (84732.6,84783.6) ops/second in (10.007954,190.095700) seconds
2026/03/15-14:16:36  ... thread 47: (959000,16877000) ops and (95880.8,88780.0) ops/second in (10.002003,190.099148) seconds
2026/03/15-14:16:36  ... thread 123: (883000,14662000) ops and (88270.2,77130.2) ops/second in (10.003373,190.094032) seconds
2026/03/15-14:16:36  ... thread 32: (620000,14137000) ops and (61981.5,74362.9) ops/second in (10.002980,190.108131) seconds
2026/03/15-14:16:36  ... thread 103: (956000,18575000) ops and (95598.7,97717.0) ops/second in (10.000133,190.089703) seconds
2026/03/15-14:16:36  ... thread 30: (633000,13874000) ops and (63241.4,72978.3) ops/second in (10.009271,190.111224) seconds
2026/03/15-14:16:36  ... thread 31: (893000,17901000) ops and (89269.1,94160.3) ops/second in (10.003466,190.112020) seconds
2026/03/15-14:16:36  ... thread 65: (620000,12607000) ops and (61946.8,66312.4) ops/second in (10.008595,190.115294) seconds
2026/03/15-14:16:36  ... thread 7: (871000,15987000) ops and (87007.0,84090.1) ops/second in (10.010687,190.117603) seconds
2026/03/15-14:16:36  ... thread 60: (887000,15444000) ops and (88653.8,81239.5) ops/second in (10.005210,190.104499) seconds
2026/03/15-14:16:36  ... thread 4: (631000,13268000) ops and (63077.2,69789.0) ops/second in (10.003612,190.115843) seconds
2026/03/15-14:16:36  ... thread 114: (617000,14052000) ops and (61610.4,73916.2) ops/second in (10.014545,190.107285) seconds
2026/03/15-14:16:36  ... thread 86: (553000,11320000) ops and (55203.1,59541.7) ops/second in (10.017553,190.118909) seconds
2026/03/15-14:16:36  ... thread 29: (617000,12825000) ops and (61617.7,67458.4) ops/second in (10.013363,190.117239) seconds
2026/03/15-14:16:36  ... thread 90: (891000,15525000) ops and (89001.0,81665.5) ops/second in (10.011127,190.104713) seconds
2026/03/15-14:16:36  ... thread 5: (865000,17323000) ops and (86405.4,91115.0) ops/second in (10.010949,190.122327) seconds
2026/03/15-14:16:36  ... thread 39: (958000,15879000) ops and (95756.1,83521.6) ops/second in (10.004584,190.118439) seconds
2026/03/15-14:16:36  ... thread 2: (884000,15439000) ops and (88388.4,81206.4) ops/second in (10.001310,190.120446) seconds
2026/03/15-14:16:36  ... thread 80: (949000,14349000) ops and (94833.0,75478.4) ops/second in (10.007061,190.107397) seconds
2026/03/15-14:16:36  ... thread 58: (621000,14810000) ops and (62067.9,77900.0) ops/second in (10.005178,190.115581) seconds
2026/03/15-14:16:36  ... thread 88: (617000,12574000) ops and (61642.4,66140.9) ops/second in (10.009349,190.109335) seconds
2026/03/15-14:16:36  ... thread 101: (627000,12864000) ops and (62695.2,67661.6) ops/second in (10.000764,190.122609) seconds
2026/03/15-14:16:36  ... thread 45: (631000,12840000) ops and (63052.6,67534.9) ops/second in (10.007517,190.123985) seconds
2026/03/15-14:16:36  ... thread 25: (606000,12994000) ops and (60564.1,68343.0) ops/second in (10.005931,190.129324) seconds
2026/03/15-14:16:36  ... thread 46: (636000,12817000) ops and (63543.7,67413.3) ops/second in (10.008865,190.125684) seconds
2026/03/15-14:16:36  ... thread 78: (956000,18384000) ops and (95507.1,96698.3) ops/second in (10.009732,190.117112) seconds
2026/03/15-14:16:36  ... thread 113: (555000,16060000) ops and (55447.4,84475.9) ops/second in (10.009479,190.113473) seconds
2026/03/15-14:16:36  ... thread 51: (634000,14241000) ops and (63339.3,74904.5) ops/second in (10.009588,190.122175) seconds
2026/03/15-14:16:36  ... thread 42: (631000,15752000) ops and (63038.9,82849.5) ops/second in (10.009700,190.127995) seconds
2026/03/15-14:16:36  ... thread 62: (613000,12659000) ops and (61283.0,66580.9) ops/second in (10.002782,190.129531) seconds
2026/03/15-14:16:36  ... thread 21: (610000,12320000) ops and (60994.2,64796.5) ops/second in (10.000947,190.133640) seconds
2026/03/15-14:16:36  ... thread 15: (633000,12832000) ops and (63282.4,67490.6) ops/second in (10.002778,190.130241) seconds
2026/03/15-14:16:36  ... thread 8: (626000,12680000) ops and (62546.6,66689.7) ops/second in (10.008545,190.134364) seconds
2026/03/15-14:16:36  ... thread 23: (600000,14673000) ops and (59955.5,77171.5) ops/second in (10.007427,190.135044) seconds
2026/03/15-14:16:36  ... thread 34: (886000,15947000) ops and (88532.2,83873.2) ops/second in (10.007661,190.132142) seconds
2026/03/15-14:16:36  ... thread 73: (634000,12643000) ops and (63345.6,66497.7) ops/second in (10.008580,190.126919) seconds
2026/03/15-14:16:36  ... thread 12: (933000,14365000) ops and (93250.8,75551.0) ops/second in (10.005277,190.136560) seconds
2026/03/15-14:16:36  ... thread 20: (600000,12303000) ops and (59957.8,64706.0) ops/second in (10.007037,190.136835) seconds
2026/03/15-14:16:36  ... thread 81: (891000,14099000) ops and (89060.1,74157.0) ops/second in (10.004484,190.123566) seconds
2026/03/15-14:16:36  ... thread 92: (618000,12599000) ops and (61799.0,66264.2) ops/second in (10.000168,190.132920) seconds
2026/03/15-14:16:36  ... thread 63: (961000,17374000) ops and (96008.4,91382.1) ops/second in (10.009545,190.124851) seconds
2026/03/15-14:16:36  ... thread 37: (555000,11315000) ops and (55465.5,59510.5) ops/second in (10.006225,190.134390) seconds
2026/03/15-14:16:36  ... thread 26: (633000,13475000) ops and (63280.9,70869.5) ops/second in (10.003015,190.138272) seconds
2026/03/15-14:16:36  ... thread 71: (634000,12634000) ops and (63306.6,66455.9) ops/second in (10.014746,190.111055) seconds
2026/03/15-14:16:36  ... thread 75: (621000,12652000) ops and (62057.1,66541.5) ops/second in (10.006907,190.136983) seconds
2026/03/15-14:16:36  ... thread 79: (617000,13383000) ops and (61614.8,70389.4) ops/second in (10.013822,190.128071) seconds
2026/03/15-14:16:36  ... thread 117: (833000,15781000) ops and (83267.3,83006.6) ops/second in (10.003930,190.117497) seconds
2026/03/15-14:16:36  ... thread 28: (955000,14469000) ops and (95495.9,76099.0) ops/second in (10.000432,190.134022) seconds
2026/03/15-14:16:36  ... thread 33: (960000,16937000) ops and (95899.9,89082.2) ops/second in (10.010437,190.127715) seconds
2026/03/15-14:16:36  ... thread 67: (617000,15142000) ops and (61652.8,79637.6) ops/second in (10.007653,190.136200) seconds
2026/03/15-14:16:36  ... thread 35: (619000,12589000) ops and (61847.4,66208.1) ops/second in (10.008501,190.142842) seconds
2026/03/15-14:16:36  ... thread 122: (613000,12699000) ops and (61269.1,66786.6) ops/second in (10.005039,190.142886) seconds
2026/03/15-14:16:36  ... thread 11: (595000,13319000) ops and (59404.8,70045.5) ops/second in (10.016019,190.147935) seconds
2026/03/15-14:16:36  ... thread 18: (626000,12509000) ops and (62559.8,65785.6) ops/second in (10.006425,190.148129) seconds
2026/03/15-14:16:36  ... thread 95: (622000,12680000) ops and (62170.5,66692.3) ops/second in (10.004749,190.126995) seconds
2026/03/15-14:16:36  ... thread 91: (622000,12724000) ops and (62163.7,66923.5) ops/second in (10.005839,190.127422) seconds
2026/03/15-14:16:36  ... thread 93: (620000,13048000) ops and (61949.7,68624.6) ops/second in (10.008119,190.135939) seconds
2026/03/15-14:16:36  ... thread 24: (598000,12198000) ops and (59754.9,64149.5) ops/second in (10.007542,190.149596) seconds
2026/03/15-14:16:36  ... thread 118: (621000,15446000) ops and (62054.6,81238.9) ops/second in (10.007322,190.130565) seconds
2026/03/15-14:16:36  ... thread 107: (619000,13110000) ops and (61807.9,68953.8) ops/second in (10.014896,190.127254) seconds
2026/03/15-14:16:36  ... thread 99: (631000,12817000) ops and (63015.0,67404.8) ops/second in (10.013485,190.149730) seconds
2026/03/15-14:16:36  ... thread 87: (622000,14441000) ops and (62119.9,75951.1) ops/second in (10.012890,190.135575) seconds
2026/03/15-14:16:36  ... thread 94: (828000,15789000) ops and (82714.0,83042.4) ops/second in (10.010395,190.131863) seconds
2026/03/15-14:16:36  ... thread 115: (622000,14363000) ops and (62165.7,75545.2) ops/second in (10.005513,190.124540) seconds
2026/03/15-14:16:36  ... thread 72: (620000,12626000) ops and (61906.1,66404.7) ops/second in (10.015161,190.137212) seconds
2026/03/15-14:16:36  ... thread 52: (630000,12822000) ops and (62973.3,67432.6) ops/second in (10.004240,190.145455) seconds
2026/03/15-14:16:36  ... thread 69: (615000,14808000) ops and (61413.8,77878.6) ops/second in (10.014031,190.142205) seconds
2026/03/15-14:16:36  ... thread 41: (620000,12804000) ops and (61928.5,67338.8) ops/second in (10.011549,190.143034) seconds
2026/03/15-14:16:36  ... thread 48: (955000,18301000) ops and (95491.4,96284.7) ops/second in (10.000904,190.071727) seconds
2026/03/15-14:16:36  ... thread 108: (896000,17451000) ops and (89585.8,91793.1) ops/second in (10.001580,190.112366) seconds
2026/03/15-14:16:36  ... thread 14: (598000,12270000) ops and (59769.7,64525.3) ops/second in (10.005077,190.157986) seconds
2026/03/15-14:16:36  ... thread 54: (616000,12702000) ops and (61568.5,66799.0) ops/second in (10.005121,190.152585) seconds
2026/03/15-14:16:36  ... thread 119: (618000,12675000) ops and (61768.0,66665.4) ops/second in (10.005180,190.128663) seconds
2026/03/15-14:16:36  ... thread 126: (621000,12619000) ops and (62034.4,66367.7) ops/second in (10.010567,190.137793) seconds
2026/03/15-14:16:36  ... thread 111: (957000,14307000) ops and (95627.3,75243.6) ops/second in (10.007599,190.142474) seconds
2026/03/15-14:16:36  ... thread 17: (593000,11989000) ops and (59210.5,63046.8) ops/second in (10.015124,190.160327) seconds
2026/03/15-14:16:36  ... thread 66: (668000,12564000) ops and (66789.7,66073.3) ops/second in (10.001540,190.152423) seconds
2026/03/15-14:16:36  ... thread 10: (628000,12632000) ops and (62739.8,66428.8) ops/second in (10.009601,190.158513) seconds
2026/03/15-14:16:36  ... thread 125: (636000,14687000) ops and (63518.9,77242.5) ops/second in (10.012773,190.141526) seconds
2026/03/15-14:16:36  ... thread 6: (615000,13122000) ops and (61489.1,69005.9) ops/second in (10.001775,190.157608) seconds
2026/03/15-14:16:36  ... thread 13: (619000,12643000) ops and (61836.4,66486.4) ops/second in (10.010290,190.159190) seconds
2026/03/15-14:16:36  ... thread 49: (633000,12630000) ops and (63260.7,66419.6) ops/second in (10.006215,190.154580) seconds
2026/03/15-14:16:36  ... thread 64: (619000,12668000) ops and (61889.7,66618.1) ops/second in (10.001659,190.158669) seconds
2026/03/15-14:16:36  ... thread 85: (554000,12513000) ops and (55398.8,65804.1) ops/second in (10.000208,190.155464) seconds
2026/03/15-14:16:36  ... thread 36: (631000,14720000) ops and (63005.9,77406.4) ops/second in (10.014935,190.165184) seconds
2026/03/15-14:16:36  ... thread 96: (621000,12783000) ops and (62054.9,67220.1) ops/second in (10.007260,190.166387) seconds
2026/03/15-14:16:36  ... thread 74: (621000,13180000) ops and (62037.6,69307.5) ops/second in (10.010057,190.167129) seconds
2026/03/15-14:16:36  ... thread 89: (616000,13498000) ops and (61560.4,70990.2) ops/second in (10.006438,190.138837) seconds
2026/03/15-14:16:36  ... thread 59: (622000,13584000) ops and (62182.0,71432.8) ops/second in (10.002892,190.164756) seconds
2026/03/15-14:16:36  ... thread 40: (623000,13140000) ops and (62228.1,69095.3) ops/second in (10.011559,190.172131) seconds
2026/03/15-14:16:36  ... thread 61: (634000,12724000) ops and (63330.4,66915.2) ops/second in (10.010992,190.151081) seconds
2026/03/15-14:16:36  ... thread 121: (619000,13245000) ops and (61842.7,69653.2) ops/second in (10.009270,190.156467) seconds
2026/03/15-14:16:36  ... thread 104: (613000,12599000) ops and (61295.8,66264.6) ops/second in (10.000688,190.131579) seconds
2026/03/15-14:16:36  ... thread 82: (617000,14218000) ops and (61662.1,74766.1) ops/second in (10.006153,190.166403) seconds
2026/03/15-14:16:36  ... thread 83: (636000,12771000) ops and (63514.4,67156.9) ops/second in (10.013480,190.166499) seconds
2026/03/15-14:16:36  ... thread 70: (629000,12592000) ops and (62857.9,66212.4) ops/second in (10.006696,190.175923) seconds
2026/03/15-14:16:36  ... thread 22: (616000,12942000) ops and (61594.8,68057.7) ops/second in (10.000844,190.162093) seconds
2026/03/15-14:16:36  ... thread 124: (636000,12872000) ops and (63537.4,67690.4) ops/second in (10.009847,190.159781) seconds
2026/03/15-14:16:36  ... thread 1: (620000,12717000) ops and (61926.2,66863.1) ops/second in (10.011912,190.194498) seconds
2026/03/15-14:16:36  ... thread 100: (614000,12664000) ops and (61364.0,66591.6) ops/second in (10.005872,190.174255) seconds
2026/03/15-14:16:36  ... thread 43: (615000,12535000) ops and (61434.4,65909.0) ops/second in (10.010672,190.186479) seconds
2026/03/15-14:16:36  ... thread 19: (892000,17944000) ops and (89174.0,94386.8) ops/second in (10.002920,190.111314) seconds
2026/03/15-14:16:36  ... thread 110: (853000,14843000) ops and (85188.2,78063.5) ops/second in (10.013129,190.140111) seconds
2026/03/15-14:16:36  ... thread 50: (648000,12355000) ops and (64767.7,64965.8) ops/second in (10.004983,190.177010) seconds
2026/03/15-14:16:36  ... thread 38: (619000,12640000) ops and (61860.7,66457.9) ops/second in (10.006345,190.195477) seconds
2026/03/15-14:16:36  ... thread 116: (614000,13825000) ops and (61353.3,72706.4) ops/second in (10.007612,190.148233) seconds
2026/03/15-14:16:36  ... thread 56: (889000,17909000) ops and (88820.0,94199.5) ops/second in (10.009008,190.117833) seconds
2026/03/15-14:16:36  ... thread 106: (637000,13515000) ops and (63632.8,71083.6) ops/second in (10.010561,190.128364) seconds
2026/03/15-14:16:36  ... thread 77: (568000,13825000) ops and (56730.1,72716.1) ops/second in (10.012325,190.122888) seconds
2026/03/15-14:16:36  ... thread 55: (610000,12541000) ops and (60978.0,65960.8) ops/second in (10.003606,190.128058) seconds
2026/03/15-14:16:36  ... thread 102: (646000,14220000) ops and (64564.5,74786.3) ops/second in (10.005493,190.141797) seconds
2026/03/15-14:16:36  ... thread 98: (615000,12682000) ops and (61475.1,66685.5) ops/second in (10.004052,190.176416) seconds
2026/03/15-14:16:36  ... thread 53: (629000,14113000) ops and (62844.8,74227.1) ops/second in (10.008785,190.132779) seconds
2026/03/15-14:16:36  ... thread 84: (568000,11617000) ops and (56743.0,61082.2) ops/second in (10.010045,190.186227) seconds
2026/03/15-14:16:36  ... thread 109: (619000,12751000) ops and (61817.0,67053.0) ops/second in (10.013422,190.162885) seconds
2026/03/15-14:16:36  ... thread 0: (615000,12253000) ops and (61446.7,64440.1) ops/second in (10.008677,190.145644) seconds

** Compaction Stats [default] **
Level    Files   Size     Score Read(GB)  Rn(GB) Rnp1(GB) Write(GB) WPreComp(GB) Wnew(GB) Moved(GB) W-Amp Rd(MB/s) Wr(MB/s) Comp(sec) CompMergeCPU(sec) Comp(cnt) Avg(sec) KeyIn KeyDrop Rblob(GB) Wblob(GB)
-------------------------------------------------------------------------------------------------------------------------------------------------------------------------------------------------------------
  L7     81/0     10.10 GB   0.0      0.0     0.0      0.0       0.0       0.0      0.0       0.0   0.0      0.0      0.0      0.00              0.00         0    0.000       0      0       0.0       0.0
 Sum     81/0     10.10 GB   0.0      0.0     0.0      0.0       0.0       0.0      0.0       0.0   0.0      0.0      0.0      0.00              0.00         0    0.000       0      0       0.0       0.0
 Int      0/0      0.00 KB   0.0      0.0     0.0      0.0       0.0       0.0      0.0       0.0   0.0      0.0      0.0      0.00              0.00         0    0.000       0      0       0.0       0.0

** Compaction Stats [default] **
Priority    Files   Size     Score Read(GB)  Rn(GB) Rnp1(GB) Write(GB) WPreComp(GB) Wnew(GB) Moved(GB) W-Amp Rd(MB/s) Wr(MB/s) Comp(sec) CompMergeCPU(sec) Comp(cnt) Avg(sec) KeyIn KeyDrop Rblob(GB) Wblob(GB)
----------------------------------------------------------------------------------------------------------------------------------------------------------------------------------------------------------------

Blob file count: 0, total size: 0.0 GB, garbage size: 0.0 GB, space amp: 0.0

Uptime(secs): 190.3 total, 190.2 interval
Flush(GB): cumulative 0.000, interval 0.000
AddFile(GB): cumulative 0.000, interval 0.000
AddFile(Total Files): cumulative 0, interval 0
AddFile(L0 Files): cumulative 0, interval 0
AddFile(Keys): cumulative 0, interval 0
Cumulative compaction: 0.00 GB write, 0.00 MB/s write, 0.00 GB read, 0.00 MB/s read, 0.0 seconds
Interval compaction: 0.00 GB write, 0.00 MB/s write, 0.00 GB read, 0.00 MB/s read, 0.0 seconds
Estimated pending compaction bytes: 0
Write Stall (count): cf-l0-file-count-limit-delays-with-ongoing-compaction: 0, cf-l0-file-count-limit-stops-with-ongoing-compaction: 0, l0-file-count-limit-delays: 0, l0-file-count-limit-stops: 0, memtable-limit-delays: 0, memtable-limit-stops: 0, pending-compaction-bytes-delays: 0, pending-compaction-bytes-stops: 0, total-delays: 0, total-stops: 0
Block cache LRUCache@0x55c67107d780#1185831 capacity: 29.80 GB seed: 1773580406 usage: 0.09 KB table_size: 1024 occupancy: 1 collections: 1 last_copies: 0 last_secs: 9.2e-05 secs_since: 190
Block cache entry stats(count,size,portion): Misc(1,0.00 KB,0%)

** File Read Latency Histogram By Level [default] **

** DB Stats **
Uptime(secs): 190.3 total, 10.0 interval
Cumulative writes: 0 writes, 0 keys, 0 commit groups, 0.0 writes per commit group, ingest: 0.00 GB, 0.00 MB/s
Cumulative WAL: 0 writes, 0 syncs, 0.00 writes per sync, written: 0.00 GB, 0.00 MB/s
Cumulative stall: 00:00:0.000 H:M:S, 0.0 percent
Interval writes: 0 writes, 0 keys, 0 commit groups, 0.0 writes per commit group, ingest: 0.00 MB, 0.00 MB/s
Interval WAL: 0 writes, 0 syncs, 0.00 writes per sync, written: 0.00 GB, 0.00 MB/s
Interval stall: 00:00:0.000 H:M:S, 0.0 percent
Write Stall (count): write-buffer-manager-limit-stops: 0
num-running-compactions: 0
num-running-flushes: 0

2026/03/15-14:16:36  ... thread 105: (620000,12796000) ops and (61956.3,67289.9) ops/second in (10.007052,190.162189) seconds
2026/03/15-14:16:36  ... thread 44: (619000,12695000) ops and (61842.3,66765.9) ops/second in (10.009333,190.142073) seconds
2026/03/15-14:16:36  ... thread 97: (621000,11832000) ops and (62068.6,62223.8) ops/second in (10.005052,190.152316) seconds
2026/03/15-14:16:36  ... thread 120: (618000,12807000) ops and (61715.2,67344.4) ops/second in (10.013747,190.171714) seconds
2026/03/15-14:16:36  ... thread 57: (618000,12549000) ops and (61758.3,65992.8) ops/second in (10.006750,190.157031) seconds
2026/03/15-14:16:46  ... thread 127: (890000,18797000) ops and (88961.7,93949.5) ops/second in (10.004303,200.075580) seconds
2026/03/15-14:16:46  ... thread 27: (617000,15638000) ops and (61671.5,78150.2) ops/second in (10.004614,200.101759) seconds
2026/03/15-14:16:46  ... thread 112: (958000,18825000) ops and (95766.4,94078.0) ops/second in (10.003513,200.099916) seconds
2026/03/15-14:16:46  ... thread 68: (884000,18767000) ops and (88309.7,93785.7) ops/second in (10.010230,200.105101) seconds
2026/03/15-14:16:46  ... thread 9: (888000,15472000) ops and (88780.4,77320.6) ops/second in (10.002210,200.101803) seconds
2026/03/15-14:16:46  ... thread 3: (865000,13091000) ops and (86468.1,65419.7) ops/second in (10.003690,200.107920) seconds
2026/03/15-14:16:46  ... thread 16: (618000,16735000) ops and (61779.5,83633.6) ops/second in (10.003325,200.099025) seconds
2026/03/15-14:16:46  ... thread 76: (956000,19549000) ops and (95529.6,97697.0) ops/second in (10.007372,200.098203) seconds
2026/03/15-14:16:46  ... thread 47: (958000,17835000) ops and (95747.2,89128.4) ops/second in (10.005515,200.104663) seconds
2026/03/15-14:16:46  ... thread 103: (957000,19532000) ops and (95680.6,97615.2) ops/second in (10.002029,200.091732) seconds
2026/03/15-14:16:46  ... thread 123: (884000,15546000) ops and (88318.2,77689.9) ops/second in (10.009263,200.103295) seconds
2026/03/15-14:16:46  ... thread 65: (616000,13223000) ops and (61576.5,66075.7) ops/second in (10.003811,200.119105) seconds
2026/03/15-14:16:46  ... thread 32: (764000,14901000) ops and (76329.5,74461.3) ops/second in (10.009233,200.117364) seconds
2026/03/15-14:16:46  ... thread 7: (870000,16857000) ops and (86955.4,84233.3) ops/second in (10.005129,200.122732) seconds
2026/03/15-14:16:46  ... thread 5: (879000,18202000) ops and (87896.4,90954.2) ops/second in (10.000414,200.122741) seconds
2026/03/15-14:16:46  ... thread 31: (891000,18792000) ops and (89035.9,93904.0) ops/second in (10.007202,200.119222) seconds
2026/03/15-14:16:46  ... thread 29: (614000,13439000) ops and (61379.2,67154.5) ops/second in (10.003388,200.120627) seconds
2026/03/15-14:16:46  ... thread 80: (890000,15239000) ops and (88987.9,76153.6) ops/second in (10.001355,200.108752) seconds
2026/03/15-14:16:46  ... thread 4: (753000,14021000) ops and (75251.3,70062.1) ops/second in (10.006478,200.122321) seconds
2026/03/15-14:16:46  ... thread 2: (882000,16321000) ops and (88174.6,81554.7) ops/second in (10.002879,200.123325) seconds
2026/03/15-14:16:46  ... thread 30: (632000,14506000) ops and (63115.4,72484.8) ops/second in (10.013410,200.124634) seconds
2026/03/15-14:16:46  ... thread 39: (957000,16836000) ops and (95636.1,84127.4) ops/second in (10.006677,200.125116) seconds
2026/03/15-14:16:46  ... thread 88: (613000,13187000) ops and (61285.7,65898.2) ops/second in (10.002337,200.111672) seconds
2026/03/15-14:16:46  ... thread 114: (615000,14667000) ops and (61448.2,73292.6) ops/second in (10.008424,200.115709) seconds
2026/03/15-14:16:46  ... thread 90: (887000,16412000) ops and (88636.1,82014.1) ops/second in (10.007209,200.111922) seconds
2026/03/15-14:16:46  ... thread 113: (550000,16610000) ops and (54993.1,83002.4) ops/second in (10.001253,200.114726) seconds
2026/03/15-14:16:46  ... thread 78: (954000,19338000) ops and (95380.6,96632.4) ops/second in (10.002032,200.119144) seconds
2026/03/15-14:16:46  ... thread 60: (746000,16190000) ops and (74489.9,80901.7) ops/second in (10.014787,200.119286) seconds
2026/03/15-14:16:46  ... thread 42: (627000,16379000) ops and (62669.5,81840.6) ops/second in (10.004869,200.132864) seconds
2026/03/15-14:16:46  ... thread 20: (597000,12900000) ops and (59697.8,64455.8) ops/second in (10.000361,200.137196) seconds
2026/03/15-14:16:46  ... thread 86: (550000,11870000) ops and (54907.9,59309.8) ops/second in (10.016772,200.135681) seconds
2026/03/15-14:16:46  ... thread 21: (608000,12928000) ops and (60771.6,64595.3) ops/second in (10.004670,200.138310) seconds
2026/03/15-14:16:46  ... thread 23: (598000,15271000) ops and (59779.2,76302.2) ops/second in (10.003477,200.138521) seconds
2026/03/15-14:16:46  ... thread 58: (619000,15429000) ops and (61816.0,77095.2) ops/second in (10.013585,200.129166) seconds
2026/03/15-14:16:46  ... thread 51: (632000,14873000) ops and (63154.9,74317.0) ops/second in (10.007134,200.129309) seconds
2026/03/15-14:16:46  ... thread 37: (552000,11867000) ops and (55191.5,59294.7) ops/second in (10.001534,200.135924) seconds
2026/03/15-14:16:46  ... thread 15: (632000,13464000) ops and (63162.7,67274.2) ops/second in (10.005911,200.136152) seconds
2026/03/15-14:16:46  ... thread 45: (618000,13458000) ops and (61717.6,67243.8) ops/second in (10.013351,200.137336) seconds
2026/03/15-14:16:46  ... thread 101: (630000,13494000) ops and (62909.3,67423.8) ops/second in (10.014417,200.137026) seconds
2026/03/15-14:16:46  ... thread 46: (633000,13450000) ops and (63223.6,67203.7) ops/second in (10.012080,200.137764) seconds
2026/03/15-14:16:46  ... thread 71: (630000,13264000) ops and (62986.9,66282.5) ops/second in (10.002082,200.113137) seconds
2026/03/15-14:16:46  ... thread 62: (618000,13277000) ops and (61745.1,66339.1) ops/second in (10.008896,200.138427) seconds
2026/03/15-14:16:46  ... thread 25: (604000,13598000) ops and (60318.9,67941.5) ops/second in (10.013452,200.142776) seconds
2026/03/15-14:16:46  ... thread 34: (883000,16830000) ops and (88232.8,84091.2) ops/second in (10.007612,200.139754) seconds
2026/03/15-14:16:46  ... thread 8: (624000,13304000) ops and (62340.6,66472.2) ops/second in (10.009533,200.143897) seconds
2026/03/15-14:16:46  ... thread 26: (631000,14106000) ops and (63066.0,70479.4) ops/second in (10.005395,200.143667) seconds
2026/03/15-14:16:46  ... thread 12: (934000,15299000) ops and (93328.9,76439.9) ops/second in (10.007614,200.144174) seconds
2026/03/15-14:16:46  ... thread 28: (955000,15424000) ops and (95491.8,77068.0) ops/second in (10.000863,200.134885) seconds
2026/03/15-14:16:46  ... thread 81: (887000,14986000) ops and (88633.6,74880.9) ops/second in (10.007495,200.131061) seconds
2026/03/15-14:16:46  ... thread 73: (631000,13274000) ops and (63046.2,66325.1) ops/second in (10.008532,200.135451) seconds
2026/03/15-14:16:46  ... thread 75: (618000,13270000) ops and (61772.4,66303.1) ops/second in (10.004463,200.141446) seconds
2026/03/15-14:16:46  ... thread 63: (959000,18333000) ops and (95827.5,91604.3) ops/second in (10.007570,200.132421) seconds
2026/03/15-14:16:46  ... thread 11: (590000,13909000) ops and (58997.7,69493.5) ops/second in (10.000391,200.148326) seconds
2026/03/15-14:16:46  ... thread 67: (614000,15756000) ops and (61377.1,78724.9) ops/second in (10.003724,200.139924) seconds
2026/03/15-14:16:46  ... thread 92: (616000,13215000) ops and (61512.8,66026.4) ops/second in (10.014181,200.147101) seconds
2026/03/15-14:16:46  ... thread 79: (615000,13998000) ops and (61436.0,69941.6) ops/second in (10.010422,200.138493) seconds
2026/03/15-14:16:46  ... thread 35: (617000,13206000) ops and (61666.4,65981.1) ops/second in (10.005450,200.148292) seconds
2026/03/15-14:16:46  ... thread 117: (616000,16397000) ops and (61533.1,81932.4) ops/second in (10.010880,200.128377) seconds
2026/03/15-14:16:46  ... thread 24: (593000,12791000) ops and (59267.7,63905.5) ops/second in (10.005447,200.155043) seconds
2026/03/15-14:16:46  ... thread 52: (632000,13454000) ops and (63196.8,67220.9) ops/second in (10.000512,200.145967) seconds
2026/03/15-14:16:46  ... thread 94: (616000,16405000) ops and (61577.9,81969.5) ops/second in (10.003589,200.135452) seconds
2026/03/15-14:16:46  ... thread 122: (616000,13315000) ops and (61523.8,66523.4) ops/second in (10.012379,200.155265) seconds
2026/03/15-14:16:46  ... thread 126: (617000,13236000) ops and (61695.8,66134.2) ops/second in (10.000681,200.138474) seconds
2026/03/15-14:16:46  ... thread 118: (617000,16063000) ops and (61650.8,80259.4) ops/second in (10.007977,200.138542) seconds
2026/03/15-14:16:46  ... thread 33: (740000,17677000) ops and (73889.9,88322.0) ops/second in (10.014903,200.142618) seconds
2026/03/15-14:16:46  ... thread 18: (623000,13132000) ops and (62223.4,65607.4) ops/second in (10.012311,200.160440) seconds
2026/03/15-14:16:46  ... thread 17: (587000,12576000) ops and (58699.7,62829.6) ops/second in (10.000054,200.160381) seconds
2026/03/15-14:16:46  ... thread 111: (956000,15263000) ops and (95591.8,76260.3) ops/second in (10.000862,200.143336) seconds
2026/03/15-14:16:46  ... thread 41: (616000,13420000) ops and (61574.3,67050.6) ops/second in (10.004180,200.147214) seconds
2026/03/15-14:16:46  ... thread 72: (615000,13241000) ops and (61463.5,66157.6) ops/second in (10.005946,200.143158) seconds
2026/03/15-14:16:46  ... thread 91: (619000,13343000) ops and (61826.0,66668.5) ops/second in (10.011965,200.139387) seconds
2026/03/15-14:16:46  ... thread 48: (954000,19255000) ops and (95371.0,96239.0) ops/second in (10.003036,200.074763) seconds
2026/03/15-14:16:46  ... thread 95: (618000,13298000) ops and (61717.6,66443.4) ops/second in (10.013359,200.140354) seconds
2026/03/15-14:16:46  ... thread 115: (617000,14980000) ops and (61646.2,74850.1) ops/second in (10.008729,200.133269) seconds
2026/03/15-14:16:46  ... thread 93: (616000,13664000) ops and (61515.9,68268.9) ops/second in (10.013664,200.149603) seconds
2026/03/15-14:16:46  ... thread 107: (615000,13725000) ops and (61427.1,68577.3) ops/second in (10.011866,200.139120) seconds
2026/03/15-14:16:46  ... thread 66: (894000,13458000) ops and (89375.4,67237.8) ops/second in (10.002749,200.155172) seconds
2026/03/15-14:16:46  ... thread 87: (621000,15062000) ops and (62025.1,75254.4) ops/second in (10.012074,200.147649) seconds
2026/03/15-14:16:46  ... thread 108: (894000,18345000) ops and (89326.9,91669.7) ops/second in (10.008188,200.120554) seconds
2026/03/15-14:16:46  ... thread 99: (628000,13445000) ops and (62714.5,67170.1) ops/second in (10.013638,200.163368) seconds
2026/03/15-14:16:46  ... thread 69: (610000,15418000) ops and (60932.5,77031.0) ops/second in (10.011086,200.153291) seconds
2026/03/15-14:16:46  ... thread 54: (615000,13317000) ops and (61434.6,66530.7) ops/second in (10.010649,200.163234) seconds
2026/03/15-14:16:46  ... thread 14: (595000,12865000) ops and (59430.0,64270.4) ops/second in (10.011775,200.169761) seconds
2026/03/15-14:16:46  ... thread 125: (630000,15317000) ops and (62941.7,76527.3) ops/second in (10.009259,200.150785) seconds
2026/03/15-14:16:46  ... thread 85: (552000,13065000) ops and (55179.4,65273.0) ops/second in (10.003726,200.159190) seconds
2026/03/15-14:16:46  ... thread 119: (619000,13294000) ops and (61809.8,66422.4) ops/second in (10.014601,200.143264) seconds
2026/03/15-14:16:46  ... thread 6: (614000,13736000) ops and (61338.0,68622.5) ops/second in (10.010107,200.167715) seconds
2026/03/15-14:16:46  ... thread 49: (629000,13259000) ops and (62841.9,66240.7) ops/second in (10.009249,200.163829) seconds
2026/03/15-14:16:46  ... thread 74: (616000,13796000) ops and (61585.7,68921.6) ops/second in (10.002320,200.169449) seconds
2026/03/15-14:16:46  ... thread 64: (617000,13285000) ops and (61664.3,66370.4) ops/second in (10.005794,200.164463) seconds
2026/03/15-14:16:46  ... thread 13: (617000,13260000) ops and (61626.9,66243.3) ops/second in (10.011860,200.171050) seconds
2026/03/15-14:16:46  ... thread 10: (624000,13256000) ops and (62319.9,66223.3) ops/second in (10.012858,200.171371) seconds
2026/03/15-14:16:46  ... thread 89: (614000,14112000) ops and (61363.5,70509.0) ops/second in (10.005945,200.144782) seconds
2026/03/15-14:16:46  ... thread 36: (622000,15342000) ops and (62143.4,76643.2) ops/second in (10.009107,200.174291) seconds
2026/03/15-14:16:46  ... thread 96: (617000,13400000) ops and (61643.2,66941.2) ops/second in (10.009211,200.175598) seconds
2026/03/15-14:16:46  ... thread 61: (629000,13353000) ops and (62861.0,66712.5) ops/second in (10.006205,200.157286) seconds
2026/03/15-14:16:46  ... thread 104: (609000,13208000) ops and (60889.4,65996.0) ops/second in (10.001742,200.133321) seconds
2026/03/15-14:16:46  ... thread 59: (617000,14201000) ops and (61636.4,70942.9) ops/second in (10.010320,200.175076) seconds
2026/03/15-14:16:46  ... thread 121: (625000,13870000) ops and (62456.4,69293.4) ops/second in (10.006981,200.163448) seconds
2026/03/15-14:16:46  ... thread 83: (839000,13610000) ops and (83878.7,67992.5) ops/second in (10.002537,200.169036) seconds
2026/03/15-14:16:46  ... thread 40: (616000,13756000) ops and (61507.4,68715.7) ops/second in (10.015061,200.187192) seconds
2026/03/15-14:16:46  ... thread 124: (631000,13503000) ops and (63094.6,67460.8) ops/second in (10.000849,200.160630) seconds
2026/03/15-14:16:46  ... thread 82: (617000,14835000) ops and (61633.0,74109.3) ops/second in (10.010877,200.177280) seconds
2026/03/15-14:16:46  ... thread 70: (633000,13225000) ops and (63255.7,66064.6) ops/second in (10.007011,200.182934) seconds
2026/03/15-14:16:46  ... thread 43: (613000,13148000) ops and (61261.5,65676.7) ops/second in (10.006291,200.192770) seconds
2026/03/15-14:16:46  ... thread 50: (887000,13242000) ops and (88653.7,66149.7) ops/second in (10.005217,200.182227) seconds
2026/03/15-14:16:46  ... thread 100: (612000,13276000) ops and (61148.1,66319.4) ops/second in (10.008480,200.182735) seconds
2026/03/15-14:16:46  ... thread 19: (891000,18835000) ops and (89026.8,94118.7) ops/second in (10.008226,200.119540) seconds
2026/03/15-14:16:46  ... thread 38: (616000,13256000) ops and (61560.4,66213.2) ops/second in (10.006431,200.201908) seconds
2026/03/15-14:16:46  ... thread 116: (629000,14454000) ops and (62872.2,72214.9) ops/second in (10.004424,200.152657) seconds
2026/03/15-14:16:46  ... thread 22: (614000,13556000) ops and (61309.2,67720.1) ops/second in (10.014812,200.176905) seconds
2026/03/15-14:16:46  ... thread 1: (618000,13335000) ops and (61731.4,66606.5) ops/second in (10.011108,200.205606) seconds
2026/03/15-14:16:46  ... thread 110: (612000,15455000) ops and (61139.2,77217.1) ops/second in (10.009937,200.150048) seconds
2026/03/15-14:16:46  ... thread 56: (746000,18655000) ops and (74560.7,93217.6) ops/second in (10.005272,200.123105) seconds
2026/03/15-14:16:46  ... thread 106: (635000,14150000) ops and (63454.5,70702.1) ops/second in (10.007168,200.135532) seconds
2026/03/15-14:16:46  ... thread 55: (613000,13154000) ops and (61279.6,65726.8) ops/second in (10.003322,200.131380) seconds
2026/03/15-14:16:46  ... thread 102: (884000,15104000) ops and (88327.8,75463.4) ops/second in (10.008170,200.149967) seconds
2026/03/15-14:16:46  ... thread 98: (613000,13295000) ops and (61254.6,66414.0) ops/second in (10.007407,200.183823) seconds
2026/03/15-14:16:46  ... thread 77: (565000,14390000) ops and (56405.1,71899.8) ops/second in (10.016832,200.139720) seconds
2026/03/15-14:16:46  ... thread 53: (629000,14742000) ops and (62837.9,73657.5) ops/second in (10.009884,200.142663) seconds
2026/03/15-14:16:46  ... thread 109: (616000,13367000) ops and (61553.6,66778.1) ops/second in (10.007546,200.170431) seconds
2026/03/15-14:16:46  ... thread 0: (628000,12881000) ops and (62757.8,64356.0) ops/second in (10.006717,200.152361) seconds

** Compaction Stats [default] **
Level    Files   Size     Score Read(GB)  Rn(GB) Rnp1(GB) Write(GB) WPreComp(GB) Wnew(GB) Moved(GB) W-Amp Rd(MB/s) Wr(MB/s) Comp(sec) CompMergeCPU(sec) Comp(cnt) Avg(sec) KeyIn KeyDrop Rblob(GB) Wblob(GB)
-------------------------------------------------------------------------------------------------------------------------------------------------------------------------------------------------------------
  L7     81/0     10.10 GB   0.0      0.0     0.0      0.0       0.0       0.0      0.0       0.0   0.0      0.0      0.0      0.00              0.00         0    0.000       0      0       0.0       0.0
 Sum     81/0     10.10 GB   0.0      0.0     0.0      0.0       0.0       0.0      0.0       0.0   0.0      0.0      0.0      0.00              0.00         0    0.000       0      0       0.0       0.0
 Int      0/0      0.00 KB   0.0      0.0     0.0      0.0       0.0       0.0      0.0       0.0   0.0      0.0      0.0      0.00              0.00         0    0.000       0      0       0.0       0.0

** Compaction Stats [default] **
Priority    Files   Size     Score Read(GB)  Rn(GB) Rnp1(GB) Write(GB) WPreComp(GB) Wnew(GB) Moved(GB) W-Amp Rd(MB/s) Wr(MB/s) Comp(sec) CompMergeCPU(sec) Comp(cnt) Avg(sec) KeyIn KeyDrop Rblob(GB) Wblob(GB)
----------------------------------------------------------------------------------------------------------------------------------------------------------------------------------------------------------------

Blob file count: 0, total size: 0.0 GB, garbage size: 0.0 GB, space amp: 0.0

Uptime(secs): 200.3 total, 200.2 interval
Flush(GB): cumulative 0.000, interval 0.000
AddFile(GB): cumulative 0.000, interval 0.000
AddFile(Total Files): cumulative 0, interval 0
AddFile(L0 Files): cumulative 0, interval 0
AddFile(Keys): cumulative 0, interval 0
Cumulative compaction: 0.00 GB write, 0.00 MB/s write, 0.00 GB read, 0.00 MB/s read, 0.0 seconds
Interval compaction: 0.00 GB write, 0.00 MB/s write, 0.00 GB read, 0.00 MB/s read, 0.0 seconds
Estimated pending compaction bytes: 0
Write Stall (count): cf-l0-file-count-limit-delays-with-ongoing-compaction: 0, cf-l0-file-count-limit-stops-with-ongoing-compaction: 0, l0-file-count-limit-delays: 0, l0-file-count-limit-stops: 0, memtable-limit-delays: 0, memtable-limit-stops: 0, pending-compaction-bytes-delays: 0, pending-compaction-bytes-stops: 0, total-delays: 0, total-stops: 0
Block cache LRUCache@0x55c67107d780#1185831 capacity: 29.80 GB seed: 1773580406 usage: 0.09 KB table_size: 1024 occupancy: 1 collections: 1 last_copies: 0 last_secs: 9.2e-05 secs_since: 200
Block cache entry stats(count,size,portion): Misc(1,0.00 KB,0%)

** File Read Latency Histogram By Level [default] **

** DB Stats **
Uptime(secs): 200.3 total, 10.0 interval
Cumulative writes: 0 writes, 0 keys, 0 commit groups, 0.0 writes per commit group, ingest: 0.00 GB, 0.00 MB/s
Cumulative WAL: 0 writes, 0 syncs, 0.00 writes per sync, written: 0.00 GB, 0.00 MB/s
Cumulative stall: 00:00:0.000 H:M:S, 0.0 percent
Interval writes: 0 writes, 0 keys, 0 commit groups, 0.0 writes per commit group, ingest: 0.00 MB, 0.00 MB/s
Interval WAL: 0 writes, 0 syncs, 0.00 writes per sync, written: 0.00 GB, 0.00 MB/s
Interval stall: 00:00:0.000 H:M:S, 0.0 percent
Write Stall (count): write-buffer-manager-limit-stops: 0
num-running-compactions: 0
num-running-flushes: 0

2026/03/15-14:16:46  ... thread 84: (566000,12183000) ops and (56519.3,60854.0) ops/second in (10.014273,200.200500) seconds
2026/03/15-14:16:46  ... thread 44: (614000,13309000) ops and (61335.1,66494.2) ops/second in (10.010581,200.152654) seconds
2026/03/15-14:16:46  ... thread 105: (614000,13410000) ops and (61322.9,66991.5) ops/second in (10.012578,200.174767) seconds
2026/03/15-14:16:46  ... thread 97: (619000,12451000) ops and (61860.7,62205.7) ops/second in (10.006349,200.158665) seconds
2026/03/15-14:16:46  ... thread 120: (615000,13422000) ops and (61475.0,67051.1) ops/second in (10.004068,200.175782) seconds
2026/03/15-14:16:46  ... thread 57: (614000,13163000) ops and (61341.6,65760.2) ops/second in (10.009516,200.166547) seconds
Initializing RocksDB Options from the specified file
Initializing RocksDB Options from command-line flags
Integrated BlobDB: blob cache disabled
Keys:       20 bytes each (+ 0 bytes user-defined timestamp)
Values:     400 bytes each (200 bytes after compression)
Entries:    40000000
Prefix:    0 bytes
Keys per prefix:    0
RawSize:    16021.7 MB (estimated)
FileSize:   8392.3 MB (estimated)
Write rate: 0 bytes/second
Read rate: 0 ops/second
Compression: NoCompression
Compression sampling rate: 0
Memtablerep: SkipListFactory
Perf Level: 1
------------------------------------------------
DB path: [/tmp/rocksdb/db]
multireadrandom :      13.730 micros/op 9318483 ops/sec 210.092 seconds 1957738720 operations; 2359.7 MB/s (8539573 of 13505990 found)
Microseconds per read:
Count: 195773872 Average: 137.3200  StdDev: 59.85
Min: 11  Median: 136.3156  Max: 92164
Percentiles: P50: 136.32 P75: 164.08 P99: 246.43 P99.9: 281.68 P99.99: 770.88
------------------------------------------------------
(      10,      15 ]        7   0.000%   0.000% 
(      15,      22 ]     3617   0.002%   0.002% 
(      22,      34 ]    35290   0.018%   0.020% 
(      34,      51 ]   450923   0.230%   0.250% 
(      51,      76 ]  6703630   3.424%   3.674% #
(      76,     110 ] 44308599  22.633%  26.307% #####
(     110,     170 ] 105758233  54.021%  80.328% ###########
(     170,     250 ] 38264082  19.545%  99.873% ####
(     250,     380 ]   220445   0.113%  99.985% 
(     380,     580 ]     5884   0.003%  99.988% 
(     580,     870 ]     5446   0.003%  99.991% 
(     870,    1300 ]     4005   0.002%  99.993% 
(    1300,    1900 ]     2634   0.001%  99.994% 
(    1900,    2900 ]     2069   0.001%  99.995% 
(    2900,    4400 ]     7323   0.004%  99.999% 
(    4400,    6600 ]      784   0.000% 100.000% 
(    6600,    9900 ]      638   0.000% 100.000% 
(    9900,   14000 ]       92   0.000% 100.000% 
(   14000,   22000 ]       99   0.000% 100.000% 
(   22000,   33000 ]       31   0.000% 100.000% 
(   33000,   50000 ]       15   0.000% 100.000% 
(   50000,   75000 ]       13   0.000% 100.000% 
(   75000,  110000 ]       13   0.000% 100.000% 



** Compaction Stats [default] **
Level    Files   Size     Score Read(GB)  Rn(GB) Rnp1(GB) Write(GB) WPreComp(GB) Wnew(GB) Moved(GB) W-Amp Rd(MB/s) Wr(MB/s) Comp(sec) CompMergeCPU(sec) Comp(cnt) Avg(sec) KeyIn KeyDrop Rblob(GB) Wblob(GB)
-------------------------------------------------------------------------------------------------------------------------------------------------------------------------------------------------------------
  L7     81/0     10.10 GB   0.0      0.0     0.0      0.0       0.0       0.0      0.0       0.0   0.0      0.0      0.0      0.00              0.00         0    0.000       0      0       0.0       0.0
 Sum     81/0     10.10 GB   0.0      0.0     0.0      0.0       0.0       0.0      0.0       0.0   0.0      0.0      0.0      0.00              0.00         0    0.000       0      0       0.0       0.0
 Int      0/0      0.00 KB   0.0      0.0     0.0      0.0       0.0       0.0      0.0       0.0   0.0      0.0      0.0      0.00              0.00         0    0.000       0      0       0.0       0.0

** Compaction Stats [default] **
Priority    Files   Size     Score Read(GB)  Rn(GB) Rnp1(GB) Write(GB) WPreComp(GB) Wnew(GB) Moved(GB) W-Amp Rd(MB/s) Wr(MB/s) Comp(sec) CompMergeCPU(sec) Comp(cnt) Avg(sec) KeyIn KeyDrop Rblob(GB) Wblob(GB)
----------------------------------------------------------------------------------------------------------------------------------------------------------------------------------------------------------------

Blob file count: 0, total size: 0.0 GB, garbage size: 0.0 GB, space amp: 0.0

Uptime(secs): 210.2 total, 210.1 interval
Flush(GB): cumulative 0.000, interval 0.000
AddFile(GB): cumulative 0.000, interval 0.000
AddFile(Total Files): cumulative 0, interval 0
AddFile(L0 Files): cumulative 0, interval 0
AddFile(Keys): cumulative 0, interval 0
Cumulative compaction: 0.00 GB write, 0.00 MB/s write, 0.00 GB read, 0.00 MB/s read, 0.0 seconds
Interval compaction: 0.00 GB write, 0.00 MB/s write, 0.00 GB read, 0.00 MB/s read, 0.0 seconds
Estimated pending compaction bytes: 0
Write Stall (count): cf-l0-file-count-limit-delays-with-ongoing-compaction: 0, cf-l0-file-count-limit-stops-with-ongoing-compaction: 0, l0-file-count-limit-delays: 0, l0-file-count-limit-stops: 0, memtable-limit-delays: 0, memtable-limit-stops: 0, pending-compaction-bytes-delays: 0, pending-compaction-bytes-stops: 0, total-delays: 0, total-stops: 0
Block cache LRUCache@0x55c67107d780#1185831 capacity: 29.80 GB seed: 1773580406 usage: 0.09 KB table_size: 1024 occupancy: 1 collections: 1 last_copies: 0 last_secs: 9.2e-05 secs_since: 210
Block cache entry stats(count,size,portion): Misc(1,0.00 KB,0%)

** File Read Latency Histogram By Level [default] **

** DB Stats **
Uptime(secs): 210.2 total, 9.9 interval
Cumulative writes: 0 writes, 0 keys, 0 commit groups, 0.0 writes per commit group, ingest: 0.00 GB, 0.00 MB/s
Cumulative WAL: 0 writes, 0 syncs, 0.00 writes per sync, written: 0.00 GB, 0.00 MB/s
Cumulative stall: 00:00:0.000 H:M:S, 0.0 percent
Interval writes: 0 writes, 0 keys, 0 commit groups, 0.0 writes per commit group, ingest: 0.00 MB, 0.00 MB/s
Interval WAL: 0 writes, 0 syncs, 0.00 writes per sync, written: 0.00 GB, 0.00 MB/s
Interval stall: 00:00:0.000 H:M:S, 0.0 percent
Write Stall (count): write-buffer-manager-limit-stops: 0

