sf,streams,stream,tag,pass,warmup,query,elapsed_s,rows,start_time,end_time
10,16,5,repl,1,True,6,2.5955,1,2026-08-27T14:56:38.551258,2026-08-27T14:56:41.146778
10,16,0,repl,1,True,1,2.9534,4,2026-08-27T14:56:38.537336,2026-08-27T14:56:41.490732
10,16,0,repl,1,True,2,1.0141,100,2026-08-27T14:56:41.490824,2026-08-27T14:56:42.504949
10,16,1,repl,1,True,2,4.0077,100,2026-08-27T14:56:38.540474,2026-08-27T14:56:42.548227
10,16,10,repl,1,True,11,4.0764,0,2026-08-27T14:56:38.584877,2026-08-27T14:56:42.661342
10,16,14,repl,1,True,15,4.1237,1,2026-08-27T14:56:38.653695,2026-08-27T14:56:42.777475
10,16,13,repl,1,True,14,4.357,1,2026-08-27T14:56:38.650353,2026-08-27T14:56:43.007362
10,16,11,repl,1,True,12,4.3879,2,2026-08-27T14:56:38.642826,2026-08-27T14:56:43.030739
10,16,10,repl,1,True,12,0.6559,2,2026-08-27T14:56:42.661430,2026-08-27T14:56:43.317411
10,16,13,repl,1,True,15,0.357,1,2026-08-27T14:56:43.007456,2026-08-27T14:56:43.364485
10,16,15,repl,1,True,16,5.0132,27840,2026-08-27T14:56:38.657063,2026-08-27T14:56:43.673740
10,16,0,repl,1,True,3,1.3151,10,2026-08-27T14:56:42.505036,2026-08-27T14:56:43.820153
10,16,14,repl,1,True,16,1.2667,27840,2026-08-27T14:56:42.777608,2026-08-27T14:56:44.044633
10,16,4,repl,1,True,5,5.5979,5,2026-08-27T14:56:38.548664,2026-08-27T14:56:44.146572
10,16,15,repl,1,True,17,0.526,1,2026-08-27T14:56:43.673856,2026-08-27T14:56:44.201650
10,16,3,repl,1,True,4,5.6553,5,2026-08-27T14:56:38.546584,2026-08-27T14:56:44.201924
10,16,12,repl,1,True,13,5.6068,45,2026-08-27T14:56:38.647838,2026-08-27T14:56:44.254687
10,16,10,repl,1,True,13,0.945,45,2026-08-27T14:56:43.317555,2026-08-27T14:56:44.262552
10,16,11,repl,1,True,13,1.2569,45,2026-08-27T14:56:43.030854,2026-08-27T14:56:44.287766
10,16,4,repl,1,True,6,0.1893,1,2026-08-27T14:56:44.146684,2026-08-27T14:56:44.335986
10,16,6,repl,1,True,7,5.8272,4,2026-08-27T14:56:38.554207,2026-08-27T14:56:44.385517
10,16,7,repl,1,True,8,5.8634,2,2026-08-27T14:56:38.560323,2026-08-27T14:56:44.423783
10,16,14,repl,1,True,17,0.3887,1,2026-08-27T14:56:44.044865,2026-08-27T14:56:44.433579
10,16,13,repl,1,True,16,1.0897,27840,2026-08-27T14:56:43.364593,2026-08-27T14:56:44.454452
10,16,2,repl,1,True,3,5.9206,10,2026-08-27T14:56:38.544012,2026-08-27T14:56:44.464652
10,16,0,repl,1,True,4,0.7119,5,2026-08-27T14:56:43.820316,2026-08-27T14:56:44.532242
10,16,12,repl,1,True,14,0.3774,1,2026-08-27T14:56:44.254812,2026-08-27T14:56:44.632227
10,16,8,repl,1,True,9,6.2374,175,2026-08-27T14:56:38.568242,2026-08-27T14:56:44.805666
10,16,10,repl,1,True,14,0.7055,1,2026-08-27T14:56:44.262640,2026-08-27T14:56:44.968141
10,16,9,repl,1,True,10,6.4013,20,2026-08-27T14:56:38.580424,2026-08-27T14:56:44.981717
10,16,12,repl,1,True,15,0.357,1,2026-08-27T14:56:44.632589,2026-08-27T14:56:44.989626
10,16,3,repl,1,True,5,0.8117,5,2026-08-27T14:56:44.202083,2026-08-27T14:56:45.013825
10,16,15,repl,1,True,18,0.9056,100,2026-08-27T14:56:44.201765,2026-08-27T14:56:45.107374
10,16,10,repl,1,True,15,0.1571,1,2026-08-27T14:56:44.968288,2026-08-27T14:56:45.125392
10,16,3,repl,1,True,6,0.1211,1,2026-08-27T14:56:45.013950,2026-08-27T14:56:45.135087
10,16,13,repl,1,True,17,0.6899,1,2026-08-27T14:56:44.457649,2026-08-27T14:56:45.147607
10,16,4,repl,1,True,7,0.8306,4,2026-08-27T14:56:44.336109,2026-08-27T14:56:45.166771
10,16,1,repl,1,True,3,2.6265,10,2026-08-27T14:56:42.548348,2026-08-27T14:56:45.174905
10,16,14,repl,1,True,18,0.8332,100,2026-08-27T14:56:44.433686,2026-08-27T14:56:45.266873
10,16,6,repl,1,True,8,0.8965,2,2026-08-27T14:56:44.395334,2026-08-27T14:56:45.291898
10,16,9,repl,1,True,11,0.3157,0,2026-08-27T14:56:44.990221,2026-08-27T14:56:45.305926
10,16,15,repl,1,True,19,0.3581,1,2026-08-27T14:56:45.107475,2026-08-27T14:56:45.465582
10,16,11,repl,1,True,14,1.149,1,2026-08-27T14:56:44.305334,2026-08-27T14:56:45.475178
10,16,12,repl,1,True,16,0.568,27840,2026-08-27T14:56:45.000436,2026-08-27T14:56:45.568452
10,16,14,repl,1,True,19,0.3299,1,2026-08-27T14:56:45.266992,2026-08-27T14:56:45.596957
10,16,13,repl,1,True,18,0.6148,100,2026-08-27T14:56:45.147738,2026-08-27T14:56:45.762545
10,16,10,repl,1,True,16,0.692,27840,2026-08-27T14:56:45.125555,2026-08-27T14:56:45.817668
10,16,7,repl,1,True,9,1.4019,175,2026-08-27T14:56:44.423915,2026-08-27T14:56:45.825801
10,16,11,repl,1,True,15,0.4296,1,2026-08-27T14:56:45.475375,2026-08-27T14:56:45.905013
10,16,9,repl,1,True,12,0.614,2,2026-08-27T14:56:45.306050,2026-08-27T14:56:45.920076
10,16,1,repl,1,True,4,0.7538,5,2026-08-27T14:56:45.175184,2026-08-27T14:56:45.929026
10,16,15,repl,1,True,20,0.4705,1804,2026-08-27T14:56:45.465711,2026-08-27T14:56:45.936258
10,16,12,repl,1,True,17,0.3759,1,2026-08-27T14:56:45.569786,2026-08-27T14:56:45.945696
10,16,13,repl,1,True,19,0.1848,1,2026-08-27T14:56:45.762666,2026-08-27T14:56:45.947463
10,16,14,repl,1,True,20,0.3817,1804,2026-08-27T14:56:45.597066,2026-08-27T14:56:45.978819
10,16,6,repl,1,True,9,0.9222,175,2026-08-27T14:56:45.292005,2026-08-27T14:56:46.214267
10,16,8,repl,1,True,10,1.4273,20,2026-08-27T14:56:44.805765,2026-08-27T14:56:46.233099
10,16,10,repl,1,True,17,0.4249,1,2026-08-27T14:56:45.829836,2026-08-27T14:56:46.254755
10,16,2,repl,1,True,4,1.8052,5,2026-08-27T14:56:44.464745,2026-08-27T14:56:46.269965
10,16,1,repl,1,True,5,0.6193,5,2026-08-27T14:56:45.929125,2026-08-27T14:56:46.548458
10,16,8,repl,1,True,11,0.3525,0,2026-08-27T14:56:46.233580,2026-08-27T14:56:46.586141
10,16,13,repl,1,True,20,0.6445,1804,2026-08-27T14:56:45.953276,2026-08-27T14:56:46.597845
10,16,1,repl,1,True,6,0.0816,1,2026-08-27T14:56:46.548563,2026-08-27T14:56:46.630239
10,16,0,repl,1,True,5,2.2941,5,2026-08-27T14:56:44.532382,2026-08-27T14:56:46.827601
10,16,15,repl,1,True,21,0.9373,100,2026-08-27T14:56:45.936386,2026-08-27T14:56:46.875004
10,16,3,repl,1,True,7,1.7841,4,2026-08-27T14:56:45.136084,2026-08-27T14:56:46.920201
10,16,11,repl,1,True,16,1.0198,27840,2026-08-27T14:56:45.905122,2026-08-27T14:56:46.924962
10,16,0,repl,1,True,6,0.1172,1,2026-08-27T14:56:46.827729,2026-08-27T14:56:46.944993
10,16,7,repl,1,True,10,1.119,20,2026-08-27T14:56:45.837872,2026-08-27T14:56:46.956938
10,16,10,repl,1,True,18,0.7143,100,2026-08-27T14:56:46.254895,2026-08-27T14:56:46.969178
10,16,5,repl,1,True,7,5.8461,4,2026-08-27T14:56:41.146886,2026-08-27T14:56:46.992994
10,16,8,repl,1,True,12,0.421,2,2026-08-27T14:56:46.586272,2026-08-27T14:56:47.007339
10,16,1,repl,1,True,7,0.393,4,2026-08-27T14:56:46.630370,2026-08-27T14:56:47.023395
10,16,9,repl,1,True,13,1.1335,45,2026-08-27T14:56:45.920186,2026-08-27T14:56:47.053746
10,16,2,repl,1,True,5,0.7975,5,2026-08-27T14:56:46.270093,2026-08-27T14:56:47.067586
10,16,4,repl,1,True,8,1.9289,2,2026-08-27T14:56:45.166879,2026-08-27T14:56:47.095813
10,16,13,repl,1,True,21,0.6376,100,2026-08-27T14:56:46.597936,2026-08-27T14:56:47.235542
10,16,10,repl,1,True,19,0.2817,1,2026-08-27T14:56:46.969283,2026-08-27T14:56:47.250970
10,16,7,repl,1,True,11,0.3345,0,2026-08-27T14:56:46.965625,2026-08-27T14:56:47.300150
10,16,6,repl,1,True,10,1.1294,20,2026-08-27T14:56:46.214396,2026-08-27T14:56:47.343800
10,16,11,repl,1,True,17,0.4181,1,2026-08-27T14:56:46.939855,2026-08-27T14:56:47.357952
10,16,14,repl,1,True,21,1.4217,100,2026-08-27T14:56:45.979137,2026-08-27T14:56:47.400844
10,16,0,repl,1,True,7,0.4964,4,2026-08-27T14:56:46.945096,2026-08-27T14:56:47.441482
10,16,2,repl,1,True,6,0.4122,1,2026-08-27T14:56:47.068103,2026-08-27T14:56:47.480331
10,16,15,repl,1,True,22,0.6307,7,2026-08-27T14:56:46.875096,2026-08-27T14:56:47.505837
10,16,6,repl,1,True,11,0.2243,0,2026-08-27T14:56:47.345620,2026-08-27T14:56:47.569953
10,16,5,repl,1,True,8,0.6353,2,2026-08-27T14:56:46.993079,2026-08-27T14:56:47.628458
10,16,3,repl,1,True,8,0.7233,2,2026-08-27T14:56:46.925619,2026-08-27T14:56:47.649001
10,16,9,repl,1,True,14,0.6564,1,2026-08-27T14:56:47.054102,2026-08-27T14:56:47.710552
10,16,10,repl,1,True,20,0.4829,1804,2026-08-27T14:56:47.251082,2026-08-27T14:56:47.733993
10,16,1,repl,1,True,8,0.7342,2,2026-08-27T14:56:47.023502,2026-08-27T14:56:47.757708
10,16,7,repl,1,True,12,0.4653,2,2026-08-27T14:56:47.300265,2026-08-27T14:56:47.765572
10,16,13,repl,1,True,22,0.5362,7,2026-08-27T14:56:47.235731,2026-08-27T14:56:47.771936
10,16,15,repl,1,True,1,0.3318,4,2026-08-27T14:56:47.506183,2026-08-27T14:56:47.837966
10,16,11,repl,1,True,18,0.5406,100,2026-08-27T14:56:47.358109,2026-08-27T14:56:47.898708
10,16,9,repl,1,True,15,0.2086,1,2026-08-27T14:56:47.710736,2026-08-27T14:56:47.919391
10,16,2,repl,1,True,7,0.4442,4,2026-08-27T14:56:47.480455,2026-08-27T14:56:47.924729
10,16,14,repl,1,True,22,0.6107,7,2026-08-27T14:56:47.400958,2026-08-27T14:56:48.011658
10,16,13,repl,1,True,1,0.2799,4,2026-08-27T14:56:47.780839,2026-08-27T14:56:48.060790
10,16,6,repl,1,True,12,0.5142,2,2026-08-27T14:56:47.570089,2026-08-27T14:56:48.084318
10,16,11,repl,1,True,19,0.201,1,2026-08-27T14:56:47.898842,2026-08-27T14:56:48.099875
10,16,0,repl,1,True,8,0.8732,2,2026-08-27T14:56:47.441783,2026-08-27T14:56:48.315032
10,16,14,repl,1,True,1,0.3223,4,2026-08-27T14:56:48.011777,2026-08-27T14:56:48.334136
10,16,8,repl,1,True,13,1.3883,45,2026-08-27T14:56:47.013643,2026-08-27T14:56:48.401957
10,16,5,repl,1,True,9,0.8452,175,2026-08-27T14:56:47.628571,2026-08-27T14:56:48.473825
10,16,13,repl,1,True,2,0.4576,100,2026-08-27T14:56:48.060886,2026-08-27T14:56:48.518476
10,16,11,repl,1,True,20,0.4471,1804,2026-08-27T14:56:48.103218,2026-08-27T14:56:48.551120
10,16,14,repl,1,True,2,0.2447,100,2026-08-27T14:56:48.334247,2026-08-27T14:56:48.578952
10,16,1,repl,1,True,9,0.8465,175,2026-08-27T14:56:47.758047,2026-08-27T14:56:48.604559
10,16,15,repl,1,True,2,0.8239,100,2026-08-27T14:56:47.838087,2026-08-27T14:56:48.661966
10,16,9,repl,1,True,16,0.7599,27840,2026-08-27T14:56:47.919510,2026-08-27T14:56:48.679442
10,16,2,repl,1,True,8,0.7481,2,2026-08-27T14:56:47.937592,2026-08-27T14:56:48.685758
10,16,10,repl,1,True,21,0.9652,100,2026-08-27T14:56:47.734117,2026-08-27T14:56:48.699370
10,16,3,repl,1,True,9,1.2233,175,2026-08-27T14:56:47.666404,2026-08-27T14:56:48.889723
10,16,0,repl,1,True,9,0.6306,175,2026-08-27T14:56:48.315151,2026-08-27T14:56:48.945820
10,16,7,repl,1,True,13,1.1881,45,2026-08-27T14:56:47.777565,2026-08-27T14:56:48.965731
10,16,13,repl,1,True,3,0.4831,10,2026-08-27T14:56:48.518649,2026-08-27T14:56:49.001792
10,16,9,repl,1,True,17,0.3352,1,2026-08-27T14:56:48.679580,2026-08-27T14:56:49.014850
10,16,15,repl,1,True,3,0.4521,10,2026-08-27T14:56:48.665687,2026-08-27T14:56:49.117828
10,16,4,repl,1,True,9,2.1549,175,2026-08-27T14:56:47.095960,2026-08-27T14:56:49.250865
10,16,14,repl,1,True,3,0.6756,10,2026-08-27T14:56:48.594242,2026-08-27T14:56:49.271097
10,16,8,repl,1,True,14,0.8796,1,2026-08-27T14:56:48.403015,2026-08-27T14:56:49.282691
10,16,11,repl,1,True,21,0.741,100,2026-08-27T14:56:48.551870,2026-08-27T14:56:49.292933
10,16,6,repl,1,True,13,1.2382,45,2026-08-27T14:56:48.084389,2026-08-27T14:56:49.322630
10,16,5,repl,1,True,10,0.852,20,2026-08-27T14:56:48.477739,2026-08-27T14:56:49.329781
10,16,7,repl,1,True,14,0.4089,1,2026-08-27T14:56:48.965860,2026-08-27T14:56:49.374751
10,16,8,repl,1,True,15,0.1313,1,2026-08-27T14:56:49.282804,2026-08-27T14:56:49.414170
10,16,13,repl,1,True,4,0.4698,5,2026-08-27T14:56:49.001939,2026-08-27T14:56:49.471719
10,16,15,repl,1,True,4,0.3751,5,2026-08-27T14:56:49.117912,2026-08-27T14:56:49.493059
10,16,9,repl,1,True,18,0.4946,100,2026-08-27T14:56:49.015004,2026-08-27T14:56:49.509642
10,16,7,repl,1,True,15,0.155,1,2026-08-27T14:56:49.374902,2026-08-27T14:56:49.529906
10,16,5,repl,1,True,11,0.2039,0,2026-08-27T14:56:49.333542,2026-08-27T14:56:49.537466
10,16,2,repl,1,True,9,0.9023,175,2026-08-27T14:56:48.685844,2026-08-27T14:56:49.588218
10,16,9,repl,1,True,19,0.1329,1,2026-08-27T14:56:49.510206,2026-08-27T14:56:49.643120
10,16,11,repl,1,True,22,0.3983,7,2026-08-27T14:56:49.297834,2026-08-27T14:56:49.696155
10,16,6,repl,1,True,14,0.3887,1,2026-08-27T14:56:49.322748,2026-08-27T14:56:49.711435
10,16,3,repl,1,True,10,0.9343,20,2026-08-27T14:56:48.897646,2026-08-27T14:56:49.832017
10,16,15,repl,1,True,5,0.3538,5,2026-08-27T14:56:49.493184,2026-08-27T14:56:49.846973
10,16,11,repl,1,True,1,0.1795,4,2026-08-27T14:56:49.696253,2026-08-27T14:56:49.875795
10,16,15,repl,1,True,6,0.0688,1,2026-08-27T14:56:49.847098,2026-08-27T14:56:49.915944
10,16,13,repl,1,True,5,0.4663,5,2026-08-27T14:56:49.471869,2026-08-27T14:56:49.938211
10,16,3,repl,1,True,11,0.1172,0,2026-08-27T14:56:49.832127,2026-08-27T14:56:49.949868
10,16,13,repl,1,True,6,0.0429,1,2026-08-27T14:56:49.938748,2026-08-27T14:56:49.981733
10,16,0,repl,1,True,10,1.0453,20,2026-08-27T14:56:48.945969,2026-08-27T14:56:49.991304
10,16,8,repl,1,True,16,0.5848,27840,2026-08-27T14:56:49.414269,2026-08-27T14:56:49.999071
10,16,1,repl,1,True,10,1.393,20,2026-08-27T14:56:48.609010,2026-08-27T14:56:50.003164
10,16,6,repl,1,True,15,0.3722,1,2026-08-27T14:56:49.711562,2026-08-27T14:56:50.083808
10,16,14,repl,1,True,4,0.8127,5,2026-08-27T14:56:49.271239,2026-08-27T14:56:50.083946
10,16,9,repl,1,True,20,0.4531,1804,2026-08-27T14:56:49.643239,2026-08-27T14:56:50.096704
10,16,10,repl,1,True,22,1.4297,7,2026-08-27T14:56:48.699492,2026-08-27T14:56:50.129245
10,16,11,repl,1,True,2,0.2595,100,2026-08-27T14:56:49.879829,2026-08-27T14:56:50.139412
10,16,7,repl,1,True,16,0.6178,27840,2026-08-27T14:56:49.530142,2026-08-27T14:56:50.147927
10,16,0,repl,1,True,11,0.1623,0,2026-08-27T14:56:49.991429,2026-08-27T14:56:50.153727
10,16,1,repl,1,True,11,0.1242,0,2026-08-27T14:56:50.029595,2026-08-27T14:56:50.153845
10,16,5,repl,1,True,12,0.6719,2,2026-08-27T14:56:49.541670,2026-08-27T14:56:50.213618
10,16,4,repl,1,True,10,0.9655,20,2026-08-27T14:56:49.251044,2026-08-27T14:56:50.216611
10,16,3,repl,1,True,12,0.2736,2,2026-08-27T14:56:49.949978,2026-08-27T14:56:50.223640
10,16,8,repl,1,True,17,0.2244,1,2026-08-27T14:56:50.017163,2026-08-27T14:56:50.243081
10,16,13,repl,1,True,7,0.2875,4,2026-08-27T14:56:49.981837,2026-08-27T14:56:50.269365
10,16,15,repl,1,True,7,0.423,4,2026-08-27T14:56:49.916074,2026-08-27T14:56:50.339120
10,16,10,repl,1,True,1,0.2125,4,2026-08-27T14:56:50.169728,2026-08-27T14:56:50.382235
10,16,11,repl,1,True,3,0.3887,10,2026-08-27T14:56:50.206695,2026-08-27T14:56:50.595411
10,16,2,repl,1,True,10,1.0298,20,2026-08-27T14:56:49.588315,2026-08-27T14:56:50.618162
10,16,1,repl,1,True,12,0.4915,2,2026-08-27T14:56:50.163542,2026-08-27T14:56:50.655038
10,16,6,repl,1,True,16,0.6342,27840,2026-08-27T14:56:50.097465,2026-08-27T14:56:50.731872
10,16,14,repl,1,True,5,0.588,5,2026-08-27T14:56:50.154094,2026-08-27T14:56:50.742168
10,16,14,repl,1,True,6,0.0539,1,2026-08-27T14:56:50.742282,2026-08-27T14:56:50.796238
10,16,0,repl,1,True,12,0.6165,2,2026-08-27T14:56:50.190536,2026-08-27T14:56:50.807080
10,16,2,repl,1,True,11,0.209,0,2026-08-27T14:56:50.618287,2026-08-27T14:56:50.827337
10,16,7,repl,1,True,17,0.6975,1,2026-08-27T14:56:50.160303,2026-08-27T14:56:50.857830
10,16,13,repl,1,True,8,0.6154,2,2026-08-27T14:56:50.269506,2026-08-27T14:56:50.884886
10,16,9,repl,1,True,21,0.7641,100,2026-08-27T14:56:50.120921,2026-08-27T14:56:50.885037
10,16,10,repl,1,True,2,0.5229,100,2026-08-27T14:56:50.382325,2026-08-27T14:56:50.905219
10,16,5,repl,1,True,13,0.8029,45,2026-08-27T14:56:50.213720,2026-08-27T14:56:51.016605
10,16,6,repl,1,True,17,0.2959,1,2026-08-27T14:56:50.731998,2026-08-27T14:56:51.027966
10,16,15,repl,1,True,8,0.7205,2,2026-08-27T14:56:50.339256,2026-08-27T14:56:51.059804
10,16,4,repl,1,True,11,0.8601,0,2026-08-27T14:56:50.216810,2026-08-27T14:56:51.076982
10,16,11,repl,1,True,4,0.5007,5,2026-08-27T14:56:50.598259,2026-08-27T14:56:51.099048
10,16,1,repl,1,True,13,0.7098,45,2026-08-27T14:56:50.655510,2026-08-27T14:56:51.365375
10,16,10,repl,1,True,3,0.4584,10,2026-08-27T14:56:50.915804,2026-08-27T14:56:51.374218
10,16,5,repl,1,True,14,0.3659,1,2026-08-27T14:56:51.016749,2026-08-27T14:56:51.382653
10,16,3,repl,1,True,13,1.2537,45,2026-08-27T14:56:50.226059,2026-08-27T14:56:51.479783
10,16,5,repl,1,True,15,0.1201,1,2026-08-27T14:56:51.385655,2026-08-27T14:56:51.505843
10,16,14,repl,1,True,7,0.7275,4,2026-08-27T14:56:50.796356,2026-08-27T14:56:51.523935
10,16,0,repl,1,True,13,0.7405,45,2026-08-27T14:56:50.809760,2026-08-27T14:56:51.550348
10,16,4,repl,1,True,12,0.4917,2,2026-08-27T14:56:51.077103,2026-08-27T14:56:51.568819
10,16,13,repl,1,True,9,0.6912,175,2026-08-27T14:56:50.893575,2026-08-27T14:56:51.584862
10,16,1,repl,1,True,14,0.252,1,2026-08-27T14:56:51.369673,2026-08-27T14:56:51.621750
10,16,7,repl,1,True,18,0.8044,100,2026-08-27T14:56:50.857944,2026-08-27T14:56:51.662395
10,16,15,repl,1,True,9,0.6938,175,2026-08-27T14:56:51.059923,2026-08-27T14:56:51.753738
10,16,1,repl,1,True,15,0.1481,1,2026-08-27T14:56:51.621872,2026-08-27T14:56:51.769970
10,16,0,repl,1,True,14,0.2597,1,2026-08-27T14:56:51.550481,2026-08-27T14:56:51.810186
10,16,2,repl,1,True,12,0.9962,2,2026-08-27T14:56:50.827591,2026-08-27T14:56:51.823792
10,16,9,repl,1,True,22,0.9392,7,2026-08-27T14:56:50.905506,2026-08-27T14:56:51.844780
10,16,10,repl,1,True,4,0.5126,5,2026-08-27T14:56:51.374332,2026-08-27T14:56:51.886924
10,16,3,repl,1,True,14,0.4104,1,2026-08-27T14:56:51.481655,2026-08-27T14:56:51.892069
10,16,7,repl,1,True,19,0.273,1,2026-08-27T14:56:51.662516,2026-08-27T14:56:51.935512
10,16,0,repl,1,True,15,0.1721,1,2026-08-27T14:56:51.810283,2026-08-27T14:56:51.982444
10,16,9,repl,1,True,1,0.2431,4,2026-08-27T14:56:51.844903,2026-08-27T14:56:52.087995
10,16,11,repl,1,True,5,1.0371,5,2026-08-27T14:56:51.099169,2026-08-27T14:56:52.136334
10,16,5,repl,1,True,16,0.6316,27840,2026-08-27T14:56:51.509612,2026-08-27T14:56:52.141225
10,16,3,repl,1,True,15,0.2528,1,2026-08-27T14:56:51.898435,2026-08-27T14:56:52.151260
10,16,8,repl,1,True,18,1.9426,100,2026-08-27T14:56:50.243202,2026-08-27T14:56:52.186435
10,16,14,repl,1,True,8,0.6625,2,2026-08-27T14:56:51.524050,2026-08-27T14:56:52.186591
10,16,7,repl,1,True,20,0.26,1804,2026-08-27T14:56:51.935639,2026-08-27T14:56:52.196363
10,16,11,repl,1,True,6,0.0932,1,2026-08-27T14:56:52.141484,2026-08-27T14:56:52.234742
10,16,4,repl,1,True,13,0.6712,45,2026-08-27T14:56:51.568919,2026-08-27T14:56:52.240343
10,16,1,repl,1,True,16,0.5119,27840,2026-08-27T14:56:51.770078,2026-08-27T14:56:52.282048
10,16,9,repl,1,True,2,0.1924,100,2026-08-27T14:56:52.100864,2026-08-27T14:56:52.293779
10,16,5,repl,1,True,17,0.1478,1,2026-08-27T14:56:52.153766,2026-08-27T14:56:52.301620
10,16,12,repl,1,True,18,6.4357,100,2026-08-27T14:56:45.949573,2026-08-27T14:56:52.386089
10,16,8,repl,1,True,19,0.1877,1,2026-08-27T14:56:52.198388,2026-08-27T14:56:52.386350
10,16,10,repl,1,True,5,0.5075,5,2026-08-27T14:56:51.893602,2026-08-27T14:56:52.401162
10,16,15,repl,1,True,10,0.6675,20,2026-08-27T14:56:51.753885,2026-08-27T14:56:52.421417
10,16,0,repl,1,True,16,0.456,27840,2026-08-27T14:56:51.982564,2026-08-27T14:56:52.438555
10,16,2,repl,1,True,13,0.6656,45,2026-08-27T14:56:51.823949,2026-08-27T14:56:52.489569
10,16,4,repl,1,True,14,0.2481,1,2026-08-27T14:56:52.245511,2026-08-27T14:56:52.493607
10,16,12,repl,1,True,19,0.1827,1,2026-08-27T14:56:52.394980,2026-08-27T14:56:52.578632
10,16,10,repl,1,True,6,0.1626,1,2026-08-27T14:56:52.461588,2026-08-27T14:56:52.624250
10,16,13,repl,1,True,10,1.0683,20,2026-08-27T14:56:51.584970,2026-08-27T14:56:52.653334
10,16,3,repl,1,True,16,0.5069,27840,2026-08-27T14:56:52.158553,2026-08-27T14:56:52.670170
10,16,15,repl,1,True,11,0.3569,0,2026-08-27T14:56:52.445582,2026-08-27T14:56:52.802515
10,16,9,repl,1,True,3,0.4365,10,2026-08-27T14:56:52.386235,2026-08-27T14:56:52.822776
10,16,8,repl,1,True,20,0.4457,1804,2026-08-27T14:56:52.419557,2026-08-27T14:56:52.865336
10,16,12,repl,1,True,20,0.3129,1804,2026-08-27T14:56:52.578807,2026-08-27T14:56:52.891709
10,16,1,repl,1,True,17,0.491,1,2026-08-27T14:56:52.441733,2026-08-27T14:56:52.932804
10,16,4,repl,1,True,15,0.477,1,2026-08-27T14:56:52.493719,2026-08-27T14:56:52.970692
10,16,14,repl,1,True,9,0.7717,175,2026-08-27T14:56:52.240719,2026-08-27T14:56:53.012420
10,16,7,repl,1,True,21,0.6799,100,2026-08-27T14:56:52.337365,2026-08-27T14:56:53.017845
10,16,13,repl,1,True,11,0.4051,0,2026-08-27T14:56:52.653501,2026-08-27T14:56:53.058579
10,16,15,repl,1,True,12,0.305,2,2026-08-27T14:56:52.805568,2026-08-27T14:56:53.110649
10,16,11,repl,1,True,7,0.809,4,2026-08-27T14:56:52.317439,2026-08-27T14:56:53.126435
10,16,10,repl,1,True,7,0.5256,4,2026-08-27T14:56:52.624427,2026-08-27T14:56:53.150053
10,16,5,repl,1,True,18,1.0439,100,2026-08-27T14:56:52.353722,2026-08-27T14:56:53.397669
10,16,0,repl,1,True,17,0.953,1,2026-08-27T14:56:52.465617,2026-08-27T14:56:53.418665
10,16,2,repl,1,True,14,0.9409,1,2026-08-27T14:56:52.489663,2026-08-27T14:56:53.430549
10,16,8,repl,1,True,21,0.568,100,2026-08-27T14:56:52.869585,2026-08-27T14:56:53.437618
10,16,12,repl,1,True,21,0.5573,100,2026-08-27T14:56:52.891815,2026-08-27T14:56:53.449103
10,16,1,repl,1,True,18,0.5539,100,2026-08-27T14:56:52.932914,2026-08-27T14:56:53.486838
10,16,3,repl,1,True,17,0.8372,1,2026-08-27T14:56:52.670306,2026-08-27T14:56:53.507533
10,16,9,repl,1,True,4,0.6893,5,2026-08-27T14:56:52.822878,2026-08-27T14:56:53.512254
10,16,13,repl,1,True,12,0.464,2,2026-08-27T14:56:53.058678,2026-08-27T14:56:53.522686
10,16,5,repl,1,True,19,0.1807,1,2026-08-27T14:56:53.397783,2026-08-27T14:56:53.578472
10,16,15,repl,1,True,13,0.5452,45,2026-08-27T14:56:53.110768,2026-08-27T14:56:53.656036
10,16,14,repl,1,True,10,0.6555,20,2026-08-27T14:56:53.012501,2026-08-27T14:56:53.668013
10,16,11,repl,1,True,8,0.6233,2,2026-08-27T14:56:53.126522,2026-08-27T14:56:53.749848
10,16,7,repl,1,True,22,0.7368,7,2026-08-27T14:56:53.017931,2026-08-27T14:56:53.754810
10,16,10,repl,1,True,8,0.6561,2,2026-08-27T14:56:53.150164,2026-08-27T14:56:53.806270
10,16,8,repl,1,True,22,0.4341,7,2026-08-27T14:56:53.438005,2026-08-27T14:56:53.872102
10,16,5,repl,1,True,20,0.2984,1804,2026-08-27T14:56:53.578584,2026-08-27T14:56:53.877056
10,16,14,repl,1,True,11,0.2147,0,2026-08-27T14:56:53.668136,2026-08-27T14:56:53.882837
10,16,15,repl,1,True,14,0.242,1,2026-08-27T14:56:53.656135,2026-08-27T14:56:53.898152
10,16,7,repl,1,True,1,0.1702,4,2026-08-27T14:56:53.754939,2026-08-27T14:56:53.925135
10,16,8,repl,1,True,1,0.1109,4,2026-08-27T14:56:53.872212,2026-08-27T14:56:53.983099
10,16,2,repl,1,True,15,0.6041,1,2026-08-27T14:56:53.430652,2026-08-27T14:56:54.034798
10,16,1,repl,1,True,19,0.5875,1,2026-08-27T14:56:53.486961,2026-08-27T14:56:54.074450
10,16,15,repl,1,True,15,0.1814,1,2026-08-27T14:56:53.900371,2026-08-27T14:56:54.081798
10,16,12,repl,1,True,22,0.6347,7,2026-08-27T14:56:53.453757,2026-08-27T14:56:54.088461
10,16,8,repl,1,True,2,0.1618,100,2026-08-27T14:56:53.983207,2026-08-27T14:56:54.145060
10,16,0,repl,1,True,18,0.7599,100,2026-08-27T14:56:53.418768,2026-08-27T14:56:54.178732
10,16,3,repl,1,True,18,0.6821,100,2026-08-27T14:56:53.507658,2026-08-27T14:56:54.189813
10,16,7,repl,1,True,2,0.2924,100,2026-08-27T14:56:53.925555,2026-08-27T14:56:54.218024
10,16,12,repl,1,True,1,0.141,4,2026-08-27T14:56:54.088589,2026-08-27T14:56:54.229577
10,16,14,repl,1,True,12,0.3571,2,2026-08-27T14:56:53.882959,2026-08-27T14:56:54.240068
10,16,1,repl,1,True,20,0.3282,1804,2026-08-27T14:56:54.074609,2026-08-27T14:56:54.402885
10,16,3,repl,1,True,19,0.2384,1,2026-08-27T14:56:54.189952,2026-08-27T14:56:54.428342
10,16,5,repl,1,True,21,0.5647,100,2026-08-27T14:56:53.877409,2026-08-27T14:56:54.442179
10,16,11,repl,1,True,9,0.8006,175,2026-08-27T14:56:53.749970,2026-08-27T14:56:54.550642
10,16,0,repl,1,True,19,0.4071,1,2026-08-27T14:56:54.178820,2026-08-27T14:56:54.585902
10,16,12,repl,1,True,2,0.3993,100,2026-08-27T14:56:54.229718,2026-08-27T14:56:54.629092
10,16,4,repl,1,True,16,1.69,27840,2026-08-27T14:56:52.970860,2026-08-27T14:56:54.660892
10,16,8,repl,1,True,3,0.53,10,2026-08-27T14:56:54.145155,2026-08-27T14:56:54.675184
10,16,10,repl,1,True,9,0.8827,175,2026-08-27T14:56:53.806363,2026-08-27T14:56:54.689120
10,16,3,repl,1,True,20,0.2937,1804,2026-08-27T14:56:54.428470,2026-08-27T14:56:54.722247
10,16,9,repl,1,True,5,1.2735,5,2026-08-27T14:56:53.512383,2026-08-27T14:56:54.785923
10,16,14,repl,1,True,13,0.5619,45,2026-08-27T14:56:54.240211,2026-08-27T14:56:54.802758
10,16,13,repl,1,True,13,1.3413,45,2026-08-27T14:56:53.522799,2026-08-27T14:56:54.865135
10,16,7,repl,1,True,3,0.651,10,2026-08-27T14:56:54.218145,2026-08-27T14:56:54.869185
10,16,4,repl,1,True,17,0.2021,1,2026-08-27T14:56:54.669782,2026-08-27T14:56:54.871908
10,16,9,repl,1,True,6,0.0797,1,2026-08-27T14:56:54.802943,2026-08-27T14:56:54.882654
10,16,2,repl,1,True,16,0.8617,27840,2026-08-27T14:56:54.034896,2026-08-27T14:56:54.896658
10,16,0,repl,1,True,20,0.3218,1804,2026-08-27T14:56:54.585995,2026-08-27T14:56:54.907854
10,16,1,repl,1,True,21,0.5239,100,2026-08-27T14:56:54.403009,2026-08-27T14:56:54.926985
10,16,5,repl,1,True,22,0.4985,7,2026-08-27T14:56:54.442299,2026-08-27T14:56:54.940830
10,16,8,repl,1,True,4,0.3818,5,2026-08-27T14:56:54.675764,2026-08-27T14:56:55.057585
10,16,5,repl,1,True,1,0.1693,4,2026-08-27T14:56:54.940962,2026-08-27T14:56:55.110301
10,16,2,repl,1,True,17,0.2974,1,2026-08-27T14:56:54.901632,2026-08-27T14:56:55.199062
10,16,9,repl,1,True,7,0.3415,4,2026-08-27T14:56:54.883208,2026-08-27T14:56:55.224761
10,16,12,repl,1,True,3,0.6122,10,2026-08-27T14:56:54.630162,2026-08-27T14:56:55.242382
10,16,7,repl,1,True,4,0.4821,5,2026-08-27T14:56:54.869591,2026-08-27T14:56:55.351684
10,16,4,repl,1,True,18,0.4811,100,2026-08-27T14:56:54.875080,2026-08-27T14:56:55.356597
10,16,11,repl,1,True,10,0.8084,20,2026-08-27T14:56:54.550877,2026-08-27T14:56:55.359252
10,16,5,repl,1,True,2,0.3736,100,2026-08-27T14:56:55.110671,2026-08-27T14:56:55.484314
10,16,14,repl,1,True,14,0.6785,1,2026-08-27T14:56:54.812414,2026-08-27T14:56:55.490938
10,16,11,repl,1,True,11,0.1214,0,2026-08-27T14:56:55.369583,2026-08-27T14:56:55.491065
10,16,0,repl,1,True,21,0.6177,100,2026-08-27T14:56:54.907984,2026-08-27T14:56:55.525756
10,16,10,repl,1,True,10,0.8523,20,2026-08-27T14:56:54.689248,2026-08-27T14:56:55.541593
10,16,3,repl,1,True,21,0.8198,100,2026-08-27T14:56:54.724548,2026-08-27T14:56:55.544348
10,16,4,repl,1,True,19,0.2053,1,2026-08-27T14:56:55.361572,2026-08-27T14:56:55.566916
10,16,8,repl,1,True,5,0.5366,5,2026-08-27T14:56:55.057710,2026-08-27T14:56:55.594370
10,16,8,repl,1,True,6,0.0319,1,2026-08-27T14:56:55.594465,2026-08-27T14:56:55.626397
10,16,7,repl,1,True,5,0.2747,5,2026-08-27T14:56:55.351839,2026-08-27T14:56:55.626501
10,16,2,repl,1,True,18,0.433,100,2026-08-27T14:56:55.199158,2026-08-27T14:56:55.632153
10,16,7,repl,1,True,6,0.0272,1,2026-08-27T14:56:55.632315,2026-08-27T14:56:55.659521
10,16,1,repl,1,True,22,0.7597,7,2026-08-27T14:56:54.931656,2026-08-27T14:56:55.691439
10,16,12,repl,1,True,4,0.4379,5,2026-08-27T14:56:55.265595,2026-08-27T14:56:55.703549
10,16,2,repl,1,True,19,0.1239,1,2026-08-27T14:56:55.632439,2026-08-27T14:56:55.756337
10,16,9,repl,1,True,8,0.548,2,2026-08-27T14:56:55.242508,2026-08-27T14:56:55.790573
10,16,0,repl,1,True,22,0.2779,7,2026-08-27T14:56:55.525893,2026-08-27T14:56:55.803778
10,16,1,repl,1,True,1,0.1451,4,2026-08-27T14:56:55.691565,2026-08-27T14:56:55.836674
10,16,4,repl,1,True,20,0.2732,1804,2026-08-27T14:56:55.567013,2026-08-27T14:56:55.840197
10,16,5,repl,1,True,3,0.3628,10,2026-08-27T14:56:55.485795,2026-08-27T14:56:55.848649
10,16,8,repl,1,True,7,0.2635,4,2026-08-27T14:56:55.626547,2026-08-27T14:56:55.890048
10,16,3,repl,1,True,22,0.3793,7,2026-08-27T14:56:55.544444,2026-08-27T14:56:55.923819
10,16,7,repl,1,True,7,0.2859,4,2026-08-27T14:56:55.669593,2026-08-27T14:56:55.955541
10,16,2,repl,1,True,20,0.2203,1804,2026-08-27T14:56:55.756444,2026-08-27T14:56:55.976769
10,16,3,repl,1,True,1,0.0831,4,2026-08-27T14:56:55.924173,2026-08-27T14:56:56.007274
10,16,3,repl,1,True,2,0.219,100,2026-08-27T14:56:56.007383,2026-08-27T14:56:56.226432
10,16,9,repl,1,True,9,0.4404,175,2026-08-27T14:56:55.790680,2026-08-27T14:56:56.231059
10,16,12,repl,1,True,5,0.5476,5,2026-08-27T14:56:55.703649,2026-08-27T14:56:56.251235
10,16,12,repl,1,True,6,0.0251,1,2026-08-27T14:56:56.251340,2026-08-27T14:56:56.276417
10,16,5,repl,1,True,4,0.4514,5,2026-08-27T14:56:55.849079,2026-08-27T14:56:56.300506
10,16,4,repl,1,True,21,0.4821,100,2026-08-27T14:56:55.840969,2026-08-27T14:56:56.323116
10,16,8,repl,1,True,8,0.4544,2,2026-08-27T14:56:55.890191,2026-08-27T14:56:56.344574
10,16,2,repl,1,True,21,0.3825,100,2026-08-27T14:56:55.976879,2026-08-27T14:56:56.359378
10,16,3,repl,1,True,3,0.2242,10,2026-08-27T14:56:56.226498,2026-08-27T14:56:56.450697
10,16,12,repl,1,True,7,0.1908,4,2026-08-27T14:56:56.276502,2026-08-27T14:56:56.467346
10,16,4,repl,1,True,22,0.1996,7,2026-08-27T14:56:56.323232,2026-08-27T14:56:56.522848
10,16,5,repl,1,True,5,0.2386,5,2026-08-27T14:56:56.300579,2026-08-27T14:56:56.539228
10,16,2,repl,1,True,22,0.1854,7,2026-08-27T14:56:56.359517,2026-08-27T14:56:56.544921
10,16,4,repl,1,True,1,0.0561,4,2026-08-27T14:56:56.522942,2026-08-27T14:56:56.579082
10,16,2,repl,1,True,1,0.062,4,2026-08-27T14:56:56.545028,2026-08-27T14:56:56.607035
10,16,4,repl,1,True,2,0.0741,100,2026-08-27T14:56:56.579187,2026-08-27T14:56:56.653284
10,16,2,repl,1,True,2,0.0587,100,2026-08-27T14:56:56.607167,2026-08-27T14:56:56.665880
10,16,6,repl,1,True,18,5.6761,100,2026-08-27T14:56:51.028090,2026-08-27T14:56:56.704214
10,16,12,repl,1,True,8,0.2405,2,2026-08-27T14:56:56.467426,2026-08-27T14:56:56.707992
10,16,6,repl,1,True,19,0.0817,1,2026-08-27T14:56:56.704336,2026-08-27T14:56:56.786081
10,16,4,repl,1,True,3,0.1756,10,2026-08-27T14:56:56.653352,2026-08-27T14:56:56.828956
10,16,6,repl,1,True,20,0.1412,1804,2026-08-27T14:56:56.786199,2026-08-27T14:56:56.927404
10,16,12,repl,1,True,9,0.292,175,2026-08-27T14:56:56.708078,2026-08-27T14:56:57.000142
10,16,4,repl,1,True,4,0.2877,5,2026-08-27T14:56:56.829031,2026-08-27T14:56:57.116758
10,16,6,repl,1,True,21,0.2273,100,2026-08-27T14:56:56.927568,2026-08-27T14:56:57.154911
10,16,12,repl,1,True,10,0.3243,20,2026-08-27T14:56:57.000257,2026-08-27T14:56:57.324580
10,16,6,repl,1,True,22,0.1837,7,2026-08-27T14:56:57.155017,2026-08-27T14:56:57.338770
10,16,6,repl,1,True,1,0.0438,4,2026-08-27T14:56:57.338849,2026-08-27T14:56:57.382657
10,16,12,repl,1,True,11,0.0612,0,2026-08-27T14:56:57.324655,2026-08-27T14:56:57.385868
10,16,6,repl,1,True,2,0.0713,100,2026-08-27T14:56:57.382736,2026-08-27T14:56:57.454039
10,16,12,repl,1,True,12,0.1263,2,2026-08-27T14:56:57.385959,2026-08-27T14:56:57.512255
10,16,6,repl,1,True,3,0.1479,10,2026-08-27T14:56:57.454114,2026-08-27T14:56:57.602059
10,16,6,repl,1,True,4,0.1456,5,2026-08-27T14:56:57.602130,2026-08-27T14:56:57.747708
10,16,6,repl,1,True,5,0.1573,5,2026-08-27T14:56:57.747787,2026-08-27T14:56:57.905095
10,16,6,repl,1,True,6,0.0184,1,2026-08-27T14:56:57.905172,2026-08-27T14:56:57.923600
10,16,5,repl,2,False,6,0.0371,1,2026-08-27T14:56:57.961644,2026-08-27T14:56:57.998739
10,16,0,repl,2,False,1,0.1329,4,2026-08-27T14:56:57.927517,2026-08-27T14:56:58.060448
10,16,1,repl,2,False,2,0.1299,100,2026-08-27T14:56:57.930736,2026-08-27T14:56:58.060630
10,16,10,repl,2,False,11,0.2391,0,2026-08-27T14:56:58.007237,2026-08-27T14:56:58.246363
10,16,13,repl,2,False,14,0.2334,1,2026-08-27T14:56:58.049188,2026-08-27T14:56:58.282625
10,16,4,repl,2,False,5,0.3893,5,2026-08-27T14:56:57.945454,2026-08-27T14:56:58.334830
10,16,2,repl,2,False,3,0.4114,10,2026-08-27T14:56:57.934406,2026-08-27T14:56:58.345839
10,16,3,repl,2,False,4,0.4511,5,2026-08-27T14:56:57.942478,2026-08-27T14:56:58.394524
10,16,13,repl,2,False,15,0.1491,1,2026-08-27T14:56:58.282735,2026-08-27T14:56:58.431898
10,16,11,repl,2,False,12,0.4304,2,2026-08-27T14:56:58.009645,2026-08-27T14:56:58.440058
10,16,14,repl,2,False,15,0.3941,1,2026-08-27T14:56:58.052145,2026-08-27T14:56:58.446441
10,16,4,repl,2,False,6,0.1116,1,2026-08-27T14:56:58.334932,2026-08-27T14:56:58.446561
10,16,6,repl,2,False,7,0.5423,4,2026-08-27T14:56:57.967967,2026-08-27T14:56:58.510874
10,16,15,repl,2,False,16,0.4922,27840,2026-08-27T14:56:58.057437,2026-08-27T14:56:58.549671
10,16,10,repl,2,False,12,0.3034,2,2026-08-27T14:56:58.246479,2026-08-27T14:56:58.549860
10,16,5,repl,2,False,7,0.559,4,2026-08-27T14:56:57.998918,2026-08-27T14:56:58.557974
10,16,0,repl,2,False,2,0.546,100,2026-08-27T14:56:58.060983,2026-08-27T14:56:58.607066
10,16,7,repl,2,False,8,0.6755,2,2026-08-27T14:56:57.977481,2026-08-27T14:56:58.653071
10,16,2,repl,2,False,4,0.3391,5,2026-08-27T14:56:58.349652,2026-08-27T14:56:58.688833
10,16,3,repl,2,False,5,0.4084,5,2026-08-27T14:56:58.411261,2026-08-27T14:56:58.820749
10,16,8,repl,2,False,9,0.8522,175,2026-08-27T14:56:57.981340,2026-08-27T14:56:58.833603
10,16,13,repl,2,False,16,0.4742,27840,2026-08-27T14:56:58.431979,2026-08-27T14:56:58.906354
10,16,3,repl,2,False,6,0.0796,1,2026-08-27T14:56:58.830911,2026-08-27T14:56:58.910861
10,16,4,repl,2,False,7,0.4446,4,2026-08-27T14:56:58.487215,2026-08-27T14:56:58.931897
10,16,9,repl,2,False,10,0.9843,20,2026-08-27T14:56:57.989865,2026-08-27T14:56:58.974246
10,16,12,repl,2,False,13,0.9829,45,2026-08-27T14:56:58.029870,2026-08-27T14:56:59.012800
10,16,11,repl,2,False,13,0.5805,45,2026-08-27T14:56:58.440164,2026-08-27T14:56:59.020659
10,16,15,repl,2,False,17,0.4631,1,2026-08-27T14:56:58.557712,2026-08-27T14:56:59.020815
10,16,0,repl,2,False,3,0.4378,10,2026-08-27T14:56:58.612109,2026-08-27T14:56:59.049932
10,16,6,repl,2,False,8,0.5519,2,2026-08-27T14:56:58.525532,2026-08-27T14:56:59.077759
10,16,13,repl,2,False,17,0.2156,1,2026-08-27T14:56:58.906515,2026-08-27T14:56:59.122151
10,16,9,repl,2,False,11,0.2564,0,2026-08-27T14:56:58.974379,2026-08-27T14:56:59.230775
10,16,1,repl,2,False,3,1.1659,10,2026-08-27T14:56:58.073166,2026-08-27T14:56:59.239149
10,16,12,repl,2,False,14,0.4008,1,2026-08-27T14:56:59.012914,2026-08-27T14:56:59.413758
10,16,3,repl,2,False,7,0.5082,4,2026-08-27T14:56:58.910943,2026-08-27T14:56:59.419193
10,16,7,repl,2,False,9,0.7725,175,2026-08-27T14:56:58.653185,2026-08-27T14:56:59.425734
10,16,14,repl,2,False,16,0.9706,27840,2026-08-27T14:56:58.473758,2026-08-27T14:56:59.444365
10,16,0,repl,2,False,4,0.4158,5,2026-08-27T14:56:59.050026,2026-08-27T14:56:59.465816
10,16,10,repl,2,False,13,0.9125,45,2026-08-27T14:56:58.569610,2026-08-27T14:56:59.482144
10,16,11,repl,2,False,14,0.4896,1,2026-08-27T14:56:59.021080,2026-08-27T14:56:59.510754
10,16,12,repl,2,False,15,0.1877,1,2026-08-27T14:56:59.413882,2026-08-27T14:56:59.601662
10,16,13,repl,2,False,18,0.5511,100,2026-08-27T14:56:59.122265,2026-08-27T14:56:59.673393
10,16,4,repl,2,False,8,0.7547,2,2026-08-27T14:56:58.932012,2026-08-27T14:56:59.686695
10,16,14,repl,2,False,17,0.2938,1,2026-08-27T14:56:59.449606,2026-08-27T14:56:59.743410
10,16,11,repl,2,False,15,0.2387,1,2026-08-27T14:56:59.510891,2026-08-27T14:56:59.749577
10,16,1,repl,2,False,4,0.5315,5,2026-08-27T14:56:59.239245,2026-08-27T14:56:59.770750
10,16,5,repl,2,False,8,1.2153,2,2026-08-27T14:56:58.558081,2026-08-27T14:56:59.773363
10,16,6,repl,2,False,9,0.7049,175,2026-08-27T14:56:59.077891,2026-08-27T14:56:59.782836
10,16,8,repl,2,False,10,0.9738,20,2026-08-27T14:56:58.837239,2026-08-27T14:56:59.811333
10,16,13,repl,2,False,19,0.1696,1,2026-08-27T14:56:59.677701,2026-08-27T14:56:59.847314
10,16,10,repl,2,False,14,0.3771,1,2026-08-27T14:56:59.482264,2026-08-27T14:56:59.859425
10,16,10,repl,2,False,15,0.1072,1,2026-08-27T14:56:59.859535,2026-08-27T14:56:59.966796
10,16,3,repl,2,False,8,0.561,2,2026-08-27T14:56:59.419313,2026-08-27T14:56:59.980388
10,16,15,repl,2,False,18,0.9666,100,2026-08-27T14:56:59.023687,2026-08-27T14:56:59.990336
10,16,9,repl,2,False,12,0.8025,2,2026-08-27T14:56:59.230954,2026-08-27T14:57:00.034998
10,16,8,repl,2,False,11,0.269,0,2026-08-27T14:56:59.811419,2026-08-27T14:57:00.081255
10,16,12,repl,2,False,16,0.5689,27840,2026-08-27T14:56:59.601774,2026-08-27T14:57:00.172634
10,16,2,repl,2,False,5,1.5227,5,2026-08-27T14:56:58.688951,2026-08-27T14:57:00.211666
10,16,4,repl,2,False,9,0.5319,175,2026-08-27T14:56:59.686847,2026-08-27T14:57:00.218759
10,16,0,repl,2,False,5,0.7815,5,2026-08-27T14:56:59.465963,2026-08-27T14:57:00.247518
10,16,7,repl,2,False,10,0.826,20,2026-08-27T14:56:59.425853,2026-08-27T14:57:00.251901
10,16,1,repl,2,False,5,0.4909,5,2026-08-27T14:56:59.773639,2026-08-27T14:57:00.264582
10,16,2,repl,2,False,6,0.0818,1,2026-08-27T14:57:00.211757,2026-08-27T14:57:00.293624
10,16,0,repl,2,False,6,0.1307,1,2026-08-27T14:57:00.247634,2026-08-27T14:57:00.378337
10,16,11,repl,2,False,16,0.7135,27840,2026-08-27T14:56:59.749703,2026-08-27T14:57:00.463209
10,16,14,repl,2,False,18,0.7301,100,2026-08-27T14:56:59.743535,2026-08-27T14:57:00.473657
10,16,1,repl,2,False,6,0.2163,1,2026-08-27T14:57:00.273451,2026-08-27T14:57:00.489826
10,16,7,repl,2,False,11,0.2501,0,2026-08-27T14:57:00.251992,2026-08-27T14:57:00.502948
10,16,12,repl,2,False,17,0.3785,1,2026-08-27T14:57:00.172785,2026-08-27T14:57:00.551537
10,16,3,repl,2,False,9,0.7043,175,2026-08-27T14:56:59.980530,2026-08-27T14:57:00.684822
10,16,10,repl,2,False,16,0.7223,27840,2026-08-27T14:56:59.966918,2026-08-27T14:57:00.689274
10,16,13,repl,2,False,20,0.8565,1804,2026-08-27T14:56:59.847441,2026-08-27T14:57:00.704009
10,16,14,repl,2,False,19,0.2326,1,2026-08-27T14:57:00.473775,2026-08-27T14:57:00.706375
10,16,2,repl,2,False,7,0.4437,4,2026-08-27T14:57:00.293873,2026-08-27T14:57:00.737624
10,16,15,repl,2,False,19,0.8053,1,2026-08-27T14:56:59.990660,2026-08-27T14:57:00.796013
10,16,5,repl,2,False,9,1.0787,175,2026-08-27T14:56:59.782974,2026-08-27T14:57:00.861713
10,16,6,repl,2,False,10,1.1045,20,2026-08-27T14:56:59.789871,2026-08-27T14:57:00.894428
10,16,1,repl,2,False,7,0.3917,4,2026-08-27T14:57:00.513730,2026-08-27T14:57:00.905438
10,16,11,repl,2,False,17,0.4858,1,2026-08-27T14:57:00.469616,2026-08-27T14:57:00.955439
10,16,10,repl,2,False,17,0.2654,1,2026-08-27T14:57:00.698600,2026-08-27T14:57:00.964079
10,16,0,repl,2,False,7,0.5862,4,2026-08-27T14:57:00.382182,2026-08-27T14:57:00.968608
10,16,6,repl,2,False,11,0.0895,0,2026-08-27T14:57:00.897561,2026-08-27T14:57:00.987049
10,16,7,repl,2,False,12,0.5005,2,2026-08-27T14:57:00.533852,2026-08-27T14:57:01.034437
10,16,14,repl,2,False,20,0.5345,1804,2026-08-27T14:57:00.709642,2026-08-27T14:57:01.244231
10,16,13,repl,2,False,21,0.6758,100,2026-08-27T14:57:00.704113,2026-08-27T14:57:01.379898
10,16,12,repl,2,False,18,0.89,100,2026-08-27T14:57:00.551627,2026-08-27T14:57:01.441673
10,16,8,repl,2,False,12,1.3832,2,2026-08-27T14:57:00.081395,2026-08-27T14:57:01.464625
10,16,11,repl,2,False,18,0.5335,100,2026-08-27T14:57:00.957872,2026-08-27T14:57:01.491425
10,16,15,repl,2,False,20,0.7338,1804,2026-08-27T14:57:00.796133,2026-08-27T14:57:01.529972
10,16,6,repl,2,False,12,0.5513,2,2026-08-27T14:57:00.987137,2026-08-27T14:57:01.538495
10,16,9,repl,2,False,13,1.5252,45,2026-08-27T14:57:00.035110,2026-08-27T14:57:01.560344
10,16,10,repl,2,False,18,0.6081,100,2026-08-27T14:57:00.964241,2026-08-27T14:57:01.572323
10,16,3,repl,2,False,10,0.8965,20,2026-08-27T14:57:00.689545,2026-08-27T14:57:01.586103
10,16,11,repl,2,False,19,0.1767,1,2026-08-27T14:57:01.491539,2026-08-27T14:57:01.668225
10,16,13,repl,2,False,22,0.2998,7,2026-08-27T14:57:01.380009,2026-08-27T14:57:01.679806
10,16,3,repl,2,False,11,0.1244,0,2026-08-27T14:57:01.586201,2026-08-27T14:57:01.710632
10,16,2,repl,2,False,8,0.984,2,2026-08-27T14:57:00.737741,2026-08-27T14:57:01.721747
10,16,0,repl,2,False,8,0.7695,2,2026-08-27T14:57:00.968766,2026-08-27T14:57:01.738295
10,16,9,repl,2,False,14,0.2123,1,2026-08-27T14:57:01.560468,2026-08-27T14:57:01.772791
10,16,14,repl,2,False,21,0.536,100,2026-08-27T14:57:01.249627,2026-08-27T14:57:01.785701
10,16,13,repl,2,False,1,0.1155,4,2026-08-27T14:57:01.679901,2026-08-27T14:57:01.795422
10,16,7,repl,2,False,13,0.8874,45,2026-08-27T14:57:01.034521,2026-08-27T14:57:01.921912
10,16,11,repl,2,False,20,0.2569,1804,2026-08-27T14:57:01.668340,2026-08-27T14:57:01.925224
10,16,9,repl,2,False,15,0.1524,1,2026-08-27T14:57:01.772903,2026-08-27T14:57:01.925369
10,16,5,repl,2,False,10,1.0924,20,2026-08-27T14:57:00.861855,2026-08-27T14:57:01.954263
10,16,1,repl,2,False,8,1.062,2,2026-08-27T14:57:00.905602,2026-08-27T14:57:01.967606
10,16,13,repl,2,False,2,0.2504,100,2026-08-27T14:57:01.797583,2026-08-27T14:57:02.047993
10,16,7,repl,2,False,14,0.1423,1,2026-08-27T14:57:01.922028,2026-08-27T14:57:02.064328
10,16,12,repl,2,False,19,0.6305,1,2026-08-27T14:57:01.441784,2026-08-27T14:57:02.072272
10,16,5,repl,2,False,11,0.1358,0,2026-08-27T14:57:01.954944,2026-08-27T14:57:02.090756
10,16,3,repl,2,False,12,0.4124,2,2026-08-27T14:57:01.710748,2026-08-27T14:57:02.123169
10,16,7,repl,2,False,15,0.1511,1,2026-08-27T14:57:02.064466,2026-08-27T14:57:02.215623
10,16,15,repl,2,False,21,0.6857,100,2026-08-27T14:57:01.530070,2026-08-27T14:57:02.215795
10,16,14,repl,2,False,22,0.456,7,2026-08-27T14:57:01.785820,2026-08-27T14:57:02.241860
10,16,13,repl,2,False,3,0.3663,10,2026-08-27T14:57:02.048120,2026-08-27T14:57:02.414406
10,16,9,repl,2,False,16,0.5062,27840,2026-08-27T14:57:01.935631,2026-08-27T14:57:02.441854
10,16,14,repl,2,False,1,0.2001,4,2026-08-27T14:57:02.241974,2026-08-27T14:57:02.442088
10,16,8,repl,2,False,13,0.9853,45,2026-08-27T14:57:01.464756,2026-08-27T14:57:02.450123
10,16,2,repl,2,False,9,0.7756,175,2026-08-27T14:57:01.721857,2026-08-27T14:57:02.497466
10,16,10,repl,2,False,19,0.9567,1,2026-08-27T14:57:01.573753,2026-08-27T14:57:02.530466
10,16,15,repl,2,False,22,0.4883,7,2026-08-27T14:57:02.221602,2026-08-27T14:57:02.710003
10,16,9,repl,2,False,17,0.2568,1,2026-08-27T14:57:02.453551,2026-08-27T14:57:02.710384
10,16,8,repl,2,False,14,0.2591,1,2026-08-27T14:57:02.455266,2026-08-27T14:57:02.714428
10,16,6,repl,2,False,13,1.1775,45,2026-08-27T14:57:01.538614,2026-08-27T14:57:02.716093
10,16,11,repl,2,False,21,0.8188,100,2026-08-27T14:57:01.925613,2026-08-27T14:57:02.745655
10,16,0,repl,2,False,9,1.0074,175,2026-08-27T14:57:01.738417,2026-08-27T14:57:02.745853
10,16,12,repl,2,False,20,0.671,1804,2026-08-27T14:57:02.076614,2026-08-27T14:57:02.747880
10,16,7,repl,2,False,16,0.5672,27840,2026-08-27T14:57:02.215928,2026-08-27T14:57:02.783163
10,16,13,repl,2,False,4,0.3696,5,2026-08-27T14:57:02.419592,2026-08-27T14:57:02.789641
10,16,14,repl,2,False,2,0.3238,100,2026-08-27T14:57:02.466218,2026-08-27T14:57:02.790033
10,16,3,repl,2,False,13,0.6845,45,2026-08-27T14:57:02.125279,2026-08-27T14:57:02.809830
10,16,5,repl,2,False,12,0.7255,2,2026-08-27T14:57:02.093811,2026-08-27T14:57:02.819346
10,16,4,repl,2,False,10,2.6302,20,2026-08-27T14:57:00.218921,2026-08-27T14:57:02.849185
10,16,15,repl,2,False,1,0.1931,4,2026-08-27T14:57:02.720492,2026-08-27T14:57:02.913639
10,16,8,repl,2,False,15,0.1767,1,2026-08-27T14:57:02.747972,2026-08-27T14:57:02.924719
10,16,7,repl,2,False,17,0.2339,1,2026-08-27T14:57:02.873607,2026-08-27T14:57:03.107500
10,16,1,repl,2,False,9,1.162,175,2026-08-27T14:57:01.967706,2026-08-27T14:57:03.129714
10,16,15,repl,2,False,2,0.2315,100,2026-08-27T14:57:02.913769,2026-08-27T14:57:03.145291
10,16,6,repl,2,False,14,0.4961,1,2026-08-27T14:57:02.829745,2026-08-27T14:57:03.325849
10,16,10,repl,2,False,20,0.8055,1804,2026-08-27T14:57:02.530578,2026-08-27T14:57:03.336062
10,16,4,repl,2,False,11,0.5085,0,2026-08-27T14:57:02.862728,2026-08-27T14:57:03.371263
10,16,11,repl,2,False,22,0.638,7,2026-08-27T14:57:02.753527,2026-08-27T14:57:03.391552
10,16,13,repl,2,False,5,0.5898,5,2026-08-27T14:57:02.810193,2026-08-27T14:57:03.399995
10,16,6,repl,2,False,15,0.172,1,2026-08-27T14:57:03.329591,2026-08-27T14:57:03.501688
10,16,11,repl,2,False,1,0.1199,4,2026-08-27T14:57:03.393681,2026-08-27T14:57:03.513655
10,16,0,repl,2,False,10,0.7529,20,2026-08-27T14:57:02.765662,2026-08-27T14:57:03.518592
10,16,9,repl,2,False,18,0.7187,100,2026-08-27T14:57:02.800144,2026-08-27T14:57:03.518905
10,16,2,repl,2,False,10,1.0805,20,2026-08-27T14:57:02.501646,2026-08-27T14:57:03.582172
10,16,12,repl,2,False,21,0.8102,100,2026-08-27T14:57:02.779470,2026-08-27T14:57:03.589755
10,16,7,repl,2,False,18,0.5394,100,2026-08-27T14:57:03.107595,2026-08-27T14:57:03.647053
10,16,3,repl,2,False,14,0.8275,1,2026-08-27T14:57:02.834903,2026-08-27T14:57:03.662406
10,16,15,repl,2,False,3,0.526,10,2026-08-27T14:57:03.145417,2026-08-27T14:57:03.671479
10,16,5,repl,2,False,13,0.8358,45,2026-08-27T14:57:02.845767,2026-08-27T14:57:03.681657
10,16,0,repl,2,False,11,0.1486,0,2026-08-27T14:57:03.542041,2026-08-27T14:57:03.690648
10,16,9,repl,2,False,19,0.1478,1,2026-08-27T14:57:03.553718,2026-08-27T14:57:03.701555
10,16,14,repl,2,False,3,0.8589,10,2026-08-27T14:57:02.852364,2026-08-27T14:57:03.711266
10,16,13,repl,2,False,6,0.3285,1,2026-08-27T14:57:03.400101,2026-08-27T14:57:03.728655
10,16,11,repl,2,False,2,0.2352,100,2026-08-27T14:57:03.518783,2026-08-27T14:57:03.753967
10,16,2,repl,2,False,11,0.1661,0,2026-08-27T14:57:03.589607,2026-08-27T14:57:03.755756
10,16,3,repl,2,False,15,0.1313,1,2026-08-27T14:57:03.662495,2026-08-27T14:57:03.793807
10,16,7,repl,2,False,19,0.2061,1,2026-08-27T14:57:03.647180,2026-08-27T14:57:03.853340
10,16,5,repl,2,False,14,0.1964,1,2026-08-27T14:57:03.681770,2026-08-27T14:57:03.878502
10,16,4,repl,2,False,12,0.5839,2,2026-08-27T14:57:03.371357,2026-08-27T14:57:03.956739
10,16,6,repl,2,False,16,0.4827,27840,2026-08-27T14:57:03.501810,2026-08-27T14:57:03.984555
10,16,0,repl,2,False,12,0.3024,2,2026-08-27T14:57:03.690769,2026-08-27T14:57:03.993243
10,16,10,repl,2,False,21,0.6781,100,2026-08-27T14:57:03.341615,2026-08-27T14:57:04.019766
10,16,5,repl,2,False,15,0.1654,1,2026-08-27T14:57:03.878625,2026-08-27T14:57:04.044082
10,16,15,repl,2,False,4,0.4176,5,2026-08-27T14:57:03.671577,2026-08-27T14:57:04.090720
10,16,12,repl,2,False,22,0.5277,7,2026-08-27T14:57:03.589866,2026-08-27T14:57:04.118229
10,16,9,repl,2,False,20,0.5457,1804,2026-08-27T14:57:03.701676,2026-08-27T14:57:04.251767
10,16,8,repl,2,False,16,1.3659,27840,2026-08-27T14:57:02.924853,2026-08-27T14:57:04.290751
10,16,7,repl,2,False,20,0.4519,1804,2026-08-27T14:57:03.853487,2026-08-27T14:57:04.309460
10,16,6,repl,2,False,17,0.3413,1,2026-08-27T14:57:03.989139,2026-08-27T14:57:04.330461
10,16,12,repl,2,False,1,0.2006,4,2026-08-27T14:57:04.129736,2026-08-27T14:57:04.330663
10,16,3,repl,2,False,16,0.5618,27840,2026-08-27T14:57:03.801594,2026-08-27T14:57:04.363517
10,16,13,repl,2,False,7,0.635,4,2026-08-27T14:57:03.728773,2026-08-27T14:57:04.363834
10,16,2,repl,2,False,12,0.6201,2,2026-08-27T14:57:03.760428,2026-08-27T14:57:04.380580
10,16,14,repl,2,False,4,0.6901,5,2026-08-27T14:57:03.711418,2026-08-27T14:57:04.401576
10,16,1,repl,2,False,10,1.2758,20,2026-08-27T14:57:03.129839,2026-08-27T14:57:04.405655
10,16,11,repl,2,False,3,0.6696,10,2026-08-27T14:57:03.756324,2026-08-27T14:57:04.425985
10,16,10,repl,2,False,22,0.418,7,2026-08-27T14:57:04.019872,2026-08-27T14:57:04.437946
10,16,8,repl,2,False,17,0.2394,1,2026-08-27T14:57:04.290880,2026-08-27T14:57:04.530358
10,16,0,repl,2,False,13,0.5472,45,2026-08-27T14:57:03.994546,2026-08-27T14:57:04.542618
10,16,12,repl,2,False,2,0.2332,100,2026-08-27T14:57:04.364155,2026-08-27T14:57:04.597430
10,16,1,repl,2,False,11,0.2405,0,2026-08-27T14:57:04.409798,2026-08-27T14:57:04.650317
10,16,5,repl,2,False,16,0.6211,27840,2026-08-27T14:57:04.044183,2026-08-27T14:57:04.665293
10,16,3,repl,2,False,17,0.3065,1,2026-08-27T14:57:04.377607,2026-08-27T14:57:04.684145
10,16,15,repl,2,False,5,0.6076,5,2026-08-27T14:57:04.090863,2026-08-27T14:57:04.698467
10,16,0,repl,2,False,14,0.2006,1,2026-08-27T14:57:04.542751,2026-08-27T14:57:04.743401
10,16,9,repl,2,False,21,0.4978,100,2026-08-27T14:57:04.255331,2026-08-27T14:57:04.753163
10,16,15,repl,2,False,6,0.088,1,2026-08-27T14:57:04.698572,2026-08-27T14:57:04.786606
10,16,14,repl,2,False,5,0.45,5,2026-08-27T14:57:04.418175,2026-08-27T14:57:04.868228
10,16,0,repl,2,False,15,0.134,1,2026-08-27T14:57:04.743526,2026-08-27T14:57:04.877573
10,16,7,repl,2,False,21,0.5867,100,2026-08-27T14:57:04.312382,2026-08-27T14:57:04.899131
10,16,14,repl,2,False,6,0.0936,1,2026-08-27T14:57:04.868333,2026-08-27T14:57:04.961999
10,16,5,repl,2,False,17,0.3708,1,2026-08-27T14:57:04.665415,2026-08-27T14:57:05.036214
10,16,12,repl,2,False,3,0.4986,10,2026-08-27T14:57:04.597651,2026-08-27T14:57:05.096243
10,16,9,repl,2,False,22,0.5372,7,2026-08-27T14:57:04.753571,2026-08-27T14:57:05.290811
10,16,1,repl,2,False,12,0.6769,2,2026-08-27T14:57:04.650446,2026-08-27T14:57:05.327416
10,16,3,repl,2,False,18,0.6654,100,2026-08-27T14:57:04.684237,2026-08-27T14:57:05.349712
10,16,6,repl,2,False,18,0.9805,100,2026-08-27T14:57:04.380764,2026-08-27T14:57:05.361334
10,16,15,repl,2,False,7,0.5893,4,2026-08-27T14:57:04.786720,2026-08-27T14:57:05.376042
10,16,7,repl,2,False,22,0.4727,7,2026-08-27T14:57:04.905620,2026-08-27T14:57:05.378327
10,16,8,repl,2,False,18,0.8595,100,2026-08-27T14:57:04.530484,2026-08-27T14:57:05.390054
10,16,0,repl,2,False,16,0.5165,27840,2026-08-27T14:57:04.877687,2026-08-27T14:57:05.394245
10,16,10,repl,2,False,1,0.9564,4,2026-08-27T14:57:04.438060,2026-08-27T14:57:05.394488
10,16,14,repl,2,False,7,0.4566,4,2026-08-27T14:57:04.962143,2026-08-27T14:57:05.418736
10,16,9,repl,2,False,1,0.1839,4,2026-08-27T14:57:05.290904,2026-08-27T14:57:05.474789
10,16,4,repl,2,False,13,1.5327,45,2026-08-27T14:57:03.956844,2026-08-27T14:57:05.489617
10,16,12,repl,2,False,4,0.4396,5,2026-08-27T14:57:05.096347,2026-08-27T14:57:05.535981
10,16,5,repl,2,False,18,0.5225,100,2026-08-27T14:57:05.036327,2026-08-27T14:57:05.558846
10,16,3,repl,2,False,19,0.2007,1,2026-08-27T14:57:05.379764,2026-08-27T14:57:05.580513
10,16,6,repl,2,False,19,0.2265,1,2026-08-27T14:57:05.365019,2026-08-27T14:57:05.591780
10,16,8,repl,2,False,19,0.2066,1,2026-08-27T14:57:05.403139,2026-08-27T14:57:05.609779
10,16,7,repl,2,False,1,0.2118,4,2026-08-27T14:57:05.449641,2026-08-27T14:57:05.661525
10,16,9,repl,2,False,2,0.2069,100,2026-08-27T14:57:05.475065,2026-08-27T14:57:05.681987
10,16,10,repl,2,False,2,0.2758,100,2026-08-27T14:57:05.419235,2026-08-27T14:57:05.695085
10,16,11,repl,2,False,4,1.269,5,2026-08-27T14:57:04.426159,2026-08-27T14:57:05.695228
10,16,5,repl,2,False,19,0.1827,1,2026-08-27T14:57:05.558960,2026-08-27T14:57:05.741677
10,16,13,repl,2,False,8,1.3718,2,2026-08-27T14:57:04.391269,2026-08-27T14:57:05.763078
10,16,0,repl,2,False,17,0.3278,1,2026-08-27T14:57:05.449807,2026-08-27T14:57:05.777697
10,16,6,repl,2,False,20,0.2414,1804,2026-08-27T14:57:05.591900,2026-08-27T14:57:05.833324
10,16,3,repl,2,False,20,0.2692,1804,2026-08-27T14:57:05.580627,2026-08-27T14:57:05.849897
10,16,2,repl,2,False,13,1.4913,45,2026-08-27T14:57:04.401751,2026-08-27T14:57:05.893137
10,16,1,repl,2,False,13,0.5537,45,2026-08-27T14:57:05.350161,2026-08-27T14:57:05.903902
10,16,7,repl,2,False,2,0.2559,100,2026-08-27T14:57:05.661664,2026-08-27T14:57:05.917625
10,16,5,repl,2,False,20,0.2488,1804,2026-08-27T14:57:05.741787,2026-08-27T14:57:05.990619
10,16,14,repl,2,False,8,0.6711,2,2026-08-27T14:57:05.435818,2026-08-27T14:57:06.106971
10,16,12,repl,2,False,5,0.596,5,2026-08-27T14:57:05.536094,2026-08-27T14:57:06.132169
10,16,9,repl,2,False,3,0.457,10,2026-08-27T14:57:05.682098,2026-08-27T14:57:06.139132
10,16,2,repl,2,False,14,0.255,1,2026-08-27T14:57:05.893252,2026-08-27T14:57:06.148291
10,16,15,repl,2,False,8,0.8112,2,2026-08-27T14:57:05.394852,2026-08-27T14:57:06.206081
10,16,12,repl,2,False,6,0.0979,1,2026-08-27T14:57:06.132278,2026-08-27T14:57:06.230222
10,16,1,repl,2,False,14,0.3415,1,2026-08-27T14:57:05.904050,2026-08-27T14:57:06.245605
10,16,10,repl,2,False,3,0.5692,10,2026-08-27T14:57:05.701593,2026-08-27T14:57:06.270857
10,16,2,repl,2,False,15,0.1829,1,2026-08-27T14:57:06.148386,2026-08-27T14:57:06.331268
10,16,6,repl,2,False,21,0.5072,100,2026-08-27T14:57:05.833454,2026-08-27T14:57:06.340716
10,16,1,repl,2,False,15,0.135,1,2026-08-27T14:57:06.248447,2026-08-27T14:57:06.383517
10,16,0,repl,2,False,18,0.6874,100,2026-08-27T14:57:05.778305,2026-08-27T14:57:06.465692
10,16,4,repl,2,False,14,1.0065,1,2026-08-27T14:57:05.489726,2026-08-27T14:57:06.496255
10,16,3,repl,2,False,21,0.701,100,2026-08-27T14:57:05.850009,2026-08-27T14:57:06.551037
10,16,5,repl,2,False,21,0.5926,100,2026-08-27T14:57:05.990910,2026-08-27T14:57:06.583567
10,16,11,repl,2,False,5,0.9296,5,2026-08-27T14:57:05.712299,2026-08-27T14:57:06.641907
10,16,13,repl,2,False,9,0.978,175,2026-08-27T14:57:05.763310,2026-08-27T14:57:06.741383
10,16,12,repl,2,False,7,0.5128,4,2026-08-27T14:57:06.230360,2026-08-27T14:57:06.743172
10,16,0,repl,2,False,19,0.3233,1,2026-08-27T14:57:06.465779,2026-08-27T14:57:06.789068
10,16,6,repl,2,False,22,0.4601,7,2026-08-27T14:57:06.341698,2026-08-27T14:57:06.801845
10,16,9,repl,2,False,4,0.672,5,2026-08-27T14:57:06.139241,2026-08-27T14:57:06.811508
10,16,11,repl,2,False,6,0.1871,1,2026-08-27T14:57:06.642271,2026-08-27T14:57:06.829455
10,16,15,repl,2,False,9,0.6725,175,2026-08-27T14:57:06.206204,2026-08-27T14:57:06.878691
10,16,2,repl,2,False,16,0.5522,27840,2026-08-27T14:57:06.331360,2026-08-27T14:57:06.883547
10,16,10,repl,2,False,4,0.6423,5,2026-08-27T14:57:06.270989,2026-08-27T14:57:06.913888
10,16,6,repl,2,False,1,0.1334,4,2026-08-27T14:57:06.801956,2026-08-27T14:57:06.935431
10,16,3,repl,2,False,22,0.3931,7,2026-08-27T14:57:06.560688,2026-08-27T14:57:06.953808
10,16,7,repl,2,False,3,1.0711,10,2026-08-27T14:57:05.917736,2026-08-27T14:57:06.988862
10,16,1,repl,2,False,16,0.6319,27840,2026-08-27T14:57:06.383640,2026-08-27T14:57:07.015589
10,16,5,repl,2,False,22,0.4401,7,2026-08-27T14:57:06.583686,2026-08-27T14:57:07.023807
10,16,4,repl,2,False,15,0.5485,1,2026-08-27T14:57:06.496368,2026-08-27T14:57:07.044905
10,16,0,repl,2,False,20,0.265,1804,2026-08-27T14:57:06.789161,2026-08-27T14:57:07.054180
10,16,8,repl,2,False,20,1.46,1804,2026-08-27T14:57:05.609891,2026-08-27T14:57:07.069920
10,16,14,repl,2,False,9,0.9786,175,2026-08-27T14:57:06.107091,2026-08-27T14:57:07.085717
10,16,3,repl,2,False,1,0.1534,4,2026-08-27T14:57:06.953927,2026-08-27T14:57:07.107312
10,16,2,repl,2,False,17,0.2609,1,2026-08-27T14:57:06.897076,2026-08-27T14:57:07.157989
10,16,5,repl,2,False,1,0.1462,4,2026-08-27T14:57:07.028871,2026-08-27T14:57:07.175110
10,16,12,repl,2,False,8,0.4332,2,2026-08-27T14:57:06.764007,2026-08-27T14:57:07.197228
10,16,6,repl,2,False,2,0.2717,100,2026-08-27T14:57:06.935546,2026-08-27T14:57:07.207232
10,16,10,repl,2,False,5,0.4222,5,2026-08-27T14:57:06.917741,2026-08-27T14:57:07.340003
10,16,10,repl,2,False,6,0.034,1,2026-08-27T14:57:07.340134,2026-08-27T14:57:07.374151
10,16,1,repl,2,False,17,0.3785,1,2026-08-27T14:57:07.025542,2026-08-27T14:57:07.404051
10,16,13,repl,2,False,10,0.6824,20,2026-08-27T14:57:06.749667,2026-08-27T14:57:07.432122
10,16,5,repl,2,False,2,0.2907,100,2026-08-27T14:57:07.175214,2026-08-27T14:57:07.465990
10,16,7,repl,2,False,4,0.4884,5,2026-08-27T14:57:07.003767,2026-08-27T14:57:07.492682
10,16,9,repl,2,False,5,0.8062,5,2026-08-27T14:57:06.812225,2026-08-27T14:57:07.618512
10,16,13,repl,2,False,11,0.2586,0,2026-08-27T14:57:07.432253,2026-08-27T14:57:07.690858
10,16,2,repl,2,False,18,0.5634,100,2026-08-27T14:57:07.158088,2026-08-27T14:57:07.721468
10,16,9,repl,2,False,6,0.2154,1,2026-08-27T14:57:07.618639,2026-08-27T14:57:07.834024
10,16,15,repl,2,False,10,0.963,20,2026-08-27T14:57:06.883922,2026-08-27T14:57:07.846953
10,16,10,repl,2,False,7,0.4874,4,2026-08-27T14:57:07.374261,2026-08-27T14:57:07.861698
10,16,2,repl,2,False,19,0.1538,1,2026-08-27T14:57:07.721623,2026-08-27T14:57:07.875436
10,16,1,repl,2,False,18,0.4759,100,2026-08-27T14:57:07.404190,2026-08-27T14:57:07.880097
10,16,6,repl,2,False,3,0.696,10,2026-08-27T14:57:07.207299,2026-08-27T14:57:07.903331
10,16,12,repl,2,False,9,0.7163,175,2026-08-27T14:57:07.197307,2026-08-27T14:57:07.913649
10,16,5,repl,2,False,3,0.4937,10,2026-08-27T14:57:07.466104,2026-08-27T14:57:07.959853
10,16,3,repl,2,False,2,0.8526,100,2026-08-27T14:57:07.107417,2026-08-27T14:57:07.960036
10,16,11,repl,2,False,7,1.1577,4,2026-08-27T14:57:06.829725,2026-08-27T14:57:07.987436
10,16,15,repl,2,False,11,0.1601,0,2026-08-27T14:57:07.847068,2026-08-27T14:57:08.007171
10,16,8,repl,2,False,21,0.9684,100,2026-08-27T14:57:07.070068,2026-08-27T14:57:08.038488
10,16,13,repl,2,False,12,0.3786,2,2026-08-27T14:57:07.690984,2026-08-27T14:57:08.069586
10,16,9,repl,2,False,7,0.2881,4,2026-08-27T14:57:07.834135,2026-08-27T14:57:08.123997
10,16,7,repl,2,False,5,0.6614,5,2026-08-27T14:57:07.492836,2026-08-27T14:57:08.154739
10,16,2,repl,2,False,20,0.2944,1804,2026-08-27T14:57:07.875536,2026-08-27T14:57:08.170498
10,16,1,repl,2,False,19,0.3198,1,2026-08-27T14:57:07.880207,2026-08-27T14:57:08.200035
10,16,4,repl,2,False,16,1.213,27840,2026-08-27T14:57:07.045000,2026-08-27T14:57:08.261662
10,16,7,repl,2,False,6,0.0707,1,2026-08-27T14:57:08.195053,2026-08-27T14:57:08.266277
10,16,10,repl,2,False,8,0.4849,2,2026-08-27T14:57:07.864062,2026-08-27T14:57:08.349013
10,16,5,repl,2,False,4,0.4246,5,2026-08-27T14:57:07.961245,2026-08-27T14:57:08.385860
10,16,6,repl,2,False,4,0.535,5,2026-08-27T14:57:07.905274,2026-08-27T14:57:08.440326
10,16,15,repl,2,False,12,0.4608,2,2026-08-27T14:57:08.007293,2026-08-27T14:57:08.468154
10,16,8,repl,2,False,22,0.4447,7,2026-08-27T14:57:08.041551,2026-08-27T14:57:08.486286
10,16,4,repl,2,False,17,0.2326,1,2026-08-27T14:57:08.261785,2026-08-27T14:57:08.494435
10,16,3,repl,2,False,3,0.7358,10,2026-08-27T14:57:07.969793,2026-08-27T14:57:08.705644
10,16,8,repl,2,False,1,0.2483,4,2026-08-27T14:57:08.486410,2026-08-27T14:57:08.734767
10,16,1,repl,2,False,20,0.5246,1804,2026-08-27T14:57:08.223987,2026-08-27T14:57:08.749409
10,16,2,repl,2,False,21,0.6048,100,2026-08-27T14:57:08.171049,2026-08-27T14:57:08.775899
10,16,5,repl,2,False,5,0.4015,5,2026-08-27T14:57:08.385969,2026-08-27T14:57:08.787480
10,16,11,repl,2,False,8,0.8403,2,2026-08-27T14:57:07.987551,2026-08-27T14:57:08.827926
10,16,9,repl,2,False,8,0.749,2,2026-08-27T14:57:08.124104,2026-08-27T14:57:08.873168
10,16,6,repl,2,False,5,0.4671,5,2026-08-27T14:57:08.440436,2026-08-27T14:57:08.907597
10,16,6,repl,2,False,6,0.0507,1,2026-08-27T14:57:08.907697,2026-08-27T14:57:08.958436
10,16,8,repl,2,False,2,0.2281,100,2026-08-27T14:57:08.737601,2026-08-27T14:57:08.965755
10,16,12,repl,2,False,10,1.0658,20,2026-08-27T14:57:07.913804,2026-08-27T14:57:08.979582
10,16,0,repl,2,False,21,1.999,100,2026-08-27T14:57:07.054355,2026-08-27T14:57:09.053371
10,16,4,repl,2,False,18,0.5693,100,2026-08-27T14:57:08.494547,2026-08-27T14:57:09.063875
10,16,7,repl,2,False,7,0.8194,4,2026-08-27T14:57:08.266366,2026-08-27T14:57:09.085790
10,16,10,repl,2,False,9,0.7376,175,2026-08-27T14:57:08.349119,2026-08-27T14:57:09.086757
10,16,12,repl,2,False,11,0.1128,0,2026-08-27T14:57:08.979725,2026-08-27T14:57:09.092594
10,16,14,repl,2,False,10,2.0117,20,2026-08-27T14:57:07.085816,2026-08-27T14:57:09.097570
10,16,13,repl,2,False,13,1.0388,45,2026-08-27T14:57:08.069678,2026-08-27T14:57:09.108464
10,16,1,repl,2,False,21,0.3899,100,2026-08-27T14:57:08.749528,2026-08-27T14:57:09.139503
10,16,4,repl,2,False,19,0.1703,1,2026-08-27T14:57:09.064002,2026-08-27T14:57:09.234282
10,16,2,repl,2,False,22,0.4814,7,2026-08-27T14:57:08.776262,2026-08-27T14:57:09.257657
10,16,14,repl,2,False,11,0.1746,0,2026-08-27T14:57:09.098366,2026-08-27T14:57:09.272972
10,16,15,repl,2,False,13,0.8145,45,2026-08-27T14:57:08.468315,2026-08-27T14:57:09.282866
10,16,8,repl,2,False,3,0.3832,10,2026-08-27T14:57:08.965868,2026-08-27T14:57:09.349084
10,16,2,repl,2,False,1,0.1059,4,2026-08-27T14:57:09.257771,2026-08-27T14:57:09.363674
10,16,0,repl,2,False,22,0.4108,7,2026-08-27T14:57:09.053950,2026-08-27T14:57:09.464742
10,16,9,repl,2,False,9,0.6005,175,2026-08-27T14:57:08.873253,2026-08-27T14:57:09.473767
10,16,12,repl,2,False,12,0.4044,2,2026-08-27T14:57:09.092682,2026-08-27T14:57:09.497111
10,16,4,repl,2,False,20,0.2647,1804,2026-08-27T14:57:09.234369,2026-08-27T14:57:09.499142
10,16,2,repl,2,False,2,0.1526,100,2026-08-27T14:57:09.363776,2026-08-27T14:57:09.516406
10,16,1,repl,2,False,22,0.367,7,2026-08-27T14:57:09.149630,2026-08-27T14:57:09.516642
10,16,11,repl,2,False,9,0.7064,175,2026-08-27T14:57:08.828035,2026-08-27T14:57:09.534453
10,16,14,repl,2,False,12,0.2782,2,2026-08-27T14:57:09.273061,2026-08-27T14:57:09.551260
10,16,15,repl,2,False,14,0.2761,1,2026-08-27T14:57:09.282975,2026-08-27T14:57:09.559145
10,16,1,repl,2,False,1,0.0983,4,2026-08-27T14:57:09.516735,2026-08-27T14:57:09.615072
10,16,8,repl,2,False,4,0.3684,5,2026-08-27T14:57:09.349211,2026-08-27T14:57:09.717680
10,16,15,repl,2,False,15,0.2065,1,2026-08-27T14:57:09.559255,2026-08-27T14:57:09.765746
10,16,10,repl,2,False,10,0.6838,20,2026-08-27T14:57:09.086905,2026-08-27T14:57:09.770682
10,16,4,repl,2,False,21,0.3695,100,2026-08-27T14:57:09.499236,2026-08-27T14:57:09.868801
10,16,8,repl,2,False,5,0.1906,5,2026-08-27T14:57:09.717805,2026-08-27T14:57:09.908421
10,16,14,repl,2,False,13,0.3603,45,2026-08-27T14:57:09.551359,2026-08-27T14:57:09.911731
10,16,8,repl,2,False,6,0.0214,1,2026-08-27T14:57:09.908527,2026-08-27T14:57:09.929996
10,16,14,repl,2,False,14,0.1273,1,2026-08-27T14:57:09.911818,2026-08-27T14:57:10.039138
10,16,11,repl,2,False,10,0.5055,20,2026-08-27T14:57:09.534598,2026-08-27T14:57:10.040101
10,16,4,repl,2,False,22,0.1827,7,2026-08-27T14:57:09.873569,2026-08-27T14:57:10.056266
10,16,4,repl,2,False,1,0.0496,4,2026-08-27T14:57:10.056356,2026-08-27T14:57:10.105961
10,16,11,repl,2,False,11,0.0688,0,2026-08-27T14:57:10.040168,2026-08-27T14:57:10.108950
10,16,8,repl,2,False,7,0.2108,4,2026-08-27T14:57:09.930100,2026-08-27T14:57:10.140918
10,16,4,repl,2,False,2,0.0744,100,2026-08-27T14:57:10.106037,2026-08-27T14:57:10.180478
10,16,4,repl,2,False,3,0.1556,10,2026-08-27T14:57:10.180552,2026-08-27T14:57:10.336200
10,16,8,repl,2,False,8,0.2206,2,2026-08-27T14:57:10.140983,2026-08-27T14:57:10.361635
10,16,4,repl,2,False,4,0.1479,5,2026-08-27T14:57:10.336275,2026-08-27T14:57:10.484187
10,16,5,repl,3,False,6,0.0366,1,2026-08-27T14:57:10.529817,2026-08-27T14:57:10.566491
10,16,0,repl,3,False,1,0.0885,4,2026-08-27T14:57:10.489163,2026-08-27T14:57:10.577677
10,16,1,repl,3,False,2,0.1971,100,2026-08-27T14:57:10.492239,2026-08-27T14:57:10.689400
10,16,10,repl,3,False,11,0.1165,0,2026-08-27T14:57:10.597918,2026-08-27T14:57:10.714477
10,16,6,repl,3,False,7,0.3704,4,2026-08-27T14:57:10.531599,2026-08-27T14:57:10.902035
10,16,4,repl,3,False,5,0.4231,5,2026-08-27T14:57:10.513542,2026-08-27T14:57:10.936693
10,16,3,repl,3,False,4,0.4664,5,2026-08-27T14:57:10.505665,2026-08-27T14:57:10.972098
10,16,4,repl,3,False,6,0.0653,1,2026-08-27T14:57:10.936850,2026-08-27T14:57:11.002181
10,16,2,repl,3,False,3,0.5119,10,2026-08-27T14:57:10.501747,2026-08-27T14:57:11.013697
10,16,14,repl,3,False,15,0.3714,1,2026-08-27T14:57:10.661696,2026-08-27T14:57:11.033143
10,16,11,repl,3,False,12,0.4438,2,2026-08-27T14:57:10.621662,2026-08-27T14:57:11.066164
10,16,0,repl,3,False,2,0.4948,100,2026-08-27T14:57:10.578896,2026-08-27T14:57:11.073700
10,16,5,repl,3,False,7,0.6196,4,2026-08-27T14:57:10.566599,2026-08-27T14:57:11.186185
10,16,9,repl,3,False,10,0.6434,20,2026-08-27T14:57:10.553474,2026-08-27T14:57:11.196936
10,16,15,repl,3,False,16,0.5159,27840,2026-08-27T14:57:10.670209,2026-08-27T14:57:11.201388
10,16,13,repl,3,False,14,0.5727,1,2026-08-27T14:57:10.637963,2026-08-27T14:57:11.210702
10,16,1,repl,3,False,3,0.5504,10,2026-08-27T14:57:10.689538,2026-08-27T14:57:11.239992
10,16,9,repl,3,False,11,0.0614,0,2026-08-27T14:57:11.197112,2026-08-27T14:57:11.258491
10,16,8,repl,3,False,9,0.7218,175,2026-08-27T14:57:10.539839,2026-08-27T14:57:11.261626
10,16,7,repl,3,False,8,0.7398,2,2026-08-27T14:57:10.535657,2026-08-27T14:57:11.275507
10,16,15,repl,3,False,17,0.2044,1,2026-08-27T14:57:11.201473,2026-08-27T14:57:11.405873
10,16,12,repl,3,False,13,0.78,45,2026-08-27T14:57:10.634707,2026-08-27T14:57:11.414757
10,16,13,repl,3,False,15,0.229,1,2026-08-27T14:57:11.210794,2026-08-27T14:57:11.439781
10,16,3,repl,3,False,5,0.4955,5,2026-08-27T14:57:10.972216,2026-08-27T14:57:11.467778
10,16,10,repl,3,False,12,0.7633,2,2026-08-27T14:57:10.714578,2026-08-27T14:57:11.477869
10,16,4,repl,3,False,7,0.4796,4,2026-08-27T14:57:11.002291,2026-08-27T14:57:11.481967
10,16,6,repl,3,False,8,0.621,2,2026-08-27T14:57:10.902607,2026-08-27T14:57:11.523680
10,16,3,repl,3,False,6,0.1024,1,2026-08-27T14:57:11.467865,2026-08-27T14:57:11.570271
10,16,9,repl,3,False,12,0.3473,2,2026-08-27T14:57:11.265483,2026-08-27T14:57:11.612852
10,16,1,repl,3,False,4,0.3946,5,2026-08-27T14:57:11.240146,2026-08-27T14:57:11.636510
10,16,2,repl,3,False,4,0.6575,5,2026-08-27T14:57:11.017668,2026-08-27T14:57:11.676026
10,16,14,repl,3,False,16,0.7146,27840,2026-08-27T14:57:11.033248,2026-08-27T14:57:11.749689
10,16,15,repl,3,False,18,0.4081,100,2026-08-27T14:57:11.406009,2026-08-27T14:57:11.814104
10,16,11,repl,3,False,13,0.797,45,2026-08-27T14:57:11.066496,2026-08-27T14:57:11.863502
10,16,5,repl,3,False,8,0.6953,2,2026-08-27T14:57:11.186279,2026-08-27T14:57:11.881638
10,16,0,repl,3,False,3,0.867,10,2026-08-27T14:57:11.073896,2026-08-27T14:57:11.940942
10,16,15,repl,3,False,19,0.154,1,2026-08-27T14:57:11.821826,2026-08-27T14:57:11.975857
10,16,3,repl,3,False,7,0.4513,4,2026-08-27T14:57:11.570365,2026-08-27T14:57:12.021657
10,16,10,repl,3,False,13,0.562,45,2026-08-27T14:57:11.477982,2026-08-27T14:57:12.040061
10,16,1,repl,3,False,5,0.4356,5,2026-08-27T14:57:11.636614,2026-08-27T14:57:12.072225
10,16,8,repl,3,False,10,0.8125,20,2026-08-27T14:57:11.275782,2026-08-27T14:57:12.088308
10,16,1,repl,3,False,6,0.0693,1,2026-08-27T14:57:12.072610,2026-08-27T14:57:12.141929
10,16,6,repl,3,False,9,0.6715,175,2026-08-27T14:57:11.523803,2026-08-27T14:57:12.195304
10,16,9,repl,3,False,13,0.6058,45,2026-08-27T14:57:11.612943,2026-08-27T14:57:12.218776
10,16,10,repl,3,False,14,0.2182,1,2026-08-27T14:57:12.040176,2026-08-27T14:57:12.258418
10,16,2,repl,3,False,5,0.577,5,2026-08-27T14:57:11.685543,2026-08-27T14:57:12.262855
10,16,15,repl,3,False,20,0.2956,1804,2026-08-27T14:57:11.976220,2026-08-27T14:57:12.271889
10,16,2,repl,3,False,6,0.0473,1,2026-08-27T14:57:12.262993,2026-08-27T14:57:12.310377
10,16,8,repl,3,False,11,0.2438,0,2026-08-27T14:57:12.088406,2026-08-27T14:57:12.332258
10,16,7,repl,3,False,9,1.088,175,2026-08-27T14:57:11.297618,2026-08-27T14:57:12.385641
10,16,10,repl,3,False,15,0.1428,1,2026-08-27T14:57:12.258538,2026-08-27T14:57:12.401403
10,16,11,repl,3,False,14,0.5546,1,2026-08-27T14:57:11.863634,2026-08-27T14:57:12.418287
10,16,14,repl,3,False,17,0.6779,1,2026-08-27T14:57:11.758339,2026-08-27T14:57:12.436243
10,16,1,repl,3,False,7,0.3316,4,2026-08-27T14:57:12.142019,2026-08-27T14:57:12.473676
10,16,9,repl,3,False,14,0.2679,1,2026-08-27T14:57:12.218891,2026-08-27T14:57:12.486831
10,16,11,repl,3,False,15,0.1825,1,2026-08-27T14:57:12.418397,2026-08-27T14:57:12.600912
10,16,9,repl,3,False,15,0.1281,1,2026-08-27T14:57:12.486955,2026-08-27T14:57:12.615117
10,16,3,repl,3,False,8,0.6021,2,2026-08-27T14:57:12.025632,2026-08-27T14:57:12.627824
10,16,12,repl,3,False,14,1.2245,1,2026-08-27T14:57:11.415110,2026-08-27T14:57:12.639612
10,16,8,repl,3,False,12,0.3331,2,2026-08-27T14:57:12.332524,2026-08-27T14:57:12.665644
10,16,12,repl,3,False,15,0.1264,1,2026-08-27T14:57:12.641694,2026-08-27T14:57:12.768152
10,16,2,repl,3,False,7,0.4681,4,2026-08-27T14:57:12.310496,2026-08-27T14:57:12.778581
10,16,15,repl,3,False,21,0.5446,100,2026-08-27T14:57:12.272012,2026-08-27T14:57:12.816685
10,16,1,repl,3,False,8,0.4265,2,2026-08-27T14:57:12.474014,2026-08-27T14:57:12.900549
10,16,6,repl,3,False,10,0.7342,20,2026-08-27T14:57:12.195453,2026-08-27T14:57:12.929661
10,16,6,repl,3,False,11,0.3199,0,2026-08-27T14:57:12.929781,2026-08-27T14:57:13.249749
10,16,7,repl,3,False,10,0.8842,20,2026-08-27T14:57:12.385754,2026-08-27T14:57:13.270016
10,16,13,repl,3,False,16,1.8487,27840,2026-08-27T14:57:11.439904,2026-08-27T14:57:13.288764
10,16,11,repl,3,False,16,0.6643,27840,2026-08-27T14:57:12.605545,2026-08-27T14:57:13.288995
10,16,10,repl,3,False,16,0.892,27840,2026-08-27T14:57:12.402183,2026-08-27T14:57:13.294219
10,16,9,repl,3,False,16,0.6877,27840,2026-08-27T14:57:12.615247,2026-08-27T14:57:13.317846
10,16,14,repl,3,False,18,0.8945,100,2026-08-27T14:57:12.436331,2026-08-27T14:57:13.330865
10,16,3,repl,3,False,9,0.7087,175,2026-08-27T14:57:12.627931,2026-08-27T14:57:13.336697
10,16,5,repl,3,False,9,1.4551,175,2026-08-27T14:57:11.881766,2026-08-27T14:57:13.336919
10,16,2,repl,3,False,8,0.5825,2,2026-08-27T14:57:12.779008,2026-08-27T14:57:13.362466
10,16,0,repl,3,False,4,1.451,5,2026-08-27T14:57:11.941049,2026-08-27T14:57:13.392583
10,16,15,repl,3,False,22,0.5836,7,2026-08-27T14:57:12.816775,2026-08-27T14:57:13.400421
10,16,1,repl,3,False,9,0.5026,175,2026-08-27T14:57:12.900680,2026-08-27T14:57:13.403266
10,16,4,repl,3,False,8,1.9319,2,2026-08-27T14:57:11.482076,2026-08-27T14:57:13.414423
10,16,7,repl,3,False,11,0.1445,0,2026-08-27T14:57:13.270105,2026-08-27T14:57:13.414613
10,16,12,repl,3,False,16,0.6588,27840,2026-08-27T14:57:12.773588,2026-08-27T14:57:13.432515
10,16,8,repl,3,False,13,0.7865,45,2026-08-27T14:57:12.665894,2026-08-27T14:57:13.452431
10,16,13,repl,3,False,17,0.2055,1,2026-08-27T14:57:13.314427,2026-08-27T14:57:13.519974
10,16,14,repl,3,False,19,0.1469,1,2026-08-27T14:57:13.378019,2026-08-27T14:57:13.524986
10,16,6,repl,3,False,12,0.2859,2,2026-08-27T14:57:13.249862,2026-08-27T14:57:13.535772
10,16,10,repl,3,False,17,0.2271,1,2026-08-27T14:57:13.323567,2026-08-27T14:57:13.550665
10,16,9,repl,3,False,17,0.2107,1,2026-08-27T14:57:13.369016,2026-08-27T14:57:13.580041
10,16,11,repl,3,False,17,0.186,1,2026-08-27T14:57:13.400648,2026-08-27T14:57:13.586664
10,16,7,repl,3,False,12,0.5096,2,2026-08-27T14:57:13.453108,2026-08-27T14:57:13.962764
10,16,14,repl,3,False,20,0.6052,1804,2026-08-27T14:57:13.525061,2026-08-27T14:57:14.130299
10,16,12,repl,3,False,17,0.7233,1,2026-08-27T14:57:13.461578,2026-08-27T14:57:14.184908
10,16,6,repl,3,False,13,0.762,45,2026-08-27T14:57:13.535880,2026-08-27T14:57:14.297888
10,16,15,repl,3,False,1,0.8193,4,2026-08-27T14:57:13.488356,2026-08-27T14:57:14.307665
10,16,2,repl,3,False,9,0.9387,175,2026-08-27T14:57:13.414929,2026-08-27T14:57:14.353674
10,16,10,repl,3,False,18,0.874,100,2026-08-27T14:57:13.550751,2026-08-27T14:57:14.424770
10,16,1,repl,3,False,10,1.0321,20,2026-08-27T14:57:13.436012,2026-08-27T14:57:14.468169
10,16,8,repl,3,False,14,0.9911,1,2026-08-27T14:57:13.485627,2026-08-27T14:57:14.476770
10,16,6,repl,3,False,14,0.2275,1,2026-08-27T14:57:14.297975,2026-08-27T14:57:14.525534
10,16,3,repl,3,False,10,1.1355,20,2026-08-27T14:57:13.419911,2026-08-27T14:57:14.555433
10,16,7,repl,3,False,13,0.6095,45,2026-08-27T14:57:13.962891,2026-08-27T14:57:14.572445
10,16,0,repl,3,False,5,1.1047,5,2026-08-27T14:57:13.476833,2026-08-27T14:57:14.581618
10,16,1,repl,3,False,11,0.1607,0,2026-08-27T14:57:14.468291,2026-08-27T14:57:14.629043
10,16,6,repl,3,False,15,0.1281,1,2026-08-27T14:57:14.525665,2026-08-27T14:57:14.653836
10,16,10,repl,3,False,19,0.2412,1,2026-08-27T14:57:14.424899,2026-08-27T14:57:14.666115
10,16,14,repl,3,False,21,0.5711,100,2026-08-27T14:57:14.130414,2026-08-27T14:57:14.701563
10,16,0,repl,3,False,6,0.1418,1,2026-08-27T14:57:14.581722,2026-08-27T14:57:14.723577
10,16,3,repl,3,False,11,0.2031,0,2026-08-27T14:57:14.555540,2026-08-27T14:57:14.758721
10,16,8,repl,3,False,15,0.2949,1,2026-08-27T14:57:14.476885,2026-08-27T14:57:14.771813
10,16,5,repl,3,False,10,1.3314,20,2026-08-27T14:57:13.472109,2026-08-27T14:57:14.803552
10,16,15,repl,3,False,2,0.5219,100,2026-08-27T14:57:14.307745,2026-08-27T14:57:14.829687
10,16,7,repl,3,False,14,0.2741,1,2026-08-27T14:57:14.572559,2026-08-27T14:57:14.846638
10,16,12,repl,3,False,18,0.6649,100,2026-08-27T14:57:14.185049,2026-08-27T14:57:14.849965
10,16,5,repl,3,False,11,0.0859,0,2026-08-27T14:57:14.803656,2026-08-27T14:57:14.889630
10,16,4,repl,3,False,9,1.4635,175,2026-08-27T14:57:13.446258,2026-08-27T14:57:14.909842
10,16,1,repl,3,False,12,0.3251,2,2026-08-27T14:57:14.633609,2026-08-27T14:57:14.958724
10,16,7,repl,3,False,15,0.1155,1,2026-08-27T14:57:14.846749,2026-08-27T14:57:14.962296
10,16,3,repl,3,False,12,0.2664,2,2026-08-27T14:57:14.758928,2026-08-27T14:57:15.025397
10,16,2,repl,3,False,10,0.7278,20,2026-08-27T14:57:14.353794,2026-08-27T14:57:15.081665
10,16,14,repl,3,False,22,0.3956,7,2026-08-27T14:57:14.701659,2026-08-27T14:57:15.097248
10,16,10,repl,3,False,20,0.4779,1804,2026-08-27T14:57:14.666489,2026-08-27T14:57:15.144463
10,16,14,repl,3,False,1,0.1151,4,2026-08-27T14:57:15.097360,2026-08-27T14:57:15.212482
10,16,12,repl,3,False,19,0.3664,1,2026-08-27T14:57:14.851193,2026-08-27T14:57:15.217600
10,16,2,repl,3,False,11,0.1881,0,2026-08-27T14:57:15.081774,2026-08-27T14:57:15.270222
10,16,0,repl,3,False,7,0.6217,4,2026-08-27T14:57:14.723684,2026-08-27T14:57:15.346830
10,16,15,repl,3,False,3,0.5411,10,2026-08-27T14:57:14.829761,2026-08-27T14:57:15.370858
10,16,6,repl,3,False,16,0.7269,27840,2026-08-27T14:57:14.653970,2026-08-27T14:57:15.380937
10,16,5,repl,3,False,12,0.5049,2,2026-08-27T14:57:14.889744,2026-08-27T14:57:15.394656
10,16,14,repl,3,False,2,0.2523,100,2026-08-27T14:57:15.217738,2026-08-27T14:57:15.470075
10,16,12,repl,3,False,20,0.2559,1804,2026-08-27T14:57:15.229590,2026-08-27T14:57:15.485553
10,16,1,repl,3,False,13,0.6452,45,2026-08-27T14:57:14.958820,2026-08-27T14:57:15.608882
10,16,8,repl,3,False,16,0.8563,27840,2026-08-27T14:57:14.771929,2026-08-27T14:57:15.628288
10,16,3,repl,3,False,13,0.6007,45,2026-08-27T14:57:15.029593,2026-08-27T14:57:15.630338
10,16,6,repl,3,False,17,0.2494,1,2026-08-27T14:57:15.381055,2026-08-27T14:57:15.630489
10,16,7,repl,3,False,16,0.6736,27840,2026-08-27T14:57:14.962409,2026-08-27T14:57:15.636027
10,16,2,repl,3,False,12,0.38,2,2026-08-27T14:57:15.270343,2026-08-27T14:57:15.650367
10,16,10,repl,3,False,21,0.5451,100,2026-08-27T14:57:15.144586,2026-08-27T14:57:15.689666
10,16,15,repl,3,False,4,0.3275,5,2026-08-27T14:57:15.370989,2026-08-27T14:57:15.698488
10,16,1,repl,3,False,14,0.2345,1,2026-08-27T14:57:15.617602,2026-08-27T14:57:15.854520
10,16,3,repl,3,False,14,0.2183,1,2026-08-27T14:57:15.636355,2026-08-27T14:57:15.854664
10,16,14,repl,3,False,3,0.3977,10,2026-08-27T14:57:15.470202,2026-08-27T14:57:15.867970
10,16,8,repl,3,False,17,0.2476,1,2026-08-27T14:57:15.628380,2026-08-27T14:57:15.876005
10,16,1,repl,3,False,15,0.1681,1,2026-08-27T14:57:15.854757,2026-08-27T14:57:16.022860
10,16,5,repl,3,False,13,0.6237,45,2026-08-27T14:57:15.417662,2026-08-27T14:57:16.043157
10,16,3,repl,3,False,15,0.2004,1,2026-08-27T14:57:15.859074,2026-08-27T14:57:16.059488
10,16,4,repl,3,False,10,1.2209,20,2026-08-27T14:57:14.909959,2026-08-27T14:57:16.130922
10,16,7,repl,3,False,17,0.5087,1,2026-08-27T14:57:15.641398,2026-08-27T14:57:16.150161
10,16,6,repl,3,False,18,0.534,100,2026-08-27T14:57:15.638868,2026-08-27T14:57:16.172849
10,16,5,repl,3,False,14,0.2244,1,2026-08-27T14:57:16.043268,2026-08-27T14:57:16.267720
10,16,4,repl,3,False,11,0.1914,0,2026-08-27T14:57:16.131061,2026-08-27T14:57:16.322455
10,16,15,repl,3,False,5,0.6546,5,2026-08-27T14:57:15.698967,2026-08-27T14:57:16.353625
10,16,5,repl,3,False,15,0.137,1,2026-08-27T14:57:16.267833,2026-08-27T14:57:16.404841
10,16,15,repl,3,False,6,0.0974,1,2026-08-27T14:57:16.353749,2026-08-27T14:57:16.451140
10,16,6,repl,3,False,19,0.2895,1,2026-08-27T14:57:16.172960,2026-08-27T14:57:16.462448
10,16,0,repl,3,False,8,1.1119,2,2026-08-27T14:57:15.350584,2026-08-27T14:57:16.462521
10,16,1,repl,3,False,16,0.4503,27840,2026-08-27T14:57:16.022970,2026-08-27T14:57:16.473271
10,16,2,repl,3,False,13,0.8289,45,2026-08-27T14:57:15.653836,2026-08-27T14:57:16.483409
10,16,14,repl,3,False,4,0.62,5,2026-08-27T14:57:15.868071,2026-08-27T14:57:16.488101
10,16,8,repl,3,False,18,0.6169,100,2026-08-27T14:57:15.876125,2026-08-27T14:57:16.493072
10,16,10,repl,3,False,22,0.8165,7,2026-08-27T14:57:15.689789,2026-08-27T14:57:16.506616
10,16,12,repl,3,False,21,1.0097,100,2026-08-27T14:57:15.496624,2026-08-27T14:57:16.506898
10,16,3,repl,3,False,16,0.522,27840,2026-08-27T14:57:16.059593,2026-08-27T14:57:16.581718
10,16,4,repl,3,False,12,0.2693,2,2026-08-27T14:57:16.322548,2026-08-27T14:57:16.591912
10,16,10,repl,3,False,1,0.1505,4,2026-08-27T14:57:16.513262,2026-08-27T14:57:16.663796
10,16,8,repl,3,False,19,0.162,1,2026-08-27T14:57:16.544737,2026-08-27T14:57:16.706768
10,16,6,repl,3,False,20,0.2482,1804,2026-08-27T14:57:16.483529,2026-08-27T14:57:16.732311
10,16,15,repl,3,False,7,0.3388,4,2026-08-27T14:57:16.453797,2026-08-27T14:57:16.792944
10,16,5,repl,3,False,16,0.4355,27840,2026-08-27T14:57:16.409609,2026-08-27T14:57:16.845167
10,16,7,repl,3,False,18,0.7153,100,2026-08-27T14:57:16.150315,2026-08-27T14:57:16.865663
10,16,3,repl,3,False,17,0.3116,1,2026-08-27T14:57:16.581833,2026-08-27T14:57:16.893435
10,16,1,repl,3,False,17,0.4137,1,2026-08-27T14:57:16.493297,2026-08-27T14:57:16.907040
10,16,2,repl,3,False,14,0.4346,1,2026-08-27T14:57:16.495660,2026-08-27T14:57:16.930327
10,16,0,repl,3,False,9,0.5777,175,2026-08-27T14:57:16.488365,2026-08-27T14:57:17.066103
10,16,10,repl,3,False,2,0.4222,100,2026-08-27T14:57:16.663879,2026-08-27T14:57:17.086080
10,16,7,repl,3,False,19,0.2725,1,2026-08-27T14:57:16.865770,2026-08-27T14:57:17.138281
10,16,5,repl,3,False,17,0.3075,1,2026-08-27T14:57:16.845262,2026-08-27T14:57:17.152773
10,16,8,repl,3,False,20,0.4504,1804,2026-08-27T14:57:16.709547,2026-08-27T14:57:17.160007
10,16,14,repl,3,False,5,0.7296,5,2026-08-27T14:57:16.508916,2026-08-27T14:57:17.238834
10,16,2,repl,3,False,15,0.4449,1,2026-08-27T14:57:16.930419,2026-08-27T14:57:17.375363
10,16,14,repl,3,False,6,0.1674,1,2026-08-27T14:57:17.242793,2026-08-27T14:57:17.410216
10,16,15,repl,3,False,8,0.6445,2,2026-08-27T14:57:16.793065,2026-08-27T14:57:17.437641
10,16,7,repl,3,False,20,0.3362,1804,2026-08-27T14:57:17.138431,2026-08-27T14:57:17.474650
10,16,6,repl,3,False,21,0.7575,100,2026-08-27T14:57:16.733578,2026-08-27T14:57:17.491097
10,16,3,repl,3,False,18,0.6199,100,2026-08-27T14:57:16.901211,2026-08-27T14:57:17.521167
10,16,4,repl,3,False,13,0.9632,45,2026-08-27T14:57:16.592022,2026-08-27T14:57:17.555214
10,16,12,repl,3,False,22,1.1087,7,2026-08-27T14:57:16.566748,2026-08-27T14:57:17.675476
10,16,5,repl,3,False,18,0.5496,100,2026-08-27T14:57:17.152887,2026-08-27T14:57:17.702474
10,16,0,repl,3,False,10,0.653,20,2026-08-27T14:57:17.066210,2026-08-27T14:57:17.719280
10,16,10,repl,3,False,3,0.658,10,2026-08-27T14:57:17.086210,2026-08-27T14:57:17.744207
10,16,3,repl,3,False,19,0.2326,1,2026-08-27T14:57:17.521616,2026-08-27T14:57:17.754270
10,16,12,repl,3,False,1,0.0928,4,2026-08-27T14:57:17.684801,2026-08-27T14:57:17.777592
10,16,0,repl,3,False,11,0.0682,0,2026-08-27T14:57:17.719364,2026-08-27T14:57:17.787602
10,16,8,repl,3,False,21,0.6699,100,2026-08-27T14:57:17.160142,2026-08-27T14:57:17.830036
10,16,14,repl,3,False,7,0.4844,4,2026-08-27T14:57:17.410351,2026-08-27T14:57:17.895067
10,16,5,repl,3,False,19,0.2123,1,2026-08-27T14:57:17.702576,2026-08-27T14:57:17.914864
10,16,1,repl,3,False,18,1.0076,100,2026-08-27T14:57:16.907481,2026-08-27T14:57:17.915132
10,16,6,repl,3,False,22,0.4507,7,2026-08-27T14:57:17.491216,2026-08-27T14:57:17.941945
10,16,3,repl,3,False,20,0.228,1804,2026-08-27T14:57:17.756761,2026-08-27T14:57:17.986105
10,16,12,repl,3,False,2,0.2766,100,2026-08-27T14:57:17.777794,2026-08-27T14:57:18.054391
10,16,2,repl,3,False,16,0.6715,27840,2026-08-27T14:57:17.375487,2026-08-27T14:57:18.062379
10,16,7,repl,3,False,21,0.6,100,2026-08-27T14:57:17.477623,2026-08-27T14:57:18.077664
10,16,6,repl,3,False,1,0.091,4,2026-08-27T14:57:18.013680,2026-08-27T14:57:18.104696
10,16,0,repl,3,False,12,0.4319,2,2026-08-27T14:57:17.789679,2026-08-27T14:57:18.221617
10,16,10,repl,3,False,4,0.4803,5,2026-08-27T14:57:17.744311,2026-08-27T14:57:18.224693
10,16,1,repl,3,False,19,0.233,1,2026-08-27T14:57:17.996388,2026-08-27T14:57:18.229456
10,16,4,repl,3,False,14,0.683,1,2026-08-27T14:57:17.555373,2026-08-27T14:57:18.238406
10,16,8,repl,3,False,22,0.42,7,2026-08-27T14:57:17.830149,2026-08-27T14:57:18.250189
10,16,15,repl,3,False,9,0.8364,175,2026-08-27T14:57:17.437755,2026-08-27T14:57:18.274216
10,16,2,repl,3,False,17,0.2185,1,2026-08-27T14:57:18.065606,2026-08-27T14:57:18.284100
10,16,5,repl,3,False,20,0.3622,1804,2026-08-27T14:57:17.934808,2026-08-27T14:57:18.297921
10,16,6,repl,3,False,2,0.2169,100,2026-08-27T14:57:18.120352,2026-08-27T14:57:18.337322
10,16,14,repl,3,False,8,0.4621,2,2026-08-27T14:57:17.901617,2026-08-27T14:57:18.364014
10,16,4,repl,3,False,15,0.1431,1,2026-08-27T14:57:18.245711,2026-08-27T14:57:18.388881
10,16,12,repl,3,False,3,0.4337,10,2026-08-27T14:57:18.054496,2026-08-27T14:57:18.488223
10,16,8,repl,3,False,1,0.2766,4,2026-08-27T14:57:18.259128,2026-08-27T14:57:18.535802
10,16,1,repl,3,False,20,0.3159,1804,2026-08-27T14:57:18.250277,2026-08-27T14:57:18.566247
10,16,3,repl,3,False,21,0.6041,100,2026-08-27T14:57:18.023415,2026-08-27T14:57:18.627526
10,16,10,repl,3,False,5,0.5101,5,2026-08-27T14:57:18.226973,2026-08-27T14:57:18.737111
10,16,8,repl,3,False,2,0.2551,100,2026-08-27T14:57:18.535898,2026-08-27T14:57:18.791015
10,16,6,repl,3,False,3,0.4621,10,2026-08-27T14:57:18.337441,2026-08-27T14:57:18.799545
10,16,4,repl,3,False,16,0.5028,27840,2026-08-27T14:57:18.388968,2026-08-27T14:57:18.893852
10,16,10,repl,3,False,6,0.1625,1,2026-08-27T14:57:18.737209,2026-08-27T14:57:18.899696
10,16,0,repl,3,False,13,0.7119,45,2026-08-27T14:57:18.221736,2026-08-27T14:57:18.933628
10,16,15,repl,3,False,10,0.6795,20,2026-08-27T14:57:18.274333,2026-08-27T14:57:18.953909
10,16,7,repl,3,False,22,0.8819,7,2026-08-27T14:57:18.081790,2026-08-27T14:57:18.963724
10,16,2,repl,3,False,18,0.6844,100,2026-08-27T14:57:18.284323,2026-08-27T14:57:18.968703
10,16,12,repl,3,False,4,0.4805,5,2026-08-27T14:57:18.488331,2026-08-27T14:57:18.968834
10,16,14,repl,3,False,9,0.6311,175,2026-08-27T14:57:18.364133,2026-08-27T14:57:18.995301
10,16,4,repl,3,False,17,0.172,1,2026-08-27T14:57:18.893957,2026-08-27T14:57:19.065943
10,16,15,repl,3,False,11,0.1325,0,2026-08-27T14:57:18.954099,2026-08-27T14:57:19.086626
10,16,7,repl,3,False,1,0.1364,4,2026-08-27T14:57:18.963962,2026-08-27T14:57:19.100394
10,16,0,repl,3,False,14,0.2153,1,2026-08-27T14:57:18.933722,2026-08-27T14:57:19.149073
10,16,6,repl,3,False,4,0.3624,5,2026-08-27T14:57:18.799665,2026-08-27T14:57:19.162087
10,16,8,repl,3,False,3,0.4486,10,2026-08-27T14:57:18.791129,2026-08-27T14:57:19.239775
10,16,2,repl,3,False,19,0.2816,1,2026-08-27T14:57:18.969159,2026-08-27T14:57:19.250801
10,16,3,repl,3,False,22,0.6246,7,2026-08-27T14:57:18.633571,2026-08-27T14:57:19.258207
10,16,0,repl,3,False,15,0.1251,1,2026-08-27T14:57:19.149155,2026-08-27T14:57:19.274271
10,16,1,repl,3,False,21,0.7318,100,2026-08-27T14:57:18.566381,2026-08-27T14:57:19.298213
10,16,5,repl,3,False,21,1.0423,100,2026-08-27T14:57:18.298016,2026-08-27T14:57:19.340371
10,16,3,repl,3,False,1,0.0946,4,2026-08-27T14:57:19.258302,2026-08-27T14:57:19.352893
10,16,10,repl,3,False,7,0.481,4,2026-08-27T14:57:18.900006,2026-08-27T14:57:19.381064
10,16,7,repl,3,False,2,0.2905,100,2026-08-27T14:57:19.100477,2026-08-27T14:57:19.391044
10,16,15,repl,3,False,12,0.3582,2,2026-08-27T14:57:19.086745,2026-08-27T14:57:19.444964
10,16,13,repl,3,False,18,5.9488,100,2026-08-27T14:57:13.520082,2026-08-27T14:57:19.468880
10,16,2,repl,3,False,20,0.2407,1804,2026-08-27T14:57:19.251036,2026-08-27T14:57:19.491730
10,16,11,repl,3,False,18,5.9272,100,2026-08-27T14:57:13.589563,2026-08-27T14:57:19.516765
10,16,4,repl,3,False,18,0.4687,100,2026-08-27T14:57:19.066038,2026-08-27T14:57:19.534771
10,16,8,repl,3,False,4,0.3088,5,2026-08-27T14:57:19.239909,2026-08-27T14:57:19.548685
10,16,13,repl,3,False,19,0.1526,1,2026-08-27T14:57:19.468990,2026-08-27T14:57:19.621656
10,16,3,repl,3,False,2,0.3247,100,2026-08-27T14:57:19.352974,2026-08-27T14:57:19.677720
10,16,12,repl,3,False,5,0.7002,5,2026-08-27T14:57:18.979066,2026-08-27T14:57:19.679290
10,16,9,repl,3,False,18,6.1313,100,2026-08-27T14:57:13.580158,2026-08-27T14:57:19.711459
10,16,11,repl,3,False,19,0.2252,1,2026-08-27T14:57:19.516874,2026-08-27T14:57:19.742088
10,16,6,repl,3,False,5,0.59,5,2026-08-27T14:57:19.162211,2026-08-27T14:57:19.752219
10,16,7,repl,3,False,3,0.3854,10,2026-08-27T14:57:19.393426,2026-08-27T14:57:19.778860
10,16,4,repl,3,False,19,0.2526,1,2026-08-27T14:57:19.534884,2026-08-27T14:57:19.787464
10,16,9,repl,3,False,19,0.1846,1,2026-08-27T14:57:19.713607,2026-08-27T14:57:19.898206
10,16,13,repl,3,False,20,0.2881,1804,2026-08-27T14:57:19.621802,2026-08-27T14:57:19.909919
10,16,6,repl,3,False,6,0.201,1,2026-08-27T14:57:19.752330,2026-08-27T14:57:19.953310
10,16,12,repl,3,False,6,0.2664,1,2026-08-27T14:57:19.691126,2026-08-27T14:57:19.957594
10,16,0,repl,3,False,16,0.6999,27840,2026-08-27T14:57:19.274351,2026-08-27T14:57:19.974237
10,16,5,repl,3,False,22,0.6464,7,2026-08-27T14:57:19.342241,2026-08-27T14:57:19.988692
10,16,10,repl,3,False,8,0.6185,2,2026-08-27T14:57:19.381161,2026-08-27T14:57:19.999709
10,16,2,repl,3,False,21,0.5359,100,2026-08-27T14:57:19.493642,2026-08-27T14:57:20.029591
10,16,11,repl,3,False,20,0.2926,1804,2026-08-27T14:57:19.742417,2026-08-27T14:57:20.035002
10,16,15,repl,3,False,13,0.6015,45,2026-08-27T14:57:19.445074,2026-08-27T14:57:20.046612
10,16,1,repl,3,False,22,0.7534,7,2026-08-27T14:57:19.298325,2026-08-27T14:57:20.051776
10,16,8,repl,3,False,5,0.5171,5,2026-08-27T14:57:19.553582,2026-08-27T14:57:20.070710
10,16,8,repl,3,False,6,0.0391,1,2026-08-27T14:57:20.070795,2026-08-27T14:57:20.109956
10,16,9,repl,3,False,20,0.2405,1804,2026-08-27T14:57:19.898320,2026-08-27T14:57:20.138861
10,16,5,repl,3,False,1,0.1726,4,2026-08-27T14:57:19.988776,2026-08-27T14:57:20.161375
10,16,7,repl,3,False,4,0.3825,5,2026-08-27T14:57:19.778991,2026-08-27T14:57:20.161536
10,16,4,repl,3,False,20,0.4227,1804,2026-08-27T14:57:19.787574,2026-08-27T14:57:20.210289
10,16,0,repl,3,False,17,0.3548,1,2026-08-27T14:57:19.974358,2026-08-27T14:57:20.329172
10,16,5,repl,3,False,2,0.1803,100,2026-08-27T14:57:20.169583,2026-08-27T14:57:20.349957
10,16,13,repl,3,False,21,0.6143,100,2026-08-27T14:57:19.910043,2026-08-27T14:57:20.524356
10,16,8,repl,3,False,7,0.4146,4,2026-08-27T14:57:20.110032,2026-08-27T14:57:20.524668
10,16,3,repl,3,False,3,0.8814,10,2026-08-27T14:57:19.681692,2026-08-27T14:57:20.563184
10,16,7,repl,3,False,5,0.4584,5,2026-08-27T14:57:20.189552,2026-08-27T14:57:20.647975
10,16,15,repl,3,False,14,0.6329,1,2026-08-27T14:57:20.046694,2026-08-27T14:57:20.679615
10,16,2,repl,3,False,22,0.6599,7,2026-08-27T14:57:20.029726,2026-08-27T14:57:20.689631
10,16,10,repl,3,False,9,0.7236,175,2026-08-27T14:57:19.999795,2026-08-27T14:57:20.723405
10,16,7,repl,3,False,6,0.0754,1,2026-08-27T14:57:20.648085,2026-08-27T14:57:20.723503
10,16,9,repl,3,False,21,0.6033,100,2026-08-27T14:57:20.139029,2026-08-27T14:57:20.742358
10,16,14,repl,3,False,10,1.7544,20,2026-08-27T14:57:18.995433,2026-08-27T14:57:20.749848
10,16,1,repl,3,False,1,0.7258,4,2026-08-27T14:57:20.051866,2026-08-27T14:57:20.777658
10,16,14,repl,3,False,11,0.0716,0,2026-08-27T14:57:20.749971,2026-08-27T14:57:20.821644
10,16,5,repl,3,False,3,0.4749,10,2026-08-27T14:57:20.352433,2026-08-27T14:57:20.827365
10,16,15,repl,3,False,15,0.1604,1,2026-08-27T14:57:20.679751,2026-08-27T14:57:20.840151
10,16,2,repl,3,False,1,0.1514,4,2026-08-27T14:57:20.697609,2026-08-27T14:57:20.849011
10,16,12,repl,3,False,7,0.9224,4,2026-08-27T14:57:19.957737,2026-08-27T14:57:20.880174
10,16,13,repl,3,False,22,0.3626,7,2026-08-27T14:57:20.533624,2026-08-27T14:57:20.896248
10,16,0,repl,3,False,18,0.5764,100,2026-08-27T14:57:20.329296,2026-08-27T14:57:20.905680
10,16,4,repl,3,False,21,0.7652,100,2026-08-27T14:57:20.210466,2026-08-27T14:57:20.975702
10,16,13,repl,3,False,1,0.0899,4,2026-08-27T14:57:20.896367,2026-08-27T14:57:20.986287
10,16,2,repl,3,False,2,0.1437,100,2026-08-27T14:57:20.849588,2026-08-27T14:57:20.993318
10,16,8,repl,3,False,8,0.4523,2,2026-08-27T14:57:20.545782,2026-08-27T14:57:20.998138
10,16,14,repl,3,False,12,0.2221,2,2026-08-27T14:57:20.821751,2026-08-27T14:57:21.043832
10,16,0,repl,3,False,19,0.1597,1,2026-08-27T14:57:20.905790,2026-08-27T14:57:21.065509
10,16,9,repl,3,False,22,0.335,7,2026-08-27T14:57:20.742456,2026-08-27T14:57:21.077512
10,16,13,repl,3,False,2,0.1566,100,2026-08-27T14:57:20.986914,2026-08-27T14:57:21.143543
10,16,11,repl,3,False,21,1.1331,100,2026-08-27T14:57:20.041640,2026-08-27T14:57:21.174815
10,16,5,repl,3,False,4,0.3566,5,2026-08-27T14:57:20.827482,2026-08-27T14:57:21.184104
10,16,9,repl,3,False,1,0.1308,4,2026-08-27T14:57:21.077658,2026-08-27T14:57:21.208498
10,16,7,repl,3,False,7,0.4893,4,2026-08-27T14:57:20.729547,2026-08-27T14:57:21.218871
10,16,4,repl,3,False,22,0.2958,7,2026-08-27T14:57:20.975787,2026-08-27T14:57:21.271630
10,16,10,repl,3,False,10,0.5993,20,2026-08-27T14:57:20.723619,2026-08-27T14:57:21.322983
10,16,4,repl,3,False,1,0.0558,4,2026-08-27T14:57:21.271727,2026-08-27T14:57:21.327575
10,16,12,repl,3,False,8,0.4564,2,2026-08-27T14:57:20.884536,2026-08-27T14:57:21.340998
10,16,0,repl,3,False,20,0.2875,1804,2026-08-27T14:57:21.065614,2026-08-27T14:57:21.353168
10,16,9,repl,3,False,2,0.1976,100,2026-08-27T14:57:21.208608,2026-08-27T14:57:21.406257
10,16,13,repl,3,False,3,0.2701,10,2026-08-27T14:57:21.143637,2026-08-27T14:57:21.413752
10,16,4,repl,3,False,2,0.1165,100,2026-08-27T14:57:21.327668,2026-08-27T14:57:21.444205
10,16,14,repl,3,False,13,0.4854,45,2026-08-27T14:57:21.045265,2026-08-27T14:57:21.530694
10,16,5,repl,3,False,5,0.3499,5,2026-08-27T14:57:21.184221,2026-08-27T14:57:21.534103
10,16,11,repl,3,False,22,0.3915,7,2026-08-27T14:57:21.174930,2026-08-27T14:57:21.566449
10,16,11,repl,3,False,1,0.1571,4,2026-08-27T14:57:21.566573,2026-08-27T14:57:21.723653
10,16,0,repl,3,False,21,0.3783,100,2026-08-27T14:57:21.353262,2026-08-27T14:57:21.731632
10,16,14,repl,3,False,14,0.2148,1,2026-08-27T14:57:21.530807,2026-08-27T14:57:21.745644
10,16,9,repl,3,False,3,0.3482,10,2026-08-27T14:57:21.406358,2026-08-27T14:57:21.754583
10,16,4,repl,3,False,3,0.331,10,2026-08-27T14:57:21.444338,2026-08-27T14:57:21.775356
10,16,12,repl,3,False,9,0.4499,175,2026-08-27T14:57:21.341117,2026-08-27T14:57:21.791065
10,16,11,repl,3,False,2,0.0874,100,2026-08-27T14:57:21.724240,2026-08-27T14:57:21.811648
10,16,13,repl,3,False,4,0.4023,5,2026-08-27T14:57:21.413859,2026-08-27T14:57:21.816192
10,16,0,repl,3,False,22,0.2024,7,2026-08-27T14:57:21.731737,2026-08-27T14:57:21.934199
10,16,9,repl,3,False,4,0.2394,5,2026-08-27T14:57:21.754644,2026-08-27T14:57:21.994073
10,16,4,repl,3,False,4,0.2353,5,2026-08-27T14:57:21.775423,2026-08-27T14:57:22.010700
10,16,11,repl,3,False,3,0.205,10,2026-08-27T14:57:21.811793,2026-08-27T14:57:22.016854
10,16,13,repl,3,False,5,0.2078,5,2026-08-27T14:57:21.816304,2026-08-27T14:57:22.024126
10,16,13,repl,3,False,6,0.0251,1,2026-08-27T14:57:22.024175,2026-08-27T14:57:22.049288
10,16,12,repl,3,False,10,0.3839,20,2026-08-27T14:57:21.791154,2026-08-27T14:57:22.175120
10,16,9,repl,3,False,5,0.2179,5,2026-08-27T14:57:21.994153,2026-08-27T14:57:22.212095
10,16,12,repl,3,False,11,0.0508,0,2026-08-27T14:57:22.175217,2026-08-27T14:57:22.226009
10,16,13,repl,3,False,7,0.1806,4,2026-08-27T14:57:22.049379,2026-08-27T14:57:22.230025
10,16,9,repl,3,False,6,0.0264,1,2026-08-27T14:57:22.212158,2026-08-27T14:57:22.238543
10,16,11,repl,3,False,4,0.2726,5,2026-08-27T14:57:22.016968,2026-08-27T14:57:22.289606
10,16,12,repl,3,False,12,0.1677,2,2026-08-27T14:57:22.226111,2026-08-27T14:57:22.393885
10,16,9,repl,3,False,7,0.1659,4,2026-08-27T14:57:22.238611,2026-08-27T14:57:22.404531
10,16,11,repl,3,False,5,0.1732,5,2026-08-27T14:57:22.289728,2026-08-27T14:57:22.462960
10,16,11,repl,3,False,6,0.0161,1,2026-08-27T14:57:22.463035,2026-08-27T14:57:22.479133
10,16,13,repl,3,False,8,0.2828,2,2026-08-27T14:57:22.230101,2026-08-27T14:57:22.512954
10,16,11,repl,3,False,7,0.1506,4,2026-08-27T14:57:22.479214,2026-08-27T14:57:22.629795
10,16,9,repl,3,False,8,0.2611,2,2026-08-27T14:57:22.404628,2026-08-27T14:57:22.665755
10,16,13,repl,3,False,9,0.276,175,2026-08-27T14:57:22.513033,2026-08-27T14:57:22.789043
10,16,11,repl,3,False,8,0.2497,2,2026-08-27T14:57:22.629901,2026-08-27T14:57:22.879643
10,16,9,repl,3,False,9,0.3454,175,2026-08-27T14:57:22.665849,2026-08-27T14:57:23.011247
10,16,13,repl,3,False,10,0.3882,20,2026-08-27T14:57:22.789100,2026-08-27T14:57:23.177310
10,16,13,repl,3,False,11,0.0343,0,2026-08-27T14:57:23.177388,2026-08-27T14:57:23.211672
10,16,11,repl,3,False,9,0.3362,175,2026-08-27T14:57:22.879791,2026-08-27T14:57:23.216048
10,16,13,repl,3,False,12,0.1262,2,2026-08-27T14:57:23.211757,2026-08-27T14:57:23.338033
10,16,11,repl,3,False,10,0.3048,20,2026-08-27T14:57:23.216123,2026-08-27T14:57:23.520903
10,16,11,repl,3,False,11,0.032,0,2026-08-27T14:57:23.520980,2026-08-27T14:57:23.553001
10,16,13,repl,3,False,13,0.2592,45,2026-08-27T14:57:23.338135,2026-08-27T14:57:23.597366
10,16,5,repl,4,False,6,0.046,1,2026-08-27T14:57:23.633604,2026-08-27T14:57:23.679595
10,16,0,repl,4,False,1,0.098,4,2026-08-27T14:57:23.600713,2026-08-27T14:57:23.698735
10,16,1,repl,4,False,2,0.194,100,2026-08-27T14:57:23.603836,2026-08-27T14:57:23.797909
10,16,10,repl,4,False,11,0.1981,0,2026-08-27T14:57:23.661108,2026-08-27T14:57:23.859222
10,16,2,repl,4,False,3,0.4268,10,2026-08-27T14:57:23.607349,2026-08-27T14:57:24.034239
10,16,4,repl,4,False,5,0.4573,5,2026-08-27T14:57:23.618104,2026-08-27T14:57:24.075443
10,16,3,repl,4,False,4,0.4722,5,2026-08-27T14:57:23.617695,2026-08-27T14:57:24.089913
10,16,4,repl,4,False,6,0.0353,1,2026-08-27T14:57:24.075537,2026-08-27T14:57:24.110851
10,16,14,repl,4,False,15,0.4611,1,2026-08-27T14:57:23.725577,2026-08-27T14:57:24.186772
10,16,11,repl,4,False,12,0.524,2,2026-08-27T14:57:23.670711,2026-08-27T14:57:24.194796
10,16,6,repl,4,False,7,0.5865,4,2026-08-27T14:57:23.639761,2026-08-27T14:57:24.226282
10,16,13,repl,4,False,14,0.5113,1,2026-08-27T14:57:23.718724,2026-08-27T14:57:24.230034
10,16,1,repl,4,False,3,0.4287,10,2026-08-27T14:57:23.801506,2026-08-27T14:57:24.230256
10,16,12,repl,4,False,13,0.5825,45,2026-08-27T14:57:23.690377,2026-08-27T14:57:24.272966
10,16,0,repl,4,False,2,0.5822,100,2026-08-27T14:57:23.698847,2026-08-27T14:57:24.281053
10,16,10,repl,4,False,12,0.4219,2,2026-08-27T14:57:23.859379,2026-08-27T14:57:24.281267
10,16,5,repl,4,False,7,0.6017,4,2026-08-27T14:57:23.683780,2026-08-27T14:57:24.285565
10,16,8,repl,4,False,9,0.6798,175,2026-08-27T14:57:23.653891,2026-08-27T14:57:24.333697
10,16,13,repl,4,False,15,0.2176,1,2026-08-27T14:57:24.240852,2026-08-27T14:57:24.458461
10,16,9,repl,4,False,10,0.82,20,2026-08-27T14:57:23.657645,2026-08-27T14:57:24.477654
10,16,4,repl,4,False,7,0.3811,4,2026-08-27T14:57:24.110950,2026-08-27T14:57:24.492076
10,16,2,repl,4,False,4,0.4788,5,2026-08-27T14:57:24.034410,2026-08-27T14:57:24.513266
10,16,3,repl,4,False,5,0.4442,5,2026-08-27T14:57:24.090038,2026-08-27T14:57:24.534265
10,16,7,repl,4,False,8,0.8884,2,2026-08-27T14:57:23.646020,2026-08-27T14:57:24.534492
10,16,9,repl,4,False,11,0.1037,0,2026-08-27T14:57:24.481883,2026-08-27T14:57:24.585666
10,16,3,repl,4,False,6,0.0817,1,2026-08-27T14:57:24.534568,2026-08-27T14:57:24.616277
10,16,1,repl,4,False,4,0.4148,5,2026-08-27T14:57:24.240767,2026-08-27T14:57:24.655670
10,16,12,repl,4,False,14,0.4245,1,2026-08-27T14:57:24.289621,2026-08-27T14:57:24.714120
10,16,11,repl,4,False,13,0.6807,45,2026-08-27T14:57:24.194937,2026-08-27T14:57:24.907565
10,16,12,repl,4,False,15,0.1973,1,2026-08-27T14:57:24.714205,2026-08-27T14:57:24.911565
10,16,6,repl,4,False,8,0.7065,2,2026-08-27T14:57:24.226402,2026-08-27T14:57:24.933989
10,16,0,repl,4,False,3,0.6455,10,2026-08-27T14:57:24.292650,2026-08-27T14:57:24.938173
10,16,15,repl,4,False,16,1.2224,27840,2026-08-27T14:57:23.737562,2026-08-27T14:57:24.960025
10,16,2,repl,4,False,5,0.4457,5,2026-08-27T14:57:24.515948,2026-08-27T14:57:24.961697
10,16,5,repl,4,False,8,0.6596,2,2026-08-27T14:57:24.305606,2026-08-27T14:57:24.965295
10,16,3,repl,4,False,7,0.3706,4,2026-08-27T14:57:24.616403,2026-08-27T14:57:24.987068
10,16,13,repl,4,False,16,0.5318,27840,2026-08-27T14:57:24.458568,2026-08-27T14:57:24.990371
10,16,9,repl,4,False,12,0.3991,2,2026-08-27T14:57:24.594176,2026-08-27T14:57:24.993348
10,16,14,repl,4,False,16,0.823,27840,2026-08-27T14:57:24.186875,2026-08-27T14:57:25.009909
10,16,10,repl,4,False,13,0.7489,45,2026-08-27T14:57:24.305730,2026-08-27T14:57:25.054698
10,16,11,repl,4,False,14,0.1548,1,2026-08-27T14:57:24.911796,2026-08-27T14:57:25.066679
10,16,1,repl,4,False,5,0.4149,5,2026-08-27T14:57:24.655794,2026-08-27T14:57:25.070741
10,16,7,repl,4,False,9,0.5255,175,2026-08-27T14:57:24.545593,2026-08-27T14:57:25.071110
10,16,8,repl,4,False,10,0.7734,20,2026-08-27T14:57:24.333807,2026-08-27T14:57:25.107198
10,16,4,repl,4,False,8,0.6493,2,2026-08-27T14:57:24.492203,2026-08-27T14:57:25.141569
10,16,1,repl,4,False,6,0.0909,1,2026-08-27T14:57:25.071190,2026-08-27T14:57:25.162135
10,16,2,repl,4,False,6,0.2154,1,2026-08-27T14:57:25.027726,2026-08-27T14:57:25.243153
10,16,8,repl,4,False,11,0.1799,0,2026-08-27T14:57:25.107324,2026-08-27T14:57:25.287256
10,16,0,repl,4,False,4,0.3166,5,2026-08-27T14:57:24.990560,2026-08-27T14:57:25.307222
10,16,13,repl,4,False,17,0.4088,1,2026-08-27T14:57:25.023557,2026-08-27T14:57:25.432369
10,16,10,repl,4,False,14,0.393,1,2026-08-27T14:57:25.054819,2026-08-27T14:57:25.447800
10,16,3,repl,4,False,8,0.4585,2,2026-08-27T14:57:24.993829,2026-08-27T14:57:25.452345
10,16,5,repl,4,False,9,0.5476,175,2026-08-27T14:57:25.045142,2026-08-27T14:57:25.592769
10,16,11,repl,4,False,15,0.5608,1,2026-08-27T14:57:25.066774,2026-08-27T14:57:25.627558
10,16,8,repl,4,False,12,0.3633,2,2026-08-27T14:57:25.287376,2026-08-27T14:57:25.650736
10,16,2,repl,4,False,7,0.495,4,2026-08-27T14:57:25.243242,2026-08-27T14:57:25.738252
10,16,10,repl,4,False,15,0.2904,1,2026-08-27T14:57:25.447921,2026-08-27T14:57:25.738382
10,16,15,repl,4,False,17,0.7681,1,2026-08-27T14:57:25.042012,2026-08-27T14:57:25.810142
10,16,4,repl,4,False,9,0.7721,175,2026-08-27T14:57:25.141681,2026-08-27T14:57:25.913775
10,16,14,repl,4,False,17,0.8919,1,2026-08-27T14:57:25.037786,2026-08-27T14:57:25.929750
10,16,13,repl,4,False,18,0.5733,100,2026-08-27T14:57:25.432491,2026-08-27T14:57:26.005797
10,16,1,repl,4,False,7,1.0001,4,2026-08-27T14:57:25.162297,2026-08-27T14:57:26.163774
10,16,12,repl,4,False,16,1.2729,27840,2026-08-27T14:57:24.945625,2026-08-27T14:57:26.218584
10,16,2,repl,4,False,8,0.486,2,2026-08-27T14:57:25.743899,2026-08-27T14:57:26.229940
10,16,5,repl,4,False,10,0.6569,20,2026-08-27T14:57:25.593852,2026-08-27T14:57:26.250787
10,16,0,repl,4,False,5,0.9418,5,2026-08-27T14:57:25.310738,2026-08-27T14:57:26.252618
10,16,13,repl,4,False,19,0.2842,1,2026-08-27T14:57:26.005917,2026-08-27T14:57:26.290409
10,16,0,repl,4,False,6,0.0927,1,2026-08-27T14:57:26.257589,2026-08-27T14:57:26.350316
10,16,6,repl,4,False,9,1.3731,175,2026-08-27T14:57:24.993927,2026-08-27T14:57:26.367096
10,16,8,repl,4,False,13,0.7227,45,2026-08-27T14:57:25.650893,2026-08-27T14:57:26.374011
10,16,3,repl,4,False,9,0.9314,175,2026-08-27T14:57:25.452442,2026-08-27T14:57:26.383835
10,16,5,repl,4,False,11,0.1352,0,2026-08-27T14:57:26.252754,2026-08-27T14:57:26.388021
10,16,10,repl,4,False,16,0.7173,27840,2026-08-27T14:57:25.759720,2026-08-27T14:57:26.477047
10,16,12,repl,4,False,17,0.2831,1,2026-08-27T14:57:26.218723,2026-08-27T14:57:26.501812
10,16,9,repl,4,False,13,1.4939,45,2026-08-27T14:57:25.019719,2026-08-27T14:57:26.513691
10,16,13,repl,4,False,20,0.4004,1804,2026-08-27T14:57:26.328062,2026-08-27T14:57:26.729811
10,16,10,repl,4,False,17,0.319,1,2026-08-27T14:57:26.480174,2026-08-27T14:57:26.799226
10,16,1,repl,4,False,8,0.6723,2,2026-08-27T14:57:26.175408,2026-08-27T14:57:26.850267
10,16,2,repl,4,False,9,0.6307,175,2026-08-27T14:57:26.233666,2026-08-27T14:57:26.864415
10,16,8,repl,4,False,14,0.4473,1,2026-08-27T14:57:26.442078,2026-08-27T14:57:26.889409
10,16,4,repl,4,False,10,1.0523,20,2026-08-27T14:57:25.913948,2026-08-27T14:57:26.966285
10,16,12,repl,4,False,18,0.467,100,2026-08-27T14:57:26.501923,2026-08-27T14:57:26.968947
10,16,11,repl,4,False,16,1.3742,27840,2026-08-27T14:57:25.627946,2026-08-27T14:57:27.002151
10,16,7,repl,4,False,10,1.93,20,2026-08-27T14:57:25.077626,2026-08-27T14:57:27.007650
10,16,5,repl,4,False,12,0.6021,2,2026-08-27T14:57:26.449677,2026-08-27T14:57:27.051840
10,16,8,repl,4,False,15,0.164,1,2026-08-27T14:57:26.889689,2026-08-27T14:57:27.053722
10,16,15,repl,4,False,18,1.2521,100,2026-08-27T14:57:25.811123,2026-08-27T14:57:27.063249
10,16,4,repl,4,False,11,0.1431,0,2026-08-27T14:57:26.971392,2026-08-27T14:57:27.114520
10,16,9,repl,4,False,14,0.62,1,2026-08-27T14:57:26.513809,2026-08-27T14:57:27.133855
10,16,14,repl,4,False,18,1.2156,100,2026-08-27T14:57:25.930036,2026-08-27T14:57:27.145666
10,16,0,repl,4,False,7,0.8414,4,2026-08-27T14:57:26.405816,2026-08-27T14:57:27.247729
10,16,7,repl,4,False,11,0.2832,0,2026-08-27T14:57:27.026780,2026-08-27T14:57:27.310002
10,16,13,repl,4,False,21,0.6295,100,2026-08-27T14:57:26.729938,2026-08-27T14:57:27.359451
10,16,12,repl,4,False,19,0.356,1,2026-08-27T14:57:27.018347,2026-08-27T14:57:27.374435
10,16,10,repl,4,False,18,0.59,100,2026-08-27T14:57:26.801566,2026-08-27T14:57:27.391586
10,16,11,repl,4,False,17,0.371,1,2026-08-27T14:57:27.040186,2026-08-27T14:57:27.411241
10,16,1,repl,4,False,9,0.5689,175,2026-08-27T14:57:26.850401,2026-08-27T14:57:27.419381
10,16,4,repl,4,False,12,0.3516,2,2026-08-27T14:57:27.114635,2026-08-27T14:57:27.466309
10,16,6,repl,4,False,10,1.0538,20,2026-08-27T14:57:26.434113,2026-08-27T14:57:27.487955
10,16,2,repl,4,False,10,0.7028,20,2026-08-27T14:57:26.864543,2026-08-27T14:57:27.567389
10,16,10,repl,4,False,19,0.2826,1,2026-08-27T14:57:27.391692,2026-08-27T14:57:27.674351
10,16,2,repl,4,False,11,0.1192,0,2026-08-27T14:57:27.567499,2026-08-27T14:57:27.686735
10,16,6,repl,4,False,11,0.2314,0,2026-08-27T14:57:27.488094,2026-08-27T14:57:27.719538
10,16,7,repl,4,False,12,0.4227,2,2026-08-27T14:57:27.310188,2026-08-27T14:57:27.732951
10,16,9,repl,4,False,15,0.6672,1,2026-08-27T14:57:27.134314,2026-08-27T14:57:27.801582
10,16,3,repl,4,False,10,1.3657,20,2026-08-27T14:57:26.457938,2026-08-27T14:57:27.823698
10,16,13,repl,4,False,22,0.5217,7,2026-08-27T14:57:27.359559,2026-08-27T14:57:27.881323
10,16,15,repl,4,False,19,0.8588,1,2026-08-27T14:57:27.063476,2026-08-27T14:57:27.922289
10,16,10,repl,4,False,20,0.3101,1804,2026-08-27T14:57:27.674473,2026-08-27T14:57:27.984602
10,16,11,repl,4,False,18,0.5844,100,2026-08-27T14:57:27.411367,2026-08-27T14:57:27.995808
10,16,0,repl,4,False,8,0.7823,2,2026-08-27T14:57:27.247820,2026-08-27T14:57:28.030124
10,16,13,repl,4,False,1,0.1489,4,2026-08-27T14:57:27.881425,2026-08-27T14:57:28.030328
10,16,4,repl,4,False,13,0.5871,45,2026-08-27T14:57:27.466423,2026-08-27T14:57:28.053593
10,16,2,repl,4,False,12,0.3846,2,2026-08-27T14:57:27.686859,2026-08-27T14:57:28.071449
10,16,6,repl,4,False,12,0.3556,2,2026-08-27T14:57:27.719648,2026-08-27T14:57:28.075287
10,16,14,repl,4,False,19,0.9398,1,2026-08-27T14:57:27.149001,2026-08-27T14:57:28.088835
10,16,12,repl,4,False,20,0.7436,1804,2026-08-27T14:57:27.374518,2026-08-27T14:57:28.118195
10,16,3,repl,4,False,11,0.3048,0,2026-08-27T14:57:27.823800,2026-08-27T14:57:28.128673
10,16,1,repl,4,False,10,0.7258,20,2026-08-27T14:57:27.425684,2026-08-27T14:57:28.151514
10,16,11,repl,4,False,19,0.2053,1,2026-08-27T14:57:27.995915,2026-08-27T14:57:28.201276
10,16,1,repl,4,False,11,0.2388,0,2026-08-27T14:57:28.151630,2026-08-27T14:57:28.390420
10,16,13,repl,4,False,2,0.3438,100,2026-08-27T14:57:28.053918,2026-08-27T14:57:28.397736
10,16,5,repl,4,False,13,1.3286,45,2026-08-27T14:57:27.051980,2026-08-27T14:57:28.398942
10,16,4,repl,4,False,14,0.3589,1,2026-08-27T14:57:28.064974,2026-08-27T14:57:28.424939
10,16,8,repl,4,False,16,1.4493,27840,2026-08-27T14:57:27.053839,2026-08-27T14:57:28.503176
10,16,7,repl,4,False,13,0.8406,45,2026-08-27T14:57:27.733074,2026-08-27T14:57:28.573719
10,16,11,repl,4,False,20,0.3805,1804,2026-08-27T14:57:28.201386,2026-08-27T14:57:28.581932
10,16,3,repl,4,False,12,0.4944,2,2026-08-27T14:57:28.128784,2026-08-27T14:57:28.623258
10,16,10,repl,4,False,21,0.6639,100,2026-08-27T14:57:27.985809,2026-08-27T14:57:28.649700
10,16,0,repl,4,False,9,0.6391,175,2026-08-27T14:57:28.042520,2026-08-27T14:57:28.681648
10,16,7,repl,4,False,14,0.1544,1,2026-08-27T14:57:28.582924,2026-08-27T14:57:28.737397
10,16,5,repl,4,False,14,0.3254,1,2026-08-27T14:57:28.425264,2026-08-27T14:57:28.750689
10,16,6,repl,4,False,13,0.6998,45,2026-08-27T14:57:28.075645,2026-08-27T14:57:28.775498
10,16,14,repl,4,False,20,0.6979,1804,2026-08-27T14:57:28.088959,2026-08-27T14:57:28.786941
10,16,7,repl,4,False,15,0.1215,1,2026-08-27T14:57:28.737550,2026-08-27T14:57:28.859041
10,16,12,repl,4,False,21,0.7621,100,2026-08-27T14:57:28.118312,2026-08-27T14:57:28.880406
10,16,5,repl,4,False,15,0.1506,1,2026-08-27T14:57:28.764926,2026-08-27T14:57:28.915560
10,16,13,repl,4,False,3,0.5548,10,2026-08-27T14:57:28.403772,2026-08-27T14:57:28.958612
10,16,15,repl,4,False,20,1.0714,1804,2026-08-27T14:57:27.922380,2026-08-27T14:57:28.993856
10,16,4,repl,4,False,15,0.5648,1,2026-08-27T14:57:28.429346,2026-08-27T14:57:28.994160
10,16,1,repl,4,False,12,0.6217,2,2026-08-27T14:57:28.390549,2026-08-27T14:57:29.012284
10,16,6,repl,4,False,14,0.3026,1,2026-08-27T14:57:28.775624,2026-08-27T14:57:29.078220
10,16,8,repl,4,False,17,0.586,1,2026-08-27T14:57:28.503337,2026-08-27T14:57:29.089349
10,16,10,repl,4,False,22,0.4769,7,2026-08-27T14:57:28.649792,2026-08-27T14:57:29.126675
10,16,10,repl,4,False,1,0.1209,4,2026-08-27T14:57:29.126760,2026-08-27T14:57:29.247642
10,16,12,repl,4,False,22,0.4183,7,2026-08-27T14:57:28.880520,2026-08-27T14:57:29.298852
10,16,11,repl,4,False,21,0.7468,100,2026-08-27T14:57:28.588845,2026-08-27T14:57:29.335736
10,16,7,repl,4,False,16,0.5036,27840,2026-08-27T14:57:28.859160,2026-08-27T14:57:29.374826
10,16,13,repl,4,False,4,0.4576,5,2026-08-27T14:57:28.958727,2026-08-27T14:57:29.418118
10,16,6,repl,4,False,15,0.3586,1,2026-08-27T14:57:29.078343,2026-08-27T14:57:29.436937
10,16,3,repl,4,False,13,0.8407,45,2026-08-27T14:57:28.623425,2026-08-27T14:57:29.464121
10,16,12,repl,4,False,1,0.1474,4,2026-08-27T14:57:29.325454,2026-08-27T14:57:29.473953
10,16,5,repl,4,False,16,0.5727,27840,2026-08-27T14:57:28.915669,2026-08-27T14:57:29.488379
10,16,0,repl,4,False,10,0.8107,20,2026-08-27T14:57:28.681754,2026-08-27T14:57:29.492486
10,16,14,repl,4,False,21,0.7867,100,2026-08-27T14:57:28.787073,2026-08-27T14:57:29.573812
10,16,7,repl,4,False,17,0.1746,1,2026-08-27T14:57:29.397566,2026-08-27T14:57:29.574092
10,16,10,repl,4,False,2,0.3127,100,2026-08-27T14:57:29.261063,2026-08-27T14:57:29.574502
10,16,3,repl,4,False,14,0.165,1,2026-08-27T14:57:29.469880,2026-08-27T14:57:29.634925
10,16,12,repl,4,False,2,0.1642,100,2026-08-27T14:57:29.474068,2026-08-27T14:57:29.638326
10,16,8,repl,4,False,18,0.5558,100,2026-08-27T14:57:29.089470,2026-08-27T14:57:29.645319
10,16,5,repl,4,False,17,0.2,1,2026-08-27T14:57:29.493654,2026-08-27T14:57:29.693665
10,16,3,repl,4,False,15,0.1296,1,2026-08-27T14:57:29.641584,2026-08-27T14:57:29.771198
10,16,0,repl,4,False,11,0.4261,0,2026-08-27T14:57:29.502095,2026-08-27T14:57:29.950167
10,16,9,repl,4,False,16,2.1484,27840,2026-08-27T14:57:27.801708,2026-08-27T14:57:29.969302
10,16,8,repl,4,False,19,0.3379,1,2026-08-27T14:57:29.653278,2026-08-27T14:57:29.991227
10,16,11,repl,4,False,22,0.6366,7,2026-08-27T14:57:29.365635,2026-08-27T14:57:30.002327
10,16,10,repl,4,False,3,0.4227,10,2026-08-27T14:57:29.589345,2026-08-27T14:57:30.012073
10,16,13,repl,4,False,5,0.5797,5,2026-08-27T14:57:29.432019,2026-08-27T14:57:30.012287
10,16,1,repl,4,False,13,1.0266,45,2026-08-27T14:57:29.017633,2026-08-27T14:57:30.044821
10,16,12,repl,4,False,3,0.4249,10,2026-08-27T14:57:29.649646,2026-08-27T14:57:30.074547
10,16,6,repl,4,False,16,0.6757,27840,2026-08-27T14:57:29.437130,2026-08-27T14:57:30.112852
10,16,15,repl,4,False,21,1.1376,100,2026-08-27T14:57:28.997546,2026-08-27T14:57:30.135186
10,16,14,repl,4,False,22,0.5714,7,2026-08-27T14:57:29.574016,2026-08-27T14:57:30.145397
10,16,7,repl,4,False,18,0.6169,100,2026-08-27T14:57:29.574183,2026-08-27T14:57:30.191104
10,16,11,repl,4,False,1,0.2041,4,2026-08-27T14:57:30.002437,2026-08-27T14:57:30.206599
10,16,4,repl,4,False,16,1.206,27840,2026-08-27T14:57:29.004553,2026-08-27T14:57:30.210588
10,16,13,repl,4,False,6,0.2047,1,2026-08-27T14:57:30.012319,2026-08-27T14:57:30.216993
10,16,2,repl,4,False,13,2.1781,45,2026-08-27T14:57:28.071541,2026-08-27T14:57:30.249644
10,16,5,repl,4,False,18,0.5599,100,2026-08-27T14:57:29.693815,2026-08-27T14:57:30.253720
10,16,8,repl,4,False,20,0.2756,1804,2026-08-27T14:57:29.991344,2026-08-27T14:57:30.267507
10,16,9,repl,4,False,17,0.3045,1,2026-08-27T14:57:29.969399,2026-08-27T14:57:30.273941
10,16,14,repl,4,False,1,0.1433,4,2026-08-27T14:57:30.145508,2026-08-27T14:57:30.288821
10,16,7,repl,4,False,19,0.1318,1,2026-08-27T14:57:30.191213,2026-08-27T14:57:30.323045
10,16,0,repl,4,False,12,0.3729,2,2026-08-27T14:57:29.950284,2026-08-27T14:57:30.323168
10,16,3,repl,4,False,16,0.6241,27840,2026-08-27T14:57:29.771331,2026-08-27T14:57:30.395464
10,16,10,repl,4,False,4,0.4251,5,2026-08-27T14:57:30.012201,2026-08-27T14:57:30.437293
10,16,11,repl,4,False,2,0.3143,100,2026-08-27T14:57:30.206702,2026-08-27T14:57:30.520998
10,16,12,repl,4,False,4,0.4539,5,2026-08-27T14:57:30.091299,2026-08-27T14:57:30.546183
10,16,2,repl,4,False,14,0.3204,1,2026-08-27T14:57:30.249759,2026-08-27T14:57:30.570142
10,16,3,repl,4,False,17,0.1922,1,2026-08-27T14:57:30.395594,2026-08-27T14:57:30.587861
10,16,13,repl,4,False,7,0.371,4,2026-08-27T14:57:30.217091,2026-08-27T14:57:30.588116
10,16,6,repl,4,False,17,0.5126,1,2026-08-27T14:57:30.112968,2026-08-27T14:57:30.625620
10,16,4,repl,4,False,17,0.4469,1,2026-08-27T14:57:30.210660,2026-08-27T14:57:30.657568
10,16,5,repl,4,False,19,0.4405,1,2026-08-27T14:57:30.253834,2026-08-27T14:57:30.694368
10,16,2,repl,4,False,15,0.1419,1,2026-08-27T14:57:30.570300,2026-08-27T14:57:30.712248
10,16,14,repl,4,False,2,0.4407,100,2026-08-27T14:57:30.288934,2026-08-27T14:57:30.729628
10,16,15,repl,4,False,22,0.854,7,2026-08-27T14:57:30.135312,2026-08-27T14:57:30.989350
10,16,8,repl,4,False,21,0.7323,100,2026-08-27T14:57:30.267639,2026-08-27T14:57:31.000008
10,16,11,repl,4,False,3,0.508,10,2026-08-27T14:57:30.521119,2026-08-27T14:57:31.029127
10,16,0,repl,4,False,13,0.7739,45,2026-08-27T14:57:30.328100,2026-08-27T14:57:31.102014
10,16,1,repl,4,False,14,1.0885,1,2026-08-27T14:57:30.044930,2026-08-27T14:57:31.133446
10,16,3,repl,4,False,18,0.5335,100,2026-08-27T14:57:30.603913,2026-08-27T14:57:31.137472
10,16,5,repl,4,False,20,0.4554,1804,2026-08-27T14:57:30.694483,2026-08-27T14:57:31.149918
10,16,12,repl,4,False,5,0.6314,5,2026-08-27T14:57:30.546267,2026-08-27T14:57:31.177711
10,16,15,repl,4,False,1,0.204,4,2026-08-27T14:57:30.989510,2026-08-27T14:57:31.193572
10,16,13,repl,4,False,8,0.623,2,2026-08-27T14:57:30.593751,2026-08-27T14:57:31.216766
10,16,1,repl,4,False,15,0.1235,1,2026-08-27T14:57:31.133631,2026-08-27T14:57:31.257175
10,16,11,repl,4,False,4,0.2764,5,2026-08-27T14:57:31.029245,2026-08-27T14:57:31.305650
10,16,3,repl,4,False,19,0.1942,1,2026-08-27T14:57:31.137620,2026-08-27T14:57:31.331842
10,16,6,repl,4,False,18,0.716,100,2026-08-27T14:57:30.625703,2026-08-27T14:57:31.341714
10,16,0,repl,4,False,14,0.2516,1,2026-08-27T14:57:31.102120,2026-08-27T14:57:31.353762
10,16,10,repl,4,False,5,0.9633,5,2026-08-27T14:57:30.437420,2026-08-27T14:57:31.400765
10,16,4,repl,4,False,18,0.768,100,2026-08-27T14:57:30.657737,2026-08-27T14:57:31.426495
10,16,10,repl,4,False,6,0.1033,1,2026-08-27T14:57:31.401005,2026-08-27T14:57:31.504306
10,16,0,repl,4,False,15,0.1653,1,2026-08-27T14:57:31.353878,2026-08-27T14:57:31.519227
10,16,15,repl,4,False,2,0.3307,100,2026-08-27T14:57:31.209531,2026-08-27T14:57:31.540313
10,16,6,repl,4,False,19,0.2129,1,2026-08-27T14:57:31.341821,2026-08-27T14:57:31.555243
10,16,2,repl,4,False,16,0.8838,27840,2026-08-27T14:57:30.712333,2026-08-27T14:57:31.596197
10,16,8,repl,4,False,22,0.6215,7,2026-08-27T14:57:31.001712,2026-08-27T14:57:31.623270
10,16,4,repl,4,False,19,0.243,1,2026-08-27T14:57:31.426607,2026-08-27T14:57:31.669662
10,16,12,repl,4,False,6,0.4993,1,2026-08-27T14:57:31.181633,2026-08-27T14:57:31.681006
10,16,9,repl,4,False,18,1.4396,100,2026-08-27T14:57:30.274035,2026-08-27T14:57:31.715073
10,16,8,repl,4,False,1,0.1431,4,2026-08-27T14:57:31.623373,2026-08-27T14:57:31.766509
10,16,11,repl,4,False,5,0.4821,5,2026-08-27T14:57:31.305736,2026-08-27T14:57:31.787856
10,16,7,repl,4,False,20,1.4707,1804,2026-08-27T14:57:30.323237,2026-08-27T14:57:31.793929
10,16,14,repl,4,False,3,1.0644,10,2026-08-27T14:57:30.729741,2026-08-27T14:57:31.794152
10,16,5,repl,4,False,21,0.6443,100,2026-08-27T14:57:31.150013,2026-08-27T14:57:31.794353
10,16,13,repl,4,False,9,0.5777,175,2026-08-27T14:57:31.216852,2026-08-27T14:57:31.794539
10,16,3,repl,4,False,20,0.4961,1804,2026-08-27T14:57:31.331959,2026-08-27T14:57:31.828063
10,16,1,repl,4,False,16,0.5995,27840,2026-08-27T14:57:31.261567,2026-08-27T14:57:31.861091
10,16,10,repl,4,False,7,0.3467,4,2026-08-27T14:57:31.529231,2026-08-27T14:57:31.876268
10,16,11,repl,4,False,6,0.1058,1,2026-08-27T14:57:31.788007,2026-08-27T14:57:31.893847
10,16,9,repl,4,False,19,0.1896,1,2026-08-27T14:57:31.725934,2026-08-27T14:57:31.915817
10,16,15,repl,4,False,3,0.4492,10,2026-08-27T14:57:31.568690,2026-08-27T14:57:32.017947
10,16,4,repl,4,False,20,0.3878,1804,2026-08-27T14:57:31.669772,2026-08-27T14:57:32.058424
10,16,2,repl,4,False,17,0.4833,1,2026-08-27T14:57:31.596315,2026-08-27T14:57:32.079678
10,16,0,repl,4,False,16,0.5398,27840,2026-08-27T14:57:31.564439,2026-08-27T14:57:32.104275
10,16,6,repl,4,False,20,0.5526,1804,2026-08-27T14:57:31.576903,2026-08-27T14:57:32.129897
10,16,8,repl,4,False,2,0.3701,100,2026-08-27T14:57:31.766613,2026-08-27T14:57:32.136720
10,16,1,repl,4,False,17,0.3279,1,2026-08-27T14:57:31.861200,2026-08-27T14:57:32.189148
10,16,11,repl,4,False,7,0.328,4,2026-08-27T14:57:31.893954,2026-08-27T14:57:32.222039
10,16,12,repl,4,False,7,0.5753,4,2026-08-27T14:57:31.686987,2026-08-27T14:57:32.262323
10,16,5,repl,4,False,22,0.5802,7,2026-08-27T14:57:31.817500,2026-08-27T14:57:32.397781
10,16,3,repl,4,False,21,0.6117,100,2026-08-27T14:57:31.831654,2026-08-27T14:57:32.443395
10,16,10,repl,4,False,8,0.6136,2,2026-08-27T14:57:31.876373,2026-08-27T14:57:32.490049
10,16,5,repl,4,False,1,0.1105,4,2026-08-27T14:57:32.397898,2026-08-27T14:57:32.508462
10,16,0,repl,4,False,17,0.4139,1,2026-08-27T14:57:32.104397,2026-08-27T14:57:32.518297
10,16,15,repl,4,False,4,0.5152,5,2026-08-27T14:57:32.018057,2026-08-27T14:57:32.533327
10,16,2,repl,4,False,18,0.4588,100,2026-08-27T14:57:32.091681,2026-08-27T14:57:32.550554
10,16,5,repl,4,False,2,0.2412,100,2026-08-27T14:57:32.508570,2026-08-27T14:57:32.749802
10,16,4,repl,4,False,21,0.7211,100,2026-08-27T14:57:32.074294,2026-08-27T14:57:32.795696
10,16,11,repl,4,False,8,0.5863,2,2026-08-27T14:57:32.225599,2026-08-27T14:57:32.811913
10,16,2,repl,4,False,19,0.2701,1,2026-08-27T14:57:32.551669,2026-08-27T14:57:32.821805
10,16,3,repl,4,False,22,0.4057,7,2026-08-27T14:57:32.443511,2026-08-27T14:57:32.849250
10,16,8,repl,4,False,3,0.7231,10,2026-08-27T14:57:32.136832,2026-08-27T14:57:32.859984
10,16,14,repl,4,False,4,1.0658,5,2026-08-27T14:57:31.848228,2026-08-27T14:57:32.914039
10,16,7,repl,4,False,21,1.1831,100,2026-08-27T14:57:31.799049,2026-08-27T14:57:32.982471
10,16,3,repl,4,False,1,0.1863,4,2026-08-27T14:57:32.849377,2026-08-27T14:57:33.035710
10,16,0,repl,4,False,18,0.5361,100,2026-08-27T14:57:32.518409,2026-08-27T14:57:33.054494
10,16,9,repl,4,False,20,1.1555,1804,2026-08-27T14:57:31.915900,2026-08-27T14:57:33.071409
10,16,15,repl,4,False,5,0.5426,5,2026-08-27T14:57:32.535058,2026-08-27T14:57:33.077712
10,16,10,repl,4,False,9,0.599,175,2026-08-27T14:57:32.493557,2026-08-27T14:57:33.092643
10,16,15,repl,4,False,6,0.0363,1,2026-08-27T14:57:33.077814,2026-08-27T14:57:33.114153
10,16,5,repl,4,False,3,0.3823,10,2026-08-27T14:57:32.749895,2026-08-27T14:57:33.132225
10,16,6,repl,4,False,21,1.0551,100,2026-08-27T14:57:32.130584,2026-08-27T14:57:33.185765
10,16,4,repl,4,False,22,0.4206,7,2026-08-27T14:57:32.795813,2026-08-27T14:57:33.216443
10,16,2,repl,4,False,20,0.4086,1804,2026-08-27T14:57:32.821983,2026-08-27T14:57:33.230560
10,16,0,repl,4,False,19,0.2076,1,2026-08-27T14:57:33.054612,2026-08-27T14:57:33.262232
10,16,8,repl,4,False,4,0.4201,5,2026-08-27T14:57:32.860129,2026-08-27T14:57:33.280296
10,16,3,repl,4,False,2,0.2663,100,2026-08-27T14:57:33.037033,2026-08-27T14:57:33.303388
10,16,12,repl,4,False,8,1.0701,2,2026-08-27T14:57:32.262455,2026-08-27T14:57:33.332538
10,16,4,repl,4,False,1,0.1378,4,2026-08-27T14:57:33.216564,2026-08-27T14:57:33.354401
10,16,11,repl,4,False,9,0.6986,175,2026-08-27T14:57:32.812028,2026-08-27T14:57:33.510613
10,16,14,repl,4,False,5,0.6943,5,2026-08-27T14:57:32.914154,2026-08-27T14:57:33.608519
10,16,9,repl,4,False,21,0.5612,100,2026-08-27T14:57:33.071527,2026-08-27T14:57:33.632793
10,16,0,repl,4,False,20,0.3813,1804,2026-08-27T14:57:33.262341,2026-08-27T14:57:33.643672
10,16,13,repl,4,False,10,1.801,20,2026-08-27T14:57:31.851049,2026-08-27T14:57:33.652044
10,16,14,repl,4,False,6,0.0479,1,2026-08-27T14:57:33.608609,2026-08-27T14:57:33.656536
10,16,5,repl,4,False,4,0.5392,5,2026-08-27T14:57:33.132338,2026-08-27T14:57:33.671555
10,16,7,repl,4,False,22,0.7191,7,2026-08-27T14:57:32.982585,2026-08-27T14:57:33.701731
10,16,4,repl,4,False,2,0.3644,100,2026-08-27T14:57:33.354673,2026-08-27T14:57:33.719057
10,16,6,repl,4,False,22,0.5529,7,2026-08-27T14:57:33.185879,2026-08-27T14:57:33.738787
10,16,13,repl,4,False,11,0.1582,0,2026-08-27T14:57:33.652142,2026-08-27T14:57:33.810327
10,16,2,repl,4,False,21,0.5927,100,2026-08-27T14:57:33.230658,2026-08-27T14:57:33.823359
10,16,8,repl,4,False,5,0.5558,5,2026-08-27T14:57:33.280419,2026-08-27T14:57:33.836202
10,16,6,repl,4,False,1,0.1475,4,2026-08-27T14:57:33.738881,2026-08-27T14:57:33.886372
10,16,8,repl,4,False,6,0.0778,1,2026-08-27T14:57:33.836299,2026-08-27T14:57:33.914110
10,16,12,repl,4,False,9,0.606,175,2026-08-27T14:57:33.332667,2026-08-27T14:57:33.938734
10,16,10,repl,4,False,10,0.8591,20,2026-08-27T14:57:33.092731,2026-08-27T14:57:33.951887
10,16,3,repl,4,False,3,0.683,10,2026-08-27T14:57:33.303495,2026-08-27T14:57:33.986521
10,16,7,repl,4,False,1,0.2865,4,2026-08-27T14:57:33.702161,2026-08-27T14:57:33.988703
10,16,6,repl,4,False,2,0.1833,100,2026-08-27T14:57:33.886479,2026-08-27T14:57:34.069851
10,16,9,repl,4,False,22,0.4504,7,2026-08-27T14:57:33.632905,2026-08-27T14:57:34.083379
10,16,13,repl,4,False,12,0.3214,2,2026-08-27T14:57:33.810457,2026-08-27T14:57:34.131885
10,16,15,repl,4,False,7,1.0593,4,2026-08-27T14:57:33.114261,2026-08-27T14:57:34.173565
10,16,7,repl,4,False,2,0.1945,100,2026-08-27T14:57:33.988771,2026-08-27T14:57:34.183309
10,16,8,repl,4,False,7,0.2841,4,2026-08-27T14:57:33.914246,2026-08-27T14:57:34.198392
10,16,9,repl,4,False,1,0.1371,4,2026-08-27T14:57:34.088509,2026-08-27T14:57:34.225664
10,16,11,repl,4,False,10,0.7647,20,2026-08-27T14:57:33.510730,2026-08-27T14:57:34.275456
10,16,2,repl,4,False,22,0.4711,7,2026-08-27T14:57:33.823471,2026-08-27T14:57:34.294583
10,16,11,repl,4,False,11,0.1153,0,2026-08-27T14:57:34.275561,2026-08-27T14:57:34.390881
10,16,2,repl,4,False,1,0.1116,4,2026-08-27T14:57:34.294690,2026-08-27T14:57:34.406336
10,16,0,repl,4,False,21,0.8058,100,2026-08-27T14:57:33.643814,2026-08-27T14:57:34.449624
10,16,4,repl,4,False,3,0.7496,10,2026-08-27T14:57:33.725569,2026-08-27T14:57:34.475217
10,16,6,repl,4,False,3,0.4072,10,2026-08-27T14:57:34.073604,2026-08-27T14:57:34.480853
10,16,9,repl,4,False,2,0.2674,100,2026-08-27T14:57:34.225824,2026-08-27T14:57:34.493284
10,16,7,repl,4,False,3,0.3185,10,2026-08-27T14:57:34.183434,2026-08-27T14:57:34.501915
10,16,14,repl,4,False,7,0.8699,4,2026-08-27T14:57:33.656618,2026-08-27T14:57:34.526547
10,16,5,repl,4,False,5,0.8622,5,2026-08-27T14:57:33.671668,2026-08-27T14:57:34.533887
10,16,2,repl,4,False,2,0.1404,100,2026-08-27T14:57:34.406470,2026-08-27T14:57:34.546854
10,16,13,repl,4,False,13,0.4417,45,2026-08-27T14:57:34.131981,2026-08-27T14:57:34.573701
10,16,12,repl,4,False,10,0.7136,20,2026-08-27T14:57:33.938853,2026-08-27T14:57:34.652480
10,16,8,repl,4,False,8,0.4755,2,2026-08-27T14:57:34.198529,2026-08-27T14:57:34.674032
10,16,12,repl,4,False,11,0.0499,0,2026-08-27T14:57:34.652579,2026-08-27T14:57:34.702535
10,16,0,repl,4,False,22,0.2672,7,2026-08-27T14:57:34.450020,2026-08-27T14:57:34.717211
10,16,15,repl,4,False,8,0.5531,2,2026-08-27T14:57:34.173665,2026-08-27T14:57:34.726745
10,16,4,repl,4,False,4,0.2711,5,2026-08-27T14:57:34.475788,2026-08-27T14:57:34.746898
10,16,7,repl,4,False,4,0.268,5,2026-08-27T14:57:34.502192,2026-08-27T14:57:34.770226
10,16,6,repl,4,False,4,0.2939,5,2026-08-27T14:57:34.480927,2026-08-27T14:57:34.774890
10,16,9,repl,4,False,3,0.3219,10,2026-08-27T14:57:34.493447,2026-08-27T14:57:34.815343
10,16,12,repl,4,False,12,0.157,2,2026-08-27T14:57:34.702616,2026-08-27T14:57:34.859639
10,16,14,repl,4,False,8,0.3421,2,2026-08-27T14:57:34.526639,2026-08-27T14:57:34.868800
10,16,7,repl,4,False,5,0.3036,5,2026-08-27T14:57:34.770333,2026-08-27T14:57:35.073983
10,16,15,repl,4,False,9,0.3687,175,2026-08-27T14:57:34.726867,2026-08-27T14:57:35.095623
10,16,7,repl,4,False,6,0.0259,1,2026-08-27T14:57:35.074077,2026-08-27T14:57:35.100027
10,16,9,repl,4,False,4,0.2917,5,2026-08-27T14:57:34.815437,2026-08-27T14:57:35.107154
10,16,6,repl,4,False,5,0.3362,5,2026-08-27T14:57:34.774941,2026-08-27T14:57:35.111152
10,16,6,repl,4,False,6,0.0907,1,2026-08-27T14:57:35.111237,2026-08-27T14:57:35.201997
10,16,14,repl,4,False,9,0.3812,175,2026-08-27T14:57:34.868983,2026-08-27T14:57:35.250233
10,16,7,repl,4,False,7,0.2301,4,2026-08-27T14:57:35.100130,2026-08-27T14:57:35.330218
10,16,9,repl,4,False,5,0.2736,5,2026-08-27T14:57:35.107278,2026-08-27T14:57:35.380930
10,16,9,repl,4,False,6,0.0182,1,2026-08-27T14:57:35.381015,2026-08-27T14:57:35.399252
10,16,15,repl,4,False,10,0.3992,20,2026-08-27T14:57:35.095708,2026-08-27T14:57:35.494965
10,16,15,repl,4,False,11,0.031,0,2026-08-27T14:57:35.495046,2026-08-27T14:57:35.526049
10,16,9,repl,4,False,7,0.2162,4,2026-08-27T14:57:35.399337,2026-08-27T14:57:35.615520
10,16,14,repl,4,False,10,0.3722,20,2026-08-27T14:57:35.250301,2026-08-27T14:57:35.622552
10,16,14,repl,4,False,11,0.0473,0,2026-08-27T14:57:35.622629,2026-08-27T14:57:35.669930
10,16,15,repl,4,False,12,0.1544,2,2026-08-27T14:57:35.526133,2026-08-27T14:57:35.680584
10,16,14,repl,4,False,12,0.1765,2,2026-08-27T14:57:35.669991,2026-08-27T14:57:35.846476
10,16,9,repl,4,False,8,0.2858,2,2026-08-27T14:57:35.615629,2026-08-27T14:57:35.901429
10,16,15,repl,4,False,13,0.3024,45,2026-08-27T14:57:35.680677,2026-08-27T14:57:35.983102
10,16,15,repl,4,False,14,0.0811,1,2026-08-27T14:57:35.983193,2026-08-27T14:57:36.064290
10,16,15,repl,4,False,15,0.0999,1,2026-08-27T14:57:36.064397,2026-08-27T14:57:36.164368
10,16,9,repl,4,False,9,0.2915,175,2026-08-27T14:57:35.901543,2026-08-27T14:57:36.193104
10,16,14,repl,4,False,13,0.3558,45,2026-08-27T14:57:35.846548,2026-08-27T14:57:36.202349
10,16,14,repl,4,False,14,0.0731,1,2026-08-27T14:57:36.202394,2026-08-27T14:57:36.275472
10,16,1,repl,4,False,18,4.0864,100,2026-08-27T14:57:32.189251,2026-08-27T14:57:36.275705
10,16,1,repl,4,False,19,0.0702,1,2026-08-27T14:57:36.275808,2026-08-27T14:57:36.346001
10,16,1,repl,4,False,20,0.0937,1804,2026-08-27T14:57:36.346073,2026-08-27T14:57:36.439754
10,16,1,repl,4,False,21,0.1989,100,2026-08-27T14:57:36.439832,2026-08-27T14:57:36.638734
10,16,1,repl,4,False,22,0.1246,7,2026-08-27T14:57:36.638819,2026-08-27T14:57:36.763429
10,16,1,repl,4,False,1,0.0481,4,2026-08-27T14:57:36.763512,2026-08-27T14:57:36.811591
10,16,0,repl,5,False,1,0.0689,4,2026-08-27T14:57:36.813920,2026-08-27T14:57:36.882864
10,16,5,repl,5,False,6,0.0547,1,2026-08-27T14:57:36.841544,2026-08-27T14:57:36.896234
10,16,1,repl,5,False,2,0.217,100,2026-08-27T14:57:36.816724,2026-08-27T14:57:37.033739
10,16,10,repl,5,False,11,0.2296,0,2026-08-27T14:57:36.874253,2026-08-27T14:57:37.103892
10,16,3,repl,5,False,4,0.3123,5,2026-08-27T14:57:36.829826,2026-08-27T14:57:37.142177
10,16,0,repl,5,False,2,0.2611,100,2026-08-27T14:57:36.882983,2026-08-27T14:57:37.144153
10,16,6,repl,5,False,7,0.3755,4,2026-08-27T14:57:36.843893,2026-08-27T14:57:37.219462
10,16,2,repl,5,False,3,0.4141,10,2026-08-27T14:57:36.820109,2026-08-27T14:57:37.234207
10,16,4,repl,5,False,5,0.5186,5,2026-08-27T14:57:36.833657,2026-08-27T14:57:37.352262
10,16,7,repl,5,False,8,0.5047,2,2026-08-27T14:57:36.855583,2026-08-27T14:57:37.360347
10,16,8,repl,5,False,9,0.5284,175,2026-08-27T14:57:36.862005,2026-08-27T14:57:37.390479
10,16,10,repl,5,False,12,0.2897,2,2026-08-27T14:57:37.109914,2026-08-27T14:57:37.399643
10,16,11,repl,5,False,12,0.493,2,2026-08-27T14:57:36.913866,2026-08-27T14:57:37.406954
10,16,14,repl,5,False,15,0.4763,1,2026-08-27T14:57:36.941398,2026-08-27T14:57:37.417740
10,16,13,repl,5,False,14,0.5102,1,2026-08-27T14:57:36.934108,2026-08-27T14:57:37.444378
10,16,1,repl,5,False,3,0.4069,10,2026-08-27T14:57:37.037619,2026-08-27T14:57:37.444528
10,16,4,repl,5,False,6,0.1014,1,2026-08-27T14:57:37.352375,2026-08-27T14:57:37.453828
10,16,5,repl,5,False,7,0.5876,4,2026-08-27T14:57:36.896341,2026-08-27T14:57:37.483997
10,16,13,repl,5,False,15,0.1436,1,2026-08-27T14:57:37.457467,2026-08-27T14:57:37.601134
10,16,9,repl,5,False,10,0.7683,20,2026-08-27T14:57:36.865404,2026-08-27T14:57:37.633704
10,16,2,repl,5,False,4,0.4268,5,2026-08-27T14:57:37.234317,2026-08-27T14:57:37.661137
10,16,0,repl,5,False,3,0.5181,10,2026-08-27T14:57:37.162437,2026-08-27T14:57:37.680582
10,16,6,repl,5,False,8,0.545,2,2026-08-27T14:57:37.219580,2026-08-27T14:57:37.764603
10,16,3,repl,5,False,5,0.6236,5,2026-08-27T14:57:37.149655,2026-08-27T14:57:37.773277
10,16,9,repl,5,False,11,0.1478,0,2026-08-27T14:57:37.633833,2026-08-27T14:57:37.781697
10,16,3,repl,5,False,6,0.0505,1,2026-08-27T14:57:37.773396,2026-08-27T14:57:37.823969
10,16,12,repl,5,False,13,0.9845,45,2026-08-27T14:57:36.929868,2026-08-27T14:57:37.914376
10,16,7,repl,5,False,9,0.5994,175,2026-08-27T14:57:37.360466,2026-08-27T14:57:37.959942
10,16,1,repl,5,False,4,0.5058,5,2026-08-27T14:57:37.454270,2026-08-27T14:57:37.960123
10,16,8,repl,5,False,10,0.6522,20,2026-08-27T14:57:37.393600,2026-08-27T14:57:38.045832
10,16,12,repl,5,False,14,0.1413,1,2026-08-27T14:57:37.914460,2026-08-27T14:57:38.055738
10,16,13,repl,5,False,16,0.485,27840,2026-08-27T14:57:37.601249,2026-08-27T14:57:38.089554
10,16,4,repl,5,False,7,0.6292,4,2026-08-27T14:57:37.469592,2026-08-27T14:57:38.098836
10,16,3,repl,5,False,7,0.3016,4,2026-08-27T14:57:37.824092,2026-08-27T14:57:38.125766
10,16,9,repl,5,False,12,0.3573,2,2026-08-27T14:57:37.781824,2026-08-27T14:57:38.139137
10,16,8,repl,5,False,11,0.0996,0,2026-08-27T14:57:38.045988,2026-08-27T14:57:38.145643
10,16,2,repl,5,False,5,0.4936,5,2026-08-27T14:57:37.661253,2026-08-27T14:57:38.154892
10,16,10,repl,5,False,13,0.7909,45,2026-08-27T14:57:37.399732,2026-08-27T14:57:38.191407
10,16,0,repl,5,False,4,0.5184,5,2026-08-27T14:57:37.680698,2026-08-27T14:57:38.199107
10,16,12,repl,5,False,15,0.1709,1,2026-08-27T14:57:38.055864,2026-08-27T14:57:38.227076
10,16,13,repl,5,False,17,0.2391,1,2026-08-27T14:57:38.089923,2026-08-27T14:57:38.329020
10,16,15,repl,5,False,16,1.3812,27840,2026-08-27T14:57:36.945787,2026-08-27T14:57:38.336497
10,16,2,repl,5,False,6,0.2213,1,2026-08-27T14:57:38.155013,2026-08-27T14:57:38.376357
10,16,5,repl,5,False,8,0.9617,2,2026-08-27T14:57:37.484114,2026-08-27T14:57:38.445805
10,16,10,repl,5,False,14,0.3109,1,2026-08-27T14:57:38.191540,2026-08-27T14:57:38.502472
10,16,11,repl,5,False,13,1.1121,45,2026-08-27T14:57:37.407072,2026-08-27T14:57:38.519229
10,16,6,repl,5,False,9,0.7902,175,2026-08-27T14:57:37.764697,2026-08-27T14:57:38.554939
10,16,10,repl,5,False,15,0.1105,1,2026-08-27T14:57:38.502597,2026-08-27T14:57:38.613126
10,16,1,repl,5,False,5,0.6485,5,2026-08-27T14:57:37.987059,2026-08-27T14:57:38.635628
10,16,8,repl,5,False,12,0.5978,2,2026-08-27T14:57:38.145729,2026-08-27T14:57:38.746941
10,16,11,repl,5,False,14,0.2432,1,2026-08-27T14:57:38.519351,2026-08-27T14:57:38.762543
10,16,9,repl,5,False,13,0.6291,45,2026-08-27T14:57:38.139245,2026-08-27T14:57:38.768729
10,16,13,repl,5,False,18,0.4446,100,2026-08-27T14:57:38.329643,2026-08-27T14:57:38.774278
10,16,4,repl,5,False,8,0.6752,2,2026-08-27T14:57:38.099147,2026-08-27T14:57:38.774419
10,16,7,repl,5,False,10,0.8219,20,2026-08-27T14:57:37.962799,2026-08-27T14:57:38.784716
10,16,1,repl,5,False,6,0.206,1,2026-08-27T14:57:38.638583,2026-08-27T14:57:38.844635
10,16,14,repl,5,False,16,1.4427,27840,2026-08-27T14:57:37.417823,2026-08-27T14:57:38.860602
10,16,0,repl,5,False,5,0.6699,5,2026-08-27T14:57:38.199227,2026-08-27T14:57:38.869182
10,16,2,repl,5,False,7,0.5012,4,2026-08-27T14:57:38.376466,2026-08-27T14:57:38.877671
10,16,11,repl,5,False,15,0.1709,1,2026-08-27T14:57:38.837470,2026-08-27T14:57:39.050278
10,16,15,repl,5,False,17,0.7483,1,2026-08-27T14:57:38.336617,2026-08-27T14:57:39.084945
10,16,3,repl,5,False,8,0.9816,2,2026-08-27T14:57:38.125949,2026-08-27T14:57:39.107630
10,16,12,repl,5,False,16,0.8894,27840,2026-08-27T14:57:38.227235,2026-08-27T14:57:39.116711
10,16,0,repl,5,False,6,0.2649,1,2026-08-27T14:57:38.869287,2026-08-27T14:57:39.134182
10,16,9,repl,5,False,14,0.3605,1,2026-08-27T14:57:38.776094,2026-08-27T14:57:39.136635
10,16,7,repl,5,False,11,0.3352,0,2026-08-27T14:57:38.813151,2026-08-27T14:57:39.148387
10,16,14,repl,5,False,17,0.2827,1,2026-08-27T14:57:38.865763,2026-08-27T14:57:39.148544
10,16,10,repl,5,False,16,0.5396,27840,2026-08-27T14:57:38.613220,2026-08-27T14:57:39.152832
10,16,13,repl,5,False,19,0.3719,1,2026-08-27T14:57:38.797935,2026-08-27T14:57:39.169855
10,16,1,repl,5,False,7,0.3654,4,2026-08-27T14:57:38.844845,2026-08-27T14:57:39.210248
10,16,8,repl,5,False,13,0.5055,45,2026-08-27T14:57:38.747062,2026-08-27T14:57:39.252622
10,16,5,repl,5,False,9,0.812,175,2026-08-27T14:57:38.445901,2026-08-27T14:57:39.257908
10,16,9,repl,5,False,15,0.1866,1,2026-08-27T14:57:39.153036,2026-08-27T14:57:39.339690
10,16,12,repl,5,False,17,0.343,1,2026-08-27T14:57:39.116827,2026-08-27T14:57:39.459893
10,16,4,repl,5,False,9,0.6723,175,2026-08-27T14:57:38.825271,2026-08-27T14:57:39.497882
10,16,15,repl,5,False,18,0.5515,100,2026-08-27T14:57:39.097666,2026-08-27T14:57:39.650111
10,16,8,repl,5,False,14,0.4251,1,2026-08-27T14:57:39.265607,2026-08-27T14:57:39.690814
10,16,7,repl,5,False,12,0.59,2,2026-08-27T14:57:39.173612,2026-08-27T14:57:39.763607
10,16,6,repl,5,False,10,1.262,20,2026-08-27T14:57:38.555041,2026-08-27T14:57:39.817043
10,16,8,repl,5,False,15,0.2145,1,2026-08-27T14:57:39.690950,2026-08-27T14:57:39.919793
10,16,0,repl,5,False,7,0.8119,4,2026-08-27T14:57:39.137697,2026-08-27T14:57:39.949658
10,16,1,repl,5,False,8,0.7361,2,2026-08-27T14:57:39.213731,2026-08-27T14:57:39.949866
10,16,9,repl,5,False,16,0.6424,27840,2026-08-27T14:57:39.339797,2026-08-27T14:57:39.982306
10,16,15,repl,5,False,19,0.3348,1,2026-08-27T14:57:39.650283,2026-08-27T14:57:39.985092
10,16,6,repl,5,False,11,0.1762,0,2026-08-27T14:57:39.817166,2026-08-27T14:57:39.993361
10,16,3,repl,5,False,9,0.9154,175,2026-08-27T14:57:39.107748,2026-08-27T14:57:40.023167
10,16,12,repl,5,False,18,0.5751,100,2026-08-27T14:57:39.459979,2026-08-27T14:57:40.035136
10,16,10,repl,5,False,17,1.0206,1,2026-08-27T14:57:39.177764,2026-08-27T14:57:40.210433
10,16,13,repl,5,False,20,1.0517,1804,2026-08-27T14:57:39.184229,2026-08-27T14:57:40.235956
10,16,11,repl,5,False,16,1.1675,27840,2026-08-27T14:57:39.083435,2026-08-27T14:57:40.251955
10,16,4,repl,5,False,10,0.7883,20,2026-08-27T14:57:39.498022,2026-08-27T14:57:40.286298
10,16,12,repl,5,False,19,0.2418,1,2026-08-27T14:57:40.049646,2026-08-27T14:57:40.291534
10,16,2,repl,5,False,8,1.4151,2,2026-08-27T14:57:38.877793,2026-08-27T14:57:40.292941
10,16,9,repl,5,False,17,0.3127,1,2026-08-27T14:57:39.982460,2026-08-27T14:57:40.295185
10,16,14,repl,5,False,18,1.1928,100,2026-08-27T14:57:39.157682,2026-08-27T14:57:40.350575
10,16,8,repl,5,False,16,0.491,27840,2026-08-27T14:57:39.937602,2026-08-27T14:57:40.433742
10,16,6,repl,5,False,12,0.4427,2,2026-08-27T14:57:40.004426,2026-08-27T14:57:40.447202
10,16,15,repl,5,False,20,0.4652,1804,2026-08-27T14:57:39.985241,2026-08-27T14:57:40.450467
10,16,0,repl,5,False,8,0.5142,2,2026-08-27T14:57:39.949972,2026-08-27T14:57:40.464235
10,16,14,repl,5,False,19,0.2293,1,2026-08-27T14:57:40.385722,2026-08-27T14:57:40.615030
10,16,1,repl,5,False,9,0.6932,175,2026-08-27T14:57:39.961137,2026-08-27T14:57:40.654379
10,16,4,repl,5,False,11,0.3916,0,2026-08-27T14:57:40.310964,2026-08-27T14:57:40.703200
10,16,7,repl,5,False,13,0.9439,45,2026-08-27T14:57:39.763719,2026-08-27T14:57:40.707632
10,16,11,repl,5,False,17,0.587,1,2026-08-27T14:57:40.261599,2026-08-27T14:57:40.848614
10,16,8,repl,5,False,17,0.4329,1,2026-08-27T14:57:40.433859,2026-08-27T14:57:40.866812
10,16,14,repl,5,False,20,0.2707,1804,2026-08-27T14:57:40.615137,2026-08-27T14:57:40.885909
10,16,5,repl,5,False,10,1.649,20,2026-08-27T14:57:39.273565,2026-08-27T14:57:40.922660
10,16,13,repl,5,False,21,0.76,100,2026-08-27T14:57:40.236039,2026-08-27T14:57:40.996085
10,16,12,repl,5,False,20,0.7763,1804,2026-08-27T14:57:40.337890,2026-08-27T14:57:41.114269
10,16,6,repl,5,False,13,0.7941,45,2026-08-27T14:57:40.447312,2026-08-27T14:57:41.241450
10,16,2,repl,5,False,9,0.8939,175,2026-08-27T14:57:40.350819,2026-08-27T14:57:41.244812
10,16,4,repl,5,False,12,0.5425,2,2026-08-27T14:57:40.703317,2026-08-27T14:57:41.245892
10,16,3,repl,5,False,10,1.2464,20,2026-08-27T14:57:40.023302,2026-08-27T14:57:41.269751
10,16,7,repl,5,False,14,0.587,1,2026-08-27T14:57:40.707729,2026-08-27T14:57:41.294772
10,16,13,repl,5,False,22,0.4377,7,2026-08-27T14:57:40.996212,2026-08-27T14:57:41.433994
10,16,11,repl,5,False,18,0.6317,100,2026-08-27T14:57:40.848728,2026-08-27T14:57:41.480432
10,16,5,repl,5,False,11,0.5704,0,2026-08-27T14:57:40.925616,2026-08-27T14:57:41.496111
10,16,6,repl,5,False,14,0.2846,1,2026-08-27T14:57:41.241608,2026-08-27T14:57:41.526287
10,16,14,repl,5,False,21,0.6838,100,2026-08-27T14:57:40.886032,2026-08-27T14:57:41.569824
10,16,3,repl,5,False,11,0.3,0,2026-08-27T14:57:41.269915,2026-08-27T14:57:41.569989
10,16,13,repl,5,False,1,0.1683,4,2026-08-27T14:57:41.434115,2026-08-27T14:57:41.602408
10,16,1,repl,5,False,10,1.0056,20,2026-08-27T14:57:40.657607,2026-08-27T14:57:41.663297
10,16,11,repl,5,False,19,0.2169,1,2026-08-27T14:57:41.481605,2026-08-27T14:57:41.698527
10,16,1,repl,5,False,11,0.1182,0,2026-08-27T14:57:41.663442,2026-08-27T14:57:41.781646
10,16,9,repl,5,False,18,1.3935,100,2026-08-27T14:57:40.411805,2026-08-27T14:57:41.805738
10,16,0,repl,5,False,9,1.3532,175,2026-08-27T14:57:40.464361,2026-08-27T14:57:41.817634
10,16,5,repl,5,False,12,0.3544,2,2026-08-27T14:57:41.496228,2026-08-27T14:57:41.850635
10,16,3,repl,5,False,12,0.2865,2,2026-08-27T14:57:41.578199,2026-08-27T14:57:41.864715
10,16,7,repl,5,False,15,0.5788,1,2026-08-27T14:57:41.294891,2026-08-27T14:57:41.873700
10,16,12,repl,5,False,21,0.7686,100,2026-08-27T14:57:41.114399,2026-08-27T14:57:41.883034
10,16,13,repl,5,False,2,0.2946,100,2026-08-27T14:57:41.602515,2026-08-27T14:57:41.897176
10,16,10,repl,5,False,18,1.7024,100,2026-08-27T14:57:40.210586,2026-08-27T14:57:41.913022
10,16,4,repl,5,False,13,0.6668,45,2026-08-27T14:57:41.266343,2026-08-27T14:57:41.933178
10,16,6,repl,5,False,15,0.4099,1,2026-08-27T14:57:41.526411,2026-08-27T14:57:41.936375
10,16,11,repl,5,False,20,0.3873,1804,2026-08-27T14:57:41.698679,2026-08-27T14:57:42.086037
10,16,9,repl,5,False,19,0.3366,1,2026-08-27T14:57:41.805851,2026-08-27T14:57:42.142435
10,16,2,repl,5,False,10,0.9218,20,2026-08-27T14:57:41.246153,2026-08-27T14:57:42.167973
10,16,14,repl,5,False,22,0.6079,7,2026-08-27T14:57:41.570169,2026-08-27T14:57:42.178089
10,16,10,repl,5,False,19,0.2753,1,2026-08-27T14:57:41.913135,2026-08-27T14:57:42.188484
10,16,1,repl,5,False,12,0.4199,2,2026-08-27T14:57:41.781798,2026-08-27T14:57:42.201691
10,16,8,repl,5,False,18,1.3653,100,2026-08-27T14:57:40.866940,2026-08-27T14:57:42.232251
10,16,14,repl,5,False,1,0.0991,4,2026-08-27T14:57:42.181155,2026-08-27T14:57:42.280296
10,16,2,repl,5,False,11,0.1262,0,2026-08-27T14:57:42.169605,2026-08-27T14:57:42.295889
10,16,3,repl,5,False,13,0.494,45,2026-08-27T14:57:41.865468,2026-08-27T14:57:42.359455
10,16,9,repl,5,False,20,0.2301,1804,2026-08-27T14:57:42.145570,2026-08-27T14:57:42.375669
10,16,5,repl,5,False,13,0.53,45,2026-08-27T14:57:41.850780,2026-08-27T14:57:42.380795
10,16,12,repl,5,False,22,0.5953,7,2026-08-27T14:57:41.883158,2026-08-27T14:57:42.478493
10,16,14,repl,5,False,2,0.2114,100,2026-08-27T14:57:42.280440,2026-08-27T14:57:42.491892
10,16,10,repl,5,False,20,0.3446,1804,2026-08-27T14:57:42.188711,2026-08-27T14:57:42.534810
10,16,5,repl,5,False,14,0.1976,1,2026-08-27T14:57:42.380906,2026-08-27T14:57:42.580181
10,16,3,repl,5,False,14,0.2447,1,2026-08-27T14:57:42.359539,2026-08-27T14:57:42.604844
10,16,7,repl,5,False,16,0.7729,27840,2026-08-27T14:57:41.873820,2026-08-27T14:57:42.646735
10,16,12,repl,5,False,1,0.1836,4,2026-08-27T14:57:42.481680,2026-08-27T14:57:42.665316
10,16,11,repl,5,False,21,0.5892,100,2026-08-27T14:57:42.086144,2026-08-27T14:57:42.675350
10,16,2,repl,5,False,12,0.3849,2,2026-08-27T14:57:42.305563,2026-08-27T14:57:42.690512
10,16,3,repl,5,False,15,0.1117,1,2026-08-27T14:57:42.604956,2026-08-27T14:57:42.716694
10,16,5,repl,5,False,15,0.1242,1,2026-08-27T14:57:42.592084,2026-08-27T14:57:42.716843
10,16,13,repl,5,False,3,0.903,10,2026-08-27T14:57:41.897297,2026-08-27T14:57:42.800288
10,16,8,repl,5,False,19,0.5756,1,2026-08-27T14:57:42.232637,2026-08-27T14:57:42.808294
10,16,0,repl,5,False,10,1.0209,20,2026-08-27T14:57:41.821654,2026-08-27T14:57:42.842558
10,16,12,repl,5,False,2,0.2342,100,2026-08-27T14:57:42.665406,2026-08-27T14:57:42.899600
10,16,7,repl,5,False,17,0.3107,1,2026-08-27T14:57:42.646828,2026-08-27T14:57:42.957592
10,16,15,repl,5,False,21,2.5385,100,2026-08-27T14:57:40.453648,2026-08-27T14:57:42.992150
10,16,11,repl,5,False,22,0.341,7,2026-08-27T14:57:42.675449,2026-08-27T14:57:43.016502
10,16,0,repl,5,False,11,0.2078,0,2026-08-27T14:57:42.842665,2026-08-27T14:57:43.051686
10,16,14,repl,5,False,3,0.6534,10,2026-08-27T14:57:42.495542,2026-08-27T14:57:43.148964
10,16,4,repl,5,False,14,1.1994,1,2026-08-27T14:57:41.933292,2026-08-27T14:57:43.149068
10,16,1,repl,5,False,13,0.9717,45,2026-08-27T14:57:42.201923,2026-08-27T14:57:43.173607
10,16,11,repl,5,False,1,0.1761,4,2026-08-27T14:57:43.016601,2026-08-27T14:57:43.192681
10,16,3,repl,5,False,16,0.5249,27840,2026-08-27T14:57:42.716979,2026-08-27T14:57:43.242036
10,16,5,repl,5,False,16,0.5058,27840,2026-08-27T14:57:42.721548,2026-08-27T14:57:43.244989
10,16,9,repl,5,False,21,0.8695,100,2026-08-27T14:57:42.375815,2026-08-27T14:57:43.245332
10,16,10,repl,5,False,21,0.7107,100,2026-08-27T14:57:42.534939,2026-08-27T14:57:43.245644
10,16,12,repl,5,False,3,0.3721,10,2026-08-27T14:57:42.901133,2026-08-27T14:57:43.273310
10,16,4,repl,5,False,15,0.1369,1,2026-08-27T14:57:43.164430,2026-08-27T14:57:43.301404
10,16,2,repl,5,False,13,0.6335,45,2026-08-27T14:57:42.690671,2026-08-27T14:57:43.324202
10,16,13,repl,5,False,4,0.5504,5,2026-08-27T14:57:42.800373,2026-08-27T14:57:43.351565
10,16,11,repl,5,False,2,0.2184,100,2026-08-27T14:57:43.192775,2026-08-27T14:57:43.411161
10,16,15,repl,5,False,22,0.4213,7,2026-08-27T14:57:42.992306,2026-08-27T14:57:43.413661
10,16,1,repl,5,False,14,0.2717,1,2026-08-27T14:57:43.183926,2026-08-27T14:57:43.457557
10,16,3,repl,5,False,17,0.2184,1,2026-08-27T14:57:43.242161,2026-08-27T14:57:43.460848
10,16,8,repl,5,False,20,0.6657,1804,2026-08-27T14:57:42.808382,2026-08-27T14:57:43.474136
10,16,6,repl,5,False,16,1.5507,27840,2026-08-27T14:57:41.936492,2026-08-27T14:57:43.487238
10,16,15,repl,5,False,1,0.0855,4,2026-08-27T14:57:43.413757,2026-08-27T14:57:43.499263
10,16,5,repl,5,False,17,0.2638,1,2026-08-27T14:57:43.245894,2026-08-27T14:57:43.509741
10,16,0,repl,5,False,12,0.468,2,2026-08-27T14:57:43.053656,2026-08-27T14:57:43.521680
10,16,14,repl,5,False,4,0.3877,5,2026-08-27T14:57:43.168477,2026-08-27T14:57:43.556229
10,16,1,repl,5,False,15,0.1367,1,2026-08-27T14:57:43.465656,2026-08-27T14:57:43.602382
10,16,12,repl,5,False,4,0.3877,5,2026-08-27T14:57:43.273422,2026-08-27T14:57:43.661130
10,16,2,repl,5,False,14,0.3857,1,2026-08-27T14:57:43.324328,2026-08-27T14:57:43.711679
10,16,4,repl,5,False,16,0.5196,27840,2026-08-27T14:57:43.301512,2026-08-27T14:57:43.821179
10,16,11,repl,5,False,3,0.4305,10,2026-08-27T14:57:43.411271,2026-08-27T14:57:43.841813
10,16,6,repl,5,False,17,0.3565,1,2026-08-27T14:57:43.494630,2026-08-27T14:57:43.851141
10,16,10,repl,5,False,22,0.6108,7,2026-08-27T14:57:43.263325,2026-08-27T14:57:43.874198
10,16,3,repl,5,False,18,0.4104,100,2026-08-27T14:57:43.474342,2026-08-27T14:57:43.884834
10,16,15,repl,5,False,2,0.4287,100,2026-08-27T14:57:43.499358,2026-08-27T14:57:43.928046
10,16,2,repl,5,False,15,0.2326,1,2026-08-27T14:57:43.711802,2026-08-27T14:57:43.944385
10,16,10,repl,5,False,1,0.2086,4,2026-08-27T14:57:43.874335,2026-08-27T14:57:44.083449
10,16,1,repl,5,False,16,0.5341,27840,2026-08-27T14:57:43.602497,2026-08-27T14:57:44.136641
10,16,4,repl,5,False,17,0.3543,1,2026-08-27T14:57:43.821295,2026-08-27T14:57:44.175629
10,16,3,repl,5,False,19,0.323,1,2026-08-27T14:57:43.884949,2026-08-27T14:57:44.208011
10,16,12,repl,5,False,5,0.5558,5,2026-08-27T14:57:43.661236,2026-08-27T14:57:44.217067
10,16,11,repl,5,False,4,0.3796,5,2026-08-27T14:57:43.841900,2026-08-27T14:57:44.221487
10,16,8,repl,5,False,21,0.7372,100,2026-08-27T14:57:43.489449,2026-08-27T14:57:44.226676
10,16,13,repl,5,False,5,0.8993,5,2026-08-27T14:57:43.351683,2026-08-27T14:57:44.250971
10,16,12,repl,5,False,6,0.0728,1,2026-08-27T14:57:44.217156,2026-08-27T14:57:44.290027
10,16,13,repl,5,False,6,0.0521,1,2026-08-27T14:57:44.261576,2026-08-27T14:57:44.313719
10,16,9,repl,5,False,22,1.0998,7,2026-08-27T14:57:43.248815,2026-08-27T14:57:44.348687
10,16,10,repl,5,False,2,0.2743,100,2026-08-27T14:57:44.083572,2026-08-27T14:57:44.357917
10,16,6,repl,5,False,18,0.5553,100,2026-08-27T14:57:43.851264,2026-08-27T14:57:44.406614
10,16,9,repl,5,False,1,0.0863,4,2026-08-27T14:57:44.348804,2026-08-27T14:57:44.435095
10,16,1,repl,5,False,17,0.3206,1,2026-08-27T14:57:44.136751,2026-08-27T14:57:44.457407
10,16,3,repl,5,False,20,0.3122,1804,2026-08-27T14:57:44.208126,2026-08-27T14:57:44.520339
10,16,6,repl,5,False,19,0.1404,1,2026-08-27T14:57:44.406712,2026-08-27T14:57:44.547089
10,16,15,repl,5,False,3,0.661,10,2026-08-27T14:57:43.933572,2026-08-27T14:57:44.594628
10,16,5,repl,5,False,18,1.1158,100,2026-08-27T14:57:43.509857,2026-08-27T14:57:44.625658
10,16,12,repl,5,False,7,0.3489,4,2026-08-27T14:57:44.290144,2026-08-27T14:57:44.639114
10,16,9,repl,5,False,2,0.2311,100,2026-08-27T14:57:44.435195,2026-08-27T14:57:44.666281
10,16,4,repl,5,False,18,0.5589,100,2026-08-27T14:57:44.175740,2026-08-27T14:57:44.734701
10,16,11,repl,5,False,5,0.5386,5,2026-08-27T14:57:44.221619,2026-08-27T14:57:44.760203
10,16,5,repl,5,False,19,0.2097,1,2026-08-27T14:57:44.625749,2026-08-27T14:57:44.835507
10,16,6,repl,5,False,20,0.3005,1804,2026-08-27T14:57:44.547179,2026-08-27T14:57:44.848074
10,16,11,repl,5,False,6,0.0894,1,2026-08-27T14:57:44.760315,2026-08-27T14:57:44.849752
10,16,2,repl,5,False,16,0.9243,27840,2026-08-27T14:57:43.945587,2026-08-27T14:57:44.869933
10,16,0,repl,5,False,13,1.3772,45,2026-08-27T14:57:43.525545,2026-08-27T14:57:44.902827
10,16,7,repl,5,False,18,1.9734,100,2026-08-27T14:57:42.957802,2026-08-27T14:57:44.931188
10,16,8,repl,5,False,22,0.7162,7,2026-08-27T14:57:44.229648,2026-08-27T14:57:44.945932
10,16,4,repl,5,False,19,0.2189,1,2026-08-27T14:57:44.734808,2026-08-27T14:57:44.953738
10,16,14,repl,5,False,5,1.4083,5,2026-08-27T14:57:43.556381,2026-08-27T14:57:44.964752
10,16,1,repl,5,False,18,0.5187,100,2026-08-27T14:57:44.463204,2026-08-27T14:57:44.981933
10,16,15,repl,5,False,4,0.4028,5,2026-08-27T14:57:44.594731,2026-08-27T14:57:44.997583
10,16,13,repl,5,False,7,0.7033,4,2026-08-27T14:57:44.313842,2026-08-27T14:57:45.017145
10,16,14,repl,5,False,6,0.0644,1,2026-08-27T14:57:44.973594,2026-08-27T14:57:45.038084
10,16,3,repl,5,False,21,0.5887,100,2026-08-27T14:57:44.520462,2026-08-27T14:57:45.109203
10,16,8,repl,5,False,1,0.1895,4,2026-08-27T14:57:44.946038,2026-08-27T14:57:45.135530
10,16,5,repl,5,False,20,0.3103,1804,2026-08-27T14:57:44.852341,2026-08-27T14:57:45.162684
10,16,12,repl,5,False,8,0.5582,2,2026-08-27T14:57:44.639233,2026-08-27T14:57:45.197442
10,16,10,repl,5,False,3,0.8617,10,2026-08-27T14:57:44.358196,2026-08-27T14:57:45.219930
10,16,7,repl,5,False,19,0.2996,1,2026-08-27T14:57:44.931285,2026-08-27T14:57:45.230957
10,16,0,repl,5,False,14,0.3381,1,2026-08-27T14:57:44.913513,2026-08-27T14:57:45.251671
10,16,11,repl,5,False,7,0.3851,4,2026-08-27T14:57:44.884412,2026-08-27T14:57:45.269560
10,16,8,repl,5,False,2,0.1901,100,2026-08-27T14:57:45.137049,2026-08-27T14:57:45.327197
10,16,2,repl,5,False,17,0.4359,1,2026-08-27T14:57:44.905425,2026-08-27T14:57:45.341325
10,16,0,repl,5,False,15,0.1389,1,2026-08-27T14:57:45.251778,2026-08-27T14:57:45.390697
10,16,6,repl,5,False,21,0.5388,100,2026-08-27T14:57:44.873795,2026-08-27T14:57:45.412605
10,16,3,repl,5,False,22,0.3452,7,2026-08-27T14:57:45.109297,2026-08-27T14:57:45.454518
10,16,9,repl,5,False,3,0.8197,10,2026-08-27T14:57:44.666399,2026-08-27T14:57:45.486174
10,16,3,repl,5,False,1,0.1085,4,2026-08-27T14:57:45.454604,2026-08-27T14:57:45.563155
10,16,5,repl,5,False,21,0.4749,100,2026-08-27T14:57:45.162796,2026-08-27T14:57:45.637677
10,16,7,repl,5,False,20,0.4391,1804,2026-08-27T14:57:45.231072,2026-08-27T14:57:45.670205
10,16,13,repl,5,False,8,0.7451,2,2026-08-27T14:57:45.017251,2026-08-27T14:57:45.762355
10,16,12,repl,5,False,9,0.6014,175,2026-08-27T14:57:45.197607,2026-08-27T14:57:45.799066
10,16,3,repl,5,False,2,0.261,100,2026-08-27T14:57:45.563248,2026-08-27T14:57:45.824317
10,16,10,repl,5,False,4,0.6266,5,2026-08-27T14:57:45.220066,2026-08-27T14:57:45.846720
10,16,8,repl,5,False,3,0.5536,10,2026-08-27T14:57:45.327312,2026-08-27T14:57:45.880976
10,16,1,repl,5,False,19,0.91,1,2026-08-27T14:57:44.982172,2026-08-27T14:57:45.892225
10,16,14,repl,5,False,7,0.9018,4,2026-08-27T14:57:45.038198,2026-08-27T14:57:45.940004
10,16,4,repl,5,False,20,1.002,1804,2026-08-27T14:57:44.953854,2026-08-27T14:57:45.956410
10,16,6,repl,5,False,22,0.5803,7,2026-08-27T14:57:45.412694,2026-08-27T14:57:45.993033
10,16,9,repl,5,False,4,0.5138,5,2026-08-27T14:57:45.486286,2026-08-27T14:57:46.000373
10,16,0,repl,5,False,16,0.6346,27840,2026-08-27T14:57:45.390812,2026-08-27T14:57:46.025478
10,16,2,repl,5,False,18,0.6921,100,2026-08-27T14:57:45.341452,2026-08-27T14:57:46.033625
10,16,5,repl,5,False,22,0.407,7,2026-08-27T14:57:45.640437,2026-08-27T14:57:46.047498
10,16,6,repl,5,False,1,0.0991,4,2026-08-27T14:57:45.993154,2026-08-27T14:57:46.092285
10,16,15,repl,5,False,5,1.1079,5,2026-08-27T14:57:44.997687,2026-08-27T14:57:46.105653
10,16,15,repl,5,False,6,0.0782,1,2026-08-27T14:57:46.109621,2026-08-27T14:57:46.187838
10,16,7,repl,5,False,21,0.6015,100,2026-08-27T14:57:45.670339,2026-08-27T14:57:46.271879
10,16,1,repl,5,False,20,0.3942,1804,2026-08-27T14:57:45.892373,2026-08-27T14:57:46.286596
10,16,10,repl,5,False,5,0.4782,5,2026-08-27T14:57:45.846803,2026-08-27T14:57:46.325034
10,16,13,repl,5,False,9,0.5772,175,2026-08-27T14:57:45.762521,2026-08-27T14:57:46.339783
10,16,11,repl,5,False,8,1.0753,2,2026-08-27T14:57:45.269642,2026-08-27T14:57:46.345000
10,16,3,repl,5,False,3,0.5211,10,2026-08-27T14:57:45.825581,2026-08-27T14:57:46.346676
10,16,5,repl,5,False,1,0.3261,4,2026-08-27T14:57:46.057007,2026-08-27T14:57:46.383120
10,16,10,repl,5,False,6,0.0775,1,2026-08-27T14:57:46.325191,2026-08-27T14:57:46.402705
10,16,8,repl,5,False,4,0.56,5,2026-08-27T14:57:45.881574,2026-08-27T14:57:46.441592
10,16,2,repl,5,False,19,0.4431,1,2026-08-27T14:57:46.037664,2026-08-27T14:57:46.480846
10,16,0,repl,5,False,17,0.4802,1,2026-08-27T14:57:46.033867,2026-08-27T14:57:46.514166
10,16,15,repl,5,False,7,0.4615,4,2026-08-27T14:57:46.188178,2026-08-27T14:57:46.649656
10,16,5,repl,5,False,2,0.281,100,2026-08-27T14:57:46.383220,2026-08-27T14:57:46.664241
10,16,12,repl,5,False,10,0.8664,20,2026-08-27T14:57:45.799148,2026-08-27T14:57:46.665581
10,16,7,repl,5,False,22,0.4159,7,2026-08-27T14:57:46.271995,2026-08-27T14:57:46.687943
10,16,14,repl,5,False,8,0.7441,2,2026-08-27T14:57:45.956543,2026-08-27T14:57:46.700648
10,16,6,repl,5,False,2,0.6568,100,2026-08-27T14:57:46.092434,2026-08-27T14:57:46.749233
10,16,9,repl,5,False,5,0.8046,5,2026-08-27T14:57:46.000442,2026-08-27T14:57:46.805089
10,16,7,repl,5,False,1,0.1382,4,2026-08-27T14:57:46.688120,2026-08-27T14:57:46.826339
10,16,12,repl,5,False,11,0.169,0,2026-08-27T14:57:46.681727,2026-08-27T14:57:46.850807
10,16,4,repl,5,False,21,0.9417,100,2026-08-27T14:57:45.983375,2026-08-27T14:57:46.925123
10,16,9,repl,5,False,6,0.1266,1,2026-08-27T14:57:46.805191,2026-08-27T14:57:46.952500
10,16,10,repl,5,False,7,0.6366,4,2026-08-27T14:57:46.402800,2026-08-27T14:57:47.039467
10,16,0,repl,5,False,18,0.5354,100,2026-08-27T14:57:46.514288,2026-08-27T14:57:47.049675
10,16,5,repl,5,False,3,0.404,10,2026-08-27T14:57:46.669586,2026-08-27T14:57:47.073601
10,16,2,repl,5,False,20,0.6035,1804,2026-08-27T14:57:46.480963,2026-08-27T14:57:47.084453
10,16,7,repl,5,False,2,0.2661,100,2026-08-27T14:57:46.826452,2026-08-27T14:57:47.092592
10,16,13,repl,5,False,10,0.8042,20,2026-08-27T14:57:46.346796,2026-08-27T14:57:47.150995
10,16,11,repl,5,False,9,0.81,175,2026-08-27T14:57:46.351694,2026-08-27T14:57:47.161723
10,16,12,repl,5,False,12,0.3314,2,2026-08-27T14:57:46.850933,2026-08-27T14:57:47.182333
10,16,0,repl,5,False,19,0.1852,1,2026-08-27T14:57:47.049792,2026-08-27T14:57:47.235013
10,16,15,repl,5,False,8,0.6125,2,2026-08-27T14:57:46.649753,2026-08-27T14:57:47.262264
10,16,14,repl,5,False,9,0.5848,175,2026-08-27T14:57:46.701126,2026-08-27T14:57:47.285917
10,16,13,repl,5,False,11,0.1559,0,2026-08-27T14:57:47.153649,2026-08-27T14:57:47.309577
10,16,8,repl,5,False,5,0.9203,5,2026-08-27T14:57:46.441703,2026-08-27T14:57:47.362046
10,16,5,repl,5,False,4,0.2921,5,2026-08-27T14:57:47.073688,2026-08-27T14:57:47.365833
10,16,4,repl,5,False,22,0.4621,7,2026-08-27T14:57:46.937009,2026-08-27T14:57:47.399104
10,16,8,repl,5,False,6,0.0619,1,2026-08-27T14:57:47.362140,2026-08-27T14:57:47.424083
10,16,1,repl,5,False,21,1.148,100,2026-08-27T14:57:46.286709,2026-08-27T14:57:47.434697
10,16,4,repl,5,False,1,0.1088,4,2026-08-27T14:57:47.399206,2026-08-27T14:57:47.508017
10,16,0,repl,5,False,20,0.2907,1804,2026-08-27T14:57:47.235121,2026-08-27T14:57:47.525798
10,16,6,repl,5,False,3,0.8549,10,2026-08-27T14:57:46.753580,2026-08-27T14:57:47.608539
10,16,9,repl,5,False,7,0.6717,4,2026-08-27T14:57:46.958113,2026-08-27T14:57:47.629897
10,16,13,repl,5,False,12,0.38,2,2026-08-27T14:57:47.309698,2026-08-27T14:57:47.689747
10,16,10,repl,5,False,8,0.6789,2,2026-08-27T14:57:47.039579,2026-08-27T14:57:47.718508
10,16,4,repl,5,False,2,0.2602,100,2026-08-27T14:57:47.508168,2026-08-27T14:57:47.768428
10,16,11,repl,5,False,10,0.6499,20,2026-08-27T14:57:47.161860,2026-08-27T14:57:47.811766
10,16,7,repl,5,False,3,0.7349,10,2026-08-27T14:57:47.100136,2026-08-27T14:57:47.835126
10,16,15,repl,5,False,9,0.6125,175,2026-08-27T14:57:47.262411,2026-08-27T14:57:47.874909
10,16,1,repl,5,False,22,0.4597,7,2026-08-27T14:57:47.434848,2026-08-27T14:57:47.894573
10,16,14,repl,5,False,10,0.6256,20,2026-08-27T14:57:47.286046,2026-08-27T14:57:47.911730
10,16,2,repl,5,False,21,0.832,100,2026-08-27T14:57:47.092404,2026-08-27T14:57:47.924454
10,16,11,repl,5,False,11,0.1267,0,2026-08-27T14:57:47.811879,2026-08-27T14:57:47.938608
10,16,8,repl,5,False,7,0.5239,4,2026-08-27T14:57:47.424200,2026-08-27T14:57:47.948161
10,16,1,repl,5,False,1,0.0917,4,2026-08-27T14:57:47.894688,2026-08-27T14:57:47.986458
10,16,14,repl,5,False,11,0.0948,0,2026-08-27T14:57:47.911883,2026-08-27T14:57:48.006728
10,16,4,repl,5,False,3,0.3796,10,2026-08-27T14:57:47.768560,2026-08-27T14:57:48.148205
10,16,0,repl,5,False,21,0.6813,100,2026-08-27T14:57:47.525938,2026-08-27T14:57:48.207225
10,16,5,repl,5,False,5,0.8743,5,2026-08-27T14:57:47.373591,2026-08-27T14:57:48.247963
10,16,10,repl,5,False,9,0.5363,175,2026-08-27T14:57:47.721885,2026-08-27T14:57:48.258250
10,16,13,repl,5,False,13,0.5761,45,2026-08-27T14:57:47.689836,2026-08-27T14:57:48.265911
10,16,6,repl,5,False,4,0.6585,5,2026-08-27T14:57:47.614042,2026-08-27T14:57:48.272546
10,16,2,repl,5,False,22,0.353,7,2026-08-27T14:57:47.924569,2026-08-27T14:57:48.277625
10,16,14,repl,5,False,12,0.2744,2,2026-08-27T14:57:48.006854,2026-08-27T14:57:48.281237
10,16,7,repl,5,False,4,0.4751,5,2026-08-27T14:57:47.835242,2026-08-27T14:57:48.310335
10,16,2,repl,5,False,1,0.0684,4,2026-08-27T14:57:48.277691,2026-08-27T14:57:48.346136
10,16,9,repl,5,False,8,0.7266,2,2026-08-27T14:57:47.630015,2026-08-27T14:57:48.356609
10,16,0,repl,5,False,22,0.2704,7,2026-08-27T14:57:48.207755,2026-08-27T14:57:48.478233
10,16,15,repl,5,False,10,0.6285,20,2026-08-27T14:57:47.875145,2026-08-27T14:57:48.503627
10,16,8,repl,5,False,8,0.5698,2,2026-08-27T14:57:47.948258,2026-08-27T14:57:48.518073
10,16,4,repl,5,False,4,0.377,5,2026-08-27T14:57:48.148297,2026-08-27T14:57:48.525303
10,16,2,repl,5,False,2,0.2037,100,2026-08-27T14:57:48.346305,2026-08-27T14:57:48.549986
10,16,6,repl,5,False,5,0.2893,5,2026-08-27T14:57:48.272627,2026-08-27T14:57:48.561982
10,16,15,repl,5,False,11,0.061,0,2026-08-27T14:57:48.503744,2026-08-27T14:57:48.564781
10,16,6,repl,5,False,6,0.0239,1,2026-08-27T14:57:48.562071,2026-08-27T14:57:48.586008
10,16,7,repl,5,False,5,0.3635,5,2026-08-27T14:57:48.310441,2026-08-27T14:57:48.674001
10,16,7,repl,5,False,6,0.0598,1,2026-08-27T14:57:48.674353,2026-08-27T14:57:48.734226
10,16,14,repl,5,False,13,0.5003,45,2026-08-27T14:57:48.281289,2026-08-27T14:57:48.781658
10,16,9,repl,5,False,9,0.4518,175,2026-08-27T14:57:48.356764,2026-08-27T14:57:48.808562
10,16,10,repl,5,False,10,0.55,20,2026-08-27T14:57:48.258846,2026-08-27T14:57:48.808868
10,16,15,repl,5,False,12,0.2469,2,2026-08-27T14:57:48.564832,2026-08-27T14:57:48.811752
10,16,14,repl,5,False,14,0.1168,1,2026-08-27T14:57:48.781755,2026-08-27T14:57:48.898570
10,16,7,repl,5,False,7,0.1915,4,2026-08-27T14:57:48.734613,2026-08-27T14:57:48.926128
10,16,15,repl,5,False,13,0.2434,45,2026-08-27T14:57:48.811882,2026-08-27T14:57:49.055296
10,16,15,repl,5,False,14,0.0741,1,2026-08-27T14:57:49.055376,2026-08-27T14:57:49.129483
10,16,15,repl,5,False,15,0.043,1,2026-08-27T14:57:49.129575,2026-08-27T14:57:49.172581
10,16,0,repl,6,False,1,0.0859,4,2026-08-27T14:57:49.177427,2026-08-27T14:57:49.263394
10,16,5,repl,6,False,6,0.112,1,2026-08-27T14:57:49.205540,2026-08-27T14:57:49.317586
10,16,10,repl,6,False,11,0.1466,0,2026-08-27T14:57:49.233655,2026-08-27T14:57:49.380260
10,16,1,repl,6,False,2,0.209,100,2026-08-27T14:57:49.180589,2026-08-27T14:57:49.389638
10,16,4,repl,6,False,5,0.3673,5,2026-08-27T14:57:49.197654,2026-08-27T14:57:49.564991
10,16,6,repl,6,False,7,0.407,4,2026-08-27T14:57:49.214124,2026-08-27T14:57:49.621129
10,16,3,repl,6,False,4,0.4323,5,2026-08-27T14:57:49.194677,2026-08-27T14:57:49.627035
10,16,4,repl,6,False,6,0.0888,1,2026-08-27T14:57:49.565112,2026-08-27T14:57:49.653906
10,16,13,repl,6,False,14,0.4038,1,2026-08-27T14:57:49.277285,2026-08-27T14:57:49.681141
10,16,14,repl,6,False,15,0.4319,1,2026-08-27T14:57:49.289137,2026-08-27T14:57:49.722351
10,16,0,repl,6,False,2,0.4488,100,2026-08-27T14:57:49.284954,2026-08-27T14:57:49.733757
10,16,2,repl,6,False,3,0.5564,10,2026-08-27T14:57:49.190839,2026-08-27T14:57:49.747300
10,16,10,repl,6,False,12,0.3721,2,2026-08-27T14:57:49.380383,2026-08-27T14:57:49.752519
10,16,11,repl,6,False,12,0.5451,2,2026-08-27T14:57:49.253741,2026-08-27T14:57:49.799680
10,16,15,repl,6,False,16,0.5568,27840,2026-08-27T14:57:49.301686,2026-08-27T14:57:49.858661
10,16,1,repl,6,False,3,0.5518,10,2026-08-27T14:57:49.389789,2026-08-27T14:57:49.941644
10,16,13,repl,6,False,15,0.2858,1,2026-08-27T14:57:49.681253,2026-08-27T14:57:49.967040
10,16,9,repl,6,False,10,0.7789,20,2026-08-27T14:57:49.228457,2026-08-27T14:57:50.007404
10,16,12,repl,6,False,13,0.7429,45,2026-08-27T14:57:49.273647,2026-08-27T14:57:50.016616
10,16,7,repl,6,False,8,0.8213,2,2026-08-27T14:57:49.216537,2026-08-27T14:57:50.037890
10,16,8,repl,6,False,9,0.8415,175,2026-08-27T14:57:49.223593,2026-08-27T14:57:50.065137
10,16,2,repl,6,False,4,0.3339,5,2026-08-27T14:57:49.749684,2026-08-27T14:57:50.083664
10,16,4,repl,6,False,7,0.4534,4,2026-08-27T14:57:49.654001,2026-08-27T14:57:50.107454
10,16,6,repl,6,False,8,0.5045,2,2026-08-27T14:57:49.621392,2026-08-27T14:57:50.125919
10,16,15,repl,6,False,17,0.291,1,2026-08-27T14:57:49.858791,2026-08-27T14:57:50.149779
10,16,3,repl,6,False,5,0.5302,5,2026-08-27T14:57:49.627225,2026-08-27T14:57:50.157484
10,16,0,repl,6,False,3,0.4237,10,2026-08-27T14:57:49.733987,2026-08-27T14:57:50.157731
10,16,9,repl,6,False,11,0.1503,0,2026-08-27T14:57:50.007509,2026-08-27T14:57:50.157848
10,16,3,repl,6,False,6,0.1214,1,2026-08-27T14:57:50.158172,2026-08-27T14:57:50.279615
10,16,12,repl,6,False,14,0.4012,1,2026-08-27T14:57:50.016747,2026-08-27T14:57:50.418015
10,16,1,repl,6,False,4,0.5725,5,2026-08-27T14:57:49.941818,2026-08-27T14:57:50.514329
10,16,11,repl,6,False,13,0.8781,45,2026-08-27T14:57:49.799812,2026-08-27T14:57:50.677950
10,16,12,repl,6,False,15,0.2874,1,2026-08-27T14:57:50.418150,2026-08-27T14:57:50.705594
10,16,9,repl,6,False,12,0.5681,2,2026-08-27T14:57:50.177646,2026-08-27T14:57:50.745816
10,16,2,repl,6,False,5,0.6745,5,2026-08-27T14:57:50.083759,2026-08-27T14:57:50.758347
10,16,15,repl,6,False,18,0.6183,100,2026-08-27T14:57:50.149899,2026-08-27T14:57:50.768201
10,16,5,repl,6,False,7,1.4621,4,2026-08-27T14:57:49.317741,2026-08-27T14:57:50.779899
10,16,7,repl,6,False,9,0.7523,175,2026-08-27T14:57:50.038081,2026-08-27T14:57:50.790406
10,16,4,repl,6,False,8,0.7026,2,2026-08-27T14:57:50.107565,2026-08-27T14:57:50.810145
10,16,2,repl,6,False,6,0.0703,1,2026-08-27T14:57:50.761558,2026-08-27T14:57:50.831895
10,16,0,repl,6,False,4,0.7227,5,2026-08-27T14:57:50.166224,2026-08-27T14:57:50.891323
10,16,6,repl,6,False,9,0.8125,175,2026-08-27T14:57:50.127722,2026-08-27T14:57:50.940288
10,16,10,repl,6,False,13,1.1963,45,2026-08-27T14:57:49.765743,2026-08-27T14:57:50.963684
10,16,8,repl,6,False,10,0.9099,20,2026-08-27T14:57:50.065251,2026-08-27T14:57:50.975135
10,16,3,repl,6,False,7,0.7057,4,2026-08-27T14:57:50.279742,2026-08-27T14:57:50.985461
10,16,11,repl,6,False,14,0.3076,1,2026-08-27T14:57:50.678026,2026-08-27T14:57:50.985624
10,16,15,repl,6,False,19,0.2471,1,2026-08-27T14:57:50.768395,2026-08-27T14:57:51.015475
10,16,13,repl,6,False,16,1.0526,27840,2026-08-27T14:57:49.967161,2026-08-27T14:57:51.019832
10,16,14,repl,6,False,16,1.3217,27840,2026-08-27T14:57:49.727197,2026-08-27T14:57:51.049565
10,16,2,repl,6,False,7,0.2344,4,2026-08-27T14:57:50.831994,2026-08-27T14:57:51.066447
10,16,1,repl,6,False,5,0.5605,5,2026-08-27T14:57:50.514430,2026-08-27T14:57:51.074965
10,16,8,repl,6,False,11,0.0987,0,2026-08-27T14:57:50.979631,2026-08-27T14:57:51.078652
10,16,11,repl,6,False,15,0.1251,1,2026-08-27T14:57:51.002084,2026-08-27T14:57:51.127224
10,16,1,repl,6,False,6,0.0711,1,2026-08-27T14:57:51.075082,2026-08-27T14:57:51.146235
10,16,13,repl,6,False,17,0.216,1,2026-08-27T14:57:51.053591,2026-08-27T14:57:51.272007
10,16,10,repl,6,False,14,0.3276,1,2026-08-27T14:57:50.963798,2026-08-27T14:57:51.291418
10,16,7,repl,6,False,10,0.5112,20,2026-08-27T14:57:50.790502,2026-08-27T14:57:51.301721
10,16,12,repl,6,False,16,0.6043,27840,2026-08-27T14:57:50.713788,2026-08-27T14:57:51.318095
10,16,5,repl,6,False,8,0.5677,2,2026-08-27T14:57:50.779989,2026-08-27T14:57:51.347718
10,16,9,repl,6,False,13,0.6257,45,2026-08-27T14:57:50.746080,2026-08-27T14:57:51.371803
10,16,14,repl,6,False,17,0.3306,1,2026-08-27T14:57:51.064266,2026-08-27T14:57:51.394924
10,16,15,repl,6,False,20,0.4495,1804,2026-08-27T14:57:51.027874,2026-08-27T14:57:51.477402
10,16,10,repl,6,False,15,0.2116,1,2026-08-27T14:57:51.291540,2026-08-27T14:57:51.503168
10,16,6,repl,6,False,10,0.6009,20,2026-08-27T14:57:50.940415,2026-08-27T14:57:51.541336
10,16,1,repl,6,False,7,0.5007,4,2026-08-27T14:57:51.153720,2026-08-27T14:57:51.654442
10,16,6,repl,6,False,11,0.1627,0,2026-08-27T14:57:51.541450,2026-08-27T14:57:51.704152
10,16,12,repl,6,False,17,0.4837,1,2026-08-27T14:57:51.318216,2026-08-27T14:57:51.803442
10,16,7,repl,6,False,11,0.5236,0,2026-08-27T14:57:51.301831,2026-08-27T14:57:51.825518
10,16,13,repl,6,False,18,0.5655,100,2026-08-27T14:57:51.272129,2026-08-27T14:57:51.837677
10,16,9,repl,6,False,14,0.4912,1,2026-08-27T14:57:51.371934,2026-08-27T14:57:51.863165
10,16,11,repl,6,False,16,0.7439,27840,2026-08-27T14:57:51.127368,2026-08-27T14:57:51.871318
10,16,15,repl,6,False,21,0.5981,100,2026-08-27T14:57:51.481616,2026-08-27T14:57:52.079740
10,16,4,repl,6,False,9,1.3073,175,2026-08-27T14:57:50.810261,2026-08-27T14:57:52.117575
10,16,13,repl,6,False,19,0.2958,1,2026-08-27T14:57:51.838406,2026-08-27T14:57:52.134272
10,16,9,repl,6,False,15,0.2756,1,2026-08-27T14:57:51.863275,2026-08-27T14:57:52.138851
10,16,6,repl,6,False,12,0.4318,2,2026-08-27T14:57:51.730643,2026-08-27T14:57:52.164037
10,16,7,repl,6,False,12,0.3571,2,2026-08-27T14:57:51.825641,2026-08-27T14:57:52.182769
10,16,14,repl,6,False,18,0.8306,100,2026-08-27T14:57:51.395040,2026-08-27T14:57:52.225707
10,16,12,repl,6,False,18,0.4646,100,2026-08-27T14:57:51.816684,2026-08-27T14:57:52.281855
10,16,11,repl,6,False,17,0.4253,1,2026-08-27T14:57:51.877561,2026-08-27T14:57:52.302925
10,16,5,repl,6,False,9,0.9699,175,2026-08-27T14:57:51.347810,2026-08-27T14:57:52.317758
10,16,8,repl,6,False,12,1.2596,2,2026-08-27T14:57:51.078720,2026-08-27T14:57:52.338317
10,16,1,repl,6,False,8,0.7481,2,2026-08-27T14:57:51.655128,2026-08-27T14:57:52.405045
10,16,0,repl,6,False,5,1.5838,5,2026-08-27T14:57:50.891414,2026-08-27T14:57:52.475280
10,16,15,repl,6,False,22,0.4092,7,2026-08-27T14:57:52.079868,2026-08-27T14:57:52.489098
10,16,12,repl,6,False,19,0.2364,1,2026-08-27T14:57:52.281982,2026-08-27T14:57:52.518374
10,16,10,repl,6,False,16,1.0552,27840,2026-08-27T14:57:51.503297,2026-08-27T14:57:52.561250
10,16,0,repl,6,False,6,0.0883,1,2026-08-27T14:57:52.477782,2026-08-27T14:57:52.566153
10,16,3,repl,6,False,8,1.5739,2,2026-08-27T14:57:51.024062,2026-08-27T14:57:52.598008
10,16,14,repl,6,False,19,0.4021,1,2026-08-27T14:57:52.225825,2026-08-27T14:57:52.628004
10,16,13,repl,6,False,20,0.5043,1804,2026-08-27T14:57:52.134417,2026-08-27T14:57:52.638743
10,16,9,repl,6,False,16,0.6238,27840,2026-08-27T14:57:52.138936,2026-08-27T14:57:52.769691
10,16,12,repl,6,False,20,0.3036,1804,2026-08-27T14:57:52.518532,2026-08-27T14:57:52.822131
10,16,10,repl,6,False,17,0.3043,1,2026-08-27T14:57:52.561379,2026-08-27T14:57:52.865688
10,16,4,repl,6,False,10,0.7778,20,2026-08-27T14:57:52.117682,2026-08-27T14:57:52.895552
10,16,11,repl,6,False,18,0.6325,100,2026-08-27T14:57:52.303033,2026-08-27T14:57:52.935556
10,16,2,repl,6,False,8,1.9037,2,2026-08-27T14:57:51.066543,2026-08-27T14:57:52.970324
10,16,15,repl,6,False,1,0.5534,4,2026-08-27T14:57:52.489211,2026-08-27T14:57:53.042622
10,16,4,repl,6,False,11,0.1864,0,2026-08-27T14:57:52.895691,2026-08-27T14:57:53.082099
10,16,7,repl,6,False,13,0.9256,45,2026-08-27T14:57:52.182890,2026-08-27T14:57:53.108565
10,16,9,repl,6,False,17,0.389,1,2026-08-27T14:57:52.769829,2026-08-27T14:57:53.158907
10,16,0,repl,6,False,7,0.6347,4,2026-08-27T14:57:52.566247,2026-08-27T14:57:53.200997
10,16,11,repl,6,False,19,0.2892,1,2026-08-27T14:57:52.937035,2026-08-27T14:57:53.226323
10,16,1,repl,6,False,9,0.8498,175,2026-08-27T14:57:52.405585,2026-08-27T14:57:53.255397
10,16,14,repl,6,False,20,0.6812,1804,2026-08-27T14:57:52.628121,2026-08-27T14:57:53.309387
10,16,6,repl,6,False,13,1.165,45,2026-08-27T14:57:52.164129,2026-08-27T14:57:53.329133
10,16,15,repl,6,False,2,0.3324,100,2026-08-27T14:57:53.049584,2026-08-27T14:57:53.382054
10,16,10,repl,6,False,18,0.5243,100,2026-08-27T14:57:52.865819,2026-08-27T14:57:53.390179
10,16,7,repl,6,False,14,0.3424,1,2026-08-27T14:57:53.108677,2026-08-27T14:57:53.451125
10,16,12,repl,6,False,21,0.6674,100,2026-08-27T14:57:52.822287,2026-08-27T14:57:53.489687
10,16,5,repl,6,False,10,1.1921,20,2026-08-27T14:57:52.317876,2026-08-27T14:57:53.510005
10,16,11,repl,6,False,20,0.3275,1804,2026-08-27T14:57:53.226452,2026-08-27T14:57:53.553981
10,16,10,repl,6,False,19,0.1646,1,2026-08-27T14:57:53.390290,2026-08-27T14:57:53.554940
10,16,9,repl,6,False,18,0.4427,100,2026-08-27T14:57:53.159022,2026-08-27T14:57:53.601781
10,16,7,repl,6,False,15,0.2176,1,2026-08-27T14:57:53.457599,2026-08-27T14:57:53.675267
10,16,0,repl,6,False,8,0.5102,2,2026-08-27T14:57:53.201102,2026-08-27T14:57:53.711282
10,16,3,repl,6,False,9,1.1982,175,2026-08-27T14:57:52.598172,2026-08-27T14:57:53.796388
10,16,12,repl,6,False,22,0.3297,7,2026-08-27T14:57:53.489813,2026-08-27T14:57:53.819594
10,16,15,repl,6,False,3,0.4519,10,2026-08-27T14:57:53.382171,2026-08-27T14:57:53.834061
10,16,5,repl,6,False,11,0.3435,0,2026-08-27T14:57:53.510121,2026-08-27T14:57:53.853634
10,16,9,repl,6,False,19,0.2519,1,2026-08-27T14:57:53.601889,2026-08-27T14:57:53.853857
10,16,10,repl,6,False,20,0.3842,1804,2026-08-27T14:57:53.573756,2026-08-27T14:57:53.958005
10,16,12,repl,6,False,1,0.1672,4,2026-08-27T14:57:53.819739,2026-08-27T14:57:53.986952
10,16,14,repl,6,False,21,0.684,100,2026-08-27T14:57:53.309525,2026-08-27T14:57:53.993577
10,16,1,repl,6,False,10,0.7797,20,2026-08-27T14:57:53.255536,2026-08-27T14:57:54.035285
10,16,6,repl,6,False,14,0.7527,1,2026-08-27T14:57:53.337566,2026-08-27T14:57:54.091070
10,16,11,repl,6,False,21,0.5597,100,2026-08-27T14:57:53.557590,2026-08-27T14:57:54.118059
10,16,15,repl,6,False,4,0.3536,5,2026-08-27T14:57:53.834205,2026-08-27T14:57:54.189633
10,16,1,repl,6,False,11,0.1612,0,2026-08-27T14:57:54.035370,2026-08-27T14:57:54.196582
10,16,5,repl,6,False,12,0.3766,2,2026-08-27T14:57:53.853758,2026-08-27T14:57:54.230344
10,16,7,repl,6,False,16,0.5709,27840,2026-08-27T14:57:53.676049,2026-08-27T14:57:54.249699
10,16,12,repl,6,False,2,0.3226,100,2026-08-27T14:57:53.987111,2026-08-27T14:57:54.309762
10,16,6,repl,6,False,15,0.313,1,2026-08-27T14:57:54.093149,2026-08-27T14:57:54.406191
10,16,13,repl,6,False,21,1.7784,100,2026-08-27T14:57:52.638894,2026-08-27T14:57:54.417303
10,16,9,repl,6,False,20,0.5921,1804,2026-08-27T14:57:53.853982,2026-08-27T14:57:54.446151
10,16,0,repl,6,False,9,0.7419,175,2026-08-27T14:57:53.711403,2026-08-27T14:57:54.453360
10,16,3,repl,6,False,10,0.7148,20,2026-08-27T14:57:53.796502,2026-08-27T14:57:54.511323
10,16,10,repl,6,False,21,0.5936,100,2026-08-27T14:57:53.961563,2026-08-27T14:57:54.555171
10,16,11,repl,6,False,22,0.4578,7,2026-08-27T14:57:54.121545,2026-08-27T14:57:54.579414
10,16,3,repl,6,False,11,0.0829,0,2026-08-27T14:57:54.511439,2026-08-27T14:57:54.594376
10,16,1,repl,6,False,12,0.4185,2,2026-08-27T14:57:54.205148,2026-08-27T14:57:54.623739
10,16,15,repl,6,False,5,0.4556,5,2026-08-27T14:57:54.190200,2026-08-27T14:57:54.645795
10,16,11,repl,6,False,1,0.0836,4,2026-08-27T14:57:54.579509,2026-08-27T14:57:54.663151
10,16,7,repl,6,False,17,0.4246,1,2026-08-27T14:57:54.249820,2026-08-27T14:57:54.674449
10,16,15,repl,6,False,6,0.0531,1,2026-08-27T14:57:54.645880,2026-08-27T14:57:54.699009
10,16,8,repl,6,False,13,2.3689,45,2026-08-27T14:57:52.338435,2026-08-27T14:57:54.707390
10,16,2,repl,6,False,9,1.7717,175,2026-08-27T14:57:52.970461,2026-08-27T14:57:54.742209
10,16,14,repl,6,False,22,0.8173,7,2026-08-27T14:57:53.993674,2026-08-27T14:57:54.810976
10,16,11,repl,6,False,2,0.2223,100,2026-08-27T14:57:54.663230,2026-08-27T14:57:54.885554
10,16,3,repl,6,False,12,0.3064,2,2026-08-27T14:57:54.602816,2026-08-27T14:57:54.909291
10,16,5,repl,6,False,13,0.7272,45,2026-08-27T14:57:54.230457,2026-08-27T14:57:54.957677
10,16,14,repl,6,False,1,0.1891,4,2026-08-27T14:57:54.811096,2026-08-27T14:57:55.000243
10,16,13,repl,6,False,22,0.5976,7,2026-08-27T14:57:54.417424,2026-08-27T14:57:55.015043
10,16,10,repl,6,False,22,0.5369,7,2026-08-27T14:57:54.555291,2026-08-27T14:57:55.092243
10,16,12,repl,6,False,3,0.8095,10,2026-08-27T14:57:54.309879,2026-08-27T14:57:55.119839
10,16,8,repl,6,False,14,0.4547,1,2026-08-27T14:57:54.707515,2026-08-27T14:57:55.162232
10,16,13,repl,6,False,1,0.1552,4,2026-08-27T14:57:55.015155,2026-08-27T14:57:55.170343
10,16,6,repl,6,False,16,0.7679,27840,2026-08-27T14:57:54.406298,2026-08-27T14:57:55.174217
10,16,7,repl,6,False,18,0.5041,100,2026-08-27T14:57:54.681754,2026-08-27T14:57:55.185897
10,16,5,repl,6,False,14,0.2565,1,2026-08-27T14:57:54.957761,2026-08-27T14:57:55.214254
10,16,10,repl,6,False,1,0.142,4,2026-08-27T14:57:55.100209,2026-08-27T14:57:55.242450
10,16,8,repl,6,False,15,0.1045,1,2026-08-27T14:57:55.162370,2026-08-27T14:57:55.266889
10,16,4,repl,6,False,12,2.2034,2,2026-08-27T14:57:53.082232,2026-08-27T14:57:55.285654
10,16,11,repl,6,False,3,0.4171,10,2026-08-27T14:57:54.885657,2026-08-27T14:57:55.302780
10,16,5,repl,6,False,15,0.1173,1,2026-08-27T14:57:55.217570,2026-08-27T14:57:55.334936
10,16,1,repl,6,False,13,0.7289,45,2026-08-27T14:57:54.623844,2026-08-27T14:57:55.352749
10,16,7,repl,6,False,19,0.1732,1,2026-08-27T14:57:55.189320,2026-08-27T14:57:55.362575
10,16,3,repl,6,False,13,0.4623,45,2026-08-27T14:57:54.909387,2026-08-27T14:57:55.371736
10,16,13,repl,6,False,2,0.2161,100,2026-08-27T14:57:55.179193,2026-08-27T14:57:55.395376
10,16,6,repl,6,False,17,0.2262,1,2026-08-27T14:57:55.186429,2026-08-27T14:57:55.412642
10,16,14,repl,6,False,2,0.4515,100,2026-08-27T14:57:55.000356,2026-08-27T14:57:55.451881
10,16,10,repl,6,False,2,0.2395,100,2026-08-27T14:57:55.242544,2026-08-27T14:57:55.482108
10,16,9,repl,6,False,21,1.051,100,2026-08-27T14:57:54.446589,2026-08-27T14:57:55.497645
10,16,1,repl,6,False,14,0.2711,1,2026-08-27T14:57:55.352871,2026-08-27T14:57:55.623981
10,16,7,repl,6,False,20,0.3624,1804,2026-08-27T14:57:55.362683,2026-08-27T14:57:55.725141
10,16,3,repl,6,False,14,0.3689,1,2026-08-27T14:57:55.371882,2026-08-27T14:57:55.740782
10,16,1,repl,6,False,15,0.1168,1,2026-08-27T14:57:55.624093,2026-08-27T14:57:55.740909
10,16,0,repl,6,False,10,1.3,20,2026-08-27T14:57:54.457862,2026-08-27T14:57:55.757906
10,16,12,repl,6,False,4,0.6858,5,2026-08-27T14:57:55.119929,2026-08-27T14:57:55.805808
10,16,11,repl,6,False,4,0.5329,5,2026-08-27T14:57:55.302888,2026-08-27T14:57:55.836443
10,16,13,repl,6,False,3,0.4501,10,2026-08-27T14:57:55.395504,2026-08-27T14:57:55.845593
10,16,15,repl,6,False,7,1.1869,4,2026-08-27T14:57:54.699100,2026-08-27T14:57:55.886064
10,16,3,repl,6,False,15,0.1631,1,2026-08-27T14:57:55.750535,2026-08-27T14:57:55.913645
10,16,10,repl,6,False,3,0.432,10,2026-08-27T14:57:55.482234,2026-08-27T14:57:55.914302
10,16,0,repl,6,False,11,0.1625,0,2026-08-27T14:57:55.758017,2026-08-27T14:57:55.920923
10,16,6,repl,6,False,18,0.5089,100,2026-08-27T14:57:55.412741,2026-08-27T14:57:55.921612
10,16,4,repl,6,False,13,0.6531,45,2026-08-27T14:57:55.285791,2026-08-27T14:57:55.938893
10,16,5,repl,6,False,16,0.6071,27840,2026-08-27T14:57:55.336473,2026-08-27T14:57:55.943636
10,16,14,repl,6,False,3,0.5461,10,2026-08-27T14:57:55.452000,2026-08-27T14:57:55.998172
10,16,9,repl,6,False,22,0.5804,7,2026-08-27T14:57:55.497758,2026-08-27T14:57:56.078180
10,16,7,repl,6,False,21,0.3716,100,2026-08-27T14:57:55.725260,2026-08-27T14:57:56.097200
10,16,1,repl,6,False,16,0.453,27840,2026-08-27T14:57:55.746040,2026-08-27T14:57:56.199160
10,16,6,repl,6,False,19,0.258,1,2026-08-27T14:57:55.943783,2026-08-27T14:57:56.201805
10,16,4,repl,6,False,14,0.2842,1,2026-08-27T14:57:55.959601,2026-08-27T14:57:56.244898
10,16,8,repl,6,False,16,0.9916,27840,2026-08-27T14:57:55.266994,2026-08-27T14:57:56.258655
10,16,13,repl,6,False,4,0.4211,5,2026-08-27T14:57:55.845762,2026-08-27T14:57:56.266858
10,16,2,repl,6,False,10,1.5274,20,2026-08-27T14:57:54.742328,2026-08-27T14:57:56.269762
10,16,9,repl,6,False,1,0.2209,4,2026-08-27T14:57:56.078303,2026-08-27T14:57:56.299181
10,16,12,repl,6,False,5,0.4993,5,2026-08-27T14:57:55.806439,2026-08-27T14:57:56.305730
10,16,5,repl,6,False,17,0.3599,1,2026-08-27T14:57:55.969741,2026-08-27T14:57:56.329685
10,16,10,repl,6,False,4,0.4294,5,2026-08-27T14:57:55.921824,2026-08-27T14:57:56.351270
10,16,1,repl,6,False,17,0.1892,1,2026-08-27T14:57:56.199285,2026-08-27T14:57:56.390046
10,16,15,repl,6,False,8,0.504,2,2026-08-27T14:57:55.886183,2026-08-27T14:57:56.390192
10,16,11,repl,6,False,5,0.5808,5,2026-08-27T14:57:55.837018,2026-08-27T14:57:56.417803
10,16,12,repl,6,False,6,0.1449,1,2026-08-27T14:57:56.327038,2026-08-27T14:57:56.471953
10,16,11,repl,6,False,6,0.0635,1,2026-08-27T14:57:56.417916,2026-08-27T14:57:56.481763
10,16,4,repl,6,False,15,0.2687,1,2026-08-27T14:57:56.245020,2026-08-27T14:57:56.513756
10,16,3,repl,6,False,16,0.5953,27840,2026-08-27T14:57:55.933550,2026-08-27T14:57:56.529406
10,16,7,repl,6,False,22,0.4403,7,2026-08-27T14:57:56.097317,2026-08-27T14:57:56.537665
10,16,2,repl,6,False,11,0.3091,0,2026-08-27T14:57:56.281699,2026-08-27T14:57:56.590863
10,16,8,repl,6,False,17,0.3681,1,2026-08-27T14:57:56.258759,2026-08-27T14:57:56.626860
10,16,13,repl,6,False,5,0.3952,5,2026-08-27T14:57:56.273554,2026-08-27T14:57:56.668816
10,16,6,repl,6,False,20,0.5352,1804,2026-08-27T14:57:56.215415,2026-08-27T14:57:56.751226
10,16,7,repl,6,False,1,0.2196,4,2026-08-27T14:57:56.541380,2026-08-27T14:57:56.760996
10,16,13,repl,6,False,6,0.1346,1,2026-08-27T14:57:56.668928,2026-08-27T14:57:56.803557
10,16,3,repl,6,False,17,0.3089,1,2026-08-27T14:57:56.537903,2026-08-27T14:57:56.846827
10,16,11,repl,6,False,7,0.3737,4,2026-08-27T14:57:56.485593,2026-08-27T14:57:56.859338
10,16,12,repl,6,False,7,0.4106,4,2026-08-27T14:57:56.477461,2026-08-27T14:57:56.888102
10,16,9,repl,6,False,2,0.6026,100,2026-08-27T14:57:56.315445,2026-08-27T14:57:56.918137
10,16,14,repl,6,False,4,0.9527,5,2026-08-27T14:57:56.001585,2026-08-27T14:57:56.956016
10,16,4,repl,6,False,16,0.5672,27840,2026-08-27T14:57:56.513871,2026-08-27T14:57:57.089766
10,16,7,repl,6,False,2,0.3372,100,2026-08-27T14:57:56.765794,2026-08-27T14:57:57.103033
10,16,0,repl,6,False,12,1.1296,2,2026-08-27T14:57:55.973645,2026-08-27T14:57:57.103316
10,16,8,repl,6,False,18,0.4963,100,2026-08-27T14:57:56.626985,2026-08-27T14:57:57.123343
10,16,2,repl,6,False,12,0.5563,2,2026-08-27T14:57:56.590973,2026-08-27T14:57:57.147311
10,16,4,repl,6,False,17,0.1824,1,2026-08-27T14:57:57.094648,2026-08-27T14:57:57.277119
10,16,13,repl,6,False,7,0.5082,4,2026-08-27T14:57:56.803673,2026-08-27T14:57:57.311864
10,16,3,repl,6,False,18,0.5141,100,2026-08-27T14:57:56.848083,2026-08-27T14:57:57.362222
10,16,6,repl,6,False,21,0.6448,100,2026-08-27T14:57:56.751339,2026-08-27T14:57:57.396153
10,16,12,repl,6,False,8,0.5758,2,2026-08-27T14:57:56.888214,2026-08-27T14:57:57.464004
10,16,11,repl,6,False,8,0.6133,2,2026-08-27T14:57:56.859453,2026-08-27T14:57:57.472760
10,16,3,repl,6,False,19,0.2151,1,2026-08-27T14:57:57.362349,2026-08-27T14:57:57.577516
10,16,9,repl,6,False,3,0.6822,10,2026-08-27T14:57:56.918255,2026-08-27T14:57:57.600450
10,16,14,repl,6,False,5,0.6599,5,2026-08-27T14:57:56.956183,2026-08-27T14:57:57.616129
10,16,7,repl,6,False,3,0.5682,10,2026-08-27T14:57:57.103442,2026-08-27T14:57:57.671635
10,16,0,repl,6,False,13,0.6202,45,2026-08-27T14:57:57.109460,2026-08-27T14:57:57.729721
10,16,5,repl,6,False,18,1.395,100,2026-08-27T14:57:56.334935,2026-08-27T14:57:57.730018
10,16,14,repl,6,False,6,0.1359,1,2026-08-27T14:57:57.616218,2026-08-27T14:57:57.752141
10,16,4,repl,6,False,18,0.5214,100,2026-08-27T14:57:57.277266,2026-08-27T14:57:57.798656
10,16,8,repl,6,False,19,0.7109,1,2026-08-27T14:57:57.123481,2026-08-27T14:57:57.834362
10,16,13,repl,6,False,8,0.547,2,2026-08-27T14:57:57.311984,2026-08-27T14:57:57.858968
10,16,6,repl,6,False,22,0.4767,7,2026-08-27T14:57:57.396273,2026-08-27T14:57:57.873018
10,16,2,repl,6,False,13,0.7343,45,2026-08-27T14:57:57.147404,2026-08-27T14:57:57.881687
10,16,10,repl,6,False,5,1.5584,5,2026-08-27T14:57:56.351384,2026-08-27T14:57:57.909785
10,16,3,repl,6,False,20,0.3368,1804,2026-08-27T14:57:57.577628,2026-08-27T14:57:57.914430
10,16,15,repl,6,False,9,1.5295,175,2026-08-27T14:57:56.406546,2026-08-27T14:57:57.936043
10,16,10,repl,6,False,6,0.0804,1,2026-08-27T14:57:57.909910,2026-08-27T14:57:57.990341
10,16,12,repl,6,False,9,0.5574,175,2026-08-27T14:57:57.464254,2026-08-27T14:57:58.021680
10,16,4,repl,6,False,19,0.233,1,2026-08-27T14:57:57.798935,2026-08-27T14:57:58.032007
10,16,0,repl,6,False,14,0.3275,1,2026-08-27T14:57:57.730814,2026-08-27T14:57:58.058348
10,16,11,repl,6,False,9,0.6329,175,2026-08-27T14:57:57.472890,2026-08-27T14:57:58.105841
10,16,7,repl,6,False,4,0.4764,5,2026-08-27T14:57:57.671746,2026-08-27T14:57:58.148167
10,16,0,repl,6,False,15,0.1792,1,2026-08-27T14:57:58.058464,2026-08-27T14:57:58.237702
10,16,8,repl,6,False,20,0.4274,1804,2026-08-27T14:57:57.834469,2026-08-27T14:57:58.261900
10,16,2,repl,6,False,14,0.4184,1,2026-08-27T14:57:57.881798,2026-08-27T14:57:58.300197
10,16,5,repl,6,False,19,0.5782,1,2026-08-27T14:57:57.737863,2026-08-27T14:57:58.316148
10,16,4,repl,6,False,20,0.2859,1804,2026-08-27T14:57:58.037788,2026-08-27T14:57:58.323751
10,16,9,repl,6,False,4,0.7651,5,2026-08-27T14:57:57.600576,2026-08-27T14:57:58.365714
10,16,10,repl,6,False,7,0.4435,4,2026-08-27T14:57:57.990429,2026-08-27T14:57:58.433927
10,16,6,repl,6,False,1,0.5826,4,2026-08-27T14:57:57.873104,2026-08-27T14:57:58.455777
10,16,14,repl,6,False,7,0.7023,4,2026-08-27T14:57:57.753658,2026-08-27T14:57:58.455964
10,16,2,repl,6,False,15,0.1854,1,2026-08-27T14:57:58.300305,2026-08-27T14:57:58.485687
10,16,13,repl,6,False,9,0.7429,175,2026-08-27T14:57:57.859055,2026-08-27T14:57:58.601970
10,16,7,repl,6,False,5,0.6637,5,2026-08-27T14:57:58.148257,2026-08-27T14:57:58.812031
10,16,5,repl,6,False,20,0.4963,1804,2026-08-27T14:57:58.316256,2026-08-27T14:57:58.812616
10,16,12,repl,6,False,10,0.7958,20,2026-08-27T14:57:58.021786,2026-08-27T14:57:58.817658
10,16,11,repl,6,False,10,0.7073,20,2026-08-27T14:57:58.113589,2026-08-27T14:57:58.820894
10,16,0,repl,6,False,16,0.6161,27840,2026-08-27T14:57:58.243104,2026-08-27T14:57:58.859239
10,16,7,repl,6,False,6,0.0658,1,2026-08-27T14:57:58.826900,2026-08-27T14:57:58.893588
10,16,6,repl,6,False,2,0.4322,100,2026-08-27T14:57:58.473233,2026-08-27T14:57:58.905462
10,16,14,repl,6,False,8,0.4689,2,2026-08-27T14:57:58.456377,2026-08-27T14:57:58.926079
10,16,8,repl,6,False,21,0.7013,100,2026-08-27T14:57:58.262107,2026-08-27T14:57:58.964352
10,16,12,repl,6,False,11,0.1082,0,2026-08-27T14:57:58.873464,2026-08-27T14:57:58.982020
10,16,11,repl,6,False,11,0.1492,0,2026-08-27T14:57:58.845744,2026-08-27T14:57:58.995277
10,16,3,repl,6,False,21,1.0985,100,2026-08-27T14:57:57.914552,2026-08-27T14:57:59.014750
10,16,4,repl,6,False,21,0.6918,100,2026-08-27T14:57:58.333816,2026-08-27T14:57:59.025682
10,16,10,repl,6,False,8,0.6008,2,2026-08-27T14:57:58.434023,2026-08-27T14:57:59.034857
10,16,0,repl,6,False,17,0.1701,1,2026-08-27T14:57:58.889943,2026-08-27T14:57:59.060146
10,16,2,repl,6,False,16,0.5925,27840,2026-08-27T14:57:58.497717,2026-08-27T14:57:59.093627
10,16,9,repl,6,False,5,0.7443,5,2026-08-27T14:57:58.365804,2026-08-27T14:57:59.110097
10,16,1,repl,6,False,18,2.7464,100,2026-08-27T14:57:56.397685,2026-08-27T14:57:59.144118
10,16,9,repl,6,False,6,0.1211,1,2026-08-27T14:57:59.110190,2026-08-27T14:57:59.231363
10,16,1,repl,6,False,19,0.1985,1,2026-08-27T14:57:59.144216,2026-08-27T14:57:59.342762
10,16,8,repl,6,False,22,0.4102,7,2026-08-27T14:57:58.964530,2026-08-27T14:57:59.374794
10,16,6,repl,6,False,3,0.5273,10,2026-08-27T14:57:58.905604,2026-08-27T14:57:59.432891
10,16,0,repl,6,False,18,0.4383,100,2026-08-27T14:57:59.060270,2026-08-27T14:57:59.498648
10,16,8,repl,6,False,1,0.1432,4,2026-08-27T14:57:59.374882,2026-08-27T14:57:59.518108
10,16,5,repl,6,False,21,0.7102,100,2026-08-27T14:57:58.840827,2026-08-27T14:57:59.551021
10,16,14,repl,6,False,9,0.6711,175,2026-08-27T14:57:58.926265,2026-08-27T14:57:59.597378
10,16,13,repl,6,False,10,1.0173,20,2026-08-27T14:57:58.602067,2026-08-27T14:57:59.619445
10,16,3,repl,6,False,22,0.6151,7,2026-08-27T14:57:59.014879,2026-08-27T14:57:59.630017
10,16,1,repl,6,False,20,0.2988,1804,2026-08-27T14:57:59.342867,2026-08-27T14:57:59.641672
10,16,0,repl,6,False,19,0.1588,1,2026-08-27T14:57:59.498759,2026-08-27T14:57:59.657584
10,16,7,repl,6,False,7,0.8035,4,2026-08-27T14:57:58.893749,2026-08-27T14:57:59.697271
10,16,8,repl,6,False,2,0.1931,100,2026-08-27T14:57:59.518215,2026-08-27T14:57:59.711374
10,16,12,repl,6,False,12,0.7494,2,2026-08-27T14:57:58.982126,2026-08-27T14:57:59.731536
10,16,10,repl,6,False,9,0.7188,175,2026-08-27T14:57:59.034970,2026-08-27T14:57:59.753784
10,16,3,repl,6,False,1,0.1339,4,2026-08-27T14:57:59.630140,2026-08-27T14:57:59.764087
10,16,13,repl,6,False,11,0.1538,0,2026-08-27T14:57:59.619548,2026-08-27T14:57:59.773351
10,16,5,repl,6,False,22,0.2871,7,2026-08-27T14:57:59.551106,2026-08-27T14:57:59.838202
10,16,15,repl,6,False,10,1.959,20,2026-08-27T14:57:57.936163,2026-08-27T14:57:59.895166
10,16,4,repl,6,False,22,0.8838,7,2026-08-27T14:57:59.025794,2026-08-27T14:57:59.909623
10,16,5,repl,6,False,1,0.0881,4,2026-08-27T14:57:59.838304,2026-08-27T14:57:59.926412
10,16,2,repl,6,False,17,0.8437,1,2026-08-27T14:57:59.093750,2026-08-27T14:57:59.937435
10,16,6,repl,6,False,4,0.5136,5,2026-08-27T14:57:59.433018,2026-08-27T14:57:59.946675
10,16,3,repl,6,False,2,0.2127,100,2026-08-27T14:57:59.764237,2026-08-27T14:57:59.976976
10,16,4,repl,6,False,1,0.1086,4,2026-08-27T14:57:59.909735,2026-08-27T14:58:00.018398
10,16,0,repl,6,False,20,0.3882,1804,2026-08-27T14:57:59.657695,2026-08-27T14:58:00.045879
10,16,15,repl,6,False,11,0.1885,0,2026-08-27T14:57:59.899886,2026-08-27T14:58:00.088395
10,16,13,repl,6,False,12,0.3263,2,2026-08-27T14:57:59.773452,2026-08-27T14:58:00.099749
10,16,8,repl,6,False,3,0.4036,10,2026-08-27T14:57:59.711457,2026-08-27T14:58:00.115078
10,16,5,repl,6,False,2,0.3036,100,2026-08-27T14:57:59.926519,2026-08-27T14:58:00.230199
10,16,9,repl,6,False,7,1.0253,4,2026-08-27T14:57:59.231458,2026-08-27T14:58:00.256804
10,16,1,repl,6,False,21,0.619,100,2026-08-27T14:57:59.641785,2026-08-27T14:58:00.260801
10,16,4,repl,6,False,2,0.2422,100,2026-08-27T14:58:00.018759,2026-08-27T14:58:00.260976
10,16,15,repl,6,False,12,0.3109,2,2026-08-27T14:58:00.088533,2026-08-27T14:58:00.399498
10,16,14,repl,6,False,10,0.8267,20,2026-08-27T14:57:59.597528,2026-08-27T14:58:00.424235
10,16,3,repl,6,False,3,0.4617,10,2026-08-27T14:57:59.977075,2026-08-27T14:58:00.438773
10,16,6,repl,6,False,5,0.5493,5,2026-08-27T14:57:59.946801,2026-08-27T14:58:00.496086
10,16,14,repl,6,False,11,0.1265,0,2026-08-27T14:58:00.429709,2026-08-27T14:58:00.556236
10,16,8,repl,6,False,4,0.4828,5,2026-08-27T14:58:00.115393,2026-08-27T14:58:00.598266
10,16,10,repl,6,False,10,0.8718,20,2026-08-27T14:57:59.753882,2026-08-27T14:58:00.625677
10,16,6,repl,6,False,6,0.1315,1,2026-08-27T14:58:00.496211,2026-08-27T14:58:00.627751
10,16,2,repl,6,False,18,0.705,100,2026-08-27T14:57:59.937577,2026-08-27T14:58:00.642565
10,16,4,repl,6,False,3,0.4057,10,2026-08-27T14:58:00.273749,2026-08-27T14:58:00.679535
10,16,5,repl,6,False,3,0.4612,10,2026-08-27T14:58:00.230314,2026-08-27T14:58:00.691562
10,16,0,repl,6,False,21,0.6547,100,2026-08-27T14:58:00.049829,2026-08-27T14:58:00.704582
10,16,13,repl,6,False,13,0.6117,45,2026-08-27T14:58:00.105695,2026-08-27T14:58:00.717436
10,16,2,repl,6,False,19,0.1055,1,2026-08-27T14:58:00.642677,2026-08-27T14:58:00.748253
10,16,9,repl,6,False,8,0.4996,2,2026-08-27T14:58:00.256876,2026-08-27T14:58:00.756469
10,16,15,repl,6,False,13,0.3874,45,2026-08-27T14:58:00.399612,2026-08-27T14:58:00.787076
10,16,14,repl,6,False,12,0.2327,2,2026-08-27T14:58:00.556533,2026-08-27T14:58:00.789244
10,16,1,repl,6,False,22,0.5338,7,2026-08-27T14:58:00.261064,2026-08-27T14:58:00.794832
10,16,15,repl,6,False,14,0.1747,1,2026-08-27T14:58:00.787189,2026-08-27T14:58:00.961966
10,16,2,repl,6,False,20,0.2575,1804,2026-08-27T14:58:00.748414,2026-08-27T14:58:01.005920
10,16,8,repl,6,False,5,0.4244,5,2026-08-27T14:58:00.598357,2026-08-27T14:58:01.022814
10,16,1,repl,6,False,1,0.2465,4,2026-08-27T14:58:00.794885,2026-08-27T14:58:01.041432
10,16,0,repl,6,False,22,0.3529,7,2026-08-27T14:58:00.704691,2026-08-27T14:58:01.057639
10,16,15,repl,6,False,15,0.0958,1,2026-08-27T14:58:00.962127,2026-08-27T14:58:01.057930
10,16,8,repl,6,False,6,0.0358,1,2026-08-27T14:58:01.022921,2026-08-27T14:58:01.058735
10,16,5,repl,6,False,4,0.443,5,2026-08-27T14:58:00.691664,2026-08-27T14:58:01.134743
10,16,4,repl,6,False,4,0.479,5,2026-08-27T14:58:00.679638,2026-08-27T14:58:01.158694
10,16,14,repl,6,False,13,0.4139,45,2026-08-27T14:58:00.789356,2026-08-27T14:58:01.203316
10,16,9,repl,6,False,9,0.4843,175,2026-08-27T14:58:00.756883,2026-08-27T14:58:01.241263
10,16,14,repl,6,False,14,0.0977,1,2026-08-27T14:58:01.203520,2026-08-27T14:58:01.301266
10,16,8,repl,6,False,7,0.2569,4,2026-08-27T14:58:01.058870,2026-08-27T14:58:01.315822
10,16,2,repl,6,False,21,0.3452,100,2026-08-27T14:58:01.006107,2026-08-27T14:58:01.351295
10,16,5,repl,6,False,5,0.2592,5,2026-08-27T14:58:01.134861,2026-08-27T14:58:01.394093
10,16,2,repl,6,False,22,0.1615,7,2026-08-27T14:58:01.351398,2026-08-27T14:58:01.512958
10,16,2,repl,6,False,1,0.0472,4,2026-08-27T14:58:01.513037,2026-08-27T14:58:01.560265
10,16,8,repl,6,False,8,0.2615,2,2026-08-27T14:58:01.315897,2026-08-27T14:58:01.577421
10,16,2,repl,6,False,2,0.0567,100,2026-08-27T14:58:01.560345,2026-08-27T14:58:01.617031
10,16,0,repl,7,False,1,0.0856,4,2026-08-27T14:58:01.619629,2026-08-27T14:58:01.705247
10,16,5,repl,7,False,6,0.0756,1,2026-08-27T14:58:01.641832,2026-08-27T14:58:01.717449
10,16,1,repl,7,False,2,0.2106,100,2026-08-27T14:58:01.623059,2026-08-27T14:58:01.833698
10,16,10,repl,7,False,11,0.1818,0,2026-08-27T14:58:01.692636,2026-08-27T14:58:01.874533
10,16,2,repl,7,False,3,0.4245,10,2026-08-27T14:58:01.626532,2026-08-27T14:58:02.051061
10,16,3,repl,7,False,4,0.4294,5,2026-08-27T14:58:01.634620,2026-08-27T14:58:02.064017
10,16,11,repl,7,False,12,0.4097,2,2026-08-27T14:58:01.698389,2026-08-27T14:58:02.108107
10,16,14,repl,7,False,15,0.397,1,2026-08-27T14:58:01.722313,2026-08-27T14:58:02.119340
10,16,4,repl,7,False,5,0.5173,5,2026-08-27T14:58:01.637617,2026-08-27T14:58:02.154921
10,16,8,repl,7,False,9,0.4811,175,2026-08-27T14:58:01.676077,2026-08-27T14:58:02.157189
10,16,10,repl,7,False,12,0.2995,2,2026-08-27T14:58:01.874704,2026-08-27T14:58:02.174278
10,16,13,repl,7,False,14,0.4888,1,2026-08-27T14:58:01.714110,2026-08-27T14:58:02.202922
10,16,0,repl,7,False,2,0.5102,100,2026-08-27T14:58:01.705342,2026-08-27T14:58:02.215548
10,16,5,repl,7,False,7,0.5226,4,2026-08-27T14:58:01.717588,2026-08-27T14:58:02.240212
10,16,6,repl,7,False,7,0.6125,4,2026-08-27T14:58:01.645615,2026-08-27T14:58:02.258102
10,16,4,repl,7,False,6,0.115,1,2026-08-27T14:58:02.155028,2026-08-27T14:58:02.270058
10,16,1,repl,7,False,3,0.4411,10,2026-08-27T14:58:01.849571,2026-08-27T14:58:02.290763
10,16,7,repl,7,False,8,0.7104,2,2026-08-27T14:58:01.661606,2026-08-27T14:58:02.372055
10,16,2,repl,7,False,4,0.3398,5,2026-08-27T14:58:02.051189,2026-08-27T14:58:02.391054
10,16,12,repl,7,False,13,0.7885,45,2026-08-27T14:58:01.705791,2026-08-27T14:58:02.494322
10,16,9,repl,7,False,10,0.9076,20,2026-08-27T14:58:01.681262,2026-08-27T14:58:02.588938
10,16,13,repl,7,False,15,0.4235,1,2026-08-27T14:58:02.203047,2026-08-27T14:58:02.644185
10,16,3,repl,7,False,5,0.6102,5,2026-08-27T14:58:02.064140,2026-08-27T14:58:02.674378
10,16,4,repl,7,False,7,0.4113,4,2026-08-27T14:58:02.270182,2026-08-27T14:58:02.681529
10,16,9,repl,7,False,11,0.119,0,2026-08-27T14:58:02.589952,2026-08-27T14:58:02.709930
10,16,0,repl,7,False,3,0.4959,10,2026-08-27T14:58:02.215638,2026-08-27T14:58:02.711567
10,16,1,repl,7,False,4,0.4431,5,2026-08-27T14:58:02.293762,2026-08-27T14:58:02.736934
10,16,15,repl,7,False,16,1.0225,27840,2026-08-27T14:58:01.730193,2026-08-27T14:58:02.752708
10,16,12,repl,7,False,14,0.2631,1,2026-08-27T14:58:02.494452,2026-08-27T14:58:02.757561
10,16,3,repl,7,False,6,0.107,1,2026-08-27T14:58:02.674636,2026-08-27T14:58:02.781652
10,16,6,repl,7,False,8,0.5876,2,2026-08-27T14:58:02.258207,2026-08-27T14:58:02.847247
10,16,11,repl,7,False,13,0.7917,45,2026-08-27T14:58:02.109910,2026-08-27T14:58:02.902004
10,16,14,repl,7,False,16,0.8269,27840,2026-08-27T14:58:02.119440,2026-08-27T14:58:02.947489
10,16,12,repl,7,False,15,0.1816,1,2026-08-27T14:58:02.781770,2026-08-27T14:58:02.963458
10,16,10,repl,7,False,13,0.7933,45,2026-08-27T14:58:02.174424,2026-08-27T14:58:02.967733
10,16,8,repl,7,False,10,0.8136,20,2026-08-27T14:58:02.157305,2026-08-27T14:58:02.970960
10,16,5,repl,7,False,8,0.7571,2,2026-08-27T14:58:02.240288,2026-08-27T14:58:02.997388
10,16,7,repl,7,False,9,0.7008,175,2026-08-27T14:58:02.372174,2026-08-27T14:58:03.072999
10,16,0,repl,7,False,4,0.3457,5,2026-08-27T14:58:02.738281,2026-08-27T14:58:03.084044
10,16,2,repl,7,False,5,0.7117,5,2026-08-27T14:58:02.391167,2026-08-27T14:58:03.102898
10,16,9,repl,7,False,12,0.3947,2,2026-08-27T14:58:02.725317,2026-08-27T14:58:03.120688
10,16,3,repl,7,False,7,0.3412,4,2026-08-27T14:58:02.847474,2026-08-27T14:58:03.188703
10,16,10,repl,7,False,14,0.2463,1,2026-08-27T14:58:02.967820,2026-08-27T14:58:03.214690
10,16,2,repl,7,False,6,0.1347,1,2026-08-27T14:58:03.102982,2026-08-27T14:58:03.237710
10,16,14,repl,7,False,17,0.3579,1,2026-08-27T14:58:02.947698,2026-08-27T14:58:03.305614
10,16,1,repl,7,False,5,0.5906,5,2026-08-27T14:58:02.757671,2026-08-27T14:58:03.348330
10,16,4,repl,7,False,8,0.6694,2,2026-08-27T14:58:02.681603,2026-08-27T14:58:03.350992
10,16,13,repl,7,False,16,0.7031,27840,2026-08-27T14:58:02.644948,2026-08-27T14:58:03.362896
10,16,10,repl,7,False,15,0.1896,1,2026-08-27T14:58:03.214775,2026-08-27T14:58:03.404394
10,16,8,repl,7,False,11,0.4468,0,2026-08-27T14:58:02.971125,2026-08-27T14:58:03.418290
10,16,1,repl,7,False,6,0.1632,1,2026-08-27T14:58:03.348479,2026-08-27T14:58:03.511687
10,16,12,repl,7,False,16,0.5748,27840,2026-08-27T14:58:02.963658,2026-08-27T14:58:03.541700
10,16,15,repl,7,False,17,0.7677,1,2026-08-27T14:58:02.779590,2026-08-27T14:58:03.547381
10,16,11,repl,7,False,14,0.7084,1,2026-08-27T14:58:02.902153,2026-08-27T14:58:03.610547
10,16,6,repl,7,False,9,0.8207,175,2026-08-27T14:58:02.878058,2026-08-27T14:58:03.698777
10,16,0,repl,7,False,5,0.6763,5,2026-08-27T14:58:03.085602,2026-08-27T14:58:03.761932
10,16,9,repl,7,False,13,0.6702,45,2026-08-27T14:58:03.121571,2026-08-27T14:58:03.791829
10,16,0,repl,7,False,6,0.0442,1,2026-08-27T14:58:03.762085,2026-08-27T14:58:03.806333
10,16,14,repl,7,False,18,0.5601,100,2026-08-27T14:58:03.305774,2026-08-27T14:58:03.865933
10,16,7,repl,7,False,10,0.8593,20,2026-08-27T14:58:03.073768,2026-08-27T14:58:03.933074
10,16,12,repl,7,False,17,0.4251,1,2026-08-27T14:58:03.541863,2026-08-27T14:58:03.966991
10,16,3,repl,7,False,8,0.7873,2,2026-08-27T14:58:03.188852,2026-08-27T14:58:03.976206
10,16,2,repl,7,False,7,0.7632,4,2026-08-27T14:58:03.237873,2026-08-27T14:58:04.001067
10,16,13,repl,7,False,17,0.665,1,2026-08-27T14:58:03.373638,2026-08-27T14:58:04.038716
10,16,14,repl,7,False,19,0.2358,1,2026-08-27T14:58:03.866046,2026-08-27T14:58:04.101925
10,16,9,repl,7,False,14,0.327,1,2026-08-27T14:58:03.791916,2026-08-27T14:58:04.118943
10,16,5,repl,7,False,9,1.1408,175,2026-08-27T14:58:02.997502,2026-08-27T14:58:04.138368
10,16,1,repl,7,False,7,0.6268,4,2026-08-27T14:58:03.517689,2026-08-27T14:58:04.144564
10,16,4,repl,7,False,9,0.819,175,2026-08-27T14:58:03.351088,2026-08-27T14:58:04.170085
10,16,7,repl,7,False,11,0.3047,0,2026-08-27T14:58:03.937593,2026-08-27T14:58:04.242331
10,16,12,repl,7,False,18,0.4628,100,2026-08-27T14:58:03.967120,2026-08-27T14:58:04.429930
10,16,9,repl,7,False,15,0.3262,1,2026-08-27T14:58:04.119072,2026-08-27T14:58:04.445291
10,16,14,repl,7,False,20,0.3437,1804,2026-08-27T14:58:04.102055,2026-08-27T14:58:04.445757
10,16,11,repl,7,False,15,0.9383,1,2026-08-27T14:58:03.610655,2026-08-27T14:58:04.549034
10,16,0,repl,7,False,7,0.7516,4,2026-08-27T14:58:03.806478,2026-08-27T14:58:04.558090
10,16,6,repl,7,False,10,0.9073,20,2026-08-27T14:58:03.698930,2026-08-27T14:58:04.606222
10,16,7,repl,7,False,12,0.385,2,2026-08-27T14:58:04.242445,2026-08-27T14:58:04.627445
10,16,12,repl,7,False,19,0.2333,1,2026-08-27T14:58:04.430054,2026-08-27T14:58:04.663382
10,16,10,repl,7,False,16,1.3808,27840,2026-08-27T14:58:03.404524,2026-08-27T14:58:04.785352
10,16,6,repl,7,False,11,0.1793,0,2026-08-27T14:58:04.606349,2026-08-27T14:58:04.785691
10,16,15,repl,7,False,18,1.2407,100,2026-08-27T14:58:03.549680,2026-08-27T14:58:04.790398
10,16,1,repl,7,False,8,0.6945,2,2026-08-27T14:58:04.144693,2026-08-27T14:58:04.839257
10,16,3,repl,7,False,9,0.9023,175,2026-08-27T14:58:03.976355,2026-08-27T14:58:04.878702
10,16,5,repl,7,False,10,0.796,20,2026-08-27T14:58:04.138466,2026-08-27T14:58:04.934492
10,16,2,repl,7,False,8,0.9334,2,2026-08-27T14:58:04.005707,2026-08-27T14:58:04.939193
10,16,4,repl,7,False,10,0.8184,20,2026-08-27T14:58:04.170213,2026-08-27T14:58:04.988663
10,16,9,repl,7,False,16,0.5878,27840,2026-08-27T14:58:04.445950,2026-08-27T14:58:05.033934
10,16,5,repl,7,False,11,0.1072,0,2026-08-27T14:58:04.934587,2026-08-27T14:58:05.041860
10,16,14,repl,7,False,21,0.5843,100,2026-08-27T14:58:04.457785,2026-08-27T14:58:05.042114
10,16,12,repl,7,False,20,0.377,1804,2026-08-27T14:58:04.671155,2026-08-27T14:58:05.048546
10,16,10,repl,7,False,17,0.2904,1,2026-08-27T14:58:04.790667,2026-08-27T14:58:05.081124
10,16,15,repl,7,False,19,0.2878,1,2026-08-27T14:58:04.802025,2026-08-27T14:58:05.089866
10,16,4,repl,7,False,11,0.15,0,2026-08-27T14:58:04.988768,2026-08-27T14:58:05.140465
10,16,8,repl,7,False,12,1.7748,2,2026-08-27T14:58:03.418441,2026-08-27T14:58:05.193882
10,16,11,repl,7,False,16,0.6841,27840,2026-08-27T14:58:04.549164,2026-08-27T14:58:05.233299
10,16,9,repl,7,False,17,0.2359,1,2026-08-27T14:58:05.042259,2026-08-27T14:58:05.278196
10,16,0,repl,7,False,8,0.8261,2,2026-08-27T14:58:04.569562,2026-08-27T14:58:05.395700
10,16,6,repl,7,False,12,0.5936,2,2026-08-27T14:58:04.821918,2026-08-27T14:58:05.415615
10,16,11,repl,7,False,17,0.2568,1,2026-08-27T14:58:05.249690,2026-08-27T14:58:05.506587
10,16,5,repl,7,False,12,0.4841,2,2026-08-27T14:58:05.059931,2026-08-27T14:58:05.544106
10,16,4,repl,7,False,12,0.4435,2,2026-08-27T14:58:05.162465,2026-08-27T14:58:05.607650
10,16,12,repl,7,False,21,0.5728,100,2026-08-27T14:58:05.050339,2026-08-27T14:58:05.623156
10,16,15,repl,7,False,20,0.5733,1804,2026-08-27T14:58:05.089961,2026-08-27T14:58:05.663311
10,16,14,repl,7,False,22,0.7188,7,2026-08-27T14:58:05.075051,2026-08-27T14:58:05.793951
10,16,10,repl,7,False,18,0.7353,100,2026-08-27T14:58:05.081252,2026-08-27T14:58:05.816565
10,16,1,repl,7,False,9,0.9865,175,2026-08-27T14:58:04.845553,2026-08-27T14:58:05.832093
10,16,14,repl,7,False,1,0.1171,4,2026-08-27T14:58:05.797580,2026-08-27T14:58:05.914736
10,16,12,repl,7,False,22,0.4183,7,2026-08-27T14:58:05.623519,2026-08-27T14:58:06.041892
10,16,10,repl,7,False,19,0.2535,1,2026-08-27T14:58:05.816665,2026-08-27T14:58:06.070146
10,16,11,repl,7,False,18,0.5793,100,2026-08-27T14:58:05.506711,2026-08-27T14:58:06.086012
10,16,12,repl,7,False,1,0.0922,4,2026-08-27T14:58:06.041982,2026-08-27T14:58:06.134213
10,16,2,repl,7,False,9,1.2598,175,2026-08-27T14:58:04.949529,2026-08-27T14:58:06.209735
10,16,9,repl,7,False,18,0.9379,100,2026-08-27T14:58:05.278326,2026-08-27T14:58:06.216226
10,16,14,repl,7,False,2,0.3149,100,2026-08-27T14:58:05.914868,2026-08-27T14:58:06.229824
10,16,11,repl,7,False,19,0.2108,1,2026-08-27T14:58:06.086130,2026-08-27T14:58:06.296911
10,16,7,repl,7,False,13,1.6947,45,2026-08-27T14:58:04.627811,2026-08-27T14:58:06.322545
10,16,10,repl,7,False,20,0.2572,1804,2026-08-27T14:58:06.070235,2026-08-27T14:58:06.327480
10,16,15,repl,7,False,21,0.6703,100,2026-08-27T14:58:05.663435,2026-08-27T14:58:06.333759
10,16,4,repl,7,False,13,0.7329,45,2026-08-27T14:58:05.613586,2026-08-27T14:58:06.346559
10,16,12,repl,7,False,2,0.2126,100,2026-08-27T14:58:06.134292,2026-08-27T14:58:06.346931
10,16,9,repl,7,False,19,0.1701,1,2026-08-27T14:58:06.216332,2026-08-27T14:58:06.386457
10,16,7,repl,7,False,14,0.2535,1,2026-08-27T14:58:06.322664,2026-08-27T14:58:06.576222
10,16,11,repl,7,False,20,0.3082,1804,2026-08-27T14:58:06.297907,2026-08-27T14:58:06.606122
10,16,1,repl,7,False,10,0.839,20,2026-08-27T14:58:05.832212,2026-08-27T14:58:06.671212
10,16,0,repl,7,False,9,1.2953,175,2026-08-27T14:58:05.395812,2026-08-27T14:58:06.691176
10,16,4,repl,7,False,14,0.3442,1,2026-08-27T14:58:06.366066,2026-08-27T14:58:06.710289
10,16,9,repl,7,False,20,0.3323,1804,2026-08-27T14:58:06.386567,2026-08-27T14:58:06.718917
10,16,7,repl,7,False,15,0.1655,1,2026-08-27T14:58:06.576347,2026-08-27T14:58:06.741918
10,16,1,repl,7,False,11,0.0998,0,2026-08-27T14:58:06.671323,2026-08-27T14:58:06.771105
10,16,6,repl,7,False,13,1.3601,45,2026-08-27T14:58:05.415727,2026-08-27T14:58:06.775833
10,16,10,repl,7,False,21,0.4985,100,2026-08-27T14:58:06.334132,2026-08-27T14:58:06.832696
10,16,14,repl,7,False,3,0.6512,10,2026-08-27T14:58:06.229938,2026-08-27T14:58:06.881137
10,16,4,repl,7,False,15,0.206,1,2026-08-27T14:58:06.710392,2026-08-27T14:58:06.916448
10,16,15,repl,7,False,22,0.6104,7,2026-08-27T14:58:06.357651,2026-08-27T14:58:06.968119
10,16,3,repl,7,False,10,2.1096,20,2026-08-27T14:58:04.878807,2026-08-27T14:58:06.988412
10,16,2,repl,7,False,10,0.814,20,2026-08-27T14:58:06.209865,2026-08-27T14:58:07.023924
10,16,1,repl,7,False,12,0.2912,2,2026-08-27T14:58:06.771224,2026-08-27T14:58:07.062445
10,16,15,repl,7,False,1,0.1195,4,2026-08-27T14:58:06.968340,2026-08-27T14:58:07.087839
10,16,9,repl,7,False,21,0.4617,100,2026-08-27T14:58:06.719057,2026-08-27T14:58:07.180827
10,16,12,repl,7,False,3,0.8365,10,2026-08-27T14:58:06.369011,2026-08-27T14:58:07.205528
10,16,11,repl,7,False,21,0.6486,100,2026-08-27T14:58:06.606244,2026-08-27T14:58:07.256119
10,16,2,repl,7,False,11,0.2321,0,2026-08-27T14:58:07.024059,2026-08-27T14:58:07.256222
10,16,8,repl,7,False,13,2.0643,45,2026-08-27T14:58:05.193995,2026-08-27T14:58:07.258522
10,16,10,repl,7,False,22,0.426,7,2026-08-27T14:58:06.832829,2026-08-27T14:58:07.258831
10,16,3,repl,7,False,11,0.2736,0,2026-08-27T14:58:06.988530,2026-08-27T14:58:07.262171
10,16,6,repl,7,False,14,0.5266,1,2026-08-27T14:58:06.775949,2026-08-27T14:58:07.303391
10,16,14,repl,7,False,4,0.4224,5,2026-08-27T14:58:06.881261,2026-08-27T14:58:07.303701
10,16,5,repl,7,False,13,1.7641,45,2026-08-27T14:58:05.544217,2026-08-27T14:58:07.308652
10,16,15,repl,7,False,2,0.2475,100,2026-08-27T14:58:07.093841,2026-08-27T14:58:07.341359
10,16,7,repl,7,False,16,0.6369,27840,2026-08-27T14:58:06.742037,2026-08-27T14:58:07.396494
10,16,0,repl,7,False,10,0.7521,20,2026-08-27T14:58:06.691274,2026-08-27T14:58:07.443372
10,16,10,repl,7,False,1,0.1761,4,2026-08-27T14:58:07.277842,2026-08-27T14:58:07.453947
10,16,4,repl,7,False,16,0.5591,27840,2026-08-27T14:58:06.916552,2026-08-27T14:58:07.475650
10,16,1,repl,7,False,13,0.4132,45,2026-08-27T14:58:07.062597,2026-08-27T14:58:07.475771
10,16,8,repl,7,False,14,0.2206,1,2026-08-27T14:58:07.265907,2026-08-27T14:58:07.486497
10,16,9,repl,7,False,22,0.324,7,2026-08-27T14:58:07.185674,2026-08-27T14:58:07.509730
10,16,0,repl,7,False,11,0.1033,0,2026-08-27T14:58:07.443459,2026-08-27T14:58:07.546800
10,16,5,repl,7,False,14,0.1882,1,2026-08-27T14:58:07.366153,2026-08-27T14:58:07.554411
10,16,8,repl,7,False,15,0.0949,1,2026-08-27T14:58:07.489225,2026-08-27T14:58:07.584148
10,16,2,repl,7,False,12,0.2846,2,2026-08-27T14:58:07.312948,2026-08-27T14:58:07.597629
10,16,12,repl,7,False,4,0.3958,5,2026-08-27T14:58:07.209937,2026-08-27T14:58:07.605812
10,16,3,repl,7,False,12,0.341,2,2026-08-27T14:58:07.274839,2026-08-27T14:58:07.615854
10,16,6,repl,7,False,15,0.2432,1,2026-08-27T14:58:07.385302,2026-08-27T14:58:07.628594
10,16,11,repl,7,False,22,0.378,7,2026-08-27T14:58:07.258964,2026-08-27T14:58:07.637030
10,16,10,repl,7,False,2,0.179,100,2026-08-27T14:58:07.467974,2026-08-27T14:58:07.647008
10,16,5,repl,7,False,15,0.1917,1,2026-08-27T14:58:07.562208,2026-08-27T14:58:07.753928
10,16,1,repl,7,False,14,0.276,1,2026-08-27T14:58:07.502268,2026-08-27T14:58:07.778354
10,16,4,repl,7,False,17,0.3495,1,2026-08-27T14:58:07.486700,2026-08-27T14:58:07.836287
10,16,9,repl,7,False,1,0.3442,4,2026-08-27T14:58:07.509844,2026-08-27T14:58:07.854084
10,16,0,repl,7,False,12,0.3511,2,2026-08-27T14:58:07.557597,2026-08-27T14:58:07.908735
10,16,1,repl,7,False,15,0.1562,1,2026-08-27T14:58:07.778452,2026-08-27T14:58:07.934661
10,16,11,repl,7,False,1,0.3213,4,2026-08-27T14:58:07.637144,2026-08-27T14:58:07.958480
10,16,7,repl,7,False,17,0.621,1,2026-08-27T14:58:07.396618,2026-08-27T14:58:08.017644
10,16,12,repl,7,False,5,0.437,5,2026-08-27T14:58:07.605905,2026-08-27T14:58:08.042950
10,16,2,repl,7,False,13,0.4878,45,2026-08-27T14:58:07.597715,2026-08-27T14:58:08.085591
10,16,8,repl,7,False,16,0.7239,27840,2026-08-27T14:58:07.584243,2026-08-27T14:58:08.308212
10,16,9,repl,7,False,2,0.4746,100,2026-08-27T14:58:07.854190,2026-08-27T14:58:08.328827
10,16,14,repl,7,False,5,0.9748,5,2026-08-27T14:58:07.356653,2026-08-27T14:58:08.331470
10,16,3,repl,7,False,13,0.7212,45,2026-08-27T14:58:07.615968,2026-08-27T14:58:08.337156
10,16,12,repl,7,False,6,0.2943,1,2026-08-27T14:58:08.045578,2026-08-27T14:58:08.339947
10,16,2,repl,7,False,14,0.2994,1,2026-08-27T14:58:08.085724,2026-08-27T14:58:08.385376
10,16,15,repl,7,False,3,1.0048,10,2026-08-27T14:58:07.381611,2026-08-27T14:58:08.386485
10,16,14,repl,7,False,6,0.0633,1,2026-08-27T14:58:08.337407,2026-08-27T14:58:08.400743
10,16,7,repl,7,False,18,0.4041,100,2026-08-27T14:58:08.017771,2026-08-27T14:58:08.421885
10,16,4,repl,7,False,18,0.5989,100,2026-08-27T14:58:07.836429,2026-08-27T14:58:08.435310
10,16,11,repl,7,False,2,0.517,100,2026-08-27T14:58:07.958588,2026-08-27T14:58:08.475617
10,16,5,repl,7,False,16,0.7429,27840,2026-08-27T14:58:07.754050,2026-08-27T14:58:08.496942
10,16,6,repl,7,False,16,0.8887,27840,2026-08-27T14:58:07.628701,2026-08-27T14:58:08.517436
10,16,0,repl,7,False,13,0.6205,45,2026-08-27T14:58:07.908849,2026-08-27T14:58:08.529352
10,16,3,repl,7,False,14,0.1594,1,2026-08-27T14:58:08.371092,2026-08-27T14:58:08.530513
10,16,8,repl,7,False,17,0.2251,1,2026-08-27T14:58:08.308431,2026-08-27T14:58:08.533572
10,16,4,repl,7,False,19,0.1582,1,2026-08-27T14:58:08.457632,2026-08-27T14:58:08.615860
10,16,2,repl,7,False,15,0.2392,1,2026-08-27T14:58:08.400995,2026-08-27T14:58:08.640209
10,16,10,repl,7,False,3,1.0168,10,2026-08-27T14:58:07.647117,2026-08-27T14:58:08.663968
10,16,9,repl,7,False,3,0.3843,10,2026-08-27T14:58:08.331636,2026-08-27T14:58:08.716034
10,16,1,repl,7,False,16,0.8135,27840,2026-08-27T14:58:07.934764,2026-08-27T14:58:08.748257
10,16,12,repl,7,False,7,0.3629,4,2026-08-27T14:58:08.386626,2026-08-27T14:58:08.749586
10,16,5,repl,7,False,17,0.246,1,2026-08-27T14:58:08.521994,2026-08-27T14:58:08.768046
10,16,0,repl,7,False,14,0.2477,1,2026-08-27T14:58:08.542074,2026-08-27T14:58:08.789788
10,16,7,repl,7,False,19,0.3963,1,2026-08-27T14:58:08.421996,2026-08-27T14:58:08.818325
10,16,6,repl,7,False,17,0.3297,1,2026-08-27T14:58:08.530635,2026-08-27T14:58:08.860348
10,16,1,repl,7,False,17,0.2549,1,2026-08-27T14:58:08.753543,2026-08-27T14:58:09.008528
10,16,15,repl,7,False,4,0.665,5,2026-08-27T14:58:08.405015,2026-08-27T14:58:09.070052
10,16,4,repl,7,False,20,0.4939,1804,2026-08-27T14:58:08.615977,2026-08-27T14:58:09.109891
10,16,9,repl,7,False,4,0.4303,5,2026-08-27T14:58:08.716150,2026-08-27T14:58:09.146443
10,16,0,repl,7,False,15,0.3875,1,2026-08-27T14:58:08.789902,2026-08-27T14:58:09.177455
10,16,14,repl,7,False,7,0.8301,4,2026-08-27T14:58:08.408073,2026-08-27T14:58:09.238204
10,16,8,repl,7,False,18,0.6992,100,2026-08-27T14:58:08.553575,2026-08-27T14:58:09.252775
10,16,3,repl,7,False,15,0.6737,1,2026-08-27T14:58:08.590307,2026-08-27T14:58:09.264106
10,16,6,repl,7,False,18,0.4596,100,2026-08-27T14:58:08.865580,2026-08-27T14:58:09.325264
10,16,12,repl,7,False,8,0.6237,2,2026-08-27T14:58:08.756029,2026-08-27T14:58:09.379746
10,16,7,repl,7,False,20,0.6315,1804,2026-08-27T14:58:08.818447,2026-08-27T14:58:09.449926
10,16,15,repl,7,False,5,0.3931,5,2026-08-27T14:58:09.070298,2026-08-27T14:58:09.463393
10,16,6,repl,7,False,19,0.1436,1,2026-08-27T14:58:09.329576,2026-08-27T14:58:09.473233
10,16,15,repl,7,False,6,0.063,1,2026-08-27T14:58:09.463499,2026-08-27T14:58:09.526537
10,16,1,repl,7,False,18,0.5932,100,2026-08-27T14:58:09.008631,2026-08-27T14:58:09.601887
10,16,9,repl,7,False,5,0.471,5,2026-08-27T14:58:09.153592,2026-08-27T14:58:09.624685
10,16,8,repl,7,False,19,0.3987,1,2026-08-27T14:58:09.252897,2026-08-27T14:58:09.651628
10,16,4,repl,7,False,21,0.602,100,2026-08-27T14:58:09.110018,2026-08-27T14:58:09.713403
10,16,9,repl,7,False,6,0.1078,1,2026-08-27T14:58:09.624805,2026-08-27T14:58:09.732632
10,16,11,repl,7,False,3,1.2352,10,2026-08-27T14:58:08.497652,2026-08-27T14:58:09.732884
10,16,2,repl,7,False,16,1.1108,27840,2026-08-27T14:58:08.641598,2026-08-27T14:58:09.752476
10,16,10,repl,7,False,4,1.1215,5,2026-08-27T14:58:08.664074,2026-08-27T14:58:09.786660
10,16,0,repl,7,False,16,0.6278,27840,2026-08-27T14:58:09.182123,2026-08-27T14:58:09.810011
10,16,14,repl,7,False,8,0.5867,2,2026-08-27T14:58:09.238291,2026-08-27T14:58:09.825984
10,16,6,repl,7,False,20,0.3955,1804,2026-08-27T14:58:09.473354,2026-08-27T14:58:09.870276
10,16,12,repl,7,False,9,0.5318,175,2026-08-27T14:58:09.379882,2026-08-27T14:58:09.911704
10,16,3,repl,7,False,16,0.6652,27840,2026-08-27T14:58:09.264223,2026-08-27T14:58:09.933682
10,16,1,repl,7,False,19,0.3375,1,2026-08-27T14:58:09.602018,2026-08-27T14:58:09.939512
10,16,15,repl,7,False,7,0.423,4,2026-08-27T14:58:09.526651,2026-08-27T14:58:09.949695
10,16,7,repl,7,False,21,0.5487,100,2026-08-27T14:58:09.450040,2026-08-27T14:58:09.998809
10,16,8,repl,7,False,20,0.3427,1804,2026-08-27T14:58:09.661595,2026-08-27T14:58:10.004638
10,16,0,repl,7,False,17,0.2362,1,2026-08-27T14:58:09.813473,2026-08-27T14:58:10.049724
10,16,9,repl,7,False,7,0.3701,4,2026-08-27T14:58:09.732993,2026-08-27T14:58:10.103130
10,16,4,repl,7,False,22,0.415,7,2026-08-27T14:58:09.717693,2026-08-27T14:58:10.132784
10,16,3,repl,7,False,17,0.2881,1,2026-08-27T14:58:09.934101,2026-08-27T14:58:10.222247
10,16,6,repl,7,False,21,0.4684,100,2026-08-27T14:58:09.870363,2026-08-27T14:58:10.338749
10,16,11,repl,7,False,4,0.6485,5,2026-08-27T14:58:09.761554,2026-08-27T14:58:10.410076
10,16,4,repl,7,False,1,0.2869,4,2026-08-27T14:58:10.132871,2026-08-27T14:58:10.419788
10,16,1,repl,7,False,20,0.5171,1804,2026-08-27T14:58:09.939602,2026-08-27T14:58:10.456689
10,16,7,repl,7,False,22,0.5567,7,2026-08-27T14:58:09.998924,2026-08-27T14:58:10.555664
10,16,10,repl,7,False,5,0.7828,5,2026-08-27T14:58:09.791862,2026-08-27T14:58:10.575169
10,16,8,repl,7,False,21,0.6022,100,2026-08-27T14:58:10.004759,2026-08-27T14:58:10.606963
10,16,12,repl,7,False,10,0.7173,20,2026-08-27T14:58:09.911856,2026-08-27T14:58:10.629185
10,16,7,repl,7,False,1,0.0944,4,2026-08-27T14:58:10.555780,2026-08-27T14:58:10.650175
10,16,3,repl,7,False,18,0.4435,100,2026-08-27T14:58:10.222343,2026-08-27T14:58:10.665901
10,16,10,repl,7,False,6,0.1108,1,2026-08-27T14:58:10.575283,2026-08-27T14:58:10.686100
10,16,9,repl,7,False,8,0.6114,2,2026-08-27T14:58:10.103214,2026-08-27T14:58:10.714618
10,16,0,repl,7,False,18,0.6619,100,2026-08-27T14:58:10.057581,2026-08-27T14:58:10.719481
10,16,2,repl,7,False,17,0.9539,1,2026-08-27T14:58:09.765667,2026-08-27T14:58:10.719624
10,16,13,repl,7,False,18,6.6935,100,2026-08-27T14:58:04.039069,2026-08-27T14:58:10.732644
10,16,6,repl,7,False,22,0.4108,7,2026-08-27T14:58:10.338898,2026-08-27T14:58:10.749703
10,16,12,repl,7,False,11,0.1218,0,2026-08-27T14:58:10.629310,2026-08-27T14:58:10.751156
10,16,4,repl,7,False,2,0.3514,100,2026-08-27T14:58:10.419879,2026-08-27T14:58:10.771306
10,16,3,repl,7,False,19,0.2238,1,2026-08-27T14:58:10.665999,2026-08-27T14:58:10.889786
10,16,15,repl,7,False,8,1.0344,2,2026-08-27T14:58:09.949824,2026-08-27T14:58:10.984261
10,16,0,repl,7,False,19,0.2774,1,2026-08-27T14:58:10.719927,2026-08-27T14:58:10.997321
10,16,6,repl,7,False,1,0.2494,4,2026-08-27T14:58:10.753555,2026-08-27T14:58:11.002994
10,16,7,repl,7,False,2,0.3723,100,2026-08-27T14:58:10.650425,2026-08-27T14:58:11.022720
10,16,11,repl,7,False,5,0.6792,5,2026-08-27T14:58:10.410217,2026-08-27T14:58:11.089464
10,16,8,repl,7,False,22,0.4946,7,2026-08-27T14:58:10.607073,2026-08-27T14:58:11.101677
10,16,13,repl,7,False,19,0.4189,1,2026-08-27T14:58:10.732788,2026-08-27T14:58:11.151759
10,16,11,repl,7,False,6,0.0632,1,2026-08-27T14:58:11.089598,2026-08-27T14:58:11.152841
10,16,10,repl,7,False,7,0.5018,4,2026-08-27T14:58:10.686184,2026-08-27T14:58:11.188046
10,16,3,repl,7,False,20,0.3215,1804,2026-08-27T14:58:10.889911,2026-08-27T14:58:11.211477
10,16,1,repl,7,False,21,0.7557,100,2026-08-27T14:58:10.469681,2026-08-27T14:58:11.225398
10,16,2,repl,7,False,18,0.5166,100,2026-08-27T14:58:10.728492,2026-08-27T14:58:11.245162
10,16,8,repl,7,False,1,0.1654,4,2026-08-27T14:58:11.101765,2026-08-27T14:58:11.267225
10,16,6,repl,7,False,2,0.3105,100,2026-08-27T14:58:11.003099,2026-08-27T14:58:11.313639
10,16,9,repl,7,False,9,0.7673,175,2026-08-27T14:58:10.714735,2026-08-27T14:58:11.482118
10,16,0,repl,7,False,20,0.4978,1804,2026-08-27T14:58:10.997414,2026-08-27T14:58:11.495253
10,16,12,repl,7,False,12,0.7612,2,2026-08-27T14:58:10.758558,2026-08-27T14:58:11.519812
10,16,15,repl,7,False,9,0.5722,175,2026-08-27T14:58:10.984376,2026-08-27T14:58:11.556566
10,16,8,repl,7,False,2,0.3094,100,2026-08-27T14:58:11.267335,2026-08-27T14:58:11.576775
10,16,2,repl,7,False,19,0.4044,1,2026-08-27T14:58:11.245250,2026-08-27T14:58:11.649657
10,16,11,repl,7,False,7,0.5233,4,2026-08-27T14:58:11.152895,2026-08-27T14:58:11.676259
10,16,1,repl,7,False,22,0.5015,7,2026-08-27T14:58:11.225754,2026-08-27T14:58:11.727281
10,16,3,repl,7,False,21,0.5233,100,2026-08-27T14:58:11.211604,2026-08-27T14:58:11.734921
10,16,10,repl,7,False,8,0.5999,2,2026-08-27T14:58:11.188154,2026-08-27T14:58:11.788043
10,16,14,repl,7,False,9,1.9797,175,2026-08-27T14:58:09.826080,2026-08-27T14:58:11.805765
10,16,7,repl,7,False,3,0.7995,10,2026-08-27T14:58:11.022830,2026-08-27T14:58:11.822382
10,16,13,repl,7,False,20,0.6776,1804,2026-08-27T14:58:11.152262,2026-08-27T14:58:11.829880
10,16,1,repl,7,False,1,0.1153,4,2026-08-27T14:58:11.727408,2026-08-27T14:58:11.842778
10,16,4,repl,7,False,3,1.0717,10,2026-08-27T14:58:10.771416,2026-08-27T14:58:11.843106
10,16,2,repl,7,False,20,0.3122,1804,2026-08-27T14:58:11.649775,2026-08-27T14:58:11.962026
10,16,8,repl,7,False,3,0.3984,10,2026-08-27T14:58:11.576880,2026-08-27T14:58:11.975286
10,16,0,repl,7,False,21,0.5102,100,2026-08-27T14:58:11.495386,2026-08-27T14:58:12.005632
10,16,6,repl,7,False,3,0.7298,10,2026-08-27T14:58:11.313750,2026-08-27T14:58:12.043599
10,16,11,repl,7,False,8,0.5315,2,2026-08-27T14:58:11.676363,2026-08-27T14:58:12.207866
10,16,3,repl,7,False,22,0.5163,7,2026-08-27T14:58:11.735015,2026-08-27T14:58:12.251385
10,16,4,repl,7,False,4,0.4178,5,2026-08-27T14:58:11.843221,2026-08-27T14:58:12.261067
10,16,10,repl,7,False,9,0.4731,175,2026-08-27T14:58:11.788155,2026-08-27T14:58:12.261297
10,16,15,repl,7,False,10,0.7389,20,2026-08-27T14:58:11.556693,2026-08-27T14:58:12.295592
10,16,3,repl,7,False,1,0.0718,4,2026-08-27T14:58:12.251506,2026-08-27T14:58:12.323347
10,16,7,repl,7,False,4,0.501,5,2026-08-27T14:58:11.822505,2026-08-27T14:58:12.323506
10,16,8,repl,7,False,4,0.3988,5,2026-08-27T14:58:11.975372,2026-08-27T14:58:12.374178
10,16,15,repl,7,False,11,0.1018,0,2026-08-27T14:58:12.295702,2026-08-27T14:58:12.397561
10,16,0,repl,7,False,22,0.404,7,2026-08-27T14:58:12.005729,2026-08-27T14:58:12.409720
10,16,13,repl,7,False,21,0.6146,100,2026-08-27T14:58:11.830000,2026-08-27T14:58:12.444635
10,16,6,repl,7,False,4,0.4763,5,2026-08-27T14:58:12.043768,2026-08-27T14:58:12.520064
10,16,3,repl,7,False,2,0.2108,100,2026-08-27T14:58:12.323647,2026-08-27T14:58:12.534507
10,16,2,repl,7,False,21,0.6034,100,2026-08-27T14:58:11.962236,2026-08-27T14:58:12.565679
10,16,11,repl,7,False,9,0.3931,175,2026-08-27T14:58:12.207972,2026-08-27T14:58:12.601134
10,16,8,repl,7,False,5,0.294,5,2026-08-27T14:58:12.379409,2026-08-27T14:58:12.673475
10,16,8,repl,7,False,6,0.0278,1,2026-08-27T14:58:12.673597,2026-08-27T14:58:12.701403
10,16,7,repl,7,False,5,0.3756,5,2026-08-27T14:58:12.331497,2026-08-27T14:58:12.707116
10,16,14,repl,7,False,10,0.9037,20,2026-08-27T14:58:11.805857,2026-08-27T14:58:12.709592
10,16,10,repl,7,False,10,0.4667,20,2026-08-27T14:58:12.265617,2026-08-27T14:58:12.732354
10,16,7,repl,7,False,6,0.0274,1,2026-08-27T14:58:12.707284,2026-08-27T14:58:12.734711
10,16,15,repl,7,False,12,0.3621,2,2026-08-27T14:58:12.397677,2026-08-27T14:58:12.759803
10,16,14,repl,7,False,11,0.0518,0,2026-08-27T14:58:12.709677,2026-08-27T14:58:12.761459
10,16,13,repl,7,False,22,0.3806,7,2026-08-27T14:58:12.444738,2026-08-27T14:58:12.825400
10,16,3,repl,7,False,3,0.34,10,2026-08-27T14:58:12.534893,2026-08-27T14:58:12.874973
10,16,13,repl,7,False,1,0.1453,4,2026-08-27T14:58:12.829583,2026-08-27T14:58:12.974897
10,16,2,repl,7,False,22,0.4431,7,2026-08-27T14:58:12.566080,2026-08-27T14:58:13.009192
10,16,6,repl,7,False,5,0.4928,5,2026-08-27T14:58:12.520411,2026-08-27T14:58:13.013255
10,16,8,repl,7,False,7,0.3374,4,2026-08-27T14:58:12.701485,2026-08-27T14:58:13.038955
10,16,6,repl,7,False,6,0.0349,1,2026-08-27T14:58:13.013370,2026-08-27T14:58:13.048325
10,16,7,repl,7,False,7,0.3139,4,2026-08-27T14:58:12.734959,2026-08-27T14:58:13.048853
10,16,2,repl,7,False,1,0.0683,4,2026-08-27T14:58:13.009299,2026-08-27T14:58:13.077630
10,16,13,repl,7,False,2,0.1105,100,2026-08-27T14:58:12.975045,2026-08-27T14:58:13.085547
10,16,14,repl,7,False,12,0.3362,2,2026-08-27T14:58:12.769562,2026-08-27T14:58:13.105818
10,16,15,repl,7,False,13,0.4245,45,2026-08-27T14:58:12.765665,2026-08-27T14:58:13.190181
10,16,11,repl,7,False,10,0.6077,20,2026-08-27T14:58:12.601235,2026-08-27T14:58:13.208919
10,16,2,repl,7,False,2,0.1577,100,2026-08-27T14:58:13.077740,2026-08-27T14:58:13.235438
10,16,11,repl,7,False,11,0.0324,0,2026-08-27T14:58:13.209005,2026-08-27T14:58:13.241425
10,16,15,repl,7,False,14,0.0993,1,2026-08-27T14:58:13.190263,2026-08-27T14:58:13.289578
10,16,15,repl,7,False,15,0.0542,1,2026-08-27T14:58:13.289671,2026-08-27T14:58:13.343931
10,16,13,repl,7,False,3,0.276,10,2026-08-27T14:58:13.085673,2026-08-27T14:58:13.361685
10,16,8,repl,7,False,8,0.3426,2,2026-08-27T14:58:13.039060,2026-08-27T14:58:13.381714
10,16,14,repl,7,False,13,0.3294,45,2026-08-27T14:58:13.105926,2026-08-27T14:58:13.435325
10,16,5,repl,7,False,18,4.6823,100,2026-08-27T14:58:08.768205,2026-08-27T14:58:13.450556
10,16,14,repl,7,False,14,0.0963,1,2026-08-27T14:58:13.435846,2026-08-27T14:58:13.532132
10,16,5,repl,7,False,19,0.0927,1,2026-08-27T14:58:13.450604,2026-08-27T14:58:13.543320
10,16,13,repl,7,False,4,0.1862,5,2026-08-27T14:58:13.361749,2026-08-27T14:58:13.548007
10,16,5,repl,7,False,20,0.1031,1804,2026-08-27T14:58:13.543377,2026-08-27T14:58:13.646538
10,16,13,repl,7,False,5,0.179,5,2026-08-27T14:58:13.548045,2026-08-27T14:58:13.727027
10,16,13,repl,7,False,6,0.0272,1,2026-08-27T14:58:13.727113,2026-08-27T14:58:13.754356
10,16,5,repl,7,False,21,0.2341,100,2026-08-27T14:58:13.646661,2026-08-27T14:58:13.880770
10,16,13,repl,7,False,7,0.1595,4,2026-08-27T14:58:13.754447,2026-08-27T14:58:13.913953
10,16,5,repl,7,False,22,0.1545,7,2026-08-27T14:58:13.880849,2026-08-27T14:58:14.035351
10,16,5,repl,7,False,1,0.0426,4,2026-08-27T14:58:14.035427,2026-08-27T14:58:14.078017
10,16,13,repl,7,False,8,0.2159,2,2026-08-27T14:58:13.914042,2026-08-27T14:58:14.129959
10,16,5,repl,7,False,2,0.0725,100,2026-08-27T14:58:14.078099,2026-08-27T14:58:14.150589
10,16,5,repl,7,False,3,0.1923,10,2026-08-27T14:58:14.150669,2026-08-27T14:58:14.343006
10,16,13,repl,7,False,9,0.2753,175,2026-08-27T14:58:14.130039,2026-08-27T14:58:14.405334
10,16,5,repl,7,False,4,0.17,5,2026-08-27T14:58:14.343089,2026-08-27T14:58:14.513114
10,16,5,repl,7,False,5,0.1852,5,2026-08-27T14:58:14.513205,2026-08-27T14:58:14.698427
10,16,13,repl,7,False,10,0.3064,20,2026-08-27T14:58:14.405409,2026-08-27T14:58:14.711851
10,16,13,repl,7,False,11,0.0333,0,2026-08-27T14:58:14.711937,2026-08-27T14:58:14.745217
10,16,13,repl,7,False,12,0.1262,2,2026-08-27T14:58:14.745309,2026-08-27T14:58:14.871531
10,16,13,repl,7,False,13,0.2583,45,2026-08-27T14:58:14.871611,2026-08-27T14:58:15.129887
10,16,0,repl,8,False,1,0.0773,4,2026-08-27T14:58:15.136392,2026-08-27T14:58:15.213700
10,16,5,repl,8,False,6,0.094,1,2026-08-27T14:58:15.161711,2026-08-27T14:58:15.255730
10,16,1,repl,8,False,2,0.2015,100,2026-08-27T14:58:15.139625,2026-08-27T14:58:15.341113
10,16,10,repl,8,False,11,0.1879,0,2026-08-27T14:58:15.198704,2026-08-27T14:58:15.386699
10,16,3,repl,8,False,4,0.339,5,2026-08-27T14:58:15.149725,2026-08-27T14:58:15.488715
10,16,6,repl,8,False,7,0.4169,4,2026-08-27T14:58:15.169540,2026-08-27T14:58:15.586488
10,16,2,repl,8,False,3,0.454,10,2026-08-27T14:58:15.145886,2026-08-27T14:58:15.599913
10,16,4,repl,8,False,5,0.4567,5,2026-08-27T14:58:15.153605,2026-08-27T14:58:15.610328
10,16,11,repl,8,False,12,0.4004,2,2026-08-27T14:58:15.214036,2026-08-27T14:58:15.614451
10,16,1,repl,8,False,3,0.2782,10,2026-08-27T14:58:15.345580,2026-08-27T14:58:15.623797
10,16,0,repl,8,False,2,0.4067,100,2026-08-27T14:58:15.224171,2026-08-27T14:58:15.630956
10,16,14,repl,8,False,15,0.3562,1,2026-08-27T14:58:15.297737,2026-08-27T14:58:15.654001
10,16,13,repl,8,False,14,0.3861,1,2026-08-27T14:58:15.279114,2026-08-27T14:58:15.665234
10,16,10,repl,8,False,12,0.3413,2,2026-08-27T14:58:15.386823,2026-08-27T14:58:15.728121
10,16,4,repl,8,False,6,0.1636,1,2026-08-27T14:58:15.610419,2026-08-27T14:58:15.774016
10,16,7,repl,8,False,8,0.6481,2,2026-08-27T14:58:15.178494,2026-08-27T14:58:15.826593
10,16,8,repl,8,False,9,0.7298,175,2026-08-27T14:58:15.189069,2026-08-27T14:58:15.918953
10,16,3,repl,8,False,5,0.4951,5,2026-08-27T14:58:15.488822,2026-08-27T14:58:15.983996
10,16,9,repl,8,False,10,0.8078,20,2026-08-27T14:58:15.195615,2026-08-27T14:58:16.003506
10,16,2,repl,8,False,4,0.4092,5,2026-08-27T14:58:15.600036,2026-08-27T14:58:16.009232
10,16,3,repl,8,False,6,0.0488,1,2026-08-27T14:58:15.984103,2026-08-27T14:58:16.032914
10,16,12,repl,8,False,13,0.8089,45,2026-08-27T14:58:15.234061,2026-08-27T14:58:16.042989
10,16,0,repl,8,False,3,0.4628,10,2026-08-27T14:58:15.631071,2026-08-27T14:58:16.093887
10,16,9,repl,8,False,11,0.0935,0,2026-08-27T14:58:16.003617,2026-08-27T14:58:16.097158
10,16,13,repl,8,False,15,0.4723,1,2026-08-27T14:58:15.665334,2026-08-27T14:58:16.137676
10,16,1,repl,8,False,4,0.5298,5,2026-08-27T14:58:15.623902,2026-08-27T14:58:16.153703
10,16,5,repl,8,False,7,0.9194,4,2026-08-27T14:58:15.255854,2026-08-27T14:58:16.175332
10,16,6,repl,8,False,8,0.6506,2,2026-08-27T14:58:15.586603,2026-08-27T14:58:16.237200
10,16,11,repl,8,False,13,0.6341,45,2026-08-27T14:58:15.614557,2026-08-27T14:58:16.248698
10,16,4,repl,8,False,7,0.4788,4,2026-08-27T14:58:15.774123,2026-08-27T14:58:16.252980
10,16,12,repl,8,False,14,0.2242,1,2026-08-27T14:58:16.045911,2026-08-27T14:58:16.270150
10,16,10,repl,8,False,13,0.6935,45,2026-08-27T14:58:15.728210,2026-08-27T14:58:16.421739
10,16,15,repl,8,False,16,1.1259,27840,2026-08-27T14:58:15.302795,2026-08-27T14:58:16.428797
10,16,2,repl,8,False,5,0.4375,5,2026-08-27T14:58:16.009337,2026-08-27T14:58:16.446852
10,16,12,repl,8,False,15,0.1991,1,2026-08-27T14:58:16.270260,2026-08-27T14:58:16.469417
10,16,9,repl,8,False,12,0.4092,2,2026-08-27T14:58:16.100876,2026-08-27T14:58:16.510115
10,16,2,repl,8,False,6,0.0668,1,2026-08-27T14:58:16.446990,2026-08-27T14:58:16.513867
10,16,11,repl,8,False,14,0.2928,1,2026-08-27T14:58:16.249595,2026-08-27T14:58:16.543243
10,16,7,repl,8,False,9,0.7499,175,2026-08-27T14:58:15.826728,2026-08-27T14:58:16.576659
10,16,0,repl,8,False,4,0.5222,5,2026-08-27T14:58:16.094080,2026-08-27T14:58:16.616314
10,16,3,repl,8,False,7,0.6141,4,2026-08-27T14:58:16.033022,2026-08-27T14:58:16.647154
10,16,14,repl,8,False,16,1.0148,27840,2026-08-27T14:58:15.654116,2026-08-27T14:58:16.683209
10,16,10,repl,8,False,14,0.2589,1,2026-08-27T14:58:16.429004,2026-08-27T14:58:16.688001
10,16,15,repl,8,False,17,0.2782,1,2026-08-27T14:58:16.437528,2026-08-27T14:58:16.715754
10,16,11,repl,8,False,15,0.1951,1,2026-08-27T14:58:16.543366,2026-08-27T14:58:16.738501
10,16,8,repl,8,False,10,0.8265,20,2026-08-27T14:58:15.919070,2026-08-27T14:58:16.745587
10,16,13,repl,8,False,16,0.8043,27840,2026-08-27T14:58:16.137799,2026-08-27T14:58:16.950434
10,16,14,repl,8,False,17,0.2746,1,2026-08-27T14:58:16.683365,2026-08-27T14:58:16.957949
10,16,10,repl,8,False,15,0.2822,1,2026-08-27T14:58:16.688119,2026-08-27T14:58:16.970311
10,16,5,repl,8,False,8,0.8145,2,2026-08-27T14:58:16.175460,2026-08-27T14:58:16.989952
10,16,2,repl,8,False,7,0.4812,4,2026-08-27T14:58:16.513989,2026-08-27T14:58:16.995241
10,16,4,repl,8,False,8,0.747,2,2026-08-27T14:58:16.253072,2026-08-27T14:58:17.000075
10,16,8,repl,8,False,11,0.2794,0,2026-08-27T14:58:16.745699,2026-08-27T14:58:17.025162
10,16,1,repl,8,False,5,0.8918,5,2026-08-27T14:58:16.153829,2026-08-27T14:58:17.045640
10,16,6,repl,8,False,9,0.8681,175,2026-08-27T14:58:16.237308,2026-08-27T14:58:17.105422
10,16,1,repl,8,False,6,0.0883,1,2026-08-27T14:58:17.057579,2026-08-27T14:58:17.145927
10,16,13,repl,8,False,17,0.2686,1,2026-08-27T14:58:16.950588,2026-08-27T14:58:17.219237
10,16,0,repl,8,False,5,0.6961,5,2026-08-27T14:58:16.616439,2026-08-27T14:58:17.312618
10,16,15,repl,8,False,18,0.5992,100,2026-08-27T14:58:16.715876,2026-08-27T14:58:17.315073
10,16,0,repl,8,False,6,0.0589,1,2026-08-27T14:58:17.312733,2026-08-27T14:58:17.371620
10,16,14,repl,8,False,18,0.602,100,2026-08-27T14:58:16.958196,2026-08-27T14:58:17.560201
10,16,7,repl,8,False,10,1.069,20,2026-08-27T14:58:16.576775,2026-08-27T14:58:17.645780
10,16,5,repl,8,False,9,0.6823,175,2026-08-27T14:58:16.995328,2026-08-27T14:58:17.677620
10,16,9,repl,8,False,13,1.168,45,2026-08-27T14:58:16.510231,2026-08-27T14:58:17.678225
10,16,13,repl,8,False,18,0.4788,100,2026-08-27T14:58:17.219353,2026-08-27T14:58:17.698154
10,16,2,repl,8,False,8,0.6791,2,2026-08-27T14:58:17.019120,2026-08-27T14:58:17.698250
10,16,14,repl,8,False,19,0.1813,1,2026-08-27T14:58:17.560314,2026-08-27T14:58:17.741663
10,16,4,repl,8,False,9,0.7445,175,2026-08-27T14:58:17.005595,2026-08-27T14:58:17.750125
10,16,15,repl,8,False,19,0.4672,1,2026-08-27T14:58:17.315163,2026-08-27T14:58:17.782427
10,16,8,repl,8,False,12,0.7733,2,2026-08-27T14:58:17.025291,2026-08-27T14:58:17.798637
10,16,3,repl,8,False,8,1.1825,2,2026-08-27T14:58:16.647248,2026-08-27T14:58:17.833262
10,16,7,repl,8,False,11,0.2307,0,2026-08-27T14:58:17.645894,2026-08-27T14:58:17.877795
10,16,11,repl,8,False,16,1.1798,27840,2026-08-27T14:58:16.738616,2026-08-27T14:58:17.918462
10,16,6,repl,8,False,10,0.8147,20,2026-08-27T14:58:17.105597,2026-08-27T14:58:17.920329
10,16,13,repl,8,False,19,0.2426,1,2026-08-27T14:58:17.698333,2026-08-27T14:58:17.940943
10,16,9,repl,8,False,14,0.307,1,2026-08-27T14:58:17.689968,2026-08-27T14:58:17.997933
10,16,0,repl,8,False,7,0.6507,4,2026-08-27T14:58:17.371750,2026-08-27T14:58:18.023608
10,16,10,repl,8,False,16,1.1006,27840,2026-08-27T14:58:16.970437,2026-08-27T14:58:18.071166
10,16,6,repl,8,False,11,0.1628,0,2026-08-27T14:58:17.945217,2026-08-27T14:58:18.109379
10,16,12,repl,8,False,16,1.6759,27840,2026-08-27T14:58:16.469855,2026-08-27T14:58:18.146098
10,16,1,repl,8,False,7,1.0197,4,2026-08-27T14:58:17.146126,2026-08-27T14:58:18.165877
10,16,11,repl,8,False,17,0.2704,1,2026-08-27T14:58:17.933690,2026-08-27T14:58:18.206060
10,16,5,repl,8,False,10,0.5541,20,2026-08-27T14:58:17.681653,2026-08-27T14:58:18.235798
10,16,2,repl,8,False,9,0.5719,175,2026-08-27T14:58:17.721627,2026-08-27T14:58:18.293575
10,16,9,repl,8,False,15,0.3638,1,2026-08-27T14:58:17.998056,2026-08-27T14:58:18.361936
10,16,5,repl,8,False,11,0.1308,0,2026-08-27T14:58:18.235924,2026-08-27T14:58:18.366705
10,16,7,repl,8,False,12,0.5036,2,2026-08-27T14:58:17.877958,2026-08-27T14:58:18.381625
10,16,13,repl,8,False,20,0.4265,1804,2026-08-27T14:58:17.969817,2026-08-27T14:58:18.396320
10,16,4,repl,8,False,10,0.6634,20,2026-08-27T14:58:17.759265,2026-08-27T14:58:18.422719
10,16,14,repl,8,False,20,0.6757,1804,2026-08-27T14:58:17.750255,2026-08-27T14:58:18.426011
10,16,15,repl,8,False,20,0.6897,1804,2026-08-27T14:58:17.782579,2026-08-27T14:58:18.472317
10,16,6,repl,8,False,12,0.4432,2,2026-08-27T14:58:18.109518,2026-08-27T14:58:18.552779
10,16,8,repl,8,False,13,0.7874,45,2026-08-27T14:58:17.833446,2026-08-27T14:58:18.620874
10,16,4,repl,8,False,11,0.2408,0,2026-08-27T14:58:18.425636,2026-08-27T14:58:18.666478
10,16,5,repl,8,False,12,0.3484,2,2026-08-27T14:58:18.369897,2026-08-27T14:58:18.718286
10,16,3,repl,8,False,9,0.8776,175,2026-08-27T14:58:17.855140,2026-08-27T14:58:18.732828
10,16,1,repl,8,False,8,0.6618,2,2026-08-27T14:58:18.165973,2026-08-27T14:58:18.831138
10,16,9,repl,8,False,16,0.5454,27840,2026-08-27T14:58:18.362048,2026-08-27T14:58:18.907507
10,16,10,repl,8,False,17,0.8433,1,2026-08-27T14:58:18.071357,2026-08-27T14:58:18.914693
10,16,2,repl,8,False,10,0.6359,20,2026-08-27T14:58:18.293697,2026-08-27T14:58:18.929657
10,16,8,repl,8,False,14,0.5326,1,2026-08-27T14:58:18.620981,2026-08-27T14:58:19.153628
10,16,13,repl,8,False,21,0.7726,100,2026-08-27T14:58:18.401663,2026-08-27T14:58:19.174348
10,16,9,repl,8,False,17,0.2779,1,2026-08-27T14:58:18.907626,2026-08-27T14:58:19.185568
10,16,2,repl,8,False,11,0.269,0,2026-08-27T14:58:18.933550,2026-08-27T14:58:19.202595
10,16,6,repl,8,False,13,0.6563,45,2026-08-27T14:58:18.557276,2026-08-27T14:58:19.213607
10,16,4,repl,8,False,12,0.5717,2,2026-08-27T14:58:18.666658,2026-08-27T14:58:19.238358
10,16,0,repl,8,False,8,1.2342,2,2026-08-27T14:58:18.023706,2026-08-27T14:58:19.257971
10,16,8,repl,8,False,15,0.1228,1,2026-08-27T14:58:19.161654,2026-08-27T14:58:19.284520
10,16,10,repl,8,False,18,0.5287,100,2026-08-27T14:58:18.914807,2026-08-27T14:58:19.443513
10,16,5,repl,8,False,13,0.7581,45,2026-08-27T14:58:18.725595,2026-08-27T14:58:19.483701
10,16,1,repl,8,False,9,0.6768,175,2026-08-27T14:58:18.831281,2026-08-27T14:58:19.508125
10,16,14,repl,8,False,21,1.0931,100,2026-08-27T14:58:18.437616,2026-08-27T14:58:19.530785
10,16,10,repl,8,False,19,0.1626,1,2026-08-27T14:58:19.443625,2026-08-27T14:58:19.606304
10,16,3,repl,8,False,10,0.9323,20,2026-08-27T14:58:18.732949,2026-08-27T14:58:19.665307
10,16,5,repl,8,False,14,0.2098,1,2026-08-27T14:58:19.483817,2026-08-27T14:58:19.693668
10,16,9,repl,8,False,18,0.5456,100,2026-08-27T14:58:19.185654,2026-08-27T14:58:19.731267
10,16,12,repl,8,False,17,1.5997,1,2026-08-27T14:58:18.153881,2026-08-27T14:58:19.753911
10,16,13,repl,8,False,22,0.5972,7,2026-08-27T14:58:19.174470,2026-08-27T14:58:19.771732
10,16,15,repl,8,False,21,1.399,100,2026-08-27T14:58:18.472412,2026-08-27T14:58:19.871461
10,16,8,repl,8,False,16,0.5861,27840,2026-08-27T14:58:19.284634,2026-08-27T14:58:19.886497
10,16,10,repl,8,False,20,0.2954,1804,2026-08-27T14:58:19.606441,2026-08-27T14:58:19.901899
10,16,3,repl,8,False,11,0.2407,0,2026-08-27T14:58:19.665416,2026-08-27T14:58:19.906117
10,16,6,repl,8,False,14,0.7247,1,2026-08-27T14:58:19.213697,2026-08-27T14:58:19.938424
10,16,5,repl,8,False,15,0.2621,1,2026-08-27T14:58:19.699500,2026-08-27T14:58:19.961618
10,16,2,repl,8,False,12,0.7745,2,2026-08-27T14:58:19.202716,2026-08-27T14:58:19.977230
10,16,13,repl,8,False,1,0.2593,4,2026-08-27T14:58:19.771833,2026-08-27T14:58:20.031132
10,16,9,repl,8,False,19,0.3167,1,2026-08-27T14:58:19.736998,2026-08-27T14:58:20.054450
10,16,6,repl,8,False,15,0.1483,1,2026-08-27T14:58:19.938546,2026-08-27T14:58:20.086892
10,16,4,repl,8,False,13,0.8511,45,2026-08-27T14:58:19.238496,2026-08-27T14:58:20.089655
10,16,8,repl,8,False,17,0.2295,1,2026-08-27T14:58:19.903202,2026-08-27T14:58:20.132731
10,16,14,repl,8,False,22,0.6233,7,2026-08-27T14:58:19.530897,2026-08-27T14:58:20.154209
10,16,3,repl,8,False,12,0.3428,2,2026-08-27T14:58:19.929922,2026-08-27T14:58:20.272766
10,16,7,repl,8,False,13,1.9467,45,2026-08-27T14:58:18.387549,2026-08-27T14:58:20.334275
10,16,13,repl,8,False,2,0.2969,100,2026-08-27T14:58:20.037593,2026-08-27T14:58:20.334503
10,16,4,repl,8,False,14,0.2878,1,2026-08-27T14:58:20.108673,2026-08-27T14:58:20.396548
10,16,12,repl,8,False,18,0.6505,100,2026-08-27T14:58:19.754021,2026-08-27T14:58:20.404502
10,16,1,repl,8,False,10,0.9208,20,2026-08-27T14:58:19.508210,2026-08-27T14:58:20.429034
10,16,14,repl,8,False,1,0.2859,4,2026-08-27T14:58:20.154300,2026-08-27T14:58:20.440225
10,16,15,repl,8,False,22,0.6299,7,2026-08-27T14:58:19.871846,2026-08-27T14:58:20.501733
10,16,4,repl,8,False,15,0.1263,1,2026-08-27T14:58:20.399781,2026-08-27T14:58:20.526147
10,16,7,repl,8,False,14,0.209,1,2026-08-27T14:58:20.334641,2026-08-27T14:58:20.543668
10,16,8,repl,8,False,18,0.4486,100,2026-08-27T14:58:20.135256,2026-08-27T14:58:20.583906
10,16,15,repl,8,False,1,0.1004,4,2026-08-27T14:58:20.501898,2026-08-27T14:58:20.602369
10,16,12,repl,8,False,19,0.2178,1,2026-08-27T14:58:20.404710,2026-08-27T14:58:20.622506
10,16,1,repl,8,False,11,0.1913,0,2026-08-27T14:58:20.441558,2026-08-27T14:58:20.632952
10,16,7,repl,8,False,15,0.1702,1,2026-08-27T14:58:20.543784,2026-08-27T14:58:20.713976
10,16,8,repl,8,False,19,0.1985,1,2026-08-27T14:58:20.584012,2026-08-27T14:58:20.782532
10,16,15,repl,8,False,2,0.1997,100,2026-08-27T14:58:20.602520,2026-08-27T14:58:20.802256
10,16,14,repl,8,False,2,0.3683,100,2026-08-27T14:58:20.453674,2026-08-27T14:58:20.822042
10,16,13,repl,8,False,3,0.5727,10,2026-08-27T14:58:20.343831,2026-08-27T14:58:20.917660
10,16,6,repl,8,False,16,0.859,27840,2026-08-27T14:58:20.098029,2026-08-27T14:58:20.957085
10,16,2,repl,8,False,13,0.9956,45,2026-08-27T14:58:19.977332,2026-08-27T14:58:20.972913
10,16,12,repl,8,False,20,0.406,1804,2026-08-27T14:58:20.625776,2026-08-27T14:58:21.032500
10,16,10,repl,8,False,21,1.1424,100,2026-08-27T14:58:19.913581,2026-08-27T14:58:21.056502
10,16,3,repl,8,False,13,0.7837,45,2026-08-27T14:58:20.272863,2026-08-27T14:58:21.056616
10,16,1,repl,8,False,12,0.4237,2,2026-08-27T14:58:20.633054,2026-08-27T14:58:21.056725
10,16,11,repl,8,False,18,2.9089,100,2026-08-27T14:58:18.206152,2026-08-27T14:58:21.115053
10,16,4,repl,8,False,16,0.6297,27840,2026-08-27T14:58:20.526259,2026-08-27T14:58:21.155941
10,16,8,repl,8,False,20,0.3737,1804,2026-08-27T14:58:20.782623,2026-08-27T14:58:21.156347
10,16,5,repl,8,False,16,1.2011,27840,2026-08-27T14:58:19.962036,2026-08-27T14:58:21.184831
10,16,0,repl,8,False,9,1.941,175,2026-08-27T14:58:19.258123,2026-08-27T14:58:21.199138
10,16,15,repl,8,False,3,0.399,10,2026-08-27T14:58:20.802378,2026-08-27T14:58:21.201431
10,16,9,repl,8,False,20,1.1616,1804,2026-08-27T14:58:20.054566,2026-08-27T14:58:21.216212
10,16,6,repl,8,False,17,0.324,1,2026-08-27T14:58:20.977809,2026-08-27T14:58:21.303098
10,16,2,repl,8,False,14,0.2961,1,2026-08-27T14:58:21.015871,2026-08-27T14:58:21.312054
10,16,14,repl,8,False,3,0.4983,10,2026-08-27T14:58:20.825573,2026-08-27T14:58:21.323893
10,16,7,repl,8,False,16,0.6276,27840,2026-08-27T14:58:20.714079,2026-08-27T14:58:21.341765
10,16,13,repl,8,False,4,0.3762,5,2026-08-27T14:58:20.965951,2026-08-27T14:58:21.342217
10,16,4,repl,8,False,17,0.2222,1,2026-08-27T14:58:21.167587,2026-08-27T14:58:21.389868
10,16,3,repl,8,False,14,0.3007,1,2026-08-27T14:58:21.105709,2026-08-27T14:58:21.406480
10,16,5,repl,8,False,17,0.2999,1,2026-08-27T14:58:21.189630,2026-08-27T14:58:21.489581
10,16,2,repl,8,False,15,0.2172,1,2026-08-27T14:58:21.312254,2026-08-27T14:58:21.529459
10,16,12,repl,8,False,21,0.5842,100,2026-08-27T14:58:21.032600,2026-08-27T14:58:21.616787
10,16,7,repl,8,False,17,0.3878,1,2026-08-27T14:58:21.342139,2026-08-27T14:58:21.729987
10,16,3,repl,8,False,15,0.3406,1,2026-08-27T14:58:21.406600,2026-08-27T14:58:21.747194
10,16,6,repl,8,False,18,0.4761,100,2026-08-27T14:58:21.305639,2026-08-27T14:58:21.781736
10,16,11,repl,8,False,19,0.6098,1,2026-08-27T14:58:21.172013,2026-08-27T14:58:21.781882
10,16,1,repl,8,False,13,0.7873,45,2026-08-27T14:58:21.087088,2026-08-27T14:58:21.875051
10,16,4,repl,8,False,18,0.5282,100,2026-08-27T14:58:21.397580,2026-08-27T14:58:21.925836
10,16,5,repl,8,False,18,0.4913,100,2026-08-27T14:58:21.489718,2026-08-27T14:58:21.981088
10,16,13,repl,8,False,5,0.6378,5,2026-08-27T14:58:21.355884,2026-08-27T14:58:21.993691
10,16,14,repl,8,False,4,0.6655,5,2026-08-27T14:58:21.342306,2026-08-27T14:58:22.007796
10,16,10,repl,8,False,22,0.9481,7,2026-08-27T14:58:21.069660,2026-08-27T14:58:22.018534
10,16,15,repl,8,False,4,0.7935,5,2026-08-27T14:58:21.263023,2026-08-27T14:58:22.057810
10,16,13,repl,8,False,6,0.0967,1,2026-08-27T14:58:22.005627,2026-08-27T14:58:22.102426
10,16,1,repl,8,False,14,0.2668,1,2026-08-27T14:58:21.875164,2026-08-27T14:58:22.141997
10,16,12,repl,8,False,22,0.5338,7,2026-08-27T14:58:21.616933,2026-08-27T14:58:22.150765
10,16,6,repl,8,False,19,0.3848,1,2026-08-27T14:58:21.789574,2026-08-27T14:58:22.174369
10,16,4,repl,8,False,19,0.2644,1,2026-08-27T14:58:21.926251,2026-08-27T14:58:22.190634
10,16,2,repl,8,False,16,0.6609,27840,2026-08-27T14:58:21.529597,2026-08-27T14:58:22.197766
10,16,10,repl,8,False,1,0.1959,4,2026-08-27T14:58:22.018633,2026-08-27T14:58:22.214582
10,16,7,repl,8,False,18,0.5155,100,2026-08-27T14:58:21.730092,2026-08-27T14:58:22.245618
10,16,11,repl,8,False,20,0.4568,1804,2026-08-27T14:58:21.800622,2026-08-27T14:58:22.257524
10,16,12,repl,8,False,1,0.104,4,2026-08-27T14:58:22.163676,2026-08-27T14:58:22.268109
10,16,1,repl,8,False,15,0.1386,1,2026-08-27T14:58:22.145670,2026-08-27T14:58:22.284331
10,16,5,repl,8,False,19,0.3207,1,2026-08-27T14:58:21.993814,2026-08-27T14:58:22.314564
10,16,7,repl,8,False,19,0.2286,1,2026-08-27T14:58:22.245739,2026-08-27T14:58:22.479228
10,16,3,repl,8,False,16,0.7568,27840,2026-08-27T14:58:21.747315,2026-08-27T14:58:22.504104
10,16,6,repl,8,False,20,0.3554,1804,2026-08-27T14:58:22.174458,2026-08-27T14:58:22.529887
10,16,13,repl,8,False,7,0.4199,4,2026-08-27T14:58:22.120831,2026-08-27T14:58:22.541815
10,16,2,repl,8,False,17,0.3699,1,2026-08-27T14:58:22.197877,2026-08-27T14:58:22.567844
10,16,4,repl,8,False,20,0.3834,1804,2026-08-27T14:58:22.190737,2026-08-27T14:58:22.574176
10,16,14,repl,8,False,5,0.5664,5,2026-08-27T14:58:22.007890,2026-08-27T14:58:22.574339
10,16,10,repl,8,False,2,0.3625,100,2026-08-27T14:58:22.215486,2026-08-27T14:58:22.578060
10,16,0,repl,8,False,10,1.3459,20,2026-08-27T14:58:21.245664,2026-08-27T14:58:22.591626
10,16,11,repl,8,False,21,0.4733,100,2026-08-27T14:58:22.257641,2026-08-27T14:58:22.730954
10,16,3,repl,8,False,17,0.2396,1,2026-08-27T14:58:22.510350,2026-08-27T14:58:22.749980
10,16,7,repl,8,False,20,0.2967,1804,2026-08-27T14:58:22.479325,2026-08-27T14:58:22.776089
10,16,8,repl,8,False,21,1.6065,100,2026-08-27T14:58:21.200921,2026-08-27T14:58:22.807782
10,16,14,repl,8,False,6,0.2474,1,2026-08-27T14:58:22.601355,2026-08-27T14:58:22.848830
10,16,5,repl,8,False,20,0.7912,1804,2026-08-27T14:58:22.314689,2026-08-27T14:58:23.105913
10,16,0,repl,8,False,11,0.5347,0,2026-08-27T14:58:22.608715,2026-08-27T14:58:23.143479
10,16,12,repl,8,False,2,0.8784,100,2026-08-27T14:58:22.269957,2026-08-27T14:58:23.148398
10,16,2,repl,8,False,18,0.5828,100,2026-08-27T14:58:22.569425,2026-08-27T14:58:23.152297
10,16,6,repl,8,False,21,0.6412,100,2026-08-27T14:58:22.530900,2026-08-27T14:58:23.172171
10,16,10,repl,8,False,3,0.5957,10,2026-08-27T14:58:22.587023,2026-08-27T14:58:23.182816
10,16,3,repl,8,False,18,0.4456,100,2026-08-27T14:58:22.757604,2026-08-27T14:58:23.203228
10,16,13,repl,8,False,8,0.6904,2,2026-08-27T14:58:22.541937,2026-08-27T14:58:23.232398
10,16,11,repl,8,False,22,0.5129,7,2026-08-27T14:58:22.731071,2026-08-27T14:58:23.244034
10,16,15,repl,8,False,5,1.2154,5,2026-08-27T14:58:22.069596,2026-08-27T14:58:23.285363
10,16,2,repl,8,False,19,0.2077,1,2026-08-27T14:58:23.152412,2026-08-27T14:58:23.360182
10,16,15,repl,8,False,6,0.1054,1,2026-08-27T14:58:23.285532,2026-08-27T14:58:23.392119
10,16,7,repl,8,False,21,0.6319,100,2026-08-27T14:58:22.776202,2026-08-27T14:58:23.408540
10,16,1,repl,8,False,16,1.1399,27840,2026-08-27T14:58:22.284501,2026-08-27T14:58:23.424445
10,16,11,repl,8,False,1,0.1706,4,2026-08-27T14:58:23.258684,2026-08-27T14:58:23.430586
10,16,3,repl,8,False,19,0.2308,1,2026-08-27T14:58:23.203332,2026-08-27T14:58:23.434204
10,16,4,repl,8,False,21,0.8693,100,2026-08-27T14:58:22.578210,2026-08-27T14:58:23.447515
10,16,14,repl,8,False,7,0.5996,4,2026-08-27T14:58:22.848953,2026-08-27T14:58:23.448525
10,16,0,repl,8,False,12,0.3382,2,2026-08-27T14:58:23.143599,2026-08-27T14:58:23.481825
10,16,12,repl,8,False,3,0.3741,10,2026-08-27T14:58:23.148519,2026-08-27T14:58:23.522597
10,16,8,repl,8,False,22,0.7691,7,2026-08-27T14:58:22.807885,2026-08-27T14:58:23.577004
10,16,6,repl,8,False,22,0.4499,7,2026-08-27T14:58:23.172266,2026-08-27T14:58:23.622159
10,16,10,repl,8,False,4,0.4472,5,2026-08-27T14:58:23.182922,2026-08-27T14:58:23.630195
10,16,11,repl,8,False,2,0.2302,100,2026-08-27T14:58:23.450281,2026-08-27T14:58:23.680519
10,16,1,repl,8,False,17,0.256,1,2026-08-27T14:58:23.465628,2026-08-27T14:58:23.721715
10,16,2,repl,8,False,20,0.3713,1804,2026-08-27T14:58:23.392269,2026-08-27T14:58:23.763573
10,16,6,repl,8,False,1,0.1659,4,2026-08-27T14:58:23.622270,2026-08-27T14:58:23.788238
10,16,15,repl,8,False,7,0.408,4,2026-08-27T14:58:23.408818,2026-08-27T14:58:23.816832
10,16,7,repl,8,False,22,0.4799,7,2026-08-27T14:58:23.436600,2026-08-27T14:58:23.916544
10,16,8,repl,8,False,1,0.353,4,2026-08-27T14:58:23.577117,2026-08-27T14:58:23.930163
10,16,3,repl,8,False,20,0.4987,1804,2026-08-27T14:58:23.482020,2026-08-27T14:58:23.980820
10,16,14,repl,8,False,8,0.5401,2,2026-08-27T14:58:23.470085,2026-08-27T14:58:24.010204
10,16,7,repl,8,False,1,0.117,4,2026-08-27T14:58:23.916725,2026-08-27T14:58:24.033783
10,16,5,repl,8,False,21,0.9499,100,2026-08-27T14:58:23.108486,2026-08-27T14:58:24.058474
10,16,9,repl,8,False,21,2.8023,100,2026-08-27T14:58:21.265941,2026-08-27T14:58:24.068264
10,16,11,repl,8,False,3,0.409,10,2026-08-27T14:58:23.680606,2026-08-27T14:58:24.089633
10,16,4,repl,8,False,22,0.6072,7,2026-08-27T14:58:23.497103,2026-08-27T14:58:24.104374
10,16,6,repl,8,False,2,0.3802,100,2026-08-27T14:58:23.788324,2026-08-27T14:58:24.168563
10,16,0,repl,8,False,13,0.7044,45,2026-08-27T14:58:23.519409,2026-08-27T14:58:24.223904
10,16,8,repl,8,False,2,0.3338,100,2026-08-27T14:58:23.930327,2026-08-27T14:58:24.264151
10,16,12,repl,8,False,4,0.7452,5,2026-08-27T14:58:23.524134,2026-08-27T14:58:24.269408
10,16,4,repl,8,False,1,0.1803,4,2026-08-27T14:58:24.104637,2026-08-27T14:58:24.284987
10,16,1,repl,8,False,18,0.5771,100,2026-08-27T14:58:23.721824,2026-08-27T14:58:24.298930
10,16,7,repl,8,False,2,0.2805,100,2026-08-27T14:58:24.033886,2026-08-27T14:58:24.314455
10,16,2,repl,8,False,21,0.5746,100,2026-08-27T14:58:23.763703,2026-08-27T14:58:24.338310
10,16,3,repl,8,False,21,0.438,100,2026-08-27T14:58:23.980954,2026-08-27T14:58:24.419028
10,16,9,repl,8,False,22,0.3963,7,2026-08-27T14:58:24.068387,2026-08-27T14:58:24.464663
10,16,15,repl,8,False,8,0.6977,2,2026-08-27T14:58:23.816947,2026-08-27T14:58:24.514722
10,16,14,repl,8,False,9,0.5397,175,2026-08-27T14:58:24.010296,2026-08-27T14:58:24.549997
10,16,11,repl,8,False,4,0.4769,5,2026-08-27T14:58:24.089750,2026-08-27T14:58:24.566646
10,16,10,repl,8,False,5,0.945,5,2026-08-27T14:58:23.630545,2026-08-27T14:58:24.575576
10,16,9,repl,8,False,1,0.1133,4,2026-08-27T14:58:24.464813,2026-08-27T14:58:24.578179
10,16,6,repl,8,False,3,0.4449,10,2026-08-27T14:58:24.168661,2026-08-27T14:58:24.613608
10,16,0,repl,8,False,14,0.4022,1,2026-08-27T14:58:24.224010,2026-08-27T14:58:24.626304
10,16,8,repl,8,False,3,0.3894,10,2026-08-27T14:58:24.264264,2026-08-27T14:58:24.653668
10,16,10,repl,8,False,6,0.0709,1,2026-08-27T14:58:24.585525,2026-08-27T14:58:24.656498
10,16,1,repl,8,False,19,0.3693,1,2026-08-27T14:58:24.299062,2026-08-27T14:58:24.668378
10,16,12,repl,8,False,5,0.4099,5,2026-08-27T14:58:24.269523,2026-08-27T14:58:24.679478
10,16,5,repl,8,False,22,0.6551,7,2026-08-27T14:58:24.058598,2026-08-27T14:58:24.713753
10,16,4,repl,8,False,2,0.4628,100,2026-08-27T14:58:24.285096,2026-08-27T14:58:24.747878
10,16,9,repl,8,False,2,0.1899,100,2026-08-27T14:58:24.578302,2026-08-27T14:58:24.768202
10,16,12,repl,8,False,6,0.1224,1,2026-08-27T14:58:24.679599,2026-08-27T14:58:24.802017
10,16,0,repl,8,False,15,0.1862,1,2026-08-27T14:58:24.626420,2026-08-27T14:58:24.812604
10,16,3,repl,8,False,22,0.4352,7,2026-08-27T14:58:24.419142,2026-08-27T14:58:24.854367
10,16,5,repl,8,False,1,0.1639,4,2026-08-27T14:58:24.713843,2026-08-27T14:58:24.877749
10,16,11,repl,8,False,5,0.3524,5,2026-08-27T14:58:24.566786,2026-08-27T14:58:24.919206
10,16,3,repl,8,False,1,0.0884,4,2026-08-27T14:58:24.854506,2026-08-27T14:58:24.942888
10,16,13,repl,8,False,9,1.7465,175,2026-08-27T14:58:23.237554,2026-08-27T14:58:24.984130
10,16,11,repl,8,False,6,0.0906,1,2026-08-27T14:58:24.919316,2026-08-27T14:58:25.009950
10,16,1,repl,8,False,20,0.5138,1804,2026-08-27T14:58:24.668493,2026-08-27T14:58:25.182275
10,16,8,repl,8,False,4,0.5432,5,2026-08-27T14:58:24.653780,2026-08-27T14:58:25.197042
10,16,3,repl,8,False,2,0.2751,100,2026-08-27T14:58:24.943004,2026-08-27T14:58:25.218165
10,16,15,repl,8,False,9,0.7035,175,2026-08-27T14:58:24.514839,2026-08-27T14:58:25.218359
10,16,9,repl,8,False,3,0.457,10,2026-08-27T14:58:24.768302,2026-08-27T14:58:25.225301
10,16,14,repl,8,False,10,0.688,20,2026-08-27T14:58:24.550114,2026-08-27T14:58:25.238100
10,16,4,repl,8,False,3,0.5153,10,2026-08-27T14:58:24.749623,2026-08-27T14:58:25.264972
10,16,10,repl,8,False,7,0.6156,4,2026-08-27T14:58:24.656604,2026-08-27T14:58:25.272203
10,16,5,repl,8,False,2,0.4119,100,2026-08-27T14:58:24.877867,2026-08-27T14:58:25.289801
10,16,12,repl,8,False,7,0.4916,4,2026-08-27T14:58:24.802133,2026-08-27T14:58:25.293718
10,16,11,repl,8,False,7,0.2882,4,2026-08-27T14:58:25.010062,2026-08-27T14:58:25.298318
10,16,7,repl,8,False,3,0.9989,10,2026-08-27T14:58:24.314702,2026-08-27T14:58:25.313606
10,16,6,repl,8,False,4,0.7035,5,2026-08-27T14:58:24.613728,2026-08-27T14:58:25.317249
10,16,14,repl,8,False,11,0.1043,0,2026-08-27T14:58:25.238300,2026-08-27T14:58:25.342663
10,16,0,repl,8,False,16,0.7152,27840,2026-08-27T14:58:24.812708,2026-08-27T14:58:25.527912
10,16,8,repl,8,False,5,0.3323,5,2026-08-27T14:58:25.197242,2026-08-27T14:58:25.529608
10,16,14,repl,8,False,12,0.2227,2,2026-08-27T14:58:25.342759,2026-08-27T14:58:25.569543
10,16,3,repl,8,False,3,0.4394,10,2026-08-27T14:58:25.222505,2026-08-27T14:58:25.661965
10,16,4,repl,8,False,4,0.4043,5,2026-08-27T14:58:25.265112,2026-08-27T14:58:25.669509
10,16,5,repl,8,False,3,0.4287,10,2026-08-27T14:58:25.290184,2026-08-27T14:58:25.718902
10,16,10,repl,8,False,8,0.4568,2,2026-08-27T14:58:25.272680,2026-08-27T14:58:25.729519
10,16,0,repl,8,False,17,0.2138,1,2026-08-27T14:58:25.528000,2026-08-27T14:58:25.741788
10,16,8,repl,8,False,6,0.2166,1,2026-08-27T14:58:25.533855,2026-08-27T14:58:25.750497
10,16,1,repl,8,False,21,0.596,100,2026-08-27T14:58:25.189696,2026-08-27T14:58:25.785717
10,16,7,repl,8,False,4,0.5042,5,2026-08-27T14:58:25.314374,2026-08-27T14:58:25.818613
10,16,15,repl,8,False,10,0.6457,20,2026-08-27T14:58:25.219032,2026-08-27T14:58:25.864782
10,16,9,repl,8,False,4,0.649,5,2026-08-27T14:58:25.225387,2026-08-27T14:58:25.874456
10,16,12,repl,8,False,8,0.6501,2,2026-08-27T14:58:25.293959,2026-08-27T14:58:25.944069
10,16,15,repl,8,False,11,0.0945,0,2026-08-27T14:58:25.864897,2026-08-27T14:58:25.959402
10,16,13,repl,8,False,10,0.991,20,2026-08-27T14:58:24.984257,2026-08-27T14:58:25.975327
10,16,2,repl,8,False,22,1.6937,7,2026-08-27T14:58:24.338452,2026-08-27T14:58:26.032203
10,16,11,repl,8,False,8,0.7832,2,2026-08-27T14:58:25.298407,2026-08-27T14:58:26.081652
10,16,13,repl,8,False,11,0.1361,0,2026-08-27T14:58:25.975427,2026-08-27T14:58:26.111518
10,16,5,repl,8,False,4,0.4442,5,2026-08-27T14:58:25.721658,2026-08-27T14:58:26.165859
10,16,6,repl,8,False,5,0.8486,5,2026-08-27T14:58:25.317370,2026-08-27T14:58:26.165977
10,16,14,repl,8,False,13,0.621,45,2026-08-27T14:58:25.569750,2026-08-27T14:58:26.190795
10,16,8,repl,8,False,7,0.4486,4,2026-08-27T14:58:25.750602,2026-08-27T14:58:26.199221
10,16,2,repl,8,False,1,0.1865,4,2026-08-27T14:58:26.032326,2026-08-27T14:58:26.218809
10,16,0,repl,8,False,18,0.4884,100,2026-08-27T14:58:25.741884,2026-08-27T14:58:26.230348
10,16,15,repl,8,False,12,0.3224,2,2026-08-27T14:58:25.959502,2026-08-27T14:58:26.281899
10,16,7,repl,8,False,5,0.4709,5,2026-08-27T14:58:25.818750,2026-08-27T14:58:26.289659
10,16,7,repl,8,False,6,0.0356,1,2026-08-27T14:58:26.289929,2026-08-27T14:58:26.325598
10,16,1,repl,8,False,22,0.5782,7,2026-08-27T14:58:25.785848,2026-08-27T14:58:26.364075
10,16,9,repl,8,False,5,0.5143,5,2026-08-27T14:58:25.874602,2026-08-27T14:58:26.388904
10,16,10,repl,8,False,9,0.7126,175,2026-08-27T14:58:25.729625,2026-08-27T14:58:26.442264
10,16,14,repl,8,False,14,0.2788,1,2026-08-27T14:58:26.190894,2026-08-27T14:58:26.469711
10,16,0,repl,8,False,19,0.2394,1,2026-08-27T14:58:26.230460,2026-08-27T14:58:26.469868
10,16,5,repl,8,False,5,0.4025,5,2026-08-27T14:58:26.169745,2026-08-27T14:58:26.572237
10,16,12,repl,8,False,9,0.641,175,2026-08-27T14:58:25.944183,2026-08-27T14:58:26.585247
10,16,11,repl,8,False,9,0.5834,175,2026-08-27T14:58:26.081778,2026-08-27T14:58:26.665155
10,16,9,repl,8,False,6,0.3191,1,2026-08-27T14:58:26.389025,2026-08-27T14:58:26.708200
10,16,1,repl,8,False,1,0.3612,4,2026-08-27T14:58:26.364193,2026-08-27T14:58:26.725472
10,16,0,repl,8,False,20,0.2962,1804,2026-08-27T14:58:26.485754,2026-08-27T14:58:26.782032
10,16,6,repl,8,False,6,0.6116,1,2026-08-27T14:58:26.181264,2026-08-27T14:58:26.792888
10,16,2,repl,8,False,2,0.5903,100,2026-08-27T14:58:26.218927,2026-08-27T14:58:26.809301
10,16,15,repl,8,False,13,0.5563,45,2026-08-27T14:58:26.282016,2026-08-27T14:58:26.838382
10,16,7,repl,8,False,7,0.5156,4,2026-08-27T14:58:26.325973,2026-08-27T14:58:26.841607
10,16,10,repl,8,False,10,0.5411,20,2026-08-27T14:58:26.442380,2026-08-27T14:58:26.983456
10,16,13,repl,8,False,12,0.943,2,2026-08-27T14:58:26.111650,2026-08-27T14:58:27.054676
10,16,9,repl,8,False,7,0.3483,4,2026-08-27T14:58:26.708313,2026-08-27T14:58:27.056628
10,16,15,repl,8,False,14,0.232,1,2026-08-27T14:58:26.838479,2026-08-27T14:58:27.070507
10,16,12,repl,8,False,10,0.4913,20,2026-08-27T14:58:26.585357,2026-08-27T14:58:27.076674
10,16,11,repl,8,False,10,0.4901,20,2026-08-27T14:58:26.665809,2026-08-27T14:58:27.155912
10,16,8,repl,8,False,8,0.9635,2,2026-08-27T14:58:26.201675,2026-08-27T14:58:27.165176
10,16,0,repl,8,False,21,0.3895,100,2026-08-27T14:58:26.782155,2026-08-27T14:58:27.171636
10,16,15,repl,8,False,15,0.1061,1,2026-08-27T14:58:27.070620,2026-08-27T14:58:27.176793
10,16,12,repl,8,False,11,0.1074,0,2026-08-27T14:58:27.076779,2026-08-27T14:58:27.184217
10,16,11,repl,8,False,11,0.0504,0,2026-08-27T14:58:27.156024,2026-08-27T14:58:27.206410
10,16,12,repl,8,False,12,0.1502,2,2026-08-27T14:58:27.184335,2026-08-27T14:58:27.334571
10,16,0,repl,8,False,22,0.164,7,2026-08-27T14:58:27.171766,2026-08-27T14:58:27.335786
10,16,9,repl,8,False,8,0.2839,2,2026-08-27T14:58:27.056726,2026-08-27T14:58:27.340691
10,16,13,repl,8,False,13,0.3086,45,2026-08-27T14:58:27.054798,2026-08-27T14:58:27.363410
10,16,9,repl,8,False,9,0.2607,175,2026-08-27T14:58:27.340771,2026-08-27T14:58:27.601470
10,16,0,repl,9,False,1,0.0737,4,2026-08-27T14:58:27.605829,2026-08-27T14:58:27.679557
10,16,5,repl,9,False,6,0.0857,1,2026-08-27T14:58:27.633642,2026-08-27T14:58:27.719364
10,16,1,repl,9,False,2,0.1844,100,2026-08-27T14:58:27.609209,2026-08-27T14:58:27.793651
10,16,0,repl,9,False,2,0.2219,100,2026-08-27T14:58:27.679665,2026-08-27T14:58:27.901639
10,16,10,repl,9,False,11,0.23,0,2026-08-27T14:58:27.676016,2026-08-27T14:58:27.906029
10,16,2,repl,9,False,3,0.385,10,2026-08-27T14:58:27.612687,2026-08-27T14:58:27.997743
10,16,13,repl,9,False,14,0.2664,1,2026-08-27T14:58:27.735758,2026-08-27T14:58:28.002239
10,16,6,repl,9,False,7,0.3749,4,2026-08-27T14:58:27.641545,2026-08-27T14:58:28.016489
10,16,3,repl,9,False,4,0.4463,5,2026-08-27T14:58:27.621653,2026-08-27T14:58:28.067959
10,16,4,repl,9,False,5,0.5636,5,2026-08-27T14:58:27.629820,2026-08-27T14:58:28.193457
10,16,1,repl,9,False,3,0.4596,10,2026-08-27T14:58:27.797973,2026-08-27T14:58:28.257578
10,16,4,repl,9,False,6,0.0682,1,2026-08-27T14:58:28.193561,2026-08-27T14:58:28.261755
10,16,14,repl,9,False,15,0.5262,1,2026-08-27T14:58:27.753747,2026-08-27T14:58:28.279967
10,16,10,repl,9,False,12,0.3885,2,2026-08-27T14:58:27.906141,2026-08-27T14:58:28.294712
10,16,11,repl,9,False,12,0.5936,2,2026-08-27T14:58:27.708829,2026-08-27T14:58:28.302468
10,16,13,repl,9,False,15,0.3103,1,2026-08-27T14:58:28.002316,2026-08-27T14:58:28.312613
10,16,8,repl,9,False,9,0.66,175,2026-08-27T14:58:27.661721,2026-08-27T14:58:28.321808
10,16,5,repl,9,False,7,0.6161,4,2026-08-27T14:58:27.719908,2026-08-27T14:58:28.336052
10,16,7,repl,9,False,8,0.7047,2,2026-08-27T14:58:27.648432,2026-08-27T14:58:28.353137
10,16,2,repl,9,False,4,0.4322,5,2026-08-27T14:58:27.997827,2026-08-27T14:58:28.430042
10,16,0,repl,9,False,3,0.5455,10,2026-08-27T14:58:27.901739,2026-08-27T14:58:28.447267
10,16,9,repl,9,False,10,0.8074,20,2026-08-27T14:58:27.666356,2026-08-27T14:58:28.473771
10,16,6,repl,9,False,8,0.4995,2,2026-08-27T14:58:28.016600,2026-08-27T14:58:28.516151
10,16,12,repl,9,False,13,0.9235,45,2026-08-27T14:58:27.729652,2026-08-27T14:58:28.653214
10,16,9,repl,9,False,11,0.187,0,2026-08-27T14:58:28.476330,2026-08-27T14:58:28.663429
10,16,3,repl,9,False,5,0.6316,5,2026-08-27T14:58:28.068082,2026-08-27T14:58:28.699742
10,16,4,repl,9,False,7,0.449,4,2026-08-27T14:58:28.262623,2026-08-27T14:58:28.711620
10,16,3,repl,9,False,6,0.04,1,2026-08-27T14:58:28.699856,2026-08-27T14:58:28.739860
10,16,1,repl,9,False,4,0.5288,5,2026-08-27T14:58:28.257670,2026-08-27T14:58:28.788636
10,16,2,repl,9,False,5,0.4385,5,2026-08-27T14:58:28.430169,2026-08-27T14:58:28.878438
10,16,12,repl,9,False,14,0.266,1,2026-08-27T14:58:28.653339,2026-08-27T14:58:28.920296
10,16,0,repl,9,False,4,0.5199,5,2026-08-27T14:58:28.447386,2026-08-27T14:58:28.968626
10,16,11,repl,9,False,13,0.6776,45,2026-08-27T14:58:28.302625,2026-08-27T14:58:28.980533
10,16,13,repl,9,False,16,0.7575,27840,2026-08-27T14:58:28.312711,2026-08-27T14:58:29.070289
10,16,12,repl,9,False,15,0.164,1,2026-08-27T14:58:28.920430,2026-08-27T14:58:29.084468
10,16,14,repl,9,False,16,0.8005,27840,2026-08-27T14:58:28.281681,2026-08-27T14:58:29.087693
10,16,5,repl,9,False,8,0.7579,2,2026-08-27T14:58:28.336173,2026-08-27T14:58:29.094108
10,16,2,repl,9,False,6,0.2158,1,2026-08-27T14:58:28.878534,2026-08-27T14:58:29.094333
10,16,15,repl,9,False,16,1.3401,27840,2026-08-27T14:58:27.761319,2026-08-27T14:58:29.101460
10,16,7,repl,9,False,9,0.7623,175,2026-08-27T14:58:28.353259,2026-08-27T14:58:29.115624
10,16,9,repl,9,False,12,0.466,2,2026-08-27T14:58:28.663551,2026-08-27T14:58:29.129618
10,16,6,repl,9,False,9,0.6135,175,2026-08-27T14:58:28.516344,2026-08-27T14:58:29.129835
10,16,3,repl,9,False,7,0.4414,4,2026-08-27T14:58:28.739961,2026-08-27T14:58:29.181346
10,16,11,repl,9,False,14,0.1707,1,2026-08-27T14:58:29.034447,2026-08-27T14:58:29.206333
10,16,10,repl,9,False,13,0.9149,45,2026-08-27T14:58:28.295171,2026-08-27T14:58:29.210105
10,16,4,repl,9,False,8,0.5177,2,2026-08-27T14:58:28.711731,2026-08-27T14:58:29.229479
10,16,13,repl,9,False,17,0.2158,1,2026-08-27T14:58:29.082607,2026-08-27T14:58:29.298495
10,16,11,repl,9,False,15,0.098,1,2026-08-27T14:58:29.206441,2026-08-27T14:58:29.304449
10,16,14,repl,9,False,17,0.213,1,2026-08-27T14:58:29.095579,2026-08-27T14:58:29.308584
10,16,0,repl,9,False,5,0.4383,5,2026-08-27T14:58:28.968761,2026-08-27T14:58:29.407071
10,16,0,repl,9,False,6,0.1182,1,2026-08-27T14:58:29.407186,2026-08-27T14:58:29.533901
10,16,10,repl,9,False,14,0.3207,1,2026-08-27T14:58:29.213549,2026-08-27T14:58:29.534299
10,16,8,repl,9,False,10,1.2621,20,2026-08-27T14:58:28.321906,2026-08-27T14:58:29.584083
10,16,12,repl,9,False,16,0.4992,27840,2026-08-27T14:58:29.084586,2026-08-27T14:58:29.593647
10,16,15,repl,9,False,17,0.4553,1,2026-08-27T14:58:29.161526,2026-08-27T14:58:29.616847
10,16,8,repl,9,False,11,0.0793,0,2026-08-27T14:58:29.584228,2026-08-27T14:58:29.663549
10,16,10,repl,9,False,15,0.1695,1,2026-08-27T14:58:29.534441,2026-08-27T14:58:29.703956
10,16,13,repl,9,False,18,0.5844,100,2026-08-27T14:58:29.298619,2026-08-27T14:58:29.895003
10,16,7,repl,9,False,10,0.8087,20,2026-08-27T14:58:29.131122,2026-08-27T14:58:29.939862
10,16,11,repl,9,False,16,0.6753,27840,2026-08-27T14:58:29.304578,2026-08-27T14:58:29.979886
10,16,6,repl,9,False,10,0.8422,20,2026-08-27T14:58:29.149609,2026-08-27T14:58:29.991833
10,16,0,repl,9,False,7,0.5066,4,2026-08-27T14:58:29.534182,2026-08-27T14:58:30.040777
10,16,5,repl,9,False,9,0.949,175,2026-08-27T14:58:29.116771,2026-08-27T14:58:30.065828
10,16,13,repl,9,False,19,0.2014,1,2026-08-27T14:58:29.895135,2026-08-27T14:58:30.096577
10,16,8,repl,9,False,12,0.4586,2,2026-08-27T14:58:29.663670,2026-08-27T14:58:30.122255
10,16,7,repl,9,False,11,0.1773,0,2026-08-27T14:58:29.963758,2026-08-27T14:58:30.141627
10,16,14,repl,9,False,18,0.9224,100,2026-08-27T14:58:29.309602,2026-08-27T14:58:30.232030
10,16,6,repl,9,False,11,0.2699,0,2026-08-27T14:58:29.991941,2026-08-27T14:58:30.262531
10,16,12,repl,9,False,17,0.6927,1,2026-08-27T14:58:29.593772,2026-08-27T14:58:30.287157
10,16,11,repl,9,False,17,0.3252,1,2026-08-27T14:58:29.985605,2026-08-27T14:58:30.311460
10,16,10,repl,9,False,16,0.6212,27840,2026-08-27T14:58:29.705546,2026-08-27T14:58:30.326928
10,16,1,repl,9,False,5,1.5393,5,2026-08-27T14:58:28.793596,2026-08-27T14:58:30.332912
10,16,13,repl,9,False,20,0.2771,1804,2026-08-27T14:58:30.096685,2026-08-27T14:58:30.373836
10,16,9,repl,9,False,13,1.2001,45,2026-08-27T14:58:29.181653,2026-08-27T14:58:30.381823
10,16,15,repl,9,False,18,0.78,100,2026-08-27T14:58:29.616971,2026-08-27T14:58:30.397036
10,16,0,repl,9,False,8,0.4099,2,2026-08-27T14:58:30.040883,2026-08-27T14:58:30.450818
10,16,14,repl,9,False,19,0.3073,1,2026-08-27T14:58:30.232131,2026-08-27T14:58:30.539472
10,16,1,repl,9,False,6,0.231,1,2026-08-27T14:58:30.333004,2026-08-27T14:58:30.564008
10,16,7,repl,9,False,12,0.4547,2,2026-08-27T14:58:30.141771,2026-08-27T14:58:30.596483
10,16,9,repl,9,False,14,0.2525,1,2026-08-27T14:58:30.381948,2026-08-27T14:58:30.634470
10,16,8,repl,9,False,13,0.5316,45,2026-08-27T14:58:30.122372,2026-08-27T14:58:30.654010
10,16,6,repl,9,False,12,0.436,2,2026-08-27T14:58:30.262957,2026-08-27T14:58:30.699012
10,16,9,repl,9,False,15,0.1425,1,2026-08-27T14:58:30.634603,2026-08-27T14:58:30.777159
10,16,2,repl,9,False,7,1.6941,4,2026-08-27T14:58:29.168350,2026-08-27T14:58:30.862522
10,16,12,repl,9,False,18,0.6336,100,2026-08-27T14:58:30.287278,2026-08-27T14:58:30.920914
10,16,14,repl,9,False,20,0.4122,1804,2026-08-27T14:58:30.539607,2026-08-27T14:58:30.951865
10,16,8,repl,9,False,14,0.3124,1,2026-08-27T14:58:30.654122,2026-08-27T14:58:30.966559
10,16,11,repl,9,False,18,0.7034,100,2026-08-27T14:58:30.311589,2026-08-27T14:58:31.015011
10,16,5,repl,9,False,10,0.9856,20,2026-08-27T14:58:30.065913,2026-08-27T14:58:31.051592
10,16,8,repl,9,False,15,0.1163,1,2026-08-27T14:58:30.966682,2026-08-27T14:58:31.083006
10,16,0,repl,9,False,9,0.6511,175,2026-08-27T14:58:30.450932,2026-08-27T14:58:31.102114
10,16,1,repl,9,False,7,0.5577,4,2026-08-27T14:58:30.564093,2026-08-27T14:58:31.121795
10,16,12,repl,9,False,19,0.2183,1,2026-08-27T14:58:30.921031,2026-08-27T14:58:31.139344
10,16,15,repl,9,False,19,0.8145,1,2026-08-27T14:58:30.397125,2026-08-27T14:58:31.211655
10,16,11,repl,9,False,19,0.2007,1,2026-08-27T14:58:31.015127,2026-08-27T14:58:31.215889
10,16,5,repl,9,False,11,0.2427,0,2026-08-27T14:58:31.061541,2026-08-27T14:58:31.305869
10,16,9,repl,9,False,16,0.563,27840,2026-08-27T14:58:30.777262,2026-08-27T14:58:31.340334
10,16,7,repl,9,False,13,0.7519,45,2026-08-27T14:58:30.596600,2026-08-27T14:58:31.348561
10,16,14,repl,9,False,21,0.4216,100,2026-08-27T14:58:30.951985,2026-08-27T14:58:31.373645
10,16,6,repl,9,False,13,0.7545,45,2026-08-27T14:58:30.699120,2026-08-27T14:58:31.453643
10,16,15,repl,9,False,20,0.2748,1804,2026-08-27T14:58:31.211860,2026-08-27T14:58:31.486644
10,16,13,repl,9,False,21,1.1231,100,2026-08-27T14:58:30.373949,2026-08-27T14:58:31.497108
10,16,10,repl,9,False,17,1.1866,1,2026-08-27T14:58:30.327226,2026-08-27T14:58:31.513874
10,16,9,repl,9,False,17,0.2098,1,2026-08-27T14:58:31.340444,2026-08-27T14:58:31.550276
10,16,5,repl,9,False,12,0.2566,2,2026-08-27T14:58:31.305993,2026-08-27T14:58:31.562576
10,16,12,repl,9,False,20,0.4309,1804,2026-08-27T14:58:31.139447,2026-08-27T14:58:31.570405
10,16,7,repl,9,False,14,0.2498,1,2026-08-27T14:58:31.348676,2026-08-27T14:58:31.598466
10,16,3,repl,9,False,8,2.4277,2,2026-08-27T14:58:29.185865,2026-08-27T14:58:31.613660
10,16,11,repl,9,False,20,0.4023,1804,2026-08-27T14:58:31.221608,2026-08-27T14:58:31.623896
10,16,1,repl,9,False,8,0.6563,2,2026-08-27T14:58:31.121919,2026-08-27T14:58:31.778279
10,16,14,repl,9,False,22,0.5398,7,2026-08-27T14:58:31.373762,2026-08-27T14:58:31.913600
10,16,2,repl,9,False,8,1.0634,2,2026-08-27T14:58:30.862656,2026-08-27T14:58:31.926049
10,16,6,repl,9,False,14,0.466,1,2026-08-27T14:58:31.461596,2026-08-27T14:58:31.927618
10,16,0,repl,9,False,10,0.8604,20,2026-08-27T14:58:31.105598,2026-08-27T14:58:31.966059
10,16,7,repl,9,False,15,0.3948,1,2026-08-27T14:58:31.598585,2026-08-27T14:58:31.993418
10,16,6,repl,9,False,15,0.1283,1,2026-08-27T14:58:31.933614,2026-08-27T14:58:32.061938
10,16,14,repl,9,False,1,0.2057,4,2026-08-27T14:58:31.917895,2026-08-27T14:58:32.123680
10,16,5,repl,9,False,13,0.5959,45,2026-08-27T14:58:31.562688,2026-08-27T14:58:32.158568
10,16,0,repl,9,False,11,0.2842,0,2026-08-27T14:58:31.966198,2026-08-27T14:58:32.250464
10,16,12,repl,9,False,21,0.7262,100,2026-08-27T14:58:31.570531,2026-08-27T14:58:32.296809
10,16,15,repl,9,False,21,0.8245,100,2026-08-27T14:58:31.487228,2026-08-27T14:58:32.311742
10,16,13,repl,9,False,22,0.8606,7,2026-08-27T14:58:31.497228,2026-08-27T14:58:32.357817
10,16,10,repl,9,False,18,0.869,100,2026-08-27T14:58:31.514004,2026-08-27T14:58:32.383018
10,16,1,repl,9,False,9,0.6268,175,2026-08-27T14:58:31.778403,2026-08-27T14:58:32.405195
10,16,14,repl,9,False,2,0.2979,100,2026-08-27T14:58:32.125689,2026-08-27T14:58:32.423607
10,16,2,repl,9,False,9,0.665,175,2026-08-27T14:58:31.926209,2026-08-27T14:58:32.591307
10,16,10,repl,9,False,19,0.2265,1,2026-08-27T14:58:32.383121,2026-08-27T14:58:32.609683
10,16,6,repl,9,False,16,0.5618,27840,2026-08-27T14:58:32.062044,2026-08-27T14:58:32.623842
10,16,5,repl,9,False,14,0.4677,1,2026-08-27T14:58:32.158691,2026-08-27T14:58:32.626417
10,16,13,repl,9,False,1,0.2704,4,2026-08-27T14:58:32.357901,2026-08-27T14:58:32.628334
10,16,0,repl,9,False,12,0.4376,2,2026-08-27T14:58:32.250581,2026-08-27T14:58:32.688155
10,16,12,repl,9,False,22,0.437,7,2026-08-27T14:58:32.296931,2026-08-27T14:58:32.733974
10,16,3,repl,9,False,9,1.1448,175,2026-08-27T14:58:31.613835,2026-08-27T14:58:32.758702
10,16,4,repl,9,False,9,3.5866,175,2026-08-27T14:58:29.229789,2026-08-27T14:58:32.816391
10,16,5,repl,9,False,15,0.1952,1,2026-08-27T14:58:32.638973,2026-08-27T14:58:32.834575
10,16,15,repl,9,False,22,0.5324,7,2026-08-27T14:58:32.311863,2026-08-27T14:58:32.844246
10,16,7,repl,9,False,16,0.902,27840,2026-08-27T14:58:31.997605,2026-08-27T14:58:32.905575
10,16,10,repl,9,False,20,0.3082,1804,2026-08-27T14:58:32.609806,2026-08-27T14:58:32.918059
10,16,6,repl,9,False,17,0.3072,1,2026-08-27T14:58:32.626536,2026-08-27T14:58:32.933818
10,16,13,repl,9,False,2,0.3,100,2026-08-27T14:58:32.652775,2026-08-27T14:58:32.952811
10,16,12,repl,9,False,1,0.2277,4,2026-08-27T14:58:32.734087,2026-08-27T14:58:32.961812
10,16,1,repl,9,False,10,0.5934,20,2026-08-27T14:58:32.408417,2026-08-27T14:58:33.001832
10,16,8,repl,9,False,16,2.0828,27840,2026-08-27T14:58:31.083845,2026-08-27T14:58:33.166758
10,16,15,repl,9,False,1,0.3321,4,2026-08-27T14:58:32.844370,2026-08-27T14:58:33.176512
10,16,1,repl,9,False,11,0.1868,0,2026-08-27T14:58:33.001991,2026-08-27T14:58:33.188828
10,16,7,repl,9,False,17,0.292,1,2026-08-27T14:58:32.909657,2026-08-27T14:58:33.201669
10,16,11,repl,9,False,21,1.6218,100,2026-08-27T14:58:31.624008,2026-08-27T14:58:33.247762
10,16,2,repl,9,False,10,0.7518,20,2026-08-27T14:58:32.591395,2026-08-27T14:58:33.343270
10,16,5,repl,9,False,16,0.5298,27840,2026-08-27T14:58:32.834669,2026-08-27T14:58:33.364482
10,16,12,repl,9,False,2,0.4253,100,2026-08-27T14:58:32.968836,2026-08-27T14:58:33.394232
10,16,8,repl,9,False,17,0.273,1,2026-08-27T14:58:33.166890,2026-08-27T14:58:33.439933
10,16,6,repl,9,False,18,0.5157,100,2026-08-27T14:58:32.933937,2026-08-27T14:58:33.449698
10,16,2,repl,9,False,11,0.1236,0,2026-08-27T14:58:33.343401,2026-08-27T14:58:33.467020
10,16,14,repl,9,False,3,1.0634,10,2026-08-27T14:58:32.423726,2026-08-27T14:58:33.487151
10,16,15,repl,9,False,2,0.315,100,2026-08-27T14:58:33.179929,2026-08-27T14:58:33.494990
10,16,4,repl,9,False,10,0.7936,20,2026-08-27T14:58:32.821869,2026-08-27T14:58:33.615800
10,16,10,repl,9,False,21,0.7459,100,2026-08-27T14:58:32.918179,2026-08-27T14:58:33.664121
10,16,6,repl,9,False,19,0.2341,1,2026-08-27T14:58:33.449801,2026-08-27T14:58:33.683967
10,16,5,repl,9,False,17,0.333,1,2026-08-27T14:58:33.364598,2026-08-27T14:58:33.697635
10,16,1,repl,9,False,12,0.5176,2,2026-08-27T14:58:33.188928,2026-08-27T14:58:33.706577
10,16,0,repl,9,False,13,1.0186,45,2026-08-27T14:58:32.688247,2026-08-27T14:58:33.706864
10,16,3,repl,9,False,10,0.9589,20,2026-08-27T14:58:32.758829,2026-08-27T14:58:33.717710
10,16,4,repl,9,False,11,0.1484,0,2026-08-27T14:58:33.615931,2026-08-27T14:58:33.764315
10,16,13,repl,9,False,3,0.8828,10,2026-08-27T14:58:32.957569,2026-08-27T14:58:33.840410
10,16,2,repl,9,False,12,0.3976,2,2026-08-27T14:58:33.467165,2026-08-27T14:58:33.864785
10,16,8,repl,9,False,18,0.4896,100,2026-08-27T14:58:33.440037,2026-08-27T14:58:33.929690
10,16,14,repl,9,False,4,0.458,5,2026-08-27T14:58:33.487244,2026-08-27T14:58:33.945309
10,16,3,repl,9,False,11,0.2545,0,2026-08-27T14:58:33.725706,2026-08-27T14:58:33.980286
10,16,10,repl,9,False,22,0.3761,7,2026-08-27T14:58:33.665595,2026-08-27T14:58:34.041719
10,16,6,repl,9,False,20,0.3702,1804,2026-08-27T14:58:33.684284,2026-08-27T14:58:34.054563
10,16,8,repl,9,False,19,0.2093,1,2026-08-27T14:58:33.929780,2026-08-27T14:58:34.139090
10,16,10,repl,9,False,1,0.1183,4,2026-08-27T14:58:34.049545,2026-08-27T14:58:34.167882
10,16,12,repl,9,False,3,0.8,10,2026-08-27T14:58:33.394352,2026-08-27T14:58:34.194419
10,16,5,repl,9,False,18,0.5168,100,2026-08-27T14:58:33.697762,2026-08-27T14:58:34.214596
10,16,13,repl,9,False,4,0.4127,5,2026-08-27T14:58:33.840554,2026-08-27T14:58:34.253255
10,16,0,repl,9,False,14,0.5556,1,2026-08-27T14:58:33.717940,2026-08-27T14:58:34.273602
10,16,14,repl,9,False,5,0.3457,5,2026-08-27T14:58:33.945579,2026-08-27T14:58:34.291291
10,16,3,repl,9,False,12,0.3269,2,2026-08-27T14:58:33.980375,2026-08-27T14:58:34.307301
10,16,5,repl,9,False,19,0.167,1,2026-08-27T14:58:34.214707,2026-08-27T14:58:34.381687
10,16,14,repl,9,False,6,0.0843,1,2026-08-27T14:58:34.297600,2026-08-27T14:58:34.381952
10,16,1,repl,9,False,13,0.6971,45,2026-08-27T14:58:33.706928,2026-08-27T14:58:34.404015
10,16,7,repl,9,False,18,1.2265,100,2026-08-27T14:58:33.201786,2026-08-27T14:58:34.428309
10,16,10,repl,9,False,2,0.2947,100,2026-08-27T14:58:34.173546,2026-08-27T14:58:34.468289
10,16,8,repl,9,False,20,0.3356,1804,2026-08-27T14:58:34.139193,2026-08-27T14:58:34.474791
10,16,2,repl,9,False,13,0.6466,45,2026-08-27T14:58:33.864895,2026-08-27T14:58:34.511533
10,16,0,repl,9,False,15,0.2778,1,2026-08-27T14:58:34.273697,2026-08-27T14:58:34.551496
10,16,4,repl,9,False,12,0.8031,2,2026-08-27T14:58:33.769584,2026-08-27T14:58:34.572768
10,16,12,repl,9,False,4,0.4208,5,2026-08-27T14:58:34.194565,2026-08-27T14:58:34.615420
10,16,13,repl,9,False,5,0.4175,5,2026-08-27T14:58:34.253666,2026-08-27T14:58:34.671191
10,16,7,repl,9,False,19,0.2487,1,2026-08-27T14:58:34.433586,2026-08-27T14:58:34.682283
10,16,6,repl,9,False,21,0.6389,100,2026-08-27T14:58:34.054701,2026-08-27T14:58:34.693644
10,16,13,repl,9,False,6,0.0427,1,2026-08-27T14:58:34.671291,2026-08-27T14:58:34.713979
10,16,5,repl,9,False,20,0.3379,1804,2026-08-27T14:58:34.397157,2026-08-27T14:58:34.735094
10,16,14,repl,9,False,7,0.361,4,2026-08-27T14:58:34.385866,2026-08-27T14:58:34.746956
10,16,1,repl,9,False,14,0.3544,1,2026-08-27T14:58:34.404159,2026-08-27T14:58:34.758547
10,16,2,repl,9,False,14,0.3159,1,2026-08-27T14:58:34.514056,2026-08-27T14:58:34.829981
10,16,15,repl,9,False,3,1.4141,10,2026-08-27T14:58:33.495104,2026-08-27T14:58:34.909250
10,16,1,repl,9,False,15,0.207,1,2026-08-27T14:58:34.758629,2026-08-27T14:58:34.965628
10,16,7,repl,9,False,20,0.2837,1804,2026-08-27T14:58:34.682382,2026-08-27T14:58:34.966126
10,16,2,repl,9,False,15,0.1641,1,2026-08-27T14:58:34.830093,2026-08-27T14:58:34.994262
10,16,6,repl,9,False,22,0.3165,7,2026-08-27T14:58:34.693853,2026-08-27T14:58:35.010376
10,16,10,repl,9,False,3,0.5839,10,2026-08-27T14:58:34.468403,2026-08-27T14:58:35.052343
10,16,3,repl,9,False,13,0.7703,45,2026-08-27T14:58:34.307413,2026-08-27T14:58:35.077714
10,16,13,repl,9,False,7,0.393,4,2026-08-27T14:58:34.714067,2026-08-27T14:58:35.107102
10,16,4,repl,9,False,13,0.5448,45,2026-08-27T14:58:34.572871,2026-08-27T14:58:35.117736
10,16,11,repl,9,False,22,1.8719,7,2026-08-27T14:58:33.253728,2026-08-27T14:58:35.125649
10,16,5,repl,9,False,21,0.4528,100,2026-08-27T14:58:34.735211,2026-08-27T14:58:35.188037
10,16,6,repl,9,False,1,0.1928,4,2026-08-27T14:58:35.010483,2026-08-27T14:58:35.203261
10,16,12,repl,9,False,5,0.6282,5,2026-08-27T14:58:34.615531,2026-08-27T14:58:35.243790
10,16,12,repl,9,False,6,0.0913,1,2026-08-27T14:58:35.246013,2026-08-27T14:58:35.337381
10,16,4,repl,9,False,14,0.2415,1,2026-08-27T14:58:35.117821,2026-08-27T14:58:35.359377
10,16,6,repl,9,False,2,0.2542,100,2026-08-27T14:58:35.203382,2026-08-27T14:58:35.468326
10,16,10,repl,9,False,4,0.4285,5,2026-08-27T14:58:35.062207,2026-08-27T14:58:35.492847
10,16,7,repl,9,False,21,0.5274,100,2026-08-27T14:58:34.973672,2026-08-27T14:58:35.501125
10,16,4,repl,9,False,15,0.1441,1,2026-08-27T14:58:35.359495,2026-08-27T14:58:35.503587
10,16,1,repl,9,False,16,0.5477,27840,2026-08-27T14:58:34.966315,2026-08-27T14:58:35.529354
10,16,11,repl,9,False,1,0.4037,4,2026-08-27T14:58:35.125746,2026-08-27T14:58:35.529469
10,16,14,repl,9,False,8,0.7825,2,2026-08-27T14:58:34.747060,2026-08-27T14:58:35.529590
10,16,2,repl,9,False,16,0.5419,27840,2026-08-27T14:58:34.994372,2026-08-27T14:58:35.536295
10,16,15,repl,9,False,4,0.6322,5,2026-08-27T14:58:34.909342,2026-08-27T14:58:35.541611
10,16,12,repl,9,False,7,0.2174,4,2026-08-27T14:58:35.337544,2026-08-27T14:58:35.554934
10,16,5,repl,9,False,22,0.3665,7,2026-08-27T14:58:35.188573,2026-08-27T14:58:35.555103
10,16,3,repl,9,False,14,0.4805,1,2026-08-27T14:58:35.077840,2026-08-27T14:58:35.558327
10,16,13,repl,9,False,8,0.4548,2,2026-08-27T14:58:35.107214,2026-08-27T14:58:35.562009
10,16,0,repl,9,False,16,1.0132,27840,2026-08-27T14:58:34.551616,2026-08-27T14:58:35.564839
10,16,8,repl,9,False,21,1.0993,100,2026-08-27T14:58:34.474932,2026-08-27T14:58:35.574253
10,16,11,repl,9,False,2,0.1482,100,2026-08-27T14:58:35.551015,2026-08-27T14:58:35.699232
10,16,3,repl,9,False,15,0.1319,1,2026-08-27T14:58:35.574638,2026-08-27T14:58:35.706587
10,16,2,repl,9,False,17,0.1731,1,2026-08-27T14:58:35.555199,2026-08-27T14:58:35.728295
10,16,5,repl,9,False,1,0.2403,4,2026-08-27T14:58:35.594046,2026-08-27T14:58:35.834368
10,16,6,repl,9,False,3,0.456,10,2026-08-27T14:58:35.468411,2026-08-27T14:58:35.924442
10,16,10,repl,9,False,5,0.4319,5,2026-08-27T14:58:35.496039,2026-08-27T14:58:35.928225
10,16,7,repl,9,False,22,0.4553,7,2026-08-27T14:58:35.503731,2026-08-27T14:58:35.959111
10,16,11,repl,9,False,3,0.3223,10,2026-08-27T14:58:35.699351,2026-08-27T14:58:36.021655
10,16,10,repl,9,False,6,0.1115,1,2026-08-27T14:58:35.928320,2026-08-27T14:58:36.039886
10,16,4,repl,9,False,16,0.5188,27840,2026-08-27T14:58:35.536611,2026-08-27T14:58:36.055485
10,16,0,repl,9,False,17,0.4949,1,2026-08-27T14:58:35.579288,2026-08-27T14:58:36.074179
10,16,7,repl,9,False,1,0.1584,4,2026-08-27T14:58:35.959229,2026-08-27T14:58:36.117683
10,16,5,repl,9,False,2,0.3643,100,2026-08-27T14:58:35.834494,2026-08-27T14:58:36.198842
10,16,2,repl,9,False,18,0.4869,100,2026-08-27T14:58:35.728411,2026-08-27T14:58:36.215313
10,16,14,repl,9,False,9,0.7087,175,2026-08-27T14:58:35.558492,2026-08-27T14:58:36.268892
10,16,4,repl,9,False,17,0.2384,1,2026-08-27T14:58:36.061619,2026-08-27T14:58:36.301481
10,16,1,repl,9,False,17,0.7098,1,2026-08-27T14:58:35.593821,2026-08-27T14:58:36.303704
10,16,12,repl,9,False,8,0.7531,2,2026-08-27T14:58:35.565191,2026-08-27T14:58:36.318928
10,16,2,repl,9,False,19,0.165,1,2026-08-27T14:58:36.215424,2026-08-27T14:58:36.380413
10,16,7,repl,9,False,2,0.2672,100,2026-08-27T14:58:36.117798,2026-08-27T14:58:36.384987
10,16,3,repl,9,False,16,0.6882,27840,2026-08-27T14:58:35.706696,2026-08-27T14:58:36.394953
10,16,6,repl,9,False,4,0.4826,5,2026-08-27T14:58:35.925337,2026-08-27T14:58:36.408017
10,16,11,repl,9,False,4,0.3991,5,2026-08-27T14:58:36.029755,2026-08-27T14:58:36.428911
10,16,10,repl,9,False,7,0.3941,4,2026-08-27T14:58:36.055709,2026-08-27T14:58:36.449821
10,16,0,repl,9,False,18,0.5756,100,2026-08-27T14:58:36.074279,2026-08-27T14:58:36.649944
10,16,5,repl,9,False,3,0.476,10,2026-08-27T14:58:36.198935,2026-08-27T14:58:36.674920
10,16,3,repl,9,False,17,0.3171,1,2026-08-27T14:58:36.405208,2026-08-27T14:58:36.722354
10,16,2,repl,9,False,20,0.3884,1804,2026-08-27T14:58:36.380524,2026-08-27T14:58:36.768921
10,16,7,repl,9,False,3,0.3935,10,2026-08-27T14:58:36.396181,2026-08-27T14:58:36.789678
10,16,15,repl,9,False,5,1.2189,5,2026-08-27T14:58:35.637643,2026-08-27T14:58:36.856575
10,16,8,repl,9,False,22,1.262,7,2026-08-27T14:58:35.618455,2026-08-27T14:58:36.880516
10,16,6,repl,9,False,5,0.4857,5,2026-08-27T14:58:36.408107,2026-08-27T14:58:36.893788
10,16,0,repl,9,False,19,0.3081,1,2026-08-27T14:58:36.650035,2026-08-27T14:58:36.958125
10,16,8,repl,9,False,1,0.1455,4,2026-08-27T14:58:36.880599,2026-08-27T14:58:37.026085
10,16,11,repl,9,False,5,0.6134,5,2026-08-27T14:58:36.441616,2026-08-27T14:58:37.055070
10,16,11,repl,9,False,6,0.0429,1,2026-08-27T14:58:37.055171,2026-08-27T14:58:37.098104
10,16,14,repl,9,False,10,0.8546,20,2026-08-27T14:58:36.269018,2026-08-27T14:58:37.123668
10,16,12,repl,9,False,9,0.8179,175,2026-08-27T14:58:36.324156,2026-08-27T14:58:37.142134
10,16,6,repl,9,False,6,0.2696,1,2026-08-27T14:58:36.897585,2026-08-27T14:58:37.167259
10,16,5,repl,9,False,4,0.4937,5,2026-08-27T14:58:36.675045,2026-08-27T14:58:37.168776
10,16,0,repl,9,False,20,0.3016,1804,2026-08-27T14:58:36.964420,2026-08-27T14:58:37.266020
10,16,10,repl,9,False,8,0.827,2,2026-08-27T14:58:36.449964,2026-08-27T14:58:37.277007
10,16,8,repl,9,False,2,0.2847,100,2026-08-27T14:58:37.026185,2026-08-27T14:58:37.310907
10,16,14,repl,9,False,11,0.1991,0,2026-08-27T14:58:37.123973,2026-08-27T14:58:37.323095
10,16,7,repl,9,False,4,0.5402,5,2026-08-27T14:58:36.789797,2026-08-27T14:58:37.330059
10,16,1,repl,9,False,18,1.027,100,2026-08-27T14:58:36.329222,2026-08-27T14:58:37.356323
10,16,15,repl,9,False,6,0.5173,1,2026-08-27T14:58:36.856690,2026-08-27T14:58:37.374064
10,16,4,repl,9,False,18,1.0865,100,2026-08-27T14:58:36.319161,2026-08-27T14:58:37.405669
10,16,3,repl,9,False,18,0.6991,100,2026-08-27T14:58:36.722566,2026-08-27T14:58:37.421681
10,16,13,repl,9,False,9,1.8408,175,2026-08-27T14:58:35.608932,2026-08-27T14:58:37.449747
10,16,11,repl,9,False,7,0.373,4,2026-08-27T14:58:37.098223,2026-08-27T14:58:37.471207
10,16,2,repl,9,False,21,0.7365,100,2026-08-27T14:58:36.769017,2026-08-27T14:58:37.505578
10,16,5,repl,9,False,5,0.3883,5,2026-08-27T14:58:37.168864,2026-08-27T14:58:37.557206
10,16,1,repl,9,False,19,0.2282,1,2026-08-27T14:58:37.356450,2026-08-27T14:58:37.584658
10,16,3,repl,9,False,19,0.188,1,2026-08-27T14:58:37.425563,2026-08-27T14:58:37.613611
10,16,14,repl,9,False,12,0.3037,2,2026-08-27T14:58:37.323238,2026-08-27T14:58:37.626930
10,16,4,repl,9,False,19,0.2637,1,2026-08-27T14:58:37.405916,2026-08-27T14:58:37.669637
10,16,8,repl,9,False,3,0.3736,10,2026-08-27T14:58:37.311061,2026-08-27T14:58:37.684726
10,16,0,repl,9,False,21,0.484,100,2026-08-27T14:58:37.266124,2026-08-27T14:58:37.750194
10,16,2,repl,9,False,22,0.2855,7,2026-08-27T14:58:37.505694,2026-08-27T14:58:37.791232
10,16,7,repl,9,False,5,0.5107,5,2026-08-27T14:58:37.330150,2026-08-27T14:58:37.840842
10,16,2,repl,9,False,1,0.1039,4,2026-08-27T14:58:37.791318,2026-08-27T14:58:37.895198
10,16,7,repl,9,False,6,0.1159,1,2026-08-27T14:58:37.840967,2026-08-27T14:58:37.956868
10,16,9,repl,9,False,18,6.4547,100,2026-08-27T14:58:31.552651,2026-08-27T14:58:38.007429
10,16,4,repl,9,False,20,0.3511,1804,2026-08-27T14:58:37.673668,2026-08-27T14:58:38.024771
10,16,3,repl,9,False,20,0.4375,1804,2026-08-27T14:58:37.617559,2026-08-27T14:58:38.055099
10,16,10,repl,9,False,9,0.7636,175,2026-08-27T14:58:37.301637,2026-08-27T14:58:38.065330
10,16,1,repl,9,False,20,0.5127,1804,2026-08-27T14:58:37.589559,2026-08-27T14:58:38.102288
10,16,12,repl,9,False,10,0.9715,20,2026-08-27T14:58:37.142251,2026-08-27T14:58:38.113740
10,16,0,repl,9,False,22,0.3714,7,2026-08-27T14:58:37.750296,2026-08-27T14:58:38.121724
10,16,14,repl,9,False,13,0.5092,45,2026-08-27T14:58:37.627066,2026-08-27T14:58:38.136294
10,16,2,repl,9,False,2,0.2499,100,2026-08-27T14:58:37.895289,2026-08-27T14:58:38.145216
10,16,15,repl,9,False,7,0.7683,4,2026-08-27T14:58:37.377599,2026-08-27T14:58:38.145894
10,16,9,repl,9,False,19,0.1471,1,2026-08-27T14:58:38.007613,2026-08-27T14:58:38.154714
10,16,12,repl,9,False,11,0.0634,0,2026-08-27T14:58:38.115641,2026-08-27T14:58:38.179106
10,16,11,repl,9,False,8,0.7665,2,2026-08-27T14:58:37.471317,2026-08-27T14:58:38.237799
10,16,7,repl,9,False,7,0.4037,4,2026-08-27T14:58:37.961580,2026-08-27T14:58:38.365286
10,16,14,repl,9,False,14,0.2812,1,2026-08-27T14:58:38.136453,2026-08-27T14:58:38.417680
10,16,12,repl,9,False,12,0.2985,2,2026-08-27T14:58:38.179211,2026-08-27T14:58:38.477753
10,16,4,repl,9,False,21,0.4762,100,2026-08-27T14:58:38.029638,2026-08-27T14:58:38.505832
10,16,8,repl,9,False,4,0.8259,5,2026-08-27T14:58:37.684842,2026-08-27T14:58:38.510746
10,16,9,repl,9,False,20,0.3585,1804,2026-08-27T14:58:38.154816,2026-08-27T14:58:38.513342
10,16,13,repl,9,False,10,1.0723,20,2026-08-27T14:58:37.449834,2026-08-27T14:58:38.522194
10,16,15,repl,9,False,8,0.4176,2,2026-08-27T14:58:38.146097,2026-08-27T14:58:38.563760
10,16,3,repl,9,False,21,0.5265,100,2026-08-27T14:58:38.055229,2026-08-27T14:58:38.581774
10,16,13,repl,9,False,11,0.0777,0,2026-08-27T14:58:38.522304,2026-08-27T14:58:38.600015
10,16,1,repl,9,False,21,0.5712,100,2026-08-27T14:58:38.102404,2026-08-27T14:58:38.673585
10,16,11,repl,9,False,9,0.5643,175,2026-08-27T14:58:38.237916,2026-08-27T14:58:38.802236
10,16,4,repl,9,False,22,0.3135,7,2026-08-27T14:58:38.505923,2026-08-27T14:58:38.819451
10,16,8,repl,9,False,5,0.334,5,2026-08-27T14:58:38.510832,2026-08-27T14:58:38.844861
10,16,10,repl,9,False,10,0.8047,20,2026-08-27T14:58:38.065548,2026-08-27T14:58:38.870256
10,16,4,repl,9,False,1,0.0744,4,2026-08-27T14:58:38.819541,2026-08-27T14:58:38.893964
10,16,8,repl,9,False,6,0.0643,1,2026-08-27T14:58:38.844974,2026-08-27T14:58:38.909332
10,16,9,repl,9,False,21,0.479,100,2026-08-27T14:58:38.513390,2026-08-27T14:58:38.992408
10,16,3,repl,9,False,22,0.4183,7,2026-08-27T14:58:38.581889,2026-08-27T14:58:39.000189
10,16,15,repl,9,False,9,0.4577,175,2026-08-27T14:58:38.563887,2026-08-27T14:58:39.021619
10,16,13,repl,9,False,12,0.4566,2,2026-08-27T14:58:38.600132,2026-08-27T14:58:39.056772
10,16,1,repl,9,False,22,0.3827,7,2026-08-27T14:58:38.677710,2026-08-27T14:58:39.060432
10,16,4,repl,9,False,2,0.1796,100,2026-08-27T14:58:38.894078,2026-08-27T14:58:39.073748
10,16,3,repl,9,False,1,0.0779,4,2026-08-27T14:58:39.000456,2026-08-27T14:58:39.078402
10,16,1,repl,9,False,1,0.1146,4,2026-08-27T14:58:39.061960,2026-08-27T14:58:39.176638
10,16,8,repl,9,False,7,0.2737,4,2026-08-27T14:58:38.909438,2026-08-27T14:58:39.183171
10,16,3,repl,9,False,2,0.173,100,2026-08-27T14:58:39.078503,2026-08-27T14:58:39.251576
10,16,11,repl,9,False,10,0.5245,20,2026-08-27T14:58:38.802407,2026-08-27T14:58:39.326885
10,16,9,repl,9,False,22,0.3406,7,2026-08-27T14:58:38.992519,2026-08-27T14:58:39.333129
10,16,4,repl,9,False,3,0.316,10,2026-08-27T14:58:39.073895,2026-08-27T14:58:39.389942
10,16,9,repl,9,False,1,0.0591,4,2026-08-27T14:58:39.333466,2026-08-27T14:58:39.392610
10,16,11,repl,9,False,11,0.1145,0,2026-08-27T14:58:39.327012,2026-08-27T14:58:39.441536
10,16,15,repl,9,False,10,0.4642,20,2026-08-27T14:58:39.021744,2026-08-27T14:58:39.485928
10,16,13,repl,9,False,13,0.4312,45,2026-08-27T14:58:39.057637,2026-08-27T14:58:39.488874
10,16,9,repl,9,False,2,0.1089,100,2026-08-27T14:58:39.392687,2026-08-27T14:58:39.501594
10,16,3,repl,9,False,3,0.2537,10,2026-08-27T14:58:39.251692,2026-08-27T14:58:39.505358
10,16,8,repl,9,False,8,0.3331,2,2026-08-27T14:58:39.183282,2026-08-27T14:58:39.516381
10,16,15,repl,9,False,11,0.0339,0,2026-08-27T14:58:39.486030,2026-08-27T14:58:39.519990
10,16,4,repl,9,False,4,0.2063,5,2026-08-27T14:58:39.390082,2026-08-27T14:58:39.596430
10,16,15,repl,9,False,12,0.1498,2,2026-08-27T14:58:39.520030,2026-08-27T14:58:39.669883
10,16,9,repl,9,False,3,0.2161,10,2026-08-27T14:58:39.501679,2026-08-27T14:58:39.717774
10,16,9,repl,9,False,4,0.1921,5,2026-08-27T14:58:39.717906,2026-08-27T14:58:39.910007
10,16,15,repl,9,False,13,0.2646,45,2026-08-27T14:58:39.669961,2026-08-27T14:58:39.934566
10,16,15,repl,9,False,14,0.0788,1,2026-08-27T14:58:39.934674,2026-08-27T14:58:40.013538
10,16,15,repl,9,False,15,0.0612,1,2026-08-27T14:58:40.013625,2026-08-27T14:58:40.074801
10,16,9,repl,9,False,5,0.1787,5,2026-08-27T14:58:39.910112,2026-08-27T14:58:40.088856
10,16,9,repl,9,False,6,0.0214,1,2026-08-27T14:58:40.088931,2026-08-27T14:58:40.110390
10,16,9,repl,9,False,7,0.1402,4,2026-08-27T14:58:40.110464,2026-08-27T14:58:40.250702
10,16,9,repl,9,False,8,0.184,2,2026-08-27T14:58:40.250777,2026-08-27T14:58:40.434809
10,16,9,repl,9,False,9,0.2581,175,2026-08-27T14:58:40.434891,2026-08-27T14:58:40.692971
10,16,5,repl,10,False,6,0.0589,1,2026-08-27T14:58:40.718203,2026-08-27T14:58:40.777111
10,16,0,repl,10,False,1,0.1494,4,2026-08-27T14:58:40.697647,2026-08-27T14:58:40.847083
10,16,1,repl,10,False,2,0.2407,100,2026-08-27T14:58:40.700931,2026-08-27T14:58:40.941671
10,16,3,repl,10,False,4,0.3047,5,2026-08-27T14:58:40.713299,2026-08-27T14:58:41.018002
10,16,0,repl,10,False,2,0.2027,100,2026-08-27T14:58:40.847244,2026-08-27T14:58:41.049967
10,16,10,repl,10,False,11,0.304,0,2026-08-27T14:58:40.751319,2026-08-27T14:58:41.055392
10,16,6,repl,10,False,7,0.3425,4,2026-08-27T14:58:40.733553,2026-08-27T14:58:41.076144
10,16,11,repl,10,False,12,0.368,2,2026-08-27T14:58:40.754859,2026-08-27T14:58:41.122877
10,16,5,repl,10,False,7,0.41,4,2026-08-27T14:58:40.777213,2026-08-27T14:58:41.187252
10,16,2,repl,10,False,3,0.4966,10,2026-08-27T14:58:40.704418,2026-08-27T14:58:41.201106
10,16,4,repl,10,False,5,0.5258,5,2026-08-27T14:58:40.717920,2026-08-27T14:58:41.243767
10,16,7,repl,10,False,8,0.5296,2,2026-08-27T14:58:40.741276,2026-08-27T14:58:41.270922
10,16,4,repl,10,False,6,0.1139,1,2026-08-27T14:58:41.243880,2026-08-27T14:58:41.357796
10,16,14,repl,10,False,15,0.7132,1,2026-08-27T14:58:40.761961,2026-08-27T14:58:41.475213
10,16,3,repl,10,False,5,0.4675,5,2026-08-27T14:58:41.018135,2026-08-27T14:58:41.485671
10,16,0,repl,10,False,3,0.455,10,2026-08-27T14:58:41.050084,2026-08-27T14:58:41.505105
10,16,9,repl,10,False,10,0.7613,20,2026-08-27T14:58:40.748302,2026-08-27T14:58:41.509581
10,16,1,repl,10,False,3,0.5679,10,2026-08-27T14:58:40.941831,2026-08-27T14:58:41.509783
10,16,3,repl,10,False,6,0.045,1,2026-08-27T14:58:41.488731,2026-08-27T14:58:41.533825
10,16,10,repl,10,False,12,0.5055,2,2026-08-27T14:58:41.055491,2026-08-27T14:58:41.561017
10,16,8,repl,10,False,9,0.8245,175,2026-08-27T14:58:40.745274,2026-08-27T14:58:41.569799
10,16,2,repl,10,False,4,0.3748,5,2026-08-27T14:58:41.215435,2026-08-27T14:58:41.590264
10,16,13,repl,10,False,14,0.8376,1,2026-08-27T14:58:40.759951,2026-08-27T14:58:41.597603
10,16,9,repl,10,False,11,0.096,0,2026-08-27T14:58:41.517630,2026-08-27T14:58:41.613646
10,16,12,repl,10,False,13,0.8721,45,2026-08-27T14:58:40.757626,2026-08-27T14:58:41.629783
10,16,6,repl,10,False,8,0.642,2,2026-08-27T14:58:41.076274,2026-08-27T14:58:41.718316
10,16,13,repl,10,False,15,0.1958,1,2026-08-27T14:58:41.597723,2026-08-27T14:58:41.793600
10,16,4,repl,10,False,7,0.4657,4,2026-08-27T14:58:41.357904,2026-08-27T14:58:41.823583
10,16,5,repl,10,False,8,0.7062,2,2026-08-27T14:58:41.187365,2026-08-27T14:58:41.893652
10,16,1,repl,10,False,4,0.4197,5,2026-08-27T14:58:41.525784,2026-08-27T14:58:41.945579
10,16,0,repl,10,False,4,0.4613,5,2026-08-27T14:58:41.505216,2026-08-27T14:58:41.966521
10,16,7,repl,10,False,9,0.7009,175,2026-08-27T14:58:41.271039,2026-08-27T14:58:41.971976
10,16,11,repl,10,False,13,0.8906,45,2026-08-27T14:58:41.123108,2026-08-27T14:58:42.013701
10,16,3,repl,10,False,7,0.4814,4,2026-08-27T14:58:41.533932,2026-08-27T14:58:42.015399
10,16,12,repl,10,False,14,0.4638,1,2026-08-27T14:58:41.629914,2026-08-27T14:58:42.099061
10,16,10,repl,10,False,13,0.6316,45,2026-08-27T14:58:41.565627,2026-08-27T14:58:42.197265
10,16,15,repl,10,False,16,1.4668,27840,2026-08-27T14:58:40.764475,2026-08-27T14:58:42.231300
10,16,14,repl,10,False,16,0.8341,27840,2026-08-27T14:58:41.475333,2026-08-27T14:58:42.314617
10,16,1,repl,10,False,5,0.3968,5,2026-08-27T14:58:41.945704,2026-08-27T14:58:42.342517
10,16,4,repl,10,False,8,0.5407,2,2026-08-27T14:58:41.823695,2026-08-27T14:58:42.364459
10,16,5,repl,10,False,9,0.4873,175,2026-08-27T14:58:41.893788,2026-08-27T14:58:42.381078
10,16,0,repl,10,False,5,0.4215,5,2026-08-27T14:58:41.966822,2026-08-27T14:58:42.388374
10,16,13,repl,10,False,16,0.611,27840,2026-08-27T14:58:41.793709,2026-08-27T14:58:42.404703
10,16,11,repl,10,False,14,0.4107,1,2026-08-27T14:58:42.013788,2026-08-27T14:58:42.424488
10,16,10,repl,10,False,14,0.2272,1,2026-08-27T14:58:42.197380,2026-08-27T14:58:42.424607
10,16,2,repl,10,False,5,0.8439,5,2026-08-27T14:58:41.590861,2026-08-27T14:58:42.434783
10,16,8,repl,10,False,10,0.8577,20,2026-08-27T14:58:41.577759,2026-08-27T14:58:42.435482
10,16,1,repl,10,False,6,0.0961,1,2026-08-27T14:58:42.342644,2026-08-27T14:58:42.438745
10,16,6,repl,10,False,9,0.7397,175,2026-08-27T14:58:41.718426,2026-08-27T14:58:42.458177
10,16,0,repl,10,False,6,0.0725,1,2026-08-27T14:58:42.388448,2026-08-27T14:58:42.461018
10,16,12,repl,10,False,15,0.3807,1,2026-08-27T14:58:42.110539,2026-08-27T14:58:42.491638
10,16,9,repl,10,False,12,0.8848,2,2026-08-27T14:58:41.614194,2026-08-27T14:58:42.498988
10,16,2,repl,10,False,6,0.0799,1,2026-08-27T14:58:42.458343,2026-08-27T14:58:42.538276
10,16,11,repl,10,False,15,0.1468,1,2026-08-27T14:58:42.426309,2026-08-27T14:58:42.573144
10,16,14,repl,10,False,17,0.2767,1,2026-08-27T14:58:42.333668,2026-08-27T14:58:42.612651
10,16,10,repl,10,False,15,0.1812,1,2026-08-27T14:58:42.453629,2026-08-27T14:58:42.634871
10,16,13,repl,10,False,17,0.2804,1,2026-08-27T14:58:42.404810,2026-08-27T14:58:42.685286
10,16,8,repl,10,False,11,0.2853,0,2026-08-27T14:58:42.469730,2026-08-27T14:58:42.755029
10,16,7,repl,10,False,10,0.9426,20,2026-08-27T14:58:41.973774,2026-08-27T14:58:42.916414
10,16,4,repl,10,False,9,0.6505,175,2026-08-27T14:58:42.374790,2026-08-27T14:58:43.025337
10,16,7,repl,10,False,11,0.1502,0,2026-08-27T14:58:42.916596,2026-08-27T14:58:43.066804
10,16,5,repl,10,False,10,0.7013,20,2026-08-27T14:58:42.384330,2026-08-27T14:58:43.085668
10,16,14,repl,10,False,18,0.5015,100,2026-08-27T14:58:42.612764,2026-08-27T14:58:43.114255
10,16,2,repl,10,False,7,0.5884,4,2026-08-27T14:58:42.538395,2026-08-27T14:58:43.126775
10,16,5,repl,10,False,11,0.204,0,2026-08-27T14:58:43.085758,2026-08-27T14:58:43.297376
10,16,15,repl,10,False,17,1.0532,1,2026-08-27T14:58:42.244333,2026-08-27T14:58:43.297558
10,16,13,repl,10,False,18,0.6196,100,2026-08-27T14:58:42.685407,2026-08-27T14:58:43.305036
10,16,11,repl,10,False,16,0.7887,27840,2026-08-27T14:58:42.573235,2026-08-27T14:58:43.361943
10,16,14,repl,10,False,19,0.2552,1,2026-08-27T14:58:43.114382,2026-08-27T14:58:43.369628
10,16,1,repl,10,False,7,0.9145,4,2026-08-27T14:58:42.501554,2026-08-27T14:58:43.416093
10,16,0,repl,10,False,7,0.9328,4,2026-08-27T14:58:42.483399,2026-08-27T14:58:43.416256
10,16,8,repl,10,False,12,0.6798,2,2026-08-27T14:58:42.755162,2026-08-27T14:58:43.435661
10,16,10,repl,10,False,16,0.84,27840,2026-08-27T14:58:42.634986,2026-08-27T14:58:43.475020
10,16,3,repl,10,False,8,1.4702,2,2026-08-27T14:58:42.015483,2026-08-27T14:58:43.485752
10,16,7,repl,10,False,12,0.419,2,2026-08-27T14:58:43.066892,2026-08-27T14:58:43.485871
10,16,6,repl,10,False,10,1.0149,20,2026-08-27T14:58:42.474388,2026-08-27T14:58:43.490026
10,16,13,repl,10,False,19,0.1908,1,2026-08-27T14:58:43.322552,2026-08-27T14:58:43.513381
10,16,12,repl,10,False,16,1.041,27840,2026-08-27T14:58:42.517119,2026-08-27T14:58:43.558186
10,16,9,repl,10,False,13,1.049,45,2026-08-27T14:58:42.521270,2026-08-27T14:58:43.570326
10,16,2,repl,10,False,8,0.4987,2,2026-08-27T14:58:43.126891,2026-08-27T14:58:43.625671
10,16,5,repl,10,False,12,0.4336,2,2026-08-27T14:58:43.309685,2026-08-27T14:58:43.743378
10,16,11,repl,10,False,17,0.438,1,2026-08-27T14:58:43.362072,2026-08-27T14:58:43.800130
10,16,15,repl,10,False,18,0.4876,100,2026-08-27T14:58:43.341313,2026-08-27T14:58:43.828955
10,16,14,repl,10,False,20,0.5693,1804,2026-08-27T14:58:43.369804,2026-08-27T14:58:43.939118
10,16,0,repl,10,False,8,0.5042,2,2026-08-27T14:58:43.501532,2026-08-27T14:58:44.006431
10,16,10,repl,10,False,17,0.5072,1,2026-08-27T14:58:43.545977,2026-08-27T14:58:44.053235
10,16,15,repl,10,False,19,0.2453,1,2026-08-27T14:58:43.829066,2026-08-27T14:58:44.074387
10,16,6,repl,10,False,11,0.6378,0,2026-08-27T14:58:43.565366,2026-08-27T14:58:44.203212
10,16,1,repl,10,False,8,0.7657,2,2026-08-27T14:58:43.449476,2026-08-27T14:58:44.215502
10,16,2,repl,10,False,9,0.6211,175,2026-08-27T14:58:43.625790,2026-08-27T14:58:44.246957
10,16,11,repl,10,False,18,0.6334,100,2026-08-27T14:58:43.800251,2026-08-27T14:58:44.433726
10,16,4,repl,10,False,10,1.4397,20,2026-08-27T14:58:43.025451,2026-08-27T14:58:44.465223
10,16,6,repl,10,False,12,0.2803,2,2026-08-27T14:58:44.203304,2026-08-27T14:58:44.483618
10,16,3,repl,10,False,9,0.9988,175,2026-08-27T14:58:43.529181,2026-08-27T14:58:44.528026
10,16,4,repl,10,False,11,0.1252,0,2026-08-27T14:58:44.469560,2026-08-27T14:58:44.594784
10,16,11,repl,10,False,19,0.2203,1,2026-08-27T14:58:44.433852,2026-08-27T14:58:44.654204
10,16,0,repl,10,False,9,0.6711,175,2026-08-27T14:58:44.006545,2026-08-27T14:58:44.677647
10,16,14,repl,10,False,21,0.7504,100,2026-08-27T14:58:43.939233,2026-08-27T14:58:44.689646
10,16,10,repl,10,False,18,0.6724,100,2026-08-27T14:58:44.053360,2026-08-27T14:58:44.725835
10,16,13,repl,10,False,20,1.1854,1804,2026-08-27T14:58:43.560467,2026-08-27T14:58:44.745930
10,16,15,repl,10,False,20,0.6795,1804,2026-08-27T14:58:44.074482,2026-08-27T14:58:44.753960
10,16,12,repl,10,False,17,1.2078,1,2026-08-27T14:58:43.573753,2026-08-27T14:58:44.781578
10,16,9,repl,10,False,14,1.2182,1,2026-08-27T14:58:43.577457,2026-08-27T14:58:44.795720
10,16,11,repl,10,False,20,0.2478,1804,2026-08-27T14:58:44.654282,2026-08-27T14:58:44.902067
10,16,10,repl,10,False,19,0.1964,1,2026-08-27T14:58:44.725949,2026-08-27T14:58:44.922399
10,16,4,repl,10,False,12,0.3523,2,2026-08-27T14:58:44.594912,2026-08-27T14:58:44.947263
10,16,14,repl,10,False,22,0.4229,7,2026-08-27T14:58:44.689766,2026-08-27T14:58:45.112735
10,16,2,repl,10,False,10,0.9447,20,2026-08-27T14:58:44.247128,2026-08-27T14:58:45.191833
10,16,14,repl,10,False,1,0.115,4,2026-08-27T14:58:45.113043,2026-08-27T14:58:45.228099
10,16,6,repl,10,False,13,0.8149,45,2026-08-27T14:58:44.489669,2026-08-27T14:58:45.304603
10,16,2,repl,10,False,11,0.1388,0,2026-08-27T14:58:45.191962,2026-08-27T14:58:45.330790
10,16,10,repl,10,False,20,0.4433,1804,2026-08-27T14:58:44.922523,2026-08-27T14:58:45.365877
10,16,8,repl,10,False,13,1.9186,45,2026-08-27T14:58:43.491330,2026-08-27T14:58:45.409998
10,16,1,repl,10,False,9,1.2697,175,2026-08-27T14:58:44.215622,2026-08-27T14:58:45.485373
10,16,11,repl,10,False,21,0.613,100,2026-08-27T14:58:44.902189,2026-08-27T14:58:45.515212
10,16,0,repl,10,False,10,0.8466,20,2026-08-27T14:58:44.681744,2026-08-27T14:58:45.528368
10,16,14,repl,10,False,2,0.3004,100,2026-08-27T14:58:45.228206,2026-08-27T14:58:45.528632
10,16,3,repl,10,False,10,1.035,20,2026-08-27T14:58:44.528154,2026-08-27T14:58:45.563180
10,16,6,repl,10,False,14,0.2906,1,2026-08-27T14:58:45.304715,2026-08-27T14:58:45.595311
10,16,9,repl,10,False,15,0.821,1,2026-08-27T14:58:44.795972,2026-08-27T14:58:45.617025
10,16,8,repl,10,False,14,0.2231,1,2026-08-27T14:58:45.410112,2026-08-27T14:58:45.633201
10,16,2,repl,10,False,12,0.3692,2,2026-08-27T14:58:45.330932,2026-08-27T14:58:45.700156
10,16,3,repl,10,False,11,0.1505,0,2026-08-27T14:58:45.563309,2026-08-27T14:58:45.713794
10,16,6,repl,10,False,15,0.1185,1,2026-08-27T14:58:45.595436,2026-08-27T14:58:45.713998
10,16,0,repl,10,False,11,0.1856,0,2026-08-27T14:58:45.528518,2026-08-27T14:58:45.714118
10,16,4,repl,10,False,13,0.8201,45,2026-08-27T14:58:44.953589,2026-08-27T14:58:45.773704
10,16,8,repl,10,False,15,0.1684,1,2026-08-27T14:58:45.633331,2026-08-27T14:58:45.801781
10,16,10,repl,10,False,21,0.4937,100,2026-08-27T14:58:45.365991,2026-08-27T14:58:45.859753
10,16,12,repl,10,False,18,1.0933,100,2026-08-27T14:58:44.781787,2026-08-27T14:58:45.875166
10,16,11,repl,10,False,22,0.3849,7,2026-08-27T14:58:45.515331,2026-08-27T14:58:45.900279
10,16,13,repl,10,False,21,1.1578,100,2026-08-27T14:58:44.754088,2026-08-27T14:58:45.911924
10,16,4,repl,10,False,14,0.1935,1,2026-08-27T14:58:45.773795,2026-08-27T14:58:45.967345
10,16,11,repl,10,False,1,0.1269,4,2026-08-27T14:58:45.900379,2026-08-27T14:58:46.027280
10,16,3,repl,10,False,12,0.357,2,2026-08-27T14:58:45.714248,2026-08-27T14:58:46.072501
10,16,15,repl,10,False,21,1.313,100,2026-08-27T14:58:44.762864,2026-08-27T14:58:46.075859
10,16,4,repl,10,False,15,0.1317,1,2026-08-27T14:58:45.968128,2026-08-27T14:58:46.099850
10,16,12,repl,10,False,19,0.2281,1,2026-08-27T14:58:45.876028,2026-08-27T14:58:46.104124
10,16,7,repl,10,False,13,2.5567,45,2026-08-27T14:58:43.548976,2026-08-27T14:58:46.105695
10,16,9,repl,10,False,16,0.5491,27840,2026-08-27T14:58:45.617141,2026-08-27T14:58:46.166265
10,16,0,repl,10,False,12,0.4438,2,2026-08-27T14:58:45.745767,2026-08-27T14:58:46.189610
10,16,14,repl,10,False,3,0.7239,10,2026-08-27T14:58:45.528722,2026-08-27T14:58:46.252604
10,16,1,repl,10,False,10,0.8403,20,2026-08-27T14:58:45.485586,2026-08-27T14:58:46.325879
10,16,6,repl,10,False,16,0.6329,27840,2026-08-27T14:58:45.725824,2026-08-27T14:58:46.358900
10,16,2,repl,10,False,13,0.6752,45,2026-08-27T14:58:45.700257,2026-08-27T14:58:46.377358
10,16,5,repl,10,False,13,2.6463,45,2026-08-27T14:58:43.743602,2026-08-27T14:58:46.390163
10,16,7,repl,10,False,14,0.2625,1,2026-08-27T14:58:46.143271,2026-08-27T14:58:46.405792
10,16,11,repl,10,False,2,0.4205,100,2026-08-27T14:58:46.033758,2026-08-27T14:58:46.455148
10,16,1,repl,10,False,11,0.1476,0,2026-08-27T14:58:46.325990,2026-08-27T14:58:46.474410
10,16,8,repl,10,False,16,0.6966,27840,2026-08-27T14:58:45.801865,2026-08-27T14:58:46.498590
10,16,9,repl,10,False,17,0.3334,1,2026-08-27T14:58:46.175745,2026-08-27T14:58:46.509921
10,16,12,repl,10,False,20,0.4439,1804,2026-08-27T14:58:46.105894,2026-08-27T14:58:46.550489
10,16,10,repl,10,False,22,0.6938,7,2026-08-27T14:58:45.860064,2026-08-27T14:58:46.553893
10,16,6,repl,10,False,17,0.2032,1,2026-08-27T14:58:46.362493,2026-08-27T14:58:46.565769
10,16,3,repl,10,False,13,0.5283,45,2026-08-27T14:58:46.072629,2026-08-27T14:58:46.601353
10,16,2,repl,10,False,14,0.2236,1,2026-08-27T14:58:46.382918,2026-08-27T14:58:46.606886
10,16,15,repl,10,False,22,0.5311,7,2026-08-27T14:58:46.075929,2026-08-27T14:58:46.607032
10,16,14,repl,10,False,4,0.3418,5,2026-08-27T14:58:46.265836,2026-08-27T14:58:46.607700
10,16,7,repl,10,False,15,0.202,1,2026-08-27T14:58:46.405914,2026-08-27T14:58:46.607930
10,16,13,repl,10,False,22,0.7034,7,2026-08-27T14:58:45.912042,2026-08-27T14:58:46.615422
10,16,4,repl,10,False,16,0.5355,27840,2026-08-27T14:58:46.099934,2026-08-27T14:58:46.635415
10,16,5,repl,10,False,14,0.2676,1,2026-08-27T14:58:46.398329,2026-08-27T14:58:46.666571
10,16,10,repl,10,False,1,0.0926,4,2026-08-27T14:58:46.602111,2026-08-27T14:58:46.694750
10,16,15,repl,10,False,1,0.1312,4,2026-08-27T14:58:46.620817,2026-08-27T14:58:46.752072
10,16,13,repl,10,False,1,0.1846,4,2026-08-27T14:58:46.641500,2026-08-27T14:58:46.826139
10,16,5,repl,10,False,15,0.1852,1,2026-08-27T14:58:46.681635,2026-08-27T14:58:46.866875
10,16,3,repl,10,False,14,0.2613,1,2026-08-27T14:58:46.617708,2026-08-27T14:58:46.879042
10,16,13,repl,10,False,2,0.1754,100,2026-08-27T14:58:46.826257,2026-08-27T14:58:47.001652
10,16,15,repl,10,False,2,0.2815,100,2026-08-27T14:58:46.752160,2026-08-27T14:58:47.033705
10,16,3,repl,10,False,15,0.1664,1,2026-08-27T14:58:46.886209,2026-08-27T14:58:47.052703
10,16,8,repl,10,False,17,0.5642,1,2026-08-27T14:58:46.498710,2026-08-27T14:58:47.062910
10,16,4,repl,10,False,17,0.4071,1,2026-08-27T14:58:46.661678,2026-08-27T14:58:47.068825
10,16,10,repl,10,False,2,0.4508,100,2026-08-27T14:58:46.694842,2026-08-27T14:58:47.145632
10,16,2,repl,10,False,15,0.5217,1,2026-08-27T14:58:46.637666,2026-08-27T14:58:47.159370
10,16,1,repl,10,False,12,0.6944,2,2026-08-27T14:58:46.479997,2026-08-27T14:58:47.174441
10,16,9,repl,10,False,18,0.6687,100,2026-08-27T14:58:46.517743,2026-08-27T14:58:47.186477
10,16,11,repl,10,False,3,0.7336,10,2026-08-27T14:58:46.475073,2026-08-27T14:58:47.208761
10,16,0,repl,10,False,13,1.0522,45,2026-08-27T14:58:46.189798,2026-08-27T14:58:47.242075
10,16,12,repl,10,False,21,0.731,100,2026-08-27T14:58:46.565651,2026-08-27T14:58:47.299039
10,16,5,repl,10,False,16,0.5804,27840,2026-08-27T14:58:46.867029,2026-08-27T14:58:47.447475
10,16,13,repl,10,False,3,0.4904,10,2026-08-27T14:58:47.001766,2026-08-27T14:58:47.492230
10,16,15,repl,10,False,3,0.4659,10,2026-08-27T14:58:47.033797,2026-08-27T14:58:47.499682
10,16,9,repl,10,False,19,0.3249,1,2026-08-27T14:58:47.186599,2026-08-27T14:58:47.511903
10,16,3,repl,10,False,16,0.518,27840,2026-08-27T14:58:47.052811,2026-08-27T14:58:47.570909
10,16,14,repl,10,False,5,0.9105,5,2026-08-27T14:58:46.665826,2026-08-27T14:58:47.576414
10,16,4,repl,10,False,18,0.5081,100,2026-08-27T14:58:47.069012,2026-08-27T14:58:47.577196
10,16,14,repl,10,False,6,0.0261,1,2026-08-27T14:58:47.597757,2026-08-27T14:58:47.623860
10,16,12,repl,10,False,22,0.334,7,2026-08-27T14:58:47.299159,2026-08-27T14:58:47.633217
10,16,5,repl,10,False,17,0.2253,1,2026-08-27T14:58:47.447580,2026-08-27T14:58:47.676016
10,16,0,repl,10,False,14,0.4641,1,2026-08-27T14:58:47.242194,2026-08-27T14:58:47.707802
10,16,1,repl,10,False,13,0.5734,45,2026-08-27T14:58:47.174554,2026-08-27T14:58:47.749085
10,16,8,repl,10,False,18,0.7058,100,2026-08-27T14:58:47.063037,2026-08-27T14:58:47.768888
10,16,4,repl,10,False,19,0.2399,1,2026-08-27T14:58:47.590386,2026-08-27T14:58:47.830355
10,16,2,repl,10,False,16,0.6519,27840,2026-08-27T14:58:47.159452,2026-08-27T14:58:47.833877
10,16,7,repl,10,False,16,1.2383,27840,2026-08-27T14:58:46.651719,2026-08-27T14:58:47.890044
10,16,12,repl,10,False,1,0.2673,4,2026-08-27T14:58:47.633741,2026-08-27T14:58:47.901087
10,16,0,repl,10,False,15,0.2054,1,2026-08-27T14:58:47.707924,2026-08-27T14:58:47.913320
10,16,3,repl,10,False,17,0.3443,1,2026-08-27T14:58:47.577566,2026-08-27T14:58:47.921937
10,16,9,repl,10,False,20,0.4317,1804,2026-08-27T14:58:47.513621,2026-08-27T14:58:47.945331
10,16,13,repl,10,False,4,0.4616,5,2026-08-27T14:58:47.492349,2026-08-27T14:58:47.953981
10,16,15,repl,10,False,4,0.4719,5,2026-08-27T14:58:47.499804,2026-08-27T14:58:47.971760
10,16,8,repl,10,False,19,0.2398,1,2026-08-27T14:58:47.769006,2026-08-27T14:58:48.008845
10,16,5,repl,10,False,18,0.414,100,2026-08-27T14:58:47.676120,2026-08-27T14:58:48.090161
10,16,7,repl,10,False,17,0.2155,1,2026-08-27T14:58:47.890151,2026-08-27T14:58:48.105719
10,16,2,repl,10,False,17,0.3037,1,2026-08-27T14:58:47.833940,2026-08-27T14:58:48.137632
10,16,12,repl,10,False,2,0.2697,100,2026-08-27T14:58:47.901183,2026-08-27T14:58:48.170921
10,16,4,repl,10,False,20,0.3606,1804,2026-08-27T14:58:47.833743,2026-08-27T14:58:48.194411
10,16,11,repl,10,False,4,1.043,5,2026-08-27T14:58:47.208848,2026-08-27T14:58:48.251859
10,16,5,repl,10,False,19,0.2571,1,2026-08-27T14:58:48.090516,2026-08-27T14:58:48.347719
10,16,3,repl,10,False,18,0.5436,100,2026-08-27T14:58:47.922054,2026-08-27T14:58:48.465709
10,16,1,repl,10,False,14,0.7412,1,2026-08-27T14:58:47.749203,2026-08-27T14:58:48.490454
10,16,12,repl,10,False,3,0.379,10,2026-08-27T14:58:48.171040,2026-08-27T14:58:48.550059
10,16,8,repl,10,False,20,0.5927,1804,2026-08-27T14:58:48.008955,2026-08-27T14:58:48.603004
10,16,0,repl,10,False,16,0.7251,27840,2026-08-27T14:58:47.913583,2026-08-27T14:58:48.638695
10,16,7,repl,10,False,18,0.5519,100,2026-08-27T14:58:48.105841,2026-08-27T14:58:48.657782
10,16,3,repl,10,False,19,0.1958,1,2026-08-27T14:58:48.465829,2026-08-27T14:58:48.661656
10,16,5,repl,10,False,20,0.3142,1804,2026-08-27T14:58:48.347844,2026-08-27T14:58:48.662085
10,16,2,repl,10,False,18,0.5773,100,2026-08-27T14:58:48.137750,2026-08-27T14:58:48.715098
10,16,1,repl,10,False,15,0.2478,1,2026-08-27T14:58:48.490589,2026-08-27T14:58:48.738418
10,16,10,repl,10,False,3,1.6669,10,2026-08-27T14:58:47.145795,2026-08-27T14:58:48.812692
10,16,13,repl,10,False,5,0.8694,5,2026-08-27T14:58:47.954101,2026-08-27T14:58:48.823510
10,16,12,repl,10,False,4,0.2902,5,2026-08-27T14:58:48.550173,2026-08-27T14:58:48.840453
10,16,15,repl,10,False,5,0.888,5,2026-08-27T14:58:47.971903,2026-08-27T14:58:48.859972
10,16,7,repl,10,False,19,0.2161,1,2026-08-27T14:58:48.662219,2026-08-27T14:58:48.878400
10,16,0,repl,10,False,17,0.2751,1,2026-08-27T14:58:48.638812,2026-08-27T14:58:48.913977
10,16,2,repl,10,False,19,0.2106,1,2026-08-27T14:58:48.715198,2026-08-27T14:58:48.925837
10,16,15,repl,10,False,6,0.052,1,2026-08-27T14:58:48.885579,2026-08-27T14:58:48.937634
10,16,13,repl,10,False,6,0.1284,1,2026-08-27T14:58:48.823616,2026-08-27T14:58:48.952006
10,16,4,repl,10,False,21,0.771,100,2026-08-27T14:58:48.194526,2026-08-27T14:58:48.965577
10,16,8,repl,10,False,21,0.5706,100,2026-08-27T14:58:48.603153,2026-08-27T14:58:49.173736
10,16,3,repl,10,False,20,0.5258,1804,2026-08-27T14:58:48.682306,2026-08-27T14:58:49.208122
10,16,7,repl,10,False,20,0.3257,1804,2026-08-27T14:58:48.892278,2026-08-27T14:58:49.218012
10,16,2,repl,10,False,20,0.3334,1804,2026-08-27T14:58:48.925939,2026-08-27T14:58:49.259363
10,16,9,repl,10,False,21,1.3166,100,2026-08-27T14:58:47.953836,2026-08-27T14:58:49.270496
10,16,5,repl,10,False,21,0.5844,100,2026-08-27T14:58:48.692465,2026-08-27T14:58:49.276870
10,16,14,repl,10,False,7,1.6959,4,2026-08-27T14:58:47.623961,2026-08-27T14:58:49.319896
10,16,10,repl,10,False,4,0.5358,5,2026-08-27T14:58:48.812810,2026-08-27T14:58:49.349332
10,16,13,repl,10,False,7,0.4358,4,2026-08-27T14:58:48.952090,2026-08-27T14:58:49.387941
10,16,1,repl,10,False,16,0.7395,27840,2026-08-27T14:58:48.738504,2026-08-27T14:58:49.478076
10,16,12,repl,10,False,5,0.653,5,2026-08-27T14:58:48.840567,2026-08-27T14:58:49.493561
10,16,11,repl,10,False,5,1.2728,5,2026-08-27T14:58:48.251946,2026-08-27T14:58:49.524745
10,16,8,repl,10,False,22,0.368,7,2026-08-27T14:58:49.173839,2026-08-27T14:58:49.541868
10,16,12,repl,10,False,6,0.0592,1,2026-08-27T14:58:49.493689,2026-08-27T14:58:49.552957
10,16,11,repl,10,False,6,0.0613,1,2026-08-27T14:58:49.524852,2026-08-27T14:58:49.586133
10,16,8,repl,10,False,1,0.073,4,2026-08-27T14:58:49.541961,2026-08-27T14:58:49.615008
10,16,4,repl,10,False,22,0.6549,7,2026-08-27T14:58:48.965724,2026-08-27T14:58:49.620640
10,16,3,repl,10,False,21,0.4513,100,2026-08-27T14:58:49.208236,2026-08-27T14:58:49.659578
10,16,5,repl,10,False,22,0.4519,7,2026-08-27T14:58:49.276960,2026-08-27T14:58:49.728915
10,16,4,repl,10,False,1,0.1169,4,2026-08-27T14:58:49.620754,2026-08-27T14:58:49.737680
10,16,8,repl,10,False,2,0.1538,100,2026-08-27T14:58:49.615093,2026-08-27T14:58:49.768955
10,16,2,repl,10,False,21,0.5182,100,2026-08-27T14:58:49.259485,2026-08-27T14:58:49.777666
10,16,5,repl,10,False,1,0.0744,4,2026-08-27T14:58:49.729026,2026-08-27T14:58:49.803422
10,16,1,repl,10,False,17,0.3697,1,2026-08-27T14:58:49.481609,2026-08-27T14:58:49.851348
10,16,4,repl,10,False,2,0.1496,100,2026-08-27T14:58:49.738030,2026-08-27T14:58:49.887695
10,16,9,repl,10,False,22,0.6309,7,2026-08-27T14:58:49.270623,2026-08-27T14:58:49.901585
10,16,13,repl,10,False,8,0.5653,2,2026-08-27T14:58:49.388100,2026-08-27T14:58:49.953460
10,16,9,repl,10,False,1,0.1059,4,2026-08-27T14:58:49.901700,2026-08-27T14:58:50.007659
10,16,14,repl,10,False,8,0.7281,2,2026-08-27T14:58:49.321468,2026-08-27T14:58:50.049658
10,16,5,repl,10,False,2,0.2663,100,2026-08-27T14:58:49.803540,2026-08-27T14:58:50.069914
10,16,2,repl,10,False,22,0.3285,7,2026-08-27T14:58:49.777749,2026-08-27T14:58:50.106274
10,16,11,repl,10,False,7,0.566,4,2026-08-27T14:58:49.586234,2026-08-27T14:58:50.152215
10,16,2,repl,10,False,1,0.1001,4,2026-08-27T14:58:50.106379,2026-08-27T14:58:50.206482
10,16,8,repl,10,False,3,0.4569,10,2026-08-27T14:58:49.769058,2026-08-27T14:58:50.225985
10,16,10,repl,10,False,5,0.9087,5,2026-08-27T14:58:49.349422,2026-08-27T14:58:50.258182
10,16,15,repl,10,False,7,1.3312,4,2026-08-27T14:58:48.940367,2026-08-27T14:58:50.271579
10,16,4,repl,10,False,3,0.4021,10,2026-08-27T14:58:49.887878,2026-08-27T14:58:50.289977
10,16,10,repl,10,False,6,0.047,1,2026-08-27T14:58:50.259140,2026-08-27T14:58:50.306195
10,16,1,repl,10,False,18,0.4807,100,2026-08-27T14:58:49.851461,2026-08-27T14:58:50.337106
10,16,7,repl,10,False,21,1.1408,100,2026-08-27T14:58:49.218120,2026-08-27T14:58:50.358914
10,16,12,repl,10,False,7,0.8218,4,2026-08-27T14:58:49.553079,2026-08-27T14:58:50.374944
10,16,3,repl,10,False,22,0.7476,7,2026-08-27T14:58:49.659674,2026-08-27T14:58:50.407314
10,16,9,repl,10,False,2,0.4133,100,2026-08-27T14:58:50.007767,2026-08-27T14:58:50.421080
10,16,2,repl,10,False,2,0.2599,100,2026-08-27T14:58:50.210757,2026-08-27T14:58:50.470682
10,16,1,repl,10,False,19,0.2164,1,2026-08-27T14:58:50.341662,2026-08-27T14:58:50.558082
10,16,13,repl,10,False,9,0.6169,175,2026-08-27T14:58:49.953597,2026-08-27T14:58:50.570517
10,16,14,repl,10,False,9,0.5446,175,2026-08-27T14:58:50.050011,2026-08-27T14:58:50.594632
10,16,3,repl,10,False,1,0.1991,4,2026-08-27T14:58:50.407428,2026-08-27T14:58:50.606541
10,16,8,repl,10,False,4,0.4179,5,2026-08-27T14:58:50.226110,2026-08-27T14:58:50.644087
10,16,5,repl,10,False,3,0.6027,10,2026-08-27T14:58:50.082847,2026-08-27T14:58:50.685626
10,16,11,repl,10,False,8,0.5862,2,2026-08-27T14:58:50.152317,2026-08-27T14:58:50.738505
10,16,3,repl,10,False,2,0.1474,100,2026-08-27T14:58:50.606634,2026-08-27T14:58:50.754020
10,16,4,repl,10,False,4,0.4966,5,2026-08-27T14:58:50.290066,2026-08-27T14:58:50.786713
10,16,10,repl,10,False,7,0.4943,4,2026-08-27T14:58:50.306288,2026-08-27T14:58:50.800576
10,16,1,repl,10,False,20,0.248,1804,2026-08-27T14:58:50.558171,2026-08-27T14:58:50.806161
10,16,9,repl,10,False,3,0.4002,10,2026-08-27T14:58:50.421190,2026-08-27T14:58:50.821454
10,16,7,repl,10,False,22,0.5311,7,2026-08-27T14:58:50.359063,2026-08-27T14:58:50.890216
10,16,8,repl,10,False,5,0.316,5,2026-08-27T14:58:50.648560,2026-08-27T14:58:50.964579
10,16,15,repl,10,False,8,0.7298,2,2026-08-27T14:58:50.271719,2026-08-27T14:58:51.001587
10,16,7,repl,10,False,1,0.1211,4,2026-08-27T14:58:50.890358,2026-08-27T14:58:51.011496
10,16,8,repl,10,False,6,0.0571,1,2026-08-27T14:58:50.964690,2026-08-27T14:58:51.021851
10,16,5,repl,10,False,4,0.3771,5,2026-08-27T14:58:50.685748,2026-08-27T14:58:51.062868
10,16,12,repl,10,False,8,0.7089,2,2026-08-27T14:58:50.375057,2026-08-27T14:58:51.084033
10,16,13,repl,10,False,10,0.6591,20,2026-08-27T14:58:50.570611,2026-08-27T14:58:51.229778
10,16,3,repl,10,False,3,0.508,10,2026-08-27T14:58:50.754387,2026-08-27T14:58:51.262418
10,16,11,repl,10,False,9,0.5511,175,2026-08-27T14:58:50.738717,2026-08-27T14:58:51.289823
10,16,14,repl,10,False,10,0.7018,20,2026-08-27T14:58:50.594746,2026-08-27T14:58:51.296612
10,16,7,repl,10,False,2,0.3016,100,2026-08-27T14:58:51.011619,2026-08-27T14:58:51.313266
10,16,13,repl,10,False,11,0.0901,0,2026-08-27T14:58:51.230047,2026-08-27T14:58:51.320187
10,16,10,repl,10,False,8,0.5187,2,2026-08-27T14:58:50.806562,2026-08-27T14:58:51.325273
10,16,9,repl,10,False,4,0.5634,5,2026-08-27T14:58:50.821580,2026-08-27T14:58:51.385054
10,16,14,repl,10,False,11,0.1354,0,2026-08-27T14:58:51.296712,2026-08-27T14:58:51.432152
10,16,1,repl,10,False,21,0.6699,100,2026-08-27T14:58:50.816073,2026-08-27T14:58:51.486014
10,16,15,repl,10,False,9,0.536,175,2026-08-27T14:58:51.001686,2026-08-27T14:58:51.537731
10,16,5,repl,10,False,5,0.4958,5,2026-08-27T14:58:51.062989,2026-08-27T14:58:51.558845
10,16,8,repl,10,False,7,0.5598,4,2026-08-27T14:58:51.021962,2026-08-27T14:58:51.581814
10,16,13,repl,10,False,12,0.3463,2,2026-08-27T14:58:51.320569,2026-08-27T14:58:51.666941
10,16,7,repl,10,False,3,0.3827,10,2026-08-27T14:58:51.313420,2026-08-27T14:58:51.696145
10,16,12,repl,10,False,9,0.8391,175,2026-08-27T14:58:51.084163,2026-08-27T14:58:51.923246
10,16,1,repl,10,False,22,0.4413,7,2026-08-27T14:58:51.486124,2026-08-27T14:58:51.927437
10,16,11,repl,10,False,10,0.6369,20,2026-08-27T14:58:51.290675,2026-08-27T14:58:51.927599
10,16,9,repl,10,False,5,0.5571,5,2026-08-27T14:58:51.385187,2026-08-27T14:58:51.942339
10,16,14,repl,10,False,12,0.5245,2,2026-08-27T14:58:51.432261,2026-08-27T14:58:51.956792
10,16,1,repl,10,False,1,0.0836,4,2026-08-27T14:58:51.927723,2026-08-27T14:58:52.011321
10,16,10,repl,10,False,9,0.6884,175,2026-08-27T14:58:51.325331,2026-08-27T14:58:52.013776
10,16,9,repl,10,False,6,0.1033,1,2026-08-27T14:58:51.942667,2026-08-27T14:58:52.046037
10,16,7,repl,10,False,4,0.4112,5,2026-08-27T14:58:51.696243,2026-08-27T14:58:52.107454
10,16,11,repl,10,False,11,0.1836,0,2026-08-27T14:58:51.938011,2026-08-27T14:58:52.121663
10,16,15,repl,10,False,10,0.6126,20,2026-08-27T14:58:51.537880,2026-08-27T14:58:52.150494
10,16,13,repl,10,False,13,0.4876,45,2026-08-27T14:58:51.667056,2026-08-27T14:58:52.154682
10,16,6,repl,10,False,18,5.5673,100,2026-08-27T14:58:46.627175,2026-08-27T14:58:52.194513
10,16,15,repl,10,False,11,0.0584,0,2026-08-27T14:58:52.150605,2026-08-27T14:58:52.209038
10,16,8,repl,10,False,8,0.6417,2,2026-08-27T14:58:51.581959,2026-08-27T14:58:52.223646
10,16,9,repl,10,False,7,0.2732,4,2026-08-27T14:58:52.046155,2026-08-27T14:58:52.319412
10,16,6,repl,10,False,19,0.14,1,2026-08-27T14:58:52.194626,2026-08-27T14:58:52.334667
10,16,7,repl,10,False,5,0.2401,5,2026-08-27T14:58:52.107703,2026-08-27T14:58:52.347793
10,16,7,repl,10,False,6,0.0709,1,2026-08-27T14:58:52.347897,2026-08-27T14:58:52.418812
10,16,14,repl,10,False,13,0.4841,45,2026-08-27T14:58:51.956906,2026-08-27T14:58:52.440982
10,16,12,repl,10,False,10,0.5244,20,2026-08-27T14:58:51.923347,2026-08-27T14:58:52.447731
10,16,15,repl,10,False,12,0.2524,2,2026-08-27T14:58:52.209127,2026-08-27T14:58:52.461571
10,16,10,repl,10,False,10,0.4478,20,2026-08-27T14:58:52.013953,2026-08-27T14:58:52.461766
10,16,12,repl,10,False,11,0.106,0,2026-08-27T14:58:52.447837,2026-08-27T14:58:52.553874
10,16,6,repl,10,False,20,0.2666,1804,2026-08-27T14:58:52.334760,2026-08-27T14:58:52.601341
10,16,14,repl,10,False,14,0.2132,1,2026-08-27T14:58:52.441213,2026-08-27T14:58:52.654426
10,16,7,repl,10,False,7,0.2661,4,2026-08-27T14:58:52.418929,2026-08-27T14:58:52.685012
10,16,9,repl,10,False,8,0.3722,2,2026-08-27T14:58:52.319524,2026-08-27T14:58:52.691727
10,16,12,repl,10,False,12,0.1719,2,2026-08-27T14:58:52.553977,2026-08-27T14:58:52.725880
10,16,15,repl,10,False,13,0.3858,45,2026-08-27T14:58:52.461916,2026-08-27T14:58:52.847727
10,16,6,repl,10,False,21,0.2513,100,2026-08-27T14:58:52.601433,2026-08-27T14:58:52.852780
10,16,15,repl,10,False,14,0.1497,1,2026-08-27T14:58:52.847809,2026-08-27T14:58:52.997595
10,16,9,repl,10,False,9,0.3477,175,2026-08-27T14:58:52.691829,2026-08-27T14:58:53.039497
10,16,15,repl,10,False,15,0.0473,1,2026-08-27T14:58:52.997755,2026-08-27T14:58:53.045052
10,16,6,repl,10,False,22,0.205,7,2026-08-27T14:58:52.852844,2026-08-27T14:58:53.057841
10,16,6,repl,10,False,1,0.0451,4,2026-08-27T14:58:53.057912,2026-08-27T14:58:53.103017
10,16,6,repl,10,False,2,0.0529,100,2026-08-27T14:58:53.103096,2026-08-27T14:58:53.155999
10,16,6,repl,10,False,3,0.1381,10,2026-08-27T14:58:53.156078,2026-08-27T14:58:53.294183
10,16,0,repl,10,False,18,4.4488,100,2026-08-27T14:58:48.914086,2026-08-27T14:58:53.362881
10,16,0,repl,10,False,19,0.0808,1,2026-08-27T14:58:53.362956,2026-08-27T14:58:53.443772
10,16,6,repl,10,False,4,0.1697,5,2026-08-27T14:58:53.294260,2026-08-27T14:58:53.463990
10,16,0,repl,10,False,20,0.1146,1804,2026-08-27T14:58:53.443854,2026-08-27T14:58:53.558474
10,16,6,repl,10,False,5,0.1745,5,2026-08-27T14:58:53.464044,2026-08-27T14:58:53.638574
10,16,6,repl,10,False,6,0.021,1,2026-08-27T14:58:53.638663,2026-08-27T14:58:53.659714
10,16,0,repl,10,False,21,0.2583,100,2026-08-27T14:58:53.558557,2026-08-27T14:58:53.816921
10,16,0,repl,10,False,22,0.1302,7,2026-08-27T14:58:53.817004,2026-08-27T14:58:53.947175
