sf,streams,stream,tag,pass,warmup,query,elapsed_s,rows,start_time,end_time
30,16,10,repl,1,True,11,3.5172,0,2026-08-27T14:58:57.183743,2026-08-27T14:59:00.700976
30,16,1,repl,1,True,2,5.4445,100,2026-08-27T14:58:57.136037,2026-08-27T14:59:02.580596
30,16,15,repl,1,True,16,7.8894,27840,2026-08-27T14:58:57.269343,2026-08-27T14:59:05.158821
30,16,10,repl,1,True,12,7.6892,2,2026-08-27T14:59:00.701077,2026-08-27T14:59:08.390310
30,16,11,repl,1,True,12,11.2909,2,2026-08-27T14:58:57.248006,2026-08-27T14:59:08.538915
30,16,3,repl,1,True,4,11.5593,5,2026-08-27T14:58:57.141749,2026-08-27T14:59:08.701062
30,16,0,repl,1,True,1,14.2216,4,2026-08-27T14:58:57.132914,2026-08-27T14:59:11.354531
30,16,13,repl,1,True,14,14.1021,1,2026-08-27T14:58:57.263851,2026-08-27T14:59:11.365967
30,16,1,repl,1,True,3,8.9679,10,2026-08-27T14:59:02.580693,2026-08-27T14:59:11.548579
30,16,15,repl,1,True,17,6.6194,1,2026-08-27T14:59:05.158887,2026-08-27T14:59:11.778267
30,16,14,repl,1,True,15,14.5862,1,2026-08-27T14:58:57.266161,2026-08-27T14:59:11.852413
30,16,5,repl,1,True,6,15.5407,1,2026-08-27T14:58:57.146378,2026-08-27T14:59:12.687149
30,16,1,repl,1,True,4,1.3889,5,2026-08-27T14:59:11.553572,2026-08-27T14:59:12.942491
30,16,0,repl,1,True,2,1.6572,100,2026-08-27T14:59:11.354919,2026-08-27T14:59:13.012146
30,16,4,repl,1,True,5,16.5761,5,2026-08-27T14:58:57.143534,2026-08-27T14:59:13.719647
30,16,4,repl,1,True,6,0.4392,1,2026-08-27T14:59:13.719747,2026-08-27T14:59:14.159020
30,16,15,repl,1,True,18,2.5613,100,2026-08-27T14:59:11.778367,2026-08-27T14:59:14.339701
30,16,1,repl,1,True,5,1.5324,5,2026-08-27T14:59:12.942602,2026-08-27T14:59:14.475051
30,16,7,repl,1,True,8,17.3841,2,2026-08-27T14:58:57.156631,2026-08-27T14:59:14.540802
30,16,1,repl,1,True,6,0.3166,1,2026-08-27T14:59:14.475182,2026-08-27T14:59:14.791851
30,16,0,repl,1,True,3,1.8494,10,2026-08-27T14:59:13.012245,2026-08-27T14:59:14.861666
30,16,3,repl,1,True,5,6.3534,5,2026-08-27T14:59:08.701149,2026-08-27T14:59:15.054527
30,16,2,repl,1,True,3,18.073,10,2026-08-27T14:58:57.139616,2026-08-27T14:59:15.212637
30,16,15,repl,1,True,19,0.9722,1,2026-08-27T14:59:14.339824,2026-08-27T14:59:15.312018
30,16,4,repl,1,True,7,1.3833,4,2026-08-27T14:59:14.159190,2026-08-27T14:59:15.542486
30,16,3,repl,1,True,6,0.5125,1,2026-08-27T14:59:15.054705,2026-08-27T14:59:15.567204
30,16,6,repl,1,True,7,18.7172,4,2026-08-27T14:58:57.150529,2026-08-27T14:59:15.867732
30,16,1,repl,1,True,7,1.3002,4,2026-08-27T14:59:14.791967,2026-08-27T14:59:16.092200
30,16,0,repl,1,True,4,1.3204,5,2026-08-27T14:59:14.865561,2026-08-27T14:59:16.186015
30,16,9,repl,1,True,10,19.062,20,2026-08-27T14:58:57.177951,2026-08-27T14:59:16.240001
30,16,15,repl,1,True,20,1.2686,5404,2026-08-27T14:59:15.312164,2026-08-27T14:59:16.580797
30,16,2,repl,1,True,4,1.7849,5,2026-08-27T14:59:15.212762,2026-08-27T14:59:16.997660
30,16,13,repl,1,True,15,5.7316,1,2026-08-27T14:59:11.366200,2026-08-27T14:59:17.097858
30,16,9,repl,1,True,11,0.9951,0,2026-08-27T14:59:16.240125,2026-08-27T14:59:17.235220
30,16,1,repl,1,True,8,1.1677,2,2026-08-27T14:59:16.092317,2026-08-27T14:59:17.260084
30,16,3,repl,1,True,7,1.7284,4,2026-08-27T14:59:15.567338,2026-08-27T14:59:17.295796
30,16,0,repl,1,True,5,1.1449,5,2026-08-27T14:59:16.186136,2026-08-27T14:59:17.331079
30,16,4,repl,1,True,8,1.868,2,2026-08-27T14:59:15.542628,2026-08-27T14:59:17.410651
30,16,0,repl,1,True,6,0.4868,1,2026-08-27T14:59:17.331186,2026-08-27T14:59:17.818018
30,16,8,repl,1,True,9,20.871,175,2026-08-27T14:58:57.171340,2026-08-27T14:59:18.042347
30,16,14,repl,1,True,16,6.8182,27840,2026-08-27T14:59:11.852514,2026-08-27T14:59:18.673655
30,16,7,repl,1,True,9,4.1796,175,2026-08-27T14:59:14.540918,2026-08-27T14:59:18.720548
30,16,15,repl,1,True,21,2.1382,100,2026-08-27T14:59:16.585538,2026-08-27T14:59:18.723753
30,16,2,repl,1,True,5,1.7502,5,2026-08-27T14:59:16.997774,2026-08-27T14:59:18.747994
30,16,9,repl,1,True,12,1.5331,2,2026-08-27T14:59:17.235356,2026-08-27T14:59:18.768482
30,16,2,repl,1,True,6,0.0791,1,2026-08-27T14:59:18.748121,2026-08-27T14:59:18.827255
30,16,5,repl,1,True,7,6.3431,4,2026-08-27T14:59:12.687255,2026-08-27T14:59:19.030428
30,16,0,repl,1,True,7,1.2566,4,2026-08-27T14:59:17.818118,2026-08-27T14:59:19.074774
30,16,3,repl,1,True,8,1.8374,2,2026-08-27T14:59:17.295888,2026-08-27T14:59:19.133298
30,16,6,repl,1,True,8,3.6794,2,2026-08-27T14:59:15.867854,2026-08-27T14:59:19.547276
30,16,14,repl,1,True,17,1.1005,1,2026-08-27T14:59:18.673797,2026-08-27T14:59:19.774298
30,16,15,repl,1,True,22,1.6895,7,2026-08-27T14:59:18.723893,2026-08-27T14:59:20.413449
30,16,4,repl,1,True,9,3.1069,175,2026-08-27T14:59:17.410783,2026-08-27T14:59:20.517702
30,16,1,repl,1,True,9,3.3236,175,2026-08-27T14:59:17.260197,2026-08-27T14:59:20.583880
30,16,15,repl,1,True,1,0.4179,4,2026-08-27T14:59:20.417635,2026-08-27T14:59:20.835550
30,16,5,repl,1,True,8,1.9445,2,2026-08-27T14:59:19.030588,2026-08-27T14:59:20.975063
30,16,0,repl,1,True,8,2.0138,2,2026-08-27T14:59:19.074907,2026-08-27T14:59:21.088766
30,16,2,repl,1,True,7,2.2784,4,2026-08-27T14:59:18.827368,2026-08-27T14:59:21.105808
30,16,10,repl,1,True,13,12.8341,45,2026-08-27T14:59:08.390413,2026-08-27T14:59:21.225679
30,16,13,repl,1,True,16,4.2115,27840,2026-08-27T14:59:17.097975,2026-08-27T14:59:21.309461
30,16,15,repl,1,True,2,0.722,100,2026-08-27T14:59:20.835686,2026-08-27T14:59:21.557703
30,16,12,repl,1,True,13,24.3225,45,2026-08-27T14:58:57.260678,2026-08-27T14:59:21.583208
30,16,10,repl,1,True,14,0.6294,1,2026-08-27T14:59:21.231977,2026-08-27T14:59:21.861753
30,16,4,repl,1,True,10,1.3878,20,2026-08-27T14:59:20.517828,2026-08-27T14:59:21.905641
30,16,1,repl,1,True,10,1.327,20,2026-08-27T14:59:20.589620,2026-08-27T14:59:21.916695
30,16,4,repl,1,True,11,0.2696,0,2026-08-27T14:59:21.905900,2026-08-27T14:59:22.175530
30,16,10,repl,1,True,15,0.3288,1,2026-08-27T14:59:21.861854,2026-08-27T14:59:22.190733
30,16,1,repl,1,True,11,0.2981,0,2026-08-27T14:59:21.916811,2026-08-27T14:59:22.214902
30,16,2,repl,1,True,8,1.2198,2,2026-08-27T14:59:21.115433,2026-08-27T14:59:22.335302
30,16,11,repl,1,True,13,13.8411,45,2026-08-27T14:59:08.539003,2026-08-27T14:59:22.380092
30,16,12,repl,1,True,14,0.9913,1,2026-08-27T14:59:21.583336,2026-08-27T14:59:22.574635
30,16,15,repl,1,True,3,1.035,10,2026-08-27T14:59:21.557832,2026-08-27T14:59:22.592810
30,16,7,repl,1,True,10,4.0533,20,2026-08-27T14:59:18.720641,2026-08-27T14:59:22.773921
30,16,4,repl,1,True,12,0.6579,2,2026-08-27T14:59:22.175656,2026-08-27T14:59:22.833576
30,16,8,repl,1,True,10,4.7946,20,2026-08-27T14:59:18.045640,2026-08-27T14:59:22.840312
30,16,12,repl,1,True,15,0.3472,1,2026-08-27T14:59:22.574759,2026-08-27T14:59:22.921990
30,16,13,repl,1,True,17,1.7383,1,2026-08-27T14:59:21.317787,2026-08-27T14:59:23.056154
30,16,11,repl,1,True,14,0.7962,1,2026-08-27T14:59:22.380215,2026-08-27T14:59:23.176482
30,16,7,repl,1,True,11,0.4529,0,2026-08-27T14:59:22.774034,2026-08-27T14:59:23.226961
30,16,1,repl,1,True,12,1.1644,2,2026-08-27T14:59:22.215026,2026-08-27T14:59:23.379469
30,16,10,repl,1,True,16,1.5261,27840,2026-08-27T14:59:22.197586,2026-08-27T14:59:23.723824
30,16,11,repl,1,True,15,0.8237,1,2026-08-27T14:59:23.176610,2026-08-27T14:59:24.000348
30,16,7,repl,1,True,12,0.7933,2,2026-08-27T14:59:23.227099,2026-08-27T14:59:24.020403
30,16,5,repl,1,True,9,3.149,175,2026-08-27T14:59:20.975157,2026-08-27T14:59:24.124186
30,16,4,repl,1,True,13,1.4822,45,2026-08-27T14:59:22.833697,2026-08-27T14:59:24.315894
30,16,10,repl,1,True,17,0.9356,1,2026-08-27T14:59:23.723925,2026-08-27T14:59:24.659591
30,16,15,repl,1,True,4,2.1262,5,2026-08-27T14:59:22.592902,2026-08-27T14:59:24.719089
30,16,4,repl,1,True,14,0.4333,1,2026-08-27T14:59:24.315977,2026-08-27T14:59:24.749327
30,16,12,repl,1,True,16,2.0329,27840,2026-08-27T14:59:22.922137,2026-08-27T14:59:24.965546
30,16,0,repl,1,True,9,3.9257,175,2026-08-27T14:59:21.093667,2026-08-27T14:59:25.019453
30,16,1,repl,1,True,13,1.6777,45,2026-08-27T14:59:23.379597,2026-08-27T14:59:25.057304
30,16,7,repl,1,True,13,1.1469,45,2026-08-27T14:59:24.020525,2026-08-27T14:59:25.167493
30,16,12,repl,1,True,17,0.4344,1,2026-08-27T14:59:24.965655,2026-08-27T14:59:25.400039
30,16,8,repl,1,True,11,2.5744,0,2026-08-27T14:59:22.840418,2026-08-27T14:59:25.414889
30,16,7,repl,1,True,14,0.6618,1,2026-08-27T14:59:25.167862,2026-08-27T14:59:25.829708
30,16,15,repl,1,True,5,1.3277,5,2026-08-27T14:59:24.719209,2026-08-27T14:59:26.046920
30,16,15,repl,1,True,6,0.0775,1,2026-08-27T14:59:26.047050,2026-08-27T14:59:26.124608
30,16,1,repl,1,True,14,1.123,1,2026-08-27T14:59:25.057432,2026-08-27T14:59:26.180458
30,16,7,repl,1,True,15,0.4736,1,2026-08-27T14:59:25.833581,2026-08-27T14:59:26.307200
30,16,1,repl,1,True,15,0.2716,1,2026-08-27T14:59:26.189593,2026-08-27T14:59:26.461254
30,16,5,repl,1,True,10,2.4747,20,2026-08-27T14:59:24.124274,2026-08-27T14:59:26.598992
30,16,12,repl,1,True,18,1.4135,100,2026-08-27T14:59:25.400134,2026-08-27T14:59:26.813690
30,16,8,repl,1,True,12,1.478,2,2026-08-27T14:59:25.414996,2026-08-27T14:59:26.893009
30,16,0,repl,1,True,10,1.9378,20,2026-08-27T14:59:25.019589,2026-08-27T14:59:26.957442
30,16,5,repl,1,True,11,0.3584,0,2026-08-27T14:59:26.599158,2026-08-27T14:59:26.957596
30,16,11,repl,1,True,16,3.0927,27840,2026-08-27T14:59:24.000441,2026-08-27T14:59:27.093368
30,16,15,repl,1,True,7,1.1075,4,2026-08-27T14:59:26.124708,2026-08-27T14:59:27.241596
30,16,10,repl,1,True,18,2.5989,100,2026-08-27T14:59:24.659706,2026-08-27T14:59:27.258640
30,16,7,repl,1,True,16,0.9793,27840,2026-08-27T14:59:26.307312,2026-08-27T14:59:27.286677
30,16,12,repl,1,True,19,0.5382,1,2026-08-27T14:59:26.813813,2026-08-27T14:59:27.352058
30,16,0,repl,1,True,11,0.7319,0,2026-08-27T14:59:26.978297,2026-08-27T14:59:27.710904
30,16,7,repl,1,True,17,0.4842,1,2026-08-27T14:59:27.286806,2026-08-27T14:59:27.771066
30,16,5,repl,1,True,12,1.0492,2,2026-08-27T14:59:26.998211,2026-08-27T14:59:28.061532
30,16,1,repl,1,True,16,1.6375,27840,2026-08-27T14:59:26.461566,2026-08-27T14:59:28.105570
30,16,15,repl,1,True,8,1.101,2,2026-08-27T14:59:27.241724,2026-08-27T14:59:28.342738
30,16,2,repl,1,True,9,6.1131,175,2026-08-27T14:59:22.335442,2026-08-27T14:59:28.448592
30,16,12,repl,1,True,20,1.1748,5404,2026-08-27T14:59:27.352182,2026-08-27T14:59:28.527171
30,16,11,repl,1,True,17,1.824,1,2026-08-27T14:59:27.093505,2026-08-27T14:59:28.917572
30,16,1,repl,1,True,17,0.89,1,2026-08-27T14:59:28.105703,2026-08-27T14:59:28.995738
30,16,7,repl,1,True,18,1.5929,100,2026-08-27T14:59:27.771172,2026-08-27T14:59:29.364061
30,16,6,repl,1,True,9,9.8931,175,2026-08-27T14:59:19.547408,2026-08-27T14:59:29.440503
30,16,0,repl,1,True,12,1.8283,2,2026-08-27T14:59:27.711032,2026-08-27T14:59:29.539391
30,16,10,repl,1,True,19,2.6669,1,2026-08-27T14:59:27.258775,2026-08-27T14:59:29.925663
30,16,7,repl,1,True,19,0.5727,1,2026-08-27T14:59:29.364188,2026-08-27T14:59:29.936885
30,16,9,repl,1,True,13,11.4324,45,2026-08-27T14:59:18.768599,2026-08-27T14:59:30.201056
30,16,12,repl,1,True,21,1.678,100,2026-08-27T14:59:28.527298,2026-08-27T14:59:30.205315
30,16,10,repl,1,True,20,0.9312,5404,2026-08-27T14:59:29.925800,2026-08-27T14:59:30.857070
30,16,9,repl,1,True,14,0.6937,1,2026-08-27T14:59:30.201198,2026-08-27T14:59:30.894982
30,16,2,repl,1,True,10,2.4818,20,2026-08-27T14:59:28.448683,2026-08-27T14:59:30.930527
30,16,1,repl,1,True,18,2.0217,100,2026-08-27T14:59:28.996053,2026-08-27T14:59:31.017735
30,16,15,repl,1,True,9,2.7504,175,2026-08-27T14:59:28.342839,2026-08-27T14:59:31.093253
30,16,9,repl,1,True,15,0.2816,1,2026-08-27T14:59:30.897639,2026-08-27T14:59:31.179294
30,16,0,repl,1,True,13,1.6942,45,2026-08-27T14:59:29.539514,2026-08-27T14:59:31.233741
30,16,11,repl,1,True,18,2.3413,100,2026-08-27T14:59:28.917670,2026-08-27T14:59:31.259033
30,16,1,repl,1,True,19,0.4647,1,2026-08-27T14:59:31.017859,2026-08-27T14:59:31.482567
30,16,2,repl,1,True,11,0.5618,0,2026-08-27T14:59:30.930742,2026-08-27T14:59:31.492556
30,16,7,repl,1,True,20,1.6267,5404,2026-08-27T14:59:29.937008,2026-08-27T14:59:31.563711
30,16,0,repl,1,True,14,0.7162,1,2026-08-27T14:59:31.233828,2026-08-27T14:59:31.950092
30,16,11,repl,1,True,19,0.907,1,2026-08-27T14:59:31.259129,2026-08-27T14:59:32.166186
30,16,13,repl,1,True,18,9.1193,100,2026-08-27T14:59:23.056300,2026-08-27T14:59:32.175612
30,16,10,repl,1,True,21,1.3469,100,2026-08-27T14:59:30.865753,2026-08-27T14:59:32.212661
30,16,15,repl,1,True,10,1.3522,20,2026-08-27T14:59:31.098695,2026-08-27T14:59:32.480402
30,16,1,repl,1,True,20,1.0266,5404,2026-08-27T14:59:31.482691,2026-08-27T14:59:32.509328
30,16,0,repl,1,True,15,0.5737,1,2026-08-27T14:59:31.950207,2026-08-27T14:59:32.523954
30,16,2,repl,1,True,12,1.0558,2,2026-08-27T14:59:31.492688,2026-08-27T14:59:32.548495
30,16,6,repl,1,True,10,3.108,20,2026-08-27T14:59:29.440630,2026-08-27T14:59:32.548670
30,16,9,repl,1,True,16,1.3812,27840,2026-08-27T14:59:31.179411,2026-08-27T14:59:32.560644
30,16,4,repl,1,True,15,7.8671,1,2026-08-27T14:59:24.749425,2026-08-27T14:59:32.616567
30,16,15,repl,1,True,11,0.4845,0,2026-08-27T14:59:32.480589,2026-08-27T14:59:32.965088
30,16,10,repl,1,True,22,0.8131,7,2026-08-27T14:59:32.212784,2026-08-27T14:59:33.025926
30,16,3,repl,1,True,9,14.0674,175,2026-08-27T14:59:19.133419,2026-08-27T14:59:33.200889
30,16,10,repl,1,True,1,0.3159,4,2026-08-27T14:59:33.026046,2026-08-27T14:59:33.341991
30,16,6,repl,1,True,11,1.1108,0,2026-08-27T14:59:32.552193,2026-08-27T14:59:33.663942
30,16,11,repl,1,True,20,1.5058,5404,2026-08-27T14:59:32.166306,2026-08-27T14:59:33.672142
30,16,15,repl,1,True,12,0.7099,2,2026-08-27T14:59:32.965213,2026-08-27T14:59:33.675149
30,16,13,repl,1,True,19,1.6475,1,2026-08-27T14:59:32.175744,2026-08-27T14:59:33.823289
30,16,0,repl,1,True,16,1.3178,27840,2026-08-27T14:59:32.524108,2026-08-27T14:59:33.845634
30,16,2,repl,1,True,13,1.3124,45,2026-08-27T14:59:32.548782,2026-08-27T14:59:33.861188
30,16,10,repl,1,True,2,0.5331,100,2026-08-27T14:59:33.342105,2026-08-27T14:59:33.875265
30,16,12,repl,1,True,22,3.8556,7,2026-08-27T14:59:30.205447,2026-08-27T14:59:34.061083
30,16,1,repl,1,True,21,1.7015,100,2026-08-27T14:59:32.509463,2026-08-27T14:59:34.210945
30,16,7,repl,1,True,21,2.8644,100,2026-08-27T14:59:31.563865,2026-08-27T14:59:34.428278
30,16,9,repl,1,True,17,1.9957,1,2026-08-27T14:59:32.565567,2026-08-27T14:59:34.561354
30,16,0,repl,1,True,17,0.7486,1,2026-08-27T14:59:33.845778,2026-08-27T14:59:34.594419
30,16,6,repl,1,True,12,0.9654,2,2026-08-27T14:59:33.664041,2026-08-27T14:59:34.633531
30,16,2,repl,1,True,14,0.7831,1,2026-08-27T14:59:33.865544,2026-08-27T14:59:34.648624
30,16,12,repl,1,True,1,0.6122,4,2026-08-27T14:59:34.061210,2026-08-27T14:59:34.673397
30,16,13,repl,1,True,20,1.3511,5404,2026-08-27T14:59:33.823391,2026-08-27T14:59:35.174542
30,16,5,repl,1,True,13,7.3102,45,2026-08-27T14:59:28.065631,2026-08-27T14:59:35.375856
30,16,1,repl,1,True,22,1.3227,7,2026-08-27T14:59:34.211038,2026-08-27T14:59:35.533746
30,16,15,repl,1,True,13,1.8566,45,2026-08-27T14:59:33.685692,2026-08-27T14:59:35.542331
30,16,12,repl,1,True,2,0.9186,100,2026-08-27T14:59:34.673486,2026-08-27T14:59:35.596140
30,16,5,repl,1,True,14,0.3819,1,2026-08-27T14:59:35.375988,2026-08-27T14:59:35.757887
30,16,1,repl,1,True,1,0.2823,4,2026-08-27T14:59:35.533868,2026-08-27T14:59:35.816177
30,16,2,repl,1,True,15,1.2133,1,2026-08-27T14:59:34.648719,2026-08-27T14:59:35.862018
30,16,6,repl,1,True,13,1.2963,45,2026-08-27T14:59:34.633631,2026-08-27T14:59:35.929988
30,16,11,repl,1,True,21,2.2832,100,2026-08-27T14:59:33.677585,2026-08-27T14:59:35.960860
30,16,5,repl,1,True,15,0.2787,1,2026-08-27T14:59:35.761599,2026-08-27T14:59:36.040363
30,16,7,repl,1,True,22,1.6557,7,2026-08-27T14:59:34.428405,2026-08-27T14:59:36.084123
30,16,15,repl,1,True,14,0.6565,1,2026-08-27T14:59:35.542449,2026-08-27T14:59:36.198945
30,16,7,repl,1,True,1,0.2675,4,2026-08-27T14:59:36.084251,2026-08-27T14:59:36.351748
30,16,6,repl,1,True,14,0.5682,1,2026-08-27T14:59:35.930100,2026-08-27T14:59:36.498365
30,16,11,repl,1,True,22,0.6459,7,2026-08-27T14:59:35.960996,2026-08-27T14:59:36.606899
30,16,4,repl,1,True,16,4.1774,27840,2026-08-27T14:59:32.616695,2026-08-27T14:59:36.794151
30,16,2,repl,1,True,16,1.036,27840,2026-08-27T14:59:35.862110,2026-08-27T14:59:36.898122
30,16,11,repl,1,True,1,0.2878,4,2026-08-27T14:59:36.607031,2026-08-27T14:59:36.906811
30,16,6,repl,1,True,15,0.4236,1,2026-08-27T14:59:36.498475,2026-08-27T14:59:36.922074
30,16,5,repl,1,True,16,0.898,27840,2026-08-27T14:59:36.040652,2026-08-27T14:59:36.938939
30,16,8,repl,1,True,13,10.046,45,2026-08-27T14:59:26.893139,2026-08-27T14:59:36.939159
30,16,13,repl,1,True,21,1.7618,100,2026-08-27T14:59:35.180072,2026-08-27T14:59:36.941918
30,16,15,repl,1,True,15,0.7866,1,2026-08-27T14:59:36.199074,2026-08-27T14:59:36.985720
30,16,7,repl,1,True,2,0.7277,100,2026-08-27T14:59:36.351910,2026-08-27T14:59:37.079655
30,16,12,repl,1,True,3,1.5376,10,2026-08-27T14:59:35.596269,2026-08-27T14:59:37.133903
30,16,10,repl,1,True,3,3.3218,10,2026-08-27T14:59:33.875403,2026-08-27T14:59:37.197227
30,16,11,repl,1,True,2,0.3792,100,2026-08-27T14:59:36.906948,2026-08-27T14:59:37.286207
30,16,9,repl,1,True,18,2.7802,100,2026-08-27T14:59:34.565550,2026-08-27T14:59:37.345840
30,16,2,repl,1,True,17,0.4781,1,2026-08-27T14:59:36.898234,2026-08-27T14:59:37.376372
30,16,8,repl,1,True,14,0.4648,1,2026-08-27T14:59:36.949602,2026-08-27T14:59:37.414407
30,16,5,repl,1,True,17,0.48,1,2026-08-27T14:59:36.945582,2026-08-27T14:59:37.425627
30,16,4,repl,1,True,17,0.7557,1,2026-08-27T14:59:36.794273,2026-08-27T14:59:37.550038
30,16,9,repl,1,True,19,0.4245,1,2026-08-27T14:59:37.345963,2026-08-27T14:59:37.770538
30,16,8,repl,1,True,15,0.5219,1,2026-08-27T14:59:37.414521,2026-08-27T14:59:37.941882
30,16,6,repl,1,True,16,1.0723,27840,2026-08-27T14:59:36.922177,2026-08-27T14:59:37.996547
30,16,13,repl,1,True,22,1.2332,7,2026-08-27T14:59:36.953276,2026-08-27T14:59:38.186481
30,16,7,repl,1,True,3,1.3885,10,2026-08-27T14:59:37.079763,2026-08-27T14:59:38.468303
30,16,6,repl,1,True,17,0.5223,1,2026-08-27T14:59:37.996672,2026-08-27T14:59:38.519038
30,16,13,repl,1,True,1,0.3968,4,2026-08-27T14:59:38.186567,2026-08-27T14:59:38.583370
30,16,9,repl,1,True,20,0.8524,5404,2026-08-27T14:59:37.770666,2026-08-27T14:59:38.623100
30,16,11,repl,1,True,3,1.3824,10,2026-08-27T14:59:37.286298,2026-08-27T14:59:38.668730
30,16,12,repl,1,True,4,1.663,5,2026-08-27T14:59:37.134027,2026-08-27T14:59:38.797085
30,16,5,repl,1,True,18,1.5638,100,2026-08-27T14:59:37.425717,2026-08-27T14:59:38.989584
30,16,13,repl,1,True,2,0.498,100,2026-08-27T14:59:38.583515,2026-08-27T14:59:39.081555
30,16,8,repl,1,True,16,1.4248,27840,2026-08-27T14:59:37.956835,2026-08-27T14:59:39.382241
30,16,5,repl,1,True,19,0.4728,1,2026-08-27T14:59:38.989717,2026-08-27T14:59:39.462541
30,16,14,repl,1,True,18,19.7521,100,2026-08-27T14:59:19.774415,2026-08-27T14:59:39.526548
30,16,11,repl,1,True,4,0.871,5,2026-08-27T14:59:38.668831,2026-08-27T14:59:39.539898
30,16,13,repl,1,True,3,0.684,10,2026-08-27T14:59:39.081718,2026-08-27T14:59:39.765732
30,16,8,repl,1,True,17,0.416,1,2026-08-27T14:59:39.382352,2026-08-27T14:59:39.798387
30,16,6,repl,1,True,18,1.4158,100,2026-08-27T14:59:38.519142,2026-08-27T14:59:39.935020
30,16,10,repl,1,True,4,2.7659,5,2026-08-27T14:59:37.197307,2026-08-27T14:59:39.963232
30,16,6,repl,1,True,19,0.4145,1,2026-08-27T14:59:39.935168,2026-08-27T14:59:40.350770
30,16,13,repl,1,True,4,0.5848,5,2026-08-27T14:59:39.766113,2026-08-27T14:59:40.350935
30,16,5,repl,1,True,20,0.9062,5404,2026-08-27T14:59:39.462673,2026-08-27T14:59:40.368907
30,16,7,repl,1,True,4,1.9006,5,2026-08-27T14:59:38.468429,2026-08-27T14:59:40.369092
30,16,9,repl,1,True,21,1.8786,100,2026-08-27T14:59:38.623272,2026-08-27T14:59:40.501910
30,16,11,repl,1,True,5,1.0335,5,2026-08-27T14:59:39.539993,2026-08-27T14:59:40.577518
30,16,11,repl,1,True,6,0.1615,1,2026-08-27T14:59:40.577674,2026-08-27T14:59:40.739245
30,16,14,repl,1,True,19,1.2239,1,2026-08-27T14:59:39.526655,2026-08-27T14:59:40.750613
30,16,12,repl,1,True,5,2.0767,5,2026-08-27T14:59:38.797235,2026-08-27T14:59:40.873998
30,16,6,repl,1,True,20,0.6627,5404,2026-08-27T14:59:40.352586,2026-08-27T14:59:41.015301
30,16,8,repl,1,True,18,1.2956,100,2026-08-27T14:59:39.798521,2026-08-27T14:59:41.094143
30,16,4,repl,1,True,18,3.5635,100,2026-08-27T14:59:37.550134,2026-08-27T14:59:41.113673
30,16,13,repl,1,True,5,0.9557,5,2026-08-27T14:59:40.369259,2026-08-27T14:59:41.325044
30,16,12,repl,1,True,6,0.5646,1,2026-08-27T14:59:40.881573,2026-08-27T14:59:41.446231
30,16,13,repl,1,True,6,0.1369,1,2026-08-27T14:59:41.325161,2026-08-27T14:59:41.462094
30,16,7,repl,1,True,5,1.0871,5,2026-08-27T14:59:40.381606,2026-08-27T14:59:41.468729
30,16,11,repl,1,True,7,0.8637,4,2026-08-27T14:59:40.739329,2026-08-27T14:59:41.603053
30,16,8,repl,1,True,19,0.5241,1,2026-08-27T14:59:41.094285,2026-08-27T14:59:41.618383
30,16,9,repl,1,True,22,1.5043,7,2026-08-27T14:59:40.502094,2026-08-27T14:59:42.006475
30,16,7,repl,1,True,6,0.5609,1,2026-08-27T14:59:41.477567,2026-08-27T14:59:42.038546
30,16,5,repl,1,True,21,1.7611,100,2026-08-27T14:59:40.393614,2026-08-27T14:59:42.154728
30,16,12,repl,1,True,7,0.7419,4,2026-08-27T14:59:41.446333,2026-08-27T14:59:42.188253
30,16,9,repl,1,True,1,0.2986,4,2026-08-27T14:59:42.006589,2026-08-27T14:59:42.305179
30,16,8,repl,1,True,20,0.7568,5404,2026-08-27T14:59:41.618517,2026-08-27T14:59:42.375378
30,16,11,repl,1,True,8,0.784,2,2026-08-27T14:59:41.603169,2026-08-27T14:59:42.387230
30,16,14,repl,1,True,20,1.6492,5404,2026-08-27T14:59:40.750718,2026-08-27T14:59:42.399918
30,16,6,repl,1,True,21,1.4037,100,2026-08-27T14:59:41.015417,2026-08-27T14:59:42.419138
30,16,13,repl,1,True,7,0.9848,4,2026-08-27T14:59:41.462233,2026-08-27T14:59:42.447018
30,16,9,repl,1,True,2,0.6949,100,2026-08-27T14:59:42.305284,2026-08-27T14:59:43.000194
30,16,4,repl,1,True,19,1.9874,1,2026-08-27T14:59:41.113783,2026-08-27T14:59:43.101177
30,16,12,repl,1,True,8,0.9632,2,2026-08-27T14:59:42.188361,2026-08-27T14:59:43.151565
30,16,10,repl,1,True,5,3.2168,5,2026-08-27T14:59:39.963336,2026-08-27T14:59:43.180130
30,16,7,repl,1,True,7,1.27,4,2026-08-27T14:59:42.038654,2026-08-27T14:59:43.308705
30,16,8,repl,1,True,21,1.109,100,2026-08-27T14:59:42.375470,2026-08-27T14:59:43.484477
30,16,13,repl,1,True,8,1.1765,2,2026-08-27T14:59:42.447124,2026-08-27T14:59:43.623658
30,16,10,repl,1,True,6,0.465,1,2026-08-27T14:59:43.180231,2026-08-27T14:59:43.645283
30,16,14,repl,1,True,21,1.3369,100,2026-08-27T14:59:42.400005,2026-08-27T14:59:43.736888
30,16,5,repl,1,True,22,1.7037,7,2026-08-27T14:59:42.154840,2026-08-27T14:59:43.858599
30,16,9,repl,1,True,3,1.1074,10,2026-08-27T14:59:43.001617,2026-08-27T14:59:44.109039
30,16,8,repl,1,True,22,0.7415,7,2026-08-27T14:59:43.484597,2026-08-27T14:59:44.226136
30,16,5,repl,1,True,1,0.3749,4,2026-08-27T14:59:43.858719,2026-08-27T14:59:44.233614
30,16,3,repl,1,True,10,11.1292,20,2026-08-27T14:59:33.201026,2026-08-27T14:59:44.330269
30,16,6,repl,1,True,22,1.9242,7,2026-08-27T14:59:42.419248,2026-08-27T14:59:44.343482
30,16,8,repl,1,True,1,0.2558,4,2026-08-27T14:59:44.226226,2026-08-27T14:59:44.482072
30,16,14,repl,1,True,22,0.8294,7,2026-08-27T14:59:43.745619,2026-08-27T14:59:44.575047
30,16,4,repl,1,True,20,1.5127,5404,2026-08-27T14:59:43.101268,2026-08-27T14:59:44.614045
30,16,9,repl,1,True,4,0.5251,5,2026-08-27T14:59:44.109153,2026-08-27T14:59:44.634324
30,16,6,repl,1,True,1,0.2975,4,2026-08-27T14:59:44.343695,2026-08-27T14:59:44.641184
30,16,10,repl,1,True,7,1.0654,4,2026-08-27T14:59:43.653678,2026-08-27T14:59:44.719142
30,16,14,repl,1,True,1,0.2121,4,2026-08-27T14:59:44.575136,2026-08-27T14:59:44.787211
30,16,3,repl,1,True,11,0.534,0,2026-08-27T14:59:44.330390,2026-08-27T14:59:44.864378
30,16,5,repl,1,True,2,0.6368,100,2026-08-27T14:59:44.241579,2026-08-27T14:59:44.878403
30,16,8,repl,1,True,2,0.408,100,2026-08-27T14:59:44.482191,2026-08-27T14:59:44.890256
30,16,2,repl,1,True,18,7.5664,100,2026-08-27T14:59:37.376483,2026-08-27T14:59:44.942898
30,16,14,repl,1,True,2,0.4786,100,2026-08-27T14:59:44.787302,2026-08-27T14:59:45.265952
30,16,6,repl,1,True,2,0.7945,100,2026-08-27T14:59:44.641327,2026-08-27T14:59:45.435855
30,16,11,repl,1,True,9,3.1314,175,2026-08-27T14:59:42.392240,2026-08-27T14:59:45.523660
30,16,3,repl,1,True,12,0.7608,2,2026-08-27T14:59:44.864525,2026-08-27T14:59:45.625394
30,16,9,repl,1,True,5,1.1422,5,2026-08-27T14:59:44.634438,2026-08-27T14:59:45.776658
30,16,12,repl,1,True,9,2.9244,175,2026-08-27T14:59:43.161576,2026-08-27T14:59:46.086048
30,16,10,repl,1,True,8,1.4469,2,2026-08-27T14:59:44.719282,2026-08-27T14:59:46.166224
30,16,4,repl,1,True,21,1.6466,100,2026-08-27T14:59:44.615465,2026-08-27T14:59:46.262107
30,16,9,repl,1,True,6,0.8386,1,2026-08-27T14:59:45.776781,2026-08-27T14:59:46.615439
30,16,13,repl,1,True,9,3.0114,175,2026-08-27T14:59:43.623789,2026-08-27T14:59:46.635182
30,16,5,repl,1,True,3,1.8198,10,2026-08-27T14:59:44.880598,2026-08-27T14:59:46.700472
30,16,3,repl,1,True,13,1.0987,45,2026-08-27T14:59:45.629571,2026-08-27T14:59:46.728337
30,16,14,repl,1,True,3,1.5354,10,2026-08-27T14:59:45.266139,2026-08-27T14:59:46.801591
30,16,4,repl,1,True,22,0.6987,7,2026-08-27T14:59:46.262424,2026-08-27T14:59:46.961160
30,16,3,repl,1,True,14,0.4447,1,2026-08-27T14:59:46.728445,2026-08-27T14:59:47.173123
30,16,4,repl,1,True,1,0.3447,4,2026-08-27T14:59:46.961268,2026-08-27T14:59:47.305947
30,16,11,repl,1,True,10,1.9102,20,2026-08-27T14:59:45.523761,2026-08-27T14:59:47.433939
30,16,3,repl,1,True,15,0.2815,1,2026-08-27T14:59:47.173212,2026-08-27T14:59:47.454778
30,16,12,repl,1,True,10,1.4348,20,2026-08-27T14:59:46.100435,2026-08-27T14:59:47.535229
30,16,9,repl,1,True,7,1.0362,4,2026-08-27T14:59:46.615553,2026-08-27T14:59:47.651806
30,16,14,repl,1,True,4,0.8655,5,2026-08-27T14:59:46.801719,2026-08-27T14:59:47.667272
30,16,5,repl,1,True,4,0.9739,5,2026-08-27T14:59:46.700587,2026-08-27T14:59:47.674513
30,16,12,repl,1,True,11,0.1665,0,2026-08-27T14:59:47.535316,2026-08-27T14:59:47.701847
30,16,4,repl,1,True,2,0.4041,100,2026-08-27T14:59:47.306060,2026-08-27T14:59:47.710218
30,16,11,repl,1,True,11,0.2897,0,2026-08-27T14:59:47.434061,2026-08-27T14:59:47.723792
30,16,2,repl,1,True,19,2.9021,1,2026-08-27T14:59:44.943028,2026-08-27T14:59:47.845176
30,16,6,repl,1,True,3,2.5234,10,2026-08-27T14:59:45.435981,2026-08-27T14:59:47.959411
30,16,13,repl,1,True,10,1.7484,20,2026-08-27T14:59:46.635292,2026-08-27T14:59:48.383676
30,16,3,repl,1,True,16,0.9328,27840,2026-08-27T14:59:47.454902,2026-08-27T14:59:48.387763
30,16,5,repl,1,True,5,0.7559,5,2026-08-27T14:59:47.674606,2026-08-27T14:59:48.430504
30,16,12,repl,1,True,12,0.7289,2,2026-08-27T14:59:47.701971,2026-08-27T14:59:48.430856
30,16,14,repl,1,True,5,0.8538,5,2026-08-27T14:59:47.667403,2026-08-27T14:59:48.521251
30,16,9,repl,1,True,8,0.9495,2,2026-08-27T14:59:47.651948,2026-08-27T14:59:48.601505
30,16,4,repl,1,True,3,0.9114,10,2026-08-27T14:59:47.710367,2026-08-27T14:59:48.621756
30,16,14,repl,1,True,6,0.1447,1,2026-08-27T14:59:48.521362,2026-08-27T14:59:48.666095
30,16,13,repl,1,True,11,0.3057,0,2026-08-27T14:59:48.401561,2026-08-27T14:59:48.707341
30,16,3,repl,1,True,17,0.469,1,2026-08-27T14:59:48.412909,2026-08-27T14:59:48.881932
30,16,2,repl,1,True,20,1.2752,5404,2026-08-27T14:59:47.845266,2026-08-27T14:59:49.120483
30,16,4,repl,1,True,4,0.7203,5,2026-08-27T14:59:48.621858,2026-08-27T14:59:49.342154
30,16,6,repl,1,True,4,1.4367,5,2026-08-27T14:59:47.959527,2026-08-27T14:59:49.396208
30,16,13,repl,1,True,12,0.7656,2,2026-08-27T14:59:48.707482,2026-08-27T14:59:49.473120
30,16,14,repl,1,True,7,0.9029,4,2026-08-27T14:59:48.666227,2026-08-27T14:59:49.569157
30,16,8,repl,1,True,3,4.8344,10,2026-08-27T14:59:44.895098,2026-08-27T14:59:49.729539
30,16,3,repl,1,True,18,1.1087,100,2026-08-27T14:59:48.882207,2026-08-27T14:59:49.990924
30,16,6,repl,1,True,5,0.6996,5,2026-08-27T14:59:49.396299,2026-08-27T14:59:50.095892
30,16,6,repl,1,True,6,0.1877,1,2026-08-27T14:59:50.096008,2026-08-27T14:59:50.283710
30,16,3,repl,1,True,19,0.3438,1,2026-08-27T14:59:49.991055,2026-08-27T14:59:50.334887
30,16,14,repl,1,True,8,0.7714,2,2026-08-27T14:59:49.569272,2026-08-27T14:59:50.340688
30,16,8,repl,1,True,4,0.62,5,2026-08-27T14:59:49.729631,2026-08-27T14:59:50.349698
30,16,13,repl,1,True,13,0.8939,45,2026-08-27T14:59:49.473228,2026-08-27T14:59:50.367191
30,16,2,repl,1,True,21,1.508,100,2026-08-27T14:59:49.120610,2026-08-27T14:59:50.628685
30,16,0,repl,1,True,18,16.0436,100,2026-08-27T14:59:34.594540,2026-08-27T14:59:50.638129
30,16,10,repl,1,True,9,4.4785,175,2026-08-27T14:59:46.166344,2026-08-27T14:59:50.644842
30,16,3,repl,1,True,20,0.5905,5404,2026-08-27T14:59:50.335002,2026-08-27T14:59:50.925577
30,16,8,repl,1,True,5,0.6208,5,2026-08-27T14:59:50.349818,2026-08-27T14:59:50.970630
30,16,0,repl,1,True,19,0.4059,1,2026-08-27T14:59:50.638215,2026-08-27T14:59:51.044176
30,16,8,repl,1,True,6,0.1078,1,2026-08-27T14:59:50.970745,2026-08-27T14:59:51.078596
30,16,2,repl,1,True,22,0.6513,7,2026-08-27T14:59:50.628797,2026-08-27T14:59:51.280084
30,16,2,repl,1,True,1,0.3171,4,2026-08-27T14:59:51.280167,2026-08-27T14:59:51.597275
30,16,8,repl,1,True,7,0.5945,4,2026-08-27T14:59:51.078678,2026-08-27T14:59:51.673202
30,16,10,repl,1,True,10,1.1699,20,2026-08-27T14:59:50.644900,2026-08-27T14:59:51.814844
30,16,0,repl,1,True,20,0.8236,5404,2026-08-27T14:59:51.044255,2026-08-27T14:59:51.867882
30,16,2,repl,1,True,2,0.2779,100,2026-08-27T14:59:51.597361,2026-08-27T14:59:51.875293
30,16,3,repl,1,True,21,0.9649,100,2026-08-27T14:59:50.925721,2026-08-27T14:59:51.890646
30,16,9,repl,1,True,9,3.7225,175,2026-08-27T14:59:48.601613,2026-08-27T14:59:52.324180
30,16,8,repl,1,True,8,0.6964,2,2026-08-27T14:59:51.673306,2026-08-27T14:59:52.369739
30,16,3,repl,1,True,22,0.6489,7,2026-08-27T14:59:51.890726,2026-08-27T14:59:52.539686
30,16,0,repl,1,True,21,0.9154,100,2026-08-27T14:59:51.867969,2026-08-27T14:59:52.783436
30,16,3,repl,1,True,1,0.2472,4,2026-08-27T14:59:52.539801,2026-08-27T14:59:52.787049
30,16,14,repl,1,True,9,2.53,175,2026-08-27T14:59:50.340832,2026-08-27T14:59:52.870830
30,16,3,repl,1,True,2,0.1311,100,2026-08-27T14:59:52.787126,2026-08-27T14:59:52.918254
30,16,0,repl,1,True,22,0.2534,7,2026-08-27T14:59:52.783541,2026-08-27T14:59:53.037005
30,16,3,repl,1,True,3,0.3761,10,2026-08-27T14:59:52.918368,2026-08-27T14:59:53.294507
30,16,14,repl,1,True,10,0.4966,20,2026-08-27T14:59:52.870913,2026-08-27T14:59:53.367567
30,16,14,repl,1,True,11,0.0541,0,2026-08-27T14:59:53.367650,2026-08-27T14:59:53.421815
30,16,14,repl,1,True,12,0.2035,2,2026-08-27T14:59:53.421894,2026-08-27T14:59:53.625365
30,16,14,repl,1,True,13,0.3806,45,2026-08-27T14:59:53.625425,2026-08-27T14:59:54.006011
30,16,14,repl,1,True,14,0.1431,1,2026-08-27T14:59:54.006067,2026-08-27T14:59:54.149225
30,16,0,repl,2,False,1,0.1429,4,2026-08-27T14:59:54.152976,2026-08-27T14:59:54.295867
30,16,5,repl,2,False,6,0.1527,1,2026-08-27T14:59:54.189529,2026-08-27T14:59:54.342272
30,16,1,repl,2,False,2,0.4854,100,2026-08-27T14:59:54.156242,2026-08-27T14:59:54.641693
30,16,3,repl,2,False,4,0.648,5,2026-08-27T14:59:54.171239,2026-08-27T14:59:54.819270
30,16,2,repl,2,False,3,0.9715,10,2026-08-27T14:59:54.167107,2026-08-27T14:59:55.138602
30,16,4,repl,2,False,5,0.9792,5,2026-08-27T14:59:54.179527,2026-08-27T14:59:55.158769
30,16,4,repl,2,False,6,0.1991,1,2026-08-27T14:59:55.158866,2026-08-27T14:59:55.358036
30,16,5,repl,2,False,7,1.0803,4,2026-08-27T14:59:54.342357,2026-08-27T14:59:55.422677
30,16,1,repl,2,False,3,0.8038,10,2026-08-27T14:59:54.641802,2026-08-27T14:59:55.445619
30,16,10,repl,2,False,11,1.2079,0,2026-08-27T14:59:54.258777,2026-08-27T14:59:55.466741
30,16,6,repl,2,False,7,1.3103,4,2026-08-27T14:59:54.197716,2026-08-27T14:59:55.508068
30,16,2,repl,2,False,4,0.3852,5,2026-08-27T14:59:55.138689,2026-08-27T14:59:55.523903
30,16,0,repl,2,False,2,1.4283,100,2026-08-27T14:59:54.295974,2026-08-27T14:59:55.724270
30,16,3,repl,2,False,5,0.9379,5,2026-08-27T14:59:54.819391,2026-08-27T14:59:55.757355
30,16,3,repl,2,False,6,0.0564,1,2026-08-27T14:59:55.761575,2026-08-27T14:59:55.818041
30,16,7,repl,2,False,8,1.6903,2,2026-08-27T14:59:54.221704,2026-08-27T14:59:55.912005
30,16,4,repl,2,False,7,0.7481,4,2026-08-27T14:59:55.358156,2026-08-27T14:59:56.106282
30,16,11,repl,2,False,12,1.9233,2,2026-08-27T14:59:54.266522,2026-08-27T14:59:56.189871
30,16,1,repl,2,False,4,0.8015,5,2026-08-27T14:59:55.445740,2026-08-27T14:59:56.247285
30,16,10,repl,2,False,12,0.795,2,2026-08-27T14:59:55.466852,2026-08-27T14:59:56.261829
30,16,3,repl,2,False,7,0.6433,4,2026-08-27T14:59:55.818321,2026-08-27T14:59:56.461673
30,16,14,repl,2,False,15,2.1885,1,2026-08-27T14:59:54.305916,2026-08-27T14:59:56.494450
30,16,5,repl,2,False,8,1.1456,2,2026-08-27T14:59:55.422788,2026-08-27T14:59:56.568410
30,16,6,repl,2,False,8,1.2237,2,2026-08-27T14:59:55.508180,2026-08-27T14:59:56.731895
30,16,4,repl,2,False,8,0.9822,2,2026-08-27T14:59:56.106396,2026-08-27T14:59:57.088658
30,16,10,repl,2,False,13,1.0785,45,2026-08-27T14:59:56.261926,2026-08-27T14:59:57.340410
30,16,3,repl,2,False,8,0.9558,2,2026-08-27T14:59:56.461795,2026-08-27T14:59:57.417644
30,16,2,repl,2,False,5,1.9543,5,2026-08-27T14:59:55.527411,2026-08-27T14:59:57.481764
30,16,1,repl,2,False,5,1.2488,5,2026-08-27T14:59:56.247607,2026-08-27T14:59:57.496434
30,16,9,repl,2,False,10,3.2813,20,2026-08-27T14:59:54.249629,2026-08-27T14:59:57.531005
30,16,1,repl,2,False,6,0.0688,1,2026-08-27T14:59:57.496623,2026-08-27T14:59:57.569513
30,16,10,repl,2,False,14,0.3344,1,2026-08-27T14:59:57.340534,2026-08-27T14:59:57.674986
30,16,2,repl,2,False,6,0.2045,1,2026-08-27T14:59:57.481899,2026-08-27T14:59:57.686412
30,16,9,repl,2,False,11,0.34,0,2026-08-27T14:59:57.531094,2026-08-27T14:59:57.871133
30,16,10,repl,2,False,15,0.2626,1,2026-08-27T14:59:57.675087,2026-08-27T14:59:57.937706
30,16,13,repl,2,False,14,3.7469,1,2026-08-27T14:59:54.291089,2026-08-27T14:59:58.038048
30,16,1,repl,2,False,7,0.9338,4,2026-08-27T14:59:57.569675,2026-08-27T14:59:58.503465
30,16,8,repl,2,False,9,4.3918,175,2026-08-27T14:59:54.233738,2026-08-27T14:59:58.625619
30,16,9,repl,2,False,12,0.9412,2,2026-08-27T14:59:57.871231,2026-08-27T14:59:58.812415
30,16,2,repl,2,False,7,1.1638,4,2026-08-27T14:59:57.686535,2026-08-27T14:59:58.850329
30,16,3,repl,2,False,9,2.152,175,2026-08-27T14:59:57.421629,2026-08-27T14:59:59.573923
30,16,5,repl,2,False,9,2.9914,175,2026-08-27T14:59:56.568530,2026-08-27T14:59:59.584284
30,16,10,repl,2,False,16,1.6676,27840,2026-08-27T14:59:57.937806,2026-08-27T14:59:59.605450
30,16,4,repl,2,False,9,2.5209,175,2026-08-27T14:59:57.088823,2026-08-27T14:59:59.609727
30,16,13,repl,2,False,15,1.7732,1,2026-08-27T14:59:58.038151,2026-08-27T14:59:59.811340
30,16,6,repl,2,False,9,3.2773,175,2026-08-27T14:59:56.732012,2026-08-27T15:00:00.009373
30,16,7,repl,2,False,9,4.1494,175,2026-08-27T14:59:55.912187,2026-08-27T15:00:00.061635
30,16,10,repl,2,False,17,0.5135,1,2026-08-27T14:59:59.609963,2026-08-27T15:00:00.125322
30,16,12,repl,2,False,13,5.8746,45,2026-08-27T14:59:54.285553,2026-08-27T15:00:00.161049
30,16,15,repl,2,False,16,5.9346,27840,2026-08-27T14:59:54.313129,2026-08-27T15:00:00.254998
30,16,1,repl,2,False,8,1.8971,2,2026-08-27T14:59:58.503553,2026-08-27T15:00:00.400710
30,16,12,repl,2,False,14,0.5232,1,2026-08-27T15:00:00.169524,2026-08-27T15:00:00.693013
30,16,3,repl,2,False,10,1.3979,20,2026-08-27T14:59:59.574046,2026-08-27T15:00:00.971982
30,16,12,repl,2,False,15,0.3236,1,2026-08-27T15:00:00.693103,2026-08-27T15:00:01.016681
30,16,3,repl,2,False,11,0.1709,0,2026-08-27T15:00:00.972104,2026-08-27T15:00:01.143006
30,16,5,repl,2,False,10,1.5959,20,2026-08-27T14:59:59.589711,2026-08-27T15:00:01.185674
30,16,4,repl,2,False,10,1.574,20,2026-08-27T14:59:59.645565,2026-08-27T15:00:01.219651
30,16,5,repl,2,False,11,0.2537,0,2026-08-27T15:00:01.186004,2026-08-27T15:00:01.439701
30,16,4,repl,2,False,11,0.2468,0,2026-08-27T15:00:01.219767,2026-08-27T15:00:01.466590
30,16,8,repl,2,False,10,2.9341,20,2026-08-27T14:59:58.625727,2026-08-27T15:00:01.559852
30,16,10,repl,2,False,18,1.5141,100,2026-08-27T15:00:00.125452,2026-08-27T15:00:01.639549
30,16,12,repl,2,False,16,0.7662,27840,2026-08-27T15:00:01.016769,2026-08-27T15:00:01.783028
30,16,8,repl,2,False,11,0.4705,0,2026-08-27T15:00:01.559943,2026-08-27T15:00:02.030460
30,16,3,repl,2,False,12,0.9372,2,2026-08-27T15:00:01.143135,2026-08-27T15:00:02.080376
30,16,11,repl,2,False,13,5.9249,45,2026-08-27T14:59:56.189986,2026-08-27T15:00:02.114915
30,16,2,repl,2,False,8,3.3261,2,2026-08-27T14:59:58.850447,2026-08-27T15:00:02.176556
30,16,10,repl,2,False,19,0.5805,1,2026-08-27T15:00:01.639656,2026-08-27T15:00:02.220142
30,16,5,repl,2,False,12,0.8793,2,2026-08-27T15:00:01.439829,2026-08-27T15:00:02.319127
30,16,12,repl,2,False,17,0.6294,1,2026-08-27T15:00:01.783154,2026-08-27T15:00:02.412632
30,16,6,repl,2,False,10,2.9018,20,2026-08-27T15:00:00.018372,2026-08-27T15:00:02.920260
30,16,7,repl,2,False,10,2.8883,20,2026-08-27T15:00:00.061767,2026-08-27T15:00:02.950118
30,16,4,repl,2,False,12,1.5191,2,2026-08-27T15:00:01.466721,2026-08-27T15:00:02.985869
30,16,3,repl,2,False,13,1.0811,45,2026-08-27T15:00:02.080500,2026-08-27T15:00:03.161638
30,16,6,repl,2,False,11,0.4383,0,2026-08-27T15:00:02.920368,2026-08-27T15:00:03.358735
30,16,3,repl,2,False,14,0.4401,1,2026-08-27T15:00:03.161796,2026-08-27T15:00:03.601897
30,16,7,repl,2,False,11,0.7091,0,2026-08-27T15:00:02.950239,2026-08-27T15:00:03.659383
30,16,12,repl,2,False,18,1.2609,100,2026-08-27T15:00:02.412751,2026-08-27T15:00:03.673648
30,16,5,repl,2,False,13,1.3745,45,2026-08-27T15:00:02.319216,2026-08-27T15:00:03.693713
30,16,1,repl,2,False,9,3.3502,175,2026-08-27T15:00:00.400832,2026-08-27T15:00:03.751074
30,16,3,repl,2,False,15,0.244,1,2026-08-27T15:00:03.602019,2026-08-27T15:00:03.846053
30,16,8,repl,2,False,12,1.8811,2,2026-08-27T15:00:02.030549,2026-08-27T15:00:03.911690
30,16,5,repl,2,False,14,0.2789,1,2026-08-27T15:00:03.693832,2026-08-27T15:00:03.972797
30,16,12,repl,2,False,19,0.3736,1,2026-08-27T15:00:03.673739,2026-08-27T15:00:04.047385
30,16,9,repl,2,False,13,5.2418,45,2026-08-27T14:59:58.812534,2026-08-27T15:00:04.054390
30,16,4,repl,2,False,13,1.0818,45,2026-08-27T15:00:02.985999,2026-08-27T15:00:04.067871
30,16,5,repl,2,False,15,0.2461,1,2026-08-27T15:00:03.972912,2026-08-27T15:00:04.219044
30,16,6,repl,2,False,12,0.9181,2,2026-08-27T15:00:03.358857,2026-08-27T15:00:04.277034
30,16,7,repl,2,False,12,0.6483,2,2026-08-27T15:00:03.659503,2026-08-27T15:00:04.307871
30,16,4,repl,2,False,14,0.9378,1,2026-08-27T15:00:04.067982,2026-08-27T15:00:05.020403
30,16,3,repl,2,False,16,1.2111,27840,2026-08-27T15:00:03.846167,2026-08-27T15:00:05.061629
30,16,2,repl,2,False,9,2.889,175,2026-08-27T15:00:02.176678,2026-08-27T15:00:05.065677
30,16,1,repl,2,False,10,1.5856,20,2026-08-27T15:00:03.751179,2026-08-27T15:00:05.336848
30,16,4,repl,2,False,15,0.338,1,2026-08-27T15:00:05.020602,2026-08-27T15:00:05.358609
30,16,1,repl,2,False,11,0.2231,0,2026-08-27T15:00:05.336981,2026-08-27T15:00:05.560130
30,16,7,repl,2,False,13,1.3273,45,2026-08-27T15:00:04.313583,2026-08-27T15:00:05.642575
30,16,5,repl,2,False,16,1.5234,27840,2026-08-27T15:00:04.219160,2026-08-27T15:00:05.742620
30,16,3,repl,2,False,17,0.7168,1,2026-08-27T15:00:05.061739,2026-08-27T15:00:05.779690
30,16,12,repl,2,False,20,1.7475,5404,2026-08-27T15:00:04.047506,2026-08-27T15:00:05.795071
30,16,11,repl,2,False,14,3.7958,1,2026-08-27T15:00:02.115025,2026-08-27T15:00:05.910812
30,16,10,repl,2,False,20,3.8843,5404,2026-08-27T15:00:02.220254,2026-08-27T15:00:06.104563
30,16,7,repl,2,False,14,0.6246,1,2026-08-27T15:00:05.642700,2026-08-27T15:00:06.267363
30,16,5,repl,2,False,17,0.5461,1,2026-08-27T15:00:05.745654,2026-08-27T15:00:06.291799
30,16,2,repl,2,False,10,1.2353,20,2026-08-27T15:00:05.065779,2026-08-27T15:00:06.301150
30,16,1,repl,2,False,12,0.8084,2,2026-08-27T15:00:05.562042,2026-08-27T15:00:06.370498
30,16,2,repl,2,False,11,0.3296,0,2026-08-27T15:00:06.301241,2026-08-27T15:00:06.637699
30,16,14,repl,2,False,16,10.2306,27840,2026-08-27T14:59:56.494572,2026-08-27T15:00:06.729557
30,16,7,repl,2,False,15,0.4673,1,2026-08-27T15:00:06.267458,2026-08-27T15:00:06.734747
30,16,4,repl,2,False,16,1.7033,27840,2026-08-27T15:00:05.358699,2026-08-27T15:00:07.062133
30,16,6,repl,2,False,13,2.8044,45,2026-08-27T15:00:04.277147,2026-08-27T15:00:07.081573
30,16,14,repl,2,False,17,0.5107,1,2026-08-27T15:00:06.729683,2026-08-27T15:00:07.240423
30,16,8,repl,2,False,13,3.3843,45,2026-08-27T15:00:03.911806,2026-08-27T15:00:07.296127
30,16,4,repl,2,False,17,0.4635,1,2026-08-27T15:00:07.070584,2026-08-27T15:00:07.534085
30,16,1,repl,2,False,13,1.1885,45,2026-08-27T15:00:06.370604,2026-08-27T15:00:07.559155
30,16,2,repl,2,False,12,0.9294,2,2026-08-27T15:00:06.637829,2026-08-27T15:00:07.567239
30,16,6,repl,2,False,14,0.5958,1,2026-08-27T15:00:07.081670,2026-08-27T15:00:07.677474
30,16,5,repl,2,False,18,1.4907,100,2026-08-27T15:00:06.291916,2026-08-27T15:00:07.782638
30,16,3,repl,2,False,18,2.1374,100,2026-08-27T15:00:05.781679,2026-08-27T15:00:07.919126
30,16,1,repl,2,False,14,0.7115,1,2026-08-27T15:00:07.559269,2026-08-27T15:00:08.270749
30,16,3,repl,2,False,19,0.4642,1,2026-08-27T15:00:07.919244,2026-08-27T15:00:08.383456
30,16,5,repl,2,False,19,0.6241,1,2026-08-27T15:00:07.782758,2026-08-27T15:00:08.406937
30,16,14,repl,2,False,18,1.2106,100,2026-08-27T15:00:07.240548,2026-08-27T15:00:08.451212
30,16,1,repl,2,False,15,0.2721,1,2026-08-27T15:00:08.270864,2026-08-27T15:00:08.542939
30,16,6,repl,2,False,15,0.9323,1,2026-08-27T15:00:07.681659,2026-08-27T15:00:08.613956
30,16,2,repl,2,False,13,1.086,45,2026-08-27T15:00:07.573564,2026-08-27T15:00:08.659564
30,16,14,repl,2,False,19,0.2954,1,2026-08-27T15:00:08.451313,2026-08-27T15:00:08.746700
30,16,5,repl,2,False,20,0.6292,5404,2026-08-27T15:00:08.407085,2026-08-27T15:00:09.036326
30,16,3,repl,2,False,20,0.7182,5404,2026-08-27T15:00:08.383595,2026-08-27T15:00:09.101805
30,16,2,repl,2,False,14,0.4754,1,2026-08-27T15:00:08.659710,2026-08-27T15:00:09.135147
30,16,12,repl,2,False,21,3.4928,100,2026-08-27T15:00:05.795187,2026-08-27T15:00:09.288029
30,16,14,repl,2,False,20,0.6294,5404,2026-08-27T15:00:08.746812,2026-08-27T15:00:09.376248
30,16,2,repl,2,False,15,0.3318,1,2026-08-27T15:00:09.135257,2026-08-27T15:00:09.467115
30,16,4,repl,2,False,18,2.0035,100,2026-08-27T15:00:07.534198,2026-08-27T15:00:09.537711
30,16,9,repl,2,False,14,5.5085,1,2026-08-27T15:00:04.054505,2026-08-27T15:00:09.563013
30,16,1,repl,2,False,16,1.0342,27840,2026-08-27T15:00:08.543033,2026-08-27T15:00:09.577309
30,16,4,repl,2,False,19,0.3824,1,2026-08-27T15:00:09.539849,2026-08-27T15:00:09.922342
30,16,9,repl,2,False,15,0.5206,1,2026-08-27T15:00:09.563121,2026-08-27T15:00:10.087255
30,16,6,repl,2,False,16,1.4815,27840,2026-08-27T15:00:08.614053,2026-08-27T15:00:10.095587
30,16,5,repl,2,False,21,1.1535,100,2026-08-27T15:00:09.040051,2026-08-27T15:00:10.196049
30,16,8,repl,2,False,14,2.9613,1,2026-08-27T15:00:07.296251,2026-08-27T15:00:10.259532
30,16,2,repl,2,False,16,0.8341,27840,2026-08-27T15:00:09.467226,2026-08-27T15:00:10.301313
30,16,10,repl,2,False,21,4.2844,100,2026-08-27T15:00:06.104693,2026-08-27T15:00:10.389113
30,16,3,repl,2,False,21,1.3584,100,2026-08-27T15:00:09.101929,2026-08-27T15:00:10.460376
30,16,4,repl,2,False,20,0.6011,5404,2026-08-27T15:00:09.922454,2026-08-27T15:00:10.523587
30,16,6,repl,2,False,17,0.4955,1,2026-08-27T15:00:10.101569,2026-08-27T15:00:10.597156
30,16,14,repl,2,False,21,1.2224,100,2026-08-27T15:00:09.379183,2026-08-27T15:00:10.601673
30,16,2,repl,2,False,17,0.3283,1,2026-08-27T15:00:10.305538,2026-08-27T15:00:10.633907
30,16,13,repl,2,False,16,11.1766,27840,2026-08-27T14:59:59.811454,2026-08-27T15:00:10.988619
30,16,12,repl,2,False,22,1.986,7,2026-08-27T15:00:09.288159,2026-08-27T15:00:11.274159
30,16,5,repl,2,False,22,1.1605,7,2026-08-27T15:00:10.196169,2026-08-27T15:00:11.356675
30,16,5,repl,2,False,1,0.2909,4,2026-08-27T15:00:11.356789,2026-08-27T15:00:11.647674
30,16,12,repl,2,False,1,0.4399,4,2026-08-27T15:00:11.274277,2026-08-27T15:00:11.714186
30,16,4,repl,2,False,21,1.2042,100,2026-08-27T15:00:10.523696,2026-08-27T15:00:11.727877
30,16,8,repl,2,False,15,1.4874,1,2026-08-27T15:00:10.259643,2026-08-27T15:00:11.747051
30,16,3,repl,2,False,22,1.3002,7,2026-08-27T15:00:10.460460,2026-08-27T15:00:11.760704
30,16,14,repl,2,False,22,1.2573,7,2026-08-27T15:00:10.605607,2026-08-27T15:00:11.862909
30,16,11,repl,2,False,15,5.9828,1,2026-08-27T15:00:05.910925,2026-08-27T15:00:11.893783
30,16,1,repl,2,False,17,2.3212,1,2026-08-27T15:00:09.581661,2026-08-27T15:00:11.902938
30,16,13,repl,2,False,17,1.0276,1,2026-08-27T15:00:10.993610,2026-08-27T15:00:12.021228
30,16,5,repl,2,False,2,0.4064,100,2026-08-27T15:00:11.647786,2026-08-27T15:00:12.054216
30,16,3,repl,2,False,1,0.3193,4,2026-08-27T15:00:11.760807,2026-08-27T15:00:12.080180
30,16,14,repl,2,False,1,0.2568,4,2026-08-27T15:00:11.863028,2026-08-27T15:00:12.119904
30,16,12,repl,2,False,2,0.491,100,2026-08-27T15:00:11.714615,2026-08-27T15:00:12.205679
30,16,2,repl,2,False,18,1.6535,100,2026-08-27T15:00:10.634006,2026-08-27T15:00:12.287540
30,16,10,repl,2,False,22,1.9449,7,2026-08-27T15:00:10.389193,2026-08-27T15:00:12.334108
30,16,4,repl,2,False,22,0.8667,7,2026-08-27T15:00:11.727968,2026-08-27T15:00:12.594717
30,16,8,repl,2,False,16,0.9,27840,2026-08-27T15:00:11.749588,2026-08-27T15:00:12.653537
30,16,10,repl,2,False,1,0.3294,4,2026-08-27T15:00:12.334203,2026-08-27T15:00:12.663672
30,16,14,repl,2,False,2,0.5881,100,2026-08-27T15:00:12.120021,2026-08-27T15:00:12.708154
30,16,2,repl,2,False,19,0.4387,1,2026-08-27T15:00:12.287665,2026-08-27T15:00:12.726343
30,16,3,repl,2,False,2,0.6693,100,2026-08-27T15:00:12.080289,2026-08-27T15:00:12.749648
30,16,4,repl,2,False,1,0.2512,4,2026-08-27T15:00:12.594834,2026-08-27T15:00:12.846037
30,16,5,repl,2,False,3,1.0196,10,2026-08-27T15:00:12.054341,2026-08-27T15:00:13.074004
30,16,15,repl,2,False,17,12.9759,1,2026-08-27T15:00:00.256980,2026-08-27T15:00:13.232945
30,16,4,repl,2,False,2,0.5719,100,2026-08-27T15:00:12.846148,2026-08-27T15:00:13.418072
30,16,8,repl,2,False,17,0.7617,1,2026-08-27T15:00:12.680095,2026-08-27T15:00:13.441868
30,16,10,repl,2,False,2,0.7673,100,2026-08-27T15:00:12.701633,2026-08-27T15:00:13.468987
30,16,5,repl,2,False,4,0.5958,5,2026-08-27T15:00:13.074127,2026-08-27T15:00:13.669971
30,16,12,repl,2,False,3,1.4749,10,2026-08-27T15:00:12.205850,2026-08-27T15:00:13.680782
30,16,14,repl,2,False,3,1.4202,10,2026-08-27T15:00:12.710785,2026-08-27T15:00:14.131058
30,16,12,repl,2,False,4,0.5472,5,2026-08-27T15:00:13.685573,2026-08-27T15:00:14.232789
30,16,4,repl,2,False,3,1.031,10,2026-08-27T15:00:13.418172,2026-08-27T15:00:14.449249
30,16,11,repl,2,False,16,2.6154,27840,2026-08-27T15:00:11.893901,2026-08-27T15:00:14.509349
30,16,3,repl,2,False,3,1.8863,10,2026-08-27T15:00:12.749773,2026-08-27T15:00:14.636083
30,16,2,repl,2,False,20,1.9232,5404,2026-08-27T15:00:12.726433,2026-08-27T15:00:14.649708
30,16,14,repl,2,False,4,0.528,5,2026-08-27T15:00:14.133607,2026-08-27T15:00:14.661678
30,16,10,repl,2,False,3,1.2136,10,2026-08-27T15:00:13.469095,2026-08-27T15:00:14.682706
30,16,8,repl,2,False,18,1.2805,100,2026-08-27T15:00:13.441989,2026-08-27T15:00:14.722535
30,16,1,repl,2,False,18,2.9936,100,2026-08-27T15:00:11.909567,2026-08-27T15:00:14.903246
30,16,4,repl,2,False,4,0.5191,5,2026-08-27T15:00:14.454552,2026-08-27T15:00:14.973981
30,16,5,repl,2,False,5,1.3481,5,2026-08-27T15:00:13.670112,2026-08-27T15:00:15.018225
30,16,12,repl,2,False,5,0.8752,5,2026-08-27T15:00:14.232914,2026-08-27T15:00:15.108192
30,16,12,repl,2,False,6,0.1334,1,2026-08-27T15:00:15.108321,2026-08-27T15:00:15.241751
30,16,8,repl,2,False,19,0.535,1,2026-08-27T15:00:14.722655,2026-08-27T15:00:15.257645
30,16,1,repl,2,False,19,0.4908,1,2026-08-27T15:00:14.903393,2026-08-27T15:00:15.394175
30,16,10,repl,2,False,4,1.0159,5,2026-08-27T15:00:14.682815,2026-08-27T15:00:15.698720
30,16,11,repl,2,False,17,1.2523,1,2026-08-27T15:00:14.513575,2026-08-27T15:00:15.765879
30,16,9,repl,2,False,16,5.8255,27840,2026-08-27T15:00:10.090362,2026-08-27T15:00:15.921539
30,16,2,repl,2,False,21,1.3159,100,2026-08-27T15:00:14.649862,2026-08-27T15:00:15.966709
30,16,8,repl,2,False,20,0.7232,5404,2026-08-27T15:00:15.261736,2026-08-27T15:00:15.985018
30,16,12,repl,2,False,7,0.7591,4,2026-08-27T15:00:15.242048,2026-08-27T15:00:16.001227
30,16,14,repl,2,False,5,1.3896,5,2026-08-27T15:00:14.661786,2026-08-27T15:00:16.051434
30,16,13,repl,2,False,18,4.1303,100,2026-08-27T15:00:12.021313,2026-08-27T15:00:16.151607
30,16,1,repl,2,False,20,0.8077,5404,2026-08-27T15:00:15.394296,2026-08-27T15:00:16.202043
30,16,14,repl,2,False,6,0.2997,1,2026-08-27T15:00:16.051549,2026-08-27T15:00:16.351246
30,16,9,repl,2,False,17,0.6682,1,2026-08-27T15:00:15.921661,2026-08-27T15:00:16.589909
30,16,2,repl,2,False,22,0.6907,7,2026-08-27T15:00:15.969923,2026-08-27T15:00:16.660645
30,16,2,repl,2,False,1,0.4224,4,2026-08-27T15:00:16.660770,2026-08-27T15:00:17.083156
30,16,12,repl,2,False,8,1.1057,2,2026-08-27T15:00:16.001342,2026-08-27T15:00:17.107082
30,16,8,repl,2,False,21,1.2183,100,2026-08-27T15:00:15.985143,2026-08-27T15:00:17.203489
30,16,2,repl,2,False,2,0.4362,100,2026-08-27T15:00:17.083274,2026-08-27T15:00:17.519464
30,16,1,repl,2,False,21,1.4496,100,2026-08-27T15:00:16.202159,2026-08-27T15:00:17.651824
30,16,10,repl,2,False,5,1.9645,5,2026-08-27T15:00:15.698845,2026-08-27T15:00:17.663415
30,16,13,repl,2,False,19,1.5228,1,2026-08-27T15:00:16.151718,2026-08-27T15:00:17.674590
30,16,14,repl,2,False,7,1.3686,4,2026-08-27T15:00:16.351362,2026-08-27T15:00:17.720017
30,16,10,repl,2,False,6,0.0904,1,2026-08-27T15:00:17.663557,2026-08-27T15:00:17.753998
30,16,9,repl,2,False,18,1.3584,100,2026-08-27T15:00:16.590037,2026-08-27T15:00:17.948443
30,16,11,repl,2,False,18,2.2877,100,2026-08-27T15:00:15.766006,2026-08-27T15:00:18.053723
30,16,8,repl,2,False,22,0.885,7,2026-08-27T15:00:17.203613,2026-08-27T15:00:18.088622
30,16,10,repl,2,False,7,0.5182,4,2026-08-27T15:00:17.761578,2026-08-27T15:00:18.279799
30,16,9,repl,2,False,19,0.3422,1,2026-08-27T15:00:17.948560,2026-08-27T15:00:18.290834
30,16,8,repl,2,False,1,0.2622,4,2026-08-27T15:00:18.088736,2026-08-27T15:00:18.350970
30,16,0,repl,2,False,3,22.6461,10,2026-08-27T14:59:55.724356,2026-08-27T15:00:18.370500
30,16,1,repl,2,False,22,0.8179,7,2026-08-27T15:00:17.651969,2026-08-27T15:00:18.469926
30,16,7,repl,2,False,16,12.063,27840,2026-08-27T15:00:06.734887,2026-08-27T15:00:18.797951
30,16,1,repl,2,False,1,0.3356,4,2026-08-27T15:00:18.470006,2026-08-27T15:00:18.805582
30,16,11,repl,2,False,19,0.7582,1,2026-08-27T15:00:18.053903,2026-08-27T15:00:18.812122
30,16,13,repl,2,False,20,1.176,5404,2026-08-27T15:00:17.674702,2026-08-27T15:00:18.850727
30,16,8,repl,2,False,2,0.5432,100,2026-08-27T15:00:18.351085,2026-08-27T15:00:18.894308
30,16,14,repl,2,False,8,1.2515,2,2026-08-27T15:00:17.720101,2026-08-27T15:00:18.971638
30,16,9,repl,2,False,20,0.6814,5404,2026-08-27T15:00:18.290938,2026-08-27T15:00:18.972338
30,16,0,repl,2,False,4,0.871,5,2026-08-27T15:00:18.370583,2026-08-27T15:00:19.241628
30,16,15,repl,2,False,18,6.0259,100,2026-08-27T15:00:13.233068,2026-08-27T15:00:19.259035
30,16,7,repl,2,False,17,0.4756,1,2026-08-27T15:00:18.801535,2026-08-27T15:00:19.277207
30,16,10,repl,2,False,8,1.0779,2,2026-08-27T15:00:18.279884,2026-08-27T15:00:19.357848
30,16,11,repl,2,False,20,1.1832,5404,2026-08-27T15:00:18.817581,2026-08-27T15:00:20.000845
30,16,8,repl,2,False,3,1.2517,10,2026-08-27T15:00:18.894416,2026-08-27T15:00:20.146110
30,16,13,repl,2,False,21,1.4594,100,2026-08-27T15:00:18.850840,2026-08-27T15:00:20.310233
30,16,0,repl,2,False,5,1.1471,5,2026-08-27T15:00:19.241763,2026-08-27T15:00:20.388866
30,16,9,repl,2,False,21,1.4477,100,2026-08-27T15:00:18.972464,2026-08-27T15:00:20.420197
30,16,15,repl,2,False,19,1.1772,1,2026-08-27T15:00:19.261545,2026-08-27T15:00:20.438774
30,16,0,repl,2,False,6,0.107,1,2026-08-27T15:00:20.388953,2026-08-27T15:00:20.495938
30,16,7,repl,2,False,18,1.3821,100,2026-08-27T15:00:19.277313,2026-08-27T15:00:20.659426
30,16,8,repl,2,False,4,0.6877,5,2026-08-27T15:00:20.146236,2026-08-27T15:00:20.833924
30,16,12,repl,2,False,9,3.8466,175,2026-08-27T15:00:17.107198,2026-08-27T15:00:20.953872
30,16,7,repl,2,False,19,0.5961,1,2026-08-27T15:00:20.659547,2026-08-27T15:00:21.255638
30,16,14,repl,2,False,9,2.5641,175,2026-08-27T15:00:18.972399,2026-08-27T15:00:21.536491
30,16,10,repl,2,False,9,2.2357,175,2026-08-27T15:00:19.357953,2026-08-27T15:00:21.593722
30,16,8,repl,2,False,5,0.9113,5,2026-08-27T15:00:20.834041,2026-08-27T15:00:21.745373
30,16,9,repl,2,False,22,1.4442,7,2026-08-27T15:00:20.420301,2026-08-27T15:00:21.864516
30,16,8,repl,2,False,6,0.1871,1,2026-08-27T15:00:21.745485,2026-08-27T15:00:21.932674
30,16,12,repl,2,False,10,1.1539,20,2026-08-27T15:00:20.953991,2026-08-27T15:00:22.107932
30,16,11,repl,2,False,21,2.1618,100,2026-08-27T15:00:20.000948,2026-08-27T15:00:22.164052
30,16,9,repl,2,False,1,0.3145,4,2026-08-27T15:00:21.864635,2026-08-27T15:00:22.179210
30,16,7,repl,2,False,20,0.9372,5404,2026-08-27T15:00:21.255762,2026-08-27T15:00:22.192972
30,16,12,repl,2,False,11,0.146,0,2026-08-27T15:00:22.108025,2026-08-27T15:00:22.254101
30,16,13,repl,2,False,22,2.0665,7,2026-08-27T15:00:20.310351,2026-08-27T15:00:22.376921
30,16,8,repl,2,False,7,0.6657,4,2026-08-27T15:00:21.932784,2026-08-27T15:00:22.598480
30,16,10,repl,2,False,10,1.0257,20,2026-08-27T15:00:21.593822,2026-08-27T15:00:22.619536
30,16,13,repl,2,False,1,0.2822,4,2026-08-27T15:00:22.381683,2026-08-27T15:00:22.663904
30,16,9,repl,2,False,2,0.4854,100,2026-08-27T15:00:22.179335,2026-08-27T15:00:22.664731
30,16,0,repl,2,False,7,2.3197,4,2026-08-27T15:00:20.496060,2026-08-27T15:00:22.815820
30,16,12,repl,2,False,12,0.7949,2,2026-08-27T15:00:22.254258,2026-08-27T15:00:23.049165
30,16,14,repl,2,False,10,1.5204,20,2026-08-27T15:00:21.543337,2026-08-27T15:00:23.063815
30,16,15,repl,2,False,20,2.6499,5404,2026-08-27T15:00:20.438892,2026-08-27T15:00:23.088839
30,16,11,repl,2,False,22,0.9641,7,2026-08-27T15:00:22.164197,2026-08-27T15:00:23.128329
30,16,14,repl,2,False,11,0.2403,0,2026-08-27T15:00:23.073555,2026-08-27T15:00:23.315333
30,16,13,repl,2,False,2,0.659,100,2026-08-27T15:00:22.665579,2026-08-27T15:00:23.324600
30,16,11,repl,2,False,1,0.2545,4,2026-08-27T15:00:23.128436,2026-08-27T15:00:23.382982
30,16,8,repl,2,False,8,0.8894,2,2026-08-27T15:00:22.598595,2026-08-27T15:00:23.488022
30,16,9,repl,2,False,3,0.8991,10,2026-08-27T15:00:22.675706,2026-08-27T15:00:23.574860
30,16,11,repl,2,False,2,0.3197,100,2026-08-27T15:00:23.383083,2026-08-27T15:00:23.702814
30,16,7,repl,2,False,21,1.6231,100,2026-08-27T15:00:22.193624,2026-08-27T15:00:23.816794
30,16,9,repl,2,False,4,0.3426,5,2026-08-27T15:00:23.574987,2026-08-27T15:00:23.917585
30,16,14,repl,2,False,12,0.6158,2,2026-08-27T15:00:23.315605,2026-08-27T15:00:23.931414
30,16,13,repl,2,False,3,0.6431,10,2026-08-27T15:00:23.324698,2026-08-27T15:00:23.967849
30,16,0,repl,2,False,8,1.4994,2,2026-08-27T15:00:22.815935,2026-08-27T15:00:24.315339
30,16,15,repl,2,False,21,1.2359,100,2026-08-27T15:00:23.088959,2026-08-27T15:00:24.324875
30,16,11,repl,2,False,3,0.7914,10,2026-08-27T15:00:23.702930,2026-08-27T15:00:24.494389
30,16,9,repl,2,False,5,0.6921,5,2026-08-27T15:00:23.917701,2026-08-27T15:00:24.609813
30,16,13,repl,2,False,4,0.642,5,2026-08-27T15:00:23.967929,2026-08-27T15:00:24.609943
30,16,7,repl,2,False,22,0.8236,7,2026-08-27T15:00:23.816905,2026-08-27T15:00:24.640548
30,16,9,repl,2,False,6,0.0508,1,2026-08-27T15:00:24.610017,2026-08-27T15:00:24.660803
30,16,14,repl,2,False,13,0.8956,45,2026-08-27T15:00:23.931548,2026-08-27T15:00:24.827124
30,16,7,repl,2,False,1,0.2017,4,2026-08-27T15:00:24.640657,2026-08-27T15:00:24.842339
30,16,11,repl,2,False,4,0.3969,5,2026-08-27T15:00:24.497565,2026-08-27T15:00:24.894541
30,16,14,repl,2,False,14,0.2411,1,2026-08-27T15:00:24.827229,2026-08-27T15:00:25.068317
30,16,15,repl,2,False,22,0.7538,7,2026-08-27T15:00:24.324986,2026-08-27T15:00:25.078793
30,16,7,repl,2,False,2,0.2663,100,2026-08-27T15:00:24.842439,2026-08-27T15:00:25.108776
30,16,9,repl,2,False,7,0.5001,4,2026-08-27T15:00:24.661048,2026-08-27T15:00:25.161159
30,16,15,repl,2,False,1,0.1278,4,2026-08-27T15:00:25.080104,2026-08-27T15:00:25.207952
30,16,13,repl,2,False,5,0.968,5,2026-08-27T15:00:24.612251,2026-08-27T15:00:25.580296
30,16,11,repl,2,False,5,0.692,5,2026-08-27T15:00:24.894627,2026-08-27T15:00:25.586684
30,16,6,repl,2,False,18,15.0652,100,2026-08-27T15:00:10.597256,2026-08-27T15:00:25.662515
30,16,13,repl,2,False,6,0.0979,1,2026-08-27T15:00:25.580378,2026-08-27T15:00:25.678297
30,16,7,repl,2,False,3,0.5825,10,2026-08-27T15:00:25.108862,2026-08-27T15:00:25.691428
30,16,15,repl,2,False,2,0.4917,100,2026-08-27T15:00:25.208052,2026-08-27T15:00:25.699796
30,16,11,repl,2,False,6,0.1392,1,2026-08-27T15:00:25.586772,2026-08-27T15:00:25.726012
30,16,6,repl,2,False,19,0.2785,1,2026-08-27T15:00:25.662640,2026-08-27T15:00:25.941166
30,16,9,repl,2,False,8,0.8342,2,2026-08-27T15:00:25.161269,2026-08-27T15:00:25.995487
30,16,7,repl,2,False,4,0.4093,5,2026-08-27T15:00:25.691529,2026-08-27T15:00:26.100869
30,16,15,repl,2,False,3,0.6167,10,2026-08-27T15:00:25.701576,2026-08-27T15:00:26.318354
30,16,13,repl,2,False,7,0.6445,4,2026-08-27T15:00:25.678377,2026-08-27T15:00:26.322960
30,16,6,repl,2,False,20,0.4494,5404,2026-08-27T15:00:25.941268,2026-08-27T15:00:26.390733
30,16,11,repl,2,False,7,0.6892,4,2026-08-27T15:00:25.736763,2026-08-27T15:00:26.425997
30,16,15,repl,2,False,4,0.5996,5,2026-08-27T15:00:26.318605,2026-08-27T15:00:26.918261
30,16,7,repl,2,False,5,0.8741,5,2026-08-27T15:00:26.100982,2026-08-27T15:00:26.975100
30,16,7,repl,2,False,6,0.1846,1,2026-08-27T15:00:26.975221,2026-08-27T15:00:27.159799
30,16,13,repl,2,False,8,0.969,2,2026-08-27T15:00:26.323062,2026-08-27T15:00:27.292133
30,16,0,repl,2,False,9,2.9881,175,2026-08-27T15:00:24.315444,2026-08-27T15:00:27.303534
30,16,6,repl,2,False,21,0.9569,100,2026-08-27T15:00:26.390861,2026-08-27T15:00:27.347777
30,16,7,repl,2,False,7,0.2986,4,2026-08-27T15:00:27.159902,2026-08-27T15:00:27.458560
30,16,11,repl,2,False,8,1.1345,2,2026-08-27T15:00:26.426105,2026-08-27T15:00:27.560608
30,16,9,repl,2,False,9,1.772,175,2026-08-27T15:00:25.995775,2026-08-27T15:00:27.767841
30,16,15,repl,2,False,5,0.8981,5,2026-08-27T15:00:26.918384,2026-08-27T15:00:27.816487
30,16,15,repl,2,False,6,0.0418,1,2026-08-27T15:00:27.816774,2026-08-27T15:00:27.858644
30,16,6,repl,2,False,22,0.6257,7,2026-08-27T15:00:27.347883,2026-08-27T15:00:27.973661
30,16,6,repl,2,False,1,0.21,4,2026-08-27T15:00:27.973800,2026-08-27T15:00:28.183850
30,16,0,repl,2,False,10,0.9482,20,2026-08-27T15:00:27.303690,2026-08-27T15:00:28.251900
30,16,0,repl,2,False,11,0.0717,0,2026-08-27T15:00:28.252064,2026-08-27T15:00:28.323761
30,16,15,repl,2,False,7,0.4704,4,2026-08-27T15:00:27.858724,2026-08-27T15:00:28.329163
30,16,6,repl,2,False,2,0.2143,100,2026-08-27T15:00:28.183936,2026-08-27T15:00:28.398293
30,16,0,repl,2,False,12,0.4706,2,2026-08-27T15:00:28.323857,2026-08-27T15:00:28.794478
30,16,15,repl,2,False,8,0.6266,2,2026-08-27T15:00:28.329273,2026-08-27T15:00:28.955906
30,16,11,repl,2,False,9,1.498,175,2026-08-27T15:00:27.560745,2026-08-27T15:00:29.058784
30,16,13,repl,2,False,9,2.0164,175,2026-08-27T15:00:27.292281,2026-08-27T15:00:29.308691
30,16,6,repl,2,False,3,0.9286,10,2026-08-27T15:00:28.398442,2026-08-27T15:00:29.327094
30,16,6,repl,2,False,4,0.244,5,2026-08-27T15:00:29.327240,2026-08-27T15:00:29.571283
30,16,11,repl,2,False,10,0.757,20,2026-08-27T15:00:29.058932,2026-08-27T15:00:29.815940
30,16,0,repl,2,False,13,1.0698,45,2026-08-27T15:00:28.794590,2026-08-27T15:00:29.864387
30,16,11,repl,2,False,11,0.113,0,2026-08-27T15:00:29.821593,2026-08-27T15:00:29.934664
30,16,13,repl,2,False,10,0.7229,20,2026-08-27T15:00:29.308805,2026-08-27T15:00:30.031754
30,16,6,repl,2,False,5,0.5308,5,2026-08-27T15:00:29.571451,2026-08-27T15:00:30.102301
30,16,13,repl,2,False,11,0.0947,0,2026-08-27T15:00:30.031933,2026-08-27T15:00:30.126691
30,16,0,repl,2,False,14,0.2859,1,2026-08-27T15:00:29.864541,2026-08-27T15:00:30.150452
30,16,6,repl,2,False,6,0.0596,1,2026-08-27T15:00:30.102512,2026-08-27T15:00:30.162095
30,16,0,repl,2,False,15,0.1607,1,2026-08-27T15:00:30.150600,2026-08-27T15:00:30.311313
30,16,13,repl,2,False,12,0.4249,2,2026-08-27T15:00:30.126795,2026-08-27T15:00:30.551770
30,16,15,repl,2,False,9,1.9124,175,2026-08-27T15:00:28.957588,2026-08-27T15:00:30.869987
30,16,0,repl,2,False,16,0.6194,27840,2026-08-27T15:00:30.311435,2026-08-27T15:00:30.930884
30,16,0,repl,2,False,17,0.1855,1,2026-08-27T15:00:30.930960,2026-08-27T15:00:31.116514
30,16,13,repl,2,False,13,0.617,45,2026-08-27T15:00:30.551886,2026-08-27T15:00:31.168886
30,16,15,repl,2,False,10,0.585,20,2026-08-27T15:00:30.870101,2026-08-27T15:00:31.455084
30,16,15,repl,2,False,11,0.0551,0,2026-08-27T15:00:31.455171,2026-08-27T15:00:31.510301
30,16,15,repl,2,False,12,0.2274,2,2026-08-27T15:00:31.510390,2026-08-27T15:00:31.737781
30,16,0,repl,2,False,18,0.8188,100,2026-08-27T15:00:31.116653,2026-08-27T15:00:31.935471
30,16,0,repl,2,False,19,0.1464,1,2026-08-27T15:00:31.935570,2026-08-27T15:00:32.081991
30,16,15,repl,2,False,13,0.4108,45,2026-08-27T15:00:31.737860,2026-08-27T15:00:32.148704
30,16,0,repl,2,False,20,0.2591,5404,2026-08-27T15:00:32.082074,2026-08-27T15:00:32.341202
30,16,15,repl,2,False,14,0.1968,1,2026-08-27T15:00:32.148782,2026-08-27T15:00:32.345602
30,16,15,repl,2,False,15,0.1425,1,2026-08-27T15:00:32.345637,2026-08-27T15:00:32.488126
30,16,0,repl,2,False,21,0.4585,100,2026-08-27T15:00:32.341284,2026-08-27T15:00:32.799769
30,16,0,repl,2,False,22,0.2098,7,2026-08-27T15:00:32.799848,2026-08-27T15:00:33.009654
30,16,0,repl,3,False,1,0.15,4,2026-08-27T15:00:33.013125,2026-08-27T15:00:33.163118
30,16,5,repl,3,False,6,0.1456,1,2026-08-27T15:00:33.049538,2026-08-27T15:00:33.195150
30,16,0,repl,3,False,2,0.3705,100,2026-08-27T15:00:33.163194,2026-08-27T15:00:33.533740
30,16,1,repl,3,False,2,0.5293,100,2026-08-27T15:00:33.016550,2026-08-27T15:00:33.545859
30,16,3,repl,3,False,4,0.5517,5,2026-08-27T15:00:33.030921,2026-08-27T15:00:33.582675
30,16,2,repl,3,False,3,0.8393,10,2026-08-27T15:00:33.027162,2026-08-27T15:00:33.866509
30,16,4,repl,3,False,5,0.9093,5,2026-08-27T15:00:33.041615,2026-08-27T15:00:33.950966
30,16,4,repl,3,False,6,0.1719,1,2026-08-27T15:00:33.951050,2026-08-27T15:00:34.123019
30,16,10,repl,3,False,11,1.129,0,2026-08-27T15:00:33.113610,2026-08-27T15:00:34.242621
30,16,3,repl,3,False,5,0.7023,5,2026-08-27T15:00:33.582796,2026-08-27T15:00:34.285093
30,16,7,repl,3,False,8,1.2212,2,2026-08-27T15:00:33.072311,2026-08-27T15:00:34.293549
30,16,3,repl,3,False,6,0.1288,1,2026-08-27T15:00:34.285211,2026-08-27T15:00:34.414020
30,16,0,repl,3,False,3,0.9703,10,2026-08-27T15:00:33.533856,2026-08-27T15:00:34.504170
30,16,2,repl,3,False,4,0.6575,5,2026-08-27T15:00:33.869562,2026-08-27T15:00:34.527079
30,16,1,repl,3,False,3,1.0409,10,2026-08-27T15:00:33.545974,2026-08-27T15:00:34.586878
30,16,15,repl,3,False,16,1.6992,27840,2026-08-27T15:00:33.181720,2026-08-27T15:00:34.885664
30,16,0,repl,3,False,4,0.4187,5,2026-08-27T15:00:34.504266,2026-08-27T15:00:34.923019
30,16,11,repl,3,False,12,1.8138,2,2026-08-27T15:00:33.121609,2026-08-27T15:00:34.935404
30,16,6,repl,3,False,7,2.0174,4,2026-08-27T15:00:33.061832,2026-08-27T15:00:35.079262
30,16,3,repl,3,False,7,0.6796,4,2026-08-27T15:00:34.414121,2026-08-27T15:00:35.093726
30,16,1,repl,3,False,4,0.529,5,2026-08-27T15:00:34.586984,2026-08-27T15:00:35.116043
30,16,4,repl,3,False,7,1.1312,4,2026-08-27T15:00:34.123129,2026-08-27T15:00:35.254401
30,16,2,repl,3,False,5,1.0131,5,2026-08-27T15:00:34.529643,2026-08-27T15:00:35.542800
30,16,2,repl,3,False,6,0.1472,1,2026-08-27T15:00:35.542901,2026-08-27T15:00:35.690112
30,16,15,repl,3,False,17,0.8162,1,2026-08-27T15:00:34.885823,2026-08-27T15:00:35.702036
30,16,0,repl,3,False,5,1.0078,5,2026-08-27T15:00:34.923125,2026-08-27T15:00:35.930996
30,16,0,repl,3,False,6,0.1623,1,2026-08-27T15:00:35.931101,2026-08-27T15:00:36.093400
30,16,3,repl,3,False,8,1.0861,2,2026-08-27T15:00:35.094977,2026-08-27T15:00:36.181116
30,16,6,repl,3,False,8,1.192,2,2026-08-27T15:00:35.079397,2026-08-27T15:00:36.271390
30,16,8,repl,3,False,9,3.7792,175,2026-08-27T15:00:33.073826,2026-08-27T15:00:36.853082
30,16,2,repl,3,False,7,1.2226,4,2026-08-27T15:00:35.690220,2026-08-27T15:00:36.912865
30,16,0,repl,3,False,7,0.8305,4,2026-08-27T15:00:36.097568,2026-08-27T15:00:36.928149
30,16,4,repl,3,False,8,1.7089,2,2026-08-27T15:00:35.254495,2026-08-27T15:00:36.963463
30,16,9,repl,3,False,10,3.9482,20,2026-08-27T15:00:33.089879,2026-08-27T15:00:37.038152
30,16,1,repl,3,False,5,1.9874,5,2026-08-27T15:00:35.116171,2026-08-27T15:00:37.103561
30,16,15,repl,3,False,18,1.4287,100,2026-08-27T15:00:35.702144,2026-08-27T15:00:37.130822
30,16,15,repl,3,False,19,0.4452,1,2026-08-27T15:00:37.130914,2026-08-27T15:00:37.576119
30,16,1,repl,3,False,6,0.4959,1,2026-08-27T15:00:37.103676,2026-08-27T15:00:37.599588
30,16,9,repl,3,False,11,0.6248,0,2026-08-27T15:00:37.038252,2026-08-27T15:00:37.663047
30,16,7,repl,3,False,9,3.4404,175,2026-08-27T15:00:34.293639,2026-08-27T15:00:37.734081
30,16,12,repl,3,False,13,4.6111,45,2026-08-27T15:00:33.133679,2026-08-27T15:00:37.744825
30,16,10,repl,3,False,12,3.5112,2,2026-08-27T15:00:34.242706,2026-08-27T15:00:37.753984
30,16,13,repl,3,False,14,4.667,1,2026-08-27T15:00:33.135957,2026-08-27T15:00:37.802953
30,16,2,repl,3,False,8,0.9887,2,2026-08-27T15:00:36.912974,2026-08-27T15:00:37.901690
30,16,15,repl,3,False,20,0.6113,5404,2026-08-27T15:00:37.576200,2026-08-27T15:00:38.187570
30,16,0,repl,3,False,8,1.3288,2,2026-08-27T15:00:36.928248,2026-08-27T15:00:38.257115
30,16,13,repl,3,False,15,0.9125,1,2026-08-27T15:00:37.803109,2026-08-27T15:00:38.715602
30,16,1,repl,3,False,7,1.3636,4,2026-08-27T15:00:37.599700,2026-08-27T15:00:38.963361
30,16,6,repl,3,False,9,2.7522,175,2026-08-27T15:00:36.271521,2026-08-27T15:00:39.023778
30,16,14,repl,3,False,15,5.9714,1,2026-08-27T15:00:33.148864,2026-08-27T15:00:39.120303
30,16,7,repl,3,False,10,1.6095,20,2026-08-27T15:00:37.734211,2026-08-27T15:00:39.343782
30,16,8,repl,3,False,10,2.521,20,2026-08-27T15:00:36.853219,2026-08-27T15:00:39.374215
30,16,9,repl,3,False,12,1.7769,2,2026-08-27T15:00:37.663166,2026-08-27T15:00:39.440112
30,16,3,repl,3,False,9,3.3802,175,2026-08-27T15:00:36.181246,2026-08-27T15:00:39.561478
30,16,7,repl,3,False,11,0.4891,0,2026-08-27T15:00:39.343889,2026-08-27T15:00:39.833005
30,16,4,repl,3,False,9,3.0579,175,2026-08-27T15:00:36.969528,2026-08-27T15:00:40.027491
30,16,15,repl,3,False,21,1.9719,100,2026-08-27T15:00:38.197605,2026-08-27T15:00:40.169572
30,16,8,repl,3,False,11,0.8958,0,2026-08-27T15:00:39.374328,2026-08-27T15:00:40.270126
30,16,6,repl,3,False,10,1.2952,20,2026-08-27T15:00:39.023891,2026-08-27T15:00:40.319107
30,16,6,repl,3,False,11,0.2208,0,2026-08-27T15:00:40.319227,2026-08-27T15:00:40.540052
30,16,12,repl,3,False,14,2.8295,1,2026-08-27T15:00:37.744944,2026-08-27T15:00:40.574447
30,16,11,repl,3,False,13,5.6535,45,2026-08-27T15:00:34.935506,2026-08-27T15:00:40.589009
30,16,1,repl,3,False,8,1.935,2,2026-08-27T15:00:38.963471,2026-08-27T15:00:40.898487
30,16,7,repl,3,False,12,1.2558,2,2026-08-27T15:00:39.833087,2026-08-27T15:00:41.088938
30,16,3,repl,3,False,10,1.5329,20,2026-08-27T15:00:39.565666,2026-08-27T15:00:41.098641
30,16,15,repl,3,False,22,1.0853,7,2026-08-27T15:00:40.172221,2026-08-27T15:00:41.257560
30,16,2,repl,3,False,9,3.3521,175,2026-08-27T15:00:37.905579,2026-08-27T15:00:41.257753
30,16,6,repl,3,False,12,0.9015,2,2026-08-27T15:00:40.540182,2026-08-27T15:00:41.441669
30,16,15,repl,3,False,1,0.242,4,2026-08-27T15:00:41.257936,2026-08-27T15:00:41.499943
30,16,8,repl,3,False,12,1.2472,2,2026-08-27T15:00:40.270268,2026-08-27T15:00:41.517472
30,16,4,repl,3,False,10,1.6075,20,2026-08-27T15:00:40.027597,2026-08-27T15:00:41.635162
30,16,3,repl,3,False,11,0.8982,0,2026-08-27T15:00:41.098745,2026-08-27T15:00:41.997031
30,16,4,repl,3,False,11,0.3836,0,2026-08-27T15:00:41.635277,2026-08-27T15:00:42.018942
30,16,7,repl,3,False,13,1.0081,45,2026-08-27T15:00:41.089031,2026-08-27T15:00:42.097188
30,16,7,repl,3,False,14,0.4864,1,2026-08-27T15:00:42.101551,2026-08-27T15:00:42.587996
30,16,15,repl,3,False,2,1.1079,100,2026-08-27T15:00:41.500059,2026-08-27T15:00:42.607979
30,16,0,repl,3,False,9,4.3804,175,2026-08-27T15:00:38.257248,2026-08-27T15:00:42.637711
30,16,8,repl,3,False,13,1.1484,45,2026-08-27T15:00:41.521671,2026-08-27T15:00:42.670090
30,16,6,repl,3,False,13,1.3589,45,2026-08-27T15:00:41.441786,2026-08-27T15:00:42.800677
30,16,2,repl,3,False,10,1.5376,20,2026-08-27T15:00:41.273701,2026-08-27T15:00:42.811401
30,16,7,repl,3,False,15,0.2423,1,2026-08-27T15:00:42.588087,2026-08-27T15:00:42.830440
30,16,12,repl,3,False,15,2.2712,1,2026-08-27T15:00:40.574566,2026-08-27T15:00:42.845838
30,16,3,repl,3,False,12,0.8682,2,2026-08-27T15:00:41.997212,2026-08-27T15:00:42.865433
30,16,9,repl,3,False,13,3.4294,45,2026-08-27T15:00:39.440197,2026-08-27T15:00:42.869579
30,16,2,repl,3,False,11,0.2171,0,2026-08-27T15:00:42.817600,2026-08-27T15:00:43.034760
30,16,8,repl,3,False,14,0.3754,1,2026-08-27T15:00:42.670243,2026-08-27T15:00:43.045648
30,16,11,repl,3,False,14,2.4759,1,2026-08-27T15:00:40.589128,2026-08-27T15:00:43.065072
30,16,4,repl,3,False,12,1.2343,2,2026-08-27T15:00:42.019080,2026-08-27T15:00:43.253408
30,16,8,repl,3,False,15,0.3925,1,2026-08-27T15:00:43.045746,2026-08-27T15:00:43.438242
30,16,6,repl,3,False,14,0.6576,1,2026-08-27T15:00:42.800841,2026-08-27T15:00:43.458437
30,16,15,repl,3,False,3,1.1391,10,2026-08-27T15:00:42.608094,2026-08-27T15:00:43.747182
30,16,6,repl,3,False,15,0.3407,1,2026-08-27T15:00:43.458519,2026-08-27T15:00:43.799253
30,16,2,repl,3,False,12,0.8468,2,2026-08-27T15:00:43.034861,2026-08-27T15:00:43.881662
30,16,7,repl,3,False,16,1.3033,27840,2026-08-27T15:00:42.830651,2026-08-27T15:00:44.134285
30,16,15,repl,3,False,4,0.5309,5,2026-08-27T15:00:43.747374,2026-08-27T15:00:44.278335
30,16,3,repl,3,False,13,1.4526,45,2026-08-27T15:00:42.869705,2026-08-27T15:00:44.322373
30,16,8,repl,3,False,16,1.1654,27840,2026-08-27T15:00:43.438369,2026-08-27T15:00:44.605394
30,16,7,repl,3,False,17,0.5073,1,2026-08-27T15:00:44.134367,2026-08-27T15:00:44.641664
30,16,4,repl,3,False,13,1.4108,45,2026-08-27T15:00:43.253513,2026-08-27T15:00:44.664347
30,16,10,repl,3,False,13,7.0671,45,2026-08-27T15:00:37.754104,2026-08-27T15:00:44.835803
30,16,6,repl,3,False,16,1.1043,27840,2026-08-27T15:00:43.799410,2026-08-27T15:00:44.909557
30,16,15,repl,3,False,5,0.7073,5,2026-08-27T15:00:44.278422,2026-08-27T15:00:44.985768
30,16,2,repl,3,False,13,1.1183,45,2026-08-27T15:00:43.881800,2026-08-27T15:00:45.000089
30,16,11,repl,3,False,15,2.0176,1,2026-08-27T15:00:43.065184,2026-08-27T15:00:45.082797
30,16,15,repl,3,False,6,0.1362,1,2026-08-27T15:00:44.985873,2026-08-27T15:00:45.122117
30,16,8,repl,3,False,17,0.6426,1,2026-08-27T15:00:44.605575,2026-08-27T15:00:45.248184
30,16,3,repl,3,False,14,1.0762,1,2026-08-27T15:00:44.322487,2026-08-27T15:00:45.403027
30,16,0,repl,3,False,10,2.7746,20,2026-08-27T15:00:42.637829,2026-08-27T15:00:45.412506
30,16,12,repl,3,False,16,2.6398,27840,2026-08-27T15:00:42.848499,2026-08-27T15:00:45.497614
30,16,6,repl,3,False,17,0.8604,1,2026-08-27T15:00:44.909677,2026-08-27T15:00:45.770082
30,16,2,repl,3,False,14,0.8294,1,2026-08-27T15:00:45.000211,2026-08-27T15:00:45.829674
30,16,3,repl,3,False,15,0.4608,1,2026-08-27T15:00:45.403169,2026-08-27T15:00:45.863997
30,16,15,repl,3,False,7,1.1209,4,2026-08-27T15:00:45.122222,2026-08-27T15:00:46.243163
30,16,2,repl,3,False,15,0.4328,1,2026-08-27T15:00:45.829793,2026-08-27T15:00:46.262583
30,16,7,repl,3,False,18,1.6739,100,2026-08-27T15:00:44.641815,2026-08-27T15:00:46.315729
30,16,4,repl,3,False,14,1.7294,1,2026-08-27T15:00:44.664487,2026-08-27T15:00:46.393907
30,16,1,repl,3,False,9,5.4999,175,2026-08-27T15:00:40.898620,2026-08-27T15:00:46.398520
30,16,8,repl,3,False,18,1.1856,100,2026-08-27T15:00:45.248521,2026-08-27T15:00:46.434173
30,16,0,repl,3,False,11,1.1949,0,2026-08-27T15:00:45.431903,2026-08-27T15:00:46.627482
30,16,7,repl,3,False,19,0.4288,1,2026-08-27T15:00:46.315839,2026-08-27T15:00:46.744632
30,16,8,repl,3,False,19,0.3725,1,2026-08-27T15:00:46.434274,2026-08-27T15:00:46.806790
30,16,4,repl,3,False,15,0.449,1,2026-08-27T15:00:46.394199,2026-08-27T15:00:46.843206
30,16,9,repl,3,False,14,4.2548,1,2026-08-27T15:00:42.872688,2026-08-27T15:00:47.128446
30,16,6,repl,3,False,18,1.4509,100,2026-08-27T15:00:45.770209,2026-08-27T15:00:47.221129
30,16,15,repl,3,False,8,1.008,2,2026-08-27T15:00:46.243286,2026-08-27T15:00:47.251289
30,16,2,repl,3,False,16,1.0999,27840,2026-08-27T15:00:46.262707,2026-08-27T15:00:47.363627
30,16,3,repl,3,False,16,1.512,27840,2026-08-27T15:00:45.864153,2026-08-27T15:00:47.376208
30,16,13,repl,3,False,16,8.998,27840,2026-08-27T15:00:38.715732,2026-08-27T15:00:47.728885
30,16,6,repl,3,False,19,0.4989,1,2026-08-27T15:00:47.229634,2026-08-27T15:00:47.729169
30,16,7,repl,3,False,20,0.9967,5404,2026-08-27T15:00:46.744743,2026-08-27T15:00:47.741415
30,16,2,repl,3,False,17,0.3941,1,2026-08-27T15:00:47.363936,2026-08-27T15:00:47.758076
30,16,8,repl,3,False,20,0.9755,5404,2026-08-27T15:00:46.806873,2026-08-27T15:00:47.782386
30,16,0,repl,3,False,12,1.1734,2,2026-08-27T15:00:46.627592,2026-08-27T15:00:47.800975
30,16,14,repl,3,False,16,8.6898,27840,2026-08-27T15:00:39.120427,2026-08-27T15:00:47.817864
30,16,5,repl,3,False,7,14.6227,4,2026-08-27T15:00:33.195277,2026-08-27T15:00:47.818047
30,16,12,repl,3,False,17,2.3506,1,2026-08-27T15:00:45.497735,2026-08-27T15:00:47.848331
30,16,9,repl,3,False,15,0.7737,1,2026-08-27T15:00:47.128535,2026-08-27T15:00:47.902257
30,16,4,repl,3,False,16,1.4834,27840,2026-08-27T15:00:46.843307,2026-08-27T15:00:48.326752
30,16,13,repl,3,False,17,0.6063,1,2026-08-27T15:00:47.733623,2026-08-27T15:00:48.340426
30,16,3,repl,3,False,17,0.9767,1,2026-08-27T15:00:47.376318,2026-08-27T15:00:48.353031
30,16,6,repl,3,False,20,0.9494,5404,2026-08-27T15:00:47.761649,2026-08-27T15:00:48.721657
30,16,4,repl,3,False,17,0.8126,1,2026-08-27T15:00:48.333580,2026-08-27T15:00:49.146188
30,16,7,repl,3,False,21,1.7673,100,2026-08-27T15:00:47.782574,2026-08-27T15:00:49.549952
30,16,15,repl,3,False,9,2.6945,175,2026-08-27T15:00:47.251401,2026-08-27T15:00:49.945891
30,16,13,repl,3,False,18,1.6818,100,2026-08-27T15:00:48.341720,2026-08-27T15:00:50.023520
30,16,1,repl,3,False,10,3.6655,20,2026-08-27T15:00:46.398618,2026-08-27T15:00:50.064162
30,16,3,repl,3,False,18,1.7246,100,2026-08-27T15:00:48.353159,2026-08-27T15:00:50.077752
30,16,10,repl,3,False,14,5.3989,1,2026-08-27T15:00:44.835962,2026-08-27T15:00:50.234858
30,16,5,repl,3,False,8,2.5253,2,2026-08-27T15:00:47.821597,2026-08-27T15:00:50.348623
30,16,1,repl,3,False,11,0.3183,0,2026-08-27T15:00:50.064277,2026-08-27T15:00:50.383085
30,16,13,repl,3,False,19,0.3711,1,2026-08-27T15:00:50.023614,2026-08-27T15:00:50.395005
30,16,9,repl,3,False,16,2.5334,27840,2026-08-27T15:00:47.902377,2026-08-27T15:00:50.441560
30,16,6,repl,3,False,21,1.7459,100,2026-08-27T15:00:48.721753,2026-08-27T15:00:50.467647
30,16,4,repl,3,False,18,1.3275,100,2026-08-27T15:00:49.146399,2026-08-27T15:00:50.473912
30,16,7,repl,3,False,22,1.017,7,2026-08-27T15:00:49.550070,2026-08-27T15:00:50.567086
30,16,3,repl,3,False,19,0.5142,1,2026-08-27T15:00:50.077847,2026-08-27T15:00:50.592091
30,16,4,repl,3,False,19,0.3401,1,2026-08-27T15:00:50.474027,2026-08-27T15:00:50.814179
30,16,7,repl,3,False,1,0.354,4,2026-08-27T15:00:50.567180,2026-08-27T15:00:50.921196
30,16,11,repl,3,False,16,5.919,27840,2026-08-27T15:00:45.082904,2026-08-27T15:00:51.001978
30,16,1,repl,3,False,12,0.6251,2,2026-08-27T15:00:50.383198,2026-08-27T15:00:51.008380
30,16,8,repl,3,False,21,3.4452,100,2026-08-27T15:00:47.789049,2026-08-27T15:00:51.234256
30,16,7,repl,3,False,2,0.5197,100,2026-08-27T15:00:50.932096,2026-08-27T15:00:51.452269
30,16,6,repl,3,False,22,1.0421,7,2026-08-27T15:00:50.467772,2026-08-27T15:00:51.509902
30,16,4,repl,3,False,20,0.8176,5404,2026-08-27T15:00:50.814339,2026-08-27T15:00:51.631949
30,16,6,repl,3,False,1,0.2054,4,2026-08-27T15:00:51.510016,2026-08-27T15:00:51.715472
30,16,13,repl,3,False,20,1.3777,5404,2026-08-27T15:00:50.397624,2026-08-27T15:00:51.775578
30,16,3,repl,3,False,20,1.3006,5404,2026-08-27T15:00:50.592177,2026-08-27T15:00:51.892818
30,16,6,repl,3,False,2,0.3104,100,2026-08-27T15:00:51.715587,2026-08-27T15:00:52.026008
30,16,9,repl,3,False,17,1.6088,1,2026-08-27T15:00:50.441717,2026-08-27T15:00:52.050545
30,16,10,repl,3,False,15,1.8686,1,2026-08-27T15:00:50.235002,2026-08-27T15:00:52.103678
30,16,15,repl,3,False,10,2.2487,20,2026-08-27T15:00:49.946017,2026-08-27T15:00:52.194714
30,16,7,repl,3,False,3,0.7904,10,2026-08-27T15:00:51.452377,2026-08-27T15:00:52.242791
30,16,8,repl,3,False,22,1.2248,7,2026-08-27T15:00:51.234394,2026-08-27T15:00:52.459179
30,16,11,repl,3,False,17,1.6187,1,2026-08-27T15:00:51.005628,2026-08-27T15:00:52.624348
30,16,15,repl,3,False,11,0.4499,0,2026-08-27T15:00:52.194804,2026-08-27T15:00:52.644729
30,16,8,repl,3,False,1,0.2997,4,2026-08-27T15:00:52.459281,2026-08-27T15:00:52.759032
30,16,4,repl,3,False,21,1.2077,100,2026-08-27T15:00:51.632094,2026-08-27T15:00:52.839866
30,16,6,repl,3,False,3,1.0499,10,2026-08-27T15:00:52.026123,2026-08-27T15:00:53.076012
30,16,7,repl,3,False,4,0.8752,5,2026-08-27T15:00:52.242918,2026-08-27T15:00:53.118136
30,16,13,repl,3,False,21,1.3601,100,2026-08-27T15:00:51.777617,2026-08-27T15:00:53.137731
30,16,15,repl,3,False,12,0.7825,2,2026-08-27T15:00:52.644827,2026-08-27T15:00:53.427391
30,16,8,repl,3,False,2,0.6719,100,2026-08-27T15:00:52.759116,2026-08-27T15:00:53.431074
30,16,4,repl,3,False,22,0.9953,7,2026-08-27T15:00:52.840147,2026-08-27T15:00:53.835462
30,16,6,repl,3,False,4,0.8687,5,2026-08-27T15:00:53.085625,2026-08-27T15:00:53.954428
30,16,3,repl,3,False,21,2.1711,100,2026-08-27T15:00:51.892937,2026-08-27T15:00:54.064055
30,16,7,repl,3,False,5,0.9612,5,2026-08-27T15:00:53.118251,2026-08-27T15:00:54.079467
30,16,4,repl,3,False,1,0.2512,4,2026-08-27T15:00:53.835589,2026-08-27T15:00:54.086837
30,16,7,repl,3,False,6,0.1467,1,2026-08-27T15:00:54.079560,2026-08-27T15:00:54.226315
30,16,13,repl,3,False,22,1.1199,7,2026-08-27T15:00:53.137821,2026-08-27T15:00:54.257731
30,16,15,repl,3,False,13,0.8999,45,2026-08-27T15:00:53.427617,2026-08-27T15:00:54.327541
30,16,9,repl,3,False,18,2.4012,100,2026-08-27T15:00:52.050663,2026-08-27T15:00:54.451911
30,16,4,repl,3,False,2,0.3917,100,2026-08-27T15:00:54.086958,2026-08-27T15:00:54.478697
30,16,13,repl,3,False,1,0.3784,4,2026-08-27T15:00:54.257884,2026-08-27T15:00:54.636288
30,16,3,repl,3,False,22,0.7351,7,2026-08-27T15:00:54.064193,2026-08-27T15:00:54.799308
30,16,15,repl,3,False,14,0.6241,1,2026-08-27T15:00:54.327673,2026-08-27T15:00:54.951853
30,16,7,repl,3,False,7,0.8261,4,2026-08-27T15:00:54.226483,2026-08-27T15:00:55.052607
30,16,9,repl,3,False,19,0.6615,1,2026-08-27T15:00:54.452034,2026-08-27T15:00:55.113609
30,16,3,repl,3,False,1,0.4122,4,2026-08-27T15:00:54.799435,2026-08-27T15:00:55.211659
30,16,8,repl,3,False,3,1.7966,10,2026-08-27T15:00:53.431154,2026-08-27T15:00:55.227779
30,16,15,repl,3,False,15,0.2828,1,2026-08-27T15:00:54.952151,2026-08-27T15:00:55.234939
30,16,13,repl,3,False,2,0.6012,100,2026-08-27T15:00:54.636438,2026-08-27T15:00:55.237661
30,16,5,repl,3,False,9,4.9893,175,2026-08-27T15:00:50.353547,2026-08-27T15:00:55.342926
30,16,6,repl,3,False,5,1.4933,5,2026-08-27T15:00:53.957692,2026-08-27T15:00:55.451064
30,16,11,repl,3,False,18,2.8886,100,2026-08-27T15:00:52.624556,2026-08-27T15:00:55.513234
30,16,3,repl,3,False,2,0.3748,100,2026-08-27T15:00:55.211771,2026-08-27T15:00:55.586563
30,16,6,repl,3,False,6,0.1708,1,2026-08-27T15:00:55.451153,2026-08-27T15:00:55.622009
30,16,9,repl,3,False,20,0.5432,5404,2026-08-27T15:00:55.113726,2026-08-27T15:00:55.656958
30,16,8,repl,3,False,4,0.6828,5,2026-08-27T15:00:55.227873,2026-08-27T15:00:55.920345
30,16,10,repl,3,False,16,3.948,27840,2026-08-27T15:00:52.103770,2026-08-27T15:00:56.057586
30,16,11,repl,3,False,19,0.5527,1,2026-08-27T15:00:55.513345,2026-08-27T15:00:56.066027
30,16,0,repl,3,False,13,8.3063,45,2026-08-27T15:00:47.810449,2026-08-27T15:00:56.116820
30,16,4,repl,3,False,3,1.7524,10,2026-08-27T15:00:54.478825,2026-08-27T15:00:56.231291
30,16,13,repl,3,False,3,1.0121,10,2026-08-27T15:00:55.237790,2026-08-27T15:00:56.249960
30,16,5,repl,3,False,10,1.2888,20,2026-08-27T15:00:55.343035,2026-08-27T15:00:56.631832
30,16,3,repl,3,False,3,1.2082,10,2026-08-27T15:00:55.586716,2026-08-27T15:00:56.794932
30,16,9,repl,3,False,21,1.1557,100,2026-08-27T15:00:55.657074,2026-08-27T15:00:56.812833
30,16,10,repl,3,False,17,0.8065,1,2026-08-27T15:00:56.057698,2026-08-27T15:00:56.864272
30,16,8,repl,3,False,5,0.9527,5,2026-08-27T15:00:55.937665,2026-08-27T15:00:56.890966
30,16,4,repl,3,False,4,0.7836,5,2026-08-27T15:00:56.231411,2026-08-27T15:00:57.015006
30,16,8,repl,3,False,6,0.1757,1,2026-08-27T15:00:56.891075,2026-08-27T15:00:57.066794
30,16,5,repl,3,False,11,0.6147,0,2026-08-27T15:00:56.631949,2026-08-27T15:00:57.246662
30,16,11,repl,3,False,20,1.2737,5404,2026-08-27T15:00:56.066116,2026-08-27T15:00:57.345559
30,16,14,repl,3,False,17,9.6046,1,2026-08-27T15:00:47.818473,2026-08-27T15:00:57.423074
30,16,9,repl,3,False,22,0.8735,7,2026-08-27T15:00:56.812942,2026-08-27T15:00:57.686465
30,16,0,repl,3,False,14,1.5933,1,2026-08-27T15:00:56.116932,2026-08-27T15:00:57.710236
30,16,8,repl,3,False,7,0.8301,4,2026-08-27T15:00:57.066913,2026-08-27T15:00:57.897059
30,16,9,repl,3,False,1,0.2319,4,2026-08-27T15:00:57.686579,2026-08-27T15:00:57.918537
30,16,10,repl,3,False,18,1.2942,100,2026-08-27T15:00:56.864386,2026-08-27T15:00:58.158569
30,16,0,repl,3,False,15,0.597,1,2026-08-27T15:00:57.710355,2026-08-27T15:00:58.307350
30,16,5,repl,3,False,12,1.1038,2,2026-08-27T15:00:57.246835,2026-08-27T15:00:58.350641
30,16,10,repl,3,False,19,0.3012,1,2026-08-27T15:00:58.158688,2026-08-27T15:00:58.459945
30,16,9,repl,3,False,2,0.5529,100,2026-08-27T15:00:57.918658,2026-08-27T15:00:58.471621
30,16,13,repl,3,False,4,2.2949,5,2026-08-27T15:00:56.250058,2026-08-27T15:00:58.544957
30,16,12,repl,3,False,18,10.9789,100,2026-08-27T15:00:47.848450,2026-08-27T15:00:58.827418
30,16,14,repl,3,False,18,1.4274,100,2026-08-27T15:00:57.423182,2026-08-27T15:00:58.850568
30,16,8,repl,3,False,8,0.9687,2,2026-08-27T15:00:57.897140,2026-08-27T15:00:58.865849
30,16,1,repl,3,False,13,7.9515,45,2026-08-27T15:00:51.008541,2026-08-27T15:00:58.960036
30,16,11,repl,3,False,21,1.6613,100,2026-08-27T15:00:57.345668,2026-08-27T15:00:59.008119
30,16,10,repl,3,False,20,0.5707,5404,2026-08-27T15:00:58.460054,2026-08-27T15:00:59.030831
30,16,12,repl,3,False,19,0.344,1,2026-08-27T15:00:58.827506,2026-08-27T15:00:59.171553
30,16,5,repl,3,False,13,0.8716,45,2026-08-27T15:00:58.350751,2026-08-27T15:00:59.222395
30,16,9,repl,3,False,3,0.8744,10,2026-08-27T15:00:58.471734,2026-08-27T15:00:59.346128
30,16,14,repl,3,False,19,0.5029,1,2026-08-27T15:00:58.850670,2026-08-27T15:00:59.353628
30,16,1,repl,3,False,14,0.4276,1,2026-08-27T15:00:58.960156,2026-08-27T15:00:59.387813
30,16,1,repl,3,False,15,0.4023,1,2026-08-27T15:00:59.387934,2026-08-27T15:00:59.790254
30,16,5,repl,3,False,14,0.5931,1,2026-08-27T15:00:59.222476,2026-08-27T15:00:59.815590
30,16,11,repl,3,False,22,0.8149,7,2026-08-27T15:00:59.008219,2026-08-27T15:00:59.823190
30,16,12,repl,3,False,20,0.6906,5404,2026-08-27T15:00:59.171644,2026-08-27T15:00:59.862230
30,16,13,repl,3,False,5,1.3655,5,2026-08-27T15:00:58.545070,2026-08-27T15:00:59.910635
30,16,0,repl,3,False,16,1.7069,27840,2026-08-27T15:00:58.307438,2026-08-27T15:01:00.014351
30,16,9,repl,3,False,4,0.6794,5,2026-08-27T15:00:59.346244,2026-08-27T15:01:00.025726
30,16,11,repl,3,False,1,0.2159,4,2026-08-27T15:00:59.823268,2026-08-27T15:01:00.039219
30,16,5,repl,3,False,15,0.3118,1,2026-08-27T15:00:59.815698,2026-08-27T15:01:00.127508
30,16,13,repl,3,False,6,0.4623,1,2026-08-27T15:00:59.910756,2026-08-27T15:01:00.373102
30,16,0,repl,3,False,17,0.364,1,2026-08-27T15:01:00.017348,2026-08-27T15:01:00.381360
30,16,10,repl,3,False,21,1.4316,100,2026-08-27T15:00:59.030937,2026-08-27T15:01:00.462522
30,16,14,repl,3,False,20,1.3531,5404,2026-08-27T15:00:59.353722,2026-08-27T15:01:00.706851
30,16,9,repl,3,False,5,0.8839,5,2026-08-27T15:01:00.026915,2026-08-27T15:01:00.910807
30,16,9,repl,3,False,6,0.0941,1,2026-08-27T15:01:00.910948,2026-08-27T15:01:01.013976
30,16,5,repl,3,False,16,0.9012,27840,2026-08-27T15:01:00.127614,2026-08-27T15:01:01.028866
30,16,11,repl,3,False,2,1.1125,100,2026-08-27T15:01:00.039343,2026-08-27T15:01:01.151910
30,16,1,repl,3,False,16,1.4296,27840,2026-08-27T15:00:59.790533,2026-08-27T15:01:01.220318
30,16,12,repl,3,False,21,1.4152,100,2026-08-27T15:00:59.862326,2026-08-27T15:01:01.277580
30,16,5,repl,3,False,17,0.3455,1,2026-08-27T15:01:01.033564,2026-08-27T15:01:01.379126
30,16,9,repl,3,False,7,0.4548,4,2026-08-27T15:01:01.014083,2026-08-27T15:01:01.468967
30,16,0,repl,3,False,18,1.1229,100,2026-08-27T15:01:00.381480,2026-08-27T15:01:01.504389
30,16,0,repl,3,False,19,0.35,1,2026-08-27T15:01:01.504510,2026-08-27T15:01:01.854537
30,16,1,repl,3,False,17,0.6831,1,2026-08-27T15:01:01.221377,2026-08-27T15:01:01.904502
30,16,10,repl,3,False,22,1.6204,7,2026-08-27T15:01:00.462642,2026-08-27T15:01:02.083056
30,16,10,repl,3,False,1,0.2465,4,2026-08-27T15:01:02.083173,2026-08-27T15:01:02.329736
30,16,12,repl,3,False,22,1.1457,7,2026-08-27T15:01:01.277683,2026-08-27T15:01:02.423389
30,16,9,repl,3,False,8,1.0916,2,2026-08-27T15:01:01.469085,2026-08-27T15:01:02.560716
30,16,5,repl,3,False,18,1.194,100,2026-08-27T15:01:01.379240,2026-08-27T15:01:02.573218
30,16,13,repl,3,False,7,2.2284,4,2026-08-27T15:01:00.373223,2026-08-27T15:01:02.601666
30,16,0,repl,3,False,20,0.802,5404,2026-08-27T15:01:01.854655,2026-08-27T15:01:02.656715
30,16,12,repl,3,False,1,0.2956,4,2026-08-27T15:01:02.423515,2026-08-27T15:01:02.719109
30,16,14,repl,3,False,21,2.049,100,2026-08-27T15:01:00.706977,2026-08-27T15:01:02.755968
30,16,10,repl,3,False,2,0.5469,100,2026-08-27T15:01:02.329826,2026-08-27T15:01:02.876791
30,16,5,repl,3,False,19,0.3718,1,2026-08-27T15:01:02.573306,2026-08-27T15:01:02.945122
30,16,11,repl,3,False,3,1.9081,10,2026-08-27T15:01:01.157872,2026-08-27T15:01:03.065982
30,16,1,repl,3,False,18,1.2717,100,2026-08-27T15:01:01.904633,2026-08-27T15:01:03.176342
30,16,12,repl,3,False,2,0.5786,100,2026-08-27T15:01:02.719217,2026-08-27T15:01:03.297873
30,16,5,repl,3,False,20,0.3864,5404,2026-08-27T15:01:02.945231,2026-08-27T15:01:03.331623
30,16,13,repl,3,False,8,0.7714,2,2026-08-27T15:01:02.601773,2026-08-27T15:01:03.373195
30,16,1,repl,3,False,19,0.2627,1,2026-08-27T15:01:03.176453,2026-08-27T15:01:03.439135
30,16,0,repl,3,False,21,0.8993,100,2026-08-27T15:01:02.656838,2026-08-27T15:01:03.556175
30,16,10,repl,3,False,3,1.1477,10,2026-08-27T15:01:02.876869,2026-08-27T15:01:04.024610
30,16,11,repl,3,False,4,0.9722,5,2026-08-27T15:01:03.066089,2026-08-27T15:01:04.038319
30,16,14,repl,3,False,22,1.2933,7,2026-08-27T15:01:02.756082,2026-08-27T15:01:04.049443
30,16,1,repl,3,False,20,0.6458,5404,2026-08-27T15:01:03.439255,2026-08-27T15:01:04.085127
30,16,0,repl,3,False,22,0.5619,7,2026-08-27T15:01:03.556317,2026-08-27T15:01:04.118242
30,16,12,repl,3,False,3,0.9766,10,2026-08-27T15:01:03.298003,2026-08-27T15:01:04.274631
30,16,5,repl,3,False,21,0.9709,100,2026-08-27T15:01:03.331724,2026-08-27T15:01:04.302612
30,16,14,repl,3,False,1,0.3201,4,2026-08-27T15:01:04.049601,2026-08-27T15:01:04.369736
30,16,10,repl,3,False,4,0.6209,5,2026-08-27T15:01:04.024683,2026-08-27T15:01:04.645574
30,16,12,repl,3,False,4,0.4827,5,2026-08-27T15:01:04.274735,2026-08-27T15:01:04.757428
30,16,14,repl,3,False,2,0.4406,100,2026-08-27T15:01:04.369841,2026-08-27T15:01:04.810476
30,16,11,repl,3,False,5,0.7959,5,2026-08-27T15:01:04.038449,2026-08-27T15:01:04.834354
30,16,11,repl,3,False,6,0.0517,1,2026-08-27T15:01:04.834499,2026-08-27T15:01:04.886263
30,16,5,repl,3,False,22,0.6409,7,2026-08-27T15:01:04.302722,2026-08-27T15:01:04.943608
30,16,1,repl,3,False,21,0.8829,100,2026-08-27T15:01:04.085221,2026-08-27T15:01:04.968186
30,16,5,repl,3,False,1,0.1555,4,2026-08-27T15:01:04.943714,2026-08-27T15:01:05.099281
30,16,2,repl,3,False,18,17.7446,100,2026-08-27T15:00:47.770945,2026-08-27T15:01:05.515650
30,16,9,repl,3,False,9,2.9648,175,2026-08-27T15:01:02.560821,2026-08-27T15:01:05.525598
30,16,5,repl,3,False,2,0.4786,100,2026-08-27T15:01:05.099392,2026-08-27T15:01:05.577979
30,16,12,repl,3,False,5,0.8306,5,2026-08-27T15:01:04.757539,2026-08-27T15:01:05.588172
30,16,12,repl,3,False,6,0.0831,1,2026-08-27T15:01:05.588257,2026-08-27T15:01:05.671365
30,16,10,repl,3,False,5,1.0626,5,2026-08-27T15:01:04.645714,2026-08-27T15:01:05.708384
30,16,2,repl,3,False,19,0.4748,1,2026-08-27T15:01:05.515796,2026-08-27T15:01:05.990615
30,16,10,repl,3,False,6,0.3041,1,2026-08-27T15:01:05.708508,2026-08-27T15:01:06.012594
30,16,13,repl,3,False,9,2.7502,175,2026-08-27T15:01:03.373308,2026-08-27T15:01:06.123529
30,16,1,repl,3,False,22,1.3122,7,2026-08-27T15:01:04.969557,2026-08-27T15:01:06.281802
30,16,14,repl,3,False,3,1.552,10,2026-08-27T15:01:04.810573,2026-08-27T15:01:06.362620
30,16,5,repl,3,False,3,0.8093,10,2026-08-27T15:01:05.578091,2026-08-27T15:01:06.387459
30,16,12,repl,3,False,7,0.7584,4,2026-08-27T15:01:05.671456,2026-08-27T15:01:06.429885
30,16,1,repl,3,False,1,0.2181,4,2026-08-27T15:01:06.281921,2026-08-27T15:01:06.500013
30,16,2,repl,3,False,20,0.5372,5404,2026-08-27T15:01:05.990757,2026-08-27T15:01:06.528017
30,16,11,repl,3,False,7,1.8626,4,2026-08-27T15:01:04.886383,2026-08-27T15:01:06.749052
30,16,10,repl,3,False,7,0.7752,4,2026-08-27T15:01:06.012708,2026-08-27T15:01:06.787887
30,16,5,repl,3,False,4,0.551,5,2026-08-27T15:01:06.387557,2026-08-27T15:01:06.938630
30,16,12,repl,3,False,8,0.6268,2,2026-08-27T15:01:06.429967,2026-08-27T15:01:07.056786
30,16,13,repl,3,False,10,1.1299,20,2026-08-27T15:01:06.123648,2026-08-27T15:01:07.253615
30,16,13,repl,3,False,11,0.1409,0,2026-08-27T15:01:07.253726,2026-08-27T15:01:07.394700
30,16,14,repl,3,False,4,1.0613,5,2026-08-27T15:01:06.362733,2026-08-27T15:01:07.424064
30,16,5,repl,3,False,5,0.6155,5,2026-08-27T15:01:06.938764,2026-08-27T15:01:07.554285
30,16,10,repl,3,False,8,0.7924,2,2026-08-27T15:01:06.787998,2026-08-27T15:01:07.580466
30,16,2,repl,3,False,21,1.0685,100,2026-08-27T15:01:06.528326,2026-08-27T15:01:07.596869
30,16,11,repl,3,False,8,1.0026,2,2026-08-27T15:01:06.754045,2026-08-27T15:01:07.756648
30,16,13,repl,3,False,12,0.4874,2,2026-08-27T15:01:07.394859,2026-08-27T15:01:07.882282
30,16,14,repl,3,False,5,0.5853,5,2026-08-27T15:01:07.424171,2026-08-27T15:01:08.009464
30,16,2,repl,3,False,22,0.529,7,2026-08-27T15:01:07.596993,2026-08-27T15:01:08.126068
30,16,14,repl,3,False,6,0.1538,1,2026-08-27T15:01:08.013652,2026-08-27T15:01:08.167497
30,16,2,repl,3,False,1,0.1609,4,2026-08-27T15:01:08.126180,2026-08-27T15:01:08.287074
30,16,13,repl,3,False,13,0.5813,45,2026-08-27T15:01:07.882396,2026-08-27T15:01:08.463776
30,16,2,repl,3,False,2,0.2147,100,2026-08-27T15:01:08.287146,2026-08-27T15:01:08.501832
30,16,14,repl,3,False,7,0.3739,4,2026-08-27T15:01:08.167821,2026-08-27T15:01:08.541774
30,16,12,repl,3,False,9,2.0526,175,2026-08-27T15:01:07.056893,2026-08-27T15:01:09.113552
30,16,10,repl,3,False,9,1.6525,175,2026-08-27T15:01:07.580545,2026-08-27T15:01:09.233114
30,16,14,repl,3,False,8,0.7612,2,2026-08-27T15:01:08.541872,2026-08-27T15:01:09.303077
30,16,11,repl,3,False,9,1.8459,175,2026-08-27T15:01:07.756775,2026-08-27T15:01:09.602710
30,16,12,repl,3,False,10,0.6757,20,2026-08-27T15:01:09.113671,2026-08-27T15:01:09.789407
30,16,12,repl,3,False,11,0.081,0,2026-08-27T15:01:09.793585,2026-08-27T15:01:09.874668
30,16,10,repl,3,False,10,0.7127,20,2026-08-27T15:01:09.233208,2026-08-27T15:01:09.945905
30,16,11,repl,3,False,10,0.5929,20,2026-08-27T15:01:09.602799,2026-08-27T15:01:10.195699
30,16,12,repl,3,False,12,0.3698,2,2026-08-27T15:01:09.874796,2026-08-27T15:01:10.244651
30,16,11,repl,3,False,11,0.0553,0,2026-08-27T15:01:10.195805,2026-08-27T15:01:10.251136
30,16,14,repl,3,False,9,1.5993,175,2026-08-27T15:01:09.303205,2026-08-27T15:01:10.902549
30,16,14,repl,3,False,10,0.388,20,2026-08-27T15:01:10.902625,2026-08-27T15:01:11.290678
30,16,14,repl,3,False,11,0.0485,0,2026-08-27T15:01:11.290760,2026-08-27T15:01:11.339317
30,16,14,repl,3,False,12,0.2036,2,2026-08-27T15:01:11.339398,2026-08-27T15:01:11.542993
30,16,14,repl,3,False,13,0.3641,45,2026-08-27T15:01:11.543078,2026-08-27T15:01:11.907233
30,16,14,repl,3,False,14,0.1401,1,2026-08-27T15:01:11.907318,2026-08-27T15:01:12.047436
30,16,0,repl,4,False,1,0.1439,4,2026-08-27T15:01:12.059194,2026-08-27T15:01:12.203077
30,16,5,repl,4,False,6,0.1521,1,2026-08-27T15:01:12.089538,2026-08-27T15:01:12.241702
30,16,1,repl,4,False,2,0.4508,100,2026-08-27T15:01:12.062487,2026-08-27T15:01:12.513302
30,16,3,repl,4,False,4,0.49,5,2026-08-27T15:01:12.077750,2026-08-27T15:01:12.567771
30,16,2,repl,4,False,3,0.8652,10,2026-08-27T15:01:12.073854,2026-08-27T15:01:12.939077
30,16,4,repl,4,False,5,0.9962,5,2026-08-27T15:01:12.081746,2026-08-27T15:01:13.077971
30,16,10,repl,4,False,11,0.9587,0,2026-08-27T15:01:12.140003,2026-08-27T15:01:13.098765
30,16,6,repl,4,False,7,1.0135,4,2026-08-27T15:01:12.097619,2026-08-27T15:01:13.111156
30,16,4,repl,4,False,6,0.2126,1,2026-08-27T15:01:13.078085,2026-08-27T15:01:13.290710
30,16,1,repl,4,False,3,0.968,10,2026-08-27T15:01:12.513411,2026-08-27T15:01:13.481478
30,16,14,repl,4,False,15,1.2961,1,2026-08-27T15:01:12.193796,2026-08-27T15:01:13.489988
30,16,2,repl,4,False,4,0.6226,5,2026-08-27T15:01:12.939199,2026-08-27T15:01:13.561789
30,16,3,repl,4,False,5,1.0044,5,2026-08-27T15:01:12.573583,2026-08-27T15:01:13.577999
30,16,3,repl,4,False,6,0.0641,1,2026-08-27T15:01:13.578117,2026-08-27T15:01:13.642204
30,16,1,repl,4,False,4,0.4152,5,2026-08-27T15:01:13.481582,2026-08-27T15:01:13.896862
30,16,10,repl,4,False,12,1.0271,2,2026-08-27T15:01:13.098884,2026-08-27T15:01:14.126031
30,16,7,repl,4,False,8,2.0643,2,2026-08-27T15:01:12.105627,2026-08-27T15:01:14.169985
30,16,4,repl,4,False,7,0.9141,4,2026-08-27T15:01:13.290823,2026-08-27T15:01:14.204934
30,16,2,repl,4,False,5,0.8025,5,2026-08-27T15:01:13.561873,2026-08-27T15:01:14.369823
30,16,14,repl,4,False,16,0.907,27840,2026-08-27T15:01:13.490104,2026-08-27T15:01:14.397089
30,16,2,repl,4,False,6,0.0694,1,2026-08-27T15:01:14.369964,2026-08-27T15:01:14.439417
30,16,0,repl,4,False,2,2.3904,100,2026-08-27T15:01:12.205580,2026-08-27T15:01:14.596048
30,16,9,repl,4,False,10,2.5276,20,2026-08-27T15:01:12.125871,2026-08-27T15:01:14.657528
30,16,1,repl,4,False,5,0.9174,5,2026-08-27T15:01:13.896971,2026-08-27T15:01:14.814434
30,16,3,repl,4,False,7,1.1871,4,2026-08-27T15:01:13.642318,2026-08-27T15:01:14.829397
30,16,1,repl,4,False,6,0.0718,1,2026-08-27T15:01:14.814546,2026-08-27T15:01:14.886351
30,16,14,repl,4,False,17,0.5322,1,2026-08-27T15:01:14.397207,2026-08-27T15:01:14.929394
30,16,2,repl,4,False,7,0.8365,4,2026-08-27T15:01:14.439656,2026-08-27T15:01:15.276140
30,16,8,repl,4,False,9,3.5265,175,2026-08-27T15:01:12.115455,2026-08-27T15:01:15.642003
30,16,1,repl,4,False,7,0.9406,4,2026-08-27T15:01:14.886473,2026-08-27T15:01:15.827113
30,16,10,repl,4,False,13,1.7704,45,2026-08-27T15:01:14.126151,2026-08-27T15:01:15.896587
30,16,11,repl,4,False,12,3.7497,2,2026-08-27T15:01:12.153557,2026-08-27T15:01:15.903273
30,16,9,repl,4,False,11,1.2583,0,2026-08-27T15:01:14.657630,2026-08-27T15:01:15.916006
30,16,14,repl,4,False,18,1.1084,100,2026-08-27T15:01:14.929580,2026-08-27T15:01:16.038038
30,16,13,repl,4,False,14,3.9881,1,2026-08-27T15:01:12.172679,2026-08-27T15:01:16.160827
30,16,2,repl,4,False,8,0.9447,2,2026-08-27T15:01:15.276304,2026-08-27T15:01:16.221046
30,16,3,repl,4,False,8,1.4197,2,2026-08-27T15:01:14.829514,2026-08-27T15:01:16.249223
30,16,4,repl,4,False,8,2.1369,2,2026-08-27T15:01:14.205027,2026-08-27T15:01:16.341975
30,16,14,repl,4,False,19,0.3614,1,2026-08-27T15:01:16.038135,2026-08-27T15:01:16.399598
30,16,6,repl,4,False,8,3.5499,2,2026-08-27T15:01:13.111264,2026-08-27T15:01:16.661155
30,16,10,repl,4,False,14,0.8506,1,2026-08-27T15:01:15.896725,2026-08-27T15:01:16.747373
30,16,1,repl,4,False,8,1.0056,2,2026-08-27T15:01:15.827229,2026-08-27T15:01:16.832822
30,16,10,repl,4,False,15,0.3656,1,2026-08-27T15:01:16.753563,2026-08-27T15:01:17.119189
30,16,9,repl,4,False,12,1.2232,2,2026-08-27T15:01:15.916127,2026-08-27T15:01:17.139578
30,16,11,repl,4,False,13,1.3045,45,2026-08-27T15:01:15.903365,2026-08-27T15:01:17.223660
30,16,15,repl,4,False,16,5.0019,27840,2026-08-27T15:01:12.218430,2026-08-27T15:01:17.235670
30,16,14,repl,4,False,20,0.8453,5404,2026-08-27T15:01:16.399727,2026-08-27T15:01:17.245066
30,16,11,repl,4,False,14,0.5349,1,2026-08-27T15:01:17.223828,2026-08-27T15:01:17.758729
30,16,15,repl,4,False,17,0.6064,1,2026-08-27T15:01:17.235800,2026-08-27T15:01:17.842186
30,16,13,repl,4,False,15,2.0388,1,2026-08-27T15:01:16.160945,2026-08-27T15:01:18.199829
30,16,11,repl,4,False,15,0.6897,1,2026-08-27T15:01:17.758882,2026-08-27T15:01:18.448632
30,16,10,repl,4,False,16,1.4498,27840,2026-08-27T15:01:17.119282,2026-08-27T15:01:18.569083
30,16,1,repl,4,False,9,1.8084,175,2026-08-27T15:01:16.832930,2026-08-27T15:01:18.641331
30,16,2,repl,4,False,9,2.7306,175,2026-08-27T15:01:16.229643,2026-08-27T15:01:18.965547
30,16,12,repl,4,False,13,7.1058,45,2026-08-27T15:01:12.168737,2026-08-27T15:01:19.274543
30,16,8,repl,4,False,10,3.6731,20,2026-08-27T15:01:15.642146,2026-08-27T15:01:19.315327
30,16,4,repl,4,False,9,3.0043,175,2026-08-27T15:01:16.342092,2026-08-27T15:01:19.346445
30,16,15,repl,4,False,18,1.5946,100,2026-08-27T15:01:17.842329,2026-08-27T15:01:19.436940
30,16,3,repl,4,False,9,3.2921,175,2026-08-27T15:01:16.253591,2026-08-27T15:01:19.545752
30,16,10,repl,4,False,17,0.9823,1,2026-08-27T15:01:18.573635,2026-08-27T15:01:19.555964
30,16,11,repl,4,False,16,1.2994,27840,2026-08-27T15:01:18.453572,2026-08-27T15:01:19.753855
30,16,8,repl,4,False,11,0.5158,0,2026-08-27T15:01:19.315451,2026-08-27T15:01:19.831278
30,16,15,repl,4,False,19,0.4298,1,2026-08-27T15:01:19.437772,2026-08-27T15:01:19.867648
30,16,7,repl,4,False,9,5.7237,175,2026-08-27T15:01:14.170096,2026-08-27T15:01:19.893796
30,16,1,repl,4,False,10,1.2903,20,2026-08-27T15:01:18.641456,2026-08-27T15:01:19.931794
30,16,1,repl,4,False,11,0.3108,0,2026-08-27T15:01:19.931908,2026-08-27T15:01:20.242754
30,16,2,repl,4,False,10,1.2985,20,2026-08-27T15:01:18.985755,2026-08-27T15:01:20.284351
30,16,11,repl,4,False,17,0.5681,1,2026-08-27T15:01:19.753972,2026-08-27T15:01:20.322079
30,16,2,repl,4,False,11,0.3174,0,2026-08-27T15:01:20.285251,2026-08-27T15:01:20.602653
30,16,1,repl,4,False,12,0.9037,2,2026-08-27T15:01:20.242884,2026-08-27T15:01:21.146586
30,16,15,repl,4,False,20,1.3331,5404,2026-08-27T15:01:19.869588,2026-08-27T15:01:21.202712
30,16,3,repl,4,False,10,1.6785,20,2026-08-27T15:01:19.545886,2026-08-27T15:01:21.224403
30,16,8,repl,4,False,12,1.406,2,2026-08-27T15:01:19.833603,2026-08-27T15:01:21.239625
30,16,10,repl,4,False,18,1.8946,100,2026-08-27T15:01:19.561583,2026-08-27T15:01:21.456209
30,16,2,repl,4,False,12,0.924,2,2026-08-27T15:01:20.602785,2026-08-27T15:01:21.526826
30,16,11,repl,4,False,18,1.3692,100,2026-08-27T15:01:20.322195,2026-08-27T15:01:21.691384
30,16,3,repl,4,False,11,0.7362,0,2026-08-27T15:01:21.224528,2026-08-27T15:01:21.960747
30,16,4,repl,4,False,10,2.7376,20,2026-08-27T15:01:19.346555,2026-08-27T15:01:22.084143
30,16,14,repl,4,False,21,4.9307,100,2026-08-27T15:01:17.245210,2026-08-27T15:01:22.175893
30,16,11,repl,4,False,19,0.5109,1,2026-08-27T15:01:21.691502,2026-08-27T15:01:22.202398
30,16,1,repl,4,False,13,1.1038,45,2026-08-27T15:01:21.146712,2026-08-27T15:01:22.250517
30,16,10,repl,4,False,19,0.9676,1,2026-08-27T15:01:21.456304,2026-08-27T15:01:22.423946
30,16,1,repl,4,False,14,0.4535,1,2026-08-27T15:01:22.250633,2026-08-27T15:01:22.704150
30,16,4,repl,4,False,11,0.8267,0,2026-08-27T15:01:22.084287,2026-08-27T15:01:22.910989
30,16,1,repl,4,False,15,0.2846,1,2026-08-27T15:01:22.709591,2026-08-27T15:01:22.994232
30,16,2,repl,4,False,13,1.4777,45,2026-08-27T15:01:21.526947,2026-08-27T15:01:23.004646
30,16,6,repl,4,False,9,6.3881,175,2026-08-27T15:01:16.661280,2026-08-27T15:01:23.049395
30,16,3,repl,4,False,12,1.1078,2,2026-08-27T15:01:21.960868,2026-08-27T15:01:23.069462
30,16,11,repl,4,False,20,0.9127,5404,2026-08-27T15:01:22.202500,2026-08-27T15:01:23.115244
30,16,15,repl,4,False,21,1.924,100,2026-08-27T15:01:21.209671,2026-08-27T15:01:23.133734
30,16,8,repl,4,False,13,1.9577,45,2026-08-27T15:01:21.239736,2026-08-27T15:01:23.197433
30,16,7,repl,4,False,10,3.7217,20,2026-08-27T15:01:19.893982,2026-08-27T15:01:23.615710
30,16,1,repl,4,False,16,0.8378,27840,2026-08-27T15:01:22.994350,2026-08-27T15:01:23.832335
30,16,4,repl,4,False,12,0.9188,2,2026-08-27T15:01:22.913614,2026-08-27T15:01:23.832468
30,16,8,repl,4,False,14,0.6818,1,2026-08-27T15:01:23.197574,2026-08-27T15:01:23.879349
30,16,2,repl,4,False,14,0.8828,1,2026-08-27T15:01:23.007393,2026-08-27T15:01:23.890200
30,16,3,repl,4,False,13,0.8367,45,2026-08-27T15:01:23.099113,2026-08-27T15:01:23.936760
30,16,10,repl,4,False,20,1.5239,5404,2026-08-27T15:01:22.424059,2026-08-27T15:01:23.947984
30,16,15,repl,4,False,22,0.8524,7,2026-08-27T15:01:23.133880,2026-08-27T15:01:23.986304
30,16,11,repl,4,False,21,1.0522,100,2026-08-27T15:01:23.115373,2026-08-27T15:01:24.167620
30,16,15,repl,4,False,1,0.3266,4,2026-08-27T15:01:23.986427,2026-08-27T15:01:24.313083
30,16,7,repl,4,False,11,0.7159,0,2026-08-27T15:01:23.615833,2026-08-27T15:01:24.331777
30,16,8,repl,4,False,15,0.5587,1,2026-08-27T15:01:23.879995,2026-08-27T15:01:24.438760
30,16,1,repl,4,False,17,0.5903,1,2026-08-27T15:01:23.862121,2026-08-27T15:01:24.452429
30,16,3,repl,4,False,14,0.7057,1,2026-08-27T15:01:23.936889,2026-08-27T15:01:24.642581
30,16,2,repl,4,False,15,0.9602,1,2026-08-27T15:01:23.890290,2026-08-27T15:01:24.850498
30,16,4,repl,4,False,13,1.1166,45,2026-08-27T15:01:23.849731,2026-08-27T15:01:24.966354
30,16,3,repl,4,False,15,0.3289,1,2026-08-27T15:01:24.642711,2026-08-27T15:01:24.971669
30,16,11,repl,4,False,22,0.8827,7,2026-08-27T15:01:24.167734,2026-08-27T15:01:25.050501
30,16,8,repl,4,False,16,0.8302,27840,2026-08-27T15:01:24.438890,2026-08-27T15:01:25.269106
30,16,15,repl,4,False,2,0.9687,100,2026-08-27T15:01:24.313203,2026-08-27T15:01:25.281957
30,16,7,repl,4,False,12,0.9502,2,2026-08-27T15:01:24.331889,2026-08-27T15:01:25.282062
30,16,4,repl,4,False,14,0.377,1,2026-08-27T15:01:24.966482,2026-08-27T15:01:25.343495
30,16,12,repl,4,False,14,6.08,1,2026-08-27T15:01:19.274665,2026-08-27T15:01:25.354721
30,16,9,repl,4,False,13,8.2348,45,2026-08-27T15:01:17.139668,2026-08-27T15:01:25.374450
30,16,14,repl,4,False,22,3.2261,7,2026-08-27T15:01:22.176009,2026-08-27T15:01:25.402099
30,16,4,repl,4,False,15,0.352,1,2026-08-27T15:01:25.343611,2026-08-27T15:01:25.695667
30,16,8,repl,4,False,17,0.4567,1,2026-08-27T15:01:25.277746,2026-08-27T15:01:25.734475
30,16,13,repl,4,False,16,7.6877,27840,2026-08-27T15:01:18.199947,2026-08-27T15:01:25.887631
30,16,1,repl,4,False,18,1.64,100,2026-08-27T15:01:24.452552,2026-08-27T15:01:26.092603
30,16,10,repl,4,False,21,2.1799,100,2026-08-27T15:01:23.953615,2026-08-27T15:01:26.134776
30,16,3,repl,4,False,16,1.1781,27840,2026-08-27T15:01:24.971835,2026-08-27T15:01:26.149963
30,16,7,repl,4,False,13,1.1255,45,2026-08-27T15:01:25.294591,2026-08-27T15:01:26.420176
30,16,14,repl,4,False,1,1.1204,4,2026-08-27T15:01:25.402210,2026-08-27T15:01:26.522667
30,16,15,repl,4,False,3,1.2796,10,2026-08-27T15:01:25.282559,2026-08-27T15:01:26.562186
30,16,1,repl,4,False,19,0.5303,1,2026-08-27T15:01:26.092744,2026-08-27T15:01:26.623086
30,16,12,repl,4,False,15,1.277,1,2026-08-27T15:01:25.354844,2026-08-27T15:01:26.631915
30,16,2,repl,4,False,16,1.8268,27840,2026-08-27T15:01:24.850614,2026-08-27T15:01:26.677430
30,16,7,repl,4,False,14,0.3098,1,2026-08-27T15:01:26.420266,2026-08-27T15:01:26.732610
30,16,4,repl,4,False,16,1.0735,27840,2026-08-27T15:01:25.695816,2026-08-27T15:01:26.769313
30,16,3,repl,4,False,17,0.6928,1,2026-08-27T15:01:26.173571,2026-08-27T15:01:26.866434
30,16,7,repl,4,False,15,0.3011,1,2026-08-27T15:01:26.741534,2026-08-27T15:01:27.042652
30,16,14,repl,4,False,2,0.5548,100,2026-08-27T15:01:26.522786,2026-08-27T15:01:27.077654
30,16,8,repl,4,False,18,1.4263,100,2026-08-27T15:01:25.734585,2026-08-27T15:01:27.160925
30,16,4,repl,4,False,17,0.3882,1,2026-08-27T15:01:26.773597,2026-08-27T15:01:27.161834
30,16,10,repl,4,False,22,1.2284,7,2026-08-27T15:01:26.150256,2026-08-27T15:01:27.378721
30,16,12,repl,4,False,16,1.0229,27840,2026-08-27T15:01:26.632062,2026-08-27T15:01:27.655062
30,16,8,repl,4,False,19,0.4682,1,2026-08-27T15:01:27.165572,2026-08-27T15:01:27.665630
30,16,10,repl,4,False,1,0.3996,4,2026-08-27T15:01:27.378815,2026-08-27T15:01:27.778442
30,16,7,repl,4,False,16,0.9528,27840,2026-08-27T15:01:27.042741,2026-08-27T15:01:28.001547
30,16,5,repl,4,False,7,15.7972,4,2026-08-27T15:01:12.241792,2026-08-27T15:01:28.038977
30,16,2,repl,4,False,17,1.5344,1,2026-08-27T15:01:26.677589,2026-08-27T15:01:28.212063
30,16,12,repl,4,False,17,0.5895,1,2026-08-27T15:01:27.655157,2026-08-27T15:01:28.244635
30,16,1,repl,4,False,20,1.6799,5404,2026-08-27T15:01:26.623195,2026-08-27T15:01:28.303094
30,16,14,repl,4,False,3,1.2832,10,2026-08-27T15:01:27.077762,2026-08-27T15:01:28.360967
30,16,8,repl,4,False,20,0.8035,5404,2026-08-27T15:01:27.665793,2026-08-27T15:01:28.469310
30,16,7,repl,4,False,17,0.5416,1,2026-08-27T15:01:28.001659,2026-08-27T15:01:28.543257
30,16,10,repl,4,False,2,0.8455,100,2026-08-27T15:01:27.778570,2026-08-27T15:01:28.624081
30,16,4,repl,4,False,18,1.5696,100,2026-08-27T15:01:27.177687,2026-08-27T15:01:28.747339
30,16,6,repl,4,False,10,5.8519,20,2026-08-27T15:01:23.049711,2026-08-27T15:01:28.901598
30,16,3,repl,4,False,18,2.2552,100,2026-08-27T15:01:26.866550,2026-08-27T15:01:29.121824
30,16,4,repl,4,False,19,0.5036,1,2026-08-27T15:01:28.747453,2026-08-27T15:01:29.251120
30,16,2,repl,4,False,18,1.304,100,2026-08-27T15:01:28.212181,2026-08-27T15:01:29.516191
30,16,14,repl,4,False,4,1.1712,5,2026-08-27T15:01:28.361057,2026-08-27T15:01:29.532280
30,16,7,repl,4,False,18,1.0693,100,2026-08-27T15:01:28.543367,2026-08-27T15:01:29.612713
30,16,3,repl,4,False,19,0.6911,1,2026-08-27T15:01:29.121907,2026-08-27T15:01:29.813033
30,16,2,repl,4,False,19,0.3661,1,2026-08-27T15:01:29.516305,2026-08-27T15:01:29.882400
30,16,8,repl,4,False,21,1.5064,100,2026-08-27T15:01:28.473546,2026-08-27T15:01:29.981636
30,16,4,repl,4,False,20,0.7424,5404,2026-08-27T15:01:29.251229,2026-08-27T15:01:29.993624
30,16,7,repl,4,False,19,0.4362,1,2026-08-27T15:01:29.612860,2026-08-27T15:01:30.049109
30,16,10,repl,4,False,3,1.6539,10,2026-08-27T15:01:28.624185,2026-08-27T15:01:30.278124
30,16,1,repl,4,False,21,2.0523,100,2026-08-27T15:01:28.309551,2026-08-27T15:01:30.361899
30,16,2,repl,4,False,20,0.6118,5404,2026-08-27T15:01:29.882541,2026-08-27T15:01:30.494416
30,16,8,repl,4,False,22,0.7656,7,2026-08-27T15:01:29.981747,2026-08-27T15:01:30.747383
30,16,7,repl,4,False,20,0.7833,5404,2026-08-27T15:01:30.049218,2026-08-27T15:01:30.832531
30,16,3,repl,4,False,20,1.0783,5404,2026-08-27T15:01:29.813148,2026-08-27T15:01:30.891484
30,16,14,repl,4,False,5,1.3727,5,2026-08-27T15:01:29.532402,2026-08-27T15:01:30.905107
30,16,8,repl,4,False,1,0.1859,4,2026-08-27T15:01:30.747489,2026-08-27T15:01:30.933461
30,16,14,repl,4,False,6,0.1648,1,2026-08-27T15:01:30.905217,2026-08-27T15:01:31.070020
30,16,4,repl,4,False,21,1.3417,100,2026-08-27T15:01:29.993804,2026-08-27T15:01:31.335536
30,16,10,repl,4,False,4,1.2798,5,2026-08-27T15:01:30.278233,2026-08-27T15:01:31.558016
30,16,8,repl,4,False,2,0.636,100,2026-08-27T15:01:30.933590,2026-08-27T15:01:31.569664
30,16,12,repl,4,False,18,3.5104,100,2026-08-27T15:01:28.244737,2026-08-27T15:01:31.755121
30,16,14,repl,4,False,7,0.7358,4,2026-08-27T15:01:31.070100,2026-08-27T15:01:31.805888
30,16,15,repl,4,False,4,5.2512,5,2026-08-27T15:01:26.562329,2026-08-27T15:01:31.813561
30,16,2,repl,4,False,21,1.356,100,2026-08-27T15:01:30.494533,2026-08-27T15:01:31.850562
30,16,7,repl,4,False,21,1.0498,100,2026-08-27T15:01:30.837540,2026-08-27T15:01:31.887371
30,16,9,repl,4,False,14,6.5925,1,2026-08-27T15:01:25.374542,2026-08-27T15:01:31.967117
30,16,10,repl,4,False,5,0.565,5,2026-08-27T15:01:31.558133,2026-08-27T15:01:32.123176
30,16,10,repl,4,False,6,0.099,1,2026-08-27T15:01:32.123280,2026-08-27T15:01:32.222281
30,16,6,repl,4,False,11,3.4146,0,2026-08-27T15:01:28.901736,2026-08-27T15:01:32.316396
30,16,4,repl,4,False,22,1.0347,7,2026-08-27T15:01:31.335642,2026-08-27T15:01:32.370381
30,16,2,repl,4,False,22,0.6024,7,2026-08-27T15:01:31.850682,2026-08-27T15:01:32.453110
30,16,12,repl,4,False,19,0.7272,1,2026-08-27T15:01:31.755240,2026-08-27T15:01:32.482423
30,16,3,repl,4,False,21,1.635,100,2026-08-27T15:01:30.891574,2026-08-27T15:01:32.526572
30,16,7,repl,4,False,22,0.7316,7,2026-08-27T15:01:31.887500,2026-08-27T15:01:32.619098
30,16,4,repl,4,False,1,0.2731,4,2026-08-27T15:01:32.370484,2026-08-27T15:01:32.643578
30,16,2,repl,4,False,1,0.2858,4,2026-08-27T15:01:32.453240,2026-08-27T15:01:32.739044
30,16,8,repl,4,False,3,1.253,10,2026-08-27T15:01:31.569785,2026-08-27T15:01:32.822852
30,16,7,repl,4,False,1,0.2338,4,2026-08-27T15:01:32.619213,2026-08-27T15:01:32.853076
30,16,1,repl,4,False,22,2.6168,7,2026-08-27T15:01:30.361985,2026-08-27T15:01:32.978807
30,16,14,repl,4,False,8,1.1978,2,2026-08-27T15:01:31.805972,2026-08-27T15:01:33.003762
30,16,2,repl,4,False,2,0.3397,100,2026-08-27T15:01:32.739154,2026-08-27T15:01:33.078843
30,16,4,repl,4,False,2,0.4424,100,2026-08-27T15:01:32.643677,2026-08-27T15:01:33.086073
30,16,10,repl,4,False,7,0.8869,4,2026-08-27T15:01:32.222369,2026-08-27T15:01:33.109270
30,16,7,repl,4,False,2,0.2993,100,2026-08-27T15:01:32.853190,2026-08-27T15:01:33.152549
30,16,15,repl,4,False,5,1.4602,5,2026-08-27T15:01:31.813663,2026-08-27T15:01:33.273908
30,16,1,repl,4,False,1,0.3933,4,2026-08-27T15:01:32.978921,2026-08-27T15:01:33.372232
30,16,15,repl,4,False,6,0.1136,1,2026-08-27T15:01:33.274019,2026-08-27T15:01:33.387638
30,16,8,repl,4,False,4,0.6693,5,2026-08-27T15:01:32.822966,2026-08-27T15:01:33.492321
30,16,6,repl,4,False,12,1.3956,2,2026-08-27T15:01:32.316482,2026-08-27T15:01:33.712158
30,16,7,repl,4,False,3,0.7852,10,2026-08-27T15:01:33.153618,2026-08-27T15:01:33.938833
30,16,12,repl,4,False,20,1.5461,5404,2026-08-27T15:01:32.482615,2026-08-27T15:01:34.028716
30,16,3,repl,4,False,22,1.5209,7,2026-08-27T15:01:32.526679,2026-08-27T15:01:34.047602
30,16,4,repl,4,False,3,1.0315,10,2026-08-27T15:01:33.086189,2026-08-27T15:01:34.117748
30,16,10,repl,4,False,8,1.0122,2,2026-08-27T15:01:33.109376,2026-08-27T15:01:34.121640
30,16,15,repl,4,False,7,0.8419,4,2026-08-27T15:01:33.387750,2026-08-27T15:01:34.229666
30,16,9,repl,4,False,15,2.2688,1,2026-08-27T15:01:31.967208,2026-08-27T15:01:34.235986
30,16,13,repl,4,False,17,8.5234,1,2026-08-27T15:01:25.893560,2026-08-27T15:01:34.417020
30,16,3,repl,4,False,1,0.4287,4,2026-08-27T15:01:34.047976,2026-08-27T15:01:34.476718
30,16,7,repl,4,False,4,0.7091,5,2026-08-27T15:01:33.938945,2026-08-27T15:01:34.648103
30,16,8,repl,4,False,5,1.2007,5,2026-08-27T15:01:33.492448,2026-08-27T15:01:34.693151
30,16,8,repl,4,False,6,0.3487,1,2026-08-27T15:01:34.693265,2026-08-27T15:01:35.042005
30,16,4,repl,4,False,4,0.9397,5,2026-08-27T15:01:34.121933,2026-08-27T15:01:35.061664
30,16,3,repl,4,False,2,0.7032,100,2026-08-27T15:01:34.476829,2026-08-27T15:01:35.180098
30,16,6,repl,4,False,13,1.5526,45,2026-08-27T15:01:33.712269,2026-08-27T15:01:35.264862
30,16,9,repl,4,False,16,1.1415,27840,2026-08-27T15:01:34.236103,2026-08-27T15:01:35.377765
30,16,11,repl,4,False,1,10.588,4,2026-08-27T15:01:25.050644,2026-08-27T15:01:35.638706
30,16,0,repl,4,False,3,21.1193,10,2026-08-27T15:01:14.597601,2026-08-27T15:01:35.716940
30,16,7,repl,4,False,5,1.0901,5,2026-08-27T15:01:34.648190,2026-08-27T15:01:35.738351
30,16,9,repl,4,False,17,0.3965,1,2026-08-27T15:01:35.377931,2026-08-27T15:01:35.774508
30,16,7,repl,4,False,6,0.1216,1,2026-08-27T15:01:35.749581,2026-08-27T15:01:35.871258
30,16,12,repl,4,False,21,1.8585,100,2026-08-27T15:01:34.028851,2026-08-27T15:01:35.887431
30,16,8,repl,4,False,7,0.9041,4,2026-08-27T15:01:35.042109,2026-08-27T15:01:35.946232
30,16,15,repl,4,False,8,1.8577,2,2026-08-27T15:01:34.229769,2026-08-27T15:01:36.087535
30,16,3,repl,4,False,3,1.4272,10,2026-08-27T15:01:35.180190,2026-08-27T15:01:36.607371
30,16,7,repl,4,False,7,0.8,4,2026-08-27T15:01:35.871386,2026-08-27T15:01:36.671391
30,16,11,repl,4,False,2,1.0956,100,2026-08-27T15:01:35.638827,2026-08-27T15:01:36.734471
30,16,6,repl,4,False,14,1.4788,1,2026-08-27T15:01:35.277639,2026-08-27T15:01:36.758561
30,16,13,repl,4,False,18,2.4326,100,2026-08-27T15:01:34.417143,2026-08-27T15:01:36.849787
30,16,14,repl,4,False,9,3.8623,175,2026-08-27T15:01:33.003878,2026-08-27T15:01:36.866263
30,16,9,repl,4,False,18,1.1183,100,2026-08-27T15:01:35.774627,2026-08-27T15:01:36.892976
30,16,8,repl,4,False,8,1.1504,2,2026-08-27T15:01:35.946353,2026-08-27T15:01:37.096819
30,16,0,repl,4,False,4,1.4986,5,2026-08-27T15:01:35.721578,2026-08-27T15:01:37.220209
30,16,6,repl,4,False,15,0.504,1,2026-08-27T15:01:36.758685,2026-08-27T15:01:37.262702
30,16,13,repl,4,False,19,0.482,1,2026-08-27T15:01:36.849937,2026-08-27T15:01:37.331950
30,16,10,repl,4,False,9,3.2816,175,2026-08-27T15:01:34.124982,2026-08-27T15:01:37.406577
30,16,5,repl,4,False,8,9.3914,2,2026-08-27T15:01:28.039094,2026-08-27T15:01:37.430545
30,16,11,repl,4,False,3,0.7525,10,2026-08-27T15:01:36.734592,2026-08-27T15:01:37.487118
30,16,9,repl,4,False,19,0.601,1,2026-08-27T15:01:36.893092,2026-08-27T15:01:37.494095
30,16,12,repl,4,False,22,1.7152,7,2026-08-27T15:01:35.887555,2026-08-27T15:01:37.602827
30,16,14,repl,4,False,10,1.1216,20,2026-08-27T15:01:36.866402,2026-08-27T15:01:37.988045
30,16,11,repl,4,False,4,0.564,5,2026-08-27T15:01:37.489563,2026-08-27T15:01:38.055020
30,16,13,repl,4,False,20,0.7258,5404,2026-08-27T15:01:37.337464,2026-08-27T15:01:38.063273
30,16,0,repl,4,False,5,0.9307,5,2026-08-27T15:01:37.225592,2026-08-27T15:01:38.156374
30,16,0,repl,4,False,6,0.1526,1,2026-08-27T15:01:38.156464,2026-08-27T15:01:38.309112
30,16,14,repl,4,False,11,0.344,0,2026-08-27T15:01:37.988152,2026-08-27T15:01:38.332204
30,16,12,repl,4,False,1,0.8301,4,2026-08-27T15:01:37.602952,2026-08-27T15:01:38.433108
30,16,10,repl,4,False,10,1.0412,20,2026-08-27T15:01:37.406695,2026-08-27T15:01:38.447922
30,16,6,repl,4,False,16,1.2566,27840,2026-08-27T15:01:37.262859,2026-08-27T15:01:38.519503
30,16,9,repl,4,False,20,1.2061,5404,2026-08-27T15:01:37.497608,2026-08-27T15:01:38.703769
30,16,12,repl,4,False,2,0.4347,100,2026-08-27T15:01:38.437592,2026-08-27T15:01:38.872728
30,16,11,repl,4,False,5,0.9325,5,2026-08-27T15:01:38.055145,2026-08-27T15:01:38.987698
30,16,6,repl,4,False,17,0.4788,1,2026-08-27T15:01:38.519632,2026-08-27T15:01:38.998413
30,16,14,repl,4,False,12,0.7878,2,2026-08-27T15:01:38.333103,2026-08-27T15:01:39.120949
30,16,11,repl,4,False,6,0.1424,1,2026-08-27T15:01:38.987805,2026-08-27T15:01:39.130197
30,16,0,repl,4,False,7,1.0811,4,2026-08-27T15:01:38.309203,2026-08-27T15:01:39.390298
30,16,13,repl,4,False,21,1.6427,100,2026-08-27T15:01:38.064315,2026-08-27T15:01:39.707004
30,16,12,repl,4,False,3,0.8668,10,2026-08-27T15:01:38.872815,2026-08-27T15:01:39.739680
30,16,11,repl,4,False,7,0.7893,4,2026-08-27T15:01:39.130293,2026-08-27T15:01:39.919582
30,16,14,repl,4,False,13,1.0196,45,2026-08-27T15:01:39.125550,2026-08-27T15:01:40.145150
30,16,12,repl,4,False,4,0.578,5,2026-08-27T15:01:39.739831,2026-08-27T15:01:40.317871
30,16,0,repl,4,False,8,0.944,2,2026-08-27T15:01:39.390417,2026-08-27T15:01:40.334415
30,16,6,repl,4,False,18,1.4848,100,2026-08-27T15:01:38.998531,2026-08-27T15:01:40.483364
30,16,13,repl,4,False,22,0.8312,7,2026-08-27T15:01:39.707126,2026-08-27T15:01:40.538380
30,16,14,repl,4,False,14,0.4578,1,2026-08-27T15:01:40.149549,2026-08-27T15:01:40.607400
30,16,13,repl,4,False,1,0.1854,4,2026-08-27T15:01:40.538495,2026-08-27T15:01:40.723937
30,16,9,repl,4,False,21,2.0744,100,2026-08-27T15:01:38.703895,2026-08-27T15:01:40.778339
30,16,11,repl,4,False,8,0.871,2,2026-08-27T15:01:39.921602,2026-08-27T15:01:40.792681
30,16,15,repl,4,False,9,4.746,175,2026-08-27T15:01:36.087665,2026-08-27T15:01:40.833715
30,16,6,repl,4,False,19,0.3578,1,2026-08-27T15:01:40.483677,2026-08-27T15:01:40.841474
30,16,13,repl,4,False,2,0.2976,100,2026-08-27T15:01:40.724044,2026-08-27T15:01:41.021709
30,16,12,repl,4,False,5,0.8592,5,2026-08-27T15:01:40.317986,2026-08-27T15:01:41.177221
30,16,12,repl,4,False,6,0.1548,1,2026-08-27T15:01:41.181755,2026-08-27T15:01:41.336596
30,16,5,repl,4,False,9,4.0438,175,2026-08-27T15:01:37.430657,2026-08-27T15:01:41.474514
30,16,9,repl,4,False,22,0.8213,7,2026-08-27T15:01:40.778458,2026-08-27T15:01:41.599755
30,16,6,repl,4,False,20,0.8485,5404,2026-08-27T15:01:40.841607,2026-08-27T15:01:41.690163
30,16,9,repl,4,False,1,0.1896,4,2026-08-27T15:01:41.600037,2026-08-27T15:01:41.789624
30,16,13,repl,4,False,3,0.7796,10,2026-08-27T15:01:41.021850,2026-08-27T15:01:41.801483
30,16,12,repl,4,False,7,0.5988,4,2026-08-27T15:01:41.336712,2026-08-27T15:01:41.935537
30,16,15,repl,4,False,10,1.2141,20,2026-08-27T15:01:40.833843,2026-08-27T15:01:42.047958
30,16,9,repl,4,False,2,0.365,100,2026-08-27T15:01:41.789790,2026-08-27T15:01:42.154838
30,16,15,repl,4,False,11,0.2065,0,2026-08-27T15:01:42.048068,2026-08-27T15:01:42.254615
30,16,13,repl,4,False,4,0.482,5,2026-08-27T15:01:41.801652,2026-08-27T15:01:42.283671
30,16,11,repl,4,False,9,2.1104,175,2026-08-27T15:01:40.792766,2026-08-27T15:01:42.903168
30,16,12,repl,4,False,8,0.9829,2,2026-08-27T15:01:41.935798,2026-08-27T15:01:42.918743
30,16,9,repl,4,False,3,0.9109,10,2026-08-27T15:01:42.154975,2026-08-27T15:01:43.065915
30,16,0,repl,4,False,9,2.8184,175,2026-08-27T15:01:40.334499,2026-08-27T15:01:43.152972
30,16,13,repl,4,False,5,0.8738,5,2026-08-27T15:01:42.283783,2026-08-27T15:01:43.157631
30,16,13,repl,4,False,6,0.1173,1,2026-08-27T15:01:43.167418,2026-08-27T15:01:43.284746
30,16,6,repl,4,False,21,1.6114,100,2026-08-27T15:01:41.690275,2026-08-27T15:01:43.301731
30,16,15,repl,4,False,12,1.0577,2,2026-08-27T15:01:42.254733,2026-08-27T15:01:43.312422
30,16,9,repl,4,False,4,0.5247,5,2026-08-27T15:01:43.066022,2026-08-27T15:01:43.590713
30,16,5,repl,4,False,10,2.444,20,2026-08-27T15:01:41.474629,2026-08-27T15:01:43.918618
30,16,11,repl,4,False,10,1.0556,20,2026-08-27T15:01:42.903281,2026-08-27T15:01:43.958889
30,16,5,repl,4,False,11,0.1159,0,2026-08-27T15:01:43.918770,2026-08-27T15:01:44.034685
30,16,13,repl,4,False,7,0.7666,4,2026-08-27T15:01:43.284833,2026-08-27T15:01:44.051511
30,16,11,repl,4,False,11,0.1045,0,2026-08-27T15:01:43.966709,2026-08-27T15:01:44.071282
30,16,9,repl,4,False,5,0.7688,5,2026-08-27T15:01:43.590830,2026-08-27T15:01:44.359663
30,16,15,repl,4,False,13,1.0634,45,2026-08-27T15:01:43.321599,2026-08-27T15:01:44.385084
30,16,6,repl,4,False,22,1.1163,7,2026-08-27T15:01:43.301879,2026-08-27T15:01:44.418221
30,16,9,repl,4,False,6,0.0783,1,2026-08-27T15:01:44.359773,2026-08-27T15:01:44.438090
30,16,0,repl,4,False,10,1.3339,20,2026-08-27T15:01:43.157764,2026-08-27T15:01:44.491693
30,16,6,repl,4,False,1,0.1638,4,2026-08-27T15:01:44.418326,2026-08-27T15:01:44.582129
30,16,5,repl,4,False,12,0.6321,2,2026-08-27T15:01:44.034845,2026-08-27T15:01:44.666996
30,16,0,repl,4,False,11,0.1921,0,2026-08-27T15:01:44.491773,2026-08-27T15:01:44.683905
30,16,15,repl,4,False,14,0.3881,1,2026-08-27T15:01:44.385195,2026-08-27T15:01:44.773357
30,16,13,repl,4,False,8,1.0051,2,2026-08-27T15:01:44.051648,2026-08-27T15:01:45.056752
30,16,6,repl,4,False,2,0.5234,100,2026-08-27T15:01:44.582247,2026-08-27T15:01:45.105639
30,16,15,repl,4,False,15,0.3896,1,2026-08-27T15:01:44.773465,2026-08-27T15:01:45.163098
30,16,9,repl,4,False,7,0.754,4,2026-08-27T15:01:44.438247,2026-08-27T15:01:45.192249
30,16,0,repl,4,False,12,0.6474,2,2026-08-27T15:01:44.683996,2026-08-27T15:01:45.331439
30,16,5,repl,4,False,13,0.7078,45,2026-08-27T15:01:44.667105,2026-08-27T15:01:45.374887
30,16,12,repl,4,False,9,2.779,175,2026-08-27T15:01:42.918869,2026-08-27T15:01:45.697908
30,16,5,repl,4,False,14,0.4694,1,2026-08-27T15:01:45.375002,2026-08-27T15:01:45.844402
30,16,5,repl,4,False,15,0.1813,1,2026-08-27T15:01:45.844557,2026-08-27T15:01:46.025929
30,16,9,repl,4,False,8,0.8385,2,2026-08-27T15:01:45.192350,2026-08-27T15:01:46.030833
30,16,0,repl,4,False,13,0.725,45,2026-08-27T15:01:45.331553,2026-08-27T15:01:46.056562
30,16,6,repl,4,False,3,0.9826,10,2026-08-27T15:01:45.105738,2026-08-27T15:01:46.088349
30,16,0,repl,4,False,14,0.2845,1,2026-08-27T15:01:46.056693,2026-08-27T15:01:46.341202
30,16,6,repl,4,False,4,0.4367,5,2026-08-27T15:01:46.088466,2026-08-27T15:01:46.525202
30,16,12,repl,4,False,10,0.8373,20,2026-08-27T15:01:45.698067,2026-08-27T15:01:46.535395
30,16,0,repl,4,False,15,0.202,1,2026-08-27T15:01:46.341326,2026-08-27T15:01:46.543330
30,16,12,repl,4,False,11,0.0854,0,2026-08-27T15:01:46.535493,2026-08-27T15:01:46.623221
30,16,5,repl,4,False,16,0.6761,27840,2026-08-27T15:01:46.026010,2026-08-27T15:01:46.702108
30,16,5,repl,4,False,17,0.3689,1,2026-08-27T15:01:46.702250,2026-08-27T15:01:47.071185
30,16,13,repl,4,False,9,2.0684,175,2026-08-27T15:01:45.056880,2026-08-27T15:01:47.125311
30,16,6,repl,4,False,5,0.7457,5,2026-08-27T15:01:46.525299,2026-08-27T15:01:47.271020
30,16,12,repl,4,False,12,0.6559,2,2026-08-27T15:01:46.623295,2026-08-27T15:01:47.279183
30,16,6,repl,4,False,6,0.119,1,2026-08-27T15:01:47.271135,2026-08-27T15:01:47.390185
30,16,0,repl,4,False,16,0.9091,27840,2026-08-27T15:01:46.543441,2026-08-27T15:01:47.452563
30,16,0,repl,4,False,17,0.3251,1,2026-08-27T15:01:47.452687,2026-08-27T15:01:47.777829
30,16,13,repl,4,False,10,0.7385,20,2026-08-27T15:01:47.125638,2026-08-27T15:01:47.864145
30,16,5,repl,4,False,18,0.8275,100,2026-08-27T15:01:47.071508,2026-08-27T15:01:47.899078
30,16,13,repl,4,False,11,0.1431,0,2026-08-27T15:01:47.864267,2026-08-27T15:01:48.007395
30,16,5,repl,4,False,19,0.3691,1,2026-08-27T15:01:47.899164,2026-08-27T15:01:48.268285
30,16,13,repl,4,False,12,0.4769,2,2026-08-27T15:01:48.007537,2026-08-27T15:01:48.484416
30,16,9,repl,4,False,9,2.4721,175,2026-08-27T15:01:46.030930,2026-08-27T15:01:48.503033
30,16,5,repl,4,False,20,0.5244,5404,2026-08-27T15:01:48.268411,2026-08-27T15:01:48.792848
30,16,0,repl,4,False,18,1.0352,100,2026-08-27T15:01:47.777937,2026-08-27T15:01:48.813182
30,16,13,repl,4,False,13,0.4962,45,2026-08-27T15:01:48.484515,2026-08-27T15:01:48.980715
30,16,0,repl,4,False,19,0.1934,1,2026-08-27T15:01:48.813263,2026-08-27T15:01:49.006678
30,16,0,repl,4,False,20,0.3326,5404,2026-08-27T15:01:49.006785,2026-08-27T15:01:49.339387
30,16,5,repl,4,False,21,0.6185,100,2026-08-27T15:01:48.792951,2026-08-27T15:01:49.411492
30,16,5,repl,4,False,22,0.3073,7,2026-08-27T15:01:49.411576,2026-08-27T15:01:49.718850
30,16,0,repl,4,False,21,0.4002,100,2026-08-27T15:01:49.339500,2026-08-27T15:01:49.739773
30,16,5,repl,4,False,1,0.1212,4,2026-08-27T15:01:49.718927,2026-08-27T15:01:49.840143
30,16,5,repl,4,False,2,0.1287,100,2026-08-27T15:01:49.840212,2026-08-27T15:01:49.968933
30,16,0,repl,4,False,22,0.2891,7,2026-08-27T15:01:49.739891,2026-08-27T15:01:50.029027
30,16,5,repl,4,False,3,0.2863,10,2026-08-27T15:01:49.968997,2026-08-27T15:01:50.255277
30,16,5,repl,4,False,4,0.1957,5,2026-08-27T15:01:50.255356,2026-08-27T15:01:50.451092
30,16,5,repl,4,False,5,0.2591,5,2026-08-27T15:01:50.451169,2026-08-27T15:01:50.710305
30,16,0,repl,5,False,1,0.128,4,2026-08-27T15:01:50.714433,2026-08-27T15:01:50.842471
30,16,5,repl,5,False,6,0.1318,1,2026-08-27T15:01:50.741790,2026-08-27T15:01:50.873588
30,16,1,repl,5,False,2,0.4289,100,2026-08-27T15:01:50.717852,2026-08-27T15:01:51.146767
30,16,3,repl,5,False,4,0.5784,5,2026-08-27T15:01:50.733676,2026-08-27T15:01:51.312134
30,16,0,repl,5,False,2,0.4982,100,2026-08-27T15:01:50.842578,2026-08-27T15:01:51.340758
30,16,10,repl,5,False,11,0.5811,0,2026-08-27T15:01:50.818532,2026-08-27T15:01:51.399691
30,16,2,repl,5,False,3,0.9606,10,2026-08-27T15:01:50.722137,2026-08-27T15:01:51.682772
30,16,4,repl,5,False,5,0.9903,5,2026-08-27T15:01:50.736579,2026-08-27T15:01:51.726880
30,16,6,repl,5,False,7,1.0362,4,2026-08-27T15:01:50.753598,2026-08-27T15:01:51.789866
30,16,11,repl,5,False,12,0.9841,2,2026-08-27T15:01:50.829934,2026-08-27T15:01:51.814112
30,16,4,repl,5,False,6,0.0942,1,2026-08-27T15:01:51.733613,2026-08-27T15:01:51.827855
30,16,1,repl,5,False,3,0.9907,10,2026-08-27T15:01:51.146885,2026-08-27T15:01:52.137631
30,16,10,repl,5,False,12,0.8361,2,2026-08-27T15:01:51.399805,2026-08-27T15:01:52.235903
30,16,2,repl,5,False,4,0.5575,5,2026-08-27T15:01:51.682882,2026-08-27T15:01:52.240460
30,16,7,repl,5,False,8,1.7734,2,2026-08-27T15:01:50.769556,2026-08-27T15:01:52.543037
30,16,3,repl,5,False,5,1.3191,5,2026-08-27T15:01:51.312220,2026-08-27T15:01:52.631350
30,16,3,repl,5,False,6,0.1191,1,2026-08-27T15:01:52.631436,2026-08-27T15:01:52.750571
30,16,0,repl,5,False,3,1.5229,10,2026-08-27T15:01:51.340877,2026-08-27T15:01:52.863775
30,16,1,repl,5,False,4,0.7898,5,2026-08-27T15:01:52.137750,2026-08-27T15:01:52.927590
30,16,4,repl,5,False,7,1.1299,4,2026-08-27T15:01:51.827967,2026-08-27T15:01:52.957903
30,16,2,repl,5,False,5,0.8656,5,2026-08-27T15:01:52.245811,2026-08-27T15:01:53.111428
30,16,2,repl,5,False,6,0.1345,1,2026-08-27T15:01:53.111557,2026-08-27T15:01:53.246101
30,16,10,repl,5,False,13,1.0978,45,2026-08-27T15:01:52.245748,2026-08-27T15:01:53.343588
30,16,3,repl,5,False,7,0.7255,4,2026-08-27T15:01:52.750655,2026-08-27T15:01:53.476229
30,16,1,repl,5,False,5,0.7939,5,2026-08-27T15:01:52.927705,2026-08-27T15:01:53.721674
30,16,1,repl,5,False,6,0.0833,1,2026-08-27T15:01:53.721818,2026-08-27T15:01:53.805130
30,16,10,repl,5,False,14,0.495,1,2026-08-27T15:01:53.343679,2026-08-27T15:01:53.838760
30,16,11,repl,5,False,13,2.0609,45,2026-08-27T15:01:51.814225,2026-08-27T15:01:53.875203
30,16,0,repl,5,False,4,1.0157,5,2026-08-27T15:01:52.869871,2026-08-27T15:01:53.885634
30,16,2,repl,5,False,7,0.8184,4,2026-08-27T15:01:53.246230,2026-08-27T15:01:54.064691
30,16,11,repl,5,False,14,0.4591,1,2026-08-27T15:01:53.875320,2026-08-27T15:01:54.334405
30,16,8,repl,5,False,9,3.5642,175,2026-08-27T15:01:50.793444,2026-08-27T15:01:54.357720
30,16,12,repl,5,False,13,3.6058,45,2026-08-27T15:01:50.834947,2026-08-27T15:01:54.440802
30,16,4,repl,5,False,8,1.4984,2,2026-08-27T15:01:52.958009,2026-08-27T15:01:54.456424
30,16,13,repl,5,False,14,3.6311,1,2026-08-27T15:01:50.845616,2026-08-27T15:01:54.476740
30,16,11,repl,5,False,15,0.2312,1,2026-08-27T15:01:54.334521,2026-08-27T15:01:54.565756
30,16,3,repl,5,False,8,1.1167,2,2026-08-27T15:01:53.476348,2026-08-27T15:01:54.593071
30,16,1,repl,5,False,7,1.0007,4,2026-08-27T15:01:53.808328,2026-08-27T15:01:54.809117
30,16,6,repl,5,False,8,3.0642,2,2026-08-27T15:01:51.789951,2026-08-27T15:01:54.854178
30,16,12,repl,5,False,14,0.4288,1,2026-08-27T15:01:54.440936,2026-08-27T15:01:54.869766
30,16,2,repl,5,False,8,0.9541,2,2026-08-27T15:01:54.064781,2026-08-27T15:01:55.018917
30,16,10,repl,5,False,15,1.2328,1,2026-08-27T15:01:53.845627,2026-08-27T15:01:55.078472
30,16,0,repl,5,False,5,1.4981,5,2026-08-27T15:01:53.885784,2026-08-27T15:01:55.383865
30,16,0,repl,5,False,6,0.1113,1,2026-08-27T15:01:55.383953,2026-08-27T15:01:55.495268
30,16,14,repl,5,False,15,4.6418,1,2026-08-27T15:01:50.861461,2026-08-27T15:01:55.503260
30,16,11,repl,5,False,16,1.0503,27840,2026-08-27T15:01:54.565865,2026-08-27T15:01:55.621580
30,16,1,repl,5,False,8,0.8926,2,2026-08-27T15:01:54.809211,2026-08-27T15:01:55.701819
30,16,12,repl,5,False,15,0.8955,1,2026-08-27T15:01:54.873610,2026-08-27T15:01:55.769181
30,16,13,repl,5,False,15,1.3287,1,2026-08-27T15:01:54.476864,2026-08-27T15:01:55.805625
30,16,9,repl,5,False,10,5.0807,20,2026-08-27T15:01:50.805740,2026-08-27T15:01:55.886435
30,16,8,repl,5,False,10,1.5401,20,2026-08-27T15:01:54.357838,2026-08-27T15:01:55.897925
30,16,5,repl,5,False,7,5.1327,4,2026-08-27T15:01:50.873703,2026-08-27T15:01:56.006456
30,16,11,repl,5,False,17,0.476,1,2026-08-27T15:01:55.621715,2026-08-27T15:01:56.103919
30,16,10,repl,5,False,16,1.1217,27840,2026-08-27T15:01:55.078579,2026-08-27T15:01:56.221556
30,16,7,repl,5,False,9,4.0145,175,2026-08-27T15:01:52.549593,2026-08-27T15:01:56.564167
30,16,8,repl,5,False,11,0.8552,0,2026-08-27T15:01:55.898037,2026-08-27T15:01:56.753300
30,16,15,repl,5,False,16,5.8764,27840,2026-08-27T15:01:50.895083,2026-08-27T15:01:56.772287
30,16,9,repl,5,False,11,0.9472,0,2026-08-27T15:01:55.886563,2026-08-27T15:01:56.833764
30,16,10,repl,5,False,17,0.8813,1,2026-08-27T15:01:56.225822,2026-08-27T15:01:57.107207
30,16,3,repl,5,False,9,2.9533,175,2026-08-27T15:01:54.593199,2026-08-27T15:01:57.546483
30,16,14,repl,5,False,16,2.0428,27840,2026-08-27T15:01:55.503376,2026-08-27T15:01:57.559722
30,16,2,repl,5,False,9,2.5521,175,2026-08-27T15:01:55.019031,2026-08-27T15:01:57.571161
30,16,11,repl,5,False,18,1.7754,100,2026-08-27T15:01:56.104052,2026-08-27T15:01:57.879485
30,16,6,repl,5,False,9,3.0589,175,2026-08-27T15:01:54.854310,2026-08-27T15:01:57.913284
30,16,14,repl,5,False,17,0.4884,1,2026-08-27T15:01:57.565607,2026-08-27T15:01:58.054052
30,16,11,repl,5,False,19,0.4994,1,2026-08-27T15:01:57.879590,2026-08-27T15:01:58.379025
30,16,10,repl,5,False,18,1.3879,100,2026-08-27T15:01:57.107303,2026-08-27T15:01:58.495222
30,16,9,repl,5,False,12,1.8624,2,2026-08-27T15:01:56.833885,2026-08-27T15:01:58.696320
30,16,10,repl,5,False,19,0.5352,1,2026-08-27T15:01:58.495318,2026-08-27T15:01:59.030586
30,16,3,repl,5,False,10,1.5094,20,2026-08-27T15:01:57.549627,2026-08-27T15:01:59.059108
30,16,11,repl,5,False,20,0.7022,5404,2026-08-27T15:01:58.379148,2026-08-27T15:01:59.081372
30,16,7,repl,5,False,10,2.6577,20,2026-08-27T15:01:56.564293,2026-08-27T15:01:59.222028
30,16,14,repl,5,False,18,1.1929,100,2026-08-27T15:01:58.054159,2026-08-27T15:01:59.247114
30,16,3,repl,5,False,11,0.3267,0,2026-08-27T15:01:59.059224,2026-08-27T15:01:59.385900
30,16,14,repl,5,False,19,0.4936,1,2026-08-27T15:01:59.247226,2026-08-27T15:01:59.740893
30,16,6,repl,5,False,10,1.8728,20,2026-08-27T15:01:57.913413,2026-08-27T15:01:59.786282
30,16,2,repl,5,False,10,2.2958,20,2026-08-27T15:01:57.571284,2026-08-27T15:01:59.867078
30,16,1,repl,5,False,9,4.2372,175,2026-08-27T15:01:55.701940,2026-08-27T15:01:59.939161
30,16,10,repl,5,False,20,0.9503,5404,2026-08-27T15:01:59.030781,2026-08-27T15:01:59.981138
30,16,6,repl,5,False,11,0.2128,0,2026-08-27T15:01:59.786397,2026-08-27T15:01:59.999225
30,16,3,repl,5,False,12,0.9593,2,2026-08-27T15:01:59.385987,2026-08-27T15:02:00.345323
30,16,7,repl,5,False,11,1.1449,0,2026-08-27T15:01:59.222136,2026-08-27T15:02:00.367057
30,16,14,repl,5,False,20,0.7395,5404,2026-08-27T15:01:59.741010,2026-08-27T15:02:00.480546
30,16,11,repl,5,False,21,1.4627,100,2026-08-27T15:01:59.081465,2026-08-27T15:02:00.544199
30,16,12,repl,5,False,16,5.0426,27840,2026-08-27T15:01:55.773688,2026-08-27T15:02:00.816345
30,16,2,repl,5,False,11,1.17,0,2026-08-27T15:01:59.867165,2026-08-27T15:02:01.037166
30,16,1,repl,5,False,10,1.2213,20,2026-08-27T15:01:59.939283,2026-08-27T15:02:01.160600
30,16,6,repl,5,False,12,1.1812,2,2026-08-27T15:01:59.999341,2026-08-27T15:02:01.180560
30,16,8,repl,5,False,12,4.4475,2,2026-08-27T15:01:56.757670,2026-08-27T15:02:01.205250
30,16,1,repl,5,False,11,0.242,0,2026-08-27T15:02:01.160713,2026-08-27T15:02:01.402731
30,16,10,repl,5,False,21,1.5066,100,2026-08-27T15:01:59.985651,2026-08-27T15:02:01.492319
30,16,11,repl,5,False,22,0.9653,7,2026-08-27T15:02:00.544316,2026-08-27T15:02:01.509666
30,16,4,repl,5,False,9,7.3619,175,2026-08-27T15:01:54.456561,2026-08-27T15:02:01.818465
30,16,11,repl,5,False,1,0.3479,4,2026-08-27T15:02:01.509760,2026-08-27T15:02:01.857664
30,16,2,repl,5,False,12,0.9491,2,2026-08-27T15:02:01.037258,2026-08-27T15:02:01.986356
30,16,7,repl,5,False,12,1.6465,2,2026-08-27T15:02:00.367181,2026-08-27T15:02:02.013740
30,16,14,repl,5,False,21,1.5768,100,2026-08-27T15:02:00.489597,2026-08-27T15:02:02.066491
30,16,11,repl,5,False,2,0.3747,100,2026-08-27T15:02:01.857772,2026-08-27T15:02:02.232533
30,16,1,repl,5,False,12,1.1078,2,2026-08-27T15:02:01.402857,2026-08-27T15:02:02.510709
30,16,10,repl,5,False,22,1.1673,7,2026-08-27T15:02:01.492447,2026-08-27T15:02:02.659816
30,16,10,repl,5,False,1,0.2976,4,2026-08-27T15:02:02.659918,2026-08-27T15:02:02.957575
30,16,9,repl,5,False,13,4.406,45,2026-08-27T15:01:58.696410,2026-08-27T15:02:03.102435
30,16,14,repl,5,False,22,1.0585,7,2026-08-27T15:02:02.066621,2026-08-27T15:02:03.125107
30,16,2,repl,5,False,13,1.3086,45,2026-08-27T15:02:01.986482,2026-08-27T15:02:03.295087
30,16,12,repl,5,False,17,2.494,1,2026-08-27T15:02:00.816440,2026-08-27T15:02:03.310503
30,16,11,repl,5,False,3,1.0833,10,2026-08-27T15:02:02.237725,2026-08-27T15:02:03.321050
30,16,14,repl,5,False,1,0.1998,4,2026-08-27T15:02:03.125225,2026-08-27T15:02:03.325088
30,16,10,repl,5,False,2,0.3967,100,2026-08-27T15:02:02.957733,2026-08-27T15:02:03.354431
30,16,0,repl,5,False,7,7.9936,4,2026-08-27T15:01:55.495399,2026-08-27T15:02:03.489031
30,16,1,repl,5,False,13,1.0377,45,2026-08-27T15:02:02.510826,2026-08-27T15:02:03.548611
30,16,7,repl,5,False,13,1.6504,45,2026-08-27T15:02:02.013876,2026-08-27T15:02:03.664352
30,16,14,repl,5,False,2,0.3964,100,2026-08-27T15:02:03.325282,2026-08-27T15:02:03.721695
30,16,11,repl,5,False,4,0.5845,5,2026-08-27T15:02:03.321152,2026-08-27T15:02:03.905692
30,16,2,repl,5,False,14,0.6205,1,2026-08-27T15:02:03.295163,2026-08-27T15:02:03.915721
30,16,1,repl,5,False,14,0.543,1,2026-08-27T15:02:03.548749,2026-08-27T15:02:04.091748
30,16,6,repl,5,False,13,2.921,45,2026-08-27T15:02:01.180673,2026-08-27T15:02:04.101712
30,16,9,repl,5,False,14,1.0358,1,2026-08-27T15:02:03.102659,2026-08-27T15:02:04.138503
30,16,2,repl,5,False,15,0.2766,1,2026-08-27T15:02:03.915821,2026-08-27T15:02:04.192443
30,16,7,repl,5,False,14,0.7942,1,2026-08-27T15:02:03.664477,2026-08-27T15:02:04.458669
30,16,1,repl,5,False,15,0.3712,1,2026-08-27T15:02:04.091837,2026-08-27T15:02:04.463064
30,16,9,repl,5,False,15,0.4274,1,2026-08-27T15:02:04.138613,2026-08-27T15:02:04.566069
30,16,12,repl,5,False,18,1.2675,100,2026-08-27T15:02:03.310627,2026-08-27T15:02:04.578165
30,16,14,repl,5,False,3,0.9252,10,2026-08-27T15:02:03.721818,2026-08-27T15:02:04.647013
30,16,7,repl,5,False,15,0.3616,1,2026-08-27T15:02:04.458793,2026-08-27T15:02:04.820464
30,16,11,repl,5,False,5,0.9544,5,2026-08-27T15:02:03.905808,2026-08-27T15:02:04.860242
30,16,6,repl,5,False,14,0.7648,1,2026-08-27T15:02:04.101844,2026-08-27T15:02:04.866652
30,16,11,repl,5,False,6,0.1232,1,2026-08-27T15:02:04.860390,2026-08-27T15:02:04.983666
30,16,14,repl,5,False,4,0.464,5,2026-08-27T15:02:04.647116,2026-08-27T15:02:05.111163
30,16,12,repl,5,False,19,0.7369,1,2026-08-27T15:02:04.578255,2026-08-27T15:02:05.315190
30,16,6,repl,5,False,15,0.5474,1,2026-08-27T15:02:04.866747,2026-08-27T15:02:05.414155
30,16,4,repl,5,False,10,3.6485,20,2026-08-27T15:02:01.818571,2026-08-27T15:02:05.467109
30,16,2,repl,5,False,16,1.3056,27840,2026-08-27T15:02:04.192556,2026-08-27T15:02:05.502988
30,16,10,repl,5,False,3,2.187,10,2026-08-27T15:02:03.354529,2026-08-27T15:02:05.541568
30,16,9,repl,5,False,16,1.083,27840,2026-08-27T15:02:04.566151,2026-08-27T15:02:05.661585
30,16,11,repl,5,False,7,0.6819,4,2026-08-27T15:02:04.983775,2026-08-27T15:02:05.665714
30,16,4,repl,5,False,11,0.3341,0,2026-08-27T15:02:05.470752,2026-08-27T15:02:05.806517
30,16,7,repl,5,False,16,0.9856,27840,2026-08-27T15:02:04.820561,2026-08-27T15:02:05.815588
30,16,1,repl,5,False,16,1.3674,27840,2026-08-27T15:02:04.463179,2026-08-27T15:02:05.830752
30,16,14,repl,5,False,5,0.7559,5,2026-08-27T15:02:05.111283,2026-08-27T15:02:05.867231
30,16,15,repl,5,False,17,9.1077,1,2026-08-27T15:01:56.772418,2026-08-27T15:02:05.880116
30,16,14,repl,5,False,6,0.0903,1,2026-08-27T15:02:05.867337,2026-08-27T15:02:05.957670
30,16,3,repl,5,False,13,5.6685,45,2026-08-27T15:02:00.345429,2026-08-27T15:02:06.014003
30,16,5,repl,5,False,8,10.2174,2,2026-08-27T15:01:56.006581,2026-08-27T15:02:06.223979
30,16,9,repl,5,False,17,0.6254,1,2026-08-27T15:02:05.661698,2026-08-27T15:02:06.287142
30,16,0,repl,5,False,8,2.8651,2,2026-08-27T15:02:03.489127,2026-08-27T15:02:06.354211
30,16,3,repl,5,False,14,0.4689,1,2026-08-27T15:02:06.014149,2026-08-27T15:02:06.483133
30,16,7,repl,5,False,17,0.711,1,2026-08-27T15:02:05.817577,2026-08-27T15:02:06.528642
30,16,6,repl,5,False,16,1.3196,27840,2026-08-27T15:02:05.414282,2026-08-27T15:02:06.735255
30,16,4,repl,5,False,12,1.1119,2,2026-08-27T15:02:05.806634,2026-08-27T15:02:06.918528
30,16,12,repl,5,False,20,1.6418,5404,2026-08-27T15:02:05.315308,2026-08-27T15:02:06.957110
30,16,11,repl,5,False,8,1.2967,2,2026-08-27T15:02:05.673950,2026-08-27T15:02:06.971155
30,16,1,repl,5,False,17,1.2004,1,2026-08-27T15:02:05.831327,2026-08-27T15:02:07.031812
30,16,6,repl,5,False,17,0.4415,1,2026-08-27T15:02:06.735440,2026-08-27T15:02:07.177018
30,16,2,repl,5,False,17,1.6603,1,2026-08-27T15:02:05.528974,2026-08-27T15:02:07.190872
30,16,14,repl,5,False,7,1.349,4,2026-08-27T15:02:05.957787,2026-08-27T15:02:07.306853
30,16,13,repl,5,False,16,11.8351,27840,2026-08-27T15:01:55.805796,2026-08-27T15:02:07.647513
30,16,3,repl,5,False,15,1.1756,1,2026-08-27T15:02:06.483284,2026-08-27T15:02:07.658867
30,16,13,repl,5,False,17,0.5954,1,2026-08-27T15:02:07.647616,2026-08-27T15:02:08.243077
30,16,10,repl,5,False,4,2.6971,5,2026-08-27T15:02:05.558904,2026-08-27T15:02:08.257340
30,16,14,repl,5,False,8,1.4295,2,2026-08-27T15:02:07.306973,2026-08-27T15:02:08.736524
30,16,8,repl,5,False,13,7.6292,45,2026-08-27T15:02:01.205362,2026-08-27T15:02:08.834585
30,16,12,repl,5,False,21,1.9974,100,2026-08-27T15:02:06.961570,2026-08-27T15:02:08.959050
30,16,13,repl,5,False,18,1.0584,100,2026-08-27T15:02:08.243195,2026-08-27T15:02:09.301606
30,16,8,repl,5,False,14,0.473,1,2026-08-27T15:02:08.834725,2026-08-27T15:02:09.307781
30,16,10,repl,5,False,5,1.065,5,2026-08-27T15:02:08.261738,2026-08-27T15:02:09.326797
30,16,10,repl,5,False,6,0.1317,1,2026-08-27T15:02:09.326909,2026-08-27T15:02:09.461595
30,16,3,repl,5,False,16,1.8173,27840,2026-08-27T15:02:07.658953,2026-08-27T15:02:09.476316
30,16,15,repl,5,False,18,3.7331,100,2026-08-27T15:02:05.880224,2026-08-27T15:02:09.613353
30,16,13,repl,5,False,19,0.3636,1,2026-08-27T15:02:09.301700,2026-08-27T15:02:09.665318
30,16,12,repl,5,False,22,0.886,7,2026-08-27T15:02:08.959194,2026-08-27T15:02:09.845267
30,16,8,repl,5,False,15,0.5491,1,2026-08-27T15:02:09.313646,2026-08-27T15:02:09.862754
30,16,12,repl,5,False,1,0.1692,4,2026-08-27T15:02:09.845374,2026-08-27T15:02:10.014566
30,16,11,repl,5,False,9,3.1565,175,2026-08-27T15:02:06.971277,2026-08-27T15:02:10.127804
30,16,3,repl,5,False,17,0.7338,1,2026-08-27T15:02:09.476438,2026-08-27T15:02:10.210282
30,16,13,repl,5,False,20,0.6798,5404,2026-08-27T15:02:09.665422,2026-08-27T15:02:10.345255
30,16,12,repl,5,False,2,0.4952,100,2026-08-27T15:02:10.014675,2026-08-27T15:02:10.509947
30,16,15,repl,5,False,19,0.9793,1,2026-08-27T15:02:09.613475,2026-08-27T15:02:10.592816
30,16,10,repl,5,False,7,1.1463,4,2026-08-27T15:02:09.461694,2026-08-27T15:02:10.608041
30,16,14,repl,5,False,9,2.6021,175,2026-08-27T15:02:08.736629,2026-08-27T15:02:11.338717
30,16,0,repl,5,False,9,5.2468,175,2026-08-27T15:02:06.354302,2026-08-27T15:02:11.601089
30,16,12,repl,5,False,3,1.2612,10,2026-08-27T15:02:10.510038,2026-08-27T15:02:11.772420
30,16,8,repl,5,False,16,1.9503,27840,2026-08-27T15:02:09.862871,2026-08-27T15:02:11.813159
30,16,15,repl,5,False,20,1.234,5404,2026-08-27T15:02:10.592927,2026-08-27T15:02:11.826970
30,16,13,repl,5,False,21,1.493,100,2026-08-27T15:02:10.345375,2026-08-27T15:02:11.838400
30,16,3,repl,5,False,18,1.7658,100,2026-08-27T15:02:10.210396,2026-08-27T15:02:11.976232
30,16,11,repl,5,False,10,1.9198,20,2026-08-27T15:02:10.127906,2026-08-27T15:02:12.047773
30,16,12,repl,5,False,4,0.6589,5,2026-08-27T15:02:11.772545,2026-08-27T15:02:12.431522
30,16,8,repl,5,False,17,0.6618,1,2026-08-27T15:02:11.821627,2026-08-27T15:02:12.484509
30,16,14,repl,5,False,10,1.1937,20,2026-08-27T15:02:11.338842,2026-08-27T15:02:12.532597
30,16,11,repl,5,False,11,0.4949,0,2026-08-27T15:02:12.047862,2026-08-27T15:02:12.542820
30,16,14,repl,5,False,11,0.4244,0,2026-08-27T15:02:12.532693,2026-08-27T15:02:12.957104
30,16,13,repl,5,False,22,1.4317,7,2026-08-27T15:02:11.838539,2026-08-27T15:02:13.270257
30,16,15,repl,5,False,21,1.4879,100,2026-08-27T15:02:11.827073,2026-08-27T15:02:13.314985
30,16,3,repl,5,False,19,1.3537,1,2026-08-27T15:02:11.981647,2026-08-27T15:02:13.335382
30,16,12,repl,5,False,5,0.9397,5,2026-08-27T15:02:12.431833,2026-08-27T15:02:13.371564
30,16,13,repl,5,False,1,0.1808,4,2026-08-27T15:02:13.270368,2026-08-27T15:02:13.451181
30,16,5,repl,5,False,9,7.2461,175,2026-08-27T15:02:06.224118,2026-08-27T15:02:13.470214
30,16,8,repl,5,False,18,0.9928,100,2026-08-27T15:02:12.489664,2026-08-27T15:02:13.482518
30,16,12,repl,5,False,6,0.1863,1,2026-08-27T15:02:13.371651,2026-08-27T15:02:13.557984
30,16,14,repl,5,False,12,0.6676,2,2026-08-27T15:02:12.957231,2026-08-27T15:02:13.624906
30,16,13,repl,5,False,2,0.299,100,2026-08-27T15:02:13.451312,2026-08-27T15:02:13.750346
30,16,10,repl,5,False,8,3.1556,2,2026-08-27T15:02:10.608127,2026-08-27T15:02:13.763760
30,16,8,repl,5,False,19,0.3452,1,2026-08-27T15:02:13.482602,2026-08-27T15:02:13.827797
30,16,15,repl,5,False,22,0.8796,7,2026-08-27T15:02:13.315084,2026-08-27T15:02:14.194738
30,16,0,repl,5,False,10,2.6169,20,2026-08-27T15:02:11.601194,2026-08-27T15:02:14.218104
30,16,3,repl,5,False,20,0.9567,5404,2026-08-27T15:02:13.335459,2026-08-27T15:02:14.292206
30,16,15,repl,5,False,1,0.2514,4,2026-08-27T15:02:14.194853,2026-08-27T15:02:14.446329
30,16,12,repl,5,False,7,0.982,4,2026-08-27T15:02:13.558075,2026-08-27T15:02:14.540073
30,16,8,repl,5,False,20,0.7709,5404,2026-08-27T15:02:13.827943,2026-08-27T15:02:14.598963
30,16,14,repl,5,False,13,1.0193,45,2026-08-27T15:02:13.625038,2026-08-27T15:02:14.644343
30,16,0,repl,5,False,11,0.6939,0,2026-08-27T15:02:14.218207,2026-08-27T15:02:14.912148
30,16,15,repl,5,False,2,0.5163,100,2026-08-27T15:02:14.446472,2026-08-27T15:02:14.962836
30,16,5,repl,5,False,10,1.5292,20,2026-08-27T15:02:13.470327,2026-08-27T15:02:14.999513
30,16,13,repl,5,False,3,1.3837,10,2026-08-27T15:02:13.750456,2026-08-27T15:02:15.134233
30,16,14,repl,5,False,14,0.5052,1,2026-08-27T15:02:14.649588,2026-08-27T15:02:15.154832
30,16,5,repl,5,False,11,0.2967,0,2026-08-27T15:02:14.999626,2026-08-27T15:02:15.296389
30,16,12,repl,5,False,8,0.9234,2,2026-08-27T15:02:14.540177,2026-08-27T15:02:15.463631
30,16,8,repl,5,False,21,0.9763,100,2026-08-27T15:02:14.599079,2026-08-27T15:02:15.575421
30,16,4,repl,5,False,13,8.7087,45,2026-08-27T15:02:06.922955,2026-08-27T15:02:15.631691
30,16,13,repl,5,False,4,0.6496,5,2026-08-27T15:02:15.134363,2026-08-27T15:02:15.783994
30,16,15,repl,5,False,3,0.8389,10,2026-08-27T15:02:14.962959,2026-08-27T15:02:15.801919
30,16,0,repl,5,False,12,0.9218,2,2026-08-27T15:02:14.913752,2026-08-27T15:02:15.835618
30,16,5,repl,5,False,12,0.5692,2,2026-08-27T15:02:15.296494,2026-08-27T15:02:15.865700
30,16,4,repl,5,False,14,0.3381,1,2026-08-27T15:02:15.631799,2026-08-27T15:02:15.969941
30,16,3,repl,5,False,21,1.8059,100,2026-08-27T15:02:14.292318,2026-08-27T15:02:16.098256
30,16,4,repl,5,False,15,0.2746,1,2026-08-27T15:02:15.970069,2026-08-27T15:02:16.244716
30,16,8,repl,5,False,22,0.6935,7,2026-08-27T15:02:15.575548,2026-08-27T15:02:16.269062
30,16,8,repl,5,False,1,0.3416,4,2026-08-27T15:02:16.269181,2026-08-27T15:02:16.610824
30,16,15,repl,5,False,4,0.857,5,2026-08-27T15:02:15.802220,2026-08-27T15:02:16.659247
30,16,5,repl,5,False,13,0.9595,45,2026-08-27T15:02:15.865834,2026-08-27T15:02:16.825342
30,16,13,repl,5,False,5,1.0993,5,2026-08-27T15:02:15.784069,2026-08-27T15:02:16.883434
30,16,13,repl,5,False,6,0.0749,1,2026-08-27T15:02:16.883549,2026-08-27T15:02:16.958480
30,16,8,repl,5,False,2,0.3757,100,2026-08-27T15:02:16.610943,2026-08-27T15:02:16.986672
30,16,0,repl,5,False,13,1.189,45,2026-08-27T15:02:15.835740,2026-08-27T15:02:17.024742
30,16,3,repl,5,False,22,0.9373,7,2026-08-27T15:02:16.098377,2026-08-27T15:02:17.035678
30,16,5,repl,5,False,14,0.2727,1,2026-08-27T15:02:16.825461,2026-08-27T15:02:17.098139
30,16,4,repl,5,False,16,1.1156,27840,2026-08-27T15:02:16.244845,2026-08-27T15:02:17.365686
30,16,15,repl,5,False,5,0.9559,5,2026-08-27T15:02:16.659341,2026-08-27T15:02:17.615227
30,16,3,repl,5,False,1,0.6324,4,2026-08-27T15:02:17.035802,2026-08-27T15:02:17.668197
30,16,5,repl,5,False,15,0.5908,1,2026-08-27T15:02:17.098251,2026-08-27T15:02:17.689048
30,16,15,repl,5,False,6,0.0807,1,2026-08-27T15:02:17.621575,2026-08-27T15:02:17.702361
30,16,10,repl,5,False,9,4.0179,175,2026-08-27T15:02:13.763883,2026-08-27T15:02:17.781797
30,16,4,repl,5,False,17,0.4296,1,2026-08-27T15:02:17.365812,2026-08-27T15:02:17.795464
30,16,13,repl,5,False,7,0.9284,4,2026-08-27T15:02:16.958613,2026-08-27T15:02:17.887028
30,16,3,repl,5,False,2,0.3367,100,2026-08-27T15:02:17.668312,2026-08-27T15:02:18.005033
30,16,8,repl,5,False,3,1.2564,10,2026-08-27T15:02:16.986778,2026-08-27T15:02:18.243166
30,16,0,repl,5,False,14,1.4293,1,2026-08-27T15:02:17.024828,2026-08-27T15:02:18.456100
30,16,5,repl,5,False,16,0.9222,27840,2026-08-27T15:02:17.689134,2026-08-27T15:02:18.611341
30,16,15,repl,5,False,7,0.9807,4,2026-08-27T15:02:17.702475,2026-08-27T15:02:18.683174
30,16,3,repl,5,False,3,0.8217,10,2026-08-27T15:02:18.005153,2026-08-27T15:02:18.826886
30,16,8,repl,5,False,4,0.5929,5,2026-08-27T15:02:18.243293,2026-08-27T15:02:18.836200
30,16,0,repl,5,False,15,0.3937,1,2026-08-27T15:02:18.456214,2026-08-27T15:02:18.849974
30,16,4,repl,5,False,18,1.2244,100,2026-08-27T15:02:17.795626,2026-08-27T15:02:19.020039
30,16,5,repl,5,False,17,0.6228,1,2026-08-27T15:02:18.613595,2026-08-27T15:02:19.236390
30,16,13,repl,5,False,8,1.4159,2,2026-08-27T15:02:17.887146,2026-08-27T15:02:19.303086
30,16,12,repl,5,False,9,3.8793,175,2026-08-27T15:02:15.463779,2026-08-27T15:02:19.343067
30,16,4,repl,5,False,19,0.3538,1,2026-08-27T15:02:19.020154,2026-08-27T15:02:19.373964
30,16,8,repl,5,False,5,0.9442,5,2026-08-27T15:02:18.836320,2026-08-27T15:02:19.780541
30,16,10,repl,5,False,10,2.0138,20,2026-08-27T15:02:17.785577,2026-08-27T15:02:19.799442
30,16,8,repl,5,False,6,0.0795,1,2026-08-27T15:02:19.780719,2026-08-27T15:02:19.860224
30,16,4,repl,5,False,20,0.7761,5404,2026-08-27T15:02:19.377677,2026-08-27T15:02:20.161999
30,16,0,repl,5,False,16,1.3226,27840,2026-08-27T15:02:18.850095,2026-08-27T15:02:20.172690
30,16,15,repl,5,False,8,1.646,2,2026-08-27T15:02:18.683279,2026-08-27T15:02:20.329317
30,16,12,repl,5,False,10,1.0614,20,2026-08-27T15:02:19.343199,2026-08-27T15:02:20.404581
30,16,8,repl,5,False,7,0.56,4,2026-08-27T15:02:19.860339,2026-08-27T15:02:20.420399
30,16,5,repl,5,False,18,1.2194,100,2026-08-27T15:02:19.236483,2026-08-27T15:02:20.455915
30,16,12,repl,5,False,11,0.2029,0,2026-08-27T15:02:20.404702,2026-08-27T15:02:20.607645
30,16,0,repl,5,False,17,0.5409,1,2026-08-27T15:02:20.172795,2026-08-27T15:02:20.713738
30,16,5,repl,5,False,19,0.3129,1,2026-08-27T15:02:20.455996,2026-08-27T15:02:20.768894
30,16,4,repl,5,False,21,0.8887,100,2026-08-27T15:02:20.162112,2026-08-27T15:02:21.050863
30,16,5,repl,5,False,20,0.4354,5404,2026-08-27T15:02:20.768974,2026-08-27T15:02:21.204358
30,16,8,repl,5,False,8,0.7888,2,2026-08-27T15:02:20.420521,2026-08-27T15:02:21.209383
30,16,12,repl,5,False,12,0.7648,2,2026-08-27T15:02:20.607764,2026-08-27T15:02:21.372578
30,16,1,repl,5,False,18,14.5041,100,2026-08-27T15:02:07.031919,2026-08-27T15:02:21.536063
30,16,4,repl,5,False,22,0.5877,7,2026-08-27T15:02:21.051019,2026-08-27T15:02:21.638754
30,16,1,repl,5,False,19,0.2279,1,2026-08-27T15:02:21.536147,2026-08-27T15:02:21.764089
30,16,4,repl,5,False,1,0.2083,4,2026-08-27T15:02:21.638895,2026-08-27T15:02:21.847230
30,16,0,repl,5,False,18,1.1556,100,2026-08-27T15:02:20.713815,2026-08-27T15:02:21.869482
30,16,5,repl,5,False,21,0.7148,100,2026-08-27T15:02:21.204461,2026-08-27T15:02:21.919305
30,16,4,repl,5,False,2,0.2722,100,2026-08-27T15:02:21.847334,2026-08-27T15:02:22.119535
30,16,0,repl,5,False,19,0.2608,1,2026-08-27T15:02:21.869584,2026-08-27T15:02:22.130393
30,16,9,repl,5,False,18,15.8576,100,2026-08-27T15:02:06.287280,2026-08-27T15:02:22.144893
30,16,1,repl,5,False,20,0.4242,5404,2026-08-27T15:02:21.764200,2026-08-27T15:02:22.188375
30,16,9,repl,5,False,19,0.1777,1,2026-08-27T15:02:22.144983,2026-08-27T15:02:22.322677
30,16,5,repl,5,False,22,0.6786,7,2026-08-27T15:02:21.919392,2026-08-27T15:02:22.598061
30,16,0,repl,5,False,20,0.5623,5404,2026-08-27T15:02:22.130503,2026-08-27T15:02:22.692871
30,16,5,repl,5,False,1,0.2181,4,2026-08-27T15:02:22.598338,2026-08-27T15:02:22.816445
30,16,4,repl,5,False,3,0.7152,10,2026-08-27T15:02:22.119645,2026-08-27T15:02:22.834829
30,16,9,repl,5,False,20,0.703,5404,2026-08-27T15:02:22.322781,2026-08-27T15:02:23.025771
30,16,7,repl,5,False,18,16.5721,100,2026-08-27T15:02:06.528763,2026-08-27T15:02:23.100918
30,16,5,repl,5,False,2,0.402,100,2026-08-27T15:02:22.816555,2026-08-27T15:02:23.218564
30,16,4,repl,5,False,4,0.4858,5,2026-08-27T15:02:22.834933,2026-08-27T15:02:23.320800
30,16,1,repl,5,False,21,1.2002,100,2026-08-27T15:02:22.188601,2026-08-27T15:02:23.388798
30,16,7,repl,5,False,19,0.3977,1,2026-08-27T15:02:23.101006,2026-08-27T15:02:23.498694
30,16,6,repl,5,False,18,16.5652,100,2026-08-27T15:02:07.177142,2026-08-27T15:02:23.742354
30,16,5,repl,5,False,3,0.8591,10,2026-08-27T15:02:23.218667,2026-08-27T15:02:24.077828
30,16,13,repl,5,False,9,4.9588,175,2026-08-27T15:02:19.303209,2026-08-27T15:02:24.262060
30,16,6,repl,5,False,19,0.532,1,2026-08-27T15:02:23.742443,2026-08-27T15:02:24.274484
30,16,2,repl,5,False,18,17.1097,100,2026-08-27T15:02:07.191011,2026-08-27T15:02:24.300685
30,16,1,repl,5,False,22,0.9835,7,2026-08-27T15:02:23.388911,2026-08-27T15:02:24.372431
30,16,15,repl,5,False,9,4.0518,175,2026-08-27T15:02:20.329412,2026-08-27T15:02:24.381265
30,16,0,repl,5,False,21,1.8026,100,2026-08-27T15:02:22.693002,2026-08-27T15:02:24.495602
30,16,5,repl,5,False,4,0.4637,5,2026-08-27T15:02:24.077953,2026-08-27T15:02:24.541677
30,16,9,repl,5,False,21,1.5448,100,2026-08-27T15:02:23.029802,2026-08-27T15:02:24.574632
30,16,7,repl,5,False,20,1.1127,5404,2026-08-27T15:02:23.498806,2026-08-27T15:02:24.611508
30,16,1,repl,5,False,1,0.3237,4,2026-08-27T15:02:24.372534,2026-08-27T15:02:24.696218
30,16,2,repl,5,False,19,0.8418,1,2026-08-27T15:02:24.300771,2026-08-27T15:02:25.142646
30,16,6,repl,5,False,20,1.0287,5404,2026-08-27T15:02:24.274595,2026-08-27T15:02:25.303353
30,16,5,repl,5,False,5,0.8681,5,2026-08-27T15:02:24.541998,2026-08-27T15:02:25.410139
30,16,15,repl,5,False,10,1.0871,20,2026-08-27T15:02:24.381378,2026-08-27T15:02:25.468527
30,16,13,repl,5,False,10,1.2215,20,2026-08-27T15:02:24.262139,2026-08-27T15:02:25.483714
30,16,15,repl,5,False,11,0.0811,0,2026-08-27T15:02:25.473571,2026-08-27T15:02:25.554719
30,16,9,repl,5,False,22,0.9945,7,2026-08-27T15:02:24.574727,2026-08-27T15:02:25.569212
30,16,7,repl,5,False,21,0.9878,100,2026-08-27T15:02:24.611663,2026-08-27T15:02:25.599523
30,16,13,repl,5,False,11,0.1679,0,2026-08-27T15:02:25.483847,2026-08-27T15:02:25.651728
30,16,9,repl,5,False,1,0.2822,4,2026-08-27T15:02:25.569366,2026-08-27T15:02:25.851556
30,16,0,repl,5,False,22,1.4926,7,2026-08-27T15:02:24.495742,2026-08-27T15:02:25.988342
30,16,2,repl,5,False,20,0.8905,5404,2026-08-27T15:02:25.142754,2026-08-27T15:02:26.033303
30,16,9,repl,5,False,2,0.2489,100,2026-08-27T15:02:25.857583,2026-08-27T15:02:26.106546
30,16,15,repl,5,False,12,0.642,2,2026-08-27T15:02:25.554828,2026-08-27T15:02:26.196814
30,16,7,repl,5,False,22,0.6248,7,2026-08-27T15:02:25.599604,2026-08-27T15:02:26.224477
30,16,13,repl,5,False,12,0.6367,2,2026-08-27T15:02:25.651815,2026-08-27T15:02:26.288556
30,16,6,repl,5,False,21,1.0183,100,2026-08-27T15:02:25.303478,2026-08-27T15:02:26.321792
30,16,7,repl,5,False,1,0.323,4,2026-08-27T15:02:26.224569,2026-08-27T15:02:26.547600
30,16,7,repl,5,False,2,0.371,100,2026-08-27T15:02:26.547689,2026-08-27T15:02:26.918744
30,16,15,repl,5,False,13,0.7756,45,2026-08-27T15:02:26.196911,2026-08-27T15:02:26.972584
30,16,9,repl,5,False,3,0.9203,10,2026-08-27T15:02:26.106639,2026-08-27T15:02:27.026929
30,16,2,repl,5,False,21,1.0872,100,2026-08-27T15:02:26.034021,2026-08-27T15:02:27.121221
30,16,6,repl,5,False,22,0.8075,7,2026-08-27T15:02:26.322089,2026-08-27T15:02:27.129652
30,16,13,repl,5,False,13,0.8574,45,2026-08-27T15:02:26.288677,2026-08-27T15:02:27.146124
30,16,15,repl,5,False,14,0.2576,1,2026-08-27T15:02:26.972710,2026-08-27T15:02:27.230362
30,16,6,repl,5,False,1,0.3224,4,2026-08-27T15:02:27.129747,2026-08-27T15:02:27.452126
30,16,15,repl,5,False,15,0.2584,1,2026-08-27T15:02:27.230470,2026-08-27T15:02:27.488863
30,16,9,repl,5,False,4,0.4575,5,2026-08-27T15:02:27.033560,2026-08-27T15:02:27.491068
30,16,7,repl,5,False,3,0.5878,10,2026-08-27T15:02:26.918851,2026-08-27T15:02:27.506683
30,16,6,repl,5,False,2,0.1389,100,2026-08-27T15:02:27.452218,2026-08-27T15:02:27.591093
30,16,2,repl,5,False,22,0.5816,7,2026-08-27T15:02:27.121516,2026-08-27T15:02:27.703126
30,16,7,repl,5,False,4,0.2168,5,2026-08-27T15:02:27.506789,2026-08-27T15:02:27.723594
30,16,2,repl,5,False,1,0.1241,4,2026-08-27T15:02:27.703219,2026-08-27T15:02:27.827385
30,16,9,repl,5,False,5,0.5208,5,2026-08-27T15:02:27.491170,2026-08-27T15:02:28.012005
30,16,2,repl,5,False,2,0.212,100,2026-08-27T15:02:27.827494,2026-08-27T15:02:28.039486
30,16,9,repl,5,False,6,0.0459,1,2026-08-27T15:02:28.012104,2026-08-27T15:02:28.058040
30,16,7,repl,5,False,5,0.5257,5,2026-08-27T15:02:27.723702,2026-08-27T15:02:28.249425
30,16,6,repl,5,False,3,0.6981,10,2026-08-27T15:02:27.591175,2026-08-27T15:02:28.289252
30,16,7,repl,5,False,6,0.042,1,2026-08-27T15:02:28.249598,2026-08-27T15:02:28.291670
30,16,9,repl,5,False,7,0.4477,4,2026-08-27T15:02:28.058145,2026-08-27T15:02:28.505884
30,16,6,repl,5,False,4,0.2764,5,2026-08-27T15:02:28.289341,2026-08-27T15:02:28.565731
30,16,7,repl,5,False,7,0.3567,4,2026-08-27T15:02:28.291782,2026-08-27T15:02:28.648476
30,16,6,repl,5,False,5,0.3199,5,2026-08-27T15:02:28.565816,2026-08-27T15:02:28.885697
30,16,6,repl,5,False,6,0.0355,1,2026-08-27T15:02:28.885776,2026-08-27T15:02:28.921334
30,16,9,repl,5,False,8,0.4164,2,2026-08-27T15:02:28.505979,2026-08-27T15:02:28.922389
30,16,9,repl,5,False,9,0.8554,175,2026-08-27T15:02:28.922457,2026-08-27T15:02:29.777866
30,16,0,repl,6,False,1,0.1403,4,2026-08-27T15:02:29.785635,2026-08-27T15:02:29.925970
30,16,5,repl,6,False,6,0.148,1,2026-08-27T15:02:29.833558,2026-08-27T15:02:29.981573
30,16,1,repl,6,False,2,0.3656,100,2026-08-27T15:02:29.788624,2026-08-27T15:02:30.154296
30,16,13,repl,6,False,14,0.371,1,2026-08-27T15:02:29.920282,2026-08-27T15:02:30.291320
30,16,3,repl,6,False,4,0.5283,5,2026-08-27T15:02:29.821553,2026-08-27T15:02:30.349902
30,16,2,repl,6,False,3,1.116,10,2026-08-27T15:02:29.809561,2026-08-27T15:02:30.925552
30,16,4,repl,6,False,5,1.1506,5,2026-08-27T15:02:29.824556,2026-08-27T15:02:30.975216
30,16,11,repl,6,False,12,1.0839,2,2026-08-27T15:02:29.899547,2026-08-27T15:02:30.983463
30,16,1,repl,6,False,3,0.8674,10,2026-08-27T15:02:30.154404,2026-08-27T15:02:31.021802
30,16,4,repl,6,False,6,0.0641,1,2026-08-27T15:02:30.975298,2026-08-27T15:02:31.039429
30,16,5,repl,6,False,7,1.1361,4,2026-08-27T15:02:29.981931,2026-08-27T15:02:31.118060
30,16,3,repl,6,False,5,0.8615,5,2026-08-27T15:02:30.350025,2026-08-27T15:02:31.211595
30,16,13,repl,6,False,15,1.0801,1,2026-08-27T15:02:30.291438,2026-08-27T15:02:31.371551
30,16,3,repl,6,False,6,0.2703,1,2026-08-27T15:02:31.211728,2026-08-27T15:02:31.482024
30,16,2,repl,6,False,4,0.7651,5,2026-08-27T15:02:30.925641,2026-08-27T15:02:31.690778
30,16,7,repl,6,False,8,1.9246,2,2026-08-27T15:02:29.857699,2026-08-27T15:02:31.782345
30,16,1,repl,6,False,4,0.7798,5,2026-08-27T15:02:31.021912,2026-08-27T15:02:31.801737
30,16,6,repl,6,False,7,2.0723,4,2026-08-27T15:02:29.845606,2026-08-27T15:02:31.917923
30,16,4,repl,6,False,7,1.0357,4,2026-08-27T15:02:31.039513,2026-08-27T15:02:32.075255
30,16,3,repl,6,False,7,0.6937,4,2026-08-27T15:02:31.489576,2026-08-27T15:02:32.183324
30,16,0,repl,6,False,2,2.273,100,2026-08-27T15:02:29.927464,2026-08-27T15:02:32.200494
30,16,10,repl,6,False,11,2.6678,0,2026-08-27T15:02:29.896179,2026-08-27T15:02:32.564069
30,16,8,repl,6,False,9,2.7762,175,2026-08-27T15:02:29.867580,2026-08-27T15:02:32.643784
30,16,2,repl,6,False,5,1.0402,5,2026-08-27T15:02:31.690871,2026-08-27T15:02:32.731118
30,16,5,repl,6,False,8,1.6818,2,2026-08-27T15:02:31.118166,2026-08-27T15:02:32.799986
30,16,1,repl,6,False,5,1.0769,5,2026-08-27T15:02:31.801857,2026-08-27T15:02:32.878752
30,16,2,repl,6,False,6,0.1669,1,2026-08-27T15:02:32.731215,2026-08-27T15:02:32.898167
30,16,1,repl,6,False,6,0.0834,1,2026-08-27T15:02:32.878870,2026-08-27T15:02:32.962291
30,16,4,repl,6,False,8,0.9156,2,2026-08-27T15:02:32.075382,2026-08-27T15:02:32.991055
30,16,12,repl,6,False,13,3.1158,45,2026-08-27T15:02:29.909682,2026-08-27T15:02:33.029537
30,16,14,repl,6,False,15,3.1727,1,2026-08-27T15:02:29.937686,2026-08-27T15:02:33.110442
30,16,3,repl,6,False,8,0.9401,2,2026-08-27T15:02:32.183412,2026-08-27T15:02:33.123556
30,16,11,repl,6,False,13,2.3732,45,2026-08-27T15:02:30.983566,2026-08-27T15:02:33.356839
30,16,6,repl,6,False,8,1.5398,2,2026-08-27T15:02:31.918082,2026-08-27T15:02:33.457944
30,16,2,repl,6,False,7,0.8197,4,2026-08-27T15:02:32.898254,2026-08-27T15:02:33.717954
30,16,1,repl,6,False,7,0.7691,4,2026-08-27T15:02:32.962372,2026-08-27T15:02:33.731536
30,16,8,repl,6,False,10,1.129,20,2026-08-27T15:02:32.643875,2026-08-27T15:02:33.772922
30,16,14,repl,6,False,16,0.9137,27840,2026-08-27T15:02:33.110532,2026-08-27T15:02:34.025188
30,16,11,repl,6,False,14,0.7778,1,2026-08-27T15:02:33.356939,2026-08-27T15:02:34.134734
30,16,8,repl,6,False,11,0.3729,0,2026-08-27T15:02:33.773032,2026-08-27T15:02:34.145985
30,16,12,repl,6,False,14,1.1317,1,2026-08-27T15:02:33.029735,2026-08-27T15:02:34.161435
30,16,10,repl,6,False,12,1.6144,2,2026-08-27T15:02:32.564147,2026-08-27T15:02:34.178564
30,16,9,repl,6,False,10,4.3034,20,2026-08-27T15:02:29.882256,2026-08-27T15:02:34.185643
30,16,11,repl,6,False,15,0.2577,1,2026-08-27T15:02:34.141568,2026-08-27T15:02:34.399299
30,16,14,repl,6,False,17,0.4654,1,2026-08-27T15:02:34.025339,2026-08-27T15:02:34.490721
30,16,2,repl,6,False,8,0.978,2,2026-08-27T15:02:33.718226,2026-08-27T15:02:34.696273
30,16,1,repl,6,False,8,1.0763,2,2026-08-27T15:02:33.737559,2026-08-27T15:02:34.813891
30,16,7,repl,6,False,9,3.1749,175,2026-08-27T15:02:31.782484,2026-08-27T15:02:34.957433
30,16,8,repl,6,False,12,1.0421,2,2026-08-27T15:02:34.146075,2026-08-27T15:02:35.188167
30,16,5,repl,6,False,9,2.4818,175,2026-08-27T15:02:32.800092,2026-08-27T15:02:35.281884
30,16,12,repl,6,False,15,1.6243,1,2026-08-27T15:02:34.178730,2026-08-27T15:02:35.803043
30,16,11,repl,6,False,16,1.5766,27840,2026-08-27T15:02:34.399412,2026-08-27T15:02:35.976069
30,16,5,repl,6,False,10,0.9675,20,2026-08-27T15:02:35.282002,2026-08-27T15:02:36.249580
30,16,4,repl,6,False,9,3.3406,175,2026-08-27T15:02:32.991554,2026-08-27T15:02:36.332220
30,16,9,repl,6,False,11,2.2695,0,2026-08-27T15:02:34.193622,2026-08-27T15:02:36.463197
30,16,5,repl,6,False,11,0.3977,0,2026-08-27T15:02:36.249706,2026-08-27T15:02:36.673623
30,16,13,repl,6,False,16,5.3439,27840,2026-08-27T15:02:31.371665,2026-08-27T15:02:36.715648
30,16,11,repl,6,False,17,0.7626,1,2026-08-27T15:02:35.989650,2026-08-27T15:02:36.752349
30,16,6,repl,6,False,9,3.3788,175,2026-08-27T15:02:33.458052,2026-08-27T15:02:36.836899
30,16,1,repl,6,False,9,2.4061,175,2026-08-27T15:02:34.814010,2026-08-27T15:02:37.220148
30,16,5,repl,6,False,12,0.6296,2,2026-08-27T15:02:36.675624,2026-08-27T15:02:37.305249
30,16,2,repl,6,False,9,2.8254,175,2026-08-27T15:02:34.696382,2026-08-27T15:02:37.521771
30,16,13,repl,6,False,17,0.9125,1,2026-08-27T15:02:36.729582,2026-08-27T15:02:37.642102
30,16,4,repl,6,False,10,1.5223,20,2026-08-27T15:02:36.333643,2026-08-27T15:02:37.855974
30,16,4,repl,6,False,11,0.2786,0,2026-08-27T15:02:37.856100,2026-08-27T15:02:38.134746
30,16,7,repl,6,False,10,3.224,20,2026-08-27T15:02:34.961559,2026-08-27T15:02:38.185610
30,16,5,repl,6,False,13,1.2212,45,2026-08-27T15:02:37.305369,2026-08-27T15:02:38.526581
30,16,8,repl,6,False,13,3.379,45,2026-08-27T15:02:35.188286,2026-08-27T15:02:38.567294
30,16,7,repl,6,False,11,0.5408,0,2026-08-27T15:02:38.185837,2026-08-27T15:02:38.726637
30,16,2,repl,6,False,10,1.2222,20,2026-08-27T15:02:37.521893,2026-08-27T15:02:38.744148
30,16,1,repl,6,False,10,1.6217,20,2026-08-27T15:02:37.221624,2026-08-27T15:02:38.843338
30,16,5,repl,6,False,14,0.411,1,2026-08-27T15:02:38.526708,2026-08-27T15:02:38.937712
30,16,4,repl,6,False,12,0.8192,2,2026-08-27T15:02:38.134874,2026-08-27T15:02:38.954132
30,16,13,repl,6,False,18,1.3284,100,2026-08-27T15:02:37.642217,2026-08-27T15:02:38.970625
30,16,1,repl,6,False,11,0.1514,0,2026-08-27T15:02:38.843437,2026-08-27T15:02:38.994890
30,16,11,repl,6,False,18,2.2685,100,2026-08-27T15:02:36.752482,2026-08-27T15:02:39.021053
30,16,10,repl,6,False,13,4.872,45,2026-08-27T15:02:34.189557,2026-08-27T15:02:39.064969
30,16,2,repl,6,False,11,0.3504,0,2026-08-27T15:02:38.744269,2026-08-27T15:02:39.096503
30,16,12,repl,6,False,16,3.4008,27840,2026-08-27T15:02:35.803135,2026-08-27T15:02:39.205055
30,16,5,repl,6,False,15,0.308,1,2026-08-27T15:02:38.937892,2026-08-27T15:02:39.245891
30,16,13,repl,6,False,19,0.4236,1,2026-08-27T15:02:38.970751,2026-08-27T15:02:39.394365
30,16,7,repl,6,False,12,0.687,2,2026-08-27T15:02:38.726734,2026-08-27T15:02:39.413764
30,16,11,repl,6,False,19,0.7208,1,2026-08-27T15:02:39.021172,2026-08-27T15:02:39.741976
30,16,4,repl,6,False,13,1.1667,45,2026-08-27T15:02:38.954270,2026-08-27T15:02:40.130208
30,16,2,repl,6,False,12,1.0701,2,2026-08-27T15:02:39.096640,2026-08-27T15:02:40.167629
30,16,1,repl,6,False,12,1.1834,2,2026-08-27T15:02:38.994985,2026-08-27T15:02:40.178688
30,16,6,repl,6,False,10,3.3524,20,2026-08-27T15:02:36.836996,2026-08-27T15:02:40.190276
30,16,13,repl,6,False,20,0.8219,5404,2026-08-27T15:02:39.394444,2026-08-27T15:02:40.216405
30,16,8,repl,6,False,14,1.6628,1,2026-08-27T15:02:38.567393,2026-08-27T15:02:40.230201
30,16,5,repl,6,False,16,1.013,27840,2026-08-27T15:02:39.246004,2026-08-27T15:02:40.259011
30,16,7,repl,6,False,13,0.9801,45,2026-08-27T15:02:39.413848,2026-08-27T15:02:40.393929
30,16,6,repl,6,False,11,0.3443,0,2026-08-27T15:02:40.201378,2026-08-27T15:02:40.545694
30,16,4,repl,6,False,14,0.6669,1,2026-08-27T15:02:40.130344,2026-08-27T15:02:40.797253
30,16,11,repl,6,False,20,1.0977,5404,2026-08-27T15:02:39.742098,2026-08-27T15:02:40.839848
30,16,7,repl,6,False,14,0.7885,1,2026-08-27T15:02:40.394039,2026-08-27T15:02:41.182548
30,16,4,repl,6,False,15,0.4054,1,2026-08-27T15:02:40.797384,2026-08-27T15:02:41.202769
30,16,6,repl,6,False,12,0.6891,2,2026-08-27T15:02:40.545805,2026-08-27T15:02:41.234973
30,16,2,repl,6,False,13,1.2825,45,2026-08-27T15:02:40.167739,2026-08-27T15:02:41.450316
30,16,8,repl,6,False,15,1.2544,1,2026-08-27T15:02:40.230306,2026-08-27T15:02:41.484736
30,16,7,repl,6,False,15,0.3169,1,2026-08-27T15:02:41.182679,2026-08-27T15:02:41.499562
30,16,12,repl,6,False,17,2.3284,1,2026-08-27T15:02:39.205180,2026-08-27T15:02:41.533566
30,16,5,repl,6,False,17,1.4744,1,2026-08-27T15:02:40.277597,2026-08-27T15:02:41.752005
30,16,2,repl,6,False,14,0.5466,1,2026-08-27T15:02:41.450435,2026-08-27T15:02:41.997018
30,16,6,repl,6,False,13,0.9166,45,2026-08-27T15:02:41.235089,2026-08-27T15:02:42.153747
30,16,8,repl,6,False,16,0.8138,27840,2026-08-27T15:02:41.484825,2026-08-27T15:02:42.298734
30,16,2,repl,6,False,15,0.4044,1,2026-08-27T15:02:41.997110,2026-08-27T15:02:42.401593
30,16,1,repl,6,False,13,2.1942,45,2026-08-27T15:02:40.196199,2026-08-27T15:02:42.439019
30,16,13,repl,6,False,21,2.2588,100,2026-08-27T15:02:40.216538,2026-08-27T15:02:42.475854
30,16,4,repl,6,False,16,1.3042,27840,2026-08-27T15:02:41.202876,2026-08-27T15:02:42.508650
30,16,7,repl,6,False,16,1.0739,27840,2026-08-27T15:02:41.499646,2026-08-27T15:02:42.573623
30,16,6,repl,6,False,14,0.432,1,2026-08-27T15:02:42.157534,2026-08-27T15:02:42.589544
30,16,11,repl,6,False,21,1.8591,100,2026-08-27T15:02:40.839979,2026-08-27T15:02:42.699060
30,16,8,repl,6,False,17,0.4629,1,2026-08-27T15:02:42.303012,2026-08-27T15:02:42.765981
30,16,6,repl,6,False,15,0.2372,1,2026-08-27T15:02:42.593608,2026-08-27T15:02:42.830888
30,16,7,repl,6,False,17,0.5643,1,2026-08-27T15:02:42.573752,2026-08-27T15:02:43.138065
30,16,4,repl,6,False,17,0.905,1,2026-08-27T15:02:42.523236,2026-08-27T15:02:43.429277
30,16,13,repl,6,False,22,1.3084,7,2026-08-27T15:02:42.475978,2026-08-27T15:02:43.791037
30,16,2,repl,6,False,16,1.4712,27840,2026-08-27T15:02:42.401708,2026-08-27T15:02:43.872901
30,16,6,repl,6,False,16,1.101,27840,2026-08-27T15:02:42.837569,2026-08-27T15:02:43.941453
30,16,1,repl,6,False,14,1.558,1,2026-08-27T15:02:42.440872,2026-08-27T15:02:43.998873
30,16,13,repl,6,False,1,0.2221,4,2026-08-27T15:02:43.791172,2026-08-27T15:02:44.013320
30,16,8,repl,6,False,18,1.2575,100,2026-08-27T15:02:42.766165,2026-08-27T15:02:44.023736
30,16,11,repl,6,False,22,1.3887,7,2026-08-27T15:02:42.699136,2026-08-27T15:02:44.087833
30,16,1,repl,6,False,15,0.2416,1,2026-08-27T15:02:43.998994,2026-08-27T15:02:44.240590
30,16,7,repl,6,False,18,1.187,100,2026-08-27T15:02:43.138180,2026-08-27T15:02:44.325189
30,16,2,repl,6,False,17,0.4756,1,2026-08-27T15:02:43.873019,2026-08-27T15:02:44.348616
30,16,6,repl,6,False,17,0.4096,1,2026-08-27T15:02:43.941579,2026-08-27T15:02:44.351221
30,16,11,repl,6,False,1,0.3288,4,2026-08-27T15:02:44.093571,2026-08-27T15:02:44.422435
30,16,13,repl,6,False,2,0.4465,100,2026-08-27T15:02:44.013465,2026-08-27T15:02:44.459959
30,16,7,repl,6,False,19,0.4335,1,2026-08-27T15:02:44.325505,2026-08-27T15:02:44.759013
30,16,1,repl,6,False,16,1.0007,27840,2026-08-27T15:02:44.240701,2026-08-27T15:02:45.241391
30,16,11,repl,6,False,2,0.8418,100,2026-08-27T15:02:44.422638,2026-08-27T15:02:45.264501
30,16,8,repl,6,False,19,1.3423,1,2026-08-27T15:02:44.023858,2026-08-27T15:02:45.366228
30,16,5,repl,6,False,18,3.6504,100,2026-08-27T15:02:41.752125,2026-08-27T15:02:45.402575
30,16,7,repl,6,False,20,0.8231,5404,2026-08-27T15:02:44.759131,2026-08-27T15:02:45.582377
30,16,13,repl,6,False,3,1.133,10,2026-08-27T15:02:44.465588,2026-08-27T15:02:45.598593
30,16,1,repl,6,False,17,0.3677,1,2026-08-27T15:02:45.241556,2026-08-27T15:02:45.609279
30,16,2,repl,6,False,18,1.2685,100,2026-08-27T15:02:44.353581,2026-08-27T15:02:45.622114
30,16,10,repl,6,False,14,6.5673,1,2026-08-27T15:02:39.069643,2026-08-27T15:02:45.636997
30,16,9,repl,6,False,12,9.2165,2,2026-08-27T15:02:36.463298,2026-08-27T15:02:45.679880
30,16,6,repl,6,False,18,1.4392,100,2026-08-27T15:02:44.366775,2026-08-27T15:02:45.806055
30,16,4,repl,6,False,18,2.3991,100,2026-08-27T15:02:43.429410,2026-08-27T15:02:45.828525
30,16,15,repl,6,False,16,16.1906,27840,2026-08-27T15:02:29.941546,2026-08-27T15:02:46.137785
30,16,13,repl,6,False,4,0.6359,5,2026-08-27T15:02:45.598676,2026-08-27T15:02:46.234624
30,16,10,repl,6,False,15,0.6217,1,2026-08-27T15:02:45.637154,2026-08-27T15:02:46.258899
30,16,6,repl,6,False,19,0.5205,1,2026-08-27T15:02:45.806163,2026-08-27T15:02:46.326712
30,16,5,repl,6,False,19,1.0529,1,2026-08-27T15:02:45.402695,2026-08-27T15:02:46.455648
30,16,12,repl,6,False,18,5.0354,100,2026-08-27T15:02:41.533677,2026-08-27T15:02:46.569109
30,16,4,repl,6,False,19,0.8402,1,2026-08-27T15:02:45.828625,2026-08-27T15:02:46.668896
30,16,11,repl,6,False,3,1.413,10,2026-08-27T15:02:45.264590,2026-08-27T15:02:46.677659
30,16,7,repl,6,False,21,1.2372,100,2026-08-27T15:02:45.583234,2026-08-27T15:02:46.820450
30,16,8,repl,6,False,20,1.5187,5404,2026-08-27T15:02:45.369553,2026-08-27T15:02:46.888273
30,16,1,repl,6,False,18,1.3126,100,2026-08-27T15:02:45.609392,2026-08-27T15:02:46.922072
30,16,13,repl,6,False,5,0.7977,5,2026-08-27T15:02:46.241583,2026-08-27T15:02:47.039285
30,16,13,repl,6,False,6,0.1318,1,2026-08-27T15:02:47.039404,2026-08-27T15:02:47.172033
30,16,10,repl,6,False,16,0.979,27840,2026-08-27T15:02:46.259048,2026-08-27T15:02:47.238628
30,16,1,repl,6,False,19,0.3545,1,2026-08-27T15:02:46.922220,2026-08-27T15:02:47.276754
30,16,6,repl,6,False,20,0.972,5404,2026-08-27T15:02:46.326842,2026-08-27T15:02:47.298921
30,16,11,repl,6,False,4,0.7495,5,2026-08-27T15:02:46.677774,2026-08-27T15:02:47.427344
30,16,7,repl,6,False,22,0.8413,7,2026-08-27T15:02:46.820558,2026-08-27T15:02:47.661904
30,16,4,repl,6,False,20,1.1602,5404,2026-08-27T15:02:46.668999,2026-08-27T15:02:47.829220
30,16,10,repl,6,False,17,0.6066,1,2026-08-27T15:02:47.238752,2026-08-27T15:02:47.845365
30,16,13,repl,6,False,7,0.6797,4,2026-08-27T15:02:47.186261,2026-08-27T15:02:47.867099
30,16,7,repl,6,False,1,0.2431,4,2026-08-27T15:02:47.662028,2026-08-27T15:02:47.905110
30,16,1,repl,6,False,20,0.8338,5404,2026-08-27T15:02:47.276879,2026-08-27T15:02:48.110664
30,16,12,repl,6,False,19,1.7059,1,2026-08-27T15:02:46.569209,2026-08-27T15:02:48.275148
30,16,7,repl,6,False,2,0.6196,100,2026-08-27T15:02:47.905219,2026-08-27T15:02:48.524817
30,16,2,repl,6,False,19,3.0115,1,2026-08-27T15:02:45.625604,2026-08-27T15:02:48.637177
30,16,11,repl,6,False,5,1.4561,5,2026-08-27T15:02:47.427476,2026-08-27T15:02:48.883623
30,16,5,repl,6,False,20,2.4674,5404,2026-08-27T15:02:46.455752,2026-08-27T15:02:48.923191
30,16,11,repl,6,False,6,0.1802,1,2026-08-27T15:02:48.883732,2026-08-27T15:02:49.064003
30,16,10,repl,6,False,18,1.3616,100,2026-08-27T15:02:47.845450,2026-08-27T15:02:49.207118
30,16,4,repl,6,False,21,1.5843,100,2026-08-27T15:02:47.829341,2026-08-27T15:02:49.413659
30,16,1,repl,6,False,21,1.3143,100,2026-08-27T15:02:48.110834,2026-08-27T15:02:49.425162
30,16,8,repl,6,False,21,2.5499,100,2026-08-27T15:02:46.888371,2026-08-27T15:02:49.438294
30,16,7,repl,6,False,3,0.9616,10,2026-08-27T15:02:48.524928,2026-08-27T15:02:49.486596
30,16,10,repl,6,False,19,0.3435,1,2026-08-27T15:02:49.207232,2026-08-27T15:02:49.550725
30,16,6,repl,6,False,21,2.2403,100,2026-08-27T15:02:47.313590,2026-08-27T15:02:49.553908
30,16,13,repl,6,False,8,1.7135,2,2026-08-27T15:02:47.867203,2026-08-27T15:02:49.580769
30,16,7,repl,6,False,4,0.4207,5,2026-08-27T15:02:49.486677,2026-08-27T15:02:49.907386
30,16,10,repl,6,False,20,0.7352,5404,2026-08-27T15:02:49.553710,2026-08-27T15:02:50.288959
30,16,8,repl,6,False,22,0.8962,7,2026-08-27T15:02:49.438379,2026-08-27T15:02:50.336054
30,16,12,repl,6,False,20,2.0798,5404,2026-08-27T15:02:48.275276,2026-08-27T15:02:50.355137
30,16,11,repl,6,False,7,1.3034,4,2026-08-27T15:02:49.064107,2026-08-27T15:02:50.367499
30,16,6,repl,6,False,22,0.8967,7,2026-08-27T15:02:49.563371,2026-08-27T15:02:50.460080
30,16,1,repl,6,False,22,1.04,7,2026-08-27T15:02:49.425587,2026-08-27T15:02:50.465585
30,16,4,repl,6,False,22,1.1205,7,2026-08-27T15:02:49.413778,2026-08-27T15:02:50.534325
30,16,8,repl,6,False,1,0.2778,4,2026-08-27T15:02:50.336185,2026-08-27T15:02:50.614044
30,16,0,repl,6,False,3,18.4422,10,2026-08-27T15:02:32.200581,2026-08-27T15:02:50.642789
30,16,6,repl,6,False,1,0.2861,4,2026-08-27T15:02:50.460204,2026-08-27T15:02:50.746343
30,16,7,repl,6,False,5,0.9688,5,2026-08-27T15:02:49.907474,2026-08-27T15:02:50.876286
30,16,7,repl,6,False,6,0.0938,1,2026-08-27T15:02:50.876399,2026-08-27T15:02:50.970230
30,16,1,repl,6,False,1,0.6338,4,2026-08-27T15:02:50.465705,2026-08-27T15:02:51.099522
30,16,8,repl,6,False,2,0.5487,100,2026-08-27T15:02:50.614161,2026-08-27T15:02:51.162891
30,16,6,repl,6,False,2,0.5592,100,2026-08-27T15:02:50.746482,2026-08-27T15:02:51.305722
30,16,4,repl,6,False,1,0.7937,4,2026-08-27T15:02:50.534600,2026-08-27T15:02:51.328344
30,16,10,repl,6,False,21,1.1321,100,2026-08-27T15:02:50.289090,2026-08-27T15:02:51.421180
30,16,14,repl,6,False,18,17.0468,100,2026-08-27T15:02:34.490856,2026-08-27T15:02:51.537737
30,16,7,repl,6,False,7,0.6303,4,2026-08-27T15:02:50.970863,2026-08-27T15:02:51.601216
30,16,5,repl,6,False,21,2.7181,100,2026-08-27T15:02:48.929687,2026-08-27T15:02:51.647799
30,16,11,repl,6,False,8,1.3297,2,2026-08-27T15:02:50.367615,2026-08-27T15:02:51.697319
30,16,4,repl,6,False,2,0.4123,100,2026-08-27T15:02:51.329819,2026-08-27T15:02:51.742150
30,16,14,repl,6,False,19,0.3817,1,2026-08-27T15:02:51.537847,2026-08-27T15:02:51.919602
30,16,10,repl,6,False,22,0.5955,7,2026-08-27T15:02:51.421277,2026-08-27T15:02:52.016839
30,16,8,repl,6,False,3,1.098,10,2026-08-27T15:02:51.163024,2026-08-27T15:02:52.261008
30,16,2,repl,6,False,20,3.6797,5404,2026-08-27T15:02:48.637280,2026-08-27T15:02:52.316970
30,16,10,repl,6,False,1,0.5278,4,2026-08-27T15:02:52.016933,2026-08-27T15:02:52.544743
30,16,6,repl,6,False,3,1.3715,10,2026-08-27T15:02:51.305810,2026-08-27T15:02:52.677356
30,16,13,repl,6,False,9,3.1513,175,2026-08-27T15:02:49.580893,2026-08-27T15:02:52.732177
30,16,5,repl,6,False,22,1.1096,7,2026-08-27T15:02:51.647905,2026-08-27T15:02:52.761611
30,16,8,repl,6,False,4,0.6328,5,2026-08-27T15:02:52.261131,2026-08-27T15:02:52.893918
30,16,14,repl,6,False,20,1.0417,5404,2026-08-27T15:02:51.919715,2026-08-27T15:02:52.961471
30,16,10,repl,6,False,2,0.5293,100,2026-08-27T15:02:52.544830,2026-08-27T15:02:53.074132
30,16,5,repl,6,False,1,0.4643,4,2026-08-27T15:02:52.761737,2026-08-27T15:02:53.226068
30,16,6,repl,6,False,4,0.7454,5,2026-08-27T15:02:52.677453,2026-08-27T15:02:53.422897
30,16,4,repl,6,False,3,1.7485,10,2026-08-27T15:02:51.742263,2026-08-27T15:02:53.490751
30,16,3,repl,6,False,9,20.3781,175,2026-08-27T15:02:33.123684,2026-08-27T15:02:53.501866
30,16,12,repl,6,False,21,3.3861,100,2026-08-27T15:02:50.355268,2026-08-27T15:02:53.741383
30,16,8,repl,6,False,5,0.8896,5,2026-08-27T15:02:52.894003,2026-08-27T15:02:53.783581
30,16,13,repl,6,False,10,1.0975,20,2026-08-27T15:02:52.733578,2026-08-27T15:02:53.831090
30,16,5,repl,6,False,2,0.6992,100,2026-08-27T15:02:53.226180,2026-08-27T15:02:53.925374
30,16,8,repl,6,False,6,0.2623,1,2026-08-27T15:02:53.783682,2026-08-27T15:02:54.045961
30,16,13,repl,6,False,11,0.2464,0,2026-08-27T15:02:53.831222,2026-08-27T15:02:54.077612
30,16,10,repl,6,False,3,1.0168,10,2026-08-27T15:02:53.074240,2026-08-27T15:02:54.091036
30,16,15,repl,6,False,17,8.1521,1,2026-08-27T15:02:46.137936,2026-08-27T15:02:54.290034
30,16,6,repl,6,False,5,0.9363,5,2026-08-27T15:02:53.423017,2026-08-27T15:02:54.359314
30,16,14,repl,6,False,21,1.3941,100,2026-08-27T15:02:52.973626,2026-08-27T15:02:54.367809
30,16,6,repl,6,False,6,0.0986,1,2026-08-27T15:02:54.359425,2026-08-27T15:02:54.458028
30,16,4,repl,6,False,4,1.0342,5,2026-08-27T15:02:53.490853,2026-08-27T15:02:54.525090
30,16,10,repl,6,False,4,0.6468,5,2026-08-27T15:02:54.091149,2026-08-27T15:02:54.737951
30,16,13,repl,6,False,12,0.7001,2,2026-08-27T15:02:54.077743,2026-08-27T15:02:54.777905
30,16,14,repl,6,False,22,0.628,7,2026-08-27T15:02:54.367900,2026-08-27T15:02:54.995918
30,16,8,repl,6,False,7,0.9762,4,2026-08-27T15:02:54.046047,2026-08-27T15:02:55.022321
30,16,14,repl,6,False,1,0.3176,4,2026-08-27T15:02:54.996031,2026-08-27T15:02:55.313644
30,16,5,repl,6,False,3,1.5373,10,2026-08-27T15:02:53.925584,2026-08-27T15:02:55.462916
30,16,2,repl,6,False,21,3.1705,100,2026-08-27T15:02:52.325567,2026-08-27T15:02:55.496079
30,16,10,repl,6,False,5,0.7768,5,2026-08-27T15:02:54.738053,2026-08-27T15:02:55.514884
30,16,10,repl,6,False,6,0.0907,1,2026-08-27T15:02:55.515010,2026-08-27T15:02:55.605711
30,16,8,repl,6,False,8,0.7889,2,2026-08-27T15:02:55.022439,2026-08-27T15:02:55.811408
30,16,14,repl,6,False,2,0.5211,100,2026-08-27T15:02:55.313772,2026-08-27T15:02:55.834957
30,16,13,repl,6,False,13,1.0893,45,2026-08-27T15:02:54.778012,2026-08-27T15:02:55.867352
30,16,12,repl,6,False,22,2.3225,7,2026-08-27T15:02:53.745568,2026-08-27T15:02:56.068071
30,16,11,repl,6,False,9,4.3757,175,2026-08-27T15:02:51.697439,2026-08-27T15:02:56.073187
30,16,2,repl,6,False,22,0.6264,7,2026-08-27T15:02:55.496202,2026-08-27T15:02:56.122626
30,16,5,repl,6,False,4,0.708,5,2026-08-27T15:02:55.463013,2026-08-27T15:02:56.171028
30,16,12,repl,6,False,1,0.2331,4,2026-08-27T15:02:56.068191,2026-08-27T15:02:56.301346
30,16,10,repl,6,False,7,0.8648,4,2026-08-27T15:02:55.605875,2026-08-27T15:02:56.470648
30,16,2,repl,6,False,1,0.4073,4,2026-08-27T15:02:56.122764,2026-08-27T15:02:56.530044
30,16,0,repl,6,False,4,5.9128,5,2026-08-27T15:02:50.642901,2026-08-27T15:02:56.555754
30,16,14,repl,6,False,3,0.864,10,2026-08-27T15:02:55.835084,2026-08-27T15:02:56.699143
30,16,12,repl,6,False,2,0.4091,100,2026-08-27T15:02:56.301445,2026-08-27T15:02:56.710550
30,16,9,repl,6,False,13,11.1125,45,2026-08-27T15:02:45.679997,2026-08-27T15:02:56.792508
30,16,5,repl,6,False,5,0.8036,5,2026-08-27T15:02:56.171111,2026-08-27T15:02:56.974754
30,16,11,repl,6,False,10,1.1109,20,2026-08-27T15:02:56.073301,2026-08-27T15:02:57.184268
30,16,3,repl,6,False,10,3.6945,20,2026-08-27T15:02:53.501999,2026-08-27T15:02:57.196500
30,16,14,repl,6,False,4,0.5106,5,2026-08-27T15:02:56.699243,2026-08-27T15:02:57.209892
30,16,2,repl,6,False,2,0.7466,100,2026-08-27T15:02:56.530308,2026-08-27T15:02:57.276974
30,16,12,repl,6,False,3,0.5895,10,2026-08-27T15:02:56.710706,2026-08-27T15:02:57.300273
30,16,10,repl,6,False,8,0.8328,2,2026-08-27T15:02:56.470731,2026-08-27T15:02:57.303531
30,16,11,repl,6,False,11,0.1333,0,2026-08-27T15:02:57.184376,2026-08-27T15:02:57.317673
30,16,3,repl,6,False,11,0.1214,0,2026-08-27T15:02:57.196610,2026-08-27T15:02:57.318004
30,16,15,repl,6,False,18,3.0336,100,2026-08-27T15:02:54.290145,2026-08-27T15:02:57.323796
30,16,0,repl,6,False,5,0.9707,5,2026-08-27T15:02:56.555863,2026-08-27T15:02:57.526558
30,16,9,repl,6,False,14,0.8226,1,2026-08-27T15:02:56.792637,2026-08-27T15:02:57.615228
30,16,0,repl,6,False,6,0.1047,1,2026-08-27T15:02:57.526691,2026-08-27T15:02:57.631430
30,16,15,repl,6,False,19,0.4683,1,2026-08-27T15:02:57.323891,2026-08-27T15:02:57.792188
30,16,12,repl,6,False,4,0.5054,5,2026-08-27T15:02:57.300498,2026-08-27T15:02:57.805909
30,16,3,repl,6,False,12,0.6769,2,2026-08-27T15:02:57.318121,2026-08-27T15:02:57.995075
30,16,9,repl,6,False,15,0.4154,1,2026-08-27T15:02:57.615336,2026-08-27T15:02:58.030772
30,16,14,repl,6,False,5,0.8702,5,2026-08-27T15:02:57.210002,2026-08-27T15:02:58.080222
30,16,14,repl,6,False,6,0.1675,1,2026-08-27T15:02:58.080338,2026-08-27T15:02:58.247886
30,16,15,repl,6,False,20,0.6489,5404,2026-08-27T15:02:57.796225,2026-08-27T15:02:58.445131
30,16,0,repl,6,False,7,0.8568,4,2026-08-27T15:02:57.631698,2026-08-27T15:02:58.488504
30,16,12,repl,6,False,5,0.7692,5,2026-08-27T15:02:57.805992,2026-08-27T15:02:58.575198
30,16,12,repl,6,False,6,0.0992,1,2026-08-27T15:02:58.575305,2026-08-27T15:02:58.674540
30,16,3,repl,6,False,13,0.6985,45,2026-08-27T15:02:57.995141,2026-08-27T15:02:58.693632
30,16,14,repl,6,False,7,0.6569,4,2026-08-27T15:02:58.248002,2026-08-27T15:02:58.904953
30,16,9,repl,6,False,16,1.0718,27840,2026-08-27T15:02:58.030887,2026-08-27T15:02:59.105536
30,16,3,repl,6,False,14,0.4543,1,2026-08-27T15:02:58.693739,2026-08-27T15:02:59.148029
30,16,15,repl,6,False,21,0.9133,100,2026-08-27T15:02:58.445239,2026-08-27T15:02:59.358546
30,16,9,repl,6,False,17,0.2724,1,2026-08-27T15:02:59.105621,2026-08-27T15:02:59.378078
30,16,3,repl,6,False,15,0.2428,1,2026-08-27T15:02:59.148138,2026-08-27T15:02:59.391019
30,16,12,repl,6,False,7,0.7293,4,2026-08-27T15:02:58.674653,2026-08-27T15:02:59.404020
30,16,0,repl,6,False,8,1.0488,2,2026-08-27T15:02:58.488614,2026-08-27T15:02:59.537430
30,16,14,repl,6,False,8,0.8285,2,2026-08-27T15:02:58.905059,2026-08-27T15:02:59.733630
30,16,15,repl,6,False,22,0.6545,7,2026-08-27T15:02:59.358666,2026-08-27T15:03:00.013216
30,16,15,repl,6,False,1,0.233,4,2026-08-27T15:03:00.013337,2026-08-27T15:03:00.246335
30,16,10,repl,6,False,9,2.9552,175,2026-08-27T15:02:57.303718,2026-08-27T15:03:00.258973
30,16,3,repl,6,False,16,0.9421,27840,2026-08-27T15:02:59.391139,2026-08-27T15:03:00.333322
30,16,9,repl,6,False,18,0.9603,100,2026-08-27T15:02:59.378163,2026-08-27T15:03:00.338486
30,16,12,repl,6,False,8,0.985,2,2026-08-27T15:02:59.404123,2026-08-27T15:03:00.389144
30,16,9,repl,6,False,19,0.2391,1,2026-08-27T15:03:00.338789,2026-08-27T15:03:00.577962
30,16,15,repl,6,False,2,0.357,100,2026-08-27T15:03:00.246449,2026-08-27T15:03:00.603504
30,16,3,repl,6,False,17,0.2949,1,2026-08-27T15:03:00.333410,2026-08-27T15:03:00.628347
30,16,10,repl,6,False,10,0.7909,20,2026-08-27T15:03:00.259067,2026-08-27T15:03:01.049972
30,16,15,repl,6,False,3,0.918,10,2026-08-27T15:03:00.603786,2026-08-27T15:03:01.521778
30,16,9,repl,6,False,20,1.0186,5404,2026-08-27T15:03:00.578068,2026-08-27T15:03:01.596651
30,16,14,repl,6,False,9,2.0022,175,2026-08-27T15:02:59.733755,2026-08-27T15:03:01.735936
30,16,0,repl,6,False,9,2.3447,175,2026-08-27T15:02:59.541765,2026-08-27T15:03:01.886480
30,16,3,repl,6,False,18,1.3065,100,2026-08-27T15:03:00.628466,2026-08-27T15:03:01.934967
30,16,15,repl,6,False,4,0.4286,5,2026-08-27T15:03:01.521893,2026-08-27T15:03:01.950475
30,16,3,repl,6,False,19,0.2494,1,2026-08-27T15:03:01.935090,2026-08-27T15:03:02.184520
30,16,9,repl,6,False,21,0.8633,100,2026-08-27T15:03:01.596784,2026-08-27T15:03:02.460075
30,16,15,repl,6,False,5,0.5733,5,2026-08-27T15:03:01.950603,2026-08-27T15:03:02.523924
30,16,14,repl,6,False,10,0.8189,20,2026-08-27T15:03:01.736039,2026-08-27T15:03:02.555014
30,16,15,repl,6,False,6,0.13,1,2026-08-27T15:03:02.524029,2026-08-27T15:03:02.654039
30,16,14,repl,6,False,11,0.1691,0,2026-08-27T15:03:02.555125,2026-08-27T15:03:02.725717
30,16,3,repl,6,False,20,0.548,5404,2026-08-27T15:03:02.184624,2026-08-27T15:03:02.732682
30,16,0,repl,6,False,10,0.9932,20,2026-08-27T15:03:01.886573,2026-08-27T15:03:02.879788
30,16,0,repl,6,False,11,0.1178,0,2026-08-27T15:03:02.879894,2026-08-27T15:03:02.997699
30,16,9,repl,6,False,22,0.5714,7,2026-08-27T15:03:02.460208,2026-08-27T15:03:03.031655
30,16,15,repl,6,False,7,0.5749,4,2026-08-27T15:03:02.654148,2026-08-27T15:03:03.229033
30,16,14,repl,6,False,12,0.5358,2,2026-08-27T15:03:02.725839,2026-08-27T15:03:03.261636
30,16,9,repl,6,False,1,0.3636,4,2026-08-27T15:03:03.031778,2026-08-27T15:03:03.395389
30,16,12,repl,6,False,9,3.3369,175,2026-08-27T15:03:00.389677,2026-08-27T15:03:03.726622
30,16,3,repl,6,False,21,1.1556,100,2026-08-27T15:03:02.732770,2026-08-27T15:03:03.888351
30,16,9,repl,6,False,2,0.5091,100,2026-08-27T15:03:03.395500,2026-08-27T15:03:03.904628
30,16,14,repl,6,False,13,0.705,45,2026-08-27T15:03:03.261925,2026-08-27T15:03:03.966984
30,16,15,repl,6,False,8,0.8437,2,2026-08-27T15:03:03.229172,2026-08-27T15:03:04.072907
30,16,12,repl,6,False,10,0.5378,20,2026-08-27T15:03:03.728095,2026-08-27T15:03:04.265941
30,16,14,repl,6,False,14,0.3275,1,2026-08-27T15:03:03.967132,2026-08-27T15:03:04.294636
30,16,0,repl,6,False,12,1.301,2,2026-08-27T15:03:02.997816,2026-08-27T15:03:04.298811
30,16,3,repl,6,False,22,0.4314,7,2026-08-27T15:03:03.888585,2026-08-27T15:03:04.320007
30,16,12,repl,6,False,11,0.1509,0,2026-08-27T15:03:04.266056,2026-08-27T15:03:04.417030
30,16,9,repl,6,False,3,0.6304,10,2026-08-27T15:03:03.904774,2026-08-27T15:03:04.535226
30,16,3,repl,6,False,1,0.4233,4,2026-08-27T15:03:04.320095,2026-08-27T15:03:04.743400
30,16,0,repl,6,False,13,0.6131,45,2026-08-27T15:03:04.298936,2026-08-27T15:03:04.912084
30,16,9,repl,6,False,4,0.3864,5,2026-08-27T15:03:04.535312,2026-08-27T15:03:04.921737
30,16,12,repl,6,False,12,0.5082,2,2026-08-27T15:03:04.417137,2026-08-27T15:03:04.925359
30,16,3,repl,6,False,2,0.2246,100,2026-08-27T15:03:04.743474,2026-08-27T15:03:04.968067
30,16,0,repl,6,False,14,0.1582,1,2026-08-27T15:03:04.912171,2026-08-27T15:03:05.070357
30,16,0,repl,6,False,15,0.1744,1,2026-08-27T15:03:05.070485,2026-08-27T15:03:05.244913
30,16,9,repl,6,False,5,0.3972,5,2026-08-27T15:03:04.921825,2026-08-27T15:03:05.319055
30,16,9,repl,6,False,6,0.1229,1,2026-08-27T15:03:05.319159,2026-08-27T15:03:05.442070
30,16,3,repl,6,False,3,0.4896,10,2026-08-27T15:03:04.968162,2026-08-27T15:03:05.457812
30,16,0,repl,6,False,16,0.4191,27840,2026-08-27T15:03:05.245020,2026-08-27T15:03:05.664185
30,16,9,repl,6,False,7,0.2248,4,2026-08-27T15:03:05.442163,2026-08-27T15:03:05.666944
30,16,0,repl,6,False,17,0.3922,1,2026-08-27T15:03:05.664292,2026-08-27T15:03:06.056486
30,16,15,repl,6,False,9,2.0384,175,2026-08-27T15:03:04.073027,2026-08-27T15:03:06.111428
30,16,9,repl,6,False,8,0.7533,2,2026-08-27T15:03:05.667008,2026-08-27T15:03:06.420363
30,16,15,repl,6,False,10,0.5933,20,2026-08-27T15:03:06.111535,2026-08-27T15:03:06.704840
30,16,0,repl,6,False,18,0.6539,100,2026-08-27T15:03:06.056601,2026-08-27T15:03:06.710564
30,16,15,repl,6,False,11,0.0569,0,2026-08-27T15:03:06.704929,2026-08-27T15:03:06.761875
30,16,0,repl,6,False,19,0.1881,1,2026-08-27T15:03:06.710622,2026-08-27T15:03:06.898791
30,16,15,repl,6,False,12,0.2534,2,2026-08-27T15:03:06.761960,2026-08-27T15:03:07.015372
30,16,0,repl,6,False,20,0.3324,5404,2026-08-27T15:03:06.898874,2026-08-27T15:03:07.231311
30,16,15,repl,6,False,13,0.4752,45,2026-08-27T15:03:07.015495,2026-08-27T15:03:07.490746
30,16,15,repl,6,False,14,0.2168,1,2026-08-27T15:03:07.490855,2026-08-27T15:03:07.707750
30,16,0,repl,6,False,21,0.5372,100,2026-08-27T15:03:07.231441,2026-08-27T15:03:07.768652
30,16,15,repl,6,False,15,0.1034,1,2026-08-27T15:03:07.708030,2026-08-27T15:03:07.811445
30,16,9,repl,6,False,9,1.7076,175,2026-08-27T15:03:06.420451,2026-08-27T15:03:08.128123
30,16,0,repl,6,False,22,0.3741,7,2026-08-27T15:03:07.773587,2026-08-27T15:03:08.147670
30,16,0,repl,7,False,1,0.1289,4,2026-08-27T15:03:08.152678,2026-08-27T15:03:08.281642
30,16,5,repl,7,False,6,0.1341,1,2026-08-27T15:03:08.180145,2026-08-27T15:03:08.314322
30,16,1,repl,7,False,2,0.4755,100,2026-08-27T15:03:08.156059,2026-08-27T15:03:08.631635
30,16,11,repl,7,False,12,0.5322,2,2026-08-27T15:03:08.264208,2026-08-27T15:03:08.796497
30,16,3,repl,7,False,4,0.7319,5,2026-08-27T15:03:08.173629,2026-08-27T15:03:08.905602
30,16,5,repl,7,False,7,0.6008,4,2026-08-27T15:03:08.314499,2026-08-27T15:03:08.915283
30,16,2,repl,7,False,3,0.881,10,2026-08-27T15:03:08.161908,2026-08-27T15:03:09.042974
30,16,4,repl,7,False,5,1.1109,5,2026-08-27T15:03:08.176368,2026-08-27T15:03:09.287270
30,16,4,repl,7,False,6,0.1079,1,2026-08-27T15:03:09.287383,2026-08-27T15:03:09.395304
30,16,6,repl,7,False,7,1.3459,4,2026-08-27T15:03:08.185864,2026-08-27T15:03:09.531846
30,16,10,repl,7,False,11,1.3091,0,2026-08-27T15:03:08.255401,2026-08-27T15:03:09.564521
30,16,2,repl,7,False,4,0.5657,5,2026-08-27T15:03:09.043316,2026-08-27T15:03:09.609048
30,16,1,repl,7,False,3,1.1071,10,2026-08-27T15:03:08.631727,2026-08-27T15:03:09.738862
30,16,3,repl,7,False,5,0.9023,5,2026-08-27T15:03:08.905730,2026-08-27T15:03:09.808095
30,16,11,repl,7,False,13,1.0263,45,2026-08-27T15:03:08.796617,2026-08-27T15:03:09.822897
30,16,3,repl,7,False,6,0.0619,1,2026-08-27T15:03:09.808200,2026-08-27T15:03:09.870095
30,16,5,repl,7,False,8,1.1109,2,2026-08-27T15:03:08.915397,2026-08-27T15:03:10.026315
30,16,7,repl,7,False,8,1.9648,2,2026-08-27T15:03:08.196649,2026-08-27T15:03:10.165522
30,16,1,repl,7,False,4,0.5033,5,2026-08-27T15:03:09.738984,2026-08-27T15:03:10.242350
30,16,2,repl,7,False,5,0.8068,5,2026-08-27T15:03:09.609164,2026-08-27T15:03:10.415999
30,16,11,repl,7,False,14,0.608,1,2026-08-27T15:03:09.823010,2026-08-27T15:03:10.431074
30,16,2,repl,7,False,6,0.1107,1,2026-08-27T15:03:10.416122,2026-08-27T15:03:10.526878
30,16,3,repl,7,False,7,0.6862,4,2026-08-27T15:03:09.870220,2026-08-27T15:03:10.556438
30,16,0,repl,7,False,2,2.283,100,2026-08-27T15:03:08.290247,2026-08-27T15:03:10.573259
30,16,4,repl,7,False,7,1.3386,4,2026-08-27T15:03:09.395407,2026-08-27T15:03:10.734031
30,16,6,repl,7,False,8,1.4819,2,2026-08-27T15:03:09.531955,2026-08-27T15:03:11.013869
30,16,1,repl,7,False,5,0.9272,5,2026-08-27T15:03:10.242455,2026-08-27T15:03:11.169710
30,16,1,repl,7,False,6,0.0842,1,2026-08-27T15:03:11.169836,2026-08-27T15:03:11.254058
30,16,2,repl,7,False,7,0.7554,4,2026-08-27T15:03:10.526991,2026-08-27T15:03:11.282417
30,16,10,repl,7,False,12,1.7562,2,2026-08-27T15:03:09.564608,2026-08-27T15:03:11.320849
30,16,13,repl,7,False,14,3.1149,1,2026-08-27T15:03:08.280809,2026-08-27T15:03:11.395764
30,16,3,repl,7,False,8,0.9715,2,2026-08-27T15:03:10.556551,2026-08-27T15:03:11.528033
30,16,11,repl,7,False,15,1.1731,1,2026-08-27T15:03:10.431189,2026-08-27T15:03:11.604307
30,16,14,repl,7,False,15,3.7649,1,2026-08-27T15:03:08.329631,2026-08-27T15:03:12.094620
30,16,4,repl,7,False,8,1.3665,2,2026-08-27T15:03:10.734146,2026-08-27T15:03:12.100674
30,16,1,repl,7,False,7,0.8691,4,2026-08-27T15:03:11.254187,2026-08-27T15:03:12.123302
30,16,8,repl,7,False,9,4.1517,175,2026-08-27T15:03:08.217679,2026-08-27T15:03:12.369428
30,16,2,repl,7,False,8,1.2608,2,2026-08-27T15:03:11.282559,2026-08-27T15:03:12.543395
30,16,5,repl,7,False,9,2.5534,175,2026-08-27T15:03:10.026432,2026-08-27T15:03:12.579904
30,16,9,repl,7,False,10,4.8305,20,2026-08-27T15:03:08.241808,2026-08-27T15:03:13.072395
30,16,12,repl,7,False,13,4.82,45,2026-08-27T15:03:08.273877,2026-08-27T15:03:13.093902
30,16,14,repl,7,False,16,1.299,27840,2026-08-27T15:03:12.094741,2026-08-27T15:03:13.395263
30,16,7,repl,7,False,9,3.2106,175,2026-08-27T15:03:10.165668,2026-08-27T15:03:13.401643
30,16,10,repl,7,False,13,2.1902,45,2026-08-27T15:03:11.320966,2026-08-27T15:03:13.511248
30,16,6,repl,7,False,9,2.7002,175,2026-08-27T15:03:11.013981,2026-08-27T15:03:13.714188
30,16,9,repl,7,False,11,0.6637,0,2026-08-27T15:03:13.072508,2026-08-27T15:03:13.736198
30,16,13,repl,7,False,15,2.4418,1,2026-08-27T15:03:11.395874,2026-08-27T15:03:13.837743
30,16,8,repl,7,False,10,1.5841,20,2026-08-27T15:03:12.369534,2026-08-27T15:03:13.953682
30,16,5,repl,7,False,10,1.3821,20,2026-08-27T15:03:12.579987,2026-08-27T15:03:13.962117
30,16,14,repl,7,False,17,0.6768,1,2026-08-27T15:03:13.395391,2026-08-27T15:03:14.072207
30,16,0,repl,7,False,3,3.6029,10,2026-08-27T15:03:10.581593,2026-08-27T15:03:14.184542
30,16,8,repl,7,False,11,0.5792,0,2026-08-27T15:03:13.953861,2026-08-27T15:03:14.533132
30,16,5,repl,7,False,11,0.5847,0,2026-08-27T15:03:13.965729,2026-08-27T15:03:14.550478
30,16,3,repl,7,False,9,3.4576,175,2026-08-27T15:03:11.528121,2026-08-27T15:03:14.985715
30,16,4,repl,7,False,9,3.0404,175,2026-08-27T15:03:12.100797,2026-08-27T15:03:15.141251
30,16,7,repl,7,False,10,2.2124,20,2026-08-27T15:03:13.403891,2026-08-27T15:03:15.616366
30,16,6,repl,7,False,10,1.9113,20,2026-08-27T15:03:13.714315,2026-08-27T15:03:15.625622
30,16,8,repl,7,False,12,1.1495,2,2026-08-27T15:03:14.533257,2026-08-27T15:03:15.682830
30,16,12,repl,7,False,14,2.7112,1,2026-08-27T15:03:13.094064,2026-08-27T15:03:15.805335
30,16,2,repl,7,False,9,3.3028,175,2026-08-27T15:03:12.543538,2026-08-27T15:03:15.846360
30,16,10,repl,7,False,14,2.3549,1,2026-08-27T15:03:13.511375,2026-08-27T15:03:15.866313
30,16,14,repl,7,False,18,1.8288,100,2026-08-27T15:03:14.072318,2026-08-27T15:03:15.901176
30,16,6,repl,7,False,11,0.3491,0,2026-08-27T15:03:15.625722,2026-08-27T15:03:15.974840
30,16,7,repl,7,False,11,0.409,0,2026-08-27T15:03:15.617560,2026-08-27T15:03:16.026617
30,16,9,repl,7,False,12,2.3091,2,2026-08-27T15:03:13.736305,2026-08-27T15:03:16.045442
30,16,3,repl,7,False,10,1.5597,20,2026-08-27T15:03:14.985845,2026-08-27T15:03:16.545603
30,16,4,repl,7,False,10,1.4084,20,2026-08-27T15:03:15.165603,2026-08-27T15:03:16.574046
30,16,14,repl,7,False,19,0.6852,1,2026-08-27T15:03:15.901296,2026-08-27T15:03:16.586529
30,16,10,repl,7,False,15,0.7904,1,2026-08-27T15:03:15.866401,2026-08-27T15:03:16.656830
30,16,5,repl,7,False,12,2.1168,2,2026-08-27T15:03:14.550637,2026-08-27T15:03:16.667489
30,16,3,repl,7,False,11,0.3049,0,2026-08-27T15:03:16.545716,2026-08-27T15:03:16.850648
30,16,8,repl,7,False,13,1.2207,45,2026-08-27T15:03:15.682921,2026-08-27T15:03:16.903613
30,16,6,repl,7,False,12,0.9764,2,2026-08-27T15:03:15.974950,2026-08-27T15:03:16.951370
30,16,4,repl,7,False,11,0.7292,0,2026-08-27T15:03:16.574162,2026-08-27T15:03:17.303357
30,16,7,repl,7,False,12,1.3682,2,2026-08-27T15:03:16.026776,2026-08-27T15:03:17.395012
30,16,3,repl,7,False,12,0.8795,2,2026-08-27T15:03:16.850771,2026-08-27T15:03:17.733483
30,16,8,repl,7,False,14,0.839,1,2026-08-27T15:03:16.903771,2026-08-27T15:03:17.742793
30,16,11,repl,7,False,16,6.2361,27840,2026-08-27T15:03:11.604428,2026-08-27T15:03:17.840595
30,16,12,repl,7,False,15,2.0488,1,2026-08-27T15:03:15.805424,2026-08-27T15:03:17.854259
30,16,14,repl,7,False,20,1.3386,5404,2026-08-27T15:03:16.586648,2026-08-27T15:03:17.925231
30,16,4,repl,7,False,12,1.0476,2,2026-08-27T15:03:17.303477,2026-08-27T15:03:18.351126
30,16,11,repl,7,False,17,0.5866,1,2026-08-27T15:03:17.843325,2026-08-27T15:03:18.430024
30,16,6,repl,7,False,13,1.904,45,2026-08-27T15:03:16.957596,2026-08-27T15:03:18.861622
30,16,8,repl,7,False,15,1.14,1,2026-08-27T15:03:17.742904,2026-08-27T15:03:18.882977
30,16,10,repl,7,False,16,2.5443,27840,2026-08-27T15:03:16.656948,2026-08-27T15:03:19.202303
30,16,4,repl,7,False,13,0.9076,45,2026-08-27T15:03:18.351285,2026-08-27T15:03:19.258933
30,16,2,repl,7,False,10,3.4432,20,2026-08-27T15:03:15.846444,2026-08-27T15:03:19.289680
30,16,14,repl,7,False,21,1.3748,100,2026-08-27T15:03:17.925367,2026-08-27T15:03:19.300196
30,16,7,repl,7,False,13,1.9334,45,2026-08-27T15:03:17.395134,2026-08-27T15:03:19.328526
30,16,5,repl,7,False,13,2.6797,45,2026-08-27T15:03:16.667578,2026-08-27T15:03:19.347260
30,16,2,repl,7,False,11,0.1695,0,2026-08-27T15:03:19.289811,2026-08-27T15:03:19.459368
30,16,6,repl,7,False,14,0.6122,1,2026-08-27T15:03:18.861739,2026-08-27T15:03:19.473984
30,16,4,repl,7,False,14,0.3314,1,2026-08-27T15:03:19.259068,2026-08-27T15:03:19.590534
30,16,8,repl,7,False,16,0.8576,27840,2026-08-27T15:03:18.883083,2026-08-27T15:03:19.749701
30,16,11,repl,7,False,18,1.3228,100,2026-08-27T15:03:18.430141,2026-08-27T15:03:19.752952
30,16,0,repl,7,False,4,5.5899,5,2026-08-27T15:03:14.184654,2026-08-27T15:03:19.774554
30,16,6,repl,7,False,15,0.3292,1,2026-08-27T15:03:19.474068,2026-08-27T15:03:19.803693
30,16,4,repl,7,False,15,0.2342,1,2026-08-27T15:03:19.590643,2026-08-27T15:03:19.824904
30,16,12,repl,7,False,16,2.1109,27840,2026-08-27T15:03:17.854376,2026-08-27T15:03:19.965337
30,16,2,repl,7,False,12,0.5302,2,2026-08-27T15:03:19.459508,2026-08-27T15:03:19.991187
30,16,10,repl,7,False,17,0.8344,1,2026-08-27T15:03:19.202437,2026-08-27T15:03:20.038122
30,16,13,repl,7,False,16,6.2325,27840,2026-08-27T15:03:13.837923,2026-08-27T15:03:20.077540
30,16,1,repl,7,False,8,7.9719,2,2026-08-27T15:03:12.123430,2026-08-27T15:03:20.095317
30,16,11,repl,7,False,19,0.3586,1,2026-08-27T15:03:19.753046,2026-08-27T15:03:20.111719
30,16,8,repl,7,False,17,0.3777,1,2026-08-27T15:03:19.750014,2026-08-27T15:03:20.127741
30,16,7,repl,7,False,14,0.8437,1,2026-08-27T15:03:19.328639,2026-08-27T15:03:20.172353
30,16,5,repl,7,False,14,0.9419,1,2026-08-27T15:03:19.347380,2026-08-27T15:03:20.289326
30,16,14,repl,7,False,22,1.0239,7,2026-08-27T15:03:19.300330,2026-08-27T15:03:20.324281
30,16,12,repl,7,False,17,0.5016,1,2026-08-27T15:03:19.965456,2026-08-27T15:03:20.467076
30,16,0,repl,7,False,5,0.7993,5,2026-08-27T15:03:19.792036,2026-08-27T15:03:20.592366
30,16,14,repl,7,False,1,0.4155,4,2026-08-27T15:03:20.324390,2026-08-27T15:03:20.739923
30,16,0,repl,7,False,6,0.185,1,2026-08-27T15:03:20.592482,2026-08-27T15:03:20.777534
30,16,14,repl,7,False,2,0.6336,100,2026-08-27T15:03:20.745584,2026-08-27T15:03:21.379267
30,16,13,repl,7,False,17,1.5229,1,2026-08-27T15:03:20.077658,2026-08-27T15:03:21.602743
30,16,0,repl,7,False,7,0.878,4,2026-08-27T15:03:20.777666,2026-08-27T15:03:21.655691
30,16,15,repl,7,False,16,13.3823,27840,2026-08-27T15:03:08.334231,2026-08-27T15:03:21.716556
30,16,6,repl,7,False,16,2.1141,27840,2026-08-27T15:03:19.803785,2026-08-27T15:03:21.918008
30,16,7,repl,7,False,15,1.7786,1,2026-08-27T15:03:20.172465,2026-08-27T15:03:21.951080
30,16,5,repl,7,False,15,1.6842,1,2026-08-27T15:03:20.289441,2026-08-27T15:03:21.973690
30,16,2,repl,7,False,13,2.2334,45,2026-08-27T15:03:19.991298,2026-08-27T15:03:22.224730
30,16,14,repl,7,False,3,0.9535,10,2026-08-27T15:03:21.379410,2026-08-27T15:03:22.332912
30,16,11,repl,7,False,20,2.2607,5404,2026-08-27T15:03:20.112244,2026-08-27T15:03:22.372944
30,16,6,repl,7,False,17,0.7757,1,2026-08-27T15:03:21.918133,2026-08-27T15:03:22.693865
30,16,14,repl,7,False,4,0.5205,5,2026-08-27T15:03:22.333029,2026-08-27T15:03:22.866793
30,16,13,repl,7,False,18,1.3161,100,2026-08-27T15:03:21.609725,2026-08-27T15:03:22.926406
30,16,2,repl,7,False,14,0.7338,1,2026-08-27T15:03:22.225619,2026-08-27T15:03:22.960557
30,16,5,repl,7,False,16,0.9969,27840,2026-08-27T15:03:21.973777,2026-08-27T15:03:22.970898
30,16,15,repl,7,False,17,1.2886,1,2026-08-27T15:03:21.725591,2026-08-27T15:03:23.014273
30,16,7,repl,7,False,16,1.1127,27840,2026-08-27T15:03:21.951199,2026-08-27T15:03:23.063963
30,16,0,repl,7,False,8,1.4084,2,2026-08-27T15:03:21.655814,2026-08-27T15:03:23.064227
30,16,1,repl,7,False,9,3.7278,175,2026-08-27T15:03:20.095398,2026-08-27T15:03:23.823179
30,16,13,repl,7,False,19,0.9399,1,2026-08-27T15:03:22.926539,2026-08-27T15:03:23.866489
30,16,7,repl,7,False,17,1.0315,1,2026-08-27T15:03:23.069709,2026-08-27T15:03:24.101249
30,16,14,repl,7,False,5,1.2709,5,2026-08-27T15:03:22.868670,2026-08-27T15:03:24.139600
30,16,2,repl,7,False,15,1.2406,1,2026-08-27T15:03:22.971156,2026-08-27T15:03:24.211857
30,16,5,repl,7,False,17,1.2802,1,2026-08-27T15:03:23.001617,2026-08-27T15:03:24.281920
30,16,14,repl,7,False,6,0.2084,1,2026-08-27T15:03:24.139794,2026-08-27T15:03:24.348213
30,16,15,repl,7,False,18,1.3992,100,2026-08-27T15:03:23.014457,2026-08-27T15:03:24.413637
30,16,13,repl,7,False,20,0.8975,5404,2026-08-27T15:03:23.866609,2026-08-27T15:03:24.764188
30,16,15,repl,7,False,19,0.5292,1,2026-08-27T15:03:24.413716,2026-08-27T15:03:24.942932
30,16,4,repl,7,False,16,5.1351,27840,2026-08-27T15:03:19.839999,2026-08-27T15:03:24.977654
30,16,1,repl,7,False,10,1.1195,20,2026-08-27T15:03:23.823286,2026-08-27T15:03:24.996391
30,16,14,repl,7,False,7,0.8777,4,2026-08-27T15:03:24.348332,2026-08-27T15:03:25.226066
30,16,1,repl,7,False,11,0.345,0,2026-08-27T15:03:24.996568,2026-08-27T15:03:25.341649
30,16,4,repl,7,False,17,0.4417,1,2026-08-27T15:03:24.981671,2026-08-27T15:03:25.423399
30,16,6,repl,7,False,18,2.7687,100,2026-08-27T15:03:22.697774,2026-08-27T15:03:25.466531
30,16,7,repl,7,False,18,1.4458,100,2026-08-27T15:03:24.101575,2026-08-27T15:03:25.547439
30,16,15,repl,7,False,20,0.8808,5404,2026-08-27T15:03:24.943049,2026-08-27T15:03:25.839919
30,16,2,repl,7,False,16,1.7831,27840,2026-08-27T15:03:24.211966,2026-08-27T15:03:25.995568
30,16,7,repl,7,False,19,0.5333,1,2026-08-27T15:03:25.547533,2026-08-27T15:03:26.080874
30,16,11,repl,7,False,21,3.7728,100,2026-08-27T15:03:22.373044,2026-08-27T15:03:26.145831
30,16,3,repl,7,False,13,8.4519,45,2026-08-27T15:03:17.733621,2026-08-27T15:03:26.185566
30,16,1,repl,7,False,12,0.929,2,2026-08-27T15:03:25.341771,2026-08-27T15:03:26.270845
30,16,14,repl,7,False,8,1.1183,2,2026-08-27T15:03:25.226183,2026-08-27T15:03:26.344551
30,16,6,repl,7,False,19,1.0637,1,2026-08-27T15:03:25.466637,2026-08-27T15:03:26.530402
30,16,5,repl,7,False,18,2.2796,100,2026-08-27T15:03:24.282046,2026-08-27T15:03:26.561716
30,16,3,repl,7,False,14,0.5849,1,2026-08-27T15:03:26.185661,2026-08-27T15:03:26.770582
30,16,4,repl,7,False,18,1.4399,100,2026-08-27T15:03:25.423513,2026-08-27T15:03:26.863411
30,16,15,repl,7,False,21,1.1567,100,2026-08-27T15:03:25.841608,2026-08-27T15:03:26.998304
30,16,3,repl,7,False,15,0.2443,1,2026-08-27T15:03:26.770688,2026-08-27T15:03:27.014965
30,16,7,repl,7,False,20,0.9748,5404,2026-08-27T15:03:26.080999,2026-08-27T15:03:27.055835
30,16,13,repl,7,False,21,2.3016,100,2026-08-27T15:03:24.769567,2026-08-27T15:03:27.071176
30,16,4,repl,7,False,19,0.2741,1,2026-08-27T15:03:26.863529,2026-08-27T15:03:27.137623
30,16,9,repl,7,False,13,11.1185,45,2026-08-27T15:03:16.049652,2026-08-27T15:03:27.168199
30,16,2,repl,7,False,17,1.2048,1,2026-08-27T15:03:25.995679,2026-08-27T15:03:27.200467
30,16,4,repl,7,False,20,0.6491,5404,2026-08-27T15:03:27.141542,2026-08-27T15:03:27.797710
30,16,15,repl,7,False,22,0.9038,7,2026-08-27T15:03:26.998413,2026-08-27T15:03:27.902628
30,16,3,repl,7,False,16,1.0013,27840,2026-08-27T15:03:27.015067,2026-08-27T15:03:28.021579
30,16,5,repl,7,False,19,1.515,1,2026-08-27T15:03:26.561835,2026-08-27T15:03:28.076875
30,16,13,repl,7,False,22,1.0216,7,2026-08-27T15:03:27.071343,2026-08-27T15:03:28.092947
30,16,9,repl,7,False,14,0.9635,1,2026-08-27T15:03:27.168293,2026-08-27T15:03:28.131871
30,16,15,repl,7,False,1,0.2441,4,2026-08-27T15:03:27.902788,2026-08-27T15:03:28.146895
30,16,7,repl,7,False,21,1.3255,100,2026-08-27T15:03:27.061533,2026-08-27T15:03:28.387033
30,16,3,repl,7,False,17,0.4184,1,2026-08-27T15:03:28.021757,2026-08-27T15:03:28.440207
30,16,15,repl,7,False,2,0.4921,100,2026-08-27T15:03:28.149652,2026-08-27T15:03:28.641825
30,16,12,repl,7,False,18,8.3477,100,2026-08-27T15:03:20.467199,2026-08-27T15:03:28.814948
30,16,13,repl,7,False,1,0.8187,4,2026-08-27T15:03:28.093080,2026-08-27T15:03:28.911780
30,16,4,repl,7,False,21,1.3541,100,2026-08-27T15:03:27.797925,2026-08-27T15:03:29.152023
30,16,1,repl,7,False,13,3.0268,45,2026-08-27T15:03:26.270953,2026-08-27T15:03:29.297761
30,16,9,repl,7,False,15,1.175,1,2026-08-27T15:03:28.131989,2026-08-27T15:03:29.306976
30,16,14,repl,7,False,9,2.983,175,2026-08-27T15:03:26.344674,2026-08-27T15:03:29.327724
30,16,12,repl,7,False,19,0.5366,1,2026-08-27T15:03:28.815071,2026-08-27T15:03:29.351693
30,16,2,repl,7,False,18,2.276,100,2026-08-27T15:03:27.201700,2026-08-27T15:03:29.477705
30,16,5,repl,7,False,20,1.4847,5404,2026-08-27T15:03:28.076967,2026-08-27T15:03:29.561697
30,16,15,repl,7,False,3,0.9563,10,2026-08-27T15:03:28.641942,2026-08-27T15:03:29.598249
30,16,7,repl,7,False,22,1.2474,7,2026-08-27T15:03:28.387129,2026-08-27T15:03:29.634590
30,16,6,repl,7,False,20,3.1291,5404,2026-08-27T15:03:26.530528,2026-08-27T15:03:29.659615
30,16,3,repl,7,False,18,1.2789,100,2026-08-27T15:03:28.440331,2026-08-27T15:03:29.719203
30,16,13,repl,7,False,2,0.8305,100,2026-08-27T15:03:28.911896,2026-08-27T15:03:29.742385
30,16,2,repl,7,False,19,0.3219,1,2026-08-27T15:03:29.477795,2026-08-27T15:03:29.799753
30,16,1,repl,7,False,14,0.5497,1,2026-08-27T15:03:29.297880,2026-08-27T15:03:29.847601
30,16,1,repl,7,False,15,0.3357,1,2026-08-27T15:03:29.847684,2026-08-27T15:03:30.183427
30,16,4,repl,7,False,22,1.0374,7,2026-08-27T15:03:29.152151,2026-08-27T15:03:30.189605
30,16,14,repl,7,False,10,1.0646,20,2026-08-27T15:03:29.333930,2026-08-27T15:03:30.398550
30,16,4,repl,7,False,1,0.2614,4,2026-08-27T15:03:30.189751,2026-08-27T15:03:30.451208
30,16,9,repl,7,False,16,1.3396,27840,2026-08-27T15:03:29.307068,2026-08-27T15:03:30.647030
30,16,7,repl,7,False,1,1.1038,4,2026-08-27T15:03:29.634842,2026-08-27T15:03:30.738650
30,16,14,repl,7,False,11,0.359,0,2026-08-27T15:03:30.398640,2026-08-27T15:03:30.757699
30,16,5,repl,7,False,21,1.4296,100,2026-08-27T15:03:29.561791,2026-08-27T15:03:30.991455
30,16,6,repl,7,False,21,1.34,100,2026-08-27T15:03:29.659728,2026-08-27T15:03:30.999719
30,16,4,repl,7,False,2,0.5837,100,2026-08-27T15:03:30.451290,2026-08-27T15:03:31.035039
30,16,15,repl,7,False,4,1.4417,5,2026-08-27T15:03:29.598363,2026-08-27T15:03:31.040121
30,16,12,repl,7,False,20,1.7737,5404,2026-08-27T15:03:29.351810,2026-08-27T15:03:31.142393
30,16,9,repl,7,False,17,0.5285,1,2026-08-27T15:03:30.647137,2026-08-27T15:03:31.176033
30,16,7,repl,7,False,2,0.4534,100,2026-08-27T15:03:30.738769,2026-08-27T15:03:31.192196
30,16,3,repl,7,False,19,1.556,1,2026-08-27T15:03:29.719303,2026-08-27T15:03:31.275310
30,16,1,repl,7,False,16,1.1107,27840,2026-08-27T15:03:30.183520,2026-08-27T15:03:31.294286
30,16,5,repl,7,False,22,0.7623,7,2026-08-27T15:03:30.991540,2026-08-27T15:03:31.753875
30,16,4,repl,7,False,3,0.8282,10,2026-08-27T15:03:31.035130,2026-08-27T15:03:31.863374
30,16,15,repl,7,False,5,0.977,5,2026-08-27T15:03:31.041278,2026-08-27T15:03:32.018356
30,16,5,repl,7,False,1,0.2825,4,2026-08-27T15:03:31.753999,2026-08-27T15:03:32.036526
30,16,3,repl,7,False,20,0.8327,5404,2026-08-27T15:03:31.275425,2026-08-27T15:03:32.108140
30,16,14,repl,7,False,12,1.3611,2,2026-08-27T15:03:30.761576,2026-08-27T15:03:32.122727
30,16,15,repl,7,False,6,0.1559,1,2026-08-27T15:03:32.018450,2026-08-27T15:03:32.174330
30,16,11,repl,7,False,22,6.0804,7,2026-08-27T15:03:26.145951,2026-08-27T15:03:32.226374
30,16,4,repl,7,False,4,0.5821,5,2026-08-27T15:03:31.863487,2026-08-27T15:03:32.445640
30,16,5,repl,7,False,2,0.4217,100,2026-08-27T15:03:32.036616,2026-08-27T15:03:32.458344
30,16,6,repl,7,False,22,1.6037,7,2026-08-27T15:03:31.001550,2026-08-27T15:03:32.605325
30,16,9,repl,7,False,18,1.4432,100,2026-08-27T15:03:31.176150,2026-08-27T15:03:32.619427
30,16,6,repl,7,False,1,0.1979,4,2026-08-27T15:03:32.605424,2026-08-27T15:03:32.803317
30,16,2,repl,7,False,20,3.0097,5404,2026-08-27T15:03:29.805564,2026-08-27T15:03:32.815308
30,16,9,repl,7,False,19,0.257,1,2026-08-27T15:03:32.619560,2026-08-27T15:03:32.876604
30,16,14,repl,7,False,13,1.0963,45,2026-08-27T15:03:32.123664,2026-08-27T15:03:33.219977
30,16,15,repl,7,False,7,1.1073,4,2026-08-27T15:03:32.174434,2026-08-27T15:03:33.281787
30,16,6,repl,7,False,2,0.527,100,2026-08-27T15:03:32.803406,2026-08-27T15:03:33.330396
30,16,12,repl,7,False,21,2.268,100,2026-08-27T15:03:31.142485,2026-08-27T15:03:33.410481
30,16,5,repl,7,False,3,1.0599,10,2026-08-27T15:03:32.458433,2026-08-27T15:03:33.518343
30,16,7,repl,7,False,3,2.3537,10,2026-08-27T15:03:31.193534,2026-08-27T15:03:33.547223
30,16,9,repl,7,False,20,0.7922,5404,2026-08-27T15:03:32.876729,2026-08-27T15:03:33.668950
30,16,1,repl,7,False,17,2.4919,1,2026-08-27T15:03:31.294413,2026-08-27T15:03:33.786364
30,16,14,repl,7,False,14,0.6585,1,2026-08-27T15:03:33.220097,2026-08-27T15:03:33.878610
30,16,13,repl,7,False,3,4.3255,10,2026-08-27T15:03:29.742530,2026-08-27T15:03:34.068075
30,16,5,repl,7,False,4,0.5503,5,2026-08-27T15:03:33.518436,2026-08-27T15:03:34.068813
30,16,2,repl,7,False,21,1.3454,100,2026-08-27T15:03:32.815427,2026-08-27T15:03:34.160831
30,16,11,repl,7,False,1,2.3241,4,2026-08-27T15:03:32.226505,2026-08-27T15:03:34.550653
30,16,15,repl,7,False,8,1.2918,2,2026-08-27T15:03:33.281898,2026-08-27T15:03:34.573762
30,16,12,repl,7,False,22,1.3196,7,2026-08-27T15:03:33.410564,2026-08-27T15:03:34.730170
30,16,13,repl,7,False,4,0.6918,5,2026-08-27T15:03:34.068188,2026-08-27T15:03:34.759980
30,16,9,repl,7,False,21,1.2441,100,2026-08-27T15:03:33.670667,2026-08-27T15:03:34.914824
30,16,3,repl,7,False,21,2.8178,100,2026-08-27T15:03:32.113578,2026-08-27T15:03:34.931414
30,16,5,repl,7,False,5,0.8786,5,2026-08-27T15:03:34.068942,2026-08-27T15:03:34.947544
30,16,6,repl,7,False,3,1.6378,10,2026-08-27T15:03:33.330518,2026-08-27T15:03:34.968342
30,16,12,repl,7,False,1,0.265,4,2026-08-27T15:03:34.730285,2026-08-27T15:03:34.995274
30,16,11,repl,7,False,2,0.6007,100,2026-08-27T15:03:34.550740,2026-08-27T15:03:35.151436
30,16,2,repl,7,False,22,1.0222,7,2026-08-27T15:03:34.160944,2026-08-27T15:03:35.183197
30,16,7,repl,7,False,4,1.791,5,2026-08-27T15:03:33.547339,2026-08-27T15:03:35.338352
30,16,2,repl,7,False,1,0.1752,4,2026-08-27T15:03:35.183288,2026-08-27T15:03:35.358526
30,16,6,repl,7,False,4,0.6812,5,2026-08-27T15:03:34.968447,2026-08-27T15:03:35.649659
30,16,13,repl,7,False,5,0.8998,5,2026-08-27T15:03:34.760114,2026-08-27T15:03:35.659902
30,16,12,repl,7,False,2,0.6679,100,2026-08-27T15:03:34.995393,2026-08-27T15:03:35.663344
30,16,9,repl,7,False,22,0.7828,7,2026-08-27T15:03:34.914940,2026-08-27T15:03:35.697717
30,16,13,repl,7,False,6,0.0642,1,2026-08-27T15:03:35.660136,2026-08-27T15:03:35.724364
30,16,3,repl,7,False,22,0.8073,7,2026-08-27T15:03:34.931523,2026-08-27T15:03:35.738863
30,16,1,repl,7,False,18,2.025,100,2026-08-27T15:03:33.786473,2026-08-27T15:03:35.811511
30,16,9,repl,7,False,1,0.2053,4,2026-08-27T15:03:35.697836,2026-08-27T15:03:35.903118
30,16,11,repl,7,False,3,0.7674,10,2026-08-27T15:03:35.151527,2026-08-27T15:03:35.918912
30,16,3,repl,7,False,1,0.2736,4,2026-08-27T15:03:35.738966,2026-08-27T15:03:36.012621
30,16,2,repl,7,False,2,0.8406,100,2026-08-27T15:03:35.358623,2026-08-27T15:03:36.199281
30,16,7,repl,7,False,5,0.9159,5,2026-08-27T15:03:35.338438,2026-08-27T15:03:36.254332
30,16,7,repl,7,False,6,0.0766,1,2026-08-27T15:03:36.254452,2026-08-27T15:03:36.331075
30,16,11,repl,7,False,4,0.4387,5,2026-08-27T15:03:35.919017,2026-08-27T15:03:36.357753
30,16,13,repl,7,False,7,0.7974,4,2026-08-27T15:03:35.724480,2026-08-27T15:03:36.521882
30,16,6,repl,7,False,5,1.0044,5,2026-08-27T15:03:35.649765,2026-08-27T15:03:36.654223
30,16,9,repl,7,False,2,0.7545,100,2026-08-27T15:03:35.903197,2026-08-27T15:03:36.657677
30,16,3,repl,7,False,2,0.8015,100,2026-08-27T15:03:36.012702,2026-08-27T15:03:36.814270
30,16,6,repl,7,False,6,0.2646,1,2026-08-27T15:03:36.654339,2026-08-27T15:03:36.918951
30,16,7,repl,7,False,7,0.7192,4,2026-08-27T15:03:36.331191,2026-08-27T15:03:37.050426
30,16,1,repl,7,False,19,1.313,1,2026-08-27T15:03:35.811595,2026-08-27T15:03:37.124616
30,16,12,repl,7,False,3,1.4756,10,2026-08-27T15:03:35.663458,2026-08-27T15:03:37.139099
30,16,8,repl,7,False,18,17.0839,100,2026-08-27T15:03:20.127874,2026-08-27T15:03:37.211830
30,16,11,repl,7,False,5,0.8969,5,2026-08-27T15:03:36.357854,2026-08-27T15:03:37.254823
30,16,11,repl,7,False,6,0.0554,1,2026-08-27T15:03:37.254926,2026-08-27T15:03:37.310339
30,16,0,repl,7,False,9,14.2514,175,2026-08-27T15:03:23.085857,2026-08-27T15:03:37.337294
30,16,13,repl,7,False,8,0.8984,2,2026-08-27T15:03:36.522016,2026-08-27T15:03:37.420465
30,16,8,repl,7,False,19,0.4282,1,2026-08-27T15:03:37.211953,2026-08-27T15:03:37.640189
30,16,1,repl,7,False,20,0.5756,5404,2026-08-27T15:03:37.124734,2026-08-27T15:03:37.700355
30,16,12,repl,7,False,4,0.59,5,2026-08-27T15:03:37.139215,2026-08-27T15:03:37.729277
30,16,9,repl,7,False,3,1.2213,10,2026-08-27T15:03:36.657786,2026-08-27T15:03:37.879162
30,16,11,repl,7,False,7,0.6935,4,2026-08-27T15:03:37.310459,2026-08-27T15:03:38.003954
30,16,8,repl,7,False,20,0.5891,5404,2026-08-27T15:03:37.640301,2026-08-27T15:03:38.229381
30,16,3,repl,7,False,3,1.4152,10,2026-08-27T15:03:36.814351,2026-08-27T15:03:38.229551
30,16,10,repl,7,False,18,18.4989,100,2026-08-27T15:03:20.038254,2026-08-27T15:03:38.537156
30,16,12,repl,7,False,5,0.9937,5,2026-08-27T15:03:37.729393,2026-08-27T15:03:38.723098
30,16,9,repl,7,False,4,0.8747,5,2026-08-27T15:03:37.879286,2026-08-27T15:03:38.753992
30,16,0,repl,7,False,10,1.4482,20,2026-08-27T15:03:37.337405,2026-08-27T15:03:38.785645
30,16,12,repl,7,False,6,0.0937,1,2026-08-27T15:03:38.723243,2026-08-27T15:03:38.816940
30,16,1,repl,7,False,21,1.4042,100,2026-08-27T15:03:37.705567,2026-08-27T15:03:39.109864
30,16,0,repl,7,False,11,0.3354,0,2026-08-27T15:03:38.785762,2026-08-27T15:03:39.121150
30,16,11,repl,7,False,8,1.1276,2,2026-08-27T15:03:38.004038,2026-08-27T15:03:39.131634
30,16,15,repl,7,False,9,4.7316,175,2026-08-27T15:03:34.573880,2026-08-27T15:03:39.305485
30,16,10,repl,7,False,19,0.7992,1,2026-08-27T15:03:38.537265,2026-08-27T15:03:39.336482
30,16,8,repl,7,False,21,1.297,100,2026-08-27T15:03:38.237544,2026-08-27T15:03:39.534559
30,16,12,repl,7,False,7,0.7565,4,2026-08-27T15:03:38.817074,2026-08-27T15:03:39.573635
30,16,9,repl,7,False,5,0.8473,5,2026-08-27T15:03:38.754120,2026-08-27T15:03:39.601416
30,16,9,repl,7,False,6,0.0616,1,2026-08-27T15:03:39.601525,2026-08-27T15:03:39.663180
30,16,1,repl,7,False,22,0.5793,7,2026-08-27T15:03:39.109972,2026-08-27T15:03:39.689255
30,16,1,repl,7,False,1,0.1883,4,2026-08-27T15:03:39.689363,2026-08-27T15:03:39.877719
30,16,0,repl,7,False,12,0.8974,2,2026-08-27T15:03:39.121261,2026-08-27T15:03:40.018708
30,16,10,repl,7,False,20,0.9289,5404,2026-08-27T15:03:39.336608,2026-08-27T15:03:40.265567
30,16,9,repl,7,False,7,0.7461,4,2026-08-27T15:03:39.663295,2026-08-27T15:03:40.409461
30,16,8,repl,7,False,22,0.8942,7,2026-08-27T15:03:39.534669,2026-08-27T15:03:40.428882
30,16,12,repl,7,False,8,0.9128,2,2026-08-27T15:03:39.573719,2026-08-27T15:03:40.486572
30,16,8,repl,7,False,1,0.4249,4,2026-08-27T15:03:40.429006,2026-08-27T15:03:40.853889
30,16,13,repl,7,False,9,3.5385,175,2026-08-27T15:03:37.420550,2026-08-27T15:03:40.959112
30,16,15,repl,7,False,10,1.6704,20,2026-08-27T15:03:39.305607,2026-08-27T15:03:40.976062
30,16,0,repl,7,False,13,0.9878,45,2026-08-27T15:03:40.018827,2026-08-27T15:03:41.006625
30,16,15,repl,7,False,11,0.1752,0,2026-08-27T15:03:40.976169,2026-08-27T15:03:41.151383
30,16,8,repl,7,False,2,0.3077,100,2026-08-27T15:03:40.854039,2026-08-27T15:03:41.161762
30,16,0,repl,7,False,14,0.2999,1,2026-08-27T15:03:41.006710,2026-08-27T15:03:41.306673
30,16,10,repl,7,False,21,1.1644,100,2026-08-27T15:03:40.265699,2026-08-27T15:03:41.430167
30,16,0,repl,7,False,15,0.1491,1,2026-08-27T15:03:41.306776,2026-08-27T15:03:41.455905
30,16,9,repl,7,False,8,1.2021,2,2026-08-27T15:03:40.409777,2026-08-27T15:03:41.611925
30,16,8,repl,7,False,3,0.6242,10,2026-08-27T15:03:41.161869,2026-08-27T15:03:41.786079
30,16,15,repl,7,False,12,0.6387,2,2026-08-27T15:03:41.151492,2026-08-27T15:03:41.790244
30,16,13,repl,7,False,10,0.8916,20,2026-08-27T15:03:40.959260,2026-08-27T15:03:41.850897
30,16,13,repl,7,False,11,0.2597,0,2026-08-27T15:03:41.851029,2026-08-27T15:03:42.110740
30,16,8,repl,7,False,4,0.5385,5,2026-08-27T15:03:41.786201,2026-08-27T15:03:42.342146
30,16,0,repl,7,False,16,0.9344,27840,2026-08-27T15:03:41.455984,2026-08-27T15:03:42.390431
30,16,10,repl,7,False,22,1.0317,7,2026-08-27T15:03:41.430272,2026-08-27T15:03:42.461955
30,16,13,repl,7,False,12,0.6147,2,2026-08-27T15:03:42.110875,2026-08-27T15:03:42.725575
30,16,11,repl,7,False,9,3.5984,175,2026-08-27T15:03:39.131748,2026-08-27T15:03:42.730213
30,16,10,repl,7,False,1,0.2778,4,2026-08-27T15:03:42.462039,2026-08-27T15:03:42.739886
30,16,0,repl,7,False,17,0.4201,1,2026-08-27T15:03:42.390573,2026-08-27T15:03:42.810696
30,16,8,repl,7,False,5,0.8865,5,2026-08-27T15:03:42.342341,2026-08-27T15:03:43.228895
30,16,8,repl,7,False,6,0.2691,1,2026-08-27T15:03:43.229013,2026-08-27T15:03:43.498106
30,16,15,repl,7,False,13,1.8073,45,2026-08-27T15:03:41.790340,2026-08-27T15:03:43.597672
30,16,10,repl,7,False,2,0.8898,100,2026-08-27T15:03:42.740032,2026-08-27T15:03:43.629829
30,16,12,repl,7,False,9,3.2136,175,2026-08-27T15:03:40.486658,2026-08-27T15:03:43.700321
30,16,0,repl,7,False,18,0.9957,100,2026-08-27T15:03:42.810795,2026-08-27T15:03:43.806568
30,16,13,repl,7,False,13,1.1589,45,2026-08-27T15:03:42.725694,2026-08-27T15:03:43.884613
30,16,15,repl,7,False,14,0.3757,1,2026-08-27T15:03:43.597932,2026-08-27T15:03:43.973703
30,16,11,repl,7,False,10,1.2921,20,2026-08-27T15:03:42.730324,2026-08-27T15:03:44.022440
30,16,8,repl,7,False,7,0.5356,4,2026-08-27T15:03:43.498421,2026-08-27T15:03:44.034060
30,16,0,repl,7,False,19,0.3558,1,2026-08-27T15:03:43.806683,2026-08-27T15:03:44.162527
30,16,11,repl,7,False,11,0.1502,0,2026-08-27T15:03:44.022668,2026-08-27T15:03:44.172859
30,16,15,repl,7,False,15,0.258,1,2026-08-27T15:03:43.973936,2026-08-27T15:03:44.231962
30,16,10,repl,7,False,3,0.808,10,2026-08-27T15:03:43.630172,2026-08-27T15:03:44.438164
30,16,12,repl,7,False,10,0.7848,20,2026-08-27T15:03:43.700574,2026-08-27T15:03:44.485389
30,16,12,repl,7,False,11,0.0948,0,2026-08-27T15:03:44.486934,2026-08-27T15:03:44.582585
30,16,0,repl,7,False,20,0.4267,5404,2026-08-27T15:03:44.162616,2026-08-27T15:03:44.589301
30,16,8,repl,7,False,8,0.8825,2,2026-08-27T15:03:44.034170,2026-08-27T15:03:44.916670
30,16,10,repl,7,False,4,0.682,5,2026-08-27T15:03:44.438269,2026-08-27T15:03:45.120333
30,16,12,repl,7,False,12,0.5734,2,2026-08-27T15:03:44.582674,2026-08-27T15:03:45.156104
30,16,9,repl,7,False,9,3.6096,175,2026-08-27T15:03:41.612040,2026-08-27T15:03:45.221618
30,16,0,repl,7,False,21,0.7278,100,2026-08-27T15:03:44.589562,2026-08-27T15:03:45.317393
30,16,10,repl,7,False,5,0.3308,5,2026-08-27T15:03:45.120402,2026-08-27T15:03:45.451219
30,16,10,repl,7,False,6,0.0424,1,2026-08-27T15:03:45.451312,2026-08-27T15:03:45.493724
30,16,0,repl,7,False,22,0.3385,7,2026-08-27T15:03:45.317472,2026-08-27T15:03:45.656012
30,16,10,repl,7,False,7,0.2197,4,2026-08-27T15:03:45.493803,2026-08-27T15:03:45.713500
30,16,10,repl,7,False,8,0.2921,2,2026-08-27T15:03:45.713589,2026-08-27T15:03:46.005743
30,16,10,repl,7,False,9,0.8541,175,2026-08-27T15:03:46.005822,2026-08-27T15:03:46.859950
30,16,10,repl,7,False,10,0.3976,20,2026-08-27T15:03:46.860035,2026-08-27T15:03:47.257685
30,16,0,repl,8,False,1,0.1642,4,2026-08-27T15:03:47.259311,2026-08-27T15:03:47.423517
30,16,5,repl,8,False,6,0.1369,1,2026-08-27T15:03:47.301630,2026-08-27T15:03:47.438543
30,16,1,repl,8,False,2,0.471,100,2026-08-27T15:03:47.262880,2026-08-27T15:03:47.733944
30,16,3,repl,8,False,4,0.5424,5,2026-08-27T15:03:47.273578,2026-08-27T15:03:47.816012
30,16,10,repl,8,False,11,0.4802,0,2026-08-27T15:03:47.346246,2026-08-27T15:03:47.826482
30,16,0,repl,8,False,2,0.5,100,2026-08-27T15:03:47.423633,2026-08-27T15:03:47.923679
30,16,2,repl,8,False,3,0.8092,10,2026-08-27T15:03:47.269748,2026-08-27T15:03:48.078945
30,16,6,repl,8,False,7,0.912,4,2026-08-27T15:03:47.305682,2026-08-27T15:03:48.217732
30,16,4,repl,8,False,5,1.0635,5,2026-08-27T15:03:47.283194,2026-08-27T15:03:48.346784
30,16,7,repl,8,False,8,1.0534,2,2026-08-27T15:03:47.316481,2026-08-27T15:03:48.369918
30,16,4,repl,8,False,6,0.082,1,2026-08-27T15:03:48.346907,2026-08-27T15:03:48.428984
30,16,14,repl,8,False,15,1.0933,1,2026-08-27T15:03:47.405710,2026-08-27T15:03:48.499084
30,16,1,repl,8,False,3,0.7807,10,2026-08-27T15:03:47.734062,2026-08-27T15:03:48.514811
30,16,2,repl,8,False,4,0.5663,5,2026-08-27T15:03:48.079059,2026-08-27T15:03:48.645425
30,16,10,repl,8,False,12,0.9011,2,2026-08-27T15:03:47.826604,2026-08-27T15:03:48.727729
30,16,1,repl,8,False,4,0.6513,5,2026-08-27T15:03:48.514926,2026-08-27T15:03:49.166249
30,16,2,repl,8,False,5,0.7364,5,2026-08-27T15:03:48.645542,2026-08-27T15:03:49.381969
30,16,0,repl,8,False,3,1.4679,10,2026-08-27T15:03:47.923799,2026-08-27T15:03:49.391768
30,16,2,repl,8,False,6,0.0907,1,2026-08-27T15:03:49.382134,2026-08-27T15:03:49.481875
30,16,4,repl,8,False,7,1.1086,4,2026-08-27T15:03:48.429103,2026-08-27T15:03:49.537765
30,16,14,repl,8,False,16,1.0805,27840,2026-08-27T15:03:48.499226,2026-08-27T15:03:49.579820
30,16,11,repl,8,False,12,2.2469,2,2026-08-27T15:03:47.366725,2026-08-27T15:03:49.613703
30,16,10,repl,8,False,13,0.8963,45,2026-08-27T15:03:48.727831,2026-08-27T15:03:49.624208
30,16,6,repl,8,False,8,1.5728,2,2026-08-27T15:03:48.217839,2026-08-27T15:03:49.790619
30,16,3,repl,8,False,5,1.9988,5,2026-08-27T15:03:47.816131,2026-08-27T15:03:49.814997
30,16,1,repl,8,False,5,1.1498,5,2026-08-27T15:03:49.166359,2026-08-27T15:03:50.316201
30,16,1,repl,8,False,6,0.0777,1,2026-08-27T15:03:50.316328,2026-08-27T15:03:50.394052
30,16,2,repl,8,False,7,0.9259,4,2026-08-27T15:03:49.485714,2026-08-27T15:03:50.411639
30,16,0,repl,8,False,4,1.0442,5,2026-08-27T15:03:49.391854,2026-08-27T15:03:50.436102
30,16,14,repl,8,False,17,0.9905,1,2026-08-27T15:03:49.579918,2026-08-27T15:03:50.570496
30,16,4,repl,8,False,8,1.1062,2,2026-08-27T15:03:49.537919,2026-08-27T15:03:50.644200
30,16,11,repl,8,False,13,1.2502,45,2026-08-27T15:03:49.613807,2026-08-27T15:03:50.864082
30,16,8,repl,8,False,9,3.6614,175,2026-08-27T15:03:47.337629,2026-08-27T15:03:50.999117
30,16,3,repl,8,False,6,1.2441,1,2026-08-27T15:03:49.815105,2026-08-27T15:03:51.059203
30,16,1,repl,8,False,7,0.8995,4,2026-08-27T15:03:50.394162,2026-08-27T15:03:51.293729
30,16,11,repl,8,False,14,0.7106,1,2026-08-27T15:03:50.864200,2026-08-27T15:03:51.574804
30,16,9,repl,8,False,10,4.2376,20,2026-08-27T15:03:47.345944,2026-08-27T15:03:51.583585
30,16,2,repl,8,False,8,1.1827,2,2026-08-27T15:03:50.411757,2026-08-27T15:03:51.594521
30,16,13,repl,8,False,14,4.2242,1,2026-08-27T15:03:47.385331,2026-08-27T15:03:51.609575
30,16,11,repl,8,False,15,0.2729,1,2026-08-27T15:03:51.574916,2026-08-27T15:03:51.847816
30,16,9,repl,8,False,11,0.2788,0,2026-08-27T15:03:51.583695,2026-08-27T15:03:51.862509
30,16,0,repl,8,False,5,1.5198,5,2026-08-27T15:03:50.441593,2026-08-27T15:03:51.961392
30,16,0,repl,8,False,6,0.1327,1,2026-08-27T15:03:51.961476,2026-08-27T15:03:52.094190
30,16,14,repl,8,False,18,1.5353,100,2026-08-27T15:03:50.577589,2026-08-27T15:03:52.112944
30,16,3,repl,8,False,7,1.3044,4,2026-08-27T15:03:51.059332,2026-08-27T15:03:52.363798
30,16,1,repl,8,False,8,1.0874,2,2026-08-27T15:03:51.293852,2026-08-27T15:03:52.381328
30,16,9,repl,8,False,12,0.9084,2,2026-08-27T15:03:51.862818,2026-08-27T15:03:52.771281
30,16,7,repl,8,False,9,4.4298,175,2026-08-27T15:03:48.370033,2026-08-27T15:03:52.799864
30,16,14,repl,8,False,19,1.0211,1,2026-08-27T15:03:52.113064,2026-08-27T15:03:53.134191
30,16,4,repl,8,False,9,2.5716,175,2026-08-27T15:03:50.644321,2026-08-27T15:03:53.215991
30,16,13,repl,8,False,15,1.6371,1,2026-08-27T15:03:51.609872,2026-08-27T15:03:53.246976
30,16,8,repl,8,False,10,2.3508,20,2026-08-27T15:03:50.999270,2026-08-27T15:03:53.350082
30,16,0,repl,8,False,7,1.2761,4,2026-08-27T15:03:52.094281,2026-08-27T15:03:53.371111
30,16,10,repl,8,False,14,3.8582,1,2026-08-27T15:03:49.624323,2026-08-27T15:03:53.483985
30,16,11,repl,8,False,16,1.6413,27840,2026-08-27T15:03:51.847906,2026-08-27T15:03:53.489214
30,16,12,repl,8,False,13,6.1158,45,2026-08-27T15:03:47.378073,2026-08-27T15:03:53.493889
30,16,3,repl,8,False,8,1.2631,2,2026-08-27T15:03:52.363911,2026-08-27T15:03:53.627006
30,16,8,repl,8,False,11,0.282,0,2026-08-27T15:03:53.371387,2026-08-27T15:03:53.653441
30,16,9,repl,8,False,13,0.9321,45,2026-08-27T15:03:52.771386,2026-08-27T15:03:53.703502
30,16,14,repl,8,False,20,0.7965,5404,2026-08-27T15:03:53.135387,2026-08-27T15:03:53.931961
30,16,10,repl,8,False,15,0.5336,1,2026-08-27T15:03:53.494138,2026-08-27T15:03:54.027741
30,16,4,repl,8,False,10,1.1537,20,2026-08-27T15:03:53.216157,2026-08-27T15:03:54.369916
30,16,9,repl,8,False,14,0.7572,1,2026-08-27T15:03:53.703595,2026-08-27T15:03:54.460822
30,16,2,repl,8,False,9,2.9255,175,2026-08-27T15:03:51.597599,2026-08-27T15:03:54.523133
30,16,6,repl,8,False,9,4.8394,175,2026-08-27T15:03:49.790732,2026-08-27T15:03:54.630119
30,16,4,repl,8,False,11,0.3112,0,2026-08-27T15:03:54.370021,2026-08-27T15:03:54.681269
30,16,9,repl,8,False,15,0.275,1,2026-08-27T15:03:54.460908,2026-08-27T15:03:54.735893
30,16,8,repl,8,False,12,1.3138,2,2026-08-27T15:03:53.653623,2026-08-27T15:03:54.967442
30,16,10,repl,8,False,16,1.1037,27840,2026-08-27T15:03:54.027863,2026-08-27T15:03:55.133578
30,16,7,repl,8,False,10,2.3903,20,2026-08-27T15:03:52.805641,2026-08-27T15:03:55.195981
30,16,4,repl,8,False,12,0.7427,2,2026-08-27T15:03:54.681373,2026-08-27T15:03:55.424131
30,16,10,repl,8,False,17,0.637,1,2026-08-27T15:03:55.133733,2026-08-27T15:03:55.770801
30,16,9,repl,8,False,16,1.2136,27840,2026-08-27T15:03:54.735980,2026-08-27T15:03:55.949704
30,16,2,repl,8,False,10,1.4395,20,2026-08-27T15:03:54.525658,2026-08-27T15:03:55.965161
30,16,14,repl,8,False,21,2.2523,100,2026-08-27T15:03:53.932099,2026-08-27T15:03:56.184410
30,16,2,repl,8,False,11,0.2734,0,2026-08-27T15:03:55.965289,2026-08-27T15:03:56.238723
30,16,0,repl,8,False,8,2.9298,2,2026-08-27T15:03:53.381871,2026-08-27T15:03:56.311711
30,16,9,repl,8,False,17,0.5528,1,2026-08-27T15:03:55.949825,2026-08-27T15:03:56.502679
30,16,7,repl,8,False,11,1.3166,0,2026-08-27T15:03:55.196101,2026-08-27T15:03:56.512717
30,16,4,repl,8,False,13,1.1105,45,2026-08-27T15:03:55.424215,2026-08-27T15:03:56.534715
30,16,6,repl,8,False,10,1.9156,20,2026-08-27T15:03:54.630234,2026-08-27T15:03:56.545818
30,16,8,repl,8,False,13,1.6013,45,2026-08-27T15:03:54.967530,2026-08-27T15:03:56.568853
30,16,6,repl,8,False,11,0.2979,0,2026-08-27T15:03:56.545914,2026-08-27T15:03:56.843811
30,16,13,repl,8,False,16,3.8345,27840,2026-08-27T15:03:53.247110,2026-08-27T15:03:57.081648
30,16,4,repl,8,False,14,0.7073,1,2026-08-27T15:03:56.534866,2026-08-27T15:03:57.242206
30,16,8,repl,8,False,14,0.7597,1,2026-08-27T15:03:56.568969,2026-08-27T15:03:57.328685
30,16,10,repl,8,False,18,1.5677,100,2026-08-27T15:03:55.777579,2026-08-27T15:03:57.345346
30,16,7,repl,8,False,12,0.875,2,2026-08-27T15:03:56.512840,2026-08-27T15:03:57.387867
30,16,2,repl,8,False,12,1.1865,2,2026-08-27T15:03:56.238879,2026-08-27T15:03:57.425388
30,16,4,repl,8,False,15,0.4445,1,2026-08-27T15:03:57.242327,2026-08-27T15:03:57.686889
30,16,3,repl,8,False,9,4.2208,175,2026-08-27T15:03:53.627112,2026-08-27T15:03:57.847942
30,16,15,repl,8,False,16,10.4354,27840,2026-08-27T15:03:47.411617,2026-08-27T15:03:57.849739
30,16,8,repl,8,False,15,0.5429,1,2026-08-27T15:03:57.328818,2026-08-27T15:03:57.871733
30,16,6,repl,8,False,12,1.037,2,2026-08-27T15:03:56.845814,2026-08-27T15:03:57.882886
30,16,9,repl,8,False,18,1.3901,100,2026-08-27T15:03:56.507793,2026-08-27T15:03:57.897910
30,16,13,repl,8,False,17,0.9646,1,2026-08-27T15:03:57.081767,2026-08-27T15:03:58.046369
30,16,15,repl,8,False,17,0.5445,1,2026-08-27T15:03:57.867738,2026-08-27T15:03:58.412250
30,16,10,repl,8,False,19,1.1167,1,2026-08-27T15:03:57.349596,2026-08-27T15:03:58.466374
30,16,7,repl,8,False,13,1.5371,45,2026-08-27T15:03:57.387975,2026-08-27T15:03:58.925064
30,16,4,repl,8,False,16,1.4271,27840,2026-08-27T15:03:57.686979,2026-08-27T15:03:59.114246
30,16,7,repl,8,False,14,0.4302,1,2026-08-27T15:03:58.925199,2026-08-27T15:03:59.355421
30,16,3,repl,8,False,10,1.561,20,2026-08-27T15:03:57.851764,2026-08-27T15:03:59.412764
30,16,13,repl,8,False,18,1.4698,100,2026-08-27T15:03:58.046482,2026-08-27T15:03:59.521682
30,16,15,repl,8,False,18,1.143,100,2026-08-27T15:03:58.412431,2026-08-27T15:03:59.557340
30,16,8,repl,8,False,16,1.7176,27840,2026-08-27T15:03:57.873638,2026-08-27T15:03:59.592676
30,16,4,repl,8,False,17,0.4914,1,2026-08-27T15:03:59.114389,2026-08-27T15:03:59.605828
30,16,14,repl,8,False,22,3.4435,7,2026-08-27T15:03:56.184529,2026-08-27T15:03:59.628074
30,16,7,repl,8,False,15,0.2843,1,2026-08-27T15:03:59.355590,2026-08-27T15:03:59.639961
30,16,3,repl,8,False,11,0.3321,0,2026-08-27T15:03:59.415579,2026-08-27T15:03:59.747710
30,16,6,repl,8,False,13,1.9089,45,2026-08-27T15:03:57.883020,2026-08-27T15:03:59.791995
30,16,13,repl,8,False,19,0.3743,1,2026-08-27T15:03:59.521792,2026-08-27T15:03:59.896120
30,16,14,repl,8,False,1,0.3908,4,2026-08-27T15:03:59.628187,2026-08-27T15:04:00.019024
30,16,10,repl,8,False,20,1.7266,5404,2026-08-27T15:03:58.466497,2026-08-27T15:04:00.193122
30,16,8,repl,8,False,17,0.6172,1,2026-08-27T15:03:59.593969,2026-08-27T15:04:00.211193
30,16,15,repl,8,False,19,0.7421,1,2026-08-27T15:03:59.557458,2026-08-27T15:04:00.299562
30,16,14,repl,8,False,2,0.5148,100,2026-08-27T15:04:00.019114,2026-08-27T15:04:00.533976
30,16,3,repl,8,False,12,0.8497,2,2026-08-27T15:03:59.747820,2026-08-27T15:04:00.597566
30,16,13,repl,8,False,20,0.7607,5404,2026-08-27T15:03:59.896234,2026-08-27T15:04:00.656914
30,16,9,repl,8,False,19,2.8332,1,2026-08-27T15:03:57.898197,2026-08-27T15:04:00.731456
30,16,2,repl,8,False,13,3.7068,45,2026-08-27T15:03:57.429568,2026-08-27T15:04:01.136460
30,16,6,repl,8,False,14,1.371,1,2026-08-27T15:03:59.792105,2026-08-27T15:04:01.163092
30,16,10,repl,8,False,21,1.2843,100,2026-08-27T15:04:00.193297,2026-08-27T15:04:01.477643
30,16,4,repl,8,False,18,1.8818,100,2026-08-27T15:03:59.606005,2026-08-27T15:04:01.487819
30,16,14,repl,8,False,3,1.0447,10,2026-08-27T15:04:00.534082,2026-08-27T15:04:01.578773
30,16,15,repl,8,False,20,1.2885,5404,2026-08-27T15:04:00.299678,2026-08-27T15:04:01.588172
30,16,6,repl,8,False,15,0.4402,1,2026-08-27T15:04:01.163187,2026-08-27T15:04:01.603454
30,16,3,repl,8,False,13,1.202,45,2026-08-27T15:04:00.597676,2026-08-27T15:04:01.799705
30,16,13,repl,8,False,21,1.2728,100,2026-08-27T15:04:00.657011,2026-08-27T15:04:01.929855
30,16,4,repl,8,False,19,0.4585,1,2026-08-27T15:04:01.487951,2026-08-27T15:04:01.946501
30,16,14,repl,8,False,4,0.3929,5,2026-08-27T15:04:01.578870,2026-08-27T15:04:01.971796
30,16,10,repl,8,False,22,0.6305,7,2026-08-27T15:04:01.477748,2026-08-27T15:04:02.108320
30,16,8,repl,8,False,18,2.043,100,2026-08-27T15:04:00.211589,2026-08-27T15:04:02.254668
30,16,10,repl,8,False,1,0.1617,4,2026-08-27T15:04:02.108429,2026-08-27T15:04:02.270158
30,16,3,repl,8,False,14,0.58,1,2026-08-27T15:04:01.799801,2026-08-27T15:04:02.379800
30,16,8,repl,8,False,19,0.2695,1,2026-08-27T15:04:02.254791,2026-08-27T15:04:02.524306
30,16,13,repl,8,False,22,0.731,7,2026-08-27T15:04:01.929991,2026-08-27T15:04:02.661007
30,16,7,repl,8,False,16,3.0401,27840,2026-08-27T15:03:59.640069,2026-08-27T15:04:02.680198
30,16,3,repl,8,False,15,0.3824,1,2026-08-27T15:04:02.379908,2026-08-27T15:04:02.762315
30,16,14,repl,8,False,5,0.8777,5,2026-08-27T15:04:01.971929,2026-08-27T15:04:02.849627
30,16,2,repl,8,False,14,1.8126,1,2026-08-27T15:04:01.136549,2026-08-27T15:04:02.949175
30,16,14,repl,8,False,6,0.1568,1,2026-08-27T15:04:02.849735,2026-08-27T15:04:03.006581
30,16,15,repl,8,False,21,1.4283,100,2026-08-27T15:04:01.588778,2026-08-27T15:04:03.017065
30,16,7,repl,8,False,17,0.3954,1,2026-08-27T15:04:02.680284,2026-08-27T15:04:03.075735
30,16,4,repl,8,False,20,1.1975,5404,2026-08-27T15:04:01.946623,2026-08-27T15:04:03.144263
30,16,8,repl,8,False,20,0.6928,5404,2026-08-27T15:04:02.524393,2026-08-27T15:04:03.217268
30,16,10,repl,8,False,2,1.0654,100,2026-08-27T15:04:02.270243,2026-08-27T15:04:03.335704
30,16,6,repl,8,False,16,2.0635,27840,2026-08-27T15:04:01.603550,2026-08-27T15:04:03.667040
30,16,9,repl,8,False,20,2.9768,5404,2026-08-27T15:04:00.731547,2026-08-27T15:04:03.708415
30,16,3,repl,8,False,16,0.944,27840,2026-08-27T15:04:02.762419,2026-08-27T15:04:03.721912
30,16,2,repl,8,False,15,0.8681,1,2026-08-27T15:04:02.949282,2026-08-27T15:04:03.817453
30,16,14,repl,8,False,7,0.8773,4,2026-08-27T15:04:03.006696,2026-08-27T15:04:03.883987
30,16,15,repl,8,False,22,0.9487,7,2026-08-27T15:04:03.017179,2026-08-27T15:04:03.965936
30,16,3,repl,8,False,17,0.4714,1,2026-08-27T15:04:03.722309,2026-08-27T15:04:04.193766
30,16,7,repl,8,False,18,1.1762,100,2026-08-27T15:04:03.081579,2026-08-27T15:04:04.257847
30,16,8,repl,8,False,21,1.0476,100,2026-08-27T15:04:03.221620,2026-08-27T15:04:04.269266
30,16,15,repl,8,False,1,0.3256,4,2026-08-27T15:04:03.966017,2026-08-27T15:04:04.291612
30,16,7,repl,8,False,19,0.4805,1,2026-08-27T15:04:04.257969,2026-08-27T15:04:04.738471
30,16,6,repl,8,False,17,1.0952,1,2026-08-27T15:04:03.667162,2026-08-27T15:04:04.762389
30,16,15,repl,8,False,2,0.5621,100,2026-08-27T15:04:04.291698,2026-08-27T15:04:04.853794
30,16,14,repl,8,False,8,0.9922,2,2026-08-27T15:04:03.884089,2026-08-27T15:04:04.876269
30,16,4,repl,8,False,21,2.0415,100,2026-08-27T15:04:03.144393,2026-08-27T15:04:05.185934
30,16,10,repl,8,False,3,2.1062,10,2026-08-27T15:04:03.335822,2026-08-27T15:04:05.442087
30,16,7,repl,8,False,20,0.7225,5404,2026-08-27T15:04:04.738586,2026-08-27T15:04:05.461134
30,16,3,repl,8,False,18,1.2878,100,2026-08-27T15:04:04.193844,2026-08-27T15:04:05.481708
30,16,8,repl,8,False,22,1.2912,7,2026-08-27T15:04:04.269362,2026-08-27T15:04:05.560618
30,16,13,repl,8,False,1,3.0565,4,2026-08-27T15:04:02.661094,2026-08-27T15:04:05.717630
30,16,8,repl,8,False,1,0.2306,4,2026-08-27T15:04:05.560736,2026-08-27T15:04:05.791329
30,16,2,repl,8,False,16,1.9974,27840,2026-08-27T15:04:03.817577,2026-08-27T15:04:05.815822
30,16,10,repl,8,False,4,0.5494,5,2026-08-27T15:04:05.442227,2026-08-27T15:04:05.991616
30,16,15,repl,8,False,3,1.1606,10,2026-08-27T15:04:04.853864,2026-08-27T15:04:06.014507
30,16,3,repl,8,False,19,0.5861,1,2026-08-27T15:04:05.489571,2026-08-27T15:04:06.075760
30,16,4,repl,8,False,22,0.981,7,2026-08-27T15:04:05.186053,2026-08-27T15:04:06.167061
30,16,8,repl,8,False,2,0.3806,100,2026-08-27T15:04:05.791456,2026-08-27T15:04:06.172132
30,16,6,repl,8,False,18,1.4401,100,2026-08-27T15:04:04.762513,2026-08-27T15:04:06.202647
30,16,15,repl,8,False,4,0.5256,5,2026-08-27T15:04:06.014618,2026-08-27T15:04:06.540294
30,16,4,repl,8,False,1,0.391,4,2026-08-27T15:04:06.167169,2026-08-27T15:04:06.558148
30,16,7,repl,8,False,21,1.1599,100,2026-08-27T15:04:05.465634,2026-08-27T15:04:06.625631
30,16,2,repl,8,False,17,1.0288,1,2026-08-27T15:04:05.815943,2026-08-27T15:04:06.844764
30,16,6,repl,8,False,19,0.6736,1,2026-08-27T15:04:06.202759,2026-08-27T15:04:06.876371
30,16,10,repl,8,False,5,1.0033,5,2026-08-27T15:04:05.991729,2026-08-27T15:04:06.995040
30,16,10,repl,8,False,6,0.1648,1,2026-08-27T15:04:06.995146,2026-08-27T15:04:07.159982
30,16,4,repl,8,False,2,0.6228,100,2026-08-27T15:04:06.558265,2026-08-27T15:04:07.181093
30,16,3,repl,8,False,20,1.1719,5404,2026-08-27T15:04:06.075876,2026-08-27T15:04:07.247774
30,16,8,repl,8,False,3,1.1865,10,2026-08-27T15:04:06.172237,2026-08-27T15:04:07.358814
30,16,15,repl,8,False,5,1.0917,5,2026-08-27T15:04:06.540411,2026-08-27T15:04:07.632116
30,16,7,repl,8,False,22,1.0205,7,2026-08-27T15:04:06.633583,2026-08-27T15:04:07.654123
30,16,9,repl,8,False,21,3.9727,100,2026-08-27T15:04:03.708604,2026-08-27T15:04:07.681333
30,16,13,repl,8,False,2,2.1743,100,2026-08-27T15:04:05.717757,2026-08-27T15:04:07.892086
30,16,10,repl,8,False,7,0.744,4,2026-08-27T15:04:07.160142,2026-08-27T15:04:07.904192
30,16,7,repl,8,False,1,0.2706,4,2026-08-27T15:04:07.654241,2026-08-27T15:04:07.924913
30,16,15,repl,8,False,6,0.3264,1,2026-08-27T15:04:07.632234,2026-08-27T15:04:07.958657
30,16,8,repl,8,False,4,0.6204,5,2026-08-27T15:04:07.358962,2026-08-27T15:04:07.979358
30,16,6,repl,8,False,20,1.16,5404,2026-08-27T15:04:06.876479,2026-08-27T15:04:08.036491
30,16,7,repl,8,False,2,0.8283,100,2026-08-27T15:04:07.933580,2026-08-27T15:04:08.761883
30,16,0,repl,8,False,9,12.5139,175,2026-08-27T15:03:56.311844,2026-08-27T15:04:08.825796
30,16,4,repl,8,False,3,1.6726,10,2026-08-27T15:04:07.181220,2026-08-27T15:04:08.853837
30,16,14,repl,8,False,9,4.0186,175,2026-08-27T15:04:04.876383,2026-08-27T15:04:08.894960
30,16,13,repl,8,False,3,1.0807,10,2026-08-27T15:04:07.892192,2026-08-27T15:04:08.972952
30,16,15,repl,8,False,7,1.0841,4,2026-08-27T15:04:07.958744,2026-08-27T15:04:09.042896
30,16,12,repl,8,False,14,15.612,1,2026-08-27T15:03:53.499493,2026-08-27T15:04:09.111519
30,16,2,repl,8,False,18,2.2668,100,2026-08-27T15:04:06.844882,2026-08-27T15:04:09.111730
30,16,10,repl,8,False,8,1.2726,2,2026-08-27T15:04:07.904274,2026-08-27T15:04:09.176912
30,16,13,repl,8,False,4,0.6153,5,2026-08-27T15:04:08.985559,2026-08-27T15:04:09.600884
30,16,8,repl,8,False,5,1.751,5,2026-08-27T15:04:07.989661,2026-08-27T15:04:09.740695
30,16,3,repl,8,False,21,2.5551,100,2026-08-27T15:04:07.248082,2026-08-27T15:04:09.803235
30,16,1,repl,8,False,9,17.4665,175,2026-08-27T15:03:52.381441,2026-08-27T15:04:09.847938
30,16,8,repl,8,False,6,0.1255,1,2026-08-27T15:04:09.740813,2026-08-27T15:04:09.866296
30,16,0,repl,8,False,10,1.1395,20,2026-08-27T15:04:08.832002,2026-08-27T15:04:09.971591
30,16,7,repl,8,False,3,1.2268,10,2026-08-27T15:04:08.761997,2026-08-27T15:04:09.988848
30,16,15,repl,8,False,8,1.028,2,2026-08-27T15:04:09.045622,2026-08-27T15:04:10.073656
30,16,14,repl,8,False,10,1.3546,20,2026-08-27T15:04:08.895046,2026-08-27T15:04:10.249638
30,16,0,repl,8,False,11,0.3427,0,2026-08-27T15:04:09.971876,2026-08-27T15:04:10.314563
30,16,13,repl,8,False,5,0.7568,5,2026-08-27T15:04:09.601001,2026-08-27T15:04:10.357802
30,16,12,repl,8,False,15,1.2912,1,2026-08-27T15:04:09.117610,2026-08-27T15:04:10.408833
30,16,13,repl,8,False,6,0.092,1,2026-08-27T15:04:10.357891,2026-08-27T15:04:10.449896
30,16,14,repl,8,False,11,0.2246,0,2026-08-27T15:04:10.249755,2026-08-27T15:04:10.474434
30,16,7,repl,8,False,4,0.5171,5,2026-08-27T15:04:09.988929,2026-08-27T15:04:10.506027
30,16,9,repl,8,False,22,3.1508,7,2026-08-27T15:04:07.681454,2026-08-27T15:04:10.832292
30,16,2,repl,8,False,19,2.0621,1,2026-08-27T15:04:09.127253,2026-08-27T15:04:11.189379
30,16,14,repl,8,False,12,0.781,2,2026-08-27T15:04:10.474533,2026-08-27T15:04:11.255538
30,16,13,repl,8,False,7,0.8347,4,2026-08-27T15:04:10.449975,2026-08-27T15:04:11.284716
30,16,0,repl,8,False,12,0.9871,2,2026-08-27T15:04:10.314645,2026-08-27T15:04:11.301798
30,16,4,repl,8,False,4,2.5474,5,2026-08-27T15:04:08.853971,2026-08-27T15:04:11.401387
30,16,7,repl,8,False,5,0.916,5,2026-08-27T15:04:10.506232,2026-08-27T15:04:11.422269
30,16,7,repl,8,False,6,0.1901,1,2026-08-27T15:04:11.422408,2026-08-27T15:04:11.612522
30,16,15,repl,8,False,9,1.6645,175,2026-08-27T15:04:10.073765,2026-08-27T15:04:11.738307
30,16,5,repl,8,False,7,24.4351,4,2026-08-27T15:03:47.445591,2026-08-27T15:04:11.880717
30,16,1,repl,8,False,10,2.3474,20,2026-08-27T15:04:09.848047,2026-08-27T15:04:12.195463
30,16,7,repl,8,False,7,0.6937,4,2026-08-27T15:04:11.612635,2026-08-27T15:04:12.306412
30,16,3,repl,8,False,22,2.6323,7,2026-08-27T15:04:09.803348,2026-08-27T15:04:12.448745
30,16,12,repl,8,False,16,2.0873,27840,2026-08-27T15:04:10.408918,2026-08-27T15:04:12.501601
30,16,0,repl,8,False,13,1.2333,45,2026-08-27T15:04:11.301916,2026-08-27T15:04:12.535208
30,16,9,repl,8,False,1,1.7214,4,2026-08-27T15:04:10.832402,2026-08-27T15:04:12.553872
30,16,3,repl,8,False,1,0.2372,4,2026-08-27T15:04:12.448862,2026-08-27T15:04:12.686136
30,16,15,repl,8,False,10,1.0497,20,2026-08-27T15:04:11.738397,2026-08-27T15:04:12.788103
30,16,1,repl,8,False,11,0.6647,0,2026-08-27T15:04:12.195566,2026-08-27T15:04:12.860257
30,16,14,repl,8,False,13,1.6204,45,2026-08-27T15:04:11.255631,2026-08-27T15:04:12.876022
30,16,13,repl,8,False,8,1.6752,2,2026-08-27T15:04:11.284896,2026-08-27T15:04:12.960143
30,16,10,repl,8,False,9,3.8908,175,2026-08-27T15:04:09.177024,2026-08-27T15:04:13.067805
30,16,15,repl,8,False,11,0.3049,0,2026-08-27T15:04:12.788220,2026-08-27T15:04:13.093148
30,16,12,repl,8,False,17,0.5887,1,2026-08-27T15:04:12.513566,2026-08-27T15:04:13.102336
30,16,3,repl,8,False,2,0.4478,100,2026-08-27T15:04:12.686292,2026-08-27T15:04:13.134156
30,16,9,repl,8,False,2,0.8008,100,2026-08-27T15:04:12.553981,2026-08-27T15:04:13.354852
30,16,1,repl,8,False,12,0.5941,2,2026-08-27T15:04:12.860363,2026-08-27T15:04:13.454546
30,16,0,repl,8,False,14,0.9193,1,2026-08-27T15:04:12.535327,2026-08-27T15:04:13.454692
30,16,15,repl,8,False,12,0.5752,2,2026-08-27T15:04:13.093268,2026-08-27T15:04:13.668503
30,16,6,repl,8,False,21,5.7144,100,2026-08-27T15:04:08.036598,2026-08-27T15:04:13.750997
30,16,14,repl,8,False,14,0.9627,1,2026-08-27T15:04:12.876125,2026-08-27T15:04:13.838858
30,16,10,repl,8,False,10,1.2702,20,2026-08-27T15:04:13.069602,2026-08-27T15:04:14.339831
30,16,3,repl,8,False,3,1.2532,10,2026-08-27T15:04:13.134230,2026-08-27T15:04:14.387433
30,16,0,repl,8,False,15,0.9293,1,2026-08-27T15:04:13.465822,2026-08-27T15:04:14.395172
30,16,12,repl,8,False,18,1.325,100,2026-08-27T15:04:13.102474,2026-08-27T15:04:14.427519
30,16,1,repl,8,False,13,1.0747,45,2026-08-27T15:04:13.455073,2026-08-27T15:04:14.529792
30,16,15,repl,8,False,13,0.8894,45,2026-08-27T15:04:13.668620,2026-08-27T15:04:14.558055
30,16,11,repl,8,False,17,21.0485,1,2026-08-27T15:03:53.509660,2026-08-27T15:04:14.558209
30,16,12,repl,8,False,19,0.3482,1,2026-08-27T15:04:14.427645,2026-08-27T15:04:14.775846
30,16,9,repl,8,False,3,1.805,10,2026-08-27T15:04:13.355016,2026-08-27T15:04:15.174587
30,16,1,repl,8,False,14,0.6554,1,2026-08-27T15:04:14.529954,2026-08-27T15:04:15.185412
30,16,0,repl,8,False,16,0.7791,27840,2026-08-27T15:04:14.395299,2026-08-27T15:04:15.185569
30,16,15,repl,8,False,14,0.6275,1,2026-08-27T15:04:14.558412,2026-08-27T15:04:15.185921
30,16,5,repl,8,False,8,3.3277,2,2026-08-27T15:04:11.880831,2026-08-27T15:04:15.208561
30,16,2,repl,8,False,20,4.0599,5404,2026-08-27T15:04:11.189472,2026-08-27T15:04:15.249362
30,16,6,repl,8,False,22,1.5589,7,2026-08-27T15:04:13.751125,2026-08-27T15:04:15.310051
30,16,12,repl,8,False,20,0.7179,5404,2026-08-27T15:04:14.780342,2026-08-27T15:04:15.498342
30,16,1,repl,8,False,15,0.331,1,2026-08-27T15:04:15.185710,2026-08-27T15:04:15.516786
30,16,0,repl,8,False,17,0.4659,1,2026-08-27T15:04:15.186204,2026-08-27T15:04:15.652181
30,16,15,repl,8,False,15,0.5058,1,2026-08-27T15:04:15.203234,2026-08-27T15:04:15.709104
30,16,9,repl,8,False,4,0.5346,5,2026-08-27T15:04:15.174915,2026-08-27T15:04:15.709565
30,16,11,repl,8,False,18,1.1689,100,2026-08-27T15:04:14.568689,2026-08-27T15:04:15.737652
30,16,6,repl,8,False,1,0.7943,4,2026-08-27T15:04:15.310180,2026-08-27T15:04:16.104541
30,16,11,repl,8,False,19,0.6366,1,2026-08-27T15:04:15.737750,2026-08-27T15:04:16.374397
30,16,8,repl,8,False,7,6.6688,4,2026-08-27T15:04:09.866405,2026-08-27T15:04:16.535205
30,16,1,repl,8,False,16,1.017,27840,2026-08-27T15:04:15.516915,2026-08-27T15:04:16.542990
30,16,9,repl,8,False,5,0.8451,5,2026-08-27T15:04:15.709642,2026-08-27T15:04:16.554760
30,16,9,repl,8,False,6,0.0625,1,2026-08-27T15:04:16.554876,2026-08-27T15:04:16.617447
30,16,0,repl,8,False,18,1.0551,100,2026-08-27T15:04:15.652295,2026-08-27T15:04:16.707412
30,16,6,repl,8,False,2,0.6348,100,2026-08-27T15:04:16.104657,2026-08-27T15:04:16.739454
30,16,12,repl,8,False,21,1.5243,100,2026-08-27T15:04:15.498460,2026-08-27T15:04:17.022816
30,16,0,repl,8,False,19,0.4668,1,2026-08-27T15:04:16.707527,2026-08-27T15:04:17.174318
30,16,13,repl,8,False,9,4.2753,175,2026-08-27T15:04:12.960260,2026-08-27T15:04:17.235563
30,16,1,repl,8,False,17,0.7225,1,2026-08-27T15:04:16.543081,2026-08-27T15:04:17.265574
30,16,9,repl,8,False,7,0.9354,4,2026-08-27T15:04:16.617569,2026-08-27T15:04:17.553019
30,16,11,repl,8,False,20,1.3717,5404,2026-08-27T15:04:16.374535,2026-08-27T15:04:17.746259
30,16,8,repl,8,False,8,1.2578,2,2026-08-27T15:04:16.537631,2026-08-27T15:04:17.795417
30,16,2,repl,8,False,21,2.5758,100,2026-08-27T15:04:15.249476,2026-08-27T15:04:17.825297
30,16,12,repl,8,False,22,0.8422,7,2026-08-27T15:04:17.022960,2026-08-27T15:04:17.865216
30,16,0,repl,8,False,20,0.7572,5404,2026-08-27T15:04:17.174582,2026-08-27T15:04:17.937557
30,16,12,repl,8,False,1,0.326,4,2026-08-27T15:04:17.865333,2026-08-27T15:04:18.191388
30,16,6,repl,8,False,3,1.4743,10,2026-08-27T15:04:16.739578,2026-08-27T15:04:18.213866
30,16,12,repl,8,False,2,0.3126,100,2026-08-27T15:04:18.191516,2026-08-27T15:04:18.504139
30,16,13,repl,8,False,10,1.3272,20,2026-08-27T15:04:17.235663,2026-08-27T15:04:18.562905
30,16,9,repl,8,False,8,1.1011,2,2026-08-27T15:04:17.553141,2026-08-27T15:04:18.654321
30,16,2,repl,8,False,22,0.9285,7,2026-08-27T15:04:17.825442,2026-08-27T15:04:18.753949
30,16,13,repl,8,False,11,0.2121,0,2026-08-27T15:04:18.563016,2026-08-27T15:04:18.775122
30,16,1,repl,8,False,18,1.5292,100,2026-08-27T15:04:17.265695,2026-08-27T15:04:18.794885
30,16,11,repl,8,False,21,1.2306,100,2026-08-27T15:04:17.746381,2026-08-27T15:04:18.977048
30,16,2,repl,8,False,1,0.2591,4,2026-08-27T15:04:18.757586,2026-08-27T15:04:19.016692
30,16,0,repl,8,False,21,1.186,100,2026-08-27T15:04:17.937680,2026-08-27T15:04:19.123663
30,16,12,repl,8,False,3,0.685,10,2026-08-27T15:04:18.505723,2026-08-27T15:04:19.190730
30,16,1,repl,8,False,19,0.4983,1,2026-08-27T15:04:18.795004,2026-08-27T15:04:19.293314
30,16,6,repl,8,False,4,1.1788,5,2026-08-27T15:04:18.225594,2026-08-27T15:04:19.404422
30,16,2,repl,8,False,2,0.5492,100,2026-08-27T15:04:19.016796,2026-08-27T15:04:19.566008
30,16,13,repl,8,False,12,0.8374,2,2026-08-27T15:04:18.775248,2026-08-27T15:04:19.612663
30,16,11,repl,8,False,22,0.7702,7,2026-08-27T15:04:18.977127,2026-08-27T15:04:19.747340
30,16,0,repl,8,False,22,0.6384,7,2026-08-27T15:04:19.123788,2026-08-27T15:04:19.762208
30,16,5,repl,8,False,9,4.565,175,2026-08-27T15:04:15.208679,2026-08-27T15:04:19.773672
30,16,11,repl,8,False,1,0.2847,4,2026-08-27T15:04:19.747451,2026-08-27T15:04:20.032189
30,16,12,repl,8,False,4,0.8715,5,2026-08-27T15:04:19.190831,2026-08-27T15:04:20.062355
30,16,1,repl,8,False,20,0.7994,5404,2026-08-27T15:04:19.293407,2026-08-27T15:04:20.092825
30,16,6,repl,8,False,5,0.9186,5,2026-08-27T15:04:19.404589,2026-08-27T15:04:20.323227
30,16,11,repl,8,False,2,0.3353,100,2026-08-27T15:04:20.032290,2026-08-27T15:04:20.367579
30,16,6,repl,8,False,6,0.0591,1,2026-08-27T15:04:20.323381,2026-08-27T15:04:20.382469
30,16,13,repl,8,False,13,0.8172,45,2026-08-27T15:04:19.612779,2026-08-27T15:04:20.429973
30,16,12,repl,8,False,5,0.6415,5,2026-08-27T15:04:20.062488,2026-08-27T15:04:20.703988
30,16,12,repl,8,False,6,0.0859,1,2026-08-27T15:04:20.704102,2026-08-27T15:04:20.790039
30,16,5,repl,8,False,10,1.1443,20,2026-08-27T15:04:19.773787,2026-08-27T15:04:20.918138
30,16,5,repl,8,False,11,0.1186,0,2026-08-27T15:04:20.918218,2026-08-27T15:04:21.036865
30,16,11,repl,8,False,3,0.6847,10,2026-08-27T15:04:20.367701,2026-08-27T15:04:21.052418
30,16,1,repl,8,False,21,0.9678,100,2026-08-27T15:04:20.093738,2026-08-27T15:04:21.061587
30,16,12,repl,8,False,7,0.4885,4,2026-08-27T15:04:20.790145,2026-08-27T15:04:21.278652
30,16,9,repl,8,False,9,2.8381,175,2026-08-27T15:04:18.654444,2026-08-27T15:04:21.492563
30,16,11,repl,8,False,4,0.4668,5,2026-08-27T15:04:21.052518,2026-08-27T15:04:21.519314
30,16,5,repl,8,False,12,0.5441,2,2026-08-27T15:04:21.036952,2026-08-27T15:04:21.581116
30,16,1,repl,8,False,22,0.7388,7,2026-08-27T15:04:21.061678,2026-08-27T15:04:21.800510
30,16,1,repl,8,False,1,0.2038,4,2026-08-27T15:04:21.800641,2026-08-27T15:04:22.004526
30,16,12,repl,8,False,8,0.7455,2,2026-08-27T15:04:21.278745,2026-08-27T15:04:22.024303
30,16,11,repl,8,False,5,0.5565,5,2026-08-27T15:04:21.519415,2026-08-27T15:04:22.075965
30,16,11,repl,8,False,6,0.0381,1,2026-08-27T15:04:22.076126,2026-08-27T15:04:22.114229
30,16,5,repl,8,False,13,0.6038,45,2026-08-27T15:04:21.581179,2026-08-27T15:04:22.185007
30,16,5,repl,8,False,14,0.1632,1,2026-08-27T15:04:22.185121,2026-08-27T15:04:22.348365
30,16,11,repl,8,False,7,0.2922,4,2026-08-27T15:04:22.114335,2026-08-27T15:04:22.406538
30,16,5,repl,8,False,15,0.1532,1,2026-08-27T15:04:22.348451,2026-08-27T15:04:22.501646
30,16,11,repl,8,False,8,0.3513,2,2026-08-27T15:04:22.406668,2026-08-27T15:04:22.758047
30,16,5,repl,8,False,16,0.3788,27840,2026-08-27T15:04:22.501767,2026-08-27T15:04:22.880619
30,16,5,repl,8,False,17,0.3262,1,2026-08-27T15:04:22.880690,2026-08-27T15:04:23.206877
30,16,12,repl,8,False,9,1.3455,175,2026-08-27T15:04:22.024428,2026-08-27T15:04:23.369961
30,16,12,repl,8,False,10,0.5739,20,2026-08-27T15:04:23.370075,2026-08-27T15:04:23.944010
30,16,12,repl,8,False,11,0.0939,0,2026-08-27T15:04:23.944126,2026-08-27T15:04:24.038015
30,16,5,repl,8,False,18,0.8445,100,2026-08-27T15:04:23.206996,2026-08-27T15:04:24.051561
30,16,11,repl,8,False,9,1.3754,175,2026-08-27T15:04:22.758168,2026-08-27T15:04:24.133563
30,16,5,repl,8,False,19,0.1802,1,2026-08-27T15:04:24.051653,2026-08-27T15:04:24.231849
30,16,12,repl,8,False,12,0.2686,2,2026-08-27T15:04:24.038100,2026-08-27T15:04:24.306728
30,16,5,repl,8,False,20,0.3066,5404,2026-08-27T15:04:24.231923,2026-08-27T15:04:24.538571
30,16,11,repl,8,False,10,0.4982,20,2026-08-27T15:04:24.133636,2026-08-27T15:04:24.631840
30,16,11,repl,8,False,11,0.0629,0,2026-08-27T15:04:24.631916,2026-08-27T15:04:24.694862
30,16,5,repl,8,False,21,0.3869,100,2026-08-27T15:04:24.538702,2026-08-27T15:04:24.925622
30,16,5,repl,8,False,22,0.2229,7,2026-08-27T15:04:24.925697,2026-08-27T15:04:25.148633
30,16,5,repl,8,False,1,0.1201,4,2026-08-27T15:04:25.148713,2026-08-27T15:04:25.268845
30,16,5,repl,8,False,2,0.1267,100,2026-08-27T15:04:25.268927,2026-08-27T15:04:25.395648
30,16,5,repl,8,False,3,0.2775,10,2026-08-27T15:04:25.395724,2026-08-27T15:04:25.673288
30,16,5,repl,8,False,4,0.191,5,2026-08-27T15:04:25.673350,2026-08-27T15:04:25.864389
30,16,5,repl,8,False,5,0.2694,5,2026-08-27T15:04:25.864467,2026-08-27T15:04:26.133897
30,16,0,repl,9,False,1,0.1509,4,2026-08-27T15:04:26.139672,2026-08-27T15:04:26.290631
30,16,5,repl,9,False,6,0.1403,1,2026-08-27T15:04:26.178060,2026-08-27T15:04:26.318426
30,16,1,repl,9,False,2,0.3266,100,2026-08-27T15:04:26.143435,2026-08-27T15:04:26.470115
30,16,3,repl,9,False,4,0.4603,5,2026-08-27T15:04:26.161613,2026-08-27T15:04:26.621951
30,16,13,repl,9,False,14,0.5196,1,2026-08-27T15:04:26.273543,2026-08-27T15:04:26.793205
30,16,2,repl,9,False,3,0.6837,10,2026-08-27T15:04:26.151713,2026-08-27T15:04:26.835453
30,16,13,repl,9,False,15,0.2258,1,2026-08-27T15:04:26.793334,2026-08-27T15:04:27.019186
30,16,10,repl,9,False,11,0.8568,0,2026-08-27T15:04:26.242671,2026-08-27T15:04:27.099550
30,16,4,repl,9,False,5,0.9862,5,2026-08-27T15:04:26.169553,2026-08-27T15:04:27.155813
30,16,6,repl,9,False,7,1.0038,4,2026-08-27T15:04:26.181605,2026-08-27T15:04:27.185420
30,16,4,repl,9,False,6,0.2537,1,2026-08-27T15:04:27.155961,2026-08-27T15:04:27.409724
30,16,3,repl,9,False,5,0.8018,5,2026-08-27T15:04:26.622073,2026-08-27T15:04:27.423943
30,16,2,repl,9,False,4,0.5892,5,2026-08-27T15:04:26.841572,2026-08-27T15:04:27.430824
30,16,3,repl,9,False,6,0.1257,1,2026-08-27T15:04:27.424058,2026-08-27T15:04:27.549840
30,16,15,repl,9,False,16,1.2853,27840,2026-08-27T15:04:26.300528,2026-08-27T15:04:27.585935
30,16,7,repl,9,False,8,1.42,2,2026-08-27T15:04:26.201571,2026-08-27T15:04:27.624532
30,16,1,repl,9,False,3,1.1548,10,2026-08-27T15:04:26.470226,2026-08-27T15:04:27.625021
30,16,13,repl,9,False,16,0.7357,27840,2026-08-27T15:04:27.019295,2026-08-27T15:04:27.755972
30,16,15,repl,9,False,17,0.482,1,2026-08-27T15:04:27.586522,2026-08-27T15:04:28.068521
30,16,13,repl,9,False,17,0.5159,1,2026-08-27T15:04:27.756102,2026-08-27T15:04:28.271990
30,16,3,repl,9,False,7,0.7422,4,2026-08-27T15:04:27.565586,2026-08-27T15:04:28.307878
30,16,4,repl,9,False,7,0.9408,4,2026-08-27T15:04:27.409851,2026-08-27T15:04:28.350718
30,16,0,repl,9,False,2,2.2991,100,2026-08-27T15:04:26.290735,2026-08-27T15:04:28.589888
30,16,2,repl,9,False,5,1.1824,5,2026-08-27T15:04:27.430980,2026-08-27T15:04:28.613398
30,16,1,repl,9,False,4,1.3214,5,2026-08-27T15:04:27.655701,2026-08-27T15:04:28.977782
30,16,6,repl,9,False,8,1.8949,2,2026-08-27T15:04:27.185524,2026-08-27T15:04:29.080487
30,16,10,repl,9,False,12,1.9972,2,2026-08-27T15:04:27.099665,2026-08-27T15:04:29.096899
30,16,3,repl,9,False,8,1.039,2,2026-08-27T15:04:28.307989,2026-08-27T15:04:29.347018
30,16,15,repl,9,False,18,1.2787,100,2026-08-27T15:04:28.068646,2026-08-27T15:04:29.347379
30,16,14,repl,9,False,15,3.0739,1,2026-08-27T15:04:26.278998,2026-08-27T15:04:29.352891
30,16,4,repl,9,False,8,1.084,2,2026-08-27T15:04:28.350807,2026-08-27T15:04:29.434867
30,16,0,repl,9,False,3,1.0797,10,2026-08-27T15:04:28.589991,2026-08-27T15:04:29.669720
30,16,15,repl,9,False,19,0.3452,1,2026-08-27T15:04:29.359181,2026-08-27T15:04:29.704399
30,16,1,repl,9,False,5,0.9945,5,2026-08-27T15:04:28.978076,2026-08-27T15:04:29.972637
30,16,1,repl,9,False,6,0.1424,1,2026-08-27T15:04:29.972757,2026-08-27T15:04:30.115169
30,16,8,repl,9,False,9,4.1875,175,2026-08-27T15:04:26.221553,2026-08-27T15:04:30.409096
30,16,0,repl,9,False,4,0.8001,5,2026-08-27T15:04:29.673798,2026-08-27T15:04:30.473941
30,16,15,repl,9,False,20,0.8422,5404,2026-08-27T15:04:29.704512,2026-08-27T15:04:30.546754
30,16,2,repl,9,False,6,1.9862,1,2026-08-27T15:04:28.617577,2026-08-27T15:04:30.603816
30,16,9,repl,9,False,10,4.3981,20,2026-08-27T15:04:26.229597,2026-08-27T15:04:30.627765
30,16,11,repl,9,False,12,4.3963,2,2026-08-27T15:04:26.258272,2026-08-27T15:04:30.654641
30,16,10,repl,9,False,13,1.5588,45,2026-08-27T15:04:29.101567,2026-08-27T15:04:30.660446
30,16,1,repl,9,False,7,0.7162,4,2026-08-27T15:04:30.115292,2026-08-27T15:04:30.831558
30,16,9,repl,9,False,11,0.3063,0,2026-08-27T15:04:30.627882,2026-08-27T15:04:30.934252
30,16,0,repl,9,False,5,1.1854,5,2026-08-27T15:04:30.474069,2026-08-27T15:04:31.659471
30,16,3,repl,9,False,9,2.348,175,2026-08-27T15:04:29.353612,2026-08-27T15:04:31.701681
30,16,0,repl,9,False,6,0.1673,1,2026-08-27T15:04:31.659597,2026-08-27T15:04:31.826894
30,16,15,repl,9,False,21,1.3817,100,2026-08-27T15:04:30.546864,2026-08-27T15:04:31.928619
30,16,9,repl,9,False,12,1.2352,2,2026-08-27T15:04:30.934366,2026-08-27T15:04:32.169581
30,16,1,repl,9,False,8,1.4172,2,2026-08-27T15:04:30.831671,2026-08-27T15:04:32.248925
30,16,4,repl,9,False,9,2.8385,175,2026-08-27T15:04:29.435005,2026-08-27T15:04:32.273561
30,16,7,repl,9,False,9,4.9383,175,2026-08-27T15:04:27.624672,2026-08-27T15:04:32.563042
30,16,0,repl,9,False,7,0.9412,4,2026-08-27T15:04:31.827009,2026-08-27T15:04:32.768276
30,16,15,repl,9,False,22,0.972,7,2026-08-27T15:04:31.933605,2026-08-27T15:04:32.905677
30,16,15,repl,9,False,1,0.2485,4,2026-08-27T15:04:32.905765,2026-08-27T15:04:33.154249
30,16,3,repl,9,False,10,1.4686,20,2026-08-27T15:04:31.701844,2026-08-27T15:04:33.170470
30,16,8,repl,9,False,10,2.8723,20,2026-08-27T15:04:30.410942,2026-08-27T15:04:33.283272
30,16,3,repl,9,False,11,0.2335,0,2026-08-27T15:04:33.170831,2026-08-27T15:04:33.404385
30,16,8,repl,9,False,11,0.2582,0,2026-08-27T15:04:33.283400,2026-08-27T15:04:33.541619
30,16,9,repl,9,False,13,1.4146,45,2026-08-27T15:04:32.169716,2026-08-27T15:04:33.584373
30,16,4,repl,9,False,10,1.3226,20,2026-08-27T15:04:32.273776,2026-08-27T15:04:33.596446
30,16,0,repl,9,False,8,0.8486,2,2026-08-27T15:04:32.768397,2026-08-27T15:04:33.617027
30,16,15,repl,9,False,2,0.4738,100,2026-08-27T15:04:33.154348,2026-08-27T15:04:33.628203
30,16,2,repl,9,False,7,3.0985,4,2026-08-27T15:04:30.603928,2026-08-27T15:04:33.702461
30,16,14,repl,9,False,16,4.444,27840,2026-08-27T15:04:29.377548,2026-08-27T15:04:33.821568
30,16,4,repl,9,False,11,0.3173,0,2026-08-27T15:04:33.596573,2026-08-27T15:04:33.913893
30,16,10,repl,9,False,14,3.3936,1,2026-08-27T15:04:30.660657,2026-08-27T15:04:34.054265
30,16,5,repl,9,False,7,7.7534,4,2026-08-27T15:04:26.318526,2026-08-27T15:04:34.071979
30,16,9,repl,9,False,14,0.5495,1,2026-08-27T15:04:33.584470,2026-08-27T15:04:34.134043
30,16,6,repl,9,False,9,5.1106,175,2026-08-27T15:04:29.080830,2026-08-27T15:04:34.191495
30,16,3,repl,9,False,12,0.822,2,2026-08-27T15:04:33.404514,2026-08-27T15:04:34.226508
30,16,8,repl,9,False,12,0.988,2,2026-08-27T15:04:33.557633,2026-08-27T15:04:34.545656
30,16,9,repl,9,False,15,0.5034,1,2026-08-27T15:04:34.134195,2026-08-27T15:04:34.637612
30,16,4,repl,9,False,12,0.8342,2,2026-08-27T15:04:33.914009,2026-08-27T15:04:34.748276
30,16,15,repl,9,False,3,1.437,10,2026-08-27T15:04:33.633673,2026-08-27T15:04:35.070691
30,16,3,repl,9,False,13,1.1495,45,2026-08-27T15:04:34.226633,2026-08-27T15:04:35.376210
30,16,9,repl,9,False,16,0.8753,27840,2026-08-27T15:04:34.637749,2026-08-27T15:04:35.517556
30,16,15,repl,9,False,4,0.4923,5,2026-08-27T15:04:35.077600,2026-08-27T15:04:35.569936
30,16,8,repl,9,False,13,1.0409,45,2026-08-27T15:04:34.545786,2026-08-27T15:04:35.586677
30,16,3,repl,9,False,14,0.3987,1,2026-08-27T15:04:35.376331,2026-08-27T15:04:35.775052
30,16,4,repl,9,False,13,1.0501,45,2026-08-27T15:04:34.748389,2026-08-27T15:04:35.798530
30,16,14,repl,9,False,17,1.9832,1,2026-08-27T15:04:33.821688,2026-08-27T15:04:35.804898
30,16,2,repl,9,False,8,2.2692,2,2026-08-27T15:04:33.702579,2026-08-27T15:04:35.971839
30,16,3,repl,9,False,15,0.4577,1,2026-08-27T15:04:35.775173,2026-08-27T15:04:36.232949
30,16,9,repl,9,False,17,0.7547,1,2026-08-27T15:04:35.517699,2026-08-27T15:04:36.272474
30,16,4,repl,9,False,14,0.5462,1,2026-08-27T15:04:35.802003,2026-08-27T15:04:36.348286
30,16,6,repl,9,False,10,2.2187,20,2026-08-27T15:04:34.193615,2026-08-27T15:04:36.412394
30,16,7,repl,9,False,10,3.8866,20,2026-08-27T15:04:32.563159,2026-08-27T15:04:36.449777
30,16,1,repl,9,False,9,4.2349,175,2026-08-27T15:04:32.249026,2026-08-27T15:04:36.483945
30,16,10,repl,9,False,15,2.6937,1,2026-08-27T15:04:34.054357,2026-08-27T15:04:36.748102
30,16,8,repl,9,False,14,1.1755,1,2026-08-27T15:04:35.586863,2026-08-27T15:04:36.762388
30,16,4,repl,9,False,15,0.4199,1,2026-08-27T15:04:36.353583,2026-08-27T15:04:36.773561
30,16,7,repl,9,False,11,0.4302,0,2026-08-27T15:04:36.449858,2026-08-27T15:04:36.880129
30,16,15,repl,9,False,5,1.3279,5,2026-08-27T15:04:35.570058,2026-08-27T15:04:36.897967
30,16,15,repl,9,False,6,0.1715,1,2026-08-27T15:04:36.898084,2026-08-27T15:04:37.069646
30,16,8,repl,9,False,15,0.3902,1,2026-08-27T15:04:36.762499,2026-08-27T15:04:37.152768
30,16,6,repl,9,False,11,0.9625,0,2026-08-27T15:04:36.412510,2026-08-27T15:04:37.375069
30,16,11,repl,9,False,13,6.7306,45,2026-08-27T15:04:30.657589,2026-08-27T15:04:37.388251
30,16,0,repl,9,False,9,3.9658,175,2026-08-27T15:04:33.617152,2026-08-27T15:04:37.582935
30,16,9,repl,9,False,18,1.3777,100,2026-08-27T15:04:36.272603,2026-08-27T15:04:37.650308
30,16,1,repl,9,False,10,1.3455,20,2026-08-27T15:04:36.484069,2026-08-27T15:04:37.829683
30,16,7,repl,9,False,12,1.0266,2,2026-08-27T15:04:36.880236,2026-08-27T15:04:37.909905
30,16,10,repl,9,False,16,1.1858,27840,2026-08-27T15:04:36.748218,2026-08-27T15:04:37.934722
30,16,3,repl,9,False,16,1.7089,27840,2026-08-27T15:04:36.233061,2026-08-27T15:04:37.941967
30,16,9,repl,9,False,19,0.3153,1,2026-08-27T15:04:37.650400,2026-08-27T15:04:37.965725
30,16,12,repl,9,False,13,11.7434,45,2026-08-27T15:04:26.265137,2026-08-27T15:04:38.008586
30,16,1,repl,9,False,11,0.302,0,2026-08-27T15:04:37.829808,2026-08-27T15:04:38.131800
30,16,10,repl,9,False,17,0.5444,1,2026-08-27T15:04:37.946568,2026-08-27T15:04:38.490985
30,16,6,repl,9,False,12,1.2839,2,2026-08-27T15:04:37.375180,2026-08-27T15:04:38.659137
30,16,7,repl,9,False,13,1.005,45,2026-08-27T15:04:37.934877,2026-08-27T15:04:38.939892
30,16,0,repl,9,False,10,1.3767,20,2026-08-27T15:04:37.583053,2026-08-27T15:04:38.959822
30,16,1,repl,9,False,12,0.9176,2,2026-08-27T15:04:38.131913,2026-08-27T15:04:39.049588
30,16,3,repl,9,False,17,1.1352,1,2026-08-27T15:04:37.953646,2026-08-27T15:04:39.088873
30,16,15,repl,9,False,7,2.0343,4,2026-08-27T15:04:37.069772,2026-08-27T15:04:39.104091
30,16,8,repl,9,False,16,2.1138,27840,2026-08-27T15:04:37.152892,2026-08-27T15:04:39.266746
30,16,0,repl,9,False,11,0.4389,0,2026-08-27T15:04:38.959962,2026-08-27T15:04:39.398893
30,16,10,repl,9,False,18,1.0921,100,2026-08-27T15:04:38.491104,2026-08-27T15:04:39.583211
30,16,7,repl,9,False,14,0.7981,1,2026-08-27T15:04:38.940007,2026-08-27T15:04:39.738124
30,16,10,repl,9,False,19,0.3632,1,2026-08-27T15:04:39.583333,2026-08-27T15:04:39.946572
30,16,9,repl,9,False,20,2.0315,5404,2026-08-27T15:04:37.965865,2026-08-27T15:04:39.997415
30,16,7,repl,9,False,15,0.3028,1,2026-08-27T15:04:39.738240,2026-08-27T15:04:40.041034
30,16,1,repl,9,False,13,1.2858,45,2026-08-27T15:04:39.049707,2026-08-27T15:04:40.335568
30,16,0,repl,9,False,12,1.0346,2,2026-08-27T15:04:39.413704,2026-08-27T15:04:40.448377
30,16,3,repl,9,False,18,1.4366,100,2026-08-27T15:04:39.088997,2026-08-27T15:04:40.525620
30,16,10,repl,9,False,20,0.7739,5404,2026-08-27T15:04:39.946677,2026-08-27T15:04:40.720635
30,16,8,repl,9,False,17,1.4717,1,2026-08-27T15:04:39.266886,2026-08-27T15:04:40.738637
30,16,1,repl,9,False,14,0.5965,1,2026-08-27T15:04:40.335679,2026-08-27T15:04:40.953532
30,16,7,repl,9,False,16,0.9819,27840,2026-08-27T15:04:40.045573,2026-08-27T15:04:41.029564
30,16,3,repl,9,False,19,0.5128,1,2026-08-27T15:04:40.525725,2026-08-27T15:04:41.038517
30,16,15,repl,9,False,8,2.0166,2,2026-08-27T15:04:39.104199,2026-08-27T15:04:41.120872
30,16,0,repl,9,False,13,1.0954,45,2026-08-27T15:04:40.448466,2026-08-27T15:04:41.543876
30,16,7,repl,9,False,17,0.5371,1,2026-08-27T15:04:41.029681,2026-08-27T15:04:41.566769
30,16,9,repl,9,False,21,1.58,100,2026-08-27T15:04:40.001726,2026-08-27T15:04:41.581763
30,16,3,repl,9,False,20,0.933,5404,2026-08-27T15:04:41.038623,2026-08-27T15:04:41.971707
30,16,6,repl,9,False,13,3.4084,45,2026-08-27T15:04:38.659256,2026-08-27T15:04:42.067649
30,16,1,repl,9,False,15,1.2054,1,2026-08-27T15:04:40.957645,2026-08-27T15:04:42.163047
30,16,0,repl,9,False,14,0.6558,1,2026-08-27T15:04:41.543995,2026-08-27T15:04:42.199874
30,16,10,repl,9,False,21,1.4878,100,2026-08-27T15:04:40.725560,2026-08-27T15:04:42.213392
30,16,12,repl,9,False,14,4.385,1,2026-08-27T15:04:38.013592,2026-08-27T15:04:42.398607
30,16,0,repl,9,False,15,0.3356,1,2026-08-27T15:04:42.199990,2026-08-27T15:04:42.535664
30,16,7,repl,9,False,18,1.149,100,2026-08-27T15:04:41.566886,2026-08-27T15:04:42.715879
30,16,2,repl,9,False,9,6.7858,175,2026-08-27T15:04:35.971978,2026-08-27T15:04:42.757817
30,16,12,repl,9,False,15,0.439,1,2026-08-27T15:04:42.398708,2026-08-27T15:04:42.837749
30,16,8,repl,9,False,18,2.1109,100,2026-08-27T15:04:40.738758,2026-08-27T15:04:42.849734
30,16,6,repl,9,False,14,0.8908,1,2026-08-27T15:04:42.067767,2026-08-27T15:04:42.958626
30,16,10,repl,9,False,22,0.906,7,2026-08-27T15:04:42.217630,2026-08-27T15:04:43.130850
30,16,11,repl,9,False,14,5.7501,1,2026-08-27T15:04:37.388377,2026-08-27T15:04:43.138486
30,16,1,repl,9,False,16,1.0292,27840,2026-08-27T15:04:42.163175,2026-08-27T15:04:43.192436
30,16,3,repl,9,False,21,1.2477,100,2026-08-27T15:04:41.971878,2026-08-27T15:04:43.219589
30,16,7,repl,9,False,19,0.5145,1,2026-08-27T15:04:42.715981,2026-08-27T15:04:43.230554
30,16,6,repl,9,False,15,0.3377,1,2026-08-27T15:04:42.958752,2026-08-27T15:04:43.296515
30,16,8,repl,9,False,19,0.4685,1,2026-08-27T15:04:42.849844,2026-08-27T15:04:43.318395
30,16,10,repl,9,False,1,0.2676,4,2026-08-27T15:04:43.131009,2026-08-27T15:04:43.398663
30,16,1,repl,9,False,17,0.5919,1,2026-08-27T15:04:43.192532,2026-08-27T15:04:43.784510
30,16,11,repl,9,False,15,0.7393,1,2026-08-27T15:04:43.138599,2026-08-27T15:04:43.898452
30,16,0,repl,9,False,16,1.4467,27840,2026-08-27T15:04:42.535786,2026-08-27T15:04:43.986095
30,16,10,repl,9,False,2,0.6303,100,2026-08-27T15:04:43.401663,2026-08-27T15:04:44.032019
30,16,12,repl,9,False,16,1.225,27840,2026-08-27T15:04:42.837836,2026-08-27T15:04:44.062861
30,16,7,repl,9,False,20,0.9063,5404,2026-08-27T15:04:43.237724,2026-08-27T15:04:44.149541
30,16,3,repl,9,False,22,0.9909,7,2026-08-27T15:04:43.219736,2026-08-27T15:04:44.210657
30,16,14,repl,9,False,18,8.4206,100,2026-08-27T15:04:35.805050,2026-08-27T15:04:44.225701
30,16,4,repl,9,False,16,7.6285,27840,2026-08-27T15:04:36.773684,2026-08-27T15:04:44.402178
30,16,5,repl,9,False,8,10.3347,2,2026-08-27T15:04:34.072089,2026-08-27T15:04:44.406797
30,16,8,repl,9,False,20,1.1624,5404,2026-08-27T15:04:43.318500,2026-08-27T15:04:44.480949
30,16,3,repl,9,False,1,0.3382,4,2026-08-27T15:04:44.210755,2026-08-27T15:04:44.548943
30,16,0,repl,9,False,17,0.5747,1,2026-08-27T15:04:43.986222,2026-08-27T15:04:44.560934
30,16,6,repl,9,False,16,1.4509,27840,2026-08-27T15:04:43.296619,2026-08-27T15:04:44.747585
30,16,1,repl,9,False,18,1.478,100,2026-08-27T15:04:43.789572,2026-08-27T15:04:45.267597
30,16,15,repl,9,False,9,4.2027,175,2026-08-27T15:04:41.121002,2026-08-27T15:04:45.323762
30,16,3,repl,9,False,2,0.7968,100,2026-08-27T15:04:44.549058,2026-08-27T15:04:45.345860
30,16,12,repl,9,False,17,1.3547,1,2026-08-27T15:04:44.062958,2026-08-27T15:04:45.417719
30,16,6,repl,9,False,17,0.7434,1,2026-08-27T15:04:44.753657,2026-08-27T15:04:45.497089
30,16,7,repl,9,False,21,1.4109,100,2026-08-27T15:04:44.149656,2026-08-27T15:04:45.560550
30,16,1,repl,9,False,19,0.3068,1,2026-08-27T15:04:45.267715,2026-08-27T15:04:45.574545
30,16,10,repl,9,False,3,1.7324,10,2026-08-27T15:04:44.032142,2026-08-27T15:04:45.764545
30,16,0,repl,9,False,18,1.4047,100,2026-08-27T15:04:44.561023,2026-08-27T15:04:45.965782
30,16,0,repl,9,False,19,0.4915,1,2026-08-27T15:04:45.965893,2026-08-27T15:04:46.457417
30,16,15,repl,9,False,10,1.1775,20,2026-08-27T15:04:45.329548,2026-08-27T15:04:46.507064
30,16,7,repl,9,False,22,0.9787,7,2026-08-27T15:04:45.560641,2026-08-27T15:04:46.539333
30,16,1,repl,9,False,20,1.038,5404,2026-08-27T15:04:45.574635,2026-08-27T15:04:46.612652
30,16,13,repl,9,False,18,18.4438,100,2026-08-27T15:04:28.272105,2026-08-27T15:04:46.715942
30,16,7,repl,9,False,1,0.2719,4,2026-08-27T15:04:46.539446,2026-08-27T15:04:46.811381
30,16,15,repl,9,False,11,0.3322,0,2026-08-27T15:04:46.507169,2026-08-27T15:04:46.839361
30,16,6,repl,9,False,18,1.4454,100,2026-08-27T15:04:45.497207,2026-08-27T15:04:46.942668
30,16,10,repl,9,False,4,1.2142,5,2026-08-27T15:04:45.766497,2026-08-27T15:04:46.980786
30,16,3,repl,9,False,3,1.678,10,2026-08-27T15:04:45.345946,2026-08-27T15:04:47.023996
30,16,13,repl,9,False,19,0.3583,1,2026-08-27T15:04:46.716056,2026-08-27T15:04:47.074360
30,16,2,repl,9,False,10,4.4398,20,2026-08-27T15:04:42.757955,2026-08-27T15:04:47.197792
30,16,7,repl,9,False,2,0.5156,100,2026-08-27T15:04:46.811469,2026-08-27T15:04:47.327061
30,16,6,repl,9,False,19,0.5167,1,2026-08-27T15:04:46.942751,2026-08-27T15:04:47.459444
30,16,0,repl,9,False,20,1.0073,5404,2026-08-27T15:04:46.465621,2026-08-27T15:04:47.472989
30,16,15,repl,9,False,12,0.7414,2,2026-08-27T15:04:46.839440,2026-08-27T15:04:47.580844
30,16,13,repl,9,False,20,0.6302,5404,2026-08-27T15:04:47.074460,2026-08-27T15:04:47.704644
30,16,8,repl,9,False,21,3.3812,100,2026-08-27T15:04:44.485541,2026-08-27T15:04:47.885528
30,16,11,repl,9,False,16,4.0432,27840,2026-08-27T15:04:43.898574,2026-08-27T15:04:47.949623
30,16,2,repl,9,False,11,0.7729,0,2026-08-27T15:04:47.197876,2026-08-27T15:04:47.970793
30,16,14,repl,9,False,19,3.8955,1,2026-08-27T15:04:44.225812,2026-08-27T15:04:48.121318
30,16,10,repl,9,False,5,1.401,5,2026-08-27T15:04:46.980894,2026-08-27T15:04:48.381967
30,16,1,repl,9,False,21,1.8551,100,2026-08-27T15:04:46.617568,2026-08-27T15:04:48.472669
30,16,10,repl,9,False,6,0.14,1,2026-08-27T15:04:48.382074,2026-08-27T15:04:48.522086
30,16,7,repl,9,False,3,1.2484,10,2026-08-27T15:04:47.327199,2026-08-27T15:04:48.575659
30,16,6,repl,9,False,20,1.2348,5404,2026-08-27T15:04:47.459563,2026-08-27T15:04:48.694349
30,16,13,repl,9,False,21,1.3103,100,2026-08-27T15:04:47.709562,2026-08-27T15:04:49.019886
30,16,11,repl,9,False,17,1.1391,1,2026-08-27T15:04:47.949746,2026-08-27T15:04:49.088875
30,16,7,repl,9,False,4,0.5301,5,2026-08-27T15:04:48.575743,2026-08-27T15:04:49.105913
30,16,0,repl,9,False,21,1.6509,100,2026-08-27T15:04:47.477571,2026-08-27T15:04:49.128517
30,16,2,repl,9,False,12,1.23,2,2026-08-27T15:04:47.970894,2026-08-27T15:04:49.200894
30,16,1,repl,9,False,22,0.8876,7,2026-08-27T15:04:48.472767,2026-08-27T15:04:49.360410
30,16,10,repl,9,False,7,0.9514,4,2026-08-27T15:04:48.525610,2026-08-27T15:04:49.477012
30,16,1,repl,9,False,1,0.3134,4,2026-08-27T15:04:49.360495,2026-08-27T15:04:49.673942
30,16,8,repl,9,False,22,2.063,7,2026-08-27T15:04:47.885625,2026-08-27T15:04:49.948673
30,16,6,repl,9,False,21,1.3639,100,2026-08-27T15:04:48.694454,2026-08-27T15:04:50.058342
30,16,7,repl,9,False,5,1.0243,5,2026-08-27T15:04:49.106037,2026-08-27T15:04:50.130359
30,16,13,repl,9,False,22,1.1539,7,2026-08-27T15:04:49.020178,2026-08-27T15:04:50.174082
30,16,8,repl,9,False,1,0.2614,4,2026-08-27T15:04:49.948794,2026-08-27T15:04:50.210215
30,16,7,repl,9,False,6,0.0935,1,2026-08-27T15:04:50.130468,2026-08-27T15:04:50.224033
30,16,15,repl,9,False,13,2.79,45,2026-08-27T15:04:47.580953,2026-08-27T15:04:50.370940
30,16,13,repl,9,False,1,0.3131,4,2026-08-27T15:04:50.174172,2026-08-27T15:04:50.487324
30,16,8,repl,9,False,2,0.6036,100,2026-08-27T15:04:50.210320,2026-08-27T15:04:50.815324
30,16,14,repl,9,False,20,2.7104,5404,2026-08-27T15:04:48.121424,2026-08-27T15:04:50.831836
30,16,15,repl,9,False,14,0.4743,1,2026-08-27T15:04:50.371027,2026-08-27T15:04:50.845305
30,16,2,repl,9,False,13,1.6566,45,2026-08-27T15:04:49.201008,2026-08-27T15:04:50.857611
30,16,0,repl,9,False,22,1.77,7,2026-08-27T15:04:49.128630,2026-08-27T15:04:50.898631
30,16,13,repl,9,False,2,0.4142,100,2026-08-27T15:04:50.487409,2026-08-27T15:04:50.901671
30,16,9,repl,9,False,22,9.3685,7,2026-08-27T15:04:41.581945,2026-08-27T15:04:50.950426
30,16,6,repl,9,False,22,0.9063,7,2026-08-27T15:04:50.058452,2026-08-27T15:04:50.964750
30,16,10,repl,9,False,8,1.535,2,2026-08-27T15:04:49.477098,2026-08-27T15:04:51.012126
30,16,7,repl,9,False,7,0.7995,4,2026-08-27T15:04:50.224149,2026-08-27T15:04:51.023663
30,16,12,repl,9,False,18,5.6302,100,2026-08-27T15:04:45.421636,2026-08-27T15:04:51.051898
30,16,9,repl,9,False,1,0.1971,4,2026-08-27T15:04:50.950561,2026-08-27T15:04:51.147651
30,16,15,repl,9,False,15,0.3367,1,2026-08-27T15:04:50.845406,2026-08-27T15:04:51.182084
30,16,6,repl,9,False,1,0.3612,4,2026-08-27T15:04:50.964867,2026-08-27T15:04:51.326093
30,16,12,repl,9,False,19,0.4999,1,2026-08-27T15:04:51.052007,2026-08-27T15:04:51.551892
30,16,9,repl,9,False,2,0.4758,100,2026-08-27T15:04:51.147741,2026-08-27T15:04:51.623607
30,16,13,repl,9,False,3,0.8722,10,2026-08-27T15:04:50.901793,2026-08-27T15:04:51.773988
30,16,8,repl,9,False,3,0.9923,10,2026-08-27T15:04:50.817522,2026-08-27T15:04:51.809914
30,16,2,repl,9,False,14,0.978,1,2026-08-27T15:04:50.857716,2026-08-27T15:04:51.835796
30,16,14,repl,9,False,21,1.1236,100,2026-08-27T15:04:50.831985,2026-08-27T15:04:51.955570
30,16,4,repl,9,False,17,7.5713,1,2026-08-27T15:04:44.402300,2026-08-27T15:04:51.973583
30,16,6,repl,9,False,2,0.7238,100,2026-08-27T15:04:51.326203,2026-08-27T15:04:52.050057
30,16,8,repl,9,False,4,0.4144,5,2026-08-27T15:04:51.810024,2026-08-27T15:04:52.224453
30,16,13,repl,9,False,4,0.4558,5,2026-08-27T15:04:51.774072,2026-08-27T15:04:52.229859
30,16,2,repl,9,False,15,0.4894,1,2026-08-27T15:04:51.835904,2026-08-27T15:04:52.325382
30,16,12,repl,9,False,20,0.9083,5404,2026-08-27T15:04:51.551980,2026-08-27T15:04:52.460262
30,16,9,repl,9,False,3,1.0149,10,2026-08-27T15:04:51.623694,2026-08-27T15:04:52.638674
30,16,14,repl,9,False,22,0.8651,7,2026-08-27T15:04:51.955689,2026-08-27T15:04:52.820806
30,16,13,repl,9,False,5,0.7251,5,2026-08-27T15:04:52.229962,2026-08-27T15:04:52.955102
30,16,13,repl,9,False,6,0.0674,1,2026-08-27T15:04:52.955223,2026-08-27T15:04:53.022666
30,16,8,repl,9,False,5,0.8496,5,2026-08-27T15:04:52.224742,2026-08-27T15:04:53.074408
30,16,8,repl,9,False,6,0.0969,1,2026-08-27T15:04:53.074517,2026-08-27T15:04:53.171441
30,16,9,repl,9,False,4,0.7155,5,2026-08-27T15:04:52.638807,2026-08-27T15:04:53.354359
30,16,6,repl,9,False,3,1.3474,10,2026-08-27T15:04:52.050169,2026-08-27T15:04:53.397635
30,16,13,repl,9,False,7,0.5719,4,2026-08-27T15:04:53.022774,2026-08-27T15:04:53.594721
30,16,14,repl,9,False,1,0.9696,4,2026-08-27T15:04:52.820931,2026-08-27T15:04:53.790603
30,16,4,repl,9,False,18,1.8345,100,2026-08-27T15:04:51.973694,2026-08-27T15:04:53.808251
30,16,8,repl,9,False,7,0.8147,4,2026-08-27T15:04:53.171557,2026-08-27T15:04:53.986381
30,16,2,repl,9,False,16,1.7243,27840,2026-08-27T15:04:52.329701,2026-08-27T15:04:54.054128
30,16,5,repl,9,False,9,9.8069,175,2026-08-27T15:04:44.406907,2026-08-27T15:04:54.213808
30,16,6,repl,9,False,4,0.8358,5,2026-08-27T15:04:53.397751,2026-08-27T15:04:54.233585
30,16,9,repl,9,False,5,1.1166,5,2026-08-27T15:04:53.354473,2026-08-27T15:04:54.471126
30,16,14,repl,9,False,2,0.6865,100,2026-08-27T15:04:53.793730,2026-08-27T15:04:54.480258
30,16,10,repl,9,False,9,3.5362,175,2026-08-27T15:04:51.012239,2026-08-27T15:04:54.548463
30,16,9,repl,9,False,6,0.1072,1,2026-08-27T15:04:54.471236,2026-08-27T15:04:54.578433
30,16,12,repl,9,False,21,2.19,100,2026-08-27T15:04:52.460385,2026-08-27T15:04:54.650388
30,16,2,repl,9,False,17,0.7554,1,2026-08-27T15:04:54.054222,2026-08-27T15:04:54.809698
30,16,4,repl,9,False,19,1.0403,1,2026-08-27T15:04:53.808368,2026-08-27T15:04:54.848657
30,16,8,repl,9,False,8,0.9691,2,2026-08-27T15:04:53.986546,2026-08-27T15:04:54.955653
30,16,13,repl,9,False,8,1.3762,2,2026-08-27T15:04:53.594826,2026-08-27T15:04:54.971068
30,16,9,repl,9,False,7,0.8046,4,2026-08-27T15:04:54.578559,2026-08-27T15:04:55.383217
30,16,14,repl,9,False,3,0.9374,10,2026-08-27T15:04:54.480362,2026-08-27T15:04:55.417833
30,16,5,repl,9,False,10,1.2103,20,2026-08-27T15:04:54.213906,2026-08-27T15:04:55.424228
30,16,12,repl,9,False,22,0.8411,7,2026-08-27T15:04:54.650504,2026-08-27T15:04:55.491652
30,16,6,repl,9,False,5,1.4652,5,2026-08-27T15:04:54.233696,2026-08-27T15:04:55.698931
30,16,5,repl,9,False,11,0.3558,0,2026-08-27T15:04:55.433632,2026-08-27T15:04:55.789473
30,16,12,repl,9,False,1,0.3224,4,2026-08-27T15:04:55.491772,2026-08-27T15:04:55.814229
30,16,6,repl,9,False,6,0.149,1,2026-08-27T15:04:55.699034,2026-08-27T15:04:55.848048
30,16,14,repl,9,False,4,0.728,5,2026-08-27T15:04:55.417959,2026-08-27T15:04:56.145972
30,16,10,repl,9,False,10,1.6485,20,2026-08-27T15:04:54.548571,2026-08-27T15:04:56.197056
30,16,2,repl,9,False,18,1.4016,100,2026-08-27T15:04:54.809826,2026-08-27T15:04:56.211451
30,16,4,repl,9,False,20,1.3846,5404,2026-08-27T15:04:54.848771,2026-08-27T15:04:56.233362
30,16,12,repl,9,False,2,0.4356,100,2026-08-27T15:04:55.814340,2026-08-27T15:04:56.250003
30,16,9,repl,9,False,8,0.963,2,2026-08-27T15:04:55.383338,2026-08-27T15:04:56.346331
30,16,2,repl,9,False,19,0.2567,1,2026-08-27T15:04:56.220318,2026-08-27T15:04:56.477842
30,16,5,repl,9,False,12,0.7213,2,2026-08-27T15:04:55.789602,2026-08-27T15:04:56.510970
30,16,14,repl,9,False,5,0.5482,5,2026-08-27T15:04:56.146075,2026-08-27T15:04:56.694256
30,16,14,repl,9,False,6,0.1879,1,2026-08-27T15:04:56.694389,2026-08-27T15:04:56.882333
30,16,5,repl,9,False,13,0.8879,45,2026-08-27T15:04:56.511056,2026-08-27T15:04:57.398939
30,16,12,repl,9,False,3,1.2339,10,2026-08-27T15:04:56.250085,2026-08-27T15:04:57.484018
30,16,2,repl,9,False,20,1.017,5404,2026-08-27T15:04:56.477932,2026-08-27T15:04:57.494930
30,16,4,repl,9,False,21,1.3049,100,2026-08-27T15:04:56.233461,2026-08-27T15:04:57.538357
30,16,14,repl,9,False,7,0.7485,4,2026-08-27T15:04:56.882459,2026-08-27T15:04:57.630940
30,16,13,repl,9,False,9,2.6963,175,2026-08-27T15:04:54.971198,2026-08-27T15:04:57.667498
30,16,5,repl,9,False,14,0.3301,1,2026-08-27T15:04:57.399257,2026-08-27T15:04:57.729378
30,16,12,repl,9,False,4,0.4219,5,2026-08-27T15:04:57.484143,2026-08-27T15:04:57.906077
30,16,5,repl,9,False,15,0.2423,1,2026-08-27T15:04:57.729483,2026-08-27T15:04:57.971823
30,16,4,repl,9,False,22,0.5707,7,2026-08-27T15:04:57.538464,2026-08-27T15:04:58.109175
30,16,14,repl,9,False,8,0.7241,2,2026-08-27T15:04:57.631043,2026-08-27T15:04:58.355186
30,16,4,repl,9,False,1,0.3551,4,2026-08-27T15:04:58.109516,2026-08-27T15:04:58.464659
30,16,13,repl,9,False,10,0.9002,20,2026-08-27T15:04:57.667603,2026-08-27T15:04:58.567796
30,16,12,repl,9,False,5,0.7243,5,2026-08-27T15:04:57.906197,2026-08-27T15:04:58.630507
30,16,5,repl,9,False,16,0.6658,27840,2026-08-27T15:04:57.977599,2026-08-27T15:04:58.643474
30,16,2,repl,9,False,21,1.1662,100,2026-08-27T15:04:57.495046,2026-08-27T15:04:58.661299
30,16,12,repl,9,False,6,0.0477,1,2026-08-27T15:04:58.630584,2026-08-27T15:04:58.678327
30,16,13,repl,9,False,11,0.1338,0,2026-08-27T15:04:58.567910,2026-08-27T15:04:58.701717
30,16,4,repl,9,False,2,0.3494,100,2026-08-27T15:04:58.465661,2026-08-27T15:04:58.815126
30,16,5,repl,9,False,17,0.3902,1,2026-08-27T15:04:58.643629,2026-08-27T15:04:59.033831
30,16,12,repl,9,False,7,0.7022,4,2026-08-27T15:04:58.678406,2026-08-27T15:04:59.380610
30,16,9,repl,9,False,9,3.0534,175,2026-08-27T15:04:56.346419,2026-08-27T15:04:59.399888
30,16,13,repl,9,False,12,0.7754,2,2026-08-27T15:04:58.701826,2026-08-27T15:04:59.477244
30,16,2,repl,9,False,22,0.8569,7,2026-08-27T15:04:58.661403,2026-08-27T15:04:59.518385
30,16,4,repl,9,False,3,0.9973,10,2026-08-27T15:04:58.815240,2026-08-27T15:04:59.812530
30,16,2,repl,9,False,1,0.3782,4,2026-08-27T15:04:59.518506,2026-08-27T15:04:59.896699
30,16,5,repl,9,False,18,1.0677,100,2026-08-27T15:04:59.033919,2026-08-27T15:05:00.101667
30,16,2,repl,9,False,2,0.2574,100,2026-08-27T15:04:59.896945,2026-08-27T15:05:00.154388
30,16,12,repl,9,False,8,0.7761,2,2026-08-27T15:04:59.380687,2026-08-27T15:05:00.156763
30,16,4,repl,9,False,4,0.3476,5,2026-08-27T15:04:59.812635,2026-08-27T15:05:00.160239
30,16,13,repl,9,False,13,0.7511,45,2026-08-27T15:04:59.477365,2026-08-27T15:05:00.228503
30,16,5,repl,9,False,19,0.183,1,2026-08-27T15:05:00.101794,2026-08-27T15:05:00.284817
30,16,5,repl,9,False,20,0.4232,5404,2026-08-27T15:05:00.284944,2026-08-27T15:05:00.708205
30,16,14,repl,9,False,9,2.4586,175,2026-08-27T15:04:58.355292,2026-08-27T15:05:00.813964
30,16,5,repl,9,False,21,0.5238,100,2026-08-27T15:05:00.708299,2026-08-27T15:05:01.232117
30,16,14,repl,9,False,10,0.5246,20,2026-08-27T15:05:00.814061,2026-08-27T15:05:01.338730
30,16,14,repl,9,False,11,0.0705,0,2026-08-27T15:05:01.338817,2026-08-27T15:05:01.409350
30,16,5,repl,9,False,22,0.2937,7,2026-08-27T15:05:01.232203,2026-08-27T15:05:01.525890
30,16,5,repl,9,False,1,0.1402,4,2026-08-27T15:05:01.525971,2026-08-27T15:05:01.666208
30,16,5,repl,9,False,2,0.2762,100,2026-08-27T15:05:01.666326,2026-08-27T15:05:01.942560
30,16,14,repl,9,False,12,0.5356,2,2026-08-27T15:05:01.409462,2026-08-27T15:05:01.945061
30,16,12,repl,9,False,9,1.8702,175,2026-08-27T15:05:00.156830,2026-08-27T15:05:02.027058
30,16,11,repl,9,False,18,13.1835,100,2026-08-27T15:04:49.093585,2026-08-27T15:05:02.277112
30,16,11,repl,9,False,19,0.1951,1,2026-08-27T15:05:02.277225,2026-08-27T15:05:02.472332
30,16,5,repl,9,False,3,0.5696,10,2026-08-27T15:05:01.942648,2026-08-27T15:05:02.512290
30,16,14,repl,9,False,13,0.5776,45,2026-08-27T15:05:01.945181,2026-08-27T15:05:02.522760
30,16,14,repl,9,False,14,0.1771,1,2026-08-27T15:05:02.522877,2026-08-27T15:05:02.699966
30,16,12,repl,9,False,10,0.6831,20,2026-08-27T15:05:02.027181,2026-08-27T15:05:02.710329
30,16,12,repl,9,False,11,0.1442,0,2026-08-27T15:05:02.710430,2026-08-27T15:05:02.854673
30,16,5,repl,9,False,4,0.3741,5,2026-08-27T15:05:02.512422,2026-08-27T15:05:02.887966
30,16,11,repl,9,False,20,0.425,5404,2026-08-27T15:05:02.472456,2026-08-27T15:05:02.897473
30,16,5,repl,9,False,5,0.3951,5,2026-08-27T15:05:02.888076,2026-08-27T15:05:03.283163
30,16,12,repl,9,False,12,0.4567,2,2026-08-27T15:05:02.854780,2026-08-27T15:05:03.311460
30,16,11,repl,9,False,21,0.5522,100,2026-08-27T15:05:02.897581,2026-08-27T15:05:03.449807
30,16,11,repl,9,False,22,0.1886,7,2026-08-27T15:05:03.449886,2026-08-27T15:05:03.638553
30,16,11,repl,9,False,1,0.1164,4,2026-08-27T15:05:03.638635,2026-08-27T15:05:03.755040
30,16,11,repl,9,False,2,0.0998,100,2026-08-27T15:05:03.755117,2026-08-27T15:05:03.854964
30,16,11,repl,9,False,3,0.2662,10,2026-08-27T15:05:03.855043,2026-08-27T15:05:04.121262
30,16,11,repl,9,False,4,0.1874,5,2026-08-27T15:05:04.121336,2026-08-27T15:05:04.308761
30,16,11,repl,9,False,5,0.2681,5,2026-08-27T15:05:04.308840,2026-08-27T15:05:04.576917
30,16,11,repl,9,False,6,0.0352,1,2026-08-27T15:05:04.577001,2026-08-27T15:05:04.612242
30,16,11,repl,9,False,7,0.2,4,2026-08-27T15:05:04.612318,2026-08-27T15:05:04.812298
30,16,11,repl,9,False,8,0.2856,2,2026-08-27T15:05:04.812377,2026-08-27T15:05:05.097964
30,16,11,repl,9,False,9,0.6894,175,2026-08-27T15:05:05.098044,2026-08-27T15:05:05.787504
30,16,11,repl,9,False,10,0.3991,20,2026-08-27T15:05:05.787582,2026-08-27T15:05:06.186692
30,16,11,repl,9,False,11,0.0504,0,2026-08-27T15:05:06.186775,2026-08-27T15:05:06.237234
30,16,0,repl,10,False,1,0.1291,4,2026-08-27T15:05:06.239722,2026-08-27T15:05:06.368887
30,16,5,repl,10,False,6,0.1522,1,2026-08-27T15:05:06.265539,2026-08-27T15:05:06.417765
30,16,10,repl,10,False,11,0.2091,0,2026-08-27T15:05:06.329661,2026-08-27T15:05:06.538845
30,16,1,repl,10,False,2,0.4328,100,2026-08-27T15:05:06.243188,2026-08-27T15:05:06.675984
30,16,3,repl,10,False,4,0.598,5,2026-08-27T15:05:06.253662,2026-08-27T15:05:06.851694
30,16,13,repl,10,False,14,0.8478,1,2026-08-27T15:05:06.381742,2026-08-27T15:05:07.229580
30,16,10,repl,10,False,12,0.7566,2,2026-08-27T15:05:06.538936,2026-08-27T15:05:07.295583
30,16,6,repl,10,False,7,1.032,4,2026-08-27T15:05:06.273693,2026-08-27T15:05:07.305774
30,16,7,repl,10,False,8,1.0437,2,2026-08-27T15:05:06.284126,2026-08-27T15:05:07.327877
30,16,2,repl,10,False,3,1.2081,10,2026-08-27T15:05:06.249828,2026-08-27T15:05:07.457933
30,16,1,repl,10,False,3,0.9936,10,2026-08-27T15:05:06.676082,2026-08-27T15:05:07.669681
30,16,4,repl,10,False,5,1.4235,5,2026-08-27T15:05:06.257628,2026-08-27T15:05:07.681151
30,16,4,repl,10,False,6,0.0665,1,2026-08-27T15:05:07.681269,2026-08-27T15:05:07.747797
30,16,2,repl,10,False,4,0.608,5,2026-08-27T15:05:07.458076,2026-08-27T15:05:08.066105
30,16,1,repl,10,False,4,0.4613,5,2026-08-27T15:05:07.669801,2026-08-27T15:05:08.131109
30,16,3,repl,10,False,5,1.2898,5,2026-08-27T15:05:06.851808,2026-08-27T15:05:08.141665
30,16,3,repl,10,False,6,0.1126,1,2026-08-27T15:05:08.141784,2026-08-27T15:05:08.254457
30,16,11,repl,10,False,12,1.9652,2,2026-08-27T15:05:06.350180,2026-08-27T15:05:08.315458
30,16,13,repl,10,False,15,1.5844,1,2026-08-27T15:05:07.229744,2026-08-27T15:05:08.814199
30,16,4,repl,10,False,7,1.11,4,2026-08-27T15:05:07.747907,2026-08-27T15:05:08.857987
30,16,0,repl,10,False,2,2.5346,100,2026-08-27T15:05:06.368978,2026-08-27T15:05:08.903620
30,16,2,repl,10,False,5,0.8808,5,2026-08-27T15:05:08.077030,2026-08-27T15:05:08.957886
30,16,1,repl,10,False,5,0.9744,5,2026-08-27T15:05:08.131236,2026-08-27T15:05:09.105709
30,16,6,repl,10,False,8,1.8075,2,2026-08-27T15:05:07.305857,2026-08-27T15:05:09.113428
30,16,2,repl,10,False,6,0.2533,1,2026-08-27T15:05:08.958003,2026-08-27T15:05:09.211377
30,16,1,repl,10,False,6,0.224,1,2026-08-27T15:05:09.105813,2026-08-27T15:05:09.329875
30,16,3,repl,10,False,7,1.2434,4,2026-08-27T15:05:08.254612,2026-08-27T15:05:09.498081
30,16,9,repl,10,False,10,3.2321,20,2026-08-27T15:05:06.317768,2026-08-27T15:05:09.549906
30,16,8,repl,10,False,9,3.2878,175,2026-08-27T15:05:06.297850,2026-08-27T15:05:09.585662
30,16,9,repl,10,False,11,0.3478,0,2026-08-27T15:05:09.550275,2026-08-27T15:05:09.898065
30,16,4,repl,10,False,8,1.1411,2,2026-08-27T15:05:08.858109,2026-08-27T15:05:09.999208
30,16,2,repl,10,False,7,0.8003,4,2026-08-27T15:05:09.211483,2026-08-27T15:05:10.011757
30,16,1,repl,10,False,7,0.7695,4,2026-08-27T15:05:09.330059,2026-08-27T15:05:10.099626
30,16,12,repl,10,False,13,3.8036,45,2026-08-27T15:05:06.366093,2026-08-27T15:05:10.170539
30,16,13,repl,10,False,16,1.3986,27840,2026-08-27T15:05:08.814305,2026-08-27T15:05:10.213053
30,16,14,repl,10,False,15,3.8304,1,2026-08-27T15:05:06.390088,2026-08-27T15:05:10.220552
30,16,11,repl,10,False,13,1.9181,45,2026-08-27T15:05:08.315574,2026-08-27T15:05:10.233730
30,16,5,repl,10,False,7,4.1078,4,2026-08-27T15:05:06.417874,2026-08-27T15:05:10.525682
30,16,3,repl,10,False,8,1.1332,2,2026-08-27T15:05:09.498209,2026-08-27T15:05:10.631450
30,16,0,repl,10,False,3,1.7452,10,2026-08-27T15:05:08.903743,2026-08-27T15:05:10.648950
30,16,12,repl,10,False,14,0.5799,1,2026-08-27T15:05:10.189689,2026-08-27T15:05:10.769916
30,16,9,repl,10,False,12,0.9665,2,2026-08-27T15:05:09.898181,2026-08-27T15:05:10.864718
30,16,2,repl,10,False,8,1.0457,2,2026-08-27T15:05:10.011839,2026-08-27T15:05:11.057555
30,16,12,repl,10,False,15,0.3551,1,2026-08-27T15:05:10.770022,2026-08-27T15:05:11.125174
30,16,1,repl,10,False,8,1.0894,2,2026-08-27T15:05:10.110548,2026-08-27T15:05:11.200261
30,16,13,repl,10,False,17,1.0567,1,2026-08-27T15:05:10.213162,2026-08-27T15:05:11.269876
30,16,10,repl,10,False,13,4.0678,45,2026-08-27T15:05:07.295688,2026-08-27T15:05:11.363522
30,16,8,repl,10,False,10,2.2978,20,2026-08-27T15:05:09.585770,2026-08-27T15:05:11.883566
30,16,7,repl,10,False,9,4.6564,175,2026-08-27T15:05:07.327994,2026-08-27T15:05:11.984451
30,16,10,repl,10,False,14,0.7436,1,2026-08-27T15:05:11.363658,2026-08-27T15:05:12.107309
30,16,12,repl,10,False,16,1.1831,27840,2026-08-27T15:05:11.125294,2026-08-27T15:05:12.317547
30,16,4,repl,10,False,9,2.3905,175,2026-08-27T15:05:09.999324,2026-08-27T15:05:12.389885
30,16,10,repl,10,False,15,0.3305,1,2026-08-27T15:05:12.107432,2026-08-27T15:05:12.438000
30,16,9,repl,10,False,13,1.9991,45,2026-08-27T15:05:10.864841,2026-08-27T15:05:12.863973
30,16,6,repl,10,False,9,3.8094,175,2026-08-27T15:05:09.113574,2026-08-27T15:05:12.923013
30,16,8,repl,10,False,11,1.0509,0,2026-08-27T15:05:11.883693,2026-08-27T15:05:12.934629
30,16,12,repl,10,False,17,0.7496,1,2026-08-27T15:05:12.317633,2026-08-27T15:05:13.067261
30,16,1,repl,10,False,9,2.4673,175,2026-08-27T15:05:11.200382,2026-08-27T15:05:13.677215
30,16,10,repl,10,False,16,1.2831,27840,2026-08-27T15:05:12.438116,2026-08-27T15:05:13.725566
30,16,4,repl,10,False,10,1.5339,20,2026-08-27T15:05:12.389974,2026-08-27T15:05:13.923872
30,16,3,repl,10,False,9,3.4547,175,2026-08-27T15:05:10.631572,2026-08-27T15:05:14.086353
30,16,2,repl,10,False,9,3.0473,175,2026-08-27T15:05:11.065691,2026-08-27T15:05:14.113074
30,16,4,repl,10,False,11,0.3733,0,2026-08-27T15:05:13.923981,2026-08-27T15:05:14.297315
30,16,10,repl,10,False,17,0.586,1,2026-08-27T15:05:13.725698,2026-08-27T15:05:14.311690
30,16,7,repl,10,False,10,2.3811,20,2026-08-27T15:05:11.984569,2026-08-27T15:05:14.365739
30,16,9,repl,10,False,14,1.9124,1,2026-08-27T15:05:12.864086,2026-08-27T15:05:14.776482
30,16,12,repl,10,False,18,2.1017,100,2026-08-27T15:05:13.067385,2026-08-27T15:05:15.169152
30,16,4,repl,10,False,12,0.8891,2,2026-08-27T15:05:14.297437,2026-08-27T15:05:15.186567
30,16,3,repl,10,False,10,1.125,20,2026-08-27T15:05:14.086472,2026-08-27T15:05:15.211530
30,16,7,repl,10,False,11,0.8382,0,2026-08-27T15:05:14.373653,2026-08-27T15:05:15.211917
30,16,1,repl,10,False,10,1.5576,20,2026-08-27T15:05:13.677333,2026-08-27T15:05:15.234973
30,16,15,repl,10,False,16,9.0179,27840,2026-08-27T15:05:06.445802,2026-08-27T15:05:15.469540
30,16,6,repl,10,False,10,2.6128,20,2026-08-27T15:05:12.923143,2026-08-27T15:05:15.535987
30,16,3,repl,10,False,11,0.3818,0,2026-08-27T15:05:15.218547,2026-08-27T15:05:15.600433
30,16,10,repl,10,False,18,1.4778,100,2026-08-27T15:05:14.311790,2026-08-27T15:05:15.789594
30,16,12,repl,10,False,19,0.6672,1,2026-08-27T15:05:15.169254,2026-08-27T15:05:15.836521
30,16,1,repl,10,False,11,0.6345,0,2026-08-27T15:05:15.235093,2026-08-27T15:05:15.869601
30,16,2,repl,10,False,10,1.7739,20,2026-08-27T15:05:14.121718,2026-08-27T15:05:15.895658
30,16,6,repl,10,False,11,0.3808,0,2026-08-27T15:05:15.536103,2026-08-27T15:05:15.916978
30,16,8,repl,10,False,12,3.1316,2,2026-08-27T15:05:12.934749,2026-08-27T15:05:16.066385
30,16,4,repl,10,False,13,0.9113,45,2026-08-27T15:05:15.186655,2026-08-27T15:05:16.098017
30,16,10,repl,10,False,19,0.3207,1,2026-08-27T15:05:15.789682,2026-08-27T15:05:16.110408
30,16,7,repl,10,False,12,0.9384,2,2026-08-27T15:05:15.218663,2026-08-27T15:05:16.157143
30,16,9,repl,10,False,15,1.6403,1,2026-08-27T15:05:14.776590,2026-08-27T15:05:16.416946
30,16,14,repl,10,False,16,6.2172,27840,2026-08-27T15:05:10.220653,2026-08-27T15:05:16.445656
30,16,3,repl,10,False,12,1.0049,2,2026-08-27T15:05:15.600550,2026-08-27T15:05:16.605486
30,16,4,repl,10,False,14,0.5116,1,2026-08-27T15:05:16.098119,2026-08-27T15:05:16.609727
30,16,2,repl,10,False,11,0.8491,0,2026-08-27T15:05:15.895740,2026-08-27T15:05:16.744850
30,16,6,repl,10,False,12,0.9455,2,2026-08-27T15:05:15.917091,2026-08-27T15:05:16.862626
30,16,4,repl,10,False,15,0.2847,1,2026-08-27T15:05:16.609818,2026-08-27T15:05:16.894546
30,16,1,repl,10,False,12,1.1066,2,2026-08-27T15:05:15.869720,2026-08-27T15:05:16.982634
30,16,12,repl,10,False,20,1.1552,5404,2026-08-27T15:05:15.836637,2026-08-27T15:05:16.991845
30,16,10,repl,10,False,20,0.9734,5404,2026-08-27T15:05:16.110511,2026-08-27T15:05:17.083917
30,16,2,repl,10,False,12,1.3816,2,2026-08-27T15:05:16.744971,2026-08-27T15:05:18.126635
30,16,14,repl,10,False,17,1.7719,1,2026-08-27T15:05:16.445774,2026-08-27T15:05:18.217747
30,16,10,repl,10,False,21,1.1481,100,2026-08-27T15:05:17.085690,2026-08-27T15:05:18.233803
30,16,9,repl,10,False,16,2.0987,27840,2026-08-27T15:05:16.417222,2026-08-27T15:05:18.516035
30,16,12,repl,10,False,21,1.5583,100,2026-08-27T15:05:16.991946,2026-08-27T15:05:18.550302
30,16,1,repl,10,False,13,1.5943,45,2026-08-27T15:05:16.982758,2026-08-27T15:05:18.577098
30,16,0,repl,10,False,4,7.9373,5,2026-08-27T15:05:10.649061,2026-08-27T15:05:18.586358
30,16,11,repl,10,False,14,8.5443,1,2026-08-27T15:05:10.234249,2026-08-27T15:05:18.778602
30,16,13,repl,10,False,18,7.5928,100,2026-08-27T15:05:11.269990,2026-08-27T15:05:18.862826
30,16,7,repl,10,False,13,2.7341,45,2026-08-27T15:05:16.161565,2026-08-27T15:05:18.895734
30,16,1,repl,10,False,14,0.3894,1,2026-08-27T15:05:18.577221,2026-08-27T15:05:18.966666
30,16,9,repl,10,False,17,0.455,1,2026-08-27T15:05:18.516157,2026-08-27T15:05:18.971190
30,16,2,repl,10,False,13,0.9014,45,2026-08-27T15:05:18.126735,2026-08-27T15:05:19.028137
30,16,12,repl,10,False,22,0.5951,7,2026-08-27T15:05:18.553646,2026-08-27T15:05:19.148825
30,16,1,repl,10,False,15,0.2728,1,2026-08-27T15:05:18.966796,2026-08-27T15:05:19.239588
30,16,7,repl,10,False,14,0.4711,1,2026-08-27T15:05:18.895849,2026-08-27T15:05:19.367013
30,16,12,repl,10,False,1,0.2684,4,2026-08-27T15:05:19.148935,2026-08-27T15:05:19.417362
30,16,2,repl,10,False,14,0.6347,1,2026-08-27T15:05:19.028262,2026-08-27T15:05:19.662979
30,16,13,repl,10,False,19,0.8208,1,2026-08-27T15:05:18.862933,2026-08-27T15:05:19.683767
30,16,10,repl,10,False,22,1.5386,7,2026-08-27T15:05:18.237629,2026-08-27T15:05:19.776325
30,16,11,repl,10,False,15,1.0132,1,2026-08-27T15:05:18.778710,2026-08-27T15:05:19.791902
30,16,12,repl,10,False,2,0.4754,100,2026-08-27T15:05:19.417472,2026-08-27T15:05:19.892915
30,16,0,repl,10,False,5,1.3873,5,2026-08-27T15:05:18.586657,2026-08-27T15:05:19.973951
30,16,10,repl,10,False,1,0.2666,4,2026-08-27T15:05:19.776437,2026-08-27T15:05:20.043026
30,16,0,repl,10,False,6,0.0961,1,2026-08-27T15:05:19.974031,2026-08-27T15:05:20.070140
30,16,9,repl,10,False,18,1.3419,100,2026-08-27T15:05:18.971376,2026-08-27T15:05:20.314639
30,16,13,repl,10,False,20,0.656,5404,2026-08-27T15:05:19.683875,2026-08-27T15:05:20.339942
30,16,15,repl,10,False,17,4.8835,1,2026-08-27T15:05:15.477610,2026-08-27T15:05:20.361159
30,16,10,repl,10,False,2,0.4587,100,2026-08-27T15:05:20.043129,2026-08-27T15:05:20.501864
30,16,5,repl,10,False,8,10.049,2,2026-08-27T15:05:10.525798,2026-08-27T15:05:20.574848
30,16,7,repl,10,False,15,1.3466,1,2026-08-27T15:05:19.367121,2026-08-27T15:05:20.713753
30,16,9,repl,10,False,19,0.4756,1,2026-08-27T15:05:20.314762,2026-08-27T15:05:20.790383
30,16,12,repl,10,False,3,0.9762,10,2026-08-27T15:05:19.893616,2026-08-27T15:05:20.869836
30,16,2,repl,10,False,15,1.3128,1,2026-08-27T15:05:19.663117,2026-08-27T15:05:20.975931
30,16,0,repl,10,False,7,0.9975,4,2026-08-27T15:05:20.070230,2026-08-27T15:05:21.067767
30,16,12,repl,10,False,4,0.5487,5,2026-08-27T15:05:20.869929,2026-08-27T15:05:21.445625
30,16,4,repl,10,False,16,4.5482,27840,2026-08-27T15:05:16.894672,2026-08-27T15:05:21.445773
30,16,7,repl,10,False,16,1.0336,27840,2026-08-27T15:05:20.713869,2026-08-27T15:05:21.769385
30,16,9,repl,10,False,20,0.98,5404,2026-08-27T15:05:20.790494,2026-08-27T15:05:21.770500
30,16,11,repl,10,False,16,1.9704,27840,2026-08-27T15:05:19.792012,2026-08-27T15:05:21.762461
30,16,10,repl,10,False,3,1.2796,10,2026-08-27T15:05:20.501947,2026-08-27T15:05:21.782355
30,16,13,repl,10,False,21,1.4696,100,2026-08-27T15:05:20.340097,2026-08-27T15:05:21.810202
30,16,4,repl,10,False,17,0.3547,1,2026-08-27T15:05:21.455618,2026-08-27T15:05:21.810345
30,16,15,repl,10,False,18,1.4738,100,2026-08-27T15:05:20.361281,2026-08-27T15:05:21.835109
30,16,2,repl,10,False,16,0.9248,27840,2026-08-27T15:05:20.976039,2026-08-27T15:05:21.900836
30,16,0,repl,10,False,8,1.0608,2,2026-08-27T15:05:21.067894,2026-08-27T15:05:22.128749
30,16,7,repl,10,False,17,0.4554,1,2026-08-27T15:05:21.771122,2026-08-27T15:05:22.226517
30,16,12,repl,10,False,5,1.1172,5,2026-08-27T15:05:21.445964,2026-08-27T15:05:22.563161
30,16,15,repl,10,False,19,0.8285,1,2026-08-27T15:05:21.835210,2026-08-27T15:05:22.663758
30,16,12,repl,10,False,6,0.1201,1,2026-08-27T15:05:22.563313,2026-08-27T15:05:22.683433
30,16,11,repl,10,False,17,1.1644,1,2026-08-27T15:05:21.790579,2026-08-27T15:05:22.955049
30,16,9,repl,10,False,21,1.595,100,2026-08-27T15:05:21.786737,2026-08-27T15:05:23.381776
30,16,15,repl,10,False,20,0.7845,5404,2026-08-27T15:05:22.663882,2026-08-27T15:05:23.448395
30,16,10,repl,10,False,4,1.6782,5,2026-08-27T15:05:21.792749,2026-08-27T15:05:23.470991
30,16,4,repl,10,False,18,1.6649,100,2026-08-27T15:05:21.820857,2026-08-27T15:05:23.485824
30,16,7,repl,10,False,18,1.3555,100,2026-08-27T15:05:22.226610,2026-08-27T15:05:23.582115
30,16,12,repl,10,False,7,0.9195,4,2026-08-27T15:05:22.683579,2026-08-27T15:05:23.603123
30,16,2,repl,10,False,17,2.006,1,2026-08-27T15:05:21.909550,2026-08-27T15:05:23.915565
30,16,7,repl,10,False,19,0.4114,1,2026-08-27T15:05:23.582234,2026-08-27T15:05:23.993624
30,16,4,repl,10,False,19,0.5526,1,2026-08-27T15:05:23.485940,2026-08-27T15:05:24.038593
30,16,9,repl,10,False,22,0.8541,7,2026-08-27T15:05:23.381901,2026-08-27T15:05:24.236008
30,16,1,repl,10,False,16,5.4403,27840,2026-08-27T15:05:19.239703,2026-08-27T15:05:24.680037
30,16,9,repl,10,False,1,0.4648,4,2026-08-27T15:05:24.236132,2026-08-27T15:05:24.700999
30,16,5,repl,10,False,9,4.1974,175,2026-08-27T15:05:20.574971,2026-08-27T15:05:24.772352
30,16,10,repl,10,False,5,1.3439,5,2026-08-27T15:05:23.471106,2026-08-27T15:05:24.815042
30,16,12,repl,10,False,8,1.235,2,2026-08-27T15:05:23.603250,2026-08-27T15:05:24.838278
30,16,15,repl,10,False,21,1.451,100,2026-08-27T15:05:23.448487,2026-08-27T15:05:24.899500
30,16,10,repl,10,False,6,0.1163,1,2026-08-27T15:05:24.817598,2026-08-27T15:05:24.933946
30,16,3,repl,10,False,13,8.3688,45,2026-08-27T15:05:16.605634,2026-08-27T15:05:24.974476
30,16,1,repl,10,False,17,0.3733,1,2026-08-27T15:05:24.684309,2026-08-27T15:05:25.058728
30,16,7,repl,10,False,20,1.0824,5404,2026-08-27T15:05:23.993747,2026-08-27T15:05:25.076192
30,16,6,repl,10,False,13,8.2521,45,2026-08-27T15:05:16.862744,2026-08-27T15:05:25.114917
30,16,8,repl,10,False,13,9.0571,45,2026-08-27T15:05:16.069547,2026-08-27T15:05:25.126702
30,16,9,repl,10,False,2,0.4301,100,2026-08-27T15:05:24.705564,2026-08-27T15:05:25.135655
30,16,11,repl,10,False,18,2.1807,100,2026-08-27T15:05:22.955180,2026-08-27T15:05:25.135918
30,16,3,repl,10,False,14,0.4702,1,2026-08-27T15:05:24.974581,2026-08-27T15:05:25.444827
30,16,3,repl,10,False,15,0.2332,1,2026-08-27T15:05:25.444942,2026-08-27T15:05:25.678168
30,16,15,repl,10,False,22,0.798,7,2026-08-27T15:05:24.899621,2026-08-27T15:05:25.697690
30,16,6,repl,10,False,14,0.6031,1,2026-08-27T15:05:25.115028,2026-08-27T15:05:25.718149
30,16,4,repl,10,False,20,1.7733,5404,2026-08-27T15:05:24.038713,2026-08-27T15:05:25.811991
30,16,8,repl,10,False,14,0.7436,1,2026-08-27T15:05:25.126828,2026-08-27T15:05:25.870485
30,16,13,repl,10,False,22,4.0743,7,2026-08-27T15:05:21.810621,2026-08-27T15:05:25.884969
30,16,15,repl,10,False,1,0.2746,4,2026-08-27T15:05:25.697814,2026-08-27T15:05:25.972462
30,16,6,repl,10,False,15,0.3516,1,2026-08-27T15:05:25.718263,2026-08-27T15:05:26.069900
30,16,8,repl,10,False,15,0.3,1,2026-08-27T15:05:25.870585,2026-08-27T15:05:26.170576
30,16,1,repl,10,False,18,1.2159,100,2026-08-27T15:05:25.065617,2026-08-27T15:05:26.281595
30,16,15,repl,10,False,2,0.3936,100,2026-08-27T15:05:25.972585,2026-08-27T15:05:26.366211
30,16,11,repl,10,False,19,1.2888,1,2026-08-27T15:05:25.136018,2026-08-27T15:05:26.424871
30,16,10,repl,10,False,7,1.5756,4,2026-08-27T15:05:24.934046,2026-08-27T15:05:26.509643
30,16,1,repl,10,False,19,0.2866,1,2026-08-27T15:05:26.281678,2026-08-27T15:05:26.568297
30,16,3,repl,10,False,16,1.0107,27840,2026-08-27T15:05:25.678278,2026-08-27T15:05:26.689102
30,16,7,repl,10,False,21,1.6451,100,2026-08-27T15:05:25.076429,2026-08-27T15:05:26.721573
30,16,9,repl,10,False,3,1.725,10,2026-08-27T15:05:25.135755,2026-08-27T15:05:26.860829
30,16,15,repl,10,False,3,0.6859,10,2026-08-27T15:05:26.366360,2026-08-27T15:05:27.052308
30,16,1,repl,10,False,20,0.6004,5404,2026-08-27T15:05:26.600173,2026-08-27T15:05:27.202301
30,16,3,repl,10,False,17,0.5545,1,2026-08-27T15:05:26.689224,2026-08-27T15:05:27.244109
30,16,8,repl,10,False,16,1.092,27840,2026-08-27T15:05:26.170693,2026-08-27T15:05:27.262883
30,16,6,repl,10,False,16,1.3389,27840,2026-08-27T15:05:26.070024,2026-08-27T15:05:27.408983
30,16,13,repl,10,False,1,1.7185,4,2026-08-27T15:05:25.885080,2026-08-27T15:05:27.603649
30,16,15,repl,10,False,4,0.5773,5,2026-08-27T15:05:27.052415,2026-08-27T15:05:27.629752
30,16,11,repl,10,False,20,1.4138,5404,2026-08-27T15:05:26.424978,2026-08-27T15:05:27.838856
30,16,7,repl,10,False,22,1.1389,7,2026-08-27T15:05:26.721662,2026-08-27T15:05:27.860613
30,16,13,repl,10,False,2,0.4123,100,2026-08-27T15:05:27.603760,2026-08-27T15:05:28.016133
30,16,10,repl,10,False,8,1.6343,2,2026-08-27T15:05:26.509765,2026-08-27T15:05:28.144127
30,16,8,repl,10,False,17,1.1877,1,2026-08-27T15:05:27.268043,2026-08-27T15:05:28.455783
30,16,12,repl,10,False,9,3.6219,175,2026-08-27T15:05:24.838401,2026-08-27T15:05:28.460311
30,16,6,repl,10,False,17,1.1317,1,2026-08-27T15:05:27.409093,2026-08-27T15:05:28.540850
30,16,1,repl,10,False,21,1.549,100,2026-08-27T15:05:27.202419,2026-08-27T15:05:28.751490
30,16,9,repl,10,False,4,2.3363,5,2026-08-27T15:05:26.865556,2026-08-27T15:05:29.201888
30,16,13,repl,10,False,3,1.193,10,2026-08-27T15:05:28.016252,2026-08-27T15:05:29.209303
30,16,7,repl,10,False,1,1.5599,4,2026-08-27T15:05:27.860723,2026-08-27T15:05:29.420655
30,16,11,repl,10,False,21,1.6453,100,2026-08-27T15:05:27.838971,2026-08-27T15:05:29.484335
30,16,3,repl,10,False,18,2.2679,100,2026-08-27T15:05:27.244252,2026-08-27T15:05:29.512216
30,16,1,repl,10,False,22,0.9166,7,2026-08-27T15:05:28.751616,2026-08-27T15:05:29.668219
30,16,1,repl,10,False,1,0.2151,4,2026-08-27T15:05:29.668333,2026-08-27T15:05:29.883434
30,16,3,repl,10,False,19,0.5262,1,2026-08-27T15:05:29.517562,2026-08-27T15:05:30.043792
30,16,8,repl,10,False,18,1.7267,100,2026-08-27T15:05:28.455897,2026-08-27T15:05:30.182586
30,16,13,repl,10,False,4,0.9859,5,2026-08-27T15:05:29.213615,2026-08-27T15:05:30.199585
30,16,11,repl,10,False,22,0.7355,7,2026-08-27T15:05:29.484624,2026-08-27T15:05:30.220187
30,16,9,repl,10,False,5,1.0523,5,2026-08-27T15:05:29.202049,2026-08-27T15:05:30.254386
30,16,7,repl,10,False,2,0.9043,100,2026-08-27T15:05:29.425720,2026-08-27T15:05:30.330061
30,16,9,repl,10,False,6,0.0916,1,2026-08-27T15:05:30.254493,2026-08-27T15:05:30.346072
30,16,6,repl,10,False,18,1.8326,100,2026-08-27T15:05:28.540967,2026-08-27T15:05:30.373645
30,16,11,repl,10,False,1,0.2905,4,2026-08-27T15:05:30.220294,2026-08-27T15:05:30.510826
30,16,0,repl,10,False,9,8.5417,175,2026-08-27T15:05:22.128866,2026-08-27T15:05:30.670614
30,16,8,repl,10,False,19,0.5634,1,2026-08-27T15:05:30.182706,2026-08-27T15:05:30.746150
30,16,3,repl,10,False,20,0.8703,5404,2026-08-27T15:05:30.043893,2026-08-27T15:05:30.914204
30,16,13,repl,10,False,5,0.7455,5,2026-08-27T15:05:30.199880,2026-08-27T15:05:30.945369
30,16,6,repl,10,False,19,0.7075,1,2026-08-27T15:05:30.373768,2026-08-27T15:05:31.081308
30,16,13,repl,10,False,6,0.1482,1,2026-08-27T15:05:30.945667,2026-08-27T15:05:31.093939
30,16,9,repl,10,False,7,0.8206,4,2026-08-27T15:05:30.346191,2026-08-27T15:05:31.166842
30,16,12,repl,10,False,10,2.7983,20,2026-08-27T15:05:28.469566,2026-08-27T15:05:31.267913
30,16,11,repl,10,False,2,0.7947,100,2026-08-27T15:05:30.510934,2026-08-27T15:05:31.305668
30,16,8,repl,10,False,20,0.8177,5404,2026-08-27T15:05:30.746258,2026-08-27T15:05:31.563942
30,16,12,repl,10,False,11,0.3554,0,2026-08-27T15:05:31.268000,2026-08-27T15:05:31.623391
30,16,6,repl,10,False,20,0.6339,5404,2026-08-27T15:05:31.081434,2026-08-27T15:05:31.721548
30,16,4,repl,10,False,21,6.0383,100,2026-08-27T15:05:25.812119,2026-08-27T15:05:31.850465
30,16,3,repl,10,False,21,1.1133,100,2026-08-27T15:05:30.914328,2026-08-27T15:05:32.027675
30,16,13,repl,10,False,7,1.1052,4,2026-08-27T15:05:31.094173,2026-08-27T15:05:32.199406
30,16,9,repl,10,False,8,1.0441,2,2026-08-27T15:05:31.166974,2026-08-27T15:05:32.211061
30,16,11,repl,10,False,3,1.2091,10,2026-08-27T15:05:31.305754,2026-08-27T15:05:32.514879
30,16,7,repl,10,False,3,2.198,10,2026-08-27T15:05:30.330186,2026-08-27T15:05:32.528195
30,16,14,repl,10,False,18,14.3797,100,2026-08-27T15:05:18.217828,2026-08-27T15:05:32.597542
30,16,12,repl,10,False,12,1.0889,2,2026-08-27T15:05:31.623503,2026-08-27T15:05:32.712472
30,16,14,repl,10,False,19,0.2242,1,2026-08-27T15:05:32.597637,2026-08-27T15:05:32.821888
30,16,6,repl,10,False,21,1.1247,100,2026-08-27T15:05:31.721655,2026-08-27T15:05:32.846346
30,16,8,repl,10,False,21,1.3215,100,2026-08-27T15:05:31.565552,2026-08-27T15:05:32.887086
30,16,3,repl,10,False,22,0.9125,7,2026-08-27T15:05:32.027769,2026-08-27T15:05:32.940261
30,16,3,repl,10,False,1,0.2101,4,2026-08-27T15:05:32.940379,2026-08-27T15:05:33.150513
30,16,13,repl,10,False,8,0.972,2,2026-08-27T15:05:32.199488,2026-08-27T15:05:33.171491
30,16,11,repl,10,False,4,0.784,5,2026-08-27T15:05:32.514997,2026-08-27T15:05:33.298971
30,16,10,repl,10,False,9,5.4468,175,2026-08-27T15:05:28.144234,2026-08-27T15:05:33.591084
30,16,3,repl,10,False,2,0.4551,100,2026-08-27T15:05:33.150636,2026-08-27T15:05:33.605804
30,16,15,repl,10,False,5,6.048,5,2026-08-27T15:05:27.633685,2026-08-27T15:05:33.681748
30,16,14,repl,10,False,20,0.9339,5404,2026-08-27T15:05:32.822018,2026-08-27T15:05:33.755907
30,16,15,repl,10,False,6,0.1201,1,2026-08-27T15:05:33.681842,2026-08-27T15:05:33.802024
30,16,8,repl,10,False,22,0.9696,7,2026-08-27T15:05:32.887211,2026-08-27T15:05:33.856864
30,16,8,repl,10,False,1,0.3382,4,2026-08-27T15:05:33.856976,2026-08-27T15:05:34.195240
30,16,11,repl,10,False,5,0.9278,5,2026-08-27T15:05:33.299057,2026-08-27T15:05:34.226868
30,16,6,repl,10,False,22,1.5742,7,2026-08-27T15:05:32.846471,2026-08-27T15:05:34.420700
30,16,7,repl,10,False,4,1.9253,5,2026-08-27T15:05:32.528301,2026-08-27T15:05:34.453605
30,16,11,repl,10,False,6,0.3108,1,2026-08-27T15:05:34.227186,2026-08-27T15:05:34.538011
30,16,6,repl,10,False,1,0.2389,4,2026-08-27T15:05:34.420823,2026-08-27T15:05:34.659724
30,16,10,repl,10,False,10,1.1551,20,2026-08-27T15:05:33.591361,2026-08-27T15:05:34.746483
30,16,0,repl,10,False,10,4.1008,20,2026-08-27T15:05:30.670720,2026-08-27T15:05:34.771532
30,16,8,repl,10,False,2,0.6315,100,2026-08-27T15:05:34.195353,2026-08-27T15:05:34.826904
30,16,0,repl,10,False,11,0.2429,0,2026-08-27T15:05:34.771661,2026-08-27T15:05:35.014647
30,16,6,repl,10,False,2,0.424,100,2026-08-27T15:05:34.659844,2026-08-27T15:05:35.083895
30,16,15,repl,10,False,7,1.3617,4,2026-08-27T15:05:33.802141,2026-08-27T15:05:35.163904
30,16,14,repl,10,False,21,1.4629,100,2026-08-27T15:05:33.761541,2026-08-27T15:05:35.224438
30,16,3,repl,10,False,3,1.8471,10,2026-08-27T15:05:33.605922,2026-08-27T15:05:35.453031
30,16,11,repl,10,False,7,1.0234,4,2026-08-27T15:05:34.538095,2026-08-27T15:05:35.561525
30,16,9,repl,10,False,9,3.4738,175,2026-08-27T15:05:32.217560,2026-08-27T15:05:35.691422
30,16,5,repl,10,False,10,10.9856,20,2026-08-27T15:05:24.772439,2026-08-27T15:05:35.758104
30,16,4,repl,10,False,22,3.9456,7,2026-08-27T15:05:31.850578,2026-08-27T15:05:35.796166
30,16,0,repl,10,False,12,0.8305,2,2026-08-27T15:05:35.014769,2026-08-27T15:05:35.845291
30,16,8,repl,10,False,3,1.0671,10,2026-08-27T15:05:34.827027,2026-08-27T15:05:35.894148
30,16,2,repl,10,False,18,12.163,100,2026-08-27T15:05:23.915673,2026-08-27T15:05:36.078665
30,16,7,repl,10,False,5,1.7458,5,2026-08-27T15:05:34.453708,2026-08-27T15:05:36.199537
30,16,5,repl,10,False,11,0.4492,0,2026-08-27T15:05:35.758189,2026-08-27T15:05:36.207368
30,16,14,repl,10,False,22,1.0806,7,2026-08-27T15:05:35.224558,2026-08-27T15:05:36.305216
30,16,7,repl,10,False,6,0.1748,1,2026-08-27T15:05:36.199643,2026-08-27T15:05:36.374478
30,16,6,repl,10,False,3,1.305,10,2026-08-27T15:05:35.089553,2026-08-27T15:05:36.394616
30,16,15,repl,10,False,8,1.2646,2,2026-08-27T15:05:35.164018,2026-08-27T15:05:36.428654
30,16,8,repl,10,False,4,0.6157,5,2026-08-27T15:05:35.894263,2026-08-27T15:05:36.509966
30,16,14,repl,10,False,1,0.2104,4,2026-08-27T15:05:36.305297,2026-08-27T15:05:36.515724
30,16,11,repl,10,False,8,1.1226,2,2026-08-27T15:05:35.561611,2026-08-27T15:05:36.684270
30,16,4,repl,10,False,1,0.9238,4,2026-08-27T15:05:35.796275,2026-08-27T15:05:36.720120
30,16,0,repl,10,False,13,0.8923,45,2026-08-27T15:05:35.845417,2026-08-27T15:05:36.737693
30,16,14,repl,10,False,2,0.3633,100,2026-08-27T15:05:36.515910,2026-08-27T15:05:36.879280
30,16,6,repl,10,False,4,0.6768,5,2026-08-27T15:05:36.394696,2026-08-27T15:05:37.071562
30,16,7,repl,10,False,7,0.9636,4,2026-08-27T15:05:36.374592,2026-08-27T15:05:37.338213
30,16,4,repl,10,False,2,0.6457,100,2026-08-27T15:05:36.720232,2026-08-27T15:05:37.365929
30,16,5,repl,10,False,12,1.1641,2,2026-08-27T15:05:36.207457,2026-08-27T15:05:37.371557
30,16,13,repl,10,False,9,4.224,175,2026-08-27T15:05:33.177579,2026-08-27T15:05:37.401632
30,16,8,repl,10,False,5,0.9581,5,2026-08-27T15:05:36.510076,2026-08-27T15:05:37.468161
30,16,2,repl,10,False,19,1.5425,1,2026-08-27T15:05:36.078779,2026-08-27T15:05:37.621264
30,16,8,repl,10,False,6,0.1828,1,2026-08-27T15:05:37.468249,2026-08-27T15:05:37.651032
30,16,0,repl,10,False,14,1.0811,1,2026-08-27T15:05:36.737786,2026-08-27T15:05:37.818886
30,16,14,repl,10,False,3,1.0152,10,2026-08-27T15:05:36.879358,2026-08-27T15:05:37.894637
30,16,6,repl,10,False,5,1.1765,5,2026-08-27T15:05:37.071682,2026-08-27T15:05:38.248176
30,16,4,repl,10,False,3,0.9596,10,2026-08-27T15:05:37.366037,2026-08-27T15:05:38.325675
30,16,0,repl,10,False,15,0.5189,1,2026-08-27T15:05:37.819000,2026-08-27T15:05:38.337954
30,16,6,repl,10,False,6,0.1058,1,2026-08-27T15:05:38.248281,2026-08-27T15:05:38.354099
30,16,14,repl,10,False,4,0.4959,5,2026-08-27T15:05:37.894756,2026-08-27T15:05:38.390735
30,16,5,repl,10,False,13,1.0363,45,2026-08-27T15:05:37.371674,2026-08-27T15:05:38.408009
30,16,8,repl,10,False,7,0.7993,4,2026-08-27T15:05:37.651142,2026-08-27T15:05:38.450514
30,16,4,repl,10,False,4,0.5165,5,2026-08-27T15:05:38.325767,2026-08-27T15:05:38.842325
30,16,11,repl,10,False,9,2.4283,175,2026-08-27T15:05:36.684380,2026-08-27T15:05:39.112697
30,16,5,repl,10,False,14,0.7266,1,2026-08-27T15:05:38.408128,2026-08-27T15:05:39.136058
30,16,2,repl,10,False,20,1.53,5404,2026-08-27T15:05:37.621384,2026-08-27T15:05:39.151389
30,16,13,repl,10,False,10,1.7633,20,2026-08-27T15:05:37.401747,2026-08-27T15:05:39.165047
30,16,13,repl,10,False,11,0.2239,0,2026-08-27T15:05:39.165174,2026-08-27T15:05:39.389142
30,16,14,repl,10,False,5,1.0055,5,2026-08-27T15:05:38.390870,2026-08-27T15:05:39.396430
30,16,8,repl,10,False,8,0.973,2,2026-08-27T15:05:38.450624,2026-08-27T15:05:39.423669
30,16,14,repl,10,False,6,0.122,1,2026-08-27T15:05:39.396796,2026-08-27T15:05:39.518889
30,16,5,repl,10,False,15,0.4173,1,2026-08-27T15:05:39.141702,2026-08-27T15:05:39.559089
30,16,0,repl,10,False,16,1.2567,27840,2026-08-27T15:05:38.338075,2026-08-27T15:05:39.594789
30,16,13,repl,10,False,12,0.5334,2,2026-08-27T15:05:39.389414,2026-08-27T15:05:39.922850
30,16,0,repl,10,False,17,0.4238,1,2026-08-27T15:05:39.594907,2026-08-27T15:05:40.018739
30,16,14,repl,10,False,7,0.5424,4,2026-08-27T15:05:39.519032,2026-08-27T15:05:40.061435
30,16,11,repl,10,False,10,1.1194,20,2026-08-27T15:05:39.112798,2026-08-27T15:05:40.232274
30,16,2,repl,10,False,21,1.1788,100,2026-08-27T15:05:39.151637,2026-08-27T15:05:40.330477
30,16,11,repl,10,False,11,0.3347,0,2026-08-27T15:05:40.232394,2026-08-27T15:05:40.567141
30,16,13,repl,10,False,13,0.8875,45,2026-08-27T15:05:39.923118,2026-08-27T15:05:40.816813
30,16,5,repl,10,False,16,1.2892,27840,2026-08-27T15:05:39.559182,2026-08-27T15:05:40.848389
30,16,14,repl,10,False,8,0.8279,2,2026-08-27T15:05:40.065597,2026-08-27T15:05:40.893582
30,16,15,repl,10,False,9,4.5321,175,2026-08-27T15:05:36.428738,2026-08-27T15:05:40.960907
30,16,5,repl,10,False,17,0.2074,1,2026-08-27T15:05:40.848492,2026-08-27T15:05:41.055944
30,16,2,repl,10,False,22,0.757,7,2026-08-27T15:05:40.330596,2026-08-27T15:05:41.087619
30,16,0,repl,10,False,18,1.1604,100,2026-08-27T15:05:40.018894,2026-08-27T15:05:41.179327
30,16,2,repl,10,False,1,0.2841,4,2026-08-27T15:05:41.087761,2026-08-27T15:05:41.371873
30,16,0,repl,10,False,19,0.2974,1,2026-08-27T15:05:41.179436,2026-08-27T15:05:41.476893
30,16,2,repl,10,False,2,0.2457,100,2026-08-27T15:05:41.371996,2026-08-27T15:05:41.617740
30,16,15,repl,10,False,10,0.8563,20,2026-08-27T15:05:40.961022,2026-08-27T15:05:41.817392
30,16,0,repl,10,False,20,0.3479,5404,2026-08-27T15:05:41.477019,2026-08-27T15:05:41.824967
30,16,5,repl,10,False,18,0.8227,100,2026-08-27T15:05:41.056029,2026-08-27T15:05:41.878782
30,16,15,repl,10,False,11,0.0742,0,2026-08-27T15:05:41.817505,2026-08-27T15:05:41.891759
30,16,5,repl,10,False,19,0.2193,1,2026-08-27T15:05:41.878884,2026-08-27T15:05:42.098223
30,16,15,repl,10,False,12,0.3415,2,2026-08-27T15:05:41.891865,2026-08-27T15:05:42.233375
30,16,5,repl,10,False,20,0.4971,5404,2026-08-27T15:05:42.098333,2026-08-27T15:05:42.595505
30,16,0,repl,10,False,21,0.8239,100,2026-08-27T15:05:41.825094,2026-08-27T15:05:42.649011
30,16,15,repl,10,False,13,0.4906,45,2026-08-27T15:05:42.233472,2026-08-27T15:05:42.724107
30,16,15,repl,10,False,14,0.2606,1,2026-08-27T15:05:42.724198,2026-08-27T15:05:42.984775
30,16,0,repl,10,False,22,0.4299,7,2026-08-27T15:05:42.649133,2026-08-27T15:05:43.079016
30,16,15,repl,10,False,15,0.1287,1,2026-08-27T15:05:42.984855,2026-08-27T15:05:43.113536
30,16,5,repl,10,False,21,0.5278,100,2026-08-27T15:05:42.595610,2026-08-27T15:05:43.123449
30,16,14,repl,10,False,9,2.5062,175,2026-08-27T15:05:40.893692,2026-08-27T15:05:43.399961
30,16,5,repl,10,False,22,0.3808,7,2026-08-27T15:05:43.123536,2026-08-27T15:05:43.504380
30,16,5,repl,10,False,1,0.1211,4,2026-08-27T15:05:43.504442,2026-08-27T15:05:43.625559
30,16,5,repl,10,False,2,0.1866,100,2026-08-27T15:05:43.625651,2026-08-27T15:05:43.812313
30,16,14,repl,10,False,10,0.4218,20,2026-08-27T15:05:43.400051,2026-08-27T15:05:43.821818
30,16,14,repl,10,False,11,0.0501,0,2026-08-27T15:05:43.821870,2026-08-27T15:05:43.872021
30,16,5,repl,10,False,3,0.3253,10,2026-08-27T15:05:43.812407,2026-08-27T15:05:44.137679
30,16,14,repl,10,False,12,0.2939,2,2026-08-27T15:05:43.872116,2026-08-27T15:05:44.166071
30,16,5,repl,10,False,4,0.3251,5,2026-08-27T15:05:44.137756,2026-08-27T15:05:44.462890
30,16,14,repl,10,False,13,0.4611,45,2026-08-27T15:05:44.166154,2026-08-27T15:05:44.627245
30,16,5,repl,10,False,5,0.2827,5,2026-08-27T15:05:44.462980,2026-08-27T15:05:44.745670
30,16,14,repl,10,False,14,0.2,1,2026-08-27T15:05:44.627362,2026-08-27T15:05:44.827378
