/usr/bin/time -f '%e %U %S' -o /tmp/app-repl-numa-benchmarks/results/IntelR_XeonR_Gold_6130_CPU_@_2.10GHz_X86_64/rocksdb/outputs/interleaved-multireadrandom/benchmark_multireadrandom.t128.log.time timeout 810 ./db_bench --benchmarks=multireadrandom,stats --use_existing_db=1 --threads=128 --batch_size=10 --level0_file_num_compaction_trigger=4 --level0_slowdown_writes_trigger=20 --level0_stop_writes_trigger=30 --max_background_jobs=16 --max_write_buffer_number=8 --undefok=use_blob_cache,use_shared_block_and_blob_cache,blob_cache_size,blob_cache_numshardbits,prepopulate_blob_cache,multiread_batched,cache_low_pri_pool_ratio,prepopulate_block_cache --db=/tmp/rocksdb/db --wal_dir=/tmp/rocksdb/wal --num=40000000 --key_size=20 --value_size=400 --block_size=8192 --cache_size=32000000000 --cache_numshardbits=6 --compression_max_dict_bytes=0 --compression_ratio=0.5 --compression_type=none --bytes_per_sync=1048576 --benchmark_write_rate_limit=0 --write_buffer_size=134217728 --target_file_size_base=134217728 --max_bytes_for_level_base=1073741824 --verify_checksum=1 --delete_obsolete_files_period_micros=62914560 --max_bytes_for_level_multiplier=8 --statistics=0 --stats_per_interval=1 --stats_interval_seconds=10 --report_interval_seconds=1 --histogram=1 --memtablerep=skip_list --bloom_bits=10 --open_files=-1 --subcompactions=1 --mmap_read=1 --multiread_batched --compaction_style=0 --num_levels=8 --min_level_to_compress=-1 --level_compaction_dynamic_level_bytes=true --pin_l0_filter_and_index_blocks_in_cache=1 --duration=210 --seed=1773583716 --report_file=/tmp/app-repl-numa-benchmarks/results/IntelR_XeonR_Gold_6130_CPU_@_2.10GHz_X86_64/rocksdb/outputs/interleaved-multireadrandom/benchmark_multireadrandom.t128.log.r.csv 2>&1 | tee -a /tmp/app-repl-numa-benchmarks/results/IntelR_XeonR_Gold_6130_CPU_@_2.10GHz_X86_64/rocksdb/outputs/interleaved-multireadrandom/benchmark_multireadrandom.t128.log
RocksDB:    version 10.5.0
Date:       Sun Mar 15 15:08:36 2026
CPU:        128 * Intel(R) Xeon(R) Gold 6130 CPU @ 2.10GHz
CPUCache:   22528 KB
entries_per_batch = 10
2026/03/15-15:08:46  ... thread 20: (604000,604000) ops and (60399.5,60399.5) ops/second in (10.000077,10.000077) seconds
2026/03/15-15:08:46  ... thread 8: (604000,604000) ops and (60398.7,60398.7) ops/second in (10.000220,10.000220) seconds
2026/03/15-15:08:46  ... thread 15: (746000,746000) ops and (74589.3,74589.3) ops/second in (10.001433,10.001433) seconds
2026/03/15-15:08:46  ... thread 17: (593000,593000) ops and (59287.3,59287.3) ops/second in (10.002137,10.002137) seconds
2026/03/15-15:08:46  ... thread 13: (721000,721000) ops and (72077.7,72077.7) ops/second in (10.003087,10.003087) seconds
2026/03/15-15:08:46  ... thread 11: (589000,589000) ops and (58881.8,58881.8) ops/second in (10.003093,10.003093) seconds
2026/03/15-15:08:46  ... thread 56: (741000,741000) ops and (74099.3,74099.3) ops/second in (10.000100,10.000100) seconds
2026/03/15-15:08:46  ... thread 0: (940000,940000) ops and (93988.3,93988.3) ops/second in (10.001249,10.001249) seconds
2026/03/15-15:08:46  ... thread 26: (619000,619000) ops and (61891.1,61891.1) ops/second in (10.001442,10.001442) seconds

** Compaction Stats [default] **
Level    Files   Size     Score Read(GB)  Rn(GB) Rnp1(GB) Write(GB) WPreComp(GB) Wnew(GB) Moved(GB) W-Amp Rd(MB/s) Wr(MB/s) Comp(sec) CompMergeCPU(sec) Comp(cnt) Avg(sec) KeyIn KeyDrop Rblob(GB) Wblob(GB)
-------------------------------------------------------------------------------------------------------------------------------------------------------------------------------------------------------------
  L7     81/0     10.10 GB   0.0      0.0     0.0      0.0       0.0       0.0      0.0       0.0   0.0      0.0      0.0      0.00              0.00         0    0.000       0      0       0.0       0.0
 Sum     81/0     10.10 GB   0.0      0.0     0.0      0.0       0.0       0.0      0.0       0.0   0.0      0.0      0.0      0.00              0.00         0    0.000       0      0       0.0       0.0
 Int      0/0      0.00 KB   0.0      0.0     0.0      0.0       0.0       0.0      0.0       0.0   0.0      0.0      0.0      0.00              0.00         0    0.000       0      0       0.0       0.0

** Compaction Stats [default] **
Priority    Files   Size     Score Read(GB)  Rn(GB) Rnp1(GB) Write(GB) WPreComp(GB) Wnew(GB) Moved(GB) W-Amp Rd(MB/s) Wr(MB/s) Comp(sec) CompMergeCPU(sec) Comp(cnt) Avg(sec) KeyIn KeyDrop Rblob(GB) Wblob(GB)
----------------------------------------------------------------------------------------------------------------------------------------------------------------------------------------------------------------

Blob file count: 0, total size: 0.0 GB, garbage size: 0.0 GB, space amp: 0.0

Uptime(secs): 10.1 total, 10.0 interval
Flush(GB): cumulative 0.000, interval 0.000
AddFile(GB): cumulative 0.000, interval 0.000
AddFile(Total Files): cumulative 0, interval 0
AddFile(L0 Files): cumulative 0, interval 0
AddFile(Keys): cumulative 0, interval 0
Cumulative compaction: 0.00 GB write, 0.00 MB/s write, 0.00 GB read, 0.00 MB/s read, 0.0 seconds
Interval compaction: 0.00 GB write, 0.00 MB/s write, 0.00 GB read, 0.00 MB/s read, 0.0 seconds
Estimated pending compaction bytes: 0
Write Stall (count): cf-l0-file-count-limit-delays-with-ongoing-compaction: 0, cf-l0-file-count-limit-stops-with-ongoing-compaction: 0, l0-file-count-limit-delays: 0, l0-file-count-limit-stops: 0, memtable-limit-delays: 0, memtable-limit-stops: 0, pending-compaction-bytes-delays: 0, pending-compaction-bytes-stops: 0, total-delays: 0, total-stops: 0
Block cache LRUCache@0x557a4f67f730#1194204 capacity: 29.80 GB seed: 1773583716 usage: 0.09 KB table_size: 1024 occupancy: 1 collections: 1 last_copies: 0 last_secs: 0.000161 secs_since: 10
Block cache entry stats(count,size,portion): Misc(1,0.00 KB,0%)

** File Read Latency Histogram By Level [default] **

** DB Stats **
Uptime(secs): 10.1 total, 10.0 interval
Cumulative writes: 0 writes, 0 keys, 0 commit groups, 0.0 writes per commit group, ingest: 0.00 GB, 0.00 MB/s
Cumulative WAL: 0 writes, 0 syncs, 0.00 writes per sync, written: 0.00 GB, 0.00 MB/s
Cumulative stall: 00:00:0.000 H:M:S, 0.0 percent
Interval writes: 0 writes, 0 keys, 0 commit groups, 0.0 writes per commit group, ingest: 0.00 MB, 0.00 MB/s
Interval WAL: 0 writes, 0 syncs, 0.00 writes per sync, written: 0.00 GB, 0.00 MB/s
Interval stall: 00:00:0.000 H:M:S, 0.0 percent
Write Stall (count): write-buffer-manager-limit-stops: 0
num-running-compactions: 0
num-running-flushes: 0

2026/03/15-15:08:46  ... thread 14: (584000,584000) ops and (58376.3,58376.3) ops/second in (10.004057,10.004057) seconds
2026/03/15-15:08:46  ... thread 12: (597000,597000) ops and (59674.5,59674.5) ops/second in (10.004269,10.004269) seconds
2026/03/15-15:08:46  ... thread 68: (622000,622000) ops and (62182.5,62182.5) ops/second in (10.002813,10.002813) seconds
2026/03/15-15:08:46  ... thread 25: (927000,927000) ops and (92673.7,92673.7) ops/second in (10.002838,10.002838) seconds
2026/03/15-15:08:46  ... thread 47: (609000,609000) ops and (60882.3,60882.3) ops/second in (10.002914,10.002914) seconds
2026/03/15-15:08:46  ... thread 43: (625000,625000) ops and (62480.0,62480.0) ops/second in (10.003206,10.003206) seconds
2026/03/15-15:08:46  ... thread 21: (605000,605000) ops and (60466.2,60466.2) ops/second in (10.005590,10.005590) seconds
2026/03/15-15:08:46  ... thread 32: (638000,638000) ops and (63776.7,63776.7) ops/second in (10.003653,10.003653) seconds
2026/03/15-15:08:46  ... thread 31: (616000,616000) ops and (61575.1,61575.1) ops/second in (10.004040,10.004040) seconds
2026/03/15-15:08:46  ... thread 55: (620000,620000) ops and (61960.4,61960.4) ops/second in (10.006390,10.006390) seconds
2026/03/15-15:08:46  ... thread 18: (620000,620000) ops and (61949.1,61949.1) ops/second in (10.008215,10.008215) seconds
2026/03/15-15:08:46  ... thread 39: (618000,618000) ops and (61759.3,61759.3) ops/second in (10.006582,10.006582) seconds
2026/03/15-15:08:46  ... thread 66: (555000,555000) ops and (55486.9,55486.9) ops/second in (10.002352,10.002352) seconds
2026/03/15-15:08:46  ... thread 28: (616000,616000) ops and (61553.5,61553.5) ops/second in (10.007562,10.007562) seconds
2026/03/15-15:08:46  ... thread 3: (908000,908000) ops and (90709.9,90709.9) ops/second in (10.009932,10.009932) seconds
2026/03/15-15:08:46  ... thread 70: (557000,557000) ops and (55662.2,55662.2) ops/second in (10.006782,10.006782) seconds
2026/03/15-15:08:46  ... thread 24: (615000,615000) ops and (61439.3,61439.3) ops/second in (10.009872,10.009872) seconds
2026/03/15-15:08:46  ... thread 27: (919000,919000) ops and (91805.2,91805.2) ops/second in (10.010331,10.010331) seconds
2026/03/15-15:08:46  ... thread 37: (625000,625000) ops and (62478.4,62478.4) ops/second in (10.003459,10.003459) seconds
2026/03/15-15:08:46  ... thread 51: (835000,835000) ops and (83460.5,83460.5) ops/second in (10.004729,10.004729) seconds
2026/03/15-15:08:46  ... thread 58: (780000,780000) ops and (77931.7,77931.7) ops/second in (10.008769,10.008769) seconds
2026/03/15-15:08:46  ... thread 60: (618000,618000) ops and (61768.3,61768.3) ops/second in (10.005128,10.005128) seconds
2026/03/15-15:08:46  ... thread 45: (823000,823000) ops and (82289.6,82289.6) ops/second in (10.001267,10.001267) seconds
2026/03/15-15:08:46  ... thread 40: (619000,619000) ops and (61843.0,61843.0) ops/second in (10.009209,10.009209) seconds
2026/03/15-15:08:46  ... thread 41: (620000,620000) ops and (61919.3,61919.3) ops/second in (10.013027,10.013027) seconds
2026/03/15-15:08:46  ... thread 22: (600000,600000) ops and (59916.4,59916.4) ops/second in (10.013951,10.013951) seconds
2026/03/15-15:08:46  ... thread 46: (613000,613000) ops and (61258.5,61258.5) ops/second in (10.006781,10.006781) seconds
2026/03/15-15:08:46  ... thread 38: (645000,645000) ops and (64422.9,64422.9) ops/second in (10.011965,10.011965) seconds
2026/03/15-15:08:46  ... thread 44: (939000,939000) ops and (93797.0,93797.0) ops/second in (10.010980,10.010980) seconds
2026/03/15-15:08:46  ... thread 36: (621000,621000) ops and (62079.8,62079.8) ops/second in (10.003261,10.003261) seconds
2026/03/15-15:08:46  ... thread 35: (620000,620000) ops and (61920.2,61920.2) ops/second in (10.012889,10.012889) seconds
2026/03/15-15:08:46  ... thread 30: (615000,615000) ops and (61419.1,61419.1) ops/second in (10.013172,10.013172) seconds
2026/03/15-15:08:46  ... thread 29: (625000,625000) ops and (62416.1,62416.1) ops/second in (10.013450,10.013450) seconds
2026/03/15-15:08:46  ... thread 64: (826000,826000) ops and (82592.7,82592.7) ops/second in (10.000887,10.000887) seconds
2026/03/15-15:08:46  ... thread 61: (616000,616000) ops and (61568.1,61568.1) ops/second in (10.005189,10.005189) seconds
2026/03/15-15:08:46  ... thread 19: (543000,543000) ops and (54207.6,54207.6) ops/second in (10.017046,10.017046) seconds
2026/03/15-15:08:46  ... thread 23: (613000,613000) ops and (61204.1,61204.1) ops/second in (10.015671,10.015671) seconds
2026/03/15-15:08:46  ... thread 63: (614000,614000) ops and (61334.7,61334.7) ops/second in (10.010644,10.010644) seconds
2026/03/15-15:08:46  ... thread 9: (599000,599000) ops and (59789.9,59789.9) ops/second in (10.018414,10.018414) seconds
2026/03/15-15:08:46  ... thread 10: (935000,935000) ops and (93469.7,93469.7) ops/second in (10.003237,10.003237) seconds
2026/03/15-15:08:46  ... thread 53: (627000,627000) ops and (62600.8,62600.8) ops/second in (10.015853,10.015853) seconds
2026/03/15-15:08:46  ... thread 54: (944000,944000) ops and (94286.8,94286.8) ops/second in (10.012004,10.012004) seconds
2026/03/15-15:08:46  ... thread 33: (619000,619000) ops and (61794.7,61794.7) ops/second in (10.017038,10.017038) seconds
2026/03/15-15:08:46  ... thread 52: (622000,622000) ops and (62148.4,62148.4) ops/second in (10.008306,10.008306) seconds
2026/03/15-15:08:46  ... thread 42: (631000,631000) ops and (63021.3,63021.3) ops/second in (10.012486,10.012486) seconds
2026/03/15-15:08:46  ... thread 50: (621000,621000) ops and (62042.9,62042.9) ops/second in (10.009197,10.009197) seconds
2026/03/15-15:08:46  ... thread 59: (615000,615000) ops and (61413.1,61413.1) ops/second in (10.014143,10.014143) seconds
2026/03/15-15:08:46  ... thread 57: (938000,938000) ops and (93741.2,93741.2) ops/second in (10.006272,10.006272) seconds
2026/03/15-15:08:46  ... thread 48: (624000,624000) ops and (62314.3,62314.3) ops/second in (10.013755,10.013755) seconds
2026/03/15-15:08:46  ... thread 62: (940000,940000) ops and (93967.0,93967.0) ops/second in (10.003513,10.003513) seconds
2026/03/15-15:08:46  ... thread 49: (936000,936000) ops and (93515.3,93515.3) ops/second in (10.009055,10.009055) seconds
2026/03/15-15:08:46  ... thread 1: (947000,947000) ops and (94605.1,94605.1) ops/second in (10.010036,10.010036) seconds
2026/03/15-15:08:46  ... thread 69: (929000,929000) ops and (92843.6,92843.6) ops/second in (10.006078,10.006078) seconds
2026/03/15-15:08:46  ... thread 67: (618000,618000) ops and (61762.3,61762.3) ops/second in (10.006111,10.006111) seconds
2026/03/15-15:08:46  ... thread 73: (626000,626000) ops and (62560.4,62560.4) ops/second in (10.006327,10.006327) seconds
2026/03/15-15:08:46  ... thread 65: (618000,618000) ops and (61799.8,61799.8) ops/second in (10.000032,10.000032) seconds
2026/03/15-15:08:46  ... thread 34: (757000,757000) ops and (75663.3,75663.3) ops/second in (10.004846,10.004846) seconds
2026/03/15-15:08:46  ... thread 71: (613000,613000) ops and (61244.7,61244.7) ops/second in (10.009030,10.009030) seconds
2026/03/15-15:08:46  ... thread 78: (942000,942000) ops and (94111.1,94111.1) ops/second in (10.009445,10.009445) seconds
2026/03/15-15:08:46  ... thread 72: (612000,612000) ops and (61194.8,61194.8) ops/second in (10.000854,10.000854) seconds
2026/03/15-15:08:46  ... thread 75: (619000,619000) ops and (61879.6,61879.6) ops/second in (10.003301,10.003301) seconds
2026/03/15-15:08:46  ... thread 86: (937000,937000) ops and (93676.4,93676.4) ops/second in (10.002521,10.002521) seconds
2026/03/15-15:08:46  ... thread 79: (621000,621000) ops and (62083.4,62083.4) ops/second in (10.002673,10.002673) seconds
2026/03/15-15:08:46  ... thread 82: (724000,724000) ops and (72381.2,72381.2) ops/second in (10.002598,10.002598) seconds
2026/03/15-15:08:46  ... thread 83: (621000,621000) ops and (62074.0,62074.0) ops/second in (10.004193,10.004193) seconds
2026/03/15-15:08:46  ... thread 102: (609000,609000) ops and (60887.8,60887.8) ops/second in (10.002001,10.002001) seconds
2026/03/15-15:08:46  ... thread 76: (619000,619000) ops and (61811.5,61811.5) ops/second in (10.014311,10.014311) seconds
2026/03/15-15:08:46  ... thread 80: (610000,610000) ops and (60983.2,60983.2) ops/second in (10.002750,10.002750) seconds
2026/03/15-15:08:46  ... thread 88: (812000,812000) ops and (81152.1,81152.1) ops/second in (10.005906,10.005906) seconds
2026/03/15-15:08:46  ... thread 95: (918000,918000) ops and (91743.6,91743.6) ops/second in (10.006145,10.006145) seconds
2026/03/15-15:08:46  ... thread 97: (615000,615000) ops and (61457.6,61457.6) ops/second in (10.006891,10.006891) seconds
2026/03/15-15:08:46  ... thread 77: (617000,617000) ops and (61621.9,61621.9) ops/second in (10.012678,10.012678) seconds
2026/03/15-15:08:46  ... thread 99: (625000,625000) ops and (62467.7,62467.7) ops/second in (10.005169,10.005169) seconds
2026/03/15-15:08:46  ... thread 89: (803000,803000) ops and (80236.6,80236.6) ops/second in (10.007907,10.007907) seconds
2026/03/15-15:08:46  ... thread 74: (620000,620000) ops and (61945.5,61945.5) ops/second in (10.008797,10.008797) seconds
2026/03/15-15:08:46  ... thread 84: (931000,931000) ops and (93029.6,93029.6) ops/second in (10.007570,10.007570) seconds
2026/03/15-15:08:46  ... thread 101: (938000,938000) ops and (93765.1,93765.1) ops/second in (10.003717,10.003717) seconds
2026/03/15-15:08:46  ... thread 103: (622000,622000) ops and (62149.3,62149.3) ops/second in (10.008160,10.008160) seconds
2026/03/15-15:08:46  ... thread 100: (622000,622000) ops and (62131.6,62131.6) ops/second in (10.011014,10.011014) seconds
2026/03/15-15:08:46  ... thread 92: (615000,615000) ops and (61445.1,61445.1) ops/second in (10.008934,10.008934) seconds
2026/03/15-15:08:46  ... thread 85: (616000,616000) ops and (61527.0,61527.0) ops/second in (10.011857,10.011857) seconds
2026/03/15-15:08:46  ... thread 81: (626000,626000) ops and (62512.2,62512.2) ops/second in (10.014042,10.014042) seconds
2026/03/15-15:08:46  ... thread 105: (776000,776000) ops and (77574.9,77574.9) ops/second in (10.003230,10.003230) seconds
2026/03/15-15:08:46  ... thread 91: (671000,671000) ops and (67007.9,67007.9) ops/second in (10.013744,10.013744) seconds
2026/03/15-15:08:46  ... thread 87: (777000,777000) ops and (77589.1,77589.1) ops/second in (10.014291,10.014291) seconds
2026/03/15-15:08:46  ... thread 104: (619000,619000) ops and (61831.6,61831.6) ops/second in (10.011070,10.011070) seconds
2026/03/15-15:08:46  ... thread 109: (619000,619000) ops and (61847.1,61847.1) ops/second in (10.008553,10.008553) seconds
2026/03/15-15:08:46  ... thread 118: (940000,940000) ops and (93976.0,93976.0) ops/second in (10.002557,10.002557) seconds
2026/03/15-15:08:46  ... thread 113: (616000,616000) ops and (61525.9,61525.9) ops/second in (10.012047,10.012047) seconds
2026/03/15-15:08:46  ... thread 107: (623000,623000) ops and (62225.2,62225.2) ops/second in (10.012018,10.012018) seconds
2026/03/15-15:08:46  ... thread 111: (941000,941000) ops and (94008.0,94008.0) ops/second in (10.009782,10.009782) seconds
2026/03/15-15:08:46  ... thread 114: (617000,617000) ops and (61606.7,61606.7) ops/second in (10.015142,10.015142) seconds
2026/03/15-15:08:46  ... thread 119: (945000,945000) ops and (94450.9,94450.9) ops/second in (10.005194,10.005194) seconds
2026/03/15-15:08:46  ... thread 116: (619000,619000) ops and (61884.2,61884.2) ops/second in (10.002561,10.002561) seconds
2026/03/15-15:08:46  ... thread 112: (607000,607000) ops and (60621.7,60621.7) ops/second in (10.012913,10.012913) seconds
2026/03/15-15:08:46  ... thread 115: (780000,780000) ops and (77889.7,77889.7) ops/second in (10.014166,10.014166) seconds
2026/03/15-15:08:46  ... thread 7: (622000,622000) ops and (62175.8,62175.8) ops/second in (10.003886,10.003886) seconds
2026/03/15-15:08:46  ... thread 16: (618000,618000) ops and (61793.7,61793.7) ops/second in (10.001019,10.001019) seconds
2026/03/15-15:08:46  ... thread 117: (936000,936000) ops and (93527.9,93527.9) ops/second in (10.007707,10.007707) seconds
2026/03/15-15:08:46  ... thread 121: (707000,707000) ops and (70605.5,70605.5) ops/second in (10.013385,10.013385) seconds
2026/03/15-15:08:46  ... thread 94: (627000,627000) ops and (62698.9,62698.9) ops/second in (10.000172,10.000172) seconds
2026/03/15-15:08:46  ... thread 126: (619000,619000) ops and (61891.2,61891.2) ops/second in (10.001420,10.001420) seconds
2026/03/15-15:08:46  ... thread 98: (624000,624000) ops and (62384.8,62384.8) ops/second in (10.002440,10.002440) seconds
2026/03/15-15:08:46  ... thread 93: (937000,937000) ops and (93667.5,93667.5) ops/second in (10.003469,10.003469) seconds
2026/03/15-15:08:46  ... thread 124: (556000,556000) ops and (55546.1,55546.1) ops/second in (10.009695,10.009695) seconds
2026/03/15-15:08:46  ... thread 96: (612000,612000) ops and (61168.3,61168.3) ops/second in (10.005183,10.005183) seconds
2026/03/15-15:08:46  ... thread 4: (623000,623000) ops and (62254.6,62254.6) ops/second in (10.007292,10.007292) seconds
2026/03/15-15:08:46  ... thread 123: (617000,617000) ops and (61651.3,61651.3) ops/second in (10.007898,10.007898) seconds
2026/03/15-15:08:46  ... thread 106: (930000,930000) ops and (92982.7,92982.7) ops/second in (10.001863,10.001863) seconds
2026/03/15-15:08:46  ... thread 90: (630000,630000) ops and (62937.5,62937.5) ops/second in (10.009930,10.009930) seconds
2026/03/15-15:08:46  ... thread 2: (622000,622000) ops and (62152.1,62152.1) ops/second in (10.007705,10.007705) seconds
2026/03/15-15:08:46  ... thread 110: (611000,611000) ops and (61033.2,61033.2) ops/second in (10.010944,10.010944) seconds
2026/03/15-15:08:46  ... thread 122: (622000,622000) ops and (62149.6,62149.6) ops/second in (10.008112,10.008112) seconds
2026/03/15-15:08:46  ... thread 5: (608000,608000) ops and (60798.1,60798.1) ops/second in (10.000305,10.000305) seconds
2026/03/15-15:08:46  ... thread 120: (621000,621000) ops and (62022.1,62022.1) ops/second in (10.012560,10.012560) seconds
2026/03/15-15:08:46  ... thread 125: (623000,623000) ops and (62205.2,62205.2) ops/second in (10.015240,10.015240) seconds
2026/03/15-15:08:46  ... thread 108: (627000,627000) ops and (62623.3,62623.3) ops/second in (10.012252,10.012252) seconds
2026/03/15-15:08:46  ... thread 6: (803000,803000) ops and (80166.3,80166.3) ops/second in (10.016676,10.016676) seconds
2026/03/15-15:08:46  ... thread 127: (620000,620000) ops and (61921.3,61921.3) ops/second in (10.012713,10.012713) seconds
2026/03/15-15:08:56  ... thread 8: (627000,1231000) ops and (62698.9,61548.8) ops/second in (10.000183,20.000403) seconds
2026/03/15-15:08:56  ... thread 15: (935000,1681000) ops and (93475.7,84033.1) ops/second in (10.002596,20.004029) seconds
2026/03/15-15:08:56  ... thread 0: (958000,1898000) ops and (95776.0,94882.2) ops/second in (10.002507,20.003756) seconds
2026/03/15-15:08:56  ... thread 13: (638000,1359000) ops and (63781.3,67929.5) ops/second in (10.002938,20.006025) seconds

** Compaction Stats [default] **
Level    Files   Size     Score Read(GB)  Rn(GB) Rnp1(GB) Write(GB) WPreComp(GB) Wnew(GB) Moved(GB) W-Amp Rd(MB/s) Wr(MB/s) Comp(sec) CompMergeCPU(sec) Comp(cnt) Avg(sec) KeyIn KeyDrop Rblob(GB) Wblob(GB)
-------------------------------------------------------------------------------------------------------------------------------------------------------------------------------------------------------------
  L7     81/0     10.10 GB   0.0      0.0     0.0      0.0       0.0       0.0      0.0       0.0   0.0      0.0      0.0      0.00              0.00         0    0.000       0      0       0.0       0.0
 Sum     81/0     10.10 GB   0.0      0.0     0.0      0.0       0.0       0.0      0.0       0.0   0.0      0.0      0.0      0.00              0.00         0    0.000       0      0       0.0       0.0
 Int      0/0      0.00 KB   0.0      0.0     0.0      0.0       0.0       0.0      0.0       0.0   0.0      0.0      0.0      0.00              0.00         0    0.000       0      0       0.0       0.0

** Compaction Stats [default] **
Priority    Files   Size     Score Read(GB)  Rn(GB) Rnp1(GB) Write(GB) WPreComp(GB) Wnew(GB) Moved(GB) W-Amp Rd(MB/s) Wr(MB/s) Comp(sec) CompMergeCPU(sec) Comp(cnt) Avg(sec) KeyIn KeyDrop Rblob(GB) Wblob(GB)
----------------------------------------------------------------------------------------------------------------------------------------------------------------------------------------------------------------

Blob file count: 0, total size: 0.0 GB, garbage size: 0.0 GB, space amp: 0.0

Uptime(secs): 20.1 total, 20.0 interval
Flush(GB): cumulative 0.000, interval 0.000
AddFile(GB): cumulative 0.000, interval 0.000
AddFile(Total Files): cumulative 0, interval 0
AddFile(L0 Files): cumulative 0, interval 0
AddFile(Keys): cumulative 0, interval 0
Cumulative compaction: 0.00 GB write, 0.00 MB/s write, 0.00 GB read, 0.00 MB/s read, 0.0 seconds
Interval compaction: 0.00 GB write, 0.00 MB/s write, 0.00 GB read, 0.00 MB/s read, 0.0 seconds
Estimated pending compaction bytes: 0
Write Stall (count): cf-l0-file-count-limit-delays-with-ongoing-compaction: 0, cf-l0-file-count-limit-stops-with-ongoing-compaction: 0, l0-file-count-limit-delays: 0, l0-file-count-limit-stops: 0, memtable-limit-delays: 0, memtable-limit-stops: 0, pending-compaction-bytes-delays: 0, pending-compaction-bytes-stops: 0, total-delays: 0, total-stops: 0
Block cache LRUCache@0x557a4f67f730#1194204 capacity: 29.80 GB seed: 1773583716 usage: 0.09 KB table_size: 1024 occupancy: 1 collections: 1 last_copies: 0 last_secs: 0.000161 secs_since: 20
Block cache entry stats(count,size,portion): Misc(1,0.00 KB,0%)

** File Read Latency Histogram By Level [default] **

** DB Stats **
Uptime(secs): 20.1 total, 10.0 interval
Cumulative writes: 0 writes, 0 keys, 0 commit groups, 0.0 writes per commit group, ingest: 0.00 GB, 0.00 MB/s
Cumulative WAL: 0 writes, 0 syncs, 0.00 writes per sync, written: 0.00 GB, 0.00 MB/s
Cumulative stall: 00:00:0.000 H:M:S, 0.0 percent
Interval writes: 0 writes, 0 keys, 0 commit groups, 0.0 writes per commit group, ingest: 0.00 MB, 0.00 MB/s
Interval WAL: 0 writes, 0 syncs, 0.00 writes per sync, written: 0.00 GB, 0.00 MB/s
Interval stall: 00:00:0.000 H:M:S, 0.0 percent
Write Stall (count): write-buffer-manager-limit-stops: 0
2026/03/15-15:08:56  ... thread 32: (644000,1282000) ops and (64393.9,64085.3) ops/second in (10.000944,20.004597) seconds
num-running-compactions: 0
num-running-flushes: 0

2026/03/15-15:08:56  ... thread 56: (650000,1391000) ops and (64966.4,69531.7) ops/second in (10.005174,20.005274) seconds
2026/03/15-15:08:56  ... thread 28: (641000,1257000) ops and (64098.2,62825.4) ops/second in (10.000283,20.007845) seconds
2026/03/15-15:08:56  ... thread 25: (962000,1889000) ops and (96149.0,94411.6) ops/second in (10.005303,20.008141) seconds
2026/03/15-15:08:56  ... thread 31: (641000,1257000) ops and (64073.1,62824.1) ops/second in (10.004198,20.008238) seconds
2026/03/15-15:08:56  ... thread 47: (645000,1254000) ops and (64466.1,62674.4) ops/second in (10.005257,20.008171) seconds
2026/03/15-15:08:56  ... thread 17: (622000,1215000) ops and (62144.8,60716.5) ops/second in (10.008888,20.011025) seconds
2026/03/15-15:08:56  ... thread 20: (634000,1238000) ops and (63328.3,61864.7) ops/second in (10.011319,20.011396) seconds
2026/03/15-15:08:56  ... thread 3: (931000,1839000) ops and (93082.8,91895.9) ops/second in (10.001850,20.011782) seconds
2026/03/15-15:08:56  ... thread 12: (918000,1515000) ops and (91718.9,75700.4) ops/second in (10.008843,20.013112) seconds
2026/03/15-15:08:56  ... thread 27: (960000,1879000) ops and (95975.8,93889.7) ops/second in (10.002519,20.012850) seconds
2026/03/15-15:08:56  ... thread 21: (637000,1242000) ops and (63650.9,62058.7) ops/second in (10.007712,20.013302) seconds
2026/03/15-15:08:56  ... thread 43: (650000,1275000) ops and (64948.2,63714.4) ops/second in (10.007971,20.011177) seconds
2026/03/15-15:08:56  ... thread 55: (652000,1272000) ops and (65156.7,63558.6) ops/second in (10.006640,20.013030) seconds
2026/03/15-15:08:56  ... thread 58: (961000,1741000) ops and (96051.9,86990.1) ops/second in (10.005012,20.013781) seconds
2026/03/15-15:08:56  ... thread 40: (651000,1270000) ops and (65066.6,63454.5) ops/second in (10.005133,20.014342) seconds
2026/03/15-15:08:56  ... thread 14: (627000,1211000) ops and (62611.2,60494.8) ops/second in (10.014185,20.018242) seconds
2026/03/15-15:08:56  ... thread 11: (558000,1147000) ops and (55715.9,57297.9) ops/second in (10.015095,20.018188) seconds
2026/03/15-15:08:56  ... thread 26: (650000,1269000) ops and (64903.1,63398.1) ops/second in (10.014925,20.016367) seconds
2026/03/15-15:08:56  ... thread 45: (964000,1787000) ops and (96341.5,89317.2) ops/second in (10.006077,20.007344) seconds
2026/03/15-15:08:56  ... thread 19: (562000,1105000) ops and (56192.1,55199.1) ops/second in (10.001406,20.018452) seconds
2026/03/15-15:08:56  ... thread 70: (584000,1141000) ops and (58348.8,57005.7) ops/second in (10.008771,20.015553) seconds
2026/03/15-15:08:56  ... thread 46: (644000,1257000) ops and (64363.3,62810.8) ops/second in (10.005697,20.012478) seconds
2026/03/15-15:08:56  ... thread 68: (648000,1270000) ops and (64701.8,63442.9) ops/second in (10.015179,20.017992) seconds
2026/03/15-15:08:56  ... thread 44: (958000,1897000) ops and (95746.3,94771.4) ops/second in (10.005604,20.016584) seconds
2026/03/15-15:08:56  ... thread 51: (961000,1796000) ops and (96022.7,89742.7) ops/second in (10.008050,20.012779) seconds
2026/03/15-15:08:56  ... thread 52: (640000,1262000) ops and (63990.7,63069.2) ops/second in (10.001448,20.009754) seconds
2026/03/15-15:08:56  ... thread 35: (891000,1511000) ops and (89041.7,75476.7) ops/second in (10.006545,20.019434) seconds
2026/03/15-15:08:56  ... thread 29: (649000,1274000) ops and (64861.3,63638.2) ops/second in (10.005972,20.019422) seconds
2026/03/15-15:08:56  ... thread 39: (649000,1267000) ops and (64816.5,63288.4) ops/second in (10.012879,20.019461) seconds
2026/03/15-15:08:56  ... thread 66: (580000,1135000) ops and (57928.8,56708.5) ops/second in (10.012287,20.014639) seconds
2026/03/15-15:08:56  ... thread 61: (650000,1266000) ops and (64962.2,63265.2) ops/second in (10.005826,20.011015) seconds
2026/03/15-15:08:56  ... thread 37: (654000,1279000) ops and (65323.7,63901.6) ops/second in (10.011678,20.015137) seconds
2026/03/15-15:08:56  ... thread 24: (645000,1260000) ops and (64423.1,62931.4) ops/second in (10.011935,20.021807) seconds
2026/03/15-15:08:56  ... thread 18: (626000,1246000) ops and (62510.3,62229.8) ops/second in (10.014353,20.022568) seconds
2026/03/15-15:08:56  ... thread 30: (651000,1266000) ops and (65046.6,63232.4) ops/second in (10.008205,20.021377) seconds
2026/03/15-15:08:56  ... thread 59: (638000,1253000) ops and (63783.0,62597.4) ops/second in (10.002660,20.016803) seconds
2026/03/15-15:08:56  ... thread 36: (651000,1272000) ops and (65035.3,63558.0) ops/second in (10.009949,20.013210) seconds
2026/03/15-15:08:56  ... thread 60: (652000,1270000) ops and (65117.6,63443.6) ops/second in (10.012650,20.017778) seconds
2026/03/15-15:08:56  ... thread 10: (718000,1653000) ops and (71749.7,82607.7) ops/second in (10.007014,20.010251) seconds
2026/03/15-15:08:56  ... thread 42: (650000,1281000) ops and (64960.5,63990.6) ops/second in (10.006080,20.018566) seconds
2026/03/15-15:08:56  ... thread 64: (957000,1783000) ops and (95605.8,89102.1) ops/second in (10.009854,20.010741) seconds
2026/03/15-15:08:56  ... thread 38: (646000,1291000) ops and (64521.3,64472.1) ops/second in (10.012190,20.024155) seconds
2026/03/15-15:08:56  ... thread 9: (629000,1228000) ops and (62848.4,61318.3) ops/second in (10.008218,20.026632) seconds
2026/03/15-15:08:56  ... thread 54: (965000,1909000) ops and (96427.6,95356.9) ops/second in (10.007513,20.019517) seconds
2026/03/15-15:08:56  ... thread 63: (649000,1263000) ops and (64839.8,63087.2) ops/second in (10.009277,20.019921) seconds
2026/03/15-15:08:56  ... thread 41: (651000,1271000) ops and (65010.0,63464.8) ops/second in (10.013838,20.026865) seconds
2026/03/15-15:08:56  ... thread 57: (952000,1890000) ops and (95125.3,94433.3) ops/second in (10.007855,20.014127) seconds
2026/03/15-15:08:56  ... thread 22: (619000,1219000) ops and (61804.0,60860.3) ops/second in (10.015529,20.029480) seconds
2026/03/15-15:08:56  ... thread 62: (963000,1903000) ops and (96270.9,95118.9) ops/second in (10.003024,20.006537) seconds
2026/03/15-15:08:56  ... thread 48: (643000,1267000) ops and (64264.9,63289.2) ops/second in (10.005469,20.019224) seconds
2026/03/15-15:08:56  ... thread 50: (646000,1267000) ops and (64528.2,63285.7) ops/second in (10.011129,20.020326) seconds
2026/03/15-15:08:56  ... thread 23: (652000,1265000) ops and (65106.6,63155.2) ops/second in (10.014353,20.030024) seconds
2026/03/15-15:08:56  ... thread 33: (652000,1271000) ops and (65116.5,63455.3) ops/second in (10.012824,20.029862) seconds
2026/03/15-15:08:56  ... thread 1: (960000,1907000) ops and (95994.2,95299.3) ops/second in (10.000599,20.010635) seconds
2026/03/15-15:08:56  ... thread 53: (649000,1276000) ops and (64802.4,63701.6) ops/second in (10.015056,20.030909) seconds
2026/03/15-15:08:56  ... thread 69: (961000,1890000) ops and (96087.0,94464.9) ops/second in (10.001353,20.007431) seconds
2026/03/15-15:08:56  ... thread 73: (648000,1274000) ops and (64791.9,63675.9) ops/second in (10.001257,20.007584) seconds
2026/03/15-15:08:56  ... thread 71: (650000,1263000) ops and (64997.6,63120.3) ops/second in (10.000372,20.009402) seconds
2026/03/15-15:08:56  ... thread 34: (647000,1404000) ops and (64691.2,70178.2) ops/second in (10.001358,20.006204) seconds
2026/03/15-15:08:56  ... thread 49: (713000,1649000) ops and (71204.9,82357.7) ops/second in (10.013358,20.022413) seconds
2026/03/15-15:08:56  ... thread 65: (644000,1262000) ops and (64355.5,63078.1) ops/second in (10.006908,20.006940) seconds
2026/03/15-15:08:56  ... thread 67: (645000,1263000) ops and (64416.1,63089.7) ops/second in (10.013018,20.019129) seconds
2026/03/15-15:08:56  ... thread 88: (963000,1775000) ops and (96293.8,88720.9) ops/second in (10.000649,20.006555) seconds
2026/03/15-15:08:56  ... thread 102: (894000,1503000) ops and (89378.7,75133.5) ops/second in (10.002383,20.004384) seconds
2026/03/15-15:08:56  ... thread 72: (640000,1252000) ops and (63957.7,62576.6) ops/second in (10.006616,20.007470) seconds
2026/03/15-15:08:56  ... thread 78: (963000,1905000) ops and (96230.1,95170.5) ops/second in (10.007268,20.016713) seconds
2026/03/15-15:08:56  ... thread 82: (645000,1369000) ops and (64465.4,68422.7) ops/second in (10.005369,20.007967) seconds
2026/03/15-15:08:56  ... thread 97: (647000,1262000) ops and (64689.8,63073.3) ops/second in (10.001579,20.008470) seconds
2026/03/15-15:08:56  ... thread 86: (962000,1899000) ops and (96137.7,94907.3) ops/second in (10.006481,20.009002) seconds
2026/03/15-15:08:56  ... thread 80: (643000,1253000) ops and (64273.0,62628.3) ops/second in (10.004194,20.006944) seconds
2026/03/15-15:08:56  ... thread 89: (947000,1750000) ops and (94673.1,87453.0) ops/second in (10.002837,20.010744) seconds
2026/03/15-15:08:56  ... thread 74: (642000,1262000) ops and (64173.8,63059.4) ops/second in (10.004089,20.012886) seconds
2026/03/15-15:08:56  ... thread 79: (648000,1269000) ops and (64735.5,63409.9) ops/second in (10.009968,20.012641) seconds
2026/03/15-15:08:56  ... thread 84: (959000,1890000) ops and (95864.0,94446.5) ops/second in (10.003756,20.011326) seconds
2026/03/15-15:08:56  ... thread 75: (645000,1264000) ops and (64427.4,63154.0) ops/second in (10.011269,20.014570) seconds
2026/03/15-15:08:56  ... thread 76: (650000,1269000) ops and (64946.2,63378.4) ops/second in (10.008288,20.022599) seconds
2026/03/15-15:08:56  ... thread 83: (647000,1268000) ops and (64640.2,63357.4) ops/second in (10.009250,20.013443) seconds
2026/03/15-15:08:56  ... thread 85: (641000,1257000) ops and (64078.7,62802.3) ops/second in (10.003321,20.015178) seconds
2026/03/15-15:08:56  ... thread 95: (956000,1874000) ops and (95511.7,93628.0) ops/second in (10.009242,20.015387) seconds
2026/03/15-15:08:56  ... thread 101: (954000,1892000) ops and (95344.3,94554.8) ops/second in (10.005844,20.009561) seconds
2026/03/15-15:08:56  ... thread 105: (965000,1741000) ops and (96476.2,87025.2) ops/second in (10.002471,20.005701) seconds
2026/03/15-15:08:56  ... thread 77: (814000,1431000) ops and (81326.5,71472.4) ops/second in (10.009035,20.021713) seconds
2026/03/15-15:08:56  ... thread 103: (649000,1271000) ops and (64862.2,63505.6) ops/second in (10.005835,20.013995) seconds
2026/03/15-15:08:56  ... thread 100: (650000,1272000) ops and (64961.4,63546.1) ops/second in (10.005945,20.016959) seconds
2026/03/15-15:08:56  ... thread 99: (642000,1267000) ops and (64137.9,63303.0) ops/second in (10.009679,20.014848) seconds
2026/03/15-15:08:56  ... thread 87: (652000,1429000) ops and (65157.2,71375.6) ops/second in (10.006564,20.020855) seconds
2026/03/15-15:08:56  ... thread 92: (643000,1258000) ops and (64234.6,62839.9) ops/second in (10.010180,20.019114) seconds
2026/03/15-15:08:56  ... thread 91: (663000,1334000) ops and (66249.0,66628.6) ops/second in (10.007701,20.021445) seconds
2026/03/15-15:08:56  ... thread 81: (651000,1277000) ops and (65044.5,63778.0) ops/second in (10.008528,20.022570) seconds
2026/03/15-15:08:56  ... thread 104: (651000,1270000) ops and (65032.3,63431.9) ops/second in (10.010404,20.021474) seconds
2026/03/15-15:08:56  ... thread 107: (649000,1272000) ops and (64878.4,63551.2) ops/second in (10.003331,20.015349) seconds
2026/03/15-15:08:56  ... thread 118: (963000,1903000) ops and (96206.4,95091.6) ops/second in (10.009726,20.012283) seconds
2026/03/15-15:08:56  ... thread 109: (643000,1262000) ops and (64221.7,63034.6) ops/second in (10.012199,20.020752) seconds
2026/03/15-15:08:56  ... thread 113: (644000,1260000) ops and (64339.5,62932.5) ops/second in (10.009402,20.021449) seconds
2026/03/15-15:08:56  ... thread 119: (655000,1600000) ops and (65494.9,79976.1) ops/second in (10.000780,20.005974) seconds
2026/03/15-15:08:56  ... thread 116: (650000,1269000) ops and (64981.5,63432.9) ops/second in (10.002840,20.005401) seconds
2026/03/15-15:08:56  ... thread 114: (651000,1268000) ops and (65046.5,63326.0) ops/second in (10.008223,20.023365) seconds
2026/03/15-15:08:56  ... thread 111: (851000,1792000) ops and (85007.6,89507.6) ops/second in (10.010873,20.020655) seconds
2026/03/15-15:08:56  ... thread 112: (643000,1250000) ops and (64264.1,62442.2) ops/second in (10.005586,20.018499) seconds
2026/03/15-15:08:56  ... thread 115: (646000,1426000) ops and (64539.3,71216.1) ops/second in (10.009404,20.023570) seconds
2026/03/15-15:08:56  ... thread 16: (648000,1266000) ops and (64769.3,63281.8) ops/second in (10.004745,20.005764) seconds
2026/03/15-15:08:56  ... thread 7: (651000,1273000) ops and (65045.9,63611.2) ops/second in (10.008314,20.012200) seconds
2026/03/15-15:08:56  ... thread 117: (962000,1898000) ops and (96111.0,94819.6) ops/second in (10.009261,20.016968) seconds
2026/03/15-15:08:56  ... thread 121: (641000,1348000) ops and (64047.0,67327.1) ops/second in (10.008280,20.021665) seconds
2026/03/15-15:08:56  ... thread 94: (651000,1278000) ops and (65076.8,63888.1) ops/second in (10.003563,20.003735) seconds
2026/03/15-15:08:56  ... thread 126: (650000,1269000) ops and (64985.2,63438.3) ops/second in (10.002271,20.003691) seconds
2026/03/15-15:08:56  ... thread 96: (647000,1259000) ops and (64692.0,62929.8) ops/second in (10.001232,20.006415) seconds
2026/03/15-15:08:56  ... thread 93: (963000,1900000) ops and (96266.4,94966.9) ops/second in (10.003493,20.006962) seconds
2026/03/15-15:08:56  ... thread 106: (961000,1891000) ops and (96083.8,94533.2) ops/second in (10.001685,20.003548) seconds
2026/03/15-15:08:56  ... thread 98: (651000,1275000) ops and (65046.7,63716.1) ops/second in (10.008187,20.010627) seconds
2026/03/15-15:08:56  ... thread 2: (650000,1272000) ops and (64995.9,63573.5) ops/second in (10.000629,20.008334) seconds
2026/03/15-15:08:56  ... thread 4: (650000,1273000) ops and (64961.3,63607.9) ops/second in (10.005957,20.013249) seconds
2026/03/15-15:08:56  ... thread 120: (641000,1262000) ops and (64078.6,63049.9) ops/second in (10.003340,20.015900) seconds
2026/03/15-15:08:56  ... thread 108: (650000,1277000) ops and (64991.9,63807.0) ops/second in (10.001241,20.013493) seconds
2026/03/15-15:08:56  ... thread 124: (650000,1206000) ops and (64920.9,60234.1) ops/second in (10.012182,20.021877) seconds
2026/03/15-15:08:56  ... thread 110: (651000,1262000) ops and (65055.7,63044.0) ops/second in (10.006811,20.017755) seconds
2026/03/15-15:08:56  ... thread 5: (646000,1254000) ops and (64527.0,62663.6) ops/second in (10.011315,20.011620) seconds
2026/03/15-15:08:56  ... thread 90: (647000,1277000) ops and (64612.8,63775.3) ops/second in (10.013497,20.023427) seconds
2026/03/15-15:08:56  ... thread 123: (643000,1260000) ops and (64192.8,62922.6) ops/second in (10.016705,20.024603) seconds
2026/03/15-15:08:56  ... thread 6: (638000,1441000) ops and (63769.9,71973.0) ops/second in (10.004715,20.021391) seconds
2026/03/15-15:08:56  ... thread 122: (652000,1274000) ops and (65123.3,63636.7) ops/second in (10.011773,20.019885) seconds
2026/03/15-15:08:56  ... thread 125: (653000,1276000) ops and (65202.6,63703.9) ops/second in (10.014942,20.030182) seconds
2026/03/15-15:08:56  ... thread 127: (644000,1264000) ops and (64363.1,63141.8) ops/second in (10.005727,20.018440) seconds
2026/03/15-15:09:06  ... thread 0: (971000,2869000) ops and (97084.1,95616.2) ops/second in (10.001635,30.005391) seconds

** Compaction Stats [default] **
Level    Files   Size     Score Read(GB)  Rn(GB) Rnp1(GB) Write(GB) WPreComp(GB) Wnew(GB) Moved(GB) W-Amp Rd(MB/s) Wr(MB/s) Comp(sec) CompMergeCPU(sec) Comp(cnt) Avg(sec) KeyIn KeyDrop Rblob(GB) Wblob(GB)
-------------------------------------------------------------------------------------------------------------------------------------------------------------------------------------------------------------
  L7     81/0     10.10 GB   0.0      0.0     0.0      0.0       0.0       0.0      0.0       0.0   0.0      0.0      0.0      0.00              0.00         0    0.000       0      0       0.0       0.0
 Sum     81/0     10.10 GB   0.0      0.0     0.0      0.0       0.0       0.0      0.0       0.0   0.0      0.0      0.0      0.00              0.00         0    0.000       0      0       0.0       0.0
 Int      0/0      0.00 KB   0.0      0.0     0.0      0.0       0.0       0.0      0.0       0.0   0.0      0.0      0.0      0.00              0.00         0    0.000       0      0       0.0       0.0

** Compaction Stats [default] **
Priority    Files   Size     Score Read(GB)  Rn(GB) Rnp1(GB) Write(GB) WPreComp(GB) Wnew(GB) Moved(GB) W-Amp Rd(MB/s) Wr(MB/s) Comp(sec) CompMergeCPU(sec) Comp(cnt) Avg(sec) KeyIn KeyDrop Rblob(GB) Wblob(GB)
----------------------------------------------------------------------------------------------------------------------------------------------------------------------------------------------------------------

Blob file count: 0, total size: 0.0 GB, garbage size: 0.0 GB, space amp: 0.0

Uptime(secs): 30.1 total, 30.0 interval
Flush(GB): cumulative 0.000, interval 0.000
AddFile(GB): cumulative 0.000, interval 0.000
AddFile(Total Files): cumulative 0, interval 0
AddFile(L0 Files): cumulative 0, interval 0
AddFile(Keys): cumulative 0, interval 0
Cumulative compaction: 0.00 GB write, 0.00 MB/s write, 0.00 GB read, 0.00 MB/s read, 0.0 seconds
Interval compaction: 0.00 GB write, 0.00 MB/s write, 0.00 GB read, 0.00 MB/s read, 0.0 seconds
Estimated pending compaction bytes: 0
Write Stall (count): cf-l0-file-count-limit-delays-with-ongoing-compaction: 0, cf-l0-file-count-limit-stops-with-ongoing-compaction: 0, l0-file-count-limit-delays: 0, l0-file-count-limit-stops: 0, memtable-limit-delays: 0, memtable-limit-stops: 0, pending-compaction-bytes-delays: 0, pending-compaction-bytes-stops: 0, total-delays: 0, total-stops: 0
Block cache LRUCache@0x557a4f67f730#1194204 capacity: 29.80 GB seed: 1773583716 usage: 0.09 KB table_size: 1024 occupancy: 1 collections: 1 last_copies: 0 last_secs: 0.000161 secs_since: 30
Block cache entry stats(count,size,portion): Misc(1,0.00 KB,0%)

** File Read Latency Histogram By Level [default] **

** DB Stats **
Uptime(secs): 30.1 total, 10.0 interval
Cumulative writes: 0 writes, 0 keys, 0 commit groups, 0.0 writes per commit group, ingest: 0.00 GB, 0.00 MB/s
Cumulative WAL: 0 writes, 0 syncs, 0.00 writes per sync, written: 0.00 GB, 0.00 MB/s
Cumulative stall: 00:00:0.000 H:M:S, 0.0 percent
Interval writes: 0 writes, 0 keys, 0 commit groups, 0.0 writes per commit group, ingest: 0.00 MB, 0.00 MB/s
Interval WAL: 0 writes, 0 syncs, 0.00 writes per sync, written: 0.00 GB, 0.00 MB/s
Interval stall: 00:00:0.000 H:M:S, 0.0 percent
Write Stall (count): write-buffer-manager-limit-stops: 0
num-running-compactions: 0
num-running-flushes: 0

2026/03/15-15:09:06  ... thread 32: (671000,1953000) ops and (67089.9,65086.8) ops/second in (10.001508,30.006105) seconds
2026/03/15-15:09:06  ... thread 13: (663000,2022000) ops and (66279.3,67379.4) ops/second in (10.003130,30.009155) seconds
2026/03/15-15:09:06  ... thread 20: (660000,1898000) ops and (65995.8,63241.3) ops/second in (10.000636,30.012032) seconds
2026/03/15-15:09:06  ... thread 8: (649000,1880000) ops and (64818.7,62639.7) ops/second in (10.012535,30.012938) seconds
2026/03/15-15:09:06  ... thread 56: (677000,2068000) ops and (67668.7,68910.6) ops/second in (10.004631,30.009905) seconds
2026/03/15-15:09:06  ... thread 17: (648000,1863000) ops and (64784.8,62072.3) ops/second in (10.002340,30.013365) seconds
2026/03/15-15:09:06  ... thread 25: (977000,2866000) ops and (97664.5,95495.8) ops/second in (10.003637,30.011778) seconds
2026/03/15-15:09:06  ... thread 15: (943000,2624000) ops and (94203.6,87425.1) ops/second in (10.010231,30.014260) seconds
2026/03/15-15:09:06  ... thread 31: (675000,1932000) ops and (67471.1,64373.1) ops/second in (10.004278,30.012516) seconds
2026/03/15-15:09:06  ... thread 12: (944000,2459000) ops and (94378.0,81924.5) ops/second in (10.002330,30.015442) seconds
2026/03/15-15:09:06  ... thread 21: (945000,2187000) ops and (94446.9,72854.1) ops/second in (10.005617,30.018919) seconds
2026/03/15-15:09:06  ... thread 47: (673000,1927000) ops and (67242.8,64197.6) ops/second in (10.008507,30.016678) seconds
2026/03/15-15:09:06  ... thread 45: (680000,2467000) ops and (67995.9,82211.5) ops/second in (10.000610,30.007954) seconds
2026/03/15-15:09:06  ... thread 3: (943000,2782000) ops and (94219.2,92670.5) ops/second in (10.008573,30.020355) seconds
2026/03/15-15:09:06  ... thread 46: (672000,1929000) ops and (67195.2,64271.7) ops/second in (10.000718,30.013196) seconds
2026/03/15-15:09:06  ... thread 51: (975000,2771000) ops and (97494.9,92325.7) ops/second in (10.000523,30.013302) seconds
2026/03/15-15:09:06  ... thread 43: (681000,1956000) ops and (68049.2,65159.5) ops/second in (10.007469,30.018646) seconds
2026/03/15-15:09:06  ... thread 44: (973000,2870000) ops and (97272.3,95604.8) ops/second in (10.002844,30.019428) seconds
2026/03/15-15:09:06  ... thread 27: (976000,2855000) ops and (97506.6,95095.6) ops/second in (10.009579,30.022429) seconds
2026/03/15-15:09:06  ... thread 28: (673000,1930000) ops and (67212.7,64288.7) ops/second in (10.012990,30.020835) seconds
2026/03/15-15:09:06  ... thread 39: (676000,1943000) ops and (67587.7,64720.8) ops/second in (10.001815,30.021276) seconds
2026/03/15-15:09:06  ... thread 18: (648000,1894000) ops and (64791.4,63083.1) ops/second in (10.001321,30.023889) seconds
2026/03/15-15:09:06  ... thread 52: (669000,1931000) ops and (66876.2,64338.1) ops/second in (10.003558,30.013312) seconds
2026/03/15-15:09:06  ... thread 40: (678000,1948000) ops and (67752.4,64887.1) ops/second in (10.007028,30.021370) seconds
2026/03/15-15:09:06  ... thread 26: (677000,1946000) ops and (67658.7,64818.1) ops/second in (10.006098,30.022465) seconds
2026/03/15-15:09:06  ... thread 58: (972000,2713000) ops and (97122.9,90367.9) ops/second in (10.007937,30.021718) seconds
2026/03/15-15:09:06  ... thread 24: (673000,1933000) ops and (67277.2,64379.3) ops/second in (10.003391,30.025198) seconds
2026/03/15-15:09:06  ... thread 10: (677000,2330000) ops and (67696.8,77638.9) ops/second in (10.000476,30.010727) seconds
2026/03/15-15:09:06  ... thread 66: (600000,1735000) ops and (59974.2,57796.8) ops/second in (10.004300,30.018939) seconds
2026/03/15-15:09:06  ... thread 11: (576000,1723000) ops and (57542.4,57379.4) ops/second in (10.010017,30.028205) seconds
2026/03/15-15:09:06  ... thread 42: (679000,1960000) ops and (67882.2,65287.2) ops/second in (10.002623,30.021189) seconds
2026/03/15-15:09:06  ... thread 19: (585000,1690000) ops and (58438.5,56279.0) ops/second in (10.010519,30.028971) seconds
2026/03/15-15:09:06  ... thread 54: (980000,2889000) ops and (97973.5,96228.7) ops/second in (10.002702,30.022219) seconds
2026/03/15-15:09:06  ... thread 61: (674000,1940000) ops and (67347.6,64626.2) ops/second in (10.007783,30.018798) seconds
2026/03/15-15:09:06  ... thread 37: (677000,1956000) ops and (67644.8,65149.4) ops/second in (10.008156,30.023293) seconds
2026/03/15-15:09:06  ... thread 35: (979000,2490000) ops and (97809.9,82920.8) ops/second in (10.009211,30.028645) seconds
2026/03/15-15:09:06  ... thread 29: (678000,1952000) ops and (67729.3,65002.0) ops/second in (10.010439,30.029861) seconds
2026/03/15-15:09:06  ... thread 38: (676000,1967000) ops and (67561.2,65501.4) ops/second in (10.005737,30.029892) seconds
2026/03/15-15:09:06  ... thread 64: (678000,2461000) ops and (67757.7,81986.9) ops/second in (10.006237,30.016978) seconds
2026/03/15-15:09:06  ... thread 68: (679000,1949000) ops and (67813.8,64900.2) ops/second in (10.012711,30.030703) seconds
2026/03/15-15:09:06  ... thread 14: (649000,1860000) ops and (64807.0,61932.7) ops/second in (10.014348,30.032590) seconds
2026/03/15-15:09:06  ... thread 36: (677000,1949000) ops and (67634.3,64917.1) ops/second in (10.009717,30.022927) seconds
2026/03/15-15:09:06  ... thread 70: (604000,1745000) ops and (60306.8,58106.6) ops/second in (10.015461,30.031014) seconds
2026/03/15-15:09:06  ... thread 30: (678000,1944000) ops and (67725.3,64730.1) ops/second in (10.011031,30.032408) seconds
2026/03/15-15:09:06  ... thread 60: (968000,2238000) ops and (96706.5,74531.8) ops/second in (10.009673,30.027451) seconds
2026/03/15-15:09:06  ... thread 48: (671000,1938000) ops and (67071.4,64549.5) ops/second in (10.004259,30.023483) seconds
2026/03/15-15:09:06  ... thread 57: (966000,2856000) ops and (96541.6,95136.0) ops/second in (10.006053,30.020180) seconds
2026/03/15-15:09:06  ... thread 41: (668000,1939000) ops and (66744.0,64557.5) ops/second in (10.008396,30.035261) seconds
2026/03/15-15:09:06  ... thread 50: (674000,1941000) ops and (67366.4,64645.4) ops/second in (10.004991,30.025317) seconds
2026/03/15-15:09:06  ... thread 53: (964000,2240000) ops and (96368.1,74581.6) ops/second in (10.003315,30.034224) seconds
2026/03/15-15:09:06  ... thread 55: (678000,1950000) ops and (67645.7,64922.4) ops/second in (10.022811,30.035841) seconds
2026/03/15-15:09:06  ... thread 59: (668000,1921000) ops and (66706.2,63967.5) ops/second in (10.014059,30.030862) seconds
2026/03/15-15:09:06  ... thread 1: (972000,2879000) ops and (97159.5,95919.3) ops/second in (10.004165,30.014800) seconds
2026/03/15-15:09:06  ... thread 33: (679000,1950000) ops and (67854.3,64920.8) ops/second in (10.006738,30.036600) seconds
2026/03/15-15:09:06  ... thread 23: (677000,1942000) ops and (67653.7,64653.9) ops/second in (10.006840,30.036864) seconds
2026/03/15-15:09:06  ... thread 22: (644000,1863000) ops and (64339.0,62019.4) ops/second in (10.009485,30.038965) seconds
2026/03/15-15:09:06  ... thread 62: (978000,2881000) ops and (97700.3,95979.8) ops/second in (10.010201,30.016738) seconds
2026/03/15-15:09:06  ... thread 63: (676000,1939000) ops and (67512.1,64562.5) ops/second in (10.013013,30.032934) seconds
2026/03/15-15:09:06  ... thread 9: (649000,1877000) ops and (64802.9,62480.0) ops/second in (10.014977,30.041609) seconds
2026/03/15-15:09:06  ... thread 69: (678000,2568000) ops and (67741.7,85554.2) ops/second in (10.008613,30.016044) seconds
2026/03/15-15:09:06  ... thread 73: (972000,2246000) ops and (97137.7,74831.7) ops/second in (10.006415,30.013999) seconds
2026/03/15-15:09:06  ... thread 71: (679000,1942000) ops and (67865.7,64702.2) ops/second in (10.005049,30.014451) seconds
2026/03/15-15:09:06  ... thread 67: (671000,1934000) ops and (67096.5,64424.5) ops/second in (10.000515,30.019644) seconds
2026/03/15-15:09:06  ... thread 65: (670000,1932000) ops and (66988.9,64381.5) ops/second in (10.001664,30.008604) seconds
2026/03/15-15:09:06  ... thread 86: (974000,2873000) ops and (97395.4,95736.4) ops/second in (10.000468,30.009470) seconds
2026/03/15-15:09:06  ... thread 97: (672000,1934000) ops and (67194.1,64446.6) ops/second in (10.000876,30.009346) seconds
2026/03/15-15:09:06  ... thread 34: (674000,2078000) ops and (67338.4,69231.3) ops/second in (10.009142,30.015346) seconds
2026/03/15-15:09:06  ... thread 80: (677000,1930000) ops and (67687.3,64314.4) ops/second in (10.001873,30.008817) seconds
2026/03/15-15:09:06  ... thread 49: (673000,2322000) ops and (67226.4,77314.0) ops/second in (10.010949,30.033362) seconds
2026/03/15-15:09:06  ... thread 102: (977000,2480000) ops and (97649.2,82640.3) ops/second in (10.005205,30.009589) seconds
2026/03/15-15:09:06  ... thread 89: (977000,2727000) ops and (97664.5,90856.5) ops/second in (10.003631,30.014375) seconds
2026/03/15-15:09:06  ... thread 74: (671000,1933000) ops and (67080.6,64399.5) ops/second in (10.002888,30.015774) seconds
2026/03/15-15:09:06  ... thread 85: (670000,1927000) ops and (66998.6,64200.4) ops/second in (10.000211,30.015389) seconds
2026/03/15-15:09:06  ... thread 88: (977000,2752000) ops and (97607.6,91684.4) ops/second in (10.009468,30.016023) seconds
2026/03/15-15:09:06  ... thread 72: (673000,1925000) ops and (67236.7,64130.6) ops/second in (10.009408,30.016878) seconds
2026/03/15-15:09:06  ... thread 82: (973000,2342000) ops and (97210.3,78021.9) ops/second in (10.009228,30.017195) seconds
2026/03/15-15:09:06  ... thread 78: (976000,2881000) ops and (97499.8,95947.0) ops/second in (10.010272,30.026985) seconds
2026/03/15-15:09:06  ... thread 100: (675000,1947000) ops and (67489.3,64859.9) ops/second in (10.001583,30.018542) seconds
2026/03/15-15:09:06  ... thread 105: (977000,2718000) ops and (97667.4,90572.7) ops/second in (10.003342,30.009043) seconds
2026/03/15-15:09:06  ... thread 76: (677000,1946000) ops and (67652.2,64802.6) ops/second in (10.007070,30.029669) seconds
2026/03/15-15:09:06  ... thread 101: (677000,2569000) ops and (67667.8,85592.5) ops/second in (10.004757,30.014318) seconds
2026/03/15-15:09:06  ... thread 84: (679000,2569000) ops and (67841.9,85576.6) ops/second in (10.008562,30.019888) seconds
2026/03/15-15:09:06  ... thread 87: (676000,2105000) ops and (67597.0,70116.9) ops/second in (10.000448,30.021303) seconds
2026/03/15-15:09:06  ... thread 75: (677000,1941000) ops and (67641.2,64649.9) ops/second in (10.008686,30.023256) seconds
2026/03/15-15:09:06  ... thread 77: (830000,2261000) ops and (82940.8,75294.3) ops/second in (10.007135,30.028848) seconds
2026/03/15-15:09:06  ... thread 83: (672000,1940000) ops and (67134.0,64616.5) ops/second in (10.009830,30.023273) seconds
2026/03/15-15:09:06  ... thread 92: (670000,1928000) ops and (66980.1,64219.4) ops/second in (10.002971,30.022085) seconds
2026/03/15-15:09:06  ... thread 103: (675000,1946000) ops and (67447.6,64819.7) ops/second in (10.007763,30.021758) seconds
2026/03/15-15:09:06  ... thread 95: (973000,2847000) ops and (97205.8,94820.7) ops/second in (10.009694,30.025081) seconds
2026/03/15-15:09:06  ... thread 79: (676000,1945000) ops and (67509.5,64777.1) ops/second in (10.013406,30.026047) seconds
2026/03/15-15:09:06  ... thread 99: (673000,1940000) ops and (67218.5,64608.6) ops/second in (10.012127,30.026975) seconds
2026/03/15-15:09:06  ... thread 81: (679000,1956000) ops and (67849.0,65134.7) ops/second in (10.007521,30.030091) seconds
2026/03/15-15:09:06  ... thread 91: (678000,2012000) ops and (67741.8,66999.6) ops/second in (10.008592,30.030037) seconds
2026/03/15-15:09:06  ... thread 109: (673000,1935000) ops and (67275.7,64447.7) ops/second in (10.003609,30.024361) seconds
2026/03/15-15:09:06  ... thread 107: (674000,1946000) ops and (67340.0,64814.3) ops/second in (10.008910,30.024259) seconds
2026/03/15-15:09:06  ... thread 104: (677000,1947000) ops and (67616.7,64827.0) ops/second in (10.012322,30.033796) seconds
2026/03/15-15:09:06  ... thread 118: (976000,2879000) ops and (97505.3,95896.4) ops/second in (10.009710,30.021993) seconds
2026/03/15-15:09:06  ... thread 116: (673000,1942000) ops and (67284.3,64716.7) ops/second in (10.002327,30.007728) seconds
2026/03/15-15:09:06  ... thread 113: (672000,1932000) ops and (67106.3,64324.1) ops/second in (10.013968,30.035417) seconds
2026/03/15-15:09:06  ... thread 119: (675000,2275000) ops and (67420.7,75788.5) ops/second in (10.011757,30.017731) seconds
2026/03/15-15:09:06  ... thread 112: (672000,1922000) ops and (67178.1,64020.2) ops/second in (10.003260,30.021759) seconds
2026/03/15-15:09:06  ... thread 114: (678000,1946000) ops and (67728.7,64793.5) ops/second in (10.010525,30.033890) seconds
2026/03/15-15:09:06  ... thread 111: (833000,2625000) ops and (83200.9,87405.1) ops/second in (10.011907,30.032562) seconds
2026/03/15-15:09:06  ... thread 115: (673000,2099000) ops and (67290.9,69908.6) ops/second in (10.001347,30.024917) seconds
2026/03/15-15:09:06  ... thread 16: (676000,1942000) ops and (67549.1,64704.7) ops/second in (10.007531,30.013295) seconds
2026/03/15-15:09:06  ... thread 7: (679000,1952000) ops and (67862.8,65028.3) ops/second in (10.005480,30.017680) seconds
2026/03/15-15:09:06  ... thread 117: (975000,2873000) ops and (97452.2,95696.9) ops/second in (10.004910,30.021878) seconds
2026/03/15-15:09:06  ... thread 94: (678000,1956000) ops and (67768.2,65181.7) ops/second in (10.004690,30.008425) seconds
2026/03/15-15:09:06  ... thread 126: (679000,1948000) ops and (67852.4,64910.2) ops/second in (10.007021,30.010712) seconds
2026/03/15-15:09:06  ... thread 121: (669000,2017000) ops and (66812.6,67155.6) ops/second in (10.013074,30.034739) seconds
2026/03/15-15:09:06  ... thread 93: (978000,2878000) ops and (97728.7,95887.8) ops/second in (10.007297,30.014259) seconds
2026/03/15-15:09:06  ... thread 4: (678000,1951000) ops and (67769.1,64994.7) ops/second in (10.004561,30.017810) seconds
2026/03/15-15:09:06  ... thread 124: (677000,1883000) ops and (67697.0,62720.0) ops/second in (10.000438,30.022315) seconds
2026/03/15-15:09:06  ... thread 106: (978000,2869000) ops and (97707.0,95591.7) ops/second in (10.009523,30.013071) seconds
2026/03/15-15:09:06  ... thread 120: (670000,1932000) ops and (66979.2,64359.2) ops/second in (10.003103,30.019003) seconds
2026/03/15-15:09:06  ... thread 96: (676000,1935000) ops and (67499.3,64454.2) ops/second in (10.014924,30.021339) seconds
2026/03/15-15:09:06  ... thread 98: (690000,1965000) ops and (68922.5,65452.3) ops/second in (10.011241,30.021868) seconds
2026/03/15-15:09:06  ... thread 108: (677000,1954000) ops and (67657.3,65090.4) ops/second in (10.006308,30.019801) seconds
2026/03/15-15:09:06  ... thread 2: (677000,1949000) ops and (67619.8,64923.0) ops/second in (10.011865,30.020199) seconds
2026/03/15-15:09:06  ... thread 90: (673000,1950000) ops and (67295.8,64947.9) ops/second in (10.000619,30.024046) seconds
2026/03/15-15:09:06  ... thread 123: (672000,1932000) ops and (67193.6,64345.2) ops/second in (10.000957,30.025560) seconds
2026/03/15-15:09:06  ... thread 122: (674000,1948000) ops and (67381.9,64884.5) ops/second in (10.002682,30.022567) seconds
2026/03/15-15:09:06  ... thread 110: (678000,1940000) ops and (67725.1,64604.6) ops/second in (10.011065,30.028820) seconds
2026/03/15-15:09:06  ... thread 6: (667000,2108000) ops and (66685.6,70211.5) ops/second in (10.002166,30.023557) seconds
2026/03/15-15:09:06  ... thread 5: (676000,1930000) ops and (67544.9,64290.9) ops/second in (10.008164,30.019784) seconds
2026/03/15-15:09:06  ... thread 125: (680000,1956000) ops and (67979.7,65128.0) ops/second in (10.002991,30.033173) seconds
2026/03/15-15:09:06  ... thread 127: (673000,1937000) ops and (67237.2,64506.9) ops/second in (10.009334,30.027774) seconds
2026/03/15-15:09:16  ... thread 32: (700000,2653000) ops and (69972.4,66308.3) ops/second in (10.003943,40.010048) seconds
2026/03/15-15:09:16  ... thread 13: (682000,2704000) ops and (68169.8,67577.1) ops/second in (10.004423,40.013578) seconds
2026/03/15-15:09:16  ... thread 20: (683000,2581000) ops and (68280.7,64501.0) ops/second in (10.002825,40.014857) seconds
2026/03/15-15:09:16  ... thread 56: (697000,2765000) ops and (69687.2,69104.7) ops/second in (10.001837,40.011742) seconds
2026/03/15-15:09:16  ... thread 25: (989000,3855000) ops and (98869.3,96339.1) ops/second in (10.003108,40.014886) seconds
2026/03/15-15:09:16  ... thread 17: (671000,2534000) ops and (67071.4,63322.1) ops/second in (10.004257,40.017622) seconds
2026/03/15-15:09:16  ... thread 12: (955000,3414000) ops and (95474.3,85311.3) ops/second in (10.002694,40.018136) seconds
2026/03/15-15:09:16  ... thread 31: (694000,2626000) ops and (69358.7,65619.7) ops/second in (10.005959,40.018475) seconds
2026/03/15-15:09:16  ... thread 0: (691000,3560000) ops and (69006.7,88958.0) ops/second in (10.013514,40.018905) seconds
2026/03/15-15:09:16  ... thread 15: (694000,3318000) ops and (69351.9,82906.1) ops/second in (10.006936,40.021196) seconds

** Compaction Stats [default] **
Level    Files   Size     Score Read(GB)  Rn(GB) Rnp1(GB) Write(GB) WPreComp(GB) Wnew(GB) Moved(GB) W-Amp Rd(MB/s) Wr(MB/s) Comp(sec) CompMergeCPU(sec) Comp(cnt) Avg(sec) KeyIn KeyDrop Rblob(GB) Wblob(GB)
-------------------------------------------------------------------------------------------------------------------------------------------------------------------------------------------------------------
  L7     81/0     10.10 GB   0.0      0.0     0.0      0.0       0.0       0.0      0.0       0.0   0.0      0.0      0.0      0.00              0.00         0    0.000       0      0       0.0       0.0
 Sum     81/0     10.10 GB   0.0      0.0     0.0      0.0       0.0       0.0      0.0       0.0   0.0      0.0      0.0      0.00              0.00         0    0.000       0      0       0.0       0.0
 Int      0/0      0.00 KB   0.0      0.0     0.0      0.0       0.0       0.0      0.0       0.0   0.0      0.0      0.0      0.00              0.00         0    0.000       0      0       0.0       0.0

** Compaction Stats [default] **
Priority    Files   Size     Score Read(GB)  Rn(GB) Rnp1(GB) Write(GB) WPreComp(GB) Wnew(GB) Moved(GB) W-Amp Rd(MB/s) Wr(MB/s) Comp(sec) CompMergeCPU(sec) Comp(cnt) Avg(sec) KeyIn KeyDrop Rblob(GB) Wblob(GB)
----------------------------------------------------------------------------------------------------------------------------------------------------------------------------------------------------------------

Blob file count: 0, total size: 0.0 GB, garbage size: 0.0 GB, space amp: 0.0

Uptime(secs): 40.1 total, 40.0 interval
Flush(GB): cumulative 0.000, interval 0.000
AddFile(GB): cumulative 0.000, interval 0.000
AddFile(Total Files): cumulative 0, interval 0
AddFile(L0 Files): cumulative 0, interval 0
AddFile(Keys): cumulative 0, interval 0
Cumulative compaction: 0.00 GB write, 0.00 MB/s write, 0.00 GB read, 0.00 MB/s read, 0.0 seconds
Interval compaction: 0.00 GB write, 0.00 MB/s write, 0.00 GB read, 0.00 MB/s read, 0.0 seconds
Estimated pending compaction bytes: 0
Write Stall (count): cf-l0-file-count-limit-delays-with-ongoing-compaction: 0, cf-l0-file-count-limit-stops-with-ongoing-compaction: 0, l0-file-count-limit-delays: 0, l0-file-count-limit-stops: 0, memtable-limit-delays: 0, memtable-limit-stops: 0, pending-compaction-bytes-delays: 0, pending-compaction-bytes-stops: 0, total-delays: 0, total-stops: 0
Block cache LRUCache@0x557a4f67f730#1194204 capacity: 29.80 GB seed: 1773583716 usage: 0.09 KB table_size: 1024 occupancy: 1 collections: 1 last_copies: 0 last_secs: 0.000161 secs_since: 40
Block cache entry stats(count,size,portion): Misc(1,0.00 KB,0%)

** File Read Latency Histogram By Level [default] **

** DB Stats **
Uptime(secs): 40.1 total, 10.0 interval
Cumulative writes: 0 writes, 0 keys, 0 commit groups, 0.0 writes per commit group, ingest: 0.00 GB, 0.00 MB/s
Cumulative WAL: 0 writes, 0 syncs, 0.00 writes per sync, written: 0.00 GB, 0.00 MB/s
Cumulative stall: 00:00:0.000 H:M:S, 0.0 percent
Interval writes: 0 writes, 0 keys, 0 commit groups, 0.0 writes per commit group, ingest: 0.00 MB, 0.00 MB/s
Interval WAL: 0 writes, 0 syncs, 0.00 writes per sync, written: 0.00 GB, 0.00 MB/s
Interval stall: 00:00:0.000 H:M:S, 0.0 percent
Write Stall (count): write-buffer-manager-limit-stops: 0
num-running-compactions: 0
num-running-flushes: 0

2026/03/15-15:09:16  ... thread 45: (692000,3159000) ops and (69177.1,78952.8) ops/second in (10.003316,40.011270) seconds
2026/03/15-15:09:16  ... thread 3: (691000,3473000) ops and (69078.3,86774.0) ops/second in (10.003144,40.023499) seconds
2026/03/15-15:09:16  ... thread 46: (961000,2890000) ops and (96070.5,72220.6) ops/second in (10.003075,40.016271) seconds
2026/03/15-15:09:16  ... thread 21: (892000,3079000) ops and (89156.9,76929.3) ops/second in (10.004831,40.023750) seconds
2026/03/15-15:09:16  ... thread 27: (993000,3848000) ops and (99264.1,96137.4) ops/second in (10.003615,40.026044) seconds
2026/03/15-15:09:16  ... thread 66: (617000,2352000) ops and (61696.8,58771.4) ops/second in (10.000525,40.019464) seconds
2026/03/15-15:09:16  ... thread 8: (673000,2553000) ops and (67206.9,63782.3) ops/second in (10.013854,40.026792) seconds
2026/03/15-15:09:16  ... thread 39: (688000,2631000) ops and (68775.5,65734.2) ops/second in (10.003564,40.024840) seconds
2026/03/15-15:09:16  ... thread 58: (980000,3693000) ops and (97971.7,92268.2) ops/second in (10.002893,40.024611) seconds
2026/03/15-15:09:16  ... thread 51: (982000,3753000) ops and (98126.1,93776.1) ops/second in (10.007535,40.020837) seconds
2026/03/15-15:09:16  ... thread 43: (700000,2656000) ops and (69946.8,66356.4) ops/second in (10.007608,40.026254) seconds
2026/03/15-15:09:16  ... thread 42: (713000,2673000) ops and (71296.7,66788.8) ops/second in (10.000469,40.021658) seconds
2026/03/15-15:09:16  ... thread 47: (960000,2887000) ops and (95898.0,72125.8) ops/second in (10.010634,40.027312) seconds
2026/03/15-15:09:16  ... thread 26: (696000,2642000) ops and (69549.9,66001.0) ops/second in (10.007209,40.029674) seconds
2026/03/15-15:09:16  ... thread 40: (697000,2645000) ops and (69646.5,66077.0) ops/second in (10.007675,40.029045) seconds
2026/03/15-15:09:16  ... thread 52: (687000,2618000) ops and (68644.3,65415.0) ops/second in (10.008110,40.021422) seconds
2026/03/15-15:09:16  ... thread 54: (991000,3880000) ops and (99067.1,96938.1) ops/second in (10.003322,40.025541) seconds
2026/03/15-15:09:16  ... thread 61: (689000,2629000) ops and (68879.4,65689.2) ops/second in (10.002997,40.021795) seconds
2026/03/15-15:09:16  ... thread 29: (694000,2646000) ops and (69389.8,66098.2) ops/second in (10.001471,40.031332) seconds
2026/03/15-15:09:16  ... thread 24: (693000,2626000) ops and (69246.0,65595.9) ops/second in (10.007803,40.033001) seconds
2026/03/15-15:09:16  ... thread 18: (921000,2815000) ops and (92007.7,70315.4) ops/second in (10.010028,40.033917) seconds
2026/03/15-15:09:16  ... thread 35: (709000,3199000) ops and (70876.0,79911.0) ops/second in (10.003390,40.032035) seconds
2026/03/15-15:09:16  ... thread 64: (692000,3153000) ops and (69186.9,78787.8) ops/second in (10.001898,40.018876) seconds
2026/03/15-15:09:16  ... thread 38: (695000,2662000) ops and (69481.5,66495.9) ops/second in (10.002665,40.032557) seconds
2026/03/15-15:09:16  ... thread 68: (695000,2644000) ops and (69480.1,66044.6) ops/second in (10.002864,40.033567) seconds
2026/03/15-15:09:16  ... thread 37: (697000,2653000) ops and (69665.9,66278.3) ops/second in (10.004896,40.028189) seconds
2026/03/15-15:09:16  ... thread 28: (698000,2628000) ops and (69713.3,65645.4) ops/second in (10.012443,40.033278) seconds
2026/03/15-15:09:16  ... thread 44: (721000,3591000) ops and (72000.4,89700.4) ops/second in (10.013827,40.033255) seconds
2026/03/15-15:09:16  ... thread 36: (866000,2815000) ops and (86578.0,70330.2) ops/second in (10.002538,40.025465) seconds
2026/03/15-15:09:16  ... thread 11: (680000,2403000) ops and (67942.2,60019.9) ops/second in (10.008501,40.036706) seconds
2026/03/15-15:09:16  ... thread 14: (944000,2804000) ops and (94352.2,70034.1) ops/second in (10.005061,40.037651) seconds
2026/03/15-15:09:16  ... thread 53: (690000,2930000) ops and (68995.4,73186.2) ops/second in (10.000672,40.034896) seconds
2026/03/15-15:09:16  ... thread 50: (693000,2634000) ops and (69285.7,65805.0) ops/second in (10.002061,40.027378) seconds
2026/03/15-15:09:16  ... thread 57: (974000,3830000) ops and (97365.3,95693.2) ops/second in (10.003568,40.023748) seconds
2026/03/15-15:09:16  ... thread 60: (983000,3221000) ops and (98257.2,80461.0) ops/second in (10.004361,40.031812) seconds
2026/03/15-15:09:16  ... thread 55: (696000,2646000) ops and (69585.6,66087.4) ops/second in (10.002067,40.037908) seconds
2026/03/15-15:09:16  ... thread 10: (694000,3024000) ops and (69301.3,75552.9) ops/second in (10.014235,40.024962) seconds
2026/03/15-15:09:16  ... thread 62: (1013000,3894000) ops and (101296.8,97308.5) ops/second in (10.000313,40.017051) seconds
2026/03/15-15:09:16  ... thread 41: (689000,2628000) ops and (68869.8,65635.0) ops/second in (10.004380,40.039641) seconds
2026/03/15-15:09:16  ... thread 70: (629000,2374000) ops and (62860.8,59294.8) ops/second in (10.006238,40.037252) seconds
2026/03/15-15:09:16  ... thread 48: (982000,2920000) ops and (98123.6,72943.0) ops/second in (10.007782,40.031265) seconds
2026/03/15-15:09:16  ... thread 19: (600000,2290000) ops and (59917.1,57188.8) ops/second in (10.013835,40.042806) seconds
2026/03/15-15:09:16  ... thread 59: (686000,2607000) ops and (68559.4,65115.1) ops/second in (10.005920,40.036782) seconds
2026/03/15-15:09:16  ... thread 30: (700000,2644000) ops and (69931.4,66030.3) ops/second in (10.009804,40.042212) seconds
2026/03/15-15:09:16  ... thread 1: (813000,3692000) ops and (81243.0,92249.7) ops/second in (10.007019,40.021819) seconds
2026/03/15-15:09:16  ... thread 63: (698000,2637000) ops and (69757.1,65860.6) ops/second in (10.006152,40.039086) seconds
2026/03/15-15:09:16  ... thread 22: (661000,2524000) ops and (66039.3,63024.1) ops/second in (10.009184,40.048149) seconds
2026/03/15-15:09:16  ... thread 23: (697000,2639000) ops and (69634.2,65898.7) ops/second in (10.009446,40.046310) seconds
2026/03/15-15:09:16  ... thread 67: (692000,2626000) ops and (69184.2,65614.0) ops/second in (10.002281,40.021925) seconds
2026/03/15-15:09:16  ... thread 33: (699000,2649000) ops and (69824.6,66146.6) ops/second in (10.010801,40.047401) seconds
2026/03/15-15:09:16  ... thread 73: (693000,2939000) ops and (69258.9,73438.4) ops/second in (10.005941,40.019940) seconds
2026/03/15-15:09:16  ... thread 69: (694000,3262000) ops and (69344.7,81501.1) ops/second in (10.007977,40.024021) seconds
2026/03/15-15:09:16  ... thread 102: (979000,3459000) ops and (97891.2,86452.3) ops/second in (10.000897,40.010486) seconds
2026/03/15-15:09:16  ... thread 9: (693000,2570000) ops and (69206.8,64161.7) ops/second in (10.013467,40.055076) seconds
2026/03/15-15:09:16  ... thread 80: (695000,2625000) ops and (69474.0,65604.4) ops/second in (10.003736,40.012553) seconds
2026/03/15-15:09:16  ... thread 86: (983000,3856000) ops and (98238.7,96362.1) ops/second in (10.006244,40.015714) seconds
2026/03/15-15:09:16  ... thread 65: (690000,2622000) ops and (68939.5,65521.5) ops/second in (10.008770,40.017374) seconds
2026/03/15-15:09:16  ... thread 78: (982000,3863000) ops and (98198.6,96509.5) ops/second in (10.000142,40.027127) seconds
2026/03/15-15:09:16  ... thread 34: (860000,2938000) ops and (85925.0,73405.8) ops/second in (10.008723,40.024069) seconds
2026/03/15-15:09:16  ... thread 74: (691000,2624000) ops and (69076.1,65568.5) ops/second in (10.003466,40.019240) seconds
2026/03/15-15:09:16  ... thread 71: (697000,2639000) ops and (69603.2,65928.3) ops/second in (10.013903,40.028354) seconds
2026/03/15-15:09:16  ... thread 49: (693000,3015000) ops and (69249.8,75298.6) ops/second in (10.007242,40.040604) seconds
2026/03/15-15:09:16  ... thread 97: (694000,2628000) ops and (69323.5,65666.5) ops/second in (10.011031,40.020377) seconds
2026/03/15-15:09:16  ... thread 76: (698000,2644000) ops and (69786.7,66047.9) ops/second in (10.001906,40.031575) seconds
2026/03/15-15:09:16  ... thread 77: (831000,3092000) ops and (83099.4,77244.2) ops/second in (10.000073,40.028921) seconds
2026/03/15-15:09:16  ... thread 83: (673000,2613000) ops and (67288.2,65284.1) ops/second in (10.001761,40.025034) seconds
2026/03/15-15:09:16  ... thread 105: (985000,3703000) ops and (98442.1,92540.5) ops/second in (10.005884,40.014927) seconds
2026/03/15-15:09:16  ... thread 101: (694000,3263000) ops and (69367.5,81536.3) ops/second in (10.004678,40.018996) seconds
2026/03/15-15:09:16  ... thread 88: (985000,3737000) ops and (98400.0,93363.9) ops/second in (10.010162,40.026185) seconds
2026/03/15-15:09:16  ... thread 103: (686000,2632000) ops and (68587.7,65761.3) ops/second in (10.001790,40.023548) seconds
2026/03/15-15:09:16  ... thread 82: (991000,3333000) ops and (99003.3,83268.9) ops/second in (10.009771,40.026966) seconds
2026/03/15-15:09:16  ... thread 84: (689000,3258000) ops and (68858.5,81397.3) ops/second in (10.006028,40.025916) seconds
2026/03/15-15:09:16  ... thread 85: (687000,2614000) ops and (68613.7,65304.3) ops/second in (10.012578,40.027967) seconds
2026/03/15-15:09:16  ... thread 89: (817000,3544000) ops and (81590.1,88538.4) ops/second in (10.013465,40.027840) seconds
2026/03/15-15:09:16  ... thread 72: (689000,2614000) ops and (68814.6,65302.2) ops/second in (10.012407,40.029285) seconds
2026/03/15-15:09:16  ... thread 95: (983000,3830000) ops and (98247.6,95677.3) ops/second in (10.005332,40.030413) seconds
2026/03/15-15:09:16  ... thread 92: (825000,2753000) ops and (82447.0,68776.0) ops/second in (10.006424,40.028509) seconds
2026/03/15-15:09:16  ... thread 87: (697000,2802000) ops and (69632.3,69995.7) ops/second in (10.009716,40.031019) seconds
2026/03/15-15:09:16  ... thread 100: (696000,2643000) ops and (69511.0,66023.3) ops/second in (10.012808,40.031350) seconds
2026/03/15-15:09:16  ... thread 81: (696000,2652000) ops and (69578.0,66244.9) ops/second in (10.003166,40.033257) seconds
2026/03/15-15:09:16  ... thread 79: (686000,2631000) ops and (68547.5,65719.6) ops/second in (10.007666,40.033713) seconds
2026/03/15-15:09:16  ... thread 75: (670000,2611000) ops and (66911.0,65215.4) ops/second in (10.013294,40.036550) seconds
2026/03/15-15:09:16  ... thread 99: (686000,2626000) ops and (68562.1,65596.7) ops/second in (10.005527,40.032502) seconds
2026/03/15-15:09:16  ... thread 91: (689000,2701000) ops and (68813.7,67453.2) ops/second in (10.012543,40.042580) seconds
2026/03/15-15:09:16  ... thread 107: (971000,2917000) ops and (97077.2,72876.5) ops/second in (10.002351,40.026610) seconds
2026/03/15-15:09:16  ... thread 104: (696000,2643000) ops and (69588.4,66016.5) ops/second in (10.001667,40.035463) seconds
2026/03/15-15:09:16  ... thread 109: (693000,2628000) ops and (69225.8,65642.4) ops/second in (10.010713,40.035074) seconds
2026/03/15-15:09:16  ... thread 118: (983000,3862000) ops and (98228.3,96479.4) ops/second in (10.007296,40.029289) seconds
2026/03/15-15:09:16  ... thread 116: (692000,2634000) ops and (69105.9,65814.9) ops/second in (10.013624,40.021352) seconds
2026/03/15-15:09:16  ... thread 119: (695000,2970000) ops and (69446.1,74202.7) ops/second in (10.007759,40.025490) seconds
2026/03/15-15:09:16  ... thread 113: (691000,2623000) ops and (69026.0,65499.5) ops/second in (10.010719,40.046136) seconds
2026/03/15-15:09:16  ... thread 112: (695000,2617000) ops and (69416.6,65369.8) ops/second in (10.012020,40.033779) seconds
2026/03/15-15:09:16  ... thread 111: (970000,3595000) ops and (96923.3,89784.1) ops/second in (10.007918,40.040480) seconds
2026/03/15-15:09:16  ... thread 115: (684000,2783000) ops and (68388.5,69528.8) ops/second in (10.001685,40.026602) seconds
2026/03/15-15:09:16  ... thread 114: (696000,2642000) ops and (69507.4,65972.1) ops/second in (10.013327,40.047217) seconds
2026/03/15-15:09:16  ... thread 16: (688000,2630000) ops and (68768.6,65720.7) ops/second in (10.004562,40.017857) seconds
2026/03/15-15:09:16  ... thread 7: (693000,2645000) ops and (69265.0,66087.4) ops/second in (10.005053,40.022733) seconds
2026/03/15-15:09:16  ... thread 117: (909000,3782000) ops and (90869.8,94490.5) ops/second in (10.003328,40.025206) seconds
2026/03/15-15:09:16  ... thread 126: (693000,2641000) ops and (69280.1,66002.6) ops/second in (10.002873,40.013585) seconds
2026/03/15-15:09:16  ... thread 93: (908000,3786000) ops and (90779.4,94610.9) ops/second in (10.002269,40.016528) seconds
2026/03/15-15:09:16  ... thread 121: (688000,2705000) ops and (68761.9,67557.0) ops/second in (10.005543,40.040282) seconds
2026/03/15-15:09:16  ... thread 94: (697000,2653000) ops and (69609.4,66289.5) ops/second in (10.013013,40.021438) seconds
2026/03/15-15:09:16  ... thread 106: (986000,3855000) ops and (98575.7,96337.6) ops/second in (10.002465,40.015536) seconds
2026/03/15-15:09:16  ... thread 124: (691000,2574000) ops and (69063.6,64305.7) ops/second in (10.005272,40.027587) seconds
2026/03/15-15:09:16  ... thread 98: (765000,2730000) ops and (76494.6,68211.5) ops/second in (10.000708,40.022576) seconds
2026/03/15-15:09:16  ... thread 123: (686000,2618000) ops and (68591.1,65406.1) ops/second in (10.001304,40.026864) seconds
2026/03/15-15:09:16  ... thread 96: (685000,2620000) ops and (68458.9,65455.3) ops/second in (10.006007,40.027346) seconds
2026/03/15-15:09:16  ... thread 90: (691000,2641000) ops and (69072.8,65978.8) ops/second in (10.003943,40.027989) seconds
2026/03/15-15:09:16  ... thread 4: (696000,2647000) ops and (69528.5,66128.5) ops/second in (10.010287,40.028097) seconds
2026/03/15-15:09:16  ... thread 2: (696000,2645000) ops and (69565.5,66083.4) ops/second in (10.004956,40.025155) seconds
2026/03/15-15:09:16  ... thread 6: (688000,2796000) ops and (68797.1,69858.1) ops/second in (10.000419,40.023976) seconds
2026/03/15-15:09:16  ... thread 108: (697000,2651000) ops and (69648.9,66230.1) ops/second in (10.007340,40.027141) seconds
2026/03/15-15:09:16  ... thread 120: (691000,2623000) ops and (69016.9,65524.2) ops/second in (10.012034,40.031037) seconds
2026/03/15-15:09:16  ... thread 122: (694000,2642000) ops and (69343.3,65999.3) ops/second in (10.008173,40.030740) seconds
2026/03/15-15:09:16  ... thread 125: (765000,2721000) ops and (76487.0,67965.7) ops/second in (10.001703,40.034876) seconds
2026/03/15-15:09:16  ... thread 110: (697000,2637000) ops and (69657.0,65867.4) ops/second in (10.006177,40.034997) seconds
2026/03/15-15:09:16  ... thread 5: (700000,2630000) ops and (69922.4,65699.3) ops/second in (10.011091,40.030875) seconds
2026/03/15-15:09:16  ... thread 127: (688000,2625000) ops and (68735.8,65564.2) ops/second in (10.009340,40.037114) seconds
2026/03/15-15:09:26  ... thread 56: (957000,3722000) ops and (95669.2,74417.7) ops/second in (10.003220,50.014962) seconds
2026/03/15-15:09:26  ... thread 20: (693000,3274000) ops and (69271.2,65455.1) ops/second in (10.004154,50.019011) seconds
2026/03/15-15:09:26  ... thread 25: (1001000,4856000) ops and (100054.5,97082.3) ops/second in (10.004548,50.019434) seconds
2026/03/15-15:09:26  ... thread 32: (703000,3356000) ops and (70230.5,67093.2) ops/second in (10.009897,50.019945) seconds
2026/03/15-15:09:26  ... thread 13: (688000,3392000) ops and (68738.5,67809.5) ops/second in (10.008948,50.022526) seconds
2026/03/15-15:09:26  ... thread 12: (960000,4374000) ops and (95950.9,87439.3) ops/second in (10.005122,50.023258) seconds
2026/03/15-15:09:26  ... thread 15: (728000,4046000) ops and (72780.1,80881.3) ops/second in (10.002736,50.023932) seconds
2026/03/15-15:09:26  ... thread 0: (695000,4255000) ops and (69471.4,85060.8) ops/second in (10.004122,50.023027) seconds

** Compaction Stats [default] **
Level    Files   Size     Score Read(GB)  Rn(GB) Rnp1(GB) Write(GB) WPreComp(GB) Wnew(GB) Moved(GB) W-Amp Rd(MB/s) Wr(MB/s) Comp(sec) CompMergeCPU(sec) Comp(cnt) Avg(sec) KeyIn KeyDrop Rblob(GB) Wblob(GB)
-------------------------------------------------------------------------------------------------------------------------------------------------------------------------------------------------------------
  L7     81/0     10.10 GB   0.0      0.0     0.0      0.0       0.0       0.0      0.0       0.0   0.0      0.0      0.0      0.00              0.00         0    0.000       0      0       0.0       0.0
 Sum     81/0     10.10 GB   0.0      0.0     0.0      0.0       0.0       0.0      0.0       0.0   0.0      0.0      0.0      0.00              0.00         0    0.000       0      0       0.0       0.0
 Int      0/0      0.00 KB   0.0      0.0     0.0      0.0       0.0       0.0      0.0       0.0   0.0      0.0      0.0      0.00              0.00         0    0.000       0      0       0.0       0.0

** Compaction Stats [default] **
Priority    Files   Size     Score Read(GB)  Rn(GB) Rnp1(GB) Write(GB) WPreComp(GB) Wnew(GB) Moved(GB) W-Amp Rd(MB/s) Wr(MB/s) Comp(sec) CompMergeCPU(sec) Comp(cnt) Avg(sec) KeyIn KeyDrop Rblob(GB) Wblob(GB)
----------------------------------------------------------------------------------------------------------------------------------------------------------------------------------------------------------------

Blob file count: 0, total size: 0.0 GB, garbage size: 0.0 GB, space amp: 0.0

Uptime(secs): 50.1 total, 50.0 interval
Flush(GB): cumulative 0.000, interval 0.000
AddFile(GB): cumulative 0.000, interval 0.000
AddFile(Total Files): cumulative 0, interval 0
AddFile(L0 Files): cumulative 0, interval 0
AddFile(Keys): cumulative 0, interval 0
Cumulative compaction: 0.00 GB write, 0.00 MB/s write, 0.00 GB read, 0.00 MB/s read, 0.0 seconds
Interval compaction: 0.00 GB write, 0.00 MB/s write, 0.00 GB read, 0.00 MB/s read, 0.0 seconds
Estimated pending compaction bytes: 0
Write Stall (count): cf-l0-file-count-limit-delays-with-ongoing-compaction: 0, cf-l0-file-count-limit-stops-with-ongoing-compaction: 0, l0-file-count-limit-delays: 0, l0-file-count-limit-stops: 0, memtable-limit-delays: 0, memtable-limit-stops: 0, pending-compaction-bytes-delays: 0, pending-compaction-bytes-stops: 0, total-delays: 0, total-stops: 0
Block cache LRUCache@0x557a4f67f730#1194204 capacity: 29.80 GB seed: 1773583716 usage: 0.09 KB table_size: 1024 occupancy: 1 collections: 1 last_copies: 0 last_secs: 0.000161 secs_since: 50
Block cache entry stats(count,size,portion): Misc(1,0.00 KB,0%)

** File Read Latency Histogram By Level [default] **

** DB Stats **
Uptime(secs): 50.1 total, 10.0 interval
Cumulative writes: 0 writes, 0 keys, 0 commit groups, 0.0 writes per commit group, ingest: 0.00 GB, 0.00 MB/s
Cumulative WAL: 0 writes, 0 syncs, 0.00 writes per sync, written: 0.00 GB, 0.00 MB/s
Cumulative stall: 00:00:0.000 H:M:S, 0.0 percent
Interval writes: 0 writes, 0 keys, 0 commit groups, 0.0 writes per commit group, ingest: 0.00 MB, 0.00 MB/s
Interval WAL: 0 writes, 0 syncs, 0.00 writes per sync, written: 0.00 GB, 0.00 MB/s
Interval stall: 00:00:0.000 H:M:S, 0.0 percent
Write Stall (count): write-buffer-manager-limit-stops: 0
num-running-compactions: 0
num-running-flushes: 0

2026/03/15-15:09:26  ... thread 46: (980000,3870000) ops and (97967.2,77369.6) ops/second in (10.003352,50.019623) seconds
2026/03/15-15:09:26  ... thread 8: (681000,3234000) ops and (68099.4,64645.3) ops/second in (10.000082,50.026874) seconds
2026/03/15-15:09:26  ... thread 51: (984000,4737000) ops and (98386.3,94697.9) ops/second in (10.001394,50.022231) seconds
2026/03/15-15:09:26  ... thread 17: (681000,3215000) ops and (68010.0,64260.3) ops/second in (10.013233,50.030855) seconds
2026/03/15-15:09:26  ... thread 31: (772000,3398000) ops and (77113.0,67919.6) ops/second in (10.011277,50.029752) seconds
2026/03/15-15:09:26  ... thread 58: (984000,4677000) ops and (98351.0,93484.7) ops/second in (10.004983,50.029594) seconds
2026/03/15-15:09:26  ... thread 39: (800000,3431000) ops and (79947.3,68576.9) ops/second in (10.006593,50.031433) seconds
2026/03/15-15:09:26  ... thread 54: (708000,4588000) ops and (70793.0,91711.3) ops/second in (10.000992,50.026533) seconds
2026/03/15-15:09:26  ... thread 18: (951000,3766000) ops and (95097.0,75268.5) ops/second in (10.000313,50.034230) seconds
2026/03/15-15:09:26  ... thread 21: (684000,3763000) ops and (68328.1,75208.4) ops/second in (10.010527,50.034277) seconds
2026/03/15-15:09:26  ... thread 27: (997000,4845000) ops and (99617.4,96833.5) ops/second in (10.008287,50.034331) seconds
2026/03/15-15:09:26  ... thread 45: (713000,3872000) ops and (71212.4,77403.5) ops/second in (10.012297,50.023567) seconds
2026/03/15-15:09:26  ... thread 66: (625000,2977000) ops and (62448.6,59507.0) ops/second in (10.008226,50.027690) seconds
2026/03/15-15:09:26  ... thread 40: (707000,3352000) ops and (70681.4,66997.6) ops/second in (10.002631,50.031676) seconds
2026/03/15-15:09:26  ... thread 35: (704000,3903000) ops and (70389.3,78007.6) ops/second in (10.001527,50.033562) seconds
2026/03/15-15:09:26  ... thread 52: (695000,3313000) ops and (69474.2,66226.7) ops/second in (10.003719,50.025141) seconds
2026/03/15-15:09:26  ... thread 38: (706000,3368000) ops and (70588.1,67313.9) ops/second in (10.001691,50.034248) seconds
2026/03/15-15:09:26  ... thread 3: (690000,4163000) ops and (68909.8,83199.1) ops/second in (10.013088,50.036587) seconds
2026/03/15-15:09:26  ... thread 61: (699000,3328000) ops and (69876.1,66526.5) ops/second in (10.003416,50.025211) seconds
2026/03/15-15:09:26  ... thread 26: (702000,3344000) ops and (70166.3,66833.9) ops/second in (10.004804,50.034478) seconds
2026/03/15-15:09:26  ... thread 47: (1003000,3890000) ops and (100230.1,77746.7) ops/second in (10.006974,50.034286) seconds
2026/03/15-15:09:26  ... thread 43: (710000,3366000) ops and (70939.0,67273.1) ops/second in (10.008595,50.034849) seconds
2026/03/15-15:09:26  ... thread 24: (702000,3328000) ops and (70154.4,66507.5) ops/second in (10.006503,50.039504) seconds
2026/03/15-15:09:26  ... thread 53: (704000,3634000) ops and (70383.9,72626.0) ops/second in (10.002284,50.037180) seconds
2026/03/15-15:09:26  ... thread 36: (1006000,3821000) ops and (100556.3,76374.5) ops/second in (10.004343,50.029808) seconds
2026/03/15-15:09:26  ... thread 44: (700000,4291000) ops and (69968.3,85755.2) ops/second in (10.004535,50.037790) seconds
2026/03/15-15:09:26  ... thread 11: (960000,3363000) ops and (95956.5,67204.6) ops/second in (10.004538,50.041244) seconds
2026/03/15-15:09:26  ... thread 70: (653000,3027000) ops and (65293.6,60493.8) ops/second in (10.000974,50.038226) seconds
2026/03/15-15:09:26  ... thread 42: (706000,3379000) ops and (70510.2,67533.5) ops/second in (10.012737,50.034395) seconds
2026/03/15-15:09:26  ... thread 68: (705000,3349000) ops and (70440.6,66923.8) ops/second in (10.008433,50.042000) seconds
2026/03/15-15:09:26  ... thread 50: (701000,3335000) ops and (70059.6,66655.8) ops/second in (10.005770,50.033148) seconds
2026/03/15-15:09:26  ... thread 10: (705000,3729000) ops and (70470.0,74536.4) ops/second in (10.004258,50.029220) seconds
2026/03/15-15:09:26  ... thread 57: (988000,4818000) ops and (98736.0,96301.8) ops/second in (10.006479,50.030227) seconds
2026/03/15-15:09:26  ... thread 62: (1007000,4901000) ops and (100645.0,97975.9) ops/second in (10.005468,50.022519) seconds
2026/03/15-15:09:26  ... thread 60: (986000,4207000) ops and (98530.4,84074.6) ops/second in (10.007064,50.038876) seconds
2026/03/15-15:09:26  ... thread 41: (815000,3443000) ops and (81452.2,68797.4) ops/second in (10.005874,50.045515) seconds
2026/03/15-15:09:26  ... thread 29: (703000,3349000) ops and (70207.8,66920.5) ops/second in (10.013137,50.044469) seconds
2026/03/15-15:09:26  ... thread 64: (702000,3855000) ops and (70110.9,77051.3) ops/second in (10.012708,50.031584) seconds
2026/03/15-15:09:26  ... thread 48: (989000,3909000) ops and (98851.0,78123.4) ops/second in (10.004960,50.036225) seconds
2026/03/15-15:09:26  ... thread 28: (707000,3335000) ops and (70613.2,66639.3) ops/second in (10.012299,50.045577) seconds
2026/03/15-15:09:26  ... thread 37: (707000,3360000) ops and (70612.8,67145.6) ops/second in (10.012356,50.040545) seconds
2026/03/15-15:09:26  ... thread 14: (862000,3666000) ops and (86110.9,73249.7) ops/second in (10.010350,50.048001) seconds
2026/03/15-15:09:26  ... thread 1: (702000,4394000) ops and (70179.5,87836.5) ops/second in (10.002922,50.024741) seconds
2026/03/15-15:09:26  ... thread 55: (718000,3364000) ops and (71723.7,67214.7) ops/second in (10.010636,50.048544) seconds
2026/03/15-15:09:26  ... thread 33: (707000,3356000) ops and (70692.0,67054.9) ops/second in (10.001132,50.048533) seconds
2026/03/15-15:09:26  ... thread 59: (698000,3305000) ops and (69748.9,66041.7) ops/second in (10.007333,50.044115) seconds
2026/03/15-15:09:26  ... thread 23: (705000,3344000) ops and (70474.8,66813.3) ops/second in (10.003570,50.049880) seconds
2026/03/15-15:09:26  ... thread 30: (709000,3353000) ops and (70842.7,66992.6) ops/second in (10.008083,50.050295) seconds
2026/03/15-15:09:26  ... thread 19: (608000,2898000) ops and (60721.6,57895.5) ops/second in (10.012916,50.055722) seconds
2026/03/15-15:09:26  ... thread 22: (673000,3197000) ops and (67244.1,63867.9) ops/second in (10.008312,50.056461) seconds
2026/03/15-15:09:26  ... thread 86: (986000,4842000) ops and (98599.6,96809.5) ops/second in (10.000040,50.015754) seconds
2026/03/15-15:09:26  ... thread 67: (701000,3327000) ops and (70039.7,66499.4) ops/second in (10.008605,50.030530) seconds
2026/03/15-15:09:26  ... thread 102: (982000,4441000) ops and (98159.9,88794.1) ops/second in (10.004083,50.014569) seconds
2026/03/15-15:09:26  ... thread 63: (700000,3337000) ops and (69911.1,66670.9) ops/second in (10.012710,50.051796) seconds
2026/03/15-15:09:26  ... thread 78: (987000,4850000) ops and (98684.1,96944.3) ops/second in (10.001607,50.028734) seconds
2026/03/15-15:09:26  ... thread 73: (669000,3608000) ops and (66837.3,72117.7) ops/second in (10.009382,50.029322) seconds
2026/03/15-15:09:26  ... thread 80: (705000,3330000) ops and (70462.8,66576.2) ops/second in (10.005286,50.017839) seconds
2026/03/15-15:09:26  ... thread 74: (978000,3602000) ops and (97780.9,72009.5) ops/second in (10.001950,50.021190) seconds
2026/03/15-15:09:26  ... thread 34: (723000,3661000) ops and (72272.6,73179.2) ops/second in (10.003791,50.027860) seconds
2026/03/15-15:09:26  ... thread 69: (704000,3966000) ops and (70304.3,79260.3) ops/second in (10.013617,50.037638) seconds
2026/03/15-15:09:26  ... thread 71: (708000,3347000) ops and (70762.4,66894.9) ops/second in (10.005320,50.033674) seconds
2026/03/15-15:09:26  ... thread 65: (700000,3322000) ops and (69939.7,66405.5) ops/second in (10.008621,50.025995) seconds
2026/03/15-15:09:26  ... thread 49: (700000,3715000) ops and (69959.6,74231.2) ops/second in (10.005768,50.046372) seconds
2026/03/15-15:09:26  ... thread 9: (679000,3249000) ops and (67816.7,64892.6) ops/second in (10.012285,50.067361) seconds
2026/03/15-15:09:26  ... thread 105: (990000,4693000) ops and (98985.9,93829.3) ops/second in (10.001420,50.016347) seconds
2026/03/15-15:09:26  ... thread 97: (704000,3332000) ops and (70356.3,66604.6) ops/second in (10.006212,50.026589) seconds
2026/03/15-15:09:26  ... thread 101: (696000,3959000) ops and (69579.2,79145.2) ops/second in (10.002990,50.021986) seconds
2026/03/15-15:09:26  ... thread 89: (704000,4248000) ops and (70380.7,84908.1) ops/second in (10.002745,50.030585) seconds
2026/03/15-15:09:26  ... thread 76: (704000,3348000) ops and (70329.6,66904.4) ops/second in (10.010003,50.041578) seconds
2026/03/15-15:09:26  ... thread 92: (840000,3593000) ops and (83986.1,71816.7) ops/second in (10.001653,50.030162) seconds
2026/03/15-15:09:26  ... thread 83: (694000,3307000) ops and (69344.4,66096.3) ops/second in (10.008016,50.033050) seconds
2026/03/15-15:09:26  ... thread 77: (711000,3803000) ops and (71027.2,76000.5) ops/second in (10.010246,50.039167) seconds
2026/03/15-15:09:26  ... thread 95: (886000,4716000) ops and (88566.4,94255.5) ops/second in (10.003794,50.034207) seconds
2026/03/15-15:09:26  ... thread 88: (987000,4724000) ops and (98613.5,94414.0) ops/second in (10.008768,50.034953) seconds
2026/03/15-15:09:26  ... thread 72: (697000,3311000) ops and (69654.8,66172.7) ops/second in (10.006487,50.035772) seconds
2026/03/15-15:09:26  ... thread 82: (1005000,4338000) ops and (100417.9,86699.1) ops/second in (10.008178,50.035144) seconds
2026/03/15-15:09:26  ... thread 84: (701000,3959000) ops and (70038.1,79125.0) ops/second in (10.008835,50.034751) seconds
2026/03/15-15:09:26  ... thread 99: (707000,3333000) ops and (70688.0,66614.4) ops/second in (10.001704,50.034206) seconds
2026/03/15-15:09:26  ... thread 87: (706000,3508000) ops and (70544.5,70105.5) ops/second in (10.007863,50.038882) seconds
2026/03/15-15:09:26  ... thread 85: (704000,3318000) ops and (70317.9,66307.4) ops/second in (10.011676,50.039643) seconds
2026/03/15-15:09:26  ... thread 103: (698000,3330000) ops and (69701.4,66549.8) ops/second in (10.014149,50.037697) seconds
2026/03/15-15:09:26  ... thread 79: (703000,3334000) ops and (70250.4,66625.7) ops/second in (10.007058,50.040771) seconds
2026/03/15-15:09:26  ... thread 81: (702000,3354000) ops and (70140.6,67024.1) ops/second in (10.008472,50.041729) seconds
2026/03/15-15:09:26  ... thread 100: (707000,3350000) ops and (70614.4,66941.8) ops/second in (10.012128,50.043478) seconds
2026/03/15-15:09:26  ... thread 75: (619000,3230000) ops and (61826.4,64537.5) ops/second in (10.011902,50.048452) seconds
2026/03/15-15:09:26  ... thread 91: (699000,3400000) ops and (69859.6,67934.3) ops/second in (10.005782,50.048362) seconds
2026/03/15-15:09:26  ... thread 107: (1003000,3920000) ops and (100292.8,78357.2) ops/second in (10.000718,50.027328) seconds
2026/03/15-15:09:26  ... thread 104: (705000,3348000) ops and (70489.5,66910.6) ops/second in (10.001485,50.036948) seconds
2026/03/15-15:09:26  ... thread 109: (699000,3327000) ops and (69880.6,66489.7) ops/second in (10.002779,50.037853) seconds
2026/03/15-15:09:26  ... thread 118: (986000,4848000) ops and (98571.5,96897.6) ops/second in (10.002892,50.032181) seconds
2026/03/15-15:09:26  ... thread 116: (703000,3337000) ops and (70299.8,66711.5) ops/second in (10.000029,50.021381) seconds
2026/03/15-15:09:26  ... thread 119: (703000,3673000) ops and (70262.0,73414.6) ops/second in (10.005414,50.030904) seconds
2026/03/15-15:09:26  ... thread 111: (984000,4579000) ops and (98353.1,91497.2) ops/second in (10.004773,50.045253) seconds
2026/03/15-15:09:26  ... thread 113: (701000,3324000) ops and (70012.9,66402.2) ops/second in (10.012437,50.058573) seconds
2026/03/15-15:09:26  ... thread 115: (703000,3486000) ops and (70244.0,69671.8) ops/second in (10.007976,50.034578) seconds
2026/03/15-15:09:26  ... thread 112: (698000,3315000) ops and (69705.5,66237.3) ops/second in (10.013563,50.047342) seconds
2026/03/15-15:09:26  ... thread 114: (703000,3345000) ops and (70205.2,66818.9) ops/second in (10.013499,50.060716) seconds
2026/03/15-15:09:26  ... thread 7: (702000,3347000) ops and (70175.6,66904.9) ops/second in (10.003481,50.026214) seconds
2026/03/15-15:09:26  ... thread 117: (698000,4480000) ops and (69782.8,89550.4) ops/second in (10.002470,50.027676) seconds
2026/03/15-15:09:26  ... thread 16: (700000,3330000) ops and (69903.3,66557.8) ops/second in (10.013837,50.031694) seconds
2026/03/15-15:09:26  ... thread 126: (988000,3629000) ops and (98721.3,72548.7) ops/second in (10.007976,50.021561) seconds
2026/03/15-15:09:26  ... thread 93: (699000,4485000) ops and (69874.6,89663.8) ops/second in (10.003642,50.020170) seconds
2026/03/15-15:09:26  ... thread 94: (699000,3352000) ops and (69870.1,67005.5) ops/second in (10.004286,50.025724) seconds
2026/03/15-15:09:26  ... thread 124: (709000,3283000) ops and (70878.6,65619.8) ops/second in (10.003026,50.030613) seconds
2026/03/15-15:09:26  ... thread 121: (701000,3406000) ops and (70047.9,68055.1) ops/second in (10.007436,50.047718) seconds
2026/03/15-15:09:26  ... thread 123: (700000,3318000) ops and (69992.9,66323.0) ops/second in (10.001014,50.027878) seconds
2026/03/15-15:09:26  ... thread 98: (1002000,3732000) ops and (100150.3,74598.9) ops/second in (10.004960,50.027536) seconds
2026/03/15-15:09:26  ... thread 2: (697000,3342000) ops and (69699.6,66806.3) ops/second in (10.000055,50.025210) seconds
2026/03/15-15:09:26  ... thread 106: (711000,4566000) ops and (71045.3,91277.6) ops/second in (10.007699,50.023235) seconds
2026/03/15-15:09:26  ... thread 4: (704000,3351000) ops and (70358.7,66974.5) ops/second in (10.005869,50.033966) seconds
2026/03/15-15:09:26  ... thread 108: (708000,3359000) ops and (70760.3,67136.0) ops/second in (10.005611,50.032752) seconds
2026/03/15-15:09:26  ... thread 110: (706000,3343000) ops and (70585.4,66810.5) ops/second in (10.002068,50.037065) seconds
2026/03/15-15:09:26  ... thread 125: (986000,3707000) ops and (98571.3,74084.0) ops/second in (10.002908,50.037784) seconds
2026/03/15-15:09:26  ... thread 90: (703000,3344000) ops and (70213.9,66826.2) ops/second in (10.012258,50.040247) seconds
2026/03/15-15:09:26  ... thread 122: (698000,3340000) ops and (69757.4,66750.8) ops/second in (10.006109,50.036849) seconds
2026/03/15-15:09:26  ... thread 96: (701000,3321000) ops and (70009.0,66366.4) ops/second in (10.012999,50.040345) seconds
2026/03/15-15:09:26  ... thread 6: (700000,3496000) ops and (69920.5,69870.6) ops/second in (10.011371,50.035347) seconds
2026/03/15-15:09:26  ... thread 120: (699000,3322000) ops and (69813.2,66382.3) ops/second in (10.012439,50.043476) seconds
2026/03/15-15:09:26  ... thread 5: (707000,3337000) ops and (70650.0,66689.4) ops/second in (10.007077,50.037952) seconds
2026/03/15-15:09:26  ... thread 127: (701000,3326000) ops and (70010.7,66453.7) ops/second in (10.012750,50.049864) seconds
2026/03/15-15:09:36  ... thread 56: (983000,4705000) ops and (98289.5,78395.7) ops/second in (10.001064,60.016026) seconds
2026/03/15-15:09:36  ... thread 25: (1013000,5869000) ops and (101275.9,97781.1) ops/second in (10.002377,60.021811) seconds
2026/03/15-15:09:36  ... thread 20: (694000,3968000) ops and (69363.6,66106.6) ops/second in (10.005253,60.024264) seconds
2026/03/15-15:09:36  ... thread 46: (981000,4851000) ops and (98090.0,80822.2) ops/second in (10.001022,60.020645) seconds
2026/03/15-15:09:36  ... thread 8: (684000,3918000) ops and (68380.7,65267.7) ops/second in (10.002819,60.029693) seconds
2026/03/15-15:09:36  ... thread 32: (704000,4060000) ops and (70336.6,67634.0) ops/second in (10.009007,60.028952) seconds
2026/03/15-15:09:36  ... thread 12: (961000,5335000) ops and (96018.5,88869.7) ops/second in (10.008485,60.031743) seconds
2026/03/15-15:09:36  ... thread 0: (697000,4952000) ops and (69648.2,82491.4) ops/second in (10.007438,60.030465) seconds
2026/03/15-15:09:36  ... thread 51: (982000,5719000) ops and (98168.6,95276.3) ops/second in (10.003201,60.025432) seconds

** Compaction Stats [default] **
Level    Files   Size     Score Read(GB)  Rn(GB) Rnp1(GB) Write(GB) WPreComp(GB) Wnew(GB) Moved(GB) W-Amp Rd(MB/s) Wr(MB/s) Comp(sec) CompMergeCPU(sec) Comp(cnt) Avg(sec) KeyIn KeyDrop Rblob(GB) Wblob(GB)
-------------------------------------------------------------------------------------------------------------------------------------------------------------------------------------------------------------
  L7     81/0     10.10 GB   0.0      0.0     0.0      0.0       0.0       0.0      0.0       0.0   0.0      0.0      0.0      0.00              0.00         0    0.000       0      0       0.0       0.0
 Sum     81/0     10.10 GB   0.0      0.0     0.0      0.0       0.0       0.0      0.0       0.0   0.0      0.0      0.0      0.00              0.00         0    0.000       0      0       0.0       0.0
 Int      0/0      0.00 KB   0.0      0.0     0.0      0.0       0.0       0.0      0.0       0.0   0.0      0.0      0.0      0.00              0.00         0    0.000       0      0       0.0       0.0

** Compaction Stats [default] **
Priority    Files   Size     Score Read(GB)  Rn(GB) Rnp1(GB) Write(GB) WPreComp(GB) Wnew(GB) Moved(GB) W-Amp Rd(MB/s) Wr(MB/s) Comp(sec) CompMergeCPU(sec) Comp(cnt) Avg(sec) KeyIn KeyDrop Rblob(GB) Wblob(GB)
----------------------------------------------------------------------------------------------------------------------------------------------------------------------------------------------------------------

Blob file count: 0, total size: 0.0 GB, garbage size: 0.0 GB, space amp: 0.0

Uptime(secs): 60.1 total, 60.0 interval
Flush(GB): cumulative 0.000, interval 0.000
AddFile(GB): cumulative 0.000, interval 0.000
AddFile(Total Files): cumulative 0, interval 0
AddFile(L0 Files): cumulative 0, interval 0
AddFile(Keys): cumulative 0, interval 0
Cumulative compaction: 0.00 GB write, 0.00 MB/s write, 0.00 GB read, 0.00 MB/s read, 0.0 seconds
Interval compaction: 0.00 GB write, 0.00 MB/s write, 0.00 GB read, 0.00 MB/s read, 0.0 seconds
Estimated pending compaction bytes: 0
Write Stall (count): cf-l0-file-count-limit-delays-with-ongoing-compaction: 0, cf-l0-file-count-limit-stops-with-ongoing-compaction: 0, l0-file-count-limit-delays: 0, l0-file-count-limit-stops: 0, memtable-limit-delays: 0, memtable-limit-stops: 0, pending-compaction-bytes-delays: 0, pending-compaction-bytes-stops: 0, total-delays: 0, total-stops: 0
Block cache LRUCache@0x557a4f67f730#1194204 capacity: 29.80 GB seed: 1773583716 usage: 0.09 KB table_size: 1024 occupancy: 1 collections: 1 last_copies: 0 last_secs: 0.000161 secs_since: 60
Block cache entry stats(count,size,portion): Misc(1,0.00 KB,0%)

** File Read Latency Histogram By Level [default] **

** DB Stats **
Uptime(secs): 60.1 total, 10.0 interval
Cumulative writes: 0 writes, 0 keys, 0 commit groups, 0.0 writes per commit group, ingest: 0.00 GB, 0.00 MB/s
Cumulative WAL: 0 writes, 0 syncs, 0.00 writes per sync, written: 0.00 GB, 0.00 MB/s
Cumulative stall: 00:00:0.000 H:M:S, 0.0 percent
Interval writes: 0 writes, 0 keys, 0 commit groups, 0.0 writes per commit group, ingest: 0.00 MB, 0.00 MB/s
Interval WAL: 0 writes, 0 syncs, 0.00 writes per sync, written: 0.00 GB, 0.00 MB/s
Interval stall: 00:00:0.000 H:M:S, 0.0 percent
Write Stall (count): write-buffer-manager-limit-stops: 0
num-running-compactions: 0
num-running-flushes: 0

2026/03/15-15:09:36  ... thread 15: (823000,4869000) ops and (82218.8,81104.3) ops/second in (10.009877,60.033809) seconds
2026/03/15-15:09:36  ... thread 39: (720000,4151000) ops and (71996.0,69146.5) ops/second in (10.000555,60.031988) seconds
2026/03/15-15:09:36  ... thread 21: (684000,4447000) ops and (68398.7,74074.1) ops/second in (10.000193,60.034470) seconds
2026/03/15-15:09:36  ... thread 31: (697000,4095000) ops and (69678.2,68212.6) ops/second in (10.003124,60.032876) seconds
2026/03/15-15:09:36  ... thread 17: (972000,4187000) ops and (97155.8,69742.2) ops/second in (10.004551,60.035406) seconds
2026/03/15-15:09:36  ... thread 13: (689000,4081000) ops and (68808.9,67976.1) ops/second in (10.013241,60.035767) seconds
2026/03/15-15:09:36  ... thread 61: (699000,4027000) ops and (69898.7,67088.3) ops/second in (10.000180,60.025391) seconds
2026/03/15-15:09:36  ... thread 40: (707000,4059000) ops and (70684.0,67611.7) ops/second in (10.002270,60.033946) seconds
2026/03/15-15:09:36  ... thread 18: (953000,4719000) ops and (95264.9,78600.3) ops/second in (10.003687,60.037917) seconds
2026/03/15-15:09:36  ... thread 27: (1002000,5847000) ops and (100143.7,97385.2) ops/second in (10.005618,60.039949) seconds
2026/03/15-15:09:36  ... thread 58: (980000,5657000) ops and (97926.5,94225.1) ops/second in (10.007501,60.037095) seconds
2026/03/15-15:09:36  ... thread 38: (703000,4071000) ops and (70271.6,67806.7) ops/second in (10.004047,60.038295) seconds
2026/03/15-15:09:36  ... thread 54: (700000,5288000) ops and (69950.6,88084.0) ops/second in (10.007058,60.033591) seconds
2026/03/15-15:09:36  ... thread 52: (696000,4009000) ops and (69563.3,66782.8) ops/second in (10.005280,60.030421) seconds
2026/03/15-15:09:36  ... thread 47: (1010000,4900000) ops and (100943.5,81612.4) ops/second in (10.005597,60.039883) seconds
2026/03/15-15:09:36  ... thread 35: (706000,4609000) ops and (70551.5,76764.9) ops/second in (10.006877,60.040439) seconds
2026/03/15-15:09:36  ... thread 43: (958000,4324000) ops and (95734.3,72016.6) ops/second in (10.006864,60.041713) seconds
2026/03/15-15:09:36  ... thread 42: (707000,4086000) ops and (70681.0,68057.9) ops/second in (10.002682,60.037077) seconds
2026/03/15-15:09:36  ... thread 45: (701000,4573000) ops and (70029.8,76174.0) ops/second in (10.010030,60.033597) seconds
2026/03/15-15:09:36  ... thread 66: (624000,3601000) ops and (62337.9,59979.0) ops/second in (10.009964,60.037654) seconds
2026/03/15-15:09:36  ... thread 53: (705000,4339000) ops and (70462.9,72265.5) ops/second in (10.005261,60.042441) seconds
2026/03/15-15:09:36  ... thread 70: (706000,3733000) ops and (70570.5,62172.7) ops/second in (10.004180,60.042406) seconds
2026/03/15-15:09:36  ... thread 26: (703000,4047000) ops and (70231.1,67400.2) ops/second in (10.009815,60.044293) seconds
2026/03/15-15:09:36  ... thread 11: (967000,4330000) ops and (96645.0,72110.3) ops/second in (10.005691,60.046935) seconds
2026/03/15-15:09:36  ... thread 68: (706000,4055000) ops and (70573.9,67531.9) ops/second in (10.003695,60.045695) seconds
2026/03/15-15:09:36  ... thread 57: (977000,5795000) ops and (97673.9,96530.4) ops/second in (10.002673,60.032900) seconds
2026/03/15-15:09:36  ... thread 36: (1014000,4835000) ops and (101324.9,80533.4) ops/second in (10.007415,60.037223) seconds
2026/03/15-15:09:36  ... thread 3: (690000,4853000) ops and (68917.3,80817.9) ops/second in (10.011996,60.048583) seconds
2026/03/15-15:09:36  ... thread 41: (1009000,4452000) ops and (100872.7,74140.4) ops/second in (10.002704,60.048219) seconds
2026/03/15-15:09:36  ... thread 28: (703000,4038000) ops and (70279.3,67245.6) ops/second in (10.002943,60.048520) seconds
2026/03/15-15:09:36  ... thread 62: (707000,5608000) ops and (70661.3,93423.1) ops/second in (10.005475,60.027994) seconds
2026/03/15-15:09:36  ... thread 24: (696000,4024000) ops and (69515.5,67009.0) ops/second in (10.012159,60.051663) seconds
2026/03/15-15:09:36  ... thread 44: (702000,4993000) ops and (70120.5,83148.6) ops/second in (10.011332,60.049122) seconds
2026/03/15-15:09:36  ... thread 48: (989000,4898000) ops and (98850.0,81577.2) ops/second in (10.005062,60.041287) seconds
2026/03/15-15:09:36  ... thread 10: (706000,4435000) ops and (70542.3,73870.6) ops/second in (10.008179,60.037399) seconds
2026/03/15-15:09:36  ... thread 14: (688000,4354000) ops and (68765.5,72502.6) ops/second in (10.005023,60.053024) seconds
2026/03/15-15:09:36  ... thread 30: (784000,4137000) ops and (78374.6,68888.5) ops/second in (10.003235,60.053530) seconds
2026/03/15-15:09:36  ... thread 50: (705000,4040000) ops and (70419.9,67283.4) ops/second in (10.011375,60.044523) seconds
2026/03/15-15:09:36  ... thread 37: (709000,4069000) ops and (70839.2,67761.2) ops/second in (10.008585,60.049130) seconds
2026/03/15-15:09:36  ... thread 59: (705000,4010000) ops and (70462.8,66778.4) ops/second in (10.005275,60.049390) seconds
2026/03/15-15:09:36  ... thread 64: (702000,4557000) ops and (70126.8,75896.9) ops/second in (10.010432,60.042016) seconds
2026/03/15-15:09:36  ... thread 29: (704000,4053000) ops and (70322.6,67487.6) ops/second in (10.011003,60.055472) seconds
2026/03/15-15:09:36  ... thread 67: (705000,4032000) ops and (70498.9,67165.6) ops/second in (10.000159,60.030689) seconds
2026/03/15-15:09:36  ... thread 60: (708000,4915000) ops and (70711.9,81846.6) ops/second in (10.012463,60.051339) seconds
2026/03/15-15:09:36  ... thread 23: (704000,4048000) ops and (70343.6,67401.6) ops/second in (10.008012,60.057892) seconds
2026/03/15-15:09:36  ... thread 19: (607000,3505000) ops and (60670.2,58357.7) ops/second in (10.004909,60.060631) seconds
2026/03/15-15:09:36  ... thread 33: (707000,4063000) ops and (70623.6,67649.8) ops/second in (10.010812,60.059345) seconds
2026/03/15-15:09:36  ... thread 1: (704000,5098000) ops and (70297.3,84911.0) ops/second in (10.014605,60.039346) seconds
2026/03/15-15:09:36  ... thread 55: (706000,4070000) ops and (70504.8,67763.3) ops/second in (10.013496,60.062040) seconds
2026/03/15-15:09:36  ... thread 74: (1012000,4614000) ops and (101172.5,76869.4) ops/second in (10.002716,60.023906) seconds
2026/03/15-15:09:36  ... thread 78: (987000,5837000) ops and (98647.6,97228.2) ops/second in (10.005310,60.034044) seconds
2026/03/15-15:09:36  ... thread 102: (1019000,5460000) ops and (101808.9,90964.4) ops/second in (10.008945,60.023514) seconds
2026/03/15-15:09:36  ... thread 86: (903000,5745000) ops and (90199.7,95707.1) ops/second in (10.011121,60.026875) seconds
2026/03/15-15:09:36  ... thread 49: (699000,4414000) ops and (69885.0,73507.2) ops/second in (10.002148,60.048520) seconds
2026/03/15-15:09:36  ... thread 34: (707000,4368000) ops and (70664.2,72760.1) ops/second in (10.005069,60.032929) seconds
2026/03/15-15:09:36  ... thread 9: (676000,3925000) ops and (67590.9,65341.9) ops/second in (10.001339,60.068700) seconds
2026/03/15-15:09:36  ... thread 63: (718000,4055000) ops and (71729.1,67513.9) ops/second in (10.009883,60.061679) seconds
2026/03/15-15:09:36  ... thread 69: (705000,4671000) ops and (70470.2,77795.7) ops/second in (10.004223,60.041861) seconds
2026/03/15-15:09:36  ... thread 97: (703000,4035000) ops and (70288.4,67218.4) ops/second in (10.001655,60.028244) seconds
2026/03/15-15:09:36  ... thread 22: (674000,3871000) ops and (67311.8,64442.0) ops/second in (10.013103,60.069564) seconds
2026/03/15-15:09:36  ... thread 71: (708000,4055000) ops and (70767.0,67540.2) ops/second in (10.004657,60.038331) seconds
2026/03/15-15:09:36  ... thread 73: (623000,4231000) ops and (62241.1,70471.1) ops/second in (10.009462,60.038784) seconds
2026/03/15-15:09:36  ... thread 80: (706000,4036000) ops and (70524.8,67234.7) ops/second in (10.010665,60.028504) seconds
2026/03/15-15:09:36  ... thread 65: (698000,4020000) ops and (69752.5,66963.4) ops/second in (10.006809,60.032804) seconds
2026/03/15-15:09:36  ... thread 95: (692000,5408000) ops and (69199.0,90081.7) ops/second in (10.000151,60.034358) seconds
2026/03/15-15:09:36  ... thread 101: (694000,4653000) ops and (69355.1,77513.2) ops/second in (10.006470,60.028456) seconds
2026/03/15-15:09:36  ... thread 105: (991000,5684000) ops and (99015.1,94694.0) ops/second in (10.008574,60.024921) seconds
2026/03/15-15:09:36  ... thread 89: (708000,4956000) ops and (70758.7,82549.9) ops/second in (10.005830,60.036415) seconds
2026/03/15-15:09:36  ... thread 88: (988000,5712000) ops and (98782.0,95141.7) ops/second in (10.001822,60.036775) seconds
2026/03/15-15:09:36  ... thread 82: (1010000,5348000) ops and (100964.8,89076.0) ops/second in (10.003489,60.038633) seconds
2026/03/15-15:09:36  ... thread 77: (700000,4503000) ops and (69956.8,74993.3) ops/second in (10.006179,60.045346) seconds
2026/03/15-15:09:36  ... thread 85: (706000,4024000) ops and (70594.6,67021.5) ops/second in (10.000766,60.040409) seconds
2026/03/15-15:09:36  ... thread 92: (840000,4433000) ops and (83931.0,73836.1) ops/second in (10.008218,60.038380) seconds
2026/03/15-15:09:36  ... thread 79: (701000,4035000) ops and (70097.5,67203.9) ops/second in (10.000353,60.041124) seconds
2026/03/15-15:09:36  ... thread 103: (699000,4029000) ops and (69891.4,67106.5) ops/second in (10.001226,60.038923) seconds
2026/03/15-15:09:36  ... thread 87: (708000,4216000) ops and (70771.1,70216.4) ops/second in (10.004083,60.042965) seconds
2026/03/15-15:09:36  ... thread 72: (698000,4009000) ops and (69743.9,66767.9) ops/second in (10.008043,60.043815) seconds
2026/03/15-15:09:36  ... thread 76: (705000,4053000) ops and (70415.6,67489.7) ops/second in (10.011992,60.053570) seconds
2026/03/15-15:09:36  ... thread 84: (765000,4724000) ops and (76423.8,78674.7) ops/second in (10.009969,60.044720) seconds
2026/03/15-15:09:36  ... thread 75: (636000,3866000) ops and (63598.9,64381.2) ops/second in (10.000175,60.048627) seconds
2026/03/15-15:09:36  ... thread 99: (707000,4040000) ops and (70620.6,67282.4) ops/second in (10.011245,60.045451) seconds
2026/03/15-15:09:36  ... thread 83: (696000,4003000) ops and (69497.2,66663.5) ops/second in (10.014787,60.047837) seconds
2026/03/15-15:09:36  ... thread 100: (707000,4057000) ops and (70666.0,67562.3) ops/second in (10.004811,60.048289) seconds
2026/03/15-15:09:36  ... thread 81: (707000,4061000) ops and (70642.9,67627.2) ops/second in (10.008085,60.049814) seconds
2026/03/15-15:09:36  ... thread 107: (1009000,4929000) ops and (100884.1,82110.4) ops/second in (10.001577,60.028905) seconds
2026/03/15-15:09:36  ... thread 91: (703000,4103000) ops and (70263.5,68322.4) ops/second in (10.005189,60.053551) seconds
2026/03/15-15:09:36  ... thread 104: (704000,4052000) ops and (70337.7,67481.8) ops/second in (10.008856,60.045804) seconds
2026/03/15-15:09:36  ... thread 118: (988000,5836000) ops and (98742.3,97205.1) ops/second in (10.005848,60.038029) seconds
2026/03/15-15:09:36  ... thread 109: (846000,4173000) ops and (84491.3,69491.3) ops/second in (10.012870,60.050723) seconds
2026/03/15-15:09:36  ... thread 116: (703000,4040000) ops and (70211.9,67295.3) ops/second in (10.012542,60.033923) seconds
2026/03/15-15:09:36  ... thread 113: (702000,4026000) ops and (70199.7,67034.5) ops/second in (10.000038,60.058611) seconds
2026/03/15-15:09:36  ... thread 119: (698000,4371000) ops and (69745.8,72803.1) ops/second in (10.007769,60.038673) seconds
2026/03/15-15:09:36  ... thread 111: (983000,5562000) ops and (98271.0,92625.6) ops/second in (10.002951,60.048204) seconds
2026/03/15-15:09:36  ... thread 112: (699000,4014000) ops and (69854.7,66840.0) ops/second in (10.006488,60.053830) seconds
2026/03/15-15:09:36  ... thread 115: (704000,4190000) ops and (70304.7,69777.3) ops/second in (10.013561,60.048139) seconds
2026/03/15-15:09:36  ... thread 114: (706000,4051000) ops and (70528.8,67437.1) ops/second in (10.010096,60.070812) seconds
2026/03/15-15:09:36  ... thread 117: (704000,5184000) ops and (70349.4,86349.8) ops/second in (10.007197,60.034873) seconds
2026/03/15-15:09:36  ... thread 7: (704000,4051000) ops and (70326.8,67475.5) ops/second in (10.010414,60.036628) seconds
2026/03/15-15:09:36  ... thread 16: (700000,4030000) ops and (69980.4,67128.1) ops/second in (10.002807,60.034501) seconds
2026/03/15-15:09:36  ... thread 126: (1010000,4639000) ops and (100935.7,77280.7) ops/second in (10.006369,60.027930) seconds
2026/03/15-15:09:36  ... thread 124: (704000,3987000) ops and (70382.4,66413.4) ops/second in (10.002494,60.033107) seconds
2026/03/15-15:09:36  ... thread 93: (706000,5191000) ops and (70538.9,86475.1) ops/second in (10.008667,60.028837) seconds
2026/03/15-15:09:36  ... thread 106: (704000,5270000) ops and (70360.2,87791.1) ops/second in (10.005659,60.028894) seconds
2026/03/15-15:09:36  ... thread 94: (759000,4111000) ops and (75812.9,68474.2) ops/second in (10.011493,60.037217) seconds
2026/03/15-15:09:36  ... thread 121: (702000,4108000) ops and (70131.2,68401.1) ops/second in (10.009805,60.057523) seconds
2026/03/15-15:09:36  ... thread 108: (706000,4065000) ops and (70593.4,67712.0) ops/second in (10.000933,60.033685) seconds
2026/03/15-15:09:36  ... thread 98: (1007000,4739000) ops and (100600.4,78934.1) ops/second in (10.009901,60.037437) seconds
2026/03/15-15:09:36  ... thread 4: (707000,4058000) ops and (70667.7,67589.9) ops/second in (10.004567,60.038533) seconds
2026/03/15-15:09:36  ... thread 123: (700000,4018000) ops and (69915.2,66922.0) ops/second in (10.012133,60.040011) seconds
2026/03/15-15:09:36  ... thread 2: (703000,4045000) ops and (70220.4,67375.6) ops/second in (10.011329,60.036539) seconds
2026/03/15-15:09:36  ... thread 6: (702000,4198000) ops and (70173.1,69921.0) ops/second in (10.003830,60.039177) seconds
2026/03/15-15:09:36  ... thread 122: (702000,4042000) ops and (70166.0,67319.9) ops/second in (10.004841,60.041690) seconds
2026/03/15-15:09:36  ... thread 125: (986000,4693000) ops and (98512.9,78155.9) ops/second in (10.008843,60.046627) seconds
2026/03/15-15:09:36  ... thread 90: (678000,4022000) ops and (67750.0,66980.2) ops/second in (10.007380,60.047627) seconds
2026/03/15-15:09:36  ... thread 110: (705000,4048000) ops and (70423.8,67412.9) ops/second in (10.010819,60.047884) seconds
2026/03/15-15:09:36  ... thread 120: (701000,4023000) ops and (70060.7,66995.2) ops/second in (10.005607,60.049083) seconds
2026/03/15-15:09:36  ... thread 96: (703000,4024000) ops and (70231.0,67010.6) ops/second in (10.009831,60.050176) seconds
2026/03/15-15:09:36  ... thread 5: (698000,4035000) ops and (69752.8,67199.9) ops/second in (10.006768,60.044720) seconds
2026/03/15-15:09:36  ... thread 127: (701000,4027000) ops and (70079.0,67057.6) ops/second in (10.002993,60.052857) seconds
2026/03/15-15:09:46  ... thread 56: (977000,5682000) ops and (97670.8,81149.4) ops/second in (10.002986,70.019012) seconds
2026/03/15-15:09:46  ... thread 25: (1013000,6882000) ops and (101298.8,98283.5) ops/second in (10.000117,70.021928) seconds
2026/03/15-15:09:46  ... thread 20: (688000,4656000) ops and (68768.5,66486.9) ops/second in (10.004584,70.028848) seconds
2026/03/15-15:09:46  ... thread 8: (671000,4589000) ops and (67077.7,65526.2) ops/second in (10.003321,70.033014) seconds
2026/03/15-15:09:46  ... thread 51: (973000,6692000) ops and (97276.3,95562.0) ops/second in (10.002433,70.027865) seconds
2026/03/15-15:09:46  ... thread 46: (974000,5825000) ops and (97310.8,83178.9) ops/second in (10.009167,70.029812) seconds
2026/03/15-15:09:46  ... thread 32: (699000,4759000) ops and (69856.5,67951.6) ops/second in (10.006220,70.035172) seconds
2026/03/15-15:09:46  ... thread 17: (978000,5165000) ops and (97776.2,73745.9) ops/second in (10.002430,70.037836) seconds
2026/03/15-15:09:46  ... thread 12: (953000,6288000) ops and (95207.2,89775.4) ops/second in (10.009745,70.041488) seconds
2026/03/15-15:09:46  ... thread 40: (703000,4762000) ops and (70267.7,67991.1) ops/second in (10.004603,70.038549) seconds
2026/03/15-15:09:46  ... thread 58: (969000,6626000) ops and (96883.1,94604.7) ops/second in (10.001740,70.038835) seconds
2026/03/15-15:09:46  ... thread 39: (698000,4849000) ops and (69739.3,69231.2) ops/second in (10.008699,70.040687) seconds
2026/03/15-15:09:46  ... thread 54: (694000,5982000) ops and (69381.6,85412.9) ops/second in (10.002654,70.036245) seconds
2026/03/15-15:09:46  ... thread 38: (695000,4766000) ops and (69478.4,68045.5) ops/second in (10.003112,70.041407) seconds
2026/03/15-15:09:46  ... thread 15: (817000,5686000) ops and (81610.0,81176.6) ops/second in (10.011025,70.044834) seconds
2026/03/15-15:09:46  ... thread 18: (947000,5666000) ops and (94628.7,80890.3) ops/second in (10.007531,70.045448) seconds
2026/03/15-15:09:46  ... thread 47: (1012000,5912000) ops and (101166.1,84405.0) ops/second in (10.003347,70.043230) seconds
2026/03/15-15:09:46  ... thread 13: (688000,4769000) ops and (68730.7,68084.0) ops/second in (10.010083,70.045850) seconds
2026/03/15-15:09:46  ... thread 35: (701000,5310000) ops and (70074.2,75809.4) ops/second in (10.003675,70.044114) seconds
2026/03/15-15:09:46  ... thread 43: (976000,5300000) ops and (97572.8,75666.2) ops/second in (10.002790,70.044503) seconds
2026/03/15-15:09:46  ... thread 31: (693000,4788000) ops and (69216.8,68356.2) ops/second in (10.012018,70.044894) seconds
2026/03/15-15:09:46  ... thread 52: (692000,4701000) ops and (69161.4,67122.6) ops/second in (10.005586,70.036007) seconds
2026/03/15-15:09:46  ... thread 26: (693000,4740000) ops and (69294.1,67670.6) ops/second in (10.000847,70.045140) seconds
2026/03/15-15:09:46  ... thread 0: (692000,5644000) ops and (69094.1,80575.9) ops/second in (10.015330,70.045795) seconds
2026/03/15-15:09:46  ... thread 68: (699000,4754000) ops and (69894.9,67869.3) ops/second in (10.000732,70.046427) seconds
2026/03/15-15:09:46  ... thread 21: (682000,5129000) ops and (68106.7,73221.0) ops/second in (10.013694,70.048164) seconds

** Compaction Stats [default] **
Level    Files   Size     Score Read(GB)  Rn(GB) Rnp1(GB) Write(GB) WPreComp(GB) Wnew(GB) Moved(GB) W-Amp Rd(MB/s) Wr(MB/s) Comp(sec) CompMergeCPU(sec) Comp(cnt) Avg(sec) KeyIn KeyDrop Rblob(GB) Wblob(GB)
-------------------------------------------------------------------------------------------------------------------------------------------------------------------------------------------------------------
  L7     81/0     10.10 GB   0.0      0.0     0.0      0.0       0.0       0.0      0.0       0.0   0.0      0.0      0.0      0.00              0.00         0    0.000       0      0       0.0       0.0
 Sum     81/0     10.10 GB   0.0      0.0     0.0      0.0       0.0       0.0      0.0       0.0   0.0      0.0      0.0      0.00              0.00         0    0.000       0      0       0.0       0.0
 Int      0/0      0.00 KB   0.0      0.0     0.0      0.0       0.0       0.0      0.0       0.0   0.0      0.0      0.0      0.00              0.00         0    0.000       0      0       0.0       0.0

** Compaction Stats [default] **
Priority    Files   Size     Score Read(GB)  Rn(GB) Rnp1(GB) Write(GB) WPreComp(GB) Wnew(GB) Moved(GB) W-Amp Rd(MB/s) Wr(MB/s) Comp(sec) CompMergeCPU(sec) Comp(cnt) Avg(sec) KeyIn KeyDrop Rblob(GB) Wblob(GB)
----------------------------------------------------------------------------------------------------------------------------------------------------------------------------------------------------------------

Blob file count: 0, total size: 0.0 GB, garbage size: 0.0 GB, space amp: 0.0

Uptime(secs): 70.1 total, 70.1 interval
Flush(GB): cumulative 0.000, interval 0.000
AddFile(GB): cumulative 0.000, interval 0.000
AddFile(Total Files): cumulative 0, interval 0
AddFile(L0 Files): cumulative 0, interval 0
AddFile(Keys): cumulative 0, interval 0
Cumulative compaction: 0.00 GB write, 0.00 MB/s write, 0.00 GB read, 0.00 MB/s read, 0.0 seconds
Interval compaction: 0.00 GB write, 0.00 MB/s write, 0.00 GB read, 0.00 MB/s read, 0.0 seconds
Estimated pending compaction bytes: 0
Write Stall (count): cf-l0-file-count-limit-delays-with-ongoing-compaction: 0, cf-l0-file-count-limit-stops-with-ongoing-compaction: 0, l0-file-count-limit-delays: 0, l0-file-count-limit-stops: 0, memtable-limit-delays: 0, memtable-limit-stops: 0, pending-compaction-bytes-delays: 0, pending-compaction-bytes-stops: 0, total-delays: 0, total-stops: 0
Block cache LRUCache@0x557a4f67f730#1194204 capacity: 29.80 GB seed: 1773583716 usage: 0.09 KB table_size: 1024 occupancy: 1 collections: 1 last_copies: 0 last_secs: 0.000161 secs_since: 70
Block cache entry stats(count,size,portion): Misc(1,0.00 KB,0%)

** File Read Latency Histogram By Level [default] **

** DB Stats **
Uptime(secs): 70.1 total, 10.0 interval
Cumulative writes: 0 writes, 0 keys, 0 commit groups, 0.0 writes per commit group, ingest: 0.00 GB, 0.00 MB/s
Cumulative WAL: 0 writes, 0 syncs, 0.00 writes per sync, written: 0.00 GB, 0.00 MB/s
Cumulative stall: 00:00:0.000 H:M:S, 0.0 percent
Interval writes: 0 writes, 0 keys, 0 commit groups, 0.0 writes per commit group, ingest: 0.00 MB, 0.00 MB/s
Interval WAL: 0 writes, 0 syncs, 0.00 writes per sync, written: 0.00 GB, 0.00 MB/s
Interval stall: 00:00:0.000 H:M:S, 0.0 percent
Write Stall (count): write-buffer-manager-limit-stops: 0
num-running-compactions: 0
num-running-flushes: 0

2026/03/15-15:09:46  ... thread 61: (695000,4722000) ops and (69411.5,67420.4) ops/second in (10.012754,70.038145) seconds
2026/03/15-15:09:46  ... thread 36: (1010000,5845000) ops and (100982.2,83453.5) ops/second in (10.001760,70.038983) seconds
2026/03/15-15:09:46  ... thread 41: (1011000,5463000) ops and (101085.7,77987.6) ops/second in (10.001413,70.049632) seconds
2026/03/15-15:09:46  ... thread 66: (620000,4221000) ops and (61964.0,60262.6) ops/second in (10.005810,70.043464) seconds
2026/03/15-15:09:46  ... thread 57: (998000,6793000) ops and (99768.9,96992.9) ops/second in (10.003121,70.036021) seconds
2026/03/15-15:09:46  ... thread 53: (701000,5040000) ops and (70058.1,71950.2) ops/second in (10.005983,70.048424) seconds
2026/03/15-15:09:46  ... thread 45: (816000,5389000) ops and (81537.5,76940.4) ops/second in (10.007666,70.041263) seconds
2026/03/15-15:09:46  ... thread 27: (716000,6563000) ops and (71509.7,93686.8) ops/second in (10.012626,70.052575) seconds
2026/03/15-15:09:46  ... thread 14: (683000,5037000) ops and (68299.2,71902.6) ops/second in (10.000118,70.053142) seconds
2026/03/15-15:09:46  ... thread 3: (684000,5537000) ops and (68357.5,79038.1) ops/second in (10.006224,70.054807) seconds
2026/03/15-15:09:46  ... thread 48: (982000,5880000) ops and (98169.9,83946.8) ops/second in (10.003064,70.044351) seconds
2026/03/15-15:09:46  ... thread 11: (969000,5299000) ops and (96813.5,75639.6) ops/second in (10.008930,70.055865) seconds
2026/03/15-15:09:46  ... thread 70: (693000,4426000) ops and (69227.1,63180.8) ops/second in (10.010530,70.052936) seconds
2026/03/15-15:09:46  ... thread 42: (703000,4789000) ops and (70206.2,68365.0) ops/second in (10.013362,70.050439) seconds
2026/03/15-15:09:46  ... thread 37: (699000,4768000) ops and (69889.0,68065.0) ops/second in (10.001575,70.050705) seconds
2026/03/15-15:09:46  ... thread 62: (696000,6304000) ops and (69550.2,90011.9) ops/second in (10.007158,70.035152) seconds
2026/03/15-15:09:46  ... thread 30: (980000,5117000) ops and (97969.9,73040.9) ops/second in (10.003069,70.056599) seconds
2026/03/15-15:09:46  ... thread 64: (698000,5255000) ops and (69785.5,75024.2) ops/second in (10.002081,70.044097) seconds
2026/03/15-15:09:46  ... thread 60: (703000,5618000) ops and (70281.0,80195.2) ops/second in (10.002708,70.054047) seconds
2026/03/15-15:09:46  ... thread 50: (700000,4740000) ops and (69955.5,67665.1) ops/second in (10.006364,70.050887) seconds
2026/03/15-15:09:46  ... thread 23: (700000,4748000) ops and (69974.0,67768.9) ops/second in (10.003715,70.061607) seconds
2026/03/15-15:09:46  ... thread 10: (700000,5135000) ops and (69920.7,73306.1) ops/second in (10.011335,70.048734) seconds
2026/03/15-15:09:46  ... thread 28: (694000,4732000) ops and (69307.1,67540.3) ops/second in (10.013404,70.061924) seconds
2026/03/15-15:09:46  ... thread 24: (700000,4724000) ops and (69910.2,67423.6) ops/second in (10.012838,70.064501) seconds
2026/03/15-15:09:46  ... thread 55: (699000,4769000) ops and (69888.3,68066.6) ops/second in (10.001668,70.063708) seconds
2026/03/15-15:09:46  ... thread 44: (694000,5687000) ops and (69307.8,81170.5) ops/second in (10.013308,70.062430) seconds
2026/03/15-15:09:46  ... thread 33: (702000,4765000) ops and (70154.1,68007.4) ops/second in (10.006544,70.065889) seconds
2026/03/15-15:09:46  ... thread 74: (1014000,5628000) ops and (101358.4,80367.8) ops/second in (10.004101,70.028007) seconds
2026/03/15-15:09:46  ... thread 29: (699000,4752000) ops and (69824.1,67821.4) ops/second in (10.010873,70.066345) seconds
2026/03/15-15:09:46  ... thread 19: (604000,4109000) ops and (60352.2,58642.6) ops/second in (10.007924,70.068555) seconds
2026/03/15-15:09:46  ... thread 78: (982000,6819000) ops and (98166.1,97362.1) ops/second in (10.003449,70.037493) seconds
2026/03/15-15:09:46  ... thread 59: (699000,4709000) ops and (69815.6,67212.4) ops/second in (10.012091,70.061481) seconds
2026/03/15-15:09:46  ... thread 49: (695000,5109000) ops and (69491.1,72933.8) ops/second in (10.001285,70.049805) seconds
2026/03/15-15:09:46  ... thread 34: (699000,5067000) ops and (69886.8,72349.7) ops/second in (10.001895,70.034824) seconds
2026/03/15-15:09:46  ... thread 67: (701000,4733000) ops and (70002.3,67571.2) ops/second in (10.013961,70.044650) seconds
2026/03/15-15:09:46  ... thread 102: (980000,6440000) ops and (97944.9,91961.7) ops/second in (10.005629,70.029143) seconds
2026/03/15-15:09:46  ... thread 97: (698000,4733000) ops and (69758.0,67581.2) ops/second in (10.006016,70.034260) seconds
2026/03/15-15:09:46  ... thread 69: (699000,5370000) ops and (69851.0,76660.8) ops/second in (10.007022,70.048883) seconds
2026/03/15-15:09:46  ... thread 1: (695000,5793000) ops and (69403.3,82694.2) ops/second in (10.013937,70.053283) seconds
2026/03/15-15:09:46  ... thread 105: (980000,6664000) ops and (97987.3,95164.4) ops/second in (10.001297,70.026218) seconds
2026/03/15-15:09:46  ... thread 80: (702000,4738000) ops and (70154.3,67651.9) ops/second in (10.006516,70.035020) seconds
2026/03/15-15:09:46  ... thread 71: (703000,4758000) ops and (70239.3,67925.8) ops/second in (10.008649,70.046980) seconds
2026/03/15-15:09:46  ... thread 22: (669000,4540000) ops and (66837.4,64784.1) ops/second in (10.009372,70.078936) seconds
2026/03/15-15:09:46  ... thread 86: (705000,6450000) ops and (70420.2,92092.6) ops/second in (10.011334,70.038209) seconds
2026/03/15-15:09:46  ... thread 101: (940000,5593000) ops and (93964.2,79863.2) ops/second in (10.003809,70.032265) seconds
2026/03/15-15:09:46  ... thread 63: (697000,4752000) ops and (69614.4,67814.0) ops/second in (10.012301,70.073980) seconds
2026/03/15-15:09:46  ... thread 92: (717000,5150000) ops and (71697.9,73530.8) ops/second in (10.000297,70.038677) seconds
2026/03/15-15:09:46  ... thread 89: (707000,5663000) ops and (70662.4,80851.8) ops/second in (10.005327,70.041742) seconds
2026/03/15-15:09:46  ... thread 9: (678000,4603000) ops and (67701.3,65679.0) ops/second in (10.014580,70.083280) seconds
2026/03/15-15:09:46  ... thread 85: (701000,4725000) ops and (70085.3,67459.0) ops/second in (10.002104,70.042513) seconds
2026/03/15-15:09:46  ... thread 73: (620000,4851000) ops and (61915.9,69248.2) ops/second in (10.013584,70.052368) seconds
2026/03/15-15:09:46  ... thread 65: (695000,4715000) ops and (69417.0,67314.1) ops/second in (10.011950,70.044754) seconds
2026/03/15-15:09:46  ... thread 82: (1011000,6359000) ops and (101053.8,90786.8) ops/second in (10.004568,70.043201) seconds
2026/03/15-15:09:46  ... thread 88: (982000,6694000) ops and (98127.1,95568.2) ops/second in (10.007427,70.044202) seconds
2026/03/15-15:09:46  ... thread 95: (701000,6109000) ops and (70025.7,87215.4) ops/second in (10.010606,70.044964) seconds
2026/03/15-15:09:46  ... thread 75: (698000,4564000) ops and (69795.1,65154.1) ops/second in (10.000697,70.049324) seconds
2026/03/15-15:09:46  ... thread 84: (978000,5702000) ops and (97782.3,81403.0) ops/second in (10.001810,70.046530) seconds
2026/03/15-15:09:46  ... thread 83: (690000,4693000) ops and (68991.5,66995.9) ops/second in (10.001231,70.049068) seconds
2026/03/15-15:09:46  ... thread 87: (699000,4915000) ops and (69850.6,70164.1) ops/second in (10.007077,70.050042) seconds
2026/03/15-15:09:46  ... thread 81: (701000,4762000) ops and (70076.6,67977.0) ops/second in (10.003340,70.053154) seconds
2026/03/15-15:09:46  ... thread 79: (698000,4733000) ops and (69716.5,67563.0) ops/second in (10.011978,70.053102) seconds
2026/03/15-15:09:46  ... thread 103: (696000,4725000) ops and (69517.5,67451.1) ops/second in (10.011866,70.050789) seconds
2026/03/15-15:09:46  ... thread 72: (693000,4702000) ops and (69225.8,67119.1) ops/second in (10.010715,70.054530) seconds
2026/03/15-15:09:46  ... thread 77: (697000,5200000) ops and (69600.5,74222.5) ops/second in (10.014295,70.059641) seconds
2026/03/15-15:09:46  ... thread 100: (702000,4759000) ops and (70149.4,67931.9) ops/second in (10.007209,70.055498) seconds
2026/03/15-15:09:46  ... thread 76: (701000,4754000) ops and (70012.8,67850.3) ops/second in (10.012449,70.066019) seconds
2026/03/15-15:09:46  ... thread 107: (1014000,5943000) ops and (101345.0,84858.4) ops/second in (10.005427,70.034332) seconds
2026/03/15-15:09:46  ... thread 91: (698000,4801000) ops and (69774.4,68529.7) ops/second in (10.003669,70.057220) seconds
2026/03/15-15:09:46  ... thread 99: (701000,4741000) ops and (70013.6,67672.7) ops/second in (10.012345,70.057796) seconds
2026/03/15-15:09:46  ... thread 118: (982000,6818000) ops and (98194.6,97346.4) ops/second in (10.000547,70.038576) seconds
2026/03/15-15:09:46  ... thread 104: (699000,4751000) ops and (69805.6,67813.9) ops/second in (10.013530,70.059334) seconds
2026/03/15-15:09:46  ... thread 109: (698000,4871000) ops and (69727.2,69525.0) ops/second in (10.010444,70.061167) seconds
2026/03/15-15:09:46  ... thread 116: (699000,4739000) ops and (69891.4,67666.0) ops/second in (10.001230,70.035153) seconds
2026/03/15-15:09:46  ... thread 113: (697000,4723000) ops and (69675.1,67411.5) ops/second in (10.003567,70.062178) seconds
2026/03/15-15:09:46  ... thread 119: (696000,5067000) ops and (69572.3,72341.6) ops/second in (10.003982,70.042655) seconds
2026/03/15-15:09:46  ... thread 111: (977000,6539000) ops and (97618.4,93338.9) ops/second in (10.008360,70.056564) seconds
2026/03/15-15:09:46  ... thread 112: (701000,4715000) ops and (70084.1,67303.2) ops/second in (10.002269,70.056099) seconds
2026/03/15-15:09:46  ... thread 114: (700000,4751000) ops and (69986.2,67800.9) ops/second in (10.001972,70.072784) seconds
2026/03/15-15:09:46  ... thread 115: (699000,4889000) ops and (69836.1,69785.7) ops/second in (10.009148,70.057287) seconds
2026/03/15-15:09:46  ... thread 7: (692000,4743000) ops and (69168.0,67717.2) ops/second in (10.004627,70.041255) seconds
2026/03/15-15:09:46  ... thread 16: (699000,4729000) ops and (69864.1,67518.9) ops/second in (10.005134,70.039635) seconds
2026/03/15-15:09:46  ... thread 117: (699000,5883000) ops and (69814.4,83986.3) ops/second in (10.012260,70.047133) seconds
2026/03/15-15:09:46  ... thread 126: (1013000,5652000) ops and (101248.2,80704.8) ops/second in (10.005119,70.033049) seconds
2026/03/15-15:09:46  ... thread 124: (695000,4682000) ops and (69463.4,66849.1) ops/second in (10.005267,70.038374) seconds
2026/03/15-15:09:46  ... thread 93: (703000,5894000) ops and (70274.8,84161.0) ops/second in (10.003590,70.032427) seconds
2026/03/15-15:09:46  ... thread 98: (1013000,5752000) ops and (101253.2,82122.1) ops/second in (10.004623,70.042060) seconds
2026/03/15-15:09:46  ... thread 94: (701000,4812000) ops and (70052.3,68699.7) ops/second in (10.006806,70.044023) seconds
2026/03/15-15:09:46  ... thread 121: (696000,4804000) ops and (69543.3,68564.2) ops/second in (10.008157,70.065680) seconds
2026/03/15-15:09:46  ... thread 6: (698000,4896000) ops and (69797.4,69903.4) ops/second in (10.000377,70.039554) seconds
2026/03/15-15:09:46  ... thread 106: (698000,5968000) ops and (69713.8,85206.9) ops/second in (10.012366,70.041260) seconds
2026/03/15-15:09:46  ... thread 2: (695000,4740000) ops and (69450.2,67672.0) ops/second in (10.007170,70.043709) seconds
2026/03/15-15:09:46  ... thread 123: (702000,4720000) ops and (70145.4,67382.6) ops/second in (10.007785,70.047796) seconds
2026/03/15-15:09:46  ... thread 122: (697000,4739000) ops and (69683.1,67657.4) ops/second in (10.002421,70.044111) seconds
2026/03/15-15:09:46  ... thread 108: (703000,4768000) ops and (70221.5,68070.7) ops/second in (10.011181,70.044866) seconds
2026/03/15-15:09:46  ... thread 125: (975000,5668000) ops and (97477.2,80914.8) ops/second in (10.002336,70.048963) seconds
2026/03/15-15:09:46  ... thread 4: (702000,4760000) ops and (70117.8,67951.2) ops/second in (10.011723,70.050256) seconds
2026/03/15-15:09:46  ... thread 90: (621000,4643000) ops and (62083.0,66280.9) ops/second in (10.002736,70.050363) seconds
2026/03/15-15:09:46  ... thread 96: (699000,4723000) ops and (69856.0,67417.0) ops/second in (10.006298,70.056474) seconds
2026/03/15-15:09:46  ... thread 110: (699000,4747000) ops and (69839.6,67759.6) ops/second in (10.008645,70.056529) seconds
2026/03/15-15:09:46  ... thread 5: (699000,4734000) ops and (69881.4,67582.8) ops/second in (10.002668,70.047388) seconds
2026/03/15-15:09:46  ... thread 120: (697000,4720000) ops and (69613.9,67369.4) ops/second in (10.012365,70.061448) seconds
2026/03/15-15:09:46  ... thread 127: (697000,4724000) ops and (69608.7,67422.2) ops/second in (10.013112,70.065969) seconds
2026/03/15-15:09:56  ... thread 56: (972000,6654000) ops and (97167.1,83151.7) ops/second in (10.003386,80.022398) seconds
2026/03/15-15:09:56  ... thread 25: (1012000,7894000) ops and (101157.4,98642.8) ops/second in (10.004208,80.026136) seconds
2026/03/15-15:09:56  ... thread 20: (681000,5337000) ops and (68081.3,66686.2) ops/second in (10.002751,80.031599) seconds
2026/03/15-15:09:56  ... thread 51: (966000,7658000) ops and (96573.9,95688.4) ops/second in (10.002699,80.030564) seconds
2026/03/15-15:09:56  ... thread 17: (979000,6144000) ops and (97876.8,76761.4) ops/second in (10.002370,80.040206) seconds
2026/03/15-15:09:56  ... thread 8: (667000,5256000) ops and (66646.5,65666.3) ops/second in (10.008023,80.041037) seconds
2026/03/15-15:09:56  ... thread 32: (692000,5451000) ops and (69154.7,68102.0) ops/second in (10.006555,80.041727) seconds
2026/03/15-15:09:56  ... thread 38: (690000,5456000) ops and (68989.7,68163.4) ops/second in (10.001500,80.042907) seconds
2026/03/15-15:09:56  ... thread 39: (691000,5540000) ops and (69079.5,69212.2) ops/second in (10.002974,80.043661) seconds
2026/03/15-15:09:56  ... thread 46: (966000,6791000) ops and (96510.2,84846.0) ops/second in (10.009307,80.039119) seconds
2026/03/15-15:09:56  ... thread 58: (962000,7588000) ops and (96158.0,94798.8) ops/second in (10.004363,80.043198) seconds
2026/03/15-15:09:56  ... thread 12: (949000,7237000) ops and (94845.1,90409.1) ops/second in (10.005784,80.047272) seconds
2026/03/15-15:09:56  ... thread 43: (968000,6268000) ops and (96794.9,78305.9) ops/second in (10.000528,80.045031) seconds
2026/03/15-15:09:56  ... thread 52: (685000,5386000) ops and (68487.6,67293.2) ops/second in (10.001812,80.037819) seconds
2026/03/15-15:09:56  ... thread 54: (687000,6669000) ops and (68660.2,83318.7) ops/second in (10.005803,80.042048) seconds
2026/03/15-15:09:56  ... thread 21: (674000,5803000) ops and (67391.3,72492.7) ops/second in (10.001290,80.049454) seconds
2026/03/15-15:09:56  ... thread 40: (696000,5458000) ops and (69540.4,68184.8) ops/second in (10.008577,80.047126) seconds
2026/03/15-15:09:56  ... thread 47: (1011000,6923000) ops and (101045.5,86484.9) ops/second in (10.005393,80.048623) seconds
2026/03/15-15:09:56  ... thread 18: (942000,6608000) ops and (94146.0,82547.2) ops/second in (10.005737,80.051185) seconds
2026/03/15-15:09:56  ... thread 31: (686000,5474000) ops and (68570.3,68382.9) ops/second in (10.004336,80.049230) seconds
2026/03/15-15:09:56  ... thread 13: (682000,5451000) ops and (68155.2,68092.9) ops/second in (10.006568,80.052418) seconds
2026/03/15-15:09:56  ... thread 15: (815000,6501000) ops and (81434.6,81208.8) ops/second in (10.008037,80.052871) seconds
2026/03/15-15:09:56  ... thread 41: (1010000,6473000) ops and (100973.0,80859.6) ops/second in (10.002678,80.052310) seconds
2026/03/15-15:09:56  ... thread 66: (614000,4835000) ops and (61385.4,60402.9) ops/second in (10.002376,80.045840) seconds
2026/03/15-15:09:56  ... thread 57: (1002000,7795000) ops and (100181.8,97391.4) ops/second in (10.001816,80.037837) seconds
2026/03/15-15:09:56  ... thread 27: (691000,7254000) ops and (69092.3,90614.2) ops/second in (10.001119,80.053694) seconds
2026/03/15-15:09:56  ... thread 45: (829000,6218000) ops and (82877.1,77682.2) ops/second in (10.002764,80.044027) seconds
2026/03/15-15:09:56  ... thread 36: (1008000,6853000) ops and (100729.7,85613.3) ops/second in (10.006984,80.045967) seconds
2026/03/15-15:09:56  ... thread 11: (968000,6267000) ops and (96784.9,78281.3) ops/second in (10.001557,80.057422) seconds
2026/03/15-15:09:56  ... thread 26: (689000,5429000) ops and (68828.7,67815.5) ops/second in (10.010361,80.055501) seconds
2026/03/15-15:09:56  ... thread 35: (694000,6004000) ops and (69315.6,74997.2) ops/second in (10.012178,80.056292) seconds
2026/03/15-15:09:56  ... thread 70: (687000,5113000) ops and (68683.5,63868.3) ops/second in (10.002407,80.055343) seconds
2026/03/15-15:09:56  ... thread 61: (687000,5409000) ops and (68632.3,67571.9) ops/second in (10.009871,80.048016) seconds
2026/03/15-15:09:56  ... thread 53: (694000,5734000) ops and (69345.4,71624.6) ops/second in (10.007867,80.056291) seconds
2026/03/15-15:09:56  ... thread 68: (694000,5448000) ops and (69321.1,68050.8) ops/second in (10.011383,80.057810) seconds
2026/03/15-15:09:56  ... thread 14: (676000,5713000) ops and (67554.5,71359.1) ops/second in (10.006739,80.059881) seconds
2026/03/15-15:09:56  ... thread 0: (686000,6330000) ops and (68508.5,79066.5) ops/second in (10.013350,80.059145) seconds

** Compaction Stats [default] **
Level    Files   Size     Score Read(GB)  Rn(GB) Rnp1(GB) Write(GB) WPreComp(GB) Wnew(GB) Moved(GB) W-Amp Rd(MB/s) Wr(MB/s) Comp(sec) CompMergeCPU(sec) Comp(cnt) Avg(sec) KeyIn KeyDrop Rblob(GB) Wblob(GB)
-------------------------------------------------------------------------------------------------------------------------------------------------------------------------------------------------------------
  L7     81/0     10.10 GB   0.0      0.0     0.0      0.0       0.0       0.0      0.0       0.0   0.0      0.0      0.0      0.00              0.00         0    0.000       0      0       0.0       0.0
 Sum     81/0     10.10 GB   0.0      0.0     0.0      0.0       0.0       0.0      0.0       0.0   0.0      0.0      0.0      0.00              0.00         0    0.000       0      0       0.0       0.0
 Int      0/0      0.00 KB   0.0      0.0     0.0      0.0       0.0       0.0      0.0       0.0   0.0      0.0      0.0      0.00              0.00         0    0.000       0      0       0.0       0.0

** Compaction Stats [default] **
Priority    Files   Size     Score Read(GB)  Rn(GB) Rnp1(GB) Write(GB) WPreComp(GB) Wnew(GB) Moved(GB) W-Amp Rd(MB/s) Wr(MB/s) Comp(sec) CompMergeCPU(sec) Comp(cnt) Avg(sec) KeyIn KeyDrop Rblob(GB) Wblob(GB)
----------------------------------------------------------------------------------------------------------------------------------------------------------------------------------------------------------------

Blob file count: 0, total size: 0.0 GB, garbage size: 0.0 GB, space amp: 0.0

Uptime(secs): 80.1 total, 80.1 interval
Flush(GB): cumulative 0.000, interval 0.000
AddFile(GB): cumulative 0.000, interval 0.000
AddFile(Total Files): cumulative 0, interval 0
AddFile(L0 Files): cumulative 0, interval 0
AddFile(Keys): cumulative 0, interval 0
Cumulative compaction: 0.00 GB write, 0.00 MB/s write, 0.00 GB read, 0.00 MB/s read, 0.0 seconds
Interval compaction: 0.00 GB write, 0.00 MB/s write, 0.00 GB read, 0.00 MB/s read, 0.0 seconds
Estimated pending compaction bytes: 0
Write Stall (count): cf-l0-file-count-limit-delays-with-ongoing-compaction: 0, cf-l0-file-count-limit-stops-with-ongoing-compaction: 0, l0-file-count-limit-delays: 0, l0-file-count-limit-stops: 0, memtable-limit-delays: 0, memtable-limit-stops: 0, pending-compaction-bytes-delays: 0, pending-compaction-bytes-stops: 0, total-delays: 0, total-stops: 0
Block cache LRUCache@0x557a4f67f730#1194204 capacity: 29.80 GB seed: 1773583716 usage: 0.09 KB table_size: 1024 occupancy: 1 collections: 1 last_copies: 0 last_secs: 0.000161 secs_since: 80
Block cache entry stats(count,size,portion): Misc(1,0.00 KB,0%)

** File Read Latency Histogram By Level [default] **

** DB Stats **
Uptime(secs): 80.1 total, 10.0 interval
Cumulative writes: 0 writes, 0 keys, 0 commit groups, 0.0 writes per commit group, ingest: 0.00 GB, 0.00 MB/s
Cumulative WAL: 0 writes, 0 syncs, 0.00 writes per sync, written: 0.00 GB, 0.00 MB/s
Cumulative stall: 00:00:0.000 H:M:S, 0.0 percent
Interval writes: 0 writes, 0 keys, 0 commit groups, 0.0 writes per commit group, ingest: 0.00 MB, 0.00 MB/s
Interval WAL: 0 writes, 0 syncs, 0.00 writes per sync, written: 0.00 GB, 0.00 MB/s
Interval stall: 00:00:0.000 H:M:S, 0.0 percent
Write Stall (count): write-buffer-manager-limit-stops: 0
num-running-compactions: 0
num-running-flushes: 0

2026/03/15-15:09:56  ... thread 30: (972000,6089000) ops and (97151.4,76053.9) ops/second in (10.005001,80.061600) seconds
2026/03/15-15:09:56  ... thread 48: (974000,6854000) ops and (97304.8,85617.1) ops/second in (10.009782,80.054133) seconds
2026/03/15-15:09:56  ... thread 42: (696000,5485000) ops and (69546.0,68512.7) ops/second in (10.007759,80.058198) seconds
2026/03/15-15:09:56  ... thread 64: (690000,5945000) ops and (68951.1,74265.0) ops/second in (10.007086,80.051183) seconds
2026/03/15-15:09:56  ... thread 3: (680000,6217000) ops and (67920.3,77647.9) ops/second in (10.011736,80.066543) seconds
2026/03/15-15:09:56  ... thread 55: (695000,5464000) ops and (69489.8,68244.4) ops/second in (10.001465,80.065173) seconds
2026/03/15-15:09:56  ... thread 62: (689000,6993000) ops and (68830.2,87363.0) ops/second in (10.010138,80.045290) seconds
2026/03/15-15:09:56  ... thread 37: (694000,5462000) ops and (69321.7,68222.1) ops/second in (10.011298,80.062003) seconds
2026/03/15-15:09:56  ... thread 19: (599000,4708000) ops and (59894.0,58798.9) ops/second in (10.001010,80.069565) seconds
2026/03/15-15:09:56  ... thread 60: (696000,6314000) ops and (69540.8,78863.3) ops/second in (10.008510,80.062557) seconds
2026/03/15-15:09:56  ... thread 74: (1012000,6640000) ops and (101168.9,82967.8) ops/second in (10.003075,80.031082) seconds
2026/03/15-15:09:56  ... thread 10: (690000,5825000) ops and (68943.4,72760.7) ops/second in (10.008216,80.056950) seconds
2026/03/15-15:09:56  ... thread 24: (691000,5415000) ops and (69045.6,67626.3) ops/second in (10.007878,80.072379) seconds
2026/03/15-15:09:56  ... thread 44: (687000,6374000) ops and (68640.4,79604.2) ops/second in (10.008683,80.071113) seconds
2026/03/15-15:09:56  ... thread 28: (688000,5420000) ops and (68724.5,67688.3) ops/second in (10.010985,80.072909) seconds
2026/03/15-15:09:56  ... thread 34: (693000,5760000) ops and (69261.0,71963.6) ops/second in (10.005632,80.040456) seconds
2026/03/15-15:09:56  ... thread 78: (973000,7792000) ops and (97231.1,97345.8) ops/second in (10.007084,80.044577) seconds
2026/03/15-15:09:56  ... thread 50: (692000,5432000) ops and (69104.1,67845.1) ops/second in (10.013878,80.064765) seconds
2026/03/15-15:09:56  ... thread 97: (690000,5423000) ops and (68990.0,67757.3) ops/second in (10.001453,80.035713) seconds
2026/03/15-15:09:56  ... thread 29: (692000,5444000) ops and (69140.0,67986.2) ops/second in (10.008680,80.075025) seconds
2026/03/15-15:09:56  ... thread 23: (695000,5443000) ops and (69403.9,67973.4) ops/second in (10.013850,80.075457) seconds
2026/03/15-15:09:56  ... thread 105: (967000,7631000) ops and (96692.8,95355.4) ops/second in (10.000744,80.026962) seconds
2026/03/15-15:09:56  ... thread 49: (687000,5796000) ops and (68634.6,72396.3) ops/second in (10.009528,80.059333) seconds
2026/03/15-15:09:56  ... thread 69: (693000,6063000) ops and (69282.1,75738.8) ops/second in (10.002585,80.051468) seconds
2026/03/15-15:09:56  ... thread 102: (973000,7413000) ops and (97223.6,92619.7) ops/second in (10.007863,80.037006) seconds
2026/03/15-15:09:56  ... thread 59: (693000,5402000) ops and (69218.2,67463.2) ops/second in (10.011817,80.073298) seconds
2026/03/15-15:09:56  ... thread 1: (687000,6480000) ops and (68667.9,80941.4) ops/second in (10.004670,80.057953) seconds
2026/03/15-15:09:56  ... thread 33: (695000,5460000) ops and (69405.6,68182.3) ops/second in (10.013598,80.079487) seconds
2026/03/15-15:09:56  ... thread 67: (694000,5427000) ops and (69327.2,67790.8) ops/second in (10.010503,80.055153) seconds
2026/03/15-15:09:56  ... thread 80: (694000,5432000) ops and (69368.0,67866.4) ops/second in (10.004611,80.039631) seconds
2026/03/15-15:09:56  ... thread 92: (696000,5846000) ops and (69592.1,73038.7) ops/second in (10.001134,80.039811) seconds
2026/03/15-15:09:56  ... thread 85: (693000,5418000) ops and (69297.1,67688.7) ops/second in (10.000418,80.042931) seconds
2026/03/15-15:09:56  ... thread 82: (1011000,7370000) ops and (101088.5,92074.0) ops/second in (10.001133,80.044334) seconds
2026/03/15-15:09:56  ... thread 9: (674000,5277000) ops and (67375.3,65890.9) ops/second in (10.003670,80.086950) seconds
2026/03/15-15:09:56  ... thread 22: (663000,5203000) ops and (66245.8,64966.8) ops/second in (10.008183,80.087119) seconds
2026/03/15-15:09:56  ... thread 101: (962000,6555000) ops and (96119.6,81895.9) ops/second in (10.008368,80.040633) seconds
2026/03/15-15:09:56  ... thread 86: (698000,7148000) ops and (69736.5,89297.2) ops/second in (10.009110,80.047319) seconds
2026/03/15-15:09:56  ... thread 88: (973000,7667000) ops and (97268.7,95780.7) ops/second in (10.003214,80.047416) seconds
2026/03/15-15:09:56  ... thread 73: (613000,5464000) ops and (61267.9,68250.9) ops/second in (10.005237,80.057605) seconds
2026/03/15-15:09:56  ... thread 63: (691000,5443000) ops and (69046.2,67968.0) ops/second in (10.007786,80.081766) seconds
2026/03/15-15:09:56  ... thread 71: (696000,5454000) ops and (69513.6,68124.4) ops/second in (10.012423,80.059403) seconds
2026/03/15-15:09:56  ... thread 84: (971000,6673000) ops and (97078.4,83361.7) ops/second in (10.002222,80.048752) seconds
2026/03/15-15:09:56  ... thread 95: (685000,6794000) ops and (68460.9,84871.2) ops/second in (10.005711,80.050675) seconds
2026/03/15-15:09:56  ... thread 89: (697000,6360000) ops and (69632.5,79448.9) ops/second in (10.009696,80.051438) seconds
2026/03/15-15:09:56  ... thread 65: (691000,5406000) ops and (69027.0,67528.3) ops/second in (10.010580,80.055334) seconds
2026/03/15-15:09:56  ... thread 83: (684000,5377000) ops and (68363.2,67166.8) ops/second in (10.005387,80.054455) seconds
2026/03/15-15:09:56  ... thread 75: (693000,5257000) ops and (69248.2,65665.9) ops/second in (10.007477,80.056801) seconds
2026/03/15-15:09:56  ... thread 81: (694000,5456000) ops and (69361.7,68150.0) ops/second in (10.005522,80.058676) seconds
2026/03/15-15:09:56  ... thread 107: (1010000,6953000) ops and (100992.1,86874.4) ops/second in (10.000786,80.035118) seconds
2026/03/15-15:09:56  ... thread 87: (691000,5606000) ops and (69035.8,70023.1) ops/second in (10.009301,80.059343) seconds
2026/03/15-15:09:56  ... thread 79: (691000,5424000) ops and (69048.0,67748.7) ops/second in (10.007531,80.060633) seconds
2026/03/15-15:09:56  ... thread 91: (689000,5490000) ops and (68871.2,68572.4) ops/second in (10.004188,80.061408) seconds
2026/03/15-15:09:56  ... thread 103: (690000,5415000) ops and (68928.4,67635.8) ops/second in (10.010389,80.061178) seconds
2026/03/15-15:09:56  ... thread 76: (692000,5446000) ops and (69146.9,68012.3) ops/second in (10.007686,80.073705) seconds
2026/03/15-15:09:56  ... thread 99: (694000,5435000) ops and (69368.0,67884.5) ops/second in (10.004610,80.062406) seconds
2026/03/15-15:09:56  ... thread 77: (690000,5890000) ops and (68920.2,73559.5) ops/second in (10.011576,80.071217) seconds
2026/03/15-15:09:56  ... thread 118: (972000,7790000) ops and (97185.8,97326.3) ops/second in (10.001466,80.040042) seconds
2026/03/15-15:09:56  ... thread 72: (688000,5390000) ops and (68708.4,67317.9) ops/second in (10.013338,80.067868) seconds
2026/03/15-15:09:56  ... thread 100: (693000,5452000) ops and (69215.2,68092.3) ops/second in (10.012252,80.067750) seconds
2026/03/15-15:09:56  ... thread 104: (692000,5443000) ops and (69146.6,67980.5) ops/second in (10.007721,80.067055) seconds
2026/03/15-15:09:56  ... thread 113: (688000,5411000) ops and (68795.5,67584.4) ops/second in (10.000655,80.062833) seconds
2026/03/15-15:09:56  ... thread 109: (688000,5559000) ops and (68729.0,69425.5) ops/second in (10.010329,80.071496) seconds
2026/03/15-15:09:56  ... thread 119: (694000,5761000) ops and (69361.9,71969.2) ops/second in (10.005493,80.048148) seconds
2026/03/15-15:09:56  ... thread 116: (693000,5432000) ops and (69233.6,67862.0) ops/second in (10.009595,80.044748) seconds
2026/03/15-15:09:56  ... thread 111: (969000,7508000) ops and (96878.0,93781.0) ops/second in (10.002271,80.058835) seconds
2026/03/15-15:09:56  ... thread 112: (696000,5411000) ops and (69533.9,67582.1) ops/second in (10.009504,80.065603) seconds
2026/03/15-15:09:56  ... thread 7: (683000,5426000) ops and (68289.2,67788.7) ops/second in (10.001585,80.042840) seconds
2026/03/15-15:09:56  ... thread 114: (694000,5445000) ops and (69345.7,67994.0) ops/second in (10.007829,80.080613) seconds
2026/03/15-15:09:56  ... thread 115: (690000,5579000) ops and (68974.3,69684.3) ops/second in (10.003733,80.061020) seconds
2026/03/15-15:09:56  ... thread 16: (693000,5422000) ops and (69258.0,67736.3) ops/second in (10.006064,80.045699) seconds
2026/03/15-15:09:56  ... thread 93: (693000,6587000) ops and (69293.4,82303.2) ops/second in (10.000954,80.033381) seconds
2026/03/15-15:09:56  ... thread 124: (688000,5370000) ops and (68791.6,67091.8) ops/second in (10.001223,80.039597) seconds
2026/03/15-15:09:56  ... thread 126: (1011000,6663000) ops and (101041.6,83247.1) ops/second in (10.005775,80.038824) seconds
2026/03/15-15:09:56  ... thread 117: (692000,6575000) ops and (69118.0,82126.9) ops/second in (10.011860,80.058993) seconds
2026/03/15-15:09:56  ... thread 94: (693000,5505000) ops and (69289.1,68773.3) ops/second in (10.001570,80.045593) seconds
2026/03/15-15:09:56  ... thread 106: (690000,6658000) ops and (68985.6,83179.9) ops/second in (10.002085,80.043345) seconds
2026/03/15-15:09:56  ... thread 98: (1008000,6760000) ops and (100718.9,84447.1) ops/second in (10.008057,80.050117) seconds
2026/03/15-15:09:56  ... thread 123: (695000,5415000) ops and (69463.6,67642.7) ops/second in (10.005234,80.053030) seconds
2026/03/15-15:09:56  ... thread 6: (691000,5587000) ops and (69047.5,69796.4) ops/second in (10.007609,80.047163) seconds
2026/03/15-15:09:56  ... thread 90: (615000,5258000) ops and (61481.8,65681.2) ops/second in (10.002959,80.053322) seconds
2026/03/15-15:09:56  ... thread 125: (966000,6634000) ops and (96560.0,82870.0) ops/second in (10.004138,80.053101) seconds
2026/03/15-15:09:56  ... thread 2: (687000,5427000) ops and (68638.3,67792.8) ops/second in (10.008988,80.052697) seconds
2026/03/15-15:09:56  ... thread 4: (696000,5456000) ops and (69558.0,68152.0) ops/second in (10.006042,80.056298) seconds
2026/03/15-15:09:56  ... thread 96: (691000,5414000) ops and (69095.9,67626.8) ops/second in (10.000595,80.057069) seconds
2026/03/15-15:09:56  ... thread 122: (691000,5430000) ops and (69026.2,67828.5) ops/second in (10.010696,80.054807) seconds
2026/03/15-15:09:56  ... thread 121: (688000,5492000) ops and (68696.4,68580.8) ops/second in (10.015078,80.080758) seconds
2026/03/15-15:09:56  ... thread 120: (689000,5409000) ops and (68897.4,67560.3) ops/second in (10.000372,80.061820) seconds
2026/03/15-15:09:56  ... thread 108: (696000,5464000) ops and (69502.4,68249.7) ops/second in (10.014042,80.058908) seconds
2026/03/15-15:09:56  ... thread 110: (694000,5441000) ops and (69317.6,67954.4) ops/second in (10.011884,80.068413) seconds
2026/03/15-15:09:56  ... thread 5: (694000,5428000) ops and (69321.8,67800.3) ops/second in (10.011276,80.058664) seconds
2026/03/15-15:09:56  ... thread 127: (689000,5413000) ops and (68850.1,67600.6) ops/second in (10.007244,80.073213) seconds
2026/03/15-15:10:06  ... thread 25: (1008000,8902000) ops and (100764.8,98878.6) ops/second in (10.003497,90.029633) seconds
2026/03/15-15:10:06  ... thread 56: (739000,7393000) ops and (73815.6,82113.6) ops/second in (10.011434,90.033832) seconds
2026/03/15-15:10:06  ... thread 17: (978000,7122000) ops and (97797.9,79097.8) ops/second in (10.000218,90.040424) seconds
2026/03/15-15:10:06  ... thread 32: (685000,6136000) ops and (68495.1,68145.6) ops/second in (10.000715,90.042442) seconds
2026/03/15-15:10:06  ... thread 38: (683000,6139000) ops and (68291.0,68177.6) ops/second in (10.001324,90.044231) seconds
2026/03/15-15:10:06  ... thread 20: (675000,6012000) ops and (67399.2,66765.5) ops/second in (10.014961,90.046560) seconds
2026/03/15-15:10:06  ... thread 51: (957000,8615000) ops and (95611.3,95679.9) ops/second in (10.009274,90.039838) seconds
2026/03/15-15:10:06  ... thread 58: (955000,8543000) ops and (95455.5,94871.8) ops/second in (10.004666,90.047864) seconds
2026/03/15-15:10:06  ... thread 8: (662000,5918000) ops and (66131.7,65718.0) ops/second in (10.010327,90.051364) seconds
2026/03/15-15:10:06  ... thread 43: (960000,7228000) ops and (95960.0,80267.2) ops/second in (10.004170,90.049201) seconds
2026/03/15-15:10:06  ... thread 41: (739000,7212000) ops and (73899.8,80086.8) ops/second in (10.000025,90.052335) seconds
2026/03/15-15:10:06  ... thread 57: (999000,8794000) ops and (99878.2,97667.7) ops/second in (10.002184,90.040021) seconds
2026/03/15-15:10:06  ... thread 46: (962000,7753000) ops and (96107.9,86097.9) ops/second in (10.009578,90.048697) seconds
2026/03/15-15:10:06  ... thread 21: (670000,6473000) ops and (66954.9,71877.3) ops/second in (10.006733,90.056187) seconds
2026/03/15-15:10:06  ... thread 45: (976000,7194000) ops and (97581.8,79892.6) ops/second in (10.001864,90.045891) seconds
2026/03/15-15:10:06  ... thread 12: (939000,8176000) ops and (93807.4,90786.8) ops/second in (10.009873,90.057145) seconds
2026/03/15-15:10:06  ... thread 40: (688000,6146000) ops and (68748.6,68247.5) ops/second in (10.007483,90.054609) seconds
2026/03/15-15:10:06  ... thread 11: (967000,7234000) ops and (96693.9,80326.0) ops/second in (10.000628,90.058050) seconds
2026/03/15-15:10:06  ... thread 47: (1008000,7931000) ops and (100725.5,88067.4) ops/second in (10.007393,90.056016) seconds
2026/03/15-15:10:06  ... thread 52: (679000,6065000) ops and (67832.5,67353.1) ops/second in (10.009958,90.047777) seconds
2026/03/15-15:10:06  ... thread 18: (936000,7544000) ops and (93524.9,83767.1) ops/second in (10.008029,90.059214) seconds
2026/03/15-15:10:06  ... thread 15: (810000,7311000) ops and (80944.1,81179.4) ops/second in (10.006912,90.059783) seconds
2026/03/15-15:10:06  ... thread 39: (684000,6224000) ops and (68305.1,69111.4) ops/second in (10.013898,90.057559) seconds
2026/03/15-15:10:06  ... thread 68: (686000,6134000) ops and (68592.0,68110.9) ops/second in (10.001163,90.058973) seconds
2026/03/15-15:10:06  ... thread 14: (670000,6383000) ops and (66991.1,70874.0) ops/second in (10.001324,90.061205) seconds
2026/03/15-15:10:06  ... thread 31: (891000,6365000) ops and (89008.3,70675.5) ops/second in (10.010308,90.059538) seconds
2026/03/15-15:10:06  ... thread 54: (682000,7351000) ops and (68111.9,81627.9) ops/second in (10.012938,90.054986) seconds
2026/03/15-15:10:06  ... thread 36: (1005000,7858000) ops and (100441.1,87260.9) ops/second in (10.005860,90.051827) seconds
2026/03/15-15:10:06  ... thread 66: (608000,5443000) ops and (60732.4,60439.5) ops/second in (10.011125,90.056965) seconds
2026/03/15-15:10:06  ... thread 13: (674000,6125000) ops and (67319.6,68006.9) ops/second in (10.011950,90.064368) seconds
2026/03/15-15:10:06  ... thread 61: (681000,6090000) ops and (68061.9,67626.4) ops/second in (10.005596,90.053612) seconds
2026/03/15-15:10:06  ... thread 27: (685000,7939000) ops and (68417.2,88146.7) ops/second in (10.012098,90.065792) seconds
2026/03/15-15:10:06  ... thread 3: (670000,6887000) ops and (66990.6,76464.5) ops/second in (10.001396,90.067939) seconds
2026/03/15-15:10:06  ... thread 35: (684000,6688000) ops and (68327.1,74255.9) ops/second in (10.010669,90.066961) seconds
2026/03/15-15:10:06  ... thread 70: (679000,5792000) ops and (67827.3,64308.4) ops/second in (10.010715,90.066058) seconds
2026/03/15-15:10:06  ... thread 26: (680000,6109000) ops and (67917.8,67826.8) ops/second in (10.012105,90.067606) seconds
2026/03/15-15:10:06  ... thread 48: (966000,7820000) ops and (96554.3,86832.1) ops/second in (10.004735,90.058868) seconds
2026/03/15-15:10:06  ... thread 0: (685000,7015000) ops and (68438.4,77885.5) ops/second in (10.008994,90.068139) seconds

** Compaction Stats [default] **
Level    Files   Size     Score Read(GB)  Rn(GB) Rnp1(GB) Write(GB) WPreComp(GB) Wnew(GB) Moved(GB) W-Amp Rd(MB/s) Wr(MB/s) Comp(sec) CompMergeCPU(sec) Comp(cnt) Avg(sec) KeyIn KeyDrop Rblob(GB) Wblob(GB)
-------------------------------------------------------------------------------------------------------------------------------------------------------------------------------------------------------------
  L7     81/0     10.10 GB   0.0      0.0     0.0      0.0       0.0       0.0      0.0       0.0   0.0      0.0      0.0      0.00              0.00         0    0.000       0      0       0.0       0.0
 Sum     81/0     10.10 GB   0.0      0.0     0.0      0.0       0.0       0.0      0.0       0.0   0.0      0.0      0.0      0.00              0.00         0    0.000       0      0       0.0       0.0
 Int      0/0      0.00 KB   0.0      0.0     0.0      0.0       0.0       0.0      0.0       0.0   0.0      0.0      0.0      0.00              0.00         0    0.000       0      0       0.0       0.0

** Compaction Stats [default] **
Priority    Files   Size     Score Read(GB)  Rn(GB) Rnp1(GB) Write(GB) WPreComp(GB) Wnew(GB) Moved(GB) W-Amp Rd(MB/s) Wr(MB/s) Comp(sec) CompMergeCPU(sec) Comp(cnt) Avg(sec) KeyIn KeyDrop Rblob(GB) Wblob(GB)
----------------------------------------------------------------------------------------------------------------------------------------------------------------------------------------------------------------

Blob file count: 0, total size: 0.0 GB, garbage size: 0.0 GB, space amp: 0.0

Uptime(secs): 90.1 total, 90.1 interval
Flush(GB): cumulative 0.000, interval 0.000
AddFile(GB): cumulative 0.000, interval 0.000
AddFile(Total Files): cumulative 0, interval 0
AddFile(L0 Files): cumulative 0, interval 0
AddFile(Keys): cumulative 0, interval 0
Cumulative compaction: 0.00 GB write, 0.00 MB/s write, 0.00 GB read, 0.00 MB/s read, 0.0 seconds
Interval compaction: 0.00 GB write, 0.00 MB/s write, 0.00 GB read, 0.00 MB/s read, 0.0 seconds
Estimated pending compaction bytes: 0
Write Stall (count): cf-l0-file-count-limit-delays-with-ongoing-compaction: 0, cf-l0-file-count-limit-stops-with-ongoing-compaction: 0, l0-file-count-limit-delays: 0, l0-file-count-limit-stops: 0, memtable-limit-delays: 0, memtable-limit-stops: 0, pending-compaction-bytes-delays: 0, pending-compaction-bytes-stops: 0, total-delays: 0, total-stops: 0
Block cache LRUCache@0x557a4f67f730#1194204 capacity: 29.80 GB seed: 1773583716 usage: 0.09 KB table_size: 1024 occupancy: 1 collections: 1 last_copies: 0 last_secs: 0.000161 secs_since: 90
Block cache entry stats(count,size,portion): Misc(1,0.00 KB,0%)

** File Read Latency Histogram By Level [default] **

** DB Stats **
Uptime(secs): 90.1 total, 10.0 interval
Cumulative writes: 0 writes, 0 keys, 0 commit groups, 0.0 writes per commit group, ingest: 0.00 GB, 0.00 MB/s
Cumulative WAL: 0 writes, 0 syncs, 0.00 writes per sync, written: 0.00 GB, 0.00 MB/s
Cumulative stall: 00:00:0.000 H:M:S, 0.0 percent
Interval writes: 0 writes, 0 keys, 0 commit groups, 0.0 writes per commit group, ingest: 0.00 MB, 0.00 MB/s
Interval WAL: 0 writes, 0 syncs, 0.00 writes per sync, written: 0.00 GB, 0.00 MB/s
Interval stall: 00:00:0.000 H:M:S, 0.0 percent
Write Stall (count): write-buffer-manager-limit-stops: 0
num-running-compactions: 0
num-running-flushes: 0

2026/03/15-15:10:06  ... thread 55: (688000,6152000) ops and (68770.9,68302.9) ops/second in (10.004237,90.069410) seconds
2026/03/15-15:10:06  ... thread 62: (683000,7676000) ops and (68276.2,85242.7) ops/second in (10.003485,90.048775) seconds
2026/03/15-15:10:06  ... thread 30: (964000,7053000) ops and (96319.2,78305.8) ops/second in (10.008388,90.069988) seconds
2026/03/15-15:10:06  ... thread 42: (688000,6173000) ops and (68751.2,68539.2) ops/second in (10.007102,90.065300) seconds
2026/03/15-15:10:06  ... thread 37: (685000,6147000) ops and (68471.0,68249.8) ops/second in (10.004236,90.066239) seconds
2026/03/15-15:10:06  ... thread 53: (686000,6420000) ops and (68502.7,71277.5) ops/second in (10.014208,90.070499) seconds
2026/03/15-15:10:06  ... thread 74: (756000,7396000) ops and (75581.3,82147.2) ops/second in (10.002468,90.033550) seconds
2026/03/15-15:10:06  ... thread 64: (684000,6629000) ops and (68343.6,73606.9) ops/second in (10.008249,90.059432) seconds
2026/03/15-15:10:06  ... thread 60: (689000,7003000) ops and (68866.6,77752.9) ops/second in (10.004855,90.067412) seconds
2026/03/15-15:10:06  ... thread 10: (684000,6509000) ops and (68374.4,72273.5) ops/second in (10.003744,90.060694) seconds
2026/03/15-15:10:06  ... thread 19: (594000,5302000) ops and (59360.2,58861.2) ops/second in (10.006704,90.076269) seconds
2026/03/15-15:10:06  ... thread 24: (682000,6097000) ops and (68164.4,67686.1) ops/second in (10.005218,90.077597) seconds
2026/03/15-15:10:06  ... thread 34: (686000,6446000) ops and (68579.9,71587.7) ops/second in (10.002932,90.043388) seconds
2026/03/15-15:10:06  ... thread 28: (681000,6101000) ops and (68070.4,67730.7) ops/second in (10.004347,90.077256) seconds
2026/03/15-15:10:06  ... thread 29: (684000,6128000) ops and (68379.5,68029.9) ops/second in (10.003000,90.078025) seconds
2026/03/15-15:10:06  ... thread 78: (962000,8754000) ops and (96157.3,97213.7) ops/second in (10.004438,90.049015) seconds
2026/03/15-15:10:06  ... thread 23: (687000,6130000) ops and (68677.0,68051.5) ops/second in (10.003352,90.078809) seconds
2026/03/15-15:10:06  ... thread 44: (680000,7054000) ops and (67955.2,78310.2) ops/second in (10.006594,90.077707) seconds
2026/03/15-15:10:06  ... thread 97: (685000,6108000) ops and (68463.5,67835.7) ops/second in (10.005337,90.041050) seconds
2026/03/15-15:10:06  ... thread 49: (683000,6479000) ops and (68273.9,71938.4) ops/second in (10.003823,90.063156) seconds
2026/03/15-15:10:06  ... thread 80: (684000,6116000) ops and (68383.6,67923.8) ops/second in (10.002405,90.042036) seconds
2026/03/15-15:10:06  ... thread 105: (962000,8593000) ops and (96130.3,95441.5) ops/second in (10.007251,90.034213) seconds
2026/03/15-15:10:06  ... thread 85: (686000,6104000) ops and (68586.5,67788.4) ops/second in (10.001965,90.044896) seconds
2026/03/15-15:10:06  ... thread 1: (677000,7157000) ops and (67661.1,79466.0) ops/second in (10.005742,90.063695) seconds
2026/03/15-15:10:06  ... thread 69: (686000,6749000) ops and (68539.9,74938.7) ops/second in (10.008775,90.060243) seconds
2026/03/15-15:10:06  ... thread 50: (685000,6117000) ops and (68415.8,67908.5) ops/second in (10.012310,90.077075) seconds
2026/03/15-15:10:06  ... thread 67: (688000,6115000) ops and (68756.2,67898.0) ops/second in (10.006372,90.061525) seconds
2026/03/15-15:10:06  ... thread 102: (966000,8379000) ops and (96513.4,93052.5) ops/second in (10.008968,90.045974) seconds
2026/03/15-15:10:06  ... thread 73: (608000,6072000) ops and (60796.1,67423.0) ops/second in (10.000638,90.058243) seconds
2026/03/15-15:10:06  ... thread 63: (683000,6126000) ops and (68295.8,68004.4) ops/second in (10.000622,90.082388) seconds
2026/03/15-15:10:06  ... thread 22: (656000,5859000) ops and (65582.5,65035.1) ops/second in (10.002664,90.089783) seconds
2026/03/15-15:10:06  ... thread 101: (980000,7535000) ops and (97967.9,83681.4) ops/second in (10.003273,90.043906) seconds
2026/03/15-15:10:06  ... thread 82: (1010000,8380000) ops and (100932.5,93058.4) ops/second in (10.006690,90.051024) seconds
2026/03/15-15:10:06  ... thread 59: (686000,6088000) ops and (68519.6,67580.6) ops/second in (10.011740,90.085038) seconds
2026/03/15-15:10:06  ... thread 95: (678000,7472000) ops and (67777.9,82972.5) ops/second in (10.003264,90.053939) seconds
2026/03/15-15:10:06  ... thread 33: (689000,6149000) ops and (68809.7,68252.0) ops/second in (10.013121,90.092608) seconds
2026/03/15-15:10:06  ... thread 92: (689000,6535000) ops and (68813.6,72568.9) ops/second in (10.012560,90.052371) seconds
2026/03/15-15:10:06  ... thread 65: (683000,6089000) ops and (68290.2,67612.9) ops/second in (10.001435,90.056769) seconds
2026/03/15-15:10:06  ... thread 9: (662000,5939000) ops and (66132.2,65917.7) ops/second in (10.010254,90.097204) seconds
2026/03/15-15:10:06  ... thread 86: (690000,7838000) ops and (68924.2,87032.5) ops/second in (10.010998,90.058317) seconds
2026/03/15-15:10:06  ... thread 89: (689000,7049000) ops and (68854.0,78271.7) ops/second in (10.006679,90.058117) seconds
2026/03/15-15:10:06  ... thread 83: (677000,6054000) ops and (67673.2,67223.0) ops/second in (10.003954,90.058409) seconds
2026/03/15-15:10:06  ... thread 88: (745000,8412000) ops and (74411.3,93405.1) ops/second in (10.011923,90.059339) seconds
2026/03/15-15:10:06  ... thread 84: (963000,7636000) ops and (96208.7,84789.6) ops/second in (10.009485,90.058237) seconds
2026/03/15-15:10:06  ... thread 71: (688000,6142000) ops and (68720.7,68190.7) ops/second in (10.011543,90.070946) seconds
2026/03/15-15:10:06  ... thread 107: (1004000,7957000) ops and (100350.4,88371.8) ops/second in (10.004939,90.040057) seconds
2026/03/15-15:10:06  ... thread 81: (686000,6142000) ops and (68558.7,68195.4) ops/second in (10.006019,90.064695) seconds
2026/03/15-15:10:06  ... thread 103: (682000,6097000) ops and (68196.5,67698.0) ops/second in (10.000516,90.061694) seconds
2026/03/15-15:10:06  ... thread 79: (683000,6107000) ops and (68273.8,67807.0) ops/second in (10.003831,90.064464) seconds
2026/03/15-15:10:06  ... thread 75: (686000,5943000) ops and (68534.9,65984.7) ops/second in (10.009502,90.066303) seconds
2026/03/15-15:10:06  ... thread 87: (686000,6292000) ops and (68563.3,69860.9) ops/second in (10.005349,90.064692) seconds
2026/03/15-15:10:06  ... thread 99: (686000,6121000) ops and (68599.7,67964.0) ops/second in (10.000043,90.062449) seconds
2026/03/15-15:10:06  ... thread 118: (964000,8754000) ops and (96393.9,97222.7) ops/second in (10.000635,90.040677) seconds
2026/03/15-15:10:06  ... thread 76: (885000,6331000) ops and (88466.1,70283.9) ops/second in (10.003836,90.077541) seconds
2026/03/15-15:10:06  ... thread 91: (683000,6173000) ops and (68252.4,68536.8) ops/second in (10.006977,90.068385) seconds
2026/03/15-15:10:06  ... thread 72: (679000,6069000) ops and (67875.7,67379.8) ops/second in (10.003584,90.071452) seconds
2026/03/15-15:10:06  ... thread 77: (683000,6573000) ops and (68204.6,72964.3) ops/second in (10.013989,90.085206) seconds
2026/03/15-15:10:06  ... thread 100: (689000,6141000) ops and (68813.3,68172.5) ops/second in (10.012605,90.080355) seconds
2026/03/15-15:10:06  ... thread 104: (684000,6127000) ops and (68379.9,68024.9) ops/second in (10.002933,90.069988) seconds
2026/03/15-15:10:06  ... thread 113: (802000,6213000) ops and (80150.9,68980.5) ops/second in (10.006125,90.068958) seconds
2026/03/15-15:10:06  ... thread 109: (679000,6238000) ops and (67872.3,69253.0) ops/second in (10.004075,90.075571) seconds
2026/03/15-15:10:06  ... thread 116: (684000,6116000) ops and (68352.5,67916.5) ops/second in (10.006950,90.051698) seconds
2026/03/15-15:10:06  ... thread 111: (963000,8471000) ops and (96245.0,94054.8) ops/second in (10.005713,90.064548) seconds
2026/03/15-15:10:06  ... thread 119: (687000,6448000) ops and (68625.0,71597.4) ops/second in (10.010929,90.059077) seconds
2026/03/15-15:10:06  ... thread 115: (678000,6257000) ops and (67798.5,69474.9) ops/second in (10.000227,90.061247) seconds
2026/03/15-15:10:06  ... thread 112: (688000,6099000) ops and (68721.5,67708.7) ops/second in (10.011425,90.077028) seconds
2026/03/15-15:10:06  ... thread 16: (926000,6348000) ops and (92575.6,70495.5) ops/second in (10.002636,90.048335) seconds
2026/03/15-15:10:06  ... thread 7: (680000,6106000) ops and (67925.6,67803.9) ops/second in (10.010956,90.053796) seconds
2026/03/15-15:10:06  ... thread 114: (687000,6132000) ops and (68614.8,68063.0) ops/second in (10.012423,90.093036) seconds
2026/03/15-15:10:06  ... thread 93: (686000,7273000) ops and (68522.8,80771.0) ops/second in (10.011271,90.044652) seconds
2026/03/15-15:10:06  ... thread 124: (681000,6051000) ops and (68018.2,67194.8) ops/second in (10.012028,90.051625) seconds
2026/03/15-15:10:06  ... thread 126: (1008000,7671000) ops and (100699.2,85187.1) ops/second in (10.010010,90.048834) seconds
2026/03/15-15:10:06  ... thread 117: (684000,7259000) ops and (68352.6,80596.5) ops/second in (10.006938,90.065931) seconds
2026/03/15-15:10:06  ... thread 106: (682000,7340000) ops and (68195.4,81515.7) ops/second in (10.000677,90.044022) seconds
2026/03/15-15:10:06  ... thread 98: (1005000,7765000) ops and (100481.8,86228.0) ops/second in (10.001811,90.051928) seconds
2026/03/15-15:10:06  ... thread 125: (957000,7591000) ops and (95689.1,84293.6) ops/second in (10.001135,90.054236) seconds
2026/03/15-15:10:06  ... thread 90: (609000,5867000) ops and (60881.1,65148.0) ops/second in (10.003099,90.056421) seconds
2026/03/15-15:10:06  ... thread 2: (680000,6107000) ops and (67996.3,67815.4) ops/second in (10.000549,90.053246) seconds
2026/03/15-15:10:06  ... thread 6: (684000,6271000) ops and (68355.3,69636.2) ops/second in (10.006541,90.053704) seconds
2026/03/15-15:10:06  ... thread 94: (687000,6192000) ops and (68601.2,68754.2) ops/second in (10.014402,90.059995) seconds
2026/03/15-15:10:06  ... thread 4: (685000,6141000) ops and (68437.7,68183.8) ops/second in (10.009105,90.065403) seconds
2026/03/15-15:10:06  ... thread 96: (686000,6100000) ops and (68542.2,67728.5) ops/second in (10.008434,90.065503) seconds
2026/03/15-15:10:06  ... thread 123: (685000,6100000) ops and (68405.1,67727.4) ops/second in (10.013879,90.066909) seconds
2026/03/15-15:10:06  ... thread 108: (681000,6145000) ops and (68067.7,68229.5) ops/second in (10.004749,90.063657) seconds
2026/03/15-15:10:06  ... thread 121: (681000,6173000) ops and (68031.6,68519.7) ops/second in (10.010057,90.090815) seconds
2026/03/15-15:10:06  ... thread 120: (682000,6091000) ops and (68142.6,67625.0) ops/second in (10.008430,90.070250) seconds
2026/03/15-15:10:06  ... thread 122: (683000,6113000) ops and (68202.2,67870.1) ops/second in (10.014345,90.069152) seconds
2026/03/15-15:10:06  ... thread 110: (681000,6122000) ops and (68058.9,67966.0) ops/second in (10.006045,90.074458) seconds
2026/03/15-15:10:06  ... thread 5: (680000,6108000) ops and (67958.5,67817.9) ops/second in (10.006100,90.064764) seconds
2026/03/15-15:10:06  ... thread 127: (682000,6095000) ops and (68123.1,67658.7) ops/second in (10.011294,90.084507) seconds
2026/03/15-15:10:16  ... thread 25: (1000000,9902000) ops and (99923.5,98983.1) ops/second in (10.007654,100.037287) seconds
2026/03/15-15:10:16  ... thread 56: (673000,8066000) ops and (67275.4,80629.8) ops/second in (10.003654,100.037486) seconds
2026/03/15-15:10:16  ... thread 51: (953000,9568000) ops and (95270.4,95638.9) ops/second in (10.003105,100.042943) seconds
2026/03/15-15:10:16  ... thread 17: (926000,8048000) ops and (92504.2,80439.2) ops/second in (10.010355,100.050779) seconds
2026/03/15-15:10:16  ... thread 38: (675000,6814000) ops and (67445.0,68104.3) ops/second in (10.008162,100.052393) seconds
2026/03/15-15:10:16  ... thread 20: (668000,6680000) ops and (66745.7,66763.5) ops/second in (10.008138,100.054698) seconds
2026/03/15-15:10:16  ... thread 43: (951000,8179000) ops and (95040.1,81744.6) ops/second in (10.006299,100.055500) seconds
2026/03/15-15:10:16  ... thread 32: (679000,6815000) ops and (67806.4,68111.7) ops/second in (10.013811,100.056253) seconds
2026/03/15-15:10:16  ... thread 41: (678000,7890000) ops and (67761.5,78854.2) ops/second in (10.005689,100.058024) seconds
2026/03/15-15:10:16  ... thread 21: (658000,7131000) ops and (65780.4,71267.8) ops/second in (10.002986,100.059173) seconds
2026/03/15-15:10:16  ... thread 12: (719000,8895000) ops and (71883.7,88897.2) ops/second in (10.002262,100.059407) seconds
2026/03/15-15:10:16  ... thread 58: (945000,9488000) ops and (94415.5,94826.1) ops/second in (10.008950,100.056814) seconds
2026/03/15-15:10:16  ... thread 52: (670000,6735000) ops and (66981.1,67315.9) ops/second in (10.002826,100.050603) seconds
2026/03/15-15:10:16  ... thread 31: (948000,7313000) ops and (94795.3,73086.1) ops/second in (10.000491,100.060029) seconds
2026/03/15-15:10:16  ... thread 18: (926000,8470000) ops and (92572.5,84647.4) ops/second in (10.002968,100.062182) seconds
2026/03/15-15:10:16  ... thread 40: (681000,6827000) ops and (68063.4,68229.1) ops/second in (10.005380,100.059989) seconds
2026/03/15-15:10:16  ... thread 57: (996000,9790000) ops and (99519.9,97853.0) ops/second in (10.008052,100.048073) seconds
2026/03/15-15:10:16  ... thread 47: (1005000,8936000) ops and (100450.0,89305.5) ops/second in (10.004981,100.060997) seconds
2026/03/15-15:10:16  ... thread 45: (1002000,8196000) ops and (100129.8,81916.7) ops/second in (10.007009,100.052900) seconds
2026/03/15-15:10:16  ... thread 54: (676000,8027000) ops and (67582.7,80223.8) ops/second in (10.002562,100.057548) seconds
2026/03/15-15:10:16  ... thread 13: (666000,6791000) ops and (66597.1,67866.0) ops/second in (10.000442,100.064810) seconds
2026/03/15-15:10:16  ... thread 39: (676000,6900000) ops and (67565.5,68956.8) ops/second in (10.005105,100.062664) seconds
2026/03/15-15:10:16  ... thread 8: (655000,6573000) ops and (65400.4,65686.3) ops/second in (10.015235,100.066599) seconds
2026/03/15-15:10:16  ... thread 15: (801000,8112000) ops and (80035.6,81065.0) ops/second in (10.008045,100.067828) seconds
2026/03/15-15:10:16  ... thread 11: (986000,8220000) ops and (98499.6,82143.9) ops/second in (10.010197,100.068247) seconds
2026/03/15-15:10:16  ... thread 46: (937000,8690000) ops and (93583.0,86846.8) ops/second in (10.012505,100.061202) seconds
2026/03/15-15:10:16  ... thread 68: (677000,6811000) ops and (67635.6,68063.4) ops/second in (10.009522,100.068495) seconds
2026/03/15-15:10:16  ... thread 61: (674000,6764000) ops and (67347.5,67598.5) ops/second in (10.007801,100.061413) seconds
2026/03/15-15:10:16  ... thread 14: (664000,7047000) ops and (66314.4,70417.8) ops/second in (10.012904,100.074109) seconds
2026/03/15-15:10:16  ... thread 74: (661000,8057000) ops and (66096.2,80542.5) ops/second in (10.000581,100.034131) seconds
2026/03/15-15:10:16  ... thread 53: (678000,7098000) ops and (67793.8,70929.3) ops/second in (10.000918,100.071417) seconds
2026/03/15-15:10:16  ... thread 48: (955000,8775000) ops and (95453.8,87694.1) ops/second in (10.004835,100.063703) seconds
2026/03/15-15:10:16  ... thread 26: (674000,6783000) ops and (67362.1,67780.4) ops/second in (10.005627,100.073233) seconds
2026/03/15-15:10:16  ... thread 66: (650000,6093000) ops and (64925.7,60888.3) ops/second in (10.011448,100.068413) seconds
2026/03/15-15:10:16  ... thread 27: (675000,8614000) ops and (67433.4,86074.9) ops/second in (10.009873,100.075665) seconds
2026/03/15-15:10:16  ... thread 62: (676000,8352000) ops and (67571.0,83475.7) ops/second in (10.004298,100.053073) seconds
2026/03/15-15:10:16  ... thread 55: (682000,6834000) ops and (68163.3,68288.9) ops/second in (10.005389,100.074799) seconds
2026/03/15-15:10:16  ... thread 10: (671000,7180000) ops and (67092.9,71755.7) ops/second in (10.001051,100.061745) seconds
2026/03/15-15:10:16  ... thread 70: (672000,6464000) ops and (67143.3,64591.9) ops/second in (10.008445,100.074503) seconds
2026/03/15-15:10:16  ... thread 36: (971000,8829000) ops and (96955.3,88231.1) ops/second in (10.014924,100.066751) seconds
2026/03/15-15:10:16  ... thread 30: (718000,7771000) ops and (71756.9,77651.0) ops/second in (10.006007,100.075995) seconds
2026/03/15-15:10:16  ... thread 35: (677000,7365000) ops and (67634.8,73593.6) ops/second in (10.009642,100.076603) seconds
2026/03/15-15:10:16  ... thread 3: (663000,7550000) ops and (66224.7,75440.2) ops/second in (10.011366,100.079305) seconds
2026/03/15-15:10:16  ... thread 34: (949000,7395000) ops and (94875.8,73916.0) ops/second in (10.002549,100.045937) seconds
2026/03/15-15:10:16  ... thread 64: (675000,7304000) ops and (67454.7,72991.7) ops/second in (10.006721,100.066153) seconds
2026/03/15-15:10:16  ... thread 60: (681000,7684000) ops and (68052.6,76782.9) ops/second in (10.006959,100.074371) seconds
2026/03/15-15:10:16  ... thread 42: (679000,6852000) ops and (67834.1,68468.6) ops/second in (10.009714,100.075014) seconds
2026/03/15-15:10:16  ... thread 0: (670000,7685000) ops and (66911.3,76787.5) ops/second in (10.013253,100.081392) seconds
2026/03/15-15:10:16  ... thread 29: (677000,6805000) ops and (67675.1,67994.4) ops/second in (10.003678,100.081703) seconds
2026/03/15-15:10:16  ... thread 37: (678000,6825000) ops and (67730.4,68197.8) ops/second in (10.010270,100.076509) seconds

** Compaction Stats [default] **
Level    Files   Size     Score Read(GB)  Rn(GB) Rnp1(GB) Write(GB) WPreComp(GB) Wnew(GB) Moved(GB) W-Amp Rd(MB/s) Wr(MB/s) Comp(sec) CompMergeCPU(sec) Comp(cnt) Avg(sec) KeyIn KeyDrop Rblob(GB) Wblob(GB)
-------------------------------------------------------------------------------------------------------------------------------------------------------------------------------------------------------------
  L7     81/0     10.10 GB   0.0      0.0     0.0      0.0       0.0       0.0      0.0       0.0   0.0      0.0      0.0      0.00              0.00         0    0.000       0      0       0.0       0.0
 Sum     81/0     10.10 GB   0.0      0.0     0.0      0.0       0.0       0.0      0.0       0.0   0.0      0.0      0.0      0.00              0.00         0    0.000       0      0       0.0       0.0
 Int      0/0      0.00 KB   0.0      0.0     0.0      0.0       0.0       0.0      0.0       0.0   0.0      0.0      0.0      0.00              0.00         0    0.000       0      0       0.0       0.0

** Compaction Stats [default] **
Priority    Files   Size     Score Read(GB)  Rn(GB) Rnp1(GB) Write(GB) WPreComp(GB) Wnew(GB) Moved(GB) W-Amp Rd(MB/s) Wr(MB/s) Comp(sec) CompMergeCPU(sec) Comp(cnt) Avg(sec) KeyIn KeyDrop Rblob(GB) Wblob(GB)
----------------------------------------------------------------------------------------------------------------------------------------------------------------------------------------------------------------

Blob file count: 0, total size: 0.0 GB, garbage size: 0.0 GB, space amp: 0.0

Uptime(secs): 100.2 total, 100.1 interval
Flush(GB): cumulative 0.000, interval 0.000
AddFile(GB): cumulative 0.000, interval 0.000
AddFile(Total Files): cumulative 0, interval 0
AddFile(L0 Files): cumulative 0, interval 0
AddFile(Keys): cumulative 0, interval 0
Cumulative compaction: 0.00 GB write, 0.00 MB/s write, 0.00 GB read, 0.00 MB/s read, 0.0 seconds
Interval compaction: 0.00 GB write, 0.00 MB/s write, 0.00 GB read, 0.00 MB/s read, 0.0 seconds
Estimated pending compaction bytes: 0
Write Stall (count): cf-l0-file-count-limit-delays-with-ongoing-compaction: 0, cf-l0-file-count-limit-stops-with-ongoing-compaction: 0, l0-file-count-limit-delays: 0, l0-file-count-limit-stops: 0, memtable-limit-delays: 0, memtable-limit-stops: 0, pending-compaction-bytes-delays: 0, pending-compaction-bytes-stops: 0, total-delays: 0, total-stops: 0
Block cache LRUCache@0x557a4f67f730#1194204 capacity: 29.80 GB seed: 1773583716 usage: 0.09 KB table_size: 1024 occupancy: 1 collections: 1 last_copies: 0 last_secs: 0.000161 secs_since: 100
Block cache entry stats(count,size,portion): Misc(1,0.00 KB,0%)

** File Read Latency Histogram By Level [default] **

** DB Stats **
Uptime(secs): 100.2 total, 10.0 interval
Cumulative writes: 0 writes, 0 keys, 0 commit groups, 0.0 writes per commit group, ingest: 0.00 GB, 0.00 MB/s
Cumulative WAL: 0 writes, 0 syncs, 0.00 writes per sync, written: 0.00 GB, 0.00 MB/s
Cumulative stall: 00:00:0.000 H:M:S, 0.0 percent
Interval writes: 0 writes, 0 keys, 0 commit groups, 0.0 writes per commit group, ingest: 0.00 MB, 0.00 MB/s
Interval WAL: 0 writes, 0 syncs, 0.00 writes per sync, written: 0.00 GB, 0.00 MB/s
Interval stall: 00:00:0.000 H:M:S, 0.0 percent
Write Stall (count): write-buffer-manager-limit-stops: 0
num-running-compactions: 0
num-running-flushes: 0

2026/03/15-15:10:16  ... thread 97: (676000,6784000) ops and (67586.4,67810.8) ops/second in (10.002006,100.043056) seconds
2026/03/15-15:10:16  ... thread 80: (681000,6797000) ops and (68096.7,67941.1) ops/second in (10.000480,100.042516) seconds
2026/03/15-15:10:16  ... thread 78: (953000,9707000) ops and (95249.2,97017.3) ops/second in (10.005334,100.054349) seconds
2026/03/15-15:10:16  ... thread 19: (587000,5889000) ops and (58638.3,58838.9) ops/second in (10.010517,100.086786) seconds
2026/03/15-15:10:16  ... thread 105: (952000,9545000) ops and (95179.1,95415.3) ops/second in (10.002198,100.036411) seconds
2026/03/15-15:10:16  ... thread 28: (674000,6775000) ops and (67324.9,67690.2) ops/second in (10.011158,100.088414) seconds
2026/03/15-15:10:16  ... thread 102: (955000,9334000) ops and (95483.8,93295.5) ops/second in (10.001695,100.047669) seconds
2026/03/15-15:10:16  ... thread 69: (677000,7426000) ops and (67674.9,74212.5) ops/second in (10.003702,100.063945) seconds
2026/03/15-15:10:16  ... thread 82: (1004000,9384000) ops and (100399.0,93792.0) ops/second in (10.000100,100.051124) seconds
2026/03/15-15:10:16  ... thread 101: (944000,8479000) ops and (94389.8,84751.9) ops/second in (10.001085,100.044991) seconds
2026/03/15-15:10:16  ... thread 85: (679000,6783000) ops and (67852.3,67794.8) ops/second in (10.007028,100.051924) seconds
2026/03/15-15:10:16  ... thread 73: (601000,6673000) ops and (60079.5,66688.9) ops/second in (10.003418,100.061661) seconds
2026/03/15-15:10:16  ... thread 24: (677000,6774000) ops and (67599.1,67677.4) ops/second in (10.014927,100.092524) seconds
2026/03/15-15:10:16  ... thread 23: (679000,6809000) ops and (67810.8,68027.4) ops/second in (10.013160,100.091969) seconds
2026/03/15-15:10:16  ... thread 50: (676000,6793000) ops and (67554.9,67873.2) ops/second in (10.006682,100.083757) seconds
2026/03/15-15:10:16  ... thread 44: (672000,7726000) ops and (67105.9,77189.2) ops/second in (10.014023,100.091730) seconds
2026/03/15-15:10:16  ... thread 49: (620000,7099000) ops and (61915.7,70935.5) ops/second in (10.013615,100.076771) seconds
2026/03/15-15:10:16  ... thread 22: (649000,6508000) ops and (64858.8,65017.5) ops/second in (10.006355,100.096138) seconds
2026/03/15-15:10:16  ... thread 63: (675000,6801000) ops and (67442.5,67948.2) ops/second in (10.008523,100.090911) seconds
2026/03/15-15:10:16  ... thread 1: (690000,7847000) ops and (68915.1,78410.4) ops/second in (10.012325,100.076020) seconds
2026/03/15-15:10:16  ... thread 59: (677000,6765000) ops and (67642.2,67586.8) ops/second in (10.008544,100.093582) seconds
2026/03/15-15:10:16  ... thread 84: (952000,8588000) ops and (95192.0,85829.3) ops/second in (10.000845,100.059082) seconds
2026/03/15-15:10:16  ... thread 86: (674000,8512000) ops and (67382.4,85068.2) ops/second in (10.002608,100.060925) seconds
2026/03/15-15:10:16  ... thread 67: (681000,6796000) ops and (68011.9,67909.4) ops/second in (10.012953,100.074478) seconds
2026/03/15-15:10:16  ... thread 33: (679000,6828000) ops and (67848.2,68211.6) ops/second in (10.007631,100.100239) seconds
2026/03/15-15:10:16  ... thread 83: (670000,6724000) ops and (66973.1,67198.1) ops/second in (10.004017,100.062426) seconds
2026/03/15-15:10:16  ... thread 95: (671000,8143000) ops and (67021.1,81376.5) ops/second in (10.011766,100.065705) seconds
2026/03/15-15:10:16  ... thread 88: (679000,9091000) ops and (67855.8,90850.2) ops/second in (10.006521,100.065860) seconds
2026/03/15-15:10:16  ... thread 92: (680000,7215000) ops and (67921.1,72103.9) ops/second in (10.011614,100.063985) seconds
2026/03/15-15:10:16  ... thread 65: (676000,6765000) ops and (67525.0,67604.1) ops/second in (10.011113,100.067882) seconds
2026/03/15-15:10:16  ... thread 81: (680000,6822000) ops and (67973.6,68173.2) ops/second in (10.003889,100.068584) seconds
2026/03/15-15:10:16  ... thread 89: (681000,7730000) ops and (68025.2,77246.6) ops/second in (10.010999,100.069116) seconds
2026/03/15-15:10:16  ... thread 107: (985000,8942000) ops and (98435.0,89378.3) ops/second in (10.006604,100.046661) seconds
2026/03/15-15:10:16  ... thread 9: (648000,6587000) ops and (64711.0,65797.0) ops/second in (10.013759,100.110963) seconds
2026/03/15-15:10:16  ... thread 71: (681000,6823000) ops and (68041.1,68175.7) ops/second in (10.008663,100.079609) seconds
2026/03/15-15:10:16  ... thread 118: (954000,9708000) ops and (95364.9,97037.0) ops/second in (10.003685,100.044362) seconds
2026/03/15-15:10:16  ... thread 87: (677000,6969000) ops and (67658.0,69640.6) ops/second in (10.006209,100.070901) seconds
2026/03/15-15:10:16  ... thread 91: (674000,6847000) ops and (67377.5,68420.9) ops/second in (10.003340,100.071725) seconds
2026/03/15-15:10:16  ... thread 103: (673000,6770000) ops and (67240.1,67652.2) ops/second in (10.008914,100.070608) seconds
2026/03/15-15:10:16  ... thread 99: (679000,6800000) ops and (67839.2,67951.5) ops/second in (10.008960,100.071409) seconds
2026/03/15-15:10:16  ... thread 76: (949000,7280000) ops and (94836.4,72738.7) ops/second in (10.006704,100.084245) seconds
2026/03/15-15:10:16  ... thread 79: (676000,6783000) ops and (67523.5,67778.6) ops/second in (10.011331,100.075795) seconds
2026/03/15-15:10:16  ... thread 75: (678000,6621000) ops and (67712.7,66157.6) ops/second in (10.012886,100.079189) seconds
2026/03/15-15:10:16  ... thread 72: (660000,6729000) ops and (65949.3,67236.8) ops/second in (10.007694,100.079146) seconds
2026/03/15-15:10:16  ... thread 100: (691000,6832000) ops and (69090.3,68264.2) ops/second in (10.001399,100.081754) seconds
2026/03/15-15:10:16  ... thread 77: (675000,7248000) ops and (67428.0,72410.6) ops/second in (10.010679,100.095885) seconds
2026/03/15-15:10:16  ... thread 104: (676000,6803000) ops and (67543.5,67976.7) ops/second in (10.008358,100.078346) seconds
2026/03/15-15:10:16  ... thread 109: (669000,6907000) ops and (66883.5,69016.1) ops/second in (10.002467,100.078038) seconds
2026/03/15-15:10:16  ... thread 113: (817000,7030000) ops and (81641.4,70246.5) ops/second in (10.007182,100.076140) seconds
2026/03/15-15:10:16  ... thread 111: (952000,9423000) ops and (95198.1,94169.0) ops/second in (10.000196,100.064744) seconds
2026/03/15-15:10:16  ... thread 116: (676000,6792000) ops and (67573.8,67882.3) ops/second in (10.003875,100.055573) seconds
2026/03/15-15:10:16  ... thread 119: (680000,7128000) ops and (67929.9,71230.6) ops/second in (10.010318,100.069395) seconds
2026/03/15-15:10:16  ... thread 115: (677000,6934000) ops and (67618.6,69289.2) ops/second in (10.012039,100.073286) seconds
2026/03/15-15:10:16  ... thread 16: (998000,7346000) ops and (99745.3,73420.5) ops/second in (10.005484,100.053819) seconds
2026/03/15-15:10:16  ... thread 112: (681000,6780000) ops and (68030.6,67740.9) ops/second in (10.010198,100.087226) seconds
2026/03/15-15:10:16  ... thread 114: (679000,6811000) ops and (67879.9,68044.7) ops/second in (10.002957,100.095993) seconds
2026/03/15-15:10:16  ... thread 7: (671000,6777000) ops and (67061.1,67729.6) ops/second in (10.005804,100.059600) seconds
2026/03/15-15:10:16  ... thread 124: (677000,6728000) ops and (67685.5,67243.8) ops/second in (10.002144,100.053769) seconds
2026/03/15-15:10:16  ... thread 106: (675000,8015000) ops and (67495.7,80114.2) ops/second in (10.000642,100.044664) seconds
2026/03/15-15:10:16  ... thread 117: (675000,7934000) ops and (67474.8,79284.8) ops/second in (10.003742,100.069673) seconds
2026/03/15-15:10:16  ... thread 126: (1004000,8675000) ops and (100349.3,86703.3) ops/second in (10.005057,100.053891) seconds
2026/03/15-15:10:16  ... thread 93: (677000,7950000) ops and (67645.5,79458.1) ops/second in (10.008062,100.052714) seconds
2026/03/15-15:10:16  ... thread 98: (1001000,8766000) ops and (100055.7,87610.6) ops/second in (10.004432,100.056360) seconds
2026/03/15-15:10:16  ... thread 2: (672000,6779000) ops and (67159.6,67749.8) ops/second in (10.006018,100.059264) seconds
2026/03/15-15:10:16  ... thread 94: (678000,6870000) ops and (67777.7,68656.6) ops/second in (10.003283,100.063278) seconds
2026/03/15-15:10:16  ... thread 90: (602000,6469000) ops and (60160.3,64649.3) ops/second in (10.006605,100.063026) seconds
2026/03/15-15:10:16  ... thread 125: (948000,8539000) ops and (94718.2,85336.3) ops/second in (10.008640,100.062876) seconds
2026/03/15-15:10:16  ... thread 6: (676000,6947000) ops and (67548.2,69427.4) ops/second in (10.007664,100.061368) seconds
2026/03/15-15:10:16  ... thread 123: (676000,6776000) ops and (67588.2,67713.5) ops/second in (10.001751,100.068660) seconds
2026/03/15-15:10:16  ... thread 4: (916000,7057000) ops and (91522.5,70517.9) ops/second in (10.008472,100.073875) seconds
2026/03/15-15:10:16  ... thread 108: (671000,6816000) ops and (67049.3,68111.5) ops/second in (10.007563,100.071220) seconds
2026/03/15-15:10:16  ... thread 122: (676000,6789000) ops and (67579.5,67841.0) ops/second in (10.003029,100.072181) seconds
2026/03/15-15:10:16  ... thread 110: (671000,6793000) ops and (67088.8,67878.3) ops/second in (10.001669,100.076127) seconds
2026/03/15-15:10:16  ... thread 120: (674000,6765000) ops and (67360.4,67598.5) ops/second in (10.005873,100.076123) seconds
2026/03/15-15:10:16  ... thread 96: (682000,6782000) ops and (68118.6,67767.5) ops/second in (10.011956,100.077459) seconds
2026/03/15-15:10:16  ... thread 121: (673000,6846000) ops and (67228.7,68390.6) ops/second in (10.010610,100.101425) seconds
2026/03/15-15:10:16  ... thread 5: (674000,6782000) ops and (67312.7,67767.3) ops/second in (10.012966,100.077730) seconds
2026/03/15-15:10:16  ... thread 127: (675000,6770000) ops and (67412.3,67634.0) ops/second in (10.013013,100.097520) seconds
2026/03/15-15:10:26  ... thread 25: (708000,10610000) ops and (70742.9,96414.8) ops/second in (10.008065,110.045352) seconds
2026/03/15-15:10:26  ... thread 56: (667000,8733000) ops and (66627.9,79356.1) ops/second in (10.010828,110.048314) seconds
2026/03/15-15:10:26  ... thread 43: (939000,9118000) ops and (93898.3,82849.0) ops/second in (10.000176,110.055676) seconds
2026/03/15-15:10:26  ... thread 41: (671000,8561000) ops and (67092.1,77785.4) ops/second in (10.001172,110.059196) seconds
2026/03/15-15:10:26  ... thread 51: (945000,10513000) ops and (94404.6,95526.7) ops/second in (10.010104,110.053047) seconds
2026/03/15-15:10:26  ... thread 17: (917000,8965000) ops and (91604.3,81454.7) ops/second in (10.010446,110.061225) seconds
2026/03/15-15:10:26  ... thread 38: (668000,7482000) ops and (66754.3,67981.6) ops/second in (10.006846,110.059239) seconds
2026/03/15-15:10:26  ... thread 31: (938000,8251000) ops and (93796.5,74967.9) ops/second in (10.000374,110.060403) seconds
2026/03/15-15:10:26  ... thread 57: (992000,10782000) ops and (99195.4,97975.0) ops/second in (10.000461,110.048534) seconds
2026/03/15-15:10:26  ... thread 52: (663000,7398000) ops and (66274.7,67221.3) ops/second in (10.003823,110.054426) seconds
2026/03/15-15:10:26  ... thread 20: (657000,7337000) ops and (65627.5,66660.2) ops/second in (10.011054,110.065752) seconds
2026/03/15-15:10:26  ... thread 54: (664000,8691000) ops and (66389.4,78966.6) ops/second in (10.001600,110.059148) seconds
2026/03/15-15:10:26  ... thread 45: (999000,9195000) ops and (99874.1,83548.8) ops/second in (10.002597,110.055497) seconds
2026/03/15-15:10:26  ... thread 12: (973000,9868000) ops and (97222.6,89654.2) ops/second in (10.007957,110.067364) seconds
2026/03/15-15:10:26  ... thread 47: (1000000,9936000) ops and (99956.4,90273.6) ops/second in (10.004361,110.065358) seconds
2026/03/15-15:10:26  ... thread 32: (663000,7478000) ops and (66233.9,67940.9) ops/second in (10.009984,110.066237) seconds
2026/03/15-15:10:26  ... thread 58: (936000,10424000) ops and (93513.8,94706.8) ops/second in (10.009223,110.066037) seconds
2026/03/15-15:10:26  ... thread 21: (652000,7783000) ops and (65132.7,70709.9) ops/second in (10.010328,110.069501) seconds
2026/03/15-15:10:26  ... thread 18: (917000,9387000) ops and (91630.8,85282.3) ops/second in (10.007554,110.069736) seconds
2026/03/15-15:10:26  ... thread 11: (958000,9178000) ops and (95782.4,83383.2) ops/second in (10.001840,110.070087) seconds
2026/03/15-15:10:26  ... thread 40: (955000,7782000) ops and (95414.5,70701.1) ops/second in (10.008959,110.068948) seconds
2026/03/15-15:10:26  ... thread 15: (793000,8905000) ops and (79259.4,80900.9) ops/second in (10.005125,110.072953) seconds
2026/03/15-15:10:26  ... thread 61: (665000,7429000) ops and (66491.7,67497.9) ops/second in (10.001249,110.062662) seconds
2026/03/15-15:10:26  ... thread 39: (668000,7568000) ops and (66737.8,68755.0) ops/second in (10.009320,110.071984) seconds
2026/03/15-15:10:26  ... thread 13: (658000,7449000) ops and (65722.3,67671.0) ops/second in (10.011825,110.076635) seconds
2026/03/15-15:10:26  ... thread 10: (669000,7849000) ops and (66894.4,71314.0) ops/second in (10.000834,110.062579) seconds
2026/03/15-15:10:26  ... thread 8: (645000,7218000) ops and (64423.2,65571.4) ops/second in (10.011923,110.078522) seconds
2026/03/15-15:10:26  ... thread 14: (655000,7702000) ops and (65466.2,69967.8) ops/second in (10.005166,110.079275) seconds
2026/03/15-15:10:26  ... thread 68: (669000,7480000) ops and (66836.1,67951.8) ops/second in (10.009566,110.078061) seconds
2026/03/15-15:10:26  ... thread 48: (948000,9723000) ops and (94744.3,88335.0) ops/second in (10.005879,110.069582) seconds
2026/03/15-15:10:26  ... thread 30: (681000,8452000) ops and (68075.9,76780.9) ops/second in (10.003535,110.079530) seconds
2026/03/15-15:10:26  ... thread 46: (673000,9363000) ops and (67210.5,85060.6) ops/second in (10.013312,110.074514) seconds
2026/03/15-15:10:26  ... thread 74: (671000,8728000) ops and (67039.8,79314.4) ops/second in (10.008987,110.043118) seconds
2026/03/15-15:10:26  ... thread 26: (665000,7448000) ops and (66440.6,67658.6) ops/second in (10.008934,110.082167) seconds
2026/03/15-15:10:26  ... thread 27: (668000,9282000) ops and (66744.6,84317.5) ops/second in (10.008293,110.083958) seconds
2026/03/15-15:10:26  ... thread 34: (996000,8391000) ops and (99560.9,76247.3) ops/second in (10.003923,110.049860) seconds
2026/03/15-15:10:26  ... thread 66: (668000,6761000) ops and (66736.6,61420.1) ops/second in (10.009493,110.077906) seconds
2026/03/15-15:10:26  ... thread 70: (663000,7127000) ops and (66250.8,64742.7) ops/second in (10.007422,110.081925) seconds
2026/03/15-15:10:26  ... thread 37: (672000,7497000) ops and (67190.0,68106.3) ops/second in (10.001484,110.077993) seconds
2026/03/15-15:10:26  ... thread 29: (669000,7474000) ops and (66890.3,67894.1) ops/second in (10.001443,110.083146) seconds
2026/03/15-15:10:26  ... thread 55: (672000,7506000) ops and (67129.4,68183.5) ops/second in (10.010510,110.085309) seconds
2026/03/15-15:10:26  ... thread 53: (673000,7771000) ops and (67214.9,70591.5) ops/second in (10.012665,110.084082) seconds
2026/03/15-15:10:26  ... thread 105: (941000,10486000) ops and (94097.7,95295.5) ops/second in (10.000244,110.036655) seconds
2026/03/15-15:10:26  ... thread 36: (668000,9497000) ops and (66732.7,86276.1) ops/second in (10.010088,110.076839) seconds
2026/03/15-15:10:26  ... thread 35: (668000,8033000) ops and (66727.9,72969.3) ops/second in (10.010809,110.087412) seconds
2026/03/15-15:10:26  ... thread 62: (667000,9019000) ops and (66606.7,81940.9) ops/second in (10.014009,110.067082) seconds
2026/03/15-15:10:26  ... thread 42: (673000,7525000) ops and (67232.0,68356.2) ops/second in (10.010119,110.085133) seconds
2026/03/15-15:10:26  ... thread 60: (673000,8357000) ops and (67226.6,75913.9) ops/second in (10.010917,110.085288) seconds
2026/03/15-15:10:26  ... thread 102: (944000,10278000) ops and (94385.6,93394.6) ops/second in (10.001523,110.049192) seconds
2026/03/15-15:10:26  ... thread 28: (665000,7440000) ops and (66486.6,67580.8) ops/second in (10.002011,110.090425) seconds
2026/03/15-15:10:26  ... thread 101: (934000,9413000) ops and (93393.9,85537.2) ops/second in (10.000655,110.045646) seconds
2026/03/15-15:10:26  ... thread 19: (579000,6468000) ops and (57864.4,58750.4) ops/second in (10.006146,110.092932) seconds
2026/03/15-15:10:26  ... thread 97: (666000,7450000) ops and (66540.0,67695.2) ops/second in (10.009019,110.052075) seconds
2026/03/15-15:10:26  ... thread 64: (668000,7972000) ops and (66715.5,72420.8) ops/second in (10.012663,110.078816) seconds
2026/03/15-15:10:26  ... thread 78: (942000,10649000) ops and (94114.6,96753.3) ops/second in (10.009077,110.063426) seconds
2026/03/15-15:10:26  ... thread 3: (653000,8203000) ops and (65198.1,74508.4) ops/second in (10.015635,110.094940) seconds
2026/03/15-15:10:26  ... thread 80: (668000,7465000) ops and (66735.7,67831.5) ops/second in (10.009636,110.052152) seconds
2026/03/15-15:10:26  ... thread 73: (595000,7268000) ops and (59485.3,66034.2) ops/second in (10.002476,110.064137) seconds
2026/03/15-15:10:26  ... thread 24: (668000,7442000) ops and (66783.2,67596.1) ops/second in (10.002520,110.095044) seconds
2026/03/15-15:10:26  ... thread 82: (1000000,10384000) ops and (99956.1,94352.4) ops/second in (10.004395,110.055519) seconds
2026/03/15-15:10:26  ... thread 0: (662000,8347000) ops and (66112.3,75816.6) ops/second in (10.013268,110.094660) seconds

** Compaction Stats [default] **
Level    Files   Size     Score Read(GB)  Rn(GB) Rnp1(GB) Write(GB) WPreComp(GB) Wnew(GB) Moved(GB) W-Amp Rd(MB/s) Wr(MB/s) Comp(sec) CompMergeCPU(sec) Comp(cnt) Avg(sec) KeyIn KeyDrop Rblob(GB) Wblob(GB)
-------------------------------------------------------------------------------------------------------------------------------------------------------------------------------------------------------------
  L7     81/0     10.10 GB   0.0      0.0     0.0      0.0       0.0       0.0      0.0       0.0   0.0      0.0      0.0      0.00              0.00         0    0.000       0      0       0.0       0.0
 Sum     81/0     10.10 GB   0.0      0.0     0.0      0.0       0.0       0.0      0.0       0.0   0.0      0.0      0.0      0.00              0.00         0    0.000       0      0       0.0       0.0
 Int      0/0      0.00 KB   0.0      0.0     0.0      0.0       0.0       0.0      0.0       0.0   0.0      0.0      0.0      0.00              0.00         0    0.000       0      0       0.0       0.0

** Compaction Stats [default] **
Priority    Files   Size     Score Read(GB)  Rn(GB) Rnp1(GB) Write(GB) WPreComp(GB) Wnew(GB) Moved(GB) W-Amp Rd(MB/s) Wr(MB/s) Comp(sec) CompMergeCPU(sec) Comp(cnt) Avg(sec) KeyIn KeyDrop Rblob(GB) Wblob(GB)
----------------------------------------------------------------------------------------------------------------------------------------------------------------------------------------------------------------

Blob file count: 0, total size: 0.0 GB, garbage size: 0.0 GB, space amp: 0.0

Uptime(secs): 110.2 total, 110.1 interval
Flush(GB): cumulative 0.000, interval 0.000
AddFile(GB): cumulative 0.000, interval 0.000
AddFile(Total Files): cumulative 0, interval 0
AddFile(L0 Files): cumulative 0, interval 0
AddFile(Keys): cumulative 0, interval 0
Cumulative compaction: 0.00 GB write, 0.00 MB/s write, 0.00 GB read, 0.00 MB/s read, 0.0 seconds
Interval compaction: 0.00 GB write, 0.00 MB/s write, 0.00 GB read, 0.00 MB/s read, 0.0 seconds
Estimated pending compaction bytes: 0
Write Stall (count): cf-l0-file-count-limit-delays-with-ongoing-compaction: 0, cf-l0-file-count-limit-stops-with-ongoing-compaction: 0, l0-file-count-limit-delays: 0, l0-file-count-limit-stops: 0, memtable-limit-delays: 0, memtable-limit-stops: 0, pending-compaction-bytes-delays: 0, pending-compaction-bytes-stops: 0, total-delays: 0, total-stops: 0
Block cache LRUCache@0x557a4f67f730#1194204 capacity: 29.80 GB seed: 1773583716 usage: 0.09 KB table_size: 1024 occupancy: 1 collections: 1 last_copies: 0 last_secs: 0.000161 secs_since: 110
Block cache entry stats(count,size,portion): Misc(1,0.00 KB,0%)

** File Read Latency Histogram By Level [default] **

** DB Stats **
Uptime(secs): 110.2 total, 10.0 interval
Cumulative writes: 0 writes, 0 keys, 0 commit groups, 0.0 writes per commit group, ingest: 0.00 GB, 0.00 MB/s
Cumulative WAL: 0 writes, 0 syncs, 0.00 writes per sync, written: 0.00 GB, 0.00 MB/s
Cumulative stall: 00:00:0.000 H:M:S, 0.0 percent
Interval writes: 0 writes, 0 keys, 0 commit groups, 0.0 writes per commit group, ingest: 0.00 MB, 0.00 MB/s
Interval WAL: 0 writes, 0 syncs, 0.00 writes per sync, written: 0.00 GB, 0.00 MB/s
Interval stall: 00:00:0.000 H:M:S, 0.0 percent
Write Stall (count): write-buffer-manager-limit-stops: 0
num-running-compactions: 0
num-running-flushes: 0

2026/03/15-15:10:26  ... thread 22: (641000,7149000) ops and (64082.7,64932.6) ops/second in (10.002702,110.098840) seconds
2026/03/15-15:10:26  ... thread 49: (668000,7767000) ops and (66773.7,70557.3) ops/second in (10.003932,110.080703) seconds
2026/03/15-15:10:26  ... thread 1: (665000,8512000) ops and (66495.4,77327.9) ops/second in (10.000693,110.076713) seconds
2026/03/15-15:10:26  ... thread 85: (670000,7453000) ops and (66948.0,67717.8) ops/second in (10.007760,110.059684) seconds
2026/03/15-15:10:26  ... thread 84: (945000,9533000) ops and (94499.3,86617.1) ops/second in (10.000073,110.059155) seconds
2026/03/15-15:10:26  ... thread 23: (670000,7479000) ops and (66949.6,67929.5) ops/second in (10.007534,110.099503) seconds
2026/03/15-15:10:26  ... thread 50: (663000,7456000) ops and (66234.2,67724.1) ops/second in (10.009929,110.093686) seconds
2026/03/15-15:10:26  ... thread 59: (669000,7434000) ops and (66869.2,67521.5) ops/second in (10.004611,110.098193) seconds
2026/03/15-15:10:26  ... thread 69: (670000,8096000) ops and (66899.2,73547.2) ops/second in (10.015063,110.079008) seconds
2026/03/15-15:10:26  ... thread 67: (665000,7461000) ops and (66467.4,67778.4) ops/second in (10.004899,110.079377) seconds
2026/03/15-15:10:26  ... thread 44: (665000,8391000) ops and (66420.6,76210.0) ops/second in (10.011950,110.103680) seconds
2026/03/15-15:10:26  ... thread 63: (666000,7467000) ops and (66529.8,67819.3) ops/second in (10.010556,110.101467) seconds
2026/03/15-15:10:26  ... thread 81: (670000,7492000) ops and (66997.3,68066.4) ops/second in (10.000403,110.068987) seconds
2026/03/15-15:10:26  ... thread 92: (668000,7883000) ops and (66780.8,71620.1) ops/second in (10.002873,110.066858) seconds
2026/03/15-15:10:26  ... thread 83: (662000,7386000) ops and (66141.4,67102.0) ops/second in (10.008863,110.071289) seconds
2026/03/15-15:10:26  ... thread 88: (673000,9764000) ops and (67261.3,88705.9) ops/second in (10.005756,110.071616) seconds
2026/03/15-15:10:26  ... thread 118: (946000,10654000) ops and (94591.9,96814.7) ops/second in (10.000858,110.045220) seconds
2026/03/15-15:10:26  ... thread 95: (662000,8805000) ops and (66158.5,79993.1) ops/second in (10.006278,110.071983) seconds
2026/03/15-15:10:26  ... thread 107: (937000,9879000) ops and (93657.5,89767.3) ops/second in (10.004543,110.051204) seconds
2026/03/15-15:10:26  ... thread 65: (668000,7433000) ops and (66737.1,67525.3) ops/second in (10.009426,110.077308) seconds
2026/03/15-15:10:26  ... thread 33: (673000,7501000) ops and (67205.1,68120.1) ops/second in (10.014126,110.114365) seconds
2026/03/15-15:10:26  ... thread 89: (670000,8400000) ops and (66955.2,76311.1) ops/second in (10.006684,110.075800) seconds
2026/03/15-15:10:26  ... thread 86: (595000,9107000) ops and (59410.0,82733.7) ops/second in (10.015153,110.076078) seconds
2026/03/15-15:10:26  ... thread 99: (672000,7472000) ops and (67179.9,67881.4) ops/second in (10.002993,110.074402) seconds
2026/03/15-15:10:26  ... thread 103: (663000,7433000) ops and (66272.7,67526.8) ops/second in (10.004126,110.074734) seconds
2026/03/15-15:10:26  ... thread 9: (633000,7220000) ops and (63238.5,65564.4) ops/second in (10.009721,110.120684) seconds
2026/03/15-15:10:26  ... thread 87: (669000,7638000) ops and (66835.6,69385.6) ops/second in (10.009633,110.080534) seconds
2026/03/15-15:10:26  ... thread 91: (667000,7514000) ops and (66630.7,68258.1) ops/second in (10.010400,110.082125) seconds
2026/03/15-15:10:26  ... thread 100: (1000000,7832000) ops and (99993.5,71146.7) ops/second in (10.000654,110.082408) seconds
2026/03/15-15:10:26  ... thread 71: (670000,7493000) ops and (66909.0,68060.5) ops/second in (10.013597,110.093206) seconds
2026/03/15-15:10:26  ... thread 79: (669000,7452000) ops and (66843.5,67693.6) ops/second in (10.008454,110.084249) seconds
2026/03/15-15:10:26  ... thread 76: (940000,8220000) ops and (93902.5,74663.0) ops/second in (10.010378,110.094623) seconds
2026/03/15-15:10:26  ... thread 75: (669000,7290000) ops and (66843.3,66219.9) ops/second in (10.008488,110.087677) seconds
2026/03/15-15:10:26  ... thread 72: (669000,7398000) ops and (66835.4,67200.3) ops/second in (10.009661,110.088807) seconds
2026/03/15-15:10:26  ... thread 104: (666000,7469000) ops and (66586.3,67850.4) ops/second in (10.002058,110.080404) seconds
2026/03/15-15:10:26  ... thread 109: (662000,7569000) ops and (66174.0,68757.9) ops/second in (10.003922,110.081960) seconds
2026/03/15-15:10:26  ... thread 77: (667000,7915000) ops and (66611.6,71883.2) ops/second in (10.013269,110.109154) seconds
2026/03/15-15:10:26  ... thread 113: (810000,7840000) ops and (80956.1,71219.9) ops/second in (10.005419,110.081559) seconds
2026/03/15-15:10:26  ... thread 111: (943000,10366000) ops and (94206.3,94172.4) ops/second in (10.009949,110.074693) seconds
2026/03/15-15:10:26  ... thread 116: (668000,7460000) ops and (66736.2,67778.0) ops/second in (10.009566,110.065139) seconds
2026/03/15-15:10:26  ... thread 119: (671000,7799000) ops and (67094.2,70854.7) ops/second in (10.000864,110.070259) seconds
2026/03/15-15:10:26  ... thread 112: (673000,7453000) ops and (67289.2,67699.9) ops/second in (10.001598,110.088824) seconds
2026/03/15-15:10:26  ... thread 115: (668000,7602000) ops and (66770.7,69060.3) ops/second in (10.004391,110.077677) seconds
2026/03/15-15:10:26  ... thread 16: (996000,8342000) ops and (99539.0,75795.1) ops/second in (10.006128,110.059947) seconds
2026/03/15-15:10:26  ... thread 114: (670000,7481000) ops and (66952.0,67945.4) ops/second in (10.007170,110.103163) seconds
2026/03/15-15:10:26  ... thread 126: (998000,9673000) ops and (99798.2,87893.2) ops/second in (10.000176,110.054067) seconds
2026/03/15-15:10:26  ... thread 7: (664000,7441000) ops and (66322.3,67601.6) ops/second in (10.011723,110.071323) seconds
2026/03/15-15:10:26  ... thread 106: (667000,8682000) ops and (66655.0,78890.4) ops/second in (10.006745,110.051409) seconds
2026/03/15-15:10:26  ... thread 117: (668000,8602000) ops and (66748.7,78145.0) ops/second in (10.007689,110.077362) seconds
2026/03/15-15:10:26  ... thread 98: (731000,9497000) ops and (73062.1,86288.1) ops/second in (10.005183,110.061543) seconds
2026/03/15-15:10:26  ... thread 124: (664000,7392000) ops and (66305.7,67158.5) ops/second in (10.014215,110.067984) seconds
2026/03/15-15:10:26  ... thread 94: (671000,7541000) ops and (67069.5,68512.3) ops/second in (10.004544,110.067822) seconds
2026/03/15-15:10:26  ... thread 93: (669000,8619000) ops and (66795.2,78305.8) ops/second in (10.015697,110.068411) seconds
2026/03/15-15:10:26  ... thread 125: (941000,9480000) ops and (94026.6,86126.5) ops/second in (10.007802,110.070678) seconds
2026/03/15-15:10:26  ... thread 123: (667000,7443000) ops and (66672.5,67618.9) ops/second in (10.004132,110.072792) seconds
2026/03/15-15:10:26  ... thread 2: (666000,7445000) ops and (66529.8,67638.9) ops/second in (10.010556,110.069820) seconds
2026/03/15-15:10:26  ... thread 90: (597000,7066000) ops and (59631.2,64192.8) ops/second in (10.011542,110.074568) seconds
2026/03/15-15:10:26  ... thread 4: (945000,8002000) ops and (94473.8,72694.8) ops/second in (10.002773,110.076648) seconds
2026/03/15-15:10:26  ... thread 122: (924000,7713000) ops and (92371.5,70070.2) ops/second in (10.003085,110.075266) seconds
2026/03/15-15:10:26  ... thread 6: (669000,7616000) ops and (66806.0,69188.9) ops/second in (10.014076,110.075444) seconds
2026/03/15-15:10:26  ... thread 96: (680000,7462000) ops and (67969.4,67785.9) ops/second in (10.004508,110.081967) seconds
2026/03/15-15:10:26  ... thread 121: (667000,7513000) ops and (66650.3,68232.5) ops/second in (10.007462,110.108887) seconds
2026/03/15-15:10:26  ... thread 108: (666000,7482000) ops and (66508.4,67965.7) ops/second in (10.013778,110.084998) seconds
2026/03/15-15:10:26  ... thread 120: (667000,7432000) ops and (66620.4,67509.6) ops/second in (10.011945,110.088068) seconds
2026/03/15-15:10:26  ... thread 110: (666000,7459000) ops and (66502.7,67753.2) ops/second in (10.014629,110.090756) seconds
2026/03/15-15:10:26  ... thread 5: (667000,7449000) ops and (66622.6,67663.2) ops/second in (10.011625,110.089355) seconds
2026/03/15-15:10:26  ... thread 127: (666000,7436000) ops and (66543.7,67534.9) ops/second in (10.008461,110.105981) seconds
2026/03/15-15:10:36  ... thread 56: (658000,9391000) ops and (65777.5,78224.6) ops/second in (10.003428,120.051742) seconds
2026/03/15-15:10:36  ... thread 25: (657000,11267000) ops and (65609.0,93845.3) ops/second in (10.013876,120.059228) seconds
2026/03/15-15:10:36  ... thread 43: (930000,10048000) ops and (92968.2,83692.1) ops/second in (10.003417,120.059093) seconds
2026/03/15-15:10:36  ... thread 17: (906000,9871000) ops and (90585.6,82215.3) ops/second in (10.001585,120.062810) seconds
2026/03/15-15:10:36  ... thread 57: (985000,11767000) ops and (98491.6,98018.0) ops/second in (10.000848,120.049382) seconds
2026/03/15-15:10:36  ... thread 51: (935000,11448000) ops and (93457.2,95354.2) ops/second in (10.004581,120.057628) seconds
2026/03/15-15:10:36  ... thread 41: (659000,9220000) ops and (65833.5,76789.0) ops/second in (10.010096,120.069292) seconds
2026/03/15-15:10:36  ... thread 47: (993000,10929000) ops and (99269.1,91023.1) ops/second in (10.003111,120.068469) seconds
2026/03/15-15:10:36  ... thread 32: (653000,8131000) ops and (65279.3,67719.2) ops/second in (10.003176,120.069413) seconds
2026/03/15-15:10:36  ... thread 38: (658000,8140000) ops and (65730.8,67793.9) ops/second in (10.010529,120.069768) seconds
2026/03/15-15:10:36  ... thread 20: (645000,7982000) ops and (64459.8,66476.8) ops/second in (10.006234,120.071986) seconds
2026/03/15-15:10:36  ... thread 45: (991000,10186000) ops and (99045.6,84840.2) ops/second in (10.005497,120.060994) seconds
2026/03/15-15:10:36  ... thread 18: (907000,10294000) ops and (90677.4,85731.7) ops/second in (10.002489,120.072225) seconds
2026/03/15-15:10:36  ... thread 58: (928000,11352000) ops and (92770.2,94545.4) ops/second in (10.003207,120.069244) seconds
2026/03/15-15:10:36  ... thread 31: (931000,9182000) ops and (93002.0,76471.5) ops/second in (10.010540,120.070943) seconds
2026/03/15-15:10:36  ... thread 15: (787000,9692000) ops and (78696.5,80717.3) ops/second in (10.000439,120.073392) seconds
2026/03/15-15:10:36  ... thread 40: (992000,8774000) ops and (99183.7,73073.7) ops/second in (10.001644,120.070592) seconds
2026/03/15-15:10:36  ... thread 52: (655000,8053000) ops and (65446.0,67073.3) ops/second in (10.008256,120.062682) seconds
2026/03/15-15:10:36  ... thread 11: (953000,10131000) ops and (95258.0,84372.6) ops/second in (10.004409,120.074496) seconds
2026/03/15-15:10:36  ... thread 54: (661000,9352000) ops and (66041.0,77889.1) ops/second in (10.008935,120.068083) seconds
2026/03/15-15:10:36  ... thread 21: (660000,8443000) ops and (65959.5,70314.0) ops/second in (10.006146,120.075647) seconds
2026/03/15-15:10:36  ... thread 12: (968000,10836000) ops and (96715.0,90242.7) ops/second in (10.008790,120.076154) seconds
2026/03/15-15:10:36  ... thread 39: (659000,8227000) ops and (65880.1,68515.5) ops/second in (10.003020,120.075004) seconds
2026/03/15-15:10:36  ... thread 13: (646000,8095000) ops and (64569.0,67412.6) ops/second in (10.004806,120.081441) seconds
2026/03/15-15:10:36  ... thread 48: (935000,10658000) ops and (93492.6,88764.6) ops/second in (10.000792,120.070374) seconds
2026/03/15-15:10:36  ... thread 68: (658000,8138000) ops and (65782.0,67771.0) ops/second in (10.002733,120.080794) seconds
2026/03/15-15:10:36  ... thread 30: (676000,9128000) ops and (67585.3,76014.9) ops/second in (10.002181,120.081711) seconds
2026/03/15-15:10:36  ... thread 74: (660000,9388000) ops and (65995.8,78204.8) ops/second in (10.000630,120.043748) seconds
2026/03/15-15:10:36  ... thread 8: (639000,7857000) ops and (63857.6,65428.6) ops/second in (10.006635,120.085157) seconds
2026/03/15-15:10:36  ... thread 14: (641000,8343000) ops and (64052.3,69474.8) ops/second in (10.007446,120.086721) seconds
2026/03/15-15:10:36  ... thread 34: (989000,9380000) ops and (98880.6,78132.9) ops/second in (10.001961,120.051821) seconds
2026/03/15-15:10:36  ... thread 53: (660000,8431000) ops and (65992.9,70208.5) ops/second in (10.001071,120.085153) seconds
2026/03/15-15:10:36  ... thread 61: (656000,8085000) ops and (65499.6,67331.2) ops/second in (10.015334,120.077996) seconds
2026/03/15-15:10:36  ... thread 10: (660000,8509000) ops and (65920.1,70864.2) ops/second in (10.012128,120.074707) seconds
2026/03/15-15:10:36  ... thread 62: (661000,9680000) ops and (66096.3,80621.2) ops/second in (10.000558,120.067640) seconds
2026/03/15-15:10:36  ... thread 105: (931000,11417000) ops and (93071.4,95110.2) ops/second in (10.003075,120.039730) seconds
2026/03/15-15:10:36  ... thread 27: (659000,9941000) ops and (65854.1,82778.9) ops/second in (10.006969,120.090927) seconds
2026/03/15-15:10:36  ... thread 46: (663000,10026000) ops and (66232.2,83491.0) ops/second in (10.010243,120.084757) seconds
2026/03/15-15:10:36  ... thread 37: (660000,8157000) ops and (65952.8,67926.8) ops/second in (10.007156,120.085149) seconds
2026/03/15-15:10:36  ... thread 66: (659000,7420000) ops and (65847.6,61789.1) ops/second in (10.007954,120.085860) seconds
2026/03/15-15:10:36  ... thread 29: (652000,8126000) ops and (65132.8,67664.0) ops/second in (10.010323,120.093469) seconds
2026/03/15-15:10:36  ... thread 24: (657000,8099000) ops and (65692.3,67437.6) ops/second in (10.001168,120.096212) seconds
2026/03/15-15:10:36  ... thread 35: (659000,8692000) ops and (65848.1,72375.9) ops/second in (10.007883,120.095295) seconds
2026/03/15-15:10:36  ... thread 102: (936000,11214000) ops and (93551.1,93407.6) ops/second in (10.005224,120.054416) seconds
2026/03/15-15:10:36  ... thread 78: (938000,11587000) ops and (93768.4,96504.6) ops/second in (10.003366,120.066792) seconds
2026/03/15-15:10:36  ... thread 36: (657000,10154000) ops and (65633.0,84555.3) ops/second in (10.010205,120.087044) seconds
2026/03/15-15:10:36  ... thread 26: (657000,8105000) ops and (65599.2,67486.8) ops/second in (10.015370,120.097537) seconds
2026/03/15-15:10:36  ... thread 55: (665000,8171000) ops and (66416.2,68036.1) ops/second in (10.012614,120.097923) seconds
2026/03/15-15:10:36  ... thread 101: (925000,10338000) ops and (92433.0,86112.0) ops/second in (10.007245,120.052891) seconds
2026/03/15-15:10:36  ... thread 0: (654000,9001000) ops and (65377.5,74947.1) ops/second in (10.003439,120.098099) seconds
2026/03/15-15:10:36  ... thread 70: (656000,7783000) ops and (65501.1,64805.9) ops/second in (10.015104,120.097029) seconds

** Compaction Stats [default] **
Level    Files   Size     Score Read(GB)  Rn(GB) Rnp1(GB) Write(GB) WPreComp(GB) Wnew(GB) Moved(GB) W-Amp Rd(MB/s) Wr(MB/s) Comp(sec) CompMergeCPU(sec) Comp(cnt) Avg(sec) KeyIn KeyDrop Rblob(GB) Wblob(GB)
-------------------------------------------------------------------------------------------------------------------------------------------------------------------------------------------------------------
  L7     81/0     10.10 GB   0.0      0.0     0.0      0.0       0.0       0.0      0.0       0.0   0.0      0.0      0.0      0.00              0.00         0    0.000       0      0       0.0       0.0
 Sum     81/0     10.10 GB   0.0      0.0     0.0      0.0       0.0       0.0      0.0       0.0   0.0      0.0      0.0      0.00              0.00         0    0.000       0      0       0.0       0.0
 Int      0/0      0.00 KB   0.0      0.0     0.0      0.0       0.0       0.0      0.0       0.0   0.0      0.0      0.0      0.00              0.00         0    0.000       0      0       0.0       0.0

** Compaction Stats [default] **
Priority    Files   Size     Score Read(GB)  Rn(GB) Rnp1(GB) Write(GB) WPreComp(GB) Wnew(GB) Moved(GB) W-Amp Rd(MB/s) Wr(MB/s) Comp(sec) CompMergeCPU(sec) Comp(cnt) Avg(sec) KeyIn KeyDrop Rblob(GB) Wblob(GB)
----------------------------------------------------------------------------------------------------------------------------------------------------------------------------------------------------------------

Blob file count: 0, total size: 0.0 GB, garbage size: 0.0 GB, space amp: 0.0

Uptime(secs): 120.2 total, 120.1 interval
Flush(GB): cumulative 0.000, interval 0.000
AddFile(GB): cumulative 0.000, interval 0.000
AddFile(Total Files): cumulative 0, interval 0
AddFile(L0 Files): cumulative 0, interval 0
AddFile(Keys): cumulative 0, interval 0
Cumulative compaction: 0.00 GB write, 0.00 MB/s write, 0.00 GB read, 0.00 MB/s read, 0.0 seconds
Interval compaction: 0.00 GB write, 0.00 MB/s write, 0.00 GB read, 0.00 MB/s read, 0.0 seconds
Estimated pending compaction bytes: 0
Write Stall (count): cf-l0-file-count-limit-delays-with-ongoing-compaction: 0, cf-l0-file-count-limit-stops-with-ongoing-compaction: 0, l0-file-count-limit-delays: 0, l0-file-count-limit-stops: 0, memtable-limit-delays: 0, memtable-limit-stops: 0, pending-compaction-bytes-delays: 0, pending-compaction-bytes-stops: 0, total-delays: 0, total-stops: 0
Block cache LRUCache@0x557a4f67f730#1194204 capacity: 29.80 GB seed: 1773583716 usage: 0.09 KB table_size: 1024 occupancy: 1 collections: 1 last_copies: 0 last_secs: 0.000161 secs_since: 120
Block cache entry stats(count,size,portion): Misc(1,0.00 KB,0%)

** File Read Latency Histogram By Level [default] **

** DB Stats **
Uptime(secs): 120.2 total, 10.0 interval
Cumulative writes: 0 writes, 0 keys, 0 commit groups, 0.0 writes per commit group, ingest: 0.00 GB, 0.00 MB/s
Cumulative WAL: 0 writes, 0 syncs, 0.00 writes per sync, written: 0.00 GB, 0.00 MB/s
Cumulative stall: 00:00:0.000 H:M:S, 0.0 percent
Interval writes: 0 writes, 0 keys, 0 commit groups, 0.0 writes per commit group, ingest: 0.00 MB, 0.00 MB/s
Interval WAL: 0 writes, 0 syncs, 0.00 writes per sync, written: 0.00 GB, 0.00 MB/s
Interval stall: 00:00:0.000 H:M:S, 0.0 percent
Write Stall (count): write-buffer-manager-limit-stops: 0
num-running-compactions: 0
num-running-flushes: 0

2026/03/15-15:10:36  ... thread 1: (657000,9169000) ops and (65695.0,76359.0) ops/second in (10.000767,120.077480) seconds
2026/03/15-15:10:36  ... thread 19: (571000,7039000) ops and (57054.8,58609.1) ops/second in (10.007920,120.100852) seconds
2026/03/15-15:10:36  ... thread 73: (588000,7856000) ops and (58763.6,65428.3) ops/second in (10.006202,120.070339) seconds
2026/03/15-15:10:36  ... thread 84: (935000,10468000) ops and (93488.5,87189.5) ops/second in (10.001227,120.060382) seconds
2026/03/15-15:10:36  ... thread 42: (655000,8180000) ops and (65425.1,68111.9) ops/second in (10.011443,120.096576) seconds
2026/03/15-15:10:36  ... thread 97: (656000,8106000) ops and (65527.7,67514.5) ops/second in (10.011038,120.063113) seconds
2026/03/15-15:10:36  ... thread 82: (986000,11370000) ops and (98521.3,94699.9) ops/second in (10.007988,120.063507) seconds
2026/03/15-15:10:36  ... thread 28: (658000,8098000) ops and (65720.2,67425.7) ops/second in (10.012149,120.102574) seconds
2026/03/15-15:10:36  ... thread 60: (662000,9019000) ops and (66118.3,75097.2) ops/second in (10.012364,120.097652) seconds
2026/03/15-15:10:36  ... thread 80: (662000,8127000) ops and (66132.6,67689.8) ops/second in (10.010189,120.062341) seconds
2026/03/15-15:10:36  ... thread 64: (661000,8633000) ops and (66010.5,71886.3) ops/second in (10.013552,120.092368) seconds
2026/03/15-15:10:36  ... thread 3: (644000,8847000) ops and (64316.6,73658.8) ops/second in (10.012970,120.107910) seconds
2026/03/15-15:10:36  ... thread 85: (658000,8111000) ops and (65736.8,67552.7) ops/second in (10.009618,120.069302) seconds
2026/03/15-15:10:36  ... thread 59: (659000,8093000) ops and (65861.3,67383.2) ops/second in (10.005872,120.104065) seconds
2026/03/15-15:10:36  ... thread 81: (663000,8155000) ops and (66286.0,67918.1) ops/second in (10.002106,120.071093) seconds
2026/03/15-15:10:36  ... thread 67: (659000,8120000) ops and (65863.8,67618.8) ops/second in (10.005490,120.084867) seconds
2026/03/15-15:10:36  ... thread 22: (632000,7781000) ops and (63108.9,64780.5) ops/second in (10.014435,120.113275) seconds
2026/03/15-15:10:36  ... thread 23: (662000,8141000) ops and (66120.5,67778.7) ops/second in (10.012026,120.111529) seconds
2026/03/15-15:10:36  ... thread 83: (654000,8040000) ops and (65389.9,66959.4) ops/second in (10.001549,120.072838) seconds
2026/03/15-15:10:36  ... thread 50: (660000,8116000) ops and (65938.1,67575.3) ops/second in (10.009387,120.103073) seconds
2026/03/15-15:10:36  ... thread 49: (660000,8427000) ops and (65904.1,70169.3) ops/second in (10.014556,120.095259) seconds
2026/03/15-15:10:36  ... thread 88: (661000,10425000) ops and (66080.4,86821.0) ops/second in (10.002969,120.074585) seconds
2026/03/15-15:10:36  ... thread 69: (657000,8753000) ops and (65632.8,72887.5) ops/second in (10.010243,120.089251) seconds
2026/03/15-15:10:36  ... thread 92: (659000,8542000) ops and (65854.1,71139.6) ops/second in (10.006966,120.073824) seconds
2026/03/15-15:10:36  ... thread 44: (656000,9047000) ops and (65525.7,75319.5) ops/second in (10.011342,120.115022) seconds
2026/03/15-15:10:36  ... thread 118: (858000,11512000) ops and (85737.3,95891.4) ops/second in (10.007309,120.052529) seconds
2026/03/15-15:10:36  ... thread 63: (655000,8122000) ops and (65426.8,67619.9) ops/second in (10.011183,120.112650) seconds
2026/03/15-15:10:36  ... thread 65: (660000,8093000) ops and (65970.8,67395.8) ops/second in (10.004421,120.081729) seconds
2026/03/15-15:10:36  ... thread 89: (663000,9063000) ops and (66271.2,75474.6) ops/second in (10.004349,120.080149) seconds
2026/03/15-15:10:36  ... thread 86: (589000,9696000) ops and (58857.1,80743.9) ops/second in (10.007283,120.083361) seconds
2026/03/15-15:10:36  ... thread 107: (928000,10807000) ops and (92708.7,90012.5) ops/second in (10.009851,120.061055) seconds
2026/03/15-15:10:36  ... thread 95: (656000,9461000) ops and (65507.2,78785.1) ops/second in (10.014168,120.086151) seconds
2026/03/15-15:10:36  ... thread 103: (655000,8088000) ops and (65442.3,67353.1) ops/second in (10.008823,120.083557) seconds
2026/03/15-15:10:36  ... thread 87: (660000,8298000) ops and (65963.9,69100.5) ops/second in (10.005476,120.086010) seconds
2026/03/15-15:10:36  ... thread 9: (632000,7852000) ops and (63156.6,65363.9) ops/second in (10.006875,120.127559) seconds
2026/03/15-15:10:36  ... thread 33: (663000,8164000) ops and (66223.1,67962.0) ops/second in (10.011618,120.125983) seconds
2026/03/15-15:10:36  ... thread 100: (995000,8827000) ops and (99440.4,73504.2) ops/second in (10.005997,120.088405) seconds
2026/03/15-15:10:36  ... thread 79: (657000,8109000) ops and (65671.1,67525.1) ops/second in (10.004408,120.088657) seconds
2026/03/15-15:10:36  ... thread 99: (662000,8134000) ops and (66118.4,67734.4) ops/second in (10.012343,120.086745) seconds
2026/03/15-15:10:36  ... thread 76: (930000,9150000) ops and (92943.6,76186.1) ops/second in (10.006072,120.100695) seconds
2026/03/15-15:10:36  ... thread 71: (663000,8156000) ops and (66230.1,67907.9) ops/second in (10.010558,120.103764) seconds
2026/03/15-15:10:36  ... thread 72: (657000,8055000) ops and (65644.4,67070.6) ops/second in (10.008472,120.097279) seconds
2026/03/15-15:10:36  ... thread 91: (657000,8171000) ops and (65589.5,68035.6) ops/second in (10.016849,120.098974) seconds
2026/03/15-15:10:36  ... thread 75: (661000,7951000) ops and (66012.6,66202.7) ops/second in (10.013237,120.100914) seconds
2026/03/15-15:10:36  ... thread 104: (660000,8129000) ops and (65963.4,67693.2) ops/second in (10.005550,120.085954) seconds
2026/03/15-15:10:36  ... thread 113: (802000,8642000) ops and (80194.2,71967.3) ops/second in (10.000726,120.082285) seconds
2026/03/15-15:10:36  ... thread 109: (655000,8224000) ops and (65409.6,68478.7) ops/second in (10.013820,120.095780) seconds
2026/03/15-15:10:36  ... thread 77: (657000,8572000) ops and (65605.6,71359.9) ops/second in (10.014395,120.123549) seconds
2026/03/15-15:10:36  ... thread 116: (653000,8113000) ops and (65249.7,67567.3) ops/second in (10.007705,120.072844) seconds
2026/03/15-15:10:36  ... thread 119: (662000,8461000) ops and (66156.2,70463.2) ops/second in (10.006622,120.076881) seconds
2026/03/15-15:10:36  ... thread 111: (817000,11183000) ops and (81616.4,93125.7) ops/second in (10.010247,120.084940) seconds
2026/03/15-15:10:36  ... thread 16: (988000,9330000) ops and (98752.9,77708.1) ops/second in (10.004774,120.064721) seconds
2026/03/15-15:10:36  ... thread 115: (654000,8256000) ops and (65349.8,68751.1) ops/second in (10.007679,120.085356) seconds
2026/03/15-15:10:36  ... thread 126: (993000,10666000) ops and (99287.5,88842.4) ops/second in (10.001258,120.055325) seconds
2026/03/15-15:10:36  ... thread 112: (660000,8113000) ops and (65921.7,67551.6) ops/second in (10.011874,120.100698) seconds
2026/03/15-15:10:36  ... thread 7: (655000,8096000) ops and (65490.6,67425.8) ops/second in (10.001437,120.072760) seconds
2026/03/15-15:10:36  ... thread 117: (657000,9259000) ops and (65699.8,77108.6) ops/second in (10.000038,120.077400) seconds
2026/03/15-15:10:36  ... thread 114: (658000,8139000) ops and (65728.9,67760.6) ops/second in (10.010812,120.113975) seconds
2026/03/15-15:10:36  ... thread 106: (658000,9340000) ops and (65746.9,77794.8) ops/second in (10.008069,120.059478) seconds
2026/03/15-15:10:36  ... thread 124: (772000,8164000) ops and (77179.0,67993.3) ops/second in (10.002716,120.070700) seconds
2026/03/15-15:10:36  ... thread 94: (659000,8200000) ops and (65891.4,68294.0) ops/second in (10.001298,120.069120) seconds
2026/03/15-15:10:36  ... thread 98: (655000,10152000) ops and (65422.9,84548.3) ops/second in (10.011784,120.073327) seconds
2026/03/15-15:10:36  ... thread 125: (931000,10411000) ops and (93071.2,86705.0) ops/second in (10.003098,120.073776) seconds
2026/03/15-15:10:36  ... thread 90: (587000,7653000) ops and (58681.8,63733.7) ops/second in (10.003108,120.077676) seconds
2026/03/15-15:10:36  ... thread 93: (740000,9359000) ops and (73944.0,77942.3) ops/second in (10.007577,120.075988) seconds
2026/03/15-15:10:36  ... thread 2: (657000,8102000) ops and (65647.0,67472.9) ops/second in (10.008073,120.077893) seconds
2026/03/15-15:10:36  ... thread 4: (934000,8936000) ops and (93352.0,74415.9) ops/second in (10.005145,120.081793) seconds
2026/03/15-15:10:36  ... thread 123: (656000,8099000) ops and (65521.0,67444.0) ops/second in (10.012056,120.084848) seconds
2026/03/15-15:10:36  ... thread 122: (985000,8698000) ops and (98429.3,72433.6) ops/second in (10.007182,120.082448) seconds
2026/03/15-15:10:36  ... thread 120: (658000,8090000) ops and (65796.2,67366.9) ops/second in (10.000580,120.088648) seconds
2026/03/15-15:10:36  ... thread 6: (660000,8276000) ops and (65945.7,68918.6) ops/second in (10.008240,120.083684) seconds
2026/03/15-15:10:36  ... thread 108: (657000,8139000) ops and (65685.4,67775.7) ops/second in (10.002222,120.087220) seconds
2026/03/15-15:10:36  ... thread 121: (657000,8170000) ops and (65683.9,68020.2) ops/second in (10.002449,120.111336) seconds
2026/03/15-15:10:36  ... thread 110: (659000,8118000) ops and (65878.1,67597.0) ops/second in (10.003324,120.094080) seconds
2026/03/15-15:10:36  ... thread 96: (664000,8126000) ops and (66317.9,67663.5) ops/second in (10.012374,120.094341) seconds
2026/03/15-15:10:36  ... thread 5: (659000,8108000) ops and (65829.6,67510.4) ops/second in (10.010696,120.100051) seconds
2026/03/15-15:10:36  ... thread 127: (658000,8094000) ops and (65706.4,67382.5) ops/second in (10.014252,120.120233) seconds
2026/03/15-15:10:46  ... thread 56: (650000,10041000) ops and (64949.2,77203.1) ops/second in (10.007824,130.059566) seconds
2026/03/15-15:10:46  ... thread 43: (922000,10970000) ops and (92178.3,84344.7) ops/second in (10.002352,130.061445) seconds
2026/03/15-15:10:46  ... thread 17: (900000,10771000) ops and (89972.5,82811.9) ops/second in (10.003053,130.065863) seconds
2026/03/15-15:10:46  ... thread 51: (926000,12374000) ops and (92569.0,95140.0) ops/second in (10.003346,130.060974) seconds
2026/03/15-15:10:46  ... thread 57: (980000,12747000) ops and (97914.5,98010.0) ops/second in (10.008736,130.058118) seconds
2026/03/15-15:10:46  ... thread 38: (894000,9034000) ops and (89382.7,69454.0) ops/second in (10.001934,130.071702) seconds
2026/03/15-15:10:46  ... thread 31: (922000,10104000) ops and (92190.7,77680.1) ops/second in (10.001010,130.071953) seconds
2026/03/15-15:10:46  ... thread 25: (648000,11915000) ops and (64713.8,91602.7) ops/second in (10.013320,130.072548) seconds
2026/03/15-15:10:46  ... thread 47: (985000,11914000) ops and (98463.5,91595.3) ops/second in (10.003711,130.072180) seconds
2026/03/15-15:10:46  ... thread 15: (780000,10472000) ops and (77974.5,80506.4) ops/second in (10.003269,130.076661) seconds
2026/03/15-15:10:46  ... thread 11: (949000,11080000) ops and (94868.9,85179.8) ops/second in (10.003278,130.077774) seconds
2026/03/15-15:10:46  ... thread 18: (901000,11195000) ops and (90040.2,86063.2) ops/second in (10.006638,130.078863) seconds
2026/03/15-15:10:46  ... thread 20: (632000,8614000) ops and (63155.9,66221.3) ops/second in (10.006989,130.078975) seconds
2026/03/15-15:10:46  ... thread 41: (812000,10032000) ops and (81117.4,77122.1) ops/second in (10.010179,130.079471) seconds
2026/03/15-15:10:46  ... thread 40: (990000,9764000) ops and (98936.0,75063.2) ops/second in (10.006467,130.077059) seconds
2026/03/15-15:10:46  ... thread 13: (641000,8736000) ops and (64097.6,67157.7) ops/second in (10.000375,130.081816) seconds
2026/03/15-15:10:46  ... thread 48: (926000,11584000) ops and (92589.3,89058.7) ops/second in (10.001161,130.071535) seconds
2026/03/15-15:10:46  ... thread 54: (654000,10006000) ops and (65347.7,76924.2) ops/second in (10.007996,130.076079) seconds
2026/03/15-15:10:46  ... thread 32: (646000,8777000) ops and (64520.4,67473.0) ops/second in (10.012330,130.081743) seconds
2026/03/15-15:10:46  ... thread 12: (963000,11799000) ops and (96225.3,90703.0) ops/second in (10.007761,130.083915) seconds
2026/03/15-15:10:46  ... thread 58: (668000,12020000) ops and (66719.2,92403.7) ops/second in (10.012109,130.081353) seconds
2026/03/15-15:10:46  ... thread 45: (824000,11010000) ops and (82293.1,84644.1) ops/second in (10.012991,130.073985) seconds
2026/03/15-15:10:46  ... thread 30: (654000,9782000) ops and (65390.8,75198.1) ops/second in (10.001409,130.083120) seconds
2026/03/15-15:10:46  ... thread 8: (629000,8486000) ops and (62893.5,65233.7) ops/second in (10.001033,130.086190) seconds
2026/03/15-15:10:46  ... thread 39: (650000,8877000) ops and (64940.8,68240.5) ops/second in (10.009113,130.084117) seconds
2026/03/15-15:10:46  ... thread 68: (648000,8786000) ops and (64768.8,67540.1) ops/second in (10.004815,130.085609) seconds
2026/03/15-15:10:46  ... thread 21: (637000,9080000) ops and (63623.5,69799.1) ops/second in (10.012021,130.087668) seconds
2026/03/15-15:10:46  ... thread 52: (645000,8698000) ops and (64409.0,66868.2) ops/second in (10.014127,130.076809) seconds
2026/03/15-15:10:46  ... thread 14: (633000,8976000) ops and (63281.9,68998.6) ops/second in (10.002860,130.089581) seconds
2026/03/15-15:10:46  ... thread 53: (653000,9084000) ops and (65290.1,69830.4) ops/second in (10.001511,130.086664) seconds
2026/03/15-15:10:46  ... thread 10: (647000,9156000) ops and (64689.9,70389.5) ops/second in (10.001566,130.076273) seconds
2026/03/15-15:10:46  ... thread 74: (653000,10041000) ops and (65224.0,77205.6) ops/second in (10.011658,130.055406) seconds
2026/03/15-15:10:46  ... thread 29: (648000,8774000) ops and (64799.5,67443.8) ops/second in (10.000077,130.093546) seconds
2026/03/15-15:10:46  ... thread 34: (985000,10365000) ops and (98401.9,79692.9) ops/second in (10.009965,130.061786) seconds
2026/03/15-15:10:46  ... thread 61: (642000,8727000) ops and (64149.6,67086.5) ops/second in (10.007861,130.085857) seconds
2026/03/15-15:10:46  ... thread 27: (640000,10581000) ops and (63956.7,81331.2) ops/second in (10.006766,130.097693) seconds
2026/03/15-15:10:46  ... thread 36: (652000,10806000) ops and (65191.0,83066.6) ops/second in (10.001385,130.088429) seconds
2026/03/15-15:10:46  ... thread 105: (924000,12341000) ops and (92315.0,94895.0) ops/second in (10.009205,130.048935) seconds
2026/03/15-15:10:46  ... thread 1: (651000,9820000) ops and (65092.6,75492.8) ops/second in (10.001132,130.078612) seconds
2026/03/15-15:10:46  ... thread 35: (650000,9342000) ops and (64966.7,71806.1) ops/second in (10.005121,130.100416) seconds
2026/03/15-15:10:46  ... thread 78: (678000,12265000) ops and (67768.0,94294.3) ops/second in (10.004716,130.071508) seconds
2026/03/15-15:10:46  ... thread 66: (655000,8075000) ops and (65428.9,62069.2) ops/second in (10.010867,130.096727) seconds
2026/03/15-15:10:46  ... thread 102: (928000,12142000) ops and (92740.7,93356.3) ops/second in (10.006389,130.060805) seconds
2026/03/15-15:10:46  ... thread 46: (656000,10682000) ops and (65515.2,82107.5) ops/second in (10.012951,130.097708) seconds
2026/03/15-15:10:46  ... thread 82: (979000,12349000) ops and (97891.0,94945.3) ops/second in (10.000920,130.064427) seconds
2026/03/15-15:10:46  ... thread 26: (648000,8753000) ops and (64759.8,67277.1) ops/second in (10.006200,130.103737) seconds
2026/03/15-15:10:46  ... thread 24: (640000,8739000) ops and (63942.0,67168.7) ops/second in (10.009070,130.105282) seconds
2026/03/15-15:10:46  ... thread 55: (651000,8822000) ops and (65059.0,67807.2) ops/second in (10.006305,130.104228) seconds
2026/03/15-15:10:46  ... thread 73: (580000,8436000) ops and (57973.0,64854.9) ops/second in (10.004657,130.074996) seconds
2026/03/15-15:10:46  ... thread 37: (652000,8809000) ops and (65108.4,67709.9) ops/second in (10.014065,130.099214) seconds
2026/03/15-15:10:46  ... thread 62: (654000,10334000) ops and (65295.6,79441.2) ops/second in (10.015994,130.083634) seconds
2026/03/15-15:10:46  ... thread 19: (566000,7605000) ops and (56563.4,58451.7) ops/second in (10.006475,130.107327) seconds
2026/03/15-15:10:46  ... thread 101: (920000,11258000) ops and (91930.6,86559.8) ops/second in (10.007546,130.060437) seconds
2026/03/15-15:10:46  ... thread 70: (646000,8429000) ops and (64547.3,64786.0) ops/second in (10.008166,130.105195) seconds
2026/03/15-15:10:46  ... thread 0: (646000,9647000) ops and (64545.1,74146.9) ops/second in (10.008507,130.106606) seconds
2026/03/15-15:10:46  ... thread 42: (652000,8832000) ops and (65166.0,67885.3) ops/second in (10.005211,130.101787) seconds

** Compaction Stats [default] **
Level    Files   Size     Score Read(GB)  Rn(GB) Rnp1(GB) Write(GB) WPreComp(GB) Wnew(GB) Moved(GB) W-Amp Rd(MB/s) Wr(MB/s) Comp(sec) CompMergeCPU(sec) Comp(cnt) Avg(sec) KeyIn KeyDrop Rblob(GB) Wblob(GB)
-------------------------------------------------------------------------------------------------------------------------------------------------------------------------------------------------------------
  L7     81/0     10.10 GB   0.0      0.0     0.0      0.0       0.0       0.0      0.0       0.0   0.0      0.0      0.0      0.00              0.00         0    0.000       0      0       0.0       0.0
 Sum     81/0     10.10 GB   0.0      0.0     0.0      0.0       0.0       0.0      0.0       0.0   0.0      0.0      0.0      0.00              0.00         0    0.000       0      0       0.0       0.0
 Int      0/0      0.00 KB   0.0      0.0     0.0      0.0       0.0       0.0      0.0       0.0   0.0      0.0      0.0      0.00              0.00         0    0.000       0      0       0.0       0.0

** Compaction Stats [default] **
Priority    Files   Size     Score Read(GB)  Rn(GB) Rnp1(GB) Write(GB) WPreComp(GB) Wnew(GB) Moved(GB) W-Amp Rd(MB/s) Wr(MB/s) Comp(sec) CompMergeCPU(sec) Comp(cnt) Avg(sec) KeyIn KeyDrop Rblob(GB) Wblob(GB)
----------------------------------------------------------------------------------------------------------------------------------------------------------------------------------------------------------------

Blob file count: 0, total size: 0.0 GB, garbage size: 0.0 GB, space amp: 0.0

Uptime(secs): 130.2 total, 130.1 interval
Flush(GB): cumulative 0.000, interval 0.000
AddFile(GB): cumulative 0.000, interval 0.000
AddFile(Total Files): cumulative 0, interval 0
AddFile(L0 Files): cumulative 0, interval 0
AddFile(Keys): cumulative 0, interval 0
Cumulative compaction: 0.00 GB write, 0.00 MB/s write, 0.00 GB read, 0.00 MB/s read, 0.0 seconds
Interval compaction: 0.00 GB write, 0.00 MB/s write, 0.00 GB read, 0.00 MB/s read, 0.0 seconds
Estimated pending compaction bytes: 0
Write Stall (count): cf-l0-file-count-limit-delays-with-ongoing-compaction: 0, cf-l0-file-count-limit-stops-with-ongoing-compaction: 0, l0-file-count-limit-delays: 0, l0-file-count-limit-stops: 0, memtable-limit-delays: 0, memtable-limit-stops: 0, pending-compaction-bytes-delays: 0, pending-compaction-bytes-stops: 0, total-delays: 0, total-stops: 0
Block cache LRUCache@0x557a4f67f730#1194204 capacity: 29.80 GB seed: 1773583716 usage: 0.09 KB table_size: 1024 occupancy: 1 collections: 1 last_copies: 0 last_secs: 0.000161 secs_since: 130
Block cache entry stats(count,size,portion): Misc(1,0.00 KB,0%)

** File Read Latency Histogram By Level [default] **

** DB Stats **
Uptime(secs): 130.2 total, 10.0 interval
Cumulative writes: 0 writes, 0 keys, 0 commit groups, 0.0 writes per commit group, ingest: 0.00 GB, 0.00 MB/s
Cumulative WAL: 0 writes, 0 syncs, 0.00 writes per sync, written: 0.00 GB, 0.00 MB/s
Cumulative stall: 00:00:0.000 H:M:S, 0.0 percent
Interval writes: 0 writes, 0 keys, 0 commit groups, 0.0 writes per commit group, ingest: 0.00 MB, 0.00 MB/s
Interval WAL: 0 writes, 0 syncs, 0.00 writes per sync, written: 0.00 GB, 0.00 MB/s
Interval stall: 00:00:0.000 H:M:S, 0.0 percent
Write Stall (count): write-buffer-manager-limit-stops: 0
num-running-compactions: 0
num-running-flushes: 0

2026/03/15-15:10:46  ... thread 3: (655000,9502000) ops and (65480.4,73030.0) ops/second in (10.002999,130.110909) seconds
2026/03/15-15:10:46  ... thread 64: (651000,9284000) ops and (65077.5,71362.8) ops/second in (10.003454,130.095822) seconds
2026/03/15-15:10:46  ... thread 59: (652000,8745000) ops and (65195.3,67215.0) ops/second in (10.000728,130.104793) seconds
2026/03/15-15:10:46  ... thread 84: (662000,11130000) ops and (66134.7,85569.1) ops/second in (10.009877,130.070259) seconds
2026/03/15-15:10:46  ... thread 80: (649000,8776000) ops and (64849.0,67471.3) ops/second in (10.007867,130.070208) seconds
2026/03/15-15:10:46  ... thread 92: (652000,9194000) ops and (65197.3,70682.7) ops/second in (10.000413,130.074237) seconds
2026/03/15-15:10:46  ... thread 69: (961000,9714000) ops and (96089.2,74671.2) ops/second in (10.001120,130.090371) seconds
2026/03/15-15:10:46  ... thread 85: (890000,9001000) ops and (88930.6,69197.4) ops/second in (10.007804,130.077106) seconds
2026/03/15-15:10:46  ... thread 50: (650000,8766000) ops and (64977.0,67375.5) ops/second in (10.003539,130.106612) seconds
2026/03/15-15:10:46  ... thread 97: (649000,8755000) ops and (64806.4,67306.0) ops/second in (10.014436,130.077549) seconds
2026/03/15-15:10:46  ... thread 28: (651000,8749000) ops and (65007.1,67239.6) ops/second in (10.014292,130.116866) seconds
2026/03/15-15:10:46  ... thread 81: (655000,8810000) ops and (65448.7,67728.1) ops/second in (10.007843,130.078936) seconds
2026/03/15-15:10:46  ... thread 60: (652000,9671000) ops and (65101.6,74327.8) ops/second in (10.015122,130.112774) seconds
2026/03/15-15:10:46  ... thread 83: (646000,8686000) ops and (64556.8,66774.5) ops/second in (10.006698,130.079536) seconds
2026/03/15-15:10:46  ... thread 67: (650000,8770000) ops and (64942.6,67412.9) ops/second in (10.008843,130.093710) seconds
2026/03/15-15:10:46  ... thread 22: (878000,8659000) ops and (87731.2,66545.7) ops/second in (10.007846,130.121121) seconds
2026/03/15-15:10:46  ... thread 23: (653000,8794000) ops and (65248.6,67584.1) ops/second in (10.007876,130.119405) seconds
2026/03/15-15:10:46  ... thread 65: (651000,8744000) ops and (65093.6,67218.8) ops/second in (10.000983,130.082712) seconds
2026/03/15-15:10:46  ... thread 44: (644000,9691000) ops and (64371.3,74477.7) ops/second in (10.004452,130.119474) seconds
2026/03/15-15:10:46  ... thread 63: (652000,8774000) ops and (65174.3,67431.8) ops/second in (10.003938,130.116588) seconds
2026/03/15-15:10:46  ... thread 88: (655000,11080000) ops and (65421.7,85174.1) ops/second in (10.011962,130.086547) seconds
2026/03/15-15:10:46  ... thread 95: (649000,10110000) ops and (64893.5,77717.1) ops/second in (10.000994,130.087145) seconds
2026/03/15-15:10:46  ... thread 107: (664000,11471000) ops and (66374.3,88194.4) ops/second in (10.003877,130.064932) seconds
2026/03/15-15:10:46  ... thread 118: (655000,12167000) ops and (65439.3,93547.8) ops/second in (10.009282,130.061811) seconds
2026/03/15-15:10:46  ... thread 49: (640000,9067000) ops and (63902.7,69686.9) ops/second in (10.015224,130.110483) seconds
2026/03/15-15:10:46  ... thread 89: (655000,9718000) ops and (65443.3,74702.8) ops/second in (10.008669,130.088818) seconds
2026/03/15-15:10:46  ... thread 87: (653000,8951000) ops and (65266.1,68805.6) ops/second in (10.005192,130.091202) seconds
2026/03/15-15:10:46  ... thread 103: (647000,8735000) ops and (64653.0,67145.4) ops/second in (10.007265,130.090822) seconds
2026/03/15-15:10:46  ... thread 100: (989000,9816000) ops and (98827.6,75452.1) ops/second in (10.007330,130.095735) seconds
2026/03/15-15:10:46  ... thread 76: (921000,10071000) ops and (92050.6,77406.1) ops/second in (10.005363,130.106058) seconds
2026/03/15-15:10:46  ... thread 79: (964000,9073000) ops and (96318.1,69740.2) ops/second in (10.008507,130.097164) seconds
2026/03/15-15:10:46  ... thread 33: (654000,8818000) ops and (65333.2,67759.8) ops/second in (10.010217,130.136200) seconds
2026/03/15-15:10:46  ... thread 99: (655000,8789000) ops and (65443.3,67558.1) ops/second in (10.008670,130.095415) seconds
2026/03/15-15:10:46  ... thread 91: (648000,8819000) ops and (64796.9,67786.6) ops/second in (10.000480,130.099454) seconds
2026/03/15-15:10:46  ... thread 9: (632000,8484000) ops and (63116.9,65191.0) ops/second in (10.013166,130.140725) seconds
2026/03/15-15:10:46  ... thread 86: (581000,10277000) ops and (58001.6,78992.9) ops/second in (10.016971,130.100332) seconds
2026/03/15-15:10:46  ... thread 72: (651000,8706000) ops and (65070.9,66916.9) ops/second in (10.004471,130.101750) seconds
2026/03/15-15:10:46  ... thread 113: (791000,9433000) ops and (79083.8,72514.5) ops/second in (10.002053,130.084338) seconds
2026/03/15-15:10:46  ... thread 104: (654000,8783000) ops and (65338.8,67512.0) ops/second in (10.009363,130.095317) seconds
2026/03/15-15:10:46  ... thread 75: (652000,8603000) ops and (65121.4,66119.5) ops/second in (10.012066,130.112980) seconds
2026/03/15-15:10:46  ... thread 71: (652000,8808000) ops and (65031.5,67686.3) ops/second in (10.025906,130.129670) seconds
2026/03/15-15:10:46  ... thread 119: (654000,9115000) ops and (65391.5,70073.2) ops/second in (10.001295,130.078176) seconds
2026/03/15-15:10:46  ... thread 109: (647000,8871000) ops and (64655.3,68184.6) ops/second in (10.006915,130.102695) seconds
2026/03/15-15:10:46  ... thread 111: (650000,11833000) ops and (64976.3,90961.1) ops/second in (10.003642,130.088582) seconds
2026/03/15-15:10:46  ... thread 77: (650000,9222000) ops and (64961.9,70867.9) ops/second in (10.005870,130.129419) seconds
2026/03/15-15:10:46  ... thread 116: (652000,8765000) ops and (65134.4,67380.1) ops/second in (10.010077,130.082921) seconds
2026/03/15-15:10:46  ... thread 16: (922000,10252000) ops and (92144.2,78818.6) ops/second in (10.006056,130.070777) seconds
2026/03/15-15:10:46  ... thread 117: (650000,9909000) ops and (64998.1,76177.5) ops/second in (10.000294,130.077694) seconds
2026/03/15-15:10:46  ... thread 126: (982000,11648000) ops and (98124.8,89556.6) ops/second in (10.007664,130.062989) seconds
2026/03/15-15:10:46  ... thread 115: (652000,8908000) ops and (65129.0,68472.4) ops/second in (10.010908,130.096264) seconds
2026/03/15-15:10:46  ... thread 106: (650000,9990000) ops and (64989.7,76810.1) ops/second in (10.001588,130.061066) seconds
2026/03/15-15:10:46  ... thread 112: (654000,8767000) ops and (65321.6,67380.0) ops/second in (10.012001,130.112699) seconds
2026/03/15-15:10:46  ... thread 7: (647000,8743000) ops and (64616.1,67209.5) ops/second in (10.012987,130.085747) seconds
2026/03/15-15:10:46  ... thread 124: (926000,9090000) ops and (92556.2,69882.5) ops/second in (10.004734,130.075434) seconds
2026/03/15-15:10:46  ... thread 114: (653000,8792000) ops and (65225.8,67565.6) ops/second in (10.011377,130.125352) seconds
2026/03/15-15:10:46  ... thread 94: (653000,8853000) ops and (65267.9,68061.2) ops/second in (10.004911,130.074031) seconds
2026/03/15-15:10:46  ... thread 93: (921000,10280000) ops and (92080.0,79029.4) ops/second in (10.002177,130.078165) seconds
2026/03/15-15:10:46  ... thread 98: (650000,10802000) ops and (64940.1,83039.6) ops/second in (10.009219,130.082546) seconds
2026/03/15-15:10:46  ... thread 4: (927000,9863000) ops and (92684.0,75820.5) ops/second in (10.001725,130.083518) seconds
2026/03/15-15:10:46  ... thread 125: (946000,11357000) ops and (94494.3,87304.5) ops/second in (10.011189,130.084965) seconds
2026/03/15-15:10:46  ... thread 90: (579000,8232000) ops and (57827.7,63279.2) ops/second in (10.012504,130.090180) seconds
2026/03/15-15:10:46  ... thread 2: (649000,8751000) ops and (64835.8,67270.0) ops/second in (10.009898,130.087791) seconds
2026/03/15-15:10:46  ... thread 122: (669000,9367000) ops and (66850.1,72004.0) ops/second in (10.007460,130.089908) seconds
2026/03/15-15:10:46  ... thread 121: (650000,8820000) ops and (64981.5,67786.6) ops/second in (10.002848,130.114184) seconds
2026/03/15-15:10:46  ... thread 123: (650000,8749000) ops and (64938.0,67251.2) ops/second in (10.009546,130.094394) seconds
2026/03/15-15:10:46  ... thread 6: (652000,8928000) ops and (65169.7,68630.3) ops/second in (10.004654,130.088338) seconds
2026/03/15-15:10:46  ... thread 120: (651000,8741000) ops and (65058.9,67189.4) ops/second in (10.006313,130.094961) seconds
2026/03/15-15:10:46  ... thread 110: (651000,8769000) ops and (65046.0,67400.8) ops/second in (10.008309,130.102389) seconds
2026/03/15-15:10:46  ... thread 108: (649000,8788000) ops and (64803.6,67547.0) ops/second in (10.014872,130.102092) seconds
2026/03/15-15:10:46  ... thread 96: (653000,8779000) ops and (65210.3,67474.7) ops/second in (10.013750,130.108091) seconds
2026/03/15-15:10:46  ... thread 5: (650000,8758000) ops and (64935.6,67312.3) ops/second in (10.009919,130.109970) seconds
2026/03/15-15:10:46  ... thread 127: (660000,8754000) ops and (65940.8,67271.6) ops/second in (10.008979,130.129212) seconds
2026/03/15-15:10:56  ... thread 56: (643000,10684000) ops and (64274.9,76279.7) ops/second in (10.003904,140.063470) seconds
2026/03/15-15:10:56  ... thread 43: (914000,11884000) ops and (91347.0,84845.0) ops/second in (10.005804,140.067249) seconds
2026/03/15-15:10:56  ... thread 17: (893000,11664000) ops and (89249.9,83271.8) ops/second in (10.005612,140.071475) seconds
2026/03/15-15:10:56  ... thread 51: (919000,13293000) ops and (91864.8,94906.1) ops/second in (10.003835,140.064809) seconds
2026/03/15-15:10:56  ... thread 38: (921000,9955000) ops and (92071.4,71069.2) ops/second in (10.003101,140.074803) seconds
2026/03/15-15:10:56  ... thread 31: (650000,10754000) ops and (64971.9,76772.5) ops/second in (10.004319,140.076272) seconds
2026/03/15-15:10:56  ... thread 11: (943000,12023000) ops and (94284.6,85829.9) ops/second in (10.001631,140.079405) seconds
2026/03/15-15:10:56  ... thread 41: (979000,11011000) ops and (97897.8,78605.3) ops/second in (10.000229,140.079700) seconds
2026/03/15-15:10:56  ... thread 57: (974000,13721000) ops and (97328.3,97961.3) ops/second in (10.007365,140.065483) seconds
2026/03/15-15:10:56  ... thread 47: (712000,12626000) ops and (71134.1,90133.3) ops/second in (10.009269,140.081449) seconds
2026/03/15-15:10:56  ... thread 15: (775000,11247000) ops and (77440.9,80287.4) ops/second in (10.007634,140.084295) seconds
2026/03/15-15:10:56  ... thread 32: (638000,9415000) ops and (63794.9,67210.4) ops/second in (10.000794,140.082537) seconds
2026/03/15-15:10:56  ... thread 30: (646000,10428000) ops and (64596.0,74441.2) ops/second in (10.000623,140.083743) seconds
2026/03/15-15:10:56  ... thread 25: (641000,12556000) ops and (64025.1,89631.8) ops/second in (10.011692,140.084240) seconds
2026/03/15-15:10:56  ... thread 45: (648000,11658000) ops and (64793.5,83226.8) ops/second in (10.001009,140.074994) seconds
2026/03/15-15:10:56  ... thread 18: (893000,12088000) ops and (89231.0,86289.5) ops/second in (10.007729,140.086592) seconds
2026/03/15-15:10:56  ... thread 58: (638000,12658000) ops and (63785.9,90360.3) ops/second in (10.002215,140.083568) seconds
2026/03/15-15:10:56  ... thread 13: (632000,9368000) ops and (63165.1,66872.6) ops/second in (10.005527,140.087343) seconds
2026/03/15-15:10:56  ... thread 68: (645000,9431000) ops and (64499.0,67323.0) ops/second in (10.000160,140.085769) seconds
2026/03/15-15:10:56  ... thread 40: (646000,10410000) ops and (64549.5,74312.1) ops/second in (10.007828,140.084887) seconds
2026/03/15-15:10:56  ... thread 48: (921000,12505000) ops and (92044.3,89272.0) ops/second in (10.006051,140.077586) seconds
2026/03/15-15:10:56  ... thread 21: (628000,9708000) ops and (62781.5,69298.0) ops/second in (10.002945,140.090613) seconds
2026/03/15-15:10:56  ... thread 12: (959000,12758000) ops and (95825.4,91068.9) ops/second in (10.007781,140.091696) seconds
2026/03/15-15:10:56  ... thread 10: (644000,9800000) ops and (64394.2,69961.4) ops/second in (10.000900,140.077173) seconds
2026/03/15-15:10:56  ... thread 20: (626000,9240000) ops and (62515.7,65956.4) ops/second in (10.013484,140.092459) seconds
2026/03/15-15:10:56  ... thread 8: (623000,9109000) ops and (62251.6,65020.6) ops/second in (10.007771,140.093961) seconds
2026/03/15-15:10:56  ... thread 14: (625000,9601000) ops and (62470.8,68532.4) ops/second in (10.004669,140.094250) seconds
2026/03/15-15:10:56  ... thread 74: (644000,10685000) ops and (64399.3,76291.2) ops/second in (10.000109,140.055515) seconds
2026/03/15-15:10:56  ... thread 54: (644000,10650000) ops and (64306.3,76022.2) ops/second in (10.014567,140.090646) seconds
2026/03/15-15:10:56  ... thread 39: (646000,9523000) ops and (64526.1,67975.0) ops/second in (10.011453,140.095570) seconds
2026/03/15-15:10:56  ... thread 61: (645000,9372000) ops and (64487.5,66900.9) ops/second in (10.001938,140.087795) seconds
2026/03/15-15:10:56  ... thread 29: (647000,9421000) ops and (64673.6,67246.0) ops/second in (10.004079,140.097625) seconds
2026/03/15-15:10:56  ... thread 52: (639000,9337000) ops and (63809.4,66649.5) ops/second in (10.014206,140.091015) seconds
2026/03/15-15:10:56  ... thread 105: (916000,13257000) ops and (91580.4,94658.3) ops/second in (10.002140,140.051075) seconds
2026/03/15-15:10:56  ... thread 34: (980000,11345000) ops and (97941.4,80996.5) ops/second in (10.005980,140.067766) seconds
2026/03/15-15:10:56  ... thread 53: (648000,9732000) ops and (64703.3,69463.9) ops/second in (10.014945,140.101609) seconds
2026/03/15-15:10:56  ... thread 1: (646000,10466000) ops and (64580.5,74713.6) ops/second in (10.003015,140.081627) seconds
2026/03/15-15:10:56  ... thread 37: (646000,9455000) ops and (64595.7,67487.6) ops/second in (10.000659,140.099873) seconds
2026/03/15-15:10:56  ... thread 26: (638000,9391000) ops and (63785.3,67027.8) ops/second in (10.002297,140.106034) seconds
2026/03/15-15:10:56  ... thread 62: (645000,10979000) ops and (64491.4,78373.9) ops/second in (10.001334,140.084968) seconds
2026/03/15-15:10:56  ... thread 35: (644000,9986000) ops and (64358.2,71274.1) ops/second in (10.006494,140.106910) seconds
2026/03/15-15:10:56  ... thread 66: (646000,8721000) ops and (64566.6,62247.5) ops/second in (10.005175,140.101902) seconds
2026/03/15-15:10:56  ... thread 46: (646000,11328000) ops and (64572.4,80855.4) ops/second in (10.004271,140.101979) seconds
2026/03/15-15:10:56  ... thread 27: (640000,11221000) ops and (63925.6,80087.5) ops/second in (10.011639,140.109332) seconds
2026/03/15-15:10:56  ... thread 101: (911000,12169000) ops and (91081.0,86882.6) ops/second in (10.002083,140.062520) seconds
2026/03/15-15:10:56  ... thread 24: (643000,9382000) ops and (64272.0,66961.8) ops/second in (10.004349,140.109631) seconds
2026/03/15-15:10:56  ... thread 0: (640000,10287000) ops and (63982.7,73421.2) ops/second in (10.002706,140.109312) seconds

** Compaction Stats [default] **
Level    Files   Size     Score Read(GB)  Rn(GB) Rnp1(GB) Write(GB) WPreComp(GB) Wnew(GB) Moved(GB) W-Amp Rd(MB/s) Wr(MB/s) Comp(sec) CompMergeCPU(sec) Comp(cnt) Avg(sec) KeyIn KeyDrop Rblob(GB) Wblob(GB)
-------------------------------------------------------------------------------------------------------------------------------------------------------------------------------------------------------------
  L7     81/0     10.10 GB   0.0      0.0     0.0      0.0       0.0       0.0      0.0       0.0   0.0      0.0      0.0      0.00              0.00         0    0.000       0      0       0.0       0.0
 Sum     81/0     10.10 GB   0.0      0.0     0.0      0.0       0.0       0.0      0.0       0.0   0.0      0.0      0.0      0.00              0.00         0    0.000       0      0       0.0       0.0
 Int      0/0      0.00 KB   0.0      0.0     0.0      0.0       0.0       0.0      0.0       0.0   0.0      0.0      0.0      0.00              0.00         0    0.000       0      0       0.0       0.0

** Compaction Stats [default] **
Priority    Files   Size     Score Read(GB)  Rn(GB) Rnp1(GB) Write(GB) WPreComp(GB) Wnew(GB) Moved(GB) W-Amp Rd(MB/s) Wr(MB/s) Comp(sec) CompMergeCPU(sec) Comp(cnt) Avg(sec) KeyIn KeyDrop Rblob(GB) Wblob(GB)
----------------------------------------------------------------------------------------------------------------------------------------------------------------------------------------------------------------

Blob file count: 0, total size: 0.0 GB, garbage size: 0.0 GB, space amp: 0.0

Uptime(secs): 140.2 total, 140.1 interval
Flush(GB): cumulative 0.000, interval 0.000
AddFile(GB): cumulative 0.000, interval 0.000
AddFile(Total Files): cumulative 0, interval 0
AddFile(L0 Files): cumulative 0, interval 0
AddFile(Keys): cumulative 0, interval 0
Cumulative compaction: 0.00 GB write, 0.00 MB/s write, 0.00 GB read, 0.00 MB/s read, 0.0 seconds
Interval compaction: 0.00 GB write, 0.00 MB/s write, 0.00 GB read, 0.00 MB/s read, 0.0 seconds
Estimated pending compaction bytes: 0
Write Stall (count): cf-l0-file-count-limit-delays-with-ongoing-compaction: 0, cf-l0-file-count-limit-stops-with-ongoing-compaction: 0, l0-file-count-limit-delays: 0, l0-file-count-limit-stops: 0, memtable-limit-delays: 0, memtable-limit-stops: 0, pending-compaction-bytes-delays: 0, pending-compaction-bytes-stops: 0, total-delays: 0, total-stops: 0
Block cache LRUCache@0x557a4f67f730#1194204 capacity: 29.80 GB seed: 1773583716 usage: 0.09 KB table_size: 1024 occupancy: 1 collections: 1 last_copies: 0 last_secs: 0.000161 secs_since: 140
Block cache entry stats(count,size,portion): Misc(1,0.00 KB,0%)

** File Read Latency Histogram By Level [default] **

** DB Stats **
Uptime(secs): 140.2 total, 10.0 interval
Cumulative writes: 0 writes, 0 keys, 0 commit groups, 0.0 writes per commit group, ingest: 0.00 GB, 0.00 MB/s
Cumulative WAL: 0 writes, 0 syncs, 0.00 writes per sync, written: 0.00 GB, 0.00 MB/s
Cumulative stall: 00:00:0.000 H:M:S, 0.0 percent
Interval writes: 0 writes, 0 keys, 0 commit groups, 0.0 writes per commit group, ingest: 0.00 MB, 0.00 MB/s
Interval WAL: 0 writes, 0 syncs, 0.00 writes per sync, written: 0.00 GB, 0.00 MB/s
Interval stall: 00:00:0.000 H:M:S, 0.0 percent
Write Stall (count): write-buffer-manager-limit-stops: 0
2026/03/15-15:10:56  ... thread 70: (639000,9068000) ops and (63877.0,64721.1) ops/second in (10.003594,140.108789) seconds
num-running-compactions: 0
2026/03/15-15:10:56  ... thread 19: (560000,8165000) ops and (55972.7,58274.7) ops/second in (10.004871,140.112198) seconds
num-running-flushes: 0

2026/03/15-15:10:56  ... thread 78: (647000,12912000) ops and (64631.4,92174.5) ops/second in (10.010620,140.082128) seconds
2026/03/15-15:10:56  ... thread 36: (644000,11450000) ops and (64308.3,81725.8) ops/second in (10.014252,140.102681) seconds
2026/03/15-15:10:56  ... thread 82: (976000,13325000) ops and (97514.9,95128.9) ops/second in (10.008729,140.073156) seconds
2026/03/15-15:10:56  ... thread 102: (928000,13070000) ops and (92703.0,93309.6) ops/second in (10.010461,140.071266) seconds
2026/03/15-15:10:56  ... thread 73: (577000,9013000) ops and (57650.2,64340.1) ops/second in (10.008644,140.083640) seconds
2026/03/15-15:10:56  ... thread 55: (649000,9471000) ops and (64841.5,67595.3) ops/second in (10.009022,140.113250) seconds
2026/03/15-15:10:56  ... thread 64: (643000,9927000) ops and (64262.8,70855.7) ops/second in (10.005784,140.101606) seconds
2026/03/15-15:10:56  ... thread 42: (646000,9478000) ops and (64549.5,67647.0) ops/second in (10.007826,140.109613) seconds
2026/03/15-15:10:56  ... thread 59: (645000,9390000) ops and (64454.8,67017.9) ops/second in (10.007016,140.111809) seconds
2026/03/15-15:10:56  ... thread 50: (644000,9410000) ops and (64391.9,67162.5) ops/second in (10.001262,140.107874) seconds
2026/03/15-15:10:56  ... thread 80: (647000,9423000) ops and (64658.8,67270.3) ops/second in (10.006372,140.076580) seconds
2026/03/15-15:10:56  ... thread 92: (643000,9837000) ops and (64275.1,70225.1) ops/second in (10.003869,140.078106) seconds
2026/03/15-15:10:56  ... thread 69: (979000,10693000) ops and (97856.6,76326.9) ops/second in (10.004438,140.094809) seconds
2026/03/15-15:10:56  ... thread 85: (915000,9916000) ops and (91457.9,70787.3) ops/second in (10.004601,140.081707) seconds
2026/03/15-15:10:56  ... thread 44: (638000,10329000) ops and (63796.3,73715.4) ops/second in (10.000580,140.120054) seconds
2026/03/15-15:10:56  ... thread 81: (649000,9459000) ops and (64865.5,67523.6) ops/second in (10.005318,140.084254) seconds
2026/03/15-15:10:56  ... thread 84: (648000,11778000) ops and (64720.6,84079.0) ops/second in (10.012269,140.082528) seconds
2026/03/15-15:10:56  ... thread 22: (941000,9600000) ops and (94054.9,68509.8) ops/second in (10.004794,140.125915) seconds
2026/03/15-15:10:56  ... thread 3: (629000,10131000) ops and (62801.7,72298.9) ops/second in (10.015651,140.126560) seconds
2026/03/15-15:10:56  ... thread 83: (638000,9324000) ops and (63760.2,66559.2) ops/second in (10.006239,140.085775) seconds
2026/03/15-15:10:56  ... thread 63: (647000,9421000) ops and (64676.9,67235.1) ops/second in (10.003574,140.120162) seconds
2026/03/15-15:10:56  ... thread 28: (639000,9388000) ops and (63843.3,66997.0) ops/second in (10.008883,140.125749) seconds
2026/03/15-15:10:56  ... thread 97: (632000,9387000) ops and (63141.1,67008.4) ops/second in (10.009325,140.086874) seconds
2026/03/15-15:10:56  ... thread 23: (647000,9441000) ops and (64650.8,67374.6) ops/second in (10.007607,140.127012) seconds
2026/03/15-15:10:56  ... thread 60: (647000,10318000) ops and (64636.8,73635.5) ops/second in (10.009775,140.122549) seconds
2026/03/15-15:10:56  ... thread 107: (644000,12115000) ops and (64379.7,86493.7) ops/second in (10.003150,140.068082) seconds
2026/03/15-15:10:56  ... thread 49: (846000,9913000) ops and (84570.9,70749.6) ops/second in (10.003445,140.113928) seconds
2026/03/15-15:10:56  ... thread 67: (645000,9415000) ops and (64420.9,67199.1) ops/second in (10.012282,140.105992) seconds
2026/03/15-15:10:56  ... thread 65: (645000,9389000) ops and (64418.5,67018.6) ops/second in (10.012644,140.095356) seconds
2026/03/15-15:10:56  ... thread 89: (646000,10364000) ops and (64565.1,73978.8) ops/second in (10.005399,140.094217) seconds
2026/03/15-15:10:56  ... thread 103: (639000,9374000) ops and (63893.3,66913.2) ops/second in (10.001049,140.091871) seconds
2026/03/15-15:10:56  ... thread 118: (644000,12811000) ops and (64355.5,91462.2) ops/second in (10.006920,140.068731) seconds
2026/03/15-15:10:56  ... thread 100: (983000,10799000) ops and (98273.3,77081.5) ops/second in (10.002721,140.098456) seconds
2026/03/15-15:10:56  ... thread 33: (903000,9721000) ops and (90290.6,69367.7) ops/second in (10.001038,140.137238) seconds
2026/03/15-15:10:56  ... thread 87: (644000,9595000) ops and (64345.0,68486.9) ops/second in (10.008545,140.099747) seconds
2026/03/15-15:10:56  ... thread 95: (645000,10755000) ops and (64415.6,76766.5) ops/second in (10.013109,140.100254) seconds
2026/03/15-15:10:56  ... thread 88: (649000,11729000) ops and (64803.1,83717.9) ops/second in (10.014953,140.101500) seconds
2026/03/15-15:10:56  ... thread 76: (915000,10986000) ops and (91422.8,78407.3) ops/second in (10.008448,140.114506) seconds
2026/03/15-15:10:56  ... thread 72: (644000,9350000) ops and (64372.3,66735.2) ops/second in (10.004303,140.106053) seconds
2026/03/15-15:10:56  ... thread 79: (978000,10051000) ops and (97705.5,71738.1) ops/second in (10.009677,140.106841) seconds
2026/03/15-15:10:56  ... thread 99: (646000,9435000) ops and (64537.0,67342.3) ops/second in (10.009758,140.105173) seconds
2026/03/15-15:10:56  ... thread 9: (620000,9104000) ops and (61950.6,64959.6) ops/second in (10.007979,140.148704) seconds
2026/03/15-15:10:56  ... thread 113: (787000,10220000) ops and (78666.8,72953.9) ops/second in (10.004216,140.088554) seconds
2026/03/15-15:10:56  ... thread 104: (645000,9428000) ops and (64490.7,67296.3) ops/second in (10.001443,140.096760) seconds
2026/03/15-15:10:56  ... thread 91: (641000,9460000) ops and (64022.9,67517.7) ops/second in (10.012045,140.111499) seconds
2026/03/15-15:10:56  ... thread 86: (576000,10853000) ops and (57511.0,77457.4) ops/second in (10.015473,140.115805) seconds
2026/03/15-15:10:56  ... thread 75: (643000,9246000) ops and (64270.8,65987.5) ops/second in (10.004537,140.117517) seconds
2026/03/15-15:10:56  ... thread 111: (642000,12475000) ops and (64189.5,89049.8) ops/second in (10.001637,140.090219) seconds
2026/03/15-15:10:56  ... thread 119: (649000,9764000) ops and (64849.5,69700.1) ops/second in (10.007786,140.085962) seconds
2026/03/15-15:10:56  ... thread 116: (642000,9407000) ops and (64192.2,67152.5) ops/second in (10.001220,140.084141) seconds
2026/03/15-15:10:56  ... thread 109: (639000,9510000) ops and (63837.9,67874.1) ops/second in (10.009720,140.112415) seconds
2026/03/15-15:10:56  ... thread 71: (577000,9385000) ops and (57634.8,66968.3) ops/second in (10.011320,140.140990) seconds
2026/03/15-15:10:56  ... thread 77: (652000,9874000) ops and (65140.1,70458.8) ops/second in (10.009193,140.138612) seconds
2026/03/15-15:10:56  ... thread 117: (643000,10552000) ops and (64283.9,75328.3) ops/second in (10.002509,140.080203) seconds
2026/03/15-15:10:56  ... thread 16: (913000,11165000) ops and (91240.1,79706.0) ops/second in (10.006565,140.077342) seconds
2026/03/15-15:10:56  ... thread 115: (645000,9553000) ops and (64479.5,68187.3) ops/second in (10.003179,140.099443) seconds
2026/03/15-15:10:56  ... thread 126: (978000,12626000) ops and (97727.7,90140.4) ops/second in (10.007394,140.070383) seconds
2026/03/15-15:10:56  ... thread 106: (642000,10632000) ops and (64139.8,75904.7) ops/second in (10.009389,140.070455) seconds
2026/03/15-15:10:56  ... thread 112: (647000,9414000) ops and (64642.5,67184.5) ops/second in (10.008896,140.121595) seconds
2026/03/15-15:10:56  ... thread 124: (917000,10007000) ops and (91636.2,71436.5) ops/second in (10.006961,140.082395) seconds
2026/03/15-15:10:56  ... thread 114: (643000,9435000) ops and (64237.0,67327.9) ops/second in (10.009813,140.135165) seconds
2026/03/15-15:10:56  ... thread 7: (640000,9383000) ops and (63910.7,66973.7) ops/second in (10.013974,140.099721) seconds
2026/03/15-15:10:56  ... thread 94: (646000,9499000) ops and (64515.6,67807.8) ops/second in (10.013085,140.087116) seconds
2026/03/15-15:10:56  ... thread 98: (647000,11449000) ops and (64669.0,81727.6) ops/second in (10.004795,140.087341) seconds
2026/03/15-15:10:56  ... thread 93: (914000,11194000) ops and (91322.4,79907.7) ops/second in (10.008495,140.086660) seconds
2026/03/15-15:10:56  ... thread 125: (911000,12268000) ops and (91039.7,87571.3) ops/second in (10.006618,140.091583) seconds
2026/03/15-15:10:56  ... thread 90: (979000,9211000) ops and (97871.9,65749.2) ops/second in (10.002873,140.093053) seconds
2026/03/15-15:10:56  ... thread 4: (920000,10783000) ops and (91901.3,76969.6) ops/second in (10.010735,140.094253) seconds
2026/03/15-15:10:56  ... thread 2: (645000,9396000) ops and (64472.5,67070.2) ops/second in (10.004266,140.092057) seconds
2026/03/15-15:10:56  ... thread 123: (640000,9389000) ops and (63989.0,67018.3) ops/second in (10.001715,140.096109) seconds
2026/03/15-15:10:56  ... thread 122: (640000,10007000) ops and (63943.8,71428.2) ops/second in (10.008788,140.098696) seconds
2026/03/15-15:10:56  ... thread 121: (646000,9466000) ops and (64528.1,67553.8) ops/second in (10.011147,140.125331) seconds
2026/03/15-15:10:56  ... thread 6: (646000,9574000) ops and (64529.6,68337.3) ops/second in (10.010917,140.099255) seconds
2026/03/15-15:10:56  ... thread 110: (644000,9413000) ops and (64368.5,67184.2) ops/second in (10.004890,140.107279) seconds
2026/03/15-15:10:56  ... thread 120: (645000,9386000) ops and (64421.6,66991.6) ops/second in (10.012171,140.107132) seconds
2026/03/15-15:10:56  ... thread 96: (647000,9426000) ops and (64674.9,67274.8) ops/second in (10.003879,140.111970) seconds
2026/03/15-15:10:56  ... thread 108: (635000,9423000) ops and (63414.1,67251.6) ops/second in (10.013538,140.115630) seconds
2026/03/15-15:10:56  ... thread 5: (644000,9402000) ops and (64336.1,67099.7) ops/second in (10.009928,140.119898) seconds
2026/03/15-15:10:56  ... thread 127: (648000,9402000) ops and (64755.1,67091.9) ops/second in (10.006935,140.136147) seconds
2026/03/15-15:11:06  ... thread 56: (637000,11321000) ops and (63688.2,75440.5) ops/second in (10.001847,150.065317) seconds
2026/03/15-15:11:06  ... thread 51: (701000,13994000) ops and (70086.4,93251.8) ops/second in (10.001938,150.066747) seconds
2026/03/15-15:11:06  ... thread 38: (916000,10871000) ops and (91576.6,72436.0) ops/second in (10.002555,150.077358) seconds
2026/03/15-15:11:06  ... thread 11: (939000,12962000) ops and (93896.0,86367.4) ops/second in (10.000422,150.079827) seconds
2026/03/15-15:11:06  ... thread 43: (908000,12792000) ops and (90703.2,85235.7) ops/second in (10.010676,150.077925) seconds
2026/03/15-15:11:06  ... thread 17: (889000,12553000) ops and (88816.1,83641.5) ops/second in (10.009441,150.080916) seconds
2026/03/15-15:11:06  ... thread 57: (970000,14691000) ops and (96948.0,97893.8) ops/second in (10.005367,150.070850) seconds
2026/03/15-15:11:06  ... thread 58: (633000,13291000) ops and (63296.8,88557.0) ops/second in (10.000509,150.084077) seconds
2026/03/15-15:11:06  ... thread 68: (639000,10070000) ops and (63899.8,67095.0) ops/second in (10.000028,150.085797) seconds
2026/03/15-15:11:06  ... thread 25: (634000,13190000) ops and (63388.7,87882.9) ops/second in (10.001784,150.086024) seconds
2026/03/15-15:11:06  ... thread 41: (975000,11986000) ops and (97419.5,79859.8) ops/second in (10.008259,150.087959) seconds
2026/03/15-15:11:06  ... thread 47: (635000,13261000) ops and (63468.4,88355.8) ops/second in (10.004985,150.086434) seconds
2026/03/15-15:11:06  ... thread 31: (630000,11384000) ops and (62934.3,75849.5) ops/second in (10.010432,150.086704) seconds
2026/03/15-15:11:06  ... thread 15: (769000,12016000) ops and (76849.0,80058.1) ops/second in (10.006642,150.090937) seconds
2026/03/15-15:11:06  ... thread 13: (627000,9995000) ops and (62675.0,66592.8) ops/second in (10.003992,150.091335) seconds
2026/03/15-15:11:06  ... thread 21: (622000,10330000) ops and (62195.3,68824.7) ops/second in (10.000752,150.091365) seconds
2026/03/15-15:11:06  ... thread 30: (644000,11072000) ops and (64358.9,73769.0) ops/second in (10.006387,150.090130) seconds
2026/03/15-15:11:06  ... thread 32: (632000,10047000) ops and (63145.8,66939.3) ops/second in (10.008576,150.091113) seconds
2026/03/15-15:11:06  ... thread 74: (639000,11324000) ops and (63894.6,75465.0) ops/second in (10.000848,150.056363) seconds
2026/03/15-15:11:06  ... thread 18: (891000,12979000) ops and (89010.0,86470.9) ops/second in (10.010112,150.096704) seconds
2026/03/15-15:11:06  ... thread 48: (914000,13419000) ops and (91318.7,89408.4) ops/second in (10.008903,150.086489) seconds
2026/03/15-15:11:06  ... thread 45: (643000,12301000) ops and (64218.5,81958.8) ops/second in (10.012689,150.087683) seconds
2026/03/15-15:11:06  ... thread 20: (620000,9860000) ops and (61952.8,65689.5) ops/second in (10.007621,150.100080) seconds
2026/03/15-15:11:06  ... thread 61: (969000,10341000) ops and (96884.9,68899.0) ops/second in (10.001563,150.089358) seconds
2026/03/15-15:11:06  ... thread 40: (636000,11046000) ops and (63517.1,73592.0) ops/second in (10.013049,150.097936) seconds
2026/03/15-15:11:06  ... thread 29: (640000,10061000) ops and (63990.1,67029.0) ops/second in (10.001553,150.099178) seconds
2026/03/15-15:11:06  ... thread 12: (955000,13713000) ops and (95407.8,91358.3) ops/second in (10.009667,150.101363) seconds
2026/03/15-15:11:06  ... thread 10: (636000,10436000) ops and (63526.6,69532.2) ops/second in (10.011549,150.088722) seconds
2026/03/15-15:11:06  ... thread 14: (618000,10219000) ops and (61739.2,68079.4) ops/second in (10.009840,150.104090) seconds
2026/03/15-15:11:06  ... thread 34: (975000,12320000) ops and (97458.7,82093.9) ops/second in (10.004242,150.072008) seconds
2026/03/15-15:11:06  ... thread 54: (643000,11293000) ops and (64239.4,75236.5) ops/second in (10.009433,150.100079) seconds
2026/03/15-15:11:06  ... thread 105: (911000,14168000) ops and (91053.7,94418.0) ops/second in (10.005084,150.056159) seconds
2026/03/15-15:11:06  ... thread 1: (640000,11106000) ops and (63978.9,73998.1) ops/second in (10.003300,150.084927) seconds
2026/03/15-15:11:06  ... thread 46: (641000,11969000) ops and (64097.3,79738.9) ops/second in (10.000421,150.102400) seconds
2026/03/15-15:11:06  ... thread 8: (617000,9726000) ops and (61601.8,64792.5) ops/second in (10.015946,150.109907) seconds
2026/03/15-15:11:06  ... thread 26: (635000,10026000) ops and (63485.8,66791.8) ops/second in (10.002243,150.108277) seconds
2026/03/15-15:11:06  ... thread 24: (634000,10016000) ops and (63396.8,66724.3) ops/second in (10.000511,150.110142) seconds
2026/03/15-15:11:06  ... thread 39: (656000,10179000) ops and (65506.7,67810.4) ops/second in (10.014249,150.109819) seconds
2026/03/15-15:11:06  ... thread 37: (909000,10364000) ops and (90854.3,69045.0) ops/second in (10.005033,150.104906) seconds
2026/03/15-15:11:06  ... thread 101: (906000,13075000) ops and (90558.8,87127.7) ops/second in (10.004552,150.067072) seconds
2026/03/15-15:11:06  ... thread 62: (641000,11620000) ops and (64060.3,77419.6) ops/second in (10.006201,150.091169) seconds
2026/03/15-15:11:06  ... thread 52: (631000,9968000) ops and (63018.6,66407.3) ops/second in (10.012921,150.103936) seconds
2026/03/15-15:11:06  ... thread 82: (972000,14297000) ops and (97187.2,95266.0) ops/second in (10.001316,150.074472) seconds
2026/03/15-15:11:06  ... thread 35: (640000,10626000) ops and (63956.6,70786.3) ops/second in (10.006791,150.113701) seconds
2026/03/15-15:11:06  ... thread 27: (633000,11854000) ops and (63246.4,78964.6) ops/second in (10.008479,150.117811) seconds
2026/03/15-15:11:06  ... thread 53: (642000,10374000) ops and (64110.2,69106.7) ops/second in (10.014008,150.115617) seconds
2026/03/15-15:11:06  ... thread 0: (633000,10920000) ops and (63252.0,72743.3) ops/second in (10.007590,150.116902) seconds

** Compaction Stats [default] **
Level    Files   Size     Score Read(GB)  Rn(GB) Rnp1(GB) Write(GB) WPreComp(GB) Wnew(GB) Moved(GB) W-Amp Rd(MB/s) Wr(MB/s) Comp(sec) CompMergeCPU(sec) Comp(cnt) Avg(sec) KeyIn KeyDrop Rblob(GB) Wblob(GB)
-------------------------------------------------------------------------------------------------------------------------------------------------------------------------------------------------------------
  L7     81/0     10.10 GB   0.0      0.0     0.0      0.0       0.0       0.0      0.0       0.0   0.0      0.0      0.0      0.00              0.00         0    0.000       0      0       0.0       0.0
 Sum     81/0     10.10 GB   0.0      0.0     0.0      0.0       0.0       0.0      0.0       0.0   0.0      0.0      0.0      0.00              0.00         0    0.000       0      0       0.0       0.0
 Int      0/0      0.00 KB   0.0      0.0     0.0      0.0       0.0       0.0      0.0       0.0   0.0      0.0      0.0      0.00              0.00         0    0.000       0      0       0.0       0.0

** Compaction Stats [default] **
Priority    Files   Size     Score Read(GB)  Rn(GB) Rnp1(GB) Write(GB) WPreComp(GB) Wnew(GB) Moved(GB) W-Amp Rd(MB/s) Wr(MB/s) Comp(sec) CompMergeCPU(sec) Comp(cnt) Avg(sec) KeyIn KeyDrop Rblob(GB) Wblob(GB)
----------------------------------------------------------------------------------------------------------------------------------------------------------------------------------------------------------------

Blob file count: 0, total size: 0.0 GB, garbage size: 0.0 GB, space amp: 0.0

Uptime(secs): 150.2 total, 150.1 interval
Flush(GB): cumulative 0.000, interval 0.000
AddFile(GB): cumulative 0.000, interval 0.000
AddFile(Total Files): cumulative 0, interval 0
AddFile(L0 Files): cumulative 0, interval 0
AddFile(Keys): cumulative 0, interval 0
Cumulative compaction: 0.00 GB write, 0.00 MB/s write, 0.00 GB read, 0.00 MB/s read, 0.0 seconds
Interval compaction: 0.00 GB write, 0.00 MB/s write, 0.00 GB read, 0.00 MB/s read, 0.0 seconds
Estimated pending compaction bytes: 0
Write Stall (count): cf-l0-file-count-limit-delays-with-ongoing-compaction: 0, cf-l0-file-count-limit-stops-with-ongoing-compaction: 0, l0-file-count-limit-delays: 0, l0-file-count-limit-stops: 0, memtable-limit-delays: 0, memtable-limit-stops: 0, pending-compaction-bytes-delays: 0, pending-compaction-bytes-stops: 0, total-delays: 0, total-stops: 0
Block cache LRUCache@0x557a4f67f730#1194204 capacity: 29.80 GB seed: 1773583716 usage: 0.09 KB table_size: 1024 occupancy: 1 collections: 1 last_copies: 0 last_secs: 0.000161 secs_since: 150
Block cache entry stats(count,size,portion): Misc(1,0.00 KB,0%)

** File Read Latency Histogram By Level [default] **

** DB Stats **
Uptime(secs): 150.2 total, 10.0 interval
Cumulative writes: 0 writes, 0 keys, 0 commit groups, 0.0 writes per commit group, ingest: 0.00 GB, 0.00 MB/s
Cumulative WAL: 0 writes, 0 syncs, 0.00 writes per sync, written: 0.00 GB, 0.00 MB/s
Cumulative stall: 00:00:0.000 H:M:S, 0.0 percent
Interval writes: 0 writes, 0 keys, 0 commit groups, 0.0 writes per commit group, ingest: 0.00 MB, 0.00 MB/s
Interval WAL: 0 writes, 0 syncs, 0.00 writes per sync, written: 0.00 GB, 0.00 MB/s
Interval stall: 00:00:0.000 H:M:S, 0.0 percent
Write Stall (count): write-buffer-manager-limit-stops: 0
num-running-compactions: 0
num-running-flushes: 0

2026/03/15-15:11:06  ... thread 78: (641000,13553000) ops and (64058.5,90300.0) ops/second in (10.006482,150.088610) seconds
2026/03/15-15:11:06  ... thread 19: (555000,8720000) ops and (55454.9,58086.7) ops/second in (10.008138,150.120336) seconds
2026/03/15-15:11:06  ... thread 66: (640000,9361000) ops and (63927.4,62359.6) ops/second in (10.011362,150.113264) seconds
2026/03/15-15:11:06  ... thread 80: (641000,10064000) ops and (64093.6,67058.7) ops/second in (10.000992,150.077572) seconds
2026/03/15-15:11:06  ... thread 102: (916000,13986000) ops and (91544.6,93192.0) ops/second in (10.006051,150.077317) seconds
2026/03/15-15:11:06  ... thread 55: (643000,10114000) ops and (64262.8,67373.2) ops/second in (10.005781,150.119031) seconds
2026/03/15-15:11:06  ... thread 73: (570000,9583000) ops and (56942.4,63846.8) ops/second in (10.010107,150.093747) seconds
2026/03/15-15:11:06  ... thread 44: (631000,10960000) ops and (63087.4,73007.3) ops/second in (10.001993,150.122047) seconds
2026/03/15-15:11:06  ... thread 70: (635000,9703000) ops and (63414.3,64634.0) ops/second in (10.013517,150.122306) seconds
2026/03/15-15:11:06  ... thread 92: (637000,10474000) ops and (63670.3,69788.2) ops/second in (10.004661,150.082767) seconds
2026/03/15-15:11:06  ... thread 36: (640000,12090000) ops and (63920.1,80538.2) ops/second in (10.012507,150.115188) seconds
2026/03/15-15:11:06  ... thread 64: (637000,10564000) ops and (63629.6,70373.8) ops/second in (10.011062,150.112668) seconds
2026/03/15-15:11:06  ... thread 59: (639000,10029000) ops and (63841.6,66806.1) ops/second in (10.009150,150.120959) seconds
2026/03/15-15:11:06  ... thread 42: (642000,10120000) ops and (64114.1,67411.4) ops/second in (10.013402,150.123015) seconds
2026/03/15-15:11:06  ... thread 69: (975000,11668000) ops and (97418.1,77733.2) ops/second in (10.008407,150.103216) seconds
2026/03/15-15:11:06  ... thread 85: (910000,10826000) ops and (90926.5,72130.2) ops/second in (10.008080,150.089787) seconds
2026/03/15-15:11:06  ... thread 28: (634000,10022000) ops and (63369.1,66755.2) ops/second in (10.004875,150.130624) seconds
2026/03/15-15:11:06  ... thread 60: (640000,10958000) ops and (63980.5,72992.2) ops/second in (10.003042,150.125591) seconds
2026/03/15-15:11:06  ... thread 50: (639000,10049000) ops and (63807.6,66938.7) ops/second in (10.014481,150.122355) seconds
2026/03/15-15:11:06  ... thread 84: (643000,12421000) ops and (64239.0,82755.9) ops/second in (10.009498,150.092026) seconds
2026/03/15-15:11:06  ... thread 83: (632000,9956000) ops and (63152.2,66332.1) ops/second in (10.007571,150.093346) seconds
2026/03/15-15:11:06  ... thread 22: (951000,10551000) ops and (95018.1,70277.0) ops/second in (10.008619,150.134534) seconds
2026/03/15-15:11:06  ... thread 81: (642000,10101000) ops and (64133.9,67297.6) ops/second in (10.010306,150.094560) seconds
2026/03/15-15:11:06  ... thread 103: (632000,10006000) ops and (63199.3,66665.8) ops/second in (10.000116,150.091987) seconds
2026/03/15-15:11:06  ... thread 3: (827000,10958000) ops and (82617.4,72986.9) ops/second in (10.010003,150.136563) seconds
2026/03/15-15:11:06  ... thread 107: (639000,12754000) ops and (63858.3,84984.4) ops/second in (10.006534,150.074616) seconds
2026/03/15-15:11:06  ... thread 97: (637000,10024000) ops and (63631.6,66783.2) ops/second in (10.010752,150.097626) seconds
2026/03/15-15:11:06  ... thread 67: (638000,10053000) ops and (63761.1,66970.0) ops/second in (10.006106,150.112098) seconds
2026/03/15-15:11:06  ... thread 63: (641000,10062000) ops and (64021.6,67020.8) ops/second in (10.012240,150.132402) seconds
2026/03/15-15:11:06  ... thread 23: (641000,10082000) ops and (64030.0,67151.6) ops/second in (10.010937,150.137949) seconds
2026/03/15-15:11:06  ... thread 118: (634000,13445000) ops and (63359.8,89588.5) ops/second in (10.006352,150.075083) seconds
2026/03/15-15:11:06  ... thread 100: (979000,11778000) ops and (97852.8,78466.0) ops/second in (10.004821,150.103277) seconds
2026/03/15-15:11:06  ... thread 49: (635000,10548000) ops and (63426.9,70261.2) ops/second in (10.011532,150.125460) seconds
2026/03/15-15:11:06  ... thread 95: (637000,11392000) ops and (63674.2,75893.9) ops/second in (10.004052,150.104306) seconds
2026/03/15-15:11:06  ... thread 65: (639000,10028000) ops and (63826.9,66805.8) ops/second in (10.011452,150.106808) seconds
2026/03/15-15:11:06  ... thread 89: (641000,11005000) ops and (64028.1,73315.1) ops/second in (10.011227,150.105444) seconds
2026/03/15-15:11:06  ... thread 33: (913000,10634000) ops and (91232.8,70825.1) ops/second in (10.007371,150.144609) seconds
2026/03/15-15:11:06  ... thread 76: (909000,11895000) ops and (90859.6,79237.2) ops/second in (10.004446,150.118952) seconds
2026/03/15-15:11:06  ... thread 9: (616000,9720000) ops and (61562.7,64733.2) ops/second in (10.006051,150.154755) seconds
2026/03/15-15:11:06  ... thread 87: (640000,10235000) ops and (63907.7,68181.4) ops/second in (10.014441,150.114188) seconds
2026/03/15-15:11:06  ... thread 88: (640000,12369000) ops and (63907.4,82396.3) ops/second in (10.014490,150.115990) seconds
2026/03/15-15:11:06  ... thread 72: (639000,9989000) ops and (63827.6,66541.3) ops/second in (10.011342,150.117395) seconds
2026/03/15-15:11:06  ... thread 86: (570000,11423000) ops and (56989.7,76093.7) ops/second in (10.001807,150.117612) seconds
2026/03/15-15:11:06  ... thread 99: (639000,10074000) ops and (63833.8,67108.3) ops/second in (10.010377,150.115550) seconds
2026/03/15-15:11:06  ... thread 79: (643000,10694000) ops and (64217.8,71236.5) ops/second in (10.012801,150.119642) seconds
2026/03/15-15:11:06  ... thread 113: (783000,11003000) ops and (78232.3,73305.8) ops/second in (10.008652,150.097206) seconds
2026/03/15-15:11:06  ... thread 75: (571000,9817000) ops and (57077.1,65393.7) ops/second in (10.004020,150.121537) seconds
2026/03/15-15:11:06  ... thread 104: (639000,10067000) ops and (63823.0,67064.7) ops/second in (10.012066,150.108826) seconds
2026/03/15-15:11:06  ... thread 91: (634000,10094000) ops and (63304.5,67236.6) ops/second in (10.015083,150.126582) seconds
2026/03/15-15:11:06  ... thread 119: (641000,10405000) ops and (64078.7,69325.4) ops/second in (10.003330,150.089292) seconds
2026/03/15-15:11:06  ... thread 109: (635000,10145000) ops and (63489.3,67581.9) ops/second in (10.001685,150.114100) seconds
2026/03/15-15:11:06  ... thread 71: (637000,10022000) ops and (63676.9,66749.0) ops/second in (10.003633,150.144623) seconds
2026/03/15-15:11:06  ... thread 111: (635000,13110000) ops and (63404.6,87338.7) ops/second in (10.015053,150.105272) seconds
2026/03/15-15:11:06  ... thread 116: (637000,10044000) ops and (63613.7,66916.4) ops/second in (10.013565,150.097706) seconds
2026/03/15-15:11:06  ... thread 77: (632000,10506000) ops and (63104.4,69968.3) ops/second in (10.015150,150.153762) seconds
2026/03/15-15:11:06  ... thread 115: (637000,10190000) ops and (63695.1,67888.0) ops/second in (10.000763,150.100206) seconds
2026/03/15-15:11:06  ... thread 126: (974000,13600000) ops and (97378.5,90622.8) ops/second in (10.002204,150.072587) seconds
2026/03/15-15:11:06  ... thread 16: (907000,12072000) ops and (90613.4,80433.4) ops/second in (10.009559,150.086901) seconds
2026/03/15-15:11:06  ... thread 117: (638000,11190000) ops and (63712.3,74553.3) ops/second in (10.013768,150.093971) seconds
2026/03/15-15:11:06  ... thread 112: (640000,10054000) ops and (63977.3,66970.8) ops/second in (10.003549,150.125144) seconds
2026/03/15-15:11:06  ... thread 124: (913000,10920000) ops and (91237.3,72756.7) ops/second in (10.006875,150.089270) seconds
2026/03/15-15:11:06  ... thread 98: (633000,12082000) ops and (63296.7,80499.5) ops/second in (10.000519,150.087860) seconds
2026/03/15-15:11:06  ... thread 106: (636000,11268000) ops and (63515.4,75078.1) ops/second in (10.013320,150.083775) seconds
2026/03/15-15:11:06  ... thread 93: (908000,12102000) ops and (90782.1,80632.4) ops/second in (10.001970,150.088630) seconds
2026/03/15-15:11:06  ... thread 94: (640000,10139000) ops and (63974.9,67552.3) ops/second in (10.003925,150.091041) seconds
2026/03/15-15:11:06  ... thread 114: (636000,10071000) ops and (63534.1,67074.9) ops/second in (10.010369,150.145534) seconds
2026/03/15-15:11:06  ... thread 4: (913000,11696000) ops and (91283.2,77923.4) ops/second in (10.001843,150.096096) seconds
2026/03/15-15:11:06  ... thread 90: (975000,10186000) ops and (97457.1,67862.6) ops/second in (10.004407,150.097460) seconds
2026/03/15-15:11:06  ... thread 2: (641000,10037000) ops and (64086.3,66871.3) ops/second in (10.002131,150.094188) seconds
2026/03/15-15:11:06  ... thread 7: (634000,10017000) ops and (63308.2,66729.2) ops/second in (10.014499,150.114220) seconds
2026/03/15-15:11:06  ... thread 125: (905000,13173000) ops and (90435.0,87762.2) ops/second in (10.007185,150.098768) seconds
2026/03/15-15:11:06  ... thread 123: (637000,10026000) ops and (63662.1,66794.6) ops/second in (10.005946,150.102055) seconds
2026/03/15-15:11:06  ... thread 121: (640000,10106000) ops and (63955.6,67314.0) ops/second in (10.006936,150.132267) seconds
2026/03/15-15:11:06  ... thread 110: (637000,10050000) ops and (63651.5,66948.7) ops/second in (10.007618,150.114897) seconds
2026/03/15-15:11:06  ... thread 120: (640000,10026000) ops and (63939.6,66788.1) ops/second in (10.009450,150.116582) seconds
2026/03/15-15:11:06  ... thread 122: (631000,10638000) ops and (63004.8,70866.2) ops/second in (10.015112,150.113808) seconds
2026/03/15-15:11:06  ... thread 6: (641000,10215000) ops and (64019.4,68049.3) ops/second in (10.012586,150.111841) seconds
2026/03/15-15:11:06  ... thread 96: (636000,10062000) ops and (63505.8,67023.3) ops/second in (10.014840,150.126810) seconds
2026/03/15-15:11:06  ... thread 108: (638000,10061000) ops and (63747.9,67018.0) ops/second in (10.008178,150.123808) seconds
2026/03/15-15:11:06  ... thread 5: (637000,10039000) ops and (63699.2,66873.2) ops/second in (10.000128,150.120026) seconds
2026/03/15-15:11:06  ... thread 127: (634000,10036000) ops and (63329.0,66841.0) ops/second in (10.011205,150.147352) seconds
2026/03/15-15:11:16  ... thread 56: (633000,11954000) ops and (63264.9,74679.4) ops/second in (10.005543,160.070860) seconds
2026/03/15-15:11:16  ... thread 51: (632000,14626000) ops and (63194.6,91373.9) ops/second in (10.000854,160.067601) seconds
2026/03/15-15:11:16  ... thread 11: (937000,13899000) ops and (93658.0,86823.0) ops/second in (10.004482,160.084309) seconds
2026/03/15-15:11:16  ... thread 38: (912000,11783000) ops and (91154.1,73605.8) ops/second in (10.005032,160.082390) seconds
2026/03/15-15:11:16  ... thread 17: (881000,13434000) ops and (88065.6,83918.0) ops/second in (10.003909,160.084825) seconds
2026/03/15-15:11:16  ... thread 68: (633000,10703000) ops and (63295.1,66857.6) ops/second in (10.000777,160.086574) seconds
2026/03/15-15:11:16  ... thread 43: (903000,13695000) ops and (90223.7,85547.6) ops/second in (10.008459,160.086384) seconds
2026/03/15-15:11:16  ... thread 31: (630000,12014000) ops and (62985.4,75045.7) ops/second in (10.002316,160.089020) seconds
2026/03/15-15:11:16  ... thread 57: (967000,15658000) ops and (96649.7,97816.0) ops/second in (10.005203,160.076053) seconds
2026/03/15-15:11:16  ... thread 58: (627000,13918000) ops and (62652.3,86937.7) ops/second in (10.007608,160.091685) seconds
2026/03/15-15:11:16  ... thread 13: (622000,10617000) ops and (62176.8,66316.8) ops/second in (10.003726,160.095061) seconds
2026/03/15-15:11:16  ... thread 41: (973000,12959000) ops and (97236.5,80945.9) ops/second in (10.006533,160.094492) seconds
2026/03/15-15:11:16  ... thread 32: (627000,10674000) ops and (62682.9,66673.4) ops/second in (10.002728,160.093841) seconds
2026/03/15-15:11:16  ... thread 25: (630000,13820000) ops and (62937.1,86323.2) ops/second in (10.009997,160.096021) seconds
2026/03/15-15:11:16  ... thread 15: (767000,12783000) ops and (76645.0,79844.8) ops/second in (10.007179,160.098116) seconds
2026/03/15-15:11:16  ... thread 48: (908000,14327000) ops and (90769.6,89493.5) ops/second in (10.003350,160.089839) seconds
2026/03/15-15:11:16  ... thread 20: (619000,10479000) ops and (61894.7,65452.5) ops/second in (10.000860,160.100940) seconds
2026/03/15-15:11:16  ... thread 30: (638000,11710000) ops and (63741.5,73142.1) ops/second in (10.009170,160.099300) seconds
2026/03/15-15:11:16  ... thread 12: (951000,14664000) ops and (95088.3,91591.3) ops/second in (10.001233,160.102596) seconds
2026/03/15-15:11:16  ... thread 47: (631000,13892000) ops and (63006.9,86770.1) ops/second in (10.014782,160.101216) seconds
2026/03/15-15:11:16  ... thread 18: (885000,13864000) ops and (88438.0,86593.9) ops/second in (10.007015,160.103719) seconds
2026/03/15-15:11:16  ... thread 61: (971000,11312000) ops and (97067.2,70659.0) ops/second in (10.003378,160.092736) seconds
2026/03/15-15:11:16  ... thread 29: (634000,10695000) ops and (63374.2,66800.6) ops/second in (10.004076,160.103254) seconds
2026/03/15-15:11:16  ... thread 74: (634000,11958000) ops and (63336.2,74706.5) ops/second in (10.010070,160.066433) seconds
2026/03/15-15:11:16  ... thread 21: (621000,10951000) ops and (62003.9,68398.1) ops/second in (10.015504,160.106869) seconds
2026/03/15-15:11:16  ... thread 34: (970000,13290000) ops and (96999.4,83025.1) ops/second in (10.000058,160.072066) seconds
2026/03/15-15:11:16  ... thread 45: (637000,12938000) ops and (63646.1,80813.9) ops/second in (10.008476,160.096159) seconds
2026/03/15-15:11:16  ... thread 40: (631000,11677000) ops and (63058.3,72933.6) ops/second in (10.006620,160.104556) seconds
2026/03/15-15:11:16  ... thread 54: (637000,11930000) ops and (63683.9,74514.7) ops/second in (10.002535,160.102614) seconds
2026/03/15-15:11:16  ... thread 10: (636000,11072000) ops and (63557.3,69158.7) ops/second in (10.006712,160.095434) seconds
2026/03/15-15:11:16  ... thread 105: (905000,15073000) ops and (90458.4,94170.5) ops/second in (10.004598,160.060757) seconds
2026/03/15-15:11:16  ... thread 24: (631000,10647000) ops and (63088.8,66497.2) ops/second in (10.001778,160.111920) seconds
2026/03/15-15:11:16  ... thread 62: (634000,12254000) ops and (63388.7,76543.0) ops/second in (10.001782,160.092951) seconds
2026/03/15-15:11:16  ... thread 37: (908000,11272000) ops and (90763.4,70402.1) ops/second in (10.004037,160.108943) seconds
2026/03/15-15:11:16  ... thread 14: (614000,10833000) ops and (61322.6,67656.9) ops/second in (10.012617,160.116707) seconds
2026/03/15-15:11:16  ... thread 46: (635000,12604000) ops and (63451.1,78720.8) ops/second in (10.007705,160.110105) seconds
2026/03/15-15:11:16  ... thread 8: (612000,10338000) ops and (61154.7,64565.2) ops/second in (10.007403,160.117310) seconds
2026/03/15-15:11:16  ... thread 101: (900000,13975000) ops and (89961.2,87304.8) ops/second in (10.004310,160.071382) seconds
2026/03/15-15:11:16  ... thread 39: (630000,10809000) ops and (62958.1,67507.1) ops/second in (10.006656,160.116475) seconds
2026/03/15-15:11:16  ... thread 27: (627000,12481000) ops and (62695.1,77948.5) ops/second in (10.000777,160.118588) seconds
2026/03/15-15:11:16  ... thread 53: (635000,11009000) ops and (63497.8,68756.4) ops/second in (10.000353,160.115970) seconds
2026/03/15-15:11:16  ... thread 82: (968000,15265000) ops and (96757.3,95359.2) ops/second in (10.004415,160.078887) seconds
2026/03/15-15:11:16  ... thread 35: (635000,11261000) ops and (63469.0,70329.1) ops/second in (10.004891,160.118592) seconds
2026/03/15-15:11:16  ... thread 1: (636000,11742000) ops and (63519.5,73342.8) ops/second in (10.012679,160.097606) seconds
2026/03/15-15:11:16  ... thread 26: (630000,10656000) ops and (62933.0,66550.5) ops/second in (10.010642,160.118919) seconds
2026/03/15-15:11:16  ... thread 52: (626000,10594000) ops and (62562.4,66167.0) ops/second in (10.006015,160.109951) seconds
2026/03/15-15:11:16  ... thread 102: (910000,14896000) ops and (90994.3,93054.7) ops/second in (10.000630,160.077947) seconds
2026/03/15-15:11:16  ... thread 78: (636000,14189000) ops and (63591.3,88631.4) ops/second in (10.001372,160.089982) seconds
2026/03/15-15:11:16  ... thread 80: (634000,10698000) ops and (63387.1,66829.2) ops/second in (10.002034,160.079606) seconds
2026/03/15-15:11:16  ... thread 55: (638000,10752000) ops and (63777.1,67148.5) ops/second in (10.003583,160.122614) seconds
2026/03/15-15:11:16  ... thread 19: (546000,9266000) ops and (54571.9,57867.1) ops/second in (10.005153,160.125489) seconds
2026/03/15-15:11:16  ... thread 59: (633000,10662000) ops and (63289.4,66586.5) ops/second in (10.001673,160.122632) seconds
2026/03/15-15:11:16  ... thread 66: (634000,9995000) ops and (63327.8,62420.1) ops/second in (10.011400,160.124664) seconds
2026/03/15-15:11:16  ... thread 70: (629000,10332000) ops and (62856.5,64522.9) ops/second in (10.006913,160.129219) seconds
2026/03/15-15:11:16  ... thread 36: (633000,12723000) ops and (63258.3,79458.3) ops/second in (10.006585,160.121773) seconds
2026/03/15-15:11:16  ... thread 0: (630000,11550000) ops and (62912.5,72128.5) ops/second in (10.013916,160.130818) seconds
2026/03/15-15:11:16  ... thread 69: (972000,12640000) ops and (97171.0,78947.6) ops/second in (10.002989,160.106205) seconds

** Compaction Stats [default] **
Level    Files   Size     Score Read(GB)  Rn(GB) Rnp1(GB) Write(GB) WPreComp(GB) Wnew(GB) Moved(GB) W-Amp Rd(MB/s) Wr(MB/s) Comp(sec) CompMergeCPU(sec) Comp(cnt) Avg(sec) KeyIn KeyDrop Rblob(GB) Wblob(GB)
-------------------------------------------------------------------------------------------------------------------------------------------------------------------------------------------------------------
  L7     81/0     10.10 GB   0.0      0.0     0.0      0.0       0.0       0.0      0.0       0.0   0.0      0.0      0.0      0.00              0.00         0    0.000       0      0       0.0       0.0
 Sum     81/0     10.10 GB   0.0      0.0     0.0      0.0       0.0       0.0      0.0       0.0   0.0      0.0      0.0      0.00              0.00         0    0.000       0      0       0.0       0.0
 Int      0/0      0.00 KB   0.0      0.0     0.0      0.0       0.0       0.0      0.0       0.0   0.0      0.0      0.0      0.00              0.00         0    0.000       0      0       0.0       0.0

** Compaction Stats [default] **
Priority    Files   Size     Score Read(GB)  Rn(GB) Rnp1(GB) Write(GB) WPreComp(GB) Wnew(GB) Moved(GB) W-Amp Rd(MB/s) Wr(MB/s) Comp(sec) CompMergeCPU(sec) Comp(cnt) Avg(sec) KeyIn KeyDrop Rblob(GB) Wblob(GB)
----------------------------------------------------------------------------------------------------------------------------------------------------------------------------------------------------------------

Blob file count: 0, total size: 0.0 GB, garbage size: 0.0 GB, space amp: 0.0

Uptime(secs): 160.2 total, 160.1 interval
Flush(GB): cumulative 0.000, interval 0.000
AddFile(GB): cumulative 0.000, interval 0.000
AddFile(Total Files): cumulative 0, interval 0
AddFile(L0 Files): cumulative 0, interval 0
AddFile(Keys): cumulative 0, interval 0
Cumulative compaction: 0.00 GB write, 0.00 MB/s write, 0.00 GB read, 0.00 MB/s read, 0.0 seconds
Interval compaction: 0.00 GB write, 0.00 MB/s write, 0.00 GB read, 0.00 MB/s read, 0.0 seconds
Estimated pending compaction bytes: 0
Write Stall (count): cf-l0-file-count-limit-delays-with-ongoing-compaction: 0, cf-l0-file-count-limit-stops-with-ongoing-compaction: 0, l0-file-count-limit-delays: 0, l0-file-count-limit-stops: 0, memtable-limit-delays: 0, memtable-limit-stops: 0, pending-compaction-bytes-delays: 0, pending-compaction-bytes-stops: 0, total-delays: 0, total-stops: 0
Block cache LRUCache@0x557a4f67f730#1194204 capacity: 29.80 GB seed: 1773583716 usage: 0.09 KB table_size: 1024 occupancy: 1 collections: 1 last_copies: 0 last_secs: 0.000161 secs_since: 160
Block cache entry stats(count,size,portion): Misc(1,0.00 KB,0%)

** File Read Latency Histogram By Level [default] **

** DB Stats **
Uptime(secs): 160.2 total, 10.0 interval
Cumulative writes: 0 writes, 0 keys, 0 commit groups, 0.0 writes per commit group, ingest: 0.00 GB, 0.00 MB/s
Cumulative WAL: 0 writes, 0 syncs, 0.00 writes per sync, written: 0.00 GB, 0.00 MB/s
Cumulative stall: 00:00:0.000 H:M:S, 0.0 percent
Interval writes: 0 writes, 0 keys, 0 commit groups, 0.0 writes per commit group, ingest: 0.00 MB, 0.00 MB/s
Interval WAL: 0 writes, 0 syncs, 0.00 writes per sync, written: 0.00 GB, 0.00 MB/s
Interval stall: 00:00:0.000 H:M:S, 0.0 percent
Write Stall (count): write-buffer-manager-limit-stops: 0
num-running-compactions: 0
num-running-flushes: 0

2026/03/15-15:11:16  ... thread 73: (567000,10150000) ops and (56647.6,63396.7) ops/second in (10.009254,160.103001) seconds
2026/03/15-15:11:16  ... thread 42: (635000,10755000) ops and (63473.6,67165.4) ops/second in (10.004162,160.127177) seconds
2026/03/15-15:11:16  ... thread 64: (629000,11193000) ops and (62855.1,69903.9) ops/second in (10.007144,160.119812) seconds
2026/03/15-15:11:16  ... thread 92: (632000,11106000) ops and (63141.3,69372.6) ops/second in (10.009302,160.092069) seconds
2026/03/15-15:11:16  ... thread 84: (636000,13057000) ops and (63593.9,81558.9) ops/second in (10.000962,160.092988) seconds
2026/03/15-15:11:16  ... thread 81: (637000,10738000) ops and (63693.1,67072.4) ops/second in (10.001084,160.095644) seconds
2026/03/15-15:11:16  ... thread 83: (627000,10583000) ops and (62686.6,66104.3) ops/second in (10.002130,160.095476) seconds
2026/03/15-15:11:16  ... thread 85: (906000,11732000) ops and (90541.5,73280.9) ops/second in (10.006464,160.096251) seconds
2026/03/15-15:11:16  ... thread 44: (628000,11588000) ops and (62716.4,72363.8) ops/second in (10.013323,160.135370) seconds
2026/03/15-15:11:16  ... thread 3: (883000,11841000) ops and (88280.5,73942.1) ops/second in (10.002208,160.138771) seconds
2026/03/15-15:11:16  ... thread 22: (948000,11499000) ops and (94752.7,71806.1) ops/second in (10.004989,160.139523) seconds
2026/03/15-15:11:16  ... thread 50: (629000,10678000) ops and (62852.2,66683.3) ops/second in (10.007610,160.129965) seconds
2026/03/15-15:11:16  ... thread 103: (628000,10634000) ops and (62762.6,66421.8) ops/second in (10.005966,160.097953) seconds
2026/03/15-15:11:16  ... thread 107: (625000,13379000) ops and (62466.3,83577.0) ops/second in (10.005398,160.080014) seconds
2026/03/15-15:11:16  ... thread 100: (976000,12754000) ops and (97594.9,79660.8) ops/second in (10.000522,160.103799) seconds
2026/03/15-15:11:16  ... thread 60: (635000,11593000) ops and (63422.9,72393.9) ops/second in (10.012152,160.137743) seconds
2026/03/15-15:11:16  ... thread 67: (631000,10684000) ops and (63061.8,66725.7) ops/second in (10.006064,160.118162) seconds
2026/03/15-15:11:16  ... thread 28: (630000,10652000) ops and (62920.2,66515.4) ops/second in (10.012687,160.143311) seconds
2026/03/15-15:11:16  ... thread 63: (635000,10697000) ops and (63456.3,66798.1) ops/second in (10.006881,160.139283) seconds
2026/03/15-15:11:16  ... thread 65: (631000,10659000) ops and (63072.1,66572.5) ops/second in (10.004420,160.111228) seconds
2026/03/15-15:11:16  ... thread 23: (635000,10717000) ops and (63424.8,66918.6) ops/second in (10.011853,160.149802) seconds
2026/03/15-15:11:16  ... thread 97: (632000,10656000) ops and (63112.9,66553.7) ops/second in (10.013800,160.111426) seconds
2026/03/15-15:11:16  ... thread 33: (907000,11541000) ops and (90647.3,72063.5) ops/second in (10.005809,160.150418) seconds
2026/03/15-15:11:16  ... thread 95: (632000,12024000) ops and (63136.4,75096.3) ops/second in (10.010073,160.114379) seconds
2026/03/15-15:11:16  ... thread 118: (632000,14077000) ops and (63118.3,87932.9) ops/second in (10.012949,160.088032) seconds
2026/03/15-15:11:16  ... thread 49: (632000,11180000) ops and (63131.8,69815.5) ops/second in (10.010801,160.136261) seconds
2026/03/15-15:11:16  ... thread 76: (903000,12798000) ops and (90241.4,79924.8) ops/second in (10.006493,160.125445) seconds
2026/03/15-15:11:16  ... thread 72: (633000,10622000) ops and (63299.5,66338.8) ops/second in (10.000081,160.117476) seconds
2026/03/15-15:11:16  ... thread 89: (635000,11640000) ops and (63414.6,72696.0) ops/second in (10.013469,160.118913) seconds
2026/03/15-15:11:16  ... thread 87: (633000,10868000) ops and (63261.4,67874.0) ops/second in (10.006106,160.120294) seconds
2026/03/15-15:11:16  ... thread 104: (632000,10699000) ops and (63183.9,66822.2) ops/second in (10.002553,160.111379) seconds
2026/03/15-15:11:16  ... thread 99: (634000,10708000) ops and (63341.9,66872.9) ops/second in (10.009171,160.124721) seconds
2026/03/15-15:11:16  ... thread 88: (635000,13004000) ops and (63421.9,81209.9) ops/second in (10.012309,160.128299) seconds
2026/03/15-15:11:16  ... thread 113: (779000,11782000) ops and (77832.1,73588.8) ops/second in (10.008728,160.105934) seconds
2026/03/15-15:11:16  ... thread 79: (635000,11329000) ops and (63443.9,70749.4) ops/second in (10.008841,160.128483) seconds
2026/03/15-15:11:16  ... thread 9: (612000,10332000) ops and (61106.3,64506.4) ops/second in (10.015328,160.170083) seconds
2026/03/15-15:11:16  ... thread 119: (635000,11040000) ops and (63497.5,68961.3) ops/second in (10.000394,160.089686) seconds
2026/03/15-15:11:16  ... thread 86: (561000,11984000) ops and (56013.5,74837.8) ops/second in (10.015437,160.133049) seconds
2026/03/15-15:11:16  ... thread 109: (628000,10773000) ops and (62786.3,67282.4) ops/second in (10.002185,160.116285) seconds
2026/03/15-15:11:16  ... thread 91: (628000,10722000) ops and (62745.7,66955.9) ops/second in (10.008654,160.135236) seconds
2026/03/15-15:11:16  ... thread 75: (566000,10383000) ops and (56505.8,64837.7) ops/second in (10.016676,160.138213) seconds
2026/03/15-15:11:16  ... thread 71: (636000,10658000) ops and (63560.4,66549.8) ops/second in (10.006224,160.150847) seconds
2026/03/15-15:11:16  ... thread 111: (631000,13741000) ops and (63074.5,85822.6) ops/second in (10.004044,160.109316) seconds
2026/03/15-15:11:16  ... thread 77: (625000,11131000) ops and (62496.4,69501.7) ops/second in (10.000579,160.154341) seconds
2026/03/15-15:11:16  ... thread 116: (626000,10670000) ops and (62535.5,66642.5) ops/second in (10.010317,160.108023) seconds
2026/03/15-15:11:16  ... thread 126: (971000,14571000) ops and (97052.3,91024.7) ops/second in (10.004918,160.077505) seconds
2026/03/15-15:11:16  ... thread 115: (633000,10823000) ops and (63221.0,67596.1) ops/second in (10.012495,160.112701) seconds
2026/03/15-15:11:16  ... thread 16: (903000,12975000) ops and (90227.5,81045.7) ops/second in (10.008035,160.094936) seconds
2026/03/15-15:11:16  ... thread 117: (632000,11822000) ops and (63141.4,73839.9) ops/second in (10.009277,160.103248) seconds
2026/03/15-15:11:16  ... thread 93: (903000,13005000) ops and (90287.9,81235.6) ops/second in (10.001345,160.089975) seconds
2026/03/15-15:11:16  ... thread 124: (909000,11829000) ops and (90808.3,73885.4) ops/second in (10.010102,160.099372) seconds
2026/03/15-15:11:16  ... thread 112: (634000,10688000) ops and (63309.8,66741.9) ops/second in (10.014241,160.139385) seconds
2026/03/15-15:11:16  ... thread 114: (632000,10703000) ops and (63183.4,66831.9) ops/second in (10.002622,160.148156) seconds
2026/03/15-15:11:16  ... thread 106: (630000,11898000) ops and (62952.8,74320.1) ops/second in (10.007505,160.091280) seconds
2026/03/15-15:11:16  ... thread 4: (907000,12603000) ops and (90690.1,78720.9) ops/second in (10.001090,160.097186) seconds
2026/03/15-15:11:16  ... thread 98: (632000,12714000) ops and (63140.5,79414.2) ops/second in (10.009429,160.097289) seconds
2026/03/15-15:11:16  ... thread 2: (632000,10669000) ops and (63177.9,66640.6) ops/second in (10.003499,160.097687) seconds
2026/03/15-15:11:16  ... thread 94: (633000,10772000) ops and (63230.9,67282.1) ops/second in (10.010930,160.101971) seconds
2026/03/15-15:11:16  ... thread 125: (897000,14070000) ops and (89670.7,87881.5) ops/second in (10.003266,160.102034) seconds
2026/03/15-15:11:16  ... thread 90: (970000,11156000) ops and (96931.2,69679.5) ops/second in (10.007101,160.104561) seconds
2026/03/15-15:11:16  ... thread 7: (629000,10646000) ops and (62839.7,66486.1) ops/second in (10.009592,160.123812) seconds
2026/03/15-15:11:16  ... thread 123: (631000,10657000) ops and (63008.0,66557.7) ops/second in (10.014596,160.116651) seconds
2026/03/15-15:11:16  ... thread 120: (628000,10654000) ops and (62779.1,66537.6) ops/second in (10.003328,160.119910) seconds
2026/03/15-15:11:16  ... thread 6: (632000,10847000) ops and (63180.2,67745.1) ops/second in (10.003132,160.114973) seconds
2026/03/15-15:11:16  ... thread 121: (635000,10741000) ops and (63440.1,67071.8) ops/second in (10.009449,160.141716) seconds
2026/03/15-15:11:16  ... thread 122: (630000,11268000) ops and (62967.5,70372.7) ops/second in (10.005161,160.118969) seconds
2026/03/15-15:11:16  ... thread 96: (633000,10695000) ops and (63293.9,66790.4) ops/second in (10.000966,160.127776) seconds
2026/03/15-15:11:16  ... thread 110: (632000,10682000) ops and (63101.9,66708.1) ops/second in (10.015552,160.130449) seconds
2026/03/15-15:11:16  ... thread 5: (632000,10671000) ops and (63172.3,66641.9) ops/second in (10.004382,160.124408) seconds
2026/03/15-15:11:16  ... thread 108: (636000,10697000) ops and (63540.7,66800.7) ops/second in (10.009331,160.133139) seconds
2026/03/15-15:11:16  ... thread 127: (626000,10662000) ops and (62556.7,66573.3) ops/second in (10.006920,160.154272) seconds
2026/03/15-15:11:26  ... thread 51: (631000,15257000) ops and (63033.8,89705.8) ops/second in (10.010510,170.078111) seconds
2026/03/15-15:11:26  ... thread 56: (628000,12582000) ops and (62710.8,73974.7) ops/second in (10.014220,170.085080) seconds
2026/03/15-15:11:26  ... thread 11: (933000,14832000) ops and (93258.9,87201.6) ops/second in (10.004405,170.088714) seconds
2026/03/15-15:11:26  ... thread 17: (879000,14313000) ops and (87855.4,84149.6) ops/second in (10.005077,170.089902) seconds
2026/03/15-15:11:26  ... thread 43: (898000,14593000) ops and (89785.2,85796.7) ops/second in (10.001647,170.088031) seconds
2026/03/15-15:11:26  ... thread 57: (964000,16622000) ops and (96392.5,97732.3) ops/second in (10.000782,170.076835) seconds
2026/03/15-15:11:26  ... thread 68: (630000,11333000) ops and (62957.0,66628.1) ops/second in (10.006837,170.093411) seconds
2026/03/15-15:11:26  ... thread 38: (908000,12691000) ops and (90700.2,74612.0) ops/second in (10.011002,170.093392) seconds
2026/03/15-15:11:26  ... thread 41: (916000,13875000) ops and (91571.2,81570.8) ops/second in (10.003143,170.097635) seconds
2026/03/15-15:11:26  ... thread 15: (764000,13547000) ops and (76392.5,79641.8) ops/second in (10.000983,170.099099) seconds
2026/03/15-15:11:26  ... thread 13: (620000,11237000) ops and (61968.7,66061.1) ops/second in (10.005057,170.100118) seconds
2026/03/15-15:11:26  ... thread 31: (628000,12642000) ops and (62742.7,74321.8) ops/second in (10.009128,170.098148) seconds
2026/03/15-15:11:26  ... thread 58: (624000,14542000) ops and (62347.3,85490.8) ops/second in (10.008454,170.100139) seconds
2026/03/15-15:11:26  ... thread 32: (819000,11493000) ops and (81830.3,67565.2) ops/second in (10.008516,170.102357) seconds
2026/03/15-15:11:26  ... thread 48: (903000,15230000) ops and (90268.4,89539.1) ops/second in (10.003496,170.093335) seconds
2026/03/15-15:11:26  ... thread 30: (635000,12345000) ops and (63473.8,72573.5) ops/second in (10.004125,170.103425) seconds
2026/03/15-15:11:26  ... thread 45: (633000,13571000) ops and (63298.5,79784.2) ops/second in (10.000231,170.096390) seconds
2026/03/15-15:11:26  ... thread 34: (969000,14259000) ops and (96884.0,83840.1) ops/second in (10.001656,170.073722) seconds
2026/03/15-15:11:26  ... thread 12: (947000,15611000) ops and (94622.0,91769.6) ops/second in (10.008239,170.110835) seconds
2026/03/15-15:11:26  ... thread 25: (626000,14446000) ops and (62516.3,84921.8) ops/second in (10.013385,170.109406) seconds
2026/03/15-15:11:26  ... thread 18: (881000,14745000) ops and (88007.9,86677.1) ops/second in (10.010470,170.114189) seconds
2026/03/15-15:11:26  ... thread 10: (631000,11703000) ops and (63076.4,68801.0) ops/second in (10.003734,170.099168) seconds
2026/03/15-15:11:26  ... thread 74: (629000,12587000) ops and (62851.4,74008.9) ops/second in (10.007737,170.074170) seconds
2026/03/15-15:11:26  ... thread 29: (627000,11322000) ops and (62643.1,66556.0) ops/second in (10.009088,170.112342) seconds
2026/03/15-15:11:26  ... thread 54: (635000,12565000) ops and (63465.8,73864.8) ops/second in (10.005381,170.107995) seconds
2026/03/15-15:11:26  ... thread 20: (622000,11101000) ops and (62099.3,65255.0) ops/second in (10.016211,170.117151) seconds
2026/03/15-15:11:26  ... thread 105: (898000,15971000) ops and (89748.0,93910.3) ops/second in (10.005796,170.066553) seconds
2026/03/15-15:11:26  ... thread 21: (616000,11567000) ops and (61532.6,67994.1) ops/second in (10.010955,170.117824) seconds
2026/03/15-15:11:26  ... thread 47: (623000,14515000) ops and (62202.9,85323.7) ops/second in (10.015616,170.116832) seconds
2026/03/15-15:11:26  ... thread 61: (673000,11985000) ops and (67196.5,70455.2) ops/second in (10.015403,170.108139) seconds
2026/03/15-15:11:26  ... thread 40: (626000,12303000) ops and (62523.1,72320.9) ops/second in (10.012301,170.116857) seconds
2026/03/15-15:11:26  ... thread 53: (630000,11639000) ops and (62982.8,68416.9) ops/second in (10.002725,170.118695) seconds
2026/03/15-15:11:26  ... thread 8: (606000,10944000) ops and (60562.7,64329.7) ops/second in (10.006162,170.123472) seconds
2026/03/15-15:11:26  ... thread 101: (897000,14872000) ops and (89650.2,87442.8) ops/second in (10.005552,170.076934) seconds
2026/03/15-15:11:26  ... thread 102: (906000,15802000) ops and (90560.7,92908.0) ops/second in (10.004342,170.082289) seconds
2026/03/15-15:11:26  ... thread 62: (632000,12886000) ops and (63140.2,75754.4) ops/second in (10.009470,170.102421) seconds
2026/03/15-15:11:26  ... thread 82: (966000,16231000) ops and (96542.9,95428.9) ops/second in (10.005913,170.084800) seconds
2026/03/15-15:11:26  ... thread 52: (623000,11217000) ops and (62268.8,65937.8) ops/second in (10.005016,170.114967) seconds
2026/03/15-15:11:26  ... thread 46: (631000,13235000) ops and (63043.7,77798.5) ops/second in (10.008938,170.119043) seconds
2026/03/15-15:11:26  ... thread 24: (628000,11275000) ops and (62709.8,66274.3) ops/second in (10.014391,170.126311) seconds
2026/03/15-15:11:26  ... thread 37: (706000,11978000) ops and (70522.9,70409.2) ops/second in (10.010934,170.119877) seconds
2026/03/15-15:11:26  ... thread 80: (631000,11329000) ops and (63062.6,66607.7) ops/second in (10.005932,170.085538) seconds
2026/03/15-15:11:26  ... thread 35: (630000,11891000) ops and (62942.6,69894.5) ops/second in (10.009126,170.127718) seconds
2026/03/15-15:11:26  ... thread 26: (624000,11280000) ops and (62342.4,66303.0) ops/second in (10.009236,170.128155) seconds
2026/03/15-15:11:26  ... thread 27: (623000,13104000) ops and (62226.5,77023.3) ops/second in (10.011819,170.130407) seconds
2026/03/15-15:11:26  ... thread 14: (609000,11442000) ops and (60811.4,67253.9) ops/second in (10.014567,170.131274) seconds
2026/03/15-15:11:26  ... thread 1: (632000,12374000) ops and (63129.8,72741.7) ops/second in (10.011125,170.108731) seconds
2026/03/15-15:11:26  ... thread 59: (565000,11227000) ops and (56485.7,65992.6) ops/second in (10.002529,170.125161) seconds
2026/03/15-15:11:26  ... thread 19: (546000,9812000) ops and (54560.7,57672.6) ops/second in (10.007196,170.132685) seconds
2026/03/15-15:11:26  ... thread 0: (622000,12172000) ops and (62200.0,71544.9) ops/second in (10.000003,170.130821) seconds

** Compaction Stats [default] **
Level    Files   Size     Score Read(GB)  Rn(GB) Rnp1(GB) Write(GB) WPreComp(GB) Wnew(GB) Moved(GB) W-Amp Rd(MB/s) Wr(MB/s) Comp(sec) CompMergeCPU(sec) Comp(cnt) Avg(sec) KeyIn KeyDrop Rblob(GB) Wblob(GB)
-------------------------------------------------------------------------------------------------------------------------------------------------------------------------------------------------------------
  L7     81/0     10.10 GB   0.0      0.0     0.0      0.0       0.0       0.0      0.0       0.0   0.0      0.0      0.0      0.00              0.00         0    0.000       0      0       0.0       0.0
 Sum     81/0     10.10 GB   0.0      0.0     0.0      0.0       0.0       0.0      0.0       0.0   0.0      0.0      0.0      0.00              0.00         0    0.000       0      0       0.0       0.0
 Int      0/0      0.00 KB   0.0      0.0     0.0      0.0       0.0       0.0      0.0       0.0   0.0      0.0      0.0      0.00              0.00         0    0.000       0      0       0.0       0.0

** Compaction Stats [default] **
Priority    Files   Size     Score Read(GB)  Rn(GB) Rnp1(GB) Write(GB) WPreComp(GB) Wnew(GB) Moved(GB) W-Amp Rd(MB/s) Wr(MB/s) Comp(sec) CompMergeCPU(sec) Comp(cnt) Avg(sec) KeyIn KeyDrop Rblob(GB) Wblob(GB)
----------------------------------------------------------------------------------------------------------------------------------------------------------------------------------------------------------------

Blob file count: 0, total size: 0.0 GB, garbage size: 0.0 GB, space amp: 0.0

Uptime(secs): 170.2 total, 170.1 interval
Flush(GB): cumulative 0.000, interval 0.000
AddFile(GB): cumulative 0.000, interval 0.000
AddFile(Total Files): cumulative 0, interval 0
AddFile(L0 Files): cumulative 0, interval 0
AddFile(Keys): cumulative 0, interval 0
Cumulative compaction: 0.00 GB write, 0.00 MB/s write, 0.00 GB read, 0.00 MB/s read, 0.0 seconds
Interval compaction: 0.00 GB write, 0.00 MB/s write, 0.00 GB read, 0.00 MB/s read, 0.0 seconds
Estimated pending compaction bytes: 0
Write Stall (count): cf-l0-file-count-limit-delays-with-ongoing-compaction: 0, cf-l0-file-count-limit-stops-with-ongoing-compaction: 0, l0-file-count-limit-delays: 0, l0-file-count-limit-stops: 0, memtable-limit-delays: 0, memtable-limit-stops: 0, pending-compaction-bytes-delays: 0, pending-compaction-bytes-stops: 0, total-delays: 0, total-stops: 0
Block cache LRUCache@0x557a4f67f730#1194204 capacity: 29.80 GB seed: 1773583716 usage: 0.09 KB table_size: 1024 occupancy: 1 collections: 1 last_copies: 0 last_secs: 0.000161 secs_since: 170
Block cache entry stats(count,size,portion): Misc(1,0.00 KB,0%)

** File Read Latency Histogram By Level [default] **

** DB Stats **
Uptime(secs): 170.2 total, 10.0 interval
Cumulative writes: 0 writes, 0 keys, 0 commit groups, 0.0 writes per commit group, ingest: 0.00 GB, 0.00 MB/s
Cumulative WAL: 0 writes, 0 syncs, 0.00 writes per sync, written: 0.00 GB, 0.00 MB/s
Cumulative stall: 00:00:0.000 H:M:S, 0.0 percent
Interval writes: 0 writes, 0 keys, 0 commit groups, 0.0 writes per commit group, ingest: 0.00 MB, 0.00 MB/s
Interval WAL: 0 writes, 0 syncs, 0.00 writes per sync, written: 0.00 GB, 0.00 MB/s
Interval stall: 00:00:0.000 H:M:S, 0.0 percent
Write Stall (count): write-buffer-manager-limit-stops: 0
num-running-compactions: 0
num-running-flushes: 0

2026/03/15-15:11:26  ... thread 39: (627000,11436000) ops and (62608.1,67218.7) ops/second in (10.014672,170.131147) seconds
2026/03/15-15:11:26  ... thread 55: (634000,11386000) ops and (63340.5,66924.5) ops/second in (10.009395,170.132009) seconds
2026/03/15-15:11:26  ... thread 66: (631000,10626000) ops and (63083.0,62459.1) ops/second in (10.002694,170.127358) seconds
2026/03/15-15:11:26  ... thread 92: (626000,11732000) ops and (62597.1,68974.2) ops/second in (10.000470,170.092539) seconds
2026/03/15-15:11:26  ... thread 70: (623000,10955000) ops and (62277.6,64390.9) ops/second in (10.003593,170.132812) seconds
2026/03/15-15:11:26  ... thread 81: (875000,11613000) ops and (87492.8,68273.0) ops/second in (10.000822,170.096466) seconds
2026/03/15-15:11:26  ... thread 78: (629000,14818000) ops and (62802.1,87110.6) ops/second in (10.015581,170.105563) seconds
2026/03/15-15:11:26  ... thread 42: (639000,11394000) ops and (63876.6,66972.0) ops/second in (10.003670,170.130847) seconds
2026/03/15-15:11:26  ... thread 36: (629000,13352000) ops and (62864.5,78482.4) ops/second in (10.005649,170.127422) seconds
2026/03/15-15:11:26  ... thread 85: (900000,12632000) ops and (89982.4,74263.0) ops/second in (10.001956,170.098207) seconds
2026/03/15-15:11:26  ... thread 64: (623000,11816000) ops and (62257.2,69454.1) ops/second in (10.006875,170.126687) seconds
2026/03/15-15:11:26  ... thread 22: (945000,12444000) ops and (94474.4,73138.8) ops/second in (10.002712,170.142235) seconds
2026/03/15-15:11:26  ... thread 69: (969000,13609000) ops and (96804.9,79998.3) ops/second in (10.009821,170.116026) seconds
2026/03/15-15:11:26  ... thread 73: (563000,10713000) ops and (56246.2,62975.9) ops/second in (10.009573,170.112574) seconds
2026/03/15-15:11:26  ... thread 84: (631000,13688000) ops and (63023.0,80467.8) ops/second in (10.012216,170.105204) seconds
2026/03/15-15:11:26  ... thread 50: (621000,11299000) ops and (62055.3,66411.1) ops/second in (10.007204,170.137169) seconds
2026/03/15-15:11:26  ... thread 3: (881000,12722000) ops and (88002.5,74769.4) ops/second in (10.011077,170.149848) seconds
2026/03/15-15:11:26  ... thread 100: (974000,13728000) ops and (97339.4,80700.7) ops/second in (10.006227,170.110026) seconds
2026/03/15-15:11:26  ... thread 107: (625000,14004000) ops and (62452.9,82334.1) ops/second in (10.007543,170.087557) seconds
2026/03/15-15:11:26  ... thread 83: (624000,11207000) ops and (62305.6,65880.7) ops/second in (10.015148,170.110624) seconds
2026/03/15-15:11:26  ... thread 103: (625000,11259000) ops and (62432.5,66187.1) ops/second in (10.010805,170.108758) seconds
2026/03/15-15:11:26  ... thread 44: (630000,12218000) ops and (62907.5,71807.2) ops/second in (10.014701,170.150071) seconds
2026/03/15-15:11:26  ... thread 23: (632000,11349000) ops and (63189.6,66699.4) ops/second in (10.001643,170.151445) seconds
2026/03/15-15:11:26  ... thread 60: (630000,12223000) ops and (62943.0,71838.0) ops/second in (10.009048,170.146791) seconds
2026/03/15-15:11:26  ... thread 63: (636000,11333000) ops and (63530.1,66605.8) ops/second in (10.011005,170.150288) seconds
2026/03/15-15:11:26  ... thread 97: (621000,11277000) ops and (62065.4,66289.7) ops/second in (10.005576,170.117002) seconds
2026/03/15-15:11:26  ... thread 67: (627000,11311000) ops and (62617.8,66483.9) ops/second in (10.013130,170.131292) seconds
2026/03/15-15:11:26  ... thread 49: (628000,11808000) ops and (62772.2,69401.4) ops/second in (10.004423,170.140684) seconds
2026/03/15-15:11:26  ... thread 65: (628000,11287000) ops and (62733.9,66346.6) ops/second in (10.010535,170.121763) seconds
2026/03/15-15:11:26  ... thread 33: (697000,12238000) ops and (69640.5,71921.0) ops/second in (10.008548,170.158966) seconds
2026/03/15-15:11:26  ... thread 118: (628000,14705000) ops and (62740.0,86450.4) ops/second in (10.009566,170.097598) seconds
2026/03/15-15:11:26  ... thread 28: (625000,11277000) ops and (62373.6,66271.5) ops/second in (10.020260,170.163571) seconds
2026/03/15-15:11:26  ... thread 95: (628000,12652000) ops and (62728.4,74368.5) ops/second in (10.011419,170.125798) seconds
2026/03/15-15:11:26  ... thread 76: (901000,13699000) ops and (90010.3,80518.2) ops/second in (10.009970,170.135415) seconds
2026/03/15-15:11:26  ... thread 89: (630000,12270000) ops and (62948.7,72122.6) ops/second in (10.008148,170.127061) seconds
2026/03/15-15:11:26  ... thread 104: (635000,11334000) ops and (63481.3,66625.8) ops/second in (10.002941,170.114320) seconds
2026/03/15-15:11:26  ... thread 87: (630000,11498000) ops and (62947.2,67584.1) ops/second in (10.008392,170.128686) seconds
2026/03/15-15:11:26  ... thread 72: (627000,11249000) ops and (62620.8,66120.0) ops/second in (10.012647,170.130123) seconds
2026/03/15-15:11:26  ... thread 88: (632000,13636000) ops and (63178.6,80149.7) ops/second in (10.003388,170.131687) seconds
2026/03/15-15:11:26  ... thread 86: (563000,12547000) ops and (56293.9,73747.7) ops/second in (10.001077,170.134126) seconds
2026/03/15-15:11:26  ... thread 113: (776000,12558000) ops and (77544.3,73821.5) ops/second in (10.007189,170.113123) seconds
2026/03/15-15:11:26  ... thread 99: (629000,11337000) ops and (62840.1,66635.6) ops/second in (10.009528,170.134249) seconds
2026/03/15-15:11:26  ... thread 119: (630000,11670000) ops and (62948.9,68607.6) ops/second in (10.008114,170.097800) seconds
2026/03/15-15:11:26  ... thread 109: (624000,11397000) ops and (62349.8,66992.2) ops/second in (10.008047,170.124332) seconds
2026/03/15-15:11:26  ... thread 91: (625000,11347000) ops and (62453.0,66691.1) ops/second in (10.007528,170.142764) seconds
2026/03/15-15:11:26  ... thread 79: (631000,11960000) ops and (62998.5,70293.2) ops/second in (10.016110,170.144593) seconds
2026/03/15-15:11:26  ... thread 9: (608000,10940000) ops and (60700.1,64282.4) ops/second in (10.016455,170.186538) seconds
2026/03/15-15:11:26  ... thread 75: (613000,10996000) ops and (61234.2,64625.7) ops/second in (10.010747,170.148960) seconds
2026/03/15-15:11:26  ... thread 77: (896000,12027000) ops and (89587.6,70682.3) ops/second in (10.001383,170.155724) seconds
2026/03/15-15:11:26  ... thread 71: (620000,11278000) ops and (61940.8,66278.6) ops/second in (10.009554,170.160401) seconds
2026/03/15-15:11:26  ... thread 111: (627000,14368000) ops and (62620.2,84457.0) ops/second in (10.012744,170.122060) seconds
2026/03/15-15:11:26  ... thread 116: (875000,11545000) ops and (87458.5,67866.7) ops/second in (10.004747,170.112770) seconds
2026/03/15-15:11:26  ... thread 126: (968000,15539000) ops and (96769.6,91362.5) ops/second in (10.003139,170.080644) seconds
2026/03/15-15:11:26  ... thread 115: (628000,11451000) ops and (62767.8,67312.2) ops/second in (10.005128,170.117829) seconds
2026/03/15-15:11:26  ... thread 16: (898000,13873000) ops and (89719.8,81556.0) ops/second in (10.008939,170.103875) seconds
2026/03/15-15:11:26  ... thread 106: (669000,12567000) ops and (66893.6,73883.4) ops/second in (10.000952,170.092232) seconds
2026/03/15-15:11:26  ... thread 98: (929000,13643000) ops and (92895.2,80206.8) ops/second in (10.000513,170.097802) seconds
2026/03/15-15:11:26  ... thread 93: (899000,13904000) ops and (89835.7,81741.5) ops/second in (10.007157,170.097132) seconds
2026/03/15-15:11:26  ... thread 114: (626000,11329000) ops and (62574.1,66581.5) ops/second in (10.004135,170.152291) seconds
2026/03/15-15:11:26  ... thread 117: (628000,12450000) ops and (62712.7,73184.9) ops/second in (10.013924,170.117172) seconds
2026/03/15-15:11:26  ... thread 112: (630000,11318000) ops and (62962.8,66519.6) ops/second in (10.005901,170.145286) seconds
2026/03/15-15:11:26  ... thread 124: (900000,12729000) ops and (89907.9,74828.2) ops/second in (10.010242,170.109614) seconds
2026/03/15-15:11:26  ... thread 4: (904000,13507000) ops and (90324.3,79403.6) ops/second in (10.008383,170.105569) seconds
2026/03/15-15:11:26  ... thread 125: (623000,14693000) ops and (62261.3,86374.4) ops/second in (10.006221,170.108255) seconds
2026/03/15-15:11:26  ... thread 94: (628000,11400000) ops and (62745.7,67015.2) ops/second in (10.008654,170.110625) seconds
2026/03/15-15:11:26  ... thread 90: (670000,11826000) ops and (66939.1,69518.2) ops/second in (10.009104,170.113665) seconds
2026/03/15-15:11:26  ... thread 2: (626000,11295000) ops and (62509.8,66397.4) ops/second in (10.014425,170.112112) seconds
2026/03/15-15:11:26  ... thread 121: (630000,11371000) ops and (62995.8,66832.3) ops/second in (10.000666,170.142382) seconds
2026/03/15-15:11:26  ... thread 120: (622000,11276000) ops and (62179.7,66281.4) ops/second in (10.003260,170.123170) seconds
2026/03/15-15:11:26  ... thread 7: (627000,11273000) ops and (62601.0,66257.3) ops/second in (10.015820,170.139632) seconds
2026/03/15-15:11:26  ... thread 123: (624000,11281000) ops and (62334.4,66309.2) ops/second in (10.010527,170.127178) seconds
2026/03/15-15:11:26  ... thread 6: (629000,11476000) ops and (62819.4,67455.2) ops/second in (10.012829,170.127802) seconds
2026/03/15-15:11:26  ... thread 96: (628000,11323000) ops and (62761.3,66553.4) ops/second in (10.006165,170.133941) seconds
2026/03/15-15:11:26  ... thread 5: (627000,11298000) ops and (62691.1,66409.7) ops/second in (10.001412,170.125820) seconds
2026/03/15-15:11:26  ... thread 122: (625000,11893000) ops and (62404.8,69903.6) ops/second in (10.015253,170.134222) seconds
2026/03/15-15:11:26  ... thread 110: (627000,11309000) ops and (62654.5,66469.7) ops/second in (10.007263,170.137712) seconds
2026/03/15-15:11:26  ... thread 108: (632000,11329000) ops and (63148.3,66585.8) ops/second in (10.008190,170.141329) seconds
2026/03/15-15:11:26  ... thread 127: (625000,11287000) ops and (62403.1,66327.9) ops/second in (10.015534,170.169806) seconds
2026/03/15-15:11:36  ... thread 17: (875000,15188000) ops and (87485.3,84334.9) ops/second in (10.001684,180.091586) seconds
2026/03/15-15:11:36  ... thread 51: (627000,15884000) ops and (62629.1,88200.6) ops/second in (10.011320,180.089431) seconds
2026/03/15-15:11:36  ... thread 38: (904000,13595000) ops and (90373.2,75487.4) ops/second in (10.002965,180.096357) seconds
2026/03/15-15:11:36  ... thread 68: (624000,11957000) ops and (62376.1,66391.9) ops/second in (10.003827,180.097238) seconds
2026/03/15-15:11:36  ... thread 11: (933000,15765000) ops and (93204.1,87535.2) ops/second in (10.010292,180.099006) seconds
2026/03/15-15:11:36  ... thread 57: (963000,17585000) ops and (96217.3,97648.1) ops/second in (10.008593,180.085428) seconds
2026/03/15-15:11:36  ... thread 43: (894000,15487000) ops and (89304.9,85991.7) ops/second in (10.010646,180.098677) seconds
2026/03/15-15:11:36  ... thread 41: (899000,14774000) ops and (89873.4,82031.9) ops/second in (10.002960,180.100595) seconds
2026/03/15-15:11:36  ... thread 31: (617000,13259000) ops and (61694.4,73620.6) ops/second in (10.000911,180.099059) seconds
2026/03/15-15:11:36  ... thread 56: (623000,13205000) ops and (62217.5,73321.1) ops/second in (10.013265,180.098345) seconds
2026/03/15-15:11:36  ... thread 13: (614000,11851000) ops and (61388.8,65801.6) ops/second in (10.001821,180.101939) seconds
2026/03/15-15:11:36  ... thread 15: (762000,14309000) ops and (76140.5,79447.3) ops/second in (10.007808,180.106907) seconds
2026/03/15-15:11:36  ... thread 32: (893000,12386000) ops and (89262.2,68770.4) ops/second in (10.004230,180.106587) seconds
2026/03/15-15:11:36  ... thread 45: (629000,14200000) ops and (62879.6,78845.2) ops/second in (10.003237,180.099627) seconds
2026/03/15-15:11:36  ... thread 48: (901000,16131000) ops and (90027.0,89566.2) ops/second in (10.008107,180.101442) seconds
2026/03/15-15:11:36  ... thread 34: (967000,15226000) ops and (96640.5,84551.4) ops/second in (10.006162,180.079884) seconds
2026/03/15-15:11:36  ... thread 12: (946000,16557000) ops and (94556.0,91924.4) ops/second in (10.004649,180.115484) seconds
2026/03/15-15:11:36  ... thread 58: (619000,15161000) ops and (61820.3,84174.9) ops/second in (10.012891,180.113030) seconds
2026/03/15-15:11:36  ... thread 18: (877000,15622000) ops and (87681.0,86732.8) ops/second in (10.002170,180.116359) seconds
2026/03/15-15:11:36  ... thread 25: (620000,15066000) ops and (61969.3,83646.9) ops/second in (10.004952,180.114358) seconds
2026/03/15-15:11:36  ... thread 30: (631000,12976000) ops and (63025.7,72042.8) ops/second in (10.011786,180.115211) seconds
2026/03/15-15:11:36  ... thread 21: (611000,12178000) ops and (61094.4,67611.0) ops/second in (10.000919,180.118743) seconds
2026/03/15-15:11:36  ... thread 105: (896000,16867000) ops and (89584.9,93670.0) ops/second in (10.001681,180.068234) seconds
2026/03/15-15:11:36  ... thread 53: (626000,12265000) ops and (62598.7,68093.9) ops/second in (10.000206,180.118901) seconds
2026/03/15-15:11:36  ... thread 47: (618000,15133000) ops and (61775.7,84015.9) ops/second in (10.003926,180.120758) seconds
2026/03/15-15:11:36  ... thread 61: (619000,12604000) ops and (61872.6,69978.5) ops/second in (10.004436,180.112575) seconds
2026/03/15-15:11:36  ... thread 54: (629000,13194000) ops and (62845.6,73252.5) ops/second in (10.008649,180.116644) seconds
2026/03/15-15:11:36  ... thread 29: (622000,11944000) ops and (62128.2,66309.9) ops/second in (10.011558,180.123900) seconds
2026/03/15-15:11:36  ... thread 101: (892000,15764000) ops and (89175.0,87539.0) ops/second in (10.002804,180.079738) seconds
2026/03/15-15:11:36  ... thread 52: (617000,11834000) ops and (61688.5,65701.8) ops/second in (10.001866,180.116833) seconds
2026/03/15-15:11:36  ... thread 74: (627000,13214000) ops and (62611.9,73375.1) ops/second in (10.014070,180.088240) seconds
2026/03/15-15:11:36  ... thread 10: (625000,12328000) ops and (62401.9,68445.2) ops/second in (10.015727,180.114895) seconds
2026/03/15-15:11:36  ... thread 102: (902000,16704000) ops and (90155.1,92755.0) ops/second in (10.004977,180.087266) seconds
2026/03/15-15:11:36  ... thread 82: (965000,17196000) ops and (96453.3,95485.8) ops/second in (10.004843,180.089643) seconds
2026/03/15-15:11:36  ... thread 80: (627000,11956000) ops and (62673.8,66389.1) ops/second in (10.004183,180.089721) seconds
2026/03/15-15:11:36  ... thread 59: (558000,11785000) ops and (55796.5,65426.5) ops/second in (10.000620,180.125781) seconds
2026/03/15-15:11:36  ... thread 20: (608000,11709000) ops and (60698.7,65001.7) ops/second in (10.016691,180.133842) seconds
2026/03/15-15:11:36  ... thread 39: (622000,12058000) ops and (62195.4,66939.8) ops/second in (10.000734,180.131881) seconds
2026/03/15-15:11:36  ... thread 35: (626000,12517000) ops and (62567.3,69487.6) ops/second in (10.005228,180.132946) seconds
2026/03/15-15:11:36  ... thread 46: (626000,13861000) ops and (62536.9,76950.4) ops/second in (10.010084,180.129127) seconds
2026/03/15-15:11:36  ... thread 40: (622000,12925000) ops and (62098.6,71752.5) ops/second in (10.016331,180.133188) seconds
2026/03/15-15:11:36  ... thread 78: (621000,15439000) ops and (62098.3,85721.8) ops/second in (10.000281,180.105844) seconds
2026/03/15-15:11:36  ... thread 0: (620000,12792000) ops and (61963.7,71012.7) ops/second in (10.005866,180.136687) seconds
2026/03/15-15:11:36  ... thread 26: (621000,11901000) ops and (62046.2,66066.4) ops/second in (10.008669,180.136824) seconds
2026/03/15-15:11:36  ... thread 8: (603000,11547000) ops and (60205.1,64100.4) ops/second in (10.015768,180.139240) seconds
2026/03/15-15:11:36  ... thread 55: (629000,12015000) ops and (62865.9,66699.1) ops/second in (10.005428,180.137437) seconds

** Compaction Stats [default] **
Level    Files   Size     Score Read(GB)  Rn(GB) Rnp1(GB) Write(GB) WPreComp(GB) Wnew(GB) Moved(GB) W-Amp Rd(MB/s) Wr(MB/s) Comp(sec) CompMergeCPU(sec) Comp(cnt) Avg(sec) KeyIn KeyDrop Rblob(GB) Wblob(GB)
-------------------------------------------------------------------------------------------------------------------------------------------------------------------------------------------------------------
  L7     81/0     10.10 GB   0.0      0.0     0.0      0.0       0.0       0.0      0.0       0.0   0.0      0.0      0.0      0.00              0.00         0    0.000       0      0       0.0       0.0
 Sum     81/0     10.10 GB   0.0      0.0     0.0      0.0       0.0       0.0      0.0       0.0   0.0      0.0      0.0      0.00              0.00         0    0.000       0      0       0.0       0.0
 Int      0/0      0.00 KB   0.0      0.0     0.0      0.0       0.0       0.0      0.0       0.0   0.0      0.0      0.0      0.00              0.00         0    0.000       0      0       0.0       0.0

** Compaction Stats [default] **
Priority    Files   Size     Score Read(GB)  Rn(GB) Rnp1(GB) Write(GB) WPreComp(GB) Wnew(GB) Moved(GB) W-Amp Rd(MB/s) Wr(MB/s) Comp(sec) CompMergeCPU(sec) Comp(cnt) Avg(sec) KeyIn KeyDrop Rblob(GB) Wblob(GB)
----------------------------------------------------------------------------------------------------------------------------------------------------------------------------------------------------------------

Blob file count: 0, total size: 0.0 GB, garbage size: 0.0 GB, space amp: 0.0

Uptime(secs): 180.2 total, 180.2 interval
Flush(GB): cumulative 0.000, interval 0.000
AddFile(GB): cumulative 0.000, interval 0.000
AddFile(Total Files): cumulative 0, interval 0
AddFile(L0 Files): cumulative 0, interval 0
AddFile(Keys): cumulative 0, interval 0
Cumulative compaction: 0.00 GB write, 0.00 MB/s write, 0.00 GB read, 0.00 MB/s read, 0.0 seconds
Interval compaction: 0.00 GB write, 0.00 MB/s write, 0.00 GB read, 0.00 MB/s read, 0.0 seconds
Estimated pending compaction bytes: 0
Write Stall (count): cf-l0-file-count-limit-delays-with-ongoing-compaction: 0, cf-l0-file-count-limit-stops-with-ongoing-compaction: 0, l0-file-count-limit-delays: 0, l0-file-count-limit-stops: 0, memtable-limit-delays: 0, memtable-limit-stops: 0, pending-compaction-bytes-delays: 0, pending-compaction-bytes-stops: 0, total-delays: 0, total-stops: 0
Block cache LRUCache@0x557a4f67f730#1194204 capacity: 29.80 GB seed: 1773583716 usage: 0.09 KB table_size: 1024 occupancy: 1 collections: 1 last_copies: 0 last_secs: 0.000161 secs_since: 180
Block cache entry stats(count,size,portion): Misc(1,0.00 KB,0%)

** File Read Latency Histogram By Level [default] **

** DB Stats **
Uptime(secs): 180.2 total, 10.0 interval
Cumulative writes: 0 writes, 0 keys, 0 commit groups, 0.0 writes per commit group, ingest: 0.00 GB, 0.00 MB/s
Cumulative WAL: 0 writes, 0 syncs, 0.00 writes per sync, written: 0.00 GB, 0.00 MB/s
Cumulative stall: 00:00:0.000 H:M:S, 0.0 percent
Interval writes: 0 writes, 0 keys, 0 commit groups, 0.0 writes per commit group, ingest: 0.00 MB, 0.00 MB/s
Interval WAL: 0 writes, 0 syncs, 0.00 writes per sync, written: 0.00 GB, 0.00 MB/s
Interval stall: 00:00:0.000 H:M:S, 0.0 percent
Write Stall (count): write-buffer-manager-limit-stops: 0
2026/03/15-15:11:36  ... thread 81: (969000,12582000) ops and (96872.8,69861.5) ops/second in (10.002809,180.099275) seconds
2026/03/15-15:11:36  ... thread 37: (627000,12605000) ops and (62621.7,69976.3) ops/second in (10.012510,180.132387) seconds
2026/03/15-15:11:36  ... thread 27: (617000,13721000) ops and (61645.0,76168.8) ops/second in (10.008930,180.139337) seconds
2026/03/15-15:11:36  ... thread 1: (627000,13001000) ops and (62652.1,72181.1) ops/second in (10.007641,180.116372) seconds
2026/03/15-15:11:36  ... thread 85: (893000,13525000) ops and (89293.5,75097.6) ops/second in (10.000732,180.098939) seconds
num-running-compactions: 0
num-running-flushes: 0

2026/03/15-15:11:36  ... thread 62: (627000,13513000) ops and (62607.6,75023.4) ops/second in (10.014761,180.117182) seconds
2026/03/15-15:11:36  ... thread 14: (606000,12048000) ops and (60543.5,66881.1) ops/second in (10.009333,180.140607) seconds
2026/03/15-15:11:36  ... thread 24: (624000,11899000) ops and (62311.8,66054.0) ops/second in (10.014159,180.140470) seconds
2026/03/15-15:11:36  ... thread 69: (966000,14575000) ops and (96597.4,80919.9) ops/second in (10.000268,180.116294) seconds
2026/03/15-15:11:36  ... thread 70: (618000,11573000) ops and (61752.1,64244.3) ops/second in (10.007752,180.140564) seconds
2026/03/15-15:11:36  ... thread 66: (624000,11250000) ops and (62340.7,62452.5) ops/second in (10.009506,180.136864) seconds
2026/03/15-15:11:36  ... thread 92: (622000,12354000) ops and (62138.8,68594.3) ops/second in (10.009844,180.102383) seconds
2026/03/15-15:11:36  ... thread 42: (626000,12020000) ops and (62535.4,66725.4) ops/second in (10.010325,180.141172) seconds
2026/03/15-15:11:36  ... thread 64: (621000,12437000) ops and (62053.0,69042.9) ops/second in (10.007582,180.134269) seconds
2026/03/15-15:11:36  ... thread 36: (625000,13977000) ops and (62429.7,77590.2) ops/second in (10.011262,180.138684) seconds
2026/03/15-15:11:36  ... thread 19: (544000,10356000) ops and (54305.1,57485.4) ops/second in (10.017468,180.150153) seconds
2026/03/15-15:11:36  ... thread 73: (560000,11273000) ops and (55961.5,62586.2) ops/second in (10.006879,180.119453) seconds
2026/03/15-15:11:36  ... thread 50: (625000,11924000) ops and (62479.7,66192.8) ops/second in (10.003254,180.140423) seconds
2026/03/15-15:11:36  ... thread 22: (944000,13388000) ops and (94310.9,74315.2) ops/second in (10.009449,180.151684) seconds
2026/03/15-15:11:36  ... thread 84: (627000,14315000) ops and (62661.2,79478.6) ops/second in (10.006193,180.111397) seconds
2026/03/15-15:11:36  ... thread 3: (877000,13599000) ops and (87656.5,75485.1) ops/second in (10.004965,180.154813) seconds
2026/03/15-15:11:36  ... thread 44: (625000,12843000) ops and (62473.1,71288.9) ops/second in (10.004308,180.154379) seconds
2026/03/15-15:11:36  ... thread 83: (619000,11826000) ops and (61855.3,65657.0) ops/second in (10.007232,180.117856) seconds
2026/03/15-15:11:36  ... thread 107: (627000,14631000) ops and (62643.1,81239.7) ops/second in (10.009090,180.096647) seconds
2026/03/15-15:11:36  ... thread 100: (973000,14701000) ops and (97198.2,81617.6) ops/second in (10.010475,180.120501) seconds
2026/03/15-15:11:36  ... thread 103: (621000,11880000) ops and (62035.9,65956.4) ops/second in (10.010332,180.119090) seconds
2026/03/15-15:11:36  ... thread 63: (626000,11959000) ops and (62558.8,66381.0) ops/second in (10.006588,180.156876) seconds
2026/03/15-15:11:36  ... thread 23: (626000,11975000) ops and (62524.4,66467.4) ops/second in (10.012095,180.163540) seconds
2026/03/15-15:11:36  ... thread 67: (622000,11933000) ops and (62143.3,66242.8) ops/second in (10.009121,180.140413) seconds
2026/03/15-15:11:36  ... thread 97: (624000,11901000) ops and (62334.7,66069.9) ops/second in (10.010476,180.127478) seconds
2026/03/15-15:11:36  ... thread 60: (626000,12849000) ops and (62501.4,71318.9) ops/second in (10.015780,180.162571) seconds
2026/03/15-15:11:36  ... thread 87: (621000,12119000) ops and (62098.5,67279.6) ops/second in (10.000243,180.128929) seconds
2026/03/15-15:11:36  ... thread 65: (625000,11912000) ops and (62443.1,66129.7) ops/second in (10.009112,180.130875) seconds
2026/03/15-15:11:36  ... thread 49: (624000,12432000) ops and (62322.0,69007.9) ops/second in (10.012519,180.153203) seconds
2026/03/15-15:11:36  ... thread 28: (621000,11898000) ops and (62049.0,66037.0) ops/second in (10.008224,180.171795) seconds
2026/03/15-15:11:36  ... thread 76: (896000,14595000) ops and (89521.0,81018.4) ops/second in (10.008820,180.144235) seconds
2026/03/15-15:11:36  ... thread 33: (620000,12858000) ops and (61908.0,71364.4) ops/second in (10.014865,180.173831) seconds
2026/03/15-15:11:36  ... thread 89: (627000,12897000) ops and (62648.9,71596.2) ops/second in (10.008157,180.135218) seconds
2026/03/15-15:11:36  ... thread 95: (623000,13275000) ops and (62240.6,73694.6) ops/second in (10.009540,180.135338) seconds
2026/03/15-15:11:36  ... thread 104: (625000,11959000) ops and (62454.5,66394.0) ops/second in (10.007285,180.121605) seconds
2026/03/15-15:11:36  ... thread 113: (772000,13330000) ops and (77193.1,74008.7) ops/second in (10.000899,180.114022) seconds
2026/03/15-15:11:36  ... thread 72: (623000,11872000) ops and (62247.1,65904.8) ops/second in (10.008505,180.138628) seconds
2026/03/15-15:11:36  ... thread 118: (623000,15328000) ops and (62204.0,85102.1) ops/second in (10.015428,180.113026) seconds
2026/03/15-15:11:36  ... thread 99: (624000,11961000) ops and (62380.8,66399.3) ops/second in (10.003077,180.137326) seconds
2026/03/15-15:11:36  ... thread 88: (628000,14264000) ops and (62744.6,79182.6) ops/second in (10.008826,180.140513) seconds
2026/03/15-15:11:36  ... thread 75: (619000,11615000) ops and (61896.4,64474.2) ops/second in (10.000577,180.149537) seconds
2026/03/15-15:11:36  ... thread 86: (559000,13106000) ops and (55822.1,72751.3) ops/second in (10.013961,180.148087) seconds
2026/03/15-15:11:36  ... thread 119: (626000,12296000) ops and (62547.1,68270.8) ops/second in (10.008450,180.106250) seconds
2026/03/15-15:11:36  ... thread 79: (624000,12584000) ops and (62368.0,69853.0) ops/second in (10.005136,180.149729) seconds
2026/03/15-15:11:36  ... thread 9: (602000,11542000) ops and (60175.6,64054.4) ops/second in (10.004063,180.190601) seconds
2026/03/15-15:11:36  ... thread 91: (620000,11967000) ops and (61927.7,66426.3) ops/second in (10.011670,180.154434) seconds
2026/03/15-15:11:36  ... thread 77: (893000,12920000) ops and (89257.9,71713.9) ops/second in (10.004718,180.160442) seconds
2026/03/15-15:11:36  ... thread 109: (621000,12018000) ops and (62017.9,66715.7) ops/second in (10.013233,180.137565) seconds
2026/03/15-15:11:36  ... thread 71: (620000,11898000) ops and (61932.5,66037.2) ops/second in (10.010903,180.171304) seconds
2026/03/15-15:11:36  ... thread 116: (967000,12512000) ops and (96662.9,69466.1) ops/second in (10.003840,180.116610) seconds
2026/03/15-15:11:36  ... thread 126: (967000,16506000) ops and (96685.9,91658.2) ops/second in (10.001460,180.082104) seconds
2026/03/15-15:11:36  ... thread 111: (623000,14991000) ops and (62245.8,83222.9) ops/second in (10.008714,180.130774) seconds
2026/03/15-15:11:36  ... thread 115: (623000,12074000) ops and (62287.2,67033.1) ops/second in (10.002051,180.119880) seconds
2026/03/15-15:11:36  ... thread 16: (894000,14767000) ops and (89379.0,81990.5) ops/second in (10.002347,180.106222) seconds
2026/03/15-15:11:36  ... thread 98: (970000,14613000) ops and (96997.7,81139.1) ops/second in (10.000237,180.098039) seconds
2026/03/15-15:11:36  ... thread 106: (618000,13185000) ops and (61775.8,73210.9) ops/second in (10.003918,180.096150) seconds
2026/03/15-15:11:36  ... thread 114: (623000,11952000) ops and (62275.0,66342.4) ops/second in (10.004015,180.156306) seconds
2026/03/15-15:11:36  ... thread 112: (626000,11944000) ops and (62555.9,66299.4) ops/second in (10.007046,180.152332) seconds
2026/03/15-15:11:36  ... thread 93: (895000,14799000) ops and (89418.6,82168.2) ops/second in (10.009106,180.106238) seconds
2026/03/15-15:11:36  ... thread 117: (625000,13075000) ops and (62444.8,72588.1) ops/second in (10.008832,180.126004) seconds
2026/03/15-15:11:36  ... thread 124: (896000,13625000) ops and (89549.2,75646.0) ops/second in (10.005677,180.115291) seconds
2026/03/15-15:11:36  ... thread 4: (900000,14407000) ops and (89903.9,79987.2) ops/second in (10.010688,180.116257) seconds
2026/03/15-15:11:36  ... thread 90: (622000,12448000) ops and (62180.8,69110.7) ops/second in (10.003081,180.116746) seconds
2026/03/15-15:11:36  ... thread 2: (624000,11919000) ops and (62390.6,66174.9) ops/second in (10.001512,180.113624) seconds
2026/03/15-15:11:36  ... thread 125: (622000,15315000) ops and (62140.4,85027.7) ops/second in (10.009597,180.117852) seconds
2026/03/15-15:11:36  ... thread 121: (624000,11995000) ops and (62390.7,66585.7) ops/second in (10.001491,180.143873) seconds
2026/03/15-15:11:36  ... thread 7: (625000,11898000) ops and (62492.9,66048.3) ops/second in (10.001143,180.140775) seconds
2026/03/15-15:11:36  ... thread 94: (626000,12026000) ops and (62505.7,66764.5) ops/second in (10.015079,180.125704) seconds
2026/03/15-15:11:36  ... thread 120: (622000,11898000) ops and (62173.5,66053.2) ops/second in (10.004269,180.127439) seconds
2026/03/15-15:11:36  ... thread 6: (625000,12101000) ops and (62496.2,67179.9) ops/second in (10.000607,180.128409) seconds
2026/03/15-15:11:36  ... thread 122: (623000,12516000) ops and (62292.2,69481.0) ops/second in (10.001245,180.135467) seconds
2026/03/15-15:11:36  ... thread 123: (624000,11905000) ops and (62316.8,66087.3) ops/second in (10.013354,180.140532) seconds
2026/03/15-15:11:36  ... thread 5: (623000,11921000) ops and (62258.9,66179.1) ops/second in (10.006609,180.132429) seconds
2026/03/15-15:11:36  ... thread 96: (624000,11947000) ops and (62329.6,66318.7) ops/second in (10.011298,180.145239) seconds
2026/03/15-15:11:36  ... thread 110: (622000,11931000) ops and (62147.0,66229.5) ops/second in (10.008525,180.146237) seconds
2026/03/15-15:11:36  ... thread 108: (629000,11958000) ops and (62807.2,66375.8) ops/second in (10.014772,180.156101) seconds
2026/03/15-15:11:36  ... thread 127: (619000,11906000) ops and (61843.9,66078.8) ops/second in (10.009064,180.178870) seconds
2026/03/15-15:11:46  ... thread 11: (930000,16695000) ops and (92988.7,87822.1) ops/second in (10.001212,190.100218) seconds
2026/03/15-15:11:46  ... thread 68: (620000,12577000) ops and (61986.3,66160.1) ops/second in (10.002206,190.099444) seconds
2026/03/15-15:11:46  ... thread 17: (871000,16059000) ops and (87012.9,84475.9) ops/second in (10.010006,190.101592) seconds
2026/03/15-15:11:46  ... thread 41: (895000,15669000) ops and (89492.5,82424.4) ops/second in (10.000842,190.101437) seconds
2026/03/15-15:11:46  ... thread 13: (610000,12461000) ops and (60994.7,65548.7) ops/second in (10.000872,190.102811) seconds
2026/03/15-15:11:46  ... thread 38: (901000,14496000) ops and (90031.9,76253.0) ops/second in (10.007562,190.103919) seconds
2026/03/15-15:11:46  ... thread 31: (617000,13876000) ops and (61659.0,72991.0) ops/second in (10.006648,190.105707) seconds
2026/03/15-15:11:46  ... thread 15: (757000,15066000) ops and (75672.9,79248.7) ops/second in (10.003581,190.110488) seconds
2026/03/15-15:11:46  ... thread 57: (961000,18546000) ops and (96004.2,97561.5) ops/second in (10.009978,190.095406) seconds
2026/03/15-15:11:46  ... thread 51: (624000,16508000) ops and (62305.6,86836.4) ops/second in (10.015146,190.104577) seconds
2026/03/15-15:11:46  ... thread 43: (891000,16378000) ops and (89000.3,86150.2) ops/second in (10.011202,190.109879) seconds
2026/03/15-15:11:46  ... thread 32: (777000,13163000) ops and (77669.0,69238.7) ops/second in (10.003993,190.110580) seconds
2026/03/15-15:11:46  ... thread 56: (620000,13825000) ops and (61925.1,72720.9) ops/second in (10.012088,190.110433) seconds
2026/03/15-15:11:46  ... thread 48: (896000,17027000) ops and (89546.2,89565.1) ops/second in (10.006010,190.107452) seconds
2026/03/15-15:11:46  ... thread 12: (944000,17501000) ops and (94368.9,92053.0) ops/second in (10.003299,190.118783) seconds
2026/03/15-15:11:46  ... thread 25: (617000,15683000) ops and (61682.0,82491.2) ops/second in (10.002924,190.117282) seconds
2026/03/15-15:11:46  ... thread 45: (624000,14824000) ops and (62346.9,77976.7) ops/second in (10.008510,190.108137) seconds
2026/03/15-15:11:46  ... thread 18: (874000,16496000) ops and (87357.2,86765.7) ops/second in (10.004899,190.121258) seconds
2026/03/15-15:11:46  ... thread 34: (964000,16190000) ops and (96337.9,85171.8) ops/second in (10.006450,190.086334) seconds
2026/03/15-15:11:46  ... thread 105: (892000,17759000) ops and (89165.7,93433.0) ops/second in (10.003848,190.072082) seconds
2026/03/15-15:11:46  ... thread 58: (615000,15776000) ops and (61441.3,82978.0) ops/second in (10.009552,190.122582) seconds
2026/03/15-15:11:46  ... thread 30: (627000,13603000) ops and (62644.0,71548.0) ops/second in (10.008946,190.124157) seconds
2026/03/15-15:11:46  ... thread 53: (623000,12888000) ops and (62250.8,67786.3) ops/second in (10.007900,190.126801) seconds
2026/03/15-15:11:46  ... thread 54: (625000,13819000) ops and (62447.7,72683.8) ops/second in (10.008374,190.125018) seconds
2026/03/15-15:11:46  ... thread 21: (604000,12782000) ops and (60315.0,67226.7) ops/second in (10.014094,190.132837) seconds
2026/03/15-15:11:46  ... thread 101: (890000,16654000) ops and (88937.9,87612.6) ops/second in (10.006977,190.086715) seconds
2026/03/15-15:11:46  ... thread 39: (619000,12677000) ops and (61895.9,66674.5) ops/second in (10.000665,190.132546) seconds
2026/03/15-15:11:46  ... thread 10: (623000,12951000) ops and (62266.9,68120.1) ops/second in (10.005312,190.120207) seconds
2026/03/15-15:11:46  ... thread 80: (623000,12579000) ops and (62280.0,66172.9) ops/second in (10.003216,190.092937) seconds
2026/03/15-15:11:46  ... thread 29: (619000,12563000) ops and (61831.2,66074.1) ops/second in (10.011131,190.135031) seconds
2026/03/15-15:11:46  ... thread 47: (618000,15751000) ops and (61713.5,82841.2) ops/second in (10.014010,190.134768) seconds
2026/03/15-15:11:46  ... thread 61: (615000,13219000) ops and (61410.8,69527.2) ops/second in (10.014522,190.127097) seconds
2026/03/15-15:11:46  ... thread 82: (961000,18157000) ops and (96017.3,95513.8) ops/second in (10.008614,190.098257) seconds
2026/03/15-15:11:46  ... thread 102: (896000,17600000) ops and (89520.0,92584.7) ops/second in (10.008939,190.096205) seconds
2026/03/15-15:11:46  ... thread 74: (621000,13835000) ops and (62024.7,72777.3) ops/second in (10.012142,190.100382) seconds
2026/03/15-15:11:46  ... thread 81: (965000,13547000) ops and (96487.8,71262.3) ops/second in (10.001263,190.100538) seconds
2026/03/15-15:11:46  ... thread 24: (620000,12519000) ops and (61994.5,65840.5) ops/second in (10.000891,190.141361) seconds
2026/03/15-15:11:46  ... thread 0: (615000,13407000) ops and (61480.0,70511.2) ops/second in (10.003259,190.139946) seconds

** Compaction Stats [default] **
Level    Files   Size     Score Read(GB)  Rn(GB) Rnp1(GB) Write(GB) WPreComp(GB) Wnew(GB) Moved(GB) W-Amp Rd(MB/s) Wr(MB/s) Comp(sec) CompMergeCPU(sec) Comp(cnt) Avg(sec) KeyIn KeyDrop Rblob(GB) Wblob(GB)
-------------------------------------------------------------------------------------------------------------------------------------------------------------------------------------------------------------
  L7     81/0     10.10 GB   0.0      0.0     0.0      0.0       0.0       0.0      0.0       0.0   0.0      0.0      0.0      0.00              0.00         0    0.000       0      0       0.0       0.0
 Sum     81/0     10.10 GB   0.0      0.0     0.0      0.0       0.0       0.0      0.0       0.0   0.0      0.0      0.0      0.00              0.00         0    0.000       0      0       0.0       0.0
 Int      0/0      0.00 KB   0.0      0.0     0.0      0.0       0.0       0.0      0.0       0.0   0.0      0.0      0.0      0.00              0.00         0    0.000       0      0       0.0       0.0

** Compaction Stats [default] **
Priority    Files   Size     Score Read(GB)  Rn(GB) Rnp1(GB) Write(GB) WPreComp(GB) Wnew(GB) Moved(GB) W-Amp Rd(MB/s) Wr(MB/s) Comp(sec) CompMergeCPU(sec) Comp(cnt) Avg(sec) KeyIn KeyDrop Rblob(GB) Wblob(GB)
----------------------------------------------------------------------------------------------------------------------------------------------------------------------------------------------------------------

Blob file count: 0, total size: 0.0 GB, garbage size: 0.0 GB, space amp: 0.0

Uptime(secs): 190.2 total, 190.2 interval
Flush(GB): cumulative 0.000, interval 0.000
AddFile(GB): cumulative 0.000, interval 0.000
AddFile(Total Files): cumulative 0, interval 0
AddFile(L0 Files): cumulative 0, interval 0
AddFile(Keys): cumulative 0, interval 0
Cumulative compaction: 0.00 GB write, 0.00 MB/s write, 0.00 GB read, 0.00 MB/s read, 0.0 seconds
Interval compaction: 0.00 GB write, 0.00 MB/s write, 0.00 GB read, 0.00 MB/s read, 0.0 seconds
Estimated pending compaction bytes: 0
Write Stall (count): cf-l0-file-count-limit-delays-with-ongoing-compaction: 0, cf-l0-file-count-limit-stops-with-ongoing-compaction: 0, l0-file-count-limit-delays: 0, l0-file-count-limit-stops: 0, memtable-limit-delays: 0, memtable-limit-stops: 0, pending-compaction-bytes-delays: 0, pending-compaction-bytes-stops: 0, total-delays: 0, total-stops: 0
Block cache LRUCache@0x557a4f67f730#1194204 capacity: 29.80 GB seed: 1773583716 usage: 0.09 KB table_size: 1024 occupancy: 1 collections: 1 last_copies: 0 last_secs: 0.000161 secs_since: 190
Block cache entry stats(count,size,portion): Misc(1,0.00 KB,0%)

** File Read Latency Histogram By Level [default] **

** DB Stats **
Uptime(secs): 190.2 total, 10.0 interval
Cumulative writes: 0 writes, 0 keys, 0 commit groups, 0.0 writes per commit group, ingest: 0.00 GB, 0.00 MB/s
Cumulative WAL: 0 writes, 0 syncs, 0.00 writes per sync, written: 0.00 GB, 0.00 MB/s
Cumulative stall: 00:00:0.000 H:M:S, 0.0 percent
Interval writes: 0 writes, 0 keys, 0 commit groups, 0.0 writes per commit group, ingest: 0.00 MB, 0.00 MB/s
Interval WAL: 0 writes, 0 syncs, 0.00 writes per sync, written: 0.00 GB, 0.00 MB/s
Interval stall: 00:00:0.000 H:M:S, 0.0 percent
Write Stall (count): write-buffer-manager-limit-stops: 0
num-running-compactions: 0
num-running-flushes: 0

2026/03/15-15:11:46  ... thread 20: (602000,12311000) ops and (60146.7,64746.1) ops/second in (10.008857,190.142699) seconds
2026/03/15-15:11:46  ... thread 27: (613000,14334000) ops and (61278.6,75385.4) ops/second in (10.003486,190.142823) seconds
2026/03/15-15:11:46  ... thread 40: (619000,13544000) ops and (61855.9,71231.6) ops/second in (10.007137,190.140325) seconds
2026/03/15-15:11:46  ... thread 59: (556000,12341000) ops and (55537.5,64905.8) ops/second in (10.011249,190.137030) seconds
2026/03/15-15:11:46  ... thread 78: (619000,16058000) ops and (61855.1,84465.5) ops/second in (10.007258,190.113102) seconds
2026/03/15-15:11:46  ... thread 70: (616000,12189000) ops and (61595.5,64105.0) ops/second in (10.000729,190.141293) seconds
2026/03/15-15:11:46  ... thread 26: (618000,12519000) ops and (61761.4,65839.9) ops/second in (10.006251,190.143075) seconds
2026/03/15-15:11:46  ... thread 35: (618000,13135000) ops and (61729.6,69079.1) ops/second in (10.011410,190.144356) seconds
2026/03/15-15:11:46  ... thread 52: (558000,12392000) ops and (55688.3,65174.1) ops/second in (10.020064,190.136897) seconds
2026/03/15-15:11:46  ... thread 69: (964000,15539000) ops and (96356.1,81732.2) ops/second in (10.004553,190.120847) seconds
2026/03/15-15:11:46  ... thread 62: (623000,14136000) ops and (62250.7,74351.0) ops/second in (10.007919,190.125101) seconds
2026/03/15-15:11:46  ... thread 92: (620000,12974000) ops and (61975.6,68246.0) ops/second in (10.003942,190.106325) seconds
2026/03/15-15:11:46  ... thread 85: (871000,14396000) ops and (87011.9,75725.0) ops/second in (10.010123,190.109062) seconds
2026/03/15-15:11:46  ... thread 46: (623000,14484000) ops and (62213.4,76174.2) ops/second in (10.013926,190.143053) seconds
2026/03/15-15:11:46  ... thread 37: (623000,13228000) ops and (62232.6,69568.6) ops/second in (10.010830,190.143217) seconds
2026/03/15-15:11:46  ... thread 50: (858000,12782000) ops and (85799.2,67224.0) ops/second in (10.000095,190.140518) seconds
2026/03/15-15:11:46  ... thread 8: (600000,12147000) ops and (59925.2,63880.6) ops/second in (10.012476,190.151716) seconds
2026/03/15-15:11:46  ... thread 66: (619000,11869000) ops and (61849.4,62420.8) ops/second in (10.008188,190.145052) seconds
2026/03/15-15:11:46  ... thread 64: (618000,13055000) ops and (61780.5,68660.9) ops/second in (10.003161,190.137430) seconds
2026/03/15-15:11:46  ... thread 14: (602000,12650000) ops and (60124.0,66525.3) ops/second in (10.012634,190.153241) seconds
2026/03/15-15:11:46  ... thread 55: (618000,12633000) ops and (61706.9,66436.1) ops/second in (10.015092,190.152529) seconds
2026/03/15-15:11:46  ... thread 1: (618000,13619000) ops and (61709.1,71629.5) ops/second in (10.014729,190.131101) seconds
2026/03/15-15:11:46  ... thread 44: (621000,13464000) ops and (62098.8,70805.6) ops/second in (10.000194,190.154573) seconds
2026/03/15-15:11:46  ... thread 3: (874000,14473000) ops and (87369.4,76110.3) ops/second in (10.003507,190.158320) seconds
2026/03/15-15:11:46  ... thread 42: (624000,12644000) ops and (62337.3,66494.4) ops/second in (10.010062,190.151234) seconds
2026/03/15-15:11:46  ... thread 22: (596000,13984000) ops and (59555.4,73538.4) ops/second in (10.007492,190.159176) seconds
2026/03/15-15:11:46  ... thread 36: (621000,14598000) ops and (62029.9,76771.0) ops/second in (10.011304,190.149988) seconds
2026/03/15-15:11:46  ... thread 73: (558000,11831000) ops and (55736.0,62225.5) ops/second in (10.011485,190.130938) seconds
2026/03/15-15:11:46  ... thread 19: (542000,10898000) ops and (54134.7,57309.0) ops/second in (10.012057,190.162210) seconds
2026/03/15-15:11:46  ... thread 83: (613000,12439000) ops and (61275.3,65426.4) ops/second in (10.004038,190.121894) seconds
2026/03/15-15:11:46  ... thread 84: (620000,14935000) ops and (61928.3,78554.4) ops/second in (10.011573,190.122970) seconds
2026/03/15-15:11:46  ... thread 107: (620000,15251000) ops and (61964.6,80225.2) ops/second in (10.005711,190.102358) seconds
2026/03/15-15:11:46  ... thread 103: (617000,12497000) ops and (61675.3,65731.1) ops/second in (10.003997,190.123087) seconds
2026/03/15-15:11:46  ... thread 60: (622000,13471000) ops and (62197.8,70839.3) ops/second in (10.000346,190.162917) seconds
2026/03/15-15:11:46  ... thread 63: (620000,12579000) ops and (61961.2,66148.5) ops/second in (10.006264,190.163140) seconds
2026/03/15-15:11:46  ... thread 100: (965000,15666000) ops and (96405.6,82396.1) ops/second in (10.009797,190.130298) seconds
2026/03/15-15:11:46  ... thread 23: (623000,12598000) ops and (62249.5,66245.4) ops/second in (10.008116,190.171656) seconds
2026/03/15-15:11:46  ... thread 65: (621000,12533000) ops and (62073.7,65916.3) ops/second in (10.004236,190.135111) seconds
2026/03/15-15:11:46  ... thread 87: (615000,12734000) ops and (61466.8,66973.7) ops/second in (10.005402,190.134331) seconds
2026/03/15-15:11:46  ... thread 28: (618000,12516000) ops and (61790.9,65813.7) ops/second in (10.001474,190.173269) seconds
2026/03/15-15:11:46  ... thread 97: (619000,12520000) ops and (61855.4,65848.1) ops/second in (10.007205,190.134683) seconds
2026/03/15-15:11:46  ... thread 89: (623000,13520000) ops and (62292.5,71106.8) ops/second in (10.001202,190.136420) seconds
2026/03/15-15:11:46  ... thread 104: (622000,12581000) ops and (62193.4,66173.1) ops/second in (10.001065,190.122670) seconds
2026/03/15-15:11:46  ... thread 67: (621000,12554000) ops and (62028.2,66020.9) ops/second in (10.011582,190.151995) seconds
2026/03/15-15:11:46  ... thread 72: (615000,12487000) ops and (61480.7,65672.1) ops/second in (10.003137,190.141765) seconds
2026/03/15-15:11:46  ... thread 76: (892000,15487000) ops and (89138.0,81445.7) ops/second in (10.006957,190.151192) seconds
2026/03/15-15:11:46  ... thread 88: (622000,14886000) ops and (62176.4,78287.9) ops/second in (10.003794,190.144307) seconds
2026/03/15-15:11:46  ... thread 33: (616000,13474000) ops and (61537.0,70847.2) ops/second in (10.010243,190.184074) seconds
2026/03/15-15:11:46  ... thread 49: (621000,13053000) ops and (62006.1,68639.2) ops/second in (10.015139,190.168342) seconds
2026/03/15-15:11:46  ... thread 95: (614000,13889000) ops and (61326.5,73043.4) ops/second in (10.011991,190.147329) seconds
2026/03/15-15:11:46  ... thread 113: (621000,13951000) ops and (62029.6,73377.9) ops/second in (10.011356,190.125378) seconds
2026/03/15-15:11:46  ... thread 86: (922000,14028000) ops and (92193.7,73773.8) ops/second in (10.000686,190.148773) seconds
2026/03/15-15:11:46  ... thread 99: (624000,12585000) ops and (62337.6,66185.5) ops/second in (10.010017,190.147343) seconds
2026/03/15-15:11:46  ... thread 75: (617000,12232000) ops and (61674.3,64326.9) ops/second in (10.004162,190.153699) seconds
2026/03/15-15:11:46  ... thread 118: (619000,15947000) ops and (61799.8,83874.5) ops/second in (10.016208,190.129234) seconds
2026/03/15-15:11:46  ... thread 77: (888000,13808000) ops and (88783.3,72611.7) ops/second in (10.001878,190.162320) seconds
2026/03/15-15:11:46  ... thread 79: (622000,13206000) ops and (62123.7,69446.0) ops/second in (10.012276,190.162005) seconds
2026/03/15-15:11:46  ... thread 119: (624000,12920000) ops and (62307.0,67956.7) ops/second in (10.014922,190.121172) seconds
2026/03/15-15:11:46  ... thread 109: (906000,12924000) ops and (90519.9,67968.7) ops/second in (10.008848,190.146413) seconds
2026/03/15-15:11:46  ... thread 9: (601000,12143000) ops and (60006.5,63841.2) ops/second in (10.015575,190.206176) seconds
2026/03/15-15:11:46  ... thread 116: (655000,13167000) ops and (65477.2,69256.2) ops/second in (10.003479,190.120089) seconds
2026/03/15-15:11:46  ... thread 126: (1028000,17534000) ops and (102753.2,92242.1) ops/second in (10.004559,190.086663) seconds
2026/03/15-15:11:46  ... thread 91: (617000,12584000) ops and (61605.8,66172.5) ops/second in (10.015289,190.169723) seconds
2026/03/15-15:11:46  ... thread 71: (617000,12515000) ops and (61642.2,65805.8) ops/second in (10.009379,190.180683) seconds
2026/03/15-15:11:46  ... thread 115: (619000,12693000) ops and (61875.9,66761.8) ops/second in (10.003899,190.123779) seconds
2026/03/15-15:11:46  ... thread 16: (891000,15658000) ops and (89099.3,82364.4) ops/second in (10.000073,190.106295) seconds
2026/03/15-15:11:46  ... thread 111: (621000,15612000) ops and (62006.9,82105.4) ops/second in (10.015011,190.145785) seconds
2026/03/15-15:11:46  ... thread 98: (730000,15343000) ops and (72965.9,80709.0) ops/second in (10.004675,190.102714) seconds
2026/03/15-15:11:46  ... thread 106: (889000,14074000) ops and (88845.4,74033.8) ops/second in (10.006145,190.102295) seconds
2026/03/15-15:11:46  ... thread 117: (620000,13695000) ops and (61990.0,72030.6) ops/second in (10.001607,190.127611) seconds
2026/03/15-15:11:46  ... thread 124: (893000,14518000) ops and (89292.2,76363.8) ops/second in (10.000870,190.116161) seconds
2026/03/15-15:11:46  ... thread 93: (891000,15690000) ops and (89032.9,82529.5) ops/second in (10.007539,190.113777) seconds
2026/03/15-15:11:46  ... thread 114: (619000,12571000) ops and (61817.2,66104.1) ops/second in (10.013392,190.169698) seconds
2026/03/15-15:11:46  ... thread 4: (896000,15303000) ops and (89558.0,80490.9) ops/second in (10.004690,190.120947) seconds
2026/03/15-15:11:46  ... thread 112: (622000,12566000) ops and (62116.2,66079.2) ops/second in (10.013483,190.165815) seconds
2026/03/15-15:11:46  ... thread 125: (617000,15932000) ops and (61663.7,83798.1) ops/second in (10.005881,190.123733) seconds
2026/03/15-15:11:46  ... thread 94: (621000,12647000) ops and (62091.9,66518.7) ops/second in (10.001299,190.127003) seconds
2026/03/15-15:11:46  ... thread 121: (622000,12617000) ops and (62170.7,66353.4) ops/second in (10.004708,190.148581) seconds
2026/03/15-15:11:46  ... thread 90: (619000,13067000) ops and (61812.2,68726.3) ops/second in (10.014204,190.130950) seconds
2026/03/15-15:11:46  ... thread 2: (623000,12542000) ops and (62213.9,65966.3) ops/second in (10.013843,190.127467) seconds
2026/03/15-15:11:46  ... thread 7: (620000,12518000) ops and (61931.2,65831.6) ops/second in (10.011108,190.151883) seconds
2026/03/15-15:11:46  ... thread 123: (617000,12522000) ops and (61692.2,65856.1) ops/second in (10.001260,190.141792) seconds
2026/03/15-15:11:46  ... thread 120: (618000,12516000) ops and (61714.2,65824.7) ops/second in (10.013903,190.141342) seconds
2026/03/15-15:11:46  ... thread 6: (615000,12716000) ops and (61430.6,66877.1) ops/second in (10.011303,190.139712) seconds
2026/03/15-15:11:46  ... thread 5: (617000,12538000) ops and (61684.5,65942.6) ops/second in (10.002511,190.134940) seconds
2026/03/15-15:11:46  ... thread 122: (619000,13135000) ops and (61847.2,69079.2) ops/second in (10.008542,190.144009) seconds
2026/03/15-15:11:46  ... thread 110: (611000,12542000) ops and (61054.7,65957.2) ops/second in (10.007415,190.153652) seconds
2026/03/15-15:11:46  ... thread 96: (621000,12568000) ops and (62002.7,66091.4) ops/second in (10.015688,190.160927) seconds
2026/03/15-15:11:46  ... thread 108: (624000,12582000) ops and (62388.8,66166.1) ops/second in (10.001797,190.157898) seconds
2026/03/15-15:11:47  ... thread 127: (615000,12521000) ops and (61454.6,65835.5) ops/second in (10.007383,190.186253) seconds
2026/03/15-15:11:56  ... thread 68: (617000,13194000) ops and (61694.2,65936.9) ops/second in (10.000939,200.100383) seconds
2026/03/15-15:11:56  ... thread 13: (607000,13068000) ops and (60675.2,65305.1) ops/second in (10.004081,200.106892) seconds
2026/03/15-15:11:56  ... thread 38: (896000,15392000) ops and (89568.4,76918.7) ops/second in (10.003526,200.107445) seconds
2026/03/15-15:11:56  ... thread 11: (928000,17623000) ops and (92712.7,88066.7) ops/second in (10.009412,200.109630) seconds
2026/03/15-15:11:56  ... thread 41: (892000,16561000) ops and (89106.8,82758.7) ops/second in (10.010457,200.111894) seconds
2026/03/15-15:11:56  ... thread 17: (870000,16929000) ops and (86904.5,84597.4) ops/second in (10.010985,200.112577) seconds
2026/03/15-15:11:56  ... thread 48: (893000,17920000) ops and (89298.9,89551.8) ops/second in (10.000127,200.107579) seconds
2026/03/15-15:11:56  ... thread 15: (757000,15823000) ops and (75636.0,79068.0) ops/second in (10.008465,200.118953) seconds
2026/03/15-15:11:56  ... thread 31: (610000,14486000) ops and (60930.6,72387.6) ops/second in (10.011397,200.117104) seconds
2026/03/15-15:11:56  ... thread 57: (958000,19504000) ops and (95709.7,97468.9) ops/second in (10.009430,200.104836) seconds
2026/03/15-15:11:56  ... thread 45: (620000,15444000) ops and (61995.4,77178.0) ops/second in (10.000738,200.108875) seconds
2026/03/15-15:11:56  ... thread 34: (962000,17152000) ops and (96199.1,85723.0) ops/second in (10.000090,200.086424) seconds
2026/03/15-15:11:56  ... thread 25: (613000,16296000) ops and (61283.2,81431.1) ops/second in (10.002748,200.120030) seconds
2026/03/15-15:11:56  ... thread 43: (889000,17267000) ops and (88811.9,86283.3) ops/second in (10.009924,200.119803) seconds
2026/03/15-15:11:56  ... thread 32: (767000,13930000) ops and (76624.7,69608.1) ops/second in (10.009826,200.120406) seconds
2026/03/15-15:11:56  ... thread 56: (615000,14440000) ops and (61445.8,72157.0) ops/second in (10.008820,200.119253) seconds
2026/03/15-15:11:56  ... thread 51: (619000,17127000) ops and (61831.6,85585.5) ops/second in (10.011057,200.115634) seconds
2026/03/15-15:11:56  ... thread 105: (888000,18647000) ops and (88782.7,93200.5) ops/second in (10.001953,200.074035) seconds
2026/03/15-15:11:56  ... thread 18: (872000,17368000) ops and (87161.2,86785.5) ops/second in (10.004448,200.125706) seconds
2026/03/15-15:11:56  ... thread 12: (943000,18444000) ops and (94231.7,92161.9) ops/second in (10.007251,200.126034) seconds
2026/03/15-15:11:56  ... thread 30: (623000,14226000) ops and (62286.0,71085.1) ops/second in (10.002244,200.126401) seconds
2026/03/15-15:11:56  ... thread 10: (620000,13571000) ops and (61980.3,67813.2) ops/second in (10.003175,200.123382) seconds
2026/03/15-15:11:56  ... thread 54: (618000,14437000) ops and (61758.0,72137.5) ops/second in (10.006795,200.131813) seconds
2026/03/15-15:11:56  ... thread 58: (613000,16389000) ops and (61212.9,81889.0) ops/second in (10.014232,200.136814) seconds
2026/03/15-15:11:56  ... thread 21: (605000,13387000) ops and (60448.2,66887.7) ops/second in (10.008575,200.141412) seconds
2026/03/15-15:11:56  ... thread 81: (963000,14510000) ops and (96288.4,72513.1) ops/second in (10.001208,200.101746) seconds
2026/03/15-15:11:56  ... thread 39: (616000,13293000) ops and (61555.2,66418.6) ops/second in (10.007284,200.139830) seconds
2026/03/15-15:11:56  ... thread 101: (886000,17540000) ops and (88519.6,87658.0) ops/second in (10.009082,200.095797) seconds
2026/03/15-15:11:56  ... thread 47: (614000,16365000) ops and (61361.5,81767.3) ops/second in (10.006274,200.141042) seconds
2026/03/15-15:11:56  ... thread 82: (960000,19117000) ops and (95948.9,95535.5) ops/second in (10.005330,200.103587) seconds
2026/03/15-15:11:56  ... thread 53: (620000,13508000) ops and (61909.0,67492.2) ops/second in (10.014698,200.141499) seconds
2026/03/15-15:11:56  ... thread 102: (892000,18492000) ops and (89149.3,92412.9) ops/second in (10.005685,200.101890) seconds
2026/03/15-15:11:56  ... thread 59: (552000,12893000) ops and (55194.0,64420.5) ops/second in (10.001082,200.138112) seconds
2026/03/15-15:11:56  ... thread 24: (616000,13135000) ops and (61576.9,65627.4) ops/second in (10.003752,200.145113) seconds
2026/03/15-15:11:56  ... thread 80: (620000,13199000) ops and (61936.1,65960.9) ops/second in (10.010319,200.103256) seconds
2026/03/15-15:11:56  ... thread 0: (612000,14019000) ops and (61172.1,70044.4) ops/second in (10.004568,200.144514) seconds

** Compaction Stats [default] **
Level    Files   Size     Score Read(GB)  Rn(GB) Rnp1(GB) Write(GB) WPreComp(GB) Wnew(GB) Moved(GB) W-Amp Rd(MB/s) Wr(MB/s) Comp(sec) CompMergeCPU(sec) Comp(cnt) Avg(sec) KeyIn KeyDrop Rblob(GB) Wblob(GB)
-------------------------------------------------------------------------------------------------------------------------------------------------------------------------------------------------------------
  L7     81/0     10.10 GB   0.0      0.0     0.0      0.0       0.0       0.0      0.0       0.0   0.0      0.0      0.0      0.00              0.00         0    0.000       0      0       0.0       0.0
 Sum     81/0     10.10 GB   0.0      0.0     0.0      0.0       0.0       0.0      0.0       0.0   0.0      0.0      0.0      0.00              0.00         0    0.000       0      0       0.0       0.0
 Int      0/0      0.00 KB   0.0      0.0     0.0      0.0       0.0       0.0      0.0       0.0   0.0      0.0      0.0      0.00              0.00         0    0.000       0      0       0.0       0.0

** Compaction Stats [default] **
Priority    Files   Size     Score Read(GB)  Rn(GB) Rnp1(GB) Write(GB) WPreComp(GB) Wnew(GB) Moved(GB) W-Amp Rd(MB/s) Wr(MB/s) Comp(sec) CompMergeCPU(sec) Comp(cnt) Avg(sec) KeyIn KeyDrop Rblob(GB) Wblob(GB)
----------------------------------------------------------------------------------------------------------------------------------------------------------------------------------------------------------------

Blob file count: 0, total size: 0.0 GB, garbage size: 0.0 GB, space amp: 0.0

Uptime(secs): 200.2 total, 200.2 interval
Flush(GB): cumulative 0.000, interval 0.000
AddFile(GB): cumulative 0.000, interval 0.000
AddFile(Total Files): cumulative 0, interval 0
AddFile(L0 Files): cumulative 0, interval 0
AddFile(Keys): cumulative 0, interval 0
Cumulative compaction: 0.00 GB write, 0.00 MB/s write, 0.00 GB read, 0.00 MB/s read, 0.0 seconds
Interval compaction: 0.00 GB write, 0.00 MB/s write, 0.00 GB read, 0.00 MB/s read, 0.0 seconds
Estimated pending compaction bytes: 0
Write Stall (count): cf-l0-file-count-limit-delays-with-ongoing-compaction: 0, cf-l0-file-count-limit-stops-with-ongoing-compaction: 0, l0-file-count-limit-delays: 0, l0-file-count-limit-stops: 0, memtable-limit-delays: 0, memtable-limit-stops: 0, pending-compaction-bytes-delays: 0, pending-compaction-bytes-stops: 0, total-delays: 0, total-stops: 0
Block cache LRUCache@0x557a4f67f730#1194204 capacity: 29.80 GB seed: 1773583716 usage: 0.09 KB table_size: 1024 occupancy: 1 collections: 1 last_copies: 0 last_secs: 0.000161 secs_since: 200
Block cache entry stats(count,size,portion): Misc(1,0.00 KB,0%)

** File Read Latency Histogram By Level [default] **

** DB Stats **
Uptime(secs): 200.2 total, 10.0 interval
Cumulative writes: 0 writes, 0 keys, 0 commit groups, 0.0 writes per commit group, ingest: 0.00 GB, 0.00 MB/s
Cumulative WAL: 0 writes, 0 syncs, 0.00 writes per sync, written: 0.00 GB, 0.00 MB/s
Cumulative stall: 00:00:0.000 H:M:S, 0.0 percent
Interval writes: 0 writes, 0 keys, 0 commit groups, 0.0 writes per commit group, ingest: 0.00 MB, 0.00 MB/s
Interval WAL: 0 writes, 0 syncs, 0.00 writes per sync, written: 0.00 GB, 0.00 MB/s
Interval stall: 00:00:0.000 H:M:S, 0.0 percent
Write Stall (count): write-buffer-manager-limit-stops: 0
num-running-compactions: 0
num-running-flushes: 0

2026/03/15-15:11:56  ... thread 29: (617000,13180000) ops and (61625.6,65851.6) ops/second in (10.012076,200.147107) seconds
2026/03/15-15:11:56  ... thread 52: (552000,12944000) ops and (55182.4,64674.7) ops/second in (10.003188,200.140085) seconds
2026/03/15-15:11:56  ... thread 78: (621000,16679000) ops and (62055.5,83344.9) ops/second in (10.007172,200.120274) seconds
2026/03/15-15:11:56  ... thread 46: (620000,15104000) ops and (61986.2,75465.2) ops/second in (10.002230,200.145283) seconds
2026/03/15-15:11:56  ... thread 50: (963000,13745000) ops and (96290.5,68676.4) ops/second in (10.000990,200.141508) seconds
2026/03/15-15:11:56  ... thread 61: (612000,13831000) ops and (61110.1,69106.0) ops/second in (10.014703,200.141800) seconds
2026/03/15-15:11:56  ... thread 20: (609000,12920000) ops and (60833.8,64550.4) ops/second in (10.010888,200.153587) seconds
2026/03/15-15:11:56  ... thread 69: (961000,16500000) ops and (96040.0,82447.6) ops/second in (10.006252,200.127099) seconds
2026/03/15-15:11:56  ... thread 70: (614000,12803000) ops and (61336.1,63966.5) ops/second in (10.010416,200.151709) seconds
2026/03/15-15:11:56  ... thread 92: (616000,13590000) ops and (61562.8,67911.8) ops/second in (10.006037,200.112362) seconds
2026/03/15-15:11:56  ... thread 40: (616000,14160000) ops and (61526.5,70746.1) ops/second in (10.011943,200.152268) seconds
2026/03/15-15:11:56  ... thread 27: (612000,14946000) ops and (61122.9,74672.0) ops/second in (10.012606,200.155429) seconds
2026/03/15-15:11:56  ... thread 26: (615000,13134000) ops and (61434.9,65619.6) ops/second in (10.010592,200.153667) seconds
2026/03/15-15:11:56  ... thread 8: (595000,12742000) ops and (59471.3,63660.2) ops/second in (10.004823,200.156539) seconds
2026/03/15-15:11:56  ... thread 74: (623000,14458000) ops and (62200.6,72248.0) ops/second in (10.015982,200.116364) seconds
2026/03/15-15:11:56  ... thread 62: (619000,14755000) ops and (61843.6,73725.5) ops/second in (10.009115,200.134216) seconds
2026/03/15-15:11:56  ... thread 35: (618000,13753000) ops and (61729.6,68711.5) ops/second in (10.011412,200.155768) seconds
2026/03/15-15:11:56  ... thread 1: (615000,14234000) ops and (61477.6,71122.1) ops/second in (10.003642,200.134743) seconds
2026/03/15-15:11:56  ... thread 44: (616000,14080000) ops and (61594.0,70345.3) ops/second in (10.000967,200.155540) seconds
2026/03/15-15:11:56  ... thread 3: (871000,15344000) ops and (87080.7,76658.5) ops/second in (10.002218,200.160538) seconds
2026/03/15-15:11:56  ... thread 85: (886000,15282000) ops and (88502.2,76364.1) ops/second in (10.011050,200.120112) seconds
2026/03/15-15:11:56  ... thread 37: (620000,13848000) ops and (61927.7,69186.4) ops/second in (10.011680,200.154897) seconds
2026/03/15-15:11:56  ... thread 64: (615000,13670000) ops and (61437.4,68299.6) ops/second in (10.010183,200.147613) seconds
2026/03/15-15:11:56  ... thread 14: (599000,13249000) ops and (59840.0,66191.0) ops/second in (10.010027,200.163268) seconds
2026/03/15-15:11:56  ... thread 55: (622000,13255000) ops and (62140.0,66221.3) ops/second in (10.009660,200.162189) seconds
2026/03/15-15:11:56  ... thread 84: (620000,15555000) ops and (61991.8,77726.7) ops/second in (10.001321,200.124291) seconds
2026/03/15-15:11:56  ... thread 73: (553000,12384000) ops and (55272.7,61878.0) ops/second in (10.004938,200.135876) seconds
2026/03/15-15:11:56  ... thread 66: (613000,12482000) ops and (61205.8,62360.0) ops/second in (10.015389,200.160441) seconds
2026/03/15-15:11:56  ... thread 83: (611000,13050000) ops and (61066.1,65208.4) ops/second in (10.005545,200.127439) seconds
2026/03/15-15:11:56  ... thread 103: (612000,13109000) ops and (61182.5,65503.8) ops/second in (10.002853,200.125940) seconds
2026/03/15-15:11:56  ... thread 107: (617000,15868000) ops and (61680.4,79298.2) ops/second in (10.003178,200.105536) seconds
2026/03/15-15:11:56  ... thread 42: (620000,13264000) ops and (61930.8,66266.2) ops/second in (10.011169,200.162403) seconds
2026/03/15-15:11:56  ... thread 22: (595000,14579000) ops and (59423.3,72832.3) ops/second in (10.012911,200.172087) seconds
2026/03/15-15:11:56  ... thread 19: (540000,11438000) ops and (53942.9,57140.6) ops/second in (10.010588,200.172798) seconds
2026/03/15-15:11:56  ... thread 36: (620000,15218000) ops and (61922.6,76028.2) ops/second in (10.012494,200.162482) seconds
2026/03/15-15:11:56  ... thread 23: (619000,13217000) ops and (61898.5,66028.2) ops/second in (10.000246,200.171902) seconds
2026/03/15-15:11:56  ... thread 100: (963000,16629000) ops and (96258.5,83089.1) ops/second in (10.004316,200.134614) seconds
2026/03/15-15:11:56  ... thread 89: (618000,14138000) ops and (61798.2,70641.7) ops/second in (10.000295,200.136715) seconds
2026/03/15-15:11:56  ... thread 65: (607000,13140000) ops and (60664.0,65653.7) ops/second in (10.005938,200.141049) seconds
2026/03/15-15:11:56  ... thread 97: (615000,13135000) ops and (61471.5,65629.3) ops/second in (10.004644,200.139327) seconds
2026/03/15-15:11:56  ... thread 67: (620000,13174000) ops and (61985.9,65819.2) ops/second in (10.002277,200.154272) seconds
2026/03/15-15:11:56  ... thread 63: (617000,13196000) ops and (61620.3,65922.0) ops/second in (10.012941,200.176081) seconds
2026/03/15-15:11:56  ... thread 60: (619000,14090000) ops and (61814.6,70387.8) ops/second in (10.013816,200.176733) seconds
2026/03/15-15:11:56  ... thread 104: (618000,13199000) ops and (61754.3,65952.1) ops/second in (10.007402,200.130072) seconds
2026/03/15-15:11:56  ... thread 72: (618000,13105000) ops and (61776.7,65477.4) ops/second in (10.003770,200.145535) seconds
2026/03/15-15:11:56  ... thread 76: (889000,16376000) ops and (88853.8,81816.0) ops/second in (10.005198,200.156390) seconds
2026/03/15-15:11:56  ... thread 28: (615000,13131000) ops and (61422.7,65594.0) ops/second in (10.012585,200.185854) seconds
2026/03/15-15:11:56  ... thread 87: (613000,13347000) ops and (61220.4,66685.9) ops/second in (10.012995,200.147326) seconds
2026/03/15-15:11:56  ... thread 49: (614000,13667000) ops and (61372.0,68276.0) ops/second in (10.004557,200.172899) seconds
2026/03/15-15:11:56  ... thread 88: (616000,15502000) ops and (61549.9,77451.0) ops/second in (10.008133,200.152440) seconds
2026/03/15-15:11:56  ... thread 33: (611000,14085000) ops and (61055.4,70357.7) ops/second in (10.007305,200.191379) seconds
2026/03/15-15:11:56  ... thread 95: (618000,14507000) ops and (61764.0,72479.5) ops/second in (10.005824,200.153153) seconds
2026/03/15-15:11:56  ... thread 86: (969000,14997000) ops and (96856.9,74927.6) ops/second in (10.004454,200.153227) seconds
2026/03/15-15:11:56  ... thread 77: (886000,14694000) ops and (88580.8,73409.6) ops/second in (10.002173,200.164493) seconds
2026/03/15-15:11:56  ... thread 113: (614000,14565000) ops and (61315.5,72774.4) ops/second in (10.013785,200.139163) seconds
2026/03/15-15:11:56  ... thread 99: (620000,13205000) ops and (61908.0,65971.5) ops/second in (10.014868,200.162211) seconds
2026/03/15-15:11:56  ... thread 119: (620000,13540000) ops and (61989.0,67658.4) ops/second in (10.001772,200.122944) seconds
2026/03/15-15:11:56  ... thread 75: (615000,12847000) ops and (61417.7,64181.4) ops/second in (10.013406,200.167105) seconds
2026/03/15-15:11:56  ... thread 118: (616000,16563000) ops and (61530.9,82756.9) ops/second in (10.011223,200.140457) seconds
2026/03/15-15:11:56  ... thread 109: (959000,13883000) ops and (95865.5,69363.0) ops/second in (10.003601,200.150014) seconds
2026/03/15-15:11:56  ... thread 91: (613000,13197000) ops and (61298.5,65929.0) ops/second in (10.000249,200.169972) seconds
2026/03/15-15:11:56  ... thread 126: (959000,18493000) ops and (95879.6,92424.0) ops/second in (10.002127,200.088790) seconds
2026/03/15-15:11:56  ... thread 9: (597000,12740000) ops and (59660.8,63632.3) ops/second in (10.006575,200.212751) seconds
2026/03/15-15:11:56  ... thread 116: (612000,13779000) ops and (61163.7,68851.6) ops/second in (10.005943,200.126032) seconds
2026/03/15-15:11:56  ... thread 79: (618000,13824000) ops and (61726.6,69060.0) ops/second in (10.011884,200.173889) seconds
2026/03/15-15:11:56  ... thread 71: (613000,13128000) ops and (61283.5,65579.9) ops/second in (10.002693,200.183376) seconds
2026/03/15-15:11:56  ... thread 111: (619000,16231000) ops and (61899.4,81095.8) ops/second in (10.000096,200.145881) seconds
2026/03/15-15:11:56  ... thread 115: (617000,13310000) ops and (61654.7,66506.4) ops/second in (10.007345,200.131124) seconds
2026/03/15-15:11:56  ... thread 16: (887000,16545000) ops and (88646.4,82678.6) ops/second in (10.006048,200.112343) seconds
2026/03/15-15:11:56  ... thread 106: (885000,14959000) ops and (88471.3,74755.6) ops/second in (10.003239,200.105534) seconds
2026/03/15-15:11:56  ... thread 98: (622000,15965000) ops and (62150.0,79780.8) ops/second in (10.008044,200.110758) seconds
2026/03/15-15:11:56  ... thread 93: (886000,16576000) ops and (88597.0,82832.7) ops/second in (10.000340,200.114117) seconds
2026/03/15-15:11:56  ... thread 117: (617000,14312000) ops and (61668.4,71512.5) ops/second in (10.005117,200.132728) seconds
2026/03/15-15:11:56  ... thread 124: (892000,15410000) ops and (89147.2,77003.0) ops/second in (10.005918,200.122079) seconds
2026/03/15-15:11:56  ... thread 4: (894000,16197000) ops and (89388.8,80935.5) ops/second in (10.001255,200.122202) seconds
2026/03/15-15:11:56  ... thread 114: (614000,13185000) ops and (61368.5,65867.4) ops/second in (10.005126,200.174824) seconds
2026/03/15-15:11:56  ... thread 112: (618000,13184000) ops and (61761.1,65863.3) ops/second in (10.006303,200.172118) seconds
2026/03/15-15:11:56  ... thread 121: (617000,13234000) ops and (61698.2,66120.8) ops/second in (10.000285,200.148866) seconds
2026/03/15-15:11:56  ... thread 2: (618000,13160000) ops and (61767.0,65756.3) ops/second in (10.005347,200.132814) seconds
2026/03/15-15:11:56  ... thread 90: (615000,13682000) ops and (61463.3,68363.2) ops/second in (10.005968,200.136918) seconds
2026/03/15-15:11:56  ... thread 125: (614000,16546000) ops and (61308.8,82672.7) ops/second in (10.014875,200.138608) seconds
2026/03/15-15:11:56  ... thread 7: (619000,13137000) ops and (61880.9,65634.1) ops/second in (10.003087,200.154970) seconds
2026/03/15-15:11:56  ... thread 94: (615000,13262000) ops and (61409.6,66263.0) ops/second in (10.014721,200.141724) seconds
2026/03/15-15:11:56  ... thread 123: (617000,13139000) ops and (61670.4,65646.9) ops/second in (10.004793,200.146585) seconds
2026/03/15-15:11:56  ... thread 120: (616000,13132000) ops and (61558.7,65611.4) ops/second in (10.006715,200.148057) seconds
2026/03/15-15:11:56  ... thread 5: (613000,13151000) ops and (61282.0,65709.7) ops/second in (10.002931,200.137871) seconds
2026/03/15-15:11:56  ... thread 6: (615000,13331000) ops and (61406.5,66603.4) ops/second in (10.015224,200.154936) seconds
2026/03/15-15:11:56  ... thread 122: (615000,13750000) ops and (61406.3,68695.3) ops/second in (10.015267,200.159276) seconds
2026/03/15-15:11:56  ... thread 110: (613000,13155000) ops and (61245.1,65721.6) ops/second in (10.008963,200.162615) seconds
2026/03/15-15:11:56  ... thread 108: (619000,13201000) ops and (61884.3,65952.1) ops/second in (10.002531,200.160429) seconds
2026/03/15-15:11:56  ... thread 96: (616000,13184000) ops and (61505.7,65862.0) ops/second in (10.015331,200.176258) seconds
2026/03/15-15:11:57  ... thread 127: (612000,13133000) ops and (61146.7,65601.0) ops/second in (10.008722,200.194975) seconds
Initializing RocksDB Options from the specified file
Initializing RocksDB Options from command-line flags
Integrated BlobDB: blob cache disabled
Keys:       20 bytes each (+ 0 bytes user-defined timestamp)
Values:     400 bytes each (200 bytes after compression)
Entries:    40000000
Prefix:    0 bytes
Keys per prefix:    0
RawSize:    16021.7 MB (estimated)
FileSize:   8392.3 MB (estimated)
Write rate: 0 bytes/second
Read rate: 0 ops/second
Compression: NoCompression
Compression sampling rate: 0
Memtablerep: SkipListFactory
Perf Level: 1
------------------------------------------------
DB path: [/tmp/rocksdb/db]
multireadrandom :      13.816 micros/op 9258535 ops/sec 210.139 seconds 1945579720 operations; 2344.7 MB/s (9244157 of 14621990 found)
Microseconds per read:
Count: 194557972 Average: 138.1916  StdDev: 71.30
Min: 10  Median: 137.0793  Max: 144396
Percentiles: P50: 137.08 P75: 164.87 P99: 246.65 P99.9: 299.47 P99.99: 889.92
------------------------------------------------------
(       6,      10 ]        1   0.000%   0.000% 
(      10,      15 ]       14   0.000%   0.000% 
(      15,      22 ]     3497   0.002%   0.002% 
(      22,      34 ]    34430   0.018%   0.020% 
(      34,      51 ]   441460   0.227%   0.246% 
(      51,      76 ]  6473280   3.327%   3.574% #
(      76,     110 ] 42939979  22.071%  25.644% ####
(     110,     170 ] 104994441  53.966%  79.610% ###########
(     170,     250 ] 39376589  20.239%  99.849% ####
(     250,     380 ]   262065   0.135%  99.983% 
(     380,     580 ]     6722   0.003%  99.987% 
(     580,     870 ]     5784   0.003%  99.990% 
(     870,    1300 ]     5486   0.003%  99.993% 
(    1300,    1900 ]     3027   0.002%  99.994% 
(    1900,    2900 ]     2433   0.001%  99.995% 
(    2900,    4400 ]     6926   0.004%  99.999% 
(    4400,    6600 ]      841   0.000%  99.999% 
(    6600,    9900 ]      792   0.000% 100.000% 
(    9900,   14000 ]       89   0.000% 100.000% 
(   14000,   22000 ]       43   0.000% 100.000% 
(   22000,   33000 ]        7   0.000% 100.000% 
(   33000,   50000 ]       31   0.000% 100.000% 
(   50000,   75000 ]        7   0.000% 100.000% 
(   75000,  110000 ]        7   0.000% 100.000% 
(  110000,  170000 ]       21   0.000% 100.000% 



** Compaction Stats [default] **
Level    Files   Size     Score Read(GB)  Rn(GB) Rnp1(GB) Write(GB) WPreComp(GB) Wnew(GB) Moved(GB) W-Amp Rd(MB/s) Wr(MB/s) Comp(sec) CompMergeCPU(sec) Comp(cnt) Avg(sec) KeyIn KeyDrop Rblob(GB) Wblob(GB)
-------------------------------------------------------------------------------------------------------------------------------------------------------------------------------------------------------------
  L7     81/0     10.10 GB   0.0      0.0     0.0      0.0       0.0       0.0      0.0       0.0   0.0      0.0      0.0      0.00              0.00         0    0.000       0      0       0.0       0.0
 Sum     81/0     10.10 GB   0.0      0.0     0.0      0.0       0.0       0.0      0.0       0.0   0.0      0.0      0.0      0.00              0.00         0    0.000       0      0       0.0       0.0
 Int      0/0      0.00 KB   0.0      0.0     0.0      0.0       0.0       0.0      0.0       0.0   0.0      0.0      0.0      0.00              0.00         0    0.000       0      0       0.0       0.0

** Compaction Stats [default] **
Priority    Files   Size     Score Read(GB)  Rn(GB) Rnp1(GB) Write(GB) WPreComp(GB) Wnew(GB) Moved(GB) W-Amp Rd(MB/s) Wr(MB/s) Comp(sec) CompMergeCPU(sec) Comp(cnt) Avg(sec) KeyIn KeyDrop Rblob(GB) Wblob(GB)
----------------------------------------------------------------------------------------------------------------------------------------------------------------------------------------------------------------

Blob file count: 0, total size: 0.0 GB, garbage size: 0.0 GB, space amp: 0.0

Uptime(secs): 210.2 total, 210.2 interval
Flush(GB): cumulative 0.000, interval 0.000
AddFile(GB): cumulative 0.000, interval 0.000
AddFile(Total Files): cumulative 0, interval 0
AddFile(L0 Files): cumulative 0, interval 0
AddFile(Keys): cumulative 0, interval 0
Cumulative compaction: 0.00 GB write, 0.00 MB/s write, 0.00 GB read, 0.00 MB/s read, 0.0 seconds
Interval compaction: 0.00 GB write, 0.00 MB/s write, 0.00 GB read, 0.00 MB/s read, 0.0 seconds
Estimated pending compaction bytes: 0
Write Stall (count): cf-l0-file-count-limit-delays-with-ongoing-compaction: 0, cf-l0-file-count-limit-stops-with-ongoing-compaction: 0, l0-file-count-limit-delays: 0, l0-file-count-limit-stops: 0, memtable-limit-delays: 0, memtable-limit-stops: 0, pending-compaction-bytes-delays: 0, pending-compaction-bytes-stops: 0, total-delays: 0, total-stops: 0
Block cache LRUCache@0x557a4f67f730#1194204 capacity: 29.80 GB seed: 1773583716 usage: 0.09 KB table_size: 1024 occupancy: 1 collections: 1 last_copies: 0 last_secs: 0.000161 secs_since: 210
Block cache entry stats(count,size,portion): Misc(1,0.00 KB,0%)

** File Read Latency Histogram By Level [default] **

** DB Stats **
Uptime(secs): 210.2 total, 10.0 interval
Cumulative writes: 0 writes, 0 keys, 0 commit groups, 0.0 writes per commit group, ingest: 0.00 GB, 0.00 MB/s
Cumulative WAL: 0 writes, 0 syncs, 0.00 writes per sync, written: 0.00 GB, 0.00 MB/s
Cumulative stall: 00:00:0.000 H:M:S, 0.0 percent
Interval writes: 0 writes, 0 keys, 0 commit groups, 0.0 writes per commit group, ingest: 0.00 MB, 0.00 MB/s
Interval WAL: 0 writes, 0 syncs, 0.00 writes per sync, written: 0.00 GB, 0.00 MB/s
Interval stall: 00:00:0.000 H:M:S, 0.0 percent
Write Stall (count): write-buffer-manager-limit-stops: 0

