round,elapsed_ms,tag
0,0.335981,alloc
1,0.328702,alloc
2,0.342073,alloc
3,0.334531,alloc
4,0.332166,alloc
