round,elapsed_ms,tag
0,0.359953,alloc
1,0.359303,alloc
2,0.355860,alloc
3,0.360238,alloc
4,0.353632,alloc
