round,elapsed_ms,tag
0,0.353333,alloc
1,0.364125,alloc
2,0.364463,alloc
3,0.366233,alloc
4,0.358258,alloc
