round,elapsed_ms,tag
0,0.287250,alloc
1,0.275910,alloc
2,0.275927,alloc
3,0.277169,alloc
4,0.276495,alloc
