round,elapsed_ms,tag
0,0.081384,alloc
1,0.079790,alloc
2,0.079880,alloc
3,0.079694,alloc
4,0.079386,alloc
5,0.079561,alloc
6,0.079986,alloc
7,0.079717,alloc
8,0.079728,alloc
9,0.079440,alloc
10,0.079961,alloc
11,0.079471,alloc
12,0.079591,alloc
13,0.079176,alloc
14,0.114400,alloc
15,0.131290,alloc
16,0.131050,alloc
17,0.131334,alloc
18,0.131208,alloc
19,0.131395,alloc
