round,elapsed_ms,tag
0,0.296134,alloc
1,0.289672,alloc
2,0.288751,alloc
3,0.287451,alloc
4,0.288390,alloc
