round,elapsed_ms,tag
0,0.280993,alloc
1,0.282058,alloc
2,0.285151,alloc
3,0.296091,alloc
4,0.277727,alloc
