round,elapsed_ms,tag
0,0.292681,alloc
1,0.290626,alloc
2,0.288182,alloc
3,0.288175,alloc
4,0.291791,alloc
