round,elapsed_ms,tag
0,0.081815,alloc
1,0.082253,alloc
2,0.079978,alloc
3,0.080587,alloc
4,0.080500,alloc
5,0.081275,alloc
6,0.081281,alloc
7,0.080184,alloc
8,0.080050,alloc
9,0.080463,alloc
10,0.080478,alloc
11,0.080785,alloc
12,0.080709,alloc
13,0.080468,alloc
14,0.109418,alloc
15,0.132574,alloc
16,0.131918,alloc
17,0.132822,alloc
18,0.133600,alloc
19,0.132691,alloc
