round,elapsed_ms,tag
0,0.079883,alloc
1,0.079448,alloc
2,0.080390,alloc
3,0.076418,alloc
4,0.079402,alloc
5,0.116611,alloc
6,0.130116,alloc
7,0.131607,alloc
8,0.130413,alloc
9,0.130601,alloc
10,0.131324,alloc
11,0.130816,alloc
12,0.130983,alloc
13,0.130882,alloc
14,0.131547,alloc
15,0.131295,alloc
16,0.130528,alloc
17,0.131138,alloc
18,0.130879,alloc
19,0.130631,alloc
