round,mem_used,tag
0,129848.000000,mem
1,130504.000000,mem
2,130504.000000,mem
3,130724.000000,mem
4,130504.000000,mem
