round,mem_used,tag
0,130300.000000,mem
1,130000.000000,mem
2,130704.000000,mem
3,130504.000000,mem
4,131288.000000,mem
