round,mem_used,tag
0,129660.000000,mem
1,130000.000000,mem
2,130504.000000,mem
3,129496.000000,mem
4,130504.000000,mem
