round,mem_used,tag
0,393192.000000,mem_repl
1,392144.000000,mem_repl
2,392356.000000,mem_repl
3,392584.000000,mem_repl
4,392512.000000,mem_repl
