round,mem_used,tag
0,262072.000000,mem_repl
1,262016.000000,mem_repl
2,261704.000000,mem_repl
3,262264.000000,mem_repl
4,261884.000000,mem_repl
