round,mem_used,tag
0,392348.000000,mem_repl
1,392096.000000,mem_repl
2,392508.000000,mem_repl
3,392556.000000,mem_repl
4,391992.000000,mem_repl
