round,mem_used,tag
0,130388.000000,mem
1,130636.000000,mem
2,130724.000000,mem
3,130996.000000,mem
4,131076.000000,mem
5,131420.000000,mem
6,130672.000000,mem
7,131492.000000,mem
8,131076.000000,mem
9,131692.000000,mem
10,131280.000000,mem
11,130672.000000,mem
12,130596.000000,mem
13,130908.000000,mem
14,130560.000000,mem
15,131200.000000,mem
16,131168.000000,mem
17,131352.000000,mem
18,131508.000000,mem
19,131544.000000,mem
