round,mem_used,tag
0,524208.000000,mem_repl
1,522024.000000,mem_repl
2,523380.000000,mem_repl
3,523528.000000,mem_repl
4,522776.000000,mem_repl
