round,mem_used,tag
0,128800.000000,mem
1,130000.000000,mem
2,130844.000000,mem
3,130000.000000,mem
4,130504.000000,mem
