round,mem_used,tag
0,392276.000000,mem_repl
1,391920.000000,mem_repl
2,392236.000000,mem_repl
3,392668.000000,mem_repl
4,391736.000000,mem_repl
