round,mem_used,tag
0,130676.000000,mem
1,131008.000000,mem
2,130888.000000,mem
3,131008.000000,mem
4,131008.000000,mem
