round,mem_used,tag
0,523304.000000,mem_repl
1,522704.000000,mem_repl
2,522736.000000,mem_repl
3,522176.000000,mem_repl
4,521836.000000,mem_repl
