round,mem_used,tag
0,262248.000000,mem_repl
1,262016.000000,mem_repl
2,262240.000000,mem_repl
3,262016.000000,mem_repl
4,261864.000000,mem_repl
