round,mem_used,tag
0,130636.000000,mem
1,130572.000000,mem
2,130100.000000,mem
3,131080.000000,mem
4,130556.000000,mem
5,131040.000000,mem
6,131436.000000,mem
7,131920.000000,mem
8,130756.000000,mem
9,130696.000000,mem
10,130376.000000,mem
11,130496.000000,mem
12,131448.000000,mem
13,131304.000000,mem
14,132040.000000,mem
15,130696.000000,mem
16,130144.000000,mem
17,130796.000000,mem
18,131084.000000,mem
19,130968.000000,mem
