round,mem_used,tag
0,262316.000000,mem_repl
1,261616.000000,mem_repl
2,261916.000000,mem_repl
3,261520.000000,mem_repl
4,261772.000000,mem_repl
