round,mem_used,tag
0,129184.000000,mem
1,131008.000000,mem
2,131008.000000,mem
3,130940.000000,mem
4,131008.000000,mem
