round,mem_used,tag
0,129608.000000,mem
1,130304.000000,mem
2,130000.000000,mem
3,129496.000000,mem
4,131028.000000,mem
