round,mem_used,tag
0,130764.000000,mem
1,130284.000000,mem
2,130504.000000,mem
3,131320.000000,mem
4,130368.000000,mem
