round,mem_used,tag
0,131132.000000,mem_repl
1,392544.000000,mem_repl
2,393564.000000,mem_repl
3,393516.000000,mem_repl
4,392688.000000,mem_repl
