round,mem_used,tag
0,130788.000000,mem_repl
1,392288.000000,mem_repl
2,131600.000000,mem_repl
3,392288.000000,mem_repl
4,392544.000000,mem_repl
