time,total,free,available,dirty,anon,mapped,pageTable,vmallocTotal,vmallocUsed,own_VmRSS,own_RssAnon,own_RssFile,own_VmPTE,Node0_total,Node0_free,Node0_used,Node0_dirty,Node0_anon,Node0_mapped,Node0_pageTable,Node1_total,Node1_free,Node1_used,Node1_dirty,Node1_anon,Node1_mapped,Node1_pageTable
2026-08-19T13:54:39.456191,393135960,392073844,390518884,236,93872,108252,2268,34359738367,250656,15872,6656,9216,108,195753396,195207044,546352,208,77444,58860,1784,197382564,196866800,515764,28,16428,49392,484
2026-08-19T13:54:40.456655,393135960,391187708,390039640,756792,117640,125224,6076,34359738367,261812,15872,6656,9216,108,195753396,194737536,1015860,378360,99424,67928,5168,197382564,196450172,932392,378432,18216,57296,908
2026-08-19T13:54:41.457521,393135960,391187456,390039400,367760,117920,125296,6076,34359738367,261812,15872,6656,9216,108,195753396,194737536,1015860,183336,99460,67996,5168,197382564,196449920,932644,183416,18460,57300,908
2026-08-19T13:54:42.458268,393135960,391496920,390192624,176,117920,125296,6076,34359738367,261812,15872,6656,9216,108,195753396,194891760,861636,56,99460,67996,5168,197382564,196605160,777404,120,18460,57300,908
2026-08-19T13:54:43.459178,393135960,391781220,390357776,176,115140,383036,7748,34359738367,262724,15872,6656,9216,108,195753396,195034072,719324,56,96364,196840,5828,197382564,196747148,635416,120,18776,186204,1920
2026-08-19T13:54:44.459819,393135960,391470000,390204076,112,115148,697240,7748,34359738367,262724,15872,6656,9216,108,195753396,194878336,875060,56,96368,353944,5828,197382564,196591412,791152,56,18780,343348,1920
2026-08-19T13:54:45.460561,393135960,391258824,390099096,112,115152,909844,7748,34359738367,262724,15872,6656,9216,108,195753396,194770984,982412,56,96372,460244,5828,197382564,196487840,894724,56,18780,449600,1920
2026-08-19T13:54:46.461931,393135960,391256052,390097044,112,115152,911724,7748,34359738367,262724,15872,6656,9216,108,195753396,194769724,983672,56,96372,461184,5828,197382564,196486328,896236,56,18780,450540,1920
2026-08-19T13:54:47.463233,393135960,391256052,390097164,112,115152,911984,7748,34359738367,262724,15872,6656,9216,108,195753396,194769724,983672,56,96372,461308,5828,197382564,196486328,896236,56,18780,450676,1920
2026-08-19T13:54:48.464540,393135960,391256528,390097644,112,115152,911984,7748,34359738367,262724,15872,6656,9216,108,195753396,194769724,983672,56,96372,461308,5828,197382564,196486804,895760,56,18780,450676,1920
2026-08-19T13:54:49.465895,393135960,391256528,390097660,124,115052,911984,7748,34359738367,262708,15872,6656,9216,108,195753396,194769724,983672,68,96272,461308,5828,197382564,196486804,895760,56,18780,450676,1920
2026-08-19T13:54:50.467217,393135960,391257312,390098468,20,114952,911984,7748,34359738367,262708,15872,6656,9216,108,195753396,194770004,983392,16,96172,461308,5828,197382564,196487308,895256,4,18780,450676,1920
2026-08-19T13:54:51.468561,393135960,391257312,390098468,28,114956,911984,7748,34359738367,262708,15872,6656,9216,108,195753396,194770004,983392,16,96176,461308,5828,197382564,196487308,895256,12,18780,450676,1920
2026-08-19T13:54:52.469928,393135960,391257312,390098468,28,114956,911984,7748,34359738367,262708,15872,6656,9216,108,195753396,194770004,983392,16,96176,461308,5828,197382564,196487308,895256,12,18780,450676,1920
2026-08-19T13:54:53.471199,393135960,391257476,390098636,36,114956,911984,7748,34359738367,262708,15872,6656,9216,108,195753396,194769916,983480,24,96176,461308,5828,197382564,196487560,895004,12,18780,450676,1920
2026-08-19T13:54:54.472521,393135960,391257476,390098636,36,114964,911984,7748,34359738367,262708,15872,6656,9216,108,195753396,194769916,983480,24,96176,461308,5828,197382564,196487560,895004,12,18788,450676,1920
2026-08-19T13:54:55.473877,393135960,391257940,390099100,36,114964,911984,7748,34359738367,262708,15872,6656,9216,108,195753396,194770128,983268,24,96176,461308,5828,197382564,196487812,894752,12,18788,450676,1920
2026-08-19T13:54:56.475148,393135960,391257940,390099100,36,114964,911984,7748,34359738367,262708,15872,6656,9216,108,195753396,194770128,983268,24,96176,461308,5828,197382564,196487812,894752,12,18788,450676,1920
2026-08-19T13:54:57.476511,393135960,391257940,390099100,40,114964,911984,7748,34359738367,262708,15872,6656,9216,108,195753396,194770128,983268,28,96176,461308,5828,197382564,196487812,894752,12,18788,450676,1920
2026-08-19T13:54:58.477880,393135960,391257940,390099104,32,114964,911984,7748,34359738367,262708,15872,6656,9216,108,195753396,194770128,983268,20,96176,461308,5828,197382564,196487812,894752,12,18788,450676,1920
2026-08-19T13:54:59.479159,393135960,391258192,390099356,32,114964,911984,7748,34359738367,262708,15872,6656,9216,108,195753396,194770128,983268,20,96176,461308,5828,197382564,196488064,894500,12,18788,450676,1920
2026-08-19T13:55:00.480496,393135960,391258444,390099608,40,114964,911984,7748,34359738367,262708,15872,6656,9216,108,195753396,194770128,983268,28,96176,461308,5828,197382564,196488316,894248,12,18788,450676,1920
2026-08-19T13:55:01.481862,393135960,391258696,390099860,40,114964,911984,7748,34359738367,262708,15872,6656,9216,108,195753396,194770128,983268,28,96176,461308,5828,197382564,196488568,893996,12,18788,450676,1920
2026-08-19T13:55:02.483159,393135960,391256932,390098824,220,114964,911988,7748,34359738367,262708,15872,6656,9216,108,195753396,194769624,983772,32,96176,461312,5828,197382564,196487308,895256,188,18788,450676,1920
2026-08-19T13:55:03.484470,393135960,391257184,390099076,248,114964,911988,7748,34359738367,262708,15872,6656,9216,108,195753396,194769876,983520,48,96176,461312,5828,197382564,196487308,895256,200,18788,450676,1920
2026-08-19T13:55:04.485786,393135960,391257184,390099076,248,114964,911988,7748,34359738367,262708,15872,6656,9216,108,195753396,194769876,983520,48,96176,461312,5828,197382564,196487308,895256,200,18788,450676,1920
2026-08-19T13:55:05.487045,393135960,391257184,390099076,248,114964,911988,7748,34359738367,262708,15872,6656,9216,108,195753396,194769876,983520,48,96176,461312,5828,197382564,196487308,895256,200,18788,450676,1920
2026-08-19T13:55:06.488316,393135960,391257184,390099076,248,114964,911988,7748,34359738367,262708,15872,6656,9216,108,195753396,194769876,983520,48,96176,461312,5828,197382564,196487308,895256,200,18788,450676,1920
2026-08-19T13:55:07.489668,393135960,391257184,390099100,84,114964,911988,7748,34359738367,262708,15872,6656,9216,108,195753396,194769876,983520,44,96176,461312,5828,197382564,196487308,895256,40,18788,450676,1920
2026-08-19T13:55:08.491004,393135960,391257184,390099100,52,114968,911988,7748,34359738367,262708,15872,6656,9216,108,195753396,194769876,983520,28,96180,461312,5828,197382564,196487308,895256,24,18788,450676,1920
2026-08-19T13:55:09.492285,393135960,391257436,390099380,56,114968,911988,7748,34359738367,262708,15872,6656,9216,108,195753396,194769876,983520,28,96180,461312,5828,197382564,196487560,895004,28,18788,450676,1920
2026-08-19T13:55:10.493637,393135960,391257688,390099632,56,114968,911988,7748,34359738367,262708,15872,6656,9216,108,195753396,194769876,983520,28,96180,461312,5828,197382564,196487812,894752,28,18788,450676,1920
2026-08-19T13:55:11.494914,393135960,391257440,390099424,12,115000,911988,7748,34359738367,262708,15872,6656,9216,108,195753396,194769628,983768,4,96212,461312,5828,197382564,196487812,894752,8,18788,450676,1920
2026-08-19T13:55:12.496205,393135960,391257440,390099424,12,115000,911988,7748,34359738367,262708,15872,6656,9216,108,195753396,194769628,983768,4,96212,461312,5828,197382564,196487812,894752,8,18788,450676,1920
2026-08-19T13:55:13.497546,393135960,391257692,390099676,28,115004,911988,7748,34359738367,262708,15872,6656,9216,108,195753396,194769628,983768,16,96216,461312,5828,197382564,196488064,894500,12,18788,450676,1920
2026-08-19T13:55:14.498832,393135960,391257944,390099960,40,115012,911988,7748,34359738367,262708,15872,6656,9216,108,195753396,194769628,983768,16,96216,461312,5828,197382564,196488316,894248,24,18796,450676,1920
2026-08-19T13:55:15.500128,393135960,391257944,390099960,40,115012,911988,7748,34359738367,262708,15872,6656,9216,108,195753396,194769628,983768,16,96216,461312,5828,197382564,196488316,894248,24,18796,450676,1920
2026-08-19T13:55:16.501559,393135960,391257948,390099972,28,115020,911988,7748,34359738367,262708,15872,6656,9216,108,195753396,194769632,983764,20,96216,461312,5828,197382564,196488316,894248,8,18804,450676,1920
2026-08-19T13:55:17.502859,393135960,391257948,390099972,28,115020,911988,7748,34359738367,262708,15872,6656,9216,108,195753396,194769632,983764,20,96216,461312,5828,197382564,196488316,894248,8,18804,450676,1920
2026-08-19T13:55:18.504198,393135960,391258200,390100224,12,115020,911988,7748,34359738367,262708,15872,6656,9216,108,195753396,194769632,983764,8,96216,461312,5828,197382564,196488568,893996,4,18804,450676,1920
2026-08-19T13:55:19.505550,393135960,391258200,390100224,12,115020,911988,7748,34359738367,262708,15872,6656,9216,108,195753396,194769632,983764,8,96216,461312,5828,197382564,196488568,893996,4,18804,450676,1920
2026-08-19T13:55:20.506823,393135960,391258452,390100476,12,115020,911988,7748,34359738367,262708,15872,6656,9216,108,195753396,194769632,983764,8,96216,461312,5828,197382564,196488820,893744,4,18804,450676,1920
2026-08-19T13:55:21.508108,393135960,391258200,390100240,4,115028,911988,7748,34359738367,262708,15872,6656,9216,108,195753396,194769380,984016,0,96216,461312,5828,197382564,196488820,893744,4,18812,450676,1920
2026-08-19T13:55:22.509478,393135960,391258452,390100492,8,115028,911988,7748,34359738367,262708,15872,6656,9216,108,195753396,194769380,984016,4,96216,461312,5828,197382564,196489072,893492,4,18812,450676,1920
2026-08-19T13:55:23.510752,393135960,391258704,390100744,12,115028,911988,7748,34359738367,262708,15872,6656,9216,108,195753396,194769380,984016,4,96216,461312,5828,197382564,196489324,893240,8,18812,450676,1920
2026-08-19T13:55:24.512013,393135960,391258956,390100996,28,115028,911988,7748,34359738367,262708,15872,6656,9216,108,195753396,194769380,984016,16,96216,461312,5828,197382564,196489576,892988,12,18812,450676,1920
2026-08-19T13:55:25.513355,393135960,391258956,390100996,28,115032,911988,7748,34359738367,262708,15872,6656,9216,108,195753396,194769380,984016,16,96220,461312,5828,197382564,196489576,892988,12,18812,450676,1920
2026-08-19T13:55:26.514638,393135960,391258732,390100796,16,115032,911988,7748,34359738367,262708,15872,6656,9216,108,195753396,194769380,984016,12,96220,461312,5828,197382564,196489352,893212,4,18812,450676,1920
2026-08-19T13:55:27.515942,393135960,391258984,390101048,24,115032,911988,7748,34359738367,262708,15872,6656,9216,108,195753396,194769380,984016,16,96220,461312,5828,197382564,196489604,892960,8,18812,450676,1920
2026-08-19T13:55:28.517271,393135960,391258984,390101048,8,115032,911988,7748,34359738367,262708,15872,6656,9216,108,195753396,194769380,984016,4,96220,461312,5828,197382564,196489604,892960,4,18812,450676,1920
2026-08-19T13:55:29.518569,393135960,391258984,390101048,8,115032,911988,7748,34359738367,262708,15872,6656,9216,108,195753396,194769380,984016,4,96220,461312,5828,197382564,196489604,892960,4,18812,450676,1920
2026-08-19T13:55:30.519864,393135960,391258984,390101048,8,115032,911988,7748,34359738367,262708,15872,6656,9216,108,195753396,194769380,984016,4,96220,461312,5828,197382564,196489604,892960,4,18812,450676,1920
2026-08-19T13:55:31.521196,393135960,391258984,390101048,8,115032,911988,7748,34359738367,262708,15872,6656,9216,108,195753396,194769380,984016,4,96220,461312,5828,197382564,196489604,892960,4,18812,450676,1920
2026-08-19T13:55:32.522468,393135960,391258984,390101048,4,115032,911988,7748,34359738367,262708,15872,6656,9216,108,195753396,194769380,984016,0,96220,461312,5828,197382564,196489604,892960,4,18812,450676,1920
2026-08-19T13:55:33.523698,393135960,392046164,390497208,72,114996,140828,7728,34359738367,262932,15872,6656,9216,108,195753396,195159916,593480,4,96244,75888,5788,197382564,196886248,496316,68,18752,64944,1940
2026-08-19T13:55:34.525693,393135960,391730852,390339408,76,115044,456368,7748,34359738367,262932,15872,6656,9216,108,195753396,195003956,749440,8,96264,233716,5800,197382564,196726896,655668,68,18780,222732,1948
2026-08-19T13:55:35.527068,393135960,391414844,390181048,80,115048,771772,7748,34359738367,262932,15872,6656,9216,108,195753396,194846456,906940,12,96264,391392,5800,197382564,196568388,814176,68,18784,380500,1948
2026-08-19T13:55:36.528459,393135960,391277504,390113476,80,115052,911292,7748,34359738367,262932,15872,6656,9216,108,195753396,194777408,975988,12,96268,461096,5800,197382564,196500096,882468,68,18784,450196,1948
2026-08-19T13:55:37.529815,393135960,391276748,390112984,80,115052,912044,7748,34359738367,262932,15872,6656,9216,108,195753396,194776904,976492,12,96268,461460,5800,197382564,196499844,882720,68,18784,450584,1948
2026-08-19T13:55:38.531117,393135960,391276748,390113000,0,115052,912060,7748,34359738367,262932,15872,6656,9216,108,195753396,194776904,976492,0,96268,461468,5800,197382564,196499844,882720,0,18784,450592,1948
2026-08-19T13:55:39.532472,393135960,391277000,390113284,8,115060,912060,7748,34359738367,262932,15872,6656,9216,108,195753396,194776904,976492,4,96268,461468,5800,197382564,196500096,882468,4,18792,450592,1948
2026-08-19T13:55:40.533879,393135960,391277000,390113284,8,115060,912060,7748,34359738367,262932,15872,6656,9216,108,195753396,194776904,976492,4,96268,461468,5800,197382564,196500096,882468,4,18792,450592,1948
2026-08-19T13:55:41.535199,393135960,391277324,390113608,8,115060,912060,7748,34359738367,262932,15872,6656,9216,108,195753396,194776976,976420,4,96268,461468,5800,197382564,196500348,882216,4,18792,450592,1948
2026-08-19T13:55:42.536530,393135960,391277576,390113860,8,115060,912060,7748,34359738367,262932,15872,6656,9216,108,195753396,194777228,976168,4,96268,461468,5800,197382564,196500348,882216,4,18792,450592,1948
2026-08-19T13:55:43.537917,393135960,391277576,390113872,36,115092,912060,7748,34359738367,262932,15872,6656,9216,108,195753396,194777228,976168,24,96300,461468,5800,197382564,196500348,882216,12,18792,450592,1948
2026-08-19T13:55:44.539236,393135960,391277576,390113904,20,115100,912060,7748,34359738367,262932,15872,6656,9216,108,195753396,194777228,976168,8,96300,461468,5800,197382564,196500348,882216,12,18800,450592,1948
2026-08-19T13:55:45.540618,393135960,391277576,390113904,24,115100,912060,7748,34359738367,262932,15872,6656,9216,108,195753396,194777228,976168,8,96300,461468,5800,197382564,196500348,882216,16,18800,450592,1948
2026-08-19T13:55:46.541960,393135960,391277828,390114156,28,115100,912060,7748,34359738367,262932,15872,6656,9216,108,195753396,194777228,976168,12,96300,461468,5800,197382564,196500600,881964,16,18800,450592,1948
2026-08-19T13:55:47.543345,393135960,391277828,390114156,28,115104,912060,7748,34359738367,262932,15872,6656,9216,108,195753396,194777228,976168,12,96304,461468,5800,197382564,196500600,881964,16,18800,450592,1948
2026-08-19T13:55:48.544663,393135960,391278080,390114408,32,115104,912060,7748,34359738367,262932,15872,6656,9216,108,195753396,194777228,976168,16,96304,461468,5800,197382564,196500852,881712,16,18800,450592,1948
2026-08-19T13:55:49.546020,393135960,391278080,390114432,0,115104,912060,7748,34359738367,262932,15872,6656,9216,108,195753396,194777228,976168,0,96304,461468,5800,197382564,196500852,881712,0,18800,450592,1948
2026-08-19T13:55:50.547367,393135960,391278080,390114432,8,115104,912060,7748,34359738367,262932,15872,6656,9216,108,195753396,194777228,976168,4,96304,461468,5800,197382564,196500852,881712,4,18800,450592,1948
2026-08-19T13:55:51.548714,393135960,391278080,390114432,8,115112,912060,7748,34359738367,262932,15872,6656,9216,108,195753396,194777228,976168,4,96304,461468,5800,197382564,196500852,881712,4,18808,450592,1948
2026-08-19T13:55:52.550106,393135960,391278276,390114628,8,115112,912060,7748,34359738367,262932,15872,6656,9216,108,195753396,194777228,976168,4,96304,461468,5800,197382564,196501048,881516,4,18808,450592,1948
2026-08-19T13:55:53.551447,393135960,391278528,390114880,20,115116,912060,7748,34359738367,262932,15872,6656,9216,108,195753396,194777480,975916,16,96308,461468,5800,197382564,196501048,881516,4,18808,450592,1948
2026-08-19T13:55:54.552738,393135960,391278780,390115132,48,115124,912060,7748,34359738367,262932,15872,6656,9216,108,195753396,194777480,975916,24,96308,461468,5800,197382564,196501300,881264,24,18816,450592,1948
2026-08-19T13:55:55.554122,393135960,391278780,390115132,32,115132,912060,7748,34359738367,262932,15872,6656,9216,108,195753396,194777228,976168,8,96308,461468,5800,197382564,196501552,881012,24,18824,450592,1948
2026-08-19T13:55:56.555415,393135960,391279032,390115384,32,115132,912060,7748,34359738367,262932,15872,6656,9216,108,195753396,194777480,975916,8,96308,461468,5800,197382564,196501552,881012,24,18824,450592,1948
2026-08-19T13:55:57.556735,393135960,391279284,390115636,36,115140,912060,7748,34359738367,262932,15872,6656,9216,108,195753396,194777480,975916,12,96308,461468,5800,197382564,196501804,880760,24,18832,450592,1948
2026-08-19T13:55:58.558080,393135960,391279284,390115636,36,115140,912060,7748,34359738367,262932,15872,6656,9216,108,195753396,194777480,975916,12,96308,461468,5800,197382564,196501804,880760,24,18832,450592,1948
2026-08-19T13:55:59.559405,393135960,391279536,390115896,8,115140,912060,7748,34359738367,262932,15872,6656,9216,108,195753396,194777732,975664,4,96308,461468,5800,197382564,196501804,880760,4,18832,450592,1948
2026-08-19T13:56:00.560698,393135960,391279536,390115896,0,115140,912060,7748,34359738367,262932,15872,6656,9216,108,195753396,194777732,975664,0,96308,461468,5800,197382564,196501804,880760,0,18832,450592,1948
2026-08-19T13:56:01.562064,393135960,391279536,390115896,20,115140,912060,7748,34359738367,262932,15872,6656,9216,108,195753396,194777732,975664,4,96308,461468,5800,197382564,196501804,880760,16,18832,450592,1948
2026-08-19T13:56:02.563379,393135960,391279536,390115896,20,115140,912060,7748,34359738367,262932,15872,6656,9216,108,195753396,194777732,975664,4,96308,461468,5800,197382564,196501804,880760,16,18832,450592,1948
2026-08-19T13:56:03.564689,393135960,391279536,390115896,20,115140,912060,7748,34359738367,262932,15872,6656,9216,108,195753396,194777732,975664,4,96308,461468,5800,197382564,196501804,880760,16,18832,450592,1948
2026-08-19T13:56:04.566050,393135960,391279788,390116148,40,115156,912060,7748,34359738367,262932,15872,6656,9216,108,195753396,194777732,975664,24,96308,461468,5800,197382564,196502056,880508,16,18848,450592,1948
2026-08-19T13:56:05.567357,393135960,391280040,390116400,40,115156,912060,7748,34359738367,262932,15872,6656,9216,108,195753396,194777732,975664,24,96308,461468,5800,197382564,196502308,880256,16,18848,450592,1948
2026-08-19T13:56:06.568665,393135960,391280292,390116664,8,115156,912060,7748,34359738367,262932,15872,6656,9216,108,195753396,194777984,975412,8,96308,461468,5800,197382564,196502308,880256,0,18848,450592,1948
2026-08-19T13:56:07.569994,393135960,391280292,390116664,16,115156,912060,7748,34359738367,262932,15872,6656,9216,108,195753396,194777984,975412,12,96308,461468,5800,197382564,196502308,880256,4,18848,450592,1948
2026-08-19T13:56:08.571293,393135960,391280292,390116680,12,115164,912060,7748,34359738367,262932,15872,6656,9216,108,195753396,194777984,975412,4,96308,461468,5800,197382564,196502308,880256,8,18856,450592,1948
2026-08-19T13:56:09.572607,393135960,391280052,390116440,12,115164,912060,7748,34359738367,262932,15872,6656,9216,108,195753396,194777984,975412,4,96308,461468,5800,197382564,196502068,880496,8,18856,450592,1948
2026-08-19T13:56:10.573928,393135960,391280556,390116944,12,115164,912060,7748,34359738367,262932,15872,6656,9216,108,195753396,194778488,974908,4,96308,461468,5800,197382564,196502068,880496,8,18856,450592,1948
2026-08-19T13:56:11.575245,393135960,391280556,390116944,12,115164,912060,7748,34359738367,262932,15872,6656,9216,108,195753396,194778488,974908,4,96308,461468,5800,197382564,196502068,880496,8,18856,450592,1948
2026-08-19T13:56:12.576618,393135960,391280556,390116944,4,115164,912060,7748,34359738367,262932,15872,6656,9216,108,195753396,194778488,974908,4,96308,461468,5800,197382564,196502068,880496,0,18856,450592,1948
2026-08-19T13:56:13.577993,393135960,391280304,390116692,48,115164,912060,7748,34359738367,262932,15872,6656,9216,108,195753396,194778488,974908,12,96308,461468,5800,197382564,196501816,880748,36,18856,450592,1948
2026-08-19T13:56:14.580084,393135960,391279800,390116244,64,115272,912124,7748,34359738367,262932,15872,6656,9216,108,195753396,194778236,975160,28,96324,461532,5800,197382564,196501564,881000,36,18948,450592,1948
2026-08-19T13:56:15.581455,393135960,391280304,390116764,64,115304,912124,7748,34359738367,262932,15872,6656,9216,108,195753396,194778488,974908,28,96356,461532,5800,197382564,196501816,880748,36,18948,450592,1948
2026-08-19T13:56:16.582774,393135960,391280556,390117016,64,115304,912124,7748,34359738367,262932,15872,6656,9216,108,195753396,194778740,974656,28,96356,461532,5800,197382564,196501816,880748,36,18948,450592,1948
2026-08-19T13:56:17.584096,393135960,391280556,390117020,28,115304,912124,7748,34359738367,262932,15872,6656,9216,108,195753396,194778740,974656,8,96356,461532,5800,197382564,196501816,880748,20,18948,450592,1948
2026-08-19T13:56:18.585462,393135960,391280556,390117020,36,115304,912124,7748,34359738367,262932,15872,6656,9216,108,195753396,194778740,974656,12,96356,461532,5800,197382564,196501816,880748,24,18948,450592,1948
2026-08-19T13:56:19.586781,393135960,391280556,390117020,8,115304,912124,7748,34359738367,262932,15872,6656,9216,108,195753396,194778740,974656,4,96356,461532,5800,197382564,196501816,880748,4,18948,450592,1948
2026-08-19T13:56:20.588058,393135960,391280556,390117020,8,115308,912124,7748,34359738367,262932,15872,6656,9216,108,195753396,194778740,974656,4,96360,461532,5800,197382564,196501816,880748,4,18948,450592,1948
2026-08-19T13:56:21.589441,393135960,391280556,390117020,8,115308,912124,7748,34359738367,262932,15872,6656,9216,108,195753396,194778740,974656,4,96360,461532,5800,197382564,196501816,880748,4,18948,450592,1948
2026-08-19T13:56:22.590739,393135960,391280556,390117020,8,115308,912124,7748,34359738367,262932,15872,6656,9216,108,195753396,194778740,974656,4,96360,461532,5800,197382564,196501816,880748,4,18948,450592,1948
2026-08-19T13:56:23.591977,393135960,391280556,390117036,8,115284,912124,7740,34359738367,261940,15872,6656,9216,108,195753396,194778740,974656,4,96352,461532,5796,197382564,196501816,880748,4,18932,450592,1944
2026-08-19T13:56:24.592703,393135960,391959704,390451796,80,115304,223428,7740,34359738367,262932,15872,6656,9216,108,195753396,195118616,634780,16,96356,117716,5804,197382564,196840332,542232,64,18948,106716,1936
2026-08-19T13:56:25.594850,393135960,391650752,390301372,96,115320,540748,7740,34359738367,262932,15872,6656,9216,108,195753396,194965652,787744,20,96364,275860,5804,197382564,196685100,697464,76,18956,264896,1936
2026-08-19T13:56:26.596185,393135960,391334996,390142876,96,115320,855424,7740,34359738367,262932,15872,6656,9216,108,195753396,194808152,945244,20,96364,433176,5804,197382564,196526844,855720,76,18956,422256,1936
2026-08-19T13:56:27.596870,393135960,391279556,390115444,96,115324,911472,7740,34359738367,262932,15872,6656,9216,108,195753396,194780936,972460,20,96368,461236,5804,197382564,196498620,883944,76,18956,450236,1936
2026-08-19T13:56:28.598181,393135960,391278548,390114676,96,115324,912160,7740,34359738367,262932,15872,6656,9216,108,195753396,194780180,973216,20,96368,461576,5804,197382564,196498368,884196,76,18956,450584,1936
2026-08-19T13:56:29.599485,393135960,391278548,390114748,28,115324,912160,7740,34359738367,262932,15872,6656,9216,108,195753396,194780180,973216,16,96368,461576,5804,197382564,196498368,884196,12,18956,450584,1936
2026-08-19T13:56:30.600880,393135960,391279556,390115756,36,115324,912160,7740,34359738367,262932,15872,6656,9216,108,195753396,194780936,972460,20,96368,461576,5804,197382564,196498620,883944,16,18956,450584,1936
2026-08-19T13:56:31.602227,393135960,391279808,390116008,36,115324,912160,7740,34359738367,262932,15872,6656,9216,108,195753396,194780936,972460,20,96368,461576,5804,197382564,196498872,883692,16,18956,450584,1936
2026-08-19T13:56:32.603553,393135960,391280060,390116260,36,115328,912160,7740,34359738367,262932,15872,6656,9216,108,195753396,194780936,972460,20,96372,461576,5804,197382564,196499124,883440,16,18956,450584,1936
2026-08-19T13:56:33.604884,393135960,391280312,390116512,40,115328,912160,7740,34359738367,262932,15872,6656,9216,108,195753396,194780936,972460,24,96372,461576,5804,197382564,196499376,883188,16,18956,450584,1936
2026-08-19T13:56:34.606179,393135960,391280312,390116520,12,115328,912160,7740,34359738367,262932,15872,6656,9216,108,195753396,194780936,972460,8,96372,461576,5804,197382564,196499376,883188,4,18956,450584,1936
2026-08-19T13:56:35.607512,393135960,391280532,390116740,24,115328,912160,7740,34359738367,262932,15872,6656,9216,108,195753396,194780936,972460,12,96372,461576,5804,197382564,196499596,882968,12,18956,450584,1936
2026-08-19T13:56:36.608809,393135960,391280784,390117020,44,115328,912160,7740,34359738367,262932,15872,6656,9216,108,195753396,194780936,972460,28,96372,461576,5804,197382564,196499848,882716,16,18956,450584,1936
2026-08-19T13:56:37.610124,393135960,391280784,390117020,56,115328,912160,7740,34359738367,262932,15872,6656,9216,108,195753396,194780936,972460,28,96372,461576,5804,197382564,196499848,882716,28,18956,450584,1936
2026-08-19T13:56:38.611461,393135960,391280784,390117020,56,115328,912160,7740,34359738367,262932,15872,6656,9216,108,195753396,194780936,972460,28,96372,461576,5804,197382564,196499848,882716,28,18956,450584,1936
2026-08-19T13:56:39.612797,393135960,391280784,390117020,56,115328,912160,7740,34359738367,262932,15872,6656,9216,108,195753396,194780936,972460,28,96372,461576,5804,197382564,196499848,882716,28,18956,450584,1936
2026-08-19T13:56:40.614164,393135960,391280784,390117024,32,115328,912160,7740,34359738367,262932,15872,6656,9216,108,195753396,194780936,972460,16,96372,461576,5804,197382564,196499848,882716,16,18956,450584,1936
2026-08-19T13:56:41.615497,393135960,391280784,390117028,8,115328,912160,7740,34359738367,262932,15872,6656,9216,108,195753396,194780936,972460,4,96372,461576,5804,197382564,196499848,882716,4,18956,450584,1936
2026-08-19T13:56:42.616805,393135960,391280784,390117028,8,115328,912160,7740,34359738367,262932,15872,6656,9216,108,195753396,194780936,972460,4,96372,461576,5804,197382564,196499848,882716,4,18956,450584,1936
2026-08-19T13:56:43.618188,393135960,391280784,390117028,8,115328,912160,7740,34359738367,262932,15872,6656,9216,108,195753396,194780936,972460,4,96372,461576,5804,197382564,196499848,882716,4,18956,450584,1936
2026-08-19T13:56:44.619483,393135960,391280784,390117028,8,115328,912160,7740,34359738367,262932,15872,6656,9216,108,195753396,194780936,972460,4,96372,461576,5804,197382564,196499848,882716,4,18956,450584,1936
2026-08-19T13:56:45.620793,393135960,391280784,390117028,32,115328,912160,7740,34359738367,262932,15872,6656,9216,108,195753396,194780936,972460,20,96372,461576,5804,197382564,196499848,882716,12,18956,450584,1936
2026-08-19T13:56:46.622124,393135960,391280784,390117028,24,115328,912160,7740,34359738367,262932,15872,6656,9216,108,195753396,194780936,972460,16,96372,461576,5804,197382564,196499848,882716,8,18956,450584,1936
2026-08-19T13:56:47.623475,393135960,391281288,390117532,32,115360,912160,7740,34359738367,262932,15872,6656,9216,108,195753396,194780936,972460,20,96404,461576,5804,197382564,196500352,882212,12,18956,450584,1936
2026-08-19T13:56:48.624791,393135960,391281288,390117532,44,115360,912160,7740,34359738367,262932,15872,6656,9216,108,195753396,194780936,972460,20,96404,461576,5804,197382564,196500352,882212,24,18956,450584,1936
2026-08-19T13:56:49.626107,393135960,391281288,390117532,44,115360,912160,7740,34359738367,262932,15872,6656,9216,108,195753396,194780936,972460,20,96404,461576,5804,197382564,196500352,882212,24,18956,450584,1936
2026-08-19T13:56:50.627421,393135960,391281288,390117536,20,115360,912160,7740,34359738367,262932,15872,6656,9216,108,195753396,194780936,972460,4,96404,461576,5804,197382564,196500352,882212,16,18956,450584,1936
2026-08-19T13:56:51.628718,393135960,391281288,390117536,24,115360,912160,7740,34359738367,262932,15872,6656,9216,108,195753396,194780936,972460,4,96404,461576,5804,197382564,196500352,882212,20,18956,450584,1936
2026-08-19T13:56:52.630104,393135960,391281540,390117788,4,115360,912160,7740,34359738367,262932,15872,6656,9216,108,195753396,194780936,972460,0,96404,461576,5804,197382564,196500604,881960,4,18956,450584,1936
2026-08-19T13:56:53.631417,393135960,391281540,390117788,4,115360,912160,7740,34359738367,262932,15872,6656,9216,108,195753396,194780936,972460,0,96404,461576,5804,197382564,196500604,881960,4,18956,450584,1936
2026-08-19T13:56:54.632752,393135960,391281540,390117788,8,115364,912160,7740,34359738367,262932,15872,6656,9216,108,195753396,194780936,972460,4,96408,461576,5804,197382564,196500604,881960,4,18956,450584,1936
2026-08-19T13:56:55.634114,393135960,391281540,390117788,40,115364,912160,7740,34359738367,262932,15872,6656,9216,108,195753396,194780936,972460,20,96408,461576,5804,197382564,196500604,881960,20,18956,450584,1936
2026-08-19T13:56:56.635409,393135960,391281792,390118040,40,115364,912160,7740,34359738367,262932,15872,6656,9216,108,195753396,194780936,972460,20,96408,461576,5804,197382564,196500856,881708,20,18956,450584,1936
2026-08-19T13:56:57.636742,393135960,391281792,390118052,32,115364,912160,7740,34359738367,262932,15872,6656,9216,108,195753396,194780936,972460,16,96408,461576,5804,197382564,196500856,881708,16,18956,450584,1936
2026-08-19T13:56:58.638109,393135960,391282044,390118360,40,115372,912224,7740,34359738367,262932,15872,6656,9216,108,195753396,194780684,972712,20,96416,461640,5804,197382564,196501360,881204,20,18956,450584,1936
2026-08-19T13:56:59.639427,393135960,391282044,390118360,40,115372,912224,7740,34359738367,262932,15872,6656,9216,108,195753396,194780684,972712,20,96416,461640,5804,197382564,196501360,881204,20,18956,450584,1936
2026-08-19T13:57:00.640768,393135960,391282044,390118360,20,115372,912224,7740,34359738367,262932,15872,6656,9216,108,195753396,194780684,972712,4,96416,461640,5804,197382564,196501360,881204,16,18956,450584,1936
2026-08-19T13:57:01.642110,393135960,391282044,390118360,20,115372,912224,7740,34359738367,262932,15872,6656,9216,108,195753396,194780684,972712,4,96416,461640,5804,197382564,196501360,881204,16,18956,450584,1936
2026-08-19T13:57:02.643416,393135960,391282296,390118612,20,115372,912224,7740,34359738367,262932,15872,6656,9216,108,195753396,194780684,972712,4,96416,461640,5804,197382564,196501612,880952,16,18956,450584,1936
2026-08-19T13:57:03.644757,393135960,391282296,390118612,4,115372,912224,7740,34359738367,262932,15872,6656,9216,108,195753396,194780684,972712,0,96416,461640,5804,197382564,196501612,880952,4,18956,450584,1936
2026-08-19T13:57:04.646099,393135960,391282296,390118612,8,115372,912224,7740,34359738367,262932,15872,6656,9216,108,195753396,194780684,972712,4,96416,461640,5804,197382564,196501612,880952,4,18956,450584,1936
2026-08-19T13:57:05.647394,393135960,391282296,390118644,28,115372,912224,7740,34359738367,262932,15872,6656,9216,108,195753396,194780684,972712,16,96416,461640,5804,197382564,196501612,880952,12,18956,450584,1936
2026-08-19T13:57:06.648713,393135960,391282296,390118644,28,115372,912224,7740,34359738367,262932,15872,6656,9216,108,195753396,194780684,972712,16,96416,461640,5804,197382564,196501612,880952,12,18956,450584,1936
2026-08-19T13:57:07.650031,393135960,391282296,390118656,40,115372,912224,7740,34359738367,262932,15872,6656,9216,108,195753396,194780684,972712,28,96416,461640,5804,197382564,196501612,880952,12,18956,450584,1936
2026-08-19T13:57:08.651339,393135960,391282548,390118912,20,115372,912224,7740,34359738367,262932,15872,6656,9216,108,195753396,194780684,972712,12,96416,461640,5804,197382564,196501864,880700,8,18956,450584,1936
2026-08-19T13:57:09.652681,393135960,391282800,390119164,28,115372,912224,7740,34359738367,262932,15872,6656,9216,108,195753396,194780684,972712,16,96416,461640,5804,197382564,196502116,880448,12,18956,450584,1936
2026-08-19T13:57:10.654019,393135960,391282800,390119164,28,115372,912224,7740,34359738367,262932,15872,6656,9216,108,195753396,194780684,972712,20,96416,461640,5804,197382564,196502116,880448,8,18956,450584,1936
2026-08-19T13:57:11.655358,393135960,391282800,390119164,32,115372,912224,7740,34359738367,262932,15872,6656,9216,108,195753396,194780684,972712,24,96416,461640,5804,197382564,196502116,880448,8,18956,450584,1936
2026-08-19T13:57:12.656653,393135960,391282548,390118912,48,115372,912224,7740,34359738367,262932,15872,6656,9216,108,195753396,194780684,972712,24,96416,461640,5804,197382564,196501864,880700,24,18956,450584,1936
2026-08-19T13:57:13.657977,393135960,391282548,390118912,48,115372,912224,7740,34359738367,262932,15872,6656,9216,108,195753396,194780684,972712,24,96416,461640,5804,197382564,196501864,880700,24,18956,450584,1936
2026-08-19T13:57:14.659223,393135960,392066276,390515844,4,113320,110864,6220,34359738367,261892,15872,6656,9216,108,195753396,195181876,571520,0,95396,60960,5296,197382564,196890448,492116,4,17924,49904,924
2026-08-19T13:57:15.659751,393135960,391884664,390419660,72,115352,309204,7740,34359738367,262948,15872,6656,9216,108,195753396,195086376,667020,8,96400,160264,5756,197382564,196798288,584276,64,18952,148944,1984
2026-08-19T13:57:16.660682,393135960,391572940,390265236,72,115364,624252,7740,34359738367,262948,15872,6656,9216,108,195753396,194930640,822756,8,96404,318032,5756,197382564,196642048,740516,64,18960,306724,1984
2026-08-19T13:57:17.661321,393135960,391287172,390122124,84,115368,909492,7740,34359738367,262948,15872,6656,9216,108,195753396,194786496,966900,20,96408,460364,5756,197382564,196500676,881888,64,18960,449128,1984
2026-08-19T13:57:18.662730,393135960,391285156,390121364,84,115368,912064,7740,34359738367,262948,15872,6656,9216,108,195753396,194785992,967404,20,96408,461676,5756,197382564,196499164,883400,64,18960,450388,1984
2026-08-19T13:57:19.664038,393135960,391284904,390121224,84,115400,912280,7740,34359738367,262948,15872,6656,9216,108,195753396,194785992,967404,20,96440,461784,5756,197382564,196498912,883652,64,18960,450496,1984
2026-08-19T13:57:20.665409,393135960,391285408,390121732,4,115400,912280,7740,34359738367,262948,15872,6656,9216,108,195753396,194786244,967152,0,96440,461784,5756,197382564,196499164,883400,4,18960,450496,1984
2026-08-19T13:57:21.666738,393135960,391285468,390121792,8,115400,912280,7740,34359738367,262948,15872,6656,9216,108,195753396,194786304,967092,4,96440,461784,5756,197382564,196499164,883400,4,18960,450496,1984
2026-08-19T13:57:22.668041,393135960,391285468,390121792,8,115400,912280,7740,34359738367,262948,15872,6656,9216,108,195753396,194786304,967092,4,96440,461784,5756,197382564,196499164,883400,4,18960,450496,1984
2026-08-19T13:57:23.669411,393135960,391285512,390121836,8,115400,912280,7740,34359738367,262948,15872,6656,9216,108,195753396,194786304,967092,4,96440,461784,5756,197382564,196499208,883356,4,18960,450496,1984
2026-08-19T13:57:24.670678,393135960,391285512,390121836,20,115400,912280,7740,34359738367,262948,15872,6656,9216,108,195753396,194786304,967092,4,96440,461784,5756,197382564,196499208,883356,16,18960,450496,1984
2026-08-19T13:57:25.672002,393135960,391285512,390121848,32,115400,912280,7740,34359738367,262948,15872,6656,9216,108,195753396,194786304,967092,20,96440,461784,5756,197382564,196499208,883356,12,18960,450496,1984
2026-08-19T13:57:26.673392,393135960,391285512,390121848,36,115400,912280,7740,34359738367,262948,15872,6656,9216,108,195753396,194786304,967092,24,96440,461784,5756,197382564,196499208,883356,12,18960,450496,1984
2026-08-19T13:57:27.674708,393135960,391285512,390121848,36,115400,912280,7740,34359738367,262948,15872,6656,9216,108,195753396,194786304,967092,24,96440,461784,5756,197382564,196499208,883356,12,18960,450496,1984
2026-08-19T13:57:28.676026,393135960,391285512,390121848,36,115400,912280,7740,34359738367,262948,15872,6656,9216,108,195753396,194786304,967092,24,96440,461784,5756,197382564,196499208,883356,12,18960,450496,1984
2026-08-19T13:57:29.677435,393135960,391285512,390121848,48,115400,912280,7740,34359738367,262948,15872,6656,9216,108,195753396,194786304,967092,36,96440,461784,5756,197382564,196499208,883356,12,18960,450496,1984
2026-08-19T13:57:30.678790,393135960,391285764,390122140,0,115400,912280,7740,34359738367,262948,15872,6656,9216,108,195753396,194786304,967092,0,96440,461784,5756,197382564,196499460,883104,0,18960,450496,1984
2026-08-19T13:57:31.680116,393135960,391286016,390122392,4,115400,912280,7740,34359738367,262948,15872,6656,9216,108,195753396,194786304,967092,0,96440,461784,5756,197382564,196499712,882852,4,18960,450496,1984
2026-08-19T13:57:32.681508,393135960,391286016,390122392,8,115400,912280,7740,34359738367,262948,15872,6656,9216,108,195753396,194786304,967092,4,96440,461784,5756,197382564,196499712,882852,4,18960,450496,1984
2026-08-19T13:57:33.682811,393135960,391286016,390122392,8,115400,912280,7740,34359738367,262948,15872,6656,9216,108,195753396,194786304,967092,4,96440,461784,5756,197382564,196499712,882852,4,18960,450496,1984
2026-08-19T13:57:34.684126,393135960,391286016,390122392,12,115400,912280,7740,34359738367,262948,15872,6656,9216,108,195753396,194786304,967092,4,96440,461784,5756,197382564,196499712,882852,8,18960,450496,1984
2026-08-19T13:57:35.685512,393135960,391286016,390122392,48,115400,912280,7740,34359738367,262948,15872,6656,9216,108,195753396,194786304,967092,24,96440,461784,5756,197382564,196499712,882852,24,18960,450496,1984
2026-08-19T13:57:36.686807,393135960,391286016,390122392,52,115400,912280,7740,34359738367,262948,15872,6656,9216,108,195753396,194786304,967092,20,96440,461784,5756,197382564,196499712,882852,32,18960,450496,1984
2026-08-19T13:57:37.688121,393135960,391286016,390122392,56,115400,912280,7740,34359738367,262948,15872,6656,9216,108,195753396,194786304,967092,24,96440,461784,5756,197382564,196499712,882852,32,18960,450496,1984
2026-08-19T13:57:38.689490,393135960,391286016,390122392,56,115400,912280,7740,34359738367,262948,15872,6656,9216,108,195753396,194786304,967092,24,96440,461784,5756,197382564,196499712,882852,32,18960,450496,1984
2026-08-19T13:57:39.690787,393135960,391286016,390122392,68,115400,912280,7740,34359738367,262948,15872,6656,9216,108,195753396,194786304,967092,36,96440,461784,5756,197382564,196499712,882852,32,18960,450496,1984
2026-08-19T13:57:40.692121,393135960,391286268,390122656,52,115400,912280,7740,34359738367,262948,15872,6656,9216,108,195753396,194786304,967092,24,96440,461784,5756,197382564,196499964,882600,28,18960,450496,1984
2026-08-19T13:57:41.693501,393135960,391286268,390122660,24,115400,912280,7740,34359738367,262948,15872,6656,9216,108,195753396,194786304,967092,8,96440,461784,5756,197382564,196499964,882600,16,18960,450496,1984
2026-08-19T13:57:42.694793,393135960,391286268,390122660,28,115400,912280,7740,34359738367,262948,15872,6656,9216,108,195753396,194786304,967092,12,96440,461784,5756,197382564,196499964,882600,16,18960,450496,1984
2026-08-19T13:57:43.696074,393135960,391286268,390122660,28,115400,912280,7740,34359738367,262948,15872,6656,9216,108,195753396,194786304,967092,12,96440,461784,5756,197382564,196499964,882600,16,18960,450496,1984
2026-08-19T13:57:44.697430,393135960,391286268,390122660,28,115400,912280,7740,34359738367,262948,15872,6656,9216,108,195753396,194786304,967092,12,96440,461784,5756,197382564,196499964,882600,16,18960,450496,1984
2026-08-19T13:57:45.698737,393135960,391286268,390122664,8,115400,912280,7740,34359738367,262948,15872,6656,9216,108,195753396,194786304,967092,4,96440,461784,5756,197382564,196499964,882600,4,18960,450496,1984
2026-08-19T13:57:46.700068,393135960,391286268,390122664,0,115400,912280,7740,34359738367,262948,15872,6656,9216,108,195753396,194786304,967092,0,96440,461784,5756,197382564,196499964,882600,0,18960,450496,1984
2026-08-19T13:57:47.701503,393135960,391286268,390122664,20,115400,912280,7740,34359738367,262948,15872,6656,9216,108,195753396,194786304,967092,4,96440,461784,5756,197382564,196499964,882600,16,18960,450496,1984
2026-08-19T13:57:48.702768,393135960,391286268,390122664,20,115400,912280,7740,34359738367,262948,15872,6656,9216,108,195753396,194786304,967092,4,96440,461784,5756,197382564,196499964,882600,16,18960,450496,1984
2026-08-19T13:57:49.704157,393135960,391286268,390122664,24,115400,912280,7740,34359738367,262948,15872,6656,9216,108,195753396,194786304,967092,8,96440,461784,5756,197382564,196499964,882600,16,18960,450496,1984
2026-08-19T13:57:50.705542,393135960,391286268,390122664,44,115400,912280,7740,34359738367,262948,15872,6656,9216,108,195753396,194786304,967092,28,96440,461784,5756,197382564,196499964,882600,16,18960,450496,1984
2026-08-19T13:57:51.706834,393135960,391286048,390122456,44,115432,912280,7740,34359738367,262948,15872,6656,9216,108,195753396,194786052,967344,28,96472,461784,5756,197382564,196499996,882568,16,18960,450496,1984
2026-08-19T13:57:52.708126,393135960,391286048,390122456,12,115432,912280,7740,34359738367,262948,15872,6656,9216,108,195753396,194786052,967344,8,96472,461784,5756,197382564,196499996,882568,4,18960,450496,1984
2026-08-19T13:57:53.709491,393135960,391286048,390122456,16,115432,912280,7740,34359738367,262948,15872,6656,9216,108,195753396,194786052,967344,12,96472,461784,5756,197382564,196499996,882568,4,18960,450496,1984
2026-08-19T13:57:54.710777,393135960,391286048,390122456,16,115436,912280,7740,34359738367,262948,15872,6656,9216,108,195753396,194786052,967344,12,96476,461784,5756,197382564,196499996,882568,4,18960,450496,1984
2026-08-19T13:57:55.712053,393135960,391286048,390122456,52,115436,912280,7740,34359738367,262948,15872,6656,9216,108,195753396,194786052,967344,24,96476,461784,5756,197382564,196499996,882568,28,18960,450496,1984
2026-08-19T13:57:56.713401,393135960,391286300,390122720,12,115436,912280,7740,34359738367,262948,15872,6656,9216,108,195753396,194786052,967344,4,96476,461784,5756,197382564,196500248,882316,8,18960,450496,1984
2026-08-19T13:57:57.714701,393135960,391286300,390122720,4,115436,912280,7740,34359738367,262948,15872,6656,9216,108,195753396,194786052,967344,0,96476,461784,5756,197382564,196500248,882316,4,18960,450496,1984
2026-08-19T13:57:58.716007,393135960,391286300,390122720,8,115436,912280,7740,34359738367,262948,15872,6656,9216,108,195753396,194786052,967344,4,96476,461784,5756,197382564,196500248,882316,4,18960,450496,1984
2026-08-19T13:57:59.717362,393135960,391286300,390122720,20,115436,912280,7740,34359738367,262948,15872,6656,9216,108,195753396,194786052,967344,4,96476,461784,5756,197382564,196500248,882316,16,18960,450496,1984
2026-08-19T13:58:00.718653,393135960,391286048,390122468,40,115436,912280,7740,34359738367,262948,15872,6656,9216,108,195753396,194786052,967344,12,96476,461784,5756,197382564,196499996,882568,28,18960,450496,1984
2026-08-19T13:58:01.719980,393135960,391286048,390122468,52,115436,912280,7740,34359738367,262948,15872,6656,9216,108,195753396,194786052,967344,24,96476,461784,5756,197382564,196499996,882568,28,18960,450496,1984
2026-08-19T13:58:02.721349,393135960,391286048,390122468,52,115436,912280,7740,34359738367,262948,15872,6656,9216,108,195753396,194786052,967344,24,96476,461784,5756,197382564,196499996,882568,28,18960,450496,1984
2026-08-19T13:58:03.722689,393135960,391286048,390122476,24,115436,912280,7740,34359738367,262948,15872,6656,9216,108,195753396,194786052,967344,12,96476,461784,5756,197382564,196499996,882568,12,18960,450496,1984
2026-08-19T13:58:04.723994,393135960,391286048,390122476,28,115436,912280,7740,34359738367,262948,15872,6656,9216,108,195753396,194786052,967344,12,96476,461784,5756,197382564,196499996,882568,16,18960,450496,1984
2026-08-19T13:58:05.725336,393135960,392074696,390517996,64,113760,125224,5312,34359738367,261844,15872,6656,9216,108,195753396,195180072,573324,4,95548,68088,4492,197382564,196894624,487940,60,18212,57136,820
2026-08-19T13:58:06.726762,393135960,391809532,390383960,72,115428,387980,7740,34359738367,262932,15872,6656,9216,108,195753396,195049844,703552,8,96464,199552,5764,197382564,196759688,622876,64,18964,188436,1976
2026-08-19T13:58:07.727315,393135960,391495540,390227292,72,115440,702756,7740,34359738367,262932,15872,6656,9216,108,195753396,194893352,860044,8,96468,356928,5764,197382564,196601936,780628,64,18972,345848,1976
2026-08-19T13:58:08.727965,393135960,391290160,390125424,72,115444,909872,7740,34359738367,262932,15872,6656,9216,108,195753396,194790788,962608,8,96472,460516,5764,197382564,196499372,883192,64,18972,449356,1976
2026-08-19T13:58:09.729401,393135960,391287640,390123992,76,115444,912016,7740,34359738367,262932,15872,6656,9216,108,195753396,194789276,964120,12,96472,461588,5764,197382564,196498364,884200,64,18972,450428,1976
2026-08-19T13:58:10.730662,393135960,391287388,390123800,76,115444,912212,7740,34359738367,262932,15872,6656,9216,108,195753396,194789024,964372,12,96472,461680,5764,197382564,196498364,884200,64,18972,450532,1976
2026-08-19T13:58:11.731971,393135960,391287388,390123844,44,115444,912212,7740,34359738367,262932,15872,6656,9216,108,195753396,194789024,964372,20,96472,461680,5764,197382564,196498364,884200,24,18972,450532,1976
2026-08-19T13:58:12.733376,393135960,391287760,390124216,52,115444,912212,7740,34359738367,262932,15872,6656,9216,108,195753396,194789024,964372,24,96472,461680,5764,197382564,196498736,883828,28,18972,450532,1976
2026-08-19T13:58:13.734659,393135960,391287760,390124216,52,115444,912212,7740,34359738367,262932,15872,6656,9216,108,195753396,194789024,964372,24,96472,461680,5764,197382564,196498736,883828,28,18972,450532,1976
2026-08-19T13:58:14.735955,393135960,391288152,390124608,52,114944,912212,7740,34359738367,262932,15872,6656,9216,108,195753396,194789196,964200,24,96472,461680,5764,197382564,196498956,883608,28,18472,450532,1976
2026-08-19T13:58:15.737336,393135960,391288152,390124608,52,114944,912212,7740,34359738367,262932,15872,6656,9216,108,195753396,194789196,964200,24,96472,461680,5764,197382564,196498956,883608,28,18472,450532,1976
2026-08-19T13:58:16.738637,393135960,391288432,390124900,32,114172,912212,7740,34359738367,262932,15872,6656,9216,108,195753396,194789476,963920,20,96100,461680,5764,197382564,196498956,883608,12,18072,450532,1976
2026-08-19T13:58:17.739989,393135960,391288432,390124900,44,114172,912212,7740,34359738367,262932,15872,6656,9216,108,195753396,194789476,963920,24,96100,461680,5764,197382564,196498956,883608,20,18072,450532,1976
2026-08-19T13:58:18.741390,393135960,391288432,390124900,44,114172,912212,7740,34359738367,262932,15872,6656,9216,108,195753396,194789476,963920,24,96100,461680,5764,197382564,196498956,883608,20,18072,450532,1976
2026-08-19T13:58:19.742731,393135960,391288440,390124908,44,114172,912212,7740,34359738367,262932,15872,6656,9216,108,195753396,194789484,963912,24,96100,461680,5764,197382564,196498956,883608,20,18072,450532,1976
2026-08-19T13:58:20.744086,393135960,391288440,390124908,44,114172,912212,7740,34359738367,262932,15872,6656,9216,108,195753396,194789484,963912,24,96100,461680,5764,197382564,196498956,883608,20,18072,450532,1976
2026-08-19T13:58:21.745499,393135960,391288440,390124908,44,114172,912212,7740,34359738367,262932,15872,6656,9216,108,195753396,194789484,963912,24,96100,461680,5764,197382564,196498956,883608,20,18072,450532,1976
2026-08-19T13:58:22.746851,393135960,391288440,390124924,16,114172,912212,7740,34359738367,262932,15872,6656,9216,108,195753396,194789484,963912,12,96100,461680,5764,197382564,196498956,883608,4,18072,450532,1976
2026-08-19T13:58:23.748192,393135960,391288440,390124944,32,114204,912212,7740,34359738367,262932,15872,6656,9216,108,195753396,194789484,963912,12,96132,461680,5764,197382564,196498956,883608,20,18072,450532,1976
2026-08-19T13:58:24.749597,393135960,391288440,390124944,32,114204,912212,7740,34359738367,262932,15872,6656,9216,108,195753396,194789484,963912,12,96132,461680,5764,197382564,196498956,883608,20,18072,450532,1976
2026-08-19T13:58:25.750920,393135960,391288444,390124948,32,114204,912216,7740,34359738367,262932,15872,6656,9216,108,195753396,194789488,963908,12,96132,461684,5764,197382564,196498956,883608,20,18072,450532,1976
2026-08-19T13:58:26.752264,393135960,391288696,390125204,52,114204,912216,7740,34359738367,262932,15872,6656,9216,108,195753396,194789488,963908,16,96132,461684,5764,197382564,196499208,883356,36,18072,450532,1976
2026-08-19T13:58:27.753686,393135960,391288696,390125208,36,114204,912216,7740,34359738367,262932,15872,6656,9216,108,195753396,194789488,963908,12,96132,461684,5764,197382564,196499208,883356,24,18072,450532,1976
2026-08-19T13:58:28.755021,393135960,391288696,390125208,44,114204,912216,7740,34359738367,262932,15872,6656,9216,108,195753396,194789488,963908,20,96132,461684,5764,197382564,196499208,883356,24,18072,450532,1976
2026-08-19T13:58:29.756319,393135960,391288696,390125208,44,114204,912216,7740,34359738367,262932,15872,6656,9216,108,195753396,194789488,963908,20,96132,461684,5764,197382564,196499208,883356,24,18072,450532,1976
2026-08-19T13:58:30.757709,393135960,391288696,390125208,44,114204,912216,7740,34359738367,262932,15872,6656,9216,108,195753396,194789488,963908,20,96132,461684,5764,197382564,196499208,883356,24,18072,450532,1976
2026-08-19T13:58:31.758965,393135960,391288696,390125208,44,114204,912216,7740,34359738367,262932,15872,6656,9216,108,195753396,194789488,963908,20,96132,461684,5764,197382564,196499208,883356,24,18072,450532,1976
2026-08-19T13:58:32.760284,393135960,391288696,390125216,12,114204,912216,7740,34359738367,262932,15872,6656,9216,108,195753396,194789488,963908,8,96132,461684,5764,197382564,196499208,883356,4,18072,450532,1976
2026-08-19T13:58:33.761655,393135960,391288696,390125216,4,114204,912216,7740,34359738367,262932,15872,6656,9216,108,195753396,194789488,963908,4,96132,461684,5764,197382564,196499208,883356,0,18072,450532,1976
2026-08-19T13:58:34.762953,393135960,391288956,390125476,20,114204,912216,7740,34359738367,262932,15872,6656,9216,108,195753396,194789488,963908,4,96132,461684,5764,197382564,196499468,883096,16,18072,450532,1976
2026-08-19T13:58:35.764268,393135960,391288956,390125476,20,114204,912216,7740,34359738367,262932,15872,6656,9216,108,195753396,194789488,963908,4,96132,461684,5764,197382564,196499468,883096,16,18072,450532,1976
2026-08-19T13:58:36.765650,393135960,391288956,390125476,20,114204,912216,7740,34359738367,262932,15872,6656,9216,108,195753396,194789488,963908,4,96132,461684,5764,197382564,196499468,883096,16,18072,450532,1976
2026-08-19T13:58:37.766946,393135960,391288956,390125476,52,114204,912216,7740,34359738367,262932,15872,6656,9216,108,195753396,194789488,963908,20,96132,461684,5764,197382564,196499468,883096,32,18072,450532,1976
2026-08-19T13:58:38.768278,393135960,391288956,390125476,32,114204,912216,7740,34359738367,262932,15872,6656,9216,108,195753396,194789488,963908,16,96132,461684,5764,197382564,196499468,883096,16,18072,450532,1976
2026-08-19T13:58:39.769677,393135960,391288956,390125476,44,114204,912216,7740,34359738367,262932,15872,6656,9216,108,195753396,194789488,963908,20,96132,461684,5764,197382564,196499468,883096,24,18072,450532,1976
2026-08-19T13:58:40.770970,393135960,391288956,390125476,44,114204,912216,7740,34359738367,262932,15872,6656,9216,108,195753396,194789488,963908,20,96132,461684,5764,197382564,196499468,883096,24,18072,450532,1976
2026-08-19T13:58:41.772287,393135960,391288956,390125476,44,114204,912216,7740,34359738367,262932,15872,6656,9216,108,195753396,194789488,963908,20,96132,461684,5764,197382564,196499468,883096,24,18072,450532,1976
2026-08-19T13:58:42.773693,393135960,391288956,390125492,12,114204,912216,7740,34359738367,262932,15872,6656,9216,108,195753396,194789488,963908,4,96132,461684,5764,197382564,196499468,883096,8,18072,450532,1976
2026-08-19T13:58:43.775020,393135960,391288956,390125492,40,114204,912216,7740,34359738367,262916,15872,6656,9216,108,195753396,194789488,963908,32,96132,461684,5764,197382564,196499468,883096,8,18072,450532,1976
2026-08-19T13:58:44.776356,393135960,391288956,390125516,24,114204,912216,7740,34359738367,261620,15872,6656,9216,108,195753396,194789488,963908,20,96132,461684,5764,197382564,196499468,883096,4,18072,450532,1976
2026-08-19T13:58:45.777764,393135960,391295724,390132284,24,114204,912216,7740,34359738367,261588,15872,6656,9216,108,195753396,194792968,960428,20,96132,461684,5764,197382564,196502756,879808,4,18072,450532,1976
2026-08-19T13:58:46.779132,393135960,391300260,390136820,36,114204,912216,7740,34359738367,261588,15872,6656,9216,108,195753396,194795236,958160,20,96132,461684,5764,197382564,196505024,877540,16,18072,450532,1976
2026-08-19T13:58:47.780521,393135960,391300260,390136820,40,114204,912216,7740,34359738367,261588,15872,6656,9216,108,195753396,194795236,958160,24,96132,461684,5764,197382564,196505024,877540,16,18072,450532,1976
2026-08-19T13:58:48.781856,393135960,391300516,390137076,40,114204,912216,7740,34359738367,261588,15872,6656,9216,108,195753396,194795236,958160,24,96132,461684,5764,197382564,196505280,877284,16,18072,450532,1976
2026-08-19T13:58:49.783197,393135960,391300016,390136608,36,114204,912216,7740,34359738367,261588,15872,6656,9216,108,195753396,194795236,958160,16,96132,461684,5764,197382564,196504780,877784,20,18072,450532,1976
2026-08-19T13:58:50.784539,393135960,391300016,390136608,40,114204,912216,7740,34359738367,261588,15872,6656,9216,108,195753396,194795236,958160,16,96132,461684,5764,197382564,196504780,877784,24,18072,450532,1976
2026-08-19T13:58:51.785908,393135960,391300016,390136608,40,114204,912216,7740,34359738367,261588,15872,6656,9216,108,195753396,194795236,958160,16,96132,461684,5764,197382564,196504780,877784,24,18072,450532,1976
2026-08-19T13:58:52.787227,393135960,391300016,390136608,40,114204,912216,7740,34359738367,261588,15872,6656,9216,108,195753396,194795236,958160,16,96132,461684,5764,197382564,196504780,877784,24,18072,450532,1976
2026-08-19T13:58:53.788545,393135960,391300016,390136608,40,114204,912216,7740,34359738367,261588,15872,6656,9216,108,195753396,194795236,958160,16,96132,461684,5764,197382564,196504780,877784,24,18072,450532,1976
2026-08-19T13:58:54.789918,393135960,391300016,390136612,4,114204,912216,7740,34359738367,261588,15872,6656,9216,108,195753396,194795236,958160,4,96132,461684,5764,197382564,196504780,877784,0,18072,450532,1976
2026-08-19T13:58:55.791209,393135960,391300320,390136916,8,114208,912216,7740,34359738367,261588,15872,6656,9216,108,195753396,194795236,958160,4,96136,461684,5764,197382564,196505084,877480,4,18072,450532,1976
2026-08-19T13:58:56.792504,393135960,391853384,390407380,216792,113012,125232,5568,34359738367,260532,15872,6656,9216,108,195753396,195071132,682264,108368,95584,68096,4748,197382564,196782252,600312,108424,17428,57136,820
2026-08-19T13:58:57.794130,393135960,390629416,390085312,1404220,113020,125232,5572,34359738367,260532,15872,6656,9216,108,195753396,194459036,1294360,702084,95588,68096,4752,197382564,196170380,1212184,702136,17432,57136,820
2026-08-19T13:58:58.795373,393135960,389403208,390066200,2593048,112904,125492,5688,34359738367,260532,15872,6656,9216,108,195753396,193845680,1907716,1297052,95480,68240,4796,197382564,195557024,1825540,1297004,17424,57252,892
2026-08-19T13:58:59.796578,393135960,388177756,390045660,3781556,112904,125492,5688,34359738367,260532,15872,6656,9216,108,195753396,193233052,2520344,1891328,95480,68240,4796,197382564,194943696,2438868,1891236,17424,57252,892
2026-08-19T13:59:00.797781,393135960,387752132,390038956,3972180,112904,125492,5688,34359738367,260484,15872,6656,9216,108,195753396,193020708,2732688,1986164,95480,68240,4796,197382564,194731424,2651140,1986016,17424,57252,892
2026-08-19T13:59:01.798947,393135960,387752420,390039244,3587372,112904,125492,5688,34359738367,260340,15872,6656,9216,108,195753396,193020960,2732436,1793736,95480,68240,4796,197382564,194731460,2651104,1793636,17424,57252,892
2026-08-19T13:59:02.800121,393135960,387752672,390039496,3203380,112904,125492,5688,34359738367,260340,15872,6656,9216,108,195753396,193020960,2732436,1601224,95480,68240,4796,197382564,194731712,2650852,1600644,17424,57252,892
2026-08-19T13:59:03.801322,393135960,387754392,390041216,2806000,112904,125492,5688,34359738367,260340,15872,6656,9216,108,195753396,193021740,2731656,1403036,95480,68240,4796,197382564,194732652,2649912,1402964,17424,57252,892
2026-08-19T13:59:04.802457,393135960,387754896,390041720,2422124,112904,125492,5688,34359738367,260340,15872,6656,9216,108,195753396,193021740,2731656,1211104,95480,68240,4796,197382564,194733156,2649408,1211020,17424,57252,892
2026-08-19T13:59:05.803618,393135960,387754896,390041720,2047228,112904,125492,5688,34359738367,260324,15872,6656,9216,108,195753396,193021740,2731656,1023652,95480,68240,4796,197382564,194733156,2649408,1023576,17424,57252,892
2026-08-19T13:59:06.804752,393135960,387755152,390041976,1657088,112904,125492,5688,34359738367,260324,15872,6656,9216,108,195753396,193021740,2731656,828060,95480,68240,4796,197382564,194733412,2649152,827516,17424,57252,892
2026-08-19T13:59:07.805936,393135960,387754652,390041476,1262736,112904,125492,5688,34359738367,260324,15872,6656,9216,108,195753396,193021740,2731656,631420,95480,68240,4796,197382564,194732912,2649652,631316,17424,57252,892
2026-08-19T13:59:08.807082,393135960,387755156,390041980,876656,112904,125492,5688,34359738367,260324,15872,6656,9216,108,195753396,193021992,2731404,437836,95480,68240,4796,197382564,194733164,2649400,437812,17424,57252,892
2026-08-19T13:59:09.808232,393135960,387755396,390042220,479116,112904,125492,5688,34359738367,260324,15872,6656,9216,108,195753396,193021992,2731404,239572,95480,68240,4796,197382564,194733404,2649160,239544,17424,57252,892
2026-08-19T13:59:10.809430,393135960,387755396,390042220,82468,112904,125492,5688,34359738367,260324,15872,6656,9216,108,195753396,193021992,2731404,40996,95480,68240,4796,197382564,194733404,2649160,40968,17424,57252,892
2026-08-19T13:59:11.810772,393135960,391469608,389978692,68,113224,125752,5948,34359738367,261332,15872,6656,9216,108,195753396,194839996,913400,36,95668,68368,4924,197382564,196633648,748916,32,17556,57384,1024
2026-08-19T13:59:12.811333,393135960,391534912,390134568,48,114208,429992,14412,34359738367,261332,15872,6656,9216,108,195753396,194884756,868640,20,95928,220408,9216,197382564,196649904,732660,28,18280,209648,5196
2026-08-19T13:59:13.812010,393135960,391406896,390160580,48,114208,738124,14412,34359738367,261332,15872,6656,9216,108,195753396,194830828,922568,20,95904,374448,9216,197382564,196576068,806496,28,18304,363684,5196
2026-08-19T13:59:14.812680,393135960,391192948,390152592,48,114212,1047708,14412,34359738367,261332,15872,6656,9216,108,195753396,194716924,1036472,20,95908,529960,9216,197382564,196475268,907296,28,18304,519156,5196
2026-08-19T13:59:15.813284,393135960,390893572,390164644,48,114212,1359936,14412,34359738367,261332,15872,6656,9216,108,195753396,194568496,1184900,20,95908,685120,9216,197382564,196325076,1057488,28,18304,674848,5196
2026-08-19T13:59:16.813876,393135960,390598228,390177492,56,114212,1667856,14412,34359738367,261316,15872,6656,9216,108,195753396,194421328,1332068,28,95912,839280,9216,197382564,196176900,1205664,28,18300,828576,5196
2026-08-19T13:59:17.815242,393135960,390286504,390177700,68,114212,1979908,14412,34359738367,261316,15872,6656,9216,108,195753396,194264836,1488560,40,95912,995344,9216,197382564,196021668,1360896,28,18300,984576,5196
2026-08-19T13:59:18.816587,393135960,389974528,390176500,68,114212,2290696,14412,34359738367,261316,15872,6656,9216,108,195753396,194108344,1645052,40,95912,1151024,9216,197382564,195865680,1516884,28,18300,1140368,5196
2026-08-19T13:59:19.817485,393135960,389664820,390177624,68,114212,2601400,14412,34359738367,261316,15872,6656,9216,108,195753396,193954372,1799024,40,95912,1306072,9216,197382564,195710448,1672116,28,18300,1295352,5196
2026-08-19T13:59:20.818110,393135960,389356624,390177856,68,114212,2909908,14412,34359738367,261316,15872,6656,9216,108,195753396,193800400,1952996,40,95912,1460276,9216,197382564,195556224,1826340,28,18300,1449636,5196
2026-08-19T13:59:21.819232,393135960,389046664,390176636,68,114212,3218788,14412,34359738367,261316,15872,6656,9216,108,195753396,193645168,2108228,40,95912,1614808,9216,197382564,195401496,1981068,28,18300,1603984,5196
2026-08-19T13:59:22.819908,393135960,388735948,390176392,64,114212,3529108,14412,34359738367,261316,15872,6656,9216,108,195753396,193489936,2263460,28,95912,1769972,9216,197382564,195245760,2136804,36,18300,1759192,5196
2026-08-19T13:59:23.820472,393135960,388430524,390176348,68,114212,3834428,14412,34359738367,261316,15872,6656,9216,108,195753396,193337476,2415920,28,95912,1922616,9216,197382564,195093048,2289516,40,18300,1911816,5196
2026-08-19T13:59:24.821071,393135960,388120564,390176684,72,114212,4144800,14412,34359738367,261316,15872,6656,9216,108,195753396,193182496,2570900,32,95912,2077792,9216,197382564,194938068,2444496,40,18300,2067060,5196
2026-08-19T13:59:25.821700,393135960,387950212,390177612,72,114212,4316396,14412,34359738367,261316,15872,6656,9216,108,195753396,193097320,2656076,32,95912,2163584,9216,197382564,194852892,2529672,40,18300,2152812,5196
2026-08-19T13:59:26.823142,393135960,387946432,390177192,72,114212,4319776,14412,34359738367,261316,15872,6656,9216,108,195753396,193095808,2657588,32,95912,2165276,9216,197382564,194850624,2531940,40,18300,2154500,5196
2026-08-19T13:59:27.824569,393135960,387946432,390177496,56,114216,4320056,14412,34359738367,261316,15872,6656,9216,108,195753396,193095808,2657588,28,95916,2165420,9216,197382564,194850624,2531940,28,18300,2154636,5196
2026-08-19T13:59:28.825994,393135960,387947692,390178812,72,114216,4320056,14412,34359738367,261316,15872,6656,9216,108,195753396,193096564,2656832,40,95916,2165420,9216,197382564,194851128,2531436,32,18300,2154636,5196
2026-08-19T13:59:29.827363,393135960,387948196,390179316,72,114216,4320056,14412,34359738367,261316,15872,6656,9216,108,195753396,193096564,2656832,40,95916,2165420,9216,197382564,194851632,2530932,32,18300,2154636,5196
2026-08-19T13:59:30.828713,393135960,387948196,390179316,72,114216,4320056,14412,34359738367,261316,15872,6656,9216,108,195753396,193096564,2656832,40,95916,2165420,9216,197382564,194851632,2530932,32,18300,2154636,5196
2026-08-19T13:59:31.830081,393135960,387948196,390179316,72,114216,4320056,14412,34359738367,261316,15872,6656,9216,108,195753396,193096564,2656832,40,95916,2165420,9216,197382564,194851632,2530932,32,18300,2154636,5196
2026-08-19T13:59:32.831398,393135960,387948196,390179356,60,114216,4320056,14412,34359738367,261316,15872,6656,9216,108,195753396,193096564,2656832,44,95916,2165420,9216,197382564,194851632,2530932,16,18300,2154636,5196
2026-08-19T13:59:33.832689,393135960,387948196,390179356,72,114216,4320056,14412,34359738367,261316,15872,6656,9216,108,195753396,193096564,2656832,44,95916,2165420,9216,197382564,194851632,2530932,28,18300,2154636,5196
2026-08-19T13:59:34.834018,393135960,387948428,390179588,72,114216,4320056,14412,34359738367,261316,15872,6656,9216,108,195753396,193096796,2656600,44,95916,2165420,9216,197382564,194851632,2530932,28,18300,2154636,5196
2026-08-19T13:59:35.835300,393135960,387948428,390179608,72,114216,4320056,14412,34359738367,261316,15872,6656,9216,108,195753396,193096796,2656600,44,95892,2165420,9216,197382564,194851632,2530932,28,18324,2154636,5196
2026-08-19T13:59:36.836590,393135960,387948428,390179712,72,114216,4320056,14412,34359738367,261316,15872,6656,9216,108,195753396,193096796,2656600,44,95836,2165420,9216,197382564,194851632,2530932,28,18380,2154636,5196
2026-08-19T13:59:37.837920,393135960,387948428,390179712,48,114216,4320056,14412,34359738367,261316,15872,6656,9216,108,195753396,193096796,2656600,32,95832,2165420,9216,197382564,194851632,2530932,16,18384,2154636,5196
2026-08-19T13:59:38.839207,393135960,387948428,390179712,32,114216,4320056,14412,34359738367,261316,15872,6656,9216,108,195753396,193096796,2656600,16,95832,2165420,9216,197382564,194851632,2530932,16,18384,2154636,5196
2026-08-19T13:59:39.840480,393135960,387948680,390179964,32,114216,4320056,14412,34359738367,261316,15872,6656,9216,108,195753396,193096796,2656600,16,95832,2165420,9216,197382564,194851884,2530680,16,18384,2154636,5196
2026-08-19T13:59:40.841773,393135960,387948932,390180216,32,114216,4320056,14412,34359738367,261316,15872,6656,9216,108,195753396,193096796,2656600,16,95832,2165420,9216,197382564,194852136,2530428,16,18384,2154636,5196
2026-08-19T13:59:41.843072,393135960,387948932,390180216,32,114216,4320056,14412,34359738367,261268,15872,6656,9216,108,195753396,193096796,2656600,16,95832,2165420,9216,197382564,194852136,2530428,16,18384,2154636,5196
2026-08-19T13:59:42.844368,393135960,387948932,390180216,56,114216,4320056,14412,34359738367,261268,15872,6656,9216,108,195753396,193096796,2656600,32,95832,2165420,9216,197382564,194852136,2530428,24,18384,2154636,5196
2026-08-19T13:59:43.845706,393135960,387949436,390180728,28,114216,4320056,14412,34359738367,261268,15872,6656,9216,108,195753396,193097048,2656348,16,95832,2165420,9216,197382564,194852388,2530176,12,18384,2154636,5196
2026-08-19T13:59:44.846958,393135960,387949436,390180728,32,114216,4320056,14412,34359738367,261268,15872,6656,9216,108,195753396,193097048,2656348,16,95832,2165420,9216,197382564,194852388,2530176,16,18384,2154636,5196
2026-08-19T13:59:45.848244,393135960,387949528,390180820,44,114216,4320056,14412,34359738367,261268,15872,6656,9216,108,195753396,193097140,2656256,16,95832,2165420,9216,197382564,194852388,2530176,28,18384,2154636,5196
2026-08-19T13:59:46.849598,393135960,387949528,390180820,44,114216,4320056,14412,34359738367,261268,15872,6656,9216,108,195753396,193097140,2656256,16,95832,2165420,9216,197382564,194852388,2530176,28,18384,2154636,5196
2026-08-19T13:59:47.850884,393135960,387949528,390180844,60,114216,4320056,14412,34359738367,261268,15872,6656,9216,108,195753396,193097140,2656256,24,95832,2165420,9216,197382564,194852388,2530176,36,18384,2154636,5196
2026-08-19T13:59:48.852166,393135960,387949528,390180884,40,114216,4320056,14412,34359738367,261268,15872,6656,9216,108,195753396,193097140,2656256,20,95832,2165420,9216,197382564,194852388,2530176,20,18384,2154636,5196
2026-08-19T13:59:49.853529,393135960,387949276,390180632,56,114216,4320056,14412,34359738367,261268,15872,6656,9216,108,195753396,193096888,2656508,36,95832,2165420,9216,197382564,194852388,2530176,20,18384,2154636,5196
2026-08-19T13:59:50.854812,393135960,387949528,390180884,56,114216,4320056,14412,34359738367,261268,15872,6656,9216,108,195753396,193096888,2656508,36,95832,2165420,9216,197382564,194852640,2529924,20,18384,2154636,5196
2026-08-19T13:59:51.856116,393135960,387949552,390180908,56,114216,4320056,14412,34359738367,261268,15872,6656,9216,108,195753396,193096888,2656508,36,95832,2165420,9216,197382564,194852664,2529900,20,18384,2154636,5196
2026-08-19T13:59:52.857445,393135960,387949552,390180908,20,114216,4320056,14412,34359738367,261268,15872,6656,9216,108,195753396,193096888,2656508,16,95832,2165420,9216,197382564,194852664,2529900,4,18384,2154636,5196
2026-08-19T13:59:53.858728,393135960,387949552,390180920,0,114216,4320056,14412,34359738367,261268,15872,6656,9216,108,195753396,193096888,2656508,0,95832,2165420,9216,197382564,194852664,2529900,0,18384,2154636,5196
2026-08-19T13:59:54.860020,393135960,387949552,390180920,8,114216,4320056,14412,34359738367,261268,15872,6656,9216,108,195753396,193096888,2656508,4,95832,2165420,9216,197382564,194852664,2529900,4,18384,2154636,5196
2026-08-19T13:59:55.861375,393135960,387949804,390181172,8,114216,4320056,14412,34359738367,261268,15872,6656,9216,108,195753396,193096888,2656508,4,95832,2165420,9216,197382564,194852916,2529648,4,18384,2154636,5196
2026-08-19T13:59:56.862645,393135960,387949804,390181172,8,114216,4320056,14412,34359738367,261268,15872,6656,9216,108,195753396,193096888,2656508,4,95832,2165420,9216,197382564,194852916,2529648,4,18384,2154636,5196
2026-08-19T13:59:57.863917,393135960,387949804,390181172,40,114216,4320056,14412,34359738367,261268,15872,6656,9216,108,195753396,193096888,2656508,16,95832,2165420,9216,197382564,194852916,2529648,24,18384,2154636,5196
2026-08-19T13:59:58.865264,393135960,387949804,390181172,40,114216,4320056,14412,34359738367,261268,15872,6656,9216,108,195753396,193096888,2656508,16,95832,2165420,9216,197382564,194852916,2529648,24,18384,2154636,5196
2026-08-19T13:59:59.866533,393135960,387949804,390181176,24,114216,4320056,14412,34359738367,261268,15872,6656,9216,108,195753396,193096888,2656508,12,95832,2165420,9216,197382564,194852916,2529648,12,18384,2154636,5196
2026-08-19T14:00:00.867825,393135960,387949804,390181176,28,114216,4320056,14412,34359738367,261268,15872,6656,9216,108,195753396,193096888,2656508,16,95832,2165420,9216,197382564,194852916,2529648,12,18384,2154636,5196
2026-08-19T14:00:01.869129,393135960,388010660,390200204,32,112188,110648,6340,34359738367,260260,15872,6656,9216,108,195753396,193130168,2623228,20,94816,60716,5180,197382564,194880492,2502072,12,17372,49932,1160
2026-08-19T14:00:02.869640,393135960,392150012,390594176,72,112436,125264,5580,34359738367,261940,15872,6656,9216,108,195753396,195192412,560984,8,94956,67884,4740,197382564,196957600,424964,64,17480,57380,840
2026-08-19T14:00:03.870243,393135960,391864560,390450740,72,114196,402896,14416,34359738367,261284,15872,6656,9216,108,195753396,195053460,699936,8,95796,206848,9240,197382564,196811100,571464,64,18400,196068,5176
2026-08-19T14:00:04.871571,393135960,391555356,390294848,72,114208,709204,14416,34359738367,261284,15872,6656,9216,108,195753396,194898480,854916,8,95800,359956,9240,197382564,196656876,725688,64,18408,349268,5176
2026-08-19T14:00:05.872181,393135960,391242624,390178800,72,114212,1024164,14416,34359738367,261284,15872,6656,9216,108,195753396,194740980,1012416,8,95804,517448,9240,197382564,196501644,880920,64,18408,506732,5176
2026-08-19T14:00:06.872729,393135960,390931152,390178400,76,114212,1335040,14416,34359738367,261284,15872,6656,9216,108,195753396,194585496,1167900,8,95804,673288,9240,197382564,196345152,1037412,68,18408,662604,5176
2026-08-19T14:00:07.873299,393135960,390623712,390176536,8,114212,1640540,14416,34359738367,261284,15872,6656,9216,108,195753396,194432784,1320612,0,95804,825624,9240,197382564,196190928,1191636,8,18408,814980,5176
2026-08-19T14:00:08.874447,393135960,390314760,390177792,8,114212,1950472,14416,34359738367,261284,15872,6656,9216,108,195753396,194277552,1475844,4,95804,980580,9240,197382564,196036956,1345608,4,18408,969908,5176
2026-08-19T14:00:09.875048,393135960,390005556,390177860,20,114212,2259712,14416,34359738367,261284,15872,6656,9216,108,195753396,194123328,1630068,4,95804,1135256,9240,197382564,195882228,1500336,16,18408,1124476,5176
2026-08-19T14:00:10.875621,393135960,389698872,390178680,32,114212,2567300,14416,34359738367,261284,15872,6656,9216,108,195753396,193969860,1783536,4,95804,1289080,9240,197382564,195729012,1653552,28,18408,1278356,5176
2026-08-19T14:00:11.876244,393135960,389388408,390178292,32,114212,2877352,14416,34359738367,261284,15872,6656,9216,108,195753396,193814880,1938516,4,95804,1444056,9240,197382564,195573528,1809036,28,18408,1433340,5176
2026-08-19T14:00:12.876848,393135960,389077188,390177372,20,114212,3187820,14416,34359738367,261284,15872,6656,9216,108,195753396,193659900,2093496,12,95804,1599288,9240,197382564,195417288,1965276,8,18408,1588584,5176
2026-08-19T14:00:13.877403,393135960,388770756,390177916,28,114212,3494556,14416,34359738367,261284,15872,6656,9216,108,195753396,193506180,2247216,16,95804,1752640,9240,197382564,195264576,2117988,12,18408,1741944,5176
2026-08-19T14:00:14.877957,393135960,388461300,390178340,28,114304,3804432,14432,34359738367,261284,15872,6656,9216,108,195753396,193350696,2402700,16,95872,1907808,9244,197382564,195110604,2271960,12,18432,1896636,5188
2026-08-19T14:00:15.878509,393135960,388154868,390177432,28,114304,4109840,14432,34359738367,261284,15872,6656,9216,108,195753396,193198740,2554656,16,95872,2060264,9244,197382564,194956128,2426436,12,18432,2049588,5188
2026-08-19T14:00:16.879154,393135960,387952020,390178580,28,114304,4315328,14432,34359738367,261284,15872,6656,9216,108,195753396,193096188,2657208,16,95872,2163032,9244,197382564,194855832,2526732,12,18432,2152296,5188
2026-08-19T14:00:17.880614,393135960,387947232,390178184,44,114304,4320012,14432,34359738367,261284,15872,6656,9216,108,195753396,193094424,2658972,20,95872,2165368,9244,197382564,194852808,2529756,24,18432,2154644,5188
2026-08-19T14:00:18.882067,393135960,387946980,390178072,4,114304,4320064,14432,34359738367,261284,15872,6656,9216,108,195753396,193094172,2659224,0,95872,2165396,9244,197382564,194852808,2529756,4,18432,2154668,5188
2026-08-19T14:00:19.883451,393135960,387949264,390180356,8,114304,4320064,14432,34359738367,261284,15872,6656,9216,108,195753396,193094676,2658720,4,95872,2165396,9244,197382564,194854588,2527976,4,18432,2154668,5188
2026-08-19T14:00:20.884899,393135960,387949516,390180608,12,114304,4320064,14432,34359738367,261284,15872,6656,9216,108,195753396,193094928,2658468,8,95872,2165396,9244,197382564,194854588,2527976,4,18432,2154668,5188
2026-08-19T14:00:21.886260,393135960,387949768,390180860,36,114304,4320064,14432,34359738367,261284,15872,6656,9216,108,195753396,193094928,2658468,16,95872,2165396,9244,197382564,194854840,2527724,20,18432,2154668,5188
2026-08-19T14:00:22.887595,393135960,387949768,390180860,44,114304,4320064,14432,34359738367,261284,15872,6656,9216,108,195753396,193094928,2658468,24,95872,2165396,9244,197382564,194854840,2527724,20,18432,2154668,5188
2026-08-19T14:00:23.889004,393135960,387949768,390180896,8,114304,4320064,14432,34359738367,261284,15872,6656,9216,108,195753396,193094928,2658468,8,95872,2165396,9244,197382564,194854840,2527724,0,18432,2154668,5188
2026-08-19T14:00:24.890327,393135960,387949768,390180896,16,114304,4320064,14432,34359738367,261284,15872,6656,9216,108,195753396,193094928,2658468,12,95872,2165396,9244,197382564,194854840,2527724,4,18432,2154668,5188
2026-08-19T14:00:25.891650,393135960,387950020,390181148,16,114304,4320064,14432,34359738367,261284,15872,6656,9216,108,195753396,193094928,2658468,12,95872,2165396,9244,197382564,194855092,2527472,4,18432,2154668,5188
2026-08-19T14:00:26.892996,393135960,387950272,390181400,16,114304,4320064,14432,34359738367,261284,15872,6656,9216,108,195753396,193095180,2658216,12,95872,2165396,9244,197382564,194855092,2527472,4,18432,2154668,5188
2026-08-19T14:00:27.894307,393135960,387950272,390181412,12,114304,4320064,14432,34359738367,261284,15872,6656,9216,108,195753396,193095180,2658216,4,95872,2165396,9244,197382564,194855092,2527472,8,18432,2154668,5188
2026-08-19T14:00:28.895624,393135960,387950272,390181412,12,114304,4320064,14432,34359738367,261284,15872,6656,9216,108,195753396,193095180,2658216,4,95872,2165396,9244,197382564,194855092,2527472,8,18432,2154668,5188
2026-08-19T14:00:29.896886,393135960,387950272,390181424,4,114304,4320064,14432,34359738367,261284,15872,6656,9216,108,195753396,193095180,2658216,0,95872,2165396,9244,197382564,194855092,2527472,4,18432,2154668,5188
2026-08-19T14:00:30.898182,393135960,387950272,390181424,8,114304,4320064,14432,34359738367,261284,15872,6656,9216,108,195753396,193095180,2658216,4,95872,2165396,9244,197382564,194855092,2527472,4,18432,2154668,5188
2026-08-19T14:00:31.899484,393135960,387950548,390181700,8,114304,4320064,14432,34359738367,261284,15872,6656,9216,108,195753396,193095456,2657940,4,95872,2165396,9244,197382564,194855092,2527472,4,18432,2154668,5188
2026-08-19T14:00:32.900771,393135960,387950804,390181956,52,114304,4320064,14432,34359738367,261284,15872,6656,9216,108,195753396,193095456,2657940,28,95872,2165396,9244,197382564,194855348,2527216,24,18432,2154668,5188
2026-08-19T14:00:33.902098,393135960,387951056,390182208,52,114304,4320064,14432,34359738367,261284,15872,6656,9216,108,195753396,193095456,2657940,28,95872,2165396,9244,197382564,194855600,2526964,24,18432,2154668,5188
2026-08-19T14:00:34.903400,393135960,387951056,390182208,52,114304,4320064,14432,34359738367,261284,15872,6656,9216,108,195753396,193095456,2657940,28,95872,2165396,9244,197382564,194855600,2526964,24,18432,2154668,5188
2026-08-19T14:00:35.904697,393135960,387951056,390182224,24,114304,4320064,14432,34359738367,261284,15872,6656,9216,108,195753396,193095456,2657940,16,95872,2165396,9244,197382564,194855600,2526964,8,18432,2154668,5188
2026-08-19T14:00:36.906043,393135960,387951184,390182352,28,114304,4320064,14432,34359738367,261284,15872,6656,9216,108,195753396,193095456,2657940,16,95872,2165396,9244,197382564,194855728,2526836,12,18432,2154668,5188
2026-08-19T14:00:37.907351,393135960,387951184,390182360,8,114304,4320064,14432,34359738367,261284,15872,6656,9216,108,195753396,193095456,2657940,4,95872,2165396,9244,197382564,194855728,2526836,4,18432,2154668,5188
2026-08-19T14:00:38.908692,393135960,387951184,390182360,12,114304,4320064,14432,34359738367,261284,15872,6656,9216,108,195753396,193095456,2657940,8,95872,2165396,9244,197382564,194855728,2526836,4,18432,2154668,5188
2026-08-19T14:00:39.910073,393135960,387951184,390182360,12,114304,4320064,14432,34359738367,261284,15872,6656,9216,108,195753396,193095456,2657940,8,95872,2165396,9244,197382564,194855728,2526836,4,18432,2154668,5188
2026-08-19T14:00:40.911353,393135960,387951184,390182364,0,114304,4320064,14432,34359738367,261284,15872,6656,9216,108,195753396,193095456,2657940,0,95872,2165396,9244,197382564,194855728,2526836,0,18432,2154668,5188
2026-08-19T14:00:41.912656,393135960,387951456,390182636,8,114304,4320064,14432,34359738367,261284,15872,6656,9216,108,195753396,193095456,2657940,4,95872,2165396,9244,197382564,194856000,2526564,4,18432,2154668,5188
2026-08-19T14:00:42.914015,393135960,387951488,390182668,28,114304,4320064,14432,34359738367,261284,15872,6656,9216,108,195753396,193095488,2657908,20,95872,2165396,9244,197382564,194856000,2526564,8,18432,2154668,5188
2026-08-19T14:00:43.915299,393135960,387951488,390182668,40,114304,4320064,14432,34359738367,261284,15872,6656,9216,108,195753396,193095488,2657908,32,95872,2165396,9244,197382564,194856000,2526564,8,18432,2154668,5188
2026-08-19T14:00:44.916632,393135960,387951740,390182920,52,114304,4320064,14432,34359738367,261284,15872,6656,9216,108,195753396,193095488,2657908,32,95872,2165396,9244,197382564,194856252,2526312,20,18432,2154668,5188
2026-08-19T14:00:45.917942,393135960,387951740,390182936,24,114304,4320064,14432,34359738367,261284,15872,6656,9216,108,195753396,193095488,2657908,16,95872,2165396,9244,197382564,194856252,2526312,8,18432,2154668,5188
2026-08-19T14:00:46.919231,393135960,387951740,390182936,28,114304,4320064,14432,34359738367,261284,15872,6656,9216,108,195753396,193095488,2657908,20,95872,2165396,9244,197382564,194856252,2526312,8,18432,2154668,5188
2026-08-19T14:00:47.920530,393135960,387951740,390182936,28,114304,4320064,14432,34359738367,261284,15872,6656,9216,108,195753396,193095488,2657908,20,95872,2165396,9244,197382564,194856252,2526312,8,18432,2154668,5188
2026-08-19T14:00:48.921875,393135960,387951740,390182936,40,114304,4320064,14432,34359738367,261284,15872,6656,9216,108,195753396,193095488,2657908,20,95872,2165396,9244,197382564,194856252,2526312,20,18432,2154668,5188
2026-08-19T14:00:49.923170,393135960,387951740,390182936,44,114304,4320064,14432,34359738367,261284,15872,6656,9216,108,195753396,193095488,2657908,20,95872,2165396,9244,197382564,194856252,2526312,24,18432,2154668,5188
2026-08-19T14:00:50.924488,393135960,387951740,390182936,44,114304,4320064,14432,34359738367,261284,15872,6656,9216,108,195753396,193095488,2657908,20,95872,2165396,9244,197382564,194856252,2526312,24,18432,2154668,5188
2026-08-19T14:00:51.925838,393135960,387951740,390182948,36,114304,4320064,14432,34359738367,261284,15872,6656,9216,108,195753396,193095488,2657908,20,95872,2165396,9244,197382564,194856252,2526312,16,18432,2154668,5188
2026-08-19T14:00:52.927131,393135960,387951740,390182948,44,114304,4320064,14432,34359738367,261284,15872,6656,9216,108,195753396,193095488,2657908,20,95872,2165396,9244,197382564,194856252,2526312,24,18432,2154668,5188
2026-08-19T14:00:53.928392,393135960,391023776,390192596,4,111084,110112,5584,34359738367,260276,15872,6656,9216,108,195753396,194635520,1117876,0,94432,60532,4752,197382564,196394808,987756,4,16652,49580,832
2026-08-19T14:00:54.929773,393135960,392015752,390520972,72,114164,242292,13936,34359738367,261316,15872,6656,9216,108,195753396,195129628,623768,8,95804,126812,8832,197382564,196886124,496440,64,18360,115480,5104
2026-08-19T14:00:55.930314,393135960,391707696,390370320,72,114308,553004,14428,34359738367,261316,15872,6656,9216,108,195753396,194975236,778160,8,95880,282188,9076,197382564,196732460,650104,64,18428,270816,5352
2026-08-19T14:00:56.930894,393135960,391397736,390213976,84,114308,858448,14428,34359738367,261316,15872,6656,9216,108,195753396,194821264,932132,8,95880,434884,9076,197382564,196576472,806092,76,18428,423564,5352
2026-08-19T14:00:57.931447,393135960,391084500,390174488,88,114312,1175564,14428,34359738367,261316,15872,6656,9216,108,195753396,194664268,1089128,12,95884,593408,9076,197382564,196420232,962332,76,18428,582156,5352
2026-08-19T14:00:58.932000,393135960,390773280,390172216,64,114312,1483152,14428,34359738367,261316,15872,6656,9216,108,195753396,194509540,1243856,4,95884,747232,9076,197382564,196263740,1118824,60,18428,735920,5352
2026-08-19T14:00:59.932557,393135960,390463572,390171596,8,114312,1792460,14428,34359738367,261316,15872,6656,9216,108,195753396,194354812,1398584,4,95884,901936,9076,197382564,196108760,1273804,4,18428,890532,5352
2026-08-19T14:01:00.933144,393135960,390154116,390174080,8,114312,2104148,14428,34359738367,261316,15872,6656,9216,108,195753396,194200840,1552556,4,95884,1057892,9076,197382564,195953276,1429288,4,18428,1046256,5352
2026-08-19T14:01:01.933710,393135960,389844912,390173228,8,114312,2412496,14428,34359738367,261316,15872,6656,9216,108,195753396,194044852,1708544,4,95884,1211892,9076,197382564,195800060,1582504,4,18428,1200612,5352
2026-08-19T14:01:02.934317,393135960,389537220,390173316,8,114320,2720408,14428,34359738367,261316,15872,6656,9216,108,195753396,193890880,1862516,4,95892,1365620,9076,197382564,195646340,1736224,4,18428,1354788,5352
2026-08-19T14:01:03.934862,393135960,389227260,390172828,20,114320,3029768,14428,34359738367,261316,15872,6656,9216,108,195753396,193736908,2016488,4,95892,1520552,9076,197382564,195490352,1892212,16,18428,1509216,5352
2026-08-19T14:01:04.935479,393135960,388916796,390172420,36,114320,3339996,14428,34359738367,261316,15872,6656,9216,108,195753396,193581172,2172224,16,95892,1675676,9076,197382564,195335624,2046940,20,18428,1664320,5352
2026-08-19T14:01:05.936039,393135960,388608600,390172252,40,114320,3647948,14428,34359738367,261316,15872,6656,9216,108,195753396,193426948,2326448,20,95892,1829352,9076,197382564,195181652,2200912,20,18428,1818596,5352
2026-08-19T14:01:06.936592,393135960,388299900,390174220,40,114320,3958652,14428,34359738367,261316,15872,6656,9216,108,195753396,193272724,2480672,20,95892,1985084,9076,197382564,195026924,2355640,20,18428,1973788,5352
2026-08-19T14:01:07.937185,393135960,387989688,390174656,40,114320,4268952,14428,34359738367,261316,15872,6656,9216,108,195753396,193117240,2636156,20,95892,2140104,9076,197382564,194872448,2510116,20,18428,2128848,5352
2026-08-19T14:01:08.937856,393135960,387938784,390168752,52,114320,4318816,14428,34359738367,261316,15872,6656,9216,108,195753396,193092040,2661356,20,95892,2165048,9076,197382564,194846744,2535820,32,18428,2153768,5352
2026-08-19T14:01:09.939305,393135960,387938028,390168732,20,114320,4320000,14428,34359738367,261316,15872,6656,9216,108,195753396,193091788,2661608,4,95892,2165640,9076,197382564,194846240,2536324,16,18428,2154360,5352
2026-08-19T14:01:10.940668,393135960,387938028,390168732,4,114320,4320008,14428,34359738367,261316,15872,6656,9216,108,195753396,193091788,2661608,4,95892,2165644,9076,197382564,194846240,2536324,0,18428,2154364,5352
2026-08-19T14:01:11.942065,393135960,387940324,390171028,12,114320,4320008,14428,34359738367,261316,15872,6656,9216,108,195753396,193092544,2660852,4,95892,2165644,9076,197382564,194847780,2534784,8,18428,2154364,5352
2026-08-19T14:01:12.943391,393135960,387940324,390171028,12,114320,4320008,14428,34359738367,261316,15872,6656,9216,108,195753396,193092544,2660852,4,95892,2165644,9076,197382564,194847780,2534784,8,18428,2154364,5352
2026-08-19T14:01:13.944711,393135960,387940576,390171280,12,114320,4320008,14428,34359738367,261316,15872,6656,9216,108,195753396,193092796,2660600,4,95892,2165644,9076,197382564,194847780,2534784,8,18428,2154364,5352
2026-08-19T14:01:14.946043,393135960,387940828,390171532,32,114320,4320008,14428,34359738367,261316,15872,6656,9216,108,195753396,193092796,2660600,16,95892,2165644,9076,197382564,194848032,2534532,16,18428,2154364,5352
2026-08-19T14:01:15.947333,393135960,387940580,390171344,20,114320,4320008,14428,34359738367,261316,15872,6656,9216,108,195753396,193092548,2660848,12,95892,2165644,9076,197382564,194848032,2534532,8,18428,2154364,5352
2026-08-19T14:01:16.948664,393135960,387940580,390171344,32,114320,4320008,14428,34359738367,261316,15872,6656,9216,108,195753396,193092548,2660848,20,95892,2165644,9076,197382564,194848032,2534532,12,18428,2154364,5352
2026-08-19T14:01:17.949974,393135960,387940904,390171668,32,114320,4320008,14428,34359738367,261316,15872,6656,9216,108,195753396,193092620,2660776,20,95892,2165644,9076,197382564,194848284,2534280,12,18428,2154364,5352
2026-08-19T14:01:18.951232,393135960,387940904,390171668,32,114320,4320008,14428,34359738367,261316,15872,6656,9216,108,195753396,193092620,2660776,20,95892,2165644,9076,197382564,194848284,2534280,12,18428,2154364,5352
2026-08-19T14:01:19.952522,393135960,387940904,390171688,12,114320,4320008,14428,34359738367,261316,15872,6656,9216,108,195753396,193092620,2660776,8,95892,2165644,9076,197382564,194848284,2534280,4,18428,2154364,5352
2026-08-19T14:01:20.953837,393135960,387940904,390171688,24,114320,4320008,14428,34359738367,261316,15872,6656,9216,108,195753396,193092620,2660776,8,95892,2165644,9076,197382564,194848284,2534280,16,18428,2154364,5352
2026-08-19T14:01:21.955191,393135960,387940904,390171696,4,114320,4320008,14428,34359738367,261316,15872,6656,9216,108,195753396,193092620,2660776,4,95892,2165644,9076,197382564,194848284,2534280,0,18428,2154364,5352
2026-08-19T14:01:22.956470,393135960,387941160,390171952,8,114320,4320008,14428,34359738367,261316,15872,6656,9216,108,195753396,193092620,2660776,4,95892,2165644,9076,197382564,194848540,2534024,4,18428,2154364,5352
2026-08-19T14:01:23.957813,393135960,387941160,390171952,8,114320,4320008,14428,34359738367,261316,15872,6656,9216,108,195753396,193092620,2660776,4,95892,2165644,9076,197382564,194848540,2534024,4,18428,2154364,5352
2026-08-19T14:01:24.959090,393135960,387941160,390171952,32,114320,4320008,14428,34359738367,261316,15872,6656,9216,108,195753396,193092620,2660776,20,95892,2165644,9076,197382564,194848540,2534024,12,18428,2154364,5352
2026-08-19T14:01:25.960406,393135960,387941160,390171952,32,114320,4320008,14428,34359738367,261316,15872,6656,9216,108,195753396,193092620,2660776,20,95892,2165644,9076,197382564,194848540,2534024,12,18428,2154364,5352
2026-08-19T14:01:26.961780,393135960,387941160,390171952,24,114320,4320008,14428,34359738367,261316,15872,6656,9216,108,195753396,193092620,2660776,16,95892,2165644,9076,197382564,194848540,2534024,8,18428,2154364,5352
2026-08-19T14:01:27.963065,393135960,387941664,390172456,32,114320,4320008,14428,34359738367,261316,15872,6656,9216,108,195753396,193092620,2660776,20,95892,2165644,9076,197382564,194849044,2533520,12,18428,2154364,5352
2026-08-19T14:01:28.964387,393135960,387941944,390172736,32,114320,4320008,14428,34359738367,261316,15872,6656,9216,108,195753396,193092620,2660776,20,95892,2165644,9076,197382564,194849324,2533240,12,18428,2154364,5352
2026-08-19T14:01:29.965728,393135960,387941944,390172752,8,114320,4320008,14428,34359738367,261316,15872,6656,9216,108,195753396,193092620,2660776,4,95892,2165644,9076,197382564,194849324,2533240,4,18428,2154364,5352
2026-08-19T14:01:30.967025,393135960,387941944,390172752,8,114320,4320008,14428,34359738367,261316,15872,6656,9216,108,195753396,193092620,2660776,4,95892,2165644,9076,197382564,194849324,2533240,4,18428,2154364,5352
2026-08-19T14:01:31.968299,393135960,387941944,390172752,20,114320,4320008,14428,34359738367,261316,15872,6656,9216,108,195753396,193092620,2660776,4,95892,2165644,9076,197382564,194849324,2533240,16,18428,2154364,5352
2026-08-19T14:01:32.969664,393135960,387941944,390172760,4,114320,4320008,14428,34359738367,261316,15872,6656,9216,108,195753396,193092620,2660776,4,95892,2165644,9076,197382564,194849324,2533240,0,18428,2154364,5352
2026-08-19T14:01:33.970939,393135960,387942008,390172824,12,114320,4320008,14428,34359738367,261316,15872,6656,9216,108,195753396,193092620,2660776,4,95892,2165644,9076,197382564,194849388,2533176,8,18428,2154364,5352
2026-08-19T14:01:34.972298,393135960,387942008,390172824,36,114320,4320008,14428,34359738367,261316,15872,6656,9216,108,195753396,193092620,2660776,20,95892,2165644,9076,197382564,194849388,2533176,16,18428,2154364,5352
2026-08-19T14:01:35.973632,393135960,387942008,390172824,36,114320,4320008,14428,34359738367,261316,15872,6656,9216,108,195753396,193092620,2660776,20,95892,2165644,9076,197382564,194849388,2533176,16,18428,2154364,5352
2026-08-19T14:01:36.974936,393135960,387942008,390172824,48,114320,4320008,14428,34359738367,261316,15872,6656,9216,108,195753396,193092620,2660776,32,95892,2165644,9076,197382564,194849388,2533176,16,18428,2154364,5352
2026-08-19T14:01:37.976239,393135960,387942272,390173088,20,114320,4320008,14428,34359738367,261316,15872,6656,9216,108,195753396,193092620,2660776,12,95892,2165644,9076,197382564,194849652,2532912,8,18428,2154364,5352
2026-08-19T14:01:38.977606,393135960,387942272,390173088,28,114320,4320008,14428,34359738367,261316,15872,6656,9216,108,195753396,193092620,2660776,16,95892,2165644,9076,197382564,194849652,2532912,12,18428,2154364,5352
2026-08-19T14:01:39.978908,393135960,387942272,390173108,8,114320,4320008,14428,34359738367,261316,15872,6656,9216,108,195753396,193092620,2660776,4,95892,2165644,9076,197382564,194849652,2532912,4,18428,2154364,5352
2026-08-19T14:01:40.980183,393135960,387942272,390173108,8,114320,4320008,14428,34359738367,261316,15872,6656,9216,108,195753396,193092620,2660776,4,95892,2165644,9076,197382564,194849652,2532912,4,18428,2154364,5352
2026-08-19T14:01:41.981578,393135960,387942272,390173108,8,114320,4320008,14428,34359738367,261316,15872,6656,9216,108,195753396,193092620,2660776,4,95892,2165644,9076,197382564,194849652,2532912,4,18428,2154364,5352
2026-08-19T14:01:42.982903,393135960,387942272,390173108,8,114320,4320008,14428,34359738367,261316,15872,6656,9216,108,195753396,193092620,2660776,4,95892,2165644,9076,197382564,194849652,2532912,4,18428,2154364,5352
2026-08-19T14:01:43.984206,393135960,387942272,390173116,0,114320,4320008,14428,34359738367,261316,15872,6656,9216,108,195753396,193092620,2660776,0,95892,2165644,9076,197382564,194849652,2532912,0,18428,2154364,5352
2026-08-19T14:01:44.985518,393135960,387943028,390173908,28,113288,945224,14420,34359738367,260308,15872,6656,9216,108,195753396,193093124,2660272,16,95376,472708,9072,197382564,194849904,2532660,12,17912,461932,5348
2026-08-19T14:01:45.986924,393135960,392146720,390590840,68,112672,125232,5484,34359738367,261236,15872,6656,9216,108,195753396,195191112,562284,4,94964,68092,4652,197382564,196955608,426956,64,17708,57140,832
2026-08-19T14:01:46.987787,393135960,391855596,390440116,84,114304,398272,14436,34359738367,261316,15872,6656,9216,108,195753396,195047428,705968,8,95880,204636,9140,197382564,196808168,574396,76,18424,193648,5296
2026-08-19T14:01:47.988371,393135960,391545916,390285536,84,114316,706176,14436,34359738367,261316,15872,6656,9216,108,195753396,194893708,859688,8,95884,359020,9140,197382564,196651452,731112,76,18432,347604,5296
2026-08-19T14:01:48.989735,393135960,391233940,390166572,84,114320,1018640,14436,34359738367,261316,15872,6656,9216,108,195753396,194737468,1015928,8,95888,514876,9140,197382564,196496472,886092,76,18432,503792,5296
2026-08-19T14:01:49.990360,393135960,390919192,390168216,84,114320,1334204,14436,34359738367,261316,15872,6656,9216,108,195753396,194580724,1172672,8,95888,672504,9140,197382564,196338468,1044096,76,18432,661892,5296
2026-08-19T14:01:50.991754,393135960,390608476,390166708,0,114320,1642820,14436,34359738367,261316,15872,6656,9216,108,195753396,194424736,1328660,0,95888,827004,9140,197382564,196183740,1198824,0,18432,815836,5296
2026-08-19T14:01:51.992392,393135960,390297760,390169748,36,114320,1956112,14436,34359738367,261316,15872,6656,9216,108,195753396,194269000,1484396,20,95888,983860,9140,197382564,196028256,1354308,16,18432,972884,5296
2026-08-19T14:01:52.993753,393135960,389988052,390169156,36,114320,2265208,14436,34359738367,261316,15872,6656,9216,108,195753396,194115280,1638116,20,95888,1137916,9140,197382564,195872772,1509792,16,18432,1127312,5296
2026-08-19T14:01:53.994332,393135960,389675320,390166628,44,114320,2575472,14436,34359738367,261316,15872,6656,9216,108,195753396,193958536,1794860,24,95888,1293252,9140,197382564,195716784,1665780,20,18432,1282256,5296
2026-08-19T14:01:54.995725,393135960,389366116,390168304,56,114320,2886496,14436,34359738367,261316,15872,6656,9216,108,195753396,193803556,1949840,24,95888,1448712,9140,197382564,195562560,1820004,32,18432,1437804,5296
2026-08-19T14:01:55.996296,393135960,389056156,390169080,48,114320,3197160,14436,34359738367,261316,15872,6656,9216,108,195753396,193648828,2104568,24,95888,1604100,9140,197382564,195407328,1975236,24,18432,1593064,5296
2026-08-19T14:01:56.996916,393135960,388740908,390167944,24,114320,3511132,14436,34359738367,261316,15872,6656,9216,108,195753396,193491332,2262064,16,95888,1761152,9140,197382564,195249324,2133240,8,18432,1750048,5296
2026-08-19T14:01:57.997515,393135960,388430948,390169604,40,114320,3822860,14436,34359738367,261316,15872,6656,9216,108,195753396,193336100,2417296,20,95888,1916940,9140,197382564,195094848,2287716,20,18432,1905960,5296
2026-08-19T14:01:58.998857,393135960,388122248,390170564,40,114320,4132672,14436,34359738367,261316,15872,6656,9216,108,195753396,193181876,2571520,20,95888,2071864,9140,197382564,194940372,2442192,20,18432,2060816,5296
2026-08-19T14:01:59.999603,393135960,387939044,390166712,40,114320,4315144,14436,34359738367,261316,15872,6656,9216,108,195753396,193089644,2663752,20,95888,2163092,9140,197382564,194849400,2533164,20,18432,2152052,5296
2026-08-19T14:02:01.001038,393135960,387934760,390165740,40,114320,4320052,14436,34359738367,261316,15872,6656,9216,108,195753396,193087880,2665516,20,95888,2165556,9140,197382564,194846880,2535684,20,18432,2154496,5296
2026-08-19T14:02:02.002415,393135960,387934760,390165760,20,114320,4320052,14436,34359738367,261316,15872,6656,9216,108,195753396,193087880,2665516,4,95888,2165556,9140,197382564,194846880,2535684,16,18432,2154496,5296
2026-08-19T14:02:03.003781,393135960,387937032,390168036,4,114320,4320052,14436,34359738367,261316,15872,6656,9216,108,195753396,193089140,2664256,4,95888,2165556,9140,197382564,194847892,2534672,0,18432,2154496,5296
2026-08-19T14:02:04.005149,393135960,387937032,390168036,8,114320,4320052,14436,34359738367,261316,15872,6656,9216,108,195753396,193089140,2664256,4,95888,2165556,9140,197382564,194847892,2534672,4,18432,2154496,5296
2026-08-19T14:02:05.006463,393135960,387937284,390168288,8,114320,4320052,14436,34359738367,261316,15872,6656,9216,108,195753396,193089392,2664004,4,95888,2165556,9140,197382564,194847892,2534672,4,18432,2154496,5296
2026-08-19T14:02:06.007821,393135960,387937284,390168288,8,114320,4320052,14436,34359738367,261316,15872,6656,9216,108,195753396,193089392,2664004,4,95888,2165556,9140,197382564,194847892,2534672,4,18432,2154496,5296
2026-08-19T14:02:07.009185,393135960,387937032,390168036,28,114320,4320052,14436,34359738367,261316,15872,6656,9216,108,195753396,193089140,2664256,20,95888,2165556,9140,197382564,194847892,2534672,8,18432,2154496,5296
2026-08-19T14:02:08.010449,393135960,387937032,390168140,20,114320,4320052,14436,34359738367,261316,15872,6656,9216,108,195753396,193089140,2664256,16,95888,2165556,9140,197382564,194847892,2534672,4,18432,2154496,5296
2026-08-19T14:02:09.012515,393135960,387937032,390168140,28,114320,4320052,14436,34359738367,261316,15872,6656,9216,108,195753396,193089140,2664256,20,95888,2165556,9140,197382564,194847892,2534672,8,18432,2154496,5296
2026-08-19T14:02:10.013869,393135960,387937284,390168392,40,114320,4320052,14436,34359738367,261316,15872,6656,9216,108,195753396,193089140,2664256,28,95888,2165556,9140,197382564,194848144,2534420,12,18432,2154496,5296
2026-08-19T14:02:11.015117,393135960,387937308,390168416,40,114320,4320052,14436,34359738367,261316,15872,6656,9216,108,195753396,193089164,2664232,28,95888,2165556,9140,197382564,194848144,2534420,12,18432,2154496,5296
2026-08-19T14:02:12.016418,393135960,387937308,390168428,20,114320,4320052,14436,34359738367,261316,15872,6656,9216,108,195753396,193089164,2664232,12,95888,2165556,9140,197382564,194848144,2534420,8,18432,2154496,5296
2026-08-19T14:02:13.017751,393135960,387937308,390168428,24,114320,4320052,14436,34359738367,261316,15872,6656,9216,108,195753396,193089164,2664232,16,95888,2165556,9140,197382564,194848144,2534420,8,18432,2154496,5296
2026-08-19T14:02:14.019014,393135960,387937364,390168484,0,114320,4320052,14436,34359738367,261316,15872,6656,9216,108,195753396,193089164,2664232,0,95888,2165556,9140,197382564,194848200,2534364,0,18432,2154496,5296
2026-08-19T14:02:15.020271,393135960,387937628,390168748,8,114320,4320052,14436,34359738367,261316,15872,6656,9216,108,195753396,193089164,2664232,4,95888,2165556,9140,197382564,194848464,2534100,4,18432,2154496,5296
2026-08-19T14:02:16.021596,393135960,387937628,390168748,8,114320,4320052,14436,34359738367,261316,15872,6656,9216,108,195753396,193089164,2664232,4,95888,2165556,9140,197382564,194848464,2534100,4,18432,2154496,5296
2026-08-19T14:02:17.022860,393135960,387937628,390168748,36,114320,4320052,14436,34359738367,261316,15872,6656,9216,108,195753396,193089164,2664232,24,95888,2165556,9140,197382564,194848464,2534100,12,18432,2154496,5296
2026-08-19T14:02:18.024143,393135960,387937628,390168748,36,114320,4320052,14436,34359738367,261316,15872,6656,9216,108,195753396,193089164,2664232,24,95888,2165556,9140,197382564,194848464,2534100,12,18432,2154496,5296
2026-08-19T14:02:19.025517,393135960,387937628,390168748,36,114320,4320052,14436,34359738367,261316,15872,6656,9216,108,195753396,193089164,2664232,24,95888,2165556,9140,197382564,194848464,2534100,12,18432,2154496,5296
2026-08-19T14:02:20.026794,393135960,387937628,390168768,24,114320,4320052,14436,34359738367,261316,15872,6656,9216,108,195753396,193089164,2664232,20,95888,2165556,9140,197382564,194848464,2534100,4,18432,2154496,5296
2026-08-19T14:02:21.028067,393135960,387937628,390168768,44,114320,4320052,14436,34359738367,261316,15872,6656,9216,108,195753396,193089164,2664232,36,95888,2165556,9140,197382564,194848464,2534100,8,18432,2154496,5296
2026-08-19T14:02:22.029416,393135960,387937880,390169028,20,114320,4320052,14436,34359738367,261316,15872,6656,9216,108,195753396,193089164,2664232,16,95888,2165556,9140,197382564,194848716,2533848,4,18432,2154496,5296
2026-08-19T14:02:23.030670,393135960,387937880,390169028,20,114320,4320052,14436,34359738367,261316,15872,6656,9216,108,195753396,193089164,2664232,16,95888,2165556,9140,197382564,194848716,2533848,4,18432,2154496,5296
2026-08-19T14:02:24.031949,393135960,387937880,390169028,20,114320,4320052,14436,34359738367,261316,15872,6656,9216,108,195753396,193089164,2664232,16,95888,2165556,9140,197382564,194848716,2533848,4,18432,2154496,5296
2026-08-19T14:02:25.033266,393135960,387937880,390169028,20,114320,4320052,14436,34359738367,261316,15872,6656,9216,108,195753396,193089164,2664232,16,95888,2165556,9140,197382564,194848716,2533848,4,18432,2154496,5296
2026-08-19T14:02:26.034531,393135960,387937880,390169028,8,114320,4320052,14436,34359738367,261316,15872,6656,9216,108,195753396,193089164,2664232,4,95888,2165556,9140,197382564,194848716,2533848,4,18432,2154496,5296
2026-08-19T14:02:27.035788,393135960,387938152,390169300,28,114320,4320052,14436,34359738367,261316,15872,6656,9216,108,195753396,193089164,2664232,20,95888,2165556,9140,197382564,194848988,2533576,8,18432,2154496,5296
2026-08-19T14:02:28.037101,393135960,387938152,390169300,28,114320,4320052,14436,34359738367,261316,15872,6656,9216,108,195753396,193089164,2664232,20,95888,2165556,9140,197382564,194848988,2533576,8,18432,2154496,5296
2026-08-19T14:02:29.038358,393135960,387938152,390169300,28,114320,4320052,14436,34359738367,261316,15872,6656,9216,108,195753396,193089164,2664232,20,95888,2165556,9140,197382564,194848988,2533576,8,18432,2154496,5296
2026-08-19T14:02:30.039663,393135960,387938152,390169300,28,114320,4320052,14436,34359738367,261316,15872,6656,9216,108,195753396,193089164,2664232,20,95888,2165556,9140,197382564,194848988,2533576,8,18432,2154496,5296
2026-08-19T14:02:31.041009,393135960,387938152,390169356,24,114320,4320052,14436,34359738367,261316,15872,6656,9216,108,195753396,193089164,2664232,16,95888,2165556,9140,197382564,194848988,2533576,8,18432,2154496,5296
2026-08-19T14:02:32.042293,393135960,387938404,390169624,36,114320,4320052,14436,34359738367,261316,15872,6656,9216,108,195753396,193089164,2664232,24,95888,2165556,9140,197382564,194849240,2533324,12,18432,2154496,5296
2026-08-19T14:02:33.043590,393135960,387938404,390169624,36,114320,4320052,14436,34359738367,261316,15872,6656,9216,108,195753396,193089164,2664232,24,95888,2165556,9140,197382564,194849240,2533324,12,18432,2154496,5296
2026-08-19T14:02:34.044885,393135960,387938404,390169624,36,114320,4320052,14436,34359738367,261316,15872,6656,9216,108,195753396,193089164,2664232,24,95888,2165556,9140,197382564,194849240,2533324,12,18432,2154496,5296
2026-08-19T14:02:35.046170,393135960,387938404,390169624,36,114320,4320052,14436,34359738367,261316,15872,6656,9216,108,195753396,193089164,2664232,24,95888,2165556,9140,197382564,194849240,2533324,12,18432,2154496,5296
2026-08-19T14:02:36.047480,393135960,387938404,390169632,28,114320,4320052,14436,34359738367,261316,15872,6656,9216,108,195753396,193089164,2664232,20,95888,2165556,9140,197382564,194849240,2533324,8,18432,2154496,5296
2026-08-19T14:02:37.048735,393135960,390886260,390190048,0,110784,110108,5508,34359738367,260292,15872,6656,9216,108,195753396,194570856,1182540,0,94132,60532,4676,197382564,196322460,1060104,0,16652,49576,832
2026-08-19T14:02:38.050102,393135960,392010144,390513420,76,114268,238380,14388,34359738367,261300,15872,6656,9216,108,195753396,195131320,622076,12,95868,124692,9148,197382564,196878824,503740,64,18400,113708,5240
2026-08-19T14:02:39.050648,393135960,391697356,390359444,80,114328,551728,14432,34359738367,261300,15872,6656,9216,108,195753396,194974184,779212,12,95904,281292,9172,197382564,196723172,659392,68,18424,270460,5260
2026-08-19T14:02:40.051231,393135960,391384876,390203568,80,114328,862760,14432,34359738367,261300,15872,6656,9216,108,195753396,194816936,936460,12,95904,436836,9172,197382564,196567940,814624,68,18424,425928,5260
2026-08-19T14:02:41.051787,393135960,391069876,390160420,92,114332,1176016,14432,34359738367,261300,15872,6656,9216,108,195753396,194659688,1093708,12,95908,593460,9172,197382564,196409684,972880,80,18424,582600,5260
2026-08-19T14:02:42.052434,393135960,390759916,390161380,92,114332,1485996,14432,34359738367,261300,15872,6656,9216,108,195753396,194504708,1248688,12,95908,748876,9172,197382564,196254452,1128112,80,18424,737524,5260
2026-08-19T14:02:43.054615,393135960,390450460,390163900,32,114332,1797680,14432,34359738367,261300,15872,6656,9216,108,195753396,194350988,1402408,16,95908,904320,9172,197382564,196099472,1283092,16,18424,893364,5260
2026-08-19T14:02:44.055204,393135960,390137980,390162360,36,114332,2108892,14432,34359738367,261300,15872,6656,9216,108,195753396,194193992,1559404,20,95908,1059856,9172,197382564,195943988,1438576,16,18424,1049036,5260
2026-08-19T14:02:45.055755,393135960,389827264,390162980,36,114332,2419792,14432,34359738367,261300,15872,6656,9216,108,195753396,194039264,1714132,20,95908,1215316,9172,197382564,195788000,1594564,16,18424,1204488,5260
2026-08-19T14:02:46.056332,393135960,389512012,390162420,36,114332,2734408,14432,34359738367,261300,15872,6656,9216,108,195753396,193881764,1871632,20,95908,1372448,9172,197382564,195630248,1752316,16,18424,1361976,5260
2026-08-19T14:02:47.056969,393135960,389201044,390162924,8,114332,3045920,14432,34359738367,261300,15872,6656,9216,108,195753396,193726028,2027368,4,95908,1528400,9172,197382564,195474764,1907800,4,18424,1517572,5260
2026-08-19T14:02:48.057532,393135960,388890580,390164732,40,114332,3357944,14432,34359738367,261300,15872,6656,9216,108,195753396,193570292,2183104,28,95908,1684392,9172,197382564,195320288,2062276,12,18424,1673576,5260
2026-08-19T14:02:49.058142,393135960,388575580,390164160,48,114332,3672672,14432,34359738367,261300,15872,6656,9216,108,195753396,193412792,2340604,32,95908,1841780,9172,197382564,195162788,2219776,16,18424,1830908,5260
2026-08-19T14:02:50.058784,393135960,388265872,390163148,52,114332,3981152,14432,34359738367,261300,15872,6656,9216,108,195753396,193258064,2495332,36,95908,1996036,9172,197382564,195007808,2374756,16,18424,1985152,5260
2026-08-19T14:02:51.059390,393135960,387951124,390161676,52,114332,4295096,14432,34359738367,261300,15872,6656,9216,108,195753396,193100564,2652832,36,95908,2152964,9172,197382564,194850560,2532004,16,18424,2142152,5260
2026-08-19T14:02:52.060251,393135960,387929452,390160032,52,114332,4319168,14432,34359738367,261300,15872,6656,9216,108,195753396,193089728,2663668,36,95908,2165012,9172,197382564,194839724,2542840,16,18424,2154156,5260
2026-08-19T14:02:53.061799,393135960,387928192,390159268,32,114332,4319984,14432,34359738367,261300,15872,6656,9216,108,195753396,193089224,2664172,24,95908,2165424,9172,197382564,194838968,2543596,8,18424,2154560,5260
2026-08-19T14:02:54.063250,393135960,387928192,390159324,12,114332,4319984,14432,34359738367,261300,15872,6656,9216,108,195753396,193089224,2664172,8,95908,2165424,9172,197382564,194838968,2543596,4,18424,2154560,5260
2026-08-19T14:02:55.064653,393135960,387930236,390161368,28,114332,4319984,14432,34359738367,261300,15872,6656,9216,108,195753396,193089736,2663660,12,95908,2165424,9172,197382564,194840500,2542064,16,18424,2154560,5260
2026-08-19T14:02:56.066091,393135960,387930488,390161620,28,114332,4319984,14432,34359738367,261300,15872,6656,9216,108,195753396,193089988,2663408,12,95908,2165424,9172,197382564,194840500,2542064,16,18424,2154560,5260
2026-08-19T14:02:57.067435,393135960,387930488,390161620,28,114332,4319984,14432,34359738367,261300,15872,6656,9216,108,195753396,193089988,2663408,12,95908,2165424,9172,197382564,194840500,2542064,16,18424,2154560,5260
2026-08-19T14:02:58.068814,393135960,387930488,390161636,20,114332,4319984,14432,34359738367,261300,15872,6656,9216,108,195753396,193089988,2663408,4,95908,2165424,9172,197382564,194840500,2542064,16,18424,2154560,5260
2026-08-19T14:02:59.070178,393135960,387930488,390161644,28,114332,4319984,14432,34359738367,261300,15872,6656,9216,108,195753396,193089988,2663408,20,95908,2165424,9172,197382564,194840500,2542064,8,18424,2154560,5260
2026-08-19T14:03:00.071497,393135960,387930488,390161644,36,114332,4319984,14432,34359738367,261300,15872,6656,9216,108,195753396,193089988,2663408,24,95908,2165424,9172,197382564,194840500,2542064,12,18424,2154560,5260
2026-08-19T14:03:01.072813,393135960,387930744,390161900,36,114332,4319984,14432,34359738367,261300,15872,6656,9216,108,195753396,193089988,2663408,24,95908,2165424,9172,197382564,194840756,2541808,12,18424,2154560,5260
2026-08-19T14:03:02.074180,393135960,387930772,390161928,36,114332,4319984,14432,34359738367,261300,15872,6656,9216,108,195753396,193090016,2663380,24,95908,2165424,9172,197382564,194840756,2541808,12,18424,2154560,5260
2026-08-19T14:03:03.075510,393135960,387930772,390161940,12,114332,4319984,14432,34359738367,261300,15872,6656,9216,108,195753396,193090016,2663380,4,95908,2165424,9172,197382564,194840756,2541808,8,18424,2154560,5260
2026-08-19T14:03:04.076901,393135960,387930772,390161940,0,114332,4319984,14432,34359738367,261300,15872,6656,9216,108,195753396,193090016,2663380,0,95908,2165424,9172,197382564,194840756,2541808,0,18424,2154560,5260
2026-08-19T14:03:05.078222,393135960,387931024,390162192,8,114332,4319984,14432,34359738367,261300,15872,6656,9216,108,195753396,193090016,2663380,4,95908,2165424,9172,197382564,194841008,2541556,4,18424,2154560,5260
2026-08-19T14:03:06.079537,393135960,387931024,390162192,8,114332,4319984,14432,34359738367,261300,15872,6656,9216,108,195753396,193090016,2663380,4,95908,2165424,9172,197382564,194841008,2541556,4,18424,2154560,5260
2026-08-19T14:03:07.080894,393135960,387931024,390162192,20,114332,4319984,14432,34359738367,261300,15872,6656,9216,108,195753396,193090016,2663380,4,95908,2165424,9172,197382564,194841008,2541556,16,18424,2154560,5260
2026-08-19T14:03:08.082209,393135960,387931024,390162192,44,114332,4319984,14432,34359738367,261300,15872,6656,9216,108,195753396,193090016,2663380,20,95908,2165424,9172,197382564,194841008,2541556,24,18424,2154560,5260
2026-08-19T14:03:09.083550,393135960,387931024,390162192,48,114332,4319984,14432,34359738367,261300,15872,6656,9216,108,195753396,193090016,2663380,24,95908,2165424,9172,197382564,194841008,2541556,24,18424,2154560,5260
2026-08-19T14:03:10.084869,393135960,387931024,390162192,48,114332,4319984,14432,34359738367,261300,15872,6656,9216,108,195753396,193090016,2663380,24,95908,2165424,9172,197382564,194841008,2541556,24,18424,2154560,5260
2026-08-19T14:03:11.086200,393135960,387931024,390162220,32,114332,4319984,14432,34359738367,261300,15872,6656,9216,108,195753396,193090016,2663380,20,95908,2165424,9172,197382564,194841008,2541556,12,18424,2154560,5260
2026-08-19T14:03:12.087511,393135960,387931024,390162220,32,114332,4319984,14432,34359738367,261300,15872,6656,9216,108,195753396,193090016,2663380,20,95908,2165424,9172,197382564,194841008,2541556,12,18424,2154560,5260
2026-08-19T14:03:13.088870,393135960,387931024,390162220,32,114332,4319984,14432,34359738367,261300,15872,6656,9216,108,195753396,193090016,2663380,20,95908,2165424,9172,197382564,194841008,2541556,12,18424,2154560,5260
2026-08-19T14:03:14.090197,393135960,387931024,390162244,20,114332,4319984,14432,34359738367,261300,15872,6656,9216,108,195753396,193090016,2663380,16,95908,2165424,9172,197382564,194841008,2541556,4,18424,2154560,5260
2026-08-19T14:03:15.091519,393135960,387931276,390162496,4,114340,4319984,14432,34359738367,261300,15872,6656,9216,108,195753396,193090016,2663380,0,95908,2165424,9172,197382564,194841260,2541304,4,18432,2154560,5260
2026-08-19T14:03:16.092882,393135960,387931528,390162748,8,114340,4319984,14432,34359738367,261300,15872,6656,9216,108,195753396,193090268,2663128,4,95908,2165424,9172,197382564,194841260,2541304,4,18432,2154560,5260
2026-08-19T14:03:17.094184,393135960,387931780,390163000,8,114340,4319984,14432,34359738367,261300,15872,6656,9216,108,195753396,193090268,2663128,4,95908,2165424,9172,197382564,194841512,2541052,4,18432,2154560,5260
2026-08-19T14:03:18.095490,393135960,387931780,390163000,20,114340,4319984,14432,34359738367,261300,15872,6656,9216,108,195753396,193090268,2663128,4,95908,2165424,9172,197382564,194841512,2541052,16,18432,2154560,5260
2026-08-19T14:03:19.096864,393135960,387931784,390163004,40,114340,4319984,14432,34359738367,261300,15872,6656,9216,108,195753396,193090272,2663124,20,95908,2165424,9172,197382564,194841512,2541052,20,18432,2154560,5260
2026-08-19T14:03:20.098175,393135960,387931784,390163004,40,114340,4319984,14432,34359738367,261300,15872,6656,9216,108,195753396,193090272,2663124,20,95908,2165424,9172,197382564,194841512,2541052,20,18432,2154560,5260
2026-08-19T14:03:21.099491,393135960,387931784,390163020,24,114340,4319984,14432,34359738367,261300,15872,6656,9216,108,195753396,193090272,2663124,20,95908,2165424,9172,197382564,194841512,2541052,4,18432,2154560,5260
2026-08-19T14:03:22.100799,393135960,387931784,390163020,32,114340,4319984,14432,34359738367,261300,15872,6656,9216,108,195753396,193090272,2663124,20,95908,2165424,9172,197382564,194841512,2541052,12,18432,2154560,5260
2026-08-19T14:03:23.102175,393135960,387931784,390163020,36,114340,4319984,14432,34359738367,261300,15872,6656,9216,108,195753396,193090272,2663124,20,95908,2165424,9172,197382564,194841512,2541052,16,18432,2154560,5260
2026-08-19T14:03:24.103524,393135960,387931784,390163032,12,114340,4319984,14432,34359738367,261300,15872,6656,9216,108,195753396,193090272,2663124,4,95908,2165424,9172,197382564,194841512,2541052,8,18432,2154560,5260
2026-08-19T14:03:25.104870,393135960,387931784,390163032,24,114340,4319984,14432,34359738367,261300,15872,6656,9216,108,195753396,193090272,2663124,16,95908,2165424,9172,197382564,194841512,2541052,8,18432,2154560,5260
2026-08-19T14:03:26.106175,393135960,387932044,390163292,0,114340,4319984,14432,34359738367,261300,15872,6656,9216,108,195753396,193090272,2663124,0,95908,2165424,9172,197382564,194841772,2540792,0,18432,2154560,5260
2026-08-19T14:03:27.107521,393135960,387932044,390163292,12,114340,4319984,14432,34359738367,261300,15872,6656,9216,108,195753396,193090272,2663124,8,95908,2165424,9172,197382564,194841772,2540792,4,18432,2154560,5260
2026-08-19T14:03:28.108815,393135960,387940108,390171356,12,113332,1197704,14432,34359738367,260308,15872,6656,9216,108,195753396,193090776,2662620,8,95404,601512,9172,197382564,194849332,2533232,4,17928,585104,5260
2026-08-19T14:03:29.110211,393135960,392141128,390585592,108,112820,125232,5572,34359738367,261252,15872,6656,9216,108,195753396,195197360,556036,4,95080,68096,4520,197382564,196943768,438796,104,17740,57136,1052
2026-08-19T14:03:30.111882,393135960,391860568,390441048,112,114328,397280,9472,34359738367,261316,15872,6656,9216,108,195753396,195059080,694316,8,95932,204148,5836,197382564,196801488,581076,104,18396,193160,3636
2026-08-19T14:03:31.112489,393135960,391534984,390278124,112,114340,722248,9912,34359738367,261316,15872,6656,9216,108,195753396,194895784,857612,8,95936,366832,5836,197382564,196638948,743616,104,18404,355772,4076
2026-08-19T14:03:32.113196,393135960,391346488,390183340,112,114344,910900,9912,34359738367,261316,15872,6656,9216,108,195753396,194801536,951860,8,95940,460968,5836,197382564,196544952,837612,104,18404,449932,4076
2026-08-19T14:03:33.114510,393135960,391345732,390183052,112,114344,912212,9912,34359738367,261316,15872,6656,9216,108,195753396,194801032,952364,8,95940,461604,5836,197382564,196544700,837864,104,18404,450608,4076
2026-08-19T14:03:34.115826,393135960,391345732,390183052,112,114344,912212,9912,34359738367,261316,15872,6656,9216,108,195753396,194801032,952364,8,95940,461604,5836,197382564,196544700,837864,104,18404,450608,4076
2026-08-19T14:03:35.117226,393135960,391346712,390184036,32,114356,912212,9912,34359738367,261316,15872,6656,9216,108,195753396,194801760,951636,20,95940,461604,5836,197382564,196544952,837612,12,18416,450608,4076
2026-08-19T14:03:36.118565,393135960,391347216,390184540,48,114356,912212,9912,34359738367,261316,15872,6656,9216,108,195753396,194802012,951384,32,95940,461604,5836,197382564,196545204,837360,16,18416,450608,4076
2026-08-19T14:03:37.119885,393135960,391347468,390184792,48,114356,912212,9912,34359738367,261316,15872,6656,9216,108,195753396,194802012,951384,32,95940,461604,5836,197382564,196545456,837108,16,18416,450608,4076
2026-08-19T14:03:38.121257,393135960,391347720,390185044,48,114356,912212,9912,34359738367,261316,15872,6656,9216,108,195753396,194802264,951132,32,95940,461604,5836,197382564,196545456,837108,16,18416,450608,4076
2026-08-19T14:03:39.122555,393135960,391347720,390185044,20,114356,912212,9912,34359738367,261316,15872,6656,9216,108,195753396,194802264,951132,16,95940,461604,5836,197382564,196545456,837108,4,18416,450608,4076
2026-08-19T14:03:40.123868,393135960,391347972,390185300,20,114356,912212,9912,34359738367,261316,15872,6656,9216,108,195753396,194802264,951132,12,95940,461604,5836,197382564,196545708,836856,8,18416,450608,4076
2026-08-19T14:03:41.125230,393135960,391347972,390185300,28,114356,912212,9912,34359738367,261316,15872,6656,9216,108,195753396,194802264,951132,16,95940,461604,5836,197382564,196545708,836856,12,18416,450608,4076
2026-08-19T14:03:42.126502,393135960,391348224,390185580,40,114356,912212,9912,34359738367,261316,15872,6656,9216,108,195753396,194802264,951132,16,95792,461604,5836,197382564,196545960,836604,24,18564,450608,4076
2026-08-19T14:03:43.127800,393135960,391348224,390185580,40,114356,912212,9912,34359738367,261316,15872,6656,9216,108,195753396,194802264,951132,16,95792,461604,5836,197382564,196545960,836604,24,18564,450608,4076
2026-08-19T14:03:44.129172,393135960,391348224,390185580,44,114356,912212,9912,34359738367,261316,15872,6656,9216,108,195753396,194802264,951132,16,95792,461604,5836,197382564,196545960,836604,28,18564,450608,4076
2026-08-19T14:03:45.130471,393135960,391348332,390185696,24,114364,912212,9912,34359738367,261316,15872,6656,9216,108,195753396,194802372,951024,4,95792,461604,5836,197382564,196545960,836604,20,18572,450608,4076
2026-08-19T14:03:46.131861,393135960,391348332,390185728,12,114364,912212,9912,34359738367,261316,15872,6656,9216,108,195753396,194802372,951024,8,95792,461604,5836,197382564,196545960,836604,4,18572,450608,4076
2026-08-19T14:03:47.133221,393135960,391348584,390185980,12,114364,912212,9912,34359738367,261316,15872,6656,9216,108,195753396,194802372,951024,8,95792,461604,5836,197382564,196546212,836352,4,18572,450608,4076
2026-08-19T14:03:48.134539,393135960,391348584,390185980,12,114364,912212,9912,34359738367,261316,15872,6656,9216,108,195753396,194802372,951024,8,95792,461604,5836,197382564,196546212,836352,4,18572,450608,4076
2026-08-19T14:03:49.135866,393135960,391348584,390185980,12,114364,912212,9912,34359738367,261316,15872,6656,9216,108,195753396,194802372,951024,8,95792,461604,5836,197382564,196546212,836352,4,18572,450608,4076
2026-08-19T14:03:50.137237,393135960,391348584,390185980,40,114364,912212,9912,34359738367,261316,15872,6656,9216,108,195753396,194802372,951024,24,95792,461604,5836,197382564,196546212,836352,16,18572,450608,4076
2026-08-19T14:03:51.138527,393135960,391348836,390186236,32,114364,912212,9912,34359738367,261316,15872,6656,9216,108,195753396,194802372,951024,20,95792,461604,5836,197382564,196546464,836100,12,18572,450608,4076
2026-08-19T14:03:52.139844,393135960,391348860,390186260,36,114364,912212,9912,34359738367,261316,15872,6656,9216,108,195753396,194802372,951024,20,95792,461604,5836,197382564,196546488,836076,16,18572,450608,4076
2026-08-19T14:03:53.141170,393135960,391348860,390186260,36,114364,912212,9912,34359738367,261316,15872,6656,9216,108,195753396,194802372,951024,20,95792,461604,5836,197382564,196546488,836076,16,18572,450608,4076
2026-08-19T14:03:54.142462,393135960,391348860,390186260,48,114364,912212,9912,34359738367,261316,15872,6656,9216,108,195753396,194802372,951024,20,95792,461604,5836,197382564,196546488,836076,28,18572,450608,4076
2026-08-19T14:03:55.143791,393135960,391348860,390186268,20,114364,912212,9912,34359738367,261316,15872,6656,9216,108,195753396,194802372,951024,4,95792,461604,5836,197382564,196546488,836076,16,18572,450608,4076
2026-08-19T14:03:56.145175,393135960,391348860,390186268,20,114364,912212,9912,34359738367,261300,15872,6656,9216,108,195753396,194802372,951024,4,95792,461604,5836,197382564,196546488,836076,16,18572,450608,4076
2026-08-19T14:03:57.146500,393135960,391349112,390186520,20,114364,912212,9912,34359738367,261284,15872,6656,9216,108,195753396,194802372,951024,16,95792,461604,5836,197382564,196546740,835824,4,18572,450608,4076
2026-08-19T14:03:58.147830,393135960,391349368,390186776,48,114364,912212,9912,34359738367,261284,15872,6656,9216,108,195753396,194802372,951024,36,95792,461604,5836,197382564,196546996,835568,12,18572,450608,4076
2026-08-19T14:03:59.149217,393135960,391349620,390187028,48,114364,912212,9912,34359738367,261284,15872,6656,9216,108,195753396,194802372,951024,36,95792,461604,5836,197382564,196547248,835316,12,18572,450608,4076
2026-08-19T14:04:00.150520,393135960,391349872,390187280,48,114364,912212,9912,34359738367,261284,15872,6656,9216,108,195753396,194802624,950772,36,95792,461604,5836,197382564,196547248,835316,12,18572,450608,4076
2026-08-19T14:04:01.151850,393135960,391349872,390187280,48,114364,912212,9912,34359738367,261284,15872,6656,9216,108,195753396,194802624,950772,36,95792,461604,5836,197382564,196547248,835316,12,18572,450608,4076
2026-08-19T14:04:02.153194,393135960,391350124,390187532,36,114364,912212,9912,34359738367,261284,15872,6656,9216,108,195753396,194802624,950772,24,95792,461604,5836,197382564,196547500,835064,12,18572,450608,4076
2026-08-19T14:04:03.154551,393135960,391350124,390187532,28,114372,912212,9912,34359738367,261284,15872,6656,9216,108,195753396,194802624,950772,20,95792,461604,5836,197382564,196547500,835064,8,18580,450608,4076
2026-08-19T14:04:04.155880,393135960,391350376,390187784,28,114372,912212,9912,34359738367,261284,15872,6656,9216,108,195753396,194802876,950520,20,95792,461604,5836,197382564,196547500,835064,8,18580,450608,4076
2026-08-19T14:04:05.157244,393135960,391350376,390187784,32,114372,912212,9912,34359738367,261284,15872,6656,9216,108,195753396,194802876,950520,24,95792,461604,5836,197382564,196547500,835064,8,18580,450608,4076
2026-08-19T14:04:06.158562,393135960,391350376,390187784,48,114372,912212,9912,34359738367,261284,15872,6656,9216,108,195753396,194802876,950520,24,95792,461604,5836,197382564,196547500,835064,24,18580,450608,4076
2026-08-19T14:04:07.159846,393135960,391350376,390187784,24,114372,912212,9912,34359738367,261284,15872,6656,9216,108,195753396,194802876,950520,20,95792,461604,5836,197382564,196547500,835064,4,18580,450608,4076
2026-08-19T14:04:08.161196,393135960,391350376,390187812,20,114372,912212,9912,34359738367,261284,15872,6656,9216,108,195753396,194802876,950520,16,95792,461604,5836,197382564,196547500,835064,4,18580,450608,4076
2026-08-19T14:04:09.162447,393135960,391350376,390187812,20,114372,912212,9912,34359738367,261284,15872,6656,9216,108,195753396,194802876,950520,16,95792,461604,5836,197382564,196547500,835064,4,18580,450608,4076
2026-08-19T14:04:10.163742,393135960,391350376,390187812,20,114372,912212,9912,34359738367,261284,15872,6656,9216,108,195753396,194802876,950520,16,95792,461604,5836,197382564,196547500,835064,4,18580,450608,4076
2026-08-19T14:04:11.165046,393135960,391350376,390187812,20,114372,912212,9912,34359738367,261284,15872,6656,9216,108,195753396,194802876,950520,16,95792,461604,5836,197382564,196547500,835064,4,18580,450608,4076
2026-08-19T14:04:12.166316,393135960,391350628,390188064,0,114372,912212,9912,34359738367,261268,15872,6656,9216,108,195753396,194802876,950520,0,95792,461604,5836,197382564,196547752,834812,0,18580,450608,4076
2026-08-19T14:04:13.167623,393135960,391350628,390188064,28,114372,912212,9912,34359738367,261268,15872,6656,9216,108,195753396,194802876,950520,20,95792,461604,5836,197382564,196547752,834812,8,18580,450608,4076
2026-08-19T14:04:14.168890,393135960,391350880,390188316,28,114372,912212,9912,34359738367,261268,15872,6656,9216,108,195753396,194802876,950520,20,95792,461604,5836,197382564,196548004,834560,8,18580,450608,4076
2026-08-19T14:04:15.170157,393135960,391350880,390188316,28,114372,912212,9912,34359738367,261268,15872,6656,9216,108,195753396,194802876,950520,20,95792,461604,5836,197382564,196548004,834560,8,18580,450608,4076
2026-08-19T14:04:16.171460,393135960,391350880,390188316,28,114372,912212,9912,34359738367,261268,15872,6656,9216,108,195753396,194802876,950520,20,95792,461604,5836,197382564,196548004,834560,8,18580,450608,4076
2026-08-19T14:04:17.172755,393135960,391350880,390188316,40,114372,912212,9912,34359738367,261268,15872,6656,9216,108,195753396,194802876,950520,20,95792,461604,5836,197382564,196548004,834560,20,18580,450608,4076
2026-08-19T14:04:18.174063,393135960,391350632,390188072,24,114372,912212,9912,34359738367,261268,15872,6656,9216,108,195753396,194802628,950768,16,95792,461604,5836,197382564,196548004,834560,8,18580,450608,4076
2026-08-19T14:04:19.175333,393135960,391350888,390188328,24,114372,912212,9912,34359738367,261268,15872,6656,9216,108,195753396,194802628,950768,16,95792,461604,5836,197382564,196548260,834304,8,18580,450608,4076
2026-08-19T14:04:20.176575,393135960,392055548,390531116,24,113868,189476,6384,34359738367,261300,15872,6656,9216,108,195753396,195155664,597732,16,95792,99732,4828,197382564,196899884,482680,8,18076,89744,1556
2026-08-19T14:04:21.177834,393135960,391717092,390368860,92,114368,540156,9896,34359738367,261300,15872,6656,9216,108,195753396,194985312,768084,12,95764,275692,5772,197382564,196731780,650784,80,18604,264488,4124
2026-08-19T14:04:22.178428,393135960,391398312,390209508,92,114368,859092,9896,34359738367,261300,15872,6656,9216,108,195753396,194826804,926592,12,95764,435152,5772,197382564,196571508,811056,80,18604,423944,4124
2026-08-19T14:04:23.179108,393135960,391347660,390184040,92,114372,910772,9896,34359738367,261300,15872,6656,9216,108,195753396,194800848,952548,12,95768,461004,5772,197382564,196546812,835752,80,18604,449768,4124
2026-08-19T14:04:24.180434,393135960,391347156,390184188,92,114372,912172,9896,34359738367,261300,15872,6656,9216,108,195753396,194800596,952800,12,95768,461712,5772,197382564,196546560,836004,80,18604,450460,4124
2026-08-19T14:04:25.181792,393135960,391347156,390184216,16,114372,912172,9896,34359738367,261300,15872,6656,9216,108,195753396,194800596,952800,12,95768,461712,5772,197382564,196546560,836004,4,18604,450460,4124
2026-08-19T14:04:26.183155,393135960,391347408,390184492,40,114372,912172,9896,34359738367,261300,15872,6656,9216,108,195753396,194800596,952800,24,95768,461712,5772,197382564,196546812,835752,16,18604,450460,4124
2026-08-19T14:04:27.184480,393135960,391347912,390184996,44,114372,912172,9896,34359738367,261300,15872,6656,9216,108,195753396,194800848,952548,24,95768,461712,5772,197382564,196547064,835500,20,18604,450460,4124
2026-08-19T14:04:28.185852,393135960,391347912,390184996,44,114372,912172,9896,34359738367,261300,15872,6656,9216,108,195753396,194800848,952548,24,95768,461712,5772,197382564,196547064,835500,20,18604,450460,4124
2026-08-19T14:04:29.187181,393135960,391347912,390185024,68,114372,912172,9896,34359738367,261300,15872,6656,9216,108,195753396,194800848,952548,36,95768,461712,5772,197382564,196547064,835500,32,18604,450460,4124
2026-08-19T14:04:30.188483,393135960,391348120,390185232,68,114372,912172,9896,34359738367,261300,15872,6656,9216,108,195753396,194801056,952340,36,95768,461712,5772,197382564,196547064,835500,32,18604,450460,4124
2026-08-19T14:04:31.189852,393135960,391348120,390185276,16,114372,912172,9896,34359738367,261300,15872,6656,9216,108,195753396,194801056,952340,16,95768,461712,5772,197382564,196547064,835500,0,18604,450460,4124
2026-08-19T14:04:32.191174,393135960,391348624,390185780,20,114372,912172,9896,34359738367,261300,15872,6656,9216,108,195753396,194801056,952340,16,95768,461712,5772,197382564,196547568,834996,4,18604,450460,4124
2026-08-19T14:04:33.192493,393135960,391348624,390185780,20,114372,912172,9896,34359738367,261300,15872,6656,9216,108,195753396,194801056,952340,16,95768,461712,5772,197382564,196547568,834996,4,18604,450460,4124
2026-08-19T14:04:34.193896,393135960,391348624,390185780,20,114372,912172,9896,34359738367,261300,15872,6656,9216,108,195753396,194801056,952340,16,95768,461712,5772,197382564,196547568,834996,4,18604,450460,4124
2026-08-19T14:04:35.195218,393135960,391348624,390185780,20,114372,912172,9896,34359738367,261300,15872,6656,9216,108,195753396,194801056,952340,16,95768,461712,5772,197382564,196547568,834996,4,18604,450460,4124
2026-08-19T14:04:36.196537,393135960,391348624,390185780,8,114372,912172,9896,34359738367,261300,15872,6656,9216,108,195753396,194801056,952340,4,95768,461712,5772,197382564,196547568,834996,4,18604,450460,4124
2026-08-19T14:04:37.197918,393135960,391348624,390185780,8,114372,912172,9896,34359738367,261300,15872,6656,9216,108,195753396,194801056,952340,4,95768,461712,5772,197382564,196547568,834996,4,18604,450460,4124
2026-08-19T14:04:38.199232,393135960,391348680,390185836,8,114372,912172,9896,34359738367,261300,15872,6656,9216,108,195753396,194801056,952340,4,95768,461712,5772,197382564,196547624,834940,4,18604,450460,4124
2026-08-19T14:04:39.200541,393135960,391348680,390185836,20,114372,912172,9896,34359738367,261300,15872,6656,9216,108,195753396,194801056,952340,16,95768,461712,5772,197382564,196547624,834940,4,18604,450460,4124
2026-08-19T14:04:40.201883,393135960,391348932,390186088,20,114372,912172,9896,34359738367,261300,15872,6656,9216,108,195753396,194801056,952340,16,95768,461712,5772,197382564,196547876,834688,4,18604,450460,4124
2026-08-19T14:04:41.203160,393135960,391348932,390186088,40,114372,912172,9896,34359738367,261300,15872,6656,9216,108,195753396,194801056,952340,24,95768,461712,5772,197382564,196547876,834688,16,18604,450460,4124
2026-08-19T14:04:42.204480,393135960,391349184,390186344,12,114372,912172,9896,34359738367,261300,15872,6656,9216,108,195753396,194801056,952340,12,95768,461712,5772,197382564,196548128,834436,0,18604,450460,4124
2026-08-19T14:04:43.205815,393135960,391349184,390186344,16,114372,912172,9896,34359738367,261300,15872,6656,9216,108,195753396,194801056,952340,12,95768,461712,5772,197382564,196548128,834436,4,18604,450460,4124
2026-08-19T14:04:44.207148,393135960,391349184,390186344,20,114372,912172,9896,34359738367,261300,15872,6656,9216,108,195753396,194801056,952340,16,95768,461712,5772,197382564,196548128,834436,4,18604,450460,4124
2026-08-19T14:04:45.208453,393135960,391349184,390186344,20,114372,912172,9896,34359738367,261300,15872,6656,9216,108,195753396,194801056,952340,16,95768,461712,5772,197382564,196548128,834436,4,18604,450460,4124
2026-08-19T14:04:46.209776,393135960,391349184,390186344,40,114372,912172,9896,34359738367,261300,15872,6656,9216,108,195753396,194801056,952340,28,95768,461712,5772,197382564,196548128,834436,12,18604,450460,4124
2026-08-19T14:04:47.211062,393135960,391349184,390186344,12,114372,912172,9896,34359738367,261300,15872,6656,9216,108,195753396,194801056,952340,8,95768,461712,5772,197382564,196548128,834436,4,18604,450460,4124
2026-08-19T14:04:48.212343,393135960,391349436,390186600,8,114372,912172,9896,34359738367,261300,15872,6656,9216,108,195753396,194801056,952340,4,95768,461712,5772,197382564,196548380,834184,4,18604,450460,4124
2026-08-19T14:04:49.213697,393135960,391349436,390186600,12,114372,912172,9896,34359738367,261300,15872,6656,9216,108,195753396,194801056,952340,4,95768,461712,5772,197382564,196548380,834184,8,18604,450460,4124
2026-08-19T14:04:50.214974,393135960,391349436,390186600,24,114372,912172,9896,34359738367,261300,15872,6656,9216,108,195753396,194801056,952340,16,95768,461712,5772,197382564,196548380,834184,8,18604,450460,4124
2026-08-19T14:04:51.216276,393135960,391349688,390186852,44,114372,912172,9896,34359738367,261300,15872,6656,9216,108,195753396,194801056,952340,32,95768,461712,5772,197382564,196548632,833932,12,18604,450460,4124
2026-08-19T14:04:52.217656,393135960,391349688,390186852,44,114372,912172,9896,34359738367,261300,15872,6656,9216,108,195753396,194801056,952340,32,95768,461712,5772,197382564,196548632,833932,12,18604,450460,4124
2026-08-19T14:04:53.218960,393135960,391349688,390186872,24,114372,912172,9896,34359738367,261300,15872,6656,9216,108,195753396,194801056,952340,20,95768,461712,5772,197382564,196548632,833932,4,18604,450460,4124
2026-08-19T14:04:54.220269,393135960,391349688,390186872,28,114372,912172,9896,34359738367,261300,15872,6656,9216,108,195753396,194801056,952340,20,95768,461712,5772,197382564,196548632,833932,8,18604,450460,4124
2026-08-19T14:04:55.221626,393135960,391349688,390186872,28,114372,912172,9896,34359738367,261300,15872,6656,9216,108,195753396,194801056,952340,20,95768,461712,5772,197382564,196548632,833932,8,18604,450460,4124
2026-08-19T14:04:56.222920,393135960,391349688,390186872,8,114372,912172,9896,34359738367,261300,15872,6656,9216,108,195753396,194801056,952340,4,95768,461712,5772,197382564,196548632,833932,4,18604,450460,4124
2026-08-19T14:04:57.224233,393135960,391349688,390186872,8,114372,912172,9896,34359738367,261300,15872,6656,9216,108,195753396,194801056,952340,4,95768,461712,5772,197382564,196548632,833932,4,18604,450460,4124
2026-08-19T14:04:58.225623,393135960,391349688,390186872,8,114372,912172,9896,34359738367,261300,15872,6656,9216,108,195753396,194801056,952340,4,95768,461712,5772,197382564,196548632,833932,4,18604,450460,4124
2026-08-19T14:04:59.226902,393135960,391349688,390186872,8,114372,912172,9896,34359738367,261300,15872,6656,9216,108,195753396,194801056,952340,4,95768,461712,5772,197382564,196548632,833932,4,18604,450460,4124
2026-08-19T14:05:00.228208,393135960,391349688,390186872,8,114372,912172,9896,34359738367,261300,15872,6656,9216,108,195753396,194801056,952340,4,95768,461712,5772,197382564,196548632,833932,4,18604,450460,4124
2026-08-19T14:05:01.229558,393135960,391349688,390186904,28,114372,912172,9896,34359738367,261300,15872,6656,9216,108,195753396,194801056,952340,24,95768,461712,5772,197382564,196548632,833932,4,18604,450460,4124
2026-08-19T14:05:02.230834,393135960,391349140,390186356,28,114372,912172,9896,34359738367,261284,15872,6656,9216,108,195753396,194800552,952844,24,95768,461712,5772,197382564,196548588,833976,4,18604,450460,4124
2026-08-19T14:05:03.232171,393135960,391348384,390186228,196,114372,912176,9896,34359738367,261284,15872,6656,9216,108,195753396,194800048,953348,40,95768,461716,5772,197382564,196548336,834228,156,18604,450460,4124
2026-08-19T14:05:04.233554,393135960,391348384,390186228,196,114372,912176,9896,34359738367,261284,15872,6656,9216,108,195753396,194800048,953348,40,95768,461716,5772,197382564,196548336,834228,156,18604,450460,4124
2026-08-19T14:05:05.234846,393135960,391348384,390186232,188,114372,912176,9896,34359738367,261284,15872,6656,9216,108,195753396,194800048,953348,24,95768,461716,5772,197382564,196548336,834228,164,18604,450460,4124
2026-08-19T14:05:06.236148,393135960,391348632,390186500,184,114372,912176,9896,34359738367,261284,15872,6656,9216,108,195753396,194800048,953348,16,95768,461716,5772,197382564,196548584,833980,168,18604,450460,4124
2026-08-19T14:05:07.237492,393135960,391348632,390186500,144,114372,912176,9896,34359738367,261284,15872,6656,9216,108,195753396,194800048,953348,16,95768,461716,5772,197382564,196548584,833980,128,18604,450460,4124
2026-08-19T14:05:08.238784,393135960,391348884,390186752,20,114372,912176,9896,34359738367,261284,15872,6656,9216,108,195753396,194800048,953348,4,95768,461716,5772,197382564,196548836,833728,16,18604,450460,4124
2026-08-19T14:05:09.240091,393135960,391348884,390186752,20,114372,912176,9896,34359738367,261284,15872,6656,9216,108,195753396,194800048,953348,4,95768,461716,5772,197382564,196548836,833728,0,18604,450460,4124
2026-08-19T14:05:10.241441,393135960,391625084,390327380,0,112332,110816,6864,34359738367,260276,15872,6656,9216,108,195753396,194950752,802644,0,94748,61036,5268,197382564,196688444,694120,0,17584,49780,1596
2026-08-19T14:05:11.242737,393135960,391960368,390489288,92,114324,294888,9828,34359738367,261300,15872,6656,9216,108,195753396,195106460,646936,12,95736,152860,5832,197382564,196853908,528656,80,18588,142052,3996
2026-08-19T14:05:12.243292,393135960,391643856,390331616,92,114376,612060,9904,34359738367,261300,15872,6656,9216,108,195753396,194950220,803176,12,95752,311272,5868,197382564,196693636,688928,80,18624,300796,4036
2026-08-19T14:05:13.243958,393135960,391346748,390183208,92,114380,910360,9904,34359738367,261300,15872,6656,9216,108,195753396,194800280,953116,12,95756,460584,5868,197382564,196546468,836096,80,18624,449776,4036
2026-08-19T14:05:14.245465,393135960,391345740,390182688,92,114380,911992,9904,34359738367,261300,15872,6656,9216,108,195753396,194800280,953116,12,95756,461400,5868,197382564,196545460,837104,80,18624,450592,4036
2026-08-19T14:05:15.246753,393135960,391345488,390182540,92,114380,912216,9904,34359738367,261300,15872,6656,9216,108,195753396,194800028,953368,12,95756,461512,5868,197382564,196545460,837104,80,18624,450704,4036
2026-08-19T14:05:16.248051,393135960,391346244,390183296,136,114380,912216,9904,34359738367,261300,15872,6656,9216,108,195753396,194800532,952864,36,95756,461512,5868,197382564,196545712,836852,100,18624,450704,4036
2026-08-19T14:05:17.249475,393135960,391346244,390183316,40,114380,912216,9904,34359738367,261300,15872,6656,9216,108,195753396,194800532,952864,28,95756,461512,5868,197382564,196545712,836852,12,18624,450704,4036
2026-08-19T14:05:18.250787,393135960,391346748,390183820,40,114380,912216,9904,34359738367,261300,15872,6656,9216,108,195753396,194800784,952612,28,95756,461512,5868,197382564,196545964,836600,12,18624,450704,4036
2026-08-19T14:05:19.252106,393135960,391346748,390183820,40,114380,912216,9904,34359738367,261300,15872,6656,9216,108,195753396,194800784,952612,28,95756,461512,5868,197382564,196545964,836600,12,18624,450704,4036
2026-08-19T14:05:20.253493,393135960,391346748,390183820,40,114380,912216,9904,34359738367,261300,15872,6656,9216,108,195753396,194800784,952612,28,95756,461512,5868,197382564,196545964,836600,12,18624,450704,4036
2026-08-19T14:05:21.254778,393135960,391346748,390183820,64,114380,912216,9904,34359738367,261300,15872,6656,9216,108,195753396,194800784,952612,44,95756,461512,5868,197382564,196545964,836600,20,18624,450704,4036
2026-08-19T14:05:22.256147,393135960,391346748,390183820,64,114380,912216,9904,34359738367,261300,15872,6656,9216,108,195753396,194800784,952612,44,95756,461512,5868,197382564,196545964,836600,20,18624,450704,4036
2026-08-19T14:05:23.257555,393135960,391347252,390184348,52,114380,912216,9904,34359738367,261300,15872,6656,9216,108,195753396,194800784,952612,32,95756,461512,5868,197382564,196546468,836096,20,18624,450704,4036
2026-08-19T14:05:24.258869,393135960,391347420,390184516,52,114380,912216,9904,34359738367,261300,15872,6656,9216,108,195753396,194800952,952444,32,95756,461512,5868,197382564,196546468,836096,20,18624,450704,4036
2026-08-19T14:05:25.260221,393135960,391347420,390184516,52,114380,912216,9904,34359738367,261300,15872,6656,9216,108,195753396,194800952,952444,32,95756,461512,5868,197382564,196546468,836096,20,18624,450704,4036
2026-08-19T14:05:26.261620,393135960,391347420,390184516,52,114380,912216,9904,34359738367,261300,15872,6656,9216,108,195753396,194800952,952444,32,95756,461512,5868,197382564,196546468,836096,20,18624,450704,4036
2026-08-19T14:05:27.262933,393135960,391347420,390184528,64,114380,912216,9904,34359738367,261300,15872,6656,9216,108,195753396,194800952,952444,36,95756,461512,5868,197382564,196546468,836096,28,18624,450704,4036
2026-08-19T14:05:28.264294,393135960,391347420,390184528,68,114380,912216,9904,34359738367,261300,15872,6656,9216,108,195753396,194800952,952444,40,95756,461512,5868,197382564,196546468,836096,28,18624,450704,4036
2026-08-19T14:05:29.265727,393135960,391347672,390184780,72,114380,912216,9904,34359738367,261300,15872,6656,9216,108,195753396,194800952,952444,40,95756,461512,5868,197382564,196546720,835844,32,18624,450704,4036
2026-08-19T14:05:30.267051,393135960,391347672,390184780,72,114380,912216,9904,34359738367,261300,15872,6656,9216,108,195753396,194800952,952444,40,95756,461512,5868,197382564,196546720,835844,32,18624,450704,4036
2026-08-19T14:05:31.268398,393135960,391347672,390184808,72,114380,912216,9904,34359738367,261300,15872,6656,9216,108,195753396,194800952,952444,40,95756,461512,5868,197382564,196546720,835844,32,18624,450704,4036
2026-08-19T14:05:32.269803,393135960,391347672,390184816,52,114380,912216,9904,34359738367,261300,15872,6656,9216,108,195753396,194800952,952444,36,95756,461512,5868,197382564,196546720,835844,16,18624,450704,4036
2026-08-19T14:05:33.271095,393135960,391347924,390185068,56,114380,912216,9904,34359738367,261300,15872,6656,9216,108,195753396,194800952,952444,40,95756,461512,5868,197382564,196546972,835592,16,18624,450704,4036
2026-08-19T14:05:34.272378,393135960,391348176,390185320,60,114380,912216,9904,34359738367,261300,15872,6656,9216,108,195753396,194800952,952444,40,95756,461512,5868,197382564,196547224,835340,20,18624,450704,4036
2026-08-19T14:05:35.273734,393135960,391348176,390185320,60,114380,912216,9904,34359738367,261300,15872,6656,9216,108,195753396,194800952,952444,40,95756,461512,5868,197382564,196547224,835340,20,18624,450704,4036
2026-08-19T14:05:36.275012,393135960,391348176,390185320,64,114380,912216,9904,34359738367,261300,15872,6656,9216,108,195753396,194800952,952444,40,95756,461512,5868,197382564,196547224,835340,24,18624,450704,4036
2026-08-19T14:05:37.276299,393135960,391348176,390185320,64,114380,912216,9904,34359738367,261300,15872,6656,9216,108,195753396,194800952,952444,40,95756,461512,5868,197382564,196547224,835340,24,18624,450704,4036
2026-08-19T14:05:38.277695,393135960,391348176,390185320,60,114380,912216,9904,34359738367,261300,15872,6656,9216,108,195753396,194800952,952444,36,95756,461512,5868,197382564,196547224,835340,24,18624,450704,4036
2026-08-19T14:05:39.278971,393135960,391348176,390185320,64,114380,912216,9904,34359738367,261300,15872,6656,9216,108,195753396,194800952,952444,40,95756,461512,5868,197382564,196547224,835340,24,18624,450704,4036
2026-08-19T14:05:40.280259,393135960,391348176,390185320,76,114380,912216,9904,34359738367,261300,15872,6656,9216,108,195753396,194800952,952444,40,95756,461512,5868,197382564,196547224,835340,36,18624,450704,4036
2026-08-19T14:05:41.281700,393135960,391348428,390185572,24,114380,912216,9904,34359738367,261300,15872,6656,9216,108,195753396,194800952,952444,8,95756,461512,5868,197382564,196547476,835088,16,18624,450704,4036
2026-08-19T14:05:42.282977,393135960,391348428,390185572,36,114380,912216,9904,34359738367,261300,15872,6656,9216,108,195753396,194800952,952444,20,95756,461512,5868,197382564,196547476,835088,16,18624,450704,4036
2026-08-19T14:05:43.284259,393135960,391348932,390186080,0,114380,912216,9904,34359738367,261300,15872,6656,9216,108,195753396,194800952,952444,0,95756,461512,5868,197382564,196547980,834584,0,18624,450704,4036
2026-08-19T14:05:44.285641,393135960,391348932,390186080,4,114380,912216,9904,34359738367,261300,15872,6656,9216,108,195753396,194800952,952444,4,95756,461512,5868,197382564,196547980,834584,0,18624,450704,4036
2026-08-19T14:05:45.286910,393135960,391349184,390186332,8,114380,912216,9904,34359738367,261300,15872,6656,9216,108,195753396,194800952,952444,4,95756,461512,5868,197382564,196548232,834332,4,18624,450704,4036
2026-08-19T14:05:46.288202,393135960,391349184,390186332,36,114380,912216,9904,34359738367,261300,15872,6656,9216,108,195753396,194800952,952444,24,95756,461512,5868,197382564,196548232,834332,12,18624,450704,4036
2026-08-19T14:05:47.289596,393135960,391349184,390186332,36,114380,912216,9904,34359738367,261300,15872,6656,9216,108,195753396,194800952,952444,24,95756,461512,5868,197382564,196548232,834332,12,18624,450704,4036
2026-08-19T14:05:48.290854,393135960,391349184,390186332,36,114380,912216,9904,34359738367,261300,15872,6656,9216,108,195753396,194800952,952444,24,95756,461512,5868,197382564,196548232,834332,12,18624,450704,4036
2026-08-19T14:05:49.292140,393135960,391349184,390186332,32,114380,912216,9904,34359738367,261300,15872,6656,9216,108,195753396,194800952,952444,20,95756,461512,5868,197382564,196548232,834332,12,18624,450704,4036
2026-08-19T14:05:50.293490,393135960,391349184,390186332,36,114380,912216,9904,34359738367,261300,15872,6656,9216,108,195753396,194800952,952444,24,95756,461512,5868,197382564,196548232,834332,12,18624,450704,4036
2026-08-19T14:05:51.294764,393135960,391348932,390186080,48,114380,912216,9904,34359738367,261300,15872,6656,9216,108,195753396,194800952,952444,24,95756,461512,5868,197382564,196547980,834584,24,18624,450704,4036
2026-08-19T14:05:52.296045,393135960,391349184,390186332,48,114380,912216,9904,34359738367,261300,15872,6656,9216,108,195753396,194800952,952444,24,95756,461512,5868,197382564,196548232,834332,24,18624,450704,4036
2026-08-19T14:05:53.297391,393135960,391349440,390186588,60,114380,912216,9904,34359738367,261300,15872,6656,9216,108,195753396,194800952,952444,36,95756,461512,5868,197382564,196548488,834076,24,18624,450704,4036
2026-08-19T14:05:54.298665,393135960,391349692,390186844,36,114380,912216,9904,34359738367,261300,15872,6656,9216,108,195753396,194800952,952444,20,95756,461512,5868,197382564,196548740,833824,16,18624,450704,4036
2026-08-19T14:05:55.299955,393135960,391349692,390186844,40,114380,912216,9904,34359738367,261300,15872,6656,9216,108,195753396,194800952,952444,24,95756,461512,5868,197382564,196548740,833824,16,18624,450704,4036
2026-08-19T14:05:56.301284,393135960,391349944,390187096,40,114380,912216,9904,34359738367,261300,15872,6656,9216,108,195753396,194800952,952444,24,95756,461512,5868,197382564,196548992,833572,16,18624,450704,4036
2026-08-19T14:05:57.302538,393135960,391349944,390187096,40,114380,912216,9904,34359738367,261300,15872,6656,9216,108,195753396,194800952,952444,24,95756,461512,5868,197382564,196548992,833572,16,18624,450704,4036
2026-08-19T14:05:58.303848,393135960,391350196,390187348,40,114380,912216,9904,34359738367,261300,15872,6656,9216,108,195753396,194800952,952444,24,95756,461512,5868,197382564,196549244,833320,16,18624,450704,4036
2026-08-19T14:05:59.305191,393135960,391350196,390187352,28,114380,912216,9904,34359738367,261300,15872,6656,9216,108,195753396,194800952,952444,20,95756,461512,5868,197382564,196549244,833320,8,18624,450704,4036
2026-08-19T14:06:00.306506,393135960,391350196,390187352,36,114380,912216,9904,34359738367,261300,15872,6656,9216,108,195753396,194800952,952444,28,95756,461512,5868,197382564,196549244,833320,8,18624,450704,4036
2026-08-19T14:06:01.307749,393135960,392142928,390587576,84,113000,125376,5656,34359738367,260212,15872,6656,9216,108,195753396,195192064,561332,8,95116,68192,4768,197382564,196950864,431700,76,17884,57184,888
2026-08-19T14:06:02.309322,393135960,391892052,390460240,92,114364,372920,9896,34359738367,261300,15872,6656,9216,108,195753396,195068644,684752,12,95792,191920,5872,197382564,196823408,559156,80,18572,181032,4024
2026-08-19T14:06:03.309980,393135960,391570248,390300036,116,114376,696040,9896,34359738367,261300,15872,6656,9216,108,195753396,194908372,845024,16,95796,353508,5872,197382564,196661876,720688,100,18580,342548,4024
2026-08-19T14:06:04.310656,393135960,391355544,390191824,116,114380,910396,9896,34359738367,261300,15872,6656,9216,108,195753396,194801020,952376,16,95800,460696,5872,197382564,196554524,828040,100,18580,449700,4024
2026-08-19T14:06:05.311956,393135960,391354284,390191012,116,114380,911684,9896,34359738367,261300,15872,6656,9216,108,195753396,194800516,952880,16,95800,461296,5872,197382564,196553768,828796,100,18580,450388,4024
2026-08-19T14:06:06.313286,393135960,391354032,390191060,32,114380,912196,9896,34359738367,261300,15872,6656,9216,108,195753396,194800516,952880,8,95800,461560,5872,197382564,196553516,829048,24,18580,450636,4024
2026-08-19T14:06:07.314612,393135960,391354536,390191568,36,114380,912196,9896,34359738367,261300,15872,6656,9216,108,195753396,194800516,952880,24,95800,461560,5872,197382564,196554020,828544,12,18580,450636,4024
2026-08-19T14:06:08.315935,393135960,391354536,390191568,40,114380,912196,9896,34359738367,261300,15872,6656,9216,108,195753396,194800516,952880,28,95800,461560,5872,197382564,196554020,828544,12,18580,450636,4024
2026-08-19T14:06:09.317316,393135960,391355040,390192072,40,114380,912196,9896,34359738367,261300,15872,6656,9216,108,195753396,194800768,952628,28,95800,461560,5872,197382564,196554272,828292,12,18580,450636,4024
2026-08-19T14:06:10.318622,393135960,391355040,390192072,40,114380,912196,9896,34359738367,261300,15872,6656,9216,108,195753396,194800768,952628,28,95800,461560,5872,197382564,196554272,828292,12,18580,450636,4024
2026-08-19T14:06:11.319939,393135960,391355040,390192072,40,114380,912196,9896,34359738367,261300,15872,6656,9216,108,195753396,194800768,952628,28,95800,461560,5872,197382564,196554272,828292,12,18580,450636,4024
2026-08-19T14:06:12.321312,393135960,391355040,390192096,48,114380,912196,9896,34359738367,261300,15872,6656,9216,108,195753396,194800768,952628,32,95800,461560,5872,197382564,196554272,828292,16,18580,450636,4024
2026-08-19T14:06:13.322640,393135960,391355040,390192096,52,114380,912196,9896,34359738367,261300,15872,6656,9216,108,195753396,194800768,952628,36,95800,461560,5872,197382564,196554272,828292,16,18580,450636,4024
2026-08-19T14:06:14.323953,393135960,391355292,390192348,68,114380,912196,9896,34359738367,261300,15872,6656,9216,108,195753396,194800768,952628,44,95800,461560,5872,197382564,196554524,828040,24,18580,450636,4024
2026-08-19T14:06:15.325294,393135960,391355292,390192348,80,114380,912196,9896,34359738367,261300,15872,6656,9216,108,195753396,194800768,952628,44,95800,461560,5872,197382564,196554524,828040,36,18580,450636,4024
2026-08-19T14:06:16.326605,393135960,391355496,390192552,84,114380,912196,9896,34359738367,261300,15872,6656,9216,108,195753396,194800972,952424,44,95800,461560,5872,197382564,196554524,828040,40,18580,450636,4024
2026-08-19T14:06:17.327908,393135960,391355496,390192552,84,114380,912196,9896,34359738367,261300,15872,6656,9216,108,195753396,194800972,952424,44,95800,461560,5872,197382564,196554524,828040,40,18580,450636,4024
2026-08-19T14:06:18.329272,393135960,391355496,390192556,52,114380,912196,9896,34359738367,261300,15872,6656,9216,108,195753396,194800972,952424,32,95800,461560,5872,197382564,196554524,828040,20,18580,450636,4024
2026-08-19T14:06:19.330649,393135960,391355748,390192808,60,114380,912196,9896,34359738367,261300,15872,6656,9216,108,195753396,194800972,952424,40,95800,461560,5872,197382564,196554776,827788,20,18580,450636,4024
2026-08-19T14:06:20.331953,393135960,391355748,390192808,60,114380,912196,9896,34359738367,261300,15872,6656,9216,108,195753396,194800972,952424,40,95800,461560,5872,197382564,196554776,827788,20,18580,450636,4024
2026-08-19T14:06:21.333329,393135960,391356000,390193060,60,114380,912196,9896,34359738367,261300,15872,6656,9216,108,195753396,194800972,952424,40,95800,461560,5872,197382564,196555028,827536,20,18580,450636,4024
2026-08-19T14:06:22.334623,393135960,391356000,390193060,64,114380,912196,9896,34359738367,261300,15872,6656,9216,108,195753396,194800972,952424,40,95800,461560,5872,197382564,196555028,827536,24,18580,450636,4024
2026-08-19T14:06:23.335959,393135960,391356000,390193068,56,114380,912196,9896,34359738367,261300,15872,6656,9216,108,195753396,194800972,952424,32,95800,461560,5872,197382564,196555028,827536,24,18580,450636,4024
2026-08-19T14:06:24.337330,393135960,391356252,390193320,60,114380,912196,9896,34359738367,261300,15872,6656,9216,108,195753396,194800972,952424,36,95800,461560,5872,197382564,196555280,827284,24,18580,450636,4024
2026-08-19T14:06:25.338623,393135960,391356516,390193584,72,114380,912196,9896,34359738367,261300,15872,6656,9216,108,195753396,194800972,952424,48,95800,461560,5872,197382564,196555544,827020,24,18580,450636,4024
2026-08-19T14:06:26.339937,393135960,391356768,390193836,84,114380,912196,9896,34359738367,261300,15872,6656,9216,108,195753396,194800972,952424,48,95800,461560,5872,197382564,196555796,826768,36,18580,450636,4024
2026-08-19T14:06:27.341239,393135960,391356768,390193836,88,114380,912196,9896,34359738367,261300,15872,6656,9216,108,195753396,194800972,952424,52,95800,461560,5872,197382564,196555796,826768,36,18580,450636,4024
2026-08-19T14:06:28.342535,393135960,391356768,390193840,56,114380,912196,9896,34359738367,261300,15872,6656,9216,108,195753396,194800972,952424,36,95800,461560,5872,197382564,196555796,826768,20,18580,450636,4024
2026-08-19T14:06:29.343813,393135960,391357020,390194092,60,114380,912196,9896,34359738367,261300,15872,6656,9216,108,195753396,194800972,952424,40,95800,461560,5872,197382564,196556048,826516,20,18580,450636,4024
2026-08-19T14:06:30.345144,393135960,391357292,390194364,64,114380,912196,9896,34359738367,261300,15872,6656,9216,108,195753396,194800972,952424,40,95800,461560,5872,197382564,196556320,826244,24,18580,450636,4024
2026-08-19T14:06:31.346415,393135960,391357292,390194364,64,114380,912196,9896,34359738367,261300,15872,6656,9216,108,195753396,194800972,952424,40,95800,461560,5872,197382564,196556320,826244,24,18580,450636,4024
2026-08-19T14:06:32.347703,393135960,391357292,390194392,32,114380,912196,9896,34359738367,261300,15872,6656,9216,108,195753396,194800972,952424,20,95800,461560,5872,197382564,196556320,826244,12,18580,450636,4024
2026-08-19T14:06:33.349044,393135960,391357292,390194392,32,114380,912196,9896,34359738367,261300,15872,6656,9216,108,195753396,194800972,952424,20,95800,461560,5872,197382564,196556320,826244,12,18580,450636,4024
2026-08-19T14:06:34.350314,393135960,391357068,390194188,28,114380,912196,9896,34359738367,261300,15872,6656,9216,108,195753396,194800748,952648,16,95800,461560,5872,197382564,196556320,826244,12,18580,450636,4024
2026-08-19T14:06:35.351621,393135960,391357068,390194188,44,114380,912196,9896,34359738367,261300,15872,6656,9216,108,195753396,194800748,952648,32,95800,461560,5872,197382564,196556320,826244,12,18580,450636,4024
2026-08-19T14:06:36.352886,393135960,391357448,390194568,44,114380,912196,9896,34359738367,261300,15872,6656,9216,108,195753396,194800748,952648,32,95800,461560,5872,197382564,196556700,825864,12,18580,450636,4024
2026-08-19T14:06:37.354188,393135960,391357448,390194568,48,114380,912196,9896,34359738367,261300,15872,6656,9216,108,195753396,194800748,952648,36,95800,461560,5872,197382564,196556700,825864,12,18580,450636,4024
2026-08-19T14:06:38.356303,393135960,391357448,390194568,64,114380,912196,9896,34359738367,261300,15872,6656,9216,108,195753396,194800748,952648,40,95800,461560,5872,197382564,196556700,825864,24,18580,450636,4024
2026-08-19T14:06:39.357708,393135960,391357700,390194844,64,114380,912196,9896,34359738367,261300,15872,6656,9216,108,195753396,194800748,952648,40,95892,461560,5872,197382564,196556952,825612,24,18488,450636,4024
2026-08-19T14:06:40.358997,393135960,391357700,390194848,32,114380,912196,9896,34359738367,261300,15872,6656,9216,108,195753396,194800748,952648,24,95892,461560,5872,197382564,196556952,825612,8,18488,450636,4024
2026-08-19T14:06:41.360291,393135960,391357700,390194848,32,114380,912196,9896,34359738367,261300,15872,6656,9216,108,195753396,194800748,952648,24,95892,461560,5872,197382564,196556952,825612,8,18488,450636,4024
2026-08-19T14:06:42.361676,393135960,391357700,390194848,40,114380,912196,9896,34359738367,261300,15872,6656,9216,108,195753396,194800748,952648,28,95892,461560,5872,197382564,196556952,825612,12,18488,450636,4024
2026-08-19T14:06:43.362964,393135960,391357700,390194848,40,114380,912196,9896,34359738367,261300,15872,6656,9216,108,195753396,194800748,952648,28,95892,461560,5872,197382564,196556952,825612,12,18488,450636,4024
2026-08-19T14:06:44.364294,393135960,391357700,390194848,32,114380,912196,9896,34359738367,261300,15872,6656,9216,108,195753396,194800748,952648,20,95892,461560,5872,197382564,196556952,825612,12,18488,450636,4024
2026-08-19T14:06:45.365704,393135960,391357700,390194848,36,114380,912196,9896,34359738367,261300,15872,6656,9216,108,195753396,194800748,952648,24,95892,461560,5872,197382564,196556952,825612,12,18488,450636,4024
2026-08-19T14:06:46.367015,393135960,391357700,390194848,52,114380,912196,9896,34359738367,261300,15872,6656,9216,108,195753396,194800748,952648,40,95892,461560,5872,197382564,196556952,825612,12,18488,450636,4024
2026-08-19T14:06:47.368308,393135960,391357952,390195100,52,114380,912196,9896,34359738367,261300,15872,6656,9216,108,195753396,194800748,952648,40,95892,461560,5872,197382564,196557204,825360,12,18488,450636,4024
2026-08-19T14:06:48.369654,393135960,391357952,390195124,52,114388,912196,9896,34359738367,261300,15872,6656,9216,108,195753396,194800748,952648,40,95900,461560,5872,197382564,196557204,825360,12,18488,450636,4024
2026-08-19T14:06:49.370954,393135960,391358204,390195376,52,114388,912196,9896,34359738367,261300,15872,6656,9216,108,195753396,194800748,952648,40,95900,461560,5872,197382564,196557456,825108,12,18488,450636,4024
2026-08-19T14:06:50.372271,393135960,391358204,390195380,48,114388,912196,9896,34359738367,261300,15872,6656,9216,108,195753396,194800748,952648,24,95900,461560,5872,197382564,196557456,825108,24,18488,450636,4024
2026-08-19T14:06:51.373655,393135960,391358456,390195632,52,114388,912196,9896,34359738367,261300,15872,6656,9216,108,195753396,194800748,952648,28,95900,461560,5872,197382564,196557708,824856,24,18488,450636,4024
2026-08-19T14:06:52.374868,393135960,392140112,390584780,92,114052,126108,6648,34359738367,261284,15872,6656,9216,108,195753396,195191052,562344,8,95856,68552,5108,197382564,196949060,433504,84,18196,57556,1540
2026-08-19T14:06:53.376539,393135960,391818124,390425032,96,114384,450444,9896,34359738367,261284,15872,6656,9216,108,195753396,195032292,721104,12,95884,230880,5860,197382564,196785580,596984,84,18500,220032,4036
2026-08-19T14:06:54.377205,393135960,391492036,390261080,96,114388,774584,9896,34359738367,261284,15872,6656,9216,108,195753396,194870004,883392,12,95884,392800,5860,197382564,196622032,760532,84,18504,381860,4036
2026-08-19T14:06:55.378372,393135960,391358224,390195088,96,114396,911012,9896,34359738367,261284,15872,6656,9216,108,195753396,194802720,950676,12,95892,461012,5860,197382564,196555504,827060,84,18504,450000,4036
2026-08-19T14:06:56.379701,393135960,391356712,390193996,96,114396,912276,9896,34359738367,261284,15872,6656,9216,108,195753396,194801964,951432,12,95892,461636,5860,197382564,196554748,827816,84,18504,450640,4036
2026-08-19T14:06:57.381081,393135960,391356464,390193764,28,114396,912308,9896,34359738367,261284,15872,6656,9216,108,195753396,194801716,951680,16,95892,461652,5860,197382564,196554748,827816,12,18504,450656,4036
2026-08-19T14:06:58.382432,393135960,391356968,390194268,40,114396,912308,9896,34359738367,261284,15872,6656,9216,108,195753396,194801464,951932,20,95892,461652,5860,197382564,196555504,827060,20,18504,450656,4036
2026-08-19T14:06:59.383769,393135960,391357472,390194772,40,114396,912308,9896,34359738367,261284,15872,6656,9216,108,195753396,194801464,951932,20,95892,461652,5860,197382564,196556008,826556,20,18504,450656,4036
2026-08-19T14:07:00.385140,393135960,391357724,390195024,40,114396,912308,9896,34359738367,261284,15872,6656,9216,108,195753396,194801716,951680,20,95892,461652,5860,197382564,196556008,826556,20,18504,450656,4036
2026-08-19T14:07:01.386437,393135960,391357724,390195024,40,114396,912308,9896,34359738367,261284,15872,6656,9216,108,195753396,194801716,951680,20,95892,461652,5860,197382564,196556008,826556,20,18504,450656,4036
2026-08-19T14:07:02.387768,393135960,391357724,390195024,68,114396,912308,9896,34359738367,261284,15872,6656,9216,108,195753396,194801716,951680,32,95892,461652,5860,197382564,196556008,826556,36,18504,450656,4036
2026-08-19T14:07:03.389133,393135960,391357724,390195024,44,114396,912308,9896,34359738367,261284,15872,6656,9216,108,195753396,194801716,951680,28,95892,461652,5860,197382564,196556008,826556,16,18504,450656,4036
2026-08-19T14:07:04.390463,393135960,391357960,390195260,52,114396,912308,9896,34359738367,261284,15872,6656,9216,108,195753396,194801952,951444,32,95892,461652,5860,197382564,196556008,826556,20,18504,450656,4036
2026-08-19T14:07:05.391614,393135960,391358224,390195524,52,114396,912308,9896,34359738367,261284,15872,6656,9216,108,195753396,194801952,951444,32,95892,461652,5860,197382564,196556272,826292,20,18504,450656,4036
2026-08-19T14:07:06.392882,393135960,391358224,390195524,52,114396,912308,9896,34359738367,261284,15872,6656,9216,108,195753396,194801952,951444,32,95892,461652,5860,197382564,196556272,826292,20,18504,450656,4036
2026-08-19T14:07:07.394195,393135960,391358224,390195524,72,114396,912308,9896,34359738367,261284,15872,6656,9216,108,195753396,194801952,951444,44,95892,461652,5860,197382564,196556272,826292,28,18504,450656,4036
2026-08-19T14:07:08.395506,393135960,391358476,390195776,72,114396,912308,9896,34359738367,261284,15872,6656,9216,108,195753396,194801952,951444,44,95892,461652,5860,197382564,196556524,826040,28,18504,450656,4036
2026-08-19T14:07:09.396852,393135960,391358476,390195788,60,114396,912308,9896,34359738367,261284,15872,6656,9216,108,195753396,194801952,951444,32,95892,461652,5860,197382564,196556524,826040,28,18504,450656,4036
2026-08-19T14:07:10.398158,393135960,391358732,390196044,60,114396,912308,9896,34359738367,261284,15872,6656,9216,108,195753396,194801952,951444,32,95892,461652,5860,197382564,196556780,825784,28,18504,450656,4036
2026-08-19T14:07:11.399482,393135960,391358732,390196044,60,114396,912308,9896,34359738367,261284,15872,6656,9216,108,195753396,194801952,951444,32,95892,461652,5860,197382564,196556780,825784,28,18504,450656,4036
2026-08-19T14:07:12.400807,393135960,391358732,390196044,60,114396,912308,9896,34359738367,261284,15872,6656,9216,108,195753396,194801952,951444,32,95892,461652,5860,197382564,196556780,825784,28,18504,450656,4036
2026-08-19T14:07:13.402125,393135960,391358480,390195792,72,114396,912308,9896,34359738367,261284,15872,6656,9216,108,195753396,194801952,951444,32,95892,461652,5860,197382564,196556528,826036,40,18504,450656,4036
2026-08-19T14:07:14.403430,393135960,391358732,390196060,52,114396,912308,9896,34359738367,261284,15872,6656,9216,108,195753396,194801952,951444,28,95892,461652,5860,197382564,196556780,825784,24,18504,450656,4036
2026-08-19T14:07:15.404704,393135960,391358732,390196060,60,114396,912308,9896,34359738367,261284,15872,6656,9216,108,195753396,194801952,951444,32,95892,461652,5860,197382564,196556780,825784,28,18504,450656,4036
2026-08-19T14:07:16.406057,393135960,391358732,390196060,64,114396,912308,9896,34359738367,261284,15872,6656,9216,108,195753396,194801952,951444,36,95892,461652,5860,197382564,196556780,825784,28,18504,450656,4036
2026-08-19T14:07:17.407387,393135960,391358828,390196156,64,114396,912308,9896,34359738367,261284,15872,6656,9216,108,195753396,194801952,951444,36,95892,461652,5860,197382564,196556876,825688,28,18504,450656,4036
2026-08-19T14:07:18.408712,393135960,391358828,390196156,76,114396,912308,9896,34359738367,261284,15872,6656,9216,108,195753396,194801952,951444,48,95892,461652,5860,197382564,196556876,825688,28,18504,450656,4036
2026-08-19T14:07:19.410024,393135960,391359080,390196408,76,114396,912308,9896,34359738367,261284,15872,6656,9216,108,195753396,194801952,951444,48,95892,461652,5860,197382564,196557128,825436,28,18504,450656,4036
2026-08-19T14:07:20.411342,393135960,391359332,390196664,56,114396,912308,9896,34359738367,261284,15872,6656,9216,108,195753396,194801952,951444,32,95892,461652,5860,197382564,196557380,825184,24,18504,450656,4036
2026-08-19T14:07:21.412626,393135960,391359332,390196664,56,114396,912308,9896,34359738367,261284,15872,6656,9216,108,195753396,194801952,951444,32,95892,461652,5860,197382564,196557380,825184,24,18504,450656,4036
2026-08-19T14:07:22.413955,393135960,391359332,390196664,64,114396,912308,9896,34359738367,261284,15872,6656,9216,108,195753396,194801952,951444,32,95892,461652,5860,197382564,196557380,825184,32,18504,450656,4036
2026-08-19T14:07:23.415232,393135960,391359332,390196692,12,114396,912308,9896,34359738367,261284,15872,6656,9216,108,195753396,194801952,951444,4,95892,461652,5860,197382564,196557380,825184,8,18504,450656,4036
2026-08-19T14:07:24.416537,393135960,391359332,390196692,12,114396,912308,9896,34359738367,261284,15872,6656,9216,108,195753396,194801952,951444,4,95892,461652,5860,197382564,196557380,825184,8,18504,450656,4036
2026-08-19T14:07:25.417860,393135960,391359332,390196692,12,114396,912308,9896,34359738367,261284,15872,6656,9216,108,195753396,194801952,951444,0,95892,461652,5860,197382564,196557380,825184,12,18504,450656,4036
2026-08-19T14:07:26.419148,393135960,391359332,390196692,16,114396,912308,9896,34359738367,261284,15872,6656,9216,108,195753396,194801952,951444,4,95892,461652,5860,197382564,196557380,825184,12,18504,450656,4036
2026-08-19T14:07:27.420446,393135960,391359332,390196692,20,114396,912308,9896,34359738367,261284,15872,6656,9216,108,195753396,194801952,951444,4,95892,461652,5860,197382564,196557380,825184,16,18504,450656,4036
2026-08-19T14:07:28.421785,393135960,391359332,390196692,52,114396,912308,9896,34359738367,261284,15872,6656,9216,108,195753396,194801952,951444,28,95892,461652,5860,197382564,196557380,825184,24,18504,450656,4036
2026-08-19T14:07:29.423081,393135960,391359428,390196788,52,114396,912308,9896,34359738367,261284,15872,6656,9216,108,195753396,194801952,951444,28,95892,461652,5860,197382564,196557476,825088,24,18504,450656,4036
2026-08-19T14:07:30.424370,393135960,391359428,390196796,20,114396,912308,9896,34359738367,261284,15872,6656,9216,108,195753396,194801952,951444,12,95892,461652,5860,197382564,196557476,825088,8,18504,450656,4036
2026-08-19T14:07:31.425690,393135960,391359428,390196796,24,114396,912308,9896,34359738367,261284,15872,6656,9216,108,195753396,194801952,951444,16,95892,461652,5860,197382564,196557476,825088,8,18504,450656,4036
2026-08-19T14:07:32.427036,393135960,391359428,390196796,28,114396,912308,9896,34359738367,261284,15872,6656,9216,108,195753396,194801952,951444,16,95892,461652,5860,197382564,196557476,825088,12,18504,450656,4036
2026-08-19T14:07:33.428346,393135960,391359428,390196796,36,114396,912308,9896,34359738367,261284,15872,6656,9216,108,195753396,194801952,951444,20,95892,461652,5860,197382564,196557476,825088,16,18504,450656,4036
2026-08-19T14:07:34.429709,393135960,391359176,390196572,36,114404,912368,9896,34359738367,261284,15872,6656,9216,108,195753396,194801700,951696,20,95900,461712,5860,197382564,196557476,825088,16,18504,450656,4036
2026-08-19T14:07:35.430980,393135960,391359176,390196572,40,114404,912368,9896,34359738367,261284,15872,6656,9216,108,195753396,194801700,951696,24,95900,461712,5860,197382564,196557476,825088,16,18504,450656,4036
2026-08-19T14:07:36.432262,393135960,391359176,390196572,28,114404,912368,9896,34359738367,261284,15872,6656,9216,108,195753396,194801700,951696,16,95900,461712,5860,197382564,196557476,825088,12,18504,450656,4036
2026-08-19T14:07:37.433676,393135960,391359176,390196572,32,114404,912368,9896,34359738367,261284,15872,6656,9216,108,195753396,194801700,951696,20,95900,461712,5860,197382564,196557476,825088,12,18504,450656,4036
2026-08-19T14:07:38.434959,393135960,391359176,390196572,52,114404,912368,9896,34359738367,261284,15872,6656,9216,108,195753396,194801700,951696,24,95900,461712,5860,197382564,196557476,825088,28,18504,450656,4036
2026-08-19T14:07:39.436246,393135960,391359176,390196604,64,114404,912368,9896,34359738367,261284,15872,6656,9216,108,195753396,194801700,951696,36,95900,461712,5860,197382564,196557476,825088,28,18504,450656,4036
2026-08-19T14:07:40.437631,393135960,391359428,390196856,64,114404,912368,9896,34359738367,261284,15872,6656,9216,108,195753396,194801700,951696,36,95900,461712,5860,197382564,196557728,824836,28,18504,450656,4036
2026-08-19T14:07:41.438895,393135960,391359428,390196856,64,114404,912368,9896,34359738367,261284,15872,6656,9216,108,195753396,194801700,951696,36,95900,461712,5860,197382564,196557728,824836,28,18504,450656,4036
2026-08-19T14:07:42.440141,393135960,391359428,390196860,32,114392,912368,9888,34359738367,260308,15872,6656,9216,108,195753396,194801700,951696,20,95896,461712,5856,197382564,196557728,824836,12,18496,450656,4032
2026-08-19T14:07:43.440949,393135960,392080144,390551136,84,114392,176156,20936,34359738367,261284,15872,6656,9216,108,195753396,195164256,589140,8,95904,93636,9136,197382564,196915636,466928,76,18488,82596,11808
2026-08-19T14:07:44.442691,393135960,391756832,390389780,92,114408,493996,23256,34359738367,261284,15872,6656,9216,108,195753396,195001904,751492,12,95912,252512,9148,197382564,196754928,627636,80,18496,241496,14108
2026-08-19T14:07:45.443268,393135960,391437800,390231440,92,114408,812992,23256,34359738367,261284,15872,6656,9216,108,195753396,194842388,911008,12,95912,412048,9148,197382564,196595160,787404,80,18496,400976,14108
2026-08-19T14:07:46.443874,393135960,391118768,390165512,92,114412,1132392,23256,34359738367,261284,15872,6656,9216,108,195753396,194682872,1070524,12,95916,571736,9148,197382564,196435896,946668,80,18496,560664,14108
2026-08-19T14:07:47.444438,393135960,390799988,390166364,92,114412,1450972,23256,34359738367,261284,15872,6656,9216,108,195753396,194523356,1230040,12,95916,731032,9148,197382564,196276632,1105932,80,18496,719944,14108
2026-08-19T14:07:48.445050,393135960,390479444,390165648,0,114412,1770484,23256,34359738367,261284,15872,6656,9216,108,195753396,194362832,1390564,0,95916,890800,9148,197382564,196116612,1265952,0,18496,879756,14108
2026-08-19T14:07:49.446217,393135960,390162428,390165504,56,114412,2087372,23256,34359738367,261284,15872,6656,9216,108,195753396,194204072,1549324,16,95916,1049300,9148,197382564,195958104,1424460,40,18496,1038136,14108
2026-08-19T14:07:50.446811,393135960,389845916,390165492,56,114412,2403916,23256,34359738367,261284,15872,6656,9216,108,195753396,194046572,1706824,16,95916,1207576,9148,197382564,195799092,1583472,40,18496,1196360,14108
2026-08-19T14:07:51.447384,393135960,389526632,390165084,56,114412,2722396,23256,34359738367,261284,15872,6656,9216,108,195753396,193886804,1866592,16,95916,1366792,9148,197382564,195639828,1742736,40,18496,1355616,14108
2026-08-19T14:07:52.447934,393135960,389206340,390163112,56,114412,3040676,23256,34359738367,261284,15872,6656,9216,108,195753396,193726784,2026612,16,95916,1525928,9148,197382564,195479556,1903008,40,18496,1514748,14108
2026-08-19T14:07:53.448525,393135960,388891592,390165252,56,114412,3358012,23256,34359738367,261284,15872,6656,9216,108,195753396,193569536,2183860,16,95916,1684596,9148,197382564,195321804,2060760,40,18496,1673840,14108
2026-08-19T14:07:54.449107,393135960,388573316,390164756,28,114412,3675500,23256,34359738367,261284,15872,6656,9216,108,195753396,193410776,2342620,16,95916,1843392,9148,197382564,195162540,2220024,12,18496,1832140,14108
2026-08-19T14:07:55.449696,393135960,388253276,390164372,36,114412,3995176,23256,34359738367,261284,15872,6656,9216,108,195753396,193250000,2503396,20,95916,2003216,9148,197382564,195003276,2379288,16,18496,1992012,14108
2026-08-19T14:07:56.450289,393135960,387939032,390162588,36,114412,4309508,23256,34359738367,261284,15872,6656,9216,108,195753396,193092752,2660644,20,95916,2160448,9148,197382564,194846028,2536536,16,18496,2149276,14108
2026-08-19T14:07:57.451560,393135960,387930212,390160904,36,114412,4319380,23256,34359738367,261284,15872,6656,9216,108,195753396,193088216,2665180,20,95916,2165292,9148,197382564,194841996,2540568,16,18496,2154088,14108
2026-08-19T14:07:58.453017,393135960,387929204,390160372,36,114412,4320136,23256,34359738367,261284,15872,6656,9216,108,195753396,193087712,2665684,20,95916,2165672,9148,197382564,194841492,2541072,16,18496,2154464,14108
2026-08-19T14:07:59.454402,393135960,387929204,390160372,60,114412,4320136,23256,34359738367,261284,15872,6656,9216,108,195753396,193087712,2665684,36,95916,2165672,9148,197382564,194841492,2541072,24,18496,2154464,14108
2026-08-19T14:08:00.455765,393135960,387930968,390162144,52,114412,4320136,23256,34359738367,261284,15872,6656,9216,108,195753396,193088216,2665180,32,95916,2165672,9148,197382564,194842752,2539812,20,18496,2154464,14108
2026-08-19T14:08:01.457200,393135960,387930716,390161892,84,114412,4320136,23256,34359738367,261284,15872,6656,9216,108,195753396,193087964,2665432,44,95916,2165672,9148,197382564,194842752,2539812,40,18496,2154464,14108
2026-08-19T14:08:02.458558,393135960,387930716,390161892,84,114412,4320136,23256,34359738367,261284,15872,6656,9216,108,195753396,193087964,2665432,44,95916,2165672,9148,197382564,194842752,2539812,40,18496,2154464,14108
2026-08-19T14:08:03.459911,393135960,387931220,390162396,84,114412,4320136,23256,34359738367,261284,15872,6656,9216,108,195753396,193088216,2665180,44,95916,2165672,9148,197382564,194843004,2539560,40,18496,2154464,14108
2026-08-19T14:08:04.461244,393135960,387930968,390162144,88,114416,4320136,23256,34359738367,261284,15872,6656,9216,108,195753396,193087964,2665432,44,95920,2165672,9148,197382564,194843004,2539560,44,18496,2154464,14108
2026-08-19T14:08:05.462520,393135960,387931220,390162396,88,114416,4320136,23256,34359738367,261284,15872,6656,9216,108,195753396,193087964,2665432,44,95920,2165672,9148,197382564,194843256,2539308,44,18496,2154464,14108
2026-08-19T14:08:06.463785,393135960,387931692,390162908,52,114416,4320136,23256,34359738367,261284,15872,6656,9216,108,195753396,193088184,2665212,32,95920,2165672,9148,197382564,194843508,2539056,20,18496,2154464,14108
2026-08-19T14:08:07.465077,393135960,387931692,390162908,60,114416,4320136,23256,34359738367,261284,15872,6656,9216,108,195753396,193088184,2665212,36,95920,2165672,9148,197382564,194843508,2539056,24,18496,2154464,14108
2026-08-19T14:08:08.466371,393135960,387931692,390162908,60,114416,4320136,23256,34359738367,261284,15872,6656,9216,108,195753396,193088184,2665212,36,95920,2165672,9148,197382564,194843508,2539056,24,18496,2154464,14108
2026-08-19T14:08:09.467589,393135960,387931948,390163164,64,114416,4320136,23256,34359738367,261284,15872,6656,9216,108,195753396,193088184,2665212,36,95920,2165672,9148,197382564,194843764,2538800,28,18496,2154464,14108
2026-08-19T14:08:10.468891,393135960,387931948,390163164,64,114416,4320136,23256,34359738367,261284,15872,6656,9216,108,195753396,193088184,2665212,36,95920,2165672,9148,197382564,194843764,2538800,28,18496,2154464,14108
2026-08-19T14:08:11.470157,393135960,387931948,390163188,60,114416,4320136,23256,34359738367,261284,15872,6656,9216,108,195753396,193088184,2665212,32,95920,2165672,9148,197382564,194843764,2538800,28,18496,2154464,14108
2026-08-19T14:08:12.471416,393135960,387931948,390163188,76,114416,4320136,23256,34359738367,261284,15872,6656,9216,108,195753396,193088184,2665212,48,95920,2165672,9148,197382564,194843764,2538800,28,18496,2154464,14108
2026-08-19T14:08:13.472719,393135960,387932200,390163440,88,114416,4320136,23256,34359738367,261284,15872,6656,9216,108,195753396,193088184,2665212,48,95920,2165672,9148,197382564,194844016,2538548,40,18496,2154464,14108
2026-08-19T14:08:14.474017,393135960,387932456,390163712,44,114416,4320136,23256,34359738367,261284,15872,6656,9216,108,195753396,193088184,2665212,28,95920,2165672,9148,197382564,194844272,2538292,16,18496,2154464,14108
2026-08-19T14:08:15.475254,393135960,387932456,390163712,44,114416,4320136,23256,34359738367,261284,15872,6656,9216,108,195753396,193088184,2665212,28,95920,2165672,9148,197382564,194844272,2538292,16,18496,2154464,14108
2026-08-19T14:08:16.476523,393135960,387932456,390163720,8,114416,4320136,23256,34359738367,261284,15872,6656,9216,108,195753396,193088184,2665212,8,95920,2165672,9148,197382564,194844272,2538292,0,18496,2154464,14108
2026-08-19T14:08:17.477894,393135960,387932456,390163720,12,114416,4320136,23256,34359738367,261284,15872,6656,9216,108,195753396,193088184,2665212,12,95920,2165672,9148,197382564,194844272,2538292,0,18496,2154464,14108
2026-08-19T14:08:18.479150,393135960,387932456,390163720,16,114416,4320136,23256,34359738367,261284,15872,6656,9216,108,195753396,193088184,2665212,12,95920,2165672,9148,197382564,194844272,2538292,4,18496,2154464,14108
2026-08-19T14:08:19.480442,393135960,387932520,390163784,36,114416,4320136,23256,34359738367,261284,15872,6656,9216,108,195753396,193088184,2665212,24,95920,2165672,9148,197382564,194844336,2538228,12,18496,2154464,14108
2026-08-19T14:08:20.481761,393135960,387932520,390163784,36,114416,4320136,23256,34359738367,261284,15872,6656,9216,108,195753396,193088184,2665212,24,95920,2165672,9148,197382564,194844336,2538228,12,18496,2154464,14108
2026-08-19T14:08:21.483034,393135960,387932520,390163784,36,114416,4320136,23256,34359738367,261284,15872,6656,9216,108,195753396,193088184,2665212,24,95920,2165672,9148,197382564,194844336,2538228,12,18496,2154464,14108
2026-08-19T14:08:22.484309,393135960,387932520,390163796,32,114416,4320136,23256,34359738367,261284,15872,6656,9216,108,195753396,193088184,2665212,20,95920,2165672,9148,197382564,194844336,2538228,12,18496,2154464,14108
2026-08-19T14:08:23.485643,393135960,387932772,390164048,32,114416,4320136,23256,34359738367,261284,15872,6656,9216,108,195753396,193088184,2665212,20,95920,2165672,9148,197382564,194844588,2537976,12,18496,2154464,14108
2026-08-19T14:08:24.486902,393135960,387932772,390164048,48,114416,4320136,23256,34359738367,261284,15872,6656,9216,108,195753396,193088184,2665212,24,95920,2165672,9148,197382564,194844588,2537976,24,18496,2154464,14108
2026-08-19T14:08:25.488212,393135960,387932772,390164048,48,114416,4320136,23256,34359738367,261284,15872,6656,9216,108,195753396,193088184,2665212,24,95920,2165672,9148,197382564,194844588,2537976,24,18496,2154464,14108
2026-08-19T14:08:26.489539,393135960,387933040,390164316,52,114416,4320136,23256,34359738367,261284,15872,6656,9216,108,195753396,193088184,2665212,24,95920,2165672,9148,197382564,194844856,2537708,28,18496,2154464,14108
2026-08-19T14:08:27.490815,393135960,387933040,390164328,32,114416,4320136,23256,34359738367,261284,15872,6656,9216,108,195753396,193088184,2665212,20,95920,2165672,9148,197382564,194844856,2537708,12,18496,2154464,14108
2026-08-19T14:08:28.492094,393135960,387933040,390164328,36,114416,4320136,23256,34359738367,261284,15872,6656,9216,108,195753396,193088184,2665212,24,95920,2165672,9148,197382564,194844856,2537708,12,18496,2154464,14108
2026-08-19T14:08:29.493443,393135960,387933292,390164580,40,114416,4320136,23256,34359738367,261284,15872,6656,9216,108,195753396,193088436,2664960,24,95920,2165672,9148,197382564,194844856,2537708,16,18496,2154464,14108
2026-08-19T14:08:30.494738,393135960,387933292,390164580,40,114416,4320136,23256,34359738367,261284,15872,6656,9216,108,195753396,193088436,2664960,24,95920,2165672,9148,197382564,194844856,2537708,16,18496,2154464,14108
2026-08-19T14:08:31.496064,393135960,387933292,390164580,44,114416,4320136,23256,34359738367,261284,15872,6656,9216,108,195753396,193088436,2664960,28,95920,2165672,9148,197382564,194844856,2537708,16,18496,2154464,14108
2026-08-19T14:08:32.497373,393135960,387933292,390164580,32,114416,4320136,23256,34359738367,261284,15872,6656,9216,108,195753396,193088436,2664960,20,95920,2165672,9148,197382564,194844856,2537708,12,18496,2154464,14108
2026-08-19T14:08:33.498595,393135960,387935416,390169176,60,112680,3804952,22716,34359738367,260292,15872,6656,9216,108,195753396,193090200,2663196,40,95044,1907188,9012,197382564,194845216,2537348,20,17636,1891212,13704
2026-08-19T14:08:34.499912,393135960,392156508,390600288,4,112860,125296,5448,34359738367,260212,15872,6656,9216,108,195753396,195196912,556484,0,95108,68160,4616,197382564,196959596,422968,4,17752,57136,832
2026-08-19T14:08:35.501890,393135960,391903956,390466684,92,114400,354492,23236,34359738367,261284,15872,6656,9216,108,195753396,195073040,680356,12,95896,182644,9244,197382564,196830916,551648,80,18504,171876,13992
2026-08-19T14:08:36.502508,393135960,391585176,390308264,104,114412,672584,23240,34359738367,261284,15872,6656,9216,108,195753396,194914532,838864,12,95900,341696,9244,197382564,196670644,711920,92,18512,330916,13996
2026-08-19T14:08:37.503115,393135960,391263624,390170672,104,114416,992948,23240,34359738367,261284,15872,6656,9216,108,195753396,194753504,999892,12,95904,501848,9244,197382564,196510120,872444,92,18512,491108,13996
2026-08-19T14:08:38.503744,393135960,390942576,390169208,104,114416,1311840,23240,34359738367,261284,15872,6656,9216,108,195753396,194592728,1160668,12,95904,661284,9244,197382564,196349848,1032716,92,18512,650564,13996
2026-08-19T14:08:39.504312,393135960,390622788,390170008,112,114416,1631616,23240,34359738367,261284,15872,6656,9216,108,195753396,194432960,1320436,24,95904,821196,9244,197382564,196189828,1192736,88,18512,810432,13996
2026-08-19T14:08:40.504984,393135960,390301992,390169060,36,114416,1951256,23240,34359738367,261284,15872,6656,9216,108,195753396,194271932,1481464,20,95904,981052,9244,197382564,196030060,1352504,16,18512,970260,13996
2026-08-19T14:08:41.505660,393135960,389984472,390171064,36,114416,2270596,23240,34359738367,261284,15872,6656,9216,108,195753396,194114180,1639216,20,95904,1140652,9244,197382564,195870292,1512272,16,18512,1129964,13996
2026-08-19T14:08:42.506404,393135960,389667204,390171524,36,114416,2588404,23240,34359738367,261284,15872,6656,9216,108,195753396,193955168,1798228,20,95904,1299540,9244,197382564,195712036,1670528,16,18512,1288916,13996
2026-08-19T14:08:43.507119,393135960,389347920,390171272,48,114416,2907272,23240,34359738367,261284,15872,6656,9216,108,195753396,193796660,1956736,32,95904,1458976,9244,197382564,195551260,1831304,16,18512,1448316,13996
2026-08-19T14:08:44.507686,393135960,389030148,390170012,60,114416,3223884,23240,34359738367,261284,15872,6656,9216,108,195753396,193636640,2116756,36,95904,1617224,9244,197382564,195393508,1989056,24,18512,1606664,13996
2026-08-19T14:08:45.508266,393135960,388711368,390170844,44,114416,3543676,23244,34359738367,261284,15872,6656,9216,108,195753396,193477124,2276272,20,95904,1777164,9244,197382564,195234244,2148320,24,18512,1766516,14000
2026-08-19T14:08:46.508848,393135960,388390824,390170072,48,114416,3863524,23244,34359738367,261284,15872,6656,9216,108,195753396,193317860,2435536,24,95904,1937112,9244,197382564,195072964,2309600,24,18512,1926512,14000
2026-08-19T14:08:47.509972,393135960,388070028,390170268,52,114416,4184040,23244,34359738367,261284,15872,6656,9216,108,195753396,193156832,2596564,24,95904,2097368,9244,197382564,194913196,2469368,28,18512,2086704,14000
2026-08-19T14:08:48.511198,393135960,387937476,390166964,64,114416,4317688,23244,34359738367,261284,15872,6656,9216,108,195753396,193091312,2662084,24,95904,2164160,9244,197382564,194846164,2536400,40,18512,2153528,14000
2026-08-19T14:08:49.512605,393135960,387935208,390166608,64,114416,4320192,23244,34359738367,261284,15872,6656,9216,108,195753396,193090052,2663344,24,95904,2165408,9244,197382564,194845156,2537408,40,18512,2154784,14000
2026-08-19T14:08:50.514111,393135960,387935208,390166640,44,114416,4320192,23244,34359738367,261284,15872,6656,9216,108,195753396,193090052,2663344,24,95904,2165408,9244,197382564,194845156,2537408,20,18512,2154784,14000
2026-08-19T14:08:51.515479,393135960,387936468,390167900,52,114416,4320192,23244,34359738367,261284,15872,6656,9216,108,195753396,193090304,2663092,28,95904,2165408,9244,197382564,194846164,2536400,24,18512,2154784,14000
2026-08-19T14:08:52.516860,393135960,387936720,390168152,52,114416,4320192,23244,34359738367,261284,15872,6656,9216,108,195753396,193090304,2663092,28,95904,2165408,9244,197382564,194846416,2536148,24,18512,2154784,14000
2026-08-19T14:08:53.518194,393135960,387936972,390168404,52,114416,4320192,23244,34359738367,261284,15872,6656,9216,108,195753396,193090556,2662840,28,95904,2165408,9244,197382564,194846416,2536148,24,18512,2154784,14000
2026-08-19T14:08:54.519579,393135960,387936972,390168404,60,114416,4320192,23244,34359738367,261284,15872,6656,9216,108,195753396,193090556,2662840,32,95904,2165408,9244,197382564,194846416,2536148,28,18512,2154784,14000
2026-08-19T14:08:55.520866,393135960,387936972,390168464,72,114416,4320192,23244,34359738367,261284,15872,6656,9216,108,195753396,193090556,2662840,44,95904,2165408,9244,197382564,194846416,2536148,28,18512,2154784,14000
2026-08-19T14:08:56.522150,393135960,387936972,390168468,56,114416,4320192,23244,34359738367,261284,15872,6656,9216,108,195753396,193090556,2662840,28,95904,2165408,9244,197382564,194846416,2536148,28,18512,2154784,14000
2026-08-19T14:08:57.523426,393135960,387937100,390168596,60,114416,4320192,23244,34359738367,261284,15872,6656,9216,108,195753396,193090684,2662712,32,95904,2165408,9244,197382564,194846416,2536148,28,18512,2154784,14000
2026-08-19T14:08:58.524724,393135960,387937100,390168596,60,114416,4320192,23244,34359738367,261284,15872,6656,9216,108,195753396,193090684,2662712,32,95904,2165408,9244,197382564,194846416,2536148,28,18512,2154784,14000
2026-08-19T14:08:59.526033,393135960,387937352,390168848,72,114416,4320192,23244,34359738367,261284,15872,6656,9216,108,195753396,193090684,2662712,32,95904,2165408,9244,197382564,194846668,2535896,40,18512,2154784,14000
2026-08-19T14:09:00.527320,393135960,387937352,390168848,72,114416,4320192,23244,34359738367,261284,15872,6656,9216,108,195753396,193090684,2662712,32,95904,2165408,9244,197382564,194846668,2535896,40,18512,2154784,14000
2026-08-19T14:09:01.528554,393135960,387937604,390169108,52,114416,4320192,23244,34359738367,261284,15872,6656,9216,108,195753396,193090684,2662712,28,95904,2165408,9244,197382564,194846920,2535644,24,18512,2154784,14000
2026-08-19T14:09:02.529893,393135960,387937856,390169360,60,114416,4320192,23244,34359738367,261284,15872,6656,9216,108,195753396,193090936,2662460,32,95904,2165408,9244,197382564,194846920,2535644,28,18512,2154784,14000
2026-08-19T14:09:03.531165,393135960,387932828,390166604,276,114592,4320196,23244,34359738367,261268,15872,6656,9216,108,195753396,193089680,2663716,36,96084,2165408,9244,197382564,194843148,2539416,240,18508,2154788,14000
2026-08-19T14:09:04.532424,393135960,387933092,390166868,276,114592,4320196,23244,34359738367,261268,15872,6656,9216,108,195753396,193089680,2663716,36,96084,2165408,9244,197382564,194843412,2539152,240,18508,2154788,14000
2026-08-19T14:09:05.533727,393135960,387933596,390167372,236,114592,4320196,23244,34359738367,261268,15872,6656,9216,108,195753396,193089932,2663464,20,96084,2165408,9244,197382564,194843664,2538900,216,18508,2154788,14000
2026-08-19T14:09:06.534999,393135960,387934064,390167840,236,114592,4320196,23244,34359738367,261268,15872,6656,9216,108,195753396,193089932,2663464,20,96084,2165408,9244,197382564,194844132,2538432,216,18508,2154788,14000
2026-08-19T14:09:07.536266,393135960,387934316,390168092,220,114592,4320196,23244,34359738367,261268,15872,6656,9216,108,195753396,193089932,2663464,4,96084,2165408,9244,197382564,194844384,2538180,216,18508,2154788,14000
2026-08-19T14:09:08.537626,393135960,387934316,390168092,12,114592,4320196,23244,34359738367,261268,15872,6656,9216,108,195753396,193089932,2663464,8,96084,2165408,9244,197382564,194844384,2538180,4,18508,2154788,14000
2026-08-19T14:09:09.538878,393135960,387934568,390168344,44,114592,4320196,23244,34359738367,261268,15872,6656,9216,108,195753396,193090184,2663212,36,96084,2165408,9244,197382564,194844384,2538180,8,18508,2154788,14000
2026-08-19T14:09:10.540133,393135960,387934632,390168408,44,114592,4320196,23244,34359738367,261268,15872,6656,9216,108,195753396,193090184,2663212,36,96084,2165408,9244,197382564,194844448,2538116,8,18508,2154788,14000
2026-08-19T14:09:11.541471,393135960,387934632,390168408,56,114592,4320196,23244,34359738367,261268,15872,6656,9216,108,195753396,193090184,2663212,36,96084,2165408,9244,197382564,194844448,2538116,20,18508,2154788,14000
2026-08-19T14:09:12.542723,393135960,387934632,390168416,32,114592,4320196,23244,34359738367,261268,15872,6656,9216,108,195753396,193090184,2663212,28,96084,2165408,9244,197382564,194844448,2538116,4,18508,2154788,14000
2026-08-19T14:09:13.544037,393135960,387934632,390168416,36,114592,4320196,23244,34359738367,261268,15872,6656,9216,108,195753396,193090184,2663212,32,96084,2165408,9244,197382564,194844448,2538116,4,18508,2154788,14000
2026-08-19T14:09:14.545325,393135960,387934632,390168416,48,114592,4320196,23244,34359738367,261268,15872,6656,9216,108,195753396,193090184,2663212,36,96084,2165408,9244,197382564,194844448,2538116,12,18508,2154788,14000
2026-08-19T14:09:15.546558,393135960,387934632,390168416,48,114592,4320196,23244,34359738367,261268,15872,6656,9216,108,195753396,193090184,2663212,36,96084,2165408,9244,197382564,194844448,2538116,12,18508,2154788,14000
2026-08-19T14:09:16.547816,393135960,387934632,390168416,60,114592,4320196,23244,34359738367,261268,15872,6656,9216,108,195753396,193090184,2663212,48,96084,2165408,9244,197382564,194844448,2538116,12,18508,2154788,14000
2026-08-19T14:09:17.549145,393135960,387934888,390168672,40,114592,4320196,23244,34359738367,261268,15872,6656,9216,108,195753396,193090184,2663212,28,96084,2165408,9244,197382564,194844704,2537860,12,18508,2154788,14000
2026-08-19T14:09:18.550425,393135960,387934888,390168672,48,114592,4320196,23244,34359738367,261268,15872,6656,9216,108,195753396,193090184,2663212,36,96084,2165408,9244,197382564,194844704,2537860,12,18508,2154788,14000
2026-08-19T14:09:19.551689,393135960,387934888,390168732,48,114592,4320196,23244,34359738367,261252,15872,6656,9216,108,195753396,193090184,2663212,36,96084,2165408,9244,197382564,194844704,2537860,12,18508,2154788,14000
2026-08-19T14:09:20.552996,393135960,387934888,390168744,48,114592,4320196,23244,34359738367,261252,15872,6656,9216,108,195753396,193090184,2663212,36,96084,2165408,9244,197382564,194844704,2537860,12,18508,2154788,14000
2026-08-19T14:09:21.554261,393135960,387935392,390169248,52,114592,4320196,23244,34359738367,261252,15872,6656,9216,108,195753396,193090436,2662960,40,96084,2165408,9244,197382564,194844956,2537608,12,18508,2154788,14000
2026-08-19T14:09:22.555548,393135960,387935392,390169248,52,114592,4320196,23244,34359738367,261252,15872,6656,9216,108,195753396,193090436,2662960,40,96084,2165408,9244,197382564,194844956,2537608,12,18508,2154788,14000
2026-08-19T14:09:23.556885,393135960,387935396,390169252,68,114592,4320196,23244,34359738367,261252,15872,6656,9216,108,195753396,193090436,2662960,44,96084,2165408,9244,197382564,194844960,2537604,24,18508,2154788,14000
2026-08-19T14:09:24.558187,393135960,387935396,390169264,64,114592,4320196,23244,34359738367,261252,15872,6656,9216,108,195753396,193090436,2662960,40,96084,2165408,9244,197382564,194844960,2537604,24,18508,2154788,14000
2026-08-19T14:09:25.559422,393135960,389548240,390193816,12,111376,110184,5584,34359738367,260276,15872,6656,9216,108,195753396,193895000,1858396,12,94636,60604,4752,197382564,195655760,1726804,0,16740,49580,832
2026-08-19T14:09:26.560768,393135960,392090712,390559932,120,114572,171980,14348,34359738367,261332,15872,6656,9216,108,195753396,195164444,588952,36,96076,91544,9120,197382564,196926268,456296,84,18496,80496,5228
2026-08-19T14:09:27.561430,393135960,391763012,390394428,124,114592,490172,23056,34359738367,261332,15872,6656,9216,108,195753396,195001020,752376,40,96088,250636,9184,197382564,196761992,620572,84,18504,239548,13872
2026-08-19T14:09:28.562317,393135960,391438688,390231956,124,114596,811688,23232,34359738367,261332,15872,6656,9216,108,195753396,194839236,914160,40,96088,411416,9184,197382564,196599452,783112,84,18508,400288,14048
2026-08-19T14:09:29.562934,393135960,391119404,390167540,124,114600,1133356,23232,34359738367,261332,15872,6656,9216,108,195753396,194678712,1074684,40,96092,572240,9184,197382564,196440692,941872,84,18508,561136,14048
2026-08-19T14:09:30.563601,393135960,390797096,390165696,100,114600,1453056,23232,34359738367,261332,15872,6656,9216,108,195753396,194517432,1235964,20,96092,732044,9184,197382564,196279664,1102900,80,18508,721016,14048
2026-08-19T14:09:31.564150,393135960,390479324,390167020,56,114600,1771832,23232,34359738367,261332,15872,6656,9216,108,195753396,194358924,1394472,32,96092,891396,9184,197382564,196120400,1262164,24,18508,880440,14048
2026-08-19T14:09:32.564773,393135960,390156512,390166728,56,114600,2094056,23232,34359738367,261332,15872,6656,9216,108,195753396,194198652,1554744,32,96092,1052552,9184,197382564,195957860,1424704,24,18508,1041532,14048
2026-08-19T14:09:33.565330,393135960,389838488,390165728,56,114600,2411064,23232,34359738367,261332,15872,6656,9216,108,195753396,194038884,1714512,32,96092,1211024,9184,197382564,195799604,1582960,24,18508,1200084,14048
2026-08-19T14:09:34.565986,393135960,389519204,390166960,56,114600,2731700,23232,34359738367,261332,15872,6656,9216,108,195753396,193878864,1874532,32,96092,1371352,9184,197382564,195640340,1742224,24,18508,1360376,14048
2026-08-19T14:09:35.566531,393135960,389200928,390168708,68,114600,3051560,23232,34359738367,261332,15872,6656,9216,108,195753396,193720104,2033292,32,96092,1531296,9184,197382564,195480572,1901992,36,18508,1520300,14048
2026-08-19T14:09:36.567103,393135960,388879376,390166060,56,114600,3370432,23232,34359738367,261332,15872,6656,9216,108,195753396,193559328,2194068,28,96092,1690720,9184,197382564,195320048,2062516,28,18508,1679724,14048
2026-08-19T14:09:37.567700,393135960,388561604,390167900,72,114600,3690180,23232,34359738367,261332,15872,6656,9216,108,195753396,193399812,2353584,44,96092,1850584,9184,197382564,195161540,2221024,28,18508,1839608,14048
2026-08-19T14:09:38.568813,393135960,388237532,390166568,72,114600,4012848,23232,34359738367,261332,15872,6656,9216,108,195753396,193238784,2514612,44,96092,2011952,9184,197382564,194998496,2384068,28,18508,2000936,14048
2026-08-19T14:09:39.569452,393135960,387938408,390164792,72,114600,4312652,23232,34359738367,261332,15872,6656,9216,108,195753396,193088592,2664804,44,96092,2161868,9184,197382564,194849816,2532748,28,18508,2150784,14048
2026-08-19T14:09:40.570855,393135960,387931604,390162224,72,114600,4319404,23232,34359738367,261332,15872,6656,9216,108,195753396,193085316,2668080,44,96092,2165220,9184,197382564,194846288,2536276,28,18508,2154184,14048
2026-08-19T14:09:41.572215,393135960,387930848,390161924,52,114600,4320140,23232,34359738367,261332,15872,6656,9216,108,195753396,193085316,2668080,28,96092,2165576,9184,197382564,194845532,2537032,24,18508,2154564,14048
2026-08-19T14:09:42.573675,393135960,387931100,390162176,60,114600,4320140,23232,34359738367,261332,15872,6656,9216,108,195753396,193085568,2667828,32,96092,2165576,9184,197382564,194845532,2537032,28,18508,2154564,14048
2026-08-19T14:09:43.575027,393135960,387932864,390163940,60,114600,4320140,23232,34359738367,261332,15872,6656,9216,108,195753396,193086072,2667324,32,96092,2165576,9184,197382564,194846792,2535772,28,18508,2154564,14048
2026-08-19T14:09:44.576370,393135960,387933368,390164444,60,114600,4320140,23232,34359738367,261332,15872,6656,9216,108,195753396,193086324,2667072,32,96092,2165576,9184,197382564,194847044,2535520,28,18508,2154564,14048
2026-08-19T14:09:45.577791,393135960,387933368,390164444,64,114600,4320140,23232,34359738367,261332,15872,6656,9216,108,195753396,193086324,2667072,36,96092,2165576,9184,197382564,194847044,2535520,28,18508,2154564,14048
2026-08-19T14:09:46.579109,393135960,387933368,390164444,64,114600,4320140,23232,34359738367,261332,15872,6656,9216,108,195753396,193086324,2667072,36,96092,2165576,9184,197382564,194847044,2535520,28,18508,2154564,14048
2026-08-19T14:09:47.580421,393135960,387933748,390164860,68,114600,4320140,23232,34359738367,261332,15872,6656,9216,108,195753396,193086324,2667072,28,96092,2165576,9184,197382564,194847424,2535140,40,18508,2154564,14048
2026-08-19T14:09:48.581795,393135960,387933748,390164860,84,114600,4320140,23232,34359738367,261332,15872,6656,9216,108,195753396,193086324,2667072,44,96092,2165576,9184,197382564,194847424,2535140,40,18508,2154564,14048
2026-08-19T14:09:49.583069,393135960,387934000,390165112,84,114600,4320140,23232,34359738367,261332,15872,6656,9216,108,195753396,193086324,2667072,44,96092,2165576,9184,197382564,194847676,2534888,40,18508,2154564,14048
2026-08-19T14:09:50.584401,393135960,387934000,390165112,84,114600,4320140,23232,34359738367,261332,15872,6656,9216,108,195753396,193086324,2667072,44,96092,2165576,9184,197382564,194847676,2534888,40,18508,2154564,14048
2026-08-19T14:09:51.585735,393135960,387934000,390165112,84,114600,4320140,23232,34359738367,261332,15872,6656,9216,108,195753396,193086324,2667072,44,96092,2165576,9184,197382564,194847676,2534888,40,18508,2154564,14048
2026-08-19T14:09:52.587053,393135960,387934000,390165120,52,114600,4320140,23232,34359738367,261332,15872,6656,9216,108,195753396,193086324,2667072,28,96092,2165576,9184,197382564,194847676,2534888,24,18508,2154564,14048
2026-08-19T14:09:53.588317,393135960,387934252,390165372,64,114600,4320140,23232,34359738367,261332,15872,6656,9216,108,195753396,193086324,2667072,32,96092,2165576,9184,197382564,194847928,2534636,32,18508,2154564,14048
2026-08-19T14:09:54.589696,393135960,387934252,390165372,64,114600,4320140,23232,34359738367,261332,15872,6656,9216,108,195753396,193086324,2667072,32,96092,2165576,9184,197382564,194847928,2534636,32,18508,2154564,14048
2026-08-19T14:09:55.590961,393135960,387934304,390165424,64,114600,4320140,23232,34359738367,261332,15872,6656,9216,108,195753396,193086376,2667020,32,96092,2165576,9184,197382564,194847928,2534636,32,18508,2154564,14048
2026-08-19T14:09:56.592259,393135960,387934304,390165468,12,114600,4320140,23232,34359738367,261332,15872,6656,9216,108,195753396,193086376,2667020,4,96092,2165576,9184,197382564,194847928,2534636,8,18508,2154564,14048
2026-08-19T14:09:57.593632,393135960,387934052,390165276,36,114600,4320140,23232,34359738367,261332,15872,6656,9216,108,195753396,193086124,2667272,20,96092,2165576,9184,197382564,194847928,2534636,16,18508,2154564,14048
2026-08-19T14:09:58.594934,393135960,387933800,390165080,40,114600,4320140,23232,34359738367,261332,15872,6656,9216,108,195753396,193086124,2667272,20,96092,2165576,9184,197382564,194847676,2534888,20,18508,2154564,14048
2026-08-19T14:09:59.596215,393135960,387933800,390165080,56,114600,4320140,23232,34359738367,261332,15872,6656,9216,108,195753396,193086124,2667272,32,96092,2165576,9184,197382564,194847676,2534888,24,18508,2154564,14048
2026-08-19T14:10:00.597608,393135960,387934052,390165332,56,114600,4320140,23232,34359738367,261332,15872,6656,9216,108,195753396,193086124,2667272,32,96092,2165576,9184,197382564,194847928,2534636,24,18508,2154564,14048
2026-08-19T14:10:01.598884,393135960,387934052,390165332,56,114600,4320140,23232,34359738367,261332,15872,6656,9216,108,195753396,193086124,2667272,32,96092,2165576,9184,197382564,194847928,2534636,24,18508,2154564,14048
2026-08-19T14:10:02.600220,393135960,387934052,390165332,60,114600,4320140,23232,34359738367,261332,15872,6656,9216,108,195753396,193086124,2667272,32,96092,2165576,9184,197382564,194847928,2534636,28,18508,2154564,14048
2026-08-19T14:10:03.601556,393135960,387934052,390165336,28,114600,4320140,23232,34359738367,261332,15872,6656,9216,108,195753396,193086124,2667272,16,96092,2165576,9184,197382564,194847928,2534636,12,18508,2154564,14048
2026-08-19T14:10:04.602880,393135960,387934052,390165336,40,114600,4320140,23232,34359738367,261332,15872,6656,9216,108,195753396,193086124,2667272,24,96092,2165576,9184,197382564,194847928,2534636,16,18508,2154564,14048
2026-08-19T14:10:05.604167,393135960,387934052,390165336,40,114600,4320140,23232,34359738367,261332,15872,6656,9216,108,195753396,193086124,2667272,24,96092,2165576,9184,197382564,194847928,2534636,16,18508,2154564,14048
2026-08-19T14:10:06.605531,393135960,387934052,390165388,40,114600,4320140,23232,34359738367,261332,15872,6656,9216,108,195753396,193086124,2667272,24,96096,2165576,9184,197382564,194847928,2534636,16,18504,2154564,14048
2026-08-19T14:10:07.606806,393135960,387934052,390165388,40,114600,4320140,23232,34359738367,261332,15872,6656,9216,108,195753396,193086124,2667272,24,96096,2165576,9184,197382564,194847928,2534636,16,18504,2154564,14048
2026-08-19T14:10:08.608086,393135960,387934304,390165640,40,114600,4320140,23232,34359738367,261332,15872,6656,9216,108,195753396,193086124,2667272,24,96096,2165576,9184,197382564,194848180,2534384,16,18504,2154564,14048
2026-08-19T14:10:09.609433,393135960,387934304,390165652,32,114600,4320140,23232,34359738367,261332,15872,6656,9216,108,195753396,193086124,2667272,20,96096,2165576,9184,197382564,194848180,2534384,12,18504,2154564,14048
2026-08-19T14:10:10.610715,393135960,387934304,390165652,60,114600,4320140,23232,34359738367,261332,15872,6656,9216,108,195753396,193086124,2667272,32,96096,2165576,9184,197382564,194848180,2534384,28,18504,2154564,14048
2026-08-19T14:10:11.611967,393135960,387934568,390165916,60,114600,4320140,23232,34359738367,261332,15872,6656,9216,108,195753396,193086124,2667272,32,96096,2165576,9184,197382564,194848444,2534120,28,18504,2154564,14048
2026-08-19T14:10:12.613283,393135960,387934568,390165916,64,114600,4320140,23232,34359738367,261332,15872,6656,9216,108,195753396,193086124,2667272,36,96096,2165576,9184,197382564,194848444,2534120,28,18504,2154564,14048
2026-08-19T14:10:13.614538,393135960,387934820,390166168,64,114600,4320140,23232,34359738367,261332,15872,6656,9216,108,195753396,193086124,2667272,36,96096,2165576,9184,197382564,194848696,2533868,28,18504,2154564,14048
2026-08-19T14:10:14.615835,393135960,387934820,390166224,32,114604,4320140,23232,34359738367,261332,15872,6656,9216,108,195753396,193086124,2667272,20,96100,2165576,9184,197382564,194848696,2533868,12,18504,2154564,14048
2026-08-19T14:10:15.617182,393135960,387934820,390166224,40,114604,4320140,23232,34359738367,261332,15872,6656,9216,108,195753396,193086124,2667272,24,96100,2165576,9184,197382564,194848696,2533868,16,18504,2154564,14048
2026-08-19T14:10:16.618406,393135960,387934820,390166240,40,114592,4320140,23216,34359738367,260356,15872,6656,9216,108,195753396,193086124,2667272,24,96092,2165576,9180,197382564,194848696,2533868,16,18500,2154564,14036
2026-08-19T14:10:17.619721,393135960,392177740,390617904,0,112056,110184,5652,34359738367,260356,15872,6656,9216,108,195753396,195200840,552556,0,95320,60604,4820,197382564,196976396,406168,0,16736,49580,832
2026-08-19T14:10:18.621528,393135960,391932372,390479020,96,114592,322460,23240,34359738367,261348,15872,6656,9216,108,195753396,195081084,672312,12,96100,166800,9164,197382564,196851288,531276,84,18492,155688,14076
2026-08-19T14:10:19.622163,393135960,391611072,390319248,108,114604,642852,23256,34359738367,261348,15872,6656,9216,108,195753396,194921064,832332,24,96104,326992,9164,197382564,196690008,692556,84,18500,315860,14092
2026-08-19T14:10:20.622762,393135960,391290792,390168580,108,114608,963644,23256,34359738367,261348,15872,6656,9216,108,195753396,194760804,992592,24,96108,487372,9164,197382564,196529988,852576,84,18500,476288,14092
2026-08-19T14:10:21.623343,393135960,390967476,390169240,108,114608,1286828,23256,34359738367,261348,15872,6656,9216,108,195753396,194600280,1153116,24,96108,648956,9164,197382564,196367196,1015368,84,18500,637876,14092
2026-08-19T14:10:22.623934,393135960,390645420,390169212,152,114608,1608232,23256,34359738367,261348,15872,6656,9216,108,195753396,194437992,1315404,40,96108,809608,9164,197382564,196207428,1175136,112,18500,798628,14092
2026-08-19T14:10:23.625101,393135960,390324120,390168396,32,114608,1928172,23256,34359738367,261348,15872,6656,9216,108,195753396,194277720,1475676,12,96108,969360,9164,197382564,196046400,1336164,20,18500,958848,14092
2026-08-19T14:10:24.625721,393135960,390000552,390167700,36,114608,2251048,23256,34359738367,261348,15872,6656,9216,108,195753396,194116188,1637208,16,96108,1131068,9164,197382564,195884364,1498200,20,18500,1120000,14092
2026-08-19T14:10:25.626276,393135960,389680008,390167612,36,114608,2571572,23256,34359738367,261348,15872,6656,9216,108,195753396,193956168,1797228,16,96108,1291296,9164,197382564,195723840,1658724,20,18500,1280292,14092
2026-08-19T14:10:26.626837,393135960,389358708,390168160,36,114608,2893436,23256,34359738367,261348,15872,6656,9216,108,195753396,193794636,1958760,16,96108,1452224,9164,197382564,195564072,1818492,20,18500,1441224,14092
2026-08-19T14:10:27.627472,393135960,389037156,390167932,56,114608,3214412,23256,34359738367,261348,15872,6656,9216,108,195753396,193634364,2119032,28,96108,1612740,9164,197382564,195402792,1979772,28,18500,1601724,14092
2026-08-19T14:10:28.628597,393135960,388717116,390168476,48,114608,3535468,23256,34359738367,261348,15872,6656,9216,108,195753396,193473840,2279556,24,96108,1773488,9164,197382564,195242772,2139792,24,18500,1762592,14092
2026-08-19T14:10:29.629175,393135960,388397076,390168216,56,114608,3854996,23256,34359738367,261348,15872,6656,9216,108,195753396,193314576,2438820,28,96108,1932772,9164,197382564,195082500,2300064,28,18500,1922256,14092
2026-08-19T14:10:30.630178,393135960,388074012,390169260,56,114608,4179076,23256,34359738367,261348,15872,6656,9216,108,195753396,193153296,2600100,28,96108,2095048,9164,197382564,194920716,2461848,28,18500,2084040,14092
2026-08-19T14:10:31.630827,393135960,387938940,390167060,56,114608,4315472,23256,34359738367,261348,15872,6656,9216,108,195753396,193085256,2668140,28,96108,2163216,9164,197382564,194853684,2528880,28,18500,2152256,14092
2026-08-19T14:10:32.632242,393135960,387932892,390164064,68,114608,4319984,23256,34359738367,261348,15872,6656,9216,108,195753396,193081980,2671416,40,96108,2165592,9164,197382564,194850912,2531652,28,18500,2154556,14092
2026-08-19T14:10:33.633707,393135960,387933144,390164452,68,114608,4320148,23256,34359738367,261348,15872,6656,9216,108,195753396,193081980,2671416,40,96108,2165592,9164,197382564,194851164,2531400,28,18500,2154556,14092
2026-08-19T14:10:34.635039,393135960,387935160,390166520,60,114608,4320148,23256,34359738367,261348,15872,6656,9216,108,195753396,193082988,2670408,24,96108,2165592,9164,197382564,194852172,2530392,36,18500,2154556,14092
2026-08-19T14:10:35.636416,393135960,387935412,390166772,64,114608,4320148,23256,34359738367,261348,15872,6656,9216,108,195753396,193083240,2670156,24,96108,2165592,9164,197382564,194852172,2530392,40,18500,2154556,14092
2026-08-19T14:10:36.637816,393135960,387935412,390166772,72,114608,4320148,23256,34359738367,261348,15872,6656,9216,108,195753396,193083240,2670156,28,96108,2165592,9164,197382564,194852172,2530392,44,18500,2154556,14092
2026-08-19T14:10:37.639151,393135960,387935412,390166772,72,114608,4320148,23256,34359738367,261348,15872,6656,9216,108,195753396,193083240,2670156,28,96108,2165592,9164,197382564,194852172,2530392,44,18500,2154556,14092
2026-08-19T14:10:38.640494,393135960,387935920,390167280,72,114608,4320148,23268,34359738367,261348,15872,6656,9216,108,195753396,193083496,2669900,28,96108,2165592,9164,197382564,194852424,2530140,44,18500,2154556,14104
2026-08-19T14:10:39.641819,393135960,387936684,390168084,48,114608,4320148,23268,34359738367,261348,15872,6656,9216,108,195753396,193084260,2669136,24,96108,2165592,9164,197382564,194852424,2530140,24,18500,2154556,14104
2026-08-19T14:10:40.643133,393135960,387936684,390168084,56,114608,4320148,23268,34359738367,261348,15872,6656,9216,108,195753396,193084260,2669136,28,96108,2165592,9164,197382564,194852424,2530140,28,18500,2154556,14104
2026-08-19T14:10:41.644476,393135960,387936936,390168336,56,114608,4320148,23268,34359738367,261348,15872,6656,9216,108,195753396,193084512,2668884,28,96108,2165592,9164,197382564,194852424,2530140,28,18500,2154556,14104
2026-08-19T14:10:42.645816,393135960,387937348,390168748,72,114608,4320148,23268,34359738367,261348,15872,6656,9216,108,195753396,193084672,2668724,44,96108,2165592,9164,197382564,194852676,2529888,28,18500,2154556,14104
2026-08-19T14:10:43.647107,393135960,387937428,390168828,76,114608,4320148,23268,34359738367,261348,15872,6656,9216,108,195753396,193084672,2668724,44,96108,2165592,9164,197382564,194852756,2529808,32,18500,2154556,14104
2026-08-19T14:10:44.648383,393135960,387937680,390169080,76,114608,4320148,23268,34359738367,261348,15872,6656,9216,108,195753396,193084924,2668472,44,96108,2165592,9164,197382564,194852756,2529808,32,18500,2154556,14104
2026-08-19T14:10:45.649715,393135960,387937680,390169080,52,114608,4320148,23268,34359738367,261348,15872,6656,9216,108,195753396,193084924,2668472,24,96108,2165592,9164,197382564,194852756,2529808,28,18500,2154556,14104
2026-08-19T14:10:46.650965,393135960,387937680,390169080,72,114608,4320148,23268,34359738367,261348,15872,6656,9216,108,195753396,193084924,2668472,28,96108,2165592,9164,197382564,194852756,2529808,44,18500,2154556,14104
2026-08-19T14:10:47.652230,393135960,387937680,390169080,72,114608,4320148,23268,34359738367,261348,15872,6656,9216,108,195753396,193084924,2668472,28,96108,2165592,9164,197382564,194852756,2529808,44,18500,2154556,14104
2026-08-19T14:10:48.653594,393135960,387937932,390169428,20,114608,4320148,23268,34359738367,261348,15872,6656,9216,108,195753396,193084924,2668472,4,96108,2165592,9164,197382564,194853008,2529556,16,18500,2154556,14104
2026-08-19T14:10:49.654855,393135960,387937932,390169428,20,114608,4320148,23268,34359738367,261348,15872,6656,9216,108,195753396,193084924,2668472,4,96108,2165592,9164,197382564,194853008,2529556,16,18500,2154556,14104
2026-08-19T14:10:50.656112,393135960,387937932,390169428,20,114608,4320148,23268,34359738367,261348,15872,6656,9216,108,195753396,193084924,2668472,4,96108,2165592,9164,197382564,194853008,2529556,16,18500,2154556,14104
2026-08-19T14:10:51.657456,393135960,387937932,390169436,0,114608,4320148,23268,34359738367,261348,15872,6656,9216,108,195753396,193084924,2668472,0,96108,2165592,9164,197382564,194853008,2529556,0,18500,2154556,14104
2026-08-19T14:10:52.658747,393135960,387938188,390169692,8,114608,4320148,23268,34359738367,261348,15872,6656,9216,108,195753396,193085180,2668216,4,96108,2165592,9164,197382564,194853008,2529556,4,18500,2154556,14104
2026-08-19T14:10:53.660007,393135960,387938188,390169692,44,114608,4320148,23268,34359738367,261348,15872,6656,9216,108,195753396,193085180,2668216,32,96108,2165592,9164,197382564,194853008,2529556,12,18500,2154556,14104
2026-08-19T14:10:54.661364,393135960,387938440,390169944,44,114608,4320148,23268,34359738367,261348,15872,6656,9216,108,195753396,193085180,2668216,32,96108,2165592,9164,197382564,194853260,2529304,12,18500,2154556,14104
2026-08-19T14:10:55.662698,393135960,387938440,390169944,44,114608,4320148,23268,34359738367,261348,15872,6656,9216,108,195753396,193085180,2668216,32,96108,2165592,9164,197382564,194853260,2529304,12,18500,2154556,14104
2026-08-19T14:10:56.663989,393135960,387938440,390169944,44,114608,4320148,23268,34359738367,261348,15872,6656,9216,108,195753396,193085180,2668216,32,96108,2165592,9164,197382564,194853260,2529304,12,18500,2154556,14104
2026-08-19T14:10:57.665321,393135960,387938440,390169944,36,114608,4320148,23268,34359738367,261348,15872,6656,9216,108,195753396,193085180,2668216,16,96108,2165592,9164,197382564,194853260,2529304,20,18500,2154556,14104
2026-08-19T14:10:58.666610,393135960,387938440,390169944,52,114608,4320148,23268,34359738367,261348,15872,6656,9216,108,195753396,193085180,2668216,24,96108,2165592,9164,197382564,194853260,2529304,28,18500,2154556,14104
2026-08-19T14:10:59.667938,393135960,387938440,390169944,52,114608,4320148,23268,34359738367,261348,15872,6656,9216,108,195753396,193085180,2668216,24,96108,2165592,9164,197382564,194853260,2529304,28,18500,2154556,14104
2026-08-19T14:11:00.669284,393135960,387938664,390170168,56,114608,4320148,23268,34359738367,261348,15872,6656,9216,108,195753396,193085180,2668216,28,96108,2165592,9164,197382564,194853484,2529080,28,18500,2154556,14104
2026-08-19T14:11:01.670559,393135960,387938664,390170168,56,114608,4320148,23268,34359738367,261348,15872,6656,9216,108,195753396,193085180,2668216,28,96108,2165592,9164,197382564,194853484,2529080,28,18500,2154556,14104
2026-08-19T14:11:02.671875,393135960,387938664,390170180,32,114608,4320148,23268,34359738367,261348,15872,6656,9216,108,195753396,193085180,2668216,20,96108,2165592,9164,197382564,194853484,2529080,12,18500,2154556,14104
2026-08-19T14:11:03.673215,393135960,387938664,390170180,56,114608,4320148,23268,34359738367,261348,15872,6656,9216,108,195753396,193085180,2668216,40,96108,2165592,9164,197382564,194853484,2529080,16,18500,2154556,14104
2026-08-19T14:11:04.674498,393135960,387938664,390170180,56,114608,4320148,23268,34359738367,261348,15872,6656,9216,108,195753396,193085180,2668216,40,96108,2165592,9164,197382564,194853484,2529080,16,18500,2154556,14104
2026-08-19T14:11:05.675776,393135960,387938664,390170180,56,114608,4320148,23268,34359738367,261348,15872,6656,9216,108,195753396,193085180,2668216,40,96108,2165592,9164,197382564,194853484,2529080,16,18500,2154556,14104
2026-08-19T14:11:06.677092,393135960,387938664,390170180,56,114608,4320148,23268,34359738367,261348,15872,6656,9216,108,195753396,193085180,2668216,40,96108,2165592,9164,197382564,194853484,2529080,16,18500,2154556,14104
2026-08-19T14:11:07.678366,393135960,387938664,390170180,56,114608,4320148,23268,34359738367,261348,15872,6656,9216,108,195753396,193085180,2668216,40,96108,2165592,9164,197382564,194853484,2529080,16,18500,2154556,14104
2026-08-19T14:11:08.679630,393135960,389128648,390204392,0,111072,110180,5512,34359738367,260292,15872,6656,9216,108,195753396,193679560,2073836,0,94236,60600,4680,197382564,195449088,1933476,0,16836,49580,832
2026-08-19T14:11:09.680273,393135960,392110792,390569248,112,114492,152216,16156,34359738367,261332,15872,6656,9216,108,195753396,195169704,583692,12,95976,81488,8936,197382564,196941088,441476,100,18516,70776,7224
2026-08-19T14:11:10.680815,393135960,391773500,390397496,112,114608,475444,23248,34359738367,261332,15872,6656,9216,108,195753396,195004348,749048,12,96020,243288,9268,197382564,196769152,613412,100,18588,232216,13980
2026-08-19T14:11:11.681805,393135960,391452956,390238248,112,114612,796028,23248,34359738367,261332,15872,6656,9216,108,195753396,194843824,909572,12,96020,403396,9268,197382564,196609132,773432,100,18592,392668,13980
2026-08-19T14:11:12.682398,393135960,391129388,390165028,112,114616,1121060,23248,34359738367,261332,15872,6656,9216,108,195753396,194681788,1071608,12,96024,565856,9268,197382564,196447600,934964,100,18592,555244,13980
2026-08-19T14:11:13.683509,393135960,390807332,390162956,124,114616,1440032,23248,34359738367,261332,15872,6656,9216,108,195753396,194519248,1234148,12,96024,725336,9268,197382564,196287832,1094732,112,18592,714708,13980
2026-08-19T14:11:14.684101,393135960,390483764,390162816,32,114616,1763024,23248,34359738367,261332,15872,6656,9216,108,195753396,194358472,1394924,16,96024,887040,9268,197382564,196125292,1257272,16,18592,875992,13980
2026-08-19T14:11:15.684739,393135960,390160700,390163184,40,114616,2086448,23252,34359738367,261332,15872,6656,9216,108,195753396,194197192,1556204,20,96024,1048572,9268,197382564,195963508,1419056,20,18592,1037992,13984
2026-08-19T14:11:16.686106,393135960,389839148,390162932,40,114616,2407624,23252,34359738367,261332,15872,6656,9216,108,195753396,194037172,1716224,20,96024,1209104,9268,197382564,195801976,1580588,20,18592,1198544,13984
2026-08-19T14:11:17.686692,393135960,389516840,390163320,40,114616,2730456,23252,34359738367,261332,15872,6656,9216,108,195753396,193875640,1877756,20,96024,1370564,9268,197382564,195641200,1741364,20,18592,1359912,13984
2026-08-19T14:11:18.687285,393135960,389195036,390164040,44,114616,3053488,23252,34359738367,261332,15872,6656,9216,108,195753396,193714612,2038784,24,96024,1532284,9268,197382564,195480424,1902140,20,18592,1521204,13984
2026-08-19T14:11:19.687995,393135960,388870460,390163336,68,114616,3376660,23252,34359738367,261332,15872,6656,9216,108,195753396,193552828,2200568,32,96024,1693648,9268,197382564,195317632,2064932,36,18592,1683028,13984
2026-08-19T14:11:20.688593,393135960,388549412,390165048,56,114616,3699412,23252,34359738367,261332,15872,6656,9216,108,195753396,193392556,2360840,24,96024,1855304,9268,197382564,195156856,2225708,32,18592,1844788,13984
2026-08-19T14:11:21.689258,393135960,388226096,390165028,72,114616,4022704,23252,34359738367,261332,15872,6656,9216,108,195753396,193230016,2523380,28,96024,2016644,9268,197382564,194996080,2386484,44,18592,2006100,13984
2026-08-19T14:11:22.689987,393135960,387934280,390161644,72,114616,4314380,23252,34359738367,261332,15872,6656,9216,108,195753396,193084108,2669288,28,96024,2162484,9268,197382564,194850172,2532392,44,18592,2151896,13984
2026-08-19T14:11:23.691380,393135960,387928988,390159380,72,114616,4319052,23252,34359738367,261332,15872,6656,9216,108,195753396,193081840,2671556,28,96024,2164804,9268,197382564,194847148,2535416,44,18592,2154248,13984
2026-08-19T14:11:24.692785,393135960,387927732,390158684,80,114616,4320004,23252,34359738367,261332,15872,6656,9216,108,195753396,193081336,2672060,32,96024,2165268,9268,197382564,194846396,2536168,48,18592,2154736,13984
2026-08-19T14:11:25.694177,393135960,387928740,390159744,60,114616,4320004,23252,34359738367,261332,15872,6656,9216,108,195753396,193081840,2671556,28,96024,2165268,9268,197382564,194846900,2535664,32,18592,2154736,13984
2026-08-19T14:11:26.695534,393135960,387929496,390160500,68,114616,4320004,23252,34359738367,261332,15872,6656,9216,108,195753396,193081840,2671556,32,96024,2165268,9268,197382564,194847656,2534908,36,18592,2154736,13984
2026-08-19T14:11:27.696868,393135960,387929496,390160500,68,114616,4320004,23252,34359738367,261332,15872,6656,9216,108,195753396,193081840,2671556,32,96024,2165268,9268,197382564,194847656,2534908,36,18592,2154736,13984
2026-08-19T14:11:28.698160,393135960,387930000,390161004,68,114616,4320004,23252,34359738367,261332,15872,6656,9216,108,195753396,193082092,2671304,32,96024,2165268,9268,197382564,194847908,2534656,36,18592,2154736,13984
2026-08-19T14:11:29.699464,393135960,387930000,390161004,68,114616,4320004,23252,34359738367,261332,15872,6656,9216,108,195753396,193082092,2671304,32,96024,2165268,9268,197382564,194847908,2534656,36,18592,2154736,13984
2026-08-19T14:11:30.700782,393135960,387930252,390161256,68,114616,4320004,23252,34359738367,261332,15872,6656,9216,108,195753396,193082344,2671052,32,96024,2165268,9268,197382564,194847908,2534656,36,18592,2154736,13984
2026-08-19T14:11:31.702074,393135960,387930252,390161288,64,114616,4320004,23252,34359738367,261332,15872,6656,9216,108,195753396,193082344,2671052,28,96024,2165268,9268,197382564,194847908,2534656,36,18592,2154736,13984
2026-08-19T14:11:32.703350,393135960,387930492,390161528,68,114616,4320004,23252,34359738367,261332,15872,6656,9216,108,195753396,193082584,2670812,32,96024,2165268,9268,197382564,194847908,2534656,36,18592,2154736,13984
2026-08-19T14:11:33.704617,393135960,387930492,390161528,80,114616,4320004,23252,34359738367,261332,15872,6656,9216,108,195753396,193082584,2670812,32,96024,2165268,9268,197382564,194847908,2534656,48,18592,2154736,13984
2026-08-19T14:11:34.705929,393135960,387930492,390161528,80,114616,4320004,23252,34359738367,261332,15872,6656,9216,108,195753396,193082584,2670812,32,96024,2165268,9268,197382564,194847908,2534656,48,18592,2154736,13984
2026-08-19T14:11:35.707189,393135960,387931004,390162040,80,114616,4320004,23252,34359738367,261332,15872,6656,9216,108,195753396,193082836,2670560,32,96024,2165268,9268,197382564,194848168,2534396,48,18592,2154736,13984
2026-08-19T14:11:36.708508,393135960,387931004,390162048,60,114616,4320004,23252,34359738367,261332,15872,6656,9216,108,195753396,193082836,2670560,28,96024,2165268,9268,197382564,194848168,2534396,32,18592,2154736,13984
2026-08-19T14:11:37.709831,393135960,387931416,390162460,68,114616,4320004,23252,34359738367,261332,15872,6656,9216,108,195753396,193082836,2670560,32,96024,2165268,9268,197382564,194848580,2533984,36,18592,2154736,13984
2026-08-19T14:11:38.711116,393135960,387931416,390162460,68,114616,4320004,23252,34359738367,261332,15872,6656,9216,108,195753396,193082836,2670560,32,96024,2165268,9268,197382564,194848580,2533984,36,18592,2154736,13984
2026-08-19T14:11:39.712367,393135960,387931416,390162460,8,114616,4320004,23252,34359738367,261332,15872,6656,9216,108,195753396,193082836,2670560,4,96024,2165268,9268,197382564,194848580,2533984,4,18592,2154736,13984
2026-08-19T14:11:40.713696,393135960,387931696,390162740,8,114616,4320004,23252,34359738367,261332,15872,6656,9216,108,195753396,193083116,2670280,4,96024,2165268,9268,197382564,194848580,2533984,4,18592,2154736,13984
2026-08-19T14:11:41.714933,393135960,387931696,390162740,12,114616,4320004,23252,34359738367,261332,15872,6656,9216,108,195753396,193083116,2670280,4,96024,2165268,9268,197382564,194848580,2533984,8,18592,2154736,13984
2026-08-19T14:11:42.716196,393135960,387931696,390162744,4,114616,4320004,23252,34359738367,261332,15872,6656,9216,108,195753396,193083116,2670280,0,96024,2165268,9268,197382564,194848580,2533984,4,18592,2154736,13984
2026-08-19T14:11:43.717532,393135960,387931948,390162996,8,114616,4320004,23252,34359738367,261332,15872,6656,9216,108,195753396,193083368,2670028,4,96024,2165268,9268,197382564,194848580,2533984,4,18592,2154736,13984
2026-08-19T14:11:44.718848,393135960,387931948,390162996,24,114616,4320004,23252,34359738367,261332,15872,6656,9216,108,195753396,193083368,2670028,12,96024,2165268,9268,197382564,194848580,2533984,12,18592,2154736,13984
2026-08-19T14:11:45.720156,393135960,387931948,390162996,36,114616,4320004,23252,34359738367,261332,15872,6656,9216,108,195753396,193083368,2670028,12,96024,2165268,9268,197382564,194848580,2533984,24,18592,2154736,13984
2026-08-19T14:11:46.721574,393135960,387931948,390162996,36,114616,4320004,23252,34359738367,261332,15872,6656,9216,108,195753396,193083368,2670028,12,96024,2165268,9268,197382564,194848580,2533984,24,18592,2154736,13984
2026-08-19T14:11:47.722849,393135960,387931948,390163008,16,114616,4320004,23252,34359738367,261332,15872,6656,9216,108,195753396,193083368,2670028,8,96024,2165268,9268,197382564,194848580,2533984,8,18592,2154736,13984
2026-08-19T14:11:48.724163,393135960,387932204,390163264,24,114616,4320004,23252,34359738367,261332,15872,6656,9216,108,195753396,193083368,2670028,12,96024,2165268,9268,197382564,194848836,2533728,12,18592,2154736,13984
2026-08-19T14:11:49.725547,393135960,387932204,390163324,36,114616,4320004,23252,34359738367,261332,15872,6656,9216,108,195753396,193083368,2670028,20,96024,2165268,9268,197382564,194848836,2533728,16,18592,2154736,13984
2026-08-19T14:11:50.726830,393135960,387932204,390163324,36,114616,4320004,23252,34359738367,261332,15872,6656,9216,108,195753396,193083368,2670028,20,96024,2165268,9268,197382564,194848836,2533728,16,18592,2154736,13984
2026-08-19T14:11:51.728180,393135960,387932204,390163324,36,114616,4320004,23252,34359738367,261332,15872,6656,9216,108,195753396,193083368,2670028,20,96024,2165268,9268,197382564,194848836,2533728,16,18592,2154736,13984
2026-08-19T14:11:52.729540,393135960,387932204,390163324,36,114616,4320004,23252,34359738367,261332,15872,6656,9216,108,195753396,193083368,2670028,20,96024,2165268,9268,197382564,194848836,2533728,16,18592,2154736,13984
2026-08-19T14:11:53.730840,393135960,387932204,390163324,32,114616,4320004,23252,34359738367,261332,15872,6656,9216,108,195753396,193083368,2670028,16,96024,2165268,9268,197382564,194848836,2533728,16,18592,2154736,13984
2026-08-19T14:11:54.732179,393135960,387932204,390163324,36,114616,4320004,23252,34359738367,261332,15872,6656,9216,108,195753396,193083368,2670028,20,96024,2165268,9268,197382564,194848836,2533728,16,18592,2154736,13984
2026-08-19T14:11:55.733580,393135960,387932300,390163420,40,114616,4320004,23252,34359738367,261332,15872,6656,9216,108,195753396,193083464,2669932,24,96024,2165268,9268,197382564,194848836,2533728,16,18592,2154736,13984
2026-08-19T14:11:56.734897,393135960,387932300,390163420,52,114616,4320004,23252,34359738367,261332,15872,6656,9216,108,195753396,193083464,2669932,24,96024,2165268,9268,197382564,194848836,2533728,28,18592,2154736,13984
2026-08-19T14:11:57.736174,393135960,387932300,390163420,64,114616,4320004,23252,34359738367,261332,15872,6656,9216,108,195753396,193083464,2669932,36,96024,2165268,9268,197382564,194848836,2533728,28,18592,2154736,13984
2026-08-19T14:11:58.737532,393135960,387932436,390163564,28,114616,4320004,23252,34359738367,261332,15872,6656,9216,108,195753396,193083464,2669932,16,96024,2165268,9268,197382564,194848972,2533592,12,18592,2154736,13984
2026-08-19T14:11:59.738797,393135960,387932436,390163588,40,114580,4320004,23220,34359738367,260356,15872,6656,9216,108,195753396,193083464,2669932,24,96008,2165268,9260,197382564,194848972,2533592,16,18572,2154736,13960
