time,total,free,available,dirty,anon,mapped,pageTable,vmallocTotal,vmallocUsed,own_VmRSS,own_RssAnon,own_RssFile,own_VmPTE,Node0_total,Node0_free,Node0_used,Node0_dirty,Node0_anon,Node0_mapped,Node0_pageTable,Node1_total,Node1_free,Node1_used,Node1_dirty,Node1_anon,Node1_mapped,Node1_pageTable
2026-08-27T19:09:51.437277,393132552,381607316,390084808,200,120512,164852,4804,34359738367,255040,16208,6892,9316,108,195781836,184739992,11041844,188,77492,80752,3136,197350716,196867324,483392,12,43020,84100,1668
2026-08-27T19:09:51.937844,393132552,385619204,390071148,4,136956,165736,5232,34359738367,255008,16212,6896,9316,108,195781836,188746312,7035524,4,94212,81528,3580,197350716,196872892,477824,0,42744,84208,1652
2026-08-27T19:09:52.438433,393132552,389795684,389919336,4,142420,166216,8044,34359738367,265248,16212,6896,9316,108,195781836,192938692,2843144,4,96036,82008,4300,197350716,196856992,493724,0,46384,84208,3744
2026-08-27T19:09:52.939088,393132552,391859872,390330816,8,144584,165712,8416,34359738367,265232,16212,6896,9316,108,195781836,195001904,779932,8,96628,81504,4496,197350716,196857968,492748,0,47956,84208,3920
2026-08-27T19:09:53.439820,393132552,391863964,390333992,68,144700,165284,8408,34359738367,265232,16212,6896,9316,108,195781836,195005512,776324,68,96504,81076,4460,197350716,196858452,492264,0,48196,84208,3948
2026-08-27T19:09:53.940390,393132552,391877924,390347952,72,144312,165284,8456,34359738367,265232,16216,6900,9316,108,195781836,195019424,762412,68,96116,81076,4508,197350716,196858500,492216,4,48196,84208,3948
2026-08-27T19:09:54.440952,393132552,391879956,390349984,72,144312,165284,8456,34359738367,265232,16216,6900,9316,108,195781836,195020804,761032,68,96116,81076,4508,197350716,196859152,491564,4,48196,84208,3948
2026-08-27T19:09:54.941753,393132552,391896988,390367016,76,144316,165284,8456,34359738367,265232,16216,6900,9316,108,195781836,195036888,744948,68,96120,81076,4508,197350716,196860100,490616,8,48196,84208,3948
2026-08-27T19:09:55.442445,393132552,391898824,390368852,76,144316,165284,8456,34359738367,265232,16216,6900,9316,108,195781836,195037716,744120,68,96120,81076,4508,197350716,196861108,489608,8,48196,84208,3948
2026-08-27T19:09:55.943000,393132552,391912572,390382600,80,144316,165284,8456,34359738367,265232,16216,6900,9316,108,195781836,195051464,730372,68,96120,81076,4508,197350716,196861108,489608,12,48196,84208,3948
2026-08-27T19:09:56.443629,393132552,391912752,390382780,80,144316,165284,8456,34359738367,265232,16216,6900,9316,108,195781836,195051644,730192,68,96120,81076,4508,197350716,196861108,489608,12,48196,84208,3948
2026-08-27T19:09:56.944414,393132552,391924552,390394580,80,144316,165284,8456,34359738367,265232,16216,6900,9316,108,195781836,195063444,718392,68,96120,81076,4508,197350716,196861108,489608,12,48196,84208,3948
2026-08-27T19:09:57.444930,393132552,391925316,390395344,268,144316,165284,8456,34359738367,265232,16216,6900,9316,108,195781836,195063956,717880,252,96120,81076,4508,197350716,196861360,489356,16,48196,84208,3948
2026-08-27T19:09:57.945585,393132552,391936480,390406508,280,144316,165284,8456,34359738367,265232,16216,6900,9316,108,195781836,195074784,707052,252,96120,81076,4508,197350716,196861696,489020,28,48196,84208,3948
2026-08-27T19:09:58.446082,393132552,391936748,390406776,280,144316,165284,8456,34359738367,265232,16216,6900,9316,108,195781836,195074784,707052,252,96120,81076,4508,197350716,196861964,488752,28,48196,84208,3948
2026-08-27T19:09:58.946710,393132552,391945812,390415840,284,144316,165284,8456,34359738367,265232,16216,6900,9316,108,195781836,195083848,697988,252,96120,81076,4508,197350716,196861964,488752,32,48196,84208,3948
2026-08-27T19:09:59.447221,393132552,391945812,390415840,284,144316,165284,8456,34359738367,265232,16216,6900,9316,108,195781836,195083848,697988,252,96120,81076,4508,197350716,196861964,488752,32,48196,84208,3948
2026-08-27T19:09:59.947817,393132552,391954060,390424088,288,144316,165284,8456,34359738367,265232,16216,6900,9316,108,195781836,195092096,689740,252,96120,81076,4508,197350716,196861964,488752,36,48196,84208,3948
2026-08-27T19:10:00.448500,393132552,391954820,390424848,292,144316,165284,8456,34359738367,265232,16216,6900,9316,108,195781836,195092604,689232,256,96120,81076,4508,197350716,196862216,488500,36,48196,84208,3948
2026-08-27T19:10:00.949251,393132552,391962412,390432440,296,144316,165284,8456,34359738367,265232,16216,6900,9316,108,195781836,195099944,681892,256,96120,81076,4508,197350716,196862468,488248,40,48196,84208,3948
2026-08-27T19:10:01.449928,393132552,391962628,390432868,296,144104,165284,8456,34359738367,265200,16216,6900,9316,108,195781836,195099944,681892,256,95908,81076,4508,197350716,196862684,488032,40,48196,84208,3948
2026-08-27T19:10:01.950650,393132552,391969212,390439452,300,144104,165284,8456,34359738367,265200,16216,6900,9316,108,195781836,195106528,675308,256,95908,81076,4508,197350716,196862684,488032,44,48196,84208,3948
2026-08-27T19:10:02.451284,393132552,391969212,390439452,300,144104,165284,8456,34359738367,265200,16220,6904,9316,108,195781836,195106528,675308,256,95908,81076,4508,197350716,196862684,488032,44,48196,84208,3948
2026-08-27T19:10:02.952063,393132552,391974404,390444644,300,144104,165284,8456,34359738367,265200,16220,6904,9316,108,195781836,195111720,670116,256,95908,81076,4508,197350716,196862684,488032,44,48196,84208,3948
2026-08-27T19:10:03.452685,393132552,391974972,390445212,308,144108,165284,8456,34359738367,265200,16220,6904,9316,108,195781836,195112036,669800,264,95912,81076,4508,197350716,196862936,487780,44,48196,84208,3948
2026-08-27T19:10:03.953420,393132552,391979864,390450104,324,144108,165284,8456,34359738367,265200,16220,6904,9316,108,195781836,195116704,665132,264,95912,81076,4508,197350716,196863160,487556,60,48196,84208,3948
2026-08-27T19:10:04.453976,393132552,391979864,390450104,324,144108,165284,8456,34359738367,265200,16220,6904,9316,108,195781836,195116704,665132,264,95912,81076,4508,197350716,196863160,487556,60,48196,84208,3948
2026-08-27T19:10:04.954493,393132552,391984612,390454852,328,144108,165284,8456,34359738367,265200,16220,6904,9316,108,195781836,195121452,660384,264,95912,81076,4508,197350716,196863160,487556,64,48196,84208,3948
2026-08-27T19:10:05.455031,393132552,391984612,390454852,328,144108,165284,8456,34359738367,265200,16220,6904,9316,108,195781836,195121452,660384,264,95912,81076,4508,197350716,196863160,487556,64,48196,84208,3948
2026-08-27T19:10:05.955835,393132552,391987756,390457996,332,144108,165284,8456,34359738367,265200,16220,6904,9316,108,195781836,195124596,657240,264,95912,81076,4508,197350716,196863160,487556,68,48196,84208,3948
2026-08-27T19:10:06.456627,393132552,391988276,390458516,332,144108,165284,8456,34359738367,265200,16220,6904,9316,108,195781836,195124848,656988,264,95912,81076,4508,197350716,196863428,487288,68,48196,84208,3948
2026-08-27T19:10:06.957171,393132552,391992056,390462296,336,144108,165284,8456,34359738367,265200,16220,6904,9316,108,195781836,195128628,653208,264,95912,81076,4508,197350716,196863428,487288,72,48196,84208,3948
2026-08-27T19:10:07.457976,393132552,391992056,390462296,336,144140,165284,8456,34359738367,265200,16220,6904,9316,108,195781836,195128628,653208,264,95944,81076,4508,197350716,196863428,487288,72,48196,84208,3948
2026-08-27T19:10:07.958592,393132552,391994228,390464468,340,144140,165284,8456,34359738367,265200,16220,6904,9316,108,195781836,195130800,651036,264,95944,81076,4508,197350716,196863428,487288,76,48196,84208,3948
2026-08-27T19:10:08.459272,393132552,391994228,390464468,340,144144,165284,8456,34359738367,265200,16220,6904,9316,108,195781836,195130800,651036,264,95948,81076,4508,197350716,196863428,487288,76,48196,84208,3948
2026-08-27T19:10:08.959790,393132552,391997008,390467248,344,144144,165284,8456,34359738367,265200,16220,6904,9316,108,195781836,195133580,648256,264,95948,81076,4508,197350716,196863428,487288,80,48196,84208,3948
2026-08-27T19:10:09.460550,393132552,391997008,390467248,344,144144,165284,8456,34359738367,265200,16220,6904,9316,108,195781836,195133832,648004,264,95948,81076,4508,197350716,196863176,487540,80,48196,84208,3948
2026-08-27T19:10:09.961305,393132552,391999444,390469684,352,144144,165284,8456,34359738367,265200,16220,6904,9316,108,195781836,195136268,645568,264,95948,81076,4508,197350716,196863176,487540,88,48196,84208,3948
2026-08-27T19:10:10.461806,393132552,391999444,390469684,368,144144,165284,8456,34359738367,265200,16224,6908,9316,108,195781836,195136268,645568,280,95948,81076,4508,197350716,196863176,487540,88,48196,84208,3948
2026-08-27T19:10:10.962480,393132552,391999548,390469788,372,144144,165284,8456,34359738367,265200,16224,6908,9316,108,195781836,195136372,645464,280,95948,81076,4508,197350716,196863176,487540,92,48196,84208,3948
2026-08-27T19:10:11.463236,393132552,391999548,390469788,372,144144,165284,8456,34359738367,265200,16224,6908,9316,108,195781836,195136372,645464,280,95948,81076,4508,197350716,196863176,487540,92,48196,84208,3948
2026-08-27T19:10:11.963760,393132552,391999908,390470156,376,144148,165284,8456,34359738367,265200,16224,6908,9316,108,195781836,195136732,645104,280,95952,81076,4508,197350716,196863176,487540,96,48196,84208,3948
2026-08-27T19:10:12.464287,393132552,392000376,390470624,376,144148,165284,8456,34359738367,265200,16224,6908,9316,108,195781836,195136984,644852,280,95952,81076,4508,197350716,196863392,487324,96,48196,84208,3948
2026-08-27T19:10:12.964884,393132552,391988280,390460040,380,155236,165788,8456,34359738367,265248,16224,6908,9316,108,195781836,195124888,656948,280,107040,81580,4508,197350716,196863392,487324,100,48196,84208,3948
2026-08-27T19:10:13.465623,393132552,391924912,390414064,72,176984,182576,9268,34359738367,266240,16224,6908,9316,108,195781836,195067236,714600,72,128160,95848,5312,197350716,196857676,493040,0,48824,86728,3956
2026-08-27T19:10:13.966331,393132552,391876516,390378996,84,197744,192576,9288,34359738367,267216,16224,6908,9316,108,195781836,195067236,714600,76,128168,96368,5312,197350716,196809280,541436,8,69576,96208,3976
2026-08-27T19:10:14.467170,393132552,391831868,390347196,84,214560,203732,9716,34359738367,267216,16224,6908,9316,108,195781836,195067236,714600,76,127436,97084,5316,197350716,196764632,586084,8,87124,106648,4400
2026-08-27T19:10:14.967796,393132552,391780968,390309660,88,238360,213812,9716,34359738367,267216,16224,6908,9316,108,195781836,195067252,714584,76,127488,97084,5316,197350716,196713716,637000,12,110872,116728,4400
2026-08-27T19:10:15.468424,393132552,391570484,390186244,172,385208,339552,10216,34359738367,267200,16224,6908,9316,108,195781836,194970500,811336,172,127520,215724,5448,197350716,196599480,751236,0,258192,124332,4768
2026-08-27T19:10:15.969732,393132552,391305448,390020284,68,506248,445624,12988,34359738367,268176,16224,6908,9316,108,195781836,194838396,943440,60,127796,321292,6688,197350716,196467052,883664,8,378452,124332,6300
2026-08-27T19:10:16.470365,393132552,391098044,389922824,80,566940,608124,17572,34359738367,268176,16224,6908,9316,108,195781836,194684332,1097504,72,128400,483708,9020,197350716,196413712,937004,8,438540,124416,8552
2026-08-27T19:10:16.971111,393132552,390872060,389903708,84,649100,765172,18380,34359738367,268176,16224,6908,9316,108,195781836,194531116,1250720,76,128992,640756,9396,197350716,196340944,1009772,8,520108,124416,8984
2026-08-27T19:10:17.471843,393132552,390651812,389904096,84,712996,927984,18500,34359738367,268176,16224,6908,9316,108,195781836,194372608,1409228,76,129744,803568,9416,197350716,196278700,1072016,8,583252,124416,9084
2026-08-27T19:10:17.972528,393132552,390433076,389906740,88,773028,1089644,18500,34359738367,268176,16224,6908,9316,108,195781836,194212336,1569500,76,131232,965228,9416,197350716,196220740,1129976,12,641796,124416,9084
2026-08-27T19:10:18.473241,393132552,390204136,389906348,88,840620,1253588,18500,34359738367,268176,16224,6908,9316,108,195781836,194049544,1732292,76,132324,1129172,9416,197350716,196154592,1196124,12,708800,124416,9084
2026-08-27T19:10:18.973960,393132552,389863248,389904360,92,1023424,1412880,18500,34359738367,268176,16224,6908,9316,108,195781836,193889524,1892312,76,133088,1288464,9416,197350716,195973724,1376992,16,890336,124416,9084
2026-08-27T19:10:19.474764,393132552,389618616,389894968,92,1101656,1579380,18500,34359738367,268176,16224,6908,9316,108,195781836,193721188,2060648,76,134760,1454964,9416,197350716,195897428,1453288,16,966896,124416,9084
2026-08-27T19:10:19.975466,393132552,389345756,389895644,100,1216992,1738856,18500,34359738367,268176,16224,6908,9316,108,195781836,193559152,2222684,80,137012,1614440,9416,197350716,195786604,1564112,20,1079980,124416,9084
2026-08-27T19:10:20.476250,393132552,388994780,389890952,100,1407824,1906504,18500,34359738367,268176,16224,6908,9316,108,195781836,193395100,2386736,80,142336,1782088,9416,197350716,195599176,1751540,20,1265488,124416,9084
2026-08-27T19:10:20.976982,393132552,388577468,389877704,104,1663192,2069204,18500,34359738367,268192,16224,6908,9316,108,195781836,193226764,2555072,80,149000,1945408,9416,197350716,195349948,2000768,24,1514692,124416,9084
2026-08-27T19:10:21.477745,393132552,387851312,389869020,144,2246828,2213152,18500,34359738367,268192,16224,6908,9316,108,195781836,193084384,2697452,108,154076,2088736,9416,197350716,194765920,2584796,36,2094264,124416,9084
2026-08-27T19:10:21.978642,393132552,387725136,389877464,148,2365288,2232092,18500,34359738367,267984,16228,6912,9316,108,195781836,193070020,2711816,108,155912,2107676,9416,197350716,194655116,2695600,40,2209376,124416,9084
2026-08-27T19:10:22.479391,393132552,387718908,389886784,148,2372052,2240992,18500,34359738367,268336,16228,6912,9316,108,195781836,193065484,2716352,108,156836,2116576,9416,197350716,194653424,2697292,40,2215216,124416,9084
2026-08-27T19:10:22.980353,393132552,387716760,389887764,148,2373920,2241156,18484,34359738367,268464,16228,6912,9316,108,195781836,193065232,2716604,108,156704,2116740,9416,197350716,194651528,2699188,40,2217216,124416,9068
2026-08-27T19:10:23.481354,393132552,387715792,389887284,148,2374792,2241156,18484,34359738367,268080,16228,6912,9316,108,195781836,193065232,2716604,108,156688,2116740,9416,197350716,194650560,2700156,40,2218104,124416,9068
2026-08-27T19:10:23.982230,393132552,387714840,389886480,152,2374928,2241156,18500,34359738367,268432,16228,6912,9316,108,195781836,193065232,2716604,108,156636,2116740,9416,197350716,194649608,2701108,44,2218292,124416,9084
2026-08-27T19:10:24.483201,393132552,387714628,389886392,152,2375148,2241156,18500,34359738367,268464,16228,6912,9316,108,195781836,193065232,2716604,108,156752,2116740,9416,197350716,194649396,2701320,44,2218396,124416,9084
2026-08-27T19:10:24.984123,393132552,387715788,389887864,156,2375028,2241156,18500,34359738367,267792,16228,6912,9316,108,195781836,193066240,2715596,108,156688,2116740,9416,197350716,194649548,2701168,48,2218340,124416,9084
2026-08-27T19:10:25.484834,393132552,387718136,389890312,156,2375232,2241156,18500,34359738367,268448,16228,6912,9316,108,195781836,193070108,2711728,108,156796,2116740,9416,197350716,194648028,2702688,48,2218436,124416,9084
2026-08-27T19:10:25.985837,393132552,387719852,389892240,160,2374688,2241156,18480,34359738367,268464,16228,6912,9316,108,195781836,193072088,2709748,108,156632,2116740,9416,197350716,194647764,2702952,52,2218056,124416,9064
2026-08-27T19:10:26.486789,393132552,387719892,389892596,164,2374848,2241156,18480,34359738367,267552,16228,6912,9316,108,195781836,193071584,2710252,112,156716,2116740,9416,197350716,194648308,2702408,52,2218132,124416,9064
2026-08-27T19:10:26.987725,393132552,387718012,389890908,176,2374996,2241156,18500,34359738367,268432,16228,6912,9316,108,195781836,193071584,2710252,112,156672,2116740,9416,197350716,194646428,2704288,64,2218324,124416,9084
2026-08-27T19:10:27.488701,393132552,387718100,389891080,176,2375176,2241156,18500,34359738367,268464,16228,6912,9316,108,195781836,193071584,2710252,112,156764,2116740,9416,197350716,194646516,2704200,64,2218412,124416,9084
2026-08-27T19:10:27.989710,393132552,387717612,389890684,188,2375060,2241156,18500,34359738367,268480,16228,6912,9316,108,195781836,193072500,2709336,120,156704,2116740,9416,197350716,194645112,2705604,68,2218356,124416,9084
2026-08-27T19:10:28.490727,393132552,387719452,389892700,192,2375256,2241156,18500,34359738367,268432,16228,6912,9316,108,195781836,193074080,2707756,124,156808,2116740,9416,197350716,194645372,2705344,68,2218448,124416,9084
2026-08-27T19:10:28.991711,393132552,387719936,389893352,192,2374976,2241156,18500,34359738367,268464,16228,6912,9316,108,195781836,193075100,2706736,124,156664,2116740,9416,197350716,194644836,2705880,68,2218312,124416,9084
2026-08-27T19:10:29.492683,393132552,387719128,389892712,192,2375104,2241156,18500,34359738367,268464,16228,6912,9316,108,195781836,193075152,2706684,124,156728,2116740,9416,197350716,194643976,2706740,68,2218376,124416,9084
2026-08-27T19:10:29.993680,393132552,387718620,389892204,196,2375028,2241156,18500,34359738367,268384,16228,6912,9316,108,195781836,193075152,2706684,124,156668,2116740,9416,197350716,194643468,2707248,72,2218360,124416,9084
2026-08-27T19:10:30.494448,393132552,387718132,389892032,196,2375324,2241156,18500,34359738367,268464,16228,6912,9316,108,195781836,193075152,2706684,124,156780,2116740,9416,197350716,194642980,2707736,72,2218544,124416,9084
2026-08-27T19:10:30.995408,393132552,387716928,389890900,200,2375300,2241156,18500,34359738367,268464,16228,6912,9316,108,195781836,193074900,2706936,124,156736,2116740,9416,197350716,194642028,2708688,76,2218564,124416,9084
2026-08-27T19:10:31.496367,393132552,387717368,389891412,200,2375464,2241156,18500,34359738367,268272,16228,6912,9316,108,195781836,193074940,2706896,124,156828,2116740,9416,197350716,194642428,2708288,76,2218636,124416,9084
2026-08-27T19:10:31.997110,393132552,387716028,389890168,204,2375176,2241156,18500,34359738367,268448,16228,6912,9316,108,195781836,193074688,2707148,124,156676,2116740,9416,197350716,194641340,2709376,80,2218500,124416,9084
2026-08-27T19:10:32.498151,393132552,387716700,389890872,204,2375320,2241156,18500,34359738367,268464,16228,6912,9316,108,195781836,193076536,2705300,124,156752,2116740,9416,197350716,194640164,2710552,80,2218568,124416,9084
2026-08-27T19:10:32.999112,393132552,387716592,389890764,216,2375192,2241156,18500,34359738367,267904,16228,6912,9316,108,195781836,193076536,2705300,124,156688,2116740,9416,197350716,194640056,2710660,92,2218504,124416,9084
2026-08-27T19:10:33.499841,393132552,387717688,389891928,224,2375408,2241156,18500,34359738367,268448,16228,6912,9316,108,195781836,193077636,2704200,132,156796,2116740,9416,197350716,194640052,2710664,92,2218612,124416,9084
2026-08-27T19:10:34.000800,393132552,387715696,389890000,228,2374884,2241156,18272,34359738367,268464,16228,6912,9316,108,195781836,193077700,2704136,132,156652,2116740,9416,197350716,194637996,2712720,96,2218248,124416,8856
2026-08-27T19:10:34.501804,393132552,387717788,389892152,228,2375032,2241156,18272,34359738367,268512,16228,6912,9316,108,195781836,193080292,2701544,132,156720,2116740,9416,197350716,194637496,2713220,96,2218312,124416,8856
2026-08-27T19:10:35.002758,393132552,387718300,389892664,232,2375184,2241156,18500,34359738367,268432,16228,6912,9316,108,195781836,193080292,2701544,132,156676,2116740,9416,197350716,194638008,2712708,100,2218508,124416,9084
2026-08-27T19:10:35.503722,393132552,387717948,389892456,232,2375368,2241156,18500,34359738367,268464,16228,6912,9316,108,195781836,193080660,2701176,132,156772,2116740,9416,197350716,194637288,2713428,100,2218596,124416,9084
2026-08-27T19:10:36.004707,393132552,387717036,389891636,236,2375264,2241156,18500,34359738367,268464,16228,6912,9316,108,195781836,193080912,2700924,132,156716,2116740,9416,197350716,194636124,2714592,104,2218548,124416,9084
2026-08-27T19:10:36.505712,393132552,387717904,389892540,236,2375452,2241156,18500,34359738367,268400,16228,6912,9316,108,195781836,193080948,2700888,132,156816,2116740,9416,197350716,194636956,2713760,104,2218636,124416,9084
2026-08-27T19:10:37.006455,393132552,387717124,389891808,236,2375172,2241156,18500,34359738367,268448,16228,6912,9316,108,195781836,193080964,2700872,132,156668,2116740,9416,197350716,194636160,2714556,104,2218504,124416,9084
2026-08-27T19:10:37.507437,393132552,387715880,389890668,236,2375292,2241156,18500,34359738367,268464,16228,6912,9316,108,195781836,193080964,2700872,132,156736,2116740,9416,197350716,194634916,2715800,104,2218556,124416,9084
2026-08-27T19:10:38.008386,393132552,387716088,389890996,240,2375184,2241156,18500,34359738367,268320,16232,6916,9316,108,195781836,193080964,2700872,132,156680,2116740,9416,197350716,194635124,2715592,108,2218504,124416,9084
2026-08-27T19:10:38.509133,393132552,387715240,389890148,252,2375392,2241156,18500,34359738367,268448,16232,6916,9316,108,195781836,193080712,2701124,144,156788,2116740,9416,197350716,194634528,2716188,108,2218604,124416,9084
2026-08-27T19:10:39.010144,393132552,387714348,389889316,264,2375264,2241156,18500,34359738367,268464,16232,6916,9316,108,195781836,193080460,2701376,144,156728,2116740,9416,197350716,194633888,2716828,120,2218536,124416,9084
2026-08-27T19:10:39.511097,393132552,387714704,389889672,264,2375424,2241156,18500,34359738367,268032,16232,6916,9316,108,195781836,193080492,2701344,144,156816,2116740,9416,197350716,194634212,2716504,120,2218608,124416,9084
2026-08-27T19:10:40.011792,393132552,387712916,389887884,268,2375192,2241156,18500,34359738367,268448,16232,6916,9316,108,195781836,193080492,2701344,144,156680,2116740,9416,197350716,194632424,2718292,124,2218512,124416,9084
2026-08-27T19:10:40.513441,393132552,387713012,389887980,268,2375368,2241156,18500,34359738367,268464,16232,6916,9316,108,195781836,193080492,2701344,144,156792,2116740,9416,197350716,194632520,2718196,124,2218576,124416,9084
2026-08-27T19:10:41.014399,393132552,387712872,389887880,272,2375256,2241156,18500,34359738367,267616,16232,6916,9316,108,195781836,193080492,2701344,144,156728,2116740,9416,197350716,194632380,2718336,128,2218528,124416,9084
2026-08-27T19:10:41.515109,393132552,387712408,389887460,272,2375452,2241156,18500,34359738367,268432,16232,6916,9316,108,195781836,193080492,2701344,144,156836,2116740,9416,197350716,194631916,2718800,128,2218616,124416,9084
2026-08-27T19:10:42.016079,393132552,387712228,389887296,276,2374944,2241156,18480,34359738367,268432,16232,6916,9316,108,195781836,193080524,2701312,144,156688,2116740,9416,197350716,194631704,2719012,132,2218256,124416,9064
2026-08-27T19:10:42.517046,393132552,387711128,389886220,276,2375356,2241156,18704,34359738367,268464,16232,6916,9316,108,195781836,193080524,2701312,144,156756,2116740,9416,197350716,194630604,2720112,132,2218600,124416,9288
2026-08-27T19:10:43.018086,393132552,387711600,389886712,280,2375516,2241156,18500,34359738367,268400,16232,6916,9316,108,195781836,193080564,2701272,144,156836,2116740,9416,197350716,194631036,2719680,136,2218680,124416,9084
2026-08-27T19:10:43.518864,393132552,387710592,389885724,280,2375396,2241156,18500,34359738367,268464,16232,6916,9316,108,195781836,193080312,2701524,144,156784,2116740,9416,197350716,194630280,2720436,136,2218612,124416,9084
2026-08-27T19:10:44.019823,393132552,387709496,389884628,292,2375540,2241156,18500,34359738367,268464,16232,6916,9316,108,195781836,193080316,2701520,152,156852,2116740,9416,197350716,194629180,2721536,140,2218688,124416,9084
2026-08-27T19:10:44.520794,393132552,387709448,389884588,292,2375300,2241156,18500,34359738367,268400,16232,6916,9316,108,195781836,193080316,2701520,152,156720,2116740,9416,197350716,194629132,2721584,140,2218580,124416,9084
2026-08-27T19:10:45.021607,393132552,387708408,389883552,300,2375512,2241156,18500,34359738367,268448,16232,6916,9316,108,195781836,193080456,2701380,152,156828,2116740,9416,197350716,194627952,2722764,148,2218684,124416,9084
2026-08-27T19:10:45.522582,393132552,387707024,389882168,300,2375388,2241156,18500,34359738367,268464,16232,6916,9316,108,195781836,193080456,2701380,152,156768,2116740,9416,197350716,194626568,2724148,148,2218620,124416,9084
2026-08-27T19:10:46.023519,393132552,387707952,389883096,304,2375524,2241156,18500,34359738367,268320,16232,6916,9316,108,195781836,193080456,2701380,152,156840,2116740,9416,197350716,194627496,2723220,152,2218684,124416,9084
2026-08-27T19:10:46.524254,393132552,387706948,389882124,220,2375016,2241156,18480,34359738367,268448,16232,6916,9316,108,195781836,193080456,2701380,68,156696,2116740,9416,197350716,194626492,2724224,152,2218320,124416,9064
2026-08-27T19:10:47.025254,393132552,387706024,389881200,236,2375208,2241156,18480,34359738367,268464,16232,6916,9316,108,195781836,193080204,2701632,76,156792,2116740,9416,197350716,194625820,2724896,160,2218416,124416,9064
2026-08-27T19:10:47.526192,393132552,387706136,389881420,96,2375340,2241156,18500,34359738367,267936,16232,6916,9316,108,195781836,193080204,2701632,48,156740,2116740,9416,197350716,194625932,2724784,48,2218600,124416,9084
2026-08-27T19:10:48.026889,393132552,387705648,389880932,100,2375532,2241156,18500,34359738367,268448,16232,6916,9316,108,195781836,193080204,2701632,48,156836,2116740,9416,197350716,194625444,2725272,52,2218696,124416,9084
2026-08-27T19:10:48.527855,393132552,387704168,389879484,100,2375436,2241156,18500,34359738367,268464,16232,6916,9316,108,195781836,193079952,2701884,48,156792,2116740,9416,197350716,194624216,2726500,52,2218644,124416,9084
2026-08-27T19:10:49.028807,393132552,387704476,389879852,104,2375560,2241156,18500,34359738367,267504,16232,6916,9316,108,195781836,193079952,2701884,48,156856,2116740,9416,197350716,194624524,2726192,56,2218704,124416,9084
2026-08-27T19:10:49.529699,393132552,387703480,389878856,104,2375288,2241156,18500,34359738367,268432,16232,6916,9316,108,195781836,193080072,2701764,48,156712,2116740,9416,197350716,194623408,2727308,56,2218576,124416,9084
2026-08-27T19:10:50.030640,393132552,387702244,389877620,108,2375488,2241156,18500,34359738367,268464,16232,6916,9316,108,195781836,193080072,2701764,48,156816,2116740,9416,197350716,194622172,2728544,60,2218672,124416,9084
2026-08-27T19:10:50.531587,393132552,387701996,389877372,120,2375372,2241156,18500,34359738367,268480,16232,6916,9316,108,195781836,193080072,2701764,60,156756,2116740,9416,197350716,194621924,2728792,60,2218616,124416,9084
2026-08-27T19:10:51.032556,393132552,387702476,389877852,132,2375528,2241156,18500,34359738367,268416,16232,6916,9316,108,195781836,193080104,2701732,60,156840,2116740,9416,197350716,194622372,2728344,72,2218688,124416,9084
2026-08-27T19:10:51.533352,393132552,387700852,389876228,132,2375400,2241156,18500,34359738367,268464,16232,6916,9316,108,195781836,193080108,2701728,60,156784,2116740,9416,197350716,194620744,2729972,72,2218616,124416,9084
2026-08-27T19:10:52.034341,393132552,387700940,389876316,136,2375548,2241156,18500,34359738367,268432,16232,6916,9316,108,195781836,193080108,2701728,60,156852,2116740,9416,197350716,194620832,2729884,76,2218696,124416,9084
2026-08-27T19:10:52.535294,393132552,387701148,389876544,96,2375080,2241156,18276,34359738367,268352,16232,6916,9316,108,195781836,193080108,2701728,72,156720,2116740,9416,197350716,194621040,2729676,24,2218360,124416,8860
2026-08-27T19:10:53.036212,393132552,387700220,389875616,96,2375288,2241156,18500,34359738367,268432,16232,6916,9316,108,195781836,193080108,2701728,72,156708,2116740,9416,197350716,194620112,2730604,24,2218580,124416,9084
2026-08-27T19:10:53.537188,393132552,387699440,389874836,96,2375404,2241156,18500,34359738367,268464,16232,6916,9316,108,195781836,193080108,2701728,72,156772,2116740,9416,197350716,194619332,2731384,24,2218632,124416,9084
2026-08-27T19:10:54.038178,393132552,387699564,389874960,100,2375304,2241156,18500,34359738367,268048,16236,6920,9316,108,195781836,193080108,2701728,72,156716,2116740,9416,197350716,194619456,2731260,28,2218588,124416,9084
2026-08-27T19:10:54.538917,393132552,387699292,389874688,100,2375508,2241156,18500,34359738367,268448,16236,6920,9316,108,195781836,193080108,2701728,72,156824,2116740,9416,197350716,194619184,2731532,28,2218684,124416,9084
2026-08-27T19:10:55.039884,393132552,387697740,389873136,104,2375392,2241156,18500,34359738367,268464,16236,6920,9316,108,195781836,193080108,2701728,72,156776,2116740,9416,197350716,194617632,2733084,32,2218616,124416,9084
2026-08-27T19:10:55.540842,393132552,387698276,389873684,112,2375532,2241156,18500,34359738367,267584,16236,6920,9316,108,195781836,193080228,2701608,80,156848,2116740,9416,197350716,194618048,2732668,32,2218684,124416,9084
2026-08-27T19:10:56.041704,393132552,387696848,389872256,116,2375308,2241156,18500,34359738367,268448,16236,6920,9316,108,195781836,193080228,2701608,80,156720,2116740,9416,197350716,194616620,2734096,36,2218588,124416,9084
2026-08-27T19:10:56.542673,393132552,387696012,389871432,120,2375484,2241156,18500,34359738367,268464,16236,6920,9316,108,195781836,193080228,2701608,84,156828,2116740,9416,197350716,194615784,2734932,36,2218656,124416,9084
2026-08-27T19:10:57.043660,393132552,387694264,389869720,136,2375384,2241156,18500,34359738367,268496,16236,6920,9316,108,195781836,193080244,2701592,84,156776,2116740,9416,197350716,194614020,2736696,52,2218608,124416,9084
2026-08-27T19:10:57.544628,393132552,387694952,389870408,136,2375572,2241156,18500,34359738367,268432,16236,6920,9316,108,195781836,193080244,2701592,84,156872,2116740,9416,197350716,194614708,2736008,52,2218700,124416,9084
2026-08-27T19:10:58.045446,393132552,387694636,389870092,136,2375088,2241156,18312,34359738367,268432,16236,6920,9316,108,195781836,193080244,2701592,84,156744,2116740,9416,197350716,194614392,2736324,52,2218344,124416,8896
2026-08-27T19:10:58.546416,393132552,387693660,389869116,136,2375436,2241156,18536,34359738367,268464,16236,6920,9316,108,195781836,193080244,2701592,84,156800,2116740,9416,197350716,194613416,2737300,52,2218636,124416,9120
2026-08-27T19:10:59.047392,393132552,387694364,389869828,140,2375596,2241156,18500,34359738367,268400,16236,6920,9316,108,195781836,193080244,2701592,84,156888,2116740,9416,197350716,194614120,2736596,56,2218708,124416,9084
2026-08-27T19:10:59.548194,393132552,387693688,389869152,140,2375460,2241156,18500,34359738367,268464,16236,6920,9316,108,195781836,193080244,2701592,84,156828,2116740,9416,197350716,194613444,2737272,56,2218632,124416,9084
2026-08-27T19:11:00.049189,393132552,387692588,389868052,144,2375624,2241156,18500,34359738367,268464,16236,6920,9316,108,195781836,193080244,2701592,84,156908,2116740,9416,197350716,194612344,2738372,60,2218716,124416,9084
2026-08-27T19:11:00.550197,393132552,387693100,389868564,144,2375372,2241156,18500,34359738367,268368,16236,6920,9316,108,195781836,193080244,2701592,84,156764,2116740,9416,197350716,194612856,2737860,60,2218608,124416,9084
2026-08-27T19:11:01.050958,393132552,387692544,389868076,156,2375588,2241156,18500,34359738367,268448,16236,6920,9316,108,195781836,193080248,2701588,92,156876,2116740,9416,197350716,194612296,2738420,64,2218712,124416,9084
2026-08-27T19:11:01.551930,393132552,387692384,389868896,156,2375456,2241156,18500,34359738367,268432,16236,6920,9316,108,195781836,193080248,2701588,92,156812,2116740,9416,197350716,194612136,2738580,64,2218644,124416,9084
2026-08-27T19:11:02.052895,393132552,387692432,389868944,160,2375800,2241156,18720,34359738367,268272,16236,6920,9316,108,195781836,193080248,2701588,92,156920,2116740,9416,197350716,194612184,2738532,68,2218880,124416,9304
2026-08-27T19:11:02.553952,393132552,387692016,389868612,160,2375552,2241156,18500,34359738367,268432,16236,6920,9316,108,195781836,193080248,2701588,92,156924,2116740,9416,197350716,194611768,2738948,68,2218628,124416,9084
2026-08-27T19:11:03.054907,393132552,387692688,389869284,172,2375476,2241156,18500,34359738367,268320,16236,6920,9316,108,195781836,193080248,2701588,92,156772,2116740,9416,197350716,194612440,2738276,80,2218704,124416,9084
2026-08-27T19:11:03.555690,393132552,387692448,389869044,172,2375652,2241156,18500,34359738367,268432,16236,6920,9316,108,195781836,193080248,2701588,92,156864,2116740,9416,197350716,194612200,2738516,80,2218788,124416,9084
2026-08-27T19:11:04.056677,393132552,387691688,389868284,176,2375596,2241156,18500,34359738367,268464,16236,6920,9316,108,195781836,193080248,2701588,92,156824,2116740,9416,197350716,194611440,2739276,84,2218772,124416,9084
2026-08-27T19:11:04.557701,393132552,387691864,389868460,176,2375740,2241156,18500,34359738367,268208,16236,6920,9316,108,195781836,193080248,2701588,92,156900,2116740,9416,197350716,194611616,2739100,84,2218840,124416,9084
2026-08-27T19:11:05.058632,393132552,387689800,389866396,180,2375472,2241156,18500,34359738367,268448,16236,6920,9316,108,195781836,193079996,2701840,92,156760,2116740,9416,197350716,194609804,2740912,88,2218712,124416,9084
2026-08-27T19:11:05.559618,393132552,387688716,389865312,184,2375588,2241156,18500,34359738367,268464,16236,6920,9316,108,195781836,193079776,2702060,96,156824,2116740,9416,197350716,194608940,2741776,88,2218764,124416,9084
2026-08-27T19:11:06.060556,393132552,387688760,389865384,184,2375584,2241156,18500,34359738367,267904,16236,6920,9316,108,195781836,193079776,2702060,96,156764,2116740,9416,197350716,194608984,2741732,88,2218820,124416,9084
2026-08-27T19:11:06.561273,393132552,387688896,389865520,192,2375772,2241156,18500,34359738367,268448,16236,6920,9316,108,195781836,193079776,2702060,104,156864,2116740,9416,197350716,194609120,2741596,88,2218908,124416,9084
2026-08-27T19:11:07.062244,393132552,387686884,389863508,196,2375692,2241156,18500,34359738367,268464,16236,6920,9316,108,195781836,193079808,2702028,104,156824,2116740,9416,197350716,194607076,2743640,92,2218868,124416,9084
2026-08-27T19:11:07.563201,393132552,387687140,389863764,196,2375804,2241156,18500,34359738367,267520,16236,6920,9316,108,195781836,193079808,2702028,104,156888,2116740,9416,197350716,194607332,2743384,92,2218916,124416,9084
2026-08-27T19:11:08.063911,393132552,387686788,389863412,200,2375584,2241156,18500,34359738367,268448,16236,6920,9316,108,195781836,193079808,2702028,104,156764,2116740,9416,197350716,194606980,2743736,96,2218820,124416,9084
2026-08-27T19:11:08.564884,393132552,387687176,389863800,200,2375720,2241156,18500,34359738367,268464,16236,6920,9316,108,195781836,193079808,2702028,104,156836,2116740,9416,197350716,194607368,2743348,96,2218884,124416,9084
2026-08-27T19:11:09.065916,393132552,387686460,389863084,212,2375624,2241156,18500,34359738367,268480,16236,6920,9316,108,195781836,193079808,2702028,104,156784,2116740,9416,197350716,194606652,2744064,108,2218840,124416,9084
2026-08-27T19:11:09.566896,393132552,387687336,389863960,212,2375824,2241156,18500,34359738367,268432,16236,6920,9316,108,195781836,193079808,2702028,104,156880,2116740,9416,197350716,194607528,2743188,108,2218944,124416,9084
2026-08-27T19:11:10.067857,393132552,387686708,389863408,216,2375368,2241156,18480,34359738367,268432,16240,6924,9316,108,195781836,193079808,2702028,104,156748,2116740,9416,197350716,194606900,2743816,112,2218620,124416,9064
2026-08-27T19:11:10.568859,393132552,387684344,389861120,216,2375716,2241156,18704,34359738367,268448,16240,6924,9316,108,195781836,193079808,2702028,104,156808,2116740,9416,197350716,194604536,2746180,112,2218908,124416,9288
2026-08-27T19:11:11.069870,393132552,387684824,389861628,220,2375888,2241156,18500,34359738367,268368,16240,6924,9316,108,195781836,193079808,2702028,104,156896,2116740,9416,197350716,194605016,2745700,116,2218992,124416,9084
2026-08-27T19:11:11.570669,393132552,387683928,389860740,220,2375724,2241156,18484,34359738367,268448,16240,6924,9316,108,195781836,193079808,2702028,104,156828,2116740,9416,197350716,194604120,2746596,116,2218896,124416,9068
2026-08-27T19:11:12.071662,393132552,387684440,389861252,224,2375904,2241156,18484,34359738367,268464,16240,6924,9316,108,195781836,193079840,2701996,104,156920,2116740,9416,197350716,194604600,2746116,120,2218984,124416,9068
2026-08-27T19:11:12.572614,393132552,387684800,389861644,232,2375692,2241156,18500,34359738367,268240,16240,6924,9316,108,195781836,193079872,2701964,112,156808,2116740,9416,197350716,194604928,2745788,120,2218884,124416,9084
2026-08-27T19:11:13.073376,393132552,387684116,389860960,236,2375936,2241156,18524,34359738367,268432,16240,6924,9316,108,195781836,193079932,2701904,112,156928,2116740,9416,197350716,194604184,2746532,124,2219008,124416,9108
2026-08-27T19:11:13.574368,393132552,387682932,389859792,236,2375796,2241156,18524,34359738367,268464,16240,6924,9316,108,195781836,193079932,2701904,112,156856,2116740,9416,197350716,194603000,2747716,124,2218940,124416,9108
2026-08-27T19:11:14.075346,393132552,387682700,389860220,236,2375964,2241156,18508,34359738367,267632,16240,6924,9316,108,195781836,193079932,2701904,112,156956,2116740,9416,197350716,194602768,2747948,124,2219008,124416,9092
2026-08-27T19:11:14.576084,393132552,387681588,389859112,240,2375668,2241156,18508,34359738367,268448,16240,6924,9316,108,195781836,193079932,2701904,116,156800,2116740,9416,197350716,194601656,2749060,124,2218868,124416,9092
2026-08-27T19:11:15.077070,393132552,387681268,389858808,252,2375888,2241156,18508,34359738367,268464,16240,6924,9316,108,195781836,193079932,2701904,116,156908,2116740,9416,197350716,194601336,2749380,136,2218980,124416,9092
2026-08-27T19:11:15.578091,393132552,387680180,389857720,252,2375772,2241156,18508,34359738367,268480,16240,6924,9316,108,195781836,193079932,2701904,116,156856,2116740,9416,197350716,194600248,2750468,136,2218916,124416,9092
2026-08-27T19:11:16.079031,393132552,387680532,389858072,256,2375968,2241156,18508,34359738367,268432,16240,6924,9316,108,195781836,193079932,2701904,116,156960,2116740,9416,197350716,194600600,2750116,140,2219008,124416,9092
2026-08-27T19:11:16.579819,393132552,387679828,389857368,256,2375872,2241156,18508,34359738367,268464,16240,6924,9316,108,195781836,193079932,2701904,116,156912,2116740,9416,197350716,194599896,2750820,140,2218960,124416,9092
2026-08-27T19:11:17.080801,393132552,387678900,389856440,260,2376036,2241156,18508,34359738367,268464,16240,6924,9316,108,195781836,193079948,2701888,116,157000,2116740,9416,197350716,194598952,2751764,144,2219036,124416,9092
2026-08-27T19:11:17.581801,393132552,387678996,389856564,132,2375720,2241156,18508,34359738367,268416,16240,6924,9316,108,195781836,193079948,2701888,96,156832,2116740,9416,197350716,194599048,2751668,36,2218888,124416,9092
2026-08-27T19:11:18.082847,393132552,387678900,389856500,132,2375932,2241156,18508,34359738367,268464,16240,6924,9316,108,195781836,193079948,2701888,88,156940,2116740,9416,197350716,194598952,2751764,44,2218992,124416,9092
2026-08-27T19:11:18.585260,393132552,387677608,389855208,140,2375804,2241156,18508,34359738367,268464,16240,6924,9316,108,195781836,193079696,2702140,96,156876,2116740,9416,197350716,194597912,2752804,44,2218928,124416,9092
2026-08-27T19:11:19.086214,393132552,387678292,389855892,144,2375996,2241156,18508,34359738367,268320,16240,6924,9316,108,195781836,193079696,2702140,96,156984,2116740,9416,197350716,194598596,2752120,48,2219012,124416,9092
2026-08-27T19:11:19.586966,393132552,387677300,389854900,144,2375828,2241156,18492,34359738367,268448,16240,6924,9316,108,195781836,193079696,2702140,96,156912,2116740,9416,197350716,194597604,2753112,48,2218916,124416,9076
2026-08-27T19:11:20.087955,393132552,387676428,389854056,148,2376020,2241156,18492,34359738367,268464,16240,6924,9316,108,195781836,193079696,2702140,96,157012,2116740,9416,197350716,194596732,2753984,52,2219008,124416,9076
2026-08-27T19:11:20.588913,393132552,387676660,389854288,148,2375760,2241156,18508,34359738367,268112,16240,6924,9316,108,195781836,193079752,2702084,96,156860,2116740,9416,197350716,194596908,2753808,52,2218900,124416,9092
2026-08-27T19:11:21.089673,393132552,387675644,389853272,160,2375988,2241156,18508,34359738367,268448,16240,6924,9316,108,195781836,193079752,2702084,96,156984,2116740,9416,197350716,194595892,2754824,64,2219004,124416,9092
2026-08-27T19:11:21.590662,393132552,387674248,389851896,160,2375844,2241156,18508,34359738367,268464,16240,6924,9316,108,195781836,193079752,2702084,96,156908,2116740,9416,197350716,194594496,2756220,64,2218936,124416,9092
2026-08-27T19:11:22.091621,393132552,387674852,389852520,160,2375996,2241156,18508,34359738367,267888,16240,6924,9316,108,195781836,193079752,2702084,96,156984,2116740,9416,197350716,194595100,2755616,64,2219012,124416,9092
2026-08-27T19:11:22.592355,393132552,387674144,389851820,160,2375468,2241156,18320,34359738367,268448,16240,6924,9316,108,195781836,193079500,2702336,96,156832,2116740,9416,197350716,194594644,2756072,64,2218636,124416,8904
2026-08-27T19:11:23.093390,393132552,387673720,389851404,136,2375696,2241156,18320,34359738367,268464,16240,6924,9316,108,195781836,193079500,2702336,68,156944,2116740,9416,197350716,194594220,2756496,68,2218752,124416,8904
2026-08-27T19:11:23.594349,393132552,387673732,389851416,140,2375796,2241156,18508,34359738367,268464,16240,6924,9316,108,195781836,193079500,2702336,72,156876,2116740,9416,197350716,194594232,2756484,68,2218920,124416,9092
2026-08-27T19:11:24.095293,393132552,387674068,389851752,144,2375884,2241156,18524,34359738367,268400,16240,6924,9316,108,195781836,193079500,2702336,72,156880,2116740,9416,197350716,194594568,2756148,72,2219004,124416,9108
2026-08-27T19:11:24.596070,393132552,387674500,389852184,144,2375956,2241156,18508,34359738367,268464,16240,6924,9316,108,195781836,193079500,2702336,72,156928,2116740,9416,197350716,194595000,2755716,72,2219028,124416,9092
2026-08-27T19:11:25.097051,393132552,387672884,389850588,148,2375880,2241156,18508,34359738367,268480,16240,6924,9316,108,195781836,193079500,2702336,72,156892,2116740,9416,197350716,194593384,2757332,76,2218988,124416,9092
2026-08-27T19:11:25.598071,393132552,387673332,389851036,148,2376048,2241156,18508,34359738367,268384,16240,6924,9316,108,195781836,193079500,2702336,72,156980,2116740,9416,197350716,194593832,2756884,76,2219068,124416,9092
2026-08-27T19:11:26.098843,393132552,387672464,389850184,156,2375812,2241156,18508,34359738367,268448,16244,6928,9316,108,195781836,193079500,2702336,72,156856,2116740,9416,197350716,194592964,2757752,84,2218956,124416,9092
2026-08-27T19:11:26.599855,393132552,387671660,389849380,156,2375904,2241156,18508,34359738367,268464,16244,6928,9316,108,195781836,193079532,2702304,72,156904,2116740,9416,197350716,194592128,2758588,84,2219000,124416,9092
2026-08-27T19:11:27.100825,393132552,387673292,389851060,160,2375856,2241156,18508,34359738367,268272,16244,6928,9316,108,195781836,193079532,2702304,72,156880,2116740,9416,197350716,194593760,2756956,88,2218976,124416,9092
2026-08-27T19:11:27.601616,393132552,387671844,389849624,108,2376016,2241156,18508,34359738367,268448,16244,6928,9316,108,195781836,193079532,2702304,72,156964,2116740,9416,197350716,194592312,2758404,36,2219052,124416,9092
2026-08-27T19:11:28.102583,393132552,387670988,389848788,112,2375976,2241156,18508,34359738367,268464,16244,6928,9316,108,195781836,193079532,2702304,72,156936,2116740,9416,197350716,194591456,2759260,40,2219040,124416,9092
2026-08-27T19:11:28.603535,393132552,387671260,389849060,112,2376128,2241156,18508,34359738367,267936,16244,6928,9316,108,195781836,193079532,2702304,72,157032,2116740,9416,197350716,194591728,2758988,40,2219096,124416,9092
2026-08-27T19:11:29.104262,393132552,387670264,389848064,136,2375884,2241156,18508,34359738367,268448,16244,6928,9316,108,195781836,193079532,2702304,92,156908,2116740,9416,197350716,194590732,2759984,44,2218976,124416,9092
2026-08-27T19:11:29.605261,393132552,387669620,389847420,136,2375988,2241156,18508,34359738367,268464,16244,6928,9316,108,195781836,193079564,2702272,92,156964,2116740,9416,197350716,194590056,2760660,44,2219024,124416,9092
2026-08-27T19:11:30.106222,393132552,387670052,389847852,140,2375912,2241156,18508,34359738367,267472,16244,6928,9316,108,195781836,193079564,2702272,92,156916,2116740,9416,197350716,194590488,2760228,48,2218996,124416,9092
2026-08-27T19:11:30.607038,393132552,387668892,389846692,140,2376076,2241156,18508,34359738367,268432,16244,6928,9316,108,195781836,193079592,2702244,92,157004,2116740,9416,197350716,194589300,2761416,48,2219072,124416,9092
2026-08-27T19:11:31.108016,393132552,387668764,389846628,144,2375604,2241156,18488,34359738367,268464,16244,6928,9316,108,195781836,193079592,2702244,92,156876,2116740,9416,197350716,194589172,2761544,52,2218728,124416,9072
2026-08-27T19:11:31.608997,393132552,387668092,389845956,144,2375696,2241156,18488,34359738367,268464,16244,6928,9316,108,195781836,193079592,2702244,92,156932,2116740,9416,197350716,194588500,2762216,52,2218764,124416,9072
2026-08-27T19:11:32.110025,393132552,387668488,389846352,160,2375892,2241156,18508,34359738367,268416,16244,6928,9316,108,195781836,193079592,2702244,92,156908,2116740,9416,197350716,194588896,2761820,68,2218984,124416,9092
2026-08-27T19:11:32.610793,393132552,387668948,389846820,176,2376020,2241156,18508,34359738367,268432,16244,6928,9316,108,195781836,193079592,2702244,108,156976,2116740,9416,197350716,194589356,2761360,68,2219044,124416,9092
2026-08-27T19:11:33.111785,393132552,387668908,389846788,180,2375732,2241156,18280,34359738367,268448,16244,6928,9316,108,195781836,193079592,2702244,108,156948,2116740,9416,197350716,194589316,2761400,72,2218784,124416,8864
2026-08-27T19:11:33.612773,393132552,387668944,389846824,180,2375868,2241156,18508,34359738367,268320,16244,6928,9316,108,195781836,193079592,2702244,108,156900,2116740,9416,197350716,194589352,2761364,72,2218968,124416,9092
2026-08-27T19:11:34.113577,393132552,387668560,389846440,184,2376128,2241156,18508,34359738367,268448,16244,6928,9316,108,195781836,193079628,2702208,112,157020,2116740,9416,197350716,194588932,2761784,72,2219108,124416,9092
2026-08-27T19:11:34.614556,393132552,387667740,389845620,192,2375980,2241156,18508,34359738367,268432,16244,6928,9316,108,195781836,193079628,2702208,120,156948,2116740,9416,197350716,194588112,2762604,72,2219032,124416,9092
2026-08-27T19:11:35.115505,393132552,387668396,389846276,196,2376388,2241156,18732,34359738367,268064,16244,6928,9316,108,195781836,193079628,2702208,120,157036,2116740,9416,197350716,194588768,2761948,76,2219352,124416,9316
2026-08-27T19:11:35.616228,393132552,387667992,389845876,196,2376080,2241156,18508,34359738367,268432,16244,6928,9316,108,195781836,193079628,2702208,120,156996,2116740,9416,197350716,194588364,2762352,76,2219084,124416,9092
2026-08-27T19:11:36.117253,393132552,387667864,389845748,200,2376064,2241156,18508,34359738367,268464,16244,6928,9316,108,195781836,193079628,2702208,120,156984,2116740,9416,197350716,194588236,2762480,80,2219080,124416,9092
2026-08-27T19:11:36.618209,393132552,387667504,389845408,200,2376164,2241156,18508,34359738367,267600,16244,6928,9316,108,195781836,193079644,2702192,120,157040,2116740,9416,197350716,194587860,2762856,80,2219124,124416,9092
2026-08-27T19:11:37.118981,393132552,387665864,389843768,204,2375924,2241156,18508,34359738367,268432,16244,6928,9316,108,195781836,193079648,2702188,120,156912,2116740,9416,197350716,194586216,2764500,84,2219012,124416,9092
2026-08-27T19:11:37.619953,393132552,387665336,389843240,204,2376016,2241156,18508,34359738367,268464,16244,6928,9316,108,195781836,193079700,2702136,120,156964,2116740,9416,197350716,194585636,2765080,84,2219052,124416,9092
2026-08-27T19:11:38.120932,393132552,387664436,389842340,216,2375928,2241156,18508,34359738367,268480,16244,6928,9316,108,195781836,193079700,2702136,120,156916,2116740,9416,197350716,194584736,2765980,96,2219012,124416,9092
2026-08-27T19:11:38.621955,393132552,387664884,389842788,216,2376104,2241156,18508,34359738367,268432,16244,6928,9316,108,195781836,193079716,2702120,120,157008,2116740,9416,197350716,194585168,2765548,96,2219096,124416,9092
2026-08-27T19:11:39.122916,393132552,387665272,389843180,220,2375636,2241156,18488,34359738367,268432,16244,6928,9316,108,195781836,193079716,2702120,120,156884,2116740,9416,197350716,194585556,2765160,100,2218752,124416,9072
2026-08-27T19:11:39.623910,393132552,387664424,389842332,220,2375956,2241156,18712,34359738367,268448,16244,6928,9316,108,195781836,193079716,2702120,120,156924,2116740,9416,197350716,194584708,2766008,100,2219032,124416,9296
2026-08-27T19:11:40.124886,393132552,387665124,389843032,232,2376172,2241156,18508,34359738367,268400,16244,6928,9316,108,195781836,193079732,2702104,128,157040,2116740,9416,197350716,194585392,2765324,104,2219132,124416,9092
2026-08-27T19:11:40.625893,393132552,387662264,389840240,236,2376040,2241156,18508,34359738367,268464,16244,6928,9316,108,195781836,193079732,2702104,128,156976,2116740,9416,197350716,194582532,2768184,108,2219064,124416,9092
2026-08-27T19:11:41.126877,393132552,387662136,389840112,236,2376216,2241156,18508,34359738367,268464,16244,6928,9316,108,195781836,193079732,2702104,128,157064,2116740,9416,197350716,194582404,2768312,108,2219152,124416,9092
2026-08-27T19:11:41.627850,393132552,387662792,389840768,236,2375896,2241156,18508,34359738367,268336,16244,6928,9316,108,195781836,193079732,2702104,128,156896,2116740,9416,197350716,194583060,2767656,108,2219000,124416,9092
2026-08-27T19:11:42.128601,393132552,387663444,389841428,240,2376128,2241156,18508,34359738367,268448,16244,6928,9316,108,195781836,193079780,2702056,132,157020,2116740,9416,197350716,194583664,2767052,108,2219108,124416,9092
2026-08-27T19:11:42.629633,393132552,387662560,389840544,240,2375976,2241156,18508,34359738367,268464,16244,6928,9316,108,195781836,193079784,2702052,132,156940,2116740,9416,197350716,194582776,2767940,108,2219036,124416,9092
2026-08-27T19:11:43.130580,393132552,387662624,389836540,244,2372136,2241156,18508,34359738367,268448,16244,6928,9316,108,195781836,193079272,2702564,132,157040,2116740,9416,197350716,194583352,2767364,112,2214088,124416,9092
2026-08-27T19:11:43.631266,393132552,387821612,389834520,244,2210848,2241156,18488,34359738367,268432,16244,6928,9316,108,195781836,193079120,2702716,132,156920,2116740,9416,197350716,194742492,2608224,112,2053928,124416,9072
2026-08-27T19:11:44.132324,393132552,387819892,389832824,260,2210660,2241156,18488,34359738367,268464,16244,6928,9316,108,195781836,193078868,2702968,136,157020,2116740,9416,197350716,194741024,2609692,124,2053640,124416,9072
2026-08-27T19:11:44.633253,393132552,387819604,389832536,264,2210808,2241156,18508,34359738367,268192,16244,6928,9316,108,195781836,193078868,2702968,136,156992,2116740,9416,197350716,194740736,2609980,128,2053816,124416,9092
2026-08-27T19:11:45.133968,393132552,387820324,389833264,264,2211040,2241156,18508,34359738367,268448,16244,6928,9316,108,195781836,193078868,2702968,136,157112,2116740,9416,197350716,194741456,2609260,128,2053928,124416,9092
2026-08-27T19:11:45.634958,393132552,387819140,389832084,264,2210892,2241156,18508,34359738367,268464,16244,6928,9316,108,195781836,193078868,2702968,136,157036,2116740,9416,197350716,194740272,2610444,128,2053856,124416,9092
2026-08-27T19:11:46.135912,393132552,387819208,389832172,268,2211080,2241156,18508,34359738367,268096,16244,6928,9316,108,195781836,193078868,2702968,136,157132,2116740,9416,197350716,194740340,2610376,132,2053948,124416,9092
2026-08-27T19:11:46.636773,393132552,387818040,389831004,276,2210512,2241156,18488,34359738367,268448,16244,6928,9316,108,195781836,193078868,2702968,144,156956,2116740,9416,197350716,194739172,2611544,132,2053560,124416,9072
2026-08-27T19:11:47.137800,393132552,387817924,389830888,276,2210712,2241156,18488,34359738367,268464,16244,6928,9316,108,195781836,193078868,2702968,144,157064,2116740,9416,197350716,194739056,2611660,132,2053648,124416,9072
2026-08-27T19:11:47.638750,393132552,387817924,389830888,280,2210824,2241156,18508,34359738367,267872,16244,6928,9316,108,195781836,193078868,2702968,144,156996,2116740,9416,197350716,194739056,2611660,136,2053828,124416,9092
2026-08-27T19:11:48.139434,393132552,387817856,389830824,156,2211052,2241156,18508,34359738367,268448,16244,6928,9316,108,195781836,193078868,2702968,128,157120,2116740,9416,197350716,194738988,2611728,28,2053932,124416,9092
2026-08-27T19:11:48.640440,393132552,387816928,389829896,164,2210912,2241156,18508,34359738367,268464,16244,6928,9316,108,195781836,193078868,2702968,128,157044,2116740,9416,197350716,194738060,2612656,36,2053868,124416,9092
2026-08-27T19:11:49.141455,393132552,387816744,389829712,100,2211088,2241156,18508,34359738367,267728,16244,6928,9316,108,195781836,193078868,2702968,64,157136,2116740,9416,197350716,194737876,2612840,36,2053952,124416,9092
2026-08-27T19:11:49.642149,393132552,387815708,389828676,100,2210764,2241156,18508,34359738367,268448,16244,6928,9316,108,195781836,193078868,2702968,64,156968,2116740,9416,197350716,194736840,2613876,36,2053796,124416,9092
2026-08-27T19:11:50.143107,393132552,387815448,389828420,148,2211000,2241156,18508,34359738367,268464,16244,6928,9316,108,195781836,193078868,2702968,100,157048,2116740,9416,197350716,194736580,2614136,48,2053952,124416,9092
2026-08-27T19:11:50.643823,393132552,387814972,389828016,152,2210876,2241156,18508,34359738367,268176,16244,6928,9316,108,195781836,193078868,2702968,100,156932,2116740,9416,197350716,194736104,2614612,52,2053944,124416,9092
2026-08-27T19:11:51.144707,393132552,387815176,389828220,156,2210980,2241156,18508,34359738367,268448,16244,6928,9316,108,195781836,193078368,2703468,104,156960,2116740,9416,197350716,194736808,2613908,52,2054020,124416,9092
2026-08-27T19:11:51.645711,393132552,387815936,389828980,168,2211072,2241156,18508,34359738367,268064,16244,6928,9316,108,195781836,193078368,2703468,112,157004,2116740,9416,197350716,194737568,2613148,56,2054068,124416,9092
2026-08-27T19:11:52.146421,393132552,387814868,389827912,168,2210828,2241156,18508,34359738367,268448,16244,6928,9316,108,195781836,193076660,2705176,112,157252,2116740,9656,197350716,194738208,2612508,56,2053576,124416,8852
2026-08-27T19:11:52.647393,393132552,387813984,389827044,172,2210916,2241156,18508,34359738367,268464,16244,6928,9316,108,195781836,193075648,2706188,112,157292,2116740,9656,197350716,194738336,2612380,60,2053624,124416,8852
2026-08-27T19:11:53.148350,393132552,387814028,389827088,172,2210860,2241156,18508,34359738367,268112,16244,6928,9316,108,195781836,193075232,2706604,112,157264,2116740,9656,197350716,194738796,2611920,60,2053596,124416,8852
2026-08-27T19:11:53.649057,393132552,387813108,389826168,172,2210996,2241156,18508,34359738367,268448,16244,6928,9316,108,195781836,193074264,2707572,112,157336,2116740,9656,197350716,194738876,2611840,64,2053668,124416,8852
2026-08-27T19:11:54.150074,393132552,387816304,389829368,176,2210964,2241156,18508,34359738367,268464,16244,6928,9316,108,195781836,193072624,2709212,112,157316,2116740,9656,197350716,194743680,2607036,64,2053648,124416,8852
2026-08-27T19:11:54.651031,393132552,387816592,389829656,180,2211084,2241156,18508,34359738367,267952,16244,6928,9316,108,195781836,193072672,2709164,116,157380,2116740,9656,197350716,194743920,2606796,64,2053704,124416,8852
2026-08-27T19:11:55.151897,393132552,387816436,389829500,180,2210824,2241156,18508,34359738367,268448,16244,6928,9316,108,195781836,193072164,2709672,116,157248,2116740,9656,197350716,194744272,2606444,64,2053576,124416,8852
2026-08-27T19:11:55.652888,393132552,387815492,389828556,192,2210920,2241156,18508,34359738367,268464,16244,6928,9316,108,195781836,193071220,2710616,116,157292,2116740,9656,197350716,194744272,2606444,76,2053628,124416,8852
2026-08-27T19:11:56.153888,393132552,387815524,389828588,192,2210860,2241156,18508,34359738367,267920,16244,6928,9316,108,195781836,193071204,2710632,116,157264,2116740,9656,197350716,194744320,2606396,76,2053596,124416,8852
2026-08-27T19:11:56.654583,393132552,387814580,389827644,196,2211008,2241156,18508,34359738367,268448,16244,6928,9316,108,195781836,193070260,2711576,116,157340,2116740,9656,197350716,194744320,2606396,80,2053668,124416,8852
2026-08-27T19:11:57.155562,393132552,387810504,389823568,196,2211200,2241156,18732,34359738367,268432,16244,6928,9316,108,195781836,193066120,2715716,116,157548,2116740,9880,197350716,194744384,2606332,80,2053652,124416,8852
2026-08-27T19:11:57.656523,393132552,387810840,389823904,208,2211320,2241156,18732,34359738367,267888,16244,6928,9316,108,195781836,193066456,2715380,124,157608,2116740,9880,197350716,194744384,2606332,84,2053712,124416,8852
2026-08-27T19:11:58.157267,393132552,387811064,389824128,200,2210852,2241156,18508,34359738367,268432,16244,6928,9316,108,195781836,193066680,2715156,116,157264,2116740,9656,197350716,194744384,2606332,84,2053588,124416,8852
2026-08-27T19:11:58.658259,393132552,387810516,389823580,204,2210940,2241156,18508,34359738367,268432,16244,6928,9316,108,195781836,193066132,2715704,116,157312,2116740,9656,197350716,194744384,2606332,88,2053628,124416,8852
2026-08-27T19:11:59.159229,393132552,387810992,389824068,152,2210868,2241156,18508,34359738367,267712,16244,6928,9316,108,195781836,193066260,2715576,64,157268,2116740,9656,197350716,194744732,2605984,88,2053600,124416,8852
2026-08-27T19:11:59.659942,393132552,387809192,389822268,168,2211004,2241156,18508,34359738367,268432,16244,6928,9316,108,195781836,193064560,2717276,76,157336,2116740,9656,197350716,194744632,2606084,92,2053668,124416,8852
2026-08-27T19:12:00.160968,393132552,387809044,389822120,172,2210996,2241156,18508,34359738367,268464,16244,6928,9316,108,195781836,193064304,2717532,80,157332,2116740,9656,197350716,194744740,2605976,92,2053664,124416,8852
2026-08-27T19:12:00.661980,393132552,387809172,389822248,176,2211112,2241156,18508,34359738367,267712,16244,6928,9316,108,195781836,193064432,2717404,80,157392,2116740,9656,197350716,194744740,2605976,96,2053720,124416,8852
2026-08-27T19:12:01.162666,393132552,387809104,389822180,176,2210848,2241156,18508,34359738367,268448,16244,6928,9316,108,195781836,193064348,2717488,80,157268,2116740,9656,197350716,194744756,2605960,96,2053580,124416,8852
2026-08-27T19:12:01.663656,393132552,387808604,389821680,188,2210956,2241156,18508,34359738367,268432,16244,6928,9316,108,195781836,193063848,2717988,80,157320,2116740,9656,197350716,194744756,2605960,108,2053636,124416,8852
2026-08-27T19:12:02.164601,393132552,387808300,389821380,188,2210856,2241156,18508,34359738367,267904,16244,6928,9316,108,195781836,193063532,2718304,80,157260,2116740,9656,197350716,194744768,2605948,108,2053596,124416,8852
2026-08-27T19:12:02.665279,393132552,387807612,389820692,200,2210992,2241156,18508,34359738367,268432,16244,6928,9316,108,195781836,193062844,2718992,92,157332,2116740,9656,197350716,194744768,2605948,108,2053660,124416,8852
2026-08-27T19:12:03.166280,393132552,387805080,389818160,212,2210756,2241156,18508,34359738367,268432,16244,6928,9316,108,195781836,193060312,2721524,104,157216,2116740,9656,197350716,194744768,2605948,108,2053540,124416,8852
2026-08-27T19:12:03.667248,393132552,387805436,389818580,152,2210864,2241156,18508,34359738367,267680,16244,6928,9316,108,195781836,193060568,2721268,92,157272,2116740,9656,197350716,194744868,2605848,60,2053592,124416,8852
2026-08-27T19:12:04.167961,393132552,387806176,389819320,152,2210852,2241156,18508,34359738367,268448,16244,6928,9316,108,195781836,193061276,2720560,92,157268,2116740,9656,197350716,194744900,2605816,60,2053584,124416,8852
2026-08-27T19:12:04.668936,393132552,387806288,389819432,156,2210956,2241156,18508,34359738367,268464,16244,6928,9316,108,195781836,193061260,2720576,92,157316,2116740,9656,197350716,194745028,2605688,64,2053640,124416,8852
2026-08-27T19:12:05.169951,393132552,387806540,389819684,156,2210884,2241156,18508,34359738367,267696,16244,6928,9316,108,195781836,193061228,2720608,92,157280,2116740,9656,197350716,194745312,2605404,64,2053604,124416,8852
2026-08-27T19:12:05.670659,393132552,387806040,389819212,176,2211024,2241156,18508,34359738367,268448,16244,6928,9316,108,195781836,193060728,2721108,108,157352,2116740,9656,197350716,194745312,2605404,68,2053672,124416,8852
2026-08-27T19:12:06.171627,393132552,387804312,389817484,176,2210768,2241156,18508,34359738367,268464,16244,6928,9316,108,195781836,193058984,2722852,108,157224,2116740,9656,197350716,194745328,2605388,68,2053544,124416,8852
2026-08-27T19:12:06.672608,393132552,387804884,389818056,180,2210872,2241156,18508,34359738367,267632,16244,6928,9316,108,195781836,193059556,2722280,108,157276,2116740,9656,197350716,194745328,2605388,72,2053596,124416,8852
2026-08-27T19:12:07.173275,393132552,387803944,389817116,180,2210868,2241156,18508,34359738367,268448,16244,6928,9316,108,195781836,193058520,2723316,108,157276,2116740,9656,197350716,194745424,2605292,72,2053592,124416,8852
2026-08-27T19:12:07.674269,393132552,387804112,389817284,196,2210964,2241156,18508,34359738367,268464,16244,6928,9316,108,195781836,193058688,2723148,108,157324,2116740,9656,197350716,194745424,2605292,88,2053640,124416,8852
2026-08-27T19:12:08.175228,393132552,387804440,389817612,204,2210868,2241156,18508,34359738367,267568,16244,6928,9316,108,195781836,193059004,2722832,116,157268,2116740,9656,197350716,194745436,2605280,88,2053600,124416,8852
2026-08-27T19:12:08.675930,393132552,387804000,389817172,208,2211008,2241156,18508,34359738367,268416,16244,6928,9316,108,195781836,193058564,2723272,116,157336,2116740,9656,197350716,194745436,2605280,92,2053672,124416,8852
2026-08-27T19:12:09.176914,393132552,387802076,389815260,212,2211032,2241156,18508,34359738367,268448,16244,6928,9316,108,195781836,193056552,2725284,120,157360,2116740,9656,197350716,194745524,2605192,92,2053672,124416,8852
2026-08-27T19:12:09.677918,393132552,387802460,389815644,216,2211120,2241156,18508,34359738367,267520,16244,6928,9316,108,195781836,193056936,2724900,120,157396,2116740,9656,197350716,194745524,2605192,96,2053724,124416,8852
2026-08-27T19:12:10.178599,393132552,387802972,389816156,216,2210880,2241156,18508,34359738367,268448,16244,6928,9316,108,195781836,193057416,2724420,120,157284,2116740,9656,197350716,194745556,2605160,96,2053596,124416,8852
2026-08-27T19:12:10.679581,393132552,387801708,389814892,216,2210976,2241156,18508,34359738367,268464,16244,6928,9316,108,195781836,193056152,2725684,120,157328,2116740,9656,197350716,194745556,2605160,96,2053648,124416,8852
2026-08-27T19:12:11.180565,393132552,387801744,389814928,216,2210888,2241156,18508,34359738367,268480,16244,6928,9316,108,195781836,193056188,2725648,120,157284,2116740,9656,197350716,194745556,2605160,96,2053604,124416,8852
2026-08-27T19:12:11.681587,393132552,387802096,389815280,220,2211036,2241156,18508,34359738367,268432,16244,6928,9316,108,195781836,193056540,2725296,120,157356,2116740,9656,197350716,194745556,2605160,100,2053680,124416,8852
2026-08-27T19:12:12.182558,393132552,387802116,389815300,220,2211040,2241156,18508,34359738367,268464,16244,6928,9316,108,195781836,193056532,2725304,120,157356,2116740,9656,197350716,194745584,2605132,100,2053684,124416,8852
2026-08-27T19:12:12.683552,393132552,387800872,389814056,224,2211116,2241156,18508,34359738367,268480,16244,6928,9316,108,195781836,193055272,2726564,120,157392,2116740,9656,197350716,194745600,2605116,104,2053724,124416,8852
2026-08-27T19:12:13.184534,393132552,387802136,389815324,224,2210884,2241156,18508,34359738367,268432,16244,6928,9316,108,195781836,193056408,2725428,120,157288,2116740,9656,197350716,194745728,2604988,104,2053596,124416,8852
2026-08-27T19:12:13.685569,393132552,387801752,389814940,244,2210980,2241156,18508,34359738367,268464,16244,6928,9316,108,195781836,193056024,2725812,128,157328,2116740,9656,197350716,194745728,2604988,116,2053652,124416,8852
2026-08-27T19:12:14.186552,393132552,387800728,389813916,240,2210896,2241156,18508,34359738367,268480,16244,6928,9316,108,195781836,193055000,2726836,124,157288,2116740,9656,197350716,194745728,2604988,116,2053608,124416,8852
2026-08-27T19:12:14.687523,393132552,387800920,389814108,244,2211048,2241156,18508,34359738367,268416,16244,6928,9316,108,195781836,193055192,2726644,124,157360,2116740,9656,197350716,194745728,2604988,120,2053688,124416,8852
2026-08-27T19:12:15.188532,393132552,387799852,389813040,244,2211048,2241156,18508,34359738367,268464,16244,6928,9316,108,195781836,193054116,2727720,124,157360,2116740,9656,197350716,194745736,2604980,120,2053688,124416,8852
2026-08-27T19:12:15.689586,393132552,387798460,389811716,256,2211128,2241156,18508,34359738367,268480,16244,6928,9316,108,195781836,193052724,2729112,132,157400,2116740,9656,197350716,194745736,2604980,124,2053728,124416,8852
2026-08-27T19:12:16.190546,393132552,387799916,389813172,256,2210888,2241156,18508,34359738367,268416,16244,6928,9316,108,195781836,193054180,2727656,132,157284,2116740,9656,197350716,194745736,2604980,124,2053604,124416,8852
2026-08-27T19:12:16.691516,393132552,387798880,389812136,256,2210748,2241156,18508,34359738367,268464,16244,6928,9316,108,195781836,193053144,2728692,132,157220,2116740,9656,197350716,194745736,2604980,124,2053528,124416,8852
2026-08-27T19:12:17.192498,393132552,387797184,389810440,256,2210920,2241156,18508,34359738367,268464,16244,6928,9316,108,195781836,193051444,2730392,132,157304,2116740,9656,197350716,194745740,2604976,124,2053616,124416,8852
2026-08-27T19:12:17.693544,393132552,387797836,389811108,260,2211068,2241156,18508,34359738367,268368,16244,6928,9316,108,195781836,193052032,2729804,132,157372,2116740,9656,197350716,194745804,2604912,128,2053696,124416,8852
2026-08-27T19:12:18.194503,393132552,387797868,389811140,264,2211064,2241156,18508,34359738367,268464,16244,6928,9316,108,195781836,193052064,2729772,136,157372,2116740,9656,197350716,194745804,2604912,128,2053692,124416,8852
2026-08-27T19:12:18.695493,393132552,387795740,389809012,276,2211156,2241156,18508,34359738367,268464,16244,6928,9316,108,195781836,193049936,2731900,136,157412,2116740,9656,197350716,194745804,2604912,140,2053744,124416,8852
2026-08-27T19:12:19.196469,393132552,387797196,389810488,148,2210904,2241156,18508,34359738367,268400,16244,6928,9316,108,195781836,193051392,2730444,120,157292,2116740,9656,197350716,194745804,2604912,28,2053612,124416,8852
2026-08-27T19:12:19.697456,393132552,387796600,389809892,164,2210748,2241156,18508,34359738367,268464,16244,6928,9316,108,195781836,193050796,2731040,128,157216,2116740,9656,197350716,194745804,2604912,36,2053532,124416,8852
2026-08-27T19:12:20.198436,393132552,387796240,389809532,88,2210932,2241156,18508,34359738367,268464,16244,6928,9316,108,195781836,193050436,2731400,52,157308,2116740,9656,197350716,194745804,2604912,36,2053624,124416,8852
2026-08-27T19:12:20.699419,393132552,387796556,389809848,136,2210840,2241156,18508,34359738367,268400,16244,6928,9316,108,195781836,193050752,2731084,96,157268,2116740,9656,197350716,194745804,2604912,40,2053572,124416,8852
2026-08-27T19:12:21.200362,393132552,387794824,389808116,136,2211076,2241156,18508,34359738367,268464,16244,6928,9316,108,195781836,193049020,2732816,96,157376,2116740,9656,197350716,194745804,2604912,40,2053700,124416,8852
2026-08-27T19:12:21.701382,393132552,387794664,389807956,140,2211172,2241156,18508,34359738367,268464,16244,6928,9316,108,195781836,193048860,2732976,96,157420,2116740,9656,197350716,194745804,2604912,44,2053752,124416,8852
2026-08-27T19:12:22.202358,393132552,387796036,389809328,140,2210912,2241156,18508,34359738367,268384,16244,6928,9316,108,195781836,193050200,2731636,96,157300,2116740,9656,197350716,194745836,2604880,44,2053612,124416,8852
2026-08-27T19:12:22.703161,393132552,387795236,389808528,144,2210752,2241156,18508,34359738367,268464,16244,6928,9316,108,195781836,193049400,2732436,96,157216,2116740,9656,197350716,194745836,2604880,48,2053536,124416,8852
2026-08-27T19:12:23.204168,393132552,387793668,389806960,144,2210944,2241156,18508,34359738367,268464,16244,6928,9316,108,195781836,193047832,2734004,96,157312,2116740,9656,197350716,194745836,2604880,48,2053632,124416,8852
2026-08-27T19:12:23.705162,393132552,387793460,389806752,144,2210848,2241156,18508,34359738367,268368,16244,6928,9316,108,195781836,193047624,2734212,96,157268,2116740,9656,197350716,194745836,2604880,48,2053580,124416,8852
2026-08-27T19:12:24.206153,393132552,387793664,389806956,152,2211064,2241156,18508,34359738367,268464,16244,6928,9316,108,195781836,193047816,2734020,104,157372,2116740,9656,197350716,194745848,2604868,48,2053692,124416,8852
2026-08-27T19:12:24.707148,393132552,387792192,389805484,164,2210688,2241156,18508,34359738367,268464,16244,6928,9316,108,195781836,193046344,2735492,104,157188,2116740,9656,197350716,194745848,2604868,60,2053500,124416,8852
2026-08-27T19:12:25.208119,393132552,387793536,389806828,164,2210916,2241156,18508,34359738367,268336,16244,6928,9316,108,195781836,193047688,2734148,104,157300,2116740,9656,197350716,194745848,2604868,60,2053616,124416,8852
2026-08-27T19:12:25.708879,393132552,387792780,389806072,176,2211000,2241156,18508,34359738367,268448,16244,6928,9316,108,195781836,193046668,2735168,112,157232,2116740,9656,197350716,194745856,2604860,64,2053540,124416,8852
2026-08-27T19:12:26.209972,393132552,387792360,389805652,176,2210956,2241156,18508,34359738367,268464,16244,6928,9316,108,195781836,193046504,2735332,112,157324,2116740,9656,197350716,194745856,2604860,64,2053632,124416,8852
2026-08-27T19:12:26.710968,393132552,387792216,389805508,188,2210852,2241156,18508,34359738367,268288,16244,6928,9316,108,195781836,193046360,2735476,120,157272,2116740,9656,197350716,194745856,2604860,68,2053580,124416,8852
2026-08-27T19:12:27.211729,393132552,387791308,389804600,188,2211080,2241156,18508,34359738367,268448,16244,6928,9316,108,195781836,193045704,2736132,120,157384,2116740,9656,197350716,194745604,2605112,68,2053696,124416,8852
2026-08-27T19:12:27.712727,393132552,387790040,389803400,192,2210712,2241156,18508,34359738367,268464,16244,6928,9316,108,195781836,193044372,2737464,120,157200,2116740,9656,197350716,194745668,2605048,72,2053512,124416,8852
2026-08-27T19:12:28.213751,393132552,387791688,389805048,192,2210920,2241156,18508,34359738367,268208,16244,6928,9316,108,195781836,193046020,2735816,120,157304,2116740,9656,197350716,194745668,2605048,72,2053616,124416,8852
2026-08-27T19:12:28.714492,393132552,387792104,389805464,196,2210528,2241156,18284,34359738367,268416,16244,6928,9316,108,195781836,193046436,2735400,120,156992,2116740,9432,197350716,194745668,2605048,76,2053536,124416,8852
2026-08-27T19:12:29.215477,393132552,387791796,389805156,196,2210500,2241156,18476,34359738367,268432,16244,6928,9316,108,195781836,193046128,2735708,120,156980,2116740,9624,197350716,194745668,2605048,76,2053520,124416,8852
2026-08-27T19:12:29.716436,393132552,387792036,389805396,200,2210864,2241156,18704,34359738367,268192,16244,6928,9316,108,195781836,193046368,2735468,120,157284,2116740,9852,197350716,194745668,2605048,80,2053580,124416,8852
2026-08-27T19:12:30.217180,393132552,387790776,389804144,200,2211096,2241156,18508,34359738367,268432,16244,6928,9316,108,195781836,193045108,2736728,120,157396,2116740,9656,197350716,194745668,2605048,80,2053700,124416,8852
2026-08-27T19:12:30.718216,393132552,387789700,389803068,220,2210724,2241156,18508,34359738367,268464,16244,6928,9316,108,195781836,193044032,2737804,128,157208,2116740,9656,197350716,194745668,2605048,92,2053516,124416,8852
2026-08-27T19:12:31.219182,393132552,387790708,389804076,220,2210924,2241156,18508,34359738367,268144,16244,6928,9316,108,195781836,193045040,2736796,128,157312,2116740,9656,197350716,194745668,2605048,92,2053612,124416,8852
2026-08-27T19:12:31.719923,393132552,387789620,389802988,220,2210772,2241156,18508,34359738367,268448,16244,6928,9316,108,195781836,193043952,2737884,128,157232,2116740,9656,197350716,194745668,2605048,92,2053540,124416,8852
2026-08-27T19:12:32.220918,393132552,387788044,389801412,220,2210976,2241156,18508,34359738367,268464,16244,6928,9316,108,195781836,193042352,2739484,128,157332,2116740,9656,197350716,194745692,2605024,92,2053644,124416,8852
2026-08-27T19:12:32.721936,393132552,387788012,389801380,224,2210864,2241156,18508,34359738367,268176,16244,6928,9316,108,195781836,193042304,2739532,128,157280,2116740,9656,197350716,194745708,2605008,96,2053584,124416,8852
2026-08-27T19:12:33.222679,393132552,387787856,389801224,224,2211096,2241156,18508,34359738367,268448,16244,6928,9316,108,195781836,193042136,2739700,128,157392,2116740,9656,197350716,194745720,2604996,96,2053704,124416,8852
2026-08-27T19:12:33.723671,393132552,387786524,389799892,228,2210728,2241156,18508,34359738367,268464,16244,6928,9316,108,195781836,193040804,2741032,128,157216,2116740,9656,197350716,194745720,2604996,100,2053512,124416,8852
2026-08-27T19:12:34.224639,393132552,387787572,389800944,112,2210912,2241156,18508,34359738367,268096,16244,6928,9316,108,195781836,193041816,2740020,56,157304,2116740,9656,197350716,194745756,2604960,56,2053608,124416,8852
2026-08-27T19:12:34.725392,393132552,387786272,389799644,116,2210772,2241156,18508,34359738367,268448,16244,6928,9316,108,195781836,193040516,2741320,56,157232,2116740,9656,197350716,194745756,2604960,60,2053540,124416,8852
2026-08-27T19:12:35.226377,393132552,387786980,389800352,116,2210992,2241156,18508,34359738367,268464,16244,6928,9316,108,195781836,193041224,2740612,56,157344,2116740,9656,197350716,194745756,2604960,60,2053648,124416,8852
2026-08-27T19:12:35.727362,393132552,387787404,389800776,124,2210868,2241156,18508,34359738367,268080,16244,6928,9316,108,195781836,193041648,2740188,60,157280,2116740,9656,197350716,194745756,2604960,64,2053588,124416,8852
2026-08-27T19:12:36.228099,393132552,387785512,389798884,124,2211096,2241156,18508,34359738367,268448,16244,6928,9316,108,195781836,193039756,2742080,60,157392,2116740,9656,197350716,194745756,2604960,64,2053704,124416,8852
2026-08-27T19:12:36.729104,393132552,387784852,389798228,168,2210736,2241156,18508,34359738367,268464,16244,6928,9316,108,195781836,193039092,2742744,88,157212,2116740,9656,197350716,194745760,2604956,80,2053524,124416,8852
2026-08-27T19:12:37.230124,393132552,387786216,389799596,168,2210916,2241156,18508,34359738367,268032,16244,6928,9316,108,195781836,193040456,2741380,88,157304,2116740,9656,197350716,194745760,2604956,80,2053612,124416,8852
2026-08-27T19:12:37.730845,393132552,387785480,389798880,172,2210784,2241156,18508,34359738367,268448,16244,6928,9316,108,195781836,193039720,2742116,88,157244,2116740,9656,197350716,194745760,2604956,84,2053540,124416,8852
2026-08-27T19:12:38.231846,393132552,387784948,389798348,172,2211244,2241156,18736,34359738367,268432,16244,6928,9316,108,195781836,193039188,2742648,88,157584,2116740,9884,197350716,194745760,2604956,84,2053660,124416,8852
2026-08-27T19:12:38.732800,393132552,387784952,389798352,176,2210864,2241156,18508,34359738367,267872,16244,6928,9316,108,195781836,193039192,2742644,88,157280,2116740,9656,197350716,194745760,2604956,88,2053584,124416,8852
2026-08-27T19:12:39.233559,393132552,387782776,389796176,176,2210864,2241156,18508,34359738367,268432,16244,6928,9316,108,195781836,193037016,2744820,88,157280,2116740,9656,197350716,194745760,2604956,88,2053584,124416,8852
2026-08-27T19:12:39.734547,393132552,387782896,389796344,176,2210988,2241156,18508,34359738367,268464,16244,6928,9316,108,195781836,193037136,2744700,88,157336,2116740,9656,197350716,194745760,2604956,88,2053652,124416,8852
2026-08-27T19:12:40.235492,393132552,387783980,389797428,176,2210912,2241156,18508,34359738367,267872,16244,6928,9316,108,195781836,193038220,2743616,88,157300,2116740,9656,197350716,194745760,2604956,88,2053612,124416,8852
2026-08-27T19:12:40.736217,393132552,387783496,389797004,180,2211040,2241156,18508,34359738367,268448,16244,6928,9316,108,195781836,193037576,2744260,88,157364,2116740,9656,197350716,194745920,2604796,92,2053676,124416,8852
2026-08-27T19:12:41.237266,393132552,387782600,389796108,180,2210780,2241156,18508,34359738367,268464,16244,6928,9316,108,195781836,193036680,2745156,88,157240,2116740,9656,197350716,194745920,2604796,92,2053540,124416,8852
2026-08-27T19:12:41.738219,393132552,387782712,389796220,184,2210876,2241156,18508,34359738367,267712,16244,6928,9316,108,195781836,193036792,2745044,88,157288,2116740,9656,197350716,194745920,2604796,96,2053588,124416,8852
2026-08-27T19:12:42.239012,393132552,387781636,389795144,192,2210876,2241156,18508,34359738367,268448,16244,6928,9316,108,195781836,193035716,2746120,96,157288,2116740,9656,197350716,194745920,2604796,96,2053588,124416,8852
2026-08-27T19:12:42.740004,393132552,387781172,389794680,204,2210996,2241156,18508,34359738367,268464,16244,6928,9316,108,195781836,193035252,2746584,96,157344,2116740,9656,197350716,194745920,2604796,108,2053652,124416,8852
2026-08-27T19:12:43.240956,393132552,387781800,389795308,204,2210944,2241156,18508,34359738367,268272,16244,6928,9316,108,195781836,193035872,2745964,96,157332,2116740,9656,197350716,194745928,2604788,108,2053612,124416,8852
2026-08-27T19:12:43.741666,393132552,388298052,389780588,208,1685880,2235612,18508,34359738367,267504,16244,6928,9316,108,195781836,193036592,2745244,96,157352,2111196,9656,197350716,195261460,2089256,112,1527520,124416,8852
2026-08-27T19:12:44.242293,393132552,389205860,389770196,224,924792,2076096,18424,34359738367,268448,16244,6928,9316,108,195781836,193171672,2610164,112,157176,1970220,9520,197350716,196034188,1316528,112,767616,105876,8904
2026-08-27T19:12:44.743047,393132552,389307388,389757244,228,991456,1911768,18560,34359738367,268448,16244,6928,9316,108,195781836,193335380,2446456,116,157328,1806220,9656,197350716,195971504,1379212,112,834128,105548,8904
2026-08-27T19:12:45.243811,393132552,389421684,389754272,228,1039100,1745328,18560,34359738367,268448,16244,6928,9316,108,195781836,193506792,2275044,116,157364,1639780,9656,197350716,195914892,1435824,112,881736,105548,8904
2026-08-27T19:12:45.744578,393132552,389269476,389765220,236,1072128,1871644,18560,34359738367,268416,16244,6928,9316,108,195781836,193380540,2401296,116,157364,1766096,9656,197350716,195888936,1461780,120,914764,105548,8904
2026-08-27T19:12:46.245407,393132552,389049084,389753728,236,1115156,2032588,18508,34359738367,268416,16244,6928,9316,108,195781836,193200380,2581456,116,157368,1927040,9656,197350716,195848704,1502012,120,957788,105548,8852
2026-08-27T19:12:46.746128,393132552,388807668,389672708,236,1116496,2192592,18508,34359738367,268416,16244,6928,9316,108,195781836,192960224,2821612,116,157368,2087044,9656,197350716,195847444,1503272,120,959128,105548,8852
2026-08-27T19:12:47.247001,393132552,388793784,389677832,236,1118136,2209592,18508,34359738367,268416,16244,6928,9316,108,195781836,192944348,2837488,116,157368,2104044,9656,197350716,195849436,1501280,120,960768,105548,8852
2026-08-27T19:12:47.748133,393132552,388793760,389684584,248,1118136,2215460,18508,34359738367,268272,16244,6928,9316,108,195781836,192943088,2838748,124,157368,2109912,9656,197350716,195850672,1500044,124,960768,105548,8852
2026-08-27T19:12:48.249089,393132552,388793776,389685808,248,1118000,2216116,18508,34359738367,268432,16244,6928,9316,108,195781836,192942108,2839728,124,157292,2110568,9656,197350716,195851668,1499048,124,960708,105548,8852
2026-08-27T19:12:48.750205,393132552,388793792,389685824,260,1118088,2216124,18508,34359738367,268272,16244,6928,9316,108,195781836,192942108,2839728,124,157332,2110576,9656,197350716,195851684,1499032,136,960756,105548,8852
2026-08-27T19:12:49.251021,393132552,388791580,389683732,260,1118012,2216124,18508,34359738367,268464,16244,6928,9316,108,195781836,192939896,2841940,124,157304,2110576,9656,197350716,195851684,1499032,136,960708,105548,8852
2026-08-27T19:12:49.752040,393132552,388792588,389684972,268,1118104,2216124,18508,34359738367,268272,16244,6928,9316,108,195781836,192940904,2840932,124,157348,2110576,9656,197350716,195851684,1499032,144,960756,105548,8852
2026-08-27T19:12:50.252821,393132552,388796600,389689084,148,1118020,2216124,18508,34359738367,268464,16244,6928,9316,108,195781836,192944328,2837508,112,157308,2110576,9656,197350716,195852272,1498444,36,960716,105548,8852
2026-08-27T19:12:50.753922,393132552,388798304,389690900,152,1118108,2216124,18508,34359738367,268144,16244,6928,9316,108,195781836,192945508,2836328,112,157352,2110576,9656,197350716,195852796,1497920,40,960756,105548,8852
2026-08-27T19:12:51.254681,393132552,388796920,389689624,152,1118040,2216124,18512,34359738367,268464,16244,6928,9316,108,195781836,192944304,2837532,112,157316,2110576,9660,197350716,195852616,1498100,40,960724,105548,8852
2026-08-27T19:12:51.755688,393132552,388797172,389690228,88,1118116,2216124,18512,34359738367,267680,16244,6928,9316,108,195781836,192944556,2837280,48,157352,2110576,9660,197350716,195852616,1498100,40,960764,105548,8852
2026-08-27T19:12:52.256424,393132552,388796472,389689632,88,1118048,2216124,18516,34359738367,268464,16244,6928,9316,108,195781836,192944108,2837728,48,157324,2110576,9664,197350716,195852364,1498352,40,960724,105548,8852
2026-08-27T19:12:52.757478,393132552,388797984,389691352,136,1118136,2216124,18516,34359738367,267552,16244,6928,9316,108,195781836,192945872,2835964,92,157368,2110576,9664,197350716,195852112,1498604,44,960768,105548,8852
2026-08-27T19:12:53.258184,393132552,388799804,389693372,136,1118068,2216124,18520,34359738367,268448,16244,6928,9316,108,195781836,192947440,2834396,92,157336,2110576,9668,197350716,195852364,1498352,44,960732,105548,8852
2026-08-27T19:12:53.759210,393132552,388801592,389695260,148,1118164,2216124,18520,34359738367,268480,16244,6928,9316,108,195781836,192948888,2832948,100,157380,2110576,9668,197350716,195852704,1498012,48,960784,105548,8852
2026-08-27T19:12:54.260283,393132552,388804528,389698292,152,1118088,2216124,18524,34359738367,268448,16244,6928,9316,108,195781836,192951824,2830012,104,157348,2110576,9672,197350716,195852704,1498012,48,960740,105548,8852
2026-08-27T19:12:54.761363,393132552,388806312,389700076,164,1118172,2216124,18524,34359738367,268464,16244,6928,9316,108,195781836,192953860,2827976,104,157388,2110576,9672,197350716,195852452,1498264,60,960784,105548,8852
2026-08-27T19:12:55.262395,393132552,388807464,389701228,164,1118100,2216124,18528,34359738367,268448,16244,6928,9316,108,195781836,192955012,2826824,104,157352,2110576,9676,197350716,195852452,1498264,60,960748,105548,8852
2026-08-27T19:12:55.763456,393132552,388808412,389702276,168,1118192,2216124,18528,34359738367,268464,16244,6928,9316,108,195781836,192956212,2825624,104,157396,2110576,9676,197350716,195852200,1498516,64,960796,105548,8852
2026-08-27T19:12:56.264487,393132552,388811548,389705412,168,1118104,2216124,18532,34359738367,268448,16244,6928,9316,108,195781836,192959040,2822796,104,157352,2110576,9680,197350716,195852508,1498208,64,960752,105548,8852
2026-08-27T19:12:56.765572,393132552,388815732,389709764,172,1118192,2216124,18532,34359738367,268464,16244,6928,9316,108,195781836,192962972,2818864,104,157392,2110576,9680,197350716,195852760,1497956,68,960800,105548,8852
2026-08-27T19:12:57.266621,393132552,388818032,389712236,172,1118112,2216124,18536,34359738367,268432,16244,6928,9316,108,195781836,192965272,2816564,104,157356,2110576,9684,197350716,195852760,1497956,68,960756,105548,8852
2026-08-27T19:12:57.767679,393132552,388820136,389714424,176,1118196,2216124,18536,34359738367,268448,16244,6928,9316,108,195781836,192967628,2814208,104,157396,2110576,9684,197350716,195852508,1498208,72,960800,105548,8852
2026-08-27T19:12:58.268713,393132552,388822532,389716820,176,1118112,2216124,18536,34359738367,268400,16244,6928,9316,108,195781836,192969772,2812064,104,157352,2110576,9684,197350716,195852760,1497956,72,960760,105548,8852
2026-08-27T19:12:58.769776,393132552,388826972,389721260,180,1118192,2216124,18536,34359738367,268432,16244,6928,9316,108,195781836,192974212,2807624,104,157388,2110576,9684,197350716,195852760,1497956,76,960804,105548,8852
2026-08-27T19:12:59.270806,393132552,388829660,389724140,180,1118108,2216124,18536,34359738367,268336,16244,6928,9316,108,195781836,192976648,2805188,104,157352,2110576,9684,197350716,195853012,1497704,76,960756,105548,8852
2026-08-27T19:12:59.771644,393132552,388831376,389725856,188,1118200,2216124,18536,34359738367,268448,16244,6928,9316,108,195781836,192978112,2803724,112,157400,2110576,9684,197350716,195853264,1497452,76,960800,105548,8852
2026-08-27T19:13:00.272677,393132552,388833156,389727636,188,1118112,2216124,18540,34359738367,268240,16244,6928,9316,108,195781836,192979892,2801944,112,157356,2110576,9688,197350716,195853264,1497452,76,960756,105548,8852
2026-08-27T19:13:00.773483,393132552,388832088,389726568,200,1118196,2216124,18540,34359738367,268464,16244,6928,9316,108,195781836,192978824,2803012,112,157396,2110576,9688,197350716,195853264,1497452,88,960800,105548,8852
2026-08-27T19:13:01.274507,393132552,388833436,389727916,200,1118112,2216124,18544,34359738367,267936,16244,6928,9316,108,195781836,192980172,2801664,112,157356,2110576,9692,197350716,195853264,1497452,88,960756,105548,8852
2026-08-27T19:13:01.775249,393132552,388833816,389728296,204,1118212,2216124,18544,34359738367,268464,16244,6928,9316,108,195781836,192980552,2801284,112,157404,2110576,9692,197350716,195853264,1497452,92,960808,105548,8852
2026-08-27T19:13:02.276247,393132552,388835572,389730052,204,1118116,2216124,18548,34359738367,267648,16244,6928,9316,108,195781836,192982036,2799800,112,157356,2110576,9696,197350716,195853536,1497180,92,960760,105548,8852
2026-08-27T19:13:02.776966,393132552,388834520,389729136,208,1118232,2216124,18548,34359738367,268448,16244,6928,9316,108,195781836,192980700,2801136,112,157412,2110576,9696,197350716,195853820,1496896,96,960820,105548,8852
2026-08-27T19:13:03.278094,393132552,388835056,389729740,224,1118140,2216124,18552,34359738367,268480,16244,6928,9316,108,195781836,192981488,2800348,128,157368,2110576,9700,197350716,195853568,1497148,96,960772,105548,8852
2026-08-27T19:13:03.779147,393132552,388835056,389729740,228,1118244,2216124,18552,34359738367,268448,16244,6928,9316,108,195781836,192981740,2800096,128,157424,2110576,9700,197350716,195853316,1497400,100,960820,105548,8852
2026-08-27T19:13:04.280204,393132552,388833124,389727860,228,1118184,2216124,18556,34359738367,268464,16244,6928,9316,108,195781836,192980028,2801808,128,157392,2110576,9704,197350716,195853096,1497620,100,960792,105548,8852
2026-08-27T19:13:04.781264,393132552,388833692,389728620,196,1118272,2216124,18556,34359738367,268448,16244,6928,9316,108,195781836,192980596,2801240,136,157440,2110576,9704,197350716,195853096,1497620,60,960832,105548,8852
2026-08-27T19:13:05.282307,393132552,388834404,389729552,196,1118196,2216124,18560,34359738367,268464,16244,6928,9316,108,195781836,192981308,2800528,136,157400,2110576,9708,197350716,195853096,1497620,60,960796,105548,8852
2026-08-27T19:13:05.783351,393132552,388835512,389730756,200,1118288,2216124,18560,34359738367,268448,16244,6928,9316,108,195781836,192982136,2799700,136,157444,2110576,9708,197350716,195853376,1497340,64,960844,105548,8852
2026-08-27T19:13:06.284393,393132552,388836824,389732068,200,1118200,2216124,18564,34359738367,268432,16244,6928,9316,108,195781836,192983448,2798388,136,157400,2110576,9712,197350716,195853376,1497340,64,960800,105548,8852
2026-08-27T19:13:06.785481,393132552,388837076,389732384,216,1118292,2216124,18564,34359738367,268400,16244,6928,9316,108,195781836,192983700,2798136,136,157444,2110576,9712,197350716,195853376,1497340,80,960848,105548,8852
2026-08-27T19:13:07.286504,393132552,388837172,389732536,216,1118216,2216124,18564,34359738367,268448,16244,6928,9316,108,195781836,192983796,2798040,136,157404,2110576,9712,197350716,195853376,1497340,80,960812,105548,8852
2026-08-27T19:13:07.787553,393132552,388838184,389733548,216,1118292,2216124,18564,34359738367,268432,16244,6928,9316,108,195781836,192984808,2797028,136,157444,2110576,9712,197350716,195853376,1497340,80,960848,105548,8852
2026-08-27T19:13:08.288601,393132552,388837372,389732736,236,1118212,2216124,18568,34359738367,268432,16244,6928,9316,108,195781836,192983744,2798092,156,157404,2110576,9716,197350716,195853628,1497088,80,960808,105548,8852
2026-08-27T19:13:08.789674,393132552,388838588,389733952,240,1118524,2216124,18796,34359738367,268384,16244,6928,9316,108,195781836,192984960,2796876,156,157672,2110576,9944,197350716,195853628,1497088,84,960852,105548,8852
2026-08-27T19:13:09.290501,393132552,388838604,389734044,240,1118032,2216124,18588,34359738367,268432,16244,6928,9316,108,195781836,192985200,2796636,156,157328,2110576,9736,197350716,195853404,1497312,84,960704,105548,8852
2026-08-27T19:13:09.791523,393132552,388838904,389734376,244,1118092,2216124,18580,34359738367,268240,16244,6928,9316,108,195781836,192985500,2796336,156,157348,2110576,9728,197350716,195853404,1497312,88,960744,105548,8852
2026-08-27T19:13:10.292321,393132552,388838748,389734396,192,1118036,2216124,18584,34359738367,268464,16244,6928,9316,108,195781836,192985296,2796540,104,157320,2110576,9732,197350716,195853452,1497264,88,960716,105548,8852
2026-08-27T19:13:10.793371,393132552,388839000,389734680,196,1118112,2216124,18584,34359738367,267984,16244,6928,9316,108,195781836,192985548,2796288,104,157356,2110576,9732,197350716,195853452,1497264,92,960756,105548,8852
2026-08-27T19:13:11.294109,393132552,388838840,389734548,196,1118048,2216124,18588,34359738367,268464,16244,6928,9316,108,195781836,192985136,2796700,104,157332,2110576,9736,197350716,195853704,1497012,92,960716,105548,8852
2026-08-27T19:13:11.795124,393132552,388840280,389735988,200,1118132,2216124,18588,34359738367,267568,16244,6928,9316,108,195781836,192986324,2795512,104,157368,2110576,9736,197350716,195853956,1496760,96,960764,105548,8852
2026-08-27T19:13:12.295852,393132552,388839084,389734840,204,1118060,2216124,18592,34359738367,268448,16244,6928,9316,108,195781836,192985128,2796708,108,157336,2110576,9740,197350716,195853956,1496760,96,960724,105548,8852
2026-08-27T19:13:12.796911,393132552,388839652,389735468,216,1118156,2216124,18592,34359738367,268480,16244,6928,9316,108,195781836,192985680,2796156,108,157384,2110576,9740,197350716,195853972,1496744,108,960772,105548,8852
2026-08-27T19:13:13.298156,393132552,388840196,389736072,232,1118096,2216124,18596,34359738367,268448,16244,6928,9316,108,195781836,192986216,2795620,124,157352,2110576,9744,197350716,195853980,1496736,108,960744,105548,8852
2026-08-27T19:13:13.799197,393132552,388839728,389735604,236,1118180,2216124,18596,34359738367,268464,16244,6928,9316,108,195781836,192985748,2796088,124,157392,2110576,9744,197350716,195853980,1496736,112,960788,105548,8852
2026-08-27T19:13:14.300239,393132552,388840384,389736292,236,1118108,2216124,18600,34359738367,268448,16244,6928,9316,108,195781836,192986152,2795684,124,157364,2110576,9748,197350716,195854232,1496484,112,960744,105548,8852
2026-08-27T19:13:14.801290,393132552,388840868,389736776,240,1118200,2216124,18600,34359738367,268464,16244,6928,9316,108,195781836,192986384,2795452,124,157404,2110576,9748,197350716,195854484,1496232,116,960796,105548,8852
2026-08-27T19:13:15.302338,393132552,388841704,389737616,216,1118116,2216124,18604,34359738367,268448,16244,6928,9316,108,195781836,192987220,2794616,100,157364,2110576,9752,197350716,195854484,1496232,116,960752,105548,8852
2026-08-27T19:13:15.803385,393132552,388840996,389736908,228,1118216,2216124,18604,34359738367,268464,16244,6928,9316,108,195781836,192986512,2795324,112,157408,2110576,9752,197350716,195854484,1496232,116,960808,105548,8852
2026-08-27T19:13:16.304417,393132552,388841268,389737184,228,1118132,2216124,18608,34359738367,268432,16244,6928,9316,108,195781836,192987036,2794800,112,157368,2110576,9756,197350716,195854232,1496484,116,960764,105548,8852
2026-08-27T19:13:16.805483,393132552,388841016,389736932,232,1118208,2216124,18608,34359738367,268464,16244,6928,9316,108,195781836,192986784,2795052,112,157404,2110576,9756,197350716,195854232,1496484,120,960804,105548,8852
2026-08-27T19:13:17.306487,393132552,388842020,389737936,232,1118136,2216124,18612,34359738367,268432,16244,6928,9316,108,195781836,192987536,2794300,112,157368,2110576,9760,197350716,195854484,1496232,120,960768,105548,8852
2026-08-27T19:13:17.807490,393132552,388840904,389736896,244,1118216,2216124,18612,34359738367,268464,16244,6928,9316,108,195781836,192986168,2795668,112,157412,2110576,9760,197350716,195854736,1495980,132,960804,105548,8852
2026-08-27T19:13:18.308462,393132552,388841804,389737800,244,1118128,2216124,18616,34359738367,268352,16244,6928,9316,108,195781836,192987068,2794768,112,157368,2110576,9764,197350716,195854736,1495980,132,960760,105548,8852
2026-08-27T19:13:18.809172,393132552,388841044,389737040,248,1118176,2216124,18616,34359738367,268464,16244,6928,9316,108,195781836,192986308,2795528,112,157384,2110576,9764,197350716,195854736,1495980,136,960792,105548,8852
2026-08-27T19:13:19.309904,393132552,388842028,389738044,256,1118128,2216124,18620,34359738367,268336,16244,6928,9316,108,195781836,192987292,2794544,120,157272,2110576,9768,197350716,195854736,1495980,136,960856,105548,8852
2026-08-27T19:13:19.810593,393132552,388842616,389738632,256,1118160,2216124,18620,34359738367,267648,16244,6928,9316,108,195781836,192987880,2793956,120,157272,2110576,9768,197350716,195854736,1495980,136,960888,105548,8852
2026-08-27T19:13:20.311255,393132552,388842400,389738416,128,1118288,2216124,18620,34359738367,268432,16244,6928,9316,108,195781836,192987412,2794424,104,157336,2110576,9768,197350716,195854988,1495728,24,960952,105548,8852
2026-08-27T19:13:20.812290,393132552,388843228,389739244,136,1118136,2216124,18620,34359738367,267792,16244,6928,9316,108,195781836,192987988,2793848,104,157376,2110576,9768,197350716,195855240,1495476,32,960760,105548,8852
2026-08-27T19:13:21.312998,393132552,388842384,389738400,144,1118284,2216124,18620,34359738367,268464,16244,6928,9316,108,195781836,192987144,2794692,112,157428,2110576,9768,197350716,195855240,1495476,32,960856,105548,8852
2026-08-27T19:13:21.814043,393132552,388843204,389739244,156,1118080,2216124,18624,34359738367,267472,16244,6928,9316,108,195781836,192987964,2793872,120,157332,2110576,9772,197350716,195855240,1495476,36,960748,105548,8852
2026-08-27T19:13:22.314708,393132552,388844268,389740308,168,1118264,2216124,18624,34359738367,268448,16244,6928,9316,108,195781836,192988984,2792852,132,157432,2110576,9772,197350716,195855284,1495432,36,960832,105548,8852
2026-08-27T19:13:22.815729,393132552,388843144,389739184,172,1117700,2216124,18608,34359738367,268448,16244,6928,9316,108,195781836,192987860,2793976,132,157044,2110576,9756,197350716,195855284,1495432,40,960656,105548,8852
2026-08-27T19:13:23.316784,393132552,388844168,389740216,172,1118104,2216124,18840,34359738367,268416,16244,6928,9316,108,195781836,192988608,2793228,132,157368,2110576,9988,197350716,195855560,1495156,40,960736,105548,8852
2026-08-27T19:13:23.817910,393132552,388843556,389739604,92,1118200,2216124,18632,34359738367,268448,16244,6928,9316,108,195781836,192987996,2793840,40,157408,2110576,9780,197350716,195855560,1495156,52,960792,105548,8852
2026-08-27T19:13:24.318953,393132552,388844540,389740588,128,1118120,2216124,18636,34359738367,268432,16244,6928,9316,108,195781836,192988976,2792860,76,157372,2110576,9784,197350716,195855564,1495152,52,960748,105548,8852
2026-08-27T19:13:24.819983,393132552,388843356,389739404,132,1118216,2216124,18636,34359738367,268464,16244,6928,9316,108,195781836,192987760,2794076,76,157412,2110576,9784,197350716,195855596,1495120,56,960804,105548,8852
2026-08-27T19:13:25.321051,393132552,388843892,389739940,132,1118132,2216124,18640,34359738367,268432,16244,6928,9316,108,195781836,192988296,2793540,76,157376,2110576,9788,197350716,195855596,1495120,56,960756,105548,8852
2026-08-27T19:13:25.822145,393132552,388843264,389739312,136,1118228,2216124,18640,34359738367,268464,16244,6928,9316,108,195781836,192987632,2794204,76,157420,2110576,9788,197350716,195855632,1495084,60,960808,105548,8852
2026-08-27T19:13:26.323178,393132552,388844056,389740104,136,1118152,2216124,18644,34359738367,268432,16244,6928,9316,108,195781836,192988172,2793664,76,157384,2110576,9792,197350716,195855884,1494832,60,960768,105548,8852
2026-08-27T19:13:26.824208,393132552,388844724,389740772,140,1118224,2216124,18644,34359738367,268448,16244,6928,9316,108,195781836,192988588,2793248,76,157420,2110576,9792,197350716,195856136,1494580,64,960804,105548,8852
2026-08-27T19:13:27.325257,393132552,388846212,389742260,140,1118144,2216124,18648,34359738367,268400,16244,6928,9316,108,195781836,192990076,2791760,76,157380,2110576,9796,197350716,195856136,1494580,64,960764,105548,8852
2026-08-27T19:13:27.826253,393132552,388846512,389742560,148,1118236,2216124,18648,34359738367,268464,16244,6928,9316,108,195781836,192990376,2791460,84,157424,2110576,9796,197350716,195856136,1494580,64,960812,105548,8852
2026-08-27T19:13:28.327263,393132552,388846880,389742928,148,1118140,2216124,18652,34359738367,268288,16244,6928,9316,108,195781836,192990740,2791096,84,157376,2110576,9800,197350716,195856140,1494576,64,960764,105548,8852
2026-08-27T19:13:28.829271,393132552,388846052,389742100,152,1118236,2216124,18652,34359738367,268464,16244,6928,9316,108,195781836,192989912,2791924,84,157424,2110576,9800,197350716,195856140,1494576,68,960812,105548,8852
2026-08-27T19:13:29.330286,393132552,388846988,389743036,156,1118148,2216124,18656,34359738367,267856,16244,6928,9316,108,195781836,192990596,2791240,88,157380,2110576,9804,197350716,195856392,1494324,68,960768,105548,8852
2026-08-27T19:13:29.830962,393132552,388846788,389742836,168,1118232,2216124,18656,34359738367,268464,16244,6928,9316,108,195781836,192990144,2791692,88,157424,2110576,9804,197350716,195856644,1494072,80,960808,105548,8852
2026-08-27T19:13:30.331982,393132552,388847700,389743748,168,1118156,2216124,18660,34359738367,267568,16244,6928,9316,108,195781836,192991056,2790780,88,157384,2110576,9808,197350716,195856644,1494072,80,960772,105548,8852
2026-08-27T19:13:30.832644,393132552,388847036,389743084,176,1118252,2216124,18660,34359738367,268448,16244,6928,9316,108,195781836,192990392,2791444,92,157436,2110576,9808,197350716,195856644,1494072,84,960816,105548,8852
2026-08-27T19:13:31.333769,393132552,388846440,389742488,176,1118160,2216124,18664,34359738367,268480,16244,6928,9316,108,195781836,192989796,2792040,92,157392,2110576,9812,197350716,195856644,1494072,84,960768,105548,8852
2026-08-27T19:13:31.834815,393132552,388846992,389743040,180,1118264,2216124,18664,34359738367,268448,16244,6928,9316,108,195781836,192990348,2791488,92,157440,2110576,9812,197350716,195856644,1494072,88,960824,105548,8852
2026-08-27T19:13:32.335855,393132552,388846280,389742328,180,1118192,2216124,18668,34359738367,268464,16244,6928,9316,108,195781836,192989384,2792452,92,157404,2110576,9816,197350716,195856896,1493820,88,960788,105548,8852
2026-08-27T19:13:32.836900,393132552,388847028,389743152,192,1118276,2216124,18668,34359738367,268448,16244,6928,9316,108,195781836,192989880,2791956,100,157444,2110576,9816,197350716,195857148,1493568,92,960832,105548,8852
2026-08-27T19:13:33.337996,393132552,388847264,389743388,192,1118200,2216124,18672,34359738367,268464,16244,6928,9316,108,195781836,192990116,2791720,100,157404,2110576,9820,197350716,195857148,1493568,92,960796,105548,8852
2026-08-27T19:13:33.839021,393132552,388847864,389743988,196,1118296,2216124,18672,34359738367,268448,16244,6928,9316,108,195781836,192990716,2791120,100,157452,2110576,9820,197350716,195857148,1493568,96,960844,105548,8852
2026-08-27T19:13:34.340083,393132552,388847244,389743368,196,1118220,2216124,18676,34359738367,268464,16244,6928,9316,108,195781836,192990076,2791760,100,157416,2110576,9824,197350716,195857168,1493548,96,960804,105548,8852
2026-08-27T19:13:34.841140,393132552,388847796,389743920,200,1118308,2216124,18676,34359738367,268416,16244,6928,9316,108,195781836,192990628,2791208,100,157460,2110576,9824,197350716,195857168,1493548,100,960848,105548,8852
2026-08-27T19:13:35.342227,393132552,388847632,389743756,200,1118176,2216124,18680,34359738367,268464,16244,6928,9316,108,195781836,192990208,2791628,100,157384,2110576,9828,197350716,195857424,1493292,100,960792,105548,8852
2026-08-27T19:13:35.843258,393132552,388848380,389744504,208,1118264,2216124,18680,34359738367,268432,16244,6928,9316,108,195781836,192990704,2791132,100,157424,2110576,9828,197350716,195857676,1493040,108,960840,105548,8852
2026-08-27T19:13:36.344296,393132552,388848204,389744328,208,1118196,2216124,18664,34359738367,268464,16244,6928,9316,108,195781836,192990528,2791308,100,157396,2110576,9812,197350716,195857676,1493040,108,960800,105548,8852
2026-08-27T19:13:36.845361,393132552,388848552,389744676,212,1118280,2216124,18664,34359738367,268368,16244,6928,9316,108,195781836,192990876,2790960,100,157436,2110576,9812,197350716,195857676,1493040,112,960844,105548,8852
2026-08-27T19:13:37.346168,393132552,388847984,389744108,212,1117808,2216124,18668,34359738367,268464,16244,6928,9316,108,195781836,192990308,2791528,100,157100,2110576,9816,197350716,195857676,1493040,112,960708,105548,8852
2026-08-27T19:13:37.847184,393132552,388848836,389744960,216,1117904,2216124,18668,34359738367,268032,16244,6928,9316,108,195781836,192991160,2790676,100,157148,2110576,9816,197350716,195857676,1493040,116,960756,105548,8852
2026-08-27T19:13:38.347916,393132552,388848128,389744252,216,1118060,2216124,18696,34359738367,268464,16244,6928,9316,108,195781836,192990200,2791636,100,157344,2110576,9844,197350716,195857928,1492788,116,960716,105548,8852
2026-08-27T19:13:38.848952,393132552,388848716,389744840,228,1118144,2216124,18696,34359738367,267648,16244,6928,9316,108,195781836,192990536,2791300,108,157388,2110576,9844,197350716,195858180,1492536,120,960756,105548,8852
2026-08-27T19:13:39.349699,393132552,388847160,389743284,228,1118080,2216124,18700,34359738367,268448,16244,6928,9316,108,195781836,192989232,2792604,108,157348,2110576,9848,197350716,195857928,1492788,120,960732,105548,8852
2026-08-27T19:13:39.850766,393132552,388845512,389741636,232,1118156,2216124,18700,34359738367,268480,16244,6928,9316,108,195781836,192987584,2794252,108,157388,2110576,9848,197350716,195857928,1492788,124,960768,105548,8852
2026-08-27T19:13:40.351780,393132552,388845924,389742088,236,1118088,2216124,18704,34359738367,268448,16244,6928,9316,108,195781836,192987996,2793840,112,157356,2110576,9852,197350716,195857928,1492788,124,960732,105548,8852
2026-08-27T19:13:40.852832,393132552,388845736,389741900,240,1118192,2216124,18704,34359738367,268464,16244,6928,9316,108,195781836,192987808,2794028,112,157404,2110576,9852,197350716,195857928,1492788,128,960788,105548,8852
2026-08-27T19:13:41.353902,393132552,388846652,389742816,144,1118096,2216124,18708,34359738367,268448,16244,6928,9316,108,195781836,192988472,2793364,68,157356,2110576,9856,197350716,195858180,1492536,76,960740,105548,8852
2026-08-27T19:13:41.854946,393132552,388845076,389741244,160,1118216,2216124,18708,34359738367,268464,16244,6928,9316,108,195781836,192986888,2794948,68,157416,2110576,9856,197350716,195858188,1492528,92,960800,105548,8852
2026-08-27T19:13:42.355973,393132552,388845172,389741340,172,1118132,2216124,18712,34359738367,268448,16244,6928,9316,108,195781836,192986984,2794852,80,157372,2110576,9860,197350716,195858188,1492528,92,960760,105548,8852
2026-08-27T19:13:42.857034,393132552,388844944,389741112,176,1118224,2216124,18712,34359738367,268464,16244,6928,9316,108,195781836,192986756,2795080,80,157424,2110576,9860,197350716,195858188,1492528,96,960800,105548,8852
2026-08-27T19:13:43.358134,393132552,388845380,389741548,176,1118140,2216124,18712,34359738367,268432,16244,6928,9316,108,195781836,192987192,2794644,80,157380,2110576,9860,197350716,195858188,1492528,96,960760,105548,8852
2026-08-27T19:13:43.859127,393132552,389023416,389723308,192,941272,2199996,18712,34359738367,267536,16244,6928,9316,108,195781836,192995364,2786472,96,157400,2094448,9860,197350716,196028052,1322664,96,783872,105548,8852
2026-08-27T19:13:44.359984,393132552,389274436,389711324,192,710192,2162456,18716,34359738367,268448,16244,6928,9316,108,195781836,193038984,2742852,96,157304,2057412,9864,197350716,196235452,1115264,96,552888,105548,8852
2026-08-27T19:13:44.860800,393132552,389241136,389699164,196,704896,2198268,18716,34359738367,268448,16244,6928,9316,108,195781836,192997344,2784492,96,157388,2094100,9864,197350716,196243792,1106924,100,547508,104168,8852
2026-08-27T19:13:45.361908,393132552,389237464,389698564,220,703804,2198580,18716,34359738367,268304,16244,6928,9316,108,195781836,192992892,2788944,120,157408,2099812,9864,197350716,196244572,1106144,100,546396,98768,8852
2026-08-27T19:13:45.862693,393132552,389237472,389699348,224,703624,2199208,18720,34359738367,268464,16244,6928,9316,108,195781836,192992892,2788944,120,157092,2100440,9640,197350716,196244580,1106136,104,546532,98768,9080
2026-08-27T19:13:46.363739,393132552,389237472,389699348,224,703780,2199232,18720,34359738367,268448,16244,6928,9316,108,195781836,192992892,2788944,120,157172,2100464,9640,197350716,196244580,1106136,104,546608,98768,9080
2026-08-27T19:13:46.864783,393132552,389244528,389706404,228,703804,2199232,18720,34359738367,267536,16244,6928,9316,108,195781836,192992892,2788944,120,157184,2100464,9640,197350716,196251636,1099080,108,546620,98768,9080
2026-08-27T19:13:47.365763,393132552,389247156,389709148,228,703956,2199232,18720,34359738367,268464,16244,6928,9316,108,195781836,192994056,2787780,120,157260,2100464,9640,197350716,196253100,1097616,108,546696,98768,9080
2026-08-27T19:13:47.866807,393132552,389253436,389715544,240,703804,2199232,18724,34359738367,267952,16244,6928,9316,108,195781836,192997472,2784364,120,157172,2100464,9624,197350716,196255964,1094752,120,546632,98768,9100
2026-08-27T19:13:48.367670,393132552,389260872,389722980,240,703900,2199232,18724,34359738367,268464,16244,6928,9316,108,195781836,193003264,2778572,120,157216,2100464,9624,197350716,196257608,1093108,120,546684,98768,9100
2026-08-27T19:13:48.868773,393132552,389261684,389723796,240,703740,2199232,18728,34359738367,268432,16244,6928,9316,108,195781836,193004524,2777312,120,157132,2100464,9624,197350716,196257160,1093556,120,546608,98768,9104
2026-08-27T19:13:49.369882,393132552,389261684,389723796,244,703824,2199232,18728,34359738367,268480,16244,6928,9316,108,195781836,193004524,2777312,124,157180,2100464,9624,197350716,196257160,1093556,120,546644,98768,9104
2026-08-27T19:13:49.870954,393132552,389261328,389723440,256,703668,2199232,18732,34359738367,268464,16244,6928,9316,108,195781836,193004616,2777220,132,157100,2100464,9624,197350716,196256712,1094004,124,546568,98768,9108
2026-08-27T19:13:50.372003,393132552,389263660,389725972,256,703840,2199232,18732,34359738367,267888,16244,6928,9316,108,195781836,193004616,2777220,132,157204,2100464,9624,197350716,196259044,1091672,124,546636,98768,9108
2026-08-27T19:13:50.872987,393132552,389267532,389730052,260,703916,2199232,18732,34359738367,268448,16244,6928,9316,108,195781836,193007116,2774720,132,157248,2100464,9624,197350716,196260416,1090300,128,546668,98768,9108
2026-08-27T19:13:51.374067,393132552,389273984,389736960,136,703836,2199232,18736,34359738367,268368,16244,6928,9316,108,195781836,193011172,2770664,116,157204,2100464,9624,197350716,196262812,1087904,20,546632,98768,9112
2026-08-27T19:13:51.875046,393132552,389274728,389737800,144,703888,2199232,18736,34359738367,268464,16244,6928,9316,108,195781836,193011676,2770160,116,157232,2100464,9624,197350716,196263052,1087664,28,546656,98768,9112
2026-08-27T19:13:52.376115,393132552,389274224,389737296,144,703820,2199232,18740,34359738367,268448,16244,6928,9316,108,195781836,193011424,2770412,116,157192,2100464,9624,197350716,196262800,1087916,28,546628,98768,9116
2026-08-27T19:13:52.877152,393132552,389274480,389737648,148,703848,2199232,18740,34359738367,267648,16244,6928,9316,108,195781836,193011680,2770156,116,157212,2100464,9624,197350716,196262800,1087916,32,546636,98768,9116
2026-08-27T19:13:53.377982,393132552,389275220,389738388,148,703520,2199232,18708,34359738367,268448,16244,6928,9316,108,195781836,193011708,2770128,116,157160,2100464,9624,197350716,196263512,1087204,32,546360,98768,9084
2026-08-27T19:13:53.879007,393132552,389277624,389740792,160,703596,2199232,18708,34359738367,268048,16244,6928,9316,108,195781836,193013228,2768608,116,157200,2100464,9624,197350716,196264396,1086320,44,546396,98768,9084
2026-08-27T19:13:54.379762,393132552,389281424,389743544,160,703904,2199232,18744,34359738367,268464,16244,6928,9316,108,195781836,193015652,2766184,116,157244,2100464,9624,197350716,196265772,1084944,44,546660,98768,9120
2026-08-27T19:13:54.880848,393132552,389282300,389744420,164,704000,2199232,18744,34359738367,268448,16244,6928,9316,108,195781836,193016288,2765548,116,157288,2100464,9624,197350716,196266012,1084704,48,546712,98768,9120
2026-08-27T19:13:55.385408,393132552,389283756,389745292,140,703856,2198296,18748,34359738367,268496,16244,6928,9316,108,195781836,193016540,2765296,92,157212,2100464,9624,197350716,196267216,1083500,48,546644,97832,9124
2026-08-27T19:13:55.886467,393132552,389283760,389745696,144,703708,2197800,18752,34359738367,268464,16244,6928,9316,108,195781836,193016540,2765296,92,157136,2100464,9624,197350716,196267220,1083496,52,546572,97336,9128
2026-08-27T19:13:56.387494,393132552,389284408,389746444,120,703852,2197800,18752,34359738367,267904,16244,6928,9316,108,195781836,193016888,2764948,68,157212,2100464,9624,197350716,196267520,1083196,52,546640,97336,9128
2026-08-27T19:13:56.888419,393132552,389284960,389746512,120,703936,2197296,18752,34359738367,268464,16244,6928,9316,108,195781836,193017992,2763844,68,157256,2100464,9624,197350716,196266968,1083748,52,546680,96832,9128
2026-08-27T19:13:57.389504,393132552,389287172,389748212,120,703840,2196804,18752,34359738367,268400,16244,6928,9316,108,195781836,193019980,2761856,68,157208,2100464,9624,197350716,196267192,1083524,52,546632,96340,9128
2026-08-27T19:13:57.890361,393132552,389287224,389748264,124,703884,2196804,18752,34359738367,268464,16244,6928,9316,108,195781836,193020484,2761352,68,157232,2100464,9624,197350716,196266740,1083976,56,546652,96340,9128
2026-08-27T19:13:58.391401,393132552,389287652,389748772,128,703816,2196804,18756,34359738367,268448,16244,6928,9316,108,195781836,193020484,2761352,72,157200,2100464,9624,197350716,196267168,1083548,56,546616,96340,9132
2026-08-27T19:13:58.892422,393132552,389287748,389748868,132,703856,2196804,18756,34359738367,267696,16244,6928,9316,108,195781836,193020484,2761352,72,157216,2100464,9624,197350716,196267264,1083452,60,546640,96340,9132
2026-08-27T19:13:59.393190,393132552,389287720,389748992,132,703912,2196804,18748,34359738367,268464,16244,6928,9316,108,195781836,193020780,2761056,72,157260,2100464,9624,197350716,196266940,1083776,60,546652,96340,9124
2026-08-27T19:13:59.894262,393132552,389288608,389749972,144,703836,2196804,18760,34359738367,268096,16244,6928,9316,108,195781836,193021640,2760196,72,157208,2100464,9624,197350716,196266968,1083748,72,546628,96340,9136
2026-08-27T19:14:00.395027,393132552,389289436,389750800,160,703912,2196804,18760,34359738367,268464,16244,6928,9316,108,195781836,193023156,2758680,88,157244,2100464,9624,197350716,196266280,1084436,72,546668,96340,9136
2026-08-27T19:14:00.896096,393132552,389289864,389751316,172,704008,2196804,18760,34359738367,268448,16244,6928,9316,108,195781836,193023408,2758428,96,157292,2100464,9624,197350716,196266456,1084260,76,546716,96340,9136
2026-08-27T19:14:01.397170,393132552,389287720,389749172,172,703868,2196804,18764,34359738367,268496,16244,6928,9316,108,195781836,193023660,2758176,96,157220,2100464,9624,197350716,196264060,1086656,76,546648,96340,9140
2026-08-27T19:14:01.898248,393132552,389287848,389749444,176,703936,2196804,18764,34359738367,268464,16244,6928,9316,108,195781836,193023660,2758176,96,157256,2100464,9624,197350716,196264188,1086528,80,546680,96340,9140
2026-08-27T19:14:02.399283,393132552,389288500,389750164,176,703856,2196804,18768,34359738367,267920,16244,6928,9316,108,195781836,193023660,2758176,96,157216,2100464,9624,197350716,196264840,1085876,80,546640,96340,9144
2026-08-27T19:14:02.900100,393132552,389289208,389749764,180,703704,2196304,18772,34359738367,268464,16244,6928,9316,108,195781836,193024428,2757408,96,157136,2100464,9624,197350716,196264780,1085936,84,546568,95840,9148
2026-08-27T19:14:03.401158,393132552,389290908,389751664,192,703856,2195804,18772,34359738367,268400,16244,6928,9316,108,195781836,193025520,2756316,108,157216,2100464,9624,197350716,196265388,1085328,84,546640,95340,9148
2026-08-27T19:14:03.902037,393132552,389290160,389750916,196,703644,2195804,18776,34359738367,268464,16244,6928,9316,108,195781836,193025640,2756196,108,157108,2100464,9624,197350716,196264520,1086196,88,546536,95340,9152
2026-08-27T19:14:04.403099,393132552,389290972,389751728,196,703808,2195804,18776,34359738367,268448,16244,6928,9316,108,195781836,193025892,2755944,108,157192,2100464,9624,197350716,196265080,1085636,88,546616,95340,9152
2026-08-27T19:14:04.904127,393132552,389291020,389751840,196,703856,2195804,18776,34359738367,267856,16244,6928,9316,108,195781836,193025892,2755944,108,157216,2100464,9624,197350716,196265128,1085588,88,546640,95340,9152
2026-08-27T19:14:05.405021,393132552,389290320,389751212,196,703920,2195804,18764,34359738367,268480,16244,6928,9316,108,195781836,193025892,2755944,108,157256,2100464,9624,197350716,196264428,1086288,88,546664,95340,9140
2026-08-27T19:14:05.906096,393132552,389290804,389751828,208,703824,2195804,18780,34359738367,268304,16244,6928,9316,108,195781836,193026008,2755828,108,157200,2100464,9624,197350716,196264796,1085920,100,546624,95340,9156
2026-08-27T19:14:06.406863,393132552,389296100,389757124,216,703936,2195804,18780,34359738367,268464,16244,6928,9316,108,195781836,193027016,2754820,116,157244,2100464,9624,197350716,196269084,1081632,100,546692,95340,9156
2026-08-27T19:14:06.907920,393132552,389296364,389757388,220,703784,2195804,18784,34359738367,268448,16244,6928,9316,108,195781836,193027268,2754568,116,157164,2100464,9624,197350716,196269096,1081620,104,546620,95340,9160
2026-08-27T19:14:07.408972,393132552,389296808,389757832,224,703856,2195804,18784,34359738367,267520,16244,6928,9316,108,195781836,193027520,2754316,120,157212,2100464,9624,197350716,196269288,1081428,104,546644,95340,9160
2026-08-27T19:14:07.909850,393132552,389295940,389757060,228,703700,2195804,18788,34359738367,268464,16244,6928,9316,108,195781836,193027740,2754096,120,157136,2100464,9624,197350716,196268200,1082516,108,546564,95340,9164
2026-08-27T19:14:08.410886,393132552,389296548,389757772,228,703852,2195804,18788,34359738367,267936,16244,6928,9316,108,195781836,193027836,2754000,120,157216,2100464,9624,197350716,196268712,1082004,108,546636,95340,9164
2026-08-27T19:14:08.911851,393132552,389294024,389755248,232,703932,2195804,18788,34359738367,268464,16244,6928,9316,108,195781836,193027836,2754000,120,157260,2100464,9624,197350716,196266188,1084528,112,546672,95340,9164
2026-08-27T19:14:09.412909,393132552,389295664,389756888,232,703856,2195804,18792,34359738367,268416,16244,6928,9316,108,195781836,193028844,2752992,120,157216,2100464,9624,197350716,196266820,1083896,112,546640,95340,9168
2026-08-27T19:14:09.913955,393132552,389295936,389757160,236,703636,2195804,18796,34359738367,268480,16244,6928,9316,108,195781836,193028844,2752992,120,157104,2100464,9624,197350716,196267092,1083624,116,546532,95340,9172
2026-08-27T19:14:10.414992,393132552,389296144,389757408,236,703812,2195804,18796,34359738367,268464,16244,6928,9316,108,195781836,193028844,2752992,120,157184,2100464,9624,197350716,196267300,1083416,116,546628,95340,9172
2026-08-27T19:14:10.916034,393132552,389296304,389757568,248,703860,2195804,18796,34359738367,267856,16244,6928,9316,108,195781836,193028844,2752992,120,157216,2100464,9624,197350716,196267460,1083256,128,546644,95340,9172
2026-08-27T19:14:11.416781,393132552,389296392,389757700,256,703988,2195804,18796,34359738367,268464,16244,6928,9316,108,195781836,193029096,2752740,128,157276,2100464,9624,197350716,196267296,1083420,128,546712,95340,9172
2026-08-27T19:14:11.917863,393132552,389296532,389757840,260,703832,2195804,18800,34359738367,268240,16244,6928,9316,108,195781836,193029348,2752488,128,157196,2100464,9624,197350716,196267184,1083532,132,546636,95340,9176
2026-08-27T19:14:12.418637,393132552,389297152,389757812,208,703928,2195300,18800,34359738367,268464,16244,6928,9316,108,195781836,193030356,2751480,76,157240,2100464,9624,197350716,196266796,1083920,132,546688,94836,9176
2026-08-27T19:14:12.919681,393132552,389297376,389758248,208,703784,2195296,18804,34359738367,268448,16244,6928,9316,108,195781836,193030356,2751480,76,157164,2100464,9624,197350716,196267020,1083696,132,546620,94832,9180
2026-08-27T19:14:13.420692,393132552,389297600,389758472,208,703860,2195296,18804,34359738367,267552,16244,6928,9316,108,195781836,193030356,2751480,76,157216,2100464,9624,197350716,196267244,1083472,132,546644,94832,9180
2026-08-27T19:14:13.921572,393132552,389296688,389757560,212,703712,2195296,18808,34359738367,268464,16244,6928,9316,108,195781836,193030356,2751480,76,157140,2100464,9624,197350716,196266332,1084384,136,546572,94832,9184
2026-08-27T19:14:14.422603,393132552,389297248,389758120,212,703860,2195296,18808,34359738367,267984,16244,6928,9316,108,195781836,193030596,2751240,76,157216,2100464,9624,197350716,196266652,1084064,136,546644,94832,9184
2026-08-27T19:14:14.923408,393132552,389294840,389755204,216,703692,2194788,18812,34359738367,268464,16244,6928,9316,108,195781836,193030604,2751232,76,157132,2100464,9624,197350716,196264236,1086480,140,546560,94324,9188
2026-08-27T19:14:15.424484,393132552,389296532,389756896,216,703852,2194788,18812,34359738367,268448,16244,6928,9316,108,195781836,193031628,2750208,76,157212,2100464,9624,197350716,196264904,1085812,140,546640,94324,9188
2026-08-27T19:14:15.925591,393132552,389295648,389756032,220,703640,2194788,18816,34359738367,268480,16244,6928,9316,108,195781836,193031628,2750208,76,157100,2100464,9624,197350716,196264020,1086696,144,546540,94324,9192
2026-08-27T19:14:16.426693,393132552,389295776,389756180,236,703808,2194788,18816,34359738367,268464,16244,6928,9316,108,195781836,193031628,2750208,92,157176,2100464,9624,197350716,196264148,1086568,144,546632,94324,9192
2026-08-27T19:14:16.927737,393132552,389296160,389756660,192,703860,2194788,18816,34359738367,267888,16244,6928,9316,108,195781836,193031628,2750208,88,157216,2100464,9624,197350716,196264532,1086184,104,546644,94324,9192
2026-08-27T19:14:17.428487,393132552,389296060,389756560,204,703976,2194788,18816,34359738367,268464,16244,6928,9316,108,195781836,193031628,2750208,100,157264,2100464,9624,197350716,196264432,1086284,104,546712,94324,9192
2026-08-27T19:14:17.929576,393132552,389296232,389756732,208,703816,2194788,18820,34359738367,268352,16244,6928,9316,108,195781836,193031880,2749956,100,157188,2100464,9624,197350716,196264352,1086364,108,546628,94324,9196
2026-08-27T19:14:18.430367,393132552,389295864,389756416,208,703908,2194788,18820,34359738367,268464,16244,6928,9316,108,195781836,193032748,2749088,100,157232,2100464,9624,197350716,196263116,1087600,108,546676,94324,9196
2026-08-27T19:14:18.931403,393132552,389296560,389757136,212,703768,2194788,18824,34359738367,268448,16244,6928,9316,108,195781836,193032748,2749088,100,157160,2100464,9624,197350716,196263812,1086904,112,546608,94324,9200
2026-08-27T19:14:19.432432,393132552,389296656,389757244,212,703860,2194788,18824,34359738367,267760,16244,6928,9316,108,195781836,193032748,2749088,100,157216,2100464,9624,197350716,196263908,1086808,112,546644,94324,9200
2026-08-27T19:14:19.933159,393132552,389296576,389757164,216,703708,2194788,18828,34359738367,268464,16244,6928,9316,108,195781836,193032748,2749088,100,157136,2100464,9624,197350716,196263828,1086888,116,546572,94324,9204
2026-08-27T19:14:20.434228,393132552,389296720,389757352,216,703860,2194788,18828,34359738367,268032,16244,6928,9316,108,195781836,193032748,2749088,100,157216,2100464,9624,197350716,196263972,1086744,116,546644,94324,9204
2026-08-27T19:14:20.935028,393132552,389294544,389755176,220,703692,2194788,18832,34359738367,268464,16244,6928,9316,108,195781836,193032748,2749088,100,157128,2100464,9624,197350716,196261796,1088920,120,546564,94324,9208
2026-08-27T19:14:21.436090,393132552,389295544,389756204,100,703836,2194788,18832,34359738367,268448,16244,6928,9316,108,195781836,193033268,2748568,92,157204,2100464,9624,197350716,196262276,1088440,8,546632,94324,9208
2026-08-27T19:14:21.937119,393132552,389295768,389756428,112,703400,2194788,18808,34359738367,268448,16244,6928,9316,108,195781836,193033268,2748568,100,157096,2100464,9624,197350716,196262500,1088216,12,546304,94324,9184
2026-08-27T19:14:22.438237,393132552,389296232,389756904,116,703780,2194788,19032,34359738367,268432,16244,6928,9316,108,195781836,193033268,2748568,104,157168,2100464,9624,197350716,196262964,1087752,12,546612,94324,9408
2026-08-27T19:14:22.939275,393132552,389296480,389757152,132,703856,2194788,18832,34359738367,267888,16244,6928,9316,108,195781836,193033268,2748568,104,157216,2100464,9624,197350716,196263212,1087504,28,546640,94324,9208
2026-08-27T19:14:23.440237,393132552,389295444,389756192,140,703492,2194788,18800,34359738367,268432,16244,6928,9316,108,195781836,193033520,2748316,112,157136,2100464,9624,197350716,196261924,1088792,28,546356,94324,9176
2026-08-27T19:14:23.941275,393132552,389295348,389756100,144,703808,2194788,19028,34359738367,268368,16244,6928,9316,108,195781836,193033520,2748316,112,157184,2100464,9624,197350716,196261828,1088888,32,546624,94324,9404
2026-08-27T19:14:24.442105,393132552,389295988,389756764,144,703900,2194788,18832,34359738367,268448,16244,6928,9316,108,195781836,193033772,2748064,112,157224,2100464,9624,197350716,196262216,1088500,32,546676,94324,9208
2026-08-27T19:14:24.945276,393132552,389296420,389757252,144,703756,2194788,18832,34359738367,268432,16244,6928,9316,108,195781836,193034024,2747812,112,157152,2100464,9624,197350716,196262396,1088320,32,546604,94324,9208
2026-08-27T19:14:25.446325,393132552,389296932,389757764,148,703860,2194788,18832,34359738367,267776,16244,6928,9316,108,195781836,193034024,2747812,116,157216,2100464,9624,197350716,196262908,1087808,32,546644,94324,9208
2026-08-27T19:14:25.947254,393132552,389295628,389756460,84,703720,2194788,18832,34359738367,268464,16244,6928,9316,108,195781836,193034024,2747812,48,157144,2100464,9624,197350716,196261604,1089112,36,546576,94324,9208
2026-08-27T19:14:26.448265,393132552,389296460,389757300,84,703860,2194788,18832,34359738367,268176,16244,6928,9316,108,195781836,193034536,2747300,48,157216,2100464,9624,197350716,196261924,1088792,36,546644,94324,9208
2026-08-27T19:14:26.949027,393132552,389296480,389757320,88,703448,2194788,18608,34359738367,268464,16244,6928,9316,108,195781836,193034552,2747284,48,157120,2100464,9624,197350716,196261928,1088788,40,546328,94324,8984
2026-08-27T19:14:27.450136,393132552,389297260,389758100,88,703596,2194788,18608,34359738367,268448,16244,6928,9316,108,195781836,193034804,2747032,48,157196,2100464,9624,197350716,196262456,1088260,40,546400,94324,8984
2026-08-27T19:14:27.951157,393132552,389297316,389758156,92,703860,2194788,18832,34359738367,267488,16244,6928,9316,108,195781836,193035056,2746780,48,157216,2100464,9624,197350716,196262260,1088456,44,546644,94324,9208
2026-08-27T19:14:28.451962,393132552,389296428,389757268,100,704012,2194788,18832,34359738367,268464,16244,6928,9316,108,195781836,193035064,2746772,56,157284,2100464,9624,197350716,196261364,1089352,44,546728,94324,9208
2026-08-27T19:14:28.952999,393132552,389296252,389757092,112,703856,2194788,18832,34359738367,267904,16244,6928,9316,108,195781836,193035064,2746772,56,157212,2100464,9624,197350716,196261188,1089528,56,546644,94324,9208
2026-08-27T19:14:29.453968,393132552,389294828,389755668,128,703944,2194788,18832,34359738367,268464,16244,6928,9316,108,195781836,193035260,2746576,72,157248,2100464,9624,197350716,196259568,1091148,56,546696,94324,9208
2026-08-27T19:14:29.955027,393132552,389295008,389755848,132,703808,2194788,18832,34359738367,268416,16244,6928,9316,108,195781836,193035296,2746540,72,157176,2100464,9624,197350716,196259712,1091004,60,546632,94324,9208
2026-08-27T19:14:30.456042,393132552,389295996,389756836,132,703892,2194788,18832,34359738367,268480,16244,6928,9316,108,195781836,193035548,2746288,72,157224,2100464,9624,197350716,196260448,1090268,60,546668,94324,9208
2026-08-27T19:14:30.957119,393132552,389295996,389756912,136,703764,2194788,18832,34359738367,268448,16244,6928,9316,108,195781836,193035800,2746036,72,157156,2100464,9624,197350716,196260196,1090520,64,546608,94324,9208
2026-08-27T19:14:31.458219,393132552,389296284,389757200,136,703860,2194788,18832,34359738367,267824,16244,6928,9316,108,195781836,193035800,2746036,72,157216,2100464,9624,197350716,196260484,1090232,64,546644,94324,9208
2026-08-27T19:14:31.961275,393132552,389294408,389755324,140,703720,2194788,18832,34359738367,268464,16244,6928,9316,108,195781836,193035800,2746036,72,157144,2100464,9624,197350716,196258608,1092108,68,546576,94324,9208
2026-08-27T19:14:32.462298,393132552,389295096,389756020,140,703860,2194788,18832,34359738367,268224,16244,6928,9316,108,195781836,193035800,2746036,72,157216,2100464,9624,197350716,196259296,1091420,68,546644,94324,9208
2026-08-27T19:14:32.963063,393132552,389295072,389755996,140,703824,2194788,18816,34359738367,268464,16244,6928,9316,108,195781836,193035800,2746036,72,157212,2100464,9624,197350716,196259272,1091444,68,546612,94324,9192
2026-08-27T19:14:33.464102,393132552,389295892,389756816,144,703968,2194788,18816,34359738367,268448,16244,6928,9316,108,195781836,193035800,2746036,72,157288,2100464,9624,197350716,196260092,1090624,72,546680,94324,9192
2026-08-27T19:14:33.965142,393132552,389295952,389756876,144,703860,2194788,18832,34359738367,267536,16244,6928,9316,108,195781836,193035816,2746020,72,157216,2100464,9624,197350716,196260136,1090580,72,546644,94324,9208
2026-08-27T19:14:34.465986,393132552,389294396,389755320,152,703996,2194788,18832,34359738367,268464,16244,6928,9316,108,195781836,193035816,2746020,80,157280,2100464,9624,197350716,196258580,1092136,72,546716,94324,9208
2026-08-27T19:14:34.967045,393132552,389294316,389755240,164,703852,2194788,18832,34359738367,268016,16244,6928,9316,108,195781836,193035832,2746004,80,157212,2100464,9624,197350716,196258484,1092232,84,546640,94324,9208
2026-08-27T19:14:35.468034,393132552,389294424,389755348,168,703916,2194788,18832,34359738367,268464,16244,6928,9316,108,195781836,193036044,2745792,84,157244,2100464,9624,197350716,196258380,1092336,84,546672,94324,9208
2026-08-27T19:14:35.969087,393132552,389294372,389755296,172,703788,2194788,18832,34359738367,268416,16244,6928,9316,108,195781836,193036044,2745792,84,157176,2100464,9624,197350716,196258328,1092388,88,546612,94324,9208
2026-08-27T19:14:36.470158,393132552,389292896,389753820,172,703860,2194788,18832,34359738367,268480,16244,6928,9316,108,195781836,193036044,2745792,84,157216,2100464,9624,197350716,196256852,1093864,88,546644,94324,9208
2026-08-27T19:14:36.971235,393132552,389293120,389754064,156,703720,2194788,18832,34359738367,268464,16244,6928,9316,108,195781836,193036044,2745792,64,157144,2100464,9624,197350716,196257076,1093640,92,546576,94324,9208
2026-08-27T19:14:37.472275,393132552,389293392,389754336,156,703860,2194788,18832,34359738367,267904,16244,6928,9316,108,195781836,193036044,2745792,64,157216,2100464,9624,197350716,196257348,1093368,92,546644,94324,9208
2026-08-27T19:14:37.973280,393132552,389293312,389754256,160,703720,2194788,18832,34359738367,268464,16244,6928,9316,108,195781836,193036044,2745792,64,157144,2100464,9624,197350716,196257268,1093448,96,546576,94324,9208
2026-08-27T19:14:38.474300,393132552,389293536,389754480,160,703856,2194788,18832,34359738367,268368,16244,6928,9316,108,195781836,193036044,2745792,64,157212,2100464,9624,197350716,196257492,1093224,96,546644,94324,9208
2026-08-27T19:14:38.975096,393132552,389291864,389752808,164,703844,2194788,18820,34359738367,268464,16244,6928,9316,108,195781836,193036044,2745792,64,157212,2100464,9624,197350716,196255820,1094896,100,546632,94324,9196
2026-08-27T19:14:39.476167,393132552,389292104,389753048,164,703984,2194788,18820,34359738367,268448,16244,6928,9316,108,195781836,193036044,2745792,64,157284,2100464,9624,197350716,196256060,1094656,100,546700,94324,9196
2026-08-27T19:14:39.977256,393132552,389292248,389753192,176,703864,2194788,18832,34359738367,267696,16244,6928,9316,108,195781836,193036140,2745696,72,157216,2100464,9624,197350716,196256108,1094608,104,546648,94324,9208
2026-08-27T19:14:40.478156,393132552,389292832,389753776,200,703992,2194788,18832,34359738367,268464,16244,6928,9316,108,195781836,193036140,2745696,96,157272,2100464,9624,197350716,196256692,1094024,104,546720,94324,9208
2026-08-27T19:14:40.979197,393132552,389293304,389754248,220,703840,2194788,18832,34359738367,268112,16244,6928,9316,108,195781836,193036140,2745696,108,157200,2100464,9624,197350716,196257164,1093552,112,546640,94324,9208
2026-08-27T19:14:41.479955,393132552,389292628,389753572,220,703912,2194788,18832,34359738367,268464,16244,6928,9316,108,195781836,193036140,2745696,108,157228,2100464,9624,197350716,196256488,1094228,112,546684,94324,9208
2026-08-27T19:14:41.981027,393132552,389292776,389753724,180,703780,2194788,18832,34359738367,268448,16244,6928,9316,108,195781836,193036140,2745696,64,157164,2100464,9624,197350716,196256636,1094080,116,546616,94324,9208
2026-08-27T19:14:42.482111,393132552,389293192,389754140,180,703864,2194788,18832,34359738367,267488,16244,6928,9316,108,195781836,193036140,2745696,64,157216,2100464,9624,197350716,196257052,1093664,116,546648,94324,9208
2026-08-27T19:14:42.982974,393132552,389292644,389753596,184,703728,2194788,18832,34359738367,268464,16244,6928,9316,108,195781836,193036140,2745696,64,157148,2100464,9624,197350716,196256504,1094212,120,546580,94324,9208
2026-08-27T19:14:43.484006,393132552,389292960,389753912,184,703864,2194788,18832,34359738367,267920,16244,6928,9316,108,195781836,193036140,2745696,64,157216,2100464,9624,197350716,196256820,1093896,120,546648,94324,9208
2026-08-27T19:14:43.984993,393132552,389293008,389753976,188,703472,2194788,18832,34359738367,268432,16244,6928,9316,108,195781836,193036140,2745696,64,157128,2100464,9624,197350716,196256868,1093848,124,546344,94324,9208
2026-08-27T19:14:44.486076,393132552,389138624,389720168,196,825292,2194832,19056,34359738367,268416,16244,6928,9316,108,195781836,193036140,2745696,72,157192,2100464,9624,197350716,196098452,1252264,124,668604,94368,9432
2026-08-27T19:14:44.986989,393132552,387795976,389650808,260,2099344,2194832,18832,34359738367,267920,16244,6928,9316,108,195781836,193036144,2745692,132,157216,2100464,9624,197350716,194759832,2590884,128,1942632,94368,9208
2026-08-27T19:14:45.487708,393132552,387560224,389672320,284,2356720,2194832,18832,34359738367,268448,16244,6928,9316,108,195781836,193036144,2745692,156,157216,2100464,9624,197350716,194524080,2826636,128,2199504,94368,9208
2026-08-27T19:14:45.988703,393132552,387558884,389680184,284,2368568,2194832,18832,34359738367,268384,16244,6928,9316,108,195781836,193036184,2745652,156,157272,2100464,9624,197350716,194522700,2828016,128,2211296,94368,9208
2026-08-27T19:14:46.489735,393132552,387556912,389684104,284,2371724,2194832,18832,34359738367,268464,16244,6928,9316,108,195781836,193036184,2745652,156,157232,2100464,9624,197350716,194520728,2829988,128,2214492,94368,9208
2026-08-27T19:14:46.990718,393132552,387556032,389683472,244,2372164,2194832,18832,34359738367,268464,16244,6928,9316,108,195781836,193036184,2745652,156,157300,2100464,9624,197350716,194519848,2830868,88,2214864,94368,9208
2026-08-27T19:14:47.491698,393132552,387556000,389683592,244,2371920,2194832,18832,34359738367,268416,16244,6928,9316,108,195781836,193036184,2745652,156,157164,2100464,9624,197350716,194519816,2830900,88,2214756,94368,9208
2026-08-27T19:14:47.992488,393132552,387554544,389682252,248,2372108,2194832,18832,34359738367,268464,16244,6928,9316,108,195781836,193036184,2745652,156,157260,2100464,9624,197350716,194518360,2832356,92,2214848,94368,9208
2026-08-27T19:14:48.493523,393132552,387553532,389681240,248,2371996,2194832,18832,34359738367,268480,16244,6928,9316,108,195781836,193036184,2745652,156,157204,2100464,9624,197350716,194517348,2833368,92,2214792,94368,9208
2026-08-27T19:14:48.994518,393132552,387553860,389681568,252,2372132,2194832,18832,34359738367,268416,16244,6928,9316,108,195781836,193036288,2745548,156,157272,2100464,9624,197350716,194517572,2833144,96,2214860,94368,9208
2026-08-27T19:14:49.495320,393132552,387553884,389681700,252,2372072,2194832,18832,34359738367,268464,16244,6928,9316,108,195781836,193036360,2745476,156,157244,2100464,9624,197350716,194517524,2833192,96,2214828,94368,9208
2026-08-27T19:14:49.996435,393132552,387554148,389681964,268,2372184,2194832,18832,34359738367,267536,16244,6928,9316,108,195781836,193036552,2745284,168,157300,2100464,9624,197350716,194517596,2833120,100,2214884,94368,9208
2026-08-27T19:14:50.497312,393132552,387553040,389681592,268,2372488,2194832,18832,34359738367,268432,16244,6928,9316,108,195781836,193036648,2745188,168,157092,2100464,9624,197350716,194516392,2834324,100,2215396,94368,9208
2026-08-27T19:14:50.997992,393132552,387553460,389683192,272,2373468,2194832,18832,34359738367,267856,16244,6928,9316,108,195781836,193036876,2744960,168,157088,2100464,9624,197350716,194516584,2834132,104,2216380,94368,9208
2026-08-27T19:14:51.498672,393132552,387553020,389683364,280,2374272,2194832,18832,34359738367,268416,16244,6928,9316,108,195781836,193036876,2744960,176,157132,2100464,9624,197350716,194516144,2834572,104,2217140,94368,9208
2026-08-27T19:14:51.999651,393132552,387553124,389683528,284,2373812,2194832,18604,34359738367,268416,16244,6928,9316,108,195781836,193036876,2744960,176,157084,2100464,9624,197350716,194516248,2834468,108,2216728,94368,8980
2026-08-27T19:14:52.500617,393132552,387553748,389684212,160,2374208,2194832,18832,34359738367,268352,16244,6928,9316,108,195781836,193036908,2744928,160,157168,2100464,9624,197350716,194516840,2833876,0,2217040,94368,9208
2026-08-27T19:14:53.001656,393132552,387554244,389684712,188,2374400,2194832,18832,34359738367,268448,16244,6928,9316,108,195781836,193037068,2744768,168,157268,2100464,9624,197350716,194517176,2833540,20,2217132,94368,9208
2026-08-27T19:14:53.502641,393132552,387555084,389685552,188,2374224,2194832,18832,34359738367,268480,16244,6928,9316,108,195781836,193037236,2744600,168,157192,2100464,9624,197350716,194517848,2832868,20,2217032,94368,9208
2026-08-27T19:14:54.003609,393132552,387555180,389685816,188,2374348,2194832,18832,34359738367,268400,16244,6928,9316,108,195781836,193037236,2744600,168,157256,2100464,9624,197350716,194517944,2832772,20,2217092,94368,9208
2026-08-27T19:14:54.504388,393132552,387553824,389684468,188,2374116,2194832,18832,34359738367,268480,16244,6928,9316,108,195781836,193037236,2744600,168,157120,2100464,9624,197350716,194516588,2834128,20,2216996,94368,9208
2026-08-27T19:14:55.005412,393132552,387554128,389684772,192,2374252,2194832,18832,34359738367,268448,16244,6928,9316,108,195781836,193037236,2744600,168,157184,2100464,9624,197350716,194516892,2833824,24,2217068,94368,9208
2026-08-27T19:14:55.506417,393132552,387555516,389686376,196,2373980,2194832,18604,34359738367,268400,16244,6928,9316,108,195781836,193037096,2744740,172,157168,2100464,9624,197350716,194518420,2832296,24,2216812,94368,8980
2026-08-27T19:14:56.007407,393132552,387555848,389686724,164,2374168,2194832,18832,34359738367,268448,16244,6928,9316,108,195781836,193037112,2744724,136,157140,2100464,9624,197350716,194518736,2831980,28,2217028,94368,9208
2026-08-27T19:14:56.508375,393132552,387557392,389688364,172,2374288,2194832,18832,34359738367,267472,16244,6928,9316,108,195781836,193036884,2744952,144,157208,2100464,9624,197350716,194520508,2830208,28,2217080,94368,9208
2026-08-27T19:14:57.009155,393132552,387554616,389685588,176,2374200,2194832,18832,34359738367,268416,16244,6928,9316,108,195781836,193036884,2744952,144,157160,2100464,9624,197350716,194517732,2832984,32,2217040,94368,9208
2026-08-27T19:14:57.510186,393132552,387556112,389687152,176,2374356,2194832,18832,34359738367,268448,16244,6928,9316,108,195781836,193037136,2744700,144,157240,2100464,9624,197350716,194518976,2831740,32,2217116,94368,9208
2026-08-27T19:14:58.011143,393132552,387557368,389688496,180,2374176,2194832,18832,34359738367,267520,16244,6928,9316,108,195781836,193037136,2744700,144,157160,2100464,9624,197350716,194520232,2830484,36,2217016,94368,9208
2026-08-27T19:14:58.511944,393132552,387557340,389688468,180,2374372,2194832,18832,34359738367,268432,16244,6928,9316,108,195781836,193037164,2744672,144,157260,2100464,9624,197350716,194520176,2830540,36,2217112,94368,9208
2026-08-27T19:14:59.012938,393132552,387560380,389691508,192,2374124,2194832,18832,34359738367,268448,16244,6928,9316,108,195781836,193037164,2744672,144,157120,2100464,9624,197350716,194523216,2827500,48,2217004,94368,9208
2026-08-27T19:14:59.513953,393132552,387563524,389694652,192,2374260,2194832,18832,34359738367,267664,16244,6928,9316,108,195781836,193037164,2744672,144,157192,2100464,9624,197350716,194526360,2824356,48,2217068,94368,9208
2026-08-27T19:15:00.014668,393132552,387567632,389698816,196,2374192,2194832,18836,34359738367,268432,16244,6928,9316,108,195781836,193037164,2744672,144,157156,2100464,9624,197350716,194530468,2820248,52,2217036,94368,9212
2026-08-27T19:15:00.515624,393132552,387572292,389703548,104,2374336,2194832,18836,34359738367,268448,16244,6928,9316,108,195781836,193037172,2744664,52,157228,2100464,9624,197350716,194535120,2815596,52,2217108,94368,9212
2026-08-27T19:15:01.016571,393132552,387578144,389709524,112,2374228,2194832,18840,34359738367,267984,16244,6928,9316,108,195781836,193037208,2744628,56,157168,2100464,9624,197350716,194540936,2809780,56,2217060,94368,9216
2026-08-27T19:15:01.517292,393132552,387582000,389713884,112,2374288,2194832,18844,34359738367,268416,16244,6928,9316,108,195781836,193036200,2745636,56,157260,2100464,9620,197350716,194545800,2804916,56,2217028,94368,9224
2026-08-27T19:15:02.018274,393132552,387583516,389715488,112,2374104,2194832,18896,34359738367,268448,16244,6928,9316,108,195781836,193036200,2745636,56,157120,2100464,9664,197350716,194547316,2803400,56,2216984,94368,9232
2026-08-27T19:15:02.519254,393132552,387584720,389717464,284,2374244,2194836,18848,34359738367,268208,16244,6928,9316,108,195781836,193035952,2745884,216,157180,2100468,9624,197350716,194548768,2801948,68,2217064,94368,9224
2026-08-27T19:15:03.021267,393132552,387584664,389717472,296,2374196,2194836,18852,34359738367,268432,16244,6928,9316,108,195781836,193036012,2745824,216,157156,2100468,9624,197350716,194548652,2802064,80,2217040,94368,9228
2026-08-27T19:15:03.522249,393132552,387583408,389716216,296,2374320,2194836,18852,34359738367,268448,16244,6928,9316,108,195781836,193036012,2745824,216,157220,2100468,9624,197350716,194547396,2803320,80,2217100,94368,9228
2026-08-27T19:15:04.023218,393132552,387583396,389716204,300,2374212,2194836,18856,34359738367,268256,16244,6928,9316,108,195781836,193036012,2745824,216,157160,2100468,9624,197350716,194547384,2803332,84,2217052,94368,9232
2026-08-27T19:15:04.525280,393132552,387584916,389717752,300,2374396,2194836,18856,34359738367,268432,16244,6928,9316,108,195781836,193036080,2745756,216,157256,2100468,9624,197350716,194548836,2801880,84,2217140,94368,9232
2026-08-27T19:15:05.026255,393132552,387583312,389716148,312,2374072,2194836,18864,34359738367,268448,16244,6928,9316,108,195781836,193036080,2745756,216,157088,2100468,9624,197350716,194547232,2803484,96,2216984,94368,9240
2026-08-27T19:15:05.527364,393132552,387584332,389717204,312,2374240,2194836,18864,34359738367,268384,16244,6928,9316,108,195781836,193036080,2745756,216,157176,2100468,9624,197350716,194548252,2802464,96,2217064,94368,9240
2026-08-27T19:15:06.028317,393132552,387583956,389716876,356,2374184,2194836,18868,34359738367,268432,16244,6928,9316,108,195781836,193036084,2745752,256,157148,2100468,9624,197350716,194547872,2802844,100,2217036,94368,9244
2026-08-27T19:15:06.529301,393132552,387583268,389716188,356,2374304,2194836,18868,34359738367,268448,16244,6928,9316,108,195781836,193036084,2745752,256,157212,2100468,9624,197350716,194547184,2803532,100,2217092,94368,9244
2026-08-27T19:15:07.030261,393132552,387583628,389716548,360,2374208,2194836,18872,34359738367,268400,16244,6928,9316,108,195781836,193036084,2745752,256,157160,2100468,9624,197350716,194547544,2803172,104,2217048,94368,9248
2026-08-27T19:15:07.531222,393132552,387582812,389715732,360,2374376,2194836,18872,34359738367,268448,16244,6928,9316,108,195781836,193036084,2745752,256,157244,2100468,9624,197350716,194546728,2803988,104,2217132,94368,9248
2026-08-27T19:15:08.032188,393132552,387582416,389715372,372,2374200,2194836,18856,34359738367,268464,16244,6928,9316,108,195781836,193036108,2745728,264,157168,2100468,9624,197350716,194546308,2804408,108,2217032,94368,9232
2026-08-27T19:15:08.533138,393132552,387583324,389716348,372,2374384,2194836,18856,34359738367,268400,16244,6928,9316,108,195781836,193036108,2745728,264,157264,2100468,9624,197350716,194547216,2803500,108,2217120,94368,9232
2026-08-27T19:15:09.033926,393132552,387581944,389714968,372,2374164,2194836,18884,34359738367,268448,16244,6928,9316,108,195781836,193036108,2745728,264,157136,2100468,9624,197350716,194545836,2804880,108,2217028,94368,9260
2026-08-27T19:15:09.534975,393132552,387582000,389715024,372,2374280,2194836,18884,34359738367,268432,16244,6928,9316,108,195781836,193036108,2745728,264,157200,2100468,9624,197350716,194545892,2804824,108,2217080,94368,9260
2026-08-27T19:15:10.035905,393132552,387582372,389715420,384,2373976,2194836,18660,34359738367,268400,16244,6928,9316,108,195781836,193036108,2745728,264,157160,2100468,9624,197350716,194546264,2804452,120,2216816,94368,9036
2026-08-27T19:15:10.536876,393132552,387581412,389714472,384,2374116,2194836,18892,34359738367,268432,16244,6928,9316,108,195781836,193036140,2745696,264,157108,2100468,9624,197350716,194545272,2805444,120,2217008,94368,9268
2026-08-27T19:15:11.037904,393132552,387582644,389715704,388,2374244,2194836,18892,34359738367,267536,16244,6928,9316,108,195781836,193036140,2745696,264,157172,2100468,9624,197350716,194546504,2804212,124,2217072,94368,9268
2026-08-27T19:15:11.538705,393132552,387582492,389715564,392,2374192,2194836,18896,34359738367,268416,16244,6928,9316,108,195781836,193036140,2745696,268,157152,2100468,9624,197350716,194546352,2804364,124,2217040,94368,9272
2026-08-27T19:15:12.039678,393132552,387581908,389714992,396,2374364,2194836,18896,34359738367,268448,16244,6928,9316,108,195781836,193036152,2745684,268,157248,2100468,9624,197350716,194545756,2804960,128,2217116,94368,9272
2026-08-27T19:15:12.540650,393132552,387581844,389714972,396,2374260,2194836,18900,34359738367,267568,16244,6928,9316,108,195781836,193036152,2745684,268,157192,2100468,9624,197350716,194545692,2805024,128,2217068,94368,9276
2026-08-27T19:15:13.041368,393132552,387580740,389713876,400,2374212,2194836,18900,34359738367,268400,16244,6928,9316,108,195781836,193036152,2745684,268,157164,2100468,9624,197350716,194544588,2806128,132,2217048,94368,9276
2026-08-27T19:15:13.542348,393132552,387581036,389714212,348,2374344,2194836,18900,34359738367,268432,16244,6928,9316,108,195781836,193035904,2745932,224,157232,2100468,9624,197350716,194545132,2805584,124,2217112,94368,9276
2026-08-27T19:15:14.043298,393132552,387582116,389715304,348,2374232,2194836,18904,34359738367,267664,16244,6928,9316,108,195781836,193035932,2745904,224,157176,2100468,9624,197350716,194546184,2804532,124,2217056,94368,9280
2026-08-27T19:15:14.545267,393132552,387581984,389715248,348,2374416,2194836,18904,34359738367,268432,16244,6928,9316,108,195781836,193035936,2745900,224,157268,2100468,9624,197350716,194546048,2804668,124,2217148,94368,9280
2026-08-27T19:15:15.046225,393132552,387581016,389714340,352,2374344,2194836,18908,34359738367,268448,16244,6928,9316,108,195781836,193035936,2745900,224,157232,2100468,9624,197350716,194545080,2805636,128,2217112,94368,9284
2026-08-27T19:15:15.547170,393132552,387581480,389714804,352,2374488,2194836,18908,34359738367,267872,16244,6928,9316,108,195781836,193035936,2745900,224,157304,2100468,9624,197350716,194545544,2805172,128,2217184,94368,9284
2026-08-27T19:15:16.047895,393132552,387580176,389713560,392,2374240,2194836,18916,34359738367,268432,16244,6928,9316,108,195781836,193035936,2745900,252,157160,2100468,9624,197350716,194544240,2806476,140,2217080,94368,9292
2026-08-27T19:15:16.548895,393132552,387580040,389713448,392,2374388,2194836,18916,34359738367,268448,16244,6928,9316,108,195781836,193035936,2745900,252,157220,2100468,9624,197350716,194544104,2806612,140,2217168,94368,9292
2026-08-27T19:15:17.049907,393132552,387580780,389714204,396,2374276,2194836,18920,34359738367,267984,16244,6928,9316,108,195781836,193035960,2745876,252,157160,2100468,9624,197350716,194544820,2805896,144,2217116,94368,9296
2026-08-27T19:15:17.550642,393132552,387580120,389713544,396,2374476,2194836,18920,34359738367,268432,16244,6928,9316,108,195781836,193035960,2745876,252,157264,2100468,9624,197350716,194544160,2806556,144,2217212,94368,9296
2026-08-27T19:15:18.051616,393132552,387579584,389713008,400,2374400,2194836,18924,34359738367,268448,16244,6928,9316,108,195781836,193035968,2745868,252,157224,2100468,9624,197350716,194543616,2807100,148,2217176,94368,9300
2026-08-27T19:15:18.552578,393132552,387580352,389713776,396,2374544,2194836,18924,34359738367,268192,16244,6928,9316,108,195781836,193035968,2745868,248,157296,2100468,9624,197350716,194544384,2806332,148,2217248,94368,9300
2026-08-27T19:15:19.053346,393132552,387579460,389712884,400,2374048,2194836,18704,34359738367,268432,16244,6928,9316,108,195781836,193035992,2745844,248,157160,2100468,9624,197350716,194543468,2807248,152,2216888,94368,9080
2026-08-27T19:15:19.554327,393132552,387578120,389711544,408,2374156,2194836,18704,34359738367,268448,16244,6928,9316,108,195781836,193035992,2745844,256,157212,2100468,9624,197350716,194542128,2808588,152,2216944,94368,9080
2026-08-27T19:15:20.055276,393132552,387579184,389712616,412,2374288,2194836,18936,34359738367,268368,16244,6928,9316,108,195781836,193035992,2745844,256,157164,2100468,9624,197350716,194543192,2807524,156,2217124,94368,9312
2026-08-27T19:15:20.556059,393132552,387579748,389713180,416,2374452,2194836,18936,34359738367,268448,16244,6928,9316,108,195781836,193035992,2745844,260,157248,2100468,9624,197350716,194543756,2806960,156,2217204,94368,9312
2026-08-27T19:15:21.057035,393132552,387579312,389712800,432,2374360,2194836,18940,34359738367,268448,16244,6928,9316,108,195781836,193036000,2745836,260,157200,2100468,9624,197350716,194543312,2807404,172,2217160,94368,9316
2026-08-27T19:15:21.558079,393132552,387580052,389713528,432,2374532,2194836,18940,34359738367,268304,16244,6928,9316,108,195781836,193036252,2745584,260,157288,2100468,9624,197350716,194543800,2806916,172,2217244,94368,9316
2026-08-27T19:15:22.059045,393132552,387579808,389713284,440,2374436,2194836,18924,34359738367,268368,16244,6928,9316,108,195781836,193036252,2745584,260,157248,2100468,9624,197350716,194543556,2807160,180,2217188,94368,9300
2026-08-27T19:15:22.560036,393132552,387578988,389712468,440,2374548,2194836,18924,34359738367,268368,16244,6928,9316,108,195781836,193036252,2745584,260,157308,2100468,9624,197350716,194542736,2807980,180,2217240,94368,9300
2026-08-27T19:15:23.061016,393132552,387579356,389712836,444,2374296,2194836,18952,34359738367,268320,16244,6928,9316,108,195781836,193036252,2745584,260,157164,2100468,9624,197350716,194543104,2807612,184,2217132,94368,9328
2026-08-27T19:15:23.561847,393132552,387579128,389712608,268,2374440,2194836,18952,34359738367,268368,16244,6928,9316,108,195781836,193036252,2745584,244,157244,2100468,9624,197350716,194542876,2807840,24,2217196,94368,9328
2026-08-27T19:15:24.062839,393132552,387578104,389711584,276,2374348,2194836,18956,34359738367,268384,16244,6928,9316,108,195781836,193036252,2745584,244,157200,2100468,9624,197350716,194541852,2808864,32,2217148,94368,9332
2026-08-27T19:15:24.563828,393132552,387578776,389712256,284,2374516,2194836,18956,34359738367,268320,16244,6928,9316,108,195781836,193036252,2745584,252,157280,2100468,9624,197350716,194542524,2808192,32,2217236,94368,9332
2026-08-27T19:15:25.064601,393132552,387577076,389710556,288,2374480,2194836,18960,34359738367,268368,16244,6928,9316,108,195781836,193036252,2745584,252,157252,2100468,9624,197350716,194540824,2809892,36,2217228,94368,9336
2026-08-27T19:15:25.565614,393132552,387577252,389710732,288,2374596,2194836,18960,34359738367,268400,16244,6928,9316,108,195781836,193036284,2745552,252,157312,2100468,9624,197350716,194540968,2809748,36,2217284,94368,9336
2026-08-27T19:15:26.066559,393132552,387577828,389711308,292,2374296,2194836,18968,34359738367,268336,16244,6928,9316,108,195781836,193036284,2745552,252,157164,2100468,9624,197350716,194541544,2809172,40,2217132,94368,9344
2026-08-27T19:15:26.567555,393132552,387577456,389710936,288,2374420,2194836,18968,34359738367,268368,16244,6928,9316,108,195781836,193036284,2745552,248,157232,2100468,9624,197350716,194541172,2809544,40,2217188,94368,9344
2026-08-27T19:15:27.068525,393132552,387577604,389711084,316,2374320,2194836,18972,34359738367,267424,16244,6928,9316,108,195781836,193036284,2745552,272,157180,2100468,9624,197350716,194541320,2809396,44,2217140,94368,9348
2026-08-27T19:15:27.569277,393132552,387576716,389710196,316,2374500,2194836,18972,34359738367,268336,16244,6928,9316,108,195781836,193036284,2745552,272,157272,2100468,9624,197350716,194540432,2810284,44,2217228,94368,9348
2026-08-27T19:15:28.070259,393132552,387576416,389709968,332,2374472,2194836,18976,34359738367,268368,16244,6928,9316,108,195781836,193036284,2745552,272,157260,2100468,9624,197350716,194540132,2810584,60,2217212,94368,9352
2026-08-27T19:15:28.571212,393132552,387576876,389710428,332,2374584,2194836,18976,34359738367,267456,16244,6928,9316,108,195781836,193036284,2745552,272,157312,2100468,9624,197350716,194540592,2810124,60,2217272,94368,9352
2026-08-27T19:15:29.072039,393132552,387576472,389710024,336,2374296,2194836,18984,34359738367,268352,16244,6928,9316,108,195781836,193036284,2745552,272,157168,2100468,9624,197350716,194540188,2810528,64,2217128,94368,9360
2026-08-27T19:15:29.573038,393132552,387575940,389709492,336,2374412,2194840,18984,34359738367,268368,16244,6928,9316,108,195781836,193036284,2745552,272,157228,2100472,9624,197350716,194539656,2811060,64,2217184,94368,9360
2026-08-27T19:15:30.074035,393132552,387576748,389710300,340,2374312,2194840,18988,34359738367,267520,16244,6928,9316,108,195781836,193036284,2745552,276,157176,2100472,9624,197350716,194540464,2810252,64,2217136,94368,9364
2026-08-27T19:15:30.574728,393132552,387575432,389708984,348,2374492,2194840,18988,34359738367,268352,16244,6928,9316,108,195781836,193036292,2745544,284,157268,2100472,9624,197350716,194539140,2811576,64,2217224,94368,9364
2026-08-27T19:15:31.075694,393132552,387574848,389708400,352,2374440,2194840,18992,34359738367,268368,16244,6928,9316,108,195781836,193036292,2745544,284,157240,2100472,9624,197350716,194538556,2812160,68,2217200,94368,9368
2026-08-27T19:15:31.576670,393132552,387575024,389708576,352,2374564,2194840,18992,34359738367,267888,16244,6928,9316,108,195781836,193036292,2745544,284,157304,2100472,9624,197350716,194538732,2811984,68,2217260,94368,9368
2026-08-27T19:15:32.077430,393132552,387574856,389708412,356,2374300,2194840,19000,34359738367,268352,16244,6928,9316,108,195781836,193036404,2745432,284,157176,2100472,9624,197350716,194538452,2812264,72,2217124,94368,9376
2026-08-27T19:15:32.578423,393132552,387574176,389707732,196,2374404,2194840,19000,34359738367,268368,16244,6928,9316,108,195781836,193036404,2745432,136,157224,2100472,9624,197350716,194537772,2812944,60,2217180,94368,9376
2026-08-27T19:15:33.079380,393132552,387574676,389708232,200,2374308,2194840,19004,34359738367,267872,16244,6928,9316,108,195781836,193036404,2745432,136,157172,2100472,9624,197350716,194538272,2812444,64,2217136,94368,9380
2026-08-27T19:15:33.580119,393132552,387575500,389709080,200,2374480,2194840,19004,34359738367,268352,16244,6928,9316,108,195781836,193036404,2745432,136,157260,2100472,9624,197350716,194539096,2811620,64,2217220,94368,9380
2026-08-27T19:15:34.081117,393132552,387575444,389709048,212,2374408,2194840,19008,34359738367,268368,16244,6928,9316,108,195781836,193036404,2745432,136,157224,2100472,9624,197350716,194539040,2811676,76,2217184,94368,9384
2026-08-27T19:15:34.582128,393132552,387575876,389709480,212,2374544,2194840,19008,34359738367,268128,16244,6928,9316,108,195781836,193036404,2745432,136,157296,2100472,9624,197350716,194539472,2811244,76,2217248,94368,9384
2026-08-27T19:15:35.083059,393132552,387576608,389710212,216,2374276,2194840,19224,34359738367,268320,16244,6928,9316,108,195781836,193036404,2745432,136,157156,2100472,9624,197350716,194540204,2810512,80,2217120,94368,9600
2026-08-27T19:15:35.585269,393132552,387577008,389710612,216,2374384,2194840,19224,34359738367,268352,16244,6928,9316,108,195781836,193036404,2745432,136,157212,2100472,9624,197350716,194540604,2810112,80,2217172,94368,9600
2026-08-27T19:15:36.086238,393132552,387577264,389710876,132,2374312,2194840,19020,34359738367,268192,16244,6928,9316,108,195781836,193036404,2745432,52,157176,2100472,9624,197350716,194540860,2809856,80,2217136,94368,9396
2026-08-27T19:15:36.587026,393132552,387578152,389711764,132,2374464,2194840,19020,34359738367,268352,16244,6928,9316,108,195781836,193036404,2745432,52,157256,2100472,9624,197350716,194541748,2808968,80,2217208,94368,9396
2026-08-27T19:15:37.088016,393132552,387578368,389711992,160,2374148,2194840,19028,34359738367,268368,16244,6928,9316,108,195781836,193036404,2745432,76,157096,2100472,9624,197350716,194541964,2808752,84,2217052,94368,9404
2026-08-27T19:15:37.588972,393132552,387579004,389712628,160,2374296,2194840,19028,34359738367,268288,16244,6928,9316,108,195781836,193036152,2745684,76,157168,2100472,9624,197350716,194542852,2807864,84,2217128,94368,9404
2026-08-27T19:15:38.089785,393132552,387578572,389712196,164,2374264,2194840,19032,34359738367,268368,16244,6928,9316,108,195781836,193036176,2745660,76,157148,2100472,9624,197350716,194542396,2808320,88,2217116,94368,9408
2026-08-27T19:15:38.590779,393132552,387578140,389711764,164,2374372,2194840,19032,34359738367,268368,16244,6928,9316,108,195781836,193036176,2745660,76,157204,2100472,9624,197350716,194541964,2808752,88,2217168,94368,9408
2026-08-27T19:15:39.094051,393132552,387578772,389712424,172,2374312,2194840,19036,34359738367,268256,16244,6928,9316,108,195781836,193036176,2745660,80,157176,2100472,9624,197350716,194542596,2808120,92,2217136,94368,9412
2026-08-27T19:15:39.595014,393132552,387577892,389711544,180,2374208,2194840,19040,34359738367,268352,16244,6928,9316,108,195781836,193036176,2745660,80,157120,2100472,9624,197350716,194541716,2809000,100,2217088,94368,9416
2026-08-27T19:15:40.096000,393132552,387578492,389712144,192,2374368,2194840,19040,34359738367,268336,16244,6928,9316,108,195781836,193036176,2745660,80,157192,2100472,9624,197350716,194542316,2808400,112,2217176,94368,9416
2026-08-27T19:15:40.596971,393132552,387578908,389712564,192,2374048,2194840,18816,34359738367,268272,16244,6928,9316,108,195781836,193036176,2745660,80,157156,2100472,9624,197350716,194542732,2807984,112,2216892,94368,9192
2026-08-27T19:15:41.098008,393132552,387577728,389711384,196,2374252,2194840,19040,34359738367,268368,16244,6928,9316,108,195781836,193036176,2745660,80,157144,2100472,9624,197350716,194541552,2809164,116,2217108,94368,9416
2026-08-27T19:15:41.599003,393132552,387576824,389710480,196,2374364,2194840,19040,34359738367,268384,16244,6928,9316,108,195781836,193036176,2745660,80,157196,2100472,9624,197350716,194540648,2810068,116,2217168,94368,9416
2026-08-27T19:15:42.100014,393132552,387576960,389710688,212,2374328,2194840,19040,34359738367,268320,16244,6928,9316,108,195781836,193036200,2745636,92,157180,2100472,9624,197350716,194540760,2809956,120,2217148,94368,9416
2026-08-27T19:15:42.600805,393132552,387576760,389710488,212,2374440,2194840,19040,34359738367,268368,16244,6928,9316,108,195781836,193036204,2745632,92,157236,2100472,9624,197350716,194540556,2810160,120,2217204,94368,9416
2026-08-27T19:15:43.101833,393132552,387577540,389711268,212,2374344,2194840,19040,34359738367,267920,16244,6928,9316,108,195781836,193036208,2745628,92,157188,2100472,9624,197350716,194541332,2809384,120,2217156,94368,9416
2026-08-27T19:15:43.602769,393132552,387577960,389711688,212,2374512,2194840,19040,34359738367,268336,16244,6928,9316,108,195781836,193036208,2745628,92,157272,2100472,9624,197350716,194541752,2808964,120,2217240,94368,9416
2026-08-27T19:15:44.103764,393132552,387576312,389710056,164,2374460,2194840,19040,34359738367,268368,16244,6928,9316,108,195781836,193035956,2745880,40,157244,2100472,9624,197350716,194540356,2810360,124,2217216,94368,9416
2026-08-27T19:15:44.604744,393132552,387576668,389710412,172,2374560,2194840,19040,34359738367,267984,16244,6928,9316,108,195781836,193035960,2745876,44,157296,2100472,9624,197350716,194540708,2810008,128,2217264,94368,9416
2026-08-27T19:15:45.105522,393132552,387576484,389710228,176,2374316,2194840,19040,34359738367,268352,16244,6928,9316,108,195781836,193035960,2745876,44,157164,2100472,9624,197350716,194540524,2810192,132,2217152,94368,9416
2026-08-27T19:15:45.606515,393132552,387576356,389710112,176,2374400,2194840,19040,34359738367,268368,16244,6928,9316,108,195781836,193035960,2745876,44,157212,2100472,9624,197350716,194540396,2810320,132,2217188,94368,9416
2026-08-27T19:15:46.107481,393132552,387576672,389710428,188,2374328,2194840,19040,34359738367,268112,16244,6928,9316,108,195781836,193035960,2745876,44,157176,2100472,9624,197350716,194540712,2810004,144,2217152,94368,9416
2026-08-27T19:15:46.608226,393132552,387576240,389709996,188,2374476,2194840,19040,34359738367,268352,16244,6928,9316,108,195781836,193035960,2745876,44,157252,2100472,9624,197350716,194540280,2810436,144,2217224,94368,9416
2026-08-27T19:15:47.109260,393132552,387575672,389709448,220,2374364,2194840,19040,34359738367,268368,16244,6928,9316,108,195781836,193035960,2745876,72,157204,2100472,9624,197350716,194539712,2811004,148,2217160,94368,9416
2026-08-27T19:15:47.610253,393132552,387576612,389710388,224,2374496,2194840,19040,34359738367,268128,16244,6928,9316,108,195781836,193036216,2745620,76,157272,2100472,9624,197350716,194540396,2810320,148,2217224,94368,9416
2026-08-27T19:15:48.111007,393132552,387574152,389707932,228,2374312,2194840,19040,34359738367,268352,16244,6928,9316,108,195781836,193036220,2745616,76,157164,2100472,9624,197350716,194537932,2812784,152,2217148,94368,9416
2026-08-27T19:15:48.611997,393132552,387574616,389708396,228,2374388,2194840,19040,34359738367,268368,16244,6928,9316,108,195781836,193036220,2745616,76,157208,2100472,9624,197350716,194538396,2812320,152,2217180,94368,9416
2026-08-27T19:15:49.112957,393132552,387575248,389709028,232,2374332,2194840,19040,34359738367,268272,16244,6928,9316,108,195781836,193036220,2745616,76,157176,2100472,9624,197350716,194539028,2811688,156,2217156,94368,9416
2026-08-27T19:15:49.613760,393132552,387574880,389708660,232,2374460,2194840,19040,34359738367,268352,16244,6928,9316,108,195781836,193036220,2745616,76,157240,2100472,9624,197350716,194538660,2812056,156,2217220,94368,9416
2026-08-27T19:15:50.114750,393132552,387575768,389709548,236,2374400,2194840,19040,34359738367,268368,16244,6928,9316,108,195781836,193036220,2745616,76,157208,2100472,9624,197350716,194539548,2811168,160,2217192,94368,9416
2026-08-27T19:15:50.615717,393132552,387576168,389709952,236,2374528,2194840,19040,34359738367,268304,16244,6928,9316,108,195781836,193036220,2745616,76,157280,2100472,9624,197350716,194539948,2810768,160,2217248,94368,9416
2026-08-27T19:15:51.116680,393132552,387574916,389708700,236,2374272,2194840,19040,34359738367,268368,16244,6928,9316,108,195781836,193036300,2745536,76,157148,2100472,9624,197350716,194538616,2812100,160,2217124,94368,9416
2026-08-27T19:15:51.617707,393132552,387574372,389708164,236,2374372,2194840,19040,34359738367,268384,16244,6928,9316,108,195781836,193036300,2745536,76,157200,2100472,9624,197350716,194538072,2812644,160,2217172,94368,9416
2026-08-27T19:15:52.118662,393132552,387574880,389708672,248,2374340,2194840,19040,34359738367,268320,16244,6928,9316,108,195781836,193036300,2745536,76,157180,2100472,9624,197350716,194538580,2812136,172,2217160,94368,9416
2026-08-27T19:15:52.619454,393132552,387573528,389707320,248,2374448,2194840,19040,34359738367,268368,16244,6928,9316,108,195781836,193036300,2745536,76,157232,2100472,9624,197350716,194537228,2813488,172,2217216,94368,9416
2026-08-27T19:15:53.120445,393132552,387573008,389706800,260,2374368,2194840,19040,34359738367,268384,16244,6928,9316,108,195781836,193036300,2745536,84,157184,2100472,9624,197350716,194536708,2814008,176,2217184,94368,9416
2026-08-27T19:15:53.621488,393132552,387573836,389707628,260,2374520,2194840,19040,34359738367,268336,16244,6928,9316,108,195781836,193036300,2745536,84,157272,2100472,9624,197350716,194537536,2813180,176,2217248,94368,9416
2026-08-27T19:15:54.122463,393132552,387573308,389707164,268,2374260,2194840,19040,34359738367,268368,16244,6928,9316,108,195781836,193036324,2745512,84,157140,2100472,9624,197350716,194536984,2813732,184,2217120,94368,9416
2026-08-27T19:15:54.623422,393132552,387573820,389707676,120,2374360,2194840,19040,34359738367,267376,16244,6928,9316,108,195781836,193036324,2745512,72,157188,2100472,9624,197350716,194537496,2813220,48,2217172,94368,9416
2026-08-27T19:15:55.124334,393132552,387573016,389706872,124,2374340,2194840,19040,34359738367,268336,16244,6928,9316,108,195781836,193036324,2745512,72,157180,2100472,9624,197350716,194536692,2814024,52,2217160,94368,9416
2026-08-27T19:15:55.625365,393132552,387573812,389707668,124,2374432,2194840,19040,34359738367,268368,16244,6928,9316,108,195781836,193036324,2745512,72,157228,2100472,9624,197350716,194537488,2813228,52,2217204,94368,9416
2026-08-27T19:15:56.126315,393132552,387574740,389708596,128,2374356,2194840,19040,34359738367,267456,16244,6928,9316,108,195781836,193036324,2745512,72,157184,2100472,9624,197350716,194538416,2812300,56,2217172,94368,9416
2026-08-27T19:15:56.626996,393132552,389377716,389723884,128,570612,405136,19040,34359738367,267376,16244,6928,9316,108,195781836,193036324,2745512,72,157224,310264,9624,197350716,196341392,1009324,56,411876,94368,9416
2026-08-27T19:15:57.129224,393132552,389762392,389908912,128,146976,169524,9820,34359738367,266272,16244,6928,9316,108,195781836,193090756,2691080,72,97628,81768,5172,197350716,196671636,679080,56,49348,87756,4648
2026-08-27T19:15:57.630019,393132552,389709116,389876804,132,175304,182124,9820,34359738367,266272,16244,6928,9316,108,195781836,193090756,2691080,76,97676,82272,5172,197350716,196618360,732356,56,77628,99852,4648
2026-08-27T19:15:58.130740,393132552,391777000,390256516,0,177980,185048,9448,34359738367,266256,16244,6928,9316,108,195781836,195114528,667308,0,96188,82164,4716,197350716,196662472,688244,0,81792,102884,4732
2026-08-27T19:15:58.631624,393132552,391777928,390256732,76,177980,185048,9448,34359738367,266256,16244,6928,9316,108,195781836,195115056,666780,76,96188,82164,4716,197350716,196662872,687844,0,81792,102884,4732
2026-08-27T19:15:59.132149,393132552,391780760,390258652,80,177980,185048,9432,34359738367,266256,16244,6928,9316,108,195781836,195115344,666492,76,96188,82164,4716,197350716,196665416,685300,4,81792,102884,4716
2026-08-27T19:15:59.632970,393132552,391780856,390258748,84,177980,185048,9432,34359738367,266256,16244,6928,9316,108,195781836,195115344,666492,76,96188,82164,4716,197350716,196665512,685204,8,81792,102884,4716
2026-08-27T19:16:00.133745,393132552,391783624,390261516,84,177980,185048,9432,34359738367,266256,16244,6928,9316,108,195781836,195115360,666476,76,96188,82164,4716,197350716,196668264,682452,8,81792,102884,4716
2026-08-27T19:16:00.634497,393132552,391783816,390261708,88,177980,185048,9432,34359738367,266256,16244,6928,9316,108,195781836,195115536,666300,76,96188,82164,4716,197350716,196668280,682436,12,81792,102884,4716
2026-08-27T19:16:01.135158,393132552,391786216,390264108,88,177980,185048,9432,34359738367,266256,16244,6928,9316,108,195781836,195116296,665540,76,96188,82164,4716,197350716,196669920,680796,12,81792,102884,4716
2026-08-27T19:16:01.635790,393132552,391786216,390264604,88,177980,185048,9432,34359738367,266256,16244,6928,9316,108,195781836,195116296,665540,76,96188,82164,4716,197350716,196669920,680796,12,81792,102884,4716
2026-08-27T19:16:02.136616,393132552,391788068,390266456,92,177980,185048,9432,34359738367,266256,16244,6928,9316,108,195781836,195116328,665508,76,96188,82164,4716,197350716,196671740,678976,16,81792,102884,4716
2026-08-27T19:16:02.637477,393132552,391788068,390266456,92,177980,185048,9432,34359738367,266256,16244,6928,9316,108,195781836,195116328,665508,76,96188,82164,4716,197350716,196671740,678976,16,81792,102884,4716
2026-08-27T19:16:03.138010,393132552,391789160,390267548,92,177980,185048,9432,34359738367,266256,16244,6928,9316,108,195781836,195116328,665508,76,96188,82164,4716,197350716,196672832,677884,16,81792,102884,4716
2026-08-27T19:16:03.638543,393132552,391789160,390267548,128,177980,185048,9432,34359738367,266256,16244,6928,9316,108,195781836,195116328,665508,96,96188,82164,4716,197350716,196672832,677884,32,81792,102884,4716
2026-08-27T19:16:04.139235,393132552,391790980,390269368,128,177980,185048,9432,34359738367,266256,16244,6928,9316,108,195781836,195116752,665084,96,96188,82164,4716,197350716,196674228,676488,32,81792,102884,4716
2026-08-27T19:16:04.639950,393132552,391790980,390269368,140,177980,185048,9432,34359738367,266256,16244,6928,9316,108,195781836,195116752,665084,104,96188,82164,4716,197350716,196674228,676488,36,81792,102884,4716
2026-08-27T19:16:05.140505,393132552,391792704,390271092,140,177980,185048,9432,34359738367,266256,16244,6928,9316,108,195781836,195116752,665084,104,96188,82164,4716,197350716,196675952,674764,36,81792,102884,4716
2026-08-27T19:16:05.641252,393132552,391792704,390271092,140,177980,185048,9432,34359738367,266256,16244,6928,9316,108,195781836,195116752,665084,104,96188,82164,4716,197350716,196675952,674764,36,81792,102884,4716
2026-08-27T19:16:06.141927,393132552,391794060,390272448,144,177980,185048,9432,34359738367,266256,16244,6928,9316,108,195781836,195116752,665084,104,96188,82164,4716,197350716,196677308,673408,40,81792,102884,4716
2026-08-27T19:16:06.642584,393132552,391794060,390272448,152,177980,185048,9432,34359738367,266256,16244,6928,9316,108,195781836,195116752,665084,108,96188,82164,4716,197350716,196677308,673408,44,81792,102884,4716
2026-08-27T19:16:07.143354,393132552,391795776,390274164,152,177980,185048,9432,34359738367,266256,16244,6928,9316,108,195781836,195117004,664832,108,96188,82164,4716,197350716,196678772,671944,44,81792,102884,4716
2026-08-27T19:16:07.643887,393132552,391795776,390274164,156,177980,185048,9432,34359738367,266256,16244,6928,9316,108,195781836,195117004,664832,108,96188,82164,4716,197350716,196678772,671944,48,81792,102884,4716
2026-08-27T19:16:08.144615,393132552,391796976,390275364,156,177980,185048,9432,34359738367,266256,16244,6928,9316,108,195781836,195117004,664832,108,96188,82164,4716,197350716,196679972,670744,48,81792,102884,4716
2026-08-27T19:16:08.645329,393132552,391796976,390275364,168,177980,185048,9432,34359738367,266256,16244,6928,9316,108,195781836,195117004,664832,112,96188,82164,4716,197350716,196679972,670744,56,81792,102884,4716
2026-08-27T19:16:09.146055,393132552,391796992,390275380,168,177980,185048,9432,34359738367,266256,16244,6928,9316,108,195781836,195117004,664832,112,96188,82164,4716,197350716,196679988,670728,56,81792,102884,4716
2026-08-27T19:16:09.646623,393132552,391796992,390275380,168,177980,185048,9432,34359738367,266256,16244,6928,9316,108,195781836,195117004,664832,112,96188,82164,4716,197350716,196679988,670728,56,81792,102884,4716
2026-08-27T19:16:10.147380,393132552,391797244,390275632,172,177980,185048,9432,34359738367,266256,16244,6928,9316,108,195781836,195117256,664580,112,96188,82164,4716,197350716,196679988,670728,60,81792,102884,4716
2026-08-27T19:16:10.648045,393132552,391797244,390275632,184,177980,185048,9432,34359738367,266256,16244,6928,9316,108,195781836,195117256,664580,120,96188,82164,4716,197350716,196679988,670728,64,81792,102884,4716
2026-08-27T19:16:11.148702,393132552,391797244,390275632,184,177980,185048,9432,34359738367,266256,16244,6928,9316,108,195781836,195117256,664580,120,96188,82164,4716,197350716,196679988,670728,64,81792,102884,4716
2026-08-27T19:16:11.649302,393132552,391797244,390275632,188,177980,185048,9432,34359738367,266256,16244,6928,9316,108,195781836,195117256,664580,120,96188,82164,4716,197350716,196679988,670728,68,81792,102884,4716
2026-08-27T19:16:12.150068,393132552,391797244,390275632,188,177980,185048,9432,34359738367,266256,16244,6928,9316,108,195781836,195117256,664580,120,96188,82164,4716,197350716,196679988,670728,68,81792,102884,4716
2026-08-27T19:16:12.650600,393132552,391797244,390275632,192,177980,185048,9432,34359738367,266256,16244,6928,9316,108,195781836,195117256,664580,120,96188,82164,4716,197350716,196679988,670728,72,81792,102884,4716
2026-08-27T19:16:13.151355,393132552,391797496,390275884,192,177980,185048,9432,34359738367,266256,16244,6928,9316,108,195781836,195117508,664328,120,96188,82164,4716,197350716,196679988,670728,72,81792,102884,4716
2026-08-27T19:16:13.652085,393132552,391797496,390275884,196,177980,185048,9432,34359738367,266256,16244,6928,9316,108,195781836,195117508,664328,120,96188,82164,4716,197350716,196679988,670728,76,81792,102884,4716
2026-08-27T19:16:14.152649,393132552,391797496,390275884,196,177980,185048,9432,34359738367,266256,16244,6928,9316,108,195781836,195117508,664328,120,96188,82164,4716,197350716,196679988,670728,76,81792,102884,4716
2026-08-27T19:16:14.653256,393132552,391797496,390275884,208,177980,185048,9432,34359738367,266256,16244,6928,9316,108,195781836,195117508,664328,120,96188,82164,4716,197350716,196679988,670728,88,81792,102884,4716
2026-08-27T19:16:15.153991,393132552,391797496,390275884,208,177980,185048,9432,34359738367,266256,16244,6928,9316,108,195781836,195117508,664328,120,96188,82164,4716,197350716,196679988,670728,88,81792,102884,4716
2026-08-27T19:16:15.654525,393132552,391797496,390275884,208,177980,185048,9432,34359738367,266256,16244,6928,9316,108,195781836,195117508,664328,120,96188,82164,4716,197350716,196679988,670728,88,81792,102884,4716
2026-08-27T19:16:16.155246,393132552,391797748,390276136,208,177980,185048,9432,34359738367,266256,16244,6928,9316,108,195781836,195117760,664076,120,96188,82164,4716,197350716,196679988,670728,88,81792,102884,4716
2026-08-27T19:16:16.655781,393132552,391797748,390276136,224,177984,185048,9432,34359738367,266256,16244,6928,9316,108,195781836,195117760,664076,132,96192,82164,4716,197350716,196679988,670728,92,81792,102884,4716
2026-08-27T19:16:17.156311,393132552,391797748,390276136,224,177984,185048,9432,34359738367,266256,16244,6928,9316,108,195781836,195117760,664076,132,96192,82164,4716,197350716,196679988,670728,92,81792,102884,4716
2026-08-27T19:16:17.656929,393132552,391797748,390276136,228,177984,185048,9432,34359738367,266256,16244,6928,9316,108,195781836,195117760,664076,132,96192,82164,4716,197350716,196679988,670728,96,81792,102884,4716
2026-08-27T19:16:18.157545,393132552,391797748,390276136,228,177984,185048,9432,34359738367,266400,16244,6928,9316,108,195781836,195117760,664076,132,96192,82164,4716,197350716,196679988,670728,96,81792,102884,4716
2026-08-27T19:16:18.658057,393132552,391755032,390244424,76,205712,192012,9672,34359738367,266304,16244,6928,9316,108,195781836,195116780,665056,72,95696,83056,4724,197350716,196638252,712464,4,110016,108956,4948
2026-08-27T19:16:19.159008,393132552,391708916,390212168,76,226892,202092,10176,34359738367,267312,16244,6928,9316,108,195781836,195117032,664804,72,95696,83056,4724,197350716,196591884,758832,4,131196,119036,5452
2026-08-27T19:16:19.659725,393132552,391664876,390181788,84,245200,213684,10176,34359738367,267312,16244,6928,9316,108,195781836,195116780,665056,76,95784,83056,4724,197350716,196548096,802620,8,149416,130628,5452
2026-08-27T19:16:20.160390,393132552,391623632,390148876,84,269900,216324,10496,34359738367,267312,16244,6928,9316,108,195781836,195116780,665056,76,95952,83056,4724,197350716,196506852,843864,8,173948,133268,5772
2026-08-27T19:16:20.661034,393132552,391549552,390098484,88,300140,327204,10496,34359738367,267312,16244,6928,9316,108,195781836,195116780,665056,76,95952,83056,4724,197350716,196432772,917944,12,204188,244148,5772
2026-08-27T19:16:21.162379,393132552,391354624,389987940,0,376652,439352,13432,34359738367,268304,16244,6928,9316,108,195781836,195054788,727048,0,121504,129140,5948,197350716,196299332,1051384,0,255148,310212,7484
2026-08-27T19:16:21.663086,393132552,391169636,389902200,84,419432,598760,16520,34359738367,268304,16244,6928,9316,108,195781836,194944692,837144,64,163924,201024,7480,197350716,196224944,1125772,20,255508,398744,9040
2026-08-27T19:16:22.163790,393132552,390973380,389807724,84,459752,761284,19272,34359738367,268304,16244,6928,9316,108,195781836,194845724,936112,64,204168,260304,8828,197350716,196127656,1223060,20,256088,500980,10444
2026-08-27T19:16:22.664506,393132552,390761476,389786784,96,517800,922824,19272,34359738367,268304,16244,6928,9316,108,195781836,194695784,1086052,76,260824,356776,8828,197350716,196065692,1285024,20,256976,566048,10444
2026-08-27T19:16:23.165252,393132552,390564916,389789892,96,559664,1083924,19272,34359738367,268304,16244,6928,9316,108,195781836,194590700,1191136,76,301812,419780,8828,197350716,195974216,1376500,20,257852,664144,10444
2026-08-27T19:16:23.665926,393132552,390371884,389791704,100,594876,1242308,19272,34359738367,268304,16244,6928,9316,108,195781836,194505776,1276060,76,336472,470368,8828,197350716,195866108,1484608,24,258404,771940,10444
2026-08-27T19:16:24.166591,393132552,390174068,389793648,100,634112,1406348,19272,34359738367,268304,16244,6928,9316,108,195781836,194428164,1353672,76,374456,511980,8828,197350716,195745904,1604812,24,259656,894368,10444
2026-08-27T19:16:24.667210,393132552,389951532,389798844,104,702252,1569432,19272,34359738367,268304,16244,6928,9316,108,195781836,194314020,1467816,76,440408,556496,8828,197350716,195637512,1713204,28,261844,1012936,10444
2026-08-27T19:16:25.167886,393132552,389678024,389798936,104,823140,1732964,19272,34359738367,268304,16244,6928,9316,108,195781836,194137692,1644144,76,558428,620548,8828,197350716,195540332,1810384,28,264712,1112416,10444
2026-08-27T19:16:25.668630,393132552,389370136,389791732,108,966244,1895732,19272,34359738367,268304,16244,6928,9316,108,195781836,193942448,1839388,76,699244,675044,8828,197350716,195427688,1923028,32,267504,1220688,10444
2026-08-27T19:16:26.169357,393132552,388973376,389786412,108,1206044,2062692,19272,34359738367,268304,16244,6928,9316,108,195781836,193644220,2137616,76,932240,743416,8828,197350716,195328652,2022064,32,273804,1319276,10444
2026-08-27T19:16:26.670125,393132552,388427348,389780932,148,1602144,2211864,19272,34359738367,268304,16244,6928,9316,108,195781836,193202516,2579320,104,1326416,791272,8828,197350716,195224832,2125884,44,275728,1421600,10444
2026-08-27T19:16:27.171092,393132552,388350236,389782760,148,1671388,2235508,19272,34359738367,268272,16244,6928,9316,108,195781836,193133008,2648828,104,1392252,802920,8828,197350716,195217228,2133488,44,279136,1432588,10444
2026-08-27T19:16:27.672123,393132552,388345700,389785396,152,1677724,2241812,19272,34359738367,268400,16244,6928,9316,108,195781836,193129536,2652300,104,1397632,806304,8828,197350716,195216164,2134552,48,280092,1435508,10444
2026-08-27T19:16:28.173131,393132552,388343680,389789372,152,1681948,2243252,19272,34359738367,268128,16244,6928,9316,108,195781836,193128192,2653644,104,1401728,806852,8828,197350716,195215488,2135228,48,280220,1436400,10444
2026-08-27T19:16:28.673926,393132552,388340420,389787072,164,1682624,2243264,19272,34359738367,268448,16244,6928,9316,108,195781836,193127204,2654632,112,1402500,806864,8828,197350716,195213216,2137500,52,280124,1436400,10444
2026-08-27T19:16:29.174921,393132552,388340260,389787032,164,1682896,2243264,19272,34359738367,267456,16244,6928,9316,108,195781836,193127044,2654792,112,1402800,806864,8828,197350716,195213216,2137500,52,280096,1436400,10444
2026-08-27T19:16:29.675778,393132552,388339716,389786600,168,1682612,2243264,19272,34359738367,268432,16244,6928,9316,108,195781836,193127140,2654696,112,1402636,806864,8828,197350716,195212576,2138140,56,279976,1436400,10444
2026-08-27T19:16:30.176788,393132552,388339312,389786416,168,1682852,2243264,19272,34359738367,268416,16244,6928,9316,108,195781836,193126588,2655248,112,1402776,806864,8828,197350716,195212724,2137992,56,280076,1436400,10444
2026-08-27T19:16:30.677830,393132552,388340644,389787856,168,1682480,2243264,19048,34359738367,268320,16244,6928,9316,108,195781836,193126336,2655500,112,1402704,806864,8828,197350716,195214308,2136408,56,279776,1436400,10220
2026-08-27T19:16:31.178813,393132552,388341408,389788892,168,1682440,2243264,19240,34359738367,268416,16244,6928,9316,108,195781836,193126348,2655488,112,1402696,806864,8828,197350716,195215060,2135656,56,279744,1436400,10412
2026-08-27T19:16:31.679807,393132552,388341216,389788904,172,1682764,2243264,19468,34359738367,267616,16244,6928,9316,108,195781836,193126348,2655488,112,1402744,806864,8828,197350716,195214868,2135848,60,280020,1436400,10640
2026-08-27T19:16:32.180559,393132552,388341332,389789216,172,1682968,2243264,19272,34359738367,268416,16244,6928,9316,108,195781836,193126364,2655472,112,1402852,806864,8828,197350716,195214968,2135748,60,280116,1436400,10444
2026-08-27T19:16:32.681613,393132552,388339524,389787612,184,1682816,2243264,19272,34359738367,268448,16244,6928,9316,108,195781836,193126364,2655472,112,1402772,806864,8828,197350716,195213160,2137556,72,280044,1436400,10444
2026-08-27T19:16:33.182615,393132552,388340068,389788156,184,1682992,2243264,19272,34359738367,268400,16244,6928,9316,108,195781836,193126396,2655440,112,1402864,806864,8828,197350716,195213672,2137044,72,280128,1436400,10444
2026-08-27T19:16:33.683619,393132552,388339440,389787528,188,1682844,2243264,19272,34359738367,268448,16244,6928,9316,108,195781836,193126396,2655440,112,1402784,806864,8828,197350716,195213044,2137672,76,280060,1436400,10444
2026-08-27T19:16:34.184603,393132552,388341440,389789792,188,1683008,2243264,19272,34359738367,268080,16244,6928,9316,108,195781836,193126652,2655184,112,1402876,806864,8828,197350716,195214788,2135928,76,280132,1436400,10444
2026-08-27T19:16:34.685412,393132552,388340776,389789128,200,1682828,2243264,19272,34359738367,268416,16244,6928,9316,108,195781836,193126432,2655404,120,1402796,806864,8828,197350716,195214344,2136372,80,280032,1436400,10444
2026-08-27T19:16:35.186420,393132552,388340320,389789020,204,1683272,2243264,19500,34359738367,268464,16244,6928,9316,108,195781836,193126432,2655404,124,1402924,806864,8828,197350716,195213888,2136828,80,280348,1436400,10672
2026-08-27T19:16:35.687417,393132552,388340368,389789068,208,1682976,2243264,19272,34359738367,268416,16244,6928,9316,108,195781836,193126432,2655404,124,1402880,806864,8828,197350716,195213936,2136780,84,280096,1436400,10444
2026-08-27T19:16:36.188429,393132552,388338660,389787512,208,1682948,2243264,19272,34359738367,268448,16244,6928,9316,108,195781836,193126464,2655372,124,1402864,806864,8828,197350716,195212196,2138520,84,280084,1436400,10444
2026-08-27T19:16:36.689604,393132552,388338812,389787664,212,1683040,2243264,19272,34359738367,268208,16244,6928,9316,108,195781836,193125960,2655876,124,1402912,806864,8828,197350716,195212852,2137864,88,280128,1436400,10444
2026-08-27T19:16:37.190537,393132552,388338176,389787260,212,1682748,2243264,19272,34359738367,268448,16244,6928,9316,108,195781836,193126124,2655712,124,1402760,806864,8828,197350716,195212052,2138664,88,279988,1436400,10444
2026-08-27T19:16:37.691550,393132552,388336944,389786028,216,1682848,2243264,19272,34359738367,268464,16244,6928,9316,108,195781836,193126156,2655680,124,1402808,806864,8828,197350716,195210788,2139928,92,280040,1436400,10444
2026-08-27T19:16:38.192587,393132552,388336708,389786024,216,1682804,2243264,19272,34359738367,268432,16244,6928,9316,108,195781836,193125904,2655932,124,1402796,806864,8828,197350716,195210804,2139912,92,280008,1436400,10444
2026-08-27T19:16:38.693645,393132552,388336928,389786444,224,1682896,2243264,19272,34359738367,268448,16244,6928,9316,108,195781836,193126124,2655712,124,1402836,806864,8828,197350716,195210804,2139912,100,280060,1436400,10444
2026-08-27T19:16:39.194634,393132552,388336788,389786368,224,1682812,2243264,19272,34359738367,268336,16244,6928,9316,108,195781836,193126124,2655712,124,1402792,806864,8828,197350716,195210664,2140052,100,280020,1436400,10444
2026-08-27T19:16:39.697275,393132552,388336460,389786040,236,1682912,2243264,19272,34359738367,268448,16244,6928,9316,108,195781836,193125872,2655964,124,1402844,806864,8828,197350716,195210588,2140128,112,280068,1436400,10444
2026-08-27T19:16:40.198276,393132552,388336424,389786128,236,1682824,2243264,19272,34359738367,268272,16244,6928,9316,108,195781836,193125872,2655964,124,1402800,806864,8828,197350716,195210552,2140164,112,280024,1436400,10444
2026-08-27T19:16:40.699239,393132552,388336204,389785984,240,1682980,2243264,19272,34359738367,268448,16244,6928,9316,108,195781836,193125652,2656184,124,1402888,806864,8828,197350716,195210552,2140164,116,280092,1436400,10444
2026-08-27T19:16:41.200273,393132552,388333680,389783460,240,1683100,2243264,19272,34359738367,268448,16244,6928,9316,108,195781836,193125400,2656436,124,1403016,806864,8828,197350716,195208280,2142436,116,280084,1436400,10444
2026-08-27T19:16:41.701273,393132552,388333680,389783520,244,1683196,2243264,19272,34359738367,268320,16244,6928,9316,108,195781836,193125400,2656436,124,1403076,806864,8828,197350716,195208280,2142436,120,280120,1436400,10444
2026-08-27T19:16:42.202238,393132552,388333220,389783200,244,1683172,2243264,19256,34359738367,268448,16244,6928,9316,108,195781836,193125400,2656436,124,1403132,806864,8828,197350716,195207820,2142896,120,280040,1436400,10428
2026-08-27T19:16:42.703233,393132552,388333532,389783564,248,1683256,2243264,19256,34359738367,267520,16244,6928,9316,108,195781836,193125400,2656436,124,1403172,806864,8828,197350716,195208132,2142584,124,280084,1436400,10428
2026-08-27T19:16:43.204118,393132552,388332992,389783024,248,1683068,2243264,19272,34359738367,268432,16244,6928,9316,108,195781836,193125400,2656436,124,1403056,806864,8828,197350716,195207592,2143124,124,280012,1436400,10444
2026-08-27T19:16:43.705151,393132552,388333548,389783720,248,1683184,2243264,19272,34359738367,268448,16244,6928,9316,108,195781836,193125400,2656436,124,1403112,806864,8828,197350716,195208148,2142568,124,280072,1436400,10444
2026-08-27T19:16:44.206191,393132552,388333340,389783552,252,1683100,2243264,19272,34359738367,268416,16244,6928,9316,108,195781836,193125432,2656404,128,1403076,806864,8828,197350716,195207908,2142808,124,280024,1436400,10444
2026-08-27T19:16:44.707170,393132552,388332332,389782652,264,1683188,2243264,19272,34359738367,268448,16244,6928,9316,108,195781836,193125432,2656404,128,1403120,806864,8828,197350716,195206900,2143816,136,280068,1436400,10444
2026-08-27T19:16:45.208186,393132552,388332284,389782652,264,1683108,2243264,19272,34359738367,267648,16244,6928,9316,108,195781836,193125432,2656404,128,1403080,806864,8828,197350716,195206852,2143864,136,280028,1436400,10444
2026-08-27T19:16:45.708909,393132552,388331660,389782068,276,1683236,2243264,19272,34359738367,268432,16244,6928,9316,108,195781836,193125432,2656404,136,1403144,806864,8828,197350716,195206228,2144488,140,280092,1436400,10444
2026-08-27T19:16:46.209962,393132552,388331164,389781612,276,1683184,2243264,19272,34359738367,268448,16244,6928,9316,108,195781836,193125432,2656404,136,1403120,806864,8828,197350716,195205732,2144984,140,280064,1436400,10444
2026-08-27T19:16:46.710969,393132552,388331484,389781932,280,1683276,2243264,19272,34359738367,268416,16244,6928,9316,108,195781836,193125432,2656404,136,1403164,806864,8828,197350716,195206052,2144664,144,280112,1436400,10444
2026-08-27T19:16:47.213361,393132552,388330140,389780708,280,1683192,2243264,19272,34359738367,268448,16244,6928,9316,108,195781836,193125432,2656404,136,1403136,806864,8828,197350716,195204708,2146008,144,280056,1436400,10444
2026-08-27T19:16:47.714329,393132552,388329888,389780484,284,1683276,2243264,19272,34359738367,267824,16244,6928,9316,108,195781836,193125180,2656656,136,1403176,806864,8828,197350716,195204708,2146008,148,280100,1436400,10444
2026-08-27T19:16:48.215054,393132552,388328472,389779128,284,1683056,2243264,19272,34359738367,268432,16244,6928,9316,108,195781836,193125180,2656656,136,1403052,806864,8828,197350716,195203292,2147424,148,280004,1436400,10444
2026-08-27T19:16:48.716057,393132552,388328164,389778848,288,1683160,2243264,19272,34359738367,268448,16244,6928,9316,108,195781836,193125180,2656656,136,1403108,806864,8828,197350716,195202984,2147732,152,280052,1436400,10444
2026-08-27T19:16:49.217061,393132552,388328076,389778784,288,1683108,2243264,19272,34359738367,268416,16244,6928,9316,108,195781836,193125212,2656624,136,1403080,806864,8828,197350716,195202864,2147852,152,280028,1436400,10444
2026-08-27T19:16:49.718110,393132552,388327656,389778364,292,1683200,2243264,19272,34359738367,268448,16244,6928,9316,108,195781836,193125212,2656624,136,1403124,806864,8828,197350716,195202444,2148272,156,280076,1436400,10444
2026-08-27T19:16:50.219102,393132552,388327596,389778328,292,1683108,2243264,19272,34359738367,268032,16244,6928,9316,108,195781836,193124960,2656876,136,1403080,806864,8828,197350716,195202636,2148080,156,280028,1436400,10444
2026-08-27T19:16:50.719859,393132552,388325784,389776540,312,1683228,2243264,19272,34359738367,268432,16244,6928,9316,108,195781836,193124992,2656844,144,1403136,806864,8828,197350716,195200792,2149924,168,280092,1436400,10444
2026-08-27T19:16:51.220880,393132552,388325656,389776424,312,1683176,2243264,19272,34359738367,268448,16244,6928,9316,108,195781836,193124992,2656844,144,1403112,806864,8828,197350716,195200664,2150052,168,280064,1436400,10444
2026-08-27T19:16:51.721929,393132552,388326344,389777112,312,1683280,2243264,19272,34359738367,268416,16244,6928,9316,108,195781836,193124992,2656844,144,1403160,806864,8828,197350716,195201352,2149364,168,280120,1436400,10444
2026-08-27T19:16:52.222950,393132552,388325356,389776188,56,1683188,2243264,19272,34359738367,268448,16244,6928,9316,108,195781836,193124740,2657096,48,1403128,806864,8828,197350716,195200616,2150100,8,280060,1436400,10444
2026-08-27T19:16:52.723960,393132552,388325832,389776664,64,1683280,2243264,19272,34359738367,267968,16244,6928,9316,108,195781836,193124772,2657064,48,1403172,806864,8828,197350716,195201060,2149656,16,280108,1436400,10444
2026-08-27T19:16:53.224716,393132552,388323964,389774820,116,1683056,2243264,19272,34359738367,268432,16244,6928,9316,108,195781836,193124520,2657316,96,1403048,806864,8828,197350716,195199444,2151272,20,280008,1436400,10444
2026-08-27T19:16:53.725791,393132552,388322956,389773868,120,1683168,2243264,19272,34359738367,268464,16244,6928,9316,108,195781836,193124520,2657316,96,1403108,806864,8828,197350716,195198436,2152280,24,280060,1436400,10444
2026-08-27T19:16:54.226819,393132552,388322852,389773764,120,1683108,2243264,19272,34359738367,268416,16244,6928,9316,108,195781836,193124560,2657276,96,1403080,806864,8828,197350716,195198292,2152424,24,280028,1436400,10444
2026-08-27T19:16:54.727860,393132552,388322484,389773396,124,1683196,2243264,19272,34359738367,268448,16244,6928,9316,108,195781836,193124560,2657276,96,1403120,806864,8828,197350716,195197924,2152792,28,280076,1436400,10444
2026-08-27T19:16:55.228834,393132552,388322884,389773824,124,1683112,2243264,19272,34359738367,268080,16244,6928,9316,108,195781836,193124560,2657276,96,1403080,806864,8828,197350716,195198324,2152392,28,280032,1436400,10444
2026-08-27T19:16:55.729603,393132552,388322100,389773040,128,1683228,2243264,19272,34359738367,268432,16244,6928,9316,108,195781836,193124560,2657276,96,1403136,806864,8828,197350716,195197540,2153176,32,280092,1436400,10444
2026-08-27T19:16:56.230612,393132552,388322140,389773080,128,1683152,2243264,19272,34359738367,268464,16244,6928,9316,108,195781836,193124816,2657020,96,1403096,806864,8828,197350716,195197324,2153392,32,280056,1436400,10444
2026-08-27T19:16:56.731642,393132552,388321888,389772892,144,1683284,2243264,19272,34359738367,268416,16244,6928,9316,108,195781836,193124816,2657020,96,1403164,806864,8828,197350716,195197072,2153644,48,280120,1436400,10444
2026-08-27T19:16:57.232650,393132552,388321100,389772108,92,1683252,2243264,19272,34359738367,268448,16244,6928,9316,108,195781836,193124848,2656988,52,1403148,806864,8828,197350716,195196252,2154464,40,280104,1436400,10444
2026-08-27T19:16:57.733696,393132552,388322428,389773436,96,1683332,2243264,19272,34359738367,268064,16244,6928,9316,108,195781836,193124848,2656988,52,1403188,806864,8828,197350716,195197580,2153136,44,280144,1436400,10444
2026-08-27T19:16:58.234435,393132552,388321152,389772160,108,1683068,2243264,19272,34359738367,268432,16244,6928,9316,108,195781836,193124848,2656988,60,1403052,806864,8828,197350716,195196304,2154412,48,280016,1436400,10444
2026-08-27T19:16:58.735445,393132552,388320508,389771516,112,1683180,2243264,19272,34359738367,268464,16244,6928,9316,108,195781836,193124848,2656988,60,1403112,806864,8828,197350716,195195660,2155056,52,280068,1436400,10444
2026-08-27T19:16:59.236451,393132552,388320748,389771760,112,1683108,2243264,19272,34359738367,268416,16244,6928,9316,108,195781836,193124848,2656988,60,1403076,806864,8828,197350716,195195900,2154816,52,280032,1436400,10444
2026-08-27T19:16:59.737641,393132552,388319740,389770752,112,1683208,2243264,19272,34359738367,268448,16244,6928,9316,108,195781836,193124848,2656988,60,1403124,806864,8828,197350716,195194892,2155824,52,280084,1436400,10444
2026-08-27T19:17:00.238646,393132552,388319280,389770312,112,1683112,2243264,19272,34359738367,268048,16244,6928,9316,108,195781836,193124596,2657240,60,1403076,806864,8828,197350716,195194684,2156032,52,280036,1436400,10444
2026-08-27T19:17:00.739391,393132552,388318608,389769640,116,1683224,2243264,19272,34359738367,268448,16244,6928,9316,108,195781836,193124596,2657240,60,1403132,806864,8828,197350716,195194012,2156704,56,280092,1436400,10444
2026-08-27T19:17:01.240396,393132552,388317780,389768812,116,1683156,2243264,19272,34359738367,268464,16244,6928,9316,108,195781836,193124596,2657240,60,1403096,806864,8828,197350716,195193184,2157532,56,280060,1436400,10444
2026-08-27T19:17:01.741478,393132552,388315796,389768312,140,1683292,2243264,19316,34359738367,268400,16244,6928,9316,108,195781836,193123336,2658500,72,1403172,806864,8872,197350716,195192460,2158256,68,280120,1436400,10444
2026-08-27T19:17:02.242495,393132552,388314764,389768248,312,1683252,2243264,19272,34359738367,268448,16244,6928,9316,108,195781836,193123336,2658500,232,1403144,806864,8828,197350716,195191428,2159288,80,280108,1436400,10444
2026-08-27T19:17:02.743469,393132552,388314828,389768312,316,1683340,2243264,19272,34359738367,268016,16244,6928,9316,108,195781836,193123336,2658500,232,1403188,806864,8828,197350716,195191492,2159224,84,280152,1436400,10444
2026-08-27T19:17:03.244217,393132552,388313608,389767128,336,1683068,2243264,19272,34359738367,268432,16244,6928,9316,108,195781836,193123336,2658500,244,1403048,806864,8828,197350716,195190272,2160444,92,280020,1436400,10444
2026-08-27T19:17:03.745262,393132552,388313476,389766996,340,1683188,2243264,19272,34359738367,268448,16244,6928,9316,108,195781836,193123336,2658500,244,1403104,806864,8828,197350716,195190140,2160576,96,280084,1436400,10444
2026-08-27T19:17:04.246253,393132552,388313892,389767412,340,1683128,2243264,19272,34359738367,268416,16244,6928,9316,108,195781836,193123336,2658500,244,1403084,806864,8828,197350716,195190556,2160160,96,280044,1436400,10444
2026-08-27T19:17:04.747251,393132552,388313172,389766692,344,1683216,2243264,19272,34359738367,268448,16244,6928,9316,108,195781836,193123336,2658500,244,1403124,806864,8828,197350716,195189836,2160880,100,280092,1436400,10444
2026-08-27T19:17:05.248222,393132552,388314016,389767536,344,1683132,2243264,19272,34359738367,268000,16244,6928,9316,108,195781836,193123388,2658448,244,1403080,806864,8828,197350716,195190628,2160088,100,280052,1436400,10444
2026-08-27T19:17:05.748956,393132552,388313260,389766780,348,1683248,2243264,19272,34359738367,268432,16244,6928,9316,108,195781836,193123388,2658448,244,1403140,806864,8828,197350716,195189872,2160844,104,280108,1436400,10444
2026-08-27T19:17:06.250006,393132552,388312140,389765672,348,1683176,2243264,19272,34359738367,268448,16244,6928,9316,108,195781836,193123388,2658448,244,1403104,806864,8828,197350716,195188752,2161964,104,280072,1436400,10444
2026-08-27T19:17:06.751004,393132552,388312684,389766232,352,1683300,2243264,19272,34359738367,268416,16244,6928,9316,108,195781836,193123388,2658448,244,1403168,806864,8828,197350716,195189296,2161420,108,280132,1436400,10444
2026-08-27T19:17:07.251999,393132552,388311760,389765308,352,1683268,2243264,19272,34359738367,268448,16244,6928,9316,108,195781836,193123388,2658448,244,1403152,806864,8828,197350716,195188372,2162344,108,280116,1436400,10444
2026-08-27T19:17:07.752970,393132552,388312112,389765680,360,1683344,2243264,19272,34359738367,267856,16244,6928,9316,108,195781836,193123388,2658448,252,1403188,806864,8828,197350716,195188724,2161992,108,280156,1436400,10444
2026-08-27T19:17:08.253731,393132552,388310960,389764528,360,1683080,2243264,19272,34359738367,268432,16244,6928,9316,108,195781836,193123388,2658448,252,1403056,806864,8828,197350716,195187572,2163144,108,280024,1436400,10444
2026-08-27T19:17:08.754726,393132552,388309696,389763340,372,1683200,2243264,19272,34359738367,268448,16244,6928,9316,108,195781836,193123388,2658448,252,1403112,806864,8828,197350716,195186308,2164408,120,280088,1436400,10444
2026-08-27T19:17:09.255719,393132552,388309888,389763532,372,1683124,2243264,19272,34359738367,268400,16244,6928,9316,108,195781836,193123388,2658448,252,1403076,806864,8828,197350716,195186500,2164216,120,280048,1436400,10444
2026-08-27T19:17:09.756717,393132552,388309360,389763068,376,1683232,2243264,19272,34359738367,268448,16244,6928,9316,108,195781836,193123388,2658448,252,1403128,806864,8828,197350716,195185972,2164744,124,280104,1436400,10444
2026-08-27T19:17:10.257768,393132552,388309884,389763592,376,1683144,2243264,19272,34359738367,267920,16244,6928,9316,108,195781836,193123388,2658448,252,1403084,806864,8828,197350716,195186496,2164220,124,280060,1436400,10444
2026-08-27T19:17:10.758509,393132552,388308428,389762136,380,1683244,2243264,19272,34359738367,268432,16244,6928,9316,108,195781836,193123388,2658448,252,1403136,806864,8828,197350716,195185040,2165676,128,280108,1436400,10444
2026-08-27T19:17:11.259539,393132552,388308760,389762468,384,1683184,2243264,19272,34359738367,268464,16244,6928,9316,108,195781836,193123388,2658448,256,1403104,806864,8828,197350716,195185372,2165344,128,280080,1436400,10444
2026-08-27T19:17:11.760562,393132552,388309012,389762720,388,1683304,2243264,19272,34359738367,268416,16244,6928,9316,108,195781836,193123388,2658448,256,1403168,806864,8828,197350716,195185624,2165092,132,280136,1436400,10444
2026-08-27T19:17:12.261612,393132552,388306712,389760420,388,1683264,2243264,19272,34359738367,268448,16244,6928,9316,108,195781836,193123136,2658700,256,1403148,806864,8828,197350716,195183576,2167140,132,280116,1436400,10444
2026-08-27T19:17:12.762586,393132552,388307008,389760716,400,1683352,2243264,19272,34359738367,268032,16244,6928,9316,108,195781836,193123144,2658692,256,1403188,806864,8828,197350716,195183864,2166852,144,280164,1436400,10444
2026-08-27T19:17:13.263489,393132552,388307328,389761036,400,1682852,2243264,19156,34359738367,268432,16244,6928,9316,108,195781836,193123144,2658692,256,1403052,806864,8828,197350716,195184184,2166532,144,279800,1436400,10328
2026-08-27T19:17:13.764533,393132552,388306540,389760248,412,1682960,2243264,19156,34359738367,268448,16244,6928,9316,108,195781836,193123144,2658692,256,1403104,806864,8828,197350716,195183396,2167320,156,279856,1436400,10328
2026-08-27T19:17:14.265587,393132552,388306480,389760188,412,1683128,2243264,19272,34359738367,268416,16244,6928,9316,108,195781836,193123144,2658692,256,1403076,806864,8828,197350716,195183336,2167380,156,280052,1436400,10444
2026-08-27T19:17:14.766579,393132552,388305600,389759308,416,1683236,2243264,19272,34359738367,268448,16244,6928,9316,108,195781836,193123144,2658692,256,1403132,806864,8828,197350716,195182456,2168260,160,280104,1436400,10444
2026-08-27T19:17:15.267564,393132552,388305424,389759132,416,1683152,2243264,19272,34359738367,268032,16244,6928,9316,108,195781836,193123144,2658692,256,1403088,806864,8828,197350716,195182280,2168436,160,280064,1436400,10444
2026-08-27T19:17:15.768329,393132552,388304880,389758588,416,1683252,2243264,19272,34359738367,268432,16244,6928,9316,108,195781836,193123144,2658692,256,1403140,806864,8828,197350716,195181736,2168980,160,280112,1436400,10444
2026-08-27T19:17:16.273270,393132552,388303152,389756872,416,1683200,2243264,19272,34359738367,268464,16244,6928,9316,108,195781836,193123144,2658692,256,1403112,806864,8828,197350716,195180008,2170708,160,280088,1436400,10444
2026-08-27T19:17:16.774255,393132552,388303236,389756956,420,1683300,2243264,19272,34359738367,268416,16244,6928,9316,108,195781836,193123144,2658692,256,1403160,806864,8828,197350716,195180092,2170624,164,280140,1436400,10444
2026-08-27T19:17:17.275252,393132552,388302908,389756636,420,1683272,2243264,19272,34359738367,268448,16244,6928,9316,108,195781836,193123144,2658692,256,1403152,806864,8828,197350716,195179764,2170952,164,280120,1436400,10444
2026-08-27T19:17:17.776250,393132552,388303688,389757416,424,1683360,2243264,19272,34359738367,267968,16244,6928,9316,108,195781836,193123144,2658692,256,1403192,806864,8828,197350716,195180544,2170172,168,280168,1436400,10444
2026-08-27T19:17:18.277144,393132552,388303280,389757008,424,1683088,2243264,19476,34359738367,268400,16244,6928,9316,108,195781836,193123144,2658692,256,1403052,806864,8828,197350716,195180136,2170580,168,280036,1436400,10648
2026-08-27T19:17:18.778172,393132552,388302800,389756536,436,1683212,2243264,19476,34359738367,268432,16244,6928,9316,108,195781836,193123144,2658692,264,1403112,806864,8828,197350716,195179656,2171060,172,280100,1436400,10648
2026-08-27T19:17:19.279176,393132552,388303124,389757076,436,1683144,2243264,19272,34359738367,268400,16244,6928,9316,108,195781836,193122892,2658944,264,1403084,806864,8828,197350716,195180232,2170484,172,280060,1436400,10444
2026-08-27T19:17:19.780195,393132552,388301412,389755364,436,1683248,2243264,19272,34359738367,268448,16244,6928,9316,108,195781836,193122892,2658944,264,1403136,806864,8828,197350716,195178520,2172196,172,280112,1436400,10444
2026-08-27T19:17:20.281150,393132552,388301412,389755364,440,1683164,2243264,19272,34359738367,267840,16244,6928,9316,108,195781836,193122892,2658944,268,1403092,806864,8828,197350716,195178520,2172196,172,280072,1436400,10444
2026-08-27T19:17:20.781889,393132552,388301664,389755616,452,1683264,2243264,19272,34359738367,268432,16244,6928,9316,108,195781836,193122892,2658944,268,1403144,806864,8828,197350716,195178772,2171944,184,280120,1436400,10444
2026-08-27T19:17:21.282877,393132552,388300296,389754248,452,1682948,2243264,19272,34359738367,268448,16244,6928,9316,108,195781836,193123140,2658696,268,1402984,806864,8828,197350716,195177156,2173560,184,279964,1436400,10444
2026-08-27T19:17:21.783887,393132552,388301264,389755280,456,1683072,2243264,19272,34359738367,268400,16244,6928,9316,108,195781836,193123140,2658696,268,1403044,806864,8828,197350716,195178124,2172592,188,280028,1436400,10444
2026-08-27T19:17:22.284891,393132552,388299612,389753652,324,1683040,2243264,19272,34359738367,268448,16244,6928,9316,108,195781836,193123140,2658696,248,1403032,806864,8828,197350716,195176552,2174164,76,280016,1436400,10444
2026-08-27T19:17:22.785895,393132552,388299996,389754036,336,1683132,2243264,19272,34359738367,267840,16244,6928,9316,108,195781836,193123140,2658696,252,1403076,806864,8828,197350716,195176856,2173860,84,280056,1436400,10444
2026-08-27T19:17:23.286612,393132552,388300252,389754292,336,1683104,2243264,19272,34359738367,268432,16244,6928,9316,108,195781836,193123140,2658696,252,1403056,806864,8828,197350716,195177112,2173604,84,280048,1436400,10444
2026-08-27T19:17:23.788313,393132552,388298492,389752532,260,1683224,2243264,19272,34359738367,268448,16244,6928,9316,108,195781836,193123140,2658696,188,1403116,806864,8828,197350716,195175352,2175364,72,280108,1436400,10444
2026-08-27T19:17:24.289343,393132552,388298556,389752632,268,1683160,2243264,19272,34359738367,268416,16244,6928,9316,108,195781836,193123140,2658696,196,1403088,806864,8828,197350716,195175416,2175300,72,280072,1436400,10444
2026-08-27T19:17:24.790331,393132552,388298876,389752952,304,1683264,2243264,19272,34359738367,268448,16244,6928,9316,108,195781836,193123140,2658696,228,1403140,806864,8828,197350716,195175736,2174980,76,280124,1436400,10444
2026-08-27T19:17:25.291311,393132552,388299004,389753080,304,1683168,2243264,19272,34359738367,267696,16244,6928,9316,108,195781836,193123140,2658696,228,1403092,806864,8828,197350716,195175864,2174852,76,280076,1436400,10444
2026-08-27T19:17:25.793262,393132552,388298232,389752308,316,1683276,2243264,19272,34359738367,268432,16244,6928,9316,108,195781836,193123140,2658696,228,1403148,806864,8828,197350716,195175092,2175624,88,280128,1436400,10444
2026-08-27T19:17:26.294247,393132552,388297288,389751364,316,1682988,2243264,19272,34359738367,268448,16244,6928,9316,108,195781836,193123140,2658696,228,1403004,806864,8828,197350716,195174148,2176568,88,279984,1436400,10444
2026-08-27T19:17:26.795236,393132552,388297608,389751684,320,1683084,2243264,19272,34359738367,268400,16244,6928,9316,108,195781836,193123140,2658696,228,1403048,806864,8828,197350716,195174468,2176248,92,280036,1436400,10444
2026-08-27T19:17:27.296212,393132552,388296380,389750464,268,1683052,2243264,19272,34359738367,268448,16244,6928,9316,108,195781836,193123144,2658692,228,1403032,806864,8828,197350716,195173236,2177480,40,280020,1436400,10444
2026-08-27T19:17:27.797198,393132552,388296540,389750624,268,1683144,2243264,19272,34359738367,267648,16244,6928,9316,108,195781836,193123144,2658692,228,1403080,806864,8828,197350716,195173396,2177320,40,280064,1436400,10444
2026-08-27T19:17:28.297954,393132552,388295932,389750016,268,1683116,2243264,19272,34359738367,268432,16244,6928,9316,108,195781836,193123144,2658692,228,1403064,806864,8828,197350716,195172788,2177928,40,280052,1436400,10444
2026-08-27T19:17:28.798978,393132552,388295576,389749660,272,1683244,2243264,19272,34359738367,268448,16244,6928,9316,108,195781836,193123144,2658692,228,1403136,806864,8828,197350716,195172432,2178284,44,280108,1436400,10444
2026-08-27T19:17:29.299987,393132552,388295820,389749904,292,1683172,2243264,19272,34359738367,268416,16244,6928,9316,108,195781836,193123212,2658624,244,1403092,806864,8828,197350716,195172608,2178108,48,280080,1436400,10444
2026-08-27T19:17:29.800985,393132552,388294108,389748192,296,1683264,2243264,19272,34359738367,268448,16244,6928,9316,108,195781836,193123212,2658624,244,1403136,806864,8828,197350716,195170896,2179820,52,280128,1436400,10444
2026-08-27T19:17:30.302035,393132552,388294184,389748268,304,1683180,2243264,19272,34359738367,267584,16244,6928,9316,108,195781836,193123212,2658624,252,1403096,806864,8828,197350716,195170972,2179744,52,280084,1436400,10444
2026-08-27T19:17:30.802749,393132552,388294568,389748652,308,1683288,2243264,19272,34359738367,268432,16244,6928,9316,108,195781836,193123212,2658624,252,1403152,806864,8828,197350716,195171356,2179360,56,280136,1436400,10444
2026-08-27T19:17:31.303752,393132552,388292140,389746224,308,1683000,2243264,19272,34359738367,268448,16244,6928,9316,108,195781836,193123212,2658624,252,1403004,806864,8828,197350716,195168928,2181788,56,279996,1436400,10444
2026-08-27T19:17:31.804758,393132552,388292556,389746648,324,1683104,2243264,19272,34359738367,268400,16244,6928,9316,108,195781836,193123212,2658624,252,1403056,806864,8828,197350716,195169344,2181372,72,280048,1436400,10444
2026-08-27T19:17:32.305814,393132552,388293112,389747204,156,1683068,2243264,19272,34359738367,268448,16244,6928,9316,108,195781836,193123212,2658624,96,1403036,806864,8828,197350716,195169900,2180816,60,280032,1436400,10444
2026-08-27T19:17:32.806774,393132552,388293288,389747380,160,1683144,2243264,19272,34359738367,267632,16244,6928,9316,108,195781836,193123212,2658624,96,1403076,806864,8828,197350716,195170076,2180640,64,280068,1436400,10444
2026-08-27T19:17:33.307498,393132552,388292088,389746180,108,1683112,2243264,19272,34359738367,268432,16244,6928,9316,108,195781836,193123212,2658624,52,1403060,806864,8828,197350716,195168876,2181840,56,280052,1436400,10444
2026-08-27T19:17:33.808503,393132552,388291656,389745820,112,1683236,2243264,19272,34359738367,268448,16244,6928,9316,108,195781836,193123212,2658624,52,1403128,806864,8828,197350716,195168444,2182272,60,280108,1436400,10444
2026-08-27T19:17:34.309549,393132552,388292408,389746572,124,1683160,2243264,19272,34359738367,268416,16244,6928,9316,108,195781836,193123212,2658624,60,1403088,806864,8828,197350716,195169196,2181520,64,280072,1436400,10444
2026-08-27T19:17:34.810530,393132552,388291640,389745804,128,1683264,2243264,19272,34359738367,268448,16244,6928,9316,108,195781836,193123212,2658624,60,1403136,806864,8828,197350716,195168428,2182288,68,280128,1436400,10444
2026-08-27T19:17:35.311493,393132552,388292008,389746172,128,1683184,2243264,19272,34359738367,267632,16244,6928,9316,108,195781836,193123212,2658624,60,1403096,806864,8828,197350716,195168796,2181920,68,280088,1436400,10444
2026-08-27T19:17:35.812223,393132552,388291144,389745308,140,1683280,2243264,19272,34359738367,268432,16244,6928,9316,108,195781836,193123212,2658624,72,1403144,806864,8828,197350716,195167932,2182784,68,280136,1436400,10444
2026-08-27T19:17:36.313279,393132552,388289784,389743972,140,1682996,2243264,19272,34359738367,268448,16244,6928,9316,108,195781836,193123212,2658624,72,1403000,806864,8828,197350716,195166572,2184144,68,279996,1436400,10444
2026-08-27T19:17:36.814244,393132552,388290436,389744624,144,1683096,2243264,19272,34359738367,268416,16244,6928,9316,108,195781836,193123212,2658624,72,1403052,806864,8828,197350716,195167224,2183492,72,280044,1436400,10444
2026-08-27T19:17:37.315064,393132552,388289732,389743920,144,1683056,2243264,19272,34359738367,268464,16244,6928,9316,108,195781836,193123212,2658624,72,1403028,806864,8828,197350716,195166520,2184196,72,280028,1436400,10444
2026-08-27T19:17:37.816051,393132552,388290780,389744968,156,1683136,2243264,19272,34359738367,267840,16244,6928,9316,108,195781836,193123212,2658624,72,1403072,806864,8828,197350716,195167568,2183148,84,280064,1436400,10444
2026-08-27T19:17:38.316797,393132552,388289820,389744008,160,1683188,2243264,19272,34359738367,268432,16244,6928,9316,108,195781836,193123212,2658624,76,1403140,806864,8828,197350716,195166656,2184060,84,280060,1436400,10444
2026-08-27T19:17:38.817862,393132552,388288140,389742328,176,1683308,2243264,19272,34359738367,268448,16244,6928,9316,108,195781836,193123212,2658624,76,1403196,806864,8828,197350716,195164928,2185788,100,280112,1436400,10444
2026-08-27T19:17:39.318890,393132552,388287908,389742096,176,1683244,2243264,19272,34359738367,268416,16244,6928,9316,108,195781836,193123252,2658584,76,1403172,806864,8828,197350716,195164656,2186060,100,280072,1436400,10444
2026-08-27T19:17:39.821278,393132552,388287828,389742016,180,1683352,2243264,19272,34359738367,268448,16244,6928,9316,108,195781836,193123260,2658576,76,1403224,806864,8828,197350716,195164568,2186148,104,280128,1436400,10444
2026-08-27T19:17:40.322264,393132552,388288200,389742388,184,1683268,2243264,19272,34359738367,267968,16244,6928,9316,108,195781836,193123260,2658576,80,1403180,806864,8828,197350716,195164940,2185776,104,280088,1436400,10444
2026-08-27T19:17:40.822987,393132552,388287460,389741648,188,1683356,2243264,19272,34359738367,268432,16244,6928,9316,108,195781836,193123260,2658576,80,1403224,806864,8828,197350716,195164200,2186516,108,280132,1436400,10444
2026-08-27T19:17:41.323987,393132552,388286544,389740732,188,1683016,2243264,19224,34359738367,268464,16244,6928,9316,108,195781836,193123260,2658576,80,1403072,806864,8828,197350716,195163284,2187432,108,279944,1436400,10396
2026-08-27T19:17:41.824982,393132552,388286736,389740940,200,1683132,2243264,19224,34359738367,268416,16244,6928,9316,108,195781836,193123260,2658576,88,1403136,806864,8828,197350716,195163476,2187240,112,279996,1436400,10396
2026-08-27T19:17:42.326023,393132552,388285740,389739976,200,1683148,2243264,19272,34359738367,268448,16244,6928,9316,108,195781836,193123260,2658576,88,1403116,806864,8828,197350716,195162480,2188236,112,280032,1436400,10444
2026-08-27T19:17:42.826993,393132552,388286092,389740328,204,1683220,2243264,19272,34359738367,267936,16244,6928,9316,108,195781836,193123260,2658576,88,1403152,806864,8828,197350716,195162832,2187884,116,280068,1436400,10444
2026-08-27T19:17:43.327726,393132552,388286336,389740572,204,1683204,2243264,19272,34359738367,268448,16244,6928,9316,108,195781836,193123260,2658576,88,1403144,806864,8828,197350716,195163076,2187640,116,280060,1436400,10444
2026-08-27T19:17:43.828739,393132552,388284420,389738656,212,1683308,2243264,19272,34359738367,268448,16244,6928,9316,108,195781836,193123260,2658576,88,1403200,806864,8828,197350716,195161160,2189556,124,280108,1436400,10444
2026-08-27T19:17:44.329792,393132552,388285084,389739320,212,1683244,2243264,19272,34359738367,268416,16244,6928,9316,108,195781836,193123260,2658576,88,1403164,806864,8828,197350716,195161824,2188892,124,280080,1436400,10444
2026-08-27T19:17:44.830790,393132552,388285120,389739372,216,1683360,2243264,19272,34359738367,268448,16244,6928,9316,108,195781836,193123260,2658576,88,1403224,806864,8828,197350716,195161860,2188856,128,280136,1436400,10444
2026-08-27T19:17:45.331772,393132552,388285232,389739484,216,1683288,2243264,19272,34359738367,268064,16244,6928,9316,108,195781836,193123260,2658576,88,1403184,806864,8828,197350716,195161972,2188744,128,280104,1436400,10444
2026-08-27T19:17:45.832675,393132552,388283456,389737708,220,1683368,2243264,19272,34359738367,268448,16244,6928,9316,108,195781836,193123260,2658576,88,1403228,806864,8828,197350716,195160196,2190520,132,280140,1436400,10444
2026-08-27T19:17:46.333726,393132552,388283552,389737804,220,1682840,2243264,19248,34359738367,268416,16244,6928,9316,108,195781836,193123260,2658576,88,1403072,806864,8828,197350716,195160292,2190424,132,279768,1436400,10420
2026-08-27T19:17:46.834779,393132552,388284380,389738704,236,1682952,2243264,19248,34359738367,268400,16244,6928,9316,108,195781836,193123260,2658576,100,1403132,806864,8828,197350716,195161120,2189596,136,279820,1436400,10420
2026-08-27T19:17:47.335780,393132552,388283756,389738144,236,1683384,2243264,19272,34359738367,268448,16244,6928,9316,108,195781836,193123260,2658576,100,1403236,806864,8828,197350716,195160496,2190220,136,280148,1436400,10444
2026-08-27T19:17:47.836763,393132552,388284056,389738444,240,1683460,2243264,19272,34359738367,267968,16244,6928,9316,108,195781836,193123260,2658576,100,1403276,806864,8828,197350716,195160796,2189920,140,280184,1436400,10444
2026-08-27T19:17:48.337522,393132552,388280996,389735644,240,1683380,2243264,19272,34359738367,268432,16244,6928,9316,108,195781836,193123260,2658576,100,1403248,806864,8828,197350716,195157736,2192980,140,280132,1436400,10444
2026-08-27T19:17:48.838518,393132552,388281424,389736072,240,1683492,2243264,19272,34359738367,268416,16244,6928,9316,108,195781836,193123260,2658576,100,1403304,806864,8828,197350716,195158164,2192552,140,280188,1436400,10444
2026-08-27T19:17:49.339521,393132552,388282428,389737220,244,1683256,2243264,19272,34359738367,268384,16244,6928,9316,108,195781836,193123068,2658768,100,1403168,806864,8828,197350716,195159360,2191356,144,280088,1436400,10444
2026-08-27T19:17:49.840515,393132552,388282596,389737388,256,1683380,2243264,19272,34359738367,268432,16244,6928,9316,108,195781836,193123068,2658768,100,1403232,806864,8828,197350716,195159528,2191188,156,280148,1436400,10444
2026-08-27T19:17:50.341559,393132552,388282808,389737600,256,1683296,2243264,19272,34359738367,267728,16244,6928,9316,108,195781836,193123068,2658768,100,1403188,806864,8828,197350716,195159740,2190976,156,280108,1436400,10444
2026-08-27T19:17:50.842295,393132552,388282432,389737224,260,1683404,2243264,19272,34359738367,268432,16244,6928,9316,108,195781836,193123068,2658768,100,1403252,806864,8828,197350716,195159364,2191352,160,280152,1436400,10444
2026-08-27T19:17:51.343304,393132552,388281064,389735856,260,1683428,2243264,19272,34359738367,268448,16244,6928,9316,108,195781836,193123068,2658768,100,1403292,806864,8828,197350716,195157996,2192720,160,280136,1436400,10444
2026-08-27T19:17:51.844322,393132552,388281576,389736372,264,1683520,2243264,19272,34359738367,268416,16244,6928,9316,108,195781836,193123068,2658768,100,1403340,806864,8828,197350716,195158508,2192208,164,280180,1436400,10444
2026-08-27T19:17:52.345350,393132552,388281908,389736720,264,1683680,2243264,19496,34359738367,268416,16244,6928,9316,108,195781836,193123080,2658756,100,1403328,806864,8828,197350716,195158828,2191888,164,280352,1436400,10668
2026-08-27T19:17:52.846322,393132552,388282292,389737104,276,1683768,2243264,19496,34359738367,267808,16244,6928,9316,108,195781836,193123080,2658756,108,1403368,806864,8828,197350716,195159212,2191504,168,280400,1436400,10668
2026-08-27T19:17:53.347053,393132552,388283156,389737968,280,1683312,2243264,19272,34359738367,268400,16244,6928,9316,108,195781836,193123080,2658756,112,1403244,806864,8828,197350716,195160076,2190640,168,280068,1436400,10444
2026-08-27T19:17:53.848074,393132552,388282952,389737792,164,1683448,2243264,19272,34359738367,268432,16244,6928,9316,108,195781836,193123080,2658756,96,1403312,806864,8828,197350716,195159872,2190844,68,280136,1436400,10444
2026-08-27T19:17:54.349083,393132552,388283180,389738020,164,1683368,2243264,19272,34359738367,268400,16244,6928,9316,108,195781836,193123080,2658756,96,1403276,806864,8828,197350716,195160100,2190616,68,280092,1436400,10444
2026-08-27T19:17:54.850136,393132552,388283104,389737944,168,1683488,2243264,19272,34359738367,268448,16244,6928,9316,108,195781836,193123080,2658756,96,1403336,806864,8828,197350716,195160024,2190692,72,280152,1436400,10444
2026-08-27T19:17:55.351096,393132552,388283488,389738332,104,1683344,2243264,19252,34359738367,267616,16244,6928,9316,108,195781836,193123080,2658756,40,1403276,806864,8828,197350716,195160408,2190308,64,280068,1436400,10424
2026-08-27T19:17:55.851848,393132552,388282912,389737756,116,1683420,2243264,19252,34359738367,268432,16244,6928,9316,108,195781836,193123080,2658756,40,1403312,806864,8828,197350716,195159832,2190884,76,280108,1436400,10424
2026-08-27T19:17:56.352859,393132552,388281848,389736692,156,1683200,2243264,19272,34359738367,268448,16244,6928,9316,108,195781836,193123108,2658728,80,1403192,806864,8828,197350716,195158740,2191976,76,280008,1436400,10444
2026-08-27T19:17:56.853914,393132552,388282264,389737108,156,1683304,2243264,19272,34359738367,268416,16244,6928,9316,108,195781836,193123108,2658728,80,1403240,806864,8828,197350716,195159156,2191560,76,280064,1436400,10444
2026-08-27T19:17:57.354718,393132552,388279316,389735460,340,1683248,2243268,19324,34359738367,268416,16244,6928,9316,108,195781836,193121344,2660492,256,1403196,806868,8880,197350716,195157972,2192744,84,280052,1436400,10444
2026-08-27T19:17:57.855701,393132552,388279320,389735844,348,1683360,2243268,19372,34359738367,267616,16244,6928,9316,108,195781836,193121092,2660744,260,1403264,806868,8928,197350716,195158228,2192488,88,280096,1436400,10444
2026-08-27T19:17:58.356579,393132552,388278904,389735428,348,1683328,2243268,19272,34359738367,268432,16244,6928,9316,108,195781836,193121092,2660744,260,1403248,806868,8828,197350716,195157812,2192904,88,280080,1436400,10444
2026-08-27T19:17:58.857646,393132552,388278740,389735264,352,1683452,2243268,19272,34359738367,268448,16244,6928,9316,108,195781836,193121092,2660744,260,1403312,806868,8828,197350716,195157648,2193068,92,280140,1436400,10444
2026-08-27T19:17:59.358646,393132552,388278836,389735372,352,1683380,2243268,19272,34359738367,268416,16244,6928,9316,108,195781836,193121092,2660744,260,1403280,806868,8828,197350716,195157744,2192972,92,280100,1436400,10444
2026-08-27T19:17:59.859640,393132552,388278132,389734668,356,1683496,2243268,19272,34359738367,268448,16244,6928,9316,108,195781836,193121092,2660744,260,1403336,806868,8828,197350716,195157040,2193676,96,280160,1436400,10444
2026-08-27T19:18:00.360609,393132552,388278800,389735336,356,1683412,2243268,19272,34359738367,267760,16244,6928,9316,108,195781836,193121092,2660744,260,1403260,806868,8828,197350716,195157708,2193008,96,280152,1436400,10444
2026-08-27T19:18:00.861370,393132552,388275796,389732336,360,1683476,2243268,19260,34359738367,268416,16244,6928,9316,108,195781836,193117564,2664272,260,1403332,806868,8828,197350716,195158232,2192484,100,280144,1436400,10432
2026-08-27T19:18:01.362332,393132552,388276404,389732944,360,1683644,2243268,19260,34359738367,267488,16244,6928,9316,108,195781836,193117564,2664272,260,1403420,806868,8828,197350716,195158840,2191876,100,280224,1436400,10432
2026-08-27T19:18:01.863044,393132552,388275748,389732312,372,1683340,2243268,19272,34359738367,268432,16244,6928,9316,108,195781836,193116108,2665728,260,1403544,806868,9068,197350716,195159640,2191076,112,279796,1436400,10204
2026-08-27T19:18:02.365268,393132552,388274884,389731452,372,1683532,2243268,19272,34359738367,268448,16244,6928,9316,108,195781836,193114588,2667248,260,1403632,806868,9068,197350716,195160296,2190420,112,279900,1436400,10204
2026-08-27T19:18:02.866255,393132552,388274504,389731072,376,1683396,2243268,19272,34359738367,268400,16244,6928,9316,108,195781836,193114176,2667660,260,1403572,806868,9068,197350716,195160328,2190388,116,279824,1436400,10204
2026-08-27T19:18:03.367229,393132552,388274724,389731292,376,1683596,2243268,19272,34359738367,268448,16244,6928,9316,108,195781836,193113708,2668128,260,1403668,806868,9068,197350716,195161016,2189700,116,279928,1436400,10204
2026-08-27T19:18:03.868191,393132552,388274312,389730880,336,1683448,2243268,19272,34359738367,267520,16244,6928,9316,108,195781836,193113264,2668572,268,1403600,806868,9068,197350716,195161048,2189668,68,279848,1436400,10204
2026-08-27T19:18:04.368910,393132552,388273016,389729612,336,1683652,2243268,19272,34359738367,268432,16244,6928,9316,108,195781836,193111888,2669948,268,1403692,806868,9068,197350716,195161128,2189588,68,279960,1436400,10204
2026-08-27T19:18:04.870016,393132552,388271836,389728432,336,1683532,2243268,19272,34359738367,268448,16244,6928,9316,108,195781836,193110708,2671128,268,1403636,806868,9068,197350716,195161128,2189588,68,279896,1436400,10204
2026-08-27T19:18:05.371018,393132552,388273132,389729732,340,1683704,2243268,19272,34359738367,268384,16244,6928,9316,108,195781836,193111780,2670056,272,1403720,806868,9068,197350716,195161352,2189364,68,279984,1436400,10204
2026-08-27T19:18:05.872004,393132552,388272436,389729036,344,1683576,2243268,19272,34359738367,268448,16244,6928,9316,108,195781836,193111084,2670752,272,1403656,806868,9068,197350716,195161352,2189364,72,279920,1436400,10204
2026-08-27T19:18:06.372976,393132552,388272456,389729056,344,1683736,2243268,19272,34359738367,267744,16244,6928,9316,108,195781836,193111132,2670704,272,1403736,806868,9068,197350716,195161324,2189392,72,280000,1436400,10204
2026-08-27T19:18:06.873724,393132552,388271016,389727680,348,1683120,2243268,19244,34359738367,268432,16244,6928,9316,108,195781836,193109440,2672396,272,1403320,806868,9040,197350716,195161576,2189140,76,279800,1436400,10204
2026-08-27T19:18:07.374720,393132552,388271444,389728108,348,1683304,2243268,19244,34359738367,268416,16244,6928,9316,108,195781836,193109680,2672156,272,1403412,806868,9040,197350716,195161764,2188952,76,279892,1436400,10204
2026-08-27T19:18:07.875699,393132552,388272176,389728840,364,1683628,2243268,19272,34359738367,268384,16244,6928,9316,108,195781836,193110160,2671676,272,1403692,806868,9068,197350716,195162016,2188700,92,279936,1436400,10204
2026-08-27T19:18:08.376510,393132552,388273316,389729984,308,1683592,2243268,19272,34359738367,268448,16244,6928,9316,108,195781836,193111456,2670380,224,1403448,806868,8844,197350716,195161860,2188856,84,280144,1436400,10428
2026-08-27T19:18:08.877529,393132552,388273128,389729796,312,1683360,2243268,19252,34359738367,267616,16244,6928,9316,108,195781836,193111456,2670380,224,1403324,806868,8828,197350716,195161672,2189044,88,280036,1436400,10424
2026-08-27T19:18:09.378252,393132552,388272404,389729072,312,1683580,2243268,19252,34359738367,268432,16244,6928,9316,108,195781836,193111456,2670380,224,1403440,806868,8828,197350716,195160948,2189768,88,280140,1436400,10424
2026-08-27T19:18:09.879267,393132552,388271980,389728688,328,1683280,2243268,19272,34359738367,268448,16244,6928,9316,108,195781836,193111536,2670300,236,1403276,806868,8828,197350716,195160444,2190272,92,280004,1436400,10444
2026-08-27T19:18:10.380284,393132552,388272112,389728824,344,1683452,2243268,19272,34359738367,268400,16244,6928,9316,108,195781836,193111664,2670172,236,1403360,806868,8828,197350716,195160448,2190268,108,280092,1436400,10444
2026-08-27T19:18:10.881279,393132552,388272472,389729184,348,1683344,2243268,19272,34359738367,268448,16244,6928,9316,108,195781836,193112920,2668916,236,1403304,806868,8828,197350716,195159552,2191164,112,280040,1436400,10444
2026-08-27T19:18:11.382262,393132552,388274200,389730912,348,1683504,2243268,19272,34359738367,267648,16244,6928,9316,108,195781836,193113416,2668420,236,1403384,806868,8828,197350716,195160784,2189932,112,280120,1436400,10444
2026-08-27T19:18:11.883180,393132552,388273948,389730660,352,1683584,2243268,19272,34359738367,268432,16244,6928,9316,108,195781836,193113612,2668224,236,1403428,806868,8828,197350716,195160336,2190380,116,280156,1436400,10444
2026-08-27T19:18:12.384183,393132552,388272860,389729572,352,1683544,2243268,19272,34359738367,268448,16244,6928,9316,108,195781836,193113740,2668096,236,1403400,806868,8828,197350716,195159120,2191596,116,280144,1436400,10444
2026-08-27T19:18:12.885164,393132552,388272592,389729304,352,1683400,2243268,19272,34359738367,268384,16244,6928,9316,108,195781836,193113740,2668096,236,1403328,806868,8828,197350716,195158852,2191864,116,280072,1436400,10444
2026-08-27T19:18:13.386173,393132552,388271808,389728520,376,1683604,2243268,19272,34359738367,268448,16244,6928,9316,108,195781836,193113868,2667968,252,1403436,806868,8828,197350716,195157940,2192776,124,280168,1436400,10444
2026-08-27T19:18:13.887184,393132552,388272168,389728880,388,1683368,2243268,19252,34359738367,267632,16244,6928,9316,108,195781836,193114028,2667808,252,1403332,806868,8828,197350716,195158140,2192576,136,280036,1436400,10424
2026-08-27T19:18:14.387955,393132552,388272416,389729128,392,1683584,2243268,19252,34359738367,268432,16244,6928,9316,108,195781836,193114124,2667712,256,1403444,806868,8828,197350716,195158292,2192424,136,280140,1436400,10424
2026-08-27T19:18:14.888965,393132552,388270048,389726760,404,1683300,2243268,19272,34359738367,268448,16244,6928,9316,108,195781836,193114188,2667648,264,1403280,806868,8828,197350716,195155860,2194856,140,280020,1436400,10444
2026-08-27T19:18:15.390003,393132552,388270372,389727084,404,1683468,2243268,19272,34359738367,268400,16244,6928,9316,108,195781836,193114284,2667552,264,1403368,806868,8828,197350716,195156088,2194628,140,280100,1436400,10444
2026-08-27T19:18:15.890797,393132552,388270212,389726924,408,1683352,2243268,19272,34359738367,268448,16244,6928,9316,108,195781836,193114284,2667552,264,1403308,806868,8828,197350716,195155928,2194788,144,280044,1436400,10444
2026-08-27T19:18:16.391780,393132552,388270600,389727312,408,1683508,2243268,19272,34359738367,267568,16244,6928,9316,108,195781836,193114320,2667516,264,1403384,806868,8828,197350716,195156280,2194436,144,280124,1436400,10444
2026-08-27T19:18:16.892687,393132552,388269208,389725920,408,1683356,2243268,19272,34359738367,268432,16244,6928,9316,108,195781836,193114320,2667516,264,1403308,806868,8828,197350716,195154888,2195828,144,280048,1436400,10444
2026-08-27T19:18:17.393730,393132552,388269384,389726104,408,1683564,2243268,19272,34359738367,268448,16244,6928,9316,108,195781836,193114480,2667356,264,1403416,806868,8828,197350716,195154904,2195812,144,280148,1436400,10444
2026-08-27T19:18:17.894705,393132552,388269640,389726360,416,1683408,2243268,19272,34359738367,268400,16244,6928,9316,108,195781836,193114480,2667356,264,1403332,806868,8828,197350716,195155160,2195556,152,280076,1436400,10444
2026-08-27T19:18:18.395500,393132552,388271036,389727760,416,1683848,2243268,19500,34359738367,268416,16244,6928,9316,108,195781836,193114608,2667228,264,1403440,806868,8828,197350716,195156428,2194288,152,280408,1436400,10672
2026-08-27T19:18:18.896484,393132552,388271036,389727768,416,1683452,2243268,19272,34359738367,267536,16244,6928,9316,108,195781836,193114608,2667228,264,1403356,806868,8828,197350716,195156428,2194288,152,280096,1436400,10444
2026-08-27T19:18:19.397341,393132552,388271308,389728056,416,1683424,2243268,19272,34359738367,268416,16244,6928,9316,108,195781836,193114640,2667196,264,1403340,806868,8828,197350716,195156668,2194048,152,280084,1436400,10444
2026-08-27T19:18:19.898346,393132552,388271640,389728456,428,1683556,2243268,19272,34359738367,268448,16244,6928,9316,108,195781836,193114640,2667196,264,1403412,806868,8828,197350716,195157000,2193716,164,280144,1436400,10444
2026-08-27T19:18:20.399330,393132552,388272584,389729416,436,1683476,2243268,19272,34359738367,268400,16244,6928,9316,108,195781836,193114672,2667164,272,1403372,806868,8828,197350716,195157912,2192804,164,280104,1436400,10444
2026-08-27T19:18:20.900296,393132552,388272772,389729604,440,1683588,2243268,19272,34359738367,268448,16244,6928,9316,108,195781836,193114672,2667164,272,1403432,806868,8828,197350716,195158100,2192616,168,280156,1436400,10444
2026-08-27T19:18:21.401281,393132552,388273280,389730112,440,1683512,2243268,19272,34359738367,267520,16244,6928,9316,108,195781836,193114704,2667132,272,1403388,806868,8828,197350716,195158576,2192140,168,280124,1436400,10444
2026-08-27T19:18:21.902045,393132552,388273064,389729896,444,1683600,2243268,19272,34359738367,268432,16244,6928,9316,108,195781836,193114988,2666848,272,1403436,806868,8828,197350716,195158076,2192640,172,280164,1436400,10444
2026-08-27T19:18:22.403041,393132552,388271436,389728304,444,1683320,2243268,19476,34359738367,268448,16244,6928,9316,108,195781836,193115036,2666800,272,1403288,806868,8828,197350716,195156400,2194316,172,280032,1436400,10648
2026-08-27T19:18:22.904049,393132552,388271976,389728844,448,1683404,2243268,19476,34359738367,268368,16244,6928,9316,108,195781836,193115036,2666800,272,1403332,806868,8828,197350716,195156940,2193776,176,280072,1436400,10648
2026-08-27T19:18:23.405151,393132552,388272236,389729104,452,1683372,2243268,19272,34359738367,268448,16244,6928,9316,108,195781836,193115100,2666736,276,1403316,806868,8828,197350716,195157136,2193580,176,280056,1436400,10444
2026-08-27T19:18:23.906194,393132552,388273036,389729904,456,1683460,2243268,19272,34359738367,267456,16244,6928,9316,108,195781836,193115100,2666736,276,1403360,806868,8828,197350716,195157936,2192780,180,280100,1436400,10444
2026-08-27T19:18:24.407007,393132552,388272932,389729804,324,1683424,2243268,19272,34359738367,268432,16244,6928,9316,108,195781836,193115100,2666736,260,1403344,806868,8828,197350716,195157832,2192884,64,280080,1436400,10444
2026-08-27T19:18:24.908045,393132552,388271736,389728608,328,1683552,2243268,19272,34359738367,268448,16244,6928,9316,108,195781836,193115352,2666484,260,1403416,806868,8828,197350716,195156384,2194332,68,280136,1436400,10444
2026-08-27T19:18:25.409040,393132552,388272036,389728932,336,1683476,2243268,19272,34359738367,268384,16244,6928,9316,108,195781836,193115604,2666232,268,1403372,806868,8828,197350716,195156432,2194284,68,280104,1436400,10444
2026-08-27T19:18:25.910039,393132552,388271088,389727984,348,1683596,2243268,19272,34359738367,268448,16244,6928,9316,108,195781836,193115604,2666232,268,1403436,806868,8828,197350716,195155484,2195232,80,280160,1436400,10444
2026-08-27T19:18:26.411049,393132552,388270832,389727752,232,1683512,2243268,19272,34359738367,268464,16244,6928,9316,108,195781836,193115604,2666232,164,1403388,806868,8828,197350716,195155228,2195488,68,280124,1436400,10444
2026-08-27T19:18:26.912041,393132552,388271680,389728600,236,1683600,2243268,19272,34359738367,268432,16244,6928,9316,108,195781836,193115604,2666232,164,1403432,806868,8828,197350716,195156076,2194640,72,280168,1436400,10444
2026-08-27T19:18:27.413059,393132552,388270760,389727680,236,1683328,2243268,19272,34359738367,268448,16244,6928,9316,108,195781836,193115604,2666232,164,1403288,806868,8828,197350716,195155156,2195560,72,280040,1436400,10444
2026-08-27T19:18:27.914083,393132552,388271152,389728072,240,1683416,2243268,19272,34359738367,268320,16244,6928,9316,108,195781836,193115628,2666208,164,1403332,806868,8828,197350716,195155524,2195192,76,280084,1436400,10444
2026-08-27T19:18:28.414846,393132552,388271148,389728080,108,1683156,2243268,19044,34359738367,268416,16244,6928,9316,108,195781836,193115628,2666208,40,1403320,806868,8828,197350716,195155520,2195196,68,279836,1436400,10216
2026-08-27T19:18:28.915874,393132552,388270028,389726960,112,1683012,2243268,19252,34359738367,268464,16244,6928,9316,108,195781836,193115692,2666144,40,1403244,806868,8828,197350716,195154336,2196380,72,279768,1436400,10424
2026-08-27T19:18:29.416886,393132552,388271428,389728360,168,1683208,2243268,19252,34359738367,268432,16244,6928,9316,108,195781836,193115692,2666144,92,1403348,806868,8828,197350716,195155736,2194980,76,279860,1436400,10424
2026-08-27T19:18:29.917945,393132552,388269156,389726088,172,1683340,2243268,19272,34359738367,268448,16244,6928,9316,108,195781836,193115692,2666144,92,1403296,806868,8828,197350716,195153464,2197252,80,280044,1436400,10444
2026-08-27T19:18:30.418951,393132552,388269716,389726648,172,1683484,2243268,19272,34359738367,268352,16244,6928,9316,108,195781836,193115692,2666144,92,1403372,806868,8828,197350716,195154024,2196692,80,280112,1436400,10444
2026-08-27T19:18:30.919759,393132552,388269584,389726516,184,1683360,2243268,19272,34359738367,268448,16244,6928,9316,108,195781836,193115692,2666144,92,1403304,806868,8828,197350716,195153892,2196824,92,280056,1436400,10444
2026-08-27T19:18:31.420783,393132552,388269196,389726128,192,1683520,2243268,19272,34359738367,268480,16244,6928,9316,108,195781836,193115768,2666068,100,1403388,806868,8828,197350716,195153428,2197288,92,280132,1436400,10444
2026-08-27T19:18:31.921898,393132552,388269208,389726204,196,1683368,2243268,19272,34359738367,268432,16244,6928,9316,108,195781836,193115776,2666060,100,1403312,806868,8828,197350716,195153432,2197284,96,280056,1436400,10444
2026-08-27T19:18:32.422900,393132552,388269532,389726536,200,1683572,2243268,19272,34359738367,268448,16244,6928,9316,108,195781836,193115776,2666060,104,1403420,806868,8828,197350716,195153756,2196960,96,280152,1436400,10444
2026-08-27T19:18:32.923893,393132552,388270020,389727024,208,1683428,2243268,19272,34359738367,268208,16244,6928,9316,108,195781836,193115776,2666060,104,1403340,806868,8828,197350716,195154244,2196472,104,280088,1436400,10444
2026-08-27T19:18:33.424668,393132552,388267908,389724912,208,1683624,2243268,19272,34359738367,268448,16244,6928,9316,108,195781836,193115776,2666060,104,1403448,806868,8828,197350716,195152132,2198584,104,280176,1436400,10444
2026-08-27T19:18:33.925746,393132552,388267320,389724324,212,1683016,2243268,19048,34359738367,268464,16244,6928,9316,108,195781836,193115776,2666060,104,1403256,806868,8828,197350716,195151544,2199172,108,279760,1436400,10220
2026-08-27T19:18:34.426777,393132552,388268240,389725244,212,1683212,2243268,19048,34359738367,268432,16244,6928,9316,108,195781836,193115776,2666060,104,1403352,806868,8828,197350716,195152464,2198252,108,279860,1436400,10220
2026-08-27T19:18:34.929268,393132552,388267260,389724264,216,1683344,2243268,19272,34359738367,268448,16244,6928,9316,108,195781836,193115808,2666028,104,1403300,806868,8828,197350716,195151452,2199264,112,280044,1436400,10444
2026-08-27T19:18:35.430261,393132552,388268092,389725100,216,1683488,2243268,19272,34359738367,268048,16244,6928,9316,108,195781836,193115808,2666028,104,1403376,806868,8828,197350716,195152284,2198432,112,280112,1436400,10444
2026-08-27T19:18:35.931173,393132552,388267940,389724948,220,1683364,2243268,19272,34359738367,268432,16244,6928,9316,108,195781836,193115808,2666028,104,1403308,806868,8828,197350716,195152132,2198584,116,280056,1436400,10444
2026-08-27T19:18:36.432168,393132552,388267588,389724596,220,1683528,2243268,19272,34359738367,268464,16244,6928,9316,108,195781836,193115840,2665996,104,1403396,806868,8828,197350716,195151748,2198968,116,280132,1436400,10444
2026-08-27T19:18:36.933194,393132552,388267204,389724212,240,1683384,2243268,19272,34359738367,268416,16244,6928,9316,108,195781836,193115840,2665996,112,1403320,806868,8828,197350716,195151364,2199352,128,280064,1436400,10444
2026-08-27T19:18:37.434231,393132552,388265380,389722388,240,1683580,2243268,19272,34359738367,268448,16244,6928,9316,108,195781836,193115888,2665948,112,1403424,806868,8828,197350716,195149492,2201224,128,280156,1436400,10444
2026-08-27T19:18:37.935198,393132552,388265236,389722244,244,1683432,2243268,19272,34359738367,268032,16244,6928,9316,108,195781836,193115888,2665948,112,1403348,806868,8828,197350716,195149348,2201368,132,280084,1436400,10444
2026-08-27T19:18:38.435941,393132552,388266688,389723696,244,1683624,2243268,19272,34359738367,268432,16244,6928,9316,108,195781836,193115888,2665948,112,1403444,806868,8828,197350716,195150800,2199916,132,280180,1436400,10444
2026-08-27T19:18:38.936955,393132552,388265000,389722016,144,1683272,2243268,19272,34359738367,268464,16244,6928,9316,108,195781836,193115888,2665948,60,1403264,806868,8828,197350716,195149112,2201604,84,280008,1436400,10444
2026-08-27T19:18:39.438023,393132552,388265352,389722368,168,1683456,2243268,19272,34359738367,268416,16244,6928,9316,108,195781836,193115888,2665948,76,1403356,806868,8828,197350716,195149464,2201252,92,280100,1436400,10444
2026-08-27T19:18:39.939034,393132552,388265984,389723000,172,1683348,2243268,19272,34359738367,268448,16244,6928,9316,108,195781836,193115888,2665948,76,1403300,806868,8828,197350716,195150096,2200620,96,280048,1436400,10444
2026-08-27T19:18:40.440022,393132552,388266432,389723448,172,1683500,2243268,19272,34359738367,267936,16244,6928,9316,108,195781836,193115888,2665948,76,1403380,806868,8828,197350716,195150544,2200172,96,280120,1436400,10444
2026-08-27T19:18:40.940782,393132552,388264604,389721624,176,1683364,2243268,19272,34359738367,268432,16244,6928,9316,108,195781836,193115888,2665948,80,1403312,806868,8828,197350716,195148716,2202000,96,280060,1436400,10444
2026-08-27T19:18:41.441846,393132552,388264784,389721804,176,1683532,2243268,19272,34359738367,268448,16244,6928,9316,108,195781836,193115888,2665948,80,1403396,806868,8828,197350716,195148896,2201820,96,280136,1436400,10444
2026-08-27T19:18:41.942851,393132552,388265452,389722472,180,1683396,2243268,19272,34359738367,268400,16244,6928,9316,108,195781836,193115888,2665948,80,1403324,806868,8828,197350716,195149564,2201152,100,280072,1436400,10444
2026-08-27T19:18:42.443850,393132552,388264732,389721752,192,1683584,2243268,19272,34359738367,268448,16244,6928,9316,108,195781836,193115888,2665948,92,1403428,806868,8828,197350716,195148844,2201872,100,280156,1436400,10444
2026-08-27T19:18:42.944817,393132552,388264364,389721392,208,1683444,2243268,19272,34359738367,267984,16244,6928,9316,108,195781836,193115920,2665916,92,1403356,806868,8828,197350716,195148444,2202272,116,280088,1436400,10444
2026-08-27T19:18:43.445578,393132552,388262840,389719868,208,1683640,2243268,19272,34359738367,268432,16244,6928,9316,108,195781836,193115920,2665916,92,1403452,806868,8828,197350716,195146920,2203796,116,280188,1436400,10444
2026-08-27T19:18:43.946592,393132552,388262288,389719316,212,1683284,2243268,19272,34359738367,268448,16244,6928,9316,108,195781836,193115960,2665876,92,1403268,806868,8828,197350716,195146328,2204388,120,280016,1436400,10444
2026-08-27T19:18:44.447602,393132552,388263724,389720752,220,1683460,2243268,19272,34359738367,268384,16244,6928,9316,108,195781836,193115960,2665876,100,1403360,806868,8828,197350716,195147764,2202952,120,280100,1436400,10444
2026-08-27T19:18:44.948625,393132552,388262476,389719564,200,1683368,2243268,19272,34359738367,268448,16244,6928,9316,108,195781836,193115960,2665876,100,1403312,806868,8828,197350716,195146516,2204200,100,280056,1436400,10444
2026-08-27T19:18:45.449660,393132552,388263340,389720428,200,1683504,2243268,19272,34359738367,267712,16244,6928,9316,108,195781836,193115708,2666128,100,1403384,806868,8828,197350716,195147632,2203084,100,280120,1436400,10444
2026-08-27T19:18:45.950382,393132552,388262572,389719660,204,1683380,2243268,19272,34359738367,268432,16244,6928,9316,108,195781836,193115708,2666128,100,1403316,806868,8828,197350716,195146864,2203852,104,280064,1436400,10444
2026-08-27T19:18:46.451403,393132552,388261032,389718128,204,1683536,2243268,19272,34359738367,268448,16244,6928,9316,108,195781836,193115708,2666128,100,1403400,806868,8828,197350716,195145324,2205392,104,280136,1436400,10444
2026-08-27T19:18:46.952395,393132552,388260904,389718000,208,1683396,2243268,19272,34359738367,268416,16244,6928,9316,108,195781836,193115708,2666128,100,1403328,806868,8828,197350716,195145196,2205520,108,280068,1436400,10444
2026-08-27T19:18:47.453431,393132552,388261684,389718780,208,1683588,2243268,19272,34359738367,268448,16244,6928,9316,108,195781836,193115708,2666128,100,1403428,806868,8828,197350716,195145976,2204740,108,280160,1436400,10444
2026-08-27T19:18:47.954404,393132552,388262356,389719452,220,1683452,2243268,19272,34359738367,267760,16244,6928,9316,108,195781836,193115708,2666128,108,1403360,806868,8828,197350716,195146648,2204068,112,280092,1436400,10444
2026-08-27T19:18:48.455133,393132552,388262268,389719376,220,1683640,2243268,19272,34359738367,268432,16244,6928,9316,108,195781836,193115708,2666128,108,1403452,806868,8828,197350716,195146560,2204156,112,280188,1436400,10444
2026-08-27T19:18:48.956116,393132552,388431552,389698260,240,1494560,2243268,19272,34359738367,267600,16244,6928,9316,108,195781836,193284704,2497132,108,1214436,806868,8828,197350716,195146848,2203868,132,280124,1436400,10444
2026-08-27T19:18:49.456839,393132552,388824208,389706376,240,1127556,2224396,19116,34359738367,268432,16244,6928,9316,108,195781836,193661516,2120320,108,847700,806868,8884,197350716,195162692,2188024,132,279856,1417528,10232
2026-08-27T19:18:49.957958,393132552,388833256,389705336,248,1118344,2224452,19328,34359738367,267856,16244,6928,9316,108,195781836,193670564,2111272,112,838240,806908,8884,197350716,195162692,2188024,136,280104,1417544,10444
2026-08-27T19:18:50.458686,393132552,388833784,389705648,248,1117756,2224292,19272,34359738367,268448,16244,6928,9316,108,195781836,193671056,2110780,112,837584,806860,8828,197350716,195162728,2187988,136,280172,1417432,10444
2026-08-27T19:18:50.959691,393132552,388834500,389706372,252,1117456,2224420,19272,34359738367,268448,16244,6928,9316,108,195781836,193671056,2110780,112,837424,806924,8828,197350716,195163444,2187272,140,280032,1417496,10444
2026-08-27T19:18:51.460679,393132552,388834656,389706528,252,1117588,2224520,19272,34359738367,268416,16244,6928,9316,108,195781836,193670804,2111032,112,837496,806984,8828,197350716,195163852,2186864,140,280092,1417536,10444
2026-08-27T19:18:51.961711,393132552,388832348,389704228,256,1117512,2224520,19272,34359738367,268448,16244,6928,9316,108,195781836,193670804,2111032,112,837452,806984,8828,197350716,195161544,2189172,144,280060,1417536,10444
2026-08-27T19:18:52.462675,393132552,388834552,389706492,256,1117644,2224520,19272,34359738367,268048,16244,6928,9316,108,195781836,193672048,2109788,112,837524,806984,8828,197350716,195162504,2188212,144,280120,1417536,10444
2026-08-27T19:18:52.963428,393132552,388834800,389706748,260,1117540,2224520,19272,34359738367,268432,16244,6928,9316,108,195781836,193672552,2109284,112,837464,806984,8828,197350716,195162248,2188468,148,280076,1417536,10444
2026-08-27T19:18:53.464438,393132552,388833212,389705160,268,1117680,2224520,19272,34359738367,268448,16244,6928,9316,108,195781836,193672552,2109284,120,837540,806984,8828,197350716,195160660,2190056,148,280140,1417536,10444
2026-08-27T19:18:53.965508,393132552,388834580,389706528,268,1117552,2224520,19272,34359738367,268416,16244,6928,9316,108,195781836,193672552,2109284,120,837472,806984,8828,197350716,195162028,2188688,148,280080,1417536,10444
2026-08-27T19:18:54.466502,393132552,388835184,389707136,268,1117724,2224520,19272,34359738367,268448,16244,6928,9316,108,195781836,193672552,2109284,120,837568,806984,8828,197350716,195162632,2188084,148,280156,1417536,10444
2026-08-27T19:18:54.967473,393132552,388835120,389707072,284,1117604,2224520,19272,34359738367,268048,16244,6928,9316,108,195781836,193672552,2109284,120,837500,806984,8828,197350716,195162568,2188148,164,280104,1417536,10444
2026-08-27T19:18:55.468212,393132552,388836484,389708448,164,1117788,2224520,19272,34359738367,268432,16244,6928,9316,108,195781836,193673132,2108704,108,837596,806984,8828,197350716,195163352,2187364,56,280192,1417536,10444
2026-08-27T19:18:55.969264,393132552,388834484,389706452,168,1117440,2224520,19272,34359738367,268464,16244,6928,9316,108,195781836,193673216,2108620,108,837416,806984,8828,197350716,195161268,2189448,60,280024,1417536,10444
2026-08-27T19:18:56.470243,393132552,388835832,389707800,168,1117600,2224520,19272,34359738367,268400,16244,6928,9316,108,195781836,193673216,2108620,108,837500,806984,8828,197350716,195162616,2188100,60,280100,1417536,10444
2026-08-27T19:18:56.971044,393132552,388835712,389707708,172,1117516,2224520,19272,34359738367,268448,16244,6928,9316,108,195781836,193673216,2108620,108,837452,806984,8828,197350716,195162496,2188220,64,280064,1417536,10444
2026-08-27T19:18:57.472000,393132552,388836016,389708012,172,1117652,2224520,19272,34359738367,267840,16244,6928,9316,108,195781836,193673216,2108620,108,837524,806984,8828,197350716,195162800,2187916,64,280128,1417536,10444
2026-08-27T19:18:57.972758,393132552,388835088,389707148,176,1117544,2224520,19272,34359738367,268432,16244,6928,9316,108,195781836,193673216,2108620,108,837464,806984,8828,197350716,195161872,2188844,68,280080,1417536,10444
2026-08-27T19:18:58.473793,393132552,388835376,389707436,176,1117688,2224520,19272,34359738367,268448,16244,6928,9316,108,195781836,193673576,2108260,108,837544,806984,8828,197350716,195161800,2188916,68,280144,1417536,10444
2026-08-27T19:18:58.974800,393132552,388835836,389707900,180,1117556,2224520,19272,34359738367,268416,16244,6928,9316,108,195781836,193673828,2108008,108,837476,806984,8828,197350716,195162008,2188708,72,280080,1417536,10444
2026-08-27T19:18:59.475797,393132552,388835320,389707384,192,1117736,2224520,19272,34359738367,268448,16244,6928,9316,108,195781836,193673828,2108008,120,837572,806984,8828,197350716,195161492,2189224,72,280164,1417536,10444
2026-08-27T19:18:59.976747,393132552,388838536,389710600,196,1117600,2224520,19272,34359738367,267760,16244,6928,9316,108,195781836,193673828,2108008,120,837500,806984,8828,197350716,195164708,2186008,76,280100,1417536,10444
2026-08-27T19:19:00.477512,393132552,388838240,389710304,124,1117796,2224520,19272,34359738367,268432,16244,6928,9316,108,195781836,193673828,2108008,60,837600,806984,8828,197350716,195164412,2186304,64,280196,1417536,10444
2026-08-27T19:19:00.978501,393132552,388837176,389709240,136,1117468,2224520,19272,34359738367,268448,16244,6928,9316,108,195781836,193673828,2108008,60,837432,806984,8828,197350716,195163348,2187368,76,280036,1417536,10444
2026-08-27T19:19:01.479479,393132552,388837544,389709616,136,1117604,2224520,19272,34359738367,268400,16244,6928,9316,108,195781836,193674080,2107756,60,837500,806984,8828,197350716,195163464,2187252,76,280104,1417536,10444
2026-08-27T19:19:01.980497,393132552,388836660,389708764,136,1117524,2224520,19272,34359738367,268448,16244,6928,9316,108,195781836,193674332,2107504,60,837460,806984,8828,197350716,195162328,2188388,76,280064,1417536,10444
2026-08-27T19:19:02.481471,393132552,388837840,389709944,136,1117656,2224520,19272,34359738367,267808,16244,6928,9316,108,195781836,193674332,2107504,60,837528,806984,8828,197350716,195163508,2187208,76,280128,1417536,10444
2026-08-27T19:19:02.982195,393132552,388836320,389708440,140,1117544,2224520,19272,34359738367,268432,16244,6928,9316,108,195781836,193674332,2107504,60,837464,806984,8828,197350716,195161988,2188728,80,280080,1417536,10444
2026-08-27T19:19:03.483175,393132552,388837472,389709592,140,1117692,2224520,19272,34359738367,268448,16244,6928,9316,108,195781836,193674340,2107496,60,837544,806984,8828,197350716,195163132,2187584,80,280148,1417536,10444
2026-08-27T19:19:03.984170,393132552,388837380,389709508,144,1117556,2224520,19272,34359738367,268416,16244,6928,9316,108,195781836,193674340,2107496,60,837472,806984,8828,197350716,195163040,2187676,84,280084,1417536,10444
2026-08-27T19:19:04.485154,393132552,388836048,389708176,152,1117736,2224520,19272,34359738367,268448,16244,6928,9316,108,195781836,193674592,2107244,60,837568,806984,8828,197350716,195161456,2189260,92,280168,1417536,10444
2026-08-27T19:19:04.986160,393132552,388835968,389708100,156,1117612,2224520,19272,34359738367,267888,16244,6928,9316,108,195781836,193674592,2107244,60,837500,806984,8828,197350716,195161376,2189340,96,280112,1417536,10444
2026-08-27T19:19:05.486889,393132552,388836788,389708920,156,1117788,2224520,19272,34359738367,268432,16244,6928,9316,108,195781836,193674592,2107244,60,837592,806984,8828,197350716,195162196,2188520,96,280196,1417536,10444
2026-08-27T19:19:05.987875,393132552,388835644,389707788,160,1117448,2224520,19272,34359738367,268448,16244,6928,9316,108,195781836,193674592,2107244,60,837416,806984,8828,197350716,195161052,2189664,100,280032,1417536,10444
2026-08-27T19:19:06.488845,393132552,388836300,389708488,160,1117604,2224520,19272,34359738367,268416,16244,6928,9316,108,195781836,193674592,2107244,60,837500,806984,8828,197350716,195161708,2189008,100,280104,1417536,10444
2026-08-27T19:19:06.989674,393132552,388835544,389707748,172,1117528,2224520,19272,34359738367,268448,16244,6928,9316,108,195781836,193674592,2107244,60,837460,806984,8828,197350716,195160952,2189764,112,280068,1417536,10444
2026-08-27T19:19:07.490637,393132552,388836340,389708544,172,1117652,2224520,19272,34359738367,267824,16244,6928,9316,108,195781836,193674844,2106992,60,837524,806984,8828,197350716,195161496,2189220,112,280128,1417536,10444
2026-08-27T19:19:07.991378,393132552,388834844,389707064,176,1117556,2224520,19272,34359738367,268432,16244,6928,9316,108,195781836,193674844,2106992,60,837468,806984,8828,197350716,195160000,2190716,116,280088,1417536,10444
2026-08-27T19:19:08.492367,393132552,388834548,389706804,188,1117684,2224520,19272,34359738367,268448,16244,6928,9316,108,195781836,193674844,2106992,64,837540,806984,8828,197350716,195159704,2191012,124,280144,1417536,10444
2026-08-27T19:19:08.993390,393132552,388834884,389707140,188,1117552,2224520,19272,34359738367,268400,16244,6928,9316,108,195781836,193674844,2106992,64,837472,806984,8828,197350716,195160040,2190676,124,280080,1417536,10444
2026-08-27T19:19:09.494365,393132552,388835016,389707308,188,1117732,2224520,19272,34359738367,268448,16244,6928,9316,108,195781836,193674844,2106992,64,837568,806984,8828,197350716,195160172,2190544,124,280164,1417536,10444
2026-08-27T19:19:09.995322,393132552,388834716,389707008,192,1117612,2224520,19272,34359738367,267648,16244,6928,9316,108,195781836,193674844,2106992,64,837500,806984,8828,197350716,195159872,2190844,128,280112,1417536,10444
2026-08-27T19:19:10.496277,393132552,388834000,389706300,200,1117792,2224520,19272,34359738367,268432,16244,6928,9316,108,195781836,193675096,2106740,72,837596,806984,8828,197350716,195158904,2191812,128,280196,1417536,10444
2026-08-27T19:19:10.997282,393132552,388833108,389705496,204,1117476,2224520,19272,34359738367,268448,16244,6928,9316,108,195781836,193675096,2106740,72,837428,806984,8828,197350716,195158012,2192704,132,280048,1417536,10444
2026-08-27T19:19:11.498257,393132552,388833364,389705796,208,1117612,2224520,19272,34359738367,268416,16244,6928,9316,108,195781836,193675096,2106740,76,837496,806984,8828,197350716,195158268,2192448,132,280116,1417536,10444
2026-08-27T19:19:11.999239,393132552,388831980,389704412,212,1117548,2224520,19272,34359738367,268448,16244,6928,9316,108,195781836,193675096,2106740,76,837464,806984,8828,197350716,195156884,2193832,136,280084,1417536,10444
2026-08-27T19:19:12.500215,393132552,388832300,389704736,212,1117668,2224520,19272,34359738367,267472,16244,6928,9316,108,195781836,193675096,2106740,76,837528,806984,8828,197350716,195157204,2193512,136,280140,1417536,10444
2026-08-27T19:19:13.001105,393132552,388832572,389705008,224,1117564,2224520,19272,34359738367,268432,16244,6928,9316,108,195781836,193675096,2106740,76,837472,806984,8828,197350716,195157476,2193240,148,280092,1417536,10444
2026-08-27T19:19:13.502144,393132552,388831476,389703920,224,1117704,2224520,19272,34359738367,268448,16244,6928,9316,108,195781836,193675348,2106488,76,837548,806984,8828,197350716,195156128,2194588,148,280156,1417536,10444
2026-08-27T19:19:14.003116,393132552,388831572,389704032,224,1117580,2224520,19272,34359738367,268416,16244,6928,9316,108,195781836,193675348,2106488,76,837484,806984,8828,197350716,195156224,2194492,148,280096,1417536,10444
2026-08-27T19:19:14.503917,393132552,388832804,389705272,224,1117764,2224520,19272,34359738367,268416,16244,6928,9316,108,195781836,193675356,2106480,76,837580,806984,8828,197350716,195157448,2193268,148,280184,1417536,10444
2026-08-27T19:19:15.004875,393132552,388834096,389706568,228,1117632,2224520,19272,34359738367,268256,16244,6928,9316,108,195781836,193675356,2106480,76,837508,806984,8828,197350716,195158740,2191976,152,280124,1417536,10444
2026-08-27T19:19:15.505907,393132552,388835096,389707596,124,1117804,2224520,19272,34359738367,268432,16244,6928,9316,108,195781836,193675356,2106480,32,837600,806984,8828,197350716,195159740,2190976,92,280204,1417536,10444
2026-08-27T19:19:16.007027,393132552,388836208,389708708,164,1117264,2224520,19252,34359738367,268448,16244,6928,9316,108,195781836,193675608,2106228,52,837436,806984,8828,197350716,195160600,2190116,112,279828,1417536,10424
2026-08-27T19:19:16.508026,393132552,388836576,389709080,164,1117392,2224520,19252,34359738367,268368,16244,6928,9316,108,195781836,193675608,2106228,52,837504,806984,8828,197350716,195160968,2189748,112,279888,1417536,10424
2026-08-27T19:19:17.008996,393132552,388835372,389707876,172,1117560,2224520,19272,34359738367,268448,16244,6928,9316,108,195781836,193675608,2106228,56,837472,806984,8828,197350716,195159764,2190952,116,280088,1417536,10444
2026-08-27T19:19:17.509994,393132552,388836332,389708836,172,1117672,2224520,19272,34359738367,267472,16244,6928,9316,108,195781836,193675608,2106228,56,837532,806984,8828,197350716,195160724,2189992,116,280140,1417536,10444
2026-08-27T19:19:18.010777,393132552,388837000,389709504,176,1117800,2224520,19272,34359738367,268400,16244,6928,9316,108,195781836,193675608,2106228,56,837596,806984,8828,197350716,195161392,2189324,120,280204,1417536,10444
2026-08-27T19:19:18.511763,393132552,388837840,389710352,176,1117704,2224520,19272,34359738367,268432,16244,6928,9316,108,195781836,193675608,2106228,56,837548,806984,8828,197350716,195162232,2188484,120,280156,1417536,10444
2026-08-27T19:19:19.012717,393132552,388838652,389711164,192,1117816,2224520,19272,34359738367,268384,16244,6928,9316,108,195781836,193675860,2105976,56,837604,806984,8828,197350716,195162792,2187924,136,280212,1417536,10444
2026-08-27T19:19:19.513519,393132552,388839452,389711964,192,1117748,2224520,19272,34359738367,268448,16244,6928,9316,108,195781836,193675860,2105976,56,837572,806984,8828,197350716,195163592,2187124,136,280176,1417536,10444
2026-08-27T19:19:20.014502,393132552,388839348,389711860,176,1117868,2224520,19272,34359738367,267680,16244,6928,9316,108,195781836,193675896,2105940,56,837632,806984,8828,197350716,195163452,2187264,120,280236,1417536,10444
2026-08-27T19:19:20.515278,393132552,388840648,389713160,176,1117572,2224520,19272,34359738367,268432,16244,6928,9316,108,195781836,193675896,2105940,56,837476,806984,8828,197350716,195164752,2185964,120,280096,1417536,10444
2026-08-27T19:19:21.016254,393132552,388841752,389714264,188,1117492,2224520,19272,34359738367,268448,16244,6928,9316,108,195781836,193675896,2105940,60,837440,806984,8828,197350716,195165856,2184860,128,280052,1417536,10444
2026-08-27T19:19:21.517260,393132552,388842232,389714744,196,1117616,2224520,19272,34359738367,268384,16244,6928,9316,108,195781836,193675912,2105924,68,837504,806984,8828,197350716,195166320,2184396,128,280112,1417536,10444
2026-08-27T19:19:22.018051,393132552,388840992,389713504,196,1117796,2224520,19272,34359738367,268448,16244,6928,9316,108,195781836,193676164,2105672,68,837592,806984,8828,197350716,195164828,2185888,128,280204,1417536,10444
2026-08-27T19:19:22.519018,393132552,388841452,389713964,196,1117672,2224520,19272,34359738367,267456,16244,6928,9316,108,195781836,193676164,2105672,68,837532,806984,8828,197350716,195165288,2185428,128,280140,1417536,10444
2026-08-27T19:19:23.019811,393132552,388841184,389713764,200,1117800,2224520,19272,34359738367,268432,16244,6928,9316,108,195781836,193675912,2105924,68,837596,806984,8828,197350716,195165272,2185444,132,280204,1417536,10444
2026-08-27T19:19:23.520810,393132552,388841624,389714204,200,1117700,2224520,19272,34359738367,268432,16244,6928,9316,108,195781836,193675936,2105900,68,837544,806984,8828,197350716,195165688,2185028,132,280156,1417536,10444
2026-08-27T19:19:24.021843,393132552,388841700,389714280,212,1117580,2224520,19272,34359738367,268384,16244,6928,9316,108,195781836,193675936,2105900,68,837484,806984,8828,197350716,195165764,2184952,144,280096,1417536,10444
2026-08-27T19:19:24.522642,393132552,388840852,389713432,212,1117752,2224520,19272,34359738367,268448,16244,6928,9316,108,195781836,193675936,2105900,68,837572,806984,8828,197350716,195164916,2185800,144,280180,1417536,10444
2026-08-27T19:19:25.023614,393132552,388841152,389713732,216,1117628,2224520,19272,34359738367,267456,16244,6928,9316,108,195781836,193676188,2105648,68,837508,806984,8828,197350716,195164964,2185752,148,280120,1417536,10444
2026-08-27T19:19:25.524476,393132552,388841576,389714156,216,1117784,2224520,19272,34359738367,268432,16244,6928,9316,108,195781836,193676188,2105648,68,837596,806984,8828,197350716,195165388,2185328,148,280188,1417536,10444
2026-08-27T19:19:26.025526,393132552,388838732,389711332,108,1117492,2224520,19272,34359738367,268448,16244,6928,9316,108,195781836,193676188,2105648,60,837440,806984,8828,197350716,195162544,2188172,48,280052,1417536,10444
2026-08-27T19:19:26.526514,393132552,388839040,389711640,108,1117616,2224520,19272,34359738367,268368,16244,6928,9316,108,195781836,193676192,2105644,60,837500,806984,8828,197350716,195162848,2187868,48,280116,1417536,10444
2026-08-27T19:19:27.027319,393132552,388839452,389712076,132,1117560,2224520,19272,34359738367,268448,16244,6928,9316,108,195781836,193675940,2105896,80,837472,806984,8828,197350716,195163512,2187204,52,280088,1417536,10444
2026-08-27T19:19:27.528316,393132552,388837752,389710376,152,1117672,2224520,19272,34359738367,268464,16244,6928,9316,108,195781836,193675940,2105896,88,837528,806984,8828,197350716,195161812,2188904,64,280144,1417536,10444
2026-08-27T19:19:28.029285,393132552,388838944,389711568,156,1117572,2224520,19272,34359738367,268432,16244,6928,9316,108,195781836,193675940,2105896,88,837472,806984,8828,197350716,195163004,2187712,68,280100,1417536,10444
2026-08-27T19:19:28.530258,393132552,388839712,389712348,156,1117704,2224520,19272,34359738367,268448,16244,6928,9316,108,195781836,193675940,2105896,88,837540,806984,8828,197350716,195163772,2186944,68,280164,1417536,10444
2026-08-27T19:19:29.031238,393132552,388840664,389713300,160,1117596,2224520,19272,34359738367,268336,16244,6928,9316,108,195781836,193675940,2105896,88,837480,806984,8828,197350716,195164724,2185992,72,280116,1417536,10444
2026-08-27T19:19:29.533270,393132552,388839836,389712472,160,1117760,2224520,19272,34359738367,268448,16244,6928,9316,108,195781836,193675940,2105896,88,837572,806984,8828,197350716,195163896,2186820,72,280188,1417536,10444
2026-08-27T19:19:30.034267,393132552,388838844,389711480,168,1117640,2224520,19272,34359738367,268464,16244,6928,9316,108,195781836,193675688,2106148,88,837512,806984,8828,197350716,195163156,2187560,80,280128,1417536,10444
2026-08-27T19:19:30.535260,393132552,388839240,389711892,168,1117792,2224520,19272,34359738367,268432,16244,6928,9316,108,195781836,193675688,2106148,88,837588,806984,8828,197350716,195163552,2187164,80,280204,1417536,10444
2026-08-27T19:19:31.036254,393132552,388837108,389709760,100,1117520,2224520,19272,34359738367,268448,16244,6928,9316,108,195781836,193675688,2106148,28,837444,806984,8828,197350716,195161420,2189296,72,280076,1417536,10444
2026-08-27T19:19:31.537258,393132552,388838300,389710952,100,1117632,2224520,19272,34359738367,268336,16244,6928,9316,108,195781836,193675688,2106148,28,837504,806984,8828,197350716,195162612,2188104,72,280128,1417536,10444
2026-08-27T19:19:32.038172,393132552,388838300,389710952,104,1117556,2224520,19272,34359738367,268448,16244,6928,9316,108,195781836,193675688,2106148,28,837416,806984,8828,197350716,195162612,2188104,76,280140,1417536,10444
2026-08-27T19:19:32.538930,393132552,388839016,389711668,132,1117680,2224520,19272,34359738367,268160,16244,6928,9316,108,195781836,193675688,2106148,56,837432,806984,8828,197350716,195163328,2187388,76,280248,1417536,10444
2026-08-27T19:19:33.039687,393132552,388839496,389712148,136,1117432,2224520,19132,34359738367,268432,16244,6928,9316,108,195781836,193675688,2106148,56,837424,806984,8828,197350716,195163808,2186908,80,280008,1417536,10304
2026-08-27T19:19:33.540671,393132552,388840072,389712724,136,1117548,2224520,19132,34359738367,268384,16244,6928,9316,108,195781836,193675688,2106148,56,837484,806984,8828,197350716,195164384,2186332,80,280064,1417536,10304
2026-08-27T19:19:34.041685,393132552,388840200,389712856,140,1117544,2224520,19272,34359738367,268448,16244,6928,9316,108,195781836,193675688,2106148,56,837456,806984,8828,197350716,195164512,2186204,84,280088,1417536,10444
2026-08-27T19:19:34.542643,393132552,388840888,389713544,140,1117648,2224520,19272,34359738367,267632,16244,6928,9316,108,195781836,193675688,2106148,56,837512,806984,8828,197350716,195165200,2185516,84,280136,1417536,10444
2026-08-27T19:19:35.043611,393132552,388840320,389712980,144,1117576,2224520,19272,34359738367,268432,16244,6928,9316,108,195781836,193675940,2105896,56,837476,806984,8828,197350716,195164380,2186336,88,280100,1417536,10444
2026-08-27T19:19:35.544624,393132552,388840132,389712816,144,1117704,2224520,19272,34359738367,268448,16244,6928,9316,108,195781836,193675940,2105896,56,837540,806984,8828,197350716,195164192,2186524,88,280164,1417536,10444
2026-08-27T19:19:36.045661,393132552,388840412,389713096,160,1117604,2224520,19272,34359738367,268416,16244,6928,9316,108,195781836,193675940,2105896,60,837488,806984,8828,197350716,195164472,2186244,100,280116,1417536,10444
2026-08-27T19:19:36.546621,393132552,388839992,389712676,160,1117744,2224520,19272,34359738367,268448,16244,6928,9316,108,195781836,193675940,2105896,60,837560,806984,8828,197350716,195164052,2186664,100,280184,1417536,10444
2026-08-27T19:19:37.047712,393132552,388840232,389712916,164,1117640,2224520,19272,34359738367,267584,16244,6928,9316,108,195781836,193675940,2105896,60,837504,806984,8828,197350716,195164292,2186424,104,280136,1417536,10444
2026-08-27T19:19:37.548458,393132552,388839876,389712568,164,1117796,2224520,19272,34359738367,268432,16244,6928,9316,108,195781836,193675940,2105896,60,837588,806984,8828,197350716,195163936,2186780,104,280208,1417536,10444
2026-08-27T19:19:38.049485,393132552,388838396,389711088,164,1117664,2224520,19256,34359738367,268448,16244,6928,9316,108,195781836,193676192,2105644,60,837528,806984,8828,197350716,195162204,2188512,104,280136,1417536,10428
2026-08-27T19:19:38.550456,393132552,388839100,389711792,172,1117788,2224520,19256,34359738367,268368,16244,6928,9316,108,195781836,193676192,2105644,68,837592,806984,8828,197350716,195162908,2187808,104,280196,1417536,10428
2026-08-27T19:19:39.051240,393132552,388839072,389711824,176,1117536,2224520,19272,34359738367,268448,16244,6928,9316,108,195781836,193676192,2105644,68,837456,806984,8828,197350716,195162880,2187836,108,280080,1417536,10444
2026-08-27T19:19:39.552202,393132552,388844700,389717452,176,1117656,2224520,19272,34359738367,267568,16244,6928,9316,108,195781836,193676192,2105644,68,837516,806984,8828,197350716,195168508,2182208,108,280140,1417536,10444
2026-08-27T19:19:40.052941,393132552,388843132,389715884,180,1117596,2224520,19272,34359738367,268432,16244,6928,9316,108,195781836,193676192,2105644,68,837484,806984,8828,197350716,195166940,2183776,112,280112,1417536,10444
2026-08-27T19:19:40.553969,393132552,388842740,389715492,180,1117696,2224520,19272,34359738367,268448,16244,6928,9316,108,195781836,193676192,2105644,68,837536,806984,8828,197350716,195166548,2184168,112,280160,1417536,10444
2026-08-27T19:19:41.054924,393132552,388843384,389716136,184,1117584,2224520,19272,34359738367,268400,16244,6928,9316,108,195781836,193676444,2105392,68,837480,806984,8828,197350716,195166940,2183776,116,280104,1417536,10444
2026-08-27T19:19:41.555722,393132552,388843092,389715844,184,1117752,2224520,19272,34359738367,268448,16244,6928,9316,108,195781836,193676444,2105392,68,837564,806984,8828,197350716,195166648,2184068,116,280188,1417536,10444
2026-08-27T19:19:42.056675,393132552,388843412,389716164,196,1117648,2224520,19272,34359738367,267504,16244,6928,9316,108,195781836,193676444,2105392,68,837508,806984,8828,197350716,195166968,2183748,128,280140,1417536,10444
2026-08-27T19:19:42.557455,393132552,388843264,389716016,196,1117800,2224520,19272,34359738367,268432,16244,6928,9316,108,195781836,193676192,2105644,68,837588,806984,8828,197350716,195167072,2183644,128,280212,1417536,10444
2026-08-27T19:19:43.058408,393132552,388841948,389714700,196,1117272,2224520,19252,34359738367,268448,16244,6928,9316,108,195781836,193676192,2105644,68,837440,806984,8828,197350716,195165756,2184960,128,279832,1417536,10424
2026-08-27T19:19:43.559389,393132552,388842708,389715468,196,1117380,2224520,19252,34359738367,268400,16244,6928,9316,108,195781836,193676192,2105644,68,837496,806984,8828,197350716,195166516,2184200,128,279884,1417536,10424
2026-08-27T19:19:44.060159,393132552,388842460,389715220,208,1117560,2224520,19272,34359738367,268448,16244,6928,9316,108,195781836,193676444,2105392,76,837468,806984,8828,197350716,195166016,2184700,132,280092,1417536,10444
2026-08-27T19:19:44.561142,393132552,388843556,389716316,208,1117660,2224520,19272,34359738367,267568,16244,6928,9316,108,195781836,193676444,2105392,76,837520,806984,8828,197350716,195167112,2183604,132,280140,1417536,10444
2026-08-27T19:19:45.062077,393132552,388843276,389716036,220,1117592,2224520,19272,34359738367,268432,16244,6928,9316,108,195781836,193676444,2105392,84,837480,806984,8828,197350716,195166832,2183884,136,280112,1417536,10444
2026-08-27T19:19:45.563073,393132552,388842456,389715216,220,1117696,2224520,19272,34359738367,268448,16244,6928,9316,108,195781836,193676444,2105392,84,837536,806984,8828,197350716,195166012,2184704,136,280160,1417536,10444
2026-08-27T19:19:46.064020,393132552,388842984,389715744,224,1117596,2224520,19272,34359738367,268368,16244,6928,9316,108,195781836,193676444,2105392,84,837480,806984,8828,197350716,195166540,2184176,140,280116,1417536,10444
2026-08-27T19:19:46.565005,393132552,388843212,389715972,180,1117748,2224520,19272,34359738367,268448,16244,6928,9316,108,195781836,193676444,2105392,40,837564,806984,8828,197350716,195166768,2183948,140,280184,1417536,10444
2026-08-27T19:19:47.065993,393132552,388843672,389716432,184,1117644,2224520,19272,34359738367,267472,16244,6928,9316,108,195781836,193676696,2105140,40,837508,806984,8828,197350716,195166976,2183740,144,280136,1417536,10444
2026-08-27T19:19:47.566714,393132552,388843128,389715888,184,1117800,2224520,19272,34359738367,268432,16244,6928,9316,108,195781836,193676696,2105140,40,837592,806984,8828,197350716,195166432,2184284,144,280208,1417536,10444
2026-08-27T19:19:48.067677,393132552,388842000,389714760,196,1117664,2224520,19252,34359738367,268448,16244,6928,9316,108,195781836,193676696,2105140,40,837540,806984,8828,197350716,195165304,2185412,156,280124,1417536,10424
2026-08-27T19:19:48.568650,393132552,388842668,389715428,196,1117768,2224520,19252,34359738367,268400,16244,6928,9316,108,195781836,193676696,2105140,40,837592,806984,8828,197350716,195165972,2184744,156,280176,1417536,10424
2026-08-27T19:19:49.069464,393132552,388842336,389710992,200,1117568,2220488,19272,34359738367,268448,16244,6928,9316,108,195781836,193676696,2105140,40,837472,806984,8828,197350716,195165640,2185076,160,280096,1413000,10444
2026-08-27T19:19:49.570413,393132552,389093800,389478080,216,960172,1917448,19272,34359738367,268432,16244,6928,9316,108,195781836,194003708,1778128,52,680032,457444,8828,197350716,195090092,2260624,164,280140,1459500,10444
2026-08-27T19:19:50.071170,393132552,389191180,389407232,220,798456,1907592,19324,34359738367,268432,16244,6928,9316,108,195781836,194229932,1551904,52,518296,388180,8880,197350716,194955200,2395516,168,280160,1519412,10444
2026-08-27T19:19:50.571879,393132552,389020348,389397544,220,795696,2066196,19324,34359738367,268416,16244,6928,9316,108,195781836,194193032,1588804,52,515536,421448,8880,197350716,194827316,2523400,168,280160,1644748,10444
2026-08-27T19:19:51.072931,393132552,388978592,389451500,232,770520,2191100,19272,34359738367,268416,16244,6928,9316,108,195781836,194182436,1599400,60,490360,479884,8828,197350716,194796156,2554560,172,280160,1711216,10444
2026-08-27T19:19:51.574026,393132552,388976552,389451104,180,762444,2197164,19272,34359738367,268416,16244,6928,9316,108,195781836,194181404,1600432,60,482284,485216,8828,197350716,194795148,2555568,120,280160,1711948,10444
2026-08-27T19:19:52.075054,393132552,388976460,389458156,184,754692,2202428,19272,34359738367,268400,16244,6928,9316,108,195781836,194180956,1600880,60,474808,489152,9052,197350716,194795504,2555212,124,279884,1713276,10220
2026-08-27T19:19:52.576097,393132552,388983264,389465436,184,752696,2203428,19272,34359738367,268304,16244,6928,9316,108,195781836,194187508,1594328,60,472760,490304,9052,197350716,194795756,2554960,124,279936,1713124,10220
2026-08-27T19:19:53.077144,393132552,388983728,389465936,188,751760,2203572,19272,34359738367,268416,16244,6928,9316,108,195781836,194187760,1594076,60,471764,490416,9052,197350716,194795968,2554748,128,279996,1713156,10220
2026-08-27T19:19:53.578243,393132552,388984332,389467064,188,751732,2203556,19272,34359738367,267584,16244,6928,9316,108,195781836,194188504,1593332,60,471600,490420,8840,197350716,194795828,2554888,128,280132,1713136,10432
2026-08-27T19:19:54.079064,393132552,388986228,389469076,208,751848,2203556,19272,34359738367,268432,16244,6928,9316,108,195781836,194189260,1592576,60,471656,490420,8840,197350716,194796968,2553748,148,280192,1713136,10432
2026-08-27T19:19:54.580078,393132552,388993624,389476584,208,751712,2203556,19272,34359738367,268160,16244,6928,9316,108,195781836,194191528,1590308,60,471568,490420,8828,197350716,194802096,2548620,148,280144,1713136,10444
2026-08-27T19:19:55.080814,393132552,389004748,389487816,220,751832,2203556,19272,34359738367,268448,16244,6928,9316,108,195781836,194194804,1587032,68,471632,490420,8828,197350716,194809944,2540772,152,280200,1713136,10444
2026-08-27T19:19:55.581958,393132552,389007804,389490980,220,751696,2203556,19272,34359738367,268384,16244,6928,9316,108,195781836,194195308,1586528,68,471560,490420,8828,197350716,194812496,2538220,152,280136,1713136,10444
2026-08-27T19:19:56.082967,393132552,389013120,389496400,104,751828,2203556,19272,34359738367,268448,16244,6928,9316,108,195781836,194196064,1585772,60,471628,490420,8828,197350716,194817056,2533660,44,280200,1713136,10444
2026-08-27T19:19:56.584007,393132552,389016420,389499912,104,751684,2203556,19272,34359738367,268400,16244,6928,9316,108,195781836,194196568,1585268,60,471556,490420,8828,197350716,194819852,2530864,44,280128,1713136,10444
2026-08-27T19:19:57.085033,393132552,389020812,389504620,116,751816,2203556,19272,34359738367,268448,16244,6928,9316,108,195781836,194197072,1584764,60,471616,490420,8828,197350716,194823740,2526976,56,280200,1713136,10444
2026-08-27T19:19:57.586147,393132552,389027120,389511080,116,751664,2203556,19272,34359738367,268416,16244,6928,9316,108,195781836,194199088,1582748,60,471540,490420,8828,197350716,194828032,2522684,56,280124,1713136,10444
2026-08-27T19:19:58.087205,393132552,389037604,389521564,120,751792,2203556,19272,34359738367,268448,16244,6928,9316,108,195781836,194201860,1579976,60,471604,490420,8828,197350716,194835744,2514972,60,280188,1713136,10444
2026-08-27T19:19:58.588261,393132552,389040752,389524816,120,751656,2203556,19272,34359738367,268416,16244,6928,9316,108,195781836,194202616,1579220,60,471536,490420,8828,197350716,194838136,2512580,60,280120,1713136,10444
2026-08-27T19:19:59.089283,393132552,389047908,389532164,120,751788,2203556,19272,34359738367,268448,16244,6928,9316,108,195781836,194204128,1577708,60,471604,490420,8828,197350716,194843780,2506936,60,280184,1713136,10444
2026-08-27T19:19:59.590326,393132552,389048824,389533080,120,751648,2203556,19272,34359738367,268432,16244,6928,9316,108,195781836,194204380,1577456,60,471532,490420,8828,197350716,194844444,2506272,60,280116,1713136,10444
2026-08-27T19:20:00.091374,393132552,389052604,389536948,132,751772,2203556,19272,34359738367,268448,16244,6928,9316,108,195781836,194204884,1576952,60,471596,490420,8828,197350716,194847720,2502996,72,280176,1713136,10444
2026-08-27T19:20:00.592436,393132552,389055044,389539480,140,751632,2203556,19272,34359738367,268432,16244,6928,9316,108,195781836,194206668,1575168,68,471524,490420,8828,197350716,194848376,2502340,72,280108,1713136,10444
2026-08-27T19:20:01.093557,393132552,389061024,389545580,168,751756,2203556,19272,34359738367,268432,16244,6928,9316,108,195781836,194209440,1572396,88,471588,490420,8828,197350716,194851584,2499132,80,280168,1713136,10444
2026-08-27T19:20:01.594603,393132552,389062008,389546348,168,751500,2203556,19264,34359738367,268464,16244,6928,9316,108,195781836,194210196,1571640,88,471408,490420,8828,197350716,194851812,2498904,80,280092,1713136,10436
2026-08-27T19:20:02.095618,393132552,389064176,389548520,156,751632,2203556,19264,34359738367,267488,16244,6928,9316,108,195781836,194211324,1570512,88,471472,490420,8828,197350716,194852852,2497864,68,280160,1713136,10436
2026-08-27T19:20:02.596383,393132552,389064872,389547512,156,749772,2203556,19048,34359738367,268416,16244,6928,9316,108,195781836,194211576,1570260,88,469924,490420,8828,197350716,194853296,2497420,68,279848,1713136,10220
2026-08-27T19:20:03.097472,393132552,389066128,389548732,88,750052,2203556,19272,34359738367,267664,16244,6928,9316,108,195781836,194212080,1569756,28,469900,490420,8828,197350716,194854048,2496668,60,280152,1713136,10444
2026-08-27T19:20:03.598310,393132552,389068204,389551156,88,750052,2203556,19272,34359738367,268432,16244,6928,9316,108,195781836,194213592,1568244,28,469856,490420,8828,197350716,194854612,2496104,60,280196,1713136,10444
2026-08-27T19:20:04.099372,393132552,389072640,389555592,92,749956,2203556,19272,34359738367,267888,16244,6928,9316,108,195781836,194216868,1564968,28,469808,490420,8828,197350716,194855772,2494944,64,280148,1713136,10444
2026-08-27T19:20:04.600231,393132552,389073176,389556196,92,750032,2203556,19272,34359738367,268448,16244,6928,9316,108,195781836,194217176,1564660,28,469848,490420,8828,197350716,194856000,2494716,64,280184,1713136,10444
2026-08-27T19:20:05.101242,393132552,389073776,389556872,96,749936,2203556,19272,34359738367,268144,16244,6928,9316,108,195781836,194217932,1563904,28,469800,490420,8828,197350716,194855844,2494872,68,280136,1713136,10444
2026-08-27T19:20:05.602018,393132552,389073856,389556144,96,749504,2203556,19272,34359738367,268448,16244,6928,9316,108,195781836,194218436,1563400,28,469332,490420,8828,197350716,194855420,2495296,68,280172,1713136,10444
2026-08-27T19:20:06.103365,393132552,389074888,389557612,108,749488,2203556,19272,34359738367,268368,16244,6928,9316,108,195781836,194218940,1562896,28,469352,490420,8828,197350716,194855948,2494768,80,280136,1713136,10444
2026-08-27T19:20:06.604374,393132552,389075932,389558732,144,749560,2203556,19272,34359738367,268448,16244,6928,9316,108,195781836,194220956,1560880,60,469392,490420,8828,197350716,194854976,2495740,84,280168,1713136,10444
2026-08-27T19:20:07.105469,393132552,389080444,389563380,144,749468,2203556,19272,34359738367,268400,16244,6928,9316,108,195781836,194224232,1557604,60,469340,490420,8828,197350716,194856212,2494504,84,280128,1713136,10444
2026-08-27T19:20:07.609276,393132552,389080324,389563336,144,749552,2203556,19272,34359738367,268416,16244,6928,9316,108,195781836,194224232,1557604,60,469388,490420,8828,197350716,194856092,2494624,84,280164,1713136,10444
2026-08-27T19:20:08.110305,393132552,389081392,389564516,160,749464,2203556,19272,34359738367,268384,16244,6928,9316,108,195781836,194224988,1556848,60,469344,490420,8828,197350716,194856404,2494312,100,280120,1713136,10444
2026-08-27T19:20:08.611334,393132552,389081392,389564516,160,749548,2203556,19272,34359738367,268416,16244,6928,9316,108,195781836,194225492,1556344,60,469384,490420,8828,197350716,194855900,2494816,100,280164,1713136,10444
2026-08-27T19:20:09.112381,393132552,389083048,389566232,164,749468,2203556,19272,34359738367,268384,16244,6928,9316,108,195781836,194226248,1555588,60,469340,490420,8828,197350716,194856800,2493916,104,280128,1713136,10444
2026-08-27T19:20:09.613471,393132552,389085356,389568392,164,749048,2203556,19272,34359738367,268448,16244,6928,9316,108,195781836,194228044,1553792,60,468880,490420,8828,197350716,194857312,2493404,104,280168,1713136,10444
2026-08-27T19:20:10.114520,393132552,389089904,389572664,168,748976,2203556,19272,34359738367,268416,16244,6928,9316,108,195781836,194231320,1550516,60,468852,490420,8828,197350716,194858584,2492132,108,280124,1713136,10444
2026-08-27T19:20:10.615578,393132552,389089352,389572528,168,749068,2203556,19272,34359738367,268464,16244,6928,9316,108,195781836,194231320,1550516,60,468900,490420,8828,197350716,194858032,2492684,108,280168,1713136,10444
2026-08-27T19:20:11.116644,393132552,389090108,389572244,168,748324,2203556,19272,34359738367,268432,16244,6928,9316,108,195781836,194232076,1549760,60,468200,490420,8828,197350716,194858032,2492684,108,280128,1713136,10444
2026-08-27T19:20:11.617770,393132552,389088844,389570980,176,748416,2203556,19272,34359738367,268464,16244,6928,9316,108,195781836,194232832,1549004,68,468248,490420,8828,197350716,194856012,2494704,108,280168,1713136,10444
2026-08-27T19:20:12.118856,393132552,389090356,389572492,188,748324,2203556,19272,34359738367,268432,16244,6928,9316,108,195781836,194233620,1548216,68,468200,490420,8828,197350716,194856736,2493980,120,280124,1713136,10444
2026-08-27T19:20:12.619928,393132552,389091380,389573560,192,748416,2203556,19272,34359738367,268496,16244,6928,9316,108,195781836,194235132,1546704,68,468248,490420,8828,197350716,194856248,2494468,124,280168,1713136,10444
2026-08-27T19:20:13.120974,393132552,389095260,389577532,196,748324,2203556,19272,34359738367,268432,16244,6928,9316,108,195781836,194238408,1543428,68,468200,490420,8828,197350716,194856852,2493864,128,280124,1713136,10444
2026-08-27T19:20:13.622044,393132552,389095784,389578144,196,748416,2203556,19272,34359738367,267504,16244,6928,9316,108,195781836,194238408,1543428,68,468248,490420,8828,197350716,194857376,2493340,128,280168,1713136,10444
2026-08-27T19:20:14.122752,393132552,389095024,389577384,200,748316,2203556,19272,34359738367,268432,16244,6928,9316,108,195781836,194239164,1542672,68,468200,490420,8828,197350716,194855860,2494856,132,280116,1713136,10444
2026-08-27T19:20:14.623769,393132552,389095780,389578140,200,748412,2203556,19272,34359738367,267536,16244,6928,9316,108,195781836,194239920,1541916,68,468248,490420,8828,197350716,194855860,2494856,132,280164,1713136,10444
2026-08-27T19:20:15.124737,393132552,389096680,389579076,204,748088,2203556,19252,34359738367,268448,16244,6928,9316,108,195781836,194240676,1541160,68,468200,490420,8828,197350716,194856004,2494712,136,279888,1713136,10424
2026-08-27T19:20:15.625831,393132552,389098604,389581000,204,748172,2203556,19252,34359738367,267744,16244,6928,9316,108,195781836,194242188,1539648,68,468240,490420,8828,197350716,194856416,2494300,136,279932,1713136,10424
2026-08-27T19:20:16.126567,393132552,389102572,389584972,208,748296,2203556,19476,34359738367,268416,16244,6928,9316,108,195781836,194245464,1536372,68,468188,490420,8828,197350716,194857108,2493608,140,280108,1713136,10648
2026-08-27T19:20:16.627621,393132552,389102940,389585420,212,748392,2203556,19476,34359738367,267952,16244,6928,9316,108,195781836,194245464,1536372,68,468236,490420,8828,197350716,194857476,2493240,144,280156,1713136,10648
2026-08-27T19:20:17.128476,393132552,389104708,389587212,220,748276,2203556,19272,34359738367,268432,16244,6928,9316,108,195781836,194246220,1535616,76,468176,490420,8828,197350716,194858488,2492228,144,280100,1713136,10444
2026-08-27T19:20:17.629565,393132552,389105844,389588384,220,748368,2203556,19272,34359738367,268208,16244,6928,9316,108,195781836,194246848,1534988,76,468224,490420,8828,197350716,194858996,2491720,144,280144,1713136,10444
2026-08-27T19:20:18.130538,393132552,389107232,389589772,232,748280,2203556,19272,34359738367,268448,16244,6928,9316,108,195781836,194247856,1533980,76,468176,490420,8828,197350716,194859376,2491340,156,280104,1713136,10444
2026-08-27T19:20:18.631576,393132552,389109268,389591808,232,748356,2203556,19272,34359738367,268384,16244,6928,9316,108,195781836,194249368,1532468,76,468216,490420,8828,197350716,194859900,2490816,156,280140,1713136,10444
2026-08-27T19:20:19.132409,393132552,389111100,389593640,232,748256,2203556,19272,34359738367,268448,16244,6928,9316,108,195781836,194252392,1529444,76,468168,490420,8828,197350716,194858708,2492008,156,280088,1713136,10444
2026-08-27T19:20:19.633511,393132552,389112116,389594656,236,748340,2203556,19272,34359738367,268400,16244,6928,9316,108,195781836,194252644,1529192,76,468208,490420,8828,197350716,194859472,2491244,160,280132,1713136,10444
2026-08-27T19:20:20.134514,393132552,389112712,389593800,236,747808,2203556,19272,34359738367,268448,16244,6928,9316,108,195781836,194253400,1528436,76,467732,490420,8828,197350716,194859312,2491404,160,280076,1713136,10444
2026-08-27T19:20:20.635561,393132552,389113220,389594644,240,747552,2203556,19272,34359738367,268416,16244,6928,9316,108,195781836,194253652,1528184,76,467432,490420,8828,197350716,194859568,2491148,164,280120,1713136,10444
2026-08-27T19:20:21.136622,393132552,389113124,389594600,244,747148,2203556,19272,34359738367,268448,16244,6928,9316,108,195781836,194254660,1527176,76,467072,490420,8828,197350716,194858464,2492252,168,280076,1713136,10444
2026-08-27T19:20:21.637716,393132552,389115332,389596828,188,747232,2203556,19272,34359738367,268432,16244,6928,9316,108,195781836,194256424,1525412,24,467116,490420,8828,197350716,194858908,2491808,164,280116,1713136,10444
2026-08-27T19:20:22.138776,393132552,389119132,389600652,204,747136,2203556,19272,34359738367,268448,16244,6928,9316,108,195781836,194259448,1522388,32,467064,490420,8828,197350716,194859684,2491032,172,280072,1713136,10444
2026-08-27T19:20:22.639834,393132552,389119340,389600860,228,747228,2203556,19272,34359738367,268432,16244,6928,9316,108,195781836,194259448,1522388,44,467112,490420,8828,197350716,194859892,2490824,184,280116,1713136,10444
2026-08-27T19:20:23.140876,393132552,389119724,389601292,228,746884,2203556,19252,34359738367,268464,16244,6928,9316,108,195781836,194259952,1521884,44,467056,490420,8828,197350716,194859772,2490944,184,279828,1713136,10424
2026-08-27T19:20:23.641986,393132552,389120344,389601948,232,746972,2203556,19252,34359738367,268432,16244,6928,9316,108,195781836,194260456,1521380,44,467100,490420,8828,197350716,194859888,2490828,188,279872,1713136,10424
2026-08-27T19:20:24.143030,393132552,389120216,389601856,232,746884,2203556,19240,34359738367,268464,16244,6928,9316,108,195781836,194261716,1520120,44,467056,490420,8828,197350716,194858500,2492216,188,279828,1713136,10412
2026-08-27T19:20:24.644104,393132552,389123124,389604764,236,746968,2203556,19240,34359738367,268432,16244,6928,9316,108,195781836,194263480,1518356,44,467096,490420,8828,197350716,194859644,2491072,192,279872,1713136,10412
2026-08-27T19:20:25.145114,393132552,389126324,389607964,236,747280,2203556,19260,34359738367,267504,16244,6928,9316,108,195781836,194266284,1515552,44,467152,490420,8828,197350716,194860040,2490676,192,280128,1713136,10432
2026-08-27T19:20:25.645836,393132552,389127228,389608868,240,747364,2203556,19260,34359738367,268432,16244,6928,9316,108,195781836,194266788,1515048,44,467196,490420,8828,197350716,194860440,2490276,196,280168,1713136,10432
2026-08-27T19:20:26.146862,393132552,389127716,389609376,248,747328,2203556,19272,34359738367,267632,16244,6928,9316,108,195781836,194267040,1514796,44,467168,490420,8828,197350716,194860676,2490040,204,280160,1713136,10444
2026-08-27T19:20:26.647745,393132552,389127152,389608812,252,747400,2203556,19272,34359738367,268448,16244,6928,9316,108,195781836,194267292,1514544,44,467200,490420,8828,197350716,194859860,2490856,208,280200,1713136,10444
2026-08-27T19:20:27.148792,393132552,389129588,389611256,252,747324,2203556,19272,34359738367,267760,16244,6928,9316,108,195781836,194268552,1513284,44,467160,490420,8828,197350716,194861036,2489680,208,280164,1713136,10444
2026-08-27T19:20:27.649531,393132552,389131108,389612784,92,747400,2203556,19272,34359738367,268448,16244,6928,9316,108,195781836,194270568,1511268,48,467200,490420,8828,197350716,194860540,2490176,44,280200,1713136,10444
2026-08-27T19:20:28.150546,393132552,389133956,389615640,100,747320,2203556,19272,34359738367,267840,16244,6928,9316,108,195781836,194273340,1508496,56,467160,490420,8828,197350716,194860616,2490100,44,280160,1713136,10444
2026-08-27T19:20:28.651440,393132552,389133156,389614840,116,747380,2203556,19272,34359738367,268448,16244,6928,9316,108,195781836,194273340,1508496,56,467192,490420,8828,197350716,194859816,2490900,60,280188,1713136,10444
2026-08-27T19:20:29.152467,393132552,389133900,389615584,116,747296,2203556,19272,34359738367,268000,16244,6928,9316,108,195781836,194273844,1507992,56,467148,490420,8828,197350716,194860056,2490660,60,280148,1713136,10444
2026-08-27T19:20:29.653481,393132552,389134028,389615712,120,747376,2203556,19272,34359738367,268448,16244,6928,9316,108,195781836,194274348,1507488,56,467192,490420,8828,197350716,194859680,2491036,64,280184,1713136,10444
2026-08-27T19:20:30.154523,393132552,389135968,389617652,124,747288,2203556,19272,34359738367,268224,16244,6928,9316,108,195781836,194275608,1506228,56,467144,490420,8828,197350716,194860360,2490356,68,280144,1713136,10444
2026-08-27T19:20:30.655329,393132552,389136628,389618312,128,747356,2203556,19272,34359738367,268448,16244,6928,9316,108,195781836,194277372,1504464,56,467180,490420,8828,197350716,194859256,2491460,72,280176,1713136,10444
2026-08-27T19:20:31.156377,393132552,389139860,389621544,128,747276,2203556,19272,34359738367,268368,16244,6928,9316,108,195781836,194280144,1501692,56,467136,490420,8828,197350716,194859716,2491000,72,280140,1713136,10444
2026-08-27T19:20:31.657427,393132552,389138912,389620596,132,747344,2203556,19272,34359738367,268448,16244,6928,9316,108,195781836,194280144,1501692,56,467172,490420,8828,197350716,194858768,2491948,76,280172,1713136,10444
2026-08-27T19:20:32.158469,393132552,389140052,389621740,156,747272,2203556,19272,34359738367,268416,16244,6928,9316,108,195781836,194280648,1501188,72,467136,490420,8828,197350716,194859404,2491312,84,280136,1713136,10444
2026-08-27T19:20:32.659478,393132552,389138732,389620420,160,747352,2203556,19272,34359738367,268448,16244,6928,9316,108,195781836,194281152,1500684,72,467176,490420,8828,197350716,194857580,2493136,88,280176,1713136,10444
2026-08-27T19:20:33.160544,393132552,389140192,389621888,160,747268,2203556,19272,34359738367,268400,16244,6928,9316,108,195781836,194282664,1499172,72,467132,490420,8828,197350716,194857528,2493188,88,280136,1713136,10444
2026-08-27T19:20:33.661631,393132552,389142252,389623948,172,747352,2203556,19272,34359738367,268448,16244,6928,9316,108,195781836,194284428,1497408,80,467176,490420,8828,197350716,194857824,2492892,92,280176,1713136,10444
2026-08-27T19:20:34.162684,393132552,389145876,389627572,172,747272,2203556,19272,34359738367,268416,16244,6928,9316,108,195781836,194287200,1494636,80,467132,490420,8828,197350716,194858676,2492040,92,280140,1713136,10444
2026-08-27T19:20:34.663731,393132552,389145656,389627444,180,747348,2203556,19272,34359738367,268448,16244,6928,9316,108,195781836,194287452,1494384,80,467176,490420,8828,197350716,194858204,2492512,100,280172,1713136,10444
2026-08-27T19:20:35.164795,393132552,389146152,389627940,180,747272,2203556,19272,34359738367,268432,16244,6928,9316,108,195781836,194287956,1493880,80,467132,490420,8828,197350716,194858196,2492520,100,280140,1713136,10444
2026-08-27T19:20:35.665915,393132552,389145504,389627292,184,747356,2203556,19272,34359738367,268464,16244,6928,9316,108,195781836,194288208,1493628,80,467180,490420,8828,197350716,194857296,2493420,104,280176,1713136,10444
2026-08-27T19:20:36.166968,393132552,389147176,389628964,184,747264,2203556,19272,34359738367,268432,16244,6928,9316,108,195781836,194289468,1492368,80,467132,490420,8828,197350716,194857708,2493008,104,280132,1713136,10444
2026-08-27T19:20:36.669280,393132552,389148076,389629880,188,747344,2203556,19272,34359738367,268464,16244,6928,9316,108,195781836,194291232,1490604,80,467172,490420,8828,197350716,194856844,2493872,108,280172,1713136,10444
2026-08-27T19:20:37.170331,393132552,389152080,389633892,132,747268,2203556,19272,34359738367,268432,16244,6928,9316,108,195781836,194294004,1487832,44,467136,490420,8828,197350716,194858076,2492640,88,280132,1713136,10444
2026-08-27T19:20:37.671344,393132552,389152808,389634620,136,747344,2203556,19272,34359738367,267520,16244,6928,9316,108,195781836,194294508,1487328,44,467172,490420,8828,197350716,194858300,2492416,92,280172,1713136,10444
2026-08-27T19:20:38.172046,393132552,389152796,389634608,136,747244,2203556,19272,34359738367,268432,16244,6928,9316,108,195781836,194294760,1487076,44,467120,490420,8828,197350716,194858036,2492680,92,280124,1713136,10444
2026-08-27T19:20:38.673071,393132552,389154268,389636080,140,747332,2203556,19272,34359738367,267680,16244,6928,9316,108,195781836,194295264,1486572,44,467168,490420,8828,197350716,194859004,2491712,96,280168,1713136,10444
2026-08-27T19:20:39.173832,393132552,389152732,389634552,140,747236,2203556,19272,34359738367,268448,16244,6928,9316,108,195781836,194296272,1485564,44,467112,490420,8828,197350716,194856460,2494256,96,280124,1713136,10444
2026-08-27T19:20:39.674832,393132552,389156608,389638428,152,747320,2203556,19272,34359738367,267824,16244,6928,9316,108,195781836,194298288,1483548,52,467160,490420,8828,197350716,194858320,2492396,100,280160,1713136,10444
2026-08-27T19:20:40.175632,393132552,389159656,389641476,152,747224,2203556,19272,34359738367,268448,16244,6928,9316,108,195781836,194301092,1480744,52,467112,490420,8828,197350716,194858564,2492152,100,280112,1713136,10444
2026-08-27T19:20:40.676658,393132552,389160416,389642236,164,747300,2203556,19272,34359738367,268144,16244,6928,9316,108,195781836,194301344,1480492,52,467152,490420,8828,197350716,194859072,2491644,112,280148,1713136,10444
2026-08-27T19:20:41.177536,393132552,389160152,389641972,164,747204,2203556,19272,34359738367,268448,16244,6928,9316,108,195781836,194301596,1480240,52,467100,490420,8828,197350716,194858556,2492160,112,280104,1713136,10444
2026-08-27T19:20:41.678552,393132552,389161052,389642872,168,747284,2203556,19272,34359738367,268272,16244,6928,9316,108,195781836,194302100,1479736,52,467144,490420,8828,197350716,194858952,2491764,116,280140,1713136,10444
2026-08-27T19:20:42.179355,393132552,389160372,389642192,168,747192,2203556,19272,34359738367,268448,16244,6928,9316,108,195781836,194303360,1478476,52,467092,490420,8828,197350716,194857012,2493704,116,280100,1713136,10444
2026-08-27T19:20:42.680417,393132552,389163000,389644860,176,747280,2203556,19272,34359738367,268352,16244,6928,9316,108,195781836,194305124,1476712,64,467140,490420,8828,197350716,194857876,2492840,112,280140,1713136,10444
2026-08-27T19:20:43.181268,393132552,389165108,389646984,176,747168,2203556,19272,34359738367,268448,16244,6928,9316,108,195781836,194307896,1473940,64,467084,490420,8828,197350716,194857212,2493504,112,280084,1713136,10444
2026-08-27T19:20:43.682297,393132552,389166284,389648168,180,747260,2203556,19272,34359738367,268400,16244,6928,9316,108,195781836,194308148,1473688,64,467132,490420,8828,197350716,194858136,2492580,116,280128,1713136,10444
2026-08-27T19:20:44.183114,393132552,389165956,389647840,180,747172,2203556,19272,34359738367,268448,16244,6928,9316,108,195781836,194308400,1473436,64,467084,490420,8828,197350716,194857556,2493160,116,280088,1713136,10444
2026-08-27T19:20:44.684152,393132552,389166604,389648488,196,747248,2203556,19272,34359738367,268416,16244,6928,9316,108,195781836,194308904,1472932,64,467124,490420,8828,197350716,194857700,2493016,132,280124,1713136,10444
2026-08-27T19:20:45.185002,393132552,389166112,389647996,196,747156,2203556,19272,34359738367,268448,16244,6928,9316,108,195781836,194310164,1471672,64,467076,490420,8828,197350716,194855948,2494768,132,280080,1713136,10444
2026-08-27T19:20:45.686115,393132552,389168004,389649888,208,747244,2203556,19272,34359738367,268416,16244,6928,9316,108,195781836,194311928,1469908,72,467120,490420,8828,197350716,194856076,2494640,136,280124,1713136,10444
2026-08-27T19:20:46.187143,393132552,389171756,389653640,208,746904,2203556,19048,34359738367,268448,16244,6928,9316,108,195781836,194314700,1467136,72,467064,490420,8828,197350716,194857056,2493660,136,279840,1713136,10220
2026-08-27T19:20:46.688204,393132552,389172532,389654416,220,746996,2203556,19048,34359738367,268416,16244,6928,9316,108,195781836,194315204,1466632,72,467108,490420,8828,197350716,194857328,2493388,148,279888,1713136,10220
2026-08-27T19:20:47.189253,393132552,389172108,389653992,220,747300,2203556,19252,34359738367,268448,16244,6928,9316,108,195781836,194315456,1466380,72,467180,490420,8828,197350716,194856652,2494064,148,280120,1713136,10424
2026-08-27T19:20:47.690088,393132552,389173012,389654896,220,747380,2203556,19252,34359738367,268368,16244,6928,9316,108,195781836,194315708,1466128,72,467256,490420,8828,197350716,194857304,2493412,148,280124,1713136,10424
2026-08-27T19:20:48.191083,393132552,389175008,389656892,220,747344,2203556,19272,34359738367,268128,16244,6928,9316,108,195781836,194317220,1464616,72,467244,490420,8828,197350716,194857788,2492928,148,280100,1713136,10444
2026-08-27T19:20:48.691885,393132552,389176936,389658820,228,747356,2203556,19272,34359738367,268448,16244,6928,9316,108,195781836,194318732,1463104,72,467256,490420,8828,197350716,194858204,2492512,156,280100,1713136,10444
2026-08-27T19:20:49.192950,393132552,389179792,389661676,228,747264,2203556,19272,34359738367,268416,16244,6928,9316,108,195781836,194321252,1460584,72,467128,490420,8828,197350716,194858540,2492176,156,280136,1713136,10444
2026-08-27T19:20:49.694054,393132552,389180708,389662592,232,747348,2203556,19272,34359738367,268416,16244,6928,9316,108,195781836,194322008,1459828,72,467172,490420,8828,197350716,194858700,2492016,160,280176,1713136,10444
2026-08-27T19:20:50.195115,393132552,389181676,389663560,240,747508,2203556,19272,34359738367,268384,16244,6928,9316,108,195781836,194322260,1459576,72,467256,490420,8828,197350716,194859416,2491300,168,280252,1713136,10444
2026-08-27T19:20:50.696192,393132552,389182092,389663976,252,747364,2203556,19272,34359738367,268432,16244,6928,9316,108,195781836,194322764,1459072,80,467180,490420,8828,197350716,194859328,2491388,172,280184,1713136,10444
2026-08-27T19:20:51.197267,393132552,389184072,389665956,252,747532,2203556,19272,34359738367,268416,16244,6928,9316,108,195781836,194324024,1457812,80,467260,490420,8828,197350716,194860048,2490668,172,280272,1713136,10444
2026-08-27T19:20:51.698325,393132552,389184608,389666492,256,747376,2203556,19272,34359738367,268448,16244,6928,9316,108,195781836,194325788,1456048,80,467184,490420,8828,197350716,194858820,2491896,176,280192,1713136,10444
2026-08-27T19:20:52.199378,393132552,389187940,389669824,256,747524,2203556,19272,34359738367,268432,16244,6928,9316,108,195781836,194328560,1453276,80,467264,490420,8828,197350716,194859380,2491336,176,280260,1713136,10444
2026-08-27T19:20:52.700458,393132552,389188184,389670156,268,747356,2203556,19272,34359738367,268464,16244,6928,9316,108,195781836,194329064,1452772,80,467176,490420,8828,197350716,194859120,2491596,188,280180,1713136,10444
2026-08-27T19:20:53.201590,393132552,389189136,389671108,268,747516,2203556,19272,34359738367,268432,16244,6928,9316,108,195781836,194329568,1452268,80,467260,490420,8828,197350716,194859568,2491148,188,280256,1713136,10444
2026-08-27T19:20:53.702574,393132552,388106336,389607828,272,1767864,2203556,19272,34359738367,268016,16244,6928,9316,108,195781836,193246976,2534860,80,1489196,490420,8828,197350716,194859360,2491356,192,280180,1713136,10444
2026-08-27T19:20:54.203345,393132552,387910724,389635076,336,1992120,2203556,19272,34359738367,268448,16244,6928,9316,108,195781836,193052936,2728900,144,1711924,490420,8828,197350716,194857788,2492928,192,280196,1713136,10444
2026-08-27T19:20:54.704429,393132552,387907868,389634988,340,1994220,2203556,19272,34359738367,268416,16244,6928,9316,108,195781836,193050164,2731672,144,1714092,490420,8828,197350716,194857704,2493012,196,280128,1713136,10444
2026-08-27T19:20:55.205566,393132552,387910992,389642928,340,1998948,2203556,19272,34359738367,268448,16244,6928,9316,108,195781836,193052936,2728900,144,1718720,490420,8828,197350716,194858056,2492660,196,280228,1713136,10444
2026-08-27T19:20:55.706655,393132552,387910424,389642856,340,1999480,2203556,19272,34359738367,268464,16244,6928,9316,108,195781836,193053188,2728648,144,1719316,490420,8828,197350716,194857236,2493480,196,280164,1713136,10444
2026-08-27T19:20:56.207743,393132552,387911920,389644352,340,1999724,2203556,19272,34359738367,268416,16244,6928,9316,108,195781836,193053708,2728128,144,1719460,490420,8828,197350716,194858212,2492504,196,280264,1713136,10444
2026-08-27T19:20:56.708842,393132552,387911020,389643572,352,1999516,2203556,19272,34359738367,268448,16244,6928,9316,108,195781836,193053708,2728128,152,1719368,490420,8828,197350716,194857312,2493404,200,280148,1713136,10444
2026-08-27T19:20:57.209954,393132552,387913544,389646204,352,1999676,2203556,19272,34359738367,267520,16244,6928,9316,108,195781836,193054968,2726868,152,1719448,490420,8828,197350716,194858576,2492140,200,280228,1713136,10444
2026-08-27T19:20:57.710717,393132552,387913888,389646668,172,1999420,2203556,19272,34359738367,268432,16244,6928,9316,108,195781836,193056720,2725116,92,1719324,490420,8828,197350716,194857168,2493548,80,280096,1713136,10444
2026-08-27T19:20:58.211817,393132552,387917128,389650024,180,1999640,2203556,19272,34359738367,268448,16244,6928,9316,108,195781836,193059744,2722092,92,1719432,490420,8828,197350716,194857384,2493332,88,280208,1713136,10444
2026-08-27T19:20:58.712892,393132552,387918160,389651056,192,1999520,2203556,19272,34359738367,268032,16244,6928,9316,108,195781836,193059996,2721840,92,1719384,490420,8828,197350716,194858164,2492552,100,280136,1713136,10444
2026-08-27T19:20:59.213901,393132552,387918736,389651632,228,1999752,2203556,19272,34359738367,268432,16244,6928,9316,108,195781836,193060248,2721588,116,1719504,490420,8828,197350716,194858488,2492228,112,280248,1713136,10444
2026-08-27T19:20:59.714981,393132552,387917804,389650700,232,1999632,2203556,19272,34359738367,268448,16244,6928,9316,108,195781836,193060500,2721336,116,1719452,490420,8828,197350716,194857304,2493412,116,280180,1713136,10444
2026-08-27T19:21:00.216048,393132552,387919792,389652688,232,1999812,2203556,19272,34359738367,268272,16244,6928,9316,108,195781836,193061760,2720076,116,1719544,490420,8828,197350716,194858032,2492684,116,280268,1713136,10444
2026-08-27T19:21:00.716851,393132552,387919848,389652744,236,1999440,2203556,19272,34359738367,268432,16244,6928,9316,108,195781836,193063524,2718312,116,1719356,490420,8828,197350716,194856624,2494092,120,280092,1713136,10444
2026-08-27T19:21:01.217956,393132552,387922664,389655656,236,1999652,2203556,19272,34359738367,268448,16244,6928,9316,108,195781836,193066296,2715540,116,1719480,490420,8828,197350716,194856368,2494348,120,280172,1713136,10444
2026-08-27T19:21:01.718737,393132552,387923836,389657076,252,1999588,2203556,19272,34359738367,268368,16244,6928,9316,108,195781836,193066800,2715036,128,1719512,490420,8828,197350716,194857036,2493680,124,280076,1713136,10444
2026-08-27T19:21:02.219480,393132552,387924636,389658128,252,1999924,2203556,19272,34359738367,267552,16244,6928,9316,108,195781836,193066800,2715036,128,1719848,490420,8828,197350716,194857836,2492880,124,280076,1713136,10444
2026-08-27T19:21:02.720337,393132552,387923740,389657312,256,1999872,2203556,19272,34359738367,268432,16244,6928,9316,108,195781836,193067120,2714716,128,1719780,490420,8828,197350716,194856620,2494096,128,280092,1713136,10444
2026-08-27T19:21:03.221461,393132552,387924692,389658352,204,2000096,2203556,19272,34359738367,268448,16244,6928,9316,108,195781836,193068236,2713600,128,1719912,490420,8828,197350716,194856456,2494260,76,280184,1713136,10444
2026-08-27T19:21:03.722530,393132552,387926340,389660000,204,1999944,2203556,19272,34359738367,268320,16244,6928,9316,108,195781836,193070000,2711836,128,1719824,490420,8828,197350716,194856340,2494376,76,280120,1713136,10444
2026-08-27T19:21:04.223541,393132552,387929164,389662824,212,2000200,2203556,19272,34359738367,268432,16244,6928,9316,108,195781836,193072588,2709248,132,1719960,490420,8828,197350716,194856576,2494140,80,280240,1713136,10444
2026-08-27T19:21:04.724637,393132552,387927352,389661088,228,2000084,2203556,19272,34359738367,268448,16244,6928,9316,108,195781836,193071832,2710004,132,1719900,490420,8828,197350716,194855520,2495196,96,280184,1713136,10444
2026-08-27T19:21:05.225749,393132552,387928512,389662324,228,2000256,2203556,19272,34359738367,268384,16244,6928,9316,108,195781836,193071832,2710004,132,1719988,490420,8828,197350716,194856680,2494036,96,280268,1713136,10444
2026-08-27T19:21:05.726824,393132552,387928564,389662376,232,2000108,2203556,19272,34359738367,268432,16244,6928,9316,108,195781836,193072084,2709752,132,1719912,490420,8828,197350716,194856480,2494236,100,280196,1713136,10444
2026-08-27T19:21:06.227923,393132552,387927912,389661796,232,2000060,2203556,19272,34359738367,268464,16244,6928,9316,108,195781836,193073336,2708500,132,1719884,490420,8828,197350716,194854576,2496140,100,280176,1713136,10444
2026-08-27T19:21:06.729002,393132552,387930608,389664616,240,2000172,2203556,19272,34359738367,268400,16244,6928,9316,108,195781836,193075728,2706108,132,1719948,490420,8828,197350716,194854880,2495836,108,280224,1713136,10444
2026-08-27T19:21:07.230139,393132552,387935108,389669116,240,1999916,2203556,19272,34359738367,268448,16244,6928,9316,108,195781836,193079700,2702136,132,1719816,490420,8828,197350716,194855408,2495308,108,280100,1713136,10444
2026-08-27T19:21:07.731182,393132552,387936144,389670216,164,1999996,2203556,19272,34359738367,267520,16244,6928,9316,108,195781836,193080032,2701804,80,1719856,490420,8828,197350716,194856112,2494604,84,280140,1713136,10444
2026-08-27T19:21:08.231931,393132552,387938908,389673112,172,1999992,2203556,19272,34359738367,268432,16244,6928,9316,108,195781836,193082708,2699128,80,1719852,490420,8828,197350716,194856200,2494516,92,280140,1713136,10444
2026-08-27T19:21:08.733017,393132552,387938640,389672844,176,2000108,2203556,19272,34359738367,268448,16244,6928,9316,108,195781836,193083444,2698392,80,1719912,490420,8828,197350716,194855196,2495520,96,280196,1713136,10444
2026-08-27T19:21:09.234113,393132552,387940856,389675148,176,2000032,2203556,19272,34359738367,267952,16244,6928,9316,108,195781836,193085280,2696556,80,1719872,490420,8828,197350716,194855576,2495140,96,280160,1713136,10444
2026-08-27T19:21:09.734887,393132552,387941936,389676228,196,2000128,2203556,19272,34359738367,268432,16244,6928,9316,108,195781836,193086080,2695756,96,1719928,490420,8828,197350716,194855856,2494860,100,280200,1713136,10444
2026-08-27T19:21:10.235973,393132552,387942632,389677124,196,1999636,2203556,19248,34359738367,268448,16244,6928,9316,108,195781836,193088120,2693716,96,1719788,490420,8828,197350716,194854512,2496204,100,279848,1713136,10420
2026-08-27T19:21:10.737056,393132552,387943264,389677800,208,1999736,2203556,19248,34359738367,268304,16244,6928,9316,108,195781836,193088368,2693468,96,1719844,490420,8828,197350716,194854960,2495756,112,279900,1713136,10420
2026-08-27T19:21:11.237884,393132552,387943168,389677796,208,1999956,2203556,19272,34359738367,268432,16244,6928,9316,108,195781836,193088572,2693264,96,1719832,490420,8828,197350716,194854596,2496120,112,280124,1713136,10444
2026-08-27T19:21:11.738975,393132552,387943188,389677844,208,2000072,2203556,19272,34359738367,268448,16244,6928,9316,108,195781836,193089076,2692760,96,1719892,490420,8828,197350716,194854112,2496604,112,280180,1713136,10444
2026-08-27T19:21:12.240066,393132552,387944812,389679468,208,2000024,2203556,19272,34359738367,268400,16244,6928,9316,108,195781836,193089544,2692292,96,1719868,490420,8828,197350716,194855268,2495448,112,280156,1713136,10444
2026-08-27T19:21:12.741127,393132552,387945420,389680076,220,2000116,2203556,19272,34359738367,268448,16244,6928,9316,108,195781836,193090552,2691284,104,1719912,490420,8828,197350716,194854868,2495848,116,280204,1713136,10444
2026-08-27T19:21:13.242250,393132552,387945940,389680596,220,2000040,2203556,19272,34359738367,268464,16244,6928,9316,108,195781836,193091668,2690168,104,1719872,490420,8828,197350716,194854272,2496444,116,280168,1713136,10444
2026-08-27T19:21:13.743341,393132552,387946260,389680916,224,2000176,2203556,19272,34359738367,268416,16244,6928,9316,108,195781836,193091668,2690168,104,1719944,490420,8828,197350716,194854592,2496124,120,280232,1713136,10444
2026-08-27T19:21:14.244428,393132552,387945644,389680308,224,1999920,2203556,19272,34359738367,268448,16244,6928,9316,108,195781836,193091668,2690168,104,1719816,490420,8828,197350716,194853976,2496740,120,280104,1713136,10444
2026-08-27T19:21:14.745555,393132552,387945996,389680660,232,2000004,2203556,19272,34359738367,267488,16244,6928,9316,108,195781836,193091920,2689916,108,1719860,490420,8828,197350716,194854076,2496640,124,280144,1713136,10444
2026-08-27T19:21:15.246300,393132552,387945264,389679968,232,2000000,2203556,19272,34359738367,268432,16244,6928,9316,108,195781836,193091920,2689916,108,1719852,490420,8828,197350716,194853344,2497372,124,280148,1713136,10444
2026-08-27T19:21:15.747402,393132552,387946580,389681312,232,2000112,2203556,19272,34359738367,268448,16244,6928,9316,108,195781836,193093296,2688540,108,1719908,490420,8828,197350716,194853284,2497432,124,280204,1713136,10444
2026-08-27T19:21:16.248448,393132552,387948996,389683772,236,2000036,2203556,19272,34359738367,267984,16244,6928,9316,108,195781836,193094288,2687548,108,1719876,490420,8828,197350716,194854708,2496008,128,280160,1713136,10444
2026-08-27T19:21:16.749273,393132552,387948620,389683396,248,2000144,2203556,19272,34359738367,268432,16244,6928,9316,108,195781836,193094288,2687548,108,1719932,490420,8828,197350716,194854332,2496384,140,280212,1713136,10444
2026-08-27T19:21:17.250349,393132552,387949096,389683872,248,1999636,2203556,19048,34359738367,268416,16244,6928,9316,108,195781836,193094288,2687548,108,1719784,490420,8828,197350716,194854808,2495908,140,279852,1713136,10220
2026-08-27T19:21:17.751410,393132552,387950336,389685180,228,1999980,2203556,19272,34359738367,268256,16244,6928,9316,108,195781836,193094540,2687296,108,1719844,490420,8828,197350716,194855796,2494920,120,280136,1713136,10444
2026-08-27T19:21:18.252236,393132552,387950840,389685740,228,2000196,2203556,19272,34359738367,268448,16244,6928,9316,108,195781836,193094700,2687136,108,1719956,490420,8828,197350716,194856140,2494576,120,280240,1713136,10444
2026-08-27T19:21:18.753364,393132552,387948956,389683876,240,1999828,2203556,19272,34359738367,268448,16244,6928,9316,108,195781836,193095088,2686748,108,1719768,490420,8828,197350716,194853868,2496848,132,280060,1713136,10444
2026-08-27T19:21:19.254438,393132552,387950216,389685136,240,2000028,2203556,19272,34359738367,268384,16244,6928,9316,108,195781836,193095552,2686284,108,1719868,490420,8828,197350716,194854664,2496052,132,280160,1713136,10444
2026-08-27T19:21:19.755270,393132552,387949768,389684688,244,1999876,2203556,19272,34359738367,268432,16244,6928,9316,108,195781836,193095552,2686284,108,1719788,490420,8828,197350716,194854216,2496500,136,280088,1713136,10444
2026-08-27T19:21:20.256344,393132552,387949564,389684516,244,2000056,2203556,19272,34359738367,268448,16244,6928,9316,108,195781836,193095804,2686032,108,1719884,490420,8828,197350716,194853760,2496956,136,280172,1713136,10444
2026-08-27T19:21:20.757446,393132552,387949724,389684680,260,1999948,2203556,19272,34359738367,268400,16244,6928,9316,108,195781836,193095804,2686032,112,1719828,490420,8828,197350716,194853920,2496796,148,280120,1713136,10444
2026-08-27T19:21:21.258543,393132552,387949636,389684592,260,2000156,2203556,19272,34359738367,268432,16244,6928,9316,108,195781836,193095804,2686032,112,1719932,490420,8828,197350716,194853832,2496884,148,280224,1713136,10444
2026-08-27T19:21:21.759617,393132552,387950008,389684964,272,1999940,2203556,19272,34359738367,267456,16244,6928,9316,108,195781836,193095804,2686032,112,1719836,490420,8828,197350716,194854204,2496512,160,280104,1713136,10444
2026-08-27T19:21:22.260659,393132552,387950364,389685332,272,2000180,2203556,19272,34359738367,268416,16244,6928,9316,108,195781836,193096056,2685780,112,1719960,490420,8828,197350716,194854308,2496408,160,280220,1713136,10444
2026-08-27T19:21:22.761814,393132552,387948924,389683892,272,1999876,2203556,19272,34359738367,268432,16244,6928,9316,108,195781836,193096056,2685780,112,1719792,490420,8828,197350716,194852868,2497848,160,280084,1713136,10444
2026-08-27T19:21:23.262886,393132552,387950052,389685020,272,2000036,2203556,19272,34359738367,267744,16244,6928,9316,108,195781836,193096308,2685528,112,1719872,490420,8828,197350716,194853744,2496972,160,280164,1713136,10444
2026-08-27T19:21:23.763661,393132552,387947956,389682924,272,1999908,2203556,19272,34359738367,268416,16244,6928,9316,108,195781836,193096308,2685528,112,1719808,490420,8828,197350716,194851648,2499068,160,280100,1713136,10444
2026-08-27T19:21:24.264775,393132552,387948460,389683428,272,2000108,2203556,19272,34359738367,268432,16244,6928,9316,108,195781836,193096308,2685528,112,1719912,490420,8828,197350716,194852152,2498564,160,280196,1713136,10444
2026-08-27T19:21:24.765926,393132552,387948456,389683436,224,1999984,2203556,19272,34359738367,268144,16244,6928,9316,108,195781836,193096308,2685528,60,1719844,490420,8828,197350716,194852148,2498568,164,280140,1713136,10444
2026-08-27T19:21:25.266726,393132552,387948092,389683072,228,2000212,2203556,19272,34359738367,268416,16244,6928,9316,108,195781836,193096560,2685276,60,1719968,490420,8828,197350716,194851532,2499184,168,280244,1713136,10444
2026-08-27T19:21:25.767839,393132552,387947760,389682744,232,1999852,2203556,19272,34359738367,268432,16244,6928,9316,108,195781836,193096560,2685276,60,1719776,490420,8828,197350716,194851200,2499516,172,280076,1713136,10444
2026-08-27T19:21:26.268914,393132552,387948792,389683776,244,2000036,2203556,19272,34359738367,268320,16244,6928,9316,108,195781836,193096812,2685024,60,1719872,490420,8828,197350716,194851980,2498736,184,280164,1713136,10444
2026-08-27T19:21:26.769777,393132552,387949320,389684304,248,1999896,2203556,19272,34359738367,268416,16244,6928,9316,108,195781836,193096812,2685024,60,1719796,490420,8828,197350716,194852508,2498208,188,280100,1713136,10444
2026-08-27T19:21:27.270881,393132552,387948184,389683172,248,2000064,2203556,19272,34359738367,268416,16244,6928,9316,108,195781836,193096812,2685024,60,1719884,490420,8828,197350716,194851372,2499344,188,280180,1713136,10444
2026-08-27T19:21:27.771989,393132552,387948420,389683416,260,1999956,2203556,19272,34359738367,268384,16244,6928,9316,108,195781836,193096812,2685024,60,1719832,490420,8828,197350716,194851608,2499108,200,280124,1713136,10444
2026-08-27T19:21:28.273051,393132552,387949064,389684060,264,2000176,2203556,19272,34359738367,268368,16244,6928,9316,108,195781836,193097064,2684772,60,1719944,490420,8828,197350716,194852000,2498716,204,280232,1713136,10444
2026-08-27T19:21:28.774192,393132552,387948416,389683488,144,1999960,2203556,19272,34359738367,268384,16244,6928,9316,108,195781836,193097064,2684772,60,1719844,490420,8828,197350716,194851352,2499364,84,280116,1713136,10444
2026-08-27T19:21:29.275301,393132552,387949768,389684840,144,2000192,2203556,19272,34359738367,268336,16244,6928,9316,108,195781836,193097332,2684504,60,1719964,490420,8828,197350716,194852436,2498280,84,280228,1713136,10444
2026-08-27T19:21:29.776380,393132552,387948312,389683384,156,1999892,2203556,19272,34359738367,268368,16244,6928,9316,108,195781836,193097332,2684504,60,1719796,490420,8828,197350716,194850980,2499736,96,280096,1713136,10444
2026-08-27T19:21:30.277489,393132552,387949640,389684712,156,2000048,2203556,19272,34359738367,267488,16244,6928,9316,108,195781836,193097332,2684504,60,1719876,490420,8828,197350716,194852308,2498408,96,280172,1713136,10444
2026-08-27T19:21:30.778548,393132552,387948680,389683768,180,1999928,2203556,19272,34359738367,268352,16244,6928,9316,108,195781836,193097332,2684504,72,1719812,490420,8828,197350716,194851348,2499368,108,280116,1713136,10444
2026-08-27T19:21:31.279637,393132552,387949780,389684868,180,2000152,2203556,19272,34359738367,268368,16244,6928,9316,108,195781836,193097600,2684236,72,1719928,490420,8828,197350716,194852180,2498536,108,280224,1713136,10444
2026-08-27T19:21:31.780714,393132552,387949892,389684980,180,1999996,2203556,19272,34359738367,267936,16244,6928,9316,108,195781836,193097600,2684236,72,1719848,490420,8828,197350716,194852292,2498424,108,280148,1713136,10444
2026-08-27T19:21:32.281526,393132552,387949740,389684828,180,2000220,2203556,19272,34359738367,268352,16244,6928,9316,108,195781836,193097884,2683952,72,1719964,490420,8828,197350716,194851856,2498860,108,280256,1713136,10444
2026-08-27T19:21:32.782632,393132552,387948040,389683128,184,1999876,2203556,19272,34359738367,268368,16244,6928,9316,108,195781836,193097884,2683952,72,1719792,490420,8828,197350716,194850156,2500560,112,280084,1713136,10444
2026-08-27T19:21:33.283708,393132552,387948996,389684088,132,2000048,2203556,19272,34359738367,268272,16244,6928,9316,108,195781836,193098136,2683700,36,1719880,490420,8828,197350716,194850860,2499856,96,280168,1713136,10444
2026-08-27T19:21:33.784543,393132552,387948128,389683220,144,1999900,2203556,19272,34359738367,268368,16244,6928,9316,108,195781836,193098136,2683700,36,1719796,490420,8828,197350716,194849992,2500724,108,280104,1713136,10444
2026-08-27T19:21:34.285682,393132552,387947980,389683072,148,2000088,2203556,19272,34359738367,268368,16244,6928,9316,108,195781836,193098188,2683648,36,1719896,490420,8828,197350716,194849792,2500924,112,280192,1713136,10444
2026-08-27T19:21:34.786792,393132552,387948568,389683660,152,1999956,2203556,19272,34359738367,268320,16244,6928,9316,108,195781836,193098188,2683648,36,1719828,490420,8828,197350716,194850380,2500336,116,280128,1713136,10444
2026-08-27T19:21:35.287862,393132552,387948016,389683108,152,2000184,2203556,19272,34359738367,268368,16244,6928,9316,108,195781836,193098440,2683396,36,1719944,490420,8828,197350716,194849576,2501140,116,280240,1713136,10444
2026-08-27T19:21:35.789267,393132552,387947508,389682600,180,1999968,2203556,19252,34359738367,268384,16244,6928,9316,108,195781836,193098440,2683396,52,1719852,490420,8828,197350716,194849068,2501648,128,280116,1713136,10424
2026-08-27T19:21:36.290377,393132552,387949324,389684416,180,2000200,2203556,19252,34359738367,268320,16244,6928,9316,108,195781836,193098440,2683396,52,1719964,490420,8828,197350716,194850884,2499832,128,280236,1713136,10424
2026-08-27T19:21:36.791430,393132552,387948520,389683620,184,1999872,2203556,19272,34359738367,268368,16244,6928,9316,108,195781836,193098440,2683396,52,1719792,490420,8828,197350716,194850080,2500636,132,280080,1713136,10444
2026-08-27T19:21:37.292199,393132552,387949476,389684576,184,2000036,2203556,19272,34359738367,268208,16244,6928,9316,108,195781836,193098440,2683396,52,1719956,490420,8828,197350716,194851036,2499680,132,280080,1713136,10444
2026-08-27T19:21:37.792964,393132552,387950208,389685308,188,1999624,2203556,19084,34359738367,268368,16244,6928,9316,108,195781836,193098440,2683396,52,1719784,490420,8828,197350716,194851768,2498948,136,279840,1713136,10256
2026-08-27T19:21:38.294073,393132552,387951368,389686468,136,1999784,2203556,19084,34359738367,268320,16244,6928,9316,108,195781836,193098692,2683144,52,1719872,490420,8828,197350716,194852676,2498040,84,279912,1713136,10256
2026-08-27T19:21:38.795163,393132552,387952200,389687300,140,1999884,2203556,19272,34359738367,268368,16244,6928,9316,108,195781836,193098692,2683144,52,1719796,490420,8828,197350716,194853508,2497208,88,280088,1713136,10444
2026-08-27T19:21:39.296223,393132552,387952476,389687576,140,2000036,2203556,19272,34359738367,267392,16244,6928,9316,108,195781836,193098692,2683144,52,1719876,490420,8828,197350716,194853784,2496932,88,280160,1713136,10444
2026-08-27T19:21:39.796941,393132552,387952100,389687200,152,1999936,2203556,19272,34359738367,268352,16244,6928,9316,108,195781836,193098944,2682892,52,1719820,490420,8828,197350716,194853156,2497560,100,280116,1713136,10444
2026-08-27T19:21:40.298087,393132552,387953440,389688540,88,2000148,2203556,19272,34359738367,268384,16244,6928,9316,108,195781836,193098944,2682892,8,1719924,490420,8828,197350716,194854496,2496220,80,280224,1713136,10444
2026-08-27T19:21:40.799138,393132552,387953716,389688892,116,1999992,2203556,19272,34359738367,267808,16244,6928,9316,108,195781836,193098944,2682892,28,1719844,490420,8828,197350716,194854772,2495944,88,280148,1713136,10444
2026-08-27T19:21:41.300053,393132552,387952820,389688004,116,2000236,2203556,19272,34359738367,268352,16244,6928,9316,108,195781836,193099196,2682640,28,1719968,490420,8828,197350716,194853624,2497092,88,280268,1713136,10444
2026-08-27T19:21:41.801151,393132552,387951044,389686228,128,1999872,2203556,19272,34359738367,268368,16244,6928,9316,108,195781836,193099196,2682640,36,1719788,490420,8828,197350716,194851848,2498868,92,280084,1713136,10444
2026-08-27T19:21:42.302257,393132552,387952096,389687280,128,2000056,2203556,19272,34359738367,268192,16244,6928,9316,108,195781836,193099196,2682640,36,1719880,490420,8828,197350716,194852900,2497816,92,280176,1713136,10444
2026-08-27T19:21:42.803073,393132552,387952032,389687216,132,1999900,2203556,19272,34359738367,268352,16244,6928,9316,108,195781836,193099196,2682640,36,1719800,490420,8828,197350716,194852836,2497880,96,280100,1713136,10444
2026-08-27T19:21:43.304154,393132552,387950940,389686124,136,2000084,2203556,19272,34359738367,268368,16244,6928,9316,108,195781836,193099196,2682640,36,1719892,490420,8828,197350716,194851744,2498972,100,280192,1713136,10444
2026-08-27T19:21:43.805263,393132552,387952120,389687304,140,1999968,2203556,19272,34359738367,268304,16244,6928,9316,108,195781836,193099316,2682520,36,1719832,490420,8828,197350716,194852804,2497912,104,280136,1713136,10444
2026-08-27T19:21:44.306103,393132552,387952748,389687932,140,2000200,2203556,19272,34359738367,268368,16244,6928,9316,108,195781836,193099568,2682268,36,1719952,490420,8828,197350716,194853180,2497536,104,280248,1713136,10444
2026-08-27T19:21:44.807173,393132552,387952012,389687196,140,1999584,2203556,19248,34359738367,268368,16244,6928,9316,108,195781836,193099600,2682236,36,1719760,490420,8828,197350716,194852412,2498304,104,279824,1713136,10420
2026-08-27T19:21:45.308255,393132552,387953168,389688352,148,1999796,2203556,19248,34359738367,268320,16244,6928,9316,108,195781836,193099600,2682236,36,1719868,490420,8828,197350716,194853568,2497148,112,279928,1713136,10420
2026-08-27T19:21:45.809360,393132552,387950596,389685780,168,1999904,2203556,19272,34359738367,268368,16244,6928,9316,108,195781836,193099600,2682236,44,1719804,490420,8828,197350716,194850996,2499720,124,280100,1713136,10444
2026-08-27T19:21:46.310452,393132552,387951252,389686436,168,2000056,2203556,19272,34359738367,268400,16244,6928,9316,108,195781836,193099600,2682236,44,1719880,490420,8828,197350716,194851652,2499064,124,280176,1713136,10444
2026-08-27T19:21:46.811515,393132552,387950980,389686164,180,1999936,2203556,19272,34359738367,268352,16244,6928,9316,108,195781836,193099600,2682236,52,1719816,490420,8828,197350716,194851380,2499336,128,280120,1713136,10444
2026-08-27T19:21:47.312603,393132552,387950536,389685720,180,2000172,2203556,19272,34359738367,268368,16244,6928,9316,108,195781836,193099852,2681984,52,1719940,490420,8828,197350716,194850684,2500032,128,280232,1713136,10444
2026-08-27T19:21:47.813735,393132552,387950708,389685892,184,2000016,2203556,19272,34359738367,267600,16244,6928,9316,108,195781836,193099852,2681984,52,1719856,490420,8828,197350716,194850856,2499860,132,280160,1713136,10444
2026-08-27T19:21:48.314690,393132552,387950684,389685868,184,2000236,2203556,19272,34359738367,268352,16244,6928,9316,108,195781836,193099852,2681984,52,1719968,490420,8828,197350716,194850832,2499884,132,280268,1713136,10444
2026-08-27T19:21:48.815773,393132552,387949504,389684688,188,1999664,2203556,19048,34359738367,268336,16244,6928,9316,108,195781836,193099852,2681984,52,1719796,490420,8828,197350716,194849652,2501064,136,279868,1713136,10220
2026-08-27T19:21:49.316833,393132552,387950368,389685552,188,2000064,2203556,19272,34359738367,268112,16244,6928,9316,108,195781836,193099852,2681984,52,1719888,490420,8828,197350716,194850516,2500200,136,280176,1713136,10444
2026-08-27T19:21:49.817729,393132552,387949932,389685136,192,1999916,2203556,19272,34359738367,268320,16244,6928,9316,108,195781836,193099852,2681984,52,1719812,490420,8828,197350716,194850080,2500636,140,280104,1713136,10444
2026-08-27T19:21:50.318856,393132552,387950940,389686144,200,2000092,2203556,19272,34359738367,268384,16244,6928,9316,108,195781836,193100104,2681732,52,1719896,490420,8828,197350716,194850836,2499880,148,280196,1713136,10444
2026-08-27T19:21:50.819966,393132552,387951300,389686504,204,1999624,2203556,19272,34359738367,268352,16244,6928,9316,108,195781836,193100128,2681708,52,1719568,490420,8828,197350716,194851172,2499544,152,280056,1713136,10444
2026-08-27T19:21:51.321378,393132552,387951436,389686660,204,1999860,2203556,19272,34359738367,268368,16244,6928,9316,108,195781836,193100128,2681708,52,1719692,490420,8828,197350716,194851308,2499408,152,280168,1713136,10444
2026-08-27T19:21:51.822503,393132552,387951992,389687216,216,1999704,2203556,19272,34359738367,267472,16244,6928,9316,108,195781836,193100128,2681708,52,1719608,490420,8828,197350716,194851864,2498852,164,280096,1713136,10444
2026-08-27T19:21:52.323274,393132552,387951368,389686600,220,1999928,2203556,19272,34359738367,268352,16244,6928,9316,108,195781836,193100128,2681708,52,1719724,490420,8828,197350716,194851240,2499476,168,280204,1713136,10444
2026-08-27T19:21:52.824397,393132552,387949864,389685116,228,1999600,2203556,19272,34359738367,268368,16244,6928,9316,108,195781836,193100128,2681708,60,1719556,490420,8828,197350716,194849736,2500980,168,280044,1713136,10444
2026-08-27T19:21:53.325569,393132552,387951612,389686864,228,1999756,2203556,19272,34359738367,267856,16244,6928,9316,108,195781836,193100380,2681456,60,1719636,490420,8828,197350716,194851232,2499484,168,280120,1713136,10444
2026-08-27T19:21:53.826357,393132552,387950364,389685616,232,1999604,2203556,19272,34359738367,268352,16244,6928,9316,108,195781836,193100380,2681456,60,1719552,490420,8828,197350716,194849984,2500732,172,280052,1713136,10444
2026-08-27T19:21:54.329278,393132552,387950616,389685868,232,1999812,2203556,19272,34359738367,268368,16244,6928,9316,108,195781836,193100380,2681456,60,1719660,490420,8828,197350716,194850236,2500480,172,280152,1713136,10444
2026-08-27T19:21:54.830379,393132552,387950660,389685976,236,1999676,2203556,19272,34359738367,268128,16244,6928,9316,108,195781836,193100380,2681456,60,1719592,490420,8828,197350716,194850280,2500436,176,280084,1713136,10444
2026-08-27T19:21:55.331185,393132552,387949524,389684840,236,1999900,2203556,19272,34359738367,268352,16244,6928,9316,108,195781836,193100380,2681456,60,1719708,490420,8828,197350716,194849144,2501572,176,280192,1713136,10444
2026-08-27T19:21:55.832241,393132552,387948768,389684084,240,1999316,2203556,19080,34359738367,268368,16244,6928,9316,108,195781836,193100380,2681456,60,1719524,490420,8828,197350716,194848388,2502328,180,279792,1713136,10252
2026-08-27T19:21:56.333352,393132552,387949864,389685180,240,1999508,2203556,19080,34359738367,268256,16244,6928,9316,108,195781836,193100632,2681204,60,1719628,490420,8828,197350716,194849232,2501484,180,279880,1713136,10252
2026-08-27T19:21:56.834187,393132552,387948088,389683404,244,1999608,2203556,19272,34359738367,268368,16244,6928,9316,108,195781836,193100632,2681204,60,1719556,490420,8828,197350716,194847456,2503260,184,280052,1713136,10444
2026-08-27T19:21:57.335253,393132552,387948684,389684000,244,1999800,2203556,19272,34359738367,268368,16244,6928,9316,108,195781836,193100632,2681204,60,1719652,490420,8828,197350716,194848052,2502664,184,280148,1713136,10444
2026-08-27T19:21:57.836323,393132552,387948952,389684268,264,1999656,2203556,19272,34359738367,268320,16244,6928,9316,108,195781836,193100632,2681204,68,1719584,490420,8828,197350716,194848320,2502396,196,280072,1713136,10444
2026-08-27T19:21:58.337458,393132552,387949296,389684612,264,1999884,2203556,19272,34359738367,268368,16244,6928,9316,108,195781836,193100632,2681204,68,1719700,490420,8828,197350716,194848664,2502052,196,280184,1713136,10444
2026-08-27T19:21:58.838415,393132552,387947644,389682960,268,1999756,2203556,19272,34359738367,268384,16244,6928,9316,108,195781836,193100632,2681204,68,1719636,490420,8828,197350716,194847012,2503704,200,280120,1713136,10444
2026-08-27T19:21:59.339498,393132552,387948592,389683912,116,1999956,2203556,19272,34359738367,268336,16244,6928,9316,108,195781836,193100884,2680952,68,1719736,490420,8828,197350716,194847708,2503008,48,280220,1713136,10444
2026-08-27T19:21:59.840572,393132552,387948652,389683972,128,1999612,2203556,19272,34359738367,268368,16244,6928,9316,108,195781836,193100884,2680952,68,1719556,490420,8828,197350716,194847768,2502948,60,280056,1713136,10444
2026-08-27T19:22:00.341694,393132552,387949400,389684720,128,1999768,2203556,19272,34359738367,268400,16244,6928,9316,108,195781836,193100884,2680952,68,1719640,490420,8828,197350716,194848516,2502200,60,280128,1713136,10444
2026-08-27T19:22:00.842766,393132552,387949764,389685084,132,1999620,2203556,19272,34359738367,268352,16244,6928,9316,108,195781836,193100884,2680952,68,1719564,490420,8828,197350716,194848880,2501836,64,280056,1713136,10444
2026-08-27T19:22:01.343820,393132552,388621812,389689332,132,1315856,1340204,19272,34359738367,267376,16244,6928,9316,108,195781836,193768684,2013152,68,1048820,296380,8828,197350716,194853128,2497588,64,266028,1042312,10444
2026-08-27T19:22:01.844544,393132552,389611492,389748344,136,329488,192736,11028,34359738367,267376,16244,6928,9316,108,195781836,194712664,1069172,68,109728,83060,4880,197350716,194898828,2451888,68,219760,109676,6148
2026-08-27T19:22:02.345238,393132552,391608480,390181932,84,179044,186476,9836,34359738367,265280,16244,6928,9316,108,195781836,195130724,651112,56,96120,83452,4876,197350716,196477756,872960,28,82924,103024,4960
2026-08-27T19:22:02.845964,393132552,391811580,390289900,4,178056,185344,9308,34359738367,265280,16244,6928,9316,108,195781836,195142008,639828,0,95632,82560,4716,197350716,196669572,681144,4,82424,102784,4592
2026-08-27T19:22:03.346614,393132552,391813688,390291720,68,177436,185052,9200,34359738367,265280,16244,6928,9316,108,195781836,195142040,639796,60,95632,82168,4716,197350716,196671648,679068,8,81804,102884,4484
2026-08-27T19:22:03.847316,393132552,391813688,390291720,96,177436,185052,9200,34359738367,265280,16244,6928,9316,108,195781836,195142040,639796,72,95632,82168,4716,197350716,196671648,679068,24,81804,102884,4484
2026-08-27T19:22:04.348021,393132552,391813976,390292008,96,177436,185052,9200,34359738367,265280,16244,6928,9316,108,195781836,195142040,639796,72,95632,82168,4716,197350716,196671936,678780,24,81804,102884,4484
2026-08-27T19:22:04.848843,393132552,391815128,390293160,100,177436,185052,9200,34359738367,265280,16244,6928,9316,108,195781836,195142040,639796,72,95632,82168,4716,197350716,196673088,677628,28,81804,102884,4484
2026-08-27T19:22:05.349401,393132552,391815452,390293484,100,177436,185052,9200,34359738367,265280,16244,6928,9316,108,195781836,195142044,639792,72,95632,82168,4716,197350716,196673408,677308,28,81804,102884,4484
2026-08-27T19:22:05.850061,393132552,391817108,390295140,104,177436,185052,9200,34359738367,265280,16244,6928,9316,108,195781836,195142048,639788,72,95632,82168,4716,197350716,196675060,675656,32,81804,102884,4484
2026-08-27T19:22:06.350593,393132552,391817248,390295280,104,177436,185052,9200,34359738367,265280,16244,6928,9316,108,195781836,195142172,639664,72,95632,82168,4716,197350716,196675076,675640,32,81804,102884,4484
2026-08-27T19:22:06.851131,393132552,391818624,390296656,108,177436,185052,9200,34359738367,265280,16244,6928,9316,108,195781836,195142172,639664,72,95632,82168,4716,197350716,196676452,674264,36,81804,102884,4484
2026-08-27T19:22:07.351661,393132552,391818624,390296656,108,177436,185052,9200,34359738367,265280,16244,6928,9316,108,195781836,195142172,639664,72,95632,82168,4716,197350716,196676452,674264,36,81804,102884,4484
2026-08-27T19:22:07.852196,393132552,391819828,390297860,132,177436,185052,9200,34359738367,265280,16244,6928,9316,108,195781836,195142172,639664,96,95632,82168,4716,197350716,196677656,673060,36,81804,102884,4484
2026-08-27T19:22:08.352750,393132552,391819828,390297860,132,177436,185052,9200,34359738367,265280,16244,6928,9316,108,195781836,195142172,639664,96,95632,82168,4716,197350716,196677656,673060,36,81804,102884,4484
2026-08-27T19:22:08.853345,393132552,391819876,390297908,136,177436,185052,9200,34359738367,265280,16244,6928,9316,108,195781836,195142172,639664,96,95632,82168,4716,197350716,196677704,673012,40,81804,102884,4484
2026-08-27T19:22:09.353856,393132552,391819876,390297908,136,177436,185052,9200,34359738367,265280,16244,6928,9316,108,195781836,195142172,639664,96,95632,82168,4716,197350716,196677704,673012,40,81804,102884,4484
2026-08-27T19:22:09.854512,393132552,391819876,390297908,156,177436,185052,9200,34359738367,265280,16244,6928,9316,108,195781836,195142172,639664,104,95632,82168,4716,197350716,196677704,673012,52,81804,102884,4484
2026-08-27T19:22:10.355051,393132552,391819876,390297908,156,177436,185052,9200,34359738367,265280,16244,6928,9316,108,195781836,195142172,639664,104,95632,82168,4716,197350716,196677704,673012,52,81804,102884,4484
2026-08-27T19:22:10.855759,393132552,391819876,390297908,164,177436,185052,9200,34359738367,265280,16244,6928,9316,108,195781836,195142172,639664,104,95632,82168,4716,197350716,196677704,673012,60,81804,102884,4484
2026-08-27T19:22:11.356289,393132552,391819876,390297908,164,177436,185052,9200,34359738367,265280,16244,6928,9316,108,195781836,195142172,639664,104,95632,82168,4716,197350716,196677704,673012,60,81804,102884,4484
2026-08-27T19:22:11.856879,393132552,391819876,390297908,168,177436,185052,9200,34359738367,265280,16244,6928,9316,108,195781836,195142172,639664,104,95632,82168,4716,197350716,196677704,673012,64,81804,102884,4484
2026-08-27T19:22:12.357445,393132552,391819876,390297908,168,177436,185052,9200,34359738367,265280,16244,6928,9316,108,195781836,195142172,639664,104,95632,82168,4716,197350716,196677704,673012,64,81804,102884,4484
2026-08-27T19:22:12.858134,393132552,391819876,390297908,172,177436,185052,9200,34359738367,265280,16244,6928,9316,108,195781836,195142172,639664,104,95632,82168,4716,197350716,196677704,673012,68,81804,102884,4484
2026-08-27T19:22:13.358841,393132552,391819876,390297908,172,177436,185052,9200,34359738367,265280,16244,6928,9316,108,195781836,195142172,639664,104,95632,82168,4716,197350716,196677704,673012,68,81804,102884,4484
2026-08-27T19:22:13.859508,393132552,391819876,390297908,176,177436,185052,9200,34359738367,265280,16244,6928,9316,108,195781836,195142172,639664,104,95632,82168,4716,197350716,196677704,673012,72,81804,102884,4484
2026-08-27T19:22:14.360083,393132552,391819876,390297908,176,177436,185052,9200,34359738367,265280,16244,6928,9316,108,195781836,195142172,639664,104,95632,82168,4716,197350716,196677704,673012,72,81804,102884,4484
2026-08-27T19:22:14.860773,393132552,391819876,390297908,184,177436,185052,9200,34359738367,265280,16244,6928,9316,108,195781836,195142172,639664,104,95632,82168,4716,197350716,196677704,673012,80,81804,102884,4484
2026-08-27T19:22:15.361396,393132552,391819876,390297908,184,177436,185052,9200,34359738367,265280,16244,6928,9316,108,195781836,195142172,639664,104,95632,82168,4716,197350716,196677704,673012,80,81804,102884,4484
2026-08-27T19:22:15.861908,393132552,391819876,390297908,196,177436,185052,9200,34359738367,265280,16244,6928,9316,108,195781836,195142172,639664,112,95632,82168,4716,197350716,196677704,673012,84,81804,102884,4484
2026-08-27T19:22:16.362728,393132552,391819876,390297908,196,177436,185052,9200,34359738367,265280,16244,6928,9316,108,195781836,195142172,639664,112,95632,82168,4716,197350716,196677704,673012,84,81804,102884,4484
2026-08-27T19:22:16.863422,393132552,391819876,390297908,200,177436,185052,9200,34359738367,265280,16244,6928,9316,108,195781836,195142172,639664,112,95632,82168,4716,197350716,196677704,673012,88,81804,102884,4484
2026-08-27T19:22:17.364196,393132552,391819876,390297908,200,177436,185052,9200,34359738367,265280,16244,6928,9316,108,195781836,195142172,639664,112,95632,82168,4716,197350716,196677704,673012,88,81804,102884,4484
2026-08-27T19:22:17.864847,393132552,391819876,390297908,204,177436,185052,9200,34359738367,265280,16244,6928,9316,108,195781836,195142172,639664,112,95632,82168,4716,197350716,196677704,673012,92,81804,102884,4484
2026-08-27T19:22:18.365468,393132552,391819876,390297908,204,177436,185052,9200,34359738367,265280,16244,6928,9316,108,195781836,195142172,639664,112,95632,82168,4716,197350716,196677704,673012,92,81804,102884,4484
2026-08-27T19:22:18.866035,393132552,391819876,390297908,208,177436,185052,9200,34359738367,265280,16244,6928,9316,108,195781836,195142172,639664,112,95632,82168,4716,197350716,196677704,673012,96,81804,102884,4484
2026-08-27T19:22:19.366743,393132552,391819876,390297908,208,177436,185052,9200,34359738367,265280,16244,6928,9316,108,195781836,195142172,639664,112,95632,82168,4716,197350716,196677704,673012,96,81804,102884,4484
2026-08-27T19:22:19.867558,393132552,391821388,390299420,216,174916,185052,9200,34359738367,265168,16244,6928,9316,108,195781836,195143684,638152,112,94120,82168,4716,197350716,196677704,673012,104,80796,102884,4484
2026-08-27T19:22:20.368131,393132552,391821388,390299420,216,174916,185052,9200,34359738367,265168,16244,6928,9316,108,195781836,195143684,638152,112,94120,82168,4716,197350716,196677704,673012,104,80796,102884,4484
2026-08-27T19:22:20.868667,393132552,391819764,390299720,344,174880,185052,8968,34359738367,265168,16244,6928,9316,108,195781836,195143572,638264,220,93508,82168,4608,197350716,196676192,674524,124,81372,102884,4360
2026-08-27T19:22:21.369518,393132552,391803608,390289360,344,176392,185556,8968,34359738367,265120,16244,6928,9316,108,195781836,195143572,638264,220,93508,82168,4608,197350716,196660036,690680,124,82884,103388,4360
2026-08-27T19:22:21.870237,393132552,391801988,390288900,472,176448,185056,9128,34359738367,265104,16244,6928,9316,108,195781836,195143572,638264,340,93432,82168,4608,197350716,196658416,692300,132,83016,102888,4520
2026-08-27T19:22:22.371061,393132552,391801044,390287956,472,177456,185056,9128,34359738367,265136,16244,6928,9316,108,195781836,195143636,638200,340,93432,82168,4608,197350716,196657408,693308,132,84024,102888,4520
2026-08-27T19:22:22.871636,393132552,391785120,390272288,480,200764,191104,9312,34359738367,265232,16244,6928,9316,108,195781836,195144392,637444,340,93436,82672,4612,197350716,196640728,709988,140,107328,108432,4700
2026-08-27T19:22:23.372478,393132552,391732296,390232832,456,225076,199560,9956,34359738367,267216,16244,6928,9316,108,195781836,195144140,637696,316,93452,82672,4616,197350716,196588156,762560,140,131624,116888,5340
2026-08-27T19:22:23.873351,393132552,391679520,390196412,88,244060,213172,9916,34359738367,267216,16244,6928,9316,108,195781836,195143708,638128,68,93652,82672,4620,197350716,196535812,814904,20,150408,130500,5296
2026-08-27T19:22:24.373939,393132552,391641652,390166368,88,266808,216508,10476,34359738367,267216,16244,6928,9316,108,195781836,195143708,638128,68,93668,83056,4620,197350716,196495424,855292,20,173140,133452,5856
2026-08-27T19:22:24.874551,393132552,391587760,390120312,104,300520,294124,10432,34359738367,267216,16244,6928,9316,108,195781836,195071384,710452,88,93668,153112,4620,197350716,196516376,834340,16,206852,141012,5812
2026-08-27T19:22:25.375629,393132552,391385196,389989328,136,360508,399960,11108,34359738367,268176,16244,6928,9316,108,195781836,194965904,815932,120,103196,243756,4740,197350716,196419292,931424,16,257312,156708,6368
2026-08-27T19:22:25.876353,393132552,391200484,389902276,72,391864,566252,15968,34359738367,268176,16244,6928,9316,108,195781836,194850240,931596,52,134004,326260,7288,197350716,196350244,1000472,20,257860,239992,8680
2026-08-27T19:22:26.377143,393132552,390998400,389790704,72,417656,724492,19256,34359738367,268176,16244,6928,9316,108,195781836,194724260,1057576,52,158620,404144,8724,197350716,196274140,1076576,20,259036,320348,10532
2026-08-27T19:22:26.877926,393132552,390813180,389733696,88,447052,890268,19256,34359738367,268176,16244,6928,9316,108,195781836,194608340,1173496,52,187872,486716,8724,197350716,196204840,1145876,36,259180,403552,10532
2026-08-27T19:22:27.378657,393132552,390605028,389724800,88,486440,1048736,19256,34359738367,268176,16244,6928,9316,108,195781836,194475032,1306804,52,225444,566540,8724,197350716,196129492,1221224,36,260996,482196,10532
2026-08-27T19:22:27.879422,393132552,390352776,389728360,104,586156,1210492,19256,34359738367,268176,16244,6928,9316,108,195781836,194302160,1479676,64,324840,647312,8724,197350716,196050112,1300604,40,261316,563180,10532
2026-08-27T19:22:28.380127,393132552,390138072,389739840,104,656904,1368260,19256,34359738367,268176,16244,6928,9316,108,195781836,194166584,1615252,64,394180,725072,8724,197350716,195971488,1379228,40,262724,643188,10532
2026-08-27T19:22:28.880904,393132552,389905224,389744304,104,733656,1533232,19256,34359738367,268176,16244,6928,9316,108,195781836,194013116,1768720,64,471552,808512,8724,197350716,195891604,1459112,40,263152,726304,10532
2026-08-27T19:22:29.381679,393132552,389681196,389735372,108,790800,1696452,19256,34359738367,268176,16244,6928,9316,108,195781836,193871996,1909840,64,524544,889660,8724,197350716,195809200,1541516,44,266256,806792,10532
2026-08-27T19:22:29.882473,393132552,389426424,389733020,112,893436,1857068,19256,34359738367,268176,16244,6928,9316,108,195781836,193699124,2082712,64,623004,968776,8724,197350716,195726796,1623920,48,270432,888292,10532
2026-08-27T19:22:30.383252,393132552,389109408,389697172,112,1019180,2026628,19256,34359738367,268192,16244,6928,9316,108,195781836,193468796,2313040,64,743460,1054444,8724,197350716,195640612,1710104,48,275720,972184,10532
2026-08-27T19:22:30.884039,393132552,388773492,389713372,140,1224380,2186128,19256,34359738367,268192,16244,6928,9316,108,195781836,193215032,2566804,88,944920,1133872,8724,197350716,195558460,1792256,52,279460,1052760,10532
2026-08-27T19:22:31.385048,393132552,388643712,389716356,140,1320176,2229764,19256,34359738367,268192,16244,6928,9316,108,195781836,193102136,2679700,88,1038420,1155984,8724,197350716,195541576,1809140,52,281756,1073780,10532
2026-08-27T19:22:31.886256,393132552,388636152,389721952,144,1324564,2241204,19256,34359738367,268368,16244,6928,9316,108,195781836,193097600,2684236,88,1042624,1161764,8724,197350716,195538552,1812164,56,281940,1079440,10532
2026-08-27T19:22:32.387408,393132552,388631896,389724820,144,1328576,2243412,19256,34359738367,268352,16244,6928,9316,108,195781836,193094604,2687232,88,1046840,1162840,8952,197350716,195537292,1813424,56,281736,1080572,10304
2026-08-27T19:22:32.888567,393132552,388630160,389723504,152,1329264,2243416,19480,34359738367,268400,16244,6928,9316,108,195781836,193092868,2688968,88,1047472,1162844,9176,197350716,195537292,1813424,64,281792,1080572,10304
2026-08-27T19:22:33.389774,393132552,388629908,389723600,160,1329060,2243416,19256,34359738367,268336,16244,6928,9316,108,195781836,193092616,2689220,96,1047432,1162844,8964,197350716,195537292,1813424,64,281628,1080572,10292
2026-08-27T19:22:33.890724,393132552,388627444,389721244,164,1328912,2243416,19256,34359738367,268416,16244,6928,9316,108,195781836,193090152,2691684,96,1047352,1162844,8964,197350716,195537292,1813424,68,281560,1080572,10292
2026-08-27T19:22:34.391876,393132552,388630136,389724148,164,1329080,2243416,19256,34359738367,268240,16244,6928,9316,108,195781836,193092592,2689244,96,1047440,1162844,8964,197350716,195537544,1813172,68,281640,1080572,10292
2026-08-27T19:22:34.892713,393132552,388633440,389727560,168,1328916,2243416,19256,34359738367,268432,16244,6928,9316,108,195781836,193093656,2688180,96,1047364,1162844,8964,197350716,195540036,1810680,72,281556,1080572,10292
2026-08-27T19:22:35.393909,393132552,388640696,389734920,168,1329076,2243416,19256,34359738367,267664,16244,6928,9316,108,195781836,193096428,2685408,96,1047436,1162844,8964,197350716,195544268,1806448,72,281640,1080572,10292
2026-08-27T19:22:35.894773,393132552,388638988,389733212,172,1328924,2243416,19256,34359738367,268432,16244,6928,9316,108,195781836,193094216,2687620,96,1047360,1162844,8964,197350716,195544772,1805944,76,281564,1080572,10292
2026-08-27T19:22:36.395928,393132552,388638732,389733060,172,1329076,2243416,19256,34359738367,268448,16244,6928,9316,108,195781836,193093708,2688128,96,1047436,1162844,8964,197350716,195545024,1805692,76,281640,1080572,10292
2026-08-27T19:22:36.897088,393132552,388638540,389733064,176,1328928,2243416,19256,34359738367,268416,16244,6928,9316,108,195781836,193093516,2688320,96,1047368,1162844,8964,197350716,195545024,1805692,80,281560,1080572,10292
2026-08-27T19:22:37.398273,393132552,388639356,389734072,176,1329120,2243416,19256,34359738367,268432,16244,6928,9316,108,195781836,193094464,2687372,96,1047460,1162844,8964,197350716,195544892,1805824,80,281660,1080572,10292
2026-08-27T19:22:37.899412,393132552,388641728,389736536,180,1328948,2243416,19256,34359738367,268400,16244,6928,9316,108,195781836,193096032,2685804,96,1047372,1162844,8964,197350716,195545696,1805020,84,281576,1080572,10292
2026-08-27T19:22:38.400581,393132552,388645752,389740748,192,1329180,2243416,19256,34359738367,268432,16244,6928,9316,108,195781836,193098048,2683788,104,1047504,1162844,8964,197350716,195547704,1803012,88,281676,1080572,10292
2026-08-27T19:22:38.901789,393132552,388645700,389740976,204,1329024,2243416,19256,34359738367,268336,16244,6928,9316,108,195781836,193097948,2683888,104,1047428,1162844,8964,197350716,195547752,1802964,100,281596,1080572,10292
2026-08-27T19:22:39.402654,393132552,388645260,389740536,204,1329212,2243416,19256,34359738367,268432,16244,6928,9316,108,195781836,193097192,2684644,104,1047524,1162844,8964,197350716,195548068,1802648,100,281688,1080572,10292
2026-08-27T19:22:39.903772,393132552,388645792,389741068,208,1329108,2243416,19256,34359738367,267760,16244,6928,9316,108,195781836,193097724,2684112,104,1047496,1162844,8964,197350716,195548068,1802648,104,281612,1080572,10292
2026-08-27T19:22:40.404599,393132552,388646192,389741568,208,1329364,2243416,19256,34359738367,268432,16244,6928,9316,108,195781836,193098084,2683752,104,1047656,1162844,8964,197350716,195548108,1802608,104,281708,1080572,10292
2026-08-27T19:22:40.905790,393132552,388646068,389741528,208,1329196,2243416,19256,34359738367,268448,16244,6928,9316,108,195781836,193097960,2683876,104,1047584,1162844,8964,197350716,195548108,1802608,104,281612,1080572,10292
2026-08-27T19:22:41.406975,393132552,388648948,389744408,208,1329380,2243416,19256,34359738367,268416,16244,6928,9316,108,195781836,193100680,2681156,104,1047676,1162844,8964,197350716,195548268,1802448,104,281704,1080572,10292
2026-08-27T19:22:41.908137,393132552,388647740,389743200,212,1329072,2243416,19256,34359738367,268432,16244,6928,9316,108,195781836,193099280,2682556,104,1047536,1162844,8964,197350716,195548460,1802256,108,281536,1080572,10292
2026-08-27T19:22:42.409278,393132552,388648244,389743844,212,1329224,2243416,19256,34359738367,268400,16244,6928,9316,108,195781836,193099532,2682304,104,1047608,1162844,8964,197350716,195548712,1802004,108,281616,1080572,10292
2026-08-27T19:22:42.910395,393132552,388647164,389742984,216,1329096,2243416,19256,34359738367,268432,16244,6928,9316,108,195781836,193098704,2683132,104,1047536,1162844,8964,197350716,195548460,1802256,112,281560,1080572,10292
2026-08-27T19:22:43.411530,393132552,388648612,389744500,216,1329256,2243416,19256,34359738367,268240,16244,6928,9316,108,195781836,193100088,2681748,104,1047620,1162844,8964,197350716,195548524,1802192,112,281636,1080572,10292
2026-08-27T19:22:43.912413,393132552,388647960,389743848,220,1329116,2243416,19256,34359738367,268432,16244,6928,9316,108,195781836,193099436,2682400,104,1047552,1162844,8964,197350716,195548524,1802192,116,281564,1080572,10292
2026-08-27T19:22:44.413602,393132552,388650020,389746044,228,1329264,2243416,19256,34359738367,267600,16244,6928,9316,108,195781836,193101496,2680340,104,1047624,1162844,8964,197350716,195548524,1802192,124,281640,1080572,10292
2026-08-27T19:22:44.914501,393132552,388649292,389745316,240,1329112,2243416,19256,34359738367,268416,16244,6928,9316,108,195781836,193100768,2681068,104,1047544,1162844,8964,197350716,195548524,1802192,136,281568,1080572,10292
2026-08-27T19:22:45.415647,393132552,388648972,389745060,240,1329284,2243416,19256,34359738367,268432,16244,6928,9316,108,195781836,193100328,2681508,104,1047636,1162844,8964,197350716,195548644,1802072,136,281648,1080572,10292
2026-08-27T19:22:45.916788,393132552,388649812,389745900,244,1329140,2243416,19256,34359738367,268416,16244,6928,9316,108,195781836,193101136,2680700,104,1047572,1162844,8964,197350716,195548676,1802040,140,281568,1080572,10292
2026-08-27T19:22:46.417992,393132552,388649196,389745344,244,1329320,2243416,19256,34359738367,268432,16244,6928,9316,108,195781836,193100772,2681064,104,1047656,1162844,8964,197350716,195548424,1802292,140,281664,1080572,10292
2026-08-27T19:22:46.919150,393132552,388649724,389745872,248,1329168,2243416,19256,34359738367,268368,16244,6928,9316,108,195781836,193101268,2680568,104,1047584,1162844,8964,197350716,195548456,1802260,144,281584,1080572,10292
2026-08-27T19:22:47.420238,393132552,388650360,389746564,252,1329372,2243416,19256,34359738367,268432,16244,6928,9316,108,195781836,193101904,2679932,104,1047692,1162844,8964,197350716,195548456,1802260,148,281680,1080572,10292
2026-08-27T19:22:47.921408,393132552,388650608,389746812,256,1329224,2243416,19256,34359738367,267968,16244,6928,9316,108,195781836,193102080,2679756,104,1047616,1162844,8964,197350716,195548528,1802188,152,281608,1080572,10292
2026-08-27T19:22:48.422184,393132552,388650280,389746636,256,1329408,2243416,19256,34359738367,268432,16244,6928,9316,108,195781836,193101720,2680116,104,1047712,1162844,8964,197350716,195548560,1802156,152,281696,1080572,10292
2026-08-27T19:22:48.923323,393132552,388649556,389745956,256,1329268,2243416,19256,34359738367,268448,16244,6928,9316,108,195781836,193101500,2680336,104,1047636,1162844,8964,197350716,195548056,1802660,152,281632,1080572,10292
2026-08-27T19:22:49.424463,393132552,388650348,389746748,256,1329444,2243416,19256,34359738367,268416,16244,6928,9316,108,195781836,193102544,2679292,104,1047724,1162844,8964,197350716,195547804,1802912,152,281720,1080572,10292
2026-08-27T19:22:49.925651,393132552,388647304,389743748,268,1329092,2243416,19256,34359738367,268432,16244,6928,9316,108,195781836,193099744,2682092,112,1047556,1162844,8964,197350716,195547560,1803156,156,281536,1080572,10292
2026-08-27T19:22:50.426783,393132552,388648808,389745252,268,1329244,2243416,19256,34359738367,268400,16244,6928,9316,108,195781836,193101404,2680432,112,1047632,1162844,8964,197350716,195547404,1803312,156,281612,1080572,10292
2026-08-27T19:22:50.927904,393132552,388648424,389744936,280,1329120,2243416,19256,34359738367,268432,16244,6928,9316,108,195781836,193101272,2680564,112,1047564,1162844,8964,197350716,195547152,1803564,168,281556,1080572,10292
2026-08-27T19:22:51.429036,393132552,388648820,389745372,280,1329268,2243416,19256,34359738367,268176,16244,6928,9316,108,195781836,193101668,2680168,112,1047640,1162844,8964,197350716,195547152,1803564,168,281628,1080572,10292
2026-08-27T19:22:51.930092,393132552,388649272,389745872,284,1329140,2243416,19256,34359738367,268432,16244,6928,9316,108,195781836,193100712,2681124,112,1047572,1162844,8964,197350716,195548560,1802156,172,281568,1080572,10292
2026-08-27T19:22:52.431227,393132552,388650172,389746804,284,1329288,2243416,19256,34359738367,267536,16244,6928,9316,108,195781836,193101612,2680224,112,1047648,1162844,8964,197350716,195548560,1802156,172,281640,1080572,10292
2026-08-27T19:22:52.931992,393132552,388650532,389747164,288,1329140,2243416,19256,34359738367,268416,16244,6928,9316,108,195781836,193101876,2679960,112,1047572,1162844,8964,197350716,195548656,1802060,176,281568,1080572,10292
2026-08-27T19:22:53.433129,393132552,388650504,389747228,288,1329304,2243416,19256,34359738367,268432,16244,6928,9316,108,195781836,193101816,2680020,112,1047660,1162844,8964,197350716,195548688,1802028,176,281644,1080572,10292
2026-08-27T19:22:53.934329,393132552,388650724,389747492,292,1329160,2243416,19256,34359738367,268416,16244,6928,9316,108,195781836,193101672,2680164,112,1047588,1162844,8964,197350716,195549052,1801664,180,281572,1080572,10292
2026-08-27T19:22:54.435441,393132552,388650832,389747684,292,1329340,2243416,19256,34359738367,268432,16244,6928,9316,108,195781836,193102032,2679804,112,1047676,1162844,8964,197350716,195548800,1801916,180,281664,1080572,10292
2026-08-27T19:22:54.936563,393132552,388651732,389748604,296,1329196,2243416,19256,34359738367,268320,16244,6928,9316,108,195781836,193102884,2678952,112,1047608,1162844,8964,197350716,195548848,1801868,184,281588,1080572,10292
2026-08-27T19:22:55.437681,393132552,388651464,389748368,304,1329412,2243416,19256,34359738367,268432,16244,6928,9316,108,195781836,193102348,2679488,120,1047652,1162844,8964,197350716,195549116,1801600,184,281760,1080572,10292
2026-08-27T19:22:55.938798,393132552,388651620,389748524,308,1329220,2243416,19256,34359738367,268160,16244,6928,9316,108,195781836,193102504,2679332,120,1047540,1162844,8964,197350716,195549116,1801600,188,281680,1080572,10292
2026-08-27T19:22:56.439689,393132552,388651800,389748724,100,1329332,2243416,19256,34359738367,268432,16244,6928,9316,108,195781836,193102808,2679028,44,1047572,1162844,8964,197350716,195548992,1801724,56,281760,1080572,10292
2026-08-27T19:22:56.940836,393132552,388651436,389748384,112,1329184,2243416,19256,34359738367,268400,16244,6928,9316,108,195781836,193102660,2679176,44,1047600,1162844,8964,197350716,195548776,1801940,68,281584,1080572,10292
2026-08-27T19:22:57.442011,393132552,388650204,389747176,144,1329356,2243416,19256,34359738367,268432,16244,6928,9316,108,195781836,193101428,2680408,68,1047684,1162844,8964,197350716,195548776,1801940,76,281672,1080572,10292
2026-08-27T19:22:57.943118,393132552,388651228,389748200,148,1329212,2243416,19256,34359738367,268336,16244,6928,9316,108,195781836,193102452,2679384,68,1047616,1162844,8964,197350716,195548776,1801940,80,281596,1080572,10292
2026-08-27T19:22:58.443996,393132552,388652112,389749096,148,1329412,2243416,19256,34359738367,268432,16244,6928,9316,108,195781836,193103336,2678500,68,1047768,1162844,8964,197350716,195548776,1801940,80,281644,1080572,10292
2026-08-27T19:22:58.944786,393132552,388652168,389749168,152,1329296,2243416,19256,34359738367,268096,16244,6928,9316,108,195781836,193103392,2678444,68,1047760,1162844,8964,197350716,195548776,1801940,84,281536,1080572,10292
2026-08-27T19:22:59.445589,393132552,388652632,389749632,152,1329140,2243416,19256,34359738367,268416,16244,6928,9316,108,195781836,193104104,2677732,68,1047388,1162844,8736,197350716,195548528,1802188,84,281752,1080572,10520
2026-08-27T19:22:59.946696,393132552,388652932,389749964,156,1329256,2243416,19256,34359738367,268384,16244,6928,9316,108,195781836,193104404,2677432,68,1047452,1162844,8736,197350716,195548528,1802188,88,281804,1080572,10520
2026-08-27T19:23:00.447818,393132552,388654008,389751040,156,1329184,2243416,19256,34359738367,268432,16244,6928,9316,108,195781836,193105480,2676356,68,1047404,1162844,8724,197350716,195548528,1802188,88,281780,1080572,10532
2026-08-27T19:23:00.948946,393132552,388655212,389752252,160,1329292,2243416,19256,34359738367,268320,16244,6928,9316,108,195781836,193106872,2674964,68,1047456,1162844,8724,197350716,195548340,1802376,92,281836,1080572,10532
2026-08-27T19:23:01.449874,393132552,388657028,389754592,56,1329468,2243416,19256,34359738367,268416,16244,6928,9316,108,195781836,193108184,2673652,24,1047544,1162844,8724,197350716,195548844,1801872,32,281924,1080572,10532
2026-08-27T19:23:01.950984,393132552,388657268,389755296,60,1329328,2243416,19256,34359738367,267536,16244,6928,9316,108,195781836,193107964,2673872,24,1047468,1162844,8724,197350716,195549304,1801412,36,281860,1080572,10532
2026-08-27T19:23:02.451740,393132552,388657948,389756028,88,1329512,2243416,19256,34359738367,268400,16244,6928,9316,108,195781836,193108596,2673240,40,1047568,1162844,8724,197350716,195549352,1801364,48,281944,1080572,10532
2026-08-27T19:23:02.952884,393132552,388657696,389755820,100,1329412,2243416,19256,34359738367,268432,16244,6928,9316,108,195781836,193108344,2673492,40,1047512,1162844,8724,197350716,195549352,1801364,60,281900,1080572,10532
2026-08-27T19:23:03.454121,393132552,388659044,389757192,100,1329552,2243416,19256,34359738367,268400,16244,6928,9316,108,195781836,193109100,2672736,40,1047588,1162844,8724,197350716,195549944,1800772,60,281964,1080572,10532
2026-08-27T19:23:03.955239,393132552,388660380,389758528,104,1329392,2243416,19248,34359738367,268432,16244,6928,9316,108,195781836,193110392,2671444,40,1047520,1162844,8724,197350716,195549988,1800728,64,281872,1080572,10524
2026-08-27T19:23:04.456368,393132552,388661884,389760032,104,1329528,2243416,19248,34359738367,268336,16244,6928,9316,108,195781836,193111544,2670292,40,1047588,1162844,8724,197350716,195550340,1800376,64,281940,1080572,10524
2026-08-27T19:23:04.957449,393132552,388660016,389758232,108,1329248,2243416,19256,34359738367,268432,16244,6928,9316,108,195781836,193111544,2670292,40,1047424,1162844,8724,197350716,195548472,1802244,68,281824,1080572,10532
2026-08-27T19:23:05.458560,393132552,388660836,389759056,112,1329380,2243416,19256,34359738367,267488,16244,6928,9316,108,195781836,193112300,2669536,40,1047496,1162844,8724,197350716,195548536,1802180,72,281884,1080572,10532
2026-08-27T19:23:05.959318,393132552,388658704,389756924,116,1329248,2243416,19256,34359738367,268416,16244,6928,9316,108,195781836,193112552,2669284,40,1047424,1162844,8724,197350716,195546152,1804564,76,281824,1080572,10532
2026-08-27T19:23:06.460427,393132552,388658788,389757012,132,1329392,2243416,19256,34359738367,268432,16244,6928,9316,108,195781836,193113056,2668780,56,1047504,1162844,8724,197350716,195545732,1804984,76,281888,1080572,10532
2026-08-27T19:23:06.961635,393132552,388660092,389758316,136,1329268,2243416,19256,34359738367,268400,16244,6928,9316,108,195781836,193113848,2667988,56,1047436,1162844,8724,197350716,195546244,1804472,80,281832,1080572,10532
2026-08-27T19:23:07.462740,393132552,388661344,389759568,136,1329432,2243416,19256,34359738367,268432,16244,6928,9316,108,195781836,193115220,2666616,56,1047524,1162844,8724,197350716,195546124,1804592,80,281908,1080572,10532
2026-08-27T19:23:07.963865,393132552,388660508,389758756,140,1329292,2243416,19256,34359738367,268288,16244,6928,9316,108,195781836,193115064,2666772,56,1047452,1162844,8724,197350716,195545444,1805272,84,281840,1080572,10532
2026-08-27T19:23:08.464707,393132552,388660300,389758552,140,1329472,2243416,19256,34359738367,268432,16244,6928,9316,108,195781836,193115568,2666268,56,1047544,1162844,8724,197350716,195544732,1805984,84,281928,1080572,10532
2026-08-27T19:23:08.965891,393132552,388660660,389759004,148,1329336,2243416,19256,34359738367,267488,16244,6928,9316,108,195781836,193115820,2666016,56,1047472,1162844,8724,197350716,195544840,1805876,92,281864,1080572,10532
2026-08-27T19:23:09.466641,393132552,388660528,389758872,148,1329512,2243416,19256,34359738367,268416,16244,6928,9316,108,195781836,193116608,2665228,56,1047564,1162844,8724,197350716,195543920,1806796,92,281948,1080572,10532
2026-08-27T19:23:09.967769,393132552,388659804,389758148,152,1329424,2243416,19256,34359738367,268432,16244,6928,9316,108,195781836,193117460,2664376,56,1047512,1162844,8724,197350716,195542344,1808372,96,281912,1080572,10532
2026-08-27T19:23:10.468912,393132552,388661592,389759936,152,1329556,2243416,19256,34359738367,268384,16244,6928,9316,108,195781836,193118472,2663364,56,1047588,1162844,8724,197350716,195543120,1807596,96,281968,1080572,10532
2026-08-27T19:23:10.970111,393132552,388661576,389759920,156,1329384,2243416,19240,34359738367,268432,16244,6928,9316,108,195781836,193118536,2663300,56,1047512,1162844,8724,197350716,195543040,1807676,100,281872,1080572,10516
2026-08-27T19:23:11.471239,393132552,388662176,389760556,156,1329524,2243416,19240,34359738367,268256,16244,6928,9316,108,195781836,193119072,2662764,56,1047588,1162844,8724,197350716,195543104,1807612,100,281936,1080572,10516
2026-08-27T19:23:11.972064,393132552,388661064,389759444,160,1329268,2243416,19256,34359738367,268432,16244,6928,9316,108,195781836,193119324,2662512,56,1047432,1162844,8724,197350716,195541740,1808976,104,281836,1080572,10532
2026-08-27T19:23:12.473253,393132552,388661736,389760116,168,1329396,2243416,19256,34359738367,268448,16244,6928,9316,108,195781836,193119956,2661880,64,1047500,1162844,8724,197350716,195541780,1808936,104,281896,1080572,10532
2026-08-27T19:23:12.974366,393132552,388663168,389761548,172,1329268,2243416,19256,34359738367,268416,16244,6928,9316,108,195781836,193120460,2661376,64,1047432,1162844,8724,197350716,195542708,1808008,108,281836,1080572,10532
2026-08-27T19:23:13.475502,393132552,388663476,389761856,172,1329416,2243416,19256,34359738367,268432,16244,6928,9316,108,195781836,193121312,2660524,64,1047512,1162844,8724,197350716,195542164,1808552,108,281904,1080572,10532
2026-08-27T19:23:13.976643,393132552,388663428,389761808,188,1329288,2243416,19256,34359738367,268384,16244,6928,9316,108,195781836,193121312,2660524,64,1047444,1162844,8724,197350716,195542116,1808600,124,281844,1080572,10532
2026-08-27T19:23:14.477844,393132552,388663284,389761664,188,1329448,2243416,19256,34359738367,268432,16244,6928,9316,108,195781836,193122068,2659768,64,1047528,1162844,8724,197350716,195541216,1809500,124,281920,1080572,10532
2026-08-27T19:23:14.978963,393132552,388663392,389761772,192,1329320,2243416,19256,34359738367,268208,16244,6928,9316,108,195781836,193122320,2659516,64,1047460,1162844,8724,197350716,195541072,1809644,128,281860,1080572,10532
2026-08-27T19:23:15.479945,393132552,388663208,389761588,192,1329496,2243416,19256,34359738367,268432,16244,6928,9316,108,195781836,193122328,2659508,64,1047556,1162844,8724,197350716,195540880,1809836,128,281940,1080572,10532
2026-08-27T19:23:15.981117,393132552,388664744,389763124,196,1329372,2243416,19256,34359738367,268432,16244,6928,9316,108,195781836,193123336,2658500,64,1047492,1162844,8724,197350716,195541408,1809308,132,281880,1080572,10532
2026-08-27T19:23:16.482306,393132552,388665780,389764160,196,1329292,2243416,19256,34359738367,268400,16244,6928,9316,108,195781836,193124092,2657744,64,1047444,1162844,8724,197350716,195541688,1809028,132,281848,1080572,10532
2026-08-27T19:23:16.983457,393132552,388665972,389764392,196,1329448,2243416,19256,34359738367,268432,16244,6928,9316,108,195781836,193124092,2657744,64,1047528,1162844,8724,197350716,195541880,1808836,132,281920,1080572,10532
2026-08-27T19:23:17.484577,393132552,388666364,389764784,204,1329340,2243416,19256,34359738367,268384,16244,6928,9316,108,195781836,193124596,2657240,72,1047472,1162844,8724,197350716,195541768,1808948,132,281868,1080572,10532
2026-08-27T19:23:17.985767,393132552,388666920,389765404,208,1329488,2243416,19256,34359738367,268432,16244,6928,9316,108,195781836,193124848,2656988,72,1047548,1162844,8724,197350716,195542072,1808644,136,281940,1080572,10532
2026-08-27T19:23:18.486883,393132552,388667064,389765548,208,1329376,2243416,19256,34359738367,268064,16244,6928,9316,108,195781836,193124880,2656956,72,1047492,1162844,8724,197350716,195542184,1808532,136,281884,1080572,10532
2026-08-27T19:23:18.987677,393132552,388668672,389767156,212,1329512,2243416,19256,34359738367,268416,16244,6928,9316,108,195781836,193125888,2655948,72,1047556,1162844,8724,197350716,195542784,1807932,140,281956,1080572,10532
2026-08-27T19:23:19.488815,393132552,388668832,389767328,212,1329404,2243416,19256,34359738367,268448,16244,6928,9316,108,195781836,193126644,2655192,72,1047500,1162844,8724,197350716,195542188,1808528,140,281904,1080572,10532
2026-08-27T19:23:19.990018,393132552,388668916,389767412,224,1329516,2243416,19256,34359738367,268416,16244,6928,9316,108,195781836,193126676,2655160,72,1047556,1162844,8724,197350716,195542240,1808476,152,281960,1080572,10532
2026-08-27T19:23:20.491170,393132552,388668044,389766540,224,1329352,2243416,19240,34359738367,268432,16244,6928,9316,108,195781836,193127180,2654656,72,1047492,1162844,8724,197350716,195540864,1809852,152,281860,1080572,10516
2026-08-27T19:23:20.992309,393132552,388668520,389767016,228,1329468,2243416,19240,34359738367,268384,16244,6928,9316,108,195781836,193127496,2654340,72,1047548,1162844,8724,197350716,195541024,1809692,156,281920,1080572,10516
2026-08-27T19:23:21.493192,393132552,388667048,389765548,228,1329236,2243416,19256,34359738367,268432,16244,6928,9316,108,195781836,193127496,2654340,72,1047412,1162844,8724,197350716,195539552,1811164,156,281824,1080572,10532
2026-08-27T19:23:21.994353,393132552,388668920,389767420,232,1329340,2243416,19256,34359738367,267856,16244,6928,9316,108,195781836,193128504,2653332,72,1047464,1162844,8724,197350716,195540416,1810300,160,281876,1080572,10532
2026-08-27T19:23:22.495124,393132552,388669396,389767896,232,1329264,2243416,19256,34359738367,268416,16244,6928,9316,108,195781836,193129540,2652296,72,1047432,1162844,8724,197350716,195539856,1810860,160,281832,1080572,10532
2026-08-27T19:23:22.996268,393132552,388667980,389767164,240,1329420,2243416,19256,34359738367,268432,16244,6928,9316,108,195781836,193129540,2652296,72,1047508,1162844,8724,197350716,195538440,1812276,168,281912,1080572,10532
2026-08-27T19:23:23.497461,393132552,388668308,389767492,248,1329328,2243416,19256,34359738367,268416,16244,6928,9316,108,195781836,193129792,2652044,80,1047456,1162844,8724,197350716,195538516,1812200,168,281872,1080572,10532
2026-08-27T19:23:23.998593,393132552,388667656,389766840,252,1329480,2243416,19256,34359738367,268432,16244,6928,9316,108,195781836,193130052,2651784,80,1047532,1162844,8724,197350716,195537604,1813112,172,281948,1080572,10532
2026-08-27T19:23:24.499711,393132552,388668224,389767408,252,1329360,2243416,19256,34359738367,268368,16244,6928,9316,108,195781836,193130304,2651532,80,1047476,1162844,8724,197350716,195537920,1812796,172,281884,1080572,10532
2026-08-27T19:23:25.000581,393132552,388667508,389766692,252,1329512,2243416,19256,34359738367,268432,16244,6928,9316,108,195781836,193131312,2650524,80,1047560,1162844,8724,197350716,195536196,1814520,172,281952,1080572,10532
2026-08-27T19:23:25.501764,393132552,388669332,389768516,252,1329404,2243416,19256,34359738367,267584,16244,6928,9316,108,195781836,193132324,2649512,80,1047500,1162844,8724,197350716,195537008,1813708,172,281904,1080572,10532
2026-08-27T19:23:26.002519,393132552,388669396,389768592,264,1329348,2243416,19272,34359738367,268416,16244,6928,9316,108,195781836,193132324,2649512,80,1047456,1162844,8724,197350716,195537072,1813644,184,281892,1080572,10548
2026-08-27T19:23:26.503671,393132552,388668764,389767964,264,1329408,2243416,19256,34359738367,268432,16244,6928,9316,108,195781836,193132608,2649228,80,1047496,1162844,8724,197350716,195536156,1814560,184,281912,1080572,10532
2026-08-27T19:23:27.004812,393132552,388668952,389768160,152,1329284,2243416,19256,34359738367,268400,16244,6928,9316,108,195781836,193132860,2648976,80,1047436,1162844,8724,197350716,195536092,1814624,72,281848,1080572,10532
2026-08-27T19:23:27.506013,393132552,388669420,389768672,188,1329448,2243416,19256,34359738367,268432,16244,6928,9316,108,195781836,193133112,2648724,108,1047524,1162844,8724,197350716,195536308,1814408,80,281924,1080572,10532
2026-08-27T19:23:28.007124,393132552,388670500,389769764,128,1329324,2243416,19256,34359738367,268256,16244,6928,9316,108,195781836,193133868,2647968,64,1047460,1162844,8724,197350716,195536632,1814084,64,281864,1080572,10532
2026-08-27T19:23:28.507937,393132552,388672236,389771500,128,1329500,2243416,19256,34359738367,268432,16244,6928,9316,108,195781836,193135036,2646800,64,1047548,1162844,8724,197350716,195537200,1813516,64,281952,1080572,10532
2026-08-27T19:23:29.009094,393132552,388671176,389770440,132,1329392,2243416,19256,34359738367,268448,16244,6928,9316,108,195781836,193135036,2646800,64,1047492,1162844,8724,197350716,195536140,1814576,68,281900,1080572,10532
2026-08-27T19:23:29.510263,393132552,388671812,389771076,140,1329540,2243416,19256,34359738367,268416,16244,6928,9316,108,195781836,193135288,2646548,72,1047564,1162844,8724,197350716,195536524,1814192,68,281976,1080572,10532
2026-08-27T19:23:30.011408,393132552,388670972,389770236,144,1329452,2243416,19256,34359738367,268432,16244,6928,9316,108,195781836,193135540,2646296,72,1047524,1162844,8724,197350716,195535432,1815284,72,281928,1080572,10532
2026-08-27T19:23:30.512535,393132552,388671336,389770600,144,1329572,2243416,19256,34359738367,268400,16244,6928,9316,108,195781836,193135520,2646316,72,1047588,1162844,8724,197350716,195535816,1814900,72,281984,1080572,10532
2026-08-27T19:23:31.013719,393132552,388670844,389770108,148,1329024,2243416,19236,34359738367,268432,16244,6928,9316,108,195781836,193136276,2645560,72,1047416,1162844,8724,197350716,195534568,1816148,76,281608,1080572,10512
2026-08-27T19:23:31.514824,393132552,388672760,389772024,148,1329152,2243416,19236,34359738367,268112,16244,6928,9316,108,195781836,193137312,2644524,72,1047484,1162844,8724,197350716,195535448,1815268,76,281668,1080572,10512
2026-08-27T19:23:32.015639,393132552,388671852,389771116,160,1329296,2243416,19256,34359738367,268432,16244,6928,9316,108,195781836,193137312,2644524,72,1047436,1162844,8724,197350716,195534540,1816176,88,281860,1080572,10532
2026-08-27T19:23:32.516816,393132552,388670968,389770232,160,1329412,2243416,19256,34359738367,268448,16244,6928,9316,108,195781836,193137340,2644496,72,1047500,1162844,8724,197350716,195533628,1817088,88,281912,1080572,10532
2026-08-27T19:23:33.018033,393132552,388671108,389770372,164,1329292,2243416,19256,34359738367,268416,16244,6928,9316,108,195781836,193137592,2644244,72,1047440,1162844,8724,197350716,195533516,1817200,92,281852,1080572,10532
2026-08-27T19:23:33.519174,393132552,388669508,389768772,164,1329432,2243416,19256,34359738367,268432,16244,6928,9316,108,195781836,193137592,2644244,72,1047512,1162844,8724,197350716,195531916,1818800,92,281920,1080572,10532
2026-08-27T19:23:34.020312,393132552,388670568,389769832,168,1329312,2243416,19256,34359738367,268384,16244,6928,9316,108,195781836,193138348,2643488,72,1047448,1162844,8724,197350716,195532220,1818496,96,281864,1080572,10532
2026-08-27T19:23:34.521475,393132552,388672124,389771416,176,1329472,2243416,19256,34359738367,268432,16244,6928,9316,108,195781836,193138980,2642856,80,1047528,1162844,8724,197350716,195533144,1817572,96,281944,1080572,10532
2026-08-27T19:23:35.022613,393132552,388672136,389771428,180,1329348,2243416,19256,34359738367,267968,16244,6928,9316,108,195781836,193139232,2642604,80,1047464,1162844,8724,197350716,195532904,1817812,100,281884,1080572,10532
2026-08-27T19:23:35.523387,393132552,388671608,389770900,180,1329504,2243416,19256,34359738367,268416,16244,6928,9316,108,195781836,193139360,2642476,80,1047548,1162844,8724,197350716,195532248,1818468,100,281956,1080572,10532
2026-08-27T19:23:36.024473,393132552,388669212,389768504,184,1329408,2243416,19256,34359738367,268432,16244,6928,9316,108,195781836,193139616,2642220,80,1047496,1162844,8724,197350716,195529596,1821120,104,281912,1080572,10532
2026-08-27T19:23:36.525598,393132552,388669660,389768952,184,1329548,2243416,19256,34359738367,268416,16244,6928,9316,108,195781836,193139616,2642220,80,1047572,1162844,8724,197350716,195530044,1820672,104,281976,1080572,10532
2026-08-27T19:23:37.026724,393132552,388671104,389770452,84,1329472,2243416,19256,34359738367,268432,16244,6928,9316,108,195781836,193140372,2641464,28,1047528,1162844,8724,197350716,195530732,1819984,56,281944,1080572,10532
2026-08-27T19:23:37.527860,393132552,388672788,389772136,84,1329592,2243416,19256,34359738367,268368,16244,6928,9316,108,195781836,193140876,2640960,28,1047592,1162844,8724,197350716,195531912,1818804,56,282000,1080572,10532
2026-08-27T19:23:38.028731,393132552,388671708,389771056,120,1329280,2243416,19256,34359738367,268432,16244,6928,9316,108,195781836,193140876,2640960,44,1047436,1162844,8724,197350716,195531040,1819676,76,281848,1080572,10532
2026-08-27T19:23:38.529916,393132552,388672220,389771576,120,1329400,2243416,19256,34359738367,267680,16244,6928,9316,108,195781836,193140876,2640960,44,1047492,1162844,8724,197350716,195531344,1819372,76,281908,1080572,10532
2026-08-27T19:23:39.030671,393132552,388670360,389769716,124,1329308,2243416,19256,34359738367,268416,16244,6928,9316,108,195781836,193141128,2640708,44,1047444,1162844,8724,197350716,195529232,1821484,80,281864,1080572,10532
2026-08-27T19:23:39.531804,393132552,388670632,389769988,124,1329416,2243416,19256,34359738367,268432,16244,6928,9316,108,195781836,193141128,2640708,44,1047500,1162844,8724,197350716,195529504,1821212,80,281916,1080572,10532
2026-08-27T19:23:40.032944,393132552,388671680,389771036,128,1329292,2243416,19256,34359738367,268416,16244,6928,9316,108,195781836,193141888,2639948,44,1047436,1162844,8724,197350716,195529792,1820924,84,281856,1080572,10532
2026-08-27T19:23:40.534136,393132552,388671292,389770648,140,1329440,2243416,19256,34359738367,268432,16244,6928,9316,108,195781836,193142392,2639444,56,1047512,1162844,8724,197350716,195528900,1821816,84,281928,1080572,10532
2026-08-27T19:23:41.035266,393132552,388671548,389770904,148,1329320,2243416,19256,34359738367,268336,16244,6928,9316,108,195781836,193142392,2639444,56,1047452,1162844,8724,197350716,195529156,1821560,92,281868,1080572,10532
2026-08-27T19:23:41.536107,393132552,388670884,389770240,148,1329484,2243416,19256,34359738367,268432,16244,6928,9316,108,195781836,193142392,2639444,56,1047532,1162844,8724,197350716,195528492,1822224,92,281952,1080572,10532
2026-08-27T19:23:42.037234,393132552,388671104,389770460,152,1329376,2243416,19256,34359738367,267616,16244,6928,9316,108,195781836,193142644,2639192,56,1047476,1162844,8724,197350716,195528460,1822256,96,281900,1080572,10532
2026-08-27T19:23:42.537983,393132552,388670720,389770076,164,1329520,2243416,19256,34359738367,268416,16244,6928,9316,108,195781836,193142644,2639192,68,1047552,1162844,8724,197350716,195528076,1822640,96,281968,1080572,10532
2026-08-27T19:23:43.039129,393132552,388670712,389770068,168,1329440,2243416,19256,34359738367,268432,16244,6928,9316,108,195781836,193143340,2638496,68,1047512,1162844,8724,197350716,195527372,1823344,100,281928,1080572,10532
2026-08-27T19:23:43.540256,393132552,388672156,389771512,172,1329560,2243416,19256,34359738367,268416,16244,6928,9316,108,195781836,193143844,2637992,72,1047576,1162844,8724,197350716,195528312,1822404,100,281984,1080572,10532
2026-08-27T19:23:44.041423,393132552,388671612,389770968,184,1329488,2243416,19256,34359738367,268432,16244,6928,9316,108,195781836,193143844,2637992,72,1047536,1162844,8724,197350716,195527768,1822948,112,281952,1080572,10532
2026-08-27T19:23:44.542539,393132552,388671980,389771344,184,1329604,2243416,19256,34359738367,268288,16244,6928,9316,108,195781836,193143844,2637992,72,1047596,1162844,8724,197350716,195528136,1822580,112,282008,1080572,10532
2026-08-27T19:23:45.043557,393132552,388669448,389768812,188,1329300,2243416,19256,34359738367,268432,16244,6928,9316,108,195781836,193144096,2637740,72,1047440,1162844,8724,197350716,195525352,1825364,116,281860,1080572,10532
2026-08-27T19:23:45.544669,393132552,388669800,389769164,196,1329408,2243416,19256,34359738367,268224,16244,6928,9316,108,195781836,193144096,2637740,80,1047496,1162844,8724,197350716,195525704,1825012,116,281912,1080572,10532
2026-08-27T19:23:46.045745,393132552,388670196,389769560,196,1329304,2243416,19256,34359738367,268432,16244,6928,9316,108,195781836,193144600,2637236,80,1047444,1162844,8724,197350716,195525596,1825120,116,281860,1080572,10532
2026-08-27T19:23:46.546879,393132552,388670692,389770056,196,1329416,2243416,19256,34359738367,268432,16244,6928,9316,108,195781836,193145104,2636732,80,1047500,1162844,8724,197350716,195525588,1825128,116,281916,1080572,10532
2026-08-27T19:23:47.048012,393132552,388670920,389770284,200,1329304,2243416,19256,34359738367,268400,16244,6928,9316,108,195781836,193145104,2636732,80,1047444,1162844,8724,197350716,195525816,1824900,120,281860,1080572,10532
2026-08-27T19:23:47.549174,393132552,388670408,389769772,200,1329452,2243416,19256,34359738367,268432,16244,6928,9316,108,195781836,193145104,2636732,80,1047520,1162844,8724,197350716,195525304,1825412,120,281932,1080572,10532
2026-08-27T19:23:48.050336,393132552,388670920,389770284,204,1329344,2243416,19256,34359738367,268176,16244,6928,9316,108,195781836,193145572,2636264,80,1047468,1162844,8724,197350716,195525348,1825368,124,281876,1080572,10532
2026-08-27T19:23:48.551159,393132552,388671576,389770940,204,1329496,2243416,19256,34359738367,268400,16244,6928,9316,108,195781836,193145572,2636264,80,1047540,1162844,8724,197350716,195526004,1824712,124,281956,1080572,10532
2026-08-27T19:23:49.052295,393132552,388671884,389771248,208,1329156,2243416,19028,34359738367,268432,16244,6928,9316,108,195781836,193146076,2635760,80,1047488,1162844,8724,197350716,195525808,1824908,128,281668,1080572,10304
2026-08-27T19:23:49.553482,393132552,388672424,389771788,208,1329296,2243416,19256,34359738367,268400,16244,6928,9316,108,195781836,193146608,2635228,80,1047440,1162844,8724,197350716,195525816,1824900,128,281856,1080572,10532
2026-08-27T19:23:50.054626,393132552,388672232,389771672,224,1329464,2243416,19256,34359738367,268432,16244,6928,9316,108,195781836,193146608,2635228,80,1047524,1162844,8724,197350716,195525624,1825092,144,281940,1080572,10532
2026-08-27T19:23:50.555752,393132552,388673232,389772672,224,1329332,2243416,19256,34359738367,268400,16244,6928,9316,108,195781836,193146640,2635196,80,1047456,1162844,8724,197350716,195526592,1824124,144,281876,1080572,10532
2026-08-27T19:23:51.056882,393132552,388673536,389772976,228,1329496,2243416,19256,34359738367,268400,16244,6928,9316,108,195781836,193146640,2635196,80,1047548,1162844,8724,197350716,195526896,1823820,148,281956,1080572,10532
2026-08-27T19:23:51.558067,393132552,388673620,389773060,236,1329376,2243416,19256,34359738367,267984,16244,6928,9316,108,195781836,193146640,2635196,88,1047480,1162844,8724,197350716,195526980,1823736,148,281896,1080572,10532
2026-08-27T19:23:52.058832,393132552,388674892,389774332,240,1329556,2243416,19256,34359738367,268416,16244,6928,9316,108,195781836,193147428,2634408,88,1047576,1162844,8724,197350716,195527464,1823252,152,281980,1080572,10532
2026-08-27T19:23:52.559975,393132552,388673144,389772840,240,1329424,2243416,19256,34359738367,268448,16244,6928,9316,108,195781836,193147424,2634412,88,1047504,1162844,8724,197350716,195525720,1824996,152,281920,1080572,10532
2026-08-27T19:23:53.061142,393132552,388673704,389773400,244,1329560,2243416,19256,34359738367,268432,16244,6928,9316,108,195781836,193147424,2634412,88,1047572,1162844,8724,197350716,195526280,1824436,156,281988,1080572,10532
2026-08-27T19:23:53.562349,393132552,388673268,389773080,252,1329364,2243416,19236,34359738367,268432,16244,6928,9316,108,195781836,193147020,2634816,96,1047480,1162844,8724,197350716,195526248,1824468,156,281884,1080572,10512
2026-08-27T19:23:54.063486,393132552,388673476,389773292,252,1329496,2243416,19236,34359738367,268384,16244,6928,9316,108,195781836,193147020,2634816,96,1047544,1162844,8724,197350716,195526456,1824260,156,281952,1080572,10512
2026-08-27T19:23:54.564358,393132552,388674080,389773896,252,1329076,2243416,19248,34359738367,268416,16244,6928,9316,108,195781836,193147020,2634816,96,1047424,1162844,8724,197350716,195527060,1823656,156,281652,1080572,10524
2026-08-27T19:23:55.065519,393132552,388675464,389775284,256,1329220,2243416,19248,34359738367,268016,16244,6928,9316,108,195781836,193147796,2634040,96,1047496,1162844,8724,197350716,195527668,1823048,160,281724,1080572,10524
2026-08-27T19:23:55.566304,393132552,388675968,389775816,256,1329036,2243416,19028,34359738367,268384,16244,6928,9316,108,195781836,193148068,2633768,96,1047420,1162844,8724,197350716,195527900,1822816,160,281616,1080572,10304
2026-08-27T19:23:56.067461,393132552,388675944,389775792,268,1329412,2243416,19256,34359738367,268416,16244,6928,9316,108,195781836,193148068,2633768,96,1047496,1162844,8724,197350716,195527876,1822840,172,281916,1080572,10532
2026-08-27T19:23:56.568625,393132552,388675920,389775768,276,1329688,2243416,19396,34359738367,268384,16244,6928,9316,108,195781836,193148080,2633756,104,1047568,1162844,8724,197350716,195527840,1822876,172,282120,1080572,10672
2026-08-27T19:23:57.069815,393132552,388674852,389774700,156,1329492,2243416,19256,34359738367,268416,16244,6928,9316,108,195781836,193148080,2633756,104,1047528,1162844,8724,197350716,195526772,1823944,52,281964,1080572,10532
2026-08-27T19:23:57.570982,393132552,388674840,389774688,156,1329352,2243416,19256,34359738367,268368,16244,6928,9316,108,195781836,193148180,2633656,104,1047460,1162844,8724,197350716,195526660,1824056,52,281892,1080572,10532
2026-08-27T19:23:58.071890,393132552,388674688,389774536,104,1329532,2243416,19256,34359738367,268432,16244,6928,9316,108,195781836,193148684,2633152,56,1047556,1162844,8724,197350716,195526004,1824712,48,281976,1080572,10532
2026-08-27T19:23:58.572971,393132552,388675076,389774924,104,1329392,2243416,19256,34359738367,267808,16244,6928,9316,108,195781836,193148908,2632928,56,1047484,1162844,8724,197350716,195526168,1824548,48,281908,1080572,10532
2026-08-27T19:23:59.073766,393132552,388674324,389774172,108,1329568,2243416,19256,34359738367,268416,16244,6928,9316,108,195781836,193148916,2632920,56,1047572,1162844,8724,197350716,195525408,1825308,52,281996,1080572,10532
2026-08-27T19:23:59.574893,393132552,388674292,389774140,148,1329436,2243416,19256,34359738367,268432,16244,6928,9316,108,195781836,193148932,2632904,84,1047504,1162844,8724,197350716,195525360,1825356,64,281932,1080572,10532
2026-08-27T19:24:00.076008,393132552,388674568,389774420,152,1329576,2243416,19256,34359738367,268416,16244,6928,9316,108,195781836,193149000,2632836,84,1047572,1162844,8724,197350716,195525568,1825148,68,282004,1080572,10532
2026-08-27T19:24:00.577134,393132552,388673432,389773284,152,1329440,2243416,19256,34359738367,268432,16244,6928,9316,108,195781836,193149000,2632836,84,1047508,1162844,8724,197350716,195524432,1826284,68,281932,1080572,10532
2026-08-27T19:24:01.078292,393132552,388674856,389774708,156,1329584,2243416,19256,34359738367,268368,16244,6928,9316,108,195781836,193149504,2632332,84,1047584,1162844,8724,197350716,195525352,1825364,72,282000,1080572,10532
2026-08-27T19:24:01.579186,393132552,388673232,389773088,156,1329012,2243416,19236,34359738367,268400,16244,6928,9316,108,195781836,193149504,2632332,84,1047404,1162844,8724,197350716,195523728,1826988,72,281608,1080572,10512
2026-08-27T19:24:02.080281,393132552,388673824,389773680,164,1329388,2243416,19460,34359738367,267696,16244,6928,9316,108,195781836,193149504,2632332,84,1047472,1162844,8724,197350716,195524320,1826396,80,281916,1080572,10736
2026-08-27T19:24:02.581092,393132552,388673464,389773320,172,1329520,2243416,19256,34359738367,268400,16244,6928,9316,108,195781836,193149504,2632332,92,1047548,1162844,8724,197350716,195523960,1826756,80,281972,1080572,10532
2026-08-27T19:24:03.082269,393132552,388672408,389772264,176,1329440,2243416,19256,34359738367,268448,16244,6928,9316,108,195781836,193149504,2632332,92,1047504,1162844,8724,197350716,195522904,1827812,84,281936,1080572,10532
2026-08-27T19:24:03.583428,393132552,388672696,389772552,176,1329568,2243416,19256,34359738367,268416,16244,6928,9316,108,195781836,193149504,2632332,92,1047572,1162844,8724,197350716,195523192,1827524,84,281996,1080572,10532
2026-08-27T19:24:04.084310,393132552,388672160,389772076,180,1329040,2243416,19236,34359738367,268400,16244,6928,9316,108,195781836,193150008,2631828,92,1047416,1162844,8724,197350716,195522152,1828564,88,281624,1080572,10512
2026-08-27T19:24:04.585568,393132552,388672472,389772388,180,1329364,2243416,19464,34359738367,268288,16244,6928,9316,108,195781836,193150044,2631792,92,1047468,1162844,8724,197350716,195522428,1828288,88,281896,1080572,10740
2026-08-27T19:24:05.086406,393132552,388672312,389772228,184,1329540,2243416,19256,34359738367,268416,16244,6928,9316,108,195781836,193150044,2631792,92,1047564,1162844,8724,197350716,195522268,1828448,92,281976,1080572,10532
2026-08-27T19:24:05.587525,393132552,388672332,389772248,184,1329404,2243416,19256,34359738367,267632,16244,6928,9316,108,195781836,193150044,2631792,92,1047488,1162844,8724,197350716,195522288,1828428,92,281916,1080572,10532
2026-08-27T19:24:06.088263,393132552,388671896,389771812,184,1329588,2243416,19256,34359738367,268416,16244,6928,9316,108,195781836,193150044,2631792,92,1047576,1162844,8724,197350716,195521852,1828864,92,282012,1080572,10532
2026-08-27T19:24:06.589463,393132552,388670680,389770596,184,1329440,2243416,19256,34359738367,268432,16244,6928,9316,108,195781836,193150044,2631792,92,1047504,1162844,8724,197350716,195520636,1830080,92,281936,1080572,10532
2026-08-27T19:24:07.090577,393132552,388671936,389771852,188,1329584,2243416,19256,34359738367,268416,16244,6928,9316,108,195781836,193150592,2631244,92,1047580,1162844,8724,197350716,195521344,1829372,96,282004,1080572,10532
2026-08-27T19:24:07.591714,393132552,388671424,389771348,136,1329436,2243416,19256,34359738367,268432,16244,6928,9316,108,195781836,193150592,2631244,92,1047508,1162844,8724,197350716,195520832,1829884,44,281928,1080572,10532
2026-08-27T19:24:08.092836,393132552,388672336,389772260,160,1329588,2243416,19256,34359738367,268256,16244,6928,9316,108,195781836,193150592,2631244,100,1047580,1162844,8724,197350716,195521744,1828972,60,282008,1080572,10532
2026-08-27T19:24:08.593707,393132552,388671716,389771640,160,1329016,2243416,19236,34359738367,268400,16244,6928,9316,108,195781836,193150592,2631244,100,1047404,1162844,8724,197350716,195521124,1829592,60,281612,1080572,10512
2026-08-27T19:24:09.094791,393132552,388671508,389771432,164,1329392,2243416,19460,34359738367,267536,16244,6928,9316,108,195781836,193150592,2631244,100,1047480,1162844,8724,197350716,195520916,1829800,64,281912,1080572,10736
2026-08-27T19:24:09.595533,393132552,388671472,389771396,164,1329524,2243416,19256,34359738367,268400,16244,6928,9316,108,195781836,193150592,2631244,100,1047548,1162844,8724,197350716,195520880,1829836,64,281976,1080572,10532
2026-08-27T19:24:10.096638,393132552,388671208,389771132,180,1329472,2243416,19256,34359738367,268432,16244,6928,9316,108,195781836,193151096,2630740,108,1047520,1162844,8724,197350716,195520176,1830540,72,281952,1080572,10532
2026-08-27T19:24:10.597821,393132552,388672340,389772264,180,1329572,2243416,19256,34359738367,268400,16244,6928,9316,108,195781836,193151096,2630740,108,1047576,1162844,8724,197350716,195521244,1829472,72,281996,1080572,10532
2026-08-27T19:24:11.098920,393132552,388671376,389771300,184,1329280,2243416,19256,34359738367,268432,16244,6928,9316,108,195781836,193151096,2630740,108,1047416,1162844,8724,197350716,195520280,1830436,76,281864,1080572,10532
2026-08-27T19:24:11.600144,393132552,388671188,389771112,184,1329376,2243416,19256,34359738367,268272,16244,6928,9316,108,195781836,193151112,2630724,108,1047468,1162844,8724,197350716,195520076,1830640,76,281908,1080572,10532
2026-08-27T19:24:12.100968,393132552,388669972,389769896,188,1329316,2243416,19256,34359738367,268432,16244,6928,9316,108,195781836,193151112,2630724,108,1047440,1162844,8724,197350716,195518860,1831856,80,281876,1080572,10532
2026-08-27T19:24:12.602129,393132552,388670828,389770752,188,1329408,2243416,19256,34359738367,267488,16244,6928,9316,108,195781836,193151112,2630724,108,1047488,1162844,8724,197350716,195519716,1831000,80,281920,1080572,10532
2026-08-27T19:24:13.102858,393132552,388670160,389770092,136,1329348,2243416,19256,34359738367,268416,16244,6928,9316,108,195781836,193151636,2630200,40,1047456,1162844,8724,197350716,195518524,1832192,96,281892,1080572,10532
2026-08-27T19:24:13.604015,393132552,388670040,389769972,136,1329444,2243416,19256,34359738367,268432,16244,6928,9316,108,195781836,193151636,2630200,40,1047504,1162844,8724,197350716,195518404,1832312,96,281940,1080572,10532
2026-08-27T19:24:14.105129,393132552,388670708,389770640,148,1329360,2243416,19256,34359738367,268400,16244,6928,9316,108,195781836,193151636,2630200,44,1047460,1162844,8724,197350716,195519072,1831644,104,281900,1080572,10532
2026-08-27T19:24:14.606296,393132552,388669748,389769680,148,1329464,2243416,19256,34359738367,268432,16244,6928,9316,108,195781836,193151636,2630200,44,1047516,1162844,8724,197350716,195518112,1832604,104,281948,1080572,10532
2026-08-27T19:24:15.107395,393132552,388670112,389770120,184,1329364,2243416,19256,34359738367,268192,16244,6928,9316,108,195781836,193151636,2630200,68,1047464,1162844,8724,197350716,195518476,1832240,116,281900,1080572,10532
2026-08-27T19:24:15.608204,393132552,388669500,389769532,184,1329496,2243416,19256,34359738367,268432,16244,6928,9316,108,195781836,193151636,2630200,68,1047528,1162844,8724,197350716,195517864,1832852,116,281968,1080572,10532
2026-08-27T19:24:16.109373,393132552,388668024,389768056,188,1329416,2243416,19256,34359738367,268448,16244,6928,9316,108,195781836,193151952,2629884,68,1047480,1162844,8724,197350716,195516072,1834644,120,281936,1080572,10532
2026-08-27T19:24:16.610553,393132552,388669028,389769060,188,1329540,2243416,19256,34359738367,268432,16244,6928,9316,108,195781836,193151952,2629884,68,1047556,1162844,8724,197350716,195517076,1833640,120,281984,1080572,10532
2026-08-27T19:24:17.111718,393132552,388669460,389769492,192,1329504,2243416,19256,34359738367,268416,16244,6928,9316,108,195781836,193151952,2629884,68,1047532,1162844,8724,197350716,195517508,1833208,124,281972,1080572,10532
2026-08-27T19:24:17.612880,393132552,388669508,389769544,196,1329344,2243416,19256,34359738367,268384,16244,6928,9316,108,195781836,193151952,2629884,68,1047452,1162844,8724,197350716,195517556,1833160,128,281892,1080572,10532
2026-08-27T19:24:18.114056,393132552,388669972,389770008,200,1329540,2243416,19256,34359738367,268432,16244,6928,9316,108,195781836,193151952,2629884,68,1047552,1162844,8724,197350716,195518020,1832696,132,281988,1080572,10532
2026-08-27T19:24:18.615181,393132552,388669976,389770012,200,1329384,2243416,19256,34359738367,267984,16244,6928,9316,108,195781836,193151952,2629884,68,1047472,1162844,8724,197350716,195518024,1832692,132,281912,1080572,10532
2026-08-27T19:24:19.115976,393132552,388670928,389770964,212,1329572,2243416,19256,34359738367,268416,16244,6928,9316,108,195781836,193152204,2629632,68,1047572,1162844,8724,197350716,195518724,1831992,144,282000,1080572,10532
2026-08-27T19:24:19.617130,393132552,388672348,389772384,220,1329428,2243416,19256,34359738367,268432,16244,6928,9316,108,195781836,193152204,2629632,76,1047496,1162844,8724,197350716,195520144,1830572,144,281932,1080572,10532
2026-08-27T19:24:20.118294,393132552,388673160,389773212,224,1329844,2243416,19484,34359738367,268400,16244,6928,9316,108,195781836,193152252,2629584,76,1047584,1162844,8724,197350716,195520908,1829808,148,282260,1080572,10760
2026-08-27T19:24:20.619441,393132552,388673384,389773460,224,1329448,2243416,19256,34359738367,268432,16244,6928,9316,108,195781836,193152252,2629584,76,1047504,1162844,8724,197350716,195521132,1829584,148,281944,1080572,10532
2026-08-27T19:24:21.120586,393132552,388673400,389773476,228,1329364,2243416,19256,34359738367,268384,16244,6928,9316,108,195781836,193152252,2629584,76,1047460,1162844,8724,197350716,195521148,1829568,152,281904,1080572,10532
2026-08-27T19:24:21.621715,393132552,388673592,389773668,228,1329472,2243416,19256,34359738367,268432,16244,6928,9316,108,195781836,193152252,2629584,76,1047516,1162844,8724,197350716,195521340,1829376,152,281956,1080572,10532
2026-08-27T19:24:22.122833,393132552,388673720,389773796,228,1329392,2243416,19256,34359738367,267648,16244,6928,9316,108,195781836,193152504,2629332,76,1047472,1162844,8724,197350716,195521216,1829500,152,281920,1080572,10532
2026-08-27T19:24:22.623590,393132552,388674108,389774184,228,1329756,2243416,19480,34359738367,268384,16244,6928,9316,108,195781836,193152508,2629328,76,1047544,1162844,8724,197350716,195521600,1829116,152,282212,1080572,10756
2026-08-27T19:24:23.124743,393132552,388674096,389774172,232,1329472,2243416,19256,34359738367,268416,16244,6928,9316,108,195781836,193152508,2629328,76,1047520,1162844,8724,197350716,195521588,1829128,156,281952,1080572,10532
2026-08-27T19:24:23.625961,393132552,388674156,389774232,232,1329316,2243416,19256,34359738367,268400,16244,6928,9316,108,195781836,193152520,2629316,76,1047436,1162844,8724,197350716,195521636,1829080,156,281880,1080572,10532
2026-08-27T19:24:24.127086,393132552,388673296,389773372,236,1329520,2243416,19256,34359738367,268432,16244,6928,9316,108,195781836,193152524,2629312,76,1047540,1162844,8724,197350716,195520772,1829944,160,281980,1080572,10532
2026-08-27T19:24:24.628213,393132552,388672968,389773044,256,1329376,2243416,19256,34359738367,268336,16244,6928,9316,108,195781836,193152540,2629296,76,1047464,1162844,8724,197350716,195520428,1830288,180,281912,1080572,10532
2026-08-27T19:24:25.129052,393132552,388672144,389772220,256,1329568,2243416,19256,34359738367,268432,16244,6928,9316,108,195781836,193152820,2629016,76,1047564,1162844,8724,197350716,195519324,1831392,180,282004,1080572,10532
2026-08-27T19:24:25.630203,393132552,388672956,389773032,256,1329404,2243416,19256,34359738367,267472,16244,6928,9316,108,195781836,193152820,2629016,76,1047484,1162844,8724,197350716,195520136,1830580,180,281920,1080572,10532
2026-08-27T19:24:26.130963,393132552,388673112,389773260,264,1329604,2243416,19256,34359738367,268416,16244,6928,9316,108,195781836,193152820,2629016,76,1047584,1162844,8724,197350716,195520292,1830424,188,282020,1080572,10532
2026-08-27T19:24:26.632094,393132552,388671124,389771272,264,1329452,2243416,19256,34359738367,268432,16244,6928,9316,108,195781836,193152820,2629016,76,1047504,1162844,8724,197350716,195518304,1832412,188,281948,1080572,10532
2026-08-27T19:24:27.133273,393132552,388671448,389771596,268,1329604,2243416,19256,34359738367,268400,16244,6928,9316,108,195781836,193152820,2629016,76,1047584,1162844,8724,197350716,195518628,1832088,192,282020,1080572,10532
2026-08-27T19:24:27.634389,393132552,388671236,389771384,272,1329412,2243416,19256,34359738367,268432,16244,6928,9316,108,195781836,193152844,2628992,76,1047492,1162844,8724,197350716,195518392,1832324,196,281920,1080572,10532
2026-08-27T19:24:28.135509,393132552,388672464,389772620,136,1329572,2243416,19256,34359738367,268064,16244,6928,9316,108,195781836,193152908,2628928,72,1047572,1162844,8724,197350716,195519556,1831160,64,282000,1080572,10532
2026-08-27T19:24:28.636490,393132552,388671432,389771588,148,1329276,2243416,19256,34359738367,268432,16244,6928,9316,108,195781836,193152908,2628928,72,1047412,1162844,8724,197350716,195518524,1832192,76,281864,1080572,10532
2026-08-27T19:24:29.141281,393132552,388671272,389771428,148,1329448,2243416,19256,34359738367,268448,16244,6928,9316,108,195781836,193152908,2628928,72,1047500,1162844,8724,197350716,195518364,1832352,76,281948,1080572,10532
2026-08-27T19:24:29.642430,393132552,388671572,389771728,80,1329316,2243416,19256,34359738367,268432,16244,6928,9316,108,195781836,193152908,2628928,24,1047432,1162844,8724,197350716,195518664,1832052,56,281884,1080572,10532
2026-08-27T19:24:30.143580,393132552,388670704,389770860,80,1329516,2243416,19256,34359738367,268432,16244,6928,9316,108,195781836,193152908,2628928,24,1047532,1162844,8724,197350716,195517796,1832920,56,281984,1080572,10532
2026-08-27T19:24:30.644727,393132552,388670892,389771048,100,1329364,2243416,19256,34359738367,268384,16244,6928,9316,108,195781836,193152908,2628928,32,1047456,1162844,8724,197350716,195517984,1832732,68,281908,1080572,10532
2026-08-27T19:24:31.145671,393132552,388671596,389771752,144,1329556,2243416,19256,34359738367,268432,16244,6928,9316,108,195781836,193152908,2628928,64,1047552,1162844,8724,197350716,195518688,1832028,80,282004,1080572,10532
2026-08-27T19:24:31.646779,393132552,388672000,389772156,148,1329396,2243416,19256,34359738367,267856,16244,6928,9316,108,195781836,193152908,2628928,64,1047476,1162844,8724,197350716,195519092,1831624,84,281920,1080572,10532
2026-08-27T19:24:32.147556,393132552,388671712,389771868,148,1329588,2243416,19256,34359738367,268416,16244,6928,9316,108,195781836,193152908,2628928,64,1047576,1162844,8724,197350716,195518804,1831912,84,282012,1080572,10532
2026-08-27T19:24:32.648697,393132552,388671360,389771516,152,1329432,2243416,19256,34359738367,268416,16244,6928,9316,108,195781836,193152908,2628928,64,1047492,1162844,8724,197350716,195518452,1832264,88,281940,1080572,10532
2026-08-27T19:24:33.149920,393132552,388671460,389771632,152,1329624,2243416,19256,34359738367,268400,16244,6928,9316,108,195781836,193152908,2628928,64,1047588,1162844,8724,197350716,195518552,1832164,88,282036,1080572,10532
2026-08-27T19:24:33.651030,393132552,388669652,389769824,156,1329464,2243416,19256,34359738367,268432,16244,6928,9316,108,195781836,193152908,2628928,64,1047508,1162844,8724,197350716,195516744,1833972,92,281956,1080572,10532
2026-08-27T19:24:34.152174,393132552,388670808,389770980,156,1329616,2243416,19256,34359738367,268304,16244,6928,9316,108,195781836,193152908,2628928,64,1047588,1162844,8724,197350716,195517900,1832816,92,282028,1080572,10532
2026-08-27T19:24:34.653021,393132552,388670316,389770488,160,1329252,2243416,19256,34359738367,268432,16244,6928,9316,108,195781836,193152928,2628908,64,1047400,1162844,8724,197350716,195517388,1833328,96,281852,1080572,10532
2026-08-27T19:24:35.154205,393132552,388671212,389771384,160,1329420,2243416,19256,34359738367,267488,16244,6928,9316,108,195781836,193152928,2628908,64,1047480,1162844,8724,197350716,195518284,1832432,96,281940,1080572,10532
2026-08-27T19:24:35.654943,393132552,388669808,389769980,176,1329284,2243416,19256,34359738367,268400,16244,6928,9316,108,195781836,193152928,2628908,72,1047412,1162844,8724,197350716,195516880,1833836,104,281872,1080572,10532
2026-08-27T19:24:36.156067,393132552,388669004,389769176,188,1329484,2243416,19256,34359738367,268432,16244,6928,9316,108,195781836,193152928,2628908,84,1047520,1162844,8724,197350716,195516076,1834640,104,281964,1080572,10532
2026-08-27T19:24:36.657251,393132552,388668876,389769048,196,1329340,2243416,19256,34359738367,268400,16244,6928,9316,108,195781836,193152928,2628908,84,1047444,1162844,8724,197350716,195515948,1834768,112,281896,1080572,10532
2026-08-27T19:24:37.158378,393132552,388668848,389769020,196,1329524,2243416,19256,34359738367,268432,16244,6928,9316,108,195781836,193152928,2628908,84,1047540,1162844,8724,197350716,195515920,1834796,112,281984,1080572,10532
2026-08-27T19:24:37.659487,393132552,388669352,389769524,200,1329380,2243416,19256,34359738367,268256,16244,6928,9316,108,195781836,193152952,2628884,84,1047464,1162844,8724,197350716,195516400,1834316,116,281916,1080572,10532
2026-08-27T19:24:38.160304,393132552,388668616,389768788,200,1329580,2243416,19256,34359738367,268432,16244,6928,9316,108,195781836,193152952,2628884,84,1047568,1162844,8724,197350716,195515664,1835052,116,282012,1080572,10532
2026-08-27T19:24:38.661470,393132552,388668708,389768944,204,1329416,2243416,19256,34359738367,268496,16244,6928,9316,108,195781836,193152952,2628884,84,1047488,1162844,8724,197350716,195515756,1834960,120,281928,1080572,10532
2026-08-27T19:24:39.162597,393132552,388669520,389769756,204,1329612,2243416,19256,34359738367,268432,16244,6928,9316,108,195781836,193152952,2628884,84,1047584,1162844,8724,197350716,195516568,1834148,120,282028,1080572,10532
2026-08-27T19:24:39.663715,393132552,388667112,389767348,208,1329468,2243416,19256,34359738367,268432,16244,6928,9316,108,195781836,193150944,2630892,84,1047508,1162844,8724,197350716,195516168,1834548,124,281960,1080572,10532
2026-08-27T19:24:40.164853,393132552,388667384,389767620,208,1329376,2243416,19256,34359738367,268384,16244,6928,9316,108,195781836,193150496,2631340,84,1047684,1162844,8948,197350716,195516888,1833828,124,281692,1080572,10308
2026-08-27T19:24:40.666032,393132552,388667312,389767548,212,1329472,2243416,19256,34359738367,268432,16244,6928,9316,108,195781836,193149992,2631844,84,1047732,1162844,8948,197350716,195517320,1833396,128,281740,1080572,10308
2026-08-27T19:24:41.167142,393132552,388667708,389767944,212,1329380,2243416,19256,34359738367,268096,16244,6928,9316,108,195781836,193149796,2632040,84,1047708,1162844,8964,197350716,195517912,1832804,128,281672,1080572,10292
2026-08-27T19:24:41.667945,393132552,388666876,389767112,224,1329508,2243416,19256,34359738367,268432,16244,6928,9316,108,195781836,193148788,2633048,92,1047768,1162844,8964,197350716,195518088,1832628,132,281740,1080572,10292
2026-08-27T19:24:42.169085,393132552,388665212,389765448,224,1329420,2243416,19256,34359738367,268448,16244,6928,9316,108,195781836,193146820,2635016,92,1047724,1162844,8964,197350716,195518392,1832324,132,281696,1080572,10292
2026-08-27T19:24:42.670282,393132552,388665284,389765520,232,1329540,2243416,19256,34359738367,268416,16244,6928,9316,108,195781836,193146860,2634976,92,1047788,1162844,8964,197350716,195518424,1832292,140,281752,1080572,10292
2026-08-27T19:24:43.171399,393132552,388664376,389764612,232,1329488,2243416,19256,34359738367,268432,16244,6928,9316,108,195781836,193145756,2636080,92,1047756,1162844,8964,197350716,195518620,1832096,140,281732,1080572,10292
2026-08-27T19:24:43.672555,393132552,388664796,389765048,236,1329580,2243416,19256,34359738367,268384,16244,6928,9316,108,195781836,193145808,2636028,92,1047804,1162844,8964,197350716,195518988,1831728,144,281776,1080572,10292
2026-08-27T19:24:44.173537,393132552,388664680,389764932,188,1329536,2243416,19256,34359738367,268432,16244,6928,9316,108,195781836,193145440,2636396,92,1047784,1162844,8964,197350716,195519240,1831476,96,281752,1080572,10292
2026-08-27T19:24:44.674639,393132552,388664904,389765156,192,1329620,2243416,19256,34359738367,268192,16244,6928,9316,108,195781836,193145664,2636172,92,1047824,1162844,8964,197350716,195519240,1831476,100,281796,1080572,10292
2026-08-27T19:24:45.175428,393132552,388663728,389763980,192,1329340,2243416,19256,34359738367,268400,16244,6928,9316,108,195781836,193144488,2637348,92,1047692,1162844,8964,197350716,195519240,1831476,100,281648,1080572,10292
2026-08-27T19:24:45.676544,393132552,388663780,389764032,196,1329424,2243416,19256,34359738367,267424,16244,6928,9316,108,195781836,193144536,2637300,92,1047732,1162844,8964,197350716,195519244,1831472,104,281692,1080572,10292
2026-08-27T19:24:46.177382,393132552,388662892,389763144,208,1329608,2243416,19256,34359738367,268400,16244,6928,9316,108,195781836,193143072,2638764,100,1047816,1162844,8964,197350716,195519820,1830896,108,281792,1080572,10292
2026-08-27T19:24:46.678521,393132552,388662492,389762744,212,1329472,2243416,19256,34359738367,268432,16244,6928,9316,108,195781836,193142492,2639344,100,1047752,1162844,8964,197350716,195520000,1830716,112,281720,1080572,10292
2026-08-27T19:24:47.179679,393132552,388663788,389764040,212,1329620,2243416,19256,34359738367,268400,16244,6928,9316,108,195781836,193143628,2638208,100,1047820,1162844,8964,197350716,195520160,1830556,112,281800,1080572,10292
2026-08-27T19:24:47.680823,393132552,388662668,389762924,224,1329472,2243416,19256,34359738367,268432,16244,6928,9316,108,195781836,193142380,2639456,108,1047752,1162844,8964,197350716,195520288,1830428,116,281720,1080572,10292
2026-08-27T19:24:48.182026,393132552,388662568,389762824,224,1329388,2243416,19256,34359738367,268240,16244,6928,9316,108,195781836,193141996,2639840,108,1047708,1162844,8964,197350716,195520572,1830144,116,281680,1080572,10292
2026-08-27T19:24:48.683054,393132552,388662224,389762480,240,1329496,2243416,19256,34359738367,268400,16244,6928,9316,108,195781836,193141588,2640248,108,1047764,1162844,8964,197350716,195520636,1830080,132,281732,1080572,10292
2026-08-27T19:24:49.184176,393132552,388661912,389762176,160,1329412,2243416,19256,34359738367,267424,16244,6928,9316,108,195781836,193141336,2640500,44,1047724,1162844,8964,197350716,195520576,1830140,116,281688,1080572,10292
2026-08-27T19:24:49.685031,393132552,388661352,389761620,164,1329540,2243416,19256,34359738367,268400,16244,6928,9316,108,195781836,193140648,2641188,44,1047784,1162844,8964,197350716,195520704,1830012,120,281756,1080572,10292
2026-08-27T19:24:50.186247,393132552,388661324,389761592,164,1329472,2243416,19256,34359738367,268432,16244,6928,9316,108,195781836,193140472,2641364,44,1047744,1162844,8964,197350716,195520852,1829864,120,281728,1080572,10292
2026-08-27T19:24:50.687390,393132552,388661772,389762040,164,1329572,2243416,19256,34359738367,268416,16244,6928,9316,108,195781836,193140920,2640916,44,1047796,1162844,8964,197350716,195520852,1829864,120,281776,1080572,10292
2026-08-27T19:24:51.188537,393132552,388659388,389759656,184,1329528,2243416,19256,34359738367,268432,16244,6928,9316,108,195781836,193138536,2643300,56,1047780,1162844,8964,197350716,195520852,1829864,128,281748,1080572,10292
2026-08-27T19:24:51.689734,393132552,388660012,389760280,188,1329612,2243416,19256,34359738367,268304,16244,6928,9316,108,195781836,193138808,2643028,56,1047824,1162844,8964,197350716,195521204,1829512,132,281788,1080572,10292
2026-08-27T19:24:52.190621,393132552,388658844,389759112,188,1329484,2243416,19236,34359738367,268432,16244,6928,9316,108,195781836,193137620,2644216,56,1047740,1162844,8944,197350716,195521224,1829492,132,281744,1080572,10292
2026-08-27T19:24:52.691733,393132552,388659084,389759416,204,1329576,2243416,19236,34359738367,267648,16244,6928,9316,108,195781836,193137860,2643976,60,1047788,1162844,8944,197350716,195521224,1829492,144,281788,1080572,10292
2026-08-27T19:24:53.192698,393132552,388659136,389756676,208,1326836,2243416,19256,34359738367,268416,16244,6928,9316,108,195781836,193137912,2643924,60,1045176,1162844,8964,197350716,195521224,1829492,148,281660,1080572,10292
2026-08-27T19:24:53.693854,393132552,388683552,389757788,212,1306276,2241904,19272,34359738367,267552,16244,6928,9316,108,195781836,193161980,2619856,60,1024560,1161332,8980,197350716,195521572,1829144,152,281716,1080572,10292
2026-08-27T19:24:54.194616,393132552,388699216,389722532,224,1280172,2223696,19320,34359738367,268448,16244,6928,9316,108,195781836,193174380,2607456,72,998504,1160376,9028,197350716,195524836,1825880,152,281668,1063320,10292
2026-08-27T19:24:54.695673,393132552,388726292,389705872,236,1268992,2199432,19320,34359738367,267536,16244,6928,9316,108,195781836,193180540,2601296,72,987288,1156908,9028,197350716,195545752,1804964,164,281704,1042524,10292
2026-08-27T19:24:55.196464,393132552,388723400,389708204,236,1260516,2202432,19256,34359738367,268416,16244,6928,9316,108,195781836,193178064,2603772,72,978844,1159220,8964,197350716,195545336,1805380,164,281672,1043212,10292
2026-08-27T19:24:55.697638,393132552,388722140,389708828,240,1259296,2203500,19256,34359738367,268432,16244,6928,9316,108,195781836,193177056,2604780,72,977568,1160628,8964,197350716,195545084,1805632,168,281728,1042872,10292
2026-08-27T19:24:56.198762,393132552,388721440,389708276,240,1259200,2203588,19256,34359738367,268400,16244,6928,9316,108,195781836,193176608,2605228,72,977520,1160632,8964,197350716,195544832,1805884,168,281680,1042956,10292
2026-08-27T19:24:56.699679,393132552,388720432,389707384,240,1259288,2203588,19256,34359738367,268432,16244,6928,9316,108,195781836,193175600,2606236,72,977568,1160632,8964,197350716,195544832,1805884,168,281720,1042956,10292
2026-08-27T19:24:57.200788,393132552,388720236,389707300,240,1259204,2203588,19256,34359738367,268272,16244,6928,9316,108,195781836,193175404,2606432,72,977524,1160632,8964,197350716,195544832,1805884,168,281684,1042956,10292
2026-08-27T19:24:57.701844,393132552,388720336,389707400,244,1259308,2203588,19256,34359738367,268432,16244,6928,9316,108,195781836,193174900,2606936,72,977576,1160632,8964,197350716,195545436,1805280,172,281732,1042956,10292
2026-08-27T19:24:58.202938,393132552,388734336,389721400,244,1259228,2203588,19256,34359738367,267520,16244,6928,9316,108,195781836,193179616,2602220,72,977536,1160632,8964,197350716,195554720,1795996,172,281692,1042956,10292
2026-08-27T19:24:58.703914,393132552,388736792,389723856,256,1259352,2203588,19256,34359738367,268416,16244,6928,9316,108,195781836,193180876,2600960,80,977600,1160632,8964,197350716,195555916,1794800,176,281752,1042956,10292
2026-08-27T19:24:59.205056,393132552,388734276,389721464,132,1259292,2203588,19256,34359738367,268432,16244,6928,9316,108,195781836,193178412,2603424,80,977564,1160632,8964,197350716,195555864,1794852,52,281728,1042956,10292
2026-08-27T19:24:59.706253,393132552,388734524,389721812,144,1259392,2203588,19256,34359738367,268384,16244,6928,9316,108,195781836,193178412,2603424,80,977616,1160632,8964,197350716,195556112,1794604,64,281776,1042956,10292
2026-08-27T19:25:00.207384,393132552,388734136,389721620,144,1259340,2203588,19256,34359738367,268432,16244,6928,9316,108,195781836,193177784,2604052,80,977588,1160632,8964,197350716,195556352,1794364,64,281752,1042956,10292
2026-08-27T19:25:00.708491,393132552,388734696,389722180,156,1259428,2203588,19256,34359738367,268256,16244,6928,9316,108,195781836,193178288,2603548,80,977632,1160632,8964,197350716,195556408,1794308,76,281796,1042956,10292
2026-08-27T19:25:01.209388,393132552,388738148,389726108,76,1259324,2203588,19248,34359738367,268432,16244,6928,9316,108,195781836,193181444,2600392,24,977572,1160632,8956,197350716,195556704,1794012,52,281752,1042956,10292
2026-08-27T19:25:01.711063,393132552,388739320,389727784,112,1259408,2203588,19248,34359738367,267472,16244,6928,9316,108,195781836,193183404,2598432,48,977612,1160632,8956,197350716,195555916,1794800,64,281796,1042956,10292
2026-08-27T19:25:02.211941,393132552,388737864,389727304,272,1259180,2203592,19304,34359738367,268384,16244,6928,9316,108,195781836,193182200,2599636,188,977512,1160632,8964,197350716,195555664,1795052,84,281668,1042960,10340
2026-08-27T19:25:02.713108,393132552,388736608,389726292,280,1259296,2203592,19256,34359738367,268416,16244,6928,9316,108,195781836,193180944,2600892,188,977568,1160632,8964,197350716,195555664,1795052,92,281728,1042960,10292
2026-08-27T19:25:03.214342,393132552,388737080,389727040,280,1259220,2203592,19256,34359738367,268384,16244,6928,9316,108,195781836,193181416,2600420,188,977536,1160632,8964,197350716,195555664,1795052,92,281684,1042960,10292
2026-08-27T19:25:03.715517,393132552,388735292,389725252,288,1259304,2203592,19256,34359738367,268432,16244,6928,9316,108,195781836,193179624,2602212,196,977576,1160632,8964,197350716,195555668,1795048,92,281728,1042960,10292
2026-08-27T19:25:04.216668,393132552,388738208,389728324,288,1259216,2203592,19256,34359738367,268288,16244,6928,9316,108,195781836,193182516,2599320,196,977532,1160632,8964,197350716,195555692,1795024,92,281684,1042960,10292
2026-08-27T19:25:04.717548,393132552,388740116,389730232,292,1259312,2203592,19256,34359738367,268432,16244,6928,9316,108,195781836,193184424,2597412,196,977584,1160632,8964,197350716,195555692,1795024,96,281728,1042960,10292
2026-08-27T19:25:05.218667,393132552,388740740,389730936,292,1259156,2203592,19244,34359738367,267456,16244,6928,9316,108,195781836,193184796,2597040,196,977492,1160632,8952,197350716,195555944,1794772,96,281664,1042960,10292
2026-08-27T19:25:05.719474,393132552,388739800,389729996,304,1259288,2203592,19244,34359738367,268416,16244,6928,9316,108,195781836,193183788,2598048,196,977560,1160632,8952,197350716,195556012,1794704,108,281728,1042960,10292
2026-08-27T19:25:06.220597,393132552,388739188,389729384,304,1259052,2203592,19256,34359738367,268432,16244,6928,9316,108,195781836,193183176,2598660,196,977456,1160632,8964,197350716,195556012,1794704,108,281596,1042960,10292
2026-08-27T19:25:06.721920,393132552,388739532,389729796,332,1259156,2203592,19256,34359738367,268400,16244,6928,9316,108,195781836,193183520,2598316,212,977504,1160632,8964,197350716,195556012,1794704,120,281652,1042960,10292
2026-08-27T19:25:07.223058,393132552,388740108,389730440,332,1259120,2203592,19256,34359738367,268432,16244,6928,9316,108,195781836,193184096,2597740,212,977492,1160632,8964,197350716,195556012,1794704,120,281628,1042960,10292
2026-08-27T19:25:07.724172,393132552,388741308,389731772,336,1259200,2203592,19256,34359738367,268272,16244,6928,9316,108,195781836,193185264,2596572,212,977532,1160632,8964,197350716,195556044,1794672,124,281668,1042960,10292
2026-08-27T19:25:08.225254,393132552,388738956,389729420,336,1259152,2203592,19256,34359738367,268432,16244,6928,9316,108,195781836,193182912,2598924,212,977504,1160632,8964,197350716,195556044,1794672,124,281648,1042960,10292
2026-08-27T19:25:08.726375,393132552,388738956,389729552,340,1259240,2203592,19256,34359738367,267552,16244,6928,9316,108,195781836,193182912,2598924,212,977544,1160632,8964,197350716,195556044,1794672,128,281696,1042960,10292
2026-08-27T19:25:09.227198,393132552,388738692,389729288,340,1259184,2203592,19256,34359738367,268416,16244,6928,9316,108,195781836,193182624,2599212,212,977520,1160632,8964,197350716,195556068,1794648,128,281664,1042960,10292
2026-08-27T19:25:09.728335,393132552,388738128,389728792,352,1259300,2203592,19256,34359738367,268432,16244,6928,9316,108,195781836,193182060,2599776,220,977576,1160632,8964,197350716,195556068,1794648,132,281724,1042960,10292
2026-08-27T19:25:10.229546,393132552,388739512,389730228,352,1259224,2203592,19256,34359738367,268416,16244,6928,9316,108,195781836,193183436,2598400,220,977536,1160632,8964,197350716,195556076,1794640,132,281688,1042960,10292
2026-08-27T19:25:10.730694,393132552,388739376,389730244,356,1259304,2203592,19256,34359738367,268432,16244,6928,9316,108,195781836,193183268,2598568,220,977576,1160632,8964,197350716,195556108,1794608,136,281728,1042960,10292
2026-08-27T19:25:11.231829,393132552,388739836,389730804,360,1259220,2203592,19256,34359738367,268320,16244,6928,9316,108,195781836,193183476,2598360,220,977536,1160632,8964,197350716,195556360,1794356,140,281684,1042960,10292
2026-08-27T19:25:11.732875,393132552,388739020,389730036,368,1259312,2203592,19256,34359738367,268432,16244,6928,9316,108,195781836,193182660,2599176,220,977580,1160632,8964,197350716,195556360,1794356,148,281732,1042960,10292
2026-08-27T19:25:12.234063,393132552,388739148,389730260,368,1259156,2203592,19256,34359738367,267600,16244,6928,9316,108,195781836,193182788,2599048,220,977492,1160632,8964,197350716,195556360,1794356,148,281664,1042960,10292
2026-08-27T19:25:12.734821,393132552,388737860,389728972,372,1259292,2203592,19256,34359738367,268416,16244,6928,9316,108,195781836,193181500,2600336,220,977556,1160632,8964,197350716,195556360,1794356,152,281736,1042960,10292
2026-08-27T19:25:13.235945,393132552,388736888,389728000,380,1259064,2203592,19256,34359738367,268432,16244,6928,9316,108,195781836,193180528,2601308,228,977460,1160632,8964,197350716,195556360,1794356,152,281604,1042960,10292
2026-08-27T19:25:13.737164,393132552,388737680,389728792,384,1259140,2203592,19256,34359738367,268416,16244,6928,9316,108,195781836,193181320,2600516,228,977496,1160632,8964,197350716,195556360,1794356,156,281644,1042960,10292
2026-08-27T19:25:14.238408,393132552,388737000,389728216,384,1259108,2203592,19256,34359738367,268432,16244,6928,9316,108,195781836,193180388,2601448,228,977480,1160632,8964,197350716,195556612,1794104,156,281628,1042960,10292
2026-08-27T19:25:14.739554,393132552,388737144,389728360,396,1259196,2203592,19256,34359738367,268272,16244,6928,9316,108,195781836,193180532,2601304,236,977524,1160632,8964,197350716,195556612,1794104,160,281672,1042960,10292
2026-08-27T19:25:15.240414,393132552,388736628,389727900,396,1259148,2203592,19256,34359738367,268432,16244,6928,9316,108,195781836,193180016,2601820,236,977504,1160632,8964,197350716,195556612,1794104,160,281644,1042960,10292
2026-08-27T19:25:15.741638,393132552,388736724,389728024,400,1259236,2203592,19256,34359738367,267456,16244,6928,9316,108,195781836,193180112,2601724,236,977548,1160632,8964,197350716,195556612,1794104,164,281688,1042960,10292
2026-08-27T19:25:16.242633,393132552,388735988,389727320,400,1259196,2203592,19256,34359738367,268416,16244,6928,9316,108,195781836,193179376,2602460,236,977528,1160632,8964,197350716,195556612,1794104,164,281668,1042960,10292
2026-08-27T19:25:16.743811,393132552,388735556,389726932,404,1259304,2203592,19256,34359738367,268432,16244,6928,9316,108,195781836,193178944,2602892,236,977576,1160632,8964,197350716,195556612,1794104,168,281728,1042960,10292
2026-08-27T19:25:17.244991,393132552,388736336,389727780,404,1259220,2203592,19256,34359738367,268400,16244,6928,9316,108,195781836,193179472,2602364,236,977536,1160632,8964,197350716,195556864,1793852,168,281684,1042960,10292
2026-08-27T19:25:17.746218,393132552,388734416,389725860,420,1259312,2203592,19256,34359738367,268432,16244,6928,9316,108,195781836,193177552,2604284,240,977580,1160632,8964,197350716,195556864,1793852,180,281732,1042960,10292
2026-08-27T19:25:18.247360,393132552,388735080,389726556,420,1259224,2203592,19256,34359738367,268256,16244,6928,9316,108,195781836,193177900,2603936,240,977536,1160632,8964,197350716,195557180,1793536,180,281688,1042960,10292
2026-08-27T19:25:18.748428,393132552,388735084,389726612,424,1259312,2203592,19256,34359738367,268432,16244,6928,9316,108,195781836,193177652,2604184,240,977580,1160632,8964,197350716,195557432,1793284,184,281732,1042960,10292
2026-08-27T19:25:19.249657,393132552,388735592,389727172,424,1259168,2203592,19256,34359738367,267520,16244,6928,9316,108,195781836,193178156,2603680,240,977496,1160632,8964,197350716,195557436,1793280,184,281672,1042960,10292
2026-08-27T19:25:19.750436,393132552,388733968,389725576,372,1259292,2203592,19256,34359738367,268416,16244,6928,9316,108,195781836,193176532,2605304,240,977560,1160632,8964,197350716,195557436,1793280,132,281732,1042960,10292
2026-08-27T19:25:20.251650,393132552,388733628,389725236,372,1259064,2203592,19256,34359738367,268432,16244,6928,9316,108,195781836,193176192,2605644,240,977464,1160632,8964,197350716,195557436,1793280,132,281600,1042960,10292
2026-08-27T19:25:20.752784,393132552,388733900,389725508,388,1259144,2203592,19256,34359738367,268400,16244,6928,9316,108,195781836,193176464,2605372,248,977504,1160632,8964,197350716,195557436,1793280,140,281644,1042960,10292
2026-08-27T19:25:21.253741,393132552,388732356,389723976,388,1259108,2203592,19256,34359738367,268432,16244,6928,9316,108,195781836,193174920,2606916,248,977484,1160632,8964,197350716,195557436,1793280,140,281624,1042960,10292
2026-08-27T19:25:21.754833,393132552,388732612,389724232,392,1259196,2203592,19256,34359738367,268304,16244,6928,9316,108,195781836,193175176,2606660,248,977524,1160632,8964,197350716,195557436,1793280,144,281672,1042960,10292
2026-08-27T19:25:22.255655,393132552,388732548,389724168,392,1259152,2203592,19256,34359738367,268432,16244,6928,9316,108,195781836,193175364,2606472,248,977504,1160632,8964,197350716,195557184,1793532,144,281648,1042960,10292
2026-08-27T19:25:22.756771,393132552,388733084,389724768,408,1259236,2203592,19256,34359738367,267488,16244,6928,9316,108,195781836,193175876,2605960,256,977544,1160632,8964,197350716,195557208,1793508,152,281692,1042960,10292
2026-08-27T19:25:23.257623,393132552,388732504,389724188,408,1259200,2203592,19256,34359738367,268416,16244,6928,9316,108,195781836,193175044,2606792,256,977532,1160632,8964,197350716,195557460,1793256,152,281668,1042960,10292
2026-08-27T19:25:23.758734,393132552,388731560,389723244,424,1259312,2203592,19256,34359738367,268432,16244,6928,9316,108,195781836,193174100,2607736,256,977588,1160632,8964,197350716,195557460,1793256,168,281724,1042960,10292
2026-08-27T19:25:24.259842,393132552,388731940,389723624,424,1259228,2203592,19256,34359738367,268400,16244,6928,9316,108,195781836,193174480,2607356,256,977544,1160632,8964,197350716,195557460,1793256,168,281684,1042960,10292
2026-08-27T19:25:24.760966,393132552,388731128,389722820,428,1259320,2203592,19256,34359738367,268432,16244,6928,9316,108,195781836,193173920,2607916,256,977584,1160632,8964,197350716,195557208,1793508,172,281736,1042960,10292
2026-08-27T19:25:25.262105,393132552,388731336,389723032,356,1259244,2203592,19256,34359738367,268256,16244,6928,9316,108,195781836,193174128,2607708,192,977548,1160632,8964,197350716,195557208,1793508,164,281696,1042960,10292
2026-08-27T19:25:25.762920,393132552,388730840,389722576,360,1259332,2203592,19256,34359738367,268432,16244,6928,9316,108,195781836,193173632,2608204,192,977596,1160632,8964,197350716,195557208,1793508,168,281736,1042960,10292
2026-08-27T19:25:26.264016,393132552,388731060,389722796,360,1259176,2203592,19256,34359738367,267520,16244,6928,9316,108,195781836,193173600,2608236,192,977508,1160632,8964,197350716,195557460,1793256,168,281668,1042960,10292
2026-08-27T19:25:26.764823,393132552,388730212,389721948,376,1259296,2203592,19256,34359738367,268416,16244,6928,9316,108,195781836,193172752,2609084,204,977572,1160632,8964,197350716,195557460,1793256,172,281724,1042960,10292
2026-08-27T19:25:27.266007,393132552,388728812,389720548,376,1258848,2203592,19032,34359738367,268400,16244,6928,9316,108,195781836,193171320,2610516,204,977248,1160632,8740,197350716,195557492,1793224,172,281600,1042960,10292
2026-08-27T19:25:27.769384,393132552,388729020,389720756,396,1258928,2203592,19032,34359738367,268384,16244,6928,9316,108,195781836,193171528,2610308,216,977284,1160632,8740,197350716,195557492,1793224,180,281644,1042960,10292
2026-08-27T19:25:28.270502,393132552,388728504,389720268,396,1259372,2203592,19256,34359738367,268416,16244,6928,9316,108,195781836,193170856,2610980,216,977624,1160632,8964,197350716,195557648,1793068,180,281748,1042960,10292
2026-08-27T19:25:28.771616,393132552,388729144,389720908,400,1259452,2203592,19256,34359738367,268336,16244,6928,9316,108,195781836,193171496,2610340,216,977656,1160632,8964,197350716,195557648,1793068,184,281796,1042960,10292
2026-08-27T19:25:29.272496,393132552,388728892,389720660,400,1259392,2203592,19256,34359738367,268432,16244,6928,9316,108,195781836,193170740,2611096,216,977628,1160632,8964,197350716,195558152,1792564,184,281764,1042960,10292
2026-08-27T19:25:29.773663,393132552,388728956,389720724,424,1259480,2203592,19256,34359738367,267472,16244,6928,9316,108,195781836,193170804,2611032,216,977668,1160632,8964,197350716,195558152,1792564,208,281812,1042960,10292
2026-08-27T19:25:30.274576,393132552,388728168,389719936,292,1259208,2203592,19256,34359738367,268416,16244,6928,9316,108,195781836,193170016,2611820,216,977544,1160632,8964,197350716,195558152,1792564,76,281664,1042960,10292
2026-08-27T19:25:30.777277,393132552,388727400,389719184,296,1259316,2203592,19256,34359738367,268432,16244,6928,9316,108,195781836,193169248,2612588,216,977588,1160632,8964,197350716,195558152,1792564,80,281728,1042960,10292
2026-08-27T19:25:31.278416,393132552,388727704,389719488,296,1259240,2203592,19256,34359738367,268416,16244,6928,9316,108,195781836,193169552,2612284,216,977556,1160632,8964,197350716,195558152,1792564,80,281684,1042960,10292
2026-08-27T19:25:31.779538,393132552,388727368,389719152,304,1259332,2203592,19256,34359738367,268432,16244,6928,9316,108,195781836,193169216,2612620,224,977600,1160632,8964,197350716,195558152,1792564,80,281732,1042960,10292
2026-08-27T19:25:32.280659,393132552,388727688,389719472,316,1259256,2203592,19256,34359738367,268320,16244,6928,9316,108,195781836,193169536,2612300,236,977560,1160632,8964,197350716,195558152,1792564,80,281696,1042960,10292
2026-08-27T19:25:32.781548,393132552,388726612,389718420,320,1259100,2203592,19256,34359738367,268432,16244,6928,9316,108,195781836,193168208,2613628,236,977484,1160632,8964,197350716,195558404,1792312,84,281616,1042960,10292
2026-08-27T19:25:33.282685,393132552,388726948,389718764,68,1259252,2203592,19256,34359738367,267584,16244,6928,9316,108,195781836,193168544,2613292,32,977560,1160632,8964,197350716,195558404,1792312,36,281692,1042960,10292
2026-08-27T19:25:33.783479,393132552,388726100,389717916,120,1259364,2203592,19256,34359738367,268416,16244,6928,9316,108,195781836,193167696,2614140,72,977616,1160632,8964,197350716,195558404,1792312,48,281748,1042960,10292
2026-08-27T19:25:34.284611,393132552,388725708,389717524,120,1259368,2203592,19320,34359738367,268400,16244,6928,9316,108,195781836,193167304,2614532,72,977652,1160632,9028,197350716,195558404,1792312,48,281716,1042960,10292
2026-08-27T19:25:34.785805,393132552,388726332,389718148,124,1259464,2203592,19320,34359738367,268384,16244,6928,9316,108,195781836,193167928,2613908,72,977696,1160632,9028,197350716,195558404,1792312,52,281768,1042960,10292
2026-08-27T19:25:35.286939,393132552,388724364,389716188,124,1259112,2203592,19256,34359738367,268416,16244,6928,9316,108,195781836,193165960,2615876,72,977488,1160632,8964,197350716,195558404,1792312,52,281624,1042960,10292
2026-08-27T19:25:35.788053,393132552,388724444,389716336,136,1259192,2203592,19256,34359738367,268272,16244,6928,9316,108,195781836,193166040,2615796,72,977532,1160632,8964,197350716,195558404,1792312,64,281660,1042960,10292
2026-08-27T19:25:36.288882,393132552,388724476,389716368,136,1259164,2203592,19256,34359738367,268416,16244,6928,9316,108,195781836,193166072,2615764,72,977520,1160632,8964,197350716,195558404,1792312,64,281644,1042960,10292
2026-08-27T19:25:36.790066,393132552,388724936,389716832,140,1259248,2203592,19256,34359738367,267584,16244,6928,9316,108,195781836,193166280,2615556,72,977560,1160632,8964,197350716,195558656,1792060,68,281688,1042960,10292
2026-08-27T19:25:37.290824,393132552,388725160,389717056,148,1259204,2203592,19256,34359738367,268416,16244,6928,9316,108,195781836,193166504,2615332,80,977536,1160632,8964,197350716,195558656,1792060,68,281668,1042960,10292
2026-08-27T19:25:37.791958,393132552,388725496,389717412,152,1259312,2203592,19256,34359738367,268432,16244,6928,9316,108,195781836,193166840,2614996,80,977584,1160632,8964,197350716,195558656,1792060,72,281728,1042960,10292
2026-08-27T19:25:38.293101,393132552,388726016,389717932,152,1259244,2203592,19256,34359738367,268400,16244,6928,9316,108,195781836,193167320,2614516,80,977556,1160632,8964,197350716,195558696,1792020,72,281688,1042960,10292
2026-08-27T19:25:38.794273,393132552,388726128,389718044,160,1259340,2203592,19256,34359738367,268432,16244,6928,9316,108,195781836,193167432,2614404,80,977600,1160632,8964,197350716,195558696,1792020,80,281740,1042960,10292
2026-08-27T19:25:39.295395,393132552,388726480,389718396,160,1259256,2203592,19256,34359738367,268304,16244,6928,9316,108,195781836,193167784,2614052,80,977560,1160632,8964,197350716,195558696,1792020,80,281696,1042960,10292
2026-08-27T19:25:39.796240,393132552,388726044,389717984,160,1259340,2203592,19256,34359738367,268432,16244,6928,9316,108,195781836,193167096,2614740,80,977596,1160632,8964,197350716,195558948,1791768,80,281744,1042960,10292
2026-08-27T19:25:40.297403,393132552,388726268,389718208,160,1259252,2203592,19256,34359738367,267488,16244,6928,9316,108,195781836,193167320,2614516,80,977556,1160632,8964,197350716,195558948,1791768,80,281696,1042960,10292
2026-08-27T19:25:40.798304,393132552,388725788,389717728,164,1259364,2203592,19256,34359738367,268416,16244,6928,9316,108,195781836,193166824,2615012,80,977616,1160632,8964,197350716,195558964,1791752,84,281748,1042960,10292
2026-08-27T19:25:41.299433,393132552,388724716,389716656,164,1258860,2203592,19236,34359738367,268432,16244,6928,9316,108,195781836,193165752,2616084,80,977256,1160632,8944,197350716,195558964,1791752,84,281604,1042960,10292
2026-08-27T19:25:41.800598,393132552,388724560,389716500,176,1258932,2203592,19236,34359738367,268400,16244,6928,9316,108,195781836,193165848,2615988,80,977288,1160632,8944,197350716,195558712,1792004,96,281644,1042960,10292
2026-08-27T19:25:42.301772,393132552,388723256,389715196,176,1259128,2203592,19256,34359738367,268432,16244,6928,9316,108,195781836,193164544,2617292,80,977504,1160632,8964,197350716,195558712,1792004,96,281624,1042960,10292
2026-08-27T19:25:42.802916,393132552,388723844,389715784,188,1259208,2203592,19256,34359738367,268288,16244,6928,9316,108,195781836,193164848,2616988,88,977540,1160632,8964,197350716,195558996,1791720,100,281668,1042960,10292
2026-08-27T19:25:43.303933,393132552,388722884,389714824,188,1259152,2203592,19256,34359738367,268432,16244,6928,9316,108,195781836,193163888,2617948,88,977512,1160632,8964,197350716,195558996,1791720,100,281640,1042960,10292
2026-08-27T19:25:43.805165,393132552,388723188,389715136,192,1259244,2203592,19256,34359738367,267568,16244,6928,9316,108,195781836,193164192,2617644,88,977556,1160632,8964,197350716,195558996,1791720,104,281688,1042960,10292
2026-08-27T19:25:44.305974,393132552,388722436,389714384,192,1259212,2203592,19256,34359738367,268416,16244,6928,9316,108,195781836,193163440,2618396,88,977544,1160632,8964,197350716,195558996,1791720,104,281668,1042960,10292
2026-08-27T19:25:44.807109,393132552,388721572,389713520,196,1259300,2203592,19256,34359738367,268432,16244,6928,9316,108,195781836,193162576,2619260,88,977588,1160632,8964,197350716,195558996,1791720,108,281712,1042960,10292
2026-08-27T19:25:45.308269,393132552,388721952,389713900,196,1259240,2203592,19256,34359738367,268416,16244,6928,9316,108,195781836,193162704,2619132,88,977560,1160632,8964,197350716,195559248,1791468,108,281680,1042960,10292
2026-08-27T19:25:45.809453,393132552,388721312,389713260,200,1259356,2203592,19256,34359738367,268432,16244,6928,9316,108,195781836,193161560,2620276,88,977616,1160632,8964,197350716,195559752,1790964,112,281740,1042960,10292
2026-08-27T19:25:46.310564,393132552,388720964,389712912,200,1259268,2203592,19256,34359738367,268304,16244,6928,9316,108,195781836,193161464,2620372,88,977572,1160632,8964,197350716,195559500,1791216,112,281696,1042960,10292
2026-08-27T19:25:46.811409,393132552,388719564,389711512,204,1259348,2203592,19256,34359738367,268432,16244,6928,9316,108,195781836,193160064,2621772,88,977608,1160632,8964,197350716,195559500,1791216,116,281740,1042960,10292
2026-08-27T19:25:47.312538,393132552,388720112,389712060,204,1259268,2203592,19256,34359738367,267760,16244,6928,9316,108,195781836,193160608,2621228,88,977568,1160632,8964,197350716,195559504,1791212,116,281700,1042960,10292
2026-08-27T19:25:47.813550,393132552,388719784,389711740,216,1259368,2203592,19256,34359738367,268416,16244,6928,9316,108,195781836,193160280,2621556,88,977620,1160632,8964,197350716,195559504,1791212,128,281748,1042960,10292
2026-08-27T19:25:48.314672,393132552,388719628,389711584,216,1259252,2203592,19256,34359738367,268432,16244,6928,9316,108,195781836,193160124,2621712,88,977552,1160632,8964,197350716,195559504,1791212,128,281700,1042960,10292
2026-08-27T19:25:48.815807,393132552,388720088,389712044,228,1259348,2203592,19256,34359738367,268416,16244,6928,9316,108,195781836,193160460,2621376,96,977600,1160632,8964,197350716,195559628,1791088,132,281748,1042960,10292
2026-08-27T19:25:49.316954,393132552,388719024,389710980,228,1259124,2203592,19256,34359738367,268432,16244,6928,9316,108,195781836,193159372,2622464,96,977504,1160632,8964,197350716,195559652,1791064,132,281620,1042960,10292
2026-08-27T19:25:49.818135,393132552,388719488,389711504,232,1259212,2203592,19256,34359738367,268336,16244,6928,9316,108,195781836,193159836,2622000,96,977548,1160632,8964,197350716,195559652,1791064,136,281664,1042960,10292
2026-08-27T19:25:50.319181,393132552,388718416,389710432,232,1259168,2203592,19256,34359738367,268432,16244,6928,9316,108,195781836,193159016,2622820,96,977524,1160632,8964,197350716,195559400,1791316,136,281644,1042960,10292
2026-08-27T19:25:50.820297,393132552,388718464,389710480,236,1259244,2203592,19256,34359738367,267584,16244,6928,9316,108,195781836,193159064,2622772,96,977560,1160632,8964,197350716,195559400,1791316,140,281684,1042960,10292
2026-08-27T19:25:51.321085,393132552,388716552,389708568,244,1259212,2203592,19256,34359738367,268416,16244,6928,9316,108,195781836,193157148,2624688,104,977544,1160632,8964,197350716,195559404,1791312,140,281668,1042960,10292
2026-08-27T19:25:51.822271,393132552,388716300,389708316,248,1259320,2203592,19256,34359738367,268432,16244,6928,9316,108,195781836,193157148,2624688,104,977596,1160632,8964,197350716,195559152,1791564,144,281724,1042960,10292
2026-08-27T19:25:52.323372,393132552,388716620,389708636,248,1259244,2203592,19256,34359738367,268400,16244,6928,9316,108,195781836,193157468,2624368,104,977560,1160632,8964,197350716,195559152,1791564,144,281684,1042960,10292
2026-08-27T19:25:52.824274,393132552,388715820,389707836,248,1259364,2203592,19256,34359738367,268432,16244,6928,9316,108,195781836,193156668,2625168,104,977620,1160632,8964,197350716,195559152,1791564,144,281744,1042960,10292
2026-08-27T19:25:53.325432,393132552,388714568,389701552,248,1259236,2203572,19256,34359738367,268416,16244,6928,9316,108,195781836,193157100,2624736,104,977536,1160632,8964,197350716,195556964,1793752,144,281700,1042940,10292
2026-08-27T19:25:53.826163,393132552,389253568,389530412,268,868120,1899144,19256,34359738367,267984,16244,6928,9316,108,195781836,193453564,2328272,112,585904,1154660,8964,197350716,195800004,1550712,156,281712,744484,10292
2026-08-27T19:25:54.326852,393132552,389440500,389624660,272,784936,1881972,19316,34359738367,267968,16244,6928,9316,108,195781836,193592300,2189536,116,502464,1131676,8964,197350716,195848200,1502516,156,281968,750296,10352
2026-08-27T19:25:54.827499,393132552,389492088,389639744,276,777128,1853092,19316,34359738367,267872,16244,6928,9316,108,195781836,193629020,2152816,116,495160,1107888,8964,197350716,195863068,1487648,160,281968,745708,10352
2026-08-27T19:25:55.328203,393132552,389423412,389644220,276,813484,1888620,19308,34359738367,267696,16244,6928,9316,108,195781836,193664540,2117296,116,531524,1041520,8956,197350716,195758872,1591844,160,281960,847100,10352
2026-08-27T19:25:55.828891,393132552,389320016,389633844,228,816824,1982248,19308,34359738367,267488,16244,6928,9316,108,195781836,193631452,2150384,116,534864,1078036,8956,197350716,195688564,1662152,112,281960,904212,10352
2026-08-27T19:25:56.329616,393132552,389211720,389628816,232,818896,2077716,19256,34359738367,268432,16244,6928,9316,108,195781836,193594220,2187616,116,537308,1112892,8964,197350716,195617500,1733216,116,281588,964824,10292
2026-08-27T19:25:56.830495,393132552,389117724,389585760,236,771984,2173152,19256,34359738367,268432,16244,6928,9316,108,195781836,193583888,2197948,116,490360,1139712,8964,197350716,195533836,1816880,120,281624,1033440,10292
2026-08-27T19:25:57.331551,393132552,389113464,389592488,236,757404,2197064,19256,34359738367,268304,16244,6928,9316,108,195781836,193582904,2198932,116,475696,1151720,8964,197350716,195530560,1820156,120,281708,1045344,10292
2026-08-27T19:25:57.832376,393132552,389111448,389589956,240,752240,2202724,19256,34359738367,268416,16244,6928,9316,108,195781836,193582652,2199184,116,470504,1154320,8964,197350716,195528796,1821920,124,281736,1048404,10292
2026-08-27T19:25:58.333526,393132552,389110692,389591876,240,751884,2203676,19256,34359738367,268320,16244,6928,9316,108,195781836,193582652,2199184,116,469956,1154636,8736,197350716,195528040,1822676,124,281928,1049040,10520
2026-08-27T19:25:58.834533,393132552,389110188,389591092,256,751464,2203928,19256,34359738367,268416,16244,6928,9316,108,195781836,193582652,2199184,124,469524,1154704,8736,197350716,195527536,1823180,132,281940,1049224,10520
2026-08-27T19:25:59.335632,393132552,389109992,389590524,256,750768,2203936,19256,34359738367,268416,16244,6928,9316,108,195781836,193582652,2199184,124,468856,1154708,8724,197350716,195527340,1823376,132,281912,1049228,10532
2026-08-27T19:25:59.836736,393132552,389109236,389589212,276,750384,2203944,19256,34359738367,268448,16244,6928,9316,108,195781836,193582904,2198932,132,468412,1154708,8724,197350716,195526332,1824384,144,281972,1049236,10532
2026-08-27T19:26:00.337898,393132552,389114732,389594852,276,750288,2203948,19256,34359738367,268400,16244,6928,9316,108,195781836,193585676,2196160,132,468352,1154708,8724,197350716,195529056,1821660,144,281936,1049240,10532
2026-08-27T19:26:00.839018,393132552,389116772,389597076,104,750392,2203948,19256,34359738367,268432,16244,6928,9316,108,195781836,193587692,2194144,72,468404,1154708,8724,197350716,195529080,1821636,32,281988,1049240,10532
2026-08-27T19:26:01.340116,393132552,389120348,389600856,108,750304,2203948,19256,34359738367,268224,16244,6928,9316,108,195781836,193589960,2191876,72,468360,1154708,8724,197350716,195530388,1820328,36,281944,1049240,10532
2026-08-27T19:26:01.840967,393132552,389120600,389601108,112,750388,2203948,19256,34359738367,268432,16244,6928,9316,108,195781836,193590464,2191372,72,468408,1154708,8724,197350716,195530136,1820580,40,281980,1049240,10532
2026-08-27T19:26:02.342109,393132552,389121160,389601772,112,750304,2203948,19256,34359738367,267440,16244,6928,9316,108,195781836,193590464,2191372,72,468360,1154708,8724,197350716,195530696,1820020,40,281944,1049240,10532
2026-08-27T19:26:02.842864,393132552,389120908,389601620,116,750408,2203948,19256,34359738367,268416,16244,6928,9316,108,195781836,193590716,2191120,72,468416,1154708,8724,197350716,195530192,1820524,44,281992,1049240,10532
2026-08-27T19:26:03.343987,393132552,389127288,389607940,116,750096,2203948,19256,34359738367,268432,16244,6928,9316,108,195781836,193593860,2187976,72,468120,1154708,8724,197350716,195533428,1817288,44,281976,1049240,10532
2026-08-27T19:26:03.845098,393132552,389130576,389611228,132,750168,2203948,19256,34359738367,268400,16244,6928,9316,108,195781836,193595372,2186464,80,468160,1154708,8724,197350716,195535204,1815512,52,282008,1049240,10532
2026-08-27T19:26:04.346264,393132552,389131960,389612256,132,749836,2203948,19256,34359738367,268432,16244,6928,9316,108,195781836,193597892,2183944,80,467860,1154708,8724,197350716,195534068,1816648,52,281976,1049240,10532
2026-08-27T19:26:04.847360,393132552,389133036,389613516,72,749928,2203948,19256,34359738367,268304,16244,6928,9316,108,195781836,193598400,2183436,24,467904,1154708,8724,197350716,195534636,1816080,48,282024,1049240,10532
2026-08-27T19:26:05.348207,393132552,389133992,389614580,52,749880,2203948,19256,34359738367,268432,16244,6928,9316,108,195781836,193598400,2183436,4,467876,1154708,8724,197350716,195535592,1815124,48,282004,1049240,10532
2026-08-27T19:26:05.849358,393132552,389133992,389614672,72,749964,2203948,19256,34359738367,267552,16244,6928,9316,108,195781836,193598904,2182932,16,467924,1154708,8724,197350716,195535088,1815628,56,282040,1049240,10532
2026-08-27T19:26:06.350116,393132552,389137820,389618700,72,749688,2203948,19448,34359738367,268384,16244,6928,9316,108,195781836,193601428,2180408,16,467780,1154708,8724,197350716,195536392,1814324,56,281908,1049240,10724
2026-08-27T19:26:06.851254,393132552,389141020,389622044,76,749800,2203948,19448,34359738367,268416,16244,6928,9316,108,195781836,193602688,2179148,16,467836,1154708,8724,197350716,195538332,1812384,60,281964,1049240,10724
2026-08-27T19:26:07.352409,393132552,389144072,389625176,76,749724,2203948,19256,34359738367,268400,16244,6928,9316,108,195781836,193605208,2176628,16,467796,1154708,8724,197350716,195538864,1811852,60,281928,1049240,10532
2026-08-27T19:26:07.853589,393132552,389144688,389625792,76,749840,2203948,19256,34359738367,268432,16244,6928,9316,108,195781836,193605712,2176124,16,467860,1154708,8724,197350716,195538976,1811740,60,281980,1049240,10532
2026-08-27T19:26:08.354686,393132552,389145500,389626680,76,749756,2203948,19256,34359738367,268272,16244,6928,9316,108,195781836,193606216,2175620,16,467816,1154708,8724,197350716,195539284,1811432,60,281940,1049240,10532
2026-08-27T19:26:08.855532,393132552,389145248,389626428,80,749848,2203948,19256,34359738367,268432,16244,6928,9316,108,195781836,193606972,2174864,16,467860,1154708,8724,197350716,195538276,1812440,64,281988,1049240,10532
2026-08-27T19:26:09.356628,393132552,389148764,389630168,80,749732,2203948,19256,34359738367,267504,16244,6928,9316,108,195781836,193609024,2172812,16,467804,1154708,8724,197350716,195539740,1810976,64,281928,1049240,10532
2026-08-27T19:26:09.857409,393132552,389151580,389632496,112,749812,2203948,19256,34359738367,268432,16244,6928,9316,108,195781836,193610420,2171416,40,467844,1154708,8724,197350716,195541160,1809556,72,281968,1049240,10532
2026-08-27T19:26:10.358538,393132552,389153136,389634000,112,748944,2203940,19208,34359738367,268432,16244,6928,9316,108,195781836,193612688,2169148,40,467332,1154708,8724,197350716,195540448,1810268,72,281612,1049232,10484
2026-08-27T19:26:10.859655,393132552,389153644,389634576,132,748608,2203904,19208,34359738367,268416,16244,6928,9316,108,195781836,193612940,2168896,48,466952,1154708,8724,197350716,195540704,1810012,84,281656,1049196,10484
2026-08-27T19:26:11.360776,393132552,389153480,389633028,132,748596,2203904,19220,34359738367,268448,16244,6928,9316,108,195781836,193613192,2168644,48,466768,1154708,8724,197350716,195540288,1810428,84,281828,1049196,10496
2026-08-27T19:26:11.861942,393132552,389153984,389633604,148,748680,2203904,19220,34359738367,268352,16244,6928,9316,108,195781836,193613444,2168392,60,466816,1154708,8724,197350716,195540540,1810176,88,281864,1049196,10496
2026-08-27T19:26:12.362819,393132552,389155924,389636320,148,747892,2203904,19256,34359738367,268432,16244,6928,9316,108,195781836,193615524,2166312,60,466016,1154708,8724,197350716,195540400,1810316,88,281876,1049196,10532
2026-08-27T19:26:12.863926,393132552,389159420,389639880,152,747976,2203904,19256,34359738367,268176,16244,6928,9316,108,195781836,193617036,2164800,60,466056,1154708,8724,197350716,195542384,1808332,92,281920,1049196,10532
2026-08-27T19:26:13.364741,393132552,389160676,389641240,152,747940,2203904,19256,34359738367,268432,16244,6928,9316,108,195781836,193619272,2162564,60,466036,1154708,8724,197350716,195541404,1809312,92,281904,1049196,10532
2026-08-27T19:26:13.865980,393132552,389161036,389641600,156,748012,2203904,19256,34359738367,268464,16244,6928,9316,108,195781836,193620028,2161808,60,466076,1154708,8724,197350716,195541008,1809708,96,281936,1049196,10532
2026-08-27T19:26:14.367084,393132552,389162208,389642884,156,747976,2203904,19256,34359738367,268416,16244,6928,9316,108,195781836,193620280,2161556,60,466056,1154708,8724,197350716,195541928,1808788,96,281920,1049196,10532
2026-08-27T19:26:14.868230,393132552,389161748,389642424,160,748100,2203904,19256,34359738367,268432,16244,6928,9316,108,195781836,193620784,2161052,60,466128,1154708,8724,197350716,195540964,1809752,100,281972,1049196,10532
2026-08-27T19:26:15.369389,393132552,389164332,389645008,164,748016,2203904,19256,34359738367,268384,16244,6928,9316,108,195781836,193622548,2159288,60,466080,1154708,8724,197350716,195541784,1808932,104,281936,1049196,10532
2026-08-27T19:26:15.870489,393132552,389165712,389646504,164,748132,2203904,19256,34359738367,268432,16244,6928,9316,108,195781836,193623892,2157944,60,466136,1154708,8724,197350716,195541820,1808896,104,281996,1049196,10532
2026-08-27T19:26:16.371583,393132552,389168848,389649640,164,748052,2203904,19256,34359738367,268192,16244,6928,9316,108,195781836,193626172,2155664,60,466096,1154708,8724,197350716,195542676,1808040,104,281956,1049196,10532
2026-08-27T19:26:16.872393,393132552,389169528,389650368,184,748120,2203904,19256,34359738367,268432,16244,6928,9316,108,195781836,193626676,2155160,68,466136,1154708,8724,197350716,195542852,1807864,116,281984,1049196,10532
2026-08-27T19:26:17.373557,393132552,389169684,389650596,184,747996,2203904,19256,34359738367,268448,16244,6928,9316,108,195781836,193627196,2154640,68,466084,1154708,8724,197350716,195542488,1808228,116,281912,1049196,10532
2026-08-27T19:26:17.874682,393132552,389170440,389651476,188,748096,2203904,19256,34359738367,268416,16244,6928,9316,108,195781836,193627700,2154136,68,466132,1154708,8724,197350716,195542740,1807976,120,281964,1049196,10532
2026-08-27T19:26:18.375804,393132552,389170904,389651940,188,747868,2203904,19256,34359738367,268432,16244,6928,9316,108,195781836,193629212,2152624,68,466000,1154708,8724,197350716,195541692,1809024,120,281868,1049196,10532
2026-08-27T19:26:18.876905,393132552,389172972,389654008,192,747956,2203904,19256,34359738367,268384,16244,6928,9316,108,195781836,193630000,2151836,68,466048,1154708,8724,197350716,195542972,1807744,124,281908,1049196,10532
2026-08-27T19:26:19.377831,393132552,389176372,389657408,192,748100,2203904,19240,34359738367,268416,16244,6928,9316,108,195781836,193631712,2150124,68,466128,1154708,8724,197350716,195544660,1806056,124,281972,1049196,10516
2026-08-27T19:26:19.879042,393132552,389177504,389658540,196,747964,2203904,19256,34359738367,267808,16244,6928,9316,108,195781836,193632216,2149620,68,466060,1154708,8724,197350716,195545288,1805428,128,281904,1049196,10532
2026-08-27T19:26:20.379829,393132552,389179404,389660496,196,748168,2203904,19256,34359738367,268432,16244,6928,9316,108,195781836,193632752,2149084,68,466164,1154708,8724,197350716,195546652,1804064,128,282004,1049196,10532
2026-08-27T19:26:20.880966,393132552,389180664,389661776,196,747828,2203904,19248,34359738367,268432,16244,6928,9316,108,195781836,193633508,2148328,68,465988,1154708,8724,197350716,195547156,1803560,128,281840,1049196,10524
2026-08-27T19:26:21.382144,393132552,389183388,389664500,196,747988,2203904,19248,34359738367,268416,16244,6928,9316,108,195781836,193635280,2146556,68,466072,1154708,8724,197350716,195548108,1802608,128,281916,1049196,10524
2026-08-27T19:26:21.883252,393132552,389185040,389666168,208,747872,2203904,19256,34359738367,268432,16244,6928,9316,108,195781836,193636036,2145800,76,466008,1154708,8724,197350716,195549004,1801712,132,281864,1049196,10532
2026-08-27T19:26:22.384368,393132552,389187708,389668852,208,748036,2203904,19256,34359738367,268352,16244,6928,9316,108,195781836,193637548,2144288,76,466088,1154708,8724,197350716,195550160,1800556,132,281948,1049196,10532
2026-08-27T19:26:22.885487,393132552,389186540,389667136,220,747352,2203904,19256,34359738367,268432,16244,6928,9316,108,195781836,193638052,2143784,76,465468,1154708,8724,197350716,195548488,1802228,144,281884,1049196,10532
2026-08-27T19:26:23.386593,393132552,389188236,389668844,220,747508,2203904,19256,34359738367,267648,16244,6928,9316,108,195781836,193638496,2143340,76,465548,1154708,8724,197350716,195549740,1800976,144,281960,1049196,10532
2026-08-27T19:26:23.887360,393132552,389189364,389669972,228,747364,2203904,19256,34359738367,268416,16244,6928,9316,108,195781836,193639068,2142768,76,465472,1154708,8724,197350716,195550296,1800420,152,281892,1049196,10532
2026-08-27T19:26:24.388496,393132552,389190848,389671472,228,747540,2203904,19256,34359738367,268432,16244,6928,9316,108,195781836,193640736,2141100,76,465564,1154708,8724,197350716,195550112,1800604,152,281976,1049196,10532
2026-08-27T19:26:24.889675,393132552,389191588,389672212,232,747380,2203904,19256,34359738367,268416,16244,6928,9316,108,195781836,193641088,2140748,76,465488,1154708,8724,197350716,195550500,1800216,156,281892,1049196,10532
2026-08-27T19:26:25.390775,393132552,389191924,389672548,232,747572,2203904,19256,34359738367,268432,16244,6928,9316,108,195781836,193642160,2139676,76,465584,1154708,8724,197350716,195549764,1800952,156,281988,1049196,10532
2026-08-27T19:26:25.891890,393132552,389192856,389673524,236,747424,2203904,19256,34359738367,268352,16244,6928,9316,108,195781836,193642664,2139172,76,465504,1154708,8724,197350716,195550192,1800524,160,281920,1049196,10532
2026-08-27T19:26:26.392761,393132552,389193716,389674396,232,747620,2203904,19256,34359738367,268432,16244,6928,9316,108,195781836,193643168,2138668,72,465612,1154708,8724,197350716,195550548,1800168,160,282008,1049196,10532
2026-08-27T19:26:26.893936,393132552,389194564,389675244,236,747396,2203904,19256,34359738367,267520,16244,6928,9316,108,195781836,193643672,2138164,72,465508,1154708,8724,197350716,195550892,1799824,164,281888,1049196,10532
2026-08-27T19:26:27.394989,393132552,389195092,389675776,236,747596,2203904,19256,34359738367,268416,16244,6928,9316,108,195781836,193645188,2136648,72,465608,1154708,8724,197350716,195549904,1800812,164,281988,1049196,10532
2026-08-27T19:26:27.896114,393132552,389195000,389675760,248,747312,2203904,19256,34359738367,268432,16244,6928,9316,108,195781836,193645440,2136396,80,465448,1154708,8724,197350716,195549560,1801156,168,281864,1049196,10532
2026-08-27T19:26:28.397272,393132552,389197120,389677880,248,747468,2203904,19256,34359738367,268400,16244,6928,9316,108,195781836,193646448,2135388,80,465528,1154708,8724,197350716,195550672,1800044,168,281940,1049196,10532
2026-08-27T19:26:28.898383,393132552,389196176,389676936,256,747352,2203904,19256,34359738367,268432,16244,6928,9316,108,195781836,193646700,2135136,80,465472,1154708,8724,197350716,195549476,1801240,176,281880,1049196,10532
2026-08-27T19:26:29.399483,393132552,389197840,389678600,256,747508,2203904,19256,34359738367,268208,16244,6928,9316,108,195781836,193647204,2134632,80,465552,1154708,8724,197350716,195550636,1800080,176,281956,1049196,10532
2026-08-27T19:26:29.900294,393132552,389198452,389679212,260,747348,2203904,19256,34359738367,268432,16244,6928,9316,108,195781836,193647708,2134128,80,465468,1154708,8724,197350716,195550744,1799972,180,281880,1049196,10532
2026-08-27T19:26:30.401477,393132552,389199784,389680556,260,747512,2203904,19256,34359738367,268448,16244,6928,9316,108,195781836,193649104,2132732,80,465552,1154708,8724,197350716,195550680,1800036,180,281960,1049196,10532
2026-08-27T19:26:30.902594,393132552,389200660,389681432,272,747360,2203904,19256,34359738367,268416,16244,6928,9316,108,195781836,193649608,2132228,88,465472,1154708,8724,197350716,195551052,1799664,184,281888,1049196,10532
2026-08-27T19:26:31.403719,393132552,389201900,389682680,96,747548,2203904,19256,34359738367,268432,16244,6928,9316,108,195781836,193650460,2131376,88,465568,1154708,8724,197350716,195551440,1799276,8,281980,1049196,10532
2026-08-27T19:26:31.904859,393132552,389202704,389683492,104,747396,2203904,19256,34359738367,268400,16244,6928,9316,108,195781836,193650744,2131092,88,465496,1154708,8724,197350716,195551960,1798756,16,281900,1049196,10532
2026-08-27T19:26:32.410065,393132552,389203232,389684052,104,747600,2203904,19256,34359738367,268432,16244,6928,9316,108,195781836,193651248,2130588,88,465600,1154708,8724,197350716,195551984,1798732,16,282000,1049196,10532
2026-08-27T19:26:32.911180,393132552,389203852,389684672,108,747448,2203904,19256,34359738367,267952,16244,6928,9316,108,195781836,193651748,2130088,88,465516,1154708,8724,197350716,195552104,1798612,20,281932,1049196,10532
2026-08-27T19:26:33.411958,393132552,389204744,389685488,120,747648,2203904,19256,34359738367,268432,16244,6928,9316,108,195781836,193653008,2128828,96,465620,1154708,8724,197350716,195551736,1798980,24,282028,1049196,10532
2026-08-27T19:26:33.913128,393132552,389204904,389685416,124,746728,2203904,19232,34359738367,268448,16244,6928,9316,108,195781836,193653536,2128300,96,465120,1154708,8724,197350716,195551368,1799348,28,281608,1049196,10508
2026-08-27T19:26:34.414308,393132552,389206468,389686980,124,746892,2203904,19232,34359738367,268416,16244,6928,9316,108,195781836,193654292,2127544,96,465204,1154708,8724,197350716,195552176,1798540,28,281688,1049196,10508
2026-08-27T19:26:34.915440,393132552,389205468,389685980,140,747020,2203904,19256,34359738367,268432,16244,6928,9316,108,195781836,193654544,2127292,96,465152,1154708,8724,197350716,195550924,1799792,44,281868,1049196,10532
2026-08-27T19:26:35.416601,393132552,389207080,389687592,168,747180,2203904,19256,34359738367,268368,16244,6928,9316,108,195781836,193655048,2126788,112,465232,1154708,8724,197350716,195552032,1798684,56,281948,1049196,10532
2026-08-27T19:26:35.917762,393132552,389205820,389686332,172,747068,2203904,19256,34359738367,268432,16244,6928,9316,108,195781836,193655300,2126536,112,465172,1154708,8724,197350716,195550520,1800196,60,281896,1049196,10532
2026-08-27T19:26:36.418869,393132552,389208144,389688672,120,747212,2203904,19256,34359738367,267808,16244,6928,9316,108,195781836,193656624,2125212,60,465248,1154708,8724,197350716,195551520,1799196,60,281964,1049196,10532
2026-08-27T19:26:36.919644,393132552,389209208,389689736,120,747060,2203904,19256,34359738367,268416,16244,6928,9316,108,195781836,193657316,2124520,60,465172,1154708,8724,197350716,195551892,1798824,60,281888,1049196,10532
2026-08-27T19:26:37.420793,393132552,389208716,389689248,120,747232,2203904,19256,34359738367,268432,16244,6928,9316,108,195781836,193657820,2124016,60,465260,1154708,8724,197350716,195550896,1799820,60,281972,1049196,10532
2026-08-27T19:26:37.921999,393132552,389209396,389689928,124,747084,2203904,19256,34359738367,268416,16244,6928,9316,108,195781836,193658072,2123764,60,465184,1154708,8724,197350716,195551324,1799392,64,281900,1049196,10532
2026-08-27T19:26:38.423104,393132552,389210216,389690748,136,747276,2203904,19256,34359738367,268432,16244,6928,9316,108,195781836,193658584,2123252,72,465280,1154708,8724,197350716,195551632,1799084,64,281996,1049196,10532
2026-08-27T19:26:38.924236,393132552,389210828,389691360,140,747116,2203904,19256,34359738367,268288,16244,6928,9316,108,195781836,193658868,2122968,72,465200,1154708,8724,197350716,195551960,1798756,68,281916,1049196,10532
2026-08-27T19:26:39.425289,393132552,389212016,389692548,140,747316,2203904,19256,34359738367,268432,16244,6928,9316,108,195781836,193660128,2121708,72,465300,1154708,8724,197350716,195551888,1798828,68,282016,1049196,10532
2026-08-27T19:26:39.926379,393132552,389212892,389693480,88,747164,2203904,19256,34359738367,267552,16244,6928,9316,108,195781836,193660632,2121204,32,465224,1154708,8724,197350716,195552260,1798456,56,281940,1049196,10532
2026-08-27T19:26:40.427174,393132552,389212864,389693452,88,747356,2203904,19256,34359738367,268416,16244,6928,9316,108,195781836,193661136,2120700,32,465324,1154708,8724,197350716,195551728,1798988,56,282032,1049196,10532
2026-08-27T19:26:40.928308,393132552,389212388,389692976,100,747008,2203904,19256,34359738367,268432,16244,6928,9316,108,195781836,193661388,2120448,32,465140,1154708,8724,197350716,195551000,1799716,68,281868,1049196,10532
2026-08-27T19:26:41.429471,393132552,389213780,389694376,128,747160,2203904,19256,34359738367,268416,16244,6928,9316,108,195781836,193661892,2119944,56,465216,1154708,8724,197350716,195551888,1798828,72,281944,1049196,10532
2026-08-27T19:26:41.930587,393132552,389213172,389693776,132,747048,2203904,19256,34359738367,268432,16244,6928,9316,108,195781836,193662108,2119728,56,465180,1154708,8724,197350716,195551064,1799652,76,281868,1049196,10532
2026-08-27T19:26:42.431620,393132552,389215560,389696164,136,747200,2203904,19256,34359738367,268128,16244,6928,9316,108,195781836,193663368,2118468,56,465296,1154708,8724,197350716,195552192,1798524,80,281904,1049196,10532
2026-08-27T19:26:42.932438,393132552,389215304,389695908,140,747036,2203904,19256,34359738367,268432,16244,6928,9316,108,195781836,193663872,2117964,56,465172,1154708,8724,197350716,195551432,1799284,84,281864,1049196,10532
2026-08-27T19:26:43.433596,393132552,389217252,389697856,140,747188,2203904,19256,34359738367,268272,16244,6928,9316,108,195781836,193664376,2117460,56,465244,1154708,8724,197350716,195552876,1797840,84,281944,1049196,10532
2026-08-27T19:26:43.934453,393132552,389215452,389696056,144,747052,2203904,19256,34359738367,268432,16244,6928,9316,108,195781836,193664628,2117208,56,465168,1154708,8724,197350716,195550824,1799892,88,281884,1049196,10532
2026-08-27T19:26:44.435522,393132552,389217040,389697644,152,747204,2203904,19256,34359738367,267520,16244,6928,9316,108,195781836,193665092,2116744,64,465248,1154708,8724,197350716,195551948,1798768,88,281956,1049196,10532
2026-08-27T19:26:44.936292,393132552,389217668,389698272,152,747060,2203904,19256,34359738367,268416,16244,6928,9316,108,195781836,193665092,2116744,64,465168,1154708,8724,197350716,195552576,1798140,88,281892,1049196,10532
2026-08-27T19:26:45.437485,393132552,389217848,389698452,152,747236,2203904,19256,34359738367,268432,16244,6928,9316,108,195781836,193666224,2115612,64,465260,1154708,8724,197350716,195551624,1799092,88,281976,1049196,10532
2026-08-27T19:26:45.938834,393132552,389218972,389699576,156,747100,2203904,19256,34359738367,268400,16244,6928,9316,108,195781836,193666928,2114908,64,465192,1154708,8724,197350716,195552044,1798672,92,281908,1049196,10532
2026-08-27T19:26:46.439964,393132552,389219940,389700544,156,747284,2203904,19256,34359738367,268432,16244,6928,9316,108,195781836,193667180,2114656,64,465284,1154708,8724,197350716,195552760,1797956,92,282000,1049196,10532
2026-08-27T19:26:46.941081,393132552,389220392,389701032,148,747144,2203904,19256,34359738367,268096,16244,6928,9316,108,195781836,193667684,2114152,44,465212,1154708,8724,197350716,195552708,1798008,104,281932,1049196,10532
2026-08-27T19:26:47.441932,393132552,389220460,389701108,148,747328,2203904,19256,34359738367,268432,16244,6928,9316,108,195781836,193667936,2113900,44,465308,1154708,8724,197350716,195552524,1798192,104,282020,1049196,10532
2026-08-27T19:26:47.943060,393132552,389218788,389699436,152,747132,2203904,19256,34359738367,268464,16244,6928,9316,108,195781836,193667936,2113900,44,465216,1154708,8724,197350716,195550852,1799864,108,281916,1049196,10532
2026-08-27T19:26:48.444188,393132552,389220588,389701236,152,747316,2203904,19256,34359738367,268416,16244,6928,9316,108,195781836,193668752,2113084,44,465312,1154708,8724,197350716,195551836,1798880,108,282004,1049196,10532
2026-08-27T19:26:48.945310,393132552,389220352,389701000,168,747036,2203904,19256,34359738367,268432,16244,6928,9316,108,195781836,193669256,2112580,56,465156,1154708,8724,197350716,195551096,1799620,112,281880,1049196,10532
2026-08-27T19:26:49.446413,393132552,389221476,389702124,168,747176,2203904,19256,34359738367,268368,16244,6928,9316,108,195781836,193669508,2112328,56,465228,1154708,8724,197350716,195551968,1798748,112,281948,1049196,10532
2026-08-27T19:26:49.947483,393132552,389221128,389701776,176,747064,2203904,19256,34359738367,268432,16244,6928,9316,108,195781836,193669760,2112076,56,465172,1154708,8724,197350716,195551368,1799348,120,281892,1049196,10532
2026-08-27T19:26:50.448579,393132552,389222340,389702988,176,747204,2203904,19256,34359738367,267760,16244,6928,9316,108,195781836,193670020,2111816,56,465248,1154708,8724,197350716,195552320,1798396,120,281956,1049196,10532
2026-08-27T19:26:50.949385,393132552,389222312,389702960,180,747072,2203904,19256,34359738367,268416,16244,6928,9316,108,195781836,193670020,2111816,56,465176,1154708,8724,197350716,195552292,1798424,124,281896,1049196,10532
2026-08-27T19:26:51.450534,393132552,389221472,389702124,208,747220,2203904,19256,34359738367,268432,16244,6928,9316,108,195781836,193670808,2111028,68,465252,1154708,8724,197350716,195550664,1800052,140,281968,1049196,10532
2026-08-27T19:26:51.951653,393132552,389222284,389702936,212,747076,2203904,19256,34359738367,268416,16244,6928,9316,108,195781836,193671060,2110776,68,465180,1154708,8724,197350716,195551224,1799492,144,281896,1049196,10532
2026-08-27T19:26:52.452754,393132552,389222300,389702952,212,747260,2203904,19256,34359738367,268432,16244,6928,9316,108,195781836,193671564,2110272,68,465272,1154708,8724,197350716,195550736,1799980,144,281988,1049196,10532
2026-08-27T19:26:52.953912,393132552,389222792,389703520,224,747112,2203904,19256,34359738367,268352,16244,6928,9316,108,195781836,193672068,2109768,68,465196,1154708,8724,197350716,195550724,1799992,156,281916,1049196,10532
2026-08-27T19:26:53.454793,393132552,389221956,389702684,224,747296,2203904,19256,34359738367,268432,16244,6928,9316,108,195781836,193672328,2109508,68,465292,1154708,8724,197350716,195549628,1801088,156,282004,1049196,10532
2026-08-27T19:26:53.955872,393132552,389223300,389704028,228,747160,2203904,19256,34359738367,267552,16244,6928,9316,108,195781836,193672328,2109508,68,465220,1154708,8724,197350716,195550972,1799744,160,281940,1049196,10532
2026-08-27T19:26:54.456633,393132552,389225412,389706140,236,747344,2203904,19256,34359738367,268416,16244,6928,9316,108,195781836,193673084,2108752,76,465316,1154708,8724,197350716,195552328,1798388,160,282028,1049196,10532
2026-08-27T19:26:54.957845,393132552,389224232,389704960,248,746776,2203904,19240,34359738367,268448,16244,6928,9316,108,195781836,193673588,2108248,84,465144,1154708,8724,197350716,195550644,1800072,164,281632,1049196,10516
2026-08-27T19:26:55.458953,393132552,389225316,389706044,248,746916,2203904,19240,34359738367,268400,16244,6928,9316,108,195781836,193673840,2107996,84,465216,1154708,8724,197350716,195551476,1799240,164,281700,1049196,10516
2026-08-27T19:26:55.960114,393132552,389225236,389705964,252,747048,2203904,19256,34359738367,268432,16244,6928,9316,108,195781836,193674092,2107744,84,465168,1154708,8724,197350716,195551144,1799572,168,281880,1049196,10532
2026-08-27T19:26:56.461242,393132552,389226608,389707368,252,747188,2203904,19256,34359738367,268192,16244,6928,9316,108,195781836,193674344,2107492,84,465236,1154708,8724,197350716,195552264,1798452,168,281952,1049196,10532
2026-08-27T19:26:56.962033,393132552,389259624,389722872,256,796544,2142292,19256,34359738367,268432,16244,6928,9316,108,195781836,193718416,2063420,84,515140,1087288,8724,197350716,195540704,1810012,172,281908,1055004,10532
2026-08-27T19:26:57.462853,393132552,388650300,389739400,320,1370396,2193020,19256,34359738367,268432,16244,6928,9316,108,195781836,193144532,2637304,140,1088428,1089656,8724,197350716,195505768,1844948,180,281968,1103364,10532
2026-08-27T19:26:57.963952,393132552,388628312,389746292,320,1390556,2201896,19256,34359738367,267472,16244,6928,9316,108,195781836,193125576,2656260,140,1108588,1091432,8724,197350716,195502736,1847980,180,281968,1110464,10532
2026-08-27T19:26:58.464719,393132552,388621564,389747436,320,1395716,2203904,19256,34359738367,268400,16244,6928,9316,108,195781836,193121040,2660796,140,1113804,1091836,8724,197350716,195500524,1850192,180,281912,1112068,10532
2026-08-27T19:26:58.969282,393132552,388621060,389748512,332,1397324,2203904,19256,34359738367,268432,16244,6928,9316,108,195781836,193121040,2660796,140,1115348,1091836,8724,197350716,195500020,1850696,192,281976,1112068,10532
2026-08-27T19:26:59.470426,393132552,388620332,389748508,332,1398084,2203904,19256,34359738367,268400,16244,6928,9316,108,195781836,193120788,2661048,140,1116152,1091836,8724,197350716,195499544,1851172,192,281932,1112068,10532
2026-08-27T19:26:59.971562,393132552,388619072,389747480,336,1398228,2203904,19256,34359738367,268432,16244,6928,9316,108,195781836,193120788,2661048,140,1116228,1091836,8724,197350716,195498284,1852432,196,282000,1112068,10532
2026-08-27T19:27:00.472706,393132552,388621472,389749880,344,1398128,2203904,19256,34359738367,268384,16244,6928,9316,108,195781836,193122064,2659772,148,1116180,1091836,8724,197350716,195499408,1851308,196,281948,1112068,10532
2026-08-27T19:27:00.973614,393132552,388625336,389753968,352,1398276,2203904,19256,34359738367,268432,16244,6928,9316,108,195781836,193124340,2657496,148,1116256,1091836,8724,197350716,195500996,1849720,204,282020,1112068,10532
2026-08-27T19:27:01.474720,393132552,388628776,389757624,352,1398168,2203904,19256,34359738367,267632,16244,6928,9316,108,195781836,193125804,2656032,148,1116200,1091836,8724,197350716,195502972,1847744,204,281968,1112068,10532
2026-08-27T19:27:01.975474,393132552,388628316,389757296,236,1398284,2203904,19256,34359738367,268416,16244,6928,9316,108,195781836,193125936,2655900,148,1116256,1091836,8724,197350716,195502380,1848336,88,282028,1112068,10532
2026-08-27T19:27:02.476644,393132552,388628088,389757276,260,1397712,2203904,19236,34359738367,268400,16244,6928,9316,108,195781836,193125936,2655900,164,1116084,1091836,8724,197350716,195502152,1848564,96,281628,1112068,10512
2026-08-27T19:27:02.977860,393132552,388628204,389757792,264,1398052,2203904,19460,34359738367,268368,16244,6928,9316,108,195781836,193126276,2655560,164,1116140,1091836,8724,197350716,195501928,1848788,100,281912,1112068,10736
2026-08-27T19:27:03.478997,393132552,388627676,389757264,264,1398456,2203904,19484,34359738367,268400,16244,6928,9316,108,195781836,193126276,2655560,164,1116228,1091836,8724,197350716,195501400,1849316,100,282228,1112068,10760
2026-08-27T19:27:03.980125,393132552,388629668,389759256,276,1398092,2203904,19256,34359738367,268208,16244,6928,9316,108,195781836,193126908,2654928,164,1116160,1091836,8724,197350716,195502760,1847956,112,281932,1112068,10532
2026-08-27T19:27:04.481113,393132552,388630136,389759820,276,1398024,2203904,19256,34359738367,268416,16244,6928,9316,108,195781836,193127424,2654412,164,1116124,1091836,8724,197350716,195502712,1848004,112,281900,1112068,10532
2026-08-27T19:27:04.982301,393132552,388629668,389759352,280,1398148,2203904,19256,34359738367,268448,16244,6928,9316,108,195781836,193127424,2654412,164,1116192,1091836,8724,197350716,195502244,1848472,116,281956,1112068,10532
2026-08-27T19:27:05.483449,393132552,388629472,389759340,280,1398104,2203904,19256,34359738367,268416,16244,6928,9316,108,195781836,193127928,2653908,164,1116180,1091836,8724,197350716,195501544,1849172,116,281924,1112068,10532
2026-08-27T19:27:05.984608,393132552,388627960,389758096,280,1398252,2203904,19256,34359738367,268432,16244,6928,9316,108,195781836,193127928,2653908,164,1116256,1091836,8724,197350716,195500032,1850684,116,281996,1112068,10532
2026-08-27T19:27:06.485800,393132552,388628892,389759028,288,1398164,2203904,19256,34359738367,268400,16244,6928,9316,108,195781836,193128432,2653404,172,1116224,1091836,8724,197350716,195500460,1850256,116,281940,1112068,10532
2026-08-27T19:27:06.986900,393132552,388629456,389759756,240,1398312,2203904,19256,34359738367,268432,16244,6928,9316,108,195781836,193128780,2653056,172,1116304,1091836,8724,197350716,195500676,1850040,68,282008,1112068,10532
2026-08-27T19:27:07.488007,393132552,388630808,389761108,240,1398212,2203904,19256,34359738367,268080,16244,6928,9316,108,195781836,193129284,2652552,172,1116252,1091836,8724,197350716,195501524,1849192,68,281960,1112068,10532
2026-08-27T19:27:07.988998,393132552,388630500,389760800,244,1398348,2203904,19256,34359738367,268432,16244,6928,9316,108,195781836,193129536,2652300,172,1116316,1091836,8724,197350716,195500964,1849752,72,282032,1112068,10532
2026-08-27T19:27:08.490202,393132552,388629268,389759652,256,1398204,2203904,19256,34359738367,268448,16244,6928,9316,108,195781836,193129536,2652300,180,1116248,1091836,8724,197350716,195499732,1850984,76,281956,1112068,10532
2026-08-27T19:27:08.991339,393132552,388629528,389759912,264,1398324,2203904,19256,34359738367,268416,16244,6928,9316,108,195781836,193129796,2652040,180,1116312,1091836,8724,197350716,195499732,1850984,84,282012,1112068,10532
2026-08-27T19:27:09.492450,393132552,388630096,389760552,264,1398232,2203904,19248,34359738367,268416,16244,6928,9316,108,195781836,193130300,2651536,180,1116264,1091836,8724,197350716,195499796,1850920,84,281968,1112068,10524
2026-08-27T19:27:09.993623,393132552,388631224,389761680,280,1398352,2203904,19248,34359738367,268352,16244,6928,9316,108,195781836,193130440,2651396,180,1116332,1091836,8724,197350716,195500784,1849932,100,282020,1112068,10524
2026-08-27T19:27:10.494511,393132552,388632584,389763256,280,1398312,2203904,19256,34359738367,268432,16244,6928,9316,108,195781836,193130692,2651144,180,1116308,1091836,8724,197350716,195501892,1848824,100,282004,1112068,10532
2026-08-27T19:27:10.995616,393132552,388632628,389763368,284,1398128,2203904,19256,34359738367,267824,16244,6928,9316,108,195781836,193130692,2651144,180,1116228,1091836,8724,197350716,195501936,1848780,104,281900,1112068,10532
2026-08-27T19:27:11.496384,393132552,388633088,389763964,192,1398300,2203904,19256,34359738367,268416,16244,6928,9316,108,195781836,193131088,2650748,116,1116312,1091836,8724,197350716,195502000,1848716,76,281988,1112068,10532
2026-08-27T19:27:11.997578,393132552,388631688,389762632,144,1398020,2203904,19256,34359738367,268432,16244,6928,9316,108,195781836,193131340,2650496,72,1116156,1091836,8724,197350716,195500348,1850368,72,281864,1112068,10532
2026-08-27T19:27:12.498714,393132552,388632196,389763140,152,1398152,2203904,19256,34359738367,268416,16244,6928,9316,108,195781836,193131592,2650244,80,1116228,1091836,8724,197350716,195500604,1850112,72,281924,1112068,10532
2026-08-27T19:27:12.999863,393132552,388630784,389761784,156,1398304,2203904,19256,34359738367,268432,16244,6928,9316,108,195781836,193131592,2650244,80,1116308,1091836,8724,197350716,195499192,1851524,76,281996,1112068,10532
2026-08-27T19:27:13.501017,393132552,388631740,389762800,188,1398192,2203904,19256,34359738367,268384,16244,6928,9316,108,195781836,193131844,2649992,108,1116248,1091836,8724,197350716,195499896,1850820,80,281944,1112068,10532
2026-08-27T19:27:14.001930,393132552,388631596,389762708,188,1398116,2203904,19256,34359738367,268432,16244,6928,9316,108,195781836,193131844,2649992,108,1116208,1091836,8724,197350716,195499752,1850964,80,281908,1112068,10532
2026-08-27T19:27:14.503030,393132552,388632388,389763552,188,1398236,2203904,19256,34359738367,267600,16244,6928,9316,108,195781836,193132348,2649488,108,1116272,1091836,8724,197350716,195500040,1850676,80,281964,1112068,10532
2026-08-27T19:27:15.003789,393132552,388631436,389762740,192,1398120,2203904,19256,34359738367,268416,16244,6928,9316,108,195781836,193132600,2649236,108,1116212,1091836,8724,197350716,195498836,1851880,84,281908,1112068,10532
2026-08-27T19:27:15.504927,393132552,388629968,389761272,192,1398248,2203904,19256,34359738367,268432,16244,6928,9316,108,195781836,193132700,2649136,108,1116276,1091836,8724,197350716,195497268,1853448,84,281972,1112068,10532
2026-08-27T19:27:16.006127,393132552,388630940,389762400,204,1398132,2203904,19256,34359738367,268416,16244,6928,9316,108,195781836,193132700,2649136,108,1116212,1091836,8724,197350716,195498240,1852476,96,281920,1112068,10532
2026-08-27T19:27:16.507242,393132552,388631552,389763112,204,1398284,2203904,19256,34359738367,268432,16244,6928,9316,108,195781836,193132952,2648884,108,1116296,1091836,8724,197350716,195498600,1852116,96,281988,1112068,10532
2026-08-27T19:27:17.008387,393132552,388631724,389763324,208,1398152,2203904,19256,34359738367,268304,16244,6928,9316,108,195781836,193132700,2649136,108,1116228,1091836,8724,197350716,195499024,1851692,100,281924,1112068,10532
2026-08-27T19:27:17.509472,393132552,388630916,389762516,220,1398316,2203904,19256,34359738367,268432,16244,6928,9316,108,195781836,193133212,2648624,116,1116316,1091836,8724,197350716,195497704,1853012,104,282000,1112068,10532
2026-08-27T19:27:18.010587,393132552,388630720,389762320,228,1397732,2203904,19236,34359738367,267552,16244,6928,9316,108,195781836,193133464,2648372,116,1116132,1091836,8724,197350716,195497256,1853460,112,281600,1112068,10512
2026-08-27T19:27:18.511340,393132552,388630660,389762388,228,1397892,2203904,19236,34359738367,268416,16244,6928,9316,108,195781836,193133464,2648372,116,1116212,1091836,8724,197350716,195497196,1853520,112,281680,1112068,10512
2026-08-27T19:27:19.012475,393132552,388629700,389761428,232,1398032,2203904,19256,34359738367,268432,16244,6928,9316,108,195781836,193133464,2648372,116,1116164,1091836,8724,197350716,195496236,1854480,116,281868,1112068,10532
2026-08-27T19:27:19.513660,393132552,388630800,389762528,232,1398160,2203904,19256,34359738367,268416,16244,6928,9316,108,195781836,193133716,2648120,116,1116232,1091836,8724,197350716,195497084,1853632,116,281928,1112068,10532
2026-08-27T19:27:20.014787,393132552,388629556,389761284,232,1398080,2203904,19256,34359738367,268432,16244,6928,9316,108,195781836,193133716,2648120,116,1116188,1091836,8724,197350716,195495840,1854876,116,281892,1112068,10532
2026-08-27T19:27:20.515903,393132552,388630508,389762236,232,1398204,2203904,19256,34359738367,268320,16244,6928,9316,108,195781836,193134220,2647616,116,1116252,1091836,8724,197350716,195496288,1854428,116,281952,1112068,10532
2026-08-27T19:27:21.016757,393132552,388628804,389760596,236,1398128,2203904,19256,34359738367,268432,16244,6928,9316,108,195781836,193134236,2647600,116,1116212,1091836,8724,197350716,195494568,1856148,120,281916,1112068,10532
2026-08-27T19:27:21.517930,393132552,388629060,389760896,236,1398240,2203904,19256,34359738367,267472,16244,6928,9316,108,195781836,193134236,2647600,116,1116272,1091836,8724,197350716,195494824,1855892,120,281968,1112068,10532
2026-08-27T19:27:22.018683,393132552,388629876,389761712,248,1398132,2203904,19256,34359738367,268416,16244,6928,9316,108,195781836,193134488,2647348,116,1116216,1091836,8724,197350716,195495388,1855328,132,281916,1112068,10532
2026-08-27T19:27:22.519802,393132552,388629792,389761676,248,1398252,2203904,19256,34359738367,268432,16244,6928,9316,108,195781836,193134632,2647204,116,1116276,1091836,8724,197350716,195495160,1855556,132,281976,1112068,10532
2026-08-27T19:27:23.020943,393132552,388630060,389762004,228,1398128,2203904,19256,34359738367,268384,16244,6928,9316,108,195781836,193134632,2647204,100,1116212,1091836,8724,197350716,195495428,1855288,136,281920,1112068,10532
2026-08-27T19:27:23.522262,393132552,388628900,389760844,248,1398288,2203904,19256,34359738367,268432,16244,6928,9316,108,195781836,193135136,2646700,104,1116300,1091836,8724,197350716,195493764,1856952,144,281988,1112068,10532
2026-08-27T19:27:24.023386,393132552,388628704,389760648,252,1398172,2203904,19256,34359738367,268240,16244,6928,9316,108,195781836,193135136,2646700,104,1116236,1091836,8724,197350716,195493568,1857148,148,281936,1112068,10532
2026-08-27T19:27:24.524389,393132552,388628912,389760916,252,1398336,2203904,19256,34359738367,268416,16244,6928,9316,108,195781836,193135136,2646700,104,1116324,1091836,8724,197350716,195493776,1856940,148,282012,1112068,10532
2026-08-27T19:27:25.025590,393132552,388628044,389760048,256,1397956,2203904,19228,34359738367,268432,16244,6928,9316,108,195781836,193135136,2646700,104,1116136,1091836,8724,197350716,195492908,1857808,152,281820,1112068,10504
2026-08-27T19:27:25.526728,393132552,388629100,389761104,256,1398108,2203904,19228,34359738367,268400,16244,6928,9316,108,195781836,193135136,2646700,104,1116220,1091836,8724,197350716,195493964,1856752,152,281888,1112068,10504
2026-08-27T19:27:26.027872,393132552,388627084,389759088,256,1398044,2203904,19256,34359738367,268416,16244,6928,9316,108,195781836,193135136,2646700,104,1116172,1091836,8724,197350716,195491948,1858768,152,281872,1112068,10532
2026-08-27T19:27:26.529008,393132552,388628244,389760248,256,1398168,2203904,19256,34359738367,268384,16244,6928,9316,108,195781836,193135668,2646168,104,1116236,1091836,8724,197350716,195492576,1858140,152,281932,1112068,10532
2026-08-27T19:27:27.030199,393132552,388628272,389760304,260,1398104,2203904,19256,34359738367,268416,16244,6928,9316,108,195781836,193135920,2645916,100,1116200,1091836,8724,197350716,195492352,1858364,160,281904,1112068,10532
2026-08-27T19:27:27.531299,393132552,388628624,389760656,260,1398216,2203904,19256,34359738367,267904,16244,6928,9316,108,195781836,193135920,2645916,100,1116260,1091836,8724,197350716,195492704,1858012,160,281956,1112068,10532
2026-08-27T19:27:28.032082,393132552,388628504,389760536,212,1398136,2203904,19256,34359738367,268416,16244,6928,9316,108,195781836,193135920,2645916,48,1116212,1091836,8724,197350716,195492584,1858132,164,281924,1112068,10532
2026-08-27T19:27:28.533271,393132552,388628184,389760220,220,1398252,2203904,19256,34359738367,268416,16244,6928,9316,108,195781836,193135920,2645916,56,1116276,1091836,8724,197350716,195492264,1858452,164,281976,1112068,10532
2026-08-27T19:27:29.034409,393132552,388628784,389760820,224,1398140,2203904,19256,34359738367,268384,16244,6928,9316,108,195781836,193135920,2645916,56,1116216,1091836,8724,197350716,195492864,1857852,168,281924,1112068,10532
2026-08-27T19:27:29.535561,393132552,388627748,389759784,224,1398272,2203904,19256,34359738367,268400,16244,6928,9316,108,195781836,193136204,2645632,56,1116288,1091836,8724,197350716,195491544,1859172,168,281984,1112068,10532
2026-08-27T19:27:30.036682,393132552,388627524,389759568,228,1398164,2203904,19256,34359738367,268352,16244,6928,9316,108,195781836,193136204,2645632,56,1116232,1091836,8724,197350716,195491320,1859396,172,281932,1112068,10532
2026-08-27T19:27:30.537831,393132552,388626548,389758592,240,1398304,2203904,19256,34359738367,268384,16244,6928,9316,108,195781836,193136204,2645632,68,1116304,1091836,8724,197350716,195490344,1860372,172,282000,1112068,10532
2026-08-27T19:27:31.038937,393132552,388626740,389758784,244,1398164,2203904,19256,34359738367,267776,16244,6928,9316,108,195781836,193136204,2645632,68,1116240,1091836,8724,197350716,195490536,1860180,176,281924,1112068,10532
2026-08-27T19:27:31.539713,393132552,388626888,389758932,244,1398340,2203904,19256,34359738367,268352,16244,6928,9316,108,195781836,193136204,2645632,68,1116332,1091836,8724,197350716,195490684,1860032,176,282008,1112068,10532
2026-08-27T19:27:32.040863,393132552,388625416,389757488,248,1397992,2203904,19124,34359738367,268368,16244,6928,9316,108,195781836,193136204,2645632,68,1116276,1091836,8724,197350716,195489212,1861504,180,281716,1112068,10400
2026-08-27T19:27:32.542013,393132552,388626132,389758228,248,1398168,2203904,19124,34359738367,268352,16244,6928,9316,108,195781836,193136456,2645380,68,1116384,1091836,8724,197350716,195489676,1861040,180,281784,1112068,10400
2026-08-27T19:27:33.043151,393132552,388622968,389755064,132,1398248,2203904,19256,34359738367,268368,16244,6928,9316,108,195781836,193136456,2645380,68,1116360,1091836,8724,197350716,195486512,1864204,64,281888,1112068,10532
2026-08-27T19:27:33.544303,393132552,388623256,389755352,132,1398356,2203904,19256,34359738367,268320,16244,6928,9316,108,195781836,193136456,2645380,68,1116420,1091836,8724,197350716,195486800,1863916,64,281936,1112068,10532
2026-08-27T19:27:34.045733,393132552,388623736,389755832,140,1398288,2203904,19256,34359738367,268368,16244,6928,9316,108,195781836,193136456,2645380,68,1116384,1091836,8724,197350716,195487280,1863436,72,281904,1112068,10532
2026-08-27T19:27:34.546849,393132552,388623920,389756028,168,1398404,2203904,19256,34359738367,267648,16244,6928,9316,108,195781836,193136456,2645380,88,1116444,1091836,8724,197350716,195487464,1863252,80,281960,1112068,10532
2026-08-27T19:27:35.047605,393132552,388623496,389755604,172,1398324,2203904,19256,34359738367,268352,16244,6928,9316,108,195781836,193136456,2645380,88,1116396,1091836,8724,197350716,195487040,1863676,84,281928,1112068,10532
2026-08-27T19:27:35.548746,393132552,388623040,389755148,172,1398432,2203904,19256,34359738367,268368,16244,6928,9316,108,195781836,193136708,2645128,88,1116456,1091836,8724,197350716,195486332,1864384,84,281976,1112068,10532
2026-08-27T19:27:36.050007,393132552,388623104,389755276,176,1398328,2203904,19256,34359738367,268352,16244,6928,9316,108,195781836,193136708,2645128,88,1116400,1091836,8724,197350716,195486396,1864320,88,281928,1112068,10532
2026-08-27T19:27:36.551126,393132552,388621372,389753544,180,1398448,2203904,19256,34359738367,268368,16244,6928,9316,108,195781836,193136708,2645128,88,1116464,1091836,8724,197350716,195484664,1866052,92,281984,1112068,10532
2026-08-27T19:27:37.052251,393132552,388622152,389754356,184,1398348,2203904,19256,34359738367,268288,16244,6928,9316,108,195781836,193136708,2645128,88,1116408,1091836,8724,197350716,195485444,1865272,96,281940,1112068,10532
2026-08-27T19:27:37.553280,393132552,388622456,389754660,184,1398504,2203904,19256,34359738367,268368,16244,6928,9316,108,195781836,193136708,2645128,88,1116516,1091836,8724,197350716,195485748,1864968,96,281988,1112068,10532
2026-08-27T19:27:38.054362,393132552,388623012,389755216,188,1398396,2203904,19256,34359738367,267824,16244,6928,9316,108,195781836,193136960,2644876,88,1116480,1091836,8724,197350716,195486052,1864664,100,281916,1112068,10532
2026-08-27T19:27:38.555160,393132552,388622072,389754300,188,1398544,2203904,19256,34359738367,268368,16244,6928,9316,108,195781836,193136992,2644844,88,1116588,1091836,8724,197350716,195485080,1865636,100,281956,1112068,10532
2026-08-27T19:27:39.056393,393132552,388621880,389754108,192,1398444,2203904,19256,34359738367,267888,16244,6928,9316,108,195781836,193136992,2644844,88,1116496,1091836,8724,197350716,195484888,1865828,104,281948,1112068,10532
2026-08-27T19:27:39.557169,393132552,388620120,389752392,200,1398588,2203904,19256,34359738367,268352,16244,6928,9316,108,195781836,193136992,2644844,96,1116572,1091836,8724,197350716,195483128,1867588,104,282016,1112068,10532
2026-08-27T19:27:40.058338,393132552,388621076,389753348,212,1398020,2203904,19224,34359738367,268352,16244,6928,9316,108,195781836,193136992,2644844,96,1116400,1091836,8724,197350716,195484084,1866632,116,281620,1112068,10500
2026-08-27T19:27:40.559478,393132552,388621928,389754200,212,1398388,2203904,19452,34359738367,268320,16244,6928,9316,108,195781836,193136992,2644844,96,1116464,1091836,8724,197350716,195484936,1865780,116,281924,1112068,10728
2026-08-27T19:27:41.060616,393132552,388622756,389755052,216,1398552,2203904,19256,34359738367,268352,16244,6928,9316,108,195781836,193136992,2644844,96,1116548,1091836,8724,197350716,195485764,1864952,120,282004,1112068,10532
2026-08-27T19:27:41.561806,393132552,388622788,389755084,216,1398420,2203904,19256,34359738367,268320,16244,6928,9316,108,195781836,193136992,2644844,96,1116480,1091836,8724,197350716,195485796,1864920,120,281940,1112068,10532
2026-08-27T19:27:42.062881,393132552,388622516,389754812,216,1398600,2203904,19256,34359738367,268368,16244,6928,9316,108,195781836,193136992,2644844,96,1116576,1091836,8724,197350716,195485524,1865192,120,282024,1112068,10532
2026-08-27T19:27:42.563990,393132552,388622644,389754940,216,1398464,2203904,19256,34359738367,267856,16244,6928,9316,108,195781836,193136992,2644844,96,1116504,1091836,8724,197350716,195485652,1865064,120,281960,1112068,10532
2026-08-27T19:27:43.064769,393132552,388623732,389756036,168,1398632,2203904,19256,34359738367,268336,16244,6928,9316,108,195781836,193137244,2644592,96,1116588,1091836,8724,197350716,195486488,1864228,72,282044,1112068,10532
2026-08-27T19:27:43.565991,393132552,388622904,389755208,168,1398500,2203904,19256,34359738367,268368,16244,6928,9316,108,195781836,193137244,2644592,96,1116520,1091836,8724,197350716,195485660,1865056,72,281980,1112068,10532
2026-08-27T19:27:44.067130,393132552,388623728,389756032,108,1398648,2203904,19256,34359738367,268336,16244,6928,9316,108,195781836,193137244,2644592,52,1116596,1091836,8724,197350716,195486484,1864232,56,282052,1112068,10532
2026-08-27T19:27:44.568297,393132552,388622844,389755172,108,1398448,2203904,19240,34359738367,268368,16244,6928,9316,108,195781836,193137244,2644592,52,1116508,1091836,8724,197350716,195485600,1865116,56,281940,1112068,10516
2026-08-27T19:27:45.069485,393132552,388622940,389755268,140,1398588,2203904,19240,34359738367,268320,16244,6928,9316,108,195781836,193137244,2644592,76,1116580,1091836,8724,197350716,195485696,1865020,64,282008,1112068,10516
2026-08-27T19:27:45.570403,393132552,388621524,389753868,152,1398316,2203904,19256,34359738367,268368,16244,6928,9316,108,195781836,193137252,2644584,84,1116428,1091836,8724,197350716,195484272,1866444,68,281888,1112068,10532
2026-08-27T19:27:46.071521,393132552,388622340,389754684,168,1398452,2203904,19256,34359738367,267856,16244,6928,9316,108,195781836,193137252,2644584,84,1116496,1091836,8724,197350716,195485088,1865628,84,281956,1112068,10532
2026-08-27T19:27:46.572296,393132552,388620404,389752748,168,1398344,2203904,19256,34359738367,268352,16244,6928,9316,108,195781836,193137252,2644584,84,1116444,1091836,8724,197350716,195483152,1867564,84,281900,1112068,10532
2026-08-27T19:27:47.073483,393132552,388620184,389752528,168,1398512,2203904,19256,34359738367,268368,16244,6928,9316,108,195781836,193137504,2644332,84,1116528,1091836,8724,197350716,195482680,1868036,84,281984,1112068,10532
2026-08-27T19:27:47.574637,393132552,388620296,389752640,168,1398396,2203904,19256,34359738367,268352,16244,6928,9316,108,195781836,193137504,2644332,84,1116472,1091836,8724,197350716,195482792,1867924,84,281924,1112068,10532
2026-08-27T19:27:48.075780,393132552,388620160,389752504,120,1398564,2203904,19256,34359738367,268368,16244,6928,9316,108,195781836,193137504,2644332,36,1116556,1091836,8724,197350716,195482656,1868060,84,282008,1112068,10532
2026-08-27T19:27:48.576902,393132552,388620164,389752508,120,1398428,2203904,19256,34359738367,268256,16244,6928,9316,108,195781836,193137504,2644332,36,1116484,1091836,8724,197350716,195482660,1868056,84,281944,1112068,10532
2026-08-27T19:27:49.078005,393132552,388620684,389753028,132,1398620,2203904,19256,34359738367,268368,16244,6928,9316,108,195781836,193137504,2644332,44,1116580,1091836,8724,197350716,195483180,1867536,88,282040,1112068,10532
2026-08-27T19:27:49.579107,393132552,388620780,389753124,132,1398484,2203904,19256,34359738367,267472,16244,6928,9316,108,195781836,193137504,2644332,44,1116508,1091836,8724,197350716,195483276,1867440,88,281976,1112068,10532
2026-08-27T19:27:50.079864,393132552,388620840,389753248,152,1398648,2203904,19256,34359738367,268352,16244,6928,9316,108,195781836,193137504,2644332,56,1116596,1091836,8724,197350716,195483336,1867380,96,282052,1112068,10532
2026-08-27T19:27:50.580998,393132552,388619136,389751544,164,1398508,2203904,19256,34359738367,268368,16244,6928,9316,108,195781836,193137504,2644332,68,1116524,1091836,8724,197350716,195481632,1869084,96,281984,1112068,10532
2026-08-27T19:27:51.082174,393132552,388619372,389751800,168,1398644,2203904,19256,34359738367,268336,16244,6928,9316,108,195781836,193137692,2644144,68,1116596,1091836,8724,197350716,195481680,1869036,100,282048,1112068,10532
2026-08-27T19:27:51.583274,393132552,388618360,389750788,168,1398296,2203904,19256,34359738367,268368,16244,6928,9316,108,195781836,193137692,2644144,68,1116416,1091836,8724,197350716,195480668,1870048,100,281880,1112068,10532
2026-08-27T19:27:52.084369,393132552,388619464,389751892,180,1398444,2203904,19256,34359738367,268176,16244,6928,9316,108,195781836,193137692,2644144,68,1116488,1091836,8724,197350716,195481772,1868944,112,281956,1112068,10532
2026-08-27T19:27:52.585197,393132552,388617620,389750048,180,1398328,2203904,19256,34359738367,268368,16244,6928,9316,108,195781836,193137692,2644144,68,1116436,1091836,8724,197350716,195479928,1870788,112,281892,1112068,10532
2026-08-27T19:27:53.086391,393132552,388618256,389750696,184,1398500,2203904,19256,34359738367,268384,16244,6928,9316,108,195781836,193137692,2644144,68,1116532,1091836,8724,197350716,195480564,1870152,116,281968,1112068,10532
2026-08-27T19:27:53.587537,393132552,388618428,389750868,184,1398396,2203904,19256,34359738367,268352,16244,6928,9316,108,195781836,193137692,2644144,68,1116476,1091836,8724,197350716,195480736,1869980,116,281920,1112068,10532
2026-08-27T19:27:54.088677,393132552,388617720,389750164,200,1398576,2203904,19256,34359738367,268368,16244,6928,9316,108,195781836,193137692,2644144,76,1116564,1091836,8724,197350716,195480028,1870688,124,282012,1112068,10532
2026-08-27T19:27:54.589868,393132552,388617812,389750256,200,1398440,2203904,19256,34359738367,268320,16244,6928,9316,108,195781836,193137736,2644100,76,1116496,1091836,8724,197350716,195480076,1870640,124,281944,1112068,10532
2026-08-27T19:27:55.090980,393132552,388617860,389750372,200,1398620,2203904,19256,34359738367,268368,16244,6928,9316,108,195781836,193137736,2644100,76,1116592,1091836,8724,197350716,195480124,1870592,124,282028,1112068,10532
2026-08-27T19:27:55.592095,393132552,388618024,389750536,200,1398472,2203904,19256,34359738367,267936,16244,6928,9316,108,195781836,193137736,2644100,76,1116516,1091836,8724,197350716,195480288,1870428,124,281956,1112068,10532
2026-08-27T19:27:56.092882,393132552,388616168,389748680,204,1398668,2203904,19256,34359738367,268352,16244,6928,9316,108,195781836,193137736,2644100,76,1116616,1091836,8724,197350716,195478432,1872284,128,282052,1112068,10532
2026-08-27T19:27:56.594071,393132552,388616472,389748984,204,1398520,2203904,19256,34359738367,268384,16244,6928,9316,108,195781836,193137736,2644100,76,1116540,1091836,8724,197350716,195478736,1871980,128,281980,1112068,10532
2026-08-27T19:27:57.095195,393132552,388616520,389749036,224,1398664,2203904,19256,34359738367,268352,16244,6928,9316,108,195781836,193137736,2644100,84,1116612,1091836,8724,197350716,195478784,1871932,140,282052,1112068,10532
2026-08-27T19:27:57.596327,393132552,388616004,389748520,224,1398460,2203904,19244,34359738367,268368,16244,6928,9316,108,195781836,193137736,2644100,84,1116520,1091836,8724,197350716,195478268,1872448,140,281940,1112068,10520
2026-08-27T19:27:58.097522,393132552,388617188,389749716,228,1398604,2203904,19244,34359738367,268304,16244,6928,9316,108,195781836,193137736,2644100,84,1116596,1091836,8724,197350716,195479452,1871264,144,282008,1112068,10520
2026-08-27T19:27:58.598390,393132552,388615748,389748288,228,1398324,2203904,19256,34359738367,268368,16244,6928,9316,108,195781836,193137736,2644100,84,1116436,1091836,8724,197350716,195478012,1872704,144,281888,1112068,10532
2026-08-27T19:27:59.099511,393132552,388616548,389749088,232,1398476,2203904,19256,34359738367,267616,16244,6928,9316,108,195781836,193137736,2644100,84,1116512,1091836,8724,197350716,195478812,1871904,148,281964,1112068,10532
2026-08-27T19:27:59.600578,393132552,388615672,389748212,232,1398372,2203904,19256,34359738367,268352,16244,6928,9316,108,195781836,193137736,2644100,84,1116460,1091836,8724,197350716,195477936,1872780,148,281912,1112068,10532
2026-08-27T19:28:00.101799,393132552,388613796,389746336,236,1398544,2203904,19256,34359738367,268368,16244,6928,9316,108,195781836,193137484,2644352,84,1116548,1091836,8724,197350716,195476312,1874404,152,281996,1112068,10532
2026-08-27T19:28:00.602990,393132552,388614288,389746828,236,1398416,2203904,19256,34359738367,268336,16244,6928,9316,108,195781836,193137484,2644352,84,1116484,1091836,8724,197350716,195476804,1873912,152,281932,1112068,10532
2026-08-27T19:28:01.104119,393132552,388615108,389747648,240,1398592,2203904,19256,34359738367,268368,16244,6928,9316,108,195781836,193137484,2644352,84,1116576,1091836,8724,197350716,195477624,1873092,156,282016,1112068,10532
2026-08-27T19:28:01.605258,393132552,388615048,389747588,240,1398448,2203904,19256,34359738367,268256,16244,6928,9316,108,195781836,193137484,2644352,84,1116504,1091836,8724,197350716,195477564,1873152,156,281944,1112068,10532
2026-08-27T19:28:02.106074,393132552,388614860,389747464,244,1398640,2203904,19256,34359738367,268368,16244,6928,9316,108,195781836,193137484,2644352,84,1116600,1091836,8724,197350716,195477376,1873340,160,282040,1112068,10532
2026-08-27T19:28:02.607220,393132552,388613172,389745776,252,1398496,2203904,19256,34359738367,268480,16244,6928,9316,108,195781836,193137524,2644312,92,1116524,1091836,8724,197350716,195475648,1875068,160,281972,1112068,10532
2026-08-27T19:28:03.108316,393132552,388613332,389745944,112,1398664,2203904,19256,34359738367,268352,16244,6928,9316,108,195781836,193137524,2644312,68,1116612,1091836,8724,197350716,195475808,1874908,44,282052,1112068,10532
2026-08-27T19:28:03.609526,393132552,388612224,389744836,112,1398524,2203904,19256,34359738367,268368,16244,6928,9316,108,195781836,193137524,2644312,68,1116540,1091836,8724,197350716,195474700,1876016,44,281984,1112068,10532
2026-08-27T19:28:04.110681,393132552,388612596,389745208,124,1398672,2203904,19256,34359738367,268336,16244,6928,9316,108,195781836,193137524,2644312,68,1116612,1091836,8724,197350716,195475072,1875644,56,282060,1112068,10532
2026-08-27T19:28:04.611806,393132552,388612484,389745100,124,1398308,2203904,19256,34359738367,268352,16244,6928,9316,108,195781836,193137524,2644312,68,1116428,1091836,8724,197350716,195474960,1875756,56,281880,1112068,10532
2026-08-27T19:28:05.117373,393132552,388613812,389746428,160,1398464,2203904,19256,34359738367,267952,16244,6928,9316,108,195781836,193137524,2644312,84,1116508,1091836,8724,197350716,195476288,1874428,76,281956,1112068,10532
2026-08-27T19:28:05.618110,393132552,389526048,389758060,160,482160,399968,19000,34359738367,267376,16244,6928,9316,108,195781836,194038408,1743428,84,213688,188896,8724,197350716,195487640,1863076,76,267464,209560,10276
2026-08-27T19:28:06.118793,393132552,389913220,389948924,164,180152,185804,10428,34359738367,265312,16244,6928,9316,108,195781836,194213800,1568036,84,94616,83056,5196,197350716,195702948,1647768,80,85536,102748,5232
2026-08-27T19:28:06.619545,393132552,391856676,390335416,280,178956,185404,9788,34359738367,265280,16244,6928,9316,108,195781836,195169220,612616,164,93904,82552,4776,197350716,196687456,663260,116,85052,102852,5012
2026-08-27T19:28:07.120189,393132552,391858892,390337352,72,177928,185448,9256,34359738367,265280,16244,6928,9316,108,195781836,195169532,612304,52,93768,82552,4664,197350716,196689360,661356,20,84160,102896,4592
2026-08-27T19:28:07.620854,393132552,391860964,390339000,84,177676,185064,9200,34359738367,265280,16244,6928,9316,108,195781836,195170052,611784,64,93516,82168,4608,197350716,196690912,659804,20,84160,102896,4592
2026-08-27T19:28:08.121510,393132552,391861600,390339636,88,177676,185064,9200,34359738367,265280,16244,6928,9316,108,195781836,195170052,611784,64,93516,82168,4608,197350716,196691548,659168,24,84160,102896,4592
2026-08-27T19:28:08.622102,393132552,391862544,390340580,88,177676,185064,9200,34359738367,265280,16244,6928,9316,108,195781836,195170052,611784,64,93516,82168,4608,197350716,196692492,658224,24,84160,102896,4592
2026-08-27T19:28:09.122689,393132552,391862640,390340676,104,177676,185064,9200,34359738367,265280,16244,6928,9316,108,195781836,195170052,611784,64,93516,82168,4608,197350716,196692588,658128,40,84160,102896,4592
2026-08-27T19:28:09.623204,393132552,391863248,390341284,104,177676,185064,9200,34359738367,265280,16244,6928,9316,108,195781836,195170304,611532,64,93516,82168,4608,197350716,196692944,657772,40,84160,102896,4592
2026-08-27T19:28:10.124016,393132552,391864180,390342216,104,177676,185064,9200,34359738367,265280,16244,6928,9316,108,195781836,195170308,611528,64,93516,82168,4608,197350716,196693872,656844,40,84160,102896,4592
2026-08-27T19:28:10.624574,393132552,391864196,390342232,108,177676,185064,9200,34359738367,265280,16244,6928,9316,108,195781836,195170308,611528,64,93516,82168,4608,197350716,196693888,656828,44,84160,102896,4592
2026-08-27T19:28:11.125097,393132552,391864452,390342488,108,177676,185064,9200,34359738367,265280,16244,6928,9316,108,195781836,195170308,611528,64,93516,82168,4608,197350716,196694144,656572,44,84160,102896,4592
2026-08-27T19:28:11.625660,393132552,391864452,390342488,132,177676,185064,9200,34359738367,265280,16244,6928,9316,108,195781836,195170308,611528,84,93516,82168,4608,197350716,196694144,656572,48,84160,102896,4592
2026-08-27T19:28:12.126290,393132552,391864452,390342488,136,177676,185064,9200,34359738367,265280,16244,6928,9316,108,195781836,195170308,611528,84,93516,82168,4608,197350716,196694144,656572,52,84160,102896,4592
2026-08-27T19:28:12.626823,393132552,391864704,390342740,140,177676,185064,9200,34359738367,265280,16244,6928,9316,108,195781836,195170560,611276,84,93516,82168,4608,197350716,196694144,656572,56,84160,102896,4592
2026-08-27T19:28:13.127558,393132552,391864956,390342992,144,177676,185064,9200,34359738367,265280,16244,6928,9316,108,195781836,195170560,611276,84,93516,82168,4608,197350716,196694396,656320,60,84160,102896,4592
2026-08-27T19:28:13.628248,393132552,391864956,390342992,152,177676,185064,9200,34359738367,265280,16244,6928,9316,108,195781836,195170560,611276,92,93516,82168,4608,197350716,196694396,656320,60,84160,102896,4592
2026-08-27T19:28:14.128763,393132552,391864956,390342992,156,177676,185064,9200,34359738367,265280,16244,6928,9316,108,195781836,195170560,611276,92,93516,82168,4608,197350716,196694396,656320,64,84160,102896,4592
2026-08-27T19:28:14.629303,393132552,391865208,390343244,156,177676,185064,9200,34359738367,265280,16244,6928,9316,108,195781836,195170812,611024,92,93516,82168,4608,197350716,196694396,656320,64,84160,102896,4592
2026-08-27T19:28:15.129838,393132552,391865208,390343244,164,177676,185064,9200,34359738367,265280,16244,6928,9316,108,195781836,195170812,611024,92,93516,82168,4608,197350716,196694396,656320,72,84160,102896,4592
2026-08-27T19:28:15.630538,393132552,391865208,390343244,164,177676,185064,9200,34359738367,265280,16244,6928,9316,108,195781836,195170812,611024,92,93516,82168,4608,197350716,196694396,656320,72,84160,102896,4592
2026-08-27T19:28:16.131066,393132552,391865460,390343496,168,177676,185064,9200,34359738367,265280,16244,6928,9316,108,195781836,195170812,611024,92,93516,82168,4608,197350716,196694648,656068,76,84160,102896,4592
2026-08-27T19:28:16.631730,393132552,391865460,390343496,172,177676,185064,9200,34359738367,265280,16244,6928,9316,108,195781836,195170812,611024,92,93516,82168,4608,197350716,196694648,656068,80,84160,102896,4592
2026-08-27T19:28:17.132282,393132552,391865460,390343496,172,177676,185064,9200,34359738367,265280,16244,6928,9316,108,195781836,195170812,611024,92,93516,82168,4608,197350716,196694648,656068,80,84160,102896,4592
2026-08-27T19:28:17.632912,393132552,391865712,390343748,172,177676,185064,9200,34359738367,265280,16244,6928,9316,108,195781836,195171064,610772,92,93516,82168,4608,197350716,196694648,656068,80,84160,102896,4592
2026-08-27T19:28:18.133722,393132552,391865712,390343748,176,177676,185064,9200,34359738367,265280,16244,6928,9316,108,195781836,195171064,610772,92,93516,82168,4608,197350716,196694648,656068,84,84160,102896,4592
2026-08-27T19:28:18.634240,393132552,391865712,390343748,176,177676,185064,9200,34359738367,265280,16244,6928,9316,108,195781836,195171064,610772,92,93516,82168,4608,197350716,196694648,656068,84,84160,102896,4592
2026-08-27T19:28:19.135053,393132552,391865964,390344000,180,177676,185064,9200,34359738367,265280,16244,6928,9316,108,195781836,195171064,610772,92,93516,82168,4608,197350716,196694900,655816,88,84160,102896,4592
2026-08-27T19:28:19.635589,393132552,391865964,390344000,192,177676,185064,9200,34359738367,265280,16244,6928,9316,108,195781836,195171064,610772,100,93516,82168,4608,197350716,196694900,655816,92,84160,102896,4592
2026-08-27T19:28:20.136191,393132552,391865964,390344000,192,177676,185064,9200,34359738367,265280,16244,6928,9316,108,195781836,195171064,610772,100,93516,82168,4608,197350716,196694900,655816,92,84160,102896,4592
2026-08-27T19:28:20.636810,393132552,391866216,390344252,200,177676,185064,9200,34359738367,265280,16244,6928,9316,108,195781836,195171316,610520,100,93516,82168,4608,197350716,196694900,655816,100,84160,102896,4592
2026-08-27T19:28:21.137491,393132552,391866216,390344252,200,177676,185064,9200,34359738367,265280,16244,6928,9316,108,195781836,195171316,610520,100,93516,82168,4608,197350716,196694900,655816,100,84160,102896,4592
2026-08-27T19:28:21.638023,393132552,391866216,390344252,200,177676,185064,9200,34359738367,265280,16244,6928,9316,108,195781836,195171316,610520,100,93516,82168,4608,197350716,196694900,655816,100,84160,102896,4592
2026-08-27T19:28:22.138562,393132552,391866468,390344504,204,177676,185064,9200,34359738367,265280,16244,6928,9316,108,195781836,195171316,610520,100,93516,82168,4608,197350716,196695152,655564,104,84160,102896,4592
2026-08-27T19:28:22.639118,393132552,391866468,390344504,208,177676,185064,9200,34359738367,265280,16244,6928,9316,108,195781836,195171316,610520,100,93516,82168,4608,197350716,196695152,655564,108,84160,102896,4592
2026-08-27T19:28:23.139891,393132552,391866468,390344504,212,177676,185064,9200,34359738367,265280,16244,6928,9316,108,195781836,195171316,610520,100,93516,82168,4608,197350716,196695152,655564,112,84160,102896,4592
2026-08-27T19:28:23.640614,393132552,391866720,390344756,216,177676,185064,9200,34359738367,265280,16244,6928,9316,108,195781836,195171568,610268,100,93516,82168,4608,197350716,196695152,655564,116,84160,102896,4592
2026-08-27T19:28:24.141303,393132552,391866720,390344756,216,177676,185064,9200,34359738367,265280,16244,6928,9316,108,195781836,195171568,610268,100,93516,82168,4608,197350716,196695152,655564,116,84160,102896,4592
2026-08-27T19:28:24.641821,393132552,391866720,390344756,220,177676,185064,9200,34359738367,265280,16244,6928,9316,108,195781836,195171568,610268,100,93516,82168,4608,197350716,196695152,655564,120,84160,102896,4592
2026-08-27T19:28:25.142350,393132552,391866972,390345008,220,177676,185064,9200,34359738367,265280,16244,6928,9316,108,195781836,195171568,610268,100,93516,82168,4608,197350716,196695404,655312,120,84160,102896,4592
2026-08-27T19:28:25.643010,393132552,391867224,390345260,220,177676,185064,9200,34359738367,265280,16244,6928,9316,108,195781836,195171820,610016,100,93516,82168,4608,197350716,196695404,655312,120,84160,102896,4592
2026-08-27T19:28:26.143576,393132552,391867224,390345260,224,177676,185064,9200,34359738367,265280,16244,6928,9316,108,195781836,195171820,610016,100,93516,82168,4608,197350716,196695404,655312,124,84160,102896,4592
2026-08-27T19:28:26.644105,393132552,391856640,390336332,240,183220,185568,9204,34359738367,265312,16244,6928,9316,108,195781836,195170812,611024,108,93516,82672,4608,197350716,196685828,664888,132,89704,102896,4596
2026-08-27T19:28:27.145106,393132552,391803468,390295536,216,208868,194136,9156,34359738367,266272,16244,6928,9316,108,195781836,195169552,612284,88,93460,82672,4560,197350716,196633916,716800,128,115408,111464,4596
2026-08-27T19:28:27.645769,393132552,391751048,390256528,84,231140,203540,10052,34359738367,267248,16244,6928,9316,108,195781836,195169256,612580,64,93912,83112,4616,197350716,196581792,768924,20,137228,120428,5436
2026-08-27T19:28:28.146512,393132552,391709216,390227044,84,248284,213620,10052,34359738367,267248,16244,6928,9316,108,195781836,195169256,612580,64,93920,83112,4616,197350716,196539960,810756,20,154364,130508,5436
2026-08-27T19:28:28.647108,393132552,391662324,390190000,88,276580,216644,10556,34359738367,267248,16244,6928,9316,108,195781836,195169256,612580,64,93956,83112,4616,197350716,196493068,857648,24,182624,133532,5940
2026-08-27T19:28:29.147707,393132552,391522140,390091268,56,334376,367572,10900,34359738367,267248,16244,6928,9316,108,195781836,195168752,613084,52,94036,83112,4624,197350716,196353388,997328,4,240340,284460,6276
2026-08-27T19:28:29.648524,393132552,391274188,389954568,64,449228,471940,12236,34359738367,268224,16244,6928,9316,108,195781836,195079308,702528,52,192116,83112,5300,197350716,196194880,1155836,12,257112,388828,6936
2026-08-27T19:28:30.149239,393132552,390987412,389813856,68,579444,633076,17508,34359738367,268224,16244,6928,9316,108,195781836,194953308,828528,52,321572,83112,7756,197350716,196034104,1316612,16,257872,549964,9752
2026-08-27T19:28:30.649944,393132552,390729364,389792912,72,691064,792412,19240,34359738367,268224,16244,6928,9316,108,195781836,194842932,938904,52,432836,83112,8720,197350716,195886432,1464284,20,258228,709300,10520
2026-08-27T19:28:31.150710,393132552,390448132,389791956,72,810748,954472,19240,34359738367,268224,16244,6928,9316,108,195781836,194721972,1059864,52,551364,83112,8720,197350716,195726160,1624556,20,259384,871360,10520
2026-08-27T19:28:31.651514,393132552,390198652,389785316,88,897092,1114700,19240,34359738367,268224,16244,6928,9316,108,195781836,194634780,1147056,64,637556,83112,8720,197350716,195563872,1786844,24,259536,1031588,10520
2026-08-27T19:28:32.152278,393132552,389922208,389791324,92,1018096,1278928,19240,34359738367,268224,16244,6928,9316,108,195781836,194517348,1264488,64,757040,83112,8720,197350716,195404356,1946360,28,261056,1195816,10520
2026-08-27T19:28:32.652992,393132552,389606712,389784360,108,1170276,1439152,19240,34359738367,268224,16244,6928,9316,108,195781836,194363636,1418200,64,908752,83112,8720,197350716,195242572,2108144,44,261524,1356040,10520
2026-08-27T19:28:33.153769,393132552,389306364,389785556,108,1313500,1603864,19240,34359738367,268224,16244,6928,9316,108,195781836,194225576,1556260,64,1050352,83112,8720,197350716,195080788,2269928,44,263148,1520752,10520
2026-08-27T19:28:33.654517,393132552,389002628,389775440,112,1452644,1765504,19240,34359738367,268224,16244,6928,9316,108,195781836,194087908,1693928,64,1186404,83112,8720,197350716,194914720,2435996,48,266240,1682392,10520
2026-08-27T19:28:34.155282,393132552,388636444,389771732,112,1657416,1934036,19240,34359738367,268224,16244,6928,9316,108,195781836,193886532,1895304,64,1387572,83112,8720,197350716,194749408,2601308,48,269844,1850924,10520
2026-08-27T19:28:34.656113,393132552,388216108,389763372,112,1917416,2098532,19240,34359738367,268256,16244,6928,9316,108,195781836,193635288,2146548,64,1641472,83112,8720,197350716,194580820,2769896,48,276448,2015924,10520
2026-08-27T19:28:35.156896,393132552,387641320,389756912,136,2369468,2225060,19240,34359738367,268256,16244,6928,9316,108,195781836,193185492,2596344,84,2089008,83112,8720,197350716,194455828,2894888,52,280460,2141948,10520
2026-08-27T19:28:35.657955,393132552,387610968,389761868,140,2397324,2234292,19240,34359738367,267584,16244,6928,9316,108,195781836,193160432,2621404,84,2116004,83112,8720,197350716,194450536,2900180,56,281320,2151180,10520
2026-08-27T19:28:36.158699,393132552,387601336,389768732,140,2404776,2242272,19240,34359738367,268400,16244,6928,9316,108,195781836,193155084,2626752,84,2122960,83112,8948,197350716,194446252,2904464,56,281816,2159160,10292
2026-08-27T19:28:36.659745,393132552,387599152,389769176,144,2406372,2242744,19240,34359738367,268496,16244,6928,9316,108,195781836,193153656,2628180,84,2124480,83112,8948,197350716,194445496,2905220,60,281892,2159632,10292
2026-08-27T19:28:37.160767,393132552,387598052,389768536,144,2407136,2242744,19240,34359738367,267488,16244,6928,9316,108,195781836,193152808,2629028,84,2125164,83112,8948,197350716,194445244,2905472,60,281972,2159632,10292
2026-08-27T19:28:37.661564,393132552,387596976,389767572,156,2406512,2242744,19012,34359738367,268448,16244,6928,9316,108,195781836,193151984,2629852,92,2124832,83112,8732,197350716,194444992,2905724,64,281680,2159632,10280
2026-08-27T19:28:38.162599,393132552,387596480,389767628,156,2406576,2242744,19016,34359738367,268448,16244,6928,9316,108,195781836,193151992,2629844,92,2124896,83112,8736,197350716,194444488,2906228,64,281680,2159632,10280
2026-08-27T19:28:38.663658,393132552,387596536,389768008,168,2406668,2242744,19016,34359738367,268480,16244,6928,9316,108,195781836,193151544,2630292,92,2124944,83112,8736,197350716,194444992,2905724,76,281724,2159632,10280
2026-08-27T19:28:39.164718,393132552,387600264,389771992,168,2406900,2242744,19240,34359738367,268416,16244,6928,9316,108,195781836,193151128,2630708,92,2125176,83112,8960,197350716,194449136,2901580,76,281724,2159632,10280
2026-08-27T19:28:39.665652,393132552,387600372,389772100,172,2407004,2242744,19240,34359738367,268480,16244,6928,9316,108,195781836,193149220,2632616,92,2125232,83112,8960,197350716,194451152,2899564,80,281772,2159632,10280
2026-08-27T19:28:40.166699,393132552,387600252,389771980,172,2406932,2242744,19240,34359738367,268480,16244,6928,9316,108,195781836,193148848,2632988,92,2125196,83112,8960,197350716,194451404,2899312,80,281736,2159632,10280
2026-08-27T19:28:40.667757,393132552,387600820,389772912,180,2407084,2242744,19240,34359738367,268384,16244,6928,9316,108,195781836,193149668,2632168,92,2125268,83112,8960,197350716,194451152,2899564,88,281816,2159632,10280
2026-08-27T19:28:41.168593,393132552,387600396,389772576,180,2406608,2242744,19220,34359738367,268432,16244,6928,9316,108,195781836,193148992,2632844,92,2124912,83112,8940,197350716,194451404,2899312,88,281696,2159632,10280
2026-08-27T19:28:41.669694,393132552,387600028,389772208,184,2406944,2242744,19444,34359738367,268464,16244,6928,9316,108,195781836,193147856,2633980,92,2125196,83112,9164,197350716,194452172,2898544,92,281748,2159632,10280
2026-08-27T19:28:42.170712,393132552,387601172,389773352,184,2406880,2242744,19240,34359738367,268256,16244,6928,9316,108,195781836,193147156,2634680,92,2125160,83112,8960,197350716,194454016,2896700,92,281720,2159632,10280
2026-08-27T19:28:42.671494,393132552,387601412,389773592,184,2407012,2242744,19240,34359738367,268464,16244,6928,9316,108,195781836,193146324,2635512,92,2125228,83112,8960,197350716,194455088,2895628,92,281784,2159632,10280
2026-08-27T19:28:43.172538,393132552,387600984,389773344,184,2406748,2242744,19240,34359738367,268480,16244,6928,9316,108,195781836,193145716,2636120,92,2125104,83112,8960,197350716,194455268,2895448,92,281644,2159632,10280
2026-08-27T19:28:43.673595,393132552,387601556,389774084,196,2406872,2242744,19240,34359738367,267856,16244,6928,9316,108,195781836,193146072,2635764,92,2125168,83112,8960,197350716,194455484,2895232,104,281704,2159632,10280
2026-08-27T19:28:44.174354,393132552,387600888,389773740,196,2406880,2242744,19240,34359738367,268464,16244,6928,9316,108,195781836,193145180,2636656,92,2125168,83112,8960,197350716,194455708,2895008,104,281712,2159632,10280
2026-08-27T19:28:44.675410,393132552,387600120,389773120,208,2406976,2242744,19240,34359738367,268496,16244,6928,9316,108,195781836,193144236,2637600,92,2125220,83112,8960,197350716,194455884,2894832,116,281756,2159632,10280
2026-08-27T19:28:45.176451,393132552,387599044,389772044,208,2406456,2242744,19220,34359738367,267600,16244,6928,9316,108,195781836,193143284,2638552,92,2124860,83112,8940,197350716,194455760,2894956,116,281596,2159632,10280
2026-08-27T19:28:45.677458,393132552,387598700,389771700,212,2406620,2242744,19220,34359738367,268416,16244,6928,9316,108,195781836,193142812,2639024,92,2124940,83112,8940,197350716,194455888,2894828,120,281680,2159632,10280
2026-08-27T19:28:46.178493,393132552,387603964,389777028,212,2407072,2242744,19240,34359738367,268480,16244,6928,9316,108,195781836,193147820,2634016,92,2125272,83112,8960,197350716,194456144,2894572,120,281800,2159632,10280
2026-08-27T19:28:46.679557,393132552,387602308,389775372,216,2407180,2242744,19240,34359738367,268496,16244,6928,9316,108,195781836,193146160,2635676,92,2125328,83112,8960,197350716,194456148,2894568,124,281852,2159632,10280
2026-08-27T19:28:47.180602,393132552,387602584,389775704,216,2406920,2242744,19240,34359738367,268432,16244,6928,9316,108,195781836,193146688,2635148,92,2125200,83112,8960,197350716,194455896,2894820,124,281720,2159632,10280
2026-08-27T19:28:47.681467,393132552,387601180,389774408,220,2407024,2242744,19240,34359738367,268480,16244,6928,9316,108,195781836,193145536,2636300,92,2125256,83112,8960,197350716,194455644,2895072,128,281768,2159632,10280
2026-08-27T19:28:48.182504,393132552,387600516,389773852,220,2406964,2242744,19240,34359738367,268496,16244,6928,9316,108,195781836,193144840,2636996,92,2125220,83112,8960,197350716,194455676,2895040,128,281744,2159632,10280
2026-08-27T19:28:48.683557,393132552,387600644,389774088,232,2407104,2242744,19240,34359738367,268416,16244,6928,9316,108,195781836,193144968,2636868,100,2125292,83112,8960,197350716,194455676,2895040,132,281812,2159632,10280
2026-08-27T19:28:49.184406,393132552,387600160,389773652,232,2407084,2242744,19240,34359738367,268464,16244,6928,9316,108,195781836,193144696,2637140,100,2125288,83112,8960,197350716,194455464,2895252,132,281796,2159632,10280
2026-08-27T19:28:49.685527,393132552,387599344,389772836,236,2407204,2242744,19240,34359738367,268480,16244,6928,9316,108,195781836,193143880,2637956,100,2125352,83112,8960,197350716,194455464,2895252,136,281852,2159632,10280
2026-08-27T19:28:50.186555,393132552,387600016,389773604,240,2406980,2242744,19240,34359738367,268224,16244,6928,9316,108,195781836,193144552,2637284,100,2125256,83112,8960,197350716,194455464,2895252,140,281724,2159632,10280
2026-08-27T19:28:50.687347,393132552,387598344,389772020,248,2407120,2242744,19240,34359738367,268464,16244,6928,9316,108,195781836,193142880,2638956,100,2125332,83112,8960,197350716,194455464,2895252,148,281788,2159632,10280
2026-08-27T19:28:51.188395,393132552,387597144,389770864,248,2407092,2242744,19240,34359738367,268480,16244,6928,9316,108,195781836,193141680,2640156,100,2125312,83112,8960,197350716,194455464,2895252,148,281780,2159632,10280
2026-08-27T19:28:51.689467,393132552,387597432,389771152,252,2407204,2242744,19240,34359738367,267824,16244,6928,9316,108,195781836,193141936,2639900,100,2125376,83112,8960,197350716,194455496,2895220,152,281828,2159632,10280
2026-08-27T19:28:52.190225,393132552,387597252,389771052,252,2406976,2242744,19240,34359738367,268432,16244,6928,9316,108,195781836,193141676,2640160,100,2125264,83112,8960,197350716,194455576,2895140,152,281712,2159632,10280
2026-08-27T19:28:52.691283,393132552,387596608,389770500,256,2407084,2242744,19240,34359738367,268464,16244,6928,9316,108,195781836,193141032,2640804,100,2125320,83112,8960,197350716,194455576,2895140,156,281764,2159632,10280
2026-08-27T19:28:53.192316,393132552,387596800,389770716,256,2406528,2242744,19216,34359738367,267536,16244,6928,9316,108,195781836,193141196,2640640,100,2124924,83112,8936,197350716,194455604,2895112,156,281604,2159632,10280
2026-08-27T19:28:53.693108,393132552,387596684,389770600,260,2406676,2242744,19216,34359738367,268416,16244,6928,9316,108,195781836,193141076,2640760,100,2125000,83112,8936,197350716,194455608,2895108,160,281676,2159632,10280
2026-08-27T19:28:54.194182,393132552,387594700,389768720,260,2407148,2242744,19240,34359738367,268464,16244,6928,9316,108,195781836,193139592,2642244,100,2125352,83112,8960,197350716,194455108,2895608,160,281796,2159632,10280
2026-08-27T19:28:54.695266,393132552,387593024,389767108,268,2407236,2242744,19240,34359738367,268496,16244,6928,9316,108,195781836,193137916,2643920,108,2125392,83112,8960,197350716,194455108,2895608,160,281844,2159632,10280
2026-08-27T19:28:55.196369,393132552,387593968,389768068,268,2406996,2242744,19240,34359738367,268432,16244,6928,9316,108,195781836,193138812,2643024,108,2125272,83112,8960,197350716,194455156,2895560,160,281724,2159632,10280
2026-08-27T19:28:55.697391,393132552,387593580,389767680,280,2407104,2242744,19240,34359738367,268480,16244,6928,9316,108,195781836,193138424,2643412,108,2125328,83112,8960,197350716,194455156,2895560,172,281776,2159632,10280
2026-08-27T19:28:56.198481,393132552,387592492,389766600,280,2407036,2242744,19240,34359738367,268480,16244,6928,9316,108,195781836,193137124,2644712,108,2125292,83112,8960,197350716,194455368,2895348,172,281744,2159632,10280
2026-08-27T19:28:56.699553,393132552,387592464,389766572,284,2407180,2242744,19240,34359738367,268400,16244,6928,9316,108,195781836,193137064,2644772,108,2125364,83112,8960,197350716,194455400,2895316,176,281816,2159632,10280
2026-08-27T19:28:57.200388,393132552,387591552,389765676,284,2407112,2242744,19240,34359738367,268480,16244,6928,9316,108,195781836,193136112,2645724,108,2125316,83112,8960,197350716,194455440,2895276,176,281796,2159632,10280
2026-08-27T19:28:57.701489,393132552,387590816,389764940,288,2407216,2242744,19240,34359738367,268480,16244,6928,9316,108,195781836,193135376,2646460,108,2125368,83112,8960,197350716,194455440,2895276,180,281848,2159632,10280
2026-08-27T19:28:58.202497,393132552,387591696,389765824,288,2407008,2242744,19240,34359738367,268336,16244,6928,9316,108,195781836,193136256,2645580,108,2125280,83112,8960,197350716,194455440,2895276,180,281728,2159632,10280
2026-08-27T19:28:58.703300,393132552,387591296,389765428,292,2407120,2242744,19240,34359738367,268464,16244,6928,9316,108,195781836,193135856,2645980,108,2125336,83112,8960,197350716,194455440,2895276,184,281784,2159632,10280
2026-08-27T19:28:59.204349,393132552,387590132,389764268,296,2407080,2242744,19240,34359738367,268480,16244,6928,9316,108,195781836,193134944,2646892,108,2125316,83112,8960,197350716,194455188,2895528,188,281764,2159632,10280
2026-08-27T19:28:59.705420,393132552,387590388,389764528,300,2407212,2242744,19240,34359738367,268080,16244,6928,9316,108,195781836,193135200,2646636,108,2125380,83112,8960,197350716,194455188,2895528,192,281832,2159632,10280
2026-08-27T19:29:00.206175,393132552,387588712,389762856,88,2406976,2242744,19444,34359738367,268432,16244,6928,9316,108,195781836,193133520,2648316,36,2125264,83112,9164,197350716,194455192,2895524,52,281712,2159632,10280
2026-08-27T19:29:00.707226,393132552,387588232,389762388,144,2407080,2242744,19444,34359738367,268464,16244,6928,9316,108,195781836,193133040,2648796,76,2125320,83112,9164,197350716,194455192,2895524,68,281760,2159632,10280
2026-08-27T19:29:01.208269,393132552,387588664,389762820,148,2406952,2242744,19240,34359738367,267616,16244,6928,9316,108,195781836,193133652,2648184,76,2125240,83112,8960,197350716,194455012,2895704,72,281712,2159632,10280
2026-08-27T19:29:01.709018,393132552,387588136,389763324,160,2407084,2242744,19240,34359738367,268448,16244,6928,9316,108,195781836,193132872,2648964,76,2125312,83112,8960,197350716,194455012,2895704,84,281776,2159632,10280
2026-08-27T19:29:02.210097,393132552,387585612,389760860,160,2406888,2242744,19240,34359738367,268480,16244,6928,9316,108,195781836,193130600,2651236,76,2125228,83112,8960,197350716,194455012,2895704,84,281660,2159632,10280
2026-08-27T19:29:02.711147,393132552,387585852,389761100,160,2406992,2242744,19240,34359738367,268512,16244,6928,9316,108,195781836,193130840,2650996,76,2125276,83112,8960,197350716,194455012,2895704,84,281716,2159632,10280
2026-08-27T19:29:03.212180,393132552,387585524,389760772,160,2406988,2242744,19240,34359738367,268416,16244,6928,9316,108,195781836,193130712,2651124,76,2125272,83112,8960,197350716,194454812,2895904,84,281716,2159632,10280
2026-08-27T19:29:03.713014,393132552,387585532,389760784,164,2407104,2242744,19240,34359738367,268480,16244,6928,9316,108,195781836,193130720,2651116,76,2125328,83112,8960,197350716,194454812,2895904,88,281776,2159632,10280
2026-08-27T19:29:04.214105,393132552,387583532,389758784,164,2406804,2242744,19240,34359738367,268496,16244,6928,9316,108,195781836,193128720,2653116,76,2125180,83112,8960,197350716,194454812,2895904,88,281624,2159632,10280
2026-08-27T19:29:04.715116,393132552,387583776,389759028,168,2406944,2242744,19240,34359738367,268432,16244,6928,9316,108,195781836,193128964,2652872,76,2125256,83112,8960,197350716,194454812,2895904,92,281688,2159632,10280
2026-08-27T19:29:05.215941,393132552,387582840,389758132,64,2406980,2242744,19240,34359738367,268480,16244,6928,9316,108,195781836,193128004,2653832,32,2125288,83112,8960,197350716,194454836,2895880,32,281692,2159632,10280
2026-08-27T19:29:05.716998,393132552,387581896,389757188,104,2407100,2242744,19240,34359738367,268480,16244,6928,9316,108,195781836,193127060,2654776,60,2125352,83112,8960,197350716,194454836,2895880,44,281748,2159632,10280
2026-08-27T19:29:06.218071,393132552,387581456,389756748,104,2407064,2242744,19240,34359738367,268336,16244,6928,9316,108,195781836,193126872,2654964,60,2125336,83112,8960,197350716,194454584,2896132,44,281728,2159632,10280
2026-08-27T19:29:06.718862,393132552,387581304,389756688,108,2407168,2242744,19240,34359738367,268432,16244,6928,9316,108,195781836,193126720,2655116,60,2125388,83112,8960,197350716,194454584,2896132,48,281780,2159632,10280
2026-08-27T19:29:07.219906,393132552,387580904,389756288,108,2407132,2242744,19240,34359738367,268464,16244,6928,9316,108,195781836,193126256,2655580,60,2125368,83112,8960,197350716,194454648,2896068,48,281764,2159632,10280
2026-08-27T19:29:07.720937,393132552,387581116,389756500,124,2407256,2242744,19240,34359738367,268256,16244,6928,9316,108,195781836,193126468,2655368,60,2125428,83112,8960,197350716,194454648,2896068,64,281828,2159632,10280
2026-08-27T19:29:08.221743,393132552,387580208,389755592,124,2407028,2242744,19444,34359738367,268432,16244,6928,9316,108,195781836,193125560,2656276,60,2125324,83112,9164,197350716,194454648,2896068,64,281704,2159632,10280
2026-08-27T19:29:08.722782,393132552,387578484,389753868,132,2407148,2242744,19444,34359738367,268480,16244,6928,9316,108,195781836,193123832,2658004,60,2125380,83112,9164,197350716,194454652,2896064,72,281768,2159632,10280
2026-08-27T19:29:09.223816,393132552,387578392,389753776,132,2407012,2242744,19240,34359738367,267680,16244,6928,9316,108,195781836,193123740,2658096,60,2125304,83112,8960,197350716,194454652,2896064,72,281708,2159632,10280
2026-08-27T19:29:09.724658,393132552,387577972,389753356,136,2407148,2242744,19240,34359738367,268464,16244,6928,9316,108,195781836,193123572,2658264,60,2125376,83112,8960,197350716,194454400,2896316,76,281772,2159632,10280
2026-08-27T19:29:10.225761,393132552,387576704,389752088,136,2406976,2242744,19240,34359738367,268480,16244,6928,9316,108,195781836,193122280,2659556,60,2125296,83112,8960,197350716,194454424,2896292,76,281680,2159632,10280
2026-08-27T19:29:10.727055,393132552,387576764,389752148,136,2407052,2242744,19240,34359738367,268496,16244,6928,9316,108,195781836,193122336,2659500,60,2125336,83112,8960,197350716,194454428,2896288,76,281716,2159632,10280
2026-08-27T19:29:11.228072,393132552,387577504,389752932,136,2407056,2242744,19240,34359738367,268432,16244,6928,9316,108,195781836,193122780,2659056,60,2125340,83112,8960,197350716,194454724,2895992,76,281716,2159632,10280
2026-08-27T19:29:11.728895,393132552,387575296,389750724,148,2407176,2242744,19240,34359738367,268480,16244,6928,9316,108,195781836,193120572,2661264,68,2125396,83112,8960,197350716,194454724,2895992,80,281780,2159632,10280
2026-08-27T19:29:12.229990,393132552,387574724,389750152,148,2406864,2242744,19240,34359738367,268496,16244,6928,9316,108,195781836,193120000,2661836,68,2125244,83112,8960,197350716,194454724,2895992,80,281620,2159632,10280
2026-08-27T19:29:12.731010,393132552,387575716,389751144,152,2407012,2242744,19240,34359738367,268400,16244,6928,9316,108,195781836,193120992,2660844,68,2125320,83112,8960,197350716,194454724,2895992,84,281692,2159632,10280
2026-08-27T19:29:13.231833,393132552,387574480,389749908,152,2407008,2242744,19240,34359738367,268464,16244,6928,9316,108,195781836,193119756,2662080,68,2125316,83112,8960,197350716,194454724,2895992,84,281692,2159632,10280
2026-08-27T19:29:13.732893,393132552,387574248,389749676,164,2407120,2242744,19240,34359738367,268480,16244,6928,9316,108,195781836,193119524,2662312,68,2125376,83112,8960,197350716,194454724,2895992,96,281744,2159632,10280
2026-08-27T19:29:14.233935,393132552,387574876,389750316,164,2407144,2242744,19240,34359738367,268208,16244,6928,9316,108,195781836,193120148,2661688,68,2125408,83112,8960,197350716,194454728,2895988,96,281736,2159632,10280
2026-08-27T19:29:14.734710,393132552,387573048,389748488,168,2407244,2242744,19240,34359738367,268464,16244,6928,9316,108,195781836,193118320,2663516,68,2125460,83112,8960,197350716,194454728,2895988,100,281784,2159632,10280
2026-08-27T19:29:15.235751,393132552,387572572,389748012,168,2406964,2242744,19240,34359738367,268480,16244,6928,9316,108,195781836,193117844,2663992,68,2125324,83112,8960,197350716,194454728,2895988,100,281640,2159632,10280
2026-08-27T19:29:15.736760,393132552,387572908,389748348,172,2407100,2242744,19240,34359738367,267952,16244,6928,9316,108,195781836,193118180,2663656,68,2125392,83112,8960,197350716,194454728,2895988,104,281708,2159632,10280
2026-08-27T19:29:16.237579,393132552,387572068,389747508,172,2407100,2242744,19240,34359738367,268464,16244,6928,9316,108,195781836,193117316,2664520,68,2125396,83112,8960,197350716,194454752,2895964,104,281704,2159632,10280
2026-08-27T19:29:16.738629,393132552,387570512,389745984,184,2407232,2242744,19240,34359738367,268480,16244,6928,9316,108,195781836,193115760,2666076,76,2125460,83112,8960,197350716,194454752,2895964,108,281772,2159632,10280
2026-08-27T19:29:17.239682,393132552,387571620,389747092,188,2407092,2242744,19240,34359738367,267584,16244,6928,9316,108,195781836,193116836,2665000,76,2125376,83112,8960,197350716,194454784,2895932,112,281716,2159632,10280
2026-08-27T19:29:17.740471,393132552,387570976,389746448,192,2407220,2242744,19240,34359738367,268432,16244,6928,9316,108,195781836,193116192,2665644,76,2125444,83112,8960,197350716,194454784,2895932,116,281776,2159632,10280
2026-08-27T19:29:18.241559,393132552,387568960,389744436,192,2407332,2242744,19240,34359738367,268464,16244,6928,9316,108,195781836,193114176,2667660,76,2125452,83112,8960,197350716,194454784,2895932,116,281880,2159632,10280
2026-08-27T19:29:18.742560,393132552,387569600,389745132,192,2407432,2242744,19240,34359738367,268176,16244,6928,9316,108,195781836,193114816,2667020,76,2125480,83112,8960,197350716,194454784,2895932,116,281952,2159632,10280
2026-08-27T19:29:19.243602,393132552,387569624,389745156,192,2407300,2242744,19240,34359738367,268464,16244,6928,9316,108,195781836,193114840,2666996,76,2125404,83112,8960,197350716,194454784,2895932,116,281896,2159632,10280
2026-08-27T19:29:19.744678,393132552,387570024,389745556,204,2407416,2242744,19240,34359738367,267936,16244,6928,9316,108,195781836,193115240,2666596,76,2125476,83112,8960,197350716,194454784,2895932,128,281940,2159632,10280
2026-08-27T19:29:20.245598,393132552,387569336,389744876,204,2406900,2242744,19012,34359738367,268464,16244,6928,9316,108,195781836,193114552,2667284,76,2125192,83112,8732,197350716,194454784,2895932,128,281708,2159632,10280
2026-08-27T19:29:20.746674,393132552,387568584,389744152,208,2407012,2242744,19012,34359738367,268480,16244,6928,9316,108,195781836,193113800,2668036,76,2125244,83112,8732,197350716,194454784,2895932,132,281768,2159632,10280
2026-08-27T19:29:21.247761,393132552,387568844,389744412,208,2407204,2242744,19240,34359738367,267488,16244,6928,9316,108,195781836,193114296,2667540,76,2125468,83112,8960,197350716,194454548,2896168,132,281736,2159632,10280
2026-08-27T19:29:21.748719,393132552,387569308,389744876,212,2407344,2242744,19240,34359738367,268432,16244,6928,9316,108,195781836,193114760,2667076,76,2125536,83112,8960,197350716,194454548,2896168,136,281808,2159632,10280
2026-08-27T19:29:22.249850,393132552,387567156,389742740,212,2407096,2242744,19240,34359738367,268464,16244,6928,9316,108,195781836,193112604,2669232,76,2125416,83112,8960,197350716,194454552,2896164,136,281680,2159632,10280
2026-08-27T19:29:22.750937,393132552,387566900,389742484,224,2407192,2242744,19240,34359738367,268496,16244,6928,9316,108,195781836,193112348,2669488,84,2125464,83112,8960,197350716,194454552,2896164,140,281728,2159632,10280
2026-08-27T19:29:23.252017,393132552,387567832,389743440,224,2407184,2242744,19240,34359738367,268448,16244,6928,9316,108,195781836,193113004,2668832,84,2125460,83112,8960,197350716,194454828,2895888,140,281724,2159632,10280
2026-08-27T19:29:23.752874,393132552,387566968,389742576,228,2407288,2242744,19240,34359738367,268480,16244,6928,9316,108,195781836,193112140,2669696,84,2125508,83112,8960,197350716,194454828,2895888,144,281780,2159632,10280
2026-08-27T19:29:24.254019,393132552,387565416,389741024,228,2406996,2242744,19240,34359738367,268480,16244,6928,9316,108,195781836,193110588,2671248,84,2125376,83112,8960,197350716,194454828,2895888,144,281620,2159632,10280
2026-08-27T19:29:24.755109,393132552,387565944,389741552,232,2407132,2242744,19240,34359738367,268416,16244,6928,9316,108,195781836,193111116,2670720,84,2125444,83112,8960,197350716,194454828,2895888,148,281688,2159632,10280
2026-08-27T19:29:25.255951,393132552,387565264,389740872,232,2407120,2242744,19240,34359738367,268464,16244,6928,9316,108,195781836,193110396,2671440,84,2125432,83112,8960,197350716,194454868,2895848,148,281688,2159632,10280
2026-08-27T19:29:25.757055,393132552,387564988,389740596,244,2407240,2242744,19240,34359738367,268448,16244,6928,9316,108,195781836,193110120,2671716,84,2125488,83112,8960,197350716,194454868,2895848,160,281752,2159632,10280
2026-08-27T19:29:26.258197,393132552,387565472,389741080,244,2407216,2242744,19240,34359738367,268320,16244,6928,9316,108,195781836,193110604,2671232,84,2125476,83112,8960,197350716,194454868,2895848,160,281740,2159632,10280
2026-08-27T19:29:26.759021,393132552,387563516,389739124,248,2407304,2242744,19240,34359738367,268432,16244,6928,9316,108,195781836,193109656,2672180,84,2125524,83112,8960,197350716,194453860,2896856,164,281780,2159632,10280
2026-08-27T19:29:27.260120,393132552,387562592,389738856,248,2407276,2242744,19240,34359738367,268480,16244,6928,9316,108,195781836,193108984,2672852,84,2125504,83112,8960,197350716,194453608,2897108,164,281772,2159632,10280
2026-08-27T19:29:27.761189,393132552,387562992,389739256,252,2407396,2242744,19240,34359738367,267712,16244,6928,9316,108,195781836,193109384,2672452,84,2125564,83112,8960,197350716,194453608,2897108,168,281832,2159632,10280
2026-08-27T19:29:28.262012,393132552,387562700,389738964,252,2406928,2242744,19016,34359738367,268464,16244,6928,9316,108,195781836,193109092,2672744,84,2125224,83112,8736,197350716,194453608,2897108,168,281704,2159632,10280
2026-08-27T19:29:28.763110,393132552,387560832,389737104,264,2407056,2242744,19016,34359738367,268480,16244,6928,9316,108,195781836,193107224,2674612,92,2125280,83112,8736,197350716,194453608,2897108,172,281776,2159632,10280
2026-08-27T19:29:29.264200,393132552,387561536,389737808,264,2407212,2242744,19240,34359738367,267632,16244,6928,9316,108,195781836,193107892,2673944,92,2125472,83112,8960,197350716,194453644,2897072,172,281740,2159632,10280
2026-08-27T19:29:29.764999,393132552,387560432,389736708,268,2407336,2242744,19240,34359738367,268464,16244,6928,9316,108,195781836,193107040,2674796,92,2125532,83112,8960,197350716,194453392,2897324,176,281804,2159632,10280
2026-08-27T19:29:30.266154,393132552,387558524,389734800,268,2407336,2242744,19240,34359738367,268480,16244,6928,9316,108,195781836,193105132,2676704,92,2125532,83112,8960,197350716,194453392,2897324,176,281804,2159632,10280
2026-08-27T19:29:30.767264,393132552,387558548,389734884,272,2407436,2242744,19240,34359738367,268464,16244,6928,9316,108,195781836,193105156,2676680,92,2125580,83112,8960,197350716,194453392,2897324,180,281856,2159632,10280
2026-08-27T19:29:31.268357,393132552,387558424,389734780,84,2407188,2242744,19240,34359738367,268400,16244,6928,9316,108,195781836,193105032,2676804,44,2125468,83112,8960,197350716,194453392,2897324,40,281720,2159632,10280
2026-08-27T19:29:31.769492,393132552,387557944,389734300,132,2407312,2242744,19240,34359738367,268464,16244,6928,9316,108,195781836,193104552,2677284,68,2125528,83112,8960,197350716,194453392,2897324,64,281784,2159632,10280
2026-08-27T19:29:32.270578,393132552,387557128,389733484,132,2406780,2242744,19232,34359738367,268480,16244,6928,9316,108,195781836,193103736,2678100,68,2125148,83112,8952,197350716,194453392,2897324,64,281632,2159632,10280
2026-08-27T19:29:32.771643,393132552,387557128,389733484,136,2406888,2242744,19232,34359738367,268432,16244,6928,9316,108,195781836,193103736,2678100,68,2125204,83112,8952,197350716,194453392,2897324,68,281684,2159632,10280
2026-08-27T19:29:33.272670,393132552,387555992,389732372,136,2407120,2242744,19240,34359738367,268480,16244,6928,9316,108,195781836,193102596,2679240,68,2125432,83112,8960,197350716,194453396,2897320,68,281688,2159632,10280
2026-08-27T19:29:33.777268,393132552,387555416,389731796,148,2407240,2242744,19240,34359738367,268480,16244,6928,9316,108,195781836,193102020,2679816,76,2125484,83112,8960,197350716,194453396,2897320,72,281756,2159632,10280
2026-08-27T19:29:34.278309,393132552,387556028,389732408,148,2407208,2242744,19240,34359738367,268304,16244,6928,9316,108,195781836,193102596,2679240,76,2125476,83112,8960,197350716,194453432,2897284,72,281732,2159632,10280
2026-08-27T19:29:34.779114,393132552,387556360,389732740,152,2407316,2242744,19240,34359738367,268464,16244,6928,9316,108,195781836,193102676,2679160,76,2125528,83112,8960,197350716,194453684,2897032,76,281788,2159632,10280
2026-08-27T19:29:35.280163,393132552,387555544,389731924,156,2407036,2242744,19240,34359738367,268480,16244,6928,9316,108,195781836,193101844,2679992,76,2125392,83112,8960,197350716,194453700,2897016,80,281644,2159632,10280
2026-08-27T19:29:35.781156,393132552,387555552,389731940,160,2407144,2242744,19240,34359738367,268032,16244,6928,9316,108,195781836,193101844,2679992,76,2125444,83112,8960,197350716,194453708,2897008,84,281700,2159632,10280
2026-08-27T19:29:36.281928,393132552,387553532,389729944,108,2407208,2242744,19240,34359738367,268464,16244,6928,9316,108,195781836,193099824,2682012,24,2125496,83112,8960,197350716,194453708,2897008,84,281712,2159632,10280
2026-08-27T19:29:36.782986,393132552,387552840,389729252,112,2407336,2242744,19240,34359738367,268480,16244,6928,9316,108,195781836,193099132,2682704,24,2125560,83112,8960,197350716,194453708,2897008,88,281776,2159632,10280
2026-08-27T19:29:37.284014,393132552,387553696,389730108,128,2407260,2242744,19240,34359738367,267648,16244,6928,9316,108,195781836,193099980,2681856,36,2125520,83112,8960,197350716,194453716,2897000,92,281740,2159632,10280
2026-08-27T19:29:37.784828,393132552,387554352,389730764,140,2407368,2242744,19240,34359738367,268432,16244,6928,9316,108,195781836,193100636,2681200,36,2125568,83112,8960,197350716,194453716,2897000,104,281800,2159632,10280
2026-08-27T19:29:38.285909,393132552,387554044,389730456,140,2407368,2242744,19240,34359738367,268464,16244,6928,9316,108,195781836,193100328,2681508,36,2125572,83112,8960,197350716,194453716,2897000,104,281796,2159632,10280
2026-08-27T19:29:38.786957,393132552,387553032,389729456,144,2407456,2242744,19240,34359738367,268480,16244,6928,9316,108,195781836,193099316,2682520,36,2125612,83112,8960,197350716,194453716,2897000,108,281844,2159632,10280
2026-08-27T19:29:39.288021,393132552,387553004,389729428,144,2407220,2242744,19240,34359738367,268416,16244,6928,9316,108,195781836,193099288,2682548,36,2125504,83112,8960,197350716,194453716,2897000,108,281716,2159632,10280
2026-08-27T19:29:39.789083,393132552,387551304,389727728,156,2407340,2242744,19240,34359738367,268464,16244,6928,9316,108,195781836,193097588,2684248,48,2125564,83112,8960,197350716,194453716,2897000,108,281776,2159632,10280
2026-08-27T19:29:40.290176,393132552,387552032,389728464,156,2407228,2242744,19220,34359738367,268496,16244,6928,9316,108,195781836,193098292,2683544,48,2125480,83112,8940,197350716,194453740,2896976,108,281748,2159632,10280
2026-08-27T19:29:40.791123,393132552,387552624,389729056,160,2407352,2242744,19220,34359738367,268432,16244,6928,9316,108,195781836,193098884,2682952,48,2125500,83112,8940,197350716,194453740,2896976,112,281852,2159632,10280
2026-08-27T19:29:41.292083,393132552,387553092,389729524,108,2407224,2242744,19240,34359738367,267568,16244,6928,9316,108,195781836,193099352,2682484,48,2125384,83112,8960,197350716,194453740,2896976,60,281840,2159632,10280
2026-08-27T19:29:41.792988,393132552,387553344,389729776,112,2407308,2242744,19240,34359738367,268448,16244,6928,9316,108,195781836,193099604,2682232,48,2125428,83112,8960,197350716,194453740,2896976,64,281880,2159632,10280
2026-08-27T19:29:42.294081,393132552,387552200,389728652,124,2407136,2242744,19240,34359738367,268480,16244,6928,9316,108,195781836,193098712,2683124,56,2125468,83112,8960,197350716,194453488,2897228,68,281668,2159632,10280
2026-08-27T19:29:42.795135,393132552,387551624,389728148,128,2407224,2242744,19240,34359738367,268496,16244,6928,9316,108,195781836,193098136,2683700,56,2125508,83112,8960,197350716,194453488,2897228,72,281716,2159632,10280
2026-08-27T19:29:43.296183,393132552,387551896,389728428,128,2407240,2242744,19240,34359738367,268432,16244,6928,9316,108,195781836,193098408,2683428,56,2125520,83112,8960,197350716,194453488,2897228,72,281720,2159632,10280
2026-08-27T19:29:43.797270,393132552,387551024,389727556,144,2407372,2242744,19240,34359738367,268480,16244,6928,9316,108,195781836,193097536,2684300,56,2125580,83112,8960,197350716,194453488,2897228,88,281792,2159632,10280
2026-08-27T19:29:44.298349,393132552,387550548,389727080,148,2407240,2242744,19240,34359738367,268496,16244,6928,9316,108,195781836,193097052,2684784,56,2125500,83112,8960,197350716,194453496,2897220,92,281740,2159632,10280
2026-08-27T19:29:44.799388,393132552,387550548,389727080,152,2407352,2242744,19240,34359738367,268400,16244,6928,9316,108,195781836,193097052,2684784,56,2125556,83112,8960,197350716,194453496,2897220,96,281796,2159632,10280
2026-08-27T19:29:45.300205,393132552,387550464,389726996,152,2407192,2242744,19240,34359738367,268480,16244,6928,9316,108,195781836,193096716,2685120,56,2125496,83112,8960,197350716,194453748,2896968,96,281696,2159632,10280
2026-08-27T19:29:45.801273,393132552,387549036,389725568,164,2407296,2242744,19240,34359738367,268480,16244,6928,9316,108,195781836,193095288,2686548,64,2125544,83112,8960,197350716,194453748,2896968,100,281752,2159632,10280
2026-08-27T19:29:46.302287,393132552,387549864,389726396,164,2407268,2242744,19240,34359738367,268288,16244,6928,9316,108,195781836,193096116,2685720,64,2125532,83112,8960,197350716,194453748,2896968,100,281736,2159632,10280
2026-08-27T19:29:46.803063,393132552,387550208,389726740,184,2407360,2242744,19240,34359738367,268464,16244,6928,9316,108,195781836,193096460,2685376,80,2125568,83112,8960,197350716,194453748,2896968,104,281792,2159632,10280
2026-08-27T19:29:47.304117,393132552,387548916,389725448,184,2407092,2242744,19240,34359738367,268480,16244,6928,9316,108,195781836,193095168,2686668,80,2125444,83112,8960,197350716,194453748,2896968,104,281648,2159632,10280
2026-08-27T19:29:47.805136,393132552,387548996,389725528,184,2407208,2242744,19240,34359738367,267808,16244,6928,9316,108,195781836,193095248,2686588,80,2125500,83112,8960,197350716,194453748,2896968,104,281708,2159632,10280
2026-08-27T19:29:48.305918,393132552,387548664,389725196,184,2407212,2242744,19240,34359738367,268464,16244,6928,9316,108,195781836,193094916,2686920,80,2125504,83112,8960,197350716,194453748,2896968,104,281708,2159632,10280
2026-08-27T19:29:48.806755,393132552,387546852,389723384,196,2407340,2242744,19240,34359738367,268480,16244,6928,9316,108,195781836,193093104,2688732,80,2125564,83112,8960,197350716,194453748,2896968,116,281776,2159632,10280
2026-08-27T19:29:49.307795,393132552,387547284,389723816,196,2407288,2242744,19240,34359738367,267504,16244,6928,9316,108,195781836,193093536,2688300,80,2125540,83112,8960,197350716,194453748,2896968,116,281748,2159632,10280
2026-08-27T19:29:49.808550,393132552,387547508,389724040,200,2407396,2242744,19240,34359738367,268464,16244,6928,9316,108,195781836,193093760,2688076,80,2125592,83112,8960,197350716,194453748,2896968,120,281804,2159632,10280
2026-08-27T19:29:50.309643,393132552,387546088,389722760,200,2407156,2242744,19240,34359738367,268480,16244,6928,9316,108,195781836,193092332,2689504,80,2125460,83112,8960,197350716,194453756,2896960,120,281696,2159632,10280
2026-08-27T19:29:50.810646,393132552,387544828,389722856,212,2407288,2242856,19288,34359738367,267632,16244,6928,9316,108,195781836,193091324,2690512,88,2125544,83172,9008,197350716,194453504,2897212,124,281744,2159684,10280
2026-08-27T19:29:51.311405,393132552,387539788,389720568,212,2407628,2242856,19396,34359738367,268448,16244,6928,9316,108,195781836,193086284,2695552,88,2125904,83172,9116,197350716,194453504,2897212,124,281724,2159684,10280
2026-08-27T19:29:51.812443,393132552,387538404,389719756,220,2407816,2242744,19240,34359738367,268480,16244,6928,9316,108,195781836,193084900,2696936,92,2126020,83112,8960,197350716,194453504,2897212,128,281796,2159632,10280
2026-08-27T19:29:52.313632,393132552,387539156,389720508,228,2407772,2242744,19240,34359738367,267696,16244,6928,9316,108,195781836,193085652,2696184,92,2125992,83112,8960,197350716,194453504,2897212,136,281780,2159632,10280
2026-08-27T19:29:52.814549,393132552,387539008,389720360,232,2407876,2242744,19240,34359738367,268464,16244,6928,9316,108,195781836,193085504,2696332,92,2126044,83112,8960,197350716,194453504,2897212,140,281832,2159632,10280
2026-08-27T19:29:53.315613,393132552,387537788,389719140,236,2407624,2242744,19240,34359738367,268480,16244,6928,9316,108,195781836,193084284,2697552,92,2125920,83112,8960,197350716,194453504,2897212,144,281704,2159632,10280
2026-08-27T19:29:53.816679,393132552,387538068,389719452,240,2407724,2242744,19240,34359738367,268496,16244,6928,9316,108,195781836,193084564,2697272,92,2125972,83112,8960,197350716,194453504,2897212,148,281752,2159632,10280
2026-08-27T19:29:54.317762,393132552,387538720,389720104,240,2407720,2242744,19240,34359738367,268432,16244,6928,9316,108,195781836,193085216,2696620,92,2125972,83112,8960,197350716,194453504,2897212,148,281748,2159632,10280
2026-08-27T19:29:54.818809,393132552,387539064,389720512,252,2407856,2242744,19240,34359738367,268464,16244,6928,9316,108,195781836,193085552,2696284,92,2126032,83112,8960,197350716,194453512,2897204,160,281824,2159632,10280
2026-08-27T19:29:55.319868,393132552,387539220,389720668,252,2407800,2242744,19240,34359738367,268464,16244,6928,9316,108,195781836,193085700,2696136,92,2126016,83112,8960,197350716,194453520,2897196,160,281784,2159632,10280
2026-08-27T19:29:55.820906,393132552,387539832,389721280,252,2408128,2242744,19468,34359738367,268384,16244,6928,9316,108,195781836,193086392,2695444,92,2126292,83112,9188,197350716,194453520,2897196,160,281844,2159632,10280
2026-08-27T19:29:56.321900,393132552,387540656,389722104,252,2407908,2242744,19240,34359738367,268464,16244,6928,9316,108,195781836,193087008,2694828,92,2126064,83112,8960,197350716,194453648,2897068,160,281844,2159632,10280
2026-08-27T19:29:56.822907,393132552,387540036,389717784,264,2404160,2242744,19220,34359738367,267680,16244,6928,9316,108,195781836,193086388,2695448,100,2122412,83112,8940,197350716,194453648,2897068,164,281748,2159632,10280
2026-08-27T19:29:57.323605,393132552,387614692,389706244,264,2320364,2242744,19500,34359738367,268448,16244,6928,9316,108,195781836,193161044,2620792,100,2038256,83112,9168,197350716,194453648,2897068,164,282108,2159632,10332
2026-08-27T19:29:57.824670,393132552,387749872,389703504,272,2199128,2224600,19292,34359738367,268496,16244,6928,9316,108,195781836,193274788,2507048,104,1917060,83112,8960,197350716,194475084,2875632,168,282068,2141488,10332
2026-08-27T19:29:58.325734,393132552,387750720,389704532,272,2198308,2224448,19240,34359738367,268336,16244,6928,9316,108,195781836,193275760,2506076,104,1916532,83112,8960,197350716,194474960,2875756,168,281776,2141336,10280
2026-08-27T19:29:58.826555,393132552,387750848,389704660,276,2198392,2224448,19240,34359738367,268464,16244,6928,9316,108,195781836,193275888,2505948,104,1916568,83112,8960,197350716,194474960,2875756,172,281824,2141336,10280
2026-08-27T19:29:59.327607,393132552,387749932,389703744,276,2198296,2224448,19240,34359738367,268480,16244,6928,9316,108,195781836,193274972,2506864,104,1916512,83112,8960,197350716,194474960,2875756,172,281784,2141336,10280
2026-08-27T19:29:59.828638,393132552,387750192,389704004,276,2198408,2224448,19240,34359738367,268352,16244,6928,9316,108,195781836,193275228,2506608,104,1916568,83112,8960,197350716,194474964,2875752,172,281840,2141336,10280
2026-08-27T19:30:00.329499,393132552,387750876,389704692,276,2198208,2224448,19240,34359738367,268464,16244,6928,9316,108,195781836,193275912,2505924,104,1916480,83112,8960,197350716,194474964,2875752,172,281728,2141336,10280
2026-08-27T19:30:00.830549,393132552,387752076,389705892,288,2198340,2224448,19240,34359738367,268480,16244,6928,9316,108,195781836,193277112,2504724,104,1916540,83112,8960,197350716,194474964,2875752,184,281800,2141336,10280
2026-08-27T19:30:01.331573,393132552,387752836,389706652,288,2198312,2224448,19240,34359738367,268304,16244,6928,9316,108,195781836,193277864,2503972,104,1916532,83112,8960,197350716,194474972,2875744,184,281780,2141336,10280
2026-08-27T19:30:01.832381,393132552,387750876,389704712,180,2198404,2224448,19240,34359738367,268464,16244,6928,9316,108,195781836,193275904,2505932,112,1916576,83112,8960,197350716,194474972,2875744,68,281828,2141336,10280
2026-08-27T19:30:02.333471,393132552,387750612,389704448,184,2198308,2224448,19240,34359738367,268480,16244,6928,9316,108,195781836,193275640,2506196,112,1916516,83112,8960,197350716,194474972,2875744,72,281792,2141336,10280
2026-08-27T19:30:02.834634,393132552,387750676,389704516,116,2198416,2224448,19240,34359738367,268304,16244,6928,9316,108,195781836,193275704,2506132,64,1916572,83112,8960,197350716,194474972,2875744,52,281844,2141336,10280
2026-08-27T19:30:03.335628,393132552,387750988,389704836,160,2198220,2224448,19240,34359738367,268464,16244,6928,9316,108,195781836,193276016,2505820,96,1916492,83112,8960,197350716,194474972,2875744,64,281728,2141336,10280
2026-08-27T19:30:03.836677,393132552,387751376,389705232,164,2198340,2224448,19240,34359738367,268480,16244,6928,9316,108,195781836,193276404,2505432,96,1916544,83112,8960,197350716,194474972,2875744,68,281796,2141336,10280
2026-08-27T19:30:04.337759,393132552,387751968,389705824,164,2198312,2224448,19240,34359738367,268320,16244,6928,9316,108,195781836,193276988,2504848,96,1916540,83112,8960,197350716,194474980,2875736,68,281772,2141336,10280
2026-08-27T19:30:04.838566,393132552,387752820,389706676,168,2198404,2224448,19240,34359738367,268464,16244,6928,9316,108,195781836,193277840,2503996,96,1916572,83112,8960,197350716,194474980,2875736,72,281832,2141336,10280
2026-08-27T19:30:05.339605,393132552,387753152,389707008,168,2198304,2224448,19236,34359738367,268480,16244,6928,9316,108,195781836,193278172,2503664,96,1916516,83112,8956,197350716,194474980,2875736,72,281788,2141336,10280
2026-08-27T19:30:05.840631,393132552,387753416,389707272,172,2198420,2224448,19236,34359738367,268320,16244,6928,9316,108,195781836,193278436,2503400,96,1916576,83112,8956,197350716,194474980,2875736,76,281844,2141336,10280
2026-08-27T19:30:06.341465,393132552,387753264,389707120,172,2198236,2224448,19240,34359738367,268464,16244,6928,9316,108,195781836,193278284,2503552,96,1916500,83112,8960,197350716,194474980,2875736,76,281736,2141336,10280
2026-08-27T19:30:06.842510,393132552,387752352,389706208,184,2198372,2224448,19240,34359738367,268480,16244,6928,9316,108,195781836,193277372,2504464,96,1916572,83112,8960,197350716,194474980,2875736,88,281800,2141336,10280
2026-08-27T19:30:07.343539,393132552,387752444,389706300,184,2198320,2224448,19240,34359738367,268240,16244,6928,9316,108,195781836,193277464,2504372,96,1916540,83112,8960,197350716,194474980,2875736,88,281780,2141336,10280
2026-08-27T19:30:07.844328,393132552,387751820,389705676,192,2198400,2224448,19240,34359738367,268464,16244,6928,9316,108,195781836,193276840,2504996,104,1916572,83112,8960,197350716,194474980,2875736,88,281828,2141336,10280
2026-08-27T19:30:08.345421,393132552,387751572,389705428,192,2198320,2224448,19220,34359738367,268480,16244,6928,9316,108,195781836,193276500,2505336,104,1916528,83112,8940,197350716,194475072,2875644,88,281792,2141336,10280
2026-08-27T19:30:08.846440,393132552,387752080,389705936,196,2198420,2224448,19220,34359738367,268160,16244,6928,9316,108,195781836,193277008,2504828,104,1916576,83112,8940,197350716,194475072,2875644,92,281844,2141336,10280
2026-08-27T19:30:09.347206,393132552,387753812,389707668,196,2198240,2224448,19240,34359738367,268432,16244,6928,9316,108,195781836,193278740,2503096,104,1916500,83112,8960,197350716,194475072,2875644,92,281740,2141336,10280
2026-08-27T19:30:09.848253,393132552,387754628,389708544,200,2198380,2224448,19240,34359738367,268464,16244,6928,9316,108,195781836,193279556,2502280,104,1916568,83112,8960,197350716,194475072,2875644,96,281812,2141336,10280
2026-08-27T19:30:10.349241,393132552,387755188,389709104,200,2198320,2224448,19240,34359738367,267792,16244,6928,9316,108,195781836,193280116,2501720,104,1916544,83112,8960,197350716,194475072,2875644,96,281776,2141336,10280
2026-08-27T19:30:10.850008,393132552,387754560,389708476,204,2198416,2224448,19240,34359738367,268464,16244,6928,9316,108,195781836,193279488,2502348,104,1916584,83112,8960,197350716,194475072,2875644,100,281832,2141336,10280
2026-08-27T19:30:11.351057,393132552,387755304,389709220,204,2197932,2224448,19220,34359738367,268448,16244,6928,9316,108,195781836,193280228,2501608,104,1916232,83112,8940,197350716,194475076,2875640,100,281700,2141336,10280
2026-08-27T19:30:11.852092,393132552,387755352,389709268,208,2198256,2224448,19444,34359738367,267920,16244,6928,9316,108,195781836,193280528,2501308,104,1916512,83112,9164,197350716,194474824,2875892,104,281744,2141336,10280
2026-08-27T19:30:12.352854,393132552,387756320,389710236,160,2198492,2224448,19240,34359738367,268448,16244,6928,9316,108,195781836,193281496,2500340,52,1916628,83112,8960,197350716,194474824,2875892,108,281864,2141336,10280
2026-08-27T19:30:12.853950,393132552,387757200,389711116,172,2198168,2224448,19240,34359738367,268480,16244,6928,9316,108,195781836,193282376,2499460,52,1916468,83112,8960,197350716,194474824,2875892,120,281700,2141336,10280
2026-08-27T19:30:13.357381,393132552,387757472,389711404,184,2198336,2224448,19240,34359738367,267648,16244,6928,9316,108,195781836,193282648,2499188,60,1916548,83112,8960,197350716,194474824,2875892,124,281788,2141336,10280
2026-08-27T19:30:13.858116,393132552,387757240,389711172,200,2198188,2224448,19240,34359738367,268464,16244,6928,9316,108,195781836,193282668,2499168,64,1916472,83112,8960,197350716,194474572,2876144,136,281716,2141336,10280
2026-08-27T19:30:14.359152,393132552,387755720,389709652,200,2198416,2224448,19240,34359738367,268480,16244,6928,9316,108,195781836,193281128,2500708,64,1916584,83112,8960,197350716,194474592,2876124,136,281832,2141336,10280
2026-08-27T19:30:14.860173,393132552,387755528,389709460,204,2198256,2224448,19240,34359738367,267536,16244,6928,9316,108,195781836,193280936,2500900,64,1916508,83112,8960,197350716,194474592,2876124,140,281748,2141336,10280
2026-08-27T19:30:15.360961,393132552,387755816,389709748,204,2198508,2224448,19240,34359738367,268464,16244,6928,9316,108,195781836,193281208,2500628,64,1916632,83112,8960,197350716,194474608,2876108,140,281876,2141336,10280
2026-08-27T19:30:15.862070,393132552,387753576,389707508,204,2198184,2224448,19240,34359738367,268480,16244,6928,9316,108,195781836,193278968,2502868,64,1916472,83112,8960,197350716,194474608,2876108,140,281712,2141336,10280
2026-08-27T19:30:16.363097,393132552,387753992,389707924,204,2198340,2224448,19240,34359738367,267520,16244,6928,9316,108,195781836,193279384,2502452,64,1916548,83112,8960,197350716,194474608,2876108,140,281792,2141336,10280
2026-08-27T19:30:16.863903,393132552,387753628,389707576,208,2198192,2224448,19240,34359738367,268448,16244,6928,9316,108,195781836,193279020,2502816,64,1916480,83112,8960,197350716,194474608,2876108,144,281712,2141336,10280
2026-08-27T19:30:17.364939,393132552,387753604,389707556,144,2198440,2224448,19240,34359738367,268480,16244,6928,9316,108,195781836,193279248,2502588,52,1916604,83112,8960,197350716,194474356,2876360,92,281836,2141336,10280
2026-08-27T19:30:17.866030,393132552,387752404,389706356,148,2198284,2224448,19240,34359738367,268496,16244,6928,9316,108,195781836,193278048,2503788,52,1916528,83112,8960,197350716,194474356,2876360,96,281756,2141336,10280
2026-08-27T19:30:18.367087,393132552,387753304,389707256,148,2198520,2224448,19240,34359738367,268464,16244,6928,9316,108,195781836,193278948,2502888,52,1916640,83112,8960,197350716,194474356,2876360,96,281880,2141336,10280
2026-08-27T19:30:18.868122,393132552,387751964,389705916,172,2198192,2224448,19240,34359738367,268480,16244,6928,9316,108,195781836,193277860,2503976,60,1916476,83112,8960,197350716,194474104,2876612,112,281716,2141336,10280
2026-08-27T19:30:19.369169,393132552,387752276,389706244,196,2198356,2224448,19240,34359738367,268496,16244,6928,9316,108,195781836,193278172,2503664,76,1916552,83112,8960,197350716,194474104,2876612,120,281804,2141336,10280
2026-08-27T19:30:19.870271,393132552,387752340,389706308,200,2198212,2224448,19240,34359738367,268448,16244,6928,9316,108,195781836,193278236,2503600,76,1916488,83112,8960,197350716,194474104,2876612,124,281724,2141336,10280
2026-08-27T19:30:20.371289,393132552,387750708,389704688,200,2198448,2224448,19240,34359738367,268480,16244,6928,9316,108,195781836,193276604,2505232,76,1916604,83112,8960,197350716,194474104,2876612,124,281844,2141336,10280
2026-08-27T19:30:20.872395,393132552,387749500,389703480,200,2198272,2224448,19240,34359738367,268496,16244,6928,9316,108,195781836,193275396,2506440,76,1916516,83112,8960,197350716,194474104,2876612,124,281756,2141336,10280
2026-08-27T19:30:21.373473,393132552,387750520,389704512,204,2198500,2224448,19240,34359738367,268448,16244,6928,9316,108,195781836,193276164,2505672,76,1916628,83112,8960,197350716,194474356,2876360,128,281872,2141336,10280
2026-08-27T19:30:21.874498,393132552,387750284,389704340,208,2198192,2224448,19240,34359738367,268480,16244,6928,9316,108,195781836,193275676,2506160,76,1916476,83112,8960,197350716,194474608,2876108,132,281716,2141336,10280
2026-08-27T19:30:22.375547,393132552,387749132,389703188,204,2198356,2224448,19240,34359738367,268496,16244,6928,9316,108,195781836,193274524,2507312,72,1916560,83112,8960,197350716,194474608,2876108,132,281796,2141336,10280
2026-08-27T19:30:22.876598,393132552,387749260,389703316,208,2198216,2224448,19240,34359738367,268448,16244,6928,9316,108,195781836,193274636,2507200,72,1916492,83112,8960,197350716,194474624,2876092,136,281724,2141336,10280
2026-08-27T19:30:23.377678,393132552,387749660,389703716,208,2198452,2224448,19240,34359738367,268480,16244,6928,9316,108,195781836,193275036,2506800,72,1916608,83112,8960,197350716,194474624,2876092,136,281844,2141336,10280
2026-08-27T19:30:23.878748,393132552,387748680,389702736,212,2198252,2224448,19240,34359738367,268496,16244,6928,9316,108,195781836,193274056,2507780,72,1916504,83112,8960,197350716,194474624,2876092,140,281748,2141336,10280
2026-08-27T19:30:24.379787,393132552,387749560,389703616,212,2198476,2224448,19240,34359738367,268432,16244,6928,9316,108,195781836,193274936,2506900,72,1916608,83112,8960,197350716,194474624,2876092,140,281868,2141336,10280
2026-08-27T19:30:24.880820,393132552,387748024,389702080,232,2198196,2224448,19240,34359738367,268480,16244,6928,9316,108,195781836,193273400,2508436,80,1916484,83112,8960,197350716,194474624,2876092,152,281716,2141336,10280
2026-08-27T19:30:25.381906,393132552,387748188,389702244,232,2198376,2224448,19240,34359738367,268448,16244,6928,9316,108,195781836,193273564,2508272,80,1916568,83112,8960,197350716,194474624,2876092,152,281808,2141336,10280
2026-08-27T19:30:25.882919,393132552,387748528,389702584,236,2197996,2224448,19012,34359738367,268368,16244,6928,9316,108,195781836,193273904,2507932,80,1916264,83112,8732,197350716,194474624,2876092,156,281732,2141336,10280
2026-08-27T19:30:26.383732,393132552,387747632,389701688,236,2198216,2224448,19240,34359738367,268464,16244,6928,9316,108,195781836,193273008,2508828,80,1916492,83112,8960,197350716,194474624,2876092,156,281724,2141336,10280
2026-08-27T19:30:26.884777,393132552,387747212,389701268,240,2198332,2224448,19240,34359738367,268480,16244,6928,9316,108,195781836,193272588,2509248,80,1916548,83112,8960,197350716,194474624,2876092,160,281784,2141336,10280
2026-08-27T19:30:27.385869,393132552,387747704,389701760,236,2198304,2224448,19240,34359738367,268336,16244,6928,9316,108,195781836,193273072,2508764,76,1916536,83112,8960,197350716,194474632,2876084,160,281768,2141336,10280
2026-08-27T19:30:27.886863,393132552,387746952,389701008,240,2198448,2224448,19240,34359738367,268464,16244,6928,9316,108,195781836,193272320,2509516,76,1916604,83112,8960,197350716,194474632,2876084,164,281844,2141336,10280
2026-08-27T19:30:28.387911,393132552,387747036,389701092,240,2198396,2224448,19240,34359738367,268480,16244,6928,9316,108,195781836,193272388,2509448,76,1916576,83112,8960,197350716,194474648,2876068,164,281820,2141336,10280
2026-08-27T19:30:28.888938,393132552,387747280,389701336,240,2198480,2224448,19240,34359738367,268320,16244,6928,9316,108,195781836,193272516,2509320,76,1916620,83112,8960,197350716,194474764,2875952,164,281860,2141336,10280
2026-08-27T19:30:29.389778,393132552,387747552,389701608,240,2198472,2224448,19240,34359738367,268432,16244,6928,9316,108,195781836,193272788,2509048,76,1916620,83112,8960,197350716,194474764,2875952,164,281852,2141336,10280
2026-08-27T19:30:29.890839,393132552,387746896,389700952,252,2197868,2224448,19012,34359738367,268432,16244,6928,9316,108,195781836,193272384,2509452,76,1916204,83112,8732,197350716,194474512,2876204,176,281664,2141336,10280
2026-08-27T19:30:30.391869,393132552,387747252,389701308,256,2198320,2224448,19240,34359738367,268256,16244,6928,9316,108,195781836,193272740,2509096,76,1916548,83112,8960,197350716,194474512,2876204,180,281772,2141336,10280
2026-08-27T19:30:30.892677,393132552,387746976,389701032,268,2198436,2224448,19240,34359738367,268448,16244,6928,9316,108,195781836,193272464,2509372,76,1916596,83112,8960,197350716,194474512,2876204,192,281844,2141336,10280
2026-08-27T19:30:31.393769,393132552,387746348,389700404,268,2198340,2224448,19240,34359738367,268480,16244,6928,9316,108,195781836,193271816,2510020,76,1916536,83112,8960,197350716,194474532,2876184,192,281804,2141336,10280
2026-08-27T19:30:31.894788,393132552,387746548,389700672,272,2198432,2224448,19240,34359738367,268192,16244,6928,9316,108,195781836,193272008,2509828,76,1916580,83112,8960,197350716,194474540,2876176,196,281852,2141336,10280
2026-08-27T19:30:32.395570,393132552,387745396,389699520,272,2198240,2224448,19240,34359738367,268464,16244,6928,9316,108,195781836,193270856,2510980,76,1916504,83112,8960,197350716,194474540,2876176,196,281736,2141336,10280
2026-08-27T19:30:32.896627,393132552,387744088,389698212,280,2198368,2224448,19240,34359738367,268480,16244,6928,9316,108,195781836,193269532,2512304,76,1916568,83112,8960,197350716,194474556,2876160,204,281800,2141336,10280
2026-08-27T19:30:33.397697,393132552,387744264,389698388,156,2198324,2224448,19240,34359738367,268080,16244,6928,9316,108,195781836,193269708,2512128,76,1916548,83112,8960,197350716,194474556,2876160,80,281776,2141336,10280
2026-08-27T19:30:33.898468,393132552,387743008,389697132,160,2198432,2224448,19240,34359738367,268464,16244,6928,9316,108,195781836,193268704,2513132,76,1916592,83112,8960,197350716,194474304,2876412,84,281840,2141336,10280
2026-08-27T19:30:34.401268,393132552,387742700,389696824,80,2197936,2224448,19216,34359738367,268480,16244,6928,9316,108,195781836,193268396,2513440,20,1916240,83112,8936,197350716,194474304,2876412,60,281696,2141336,10280
2026-08-27T19:30:34.902288,393132552,387742828,389696952,124,2198024,2224448,19216,34359738367,268032,16244,6928,9316,108,195781836,193268524,2513312,52,1916280,83112,8936,197350716,194474304,2876412,72,281744,2141336,10280
2026-08-27T19:30:35.403045,393132552,387741304,389695428,124,2198236,2224448,19240,34359738367,268464,16244,6928,9316,108,195781836,193267000,2514836,52,1916500,83112,8960,197350716,194474304,2876412,72,281736,2141336,10280
2026-08-27T19:30:35.904096,393132552,387741008,389695132,136,2198384,2224448,19240,34359738367,268480,16244,6928,9316,108,195781836,193266704,2515132,60,1916572,83112,8960,197350716,194474304,2876412,76,281812,2141336,10280
2026-08-27T19:30:36.405175,393132552,387741244,389695392,136,2198328,2224448,19240,34359738367,267664,16244,6928,9316,108,195781836,193266940,2514896,60,1916548,83112,8960,197350716,194474304,2876412,76,281780,2141336,10280
2026-08-27T19:30:36.906221,393132552,387741016,389695172,156,2198668,2224448,19464,34359738367,268432,16244,6928,9316,108,195781836,193266712,2515124,72,1916828,83112,9184,197350716,194474304,2876412,84,281840,2141336,10280
2026-08-27T19:30:37.407288,393132552,387739464,389693620,156,2198416,2224448,19240,34359738367,268464,16244,6928,9316,108,195781836,193265412,2516424,72,1916596,83112,8960,197350716,194474052,2876664,84,281820,2141336,10280
2026-08-27T19:30:37.908375,393132552,387739640,389693796,160,2198268,2224448,19240,34359738367,267680,16244,6928,9316,108,195781836,193265588,2516248,72,1916524,83112,8960,197350716,194474052,2876664,88,281744,2141336,10280
2026-08-27T19:30:38.409149,393132552,387740828,389694984,160,2198496,2224448,19240,34359738367,268464,16244,6928,9316,108,195781836,193266748,2515088,72,1916628,83112,8960,197350716,194474080,2876636,88,281868,2141336,10280
2026-08-27T19:30:38.910303,393132552,387739880,389694036,164,2198172,2224448,19240,34359738367,268480,16244,6928,9316,108,195781836,193265800,2516036,72,1916472,83112,8960,197350716,194474080,2876636,92,281700,2141336,10280
2026-08-27T19:30:39.411374,393132552,387740424,389694580,168,2198336,2224448,19240,34359738367,267584,16244,6928,9316,108,195781836,193266344,2515492,72,1916552,83112,8960,197350716,194474080,2876636,96,281784,2141336,10280
2026-08-27T19:30:39.912352,393132552,387739604,389693760,176,2198204,2224448,19240,34359738367,268464,16244,6928,9316,108,195781836,193265524,2516312,76,1916484,83112,8960,197350716,194474080,2876636,100,281720,2141336,10280
2026-08-27T19:30:40.413482,393132552,387738080,389692248,184,2198432,2224448,19240,34359738367,268480,16244,6928,9316,108,195781836,193264000,2517836,84,1916604,83112,8960,197350716,194474080,2876636,100,281828,2141336,10280
2026-08-27T19:30:40.914559,393132552,387738288,389692456,188,2198288,2224448,19240,34359738367,267584,16244,6928,9316,108,195781836,193264208,2517628,84,1916536,83112,8960,197350716,194474080,2876636,104,281752,2141336,10280
2026-08-27T19:30:41.415401,393132552,387738600,389692772,188,2198512,2224448,19240,34359738367,268448,16244,6928,9316,108,195781836,193264520,2517316,84,1916640,83112,8960,197350716,194474080,2876636,104,281872,2141336,10280
2026-08-27T19:30:41.916493,393132552,387738904,389693076,192,2198440,2224448,19240,34359738367,268448,16244,6928,9316,108,195781836,193264824,2517012,84,1916608,83112,8960,197350716,194474080,2876636,108,281832,2141336,10280
2026-08-27T19:30:42.417629,393132552,387739492,389693664,192,2198356,2224448,19240,34359738367,268512,16244,6928,9316,108,195781836,193265412,2516424,84,1916564,83112,8960,197350716,194474080,2876636,108,281792,2141336,10280
2026-08-27T19:30:42.918655,393132552,387739764,389694004,204,2198452,2224448,19240,34359738367,268432,16244,6928,9316,108,195781836,193265684,2516152,84,1916608,83112,8960,197350716,194474080,2876636,120,281844,2141336,10280
2026-08-27T19:30:43.419688,393132552,387740976,389695216,204,2198416,2224448,19240,34359738367,268480,16244,6928,9316,108,195781836,193266628,2515208,84,1916584,83112,8960,197350716,194474348,2876368,120,281832,2141336,10280
2026-08-27T19:30:43.920739,393132552,387741248,389695488,208,2198524,2224448,19240,34359738367,268496,16244,6928,9316,108,195781836,193266900,2514936,84,1916636,83112,8960,197350716,194474348,2876368,124,281888,2141336,10280
2026-08-27T19:30:44.421834,393132552,387742028,389696272,208,2198276,2224448,19240,34359738367,268448,16244,6928,9316,108,195781836,193267680,2514156,84,1916528,83112,8960,197350716,194474348,2876368,124,281748,2141336,10280
2026-08-27T19:30:44.922868,393132552,387741968,389696212,208,2198452,2224448,19240,34359738367,268480,16244,6928,9316,108,195781836,193267600,2514236,84,1916612,83112,8960,197350716,194474368,2876348,124,281840,2141336,10280
2026-08-27T19:30:45.423927,393132552,387741712,389695956,208,2198368,2224448,19240,34359738367,268496,16244,6928,9316,108,195781836,193267344,2514492,84,1916572,83112,8960,197350716,194474368,2876348,124,281796,2141336,10280
2026-08-27T19:30:45.924963,393132552,387742540,389696784,212,2198464,2224448,19240,34359738367,268448,16244,6928,9316,108,195781836,193267920,2513916,84,1916616,83112,8960,197350716,194474620,2876096,128,281848,2141336,10280
2026-08-27T19:30:46.426045,393132552,387742200,389696444,212,2198388,2224448,19240,34359738367,268480,16244,6928,9316,108,195781836,193267580,2514256,84,1916564,83112,8960,197350716,194474620,2876096,128,281824,2141336,10280
2026-08-27T19:30:46.927084,393132552,387741448,389695692,224,2198504,2224448,19240,34359738367,268496,16244,6928,9316,108,195781836,193266812,2515024,92,1916624,83112,8960,197350716,194474636,2876080,132,281880,2141336,10280
2026-08-27T19:30:47.428114,393132552,387741864,389696108,224,2198284,2224448,19240,34359738367,268416,16244,6928,9316,108,195781836,193267228,2514608,92,1916532,83112,8960,197350716,194474636,2876080,132,281752,2141336,10280
2026-08-27T19:30:47.929162,393132552,387740696,389694940,240,2198464,2224448,19240,34359738367,268480,16244,6928,9316,108,195781836,193266060,2515776,92,1916616,83112,8960,197350716,194474636,2876080,148,281848,2141336,10280
2026-08-27T19:30:48.430243,393132552,387738792,389693036,180,2198368,2224448,19240,34359738367,268496,16244,6928,9316,108,195781836,193264156,2517680,48,1916576,83112,8960,197350716,194474636,2876080,132,281792,2141336,10280
2026-08-27T19:30:48.931272,393132552,387739096,389693340,184,2198468,2224448,19240,34359738367,268416,16244,6928,9316,108,195781836,193264460,2517376,48,1916624,83112,8960,197350716,194474636,2876080,136,281844,2141336,10280
2026-08-27T19:30:49.432298,393132552,387739440,389693684,184,2197976,2224448,19232,34359738367,268448,16244,6928,9316,108,195781836,193264804,2517032,48,1916260,83112,8952,197350716,194474636,2876080,136,281716,2141336,10280
2026-08-27T19:30:49.933377,393132552,387739540,389693784,184,2198340,2224448,19460,34359738367,268464,16244,6928,9316,108,195781836,193264904,2516932,48,1916560,83112,9180,197350716,194474636,2876080,136,281780,2141336,10280
2026-08-27T19:30:50.434408,393132552,387740340,389694584,196,2198532,2224448,19240,34359738367,268416,16244,6928,9316,108,195781836,193265704,2516132,56,1916648,83112,8960,197350716,194474636,2876080,140,281884,2141336,10280
2026-08-27T19:30:50.935215,393132552,387740900,389695144,200,2198220,2224448,19240,34359738367,268480,16244,6928,9316,108,195781836,193266248,2515588,56,1916500,83112,8960,197350716,194474652,2876064,144,281720,2141336,10280
2026-08-27T19:30:51.436248,393132552,387741840,389696084,200,2198376,2224448,19240,34359738367,268480,16244,6928,9316,108,195781836,193267188,2514648,56,1916576,83112,8960,197350716,194474652,2876064,144,281800,2141336,10280
2026-08-27T19:30:51.937270,393132552,387742016,389696260,204,2198236,2224448,19240,34359738367,268384,16244,6928,9316,108,195781836,193267364,2514472,56,1916508,83112,8960,197350716,194474652,2876064,148,281728,2141336,10280
2026-08-27T19:30:52.438265,393132552,387742852,389697096,204,2198456,2224448,19240,34359738367,268480,16244,6928,9316,108,195781836,193268116,2513720,56,1916616,83112,8960,197350716,194474736,2875980,148,281840,2141336,10280
2026-08-27T19:30:52.939303,393132552,387742348,389696604,220,2198348,2224448,19240,34359738367,268480,16244,6928,9316,108,195781836,193267612,2514224,68,1916564,83112,8960,197350716,194474736,2875980,152,281784,2141336,10280
2026-08-27T19:30:53.440333,393132552,387743004,389697260,168,2198536,2224448,19240,34359738367,268384,16244,6928,9316,108,195781836,193268268,2513568,68,1916652,83112,8960,197350716,194474736,2875980,100,281884,2141336,10280
2026-08-27T19:30:53.941381,393132552,387741956,389696212,184,2198224,2224448,19240,34359738367,268464,16244,6928,9316,108,195781836,193267208,2514628,68,1916500,83112,8960,197350716,194474748,2875968,116,281724,2141336,10280
2026-08-27T19:30:54.442429,393132552,387741680,389695936,184,2198384,2224448,19240,34359738367,268480,16244,6928,9316,108,195781836,193266932,2514904,68,1916580,83112,8960,197350716,194474748,2875968,116,281804,2141336,10280
2026-08-27T19:30:54.943443,393132552,387741536,389695852,188,2198240,2224448,19240,34359738367,268336,16244,6928,9316,108,195781836,193266788,2515048,68,1916512,83112,8960,197350716,194474748,2875968,120,281728,2141336,10280
2026-08-27T19:30:55.444230,393132552,387741088,389695404,200,2198464,2224448,19240,34359738367,268464,16244,6928,9316,108,195781836,193266340,2515496,76,1916620,83112,8960,197350716,194474748,2875968,124,281844,2141336,10280
2026-08-27T19:30:55.945275,393132552,387739944,389694260,204,2198360,2224448,19240,34359738367,268480,16244,6928,9316,108,195781836,193265196,2516640,76,1916568,83112,8960,197350716,194474748,2875968,128,281792,2141336,10280
2026-08-27T19:30:56.446296,393132552,387740232,389694548,204,2198548,2224448,19240,34359738367,268288,16244,6928,9316,108,195781836,193265484,2516352,76,1916660,83112,8960,197350716,194474748,2875968,128,281888,2141336,10280
2026-08-27T19:30:56.947112,393132552,387739108,389693432,220,2198232,2224448,19240,34359738367,268480,16244,6928,9316,108,195781836,193264360,2517476,84,1916504,83112,8960,197350716,194474748,2875968,136,281728,2141336,10280
2026-08-27T19:30:57.448131,393132552,388038040,389674016,228,1881104,2224448,19300,34359738367,267504,16244,6928,9316,108,195781836,193563544,2218292,92,1599048,83112,8960,197350716,194474496,2876220,136,282056,2141336,10340
2026-08-27T19:30:57.948840,393132552,388650840,389629936,232,1339196,2112960,19076,34359738367,268480,16244,6928,9316,108,195781836,194086104,1695732,96,1057264,85612,8736,197350716,194564736,2785980,136,281932,2027348,10340
2026-08-27T19:30:58.449670,393132552,388628908,389630624,232,1288444,2175260,19300,34359738367,268464,16244,6928,9316,108,195781836,194078376,1703460,96,1006476,140316,8960,197350716,194550532,2800184,136,281968,2034944,10340
2026-08-27T19:30:58.950693,393132552,388659880,389625680,236,1243400,2189472,19300,34359738367,268416,16244,6928,9316,108,195781836,194112024,1669812,96,961336,147644,8960,197350716,194547856,2802860,140,282064,2041828,10340
2026-08-27T19:30:59.451739,393132552,388660124,389629384,236,1237776,2203516,19240,34359738367,268448,16244,6928,9316,108,195781836,194112916,1668920,96,955956,154080,8960,197350716,194547208,2803508,140,281820,2049436,10280
2026-08-27T19:30:59.952783,393132552,388661096,389630476,248,1237884,2203548,19240,34359738367,268416,16244,6928,9316,108,195781836,194113888,1667948,96,956008,154108,8960,197350716,194547208,2803508,152,281876,2049440,10280
2026-08-27T19:31:00.453847,393132552,388662876,389632732,248,1237788,2203592,19240,34359738367,268480,16244,6928,9316,108,195781836,194115600,1666236,96,955744,154112,8732,197350716,194547276,2803440,152,282044,2049480,10508
2026-08-27T19:31:00.957387,393132552,388662976,389632948,252,1237888,2203592,19240,34359738367,268448,16244,6928,9316,108,195781836,194115700,1666136,96,955796,154112,8732,197350716,194547276,2803440,156,282092,2049480,10508
2026-08-27T19:31:01.458405,393132552,388663696,389633784,252,1237804,2203592,19240,34359738367,268480,16244,6928,9316,108,195781836,194116400,1665436,96,955736,154112,8720,197350716,194547296,2803420,156,282068,2049480,10520
2026-08-27T19:31:01.959439,393132552,388668976,389639176,256,1237912,2203592,19240,34359738367,268416,16244,6928,9316,108,195781836,194119424,1662412,96,955788,154112,8720,197350716,194549552,2801164,160,282124,2049480,10520
2026-08-27T19:31:02.460446,393132552,388677316,389647624,256,1237344,2203592,19224,34359738367,268480,16244,6928,9316,108,195781836,194126116,1655720,96,955620,154112,8720,197350716,194551200,2799516,160,281724,2049480,10504
2026-08-27T19:31:02.961498,393132552,388677568,389647988,260,1237460,2203592,19224,34359738367,268240,16244,6928,9316,108,195781836,194126368,1655468,96,955676,154112,8720,197350716,194551200,2799516,164,281784,2049480,10504
2026-08-27T19:31:03.462303,393132552,388675572,389646104,132,1237612,2203592,19240,34359738367,268480,16244,6928,9316,108,195781836,194126876,1654960,96,955632,154112,8720,197350716,194548696,2802020,36,281980,2049480,10520
2026-08-27T19:31:03.963299,393132552,388675416,389646020,152,1237720,2203592,19240,34359738367,267616,16244,6928,9316,108,195781836,194127128,1654708,104,955684,154112,8720,197350716,194548288,2802428,48,282036,2049480,10520
2026-08-27T19:31:04.464059,393132552,388676108,389646712,152,1237628,2203592,19240,34359738367,268464,16244,6928,9316,108,195781836,194127632,1654204,104,955644,154112,8720,197350716,194548476,2802240,48,281984,2049480,10520
2026-08-27T19:31:04.965100,393132552,388677916,389648520,156,1237736,2203592,19240,34359738367,268496,16244,6928,9316,108,195781836,194130156,1651680,104,955700,154112,8720,197350716,194547760,2802956,52,282036,2049480,10520
2026-08-27T19:31:05.466184,393132552,388681940,389652620,88,1237644,2203592,19240,34359738367,268464,16244,6928,9316,108,195781836,194132692,1649144,52,955656,154112,8720,197350716,194549248,2801468,36,281988,2049480,10520
2026-08-27T19:31:05.967231,393132552,388681768,389652644,96,1237796,2203592,19240,34359738367,268480,16244,6928,9316,108,195781836,194132944,1648892,52,955728,154112,8720,197350716,194548824,2801892,44,282068,2049480,10520
2026-08-27T19:31:06.468280,393132552,388682140,389653108,100,1237684,2203592,19240,34359738367,268448,16244,6928,9316,108,195781836,194133196,1648640,52,955672,154112,8720,197350716,194548944,2801772,48,282012,2049480,10520
2026-08-27T19:31:06.969287,393132552,388681384,389652444,144,1237820,2203592,19240,34359738367,268496,16244,6928,9316,108,195781836,194133704,1648132,84,955740,154112,8720,197350716,194547680,2803036,60,282080,2049480,10520
2026-08-27T19:31:07.470332,393132552,388682304,389653452,144,1237708,2203592,19240,34359738367,268464,16244,6928,9316,108,195781836,194134152,1647684,84,955684,154112,8720,197350716,194548152,2802564,60,282024,2049480,10520
2026-08-27T19:31:07.971362,393132552,388683056,389654288,148,1237836,2203592,19240,34359738367,268480,16244,6928,9316,108,195781836,194135940,1645896,84,955752,154112,8720,197350716,194547116,2803600,64,282084,2049480,10520
2026-08-27T19:31:08.472378,393132552,388686272,389657592,136,1237736,2203592,19240,34359738367,268336,16244,6928,9316,108,195781836,194138240,1643596,72,955696,154112,8720,197350716,194548032,2802684,64,282040,2049480,10520
2026-08-27T19:31:08.973389,393132552,388687380,389658700,140,1237864,2203592,19240,34359738367,268480,16244,6928,9316,108,195781836,194138968,1642868,72,955764,154112,8720,197350716,194548412,2802304,68,282100,2049480,10520
2026-08-27T19:31:09.474388,393132552,388687520,389658840,140,1237744,2203592,19240,34359738367,267760,16244,6928,9316,108,195781836,194139220,1642616,72,955704,154112,8720,197350716,194548300,2802416,68,282040,2049480,10520
2026-08-27T19:31:09.975135,393132552,388687068,389658388,144,1237848,2203592,19240,34359738367,268464,16244,6928,9316,108,195781836,194139472,1642364,72,955756,154112,8720,197350716,194547596,2803120,72,282092,2049480,10520
2026-08-27T19:31:10.476187,393132552,388685436,389656836,144,1237744,2203592,19240,34359738367,268496,16244,6928,9316,108,195781836,194139724,1642112,72,955704,154112,8720,197350716,194545712,2805004,72,282040,2049480,10520
2026-08-27T19:31:10.977271,393132552,388687864,389659264,148,1237860,2203592,19240,34359738367,268464,16244,6928,9316,108,195781836,194141484,1640352,72,955760,154112,8720,197350716,194546380,2804336,76,282100,2049480,10520
2026-08-27T19:31:11.478330,393132552,388688320,389659796,160,1237752,2203592,19240,34359738367,268480,16244,6928,9316,108,195781836,194142104,1639732,80,955712,154112,8720,197350716,194546216,2804500,80,282040,2049480,10520
2026-08-27T19:31:11.979374,393132552,388688616,389660168,172,1237860,2203592,19240,34359738367,268464,16244,6928,9316,108,195781836,194142352,1639484,80,955764,154112,8720,197350716,194546264,2804452,92,282096,2049480,10520
2026-08-27T19:31:12.480412,393132552,388688928,389660612,172,1237788,2203592,19240,34359738367,268448,16244,6928,9316,108,195781836,194142604,1639232,80,955724,154112,8720,197350716,194546324,2804392,92,282064,2049480,10520
2026-08-27T19:31:12.981502,393132552,388689552,389661356,176,1238128,2203592,19468,34359738367,268400,16244,6928,9316,108,195781836,194142856,1638980,80,955784,154112,8720,197350716,194546696,2804020,96,282344,2049480,10748
2026-08-27T19:31:13.482526,393132552,388691372,389663236,176,1237812,2203592,19240,34359738367,268464,16244,6928,9316,108,195781836,194143008,1638828,80,955740,154112,8720,197350716,194548364,2802352,96,282072,2049480,10520
2026-08-27T19:31:13.983528,393132552,388693008,389664932,176,1237680,2203592,19240,34359738367,268304,16244,6928,9316,108,195781836,194143860,1637976,80,955668,154112,8720,197350716,194549148,2801568,96,282012,2049480,10520
2026-08-27T19:31:14.484339,393132552,388693948,389666048,184,1237836,2203592,19240,34359738367,268480,16244,6928,9316,108,195781836,194144224,1637612,88,955748,154112,8720,197350716,194549724,2800992,96,282088,2049480,10520
2026-08-27T19:31:14.985400,393132552,388693772,389665928,188,1237708,2203592,19240,34359738367,267648,16244,6928,9316,108,195781836,194144224,1637612,88,955680,154112,8720,197350716,194549548,2801168,100,282028,2049480,10520
2026-08-27T19:31:15.486459,393132552,388694348,389666504,192,1237868,2203592,19240,34359738367,268480,16244,6928,9316,108,195781836,194144476,1637360,88,955768,154112,8720,197350716,194549872,2800844,104,282100,2049480,10520
2026-08-27T19:31:15.987509,393132552,388692204,389664360,196,1237764,2203592,19240,34359738367,268496,16244,6928,9316,108,195781836,194144728,1637108,88,955712,154112,8720,197350716,194547476,2803240,108,282052,2049480,10520
2026-08-27T19:31:16.488555,393132552,388692760,389664964,208,1237892,2203592,19240,34359738367,268464,16244,6928,9316,108,195781836,194145012,1636824,100,955784,154112,8720,197350716,194547748,2802968,108,282108,2049480,10520
2026-08-27T19:31:16.989637,393132552,388693772,389665976,212,1237792,2203592,19240,34359738367,268480,16244,6928,9316,108,195781836,194145812,1636024,100,955728,154112,8720,197350716,194547960,2802756,112,282064,2049480,10520
2026-08-27T19:31:17.490669,393132552,388694688,389666948,212,1237924,2203592,19240,34359738367,268448,16244,6928,9316,108,195781836,194145964,1635872,100,955796,154112,8720,197350716,194548724,2801992,112,282128,2049480,10520
2026-08-27T19:31:17.991699,393132552,388692516,389664868,220,1237344,2203592,19220,34359738367,268480,16244,6928,9316,108,195781836,194145988,1635848,100,955616,154112,8720,197350716,194546528,2804188,120,281728,2049480,10500
2026-08-27T19:31:18.492729,393132552,388693228,389665624,220,1237472,2203592,19220,34359738367,268432,16244,6928,9316,108,195781836,194146240,1635596,100,955684,154112,8720,197350716,194546988,2803728,120,281788,2049480,10500
2026-08-27T19:31:18.993610,393132552,388692668,389665180,224,1237608,2203592,19240,34359738367,268480,16244,6928,9316,108,195781836,194146296,1635540,100,955632,154112,8720,197350716,194546372,2804344,124,281976,2049480,10520
2026-08-27T19:31:19.494622,393132552,388693176,389665688,224,1237736,2203592,19240,34359738367,268176,16244,6928,9316,108,195781836,194146612,1635224,100,955696,154112,8720,197350716,194546564,2804152,124,282040,2049480,10520
2026-08-27T19:31:19.995407,393132552,388693676,389666188,228,1237628,2203592,19240,34359738367,268480,16244,6928,9316,108,195781836,194147004,1634832,100,955640,154112,8720,197350716,194546672,2804044,128,281988,2049480,10520
2026-08-27T19:31:20.496408,393132552,388694620,389667132,236,1237356,2203592,19240,34359738367,267552,16244,6928,9316,108,195781836,194147036,1634800,108,955316,154112,8720,197350716,194547584,2803132,128,282040,2049480,10520
2026-08-27T19:31:20.997490,393132552,388695256,389667768,240,1237464,2203592,19240,34359738367,268448,16244,6928,9316,108,195781836,194147036,1634800,108,955372,154112,8720,197350716,194548220,2802496,132,282092,2049480,10520
2026-08-27T19:31:21.498522,393132552,388694232,389666748,240,1237356,2203592,19240,34359738367,268464,16244,6928,9316,108,195781836,194147224,1634612,108,955316,154112,8720,197350716,194547008,2803708,132,282040,2049480,10520
2026-08-27T19:31:21.999565,393132552,388694472,389667012,244,1237476,2203592,19240,34359738367,268448,16244,6928,9316,108,195781836,194147224,1634612,108,955376,154112,8720,197350716,194547248,2803468,136,282100,2049480,10520
2026-08-27T19:31:22.500590,393132552,388693096,389665856,244,1237372,2203592,19240,34359738367,268480,16244,6928,9316,108,195781836,194147476,1634360,108,955328,154112,8720,197350716,194545620,2805096,136,282044,2049480,10520
2026-08-27T19:31:23.001648,393132552,388693996,389666852,248,1237492,2203592,19240,34359738367,268432,16244,6928,9316,108,195781836,194147816,1634020,108,955388,154112,8720,197350716,194546180,2804536,140,282104,2049480,10520
2026-08-27T19:31:23.502666,393132552,388695092,389667948,248,1237396,2203592,19240,34359738367,268448,16244,6928,9316,108,195781836,194148248,1633588,108,955336,154112,8720,197350716,194546844,2803872,140,282060,2049480,10520
2026-08-27T19:31:24.003678,393132552,388695872,389668744,208,1237740,2203592,19468,34359738367,268384,16244,6928,9316,108,195781836,194148280,1633556,56,955396,154112,8720,197350716,194547592,2803124,152,282344,2049480,10748
2026-08-27T19:31:24.504691,393132552,388695308,389668220,208,1237432,2203592,19240,34359738367,268432,16244,6928,9316,108,195781836,194148280,1633556,56,955356,154112,8720,197350716,194547028,2803688,152,282076,2049480,10520
2026-08-27T19:31:25.005750,393132552,388695740,389668672,216,1237152,2203592,19052,34359738367,267936,16244,6928,9316,108,195781836,194148280,1633556,56,955312,154112,8720,197350716,194547460,2803256,160,281840,2049480,10332
2026-08-27T19:31:25.506517,393132552,388693708,389666656,216,1237224,2203592,19240,34359738367,268464,16244,6928,9316,108,195781836,194148280,1633556,56,955244,154112,8720,197350716,194545428,2805288,160,281980,2049480,10520
2026-08-27T19:31:26.007548,393132552,388693948,389666896,228,1237352,2203592,19240,34359738367,268512,16244,6928,9316,108,195781836,194148280,1633556,68,955308,154112,8720,197350716,194545668,2805048,160,282044,2049480,10520
2026-08-27T19:31:26.508552,393132552,388694176,389667136,228,1237240,2203592,19240,34359738367,268464,16244,6928,9316,108,195781836,194148208,1633628,68,955256,154112,8720,197350716,194545968,2804748,160,281984,2049480,10520
2026-08-27T19:31:27.009647,393132552,388693768,389666832,232,1237388,2203592,19240,34359738367,268496,16244,6928,9316,108,195781836,194148460,1633376,68,955332,154112,8720,197350716,194545308,2805408,164,282056,2049480,10520
2026-08-27T19:31:27.510677,393132552,388693916,389666980,244,1237272,2203592,19240,34359738367,268464,16244,6928,9316,108,195781836,194148484,1633352,76,955272,154112,8720,197350716,194545432,2805284,168,282000,2049480,10520
2026-08-27T19:31:28.011709,393132552,388693108,389666180,248,1237412,2203592,19240,34359738367,268480,16244,6928,9316,108,195781836,194148488,1633348,76,955340,154112,8720,197350716,194544620,2806096,172,282072,2049480,10520
2026-08-27T19:31:28.512766,393132552,388693744,389666816,192,1237296,2203592,19240,34359738367,268432,16244,6928,9316,108,195781836,194148740,1633096,72,955280,154112,8720,197350716,194545004,2805712,120,282016,2049480,10520
2026-08-27T19:31:29.013847,393132552,388692744,389665816,196,1237456,2203592,19240,34359738367,268480,16244,6928,9316,108,195781836,194148740,1633096,72,955360,154112,8720,197350716,194544004,2806712,124,282096,2049480,10520
2026-08-27T19:31:29.514843,393132552,388692904,389665976,196,1237332,2203592,19240,34359738367,268368,16244,6928,9316,108,195781836,194148740,1633096,72,955300,154112,8720,197350716,194544164,2806552,124,282032,2049480,10520
2026-08-27T19:31:30.015645,393132552,388693772,389666872,212,1237468,2203592,19240,34359738367,268480,16244,6928,9316,108,195781836,194148992,1632844,72,955372,154112,8720,197350716,194544780,2805936,140,282096,2049480,10520
2026-08-27T19:31:30.516652,393132552,388693836,389666936,212,1237352,2203592,19240,34359738367,267856,16244,6928,9316,108,195781836,194148996,1632840,72,955312,154112,8720,197350716,194544840,2805876,140,282040,2049480,10520
2026-08-27T19:31:31.017474,393132552,388693156,389666256,216,1237472,2203592,19240,34359738367,268480,16244,6928,9316,108,195781836,194148996,1632840,72,955372,154112,8720,197350716,194544160,2806556,144,282100,2049480,10520
2026-08-27T19:31:31.518519,393132552,388693080,389666180,224,1237360,2203592,19240,34359738367,268480,16244,6928,9316,108,195781836,194148996,1632840,80,955316,154112,8720,197350716,194544084,2806632,144,282044,2049480,10520
2026-08-27T19:31:32.019560,393132552,388693176,389666280,228,1237240,2203592,19240,34359738367,268448,16244,6928,9316,108,195781836,194148996,1632840,80,955252,154112,8720,197350716,194544180,2806536,148,281988,2049480,10520
2026-08-27T19:31:32.520602,393132552,388691964,389665068,240,1237360,2203592,19240,34359738367,268480,16244,6928,9316,108,195781836,194148996,1632840,88,955316,154112,8720,197350716,194542968,2807748,152,282044,2049480,10520
2026-08-27T19:31:33.021688,393132552,388692372,389665476,244,1237248,2203592,19240,34359738367,268464,16244,6928,9316,108,195781836,194149248,1632588,88,955256,154112,8720,197350716,194543124,2807592,156,281992,2049480,10520
2026-08-27T19:31:33.522729,393132552,388691304,389664408,244,1237380,2203592,19240,34359738367,268480,16244,6928,9316,108,195781836,194149248,1632588,88,955328,154112,8720,197350716,194542056,2808660,156,282052,2049480,10520
2026-08-27T19:31:34.023767,393132552,388691196,389664304,256,1237256,2203592,19240,34359738367,268432,16244,6928,9316,108,195781836,194149248,1632588,88,955268,154112,8720,197350716,194541948,2808768,168,281988,2049480,10520
2026-08-27T19:31:34.524812,393132552,388692056,389665204,128,1237476,2203592,19240,34359738367,268480,16244,6928,9316,108,195781836,194149500,1632336,88,955344,154112,8720,197350716,194542556,2808160,40,282132,2049480,10520
2026-08-27T19:31:35.025890,393132552,388691880,389665056,132,1237360,2203592,19240,34359738367,268352,16244,6928,9316,108,195781836,194149500,1632336,88,955280,154112,8720,197350716,194542380,2808336,44,282080,2049480,10520
2026-08-27T19:31:35.526681,393132552,388691696,389664872,140,1237484,2203592,19240,34359738367,268480,16244,6928,9316,108,195781836,194149500,1632336,96,955352,154112,8720,197350716,194542196,2808520,44,282132,2049480,10520
2026-08-27T19:31:36.027684,393132552,388691992,389665168,152,1237372,2203592,19240,34359738367,267728,16244,6928,9316,108,195781836,194149752,1632084,96,955292,154112,8720,197350716,194542240,2808476,56,282080,2049480,10520
2026-08-27T19:31:36.528452,393132552,388691256,389664464,160,1237532,2203592,19240,34359738367,268464,16244,6928,9316,108,195781836,194149752,1632084,104,955376,154112,8720,197350716,194541504,2809212,56,282156,2049480,10520
2026-08-27T19:31:37.029537,393132552,388690548,389663756,164,1237428,2203592,19240,34359738367,268496,16244,6928,9316,108,195781836,194149752,1632084,104,955316,154112,8720,197350716,194540796,2809920,60,282112,2049480,10520
2026-08-27T19:31:37.530556,393132552,388691460,389664668,88,1237552,2203592,19240,34359738367,268464,16244,6928,9316,108,195781836,194149944,1631892,48,955384,154112,8720,197350716,194541516,2809200,40,282168,2049480,10520
2026-08-27T19:31:38.031604,393132552,388689236,389662444,92,1237476,2203592,19240,34359738367,268480,16244,6928,9316,108,195781836,194149944,1631892,48,955348,154112,8720,197350716,194539292,2811424,44,282128,2049480,10520
2026-08-27T19:31:38.532649,393132552,388689856,389663064,136,1237584,2203592,19240,34359738367,268448,16244,6928,9316,108,195781836,194149944,1631892,84,955408,154112,8720,197350716,194539912,2810804,52,282176,2049480,10520
2026-08-27T19:31:39.033738,393132552,388690236,389663444,140,1237436,2203592,19240,34359738367,268480,16244,6928,9316,108,195781836,194150216,1631620,84,955336,154112,8720,197350716,194540020,2810696,56,282100,2049480,10520
2026-08-27T19:31:39.534757,393132552,388690412,389663620,140,1237552,2203592,19240,34359738367,268448,16244,6928,9316,108,195781836,194150216,1631620,84,955396,154112,8720,197350716,194540196,2810520,56,282156,2049480,10520
2026-08-27T19:31:40.035622,393132552,388690084,389663292,144,1237044,2203592,19208,34359738367,268480,16244,6928,9316,108,195781836,194150216,1631620,84,955244,154112,8720,197350716,194539868,2810848,60,281800,2049480,10488
2026-08-27T19:31:40.536639,393132552,388690768,389663976,144,1237168,2203592,19208,34359738367,268192,16244,6928,9316,108,195781836,194150216,1631620,84,955308,154112,8720,197350716,194540552,2810164,60,281860,2049480,10488
2026-08-27T19:31:41.037455,393132552,388689156,389662364,148,1237312,2203592,19240,34359738367,268480,16244,6928,9316,108,195781836,194149964,1631872,84,955264,154112,8720,197350716,194539192,2811524,64,282048,2049480,10520
2026-08-27T19:31:41.538452,393132552,388689776,389662984,148,1237420,2203592,19240,34359738367,267568,16244,6928,9316,108,195781836,194149964,1631872,84,955320,154112,8720,197350716,194539812,2810904,64,282100,2049480,10520
2026-08-27T19:31:42.039209,393132552,388689428,389662704,156,1237312,2203592,19240,34359738367,268464,16244,6928,9316,108,195781836,194150216,1631620,84,955264,154112,8720,197350716,194539212,2811504,72,282048,2049480,10520
2026-08-27T19:31:42.540258,393132552,388688368,389661644,156,1237424,2203592,19240,34359738367,268496,16244,6928,9316,108,195781836,194150224,1631612,84,955320,154112,8720,197350716,194538144,2812572,72,282104,2049480,10520
2026-08-27T19:31:43.041350,393132552,388688528,389661804,172,1237308,2203592,19240,34359738367,268464,16244,6928,9316,108,195781836,194150224,1631612,92,955260,154112,8720,197350716,194538304,2812412,80,282048,2049480,10520
2026-08-27T19:31:43.542405,393132552,388686844,389660120,172,1237424,2203592,19240,34359738367,268480,16244,6928,9316,108,195781836,194150224,1631612,92,955320,154112,8720,197350716,194536620,2814096,80,282104,2049480,10520
2026-08-27T19:31:44.043437,393132552,388687180,389660464,176,1237312,2203592,19240,34359738367,268448,16244,6928,9316,108,195781836,194150224,1631612,92,955260,154112,8720,197350716,194536956,2813760,84,282052,2049480,10520
2026-08-27T19:31:44.544470,393132552,388687804,389661088,176,1237456,2203592,19240,34359738367,268448,16244,6928,9316,108,195781836,194150224,1631612,92,955340,154112,8720,197350716,194537580,2813136,84,282116,2049480,10520
2026-08-27T19:31:45.045540,393132552,388688568,389661852,180,1237112,2203592,19016,34359738367,268384,16244,6928,9316,108,195781836,194150400,1631436,92,955280,154112,8720,197350716,194538168,2812548,88,281832,2049480,10296
2026-08-27T19:31:45.546361,393132552,388687160,389660444,180,1237416,2203592,19240,34359738367,268464,16244,6928,9316,108,195781836,194150400,1631436,92,955332,154112,8720,197350716,194536760,2813956,88,282084,2049480,10520
2026-08-27T19:31:46.047387,393132552,388688040,389661324,184,1237552,2203592,19240,34359738367,268128,16244,6928,9316,108,195781836,194150400,1631436,92,955400,154112,8720,197350716,194537640,2813076,92,282152,2049480,10520
2026-08-27T19:31:46.548160,393132552,388688072,389661356,184,1237036,2203592,19220,34359738367,268448,16244,6928,9316,108,195781836,194150400,1631436,92,955240,154112,8720,197350716,194537672,2813044,92,281796,2049480,10500
2026-08-27T19:31:47.049191,393132552,388686320,389659604,192,1237400,2203592,19444,34359738367,268480,16244,6928,9316,108,195781836,194150400,1631436,92,955308,154112,8720,197350716,194535920,2814796,100,282092,2049480,10724
2026-08-27T19:31:47.550242,393132552,388687216,389660500,192,1237544,2203592,19240,34359738367,268448,16244,6928,9316,108,195781836,194150400,1631436,92,955376,154112,8720,197350716,194536816,2813900,100,282168,2049480,10520
2026-08-27T19:31:48.051316,393132552,388687584,389660868,196,1237460,2203592,19240,34359738367,268448,16244,6928,9316,108,195781836,194150468,1631368,92,955336,154112,8720,197350716,194537116,2813600,104,282124,2049480,10520
2026-08-27T19:31:48.552312,393132552,388688248,389661568,204,1237564,2203592,19240,34359738367,268432,16244,6928,9316,108,195781836,194150468,1631368,100,955392,154112,8720,197350716,194537780,2812936,104,282172,2049480,10520
2026-08-27T19:31:49.053373,393132552,388688832,389662152,208,1237416,2203592,19220,34359738367,268464,16244,6928,9316,108,195781836,194150476,1631360,100,955324,154112,8720,197350716,194538356,2812360,108,282092,2049480,10500
2026-08-27T19:31:49.554426,393132552,388689220,389662544,188,1237528,2203592,19220,34359738367,268432,16244,6928,9316,108,195781836,194150476,1631360,80,955380,154112,8720,197350716,194538744,2811972,108,282148,2049480,10500
2026-08-27T19:31:50.055461,393132552,388689284,389662608,192,1237272,2203592,19240,34359738367,268480,16244,6928,9316,108,195781836,194150476,1631360,80,955232,154112,8720,197350716,194538808,2811908,112,282040,2049480,10520
2026-08-27T19:31:50.556499,393132552,388690080,389663412,192,1237384,2203592,19240,34359738367,268432,16244,6928,9316,108,195781836,194150476,1631360,80,955288,154112,8720,197350716,194539604,2811112,112,282096,2049480,10520
2026-08-27T19:31:51.057561,393132552,388689260,389662592,196,1237048,2203592,19240,34359738367,268480,16244,6928,9316,108,195781836,194150476,1631360,80,955024,154112,8720,197350716,194538784,2811932,116,282024,2049480,10520
2026-08-27T19:31:51.558584,393132552,388689800,389663132,196,1237140,2203592,19240,34359738367,268080,16244,6928,9316,108,195781836,194150476,1631360,80,955076,154112,8720,197350716,194539324,2811392,116,282064,2049480,10520
2026-08-27T19:31:52.059362,393132552,388688532,389661864,204,1237064,2203592,19240,34359738367,268480,16244,6928,9316,108,195781836,194150480,1631356,80,955040,154112,8720,197350716,194538052,2812664,124,282024,2049480,10520
2026-08-27T19:31:52.560351,393132552,388689012,389662344,204,1237176,2203592,19240,34359738367,267520,16244,6928,9316,108,195781836,194150480,1631356,80,955096,154112,8720,197350716,194538532,2812184,124,282080,2049480,10520
2026-08-27T19:31:53.061114,393132552,388688916,389662248,216,1237076,2203592,19240,34359738367,268464,16244,6928,9316,108,195781836,194150480,1631356,80,955036,154112,8720,197350716,194538436,2812280,136,282040,2049480,10520
2026-08-27T19:31:53.565279,393132552,388688844,389662176,224,1237180,2203592,19240,34359738367,268480,16244,6928,9316,108,195781836,194150480,1631356,88,955096,154112,8720,197350716,194538364,2812352,136,282084,2049480,10520
2026-08-27T19:31:54.066289,393132552,388689112,389662520,236,1237072,2203592,19240,34359738367,268464,16244,6928,9316,108,195781836,194150704,1631132,92,955040,154112,8720,197350716,194538408,2812308,144,282032,2049480,10520
2026-08-27T19:31:54.567337,393132552,388688344,389661752,248,1237180,2203592,19240,34359738367,268480,16244,6928,9316,108,195781836,194150704,1631132,104,955096,154112,8720,197350716,194537640,2813076,144,282084,2049480,10520
2026-08-27T19:31:55.068377,393132552,388688740,389662148,248,1237084,2203592,19240,34359738367,268448,16244,6928,9316,108,195781836,194150704,1631132,104,955044,154112,8720,197350716,194538036,2812680,144,282040,2049480,10520
2026-08-27T19:31:55.569473,393132552,388686916,389660324,248,1237264,2203592,19240,34359738367,268480,16244,6928,9316,108,195781836,194150704,1631132,104,955108,154112,8720,197350716,194536212,2814504,144,282156,2049480,10520
2026-08-27T19:31:56.070481,393132552,388687240,389660648,252,1237156,2203592,19240,34359738367,268384,16244,6928,9316,108,195781836,194150704,1631132,104,955056,154112,8720,197350716,194536536,2814180,148,282100,2049480,10520
2026-08-27T19:31:56.571290,393132552,388687660,389661068,252,1237296,2203592,19240,34359738367,268480,16244,6928,9316,108,195781836,194150704,1631132,104,955124,154112,8720,197350716,194536956,2813760,148,282172,2049480,10520
2026-08-27T19:31:57.072288,393132552,388688368,389661776,256,1237188,2203592,19240,34359738367,267872,16244,6928,9316,108,195781836,194150708,1631128,104,955068,154112,8720,197350716,194537660,2813056,152,282120,2049480,10520
2026-08-27T19:31:57.573012,393132552,388924432,389665296,256,1055160,2153192,19240,34359738367,267488,16244,6928,9316,108,195781836,194376156,1405680,104,772512,109256,8720,197350716,194548276,2802440,152,282144,2043936,10520
2026-08-27T19:31:58.073706,393132552,389273124,389639808,264,847268,1988596,19192,34359738367,268432,16244,6928,9316,108,195781836,194556444,1225392,104,565260,135996,8776,197350716,194716680,2634036,160,282008,1852600,10416
2026-08-27T19:31:58.574430,393132552,389122428,389595708,268,823108,2122876,19140,34359738367,268432,16244,6928,9316,108,195781836,194486672,1295164,108,541084,217092,8724,197350716,194635756,2714960,160,282024,1905784,10416
2026-08-27T19:31:59.075312,393132552,389097648,389576812,280,771276,2189424,19244,34359738367,268432,16244,6928,9316,108,195781836,194468628,1313208,108,489128,295324,8724,197350716,194629020,2721696,172,282148,1894100,10520
2026-08-27T19:31:59.576320,393132552,389094632,389576480,176,760436,2195024,19240,34359738367,268416,16244,6928,9316,108,195781836,194466900,1314936,56,478288,301700,8720,197350716,194627732,2722984,120,282148,1893324,10520
2026-08-27T19:32:00.077383,393132552,389095868,389581124,180,752704,2203300,19240,34359738367,267552,16244,6928,9316,108,195781836,194465752,1316084,56,470556,309712,8720,197350716,194630116,2720600,124,282148,1893588,10520
2026-08-27T19:32:00.578128,393132552,389096796,389581076,180,751912,2203588,19240,34359738367,268448,16244,6928,9316,108,195781836,194466416,1315420,56,469840,309836,8720,197350716,194630380,2720336,124,282072,1893752,10520
2026-08-27T19:32:01.079147,393132552,389102000,389586520,188,752056,2203592,19240,34359738367,267728,16244,6928,9316,108,195781836,194466704,1315132,56,469916,309836,8720,197350716,194635296,2715420,132,282140,1893756,10520
2026-08-27T19:32:01.579993,393132552,389101404,389586656,188,751648,2203592,19240,34359738367,268480,16244,6928,9316,108,195781836,194467340,1314496,56,469584,309836,8720,197350716,194634064,2716652,132,282064,1893756,10520
2026-08-27T19:32:02.081027,393132552,389101836,389587088,188,751788,2203592,19240,34359738367,267888,16244,6928,9316,108,195781836,194467340,1314496,56,469652,309836,8720,197350716,194634496,2716220,132,282136,1893756,10520
2026-08-27T19:32:02.581995,393132552,389106248,389591500,188,751632,2203592,19240,34359738367,268480,16244,6928,9316,108,195781836,194470436,1311400,56,469572,309836,8720,197350716,194635812,2714904,132,282060,1893756,10520
2026-08-27T19:32:03.083004,393132552,389116604,389602084,212,751768,2203592,19240,34359738367,268112,16244,6928,9316,108,195781836,194476132,1305704,68,469640,309836,8720,197350716,194640472,2710244,144,282128,1893756,10520
2026-08-27T19:32:03.583781,393132552,389115652,389601132,212,751612,2203592,19240,34359738367,268480,16244,6928,9316,108,195781836,194476384,1305452,68,469564,309836,8720,197350716,194639268,2711448,144,282048,1893756,10520
2026-08-27T19:32:04.084820,393132552,389116172,389601760,216,751760,2203592,19240,34359738367,268368,16244,6928,9316,108,195781836,194476400,1305436,68,469636,309836,8720,197350716,194639772,2710944,148,282124,1893756,10520
2026-08-27T19:32:04.585703,393132552,389115232,389600924,228,751612,2203592,19240,34359738367,268480,16244,6928,9316,108,195781836,194476412,1305424,80,469564,309836,8720,197350716,194638820,2711896,148,282048,1893756,10520
2026-08-27T19:32:05.086774,393132552,389116600,389602412,124,751748,2203592,19240,34359738367,268384,16244,6928,9316,108,195781836,194477020,1304816,80,469636,309836,8720,197350716,194639580,2711136,44,282112,1893756,10520
2026-08-27T19:32:05.587615,393132552,389120344,389605360,124,751592,2203592,19240,34359738367,268496,16244,6928,9316,108,195781836,194479512,1302324,80,469552,309836,8720,197350716,194640832,2709884,44,282040,1893756,10520
2026-08-27T19:32:06.088649,393132552,389126868,389611444,128,751740,2203592,19240,34359738367,268432,16244,6928,9316,108,195781836,194482460,1299376,80,469624,309836,8720,197350716,194644408,2706308,48,282116,1893756,10520
2026-08-27T19:32:06.589748,393132552,389125364,389610576,128,750720,2203592,19216,34359738367,268480,16244,6928,9316,108,195781836,194482724,1299112,80,468920,309836,8720,197350716,194642640,2708076,48,281800,1893756,10496
2026-08-27T19:32:07.090806,393132552,389126376,389611588,128,750876,2203592,19216,34359738367,268448,16244,6928,9316,108,195781836,194482976,1298860,80,468996,309836,8720,197350716,194643400,2707316,48,281880,1893756,10496
2026-08-27T19:32:07.591839,393132552,389126688,389611784,128,751128,2203592,19240,34359738367,268384,16244,6928,9316,108,195781836,194482976,1298860,80,469024,309836,8720,197350716,194643712,2707004,48,282104,1893756,10520
2026-08-27T19:32:08.092920,393132552,389126264,389610452,132,751076,2203696,19240,34359738367,268464,16244,6928,9316,108,195781836,194482044,1299792,80,468896,309888,8720,197350716,194644220,2706496,52,282180,1893808,10520
2026-08-27T19:32:08.594010,393132552,389128872,389613320,132,750652,2203432,19240,34359738367,267504,16244,6928,9316,108,195781836,194482800,1299036,80,468552,309932,8720,197350716,194646072,2704644,52,282100,1893500,10520
2026-08-27T19:32:09.095050,393132552,389132164,389616708,60,750808,2203592,19240,34359738367,268464,16244,6928,9316,108,195781836,194484484,1297352,28,468628,310016,8720,197350716,194647680,2703036,32,282180,1893576,10520
2026-08-27T19:32:09.596103,393132552,389132316,389616888,60,750720,2203592,19240,34359738367,267520,16244,6928,9316,108,195781836,194484580,1297256,28,468568,310016,8720,197350716,194647736,2702980,32,282152,1893576,10520
2026-08-27T19:32:10.096914,393132552,389131812,389615896,68,750860,2203712,19240,34359738367,268480,16244,6928,9316,108,195781836,194484328,1297508,28,468640,310092,8720,197350716,194647484,2703232,40,282220,1893620,10520
2026-08-27T19:32:10.598006,393132552,389131340,389615904,76,750444,2203532,19240,34359738367,267792,16244,6928,9316,108,195781836,194484076,1297760,36,468304,310132,8720,197350716,194647264,2703452,40,282140,1893400,10520
2026-08-27T19:32:11.098805,393132552,389132032,389616680,88,750544,2203592,19240,34359738367,268480,16244,6928,9316,108,195781836,194485016,1296820,36,468356,310152,8720,197350716,194647016,2703700,52,282188,1893440,10520
2026-08-27T19:32:11.599859,393132552,389134908,389619720,88,750404,2203592,19240,34359738367,268400,16244,6928,9316,108,195781836,194486672,1295164,36,468284,310152,8720,197350716,194648236,2702480,52,282120,1893440,10520
2026-08-27T19:32:12.100690,393132552,389140016,389625044,92,750500,2203592,19240,34359738367,268272,16244,6928,9316,108,195781836,194489600,1292236,36,468344,310152,8720,197350716,194650416,2700300,56,282156,1893440,10520
2026-08-27T19:32:12.601766,393132552,389139792,389624308,92,750220,2203584,19192,34359738367,268240,16244,6928,9316,108,195781836,194489096,1292740,36,468192,310152,8720,197350716,194650696,2700020,56,282028,1893432,10472
2026-08-27T19:32:13.102601,393132552,389141564,389626232,96,750128,2203548,19240,34359738367,267552,16244,6928,9316,108,195781836,194489096,1292740,36,467972,310168,8720,197350716,194652468,2698248,60,282156,1893380,10520
2026-08-27T19:32:13.603375,393132552,389143520,389628524,112,749832,2203580,19224,34359738367,268432,16244,6928,9316,108,195781836,194490100,1291736,52,467788,310172,8720,197350716,194653420,2697296,60,282044,1893408,10504
2026-08-27T19:32:14.104427,393132552,389144024,389629100,116,749988,2203588,19224,34359738367,267792,16244,6928,9316,108,195781836,194489848,1291988,52,467868,310180,8720,197350716,194654176,2696540,64,282120,1893408,10504
2026-08-27T19:32:14.605433,393132552,389144672,389629200,116,749476,2203592,19240,34359738367,268464,16244,6928,9316,108,195781836,194490128,1291708,52,467420,310180,8720,197350716,194654544,2696172,64,282056,1893412,10520
2026-08-27T19:32:15.106465,393132552,389147644,389632236,116,749624,2203592,19240,34359738367,268208,16244,6928,9316,108,195781836,194490948,1290888,52,467492,310180,8720,197350716,194656696,2694020,64,282132,1893412,10520
2026-08-27T19:32:15.607279,393132552,389147896,389632624,116,749464,2203592,19240,34359738367,268480,16244,6928,9316,108,195781836,194491200,1290636,52,467412,310180,8720,197350716,194656696,2694020,64,282052,1893412,10520
2026-08-27T19:32:16.108300,393132552,389150140,389634928,120,749604,2203592,19240,34359738367,268304,16244,6928,9316,108,195781836,194492456,1289380,52,467484,310180,8720,197350716,194657684,2693032,68,282120,1893412,10520
2026-08-27T19:32:16.609112,393132552,389151548,389636336,136,749220,2203592,19220,34359738367,268480,16244,6928,9316,108,195781836,194493484,1288352,68,467404,310180,8720,197350716,194658064,2692652,68,281816,1893412,10500
2026-08-27T19:32:17.110204,393132552,389152840,389637764,148,749376,2203592,19220,34359738367,268400,16244,6928,9316,108,195781836,194493764,1288072,68,467484,310180,8720,197350716,194659076,2691640,80,281892,1893412,10500
2026-08-27T19:32:17.611042,393132552,389151236,389636160,148,749604,2203592,19232,34359738367,268480,16244,6928,9316,108,195781836,194493764,1288072,68,467500,310180,8720,197350716,194657472,2693244,80,282104,1893412,10512
2026-08-27T19:32:18.112107,393132552,389153976,389638900,152,749756,2203592,19232,34359738367,268432,16244,6928,9316,108,195781836,194494432,1287404,68,467576,310180,8720,197350716,194659544,2691172,84,282180,1893412,10512
2026-08-27T19:32:18.613164,393132552,389154456,389639380,156,749604,2203592,19240,34359738367,268480,16244,6928,9316,108,195781836,194494684,1287152,72,467496,310180,8720,197350716,194659772,2690944,84,282108,1893412,10520
2026-08-27T19:32:19.114272,393132552,389155984,389641088,164,749748,2203592,19240,34359738367,268448,16244,6928,9316,108,195781836,194495388,1286448,72,467572,310180,8720,197350716,194660596,2690120,92,282176,1893412,10520
2026-08-27T19:32:19.615317,393132552,389155268,389640372,164,749668,2203592,19240,34359738367,268480,16244,6928,9316,108,195781836,194495576,1286260,72,467516,310180,8720,197350716,194659692,2691024,92,282152,1893412,10520
2026-08-27T19:32:20.116381,393132552,389157056,389642256,168,749820,2203592,19240,34359738367,268464,16244,6928,9316,108,195781836,194495828,1286008,72,467596,310180,8720,197350716,194661228,2689488,96,282224,1893412,10520
2026-08-27T19:32:20.617503,393132552,389156564,389641816,168,749668,2203592,19240,34359738367,268480,16244,6928,9316,108,195781836,194496080,1285756,72,467516,310180,8720,197350716,194660484,2690232,96,282152,1893412,10520
2026-08-27T19:32:21.118570,393132552,389158916,389644216,172,749816,2203592,19240,34359738367,268464,16244,6928,9316,108,195781836,194496580,1285256,72,467592,310180,8720,197350716,194662336,2688380,100,282224,1893412,10520
2026-08-27T19:32:21.619628,393132552,389158384,389643684,180,749668,2203592,19240,34359738367,268496,16244,6928,9316,108,195781836,194496872,1284964,80,467516,310180,8720,197350716,194661512,2689204,100,282152,1893412,10520
2026-08-27T19:32:22.120694,393132552,389159652,389645000,184,749812,2203592,19240,34359738367,268464,16244,6928,9316,108,195781836,194497076,1284760,80,467592,310180,8720,197350716,194662576,2688140,104,282220,1893412,10520
2026-08-27T19:32:22.621772,393132552,389159708,389645096,184,749668,2203592,19240,34359738367,267520,16244,6928,9316,108,195781836,194497076,1284760,80,467516,310180,8720,197350716,194662632,2688084,104,282152,1893412,10520
2026-08-27T19:32:23.122818,393132552,389158296,389643756,192,749828,2203592,19240,34359738367,268464,16244,6928,9316,108,195781836,194497076,1284760,80,467600,310180,8720,197350716,194661220,2689496,112,282228,1893412,10520
2026-08-27T19:32:23.623859,393132552,389158768,389644228,192,749668,2203592,19240,34359738367,267616,16244,6928,9316,108,195781836,194497076,1284760,80,467516,310180,8720,197350716,194661692,2689024,112,282152,1893412,10520
2026-08-27T19:32:24.124813,393132552,389159968,389645500,196,749808,2203592,19240,34359738367,268464,16244,6928,9316,108,195781836,194497136,1284700,80,467584,310180,8720,197350716,194662832,2687884,116,282224,1893412,10520
2026-08-27T19:32:24.625920,393132552,389161008,389646608,200,749656,2203592,19240,34359738367,267760,16244,6928,9316,108,195781836,194497388,1284448,80,467508,310180,8720,197350716,194663620,2687096,120,282148,1893412,10520
2026-08-27T19:32:25.126756,393132552,389161296,389647304,180,749776,2203592,19240,34359738367,268496,16244,6928,9316,108,195781836,194497388,1284448,60,467568,310180,8720,197350716,194663908,2686808,120,282208,1893412,10520
2026-08-27T19:32:25.627800,393132552,389161404,389646676,180,749244,2203592,19240,34359738367,267904,16244,6928,9316,108,195781836,194497388,1284448,60,467116,310180,8720,197350716,194664016,2686700,120,282128,1893412,10520
2026-08-27T19:32:26.128767,393132552,389161296,389646596,184,749380,2203592,19240,34359738367,268480,16244,6928,9316,108,195781836,194497388,1284448,60,467188,310180,8720,197350716,194663908,2686808,124,282192,1893412,10520
2026-08-27T19:32:26.629856,393132552,389161800,389647132,184,749228,2203592,19240,34359738367,268432,16244,6928,9316,108,195781836,194497388,1284448,60,467108,310180,8720,197350716,194664412,2686304,124,282120,1893412,10520
2026-08-27T19:32:27.130664,393132552,389160592,389645852,188,749352,2203592,19240,34359738367,268320,16244,6928,9316,108,195781836,194497388,1284448,60,467176,310180,8720,197350716,194663204,2687512,128,282176,1893412,10520
2026-08-27T19:32:27.631711,393132552,389160760,389646040,200,749084,2203572,19200,34359738367,268448,16244,6928,9316,108,195781836,194497640,1284196,68,467028,310180,8720,197350716,194663120,2687596,132,282056,1893392,10480
2026-08-27T19:32:28.132731,393132552,389163116,389648448,200,749192,2203608,19200,34359738367,267520,16244,6928,9316,108,195781836,194497640,1284196,68,467076,310200,8720,197350716,194665476,2685240,132,282116,1893408,10480
2026-08-27T19:32:28.633708,393132552,389163668,389648676,216,748956,2203592,19240,34359738367,268448,16244,6928,9316,108,195781836,194497388,1284448,68,466768,310208,8720,197350716,194666280,2684436,148,282188,1893384,10520
2026-08-27T19:32:29.134729,393132552,389164652,389649680,224,748876,2203592,19240,34359738367,267840,16244,6928,9316,108,195781836,194497136,1284700,72,466728,310208,8720,197350716,194667516,2683200,152,282148,1893384,10520
2026-08-27T19:32:29.635507,393132552,389165556,389650608,224,748940,2203592,19240,34359738367,268480,16244,6928,9316,108,195781836,194497136,1284700,72,466764,310208,8720,197350716,194668420,2682296,152,282176,1893384,10520
2026-08-27T19:32:30.136525,393132552,389166596,389651664,228,748864,2203592,19240,34359738367,267936,16244,6928,9316,108,195781836,194497136,1284700,72,466724,310208,8720,197350716,194669460,2681256,156,282140,1893384,10520
2026-08-27T19:32:30.637287,393132552,389166992,389652064,224,748932,2203592,19240,34359738367,268480,16244,6928,9316,108,195781836,194497388,1284448,68,466764,310208,8720,197350716,194669604,2681112,156,282168,1893384,10520
2026-08-27T19:32:31.138305,393132552,389167700,389652784,224,748844,2203592,19240,34359738367,268192,16244,6928,9316,108,195781836,194497388,1284448,68,466716,310208,8720,197350716,194670312,2680404,156,282128,1893384,10520
2026-08-27T19:32:31.639114,393132552,389167620,389652772,228,748928,2203592,19240,34359738367,268480,16244,6928,9316,108,195781836,194497636,1284200,68,466752,310208,8720,197350716,194669984,2680732,160,282176,1893384,10520
2026-08-27T19:32:32.140142,393132552,389168344,389653496,228,748828,2203592,19240,34359738367,268400,16244,6928,9316,108,195781836,194497636,1284200,68,466704,310208,8720,197350716,194670708,2680008,160,282124,1893384,10520
2026-08-27T19:32:32.640972,393132552,389167852,389653004,240,748900,2203592,19240,34359738367,268480,16244,6928,9316,108,195781836,194497636,1284200,76,466744,310208,8720,197350716,194670216,2680500,164,282156,1893384,10520
2026-08-27T19:32:33.142049,393132552,389168812,389653968,240,748824,2203592,19240,34359738367,268416,16244,6928,9316,108,195781836,194497636,1284200,76,466700,310208,8720,197350716,194671176,2679540,164,282124,1893384,10520
2026-08-27T19:32:33.642906,393132552,389167376,389652564,240,748896,2203592,19240,34359738367,268480,16244,6928,9316,108,195781836,194498140,1283696,76,466740,310208,8720,197350716,194669236,2681480,164,282156,1893384,10520
2026-08-27T19:32:34.143947,393132552,389168436,389653644,244,748824,2203592,19240,34359738367,268448,16244,6928,9316,108,195781836,194498140,1283696,76,466696,310208,8720,197350716,194670296,2680420,168,282128,1893384,10520
2026-08-27T19:32:34.644988,393132552,389168264,389653472,256,748904,2203592,19240,34359738367,268480,16244,6928,9316,108,195781836,194498140,1283696,76,466744,310208,8720,197350716,194670124,2680592,180,282160,1893384,10520
2026-08-27T19:32:35.146085,393132552,389169280,389654488,268,748820,2203592,19240,34359738367,268448,16244,6928,9316,108,195781836,194498140,1283696,88,466700,310208,8720,197350716,194671140,2679576,180,282120,1893384,10520
2026-08-27T19:32:35.647124,393132552,389167500,389652744,44,748896,2203592,19240,34359738367,268480,16244,6928,9316,108,195781836,194498140,1283696,36,466740,310208,8720,197350716,194669360,2681356,8,282156,1893384,10520
2026-08-27T19:32:36.148161,393132552,389168516,389653792,48,748824,2203592,19240,34359738367,268464,16244,6928,9316,108,195781836,194498140,1283696,36,466704,310208,8720,197350716,194670376,2680340,12,282120,1893384,10520
2026-08-27T19:32:36.649261,393132552,389167900,389653176,52,748892,2203592,19240,34359738367,268496,16244,6928,9316,108,195781836,194498188,1283648,36,466740,310208,8720,197350716,194669712,2681004,16,282152,1893384,10520
2026-08-27T19:32:37.150284,393132552,389168440,389653716,56,748820,2203592,19240,34359738367,268464,16244,6928,9316,108,195781836,194498188,1283648,36,466696,310208,8720,197350716,194670252,2680464,20,282124,1893384,10520
2026-08-27T19:32:37.651328,393132552,389167724,389653000,60,748668,2203592,19240,34359738367,268496,16244,6928,9316,108,195781836,194498188,1283648,36,466620,310208,8720,197350716,194669536,2681180,24,282048,1893384,10520
2026-08-27T19:32:38.152360,393132552,389169252,389654528,60,748816,2203592,19240,34359738367,268464,16244,6928,9316,108,195781836,194498188,1283648,36,466696,310208,8720,197350716,194671064,2679652,24,282120,1893384,10520
2026-08-27T19:32:38.653417,393132552,389169524,389654800,76,748896,2203592,19240,34359738367,267520,16244,6928,9316,108,195781836,194498440,1283396,48,466740,310208,8720,197350716,194671084,2679632,28,282156,1893384,10520
2026-08-27T19:32:39.154163,393132552,389168596,389653880,76,748820,2203592,19240,34359738367,268464,16244,6928,9316,108,195781836,194498232,1283604,48,466700,310208,8720,197350716,194670364,2680352,28,282120,1893384,10520
2026-08-27T19:32:39.655371,393132552,389169448,389654740,136,748892,2203592,19240,34359738367,267616,16244,6928,9316,108,195781836,194498232,1283604,76,466736,310208,8720,197350716,194671216,2679500,60,282156,1893384,10520
2026-08-27T19:32:40.156121,393132552,389170952,389656032,136,748568,2203592,19220,34359738367,268480,16244,6928,9316,108,195781836,194498232,1283604,76,466688,310208,8720,197350716,194672720,2677996,60,281880,1893384,10500
2026-08-27T19:32:40.657132,393132552,389170584,389655616,140,748524,2203592,19240,34359738367,267792,16244,6928,9316,108,195781836,194498232,1283604,76,466432,310208,8720,197350716,194672352,2678364,64,282092,1893384,10520
2026-08-27T19:32:41.157958,393132552,389170272,389655136,140,748672,2203592,19240,34359738367,268496,16244,6928,9316,108,195781836,194498232,1283604,76,466508,310208,8720,197350716,194672040,2678676,64,282164,1893384,10520
2026-08-27T19:32:41.658982,393132552,389170332,389655008,144,748348,2203564,19240,34359738367,267904,16244,6928,9316,108,195781836,194498484,1283352,76,466192,310208,8720,197350716,194671848,2678868,68,282156,1893356,10520
2026-08-27T19:32:42.159750,393132552,389167608,389651680,144,748464,2203584,19240,34359738367,268384,16244,6928,9316,108,195781836,194495712,1286124,76,466248,310216,8720,197350716,194671896,2678820,68,282216,1893368,10520
2026-08-27T19:32:42.660731,393132552,389165280,389648900,144,748324,2203464,19240,34359738367,268272,16244,6928,9316,108,195781836,194493948,1287888,76,466068,310300,8720,197350716,194671332,2679384,68,282256,1893164,10520
2026-08-27T19:32:43.161564,393132552,389160776,389644628,144,747988,2203532,19240,34359738367,268480,16244,6928,9316,108,195781836,194492436,1289400,76,465792,310436,8720,197350716,194668340,2682376,68,282196,1893096,10520
2026-08-27T19:32:43.662612,393132552,389160600,389644460,156,747836,2203560,19240,34359738367,268448,16244,6928,9316,108,195781836,194492436,1289400,84,465720,310452,8720,197350716,194668164,2682552,72,282116,1893108,10520
2026-08-27T19:32:44.163640,393132552,389159876,389643728,156,747960,2203564,19240,34359738367,268416,16244,6928,9316,108,195781836,194492436,1289400,84,465784,310452,8720,197350716,194667440,2683276,72,282176,1893112,10520
2026-08-27T19:32:44.664674,393132552,389160648,389644264,104,747540,2203564,19240,34359738367,268480,16244,6928,9316,108,195781836,194492688,1289148,48,465436,310452,8720,197350716,194667960,2682756,56,282104,1893112,10520
2026-08-27T19:32:45.165753,393132552,389162244,389645860,104,747672,2203564,19240,34359738367,267504,16244,6928,9316,108,195781836,194493188,1288648,48,465508,310452,8720,197350716,194669056,2681660,56,282164,1893112,10520
2026-08-27T19:32:45.666693,393132552,389163344,389647052,116,747508,2203564,19240,34359738367,268464,16244,6928,9316,108,195781836,194494136,1287700,48,465424,310452,8720,197350716,194669208,2681508,68,282084,1893112,10520
2026-08-27T19:32:46.167709,393132552,389168556,389652288,116,747660,2203564,19240,34359738367,267824,16244,6928,9316,108,195781836,194496360,1285476,48,465504,310452,8720,197350716,194672196,2678520,68,282156,1893112,10520
2026-08-27T19:32:46.668580,393132552,389168856,389652588,124,747736,2203564,19240,34359738367,268464,16244,6928,9316,108,195781836,194496612,1285224,48,465544,310452,8720,197350716,194672244,2678472,76,282192,1893112,10520
2026-08-27T19:32:47.169648,393132552,389170924,389654708,124,747656,2203564,19240,34359738367,267920,16244,6928,9316,108,195781836,194496612,1285224,48,465500,310452,8720,197350716,194674312,2676404,76,282156,1893112,10520
2026-08-27T19:32:47.670496,393132552,389171360,389655148,128,747732,2203564,19240,34359738367,268480,16244,6928,9316,108,195781836,194496664,1285172,48,465540,310452,8720,197350716,194674696,2676020,80,282192,1893112,10520
2026-08-27T19:32:48.171512,393132552,389173068,389656876,128,747636,2203564,19240,34359738367,268128,16244,6928,9316,108,195781836,194496908,1284928,48,465492,310452,8720,197350716,194676160,2674556,80,282144,1893112,10520
2026-08-27T19:32:48.672301,393132552,389173184,389656992,132,747952,2203564,19464,34359738367,268448,16244,6928,9316,108,195781836,194497652,1284184,48,465532,310452,8720,197350716,194675532,2675184,84,282420,1893112,10744
2026-08-27T19:32:49.173358,393132552,389174744,389658552,132,747636,2203564,19240,34359738367,268256,16244,6928,9316,108,195781836,194498144,1283692,48,465492,310452,8720,197350716,194676600,2674116,84,282144,1893112,10520
2026-08-27T19:32:49.674161,393132552,389173820,389657628,144,747460,2203564,19240,34359738367,268464,16244,6928,9316,108,195781836,194498392,1283444,56,465396,310452,8720,197350716,194675428,2675288,88,282064,1893112,10520
2026-08-27T19:32:50.175464,393132552,389174788,389658604,144,747620,2203564,19240,34359738367,268368,16244,6928,9316,108,195781836,194498644,1283192,56,465476,310452,8720,197350716,194676144,2674572,88,282144,1893112,10520
2026-08-27T19:32:50.676331,393132552,389172592,389656424,144,747460,2203564,19240,34359738367,268480,16244,6928,9316,108,195781836,194498392,1283444,56,465396,310452,8720,197350716,194674200,2676516,88,282064,1893112,10520
2026-08-27T19:32:51.177402,393132552,389173332,389657180,144,747616,2203564,19240,34359738367,268432,16244,6928,9316,108,195781836,194498392,1283444,56,465472,310452,8720,197350716,194674940,2675776,88,282144,1893112,10520
2026-08-27T19:32:51.678265,393132552,389173056,389656920,156,747456,2203564,19240,34359738367,268480,16244,6928,9316,108,195781836,194498392,1283444,56,465396,310452,8720,197350716,194674664,2676052,100,282060,1893112,10520
2026-08-27T19:32:52.179293,393132552,389173732,389657596,156,747616,2203564,19240,34359738367,268448,16244,6928,9316,108,195781836,194498416,1283420,56,465480,310452,8720,197350716,194675316,2675400,100,282136,1893112,10520
2026-08-27T19:32:52.680143,393132552,389171888,389655772,160,747452,2203564,19240,34359738367,268480,16244,6928,9316,108,195781836,194498416,1283420,56,465392,310452,8720,197350716,194673472,2677244,104,282060,1893112,10520
2026-08-27T19:32:53.181188,393132552,389172968,389656872,160,747608,2203564,19240,34359738367,268448,16244,6928,9316,108,195781836,194498668,1283168,56,465476,310452,8720,197350716,194674300,2676416,104,282132,1893112,10520
2026-08-27T19:32:53.682280,393132552,389173156,389657072,164,747464,2203564,19240,34359738367,268480,16244,6928,9316,108,195781836,194498668,1283168,56,465400,310452,8720,197350716,194674488,2676228,108,282064,1893112,10520
2026-08-27T19:32:54.183316,393132552,389175576,389659492,164,747608,2203564,19240,34359738367,268464,16244,6928,9316,108,195781836,194498668,1283168,56,465476,310452,8720,197350716,194676908,2673808,108,282132,1893112,10520
2026-08-27T19:32:54.684378,393132552,389173808,389657724,176,747460,2203564,19240,34359738367,268480,16244,6928,9316,108,195781836,194498920,1282916,64,465400,310452,8720,197350716,194674888,2675828,112,282060,1893112,10520
2026-08-27T19:32:55.185483,393132552,389174780,389658716,176,747616,2203564,19240,34359738367,268464,16244,6928,9316,108,195781836,194498920,1282916,64,465480,310452,8720,197350716,194675860,2674856,112,282136,1893112,10520
2026-08-27T19:32:55.686567,393132552,389174444,389658444,188,747456,2203564,19240,34359738367,268496,16244,6928,9316,108,195781836,194498920,1282916,72,465400,310452,8720,197350716,194675524,2675192,116,282056,1893112,10520
2026-08-27T19:32:56.187631,393132552,389175936,389659960,196,747624,2203564,19240,34359738367,268464,16244,6928,9316,108,195781836,194499168,1282668,76,465480,310452,8720,197350716,194676768,2673948,120,282144,1893112,10520
2026-08-27T19:32:56.688626,393132552,389176096,389660120,200,747212,2203564,19220,34359738367,267552,16244,6928,9316,108,195781836,194499168,1282668,76,465392,310452,8720,197350716,194676928,2673788,124,281820,1893112,10500
2026-08-27T19:32:57.189386,393132552,389176524,389660548,200,747364,2203564,19220,34359738367,268464,16244,6928,9316,108,195781836,194499168,1282668,76,465472,310452,8720,197350716,194677356,2673360,124,281892,1893112,10500
2026-08-27T19:32:57.690388,393132552,389176316,389660340,212,747616,2203564,19240,34359738367,267632,16244,6928,9316,108,195781836,194499168,1282668,76,465492,310452,8720,197350716,194677148,2673568,136,282124,1893112,10520
2026-08-27T19:32:58.191094,393132552,389175460,389659504,216,747768,2203564,19240,34359738367,268448,16244,6928,9316,108,195781836,194499168,1282668,80,465576,310452,8720,197350716,194676292,2674424,136,282192,1893112,10520
2026-08-27T19:32:58.692117,393132552,389175124,389659168,216,747604,2203564,19240,34359738367,267760,16244,6928,9316,108,195781836,194499168,1282668,80,465484,310452,8720,197350716,194675956,2674760,136,282120,1893112,10520
2026-08-27T19:32:59.193006,393132552,389174796,389658844,216,747748,2203564,19240,34359738367,268480,16244,6928,9316,108,195781836,194499168,1282668,80,465560,310452,8720,197350716,194675628,2675088,136,282188,1893112,10520
2026-08-27T19:32:59.694096,393132552,389174712,389658776,220,747648,2203564,19240,34359738367,267856,16244,6928,9316,108,195781836,194499168,1282668,80,465500,310452,8720,197350716,194675544,2675172,140,282148,1893112,10520
2026-08-27T19:33:00.194907,393132552,389175280,389659348,220,748028,2203564,19468,34359738367,268448,16244,6928,9316,108,195781836,194499168,1282668,80,465576,310452,8720,197350716,194676112,2674604,140,282452,1893112,10748
2026-08-27T19:33:00.695961,393132552,389398232,389657516,232,747648,1976764,19240,34359738367,268416,16244,6928,9316,108,195781836,194721944,1059892,88,465500,83652,8720,197350716,194676288,2674428,144,282148,1893112,10520
2026-08-27T19:33:01.196726,393132552,389177636,389696784,296,866804,2124192,19240,34359738367,268400,16244,6928,9316,108,195781836,194624996,1156840,140,585140,83248,8720,197350716,194552388,2798328,156,282168,2041228,10520
2026-08-27T19:33:01.697575,393132552,388612072,389683956,300,1351048,2192712,19240,34359738367,268128,16244,6928,9316,108,195781836,194122256,1659580,140,1069384,84000,8720,197350716,194489816,2860900,160,282168,2108712,10520
2026-08-27T19:33:02.198321,393132552,387981096,389690236,300,1979676,2200656,19196,34359738367,267536,16244,6928,9316,108,195781836,193495280,2286556,140,1698092,84448,8720,197350716,194485816,2864900,160,282088,2116208,10476
2026-08-27T19:33:02.699154,393132552,387528756,389646412,304,2386564,2202936,19196,34359738367,268448,16244,6928,9316,108,195781836,193044452,2737384,140,2104456,84528,8720,197350716,194484304,2866412,164,282108,2118408,10476
2026-08-27T19:33:03.200199,393132552,387523212,389655724,304,2400268,2203416,19240,34359738367,268224,16244,6928,9316,108,195781836,193039412,2742424,140,2118124,84536,8720,197350716,194483800,2866916,164,282144,2118880,10520
2026-08-27T19:33:03.701282,393132552,387520944,389656576,312,2403524,2203564,19468,34359738367,268448,16244,6928,9316,108,195781836,193037900,2743936,140,2121076,84540,8720,197350716,194483044,2867672,172,282448,2119024,10748
2026-08-27T19:33:04.202379,393132552,387521204,389658916,312,2404720,2203564,19240,34359738367,268464,16244,6928,9316,108,195781836,193037908,2743928,140,2122512,84540,8720,197350716,194483296,2867420,172,282208,2119024,10520
2026-08-27T19:33:04.703461,393132552,387521136,389659216,320,2404820,2203564,19240,34359738367,267504,16244,6928,9316,108,195781836,193037928,2743908,140,2122724,84540,8720,197350716,194483208,2867508,180,282096,2119024,10520
2026-08-27T19:33:05.204208,393132552,387520152,389658788,320,2405080,2203564,19240,34359738367,268448,16244,6928,9316,108,195781836,193037948,2743888,140,2122872,84540,8720,197350716,194482204,2868512,180,282208,2119024,10520
2026-08-27T19:33:05.705285,393132552,387518848,389657600,324,2404784,2203564,19240,34359738367,268480,16244,6928,9316,108,195781836,193037948,2743888,140,2122720,84540,8720,197350716,194480900,2869816,184,282064,2119024,10520
2026-08-27T19:33:06.206342,393132552,387522636,389661860,224,2405000,2203564,19240,34359738367,267632,16244,6928,9316,108,195781836,193037948,2743888,144,2122856,84540,8720,197350716,194484688,2866028,80,282144,2119024,10520
2026-08-27T19:33:06.707099,393132552,387524180,389663720,236,2404920,2203564,19240,34359738367,268464,16244,6928,9316,108,195781836,193038200,2743636,152,2122828,84540,8720,197350716,194485980,2864736,84,282092,2119024,10520
2026-08-27T19:33:07.208202,393132552,387523752,389663396,236,2405140,2203564,19240,34359738367,268480,16244,6928,9316,108,195781836,193038200,2743636,152,2122944,84540,8720,197350716,194485552,2865164,84,282196,2119024,10520
2026-08-27T19:33:07.709243,393132552,387524444,389664184,240,2405012,2203564,19240,34359738367,267632,16244,6928,9316,108,195781836,193038704,2743132,152,2122876,84540,8720,197350716,194485740,2864976,88,282136,2119024,10520
2026-08-27T19:33:08.210008,393132552,387522428,389662652,240,2405544,2203564,19240,34359738367,268464,16244,6928,9316,108,195781836,193037696,2744140,152,2123292,84540,8720,197350716,194484732,2865984,88,282252,2119024,10520
2026-08-27T19:33:08.711128,393132552,387523444,389663768,244,2405336,2203564,19240,34359738367,268480,16244,6928,9316,108,195781836,193040552,2741284,152,2123280,84540,8720,197350716,194482892,2867824,92,282056,2119024,10520
2026-08-27T19:33:09.212196,393132552,387526264,389666788,244,2405592,2203564,19240,34359738367,267712,16244,6928,9316,108,195781836,193040804,2741032,152,2123448,84540,8720,197350716,194485460,2865256,92,282144,2119024,10520
2026-08-27T19:33:09.712986,393132552,387530772,389671388,256,2405492,2203564,19240,34359738367,268464,16244,6928,9316,108,195781836,193045892,2735944,152,2123396,84540,8720,197350716,194484880,2865836,104,282096,2119024,10520
2026-08-27T19:33:10.214143,393132552,387531176,389671876,256,2405704,2203564,19240,34359738367,268480,16244,6928,9316,108,195781836,193047032,2734804,152,2123508,84540,8720,197350716,194484144,2866572,104,282196,2119024,10520
2026-08-27T19:33:10.715221,393132552,387536112,389676992,260,2405560,2203564,19240,34359738367,267728,16244,6928,9316,108,195781836,193052380,2729456,152,2123428,84540,8720,197350716,194483732,2866984,108,282132,2119024,10520
2026-08-27T19:33:11.216021,393132552,387536824,389677704,164,2405792,2203564,19240,34359738367,268464,16244,6928,9316,108,195781836,193053852,2727984,104,2123552,84540,8720,197350716,194482972,2867744,60,282240,2119024,10520
2026-08-27T19:33:11.717122,393132552,387537896,389678788,176,2405416,2203564,19240,34359738367,268480,16244,6928,9316,108,195781836,193057024,2724812,108,2123356,84540,8720,197350716,194480872,2869844,68,282060,2119024,10520
2026-08-27T19:33:12.218251,393132552,387541500,389682468,176,2405592,2203564,19240,34359738367,267840,16244,6928,9316,108,195781836,193058556,2723280,108,2123444,84540,8720,197350716,194482944,2867772,68,282148,2119024,10520
2026-08-27T19:33:12.719051,393132552,387542040,389683012,180,2405468,2203564,19240,34359738367,268464,16244,6928,9316,108,195781836,193059244,2722592,108,2123384,84540,8720,197350716,194482796,2867920,72,282084,2119024,10520
2026-08-27T19:33:13.220140,393132552,387542448,389683552,180,2405680,2203564,19240,34359738367,268480,16244,6928,9316,108,195781836,193059868,2721968,108,2123492,84540,8720,197350716,194482580,2868136,72,282188,2119024,10520
2026-08-27T19:33:13.721252,393132552,387542820,389684004,184,2405552,2203564,19240,34359738367,268016,16244,6928,9316,108,195781836,193060372,2721464,108,2123428,84540,8720,197350716,194482448,2868268,76,282124,2119024,10520
2026-08-27T19:33:14.222043,393132552,387540420,389681796,188,2405776,2203564,19240,34359738367,268464,16244,6928,9316,108,195781836,193060492,2721344,108,2123544,84540,8720,197350716,194479928,2870788,80,282232,2119024,10520
2026-08-27T19:33:14.723144,393132552,387539088,389680468,192,2405400,2203564,19240,34359738367,268480,16244,6928,9316,108,195781836,193060492,2721344,108,2123344,84540,8720,197350716,194478596,2872120,84,282056,2119024,10520
2026-08-27T19:33:15.224222,393132552,387541004,389682444,192,2405604,2203564,19240,34359738367,268224,16244,6928,9316,108,195781836,193060492,2721344,108,2123448,84540,8720,197350716,194480512,2870204,84,282156,2119024,10520
2026-08-27T19:33:15.725036,393132552,387540904,389682352,208,2405464,2203564,19240,34359738367,268464,16244,6928,9316,108,195781836,193060492,2721344,108,2123376,84540,8720,197350716,194480412,2870304,100,282088,2119024,10520
2026-08-27T19:33:16.226172,393132552,387541212,389682764,148,2405640,2203564,19240,34359738367,268448,16244,6928,9316,108,195781836,193060492,2721344,72,2123472,84540,8720,197350716,194480720,2869996,76,282168,2119024,10520
2026-08-27T19:33:16.727256,393132552,387541276,389682900,188,2405532,2203564,19240,34359738367,268192,16244,6928,9316,108,195781836,193060492,2721344,104,2123416,84540,8720,197350716,194480784,2869932,84,282116,2119024,10520
2026-08-27T19:33:17.228276,393132552,387541780,389683448,188,2405764,2203564,19240,34359738367,268448,16244,6928,9316,108,195781836,193060492,2721344,104,2123536,84540,8720,197350716,194481288,2869428,84,282228,2119024,10520
2026-08-27T19:33:17.729405,393132552,387542084,389683772,200,2405644,2203564,19240,34359738367,268480,16244,6928,9316,108,195781836,193060492,2721344,112,2123472,84540,8720,197350716,194481592,2869124,88,282172,2119024,10520
2026-08-27T19:33:18.230502,393132552,387544428,389686160,200,2405840,2203564,19240,34359738367,268368,16244,6928,9316,108,195781836,193060492,2721344,112,2123576,84540,8720,197350716,194483936,2866780,88,282264,2119024,10520
2026-08-27T19:33:18.731563,393132552,387544596,389686328,204,2405676,2203564,19240,34359738367,268480,16244,6928,9316,108,195781836,193060492,2721344,112,2123488,84540,8720,197350716,194484104,2866612,92,282188,2119024,10520
2026-08-27T19:33:19.232647,393132552,387544524,389686348,204,2405864,2203564,19240,34359738367,268480,16244,6928,9316,108,195781836,193060492,2721344,112,2123588,84540,8720,197350716,194484032,2866684,92,282276,2119024,10520
2026-08-27T19:33:19.733801,393132552,387544712,389686648,204,2405516,2203564,19240,34359738367,268384,16244,6928,9316,108,195781836,193060612,2721224,112,2123408,84540,8720,197350716,194484100,2866616,92,282108,2119024,10520
2026-08-27T19:33:20.234856,393132552,387542696,389684632,204,2405744,2203564,19240,34359738367,268480,16244,6928,9316,108,195781836,193060612,2721224,112,2123524,84540,8720,197350716,194482084,2868632,92,282220,2119024,10520
2026-08-27T19:33:20.735937,393132552,387542760,389684788,208,2405624,2203564,19240,34359738367,268480,16244,6928,9316,108,195781836,193060612,2721224,112,2123460,84540,8720,197350716,194482148,2868568,96,282164,2119024,10520
2026-08-27T19:33:21.237053,393132552,387545572,389687656,208,2405828,2203564,19240,34359738367,268416,16244,6928,9316,108,195781836,193061352,2720484,112,2123572,84540,8720,197350716,194484220,2866496,96,282256,2119024,10520
2026-08-27T19:33:21.738079,393132552,387543620,389685772,220,2405680,2203564,19240,34359738367,268480,16244,6928,9316,108,195781836,193061352,2720484,112,2123492,84540,8720,197350716,194482268,2868448,108,282188,2119024,10520
2026-08-27T19:33:22.239184,393132552,387542576,389684788,220,2405864,2203564,19240,34359738367,268464,16244,6928,9316,108,195781836,193061360,2720476,112,2123588,84540,8720,197350716,194481216,2869500,108,282276,2119024,10520
2026-08-27T19:33:22.740307,393132552,387542036,389684272,224,2405516,2203564,19240,34359738367,268400,16244,6928,9316,108,195781836,193061360,2720476,112,2123412,84540,8720,197350716,194480676,2870040,112,282104,2119024,10520
2026-08-27T19:33:23.241424,393132552,387543192,389685444,228,2405736,2203564,19240,34359738367,268480,16244,6928,9316,108,195781836,193062660,2719176,112,2123520,84540,8720,197350716,194480532,2870184,116,282216,2119024,10520
2026-08-27T19:33:23.742517,393132552,387541092,389683344,240,2405520,2203564,19240,34359738367,268480,16244,6928,9316,108,195781836,193062660,2719176,120,2123420,84540,8720,197350716,194478432,2872284,120,282100,2119024,10520
2026-08-27T19:33:24.243607,393132552,387544624,389686888,240,2405752,2203564,19240,34359738367,268432,16244,6928,9316,108,195781836,193063892,2717944,120,2123544,84540,8720,197350716,194480732,2869984,120,282208,2119024,10520
2026-08-27T19:33:24.744700,393132552,387545176,389687472,244,2405448,2203564,19240,34359738367,268480,16244,6928,9316,108,195781836,193065344,2716492,120,2123368,84540,8720,197350716,194479832,2870884,124,282080,2119024,10520
2026-08-27T19:33:25.245858,393132552,387546776,389689092,244,2405620,2203564,19240,34359738367,268464,16244,6928,9316,108,195781836,193065928,2715908,120,2123456,84540,8720,197350716,194480848,2869868,124,282164,2119024,10520
2026-08-27T19:33:25.746960,393132552,387547340,389689680,248,2405280,2203564,19016,34359738367,268416,16244,6928,9316,108,195781836,193066252,2715584,120,2123404,84540,8720,197350716,194481088,2869628,128,281876,2119024,10296
2026-08-27T19:33:26.248059,393132552,387547156,389689540,248,2405672,2203564,19220,34359738367,268448,16244,6928,9316,108,195781836,193066544,2715292,120,2123496,84540,8720,197350716,194480612,2870104,128,282176,2119024,10500
2026-08-27T19:33:26.749167,393132552,387546840,389689224,252,2405580,2203564,19240,34359738367,268480,16244,6928,9316,108,195781836,193066604,2715232,120,2123440,84540,8720,197350716,194480236,2870480,132,282140,2119024,10520
2026-08-27T19:33:27.250304,393132552,387548136,389690604,252,2405576,2203564,19240,34359738367,268432,16244,6928,9316,108,195781836,193066352,2715484,120,2123436,84540,8720,197350716,194481784,2868932,132,282140,2119024,10520
2026-08-27T19:33:27.751373,393132552,387547560,389690028,260,2405692,2203564,19240,34359738367,268480,16244,6928,9316,108,195781836,193066352,2715484,120,2123492,84540,8720,197350716,194481208,2869508,140,282200,2119024,10520
2026-08-27T19:33:28.252429,393132552,387547792,389690260,260,2405852,2203564,19240,34359738367,267536,16244,6928,9316,108,195781836,193066512,2715324,120,2123580,84540,8720,197350716,194481280,2869436,140,282272,2119024,10520
2026-08-27T19:33:28.753257,393132552,387546816,389689296,272,2405508,2203564,19240,34359738367,268416,16244,6928,9316,108,195781836,193066808,2715028,128,2123396,84540,8720,197350716,194480008,2870708,144,282112,2119024,10520
2026-08-27T19:33:29.254345,393132552,387546036,389688516,272,2405720,2203564,19240,34359738367,268448,16244,6928,9316,108,195781836,193067036,2714800,128,2123508,84540,8720,197350716,194479000,2871716,144,282212,2119024,10520
2026-08-27T19:33:29.755417,393132552,387545764,389688256,276,2405580,2203564,19240,34359738367,267504,16244,6928,9316,108,195781836,193067036,2714800,128,2123436,84540,8720,197350716,194478728,2871988,148,282144,2119024,10520
2026-08-27T19:33:30.256189,393132552,387546784,389689276,276,2405564,2203564,19240,34359738367,268432,16244,6928,9316,108,195781836,193067296,2714540,128,2123428,84540,8720,197350716,194479488,2871228,148,282136,2119024,10520
2026-08-27T19:33:30.757288,393132552,387546828,389689320,280,2405692,2203564,19240,34359738367,268448,16244,6928,9316,108,195781836,193067548,2714288,128,2123496,84540,8720,197350716,194479280,2871436,152,282196,2119024,10520
2026-08-27T19:33:31.258356,393132552,387546560,389689052,280,2405140,2203564,19216,34359738367,267504,16244,6928,9316,108,195781836,193067548,2714288,128,2123328,84540,8720,197350716,194479012,2871704,152,281812,2119024,10496
2026-08-27T19:33:31.759143,393132552,387545536,389688028,280,2405264,2203564,19216,34359738367,268432,16244,6928,9316,108,195781836,193067548,2714288,124,2123392,84540,8720,197350716,194477988,2872728,156,281872,2119024,10496
2026-08-27T19:33:32.260262,393132552,387544268,389686780,280,2405484,2203564,19216,34359738367,268448,16244,6928,9316,108,195781836,193067548,2714288,124,2123512,84540,8720,197350716,194476720,2873996,156,281972,2119024,10496
2026-08-27T19:33:32.761374,393132552,387544968,389687484,224,2405580,2203564,19240,34359738367,267632,16244,6928,9316,108,195781836,193067548,2714288,72,2123436,84540,8720,197350716,194477420,2873296,152,282144,2119024,10520
2026-08-27T19:33:33.262144,393132552,387545088,389687632,224,2405560,2203564,19240,34359738367,268432,16244,6928,9316,108,195781836,193067548,2714288,72,2123428,84540,8720,197350716,194477540,2873176,152,282132,2119024,10520
2026-08-27T19:33:33.763242,393132552,387545552,389688096,236,2405692,2203564,19240,34359738367,268448,16244,6928,9316,108,195781836,193067548,2714288,72,2123492,84540,8720,197350716,194478004,2872712,164,282200,2119024,10520
2026-08-27T19:33:34.264307,393132552,387545728,389688272,236,2405144,2203564,19232,34359738367,267680,16244,6928,9316,108,195781836,193067548,2714288,72,2123332,84540,8720,197350716,194478180,2872536,164,281812,2119024,10512
2026-08-27T19:33:34.765075,393132552,387544032,389686576,256,2405264,2203564,19232,34359738367,268432,16244,6928,9316,108,195781836,193067548,2714288,88,2123388,84540,8720,197350716,194476484,2874232,168,281876,2119024,10512
2026-08-27T19:33:35.266212,393132552,387543136,389685680,256,2405472,2203564,19240,34359738367,268384,16244,6928,9316,108,195781836,193067548,2714288,88,2123380,84540,8720,197350716,194475588,2875128,168,282092,2119024,10520
2026-08-27T19:33:35.767280,393132552,387543488,389686032,260,2405572,2203564,19240,34359738367,267568,16244,6928,9316,108,195781836,193067548,2714288,88,2123432,84540,8720,197350716,194475940,2874776,172,282140,2119024,10520
2026-08-27T19:33:36.268051,393132552,387542764,389685308,260,2405796,2203564,19240,34359738367,268352,16244,6928,9316,108,195781836,193067548,2714288,88,2123552,84540,8720,197350716,194475216,2875500,172,282244,2119024,10520
2026-08-27T19:33:36.769151,393132552,387543116,389685720,264,2405688,2203564,19240,34359738367,268384,16244,6928,9316,108,195781836,193067548,2714288,88,2123488,84540,8720,197350716,194475568,2875148,176,282200,2119024,10520
2026-08-27T19:33:37.270260,393132552,387543372,389685976,116,2405528,2203564,19220,34359738367,267616,16244,6928,9316,108,195781836,193067800,2714036,68,2123428,84540,8720,197350716,194475572,2875144,48,282100,2119024,10500
2026-08-27T19:33:37.771041,393132552,387542676,389685280,128,2405640,2203564,19220,34359738367,268368,16244,6928,9316,108,195781836,193068052,2713784,68,2123484,84540,8720,197350716,194474624,2876092,60,282156,2119024,10500
2026-08-27T19:33:38.272126,393132552,387540272,389682876,164,2405460,2203564,19240,34359738367,268384,16244,6928,9316,108,195781836,193068052,2713784,88,2123376,84540,8720,197350716,194472220,2878496,76,282084,2119024,10520
2026-08-27T19:33:38.773186,393132552,387540908,389683512,176,2405568,2203564,19240,34359738367,267680,16244,6928,9316,108,195781836,193068052,2713784,88,2123428,84540,8720,197350716,194472856,2877860,88,282140,2119024,10520
2026-08-27T19:33:39.273959,393132552,387543460,389686064,176,2405596,2203564,19240,34359738367,268384,16244,6928,9316,108,195781836,193068304,2713532,88,2123528,84540,8720,197350716,194475156,2875560,88,282068,2119024,10520
2026-08-27T19:33:39.774993,393132552,387544052,389686656,184,2405744,2203564,19240,34359738367,268000,16244,6928,9316,108,195781836,193068304,2713532,96,2123676,84540,8720,197350716,194475748,2874968,88,282068,2119024,10520
2026-08-27T19:33:40.275886,393132552,387542544,389685228,184,2405752,2203564,19240,34359738367,268384,16244,6928,9316,108,195781836,193068304,2713532,96,2123660,84540,8720,197350716,194474240,2876476,88,282092,2119024,10520
2026-08-27T19:33:40.776956,393132552,387542940,389685624,192,2405872,2203564,19240,34359738367,267600,16244,6928,9316,108,195781836,193068304,2713532,96,2123700,84540,8720,197350716,194474636,2876080,96,282172,2119024,10520
2026-08-27T19:33:41.277741,393132552,387541988,389684672,192,2405792,2203564,19240,34359738367,268368,16244,6928,9316,108,195781836,193068304,2713532,96,2123696,84540,8720,197350716,194473684,2877032,96,282096,2119024,10520
2026-08-27T19:33:41.778837,393132552,387542244,389684928,196,2405932,2203564,19240,34359738367,268384,16244,6928,9316,108,195781836,193068304,2713532,96,2123760,84540,8720,197350716,194473940,2876776,100,282172,2119024,10520
2026-08-27T19:33:42.279916,393132552,387542996,389685704,144,2405808,2203564,19232,34359738367,267584,16244,6928,9316,108,195781836,193068304,2713532,52,2123696,84540,8720,197350716,194474692,2876024,92,282112,2119024,10512
2026-08-27T19:33:42.780682,393132552,387542640,389685364,148,2405912,2203564,19232,34359738367,268368,16244,6928,9316,108,195781836,193068304,2713532,52,2123752,84540,8720,197350716,194474336,2876380,96,282160,2119024,10512
2026-08-27T19:33:43.281810,393132552,387540492,389683216,156,2405728,2203564,19240,34359738367,268384,16244,6928,9316,108,195781836,193068304,2713532,56,2123644,84540,8720,197350716,194472188,2878528,100,282084,2119024,10520
2026-08-27T19:33:43.782877,393132552,387540668,389683392,160,2405828,2203564,19240,34359738367,267664,16244,6928,9316,108,195781836,193068304,2713532,56,2123696,84540,8720,197350716,194472364,2878352,104,282132,2119024,10520
2026-08-27T19:33:44.283670,393132552,387540332,389683056,160,2405832,2203564,19240,34359738367,268368,16244,6928,9316,108,195781836,193068304,2713532,56,2123696,84540,8720,197350716,194472028,2878688,104,282136,2119024,10520
2026-08-27T19:33:44.784767,393132552,387539220,389681956,172,2405968,2203564,19240,34359738367,268384,16244,6928,9316,108,195781836,193068304,2713532,56,2123768,84540,8720,197350716,194470916,2879800,116,282200,2119024,10520
2026-08-27T19:33:45.285911,393132552,387540644,389683380,172,2405884,2203564,19240,34359738367,267808,16244,6928,9316,108,195781836,193068304,2713532,56,2123724,84540,8720,197350716,194472340,2878376,116,282160,2119024,10520
2026-08-27T19:33:45.786707,393132552,387540684,389683420,188,2405976,2203564,19240,34359738367,268368,16244,6928,9316,108,195781836,193068304,2713532,68,2123772,84540,8720,197350716,194472380,2878336,120,282204,2119024,10520
2026-08-27T19:33:46.287812,393132552,387540352,389683104,188,2405944,2203564,19240,34359738367,268368,16244,6928,9316,108,195781836,193068304,2713532,68,2123756,84540,8720,197350716,194472048,2878668,120,282188,2119024,10520
2026-08-27T19:33:46.788881,393132552,387540704,389683456,192,2406048,2203564,19240,34359738367,268080,16244,6928,9316,108,195781836,193068304,2713532,68,2123808,84540,8720,197350716,194472400,2878316,124,282240,2119024,10520
2026-08-27T19:33:47.289728,393132552,387540768,389683544,60,2405804,2203564,19240,34359738367,268368,16244,6928,9316,108,195781836,193068304,2713532,12,2123680,84540,8720,197350716,194472464,2878252,48,282124,2119024,10520
2026-08-27T19:33:47.790829,393132552,387541548,389684340,88,2405948,2203564,19240,34359738367,268384,16244,6928,9316,108,195781836,193068304,2713532,36,2123752,84540,8720,197350716,194473244,2877472,52,282196,2119024,10520
2026-08-27T19:33:48.291924,393132552,387542720,389685512,88,2405892,2203564,19240,34359738367,268208,16244,6928,9316,108,195781836,193068304,2713532,36,2123724,84540,8720,197350716,194474416,2876300,52,282168,2119024,10520
2026-08-27T19:33:48.792741,393132552,387542112,389684904,92,2405984,2203564,19240,34359738367,268368,16244,6928,9316,108,195781836,193068304,2713532,36,2123772,84540,8720,197350716,194473808,2876908,56,282212,2119024,10520
2026-08-27T19:33:49.293909,393132552,387540644,389683436,92,2405944,2203564,19240,34359738367,268384,16244,6928,9316,108,195781836,193068436,2713400,36,2123748,84540,8720,197350716,194472208,2878508,56,282196,2119024,10520
2026-08-27T19:33:49.795011,393132552,387540852,389683700,96,2406040,2203564,19240,34359738367,268288,16244,6928,9316,108,195781836,193068436,2713400,36,2123800,84540,8720,197350716,194472416,2878300,60,282240,2119024,10520
2026-08-27T19:33:50.295866,393132552,387540596,389683444,100,2405804,2203564,19240,34359738367,268384,16244,6928,9316,108,195781836,193068436,2713400,36,2123680,84540,8720,197350716,194472160,2878556,64,282124,2119024,10520
2026-08-27T19:33:50.796923,393132552,387540096,389683008,116,2405908,2203564,19240,34359738367,268384,16244,6928,9316,108,195781836,193068436,2713400,36,2123736,84540,8720,197350716,194471724,2878992,80,282180,2119024,10520
2026-08-27T19:33:51.298020,393132552,387541796,389684708,116,2406000,2203564,19240,34359738367,268336,16244,6928,9316,108,195781836,193068436,2713400,36,2123716,84540,8720,197350716,194473360,2877356,80,282284,2119024,10520
2026-08-27T19:33:51.799064,393132552,387540020,389682932,128,2406148,2203564,19240,34359738367,268384,16244,6928,9316,108,195781836,193068436,2713400,44,2123772,84540,8720,197350716,194471584,2879132,84,282376,2119024,10520
2026-08-27T19:33:52.300122,393132552,387540144,389683096,128,2406076,2203564,19240,34359738367,268400,16244,6928,9316,108,195781836,193068436,2713400,44,2123736,84540,8720,197350716,194471708,2879008,84,282340,2119024,10520
2026-08-27T19:33:52.801179,393132552,387540904,389683860,132,2406192,2203564,19240,34359738367,268304,16244,6928,9316,108,195781836,193068436,2713400,44,2123800,84540,8720,197350716,194472468,2878248,88,282392,2119024,10520
2026-08-27T19:33:53.302255,393132552,387539360,389682320,132,2405952,2203564,19240,34359738367,268384,16244,6928,9316,108,195781836,193068436,2713400,44,2123672,84540,8720,197350716,194470924,2879792,88,282280,2119024,10520
2026-08-27T19:33:53.803312,393132552,387537252,389680212,148,2406040,2203564,19240,34359738367,268400,16244,6928,9316,108,195781836,193068436,2713400,56,2123716,84540,8720,197350716,194468816,2881900,92,282324,2119024,10520
2026-08-27T19:33:54.304369,393132552,387539088,389682048,148,2406020,2203564,19240,34359738367,268336,16244,6928,9316,108,195781836,193068436,2713400,56,2123708,84540,8720,197350716,194470652,2880064,92,282312,2119024,10520
2026-08-27T19:33:54.805460,393132552,387539728,389682688,152,2406148,2203564,19240,34359738367,268384,16244,6928,9316,108,195781836,193068436,2713400,56,2123772,84540,8720,197350716,194471292,2879424,96,282376,2119024,10520
2026-08-27T19:33:55.306511,393132552,387537520,389680480,152,2406056,2203564,19240,34359738367,268416,16244,6928,9316,108,195781836,193068436,2713400,56,2123724,84540,8720,197350716,194469084,2881632,96,282332,2119024,10520
2026-08-27T19:33:55.807567,393132552,387538108,389681076,152,2406176,2203564,19240,34359738367,268352,16244,6928,9316,108,195781836,193068436,2713400,56,2123792,84540,8720,197350716,194469672,2881044,96,282384,2119024,10520
2026-08-27T19:33:56.308627,393132552,387538136,389681104,152,2406100,2203564,19240,34359738367,268384,16244,6928,9316,108,195781836,193068436,2713400,56,2123760,84540,8720,197350716,194469700,2881016,96,282340,2119024,10520
2026-08-27T19:33:56.809712,393132552,387539076,389682052,172,2406176,2203564,19240,34359738367,267408,16244,6928,9316,108,195781836,193068436,2713400,64,2123800,84540,8720,197350716,194470640,2880076,108,282376,2119024,10520
2026-08-27T19:33:57.310461,393132552,387539152,389682152,172,2406008,2203564,19240,34359738367,268368,16244,6928,9316,108,195781836,193068496,2713340,64,2123700,84540,8720,197350716,194470656,2880060,108,282308,2119024,10520
2026-08-27T19:33:57.811516,393132552,387538684,389681684,176,2406156,2203564,19240,34359738367,268400,16244,6928,9316,108,195781836,193068496,2713340,64,2123776,84540,8720,197350716,194470188,2880528,112,282380,2119024,10520
2026-08-27T19:33:58.312782,393132552,387539128,389682128,176,2406064,2203564,19240,34359738367,267440,16244,6928,9316,108,195781836,193068496,2713340,64,2123728,84540,8720,197350716,194470632,2880084,112,282336,2119024,10520
2026-08-27T19:33:58.813553,393132552,387537888,389680888,192,2406168,2203564,19240,34359738367,268368,16244,6928,9316,108,195781836,193068496,2713340,76,2123784,84540,8720,197350716,194469392,2881324,116,282384,2119024,10520
2026-08-27T19:33:59.314605,393132552,387537612,389680612,196,2406132,2203564,19240,34359738367,268384,16244,6928,9316,108,195781836,193068496,2713340,76,2123772,84540,8720,197350716,194469116,2881600,120,282360,2119024,10520
2026-08-27T19:33:59.815637,393132552,387538424,389681424,200,2406220,2203564,19240,34359738367,267552,16244,6928,9316,108,195781836,193068496,2713340,76,2123812,84540,8720,197350716,194469928,2880788,124,282408,2119024,10520
2026-08-27T19:34:00.316382,393132552,387537884,389680912,200,2406000,2203564,19240,34359738367,268368,16244,6928,9316,108,195781836,193068496,2713340,76,2123700,84540,8720,197350716,194469388,2881328,124,282300,2119024,10520
2026-08-27T19:34:00.817498,393132552,387538360,389681388,204,2406156,2203564,19240,34359738367,268384,16244,6928,9316,108,195781836,193068496,2713340,76,2123772,84540,8720,197350716,194469864,2880852,128,282384,2119024,10520
2026-08-27T19:34:01.318541,393132552,387538632,389681660,204,2406068,2203564,19240,34359738367,267584,16244,6928,9316,108,195781836,193068496,2713340,76,2123728,84540,8720,197350716,194470136,2880580,128,282340,2119024,10520
2026-08-27T19:34:01.819337,393132552,387537736,389680824,208,2406160,2203564,19240,34359738367,268368,16244,6928,9316,108,195781836,193068496,2713340,76,2123780,84540,8720,197350716,194469240,2881476,132,282380,2119024,10520
2026-08-27T19:34:02.320415,393132552,387536060,389679148,208,2406144,2203564,19240,34359738367,268384,16244,6928,9316,108,195781836,193068496,2713340,76,2123768,84540,8720,197350716,194467564,2883152,132,282376,2119024,10520
2026-08-27T19:34:02.821505,393132552,387536508,389679628,228,2406232,2203564,19240,34359738367,267664,16244,6928,9316,108,195781836,193068496,2713340,84,2123816,84540,8720,197350716,194468012,2882704,144,282416,2119024,10520
2026-08-27T19:34:03.322271,393132552,387535656,389678776,228,2405980,2203564,19240,34359738367,268368,16244,6928,9316,108,195781836,193068496,2713340,84,2123692,84540,8720,197350716,194467160,2883556,144,282288,2119024,10520
2026-08-27T19:34:03.823332,393132552,387536484,389679604,228,2406124,2203564,19240,34359738367,268384,16244,6928,9316,108,195781836,193068496,2713340,84,2123760,84540,8720,197350716,194467988,2882728,144,282364,2119024,10520
2026-08-27T19:34:04.324365,393132552,387536448,389679568,228,2406056,2203564,19240,34359738367,268000,16244,6928,9316,108,195781836,193068536,2713300,84,2123720,84540,8720,197350716,194467912,2882804,144,282336,2119024,10520
2026-08-27T19:34:04.825153,393132552,387536016,389679136,232,2406160,2203564,19240,34359738367,268368,16244,6928,9316,108,195781836,193068536,2713300,84,2123776,84540,8720,197350716,194467480,2883236,148,282384,2119024,10520
2026-08-27T19:34:05.326271,393132552,387535684,389678804,232,2406112,2203564,19240,34359738367,268384,16244,6928,9316,108,195781836,193068560,2713276,84,2123756,84540,8720,197350716,194467124,2883592,148,282356,2119024,10520
2026-08-27T19:34:05.827303,393132552,387536228,389679348,236,2406216,2203564,19240,34359738367,268128,16244,6928,9316,108,195781836,193068560,2713276,84,2123812,84540,8720,197350716,194467668,2883048,152,282404,2119024,10520
2026-08-27T19:34:06.328071,393132552,387535436,389678556,236,2405984,2203564,19240,34359738367,268368,16244,6928,9316,108,195781836,193068560,2713276,84,2123684,84540,8720,197350716,194466876,2883840,152,282300,2119024,10520
2026-08-27T19:34:06.829118,393132552,387534856,389677976,240,2406096,2203564,19240,34359738367,268384,16244,6928,9316,108,195781836,193068560,2713276,84,2123736,84540,8720,197350716,194466296,2884420,156,282360,2119024,10520
2026-08-27T19:34:07.330207,393132552,387535428,389678548,240,2406044,2203564,19240,34359738367,268176,16244,6928,9316,108,195781836,193068560,2713276,84,2123720,84540,8720,197350716,194466868,2883848,156,282324,2119024,10520
2026-08-27T19:34:07.830998,393132552,387534044,389677164,248,2406160,2203564,19240,34359738367,268368,16244,6928,9316,108,195781836,193068560,2713276,84,2123772,84540,8720,197350716,194465484,2885232,164,282388,2119024,10520
2026-08-27T19:34:08.332060,393132552,387533828,389676948,116,2406100,2203564,19240,34359738367,268384,16244,6928,9316,108,195781836,193068560,2713276,68,2123744,84540,8720,197350716,194465268,2885448,48,282356,2119024,10520
2026-08-27T19:34:08.833112,393132552,387534516,389677636,168,2406224,2203564,19240,34359738367,268240,16244,6928,9316,108,195781836,193068560,2713276,96,2123808,84540,8720,197350716,194465956,2884760,72,282416,2119024,10520
2026-08-27T19:34:09.333946,393132552,387533956,389677076,168,2405968,2203564,19240,34359738367,268384,16244,6928,9316,108,195781836,193068560,2713276,96,2123676,84540,8720,197350716,194465396,2885320,72,282292,2119024,10520
2026-08-27T19:34:09.834975,393132552,387689492,389679396,172,2237212,2049340,19240,34359738367,267392,16244,6928,9316,108,195781836,193219760,2562076,96,1968992,84540,8720,197350716,194469732,2880984,76,268220,1964800,10520
2026-08-27T19:34:10.335643,393132552,389412368,389670696,172,504428,315720,18984,34359738367,267392,16244,6928,9316,108,195781836,194943772,838064,96,236092,83528,8720,197350716,194470108,2880608,76,267832,231688,10264
2026-08-27T19:34:10.836369,393132552,389707416,389873424,680,179072,186452,9912,34359738367,265328,16244,6928,9316,108,195781836,195081620,700216,600,93964,83020,4688,197350716,194625796,2724920,80,85108,103432,5224
