round,elapsed_ms,tag
0,0.458671,alloc
1,0.407447,alloc
2,0.405793,alloc
3,0.405415,alloc
4,0.398902,alloc
5,0.417994,alloc
6,0.412446,alloc
7,0.411646,alloc
8,0.412758,alloc
9,0.415987,alloc
