round,elapsed_ms,tag
0,0.399240,alloc
1,0.399597,alloc
2,0.386317,alloc
3,0.390977,alloc
4,0.386548,alloc
5,0.396088,alloc
6,0.397217,alloc
7,0.395150,alloc
8,0.393730,alloc
9,0.397117,alloc
