round,elapsed_ms,tag
0,0.400309,alloc
1,0.395421,alloc
2,0.384875,alloc
3,0.391489,alloc
4,0.382475,alloc
5,0.402109,alloc
6,0.392512,alloc
7,0.392673,alloc
8,0.407335,alloc
9,0.399152,alloc
