round,elapsed_ms,tag
0,0.392338,alloc
1,0.387274,alloc
2,0.387659,alloc
3,0.391851,alloc
4,0.384602,alloc
5,0.390357,alloc
6,0.387318,alloc
7,0.388851,alloc
8,0.387658,alloc
9,0.388626,alloc
