round,elapsed_ms,tag
0,0.410640,alloc
1,0.399439,alloc
2,0.393869,alloc
3,0.392195,alloc
4,0.400077,alloc
5,0.402125,alloc
6,0.393207,alloc
7,0.391908,alloc
8,0.415683,alloc
9,0.397158,alloc
