round,mem_used,tag
0,130108.000000,mem
1,130900.000000,mem
2,131804.000000,mem
3,130848.000000,mem
4,131176.000000,mem
