round,mem_used,tag
0,131760.000000,mem_repl
1,131364.000000,mem_repl
2,657872.000000,mem_repl
3,654816.000000,mem_repl
4,654560.000000,mem_repl
