round,mem_used,tag
0,131180.000000,mem_repl
1,654240.000000,mem_repl
2,657292.000000,mem_repl
3,655568.000000,mem_repl
4,654620.000000,mem_repl
