round,mem_used,tag
0,131852.000000,mem
1,130848.000000,mem
2,130848.000000,mem
3,130776.000000,mem
4,131600.000000,mem
