round,mem_used,tag
0,130848.000000,mem
1,131136.000000,mem
2,130848.000000,mem
3,130976.000000,mem
4,130848.000000,mem
