round,mem_used,tag
0,130404.000000,mem_repl
1,654992.000000,mem_repl
2,131772.000000,mem_repl
3,653564.000000,mem_repl
4,656124.000000,mem_repl
