round,mem_used,tag
0,132504.000000,mem_repl
1,652840.000000,mem_repl
2,657680.000000,mem_repl
3,654880.000000,mem_repl
4,654244.000000,mem_repl
