round,mem_used,tag
0,131384.000000,mem
1,131600.000000,mem
2,129428.000000,mem
3,131600.000000,mem
4,130908.000000,mem
