round,mem_used,tag
0,132496.000000,mem_repl
1,130672.000000,mem_repl
2,658000.000000,mem_repl
3,654136.000000,mem_repl
4,130848.000000,mem_repl
