round,mem_used,tag
0,131280.000000,mem_repl
1,654240.000000,mem_repl
2,657248.000000,mem_repl
3,655016.000000,mem_repl
4,654992.000000,mem_repl
