round,mem_used,tag
0,130872.000000,mem
1,131088.000000,mem
2,130848.000000,mem
3,131696.000000,mem
4,130848.000000,mem
