round,mem_used,tag
0,130628.000000,mem
1,130848.000000,mem
2,130940.000000,mem
3,132352.000000,mem
4,130640.000000,mem
