round,mem_used,tag
0,658460.000000,mem_repl
1,654516.000000,mem_repl
2,655480.000000,mem_repl
3,655140.000000,mem_repl
4,130848.000000,mem_repl
