round,mem_used,tag
0,131028.000000,mem
1,130848.000000,mem
2,130848.000000,mem
3,131152.000000,mem
4,131680.000000,mem
