round,mem_used,tag
0,131356.000000,mem
1,130096.000000,mem
2,130712.000000,mem
3,131800.000000,mem
4,129556.000000,mem
