round,mem_used,tag
0,130196.000000,mem_repl
1,654992.000000,mem_repl
2,656912.000000,mem_repl
3,654848.000000,mem_repl
4,656032.000000,mem_repl
