time,total,free,available,dirty,anon,mapped,pageTable,vmallocTotal,vmallocUsed,own_VmRSS,own_RssAnon,own_RssFile,own_VmPTE,Node0_total,Node0_free,Node0_used,Node0_dirty,Node0_anon,Node0_mapped,Node0_pageTable,Node1_total,Node1_free,Node1_used,Node1_dirty,Node1_anon,Node1_mapped,Node1_pageTable,Node2_total,Node2_free,Node2_used,Node2_dirty,Node2_anon,Node2_mapped,Node2_pageTable,Node3_total,Node3_free,Node3_used,Node3_dirty,Node3_anon,Node3_mapped,Node3_pageTable
2026-03-17T03:54:40.275580,787867248,773624580,781840932,216,64356,74200,4928,34359738367,477340,17068,6844,10224,108,195746820,194684132,1062688,84,25968,68608,2780,197354368,196722864,631504,52,11344,184,560,197386256,196541240,845016,44,18504,5276,884,197379804,185676344,11703460,36,8540,132,704
2026-03-17T03:54:41.276489,787867248,778221544,781640048,220,283316,75108,9420,34359738367,489628,17080,6856,10224,108,195746820,194707304,1039516,84,100492,69236,4952,197354368,196775388,578980,56,83432,216,1200,197386256,196700876,685380,44,90776,5232,1268,197379804,190037976,7341828,36,11640,424,2000
2026-03-17T03:54:42.278203,787867248,783049712,781487772,220,75064,75112,9476,34359738367,489500,17080,6856,10224,108,195746820,194609884,1136936,84,30468,69236,4968,197354368,196669076,685292,56,12900,216,1208,197386256,196595036,791220,44,19736,5232,1284,197379804,195183780,2196024,36,11960,428,2016
2026-03-17T03:54:43.279977,787867248,784626444,782257944,240,142928,89964,9824,34359738367,489500,17080,6856,10224,108,195746820,194618912,1127908,100,30524,69236,4968,197354368,196675280,679088,56,12900,216,1208,197386256,196512684,873572,44,87544,20084,1632,197379804,196819568,560236,40,11960,428,2016
2026-03-17T03:54:44.281577,787867248,784035432,781819204,352,458924,90472,10568,34359738367,489500,17080,6856,10224,108,195746820,194624620,1122200,112,30528,69236,4968,197354368,196680708,673660,100,12900,216,1208,197386256,195909760,1476496,88,403536,20592,2376,197379804,196819840,559964,52,11960,428,2016
2026-03-17T03:54:45.283164,787867248,783335224,781297004,352,814940,90472,11252,34359738367,489500,17080,6856,10224,108,195746820,194629232,1117588,112,30528,69236,4968,197354368,196685328,669040,100,12900,216,1208,197386256,195200288,2185968,88,759552,20592,3060,197379804,196819872,559932,52,11960,428,2016
2026-03-17T03:54:46.284647,787867248,782652728,780788672,360,1163268,90472,11920,34359738367,489500,17080,6856,10224,108,195746820,194635244,1111576,120,30528,69236,4968,197354368,196691240,663128,100,12900,216,1208,197386256,194505664,2880592,88,1108384,20592,3728,197379804,196820076,559728,52,11960,428,2016
2026-03-17T03:54:47.286139,787867248,782020320,780333720,360,1517444,90472,12632,34359738367,489500,17080,6856,10224,108,195746820,194659936,1086884,120,30528,69236,4968,197354368,196714008,640360,100,12900,216,1208,197386256,193816008,3570248,88,1462352,20592,4448,197379804,196829864,549940,52,11960,428,2016
2026-03-17T03:54:48.287706,787867248,781307800,779814996,360,1872812,90472,13332,34359738367,489500,17080,6856,10224,108,195746820,194661160,1085660,120,30528,69236,4968,197354368,196714260,640108,100,12900,216,1208,197386256,193102012,4284244,88,1817680,20592,5140,197379804,196829864,549940,52,11960,428,2016
2026-03-17T03:54:49.289194,787867248,780656216,779504260,360,2213276,90472,13996,34359738367,489500,17084,6860,10224,108,195746820,194672536,1074284,120,30528,69236,4968,197354368,196725592,628776,100,12900,216,1208,197386256,192427720,4958536,88,2157888,20592,5804,197379804,196829864,549940,52,11960,428,2016
2026-03-17T03:54:50.290709,787867248,779958004,779162064,328,2568676,90472,14696,34359738367,489484,17084,6860,10224,108,195746820,194677196,1069624,112,30528,69236,4968,197354368,196730888,623480,92,12808,216,1208,197386256,191719992,5666264,76,2513644,20592,6504,197379804,196829928,549876,48,11960,428,2016
2026-03-17T03:54:51.292203,787867248,779258208,778817988,328,2924012,90472,15388,34359738367,489484,17084,6860,10224,108,195746820,194682468,1064352,112,30528,69236,4968,197354368,196735760,618608,92,12808,216,1208,197386256,191009548,6376708,76,2869228,20592,7200,197379804,196829928,549876,48,11960,428,2016
2026-03-17T03:54:52.293720,787867248,778625664,778533748,332,3271916,90472,16068,34359738367,489484,17084,6860,10224,108,195746820,194702812,1044008,112,30528,69236,4968,197354368,196754072,600296,96,12808,216,1208,197386256,190329084,7057172,76,3216620,20592,7876,197379804,196839192,540612,48,11960,428,2016
2026-03-17T03:54:53.295369,787867248,777938048,778199780,340,3625668,90472,16760,34359738367,489484,17084,6860,10224,108,195746820,194710576,1036244,112,30528,69236,4968,197354368,196761824,592544,96,12808,216,1208,197386256,189626084,7760172,76,3570372,20592,8568,197379804,196839564,540240,56,11960,428,2016
2026-03-17T03:54:54.296854,787867248,777244424,777853212,348,3971820,90472,17440,34359738367,489468,17084,6860,10224,108,195746820,194712048,1034772,120,30528,69236,4968,197354368,196762108,592260,96,12808,216,1208,197386256,188929980,8456276,76,3916780,20592,9248,197379804,196839784,540020,56,11960,428,2016
2026-03-17T03:54:55.298351,787867248,776607140,777559348,328,4314852,90472,18108,34359738367,489468,17084,6860,10224,108,195746820,194729572,1017248,100,30528,69236,4968,197354368,196779424,574944,96,12808,216,1208,197386256,188256732,9129524,80,4259820,20592,9920,197379804,196839900,539904,52,11960,428,2016
2026-03-17T03:54:56.299889,787867248,775954000,777248568,328,4656828,90472,18776,34359738367,489468,17084,6860,10224,108,195746820,194741312,1005508,100,30528,69236,4968,197354368,196791040,563328,96,12808,216,1208,197386256,187581012,9805244,80,4601532,20592,10584,197379804,196840132,539672,52,11960,428,2016
2026-03-17T03:54:57.301381,787867248,775279324,776913292,328,4995860,90472,19416,34359738367,489468,17084,6860,10224,108,195746820,194741592,1005228,100,30528,69236,4968,197354368,196791364,563004,96,12808,216,1208,197386256,186902760,10483496,80,4940564,20592,11224,197379804,196843608,536196,52,11960,428,2016
2026-03-17T03:54:58.302918,787867248,774610312,776600168,328,5351316,90472,20128,34359738367,489468,17084,6860,10224,108,195746820,194756472,990348,100,30528,69236,4968,197354368,196802072,552296,96,12808,216,1208,197386256,186201580,11184676,80,5296020,20592,11936,197379804,196850188,529616,52,11960,428,2016
2026-03-17T03:54:59.304413,787867248,773932768,776265032,328,5693356,90472,20804,34359738367,489468,17084,6860,10224,108,195746820,194759724,987096,100,30528,69236,4968,197354368,196805020,549348,96,12808,216,1208,197386256,185517116,11869140,80,5638380,20592,12620,197379804,196850404,529400,52,11960,428,2016
2026-03-17T03:55:00.305910,787867248,773244808,775919552,316,6035436,90472,21480,34359738367,489468,17088,6864,10224,108,195746820,194759976,986844,100,30528,69236,4968,197354368,196805684,548684,84,12808,216,1208,197386256,184828240,12558016,80,5980652,20592,13288,197379804,196850404,529400,52,11960,428,2016
2026-03-17T03:55:01.307479,787867248,772592496,775604836,320,6372224,90472,22208,34359738367,489468,17088,6864,10224,108,195746820,194763720,983100,100,30672,69236,5040,197354368,196815820,538548,88,12812,216,1208,197386256,184161904,13224352,80,6316780,20592,13944,197379804,196850548,529256,52,11960,428,2016
2026-03-17T03:55:02.308970,787867248,771918544,775274060,448,6714352,90472,22808,34359738367,489468,17088,6864,10224,108,195746820,194767852,978968,216,30528,69236,4968,197354368,196819708,534660,96,12812,216,1208,197386256,183479932,13906324,84,6659308,20592,14616,197379804,196850548,529256,52,11960,428,2016
2026-03-17T03:55:03.310458,787867248,771236092,774940616,448,7063480,90472,23484,34359738367,489468,17088,6864,10224,108,195746820,194776268,970552,216,30528,69236,4968,197354368,196825412,528956,96,12812,216,1208,197386256,182782840,14603416,84,7008180,20592,15292,197379804,196856072,523732,52,11960,428,2016
2026-03-17T03:55:04.312040,787867248,770533128,774594980,448,7419920,90472,24160,34359738367,489468,17088,6864,10224,108,195746820,194779464,967356,216,30528,69236,4968,197354368,196828464,525904,96,12812,216,1208,197386256,182068072,15318184,84,7365124,20592,15968,197379804,196856624,523180,52,11960,428,2016
2026-03-17T03:55:05.313552,787867248,769837124,774250520,292,7771032,90472,24864,34359738367,489468,17088,6864,10224,108,195746820,194782664,964156,204,30528,69236,4968,197354368,196832184,522184,36,12812,216,1208,197386256,181365148,16021108,16,7716236,20592,16672,197379804,196856624,523180,36,11960,428,2016
2026-03-17T03:55:06.315096,787867248,769143872,773907964,292,8121328,90472,25560,34359738367,489468,17088,6864,10224,108,195746820,194787324,959496,204,30528,69236,4968,197354368,196835724,518644,36,12812,216,1208,197386256,180664200,16722056,16,8066284,20592,17368,197379804,196856624,523180,36,11960,428,2016
2026-03-17T03:55:07.316587,787867248,768454764,773561680,288,8463768,90472,26220,34359738367,489468,17088,6864,10224,108,195746820,194787324,959496,204,30528,69236,4968,197354368,196835724,518644,36,12812,216,1208,197386256,179974588,17411668,16,8408468,20592,18028,197379804,196856624,523180,32,11960,428,2016
2026-03-17T03:55:08.318124,787867248,768255576,773392860,288,8770912,95044,29816,34359738367,491708,17088,6864,10224,108,195746820,194789372,957448,204,70352,69348,6084,197354368,196823524,530844,36,52468,248,1936,197386256,179806192,17580064,16,8598224,23268,19060,197379804,196836488,543316,32,49868,2180,2736
2026-03-17T03:55:09.319614,787867248,767612184,772750696,296,9303772,95776,31896,34359738367,493724,17088,6864,10224,108,195746820,194718052,1028768,212,131372,69408,6016,197354368,196726716,627652,36,116216,408,2532,197386256,179784796,17601460,16,8601444,23504,19296,197379804,196382620,997184,32,454740,2456,4052
2026-03-17T03:55:10.320794,787867248,767395828,772534344,272,9475616,95776,31976,34359738367,494652,17088,6864,10224,108,195746820,194689840,1056980,208,159740,69408,6704,197354368,196731332,623036,16,123956,408,2372,197386256,179752732,17633524,16,8600964,23504,19308,197379804,196221924,1157880,32,590956,2456,3592
2026-03-17T03:55:11.322096,787867248,767174896,772313420,92,9664588,95776,32832,34359738367,494012,17088,6864,10224,108,195746820,194673792,1073028,32,168212,69408,6496,197354368,196716136,638232,16,133048,408,2440,197386256,179757864,17628392,12,8601708,23504,19644,197379804,196027104,1352700,32,761620,2456,4252
2026-03-17T03:55:12.323304,787867248,767017264,772155788,92,9819464,95776,32560,34359738367,493964,17092,6868,10224,108,195746820,194665744,1081076,32,175888,69408,6416,197354368,196694324,660044,16,140340,408,2440,197386256,179777864,17608392,12,8600316,23504,19300,197379804,195879332,1500472,32,902920,2456,4404
2026-03-17T03:55:13.324488,787867248,766796764,771935288,100,9974712,95776,33712,34359738367,493964,17092,6868,10224,108,195746820,194648972,1097848,32,183768,69408,6560,197354368,196687856,666512,16,149588,408,2740,197386256,179749204,17637052,20,8601148,23504,19024,197379804,195710732,1669072,32,1040208,2456,5388
2026-03-17T03:55:14.325657,787867248,766587476,771726008,100,10167768,95776,34796,34359738367,494540,17092,6868,10224,108,195746820,194653156,1093664,32,192400,69408,6740,197354368,196666896,687472,16,158528,408,2856,197386256,179760184,17626072,20,8601684,23504,19480,197379804,195507240,1872564,32,1215660,2456,5720
2026-03-17T03:55:15.326891,787867248,766382452,771520992,108,10325212,95776,34280,34359738367,493692,17092,6868,10224,108,195746820,194640456,1106364,40,198100,69408,6716,197354368,196656732,697636,16,164200,408,2824,197386256,179746860,17639396,20,8599528,23504,19264,197379804,195338404,2041400,32,1363888,2456,5476
2026-03-17T03:55:16.328062,787867248,766124836,771263376,88,10518580,95776,35288,34359738367,494044,17092,6868,10224,108,195746820,194599584,1147236,32,226536,69408,7032,197354368,196627120,727248,16,173528,408,2884,197386256,179738748,17647508,12,8601400,23504,19320,197379804,195158376,2221428,28,1517116,2456,6052
2026-03-17T03:55:17.329380,787867248,765976052,771114600,88,10712660,95776,35796,34359738367,493884,17092,6868,10224,108,195746820,194588268,1158552,32,242568,69408,6880,197354368,196626176,728192,16,180520,408,2816,197386256,179749568,17636688,12,8601196,23504,19236,197379804,195012040,2367764,28,1688376,2456,6864
2026-03-17T03:55:18.331100,787867248,765794020,770932572,92,10865196,95776,37348,34359738367,493836,17092,6868,10224,108,195746820,194569032,1177788,32,252396,69408,7144,197354368,196607236,747132,20,197672,408,3672,197386256,179744496,17641760,12,8599320,23504,19228,197379804,194873256,2506548,28,1815808,2456,7304
2026-03-17T03:55:19.332285,787867248,765657892,770796452,100,11018384,95776,36796,34359738367,494652,17092,6868,10224,108,195746820,194545092,1201728,32,263540,69408,7228,197354368,196597368,757000,20,203564,408,3184,197386256,179769400,17616856,12,8600192,23504,19332,197379804,194746032,2633772,36,1951088,2456,7052
2026-03-17T03:55:20.333479,787867248,765445344,770583904,100,11211352,95776,38080,34359738367,493868,17092,6868,10224,108,195746820,194535864,1210956,32,272520,69408,7456,197354368,196586004,768364,20,210448,408,3328,197386256,179759300,17626956,12,8601700,23504,19532,197379804,194564176,2815628,36,2126684,2456,7764
2026-03-17T03:55:21.334648,787867248,765216504,770355064,100,11362852,95776,38476,34359738367,493788,17092,6868,10224,108,195746820,194503332,1243488,32,292208,69408,7472,197354368,196575932,778436,20,215696,408,3348,197386256,179708052,17678204,12,8600864,23504,19224,197379804,194429188,2950616,36,2254084,2456,8432
2026-03-17T03:55:22.336318,787867248,765056720,770195280,100,11510524,95776,38356,34359738367,493852,17092,6868,10224,108,195746820,194499116,1247704,32,300832,69408,7624,197354368,196540480,813888,20,270188,408,3548,197386256,179720500,17665756,12,8599332,23504,18856,197379804,194296624,3083180,36,2340676,2456,8328
2026-03-17T03:55:23.337605,787867248,764862584,770001160,108,11673492,95776,39012,34359738367,493996,17092,6868,10224,108,195746820,194484140,1262680,40,309556,69408,7700,197354368,196526048,828320,20,278152,408,3736,197386256,179733624,17652632,12,8599404,23504,18832,197379804,194118772,3261032,36,2486380,2456,8744
2026-03-17T03:55:24.338804,787867248,764651472,769790048,108,11852400,95776,40120,34359738367,494028,17092,6868,10224,108,195746820,194469796,1277024,40,316868,69408,7800,197354368,196516640,837728,20,284512,408,3720,197386256,179742600,17643656,12,8600716,23504,19420,197379804,193922436,3457368,36,2650304,2456,9180
2026-03-17T03:55:25.339963,787867248,764287248,769425824,80,12154012,95776,40760,34359738367,492028,17092,6868,10224,108,195746820,194417460,1329360,40,356572,69408,7832,197354368,196440352,914016,20,340288,408,3740,197386256,179639196,17747060,12,8646248,23504,19304,197379804,193792760,3587044,8,2810904,2456,9884
2026-03-17T03:55:26.342699,787867248,764029096,769167672,80,12432464,95776,41536,34359738367,492044,17092,6868,10224,108,195746820,194370484,1376336,40,405752,69408,8000,197354368,196396000,958368,20,380352,408,3784,197386256,179596872,17789384,12,8686648,23504,19820,197379804,193665740,3714064,8,2959712,2456,9932
2026-03-17T03:55:27.344218,787867248,763996420,769134996,80,12494872,95776,41964,34359738367,492732,17092,6868,10224,108,195746820,194381544,1365276,40,386576,69408,8044,197354368,196425656,928712,20,354784,408,3744,197386256,179618268,17767988,12,8653892,23504,19632,197379804,193564400,3815404,8,3101636,2456,10544
2026-03-17T03:55:28.345903,787867248,764022084,769160660,80,12484428,95776,42192,34359738367,492780,17092,6868,10224,108,195746820,194431340,1315480,40,343152,69408,8120,197354368,196457700,896668,20,308896,408,3956,197386256,179680804,17705452,12,8600748,23504,19352,197379804,193452240,3927564,8,3231632,2456,10764
2026-03-17T03:55:29.347266,787867248,763868404,769006988,92,12660860,95776,42416,34359738367,494044,17092,6868,10224,108,195746820,194417312,1329508,48,350816,69408,8164,197354368,196459064,895304,20,314024,408,4032,197386256,179705320,17680936,16,8600736,23504,19352,197379804,193286708,4093096,8,3395788,2456,10868
2026-03-17T03:55:30.348459,787867248,763684132,768822724,92,12843236,95776,43184,34359738367,494028,17092,6868,10224,108,195746820,194386740,1360080,48,367240,69408,8252,197354368,196445820,908548,20,318708,408,4108,197386256,179709404,17676852,16,8600184,23504,19380,197379804,193142168,4237636,8,3557104,2456,11444
2026-03-17T03:55:31.349652,787867248,763531256,768669852,88,13020728,95776,43880,34359738367,493980,17092,6868,10224,108,195746820,194394652,1352168,48,375544,69408,8320,197354368,196442296,912072,16,325404,408,4172,197386256,179717384,17668872,16,8600188,23504,19376,197379804,192976924,4402880,8,3719592,2456,12012
2026-03-17T03:55:32.350873,787867248,763347248,768485852,100,13184084,95776,44748,34359738367,494044,17092,6868,10224,108,195746820,194378144,1368676,48,383752,69408,8560,197354368,196430240,924128,16,331044,408,4316,197386256,179718032,17668224,16,8600744,23504,19388,197379804,192820832,4558972,20,3869048,2456,12484
2026-03-17T03:55:33.352045,787867248,763131056,768269660,100,13375384,95776,45936,34359738367,494028,17092,6868,10224,108,195746820,194369264,1377556,48,390600,69408,8548,197354368,196417580,936788,16,336764,408,4476,197386256,179713852,17672404,16,8600536,23504,19856,197379804,192630360,4749444,20,4047484,2456,13056
2026-03-17T03:55:34.353216,787867248,762925832,768064436,100,13532188,95776,46488,34359738367,493964,17092,6868,10224,108,195746820,194365916,1380904,48,400848,69408,8616,197354368,196415308,939060,16,342348,408,4448,197386256,179669016,17717240,16,8600676,23504,19928,197379804,192475592,4904212,20,4188316,2456,13496
2026-03-17T03:55:35.354517,787867248,762764548,767903160,100,13687784,95776,47004,34359738367,493932,17092,6868,10224,108,195746820,194353804,1393016,48,408940,69408,8876,197354368,196419888,934480,16,347024,408,4676,197386256,179664360,17721896,16,8600580,23504,19588,197379804,192326496,5053308,20,4331240,2456,13864
2026-03-17T03:55:36.355738,787867248,762457400,767596024,36,13998672,95776,46668,34359738367,493548,17092,6868,10224,108,195746820,194278620,1468200,16,474728,69408,8992,197354368,196341452,1012916,8,412436,408,4664,197386256,179632044,17754212,0,8656940,23504,19352,197379804,192202764,5177040,12,4458600,2456,13660
2026-03-17T03:55:37.358704,787867248,762423912,767562536,36,14049648,95776,48040,34359738367,492556,17092,6868,10224,108,195746820,194303556,1443264,16,458388,69408,8904,197354368,196361488,992880,8,394776,408,4620,197386256,179678080,17708176,0,8623816,23504,19840,197379804,192075748,5304056,12,4583252,2456,14676
2026-03-17T03:55:38.360969,787867248,762409632,767548256,36,14011800,95776,48244,34359738367,496412,17092,6868,10224,108,195746820,194309284,1437536,16,437784,69408,9136,197354368,196393972,960396,8,368504,408,4788,197386256,179655844,17730412,0,8599640,23504,20412,197379804,192050532,5329272,12,4605872,2456,13908
2026-03-17T03:55:39.362263,787867248,762280064,767418720,36,14173444,95844,48480,34359738367,492012,17092,6868,10224,108,195746820,194269288,1477532,16,489216,69420,9380,197354368,196354620,999748,8,416928,452,5236,197386256,179663732,17722524,0,8601012,23504,19404,197379804,191992424,5387380,12,4666288,2468,14460
2026-03-17T03:55:40.363696,787867248,762004528,767143212,36,14368852,95900,50008,34359738367,494044,17092,6868,10224,108,195746820,194193912,1552908,16,551756,69420,9756,197354368,196287560,1066808,8,479940,452,5644,197386256,179562736,17823520,0,8630328,23528,19724,197379804,191946712,5433092,12,4714388,2500,14884
2026-03-17T03:55:41.365399,787867248,761824076,766962768,52,14497408,95900,49888,34359738367,494028,17092,6868,10224,108,195746820,194161312,1585508,24,584372,69420,9688,197354368,196249876,1104492,8,518872,452,5312,197386256,179478260,17907996,4,8655384,23528,20016,197379804,191934628,5445176,16,4738780,2500,14872
2026-03-17T03:55:42.370704,787867248,761923012,767061736,52,14344820,95900,50556,34359738367,494316,17092,6868,10224,108,195746820,194215268,1531552,24,543664,69420,9936,197354368,196264872,1089496,8,469884,452,5676,197386256,179513148,17873108,4,8598800,23528,20340,197379804,191929724,5450080,16,4732472,2500,14604
2026-03-17T03:55:43.372025,787867248,761644720,766783444,60,14607172,95900,49764,34359738367,492108,17092,6868,10224,108,195746820,194137980,1608840,32,621092,69420,10080,197354368,196196420,1157948,8,548820,452,5464,197386256,179432500,17953756,4,8652212,23528,19668,197379804,191873284,5506520,16,4789584,2500,14552
2026-03-17T03:55:44.373675,787867248,761798316,766937052,72,14469816,95900,50152,34359738367,492012,17092,6868,10224,108,195746820,194185804,1561016,32,575144,69420,9956,197354368,196237260,1117108,12,508412,452,5748,197386256,179479336,17906920,4,8614324,23528,19740,197379804,191895916,5483888,24,4764880,2500,14708
2026-03-17T03:55:45.374868,787867248,761722052,766860796,72,14516296,95900,51484,34359738367,493852,17092,6868,10224,108,195746820,194110912,1635908,32,626940,69420,10092,197354368,196249540,1104828,12,510544,452,6076,197386256,179488996,17897260,4,8598344,23528,20500,197379804,191872604,5507200,24,4780468,2500,14816
2026-03-17T03:55:46.376054,787867248,761377360,766516104,72,14807728,95900,51056,34359738367,492012,17096,6872,10224,108,195746820,194009876,1736944,32,712836,69420,10436,197354368,196157576,1196792,12,591620,452,6084,197386256,179393000,17993256,4,8663804,23528,19836,197379804,191816908,5562896,24,4839468,2500,14700
2026-03-17T03:55:47.378036,787867248,761455416,766594200,72,14749128,95900,52504,34359738367,492108,17096,6872,10224,108,195746820,194041976,1704844,32,683616,69420,10400,197354368,196152288,1202080,12,596772,452,6560,197386256,179439544,17946712,4,8633592,23528,20532,197379804,191821608,5558196,24,4828156,2500,15028
2026-03-17T03:55:48.379226,787867248,761511044,766649828,72,14699984,95900,51656,34359738367,494588,17096,6872,10224,108,195746820,194064652,1682168,32,666412,69420,10604,197354368,196148192,1206176,12,613876,452,6344,197386256,179461120,17925136,4,8599376,23528,19700,197379804,191836576,5543228,24,4820824,2500,15008
2026-03-17T03:55:49.380386,787867248,761499492,766638276,80,14730032,95900,52176,34359738367,492172,17096,6872,10224,108,195746820,194053668,1693152,40,676016,69420,10684,197354368,196133648,1220720,12,624804,452,6656,197386256,179486860,17899396,4,8599856,23528,20068,197379804,191825316,5554488,24,4829356,2500,14768
2026-03-17T03:55:50.381560,787867248,761450028,766588836,80,14775044,95900,52944,34359738367,493740,17096,6872,10224,108,195746820,194029700,1717120,40,694220,69420,10712,197354368,196122508,1231860,12,638984,452,6672,197386256,179490936,17895320,4,8599888,23528,20472,197379804,191806884,5572920,24,4841952,2500,15088
2026-03-17T03:55:51.385678,787867248,761290940,766429748,80,14815668,95900,52528,34359738367,496060,17096,6872,10224,108,195746820,193979044,1767776,40,713636,69420,10824,197354368,196117116,1237252,12,647888,452,6652,197386256,179392384,17993872,4,8600668,23528,19948,197379804,191802396,5577408,24,4853476,2500,15104
2026-03-17T03:55:52.386912,787867248,761015996,766154804,80,15053564,95900,52576,34359738367,492012,17096,6872,10224,108,195746820,193904852,1841968,40,789164,69420,10940,197354368,196035408,1318960,12,709916,452,6644,197386256,179329944,18056312,4,8644756,23528,19896,197379804,191752344,5627460,24,4909728,2500,15096
2026-03-17T03:55:53.388052,787867248,761019576,766158392,80,15066376,95900,53196,34359738367,492108,17096,6872,10224,108,195746820,193870924,1875896,40,827444,69420,11272,197354368,196065376,1288992,12,696144,452,6720,197386256,179317584,18068672,4,8628908,23528,19900,197379804,191765692,5614112,24,4905312,2500,15304
2026-03-17T03:55:54.389189,787867248,760872984,766011800,80,15110336,95900,54640,34359738367,493484,17096,6872,10224,108,195746820,193586980,2159840,40,967516,69420,12560,197354368,196101540,1252828,12,665744,452,6836,197386256,179366772,18019484,4,8602252,23528,19768,197379804,191817692,5562112,24,4874824,2500,15476
2026-03-17T03:55:55.390367,787867248,760680176,765818992,80,15297316,95900,54380,34359738367,494044,17096,6872,10224,108,195746820,193381764,2365056,40,1141784,69420,12628,197354368,196091456,1262912,12,673076,452,6804,197386256,179410132,17976124,4,8601108,23528,19620,197379804,191796824,5582980,24,4881348,2500,15328
2026-03-17T03:55:56.391569,787867248,760527244,765666060,88,15422268,95900,54784,34359738367,494044,17096,6872,10224,108,195746820,193285648,2461172,48,1256528,69420,12064,197354368,196083776,1270592,12,678852,452,6824,197386256,179382780,18003476,4,8600232,23528,20572,197379804,191775040,5604764,24,4886152,2500,15324
2026-03-17T03:55:57.392772,787867248,760390772,765529596,100,15618204,95900,55136,34359738367,492780,17096,6872,10224,108,195746820,193150076,2596744,48,1403552,69420,12920,197354368,196065468,1288900,16,700888,452,7044,197386256,179424248,17962008,4,8615652,23528,19684,197379804,191742412,5637392,32,4911216,2500,15488
2026-03-17T03:55:58.395501,787867248,760256748,765395576,100,15756464,95900,55056,34359738367,494044,17096,6872,10224,108,195746820,192999972,2746848,48,1559212,69420,12736,197354368,196056152,1298216,16,691848,452,7064,197386256,179445780,17940476,4,8600820,23528,19728,197379804,191754844,5624960,32,4904584,2500,15528
2026-03-17T03:55:59.396644,787867248,760069188,765208024,100,15911772,95900,55088,34359738367,494012,17096,6872,10224,108,195746820,192829020,2917800,48,1699204,69420,13088,197354368,196044388,1309980,16,699612,452,6920,197386256,179465860,17920396,4,8601244,23528,19632,197379804,191729920,5649884,32,4911712,2500,15448
2026-03-17T03:56:00.397798,787867248,759970436,765109288,104,16086596,95900,56120,34359738367,494012,17096,6872,10224,108,195746820,192685244,3061576,52,1857664,69420,13288,197354368,196049072,1305296,16,707216,452,7020,197386256,179505368,17880888,4,8601972,23528,20140,197379804,191730752,5649052,32,4919744,2500,15672
2026-03-17T03:56:01.403601,787867248,759834884,764973736,104,16231492,95900,56736,34359738367,492012,17096,6872,10224,108,195746820,192620036,3126784,52,1940436,69420,13928,197354368,196012344,1342024,16,737792,452,7028,197386256,179493732,17892524,4,8601528,23528,19580,197379804,191708772,5671032,32,4951736,2500,16200
2026-03-17T03:56:02.404985,787867248,759695072,764833924,92,16436812,95900,56848,34359738367,494012,17096,6872,10224,108,195746820,192468308,3278512,52,2109556,69420,13784,197354368,196000392,1353976,4,755788,452,7364,197386256,179541388,17844868,4,8601100,23528,19660,197379804,191684984,5694820,32,4970368,2500,16040
2026-03-17T03:56:03.406145,787867248,759577528,764716380,100,16609232,95900,56976,34359738367,493948,17096,6872,10224,108,195746820,192295492,3451328,60,2266960,69420,14076,197354368,196007952,1346416,4,764420,452,7412,197386256,179575400,17810856,4,8600304,23528,19632,197379804,191698464,5681340,32,4978128,2500,15856
2026-03-17T03:56:04.407349,787867248,759408556,764547416,100,16764008,95900,56984,34359738367,493996,17096,6872,10224,108,195746820,192159940,3586880,60,2406064,69420,14096,197354368,195998036,1356332,4,771372,452,7432,197386256,179564952,17821304,4,8600208,23528,19580,197379804,191685628,5694176,32,4986364,2500,15876
2026-03-17T03:56:05.408524,787867248,759287064,764425932,100,16917172,95900,56756,34359738367,493996,17096,6872,10224,108,195746820,192050232,3696588,60,2540732,69420,14332,197354368,195989144,1365224,4,786368,452,7460,197386256,179564104,17822152,4,8598460,23528,19084,197379804,191683584,5696220,32,4991612,2500,15880
2026-03-17T03:56:06.409711,787867248,759131420,764270300,24,17105936,95900,58068,34359738367,494012,17096,6872,10224,108,195746820,191865644,3881176,12,2710644,69420,14736,197354368,195998768,1355600,4,793900,452,7508,197386256,179599396,17786860,4,8600596,23528,19704,197379804,191667612,5712192,4,5000796,2500,16120
2026-03-17T03:56:07.410928,787867248,758926476,764065356,24,17291888,95900,58684,34359738367,494028,17096,6872,10224,108,195746820,191677152,4069668,12,2882368,69420,15568,197354368,195984636,1369732,4,800188,452,7524,197386256,179614292,17771964,4,8600800,23528,19668,197379804,191650396,5729408,4,5008532,2500,15924
2026-03-17T03:56:08.412091,787867248,758723236,763862116,24,17478736,95900,59076,34359738367,493548,17096,6872,10224,108,195746820,191525788,4221032,12,3055156,69420,15472,197354368,195955784,1398584,4,806840,452,7580,197386256,179606844,17779412,4,8601664,23528,19756,197379804,191634820,5744984,4,5015076,2500,16268
2026-03-17T03:56:09.413285,787867248,758573368,763712248,24,17646196,95900,59124,34359738367,493836,17096,6872,10224,108,195746820,191376464,4370356,12,3211472,69420,15908,197354368,195946240,1408128,4,812792,452,7620,197386256,179611924,17774332,4,8600744,23528,19660,197379804,191638740,5741064,4,5021188,2500,15936
2026-03-17T03:56:10.414484,787867248,758402560,763541448,40,17824680,95900,60424,34359738367,494076,17096,6872,10224,108,195746820,191213596,4533224,12,3379096,69420,16584,197354368,195941308,1413060,8,818368,452,7756,197386256,179617772,17768484,4,8600556,23528,19792,197379804,191629128,5750676,16,5027420,2500,16308
2026-03-17T03:56:11.415708,787867248,758223980,763362888,64,17967000,95900,60452,34359738367,493980,17096,6872,10224,108,195746820,191074668,4672152,24,3507616,69420,17076,197354368,195937940,1416428,8,823912,452,7728,197386256,179595876,17790380,12,8601492,23528,19684,197379804,191615496,5764308,20,5033980,2500,15964
2026-03-17T03:56:12.416870,787867248,758064272,763203180,36,18148912,95900,60200,34359738367,495436,17096,6872,10224,108,195746820,190915264,4831556,16,3678912,69420,16192,197354368,195940776,1413592,8,829700,452,7848,197386256,179601092,17785164,0,8601188,23528,19880,197379804,191607140,5772664,12,5039112,2500,16280
2026-03-17T03:56:13.418032,787867248,757938048,763076956,36,18320908,95900,60300,34359738367,495276,17096,6872,10224,108,195746820,190797940,4948880,16,3838756,69420,16808,197354368,195935512,1418856,8,834880,452,7824,197386256,179603292,17782964,0,8601576,23528,19632,197379804,191601304,5778500,12,5045696,2500,16036
2026-03-17T03:56:14.419227,787867248,757829952,762968860,36,18491432,95900,61868,34359738367,495212,17096,6872,10224,108,195746820,190662712,5084108,16,3998948,69420,18320,197354368,195950184,1404184,8,839608,452,7820,197386256,179624472,17761784,0,8601008,23528,19676,197379804,191592584,5787220,12,5051868,2500,16052
2026-03-17T03:56:15.420394,787867248,757596388,762735296,36,18661024,95900,60764,34359738367,494428,17096,6872,10224,108,195746820,190515988,5230832,16,4157988,69420,16880,197354368,195924220,1430148,8,845076,452,8068,197386256,179573668,17812588,0,8600972,23528,19708,197379804,191582512,5797292,12,5056988,2500,16108
2026-03-17T03:56:16.421576,787867248,757464012,762602920,36,18841688,95900,61208,34359738367,495068,17096,6872,10224,108,195746820,190338096,5408724,16,4306592,69420,17636,197354368,195932340,1422028,8,850144,452,7840,197386256,179592312,17793944,0,8601144,23528,19668,197379804,191601264,5778540,12,5083808,2500,16064
2026-03-17T03:56:17.422716,787867248,757321348,762460272,48,19023644,95900,61172,34359738367,493884,17096,6872,10224,108,195746820,190196536,5550284,20,4481620,69420,17376,197354368,195932836,1421532,16,852424,452,7748,197386256,179587876,17798380,0,8600432,23528,19912,197379804,191604100,5775704,12,5089168,2500,16136
2026-03-17T03:56:18.423870,787867248,757133112,762272036,48,19204140,95900,61348,34359738367,494492,17096,6872,10224,108,195746820,190016848,5729972,20,4654564,69420,18112,197354368,195932808,1421560,16,855188,452,7768,197386256,179590408,17795848,0,8601240,23528,19512,197379804,191593048,5786756,12,5093148,2500,15956
2026-03-17T03:56:19.425002,787867248,756921892,762060816,48,19371092,95900,62176,34359738367,494652,17096,6872,10224,108,195746820,189842380,5904440,20,4812768,69420,18444,197354368,195917844,1436524,16,857660,452,7920,197386256,179589824,17796432,0,8601628,23528,19700,197379804,191571844,5807960,12,5099036,2500,16112
2026-03-17T03:56:20.430754,787867248,756748152,761887076,48,19551804,95900,61980,34359738367,493948,17096,6872,10224,108,195746820,189667784,6079036,20,4985772,69420,18604,197354368,195926844,1427524,16,859920,452,7828,197386256,179594244,17792012,0,8601464,23528,19548,197379804,191559280,5820524,12,5104648,2500,16000
2026-03-17T03:56:21.431751,787867248,756578428,761717352,48,19730320,95900,62844,34359738367,493500,17096,6872,10224,108,195746820,189493992,6252828,20,5156456,69420,18964,197354368,195920576,1433792,16,863612,452,7944,197386256,179605376,17780880,0,8601516,23528,19748,197379804,191558484,5821320,12,5108736,2500,16188
2026-03-17T03:56:22.433133,787867248,756402076,761541004,64,19909120,95900,63824,34359738367,493404,17096,6872,10224,108,195746820,189327116,6419704,28,5326948,69420,19556,197354368,195907240,1447128,16,866548,452,8052,197386256,179603508,17782748,0,8601656,23528,19844,197379804,191564212,5815592,20,5113968,2500,16372
2026-03-17T03:56:23.438701,787867248,756212204,761351140,64,20082884,95900,63048,34359738367,495500,17096,6872,10224,108,195746820,189162244,6584576,28,5492572,69420,19536,197354368,195900224,1454144,16,869016,452,7884,197386256,179599436,17786820,0,8601848,23528,19572,197379804,191550300,5829504,20,5119448,2500,16056
2026-03-17T03:56:24.440140,787867248,756019464,761158416,72,20266696,95900,63132,34359738367,493644,17096,6872,10224,108,195746820,188970852,6775968,36,5669224,69420,19532,197354368,195907520,1446848,16,871856,452,7936,197386256,179602948,17783308,0,8602040,23528,19588,197379804,191538144,5841660,20,5123576,2500,16076
2026-03-17T03:56:25.441658,787867248,755941216,761080168,72,20337396,95900,63288,34359738367,494188,17096,6872,10224,108,195746820,188900456,6846364,36,5735036,69420,19320,197354368,195888692,1465676,16,870408,452,7904,197386256,179605200,17781056,0,8600072,23528,19432,197379804,191546992,5832812,20,5131880,2500,16632
2026-03-17T03:56:26.443488,787867248,755720068,760859020,72,20639052,95900,64544,34359738367,492044,17096,6872,10224,108,195746820,188811944,6934876,36,5828652,69420,19492,197354368,195827988,1526380,16,952412,452,8188,197386256,179574048,17812208,0,8656372,23528,20032,197379804,191506088,5873716,20,5201112,2500,16832
2026-03-17T03:56:27.445335,787867248,755732940,760871892,72,20546696,95900,64792,34359738367,494028,17096,6872,10224,108,195746820,188673064,7073756,36,5924976,69420,20240,197354368,195901632,1452736,16,873460,452,8212,197386256,179615024,17771232,0,8600320,23528,20072,197379804,191543220,5836584,20,5147940,2500,16268
2026-03-17T03:56:28.447141,787867248,755431024,760569984,72,20806976,95900,64128,34359738367,493996,17096,6872,10224,108,195746820,188555800,7191020,36,6018088,69420,19932,197354368,195844628,1509740,16,933112,452,8144,197386256,179531540,17854716,0,8656508,23528,19712,197379804,191490992,5888812,20,5205316,2500,16340
2026-03-17T03:56:29.448901,787867248,755420780,760559740,72,20741428,95900,64396,34359738367,493020,17096,6872,10224,108,195746820,188467140,7279680,36,6097440,69420,20116,197354368,195880432,1473936,16,882300,452,8076,197386256,179566444,17819812,0,8601760,23528,19908,197379804,191506764,5873040,20,5159928,2500,16296
2026-03-17T03:56:30.450144,787867248,755147828,760286796,80,21023384,95900,65304,34359738367,493708,17096,6872,10224,108,195746820,188376584,7370236,44,6154408,69420,20924,197354368,195795504,1558864,16,980112,452,7956,197386256,179535404,17850852,0,8645168,23528,19424,197379804,191440792,5939012,20,5243552,2500,16268
2026-03-17T03:56:31.451407,787867248,755193432,760332400,76,20902992,95900,64552,34359738367,493948,17096,6872,10224,108,195746820,188269576,7477244,40,6215096,69420,20320,197354368,195852168,1502200,16,901308,452,8112,197386256,179592536,17793720,0,8600204,23528,19796,197379804,191479152,5900652,20,5186384,2500,16324
2026-03-17T03:56:32.452871,787867248,754868648,760007616,64,21229852,95900,65036,34359738367,492844,17096,6872,10224,108,195746820,188195460,7551360,36,6295312,69420,20772,197354368,195745572,1608796,8,998768,452,8260,197386256,179534316,17851940,0,8669452,23528,19524,197379804,191389268,5990536,20,5269344,2500,16480
2026-03-17T03:56:33.454130,787867248,755078488,760217504,68,21030544,95900,64004,34359738367,494028,17096,6872,10224,108,195746820,188179304,7567516,40,6328280,69420,20452,197354368,195828812,1525556,8,906256,452,7992,197386256,179607084,17779172,0,8598940,23528,19252,197379804,191464752,5915052,20,5196168,2500,16308
2026-03-17T03:56:34.455477,787867248,755010568,760149584,76,21073676,95900,64048,34359738367,492028,17096,6872,10224,108,195746820,188130096,7616724,40,6353976,69420,20280,197354368,195823232,1531136,8,913936,452,8008,197386256,179586820,17799436,4,8604460,23528,19460,197379804,191470420,5909384,24,5201304,2500,16300
2026-03-17T03:56:35.456703,787867248,754938936,760077964,80,21104400,95900,65256,34359738367,496796,17096,6872,10224,108,195746820,188079084,7667736,44,6381728,69420,20968,197354368,195823732,1530636,8,916868,452,8192,197386256,179572488,17813768,4,8600976,23528,19660,197379804,191463632,5916172,24,5204828,2500,16436
2026-03-17T03:56:36.457961,787867248,754887912,760026948,88,21160016,95900,63972,34359738367,494044,17096,6872,10224,108,195746820,188064748,7682072,44,6426568,69420,19960,197354368,195801508,1552860,8,923804,452,8184,197386256,179578228,17808028,4,8599288,23528,19456,197379804,191443428,5936376,32,5210356,2500,16372
2026-03-17T03:56:37.462916,787867248,754870772,760009840,96,21209064,95900,65100,34359738367,492876,17096,6872,10224,108,195746820,188015888,7730932,52,6462040,69420,20552,197354368,195813112,1541256,8,931408,452,8380,197386256,179592528,17793728,4,8600680,23528,19640,197379804,191449244,5930560,32,5214936,2500,16528
2026-03-17T03:56:38.464420,787867248,754809500,759948592,96,21292472,95900,65612,34359738367,493884,17096,6872,10224,108,195746820,187994528,7752292,52,6517184,69420,21016,197354368,195798344,1556024,8,941620,452,8368,197386256,179572388,17813868,4,8608884,23528,19732,197379804,191442224,5937580,32,5228312,2500,16496
2026-03-17T03:56:39.465686,787867248,754781196,759920272,96,21310532,95900,66200,34359738367,494556,17096,6872,10224,108,195746820,187976520,7770300,52,6538536,69420,21248,197354368,195788452,1565916,8,944796,452,8504,197386256,179570784,17815472,4,8599680,23528,19852,197379804,191445440,5934364,32,5227520,2500,16596
2026-03-17T03:56:40.466977,787867248,754483312,759622388,96,21592996,95900,66512,34359738367,492076,17096,6872,10224,108,195746820,187976144,7770676,52,6576216,69420,20444,197354368,195599896,1754472,8,1073356,452,9572,197386256,179538788,17847468,4,8642584,23528,20068,197379804,191368484,6011320,32,5300840,2500,16428
2026-03-17T03:56:41.468569,787867248,754543660,759682744,96,21542728,95900,65528,34359738367,494012,17096,6872,10224,108,195746820,188021732,7725088,52,6568504,69420,20036,197354368,195496692,1857676,8,1143748,452,9004,197386256,179581964,17804292,4,8600044,23528,19892,197379804,191443272,5936532,32,5230936,2500,16596
2026-03-17T03:56:42.469884,787867248,754335200,759474288,24,21722952,95900,66112,34359738367,493676,17096,6872,10224,108,195746820,188038000,7708820,16,6580596,69420,20224,197354368,195277372,2076996,0,1300100,452,9364,197386256,179586608,17799648,4,8602248,23528,19620,197379804,191433220,5946584,4,5239504,2500,16904
2026-03-17T03:56:43.471409,787867248,753955588,759094676,24,22142060,95900,66468,34359738367,492044,17096,6872,10224,108,195746820,188014360,7732460,16,6628872,69420,20696,197354368,195094000,2260368,0,1498640,452,9528,197386256,179501532,17884724,4,8683736,23528,19748,197379804,191345696,6034108,4,5330812,2500,16496
2026-03-17T03:56:44.473486,787867248,754009540,759148636,36,22049692,95900,66684,34359738367,492684,17096,6872,10224,108,195746820,188056024,7690796,28,6609460,69420,20288,197354368,194961476,2392892,0,1595504,452,10192,197386256,179578616,17807640,4,8599792,23528,19664,197379804,191413424,5966380,4,5244936,2500,16540
2026-03-17T03:56:45.474713,787867248,753788060,758927156,36,22224368,95900,67280,34359738367,494044,17096,6872,10224,108,195746820,188043852,7702968,28,6621248,69420,20584,197354368,194754040,2600328,0,1755524,452,10492,197386256,179574372,17811884,4,8599432,23528,19660,197379804,191415796,5964008,4,5248164,2500,16544
2026-03-17T03:56:46.476006,787867248,753617408,758756516,52,22379492,95900,66792,34359738367,493996,17096,6872,10224,108,195746820,188055920,7690900,28,6628000,69420,20592,197354368,194657808,2696560,4,1865376,452,10424,197386256,179582220,17804036,12,8601108,23528,19624,197379804,191321460,6058344,8,5285008,2500,16152
2026-03-17T03:56:47.477529,787867248,753419216,758558324,20,22479856,95900,67836,34359738367,495532,17096,6872,10224,108,195746820,188058748,7688072,20,6634040,69420,19908,197354368,194592824,2761544,0,1919124,452,10776,197386256,179567328,17818928,0,8600024,23528,19552,197379804,191200316,6179488,0,5326668,2500,17600
2026-03-17T03:56:48.478843,787867248,753203400,758342512,24,22637080,95900,68332,34359738367,493804,17096,6872,10224,108,195746820,188050056,7696764,24,6644716,69420,20592,197354368,194509972,2844396,0,1959016,452,11300,197386256,179555764,17830492,0,8601004,23528,19652,197379804,191087608,6292196,0,5432344,2500,16788
2026-03-17T03:56:49.480189,787867248,753038360,758177480,36,22736268,95900,68304,34359738367,493644,17100,6876,10224,108,195746820,188048180,7698640,24,6651024,69420,20348,197354368,194539024,2815344,0,1977472,452,10940,197386256,179546616,17839640,0,8600480,23528,19648,197379804,190904540,6475264,12,5507292,2500,17368
2026-03-17T03:56:50.482049,787867248,752913288,758052416,44,22900428,95900,68564,34359738367,493644,17100,6876,10224,108,195746820,188033812,7713008,32,6658028,69420,20372,197354368,194577832,2776536,0,1980852,452,10980,197386256,179542836,17843420,0,8601176,23528,19684,197379804,190758304,6621500,12,5660516,2500,17548
2026-03-17T03:56:51.483373,787867248,752764512,757903640,44,23072552,95900,67968,34359738367,494204,17100,6876,10224,108,195746820,188027380,7719440,32,6663844,69420,20220,197354368,194620632,2733736,0,1980996,452,10928,197386256,179542148,17844108,0,8601380,23528,19556,197379804,190574352,6805452,12,5826332,2500,17264
2026-03-17T03:56:52.484879,787867248,752530036,757669172,52,23383268,95900,68992,34359738367,492636,17100,6876,10224,108,195746820,187976448,7770372,40,6738664,69420,20552,197354368,194546844,2807524,0,2073740,452,11068,197386256,179505600,17880656,0,8653376,23528,19620,197379804,190499128,6880676,12,5919504,2500,17752
2026-03-17T03:56:53.486598,787867248,752302012,757441148,52,23518800,95900,69588,34359738367,492060,17100,6876,10224,108,195746820,187934560,7812260,40,6750488,69420,20576,197354368,194549372,2804996,0,2105520,452,11088,197386256,179442832,17943424,0,8682272,23528,19640,197379804,190375248,7004556,12,5980520,2500,18284
2026-03-17T03:56:54.488518,787867248,752421060,757560180,52,23486272,95900,69428,34359738367,493388,17100,6876,10224,108,195746820,187939360,7807460,40,6751384,69420,20548,197354368,194649900,2704468,0,2064464,452,11096,197386256,179486632,17899624,0,8644356,23528,19588,197379804,190338112,7041692,12,6029596,2500,18196
2026-03-17T03:56:55.490090,787867248,752461380,757600500,52,23405244,95900,70584,34359738367,495692,17100,6876,10224,108,195746820,187961556,7785264,40,6730520,69420,20868,197354368,194690640,2663728,0,2025436,452,11204,197386256,179515756,17870500,0,8600012,23528,19664,197379804,190293428,7086376,12,6049276,2500,18848
2026-03-17T03:56:56.491414,787867248,752383148,757522268,52,23477348,95900,69416,34359738367,494092,17100,6876,10224,108,195746820,187945932,7800888,40,6739740,69420,20728,197354368,194694844,2659524,0,2028420,452,11184,197386256,179507332,17878924,0,8598788,23528,19612,197379804,190235040,7144764,12,6110400,2500,17892
2026-03-17T03:56:57.492657,787867248,752318572,757457700,60,23530140,95900,69896,34359738367,494060,17100,6876,10224,108,195746820,187942308,7804512,48,6748644,69420,20612,197354368,194690952,2663416,0,2029112,452,11268,197386256,179502436,17883820,0,8600884,23528,19676,197379804,190182876,7196928,12,6151500,2500,18340
2026-03-17T03:56:58.494004,787867248,752243880,757383016,60,23610452,95900,70436,34359738367,494220,17100,6876,10224,108,195746820,187918740,7828080,48,6760992,69420,20712,197354368,194688684,2665684,0,2035752,452,11288,197386256,179509928,17876328,0,8598944,23528,19732,197379804,190126528,7253276,12,6214764,2500,18704
2026-03-17T03:56:59.495478,787867248,752170404,757309540,60,23725716,95900,69436,34359738367,493932,17100,6876,10224,108,195746820,187889836,7856984,48,6779404,69420,20516,197354368,194672296,2682072,0,2054860,452,11232,197386256,179520612,17865644,0,8609700,23528,19592,197379804,190083628,7296176,12,6289816,2500,18096
2026-03-17T03:57:00.498152,787867248,752096720,757235856,60,23782532,95900,70636,34359738367,494220,17100,6876,10224,108,195746820,187883624,7863196,48,6782704,69420,20668,197354368,194669284,2685084,0,2053040,452,11340,197386256,179518868,17867388,0,8601204,23528,19692,197379804,190024692,7355112,12,6346048,2500,18936
2026-03-17T03:57:01.499472,787867248,752038236,757177400,72,23897824,95900,70212,34359738367,493948,17100,6876,10224,108,195746820,187881044,7865776,52,6789944,69420,20632,197354368,194673508,2680860,0,2057684,452,11288,197386256,179537336,17848920,0,8600296,23528,19576,197379804,189946348,7433456,20,6449900,2500,18716
2026-03-17T03:57:02.500719,787867248,751884884,757024048,72,24095584,95900,70816,34359738367,493180,17100,6876,10224,108,195746820,187835988,7910832,52,6837016,69420,20704,197354368,194604392,2749976,0,2114988,452,11396,197386256,179495160,17891096,0,8643536,23528,19772,197379804,189949344,7430460,20,6492988,2500,18944
2026-03-17T03:57:03.501964,787867248,751735220,756874388,60,24109508,95900,70928,34359738367,494028,17100,6876,10224,108,195746820,187849464,7897356,40,6801612,69420,20792,197354368,194347548,3006820,0,2222532,452,12028,197386256,179546064,17840192,0,8600768,23528,19796,197379804,189991892,7387912,20,6485048,2500,18312
2026-03-17T03:57:04.503293,787867248,751491584,756630752,84,24246128,95900,70672,34359738367,494060,17100,6876,10224,108,195746820,187843520,7903300,48,6808416,69420,20636,197354368,194103632,3250736,4,2340196,452,12184,197386256,179541972,17844284,8,8600568,23528,19620,197379804,190002460,7377344,24,6496948,2500,18232
2026-03-17T03:57:05.504563,787867248,751372412,756511596,84,24331412,95900,70864,34359738367,492044,17100,6876,10224,108,195746820,187824612,7922208,48,6816688,69420,20776,197354368,193980812,3373556,4,2404864,452,11804,197386256,179535928,17850328,8,8599648,23528,19768,197379804,190031060,7348744,24,6510212,2500,18516
2026-03-17T03:57:06.505843,787867248,751302200,756441384,84,24426612,95900,70316,34359738367,494764,17100,6876,10224,108,195746820,187811248,7935572,48,6825572,69420,20720,197354368,193899024,3455344,4,2476996,452,11992,197386256,179531640,17854616,8,8600672,23528,19656,197379804,190060288,7319516,24,6523372,2500,17948
2026-03-17T03:57:07.507153,787867248,751221008,756360192,84,24489876,95900,71272,34359738367,494076,17100,6876,10224,108,195746820,187804960,7941860,48,6833348,69420,20676,197354368,193821200,3533168,4,2522788,452,12900,197386256,179525568,17860688,8,8601356,23528,19684,197379804,190069280,7310524,24,6532384,2500,18012
2026-03-17T03:57:08.508466,787867248,751132652,756271836,84,24556664,95900,70980,34359738367,494012,17100,6876,10224,108,195746820,187781712,7965108,48,6845548,69420,20664,197354368,193798836,3555532,4,2562868,452,12572,197386256,179554780,17831476,8,8600172,23528,19628,197379804,189997324,7382480,24,6548076,2500,18116
2026-03-17T03:57:09.510170,787867248,751135700,756274884,84,24628324,95900,71452,34359738367,493580,17100,6876,10224,108,195746820,187788048,7958772,48,6848932,69420,20688,197354368,193777248,3577120,4,2620916,452,12536,197386256,179545460,17840796,8,8600832,23528,20164,197379804,190024944,7354860,24,6557644,2500,18064
2026-03-17T03:57:10.511752,787867248,750963712,756102896,84,24789596,95900,70768,34359738367,492012,17100,6876,10224,108,195746820,187798300,7948520,48,6853332,69420,20708,197354368,193577312,3777056,4,2767540,452,11812,197386256,179541568,17844688,8,8604200,23528,20032,197379804,190054596,7325208,24,6564524,2500,18216
2026-03-17T03:57:11.513044,787867248,750871496,756010688,92,24907988,95900,73252,34359738367,493932,17100,6876,10224,108,195746820,187785072,7961748,56,6867160,69420,21044,197354368,193528548,3825820,4,2862464,452,12792,197386256,179504264,17881992,8,8604336,23528,20512,197379804,190049076,7330728,24,6583100,2500,18904
2026-03-17T03:57:12.515853,787867248,750820568,755959768,92,24929716,95900,72764,34359738367,492060,17100,6876,10224,108,195746820,187775968,7970852,56,6862112,69420,20876,197354368,193603600,3750768,4,2880316,452,13004,197386256,179392008,17994248,8,8601864,23528,20072,197379804,190048992,7330812,24,6585424,2500,18812
2026-03-17T03:57:13.517134,787867248,750906452,756045640,60,24955692,95900,72096,34359738367,495468,17100,6876,10224,108,195746820,187776644,7970176,16,6867368,69420,20728,197354368,193687124,3667244,4,2893608,452,12572,197386256,179386812,17999444,8,8598892,23528,20512,197379804,190053856,7325948,32,6595824,2500,18284
2026-03-17T03:57:14.518411,787867248,750781724,755920920,60,25046968,95900,71868,34359738367,497116,17100,6876,10224,108,195746820,187757964,7988856,16,6889800,69420,20684,197354368,193696812,3657556,4,2919032,452,12508,197386256,179296460,18089796,8,8599124,23528,20676,197379804,190030488,7349316,32,6639012,2500,18000
2026-03-17T03:57:15.519843,787867248,750699708,755838904,68,25065804,95900,72452,34359738367,497164,17100,6876,10224,108,195746820,187761056,7985764,16,6891348,69420,20808,197354368,193697176,3657192,4,2927944,452,12680,197386256,179239444,18146812,12,8598380,23528,20648,197379804,190002032,7377772,36,6648132,2500,18316
2026-03-17T03:57:16.521088,787867248,750649296,755788500,68,25095476,95900,71464,34359738367,494044,17100,6876,10224,108,195746820,187757524,7989296,16,6898688,69420,20972,197354368,193711836,3642532,4,2938172,452,12856,197386256,179190352,18195904,12,8598976,23528,19640,197379804,189989584,7390220,36,6659640,2500,17996
2026-03-17T03:57:17.522339,787867248,750550552,755689756,80,25249644,95900,71912,34359738367,492044,17100,6876,10224,108,195746820,187705264,8041556,28,6933276,69420,21056,197354368,193694236,3660132,4,2980288,452,12856,197386256,179184324,18201932,12,8637692,23528,19780,197379804,189972272,7407532,36,6698740,2500,18440
2026-03-17T03:57:18.523635,787867248,750737512,755876740,80,25134440,95900,71076,34359738367,493948,17100,6876,10224,108,195746820,187760184,7986636,28,6905884,69420,20748,197354368,193735544,3618824,4,2957680,452,12732,197386256,179238052,18148204,12,8600268,23528,19724,197379804,190003732,7376072,36,6670608,2500,17872
2026-03-17T03:57:19.524901,787867248,750686216,755825444,80,25264544,95900,71888,34359738367,493916,17100,6876,10224,108,195746820,187746752,8000068,28,6937928,69420,20752,197354368,193671700,3682668,4,2999328,452,12856,197386256,179278884,18107372,12,8625984,23528,20056,197379804,189973256,7406548,36,6710880,2500,18224
2026-03-17T03:57:20.530713,787867248,750547992,755687220,80,25320604,95900,71464,34359738367,492796,17100,6876,10224,108,195746820,187723276,8023544,28,6951104,69420,20716,197354368,193660072,3694296,4,3022420,452,12724,197386256,179205140,18181116,12,8629948,23528,20068,197379804,189954968,7424836,36,6721668,2500,17956
2026-03-17T03:57:21.532018,787867248,750672544,755811796,80,25213284,95900,72236,34359738367,495804,17100,6876,10224,108,195746820,187742664,8004156,28,6922136,69420,20816,197354368,193674584,3679784,4,2996936,452,12932,197386256,179284240,18102016,12,8599464,23528,20544,197379804,189971056,7408748,36,6694748,2500,17944
2026-03-17T03:57:22.533313,787867248,750628188,755767440,80,25234072,95900,72328,34359738367,494748,17100,6876,10224,108,195746820,187746672,8000148,28,6924300,69420,21088,197354368,193673192,3681176,4,3009056,452,12864,197386256,179232824,18153432,12,8599812,23528,20672,197379804,189975500,7404304,36,6700904,2500,17704
2026-03-17T03:57:23.534886,787867248,750599904,755739156,80,25253860,95900,72332,34359738367,494652,17100,6876,10224,108,195746820,187742280,8004540,28,6929788,69420,20676,197354368,193672192,3682176,4,3015992,452,13332,197386256,179209336,18176920,12,8598880,23528,20292,197379804,189976096,7403708,36,6709200,2500,18032
2026-03-17T03:57:24.536168,787867248,750239248,755379004,28,25509408,95900,71716,34359738367,492092,17100,6876,10224,108,195746820,187550056,8196764,28,7003120,69420,20784,197354368,193598048,3756320,0,3076780,452,13004,197386256,179177332,18208924,0,8658988,23528,19820,197379804,189919860,7459944,0,6770520,2500,18108
2026-03-17T03:57:25.537420,787867248,750207356,755346616,28,25450276,95900,72172,34359738367,492044,17100,6876,10224,108,195746820,187621052,8125768,28,6984240,69420,20648,197354368,193636388,3717980,0,3051072,452,13024,197386256,179219452,18166804,0,8634372,23528,19860,197379804,189738528,7641276,0,6780592,2500,18640
2026-03-17T03:57:26.538725,787867248,750293276,755432540,32,25383260,95900,72468,34359738367,494028,17100,6876,10224,108,195746820,187657092,8089728,32,6956164,69420,20828,197354368,193661708,3692660,0,3023480,452,13088,197386256,179272688,18113568,0,8600096,23528,19932,197379804,189701788,7678016,0,6803520,2500,18620
2026-03-17T03:57:27.539996,787867248,750109596,755248852,60,25560448,95900,72792,34359738367,493340,17100,6876,10224,108,195746820,187616984,8129836,40,6994240,69420,20780,197354368,193624476,3729892,0,3057564,452,13128,197386256,179249952,18136304,4,8641208,23528,19740,197379804,189618184,7761620,16,6861892,2500,19144
2026-03-17T03:57:28.541251,787867248,750206156,755345412,60,25467964,95900,72792,34359738367,494044,17100,6876,10224,108,195746820,187649844,8096976,40,6958832,69420,20844,197354368,193551176,3803192,0,3056936,452,13352,197386256,179308768,18077488,4,8600372,23528,19852,197379804,189696368,7683436,16,6851824,2500,18744
2026-03-17T03:57:29.543640,787867248,750072352,755211616,60,25587924,95900,73176,34359738367,493228,17100,6876,10224,108,195746820,187647888,8098932,40,6962188,69420,20864,197354368,193388384,3965984,0,3168664,452,13748,197386256,179325804,18060452,4,8602568,23528,19920,197379804,189707756,7672048,16,6864080,2500,18644
2026-03-17T03:57:30.546631,787867248,750060864,755200632,60,25610880,95900,73176,34359738367,494268,17100,6876,10224,108,195746820,187656204,8090616,40,6962872,69420,20784,197354368,193431640,3922728,0,3187748,452,13264,197386256,179237204,18149052,4,8599640,23528,20548,197379804,189740352,7639452,16,6861104,2500,18580
2026-03-17T03:57:31.547968,787867248,750398736,755538000,68,25303472,95900,72684,34359738367,492012,17100,6876,10224,108,195746820,187634884,8111936,48,6985336,69420,21236,197354368,193415184,3939184,0,3188412,452,13140,197386256,179381644,18004612,4,8489192,23528,19808,197379804,189967024,7412780,16,6640532,2500,18500
2026-03-17T03:57:32.549203,787867248,750312084,755451364,72,25495544,95908,72184,34359738367,492012,17100,6876,10224,108,195746820,187637132,8109688,52,6994412,69420,20860,197354368,193295024,4059344,0,3357116,452,13628,197386256,179412588,17973668,4,8489332,23536,19600,197379804,189967340,7412464,16,6654684,2500,18096
2026-03-17T03:57:33.550382,787867248,750169472,755308752,76,25687488,95908,72804,34359738367,492012,17100,6876,10224,108,195746820,187636596,8110224,52,6999996,69420,20860,197354368,193122196,4232172,0,3526564,452,14220,197386256,179449856,17936400,8,8489336,23536,19600,197379804,189965164,7414640,16,6672548,2500,18124
2026-03-17T03:57:34.551611,787867248,750065136,755204424,68,25872368,95908,73428,34359738367,492012,17100,6876,10224,108,195746820,187640964,8105856,44,7006032,69420,20860,197354368,192974552,4379816,0,3690276,452,14840,197386256,179486768,17899488,8,8489336,23536,19600,197379804,189962852,7416952,16,6686724,2500,18128
2026-03-17T03:57:35.552797,787867248,749922688,755061976,68,26058548,95908,73884,34359738367,492012,17100,6876,10224,108,195746820,187631512,8115308,44,7015220,69420,20860,197354368,192805088,4549280,0,3849984,452,15296,197386256,179519220,17867036,8,8489336,23536,19600,197379804,189966868,7412936,16,6704008,2500,18128
2026-03-17T03:57:36.554011,787867248,749784240,754923528,68,26254192,95908,74356,34359738367,492012,17100,6876,10224,108,195746820,187610204,8136616,44,7032564,69420,20864,197354368,192692444,4661924,0,3983356,452,15756,197386256,179552532,17833724,8,8489336,23536,19600,197379804,189929060,7450744,16,6748936,2500,18136
2026-03-17T03:57:37.555274,787867248,749653972,754793260,68,26405008,95908,74620,34359738367,492012,17100,6876,10224,108,195746820,187589844,8156976,44,7055792,69420,20868,197354368,192598448,4755920,0,4068064,452,15916,197386256,179579428,17806828,8,8489336,23536,19600,197379804,189886252,7493552,16,6791816,2500,18236
2026-03-17T03:57:38.556511,787867248,749558124,754697412,68,26586160,95908,74836,34359738367,492012,17100,6876,10224,108,195746820,187594180,8152640,44,7059176,69420,20868,197354368,192479900,4874468,0,4214104,452,16124,197386256,179604212,17782044,8,8489336,23536,19600,197379804,189879832,7499972,16,6823544,2500,18244
2026-03-17T03:57:39.557761,787867248,749508340,754647640,92,26704316,95908,75308,34359738367,492012,17100,6876,10224,108,195746820,187577560,8169260,56,7091556,69420,20940,197354368,192440336,4914032,0,4263428,452,16460,197386256,179626720,17759536,16,8489668,23536,19600,197379804,189863724,7516080,20,6859664,2500,18308
2026-03-17T03:57:40.562235,787867248,749400308,754539624,100,26834012,95908,75508,34359738367,492012,17100,6876,10224,108,195746820,187527640,8219180,56,7134620,69420,21008,197354368,192401276,4953092,0,4307912,452,16532,197386256,179648016,17738240,16,8489772,23536,19600,197379804,189824040,7555764,28,6903136,2500,18384
2026-03-17T03:57:41.563565,787867248,749341976,754481292,100,26950548,95908,75740,34359738367,492012,17100,6876,10224,108,195746820,187498156,8248664,56,7173516,69420,21076,197354368,192376868,4977500,0,4344848,452,16604,197386256,179671172,17715084,16,8489772,23536,19600,197379804,189795780,7584024,28,6942916,2500,18460
2026-03-17T03:57:42.565044,787867248,749216632,754355948,100,27073416,95908,75980,34359738367,492012,17100,6876,10224,108,195746820,187449112,8297708,56,7214272,69420,21160,197354368,192327980,5026388,0,4386936,452,16684,197386256,179696540,17689716,16,8489772,23536,19600,197379804,189743000,7636804,28,6982436,2500,18536
2026-03-17T03:57:43.566705,787867248,749124140,754263456,100,27200744,95908,76240,34359738367,492012,17100,6876,10224,108,195746820,187410988,8335832,56,7256388,69420,21256,197354368,192288416,5065952,0,4429900,452,16772,197386256,179722884,17663372,16,8489772,23536,19600,197379804,189701852,7677952,28,7024684,2500,18612
2026-03-17T03:57:44.571274,787867248,749059008,754198324,100,27315672,95908,76472,34359738367,492012,17100,6876,10224,108,195746820,187375516,8371304,56,7295256,69420,21328,197354368,192264980,5089388,0,4467732,452,16856,197386256,179744128,17642128,16,8489772,23536,19600,197379804,189674384,7705420,28,7062912,2500,18688
2026-03-17T03:57:45.572556,787867248,748933920,754073244,100,27438544,95908,76704,34359738367,492012,17104,6880,10224,108,195746820,187333432,8413388,56,7335764,69420,21404,197354368,192208028,5146340,0,4508852,452,16924,197386256,179762576,17623680,16,8489772,23536,19600,197379804,189629884,7749920,28,7104156,2500,18776
2026-03-17T03:57:46.573823,787867248,748834592,753973924,108,27567544,95908,76936,34359738367,492012,17104,6880,10224,108,195746820,187293484,8453336,64,7378960,69420,21476,197354368,192173252,5181116,0,4551420,452,17008,197386256,179779760,17606496,16,8489772,23536,19600,197379804,189588096,7791708,28,7147392,2500,18852
2026-03-17T03:57:47.578708,787867248,748719312,753858644,108,27683916,95908,77132,34359738367,492012,17104,6880,10224,108,195746820,187241976,8504844,64,7418168,69420,21564,197354368,192137468,5216900,0,4591260,452,17064,197386256,179795664,17590592,16,8489772,23536,19600,197379804,189544204,7835600,28,7185724,2500,18904
2026-03-17T03:57:48.580207,787867248,748644640,753783972,108,27804932,95908,77380,34359738367,492012,17104,6880,10224,108,195746820,187223508,8523312,64,7457976,69420,21640,197354368,192096896,5257472,0,4631204,452,17152,197386256,179810872,17575384,16,8489772,23536,19600,197379804,189513364,7866440,28,7225980,2500,18988
2026-03-17T03:57:49.581517,787867248,748502100,753641432,64,27931648,95908,77564,34359738367,492012,17104,6880,10224,108,195746820,187179940,8566880,20,7500192,69420,21708,197354368,192044280,5310088,0,4673060,452,17208,197386256,179823488,17562768,16,8489772,23536,19600,197379804,189454392,7925412,28,7268624,2500,19048
2026-03-17T03:57:50.586054,787867248,748440500,753579832,64,28024076,95908,77756,34359738367,492012,17104,6880,10224,108,195746820,187136352,8610468,20,7534016,69420,21784,197354368,192023872,5330496,0,4699512,452,17268,197386256,179835088,17551168,16,8489772,23536,19600,197379804,189445188,7934616,28,7300776,2500,19104
2026-03-17T03:57:51.587343,787867248,748452112,753591452,72,28056260,95908,77768,34359738367,492012,17104,6880,10224,108,195746820,187129448,8617372,20,7547580,69420,21788,197354368,192020288,5334080,0,4709888,452,17272,197386256,179844816,17541440,20,8489772,23536,19600,197379804,189457560,7922244,32,7309020,2500,19108
2026-03-17T03:57:52.588705,787867248,748496356,753635696,76,28064216,95908,77772,34359738367,492012,17104,6880,10224,108,195746820,187145732,8601088,24,7550148,69420,21792,197354368,192024844,5329524,0,4712604,452,17272,197386256,179850644,17535612,20,8489772,23536,19600,197379804,189475136,7904668,32,7311692,2500,19108
2026-03-17T03:57:53.590024,787867248,748551220,753690560,96,28065932,95908,77776,34359738367,492012,17104,6880,10224,108,195746820,187168236,8578584,36,7550524,69420,21796,197354368,192034764,5319604,0,4713944,452,17272,197386256,179852548,17533708,20,8489772,23536,19600,197379804,189495672,7884132,40,7311692,2500,19108
2026-03-17T03:57:54.592221,787867248,748599268,753738608,96,28066268,95908,77776,34359738367,492012,17104,6880,10224,108,195746820,187187864,8558956,36,7550592,69420,21796,197354368,192045472,5308896,0,4714212,452,17272,197386256,179854588,17531668,20,8489772,23536,19600,197379804,189511344,7868460,40,7311692,2500,19108
2026-03-17T03:57:55.594709,787867248,748648608,753787948,96,28066324,95908,77780,34359738367,492012,17104,6880,10224,108,195746820,187204932,8541888,36,7550648,69420,21800,197354368,192061028,5293340,0,4714212,452,17272,197386256,179856100,17530156,20,8489772,23536,19600,197379804,189526548,7853256,40,7311692,2500,19108
2026-03-17T03:57:56.595981,787867248,748694316,753833656,96,28066916,95908,77788,34359738367,492012,17104,6880,10224,108,195746820,187219016,8527804,36,7550972,69420,21808,197354368,192078728,5275640,0,4714480,452,17272,197386256,179857108,17529148,20,8489772,23536,19600,197379804,189539464,7840340,40,7311692,2500,19108
2026-03-17T03:57:57.598714,787867248,748718096,753857436,96,28066972,95908,77792,34359738367,492012,17104,6880,10224,108,195746820,187228756,8518064,36,7551028,69420,21812,197354368,192088316,5266052,0,4714480,452,17272,197386256,179858368,17527888,20,8489772,23536,19600,197379804,189542656,7837148,40,7311692,2500,19108
2026-03-17T03:57:58.600010,787867248,748737092,753876432,96,28067028,95908,77792,34359738367,492012,17104,6880,10224,108,195746820,187236840,8509980,36,7551084,69420,21812,197354368,192099160,5255208,0,4714480,452,17272,197386256,179859880,17526376,20,8489772,23536,19600,197379804,189541212,7838592,40,7311692,2500,19108
2026-03-17T03:57:59.602714,787867248,748744328,753883668,104,28067352,95908,77792,34359738367,492012,17104,6880,10224,108,195746820,187239408,8507412,44,7551140,69420,21812,197354368,192101808,5252560,0,4714480,452,17272,197386256,179860888,17525368,20,8489772,23536,19600,197379804,189542224,7837580,40,7311960,2500,19108
2026-03-17T03:58:00.604013,787867248,748752020,753891360,36,28067412,95908,77796,34359738367,492012,17104,6880,10224,108,195746820,187241824,8504996,36,7551200,69420,21816,197354368,192104208,5250160,0,4714480,452,17272,197386256,179862148,17524108,0,8489772,23536,19600,197379804,189543840,7835964,0,7311960,2500,19108
2026-03-17T03:58:01.605267,787867248,748758928,753898268,36,28067464,95908,77800,34359738367,492012,17104,6880,10224,108,195746820,187244640,8502180,36,7551252,69420,21820,197354368,192105468,5248900,0,4714480,452,17272,197386256,179863520,17522736,0,8489772,23536,19600,197379804,189545300,7834504,0,7311960,2500,19108
2026-03-17T03:58:02.606717,787867248,748763780,753903120,36,28067528,95908,77800,34359738367,492012,17104,6880,10224,108,195746820,187246744,8500076,36,7551316,69420,21820,197354368,192106684,5247684,0,4714480,452,17272,197386256,179864500,17521756,0,8489772,23536,19600,197379804,189545852,7833952,0,7311960,2500,19108
2026-03-17T03:58:03.610198,787867248,748768312,753907652,52,28067584,95908,77800,34359738367,492012,17104,6880,10224,108,195746820,187248508,8498312,44,7551372,69420,21820,197354368,192107552,5246816,0,4714480,452,17272,197386256,179865760,17520496,4,8489772,23536,19600,197379804,189546492,7833312,4,7311960,2500,19108
2026-03-17T03:58:04.611752,787867248,748767028,753906368,56,28067648,95908,77800,34359738367,492012,17104,6880,10224,108,195746820,187243948,8502872,48,7551436,69420,21820,197354368,192109064,5245304,0,4714480,452,17272,197386256,179867020,17519236,4,8489772,23536,19600,197379804,189546996,7832808,4,7311960,2500,19108
2026-03-17T03:58:05.614714,787867248,748771704,753911064,52,28067704,95908,77800,34359738367,492012,17104,6880,10224,108,195746820,187247108,8499712,32,7551492,69420,21820,197354368,192109592,5244776,0,4714480,452,17272,197386256,179867756,17518500,4,8489772,23536,19600,197379804,189547248,7832556,16,7311960,2500,19108
2026-03-17T03:58:06.616015,787867248,748777300,753916660,60,28067760,95908,77800,34359738367,492012,17104,6880,10224,108,195746820,187250008,8496812,40,7551548,69420,21820,197354368,192110412,5243956,0,4714480,452,17272,197386256,179868876,17517380,4,8489772,23536,19600,197379804,189548004,7831800,16,7311960,2500,19108
2026-03-17T03:58:07.618712,787867248,748782924,753922284,60,28067816,95908,77800,34359738367,492012,17108,6884,10224,108,195746820,187253208,8493612,40,7551604,69420,21820,197354368,192111672,5242696,0,4714480,452,17272,197386256,179870040,17516216,4,8489772,23536,19600,197379804,189548004,7831800,16,7311960,2500,19108
2026-03-17T03:58:08.620009,787867248,748787204,753926564,60,28067884,95908,77800,34359738367,492012,17108,6884,10224,108,195746820,187255976,8490844,40,7551672,69420,21820,197354368,192112176,5242192,0,4714480,452,17272,197386256,179870796,17515460,4,8489772,23536,19600,197379804,189548256,7831548,16,7311960,2500,19108
2026-03-17T03:58:09.621320,787867248,748792092,753931452,84,28067936,95908,77804,34359738367,492012,17108,6884,10224,108,195746820,187258328,8488492,40,7551724,69420,21824,197354368,192112932,5241436,0,4714480,452,17272,197386256,179871820,17514436,20,8489772,23536,19600,197379804,189549012,7830792,24,7311960,2500,19108
2026-03-17T03:58:10.622595,787867248,748796384,753935744,84,28068004,95908,77804,34359738367,492012,17108,6884,10224,108,195746820,187260352,8486468,40,7551792,69420,21824,197354368,192114192,5240176,0,4714480,452,17272,197386256,179872828,17513428,20,8489772,23536,19600,197379804,189549012,7830792,24,7311960,2500,19108
2026-03-17T03:58:11.624053,787867248,748799252,753938612,84,28068064,95908,77804,34359738367,492012,17108,6884,10224,108,195746820,187261888,8484932,40,7551852,69420,21824,197354368,192114696,5239672,0,4714480,452,17272,197386256,179873584,17512672,20,8489772,23536,19600,197379804,189549084,7830720,24,7311960,2500,19108
2026-03-17T03:58:12.626726,787867248,748803132,753942492,84,28068128,95908,77808,34359738367,492012,17108,6884,10224,108,195746820,187263652,8483168,40,7551916,69420,21828,197354368,192115452,5238916,0,4714480,452,17272,197386256,179874404,17511852,20,8489772,23536,19600,197379804,189549624,7830180,24,7311960,2500,19108
2026-03-17T03:58:13.628019,787867248,748807060,753946448,92,28068184,95908,77808,34359738367,492012,17108,6884,10224,108,195746820,187265312,8481508,48,7551972,69420,21828,197354368,192116712,5237656,0,4714480,452,17272,197386256,179875412,17510844,20,8489772,23536,19600,197379804,189549624,7830180,24,7311960,2500,19108
2026-03-17T03:58:14.629271,787867248,748809864,753949252,92,28068244,95908,77808,34359738367,492012,17108,6884,10224,108,195746820,187266604,8480216,48,7552032,69420,21828,197354368,192117468,5236900,0,4714480,452,17272,197386256,179876168,17510088,20,8489772,23536,19600,197379804,189549624,7830180,24,7311960,2500,19108
2026-03-17T03:58:15.630628,787867248,748813140,753952528,92,28068308,95908,77812,34359738367,492012,17108,6884,10224,108,195746820,187268368,8478452,48,7552096,69420,21832,197354368,192117972,5236396,0,4714480,452,17272,197386256,179876924,17509332,20,8489772,23536,19600,197379804,189549876,7829928,24,7311960,2500,19108
2026-03-17T03:58:16.633271,787867248,748817116,753956504,92,28068372,95908,77812,34359738367,492012,17108,6884,10224,108,195746820,187269824,8476996,48,7552160,69420,21832,197354368,192119232,5235136,0,4714480,452,17272,197386256,179877932,17508324,20,8489772,23536,19600,197379804,189550128,7829676,24,7311960,2500,19108
2026-03-17T03:58:17.634545,787867248,748819892,753959280,96,28068432,95908,77812,34359738367,492012,17108,6884,10224,108,195746820,187271084,8475736,52,7552220,69420,21832,197354368,192119992,5234376,0,4714480,452,17272,197386256,179878688,17507568,20,8489772,23536,19600,197379804,189550128,7829676,24,7311960,2500,19108
2026-03-17T03:58:18.636163,787867248,748823420,753962808,104,28068492,95908,77812,34359738367,492012,17108,6884,10224,108,195746820,187272848,8473972,52,7552280,69420,21832,197354368,192120496,5233872,0,4714480,452,17272,197386256,179879444,17506812,20,8489772,23536,19600,197379804,189550632,7829172,32,7311960,2500,19108
2026-03-17T03:58:19.638712,787867248,748826816,753966204,112,28068544,95908,77816,34359738367,492012,17108,6884,10224,108,195746820,187273976,8472844,60,7552332,69420,21836,197354368,192121756,5232612,0,4714480,452,17272,197386256,179880452,17505804,20,8489772,23536,19600,197379804,189550632,7829172,32,7311960,2500,19108
2026-03-17T03:58:20.639988,787867248,748827204,753966592,112,28068604,95908,77816,34359738367,492012,17108,6884,10224,108,195746820,187273220,8473600,60,7552392,69420,21836,197354368,192122144,5232224,0,4714480,452,17272,197386256,179881208,17505048,20,8489772,23536,19600,197379804,189550632,7829172,32,7311960,2500,19108
2026-03-17T03:58:21.642732,787867248,748830732,753970120,112,28068668,95908,77816,34359738367,492012,17108,6884,10224,108,195746820,187274984,8471836,60,7552456,69420,21836,197354368,192122648,5231720,0,4714480,452,17272,197386256,179881964,17504292,20,8489772,23536,19600,197379804,189551136,7828668,32,7311960,2500,19108
2026-03-17T03:58:22.643976,787867248,748833956,753973344,112,28068724,95908,77820,34359738367,492012,17108,6884,10224,108,195746820,187276340,8470480,60,7552512,69420,21840,197354368,192123668,5230700,0,4714480,452,17272,197386256,179882812,17503444,20,8489772,23536,19600,197379804,189551136,7828668,32,7311960,2500,19108
2026-03-17T03:58:23.645296,787867248,748833628,753973016,112,28068780,95908,77824,34359738367,492012,17108,6884,10224,108,195746820,187275004,8471816,60,7552568,69420,21844,197354368,192123920,5230448,0,4714480,452,17272,197386256,179883568,17502688,20,8489772,23536,19600,197379804,189551136,7828668,32,7311960,2500,19108
2026-03-17T03:58:24.646568,787867248,748834724,753974112,112,28068840,95908,77824,34359738367,492012,17108,6884,10224,108,195746820,187274336,8472484,60,7552628,69420,21844,197354368,192124424,5229944,0,4714480,452,17272,197386256,179884324,17501932,20,8489772,23536,19600,197379804,189551640,7828164,32,7311960,2500,19108
2026-03-17T03:58:25.649877,787867248,748839028,753978420,68,28068964,95908,77824,34359738367,492012,17108,6884,10224,108,195746820,187277380,8469440,16,7552752,69420,21844,197354368,192125180,5229188,0,4714480,452,17272,197386256,179884828,17501428,20,8489772,23536,19600,197379804,189551640,7828164,32,7311960,2500,19108
2026-03-17T03:58:26.651162,787867248,748842640,753982032,80,28069024,95908,77828,34359738367,492012,17108,6884,10224,108,195746820,187280068,8466752,28,7552812,69420,21848,197354368,192125432,5228936,0,4714480,452,17272,197386256,179885500,17500756,20,8489772,23536,19600,197379804,189551640,7828164,32,7311960,2500,19108
2026-03-17T03:58:27.652743,787867248,748846384,753985776,92,28069084,95908,77828,34359738367,492012,17108,6884,10224,108,195746820,187282048,8464772,28,7552872,69420,21848,197354368,192125936,5228432,4,4714480,452,17272,197386256,179886256,17500000,24,8489772,23536,19600,197379804,189552144,7827660,36,7311960,2500,19108
2026-03-17T03:58:28.654713,787867248,748847492,753986884,92,28069140,95908,77828,34359738367,492012,17108,6884,10224,108,195746820,187282716,8464104,28,7552928,69420,21848,197354368,192126440,5227928,4,4714480,452,17272,197386256,179886608,17499648,24,8489772,23536,19600,197379804,189552144,7827660,36,7311960,2500,19108
2026-03-17T03:58:29.658712,787867248,748849632,753989024,92,28069204,95908,77840,34359738367,492012,17108,6884,10224,108,195746820,187283684,8463136,28,7552992,69420,21860,197354368,192126692,5227676,4,4714480,452,17272,197386256,179887112,17499144,24,8489772,23536,19600,197379804,189552144,7827660,36,7311960,2500,19108
2026-03-17T03:58:30.660002,787867248,748852964,753992388,104,28069264,95908,77840,34359738367,492012,17108,6884,10224,108,195746820,187285196,8461624,32,7553052,69420,21860,197354368,192127448,5226920,4,4714480,452,17272,197386256,179887672,17498584,24,8489772,23536,19600,197379804,189552648,7827156,44,7311960,2500,19108
2026-03-17T03:58:31.661245,787867248,748853972,753993396,104,28069324,95908,77840,34359738367,492012,17108,6884,10224,108,195746820,187285448,8461372,32,7553112,69420,21860,197354368,192127952,5226416,4,4714480,452,17272,197386256,179887924,17498332,24,8489772,23536,19600,197379804,189552648,7827156,44,7311960,2500,19108
2026-03-17T03:58:32.662603,787867248,748855484,753994908,104,28069380,95908,77840,34359738367,492012,17108,6884,10224,108,195746820,187286204,8460616,32,7553168,69420,21860,197354368,192128204,5226164,4,4714480,452,17272,197386256,179888428,17497828,24,8489772,23536,19600,197379804,189552648,7827156,44,7311960,2500,19108
2026-03-17T03:58:33.665584,787867248,748858628,753998052,112,28069436,95908,77840,34359738367,492012,17108,6884,10224,108,195746820,187287592,8459228,40,7553224,69420,21860,197354368,192128952,5225416,4,4714480,452,17272,197386256,179888932,17497324,24,8489772,23536,19600,197379804,189553152,7826652,44,7311960,2500,19108
2026-03-17T03:58:34.666868,787867248,748859636,753999060,56,28069500,95908,77840,34359738367,492012,17108,6884,10224,108,195746820,187287844,8458976,32,7553288,69420,21860,197354368,192129456,5224912,0,4714480,452,17272,197386256,179889184,17497072,0,8489772,23536,19600,197379804,189553152,7826652,24,7311960,2500,19108
2026-03-17T03:58:35.670706,787867248,748861044,754000468,24,28069556,95908,77840,34359738367,492012,17108,6884,10224,108,195746820,187288496,8458324,24,7553344,69420,21860,197354368,192129708,5224660,0,4714480,452,17272,197386256,179889688,17496568,0,8489772,23536,19600,197379804,189553152,7826652,0,7311960,2500,19108
2026-03-17T03:58:36.671943,787867248,748863136,754002560,24,28069604,95908,77840,34359738367,492012,17108,6884,10224,108,195746820,187289504,8457316,24,7553392,69420,21860,197354368,192130212,5224156,0,4714480,452,17272,197386256,179889956,17496300,0,8489772,23536,19600,197379804,189553464,7826340,0,7311960,2500,19108
2026-03-17T03:58:37.673192,787867248,748864144,754003568,24,28069652,95908,77840,34359738367,492012,17108,6884,10224,108,195746820,187289756,8457064,24,7553440,69420,21860,197354368,192130716,5223652,0,4714480,452,17272,197386256,179890208,17496048,0,8489772,23536,19600,197379804,189553464,7826340,0,7311960,2500,19108
2026-03-17T03:58:38.674718,787867248,748865404,754004828,24,28069708,95908,77844,34359738367,492012,17108,6884,10224,108,195746820,187290260,8456560,24,7553496,69420,21864,197354368,192130968,5223400,0,4714480,452,17272,197386256,179890712,17495544,0,8489772,23536,19600,197379804,189553464,7826340,0,7311960,2500,19108
2026-03-17T03:58:39.678093,787867248,748866648,754006136,68,28069764,95908,77848,34359738367,492012,17108,6884,10224,108,195746820,187290912,8455908,40,7553552,69420,21868,197354368,192131472,5222896,4,4714480,452,17272,197386256,179890712,17495544,16,8489772,23536,19600,197379804,189553552,7826252,8,7311960,2500,19108
2026-03-17T03:58:40.679391,787867248,748867504,754006992,68,28069832,95908,77848,34359738367,492012,17108,6884,10224,108,195746820,187291164,8455656,40,7553620,69420,21868,197354368,192131824,5222544,4,4714480,452,17272,197386256,179890964,17495292,16,8489772,23536,19600,197379804,189553552,7826252,8,7311960,2500,19108
2026-03-17T03:58:41.680776,787867248,748868700,754008188,68,28069888,95908,77848,34359738367,492012,17108,6884,10224,108,195746820,187291668,8455152,40,7553676,69420,21868,197354368,192132076,5222292,4,4714480,452,17272,197386256,179891404,17494852,16,8489772,23536,19600,197379804,189553552,7826252,8,7311960,2500,19108
2026-03-17T03:58:42.682702,787867248,748869708,754009196,72,28069936,95908,77848,34359738367,492012,17108,6884,10224,108,195746820,187292172,8454648,44,7553724,69420,21868,197354368,192132580,5221788,4,4714480,452,17272,197386256,179891404,17494852,16,8489772,23536,19600,197379804,189553552,7826252,8,7311960,2500,19108
2026-03-17T03:58:43.685425,787867248,748870288,754009776,84,28069992,95908,77848,34359738367,492012,17108,6884,10224,108,195746820,187292424,8454396,44,7553780,69420,21868,197354368,192132832,5221536,4,4714480,452,17272,197386256,179891480,17494776,16,8489772,23536,19600,197379804,189553552,7826252,20,7311960,2500,19108
2026-03-17T03:58:44.686707,787867248,748871564,754011052,84,28070052,95908,77848,34359738367,492012,17108,6884,10224,108,195746820,187293180,8453640,44,7553840,69420,21868,197354368,192133084,5221284,4,4714480,452,17272,197386256,179891748,17494508,16,8489772,23536,19600,197379804,189553552,7826252,20,7311960,2500,19108
2026-03-17T03:58:45.690703,787867248,748868540,754008028,84,28070108,95908,77852,34359738367,492012,17108,6884,10224,108,195746820,187289400,8457420,44,7553896,69420,21872,197354368,192133840,5220528,4,4714480,452,17272,197386256,179891748,17494508,16,8489772,23536,19600,197379804,189553552,7826252,20,7311960,2500,19108
2026-03-17T03:58:46.691985,787867248,748868792,754008280,92,28070172,95908,77852,34359738367,492012,17108,6884,10224,108,195746820,187289652,8457168,52,7553960,69420,21872,197354368,192133840,5220528,4,4714480,452,17272,197386256,179891748,17494508,16,8489772,23536,19600,197379804,189553552,7826252,20,7311960,2500,19108
2026-03-17T03:58:47.693362,787867248,748870816,754010304,92,28070228,95908,77852,34359738367,492012,17108,6884,10224,108,195746820,187291360,8455460,52,7554016,69420,21872,197354368,192134092,5220276,4,4714480,452,17272,197386256,179891812,17494444,16,8489772,23536,19600,197379804,189553552,7826252,20,7311960,2500,19108
2026-03-17T03:58:48.694642,787867248,748872224,754011712,92,28070288,95908,77852,34359738367,492012,17108,6884,10224,108,195746820,187292504,8454316,52,7554076,69420,21872,197354368,192134356,5220012,4,4714480,452,17272,197386256,179891812,17494444,16,8489772,23536,19600,197379804,189553552,7826252,20,7311960,2500,19108
2026-03-17T03:58:49.698702,787867248,748872960,754012448,92,28070340,95908,77852,34359738367,492012,17108,6884,10224,108,195746820,187293240,8453580,52,7554128,69420,21872,197354368,192134356,5220012,4,4714480,452,17272,197386256,179891812,17494444,16,8489772,23536,19600,197379804,189553552,7826252,20,7311960,2500,19108
2026-03-17T03:58:50.699947,787867248,748874080,754013568,92,28070388,95908,77852,34359738367,492012,17108,6884,10224,108,195746820,187294108,8452712,52,7554176,69420,21872,197354368,192134608,5219760,4,4714480,452,17272,197386256,179891812,17494444,16,8489772,23536,19600,197379804,189553552,7826252,20,7311960,2500,19108
2026-03-17T03:58:51.701271,787867248,748874464,754013952,92,28070452,95908,77852,34359738367,492012,17108,6884,10224,108,195746820,187294492,8452328,52,7554240,69420,21872,197354368,192134608,5219760,4,4714480,452,17272,197386256,179891812,17494444,16,8489772,23536,19600,197379804,189553552,7826252,20,7311960,2500,19108
2026-03-17T03:58:52.702636,787867248,748868260,754007748,92,28070516,95908,77856,34359738367,492012,17108,6884,10224,108,195746820,187288288,8458532,52,7554304,69420,21876,197354368,192134608,5219760,4,4714480,452,17272,197386256,179891812,17494444,16,8489772,23536,19600,197379804,189553552,7826252,20,7311960,2500,19108
2026-03-17T03:58:53.705466,787867248,748870360,754009848,100,28070576,95908,77856,34359738367,492012,17108,6884,10224,108,195746820,187290148,8456672,60,7554364,69420,21876,197354368,192134848,5219520,4,4714480,452,17272,197386256,179891812,17494444,16,8489772,23536,19600,197379804,189553552,7826252,20,7311960,2500,19108
2026-03-17T03:58:54.706713,787867248,748871944,754011432,100,28070640,95908,77856,34359738367,492012,17108,6884,10224,108,195746820,187291732,8455088,60,7554428,69420,21876,197354368,192134848,5219520,4,4714480,452,17272,197386256,179891812,17494444,16,8489772,23536,19600,197379804,189553552,7826252,20,7311960,2500,19108
2026-03-17T03:58:55.709614,787867248,748873448,754012936,60,28070700,95908,77856,34359738367,492012,17108,6884,10224,108,195746820,187293236,8453584,20,7554488,69420,21876,197354368,192134848,5219520,4,4714480,452,17272,197386256,179891812,17494444,16,8489772,23536,19600,197379804,189553552,7826252,20,7311960,2500,19108
2026-03-17T03:58:56.710884,787867248,748874644,754014184,68,28070772,95908,77856,34359738367,492012,17108,6884,10224,108,195746820,187294432,8452388,20,7554560,69420,21876,197354368,192134848,5219520,4,4714480,452,17272,197386256,179891812,17494444,16,8489772,23536,19600,197379804,189553552,7826252,28,7311960,2500,19108
2026-03-17T03:58:57.713496,787867248,748875312,754014852,76,28070828,95908,77856,34359738367,492012,17108,6884,10224,108,195746820,187295100,8451720,20,7554616,69420,21876,197354368,192134848,5219520,4,4714480,452,17272,197386256,179891812,17494444,20,8489772,23536,19600,197379804,189553552,7826252,32,7311960,2500,19108
2026-03-17T03:58:58.714725,787867248,748875516,754015056,76,28070884,95908,77856,34359738367,492012,17108,6884,10224,108,195746820,187295304,8451516,20,7554672,69420,21876,197354368,192134848,5219520,4,4714480,452,17272,197386256,179891812,17494444,20,8489772,23536,19600,197379804,189553552,7826252,32,7311960,2500,19108
2026-03-17T03:58:59.718700,787867248,748875516,754015056,76,28070940,95908,77860,34359738367,492012,17108,6884,10224,108,195746820,187295304,8451516,20,7554728,69420,21880,197354368,192134848,5219520,4,4714480,452,17272,197386256,179891812,17494444,20,8489772,23536,19600,197379804,189553552,7826252,32,7311960,2500,19108
2026-03-17T03:59:00.719962,787867248,748875516,754015056,88,28070996,95908,77860,34359738367,492012,17108,6884,10224,108,195746820,187295304,8451516,32,7554784,69420,21880,197354368,192134848,5219520,4,4714480,452,17272,197386256,179891812,17494444,20,8489772,23536,19600,197379804,189553552,7826252,32,7311960,2500,19108
2026-03-17T03:59:01.721241,787867248,748875516,754015056,88,28071052,95908,77860,34359738367,492012,17108,6884,10224,108,195746820,187295304,8451516,32,7554840,69420,21880,197354368,192134848,5219520,4,4714480,452,17272,197386256,179891812,17494444,20,8489772,23536,19600,197379804,189553552,7826252,32,7311960,2500,19108
2026-03-17T03:59:02.722477,787867248,748875516,754015056,88,28071120,95908,77860,34359738367,492012,17108,6884,10224,108,195746820,187295304,8451516,32,7554908,69420,21880,197354368,192134848,5219520,4,4714480,452,17272,197386256,179891812,17494444,20,8489772,23536,19600,197379804,189553552,7826252,32,7311960,2500,19108
2026-03-17T03:59:03.726389,787867248,748875516,754015056,88,28071176,95908,77860,34359738367,492012,17108,6884,10224,108,195746820,187295304,8451516,32,7554964,69420,21880,197354368,192134848,5219520,4,4714480,452,17272,197386256,179891812,17494444,20,8489772,23536,19600,197379804,189553552,7826252,32,7311960,2500,19108
2026-03-17T03:59:04.727665,787867248,748875516,754015056,88,28071232,95908,77860,34359738367,492012,17108,6884,10224,108,195746820,187295304,8451516,32,7555020,69420,21880,197354368,192134848,5219520,4,4714480,452,17272,197386256,179891812,17494444,20,8489772,23536,19600,197379804,189553552,7826252,32,7311960,2500,19108
2026-03-17T03:59:05.728901,787867248,748875516,754015056,56,28071280,95908,77860,34359738367,492012,17108,6884,10224,108,195746820,187295304,8451516,20,7555068,69420,21880,197354368,192134848,5219520,4,4714480,452,17272,197386256,179891812,17494444,20,8489772,23536,19600,197379804,189553552,7826252,12,7311960,2500,19108
2026-03-17T03:59:06.730202,787867248,748875516,754015056,60,28071332,95908,77860,34359738367,492012,17108,6884,10224,108,195746820,187295304,8451516,24,7555120,69420,21880,197354368,192134848,5219520,4,4714480,452,17272,197386256,179891812,17494444,20,8489772,23536,19600,197379804,189553552,7826252,12,7311960,2500,19108
2026-03-17T03:59:07.731742,787867248,748875516,754015056,68,28071404,95908,77860,34359738367,492012,17108,6884,10224,108,195746820,187295304,8451516,32,7555192,69420,21880,197354368,192134848,5219520,4,4714480,452,17272,197386256,179891812,17494444,20,8489772,23536,19600,197379804,189553552,7826252,12,7311960,2500,19108
2026-03-17T03:59:08.733024,787867248,748875516,754015056,84,28071460,95908,77860,34359738367,492012,17108,6884,10224,108,195746820,187295304,8451516,36,7555248,69420,21880,197354368,192134848,5219520,4,4714480,452,17272,197386256,179891812,17494444,20,8489772,23536,19600,197379804,189553552,7826252,24,7311960,2500,19108
2026-03-17T03:59:09.734336,787867248,748875516,754015056,84,28071516,95908,77860,34359738367,492012,17108,6884,10224,108,195746820,187295304,8451516,36,7555304,69420,21880,197354368,192134848,5219520,4,4714480,452,17272,197386256,179891812,17494444,20,8489772,23536,19600,197379804,189553552,7826252,24,7311960,2500,19108
2026-03-17T03:59:10.736536,787867248,748875516,754015056,40,28071572,95908,77860,34359738367,492012,17108,6884,10224,108,195746820,187295304,8451516,28,7555360,69420,21880,197354368,192134848,5219520,0,4714480,452,17272,197386256,179891812,17494444,0,8489772,23536,19600,197379804,189553552,7826252,12,7311960,2500,19108
2026-03-17T03:59:11.738091,787867248,748869196,754008736,40,28071628,95908,77860,34359738367,492012,17108,6884,10224,108,195746820,187288984,8457836,28,7555416,69420,21880,197354368,192134848,5219520,0,4714480,452,17272,197386256,179891812,17494444,0,8489772,23536,19600,197379804,189553552,7826252,12,7311960,2500,19108
2026-03-17T03:59:12.740291,787867248,748755116,753894656,40,28071936,95908,77880,34359738367,492012,17108,6884,10224,108,195746820,187221256,8525564,28,7555180,69420,21888,197354368,192113176,5241192,0,4714688,452,17284,197386256,179889812,17496444,0,8489936,23536,19600,197379804,189530872,7848932,12,7312132,2500,19108
2026-03-17T03:59:13.742715,787867248,748768324,753907892,44,28071724,95908,77872,34359738367,492012,17108,6884,10224,108,195746820,187228332,8518488,32,7555616,69420,21892,197354368,192115064,5239304,0,4714632,452,17284,197386256,179891060,17495196,0,8489452,23536,19596,197379804,189533868,7845936,12,7312024,2500,19100
2026-03-17T03:59:14.744831,787867248,748800612,753940180,52,28071776,95908,77872,34359738367,492012,17108,6884,10224,108,195746820,187244384,8502436,40,7555668,69420,21892,197354368,192122100,5232268,0,4714632,452,17284,197386256,179892384,17493872,0,8489452,23536,19596,197379804,189541744,7838060,12,7312024,2500,19100
2026-03-17T03:59:15.746081,787867248,748828032,753967600,64,28071836,95908,77872,34359738367,492012,17108,6884,10224,108,195746820,187259580,8487240,48,7555728,69420,21892,197354368,192128344,5226024,0,4714632,452,17284,197386256,179892384,17493872,4,8489452,23536,19596,197379804,189547724,7832080,12,7312024,2500,19100
2026-03-17T03:59:16.749139,787867248,748847520,753987088,64,28071900,95908,77872,34359738367,492012,17108,6884,10224,108,195746820,187272468,8474352,48,7555792,69420,21892,197354368,192132628,5221740,0,4714632,452,17284,197386256,179892444,17493812,4,8489452,23536,19596,197379804,189549980,7829824,12,7312024,2500,19100
2026-03-17T03:59:17.750389,787867248,748863400,754002968,64,28071964,95908,77872,34359738367,492012,17108,6884,10224,108,195746820,187282508,8464312,48,7555856,69420,21892,197354368,192136156,5218212,0,4714632,452,17284,197386256,179892444,17493812,4,8489452,23536,19596,197379804,189552292,7827512,12,7312024,2500,19100
2026-03-17T03:59:18.754256,787867248,748870500,754010068,64,28072020,95908,77876,34359738367,492012,17108,6884,10224,108,195746820,187287580,8459240,48,7555912,69420,21896,197354368,192137584,5216784,0,4714632,452,17284,197386256,179892444,17493812,4,8489452,23536,19596,197379804,189552892,7826912,12,7312024,2500,19100
2026-03-17T03:59:19.755569,787867248,748872380,754011948,64,28072084,95908,77876,34359738367,492012,17108,6884,10224,108,195746820,187288700,8458120,48,7555976,69420,21896,197354368,192138128,5216240,0,4714632,452,17284,197386256,179892444,17493812,4,8489452,23536,19596,197379804,189553108,7826696,12,7312024,2500,19100
2026-03-17T03:59:20.756911,787867248,748872384,754011952,76,28072140,95908,77880,34359738367,492012,17108,6884,10224,108,195746820,187288704,8458116,60,7556032,69420,21900,197354368,192138128,5216240,0,4714632,452,17284,197386256,179892444,17493812,4,8489452,23536,19596,197379804,189553108,7826696,12,7312024,2500,19100
2026-03-17T03:59:21.758181,787867248,748872552,754012120,84,28072196,95908,77880,34359738367,492012,17108,6884,10224,108,195746820,187288872,8457948,60,7556088,69420,21900,197354368,192138128,5216240,0,4714632,452,17284,197386256,179892444,17493812,4,8489452,23536,19596,197379804,189553108,7826696,20,7312024,2500,19100
2026-03-17T03:59:22.761429,787867248,748872552,754012120,84,28072264,95908,77880,34359738367,492012,17108,6884,10224,108,195746820,187288872,8457948,60,7556156,69420,21900,197354368,192138128,5216240,0,4714632,452,17284,197386256,179892444,17493812,4,8489452,23536,19596,197379804,189553108,7826696,20,7312024,2500,19100
2026-03-17T03:59:23.762713,787867248,748874052,754013620,84,28072320,95908,77880,34359738367,492012,17108,6884,10224,108,195746820,187290372,8456448,60,7556212,69420,21900,197354368,192138128,5216240,0,4714632,452,17284,197386256,179892444,17493812,4,8489452,23536,19596,197379804,189553108,7826696,20,7312024,2500,19100
2026-03-17T03:59:24.766702,787867248,748875540,754015108,84,28072380,95908,77880,34359738367,492012,17108,6884,10224,108,195746820,187291860,8454960,60,7556272,69420,21900,197354368,192138128,5216240,0,4714632,452,17284,197386256,179892444,17493812,4,8489452,23536,19596,197379804,189553108,7826696,20,7312024,2500,19100
2026-03-17T03:59:25.767935,787867248,748876832,754016400,84,28072440,95908,77880,34359738367,492012,17108,6884,10224,108,195746820,187293152,8453668,60,7556332,69420,21900,197354368,192138128,5216240,0,4714632,452,17284,197386256,179892444,17493812,4,8489452,23536,19596,197379804,189553108,7826696,20,7312024,2500,19100
2026-03-17T03:59:26.769270,787867248,748877452,754017020,84,28072496,95908,77880,34359738367,492012,17108,6884,10224,108,195746820,187293772,8453048,60,7556388,69420,21900,197354368,192138128,5216240,0,4714632,452,17284,197386256,179892444,17493812,4,8489452,23536,19596,197379804,189553108,7826696,20,7312024,2500,19100
2026-03-17T03:59:27.770520,787867248,748877928,754017496,92,28072556,95908,77880,34359738367,492012,17108,6884,10224,108,195746820,187294248,8452572,60,7556448,69420,21900,197354368,192138128,5216240,0,4714632,452,17284,197386256,179892444,17493812,12,8489452,23536,19596,197379804,189553108,7826696,20,7312024,2500,19100
2026-03-17T03:59:28.772083,787867248,748878192,754017760,92,28072612,95908,77880,34359738367,492012,17108,6884,10224,108,195746820,187294512,8452308,60,7556504,69420,21900,197354368,192138128,5216240,0,4714632,452,17284,197386256,179892444,17493812,12,8489452,23536,19596,197379804,189553108,7826696,20,7312024,2500,19100
2026-03-17T03:59:29.774707,787867248,748878192,754017760,92,28072668,95908,77880,34359738367,492012,17108,6884,10224,108,195746820,187294512,8452308,60,7556560,69420,21900,197354368,192138128,5216240,0,4714632,452,17284,197386256,179892444,17493812,12,8489452,23536,19596,197379804,189553108,7826696,20,7312024,2500,19100
2026-03-17T03:59:30.775968,787867248,748878192,754017760,92,28072732,95908,77880,34359738367,492012,17108,6884,10224,108,195746820,187294512,8452308,60,7556624,69420,21900,197354368,192138128,5216240,0,4714632,452,17284,197386256,179892444,17493812,12,8489452,23536,19596,197379804,189553108,7826696,20,7312024,2500,19100
2026-03-17T03:59:31.778728,787867248,748878192,754017760,48,28072792,95908,77880,34359738367,492012,17108,6884,10224,108,195746820,187294512,8452308,24,7556684,69420,21900,197354368,192138128,5216240,0,4714632,452,17284,197386256,179892444,17493812,4,8489452,23536,19596,197379804,189553108,7826696,20,7312024,2500,19100
2026-03-17T03:59:32.780026,787867248,748877940,754017508,56,28072848,95908,77884,34359738367,492012,17108,6884,10224,108,195746820,187294260,8452560,24,7556740,69420,21904,197354368,192138128,5216240,0,4714632,452,17284,197386256,179892444,17493812,8,8489452,23536,19596,197379804,189553108,7826696,24,7312024,2500,19100
2026-03-17T03:59:33.782700,787867248,748877940,754017508,60,28072908,95908,77884,34359738367,492012,17108,6884,10224,108,195746820,187294260,8452560,28,7556800,69420,21904,197354368,192138128,5216240,0,4714632,452,17284,197386256,179892444,17493812,8,8489452,23536,19596,197379804,189553108,7826696,24,7312024,2500,19100
2026-03-17T03:59:34.783954,787867248,748877940,754017508,80,28072964,95908,77884,34359738367,492012,17108,6884,10224,108,195746820,187294260,8452560,36,7556856,69420,21904,197354368,192138128,5216240,0,4714632,452,17284,197386256,179892444,17493812,12,8489452,23536,19596,197379804,189553108,7826696,32,7312024,2500,19100
2026-03-17T03:59:35.785213,787867248,748877940,754017508,80,28073024,95908,77884,34359738367,492012,17108,6884,10224,108,195746820,187294260,8452560,36,7556916,69420,21904,197354368,192138128,5216240,0,4714632,452,17284,197386256,179892444,17493812,12,8489452,23536,19596,197379804,189553108,7826696,32,7312024,2500,19100
2026-03-17T03:59:36.786702,787867248,748877432,754017000,40,28073088,95908,77884,34359738367,492012,17108,6884,10224,108,195746820,187294260,8452560,20,7556980,69420,21904,197354368,192137620,5216748,0,4714632,452,17284,197386256,179892444,17493812,12,8489452,23536,19596,197379804,189553108,7826696,8,7312024,2500,19100
2026-03-17T03:59:37.789309,787867248,748877432,754017000,44,28073140,95908,77884,34359738367,492012,17108,6884,10224,108,195746820,187294260,8452560,24,7557032,69420,21904,197354368,192137620,5216748,0,4714632,452,17284,197386256,179892444,17493812,12,8489452,23536,19596,197379804,189553108,7826696,8,7312024,2500,19100
2026-03-17T03:59:38.790573,787867248,748877920,754017488,68,28073208,95908,77884,34359738367,492012,17108,6884,10224,108,195746820,187294260,8452560,24,7557100,69420,21904,197354368,192138108,5216260,4,4714632,452,17284,197386256,179892444,17493812,24,8489452,23536,19596,197379804,189553108,7826696,16,7312024,2500,19100
2026-03-17T03:59:39.792483,787867248,748877920,754017488,68,28073264,95908,77884,34359738367,492012,17108,6884,10224,108,195746820,187294260,8452560,24,7557156,69420,21904,197354368,192138108,5216260,4,4714632,452,17284,197386256,179892444,17493812,24,8489452,23536,19596,197379804,189553108,7826696,16,7312024,2500,19100
2026-03-17T03:59:40.793876,787867248,748877920,754017488,68,28073324,95908,77884,34359738367,492012,17108,6884,10224,108,195746820,187294260,8452560,24,7557216,69420,21904,197354368,192138108,5216260,4,4714632,452,17284,197386256,179892444,17493812,24,8489452,23536,19596,197379804,189553108,7826696,16,7312024,2500,19100
2026-03-17T03:59:41.796126,787867248,748877920,754017488,76,28073376,95908,77884,34359738367,492012,17108,6884,10224,108,195746820,187294260,8452560,32,7557268,69420,21904,197354368,192138108,5216260,4,4714632,452,17284,197386256,179892444,17493812,24,8489452,23536,19596,197379804,189553108,7826696,16,7312024,2500,19100
2026-03-17T03:59:42.797517,787867248,748877920,754017488,76,28073432,95908,77884,34359738367,492012,17108,6884,10224,108,195746820,187294260,8452560,32,7557324,69420,21904,197354368,192138108,5216260,4,4714632,452,17284,197386256,179892444,17493812,24,8489452,23536,19596,197379804,189553108,7826696,16,7312024,2500,19100
2026-03-17T03:59:43.798918,787867248,748877920,754017488,80,28073492,95908,77884,34359738367,492012,17108,6884,10224,108,195746820,187294260,8452560,32,7557384,69420,21904,197354368,192138108,5216260,4,4714632,452,17284,197386256,179892444,17493812,24,8489452,23536,19596,197379804,189553108,7826696,20,7312024,2500,19100
2026-03-17T03:59:44.800158,787867248,748877920,754017488,80,28073556,95908,77884,34359738367,492012,17108,6884,10224,108,195746820,187294260,8452560,32,7557448,69420,21904,197354368,192138108,5216260,4,4714632,452,17284,197386256,179892444,17493812,24,8489452,23536,19596,197379804,189553108,7826696,20,7312024,2500,19100
2026-03-17T03:59:45.801547,787867248,748877920,754017488,80,28073612,95908,77884,34359738367,492012,17108,6884,10224,108,195746820,187294260,8452560,32,7557504,69420,21904,197354368,192138108,5216260,4,4714632,452,17284,197386256,179892444,17493812,24,8489452,23536,19596,197379804,189553108,7826696,20,7312024,2500,19100
2026-03-17T03:59:46.805492,787867248,748877920,754017488,36,28073664,95908,77884,34359738367,492012,17108,6884,10224,108,195746820,187294260,8452560,24,7557556,69420,21904,197354368,192138108,5216260,0,4714632,452,17284,197386256,179892444,17493812,4,8489452,23536,19596,197379804,189553108,7826696,8,7312024,2500,19100
2026-03-17T03:59:47.806708,787867248,748878172,754017740,48,28073720,95908,77884,34359738367,491980,17108,6884,10224,108,195746820,187294260,8452560,24,7557612,69420,21904,197354368,192138108,5216260,0,4714632,452,17284,197386256,179892696,17493560,4,8489452,23536,19596,197379804,189553108,7826696,20,7312024,2500,19100
2026-03-17T03:59:48.807947,787867248,748878172,754017740,56,28073776,95908,77884,34359738367,491980,17108,6884,10224,108,195746820,187294260,8452560,32,7557668,69420,21904,197354368,192138108,5216260,0,4714632,452,17284,197386256,179892696,17493560,4,8489452,23536,19596,197379804,189553108,7826696,20,7312024,2500,19100
2026-03-17T03:59:49.810713,787867248,748878172,754017740,56,28073824,95908,77884,34359738367,491980,17108,6884,10224,108,195746820,187294260,8452560,32,7557716,69420,21904,197354368,192138108,5216260,0,4714632,452,17284,197386256,179892696,17493560,4,8489452,23536,19596,197379804,189553108,7826696,20,7312024,2500,19100
2026-03-17T03:59:50.812024,787867248,748877684,754017252,64,28073888,95908,77884,34359738367,491980,17108,6884,10224,108,195746820,187293756,8453064,40,7557780,69420,21904,197354368,192138124,5216244,0,4714632,452,17284,197386256,179892696,17493560,4,8489452,23536,19596,197379804,189553108,7826696,20,7312024,2500,19100
2026-03-17T03:59:51.814703,787867248,748877684,754017252,64,28073944,95908,77884,34359738367,491980,17108,6884,10224,108,195746820,187293756,8453064,40,7557836,69420,21904,197354368,192138124,5216244,0,4714632,452,17284,197386256,179892696,17493560,4,8489452,23536,19596,197379804,189553108,7826696,20,7312024,2500,19100
2026-03-17T03:59:52.815941,787867248,748877684,754017252,64,28074008,95908,77884,34359738367,491980,17108,6884,10224,108,195746820,187293756,8453064,40,7557900,69420,21904,197354368,192138124,5216244,0,4714632,452,17284,197386256,179892696,17493560,4,8489452,23536,19596,197379804,189553108,7826696,20,7312024,2500,19100
2026-03-17T03:59:53.818703,787867248,748877684,754017252,64,28074068,95908,77884,34359738367,491980,17108,6884,10224,108,195746820,187293756,8453064,40,7557960,69420,21904,197354368,192138124,5216244,0,4714632,452,17284,197386256,179892696,17493560,4,8489452,23536,19596,197379804,189553108,7826696,20,7312024,2500,19100
2026-03-17T03:59:54.819941,787867248,748877684,754017252,64,28074124,95908,77884,34359738367,491980,17108,6884,10224,108,195746820,187293756,8453064,40,7558016,69420,21904,197354368,192138124,5216244,0,4714632,452,17284,197386256,179892696,17493560,4,8489452,23536,19596,197379804,189553108,7826696,20,7312024,2500,19100
2026-03-17T03:59:55.821779,787867248,748877684,754017252,72,28074184,95908,77884,34359738367,491980,17108,6884,10224,108,195746820,187293756,8453064,48,7558076,69420,21904,197354368,192138124,5216244,0,4714632,452,17284,197386256,179892696,17493560,4,8489452,23536,19596,197379804,189553108,7826696,20,7312024,2500,19100
2026-03-17T03:59:56.826716,787867248,748877684,754017252,72,28074248,95908,77884,34359738367,491980,17108,6884,10224,108,195746820,187293756,8453064,48,7558140,69420,21904,197354368,192138124,5216244,0,4714632,452,17284,197386256,179892696,17493560,4,8489452,23536,19596,197379804,189553108,7826696,20,7312024,2500,19100
2026-03-17T03:59:57.828001,787867248,748877684,754017252,72,28074308,95908,77884,34359738367,491980,17108,6884,10224,108,195746820,187293756,8453064,48,7558200,69420,21904,197354368,192138124,5216244,0,4714632,452,17284,197386256,179892696,17493560,4,8489452,23536,19596,197379804,189553108,7826696,20,7312024,2500,19100
2026-03-17T03:59:58.829260,787867248,748876676,754016244,76,28074364,95908,77884,34359738367,491980,17108,6884,10224,108,195746820,187292748,8454072,52,7558256,69420,21904,197354368,192138124,5216244,0,4714632,452,17284,197386256,179892696,17493560,4,8489452,23536,19596,197379804,189553108,7826696,20,7312024,2500,19100
2026-03-17T03:59:59.830705,787867248,748876676,754016244,76,28074420,95908,77884,34359738367,491980,17108,6884,10224,108,195746820,187292748,8454072,52,7558312,69420,21904,197354368,192138124,5216244,0,4714632,452,17284,197386256,179892696,17493560,4,8489452,23536,19596,197379804,189553108,7826696,20,7312024,2500,19100
2026-03-17T04:00:00.832090,787867248,748876676,754016244,84,28074480,95908,77884,34359738367,491980,17108,6884,10224,108,195746820,187292748,8454072,52,7558372,69420,21904,197354368,192138124,5216244,0,4714632,452,17284,197386256,179892696,17493560,4,8489452,23536,19596,197379804,189553108,7826696,28,7312024,2500,19100
2026-03-17T04:00:01.833339,787867248,748876676,754016244,92,28074536,95908,77884,34359738367,491980,17108,6884,10224,108,195746820,187292748,8454072,60,7558428,69420,21904,197354368,192138124,5216244,0,4714632,452,17284,197386256,179892696,17493560,4,8489452,23536,19596,197379804,189553108,7826696,28,7312024,2500,19100
2026-03-17T04:00:02.834710,787867248,748876676,754016244,92,28074604,95908,77884,34359738367,491980,17108,6884,10224,108,195746820,187292748,8454072,60,7558496,69420,21904,197354368,192138124,5216244,0,4714632,452,17284,197386256,179892696,17493560,4,8489452,23536,19596,197379804,189553108,7826696,28,7312024,2500,19100
2026-03-17T04:00:03.837186,787867248,748876676,754016244,92,28074660,95908,77884,34359738367,491980,17108,6884,10224,108,195746820,187292748,8454072,60,7558552,69420,21904,197354368,192138124,5216244,0,4714632,452,17284,197386256,179892696,17493560,4,8489452,23536,19596,197379804,189553108,7826696,28,7312024,2500,19100
2026-03-17T04:00:04.838437,787867248,748876676,754016244,92,28074712,95908,77884,34359738367,491980,17108,6884,10224,108,195746820,187292748,8454072,60,7558604,69420,21904,197354368,192138124,5216244,0,4714632,452,17284,197386256,179892696,17493560,4,8489452,23536,19596,197379804,189553108,7826696,28,7312024,2500,19100
2026-03-17T04:00:05.842705,787867248,748876676,754016244,92,28074768,95908,77884,34359738367,491980,17108,6884,10224,108,195746820,187292748,8454072,60,7558660,69420,21904,197354368,192138124,5216244,0,4714632,452,17284,197386256,179892696,17493560,4,8489452,23536,19596,197379804,189553108,7826696,28,7312024,2500,19100
2026-03-17T04:00:06.843935,787867248,748876676,754016244,92,28074828,95908,77884,34359738367,491980,17108,6884,10224,108,195746820,187292748,8454072,60,7558720,69420,21904,197354368,192138124,5216244,0,4714632,452,17284,197386256,179892696,17493560,4,8489452,23536,19596,197379804,189553108,7826696,28,7312024,2500,19100
2026-03-17T04:00:07.845271,787867248,748876676,754016252,16,28074888,95908,77884,34359738367,491980,17108,6884,10224,108,195746820,187292748,8454072,12,7558780,69420,21904,197354368,192138124,5216244,0,4714632,452,17284,197386256,179892696,17493560,0,8489452,23536,19596,197379804,189553108,7826696,4,7312024,2500,19100
2026-03-17T04:00:08.846506,787867248,748876676,754016252,60,28074948,95908,77884,34359738367,491980,17108,6884,10224,108,195746820,187292748,8454072,24,7558840,69420,21904,197354368,192138124,5216244,4,4714632,452,17284,197386256,179892696,17493560,16,8489452,23536,19596,197379804,189553108,7826696,16,7312024,2500,19100
2026-03-17T04:00:09.850722,787867248,748876676,754016252,60,28075016,95908,77884,34359738367,491980,17108,6884,10224,108,195746820,187292748,8454072,24,7558908,69420,21904,197354368,192138124,5216244,4,4714632,452,17284,197386256,179892696,17493560,16,8489452,23536,19596,197379804,189553108,7826696,16,7312024,2500,19100
2026-03-17T04:00:10.852003,787867248,748876676,754016252,60,28075072,95908,77884,34359738367,491980,17108,6884,10224,108,195746820,187292748,8454072,24,7558964,69420,21904,197354368,192138124,5216244,4,4714632,452,17284,197386256,179892696,17493560,16,8489452,23536,19596,197379804,189553108,7826696,16,7312024,2500,19100
2026-03-17T04:00:11.853283,787867248,748876676,754016252,64,28075132,95908,77884,34359738367,491980,17108,6884,10224,108,195746820,187292748,8454072,28,7559024,69420,21904,197354368,192138124,5216244,4,4714632,452,17284,197386256,179892696,17493560,16,8489452,23536,19596,197379804,189553108,7826696,16,7312024,2500,19100
2026-03-17T04:00:12.854739,787867248,748876676,754016252,76,28075188,95908,77884,34359738367,491980,17108,6884,10224,108,195746820,187292748,8454072,28,7559080,69420,21904,197354368,192138124,5216244,4,4714632,452,17284,197386256,179892696,17493560,16,8489452,23536,19596,197379804,189553108,7826696,28,7312024,2500,19100
2026-03-17T04:00:13.856016,787867248,748876676,754016252,72,28075252,95908,77884,34359738367,491980,17108,6884,10224,108,195746820,187292748,8454072,28,7559144,69420,21904,197354368,192138124,5216244,4,4714632,452,17284,197386256,179892696,17493560,16,8489452,23536,19596,197379804,189553108,7826696,24,7312024,2500,19100
2026-03-17T04:00:14.857348,787867248,748876928,754016504,72,28075316,95908,77884,34359738367,491932,17108,6884,10224,108,195746820,187292748,8454072,28,7559208,69420,21904,197354368,192138376,5215992,4,4714632,452,17284,197386256,179892696,17493560,16,8489452,23536,19596,197379804,189553108,7826696,24,7312024,2500,19100
2026-03-17T04:00:15.858596,787867248,748874912,754014488,80,28075368,95908,77884,34359738367,491932,17108,6884,10224,108,195746820,187290732,8456088,36,7559260,69420,21904,197354368,192138376,5215992,4,4714632,452,17284,197386256,179892696,17493560,16,8489452,23536,19596,197379804,189553108,7826696,24,7312024,2500,19100
2026-03-17T04:00:16.861672,787867248,748874912,754014488,80,28075432,95908,77884,34359738367,491932,17108,6884,10224,108,195746820,187290732,8456088,36,7559324,69420,21904,197354368,192138376,5215992,4,4714632,452,17284,197386256,179892696,17493560,16,8489452,23536,19596,197379804,189553108,7826696,24,7312024,2500,19100
2026-03-17T04:00:17.862951,787867248,748875432,754015008,80,28075488,95908,77884,34359738367,491932,17108,6884,10224,108,195746820,187291252,8455568,36,7559380,69420,21904,197354368,192138376,5215992,4,4714632,452,17284,197386256,179892696,17493560,16,8489452,23536,19596,197379804,189553108,7826696,24,7312024,2500,19100
2026-03-17T04:00:18.864741,787867248,748875772,754015348,80,28075552,95908,77884,34359738367,491932,17108,6884,10224,108,195746820,187291592,8455228,36,7559444,69420,21904,197354368,192138376,5215992,4,4714632,452,17284,197386256,179892696,17493560,16,8489452,23536,19596,197379804,189553108,7826696,24,7312024,2500,19100
2026-03-17T04:00:19.865978,787867248,748875772,754015348,80,28075604,95908,77884,34359738367,491932,17108,6884,10224,108,195746820,187291592,8455228,36,7559496,69420,21904,197354368,192138376,5215992,4,4714632,452,17284,197386256,179892696,17493560,16,8489452,23536,19596,197379804,189553108,7826696,24,7312024,2500,19100
2026-03-17T04:00:20.868731,787867248,748876028,754015604,80,28075660,95908,77884,34359738367,491884,17108,6884,10224,108,195746820,187291848,8454972,36,7559552,69420,21904,197354368,192138376,5215992,4,4714632,452,17284,197386256,179892696,17493560,16,8489452,23536,19596,197379804,189553108,7826696,24,7312024,2500,19100
2026-03-17T04:00:21.869977,787867248,748876028,754015604,80,28075716,95908,77884,34359738367,491884,17108,6884,10224,108,195746820,187291848,8454972,36,7559608,69420,21904,197354368,192138376,5215992,4,4714632,452,17284,197386256,179892696,17493560,16,8489452,23536,19596,197379804,189553108,7826696,24,7312024,2500,19100
2026-03-17T04:00:22.871508,787867248,748876028,754015604,48,28075780,95908,77884,34359738367,491884,17108,6884,10224,108,195746820,187291848,8454972,36,7559672,69420,21904,197354368,192138376,5215992,0,4714632,452,17284,197386256,179892696,17493560,0,8489452,23536,19596,197379804,189553108,7826696,12,7312024,2500,19100
2026-03-17T04:00:23.874710,787867248,748876060,754015636,48,28075840,95908,77884,34359738367,491884,17108,6884,10224,108,195746820,187291848,8454972,36,7559732,69420,21904,197354368,192138376,5215992,0,4714632,452,17284,197386256,179892728,17493528,0,8489452,23536,19596,197379804,189553108,7826696,12,7312024,2500,19100
2026-03-17T04:00:24.875982,787867248,748876088,754015664,52,28075888,95908,77884,34359738367,491884,17108,6884,10224,108,195746820,187291848,8454972,40,7559780,69420,21904,197354368,192138380,5215988,0,4714632,452,17284,197386256,179892748,17493508,0,8489452,23536,19596,197379804,189553112,7826692,12,7312024,2500,19100
2026-03-17T04:00:25.877312,787867248,748876088,754015664,68,28075936,95908,77884,34359738367,491884,17108,6884,10224,108,195746820,187291848,8454972,48,7559828,69420,21904,197354368,192138380,5215988,0,4714632,452,17284,197386256,179892748,17493508,0,8489452,23536,19596,197379804,189553112,7826692,20,7312024,2500,19100
2026-03-17T04:00:26.878644,787867248,748876088,754015664,68,28075996,95908,77884,34359738367,491884,17108,6884,10224,108,195746820,187291848,8454972,48,7559888,69420,21904,197354368,192138380,5215988,0,4714632,452,17284,197386256,179892748,17493508,0,8489452,23536,19596,197379804,189553112,7826692,20,7312024,2500,19100
2026-03-17T04:00:27.879955,787867248,748876088,754015664,68,28076048,95908,77884,34359738367,491884,17108,6884,10224,108,195746820,187291848,8454972,48,7559940,69420,21904,197354368,192138380,5215988,0,4714632,452,17284,197386256,179892748,17493508,0,8489452,23536,19596,197379804,189553112,7826692,20,7312024,2500,19100
2026-03-17T04:00:28.882709,787867248,748876088,754015664,68,28076104,95908,77884,34359738367,491884,17108,6884,10224,108,195746820,187291848,8454972,48,7559996,69420,21904,197354368,192138380,5215988,0,4714632,452,17284,197386256,179892748,17493508,0,8489452,23536,19596,197379804,189553112,7826692,20,7312024,2500,19100
2026-03-17T04:00:29.883993,787867248,748872560,754012136,76,28076168,95908,77888,34359738367,491884,17108,6884,10224,108,195746820,187288320,8458500,56,7560060,69420,21908,197354368,192138380,5215988,0,4714632,452,17284,197386256,179892748,17493508,0,8489452,23536,19596,197379804,189553112,7826692,20,7312024,2500,19100
2026-03-17T04:00:30.886713,787867248,748873748,754013324,76,28076224,95908,77888,34359738367,491884,17108,6884,10224,108,195746820,187289508,8457312,56,7560116,69420,21908,197354368,192138380,5215988,0,4714632,452,17284,197386256,179892748,17493508,0,8489452,23536,19596,197379804,189553112,7826692,20,7312024,2500,19100
2026-03-17T04:00:31.888009,787867248,748874388,754013964,76,28076280,95908,77888,34359738367,491884,17108,6884,10224,108,195746820,187290148,8456672,56,7560172,69420,21908,197354368,192138380,5215988,0,4714632,452,17284,197386256,179892748,17493508,0,8489452,23536,19596,197379804,189553112,7826692,20,7312024,2500,19100
2026-03-17T04:00:32.890711,787867248,748874876,754014452,76,28076348,95908,77888,34359738367,491884,17108,6884,10224,108,195746820,187290636,8456184,56,7560240,69420,21908,197354368,192138380,5215988,0,4714632,452,17284,197386256,179892748,17493508,0,8489452,23536,19596,197379804,189553112,7826692,20,7312024,2500,19100
2026-03-17T04:00:33.891987,787867248,748875228,754014804,76,28076400,95908,77888,34359738367,491884,17108,6884,10224,108,195746820,187290988,8455832,56,7560292,69420,21908,197354368,192138380,5215988,0,4714632,452,17284,197386256,179892748,17493508,0,8489452,23536,19596,197379804,189553112,7826692,20,7312024,2500,19100
2026-03-17T04:00:34.893229,787867248,748875228,754014804,76,28076452,95908,77888,34359738367,491884,17108,6884,10224,108,195746820,187290988,8455832,56,7560344,69420,21908,197354368,192138380,5215988,0,4714632,452,17284,197386256,179892748,17493508,0,8489452,23536,19596,197379804,189553112,7826692,20,7312024,2500,19100
2026-03-17T04:00:35.894536,787867248,748875228,754014804,76,28076508,95908,77888,34359738367,491884,17108,6884,10224,108,195746820,187290988,8455832,56,7560400,69420,21908,197354368,192138380,5215988,0,4714632,452,17284,197386256,179892748,17493508,0,8489452,23536,19596,197379804,189553112,7826692,20,7312024,2500,19100
2026-03-17T04:00:36.897487,787867248,748874900,754014584,84,28076556,95908,77888,34359738367,491884,17108,6884,10224,108,195746820,187290660,8456160,64,7560448,69420,21908,197354368,192138380,5215988,0,4714632,452,17284,197386256,179892748,17493508,0,8489452,23536,19596,197379804,189553112,7826692,20,7312024,2500,19100
2026-03-17T04:00:37.898717,787867248,748874892,754014576,52,28076616,95908,77888,34359738367,491884,17108,6884,10224,108,195746820,187290652,8456168,52,7560508,69420,21908,197354368,192138380,5215988,0,4714632,452,17284,197386256,179892748,17493508,0,8489452,23536,19596,197379804,189553112,7826692,0,7312024,2500,19100
2026-03-17T04:00:38.902383,787867248,748874892,754014576,64,28076672,95908,77888,34359738367,491884,17108,6884,10224,108,195746820,187290652,8456168,52,7560564,69420,21908,197354368,192138380,5215988,0,4714632,452,17284,197386256,179892748,17493508,0,8489452,23536,19596,197379804,189553112,7826692,12,7312024,2500,19100
2026-03-17T04:00:39.903648,787867248,748874896,754014580,68,28076720,95908,77888,34359738367,491884,17108,6884,10224,108,195746820,187290656,8456164,56,7560612,69420,21908,197354368,192138380,5215988,0,4714632,452,17284,197386256,179892748,17493508,0,8489452,23536,19596,197379804,189553112,7826692,12,7312024,2500,19100
2026-03-17T04:00:40.905038,787867248,748874896,754014580,68,28076776,95908,77888,34359738367,491884,17108,6884,10224,108,195746820,187290656,8456164,56,7560668,69420,21908,197354368,192138380,5215988,0,4714632,452,17284,197386256,179892748,17493508,0,8489452,23536,19596,197379804,189553112,7826692,12,7312024,2500,19100
2026-03-17T04:00:41.906321,787867248,748867840,754007524,68,28076824,95908,77888,34359738367,491884,17108,6884,10224,108,195746820,187283600,8463220,56,7560716,69420,21908,197354368,192138380,5215988,0,4714632,452,17284,197386256,179892748,17493508,0,8489452,23536,19596,197379804,189553112,7826692,12,7312024,2500,19100
2026-03-17T04:00:42.907904,787867248,748869740,754009424,24,28076872,95908,77888,34359738367,491884,17108,6884,10224,108,195746820,187285500,8461320,12,7560764,69420,21908,197354368,192138380,5215988,0,4714632,452,17284,197386256,179892748,17493508,0,8489452,23536,19596,197379804,189553112,7826692,12,7312024,2500,19100
2026-03-17T04:00:43.909184,787867248,748870828,754010512,68,28076920,95908,77888,34359738367,491884,17108,6884,10224,108,195746820,187286588,8460232,24,7560812,69420,21908,197354368,192138380,5215988,4,4714632,452,17284,197386256,179892748,17493508,16,8489452,23536,19596,197379804,189553112,7826692,24,7312024,2500,19100
2026-03-17T04:00:44.910458,787867248,748864656,754004340,68,28076968,95908,77888,34359738367,491884,17108,6884,10224,108,195746820,187280416,8466404,24,7560860,69420,21908,197354368,192138380,5215988,4,4714632,452,17284,197386256,179892748,17493508,16,8489452,23536,19596,197379804,189553112,7826692,24,7312024,2500,19100
2026-03-17T04:00:45.914700,787867248,748866100,754005784,68,28077024,95908,77892,34359738367,491884,17108,6884,10224,108,195746820,187281860,8464960,24,7560916,69420,21912,197354368,192138380,5215988,4,4714632,452,17284,197386256,179892748,17493508,16,8489452,23536,19596,197379804,189553112,7826692,24,7312024,2500,19100
2026-03-17T04:00:46.915950,787867248,748867908,754007592,68,28077076,95908,77892,34359738367,491884,17108,6884,10224,108,195746820,187283668,8463152,24,7560968,69420,21912,197354368,192138380,5215988,4,4714632,452,17284,197386256,179892748,17493508,16,8489452,23536,19596,197379804,189553112,7826692,24,7312024,2500,19100
2026-03-17T04:00:47.917203,787867248,748869700,754009384,68,28077136,95908,77892,34359738367,491884,17108,6884,10224,108,195746820,187285460,8461360,24,7561028,69420,21912,197354368,192138380,5215988,4,4714632,452,17284,197386256,179892748,17493508,16,8489452,23536,19596,197379804,189553112,7826692,24,7312024,2500,19100
2026-03-17T04:00:48.918703,787867248,748870748,754010432,68,28077184,95908,77892,34359738367,491884,17108,6884,10224,108,195746820,187286508,8460312,24,7561076,69420,21912,197354368,192138380,5215988,4,4714632,452,17284,197386256,179892748,17493508,16,8489452,23536,19596,197379804,189553112,7826692,24,7312024,2500,19100
2026-03-17T04:00:49.921023,787867248,748872112,754011796,80,28077240,95908,77892,34359738367,491884,17108,6884,10224,108,195746820,187287872,8458948,28,7561132,69420,21912,197354368,192138380,5215988,4,4714632,452,17284,197386256,179892748,17493508,16,8489452,23536,19596,197379804,189553112,7826692,32,7312024,2500,19100
2026-03-17T04:00:50.922304,787867248,748873292,754012976,80,28077296,95908,77892,34359738367,491884,17108,6884,10224,108,195746820,187289052,8457768,28,7561188,69420,21912,197354368,192138380,5215988,4,4714632,452,17284,197386256,179892748,17493508,16,8489452,23536,19596,197379804,189553112,7826692,32,7312024,2500,19100
2026-03-17T04:00:51.924810,787867248,748873812,754013496,88,28077348,95908,77892,34359738367,491884,17108,6884,10224,108,195746820,187289572,8457248,28,7561240,69420,21912,197354368,192138380,5215988,4,4714632,452,17284,197386256,179892748,17493508,16,8489452,23536,19596,197379804,189553112,7826692,40,7312024,2500,19100
2026-03-17T04:00:52.926049,787867248,748873892,754013576,88,28077396,95908,77892,34359738367,491884,17108,6884,10224,108,195746820,187289652,8457168,28,7561288,69420,21912,197354368,192138380,5215988,4,4714632,452,17284,197386256,179892748,17493508,16,8489452,23536,19596,197379804,189553112,7826692,40,7312024,2500,19100
2026-03-17T04:00:53.929095,787867248,748873892,754013576,88,28077444,95908,77892,34359738367,491884,17108,6884,10224,108,195746820,187289652,8457168,28,7561336,69420,21912,197354368,192138380,5215988,4,4714632,452,17284,197386256,179892748,17493508,16,8489452,23536,19596,197379804,189553112,7826692,40,7312024,2500,19100
2026-03-17T04:00:54.930341,787867248,748873892,754013576,88,28077504,95908,77892,34359738367,491884,17108,6884,10224,108,195746820,187289652,8457168,28,7561396,69420,21912,197354368,192138380,5215988,4,4714632,452,17284,197386256,179892748,17493508,16,8489452,23536,19596,197379804,189553112,7826692,40,7312024,2500,19100
2026-03-17T04:00:55.934701,787867248,748873892,754013576,88,28077548,95908,77892,34359738367,491884,17108,6884,10224,108,195746820,187289652,8457168,28,7561440,69420,21912,197354368,192138380,5215988,4,4714632,452,17284,197386256,179892748,17493508,16,8489452,23536,19596,197379804,189553112,7826692,40,7312024,2500,19100
2026-03-17T04:00:56.935928,787867248,748873892,754013576,96,28077604,95908,77892,34359738367,491884,17108,6884,10224,108,195746820,187289652,8457168,36,7561496,69420,21912,197354368,192138380,5215988,4,4714632,452,17284,197386256,179892748,17493508,16,8489452,23536,19596,197379804,189553112,7826692,40,7312024,2500,19100
2026-03-17T04:00:57.937255,787867248,748873892,754013576,96,28077660,95908,77892,34359738367,491884,17108,6884,10224,108,195746820,187289652,8457168,36,7561552,69420,21912,197354368,192138380,5215988,4,4714632,452,17284,197386256,179892748,17493508,16,8489452,23536,19596,197379804,189553112,7826692,40,7312024,2500,19100
2026-03-17T04:00:58.938587,787867248,748873892,754013604,56,28077712,95908,77892,34359738367,491884,17108,6884,10224,108,195746820,187289652,8457168,28,7561604,69420,21912,197354368,192138380,5215988,0,4714632,452,17284,197386256,179892748,17493508,0,8489452,23536,19596,197379804,189553112,7826692,28,7312024,2500,19100
2026-03-17T04:00:59.942258,787867248,748873892,754013604,56,28077768,95908,77892,34359738367,491884,17108,6884,10224,108,195746820,187289652,8457168,28,7561660,69420,21912,197354368,192138380,5215988,0,4714632,452,17284,197386256,179892748,17493508,0,8489452,23536,19596,197379804,189553112,7826692,28,7312024,2500,19100
2026-03-17T04:01:00.943555,787867248,748873892,754013604,64,28077816,95908,77892,34359738367,491884,17108,6884,10224,108,195746820,187289652,8457168,36,7561708,69420,21912,197354368,192138380,5215988,0,4714632,452,17284,197386256,179892748,17493508,0,8489452,23536,19596,197379804,189553112,7826692,28,7312024,2500,19100
2026-03-17T04:01:01.944910,787867248,748873892,754013604,64,28077872,95908,77892,34359738367,491884,17108,6884,10224,108,195746820,187289652,8457168,36,7561764,69420,21912,197354368,192138380,5215988,0,4714632,452,17284,197386256,179892748,17493508,0,8489452,23536,19596,197379804,189553112,7826692,28,7312024,2500,19100
2026-03-17T04:01:02.946196,787867248,748873892,754013604,68,28077928,95908,77892,34359738367,491884,17108,6884,10224,108,195746820,187289652,8457168,40,7561820,69420,21912,197354368,192138380,5215988,0,4714632,452,17284,197386256,179892748,17493508,0,8489452,23536,19596,197379804,189553112,7826692,28,7312024,2500,19100
2026-03-17T04:01:03.947950,787867248,748873892,754013604,84,28077960,95908,77892,34359738367,491884,17108,6884,10224,108,195746820,187289652,8457168,48,7561852,69420,21912,197354368,192138380,5215988,0,4714632,452,17284,197386256,179892748,17493508,0,8489452,23536,19596,197379804,189553112,7826692,36,7312024,2500,19100
2026-03-17T04:01:04.950705,787867248,748873892,754013604,84,28078020,95908,77892,34359738367,491884,17108,6884,10224,108,195746820,187289652,8457168,48,7561912,69420,21912,197354368,192138380,5215988,0,4714632,452,17284,197386256,179892748,17493508,0,8489452,23536,19596,197379804,189553112,7826692,36,7312024,2500,19100
2026-03-17T04:01:05.951955,787867248,748873892,754013604,84,28078072,95908,77892,34359738367,491884,17108,6884,10224,108,195746820,187289652,8457168,48,7561964,69420,21912,197354368,192138380,5215988,0,4714632,452,17284,197386256,179892748,17493508,0,8489452,23536,19596,197379804,189553112,7826692,36,7312024,2500,19100
2026-03-17T04:01:06.954708,787867248,748873892,754013604,84,28078128,95908,77892,34359738367,491884,17108,6884,10224,108,195746820,187289652,8457168,48,7562020,69420,21912,197354368,192138380,5215988,0,4714632,452,17284,197386256,179892748,17493508,0,8489452,23536,19596,197379804,189553112,7826692,36,7312024,2500,19100
2026-03-17T04:01:07.955951,787867248,748873892,754013604,84,28078180,95908,77892,34359738367,491884,17108,6884,10224,108,195746820,187289652,8457168,48,7562072,69420,21912,197354368,192138380,5215988,0,4714632,452,17284,197386256,179892748,17493508,0,8489452,23536,19596,197379804,189553112,7826692,36,7312024,2500,19100
2026-03-17T04:01:08.957504,787867248,748873892,754013620,44,28078240,95908,77892,34359738367,491884,17108,6884,10224,108,195746820,187289652,8457168,36,7562132,69420,21912,197354368,192138380,5215988,0,4714632,452,17284,197386256,179892748,17493508,0,8489452,23536,19596,197379804,189553112,7826692,8,7312024,2500,19100
2026-03-17T04:01:09.958840,787867248,748873892,754013620,48,28078288,95908,77892,34359738367,491884,17108,6884,10224,108,195746820,187289652,8457168,40,7562180,69420,21912,197354368,192138380,5215988,0,4714632,452,17284,197386256,179892748,17493508,0,8489452,23536,19596,197379804,189553112,7826692,8,7312024,2500,19100
2026-03-17T04:01:10.960071,787867248,748873892,754013620,56,28078348,95908,77892,34359738367,491884,17108,6884,10224,108,195746820,187289652,8457168,48,7562240,69420,21912,197354368,192138380,5215988,0,4714632,452,17284,197386256,179892748,17493508,0,8489452,23536,19596,197379804,189553112,7826692,8,7312024,2500,19100
2026-03-17T04:01:11.962702,787867248,748873892,754013620,56,28078408,95908,77892,34359738367,491884,17108,6884,10224,108,195746820,187289652,8457168,48,7562300,69420,21912,197354368,192138380,5215988,0,4714632,452,17284,197386256,179892748,17493508,0,8489452,23536,19596,197379804,189553112,7826692,8,7312024,2500,19100
2026-03-17T04:01:12.963926,787867248,748873892,754013620,80,28078460,95908,77892,34359738367,491884,17108,6884,10224,108,195746820,187289652,8457168,48,7562352,69420,21912,197354368,192138380,5215988,4,4714632,452,17284,197386256,179892748,17493508,12,8489452,23536,19596,197379804,189553112,7826692,16,7312024,2500,19100
2026-03-17T04:01:13.965483,787867248,748873892,754013632,36,28078516,95908,77892,34359738367,491884,17108,6884,10224,108,195746820,187289652,8457168,12,7562408,69420,21912,197354368,192138380,5215988,4,4714632,452,17284,197386256,179892748,17493508,12,8489452,23536,19596,197379804,189553112,7826692,8,7312024,2500,19100
2026-03-17T04:01:14.966727,787867248,748873892,754013632,36,28078560,95908,77892,34359738367,491884,17108,6884,10224,108,195746820,187289652,8457168,12,7562452,69420,21912,197354368,192138380,5215988,4,4714632,452,17284,197386256,179892748,17493508,12,8489452,23536,19596,197379804,189553112,7826692,8,7312024,2500,19100
2026-03-17T04:01:15.968149,787867248,748873892,754013632,40,28078616,95908,77892,34359738367,491884,17108,6884,10224,108,195746820,187289652,8457168,16,7562508,69420,21912,197354368,192138380,5215988,4,4714632,452,17284,197386256,179892748,17493508,12,8489452,23536,19596,197379804,189553112,7826692,8,7312024,2500,19100
2026-03-17T04:01:16.969709,787867248,748865828,754005568,52,28078676,95908,77892,34359738367,491884,17108,6884,10224,108,195746820,187281588,8465232,16,7562568,69420,21912,197354368,192138380,5215988,4,4714632,452,17284,197386256,179892748,17493508,12,8489452,23536,19596,197379804,189553112,7826692,20,7312024,2500,19100
2026-03-17T04:01:17.971510,787867248,748865828,754005568,64,28078724,95908,77892,34359738367,491884,17108,6884,10224,108,195746820,187281588,8465232,28,7562616,69420,21912,197354368,192138380,5215988,4,4714632,452,17284,197386256,179892748,17493508,12,8489452,23536,19596,197379804,189553112,7826692,20,7312024,2500,19100
2026-03-17T04:01:18.972774,787867248,748867836,754007576,72,28078776,95908,77892,34359738367,491884,17108,6884,10224,108,195746820,187283596,8463224,28,7562668,69420,21912,197354368,192138380,5215988,4,4714632,452,17284,197386256,179892748,17493508,16,8489452,23536,19596,197379804,189553112,7826692,24,7312024,2500,19100
2026-03-17T04:01:19.974069,787867248,748868920,754008660,72,28078824,95908,77892,34359738367,491884,17108,6884,10224,108,195746820,187284680,8462140,28,7562716,69420,21912,197354368,192138380,5215988,4,4714632,452,17284,197386256,179892748,17493508,16,8489452,23536,19596,197379804,189553112,7826692,24,7312024,2500,19100
2026-03-17T04:01:20.978707,787867248,748870308,754010048,72,28078884,95908,77892,34359738367,491884,17108,6884,10224,108,195746820,187286068,8460752,28,7562776,69420,21912,197354368,192138380,5215988,4,4714632,452,17284,197386256,179892748,17493508,16,8489452,23536,19596,197379804,189553112,7826692,24,7312024,2500,19100
2026-03-17T04:01:21.979937,787867248,748871504,754011244,72,28078936,95908,77892,34359738367,491884,17108,6884,10224,108,195746820,187287264,8459556,28,7562828,69420,21912,197354368,192138380,5215988,4,4714632,452,17284,197386256,179892748,17493508,16,8489452,23536,19596,197379804,189553112,7826692,24,7312024,2500,19100
2026-03-17T04:01:22.981169,787867248,748872044,754011784,72,28079000,95908,77892,34359738367,491884,17108,6884,10224,108,195746820,187287804,8459016,28,7562892,69420,21912,197354368,192138380,5215988,4,4714632,452,17284,197386256,179892748,17493508,16,8489452,23536,19596,197379804,189553112,7826692,24,7312024,2500,19100
2026-03-17T04:01:23.982477,787867248,748872240,754011980,72,28079056,95908,77892,34359738367,491884,17108,6884,10224,108,195746820,187288000,8458820,28,7562948,69420,21912,197354368,192138380,5215988,4,4714632,452,17284,197386256,179892748,17493508,16,8489452,23536,19596,197379804,189553112,7826692,24,7312024,2500,19100
2026-03-17T04:01:24.986702,787867248,748872240,754011980,80,28079104,95908,77892,34359738367,491884,17108,6884,10224,108,195746820,187288000,8458820,36,7562996,69420,21912,197354368,192138380,5215988,4,4714632,452,17284,197386256,179892748,17493508,16,8489452,23536,19596,197379804,189553112,7826692,24,7312024,2500,19100
2026-03-17T04:01:25.987935,787867248,748872240,754011980,80,28079156,95908,77892,34359738367,491884,17108,6884,10224,108,195746820,187288000,8458820,36,7563048,69420,21912,197354368,192138380,5215988,4,4714632,452,17284,197386256,179892748,17493508,16,8489452,23536,19596,197379804,189553112,7826692,24,7312024,2500,19100
2026-03-17T04:01:26.989244,787867248,748872240,754011980,80,28079208,95908,77892,34359738367,491884,17108,6884,10224,108,195746820,187288000,8458820,36,7563100,69420,21912,197354368,192138380,5215988,4,4714632,452,17284,197386256,179892748,17493508,16,8489452,23536,19596,197379804,189553112,7826692,24,7312024,2500,19100
2026-03-17T04:01:27.990547,787867248,748872240,754011980,84,28079264,95908,77892,34359738367,491884,17108,6884,10224,108,195746820,187288000,8458820,40,7563156,69420,21912,197354368,192138380,5215988,4,4714632,452,17284,197386256,179892748,17493508,16,8489452,23536,19596,197379804,189553112,7826692,24,7312024,2500,19100
2026-03-17T04:01:28.991849,787867248,748872240,754011980,84,28079320,95908,77892,34359738367,491884,17108,6884,10224,108,195746820,187288000,8458820,40,7563212,69420,21912,197354368,192138380,5215988,4,4714632,452,17284,197386256,179892748,17493508,16,8489452,23536,19596,197379804,189553112,7826692,24,7312024,2500,19100
2026-03-17T04:01:29.994703,787867248,748872240,754012096,92,28079368,95908,77892,34359738367,491884,17108,6884,10224,108,195746820,187288000,8458820,40,7563260,69420,21912,197354368,192138380,5215988,4,4714632,452,17284,197386256,179892748,17493508,16,8489452,23536,19596,197379804,189553112,7826692,32,7312024,2500,19100
2026-03-17T04:01:30.995951,787867248,748872240,754012096,92,28079420,95908,77892,34359738367,491884,17108,6884,10224,108,195746820,187288000,8458820,40,7563312,69420,21912,197354368,192138380,5215988,4,4714632,452,17284,197386256,179892748,17493508,16,8489452,23536,19596,197379804,189553112,7826692,32,7312024,2500,19100
2026-03-17T04:01:31.998715,787867248,748872240,754012096,100,28079468,95908,77892,34359738367,491884,17108,6884,10224,108,195746820,187288000,8458820,48,7563360,69420,21912,197354368,192138380,5215988,4,4714632,452,17284,197386256,179892748,17493508,16,8489452,23536,19596,197379804,189553112,7826692,32,7312024,2500,19100
2026-03-17T04:01:32.999983,787867248,748872240,754012096,100,28079520,95908,77892,34359738367,491884,17108,6884,10224,108,195746820,187288000,8458820,48,7563412,69420,21912,197354368,192138380,5215988,4,4714632,452,17284,197386256,179892748,17493508,16,8489452,23536,19596,197379804,189553112,7826692,32,7312024,2500,19100
2026-03-17T04:01:34.002706,787867248,748872240,754012096,100,28079568,95908,77892,34359738367,491884,17108,6884,10224,108,195746820,187288000,8458820,48,7563460,69420,21912,197354368,192138380,5215988,4,4714632,452,17284,197386256,179892748,17493508,16,8489452,23536,19596,197379804,189553112,7826692,32,7312024,2500,19100
2026-03-17T04:01:35.003971,787867248,748872240,754012120,60,28079620,95908,77892,34359738367,491884,17108,6884,10224,108,195746820,187288000,8458820,40,7563512,69420,21912,197354368,192138380,5215988,0,4714632,452,17284,197386256,179892748,17493508,0,8489452,23536,19596,197379804,189553112,7826692,20,7312024,2500,19100
2026-03-17T04:01:36.005267,787867248,748872240,754012120,60,28079680,95908,77892,34359738367,491884,17108,6884,10224,108,195746820,187288000,8458820,40,7563572,69420,21912,197354368,192138380,5215988,0,4714632,452,17284,197386256,179892748,17493508,0,8489452,23536,19596,197379804,189553112,7826692,20,7312024,2500,19100
2026-03-17T04:01:37.006558,787867248,748872240,754012120,68,28079728,95908,77892,34359738367,491884,17108,6884,10224,108,195746820,187288000,8458820,48,7563620,69420,21912,197354368,192138380,5215988,0,4714632,452,17284,197386256,179892748,17493508,0,8489452,23536,19596,197379804,189553112,7826692,20,7312024,2500,19100
2026-03-17T04:01:38.009145,787867248,748872240,754012120,76,28079784,95908,77892,34359738367,491884,17108,6884,10224,108,195746820,187288000,8458820,56,7563676,69420,21912,197354368,192138380,5215988,0,4714632,452,17284,197386256,179892748,17493508,0,8489452,23536,19596,197379804,189553112,7826692,20,7312024,2500,19100
2026-03-17T04:01:39.010398,787867248,748872240,754012120,76,28079840,95908,77892,34359738367,491884,17108,6884,10224,108,195746820,187288000,8458820,56,7563732,69420,21912,197354368,192138380,5215988,0,4714632,452,17284,197386256,179892748,17493508,0,8489452,23536,19596,197379804,189553112,7826692,20,7312024,2500,19100
2026-03-17T04:01:40.012912,787867248,748871988,754011888,48,28079888,95908,77892,34359738367,491884,17108,6884,10224,108,195746820,187288000,8458820,48,7563780,69420,21912,197354368,192138380,5215988,0,4714632,452,17284,197386256,179892496,17493760,0,8489452,23536,19596,197379804,189553112,7826692,0,7312024,2500,19100
2026-03-17T04:01:41.014198,787867248,748872136,754012036,52,28079944,95908,77892,34359738367,491884,17108,6884,10224,108,195746820,187288000,8458820,52,7563836,69420,21912,197354368,192138380,5215988,0,4714632,452,17284,197386256,179892644,17493612,0,8489452,23536,19596,197379804,189553112,7826692,0,7312024,2500,19100
2026-03-17T04:01:42.016088,787867248,748872136,754012036,52,28079992,95908,77892,34359738367,491884,17108,6884,10224,108,195746820,187288000,8458820,52,7563884,69420,21912,197354368,192138380,5215988,0,4714632,452,17284,197386256,179892644,17493612,0,8489452,23536,19596,197379804,189553112,7826692,0,7312024,2500,19100
2026-03-17T04:01:43.018705,787867248,748872136,754012036,100,28080044,95908,77892,34359738367,491884,17108,6884,10224,108,195746820,187288000,8458820,52,7563936,69420,21912,197354368,192138380,5215988,4,4714632,452,17284,197386256,179892644,17493612,20,8489452,23536,19596,197379804,189553112,7826692,24,7312024,2500,19100
2026-03-17T04:01:44.019959,787867248,748872136,754012036,100,28080092,95908,77892,34359738367,491884,17108,6884,10224,108,195746820,187288000,8458820,52,7563984,69420,21912,197354368,192138380,5215988,4,4714632,452,17284,197386256,179892644,17493612,20,8489452,23536,19596,197379804,189553112,7826692,24,7312024,2500,19100
2026-03-17T04:01:45.021260,787867248,748872136,754012036,108,28080136,95908,77892,34359738367,491884,17108,6884,10224,108,195746820,187288000,8458820,60,7564028,69420,21912,197354368,192138380,5215988,4,4714632,452,17284,197386256,179892644,17493612,20,8489452,23536,19596,197379804,189553112,7826692,24,7312024,2500,19100
2026-03-17T04:01:46.022701,787867248,748872136,754012036,108,28080200,95908,77892,34359738367,491884,17108,6884,10224,108,195746820,187288000,8458820,60,7564092,69420,21912,197354368,192138380,5215988,4,4714632,452,17284,197386256,179892644,17493612,20,8489452,23536,19596,197379804,189553112,7826692,24,7312024,2500,19100
2026-03-17T04:01:47.026644,787867248,748872136,754012036,108,28080240,95908,77892,34359738367,491884,17108,6884,10224,108,195746820,187288000,8458820,60,7564132,69420,21912,197354368,192138380,5215988,4,4714632,452,17284,197386256,179892644,17493612,20,8489452,23536,19596,197379804,189553112,7826692,24,7312024,2500,19100
2026-03-17T04:01:48.027905,787867248,748864072,754003972,108,28080296,95908,77892,34359738367,491884,17108,6884,10224,108,195746820,187279936,8466884,60,7564188,69420,21912,197354368,192138380,5215988,4,4714632,452,17284,197386256,179892644,17493612,20,8489452,23536,19596,197379804,189553112,7826692,24,7312024,2500,19100
2026-03-17T04:01:49.029179,787867248,748864576,754004476,108,28080344,95908,77892,34359738367,491884,17108,6884,10224,108,195746820,187280440,8466380,60,7564236,69420,21912,197354368,192138380,5215988,4,4714632,452,17284,197386256,179892644,17493612,20,8489452,23536,19596,197379804,189553112,7826692,24,7312024,2500,19100
2026-03-17T04:01:50.030439,787867248,748866112,754006028,64,28080404,95908,77892,34359738367,491884,17108,6884,10224,108,195746820,187281976,8464844,16,7564296,69420,21912,197354368,192138380,5215988,4,4714632,452,17284,197386256,179892644,17493612,20,8489452,23536,19596,197379804,189553112,7826692,24,7312024,2500,19100
2026-03-17T04:01:51.034712,787867248,748867188,754007104,64,28080460,95908,77892,34359738367,491884,17108,6884,10224,108,195746820,187283052,8463768,16,7564352,69420,21912,197354368,192138380,5215988,4,4714632,452,17284,197386256,179892644,17493612,20,8489452,23536,19596,197379804,189553112,7826692,24,7312024,2500,19100
2026-03-17T04:01:52.036008,787867248,748868240,754008156,76,28080504,95908,77892,34359738367,491884,17108,6884,10224,108,195746820,187284104,8462716,28,7564396,69420,21912,197354368,192138380,5215988,4,4714632,452,17284,197386256,179892644,17493612,20,8489452,23536,19596,197379804,189553112,7826692,24,7312024,2500,19100
2026-03-17T04:01:53.037298,787867248,748869700,754009616,76,28080560,95908,77892,34359738367,491884,17108,6884,10224,108,195746820,187285564,8461256,28,7564452,69420,21912,197354368,192138380,5215988,4,4714632,452,17284,197386256,179892644,17493612,20,8489452,23536,19596,197379804,189553112,7826692,24,7312024,2500,19100
2026-03-17T04:01:54.038712,787867248,748870236,754010152,80,28080612,95908,77892,34359738367,491884,17108,6884,10224,108,195746820,187286100,8460720,32,7564504,69420,21912,197354368,192138380,5215988,4,4714632,452,17284,197386256,179892644,17493612,20,8489452,23536,19596,197379804,189553112,7826692,24,7312024,2500,19100
2026-03-17T04:01:55.040197,787867248,748870444,754010360,88,28080672,95908,77892,34359738367,491884,17108,6884,10224,108,195746820,187286308,8460512,32,7564564,69420,21912,197354368,192138380,5215988,4,4714632,452,17284,197386256,179892644,17493612,24,8489452,23536,19596,197379804,189553112,7826692,28,7312024,2500,19100
2026-03-17T04:01:56.041433,787867248,748870444,754010360,96,28080728,95908,77892,34359738367,491884,17108,6884,10224,108,195746820,187286308,8460512,32,7564620,69420,21912,197354368,192138380,5215988,4,4714632,452,17284,197386256,179892644,17493612,24,8489452,23536,19596,197379804,189553112,7826692,36,7312024,2500,19100
2026-03-17T04:01:57.046731,787867248,748870444,754010360,96,28080776,95908,77892,34359738367,491884,17108,6884,10224,108,195746820,187286308,8460512,32,7564668,69420,21912,197354368,192138380,5215988,4,4714632,452,17284,197386256,179892644,17493612,24,8489452,23536,19596,197379804,189553112,7826692,36,7312024,2500,19100
2026-03-17T04:01:58.047997,787867248,748870444,754010360,96,28080832,95908,77892,34359738367,491884,17108,6884,10224,108,195746820,187286308,8460512,32,7564724,69420,21912,197354368,192138380,5215988,4,4714632,452,17284,197386256,179892644,17493612,24,8489452,23536,19596,197379804,189553112,7826692,36,7312024,2500,19100
2026-03-17T04:01:59.049276,787867248,748870444,754010360,104,28080888,95908,77892,34359738367,491884,17108,6884,10224,108,195746820,187286308,8460512,40,7564780,69420,21912,197354368,192138380,5215988,4,4714632,452,17284,197386256,179892644,17493612,24,8489452,23536,19596,197379804,189553112,7826692,36,7312024,2500,19100
2026-03-17T04:02:00.050516,787867248,748870444,754010360,104,28080936,95908,77892,34359738367,491884,17108,6884,10224,108,195746820,187286308,8460512,40,7564828,69420,21912,197354368,192138380,5215988,4,4714632,452,17284,197386256,179892644,17493612,24,8489452,23536,19596,197379804,189553112,7826692,36,7312024,2500,19100
2026-03-17T04:02:01.052235,787867248,748870444,754010360,104,28080992,95908,77892,34359738367,491884,17108,6884,10224,108,195746820,187286308,8460512,40,7564884,69420,21912,197354368,192138380,5215988,4,4714632,452,17284,197386256,179892644,17493612,24,8489452,23536,19596,197379804,189553112,7826692,36,7312024,2500,19100
2026-03-17T04:02:02.054709,787867248,748870444,754010360,104,28081040,95908,77892,34359738367,491884,17108,6884,10224,108,195746820,187286308,8460512,40,7564932,69420,21912,197354368,192138380,5215988,4,4714632,452,17284,197386256,179892644,17493612,24,8489452,23536,19596,197379804,189553112,7826692,36,7312024,2500,19100
2026-03-17T04:02:03.055996,787867248,748870444,754010360,104,28081108,95908,77892,34359738367,491884,17108,6884,10224,108,195746820,187286308,8460512,40,7565000,69420,21912,197354368,192138380,5215988,4,4714632,452,17284,197386256,179892644,17493612,24,8489452,23536,19596,197379804,189553112,7826692,36,7312024,2500,19100
2026-03-17T04:02:04.058732,787867248,748870444,754010360,104,28081152,95908,77892,34359738367,491884,17108,6884,10224,108,195746820,187286308,8460512,40,7565044,69420,21912,197354368,192138380,5215988,4,4714632,452,17284,197386256,179892644,17493612,24,8489452,23536,19596,197379804,189553112,7826692,36,7312024,2500,19100
2026-03-17T04:02:05.060012,787867248,748870444,754010360,104,28081212,95908,77892,34359738367,491884,17108,6884,10224,108,195746820,187286308,8460512,40,7565104,69420,21912,197354368,192138380,5215988,4,4714632,452,17284,197386256,179892644,17493612,24,8489452,23536,19596,197379804,189553112,7826692,36,7312024,2500,19100
2026-03-17T04:02:06.061299,787867248,748870192,754010108,116,28081260,95908,77892,34359738367,491884,17108,6884,10224,108,195746820,187286056,8460764,52,7565152,69420,21912,197354368,192138380,5215988,4,4714632,452,17284,197386256,179892644,17493612,24,8489452,23536,19596,197379804,189553112,7826692,36,7312024,2500,19100
2026-03-17T04:02:07.062698,787867248,748870192,754010108,116,28081312,95908,77892,34359738367,491884,17108,6884,10224,108,195746820,187286056,8460764,52,7565204,69420,21912,197354368,192138380,5215988,4,4714632,452,17284,197386256,179892644,17493612,24,8489452,23536,19596,197379804,189553112,7826692,36,7312024,2500,19100
2026-03-17T04:02:08.066716,787867248,748870440,754010356,124,28081368,95908,77892,34359738367,491884,17108,6884,10224,108,195746820,187286304,8460516,52,7565260,69420,21912,197354368,192138380,5215988,4,4714632,452,17284,197386256,179892644,17493612,24,8489452,23536,19596,197379804,189553112,7826692,44,7312024,2500,19100
2026-03-17T04:02:09.068012,787867248,748870440,754010356,124,28081420,95908,77892,34359738367,491884,17108,6884,10224,108,195746820,187286304,8460516,52,7565312,69420,21912,197354368,192138380,5215988,4,4714632,452,17284,197386256,179892644,17493612,24,8489452,23536,19596,197379804,189553112,7826692,44,7312024,2500,19100
2026-03-17T04:02:10.069327,787867248,748870440,754010356,124,28081484,95908,77892,34359738367,491884,17108,6884,10224,108,195746820,187286304,8460516,52,7565376,69420,21912,197354368,192138380,5215988,4,4714632,452,17284,197386256,179892644,17493612,24,8489452,23536,19596,197379804,189553112,7826692,44,7312024,2500,19100
2026-03-17T04:02:11.070692,787867248,748870440,754010380,60,28081544,95908,77892,34359738367,491884,17108,6884,10224,108,195746820,187286304,8460516,32,7565436,69420,21912,197354368,192138380,5215988,0,4714632,452,17284,197386256,179892644,17493612,0,8489452,23536,19596,197379804,189553112,7826692,28,7312024,2500,19100
2026-03-17T04:02:12.074715,787867248,748870440,754010380,60,28081592,95908,77892,34359738367,491884,17108,6884,10224,108,195746820,187286304,8460516,32,7565484,69420,21912,197354368,192138380,5215988,0,4714632,452,17284,197386256,179892644,17493612,0,8489452,23536,19596,197379804,189553112,7826692,28,7312024,2500,19100
2026-03-17T04:02:13.076253,787867248,748870440,754010380,88,28081652,95908,77892,34359738367,491884,17108,6884,10224,108,195746820,187286304,8460516,48,7565544,69420,21912,197354368,192138380,5215988,0,4714632,452,17284,197386256,179892644,17493612,8,8489452,23536,19596,197379804,189553112,7826692,32,7312024,2500,19100
2026-03-17T04:02:14.077504,787867248,748870440,754010380,88,28081704,95908,77892,34359738367,491884,17108,6884,10224,108,195746820,187286304,8460516,48,7565596,69420,21912,197354368,192138380,5215988,0,4714632,452,17284,197386256,179892644,17493612,8,8489452,23536,19596,197379804,189553112,7826692,32,7312024,2500,19100
2026-03-17T04:02:15.080706,787867248,748870440,754010380,88,28081752,95908,77892,34359738367,491884,17108,6884,10224,108,195746820,187286304,8460516,48,7565644,69420,21912,197354368,192138380,5215988,0,4714632,452,17284,197386256,179892644,17493612,8,8489452,23536,19596,197379804,189553112,7826692,32,7312024,2500,19100
2026-03-17T04:02:16.081964,787867248,748870440,754010388,60,28081812,95908,77892,34359738367,491884,17108,6884,10224,108,195746820,187286304,8460516,48,7565704,69420,21912,197354368,192138380,5215988,0,4714632,452,17284,197386256,179892644,17493612,8,8489452,23536,19596,197379804,189553112,7826692,4,7312024,2500,19100
2026-03-17T04:02:17.084124,787867248,748870440,754010388,60,28081860,95908,77892,34359738367,491884,17108,6884,10224,108,195746820,187286304,8460516,48,7565752,69420,21912,197354368,192138380,5215988,0,4714632,452,17284,197386256,179892644,17493612,8,8489452,23536,19596,197379804,189553112,7826692,4,7312024,2500,19100
2026-03-17T04:02:18.086717,787867248,748862376,754002324,60,28081916,95908,77892,34359738367,491884,17108,6884,10224,108,195746820,187278240,8468580,48,7565808,69420,21912,197354368,192138380,5215988,0,4714632,452,17284,197386256,179892644,17493612,8,8489452,23536,19596,197379804,189553112,7826692,4,7312024,2500,19100
2026-03-17T04:02:19.088011,787867248,748862628,754002576,76,28081964,95908,77892,34359738367,491884,17108,6884,10224,108,195746820,187278492,8468328,52,7565856,69420,21912,197354368,192138380,5215988,0,4714632,452,17284,197386256,179892644,17493612,16,8489452,23536,19596,197379804,189553112,7826692,8,7312024,2500,19100
2026-03-17T04:02:20.089464,787867248,748824844,753964792,84,28114272,95908,77892,34359738367,491884,17108,6884,10224,108,195746820,187241716,8505104,60,7598164,69420,21912,197354368,192137876,5216492,0,4714632,452,17284,197386256,179892140,17494116,16,8489452,23536,19596,197379804,189553112,7826692,8,7312024,2500,19100
2026-03-17T04:02:21.090718,787867248,748817708,753957772,100,28114776,95908,77956,34359738367,491884,17108,6884,10224,108,195746820,187240092,8506728,64,7598616,69420,21972,197354368,192135860,5218508,0,4714696,452,17280,197386256,179890912,17495344,16,8489420,23536,19596,197379804,189550844,7828960,20,7312044,2500,19108
2026-03-17T04:02:22.094699,787867248,748823344,753963408,100,28114892,95908,77960,34359738367,491884,17108,6884,10224,108,195746820,187242316,8504504,64,7598732,69420,21976,197354368,192136112,5218256,0,4714696,452,17280,197386256,179891412,17494844,16,8489420,23536,19596,197379804,189553504,7826300,20,7312044,2500,19108
2026-03-17T04:02:23.095915,787867248,748828060,753968124,100,28114940,95908,77960,34359738367,491884,17108,6884,10224,108,195746820,187243304,8503516,64,7598780,69420,21976,197354368,192137840,5216528,0,4714696,452,17280,197386256,179891920,17494336,16,8489420,23536,19596,197379804,189554996,7824808,20,7312044,2500,19108
2026-03-17T04:02:24.097146,787867248,748828192,753968256,100,28114992,95908,77960,34359738367,491884,17108,6884,10224,108,195746820,187243304,8503516,64,7598832,69420,21976,197354368,192137856,5216512,0,4714696,452,17280,197386256,179891928,17494328,16,8489420,23536,19596,197379804,189555104,7824700,20,7312044,2500,19108
2026-03-17T04:02:25.098468,787867248,748828192,753968256,104,28115044,95908,77960,34359738367,491884,17108,6884,10224,108,195746820,187243304,8503516,64,7598884,69420,21976,197354368,192137856,5216512,0,4714696,452,17280,197386256,179891928,17494328,20,8489420,23536,19596,197379804,189555104,7824700,20,7312044,2500,19108
2026-03-17T04:02:26.101442,787867248,748828192,753968276,60,28115096,95908,77960,34359738367,491884,17108,6884,10224,108,195746820,187243304,8503516,20,7598936,69420,21976,197354368,192137856,5216512,0,4714696,452,17280,197386256,179891928,17494328,20,8489420,23536,19596,197379804,189555104,7824700,20,7312044,2500,19108
2026-03-17T04:02:27.102714,787867248,748828192,753968276,60,28115156,95908,77960,34359738367,491884,17108,6884,10224,108,195746820,187243304,8503516,20,7598996,69420,21976,197354368,192137856,5216512,0,4714696,452,17280,197386256,179891928,17494328,20,8489420,23536,19596,197379804,189555104,7824700,20,7312044,2500,19108
2026-03-17T04:02:28.106706,787867248,748828192,753968276,60,28115212,95908,77960,34359738367,491884,17108,6884,10224,108,195746820,187243304,8503516,20,7599052,69420,21976,197354368,192137856,5216512,0,4714696,452,17280,197386256,179891928,17494328,20,8489420,23536,19596,197379804,189555104,7824700,20,7312044,2500,19108
2026-03-17T04:02:29.107973,787867248,748828192,753968276,60,28115328,95908,77960,34359738367,491884,17108,6884,10224,108,195746820,187243304,8503516,20,7599168,69420,21976,197354368,192137856,5216512,0,4714696,452,17280,197386256,179891928,17494328,20,8489420,23536,19596,197379804,189555104,7824700,20,7312044,2500,19108
2026-03-17T04:02:30.109207,787867248,748828192,753968276,60,28115328,95908,77960,34359738367,491884,17108,6884,10224,108,195746820,187243304,8503516,20,7599168,69420,21976,197354368,192137856,5216512,0,4714696,452,17280,197386256,179891928,17494328,20,8489420,23536,19596,197379804,189555104,7824700,20,7312044,2500,19108
2026-03-17T04:02:31.110447,787867248,748828192,753968276,76,28115388,95908,77960,34359738367,491884,17108,6884,10224,108,195746820,187243304,8503516,20,7599228,69420,21976,197354368,192137856,5216512,4,4714696,452,17280,197386256,179891928,17494328,24,8489420,23536,19596,197379804,189555104,7824700,28,7312044,2500,19108
2026-03-17T04:02:32.111808,787867248,748827940,753968024,80,28115448,95908,77960,34359738367,491868,17108,6884,10224,108,195746820,187243052,8503768,24,7599288,69420,21976,197354368,192137856,5216512,4,4714696,452,17280,197386256,179891928,17494328,24,8489420,23536,19596,197379804,189555104,7824700,28,7312044,2500,19108
2026-03-17T04:02:33.113156,787867248,748830428,753970512,92,28115564,95908,77960,34359738367,491868,17108,6884,10224,108,195746820,187245540,8501280,36,7599404,69420,21976,197354368,192137856,5216512,4,4714696,452,17280,197386256,179891928,17494328,24,8489420,23536,19596,197379804,189555104,7824700,28,7312044,2500,19108
2026-03-17T04:02:34.114705,787867248,748830676,753970760,100,28115564,95908,77960,34359738367,491868,17108,6884,10224,108,195746820,187245788,8501032,36,7599404,69420,21976,197354368,192137856,5216512,4,4714696,452,17280,197386256,179891928,17494328,24,8489420,23536,19596,197379804,189555104,7824700,36,7312044,2500,19108
2026-03-17T04:02:35.116807,787867248,748832476,753972560,100,28115632,95908,77960,34359738367,491868,17108,6884,10224,108,195746820,187247572,8499248,36,7599472,69420,21976,197354368,192137856,5216512,4,4714696,452,17280,197386256,179891928,17494328,24,8489420,23536,19596,197379804,189555120,7824684,36,7312044,2500,19108
2026-03-17T04:02:36.118094,787867248,748834872,753974956,100,28115740,95908,77960,34359738367,491868,17108,6884,10224,108,195746820,187249968,8496852,36,7599580,69420,21976,197354368,192137856,5216512,4,4714696,452,17280,197386256,179891928,17494328,24,8489420,23536,19596,197379804,189555120,7824684,36,7312044,2500,19108
2026-03-17T04:02:37.122260,787867248,748836048,753976132,100,28115796,95908,77960,34359738367,491868,17108,6884,10224,108,195746820,187251144,8495676,36,7599636,69420,21976,197354368,192137856,5216512,4,4714696,452,17280,197386256,179891928,17494328,24,8489420,23536,19596,197379804,189555120,7824684,36,7312044,2500,19108
2026-03-17T04:02:38.123537,787867248,748836048,753976132,100,28115796,95908,77960,34359738367,491868,17108,6884,10224,108,195746820,187251144,8495676,36,7599636,69420,21976,197354368,192137856,5216512,4,4714696,452,17280,197386256,179891928,17494328,24,8489420,23536,19596,197379804,189555120,7824684,36,7312044,2500,19108
2026-03-17T04:02:39.124892,787867248,748836636,753976720,100,28115916,95908,77960,34359738367,491868,17108,6884,10224,108,195746820,187251732,8495088,36,7599756,69420,21976,197354368,192137856,5216512,4,4714696,452,17280,197386256,179891928,17494328,24,8489420,23536,19596,197379804,189555120,7824684,36,7312044,2500,19108
2026-03-17T04:02:40.126129,787867248,748836636,753976720,108,28115964,95908,77960,34359738367,491868,17108,6884,10224,108,195746820,187251732,8495088,44,7599804,69420,21976,197354368,192137856,5216512,4,4714696,452,17280,197386256,179891928,17494328,24,8489420,23536,19596,197379804,189555120,7824684,36,7312044,2500,19108
2026-03-17T04:02:41.129330,787867248,748836636,753976740,96,28116024,95908,77960,34359738367,491868,17108,6884,10224,108,195746820,187251732,8495088,32,7599864,69420,21976,197354368,192137856,5216512,4,4714696,452,17280,197386256,179891928,17494328,24,8489420,23536,19596,197379804,189555120,7824684,36,7312044,2500,19108
2026-03-17T04:02:42.130551,787867248,748836636,753976740,100,28116076,95908,77960,34359738367,491868,17108,6884,10224,108,195746820,187251732,8495088,36,7599916,69420,21976,197354368,192137856,5216512,4,4714696,452,17280,197386256,179891928,17494328,24,8489420,23536,19596,197379804,189555120,7824684,36,7312044,2500,19108
2026-03-17T04:02:43.132036,787867248,748836636,753976740,100,28116132,95908,77960,34359738367,491868,17108,6884,10224,108,195746820,187251732,8495088,36,7599972,69420,21976,197354368,192137856,5216512,4,4714696,452,17280,197386256,179891928,17494328,24,8489420,23536,19596,197379804,189555120,7824684,36,7312044,2500,19108
2026-03-17T04:02:44.134712,787867248,748836384,753976488,104,28116188,95908,77960,34359738367,491868,17108,6884,10224,108,195746820,187251480,8495340,40,7600028,69420,21976,197354368,192137856,5216512,4,4714696,452,17280,197386256,179891928,17494328,24,8489420,23536,19596,197379804,189555120,7824684,36,7312044,2500,19108
2026-03-17T04:02:45.136035,787867248,748836632,753976736,104,28116236,95908,77960,34359738367,491868,17108,6884,10224,108,195746820,187251728,8495092,40,7600076,69420,21976,197354368,192137856,5216512,4,4714696,452,17280,197386256,179891928,17494328,24,8489420,23536,19596,197379804,189555120,7824684,36,7312044,2500,19108
2026-03-17T04:02:46.138703,787867248,748836632,753976744,52,28116284,95908,77960,34359738367,491868,17108,6884,10224,108,195746820,187251728,8495092,32,7600124,69420,21976,197354368,192137856,5216512,0,4714696,452,17280,197386256,179891928,17494328,0,8489420,23536,19596,197379804,189555120,7824684,20,7312044,2500,19108
2026-03-17T04:02:47.139929,787867248,748836380,753976492,68,28116336,95908,77960,34359738367,491868,17108,6884,10224,108,195746820,187251476,8495344,40,7600176,69420,21976,197354368,192137856,5216512,0,4714696,452,17280,197386256,179891928,17494328,0,8489420,23536,19596,197379804,189555120,7824684,28,7312044,2500,19108
2026-03-17T04:02:48.141285,787867248,748836552,753976664,68,28116396,95908,77960,34359738367,491868,17108,6884,10224,108,195746820,187251648,8495172,40,7600236,69420,21976,197354368,192137856,5216512,0,4714696,452,17280,197386256,179891928,17494328,0,8489420,23536,19596,197379804,189555120,7824684,28,7312044,2500,19108
2026-03-17T04:02:49.142525,787867248,748836552,753976664,76,28116448,95908,77960,34359738367,491868,17108,6884,10224,108,195746820,187251648,8495172,48,7600288,69420,21976,197354368,192137856,5216512,0,4714696,452,17280,197386256,179891928,17494328,0,8489420,23536,19596,197379804,189555120,7824684,28,7312044,2500,19108
2026-03-17T04:02:50.146699,787867248,748836552,753976664,76,28116504,95908,77960,34359738367,491868,17108,6884,10224,108,195746820,187251648,8495172,48,7600344,69420,21976,197354368,192137856,5216512,0,4714696,452,17280,197386256,179891928,17494328,0,8489420,23536,19596,197379804,189555120,7824684,28,7312044,2500,19108
2026-03-17T04:02:51.147931,787867248,748836552,753976672,44,28116560,95908,77960,34359738367,491868,17108,6884,10224,108,195746820,187251648,8495172,44,7600400,69420,21976,197354368,192137856,5216512,0,4714696,452,17280,197386256,179891928,17494328,0,8489420,23536,19596,197379804,189555120,7824684,0,7312044,2500,19108
2026-03-17T04:02:52.149245,787867248,748836552,753976672,44,28116608,95908,77960,34359738367,491868,17108,6884,10224,108,195746820,187251648,8495172,44,7600448,69420,21976,197354368,192137856,5216512,0,4714696,452,17280,197386256,179891928,17494328,0,8489420,23536,19596,197379804,189555120,7824684,0,7312044,2500,19108
2026-03-17T04:02:53.150492,787867248,748836552,753976672,44,28116664,95908,77960,34359738367,491868,17108,6884,10224,108,195746820,187251648,8495172,44,7600504,69420,21976,197354368,192137856,5216512,0,4714696,452,17280,197386256,179891928,17494328,0,8489420,23536,19596,197379804,189555120,7824684,0,7312044,2500,19108
2026-03-17T04:02:54.152187,787867248,748836552,753976672,52,28116720,95908,77960,34359738367,491868,17108,6884,10224,108,195746820,187251648,8495172,52,7600560,69420,21976,197354368,192137856,5216512,0,4714696,452,17280,197386256,179891928,17494328,0,8489420,23536,19596,197379804,189555120,7824684,0,7312044,2500,19108
2026-03-17T04:02:55.154711,787867248,748836552,753976672,64,28116768,95908,77960,34359738367,491868,17108,6884,10224,108,195746820,187251648,8495172,52,7600608,69420,21976,197354368,192137856,5216512,0,4714696,452,17280,197386256,179891928,17494328,8,8489420,23536,19596,197379804,189555120,7824684,4,7312044,2500,19108
2026-03-17T04:02:56.156015,787867248,748836552,753976672,64,28116828,95908,77960,34359738367,491868,17108,6884,10224,108,195746820,187251648,8495172,52,7600668,69420,21976,197354368,192137856,5216512,0,4714696,452,17280,197386256,179891928,17494328,8,8489420,23536,19596,197379804,189555120,7824684,4,7312044,2500,19108
2026-03-17T04:02:57.158713,787867248,748836300,753976428,32,28116940,95908,77960,34359738367,491868,17108,6884,10224,108,195746820,187251396,8495424,20,7600780,69420,21976,197354368,192137856,5216512,0,4714696,452,17280,197386256,179891928,17494328,8,8489420,23536,19596,197379804,189555120,7824684,4,7312044,2500,19108
2026-03-17T04:02:58.160012,787867248,748835796,753975924,32,28117028,95908,77960,34359738367,491868,17108,6884,10224,108,195746820,187251648,8495172,20,7600836,69420,21976,197354368,192137352,5217016,0,4714716,452,17280,197386256,179891928,17494328,8,8489420,23536,19596,197379804,189554868,7824936,4,7312056,2500,19108
2026-03-17T04:02:59.161350,787867248,748836296,753976424,32,28117076,95908,77960,34359738367,491868,17108,6884,10224,108,195746820,187251896,8494924,20,7600884,69420,21976,197354368,192137352,5217016,0,4714716,452,17280,197386256,179891928,17494328,8,8489420,23536,19596,197379804,189555120,7824684,4,7312056,2500,19108
2026-03-17T04:03:00.162608,787867248,748836796,753976924,44,28117128,95908,77960,34359738367,491868,17108,6884,10224,108,195746820,187251896,8494924,20,7600936,69420,21976,197354368,192137852,5216516,0,4714716,452,17280,197386256,179891928,17494328,8,8489420,23536,19596,197379804,189555120,7824684,16,7312056,2500,19108
2026-03-17T04:03:01.163914,787867248,748836796,753976924,64,28117176,95908,77960,34359738367,491868,17108,6884,10224,108,195746820,187251896,8494924,32,7600984,69420,21976,197354368,192137852,5216516,0,4714716,452,17280,197386256,179891928,17494328,12,8489420,23536,19596,197379804,189555120,7824684,20,7312056,2500,19108
2026-03-17T04:03:02.165220,787867248,748836796,753976924,64,28117232,95908,77960,34359738367,491868,17108,6884,10224,108,195746820,187251896,8494924,32,7601040,69420,21976,197354368,192137852,5216516,0,4714716,452,17280,197386256,179891928,17494328,12,8489420,23536,19596,197379804,189555120,7824684,20,7312056,2500,19108
2026-03-17T04:03:03.166501,787867248,748836796,753976924,64,28117272,95908,77960,34359738367,491868,17108,6884,10224,108,195746820,187251896,8494924,32,7601080,69420,21976,197354368,192137852,5216516,0,4714716,452,17280,197386256,179891928,17494328,12,8489420,23536,19596,197379804,189555120,7824684,20,7312056,2500,19108
2026-03-17T04:03:04.167775,787867248,748836796,753976924,64,28117328,95908,77960,34359738367,491868,17108,6884,10224,108,195746820,187251896,8494924,32,7601136,69420,21976,197354368,192137852,5216516,0,4714716,452,17280,197386256,179891928,17494328,12,8489420,23536,19596,197379804,189555120,7824684,20,7312056,2500,19108
2026-03-17T04:03:05.169179,787867248,748836796,753976924,64,28117372,95908,77960,34359738367,491868,17108,6884,10224,108,195746820,187251896,8494924,32,7601180,69420,21976,197354368,192137852,5216516,0,4714716,452,17280,197386256,179891928,17494328,12,8489420,23536,19596,197379804,189555120,7824684,20,7312056,2500,19108
2026-03-17T04:03:06.170481,787867248,748836796,753976924,64,28117428,95908,77960,34359738367,491868,17108,6884,10224,108,195746820,187251896,8494924,32,7601236,69420,21976,197354368,192137852,5216516,0,4714716,452,17280,197386256,179891928,17494328,12,8489420,23536,19596,197379804,189555120,7824684,20,7312056,2500,19108
2026-03-17T04:03:07.174581,787867248,748836796,753976924,72,28117484,95908,77960,34359738367,491868,17108,6884,10224,108,195746820,187251896,8494924,32,7601292,69420,21976,197354368,192137852,5216516,8,4714716,452,17280,197386256,179891928,17494328,12,8489420,23536,19596,197379804,189555120,7824684,20,7312056,2500,19108
2026-03-17T04:03:08.175853,787867248,748836796,753976924,72,28117528,95908,77960,34359738367,491868,17108,6884,10224,108,195746820,187251896,8494924,32,7601336,69420,21976,197354368,192137852,5216516,8,4714716,452,17280,197386256,179891928,17494328,12,8489420,23536,19596,197379804,189555120,7824684,20,7312056,2500,19108
2026-03-17T04:03:09.177125,787867248,748836796,753976924,72,28117576,95908,77960,34359738367,491868,17108,6884,10224,108,195746820,187251896,8494924,32,7601384,69420,21976,197354368,192137852,5216516,8,4714716,452,17280,197386256,179891928,17494328,12,8489420,23536,19596,197379804,189555120,7824684,20,7312056,2500,19108
2026-03-17T04:03:10.178447,787867248,748836544,753976672,76,28117612,95908,77960,34359738367,491868,17108,6884,10224,108,195746820,187251644,8495176,36,7601420,69420,21976,197354368,192137852,5216516,8,4714716,452,17280,197386256,179891928,17494328,12,8489420,23536,19596,197379804,189555120,7824684,20,7312056,2500,19108
2026-03-17T04:03:11.181713,787867248,748836544,753976672,76,28117672,95908,77960,34359738367,491868,17108,6884,10224,108,195746820,187251644,8495176,36,7601480,69420,21976,197354368,192137852,5216516,8,4714716,452,17280,197386256,179891928,17494328,12,8489420,23536,19596,197379804,189555120,7824684,20,7312056,2500,19108
2026-03-17T04:03:12.182979,787867248,748836792,753976920,84,28117720,95908,77960,34359738367,491868,17108,6884,10224,108,195746820,187251892,8494928,36,7601528,69420,21976,197354368,192137852,5216516,8,4714716,452,17280,197386256,179891928,17494328,12,8489420,23536,19596,197379804,189555120,7824684,28,7312056,2500,19108
2026-03-17T04:03:13.184504,787867248,748836792,753976920,84,28117776,95908,77960,34359738367,491868,17108,6884,10224,108,195746820,187251892,8494928,36,7601584,69420,21976,197354368,192137852,5216516,8,4714716,452,17280,197386256,179891928,17494328,12,8489420,23536,19596,197379804,189555120,7824684,28,7312056,2500,19108
2026-03-17T04:03:14.186714,787867248,748836792,753976920,92,28117824,95908,77960,34359738367,491868,17108,6884,10224,108,195746820,187251892,8494928,44,7601632,69420,21976,197354368,192137852,5216516,8,4714716,452,17280,197386256,179891928,17494328,12,8489420,23536,19596,197379804,189555120,7824684,28,7312056,2500,19108
2026-03-17T04:03:15.190706,787867248,748836792,753976920,92,28117876,95908,77960,34359738367,491868,17108,6884,10224,108,195746820,187251892,8494928,44,7601684,69420,21976,197354368,192137852,5216516,8,4714716,452,17280,197386256,179891928,17494328,12,8489420,23536,19596,197379804,189555120,7824684,28,7312056,2500,19108
2026-03-17T04:03:16.191957,787867248,748836792,753976920,92,28117932,95908,77960,34359738367,491868,17108,6884,10224,108,195746820,187251892,8494928,44,7601740,69420,21976,197354368,192137852,5216516,8,4714716,452,17280,197386256,179891928,17494328,12,8489420,23536,19596,197379804,189555120,7824684,28,7312056,2500,19108
2026-03-17T04:03:17.193240,787867248,748836792,753976944,76,28117980,95908,77960,34359738367,491868,17108,6884,10224,108,195746820,187251892,8494928,28,7601788,69420,21976,197354368,192137852,5216516,8,4714716,452,17280,197386256,179891928,17494328,12,8489420,23536,19596,197379804,189555120,7824684,28,7312056,2500,19108
2026-03-17T04:03:18.194519,787867248,748836792,753976944,80,28118040,95908,77960,34359738367,491868,17108,6884,10224,108,195746820,187251892,8494928,32,7601848,69420,21976,197354368,192137852,5216516,8,4714716,452,17280,197386256,179891928,17494328,12,8489420,23536,19596,197379804,189555120,7824684,28,7312056,2500,19108
2026-03-17T04:03:19.196948,787867248,748836792,753976944,92,28118084,95908,77960,34359738367,491868,17108,6884,10224,108,195746820,187251892,8494928,32,7601892,69420,21976,197354368,192137852,5216516,8,4714716,452,17280,197386256,179891928,17494328,20,8489420,23536,19596,197379804,189555120,7824684,32,7312056,2500,19108
2026-03-17T04:03:20.198187,787867248,748836792,753976944,92,28118140,95908,77960,34359738367,491868,17108,6884,10224,108,195746820,187251892,8494928,32,7601948,69420,21976,197354368,192137852,5216516,8,4714716,452,17280,197386256,179891928,17494328,20,8489420,23536,19596,197379804,189555120,7824684,32,7312056,2500,19108
2026-03-17T04:03:21.202707,787867248,748836792,753976944,100,28118188,95908,77960,34359738367,491868,17108,6884,10224,108,195746820,187251892,8494928,40,7601996,69420,21976,197354368,192137852,5216516,8,4714716,452,17280,197386256,179891928,17494328,20,8489420,23536,19596,197379804,189555120,7824684,32,7312056,2500,19108
2026-03-17T04:03:22.203970,787867248,748836792,753976952,60,28118240,95908,77960,34359738367,491868,17108,6884,10224,108,195746820,187251892,8494928,32,7602048,69420,21976,197354368,192137852,5216516,8,4714716,452,17280,197386256,179891928,17494328,0,8489420,23536,19596,197379804,189555120,7824684,20,7312056,2500,19108
2026-03-17T04:03:23.205303,787867248,748836540,753976700,64,28118288,95908,77960,34359738367,491868,17108,6884,10224,108,195746820,187251640,8495180,36,7602096,69420,21976,197354368,192137852,5216516,8,4714716,452,17280,197386256,179891928,17494328,0,8489420,23536,19596,197379804,189555120,7824684,20,7312056,2500,19108
2026-03-17T04:03:24.206697,787867248,748836540,753976700,64,28118348,95908,77960,34359738367,491868,17108,6884,10224,108,195746820,187251640,8495180,36,7602156,69420,21976,197354368,192137852,5216516,8,4714716,452,17280,197386256,179891928,17494328,0,8489420,23536,19596,197379804,189555120,7824684,20,7312056,2500,19108
2026-03-17T04:03:25.210705,787867248,748836788,753976948,80,28118388,95908,77960,34359738367,491868,17108,6884,10224,108,195746820,187251888,8494932,44,7602196,69420,21976,197354368,192137852,5216516,8,4714716,452,17280,197386256,179891928,17494328,0,8489420,23536,19596,197379804,189555120,7824684,28,7312056,2500,19108
2026-03-17T04:03:26.211960,787867248,748836788,753976948,80,28118444,95908,77960,34359738367,491868,17108,6884,10224,108,195746820,187251888,8494932,44,7602252,69420,21976,197354368,192137852,5216516,8,4714716,452,17280,197386256,179891928,17494328,0,8489420,23536,19596,197379804,189555120,7824684,28,7312056,2500,19108
2026-03-17T04:03:27.213194,787867248,748836788,753976948,80,28118500,95908,77960,34359738367,491868,17108,6884,10224,108,195746820,187251888,8494932,44,7602308,69420,21976,197354368,192137852,5216516,8,4714716,452,17280,197386256,179891928,17494328,0,8489420,23536,19596,197379804,189555120,7824684,28,7312056,2500,19108
2026-03-17T04:03:28.214709,787867248,748836788,753976948,88,28118552,95908,77960,34359738367,491868,17108,6884,10224,108,195746820,187251888,8494932,52,7602360,69420,21976,197354368,192137852,5216516,8,4714716,452,17280,197386256,179891928,17494328,0,8489420,23536,19596,197379804,189555120,7824684,28,7312056,2500,19108
2026-03-17T04:03:29.216194,787867248,748836788,753976948,88,28118608,95908,77960,34359738367,491868,17108,6884,10224,108,195746820,187251888,8494932,52,7602416,69420,21976,197354368,192137852,5216516,8,4714716,452,17280,197386256,179891928,17494328,0,8489420,23536,19596,197379804,189555120,7824684,28,7312056,2500,19108
2026-03-17T04:03:30.217422,787867248,748836788,753976948,88,28118656,95908,77960,34359738367,491868,17108,6884,10224,108,195746820,187251888,8494932,52,7602464,69420,21976,197354368,192137852,5216516,8,4714716,452,17280,197386256,179891928,17494328,0,8489420,23536,19596,197379804,189555120,7824684,28,7312056,2500,19108
2026-03-17T04:03:31.221637,787867248,748836788,753976948,88,28118712,95908,77960,34359738367,491868,17108,6884,10224,108,195746820,187251888,8494932,52,7602520,69420,21976,197354368,192137852,5216516,8,4714716,452,17280,197386256,179891928,17494328,0,8489420,23536,19596,197379804,189555120,7824684,28,7312056,2500,19108
2026-03-17T04:03:32.222905,787867248,748836788,753976964,16,28118756,95908,77960,34359738367,491868,17108,6884,10224,108,195746820,187251888,8494932,16,7602564,69420,21976,197354368,192137852,5216516,0,4714716,452,17280,197386256,179891928,17494328,0,8489420,23536,19596,197379804,189555120,7824684,0,7312056,2500,19108
2026-03-17T04:03:33.224150,787867248,748836788,753976964,16,28118812,95908,77960,34359738367,491868,17108,6884,10224,108,195746820,187251888,8494932,16,7602620,69420,21976,197354368,192137852,5216516,0,4714716,452,17280,197386256,179891928,17494328,0,8489420,23536,19596,197379804,189555120,7824684,0,7312056,2500,19108
2026-03-17T04:03:34.226698,787867248,748836788,753976964,16,28118860,95908,77960,34359738367,491868,17108,6884,10224,108,195746820,187251888,8494932,16,7602668,69420,21976,197354368,192137852,5216516,0,4714716,452,17280,197386256,179891928,17494328,0,8489420,23536,19596,197379804,189555120,7824684,0,7312056,2500,19108
2026-03-17T04:03:35.227974,787867248,748836536,753976712,32,28118916,95908,77960,34359738367,491868,17108,6884,10224,108,195746820,187251636,8495184,32,7602724,69420,21976,197354368,192137852,5216516,0,4714716,452,17280,197386256,179891928,17494328,0,8489420,23536,19596,197379804,189555120,7824684,0,7312056,2500,19108
2026-03-17T04:03:36.230707,787867248,748836536,753976712,32,28118960,95908,77960,34359738367,491868,17108,6884,10224,108,195746820,187251636,8495184,32,7602768,69420,21976,197354368,192137852,5216516,0,4714716,452,17280,197386256,179891928,17494328,0,8489420,23536,19596,197379804,189555120,7824684,0,7312056,2500,19108
2026-03-17T04:03:37.231996,787867248,748836784,753976960,52,28119008,95908,77960,34359738367,491868,17108,6884,10224,108,195746820,187251884,8494936,32,7602816,69420,21976,197354368,192137852,5216516,0,4714716,452,17280,197386256,179891928,17494328,12,8489420,23536,19596,197379804,189555120,7824684,8,7312056,2500,19108
2026-03-17T04:03:38.234291,787867248,748836784,753976960,64,28119064,95908,77960,34359738367,491868,17108,6884,10224,108,195746820,187251884,8494936,32,7602872,69420,21976,197354368,192137852,5216516,0,4714716,452,17280,197386256,179891928,17494328,12,8489420,23536,19596,197379804,189555120,7824684,20,7312056,2500,19108
2026-03-17T04:03:39.238700,787867248,748836784,753976960,64,28119108,95908,77960,34359738367,491868,17108,6884,10224,108,195746820,187251884,8494936,32,7602916,69420,21976,197354368,192137852,5216516,0,4714716,452,17280,197386256,179891928,17494328,12,8489420,23536,19596,197379804,189555120,7824684,20,7312056,2500,19108
2026-03-17T04:03:40.239960,787867248,748836532,753976708,64,28119164,95908,77960,34359738367,491868,17108,6884,10224,108,195746820,187251632,8495188,32,7602972,69420,21976,197354368,192137852,5216516,0,4714716,452,17280,197386256,179891928,17494328,12,8489420,23536,19596,197379804,189555120,7824684,20,7312056,2500,19108
2026-03-17T04:03:41.241239,787867248,748836532,753976708,64,28119204,95908,77960,34359738367,491868,17108,6884,10224,108,195746820,187251632,8495188,32,7603012,69420,21976,197354368,192137852,5216516,0,4714716,452,17280,197386256,179891928,17494328,12,8489420,23536,19596,197379804,189555120,7824684,20,7312056,2500,19108
2026-03-17T04:03:42.242524,787867248,748836532,753976708,72,28119260,95908,77960,34359738367,491868,17108,6884,10224,108,195746820,187251632,8495188,40,7603068,69420,21976,197354368,192137852,5216516,0,4714716,452,17280,197386256,179891928,17494328,12,8489420,23536,19596,197379804,189555120,7824684,20,7312056,2500,19108
2026-03-17T04:03:43.244149,787867248,748836532,753976708,72,28119304,95908,77960,34359738367,491868,17108,6884,10224,108,195746820,187251632,8495188,40,7603112,69420,21976,197354368,192137852,5216516,0,4714716,452,17280,197386256,179891928,17494328,12,8489420,23536,19596,197379804,189555120,7824684,20,7312056,2500,19108
2026-03-17T04:03:44.246705,787867248,748836028,753976204,72,28119360,95908,77960,34359738367,491868,17108,6884,10224,108,195746820,187251128,8495692,40,7603168,69420,21976,197354368,192137852,5216516,0,4714716,452,17280,197386256,179891928,17494328,12,8489420,23536,19596,197379804,189555120,7824684,20,7312056,2500,19108
2026-03-17T04:03:45.248015,787867248,748836028,753976204,72,28119400,95908,77960,34359738367,491868,17108,6884,10224,108,195746820,187251128,8495692,40,7603208,69420,21976,197354368,192137852,5216516,0,4714716,452,17280,197386256,179891928,17494328,12,8489420,23536,19596,197379804,189555120,7824684,20,7312056,2500,19108
2026-03-17T04:03:46.249470,787867248,748836028,753976204,72,28119452,95908,77960,34359738367,491868,17108,6884,10224,108,195746820,187251128,8495692,40,7603260,69420,21976,197354368,192137852,5216516,0,4714716,452,17280,197386256,179891928,17494328,12,8489420,23536,19596,197379804,189555120,7824684,20,7312056,2500,19108
2026-03-17T04:03:47.250716,787867248,748836028,753976204,72,28119512,95908,77960,34359738367,491868,17108,6884,10224,108,195746820,187251128,8495692,40,7603320,69420,21976,197354368,192137852,5216516,0,4714716,452,17280,197386256,179891928,17494328,12,8489420,23536,19596,197379804,189555120,7824684,20,7312056,2500,19108
2026-03-17T04:03:48.254714,787867248,748835776,753975952,76,28119552,95908,77960,34359738367,491868,17108,6884,10224,108,195746820,187250876,8495944,44,7603360,69420,21976,197354368,192137852,5216516,0,4714716,452,17280,197386256,179891928,17494328,12,8489420,23536,19596,197379804,189555120,7824684,20,7312056,2500,19108
2026-03-17T04:03:49.256012,787867248,748835776,753975952,84,28119608,95908,77960,34359738367,491868,17108,6884,10224,108,195746820,187250876,8495944,52,7603416,69420,21976,197354368,192137852,5216516,0,4714716,452,17280,197386256,179891928,17494328,12,8489420,23536,19596,197379804,189555120,7824684,20,7312056,2500,19108
2026-03-17T04:03:50.257259,787867248,748836024,753976200,84,28119652,95908,77960,34359738367,491868,17108,6884,10224,108,195746820,187251124,8495696,52,7603460,69420,21976,197354368,192137852,5216516,0,4714716,452,17280,197386256,179891928,17494328,12,8489420,23536,19596,197379804,189555120,7824684,20,7312056,2500,19108
2026-03-17T04:03:51.258709,787867248,748836024,753976200,92,28119708,95908,77960,34359738367,491868,17108,6884,10224,108,195746820,187251124,8495696,52,7603516,69420,21976,197354368,192137852,5216516,0,4714716,452,17280,197386256,179891928,17494328,12,8489420,23536,19596,197379804,189555120,7824684,28,7312056,2500,19108
2026-03-17T04:03:52.260007,787867248,748836024,753976200,92,28119760,95908,77960,34359738367,491868,17108,6884,10224,108,195746820,187251124,8495696,52,7603568,69420,21976,197354368,192137852,5216516,0,4714716,452,17280,197386256,179891928,17494328,12,8489420,23536,19596,197379804,189555120,7824684,28,7312056,2500,19108
2026-03-17T04:03:53.261259,787867248,748836024,753976224,80,28119816,95908,77960,34359738367,491868,17108,6884,10224,108,195746820,187251124,8495696,40,7603624,69420,21976,197354368,192137852,5216516,0,4714716,452,17280,197386256,179891928,17494328,12,8489420,23536,19596,197379804,189555120,7824684,28,7312056,2500,19108
2026-03-17T04:03:54.262532,787867248,748835016,753975216,80,28119876,95908,77960,34359738367,491868,17108,6884,10224,108,195746820,187250116,8496704,40,7603684,69420,21976,197354368,192137852,5216516,0,4714716,452,17280,197386256,179891928,17494328,12,8489420,23536,19596,197379804,189555120,7824684,28,7312056,2500,19108
2026-03-17T04:03:55.264204,787867248,748835016,753975216,100,28119924,95908,77960,34359738367,491868,17108,6884,10224,108,195746820,187250116,8496704,48,7603732,69420,21976,197354368,192137852,5216516,0,4714716,452,17280,197386256,179891928,17494328,20,8489420,23536,19596,197379804,189555120,7824684,32,7312056,2500,19108
2026-03-17T04:03:56.266707,787867248,748835016,753975216,100,28119972,95908,77960,34359738367,491868,17108,6884,10224,108,195746820,187250116,8496704,48,7603780,69420,21976,197354368,192137852,5216516,0,4714716,452,17280,197386256,179891928,17494328,20,8489420,23536,19596,197379804,189555120,7824684,32,7312056,2500,19108
2026-03-17T04:03:57.268005,787867248,748835016,753975216,100,28120020,95908,77960,34359738367,491868,17108,6884,10224,108,195746820,187250116,8496704,48,7603828,69420,21976,197354368,192137852,5216516,0,4714716,452,17280,197386256,179891928,17494328,20,8489420,23536,19596,197379804,189555120,7824684,32,7312056,2500,19108
2026-03-17T04:03:58.269343,787867248,748835016,753975224,60,28120076,95908,77960,34359738367,491868,17108,6884,10224,108,195746820,187250116,8496704,40,7603884,69420,21976,197354368,192137852,5216516,0,4714716,452,17280,197386256,179891928,17494328,0,8489420,23536,19596,197379804,189555120,7824684,20,7312056,2500,19108
2026-03-17T04:03:59.270757,787867248,748835016,753975224,60,28120120,95908,77960,34359738367,491868,17108,6884,10224,108,195746820,187250116,8496704,40,7603928,69420,21976,197354368,192137852,5216516,0,4714716,452,17280,197386256,179891928,17494328,0,8489420,23536,19596,197379804,189555120,7824684,20,7312056,2500,19108
2026-03-17T04:04:00.274811,787867248,748835016,753975224,60,28120176,95908,77960,34359738367,491868,17108,6884,10224,108,195746820,187250116,8496704,40,7603984,69420,21976,197354368,192137852,5216516,0,4714716,452,17280,197386256,179891928,17494328,0,8489420,23536,19596,197379804,189555120,7824684,20,7312056,2500,19108
2026-03-17T04:04:01.276103,787867248,748834764,753974972,68,28120224,95908,77960,34359738367,491868,17108,6884,10224,108,195746820,187249864,8496956,48,7604032,69420,21976,197354368,192137852,5216516,0,4714716,452,17280,197386256,179891928,17494328,0,8489420,23536,19596,197379804,189555120,7824684,20,7312056,2500,19108
2026-03-17T04:04:02.277358,787867248,748835012,753975220,76,28120280,95908,77960,34359738367,491868,17108,6884,10224,108,195746820,187250112,8496708,56,7604088,69420,21976,197354368,192137852,5216516,0,4714716,452,17280,197386256,179891928,17494328,0,8489420,23536,19596,197379804,189555120,7824684,20,7312056,2500,19108
2026-03-17T04:04:03.278613,787867248,748835012,753975220,84,28120328,95908,77960,34359738367,491868,17108,6884,10224,108,195746820,187250112,8496708,56,7604136,69420,21976,197354368,192137852,5216516,0,4714716,452,17280,197386256,179891928,17494328,0,8489420,23536,19596,197379804,189555120,7824684,28,7312056,2500,19108
2026-03-17T04:04:04.282700,787867248,748835012,753975220,84,28120380,95908,77960,34359738367,491868,17108,6884,10224,108,195746820,187250112,8496708,56,7604188,69420,21976,197354368,192137852,5216516,0,4714716,452,17280,197386256,179891928,17494328,0,8489420,23536,19596,197379804,189555120,7824684,28,7312056,2500,19108
2026-03-17T04:04:05.283936,787867248,748835012,753975220,84,28120436,95908,77960,34359738367,491868,17108,6884,10224,108,195746820,187250112,8496708,56,7604244,69420,21976,197354368,192137852,5216516,0,4714716,452,17280,197386256,179891928,17494328,0,8489420,23536,19596,197379804,189555120,7824684,28,7312056,2500,19108
2026-03-17T04:04:06.285264,787867248,748835012,753975220,84,28120484,95908,77960,34359738367,491868,17108,6884,10224,108,195746820,187250112,8496708,56,7604292,69420,21976,197354368,192137852,5216516,0,4714716,452,17280,197386256,179891928,17494328,0,8489420,23536,19596,197379804,189555120,7824684,28,7312056,2500,19108
2026-03-17T04:04:07.286547,787867248,748835012,753975220,88,28120540,95908,77960,34359738367,491868,17108,6884,10224,108,195746820,187250112,8496708,60,7604348,69420,21976,197354368,192137852,5216516,0,4714716,452,17280,197386256,179891928,17494328,0,8489420,23536,19596,197379804,189555120,7824684,28,7312056,2500,19108
2026-03-17T04:04:08.288160,787867248,748835012,753975236,16,28120592,95908,77960,34359738367,491868,17108,6884,10224,108,195746820,187250112,8496708,16,7604400,69420,21976,197354368,192137852,5216516,0,4714716,452,17280,197386256,179891928,17494328,0,8489420,23536,19596,197379804,189555120,7824684,0,7312056,2500,19108
2026-03-17T04:04:09.290710,787867248,748834684,753974908,28,28120640,95908,77960,34359738367,491868,17108,6884,10224,108,195746820,187249784,8497036,28,7604448,69420,21976,197354368,192137852,5216516,0,4714716,452,17280,197386256,179891928,17494328,0,8489420,23536,19596,197379804,189555120,7824684,0,7312056,2500,19108
2026-03-17T04:04:10.291969,787867248,748834932,753975156,28,28120696,95908,77960,34359738367,491868,17108,6884,10224,108,195746820,187250032,8496788,28,7604504,69420,21976,197354368,192137852,5216516,0,4714716,452,17280,197386256,179891928,17494328,0,8489420,23536,19596,197379804,189555120,7824684,0,7312056,2500,19108
2026-03-17T04:04:11.294708,787867248,748834932,753975156,28,28120756,95908,77960,34359738367,491868,17108,6884,10224,108,195746820,187250032,8496788,28,7604564,69420,21976,197354368,192137852,5216516,0,4714716,452,17280,197386256,179891928,17494328,0,8489420,23536,19596,197379804,189555120,7824684,0,7312056,2500,19108
2026-03-17T04:04:12.296016,787867248,748834932,753975156,28,28120816,95908,77960,34359738367,491868,17108,6884,10224,108,195746820,187250032,8496788,28,7604624,69420,21976,197354368,192137852,5216516,0,4714716,452,17280,197386256,179891928,17494328,0,8489420,23536,19596,197379804,189555120,7824684,0,7312056,2500,19108
2026-03-17T04:04:13.298713,787867248,748834680,753974904,52,28120860,95908,77960,34359738367,491868,17108,6884,10224,108,195746820,187249780,8497040,32,7604668,69420,21976,197354368,192137852,5216516,0,4714716,452,17280,197386256,179891928,17494328,12,8489420,23536,19596,197379804,189555120,7824684,8,7312056,2500,19108
2026-03-17T04:04:14.299968,787867248,748832912,753973136,52,28120920,95908,77960,34359738367,491868,17108,6884,10224,108,195746820,187248012,8498808,32,7604728,69420,21976,197354368,192137852,5216516,0,4714716,452,17280,197386256,179891928,17494328,12,8489420,23536,19596,197379804,189555120,7824684,8,7312056,2500,19108
2026-03-17T04:04:15.301209,787867248,748832912,753973136,52,28120976,95908,77960,34359738367,491868,17108,6884,10224,108,195746820,187248012,8498808,32,7604784,69420,21976,197354368,192137852,5216516,0,4714716,452,17280,197386256,179891928,17494328,12,8489420,23536,19596,197379804,189555120,7824684,8,7312056,2500,19108
2026-03-17T04:04:16.302485,787867248,748832912,753973252,72,28121028,95908,77960,34359738367,491868,17108,6884,10224,108,195746820,187248012,8498808,40,7604836,69420,21976,197354368,192137852,5216516,0,4714716,452,17280,197386256,179891928,17494328,12,8489420,23536,19596,197379804,189555120,7824684,20,7312056,2500,19108
2026-03-17T04:04:17.306329,787867248,748832912,753973252,72,28121072,95908,77960,34359738367,491868,17108,6884,10224,108,195746820,187248012,8498808,40,7604880,69420,21976,197354368,192137852,5216516,0,4714716,452,17280,197386256,179891928,17494328,12,8489420,23536,19596,197379804,189555120,7824684,20,7312056,2500,19108
2026-03-17T04:04:18.307590,787867248,748832912,753973252,72,28121128,95908,77960,34359738367,491868,17108,6884,10224,108,195746820,187248012,8498808,40,7604936,69420,21976,197354368,192137852,5216516,0,4714716,452,17280,197386256,179891928,17494328,12,8489420,23536,19596,197379804,189555120,7824684,20,7312056,2500,19108
2026-03-17T04:04:19.308817,787867248,748832912,753973252,72,28121188,95908,77960,34359738367,491868,17108,6884,10224,108,195746820,187248012,8498808,40,7604996,69420,21976,197354368,192137852,5216516,0,4714716,452,17280,197386256,179891928,17494328,12,8489420,23536,19596,197379804,189555120,7824684,20,7312056,2500,19108
2026-03-17T04:04:20.310035,787867248,748832912,753973252,72,28121236,95908,77960,34359738367,491868,17108,6884,10224,108,195746820,187248012,8498808,40,7605044,69420,21976,197354368,192137852,5216516,0,4714716,452,17280,197386256,179891928,17494328,12,8489420,23536,19596,197379804,189555120,7824684,20,7312056,2500,19108
2026-03-17T04:04:21.313302,787867248,748832912,753973252,72,28121296,95908,77960,34359738367,491868,17108,6884,10224,108,195746820,187248012,8498808,40,7605104,69420,21976,197354368,192137852,5216516,0,4714716,452,17280,197386256,179891928,17494328,12,8489420,23536,19596,197379804,189555120,7824684,20,7312056,2500,19108
2026-03-17T04:04:22.314590,787867248,748832912,753973252,72,28121348,95908,77960,34359738367,491868,17108,6884,10224,108,195746820,187248012,8498808,40,7605156,69420,21976,197354368,192137852,5216516,0,4714716,452,17280,197386256,179891928,17494328,12,8489420,23536,19596,197379804,189555120,7824684,20,7312056,2500,19108
2026-03-17T04:04:23.315913,787867248,748832912,753973252,80,28121396,95908,77960,34359738367,491868,17108,6884,10224,108,195746820,187248012,8498808,48,7605204,69420,21976,197354368,192137852,5216516,0,4714716,452,17280,197386256,179891928,17494328,12,8489420,23536,19596,197379804,189555120,7824684,20,7312056,2500,19108
2026-03-17T04:04:24.318702,787867248,748832912,753973268,72,28121448,95908,77960,34359738367,491868,17108,6884,10224,108,195746820,187248012,8498808,40,7605256,69420,21976,197354368,192137852,5216516,0,4714716,452,17280,197386256,179891928,17494328,12,8489420,23536,19596,197379804,189555120,7824684,20,7312056,2500,19108
2026-03-17T04:04:25.319947,787867248,748832912,753973268,84,28121500,95908,77960,34359738367,491868,17108,6884,10224,108,195746820,187248012,8498808,40,7605308,69420,21976,197354368,192137852,5216516,0,4714716,452,17280,197386256,179891928,17494328,20,8489420,23536,19596,197379804,189555120,7824684,24,7312056,2500,19108
2026-03-17T04:04:26.322712,787867248,748832660,753973016,88,28121548,95908,77960,34359738367,491868,17108,6884,10224,108,195746820,187247760,8499060,44,7605356,69420,21976,197354368,192137852,5216516,0,4714716,452,17280,197386256,179891928,17494328,20,8489420,23536,19596,197379804,189555120,7824684,24,7312056,2500,19108
2026-03-17T04:04:27.323997,787867248,748832908,753973264,88,28121604,95908,77960,34359738367,491868,17108,6884,10224,108,195746820,187248008,8498812,44,7605412,69420,21976,197354368,192137852,5216516,0,4714716,452,17280,197386256,179891928,17494328,20,8489420,23536,19596,197379804,189555120,7824684,24,7312056,2500,19108
2026-03-17T04:04:28.325251,787867248,748832908,753973264,88,28121652,95908,77960,34359738367,491868,17108,6884,10224,108,195746820,187248008,8498812,44,7605460,69420,21976,197354368,192137852,5216516,0,4714716,452,17280,197386256,179891928,17494328,20,8489420,23536,19596,197379804,189555120,7824684,24,7312056,2500,19108
2026-03-17T04:04:29.326701,787867248,748832908,753973264,96,28121704,95908,77960,34359738367,491868,17108,6884,10224,108,195746820,187248008,8498812,44,7605512,69420,21976,197354368,192137852,5216516,0,4714716,452,17280,197386256,179891928,17494328,20,8489420,23536,19596,197379804,189555120,7824684,32,7312056,2500,19108
2026-03-17T04:04:30.328414,787867248,748832908,753973264,104,28121756,95908,77960,34359738367,491868,17108,6884,10224,108,195746820,187248008,8498812,52,7605564,69420,21976,197354368,192137852,5216516,0,4714716,452,17280,197386256,179891928,17494328,20,8489420,23536,19596,197379804,189555120,7824684,32,7312056,2500,19108
2026-03-17T04:04:31.329647,787867248,748832908,753973264,104,28121808,95908,77960,34359738367,491868,17108,6884,10224,108,195746820,187248008,8498812,52,7605616,69420,21976,197354368,192137852,5216516,0,4714716,452,17280,197386256,179891928,17494328,20,8489420,23536,19596,197379804,189555120,7824684,32,7312056,2500,19108
2026-03-17T04:04:32.334082,787867248,748832908,753973264,104,28121856,95908,77960,34359738367,491868,17108,6884,10224,108,195746820,187248008,8498812,52,7605664,69420,21976,197354368,192137852,5216516,0,4714716,452,17280,197386256,179891928,17494328,20,8489420,23536,19596,197379804,189555120,7824684,32,7312056,2500,19108
2026-03-17T04:04:33.335351,787867248,748832908,753973264,104,28121912,95908,77960,34359738367,491868,17108,6884,10224,108,195746820,187248008,8498812,52,7605720,69420,21976,197354368,192137852,5216516,0,4714716,452,17280,197386256,179891928,17494328,20,8489420,23536,19596,197379804,189555120,7824684,32,7312056,2500,19108
2026-03-17T04:04:34.336614,787867248,748832908,753973280,64,28121964,95908,77960,34359738367,491868,17108,6884,10224,108,195746820,187248008,8498812,44,7605772,69420,21976,197354368,192137852,5216516,0,4714716,452,17280,197386256,179891928,17494328,0,8489420,23536,19596,197379804,189555120,7824684,20,7312056,2500,19108
2026-03-17T04:04:35.337916,787867248,748832908,753973280,64,28122012,95908,77960,34359738367,491868,17108,6884,10224,108,195746820,187248008,8498812,44,7605820,69420,21976,197354368,192137852,5216516,0,4714716,452,17280,197386256,179891928,17494328,0,8489420,23536,19596,197379804,189555120,7824684,20,7312056,2500,19108
2026-03-17T04:04:36.339689,787867248,748832908,753973280,64,28122068,95908,77960,34359738367,491868,17108,6884,10224,108,195746820,187248008,8498812,44,7605876,69420,21976,197354368,192137852,5216516,0,4714716,452,17280,197386256,179891928,17494328,0,8489420,23536,19596,197379804,189555120,7824684,20,7312056,2500,19108
2026-03-17T04:04:37.341727,787867248,748832908,753973280,84,28122108,95908,77960,34359738367,491868,17108,6884,10224,108,195746820,187248008,8498812,60,7605916,69420,21976,197354368,192137852,5216516,0,4714716,452,17280,197386256,179891928,17494328,0,8489420,23536,19596,197379804,189555120,7824684,24,7312056,2500,19108
2026-03-17T04:04:38.345752,787867248,748832908,753973280,84,28122168,95908,77960,34359738367,491868,17108,6884,10224,108,195746820,187248008,8498812,60,7605976,69420,21976,197354368,192137852,5216516,0,4714716,452,17280,197386256,179891928,17494328,0,8489420,23536,19596,197379804,189555120,7824684,24,7312056,2500,19108
2026-03-17T04:04:39.347040,787867248,748832656,753973036,44,28122208,95908,77960,34359738367,491868,17108,6884,10224,108,195746820,187247756,8499064,20,7606016,69420,21976,197354368,192137852,5216516,0,4714716,452,17280,197386256,179891928,17494328,0,8489420,23536,19596,197379804,189555120,7824684,24,7312056,2500,19108
2026-03-17T04:04:40.348390,787867248,748832904,753973284,44,28122256,95908,77960,34359738367,491868,17108,6884,10224,108,195746820,187248004,8498816,20,7606064,69420,21976,197354368,192137852,5216516,0,4714716,452,17280,197386256,179891928,17494328,0,8489420,23536,19596,197379804,189555120,7824684,24,7312056,2500,19108
2026-03-17T04:04:41.349668,787867248,748832904,753973284,44,28122304,95908,77960,34359738367,491868,17108,6884,10224,108,195746820,187248004,8498816,20,7606112,69420,21976,197354368,192137852,5216516,0,4714716,452,17280,197386256,179891928,17494328,0,8489420,23536,19596,197379804,189555120,7824684,24,7312056,2500,19108
2026-03-17T04:04:42.351159,787867248,748832904,753973404,52,28122356,95908,77960,34359738367,491868,17108,6884,10224,108,195746820,187248004,8498816,20,7606164,69420,21976,197354368,192137852,5216516,0,4714716,452,17280,197386256,179891928,17494328,0,8489420,23536,19596,197379804,189555120,7824684,32,7312056,2500,19108
2026-03-17T04:04:43.352648,787867248,748832904,753973404,76,28122400,95908,77960,34359738367,491868,17108,6884,10224,108,195746820,187248004,8498816,32,7606208,69420,21976,197354368,192137852,5216516,0,4714716,452,17280,197386256,179891928,17494328,4,8489420,23536,19596,197379804,189555120,7824684,40,7312056,2500,19108
2026-03-17T04:04:44.353903,787867248,748832904,753973404,76,28122456,95908,77960,34359738367,491868,17108,6884,10224,108,195746820,187248004,8498816,32,7606264,69420,21976,197354368,192137852,5216516,0,4714716,452,17280,197386256,179891928,17494328,4,8489420,23536,19596,197379804,189555120,7824684,40,7312056,2500,19108
2026-03-17T04:04:45.355577,787867248,748832904,753973404,76,28122504,95908,77960,34359738367,491868,17108,6884,10224,108,195746820,187248004,8498816,32,7606312,69420,21976,197354368,192137852,5216516,0,4714716,452,17280,197386256,179891928,17494328,4,8489420,23536,19596,197379804,189555120,7824684,40,7312056,2500,19108
2026-03-17T04:04:46.357047,787867248,748832904,753973404,76,28122560,95908,77960,34359738367,491868,17108,6884,10224,108,195746820,187248004,8498816,32,7606368,69420,21976,197354368,192137852,5216516,0,4714716,452,17280,197386256,179891928,17494328,4,8489420,23536,19596,197379804,189555120,7824684,40,7312056,2500,19108
2026-03-17T04:04:47.358704,787867248,748832904,753973404,76,28122616,95908,77960,34359738367,491868,17108,6884,10224,108,195746820,187248004,8498816,32,7606424,69420,21976,197354368,192137852,5216516,0,4714716,452,17280,197386256,179891928,17494328,4,8489420,23536,19596,197379804,189555120,7824684,40,7312056,2500,19108
2026-03-17T04:04:48.362546,787867248,748832904,753973404,76,28122656,95908,77960,34359738367,491868,17108,6884,10224,108,195746820,187248004,8498816,32,7606464,69420,21976,197354368,192137852,5216516,0,4714716,452,17280,197386256,179891928,17494328,4,8489420,23536,19596,197379804,189555120,7824684,40,7312056,2500,19108
2026-03-17T04:04:49.363807,787867248,748832904,753973420,48,28122712,95908,77960,34359738367,491868,17108,6884,10224,108,195746820,187248004,8498816,32,7606520,69420,21976,197354368,192137852,5216516,0,4714716,452,17280,197386256,179891928,17494328,4,8489420,23536,19596,197379804,189555120,7824684,12,7312056,2500,19108
2026-03-17T04:04:50.365037,787867248,748832904,753973420,56,28122752,95908,77960,34359738367,491868,17108,6884,10224,108,195746820,187248004,8498816,40,7606560,69420,21976,197354368,192137852,5216516,0,4714716,452,17280,197386256,179891928,17494328,4,8489420,23536,19596,197379804,189555120,7824684,12,7312056,2500,19108
2026-03-17T04:04:51.366715,787867248,748832652,753973168,60,28122808,95908,77960,34359738367,491868,17108,6884,10224,108,195746820,187247752,8499068,44,7606616,69420,21976,197354368,192137852,5216516,0,4714716,452,17280,197386256,179891928,17494328,4,8489420,23536,19596,197379804,189555120,7824684,12,7312056,2500,19108
2026-03-17T04:04:52.368666,787867248,748832900,753973416,60,28122860,95908,77960,34359738367,491868,17108,6884,10224,108,195746820,187248000,8498820,44,7606668,69420,21976,197354368,192137852,5216516,0,4714716,452,17280,197386256,179891928,17494328,4,8489420,23536,19596,197379804,189555120,7824684,12,7312056,2500,19108
2026-03-17T04:04:53.369908,787867248,748828868,753969384,60,28122912,95908,77960,34359738367,491868,17108,6884,10224,108,195746820,187243968,8502852,44,7606720,69420,21976,197354368,192137852,5216516,0,4714716,452,17280,197386256,179891928,17494328,4,8489420,23536,19596,197379804,189555120,7824684,12,7312056,2500,19108
2026-03-17T04:04:54.371877,787867248,748828868,753969384,64,28122960,95908,77960,34359738367,491868,17108,6884,10224,108,195746820,187243968,8502852,28,7606768,69420,21976,197354368,192137852,5216516,0,4714716,452,17280,197386256,179891928,17494328,16,8489420,23536,19596,197379804,189555120,7824684,20,7312056,2500,19108
2026-03-17T04:04:55.373113,787867248,748828868,753969384,80,28123008,95908,77960,34359738367,491868,17108,6884,10224,108,195746820,187243968,8502852,32,7606816,69420,21976,197354368,192137852,5216516,0,4714716,452,17280,197386256,179891928,17494328,16,8489420,23536,19596,197379804,189555120,7824684,32,7312056,2500,19108
2026-03-17T04:04:56.374368,787867248,748829148,753969664,80,28123056,95908,77960,34359738367,491868,17108,6884,10224,108,195746820,187244248,8502572,32,7606864,69420,21976,197354368,192137852,5216516,0,4714716,452,17280,197386256,179891928,17494328,16,8489420,23536,19596,197379804,189555120,7824684,32,7312056,2500,19108
2026-03-17T04:04:57.378700,787867248,748829516,753970032,88,28123112,95908,77960,34359738367,491868,17108,6884,10224,108,195746820,187244616,8502204,40,7606920,69420,21976,197354368,192137852,5216516,0,4714716,452,17280,197386256,179891928,17494328,16,8489420,23536,19596,197379804,189555120,7824684,32,7312056,2500,19108
2026-03-17T04:04:58.379965,787867248,748829516,753970032,88,28123168,95908,77960,34359738367,491868,17108,6884,10224,108,195746820,187244616,8502204,40,7606976,69420,21976,197354368,192137852,5216516,0,4714716,452,17280,197386256,179891928,17494328,16,8489420,23536,19596,197379804,189555120,7824684,32,7312056,2500,19108
2026-03-17T04:04:59.381201,787867248,748829516,753970032,88,28123216,95908,77960,34359738367,491868,17108,6884,10224,108,195746820,187244616,8502204,40,7607024,69420,21976,197354368,192137852,5216516,0,4714716,452,17280,197386256,179891928,17494328,16,8489420,23536,19596,197379804,189555120,7824684,32,7312056,2500,19108
2026-03-17T04:05:00.382525,787867248,748829516,753970032,92,28123268,95908,77960,34359738367,491868,17108,6884,10224,108,195746820,187244616,8502204,40,7607076,69420,21976,197354368,192137852,5216516,0,4714716,452,17280,197386256,179891928,17494328,20,8489420,23536,19596,197379804,189555120,7824684,32,7312056,2500,19108
2026-03-17T04:05:01.386503,787867248,748829012,753969528,92,28123320,95908,77960,34359738367,491852,17108,6884,10224,108,195746820,187244112,8502708,40,7607128,69420,21976,197354368,192137852,5216516,0,4714716,452,17280,197386256,179891928,17494328,20,8489420,23536,19596,197379804,189555120,7824684,32,7312056,2500,19108
2026-03-17T04:05:02.387782,787867248,748827988,753968504,264,28123372,95912,77960,34359738367,491852,17108,6884,10224,108,195746820,187243844,8502976,192,7607180,69420,21976,197354368,192137600,5216768,12,4714716,456,17280,197386256,179891676,17494580,28,8489420,23536,19596,197379804,189554868,7824936,32,7312056,2500,19108
2026-03-17T04:05:03.388999,787867248,748828184,753968700,264,28123428,95912,77960,34359738367,491852,17108,6884,10224,108,195746820,187244020,8502800,192,7607236,69420,21976,197354368,192137600,5216768,12,4714716,456,17280,197386256,179891696,17494560,28,8489420,23536,19596,197379804,189554868,7824936,32,7312056,2500,19108
2026-03-17T04:05:04.390283,787867248,748827932,753968448,276,28123480,95912,77960,34359738367,491852,17108,6884,10224,108,195746820,187243768,8503052,196,7607288,69420,21976,197354368,192137600,5216768,20,4714716,456,17280,197386256,179891696,17494560,28,8489420,23536,19596,197379804,189554868,7824936,32,7312056,2500,19108
2026-03-17T04:05:05.394706,787867248,748828312,753968828,292,28123532,95912,77960,34359738367,491852,17108,6884,10224,108,195746820,187244088,8502732,196,7607340,69420,21976,197354368,192137660,5216708,20,4714716,456,17280,197386256,179891696,17494560,36,8489420,23536,19596,197379804,189554868,7824936,40,7312056,2500,19108
2026-03-17T04:05:06.395953,787867248,748828312,753968828,292,28123580,95912,77960,34359738367,491852,17108,6884,10224,108,195746820,187244088,8502732,196,7607388,69420,21976,197354368,192137660,5216708,20,4714716,456,17280,197386256,179891696,17494560,36,8489420,23536,19596,197379804,189554868,7824936,40,7312056,2500,19108
2026-03-17T04:05:07.397379,787867248,748828312,753968828,304,28123640,95912,77960,34359738367,491852,17108,6884,10224,108,195746820,187244088,8502732,200,7607448,69420,21976,197354368,192137660,5216708,20,4714716,456,17280,197386256,179891696,17494560,36,8489420,23536,19596,197379804,189554868,7824936,48,7312056,2500,19108
2026-03-17T04:05:08.398715,787867248,748828312,753968852,300,28123688,95912,77960,34359738367,491852,17108,6884,10224,108,195746820,187244088,8502732,200,7607496,69420,21976,197354368,192137660,5216708,20,4714716,456,17280,197386256,179891696,17494560,36,8489420,23536,19596,197379804,189554868,7824936,44,7312056,2500,19108
2026-03-17T04:05:09.400191,787867248,748828312,753968852,300,28123744,95912,77960,34359738367,491852,17108,6884,10224,108,195746820,187244088,8502732,200,7607552,69420,21976,197354368,192137660,5216708,20,4714716,456,17280,197386256,179891696,17494560,36,8489420,23536,19596,197379804,189554868,7824936,44,7312056,2500,19108
2026-03-17T04:05:10.401449,787867248,748828312,753968876,244,28123804,95912,77960,34359738367,491852,17108,6884,10224,108,195746820,187244088,8502732,192,7607612,69420,21976,197354368,192137660,5216708,20,4714716,456,17280,197386256,179891696,17494560,8,8489420,23536,19596,197379804,189554868,7824936,24,7312056,2500,19108
2026-03-17T04:05:11.402707,787867248,748828312,753968876,260,28123852,95912,77960,34359738367,491852,17108,6884,10224,108,195746820,187244088,8502732,208,7607660,69420,21976,197354368,192137660,5216708,20,4714716,456,17280,197386256,179891696,17494560,8,8489420,23536,19596,197379804,189554868,7824936,24,7312056,2500,19108
2026-03-17T04:05:12.406726,787867248,748828312,753968876,260,28123908,95912,77960,34359738367,491852,17108,6884,10224,108,195746820,187244088,8502732,208,7607716,69420,21976,197354368,192137660,5216708,20,4714716,456,17280,197386256,179891696,17494560,8,8489420,23536,19596,197379804,189554868,7824936,24,7312056,2500,19108
2026-03-17T04:05:13.407948,787867248,748828312,753968876,260,28123960,95912,77960,34359738367,491852,17108,6884,10224,108,195746820,187244088,8502732,208,7607768,69420,21976,197354368,192137660,5216708,20,4714716,456,17280,197386256,179891696,17494560,8,8489420,23536,19596,197379804,189554868,7824936,24,7312056,2500,19108
2026-03-17T04:05:14.409309,787867248,748828312,753968876,248,28124000,95912,77960,34359738367,491852,17108,6884,10224,108,195746820,187244088,8502732,200,7607808,69420,21976,197354368,192137660,5216708,20,4714716,456,17280,197386256,179891696,17494560,8,8489420,23536,19596,197379804,189554868,7824936,20,7312056,2500,19108
2026-03-17T04:05:15.410776,787867248,748828312,753968884,204,28124048,95912,77960,34359738367,491852,17108,6884,10224,108,195746820,187244088,8502732,164,7607856,69420,21976,197354368,192137660,5216708,12,4714716,456,17280,197386256,179891696,17494560,8,8489420,23536,19596,197379804,189554868,7824936,20,7312056,2500,19108
2026-03-17T04:05:16.412977,787867248,748828312,753968884,204,28124104,95912,77960,34359738367,491852,17108,6884,10224,108,195746820,187244088,8502732,164,7607912,69420,21976,197354368,192137660,5216708,12,4714716,456,17280,197386256,179891696,17494560,8,8489420,23536,19596,197379804,189554868,7824936,20,7312056,2500,19108
2026-03-17T04:05:17.414287,787867248,748828060,753968632,216,28124152,95912,77960,34359738367,491852,17108,6884,10224,108,195746820,187243836,8502984,168,7607960,69420,21976,197354368,192137660,5216708,12,4714716,456,17280,197386256,179891696,17494560,12,8489420,23536,19596,197379804,189554868,7824936,24,7312056,2500,19108
2026-03-17T04:05:18.418725,787867248,748828308,753968880,228,28124208,95912,77960,34359738367,491852,17108,6884,10224,108,195746820,187244084,8502736,180,7608016,69420,21976,197354368,192137660,5216708,12,4714716,456,17280,197386256,179891696,17494560,12,8489420,23536,19596,197379804,189554868,7824936,24,7312056,2500,19108
2026-03-17T04:05:19.420017,787867248,748828308,753968880,228,28124268,95912,77960,34359738367,491852,17108,6884,10224,108,195746820,187244084,8502736,180,7608076,69420,21976,197354368,192137660,5216708,12,4714716,456,17280,197386256,179891696,17494560,12,8489420,23536,19596,197379804,189554868,7824936,24,7312056,2500,19108
2026-03-17T04:05:20.421351,787867248,748828308,753968880,236,28124308,95912,77960,34359738367,491852,17108,6884,10224,108,195746820,187244084,8502736,180,7608116,69420,21976,197354368,192137660,5216708,12,4714716,456,17280,197386256,179891696,17494560,12,8489420,23536,19596,197379804,189554868,7824936,32,7312056,2500,19108
2026-03-17T04:05:21.422711,787867248,748828308,753968880,236,28124364,95912,77960,34359738367,491852,17108,6884,10224,108,195746820,187244084,8502736,180,7608172,69420,21976,197354368,192137660,5216708,12,4714716,456,17280,197386256,179891696,17494560,12,8489420,23536,19596,197379804,189554868,7824936,32,7312056,2500,19108
2026-03-17T04:05:22.426074,787867248,748828308,753968880,236,28124412,95912,77960,34359738367,491852,17108,6884,10224,108,195746820,187244084,8502736,180,7608220,69420,21976,197354368,192137660,5216708,12,4714716,456,17280,197386256,179891696,17494560,12,8489420,23536,19596,197379804,189554868,7824936,32,7312056,2500,19108
2026-03-17T04:05:23.427405,787867248,748828308,753968880,236,28124468,95912,77960,34359738367,491852,17108,6884,10224,108,195746820,187244084,8502736,180,7608276,69420,21976,197354368,192137660,5216708,12,4714716,456,17280,197386256,179891696,17494560,12,8489420,23536,19596,197379804,189554868,7824936,32,7312056,2500,19108
2026-03-17T04:05:24.428728,787867248,748828308,753968880,236,28124512,95912,77960,34359738367,491852,17108,6884,10224,108,195746820,187244084,8502736,180,7608320,69420,21976,197354368,192137660,5216708,12,4714716,456,17280,197386256,179891696,17494560,12,8489420,23536,19596,197379804,189554868,7824936,32,7312056,2500,19108
2026-03-17T04:05:25.429967,787867248,748828308,753968880,244,28124552,95912,77960,34359738367,491852,17108,6884,10224,108,195746820,187244084,8502736,188,7608360,69420,21976,197354368,192137660,5216708,12,4714716,456,17280,197386256,179891696,17494560,12,8489420,23536,19596,197379804,189554868,7824936,32,7312056,2500,19108
2026-03-17T04:05:26.431487,787867248,748828308,753968880,244,28124612,95912,77960,34359738367,491852,17108,6884,10224,108,195746820,187244084,8502736,188,7608420,69420,21976,197354368,192137660,5216708,12,4714716,456,17280,197386256,179891696,17494560,12,8489420,23536,19596,197379804,189554868,7824936,32,7312056,2500,19108
2026-03-17T04:05:27.432727,787867248,748828308,753968880,244,28124660,95912,77960,34359738367,491852,17108,6884,10224,108,195746820,187244084,8502736,188,7608468,69420,21976,197354368,192137660,5216708,12,4714716,456,17280,197386256,179891696,17494560,12,8489420,23536,19596,197379804,189554868,7824936,32,7312056,2500,19108
2026-03-17T04:05:28.433999,787867248,748828308,753968880,244,28124716,95912,77960,34359738367,491852,17108,6884,10224,108,195746820,187244084,8502736,188,7608524,69420,21976,197354368,192137660,5216708,12,4714716,456,17280,197386256,179891696,17494560,12,8489420,23536,19596,197379804,189554868,7824936,32,7312056,2500,19108
2026-03-17T04:05:29.438702,787867248,748828308,753968880,248,28124768,95912,77960,34359738367,491852,17108,6884,10224,108,195746820,187244084,8502736,192,7608576,69420,21976,197354368,192137660,5216708,12,4714716,456,17280,197386256,179891696,17494560,12,8489420,23536,19596,197379804,189554868,7824936,32,7312056,2500,19108
2026-03-17T04:05:30.439925,787867248,748828308,753968904,208,28124824,95912,77960,34359738367,491852,17108,6884,10224,108,195746820,187244084,8502736,180,7608632,69420,21976,197354368,192137660,5216708,12,4714716,456,17280,197386256,179891696,17494560,12,8489420,23536,19596,197379804,189554868,7824936,4,7312056,2500,19108
2026-03-17T04:05:31.441250,787867248,748827980,753968576,216,28124880,95912,77960,34359738367,491852,17108,6884,10224,108,195746820,187243756,8503064,188,7608688,69420,21976,197354368,192137660,5216708,12,4714716,456,17280,197386256,179891696,17494560,12,8489420,23536,19596,197379804,189554868,7824936,4,7312056,2500,19108
2026-03-17T04:05:32.442568,787867248,748828228,753968824,216,28124936,95912,77960,34359738367,491852,17108,6884,10224,108,195746820,187244004,8502816,188,7608744,69420,21976,197354368,192137660,5216708,12,4714716,456,17280,197386256,179891696,17494560,12,8489420,23536,19596,197379804,189554868,7824936,4,7312056,2500,19108
2026-03-17T04:05:33.445770,787867248,748828228,753968824,228,28124988,95912,77960,34359738367,491852,17108,6884,10224,108,195746820,187244004,8502816,188,7608796,69420,21976,197354368,192137660,5216708,12,4714716,456,17280,197386256,179891696,17494560,12,8489420,23536,19596,197379804,189554868,7824936,16,7312056,2500,19108
2026-03-17T04:05:34.447052,787867248,748828228,753968824,228,28125032,95912,77960,34359738367,491852,17108,6884,10224,108,195746820,187244004,8502816,188,7608840,69420,21976,197354368,192137660,5216708,12,4714716,456,17280,197386256,179891696,17494560,12,8489420,23536,19596,197379804,189554868,7824936,16,7312056,2500,19108
2026-03-17T04:05:35.449640,787867248,748828228,753968824,84,28125088,95912,77960,34359738367,491852,17108,6884,10224,108,195746820,187244004,8502816,40,7608896,69420,21976,197354368,192137660,5216708,0,4714716,456,17280,197386256,179891696,17494560,20,8489420,23536,19596,197379804,189554868,7824936,24,7312056,2500,19108
2026-03-17T04:05:36.450928,787867248,748828228,753968824,84,28125140,95912,77960,34359738367,491852,17108,6884,10224,108,195746820,187244004,8502816,40,7608948,69420,21976,197354368,192137660,5216708,0,4714716,456,17280,197386256,179891696,17494560,20,8489420,23536,19596,197379804,189554868,7824936,24,7312056,2500,19108
2026-03-17T04:05:37.454330,787867248,748828228,753968824,84,28125200,95912,77960,34359738367,491852,17108,6884,10224,108,195746820,187244004,8502816,40,7609008,69420,21976,197354368,192137660,5216708,0,4714716,456,17280,197386256,179891696,17494560,20,8489420,23536,19596,197379804,189554868,7824936,24,7312056,2500,19108
2026-03-17T04:05:38.455629,787867248,748828228,753968824,92,28125256,95912,77960,34359738367,491852,17108,6884,10224,108,195746820,187244004,8502816,48,7609064,69420,21976,197354368,192137660,5216708,0,4714716,456,17280,197386256,179891696,17494560,20,8489420,23536,19596,197379804,189554868,7824936,24,7312056,2500,19108
2026-03-17T04:05:39.458714,787867248,748828228,753968824,92,28125308,95912,77960,34359738367,491852,17108,6884,10224,108,195746820,187244004,8502816,48,7609116,69420,21976,197354368,192137660,5216708,0,4714716,456,17280,197386256,179891696,17494560,20,8489420,23536,19596,197379804,189554868,7824936,24,7312056,2500,19108
2026-03-17T04:05:40.459999,787867248,748828228,753968824,100,28125368,95912,77960,34359738367,491852,17108,6884,10224,108,195746820,187244004,8502816,52,7609176,69420,21976,197354368,192137660,5216708,0,4714716,456,17280,197386256,179891696,17494560,20,8489420,23536,19596,197379804,189554868,7824936,28,7312056,2500,19108
2026-03-17T04:05:41.461720,787867248,748828228,753968824,100,28125416,95912,77960,34359738367,491852,17108,6884,10224,108,195746820,187244004,8502816,52,7609224,69420,21976,197354368,192137660,5216708,0,4714716,456,17280,197386256,179891696,17494560,20,8489420,23536,19596,197379804,189554868,7824936,28,7312056,2500,19108
2026-03-17T04:05:42.463565,787867248,748828228,753968824,104,28125472,95912,77960,34359738367,491852,17108,6884,10224,108,195746820,187244004,8502816,56,7609280,69420,21976,197354368,192137660,5216708,0,4714716,456,17280,197386256,179891696,17494560,20,8489420,23536,19596,197379804,189554868,7824936,28,7312056,2500,19108
2026-03-17T04:05:43.465283,787867248,748828228,753968824,104,28125512,95912,77960,34359738367,491852,17108,6884,10224,108,195746820,187244004,8502816,56,7609320,69420,21976,197354368,192137660,5216708,0,4714716,456,17280,197386256,179891696,17494560,20,8489420,23536,19596,197379804,189554868,7824936,28,7312056,2500,19108
2026-03-17T04:05:44.466520,787867248,748828228,753968824,104,28125572,95912,77960,34359738367,491852,17108,6884,10224,108,195746820,187244004,8502816,56,7609380,69420,21976,197354368,192137660,5216708,0,4714716,456,17280,197386256,179891696,17494560,20,8489420,23536,19596,197379804,189554868,7824936,28,7312056,2500,19108
2026-03-17T04:05:45.470308,787867248,748828228,753968824,112,28125616,95912,77960,34359738367,491852,17108,6884,10224,108,195746820,187244004,8502816,64,7609424,69420,21976,197354368,192137660,5216708,0,4714716,456,17280,197386256,179891696,17494560,20,8489420,23536,19596,197379804,189554868,7824936,28,7312056,2500,19108
2026-03-17T04:05:46.471584,787867248,748828228,753968840,84,28125668,95912,77960,34359738367,491852,17108,6884,10224,108,195746820,187244004,8502816,64,7609476,69420,21976,197354368,192137660,5216708,0,4714716,456,17280,197386256,179891696,17494560,0,8489420,23536,19596,197379804,189554868,7824936,20,7312056,2500,19108
2026-03-17T04:05:47.472851,787867248,748828228,753968840,84,28125720,95912,77960,34359738367,491852,17108,6884,10224,108,195746820,187244004,8502816,64,7609528,69420,21976,197354368,192137660,5216708,0,4714716,456,17280,197386256,179891696,17494560,0,8489420,23536,19596,197379804,189554868,7824936,20,7312056,2500,19108
2026-03-17T04:05:48.474572,787867248,748828228,753968840,84,28125764,95912,77960,34359738367,491852,17108,6884,10224,108,195746820,187244004,8502816,64,7609572,69420,21976,197354368,192137660,5216708,0,4714716,456,17280,197386256,179891696,17494560,0,8489420,23536,19596,197379804,189554868,7824936,20,7312056,2500,19108
2026-03-17T04:05:49.476087,787867248,748828228,753968840,84,28125820,95912,77960,34359738367,491852,17108,6884,10224,108,195746820,187244004,8502816,64,7609628,69420,21976,197354368,192137660,5216708,0,4714716,456,17280,197386256,179891696,17494560,0,8489420,23536,19596,197379804,189554868,7824936,20,7312056,2500,19108
2026-03-17T04:05:50.477367,787867248,748828228,753968840,84,28125868,95912,77960,34359738367,491852,17108,6884,10224,108,195746820,187244004,8502816,64,7609676,69420,21976,197354368,192137660,5216708,0,4714716,456,17280,197386256,179891696,17494560,0,8489420,23536,19596,197379804,189554868,7824936,20,7312056,2500,19108
2026-03-17T04:05:51.478706,787867248,748828228,753968848,40,28125924,95912,77960,34359738367,491852,17108,6884,10224,108,195746820,187244004,8502816,20,7609732,69420,21976,197354368,192137660,5216708,0,4714716,456,17280,197386256,179891696,17494560,0,8489420,23536,19596,197379804,189554868,7824936,20,7312056,2500,19108
2026-03-17T04:05:52.480273,787867248,748828228,753968848,60,28125968,95912,77960,34359738367,491852,17108,6884,10224,108,195746820,187244004,8502816,32,7609776,69420,21976,197354368,192137660,5216708,0,4714716,456,17280,197386256,179891696,17494560,4,8489420,23536,19596,197379804,189554868,7824936,24,7312056,2500,19108
2026-03-17T04:05:53.481507,787867248,748828228,753968848,60,28126044,95912,77960,34359738367,491852,17108,6884,10224,108,195746820,187244004,8502816,32,7609852,69420,21976,197354368,192137660,5216708,0,4714716,456,17280,197386256,179891696,17494560,4,8489420,23536,19596,197379804,189554868,7824936,24,7312056,2500,19108
2026-03-17T04:05:54.482924,787867248,748828228,753968848,60,28126092,95912,77960,34359738367,491852,17108,6884,10224,108,195746820,187244004,8502816,32,7609900,69420,21976,197354368,192137660,5216708,0,4714716,456,17280,197386256,179891696,17494560,4,8489420,23536,19596,197379804,189554868,7824936,24,7312056,2500,19108
2026-03-17T04:05:55.486706,787867248,748828228,753968848,64,28126140,95912,77960,34359738367,491852,17108,6884,10224,108,195746820,187244004,8502816,36,7609948,69420,21976,197354368,192137660,5216708,0,4714716,456,17280,197386256,179891696,17494560,4,8489420,23536,19596,197379804,189554868,7824936,24,7312056,2500,19108
2026-03-17T04:05:56.487963,787867248,748828228,753968848,64,28126180,95912,77960,34359738367,491852,17108,6884,10224,108,195746820,187244004,8502816,36,7609988,69420,21976,197354368,192137660,5216708,0,4714716,456,17280,197386256,179891696,17494560,4,8489420,23536,19596,197379804,189554868,7824936,24,7312056,2500,19108
2026-03-17T04:05:57.489280,787867248,748828228,753968848,64,28126236,95912,77960,34359738367,491852,17108,6884,10224,108,195746820,187244004,8502816,36,7610044,69420,21976,197354368,192137660,5216708,0,4714716,456,17280,197386256,179891696,17494560,4,8489420,23536,19596,197379804,189554868,7824936,24,7312056,2500,19108
2026-03-17T04:05:58.490591,787867248,748820164,753960784,64,28126284,95912,77960,34359738367,491852,17108,6884,10224,108,195746820,187235940,8510880,36,7610092,69420,21976,197354368,192137660,5216708,0,4714716,456,17280,197386256,179891696,17494560,4,8489420,23536,19596,197379804,189554868,7824936,24,7312056,2500,19108
2026-03-17T04:05:59.492036,787867248,748820164,753960888,80,28126320,95912,77960,34359738367,491852,17108,6884,10224,108,195746820,187235940,8510880,44,7610128,69420,21976,197354368,192137660,5216708,0,4714716,456,17280,197386256,179891696,17494560,4,8489420,23536,19596,197379804,189554868,7824936,32,7312056,2500,19108
2026-03-17T04:06:00.494712,787867248,748820164,753960888,80,28126380,95912,77960,34359738367,491852,17108,6884,10224,108,195746820,187235940,8510880,44,7610188,69420,21976,197354368,192137660,5216708,0,4714716,456,17280,197386256,179891696,17494560,4,8489420,23536,19596,197379804,189554868,7824936,32,7312056,2500,19108
2026-03-17T04:06:01.495973,787867248,748821380,753962120,72,28126428,95912,77960,34359738367,491852,17108,6884,10224,108,195746820,187237156,8509664,36,7610236,69420,21976,197354368,192137660,5216708,0,4714716,456,17280,197386256,179891696,17494560,4,8489420,23536,19596,197379804,189554868,7824936,32,7312056,2500,19108
2026-03-17T04:06:02.497250,787867248,748822768,753963508,72,28126484,95912,77960,34359738367,491852,17108,6884,10224,108,195746820,187238544,8508276,36,7610292,69420,21976,197354368,192137660,5216708,0,4714716,456,17280,197386256,179891696,17494560,4,8489420,23536,19596,197379804,189554868,7824936,32,7312056,2500,19108
2026-03-17T04:06:03.498697,787867248,748823968,753964708,72,28126532,95912,77960,34359738367,491852,17108,6884,10224,108,195746820,187239744,8507076,36,7610340,69420,21976,197354368,192137660,5216708,0,4714716,456,17280,197386256,179891696,17494560,4,8489420,23536,19596,197379804,189554868,7824936,32,7312056,2500,19108
2026-03-17T04:06:04.500484,787867248,748824512,753965252,84,28126592,95912,77960,34359738367,491852,17108,6884,10224,108,195746820,187240288,8506532,36,7610400,69420,21976,197354368,192137660,5216708,0,4714716,456,17280,197386256,179891696,17494560,12,8489420,23536,19596,197379804,189554868,7824936,36,7312056,2500,19108
2026-03-17T04:06:05.502720,787867248,748824712,753965452,84,28126636,95912,77960,34359738367,491852,17108,6884,10224,108,195746820,187240488,8506332,36,7610444,69420,21976,197354368,192137660,5216708,0,4714716,456,17280,197386256,179891696,17494560,12,8489420,23536,19596,197379804,189554868,7824936,36,7312056,2500,19108
2026-03-17T04:06:06.504778,787867248,748824712,753965460,64,28126692,95912,77960,34359738367,491852,17108,6884,10224,108,195746820,187240488,8506332,44,7610500,69420,21976,197354368,192137660,5216708,0,4714716,456,17280,197386256,179891696,17494560,12,8489420,23536,19596,197379804,189554868,7824936,8,7312056,2500,19108
2026-03-17T04:06:07.506643,787867248,748824712,753965460,68,28126748,95912,77960,34359738367,491852,17108,6884,10224,108,195746820,187240488,8506332,48,7610556,69420,21976,197354368,192137660,5216708,0,4714716,456,17280,197386256,179891696,17494560,12,8489420,23536,19596,197379804,189554868,7824936,8,7312056,2500,19108
2026-03-17T04:06:08.510710,787867248,748824712,753965460,68,28126796,95912,77960,34359738367,491852,17108,6884,10224,108,195746820,187240488,8506332,48,7610604,69420,21976,197354368,192137660,5216708,0,4714716,456,17280,197386256,179891696,17494560,12,8489420,23536,19596,197379804,189554868,7824936,8,7312056,2500,19108
2026-03-17T04:06:09.511949,787867248,748824712,753965460,68,28126856,95912,77960,34359738367,491852,17108,6884,10224,108,195746820,187240488,8506332,48,7610664,69420,21976,197354368,192137660,5216708,0,4714716,456,17280,197386256,179891696,17494560,12,8489420,23536,19596,197379804,189554868,7824936,8,7312056,2500,19108
2026-03-17T04:06:10.513292,787867248,748824712,753965460,80,28126904,95912,77960,34359738367,491852,17108,6884,10224,108,195746820,187240488,8506332,48,7610712,69420,21976,197354368,192137660,5216708,0,4714716,456,17280,197386256,179891696,17494560,20,8489420,23536,19596,197379804,189554868,7824936,12,7312056,2500,19108
2026-03-17T04:06:11.514564,787867248,748824712,753965468,88,28126956,95912,77960,34359738367,491852,17108,6884,10224,108,195746820,187240488,8506332,44,7610764,69420,21976,197354368,192137660,5216708,0,4714716,456,17280,197386256,179891696,17494560,20,8489420,23536,19596,197379804,189554868,7824936,24,7312056,2500,19108
2026-03-17T04:06:12.516909,787867248,748824712,753965468,88,28127000,95912,77960,34359738367,491852,17108,6884,10224,108,195746820,187240488,8506332,44,7610808,69420,21976,197354368,192137660,5216708,0,4714716,456,17280,197386256,179891696,17494560,20,8489420,23536,19596,197379804,189554868,7824936,24,7312056,2500,19108
2026-03-17T04:06:13.518702,787867248,748824712,753965468,96,28127048,95912,77960,34359738367,491852,17108,6884,10224,108,195746820,187240488,8506332,52,7610856,69420,21976,197354368,192137660,5216708,0,4714716,456,17280,197386256,179891696,17494560,20,8489420,23536,19596,197379804,189554868,7824936,24,7312056,2500,19108
2026-03-17T04:06:14.520871,787867248,748824712,753965468,96,28127096,95912,77960,34359738367,491852,17108,6884,10224,108,195746820,187240488,8506332,52,7610904,69420,21976,197354368,192137660,5216708,0,4714716,456,17280,197386256,179891696,17494560,20,8489420,23536,19596,197379804,189554868,7824936,24,7312056,2500,19108
2026-03-17T04:06:15.522117,787867248,748824712,753965468,96,28127148,95912,77960,34359738367,491852,17108,6884,10224,108,195746820,187240488,8506332,52,7610956,69420,21976,197354368,192137660,5216708,0,4714716,456,17280,197386256,179891696,17494560,20,8489420,23536,19596,197379804,189554868,7824936,24,7312056,2500,19108
2026-03-17T04:06:16.526706,787867248,748824712,753965468,96,28127196,95912,77960,34359738367,491852,17108,6884,10224,108,195746820,187240488,8506332,52,7611004,69420,21976,197354368,192137660,5216708,0,4714716,456,17280,197386256,179891696,17494560,20,8489420,23536,19596,197379804,189554868,7824936,24,7312056,2500,19108
2026-03-17T04:06:17.527975,787867248,748824712,753965468,96,28127244,95912,77960,34359738367,491852,17108,6884,10224,108,195746820,187240488,8506332,52,7611052,69420,21976,197354368,192137660,5216708,0,4714716,456,17280,197386256,179891696,17494560,20,8489420,23536,19596,197379804,189554868,7824936,24,7312056,2500,19108
2026-03-17T04:06:18.529241,787867248,748824712,753965468,96,28127284,95912,77960,34359738367,491852,17108,6884,10224,108,195746820,187240488,8506332,52,7611092,69420,21976,197354368,192137660,5216708,0,4714716,456,17280,197386256,179891696,17494560,20,8489420,23536,19596,197379804,189554868,7824936,24,7312056,2500,19108
2026-03-17T04:06:19.530553,787867248,748824712,753965468,104,28127336,95912,77960,34359738367,491852,17108,6884,10224,108,195746820,187240488,8506332,60,7611144,69420,21976,197354368,192137660,5216708,0,4714716,456,17280,197386256,179891696,17494560,20,8489420,23536,19596,197379804,189554868,7824936,24,7312056,2500,19108
2026-03-17T04:06:20.534717,787867248,748824712,753965468,108,28127396,95912,77960,34359738367,491852,17108,6884,10224,108,195746820,187240488,8506332,64,7611204,69420,21976,197354368,192137660,5216708,0,4714716,456,17280,197386256,179891696,17494560,20,8489420,23536,19596,197379804,189554868,7824936,24,7312056,2500,19108
2026-03-17T04:06:21.536021,787867248,748824712,753965484,68,28127436,95912,77960,34359738367,491852,17108,6884,10224,108,195746820,187240488,8506332,56,7611244,69420,21976,197354368,192137660,5216708,0,4714716,456,17280,197386256,179891696,17494560,0,8489420,23536,19596,197379804,189554868,7824936,12,7312056,2500,19108
2026-03-17T04:06:22.537274,787867248,748824712,753965484,76,28127488,95912,77960,34359738367,491852,17108,6884,10224,108,195746820,187240488,8506332,64,7611296,69420,21976,197354368,192137660,5216708,0,4714716,456,17280,197386256,179891696,17494560,0,8489420,23536,19596,197379804,189554868,7824936,12,7312056,2500,19108
2026-03-17T04:06:23.538636,787867248,748824712,753965484,76,28127536,95912,77960,34359738367,491852,17108,6884,10224,108,195746820,187240488,8506332,64,7611344,69420,21976,197354368,192137660,5216708,0,4714716,456,17280,197386256,179891696,17494560,0,8489420,23536,19596,197379804,189554868,7824936,12,7312056,2500,19108
2026-03-17T04:06:24.542711,787867248,748824712,753965484,84,28127592,95912,77960,34359738367,491852,17108,6884,10224,108,195746820,187240488,8506332,64,7611400,69420,21976,197354368,192137660,5216708,0,4714716,456,17280,197386256,179891696,17494560,0,8489420,23536,19596,197379804,189554868,7824936,20,7312056,2500,19108
2026-03-17T04:06:25.544001,787867248,748824712,753965484,84,28127648,95912,77960,34359738367,491852,17108,6884,10224,108,195746820,187240488,8506332,64,7611456,69420,21976,197354368,192137660,5216708,0,4714716,456,17280,197386256,179891696,17494560,0,8489420,23536,19596,197379804,189554868,7824936,20,7312056,2500,19108
2026-03-17T04:06:26.545256,787867248,748824384,753965156,92,28127696,95912,77960,34359738367,491852,17108,6884,10224,108,195746820,187240160,8506660,72,7611504,69420,21976,197354368,192137660,5216708,0,4714716,456,17280,197386256,179891696,17494560,0,8489420,23536,19596,197379804,189554868,7824936,20,7312056,2500,19108
2026-03-17T04:06:27.546542,787867248,748824628,753965408,40,28127752,95912,77960,34359738367,491852,17108,6884,10224,108,195746820,187240404,8506416,20,7611560,69420,21976,197354368,192137660,5216708,0,4714716,456,17280,197386256,179891696,17494560,0,8489420,23536,19596,197379804,189554868,7824936,20,7312056,2500,19108
2026-03-17T04:06:28.548726,787867248,748824628,753965408,48,28127800,95912,77960,34359738367,491852,17108,6884,10224,108,195746820,187240404,8506416,20,7611608,69420,21976,197354368,192137660,5216708,0,4714716,456,17280,197386256,179891696,17494560,4,8489420,23536,19596,197379804,189554868,7824936,24,7312056,2500,19108
2026-03-17T04:06:29.549976,787867248,748824628,753965408,48,28127852,95912,77960,34359738367,491852,17108,6884,10224,108,195746820,187240404,8506416,20,7611660,69420,21976,197354368,192137660,5216708,0,4714716,456,17280,197386256,179891696,17494560,4,8489420,23536,19596,197379804,189554868,7824936,24,7312056,2500,19108
2026-03-17T04:06:30.553910,787867248,748824628,753965408,48,28127912,95912,77960,34359738367,491852,17108,6884,10224,108,195746820,187240404,8506416,20,7611720,69420,21976,197354368,192137660,5216708,0,4714716,456,17280,197386256,179891696,17494560,4,8489420,23536,19596,197379804,189554868,7824936,24,7312056,2500,19108
2026-03-17T04:06:31.555185,787867248,748824628,753965408,48,28127964,95912,77960,34359738367,491852,17108,6884,10224,108,195746820,187240404,8506416,20,7611772,69420,21976,197354368,192137660,5216708,0,4714716,456,17280,197386256,179891696,17494560,4,8489420,23536,19596,197379804,189554868,7824936,24,7312056,2500,19108
2026-03-17T04:06:32.556436,787867248,748824628,753965416,40,28128020,95912,77960,34359738367,491852,17108,6884,10224,108,195746820,187240404,8506416,12,7611828,69420,21976,197354368,192137660,5216708,0,4714716,456,17280,197386256,179891696,17494560,4,8489420,23536,19596,197379804,189554868,7824936,24,7312056,2500,19108
2026-03-17T04:06:33.558705,787867248,748824628,753965416,56,28128068,95912,77960,34359738367,491852,17108,6884,10224,108,195746820,187240404,8506416,28,7611876,69420,21976,197354368,192137660,5216708,0,4714716,456,17280,197386256,179891696,17494560,4,8489420,23536,19596,197379804,189554868,7824936,24,7312056,2500,19108
2026-03-17T04:06:34.562719,787867248,748824628,753965416,68,28128124,95912,77960,34359738367,491852,17108,6884,10224,108,195746820,187240404,8506416,28,7611932,69420,21976,197354368,192137660,5216708,0,4714716,456,17280,197386256,179891696,17494560,12,8489420,23536,19596,197379804,189554868,7824936,28,7312056,2500,19108
2026-03-17T04:06:35.564029,787867248,748824628,753965416,68,28128172,95912,77960,34359738367,491852,17108,6884,10224,108,195746820,187240404,8506416,28,7611980,69420,21976,197354368,192137660,5216708,0,4714716,456,17280,197386256,179891696,17494560,12,8489420,23536,19596,197379804,189554868,7824936,28,7312056,2500,19108
2026-03-17T04:06:36.565326,787867248,748824628,753965416,68,28128228,95912,77960,34359738367,491852,17108,6884,10224,108,195746820,187240404,8506416,28,7612036,69420,21976,197354368,192137660,5216708,0,4714716,456,17280,197386256,179891696,17494560,12,8489420,23536,19596,197379804,189554868,7824936,28,7312056,2500,19108
2026-03-17T04:06:37.566708,787867248,748824628,753965416,76,28128280,95912,77960,34359738367,491852,17108,6884,10224,108,195746820,187240404,8506416,28,7612088,69420,21976,197354368,192137660,5216708,0,4714716,456,17280,197386256,179891696,17494560,12,8489420,23536,19596,197379804,189554868,7824936,36,7312056,2500,19108
2026-03-17T04:06:38.570556,787867248,748824628,753965416,76,28128320,95912,77960,34359738367,491852,17108,6884,10224,108,195746820,187240404,8506416,28,7612128,69420,21976,197354368,192137660,5216708,0,4714716,456,17280,197386256,179891696,17494560,12,8489420,23536,19596,197379804,189554868,7824936,36,7312056,2500,19108
2026-03-17T04:06:39.571828,787867248,748824628,753965416,76,28128368,95912,77960,34359738367,491852,17108,6884,10224,108,195746820,187240404,8506416,28,7612176,69420,21976,197354368,192137660,5216708,0,4714716,456,17280,197386256,179891696,17494560,12,8489420,23536,19596,197379804,189554868,7824936,36,7312056,2500,19108
2026-03-17T04:06:40.573157,787867248,748824628,753965416,84,28128424,95912,77960,34359738367,491852,17108,6884,10224,108,195746820,187240404,8506416,36,7612232,69420,21976,197354368,192137660,5216708,0,4714716,456,17280,197386256,179891696,17494560,12,8489420,23536,19596,197379804,189554868,7824936,36,7312056,2500,19108
2026-03-17T04:06:41.574422,787867248,748824628,753965416,84,28128480,95912,77960,34359738367,491852,17108,6884,10224,108,195746820,187240404,8506416,36,7612288,69420,21976,197354368,192137660,5216708,0,4714716,456,17280,197386256,179891696,17494560,12,8489420,23536,19596,197379804,189554868,7824936,36,7312056,2500,19108
2026-03-17T04:06:42.575902,787867248,748824628,753965432,56,28128528,95912,77960,34359738367,491852,17108,6884,10224,108,195746820,187240404,8506416,36,7612336,69420,21976,197354368,192137660,5216708,0,4714716,456,17280,197386256,179891696,17494560,12,8489420,23536,19596,197379804,189554868,7824936,8,7312056,2500,19108
2026-03-17T04:06:43.577181,787867248,748824628,753965432,56,28128580,95912,77960,34359738367,491852,17108,6884,10224,108,195746820,187240404,8506416,36,7612388,69420,21976,197354368,192137660,5216708,0,4714716,456,17280,197386256,179891696,17494560,12,8489420,23536,19596,197379804,189554868,7824936,8,7312056,2500,19108
2026-03-17T04:06:44.578703,787867248,748824628,753965432,56,28128640,95912,77960,34359738367,491852,17108,6884,10224,108,195746820,187240404,8506416,36,7612448,69420,21976,197354368,192137660,5216708,0,4714716,456,17280,197386256,179891696,17494560,12,8489420,23536,19596,197379804,189554868,7824936,8,7312056,2500,19108
2026-03-17T04:06:45.581783,787867248,748824628,753965432,60,28128688,95912,77960,34359738367,491852,17108,6884,10224,108,195746820,187240404,8506416,40,7612496,69420,21976,197354368,192137660,5216708,0,4714716,456,17280,197386256,179891696,17494560,12,8489420,23536,19596,197379804,189554868,7824936,8,7312056,2500,19108
2026-03-17T04:06:46.583075,787867248,748824628,753965432,72,28128744,95912,77960,34359738367,491852,17108,6884,10224,108,195746820,187240404,8506416,40,7612552,69420,21976,197354368,192137660,5216708,0,4714716,456,17280,197386256,179891696,17494560,20,8489420,23536,19596,197379804,189554868,7824936,12,7312056,2500,19108
2026-03-17T04:06:47.584661,787867248,748824628,753965432,80,28128792,95912,77960,34359738367,491852,17108,6884,10224,108,195746820,187240404,8506416,48,7612600,69420,21976,197354368,192137660,5216708,0,4714716,456,17280,197386256,179891696,17494560,20,8489420,23536,19596,197379804,189554868,7824936,12,7312056,2500,19108
2026-03-17T04:06:48.586708,787867248,748824628,753965432,80,28128848,95912,77960,34359738367,491852,17108,6884,10224,108,195746820,187240404,8506416,48,7612656,69420,21976,197354368,192137660,5216708,0,4714716,456,17280,197386256,179891696,17494560,20,8489420,23536,19596,197379804,189554868,7824936,12,7312056,2500,19108
2026-03-17T04:06:49.590706,787867248,748824628,753965432,80,28128900,95912,77960,34359738367,491852,17108,6884,10224,108,195746820,187240404,8506416,48,7612708,69420,21976,197354368,192137660,5216708,0,4714716,456,17280,197386256,179891696,17494560,20,8489420,23536,19596,197379804,189554868,7824936,12,7312056,2500,19108
2026-03-17T04:06:50.591947,787867248,748824628,753965432,92,28128952,95912,77960,34359738367,491852,17108,6884,10224,108,195746820,187240404,8506416,48,7612760,69420,21976,197354368,192137660,5216708,0,4714716,456,17280,197386256,179891696,17494560,20,8489420,23536,19596,197379804,189554868,7824936,24,7312056,2500,19108
2026-03-17T04:06:51.593204,787867248,748824628,753965432,92,28129008,95912,77960,34359738367,491852,17108,6884,10224,108,195746820,187240404,8506416,48,7612816,69420,21976,197354368,192137660,5216708,0,4714716,456,17280,197386256,179891696,17494560,20,8489420,23536,19596,197379804,189554868,7824936,24,7312056,2500,19108
2026-03-17T04:06:52.594494,787867248,748824628,753965432,92,28129056,95912,77960,34359738367,491852,17108,6884,10224,108,195746820,187240404,8506416,48,7612864,69420,21976,197354368,192137660,5216708,0,4714716,456,17280,197386256,179891696,17494560,20,8489420,23536,19596,197379804,189554868,7824936,24,7312056,2500,19108
2026-03-17T04:06:53.595831,787867248,748824628,753965448,52,28129108,95912,77960,34359738367,491852,17108,6884,10224,108,195746820,187240404,8506416,40,7612916,69420,21976,197354368,192137660,5216708,0,4714716,456,17280,197386256,179891696,17494560,0,8489420,23536,19596,197379804,189554868,7824936,12,7312056,2500,19108
2026-03-17T04:06:54.597111,787867248,748824628,753965448,60,28129152,95912,77960,34359738367,491852,17108,6884,10224,108,195746820,187240404,8506416,48,7612960,69420,21976,197354368,192137660,5216708,0,4714716,456,17280,197386256,179891696,17494560,0,8489420,23536,19596,197379804,189554868,7824936,12,7312056,2500,19108
2026-03-17T04:06:55.598408,787867248,748824628,753965448,60,28129204,95912,77960,34359738367,491852,17108,6884,10224,108,195746820,187240404,8506416,48,7613012,69420,21976,197354368,192137660,5216708,0,4714716,456,17280,197386256,179891696,17494560,0,8489420,23536,19596,197379804,189554868,7824936,12,7312056,2500,19108
2026-03-17T04:06:56.602218,787867248,748824628,753965448,60,28129252,95912,77960,34359738367,491852,17108,6884,10224,108,195746820,187240404,8506416,48,7613060,69420,21976,197354368,192137660,5216708,0,4714716,456,17280,197386256,179891696,17494560,0,8489420,23536,19596,197379804,189554868,7824936,12,7312056,2500,19108
2026-03-17T04:06:57.603495,787867248,748824628,753965448,60,28129292,95912,77960,34359738367,491852,17108,6884,10224,108,195746820,187240404,8506416,48,7613100,69420,21976,197354368,192137660,5216708,0,4714716,456,17280,197386256,179891696,17494560,0,8489420,23536,19596,197379804,189554868,7824936,12,7312056,2500,19108
2026-03-17T04:06:58.604802,787867248,748824628,753965448,72,28129348,95912,77960,34359738367,491852,17108,6884,10224,108,195746820,187240404,8506416,60,7613156,69420,21976,197354368,192137660,5216708,0,4714716,456,17280,197386256,179891696,17494560,0,8489420,23536,19596,197379804,189554868,7824936,12,7312056,2500,19108
2026-03-17T04:06:59.606531,787867248,748824628,753965448,72,28129384,95912,77960,34359738367,491852,17108,6884,10224,108,195746820,187240404,8506416,60,7613192,69420,21976,197354368,192137660,5216708,0,4714716,456,17280,197386256,179891696,17494560,0,8489420,23536,19596,197379804,189554868,7824936,12,7312056,2500,19108
2026-03-17T04:07:00.608094,787867248,748824628,753965448,72,28129440,95912,77960,34359738367,491852,17108,6884,10224,108,195746820,187240404,8506416,60,7613248,69420,21976,197354368,192137660,5216708,0,4714716,456,17280,197386256,179891696,17494560,0,8489420,23536,19596,197379804,189554868,7824936,12,7312056,2500,19108
2026-03-17T04:07:01.609380,787867248,748824628,753965448,80,28129480,95912,77960,34359738367,491852,17108,6884,10224,108,195746820,187240404,8506416,68,7613288,69420,21976,197354368,192137660,5216708,0,4714716,456,17280,197386256,179891696,17494560,0,8489420,23536,19596,197379804,189554868,7824936,12,7312056,2500,19108
2026-03-17T04:07:02.610649,787867248,748824628,753965448,88,28129540,95912,77960,34359738367,491852,17108,6884,10224,108,195746820,187240404,8506416,68,7613348,69420,21976,197354368,192137660,5216708,0,4714716,456,17280,197386256,179891696,17494560,0,8489420,23536,19596,197379804,189554868,7824936,20,7312056,2500,19108
2026-03-17T04:07:03.612002,787867248,748824628,753965448,88,28129576,95912,77960,34359738367,491852,17108,6884,10224,108,195746820,187240404,8506416,68,7613384,69420,21976,197354368,192137660,5216708,0,4714716,456,17280,197386256,179891696,17494560,0,8489420,23536,19596,197379804,189554868,7824936,20,7312056,2500,19108
2026-03-17T04:07:04.614729,787867248,748824628,753965448,88,28129632,95912,77960,34359738367,491852,17108,6884,10224,108,195746820,187240404,8506416,68,7613440,69420,21976,197354368,192137660,5216708,0,4714716,456,17280,197386256,179891696,17494560,0,8489420,23536,19596,197379804,189554868,7824936,20,7312056,2500,19108
2026-03-17T04:07:05.615997,787867248,748824628,753965448,88,28129684,95912,77960,34359738367,491852,17108,6884,10224,108,195746820,187240404,8506416,68,7613492,69420,21976,197354368,192137660,5216708,0,4714716,456,17280,197386256,179891696,17494560,0,8489420,23536,19596,197379804,189554868,7824936,20,7312056,2500,19108
2026-03-17T04:07:06.618712,787867248,748824628,753965448,88,28129740,95912,77960,34359738367,491852,17108,6884,10224,108,195746820,187240404,8506416,68,7613548,69420,21976,197354368,192137660,5216708,0,4714716,456,17280,197386256,179891696,17494560,0,8489420,23536,19596,197379804,189554868,7824936,20,7312056,2500,19108
2026-03-17T04:07:07.619982,787867248,748816564,753957400,28,28129800,95912,77960,34359738367,491852,17108,6884,10224,108,195746820,187232340,8514480,8,7613608,69420,21976,197354368,192137660,5216708,0,4714716,456,17280,197386256,179891696,17494560,0,8489420,23536,19596,197379804,189554868,7824936,20,7312056,2500,19108
2026-03-17T04:07:08.621311,787867248,748816564,753957400,32,28129844,95912,77960,34359738367,491852,17108,6884,10224,108,195746820,187232340,8514480,12,7613652,69420,21976,197354368,192137660,5216708,0,4714716,456,17280,197386256,179891696,17494560,0,8489420,23536,19596,197379804,189554868,7824936,20,7312056,2500,19108
2026-03-17T04:07:09.622704,787867248,748816564,753957400,32,28129900,95912,77960,34359738367,491852,17108,6884,10224,108,195746820,187232340,8514480,12,7613708,69420,21976,197354368,192137660,5216708,0,4714716,456,17280,197386256,179891696,17494560,0,8489420,23536,19596,197379804,189554868,7824936,20,7312056,2500,19108
2026-03-17T04:07:10.623955,787867248,748817776,753958612,52,28129952,95912,77960,34359738367,491852,17108,6884,10224,108,195746820,187233552,8513268,12,7613760,69420,21976,197354368,192137660,5216708,0,4714716,456,17280,197386256,179891696,17494560,12,8489420,23536,19596,197379804,189554868,7824936,28,7312056,2500,19108
2026-03-17T04:07:11.625261,787867248,748819160,753959996,56,28130000,95912,77960,34359738367,491852,17108,6884,10224,108,195746820,187234936,8511884,16,7613808,69420,21976,197354368,192137660,5216708,0,4714716,456,17280,197386256,179891696,17494560,12,8489420,23536,19596,197379804,189554868,7824936,28,7312056,2500,19108
2026-03-17T04:07:12.626514,787867248,748820368,753961204,56,28130048,95912,77960,34359738367,491852,17108,6884,10224,108,195746820,187236144,8510676,16,7613856,69420,21976,197354368,192137660,5216708,0,4714716,456,17280,197386256,179891696,17494560,12,8489420,23536,19596,197379804,189554868,7824936,28,7312056,2500,19108
2026-03-17T04:07:13.627804,787867248,748820912,753961748,56,28130104,95912,77960,34359738367,491852,17108,6884,10224,108,195746820,187236688,8510132,16,7613912,69420,21976,197354368,192137660,5216708,0,4714716,456,17280,197386256,179891696,17494560,12,8489420,23536,19596,197379804,189554868,7824936,28,7312056,2500,19108
2026-03-17T04:07:14.629166,787867248,748821116,753961952,68,28130156,95912,77960,34359738367,491852,17108,6884,10224,108,195746820,187236892,8509928,28,7613964,69420,21976,197354368,192137660,5216708,0,4714716,456,17280,197386256,179891696,17494560,12,8489420,23536,19596,197379804,189554868,7824936,28,7312056,2500,19108
2026-03-17T04:07:15.630453,787867248,748821116,753961952,76,28130208,95912,77960,34359738367,491852,17108,6884,10224,108,195746820,187236892,8509928,28,7614016,69420,21976,197354368,192137660,5216708,0,4714716,456,17280,197386256,179891696,17494560,12,8489420,23536,19596,197379804,189554868,7824936,36,7312056,2500,19108
2026-03-17T04:07:16.634423,787867248,748821116,753961952,76,28130256,95912,77960,34359738367,491852,17108,6884,10224,108,195746820,187236892,8509928,28,7614064,69420,21976,197354368,192137660,5216708,0,4714716,456,17280,197386256,179891696,17494560,12,8489420,23536,19596,197379804,189554868,7824936,36,7312056,2500,19108
2026-03-17T04:07:17.635709,787867248,748821116,753961952,76,28130304,95912,77960,34359738367,491852,17108,6884,10224,108,195746820,187236892,8509928,28,7614112,69420,21976,197354368,192137660,5216708,0,4714716,456,17280,197386256,179891696,17494560,12,8489420,23536,19596,197379804,189554868,7824936,36,7312056,2500,19108
2026-03-17T04:07:18.636993,787867248,748821116,753961952,76,28130348,95912,77960,34359738367,491852,17108,6884,10224,108,195746820,187236892,8509928,28,7614156,69420,21976,197354368,192137660,5216708,0,4714716,456,17280,197386256,179891696,17494560,12,8489420,23536,19596,197379804,189554868,7824936,36,7312056,2500,19108
2026-03-17T04:07:19.638703,787867248,748821116,753961952,76,28130396,95912,77960,34359738367,491852,17108,6884,10224,108,195746820,187236892,8509928,28,7614204,69420,21976,197354368,192137660,5216708,0,4714716,456,17280,197386256,179891696,17494560,12,8489420,23536,19596,197379804,189554868,7824936,36,7312056,2500,19108
2026-03-17T04:07:20.642709,787867248,748821116,753961952,76,28130456,95912,77960,34359738367,491852,17108,6884,10224,108,195746820,187236892,8509928,28,7614264,69420,21976,197354368,192137660,5216708,0,4714716,456,17280,197386256,179891696,17494560,12,8489420,23536,19596,197379804,189554868,7824936,36,7312056,2500,19108
2026-03-17T04:07:21.643963,787867248,748821116,753961952,84,28130492,95912,77960,34359738367,491852,17108,6884,10224,108,195746820,187236892,8509928,36,7614300,69420,21976,197354368,192137660,5216708,0,4714716,456,17280,197386256,179891696,17494560,12,8489420,23536,19596,197379804,189554868,7824936,36,7312056,2500,19108
2026-03-17T04:07:22.645268,787867248,748821116,753961976,56,28130548,95912,77960,34359738367,491852,17108,6884,10224,108,195746820,187236892,8509928,36,7614356,69420,21976,197354368,192137660,5216708,0,4714716,456,17280,197386256,179891696,17494560,12,8489420,23536,19596,197379804,189554868,7824936,8,7312056,2500,19108
2026-03-17T04:07:23.646698,787867248,748821116,753961976,56,28130596,95912,77960,34359738367,491852,17108,6884,10224,108,195746820,187236892,8509928,36,7614404,69420,21976,197354368,192137660,5216708,0,4714716,456,17280,197386256,179891696,17494560,12,8489420,23536,19596,197379804,189554868,7824936,8,7312056,2500,19108
2026-03-17T04:07:24.648011,787867248,748821116,753961976,56,28130656,95912,77960,34359738367,491852,17108,6884,10224,108,195746820,187236892,8509928,36,7614464,69420,21976,197354368,192137660,5216708,0,4714716,456,17280,197386256,179891696,17494560,12,8489420,23536,19596,197379804,189554868,7824936,8,7312056,2500,19108
2026-03-17T04:07:25.649269,787867248,748821116,753961976,60,28130700,95912,77960,34359738367,491852,17108,6884,10224,108,195746820,187236892,8509928,40,7614508,69420,21976,197354368,192137660,5216708,0,4714716,456,17280,197386256,179891696,17494560,12,8489420,23536,19596,197379804,189554868,7824936,8,7312056,2500,19108
2026-03-17T04:07:26.650498,787867248,748821116,753961976,60,28130752,95912,77960,34359738367,491836,17108,6884,10224,108,195746820,187236892,8509928,40,7614560,69420,21976,197354368,192137660,5216708,0,4714716,456,17280,197386256,179891696,17494560,12,8489420,23536,19596,197379804,189554868,7824936,8,7312056,2500,19108
2026-03-17T04:07:27.654703,787867248,748821116,753961976,92,28130796,95912,77960,34359738367,491836,17108,6884,10224,108,195746820,187236892,8509928,48,7614604,69420,21976,197354368,192137660,5216708,0,4714716,456,17280,197386256,179891696,17494560,20,8489420,23536,19596,197379804,189554868,7824936,24,7312056,2500,19108
2026-03-17T04:07:28.655944,787867248,748821116,753961984,52,28130844,95912,77960,34359738367,491836,17108,6884,10224,108,195746820,187236892,8509928,40,7614652,69420,21976,197354368,192137660,5216708,0,4714716,456,17280,197386256,179891696,17494560,0,8489420,23536,19596,197379804,189554868,7824936,12,7312056,2500,19108
2026-03-17T04:07:29.657289,787867248,748821116,753961984,52,28130900,95912,77960,34359738367,491836,17108,6884,10224,108,195746820,187236892,8509928,40,7614708,69420,21976,197354368,192137660,5216708,0,4714716,456,17280,197386256,179891696,17494560,0,8489420,23536,19596,197379804,189554868,7824936,12,7312056,2500,19108
2026-03-17T04:07:30.658700,787867248,748821132,753962000,52,28130952,95912,77960,34359738367,491836,17108,6884,10224,108,195746820,187236892,8509928,40,7614760,69420,21976,197354368,192137660,5216708,0,4714716,456,17280,197386256,179891696,17494560,0,8489420,23536,19596,197379804,189554884,7824920,12,7312056,2500,19108
2026-03-17T04:07:31.660742,787867248,748821132,753962000,52,28130988,95912,77960,34359738367,491836,17108,6884,10224,108,195746820,187236892,8509928,40,7614796,69420,21976,197354368,192137660,5216708,0,4714716,456,17280,197386256,179891696,17494560,0,8489420,23536,19596,197379804,189554884,7824920,12,7312056,2500,19108
2026-03-17T04:07:32.661975,787867248,748821132,753962000,52,28131036,95912,77960,34359738367,491836,17108,6884,10224,108,195746820,187236892,8509928,40,7614844,69420,21976,197354368,192137660,5216708,0,4714716,456,17280,197386256,179891696,17494560,0,8489420,23536,19596,197379804,189554884,7824920,12,7312056,2500,19108
2026-03-17T04:07:33.666710,787867248,748821132,753962000,60,28131096,95912,77960,34359738367,491836,17108,6884,10224,108,195746820,187236892,8509928,48,7614904,69420,21976,197354368,192137660,5216708,0,4714716,456,17280,197386256,179891696,17494560,0,8489420,23536,19596,197379804,189554884,7824920,12,7312056,2500,19108
2026-03-17T04:07:34.668014,787867248,748820804,753961672,68,28131152,95912,77960,34359738367,491836,17108,6884,10224,108,195746820,187236564,8510256,56,7614960,69420,21976,197354368,192137660,5216708,0,4714716,456,17280,197386256,179891696,17494560,0,8489420,23536,19596,197379804,189554884,7824920,12,7312056,2500,19108
2026-03-17T04:07:35.669319,787867248,748821052,753961920,68,28131196,95912,77960,34359738367,491836,17108,6884,10224,108,195746820,187236812,8510008,56,7615004,69420,21976,197354368,192137660,5216708,0,4714716,456,17280,197386256,179891696,17494560,0,8489420,23536,19596,197379804,189554884,7824920,12,7312056,2500,19108
2026-03-17T04:07:36.670719,787867248,748821052,753961920,72,28131248,95912,77960,34359738367,491836,17108,6884,10224,108,195746820,187236812,8510008,60,7615056,69420,21976,197354368,192137660,5216708,0,4714716,456,17280,197386256,179891696,17494560,0,8489420,23536,19596,197379804,189554884,7824920,12,7312056,2500,19108
2026-03-17T04:07:37.672122,787867248,748821052,753961920,72,28131288,95912,77960,34359738367,491836,17108,6884,10224,108,195746820,187236812,8510008,60,7615096,69420,21976,197354368,192137660,5216708,0,4714716,456,17280,197386256,179891696,17494560,0,8489420,23536,19596,197379804,189554884,7824920,12,7312056,2500,19108
2026-03-17T04:07:38.674712,787867248,748821052,753961920,72,28131344,95912,77960,34359738367,491836,17108,6884,10224,108,195746820,187236812,8510008,60,7615152,69420,21976,197354368,192137660,5216708,0,4714716,456,17280,197386256,179891696,17494560,0,8489420,23536,19596,197379804,189554884,7824920,12,7312056,2500,19108
2026-03-17T04:07:39.676000,787867248,748821052,753961920,72,28131404,95912,77960,34359738367,491836,17108,6884,10224,108,195746820,187236812,8510008,60,7615212,69420,21976,197354368,192137660,5216708,0,4714716,456,17280,197386256,179891696,17494560,0,8489420,23536,19596,197379804,189554884,7824920,12,7312056,2500,19108
2026-03-17T04:07:40.678712,787867248,748821052,753961920,80,28131452,95912,77960,34359738367,491836,17108,6884,10224,108,195746820,187236812,8510008,60,7615260,69420,21976,197354368,192137660,5216708,0,4714716,456,17280,197386256,179891696,17494560,0,8489420,23536,19596,197379804,189554884,7824920,20,7312056,2500,19108
2026-03-17T04:07:41.680000,787867248,748821052,753962044,88,28131508,95912,77960,34359738367,491836,17108,6884,10224,108,195746820,187236812,8510008,68,7615316,69420,21976,197354368,192137660,5216708,0,4714716,456,17280,197386256,179891696,17494560,0,8489420,23536,19596,197379804,189554884,7824920,20,7312056,2500,19108
2026-03-17T04:07:42.681329,787867248,748821052,753962060,72,28131556,95912,77960,34359738367,491836,17108,6884,10224,108,195746820,187236812,8510008,52,7615364,69420,21976,197354368,192137660,5216708,0,4714716,456,17280,197386256,179891696,17494560,0,8489420,23536,19596,197379804,189554884,7824920,20,7312056,2500,19108
2026-03-17T04:07:43.682611,787867248,748821052,753962060,76,28131612,95912,77960,34359738367,491836,17108,6884,10224,108,195746820,187236812,8510008,56,7615420,69420,21976,197354368,192137660,5216708,0,4714716,456,17280,197386256,179891696,17494560,0,8489420,23536,19596,197379804,189554884,7824920,20,7312056,2500,19108
2026-03-17T04:07:44.684240,787867248,748821052,753962060,76,28131652,95912,77960,34359738367,491836,17108,6884,10224,108,195746820,187236812,8510008,56,7615460,69420,21976,197354368,192137660,5216708,0,4714716,456,17280,197386256,179891696,17494560,0,8489420,23536,19596,197379804,189554884,7824920,20,7312056,2500,19108
2026-03-17T04:07:45.686705,787867248,748821052,753962060,88,28131712,95912,77960,34359738367,491836,17108,6884,10224,108,195746820,187236812,8510008,56,7615520,69420,21976,197354368,192137660,5216708,0,4714716,456,17280,197386256,179891696,17494560,8,8489420,23536,19596,197379804,189554884,7824920,24,7312056,2500,19108
2026-03-17T04:07:46.687951,787867248,748821052,753962060,88,28131768,95912,77960,34359738367,491836,17108,6884,10224,108,195746820,187236812,8510008,56,7615576,69420,21976,197354368,192137660,5216708,0,4714716,456,17280,197386256,179891696,17494560,8,8489420,23536,19596,197379804,189554884,7824920,24,7312056,2500,19108
2026-03-17T04:07:47.689817,787867248,748821052,753962068,44,28131808,95912,77960,34359738367,491836,17108,6884,10224,108,195746820,187236812,8510008,12,7615616,69420,21976,197354368,192137660,5216708,0,4714716,456,17280,197386256,179891696,17494560,8,8489420,23536,19596,197379804,189554884,7824920,24,7312056,2500,19108
2026-03-17T04:07:48.694704,787867248,748821052,753962068,56,28131864,95912,77960,34359738367,491836,17108,6884,10224,108,195746820,187236812,8510008,24,7615672,69420,21976,197354368,192137660,5216708,0,4714716,456,17280,197386256,179891696,17494560,8,8489420,23536,19596,197379804,189554884,7824920,24,7312056,2500,19108
2026-03-17T04:07:49.695965,787867248,748821052,753962068,60,28131912,95912,77960,34359738367,491836,17108,6884,10224,108,195746820,187236812,8510008,28,7615720,69420,21976,197354368,192137660,5216708,0,4714716,456,17280,197386256,179891696,17494560,8,8489420,23536,19596,197379804,189554884,7824920,24,7312056,2500,19108
2026-03-17T04:07:50.697310,787867248,748821052,753962068,60,28131960,95912,77960,34359738367,491836,17108,6884,10224,108,195746820,187236812,8510008,28,7615768,69420,21976,197354368,192137660,5216708,0,4714716,456,17280,197386256,179891696,17494560,8,8489420,23536,19596,197379804,189554884,7824920,24,7312056,2500,19108
2026-03-17T04:07:51.698699,787867248,748821052,753962068,68,28132012,95912,77960,34359738367,491836,17108,6884,10224,108,195746820,187236812,8510008,28,7615820,69420,21976,197354368,192137660,5216708,0,4714716,456,17280,197386256,179891696,17494560,12,8489420,23536,19596,197379804,189554884,7824920,28,7312056,2500,19108
2026-03-17T04:07:52.701839,787867248,748821052,753962068,68,28132068,95912,77960,34359738367,491836,17108,6884,10224,108,195746820,187236812,8510008,28,7615876,69420,21976,197354368,192137660,5216708,0,4714716,456,17280,197386256,179891696,17494560,12,8489420,23536,19596,197379804,189554884,7824920,28,7312056,2500,19108
2026-03-17T04:07:53.703109,787867248,748821052,753962192,76,28132120,95912,77960,34359738367,491836,17108,6884,10224,108,195746820,187236812,8510008,28,7615928,69420,21976,197354368,192137660,5216708,0,4714716,456,17280,197386256,179891696,17494560,12,8489420,23536,19596,197379804,189554884,7824920,36,7312056,2500,19108
2026-03-17T04:07:54.705688,787867248,748821052,753962192,84,28132168,95912,77960,34359738367,491836,17108,6884,10224,108,195746820,187236812,8510008,36,7615976,69420,21976,197354368,192137660,5216708,0,4714716,456,17280,197386256,179891696,17494560,12,8489420,23536,19596,197379804,189554884,7824920,36,7312056,2500,19108
2026-03-17T04:07:55.706965,787867248,748821052,753962192,84,28132224,95912,77960,34359738367,491836,17108,6884,10224,108,195746820,187236812,8510008,36,7616032,69420,21976,197354368,192137660,5216708,0,4714716,456,17280,197386256,179891696,17494560,12,8489420,23536,19596,197379804,189554884,7824920,36,7312056,2500,19108
2026-03-17T04:07:56.710714,787867248,748821052,753962192,84,28132268,95912,77960,34359738367,491836,17108,6884,10224,108,195746820,187236812,8510008,36,7616076,69420,21976,197354368,192137660,5216708,0,4714716,456,17280,197386256,179891696,17494560,12,8489420,23536,19596,197379804,189554884,7824920,36,7312056,2500,19108
2026-03-17T04:07:57.712000,787867248,748821052,753962192,84,28132320,95912,77960,34359738367,491836,17108,6884,10224,108,195746820,187236812,8510008,36,7616128,69420,21976,197354368,192137660,5216708,0,4714716,456,17280,197386256,179891696,17494560,12,8489420,23536,19596,197379804,189554884,7824920,36,7312056,2500,19108
2026-03-17T04:07:58.714711,787867248,748821052,753962208,56,28132376,95912,77960,34359738367,491836,17108,6884,10224,108,195746820,187236812,8510008,36,7616184,69420,21976,197354368,192137660,5216708,0,4714716,456,17280,197386256,179891696,17494560,12,8489420,23536,19596,197379804,189554884,7824920,8,7312056,2500,19108
2026-03-17T04:07:59.715960,787867248,748821052,753962208,56,28132428,95912,77960,34359738367,491836,17108,6884,10224,108,195746820,187236812,8510008,36,7616236,69420,21976,197354368,192137660,5216708,0,4714716,456,17280,197386256,179891696,17494560,12,8489420,23536,19596,197379804,189554884,7824920,8,7312056,2500,19108
2026-03-17T04:08:00.718707,787867248,748821052,753962208,56,28132484,95912,77960,34359738367,491836,17108,6884,10224,108,195746820,187236812,8510008,36,7616292,69420,21976,197354368,192137660,5216708,0,4714716,456,17280,197386256,179891696,17494560,12,8489420,23536,19596,197379804,189554884,7824920,8,7312056,2500,19108
2026-03-17T04:08:01.719951,787867248,748821052,753962208,64,28132528,95912,77960,34359738367,491836,17108,6884,10224,108,195746820,187236812,8510008,44,7616336,69420,21976,197354368,192137660,5216708,0,4714716,456,17280,197386256,179891696,17494560,12,8489420,23536,19596,197379804,189554884,7824920,8,7312056,2500,19108
2026-03-17T04:08:02.721224,787867248,748821052,753962208,68,28132584,95912,77960,34359738367,491836,17108,6884,10224,108,195746820,187236812,8510008,48,7616392,69420,21976,197354368,192137660,5216708,0,4714716,456,17280,197386256,179891696,17494560,12,8489420,23536,19596,197379804,189554884,7824920,8,7312056,2500,19108
2026-03-17T04:08:03.722587,787867248,748821052,753962216,40,28132640,95912,77960,34359738367,491836,17108,6884,10224,108,195746820,187236812,8510008,40,7616448,69420,21976,197354368,192137660,5216708,0,4714716,456,17280,197386256,179891696,17494560,0,8489420,23536,19596,197379804,189554884,7824920,0,7312056,2500,19108
2026-03-17T04:08:04.725027,787867248,748821052,753962216,40,28132688,95912,77960,34359738367,491836,17108,6884,10224,108,195746820,187236812,8510008,40,7616496,69420,21976,197354368,192137660,5216708,0,4714716,456,17280,197386256,179891696,17494560,0,8489420,23536,19596,197379804,189554884,7824920,0,7312056,2500,19108
2026-03-17T04:08:05.726267,787867248,748821052,753962216,52,28132744,95912,77960,34359738367,491836,17108,6884,10224,108,195746820,187236812,8510008,40,7616552,69420,21976,197354368,192137660,5216708,0,4714716,456,17280,197386256,179891696,17494560,0,8489420,23536,19596,197379804,189554884,7824920,12,7312056,2500,19108
2026-03-17T04:08:06.730726,787867248,748821052,753962216,52,28132800,95912,77960,34359738367,491836,17108,6884,10224,108,195746820,187236812,8510008,40,7616608,69420,21976,197354368,192137660,5216708,0,4714716,456,17280,197386256,179891696,17494560,0,8489420,23536,19596,197379804,189554884,7824920,12,7312056,2500,19108
2026-03-17T04:08:07.732018,787867248,748821052,753962216,52,28132848,95912,77960,34359738367,491836,17108,6884,10224,108,195746820,187236812,8510008,40,7616656,69420,21976,197354368,192137660,5216708,0,4714716,456,17280,197386256,179891696,17494560,0,8489420,23536,19596,197379804,189554884,7824920,12,7312056,2500,19108
2026-03-17T04:08:08.733385,787867248,748821052,753962216,60,28132900,95912,77960,34359738367,491836,17108,6884,10224,108,195746820,187236812,8510008,48,7616708,69420,21976,197354368,192137660,5216708,0,4714716,456,17280,197386256,179891696,17494560,0,8489420,23536,19596,197379804,189554884,7824920,12,7312056,2500,19108
2026-03-17T04:08:09.735202,787867248,748821052,753962216,68,28132952,95912,77960,34359738367,491836,17108,6884,10224,108,195746820,187236812,8510008,56,7616760,69420,21976,197354368,192137660,5216708,0,4714716,456,17280,197386256,179891696,17494560,0,8489420,23536,19596,197379804,189554884,7824920,12,7312056,2500,19108
2026-03-17T04:08:10.736487,787867248,748821052,753962216,68,28133004,95912,77960,34359738367,491836,17108,6884,10224,108,195746820,187236812,8510008,56,7616812,69420,21976,197354368,192137660,5216708,0,4714716,456,17280,197386256,179891696,17494560,0,8489420,23536,19596,197379804,189554884,7824920,12,7312056,2500,19108
2026-03-17T04:08:11.737799,787867248,748821052,753962216,68,28133048,95912,77960,34359738367,491836,17108,6884,10224,108,195746820,187236812,8510008,56,7616856,69420,21976,197354368,192137660,5216708,0,4714716,456,17280,197386256,179891696,17494560,0,8489420,23536,19596,197379804,189554884,7824920,12,7312056,2500,19108
2026-03-17T04:08:12.742521,787867248,748821052,753962216,68,28133100,95912,77960,34359738367,491836,17108,6884,10224,108,195746820,187236812,8510008,56,7616908,69420,21976,197354368,192137660,5216708,0,4714716,456,17280,197386256,179891696,17494560,0,8489420,23536,19596,197379804,189554884,7824920,12,7312056,2500,19108
2026-03-17T04:08:13.743816,787867248,748821052,753962224,56,28133148,95912,77960,34359738367,491836,17108,6884,10224,108,195746820,187236812,8510008,44,7616956,69420,21976,197354368,192137660,5216708,0,4714716,456,17280,197386256,179891696,17494560,0,8489420,23536,19596,197379804,189554884,7824920,12,7312056,2500,19108
2026-03-17T04:08:14.745093,787867248,748821052,753962224,64,28133208,95912,77960,34359738367,491836,17108,6884,10224,108,195746820,187236812,8510008,52,7617016,69420,21976,197354368,192137660,5216708,0,4714716,456,17280,197386256,179891696,17494560,0,8489420,23536,19596,197379804,189554884,7824920,12,7312056,2500,19108
2026-03-17T04:08:15.746451,787867248,748821052,753962224,84,28133256,95912,77960,34359738367,491836,17108,6884,10224,108,195746820,187236812,8510008,60,7617064,69420,21976,197354368,192137660,5216708,0,4714716,456,17280,197386256,179891696,17494560,8,8489420,23536,19596,197379804,189554884,7824920,16,7312056,2500,19108
2026-03-17T04:08:16.748065,787867248,748812988,753954160,84,28133304,95912,77960,34359738367,491836,17108,6884,10224,108,195746820,187228748,8518072,60,7617112,69420,21976,197354368,192137660,5216708,0,4714716,456,17280,197386256,179891696,17494560,8,8489420,23536,19596,197379804,189554884,7824920,16,7312056,2500,19108
2026-03-17T04:08:17.749302,787867248,748812988,753954160,84,28133348,95912,77960,34359738367,491836,17108,6884,10224,108,195746820,187228748,8518072,60,7617156,69420,21976,197354368,192137660,5216708,0,4714716,456,17280,197386256,179891696,17494560,8,8489420,23536,19596,197379804,189554884,7824920,16,7312056,2500,19108
2026-03-17T04:08:18.750625,787867248,748812988,753954168,48,28133392,95912,77960,34359738367,491836,17108,6884,10224,108,195746820,187228748,8518072,16,7617200,69420,21976,197354368,192137660,5216708,0,4714716,456,17280,197386256,179891696,17494560,8,8489420,23536,19596,197379804,189554884,7824920,24,7312056,2500,19108
2026-03-17T04:08:19.752909,787867248,748814220,753955400,48,28133432,95912,77960,34359738367,491836,17108,6884,10224,108,195746820,187229980,8516840,16,7617240,69420,21976,197354368,192137660,5216708,0,4714716,456,17280,197386256,179891696,17494560,8,8489420,23536,19596,197379804,189554884,7824920,24,7312056,2500,19108
2026-03-17T04:08:20.754144,787867248,748815616,753956796,48,28133468,95912,77960,34359738367,491836,17108,6884,10224,108,195746820,187231376,8515444,16,7617276,69420,21976,197354368,192137660,5216708,0,4714716,456,17280,197386256,179891696,17494560,8,8489420,23536,19596,197379804,189554884,7824920,24,7312056,2500,19108
2026-03-17T04:08:21.756626,787867248,748816836,753958016,56,28133528,95912,77960,34359738367,491836,17108,6884,10224,108,195746820,187232596,8514224,16,7617336,69420,21976,197354368,192137660,5216708,0,4714716,456,17280,197386256,179891696,17494560,12,8489420,23536,19596,197379804,189554884,7824920,28,7312056,2500,19108
2026-03-17T04:08:22.757885,787867248,748817368,753958548,68,28133576,95912,77960,34359738367,491836,17108,6884,10224,108,195746820,187233128,8513692,28,7617384,69420,21976,197354368,192137660,5216708,0,4714716,456,17280,197386256,179891696,17494560,12,8489420,23536,19596,197379804,189554884,7824920,28,7312056,2500,19108
2026-03-17T04:08:23.761002,787867248,748817580,753958760,68,28133624,95912,77960,34359738367,491836,17108,6884,10224,108,195746820,187233340,8513480,28,7617432,69420,21976,197354368,192137660,5216708,0,4714716,456,17280,197386256,179891696,17494560,12,8489420,23536,19596,197379804,189554884,7824920,28,7312056,2500,19108
2026-03-17T04:08:24.762243,787867248,748817580,753958760,68,28133668,95912,77960,34359738367,491836,17108,6884,10224,108,195746820,187233340,8513480,28,7617476,69420,21976,197354368,192137660,5216708,0,4714716,456,17280,197386256,179891696,17494560,12,8489420,23536,19596,197379804,189554884,7824920,28,7312056,2500,19108
2026-03-17T04:08:25.764068,787867248,748817580,753958760,68,28133724,95912,77960,34359738367,491836,17108,6884,10224,108,195746820,187233340,8513480,28,7617532,69420,21976,197354368,192137660,5216708,0,4714716,456,17280,197386256,179891696,17494560,12,8489420,23536,19596,197379804,189554884,7824920,28,7312056,2500,19108
2026-03-17T04:08:26.766701,787867248,748817580,753958760,68,28133768,95912,77960,34359738367,491836,17108,6884,10224,108,195746820,187233340,8513480,28,7617576,69420,21976,197354368,192137660,5216708,0,4714716,456,17280,197386256,179891696,17494560,12,8489420,23536,19596,197379804,189554884,7824920,28,7312056,2500,19108
2026-03-17T04:08:27.768056,787867248,748817580,753958872,72,28133808,95912,77960,34359738367,491836,17108,6884,10224,108,195746820,187233340,8513480,32,7617616,69420,21976,197354368,192137660,5216708,0,4714716,456,17280,197386256,179891696,17494560,12,8489420,23536,19596,197379804,189554884,7824920,28,7312056,2500,19108
2026-03-17T04:08:28.770710,787867248,748817580,753958872,72,28133864,95912,77960,34359738367,491836,17108,6884,10224,108,195746820,187233340,8513480,32,7617672,69420,21976,197354368,192137660,5216708,0,4714716,456,17280,197386256,179891696,17494560,12,8489420,23536,19596,197379804,189554884,7824920,28,7312056,2500,19108
2026-03-17T04:08:29.771989,787867248,748817580,753958872,80,28133908,95912,77960,34359738367,491836,17108,6884,10224,108,195746820,187233340,8513480,40,7617716,69420,21976,197354368,192137660,5216708,0,4714716,456,17280,197386256,179891696,17494560,12,8489420,23536,19596,197379804,189554884,7824920,28,7312056,2500,19108
2026-03-17T04:08:30.774710,787867248,748817580,753958872,80,28133948,95912,77960,34359738367,491836,17108,6884,10224,108,195746820,187233340,8513480,40,7617756,69420,21976,197354368,192137660,5216708,0,4714716,456,17280,197386256,179891696,17494560,12,8489420,23536,19596,197379804,189554884,7824920,28,7312056,2500,19108
2026-03-17T04:08:31.775974,787867248,748817580,753958872,88,28133988,95912,77960,34359738367,491836,17108,6884,10224,108,195746820,187233340,8513480,40,7617796,69420,21976,197354368,192137660,5216708,0,4714716,456,17280,197386256,179891696,17494560,12,8489420,23536,19596,197379804,189554884,7824920,36,7312056,2500,19108
2026-03-17T04:08:32.777222,787867248,748817580,753958872,88,28134040,95912,77960,34359738367,491836,17108,6884,10224,108,195746820,187233340,8513480,40,7617848,69420,21976,197354368,192137660,5216708,0,4714716,456,17280,197386256,179891696,17494560,12,8489420,23536,19596,197379804,189554884,7824920,36,7312056,2500,19108
2026-03-17T04:08:33.778717,787867248,748817580,753958872,88,28134080,95912,77960,34359738367,491836,17108,6884,10224,108,195746820,187233340,8513480,40,7617888,69420,21976,197354368,192137660,5216708,0,4714716,456,17280,197386256,179891696,17494560,12,8489420,23536,19596,197379804,189554884,7824920,36,7312056,2500,19108
2026-03-17T04:08:34.781696,787867248,748817580,753958872,88,28134140,95912,77960,34359738367,491836,17108,6884,10224,108,195746820,187233340,8513480,40,7617948,69420,21976,197354368,192137660,5216708,0,4714716,456,17280,197386256,179891696,17494560,12,8489420,23536,19596,197379804,189554884,7824920,36,7312056,2500,19108
2026-03-17T04:08:35.782978,787867248,748817580,753958872,88,28134200,95912,77960,34359738367,491836,17108,6884,10224,108,195746820,187233340,8513480,40,7618008,69420,21976,197354368,192137660,5216708,0,4714716,456,17280,197386256,179891696,17494560,12,8489420,23536,19596,197379804,189554884,7824920,36,7312056,2500,19108
2026-03-17T04:08:36.786717,787867248,748817580,753958872,96,28134252,95912,77960,34359738367,491836,17108,6884,10224,108,195746820,187233340,8513480,48,7618060,69420,21976,197354368,192137660,5216708,0,4714716,456,17280,197386256,179891696,17494560,12,8489420,23536,19596,197379804,189554884,7824920,36,7312056,2500,19108
2026-03-17T04:08:37.787975,787867248,748817580,753958872,96,28134296,95912,77960,34359738367,491836,17108,6884,10224,108,195746820,187233340,8513480,48,7618104,69420,21976,197354368,192137660,5216708,0,4714716,456,17280,197386256,179891696,17494560,12,8489420,23536,19596,197379804,189554884,7824920,36,7312056,2500,19108
2026-03-17T04:08:38.790722,787867248,748817580,753958872,96,28134336,95912,77960,34359738367,491836,17108,6884,10224,108,195746820,187233340,8513480,48,7618144,69420,21976,197354368,192137660,5216708,0,4714716,456,17280,197386256,179891696,17494560,12,8489420,23536,19596,197379804,189554884,7824920,36,7312056,2500,19108
2026-03-17T04:08:39.791996,787867248,748817580,753958916,40,28134384,95912,77960,34359738367,491836,17108,6884,10224,108,195746820,187233340,8513480,40,7618192,69420,21976,197354368,192137660,5216708,0,4714716,456,17280,197386256,179891696,17494560,0,8489420,23536,19596,197379804,189554884,7824920,0,7312056,2500,19108
2026-03-17T04:08:40.793441,787867248,748817580,753958916,44,28134432,95912,77960,34359738367,491836,17108,6884,10224,108,195746820,187233340,8513480,44,7618240,69420,21976,197354368,192137660,5216708,0,4714716,456,17280,197386256,179891696,17494560,0,8489420,23536,19596,197379804,189554884,7824920,0,7312056,2500,19108
2026-03-17T04:08:41.794730,787867248,748817580,753958916,44,28134480,95912,77960,34359738367,491836,17108,6884,10224,108,195746820,187233340,8513480,44,7618288,69420,21976,197354368,192137660,5216708,0,4714716,456,17280,197386256,179891696,17494560,0,8489420,23536,19596,197379804,189554884,7824920,0,7312056,2500,19108
2026-03-17T04:08:42.796444,787867248,748817252,753958588,52,28134536,95912,77960,34359738367,491836,17108,6884,10224,108,195746820,187233012,8513808,52,7618344,69420,21976,197354368,192137660,5216708,0,4714716,456,17280,197386256,179891696,17494560,0,8489420,23536,19596,197379804,189554884,7824920,0,7312056,2500,19108
2026-03-17T04:08:43.797703,787867248,748817500,753958836,52,28134584,95912,77960,34359738367,491836,17108,6884,10224,108,195746820,187233260,8513560,52,7618392,69420,21976,197354368,192137660,5216708,0,4714716,456,17280,197386256,179891696,17494560,0,8489420,23536,19596,197379804,189554884,7824920,0,7312056,2500,19108
2026-03-17T04:08:44.799556,787867248,748817500,753958844,72,28134640,95912,77960,34359738367,491836,17108,6884,10224,108,195746820,187233260,8513560,44,7618448,69420,21976,197354368,192137660,5216708,0,4714716,456,17280,197386256,179891696,17494560,12,8489420,23536,19596,197379804,189554884,7824920,16,7312056,2500,19108
2026-03-17T04:08:45.801178,787867248,748817500,753958844,76,28134688,95912,77960,34359738367,491836,17108,6884,10224,108,195746820,187233260,8513560,48,7618496,69420,21976,197354368,192137660,5216708,0,4714716,456,17280,197386256,179891696,17494560,12,8489420,23536,19596,197379804,189554884,7824920,16,7312056,2500,19108
2026-03-17T04:08:46.802558,787867248,748817500,753958844,76,28134732,95912,77960,34359738367,491836,17108,6884,10224,108,195746820,187233260,8513560,48,7618540,69420,21976,197354368,192137660,5216708,0,4714716,456,17280,197386256,179891696,17494560,12,8489420,23536,19596,197379804,189554884,7824920,16,7312056,2500,19108
2026-03-17T04:08:47.806709,787867248,748817500,753958844,76,28134788,95912,77960,34359738367,491836,17108,6884,10224,108,195746820,187233260,8513560,48,7618596,69420,21976,197354368,192137660,5216708,0,4714716,456,17280,197386256,179891696,17494560,12,8489420,23536,19596,197379804,189554884,7824920,16,7312056,2500,19108
2026-03-17T04:08:48.808012,787867248,753279424,758420768,76,23655792,95912,77960,34359738367,491836,17108,6884,10224,108,195746820,187293248,8453572,48,7552624,69420,21976,197354368,192137660,5216708,0,4714716,456,17280,197386256,184306736,13079520,12,4076396,23536,19596,197379804,189554884,7824920,16,7312056,2500,19108
2026-03-17T04:08:49.809740,787867248,761517388,766658732,80,15487092,95912,77780,34359738367,491836,17108,6884,10224,108,195746820,191540724,4206096,52,3294296,69420,21812,197354368,192137660,5216708,0,4714424,456,17272,197386256,188284120,9102136,12,156440,23536,19596,197379804,189554884,7824920,16,7311852,2500,19100
2026-03-17T04:08:50.811650,787867248,769718592,774860440,80,7242320,95912,77780,34359738367,491836,17108,6884,10224,108,195746820,194750448,996372,52,97756,69420,21812,197354368,196764884,589484,0,78128,456,17272,197386256,188284488,9101768,12,156272,23536,19596,197379804,189932380,7447424,16,6910164,2500,19100
2026-03-17T04:08:51.813485,787867248,776641504,781782848,104,403744,95912,14276,34359738367,491836,17108,6884,10224,108,195746820,194769372,977448,60,97368,69420,5684,197354368,196780504,573864,0,77672,456,2152,197386256,188299104,9087152,24,155264,23536,3468,197379804,196792524,587280,20,73440,2500,2972
