time,total,free,available,dirty,anon,mapped,pageTable,vmallocTotal,vmallocUsed,own_VmRSS,own_RssAnon,own_RssFile,own_VmPTE,Node0_total,Node0_free,Node0_used,Node0_dirty,Node0_anon,Node0_mapped,Node0_pageTable,Node1_total,Node1_free,Node1_used,Node1_dirty,Node1_anon,Node1_mapped,Node1_pageTable,Node2_total,Node2_free,Node2_used,Node2_dirty,Node2_anon,Node2_mapped,Node2_pageTable,Node3_total,Node3_free,Node3_used,Node3_dirty,Node3_anon,Node3_mapped,Node3_pageTable
2026-08-30T19:53:52.598963,791008804,785831932,785389384,504,161236,150628,5312,34359738367,477340,15948,6880,9068,108,196529156,195212700,1316456,108,54084,49208,2136,198172692,196816964,1355728,24,4840,28540,380,198172692,197281852,890840,20,82296,63968,1648,198134264,196525008,1609256,352,20016,8912,1148
2026-08-30T19:53:53.599804,791008804,787979944,785611744,536,745252,163304,9036,34359738367,490684,16020,6888,9132,108,196529156,195392184,1136972,0,233016,49292,4188,198172692,197475140,697552,0,222100,39440,448,198172692,197457268,715424,0,268348,65284,2248,198134264,197655352,478912,536,21788,9288,2152
2026-08-30T19:53:54.600885,791008804,788381496,786043136,668,265168,189432,11196,34359738367,491564,16020,6888,9132,108,196529156,195562356,966800,0,59560,48952,4756,198172692,197634360,538332,0,48208,43532,1216,198172692,197622684,550008,0,99020,65284,2588,198134264,197562096,572168,668,58380,31664,2636
2026-08-30T19:53:55.601783,791008804,788378468,786025200,684,308748,208972,11420,34359738367,491612,16020,6888,9132,108,196529156,195567888,961268,0,59608,48952,4744,198172692,197653672,519020,0,47276,44136,1216,198172692,197623232,549460,0,99076,65284,2432,198134264,197533676,600588,684,102788,50600,3028
2026-08-30T19:53:56.602975,791008804,787915032,785746788,664,379868,573764,13680,34359738367,493980,16020,6888,9132,108,196529156,195500672,1028484,0,74184,108052,5076,198172692,197526688,646004,0,73864,145388,1548,198172692,197561296,611396,0,107568,106484,2752,198134264,197326376,807888,664,124252,213840,4304
2026-08-30T19:53:57.604038,791008804,787811464,785691704,668,381960,678788,14912,34359738367,494748,16020,6888,9132,108,196529156,195497732,1031424,0,74360,118164,5380,198172692,197482444,690248,0,74108,187328,2248,198172692,197544308,628384,0,109188,121500,2580,198134264,197286980,847284,668,124304,251796,4704
2026-08-30T19:53:58.608512,791008804,787810384,785692056,684,383056,681144,14144,34359738367,493964,16020,6888,9132,108,196529156,195496240,1032916,12,74752,118472,5400,198172692,197482772,689920,0,74108,188332,1644,198172692,197544892,627800,0,109964,121620,2888,198134264,197286480,847784,672,124232,252720,4212
2026-08-30T19:53:59.612482,791008804,787814892,785696696,684,384328,681144,14084,34359738367,494300,16024,6892,9132,108,196529156,195496668,1032488,12,74692,118472,5264,198172692,197484348,688344,0,74712,188332,1720,198172692,197543616,629076,0,110280,121620,2800,198134264,197290260,844004,672,124644,252720,4300
2026-08-30T19:54:00.616476,791008804,787842892,785724740,684,384488,681144,14072,34359738367,494300,16024,6892,9132,108,196529156,195504124,1025032,12,74624,118472,5140,198172692,197489076,683616,0,74700,188332,1720,198172692,197553664,619028,0,110468,121620,2912,198134264,197296028,838236,672,124696,252720,4300
2026-08-30T19:54:01.620504,791008804,787862668,785744768,696,384716,681144,14072,34359738367,494300,16024,6892,9132,108,196529156,195510772,1018384,12,74664,118472,5140,198172692,197493328,679364,0,74784,188332,1720,198172692,197558452,614240,0,110512,121620,2912,198134264,197300116,834148,684,124756,252720,4300
2026-08-30T19:54:02.623342,791008804,787873748,785755936,704,384972,681144,14072,34359738367,493756,16024,6892,9132,108,196529156,195515856,1013300,12,74712,118472,5140,198172692,197494468,678224,4,74860,188332,1720,198172692,197559612,613080,4,110564,121620,2912,198134264,197303812,830452,684,124836,252720,4300
2026-08-30T19:54:03.628494,791008804,787883020,785765480,704,384740,681200,14072,34359738367,493740,16024,6892,9132,108,196529156,195519896,1009260,12,74756,118472,5140,198172692,197495408,677284,4,74824,188332,1720,198172692,197561280,611412,4,110444,121676,2912,198134264,197306436,827828,684,124716,252720,4300
2026-08-30T19:54:04.632471,791008804,787891128,785773620,708,384980,681200,14072,34359738367,493740,16024,6892,9132,108,196529156,195523668,1005488,12,74800,118472,5140,198172692,197495844,676848,4,74900,188332,1720,198172692,197564584,608108,4,110496,121676,2912,198134264,197307032,827232,688,124784,252720,4300
2026-08-30T19:54:05.636484,791008804,787894092,785776584,720,385240,681200,14072,34359738367,493740,16024,6892,9132,108,196529156,195525244,1003912,20,74844,118472,5140,198172692,197495844,676848,4,74996,188332,1720,198172692,197565408,607284,4,110544,121676,2912,198134264,197307596,826668,692,124856,252720,4300
2026-08-30T19:54:06.639002,791008804,787896632,785779124,728,385460,681200,14072,34359738367,493740,16024,6892,9132,108,196529156,195526824,1002332,20,74892,118472,5140,198172692,197496364,676328,4,75068,188332,1720,198172692,197565796,606896,4,110588,121676,2912,198134264,197307648,826616,700,124912,252720,4300
2026-08-30T19:54:07.641790,791008804,787897472,785779964,736,385692,681200,14072,34359738367,493740,16024,6892,9132,108,196529156,195527468,1001688,20,74936,118472,5140,198172692,197496364,676328,4,75164,188332,1720,198172692,197565992,606700,4,110648,121676,2912,198134264,197307648,826616,708,124944,252720,4300
2026-08-30T19:54:08.644303,791008804,787898208,785780700,736,385880,681200,14072,34359738367,493740,16024,6892,9132,108,196529156,195527780,1001376,20,74980,118472,5140,198172692,197496364,676328,4,75240,188332,1720,198172692,197566416,606276,4,110684,121676,2912,198134264,197307648,826616,708,124976,252720,4300
2026-08-30T19:54:09.645628,791008804,787898744,785781236,736,386084,681200,14072,34359738367,493740,16024,6892,9132,108,196529156,195527832,1001324,20,75024,118472,5140,198172692,197496804,675888,4,75328,188332,1720,198172692,197566460,606232,4,110740,121676,2912,198134264,197307648,826616,708,124992,252720,4300
2026-08-30T19:54:10.646828,791008804,787898744,785781236,736,386260,681200,14072,34359738367,493740,16024,6892,9132,108,196529156,195527832,1001324,20,75080,118472,5140,198172692,197496804,675888,4,75380,188332,1720,198172692,197566460,606232,4,110804,121676,2912,198134264,197307648,826616,708,124996,252720,4300
2026-08-30T19:54:11.648113,791008804,787898996,785781488,740,386404,681200,14072,34359738367,493740,16024,6892,9132,108,196529156,195527832,1001324,20,75108,118472,5140,198172692,197496804,675888,4,75436,188332,1720,198172692,197566712,605980,4,110852,121676,2912,198134264,197307648,826616,712,125008,252720,4300
2026-08-30T19:54:12.649263,791008804,787891056,785773548,748,387296,681200,14072,34359738367,493740,16024,6892,9132,108,196529156,195527832,1001324,28,75128,118472,5140,198172692,197497056,675636,4,75444,188332,1720,198172692,197562616,610076,4,111540,121676,2912,198134264,197303552,830712,712,125184,252720,4300
2026-08-30T19:54:13.650299,791008804,787831864,785714448,748,427084,681236,14576,34359738367,496156,16024,6892,9132,108,196529156,195527076,1002080,28,75124,118472,5232,198172692,197496552,676140,4,73008,188332,1832,198172692,197548000,624692,4,115488,121676,3008,198134264,197260236,874028,712,163464,252756,4504
2026-08-30T19:54:14.652193,791008804,787825228,785707816,752,429148,681236,15092,34359738367,493996,16028,6896,9132,108,196529156,195524064,1005092,28,76060,118472,5352,198172692,197495804,676888,4,73580,188332,1820,198172692,197550760,621932,4,116048,121676,3172,198134264,197254600,879664,716,163460,252756,4748
2026-08-30T19:54:15.656472,791008804,787828256,785710868,752,429032,681276,14792,34359738367,494300,16028,6896,9132,108,196529156,195522488,1006668,28,75608,118472,5360,198172692,197496372,676320,4,73308,188372,1800,198172692,197550612,622080,4,116284,121676,3116,198134264,197258784,875480,716,163832,252756,4516
2026-08-30T19:54:16.660481,791008804,787829396,785712008,752,429156,681276,14676,34359738367,494300,16028,6896,9132,108,196529156,195522236,1006920,28,75632,118472,5260,198172692,197496788,675904,4,73776,188372,1960,198172692,197550464,622228,4,115920,121676,2940,198134264,197259908,874356,716,163828,252756,4516
2026-08-30T19:54:17.664475,791008804,787847284,785729896,756,429384,681276,14676,34359738367,494300,16028,6896,9132,108,196529156,195525484,1003672,28,75688,118472,5260,198172692,197500968,671724,4,73832,188372,1960,198172692,197556676,616016,4,115956,121676,2940,198134264,197264156,870108,720,163908,252756,4516
2026-08-30T19:54:18.668482,791008804,787863924,785746544,772,429616,681276,14676,34359738367,493836,16028,6896,9132,108,196529156,195529824,999332,28,75740,118472,5260,198172692,197505240,667452,4,73896,188372,1960,198172692,197561440,611252,4,115996,121676,2940,198134264,197267420,866844,736,163984,252756,4516
2026-08-30T19:54:19.672481,791008804,787865168,785747788,780,429860,681276,14676,34359738367,493836,16028,6896,9132,108,196529156,195530364,998792,36,75792,118472,5260,198172692,197505048,667644,4,73976,188372,1960,198172692,197562288,610404,4,116036,121676,2940,198134264,197267468,866796,736,164056,252756,4516
2026-08-30T19:54:20.676478,791008804,787870812,785753432,780,430120,681276,14676,34359738367,493836,16028,6896,9132,108,196529156,195531048,998108,36,75852,118472,5260,198172692,197507976,664716,4,74048,188372,1960,198172692,197563704,608988,4,116084,121676,2940,198134264,197268084,866180,736,164136,252756,4516
2026-08-30T19:54:21.680493,791008804,787872916,785755536,784,430360,681276,14676,34359738367,493836,16028,6896,9132,108,196529156,195531988,997168,36,75908,118472,5260,198172692,197508412,664280,4,74120,188372,1960,198172692,197564176,608516,4,116112,121676,2940,198134264,197268340,865924,740,164220,252756,4516
2026-08-30T19:54:22.684478,791008804,787873472,785756092,784,430596,681276,14676,34359738367,493836,16028,6896,9132,108,196529156,195531988,997168,36,75960,118472,5260,198172692,197508412,664280,4,74196,188372,1960,198172692,197564732,607960,4,116152,121676,2940,198134264,197268340,865924,740,164288,252756,4516
2026-08-30T19:54:23.688448,791008804,787867188,785749820,784,432068,681276,14676,34359738367,493836,17020,7888,9132,108,196529156,195532204,996952,36,76012,118472,5260,198172692,197508664,664028,4,74280,188372,1960,198172692,197561824,610868,4,116508,121676,2940,198134264,197264496,869768,740,165268,252756,4516
2026-08-30T19:54:24.689703,791008804,787867272,785749904,784,432320,681276,14676,34359738367,493836,17020,7888,9132,108,196529156,195532288,996868,36,76140,118472,5260,198172692,197508664,664028,4,74344,188372,1960,198172692,197561824,610868,4,116540,121676,2940,198134264,197264496,869768,740,165296,252756,4516
2026-08-30T19:54:25.690890,791008804,787867272,785749904,796,432520,681276,14676,34359738367,493836,17020,7888,9132,108,196529156,195532288,996868,44,76200,118472,5260,198172692,197508664,664028,4,74428,188372,1960,198172692,197561824,610868,4,116592,121676,2940,198134264,197264496,869768,744,165300,252756,4516
2026-08-30T19:54:26.692256,791008804,787869736,785752368,268,432740,681276,14676,34359738367,493836,17020,7888,9132,108,196529156,195532288,996868,44,76272,118472,5260,198172692,197508916,663776,4,74520,188372,1960,198172692,197562328,610364,4,116640,121676,2940,198134264,197266204,868060,216,165308,252756,4516
2026-08-30T19:54:27.693404,791008804,787870928,785753560,76,432896,681276,14676,34359738367,493836,17020,7888,9132,108,196529156,195532288,996868,44,76316,118472,5260,198172692,197508916,663776,0,74588,188372,1960,198172692,197562328,610364,0,116684,121676,2940,198134264,197267396,866868,32,165308,252756,4516
2026-08-30T19:54:28.694776,791008804,787871288,785753920,76,433012,681276,14676,34359738367,493836,17020,7888,9132,108,196529156,195532288,996868,44,76376,118472,5260,198172692,197509168,663524,0,74624,188372,1960,198172692,197562328,610364,0,116704,121676,2940,198134264,197267504,866760,32,165308,252756,4516
2026-08-30T19:54:29.695929,791008804,787790460,785673096,56,516580,681276,14720,34359738367,496828,17020,7888,9132,108,196529156,195510296,1018860,8,92776,118472,5260,198172692,197454860,717832,0,134216,188372,2036,198172692,197543420,629272,0,135140,121676,2940,198134264,197284028,850236,48,154448,252756,4484
2026-08-30T19:54:30.700474,791008804,787785732,785668388,64,516660,681276,15168,34359738367,494284,17020,7888,9132,108,196529156,195507476,1021680,8,92772,118472,5196,198172692,197452396,720296,0,134008,188372,2084,198172692,197545252,627440,0,135280,121676,3080,198134264,197280608,853656,56,154600,252756,4808
2026-08-30T19:54:31.702857,791008804,787778612,785661268,64,516624,681276,15056,34359738367,494332,17020,7888,9132,108,196529156,195505232,1023924,8,93420,118472,5724,198172692,197449400,723292,0,134280,188372,2088,198172692,197542072,630620,0,134596,121676,2840,198134264,197281908,852356,56,154328,252756,4404
2026-08-30T19:54:32.708475,791008804,787778560,785661216,84,516584,681276,14856,34359738367,494348,17020,7888,9132,108,196529156,195504456,1024700,20,92804,118472,5312,198172692,197449408,723284,0,134208,188372,2072,198172692,197541512,631180,0,135140,121676,2976,198134264,197283184,851080,64,154432,252756,4496
2026-08-30T19:54:33.710799,791008804,787788880,785671540,84,516716,681276,14856,34359738367,494348,17020,7888,9132,108,196529156,195509112,1020044,20,92804,118472,5312,198172692,197449144,723548,0,134340,188372,2072,198172692,197542240,630452,0,135140,121676,2976,198134264,197288384,845880,64,154432,252756,4496
2026-08-30T19:54:34.716472,791008804,787808948,785691612,88,516716,681276,14856,34359738367,493852,17020,7888,9132,108,196529156,195514408,1014748,20,92804,118472,5312,198172692,197454256,718436,0,134340,188372,2072,198172692,197548456,624236,0,135140,121676,2976,198134264,197291828,842436,68,154432,252756,4496
2026-08-30T19:54:35.718836,791008804,787813448,785696112,92,516716,681276,14856,34359738367,493852,17020,7888,9132,108,196529156,195515780,1013376,20,92804,118472,5312,198172692,197455512,717180,0,134340,188372,2072,198172692,197549320,623372,0,135140,121676,2976,198134264,197292836,841428,72,154432,252756,4496
2026-08-30T19:54:36.724457,791008804,787819688,785702352,92,516716,681276,14856,34359738367,493852,17020,7888,9132,108,196529156,195516232,1012924,20,92804,118472,5312,198172692,197459972,712720,0,134340,188372,2072,198172692,197549996,622696,0,135140,121676,2976,198134264,197293488,840776,72,154432,252756,4496
2026-08-30T19:54:37.726821,791008804,787822400,785705064,92,516716,681276,14856,34359738367,493852,17020,7888,9132,108,196529156,195516788,1012368,20,92804,118472,5312,198172692,197460456,712236,0,134340,188372,2072,198172692,197550920,621772,0,135140,121676,2976,198134264,197294236,840028,72,154432,252756,4496
2026-08-30T19:54:38.732467,791008804,787824280,785706944,96,516716,681276,14856,34359738367,493852,17020,7888,9132,108,196529156,195517388,1011768,20,92804,118472,5312,198172692,197460900,711792,0,134340,188372,2072,198172692,197551316,621376,0,135140,121676,2976,198134264,197294676,839588,76,154432,252756,4496
2026-08-30T19:54:39.735310,791008804,787824296,785706960,76,516720,681276,14856,34359738367,493852,17020,7888,9132,108,196529156,195517388,1011768,28,92804,118472,5312,198172692,197460900,711792,0,134340,188372,2072,198172692,197551332,621360,0,135144,121676,2976,198134264,197294676,839588,48,154432,252756,4496
2026-08-30T19:54:40.737925,791008804,787824844,785707508,80,516720,681276,14856,34359738367,493852,17020,7888,9132,108,196529156,195517388,1011768,28,92804,118472,5312,198172692,197461164,711528,0,134340,188372,2072,198172692,197551584,621108,0,135144,121676,2976,198134264,197294708,839556,52,154432,252756,4496
2026-08-30T19:54:41.739244,791008804,787825128,785707792,80,516720,681276,14856,34359738367,493852,17020,7888,9132,108,196529156,195517388,1011768,28,92804,118472,5312,198172692,197461196,711496,0,134340,188372,2072,198172692,197551584,621108,0,135144,121676,2976,198134264,197294960,839304,52,154432,252756,4496
2026-08-30T19:54:42.740708,791008804,787825128,785707792,80,516720,681276,14856,34359738367,493852,17020,7888,9132,108,196529156,195517388,1011768,28,92804,118472,5312,198172692,197461196,711496,0,134340,188372,2072,198172692,197551584,621108,0,135144,121676,2976,198134264,197294960,839304,52,154432,252756,4496
2026-08-30T19:54:43.741941,791008804,787818024,785700688,84,517152,681276,14856,34359738367,493852,17020,7888,9132,108,196529156,195517388,1011768,28,92804,118472,5312,198172692,197453840,718852,0,135276,188372,2072,198172692,197551836,620856,0,135144,121676,2976,198134264,197294960,839304,56,153928,252756,4496
2026-08-30T19:54:44.743322,791008804,787818588,785701272,100,516560,681276,14856,34359738367,493852,17020,7888,9132,108,196529156,195517388,1011768,28,92292,118472,5312,198172692,197454152,718540,0,135276,188372,2072,198172692,197551836,620856,0,135144,121676,2976,198134264,197295212,839052,72,153848,252756,4496
2026-08-30T19:54:45.744668,791008804,787786836,785669520,100,515168,681276,14856,34359738367,493852,17020,7888,9132,108,196529156,195517388,1011768,28,91908,118472,5312,198172692,197422400,750292,0,134268,188372,2072,198172692,197551836,620856,0,135144,121676,2976,198134264,197295212,839052,72,153848,252756,4496
2026-08-30T19:54:46.745798,791008804,787755264,785637952,108,514968,681276,15168,34359738367,494556,17020,7888,9132,108,196529156,195506388,1022768,36,91868,118472,5312,198172692,197416660,756032,0,134112,188372,2280,198172692,197542364,630328,0,135152,121676,3080,198134264,197289852,844412,72,153836,252756,4496
2026-08-30T19:54:47.748477,791008804,787749616,785632316,112,515140,681276,14976,34359738367,494076,17020,7888,9132,108,196529156,195505840,1023316,36,92176,118472,5276,198172692,197420280,752412,0,134108,188372,2244,198172692,197541000,631692,0,134764,121676,2888,198134264,197282496,851768,76,154092,252756,4568
2026-08-30T19:54:48.752484,791008804,787749572,785632272,112,514944,681276,14780,34359738367,494268,17020,7888,9132,108,196529156,195505636,1023520,36,91880,118472,5300,198172692,197424496,748196,0,134228,188372,2088,198172692,197538596,634096,0,135004,121676,2884,198134264,197280844,853420,76,153832,252756,4508
2026-08-30T19:54:49.756479,791008804,787769952,785652652,112,515080,681276,14856,34359738367,494268,17020,7888,9132,108,196529156,195509792,1019364,36,91884,118472,5300,198172692,197433776,738916,0,134192,188372,2072,198172692,197543260,629432,0,135160,121676,2988,198134264,197283124,851140,76,153844,252756,4496
2026-08-30T19:54:50.760482,791008804,787791184,785673884,116,515080,681276,14856,34359738367,493788,17020,7888,9132,108,196529156,195514024,1015132,36,91884,118472,5300,198172692,197440616,732076,0,134192,188372,2072,198172692,197549136,623556,0,135160,121676,2988,198134264,197287408,846856,80,153844,252756,4496
2026-08-30T19:54:51.764482,791008804,787802956,785685660,116,515080,681276,14856,34359738367,493788,17020,7888,9132,108,196529156,195516496,1012660,36,91884,118472,5300,198172692,197445364,727328,0,134192,188372,2072,198172692,197551472,621220,0,135160,121676,2988,198134264,197289624,844640,80,153844,252756,4496
2026-08-30T19:54:52.768486,791008804,787808580,785691284,124,515080,681276,14856,34359738367,493788,17020,7888,9132,108,196529156,195517428,1011728,44,91884,118472,5300,198172692,197448564,724128,0,134192,188372,2072,198172692,197552728,619964,0,135160,121676,2988,198134264,197289860,844404,80,153844,252756,4496
2026-08-30T19:54:53.772486,791008804,787808784,785691492,128,515084,681276,14856,34359738367,493788,17020,7888,9132,108,196529156,195518588,1010568,44,91884,118472,5300,198172692,197453604,719088,0,134192,188372,2072,198172692,197553904,618788,0,135160,121676,2988,198134264,197282688,851576,84,153848,252756,4496
2026-08-30T19:54:54.776474,791008804,787813016,785695728,128,515084,681276,14856,34359738367,493788,17020,7888,9132,108,196529156,195519036,1010120,44,91884,118472,5300,198172692,197455936,716756,0,134192,188372,2072,198172692,197554316,618376,0,135160,121676,2988,198134264,197283728,850536,84,153848,252756,4496
2026-08-30T19:54:55.779017,791008804,787817344,785700056,128,515084,681276,14856,34359738367,493788,17020,7888,9132,108,196529156,195521084,1008072,44,91884,118472,5300,198172692,197457528,715164,0,134192,188372,2072,198172692,197554568,618124,0,135160,121676,2988,198134264,197284164,850100,84,153848,252756,4496
2026-08-30T19:54:56.781821,791008804,787818604,785701316,132,515148,681276,14856,34359738367,493788,17020,7888,9132,108,196529156,195521084,1008072,44,91948,118472,5300,198172692,197458536,714156,0,134192,188372,2072,198172692,197554568,618124,0,135160,121676,2988,198134264,197284416,849848,88,153848,252756,4496
2026-08-30T19:54:57.784142,791008804,787820360,785703072,144,515148,681276,14856,34359738367,493788,17020,7888,9132,108,196529156,195521172,1007984,44,91948,118472,5300,198172692,197460112,712580,0,134192,188372,2072,198172692,197554584,618108,0,135160,121676,2988,198134264,197284492,849772,100,153848,252756,4496
2026-08-30T19:54:58.785331,791008804,787821516,785704240,92,515152,681276,14856,34359738367,493788,17020,7888,9132,108,196529156,195521172,1007984,44,91952,118472,5300,198172692,197460764,711928,0,134192,188372,2072,198172692,197554836,617856,0,135160,121676,2988,198134264,197284744,849520,48,153848,252756,4496
2026-08-30T19:54:59.786590,791008804,787822132,785704856,100,515152,681276,14856,34359738367,493788,17020,7888,9132,108,196529156,195521172,1007984,52,91952,118472,5300,198172692,197461128,711564,0,134192,188372,2072,198172692,197554836,617856,0,135160,121676,2988,198134264,197284996,849268,48,153848,252756,4496
2026-08-30T19:55:00.788009,791008804,787822384,785705108,76,515152,681276,14856,34359738367,493788,17020,7888,9132,108,196529156,195521172,1007984,44,91952,118472,5300,198172692,197461380,711312,0,134192,188372,2072,198172692,197554836,617856,0,135160,121676,2988,198134264,197284996,849268,32,153848,252756,4496
2026-08-30T19:55:01.789351,791008804,787822384,785705360,1184,515152,681276,14856,34359738367,493772,17020,7888,9132,108,196529156,195520668,1008488,44,91952,118472,5300,198172692,197461380,711312,0,134192,188372,2072,198172692,197555088,617604,0,135160,121676,2988,198134264,197285248,849016,1140,153848,252756,4496
2026-08-30T19:55:02.790485,791008804,787777080,785660692,1916,518176,681276,14880,34359738367,495340,17020,7888,9132,108,196529156,195518404,1010752,324,91912,118472,5300,198172692,197425148,747544,4,138344,188372,2112,198172692,197550044,622648,12,135152,121676,2988,198134264,197283484,850780,1576,152768,252756,4480
2026-08-30T19:55:03.792513,791008804,787761708,785645344,1916,517880,681276,15168,34359738367,493500,17020,7888,9132,108,196529156,195512828,1016328,324,91504,118472,5300,198172692,197426144,746548,4,138216,188372,2076,198172692,197547208,625484,12,135148,121676,2988,198134264,197275528,858736,1576,153012,252756,4804
2026-08-30T19:55:04.796480,791008804,787759184,785642844,1876,518360,681276,14984,34359738367,493740,17020,7888,9132,108,196529156,195508956,1020200,280,92228,118472,5392,198172692,197431724,740968,4,138048,188372,2064,198172692,197547720,624972,12,135280,121676,2988,198134264,197270784,863480,1580,152804,252756,4540
2026-08-30T19:55:05.800478,791008804,787763000,785646660,1876,518364,681276,14856,34359738367,493740,17020,7888,9132,108,196529156,195508272,1020884,280,92188,118472,5404,198172692,197434036,738656,4,138104,188372,1972,198172692,197548848,623844,12,135200,121676,2976,198134264,197271844,862420,1580,152872,252756,4504
2026-08-30T19:55:06.804477,791008804,787787008,785670672,1888,518264,681276,14856,34359738367,493740,17020,7888,9132,108,196529156,195510220,1018936,292,92180,118472,5404,198172692,197444244,728448,4,138096,188372,1972,198172692,197555976,616716,12,135144,121676,2976,198134264,197276568,857696,1580,152844,252756,4504
2026-08-30T19:55:07.808480,791008804,787803536,785687200,1900,518264,681276,14856,34359738367,493292,17020,7888,9132,108,196529156,195514484,1014672,292,92180,118472,5404,198172692,197450692,722000,8,138096,188372,1972,198172692,197558412,614280,16,135144,121676,2976,198134264,197279948,854316,1584,152844,252756,4504
2026-08-30T19:55:08.812481,791008804,787809444,785693108,1900,518264,681276,14856,34359738367,493292,17020,7888,9132,108,196529156,195515248,1013908,292,92180,118472,5404,198172692,197453712,718980,8,138096,188372,1972,198172692,197559276,613416,16,135144,121676,2976,198134264,197281208,853056,1584,152844,252756,4504
2026-08-30T19:55:09.816467,791008804,787815532,785699196,1912,518264,681276,14856,34359738367,493292,17020,7888,9132,108,196529156,195515512,1013644,292,92180,118472,5404,198172692,197457000,715692,8,138096,188372,1972,198172692,197560872,611820,16,135144,121676,2976,198134264,197282148,852116,1596,152844,252756,4504
2026-08-30T19:55:10.820477,791008804,787820664,785704328,1912,518264,681276,14856,34359738367,493292,17020,7888,9132,108,196529156,195517156,1012000,292,92180,118472,5404,198172692,197459556,713136,8,138096,188372,1972,198172692,197561056,611636,16,135144,121676,2976,198134264,197282896,851368,1596,152844,252756,4504
2026-08-30T19:55:11.824474,791008804,787823588,785707252,1916,518264,681276,14856,34359738367,493292,17020,7888,9132,108,196529156,195517408,1011748,292,92180,118472,5404,198172692,197461272,711420,8,138096,188372,1972,198172692,197561436,611256,16,135144,121676,2976,198134264,197283472,850792,1600,152844,252756,4504
2026-08-30T19:55:12.826873,791008804,787825572,785709236,1916,518264,681276,14856,34359738367,493292,17020,7888,9132,108,196529156,195517408,1011748,292,92180,118472,5404,198172692,197463256,709436,8,138096,188372,1972,198172692,197561436,611256,16,135144,121676,2976,198134264,197283472,850792,1600,152844,252756,4504
2026-08-30T19:55:13.829580,791008804,787827104,785710772,1924,518264,681276,14856,34359738367,493292,17020,7888,9132,108,196529156,195517620,1011536,300,92180,118472,5404,198172692,197464556,708136,8,138096,188372,1972,198172692,197561452,611240,16,135144,121676,2976,198134264,197283476,850788,1600,152844,252756,4504
2026-08-30T19:55:14.830833,791008804,787828628,785712324,1924,518652,681276,14856,34359738367,493292,17020,7888,9132,108,196529156,195517692,1011464,300,92568,118472,5404,198172692,197465188,707504,8,138096,188372,1972,198172692,197561516,611176,16,135144,121676,2976,198134264,197284232,850032,1600,152844,252756,4504
2026-08-30T19:55:15.832080,791008804,787829108,785712804,1900,518652,681276,14856,34359738367,493292,17020,7888,9132,108,196529156,195517692,1011464,300,92568,118472,5404,198172692,197465668,707024,8,138096,188372,1972,198172692,197561516,611176,16,135144,121676,2976,198134264,197284232,850032,1576,152844,252756,4504
2026-08-30T19:55:16.833472,791008804,787829360,785713056,1900,518652,681276,14856,34359738367,493292,17020,7888,9132,108,196529156,195517692,1011464,300,92568,118472,5404,198172692,197465668,707024,8,138096,188372,1972,198172692,197561516,611176,16,135144,121676,2976,198134264,197284484,849780,1576,152844,252756,4504
2026-08-30T19:55:17.834692,791008804,787829632,785713328,1900,518652,681276,14856,34359738367,493292,17020,7888,9132,108,196529156,195517692,1011464,300,92568,118472,5404,198172692,197465668,707024,8,138096,188372,1972,198172692,197561516,611176,16,135144,121676,2976,198134264,197284756,849508,1576,152844,252756,4504
2026-08-30T19:55:18.836090,791008804,787820812,785704508,1912,517644,681276,14856,34359738367,493292,17020,7888,9132,108,196529156,195485940,1043216,304,119784,118472,5404,198172692,197488600,684092,8,109872,188372,1972,198172692,197561516,611176,16,135144,121676,2976,198134264,197284756,849508,1584,152844,252756,4504
2026-08-30T19:55:19.837506,791008804,787798172,785681872,1920,517756,681276,15488,34359738367,494300,17020,7888,9132,108,196529156,195480808,1048348,312,119668,118472,5564,198172692,197484256,688436,8,109792,188372,2132,198172692,197551312,621380,16,135172,121676,3080,198134264,197281796,852468,1584,153124,252756,4712
2026-08-30T19:55:20.840475,791008804,787788092,785671800,1920,517812,681276,14984,34359738367,493500,17020,7888,9132,108,196529156,195481580,1047576,312,119692,118472,5356,198172692,197479992,692700,8,110044,188372,2040,198172692,197551660,621032,16,135296,121676,3104,198134264,197274860,859404,1584,152780,252756,4484
2026-08-30T19:55:21.844476,791008804,787789476,785673184,1936,517600,681276,14864,34359738367,493340,17020,7888,9132,108,196529156,195482428,1046728,312,119668,118472,5356,198172692,197480020,692672,8,109740,188372,1936,198172692,197552624,620068,16,135360,121676,3080,198134264,197274404,859860,1600,152832,252756,4492
2026-08-30T19:55:22.853704,791008804,787804412,785688120,1940,517632,681276,14864,34359738367,493340,17020,7888,9132,108,196529156,195486808,1042348,312,119668,118472,5356,198172692,197483260,689432,8,109748,188372,1936,198172692,197558108,614584,16,135384,121676,3080,198134264,197276236,858028,1604,152832,252756,4492
2026-08-30T19:55:23.856135,791008804,787819044,785702752,1940,517632,681276,14864,34359738367,492972,17020,7888,9132,108,196529156,195490708,1038448,312,119668,118472,5356,198172692,197487212,685480,8,109748,188372,1936,198172692,197561720,610972,16,135384,121676,3080,198134264,197279404,854860,1604,152832,252756,4492
2026-08-30T19:55:24.860475,791008804,787825052,785708772,1944,518144,681276,14864,34359738367,492972,17020,7888,9132,108,196529156,195491044,1038112,312,120180,118472,5356,198172692,197489828,682864,8,109748,188372,1936,198172692,197562944,609748,16,135384,121676,3080,198134264,197281236,853028,1608,152832,252756,4492
2026-08-30T19:55:25.864474,791008804,787828528,785712252,1944,518144,681276,14864,34359738367,492972,17020,7888,9132,108,196529156,195492188,1036968,312,120180,118472,5356,198172692,197490468,682224,8,109748,188372,1936,198172692,197564280,608412,16,135384,121676,3080,198134264,197281592,852672,1608,152832,252756,4492
2026-08-30T19:55:26.868467,791008804,787831780,785715504,1952,518144,681276,14864,34359738367,492972,17020,7888,9132,108,196529156,195492468,1036688,320,120180,118472,5356,198172692,197491700,680992,8,109748,188372,1936,198172692,197564780,607912,16,135384,121676,3080,198134264,197282832,851432,1608,152832,252756,4492
2026-08-30T19:55:27.872475,791008804,787833784,785717508,1956,518144,681276,14864,34359738367,492972,17020,7888,9132,108,196529156,195492468,1036688,320,120180,118472,5356,198172692,197492660,680032,8,109748,188372,1936,198172692,197565096,607596,16,135384,121676,3080,198134264,197283560,850704,1612,152832,252756,4492
2026-08-30T19:55:28.876461,791008804,787834336,785718060,1956,518204,681276,14864,34359738367,492972,17020,7888,9132,108,196529156,195492484,1036672,320,120240,118472,5356,198172692,197492912,679780,8,109748,188372,1936,198172692,197565128,607564,16,135384,121676,3080,198134264,197283812,850452,1612,152832,252756,4492
2026-08-30T19:55:29.884713,791008804,787834772,785718496,1912,518204,681276,14864,34359738367,492972,17020,7888,9132,108,196529156,195492484,1036672,320,120240,118472,5356,198172692,197493036,679656,8,109748,188372,1936,198172692,197565128,607564,16,135384,121676,3080,198134264,197284124,850140,1568,152832,252756,4492
2026-08-30T19:55:30.887201,791008804,787836748,785720472,1916,518208,681276,14864,34359738367,492972,17020,7888,9132,108,196529156,195493676,1035480,320,120244,118472,5356,198172692,197493348,679344,8,109748,188372,1936,198172692,197565128,607564,16,135384,121676,3080,198134264,197284596,849668,1572,152832,252756,4492
2026-08-30T19:55:31.888504,791008804,787837896,785721620,1916,518208,681276,14864,34359738367,492972,17020,7888,9132,108,196529156,195494320,1034836,320,120244,118472,5356,198172692,197493600,679092,8,109748,188372,1936,198172692,197565128,607564,16,135384,121676,3080,198134264,197284848,849416,1572,152832,252756,4492
2026-08-30T19:55:32.889676,791008804,787838588,785722312,116,518208,681276,14864,34359738367,492972,17020,7888,9132,108,196529156,195494728,1034428,52,120244,118472,5356,198172692,197493632,679060,4,109748,188372,1936,198172692,197565128,607564,8,135384,121676,3080,198134264,197285100,849164,52,152832,252756,4492
2026-08-30T19:55:33.890841,791008804,787838936,785722660,76,518208,681276,14864,34359738367,492972,17020,7888,9132,108,196529156,195494728,1034428,44,120244,118472,5356,198172692,197493884,678808,4,109748,188372,1936,198172692,197565128,607564,4,135384,121676,3080,198134264,197285196,849068,24,152832,252756,4492
2026-08-30T19:55:34.892045,791008804,787839440,785723164,88,518208,681276,14864,34359738367,492972,17020,7888,9132,108,196529156,195494728,1034428,44,120244,118472,5356,198172692,197494136,678556,4,109748,188372,1936,198172692,197565128,607564,4,135384,121676,3080,198134264,197285448,848816,36,152832,252756,4492
2026-08-30T19:55:35.893097,791008804,788628720,786249004,624,215320,153116,12368,34359738367,490156,17020,7888,9132,108,196529156,195607024,922132,44,59888,48952,5380,198172692,197751908,420784,4,6372,29304,928,198172692,197610592,562100,4,124432,65340,3080,198134264,197659196,475068,572,24628,9520,2980
2026-08-30T19:55:36.894706,791008804,788527060,786176576,668,252336,178336,11756,34359738367,492140,17020,7888,9132,108,196529156,195606672,922484,0,59804,48480,5020,198172692,197752768,419924,0,5572,28820,660,198172692,197508120,664572,0,162476,91872,3368,198134264,197659500,474764,668,24484,9164,2708
2026-08-30T19:55:37.895684,791008804,788443772,786117816,672,289492,199984,11304,34359738367,492140,17020,7888,9132,108,196529156,195606728,922428,0,59748,48952,4744,198172692,197753524,419168,0,5380,28820,528,198172692,197423768,748924,0,199840,112944,3616,198134264,197659752,474512,672,24524,9268,2416
2026-08-30T19:55:38.896708,791008804,788230932,786010380,820,307912,468016,12768,34359738367,494620,17020,7888,9132,108,196529156,195506896,1022260,4,60064,153076,4988,198172692,197704096,468596,0,5680,81168,684,198172692,197398452,774240,0,217256,183800,4464,198134264,197621488,512776,816,24912,49972,2632
2026-08-30T19:55:39.906550,791008804,787805728,785802816,672,308608,904828,13864,34359738367,494572,17020,7888,9132,108,196529156,195331324,1197832,4,60396,334816,5508,198172692,197623772,548920,0,5828,164484,904,198172692,197285748,886944,0,217436,296620,4712,198134264,197564380,569884,668,24948,108908,2740
2026-08-30T19:55:40.907875,791008804,787348012,785575076,688,308608,1366800,14720,34359738367,494444,17020,7888,9132,108,196529156,195135412,1393744,16,60396,531724,5864,198172692,197541680,631012,0,5828,248240,1060,198172692,197137724,1034968,0,217436,445380,4952,198134264,197532692,601572,672,24948,141456,2844
2026-08-30T19:55:41.909316,791008804,786990588,785397948,688,308616,1724920,15504,34359738367,494332,17020,7888,9132,108,196529156,194965012,1564144,16,60404,701244,6208,198172692,197502128,670564,0,5828,287300,1160,198172692,197021744,1150948,0,217436,562760,5232,198134264,197501192,633072,672,24948,173616,2904
2026-08-30T19:55:42.910564,791008804,786614552,785343468,688,308644,2106628,16252,34359738367,494220,17020,7888,9132,108,196529156,194796832,1732324,16,60412,875400,6568,198172692,197406488,766204,0,5840,383004,1304,198172692,196931424,1241268,0,217440,652624,5412,198134264,197479304,654960,672,24952,195600,2968
2026-08-30T19:55:43.911809,791008804,786221788,785346548,692,308648,2502748,16932,34359738367,494300,17020,7888,9132,108,196529156,194599812,1929344,16,60436,1072512,6876,198172692,197268856,903836,0,5848,521364,1524,198172692,196908640,1264052,0,217424,676184,5524,198134264,197444480,689784,676,24940,233200,3008
2026-08-30T19:55:44.913096,791008804,785879080,785348996,708,308656,2845180,17648,34359738367,494252,17020,7888,9132,108,196529156,194443724,2085432,16,60404,1227800,7224,198172692,197244372,928320,4,5844,545628,1712,198172692,196810684,1362008,4,217440,774452,5636,198134264,197379792,754472,684,24968,297300,3076
2026-08-30T19:55:45.914524,791008804,785550516,785351604,708,308744,3177360,18292,34359738367,494140,17020,7888,9132,108,196529156,194245056,2284100,16,60368,1425992,7420,198172692,197226796,945896,4,5840,563612,1712,198172692,196715844,1456848,4,217576,871960,5972,198134264,197362820,771444,684,24960,315796,3188
2026-08-30T19:55:46.915811,791008804,785223520,785358640,712,308652,3511328,18948,34359738367,494220,17020,7888,9132,108,196529156,194067484,2461672,16,60472,1609052,7932,198172692,197227248,945444,4,5804,564004,1748,198172692,196583640,1589052,4,217476,1004460,6104,198134264,197344588,789676,688,24900,333812,3164
2026-08-30T19:55:47.917020,791008804,784963924,785360732,732,308644,3771248,19528,34359738367,494684,17020,7888,9132,108,196529156,193895500,2633656,24,60364,1779364,8112,198172692,197229520,943172,4,5824,564396,1748,198172692,196534740,1637952,4,217328,1052284,6248,198134264,197304164,830100,700,25128,375204,3420
2026-08-30T19:55:48.918033,791008804,784795712,785355816,736,308892,3936728,19992,34359738367,494764,17020,7888,9132,108,196529156,193814084,2715072,24,60444,1861536,8392,198172692,197197988,974704,4,5992,591180,1892,198172692,196511160,1661532,4,217360,1075688,6308,198134264,197272480,861784,704,25096,408324,3400
2026-08-30T19:55:49.920023,791008804,784772644,785346780,740,309276,3952624,20104,34359738367,493804,17020,7888,9132,108,196529156,193814196,2714960,24,60428,1862416,8388,198172692,197179164,993528,4,6488,604728,2156,198172692,196507316,1665376,4,217276,1076436,6128,198134264,197271968,862296,708,25084,409044,3432
2026-08-30T19:55:50.921100,791008804,784768172,785342992,744,310192,3953200,20128,34359738367,493820,17020,7888,9132,108,196529156,193812404,2716752,24,60688,1862456,8300,198172692,197178972,993720,4,6332,605216,1876,198172692,196504496,1668196,4,217764,1076436,6416,198134264,197272300,861964,712,25408,409092,3536
2026-08-30T19:55:51.922539,791008804,784764348,785344844,744,310228,3959024,20136,34359738367,493740,17020,7888,9132,108,196529156,193813360,2715796,24,60828,1862456,8392,198172692,197182092,990600,4,6432,605252,1860,198172692,196498928,1673764,4,217572,1082224,6332,198134264,197269968,864296,712,25396,409092,3552
2026-08-30T19:55:52.924509,791008804,784768612,785349560,748,311116,3959280,20136,34359738367,493292,17020,7888,9132,108,196529156,193815868,2713288,24,61068,1862648,8392,198172692,197183880,988812,4,6680,605252,1976,198172692,196498820,1673872,4,217840,1082288,6336,198134264,197270044,864220,716,25528,409092,3432
2026-08-30T19:55:53.932041,791008804,784764180,785352628,748,311132,3966896,20148,34359738367,493916,17020,7888,9132,108,196529156,193817508,2711648,24,60956,1862648,8392,198172692,197188860,983832,4,6616,605412,1860,198172692,196494812,1677880,4,217904,1082288,6332,198134264,197263000,871264,716,25656,416548,3564
2026-08-30T19:55:54.936211,791008804,784765868,785354440,756,311416,3966896,20148,34359738367,493772,17020,7888,9132,108,196529156,193818368,2710788,32,61004,1862648,8392,198172692,197188300,984392,4,6748,605412,1860,198172692,196495692,1677000,4,217984,1082288,6332,198134264,197263508,870756,716,25680,416548,3564
2026-08-30T19:55:55.939297,791008804,784762740,785351368,756,311788,3966896,20228,34359738367,493852,17020,7888,9132,108,196529156,193813836,2715320,32,61112,1862648,8496,198172692,197182860,989832,4,6728,605412,1956,198172692,196498068,1674624,4,218080,1082288,6332,198134264,197267976,866288,716,25868,416548,3444
2026-08-30T19:55:56.943724,791008804,784767996,785356712,756,312016,3966896,20148,34359738367,493244,17020,7888,9132,108,196529156,193812256,2716900,32,61296,1862648,8512,198172692,197183288,989404,4,6816,605412,1860,198172692,196502444,1670248,4,218028,1082288,6332,198134264,197270008,864256,716,25876,416548,3444
2026-08-30T19:55:57.947349,791008804,784774780,785363496,760,312208,3966896,20148,34359738367,493244,17020,7888,9132,108,196529156,193812844,2716312,32,61344,1862648,8512,198172692,197184532,988160,4,6856,605412,1860,198172692,196503688,1669004,4,218120,1082288,6332,198134264,197273716,860548,720,25888,416548,3444
2026-08-30T19:55:58.948620,791008804,784767724,785356572,760,315936,3966932,20260,34359738367,494060,17020,7888,9132,108,196529156,193813696,2715460,32,61288,1862648,8512,198172692,197174920,997772,4,10892,605432,1972,198172692,196505000,1667692,4,217948,1082304,6332,198134264,197274108,860156,720,25808,416548,3444
2026-08-30T19:55:59.949652,791008804,784761196,785350044,760,316652,3966932,20260,34359738367,494172,17020,7888,9132,108,196529156,193810848,2718308,32,61412,1862648,8512,198172692,197172232,1000460,4,11200,605432,1972,198172692,196504416,1668276,4,218176,1082304,6332,198134264,197273700,860564,720,25864,416548,3444
2026-08-30T19:56:00.951191,791008804,784757264,785346112,772,316900,3966932,20320,34359738367,493564,17020,7888,9132,108,196529156,193804128,2725028,32,61784,1862648,8784,198172692,197175040,997652,4,11184,605432,1868,198172692,196504748,1667944,4,218164,1082304,6332,198134264,197273348,860916,732,25768,416548,3336
2026-08-30T19:56:01.952611,791008804,784754516,785344128,784,317276,3966932,20100,34359738367,493116,17020,7888,9132,108,196529156,193800216,2728940,40,61728,1862648,8456,198172692,197177728,994964,4,11200,605432,1868,198172692,196503720,1668972,4,218276,1082304,6332,198134264,197272852,861412,736,26072,416548,3444
2026-08-30T19:56:02.954499,791008804,784764668,785354292,784,317496,3966932,20156,34359738367,493068,17020,7888,9132,108,196529156,193806624,2722532,40,61712,1862648,8392,198172692,197184808,987884,4,11224,605432,1868,198172692,196503900,1668792,4,218292,1082304,6332,198134264,197269336,864928,736,26268,416548,3564
2026-08-30T19:56:03.958350,791008804,784769148,785358780,788,317700,3966932,20156,34359738367,493244,17020,7888,9132,108,196529156,193811628,2717528,40,61740,1862648,8392,198172692,197185868,986824,4,11300,605432,1868,198172692,196502420,1670272,4,218492,1082304,6452,198134264,197269232,865032,740,26168,416548,3444
2026-08-30T19:56:04.961433,791008804,784770880,785360516,788,317600,3966932,20156,34359738367,493820,17020,7888,9132,108,196529156,193813260,2715896,40,61800,1862648,8392,198172692,197186864,985828,4,11348,605432,1976,198172692,196501848,1670844,4,218196,1082304,6240,198134264,197268908,865356,740,26256,416548,3548
2026-08-30T19:56:05.965388,791008804,784764944,785354592,788,317176,3966932,20208,34359738367,493836,17020,7888,9132,108,196529156,193814152,2715004,40,61532,1862648,8392,198172692,197187636,985056,4,11104,605432,1868,198172692,196494628,1678064,4,218364,1082304,6504,198134264,197268528,865736,740,26176,416548,3444
2026-08-30T19:56:06.969813,791008804,784765336,785354984,788,317816,3966932,20196,34359738367,493036,17020,7888,9132,108,196529156,193814664,2714492,40,61716,1862648,8392,198172692,197188144,984548,4,11296,605432,1884,198172692,196493424,1679268,4,218576,1082304,6440,198134264,197269104,865160,740,26228,416548,3480
2026-08-30T19:56:07.971222,791008804,784769620,785359268,792,318036,3966932,20160,34359738367,493036,17020,7888,9132,108,196529156,193814696,2714460,40,61828,1862648,8392,198172692,197188400,984292,4,11504,605432,1988,198172692,196495964,1676728,4,218472,1082304,6336,198134264,197270560,863704,744,26232,416548,3444
2026-08-30T19:56:08.973997,791008804,784776964,785366612,284,318036,3966932,20160,34359738367,493036,17020,7888,9132,108,196529156,193815084,2714072,48,61828,1862648,8392,198172692,197189916,982776,4,11504,605432,1988,198172692,196499556,1673136,4,218472,1082304,6336,198134264,197272408,861856,228,26232,416548,3444
2026-08-30T19:56:09.975083,791008804,784774656,785364304,116,320540,3966932,20264,34359738367,494540,17020,7888,9132,108,196529156,193815324,2713832,44,61784,1862648,8392,198172692,197184356,988336,0,14144,605432,2196,198172692,196501168,1671524,0,218380,1082304,6232,198134264,197273808,860456,72,26232,416548,3444
2026-08-30T19:56:10.976103,791008804,784761744,785351428,76,319584,3966932,20380,34359738367,493916,17020,7888,9132,108,196529156,193815452,2713704,44,61620,1862648,8392,198172692,197175544,997148,0,13544,605432,1996,198172692,196496916,1675776,0,218404,1082304,6548,198134264,197273832,860432,32,26016,416548,3444
2026-08-30T19:56:11.978260,791008804,784755480,785345164,76,320348,3966932,20400,34359738367,493596,17020,7888,9132,108,196529156,193815044,2714112,44,61924,1862648,8392,198172692,197177596,995096,0,13516,605432,1876,198172692,196488944,1683748,0,218600,1082304,6688,198134264,197273896,860368,32,26308,416548,3444
2026-08-30T19:56:12.980232,791008804,784750984,785340668,104,320048,3966932,20168,34359738367,493420,17020,7888,9132,108,196529156,193810020,2719136,56,61848,1862648,8496,198172692,197175536,997156,0,13504,605432,1892,198172692,196491708,1680984,0,218472,1082304,6336,198134264,197273720,860544,48,26224,416548,3444
2026-08-30T19:56:13.984731,791008804,784766024,785355732,72,320164,3966932,20272,34359738367,492876,17020,7888,9132,108,196529156,193807332,2721824,12,61860,1862648,8496,198172692,197185256,987436,0,13516,605432,1876,198172692,196500288,1672404,0,218472,1082304,6336,198134264,197273148,861116,60,26316,416548,3564
2026-08-30T19:56:14.986257,791008804,784768412,785358164,92,320276,3966932,20160,34359738367,492892,17020,7888,9132,108,196529156,193806548,2722608,24,61916,1862648,8504,198172692,197185984,986708,0,13512,605432,1876,198172692,196503028,1669664,4,218488,1082304,6336,198134264,197272852,861412,64,26360,416548,3444
2026-08-30T19:56:15.987577,791008804,784773096,785362856,92,320032,3966932,20272,34359738367,493180,17020,7888,9132,108,196529156,193809336,2719820,24,61768,1862648,8392,198172692,197188312,984380,0,13456,605432,1876,198172692,196503912,1668780,4,218492,1082304,6336,198134264,197271680,862584,64,26316,416548,3668
2026-08-30T19:56:16.992152,791008804,784775928,785365692,96,320312,3966932,20168,34359738367,493196,17020,7888,9132,108,196529156,193811172,2717984,24,61796,1862648,8392,198172692,197189880,982812,0,13556,605432,1876,198172692,196504868,1667824,4,218532,1082304,6336,198134264,197270008,864256,68,26428,416548,3564
2026-08-30T19:56:17.995473,791008804,784773960,785363728,108,319964,3966932,20168,34359738367,494252,17020,7888,9132,108,196529156,193812692,2716464,28,61736,1862648,8392,198172692,197189976,982716,0,13460,605432,1876,198172692,196505260,1667432,4,218416,1082304,6336,198134264,197266032,868232,76,26352,416548,3564
2026-08-30T19:56:18.998962,791008804,784774412,785364204,108,320196,3966932,20276,34359738367,493436,17020,7888,9132,108,196529156,193811252,2717904,28,61804,1862648,8404,198172692,197190068,982624,0,13544,605432,1876,198172692,196505844,1666848,4,218536,1082304,6336,198134264,197267280,866984,76,26348,416548,3660
2026-08-30T19:56:20.002066,791008804,784777448,785367240,108,320248,3966932,20168,34359738367,493436,17020,7888,9132,108,196529156,193811548,2717608,28,61812,1862648,8404,198172692,197190460,982232,0,13552,605432,1876,198172692,196505988,1666704,4,218536,1082304,6336,198134264,197269452,864812,76,26348,416548,3552
2026-08-30T19:56:21.004640,791008804,784779864,785369656,112,320248,3966932,20168,34359738367,493436,17020,7888,9132,108,196529156,193811612,2717544,28,61812,1862648,8404,198172692,197190460,982232,0,13552,605432,1876,198172692,196506104,1666588,4,218536,1082304,6336,198134264,197271688,862576,80,26348,416548,3552
2026-08-30T19:56:22.006856,791008804,784777744,785367536,120,320708,3966932,20168,34359738367,494428,17020,7888,9132,108,196529156,193807776,2721380,36,61908,1862648,8512,198172692,197190060,982632,0,14056,605432,1876,198172692,196504972,1667720,4,218440,1082304,6228,198134264,197274936,859328,80,26304,416548,3552
2026-08-30T19:56:23.008098,791008804,784767604,785357408,120,319864,3966932,20276,34359738367,493916,17020,7888,9132,108,196529156,193804008,2725148,36,61540,1862648,8272,198172692,197184880,987812,0,13580,605432,2120,198172692,196502788,1669904,4,218616,1082304,6440,198134264,197275928,858336,80,26128,416548,3444
2026-08-30T19:56:24.009355,791008804,784758156,785347960,100,319988,3966932,20244,34359738367,493932,17020,7888,9132,108,196529156,193801384,2727772,40,61784,1862648,8408,198172692,197181908,990784,0,13324,605432,1780,198172692,196499888,1672804,4,218700,1082304,6612,198134264,197274976,859288,56,26180,416548,3444
2026-08-30T19:56:25.013728,791008804,784757524,785347336,100,320284,3966932,20320,34359738367,493564,17020,7888,9132,108,196529156,193801608,2727548,40,62004,1862648,8676,198172692,197181012,991680,0,13540,605432,1932,198172692,196499568,1673124,4,218432,1082304,6268,198134264,197275336,858928,56,26308,416548,3444
2026-08-30T19:56:26.015361,791008804,784766716,785356540,112,319884,3966932,20168,34359738367,493820,17020,7888,9132,108,196529156,193808532,2720624,40,61712,1862648,8392,198172692,197184388,988304,0,13528,605432,1876,198172692,196501688,1671004,4,218412,1082304,6336,198134264,197272108,862156,68,26232,416548,3564
2026-08-30T19:56:27.018020,791008804,784770564,785360388,116,320228,3966932,20224,34359738367,493884,17020,7888,9132,108,196529156,193811452,2717704,40,61744,1862648,8392,198172692,197185916,986776,0,13676,605432,1984,198172692,196501312,1671380,4,218548,1082304,6404,198134264,197271884,862380,72,26260,416548,3444
2026-08-30T19:56:28.019490,791008804,784769248,785359072,120,320268,3966932,20280,34359738367,493452,17020,7888,9132,108,196529156,193812040,2717116,40,61832,1862648,8392,198172692,197185932,986760,0,13780,605432,2072,198172692,196498152,1674540,4,218372,1082304,6372,198134264,197272968,861296,76,26272,416548,3444
2026-08-30T19:56:29.022067,791008804,784771232,785361060,128,320068,3966932,20192,34359738367,493836,17020,7888,9132,108,196529156,193812396,2716760,48,61832,1862648,8496,198172692,197188056,984636,0,13504,605432,1876,198172692,196498268,1674424,4,218508,1082304,6376,198134264,197272512,861752,76,26224,416548,3444
2026-08-30T19:56:30.027504,791008804,784767628,785357456,132,320280,3966932,20264,34359738367,493916,17020,7888,9132,108,196529156,193808492,2720664,48,61792,1862648,8412,198172692,197189332,983360,0,13544,605432,1876,198172692,196498892,1673800,4,218480,1082304,6336,198134264,197270912,863352,80,26464,416548,3640
2026-08-30T19:56:31.029067,791008804,784771744,785361580,132,320340,3966932,20168,34359738367,493356,17020,7888,9132,108,196529156,193808052,2721104,48,61760,1862648,8300,198172692,197190708,981984,0,13588,605432,1876,198172692,196502320,1670372,4,218588,1082304,6444,198134264,197270664,863600,80,26404,416548,3548
2026-08-30T19:56:32.031604,791008804,784775448,785365284,132,320272,3966932,20168,34359738367,493356,17020,7888,9132,108,196529156,193808056,2721100,48,61828,1862648,8404,198172692,197191408,981284,0,13584,605432,1876,198172692,196503976,1668716,4,218588,1082304,6444,198134264,197272008,862256,80,26272,416548,3444
2026-08-30T19:56:33.033368,791008804,784774520,785364356,136,321500,3966932,20172,34359738367,494924,17020,7888,9132,108,196529156,193804948,2724208,48,63016,1862648,8516,198172692,197191612,981080,0,13660,605432,1876,198172692,196503440,1669252,4,218536,1082304,6336,198134264,197274520,859744,84,26288,416548,3444
2026-08-30T19:56:34.034795,791008804,784766668,785356504,136,321208,3966932,20488,34359738367,493788,17020,7888,9132,108,196529156,193799644,2729512,48,63076,1862648,8940,198172692,197191440,981252,0,13584,605432,1876,198172692,196500040,1672652,4,218328,1082304,6228,198134264,197275544,858720,84,26220,416548,3444
2026-08-30T19:56:35.035873,791008804,784758864,785348716,136,321780,3966932,20172,34359738367,493420,17020,7888,9132,108,196529156,193797600,2731556,48,62840,1862648,8396,198172692,197191440,981252,0,13696,605432,1876,198172692,196494340,1678352,4,218460,1082304,6340,198134264,197275484,858780,84,26432,416548,3444
2026-08-30T19:56:36.037221,791008804,784752352,785342216,144,323260,3966932,20312,34359738367,493580,17020,7888,9132,108,196529156,193799600,2729556,56,62860,1862648,8448,198172692,197191188,981504,0,13592,605432,1876,198172692,196490936,1681756,4,220592,1082304,6428,198134264,197270628,863636,84,26216,416548,3560
2026-08-30T19:56:37.040991,791008804,784764304,785354188,148,323024,3966932,20268,34359738367,492844,17020,7888,9132,108,196529156,193804896,2724260,56,62804,1862648,8396,198172692,197189476,983216,0,13416,605432,1992,198172692,196499564,1673128,4,220496,1082304,6336,198134264,197270368,863896,88,26308,416548,3544
2026-08-30T19:56:38.044825,791008804,784765188,785355072,148,322960,3966932,20268,34359738367,493308,17020,7888,9132,108,196529156,193808136,2721020,56,62708,1862648,8396,198172692,197187848,984844,0,13568,605432,1996,198172692,196499468,1673224,4,220456,1082304,6348,198134264,197269736,864528,88,26228,416548,3528
2026-08-30T19:56:39.048563,791008804,784768584,785358468,156,323208,3966932,20112,34359738367,493388,17020,7888,9132,108,196529156,193809672,2719484,56,62928,1862648,8384,198172692,197184980,987712,0,13624,605432,2040,198172692,196502388,1670304,4,220492,1082304,6336,198134264,197271544,862720,96,26164,416548,3352
2026-08-30T19:56:40.051992,791008804,784767368,785357252,164,323144,3966932,20172,34359738367,493836,17020,7888,9132,108,196529156,193810412,2718744,56,62884,1862648,8396,198172692,197180428,992264,0,13584,605432,1996,198172692,196504080,1668612,4,220440,1082304,6336,198134264,197272448,861816,104,26236,416548,3444
2026-08-30T19:56:41.055527,791008804,784768532,785358416,164,323348,3966932,20272,34359738367,492924,17020,7888,9132,108,196529156,193810080,2719076,56,62920,1862648,8396,198172692,197183676,989016,0,13540,605432,1876,198172692,196500368,1672324,4,220600,1082304,6504,198134264,197274408,859856,104,26288,416548,3496
2026-08-30T19:56:42.057785,791008804,784772652,785362548,112,323368,3966932,20172,34359738367,492924,17020,7888,9132,108,196529156,193809416,2719740,56,62904,1862648,8396,198172692,197186604,986088,0,13540,605432,1876,198172692,196500784,1671908,4,220660,1082304,6456,198134264,197275848,858416,52,26264,416548,3444
2026-08-30T19:56:43.059420,791008804,784775708,785365604,124,323368,3966932,20172,34359738367,492924,17020,7888,9132,108,196529156,193809604,2719552,64,62904,1862648,8396,198172692,197188800,983892,0,13540,605432,1876,198172692,196501040,1671652,4,220660,1082304,6456,198134264,197276264,858000,56,26264,416548,3444
2026-08-30T19:56:44.060643,791008804,784775100,785364996,80,323724,3966932,20172,34359738367,494764,17020,7888,9132,108,196529156,193806548,2722608,44,63532,1862648,8516,198172692,197189852,982840,0,13460,605432,1860,198172692,196501964,1670728,4,220492,1082304,6352,198134264,197276736,857528,32,26240,416548,3444
2026-08-30T19:56:45.062112,791008804,784766100,785355996,80,323960,3966932,20172,34359738367,493740,17020,7888,9132,108,196529156,193804012,2725144,44,63780,1862648,8504,198172692,197187236,985456,0,13448,605432,1876,198172692,196498080,1674612,4,220524,1082304,6348,198134264,197276772,857492,32,26208,416548,3444
2026-08-30T19:56:46.063547,791008804,784758084,785347988,68,323896,3966932,20172,34359738367,493676,17020,7888,9132,108,196529156,193803624,2725532,12,63632,1862648,8396,198172692,197186528,986164,0,13464,605432,1876,198172692,196492896,1679796,4,220624,1082304,6456,198134264,197275036,859228,52,26176,416548,3444
2026-08-30T19:56:47.064927,791008804,784753788,785343736,64,324204,3966932,20172,34359738367,494108,17020,7888,9132,108,196529156,193804176,2724980,12,63720,1862648,8396,198172692,197185440,987252,0,13512,605432,1888,198172692,196489260,1683432,0,220512,1082304,6348,198134264,197274912,859352,52,26460,416548,3540
2026-08-30T19:56:48.073702,791008804,784755676,785345624,64,323816,3966932,20212,34359738367,493948,17020,7888,9132,108,196529156,193805336,2723820,12,63480,1862648,8384,198172692,197181476,991216,0,13668,605432,2048,198172692,196493848,1678844,0,220496,1082304,6336,198134264,197275016,859248,52,26172,416548,3444
2026-08-30T19:56:49.079500,791008804,784760172,785350120,64,324008,3966932,20188,34359738367,493500,17020,7888,9132,108,196529156,193803056,2726100,12,63708,1862648,8540,198172692,197184404,988288,0,13500,605432,1876,198172692,196498436,1674256,0,220608,1082304,6444,198134264,197274276,859988,52,26116,416548,3328
2026-08-30T19:56:50.084102,791008804,784763464,785353416,80,323904,3966932,20116,34359738367,493484,17020,7888,9132,108,196529156,193801300,2727856,24,63640,1862648,8408,198172692,197187056,985636,0,13516,605432,1876,198172692,196500860,1671832,0,220440,1082304,6292,198134264,197274248,860016,56,26308,416548,3540
2026-08-30T19:56:51.086067,791008804,784766640,785356592,80,323612,3966932,20192,34359738367,493340,17020,7888,9132,108,196529156,193803144,2726012,24,63512,1862648,8396,198172692,197190416,982276,0,13440,605432,1876,198172692,196500596,1672096,0,220480,1082304,6336,198134264,197272484,861780,56,26180,416548,3584
2026-08-30T19:56:52.087855,791008804,784765428,785355388,88,323736,3966932,20136,34359738367,493820,17020,7888,9132,108,196529156,193804848,2724308,24,63468,1862648,8304,198172692,197191440,981252,0,13436,605432,1876,198172692,196501104,1671588,0,220340,1082304,6336,198134264,197268348,865916,64,26416,416548,3620
2026-08-30T19:56:53.091465,791008804,784768216,785358180,96,324144,3966932,20276,34359738367,493308,17020,7888,9132,108,196529156,193805656,2723500,24,63708,1862648,8396,198172692,197191456,981236,0,13568,605432,1876,198172692,196501476,1671216,0,220504,1082304,6348,198134264,197269628,864636,72,26364,416548,3656
2026-08-30T19:56:54.093179,791008804,784771804,785361768,96,324196,3966932,20172,34359738367,493308,17020,7888,9132,108,196529156,193805908,2723248,24,63720,1862648,8396,198172692,197191744,980948,0,13588,605432,1876,198172692,196502924,1669768,0,220524,1082304,6336,198134264,197271228,863036,72,26364,416548,3564
2026-08-30T19:56:55.094675,791008804,784774480,785364444,96,324196,3966932,20172,34359738367,493308,17020,7888,9132,108,196529156,193806200,2722956,24,63720,1862648,8396,198172692,197191892,980800,0,13588,605432,1876,198172692,196503132,1669560,0,220524,1082304,6336,198134264,197273256,861008,72,26364,416548,3564
2026-08-30T19:56:56.095815,791008804,784775432,785365396,104,323972,3966932,20332,34359738367,494332,17020,7888,9132,108,196529156,193803504,2725652,32,63756,1862648,8556,198172692,197191932,980760,0,13536,605432,1876,198172692,196503796,1668896,0,220436,1082304,6336,198134264,197276200,858064,72,26244,416548,3564
2026-08-30T19:56:57.096902,791008804,784761788,785351776,92,324140,3966932,20172,34359738367,494156,17020,7888,9132,108,196529156,193796692,2732464,40,63796,1862648,8516,198172692,197191964,980728,0,13592,605432,1876,198172692,196496420,1676272,0,220496,1082304,6336,198134264,197276712,857552,52,26256,416548,3444
2026-08-30T19:56:58.098568,791008804,784754944,785344948,92,324352,3966932,20244,34359738367,493788,17020,7888,9132,108,196529156,193799192,2729964,40,63540,1862648,8276,198172692,197192228,980464,0,13688,605432,1876,198172692,196487528,1685164,0,220752,1082304,6648,198134264,197275996,858268,52,26372,416548,3444
2026-08-30T19:56:59.102407,791008804,784754260,785344264,92,324228,3966932,20228,34359738367,493084,17020,7888,9132,108,196529156,193800668,2728488,40,63652,1862648,8384,198172692,197191000,981692,0,13520,605432,1768,198172692,196489376,1683316,0,220512,1082304,6348,198134264,197273216,861048,52,26544,416548,3728
2026-08-30T19:57:00.106060,791008804,784764284,785354288,96,323960,3966932,20172,34359738367,493180,17020,7888,9132,108,196529156,193805324,2723832,40,63776,1862648,8500,198172692,197190372,982320,0,13616,605432,1996,198172692,196494980,1677712,0,220496,1082304,6336,198134264,197273608,860656,56,26072,416548,3340
2026-08-30T19:57:01.110238,791008804,784766784,785356792,96,324268,3966932,20172,34359738367,493628,17020,7888,9132,108,196529156,193806932,2722224,40,63704,1862648,8396,198172692,197190412,982280,0,13680,605432,1876,198172692,196498112,1674580,0,220496,1082304,6336,198134264,197271328,862936,56,26388,416548,3564
2026-08-30T19:57:02.113937,791008804,784766552,785356560,96,323892,3966932,20208,34359738367,493356,17020,7888,9132,108,196529156,193807700,2721456,40,63476,1862648,8292,198172692,197187736,984956,0,13652,605432,1996,198172692,196499280,1673412,0,220604,1082304,6528,198134264,197271836,862428,56,26160,416548,3392
2026-08-30T19:57:03.116719,791008804,784766596,785356604,104,323772,3966932,20196,34359738367,493356,17020,7888,9132,108,196529156,193809636,2719520,48,63576,1862648,8396,198172692,197182228,990464,0,13552,605432,2020,198172692,196500560,1672132,0,220404,1082304,6336,198134264,197274172,860092,56,26240,416548,3444
2026-08-30T19:57:04.119668,791008804,784766004,785356020,108,324164,3966932,20236,34359738367,492828,17020,7888,9132,108,196529156,193809800,2719356,48,63812,1862648,8396,198172692,197179404,993288,0,13668,605432,2060,198172692,196501024,1671668,0,220468,1082304,6336,198134264,197275988,858276,60,26236,416548,3444
2026-08-30T19:57:05.123647,791008804,784773184,785363200,120,324256,3966932,20172,34359738367,492828,17020,7888,9132,108,196529156,193809888,2719268,48,63800,1862648,8396,198172692,197182312,990380,0,13668,605432,1996,198172692,196502116,1670576,0,220552,1082304,6336,198134264,197278868,855396,72,26236,416548,3444
2026-08-30T19:57:06.124982,791008804,784777056,785367072,124,324260,3966932,20172,34359738367,492828,17020,7888,9132,108,196529156,193810036,2719120,48,63804,1862648,8396,198172692,197185144,987548,0,13668,605432,1996,198172692,196502612,1670080,0,220552,1082304,6336,198134264,197279264,855000,76,26236,416548,3444
2026-08-30T19:57:07.125995,791008804,784775384,785365400,128,324388,3966932,20172,34359738367,492828,17020,7888,9132,108,196529156,193810168,2718988,48,63804,1862648,8396,198172692,197187140,985552,0,13668,605432,1996,198172692,196498636,1674056,0,220680,1082304,6336,198134264,197279440,854824,80,26236,416548,3444
2026-08-30T19:57:08.127013,791008804,784768840,785358884,128,324204,3966932,20232,34359738367,494476,17020,7888,9132,108,196529156,193803480,2725676,48,63816,1862648,8384,198172692,197187072,985620,0,13664,605432,2104,198172692,196498816,1673876,0,220712,1082304,6336,198134264,197279472,854792,80,26012,416548,3408
2026-08-30T19:57:09.128044,791008804,784757056,785347108,128,324136,3966932,20316,34359738367,493820,17020,7888,9132,108,196529156,193794288,2734868,48,63748,1862648,8564,198172692,197184892,987800,0,13576,605432,1972,198172692,196498816,1673876,0,220632,1082304,6336,198134264,197279060,855204,80,26180,416548,3444
2026-08-30T19:57:10.129108,791008804,784752976,785343040,140,324232,3966932,20292,34359738367,493804,17020,7888,9132,108,196529156,193795148,2734008,56,63860,1862648,8608,198172692,197178060,994632,0,13564,605432,1904,198172692,196500644,1672048,0,220600,1082304,6336,198134264,197279124,855140,84,26208,416548,3444
2026-08-30T19:57:11.130302,791008804,784757084,785347148,140,324196,3966932,20244,34359738367,493164,17020,7888,9132,108,196529156,193800116,2729040,56,63732,1862648,8488,198172692,197181488,991204,0,13636,605432,1968,198172692,196498196,1674496,0,220560,1082304,6316,198134264,197277284,856980,84,26268,416548,3472
2026-08-30T19:57:12.134649,791008804,784763848,785353912,92,324040,3966932,20276,34359738367,492908,17020,7888,9132,108,196529156,193805344,2723812,56,63628,1862648,8396,198172692,197186808,985884,0,13540,605432,1876,198172692,196495312,1677380,0,220692,1082304,6548,198134264,197276384,857880,36,26180,416548,3456
2026-08-30T19:57:13.136138,791008804,784764468,785354536,104,324120,3966932,20268,34359738367,493644,17020,7888,9132,108,196529156,193806900,2722256,56,63656,1862648,8396,198172692,197189164,983528,0,13540,605432,1876,198172692,196491760,1680932,0,220668,1082304,6448,198134264,197276644,857620,48,26256,416548,3548
2026-08-30T19:57:14.137949,791008804,784763852,785353928,104,324252,3966932,20216,34359738367,493452,17020,7888,9132,108,196529156,193808092,2721064,56,63752,1862648,8396,198172692,197190568,982124,0,13476,605432,1876,198172692,196492048,1680644,0,220512,1082304,6232,198134264,197273144,861120,48,26512,416548,3712
2026-08-30T19:57:15.144615,791008804,784766340,785356420,104,324008,3966932,20188,34359738367,493324,17020,7888,9132,108,196529156,193808604,2720552,56,63712,1862648,8396,198172692,197191584,981108,0,13428,605432,1876,198172692,196496228,1676464,0,220620,1082304,6336,198134264,197269924,864340,48,26248,416548,3580
2026-08-30T19:57:16.148096,791008804,784767816,785357896,104,324504,3966932,20172,34359738367,492716,17020,7888,9132,108,196529156,193809180,2719976,56,63876,1862648,8396,198172692,197189472,983220,0,13640,605432,1876,198172692,196497568,1675124,0,220624,1082304,6336,198134264,197271596,862668,48,26364,416548,3564
2026-08-30T19:57:17.151258,791008804,784769476,785359556,80,324724,3966932,20172,34359738367,492716,17020,7888,9132,108,196529156,193809364,2719792,44,63808,1862648,8396,198172692,197189264,983428,0,13712,605432,1996,198172692,196493836,1678856,0,220968,1082304,6336,198134264,197277012,857252,36,26236,416548,3444
2026-08-30T19:57:18.155702,791008804,784773120,785363220,80,324724,3966932,20172,34359738367,492716,17020,7888,9132,108,196529156,193809388,2719768,44,63808,1862648,8396,198172692,197189736,982956,0,13712,605432,1996,198172692,196495112,1677580,0,220968,1082304,6336,198134264,197278884,855380,36,26236,416548,3444
2026-08-30T19:57:19.159215,791008804,784775384,785365488,96,324724,3966932,20172,34359738367,492716,17020,7888,9132,108,196529156,193809408,2719748,44,63808,1862648,8396,198172692,197190528,982164,0,13712,605432,1996,198172692,196495520,1677172,0,220968,1082304,6336,198134264,197279928,854336,52,26236,416548,3444
2026-08-30T19:57:20.160753,791008804,788703416,786324512,676,213520,153072,11756,34359738367,489868,17020,7888,9132,108,196529156,195626068,903088,72,60020,49236,5168,198172692,197738176,434516,4,28304,28696,820,198172692,197648268,524424,0,100672,65872,2996,198134264,197690904,443360,600,24524,9268,2772
2026-08-30T19:57:21.162325,791008804,788599912,786248548,660,250920,178028,10852,34359738367,491852,17020,7888,9132,108,196529156,195626132,903024,4,59848,48956,4748,198172692,197633380,539312,0,66748,54464,1236,198172692,197649056,523636,4,99904,65340,2452,198134264,197691344,442920,652,24420,9268,2416
2026-08-30T19:57:22.163150,791008804,788508788,786182444,660,289560,199188,11316,34359738367,491852,17020,7888,9132,108,196529156,195626132,903024,4,59948,48956,4748,198172692,197542248,630444,0,105064,75624,1708,198172692,197649064,523628,4,100020,65340,2444,198134264,197691344,442920,652,24528,9268,2416
2026-08-30T19:57:23.164289,791008804,788346404,786093872,524,316656,307192,13328,34359738367,493916,17020,7888,9132,108,196529156,195626132,903024,4,59948,48956,4748,198172692,197378948,793744,0,132160,183628,3720,198172692,197649864,522828,0,100020,65340,2444,198134264,197691460,442804,520,24528,9268,2416
2026-08-30T19:57:24.259966,791008804,787959412,785903472,544,319252,548456,15612,34359738367,493916,17020,7888,9132,108,196529156,195626636,902520,16,59948,48956,4748,198172692,196992340,1180352,0,134748,423348,6000,198172692,197651384,521308,0,100020,65340,2444,198134264,197689052,445212,528,24536,10812,2420
2026-08-30T19:57:25.261304,791008804,787617180,785732240,544,320620,820000,15668,34359738367,493916,17020,7888,9132,108,196529156,195624116,905040,16,59948,49996,4748,198172692,196656156,1516536,0,136112,691276,6056,198172692,197648864,523828,0,100024,66648,2444,198134264,197687540,446724,528,24536,12584,2420
2026-08-30T19:57:26.262599,791008804,787265820,785554864,548,323836,1193040,15668,34359738367,493916,17020,7888,9132,108,196529156,195620096,909060,16,59964,53128,4748,198172692,196322128,1850564,0,139236,1051832,6056,198172692,197639036,533656,0,100072,73084,2444,198134264,197684560,449704,532,24564,14996,2420
2026-08-30T19:57:27.263793,791008804,786666600,785103960,548,586888,1758648,15708,34359738367,493916,17020,7888,9132,108,196529156,195598044,931112,16,76712,59328,4748,198172692,195863680,2309012,0,303792,1592620,6096,198172692,197576524,596168,0,141424,85384,2444,198134264,197628352,505912,532,64960,21316,2420
2026-08-30T19:57:28.265270,791008804,786400976,785025176,548,681276,1927744,16300,34359738367,493916,17020,7888,9132,108,196529156,195533708,995448,16,99068,96292,4824,198172692,195797760,2374932,0,325192,1645648,6284,198172692,197505548,667144,0,167488,127796,2612,198134264,197563960,570304,532,89528,58008,2580
2026-08-30T19:57:29.266417,791008804,785985124,784829388,568,774416,2166656,17216,34359738367,493916,17020,7888,9132,108,196529156,195432708,1096448,16,120724,157584,5068,198172692,195692884,2479808,4,349636,1702440,6480,198172692,197400684,772008,4,188996,185652,2840,198134264,197458848,675416,544,115060,120980,2828
2026-08-30T19:57:30.267715,791008804,785167744,784049956,588,836672,2262784,17876,34359738367,493900,17020,7888,9132,108,196529156,195220700,1308456,16,185432,177284,5284,198172692,195480336,2692356,4,294328,1731876,6604,198172692,197180904,991788,12,217432,209248,2984,198134264,197285804,848460,556,142768,144376,3004
2026-08-30T19:57:31.272424,791008804,785212888,784095160,588,826908,2263484,18088,34359738367,493900,17020,7888,9132,108,196529156,195241376,1287780,16,185308,177284,5276,198172692,195476492,2696200,4,286968,1732560,6776,198172692,197196568,976124,12,224508,209252,3052,198134264,197298452,835812,556,137344,144388,2984
2026-08-30T19:57:32.273959,791008804,785251296,784133576,596,802328,2263484,18064,34359738367,493900,17020,7888,9132,108,196529156,195251320,1277836,16,184980,177284,5240,198172692,195479036,2693656,4,279192,1732560,6744,198172692,197215676,957016,12,209460,209252,3036,198134264,197304760,829504,564,138564,144388,3044
2026-08-30T19:57:33.275470,791008804,785316728,784199008,596,862864,2263484,18096,34359738367,493900,17020,7888,9132,108,196529156,195262008,1267148,16,193676,177284,5296,198172692,195480316,2692376,4,282864,1732560,6768,198172692,197249016,923676,12,236280,209252,3040,198134264,197325388,808876,564,155012,144388,2992
2026-08-30T19:57:34.280431,791008804,785302000,784184288,600,869580,2263484,18088,34359738367,493900,17020,7888,9132,108,196529156,195255484,1273672,16,199876,177284,5280,198172692,195496764,2675928,4,288504,1732560,6792,198172692,197239772,932920,12,227040,209252,2992,198134264,197309980,824284,568,155672,144388,3024
2026-08-30T19:57:35.281969,791008804,785339940,784222232,604,834672,2263484,18088,34359738367,493900,17020,7888,9132,108,196529156,195260932,1268224,16,167572,177284,5264,198172692,195502336,2670356,4,284312,1732560,6776,198172692,197250312,922380,12,233240,209252,3044,198134264,197326360,807904,572,152068,144388,3004
2026-08-30T19:57:36.283503,791008804,785393920,784276212,604,810072,2263484,18136,34359738367,493900,17020,7888,9132,108,196529156,195282640,1246516,16,183104,177284,5336,198172692,195521004,2651688,4,267088,1732560,6724,198172692,197257796,914896,12,210140,209252,3080,198134264,197332480,801784,572,146852,144388,2996
2026-08-30T19:57:37.285041,791008804,785385216,784267508,604,803720,2263484,18064,34359738367,493900,17020,7888,9132,108,196529156,195265808,1263348,16,160004,177284,5300,198172692,195536044,2636648,4,286436,1732560,6704,198172692,197247020,925672,12,211320,209252,3048,198134264,197335840,798424,572,151944,144388,3012
2026-08-30T19:57:38.286533,791008804,785486564,784368864,616,465484,2263484,17792,34359738367,493900,17020,7888,9132,108,196529156,195318600,1210556,24,89716,177284,5236,198172692,195547360,2625332,4,183176,1732560,6616,198172692,197266748,905944,12,140588,209252,3008,198134264,197353856,780408,576,52004,144388,2932
2026-08-30T19:57:39.287991,791008804,785329264,784211572,616,870396,2263492,18060,34359738367,493900,17020,7888,9132,108,196529156,195253608,1275548,24,198880,177284,5316,198172692,195534176,2638516,4,298072,1732568,6676,198172692,197208372,964320,12,227872,209252,3064,198134264,197333184,801080,576,153092,144388,3008
2026-08-30T19:57:40.292435,791008804,785364092,784246404,616,883920,2263492,18164,34359738367,493900,17020,7888,9132,108,196529156,195262460,1266696,24,184244,177284,5320,198172692,195552608,2620084,4,302276,1732568,6748,198172692,197219032,953660,12,228952,209252,3040,198134264,197329992,804272,576,160032,144388,3056
2026-08-30T19:57:41.293994,791008804,785397468,784279780,620,871084,2263492,18140,34359738367,493900,17020,7888,9132,108,196529156,195273724,1255432,24,202364,177284,5336,198172692,195563224,2609468,4,302612,1732568,6744,198172692,197231540,941152,12,233192,209252,3060,198134264,197324484,809780,580,139480,144388,3000
2026-08-30T19:57:42.295445,791008804,785436332,784318648,620,867312,2263492,18168,34359738367,493900,17020,7888,9132,108,196529156,195279692,1249464,24,195088,177284,5328,198172692,195579940,2592752,4,290100,1732568,6684,198172692,197237408,935284,12,231668,209252,3176,198134264,197339292,794972,580,146296,144388,2980
2026-08-30T19:57:43.300439,791008804,785492584,784374908,628,865904,2263492,18164,34359738367,493900,17020,7888,9132,108,196529156,195303372,1225784,24,180360,177284,5268,198172692,195583872,2588820,4,290024,1732568,6740,198172692,197260792,911900,12,229388,209252,3088,198134264,197344548,789716,588,165888,144388,3068
2026-08-30T19:57:44.301861,791008804,785460272,784342596,628,850876,2263492,18156,34359738367,493900,17020,7888,9132,108,196529156,195290524,1238632,24,174860,177284,5340,198172692,195589472,2583220,4,293020,1732568,6720,198172692,197232972,939720,12,220976,209252,3140,198134264,197347304,786960,588,163028,144388,2956
2026-08-30T19:57:45.303272,791008804,785466544,784348892,644,854256,2263492,18168,34359738367,493900,17020,7888,9132,108,196529156,195287932,1241224,32,174200,177284,5376,198172692,195590432,2582260,4,302248,1732568,6752,198172692,197241092,931600,12,225096,209252,3080,198134264,197347088,787176,596,157280,144388,2960
2026-08-30T19:57:46.308441,791008804,785476288,784358636,644,866668,2263492,18112,34359738367,493900,17020,7888,9132,108,196529156,195298440,1230716,32,176820,177284,5276,198172692,195592472,2580220,4,299352,1732568,6748,198172692,197237052,935640,12,230084,209252,3040,198134264,197348324,785940,596,159676,144388,3048
2026-08-30T19:57:47.309950,791008804,785569312,784451660,644,516360,2263492,17924,34359738367,493900,17020,7888,9132,108,196529156,195324496,1204660,32,101728,177284,5188,198172692,195615172,2557520,4,192888,1732568,6612,198172692,197268756,903936,12,146984,209252,3064,198134264,197360888,773376,596,74760,144388,3060
2026-08-30T19:57:48.312441,791008804,785448652,784331004,648,887280,2263492,18024,34359738367,493900,17020,7888,9132,108,196529156,195264920,1264236,32,188800,177284,5348,198172692,195611880,2560812,4,284992,1732568,6596,198172692,197248396,924296,12,239164,209252,3016,198134264,197323456,810808,600,164700,144388,3064
2026-08-30T19:57:49.316441,791008804,785477256,784359608,648,866324,2263492,18116,34359738367,493900,17020,7888,9132,108,196529156,195291864,1237292,32,194520,177284,5388,198172692,195603284,2569408,4,275808,1732568,6748,198172692,197252236,920456,12,236152,209252,3032,198134264,197329872,804392,600,160852,144388,2948
2026-08-30T19:57:50.317889,791008804,785505972,784388332,656,892720,2263492,18136,34359738367,493900,17020,7888,9132,108,196529156,195298844,1230312,40,193176,177284,5272,198172692,195610004,2562688,4,303220,1732568,6724,198172692,197262156,910536,12,236848,209252,3176,198134264,197334968,799296,600,162452,144388,2964
2026-08-30T19:57:51.319240,791008804,785523348,784405716,656,865612,2263492,18120,34359738367,493900,17020,7888,9132,108,196529156,195291620,1237536,40,201240,177284,5356,198172692,195621596,2551096,4,279132,1732568,6636,198172692,197262584,910108,12,233964,209252,3116,198134264,197347548,786716,600,153292,144388,3012
2026-08-30T19:57:52.324439,791008804,785523064,784405436,660,900528,2263492,18180,34359738367,493900,17020,7888,9132,108,196529156,195302316,1226840,40,193148,177284,5364,198172692,195614044,2558648,4,305556,1732568,6676,198172692,197261080,911612,12,237260,209252,3068,198134264,197345624,788640,604,168820,144388,3072
2026-08-30T19:57:53.325852,791008804,785527100,784409472,140,906884,2263492,18160,34359738367,493900,17020,7888,9132,108,196529156,195286076,1243080,40,193920,177284,5364,198172692,195624308,2548384,4,297244,1732568,6812,198172692,197266792,905900,12,252452,209252,3044,198134264,197349924,784340,84,165788,144388,2940
2026-08-30T19:57:54.327275,791008804,785528480,784410904,28,912848,2263492,18172,34359738367,493900,17020,7888,9132,108,196529156,195292628,1236528,0,202704,177284,5376,198172692,195622540,2550152,0,299084,1732568,6780,198172692,197254492,918200,0,244376,209252,3060,198134264,197358820,775444,28,167692,144388,2956
2026-08-30T19:57:55.332671,791008804,785541664,784424092,32,842816,2263492,18080,34359738367,493900,17020,7888,9132,108,196529156,195302616,1226540,0,182264,177284,5312,198172692,195617804,2554888,0,292288,1732568,6724,198172692,197263892,908800,0,212996,209252,3076,198134264,197357352,776912,32,155772,144388,2968
2026-08-30T19:57:56.334138,791008804,785581268,784463716,76,685696,2263492,18048,34359738367,493900,17020,7888,9132,108,196529156,195304696,1224460,12,159224,177284,5368,198172692,195644420,2528272,12,195020,1732568,6668,198172692,197260132,912560,0,206644,209252,3016,198134264,197382732,751532,52,124304,144388,2996
2026-08-30T19:57:57.336433,791008804,785508136,784390584,88,867600,2263492,17924,34359738367,493900,17020,7888,9132,108,196529156,195288176,1240980,24,180608,177284,5300,198172692,195632724,2539968,12,304684,1732568,6608,198172692,197235232,937460,0,236840,209252,3028,198134264,197352004,782260,52,148880,144388,2988
2026-08-30T19:57:58.340434,791008804,785459644,784342108,96,866388,2263492,18188,34359738367,493900,17020,7888,9132,108,196529156,195275356,1253800,24,185056,177284,5372,198172692,195600152,2572540,12,301888,1732568,6684,198172692,197248628,924064,0,223532,209252,3128,198134264,197335508,798756,60,157928,144388,3004
2026-08-30T19:57:59.342024,791008804,785493788,784376252,96,856308,2263492,18104,34359738367,493900,17020,7888,9132,108,196529156,195271648,1257508,24,180188,177284,5376,198172692,195623288,2549404,12,287132,1732568,6676,198172692,197247328,925364,0,223440,209252,3060,198134264,197351524,782740,60,168916,144388,2992
2026-08-30T19:58:00.343448,791008804,785522136,784404600,96,857548,2263492,18160,34359738367,493900,17020,7888,9132,108,196529156,195282808,1246348,24,193372,177284,5292,198172692,195622104,2550588,12,290384,1732568,6760,198172692,197257644,915048,0,211300,209252,3052,198134264,197359640,774624,60,165860,144388,3028
2026-08-30T19:58:01.348436,791008804,785535996,784418464,100,873168,2263492,18168,34359738367,493900,17020,7888,9132,108,196529156,195293468,1235688,24,185128,177284,5316,198172692,195630032,2542660,12,294880,1732568,6716,198172692,197260244,912448,0,241884,209252,3104,198134264,197352252,782012,64,156164,144388,3032
2026-08-30T19:58:02.349849,791008804,785557968,784441176,104,881672,2263492,18180,34359738367,493900,17020,7888,9132,108,196529156,195301072,1228084,24,185796,177284,5348,198172692,195634964,2537728,12,299992,1732568,6648,198172692,197266508,906184,0,243968,209252,3160,198134264,197354416,779848,68,154720,144388,3024
2026-08-30T19:58:03.351363,791008804,785532148,784415356,104,849648,2263492,18152,34359738367,493900,17020,7888,9132,108,196529156,195287660,1241496,24,194756,177284,5336,198172692,195626968,2545724,12,284484,1732568,6700,198172692,197255024,917668,0,217732,209252,3036,198134264,197364008,770256,68,157396,144388,3080
2026-08-30T19:58:04.356440,791008804,785548604,784431824,88,816496,2263492,18128,34359738367,493900,17020,7888,9132,108,196529156,195285104,1244052,32,164424,177284,5256,198172692,195627660,2545032,12,300432,1732568,6772,198172692,197273140,899552,0,214232,209252,3068,198134264,197362700,771564,44,141792,144388,3032
2026-08-30T19:58:05.360430,791008804,785596044,784479264,88,726456,2263492,18124,34359738367,493900,17020,7888,9132,108,196529156,195303200,1225956,32,141276,177284,5236,198172692,195660672,2512020,12,212936,1732568,6788,198172692,197284260,888432,0,219016,209252,3088,198134264,197355032,779232,44,155484,144388,3012
2026-08-30T19:58:06.361746,791008804,785562344,784445564,88,781768,2263492,17796,34359738367,493900,17020,7888,9132,108,196529156,195294632,1234524,32,143660,177284,5192,198172692,195649580,2523112,12,261480,1732568,6616,198172692,197269684,903008,0,268248,209252,2996,198134264,197348448,785816,44,105972,144388,2992
2026-08-30T19:58:07.363423,791008804,785541272,784424504,88,881304,2263492,18136,34359738367,493900,17020,7888,9132,108,196529156,195273848,1255308,32,195588,177284,5356,198172692,195660252,2512440,12,292012,1732568,6660,198172692,197256848,915844,0,234864,209252,3072,198134264,197350324,783940,44,159848,144388,3048
2026-08-30T19:58:08.368433,791008804,785542792,784426028,92,871304,2263492,18136,34359738367,493900,17020,7888,9132,108,196529156,195286460,1242696,32,176972,177284,5356,198172692,195659288,2513404,12,308168,1732568,6752,198172692,197254808,917884,0,224404,209252,3064,198134264,197341228,793036,48,164584,144388,2964
2026-08-30T19:58:09.369756,791008804,785574476,784457720,104,868492,2263492,18164,34359738367,493900,17020,7888,9132,108,196529156,195288632,1240524,32,200540,177284,5368,198172692,195657892,2514800,12,292224,1732568,6744,198172692,197265588,907104,0,230580,209252,3064,198134264,197362364,771900,60,147736,144388,2988
2026-08-30T19:58:10.371188,791008804,785608544,784491796,112,894100,2263492,18152,34359738367,493900,17020,7888,9132,108,196529156,195292128,1237028,40,202776,177284,5336,198172692,195675228,2497464,12,296200,1732568,6696,198172692,197282780,889912,0,229212,209252,3064,198134264,197358408,775856,60,157996,144388,3056
2026-08-30T19:58:11.376444,791008804,785586728,784469988,120,887936,2263492,18144,34359738367,493900,17020,7888,9132,108,196529156,195289976,1239180,40,189412,177284,5324,198172692,195658572,2514120,12,294196,1732568,6700,198172692,197280708,891984,0,238616,209252,3068,198134264,197357472,776792,68,171348,144388,3052
2026-08-30T19:58:12.377885,791008804,785561292,784444552,120,881256,2263492,18160,34359738367,493900,17020,7888,9132,108,196529156,195294712,1234444,40,195364,177284,5328,198172692,195642152,2530540,12,292336,1732568,6664,198172692,197262956,909736,0,235416,209252,3112,198134264,197361472,772792,68,152488,144388,3056
2026-08-30T19:58:13.379366,791008804,785576336,784459604,120,837440,2263492,18132,34359738367,493900,17020,7888,9132,108,196529156,195289848,1239308,40,181988,177284,5352,198172692,195650960,2521732,12,297128,1732568,6696,198172692,197280148,892544,0,231188,209252,3044,198134264,197355380,778884,68,125516,144388,3040
2026-08-30T19:58:14.384455,791008804,785565432,784448704,124,831216,2263492,18084,34359738367,493900,17020,7888,9132,108,196529156,195286008,1243148,40,181036,177284,5296,198172692,195650740,2521952,12,274300,1732568,6600,198172692,197267448,905244,0,228452,209252,3092,198134264,197361236,773028,72,145724,144388,3096
2026-08-30T19:58:15.386017,791008804,785677616,784560888,124,487164,2263492,17812,34359738367,493900,17020,7888,9132,108,196529156,195334856,1194300,40,97756,177284,5240,198172692,195681296,2491396,12,186404,1732568,6592,198172692,197285752,886940,0,133288,209252,3004,198134264,197375712,758552,72,69716,144388,2976
2026-08-30T19:58:16.388575,791008804,785584628,784467900,124,861972,2263492,18140,34359738367,493900,17020,7888,9132,108,196529156,195303056,1226100,40,185240,177284,5412,198172692,195668200,2504492,12,290632,1732568,6620,198172692,197262628,910064,0,234336,209252,3104,198134264,197350744,783520,72,153276,144388,3004
2026-08-30T19:58:17.392437,791008804,785574516,784457800,136,878244,2263492,18128,34359738367,493900,17020,7888,9132,108,196529156,195299736,1229420,48,192560,177284,5348,198172692,195659632,2513060,12,286324,1732568,6764,198172692,197255748,916944,0,234208,209252,3064,198134264,197358896,775368,76,162352,144388,2952
2026-08-30T19:58:18.393971,791008804,785570920,784454204,136,895032,2263492,18136,34359738367,493900,17020,7888,9132,108,196529156,195289396,1239760,48,199760,177284,5336,198172692,195658548,2514144,12,287568,1732568,6684,198172692,197265236,907456,0,240112,209252,3108,198134264,197357740,776524,76,168096,144388,3008
2026-08-30T19:58:19.395507,791008804,785585432,784468724,136,891352,2263492,18160,34359738367,493900,17020,7888,9132,108,196529156,195295648,1233508,48,184688,177284,5316,198172692,195668384,2504308,12,298524,1732568,6752,198172692,197272160,900532,0,235148,209252,3120,198134264,197349240,785024,76,175268,144388,2972
2026-08-30T19:58:20.400436,791008804,785608976,784492272,140,882224,2263492,18132,34359738367,493900,17020,7888,9132,108,196529156,195307396,1221760,48,195704,177284,5324,198172692,195659300,2513392,12,300064,1732568,6700,198172692,197287900,884792,0,229432,209252,3116,198134264,197354380,779884,80,152680,144388,2992
2026-08-30T19:58:21.401902,791008804,785613552,784496856,148,894956,2263492,18180,34359738367,493900,17020,7888,9132,108,196529156,195309364,1219792,48,202840,177284,5372,198172692,195665848,2506844,12,293528,1732568,6736,198172692,197271452,901240,0,232968,209252,3056,198134264,197366888,767376,88,151160,144388,3016
2026-08-30T19:58:22.403245,791008804,785593320,784476624,148,888964,2263492,18184,34359738367,493900,17020,7888,9132,108,196529156,195292772,1236384,48,187372,177284,5364,198172692,195667344,2505348,12,283204,1732568,6712,198172692,197272420,900272,0,250396,209252,3180,198134264,197360784,773480,88,163712,144388,2928
2026-08-30T19:58:23.408445,791008804,785596792,784480100,152,839052,2263492,18152,34359738367,493900,17020,7888,9132,108,196529156,195290352,1238804,48,183756,177284,5260,198172692,195674920,2497772,12,285844,1732568,6736,198172692,197280576,892116,0,216824,209252,3164,198134264,197350944,783320,92,147480,144388,2992
2026-08-30T19:58:24.409982,791008804,785687380,784570700,164,529688,2263492,17956,34359738367,493900,17020,7888,9132,108,196529156,195321384,1207772,56,110908,177284,5328,198172692,195689068,2483624,12,194164,1732568,6624,198172692,197285932,886760,0,161596,209252,3000,198134264,197390996,743268,96,63020,144388,3004
2026-08-30T19:58:25.411266,791008804,785583612,784466940,68,877392,2263492,17888,34359738367,493900,17020,7888,9132,108,196529156,195287288,1241868,12,201680,177284,5336,198172692,195685300,2487392,12,269324,1732568,6632,198172692,197260920,911772,0,240668,209252,2988,198134264,197350104,784160,44,167232,144388,2932
2026-08-30T19:58:26.416429,791008804,785588248,784471580,72,862092,2263492,18140,34359738367,493900,17020,7888,9132,108,196529156,195282756,1246400,12,187656,177284,5312,198172692,195688656,2484036,12,296280,1732568,6748,198172692,197266532,906160,0,229608,209252,3100,198134264,197350304,783960,48,146960,144388,2980
2026-08-30T19:58:27.417753,791008804,785585360,784468692,32,874428,2263492,18124,34359738367,493900,17020,7888,9132,108,196529156,195299312,1229844,0,192084,177284,5344,198172692,195672120,2500572,0,277548,1732568,6692,198172692,197255384,917308,0,238516,209252,3116,198134264,197358544,775720,32,158848,144388,2972
2026-08-30T19:58:28.419250,791008804,785596376,784479708,32,875012,2263492,18176,34359738367,493900,17020,7888,9132,108,196529156,195303720,1225436,0,185984,177284,5292,198172692,195670104,2502588,0,288816,1732568,6780,198172692,197266036,906656,0,246956,209252,3080,198134264,197356012,778252,32,157952,144388,3024
2026-08-30T19:58:29.424468,791008804,785605168,784488500,36,848508,2263492,18156,34359738367,493900,17020,7888,9132,108,196529156,195301284,1227872,0,196400,177284,5352,198172692,195676764,2495928,0,278048,1732568,6704,198172692,197260472,912220,0,219232,209252,3116,198134264,197366648,767616,36,154828,144388,2984
2026-08-30T19:58:30.425925,791008804,785614584,784497940,84,865236,2263492,18148,34359738367,493900,17020,7888,9132,108,196529156,195298624,1230532,24,178568,177284,5316,198172692,195673300,2499392,12,295860,1732568,6628,198172692,197270800,901892,0,239196,209252,3124,198134264,197371860,762404,48,154644,144388,3080
2026-08-30T19:58:31.427241,791008804,785593164,784476520,84,874136,2263492,18160,34359738367,493900,17020,7888,9132,108,196529156,195286252,1242904,24,186332,177284,5324,198172692,195661916,2510776,12,301440,1732568,6724,198172692,197269704,902988,0,230236,209252,3072,198134264,197375292,758972,48,144484,144388,3040
2026-08-30T19:58:32.432446,791008804,785582336,784465692,84,863548,2263492,18124,34359738367,493900,17020,7888,9132,108,196529156,195303524,1225632,24,182312,177284,5312,198172692,195653084,2519608,12,301436,1732568,6704,198172692,197263312,909380,0,227068,209252,3032,198134264,197361912,772352,48,160192,144388,3076
2026-08-30T19:58:33.433916,791008804,785630532,784513892,88,738728,2263492,18124,34359738367,493884,17020,7888,9132,108,196529156,195298820,1230336,24,189652,177284,5408,198172692,195699216,2473476,12,200868,1732568,6644,198172692,197282660,890032,0,195364,209252,3088,198134264,197349836,784428,52,152844,144388,2984
2026-08-30T19:58:34.435252,791008804,785529864,784413232,96,885032,2263492,17772,34359738367,493884,17020,7888,9132,108,196529156,195283964,1245192,24,218036,177284,5256,198172692,195644396,2528296,12,282048,1732568,6552,198172692,197257980,914712,0,198596,209252,3028,198134264,197343524,790740,60,176296,144388,2936
2026-08-30T19:58:35.440444,791008804,785616568,784499948,72,865388,2263492,18184,34359738367,493884,17020,7888,9132,108,196529156,195308720,1220436,24,188448,177284,5324,198172692,195678204,2494488,12,280072,1732568,6680,198172692,197272676,900016,0,245144,209252,3132,198134264,197356968,777296,36,155048,144388,3048
2026-08-30T19:58:36.441873,791008804,785607700,784491088,80,843844,2263492,18172,34359738367,493884,17020,7888,9132,108,196529156,195296976,1232180,24,181688,177284,5324,198172692,195678552,2494140,12,282380,1732568,6672,198172692,197282116,890576,0,232984,209252,3124,198134264,197350056,784208,44,147504,144388,3052
2026-08-30T19:58:37.443314,791008804,785610740,784494136,88,862056,2263492,18148,34359738367,493884,17020,7888,9132,108,196529156,195292060,1237096,32,192920,177284,5372,198172692,195683484,2489208,12,283732,1732568,6648,198172692,197267180,905512,0,228176,209252,3072,198134264,197368016,766248,44,160864,144388,3056
2026-08-30T19:58:38.448437,791008804,785615800,784499196,88,899588,2263492,18180,34359738367,493884,17020,7888,9132,108,196529156,195296776,1232380,32,192936,177284,5324,198172692,195678324,2494368,12,291364,1732568,6604,198172692,197267892,904800,0,254476,209252,3136,198134264,197372808,761456,44,166896,144388,3116
2026-08-30T19:58:39.450048,791008804,785581732,784465132,92,860788,2263492,18128,34359738367,493884,17020,7888,9132,108,196529156,195291628,1237528,32,188380,177284,5336,198172692,195675152,2497540,12,272400,1732568,6624,198172692,197262948,909744,0,237888,209252,3120,198134264,197352004,782260,48,155264,144388,3048
2026-08-30T19:58:40.451607,791008804,785596552,784479960,92,868056,2263492,18172,34359738367,493884,17020,7888,9132,108,196529156,195306028,1223128,32,194424,177284,5288,198172692,195665468,2507224,12,295728,1732568,6668,198172692,197271040,901652,0,215344,209252,3136,198134264,197354016,780248,48,159732,144388,3080
2026-08-30T19:58:41.456435,791008804,785583008,784466416,92,830028,2263492,18132,34359738367,493884,17020,7888,9132,108,196529156,195299860,1229296,32,188828,177284,5308,198172692,195659156,2513536,12,293172,1732568,6644,198172692,197265848,906844,0,208824,209252,3124,198134264,197358144,776120,48,142372,144388,3056
2026-08-30T19:58:42.457992,791008804,785567436,784450848,96,840772,2263492,18104,34359738367,493884,17020,7888,9132,108,196529156,195291352,1237804,32,194248,177284,5320,198172692,195656972,2515720,12,289396,1732568,6640,198172692,197264280,908412,0,211584,209252,3052,198134264,197354832,779432,52,137892,144388,3092
2026-08-30T19:58:43.459587,791008804,785664464,784547876,96,489788,2263492,17828,34359738367,493884,17020,7888,9132,108,196529156,195319612,1209544,32,99736,177284,5276,198172692,195682684,2490008,12,187332,1732568,6520,198172692,197294888,877804,0,135484,209252,3036,198134264,197367280,766984,52,67236,144388,2996
2026-08-30T19:58:44.464443,791008804,785530972,784414384,96,900496,2263492,18096,34359738367,493884,17020,7888,9132,108,196529156,195272640,1256516,32,208244,177284,5312,198172692,195664168,2508524,12,295056,1732568,6652,198172692,197253916,918776,0,236048,209252,3096,198134264,197340248,794016,52,167420,144388,3036
2026-08-30T19:58:45.465840,791008804,785543132,784426556,108,910344,2263492,18200,34359738367,493884,17020,7888,9132,108,196529156,195275688,1253468,40,199436,177284,5372,198172692,195671216,2501476,12,299792,1732568,6664,198172692,197254404,918288,0,236168,209252,3104,198134264,197341824,792440,56,171564,144388,3060
2026-08-30T19:58:46.467400,791008804,785568960,784452392,108,879992,2263492,18180,34359738367,493884,17020,7888,9132,108,196529156,195291916,1237240,40,198752,177284,5360,198172692,195667368,2505324,12,282068,1732568,6620,198172692,197268212,904480,0,231096,209252,3088,198134264,197341464,792800,56,165568,144388,3112
2026-08-30T19:58:47.468971,791008804,785581420,784464860,120,859948,2263492,18136,34359738367,493884,17020,7888,9132,108,196529156,195288804,1240352,40,180580,177284,5352,198172692,195671100,2501592,12,303320,1732568,6672,198172692,197273864,898828,0,236996,209252,3124,198134264,197347652,786612,68,143832,144388,2988
2026-08-30T19:58:48.472435,791008804,785559268,784442712,124,895412,2263492,18196,34359738367,493884,17020,7888,9132,108,196529156,195289820,1239336,40,184348,177284,5320,198172692,195668592,2504100,12,291440,1732568,6700,198172692,197263700,908992,0,239876,209252,3120,198134264,197337156,797108,72,164828,144388,3056
2026-08-30T19:58:49.476443,791008804,785532324,784415768,128,867136,2263492,18108,34359738367,493868,17020,7888,9132,108,196529156,195295360,1233796,40,197600,177284,5316,198172692,195660248,2512444,12,285004,1732568,6664,198172692,197246312,926380,0,228344,209252,3056,198134264,197330404,803860,76,152296,144388,3072
2026-08-30T19:58:50.477899,791008804,785523700,784407156,136,879424,2263492,18180,34359738367,493868,17020,7888,9132,108,196529156,195279736,1249420,48,191836,177284,5396,198172692,195656840,2515852,12,286936,1732568,6696,198172692,197258976,913716,0,237884,209252,3072,198134264,197328148,806116,76,163776,144388,3016
2026-08-30T19:58:51.479348,791008804,785545952,784429412,140,858576,2263492,18104,34359738367,493868,17020,7888,9132,108,196529156,195288920,1240236,48,176816,177284,5284,198172692,195672624,2500068,12,295780,1732568,6652,198172692,197255884,916808,0,225020,209252,3116,198134264,197328524,805740,80,162472,144388,3044
2026-08-30T19:58:52.482110,791008804,785612780,784496248,140,553728,2263492,18036,34359738367,493868,17020,7888,9132,108,196529156,195293100,1236056,48,108588,177284,5272,198172692,195705916,2466776,12,189164,1732568,6556,198172692,197272804,899888,0,151688,209252,3152,198134264,197340960,793304,80,104288,144388,3056
2026-08-30T19:58:53.484472,791008804,785502280,784385748,140,867180,2263492,17896,34359738367,493868,17020,7888,9132,108,196529156,195247628,1281528,48,220464,177284,5268,198172692,195679104,2493588,12,278192,1732568,6552,198172692,197252256,920436,0,240676,209252,3024,198134264,197323292,810972,80,127624,144388,3052
2026-08-30T19:58:54.488448,791008804,785508788,784392256,140,901788,2263492,18156,34359738367,493868,17020,7888,9132,108,196529156,195246144,1283012,48,199592,177284,5312,198172692,195679696,2492996,12,284248,1732568,6636,198172692,197255308,917384,0,249748,209252,3072,198134264,197327640,806624,80,154932,144388,3136
2026-08-30T19:58:55.489965,791008804,785544412,784427884,52,870208,2263492,18160,34359738367,493868,17020,7888,9132,108,196529156,195264712,1264444,12,207656,177284,5316,198172692,195676756,2495936,12,273416,1732568,6656,198172692,197268776,903916,0,233192,209252,3128,198134264,197334168,800096,28,158156,144388,3060
2026-08-30T19:58:56.491415,791008804,785551948,784435420,60,877480,2263492,18104,34359738367,493868,17020,7888,9132,108,196529156,195267476,1261680,12,199332,177284,5300,198172692,195685820,2486872,12,304232,1732568,6652,198172692,197274720,897972,0,220032,209252,3112,198134264,197323932,810332,36,157796,144388,3040
2026-08-30T19:58:57.496437,791008804,785552104,784435584,72,871128,2263492,18200,34359738367,493868,17020,7888,9132,108,196529156,195274424,1254732,24,187548,177284,5340,198172692,195677888,2494804,12,296248,1732568,6712,198172692,197268732,903960,0,228272,209252,3048,198134264,197331060,803204,36,159564,144388,3100
2026-08-30T19:58:58.497908,791008804,785554620,784438116,76,910144,2263492,18156,34359738367,493868,17020,7888,9132,108,196529156,195272528,1256628,24,201072,177284,5268,198172692,195678100,2494592,12,299084,1732568,6704,198172692,197267868,904824,0,248200,209252,3152,198134264,197336124,798140,40,164448,144388,3032
2026-08-30T19:58:59.499488,791008804,785554124,784437620,76,873720,2263492,18128,34359738367,493868,17020,7888,9132,108,196529156,195275908,1253248,24,193476,177284,5276,198172692,195686928,2485764,12,284428,1732568,6704,198172692,197275164,897528,0,238724,209252,3044,198134264,197316124,818140,40,153008,144388,3104
2026-08-30T19:59:00.504438,791008804,785562272,784445776,44,852796,2263492,18164,34359738367,493868,17020,7888,9132,108,196529156,195287012,1242144,12,179304,177284,5368,198172692,195667468,2505224,0,296424,1732568,6612,198172692,197272924,899768,0,225236,209252,3160,198134264,197334868,799396,32,153848,144388,3024
2026-08-30T19:59:01.505826,791008804,785566188,784449692,44,730500,2263492,18092,34359738367,493868,17020,7888,9132,108,196529156,195289328,1239828,12,159248,177284,5340,198172692,195693192,2479500,0,200100,1732568,6636,198172692,197265424,907268,0,208664,209252,3100,198134264,197318244,816020,32,164892,144388,3016
2026-08-30T19:59:02.507174,791008804,785707492,784591004,64,434860,209200,14188,34359738367,492172,17020,7888,9132,108,196529156,195328988,1200168,12,91272,49076,5172,198172692,195744208,2428484,0,165724,84780,2984,198172692,197295408,877284,0,119876,65664,3036,198134264,197338888,795376,52,57988,9680,2996
2026-08-30T19:59:03.508414,791008804,788266560,785896252,528,225672,163260,11028,34359738367,491100,17020,7888,9132,108,196529156,195555708,973448,0,59916,49328,4948,198172692,197612172,560520,0,41176,39320,564,198172692,197517976,654716,0,100172,65340,2840,198134264,197580704,553560,528,24408,9272,2676
2026-08-30T19:59:04.509814,791008804,788176504,785838120,668,266484,189204,10848,34359738367,492108,17020,7888,9132,108,196529156,195557692,971464,16,59988,48956,4748,198172692,197505024,667668,0,82024,65640,1248,198172692,197526324,646368,0,99984,65340,2436,198134264,197587464,546800,652,24488,9268,2416
2026-08-30T19:59:05.510988,791008804,788193556,785839440,156,307860,208976,11284,34359738367,492108,17020,7888,9132,108,196529156,195559488,969668,16,60028,49460,4748,198172692,197508412,664280,0,123280,84908,1684,198172692,197533348,639344,0,100024,65340,2436,198134264,197592308,541956,140,24528,9268,2416
2026-08-30T19:59:06.512311,791008804,787982508,785758312,652,313568,349852,14512,34359738367,494172,17020,7888,9132,108,196529156,195560852,968304,4,60028,48956,4748,198172692,197288676,884016,0,128984,225880,4908,198172692,197536020,636672,0,100028,65748,2440,198134264,197596960,537304,648,24528,9268,2416
2026-08-30T19:59:07.513895,791008804,787631768,785586892,656,317152,599232,14792,34359738367,494172,17020,7888,9132,108,196529156,195561608,967548,4,60028,48956,4748,198172692,196938548,1234144,0,132500,471416,5188,198172692,197534888,637804,0,100096,67488,2440,198134264,197596220,538044,652,24528,11876,2416
2026-08-30T19:59:08.515193,791008804,787245920,785374820,660,362116,968236,14796,34359738367,494172,17020,7888,9132,108,196529156,195561872,967284,4,60068,49060,4748,198172692,196556884,1615808,0,177528,834240,5192,198172692,197532168,640524,0,100308,70008,2440,198134264,197594996,539268,656,24716,15936,2416
2026-08-30T19:59:09.516570,791008804,786581300,784844364,660,868252,1377788,15720,34359738367,494172,17020,7888,9132,108,196529156,195485380,1043776,4,138432,74852,4936,198172692,196034712,2137980,0,514744,1184356,5724,198172692,197514788,657904,0,112888,86536,2484,198134264,197546420,587844,656,102188,32044,2576
2026-08-30T19:59:10.517892,791008804,786374720,784775776,660,872396,1633844,16284,34359738367,494172,17020,7888,9132,108,196529156,195412272,1116884,4,139180,157828,5048,198172692,195986052,2186640,0,517252,1233564,6000,198172692,197481812,690880,0,113220,148076,2572,198134264,197494584,639680,656,102744,94376,2664
2026-08-30T19:59:11.519268,791008804,786138668,784760732,684,872396,1911696,16884,34359738367,494172,17020,7888,9132,108,196529156,195347128,1182028,16,139180,230688,5244,198172692,195923608,2249084,0,517252,1302460,6112,198172692,197431880,740812,0,113220,213740,2688,198134264,197436052,698212,668,102744,165312,2840
2026-08-30T19:59:12.520695,791008804,785863704,784770012,692,872404,2203344,17448,34359738367,494172,17020,7888,9132,108,196529156,195263692,1265464,16,139184,316452,5380,198172692,195835396,2337296,4,517252,1389124,6284,198172692,197387776,784916,4,113224,269496,2812,198134264,197376840,757424,668,102744,228272,2972
2026-08-30T19:59:13.521801,791008804,785591028,784774888,704,872420,2472456,18028,34359738367,494172,17020,7888,9132,108,196529156,195180208,1348948,16,139184,395264,5508,198172692,195763684,2409008,4,517260,1464344,6496,198172692,197331512,841180,4,113228,326104,2932,198134264,197315120,819144,680,102748,286744,3092
2026-08-30T19:59:14.523339,791008804,785317424,784783780,708,872336,2761000,18552,34359738367,494172,17020,7888,9132,108,196529156,195128064,1401092,16,139184,459388,5652,198172692,195689228,2483464,4,517148,1540360,6636,198172692,197252308,920384,4,113228,403884,3060,198134264,197247320,886944,684,102776,358384,3204
2026-08-30T19:59:15.524712,791008804,785034352,784783856,712,876044,3033936,19164,34359738367,494172,17020,7888,9132,108,196529156,195054668,1474488,16,140520,525468,5816,198172692,195621280,2551412,4,517600,1607664,6828,198172692,197193224,979468,4,114504,464560,3164,198134264,197165180,969084,688,103420,436244,3356
2026-08-30T19:59:16.525725,791008804,784753148,784783208,712,880460,3318376,19764,34359738367,494172,17020,7888,9132,108,196529156,194983388,1545768,16,142444,598240,5976,198172692,195554432,2618260,4,518384,1674836,6944,198172692,197113964,1058728,4,115388,537976,3280,198134264,197100356,1033908,688,104244,507324,3564
2026-08-30T19:59:17.527344,791008804,784469228,784786196,720,885076,3610948,20352,34359738367,494172,17020,7888,9132,108,196529156,194883896,1645260,16,143712,694672,6128,198172692,195501072,2671620,4,518992,1737492,7084,198172692,197031568,1141124,4,117272,621360,3468,198134264,197052692,1081572,696,105100,557424,3672
2026-08-30T19:59:18.528848,791008804,784186188,784786764,728,890000,3892988,20952,34359738367,494172,17020,7888,9132,108,196529156,194784628,1744528,24,145352,787968,6376,198172692,195466676,2706016,4,519840,1777560,7152,198172692,196958996,1213696,4,118076,694404,3620,198134264,196975888,1158376,696,106732,633056,3804
2026-08-30T19:59:19.530253,791008804,783900240,784782260,728,895728,4166984,21508,34359738367,494172,17020,7888,9132,108,196529156,194701256,1827900,24,146712,873520,6544,198172692,195391628,2781064,4,520788,1838888,7272,198172692,196891508,1281184,4,120188,763748,3748,198134264,196915848,1218416,696,108040,690828,3944
2026-08-30T19:59:20.531660,791008804,783595208,784756656,732,913888,4459080,22052,34359738367,494172,17020,7888,9132,108,196529156,194624160,1904996,24,149784,953640,6772,198172692,195327236,2845456,4,525928,1899772,7428,198172692,196829304,1343388,4,127148,815924,3840,198134264,196814508,1319756,700,111028,789744,4012
2026-08-30T19:59:21.532904,791008804,783292624,784739312,732,936716,4727456,22712,34359738367,494172,17020,7888,9132,108,196529156,194552100,1977056,24,156020,1019728,6908,198172692,195262000,2910692,4,529888,1957708,7572,198172692,196763700,1408992,4,132544,867032,3972,198134264,196714824,1419440,700,118264,882988,4260
2026-08-30T19:59:22.536420,791008804,782707308,784410436,732,978600,5001564,23360,34359738367,494172,17020,7888,9132,108,196529156,194421444,2107712,24,177752,1070204,7040,198172692,195134384,3038308,4,474364,2017532,7692,198172692,196595056,1577636,4,186204,950876,4204,198134264,196556424,1577840,700,140280,962952,4424
2026-08-30T19:59:23.537863,791008804,782419616,784153128,732,1088380,5107488,23576,34359738367,494172,17020,7888,9132,108,196529156,194330132,2199024,24,225116,1091432,7116,198172692,195073716,3098976,4,445012,2049652,7552,198172692,196517820,1654872,4,241716,981504,4404,198134264,196493916,1640348,700,176536,984900,4504
2026-08-30T19:59:24.544484,791008804,782223824,783957392,736,1165268,5111656,23852,34359738367,494172,17020,7888,9132,108,196529156,194282500,2246656,24,258772,1091572,7228,198172692,195048140,3124552,4,411804,2053416,7572,198172692,196460380,1712312,4,280156,981632,4456,198134264,196432804,1701460,704,217008,985036,4596
2026-08-30T19:59:25.547080,791008804,782127612,783861256,752,1139816,5112164,23936,34359738367,494172,17020,7888,9132,108,196529156,194267004,2262152,32,251852,1091588,7240,198172692,194995948,3176744,4,397200,2053896,7532,198172692,196445668,1727024,4,270976,981632,4520,198134264,196418992,1715272,712,219788,985048,4644
2026-08-30T19:59:26.552500,791008804,782031640,783765320,752,1226532,5112236,23968,34359738367,494172,17020,7888,9132,108,196529156,194242224,2286932,32,277840,1091588,7260,198172692,194981432,3191260,4,395128,2053968,7540,198172692,196421360,1751332,4,300640,981632,4512,198134264,196386624,1747640,712,252924,985048,4656
2026-08-30T19:59:27.555552,791008804,782031020,783764700,756,1239560,5112236,24060,34359738367,494172,17020,7888,9132,108,196529156,194244968,2284188,32,281688,1091588,7300,198172692,194978488,3194204,4,394704,2053968,7540,198172692,196419112,1753580,4,313028,981632,4544,198134264,196388452,1745812,716,252640,985048,4676
2026-08-30T19:59:28.560439,791008804,782084008,783817700,760,1240552,5112236,24080,34359738367,494172,17020,7888,9132,108,196529156,194266812,2262344,32,275020,1091588,7312,198172692,194995860,3176832,4,387236,2053968,7536,198172692,196421108,1751584,4,319788,981632,4536,198134264,196400228,1734036,720,258508,985048,4696
2026-08-30T19:59:29.562172,791008804,782225396,783959088,760,1098452,5112236,24088,34359738367,494172,17020,7888,9132,108,196529156,194299320,2229836,32,243284,1091588,7288,198172692,195038764,3133928,4,341764,2053968,7556,198172692,196476684,1696008,4,267936,981632,4536,198134264,196410628,1723636,720,245468,985048,4708
2026-08-30T19:59:30.563355,791008804,782141204,783874900,764,1245948,5112236,24124,34359738367,494172,17020,7888,9132,108,196529156,194284484,2244672,32,282188,1091588,7276,198172692,195022924,3149768,4,387848,2053968,7604,198172692,196425724,1746968,4,316152,981632,4596,198134264,196408072,1726192,724,260264,985048,4648
2026-08-30T19:59:31.568504,791008804,782171988,783905688,764,1251248,5112236,24148,34359738367,494172,17020,7888,9132,108,196529156,194297504,2231652,32,284628,1091588,7296,198172692,195030640,3142052,4,398896,2053968,7632,198172692,196425004,1747688,4,322648,981632,4572,198134264,196418840,1715424,724,245076,985048,4648
2026-08-30T19:59:32.572486,791008804,782243948,783977648,772,1262344,5112236,24128,34359738367,494172,17020,7888,9132,108,196529156,194299780,2229376,40,296828,1091588,7296,198172692,195057052,3115640,4,394480,2053968,7624,198172692,196443580,1729112,4,321956,981632,4556,198134264,196443536,1690728,724,249080,985048,4652
2026-08-30T19:59:33.575400,791008804,782261480,783995180,776,1265200,5112236,24128,34359738367,494172,17020,7888,9132,108,196529156,194310056,2219100,40,289384,1091588,7252,198172692,195084292,3088400,4,389460,2053968,7592,198172692,196430108,1742584,4,343776,981632,4540,198134264,196437024,1697240,728,242580,985048,4744
2026-08-30T19:59:34.580469,791008804,782287120,784020840,776,1256540,5112236,24160,34359738367,494172,17020,7888,9132,108,196529156,194303316,2225840,40,307056,1091588,7236,198172692,195100296,3072396,4,379424,2053968,7616,198172692,196442332,1730360,4,335888,981632,4572,198134264,196441176,1693088,728,234676,985048,4736
2026-08-30T19:59:35.584474,791008804,782302972,784036692,776,1269764,5112236,24192,34359738367,494172,17020,7888,9132,108,196529156,194293420,2235736,40,294836,1091588,7240,198172692,195107988,3064704,4,376576,2053968,7612,198172692,196441852,1730840,4,342000,981632,4556,198134264,196455940,1678324,728,256352,985048,4784
2026-08-30T19:59:36.587340,791008804,782352356,784086080,120,1265280,5112236,24160,34359738367,494172,17020,7888,9132,108,196529156,194297708,2231448,36,295240,1091588,7232,198172692,195136220,3036472,0,371608,2053968,7632,198172692,196452820,1719872,0,343004,981632,4540,198134264,196465608,1668656,84,255428,985048,4756
2026-08-30T19:59:37.592471,791008804,782349432,784083172,24,1260872,5112236,24084,34359738367,494172,17020,7888,9132,108,196529156,194305272,2223884,0,292812,1091588,7260,198172692,195135240,3037452,0,374084,2053968,7604,198172692,196432848,1739844,0,350864,981632,4580,198134264,196476072,1658192,24,243112,985048,4640
2026-08-30T19:59:38.595610,791008804,782406912,784140660,84,1259844,5112236,24180,34359738367,494172,17020,7888,9132,108,196529156,194334132,2195024,24,289708,1091588,7268,198172692,195149324,3023368,12,374224,2053968,7600,198172692,196449888,1722804,0,337776,981632,4608,198134264,196473568,1660696,48,258136,985048,4704
2026-08-30T19:59:39.600459,791008804,782417592,784151340,84,1272296,5112236,24212,34359738367,494172,17020,7888,9132,108,196529156,194347708,2181448,24,277824,1091588,7312,198172692,195159004,3013688,12,379936,2053968,7580,198172692,196449132,1723560,0,346320,981632,4616,198134264,196461748,1672516,48,268216,985048,4704
2026-08-30T19:59:40.603346,791008804,782451212,784184960,88,1225536,5112236,24168,34359738367,494172,17020,7888,9132,108,196529156,194359880,2169276,24,265108,1091588,7332,198172692,195177364,2995328,12,359972,2053968,7572,198172692,196446336,1726356,0,325672,981632,4552,198134264,196467632,1666632,52,274784,985048,4712
2026-08-30T19:59:41.608485,791008804,782404680,784138452,92,1271212,5112236,24088,34359738367,494172,17020,7888,9132,108,196529156,194336444,2192712,24,294712,1091588,7272,198172692,195178136,2994556,12,359144,2053968,7544,198172692,196431980,1740712,0,339116,981632,4564,198134264,196458120,1676144,56,278744,985048,4708
2026-08-30T19:59:42.611268,791008804,782409724,784143496,92,1288912,5112236,24176,34359738367,494172,17020,7888,9132,108,196529156,194331444,2197712,24,302712,1091588,7284,198172692,195165388,3007304,12,375240,2053968,7612,198172692,196451396,1721296,0,332784,981632,4592,198134264,196461764,1672500,56,278176,985048,4692
2026-08-30T19:59:43.616479,791008804,782446740,784180512,96,1262092,5112236,24172,34359738367,494172,17020,7888,9132,108,196529156,194352720,2176436,24,293576,1091588,7276,198172692,195158072,3014620,12,375504,2053968,7628,198172692,196456776,1715916,0,335780,981632,4592,198134264,196479172,1655092,60,257232,985048,4676
2026-08-30T19:59:44.619291,791008804,782551668,784285440,100,1147528,5112236,24152,34359738367,494172,17020,7888,9132,108,196529156,194394580,2134576,24,236016,1091588,7268,198172692,195168020,3004672,12,364424,2053968,7600,198172692,196479548,1693144,0,321944,981632,4632,198134264,196509520,1624744,64,227192,985048,4652
2026-08-30T19:59:45.624489,791008804,782449400,784183188,108,1273672,5112236,24116,34359738367,494172,17020,7888,9132,108,196529156,194353908,2175248,32,284664,1091588,7276,198172692,195178144,2994548,12,376920,2053968,7552,198172692,196460696,1711996,0,341112,981632,4640,198134264,196456652,1677612,64,270976,985048,4648
2026-08-30T19:59:46.627435,791008804,782473048,784206844,112,1273352,5112236,24200,34359738367,494172,17020,7888,9132,108,196529156,194355316,2173840,32,284556,1091588,7304,198172692,195199044,2973648,12,372456,2053968,7568,198172692,196456416,1716276,0,344392,981632,4620,198134264,196462272,1671992,68,271948,985048,4708
2026-08-30T19:59:47.632480,791008804,782513904,784247704,84,1256864,5112236,24212,34359738367,494172,17020,7888,9132,108,196529156,194367828,2161328,32,275404,1091588,7348,198172692,195207072,2965620,12,365588,2053968,7536,198172692,196469776,1702916,0,337340,981632,4604,198134264,196469228,1665036,40,278532,985048,4724
2026-08-30T19:59:48.635308,791008804,782661552,784395352,84,1087608,5112236,24152,34359738367,494172,17020,7888,9132,108,196529156,194437416,2091740,32,205460,1091588,7348,198172692,195231980,2940712,12,352452,2053968,7524,198172692,196511244,1661448,0,291860,981632,4572,198134264,196480912,1653352,40,237836,985048,4708
2026-08-30T19:59:49.640475,791008804,782517592,784251392,84,1262448,5112236,24188,34359738367,494172,17020,7888,9132,108,196529156,194354228,2174928,32,294720,1091588,7424,198172692,195227696,2944996,12,376588,2053968,7504,198172692,196470260,1702432,0,332404,981632,4560,198134264,196465408,1668856,40,258736,985048,4700
2026-08-30T19:59:50.643420,791008804,782512836,784246652,88,1256784,5112236,24224,34359738367,494172,17020,7888,9132,108,196529156,194350600,2178556,32,288272,1091588,7408,198172692,195231516,2941176,12,364128,2053968,7556,198172692,196468364,1704328,0,335444,981632,4548,198134264,196462496,1671768,44,268912,985048,4712
2026-08-30T19:59:51.648170,791008804,782560892,784294708,100,1265756,5112236,24180,34359738367,494172,17020,7888,9132,108,196529156,194354252,2174904,32,305300,1091588,7388,198172692,195242252,2930440,12,366804,2053968,7508,198172692,196471932,1700760,0,334552,981632,4572,198134264,196492456,1641808,56,261148,985048,4712
2026-08-30T19:59:52.652498,791008804,782560296,784294120,108,1274044,5112236,24104,34359738367,494172,17020,7888,9132,108,196529156,194362096,2167060,40,298372,1091588,7328,198172692,195252684,2920008,12,364844,2053968,7504,198172692,196469688,1703004,0,334576,981632,4576,198134264,196475828,1658436,56,276252,985048,4696
2026-08-30T19:59:53.655586,791008804,782549292,784283124,116,1271380,5112236,24196,34359738367,494172,17020,7888,9132,108,196529156,194344156,2185000,40,303588,1091588,7328,198172692,195268800,2903892,12,355452,2053968,7496,198172692,196463876,1708816,0,332688,981632,4664,198134264,196472460,1661804,64,279652,985048,4708
2026-08-30T19:59:54.660481,791008804,782570560,784304392,116,1250648,5112236,24224,34359738367,494172,17020,7888,9132,108,196529156,194354356,2174800,40,300536,1091588,7340,198172692,195269352,2903340,12,362536,2053968,7508,198172692,196467284,1705408,0,323508,981632,4680,198134264,196479568,1654696,64,264068,985048,4696
2026-08-30T19:59:55.663436,791008804,782560308,784294140,116,1252360,5112236,24144,34359738367,494172,17020,7888,9132,108,196529156,194335408,2193748,40,295592,1091588,7308,198172692,195270616,2902076,12,373536,2053968,7464,198172692,196467064,1705628,0,320596,981632,4652,198134264,196487220,1647044,64,262636,985048,4720
2026-08-30T19:59:56.668482,791008804,782568832,784302664,120,1273052,5112236,24120,34359738367,494172,17020,7888,9132,108,196529156,194339296,2189860,40,305000,1091588,7296,198172692,195283356,2889336,12,368104,2053968,7504,198172692,196458468,1714224,0,332916,981632,4636,198134264,196487712,1646552,68,267032,985048,4684
2026-08-30T19:59:57.671296,791008804,782577448,784311288,120,1268496,5112236,24200,34359738367,494172,17020,7888,9132,108,196529156,194342960,2186196,40,299012,1091588,7324,198172692,195275448,2897244,12,379920,2053968,7520,198172692,196470260,1702432,0,332528,981632,4672,198134264,196488780,1645484,68,257036,985048,4684
2026-08-30T19:59:58.676499,791008804,782595840,784329692,128,1269396,5112236,24208,34359738367,494172,17020,7888,9132,108,196529156,194352720,2176436,48,303328,1091588,7336,198172692,195263580,2909112,12,388616,2053968,7508,198172692,196478588,1694104,0,329268,981632,4684,198134264,196500952,1633312,68,250296,985048,4680
2026-08-30T19:59:59.679368,791008804,782657308,784391160,128,1203680,5112236,24172,34359738367,494172,17020,7888,9132,108,196529156,194364776,2164380,48,263840,1091588,7304,198172692,195283920,2888772,12,377244,2053968,7532,198172692,196489104,1683588,0,318284,981632,4668,198134264,196519508,1614756,68,244312,985048,4668
2026-08-30T20:00:00.684485,791008804,782599936,784333788,128,1258444,5112236,24096,34359738367,494172,17020,7888,9132,108,196529156,194348244,2180912,48,282444,1091588,7280,198172692,195286412,2886280,12,375368,2053968,7548,198172692,196460952,1711740,0,341112,981632,4640,198134264,196504328,1629936,68,260024,985048,4628
2026-08-30T20:00:01.687624,791008804,782616008,784350384,132,1272660,5112236,24220,34359738367,494172,17020,7888,9132,108,196529156,194367000,2162156,48,288264,1091588,7348,198172692,195288284,2884408,12,384196,2053968,7596,198172692,196450664,1722028,0,343424,981632,4628,198134264,196509824,1624440,72,256776,985048,4644
2026-08-30T20:00:02.692472,791008804,782653600,784387976,132,1255200,5112236,24224,34359738367,494172,17020,7888,9132,108,196529156,194367588,2161568,48,286792,1091588,7376,198172692,195305680,2867012,12,375276,2053968,7584,198172692,196456472,1716220,0,344128,981632,4640,198134264,196523860,1610404,72,249004,985048,4624
2026-08-30T20:00:03.695252,791008804,782714072,784448568,132,1154692,5112236,24140,34359738367,494172,17020,7888,9132,108,196529156,194387836,2141320,48,250376,1091588,7372,198172692,195318036,2854656,12,357036,2053968,7576,198172692,196469152,1703540,0,319972,981632,4564,198134264,196539048,1595216,72,227308,985048,4628
2026-08-30T20:00:04.700485,791008804,782623924,784358420,144,1268848,5112236,24184,34359738367,494172,17020,7888,9132,108,196529156,194360312,2168844,48,295128,1091588,7412,198172692,195301136,2871556,12,378276,2053968,7528,198172692,196458384,1714308,0,338508,981632,4572,198134264,196504092,1630172,84,256936,985048,4672
2026-08-30T20:00:05.703436,791008804,782635052,784369668,152,1276244,5112236,24208,34359738367,494172,17020,7888,9132,108,196529156,194365408,2163748,56,296332,1091588,7408,198172692,195301448,2871244,12,380332,2053968,7512,198172692,196473488,1699204,0,335916,981632,4632,198134264,196494708,1639556,84,263664,985048,4656
2026-08-30T20:00:06.713556,791008804,782681128,784415744,156,1257432,5112236,24180,34359738367,494172,17020,7888,9132,108,196529156,194358556,2170600,56,294380,1091588,7424,198172692,195320096,2852596,12,374952,2053968,7516,198172692,196487564,1685128,0,327628,981632,4612,198134264,196514912,1619352,88,260472,985048,4628
2026-08-30T20:00:07.720478,791008804,782657312,784391948,60,1268512,5112236,24116,34359738367,494172,17020,7888,9132,108,196529156,194353768,2175388,12,292828,1091588,7328,198172692,195312804,2859888,12,369568,2053968,7548,198172692,196489980,1682712,0,338624,981632,4628,198134264,196500760,1633504,36,267492,985048,4612
2026-08-30T20:00:08.723279,791008804,782659216,784393860,68,1265944,5112236,24188,34359738367,494172,17020,7888,9132,108,196529156,194364404,2164752,12,287416,1091588,7300,198172692,195290392,2882300,12,392932,2053968,7612,198172692,196497408,1675284,0,330136,981632,4636,198134264,196507012,1627252,44,256468,985048,4640
2026-08-30T20:00:09.728471,791008804,782673240,784407884,28,1270012,5112236,24200,34359738367,494172,17020,7888,9132,108,196529156,194370724,2158432,0,295072,1091588,7296,198172692,195309544,2863148,0,377316,2053968,7644,198172692,196495528,1677164,0,326568,981632,4576,198134264,196497444,1636820,28,271056,985048,4684
2026-08-30T20:00:10.731448,791008804,782689024,784423668,32,1257080,5112236,24124,34359738367,494172,17020,7888,9132,108,196529156,194365068,2164088,0,296128,1091588,7280,198172692,195310400,2862292,0,380224,2053968,7656,198172692,196491024,1681668,0,331220,981632,4548,198134264,196522532,1611732,32,249508,985048,4640
2026-08-30T20:00:11.733355,791008804,782678196,784412856,68,1268624,5112236,24116,34359738367,494172,17020,7888,9132,108,196529156,194362880,2166276,12,296636,1091588,7232,198172692,195312316,2860376,12,379352,2053968,7644,198172692,196490932,1681760,0,335292,981632,4592,198134264,196512068,1622196,44,257344,985048,4648
2026-08-30T20:00:12.736353,791008804,782665136,784399796,80,1257432,5112236,24160,34359738367,494172,17020,7888,9132,108,196529156,194345996,2183160,24,297208,1091588,7224,198172692,195319880,2852812,12,366420,2053968,7684,198172692,196488496,1684196,0,336160,981632,4552,198134264,196510764,1623500,44,257644,985048,4700
2026-08-30T20:00:13.739573,791008804,782667972,784402632,80,1266908,5112236,24212,34359738367,494172,17020,7888,9132,108,196529156,194351964,2177192,24,296260,1091588,7228,198172692,195334356,2838336,12,374788,2053968,7664,198172692,196466908,1705784,0,338664,981632,4576,198134264,196514744,1619520,44,259404,985048,4744
2026-08-30T20:00:14.742977,791008804,782662660,784397332,84,1239932,5112236,24180,34359738367,494172,17020,7888,9132,108,196529156,194363812,2165344,24,269540,1091588,7224,198172692,195328808,2843884,12,373268,2053968,7688,198172692,196465876,1706816,0,345244,981632,4564,198134264,196504164,1630100,48,252220,985048,4712
2026-08-30T20:00:15.748463,791008804,782643864,784378536,92,1273128,5112236,24136,34359738367,494172,17020,7888,9132,108,196529156,194356576,2172580,24,272024,1091588,7236,198172692,195321524,2851168,12,385624,2053968,7624,198172692,196465256,1707436,0,348792,981632,4548,198134264,196498492,1635772,56,266688,985048,4728
2026-08-30T20:00:16.752470,791008804,782642648,784377320,96,1278448,5112236,24192,34359738367,494172,17020,7888,9132,108,196529156,194339848,2189308,24,300972,1091588,7260,198172692,195327104,2845588,12,379508,2053968,7672,198172692,196477804,1694888,0,331876,981632,4532,198134264,196497892,1636372,60,266092,985048,4728
2026-08-30T20:00:17.756468,791008804,782666608,784401296,72,1256708,5112236,24228,34359738367,494172,17020,7888,9132,108,196529156,194348800,2180356,24,297092,1091588,7308,198172692,195345360,2827332,12,359648,2053968,7620,198172692,196474764,1697928,0,329112,981632,4552,198134264,196497684,1636580,36,273380,985048,4748
2026-08-30T20:00:18.759322,791008804,782677536,784412228,80,1221096,5112236,24136,34359738367,494172,17020,7888,9132,108,196529156,194338984,2190172,32,294800,1091588,7276,198172692,195361196,2811496,12,358828,2053968,7576,198172692,196480912,1691780,0,320348,981632,4540,198134264,196496444,1637820,36,247120,985048,4744
2026-08-30T20:00:19.764449,791008804,782635132,784369836,88,1260784,5112236,24136,34359738367,494172,17020,7888,9132,108,196529156,194325136,2204020,32,307136,1091588,7272,198172692,195346372,2826320,12,361692,2053968,7576,198172692,196497076,1675616,0,317272,981632,4536,198134264,196466548,1667716,44,274684,985048,4752
2026-08-30T20:00:20.766184,791008804,782628076,784362784,88,1279916,5112236,24196,34359738367,494172,17020,7888,9132,108,196529156,194327864,2201292,32,297680,1091588,7280,198172692,195341572,2831120,12,370692,2053968,7616,198172692,196482812,1689880,0,327608,981632,4552,198134264,196475828,1658436,44,283936,985048,4748
2026-08-30T20:00:21.768025,791008804,782651732,784386440,88,1267664,5112236,24212,34359738367,494172,17020,7888,9132,108,196529156,194337796,2191360,32,294200,1091588,7300,198172692,195339424,2833268,12,376888,2053968,7580,198172692,196503944,1668748,0,322504,981632,4564,198134264,196470568,1663696,44,274072,985048,4768
2026-08-30T20:00:22.770609,791008804,782755140,784489848,92,1155932,5112236,24144,34359738367,494172,17020,7888,9132,108,196529156,194365760,2163396,32,259000,1091588,7296,198172692,195387012,2785680,12,340340,2053968,7580,198172692,196502600,1670092,0,316784,981632,4560,198134264,196499768,1634496,48,239808,985048,4708
2026-08-30T20:00:23.771714,791008804,782613172,784347880,92,1271928,5112236,24192,34359738367,494172,17020,7888,9132,108,196529156,194331928,2197228,32,300000,1091588,7328,198172692,195352316,2820376,12,369292,2053968,7588,198172692,196478236,1694456,0,335900,981632,4600,198134264,196450692,1683572,48,266736,985048,4676
2026-08-30T20:00:24.776475,791008804,782623780,784357988,92,1278476,5112236,24216,34359738367,494172,17020,7888,9132,108,196529156,194332956,2196200,32,299520,1091588,7320,198172692,195344460,2828232,12,376012,2053968,7588,198172692,196480028,1692664,0,335668,981632,4604,198134264,196465328,1668936,48,267780,985048,4704
2026-08-30T20:00:25.779289,791008804,782689880,784424604,100,1245748,5112236,24204,34359738367,494172,17020,7888,9132,108,196529156,194359088,2170068,40,281476,1091588,7292,198172692,195361204,2811488,12,378992,2053968,7580,198172692,196480720,1691972,0,333940,981632,4624,198134264,196488876,1645388,48,251340,985048,4708
2026-08-30T20:00:26.784492,791008804,782658192,784392916,104,1255904,5112236,24152,34359738367,494172,17020,7888,9132,108,196529156,194348488,2180668,40,284480,1091588,7308,198172692,195349420,2823272,12,376504,2053968,7524,198172692,196478376,1694316,0,330556,981632,4660,198134264,196481908,1652356,52,264364,985048,4660
2026-08-30T20:00:27.787324,791008804,782678332,784413056,104,1251148,5112236,24200,34359738367,494172,17020,7888,9132,108,196529156,194348612,2180544,40,279028,1091588,7344,198172692,195358192,2814500,12,376256,2053968,7516,198172692,196479208,1693484,0,335704,981632,4648,198134264,196492320,1641944,52,262208,985048,4692
2026-08-30T20:00:28.792491,791008804,782679240,784413964,116,1275504,5112236,24208,34359738367,494172,17020,7888,9132,108,196529156,194337900,2191256,40,295560,1091588,7332,198172692,195363228,2809464,12,381616,2053968,7516,198172692,196483148,1689544,0,342336,981632,4640,198134264,196494964,1639300,64,258216,985048,4720
2026-08-30T20:00:29.795489,791008804,782708136,784442860,120,1246092,5112236,24196,34359738367,494172,17020,7888,9132,108,196529156,194328068,2201088,40,294564,1091588,7336,198172692,195380692,2792000,12,368344,2053968,7532,198172692,196493936,1678756,0,327888,981632,4672,198134264,196501344,1632920,68,255296,985048,4656
2026-08-30T20:00:30.800485,791008804,782658548,784393288,120,1266896,5112236,24136,34359738367,494172,17020,7888,9132,108,196529156,194331592,2197564,40,292836,1091588,7304,198172692,195346724,2825968,12,387528,2053968,7512,198172692,196485012,1687680,0,330612,981632,4652,198134264,196495220,1639044,68,255920,985048,4668
2026-08-30T20:00:31.804475,791008804,782644368,784379112,124,1261928,5112236,24224,34359738367,494172,17020,7888,9132,108,196529156,194324420,2204736,40,298716,1091588,7228,198172692,195355640,2817052,12,383412,2053968,7540,198172692,196474436,1698256,0,330148,981632,4772,198134264,196489872,1644392,72,250156,985048,4684
2026-08-30T20:00:32.807334,791008804,782659492,784394252,136,1255804,5112236,24220,34359738367,494172,17020,7888,9132,108,196529156,194320912,2208244,48,315016,1091588,7264,198172692,195367572,2805120,12,369712,2053968,7520,198172692,196482876,1689816,0,320160,981632,4800,198134264,196488132,1646132,76,251420,985048,4636
2026-08-30T20:00:33.810487,791008804,782677572,784412344,136,1228692,5112236,24164,34359738367,494172,17020,7888,9132,108,196529156,194345504,2183652,48,291032,1091588,7344,198172692,195356604,2816088,12,387632,2053968,7504,198172692,196477952,1694740,0,306644,981632,4716,198134264,196497512,1636752,76,243888,985048,4600
2026-08-30T20:00:34.812049,791008804,782643248,784378020,136,1258968,5112236,24172,34359738367,494172,17020,7888,9132,108,196529156,194331736,2197420,48,300600,1091588,7320,198172692,195354484,2818208,12,391412,2053968,7520,198172692,196464336,1708356,0,321520,981632,4688,198134264,196491180,1643084,76,245940,985048,4644
2026-08-30T20:00:35.816484,791008804,782634092,784368864,140,1263104,5112236,24184,34359738367,494172,17020,7888,9132,108,196529156,194327452,2201704,48,307100,1091588,7332,198172692,195345628,2827064,12,395056,2053968,7564,198172692,196466044,1706648,0,318688,981632,4632,198134264,196494968,1639296,80,244600,985048,4656
2026-08-30T20:00:36.819339,791008804,782676368,784411144,140,1254056,5112236,24232,34359738367,494172,17020,7888,9132,108,196529156,194335984,2193172,48,300840,1091588,7360,198172692,195359740,2812952,12,384276,2053968,7588,198172692,196479148,1693544,0,319320,981632,4636,198134264,196497444,1636820,80,249620,985048,4656
2026-08-30T20:00:37.822213,791008804,782721472,784456248,64,1202368,5112236,24160,34359738367,494172,17020,7888,9132,108,196529156,194374792,2154364,12,269028,1091588,7344,198172692,195364088,2808604,12,364524,2053968,7556,198172692,196473120,1699572,0,322932,981632,4620,198134264,196509472,1624792,40,245884,985048,4640
2026-08-30T20:00:38.824206,791008804,784895784,785537896,104,191556,153788,10884,34359738367,490156,17020,7888,9132,108,196529156,194918944,1610212,32,59964,49860,4768,198172692,196032556,2140136,40,6712,28824,960,198172692,196966676,1206016,0,100024,65744,2552,198134264,196984680,1149584,32,24856,9360,2604
2026-08-30T20:00:39.825545,791008804,788709876,786336368,528,224540,157652,10208,34359738367,490140,17020,7888,9132,108,196529156,195648648,880508,0,59956,49372,4748,198172692,197776996,395696,0,5684,28628,544,198172692,197641460,531232,0,100156,65340,2500,198134264,197642772,491492,528,58744,14312,2416
2026-08-30T20:00:40.826617,791008804,788614332,786272968,660,261852,186148,10864,34359738367,492124,17020,7888,9132,108,196529156,195649876,879280,4,60012,48956,4748,198172692,197782492,390200,0,5324,28820,536,198172692,197642296,530396,0,99956,65340,2444,198134264,197539164,595100,656,96560,43032,3136
2026-08-30T20:00:41.827513,791008804,788529320,786210536,672,302236,205052,11284,34359738367,492124,17020,7888,9132,108,196529156,195650276,878880,4,60084,48956,4748,198172692,197783816,388876,0,5388,28820,536,198172692,197642256,530436,0,100024,65340,2436,198134264,197452972,681292,668,136740,61936,3564
2026-08-30T20:00:42.828423,791008804,788318424,786066524,648,382540,393480,12128,34359738367,494092,17020,7888,9132,108,196529156,195649772,879384,4,60100,49020,4752,198172692,197777936,394756,0,5456,32972,548,198172692,197638592,534100,0,100072,67064,2448,198134264,197251620,882644,644,216912,244424,4380
2026-08-30T20:00:43.856441,791008804,787756140,785594336,656,645120,569288,13564,34359738367,493948,17020,7888,9132,108,196529156,195546960,982196,4,116516,74372,4888,198172692,197620252,552440,0,74524,84088,800,198172692,197479508,693184,0,174264,111644,2704,198134264,197109420,1024844,652,279816,299184,5172
2026-08-30T20:00:44.857708,791008804,787723684,785570676,660,674280,611264,13992,34359738367,493948,17020,7888,9132,108,196529156,195541732,987424,4,122124,82284,4988,198172692,197607836,564856,0,84980,95308,920,198172692,197472556,700136,0,180360,122336,2808,198134264,197101560,1032704,656,286816,311336,5276
2026-08-30T20:00:45.858949,791008804,787727816,785574812,676,675448,611264,13996,34359738367,493932,17020,7888,9132,108,196529156,195542184,986972,16,122408,82284,4988,198172692,197608592,564100,0,85256,95308,920,198172692,197473092,699600,0,180624,122336,2812,198134264,197103948,1030316,660,287160,311336,5276
2026-08-30T20:00:46.860237,791008804,787728840,785575836,676,676420,611264,13996,34359738367,493164,17020,7888,9132,108,196529156,195542436,986720,16,122612,82284,4988,198172692,197609096,563596,0,85508,95308,920,198172692,197473092,699600,0,180852,122336,2812,198134264,197104216,1030048,660,287448,311336,5276
2026-08-30T20:00:47.861240,791008804,787735076,785582072,676,676148,611264,13980,34359738367,492076,17020,7888,9132,108,196529156,195542692,986464,16,122672,82284,4988,198172692,197609748,562944,0,85608,95308,920,198172692,197476336,696356,0,180920,122336,2812,198134264,197106300,1027964,660,286948,311336,5260
2026-08-30T20:00:48.864439,791008804,787736516,785583520,696,679032,611264,14004,34359738367,494060,17020,7888,9132,108,196529156,195543196,985960,16,122776,82284,4988,198172692,197610412,562280,4,85692,95308,920,198172692,197477344,695348,4,180988,122336,2812,198134264,197105564,1028700,672,289576,311336,5284
2026-08-30T20:00:49.865772,791008804,787740124,785587128,696,679512,611264,14004,34359738367,494044,17020,7888,9132,108,196529156,195543292,985864,16,122904,82284,4988,198172692,197611480,561212,4,85800,95308,920,198172692,197478684,694008,4,181112,122336,2812,198134264,197106668,1027596,672,289696,311336,5284
2026-08-30T20:00:50.868436,791008804,787744788,785591792,696,679912,611264,14004,34359738367,494028,17020,7888,9132,108,196529156,195543704,985452,16,123040,82284,4988,198172692,197612960,559732,4,85948,95308,920,198172692,197479316,693376,4,181228,122336,2812,198134264,197108808,1025456,672,289696,311336,5284
2026-08-30T20:00:51.869715,791008804,787747644,785594648,700,679888,611264,14004,34359738367,492124,17020,7888,9132,108,196529156,195543980,985176,16,123020,82284,4988,198172692,197613644,559048,4,86072,95308,920,198172692,197480180,692512,4,181016,122336,2812,198134264,197109840,1024424,676,289780,311336,5284
2026-08-30T20:00:52.872437,791008804,787743268,785590308,708,679156,611264,13520,34359738367,494108,17020,7888,9132,108,196529156,195543980,985176,24,122940,82284,4988,198172692,197614300,558392,4,86000,95308,920,198172692,197482624,690068,4,180932,122336,2812,198134264,197102364,1031900,676,289284,311336,4800
2026-08-30T20:00:53.873699,791008804,787743944,785590984,708,679984,611264,14004,34359738367,494108,17020,7888,9132,108,196529156,195543980,985176,24,123028,82284,4988,198172692,197614584,558108,4,86084,95308,920,198172692,197482892,689800,4,181020,122336,2812,198134264,197102488,1031776,676,289852,311336,5284
2026-08-30T20:00:54.876436,791008804,787745480,785592520,712,680032,611264,14004,34359738367,494092,17020,7888,9132,108,196529156,195544500,984656,24,123040,82284,4988,198172692,197614744,557948,4,86096,95308,920,198172692,197483144,689548,4,181032,122336,2812,198134264,197103092,1031172,680,289864,311336,5284
2026-08-30T20:00:55.877660,791008804,787746588,785593636,724,680032,611264,14004,34359738367,493804,17020,7888,9132,108,196529156,195544536,984620,24,123040,82284,4988,198172692,197614868,557824,4,86096,95308,920,198172692,197483164,689528,4,181032,122336,2812,198134264,197104020,1030244,692,289864,311336,5284
2026-08-30T20:00:56.880438,791008804,787748068,785595116,724,679432,611264,13984,34359738367,494124,17020,7888,9132,108,196529156,195544788,984368,24,123028,82284,4988,198172692,197615280,557412,4,86084,95308,920,198172692,197485628,687064,4,181016,122336,2812,198134264,197102372,1031892,692,289304,311336,5264
2026-08-30T20:00:57.881737,791008804,787748064,785595112,732,679968,611264,14004,34359738367,494108,17020,7888,9132,108,196529156,195545040,984116,24,123032,82284,4988,198172692,197615280,557412,4,86076,95308,920,198172692,197485628,687064,4,181020,122336,2812,198134264,197102116,1032148,700,289840,311336,5284
2026-08-30T20:00:58.884433,791008804,787751856,785598904,732,680036,611264,14004,34359738367,494108,17020,7888,9132,108,196529156,195545040,984116,24,123044,82284,4988,198172692,197615288,557404,4,86096,95308,920,198172692,197487852,684840,4,181032,122336,2812,198134264,197103676,1030588,700,289864,311336,5284
2026-08-30T20:00:59.885680,791008804,787757160,785604208,744,680036,611264,14004,34359738367,494076,17020,7888,9132,108,196529156,195547452,981704,32,123044,82284,4988,198172692,197615612,557080,4,86096,95308,920,198172692,197487888,684804,4,181032,122336,2812,198134264,197106208,1028056,704,289864,311336,5284
2026-08-30T20:01:00.886963,791008804,787759724,785606772,748,679532,611264,14004,34359738367,492124,17020,7888,9132,108,196529156,195547452,981704,32,123044,82284,4988,198172692,197615644,557048,4,86096,95308,920,198172692,197487888,684804,4,181032,122336,2812,198134264,197108740,1025524,708,289360,311336,5284
2026-08-30T20:01:01.887908,791008804,787758312,785605612,748,679152,611264,13520,34359738367,494092,17020,7888,9132,108,196529156,195549212,979944,32,122944,82284,4988,198172692,197615644,557048,4,86004,95308,920,198172692,197487984,684708,4,180928,122336,2812,198134264,197105472,1028792,708,289276,311336,4800
2026-08-30T20:01:02.892439,791008804,787759648,785607084,748,679992,611264,14004,34359738367,494092,17020,7888,9132,108,196529156,195548960,980196,32,123032,82284,4988,198172692,197615896,556796,4,86092,95308,920,198172692,197487984,684708,4,181024,122336,2812,198134264,197106808,1027456,708,289844,311336,5284
2026-08-30T20:01:03.893694,791008804,787759904,785607340,752,680036,611264,14004,34359738367,494076,17020,7888,9132,108,196529156,195548960,980196,32,123044,82284,4988,198172692,197615896,556796,4,86096,95308,920,198172692,197487984,684708,4,181032,122336,2812,198134264,197107064,1027200,712,289864,311336,5284
2026-08-30T20:01:04.894946,791008804,787761008,785608444,752,680036,611264,14004,34359738367,493580,17020,7888,9132,108,196529156,195548992,980164,32,123044,82284,4988,198172692,197616024,556668,4,86096,95308,920,198172692,197488016,684676,4,181032,122336,2812,198134264,197107976,1026288,712,289864,311336,5284
2026-08-30T20:01:05.895965,791008804,787760516,785607952,752,679560,611264,14004,34359738367,494124,17020,7888,9132,108,196529156,195549024,980132,32,123048,82284,4988,198172692,197616088,556604,4,86108,95308,920,198172692,197488048,684644,4,181036,122336,2812,198134264,197107356,1026908,712,289368,311336,5284
2026-08-30T20:01:06.900439,791008804,787760164,785607600,760,679984,611264,14004,34359738367,494124,17020,7888,9132,108,196529156,195549024,980132,40,123028,82284,4988,198172692,197616088,556604,4,86084,95308,920,198172692,197488048,684644,4,181024,122336,2812,198134264,197107004,1027260,712,289848,311336,5284
2026-08-30T20:01:07.901755,791008804,787760228,785607664,764,680036,611264,14004,34359738367,494124,17020,7888,9132,108,196529156,195549024,980132,40,123044,82284,4988,198172692,197616088,556604,4,86096,95308,920,198172692,197488048,684644,4,181032,122336,2812,198134264,197107068,1027196,716,289864,311336,5284
2026-08-30T20:01:08.903005,791008804,787761408,785608844,772,680036,611264,14004,34359738367,494108,17020,7888,9132,108,196529156,195549024,980132,40,123044,82284,4988,198172692,197616152,556540,4,86096,95308,920,198172692,197488048,684644,4,181032,122336,2812,198134264,197108184,1026080,724,289864,311336,5284
2026-08-30T20:01:09.904277,791008804,787762264,785609700,772,679532,611264,14004,34359738367,492140,17020,7888,9132,108,196529156,195549148,980008,40,123044,82284,4988,198172692,197616276,556416,4,86096,95308,920,198172692,197488176,684516,4,181032,122336,2812,198134264,197108664,1025600,724,289360,311336,5284
2026-08-30T20:01:10.908444,791008804,787757336,785604772,776,679976,611264,14004,34359738367,494124,17020,7888,9132,108,196529156,195549148,980008,40,123024,82284,4988,198172692,197616276,556416,4,86084,95308,920,198172692,197488176,684516,4,181020,122336,2812,198134264,197103736,1030528,728,289848,311336,5284
2026-08-30T20:01:11.909726,791008804,787757588,785605024,780,680036,611264,14004,34359738367,494124,17020,7888,9132,108,196529156,195549148,980008,40,123044,82284,4988,198172692,197616276,556416,4,86096,95308,920,198172692,197488176,684516,4,181032,122336,2812,198134264,197103988,1030276,732,289864,311336,5284
2026-08-30T20:01:12.911031,791008804,787756868,785604316,272,680084,611264,14004,34359738367,494108,17020,7888,9132,108,196529156,195549148,980008,48,122904,82284,4988,198172692,197616308,556384,4,85960,95308,920,198172692,197488176,684516,4,180840,122336,2812,198134264,197103236,1031028,216,290380,311336,5284
2026-08-30T20:01:13.912318,791008804,787757728,785605192,120,680084,611264,14004,34359738367,492876,17020,7888,9132,108,196529156,195549152,980004,44,122904,82284,4988,198172692,197616344,556348,0,85960,95308,920,198172692,197488180,684512,0,180840,122336,2812,198134264,197104052,1030212,76,290380,311336,5284
2026-08-30T20:01:14.916439,791008804,787758808,785606272,132,679216,611264,13516,34359738367,494124,17020,7888,9132,108,196529156,195549152,980004,44,122800,82284,4988,198172692,197616344,556348,0,85864,95308,920,198172692,197490516,682176,0,180736,122336,2812,198134264,197102796,1031468,88,289816,311336,4796
2026-08-30T20:01:15.917697,791008804,787758816,785606292,112,680076,611264,14004,34359738367,494124,17020,7888,9132,108,196529156,195549152,980004,56,122896,82284,4988,198172692,197616480,556212,8,85960,95308,920,198172692,197490516,682176,0,180840,122336,2812,198134264,197102668,1031596,48,290380,311336,5284
2026-08-30T20:01:16.918995,791008804,787759048,785606524,112,680084,611264,14004,34359738367,494108,17020,7888,9132,108,196529156,195549200,979956,56,122904,82284,4988,198172692,197616480,556212,8,85960,95308,920,198172692,197490524,682168,0,180840,122336,2812,198134264,197102844,1031420,48,290380,311336,5284
2026-08-30T20:01:17.920256,791008804,787760480,785607956,116,680084,611264,14004,34359738367,494076,17020,7888,9132,108,196529156,195549324,979832,56,122904,82284,4988,198172692,197616636,556056,8,85960,95308,920,198172692,197490684,682008,0,180840,122336,2812,198134264,197103836,1030428,52,290380,311336,5284
2026-08-30T20:01:18.921552,791008804,787761020,785608496,116,679564,611264,14004,34359738367,492108,17020,7888,9132,108,196529156,195549324,979832,56,122900,82284,4988,198172692,197616636,556056,8,85956,95308,920,198172692,197490684,682008,0,180840,122336,2812,198134264,197104376,1029888,52,289868,311336,5284
2026-08-30T20:01:19.924437,791008804,787757860,785605348,84,680048,611264,14004,34359738367,494124,17020,7888,9132,108,196529156,195549324,979832,24,122900,82284,4988,198172692,197616636,556056,8,85952,95308,920,198172692,197490684,682008,0,180828,122336,2812,198134264,197101216,1033048,52,290368,311336,5284
2026-08-30T20:01:20.925728,791008804,787757892,785605380,108,680084,611264,14004,34359738367,494124,17020,7888,9132,108,196529156,195549324,979832,24,122904,82284,4988,198172692,197616636,556056,8,85960,95308,920,198172692,197490684,682008,0,180840,122336,2812,198134264,197101248,1033016,76,290380,311336,5284
2026-08-30T20:01:21.928437,791008804,787758984,785606472,108,680084,611264,14004,34359738367,494108,17020,7888,9132,108,196529156,195549360,979796,24,122904,82284,4988,198172692,197616672,556020,8,85960,95308,920,198172692,197490716,681976,0,180840,122336,2812,198134264,197102236,1032028,76,290380,311336,5284
2026-08-30T20:01:22.929805,791008804,787743132,785590624,108,680688,611264,14004,34359738367,492268,17020,7888,9132,108,196529156,195549360,979796,24,122400,82284,4988,198172692,197608480,564212,8,88968,95308,920,198172692,197486624,686068,0,179844,122336,2812,198134264,197098668,1035596,76,289476,311336,5284
2026-08-30T20:01:23.932449,791008804,787740716,785588228,116,679332,611264,13516,34359738367,494140,17020,7888,9132,108,196529156,195549360,979796,24,121856,82284,4988,198172692,197608544,564148,8,88868,95308,920,198172692,197486688,686004,0,179740,122336,2812,198134264,197096124,1038140,84,288868,311336,4796
2026-08-30T20:01:24.933746,791008804,787740856,785588368,116,680184,611264,14004,34359738367,494140,17020,7888,9132,108,196529156,195549360,979796,24,121936,82284,4988,198172692,197608544,564148,8,88956,95308,920,198172692,197486688,686004,0,179836,122336,2812,198134264,197096264,1038000,84,289456,311336,5284
2026-08-30T20:01:25.936435,791008804,787741064,785588576,116,680236,611264,14004,34359738367,494124,17020,7888,9132,108,196529156,195549360,979796,24,121944,82284,4988,198172692,197608544,564148,8,88968,95308,920,198172692,197486688,686004,0,179844,122336,2812,198134264,197096472,1037792,84,289480,311336,5284
2026-08-30T20:01:26.937678,791008804,787743348,785590860,124,680236,611264,14004,34359738367,493708,17020,7888,9132,108,196529156,195549516,979640,32,121944,82284,4988,198172692,197608984,563708,8,88968,95308,920,198172692,197487100,685592,0,179844,122336,2812,198134264,197097748,1036516,84,289480,311336,5284
2026-08-30T20:01:27.940440,791008804,787741200,785588712,128,679684,611264,13984,34359738367,494140,17020,7888,9132,108,196529156,195549516,979640,32,121948,82284,4988,198172692,197609048,563644,8,88960,95308,920,198172692,197487100,685592,0,179836,122336,2812,198134264,197095536,1038728,88,288940,311336,5264
2026-08-30T20:01:28.941670,791008804,787740944,785588456,128,680184,611264,14004,34359738367,494140,17020,7888,9132,108,196529156,195549516,979640,32,121940,82284,4988,198172692,197609080,563612,8,88960,95308,920,198172692,197487100,685592,0,179824,122336,2812,198134264,197095248,1039016,88,289460,311336,5284
2026-08-30T20:01:29.944434,791008804,787741700,785589212,104,680236,611264,14004,34359738367,494140,17020,7888,9132,108,196529156,195549516,979640,32,121944,82284,4988,198172692,197609332,563360,8,88968,95308,920,198172692,197487352,685340,0,179844,122336,2812,198134264,197095500,1038764,64,289480,311336,5284
2026-08-30T20:01:30.945713,791008804,787742928,785590440,104,680236,611264,14004,34359738367,494108,17020,7888,9132,108,196529156,195549520,979636,32,121944,82284,4988,198172692,197609368,563324,8,88968,95308,920,198172692,197487360,685332,0,179844,122336,2812,198134264,197096680,1037584,64,289480,311336,5284
2026-08-30T20:01:31.947025,791008804,787742712,785590224,104,679732,611264,14004,34359738367,492124,17020,7888,9132,108,196529156,195549520,979636,32,121944,82284,4988,198172692,197609368,563324,8,88968,95308,920,198172692,197487392,685300,0,179844,122336,2812,198134264,197096432,1037832,64,288976,311336,5284
2026-08-30T20:01:32.947966,791008804,787734108,785581620,116,679716,611264,13516,34359738367,494124,17020,7888,9132,108,196529156,195548448,980708,40,121928,82284,4988,198172692,197606352,566340,8,89028,95308,920,198172692,197487076,685616,0,179860,122336,2812,198134264,197094248,1040016,68,288960,311336,4796
2026-08-30T20:01:33.952438,791008804,787736764,785584304,132,680604,611264,14004,34359738367,494124,17020,7888,9132,108,196529156,195548672,980484,40,122012,82284,4988,198172692,197606456,566236,8,89112,95308,920,198172692,197487264,685428,0,179948,122336,2812,198134264,197094372,1039892,84,289532,311336,5284
2026-08-30T20:01:34.953667,791008804,787738120,785585660,132,680624,611264,14004,34359738367,494108,17020,7888,9132,108,196529156,195548672,980484,40,122016,82284,4988,198172692,197606708,565984,8,89124,95308,920,198172692,197488000,684692,0,179948,122336,2812,198134264,197094740,1039524,84,289536,311336,5284
2026-08-30T20:01:35.955039,791008804,787738952,785586492,132,680624,611264,14004,34359738367,493260,17020,7888,9132,108,196529156,195548704,980452,40,122016,82284,4988,198172692,197606708,565984,8,89124,95308,920,198172692,197488000,684692,0,179948,122336,2812,198134264,197095540,1038724,84,289536,311336,5284
2026-08-30T20:01:36.956313,791008804,787738412,785585952,136,679676,611264,13520,34359738367,494140,17020,7888,9132,108,196529156,195548704,980452,40,121908,82284,4988,198172692,197606836,565856,8,89008,95308,920,198172692,197488284,684408,0,179832,122336,2812,198134264,197094588,1039676,88,288928,311336,4800
2026-08-30T20:01:37.960436,791008804,787738264,785585804,140,680600,611264,14004,34359738367,494140,17020,7888,9132,108,196529156,195548704,980452,40,122008,82284,4988,198172692,197607088,565604,8,89116,95308,920,198172692,197488284,684408,0,179948,122336,2812,198134264,197094188,1040076,92,289528,311336,5284
2026-08-30T20:01:38.961698,791008804,787738312,785585852,140,680624,611264,14004,34359738367,494140,17020,7888,9132,108,196529156,195548704,980452,40,122016,82284,4988,198172692,197607088,565604,8,89124,95308,920,198172692,197488284,684408,0,179948,122336,2812,198134264,197094236,1040028,92,289536,311336,5284
2026-08-30T20:01:39.962933,791008804,787740708,785588248,152,680624,611264,14004,34359738367,494108,17020,7888,9132,108,196529156,195548828,980328,48,122016,82284,4988,198172692,197607324,565368,8,89124,95308,920,198172692,197488712,683980,0,179948,122336,2812,198134264,197095844,1038420,96,289536,311336,5284
2026-08-30T20:01:40.964272,791008804,787743456,785590996,152,680120,611264,14004,34359738367,492172,17020,7888,9132,108,196529156,195548828,980328,48,122016,82284,4988,198172692,197607576,565116,8,89124,95308,920,198172692,197488712,683980,0,179948,122336,2812,198134264,197098340,1035924,96,289032,311336,5284
2026-08-30T20:01:41.968440,791008804,787740624,785588164,152,680560,611264,14004,34359738367,494156,17020,7888,9132,108,196529156,195548828,980328,48,122008,82284,4988,198172692,197607576,565116,8,89104,95308,920,198172692,197488712,683980,0,179932,122336,2812,198134264,197095508,1038756,96,289516,311336,5284
2026-08-30T20:01:42.969691,791008804,787741684,785589224,156,680624,611264,14004,34359738367,494156,17020,7888,9132,108,196529156,195548828,980328,48,122016,82284,4988,198172692,197607576,565116,8,89124,95308,920,198172692,197488964,683728,0,179948,122336,2812,198134264,197096316,1037948,100,289536,311336,5284
2026-08-30T20:01:43.970960,791008804,787744416,785591976,156,680968,611264,14004,34359738367,494140,17020,7888,9132,108,196529156,195549436,979720,48,122212,82284,4988,198172692,197608704,563988,8,89272,95308,920,198172692,197488972,683720,0,179896,122336,2812,198134264,197097304,1036960,100,289588,311336,5284
2026-08-30T20:01:44.972302,791008804,787745004,785592564,100,680968,611264,14004,34359738367,492876,17020,7888,9132,108,196529156,195549440,979716,48,122212,82284,4988,198172692,197608708,563984,8,89272,95308,920,198172692,197488976,683716,0,179896,122336,2812,198134264,197097880,1036384,44,289588,311336,5284
2026-08-30T20:01:45.976442,791008804,787742820,785590380,112,680084,611264,13520,34359738367,494156,17020,7888,9132,108,196529156,195549440,979716,48,122112,82284,4988,198172692,197608708,563984,8,89160,95308,920,198172692,197488976,683716,0,179792,122336,2812,198134264,197095696,1038568,56,289020,311336,4800
2026-08-30T20:01:46.977734,791008804,787742972,785590532,76,680960,611264,14004,34359738367,494156,17020,7888,9132,108,196529156,195549440,979716,36,122208,82284,4988,198172692,197608960,563732,8,89272,95308,920,198172692,197489228,683464,0,179892,122336,2812,198134264,197095344,1038920,32,289588,311336,5284
2026-08-30T20:01:47.979002,791008804,787743196,785590756,112,680968,611264,14004,34359738367,494140,17020,7888,9132,108,196529156,195549440,979716,48,122212,82284,4988,198172692,197608960,563732,12,89272,95308,920,198172692,197489228,683464,0,179896,122336,2812,198134264,197095568,1038696,52,289588,311336,5284
2026-08-30T20:01:48.980261,791008804,787744896,785592456,116,680968,611264,14004,34359738367,494076,17020,7888,9132,108,196529156,195549564,979592,48,122212,82284,4988,198172692,197609084,563608,12,89272,95308,920,198172692,197489356,683336,0,179896,122336,2812,198134264,197096892,1037372,56,289588,311336,5284
2026-08-30T20:01:49.981540,791008804,787745828,785593388,116,680464,611264,14004,34359738367,492140,17020,7888,9132,108,196529156,195549564,979592,48,122212,82284,4988,198172692,197609336,563356,12,89272,95308,920,198172692,197489608,683084,0,179896,122336,2812,198134264,197097320,1036944,56,289084,311336,5284
2026-08-30T20:01:50.984436,791008804,787742852,785590412,76,680940,611264,14004,34359738367,494156,17020,7888,9132,108,196529156,195549564,979592,12,122208,82284,4988,198172692,197609336,563356,4,89268,95308,920,198172692,197489608,683084,0,179888,122336,2812,198134264,197094344,1039920,60,289576,311336,5284
2026-08-30T20:01:51.985689,791008804,787743136,785590696,80,680968,611264,14004,34359738367,494156,17020,7888,9132,108,196529156,195549564,979592,12,122212,82284,4988,198172692,197609336,563356,4,89272,95308,920,198172692,197489608,683084,0,179896,122336,2812,198134264,197094628,1039636,64,289588,311336,5284
2026-08-30T20:01:52.988436,791008804,787744452,785592012,100,680968,611264,14004,34359738367,494140,17020,7888,9132,108,196529156,195549564,979592,20,122212,82284,4988,198172692,197609652,563040,8,89272,95308,920,198172692,197489860,682832,0,179896,122336,2812,198134264,197095376,1038888,72,289588,311336,5284
2026-08-30T20:01:53.989737,791008804,787736456,785584024,100,681312,611264,14004,34359738367,492252,17020,7888,9132,108,196529156,195549504,979652,20,122312,82284,4988,198172692,197608080,564612,8,89428,95308,920,198172692,197485832,686860,0,179916,122336,2812,198134264,197093040,1041224,72,289656,311336,5284
2026-08-30T20:01:54.992436,791008804,787734904,785582492,100,680464,611264,13520,34359738367,494156,17020,7888,9132,108,196529156,195549740,979416,20,122240,82284,4988,198172692,197608336,564356,8,89348,95308,920,198172692,197485832,686860,0,179828,122336,2812,198134264,197090996,1043268,72,289048,311336,4800
2026-08-30T20:01:55.993670,791008804,787734780,785582368,104,681308,611264,14004,34359738367,494156,17020,7888,9132,108,196529156,195549744,979412,20,122308,82284,4988,198172692,197608336,564356,8,89428,95308,920,198172692,197485832,686860,0,179916,122336,2812,198134264,197090868,1043396,76,289656,311336,5284
2026-08-30T20:01:56.996436,791008804,787735036,785582624,104,681312,611264,14004,34359738367,494140,17020,7888,9132,108,196529156,195549744,979412,20,122312,82284,4988,198172692,197608336,564356,8,89428,95308,920,198172692,197485832,686860,0,179916,122336,2812,198134264,197091124,1043140,76,289656,311336,5284
2026-08-30T20:01:57.997698,791008804,787737508,785585096,104,681312,611264,14004,34359738367,493868,17020,7888,9132,108,196529156,195549868,979288,20,122312,82284,4988,198172692,197608744,563948,8,89428,95308,920,198172692,197486212,686480,0,179916,122336,2812,198134264,197092684,1041580,76,289656,311336,5284
2026-08-30T20:01:59.000436,791008804,787735872,785583460,108,680772,611264,14004,34359738367,494156,17020,7888,9132,108,196529156,195549868,979288,20,122312,82284,4988,198172692,197608744,563948,8,89432,95308,920,198172692,197486212,686480,0,179912,122336,2812,198134264,197091048,1043216,80,289116,311336,5284
2026-08-30T20:02:00.001758,791008804,787735624,785583212,124,681300,611264,14004,34359738367,494156,17020,7888,9132,108,196529156,195549616,979540,20,122304,82284,4988,198172692,197608744,563948,16,89424,95308,920,198172692,197486212,686480,0,179916,122336,2812,198134264,197091052,1043212,88,289656,311336,5284
2026-08-30T20:02:01.004436,791008804,787736632,785584220,128,681312,611264,14004,34359738367,494156,17020,7888,9132,108,196529156,195549616,979540,20,122312,82284,4988,198172692,197608996,563696,16,89428,95308,920,198172692,197486464,686228,0,179916,122336,2812,198134264,197091556,1042708,92,289656,311336,5284
2026-08-30T20:02:02.005666,791008804,787737540,785585128,128,681312,611264,14004,34359738367,494124,17020,7888,9132,108,196529156,195549620,979536,20,122312,82284,4988,198172692,197609032,563660,16,89428,95308,920,198172692,197486532,686160,0,179916,122336,2812,198134264,197092356,1041908,92,289656,311336,5284
2026-08-30T20:02:03.006935,791008804,787738020,785585608,128,680808,611264,14004,34359738367,492140,17020,7888,9132,108,196529156,195549620,979536,20,122312,82284,4988,198172692,197609064,563628,16,89428,95308,920,198172692,197486564,686128,0,179916,122336,2812,198134264,197092772,1041492,92,289152,311336,5284
2026-08-30T20:02:04.007897,791008804,787734912,785582500,132,680992,611264,13648,34359738367,494156,17020,7888,9132,108,196529156,195549620,979536,20,122232,82284,4988,198172692,197607268,565424,16,89448,95308,920,198172692,197485828,686864,0,180048,122336,2812,198134264,197092196,1042068,96,289264,311336,4928
2026-08-30T20:02:05.012438,791008804,787735788,785583404,136,681692,611264,14004,34359738367,494156,17020,7888,9132,108,196529156,195549620,979536,20,122312,82284,4988,198172692,197607584,565108,16,89528,95308,920,198172692,197486308,686384,0,180128,122336,2812,198134264,197092276,1041988,100,289724,311336,5284
2026-08-30T20:02:06.013700,791008804,787736220,785583836,108,681708,611264,14004,34359738367,494140,17020,7888,9132,108,196529156,195549620,979536,20,122312,82284,4988,198172692,197607584,565108,16,89532,95308,920,198172692,197486308,686384,0,180136,122336,2812,198134264,197092708,1041556,72,289728,311336,5284
2026-08-30T20:02:07.014972,791008804,787737272,785584888,116,681708,611264,14004,34359738367,493340,17020,7888,9132,108,196529156,195549620,979536,20,122312,82284,4988,198172692,197607584,565108,16,89532,95308,920,198172692,197486308,686384,8,180136,122336,2812,198134264,197093760,1040504,72,289728,311336,5284
2026-08-30T20:02:08.016175,791008804,787735704,785583320,120,680752,611264,13672,34359738367,494156,17020,7888,9132,108,196529156,195549620,979536,20,122192,82284,4988,198172692,197607836,564856,16,89416,95308,920,198172692,197486560,686132,8,180024,122336,2812,198134264,197091688,1042576,76,289120,311336,4952
2026-08-30T20:02:09.020444,791008804,787735324,785582940,120,681700,611264,14004,34359738367,494156,17020,7888,9132,108,196529156,195549620,979536,20,122312,82284,4988,198172692,197607836,564856,16,89528,95308,920,198172692,197486308,686384,8,180136,122336,2812,198134264,197091560,1042704,76,289724,311336,5284
2026-08-30T20:02:10.021684,791008804,787735672,785583288,124,681708,611264,14004,34359738367,494156,17020,7888,9132,108,196529156,195549620,979536,20,122312,82284,4988,198172692,197607868,564824,16,89532,95308,920,198172692,197486308,686384,8,180136,122336,2812,198134264,197091876,1042388,80,289728,311336,5284
2026-08-30T20:02:11.022931,791008804,787737940,785585556,128,681708,611264,14004,34359738367,494108,17020,7888,9132,108,196529156,195549744,979412,20,122312,82284,4988,198172692,197608244,564448,16,89532,95308,920,198172692,197486688,686004,8,180136,122336,2812,198134264,197093264,1041000,84,289728,311336,5284
2026-08-30T20:02:12.024188,791008804,787737660,785585276,128,681204,611264,14004,34359738367,492140,17020,7888,9132,108,196529156,195549744,979412,20,122312,82284,4988,198172692,197608276,564416,16,89532,95308,920,198172692,197486688,686004,8,180136,122336,2812,198134264,197093032,1041232,84,289224,311336,5284
2026-08-30T20:02:13.028438,791008804,787735476,785583092,140,681684,611264,14004,34359738367,494156,17020,7888,9132,108,196529156,195549744,979412,20,122308,82284,4988,198172692,197608308,564384,16,89528,95308,920,198172692,197486720,685972,8,180128,122336,2812,198134264,197090704,1043560,96,289720,311336,5284
2026-08-30T20:02:14.029703,791008804,787734716,785582332,152,682072,611264,14004,34359738367,494156,17020,7888,9132,108,196529156,195549744,979412,28,122364,82284,4988,198172692,197609504,563188,16,89584,95308,920,198172692,197488168,684524,8,180240,122336,2812,198134264,197087300,1046964,100,289884,311336,5284
2026-08-30T20:02:15.030981,791008804,787736368,785584004,152,682028,611264,14004,34359738367,494140,17020,7888,9132,108,196529156,195549748,979408,28,122364,82284,4988,198172692,197609888,562804,16,89584,95308,920,198172692,197488620,684072,8,180196,122336,2812,198134264,197088112,1046152,100,289884,311336,5284
2026-08-30T20:02:16.032300,791008804,787737984,785585620,152,682028,611264,14004,34359738367,492396,17020,7888,9132,108,196529156,195549752,979404,28,122364,82284,4988,198172692,197609956,562736,16,89584,95308,920,198172692,197488624,684068,8,180196,122336,2812,198134264,197089652,1044612,100,289884,311336,5284
2026-08-30T20:02:17.033543,791008804,788655356,786274160,616,203104,153136,11456,34359738367,490060,17020,7888,9132,108,196529156,195639428,889728,12,58612,49012,4988,198172692,197750968,421724,8,5560,29260,920,198172692,197620180,552512,8,95660,65372,2768,198134264,197644780,489484,588,43272,9492,2780
2026-08-30T20:02:18.034910,791008804,788551328,786198976,656,243548,176872,10840,34359738367,492012,17020,7888,9132,108,196529156,195639768,889388,4,58512,48956,4748,198172692,197751312,421380,0,5288,28820,528,198172692,197621032,551660,0,95412,65340,2444,198134264,197538712,595552,652,84336,33756,3120
2026-08-30T20:02:19.036085,791008804,788464584,786137824,656,280560,199112,11204,34359738367,492012,17020,7888,9132,108,196529156,195639768,889388,4,58612,48956,4748,198172692,197751324,421368,0,5392,28820,528,198172692,197621156,551536,0,95512,65340,2436,198134264,197452336,681928,652,121044,55996,3492
2026-08-30T20:02:20.037019,791008804,788294416,786012864,680,362504,352716,11468,34359738367,491996,17020,7888,9132,108,196529156,195639772,889384,8,58612,48584,4748,198172692,197753404,419288,0,5392,28820,528,198172692,197621188,551504,0,95512,65340,2436,198134264,197275956,858308,672,205036,209972,3756
2026-08-30T20:02:21.038241,791008804,788048524,785926716,32,369744,505508,14576,34359738367,493948,17020,7888,9132,108,196529156,195592176,936980,16,59148,78184,5236,198172692,197700796,471896,4,5900,65508,1004,198172692,197541112,631580,4,95996,119348,3160,198134264,197214440,919824,8,208700,242468,5176
2026-08-30T20:02:22.039188,791008804,787709424,785767732,28,369860,717004,16500,34359738367,493948,17020,7888,9132,108,196529156,195511300,1017856,12,59164,128700,5516,198172692,197609548,563144,4,5940,119904,1512,198172692,197453968,718724,4,96044,176836,3984,198134264,197134608,999656,8,208712,291564,5488
2026-08-30T20:02:23.040191,791008804,787362476,785598984,28,370184,956200,16596,34359738367,493948,17020,7888,9132,108,196529156,195429712,1099444,12,59248,186972,5544,198172692,197525456,647236,4,6024,180032,1552,198172692,197358344,814348,4,96120,240708,4004,198134264,197048964,1085300,8,208792,348488,5496
2026-08-30T20:02:24.041243,791008804,787013792,785429520,32,370280,1276728,16596,34359738367,493948,17020,7888,9132,108,196529156,195345064,1184092,12,59272,261988,5544,198172692,197434868,737824,4,6040,263144,1552,198172692,197264220,908472,4,96148,329700,4004,198134264,196969640,1164624,12,208820,421896,5496
2026-08-30T20:02:25.042310,791008804,786675796,785386116,44,371352,1789256,16588,34359738367,493948,17020,7888,9132,108,196529156,195265064,1264092,12,59464,378800,5544,198172692,197346324,826368,4,6264,395624,1552,198172692,197169068,1003624,4,96348,473112,4004,198134264,196895340,1238924,24,209276,541720,5488
2026-08-30T20:02:26.043391,791008804,786449464,785286360,56,436852,2186272,16588,34359738367,494188,17020,7888,9132,108,196529156,195209752,1319404,12,76412,473800,5544,198172692,197285976,886716,4,22340,495348,1552,198172692,197108556,1064136,4,113288,582844,4004,198134264,196845180,1289084,36,224812,634280,5488
2026-08-30T20:02:27.048451,791008804,786440572,785287616,60,444984,2228444,16588,34359738367,494140,17020,7888,9132,108,196529156,195207432,1321724,12,78404,484364,5544,198172692,197281316,891376,4,24100,507152,2040,198172692,197106340,1066352,4,116172,592952,4004,198134264,196845484,1288780,40,226308,643976,5000
2026-08-30T20:02:28.049785,791008804,786435324,785282368,68,444948,2228444,16580,34359738367,494204,17020,7888,9132,108,196529156,195207432,1321724,20,78444,484364,5544,198172692,197273800,898892,4,24084,507152,2036,198172692,197106340,1066352,4,116212,592952,4004,198134264,196847752,1286512,40,226208,643976,4996
2026-08-30T20:02:29.051186,791008804,786435952,785282996,68,444920,2228444,16588,34359738367,493276,17020,7888,9132,108,196529156,195207684,1321472,20,78416,484364,5544,198172692,197272884,899808,4,24132,507152,2044,198172692,197106828,1065864,4,116188,592952,4004,198134264,196848556,1285708,40,226184,643976,4996
2026-08-30T20:02:30.052217,791008804,786436116,785283160,76,444796,2228444,16588,34359738367,494204,17020,7888,9132,108,196529156,195207936,1321220,20,78388,484364,5544,198172692,197270764,901928,4,24100,507152,2044,198172692,197107104,1065588,4,116152,592952,4004,198134264,196850312,1283952,48,226156,643976,4996
2026-08-30T20:02:31.053710,791008804,786436936,785283980,76,444992,2228444,16588,34359738367,494204,17020,7888,9132,108,196529156,195207432,1321724,20,78436,484364,5544,198172692,197269736,902956,4,24148,507152,2044,198172692,197106868,1065824,4,116200,592952,4004,198134264,196852900,1281364,48,226208,643976,4996
2026-08-30T20:02:32.056458,791008804,786440160,785287204,76,444884,2228444,16588,34359738367,494172,17020,7888,9132,108,196529156,195207692,1321464,20,78404,484364,5544,198172692,197271564,901128,4,24128,507152,2044,198172692,197107184,1065508,4,116180,592952,4004,198134264,196853720,1280544,48,226172,643976,4996
2026-08-30T20:02:33.060440,791008804,786441984,785289028,80,444996,2228444,16588,34359738367,494204,17020,7888,9132,108,196529156,195207960,1321196,20,78452,484364,5544,198172692,197272152,900540,4,24100,507152,2044,198172692,197107468,1065224,4,116228,592952,4004,198134264,196854404,1279860,52,226216,643976,4996
2026-08-30T20:02:34.061855,791008804,786444652,785291700,88,444920,2228444,16588,34359738367,492588,17020,7888,9132,108,196529156,195207456,1321700,28,78412,484364,5544,198172692,197275328,897364,4,24136,507152,2044,198172692,197107468,1065224,4,116188,592952,4004,198134264,196854400,1279864,52,226184,643976,4996
2026-08-30T20:02:35.064447,791008804,786438524,785285592,88,444896,2228444,16588,34359738367,494204,17020,7888,9132,108,196529156,195207708,1321448,28,78392,484364,5544,198172692,197272804,899888,4,24116,507152,2044,198172692,197107724,1064968,4,116160,592952,4004,198134264,196850288,1283976,52,226228,643976,4996
2026-08-30T20:02:36.065839,791008804,786436988,785284120,92,445096,2228444,16588,34359738367,494204,17020,7888,9132,108,196529156,195207960,1321196,28,78440,484364,5544,198172692,197270324,902368,4,24160,507152,2044,198172692,197107976,1064716,4,116216,592952,4004,198134264,196850728,1283536,56,226280,643976,4996
2026-08-30T20:02:37.067286,791008804,786435716,785282848,92,444948,2228444,16588,34359738367,494140,17020,7888,9132,108,196529156,195207964,1321192,28,78404,484364,5544,198172692,197268888,903804,4,24120,507152,2044,198172692,197107976,1064716,4,116180,592952,4004,198134264,196850888,1283376,56,226244,643976,4996
2026-08-30T20:02:38.072444,791008804,786436044,785283176,100,445092,2228444,16588,34359738367,494204,17020,7888,9132,108,196529156,195208216,1320940,28,78464,484364,5544,198172692,197268648,904044,4,24112,507152,2044,198172692,197108228,1064464,4,116224,592952,4004,198134264,196850952,1283312,64,226292,643976,4996
2026-08-30T20:02:39.073912,791008804,786439868,785287000,100,444996,2228444,16588,34359738367,492604,17020,7888,9132,108,196529156,195208472,1320684,28,78416,484364,5544,198172692,197271552,901140,4,24132,507152,2044,198172692,197108480,1064212,4,116192,592952,4004,198134264,196851364,1282900,64,226256,643976,4996
2026-08-30T20:02:40.076446,791008804,786437696,785284828,104,444876,2228444,16588,34359738367,494204,17020,7888,9132,108,196529156,195208724,1320432,28,78384,484364,5544,198172692,197268488,904204,4,24108,507152,2044,198172692,197108732,1063960,4,116164,592952,4004,198134264,196851752,1282512,68,226220,643976,4996
2026-08-30T20:02:41.077914,791008804,786436168,785283300,112,445092,2228444,16588,34359738367,494204,17020,7888,9132,108,196529156,195208976,1320180,36,78448,484364,5544,198172692,197266424,906268,4,24160,507152,2044,198172692,197109016,1063676,4,116216,592952,4004,198134264,196851752,1282512,68,226268,643976,4996
2026-08-30T20:02:42.079327,791008804,786437956,785285088,112,444956,2228444,16588,34359738367,494124,17020,7888,9132,108,196529156,195209228,1319928,36,78408,484364,5544,198172692,197267360,905332,4,24124,507152,2044,198172692,197109268,1063424,4,116180,592952,4004,198134264,196852100,1282164,68,226244,643976,4996
2026-08-30T20:02:43.084440,791008804,786433888,785281020,120,445188,2228444,16588,34359738367,494204,17020,7888,9132,108,196529156,195209308,1319848,36,78464,484364,5544,198172692,197262808,909884,4,24180,507152,2044,198172692,197109324,1063368,4,116240,592952,4004,198134264,196852448,1281816,76,226304,643976,4996
2026-08-30T20:02:44.085866,791008804,786442420,785289552,120,445004,2228444,16588,34359738367,492908,17020,7888,9132,108,196529156,195209316,1319840,36,78412,484364,5544,198172692,197268004,904688,4,24136,507152,2044,198172692,197111612,1061080,4,116196,592952,4004,198134264,196853488,1280776,76,226260,643976,4996
2026-08-30T20:02:45.088444,791008804,786447112,785294284,120,444768,2228444,16420,34359738367,494172,17020,7888,9132,108,196529156,195209576,1319580,36,78268,484364,5544,198172692,197270068,902624,4,24316,507152,1876,198172692,197111612,1061080,4,116020,592952,4004,198134264,196855856,1278408,76,226164,643976,4996
2026-08-30T20:02:46.089843,791008804,786444604,785291784,124,444888,2228444,16588,34359738367,494252,17020,7888,9132,108,196529156,195209576,1319580,36,78412,484364,5544,198172692,197267224,905468,4,24036,507152,2044,198172692,197111612,1061080,4,116172,592952,4004,198134264,196856192,1278072,80,226268,643976,4996
2026-08-30T20:02:47.091280,791008804,786444580,785291760,124,445332,2228444,16588,34359738367,494172,17020,7888,9132,108,196529156,195209828,1319328,36,78416,484364,5544,198172692,197266664,906028,4,24504,507152,2044,198172692,197111864,1060828,4,116176,592952,4004,198134264,196856224,1278040,80,226236,643976,4996
2026-08-30T20:02:48.096448,791008804,786443244,785290424,132,444588,2228444,16180,34359738367,494172,17020,7888,9132,108,196529156,195210080,1319076,44,78348,484364,5544,198172692,197265076,907616,4,23948,507152,1636,198172692,197111864,1060828,4,116112,592952,4004,198134264,196856224,1278040,80,226180,643976,4996
2026-08-30T20:02:49.097859,791008804,786444544,785291724,136,445376,2228444,16588,34359738367,493612,17020,7888,9132,108,196529156,195210212,1318944,44,78552,484364,5544,198172692,197265364,907328,4,24132,507152,2044,198172692,197112012,1060680,4,116312,592952,4004,198134264,196856956,1277308,84,226380,643976,4996
2026-08-30T20:02:50.100445,791008804,786441932,785289112,136,445532,2228444,16512,34359738367,494204,17020,7888,9132,108,196529156,195210292,1318864,44,78608,484364,5544,198172692,197262404,910288,4,24120,507152,1968,198172692,197112264,1060428,4,116372,592952,4004,198134264,196856972,1277292,84,226432,643976,4996
2026-08-30T20:02:51.101842,791008804,786440012,785287192,136,445428,2228444,16588,34359738367,493820,17020,7888,9132,108,196529156,195210544,1318612,44,78556,484364,5544,198172692,197260200,912492,0,24144,507152,2044,198172692,197112264,1060428,0,116340,592952,4004,198134264,196857004,1277260,92,226388,643976,4996
2026-08-30T20:02:52.104442,791008804,786441272,785288452,40,445324,2228444,16588,34359738367,494204,17020,7888,9132,108,196529156,195210544,1318612,0,78536,484364,5544,198172692,197261160,911532,0,24116,507152,2044,198172692,197112264,1060428,0,116308,592952,4004,198134264,196857304,1276960,40,226364,643976,4996
2026-08-30T20:02:53.105807,791008804,786438000,785285180,84,445520,2228444,16588,34359738367,494204,17020,7888,9132,108,196529156,195210544,1318612,12,78588,484364,5544,198172692,197257628,915064,4,24164,507152,2044,198172692,197112524,1060168,0,116356,592952,4004,198134264,196857304,1276960,68,226412,643976,4996
2026-08-30T20:02:54.107229,791008804,786439500,785286680,96,445376,2228444,16588,34359738367,494124,17020,7888,9132,108,196529156,195210796,1318360,16,78548,484364,5544,198172692,197258876,913816,4,24132,507152,2044,198172692,197112524,1060168,0,116324,592952,4004,198134264,196857304,1276960,76,226372,643976,4996
2026-08-30T20:02:55.108354,791008804,786434852,785282048,100,445784,2228444,16588,34359738367,494204,17020,7888,9132,108,196529156,195210796,1318360,16,78608,484364,5544,198172692,197256280,916412,4,24188,507152,2044,198172692,197112536,1060156,0,116388,592952,4004,198134264,196855240,1279024,80,226600,643976,4996
2026-08-30T20:02:56.109844,791008804,786435292,785282528,104,445404,2228444,16588,34359738367,492716,17020,7888,9132,108,196529156,195210804,1318352,16,78500,484364,5544,198172692,197256356,916336,4,24072,507152,2044,198172692,197112796,1059896,0,116280,592952,4004,198134264,196855336,1278928,84,226552,643976,4996
2026-08-30T20:02:57.112447,791008804,786433420,785280656,76,445280,2228444,16668,34359738367,494188,17020,7888,9132,108,196529156,195211060,1318096,16,78348,484364,5544,198172692,197254220,918472,4,24428,507152,2124,198172692,197112804,1059888,0,116120,592952,4004,198134264,196855336,1278928,56,226384,643976,4996
2026-08-30T20:02:58.113839,791008804,786431408,785278644,80,444964,2228444,16588,34359738367,494252,17020,7888,9132,108,196529156,195211060,1318096,16,78384,484364,5544,198172692,197252176,920516,4,23972,507152,2044,198172692,197112804,1059888,0,116172,592952,4004,198134264,196855368,1278896,60,226436,643976,4996
2026-08-30T20:02:59.115272,791008804,786434136,785281372,84,445360,2228444,16588,34359738367,494172,17020,7888,9132,108,196529156,195211084,1318072,16,78364,484364,5544,198172692,197254324,918368,4,24444,507152,2044,198172692,197113104,1059588,0,116140,592952,4004,198134264,196855624,1278640,64,226412,643976,4996
2026-08-30T20:03:00.120440,791008804,786430888,785278124,84,444616,2228444,16556,34359738367,494204,17020,7888,9132,108,196529156,195211420,1317736,16,78308,484364,5544,198172692,197250572,922120,4,23888,507152,2012,198172692,197113188,1059504,0,116068,592952,4004,198134264,196855708,1278556,64,226352,643976,4996
2026-08-30T20:03:01.121828,791008804,786432660,785279896,92,445408,2228444,16588,34359738367,493724,17020,7888,9132,108,196529156,195211420,1317736,24,78376,484364,5544,198172692,197252344,920348,4,24460,507152,2044,198172692,197113188,1059504,0,116152,592952,4004,198134264,196855708,1278556,64,226420,643976,4996
2026-08-30T20:03:02.124440,791008804,786429040,785276976,96,444740,2228444,16104,34359738367,494172,17020,7888,9132,108,196529156,195210664,1318492,24,78328,484364,5544,198172692,197248976,923716,4,23936,507152,1560,198172692,197113440,1059252,0,116104,592952,4004,198134264,196855960,1278304,68,226372,643976,4996
2026-08-30T20:03:03.125887,791008804,786426636,785274572,96,444940,2228444,16588,34359738367,492300,17020,7888,9132,108,196529156,195210916,1318240,24,78388,484364,5544,198172692,197246320,926372,4,23960,507152,2044,198172692,197113440,1059252,0,116160,592952,4004,198134264,196855960,1278304,68,226432,643976,4996
2026-08-30T20:03:04.128437,791008804,786426892,785274828,108,445296,2228444,16588,34359738367,494204,17020,7888,9132,108,196529156,195210916,1318240,24,78484,484364,5544,198172692,197246576,926116,4,24024,507152,2044,198172692,197113440,1059252,0,116264,592952,4004,198134264,196855960,1278304,80,226524,643976,4996
2026-08-30T20:03:05.129821,791008804,786425456,785273392,112,445052,2228444,16588,34359738367,494204,17020,7888,9132,108,196529156,195210920,1318236,24,78412,484364,5544,198172692,197244160,928532,4,23992,507152,2044,198172692,197113692,1059000,0,116196,592952,4004,198134264,196856684,1277580,84,226452,643976,4996
2026-08-30T20:03:06.131272,791008804,786424656,785272672,112,445156,2228444,16372,34359738367,494204,17020,7888,9132,108,196529156,195211176,1317980,24,78392,484364,5544,198172692,197242732,929960,4,24132,507152,1828,198172692,197113704,1058988,0,116184,592952,4004,198134264,196857044,1277220,84,226448,643976,4996
2026-08-30T20:03:07.136445,791008804,786424144,785272160,112,445116,2228444,16588,34359738367,494204,17020,7888,9132,108,196529156,195211180,1317976,24,78420,484364,5544,198172692,197242148,930544,4,24000,507152,2044,198172692,197113708,1058984,0,116216,592952,4004,198134264,196857108,1277156,84,226480,643976,4996
2026-08-30T20:03:08.137898,791008804,786425340,785273356,116,445436,2228444,16588,34359738367,493772,17020,7888,9132,108,196529156,195211184,1317972,24,78380,484364,5544,198172692,197243080,929612,4,24464,507152,2044,198172692,197113960,1058732,0,116172,592952,4004,198134264,196857116,1277148,88,226420,643976,4996
2026-08-30T20:03:09.138963,791008804,786422820,785270836,128,445216,2228444,16588,34359738367,494204,17020,7888,9132,108,196529156,195211440,1317716,24,78452,484364,5544,198172692,197240040,932652,4,24032,507152,2044,198172692,197113960,1058732,0,116240,592952,4004,198134264,196857380,1276884,100,226492,643976,4996
2026-08-30T20:03:10.140327,791008804,786421392,785269408,128,444980,2228444,16588,34359738367,493628,17020,7888,9132,108,196529156,195211568,1317588,24,78392,484364,5544,198172692,197238216,934476,4,23964,507152,2044,198172692,197114100,1058592,0,116184,592952,4004,198134264,196857508,1276756,100,226440,643976,4996
2026-08-30T20:03:11.144441,791008804,786422304,785270320,132,445200,2228444,16580,34359738367,494188,17020,7888,9132,108,196529156,195211568,1317588,24,78464,484364,5544,198172692,197238876,933816,4,23964,507152,2036,198172692,197114352,1058340,0,116256,592952,4004,198134264,196857508,1276756,104,226516,643976,4996
2026-08-30T20:03:12.145838,791008804,786420676,785268692,132,445076,2228444,16588,34359738367,494204,17020,7888,9132,108,196529156,195211832,1317324,24,78416,484364,5544,198172692,197236732,935960,4,23988,507152,2044,198172692,197114352,1058340,0,116208,592952,4004,198134264,196857760,1276504,104,226464,643976,4996
2026-08-30T20:03:13.147231,791008804,786418360,785266376,132,445452,2228444,16588,34359738367,493916,17020,7888,9132,108,196529156,195211832,1317324,24,78380,484364,5544,198172692,197234416,938276,4,24468,507152,2044,198172692,197114352,1058340,0,116176,592952,4004,198134264,196857760,1276504,104,226428,643976,4996
2026-08-30T20:03:14.148273,791008804,786418740,785266756,136,445196,2228444,16588,34359738367,494204,17020,7888,9132,108,196529156,195211836,1317320,24,78448,484364,5544,198172692,197234540,938152,4,24016,507152,2044,198172692,197114604,1058088,0,116240,592952,4004,198134264,196857760,1276504,108,226492,643976,4996
2026-08-30T20:03:15.149453,791008804,786419548,785267564,144,444952,2228444,16588,34359738367,492348,17020,7888,9132,108,196529156,195212088,1317068,32,78384,484364,5544,198172692,197234820,937872,4,23960,507152,2044,198172692,197114612,1058080,0,116176,592952,4004,198134264,196858028,1276236,108,226432,643976,4996
2026-08-30T20:03:16.152442,791008804,786418364,785266428,152,445596,2228444,16588,34359738367,494204,17020,7888,9132,108,196529156,195212088,1317068,32,78480,484364,5544,198172692,197233632,939060,4,24068,507152,2044,198172692,197114612,1058080,0,116284,592952,4004,198134264,196858032,1276232,116,226764,643976,4996
2026-08-30T20:03:17.153820,791008804,786416436,785264508,156,445308,2228444,16588,34359738367,494204,17020,7888,9132,108,196529156,195212088,1317068,32,78408,484364,5544,198172692,197231452,941240,4,23996,507152,2044,198172692,197114864,1057828,0,116212,592952,4004,198134264,196858032,1276232,120,226692,643976,4996
2026-08-30T20:03:18.155199,791008804,786417028,785265100,156,445264,2228444,16184,34359738367,494108,17020,7888,9132,108,196529156,195212340,1316816,32,78372,484364,5544,198172692,197231792,940900,4,24064,507152,1640,198172692,197114864,1057828,0,116172,592952,4004,198134264,196858032,1276232,120,226656,643976,4996
2026-08-30T20:03:19.156313,791008804,786414868,785262940,156,445448,2228444,16588,34359738367,494204,17020,7888,9132,108,196529156,195212340,1316816,32,78448,484364,5544,198172692,197229632,943060,4,24032,507152,2044,198172692,197114864,1057828,0,116248,592952,4004,198134264,196858032,1276232,120,226720,643976,4996
2026-08-30T20:03:20.157823,791008804,786415968,785264040,160,445712,2228444,16588,34359738367,492444,17020,7888,9132,108,196529156,195212228,1316928,32,78384,484364,5544,198172692,197230080,942612,4,24476,507152,2044,198172692,197115248,1057444,0,116184,592952,4004,198134264,196858412,1275852,124,226668,643976,4996
2026-08-30T20:03:21.160441,791008804,786413612,785261684,168,445564,2228444,16588,34359738367,494204,17020,7888,9132,108,196529156,195212480,1316676,40,78468,484364,5544,198172692,197227472,945220,4,24056,507152,2044,198172692,197115248,1057444,0,116280,592952,4004,198134264,196858412,1275852,124,226760,643976,4996
2026-08-30T20:03:22.161834,791008804,786411004,785259076,112,445272,2228444,16588,34359738367,494204,17020,7888,9132,108,196529156,195212484,1316672,40,78396,484364,5544,198172692,197224852,947840,4,23984,507152,2044,198172692,197115248,1057444,0,116204,592952,4004,198134264,196858420,1275844,68,226688,643976,4996
2026-08-30T20:03:23.164436,791008804,786412144,785260216,120,445184,2228444,16556,34359738367,494140,17020,7888,9132,108,196529156,195212488,1316668,40,78376,484364,5544,198172692,197225484,947208,4,23984,507152,2012,198172692,197115500,1057192,0,116172,592952,4004,198134264,196858672,1275592,76,226652,643976,4996
2026-08-30T20:03:24.168441,791008804,786408184,785256256,72,445420,2228444,16588,34359738367,494204,17020,7888,9132,108,196529156,195212740,1316416,28,78436,484364,5544,198172692,197221268,951424,0,24028,507152,2044,198172692,197115504,1057188,0,116240,592952,4004,198134264,196858672,1275592,44,226716,643976,4996
2026-08-30T20:03:25.169838,791008804,786409876,785257948,76,445212,2228444,16588,34359738367,492556,17020,7888,9132,108,196529156,195212740,1316416,28,78384,484364,5544,198172692,197222960,949732,0,23976,507152,2044,198172692,197115504,1057188,0,116184,592952,4004,198134264,196858672,1275592,48,226668,643976,4996
2026-08-30T20:03:26.172436,791008804,786408604,785256688,76,445588,2228444,16588,34359738367,494204,17020,7888,9132,108,196529156,195212740,1316416,28,78484,484364,5544,198172692,197221436,951256,0,24064,507152,2044,198172692,197115504,1057188,0,116276,592952,4004,198134264,196858924,1275340,48,226764,643976,4996
2026-08-30T20:03:27.173836,791008804,786404944,785253048,64,445300,2228444,16588,34359738367,494204,17020,7888,9132,108,196529156,195212992,1316164,12,78404,484364,5544,198172692,197217500,955192,4,23996,507152,2044,198172692,197115524,1057168,0,116212,592952,4004,198134264,196858928,1275336,48,226688,643976,4996
2026-08-30T20:03:28.175206,791008804,786408096,785256200,68,445792,2228444,16548,34359738367,494140,17020,7888,9132,108,196529156,195212992,1316164,12,78444,484364,5544,198172692,197220652,952040,4,24364,507152,2004,198172692,197115524,1057168,0,116252,592952,4004,198134264,196858928,1275336,52,226732,643976,4996
2026-08-30T20:03:29.176352,791008804,786406068,785254172,88,445436,2228444,16588,34359738367,494204,17020,7888,9132,108,196529156,195212992,1316164,24,78448,484364,5544,198172692,197218112,954580,4,24028,507152,2044,198172692,197115780,1056912,0,116236,592952,4004,198134264,196859184,1275080,60,226724,643976,4996
2026-08-30T20:03:30.177820,791008804,786407268,785255372,88,445716,2228444,16588,34359738367,492812,17020,7888,9132,108,196529156,195213200,1315956,24,78384,484364,5544,198172692,197218972,953720,4,24480,507152,2044,198172692,197115912,1056780,0,116184,592952,4004,198134264,196859184,1275080,60,226668,643976,4996
2026-08-30T20:03:31.178971,791008804,786404260,785252364,92,445540,2228444,16588,34359738367,494204,17020,7888,9132,108,196529156,195213200,1315956,24,78468,484364,5544,198172692,197215828,956864,4,24064,507152,2044,198172692,197115916,1056776,0,116272,592952,4004,198134264,196859316,1274948,64,226736,643976,4996
2026-08-30T20:03:32.180362,791008804,786401136,785249240,104,445296,2228444,16588,34359738367,494252,17020,7888,9132,108,196529156,195213200,1315956,24,78408,484364,5544,198172692,197212192,960500,4,23988,507152,2044,198172692,197116168,1056524,0,116208,592952,4004,198134264,196859576,1274688,76,226692,643976,4996
2026-08-30T20:03:33.184436,791008804,786404784,785252888,104,446000,2228444,16580,34359738367,494172,17020,7888,9132,108,196529156,195213200,1315956,24,78476,484364,5544,198172692,197215840,956852,4,24484,507152,2036,198172692,197116168,1056524,0,116280,592952,4004,198134264,196859576,1274688,76,226760,643976,4996
2026-08-30T20:03:34.185757,791008804,786402256,785250360,108,445408,2228444,16588,34359738367,494204,17020,7888,9132,108,196529156,195213200,1315956,24,78440,484364,5544,198172692,197213312,959380,4,24020,507152,2044,198172692,197116168,1056524,0,116236,592952,4004,198134264,196859576,1274688,80,226712,643976,4996
2026-08-30T20:03:35.187159,791008804,786401380,785249484,120,445704,2228444,16588,34359738367,493356,17020,7888,9132,108,196529156,195213200,1315956,32,78376,484364,5544,198172692,197211928,960764,4,24484,507152,2044,198172692,197116424,1056268,0,116188,592952,4004,198134264,196859828,1274436,84,226656,643976,4996
2026-08-30T20:03:36.188150,791008804,786396076,785244184,120,445552,2228444,16588,34359738367,494204,17020,7888,9132,108,196529156,195213200,1315956,32,78472,484364,5544,198172692,197210768,961924,4,24052,507152,2044,198172692,197116424,1056268,0,116276,592952,4004,198134264,196855684,1278580,84,226752,643976,4996
2026-08-30T20:03:37.189600,791008804,786394668,785242828,124,445304,2228444,16588,34359738367,494236,17020,7888,9132,108,196529156,195213200,1315956,32,78408,484364,5544,198172692,197208928,963764,4,23992,507152,2044,198172692,197116428,1056264,0,116212,592952,4004,198134264,196856112,1278152,88,226692,643976,4996
2026-08-30T20:03:38.192431,791008804,786395700,785243860,96,445592,2228444,16588,34359738367,494124,17020,7888,9132,108,196529156,195213200,1315956,32,78492,484364,5544,198172692,197209708,962984,4,24040,507152,2044,198172692,197116680,1056012,0,116296,592952,4004,198134264,196856112,1278152,60,226764,643976,4996
2026-08-30T20:03:39.193520,791008804,786393140,785241300,96,445416,2228444,16588,34359738367,494204,17020,7888,9132,108,196529156,195213200,1315956,32,78428,484364,5544,198172692,197207148,965544,4,24024,507152,2044,198172692,197116680,1056012,0,116252,592952,4004,198134264,196856112,1278152,60,226712,643976,4996
2026-08-30T20:03:40.194914,791008804,786395860,785244020,100,445236,2228444,16156,34359738367,493740,17020,7888,9132,108,196529156,195213308,1315848,32,78384,484364,5544,198172692,197209400,963292,4,23992,507152,1612,198172692,197116788,1055904,0,116192,592952,4004,198134264,196856364,1277900,64,226668,643976,4996
2026-08-30T20:03:41.195949,791008804,786392900,785241060,100,445484,2228444,16588,34359738367,494204,17020,7888,9132,108,196529156,195213316,1315840,32,78452,484364,5544,198172692,197206060,966632,4,24036,507152,2044,198172692,197117040,1055652,0,116256,592952,4004,198134264,196856484,1277780,64,226740,643976,4996
2026-08-30T20:03:42.197473,791008804,786392768,785240928,120,445256,2228444,16588,34359738367,492252,17020,7888,9132,108,196529156,195213316,1315840,40,78392,484364,5544,198172692,197205928,966764,4,23984,507152,2044,198172692,197117040,1055652,0,116208,592952,4004,198134264,196856484,1277780,76,226672,643976,4996
2026-08-30T20:03:43.200445,791008804,786391536,785239696,124,445632,2228444,16588,34359738367,494204,17020,7888,9132,108,196529156,195213316,1315840,40,78484,484364,5544,198172692,197204440,968252,4,24076,507152,2044,198172692,197117040,1055652,0,116304,592952,4004,198134264,196856740,1277524,80,226768,643976,4996
2026-08-30T20:03:44.201846,791008804,786389472,785237632,128,445316,2228444,16588,34359738367,494204,17020,7888,9132,108,196529156,195213316,1315840,40,78408,484364,5544,198172692,197202124,970568,4,23992,507152,2044,198172692,197117292,1055400,0,116220,592952,4004,198134264,196856740,1277524,84,226696,643976,4996
2026-08-30T20:03:45.203193,791008804,786390328,785238488,128,445972,2228444,16556,34359738367,494140,17020,7888,9132,108,196529156,195213316,1315840,40,78472,484364,5544,198172692,197202972,969720,4,24468,507152,2012,198172692,197117292,1055400,0,116280,592952,4004,198134264,196856748,1277516,84,226752,643976,4996
2026-08-30T20:03:46.204311,791008804,786383468,785231628,128,445724,2228444,16588,34359738367,494204,17020,7888,9132,108,196529156,195213316,1315840,40,78436,484364,5544,198172692,197199996,972696,4,24040,507152,2044,198172692,197117308,1055384,0,116264,592952,4004,198134264,196852848,1281416,84,226984,643976,4996
2026-08-30T20:03:47.205862,791008804,786383424,785231632,132,446012,2228444,16588,34359738367,492492,17020,7888,9132,108,196529156,195213316,1315840,40,78388,484364,5544,198172692,197199900,972792,4,24488,507152,2044,198172692,197117504,1055188,0,116200,592952,4004,198134264,196852704,1281560,88,226936,643976,4996
2026-08-30T20:03:48.206917,791008804,786384060,785232268,144,445836,2228444,16588,34359738367,494204,17020,7888,9132,108,196529156,195213324,1315832,48,78472,484364,5544,198172692,197200520,972172,4,24056,507152,2044,198172692,197117504,1055188,0,116284,592952,4004,198134264,196852712,1281552,92,227024,643976,4996
2026-08-30T20:03:49.208352,791008804,786382560,785230768,144,445612,2228444,16588,34359738367,494204,17020,7888,9132,108,196529156,195213324,1315832,48,78412,484364,5544,198172692,197198764,973928,4,24016,507152,2044,198172692,197117504,1055188,0,116224,592952,4004,198134264,196852968,1281296,92,226960,643976,4996
2026-08-30T20:03:50.209824,791008804,786382016,785230224,148,446292,2228444,16588,34359738367,494140,17020,7888,9132,108,196529156,195213324,1315832,48,78472,484364,5544,198172692,197197968,974724,4,24500,507152,2044,198172692,197117504,1055188,0,116300,592952,4004,198134264,196853220,1281044,96,227020,643976,4996
2026-08-30T20:03:51.211218,791008804,786434812,785283552,148,386868,209312,13060,34359738367,492220,17020,7888,9132,108,196529156,195213460,1315696,48,78404,49260,5040,198172692,197194232,978460,4,27024,29204,1036,198172692,197117636,1055056,0,116232,65576,2996,198134264,196909484,1224780,96,165208,65272,3988
2026-08-30T20:03:52.212426,791008804,788646792,786269252,568,216004,154272,10212,34359738367,490140,17020,7888,9132,108,196529156,195598596,930560,0,90448,50840,4748,198172692,197699064,473628,0,5264,28820,528,198172692,197662608,510084,0,95836,65340,2504,198134264,197686524,447740,612,24456,9272,2432
2026-08-30T20:03:53.213514,791008804,788537644,786191484,664,251548,183120,11160,34359738367,492124,17020,7888,9132,108,196529156,195487320,1041836,4,126256,79692,5780,198172692,197701428,471264,0,5264,28820,528,198172692,197662620,510072,4,95572,65340,2436,198134264,197686276,447988,656,24456,9268,2416
2026-08-30T20:03:54.214417,791008804,788451524,786126936,664,289616,200520,11320,34359738367,492124,17020,7888,9132,108,196529156,195400028,1129128,4,164324,97092,5940,198172692,197702600,470092,0,5264,28820,528,198172692,197662620,510072,4,95572,65340,2436,198134264,197686276,447988,656,24456,9268,2416
2026-08-30T20:03:55.215350,791008804,787660956,785431956,712,429980,456772,12808,34359738367,494428,17020,7888,9132,108,196529156,194720952,1808204,0,210480,353344,7428,198172692,197682712,489980,0,35984,28820,528,198172692,197609956,562736,4,128340,65340,2436,198134264,197646776,487488,744,55176,9268,2416
2026-08-30T20:03:56.221132,791008804,787431692,785310248,660,432624,676288,14620,34359738367,494860,17020,7888,9132,108,196529156,194490476,2038680,4,213124,572860,9240,198172692,197683720,488972,0,35984,28820,528,198172692,197609972,562720,0,128340,65340,2436,198134264,197647524,486740,656,55176,9268,2416
2026-08-30T20:03:57.224490,791008804,787411952,785293424,660,434000,680668,14268,34359738367,494284,17020,7888,9132,108,196529156,194467640,2061516,4,214500,577240,8888,198172692,197686252,486440,0,35984,28820,528,198172692,197610100,562592,0,128340,65340,2436,198134264,197647960,486304,656,55176,9268,2416
2026-08-30T20:03:58.228794,791008804,787411412,785292912,660,434708,680668,14056,34359738367,493084,17020,7888,9132,108,196529156,194460308,2068848,4,215208,577240,8676,198172692,197686804,485888,0,35984,28820,528,198172692,197610920,561772,0,128340,65340,2436,198134264,197653380,480884,656,55176,9268,2416
2026-08-30T20:03:59.236513,791008804,787407052,785288552,664,435276,680668,14064,34359738367,493404,17020,7888,9132,108,196529156,194454792,2074364,4,215776,577240,8684,198172692,197687284,485408,0,35984,28820,528,198172692,197611228,561464,0,128340,65340,2436,198134264,197653748,480516,660,55176,9268,2416
2026-08-30T20:04:00.245480,791008804,787412320,785293820,664,435288,680668,14048,34359738367,494156,17020,7888,9132,108,196529156,194458992,2070164,4,215788,577240,8668,198172692,197687696,484996,0,35984,28820,528,198172692,197611712,560980,0,128340,65340,2436,198134264,197653920,480344,660,55176,9268,2416
2026-08-30T20:04:01.256355,791008804,787418428,785299928,684,436004,680668,14056,34359738367,494156,17020,7888,9132,108,196529156,194463612,2065544,4,216504,577240,8676,198172692,197688088,484604,4,35984,28820,528,198172692,197612428,560264,4,128340,65340,2436,198134264,197654300,479964,672,55176,9268,2416
2026-08-30T20:04:02.269689,791008804,787432364,785314228,696,436176,680668,14056,34359738367,494140,17020,7888,9132,108,196529156,194476892,2052264,16,216676,577240,8676,198172692,197688140,484552,4,35984,28820,528,198172692,197612620,560072,4,128340,65340,2436,198134264,197654712,479552,672,55176,9268,2416
2026-08-30T20:04:03.280367,791008804,787445080,785326944,700,436156,680668,14056,34359738367,494140,17020,7888,9132,108,196529156,194489480,2039676,16,216656,577240,8676,198172692,197688236,484456,4,35984,28820,528,198172692,197612636,560056,4,128340,65340,2436,198134264,197654728,479536,676,55176,9268,2416
2026-08-30T20:04:04.288525,791008804,787453592,785335460,700,436368,680668,14056,34359738367,493724,17020,7888,9132,108,196529156,194497216,2031940,16,216868,577240,8676,198172692,197688256,484436,4,35984,28820,528,198172692,197613140,559552,4,128340,65340,2436,198134264,197654980,479284,676,55176,9268,2416
2026-08-30T20:04:05.301066,791008804,787476172,785358040,700,436476,680668,14056,34359738367,493724,17020,7888,9132,108,196529156,194519544,2009612,16,216976,577240,8676,198172692,197688256,484436,4,35984,28820,528,198172692,197613140,559552,4,128340,65340,2436,198134264,197655232,479032,676,55176,9268,2416
2026-08-30T20:04:06.310738,791008804,787491732,785373600,704,436652,680668,14056,34359738367,493724,17020,7888,9132,108,196529156,194535104,1994052,16,217140,577240,8676,198172692,197688256,484436,4,35984,28820,528,198172692,197613140,559552,4,128352,65340,2436,198134264,197655232,479032,680,55176,9268,2416
2026-08-30T20:04:07.316117,791008804,787496076,785377960,704,436752,680668,14056,34359738367,493724,17020,7888,9132,108,196529156,194538692,1990464,16,217240,577240,8676,198172692,197688256,484436,4,35984,28820,528,198172692,197613644,559048,4,128352,65340,2436,198134264,197655484,478780,680,55176,9268,2416
2026-08-30T20:04:08.329016,791008804,787501728,785383624,716,436844,680668,14056,34359738367,493724,17020,7888,9132,108,196529156,194544052,1985104,16,217332,577240,8676,198172692,197688256,484436,4,35984,28820,528,198172692,197613660,559032,4,128352,65340,2436,198134264,197655760,478504,692,55176,9268,2416
2026-08-30T20:04:09.334523,791008804,787531148,785413044,724,436968,680668,14056,34359738367,493724,17020,7888,9132,108,196529156,194573472,1955684,24,217456,577240,8676,198172692,197688256,484436,4,35984,28820,528,198172692,197613660,559032,4,128352,65340,2436,198134264,197655760,478504,692,55176,9268,2416
2026-08-30T20:04:10.338227,791008804,787563916,785445812,728,437084,680668,14056,34359738367,493724,17020,7888,9132,108,196529156,194603444,1925712,24,217572,577240,8676,198172692,197688256,484436,4,35984,28820,528,198172692,197614156,558536,4,128352,65340,2436,198134264,197658060,476204,696,55176,9268,2416
2026-08-30T20:04:11.342409,791008804,787566496,785448392,728,437208,680668,14056,34359738367,493724,17020,7888,9132,108,196529156,194606024,1923132,24,217696,577240,8676,198172692,197688256,484436,4,35984,28820,528,198172692,197614156,558536,4,128352,65340,2436,198134264,197658060,476204,696,55176,9268,2416
2026-08-30T20:04:12.346872,791008804,787596776,785478672,728,437324,680668,14056,34359738367,493724,17020,7888,9132,108,196529156,194636304,1892852,24,217812,577240,8676,198172692,197688256,484436,4,35984,28820,528,198172692,197614156,558536,4,128352,65340,2436,198134264,197658060,476204,696,55176,9268,2416
2026-08-30T20:04:13.352070,791008804,787610044,785491940,736,437416,680668,14056,34359738367,493724,17020,7888,9132,108,196529156,194649068,1880088,24,217904,577240,8676,198172692,197688256,484436,4,35984,28820,528,198172692,197614408,558284,4,128352,65340,2436,198134264,197658312,475952,704,55176,9268,2416
2026-08-30T20:04:14.355366,791008804,787612408,785494304,740,437524,680668,14056,34359738367,493724,17020,7888,9132,108,196529156,194651696,1877460,24,218012,577240,8676,198172692,197688256,484436,4,35984,28820,528,198172692,197614408,558284,4,128352,65340,2436,198134264,197658312,475952,708,55176,9268,2416
2026-08-30T20:04:15.359486,791008804,787619776,785501672,740,437612,680668,14056,34359738367,493724,17020,7888,9132,108,196529156,194658800,1870356,24,218100,577240,8676,198172692,197688256,484436,4,35984,28820,528,198172692,197614408,558284,4,128352,65340,2436,198134264,197658312,475952,708,55176,9268,2416
2026-08-30T20:04:16.363431,791008804,787626884,785508780,748,437724,680668,14056,34359738367,493724,17020,7888,9132,108,196529156,194665404,1863752,32,218212,577240,8676,198172692,197688256,484436,4,35984,28820,528,198172692,197614660,558032,4,128352,65340,2436,198134264,197658564,475700,708,55176,9268,2416
2026-08-30T20:04:17.367196,791008804,787628444,785510356,752,437796,680668,14056,34359738367,493724,17020,7888,9132,108,196529156,194666964,1862192,32,218284,577240,8676,198172692,197688256,484436,4,35984,28820,528,198172692,197614660,558032,4,128352,65340,2436,198134264,197658564,475700,712,55176,9268,2416
2026-08-30T20:04:18.370759,791008804,787628700,785510620,752,437888,680668,14056,34359738367,493724,17020,7888,9132,108,196529156,194667220,1861936,32,218376,577240,8676,198172692,197688256,484436,4,35984,28820,528,198172692,197614660,558032,4,128352,65340,2436,198134264,197658564,475700,712,55176,9268,2416
2026-08-30T20:04:19.374796,791008804,787637336,785519256,752,437972,680668,14056,34359738367,493724,17020,7888,9132,108,196529156,194675352,1853804,32,218460,577240,8676,198172692,197688256,484436,4,35984,28820,528,198172692,197614912,557780,4,128352,65340,2436,198134264,197658816,475448,712,55176,9268,2416
2026-08-30T20:04:20.378141,791008804,787643436,785525356,764,438064,680668,14056,34359738367,493724,17020,7888,9132,108,196529156,194681452,1847704,32,218552,577240,8676,198172692,197688256,484436,4,35984,28820,528,198172692,197614912,557780,4,128352,65340,2436,198134264,197658816,475448,724,55176,9268,2416
2026-08-30T20:04:21.381939,791008804,787645632,785527552,764,438164,680668,14056,34359738367,493724,17020,7888,9132,108,196529156,194683648,1845508,32,218652,577240,8676,198172692,197688256,484436,4,35984,28820,528,198172692,197614912,557780,4,128352,65340,2436,198134264,197658816,475448,724,55176,9268,2416
2026-08-30T20:04:22.384196,791008804,787649016,785530936,764,438232,680668,14056,34359738367,493724,17020,7888,9132,108,196529156,194686528,1842628,32,218720,577240,8676,198172692,197688256,484436,4,35984,28820,528,198172692,197615164,557528,4,128352,65340,2436,198134264,197659068,475196,724,55176,9268,2416
2026-08-30T20:04:23.387904,791008804,787658192,785540112,776,438320,680668,14056,34359738367,493724,17020,7888,9132,108,196529156,194695704,1833452,40,218808,577240,8676,198172692,197688256,484436,4,35984,28820,528,198172692,197615164,557528,4,128352,65340,2436,198134264,197659068,475196,728,55176,9268,2416
2026-08-30T20:04:24.391241,791008804,787664504,785546424,776,438344,680668,14056,34359738367,493724,17020,7888,9132,108,196529156,194702016,1827140,40,218832,577240,8676,198172692,197688256,484436,4,35984,28820,528,198172692,197615164,557528,4,128352,65340,2436,198134264,197659068,475196,728,55176,9268,2416
2026-08-30T20:04:25.393285,791008804,787541752,785423736,120,466736,680704,14120,34359738367,494204,17020,7888,9132,108,196529156,194578760,1950396,36,247224,577276,8740,198172692,197688256,484436,0,35984,28820,528,198172692,197615416,557276,0,128352,65340,2436,198134264,197659320,474944,84,55176,9268,2416
2026-08-30T20:04:26.394862,791008804,787494040,785376040,56,479276,680704,14760,34359738367,493724,17020,7888,9132,108,196529156,194530888,1998268,36,259764,577276,9380,198172692,197688320,484372,0,35984,28820,528,198172692,197615416,557276,0,128352,65340,2436,198134264,197659416,474848,20,55176,9268,2416
2026-08-30T20:04:27.400031,791008804,787492388,785374392,56,480176,680704,14764,34359738367,493260,17020,7888,9132,108,196529156,194529236,1999920,36,260664,577276,9384,198172692,197688320,484372,0,35984,28820,528,198172692,197615416,557276,0,128352,65340,2436,198134264,197659416,474848,20,55176,9268,2416
2026-08-30T20:04:28.405165,791008804,787489256,785371264,72,479820,680704,14884,34359738367,493020,17020,7888,9132,108,196529156,194525536,2003620,36,260308,577276,9504,198172692,197688384,484308,0,35984,28820,528,198172692,197615668,557024,0,128352,65340,2436,198134264,197659668,474596,36,55176,9268,2416
2026-08-30T20:04:29.412552,791008804,787495240,785377248,72,480304,680704,14716,34359738367,493580,17020,7888,9132,108,196529156,194531012,1998144,36,260792,577276,9336,198172692,197688536,484156,0,35984,28820,528,198172692,197615796,556896,0,128352,65340,2436,198134264,197659896,474368,36,55176,9268,2416
2026-08-30T20:04:30.424495,791008804,787499144,785381152,112,480576,680704,14652,34359738367,493740,17020,7888,9132,108,196529156,194534596,1994560,56,261064,577276,9272,198172692,197688684,484008,4,35984,28820,528,198172692,197615864,556828,0,128352,65340,2436,198134264,197660000,474264,52,55176,9268,2416
2026-08-30T20:04:31.445810,791008804,787508528,785390536,116,480656,680704,14656,34359738367,493740,17020,7888,9132,108,196529156,194543368,1985788,56,261144,577276,9276,198172692,197688720,483972,4,35984,28820,528,198172692,197616172,556520,0,128352,65340,2436,198134264,197660268,473996,56,55176,9268,2416
2026-08-30T20:04:32.452564,791008804,787518072,785400080,116,480784,680704,14656,34359738367,493740,17020,7888,9132,108,196529156,194552896,1976260,56,261272,577276,9276,198172692,197688720,483972,4,35984,28820,528,198172692,197616188,556504,0,128352,65340,2436,198134264,197660268,473996,56,55176,9268,2416
2026-08-30T20:04:33.461874,791008804,787525448,785407456,124,480960,680704,14656,34359738367,493740,17020,7888,9132,108,196529156,194560204,1968952,56,261448,577276,9276,198172692,197688772,483920,4,35984,28820,528,198172692,197616188,556504,0,128352,65340,2436,198134264,197660284,473980,64,55176,9268,2416
2026-08-30T20:04:34.468546,791008804,787535300,785417308,124,481104,680704,14656,34359738367,493340,17020,7888,9132,108,196529156,194569548,1959608,56,261592,577276,9276,198172692,197688776,483916,4,35984,28820,528,198172692,197616440,556252,0,128352,65340,2436,198134264,197660536,473728,64,55176,9268,2416
2026-08-30T20:04:35.478100,791008804,787546520,785428528,132,481236,680704,14656,34359738367,493340,17020,7888,9132,108,196529156,194580768,1948388,56,261724,577276,9276,198172692,197688776,483916,4,35984,28820,528,198172692,197616440,556252,0,128352,65340,2436,198134264,197660536,473728,72,55176,9268,2416
2026-08-30T20:04:36.484557,791008804,787560036,785442044,88,481372,680704,14656,34359738367,493340,17020,7888,9132,108,196529156,194594284,1934872,12,261860,577276,9276,198172692,197688776,483916,4,35984,28820,528,198172692,197616440,556252,0,128352,65340,2436,198134264,197660536,473728,72,55176,9268,2416
2026-08-30T20:04:37.493156,791008804,787561692,785443716,100,485516,680704,14656,34359738367,493340,17020,7888,9132,108,196529156,194603628,1925528,24,263288,577276,9276,198172692,197688776,483916,4,35984,28820,528,198172692,197612596,560096,0,129084,65340,2436,198134264,197656692,477572,72,57160,9268,2416
2026-08-30T20:04:38.501870,791008804,787568900,785450932,104,485592,680704,14656,34359738367,493340,17020,7888,9132,108,196529156,194610836,1918320,24,263424,577276,9276,198172692,197688776,483916,4,35984,28820,528,198172692,197612596,560096,0,129024,65340,2436,198134264,197656692,477572,76,57160,9268,2416
2026-08-30T20:04:39.508503,791008804,787576896,785458928,104,485664,680704,14656,34359738367,493340,17020,7888,9132,108,196529156,194618832,1910324,24,263496,577276,9276,198172692,197688776,483916,4,35984,28820,528,198172692,197612596,560096,0,129024,65340,2436,198134264,197656692,477572,76,57160,9268,2416
2026-08-30T20:04:40.512220,791008804,787592736,785474768,108,485776,680704,14656,34359738367,493340,17020,7888,9132,108,196529156,194632056,1897100,24,263608,577276,9276,198172692,197688776,483916,4,35984,28820,528,198172692,197612848,559844,0,129024,65340,2436,198134264,197659056,475208,80,57160,9268,2416
2026-08-30T20:04:41.516141,791008804,787607152,785489184,120,485864,680704,14656,34359738367,493340,17020,7888,9132,108,196529156,194646220,1882936,24,263696,577276,9276,198172692,197688776,483916,4,35984,28820,528,198172692,197613100,559592,0,129024,65340,2436,198134264,197659056,475208,92,57160,9268,2416
2026-08-30T20:04:42.520101,791008804,787616468,785498500,92,485984,680704,14656,34359738367,493340,17020,7888,9132,108,196529156,194655536,1873620,24,263816,577276,9276,198172692,197688776,483916,4,35984,28820,528,198172692,197613100,559592,0,129024,65340,2436,198134264,197659056,475208,64,57160,9268,2416
2026-08-30T20:04:43.523911,791008804,787627996,785510028,92,486084,680704,14656,34359738367,493340,17020,7888,9132,108,196529156,194666732,1862424,24,263916,577276,9276,198172692,197688776,483916,4,35984,28820,528,198172692,197613180,559512,0,129024,65340,2436,198134264,197659308,474956,64,57160,9268,2416
2026-08-30T20:04:44.527889,791008804,787640348,785522380,104,486188,680704,14656,34359738367,493340,17020,7888,9132,108,196529156,194678832,1850324,32,264020,577276,9276,198172692,197688776,483916,4,35984,28820,528,198172692,197613432,559260,0,129024,65340,2436,198134264,197659308,474956,68,57160,9268,2416
2026-08-30T20:04:45.531581,791008804,787641664,785523696,104,486320,680704,14656,34359738367,493340,17020,7888,9132,108,196529156,194680148,1849008,32,264152,577276,9276,198172692,197688776,483916,4,35984,28820,528,198172692,197613432,559260,0,129024,65340,2436,198134264,197659308,474956,68,57160,9268,2416
2026-08-30T20:04:46.536571,791008804,787650616,785532648,116,486384,680704,14656,34359738367,493340,17020,7888,9132,108,196529156,194688848,1840308,32,264216,577276,9276,198172692,197688776,483916,4,35984,28820,528,198172692,197613432,559260,0,129024,65340,2436,198134264,197659560,474704,80,57160,9268,2416
2026-08-30T20:04:47.540159,791008804,787664296,785546328,120,488192,680704,14656,34359738367,493340,17020,7888,9132,108,196529156,194706372,1822784,32,264352,577276,9276,198172692,197688776,483916,4,35984,28820,528,198172692,197609588,563104,0,130696,65340,2436,198134264,197659560,474704,84,57160,9268,2416
2026-08-30T20:04:48.544059,791008804,787666828,785548884,124,488244,680704,14656,34359738367,493340,17020,7888,9132,108,196529156,194706844,1822312,32,264404,577276,9276,198172692,197688776,483916,4,35984,28820,528,198172692,197609588,563104,0,130696,65340,2436,198134264,197661620,472644,88,57160,9268,2416
2026-08-30T20:04:49.547954,791008804,787671408,785553464,124,488360,680704,14656,34359738367,493340,17020,7888,9132,108,196529156,194711424,1817732,32,264520,577276,9276,198172692,197688776,483916,4,35984,28820,528,198172692,197609588,563104,0,130696,65340,2436,198134264,197661620,472644,88,57160,9268,2416
2026-08-30T20:04:50.551723,791008804,787683528,785565584,124,488428,680704,14656,34359738367,493340,17020,7888,9132,108,196529156,194723544,1805612,32,264592,577276,9276,198172692,197688776,483916,4,35984,28820,528,198172692,197609840,562852,0,130696,65340,2436,198134264,197661620,472644,88,57160,9268,2416
2026-08-30T20:04:51.555956,791008804,787690352,785572408,136,488504,680704,14656,34359738367,493340,17020,7888,9132,108,196529156,194729864,1799292,40,264664,577276,9276,198172692,197688776,483916,4,35984,28820,528,198172692,197610092,562600,0,130696,65340,2436,198134264,197661620,472644,92,57160,9268,2416
2026-08-30T20:04:52.558245,791008804,787692328,785574384,136,488596,680704,14656,34359738367,493340,17020,7888,9132,108,196529156,194731840,1797316,40,264756,577276,9276,198172692,197688776,483916,4,35984,28820,528,198172692,197610092,562600,0,130696,65340,2436,198134264,197661620,472644,92,57160,9268,2416
2026-08-30T20:04:53.561255,791008804,787706656,785588712,136,488644,680704,14656,34359738367,493340,17020,7888,9132,108,196529156,194743744,1785412,40,264804,577276,9276,198172692,197688776,483916,4,35984,28820,528,198172692,197612516,560176,0,130696,65340,2436,198134264,197661620,472644,92,57160,9268,2416
2026-08-30T20:04:54.563988,791008804,787714684,785596740,144,488692,680704,14656,34359738367,493340,17020,7888,9132,108,196529156,194751772,1777384,40,264852,577276,9276,198172692,197688776,483916,4,35984,28820,528,198172692,197612516,560176,0,130696,65340,2436,198134264,197661620,472644,100,57160,9268,2416
2026-08-30T20:04:55.565145,791008804,787608128,785490188,144,500840,680704,15008,34359738367,494316,17020,7888,9132,108,196529156,194643020,1886136,40,277000,577276,9628,198172692,197688776,483916,4,35984,28820,528,198172692,197614712,557980,0,130696,65340,2436,198134264,197661620,472644,100,57160,9268,2416
2026-08-30T20:04:56.568216,791008804,787588836,785470912,144,501672,680744,14820,34359738367,493484,17020,7888,9132,108,196529156,194623632,1905524,40,277832,577316,9440,198172692,197688776,483916,4,35984,28820,528,198172692,197614744,557948,0,130696,65340,2436,198134264,197661684,472580,100,57160,9268,2416
2026-08-30T20:04:57.574332,791008804,787586528,785468612,128,501100,680744,14712,34359738367,493116,17020,7888,9132,108,196529156,194616408,1912748,40,277260,577316,9332,198172692,197693588,479104,4,35984,28820,528,198172692,197614744,557948,0,130696,65340,2436,198134264,197661788,472476,84,57160,9268,2416
2026-08-30T20:04:58.584515,791008804,787584104,785466204,136,500744,680744,14692,34359738367,493804,17020,7888,9132,108,196529156,194613944,1915212,40,276904,577316,9312,198172692,197693588,479104,4,35984,28820,528,198172692,197614776,557916,0,130696,65340,2436,198134264,197661796,472468,92,57160,9268,2416
2026-08-30T20:04:59.592200,791008804,787588848,785470952,152,500832,680744,14680,34359738367,494108,17020,7888,9132,108,196529156,194618480,1910676,40,276992,577316,9300,198172692,197693684,479008,12,35984,28820,528,198172692,197614860,557832,0,130696,65340,2436,198134264,197661824,472440,100,57160,9268,2416
2026-08-30T20:05:00.605220,791008804,787598600,785480704,104,500988,680744,14680,34359738367,494108,17020,7888,9132,108,196529156,194628096,1901060,28,277148,577316,9300,198172692,197693812,478880,8,35984,28820,528,198172692,197614860,557832,0,130696,65340,2436,198134264,197661832,472432,68,57160,9268,2416
2026-08-30T20:05:01.609991,791008804,787610192,785492548,1196,500988,680744,14680,34359738367,494092,17020,7888,9132,108,196529156,194639668,1889488,28,277148,577316,9300,198172692,197693816,478876,8,35984,28820,528,198172692,197614876,557816,0,130696,65340,2436,198134264,197661832,472432,1160,57160,9268,2416
2026-08-30T20:05:02.616593,791008804,787618860,785501888,1736,500988,680748,14680,34359738367,493628,17020,7888,9132,108,196529156,194648540,1880616,304,277148,577320,9300,198172692,197693612,479080,12,35984,28820,528,198172692,197614876,557816,4,130696,65340,2436,198134264,197661832,472432,1416,57160,9268,2416
2026-08-30T20:05:03.626066,791008804,787627880,785510908,1780,500988,680748,14680,34359738367,493628,17020,7888,9132,108,196529156,194657560,1871596,324,277148,577320,9300,198172692,197693612,479080,16,35984,28820,528,198172692,197614876,557816,4,130696,65340,2436,198134264,197661832,472432,1436,57160,9268,2416
2026-08-30T20:05:04.632625,791008804,787643896,785526924,1780,500988,680748,14680,34359738367,493628,17020,7888,9132,108,196529156,194673576,1855580,324,277148,577320,9300,198172692,197693612,479080,16,35984,28820,528,198172692,197614876,557816,4,130696,65340,2436,198134264,197661832,472432,1436,57160,9268,2416
2026-08-30T20:05:05.641994,791008804,787654392,785537420,1784,500988,680748,14680,34359738367,493628,17020,7888,9132,108,196529156,194683880,1845276,324,277148,577320,9300,198172692,197693804,478888,16,35984,28820,528,198172692,197614876,557816,4,130696,65340,2436,198134264,197661832,472432,1440,57160,9268,2416
2026-08-30T20:05:06.648519,791008804,787665172,785548200,1792,500988,680748,14680,34359738367,493628,17020,7888,9132,108,196529156,194694628,1834528,332,277148,577320,9300,198172692,197693836,478856,16,35984,28820,528,198172692,197614876,557816,4,130696,65340,2436,198134264,197661832,472432,1440,57160,9268,2416
2026-08-30T20:05:07.657736,791008804,787673524,785556552,1760,500988,680748,14680,34359738367,493628,17020,7888,9132,108,196529156,194702980,1826176,296,277148,577320,9300,198172692,197693836,478856,12,35984,28820,528,198172692,197614876,557816,8,130696,65340,2436,198134264,197661832,472432,1444,57160,9268,2416
2026-08-30T20:05:08.667936,791008804,787684660,785567712,1764,500992,680748,14680,34359738367,493628,17020,7888,9132,108,196529156,194714116,1815040,296,277152,577320,9300,198172692,197693836,478856,12,35984,28820,528,198172692,197614876,557816,8,130696,65340,2436,198134264,197661832,472432,1448,57160,9268,2416
2026-08-30T20:05:09.671821,791008804,787691836,785574892,1776,500992,680748,14680,34359738367,493628,17020,7888,9132,108,196529156,194721292,1807864,300,277152,577320,9300,198172692,197693836,478856,12,35984,28820,528,198172692,197614876,557816,8,130696,65340,2436,198134264,197661832,472432,1456,57160,9268,2416
2026-08-30T20:05:10.675815,791008804,787701520,785584576,1776,500992,680748,14680,34359738367,493628,17020,7888,9132,108,196529156,194730976,1798180,300,277152,577320,9300,198172692,197693836,478856,12,35984,28820,528,198172692,197614876,557816,8,130696,65340,2436,198134264,197661832,472432,1456,57160,9268,2416
2026-08-30T20:05:11.679692,791008804,787709120,785592176,1776,500992,680748,14680,34359738367,493628,17020,7888,9132,108,196529156,194738576,1790580,300,277152,577320,9300,198172692,197693836,478856,12,35984,28820,528,198172692,197614876,557816,8,130696,65340,2436,198134264,197661832,472432,1456,57160,9268,2416
2026-08-30T20:05:12.683392,791008804,787719632,785602688,1788,500992,680748,14680,34359738367,493628,17020,7888,9132,108,196529156,194749088,1780068,300,277152,577320,9300,198172692,197693836,478856,12,35984,28820,528,198172692,197614876,557816,8,130696,65340,2436,198134264,197661832,472432,1468,57160,9268,2416
2026-08-30T20:05:13.688479,791008804,787725848,785608904,1800,500992,680748,14680,34359738367,493628,17020,7888,9132,108,196529156,194755304,1773852,312,277152,577320,9300,198172692,197693836,478856,12,35984,28820,528,198172692,197614876,557816,8,130696,65340,2436,198134264,197661832,472432,1468,57160,9268,2416
2026-08-30T20:05:14.691992,791008804,787729504,785612560,1800,500992,680748,14680,34359738367,493628,17020,7888,9132,108,196529156,194758960,1770196,312,277152,577320,9300,198172692,197693836,478856,12,35984,28820,528,198172692,197614876,557816,8,130696,65340,2436,198134264,197661832,472432,1468,57160,9268,2416
2026-08-30T20:05:15.695717,791008804,787742124,785625180,1804,500992,680748,14680,34359738367,493628,17020,7888,9132,108,196529156,194771580,1757576,312,277152,577320,9300,198172692,197693836,478856,12,35984,28820,528,198172692,197614876,557816,8,130696,65340,2436,198134264,197661832,472432,1472,57160,9268,2416
2026-08-30T20:05:16.699402,791008804,787751404,785634460,1804,500992,680748,14680,34359738367,493628,17020,7888,9132,108,196529156,194780860,1748296,312,277152,577320,9300,198172692,197693836,478856,12,35984,28820,528,198172692,197614876,557816,8,130696,65340,2436,198134264,197661832,472432,1472,57160,9268,2416
2026-08-30T20:05:17.703340,791008804,787755656,785638712,1804,500992,680748,14680,34359738367,493628,17020,7888,9132,108,196529156,194785112,1744044,312,277152,577320,9300,198172692,197693836,478856,12,35984,28820,528,198172692,197614876,557816,8,130696,65340,2436,198134264,197661832,472432,1472,57160,9268,2416
2026-08-30T20:05:18.707229,791008804,787760652,785643728,1780,500992,680748,14680,34359738367,493628,17020,7888,9132,108,196529156,194790108,1739048,312,277152,577320,9300,198172692,197693836,478856,12,35984,28820,528,198172692,197614876,557816,8,130696,65340,2436,198134264,197661832,472432,1448,57160,9268,2416
2026-08-30T20:05:19.710971,791008804,787762304,785645380,1780,500992,680748,14680,34359738367,493628,17020,7888,9132,108,196529156,194791760,1737396,312,277152,577320,9300,198172692,197693836,478856,12,35984,28820,528,198172692,197614876,557816,8,130696,65340,2436,198134264,197661832,472432,1448,57160,9268,2416
2026-08-30T20:05:20.715029,791008804,787764116,785647192,1792,500992,680748,14680,34359738367,493628,17020,7888,9132,108,196529156,194793572,1735584,320,277152,577320,9300,198172692,197693836,478856,12,35984,28820,528,198172692,197614876,557816,8,130696,65340,2436,198134264,197661832,472432,1452,57160,9268,2416
2026-08-30T20:05:21.718367,791008804,787770440,785653516,1796,500992,680748,14680,34359738367,493628,17020,7888,9132,108,196529156,194799896,1729260,320,277152,577320,9300,198172692,197693836,478856,12,35984,28820,528,198172692,197614876,557816,8,130696,65340,2436,198134264,197661832,472432,1456,57160,9268,2416
2026-08-30T20:05:22.722230,791008804,787771260,785654336,1800,500992,680748,14680,34359738367,493628,17020,7888,9132,108,196529156,194800716,1728440,320,277152,577320,9300,198172692,197693836,478856,12,35984,28820,528,198172692,197614876,557816,8,130696,65340,2436,198134264,197661832,472432,1460,57160,9268,2416
2026-08-30T20:05:23.724140,791008804,787775036,785658112,1800,500992,680748,14680,34359738367,493628,17020,7888,9132,108,196529156,194804492,1724664,320,277152,577320,9300,198172692,197693836,478856,12,35984,28820,528,198172692,197614876,557816,8,130696,65340,2436,198134264,197661832,472432,1460,57160,9268,2416
2026-08-30T20:05:24.725221,791008804,787729656,785612732,1812,500980,680748,14688,34359738367,496060,17020,7888,9132,108,196529156,194759112,1770044,320,277140,577320,9308,198172692,197693836,478856,12,35984,28820,528,198172692,197614876,557816,8,130696,65340,2436,198134264,197661832,472432,1472,57160,9268,2416
2026-08-30T20:05:25.727062,791008804,787659368,785542452,1812,500924,680748,14896,34359738367,493452,17020,7888,9132,108,196529156,194688824,1840332,320,277084,577320,9516,198172692,197693836,478856,12,35984,28820,528,198172692,197614876,557816,8,130696,65340,2436,198134264,197661832,472432,1472,57160,9268,2416
2026-08-30T20:05:26.732007,791008804,787651568,785534660,1816,500500,680748,15012,34359738367,493388,17020,7888,9132,108,196529156,194680984,1848172,320,276660,577320,9632,198172692,197693844,478848,12,35984,28820,528,198172692,197614876,557816,8,130696,65340,2436,198134264,197661864,472400,1476,57160,9268,2416
2026-08-30T20:05:27.740548,791008804,787647664,785530760,1824,500212,680748,14772,34359738367,493516,17020,7888,9132,108,196529156,194677080,1852076,328,276372,577320,9392,198172692,197693844,478848,12,35984,28820,528,198172692,197614876,557816,8,130696,65340,2436,198134264,197661864,472400,1476,57160,9268,2416
2026-08-30T20:05:28.749314,791008804,787648376,785531476,1824,500712,680748,14728,34359738367,494300,17020,7888,9132,108,196529156,194677740,1851416,328,276872,577320,9348,198172692,197693892,478800,12,35984,28820,528,198172692,197614880,557812,8,130696,65340,2436,198134264,197661864,472400,1476,57160,9268,2416
2026-08-30T20:05:29.764542,791008804,787656100,785539208,1828,501004,680748,14684,34359738367,494316,17020,7888,9132,108,196529156,194685456,1843700,328,277164,577320,9304,198172692,197693892,478800,12,35984,28820,528,198172692,197614888,557804,8,130696,65340,2436,198134264,197661864,472400,1480,57160,9268,2416
2026-08-30T20:05:30.778199,791008804,787666368,785549476,1828,501004,680748,14684,34359738367,494316,17020,7888,9132,108,196529156,194695692,1833464,328,277164,577320,9304,198172692,197693924,478768,12,35984,28820,528,198172692,197614888,557804,8,130696,65340,2436,198134264,197661864,472400,1480,57160,9268,2416
2026-08-30T20:05:31.792818,791008804,787676448,785559556,1828,501004,680748,14684,34359738367,494316,17020,7888,9132,108,196529156,194705772,1823384,328,277164,577320,9304,198172692,197693924,478768,12,35984,28820,528,198172692,197614888,557804,8,130696,65340,2436,198134264,197661864,472400,1480,57160,9268,2416
2026-08-30T20:05:32.808237,791008804,787687012,785570120,800,501004,680748,14684,34359738367,493852,17020,7888,9132,108,196529156,194716336,1812820,328,277164,577320,9304,198172692,197693924,478768,12,35984,28820,528,198172692,197614888,557804,8,130696,65340,2436,198134264,197661864,472400,452,57160,9268,2416
2026-08-30T20:05:33.821670,791008804,787696156,785579264,120,501004,680748,14684,34359738367,493852,17020,7888,9132,108,196529156,194725732,1803424,52,277164,577320,9304,198172692,197693924,478768,8,35984,28820,528,198172692,197614888,557804,4,130696,65340,2436,198134264,197661612,472652,56,57160,9268,2416
2026-08-30T20:05:34.832294,791008804,787707804,785590912,72,501004,680748,14684,34359738367,493852,17020,7888,9132,108,196529156,194737380,1791776,36,277164,577320,9304,198172692,197693924,478768,4,35984,28820,528,198172692,197614888,557804,4,130696,65340,2436,198134264,197661612,472652,28,57160,9268,2416
2026-08-30T20:05:35.845815,791008804,787716268,785599376,72,501004,680748,14684,34359738367,493852,17020,7888,9132,108,196529156,194745844,1783312,36,277164,577320,9304,198172692,197693924,478768,4,35984,28820,528,198172692,197614888,557804,4,130696,65340,2436,198134264,197661612,472652,28,57160,9268,2416
2026-08-30T20:05:36.852570,791008804,787725636,785608744,84,501004,680748,14684,34359738367,493852,17020,7888,9132,108,196529156,194755212,1773944,36,277164,577320,9304,198172692,197693924,478768,4,35984,28820,528,198172692,197614888,557804,4,130696,65340,2436,198134264,197661612,472652,40,57160,9268,2416
2026-08-30T20:05:37.861349,791008804,787732620,785615728,120,501004,680748,14684,34359738367,493852,17020,7888,9132,108,196529156,194762196,1766960,48,277164,577320,9304,198172692,197693924,478768,8,35984,28820,528,198172692,197614888,557804,4,130696,65340,2436,198134264,197661612,472652,60,57160,9268,2416
2026-08-30T20:05:38.869193,791008804,787741216,785624332,116,501004,680748,14684,34359738367,493852,17020,7888,9132,108,196529156,194770792,1758364,48,277164,577320,9304,198172692,197693924,478768,4,35984,28820,528,198172692,197614888,557804,4,130696,65340,2436,198134264,197661612,472652,60,57160,9268,2416
2026-08-30T20:05:39.877250,791008804,787746204,785629332,116,501004,680748,14684,34359738367,493852,17020,7888,9132,108,196529156,194775780,1753376,48,277164,577320,9304,198172692,197693924,478768,4,35984,28820,528,198172692,197614888,557804,4,130696,65340,2436,198134264,197661612,472652,60,57160,9268,2416
2026-08-30T20:05:40.885407,791008804,787749116,785632248,120,501004,680748,14684,34359738367,493852,17020,7888,9132,108,196529156,194778692,1750464,48,277164,577320,9304,198172692,197693924,478768,4,35984,28820,528,198172692,197614888,557804,4,130696,65340,2436,198134264,197661612,472652,64,57160,9268,2416
2026-08-30T20:05:41.893976,791008804,787755492,785638624,128,501004,680748,14684,34359738367,493852,17020,7888,9132,108,196529156,194785068,1744088,56,277164,577320,9304,198172692,197693924,478768,4,35984,28820,528,198172692,197614888,557804,4,130696,65340,2436,198134264,197661612,472652,64,57160,9268,2416
2026-08-30T20:05:42.900497,791008804,787763792,785646924,84,501004,680748,14684,34359738367,493852,17020,7888,9132,108,196529156,194793368,1735788,12,277164,577320,9304,198172692,197693924,478768,4,35984,28820,528,198172692,197614888,557804,4,130696,65340,2436,198134264,197661612,472652,64,57160,9268,2416
2026-08-30T20:05:43.903916,791008804,787770700,785653832,88,501004,680748,14684,34359738367,493852,17020,7888,9132,108,196529156,194800276,1728880,12,277164,577320,9304,198172692,197693924,478768,4,35984,28820,528,198172692,197614888,557804,4,130696,65340,2436,198134264,197661612,472652,68,57160,9268,2416
2026-08-30T20:05:44.907737,791008804,787777564,785660696,88,501004,680748,14684,34359738367,493852,17020,7888,9132,108,196529156,194807140,1722016,12,277164,577320,9304,198172692,197693924,478768,4,35984,28820,528,198172692,197614888,557804,4,130696,65340,2436,198134264,197661612,472652,68,57160,9268,2416
2026-08-30T20:05:45.911589,791008804,787780888,785664020,88,501004,680748,14684,34359738367,493852,17020,7888,9132,108,196529156,194810464,1718692,12,277164,577320,9304,198172692,197693924,478768,4,35984,28820,528,198172692,197614888,557804,4,130696,65340,2436,198134264,197661612,472652,68,57160,9268,2416
2026-08-30T20:05:46.915475,791008804,787785172,785668304,96,501004,680748,14684,34359738367,493852,17020,7888,9132,108,196529156,194814748,1714408,12,277164,577320,9304,198172692,197693924,478768,4,35984,28820,528,198172692,197614888,557804,4,130696,65340,2436,198134264,197661612,472652,76,57160,9268,2416
2026-08-30T20:05:47.919427,791008804,787788916,785672048,96,501004,680748,14684,34359738367,493852,17020,7888,9132,108,196529156,194818492,1710664,12,277164,577320,9304,198172692,197693924,478768,4,35984,28820,528,198172692,197614888,557804,4,130696,65340,2436,198134264,197661612,472652,76,57160,9268,2416
2026-08-30T20:05:48.924505,791008804,787786872,785670004,116,501004,680748,14684,34359738367,493852,17020,7888,9132,108,196529156,194816448,1712708,24,277164,577320,9304,198172692,197693924,478768,4,35984,28820,528,198172692,197614888,557804,4,130696,65340,2436,198134264,197661612,472652,84,57160,9268,2416
2026-08-30T20:05:49.928044,791008804,787788472,785671628,124,501132,680748,14684,34359738367,493852,17020,7888,9132,108,196529156,194818048,1711108,24,277292,577320,9304,198172692,197693924,478768,4,35984,28820,528,198172692,197614888,557804,4,130696,65340,2436,198134264,197661612,472652,92,57160,9268,2416
2026-08-30T20:05:50.931861,791008804,787789300,785672456,128,501132,680748,14684,34359738367,493852,17020,7888,9132,108,196529156,194818876,1710280,24,277292,577320,9304,198172692,197693924,478768,4,35984,28820,528,198172692,197614888,557804,4,130696,65340,2436,198134264,197661612,472652,96,57160,9268,2416
2026-08-30T20:05:51.935392,791008804,787792368,785675524,128,501132,680748,14684,34359738367,493852,17020,7888,9132,108,196529156,194821944,1707212,24,277292,577320,9304,198172692,197693924,478768,4,35984,28820,528,198172692,197614888,557804,4,130696,65340,2436,198134264,197661612,472652,96,57160,9268,2416
2026-08-30T20:05:52.938952,791008804,787793068,785676224,128,501132,680748,14684,34359738367,493852,17020,7888,9132,108,196529156,194822644,1706512,24,277292,577320,9304,198172692,197693924,478768,4,35984,28820,528,198172692,197614888,557804,4,130696,65340,2436,198134264,197661612,472652,96,57160,9268,2416
2026-08-30T20:05:53.941990,791008804,787793576,785676732,128,501132,680748,14684,34359738367,493852,17020,7888,9132,108,196529156,194823152,1706004,24,277292,577320,9304,198172692,197693924,478768,4,35984,28820,528,198172692,197614888,557804,4,130696,65340,2436,198134264,197661612,472652,96,57160,9268,2416
2026-08-30T20:05:54.943025,791008804,788562960,786181876,728,210352,152512,10984,34359738367,490156,17020,7888,9132,108,196529156,195511824,1017332,48,80720,49084,5604,198172692,197717996,454696,12,5264,28820,528,198172692,197643560,529132,4,97928,65340,2436,198134264,197689580,444684,664,26440,9268,2416
2026-08-30T20:05:55.944526,791008804,788464156,786109248,540,248444,175156,11016,34359738367,492140,17020,7888,9132,108,196529156,195413580,1115576,4,118812,71728,5620,198172692,197717748,454944,0,5264,28820,528,198172692,197643064,529628,0,97928,65340,2452,198134264,197689764,444500,536,26440,9268,2416
2026-08-30T20:05:56.945636,791008804,788381696,786051660,548,281844,198044,11284,34359738367,492140,17020,7888,9132,108,196529156,195326692,1202464,4,152212,94616,5904,198172692,197719796,452896,0,5264,28820,528,198172692,197645128,527564,0,97928,65340,2436,198134264,197690080,444184,544,26440,9268,2416
2026-08-30T20:05:57.946824,791008804,788201716,785939288,520,310116,384288,12620,34359738367,494620,17020,7888,9132,108,196529156,195145356,1383800,0,180484,280860,7240,198172692,197720616,452076,0,5264,28820,528,198172692,197645160,527532,0,97928,65340,2436,198134264,197690080,444184,528,26440,9268,2416
2026-08-30T20:05:58.956668,791008804,787769048,785720480,656,311160,814056,13744,34359738367,494620,17020,7888,9132,108,196529156,194712876,1816280,4,181528,710628,8364,198172692,197720896,451796,0,5264,28820,528,198172692,197645176,527516,0,97928,65340,2436,198134264,197690100,444164,652,26440,9268,2416
2026-08-30T20:05:59.957792,791008804,787317240,785491496,660,311416,1261092,14588,34359738367,494508,17020,7888,9132,108,196529156,194260028,2269128,4,181784,1158688,9208,198172692,197720928,451764,0,5264,28820,528,198172692,197645176,527516,0,97928,65340,2436,198134264,197690100,444164,656,26440,9268,2416
2026-08-30T20:06:00.959143,791008804,786947308,785305548,664,311416,1625628,15284,34359738367,494636,17020,7888,9132,108,196529156,193890572,2638584,4,181784,1522200,9904,198172692,197720928,451764,0,5264,28820,528,198172692,197645184,527508,0,97928,65340,2436,198134264,197690120,444144,660,26440,9268,2416
2026-08-30T20:06:01.960508,791008804,786483868,785199336,664,311452,2089076,16144,34359738367,494540,17020,7888,9132,108,196529156,193427560,3101596,4,181820,1985648,10764,198172692,197721004,451688,0,5264,28820,528,198172692,197645184,527508,0,97928,65340,2436,198134264,197690120,444144,660,26440,9268,2416
2026-08-30T20:06:02.961557,791008804,786063684,785207972,692,311452,2520580,16988,34359738367,494268,17020,7888,9132,108,196529156,193007376,3521780,16,181820,2417152,11608,198172692,197721004,451688,0,5264,28820,528,198172692,197645184,527508,0,97928,65340,2436,198134264,197690120,444144,676,26440,9268,2416
2026-08-30T20:06:03.963018,791008804,785731516,785212888,712,311424,2855140,17576,34359738367,494236,17020,7888,9132,108,196529156,192675208,3853948,16,181792,2752232,12196,198172692,197721004,451688,4,5264,28820,528,198172692,197645184,527508,4,97928,65340,2436,198134264,197690120,444144,688,26440,9268,2416
2026-08-30T20:06:04.964486,791008804,785404536,785210784,712,311400,3181508,18264,34359738367,494140,17020,7888,9132,108,196529156,192348228,4180928,16,181768,3078592,12884,198172692,197721004,451688,4,5264,28820,528,198172692,197645184,527508,4,97928,65340,2436,198134264,197690120,444144,688,26440,9268,2416
2026-08-30T20:06:05.965755,791008804,785103680,785211052,716,311172,3482968,18988,34359738367,494092,17020,7888,9132,108,196529156,192047372,4481784,16,181540,3379540,13608,198172692,197721004,451688,4,5264,28820,528,198172692,197645184,527508,4,97928,65340,2436,198134264,197690120,444144,692,26440,9268,2416
2026-08-30T20:06:06.967093,791008804,784800720,785206972,716,311416,3783816,19476,34359738367,494060,17020,7888,9132,108,196529156,191744412,4784744,16,181780,3680388,14096,198172692,197721004,451688,4,5264,28820,528,198172692,197645184,527508,4,97932,65340,2436,198134264,197690120,444144,692,26440,9268,2416
2026-08-30T20:06:07.968109,791008804,784619728,785190716,716,311700,3950116,20124,34359738367,494300,17020,7888,9132,108,196529156,191563420,4965736,16,182064,3846688,14744,198172692,197721004,451688,4,5264,28820,528,198172692,197645184,527508,4,97932,65340,2436,198134264,197690120,444144,692,26440,9268,2416
2026-08-30T20:06:08.969531,791008804,784602840,785183944,720,312112,3960100,20264,34359738367,493964,17020,7888,9132,108,196529156,191546532,4982624,16,182476,3856672,14884,198172692,197721004,451688,4,5264,28820,528,198172692,197645184,527508,4,97932,65340,2436,198134264,197690120,444144,696,26440,9268,2416
2026-08-30T20:06:09.975031,791008804,784589820,785177992,720,312400,3966244,20244,34359738367,493644,17020,7888,9132,108,196529156,191533508,4995648,16,182764,3862816,14864,198172692,197721004,451688,4,5264,28820,528,198172692,197645184,527508,4,97932,65340,2436,198134264,197690124,444140,696,26440,9268,2416
2026-08-30T20:06:10.976782,791008804,784592700,785182304,728,312940,3966948,20148,34359738367,493820,17020,7888,9132,108,196529156,191536388,4992768,24,183304,3863520,14768,198172692,197721004,451688,4,5264,28820,528,198172692,197645184,527508,4,97932,65340,2436,198134264,197690124,444140,696,26440,9268,2416
2026-08-30T20:06:11.984722,791008804,784587748,785177352,728,313184,3966948,20148,34359738367,493884,17020,7888,9132,108,196529156,191531368,4997788,24,183548,3863520,14768,198172692,197721040,451652,4,5264,28820,528,198172692,197645184,527508,4,97932,65340,2436,198134264,197690156,444108,696,26440,9268,2416
2026-08-30T20:06:12.993030,791008804,784590732,785180352,732,313028,3966948,20140,34359738367,493660,17020,7888,9132,108,196529156,191534348,4994808,24,183392,3863520,14760,198172692,197721040,451652,4,5264,28820,528,198172692,197645184,527508,4,97932,65340,2436,198134264,197690160,444104,700,26440,9268,2416
2026-08-30T20:06:13.994201,791008804,784593404,785183024,736,313416,3966948,20148,34359738367,493788,17020,7888,9132,108,196529156,191537020,4992136,24,183780,3863520,14768,198172692,197721040,451652,4,5264,28820,528,198172692,197645184,527508,4,97932,65340,2436,198134264,197690160,444104,704,26440,9268,2416
2026-08-30T20:06:14.995579,791008804,784590948,785180568,744,313680,3966948,20148,34359738367,493756,17020,7888,9132,108,196529156,191534528,4994628,24,184044,3863520,14768,198172692,197721076,451616,4,5264,28820,528,198172692,197645184,527508,4,97932,65340,2436,198134264,197690160,444104,712,26440,9268,2416
2026-08-30T20:06:16.003243,791008804,784592576,785182216,748,313832,3966948,20140,34359738367,493836,17020,7888,9132,108,196529156,191536092,4993064,24,184196,3863520,14760,198172692,197721108,451584,4,5264,28820,528,198172692,197645184,527508,4,97932,65340,2436,198134264,197690192,444072,716,26440,9268,2416
2026-08-30T20:06:17.005408,791008804,784589776,785179416,748,314240,3966948,20148,34359738367,493452,17020,7888,9132,108,196529156,191533292,4995864,24,184604,3863520,14768,198172692,197721108,451584,4,5264,28820,528,198172692,197645184,527508,4,97932,65340,2436,198134264,197690192,444072,716,26440,9268,2416
2026-08-30T20:06:18.006462,791008804,784584844,785174508,756,314220,3966948,20132,34359738367,493580,17020,7888,9132,108,196529156,191528324,5000832,32,184584,3863520,14752,198172692,197721144,451548,4,5264,28820,528,198172692,197645184,527508,4,97932,65340,2436,198134264,197690192,444072,716,26440,9268,2416
2026-08-30T20:06:19.007836,791008804,784584644,785174308,760,314856,3966948,20240,34359738367,493036,17020,7888,9132,108,196529156,191528124,5001032,32,185220,3863520,14860,198172692,197721144,451548,4,5264,28820,528,198172692,197645184,527508,4,97932,65340,2436,198134264,197690192,444072,720,26440,9268,2416
2026-08-30T20:06:20.012244,791008804,784584004,785173680,760,315020,3966948,20148,34359738367,493340,17020,7888,9132,108,196529156,191527484,5001672,32,185384,3863520,14768,198172692,197721144,451548,4,5264,28820,528,198172692,197645184,527508,4,97932,65340,2436,198134264,197690192,444072,720,26440,9268,2416
2026-08-30T20:06:21.017768,791008804,784584932,785174624,760,315064,3966948,20148,34359738367,493068,17020,7888,9132,108,196529156,191528412,5000744,32,185428,3863520,14768,198172692,197721144,451548,4,5264,28820,528,198172692,197645184,527508,4,97932,65340,2436,198134264,197690192,444072,720,26440,9268,2416
2026-08-30T20:06:22.023307,791008804,784587464,785177156,760,315084,3966948,20148,34359738367,493068,17020,7888,9132,108,196529156,191530940,4998216,32,185448,3863520,14768,198172692,197721148,451544,4,5264,28820,528,198172692,197645184,527508,4,97932,65340,2436,198134264,197690192,444072,720,26440,9268,2416
2026-08-30T20:06:23.027808,791008804,784597900,785187592,760,315092,3966948,20148,34359738367,493068,17020,7888,9132,108,196529156,191541880,4987276,32,185456,3863520,14768,198172692,197721148,451544,4,5264,28820,528,198172692,197645184,527508,4,97932,65340,2436,198134264,197690192,444072,720,26440,9268,2416
2026-08-30T20:06:24.030424,791008804,784609940,785199632,764,315096,3966948,20148,34359738367,493068,17020,7888,9132,108,196529156,191553380,4975776,32,185460,3863520,14768,198172692,197721148,451544,4,5264,28820,528,198172692,197645220,527472,4,97932,65340,2436,198134264,197690192,444072,724,26440,9268,2416
2026-08-30T20:06:25.031582,791008804,784601896,785191588,772,318708,3966948,20140,34359738367,494220,17020,7888,9132,108,196529156,191545336,4983820,40,189072,3863520,14760,198172692,197721148,451544,4,5264,28820,528,198172692,197645220,527472,4,97932,65340,2436,198134264,197690192,444072,724,26440,9268,2416
2026-08-30T20:06:26.034015,791008804,784590864,785180692,772,319404,3966984,20260,34359738367,493964,17020,7888,9132,108,196529156,191534304,4994852,40,189768,3863556,14880,198172692,197721148,451544,4,5264,28820,528,198172692,197645220,527472,4,97932,65340,2436,198134264,197690192,444072,724,26440,9268,2416
2026-08-30T20:06:27.035881,791008804,784584812,785174640,780,319744,3966984,20152,34359738367,494188,17020,7888,9132,108,196529156,191528220,5000936,40,190020,3863556,14772,198172692,197721148,451544,4,5264,28820,528,198172692,197645252,527440,4,97932,65340,2436,198134264,197690192,444072,732,26440,9268,2416
2026-08-30T20:06:28.038255,791008804,784582864,785172708,788,319728,3966984,20152,34359738367,493516,17020,7888,9132,108,196529156,191526272,5002884,40,190092,3863556,14772,198172692,197721148,451544,4,5264,28820,528,198172692,197645252,527440,4,97932,65340,2436,198134264,197690192,444072,740,26440,9268,2416
2026-08-30T20:06:29.039409,791008804,784586104,785175948,120,319444,3966984,20084,34359738367,492956,17020,7888,9132,108,196529156,191529512,4999644,36,189808,3863556,14704,198172692,197721148,451544,0,5264,28820,528,198172692,197645252,527440,0,97932,65340,2436,198134264,197690192,444072,84,26440,9268,2416
2026-08-30T20:06:30.040464,791008804,784586544,785176388,76,319896,3966984,20188,34359738367,493468,17020,7888,9132,108,196529156,191529952,4999204,36,190260,3863556,14808,198172692,197721148,451544,0,5264,28820,528,198172692,197645252,527440,0,97932,65340,2436,198134264,197690192,444072,40,26440,9268,2416
2026-08-30T20:06:31.042409,791008804,784585876,785175736,76,320108,3966984,20208,34359738367,493260,17020,7888,9132,108,196529156,191529284,4999872,36,190472,3863556,14828,198172692,197721148,451544,0,5264,28820,528,198172692,197645252,527440,0,97932,65340,2436,198134264,197690192,444072,40,26440,9268,2416
2026-08-30T20:06:32.044700,791008804,784587264,785177124,120,320324,3966984,20152,34359738367,493532,17020,7888,9132,108,196529156,191530660,4998496,56,190688,3863556,14772,198172692,197721148,451544,4,5264,28820,528,198172692,197645256,527436,0,97932,65340,2436,198134264,197690200,444064,60,26440,9268,2416
2026-08-30T20:06:33.052469,791008804,784589392,785179260,124,320216,3966984,20152,34359738367,493580,17020,7888,9132,108,196529156,191532780,4996376,56,190580,3863556,14772,198172692,197721148,451544,4,5264,28820,528,198172692,197645256,527436,0,97932,65340,2436,198134264,197690208,444056,64,26440,9268,2416
2026-08-30T20:06:34.058157,791008804,784596792,785186660,124,320320,3966984,20152,34359738367,493772,17020,7888,9132,108,196529156,191540148,4989008,56,190684,3863556,14772,198172692,197721148,451544,4,5264,28820,528,198172692,197645256,527436,0,97932,65340,2436,198134264,197690240,444024,64,26440,9268,2416
2026-08-30T20:06:35.065576,791008804,784595084,785184956,52,320592,3966984,20152,34359738367,493404,17020,7888,9132,108,196529156,191538408,4990748,12,190956,3863556,14772,198172692,197721180,451512,4,5264,28820,528,198172692,197645256,527436,0,97932,65340,2436,198134264,197690240,444024,36,26440,9268,2416
2026-08-30T20:06:36.067647,791008804,784594200,785184072,52,320548,3966984,20152,34359738367,493836,17020,7888,9132,108,196529156,191537488,4991668,12,190912,3863556,14772,198172692,197721216,451476,4,5264,28820,528,198172692,197645256,527436,0,97932,65340,2436,198134264,197690240,444024,36,26440,9268,2416
2026-08-30T20:06:37.073369,791008804,784599852,785189740,56,320432,3966984,20140,34359738367,493404,17020,7888,9132,108,196529156,191543108,4986048,12,190796,3863556,14760,198172692,197721216,451476,4,5264,28820,528,198172692,197645256,527436,0,97932,65340,2436,198134264,197690272,443992,40,26440,9268,2416
2026-08-30T20:06:38.075148,791008804,784598412,785188300,68,320364,3966984,20152,34359738367,493692,17020,7888,9132,108,196529156,191541668,4987488,12,190728,3863556,14772,198172692,197721216,451476,4,5264,28820,528,198172692,197645256,527436,0,97932,65340,2436,198134264,197690272,443992,52,26440,9268,2416
2026-08-30T20:06:39.076810,791008804,784599568,785189468,80,320796,3966984,20152,34359738367,493164,17020,7888,9132,108,196529156,191542824,4986332,24,191160,3863556,14772,198172692,197721216,451476,4,5264,28820,528,198172692,197645256,527436,0,97932,65340,2436,198134264,197690272,443992,52,26440,9268,2416
2026-08-30T20:06:40.078922,791008804,784608196,785198096,88,320828,3966984,20152,34359738367,493164,17020,7888,9132,108,196529156,191551452,4977704,24,191192,3863556,14772,198172692,197721216,451476,4,5264,28820,528,198172692,197645256,527436,0,97932,65340,2436,198134264,197690272,443992,60,26440,9268,2416
2026-08-30T20:06:41.080809,791008804,784612644,785202576,100,320840,3966984,20152,34359738367,493164,17020,7888,9132,108,196529156,191555900,4973256,24,191204,3863556,14772,198172692,197721216,451476,4,5264,28820,528,198172692,197645256,527436,0,97932,65340,2436,198134264,197690272,443992,72,26440,9268,2416
2026-08-30T20:06:42.082708,791008804,784618168,785208100,100,320840,3966984,20152,34359738367,493164,17020,7888,9132,108,196529156,191561392,4967764,24,191204,3863556,14772,198172692,197721216,451476,4,5264,28820,528,198172692,197645288,527404,0,97932,65340,2436,198134264,197690272,443992,72,26440,9268,2416
2026-08-30T20:06:43.084102,791008804,784615256,785205188,104,322176,3966984,20152,34359738367,494348,17020,7888,9132,108,196529156,191558480,4970676,24,192540,3863556,14772,198172692,197721216,451476,4,5264,28820,528,198172692,197645288,527404,0,97932,65340,2436,198134264,197690272,443992,76,26440,9268,2416
2026-08-30T20:06:44.088007,791008804,784613860,785203792,104,322256,3966984,20164,34359738367,494156,17020,7888,9132,108,196529156,191557084,4972072,24,192620,3863556,14784,198172692,197721216,451476,4,5264,28820,528,198172692,197645288,527404,0,97932,65340,2436,198134264,197690272,443992,76,26440,9268,2416
2026-08-30T20:06:45.089125,791008804,784601628,785191560,104,321808,3966984,20208,34359738367,493644,17020,7888,9132,108,196529156,191544812,4984344,24,192172,3863556,14828,198172692,197721224,451468,4,5264,28820,528,198172692,197645288,527404,0,97932,65340,2436,198134264,197690304,443960,76,26440,9268,2416
2026-08-30T20:06:46.091568,791008804,784596168,785186100,116,321992,3966984,20116,34359738367,493452,17020,7888,9132,108,196529156,191539352,4989804,32,192356,3863556,14736,198172692,197721224,451468,4,5264,28820,528,198172692,197645288,527404,0,97932,65340,2436,198134264,197690304,443960,80,26440,9268,2416
2026-08-30T20:06:47.100019,791008804,784599776,785189724,116,321840,3966984,20204,34359738367,493692,17020,7888,9132,108,196529156,191542924,4986232,32,192204,3863556,14824,198172692,197721260,451432,4,5264,28820,528,198172692,197645288,527404,0,97932,65340,2436,198134264,197690304,443960,80,26440,9268,2416
2026-08-30T20:06:48.107389,791008804,784599916,785189872,116,321964,3966984,20164,34359738367,493740,17020,7888,9132,108,196529156,191543056,4986100,32,192328,3863556,14784,198172692,197721260,451432,4,5264,28820,528,198172692,197645296,527396,0,97932,65340,2436,198134264,197690304,443960,80,26440,9268,2416
2026-08-30T20:06:49.110204,791008804,784600980,785190936,120,321984,3966984,20120,34359738367,493388,17020,7888,9132,108,196529156,191544120,4985036,32,192348,3863556,14740,198172692,197721260,451432,4,5264,28820,528,198172692,197645296,527396,0,97932,65340,2436,198134264,197690304,443960,84,26440,9268,2416
2026-08-30T20:06:50.112293,791008804,784605336,785195292,120,321736,3966984,20224,34359738367,493356,17020,7888,9132,108,196529156,191548476,4980680,32,192100,3863556,14844,198172692,197721260,451432,4,5264,28820,528,198172692,197645296,527396,0,97932,65340,2436,198134264,197690304,443960,84,26440,9268,2416
2026-08-30T20:06:51.116825,791008804,784604760,785194728,120,321896,3966984,20164,34359738367,493804,17020,7888,9132,108,196529156,191547900,4981256,32,192260,3863556,14784,198172692,197721260,451432,4,5264,28820,528,198172692,197645296,527396,0,97932,65340,2436,198134264,197690304,443960,84,26440,9268,2416
2026-08-30T20:06:52.119270,791008804,784605820,785195788,120,322252,3966984,20264,34359738367,493612,17020,7888,9132,108,196529156,191548960,4980196,32,192660,3863556,14884,198172692,197721260,451432,4,5264,28820,528,198172692,197645296,527396,0,97932,65340,2436,198134264,197690304,443960,84,26440,9268,2416
2026-08-30T20:06:53.122157,791008804,784604128,785194100,136,321872,3966984,20280,34359738367,493740,17020,7888,9132,108,196529156,191547268,4981888,40,192236,3863556,14900,198172692,197721260,451432,4,5264,28820,528,198172692,197645296,527396,0,97932,65340,2436,198134264,197690304,443960,92,26440,9268,2416
2026-08-30T20:06:54.127274,791008804,784599980,785189952,144,321964,3966984,20156,34359738367,493852,17020,7888,9132,108,196529156,191543120,4986036,40,192328,3863556,14776,198172692,197721260,451432,4,5264,28820,528,198172692,197645296,527396,0,97932,65340,2436,198134264,197690304,443960,100,26440,9268,2416
2026-08-30T20:06:55.132277,791008804,784593948,785183920,144,321980,3966984,20164,34359738367,493804,17020,7888,9132,108,196529156,191537088,4992068,40,192344,3863556,14784,198172692,197721260,451432,4,5264,28820,528,198172692,197645296,527396,0,97932,65340,2436,198134264,197690304,443960,100,26440,9268,2416
2026-08-30T20:06:56.136501,791008804,784590276,785180248,148,321964,3966984,20164,34359738367,493692,17020,7888,9132,108,196529156,191533416,4995740,40,192328,3863556,14784,198172692,197721260,451432,4,5264,28820,528,198172692,197645296,527396,0,97932,65340,2436,198134264,197690304,443960,104,26440,9268,2416
2026-08-30T20:06:57.140237,791008804,784594368,785184340,148,322116,3966984,20156,34359738367,493692,17020,7888,9132,108,196529156,191537508,4991648,40,192480,3863556,14776,198172692,197721260,451432,4,5264,28820,528,198172692,197645296,527396,0,97932,65340,2436,198134264,197690304,443960,104,26440,9268,2416
2026-08-30T20:06:58.146047,791008804,784597796,785187768,148,322028,3966984,20164,34359738367,493212,17020,7888,9132,108,196529156,191540936,4988220,40,192392,3863556,14784,198172692,197721260,451432,4,5264,28820,528,198172692,197645296,527396,0,97932,65340,2436,198134264,197690304,443960,104,26440,9268,2416
2026-08-30T20:06:59.149534,791008804,784605288,785195260,152,322028,3966984,20164,34359738367,493212,17020,7888,9132,108,196529156,191548428,4980728,40,192392,3863556,14784,198172692,197721260,451432,4,5264,28820,528,198172692,197645296,527396,0,97932,65340,2436,198134264,197690304,443960,108,26440,9268,2416
2026-08-30T20:07:00.151578,791008804,784611700,785201672,108,322028,3966984,20164,34359738367,493212,17020,7888,9132,108,196529156,191554840,4974316,48,192392,3863556,14784,198172692,197721260,451432,4,5264,28820,528,198172692,197645296,527396,0,97932,65340,2436,198134264,197690304,443960,56,26440,9268,2416
2026-08-30T20:07:01.152620,791008804,784611500,785201504,112,324300,3966984,20164,34359738367,494044,17020,7888,9132,108,196529156,191554640,4974516,48,194664,3863556,14784,198172692,197721260,451432,4,5264,28820,528,198172692,197645296,527396,0,97932,65340,2436,198134264,197690304,443960,60,26440,9268,2416
2026-08-30T20:07:02.153969,791008804,784603472,785193496,68,324300,3966984,20164,34359738367,494204,17020,7888,9132,108,196529156,191546612,4982544,36,194664,3863556,14784,198172692,197721260,451432,0,5264,28820,528,198172692,197645296,527396,0,97932,65340,2436,198134264,197690304,443960,32,26440,9268,2416
2026-08-30T20:07:03.160864,791008804,784597760,785187784,68,324284,3966984,20164,34359738367,493788,17020,7888,9132,108,196529156,191540900,4988256,36,194648,3863556,14784,198172692,197721260,451432,0,5264,28820,528,198172692,197645296,527396,0,97932,65340,2436,198134264,197690304,443960,32,26440,9268,2416
2026-08-30T20:07:04.161972,791008804,784596752,785186776,68,324080,3966984,20164,34359738367,493356,17020,7888,9132,108,196529156,191539892,4989264,36,194444,3863556,14784,198172692,197721260,451432,0,5264,28820,528,198172692,197645296,527396,0,97932,65340,2436,198134264,197690304,443960,32,26440,9268,2416
2026-08-30T20:07:05.163362,791008804,784596128,785186152,100,323756,3966984,20272,34359738367,493724,17020,7888,9132,108,196529156,191539268,4989888,48,194120,3863556,14892,198172692,197721260,451432,4,5264,28820,528,198172692,197645296,527396,0,97932,65340,2436,198134264,197690304,443960,48,26440,9268,2416
2026-08-30T20:07:06.169376,791008804,784594712,785184736,104,323736,3966984,20120,34359738367,493820,17020,7888,9132,108,196529156,191537852,4991304,48,194100,3863556,14740,198172692,197721260,451432,4,5264,28820,528,198172692,197645296,527396,0,97932,65340,2436,198134264,197690304,443960,52,26440,9268,2416
2026-08-30T20:07:07.173977,791008804,784589512,785179552,124,323872,3966984,20236,34359738367,493452,17020,7888,9132,108,196529156,191532652,4996504,56,194236,3863556,14856,198172692,197721260,451432,4,5264,28820,528,198172692,197645296,527396,0,97932,65340,2436,198134264,197690304,443960,64,26440,9268,2416
2026-08-30T20:07:08.176272,791008804,784586096,785176136,124,323656,3966984,20300,34359738367,493516,17020,7888,9132,108,196529156,191529236,4999920,56,194020,3863556,14920,198172692,197721260,451432,4,5264,28820,528,198172692,197645296,527396,0,97932,65340,2436,198134264,197690304,443960,64,26440,9268,2416
2026-08-30T20:07:09.177893,791008804,784586212,785176252,128,324180,3966984,20164,34359738367,493548,17020,7888,9132,108,196529156,191529320,4999836,56,194544,3863556,14784,198172692,197721292,451400,4,5264,28820,528,198172692,197645296,527396,0,97932,65340,2436,198134264,197690304,443960,68,26440,9268,2416
2026-08-30T20:07:10.182278,791008804,784584140,785174188,88,323856,3966984,20140,34359738367,493372,17020,7888,9132,108,196529156,191527240,5001916,12,194220,3863556,14760,198172692,197721292,451400,4,5264,28820,528,198172692,197645296,527396,0,97932,65340,2436,198134264,197690312,443952,72,26440,9268,2416
2026-08-30T20:07:11.188751,791008804,784584696,785174752,88,324068,3966984,20160,34359738367,493676,17020,7888,9132,108,196529156,191527796,5001360,12,194432,3863556,14780,198172692,197721292,451400,4,5264,28820,528,198172692,197645296,527396,0,97932,65340,2436,198134264,197690312,443952,72,26440,9268,2416
2026-08-30T20:07:12.193572,791008804,784582712,785172784,92,324084,3966984,20164,34359738367,493196,17020,7888,9132,108,196529156,191525812,5003344,12,194448,3863556,14784,198172692,197721292,451400,4,5264,28820,528,198172692,197645296,527396,0,97932,65340,2436,198134264,197690312,443952,76,26440,9268,2416
2026-08-30T20:07:13.200584,791008804,784587140,785177212,104,324240,3966984,20164,34359738367,493004,17020,7888,9132,108,196529156,191530240,4998916,24,194604,3863556,14784,198172692,197721292,451400,4,5264,28820,528,198172692,197645296,527396,0,97932,65340,2436,198134264,197690312,443952,76,26440,9268,2416
2026-08-30T20:07:14.206820,791008804,784592992,785183064,104,323940,3966984,20076,34359738367,492892,17020,7888,9132,108,196529156,191536092,4993064,24,194304,3863556,14696,198172692,197721292,451400,4,5264,28820,528,198172692,197645296,527396,0,97932,65340,2436,198134264,197690312,443952,76,26440,9268,2416
2026-08-30T20:07:15.212726,791008804,784598396,785188472,84,323932,3966984,20164,34359738367,493052,17020,7888,9132,108,196529156,191541728,4987428,24,194296,3863556,14784,198172692,197721308,451384,4,5264,28820,528,198172692,197645296,527396,0,97932,65340,2436,198134264,197690064,444200,56,26440,9268,2416
2026-08-30T20:07:16.217813,791008804,784600924,785191000,88,324056,3966984,20164,34359738367,493084,17020,7888,9132,108,196529156,191544256,4984900,24,194420,3863556,14784,198172692,197721308,451384,4,5264,28820,528,198172692,197645296,527396,0,97932,65340,2436,198134264,197690064,444200,60,26440,9268,2416
2026-08-30T20:07:17.223485,791008804,784605768,785195844,88,324076,3966984,20164,34359738367,493068,17020,7888,9132,108,196529156,191549100,4980056,24,194440,3863556,14784,198172692,197721308,451384,4,5264,28820,528,198172692,197645296,527396,0,97932,65340,2436,198134264,197690064,444200,60,26440,9268,2416
2026-08-30T20:07:18.227234,791008804,784614904,785204980,88,324076,3966984,20164,34359738367,493068,17020,7888,9132,108,196529156,191558236,4970920,24,194440,3863556,14784,198172692,197721308,451384,4,5264,28820,528,198172692,197645296,527396,0,97932,65340,2436,198134264,197690064,444200,60,26440,9268,2416
2026-08-30T20:07:19.228344,791008804,784616696,785206772,100,324624,3966984,20164,34359738367,494316,17020,7888,9132,108,196529156,191560028,4969128,24,194988,3863556,14784,198172692,197721308,451384,4,5264,28820,528,198172692,197645296,527396,0,97932,65340,2436,198134264,197690064,444200,72,26440,9268,2416
2026-08-30T20:07:20.230605,791008804,784607160,785197236,108,324884,3966984,20464,34359738367,494172,17020,7888,9132,108,196529156,191550492,4978664,24,195248,3863556,15084,198172692,197721308,451384,4,5264,28820,528,198172692,197645296,527396,0,97932,65340,2436,198134264,197690064,444200,80,26440,9268,2416
2026-08-30T20:07:21.236041,791008804,784598084,785188184,120,325252,3966984,20280,34359738367,493820,17020,7888,9132,108,196529156,191541416,4987740,32,195640,3863556,14900,198172692,197721308,451384,4,5264,28820,528,198172692,197645296,527396,0,97932,65340,2436,198134264,197690064,444200,84,26440,9268,2416
2026-08-30T20:07:22.238130,791008804,784591584,785181716,120,324708,3966984,20268,34359738367,493612,17020,7888,9132,108,196529156,191534916,4994240,32,195072,3863556,14888,198172692,197721308,451384,4,5264,28820,528,198172692,197645296,527396,0,97932,65340,2436,198134264,197690064,444200,84,26440,9268,2416
2026-08-30T20:07:23.240853,791008804,784595448,785185580,124,324912,3966984,20164,34359738367,493228,17020,7888,9132,108,196529156,191538780,4990376,32,195276,3863556,14784,198172692,197721308,451384,4,5264,28820,528,198172692,197645296,527396,0,97932,65340,2436,198134264,197690064,444200,88,26440,9268,2416
2026-08-30T20:07:24.242907,791008804,784592856,785182988,124,324640,3966984,20184,34359738367,493772,17020,7888,9132,108,196529156,191536188,4992968,32,195004,3863556,14804,198172692,197721308,451384,4,5264,28820,528,198172692,197645296,527396,0,97932,65340,2436,198134264,197690064,444200,88,26440,9268,2416
2026-08-30T20:07:25.245212,791008804,784591888,785182020,124,324748,3966984,20072,34359738367,493804,17020,7888,9132,108,196529156,191535220,4993936,32,195112,3863556,14692,198172692,197721308,451384,4,5264,28820,528,198172692,197645296,527396,0,97932,65340,2436,198134264,197690064,444200,88,26440,9268,2416
2026-08-30T20:07:26.251592,791008804,784593040,785183172,128,324796,3966984,20104,34359738367,493580,17020,7888,9132,108,196529156,191536372,4992784,32,195160,3863556,14724,198172692,197721308,451384,4,5264,28820,528,198172692,197645296,527396,0,97932,65340,2436,198134264,197690064,444200,92,26440,9268,2416
2026-08-30T20:07:27.255179,791008804,784589300,785179448,128,324768,3966984,20204,34359738367,493820,17020,7888,9132,108,196529156,191532688,4996468,32,195136,3863556,14824,198172692,197721308,451384,4,5264,28820,528,198172692,197645296,527396,0,97932,65340,2436,198134264,197690064,444200,92,26440,9268,2416
2026-08-30T20:07:28.261645,791008804,784585844,785176016,136,324520,3966984,20164,34359738367,493276,17020,7888,9132,108,196529156,191529176,4999980,40,194884,3863556,14784,198172692,197721308,451384,4,5264,28820,528,198172692,197645296,527396,0,97932,65340,2436,198134264,197690064,444200,92,26440,9268,2416
2026-08-30T20:07:29.264895,791008804,784586584,785176756,136,324708,3966984,20164,34359738367,493372,17020,7888,9132,108,196529156,191529900,4999256,40,195072,3863556,14784,198172692,197721308,451384,4,5264,28820,528,198172692,197645296,527396,0,97932,65340,2436,198134264,197690080,444184,92,26440,9268,2416
2026-08-30T20:07:30.269907,791008804,784588500,785178672,140,324720,3966984,20164,34359738367,493020,17020,7888,9132,108,196529156,191531816,4997340,40,195084,3863556,14784,198172692,197721308,451384,4,5264,28820,528,198172692,197645296,527396,0,97932,65340,2436,198134264,197690080,444184,96,26440,9268,2416
2026-08-30T20:07:31.273789,791008804,784592000,785182172,104,324408,3966984,20080,34359738367,493020,17020,7888,9132,108,196529156,191535820,4993336,40,194772,3863556,14700,198172692,197721308,451384,4,5264,28820,528,198172692,197645296,527396,0,97932,65340,2436,198134264,197689576,444688,60,26440,9268,2416
2026-08-30T20:07:32.277108,791008804,784594844,785185052,112,324744,3966984,20164,34359738367,493228,17020,7888,9132,108,196529156,191538664,4990492,40,195108,3863556,14784,198172692,197721308,451384,4,5264,28820,528,198172692,197645296,527396,0,97932,65340,2436,198134264,197689576,444688,68,26440,9268,2416
2026-08-30T20:07:33.284660,791008804,784599456,785189664,120,324788,3966984,20164,34359738367,493596,17020,7888,9132,108,196529156,191543276,4985880,40,195152,3863556,14784,198172692,197721308,451384,4,5264,28820,528,198172692,197645296,527396,0,97932,65340,2436,198134264,197689576,444688,76,26440,9268,2416
2026-08-30T20:07:34.291467,791008804,784605016,785195224,120,324512,3966984,20144,34359738367,493836,17020,7888,9132,108,196529156,191548836,4980320,40,194876,3863556,14764,198172692,197721308,451384,4,5264,28820,528,198172692,197645296,527396,0,97932,65340,2436,198134264,197689576,444688,76,26440,9268,2416
2026-08-30T20:07:35.298707,791008804,784609160,785199368,80,324824,3966984,20164,34359738367,493372,17020,7888,9132,108,196529156,191552980,4976176,36,195188,3863556,14784,198172692,197721308,451384,0,5264,28820,528,198172692,197645296,527396,0,97932,65340,2436,198134264,197689576,444688,44,26440,9268,2416
2026-08-30T20:07:36.302487,791008804,784614600,785204808,72,324828,3966984,20164,34359738367,493372,17020,7888,9132,108,196529156,191558420,4970736,36,195192,3863556,14784,198172692,197721308,451384,0,5264,28820,528,198172692,197645296,527396,0,97932,65340,2436,198134264,197689576,444688,36,26440,9268,2416
2026-08-30T20:07:37.304865,791008804,784620140,785210348,96,324680,3966984,20272,34359738367,493964,17020,7888,9132,108,196529156,191563960,4965196,44,195044,3863556,14892,198172692,197721308,451384,0,5264,28820,528,198172692,197645296,527396,0,97932,65340,2436,198134264,197689576,444688,52,26440,9268,2416
2026-08-30T20:07:38.305952,791008804,784611340,785201556,96,324924,3966984,20272,34359738367,494396,17020,7888,9132,108,196529156,191555160,4973996,44,195288,3863556,14892,198172692,197721308,451384,0,5264,28820,528,198172692,197645296,527396,0,97932,65340,2436,198134264,197689576,444688,52,26440,9268,2416
2026-08-30T20:07:39.308229,791008804,784602604,785192820,96,324896,3966984,20164,34359738367,493836,17020,7888,9132,108,196529156,191546424,4982732,44,195260,3863556,14784,198172692,197721308,451384,0,5264,28820,528,198172692,197645296,527396,0,97932,65340,2436,198134264,197689576,444688,52,26440,9268,2416
2026-08-30T20:07:40.310432,791008804,784594964,785185204,100,324580,3966984,20116,34359738367,493564,17020,7888,9132,108,196529156,191538784,4990372,44,194972,3863556,14736,198172692,197721308,451384,0,5264,28820,528,198172692,197645296,527396,0,97932,65340,2436,198134264,197689576,444688,56,26440,9268,2416
2026-08-30T20:07:41.316831,791008804,784597340,785187580,100,324504,3966984,20268,34359738367,493548,17020,7888,9132,108,196529156,191541160,4987996,44,194868,3863556,14888,198172692,197721308,451384,0,5264,28820,528,198172692,197645296,527396,0,97932,65340,2436,198134264,197689576,444688,56,26440,9268,2416
2026-08-30T20:07:42.322642,791008804,784598460,785188708,108,324800,3966984,20164,34359738367,493788,17020,7888,9132,108,196529156,191542280,4986876,52,195164,3863556,14784,198172692,197721308,451384,0,5264,28820,528,198172692,197645296,527396,0,97932,65340,2436,198134264,197689576,444688,56,26440,9268,2416
2026-08-30T20:07:43.327951,791008804,784599824,785190072,112,324784,3966984,20264,34359738367,493804,17020,7888,9132,108,196529156,191543644,4985512,52,195148,3863556,14884,198172692,197721308,451384,0,5264,28820,528,198172692,197645296,527396,0,97932,65340,2436,198134264,197689576,444688,60,26440,9268,2416
2026-08-30T20:07:44.332534,791008804,784596612,785186860,112,325016,3966984,20144,34359738367,493612,17020,7888,9132,108,196529156,191540432,4988724,52,195380,3863556,14764,198172692,197721308,451384,0,5264,28820,528,198172692,197645296,527396,0,97932,65340,2436,198134264,197689576,444688,60,26440,9268,2416
2026-08-30T20:07:45.336468,791008804,784594164,785184412,120,324880,3966984,20176,34359738367,493548,17020,7888,9132,108,196529156,191537984,4991172,52,195244,3863556,14796,198172692,197721308,451384,0,5264,28820,528,198172692,197645296,527396,0,97932,65340,2436,198134264,197689576,444688,68,26440,9268,2416
2026-08-30T20:07:46.340267,791008804,784591804,785182076,84,324844,3966984,20188,34359738367,493596,17020,7888,9132,108,196529156,191535624,4993532,8,195208,3863556,14808,198172692,197721308,451384,0,5264,28820,528,198172692,197645296,527396,0,97932,65340,2436,198134264,197689576,444688,76,26440,9268,2416
2026-08-30T20:07:47.345777,791008804,784592932,785183204,84,324764,3966984,20164,34359738367,493228,17020,7888,9132,108,196529156,191536752,4992404,8,195128,3863556,14784,198172692,197721308,451384,0,5264,28820,528,198172692,197645296,527396,0,97932,65340,2436,198134264,197689576,444688,76,26440,9268,2416
2026-08-30T20:07:48.347839,791008804,784596644,785186916,92,324588,3966984,20156,34359738367,493324,17020,7888,9132,108,196529156,191540464,4988692,8,194952,3863556,14776,198172692,197721308,451384,0,5264,28820,528,198172692,197645296,527396,0,97932,65340,2436,198134264,197689576,444688,84,26440,9268,2416
2026-08-30T20:07:49.350040,791008804,784598980,785189252,108,324868,3966984,20164,34359738367,493564,17020,7888,9132,108,196529156,191542800,4986356,20,195232,3863556,14784,198172692,197721308,451384,0,5264,28820,528,198172692,197645296,527396,0,97932,65340,2436,198134264,197689576,444688,88,26440,9268,2416
2026-08-30T20:07:50.352685,791008804,784600496,785190780,108,324856,3966984,20164,34359738367,493788,17020,7888,9132,108,196529156,191544316,4984840,20,195220,3863556,14784,198172692,197721308,451384,0,5264,28820,528,198172692,197645296,527396,0,97932,65340,2436,198134264,197689576,444688,88,26440,9268,2416
2026-08-30T20:07:51.354990,791008804,784597700,785188004,80,324840,3966984,20156,34359738367,493916,17020,7888,9132,108,196529156,191541520,4987636,20,195204,3863556,14776,198172692,197721308,451384,0,5264,28820,528,198172692,197645296,527396,0,97932,65340,2436,198134264,197689576,444688,60,26440,9268,2416
2026-08-30T20:07:52.361323,791008804,784598356,785188664,80,324896,3966984,20164,34359738367,493900,17020,7888,9132,108,196529156,191542176,4986980,20,195260,3863556,14784,198172692,197721308,451384,0,5264,28820,528,198172692,197645296,527396,0,97932,65340,2436,198134264,197689576,444688,60,26440,9268,2416
2026-08-30T20:07:53.368003,791008804,784602604,785192920,84,324828,3966984,20164,34359738367,493404,17020,7888,9132,108,196529156,191546424,4982732,20,195192,3863556,14784,198172692,197721308,451384,0,5264,28820,528,198172692,197645296,527396,0,97932,65340,2436,198134264,197689576,444688,64,26440,9268,2416
2026-08-30T20:07:54.369663,791008804,784607444,785197760,100,324828,3966984,20164,34359738367,493404,17020,7888,9132,108,196529156,191551264,4977892,24,195192,3863556,14784,198172692,197721308,451384,0,5264,28820,528,198172692,197645296,527396,0,97932,65340,2436,198134264,197689576,444688,76,26440,9268,2416
2026-08-30T20:07:55.370722,791008804,784625324,785216336,100,320876,209432,13004,34359738367,493404,17020,7888,9132,108,196529156,191569144,4960012,24,191240,106004,7624,198172692,197721308,451384,0,5264,28820,528,198172692,197645296,527396,0,97932,65340,2436,198134264,197689576,444688,76,26440,9268,2416
2026-08-30T20:07:56.371717,791008804,788499692,786129788,648,226408,162140,10524,34359738367,490988,17020,7888,9132,108,196529156,195445908,1083248,4,96772,58712,5088,198172692,197721504,451188,0,5264,28820,528,198172692,197642784,529908,0,97932,65340,2492,198134264,197689496,444768,644,26440,9268,2416
2026-08-30T20:07:57.373258,791008804,788393592,786053476,656,265576,187732,10824,34359738367,491996,17020,7888,9132,108,196529156,195339808,1189348,4,135940,84304,5444,198172692,197721504,451188,0,5264,28820,528,198172692,197642784,529908,0,97932,65340,2436,198134264,197689496,444768,652,26440,9268,2416
2026-08-30T20:07:58.374354,791008804,788319460,786000572,668,302088,205380,11376,34359738367,491996,17020,7888,9132,108,196529156,195263596,1265560,4,172452,101952,5996,198172692,197721504,451188,0,5264,28820,528,198172692,197644864,527828,0,97932,65340,2436,198134264,197689496,444768,664,26440,9268,2416
2026-08-30T20:07:59.375463,791008804,788057348,785849472,704,318564,358108,14908,34359738367,494044,17020,7888,9132,108,196529156,195001192,1527964,28,188928,254680,9528,198172692,197721760,450932,8,5264,28820,528,198172692,197644900,527792,4,97932,65340,2436,198134264,197689496,444768,664,26440,9268,2416
2026-08-30T20:08:00.485106,791008804,787666116,785653200,660,319836,609576,15668,34359738367,494044,17020,7888,9132,108,196529156,194609960,1919196,4,190200,506148,10288,198172692,197721760,450932,0,5264,28820,528,198172692,197644900,527792,0,97932,65340,2436,198134264,197689496,444768,656,26440,9268,2416
2026-08-30T20:08:01.486368,791008804,787314708,785476372,660,321672,905040,15672,34359738367,494044,17020,7888,9132,108,196529156,194258048,2271108,4,192036,801612,10292,198172692,197721760,450932,0,5264,28820,528,198172692,197644900,527792,0,97932,65340,2436,198134264,197689496,444768,656,26440,9268,2416
2026-08-30T20:08:02.487408,791008804,786965808,785299972,664,326904,1323088,15672,34359738367,494044,17020,7888,9132,108,196529156,193909644,2619512,4,197268,1219660,10292,198172692,197721760,450932,0,5264,28820,528,198172692,197644908,527784,0,97932,65340,2436,198134264,197689496,444768,660,26440,9268,2416
2026-08-30T20:08:03.488736,791008804,786326340,784780552,664,603816,1819356,15876,34359738367,494044,17020,7888,9132,108,196529156,193270176,3258980,4,474180,1715928,10496,198172692,197721760,450932,0,5264,28820,528,198172692,197644908,527784,0,97932,65340,2436,198134264,197689496,444768,660,26440,9268,2416
2026-08-30T20:08:04.490312,791008804,786040932,784697652,684,691576,2034092,16532,34359738367,494044,17020,7888,9132,108,196529156,192984992,3544164,16,561940,1931168,11152,198172692,197721760,450932,4,5264,28820,528,198172692,197644908,527784,4,97932,65340,2436,198134264,197689272,444992,660,26440,9268,2416
2026-08-30T20:08:05.491593,791008804,785652512,784508128,696,671456,2233472,17188,34359738367,494044,17020,7888,9132,108,196529156,192595564,3933592,16,545348,2130044,11808,198172692,197721760,450932,4,5264,28820,528,198172692,197644908,527784,4,97932,65340,2436,198134264,197689272,444992,672,26440,9268,2416
2026-08-30T20:08:06.496478,791008804,785226668,784109716,696,808192,2263356,17828,34359738367,494028,17020,7888,9132,108,196529156,192170728,4358428,16,681160,2159928,12448,198172692,197721760,450932,4,5264,28820,528,198172692,197644908,527784,4,97940,65340,2436,198134264,197689272,444992,672,26440,9268,2416
2026-08-30T20:08:07.499684,791008804,785272244,784155292,696,858716,2263612,17984,34359738367,494028,17020,7888,9132,108,196529156,192216304,4312852,16,730080,2160184,12604,198172692,197721760,450932,4,5264,28820,528,198172692,197644908,527784,4,97940,65340,2436,198134264,197689272,444992,672,26440,9268,2416
2026-08-30T20:08:08.504506,791008804,785320184,784203232,696,835036,2263620,18052,34359738367,494028,17020,7888,9132,108,196529156,192264052,4265104,16,706904,2160192,12672,198172692,197721760,450932,4,5264,28820,528,198172692,197644908,527784,4,97940,65340,2436,198134264,197689464,444800,672,26440,9268,2416
2026-08-30T20:08:09.508261,791008804,785332616,784215668,700,816332,2263620,18036,34359738367,494028,17020,7888,9132,108,196529156,192276484,4252672,16,689380,2160192,12656,198172692,197721760,450932,4,5264,28820,528,198172692,197644908,527784,4,97940,65340,2436,198134264,197689464,444800,676,26440,9268,2416
2026-08-30T20:08:10.512484,791008804,785391164,784274232,708,846140,2263620,18052,34359738367,494028,17020,7888,9132,108,196529156,192335032,4194124,24,717000,2160192,12672,198172692,197721760,450932,4,5264,28820,528,198172692,197644908,527784,4,97940,65340,2436,198134264,197689464,444800,676,26440,9268,2416
2026-08-30T20:08:11.516487,791008804,785373460,784256540,720,816836,2263620,18068,34359738367,494028,17020,7888,9132,108,196529156,192317580,4211576,24,690192,2160192,12688,198172692,197721760,450932,4,5264,28820,528,198172692,197644908,527784,4,97940,65340,2436,198134264,197689212,445052,688,26440,9268,2416
2026-08-30T20:08:12.520498,791008804,785372744,784255824,720,835692,2263620,18088,34359738367,494028,17020,7888,9132,108,196529156,192316864,4212292,24,707056,2160192,12708,198172692,197721760,450932,4,5264,28820,528,198172692,197644908,527784,4,97940,65340,2436,198134264,197689212,445052,688,26440,9268,2416
2026-08-30T20:08:13.523300,791008804,785409776,784292864,728,828948,2263620,18088,34359738367,494028,17020,7888,9132,108,196529156,192353896,4175260,24,701696,2160192,12708,198172692,197721760,450932,4,5264,28820,528,198172692,197644908,527784,4,97940,65340,2436,198134264,197689212,445052,696,26440,9268,2416
2026-08-30T20:08:14.528467,791008804,785402376,784285464,728,866892,2263620,18072,34359738367,494028,17020,7888,9132,108,196529156,192346496,4182660,24,737248,2160192,12692,198172692,197721760,450932,4,5264,28820,528,198172692,197644908,527784,4,97940,65340,2436,198134264,197689212,445052,696,26440,9268,2416
2026-08-30T20:08:15.530893,791008804,785414160,784297256,732,857432,2263620,18096,34359738367,494028,17020,7888,9132,108,196529156,192358280,4170876,24,728292,2160192,12716,198172692,197721760,450932,4,5264,28820,528,198172692,197644908,527784,4,97940,65340,2436,198134264,197689212,445052,700,26440,9268,2416
2026-08-30T20:08:16.536468,791008804,785431644,784314744,736,881460,2263620,18088,34359738367,494028,17020,7888,9132,108,196529156,192375764,4153392,24,746248,2160192,12708,198172692,197721760,450932,4,5264,28820,528,198172692,197644908,527784,4,97940,65340,2436,198134264,197689212,445052,704,26440,9268,2416
2026-08-30T20:08:17.540460,791008804,785428024,784311132,744,893364,2263620,18104,34359738367,494028,17020,7888,9132,108,196529156,192372144,4157012,32,756940,2160192,12724,198172692,197721760,450932,4,5264,28820,528,198172692,197644908,527784,4,97940,65340,2436,198134264,197689212,445052,704,26440,9268,2416
2026-08-30T20:08:18.544473,791008804,785435960,784319068,744,863120,2263620,18040,34359738367,494028,17020,7888,9132,108,196529156,192380080,4149076,32,735568,2160192,12660,198172692,197721760,450932,4,5264,28820,528,198172692,197644908,527784,4,97940,65340,2436,198134264,197689212,445052,704,26440,9268,2416
2026-08-30T20:08:19.548475,791008804,785438428,784321540,748,878836,2263620,18080,34359738367,494028,17020,7888,9132,108,196529156,192382548,4146608,32,736296,2160192,12700,198172692,197721760,450932,4,5264,28820,528,198172692,197644908,527784,4,97940,65340,2436,198134264,197689212,445052,708,26440,9268,2416
2026-08-30T20:08:20.552467,791008804,785444672,784327784,748,839972,2263620,18100,34359738367,494028,17020,7888,9132,108,196529156,192388792,4140364,32,712560,2160192,12720,198172692,197721760,450932,4,5264,28820,528,198172692,197644908,527784,4,97940,65340,2436,198134264,197689212,445052,708,26440,9268,2416
2026-08-30T20:08:21.556461,791008804,785439844,784322964,748,831140,2263620,17992,34359738367,494028,17020,7888,9132,108,196529156,192383964,4145192,32,701496,2160192,12612,198172692,197721760,450932,4,5264,28820,528,198172692,197644908,527784,4,97940,65340,2436,198134264,197689212,445052,708,26440,9268,2416
2026-08-30T20:08:22.560480,791008804,785459624,784342744,748,795116,2263620,18016,34359738367,494028,17020,7888,9132,108,196529156,192403744,4125412,32,659616,2160192,12636,198172692,197721760,450932,4,5264,28820,528,198172692,197644908,527784,4,97940,65340,2436,198134264,197689212,445052,708,26440,9268,2416
2026-08-30T20:08:23.564468,791008804,785489260,784372392,760,742492,2263620,17988,34359738367,494028,17020,7888,9132,108,196529156,192433380,4095776,32,614360,2160192,12608,198172692,197721760,450932,4,5264,28820,528,198172692,197644908,527784,4,97940,65340,2436,198134264,197689212,445052,720,26440,9268,2416
2026-08-30T20:08:24.566429,791008804,785468860,784352000,768,749108,2263620,17988,34359738367,494028,17020,7888,9132,108,196529156,192412980,4116176,40,619464,2160192,12608,198172692,197721760,450932,4,5264,28820,528,198172692,197644908,527784,4,97940,65340,2436,198134264,197689212,445052,720,26440,9268,2416
2026-08-30T20:08:25.568187,791008804,785417592,784300732,768,868036,2263628,17748,34359738367,494028,17020,7888,9132,108,196529156,192361712,4167444,40,740884,2160200,12368,198172692,197721760,450932,4,5264,28820,528,198172692,197644908,527784,4,97940,65340,2436,198134264,197689212,445052,720,26440,9268,2416
2026-08-30T20:08:26.572497,791008804,785422568,784305716,776,858396,2263628,18052,34359738367,494028,17020,7888,9132,108,196529156,192364672,4164484,40,729760,2160200,12672,198172692,197721760,450932,4,5264,28820,528,198172692,197644908,527784,4,97940,65340,2436,198134264,197689212,445052,728,26440,9268,2416
2026-08-30T20:08:27.576012,791008804,785415548,784298704,776,897788,2263628,18100,34359738367,494028,17020,7888,9132,108,196529156,192359668,4169488,40,769152,2160200,12720,198172692,197721760,450932,4,5264,28820,528,198172692,197644908,527784,4,97940,65340,2436,198134264,197689212,445052,728,26440,9268,2416
2026-08-30T20:08:28.580499,791008804,785439632,784322788,776,885092,2263628,18120,34359738367,494028,17020,7888,9132,108,196529156,192383752,4145404,40,755952,2160200,12740,198172692,197721760,450932,4,5264,28820,528,198172692,197644908,527784,4,97940,65340,2436,198134264,197689212,445052,728,26440,9268,2416
2026-08-30T20:08:29.584472,791008804,785439960,784323120,264,900600,2263628,18104,34359738367,494028,17020,7888,9132,108,196529156,192384080,4145076,40,770956,2160200,12724,198172692,197721760,450932,4,5264,28820,528,198172692,197644908,527784,4,97940,65340,2436,198134264,197689212,445052,216,26440,9268,2416
2026-08-30T20:08:30.588469,791008804,785456684,784339844,112,860888,2263628,18124,34359738367,494028,17020,7888,9132,108,196529156,192400804,4128352,36,731244,2160200,12744,198172692,197721760,450932,0,5264,28820,528,198172692,197644908,527784,0,97940,65340,2436,198134264,197689212,445052,76,26440,9268,2416
2026-08-30T20:08:31.592453,791008804,785448568,784331736,72,876528,2263628,18120,34359738367,494028,17020,7888,9132,108,196529156,192392688,4136468,44,747388,2160200,12740,198172692,197721760,450932,0,5264,28820,528,198172692,197644908,527784,0,97940,65340,2436,198134264,197689212,445052,28,26440,9268,2416
2026-08-30T20:08:32.596474,791008804,785455848,784339028,108,880528,2263628,18144,34359738367,494028,17020,7888,9132,108,196529156,192399968,4129188,56,748220,2160200,12764,198172692,197721760,450932,4,5264,28820,528,198172692,197644908,527784,4,97940,65340,2436,198134264,197689212,445052,44,26440,9268,2416
2026-08-30T20:08:33.600457,791008804,785439276,784322456,108,882256,2263628,18104,34359738367,494028,17020,7888,9132,108,196529156,192383396,4145760,56,753620,2160200,12724,198172692,197721760,450932,4,5264,28820,528,198172692,197644908,527784,4,97940,65340,2436,198134264,197689212,445052,44,26440,9268,2416
2026-08-30T20:08:34.604488,791008804,785429864,784313044,108,890784,2263628,18116,34359738367,494028,17020,7888,9132,108,196529156,192373984,4155172,56,766008,2160200,12736,198172692,197721760,450932,4,5264,28820,528,198172692,197644908,527784,4,97940,65340,2436,198134264,197689212,445052,44,26440,9268,2416
2026-08-30T20:08:35.608441,791008804,785461560,784344740,108,850356,2263628,18112,34359738367,494028,17020,7888,9132,108,196529156,192405680,4123476,56,721216,2160200,12732,198172692,197721760,450932,4,5264,28820,528,198172692,197644908,527784,4,97940,65340,2436,198134264,197689212,445052,44,26440,9268,2416
2026-08-30T20:08:36.612459,791008804,785445280,784328480,76,931492,2263628,18132,34359738367,494028,17020,7888,9132,108,196529156,192389400,4139756,12,801848,2160200,12752,198172692,197721760,450932,4,5264,28820,528,198172692,197644908,527784,4,97940,65340,2436,198134264,197689212,445052,56,26440,9268,2416
2026-08-30T20:08:37.616453,791008804,785455408,784338616,88,882280,2263628,18120,34359738367,494028,17020,7888,9132,108,196529156,192399528,4129628,12,753140,2160200,12740,198172692,197721760,450932,4,5264,28820,528,198172692,197644908,527784,4,97940,65340,2436,198134264,197689212,445052,68,26440,9268,2416
2026-08-30T20:08:38.620467,791008804,785436204,784319420,100,904528,2263628,18128,34359738367,494028,17020,7888,9132,108,196529156,192380324,4148832,24,771896,2160200,12748,198172692,197721760,450932,4,5264,28820,528,198172692,197644908,527784,4,97940,65340,2436,198134264,197689212,445052,68,26440,9268,2416
2026-08-30T20:08:39.624503,791008804,785456856,784340080,108,893596,2263628,18124,34359738367,494028,17020,7888,9132,108,196529156,192400976,4128180,24,764860,2160200,12744,198172692,197721760,450932,4,5264,28820,528,198172692,197644908,527784,4,97940,65340,2436,198134264,197689212,445052,76,26440,9268,2416
2026-08-30T20:08:40.628463,791008804,785456328,784339552,108,892012,2263628,18156,34359738367,494028,17020,7888,9132,108,196529156,192400448,4128708,24,762368,2160200,12776,198172692,197721760,450932,4,5264,28820,528,198172692,197644908,527784,4,97940,65340,2436,198134264,197689212,445052,76,26440,9268,2416
2026-08-30T20:08:41.632474,791008804,785445060,784328284,80,854400,2263628,18128,34359738367,494028,17020,7888,9132,108,196529156,192389180,4139976,24,725260,2160200,12748,198172692,197721760,450932,4,5264,28820,528,198172692,197644908,527784,4,97940,65340,2436,198134264,197689212,445052,48,26440,9268,2416
2026-08-30T20:08:42.636461,791008804,785469328,784352556,84,801068,2263628,18056,34359738367,494028,17020,7888,9132,108,196529156,192413448,4115708,24,671424,2160200,12676,198172692,197721760,450932,4,5264,28820,528,198172692,197644908,527784,4,97940,65340,2436,198134264,197689212,445052,52,26440,9268,2416
2026-08-30T20:08:43.640433,791008804,785462772,784346008,88,803908,2263628,18028,34359738367,494028,17020,7888,9132,108,196529156,192406892,4122264,24,674264,2160200,12648,198172692,197721760,450932,4,5264,28820,528,198172692,197644908,527784,4,97940,65340,2436,198134264,197689212,445052,56,26440,9268,2416
2026-08-30T20:08:44.644448,791008804,785485380,784368616,88,777572,2263628,18012,34359738367,494028,17020,7888,9132,108,196529156,192429500,4099656,24,647928,2160200,12632,198172692,197721760,450932,4,5264,28820,528,198172692,197644908,527784,4,97940,65340,2436,198134264,197689212,445052,56,26440,9268,2416
2026-08-30T20:08:45.646126,791008804,785551108,784434344,96,481176,2263628,17840,34359738367,494028,17020,7888,9132,108,196529156,192495228,4033928,32,351536,2160200,12460,198172692,197721760,450932,4,5260,28820,528,198172692,197644908,527784,4,97940,65340,2436,198134264,197689212,445052,56,26440,9268,2416
2026-08-30T20:08:46.648478,791008804,785413084,784296332,100,904212,2263628,18016,34359738367,494028,17020,7888,9132,108,196529156,192357204,4171952,32,774572,2160200,12636,198172692,197721760,450932,4,5260,28820,528,198172692,197644908,527784,4,97940,65340,2436,198134264,197689212,445052,60,26440,9268,2416
2026-08-30T20:08:47.652450,791008804,785429908,784313156,100,870492,2263628,18128,34359738367,494028,17020,7888,9132,108,196529156,192374028,4155128,32,744528,2160200,12748,198172692,197721760,450932,4,5260,28820,528,198172692,197644908,527784,4,97940,65340,2436,198134264,197689212,445052,60,26440,9268,2416
2026-08-30T20:08:48.656470,791008804,785431024,784314272,100,889772,2263628,18140,34359738367,494028,17020,7888,9132,108,196529156,192375140,4154016,32,761644,2160200,12760,198172692,197721764,450928,4,5260,28820,528,198172692,197644908,527784,4,97940,65340,2436,198134264,197689212,445052,60,26440,9268,2416
2026-08-30T20:08:49.660481,791008804,785459568,784342836,116,877660,2263628,18120,34359738367,494028,17020,7888,9132,108,196529156,192403684,4125472,32,748524,2160200,12740,198172692,197721764,450928,4,5260,28820,528,198172692,197644908,527784,4,97940,65340,2436,198134264,197689212,445052,76,26440,9268,2416
2026-08-30T20:08:50.664519,791008804,785456572,784339840,116,879488,2263628,18144,34359738367,494028,17020,7888,9132,108,196529156,192400688,4128468,32,744684,2160200,12764,198172692,197721764,450928,4,5260,28820,528,198172692,197644908,527784,4,97940,65340,2436,198134264,197689212,445052,76,26440,9268,2416
2026-08-30T20:08:51.668268,791008804,785464344,784347612,116,857064,2263628,18112,34359738367,494028,17020,7888,9132,108,196529156,192408460,4120696,32,726920,2160200,12732,198172692,197721764,450928,4,5260,28820,528,198172692,197644908,527784,4,97940,65340,2436,198134264,197689212,445052,76,26440,9268,2416
2026-08-30T20:08:52.672489,791008804,785447780,784331064,136,891644,2263628,18104,34359738367,494012,17020,7888,9132,108,196529156,192391896,4137260,40,757100,2160200,12724,198172692,197721764,450928,4,5260,28820,528,198172692,197644908,527784,8,97940,65340,2436,198134264,197689212,445052,84,26440,9268,2416
2026-08-30T20:08:53.676488,791008804,785458080,784341372,136,891248,2263628,18096,34359738367,494012,17020,7888,9132,108,196529156,192402196,4126960,40,761608,2160200,12716,198172692,197721764,450928,4,5260,28820,528,198172692,197644908,527784,8,97940,65340,2436,198134264,197689212,445052,84,26440,9268,2416
2026-08-30T20:08:54.680490,791008804,785475920,784359220,136,899000,2263628,18128,34359738367,494012,17020,7888,9132,108,196529156,192420036,4109120,40,769360,2160200,12748,198172692,197721764,450928,4,5260,28820,528,198172692,197644908,527784,8,97940,65340,2436,198134264,197689212,445052,84,26440,9268,2416
2026-08-30T20:08:55.684492,791008804,785457872,784341172,140,876284,2263628,18164,34359738367,493996,17020,7888,9132,108,196529156,192401988,4127168,40,748988,2160200,12784,198172692,197721764,450928,4,5260,28820,528,198172692,197644908,527784,8,97940,65340,2436,198134264,197689212,445052,88,26440,9268,2416
2026-08-30T20:08:56.686646,791008804,785471384,784354688,140,855916,2263628,18144,34359738367,493996,17020,7888,9132,108,196529156,192415500,4113656,40,728972,2160200,12764,198172692,197721764,450928,4,5260,28820,528,198172692,197644908,527784,8,97940,65340,2436,198134264,197689212,445052,88,26440,9268,2416
2026-08-30T20:08:57.692479,791008804,785437320,784320624,140,890556,2263628,18140,34359738367,493996,17020,7888,9132,108,196529156,192381436,4147720,40,761420,2160200,12760,198172692,197721764,450928,4,5260,28820,528,198172692,197644908,527784,8,97940,65340,2436,198134264,197689212,445052,88,26440,9268,2416
2026-08-30T20:08:58.695039,791008804,785456524,784339828,140,911080,2263628,18136,34359738367,493996,17020,7888,9132,108,196529156,192400640,4128516,40,785984,2160200,12756,198172692,197721764,450928,4,5260,28820,528,198172692,197644908,527784,8,97940,65340,2436,198134264,197689212,445052,88,26440,9268,2416
2026-08-30T20:08:59.700460,791008804,785461704,784345028,152,887528,2263628,18140,34359738367,493996,17020,7888,9132,108,196529156,192405316,4123840,48,757888,2160200,12760,198172692,197721764,450928,4,5260,28820,528,198172692,197644908,527784,8,97940,65340,2436,198134264,197689212,445052,92,26440,9268,2416
2026-08-30T20:09:00.702993,791008804,785446088,784329412,152,894804,2263628,18108,34359738367,493996,17020,7888,9132,108,196529156,192390204,4138952,48,758500,2160200,12728,198172692,197721764,450928,4,5260,28820,528,198172692,197644908,527784,8,97940,65340,2436,198134264,197689212,445052,92,26440,9268,2416
2026-08-30T20:09:01.708457,791008804,785438920,784322244,104,871244,2263628,18068,34359738367,493996,17020,7888,9132,108,196529156,192383036,4146120,48,736408,2160200,12688,198172692,197721764,450928,4,5260,28820,528,198172692,197644908,527784,8,97940,65340,2436,198134264,197689212,445052,44,26440,9268,2416
2026-08-30T20:09:02.710586,791008804,785461132,784344468,120,832160,2263628,18080,34359738367,493996,17020,7888,9132,108,196529156,192405248,4123908,48,702520,2160200,12700,198172692,197721764,450928,4,5260,28820,528,198172692,197644908,527784,8,97940,65340,2436,198134264,197689212,445052,60,26440,9268,2416
2026-08-30T20:09:03.716485,791008804,785472244,784355580,72,796844,2263628,18096,34359738367,493996,17020,7888,9132,108,196529156,192416360,4112796,36,670220,2160200,12716,198172692,197721764,450928,0,5260,28820,528,198172692,197644908,527784,4,97940,65340,2436,198134264,197689212,445052,32,26440,9268,2416
2026-08-30T20:09:04.719475,791008804,785483252,784366588,72,788968,2263628,18024,34359738367,493996,17020,7888,9132,108,196529156,192427368,4101788,36,659328,2160200,12644,198172692,197721764,450928,0,5260,28820,528,198172692,197644908,527784,4,97940,65340,2436,198134264,197689212,445052,32,26440,9268,2416
2026-08-30T20:09:05.721283,791008804,785483176,784366524,112,666612,2263628,18008,34359738367,493996,17020,7888,9132,108,196529156,192425076,4104080,48,536972,2160200,12628,198172692,197721764,450928,4,5260,28820,528,198172692,197647124,525568,8,97940,65340,2436,198134264,197689212,445052,52,26440,9268,2416
2026-08-30T20:09:06.724461,791008804,785412284,784295636,124,898408,2263628,17756,34359738367,493996,17020,7888,9132,108,196529156,192350488,4178668,56,769272,2160200,12376,198172692,197721764,450928,4,5260,28820,528,198172692,197647124,525568,8,97940,65340,2436,198134264,197689212,445052,56,26440,9268,2416
2026-08-30T20:09:07.728494,791008804,785442800,784326160,124,902472,2263628,18080,34359738367,493996,17020,7888,9132,108,196529156,192380780,4148376,56,775012,2160200,12700,198172692,197721764,450928,4,5260,28820,528,198172692,197647124,525568,8,97940,65340,2436,198134264,197689212,445052,56,26440,9268,2416
2026-08-30T20:09:08.732450,791008804,785444896,784328256,124,863360,2263628,18080,34359738367,493996,17020,7888,9132,108,196529156,192386796,4142360,56,729804,2160200,12700,198172692,197721764,450928,4,5260,28820,528,198172692,197647124,525568,8,97940,65340,2436,198134264,197689212,445052,56,26440,9268,2416
2026-08-30T20:09:09.736456,791008804,785463728,784347092,128,890248,2263628,18156,34359738367,493996,17020,7888,9132,108,196529156,192405628,4123528,56,760608,2160200,12776,198172692,197721764,450928,4,5260,28820,528,198172692,197647124,525568,8,97940,65340,2436,198134264,197689212,445052,60,26440,9268,2416
2026-08-30T20:09:10.740491,791008804,785471980,784355344,128,868140,2263628,18060,34359738367,493996,17020,7888,9132,108,196529156,192413880,4115276,56,741592,2160200,12680,198172692,197721764,450928,4,5260,28820,528,198172692,197647124,525568,8,97940,65340,2436,198134264,197689212,445052,60,26440,9268,2416
2026-08-30T20:09:11.744522,791008804,785463932,784347308,132,903808,2263628,18072,34359738367,493996,17020,7888,9132,108,196529156,192405328,4123828,56,779324,2160200,12692,198172692,197721764,450928,4,5260,28820,528,198172692,197647124,525568,8,97940,65340,2436,198134264,197689212,445052,64,26440,9268,2416
2026-08-30T20:09:12.747539,791008804,785486732,784370108,88,877380,2263628,18120,34359738367,493996,17020,7888,9132,108,196529156,192428128,4101028,12,744372,2160200,12740,198172692,197721764,450928,4,5260,28820,528,198172692,197647124,525568,8,97940,65340,2436,198134264,197689212,445052,64,26440,9268,2416
2026-08-30T20:09:13.752479,791008804,785484240,784367632,108,883724,2263628,18144,34359738367,493996,17020,7888,9132,108,196529156,192426140,4103016,24,757680,2160200,12764,198172692,197721764,450928,4,5260,28820,528,198172692,197647124,525568,8,97940,65340,2436,198134264,197689212,445052,72,26440,9268,2416
2026-08-30T20:09:14.756482,791008804,785464220,784347616,112,896544,2263628,18160,34359738367,493996,17020,7888,9132,108,196529156,192406120,4123036,24,767408,2160200,12780,198172692,197721764,450928,4,5260,28820,528,198172692,197647124,525568,8,97940,65340,2436,198134264,197689212,445052,76,26440,9268,2416
2026-08-30T20:09:15.760452,791008804,785462308,784345712,120,908448,2263628,18104,34359738367,493996,17020,7888,9132,108,196529156,192404208,4124948,24,781792,2160200,12724,198172692,197721764,450928,4,5260,28820,528,198172692,197647124,525568,8,97940,65340,2436,198134264,197689212,445052,84,26440,9268,2416
2026-08-30T20:09:16.764469,791008804,785471052,784354456,120,910788,2263628,18156,34359738367,493996,17020,7888,9132,108,196529156,192412952,4116204,24,777664,2160200,12776,198172692,197721764,450928,4,5260,28820,528,198172692,197647124,525568,8,97940,65340,2436,198134264,197689212,445052,84,26440,9268,2416
2026-08-30T20:09:17.768473,791008804,785467256,784350664,124,878476,2263628,18132,34359738367,493996,17020,7888,9132,108,196529156,192409156,4120000,24,751772,2160200,12752,198172692,197721764,450928,4,5260,28820,528,198172692,197647124,525568,8,97940,65340,2436,198134264,197689212,445052,88,26440,9268,2416
2026-08-30T20:09:18.771679,791008804,785458272,784341680,124,892496,2263628,18096,34359738367,493996,17020,7888,9132,108,196529156,192399920,4129236,24,760464,2160200,12712,198172692,197721764,450928,4,5260,28820,528,198172692,197647124,525568,8,97940,65340,2436,198134264,197689212,445052,88,26440,9268,2416
2026-08-30T20:09:19.776474,791008804,785447212,784330624,128,891604,2263628,18124,34359738367,493996,17020,7888,9132,108,196529156,192389112,4140044,24,747836,2160200,12744,198172692,197721764,450928,4,5260,28820,528,198172692,197647124,525568,8,97940,65340,2436,198134264,197689212,445052,92,26440,9268,2416
2026-08-30T20:09:20.780456,791008804,785459804,784343224,136,853844,2263628,18144,34359738367,493996,17020,7888,9132,108,196529156,192401704,4127452,32,724708,2160200,12764,198172692,197721764,450928,4,5260,28820,528,198172692,197647124,525568,8,97940,65340,2436,198134264,197689212,445052,92,26440,9268,2416
2026-08-30T20:09:21.784529,791008804,785472392,784355824,112,896088,2263628,18176,34359738367,493996,17020,7888,9132,108,196529156,192414292,4114864,32,767456,2160200,12796,198172692,197721764,450928,4,5260,28820,528,198172692,197647124,525568,8,97940,65340,2436,198134264,197689212,445052,68,26440,9268,2416
2026-08-30T20:09:22.788502,791008804,785468016,784351448,112,861148,2263628,18080,34359738367,493996,17020,7888,9132,108,196529156,192409916,4119240,32,731508,2160200,12700,198172692,197721764,450928,4,5260,28820,528,198172692,197647124,525568,8,97940,65340,2436,198134264,197689212,445052,68,26440,9268,2416
2026-08-30T20:09:23.792451,791008804,785493780,784377212,108,794492,2263628,18012,34359738367,493996,17020,7888,9132,108,196529156,192435680,4093476,32,664852,2160200,12632,198172692,197721764,450928,4,5260,28820,528,198172692,197647124,525568,4,97940,65340,2436,198134264,197689212,445052,68,26440,9268,2416
2026-08-30T20:09:24.796445,791008804,785496108,784379540,108,760660,2263628,18028,34359738367,493996,17020,7888,9132,108,196529156,192438008,4091148,32,631020,2160200,12648,198172692,197721764,450928,4,5260,28820,528,198172692,197647124,525568,4,97940,65340,2436,198134264,197689212,445052,68,26440,9268,2416
2026-08-30T20:09:25.798367,791008804,785506708,784390144,112,802292,2263628,17992,34359738367,493996,17020,7888,9132,108,196529156,192448608,4080548,32,674912,2160200,12612,198172692,197721764,450928,4,5260,28820,528,198172692,197647124,525568,4,97940,65340,2436,198134264,197689212,445052,72,26440,9268,2416
2026-08-30T20:09:26.800262,791008804,785477976,784361412,128,799684,2263628,17816,34359738367,493996,17020,7888,9132,108,196529156,192419876,4109280,32,672564,2160200,12436,198172692,197721764,450928,4,5260,28820,528,198172692,197647124,525568,4,97940,65340,2436,198134264,197689212,445052,88,26440,9268,2416
2026-08-30T20:09:27.804505,791008804,785433332,784316792,136,902396,2263628,18136,34359738367,493996,17020,7888,9132,108,196529156,192375232,4153924,40,768376,2160200,12756,198172692,197721764,450928,4,5260,28820,528,198172692,197647124,525568,4,97940,65340,2436,198134264,197689212,445052,88,26440,9268,2416
2026-08-30T20:09:28.806834,791008804,785454324,784337788,140,879336,2263628,18124,34359738367,493996,17020,7888,9132,108,196529156,192396224,4132932,40,750200,2160200,12744,198172692,197721764,450928,4,5260,28820,528,198172692,197647124,525568,4,97940,65340,2436,198134264,197689212,445052,92,26440,9268,2416
2026-08-30T20:09:29.812477,791008804,785453972,784337436,140,898252,2263628,18148,34359738367,493996,17020,7888,9132,108,196529156,192395872,4133284,40,755836,2160200,12768,198172692,197721764,450928,4,5260,28820,528,198172692,197647124,525568,4,97940,65340,2436,198134264,197689212,445052,92,26440,9268,2416
2026-08-30T20:09:30.814928,791008804,785473344,784356808,140,868744,2263628,18144,34359738367,493996,17020,7888,9132,108,196529156,192415244,4113912,40,741176,2160200,12764,198172692,197721764,450928,4,5260,28820,528,198172692,197647124,525568,4,97940,65340,2436,198134264,197689212,445052,92,26440,9268,2416
2026-08-30T20:09:31.822092,791008804,785507028,784390492,88,868052,2263628,18112,34359738367,493996,17020,7888,9132,108,196529156,192448928,4080228,40,738916,2160200,12732,198172692,197721764,450928,4,5260,28820,528,198172692,197647124,525568,4,97940,65340,2436,198134264,197689212,445052,40,26440,9268,2416
2026-08-30T20:09:32.824932,791008804,785472300,784355784,104,901392,2263628,18136,34359738367,493996,17020,7888,9132,108,196529156,192415208,4113948,40,773892,2160200,12756,198172692,197721764,450928,4,5260,28820,528,198172692,197647124,525568,4,97940,65340,2436,198134264,197688204,446060,56,26440,9268,2416
2026-08-30T20:09:33.827493,791008804,785469320,784352804,104,892036,2263628,18144,34359738367,493996,17020,7888,9132,108,196529156,192412228,4116928,40,745668,2160200,12764,198172692,197721764,450928,4,5260,28820,528,198172692,197647124,525568,4,97940,65340,2436,198134264,197688204,446060,56,26440,9268,2416
2026-08-30T20:09:34.832485,791008804,785478940,784362432,112,881956,2263628,18116,34359738367,493996,17020,7888,9132,108,196529156,192421848,4107308,48,756320,2160200,12736,198172692,197721764,450928,4,5260,28820,528,198172692,197647124,525568,4,97940,65340,2436,198134264,197688204,446060,56,26440,9268,2416
2026-08-30T20:09:35.835021,791008804,785473008,784356504,68,899380,2263628,18172,34359738367,493996,17020,7888,9132,108,196529156,192415916,4113240,36,769740,2160200,12792,198172692,197721764,450928,0,5260,28820,528,198172692,197647124,525568,0,97940,65340,2436,198134264,197688204,446060,32,26440,9268,2416
2026-08-30T20:09:36.840505,791008804,785489764,784373260,68,881088,2263628,18148,34359738367,493996,17020,7888,9132,108,196529156,192432672,4096484,36,754392,2160200,12768,198172692,197721764,450928,0,5260,28820,528,198172692,197647124,525568,0,97940,65340,2436,198134264,197688204,446060,32,26440,9268,2416
2026-08-30T20:09:37.843114,791008804,785484472,784367968,72,885920,2263628,18152,34359738367,493996,17020,7888,9132,108,196529156,192427380,4101776,36,759568,2160200,12768,198172692,197721764,450928,0,5260,28820,528,198172692,197647124,525568,0,97940,65340,2436,198134264,197688204,446060,36,26440,9268,2416
2026-08-30T20:09:38.848484,791008804,785475312,784358820,76,894036,2263628,18136,34359738367,493996,17020,7888,9132,108,196529156,192418220,4110936,36,765908,2160200,12756,198172692,197721764,450928,0,5260,28820,528,198172692,197647124,525568,0,97940,65340,2436,198134264,197688204,446060,40,26440,9268,2416
2026-08-30T20:09:39.852473,791008804,785473488,784357004,84,895664,2263628,18124,34359738367,493996,17020,7888,9132,108,196529156,192415388,4113768,36,766528,2160200,12744,198172692,197721764,450928,0,5260,28820,528,198172692,197647124,525568,0,97940,65340,2436,198134264,197688204,446060,48,26440,9268,2416
2026-08-30T20:09:40.856446,791008804,785472336,784355852,84,914160,2263628,18152,34359738367,493996,17020,7888,9132,108,196529156,192414740,4114416,36,785024,2160200,12772,198172692,197721764,450928,0,5260,28820,528,198172692,197647124,525568,0,97940,65340,2436,198134264,197688204,446060,48,26440,9268,2416
2026-08-30T20:09:41.860464,791008804,785446080,784329604,92,906236,2263628,18124,34359738367,493996,17020,7888,9132,108,196529156,192388988,4140168,44,777604,2160200,12744,198172692,197721764,450928,0,5260,28820,528,198172692,197647124,525568,0,97940,65340,2436,198134264,197688204,446060,48,26440,9268,2416
2026-08-30T20:09:42.864456,791008804,785487896,784371424,96,854408,2263628,18096,34359738367,493996,17020,7888,9132,108,196529156,192430804,4098352,44,725776,2160200,12716,198172692,197721764,450928,0,5260,28820,528,198172692,197647124,525568,0,97940,65340,2436,198134264,197688204,446060,52,26440,9268,2416
2026-08-30T20:09:43.868464,791008804,785477288,784360824,104,822720,2263628,18076,34359738367,493996,17020,7888,9132,108,196529156,192420196,4108960,44,693584,2160200,12696,198172692,197721764,450928,0,5260,28820,528,198172692,197647124,525568,0,97940,65340,2436,198134264,197688204,446060,60,26440,9268,2416
2026-08-30T20:09:44.872465,791008804,785479172,784362708,104,807172,2263628,18032,34359738367,493996,17020,7888,9132,108,196529156,192422080,4107076,44,678540,2160200,12652,198172692,197721764,450928,0,5260,28820,528,198172692,197647124,525568,0,97940,65340,2436,198134264,197688204,446060,60,26440,9268,2416
2026-08-30T20:09:45.874321,791008804,785480900,784364444,112,788028,2263628,18032,34359738367,493996,17020,7888,9132,108,196529156,192423808,4105348,44,658388,2160200,12652,198172692,197721764,450928,0,5260,28820,528,198172692,197647124,525568,0,97940,65340,2436,198134264,197688204,446060,68,26440,9268,2416
2026-08-30T20:09:46.876049,791008804,785555820,784439364,112,511060,2263628,17944,34359738367,493996,17020,7888,9132,108,196529156,192498728,4030428,44,381420,2160200,12564,198172692,197721764,450928,0,5260,28820,528,198172692,197647124,525568,0,97940,65340,2436,198134264,197688204,446060,68,26440,9268,2416
2026-08-30T20:09:47.877118,791008804,787039476,785248872,68,190716,153480,10484,34359738367,490140,17020,7888,9132,108,196529156,193983136,2546020,0,60752,50052,4988,198172692,197721764,450928,0,5260,28820,528,198172692,197646372,526320,0,98264,65340,2552,198134264,197688204,446060,68,26440,9268,2416
2026-08-30T20:09:48.878249,791008804,788134484,785772768,664,237120,170660,10692,34359738367,491100,17020,7888,9132,108,196529156,195078844,1450312,4,107480,67232,5252,198172692,197721788,450904,0,5260,28820,528,198172692,197645888,526804,4,97940,65340,2496,198134264,197687456,446808,656,26440,9268,2416
2026-08-30T20:09:49.879162,791008804,788053952,785716704,664,272004,189900,11168,34359738367,492108,17020,7888,9132,108,196529156,194998820,1530336,4,142364,86472,5788,198172692,197721788,450904,0,5260,28820,528,198172692,197645888,526804,4,97940,65340,2436,198134264,197687456,446808,656,26440,9268,2416
2026-08-30T20:09:50.880038,791008804,788033696,785703740,788,310044,227600,12084,34359738367,494188,17020,7888,9132,108,196529156,194978532,1550624,4,180404,124172,6704,198172692,197721820,450872,0,5260,28820,528,198172692,197645888,526804,0,97940,65340,2436,198134264,197687456,446808,784,26440,9268,2416
2026-08-30T20:09:51.902672,791008804,787677244,785533328,788,314344,452140,14696,34359738367,494188,17020,7888,9132,108,196529156,194621740,1907416,4,184704,348712,9316,198172692,197721968,450724,0,5260,28820,528,198172692,197645892,526800,0,97940,65340,2436,198134264,197687644,446620,784,26440,9268,2416
2026-08-30T20:09:52.903848,791008804,787308512,785342904,800,326212,744256,14812,34359738367,494188,17020,7888,9132,108,196529156,194252484,2276672,4,196572,640828,9432,198172692,197721984,450708,0,5260,28820,528,198172692,197645896,526796,0,97940,65340,2436,198134264,197687644,446620,796,26440,9268,2416
2026-08-30T20:09:53.904894,791008804,786663268,784867824,800,619852,1277712,14828,34359738367,494188,17020,7888,9132,108,196529156,193606232,2922924,4,490716,1174284,9448,198172692,197721984,450708,0,5260,28820,528,198172692,197645896,526796,0,97940,65340,2436,198134264,197687644,446620,796,26440,9268,2416
2026-08-30T20:09:54.906551,791008804,786284328,784611320,804,855432,1552296,16024,34359738367,494188,17020,7888,9132,108,196529156,193228784,3300372,4,725792,1448868,10644,198172692,197721996,450696,0,5260,28820,528,198172692,197645904,526788,0,97940,65340,2436,198134264,197687644,446620,800,26440,9268,2416
2026-08-30T20:09:55.907912,791008804,786028420,784491880,816,856620,1828340,16552,34359738367,494188,17020,7888,9132,108,196529156,192972876,3556280,16,726980,1724912,11172,198172692,197721996,450696,0,5260,28820,528,198172692,197645904,526788,0,97940,65340,2436,198134264,197687644,446620,800,26440,9268,2416
2026-08-30T20:09:56.909364,791008804,785761452,784512772,836,856620,2114396,17104,34359738367,494188,17020,7888,9132,108,196529156,192706160,3822996,16,726980,2010968,11724,198172692,197721996,450696,4,5260,28820,528,198172692,197645904,526788,4,97940,65340,2436,198134264,197687392,446872,812,26440,9268,2416
2026-08-30T20:09:57.910760,791008804,785489224,784522116,840,856624,2399996,17724,34359738367,494188,17020,7888,9132,108,196529156,192433188,4095968,16,726984,2297072,12344,198172692,197721996,450696,4,5260,28820,528,198172692,197645904,526788,4,97940,65340,2436,198134264,197687632,446632,816,26440,9268,2416
2026-08-30T20:09:58.912435,791008804,785206160,784524428,840,856636,2682232,18240,34359738367,494172,17020,7888,9132,108,196529156,192150628,4378528,16,726996,2578804,12860,198172692,197721996,450696,4,5260,28820,528,198172692,197645904,526788,4,97940,65340,2436,198134264,197687632,446632,816,26440,9268,2416
2026-08-30T20:09:59.913933,791008804,784919480,784520252,844,857316,2965184,18840,34359738367,494172,17020,7888,9132,108,196529156,191863948,4665208,16,727676,2861756,13460,198172692,197721996,450696,4,5260,28820,528,198172692,197645904,526788,4,97940,65340,2436,198134264,197687632,446632,820,26440,9268,2416
2026-08-30T20:10:00.915405,791008804,784633036,784520364,848,859756,3253724,19428,34359738367,494172,17020,7888,9132,108,196529156,191577504,4951652,16,730116,3150296,14048,198172692,197721996,450696,4,5260,28820,528,198172692,197645904,526788,4,97940,65340,2436,198134264,197687632,446632,824,26440,9268,2416
2026-08-30T20:10:01.916709,791008804,784336324,784508940,848,865612,3533492,20084,34359738367,494172,17020,7888,9132,108,196529156,191280288,5248868,16,735972,3430064,14704,198172692,197721996,450696,4,5260,28820,528,198172692,197645904,526788,4,97940,65340,2436,198134264,197687632,446632,824,26440,9268,2416
2026-08-30T20:10:02.918079,791008804,784045564,784507444,856,869964,3823580,20644,34359738367,494172,17020,7888,9132,108,196529156,190990032,5539124,24,740324,3720152,15264,198172692,197721996,450696,4,5260,28820,528,198172692,197645904,526788,4,97940,65340,2436,198134264,197687632,446632,824,26440,9268,2416
2026-08-30T20:10:03.919506,791008804,783759016,784499972,860,874644,4101804,21260,34359738367,494172,17020,7888,9132,108,196529156,190703484,5825672,24,745004,3998376,15880,198172692,197721996,450696,4,5260,28820,528,198172692,197645904,526788,4,97940,65340,2436,198134264,197687632,446632,828,26440,9268,2416
2026-08-30T20:10:04.920933,791008804,783460572,784497940,860,884456,4394416,21868,34359738367,494172,17020,7888,9132,108,196529156,190405008,6124148,24,754816,4290988,16488,198172692,197722028,450664,4,5260,28820,528,198172692,197645904,526788,4,97940,65340,2436,198134264,197687632,446632,828,26440,9268,2416
2026-08-30T20:10:05.922317,791008804,783137028,784454020,868,911268,4677664,22468,34359738367,494172,17020,7888,9132,108,196529156,190080960,6448196,24,781628,4574236,17088,198172692,197722028,450664,4,5260,28820,528,198172692,197645904,526788,4,97940,65340,2436,198134264,197687632,446632,836,26440,9268,2416
2026-08-30T20:10:06.923647,791008804,782830032,784427768,872,933120,4959976,23112,34359738367,494172,17020,7888,9132,108,196529156,189774468,6754688,24,803476,4856548,17732,198172692,197722028,450664,4,5260,28820,528,198172692,197645904,526788,4,97944,65340,2436,198134264,197687632,446632,840,26440,9268,2416
2026-08-30T20:10:07.928613,791008804,782548944,784271584,872,971500,5090564,23528,34359738367,494172,17020,7888,9132,108,196529156,189493636,7035520,24,842360,4987136,18148,198172692,197722028,450664,4,5260,28820,528,198172692,197645904,526788,4,97944,65340,2436,198134264,197687376,446888,840,26440,9268,2416
2026-08-30T20:10:08.940348,791008804,782435936,784169920,872,1042324,5107484,23536,34359738367,494172,17020,7888,9132,108,196529156,189380380,7148776,24,913184,5004056,18156,198172692,197722028,450664,4,5260,28820,528,198172692,197645904,526788,4,97944,65340,2436,198134264,197687624,446640,840,26440,9268,2416
2026-08-30T20:10:09.956224,791008804,782333804,784067864,880,1076936,5110188,23756,34359738367,494172,17020,7888,9132,108,196529156,189274152,7255004,32,949528,5006760,18376,198172692,197722028,450664,4,5260,28820,528,198172692,197645904,526788,4,97944,65340,2436,198134264,197687624,446640,840,26440,9268,2416
2026-08-30T20:10:10.971939,791008804,782287460,784021548,884,1108240,5111364,23800,34359738367,494172,17020,7888,9132,108,196529156,189231904,7297252,32,979100,5007936,18420,198172692,197722028,450664,4,5260,28820,528,198172692,197645904,526788,4,97944,65340,2436,198134264,197687624,446640,844,26440,9268,2416
2026-08-30T20:10:11.976565,791008804,782273928,784008044,884,1131488,5111700,23860,34359738367,494172,17020,7888,9132,108,196529156,189218372,7310784,32,1001844,5008272,18480,198172692,197722028,450664,4,5260,28820,528,198172692,197645904,526788,4,97944,65340,2436,198134264,197687624,446640,844,26440,9268,2416
2026-08-30T20:10:12.993085,791008804,782209636,783943756,888,1162484,5111848,23904,34359738367,494172,17020,7888,9132,108,196529156,189153328,7375828,32,1032840,5008420,18524,198172692,197722028,450664,4,5260,28820,528,198172692,197645904,526788,4,97944,65340,2436,198134264,197687368,446896,848,26440,9268,2416
2026-08-30T20:10:14.009427,791008804,782227992,783962116,892,1115428,5111928,23940,34359738367,494172,17020,7888,9132,108,196529156,189172444,7356712,32,978976,5008500,18560,198172692,197722028,450664,4,5260,28820,528,198172692,197645904,526788,4,97944,65340,2436,198134264,197687616,446648,852,26440,9268,2416
2026-08-30T20:10:15.011857,791008804,782170200,783904328,892,1195068,5111956,23916,34359738367,494172,17020,7888,9132,108,196529156,189114652,7414504,32,1065424,5008528,18536,198172692,197722028,450664,4,5260,28820,528,198172692,197645904,526788,4,97944,65340,2436,198134264,197687616,446648,852,26440,9268,2416
2026-08-30T20:10:16.027534,791008804,782179516,783913656,892,1198128,5111960,23992,34359738367,494172,17020,7888,9132,108,196529156,189123968,7405188,32,1068484,5008532,18612,198172692,197722028,450664,4,5260,28820,528,198172692,197645904,526788,4,97944,65340,2436,198134264,197687616,446648,852,26440,9268,2416
2026-08-30T20:10:17.032619,791008804,782193744,783927892,900,1213028,5111960,24028,34359738367,494172,17020,7888,9132,108,196529156,189138196,7390960,40,1083384,5008532,18648,198172692,197722028,450664,4,5260,28820,528,198172692,197645904,526788,4,97944,65340,2436,198134264,197687616,446648,852,26440,9268,2416
2026-08-30T20:10:18.049171,791008804,782193852,783928000,908,1221832,5111960,24052,34359738367,494172,17020,7888,9132,108,196529156,189138304,7390852,40,1092188,5008532,18672,198172692,197722028,450664,4,5260,28820,528,198172692,197645904,526788,4,97944,65340,2436,198134264,197687616,446648,860,26440,9268,2416
2026-08-30T20:10:19.065676,791008804,782234468,783968616,912,1226972,5111960,24060,34359738367,494172,17020,7888,9132,108,196529156,189179176,7349980,40,1097328,5008532,18680,198172692,197722028,450664,4,5260,28820,528,198172692,197645904,526788,4,97944,65340,2436,198134264,197687360,446904,864,26440,9268,2416
2026-08-30T20:10:20.082401,791008804,782243192,783977340,912,1235148,5111960,24060,34359738367,494172,17020,7888,9132,108,196529156,189186644,7342512,40,1105504,5008532,18680,198172692,197722028,450664,4,5260,28820,528,198172692,197645904,526788,4,97944,65340,2436,198134264,197687608,446656,864,26440,9268,2416
2026-08-30T20:10:21.097709,791008804,782241312,783975468,912,1231264,5111960,24084,34359738367,494172,17020,7888,9132,108,196529156,189185772,7343384,40,1100804,5008532,18704,198172692,197722028,450664,4,5260,28820,528,198172692,197645904,526788,4,97944,65340,2436,198134264,197687608,446656,864,26440,9268,2416
2026-08-30T20:10:22.113792,791008804,782287868,784022024,64,1211880,5111960,24104,34359738367,494172,17020,7888,9132,108,196529156,189232328,7296828,36,1082236,5008532,18724,198172692,197722028,450664,0,5260,28820,528,198172692,197645904,526788,0,97944,65340,2436,198134264,197687608,446656,28,26440,9268,2416
2026-08-30T20:10:23.130154,791008804,782355580,784089736,76,1144456,5111960,24032,34359738367,494172,17020,7888,9132,108,196529156,189300040,7229116,36,1014812,5008532,18652,198172692,197722028,450664,0,5260,28820,528,198172692,197645904,526788,0,97944,65340,2436,198134264,197687608,446656,40,26440,9268,2416
2026-08-30T20:10:24.132185,791008804,782289388,784023548,116,1240428,5111960,24068,34359738367,494172,17020,7888,9132,108,196529156,189233848,7295308,56,1110784,5008532,18688,198172692,197722028,450664,4,5260,28820,528,198172692,197645904,526788,4,97944,65340,2436,198134264,197687608,446656,52,26440,9268,2416
2026-08-30T20:10:25.148218,791008804,782288872,784023036,116,1224080,5111960,24124,34359738367,494172,17020,7888,9132,108,196529156,189233332,7295824,56,1094436,5008532,18744,198172692,197722028,450664,4,5260,28820,528,198172692,197645904,526788,4,97944,65340,2436,198134264,197687608,446656,52,26440,9268,2416
2026-08-30T20:10:26.164775,791008804,782276392,784010576,124,1253952,5111960,24160,34359738367,494172,17020,7888,9132,108,196529156,189220852,7308304,56,1124308,5008532,18780,198172692,197722028,450664,4,5260,28820,528,198172692,197645904,526788,4,97944,65340,2436,198134264,197687608,446656,60,26440,9268,2416
2026-08-30T20:10:27.185000,791008804,782298552,784032756,52,1252940,5111960,24136,34359738367,494172,17020,7888,9132,108,196529156,189243012,7286144,12,1125344,5008532,18756,198172692,197722028,450664,4,5260,28820,528,198172692,197645904,526788,4,97944,65340,2436,198134264,197687608,446656,32,26440,9268,2416
2026-08-30T20:10:28.201319,791008804,782291896,784026100,52,1255812,5111960,24168,34359738367,494172,17020,7888,9132,108,196529156,189236356,7292800,12,1128216,5008532,18788,198172692,197722028,450664,4,5260,28820,528,198172692,197645904,526788,4,97944,65340,2436,198134264,197687608,446656,32,26440,9268,2416
2026-08-30T20:10:29.217909,791008804,782283068,784017272,52,1252628,5111960,24168,34359738367,494172,17020,7888,9132,108,196529156,189227528,7301628,12,1122984,5008532,18788,198172692,197722028,450664,4,5260,28820,528,198172692,197645904,526788,4,97944,65340,2436,198134264,197687608,446656,32,26440,9268,2416
2026-08-30T20:10:30.224534,791008804,782304992,784039700,72,1222396,5111960,24180,34359738367,494172,17020,7888,9132,108,196529156,189255960,7273196,12,1092752,5008532,18800,198172692,197722028,450664,4,5260,28820,528,198172692,197645904,526788,4,97944,65340,2436,198134264,197687608,446656,52,26440,9268,2416
2026-08-30T20:10:31.236571,791008804,782331840,784066044,96,1177068,5111960,24136,34359738367,494172,17020,7888,9132,108,196529156,189276300,7252856,24,1047424,5008532,18756,198172692,197722028,450664,4,5260,28820,528,198172692,197645904,526788,4,97944,65340,2436,198134264,197687608,446656,64,26440,9268,2416
2026-08-30T20:10:32.240560,791008804,782294560,784028764,96,1240824,5111960,24064,34359738367,494172,17020,7888,9132,108,196529156,189239020,7290136,24,1111180,5008532,18684,198172692,197722028,450664,4,5260,28820,528,198172692,197645904,526788,4,97944,65340,2436,198134264,197687608,446656,64,26440,9268,2416
2026-08-30T20:10:33.251566,791008804,782296180,784030384,100,1250520,5111960,24192,34359738367,494172,17020,7888,9132,108,196529156,189240640,7288516,24,1121380,5008532,18812,198172692,197722028,450664,4,5260,28820,528,198172692,197645904,526788,4,97944,65340,2436,198134264,197687608,446656,68,26440,9268,2416
2026-08-30T20:10:34.266463,791008804,782306812,784041024,100,1260108,5111960,24164,34359738367,494172,17020,7888,9132,108,196529156,189251272,7277884,24,1130464,5008532,18784,198172692,197722028,450664,4,5260,28820,528,198172692,197645904,526788,4,97944,65340,2436,198134264,197687608,446656,68,26440,9268,2416
2026-08-30T20:10:35.281706,791008804,782309552,784043764,100,1256808,5111960,24200,34359738367,494172,17020,7888,9132,108,196529156,189254304,7274852,24,1128960,5008532,18808,198172692,197722028,450664,4,5260,28820,528,198172692,197645904,526788,4,97944,65340,2436,198134264,197687608,446656,68,26440,9268,2416
2026-08-30T20:10:36.298262,791008804,782319872,784054116,100,1261648,5111960,24168,34359738367,494172,17020,7888,9132,108,196529156,189264332,7264824,24,1132004,5008532,18788,198172692,197722028,450664,4,5260,28820,528,198172692,197645904,526788,4,97944,65340,2436,198134264,197687608,446656,68,26440,9268,2416
2026-08-30T20:10:37.313109,791008804,782371340,784105592,112,1231500,5111960,24168,34359738367,494172,17020,7888,9132,108,196529156,189311832,7217324,32,1101856,5008532,18788,198172692,197722028,450664,4,5260,28820,528,198172692,197645904,526788,4,97944,65340,2436,198134264,197687608,446656,72,26440,9268,2416
2026-08-30T20:10:38.329472,791008804,782334600,784068852,112,1256180,5111960,24184,34359738367,494172,17020,7888,9132,108,196529156,189273956,7255200,32,1126536,5008532,18804,198172692,197722028,450664,4,5260,28820,528,198172692,197645904,526788,4,97944,65340,2436,198134264,197687608,446656,72,26440,9268,2416
2026-08-30T20:10:39.346019,791008804,782369360,784103612,116,1220532,5111960,24180,34359738367,494172,17020,7888,9132,108,196529156,189313820,7215336,32,1090888,5008532,18800,198172692,197722028,450664,4,5260,28820,528,198172692,197645904,526788,4,97944,65340,2436,198134264,197687608,446656,76,26440,9268,2416
2026-08-30T20:10:40.351765,791008804,782437128,784171384,120,1131020,5111960,24084,34359738367,494172,17020,7888,9132,108,196529156,189381588,7147568,32,1001376,5008532,18704,198172692,197722028,450664,4,5260,28820,528,198172692,197645904,526788,4,97944,65340,2436,198134264,197687608,446656,80,26440,9268,2416
2026-08-30T20:10:41.356616,791008804,782295964,784030220,120,1266080,5111960,24188,34359738367,494172,17020,7888,9132,108,196529156,189240424,7288732,32,1136436,5008532,18808,198172692,197722028,450664,4,5260,28820,528,198172692,197645904,526788,4,97944,65340,2436,198134264,197687608,446656,80,26440,9268,2416
2026-08-30T20:10:42.373150,791008804,782313688,784047944,120,1248280,5111960,24192,34359738367,494172,17020,7888,9132,108,196529156,189254404,7274752,32,1114336,5008532,18812,198172692,197722028,450664,4,5260,28820,528,198172692,197645904,526788,4,97944,65340,2436,198134264,197687608,446656,80,26440,9268,2416
2026-08-30T20:10:43.389354,791008804,782281104,784015360,120,1272088,5111960,24216,34359738367,494172,17020,7888,9132,108,196529156,189227580,7301576,32,1142444,5008532,18836,198172692,197722028,450664,4,5260,28820,528,198172692,197645904,526788,4,97944,65340,2436,198134264,197685592,448672,80,26440,9268,2416
2026-08-30T20:10:44.405958,791008804,782333948,784068208,140,1264080,5111960,24172,34359738367,494172,17020,7888,9132,108,196529156,189280424,7248732,40,1134436,5008532,18792,198172692,197722028,450664,4,5260,28820,528,198172692,197645904,526788,4,97944,65340,2436,198134264,197685592,448672,92,26440,9268,2416
2026-08-30T20:10:45.411521,791008804,782327244,784061512,140,1251896,5111960,24176,34359738367,494172,17020,7888,9132,108,196529156,189273720,7255436,40,1124608,5008532,18796,198172692,197722028,450664,4,5260,28820,528,198172692,197645904,526788,4,97944,65340,2436,198134264,197685592,448672,92,26440,9268,2416
2026-08-30T20:10:46.427669,791008804,782319540,784053816,140,1262372,5111960,24176,34359738367,494172,17020,7888,9132,108,196529156,189266016,7263140,40,1132728,5008532,18796,198172692,197722028,450664,4,5260,28820,528,198172692,197645904,526788,4,97944,65340,2436,198134264,197685592,448672,92,26440,9268,2416
2026-08-30T20:10:47.443746,791008804,782325572,784059864,144,1256004,5111960,24180,34359738367,494172,17020,7888,9132,108,196529156,189272048,7257108,40,1126864,5008532,18800,198172692,197722028,450664,4,5260,28820,528,198172692,197645904,526788,4,97944,65340,2436,198134264,197685592,448672,96,26440,9268,2416
2026-08-30T20:10:48.449980,791008804,782406908,784141204,144,1134436,5111960,24056,34359738367,494172,17020,7888,9132,108,196529156,189353372,7175784,40,1004792,5008532,18676,198172692,197722040,450652,4,5260,28820,528,198172692,197645904,526788,4,97944,65340,2436,198134264,197685592,448672,96,26440,9268,2416
2026-08-30T20:10:49.456594,791008804,782311664,784045960,144,1262908,5111960,24124,34359738367,494172,17020,7888,9132,108,196529156,189258128,7271028,40,1133264,5008532,18744,198172692,197722040,450652,4,5260,28820,528,198172692,197645904,526788,4,97944,65340,2436,198134264,197685592,448672,96,26440,9268,2416
2026-08-30T20:10:50.468799,791008804,782316332,784050628,144,1267888,5111960,24204,34359738367,494172,17020,7888,9132,108,196529156,189262796,7266360,40,1138244,5008532,18824,198172692,197722040,450652,4,5260,28820,528,198172692,197645904,526788,4,97944,65340,2436,198134264,197685592,448672,96,26440,9268,2416
2026-08-30T20:10:51.488608,791008804,782297436,784031740,156,1271212,5111960,24220,34359738367,494172,17020,7888,9132,108,196529156,189243900,7285256,48,1141824,5008532,18840,198172692,197722040,450652,4,5260,28820,528,198172692,197645904,526788,4,97816,65340,2436,198134264,197685592,448672,100,26312,9268,2416
2026-08-30T20:10:52.496555,791008804,782310200,784044504,160,1261292,5111960,24204,34359738367,494172,17020,7888,9132,108,196529156,189256664,7272492,48,1133952,5008532,18824,198172692,197722040,450652,4,5260,28820,528,198172692,197645904,526788,4,97816,65340,2436,198134264,197685592,448672,104,26312,9268,2416
2026-08-30T20:10:53.508281,791008804,782324840,784059148,112,1259832,5111960,24204,34359738367,494172,17020,7888,9132,108,196529156,189271552,7257604,48,1130948,5008532,18824,198172692,197722040,450652,4,5260,28820,528,198172692,197645904,526788,4,97816,65340,2436,198134264,197685344,448920,56,26312,9268,2416
2026-08-30T20:10:54.524696,791008804,782331616,784065924,116,1257740,5111960,24196,34359738367,494172,17020,7888,9132,108,196529156,189278328,7250828,48,1128352,5008532,18816,198172692,197722040,450652,4,5260,28820,528,198172692,197645904,526788,4,97816,65340,2436,198134264,197685344,448920,60,26312,9268,2416
2026-08-30T20:10:55.544583,791008804,782348644,784082952,68,1254068,5111960,24212,34359738367,494172,17020,7888,9132,108,196529156,189295356,7233800,36,1124680,5008532,18832,198172692,197722040,450652,0,5260,28820,528,198172692,197645904,526788,0,97816,65340,2436,198134264,197685344,448920,32,26312,9268,2416
2026-08-30T20:10:56.561066,791008804,782384884,784119212,68,1202984,5111960,24176,34359738367,494172,17020,7888,9132,108,196529156,189330588,7198568,36,1073596,5008532,18796,198172692,197722040,450652,0,5260,28820,528,198172692,197645904,526788,0,97816,65340,2436,198134264,197685344,448920,32,26312,9268,2416
2026-08-30T20:10:57.565848,791008804,782331240,784065576,76,1249908,5111960,24052,34359738367,494172,17020,7888,9132,108,196529156,189277952,7251204,36,1120520,5008532,18672,198172692,197722040,450652,0,5260,28820,528,198172692,197645904,526788,0,97816,65340,2436,198134264,197685344,448920,40,26312,9268,2416
2026-08-30T20:10:58.569267,791008804,782333976,784068312,124,1251292,5111960,24192,34359738367,494172,17020,7888,9132,108,196529156,189280688,7248468,56,1121904,5008532,18812,198172692,197722040,450652,4,5260,28820,528,198172692,197645904,526788,4,97816,65340,2436,198134264,197685344,448920,60,26312,9268,2416
2026-08-30T20:10:59.575981,791008804,782311368,784045712,124,1262188,5111960,24196,34359738367,494172,17020,7888,9132,108,196529156,189258080,7271076,56,1132800,5008532,18816,198172692,197722040,450652,4,5260,28820,528,198172692,197645904,526788,4,97816,65340,2436,198134264,197685344,448920,60,26312,9268,2416
2026-08-30T20:11:00.591568,791008804,782307208,784041568,124,1244108,5111960,24216,34359738367,494172,17020,7888,9132,108,196529156,189256220,7272936,56,1114720,5008532,18836,198172692,197722040,450652,4,5260,28820,528,198172692,197645904,526788,4,97816,65340,2436,198134264,197685344,448920,60,26312,9268,2416
2026-08-30T20:11:01.606201,791008804,782311328,784045688,128,1267408,5111960,24212,34359738367,494172,17020,7888,9132,108,196529156,189258040,7271116,56,1140104,5008532,18832,198172692,197722040,450652,4,5260,28820,528,198172692,197645904,526788,4,97816,65340,2436,198134264,197685344,448920,64,26312,9268,2416
2026-08-30T20:11:02.620949,791008804,782318812,784053176,128,1250984,5111960,24192,34359738367,494172,17020,7888,9132,108,196529156,189265524,7263632,56,1122100,5008532,18812,198172692,197722040,450652,4,5260,28820,528,198172692,197645904,526788,4,97816,65340,2436,198134264,197685344,448920,64,26312,9268,2416
2026-08-30T20:11:03.632569,791008804,782338928,784073292,68,1254196,5111960,24208,34359738367,494172,17020,7888,9132,108,196529156,189285640,7243516,12,1125312,5008532,18828,198172692,197722040,450652,4,5260,28820,528,198172692,197645904,526788,4,97816,65340,2436,198134264,197685344,448920,48,26312,9268,2416
2026-08-30T20:11:04.653195,791008804,782386432,784120796,68,1237064,5111960,24228,34359738367,494140,17020,7888,9132,108,196529156,189333144,7196012,12,1107676,5008532,18848,198172692,197722040,450652,4,5260,28820,528,198172692,197645904,526788,4,97816,65340,2436,198134264,197685344,448920,48,26312,9268,2416
2026-08-30T20:11:05.660201,791008804,782437124,784171488,88,1156856,5111960,24104,34359738367,494140,17020,7888,9132,108,196529156,189383836,7145320,24,1027468,5008532,18724,198172692,197722040,450652,4,5260,28820,528,198172692,197645904,526788,4,97816,65340,2436,198134264,197685344,448920,56,26312,9268,2416
2026-08-30T20:11:06.664543,791008804,782354248,784088624,88,1264472,5111960,24184,34359738367,494092,17020,7888,9132,108,196529156,189300960,7228196,24,1135080,5008532,18804,198172692,197722040,450652,4,5260,28820,528,198172692,197645904,526788,4,97820,65340,2436,198134264,197685344,448920,56,26312,9268,2416
2026-08-30T20:11:07.676526,791008804,782324244,784058636,88,1272820,5111960,24212,34359738367,494092,17020,7888,9132,108,196529156,189267196,7261960,24,1145796,5008532,18832,198172692,197722040,450652,4,5260,28820,528,198172692,197645904,526788,4,97820,65340,2436,198134264,197685344,448920,56,26312,9268,2416
2026-08-30T20:11:08.696587,791008804,782319800,784054192,92,1275868,5111960,24224,34359738367,494092,17020,7888,9132,108,196529156,189266512,7262644,24,1146476,5008532,18844,198172692,197722040,450652,4,5260,28820,528,198172692,197645904,526788,4,97820,65340,2436,198134264,197685344,448920,60,26312,9268,2416
2026-08-30T20:11:09.713518,791008804,782338760,784073152,92,1266576,5111960,24208,34359738367,494092,17020,7888,9132,108,196529156,189281124,7248032,24,1137184,5008532,18828,198172692,197722040,450652,4,5260,28820,528,198172692,197645904,526788,4,97820,65340,2436,198134264,197685344,448920,60,26312,9268,2416
2026-08-30T20:11:10.729780,791008804,782360700,784095092,104,1257532,5111960,24192,34359738367,494092,17020,7888,9132,108,196529156,189307412,7221744,24,1128140,5008532,18812,198172692,197722040,450652,4,5260,28820,528,198172692,197645904,526788,4,97820,65340,2436,198134264,197685344,448920,72,26312,9268,2416
2026-08-30T20:11:11.746346,791008804,782344924,784079328,108,1263400,5111960,24204,34359738367,494092,17020,7888,9132,108,196529156,189291636,7237520,24,1134008,5008532,18824,198172692,197722040,450652,4,5260,28820,528,198172692,197645904,526788,4,97820,65340,2436,198134264,197685344,448920,76,26312,9268,2416
2026-08-30T20:11:12.761023,791008804,782371724,784106132,116,1259644,5111960,24176,34359738367,494092,17020,7888,9132,108,196529156,189316420,7212736,32,1129244,5008532,18796,198172692,197722040,450652,4,5260,28820,528,198172692,197645904,526788,4,97820,65340,2436,198134264,197685344,448920,76,26312,9268,2416
2026-08-30T20:11:13.777056,791008804,782440824,784175232,116,1166160,5111960,24108,34359738367,494092,17020,7888,9132,108,196529156,189387536,7141620,32,1036768,5008532,18728,198172692,197722040,450652,4,5260,28820,528,198172692,197645904,526788,4,97820,65340,2436,198134264,197685344,448920,76,26312,9268,2416
2026-08-30T20:11:14.779963,791008804,782332368,784066776,120,1261308,5111960,24040,34359738367,494092,17020,7888,9132,108,196529156,189279080,7250076,32,1131916,5008532,18660,198172692,197722040,450652,4,5260,28820,528,198172692,197645904,526788,4,97820,65340,2436,198134264,197685344,448920,80,26312,9268,2416
2026-08-30T20:11:15.795200,791008804,782336564,784070972,120,1271284,5111960,24196,34359738367,494092,17020,7888,9132,108,196529156,189283276,7245880,32,1141892,5008532,18816,198172692,197722040,450652,4,5260,28820,528,198172692,197645904,526788,4,97820,65340,2436,198134264,197685344,448920,80,26312,9268,2416
2026-08-30T20:11:16.809611,791008804,782333384,784067800,120,1274776,5111960,24236,34359738367,494092,17020,7888,9132,108,196529156,189280096,7249060,32,1145384,5008532,18856,198172692,197722040,450652,4,5260,28820,528,198172692,197645904,526788,4,97820,65340,2436,198134264,197685344,448920,80,26312,9268,2416
2026-08-30T20:11:17.826190,791008804,782367152,784101588,120,1239356,5111960,24236,34359738367,494092,17020,7888,9132,108,196529156,189310004,7219152,32,1110468,5008532,18856,198172692,197722040,450652,4,5260,28820,528,198172692,197645904,526788,4,97820,65340,2436,198134264,197685344,448920,80,26312,9268,2416
2026-08-30T20:11:18.840841,791008804,782350384,784084820,128,1264808,5111960,24208,34359738367,494092,17020,7888,9132,108,196529156,189297096,7232060,32,1135416,5008532,18828,198172692,197722040,450652,4,5260,28820,528,198172692,197645904,526788,4,97820,65340,2436,198134264,197685344,448920,88,26312,9268,2416
2026-08-30T20:11:19.857290,791008804,782351344,784085780,136,1275980,5111960,24188,34359738367,494092,17020,7888,9132,108,196529156,189298056,7231100,40,1146588,5008532,18808,198172692,197722040,450652,4,5260,28820,528,198172692,197645904,526788,4,97820,65340,2436,198134264,197685344,448920,88,26312,9268,2416
2026-08-30T20:11:20.873839,791008804,782370308,784104744,136,1257924,5111960,24220,34359738367,494092,17020,7888,9132,108,196529156,189315508,7213648,40,1128532,5008532,18840,198172692,197722040,450652,4,5260,28820,528,198172692,197645904,526788,4,97820,65340,2436,198134264,197685344,448920,88,26312,9268,2416
2026-08-30T20:11:21.890262,791008804,782394820,784129264,148,1234592,5111960,24196,34359738367,494092,17020,7888,9132,108,196529156,189340524,7188632,40,1105200,5008532,18816,198172692,197722040,450652,4,5260,28820,528,198172692,197645904,526788,4,97820,65340,2436,198134264,197685344,448920,100,26312,9268,2416
2026-08-30T20:11:22.895721,791008804,782447060,784181504,148,1123124,5111960,24068,34359738367,494092,17020,7888,9132,108,196529156,189393772,7135384,40,993732,5008532,18688,198172692,197722040,450652,4,5260,28820,528,198172692,197645904,526788,4,97820,65340,2436,198134264,197685344,448920,100,26312,9268,2416
2026-08-30T20:11:23.900564,791008804,782334128,784068580,96,1262536,5111960,24100,34359738367,494092,17020,7888,9132,108,196529156,189280840,7248316,40,1133144,5008532,18720,198172692,197722040,450652,4,5260,28820,528,198172692,197645904,526788,4,97820,65340,2436,198134264,197685344,448920,48,26312,9268,2416
2026-08-30T20:11:24.912671,791008804,782317764,784052216,104,1267288,5111960,24228,34359738367,494092,17020,7888,9132,108,196529156,189264476,7264680,40,1137896,5008532,18848,198172692,197722040,450652,4,5260,28820,528,198172692,197645904,526788,4,97820,65340,2436,198134264,197685344,448920,56,26312,9268,2416
2026-08-30T20:11:25.924213,791008804,782337264,784071732,108,1275304,5111960,24220,34359738367,494092,17020,7888,9132,108,196529156,189283976,7245180,40,1145912,5008532,18840,198172692,197722040,450652,4,5260,28820,528,198172692,197645904,526788,4,97820,65340,2436,198134264,197685344,448920,60,26312,9268,2416
2026-08-30T20:11:26.939881,791008804,782346780,784081248,116,1259800,5111960,24216,34359738367,494092,17020,7888,9132,108,196529156,189292988,7236168,48,1130912,5008532,18836,198172692,197722040,450652,4,5260,28820,528,198172692,197645904,526788,4,97820,65340,2436,198134264,197685344,448920,60,26312,9268,2416
2026-08-30T20:11:27.955900,791008804,782354268,784088760,116,1260480,5111960,24208,34359738367,494092,17020,7888,9132,108,196529156,189300980,7228176,48,1131088,5008532,18828,198172692,197722040,450652,4,5260,28820,528,198172692,197645904,526788,4,97820,65340,2436,198134264,197685344,448920,60,26312,9268,2416
2026-08-30T20:11:28.971946,791008804,782361212,784095704,72,1264676,5111960,24208,34359738367,494092,17020,7888,9132,108,196529156,189307924,7221232,36,1135284,5008532,18828,198172692,197722040,450652,0,5260,28820,528,198172692,197645904,526788,0,97820,65340,2436,198134264,197685344,448920,36,26312,9268,2416
2026-08-30T20:11:29.987636,791008804,782390344,784124836,72,1254256,5111960,24212,34359738367,494092,17020,7888,9132,108,196529156,189337056,7192100,36,1124864,5008532,18832,198172692,197722040,450652,0,5260,28820,528,198172692,197645904,526788,0,97820,65340,2436,198134264,197685344,448920,36,26312,9268,2416
2026-08-30T20:11:31.002370,791008804,782431604,784166096,72,1188572,5111960,24200,34359738367,494092,17020,7888,9132,108,196529156,189378316,7150840,36,1059180,5008532,18820,198172692,197722040,450652,0,5260,28820,528,198172692,197645904,526788,0,97820,65340,2436,198134264,197685344,448920,36,26312,9268,2416
2026-08-30T20:11:32.006930,791008804,782509692,784244716,80,1074600,1133280,24008,34359738367,494092,17020,7888,9132,108,196529156,189456404,7072752,36,945208,1025308,18628,198172692,197722040,450652,0,5260,28820,528,198172692,197645904,526788,0,97820,65340,2436,198134264,197685344,448920,44,26312,9268,2416
2026-08-30T20:11:33.007915,791008804,786987328,785345876,84,189972,153348,10468,34359738367,490108,17020,7888,9132,108,196529156,193936536,2592620,36,60580,49920,5088,198172692,197722072,450620,0,5260,28820,528,198172692,197645904,526788,0,97820,65340,2436,198134264,197685344,448920,48,26312,9268,2416
2026-08-30T20:11:34.009414,791008804,788385748,786023796,672,228764,170304,10676,34359738367,491068,17020,7888,9132,108,196529156,195331060,1198096,20,102900,66876,5288,198172692,197722200,450492,0,5260,28820,528,198172692,197645920,526772,0,95804,65340,2444,198134264,197686568,447696,652,24800,9268,2416
2026-08-30T20:11:35.010812,791008804,788304108,785966980,684,265212,189680,11260,34359738367,492076,17020,7888,9132,108,196529156,195249256,1279900,20,139492,86252,5880,198172692,197722232,450460,0,5260,28820,528,198172692,197645920,526772,0,96040,65340,2436,198134264,197686700,447564,664,24420,9268,2416
2026-08-30T20:11:36.011734,791008804,788269860,785928012,652,325240,232508,11472,34359738367,492060,17020,7888,9132,108,196529156,195215004,1314152,8,199520,129080,6092,198172692,197722236,450456,0,5260,28820,528,198172692,197645920,526772,0,96040,65340,2436,198134264,197686700,447564,644,24420,9268,2416
2026-08-30T20:11:37.014124,791008804,787921184,785723892,660,377468,476100,12752,34359738367,494076,17020,7888,9132,108,196529156,194866264,1662892,4,251748,372672,7372,198172692,197722300,450392,0,5260,28820,528,198172692,197645920,526772,0,96040,65340,2436,198134264,197686700,447564,656,24420,9268,2416
2026-08-30T20:11:38.016429,791008804,787415728,785260612,660,654416,605536,13704,34359738367,494076,17020,7888,9132,108,196529156,194364784,2164372,4,526788,502108,8324,198172692,197722408,450284,0,5260,28820,528,198172692,197641832,530860,0,97948,65340,2436,198134264,197686704,447560,656,24420,9268,2416
2026-08-30T20:11:39.017703,791008804,787399724,785246688,660,669260,611260,13968,34359738367,494076,17020,7888,9132,108,196529156,194348780,2180376,4,541632,507832,8588,198172692,197722408,450284,0,5260,28820,528,198172692,197641832,530860,0,97948,65340,2436,198134264,197686704,447560,656,24420,9268,2416
2026-08-30T20:11:40.020430,791008804,787400232,785247196,676,671128,611260,13988,34359738367,494076,17020,7888,9132,108,196529156,194349028,2180128,16,543500,507832,8608,198172692,197722416,450276,0,5260,28820,528,198172692,197642084,530608,0,97948,65340,2436,198134264,197686704,447560,660,24420,9268,2416
2026-08-30T20:11:41.021671,791008804,787408736,785255736,676,671816,611260,13988,34359738367,494060,17020,7888,9132,108,196529156,194357280,2171876,16,544188,507832,8608,198172692,197722416,450276,0,5260,28820,528,198172692,197642336,530356,0,97948,65340,2436,198134264,197686704,447560,660,24420,9268,2416
2026-08-30T20:11:42.024428,791008804,787419320,785266320,684,672380,611260,13988,34359738367,493884,17020,7888,9132,108,196529156,194367864,2161292,16,544752,507832,8608,198172692,197722416,450276,0,5260,28820,528,198172692,197642336,530356,0,97948,65340,2436,198134264,197686704,447560,668,24420,9268,2416
2026-08-30T20:11:43.025661,791008804,787420076,785267120,696,672908,611260,13988,34359738367,493484,17020,7888,9132,108,196529156,194368368,2160788,16,545280,507832,8608,198172692,197722416,450276,4,5260,28820,528,198172692,197642588,530104,4,97948,65340,2436,198134264,197686704,447560,672,24420,9268,2416
2026-08-30T20:11:44.028427,791008804,787428620,785275664,696,672556,611260,13988,34359738367,494172,17020,7888,9132,108,196529156,194376660,2152496,16,544928,507832,8608,198172692,197722416,450276,4,5260,28820,528,198172692,197642840,529852,4,97948,65340,2436,198134264,197686704,447560,672,24420,9268,2416
2026-08-30T20:11:45.029703,791008804,787435012,785282056,696,675164,611260,13996,34359738367,494156,17020,7888,9132,108,196529156,194383052,2146104,16,547536,507832,8616,198172692,197722416,450276,4,5260,28820,528,198172692,197642840,529852,4,97948,65340,2436,198134264,197686704,447560,672,24420,9268,2416
2026-08-30T20:11:46.032428,791008804,787441672,785288716,704,675468,611260,13996,34359738367,494156,17020,7888,9132,108,196529156,194389440,2139716,16,547840,507832,8616,198172692,197722420,450272,4,5260,28820,528,198172692,197643108,529584,4,97948,65340,2436,198134264,197686704,447560,680,24420,9268,2416
2026-08-30T20:11:47.033685,791008804,787455084,785302128,704,675812,611260,13996,34359738367,494156,17020,7888,9132,108,196529156,194402600,2126556,16,548184,507832,8616,198172692,197722420,450272,4,5260,28820,528,198172692,197643360,529332,4,97948,65340,2436,198134264,197686704,447560,680,24420,9268,2416
2026-08-30T20:11:48.036431,791008804,787460816,785307872,724,679616,611260,13996,34359738367,494124,17020,7888,9132,108,196529156,194408332,2120824,24,549968,507832,8616,198172692,197722420,450272,4,5260,28820,528,198172692,197643360,529332,4,97948,65340,2436,198134264,197686704,447560,692,26440,9268,2416
2026-08-30T20:11:49.037686,791008804,787461532,785308608,728,679880,611260,13996,34359738367,493804,17020,7888,9132,108,196529156,194408796,2120360,24,550232,507832,8616,198172692,197722420,450272,4,5260,28820,528,198172692,197643612,529080,4,97948,65340,2436,198134264,197686704,447560,696,26440,9268,2416
2026-08-30T20:11:50.040425,791008804,787467900,785314976,728,680128,611260,13996,34359738367,493612,17020,7888,9132,108,196529156,194414912,2114244,24,550480,507832,8616,198172692,197722420,450272,4,5260,28820,528,198172692,197643864,528828,4,97948,65340,2436,198134264,197686704,447560,696,26440,9268,2416
2026-08-30T20:11:51.041650,791008804,787474392,785321468,728,679844,611260,13996,34359738367,494204,17020,7888,9132,108,196529156,194421404,2107752,24,550196,507832,8616,198172692,197722420,450272,4,5260,28820,528,198172692,197643864,528828,4,97948,65340,2436,198134264,197686704,447560,696,26440,9268,2416
2026-08-30T20:11:52.044429,791008804,787480916,785327992,728,680256,611260,13996,34359738367,494204,17020,7888,9132,108,196529156,194427884,2101272,24,550608,507832,8616,198172692,197722436,450256,4,5260,28820,528,198172692,197643892,528800,4,97948,65340,2436,198134264,197686704,447560,696,26440,9268,2416
2026-08-30T20:11:53.045716,791008804,787483360,785330436,736,680256,611260,13996,34359738367,494204,17020,7888,9132,108,196529156,194430076,2099080,24,550608,507832,8616,198172692,197722436,450256,4,5260,28820,528,198172692,197644144,528548,4,97948,65340,2436,198134264,197686704,447560,704,26440,9268,2416
2026-08-30T20:11:54.048427,791008804,787499136,785346212,736,680256,611260,13996,34359738367,494188,17020,7888,9132,108,196529156,194445852,2083304,24,550608,507832,8616,198172692,197722436,450256,4,5260,28820,528,198172692,197644144,528548,4,97948,65340,2436,198134264,197686704,447560,704,26440,9268,2416
2026-08-30T20:11:55.049686,791008804,787508116,785355192,744,680256,611260,13996,34359738367,494156,17020,7888,9132,108,196529156,194454832,2074324,32,550608,507832,8616,198172692,197722436,450256,4,5260,28820,528,198172692,197644144,528548,4,97948,65340,2436,198134264,197686704,447560,704,26440,9268,2416
2026-08-30T20:11:56.052427,791008804,787512580,785359656,748,680256,611260,13996,34359738367,493692,17020,7888,9132,108,196529156,194459044,2070112,32,550608,507832,8616,198172692,197722436,450256,4,5260,28820,528,198172692,197644396,528296,4,97948,65340,2436,198134264,197686704,447560,708,26440,9268,2416
2026-08-30T20:11:57.053672,791008804,787526052,785373128,748,680256,611260,13996,34359738367,493084,17020,7888,9132,108,196529156,194472516,2056640,32,550608,507832,8616,198172692,197722436,450256,4,5260,28820,528,198172692,197644396,528296,4,97948,65340,2436,198134264,197686704,447560,708,26440,9268,2416
2026-08-30T20:11:58.056431,791008804,787527636,785374720,748,679444,611260,13880,34359738367,494204,17020,7888,9132,108,196529156,194474356,2054800,32,549796,507832,8500,198172692,197722436,450256,4,5260,28820,528,198172692,197644396,528296,4,97948,65340,2436,198134264,197686448,447816,708,26440,9268,2416
2026-08-30T20:11:59.057704,791008804,787528060,785375156,756,680256,611260,13996,34359738367,494204,17020,7888,9132,108,196529156,194474256,2054900,32,550608,507832,8616,198172692,197722444,450248,4,5260,28820,528,198172692,197644664,528028,4,97948,65340,2436,198134264,197686696,447568,716,26440,9268,2416
2026-08-30T20:12:00.060430,791008804,787539776,785386872,756,680256,611260,13996,34359738367,494204,17020,7888,9132,108,196529156,194485972,2043184,32,550608,507832,8616,198172692,197722444,450248,4,5260,28820,528,198172692,197644664,528028,4,97948,65340,2436,198134264,197686696,447568,716,26440,9268,2416
2026-08-30T20:12:01.061687,791008804,787548228,785395324,764,680256,611260,13996,34359738367,494204,17020,7888,9132,108,196529156,194494424,2034732,32,550608,507832,8616,198172692,197722444,450248,4,5260,28820,528,198172692,197644664,528028,4,97948,65340,2436,198134264,197686696,447568,724,26440,9268,2416
2026-08-30T20:12:02.064429,791008804,787556584,785403932,776,680256,611260,13996,34359738367,494092,17020,7888,9132,108,196529156,194502528,2026628,40,550608,507832,8616,198172692,197722444,450248,4,5260,28820,528,198172692,197644916,527776,4,97948,65340,2436,198134264,197686696,447568,728,26440,9268,2416
2026-08-30T20:12:03.065717,791008804,787573072,785420476,776,680256,611260,13996,34359738367,493692,17020,7888,9132,108,196529156,194518984,2010172,40,550608,507832,8616,198172692,197722460,450232,4,5260,28820,528,198172692,197644924,527768,4,97948,65340,2436,198134264,197686704,447560,728,26440,9268,2416
2026-08-30T20:12:04.066943,791008804,787577876,785425280,776,680256,611260,13996,34359738367,492460,17020,7888,9132,108,196529156,194523788,2005368,40,550608,507832,8616,198172692,197722460,450232,4,5260,28820,528,198172692,197644924,527768,4,97948,65340,2436,198134264,197686704,447560,728,26440,9268,2416
2026-08-30T20:12:05.067881,791008804,787578908,785426312,780,679456,611260,13512,34359738367,494204,17020,7888,9132,108,196529156,194524648,2004508,40,549808,507832,8132,198172692,197722460,450232,4,5260,28820,528,198172692,197645096,527596,4,97948,65340,2436,198134264,197686704,447560,732,26440,9268,2416
2026-08-30T20:12:06.072429,791008804,787578948,785426352,780,680256,611260,13996,34359738367,494204,17020,7888,9132,108,196529156,194524688,2004468,40,550608,507832,8616,198172692,197722460,450232,4,5260,28820,528,198172692,197645096,527596,4,97948,65340,2436,198134264,197686704,447560,732,26440,9268,2416
2026-08-30T20:12:07.073726,791008804,787581736,785429140,252,680264,611260,13996,34359738367,494204,17020,7888,9132,108,196529156,194527476,2001680,40,550608,507832,8616,198172692,197722460,450232,4,5260,28820,528,198172692,197645096,527596,4,97956,65340,2436,198134264,197686704,447560,204,26440,9268,2416
2026-08-30T20:12:08.074973,791008804,787586312,785433724,68,680264,611260,13996,34359738367,494204,17020,7888,9132,108,196529156,194532052,1997104,36,550608,507832,8616,198172692,197722460,450232,0,5260,28820,528,198172692,197645096,527596,0,97956,65340,2436,198134264,197686704,447560,32,26440,9268,2416
2026-08-30T20:12:09.076235,791008804,787595516,785443004,108,680264,611260,13996,34359738367,493980,17020,7888,9132,108,196529156,194541256,1987900,56,550608,507832,8616,198172692,197722460,450232,4,5260,28820,528,198172692,197645096,527596,4,97956,65340,2436,198134264,197686704,447560,44,26440,9268,2416
2026-08-30T20:12:10.080427,791008804,787597972,785445460,108,680264,611260,13996,34359738367,493692,17020,7888,9132,108,196529156,194543688,1985468,56,550608,507832,8616,198172692,197722484,450208,4,5260,28820,528,198172692,197645096,527596,4,97956,65340,2436,198134264,197686704,447560,44,26440,9268,2416
2026-08-30T20:12:11.081704,791008804,787619044,785466532,108,679760,611260,13996,34359738367,492188,17020,7888,9132,108,196529156,194564760,1964396,56,550104,507832,8616,198172692,197722484,450208,4,5260,28820,528,198172692,197645096,527596,4,97956,65340,2436,198134264,197686704,447560,44,26440,9268,2416
2026-08-30T20:12:12.084429,791008804,787611900,785459388,116,679536,611260,13508,34359738367,494204,17020,7888,9132,108,196529156,194557616,1971540,56,549880,507832,8128,198172692,197722484,450208,4,5260,28820,528,198172692,197645096,527596,4,97956,65340,2436,198134264,197686704,447560,52,26440,9268,2416
2026-08-30T20:12:13.085751,791008804,787607356,785454844,80,680264,611260,13996,34359738367,494204,17020,7888,9132,108,196529156,194553056,1976100,12,550608,507832,8616,198172692,197722500,450192,4,5260,28820,528,198172692,197645096,527596,4,97956,65340,2436,198134264,197686704,447560,60,26440,9268,2416
2026-08-30T20:12:14.088431,791008804,787610064,785457552,80,680264,611260,13996,34359738367,494204,17020,7888,9132,108,196529156,194555764,1973392,12,550608,507832,8616,198172692,197722500,450192,4,5260,28820,528,198172692,197645096,527596,4,97956,65340,2436,198134264,197686704,447560,60,26440,9268,2416
2026-08-30T20:12:15.089685,791008804,787621924,785469412,96,680264,611260,13996,34359738367,494204,17020,7888,9132,108,196529156,194567624,1961532,12,550608,507832,8616,198172692,197722500,450192,4,5260,28820,528,198172692,197645096,527596,4,97956,65340,2436,198134264,197686704,447560,76,26440,9268,2416
2026-08-30T20:12:16.092425,791008804,787629224,785476712,108,680264,611260,13996,34359738367,493980,17020,7888,9132,108,196529156,194574924,1954232,24,550608,507832,8616,198172692,197722500,450192,4,5260,28820,528,198172692,197645096,527596,4,97956,65340,2436,198134264,197686704,447560,76,26440,9268,2416
2026-08-30T20:12:17.093683,791008804,787640024,785487512,108,680264,611260,13996,34359738367,493692,17020,7888,9132,108,196529156,194585708,1943448,24,550608,507832,8616,198172692,197722516,450176,4,5260,28820,528,198172692,197645096,527596,4,97956,65340,2436,198134264,197686704,447560,76,26440,9268,2416
2026-08-30T20:12:18.094909,791008804,787647380,785494868,112,679760,611260,13996,34359738367,492188,17020,7888,9132,108,196529156,194593064,1936092,24,550104,507832,8616,198172692,197722516,450176,4,5260,28820,528,198172692,197645096,527596,4,97956,65340,2436,198134264,197686704,447560,80,26440,9268,2416
2026-08-30T20:12:19.095843,791008804,787649532,785497044,112,679524,611260,13512,34359738367,494204,17020,7888,9132,108,196529156,194595216,1933940,24,549868,507832,8132,198172692,197722516,450176,4,5260,28820,528,198172692,197645096,527596,4,97956,65340,2436,198134264,197686704,447560,80,26440,9268,2416
2026-08-30T20:12:20.100435,791008804,787656716,785504228,112,680264,611260,13996,34359738367,494204,17020,7888,9132,108,196529156,194602400,1926756,24,550608,507832,8616,198172692,197722516,450176,4,5260,28820,528,198172692,197645096,527596,4,97956,65340,2436,198134264,197686704,447560,80,26440,9268,2416
2026-08-30T20:12:21.101725,791008804,787659696,785507208,116,680264,611260,13996,34359738367,494204,17020,7888,9132,108,196529156,194605380,1923776,24,550608,507832,8616,198172692,197722516,450176,4,5260,28820,528,198172692,197645096,527596,4,97956,65340,2436,198134264,197686704,447560,84,26440,9268,2416
2026-08-30T20:12:22.102990,791008804,787665616,785513128,116,680264,611260,13996,34359738367,494188,17020,7888,9132,108,196529156,194611300,1917856,24,550608,507832,8616,198172692,197722516,450176,4,5260,28820,528,198172692,197645096,527596,4,97956,65340,2436,198134264,197686704,447560,84,26440,9268,2416
2026-08-30T20:12:23.104237,791008804,787672560,785520072,96,680264,611260,13996,34359738367,493996,17020,7888,9132,108,196529156,194618244,1910912,32,550608,507832,8616,198172692,197722516,450176,4,5260,28820,528,198172692,197645096,527596,4,97956,65340,2436,198134264,197686704,447560,56,26440,9268,2416
2026-08-30T20:12:24.108424,791008804,787674116,785521628,100,680264,611260,13996,34359738367,493660,17020,7888,9132,108,196529156,194619800,1909356,32,550608,507832,8616,198172692,197722516,450176,4,5260,28820,528,198172692,197645096,527596,4,97956,65340,2436,198134264,197686704,447560,60,26440,9268,2416
2026-08-30T20:12:25.109618,791008804,787674380,785521892,100,679760,611260,13996,34359738367,492188,17020,7888,9132,108,196529156,194620064,1909092,32,550104,507832,8616,198172692,197722516,450176,4,5260,28820,528,198172692,197645096,527596,4,97956,65340,2436,198134264,197686704,447560,60,26440,9268,2416
2026-08-30T20:12:26.112428,791008804,787651664,785499176,120,680260,611260,13996,34359738367,494204,17020,7888,9132,108,196529156,194597348,1931808,32,550604,507832,8616,198172692,197722516,450176,4,5260,28820,528,198172692,197645096,527596,4,97956,65340,2436,198134264,197686704,447560,80,26440,9268,2416
2026-08-30T20:12:27.113694,791008804,787652176,785499688,124,680264,611260,13996,34359738367,494204,17020,7888,9132,108,196529156,194597836,1931320,32,550608,507832,8616,198172692,197722540,450152,4,5260,28820,528,198172692,197645096,527596,4,97956,65340,2436,198134264,197686704,447560,84,26440,9268,2416
2026-08-30T20:12:28.116435,791008804,787656756,785504268,124,680264,611260,13996,34359738367,494204,17020,7888,9132,108,196529156,194602416,1926740,32,550608,507832,8616,198172692,197722540,450152,4,5260,28820,528,198172692,197645096,527596,4,97956,65340,2436,198134264,197686704,447560,84,26440,9268,2416
2026-08-30T20:12:29.117686,791008804,787676420,785523940,124,680264,611260,13996,34359738367,494188,17020,7888,9132,108,196529156,194622080,1907076,32,550608,507832,8616,198172692,197722540,450152,4,5260,28820,528,198172692,197645096,527596,4,97956,65340,2436,198134264,197686704,447560,84,26440,9268,2416
2026-08-30T20:12:30.120425,791008804,787676668,785524204,136,680264,611260,13996,34359738367,493916,17020,7888,9132,108,196529156,194622328,1906828,40,550608,507832,8616,198172692,197722540,450152,4,5260,28820,528,198172692,197645096,527596,4,97956,65340,2436,198134264,197686704,447560,88,26440,9268,2416
2026-08-30T20:12:31.121674,791008804,787678812,785526348,136,680264,611260,13996,34359738367,493612,17020,7888,9132,108,196529156,194624440,1904716,40,550608,507832,8616,198172692,197722540,450152,4,5260,28820,528,198172692,197645128,527564,4,97956,65340,2436,198134264,197686704,447560,88,26440,9268,2416
2026-08-30T20:12:32.124433,791008804,787677320,785524856,136,679832,611260,13996,34359738367,494204,17020,7888,9132,108,196529156,194622948,1906208,40,550176,507832,8616,198172692,197722540,450152,4,5260,28820,528,198172692,197645128,527564,4,97956,65340,2436,198134264,197686704,447560,88,26440,9268,2416
2026-08-30T20:12:33.125696,791008804,787660124,785507660,136,680264,611260,13996,34359738367,494204,17020,7888,9132,108,196529156,194605752,1923404,40,550608,507832,8616,198172692,197722540,450152,4,5260,28820,528,198172692,197645128,527564,4,97956,65340,2436,198134264,197686704,447560,88,26440,9268,2416
2026-08-30T20:12:34.128433,791008804,787660124,785507660,140,680268,611260,13996,34359738367,494204,17020,7888,9132,108,196529156,194605752,1923404,40,550612,507832,8616,198172692,197722540,450152,4,5260,28820,528,198172692,197645128,527564,4,97956,65340,2436,198134264,197686704,447560,92,26440,9268,2416
2026-08-30T20:12:35.129704,791008804,787665444,785512980,140,680268,611260,13996,34359738367,494204,17020,7888,9132,108,196529156,194611072,1918084,40,550612,507832,8616,198172692,197722540,450152,4,5260,28820,528,198172692,197645128,527564,4,97956,65340,2436,198134264,197686704,447560,92,26440,9268,2416
2026-08-30T20:12:36.132432,791008804,787683560,785531096,140,680268,611260,13996,34359738367,494172,17020,7888,9132,108,196529156,194629188,1899968,40,550612,507832,8616,198172692,197722540,450152,4,5260,28820,528,198172692,197645128,527564,4,97956,65340,2436,198134264,197686704,447560,92,26440,9268,2416
2026-08-30T20:12:37.133683,791008804,787685740,785533276,152,680268,611260,13996,34359738367,493740,17020,7888,9132,108,196529156,194631344,1897812,48,550612,507832,8616,198172692,197722564,450128,4,5260,28820,528,198172692,197645128,527564,4,97956,65340,2436,198134264,197686704,447560,96,26440,9268,2416
2026-08-30T20:12:38.134955,791008804,787689268,785536804,152,680268,611260,13996,34359738367,493532,17020,7888,9132,108,196529156,194634872,1894284,48,550612,507832,8616,198172692,197722564,450128,4,5260,28820,528,198172692,197645128,527564,4,97956,65340,2436,198134264,197686704,447560,96,26440,9268,2416
2026-08-30T20:12:39.135973,791008804,787684892,785532444,156,680388,611260,14484,34359738367,494172,17020,7888,9132,108,196529156,194630496,1898660,48,550732,507832,9104,198172692,197722564,450128,4,5260,28820,528,198172692,197645128,527564,4,97956,65340,2436,198134264,197686704,447560,100,26440,9268,2416
2026-08-30T20:12:40.140428,791008804,787684148,785531712,112,680272,611260,13996,34359738367,494172,17020,7888,9132,108,196529156,194629740,1899416,36,550616,507832,8616,198172692,197722576,450116,0,5260,28820,528,198172692,197645128,527564,0,97956,65340,2436,198134264,197686704,447560,76,26440,9268,2416
2026-08-30T20:12:41.141689,791008804,787687536,785535100,112,680272,611260,13996,34359738367,494172,17020,7888,9132,108,196529156,194633128,1896028,36,550616,507832,8616,198172692,197722576,450116,0,5260,28820,528,198172692,197645128,527564,0,97956,65340,2436,198134264,197686704,447560,76,26440,9268,2416
2026-08-30T20:12:42.142968,791008804,787689596,785537160,136,680272,611260,13996,34359738367,494156,17020,7888,9132,108,196529156,194635188,1893968,44,550616,507832,8616,198172692,197722576,450116,0,5260,28820,528,198172692,197645128,527564,4,97956,65340,2436,198134264,197686704,447560,88,26440,9268,2416
2026-08-30T20:12:43.144213,791008804,787690840,785538404,140,680272,611260,13996,34359738367,493996,17020,7888,9132,108,196529156,194636432,1892724,44,550616,507832,8616,198172692,197722576,450116,0,5260,28820,528,198172692,197645128,527564,4,97956,65340,2436,198134264,197686704,447560,92,26440,9268,2416
2026-08-30T20:12:44.148427,791008804,787691848,785539412,100,680272,611260,13996,34359738367,493660,17020,7888,9132,108,196529156,194637440,1891716,52,550616,507832,8616,198172692,197722576,450116,0,5260,28820,528,198172692,197645128,527564,4,97956,65340,2436,198134264,197686704,447560,44,26440,9268,2416
2026-08-30T20:12:45.149663,791008804,787692112,785539676,100,680272,611260,13996,34359738367,492668,17020,7888,9132,108,196529156,194637704,1891452,52,550616,507832,8616,198172692,197722576,450116,0,5260,28820,528,198172692,197645128,527564,4,97956,65340,2436,198134264,197686704,447560,44,26440,9268,2416
2026-08-30T20:12:46.152431,791008804,787684996,785532560,100,679880,611260,13996,34359738367,494188,17020,7888,9132,108,196529156,194630588,1898568,52,550224,507832,8616,198172692,197722576,450116,0,5260,28820,528,198172692,197645128,527564,4,97956,65340,2436,198134264,197686704,447560,44,26440,9268,2416
2026-08-30T20:12:47.153696,791008804,787668636,785516200,104,680272,611260,13996,34359738367,494188,17020,7888,9132,108,196529156,194614208,1914948,52,550616,507832,8616,198172692,197722596,450096,0,5260,28820,528,198172692,197645128,527564,4,97956,65340,2436,198134264,197686704,447560,48,26440,9268,2416
2026-08-30T20:12:48.156428,791008804,787668652,785516216,72,680272,611260,13996,34359738367,494188,17020,7888,9132,108,196529156,194614224,1914932,12,550616,507832,8616,198172692,197722596,450096,4,5260,28820,528,198172692,197645128,527564,4,97956,65340,2436,198134264,197686704,447560,52,26440,9268,2416
2026-08-30T20:12:49.157742,791008804,787671344,785518908,72,680400,611260,13996,34359738367,494188,17020,7888,9132,108,196529156,194616916,1912240,12,550744,507832,8616,198172692,197722596,450096,4,5260,28820,528,198172692,197645128,527564,4,97956,65340,2436,198134264,197686704,447560,52,26440,9268,2416
2026-08-30T20:12:50.160425,791008804,787681668,785529252,88,680400,611260,13996,34359738367,493980,17020,7888,9132,108,196529156,194627240,1901916,24,550744,507832,8616,198172692,197722596,450096,4,5260,28820,528,198172692,197645128,527564,4,97956,65340,2436,198134264,197686704,447560,56,26440,9268,2416
2026-08-30T20:12:51.161675,791008804,787681920,785529504,88,680400,611260,13996,34359738367,493644,17020,7888,9132,108,196529156,194627492,1901664,24,550744,507832,8616,198172692,197722596,450096,4,5260,28820,528,198172692,197645128,527564,4,97956,65340,2436,198134264,197686704,447560,56,26440,9268,2416
2026-08-30T20:12:52.162965,791008804,787689768,785537352,100,679896,611260,13996,34359738367,492204,17020,7888,9132,108,196529156,194635316,1893840,24,550240,507832,8616,198172692,197722620,450072,4,5260,28820,528,198172692,197645128,527564,4,97956,65340,2436,198134264,197686704,447560,68,26440,9268,2416
2026-08-30T20:12:53.163929,791008804,787677268,785524852,108,680172,611260,13996,34359738367,494188,17020,7888,9132,108,196529156,194622816,1906340,24,550516,507832,8616,198172692,197722620,450072,4,5260,28820,528,198172692,197645128,527564,4,97956,65340,2436,198134264,197686704,447560,76,26440,9268,2416
2026-08-30T20:12:54.168433,791008804,787670232,785517816,112,680400,611260,13996,34359738367,494188,17020,7888,9132,108,196529156,194615772,1913384,24,550744,507832,8616,198172692,197722628,450064,4,5260,28820,528,198172692,197645128,527564,4,97956,65340,2436,198134264,197686704,447560,80,26440,9268,2416
2026-08-30T20:12:55.169692,791008804,787671580,785519164,112,680400,611260,13996,34359738367,494188,17020,7888,9132,108,196529156,194617120,1912036,24,550744,507832,8616,198172692,197722628,450064,4,5260,28820,528,198172692,197645128,527564,4,97956,65340,2436,198134264,197686704,447560,80,26440,9268,2416
2026-08-30T20:12:56.170947,791008804,787681944,785529528,112,680400,611260,13996,34359738367,494172,17020,7888,9132,108,196529156,194627484,1901672,24,550744,507832,8616,198172692,197722628,450064,4,5260,28820,528,198172692,197645128,527564,4,97956,65340,2436,198134264,197686704,447560,80,26440,9268,2416
2026-08-30T20:12:57.172224,791008804,787688744,785536328,124,680400,611260,13996,34359738367,493980,17020,7888,9132,108,196529156,194634284,1894872,32,550744,507832,8616,198172692,197722628,450064,4,5260,28820,528,198172692,197645128,527564,4,97956,65340,2436,198134264,197686704,447560,84,26440,9268,2416
2026-08-30T20:12:58.176427,791008804,787689248,785536832,124,680400,611260,13996,34359738367,493660,17020,7888,9132,108,196529156,194634788,1894368,32,550744,507832,8616,198172692,197722628,450064,4,5260,28820,528,198172692,197645128,527564,4,97956,65340,2436,198134264,197686704,447560,84,26440,9268,2416
2026-08-30T20:12:59.177602,791008804,787687748,785535336,96,679748,611260,13512,34359738367,492172,17020,7888,9132,108,196529156,194633288,1895868,32,550092,507832,8132,198172692,197722628,450064,4,5260,28820,528,198172692,197645128,527564,4,97956,65340,2436,198134264,197686704,447560,56,26440,9268,2416
2026-08-30T20:13:00.180427,791008804,787684416,785532024,100,680468,611260,13996,34359738367,494188,17020,7888,9132,108,196529156,194629956,1899200,32,550812,507832,8616,198172692,197722628,450064,4,5260,28820,528,198172692,197645128,527564,4,97956,65340,2436,198134264,197686704,447560,60,26440,9268,2416
2026-08-30T20:13:01.181694,791008804,787684168,785531776,100,680732,611260,13996,34359738367,494188,17020,7888,9132,108,196529156,194629704,1899452,32,551076,507832,8616,198172692,197722632,450060,4,5260,28820,528,198172692,197645128,527564,4,97956,65340,2436,198134264,197686704,447560,60,26440,9268,2416
2026-08-30T20:13:02.184422,791008804,787685064,785532672,100,680732,611260,13996,34359738367,494188,17020,7888,9132,108,196529156,194630600,1898556,32,551076,507832,8616,198172692,197722632,450060,4,5260,28820,528,198172692,197645128,527564,4,97956,65340,2436,198134264,197686704,447560,60,26440,9268,2416
2026-08-30T20:13:03.185736,791008804,787687368,785534976,104,680732,611260,13996,34359738367,494172,17020,7888,9132,108,196529156,194632904,1896252,32,551076,507832,8616,198172692,197722632,450060,4,5260,28820,528,198172692,197645128,527564,4,97956,65340,2436,198134264,197686704,447560,64,26440,9268,2416
2026-08-30T20:13:04.188429,791008804,787688624,785536232,116,680732,611260,13996,34359738367,493932,17020,7888,9132,108,196529156,194634160,1894996,40,551076,507832,8616,198172692,197722632,450060,4,5260,28820,528,198172692,197645128,527564,4,97956,65340,2436,198134264,197686704,447560,68,26440,9268,2416
2026-08-30T20:13:05.189696,791008804,787688720,785536328,116,680732,611260,13996,34359738367,493644,17020,7888,9132,108,196529156,194634256,1894900,40,551076,507832,8616,198172692,197722632,450060,4,5260,28820,528,198172692,197645128,527564,4,97956,65340,2436,198134264,197686704,447560,68,26440,9268,2416
2026-08-30T20:13:06.190989,791008804,787688788,785536396,132,679748,611260,13508,34359738367,492156,17020,7888,9132,108,196529156,194634324,1894832,40,550092,507832,8128,198172692,197722632,450060,4,5260,28820,528,198172692,197645128,527564,4,97956,65340,2436,198134264,197686704,447560,84,26440,9268,2416
2026-08-30T20:13:07.191935,791008804,787664048,785511656,136,680740,611260,13996,34359738367,494172,17020,7888,9132,108,196529156,194609584,1919572,40,551076,507832,8616,198172692,197722632,450060,4,5260,28820,528,198172692,197645128,527564,4,97964,65340,2436,198134264,197686704,447560,88,26440,9268,2416
2026-08-30T20:13:08.196429,791008804,787664056,785511664,136,680740,611260,13996,34359738367,494172,17020,7888,9132,108,196529156,194609584,1919572,40,551076,507832,8616,198172692,197722640,450052,4,5260,28820,528,198172692,197645128,527564,4,97964,65340,2436,198134264,197686704,447560,88,26440,9268,2416
2026-08-30T20:13:09.197713,791008804,787668380,785515988,124,680740,611260,13996,34359738367,494172,17020,7888,9132,108,196529156,194613892,1915264,40,551076,507832,8616,198172692,197722640,450052,4,5260,28820,528,198172692,197645144,527548,4,97964,65340,2436,198134264,197686704,447560,76,26440,9268,2416
2026-08-30T20:13:10.198972,791008804,787685328,785532964,128,680740,611260,13996,34359738367,494156,17020,7888,9132,108,196529156,194630840,1898316,40,551076,507832,8616,198172692,197722640,450052,4,5260,28820,528,198172692,197645144,527548,4,97964,65340,2436,198134264,197686704,447560,80,26440,9268,2416
2026-08-30T20:13:11.200291,791008804,787685400,785533036,136,680740,611260,13996,34359738367,493868,17020,7888,9132,108,196529156,194630888,1898268,48,551076,507832,8616,198172692,197722664,450028,4,5260,28820,528,198172692,197645144,527548,4,97964,65340,2436,198134264,197686704,447560,80,26440,9268,2416
2026-08-30T20:13:12.204424,791008804,787685668,785533304,136,680740,611260,13996,34359738367,493580,17020,7888,9132,108,196529156,194631140,1898016,48,551076,507832,8616,198172692,197722664,450028,4,5260,28820,528,198172692,197645160,527532,4,97964,65340,2436,198134264,197686704,447560,80,26440,9268,2416
2026-08-30T20:13:13.205705,791008804,787759056,785606692,92,611816,208704,12988,34359738367,492156,17020,7888,9132,108,196529156,194704528,1824628,36,482152,105276,7608,198172692,197722664,450028,0,5260,28820,528,198172692,197645160,527532,0,97964,65340,2436,198134264,197686704,447560,56,26440,9268,2416
2026-08-30T20:13:14.206860,791008804,788548016,786186004,516,234116,169812,10440,34359738367,491068,17020,7888,9132,108,196529156,195493736,1035420,0,104712,66384,5116,198172692,197722668,450024,0,5000,28820,472,198172692,197644908,527784,0,97964,65340,2436,198134264,197686704,447560,516,26440,9268,2416
2026-08-30T20:13:15.208261,791008804,788447020,786109816,656,270500,189696,11276,34359738367,492076,17020,7888,9132,108,196529156,195393488,1135668,4,140836,86268,5896,198172692,197721920,450772,0,5260,28820,528,198172692,197644908,527784,0,97964,65340,2436,198134264,197686704,447560,652,26440,9268,2416
2026-08-30T20:13:16.209121,791008804,788399260,786055008,708,324040,228364,11460,34359738367,492060,17020,7888,9132,108,196529156,195345728,1183428,28,194376,124936,6080,198172692,197721920,450772,8,5260,28820,528,198172692,197644908,527784,4,97964,65340,2436,198134264,197686704,447560,668,26440,9268,2416
2026-08-30T20:13:17.211175,791008804,788020876,785823860,664,375344,431184,13608,34359738367,494012,17020,7888,9132,108,196529156,194967288,1561868,4,245680,327756,8228,198172692,197721924,450768,0,5260,28820,528,198172692,197644924,527768,0,97964,65340,2436,198134264,197686740,447524,660,26440,9268,2416
2026-08-30T20:13:18.212068,791008804,787660952,785641572,680,376268,635552,16236,34359738367,494012,17020,7888,9132,108,196529156,194606984,1922172,16,246604,532124,10856,198172692,197721928,450764,0,5260,28820,528,198172692,197645040,527652,0,97964,65340,2436,198134264,197687000,447264,664,26440,9268,2416
2026-08-30T20:13:19.213437,791008804,787302884,785462484,688,376548,872144,16616,34359738367,494012,17020,7888,9132,108,196529156,194248916,2280240,16,246884,769220,11236,198172692,197721928,450764,0,5260,28820,528,198172692,197645040,527652,0,97964,65340,2436,198134264,197687000,447264,672,26440,9268,2416
2026-08-30T20:13:20.214562,791008804,786953396,785289552,688,377024,1160168,16612,34359738367,494012,17020,7888,9132,108,196529156,193899396,2629760,16,247360,1056740,11232,198172692,197721940,450752,0,5260,28820,528,198172692,197645040,527652,0,97964,65340,2436,198134264,197687020,447244,672,26440,9268,2416
2026-08-30T20:13:21.215856,791008804,786596764,785157348,688,377336,1577120,16612,34359738367,494012,17020,7888,9132,108,196529156,193542672,2986484,16,247672,1473692,11232,198172692,197721940,450752,0,5260,28820,528,198172692,197645040,527652,0,97964,65340,2436,198134264,197687112,447152,672,26440,9268,2416
2026-08-30T20:13:22.220466,791008804,786244764,785071924,704,429576,2207592,16612,34359738367,494028,17020,7888,9132,108,196529156,193190168,3338988,16,299912,2104164,11232,198172692,197721940,450752,0,5260,28820,528,198172692,197645040,527652,0,97964,65340,2436,198134264,197687112,447152,688,26440,9268,2416
2026-08-30T20:13:23.222255,791008804,786219264,785066292,712,450892,2228564,16612,34359738367,493356,17020,7888,9132,108,196529156,193165400,3363756,16,321228,2125136,11232,198172692,197721964,450728,4,5260,28820,528,198172692,197644788,527904,4,97964,65340,2436,198134264,197687112,447152,688,26440,9268,2416
2026-08-30T20:13:24.223654,791008804,786214436,785061504,720,451536,2228644,16612,34359738367,493564,17020,7888,9132,108,196529156,193160548,3368608,24,321872,2125216,11232,198172692,197721988,450704,4,5260,28820,528,198172692,197644788,527904,4,97964,65340,2436,198134264,197687112,447152,688,26440,9268,2416
2026-08-30T20:13:25.228461,791008804,786216224,785063292,724,451312,2228644,16612,34359738367,494156,17020,7888,9132,108,196529156,193160048,3369108,24,321648,2125216,11232,198172692,197721988,450704,4,5260,28820,528,198172692,197647076,525616,4,97964,65340,2436,198134264,197687112,447152,692,26440,9268,2416
2026-08-30T20:13:26.230424,791008804,786232732,785079800,724,451616,2228644,16612,34359738367,493196,17020,7888,9132,108,196529156,193176536,3352620,24,321952,2125216,11232,198172692,197722008,450684,4,5260,28820,528,198172692,197647076,525616,4,97964,65340,2436,198134264,197687112,447152,692,26440,9268,2416
2026-08-30T20:13:27.231501,791008804,786230164,785077232,724,451556,2228644,16612,34359738367,493692,17020,7888,9132,108,196529156,193173928,3355228,24,321892,2125216,11232,198172692,197722032,450660,4,5260,28820,528,198172692,197647076,525616,4,97964,65340,2436,198134264,197687128,447136,692,26440,9268,2416
2026-08-30T20:13:28.236469,791008804,786228640,785075716,728,451344,2228644,16612,34359738367,494156,17020,7888,9132,108,196529156,193172400,3356756,24,321680,2125216,11232,198172692,197722032,450660,4,5260,28820,528,198172692,197647076,525616,4,97964,65340,2436,198134264,197687132,447132,696,26440,9268,2416
2026-08-30T20:13:29.238466,791008804,786243300,785090376,728,451616,2228644,16612,34359738367,493148,17020,7888,9132,108,196529156,193187016,3342140,24,321952,2125216,11232,198172692,197722064,450628,4,5260,28820,528,198172692,197647076,525616,4,97964,65340,2436,198134264,197687144,447120,696,26440,9268,2416
2026-08-30T20:13:30.239563,791008804,786235904,785083008,736,451524,2228644,16608,34359738367,493676,17020,7888,9132,108,196529156,193179588,3349568,24,321860,2125216,11228,198172692,197722096,450596,4,5260,28820,528,198172692,197647076,525616,4,97964,65340,2436,198134264,197687144,447120,704,26440,9268,2416
2026-08-30T20:13:31.244466,791008804,786230968,785078144,736,451144,2228644,16208,34359738367,494188,17020,7888,9132,108,196529156,193174652,3354504,24,321480,2125216,10828,198172692,197722096,450596,4,5260,28820,528,198172692,197647076,525616,4,97964,65340,2436,198134264,197687144,447120,704,26440,9268,2416
2026-08-30T20:13:32.246587,791008804,786230872,785078048,752,451688,2228644,16612,34359738367,493100,17020,7888,9132,108,196529156,193174556,3354600,32,322024,2125216,11232,198172692,197722096,450596,4,5260,28820,528,198172692,197647076,525616,4,97964,65340,2436,198134264,197687144,447120,712,26440,9268,2416
2026-08-30T20:13:33.247621,791008804,786237120,785084296,752,451644,2228644,16612,34359738367,493676,17020,7888,9132,108,196529156,193180804,3348352,32,321980,2125216,11232,198172692,197722096,450596,4,5260,28820,528,198172692,197647076,525616,4,97964,65340,2436,198134264,197687144,447120,712,26440,9268,2416
2026-08-30T20:13:34.252474,791008804,786239388,785086564,752,451436,2228644,16612,34359738367,494188,17020,7888,9132,108,196529156,193183072,3346084,32,321772,2125216,11232,198172692,197722096,450596,4,5260,28820,528,198172692,197647076,525616,4,97964,65340,2436,198134264,197687144,447120,712,26440,9268,2416
2026-08-30T20:13:35.254552,791008804,786239100,785086276,756,451688,2228644,16612,34359738367,493100,17020,7888,9132,108,196529156,193182776,3346380,32,322024,2125216,11232,198172692,197722104,450588,4,5260,28820,528,198172692,197647076,525616,4,97964,65340,2436,198134264,197687144,447120,716,26440,9268,2416
2026-08-30T20:13:36.255559,791008804,786241344,785088520,756,451644,2228644,16612,34359738367,493676,17020,7888,9132,108,196529156,193185008,3344148,32,321980,2125216,11232,198172692,197722108,450584,4,5260,28820,528,198172692,197647076,525616,4,97964,65340,2436,198134264,197687152,447112,716,26440,9268,2416
2026-08-30T20:13:37.257237,791008804,786243996,785091172,756,450968,2228644,16576,34359738367,494188,17020,7888,9132,108,196529156,193187660,3341496,32,321304,2125216,11196,198172692,197722108,450584,4,5260,28820,528,198172692,197647076,525616,4,97964,65340,2436,198134264,197687152,447112,716,26440,9268,2416
2026-08-30T20:13:38.259282,791008804,786240880,785088056,756,451700,2228644,16612,34359738367,493180,17020,7888,9132,108,196529156,193184536,3344620,32,322028,2125216,11232,198172692,197722116,450576,4,5260,28820,528,198172692,197647076,525616,4,97964,65340,2436,198134264,197687152,447112,716,26448,9268,2416
2026-08-30T20:13:39.260314,791008804,786241940,785089116,760,451624,2228644,16612,34359738367,493692,17020,7888,9132,108,196529156,193185596,3343560,32,321952,2125216,11232,198172692,197722116,450576,4,5260,28820,528,198172692,197647076,525616,4,97964,65340,2436,198134264,197687152,447112,720,26448,9268,2416
2026-08-30T20:13:40.264459,791008804,786238336,785085532,768,451012,2228644,16540,34359738367,494188,17020,7888,9132,108,196529156,193181984,3347172,40,321340,2125216,11160,198172692,197722124,450568,4,5260,28820,528,198172692,197647076,525616,4,97964,65340,2436,198134264,197687152,447112,720,26448,9268,2416
2026-08-30T20:13:41.266465,791008804,786242452,785089676,768,451744,2228644,16612,34359738367,493020,17020,7888,9132,108,196529156,193186076,3343080,40,322072,2125216,11232,198172692,197722148,450544,4,5260,28820,528,198172692,197647076,525616,4,97964,65340,2436,198134264,197687152,447112,720,26448,9268,2416
2026-08-30T20:13:42.267725,791008804,786240564,785087788,772,451712,2228644,16612,34359738367,493692,17020,7888,9132,108,196529156,193184188,3344968,40,322040,2125216,11232,198172692,197722148,450544,4,5260,28820,528,198172692,197647076,525616,4,97964,65340,2436,198134264,197687152,447112,724,26448,9268,2416
2026-08-30T20:13:43.272465,791008804,786243256,785090480,780,451388,2228644,16608,34359738367,494188,17020,7888,9132,108,196529156,193186880,3342276,40,321716,2125216,11228,198172692,197722148,450544,4,5260,28820,528,198172692,197647076,525616,4,97964,65340,2436,198134264,197687152,447112,732,26448,9268,2416
2026-08-30T20:13:44.274428,791008804,786251344,785098568,780,451744,2228644,16612,34359738367,493356,17020,7888,9132,108,196529156,193194968,3334188,40,322072,2125216,11232,198172692,197722148,450544,4,5260,28820,528,198172692,197647076,525616,4,97964,65340,2436,198134264,197687152,447112,732,26448,9268,2416
2026-08-30T20:13:45.275609,791008804,786247608,785094832,784,451692,2228644,16612,34359738367,493692,17020,7888,9132,108,196529156,193191232,3337924,40,322020,2125216,11232,198172692,197722148,450544,4,5260,28820,528,198172692,197647076,525616,4,97964,65340,2436,198134264,197687152,447112,736,26448,9268,2416
2026-08-30T20:13:46.280474,791008804,786248128,785095352,796,451388,2228644,16612,34359738367,494188,17020,7888,9132,108,196529156,193191752,3337404,48,321716,2125216,11232,198172692,197722148,450544,4,5260,28820,528,198172692,197647076,525616,4,97964,65340,2436,198134264,197687152,447112,740,26448,9268,2416
2026-08-30T20:13:47.282472,791008804,786251712,785098936,128,451744,2228644,16612,34359738367,493260,17020,7888,9132,108,196529156,193195336,3333820,44,322072,2125216,11232,198172692,197722148,450544,0,5260,28820,528,198172692,197647076,525616,0,97964,65340,2436,198134264,197687152,447112,84,26448,9268,2416
2026-08-30T20:13:48.283745,791008804,786248604,785095836,48,451700,2228644,16612,34359738367,493692,17020,7888,9132,108,196529156,193192228,3336928,0,322032,2125216,11232,198172692,197722148,450544,0,5260,28820,528,198172692,197647076,525616,0,97964,65340,2436,198134264,197687152,447112,48,26448,9268,2416
2026-08-30T20:13:49.288473,791008804,786246900,785094132,48,451384,2228644,16612,34359738367,494188,17020,7888,9132,108,196529156,193190524,3338632,0,321712,2125216,11232,198172692,197722148,450544,0,5260,28820,528,198172692,197647076,525616,0,97964,65340,2436,198134264,197687152,447112,48,26448,9268,2416
2026-08-30T20:13:50.290510,791008804,786248112,785095352,92,451756,2228644,16612,34359738367,493324,17020,7888,9132,108,196529156,193191736,3337420,8,322084,2125216,11232,198172692,197722148,450544,0,5260,28820,528,198172692,197647076,525616,0,97964,65340,2436,198134264,197687152,447112,84,26448,9268,2416
2026-08-30T20:13:51.291734,791008804,786245992,785093272,92,451688,2228644,16612,34359738367,493900,17020,7888,9132,108,196529156,193189616,3339540,8,322032,2125216,11232,198172692,197722148,450544,0,5260,28820,528,198172692,197647076,525616,0,97964,65340,2436,198134264,197687152,447112,84,26448,9268,2416
2026-08-30T20:13:52.296495,791008804,786244308,785091588,48,451252,2228644,16612,34359738367,494172,17020,7888,9132,108,196529156,193187916,3341240,8,321580,2125216,11232,198172692,197722148,450544,0,5260,28820,528,198172692,197647092,525600,0,97964,65340,2436,198134264,197687152,447112,40,26448,9268,2416
2026-08-30T20:13:53.298527,791008804,786246748,785094028,52,451756,2228644,16612,34359738367,493660,17020,7888,9132,108,196529156,193190328,3338828,8,322084,2125216,11232,198172692,197722148,450544,0,5260,28820,528,198172692,197647108,525584,0,97964,65340,2436,198134264,197687164,447100,44,26448,9268,2416
2026-08-30T20:13:54.300086,791008804,786255736,785103016,64,451632,2228644,16612,34359738367,494076,17020,7888,9132,108,196529156,193199316,3329840,12,321960,2125216,11232,198172692,197722148,450544,8,5260,28820,528,198172692,197647108,525584,0,97964,65340,2436,198134264,197687164,447100,44,26448,9268,2416
2026-08-30T20:13:55.304469,791008804,786253372,785100652,68,451300,2228644,16612,34359738367,494172,17020,7888,9132,108,196529156,193196952,3332204,12,321628,2125216,11232,198172692,197722148,450544,12,5260,28820,528,198172692,197647108,525584,0,97964,65340,2436,198134264,197687164,447100,44,26448,9268,2416
2026-08-30T20:13:56.306550,791008804,786253464,785100744,84,451756,2228644,16612,34359738367,493708,17020,7888,9132,108,196529156,193197040,3332116,12,322084,2125216,11232,198172692,197722152,450540,12,5260,28820,528,198172692,197647108,525584,0,97964,65340,2436,198134264,197687164,447100,60,26448,9268,2416
2026-08-30T20:13:57.308159,791008804,786258708,785105988,84,451616,2228644,16612,34359738367,494108,17020,7888,9132,108,196529156,193202268,3326888,12,321944,2125216,11232,198172692,197722152,450540,12,5260,28820,528,198172692,197647124,525568,0,97964,65340,2436,198134264,197687164,447100,60,26448,9268,2416
2026-08-30T20:13:58.310230,791008804,786254696,785101976,84,451260,2228644,16612,34359738367,494220,17020,7888,9132,108,196529156,193198256,3330900,12,321588,2125216,11232,198172692,197722152,450540,12,5260,28820,528,198172692,197647124,525568,0,97964,65340,2436,198134264,197687164,447100,60,26448,9268,2416
2026-08-30T20:13:59.312264,791008804,786255892,785103172,92,451752,2228644,16612,34359738367,493692,17020,7888,9132,108,196529156,193199392,3329764,12,322080,2125216,11232,198172692,197722196,450496,12,5260,28820,528,198172692,197647124,525568,0,97964,65340,2436,198134264,197687180,447084,68,26448,9268,2416
2026-08-30T20:14:00.313934,791008804,786258964,785106244,100,451112,2228644,16536,34359738367,494124,17020,7888,9132,108,196529156,193202456,3326700,20,321440,2125216,11156,198172692,197722204,450488,12,5260,28820,528,198172692,197647124,525568,0,97964,65340,2436,198134264,197687180,447084,68,26448,9268,2416
2026-08-30T20:14:01.316005,791008804,786258544,785105880,100,451280,2228644,16612,34359738367,494188,17020,7888,9132,108,196529156,193202292,3326864,20,321608,2125216,11232,198172692,197722204,450488,12,5260,28820,528,198172692,197647124,525568,0,97964,65340,2436,198134264,197686924,447340,68,26448,9268,2416
2026-08-30T20:14:02.318257,791008804,786258372,785106212,104,451752,2228644,16612,34359738367,493692,17020,7888,9132,108,196529156,193201872,3327284,20,322080,2125216,11232,198172692,197722204,450488,12,5260,28820,528,198172692,197647124,525568,0,97964,65340,2436,198134264,197687172,447092,72,26448,9268,2416
2026-08-30T20:14:03.319729,791008804,786255808,785103760,104,451116,2228644,16532,34359738367,494140,17020,7888,9132,108,196529156,193199308,3329848,20,321448,2125216,11152,198172692,197722204,450488,12,5260,28820,528,198172692,197647124,525568,0,97964,65340,2436,198134264,197687172,447092,72,26448,9268,2416
2026-08-30T20:14:04.324464,791008804,786267216,785115168,104,451264,2228644,16612,34359738367,494220,17020,7888,9132,108,196529156,193210716,3318440,20,321592,2125216,11232,198172692,197722204,450488,12,5260,28820,528,198172692,197647124,525568,0,97964,65340,2436,198134264,197687172,447092,72,26448,9268,2416
2026-08-30T20:14:05.326402,791008804,786259488,785107556,104,451756,2228644,16612,34359738367,493708,17020,7888,9132,108,196529156,193202972,3326184,20,322084,2125216,11232,198172692,197722216,450476,12,5260,28820,528,198172692,197647128,525564,0,97964,65340,2436,198134264,197687172,447092,72,26448,9268,2416
2026-08-30T20:14:06.327932,791008804,786257208,785105276,108,451108,2228644,16196,34359738367,494140,17020,7888,9132,108,196529156,193200692,3328464,20,321424,2125216,10816,198172692,197722216,450476,12,5260,28820,528,198172692,197647128,525564,0,97964,65340,2436,198134264,197687172,447092,76,26464,9268,2416
2026-08-30T20:14:07.332464,791008804,786262032,785110100,116,451276,2228644,16612,34359738367,494220,17020,7888,9132,108,196529156,193205516,3323640,28,321588,2125216,11232,198172692,197722216,450476,12,5260,28820,528,198172692,197647128,525564,0,97964,65340,2436,198134264,197687172,447092,76,26464,9268,2416
2026-08-30T20:14:08.334417,791008804,786263940,785112008,116,451776,2228644,16612,34359738367,493708,17020,7888,9132,108,196529156,193207416,3321740,28,322088,2125216,11232,198172692,197722216,450476,12,5260,28820,528,198172692,197647136,525556,0,97964,65340,2436,198134264,197687172,447092,76,26464,9268,2416
2026-08-30T20:14:09.335977,791008804,786259676,785107744,128,451604,2228644,17024,34359738367,494140,17020,7888,9132,108,196529156,193203152,3326004,28,321924,2125216,11644,198172692,197722216,450476,12,5260,28820,528,198172692,197647136,525556,0,97964,65340,2436,198134264,197687172,447092,88,26464,9268,2416
2026-08-30T20:14:10.338094,791008804,786258856,785106924,128,451284,2228644,16612,34359738367,494236,17020,7888,9132,108,196529156,193202332,3326824,28,321596,2125216,11232,198172692,197722216,450476,12,5260,28820,528,198172692,197647136,525556,0,97964,65340,2436,198134264,197687172,447092,88,26464,9268,2416
2026-08-30T20:14:11.340133,791008804,786256300,785104404,128,452012,2228644,16612,34359738367,493692,17020,7888,9132,108,196529156,193199756,3329400,28,322324,2125216,11232,198172692,197722228,450464,12,5260,28820,528,198172692,197647136,525556,0,97964,65340,2436,198134264,197687180,447084,88,26464,9268,2416
2026-08-30T20:14:12.344454,791008804,786252912,785101016,136,451840,2228644,16612,34359738367,494156,17020,7888,9132,108,196529156,193196368,3332788,28,322152,2125216,11232,198172692,197722228,450464,12,5260,28820,528,198172692,197647136,525556,0,97964,65340,2436,198134264,197687180,447084,96,26464,9268,2416
2026-08-30T20:14:13.346350,791008804,786250440,785098544,136,451520,2228644,16612,34359738367,494236,17020,7888,9132,108,196529156,193193896,3335260,28,321832,2125216,11232,198172692,197722228,450464,12,5260,28820,528,198172692,197647136,525556,0,97964,65340,2436,198134264,197687180,447084,96,26464,9268,2416
2026-08-30T20:14:14.348518,791008804,786256036,785104140,144,452012,2228644,16612,34359738367,493676,17020,7888,9132,108,196529156,193199484,3329672,36,322324,2125216,11232,198172692,197722236,450456,12,5260,28820,528,198172692,197647136,525556,0,97964,65340,2436,198134264,197687180,447084,96,26464,9268,2416
2026-08-30T20:14:15.352503,791008804,786258264,785106368,148,451604,2228644,16536,34359738367,494140,17020,7888,9132,108,196529156,193201712,3327444,36,321916,2125216,11156,198172692,197722236,450456,12,5260,28820,528,198172692,197647136,525556,0,97964,65340,2436,198134264,197687180,447084,100,26464,9268,2416
2026-08-30T20:14:16.354531,791008804,786256240,785104344,148,451516,2228644,16612,34359738367,494204,17020,7888,9132,108,196529156,193199688,3329468,36,321828,2125216,11232,198172692,197722236,450456,12,5260,28820,528,198172692,197647136,525556,0,97964,65340,2436,198134264,197687180,447084,100,26464,9268,2416
2026-08-30T20:14:17.356452,791008804,786257916,785106020,148,452004,2228644,16612,34359738367,493692,17020,7888,9132,108,196529156,193201364,3327792,36,322316,2125216,11232,198172692,197722236,450456,12,5260,28820,528,198172692,197647136,525556,0,97964,65340,2436,198134264,197687180,447084,100,26464,9268,2416
2026-08-30T20:14:18.358096,791008804,786258408,785106512,136,451804,2228644,16608,34359738367,494172,17020,7888,9132,108,196529156,193201332,3327824,36,322116,2125216,11228,198172692,197722236,450456,12,5260,28820,528,198172692,197647136,525556,0,97964,65340,2436,198134264,197687704,446560,88,26464,9268,2416
2026-08-30T20:14:19.360175,791008804,786254532,785102636,144,451520,2228644,16612,34359738367,494236,17020,7888,9132,108,196529156,193197440,3331716,36,321832,2125216,11232,198172692,197722244,450448,12,5260,28820,528,198172692,197647140,525552,0,97964,65340,2436,198134264,197687708,446556,96,26464,9268,2416
2026-08-30T20:14:20.362174,791008804,786258576,785106680,96,452008,2228644,16612,34359738367,493692,17020,7888,9132,108,196529156,193201484,3327672,28,322320,2125216,11232,198172692,197722244,450448,8,5260,28820,528,198172692,197647140,525552,0,97964,65340,2436,198134264,197687708,446556,60,26464,9268,2416
2026-08-30T20:14:21.363747,791008804,786254232,785102372,112,451832,2228644,16612,34359738367,494156,17020,7888,9132,108,196529156,193197128,3332028,36,322148,2125216,11232,198172692,197722256,450436,8,5260,28820,528,198172692,197647140,525552,0,97964,65340,2436,198134264,197687708,446556,68,26464,9268,2416
2026-08-30T20:14:22.365580,791008804,786254896,785103056,116,452012,2228644,16612,34359738367,492508,17020,7888,9132,108,196529156,193197744,3331412,36,322324,2125216,11232,198172692,197722288,450404,8,5260,28820,528,198172692,197647156,525536,0,97964,65340,2436,198134264,197687708,446556,72,26464,9268,2416
2026-08-30T20:14:23.366832,791008804,786254592,785102752,140,451976,2228644,16612,34359738367,493692,17020,7888,9132,108,196529156,193197440,3331716,40,322288,2125216,11232,198172692,197722288,450404,8,5260,28820,528,198172692,197647156,525536,0,97964,65340,2436,198134264,197687708,446556,92,26464,9268,2416
2026-08-30T20:14:24.368449,791008804,786252552,785100712,140,451732,2228644,16612,34359738367,494172,17020,7888,9132,108,196529156,193195888,3333268,40,322052,2125216,11232,198172692,197722288,450404,8,5260,28820,528,198172692,197647156,525536,0,97964,65340,2436,198134264,197687724,446540,92,26464,9268,2416
2026-08-30T20:14:25.378126,791008804,786256156,785104316,148,452012,2228644,16612,34359738367,493068,17020,7888,9132,108,196529156,193198972,3330184,40,322324,2125216,11232,198172692,197722288,450404,8,5260,28820,528,198172692,197647156,525536,0,97964,65340,2436,198134264,197687740,446524,100,26464,9268,2416
2026-08-30T20:14:26.379318,791008804,786254160,785102320,148,451988,2228644,16612,34359738367,493692,17020,7888,9132,108,196529156,193196968,3332188,40,322300,2125216,11232,198172692,197722288,450404,8,5260,28820,528,198172692,197647156,525536,0,97964,65340,2436,198134264,197687748,446516,100,26464,9268,2416
2026-08-30T20:14:27.384481,791008804,786256252,785104412,148,451720,2228644,16612,34359738367,494188,17020,7888,9132,108,196529156,193199060,3330096,40,322032,2125216,11232,198172692,197722288,450404,8,5260,28820,528,198172692,197647156,525536,0,97964,65340,2436,198134264,197687748,446516,100,26464,9268,2416
2026-08-30T20:14:28.386477,791008804,786257884,785106044,164,452012,2228644,16612,34359738367,493244,17020,7888,9132,108,196529156,193200676,3328480,52,322324,2125216,11232,198172692,197722304,450388,8,5260,28820,528,198172692,197647156,525536,0,97964,65340,2436,198134264,197687748,446516,104,26464,9268,2416
2026-08-30T20:14:29.387461,791008804,786255316,785103476,72,451480,2228644,16124,34359738367,493692,17020,7888,9132,108,196529156,193198108,3331048,20,321792,2125216,10744,198172692,197722304,450388,4,5260,28820,528,198172692,197647156,525536,0,97964,65340,2436,198134264,197687748,446516,48,26464,9268,2416
2026-08-30T20:14:30.392473,791008804,786255528,785103696,72,451736,2228644,16612,34359738367,494172,17020,7888,9132,108,196529156,193198304,3330852,20,322048,2125216,11232,198172692,197722304,450388,4,5260,28820,528,198172692,197647156,525536,0,97964,65340,2436,198134264,197687764,446500,48,26464,9268,2416
2026-08-30T20:14:31.394469,791008804,786250280,785098460,72,452108,2228644,16612,34359738367,493164,17020,7888,9132,108,196529156,193193004,3336152,20,322420,2125216,11232,198172692,197722356,450336,4,5260,28820,528,198172692,197647156,525536,0,97964,65340,2436,198134264,197687764,446500,48,26464,9268,2416
2026-08-30T20:14:32.395586,791008804,786248400,785096604,76,452068,2228644,16612,34359738367,493724,17020,7888,9132,108,196529156,193191116,3338040,20,322380,2125216,11232,198172692,197722364,450328,4,5260,28820,528,198172692,197647156,525536,0,97964,65340,2436,198134264,197687764,446500,52,26464,9268,2416
2026-08-30T20:14:33.400481,791008804,786245100,785093304,76,451836,2228644,16612,34359738367,494188,17020,7888,9132,108,196529156,193187776,3341380,20,322148,2125216,11232,198172692,197722404,450288,4,5260,28820,528,198172692,197647156,525536,0,97964,65340,2436,198134264,197687764,446500,52,26464,9268,2416
2026-08-30T20:14:34.402554,791008804,786248920,785097124,88,452108,2228644,16612,34359738367,493212,17020,7888,9132,108,196529156,193191596,3337560,20,322420,2125216,11232,198172692,197722404,450288,4,5260,28820,528,198172692,197647156,525536,0,97964,65340,2436,198134264,197687764,446500,64,26464,9268,2416
2026-08-30T20:14:35.403711,791008804,786247656,785095860,92,452064,2228644,16612,34359738367,493692,17020,7888,9132,108,196529156,193190308,3338848,20,322376,2125216,11232,198172692,197722428,450264,4,5260,28820,528,198172692,197647156,525536,0,97964,65340,2436,198134264,197687764,446500,68,26464,9268,2416
2026-08-30T20:14:36.408452,791008804,786244456,785092660,100,451340,2228644,16124,34359738367,494188,17020,7888,9132,108,196529156,193187100,3342056,28,321652,2125216,10744,198172692,197722436,450256,4,5260,28820,528,198172692,197647156,525536,0,97964,65340,2436,198134264,197687764,446500,68,26464,9268,2416
2026-08-30T20:14:37.410462,791008804,786245808,785094012,100,452108,2228644,16612,34359738367,493228,17020,7888,9132,108,196529156,193188444,3340712,28,322420,2125216,11232,198172692,197722444,450248,4,5260,28820,528,198172692,197647156,525536,0,97964,65340,2436,198134264,197687764,446500,68,26464,9268,2416
2026-08-30T20:14:38.411773,791008804,786248328,785096532,108,452056,2228644,16612,34359738367,493692,17020,7888,9132,108,196529156,193190964,3338192,28,322368,2125216,11232,198172692,197722444,450248,4,5260,28820,528,198172692,197647156,525536,0,97964,65340,2436,198134264,197687764,446500,76,26464,9268,2416
2026-08-30T20:14:39.416469,791008804,786244284,785092488,108,451312,2228644,16528,34359738367,494188,17020,7888,9132,108,196529156,193186912,3342244,28,321624,2125216,11148,198172692,197722444,450248,4,5260,28820,528,198172692,197647164,525528,0,97964,65340,2436,198134264,197687764,446500,76,26464,9268,2416
2026-08-30T20:14:40.418572,791008804,786243844,785092048,108,452108,2228644,16612,34359738367,493356,17020,7888,9132,108,196529156,193186456,3342700,28,322420,2125216,11232,198172692,197722456,450236,4,5260,28820,528,198172692,197647168,525524,0,97964,65340,2436,198134264,197687764,446500,76,26464,9268,2416
2026-08-30T20:14:41.419724,791008804,786238216,785086420,112,452060,2228644,16612,34359738367,493708,17020,7888,9132,108,196529156,193180820,3348336,28,322372,2125216,11232,198172692,197722464,450228,4,5260,28820,528,198172692,197647168,525524,0,97964,65340,2436,198134264,197687764,446500,80,26464,9268,2416
2026-08-30T20:14:42.424500,791008804,786234580,785082832,120,451304,2228644,16544,34359738367,494188,17020,7888,9132,108,196529156,193177184,3351972,36,321616,2125216,11164,198172692,197722464,450228,4,5260,28820,528,198172692,197647168,525524,0,97964,65340,2436,198134264,197687764,446500,80,26464,9268,2416
2026-08-30T20:14:43.426559,791008804,786234800,785083052,120,452108,2228644,16612,34359738367,493372,17020,7888,9132,108,196529156,193177404,3351752,36,322420,2125216,11232,198172692,197722464,450228,4,5260,28820,528,198172692,197647168,525524,0,97964,65340,2436,198134264,197687764,446500,80,26464,9268,2416
2026-08-30T20:14:44.427913,791008804,786229484,785077736,120,452052,2228644,16612,34359738367,493692,17020,7888,9132,108,196529156,193172088,3357068,36,322364,2125216,11232,198172692,197722464,450228,4,5260,28820,528,198172692,197647168,525524,0,97964,65340,2436,198134264,197687764,446500,80,26464,9268,2416
2026-08-30T20:14:45.432486,791008804,786240196,785088448,124,451400,2228644,16532,34359738367,494188,17020,7888,9132,108,196529156,193182780,3346376,36,321712,2125216,11152,198172692,197722484,450208,4,5260,28820,528,198172692,197647168,525524,0,97964,65340,2436,198134264,197687764,446500,84,26464,9268,2416
2026-08-30T20:14:46.434585,791008804,786235932,785084184,124,451532,2228644,16612,34359738367,493308,17020,7888,9132,108,196529156,193178516,3350640,36,321844,2125216,11232,198172692,197722484,450208,4,5260,28820,528,198172692,197647168,525524,0,97964,65340,2436,198134264,197687764,446500,84,26464,9268,2416
2026-08-30T20:14:47.435901,791008804,786232636,785080888,132,451480,2228644,16612,34359738367,493724,17020,7888,9132,108,196529156,193175200,3353956,36,321792,2125216,11232,198172692,197722504,450188,4,5260,28820,528,198172692,197647168,525524,0,97964,65340,2436,198134264,197687764,446500,92,26464,9268,2416
2026-08-30T20:14:48.437541,791008804,786293068,785142356,136,390720,208592,12072,34359738367,492188,17020,7888,9132,108,196529156,193235632,3293524,36,261032,105164,6692,198172692,197722504,450188,4,5260,28820,528,198172692,197647168,525524,0,97964,65340,2436,198134264,197687764,446500,96,26464,9268,2416
2026-08-30T20:14:49.438531,791008804,788529376,786155776,592,216796,158812,10384,34359738367,490124,17020,7888,9132,108,196529156,195528144,1001012,12,58504,50848,4804,198172692,197698164,474528,0,14036,30332,580,198172692,197635232,537460,0,109036,66852,2540,198134264,197667836,466428,580,35220,10780,2460
2026-08-30T20:14:50.439792,791008804,788408600,786065876,608,251488,184424,11128,34359738367,492108,17020,7888,9132,108,196529156,195503356,1025800,16,67220,57276,5012,198172692,197667724,504968,0,22820,36632,792,198172692,197601660,571032,4,117560,73328,2636,198134264,197635860,498404,588,43888,17188,2688
2026-08-30T20:14:51.440674,791008804,788321496,786001608,612,293608,204520,11316,34359738367,492108,17020,7888,9132,108,196529156,195484792,1044364,16,77760,61828,5060,198172692,197645472,527220,0,33296,41724,856,198172692,197578152,594540,4,128048,78516,2684,198134264,197613080,521184,592,54504,22452,2716
2026-08-30T20:14:52.441843,791008804,787331288,785120176,648,444052,492288,13524,34359738367,494252,17020,7888,9132,108,196529156,195337172,1191984,4,121992,132292,5592,198172692,197474976,697716,0,63408,116764,1360,198172692,197431712,740980,0,168356,149576,3264,198134264,197086416,1047848,644,90296,93656,3308
2026-08-30T20:14:53.445688,791008804,787125468,785000404,656,451876,669116,14320,34359738367,494780,17020,7888,9132,108,196529156,195292324,1236832,4,122480,175752,5796,198172692,197423660,749032,0,65948,159708,1508,198172692,197371308,801384,0,170768,195708,3464,198134264,197038176,1096088,652,92680,137948,3552
2026-08-30T20:14:54.448466,791008804,787092808,784974352,656,453124,680844,14340,34359738367,494284,17020,7888,9132,108,196529156,195286072,1243084,4,122704,178136,5756,198172692,197414768,757924,0,66120,163620,1528,198172692,197361716,810976,0,171048,198708,3500,198134264,197030252,1104012,652,93252,140380,3556
2026-08-30T20:14:55.452468,791008804,787095260,784976808,660,454036,680844,14188,34359738367,494124,17020,7888,9132,108,196529156,195287068,1242088,4,122856,178136,5736,198172692,197416644,756048,0,66324,163620,1484,198172692,197361156,811536,0,171288,198708,3448,198134264,197030392,1103872,656,93568,140380,3520
2026-08-30T20:14:56.456456,791008804,787113664,784995216,672,454228,680844,14080,34359738367,494124,17020,7888,9132,108,196529156,195291104,1238052,16,122936,178136,5708,198172692,197420928,751764,0,66344,163620,1464,198172692,197366196,806496,0,171312,198708,3424,198134264,197035436,1098828,656,93636,140380,3484
2026-08-30T20:14:57.460459,791008804,787162048,785043612,672,454536,680844,14080,34359738367,493676,17020,7888,9132,108,196529156,195302696,1226460,16,123016,178136,5708,198172692,197433024,739668,0,66448,163620,1464,198172692,197379544,793148,0,171380,198708,3424,198134264,197046784,1087480,656,93692,140380,3484
2026-08-30T20:14:58.464459,791008804,787191084,785072648,688,454872,680844,14080,34359738367,493676,17020,7888,9132,108,196529156,195309248,1219908,16,123084,178136,5708,198172692,197440604,732088,4,66516,163620,1464,198172692,197385820,786872,4,171476,198708,3424,198134264,197055412,1078852,664,93796,140380,3484
2026-08-30T20:14:59.468470,791008804,787212088,785093652,692,455200,680844,14080,34359738367,493660,17020,7888,9132,108,196529156,195315092,1214064,16,123184,178136,5708,198172692,197444888,727804,4,66612,163620,1464,198172692,197391640,781052,4,171536,198708,3424,198134264,197060468,1073796,668,93868,140380,3484
2026-08-30T20:15:00.472459,791008804,787266544,785148120,704,455364,680844,14080,34359738367,493660,17020,7888,9132,108,196529156,195326608,1202548,16,123232,178136,5708,198172692,197457388,715304,4,66560,163620,1464,198172692,197402308,770384,4,171632,198708,3424,198134264,197080240,1054024,680,93940,140380,3484
2026-08-30T20:15:01.476460,791008804,787301128,785182704,704,455688,680844,14080,34359738367,493660,17020,7888,9132,108,196529156,195332208,1196948,16,123320,178136,5708,198172692,197463832,708860,4,66628,163620,1464,198172692,197408028,764664,4,171708,198708,3424,198134264,197097060,1037204,680,94032,140380,3484
2026-08-30T20:15:02.480456,791008804,787327472,785210276,1988,455964,680844,14032,34359738367,493660,17020,7888,9132,108,196529156,195335060,1194096,292,123376,178136,5660,198172692,197468476,704216,4,66700,163620,1464,198172692,197415828,756864,4,171776,198708,3424,198134264,197108108,1026156,1688,94112,140380,3484
2026-08-30T20:15:03.483012,791008804,787355400,785238348,1988,456180,680844,14080,34359738367,493660,17020,7888,9132,108,196529156,195340820,1188336,292,123456,178136,5708,198172692,197473576,699116,4,66748,163620,1464,198172692,197420460,752232,4,171836,198708,3424,198134264,197120544,1013720,1688,94140,140380,3484
2026-08-30T20:15:04.485496,791008804,787396724,785279672,2008,456284,680844,14080,34359738367,493660,17020,7888,9132,108,196529156,195343536,1185620,308,123472,178136,5708,198172692,197476548,696144,4,66780,163620,1464,198172692,197421512,751180,4,171860,198708,3424,198134264,197155128,979136,1692,94172,140380,3484
2026-08-30T20:15:05.488454,791008804,787262468,785145480,2016,492540,680880,14704,34359738367,495484,17020,7888,9132,108,196529156,195300840,1228316,308,135048,178144,5888,198172692,197439668,733024,4,74256,163632,1600,198172692,197380800,791892,4,181332,198716,3584,198134264,197141160,993104,1700,101904,140388,3632
2026-08-30T20:15:06.492450,791008804,787190184,785073208,2016,495464,680880,14944,34359738367,493980,17020,7888,9132,108,196529156,195285304,1243852,308,135712,178144,5968,198172692,197420940,751752,4,74944,163632,1672,198172692,197361804,810888,4,182008,198716,3636,198134264,197122136,1012128,1700,102800,140388,3668
2026-08-30T20:15:07.496467,791008804,787183044,785066068,2016,496768,680880,14676,34359738367,493692,17020,7888,9132,108,196529156,195283624,1245532,308,136036,178144,5892,198172692,197419456,753236,4,75296,163632,1604,198172692,197360096,812596,4,182344,198716,3572,198134264,197119868,1014396,1700,103092,140388,3608
2026-08-30T20:15:08.500471,791008804,787193936,785076960,2020,497200,680880,14676,34359738367,493692,17020,7888,9132,108,196529156,195286404,1242752,308,136132,178144,5904,198172692,197421720,750972,4,75400,163632,1612,198172692,197363408,809284,4,182444,198716,3560,198134264,197122404,1011860,1704,103224,140388,3600
2026-08-30T20:15:09.504450,791008804,787254728,785137756,2028,497692,680880,14676,34359738367,493308,17020,7888,9132,108,196529156,195301040,1228116,316,136256,178144,5904,198172692,197438968,733724,4,75528,163632,1612,198172692,197376408,796284,4,182584,198716,3560,198134264,197138312,995952,1704,103324,140388,3600
2026-08-30T20:15:10.508455,791008804,787276852,785159880,2028,498120,680880,14676,34359738367,493308,17020,7888,9132,108,196529156,195305040,1224116,316,136356,178144,5904,198172692,197446208,726484,4,75624,163632,1612,198172692,197380944,791748,4,182696,198716,3560,198134264,197144660,989604,1704,103444,140388,3600
2026-08-30T20:15:11.512471,791008804,787306332,785189360,2028,498644,680880,14676,34359738367,493308,17020,7888,9132,108,196529156,195308620,1220536,316,136500,178144,5904,198172692,197449560,723132,4,75752,163632,1612,198172692,197384380,788312,4,182788,198716,3560,198134264,197163772,970492,1704,103604,140388,3600
2026-08-30T20:15:12.516458,791008804,787362628,785245664,2040,499148,680880,14676,34359738367,493308,17020,7888,9132,108,196529156,195320180,1208976,316,136636,178144,5904,198172692,197462548,710144,4,75884,163632,1612,198172692,197395788,776904,4,182936,198716,3560,198134264,197184112,950152,1716,103692,140388,3600
2026-08-30T20:15:13.520473,791008804,787381480,785264524,2040,499620,680880,14676,34359738367,493308,17020,7888,9132,108,196529156,195322604,1206552,316,136736,178144,5904,198172692,197467376,705316,4,75996,163632,1612,198172692,197399508,773184,4,183060,198716,3560,198134264,197191992,942272,1716,103828,140388,3600
2026-08-30T20:15:14.524465,791008804,787408700,785291744,2040,500176,680880,14676,34359738367,493308,17020,7888,9132,108,196529156,195322604,1206552,316,136868,178144,5904,198172692,197470036,702656,4,76160,163632,1612,198172692,197400908,771784,4,183180,198716,3560,198134264,197215152,919112,1716,103968,140388,3600
2026-08-30T20:15:15.528462,791008804,787459436,785342480,2044,500604,680880,14676,34359738367,493308,17020,7888,9132,108,196529156,195328712,1200444,316,136980,178144,5904,198172692,197475936,696756,4,76256,163632,1612,198172692,197410820,761872,4,183308,198716,3560,198134264,197243968,890296,1720,104060,140388,3600
2026-08-30T20:15:16.530814,791008804,787485404,785368448,2052,500860,680880,14676,34359738367,493308,17020,7888,9132,108,196529156,195334840,1194316,324,137052,178144,5904,198172692,197483232,689460,4,76300,163632,1612,198172692,197417788,754904,4,183364,198716,3560,198134264,197249544,884720,1720,104144,140388,3600
2026-08-30T20:15:17.531928,791008804,787407760,785290804,2056,512408,680880,14676,34359738367,497468,17020,7888,9132,108,196529156,195308412,1220744,324,139920,178144,5904,198172692,197468884,703808,4,79204,163632,1612,198172692,197388744,783948,4,186320,198716,3560,198134264,197241720,892544,1724,106964,140388,3600
2026-08-30T20:15:18.536450,791008804,787290892,785173968,2060,511248,680884,14752,34359738367,494028,17020,7888,9132,108,196529156,195278124,1251032,324,139708,178148,5944,198172692,197439680,733012,4,78948,163632,1616,198172692,197357576,815116,4,185888,198716,3556,198134264,197215512,918752,1728,106704,140388,3636
2026-08-30T20:15:19.538731,791008804,787272760,785155840,2060,510728,680884,14736,34359738367,493676,17020,7888,9132,108,196529156,195270912,1258244,324,139532,178148,5924,198172692,197436840,735852,4,78752,163632,1620,198172692,197355100,817592,4,185792,198716,3584,198134264,197209908,924356,1728,106652,140388,3608
2026-08-30T20:15:20.544457,791008804,787276196,785159276,2060,511016,680884,14700,34359738367,493676,17020,7888,9132,108,196529156,195271416,1257740,324,139616,178148,5904,198172692,197437756,734936,4,78840,163632,1616,198172692,197356612,816080,4,185892,198716,3568,198134264,197210412,923852,1728,106668,140388,3612
2026-08-30T20:15:21.546785,791008804,787324128,785207208,2064,511016,680884,14700,34359738367,493356,17020,7888,9132,108,196529156,195283896,1245260,324,139616,178148,5904,198172692,197446632,726060,4,78840,163632,1616,198172692,197369556,803136,4,185892,198716,3568,198134264,197224044,910220,1732,106668,140388,3612
2026-08-30T20:15:22.552472,791008804,787371440,785254520,524,511016,680884,14700,34359738367,493356,17020,7888,9132,108,196529156,195295776,1233380,324,139616,178148,5904,198172692,197461072,711620,4,78840,163632,1616,198172692,197379728,792964,4,185892,198716,3568,198134264,197234864,899400,192,106668,140388,3612
2026-08-30T20:15:23.554844,791008804,787403500,785286584,64,511016,680884,14700,34359738367,493356,17020,7888,9132,108,196529156,195300024,1229132,44,139616,178148,5904,198172692,197464992,707700,0,78840,163632,1616,198172692,197384772,787920,0,185892,198716,3568,198134264,197253712,880552,20,106668,140388,3612
2026-08-30T20:15:24.560454,791008804,787447364,785330448,76,511016,680884,14700,34359738367,493356,17020,7888,9132,108,196529156,195309652,1219504,44,139616,178148,5904,198172692,197471156,701536,0,78840,163632,1616,198172692,197394476,778216,0,185892,198716,3568,198134264,197272080,862184,32,106668,140388,3612
2026-08-30T20:15:25.562752,791008804,787489964,785373048,120,511016,680884,14700,34359738367,493356,17020,7888,9132,108,196529156,195319400,1209756,52,139616,178148,5904,198172692,197482592,690100,4,78840,163632,1616,198172692,197405280,767412,0,185892,198716,3568,198134264,197282692,851572,64,106668,140388,3612
2026-08-30T20:15:26.568459,791008804,787531040,785414124,120,511016,680884,14700,34359738367,493356,17020,7888,9132,108,196529156,195324504,1204652,52,139616,178148,5904,198172692,197486776,685916,4,78840,163632,1616,198172692,197411448,761244,0,185892,198716,3568,198134264,197308312,825952,64,106668,140388,3612
2026-08-30T20:15:27.570891,791008804,787569636,785452720,120,511016,680884,14700,34359738367,493356,17020,7888,9132,108,196529156,195334340,1194816,52,139616,178148,5904,198172692,197490336,682356,4,78840,163632,1616,198172692,197419060,753632,0,185892,198716,3568,198134264,197326112,808152,64,106668,140388,3612
2026-08-30T20:15:28.573535,791008804,787591428,785474512,80,511016,680884,14700,34359738367,493356,17020,7888,9132,108,196529156,195338128,1191028,8,139616,178148,5904,198172692,197496088,676604,4,78840,163632,1616,198172692,197424200,748492,0,185892,198716,3568,198134264,197333012,801252,68,106668,140388,3612
2026-08-30T20:15:29.575001,791008804,787602200,785485284,92,513032,680884,14700,34359738367,493356,17020,7888,9132,108,196529156,195337196,1191960,20,140120,178148,5904,198172692,197492588,680104,4,79344,163632,1616,198172692,197425540,747152,0,186396,198716,3568,198134264,197346876,787388,68,107172,140388,3612
2026-08-30T20:15:30.576510,791008804,787448716,785331824,108,512200,680884,15156,34359738367,493884,17020,7888,9132,108,196529156,195299112,1230044,20,139976,178148,6012,198172692,197459200,713492,4,79120,163632,1708,198172692,197379004,793688,0,186192,198716,3692,198134264,197311400,822864,84,106912,140388,3744
2026-08-30T20:15:31.580477,791008804,787420968,785304076,108,511144,680884,15048,34359738367,493820,17020,7888,9132,108,196529156,195291076,1238080,20,139624,178148,5992,198172692,197455224,717468,4,78908,163632,1712,198172692,197371000,801692,0,185876,198716,3660,198134264,197303668,830596,84,106736,140388,3684
2026-08-30T20:15:32.584462,791008804,787419392,785302500,108,511860,680884,14704,34359738367,493772,17020,7888,9132,108,196529156,195290152,1239004,20,139832,178148,5908,198172692,197453732,718960,4,79056,163632,1612,198172692,197370460,802232,0,186096,198716,3576,198134264,197305048,829216,84,106876,140388,3608
2026-08-30T20:15:33.588472,791008804,787462320,785345432,108,511860,680884,14704,34359738367,493772,17020,7888,9132,108,196529156,195299972,1229184,20,139832,178148,5908,198172692,197464552,708140,4,79056,163632,1612,198172692,197382612,790080,0,186096,198716,3576,198134264,197315184,819080,84,106876,140388,3608
2026-08-30T20:15:34.592462,791008804,787498964,785382076,84,511860,680884,14704,34359738367,493276,17020,7888,9132,108,196529156,195309728,1219428,20,139832,178148,5908,198172692,197474908,697784,4,79056,163632,1612,198172692,197390820,781872,0,186096,198716,3576,198134264,197323508,810756,60,106876,140388,3608
2026-08-30T20:15:35.596470,791008804,787521704,785404816,84,511860,680884,14704,34359738367,493276,17020,7888,9132,108,196529156,195315508,1213648,20,139832,178148,5908,198172692,197480840,691852,4,79056,163632,1612,198172692,197394096,778596,0,186096,198716,3576,198134264,197331260,803004,60,106876,140388,3608
2026-08-30T20:15:36.600457,791008804,787574532,785457644,96,511860,680884,14704,34359738367,493276,17020,7888,9132,108,196529156,195326036,1203120,28,139832,178148,5908,198172692,197494440,678252,4,79056,163632,1612,198172692,197405904,766788,0,186096,198716,3576,198134264,197348152,786112,64,106876,140388,3608
2026-08-30T20:15:37.604469,791008804,787603876,785486988,100,511860,680884,14704,34359738367,493276,17020,7888,9132,108,196529156,195334152,1195004,28,139832,178148,5908,198172692,197501800,670892,4,79056,163632,1612,198172692,197413172,759520,0,186096,198716,3576,198134264,197354752,779512,68,106876,140388,3608
2026-08-30T20:15:38.608469,791008804,787633800,785516912,112,511860,680884,14704,34359738367,493276,17020,7888,9132,108,196529156,195337592,1191564,28,139832,178148,5908,198172692,197506928,665764,4,79056,163632,1612,198172692,197415912,756780,0,186096,198716,3576,198134264,197373368,760896,80,106876,140388,3608
2026-08-30T20:15:39.612462,791008804,787667920,785551032,112,511860,680884,14704,34359738367,493276,17020,7888,9132,108,196529156,195343652,1185504,28,139832,178148,5908,198172692,197511224,661468,4,79056,163632,1612,198172692,197421412,751280,0,186096,198716,3576,198134264,197391632,742632,80,106876,140388,3608
2026-08-30T20:15:40.614793,791008804,787684116,785567228,112,511860,680884,14704,34359738367,493276,17020,7888,9132,108,196529156,195346920,1182236,28,139832,178148,5908,198172692,197514492,658200,4,79056,163632,1612,198172692,197424512,748180,0,186096,198716,3576,198134264,197398192,736072,80,106876,140388,3608
2026-08-30T20:15:41.617198,791008804,787692904,785576016,116,511860,680884,14704,34359738367,493276,17020,7888,9132,108,196529156,195348788,1180368,28,139832,178148,5908,198172692,197515112,657580,4,79056,163632,1612,198172692,197425304,747388,0,186096,198716,3576,198134264,197403700,730564,84,106876,140388,3608
2026-08-30T20:15:42.618385,791008804,787524704,785407816,116,512852,680884,15020,34359738367,495324,17020,7888,9132,108,196529156,195320916,1208240,28,140108,178148,6000,198172692,197464676,708016,4,79292,163632,1688,198172692,197376648,796044,0,186308,198716,3644,198134264,197362464,771800,84,107144,140388,3688
2026-08-30T20:15:43.624443,791008804,787447052,785330192,124,513440,680884,15292,34359738367,493852,17020,7888,9132,108,196529156,195300648,1228508,36,140180,178148,6068,198172692,197445684,727008,4,79464,163632,1728,198172692,197358084,814608,0,186536,198716,3700,198134264,197342636,791628,84,107260,140388,3796
2026-08-30T20:15:44.626965,791008804,787424468,785307612,132,513264,680884,14728,34359738367,493772,17020,7888,9132,108,196529156,195295644,1233512,36,140208,178148,5904,198172692,197438724,733968,4,79424,163632,1612,198172692,197352268,820424,0,186420,198716,3588,198134264,197337832,796432,92,107200,140388,3616
2026-08-30T20:15:45.632468,791008804,787439656,785322800,132,513128,680884,14700,34359738367,493772,17020,7888,9132,108,196529156,195299248,1229908,36,140160,178148,5908,198172692,197442236,730456,4,79372,163632,1600,198172692,197356340,816352,0,186408,198716,3568,198134264,197341832,792432,92,107188,140388,3624
2026-08-30T20:15:46.634843,791008804,787490224,785373368,132,513128,680884,14700,34359738367,493292,17020,7888,9132,108,196529156,195312520,1216636,36,140160,178148,5908,198172692,197454080,718612,4,79372,163632,1600,198172692,197368688,804004,0,186408,198716,3568,198134264,197354936,779328,92,107188,140388,3624
2026-08-30T20:15:47.640468,791008804,787528788,785411936,136,513128,680884,14700,34359738367,493292,17020,7888,9132,108,196529156,195322340,1206816,36,140160,178148,5908,198172692,197464492,708200,4,79372,163632,1600,198172692,197378356,794336,0,186408,198716,3568,198134264,197363600,770664,96,107188,140388,3624
2026-08-30T20:15:48.642892,791008804,787555052,785438200,136,513128,680884,14700,34359738367,493292,17020,7888,9132,108,196529156,195326812,1202344,36,140160,178148,5908,198172692,197470864,701828,4,79372,163632,1600,198172692,197384680,788012,0,186408,198716,3568,198134264,197372696,761568,96,107188,140388,3624
2026-08-30T20:15:49.648470,791008804,787595944,785479092,144,513128,680884,14700,34359738367,493292,17020,7888,9132,108,196529156,195336820,1192336,44,140160,178148,5908,198172692,197480644,692048,4,79372,163632,1600,198172692,197394792,777900,0,186408,198716,3568,198134264,197383688,750576,96,107188,140388,3624
2026-08-30T20:15:50.650872,791008804,787629628,785512776,148,513128,680884,14700,34359738367,493292,17020,7888,9132,108,196529156,195344704,1184452,44,140160,178148,5908,198172692,197489876,682816,4,79372,163632,1600,198172692,197403668,769024,0,186408,198716,3568,198134264,197391380,742884,100,107188,140388,3624
2026-08-30T20:15:51.656479,791008804,787647988,785531136,156,513128,680884,14700,34359738367,493292,17020,7888,9132,108,196529156,195346764,1182392,44,140160,178148,5908,198172692,197494016,678676,4,79372,163632,1600,198172692,197407364,765328,0,186408,198716,3568,198134264,197399844,734420,108,107188,140388,3624
2026-08-30T20:15:52.659040,791008804,787667864,785551012,156,513128,680884,14700,34359738367,493292,17020,7888,9132,108,196529156,195351372,1177784,44,140160,178148,5908,198172692,197498224,674468,4,79372,163632,1600,198172692,197411268,761424,0,186408,198716,3568,198134264,197407212,727052,108,107188,140388,3624
2026-08-30T20:15:53.661622,791008804,787685556,785568708,156,513128,680884,14700,34359738367,493292,17020,7888,9132,108,196529156,195354720,1174436,44,140160,178148,5908,198172692,197501912,670780,4,79372,163632,1600,198172692,197414560,758132,0,186408,198716,3568,198134264,197414364,719900,108,107188,140388,3624
2026-08-30T20:15:54.662669,791008804,787687440,785570604,160,513128,680884,14700,34359738367,493292,17020,7888,9132,108,196529156,195352620,1176536,44,140160,178148,5908,198172692,197501668,671024,4,79372,163632,1600,198172692,197414828,757864,0,186408,198716,3568,198134264,197418324,715940,112,107188,140388,3624
2026-08-30T20:15:55.663892,791008804,787527260,785410424,112,512048,680884,15244,34359738367,494668,17020,7888,9132,108,196529156,195321056,1208100,44,139844,178148,6076,198172692,197455876,716816,4,79116,163632,1744,198172692,197370228,802464,0,186084,198716,3688,198134264,197380100,754164,64,107004,140388,3736
2026-08-30T20:15:56.668471,791008804,787491032,785374196,76,512696,680884,14824,34359738367,494284,17020,7888,9132,108,196529156,195311776,1217380,44,140144,178148,5948,198172692,197446784,725908,0,79224,163632,1632,198172692,197362272,810420,0,186256,198716,3588,198134264,197370200,764064,32,107072,140388,3656
2026-08-30T20:15:57.672462,791008804,787485308,785368472,80,512924,680884,14708,34359738367,494284,17020,7888,9132,108,196529156,195310856,1218300,44,140120,178148,5912,198172692,197445020,727672,0,79320,163632,1616,198172692,197360840,811852,0,186352,198716,3572,198134264,197368592,765672,36,107132,140388,3608
2026-08-30T20:15:58.676462,791008804,787515844,785399012,112,512924,680884,14708,34359738367,493772,17020,7888,9132,108,196529156,195318504,1210652,52,140120,178148,5912,198172692,197453944,718748,4,79320,163632,1616,198172692,197368248,804444,0,186352,198716,3572,198134264,197375148,759116,56,107132,140388,3608
2026-08-30T20:15:59.680461,791008804,787565604,785448772,112,512924,680884,14708,34359738367,493772,17020,7888,9132,108,196529156,195331400,1197756,52,140120,178148,5912,198172692,197466308,706384,4,79320,163632,1616,198172692,197379332,793360,0,186352,198716,3572,198134264,197388564,745700,56,107132,140388,3608
2026-08-30T20:16:00.684468,791008804,787580788,785463956,72,512924,680884,14708,34359738367,493772,17020,7888,9132,108,196529156,195334928,1194228,8,140120,178148,5912,198172692,197468828,703864,4,79320,163632,1616,198172692,197384644,788048,0,186352,198716,3572,198134264,197392388,741876,60,107132,140388,3608
2026-08-30T20:16:01.688496,791008804,787606428,785489596,72,512924,680884,14708,34359738367,493772,17020,7888,9132,108,196529156,195342672,1186484,8,140120,178148,5912,198172692,197476292,696400,4,79320,163632,1616,198172692,197389812,782880,0,186352,198716,3572,198134264,197397652,736612,60,107132,140388,3608
2026-08-30T20:16:02.692458,791008804,787648924,785532092,72,512924,680884,14708,34359738367,493772,17020,7888,9132,108,196529156,195352940,1176216,8,140120,178148,5912,198172692,197487340,685352,4,79320,163632,1616,198172692,197399412,773280,0,186352,198716,3572,198134264,197409232,725032,60,107132,140388,3608
2026-08-30T20:16:03.700476,791008804,787661836,785545012,96,512924,680884,14708,34359738367,493772,17020,7888,9132,108,196529156,195356492,1172664,20,140120,178148,5912,198172692,197488676,684016,4,79320,163632,1616,198172692,197403904,768788,0,186352,198716,3572,198134264,197412764,721500,72,107132,140388,3608
2026-08-30T20:16:04.702883,791008804,787675316,785558504,104,512924,680884,14708,34359738367,493772,17020,7888,9132,108,196529156,195358696,1170460,20,140120,178148,5912,198172692,197492908,679784,4,79320,163632,1616,198172692,197406144,766548,0,186352,198716,3572,198134264,197417568,716696,80,107132,140388,3608
2026-08-30T20:16:05.705503,791008804,787693148,785576336,104,512924,680884,14708,34359738367,493772,17020,7888,9132,108,196529156,195362332,1166824,20,140120,178148,5912,198172692,197497908,674784,4,79320,163632,1616,198172692,197409772,762920,0,186352,198716,3572,198134264,197423136,711128,80,107132,140388,3608
2026-08-30T20:16:06.706877,791008804,787643732,785526920,108,514156,680884,14720,34359738367,493772,17020,7888,9132,108,196529156,195356452,1172704,20,140428,178148,5908,198172692,197482568,690124,4,79628,163632,1620,198172692,197395916,776776,0,186660,198716,3584,198134264,197408796,725468,84,107440,140388,3608
2026-08-30T20:16:07.708318,791008804,787493020,785376208,108,513812,680884,15336,34359738367,494988,17020,7888,9132,108,196529156,195328392,1200764,20,140428,178148,6052,198172692,197439844,732848,4,79532,163632,1768,198172692,197354284,818408,0,186516,198716,3748,198134264,197370500,763764,84,107336,140388,3768
2026-08-30T20:16:08.712451,791008804,787452372,785335572,112,514540,680884,15064,34359738367,494204,17020,7888,9132,108,196529156,195317636,1211520,20,140532,178148,6008,198172692,197430312,742380,4,79744,163632,1700,198172692,197345500,827192,0,186768,198716,3648,198134264,197358924,775340,88,107496,140388,3708
2026-08-30T20:16:09.716452,791008804,787450992,785334192,96,514172,680884,14704,34359738367,493852,17020,7888,9132,108,196529156,195316728,1212428,28,140440,178148,5912,198172692,197429756,742936,4,79632,163632,1620,198172692,197345052,827640,0,186660,198716,3564,198134264,197359456,774808,64,107440,140388,3608
2026-08-30T20:16:10.720482,791008804,787485336,785368536,96,514176,680884,14704,34359738367,493852,17020,7888,9132,108,196529156,195322768,1206388,28,140444,178148,5912,198172692,197439128,733564,4,79632,163632,1620,198172692,197353892,818800,0,186660,198716,3564,198134264,197369548,764716,64,107440,140388,3608
2026-08-30T20:16:11.724458,791008804,787538676,785421876,100,514176,680884,14704,34359738367,493484,17020,7888,9132,108,196529156,195336268,1192888,28,140444,178148,5912,198172692,197451696,720996,4,79632,163632,1620,198172692,197367348,805344,0,186660,198716,3564,198134264,197383364,750900,68,107440,140388,3608
2026-08-30T20:16:12.728460,791008804,787561840,785445040,100,514176,680884,14704,34359738367,493484,17020,7888,9132,108,196529156,195342532,1186624,28,140444,178148,5912,198172692,197458116,714576,4,79632,163632,1620,198172692,197373400,799292,0,186660,198716,3564,198134264,197387792,746472,68,107440,140388,3608
2026-08-30T20:16:13.732457,791008804,787594432,785477632,104,514176,680884,14704,34359738367,493484,17020,7888,9132,108,196529156,195347272,1181884,28,140444,178148,5912,198172692,197465772,706920,4,79632,163632,1620,198172692,197380456,792236,0,186660,198716,3564,198134264,197400932,733332,72,107440,140388,3608
2026-08-30T20:16:14.736457,791008804,787640816,785524028,108,514176,680884,14704,34359738367,493484,17020,7888,9132,108,196529156,195359148,1170008,28,140444,178148,5912,198172692,197477116,695576,4,79632,163632,1620,198172692,197392060,780632,0,186660,198716,3564,198134264,197412492,721772,76,107440,140388,3608
2026-08-30T20:16:15.740466,791008804,787655768,785538980,120,514176,680884,14704,34359738367,493484,17020,7888,9132,108,196529156,195364132,1165024,28,140444,178148,5912,198172692,197480624,692068,4,79632,163632,1620,198172692,197395936,776756,0,186660,198716,3564,198134264,197415076,719188,88,107440,140388,3608
2026-08-30T20:16:16.744455,791008804,787668388,785551600,128,514176,680884,14704,34359738367,493484,17020,7888,9132,108,196529156,195364912,1164244,36,140444,178148,5912,198172692,197484652,688040,4,79632,163632,1620,198172692,197398944,773748,0,186660,198716,3564,198134264,197419880,714384,88,107440,140388,3608
2026-08-30T20:16:17.746887,791008804,787688852,785572064,132,514176,680884,14704,34359738367,493484,17020,7888,9132,108,196529156,195369520,1159636,36,140444,178148,5912,198172692,197490320,682372,4,79632,163632,1620,198172692,197404312,768380,0,186660,198716,3564,198134264,197424700,709564,92,107440,140388,3608
2026-08-30T20:16:18.749155,791008804,787697172,785580384,132,514176,680884,14704,34359738367,493484,17020,7888,9132,108,196529156,195371100,1158056,36,140444,178148,5912,198172692,197491732,680960,4,79632,163632,1620,198172692,197406548,766144,0,186660,198716,3564,198134264,197427792,706472,92,107440,140388,3608
2026-08-30T20:16:19.750203,791008804,787511684,785394900,132,514480,680884,15132,34359738367,494924,17020,7888,9132,108,196529156,195333496,1195660,36,140516,178148,6008,198172692,197437816,734876,4,79728,163632,1728,198172692,197358692,814000,0,186772,198716,3692,198134264,197381680,752584,92,107464,140388,3704
2026-08-30T20:16:20.756454,791008804,787450156,785333376,132,512788,680884,15032,34359738367,494268,17020,7888,9132,108,196529156,195320596,1208560,36,140008,178148,6008,198172692,197423056,749636,4,79316,163632,1728,198172692,197342072,830620,0,186260,198716,3628,198134264,197364432,769832,92,107204,140388,3668
2026-08-30T20:16:21.758770,791008804,787434360,785317588,136,513880,680884,14708,34359738367,494060,17020,7888,9132,108,196529156,195316560,1212596,36,140372,178148,5912,198172692,197418884,753808,4,79568,163632,1608,198172692,197339384,833308,0,186568,198716,3564,198134264,197359532,774732,96,107372,140388,3624
2026-08-30T20:16:22.764461,791008804,787454292,785337520,140,513988,680884,14708,34359738367,494060,17020,7888,9132,108,196529156,195320004,1209152,36,140400,178148,5912,198172692,197424744,747948,4,79588,163632,1608,198172692,197344448,828244,0,186612,198716,3564,198134264,197365096,769168,100,107388,140388,3624
2026-08-30T20:16:23.766691,791008804,787513368,785396596,152,513988,680884,14708,34359738367,493628,17020,7888,9132,108,196529156,195333784,1195372,44,140400,178148,5912,198172692,197438324,734368,4,79588,163632,1608,198172692,197361196,811496,0,186612,198716,3564,198134264,197380064,754200,104,107388,140388,3624
2026-08-30T20:16:24.772463,791008804,787548084,785431320,152,513988,680884,14708,34359738367,493628,17020,7888,9132,108,196529156,195343700,1185456,44,140400,178148,5912,198172692,197447600,725092,4,79588,163632,1608,198172692,197368456,804236,0,186612,198716,3564,198134264,197388328,745936,104,107388,140388,3624
2026-08-30T20:16:25.774927,791008804,787562828,785446064,152,513988,680884,14708,34359738367,493628,17020,7888,9132,108,196529156,195345340,1183816,44,140400,178148,5912,198172692,197452068,720624,4,79588,163632,1608,198172692,197372444,800248,0,186612,198716,3564,198134264,197392976,741288,104,107388,140388,3624
2026-08-30T20:16:26.780465,791008804,787609432,785492668,156,513988,680884,14708,34359738367,493628,17020,7888,9132,108,196529156,195355320,1173836,44,140400,178148,5912,198172692,197462688,710004,4,79588,163632,1608,198172692,197385244,787448,0,186612,198716,3564,198134264,197406180,728084,108,107388,140388,3624
2026-08-30T20:16:27.782865,791008804,787644864,785528100,156,513988,680884,14708,34359738367,493628,17020,7888,9132,108,196529156,195365272,1163884,44,140400,178148,5912,198172692,197471576,701116,4,79588,163632,1608,198172692,197392436,780256,0,186612,198716,3564,198134264,197415580,718684,108,107388,140388,3624
2026-08-30T20:16:28.788477,791008804,787652932,785536168,108,513988,680884,14708,34359738367,493628,17020,7888,9132,108,196529156,195366240,1162916,36,140400,178148,5912,198172692,197474268,698424,0,79588,163632,1608,198172692,197394568,778124,0,186612,198716,3564,198134264,197417856,716408,72,107388,140388,3624
2026-08-30T20:16:29.790909,791008804,787669668,785552904,124,513988,680884,14708,34359738367,493628,17020,7888,9132,108,196529156,195369536,1159620,44,140400,178148,5912,198172692,197478384,694308,0,79588,163632,1608,198172692,197399316,773376,0,186612,198716,3564,198134264,197422432,711832,80,107388,140388,3624
2026-08-30T20:16:30.793542,791008804,787682376,785565612,72,513988,680884,14708,34359738367,493628,17020,7888,9132,108,196529156,195373508,1155648,44,140400,178148,5912,198172692,197480812,691880,0,79588,163632,1608,198172692,197402408,770284,0,186612,198716,3564,198134264,197425648,708616,28,107388,140388,3624
2026-08-30T20:16:31.794609,791008804,788526296,786145048,684,201944,152128,11748,34359738367,490076,17020,7888,9132,108,196529156,195580864,948292,52,56420,48848,5260,198172692,197682484,490208,4,14188,28904,1048,198172692,197628656,544036,0,100220,65392,2948,198134264,197634292,499972,628,31116,8984,2492
2026-08-30T20:16:32.796065,791008804,788418788,786064464,596,241488,175476,10884,34359738367,492060,17020,7888,9132,108,196529156,195556096,973060,4,66284,54756,4936,198172692,197655816,516876,0,23896,34644,724,198172692,197601644,571048,0,110424,71044,2604,198134264,197605232,529032,592,40884,15032,2620
2026-08-30T20:16:33.797173,791008804,788329080,785999524,596,275716,197588,11320,34359738367,492060,17020,7888,9132,108,196529156,195534368,994788,4,74860,60128,4992,198172692,197632856,539836,0,32408,40224,896,198172692,197578136,594556,0,118972,76632,2660,198134264,197583720,550544,592,49476,20604,2772
2026-08-30T20:16:34.798020,791008804,788110664,785837064,44,304016,362548,12356,34359738367,494556,17020,7888,9132,108,196529156,195481984,1047172,20,81584,103244,5272,198172692,197571852,600840,8,39128,82764,1148,198172692,197531448,641244,0,125504,116456,2904,198134264,197524868,609396,16,57800,61240,3032
2026-08-30T20:16:35.807163,791008804,787657856,785591600,424,305092,780572,13696,34359738367,494540,17020,7888,9132,108,196529156,195365992,1163164,4,82076,206368,5608,198172692,197459400,713292,0,39544,184356,1488,198172692,197417504,755188,0,125588,223076,3184,198134264,197414960,719304,420,57884,166772,3416
2026-08-30T20:16:36.808590,791008804,787222636,785371116,424,305116,1212056,14420,34359738367,494460,17020,7888,9132,108,196529156,195258004,1271152,4,82088,315248,5832,198172692,197350824,821868,0,39552,291144,1672,198172692,197307680,865012,0,125588,329324,3324,198134264,197306128,828136,420,57888,276340,3592
2026-08-30T20:16:37.810000,791008804,786852232,785199440,436,305116,1609580,15284,34359738367,494140,17020,7888,9132,108,196529156,195167936,1361220,16,82088,413288,6020,198172692,197257068,915624,0,39552,391960,1860,198172692,197211840,960852,0,125588,430504,3608,198134264,197215388,918876,420,57888,373828,3796
2026-08-30T20:16:38.811215,791008804,786417268,785073676,440,305096,2031556,16176,34359738367,494444,17020,7888,9132,108,196529156,195062648,1466508,16,82080,519572,6212,198172692,197145740,1026952,0,39552,498880,2124,198172692,197100620,1072072,0,125576,536264,3828,198134264,197108260,1026004,424,57888,476840,4012
2026-08-30T20:16:39.812479,791008804,785959468,785071900,440,305152,2485680,17000,34359738367,494316,17020,7888,9132,108,196529156,194947008,1582148,16,82104,636416,6396,198172692,197031912,1140780,0,39564,608572,2336,198172692,196988748,1183944,0,125592,650060,4040,198134264,196991800,1142464,424,57892,590632,4228
2026-08-30T20:16:40.813587,791008804,785626740,785068928,448,305176,2817748,17692,34359738367,494348,17020,7888,9132,108,196529156,194859760,1669396,16,82108,719264,6564,198172692,196949612,1223080,0,39572,692484,2488,198172692,196905768,1266924,0,125596,732436,4220,198134264,196911600,1222664,432,57900,673564,4420
2026-08-30T20:16:41.814635,791008804,785268224,785072796,468,305184,3182432,18440,34359738367,494268,17020,7888,9132,108,196529156,194770072,1759084,16,82120,812060,6744,198172692,196860252,1312440,4,39568,782840,2700,198172692,196817076,1355616,4,125600,822376,4440,198134264,196820824,1313440,444,57896,765156,4556
2026-08-30T20:16:42.815682,791008804,784940956,785076824,472,305032,3515424,19096,34359738367,494156,17020,7888,9132,108,196529156,194684804,1844352,16,82108,896700,6896,198172692,196780024,1392668,4,39568,865600,2884,198172692,196736984,1435708,4,125596,905420,4596,198134264,196739144,1395120,448,57760,848220,4720
2026-08-30T20:16:43.816786,791008804,784651876,785072292,472,304984,3799768,19524,34359738367,494556,17020,7888,9132,108,196529156,194610576,1918580,16,82104,968544,7000,198172692,196708860,1463832,4,39544,935780,2988,198172692,196663956,1508736,4,125580,977700,4720,198134264,196668484,1465780,448,57756,917744,4816
2026-08-30T20:16:44.817778,791008804,784488620,785052292,480,305760,3943756,20096,34359738367,494684,17020,7888,9132,108,196529156,194568664,1960492,24,82152,1004384,7136,198172692,196671180,1501512,4,39616,971840,3144,198172692,196624860,1547832,4,125712,1013432,4852,198134264,196623916,1510348,448,58280,954100,4964
2026-08-30T20:16:45.818859,791008804,784446912,785020452,488,306244,3951968,20356,34359738367,494028,17020,7888,9132,108,196529156,194557828,1971328,24,82348,1006048,7196,198172692,196662668,1510024,4,39660,974092,3200,198172692,196614068,1558624,4,125844,1015144,4928,198134264,196612348,1521916,456,58392,956684,5032
2026-08-30T20:16:46.819927,791008804,784408940,784996476,488,307504,3965860,20152,34359738367,493676,17020,7888,9132,108,196529156,194548720,1980436,24,82812,1009520,7140,198172692,196653128,1519564,4,39900,977432,3160,198172692,196603948,1568744,4,126204,1018708,4876,198134264,196603144,1531120,456,58588,960200,4976
2026-08-30T20:16:47.821067,791008804,784407652,784996276,488,308244,3966884,20160,34359738367,493580,17020,7888,9132,108,196529156,194546508,1982648,24,82980,1009908,7140,198172692,196652160,1520532,4,40160,977600,3148,198172692,196605840,1566852,4,126424,1019132,4888,198134264,196603144,1531120,456,58680,960244,4984
2026-08-30T20:16:48.822606,791008804,784424080,785012740,496,308180,3966884,20224,34359738367,493692,17020,7888,9132,108,196529156,194552084,1977072,24,82936,1009908,7164,198172692,196656256,1516436,4,40032,977600,3176,198172692,196608772,1563920,4,126488,1019132,4892,198134264,196607472,1526792,464,58732,960244,4992
2026-08-30T20:16:49.826076,791008804,784429892,785018592,496,308900,3966884,20108,34359738367,493356,17020,7888,9132,108,196529156,194555428,1973728,24,83116,1009908,7140,198172692,196657636,1515056,4,40220,977600,3156,198172692,196609584,1563108,4,126684,1019132,4864,198134264,196607244,1527020,464,58880,960244,4948
2026-08-30T20:16:50.827296,791008804,784434860,785023596,504,309520,3966884,20160,34359738367,493372,17020,7888,9132,108,196529156,194557256,1971900,32,83272,1009908,7156,198172692,196659464,1513228,4,40360,977600,3160,198172692,196609864,1562828,4,126884,1019132,4872,198134264,196608276,1525988,464,59004,960244,4972
2026-08-30T20:16:51.828721,791008804,784454888,785043656,508,309404,3966884,20160,34359738367,493372,17020,7888,9132,108,196529156,194560992,1968164,32,83212,1009908,7156,198172692,196663936,1508756,4,40340,977600,3156,198172692,196615328,1557364,4,126868,1019132,4868,198134264,196614632,1519632,468,58984,960244,4980
2026-08-30T20:16:52.829748,791008804,784452364,785041288,508,312868,3966920,20464,34359738367,494476,17020,7888,9132,108,196529156,194561604,1967552,32,84096,1009916,7244,198172692,196666448,1506244,4,41168,977608,3224,198172692,196612292,1560400,4,127700,1019140,4932,198134264,196612020,1522244,468,59904,960256,5064
2026-08-30T20:16:53.831506,791008804,784432432,785021372,508,313616,3966920,20264,34359738367,493468,17020,7888,9132,108,196529156,194555396,1973760,32,84340,1009916,7168,198172692,196664872,1507820,4,41300,977608,3188,198172692,196605036,1567656,4,127828,1019140,4908,198134264,196607128,1527136,468,60148,960256,5000
2026-08-30T20:16:54.834783,791008804,784404768,784993708,520,314156,3966920,20488,34359738367,493068,17020,7888,9132,108,196529156,194541212,1987944,32,94728,1009916,7220,198172692,196656364,1516328,4,39336,977608,3208,198172692,196599948,1572744,4,123852,1019140,4936,198134264,196607460,1526804,480,56264,960256,5048
2026-08-30T20:16:55.838334,791008804,784404280,784993244,520,314456,3966920,20404,34359738367,493068,17020,7888,9132,108,196529156,194541828,1987328,32,94852,1009916,7220,198172692,196654928,1517764,4,39392,977608,3224,198172692,196600452,1572240,4,123896,1019140,4932,198134264,196607072,1527192,480,56316,960256,5028
2026-08-30T20:16:56.842207,791008804,784413952,785002916,520,314820,3966920,20272,34359738367,493356,17020,7888,9132,108,196529156,194543864,1985292,32,94976,1009916,7160,198172692,196657428,1515264,4,39472,977608,3184,198172692,196604504,1568188,4,123964,1019140,4920,198134264,196608156,1526108,480,56408,960256,5008
2026-08-30T20:16:57.845644,791008804,784423868,785012832,528,314764,3966920,20292,34359738367,493340,17020,7888,9132,108,196529156,194547212,1981944,40,94996,1009916,7188,198172692,196661196,1511496,4,39404,977608,3196,198172692,196607124,1565568,4,123908,1019140,4904,198134264,196608336,1525928,480,56456,960256,5004
2026-08-30T20:16:58.847047,791008804,784430740,785019704,532,315056,3966920,20200,34359738367,492892,17020,7888,9132,108,196529156,194550604,1978552,40,95076,1009916,7156,198172692,196660084,1512608,4,39460,977608,3172,198172692,196610580,1562112,4,123936,1019140,4884,198134264,196609472,1524792,484,56584,960256,4988
2026-08-30T20:16:59.848728,791008804,784439292,785028256,532,315276,3966920,20160,34359738367,492892,17020,7888,9132,108,196529156,194549512,1979644,40,95164,1009916,7144,198172692,196663436,1509256,4,39508,977608,3160,198172692,196614512,1558180,4,124000,1019140,4876,198134264,196611832,1522432,484,56604,960256,4980
2026-08-30T20:17:00.850009,791008804,784463492,785052456,532,315284,3966920,20160,34359738367,492892,17020,7888,9132,108,196529156,194553620,1975536,40,95164,1009916,7144,198172692,196669804,1502888,4,39512,977608,3160,198172692,196622136,1550556,4,124000,1019140,4876,198134264,196617932,1516332,484,56608,960256,4980
2026-08-30T20:17:01.851271,791008804,784474536,785064552,1064,317616,3966920,20384,34359738367,494252,17020,7888,9132,108,196529156,194557976,1971180,40,95788,1009916,7192,198172692,196673372,1499320,4,40096,977608,3204,198172692,196622220,1550472,4,124552,1019140,4976,198134264,196620968,1513296,1016,57180,960256,5012
2026-08-30T20:17:02.852351,791008804,784444116,785035456,1780,317276,3966928,20228,34359738367,493820,17020,7888,9132,108,196529156,194548596,1980560,316,95660,1009924,7152,198172692,196668556,1504136,4,40000,977608,3212,198172692,196610336,1562356,8,124528,1019140,4908,198134264,196616628,1517636,1452,57088,960256,4956
2026-08-30T20:17:03.853434,791008804,784424600,785016136,1780,317332,3966928,20168,34359738367,492972,17020,7888,9132,108,196529156,194545336,1983820,316,95676,1009924,7164,198172692,196662868,1509824,4,40008,977608,3160,198172692,196606392,1566300,8,124508,1019140,4864,198134264,196610004,1524260,1452,57140,960256,4980
2026-08-30T20:17:04.854493,791008804,784408828,785000376,1788,318104,3966928,20204,34359738367,493004,17020,7888,9132,108,196529156,194535284,1993872,324,106480,1009924,7160,198172692,196658184,1514508,4,38004,977608,3184,198172692,196607500,1565192,8,120500,1019140,4884,198134264,196607860,1526404,1452,53120,960256,4976
2026-08-30T20:17:05.855710,791008804,784431708,785023272,88,317752,3966928,20168,34359738367,493116,17020,7888,9132,108,196529156,194542032,1987124,44,106012,1009924,7160,198172692,196660216,1512476,0,38072,977608,3160,198172692,196615908,1556784,0,120560,1019140,4872,198134264,196613552,1520712,44,53108,960256,4976
2026-08-30T20:17:06.857744,791008804,784436580,785028148,124,317284,3966928,20168,34359738367,493244,17020,7888,9132,108,196529156,194539128,1990028,68,105912,1009924,7168,198172692,196662864,1509828,4,37960,977608,3160,198172692,196619148,1553544,0,120372,1019140,4856,198134264,196615440,1518824,52,53040,960256,4984
2026-08-30T20:17:07.860160,791008804,784434888,785026480,132,317620,3966928,20244,34359738367,492924,17020,7888,9132,108,196529156,194538484,1990672,68,105984,1009924,7188,198172692,196663208,1509484,4,38048,977608,3164,198172692,196616320,1556372,0,120488,1019140,4892,198134264,196616876,1517388,60,53100,960256,5000
2026-08-30T20:17:08.863372,791008804,784457548,785049140,144,317536,3966928,20168,34359738367,492764,17020,7888,9132,108,196529156,194543400,1985756,68,105968,1009924,7152,198172692,196667848,1504844,8,38032,977608,3164,198172692,196621808,1550884,4,120460,1019140,4872,198134264,196624492,1509772,64,53076,960256,4980
2026-08-30T20:17:09.866474,791008804,784482564,785074156,144,317536,3966928,20168,34359738367,492764,17020,7888,9132,108,196529156,194548808,1980348,68,105968,1009924,7152,198172692,196676124,1496568,8,38032,977608,3164,198172692,196626160,1546532,4,120460,1019140,4872,198134264,196631472,1502792,64,53076,960256,4980
2026-08-30T20:17:10.867471,791008804,784486108,785077700,144,317404,3966928,20272,34359738367,494412,17020,7888,9132,108,196529156,194549412,1979744,68,105924,1009924,7176,198172692,196680528,1492164,8,38004,977608,3168,198172692,196627208,1545484,4,120424,1019140,4912,198134264,196628984,1505280,64,53076,960256,5016
2026-08-30T20:17:11.868992,791008804,784454640,785046232,116,317572,3966928,20184,34359738367,493548,17020,7888,9132,108,196529156,194541784,1987372,28,105968,1009924,7156,198172692,196674564,1498128,16,38032,977608,3168,198172692,196618752,1553940,4,120472,1019140,4872,198134264,196619540,1514724,68,53100,960256,4988
2026-08-30T20:17:12.872127,791008804,784439812,785031420,128,317560,3966928,20168,34359738367,493212,17020,7888,9132,108,196529156,194540472,1988684,28,105964,1009924,7152,198172692,196669352,1503340,16,38060,977608,3152,198172692,196613400,1559292,4,120460,1019140,4888,198134264,196616588,1517676,80,53076,960256,4976
2026-08-30T20:17:13.875695,791008804,784436568,785028192,128,317432,3966928,20292,34359738367,493196,17020,7888,9132,108,196529156,194541532,1987624,28,105916,1009924,7188,198172692,196667272,1505420,16,37984,977608,3212,198172692,196612800,1559892,4,120428,1019140,4932,198134264,196615944,1518320,80,53056,960256,5044
2026-08-30T20:17:14.877335,791008804,784454512,785046140,132,317160,3966928,20176,34359738367,493292,17020,7888,9132,108,196529156,194547488,1981668,28,105888,1009924,7140,198172692,196671000,1501692,16,37912,977608,3164,198172692,196615384,1557308,4,120372,1019140,4896,198134264,196620640,1513624,84,52988,960256,4976
2026-08-30T20:17:15.878785,791008804,784452852,785044496,136,317500,3966928,20280,34359738367,493436,17020,7888,9132,108,196529156,194541312,1987844,28,111584,1009924,7164,198172692,196674280,1498412,16,37484,977608,3184,198172692,196615496,1557196,4,117892,1019140,4924,198134264,196621764,1512500,88,50540,960256,5008
2026-08-30T20:17:16.880276,791008804,784453568,785045212,108,317240,3966928,20292,34359738367,493868,17020,7888,9132,108,196529156,194538884,1990272,28,111524,1009924,7180,198172692,196673584,1499108,16,37388,977608,3172,198172692,196617576,1555116,4,117816,1019140,4924,198134264,196623524,1510740,60,50512,960256,5016
2026-08-30T20:17:17.881604,791008804,784465184,785056828,108,317696,3966928,20168,34359738367,493244,17020,7888,9132,108,196529156,194540172,1988984,28,111624,1009924,7148,198172692,196677608,1495084,16,37548,977608,3148,198172692,196621460,1551232,4,117948,1019140,4880,198134264,196625944,1508320,60,50576,960256,4992
2026-08-30T20:17:18.882648,791008804,784491836,785083480,124,317664,3966928,20168,34359738367,493244,17020,7888,9132,108,196529156,194546444,1982712,36,111616,1009924,7148,198172692,196684176,1488516,16,37532,977608,3156,198172692,196629252,1543440,4,117936,1019140,4880,198134264,196631964,1502300,68,50580,960256,4984
2026-08-30T20:17:19.883672,791008804,784501912,785093572,136,318768,3966928,20280,34359738367,494220,17020,7888,9132,108,196529156,194549640,1979516,36,111912,1009924,7172,198172692,196686252,1486440,16,37796,977608,3192,198172692,196631256,1541436,4,118232,1019140,4912,198134264,196634764,1499500,80,50828,960256,5004
2026-08-30T20:17:20.884823,791008804,784476652,785068312,136,318124,3966928,20384,34359738367,493820,17020,7888,9132,108,196529156,194541216,1987940,36,111732,1009924,7204,198172692,196676240,1496452,16,37620,977608,3208,198172692,196628168,1544524,4,118036,1019140,4932,198134264,196631028,1503236,80,50736,960256,5040
2026-08-30T20:17:21.887780,791008804,784454032,785045692,140,318168,3966928,20224,34359738367,493388,17020,7888,9132,108,196529156,194535000,1994156,36,111740,1009924,7156,198172692,196670212,1502480,16,37640,977608,3184,198172692,196621888,1550804,4,118028,1019140,4892,198134264,196626932,1507332,84,50760,960256,4992
2026-08-30T20:17:22.891353,791008804,784442700,785034376,140,318236,3966928,20168,34359738367,493164,17020,7888,9132,108,196529156,194532620,1996536,36,111764,1009924,7152,198172692,196670196,1502496,16,37652,977608,3164,198172692,196617048,1555644,4,118060,1019140,4864,198134264,196622836,1511428,84,50760,960256,4988
2026-08-30T20:17:23.894871,791008804,784462104,785053780,140,318724,3966928,20168,34359738367,493004,17020,7888,9132,108,196529156,194537632,1991524,36,111888,1009924,7152,198172692,196679100,1493592,16,37828,977608,3152,198172692,196619500,1553192,4,118220,1019140,4876,198134264,196626376,1507888,84,50856,960256,4988
2026-08-30T20:17:24.898259,791008804,784471816,785063492,152,318656,3966928,20168,34359738367,493676,17020,7888,9132,108,196529156,194540028,1989128,44,111852,1009924,7136,198172692,196682912,1489780,16,37784,977608,3164,198172692,196623680,1549012,4,118196,1019140,4892,198134264,196625196,1509068,88,50824,960256,4976
2026-08-30T20:17:25.901596,791008804,784457692,785049392,152,318260,3966928,20124,34359738367,493596,17020,7888,9132,108,196529156,194531400,1997756,44,116372,1009924,7140,198172692,196679404,1493288,16,36132,977608,3148,198172692,196623972,1548720,4,116528,1019140,4864,198134264,196622916,1511348,88,49228,960256,4972
2026-08-30T20:17:26.904732,791008804,784474744,785066444,152,318672,3966928,20168,34359738367,493036,17020,7888,9132,108,196529156,194536212,1992944,44,116476,1009924,7152,198172692,196682900,1489792,16,36248,977608,3160,198172692,196628960,1543732,4,116652,1019140,4872,198134264,196626672,1507592,88,49296,960256,4984
2026-08-30T20:17:27.905812,791008804,784501384,785093084,156,318672,3966928,20168,34359738367,493036,17020,7888,9132,108,196529156,194542416,1986740,44,116476,1009924,7152,198172692,196689568,1483124,16,36248,977608,3160,198172692,196636796,1535896,4,116652,1019140,4872,198134264,196632604,1501660,92,49296,960256,4984
2026-08-30T20:17:28.906944,791008804,784505180,785096880,160,319664,3966928,20168,34359738367,494428,17020,7888,9132,108,196529156,194544012,1985144,44,116716,1009924,7140,198172692,196689108,1483584,16,36528,977608,3148,198172692,196636436,1536256,4,116884,1019140,4900,198134264,196635624,1498640,96,49536,960256,4980
2026-08-30T20:17:29.907957,791008804,784471188,785062896,160,319428,3966928,20328,34359738367,493596,17020,7888,9132,108,196529156,194539152,1990004,44,116580,1009924,7188,198172692,196680568,1492124,16,36388,977608,3200,198172692,196623636,1549056,4,116776,1019140,4928,198134264,196626348,1507916,96,49484,960256,5012
2026-08-30T20:17:30.909763,791008804,784443788,785035496,160,319192,3966928,20280,34359738367,493388,17020,7888,9132,108,196529156,194530052,1999104,44,116600,1009924,7184,198172692,196676500,1496192,16,36348,977608,3164,198172692,196617336,1555356,4,116772,1019140,4904,198134264,196619900,1514364,96,49472,960256,5028
2026-08-30T20:17:31.913255,791008804,784446096,785037808,172,319480,3966928,20048,34359738367,492572,17020,7888,9132,108,196529156,194528632,2000524,52,116724,1009924,7104,198172692,196676828,1495864,16,36432,977608,3132,198172692,196618140,1554552,4,116856,1019140,4860,198134264,196622496,1511768,100,49468,960256,4952
2026-08-30T20:17:32.916521,791008804,784469404,785061124,180,319448,3966928,20112,34359738367,492956,17020,7888,9132,108,196529156,194532556,1996600,52,116668,1009924,7144,198172692,196682144,1490548,16,36472,977608,3152,198172692,196625068,1547624,4,116836,1019140,4864,198134264,196629636,1504628,108,49472,960256,4952
2026-08-30T20:17:33.919797,791008804,784479416,785071136,180,319456,3966928,20168,34359738367,493276,17020,7888,9132,108,196529156,194536212,1992944,52,116680,1009924,7140,198172692,196680588,1492104,16,36452,977608,3156,198172692,196628548,1544144,4,116840,1019140,4884,198134264,196634068,1500196,108,49484,960256,4988
2026-08-30T20:17:34.922906,791008804,784476884,785068604,184,319204,3966928,20236,34359738367,492956,17020,7888,9132,108,196529156,194535524,1993632,52,116576,1009924,7176,198172692,196679880,1492812,16,36384,977608,3172,198172692,196629396,1543296,4,116752,1019140,4896,198134264,196632084,1502180,112,49492,960256,4992
2026-08-30T20:17:35.925617,791008804,784491644,785083376,184,325372,3966928,20168,34359738367,492956,17020,7888,9132,108,196529156,194535440,1993716,52,122516,1009924,7156,198172692,196684768,1487924,16,36468,977608,3156,198172692,196636612,1536080,4,116872,1019140,4876,198134264,196634824,1499440,112,49516,960256,4980
2026-08-30T20:17:36.926712,791008804,784519472,785111220,132,325372,3966928,20168,34359738367,492956,17020,7888,9132,108,196529156,194543724,1985432,52,122516,1009924,7156,198172692,196690620,1482072,16,36468,977608,3156,198172692,196642768,1529924,4,116872,1019140,4876,198134264,196642360,1491904,60,49516,960256,4980
2026-08-30T20:17:37.927961,791008804,784516528,785108276,72,325352,3966928,20392,34359738367,494396,17020,7888,9132,108,196529156,194544568,1984588,28,122500,1009924,7200,198172692,196690368,1482324,12,36460,977608,3200,198172692,196637908,1534784,4,116892,1019140,4944,198134264,196643684,1490580,28,49500,960256,5048
2026-08-30T20:17:38.932476,791008804,784480164,785071912,76,324688,3966928,20168,34359738367,493740,17020,7888,9132,108,196529156,194536736,1992420,36,122320,1009924,7152,198172692,196679064,1493628,8,36252,977608,3156,198172692,196626068,1546624,0,116652,1019140,4872,198134264,196638296,1495968,32,49464,960256,4988
2026-08-30T20:17:39.935524,791008804,784462700,785054448,80,325040,3966928,20336,34359738367,493004,17020,7888,9132,108,196529156,194534776,1994380,36,122432,1009924,7188,198172692,196674776,1497916,8,36368,977608,3188,198172692,196620912,1551780,0,116788,1019140,4932,198134264,196632236,1502028,36,49452,960256,5028
2026-08-30T20:17:40.937063,791008804,784454996,785046752,112,325296,3966928,20280,34359738367,492700,17020,7888,9132,108,196529156,194530960,1998196,44,122520,1009924,7172,198172692,196673716,1498976,12,36440,977608,3192,198172692,196622236,1550456,0,116832,1019140,4912,198134264,196628084,1506180,56,49504,960256,5004
2026-08-30T20:17:41.940579,791008804,784470688,785062448,72,325088,3966928,20168,34359738367,492860,17020,7888,9132,108,196529156,194534180,1994976,8,122468,1009924,7148,198172692,196677292,1495400,4,36396,977608,3156,198172692,196629572,1543120,0,116764,1019140,4876,198134264,196629644,1504620,60,49460,960256,4988
2026-08-30T20:17:42.943829,791008804,784484488,785076248,72,325420,3966928,20168,34359738367,493244,17020,7888,9132,108,196529156,194536224,1992932,8,122532,1009924,7144,198172692,196681896,1490796,4,36476,977608,3164,198172692,196632948,1539744,0,116900,1019140,4880,198134264,196633420,1500844,60,49512,960256,4980
2026-08-30T20:17:43.944977,791008804,784481140,785072900,72,325576,3966928,20168,34359738367,492796,17020,7888,9132,108,196529156,194534620,1994536,8,122584,1009924,7156,198172692,196683580,1489112,4,36520,977608,3160,198172692,196630296,1542396,0,116912,1019140,4868,198134264,196632644,1501620,60,49560,960256,4984
2026-08-30T20:17:44.946031,791008804,784500892,785092652,76,325372,3966928,20168,34359738367,492796,17020,7888,9132,108,196529156,194540540,1988616,8,122516,1009924,7144,198172692,196689760,1482932,4,36468,977608,3156,198172692,196634144,1538548,0,116872,1019140,4884,198134264,196636448,1497816,64,49516,960256,4984
2026-08-30T20:17:45.947083,791008804,784527960,785119736,104,325372,3966928,20168,34359738367,492796,17020,7888,9132,108,196529156,194546452,1982704,20,122516,1009924,7144,198172692,196695252,1477440,4,36468,977608,3156,198172692,196642272,1530420,0,116872,1019140,4884,198134264,196643984,1490280,80,49516,960256,4984
2026-08-30T20:17:46.948141,791008804,784541428,785133248,104,325252,3966928,20168,34359738367,495004,17020,7888,9132,108,196529156,194553364,1975792,20,122488,1009924,7144,198172692,196697800,1474892,4,36416,977608,3152,198172692,196644972,1527720,0,116840,1019140,4888,198134264,196645292,1488972,80,49508,960256,4984
2026-08-30T20:17:47.949569,791008804,784502588,785094408,108,324984,3966928,20392,34359738367,493660,17020,7888,9132,108,196529156,194549172,1979984,20,122400,1009924,7196,198172692,196687344,1485348,4,36360,977608,3224,198172692,196631136,1541556,0,116756,1019140,4968,198134264,196634936,1499328,84,49468,960256,5004
2026-08-30T20:17:48.950955,791008804,784474448,785066268,108,325356,3966928,20288,34359738367,493324,17020,7888,9132,108,196529156,194541160,1987996,20,122476,1009924,7180,198172692,196682244,1490448,4,36464,977608,3196,198172692,196623592,1549100,0,116884,1019140,4908,198134264,196626220,1508044,84,49524,960256,5004
2026-08-30T20:17:49.954707,791008804,784463624,785055448,108,324872,3966928,20224,34359738367,493292,17020,7888,9132,108,196529156,194536716,1992440,20,122400,1009924,7156,198172692,196677216,1495476,4,36352,977608,3168,198172692,196622448,1550244,0,116720,1019140,4900,198134264,196627244,1507020,84,49400,960256,5000
2026-08-30T20:17:50.958234,791008804,784480108,785071932,108,325064,3966928,20168,34359738367,493148,17020,7888,9132,108,196529156,194538224,1990932,20,122468,1009924,7144,198172692,196682248,1490444,4,36372,977608,3172,198172692,196626172,1546520,0,116780,1019140,4876,198134264,196633464,1500800,84,49444,960256,4976
2026-08-30T20:17:51.961734,791008804,784495076,785086904,88,325068,3966928,20092,34359738367,493052,17020,7888,9132,108,196529156,194542204,1986952,20,122456,1009924,7112,198172692,196683480,1489212,4,36392,977608,3140,198172692,196630928,1541764,0,116800,1019140,4880,198134264,196638464,1495800,64,49420,960256,4960
2026-08-30T20:17:52.964954,791008804,784494136,785085964,100,325496,3966928,20216,34359738367,493868,17020,7888,9132,108,196529156,194543988,1985168,28,122584,1009924,7160,198172692,196684804,1487888,4,36508,977608,3184,198172692,196631740,1540952,0,116908,1019140,4892,198134264,196633604,1500660,68,49496,960256,4980
2026-08-30T20:17:53.966420,791008804,784498368,785090196,100,325364,3966928,20168,34359738367,492908,17020,7888,9132,108,196529156,194543036,1986120,28,122512,1009924,7156,198172692,196686576,1486116,4,36468,977608,3160,198172692,196633604,1539088,0,116868,1019140,4872,198134264,196635152,1499112,68,49516,960256,4980
2026-08-30T20:17:54.968074,791008804,784522960,785114788,104,325372,3966928,20168,34359738367,492908,17020,7888,9132,108,196529156,194549596,1979560,28,122516,1009924,7156,198172692,196692712,1479980,4,36468,977608,3160,198172692,196639760,1532932,0,116872,1019140,4872,198134264,196641676,1492588,72,49516,960256,4980
2026-08-30T20:17:55.969157,791008804,784534688,785126516,104,325404,3966928,20184,34359738367,494140,17020,7888,9132,108,196529156,194552628,1976528,28,122544,1009924,7172,198172692,196697248,1475444,4,36464,977608,3156,198172692,196642836,1529856,0,116880,1019140,4852,198134264,196641976,1492288,72,49516,960256,5004
2026-08-30T20:17:56.970208,791008804,784522200,785114052,108,324884,3966928,20284,34359738367,493628,17020,7888,9132,108,196529156,194548032,1981124,28,122356,1009924,7188,198172692,196699260,1473432,4,36316,977608,3208,198172692,196637464,1535228,0,116764,1019140,4900,198134264,196637444,1496820,76,49448,960256,4988
2026-08-30T20:17:57.971379,791008804,784499624,785091476,112,325664,3966928,20272,34359738367,493100,17020,7888,9132,108,196529156,194542056,1987100,28,122584,1009924,7164,198172692,196693700,1478992,4,36508,977608,3192,198172692,196631244,1541448,0,116936,1019140,4908,198134264,196631868,1502396,80,49536,960256,5008
2026-08-30T20:17:58.973543,791008804,784491404,785083268,132,325004,3966928,20148,34359738367,493180,17020,7888,9132,108,196529156,194543220,1985936,36,122424,1009924,7140,198172692,196689440,1483252,4,36368,977608,3152,198172692,196629476,1543216,0,116748,1019140,4880,198134264,196629268,1504996,92,49464,960256,4976
2026-08-30T20:17:59.975670,791008804,784505580,785097444,132,325516,3966928,20228,34359738367,493420,17020,7888,9132,108,196529156,194547804,1981352,36,122580,1009924,7168,198172692,196690060,1482632,4,36496,977608,3196,198172692,196634188,1538504,0,116908,1019140,4884,198134264,196633528,1500736,92,49532,960256,4980
2026-08-30T20:18:00.976946,791008804,784504188,785096060,132,325264,3966928,20172,34359738367,493708,17020,7888,9132,108,196529156,194545456,1983700,36,122484,1009924,7152,198172692,196690200,1482492,4,36436,977608,3168,198172692,196633772,1538920,0,116848,1019140,4872,198134264,196634760,1499504,92,49496,960256,4980
2026-08-30T20:18:01.979707,791008804,784501764,785093648,136,325128,3966928,20228,34359738367,493836,17020,7888,9132,108,196529156,194542496,1986660,36,122468,1009924,7160,198172692,196690160,1482532,4,36408,977608,3172,198172692,196632508,1540184,0,116772,1019140,4900,198134264,196636600,1497664,96,49480,960256,4996
2026-08-30T20:18:02.982924,791008804,784507256,785099140,136,325428,3966928,20172,34359738367,493228,17020,7888,9132,108,196529156,194542228,1986928,36,122540,1009924,7152,198172692,196690016,1482676,4,36484,977608,3168,198172692,196635356,1537336,0,116888,1019140,4872,198134264,196639656,1494608,96,49516,960256,4980
2026-08-30T20:18:03.985910,791008804,784529196,785121080,136,325376,3966928,20172,34359738367,493228,17020,7888,9132,108,196529156,194548392,1980764,36,122520,1009924,7148,198172692,196696128,1476564,4,36468,977608,3164,198172692,196640180,1532512,0,116872,1019140,4880,198134264,196644496,1489768,96,49516,960256,4980
2026-08-30T20:18:04.987628,791008804,784543016,785134904,140,325216,3966928,20356,34359738367,494444,17020,7888,9132,108,196529156,194550188,1978968,36,122520,1009924,7180,198172692,196699796,1472896,4,36392,977608,3204,198172692,196646904,1525788,0,116824,1019140,4932,198134264,196646128,1488136,100,49480,960256,5040
2026-08-30T20:18:05.992481,791008804,784515024,785106932,152,325196,3966928,20224,34359738367,493820,17020,7888,9132,108,196529156,194542432,1986724,44,122484,1009924,7156,198172692,196687836,1484856,4,36432,977608,3208,198172692,196642932,1529760,0,116772,1019140,4896,198134264,196641824,1492440,104,49508,960256,4964
2026-08-30T20:18:06.995684,791008804,784496524,785088432,112,325412,3966928,20392,34359738367,493564,17020,7888,9132,108,196529156,194538024,1991132,44,122572,1009924,7220,198172692,196683228,1489464,4,36468,977608,3208,198172692,196639364,1533328,0,116888,1019140,4924,198134264,196635908,1498356,64,49536,960256,5040
2026-08-30T20:18:07.999104,791008804,784489856,785081764,116,325312,3966928,20300,34359738367,492940,17020,7888,9132,108,196529156,194535324,1993832,44,122524,1009924,7180,198172692,196684004,1488688,4,36440,977608,3196,198172692,196638300,1534392,0,116844,1019140,4908,198134264,196632228,1502036,68,49504,960256,5016
2026-08-30T20:18:09.000798,791008804,784507252,785099160,120,325220,3966928,20288,34359738367,493452,17020,7888,9132,108,196529156,194539088,1990068,44,122484,1009924,7176,198172692,196691336,1481356,4,36420,977608,3196,198172692,196642432,1530260,0,116812,1019140,4912,198134264,196634396,1499868,72,49504,960256,5004
2026-08-30T20:18:10.004693,791008804,784511480,785103388,120,325140,3966928,20172,34359738367,493068,17020,7888,9132,108,196529156,194541788,1987368,44,122436,1009924,7152,198172692,196691188,1481504,4,36416,977608,3156,198172692,196642908,1529784,0,116808,1019140,4888,198134264,196635596,1498668,72,49480,960256,4976
2026-08-30T20:18:11.005831,791008804,784513076,785104984,128,325632,3966928,20404,34359738367,493100,17020,7888,9132,108,196529156,194543800,1985356,44,122564,1009924,7204,198172692,196689560,1483132,4,36560,977608,3228,198172692,196642980,1529712,0,116956,1019140,4932,198134264,196636736,1497528,80,49552,960256,5040
2026-08-30T20:18:12.006987,791008804,784531936,785123844,84,325380,3966928,20172,34359738367,492908,17020,7888,9132,108,196529156,194549108,1980048,36,122520,1009924,7148,198172692,196693668,1479024,0,36468,977608,3160,198172692,196647632,1525060,0,116872,1019140,4876,198134264,196641528,1492736,48,49520,960256,4988
2026-08-30T20:18:13.008018,791008804,784554564,785146472,80,325380,3966928,20172,34359738367,492908,17020,7888,9132,108,196529156,194554224,1974932,44,122520,1009924,7148,198172692,196699832,1472860,0,36468,977608,3160,198172692,196653260,1519432,0,116872,1019140,4876,198134264,196647248,1487016,36,49520,960256,4988
2026-08-30T20:18:14.009087,791008804,784586532,785178440,104,318828,209876,14124,34359738367,492908,17020,7888,9132,108,196529156,194559556,1969600,48,121512,63124,5636,198172692,196710096,1462596,0,35460,43084,1648,198172692,196661360,1511332,0,115864,79996,3364,198134264,196655520,1478744,56,45992,23672,3476
2026-08-30T20:18:15.010036,791008804,788448564,786078332,524,225552,161536,10480,34359738367,491004,17020,7888,9132,108,196529156,195559804,969352,0,66852,50984,4840,198172692,197664948,507744,0,14344,30816,616,198172692,197619524,553168,0,108984,67904,2528,198134264,197604288,529976,524,35372,11832,2496
2026-08-30T20:18:16.011683,791008804,788354484,786014524,660,263972,187556,11204,34359738367,492012,17020,7888,9132,108,196529156,195536636,992520,4,76428,57920,5064,198172692,197641580,531112,0,23868,37456,800,198172692,197595788,576904,0,118644,74084,2716,198134264,197580480,553784,656,45032,18096,2624
2026-08-30T20:18:17.013071,791008804,788284188,785966320,660,302716,204568,11356,34359738367,492012,17020,7888,9132,108,196529156,195517996,1011160,4,86156,62176,5100,198172692,197625572,547120,0,33536,41496,840,198172692,197578204,594488,0,128272,78180,2744,198134264,197562416,571848,656,54752,22716,2672
2026-08-30T20:18:18.013972,791008804,787997976,785787632,524,318224,346472,14384,34359738367,494092,17020,7888,9132,108,196529156,195441304,1087852,0,91308,97800,5804,198172692,197551732,620960,0,36412,77256,1632,198172692,197516648,656044,0,133140,113524,3560,198134264,197488292,645972,524,57364,57892,3388
2026-08-30T20:18:19.213532,791008804,787580416,785576940,664,319884,623036,15644,34359738367,494092,17020,7888,9132,108,196529156,195335144,1194012,4,91920,166400,6132,198172692,197447224,725468,0,36700,146288,1924,198172692,197415964,756728,0,133440,183380,3948,198134264,197382084,752180,660,57824,126968,3640
2026-08-30T20:18:20.214738,791008804,787239160,785408152,676,321900,914260,15660,34359738367,494092,17020,7888,9132,108,196529156,195246228,1282928,16,92336,239712,6132,198172692,197361452,811240,0,37280,218732,1928,198172692,197334356,838336,0,133952,255576,3952,198134264,197297124,837140,660,58332,200240,3648
2026-08-30T20:18:21.216058,791008804,786881948,785223128,680,327464,1358356,15660,34359738367,494092,17020,7888,9132,108,196529156,195156336,1372820,16,93736,350996,6132,198172692,197272152,900540,0,38640,329596,1928,198172692,197249180,923512,0,135348,366784,3952,198134264,197203776,930488,664,59740,310980,3648
2026-08-30T20:18:22.217189,791008804,786173140,784609720,680,567068,1782964,15832,34359738367,494092,17020,7888,9132,108,196529156,194982596,1546560,16,153524,457600,6164,198172692,197092800,1079892,0,98440,435160,1984,198172692,197061356,1111336,0,195140,472764,3988,198134264,197036388,1097876,664,119964,417440,3696
2026-08-30T20:18:23.218196,791008804,785864076,784473604,688,655532,1984924,16452,34359738367,494092,17020,7888,9132,108,196529156,194905496,1623660,16,175776,505492,6308,198172692,197022088,1150604,0,120744,485352,2160,198172692,196980004,1192688,0,217336,523736,4132,198134264,196956488,1177776,672,141676,470344,3852
2026-08-30T20:18:24.219487,791008804,785036040,783870376,712,742192,2213236,17396,34359738367,494092,17020,7888,9132,108,196529156,194809088,1720068,16,137084,563784,6504,198172692,196494120,1678572,4,327100,541300,2448,198172692,196875244,1297448,4,178164,581972,4344,198134264,196857588,1276676,688,102080,526180,4100
2026-08-30T20:18:25.224459,791008804,784528712,783411376,712,791972,2263668,17984,34359738367,494092,17020,7888,9132,108,196529156,194790304,1738852,16,149280,576520,6720,198172692,196490296,1682396,4,290556,553960,2616,198172692,196407844,1764848,4,222988,593684,4352,198134264,196840268,1293996,688,115596,539504,4296
2026-08-30T20:18:26.225914,791008804,784553772,783436436,712,808000,2263728,18056,34359738367,494092,17020,7888,9132,108,196529156,194791132,1738024,16,152248,576528,6664,198172692,196515244,1657448,4,315124,553972,2628,198172692,196407844,1764848,4,224176,593700,4444,198134264,196839552,1294712,688,118500,539528,4320
2026-08-30T20:18:27.227499,791008804,784565664,783448336,720,826924,2263728,18048,34359738367,494092,17020,7888,9132,108,196529156,194791012,1738144,16,153012,576528,6664,198172692,196526544,1646148,4,303580,553972,2660,198172692,196408096,1764596,12,243876,593700,4424,198134264,196840012,1294252,688,119320,539528,4300
2026-08-30T20:18:28.232436,791008804,784566372,783449048,724,803012,2263728,18092,34359738367,494092,17020,7888,9132,108,196529156,194790960,1738196,16,153716,576528,6700,198172692,196530800,1641892,4,309596,553972,2612,198172692,196404308,1768384,12,222288,593700,4432,198134264,196840304,1293960,692,119984,539528,4348
2026-08-30T20:18:29.234709,791008804,784575024,783457708,728,821680,2263728,18088,34359738367,494092,17020,7888,9132,108,196529156,194791244,1737912,16,154504,576528,6656,198172692,196535412,1637280,4,306432,553972,2656,198172692,196408188,1764504,12,240460,593700,4472,198134264,196840180,1294084,696,120284,539528,4304
2026-08-30T20:18:30.236705,791008804,784580812,783463496,728,816280,2263728,18108,34359738367,494092,17020,7888,9132,108,196529156,194790868,1738288,16,154920,576528,6652,198172692,196533396,1639296,4,325012,553972,2660,198172692,196412284,1760408,12,219800,593700,4468,198134264,196840168,1294096,696,121180,539528,4328
2026-08-30T20:18:31.241360,791008804,784572788,783455476,732,819396,2263728,18092,34359738367,494092,17020,7888,9132,108,196529156,194790964,1738192,16,155932,576528,6700,198172692,196533144,1639548,4,323312,553972,2628,198172692,196408188,1764504,12,220812,593700,4444,198134264,196840492,1293772,700,122220,539528,4320
2026-08-30T20:18:32.242839,791008804,784591860,783474552,736,789992,2263728,18072,34359738367,494092,17020,7888,9132,108,196529156,194790760,1738396,16,154216,576528,6660,198172692,196544676,1628016,4,297588,553972,2632,198172692,196415748,1756944,12,218124,593700,4464,198134264,196840676,1293588,704,120568,539528,4316
2026-08-30T20:18:33.244205,791008804,784627228,783509920,736,688172,2263728,17992,34359738367,494092,17020,7888,9132,108,196529156,194791668,1737488,16,145304,576528,6620,198172692,196575396,1597296,4,221392,553972,2616,198172692,196419844,1752848,12,211360,593700,4424,198134264,196840320,1293944,704,112568,539528,4332
2026-08-30T20:18:34.248447,791008804,784630672,783513368,748,818744,2263736,17824,34359738367,494092,17020,7888,9132,108,196529156,194789804,1739352,24,148756,576532,6564,198172692,196576940,1595752,4,322204,553972,2592,198172692,196423436,1749256,12,224468,593700,4380,198134264,196840492,1293772,708,114452,539532,4288
2026-08-30T20:18:35.249960,791008804,784622980,783505692,748,840040,2263736,18156,34359738367,494092,17020,7888,9132,108,196529156,194786828,1742328,24,160996,576532,6664,198172692,196576312,1596380,4,324244,553972,2644,198172692,196424256,1748436,12,227280,593700,4456,198134264,196835584,1298680,708,127312,539532,4392
2026-08-30T20:18:36.251493,791008804,784635988,783518700,748,847396,2263736,18120,34359738367,494092,17020,7888,9132,108,196529156,194787416,1741740,24,162128,576532,6612,198172692,196585312,1587380,4,333040,553972,2628,198172692,196429764,1742928,12,225628,593700,4476,198134264,196833496,1300768,708,128460,539532,4404
2026-08-30T20:18:37.256433,791008804,784645544,783528260,760,830524,2263736,18108,34359738367,494092,17020,7888,9132,108,196529156,194786820,1742336,24,158868,576532,6712,198172692,196582760,1589932,4,326928,553972,2644,198172692,196442052,1730640,12,217168,593700,4404,198134264,196833912,1300352,720,125156,539532,4348
2026-08-30T20:18:38.257890,791008804,784643260,783525984,760,860356,2263736,18120,34359738367,494092,17020,7888,9132,108,196529156,194785872,1743284,24,162236,576532,6660,198172692,196582256,1590436,4,335436,553972,2660,198172692,196442180,1730512,12,235224,593700,4440,198134264,196832952,1301312,720,127460,539532,4360
2026-08-30T20:18:39.259449,791008804,784641240,783524096,760,846472,2263736,18128,34359738367,494092,17020,7888,9132,108,196529156,194786328,1742828,24,161868,576532,6716,198172692,196583768,1588924,4,325360,553972,2632,198172692,196437832,1734860,12,219480,593700,4440,198134264,196833312,1300952,720,128180,539532,4340
2026-08-30T20:18:40.262352,791008804,784640640,783523516,772,816676,2263736,18112,34359738367,494092,17020,7888,9132,108,196529156,194785384,1743772,32,163504,576532,6692,198172692,196582568,1590124,4,315556,553972,2660,198172692,196440920,1731772,12,213252,593700,4456,198134264,196831768,1302496,724,130300,539532,4304
2026-08-30T20:18:41.263886,791008804,784634444,783517320,772,850880,2263736,18144,34359738367,494092,17020,7888,9132,108,196529156,194785268,1743888,32,165828,576532,6716,198172692,196581560,1591132,4,329324,553972,2608,198172692,196431472,1741220,12,225596,593700,4480,198134264,196832048,1302216,724,132092,539532,4340
2026-08-30T20:18:42.268426,791008804,784636868,783519744,772,830052,2263736,18128,34359738367,494092,17020,7888,9132,108,196529156,194784168,1744988,32,162976,576532,6648,198172692,196590112,1582580,4,310256,553972,2616,198172692,196431712,1740980,12,230912,593700,4488,198134264,196830876,1303388,724,128272,539532,4376
2026-08-30T20:18:43.269936,791008804,784660748,783543624,776,728820,2263736,18076,34359738367,494092,17020,7888,9132,108,196529156,194783280,1745876,32,155848,576532,6656,198172692,196616484,1556208,4,222436,553972,2632,198172692,196430232,1742460,12,226068,593700,4456,198134264,196830752,1303512,728,121600,539532,4332
2026-08-30T20:18:44.272434,791008804,784670760,783553644,780,842412,2263736,17904,34359738367,494092,17020,7888,9132,108,196529156,194783640,1745516,36,154176,576532,6616,198172692,196585560,1587132,4,343076,553972,2540,198172692,196469572,1703120,12,222996,593700,4428,198134264,196831988,1302276,728,121968,539532,4320
2026-08-30T20:18:45.273592,791008804,784686092,783568992,784,839816,2263736,18172,34359738367,494092,17020,7888,9132,108,196529156,194781616,1747540,36,161708,576532,6668,198172692,196595632,1577060,4,334504,553972,2620,198172692,196478800,1693892,12,217968,593700,4428,198134264,196830044,1304220,732,128040,539532,4456
2026-08-30T20:18:46.276421,791008804,784686540,783569452,796,836424,2263736,18152,34359738367,494092,17020,7888,9132,108,196529156,194780872,1748284,44,161472,576532,6656,198172692,196593112,1579580,4,327572,553972,2688,198172692,196483208,1689484,12,218968,593700,4476,198134264,196829348,1304916,736,128188,539532,4332
2026-08-30T20:18:47.280450,791008804,784673708,783556620,796,853868,2263736,18108,34359738367,494092,17020,7888,9132,108,196529156,194779864,1749292,44,161312,576532,6616,198172692,196592608,1580084,4,333212,553972,2636,198172692,196472796,1699896,12,233616,593700,4460,198134264,196828440,1305824,736,128532,539532,4396
2026-08-30T20:18:48.282231,791008804,784685036,783567948,280,851944,2263736,18104,34359738367,494092,17020,7888,9132,108,196529156,194779344,1749812,44,163092,576532,6668,198172692,196592104,1580588,4,326244,553972,2624,198172692,196484668,1688024,12,233276,593700,4448,198134264,196828920,1305344,220,129332,539532,4364
2026-08-30T20:18:49.283807,791008804,784677448,783560364,68,837560,2263736,18164,34359738367,494092,17020,7888,9132,108,196529156,194778624,1750532,36,163292,576532,6736,198172692,196590844,1581848,0,324564,553972,2624,198172692,196480136,1692556,8,214396,593700,4476,198134264,196827844,1306420,24,130068,539532,4328
2026-08-30T20:18:50.288434,791008804,784685396,783568324,84,867432,2263736,18140,34359738367,494092,17020,7888,9132,108,196529156,194778980,1750176,36,164264,576532,6740,198172692,196590340,1582352,0,339564,553972,2684,198172692,196488580,1684112,8,232068,593700,4416,198134264,196827496,1306768,40,131536,539532,4300
2026-08-30T20:18:51.289854,791008804,784678316,783561252,120,829920,2263736,18160,34359738367,494092,17020,7888,9132,108,196529156,194778792,1750364,44,165124,576532,6652,198172692,196590088,1582604,4,315340,553972,2692,198172692,196481144,1691548,8,216080,593700,4448,198134264,196828292,1305972,64,131924,539532,4368
2026-08-30T20:18:52.292093,791008804,784697956,783580892,120,826472,2263736,18152,34359738367,494092,17020,7888,9132,108,196529156,194778240,1750916,44,161660,576532,6696,198172692,196600296,1572396,4,306104,553972,2588,198172692,196492452,1680240,8,223520,593700,4496,198134264,196826968,1307296,64,128344,539532,4372
2026-08-30T20:18:53.293543,791008804,784709452,783592392,132,665288,2263736,18036,34359738367,494092,17020,7888,9132,108,196529156,194779264,1749892,52,154208,576532,6684,198172692,196619740,1552952,4,176488,553972,2576,198172692,196484260,1688432,8,212144,593700,4448,198134264,196826188,1308076,68,119952,539532,4328
2026-08-30T20:18:54.296429,791008804,784681696,783564644,80,847732,2263736,17888,34359738367,494092,17020,7888,9132,108,196529156,194786576,1742580,8,154416,576532,6608,198172692,196590180,1582512,4,321012,553972,2556,198172692,196473648,1699044,0,253348,593700,4436,198134264,196831292,1302972,68,121004,539532,4288
2026-08-30T20:18:55.297976,791008804,784689816,783572764,80,836004,2263736,18116,34359738367,494092,17020,7888,9132,108,196529156,194784740,1744416,8,158488,576532,6732,198172692,196589172,1583520,4,330160,553972,2604,198172692,196487260,1685432,0,215144,593700,4456,198134264,196828644,1305620,68,125196,539532,4324
2026-08-30T20:18:56.299673,791008804,784693440,783576392,84,836180,2263736,18108,34359738367,494092,17020,7888,9132,108,196529156,194784384,1744772,8,161804,576532,6700,198172692,196594520,1578172,4,332068,553972,2612,198172692,196486252,1686440,0,215932,593700,4424,198134264,196828284,1305980,72,128580,539532,4372
2026-08-30T20:18:57.301446,791008804,784688684,783571648,96,860604,2263736,18152,34359738367,494092,17020,7888,9132,108,196529156,194784204,1744952,8,163556,576532,6728,198172692,196594268,1578424,4,337120,553972,2572,198172692,196481652,1691040,0,230588,593700,4432,198134264,196828560,1305704,84,129844,539532,4420
2026-08-30T20:18:58.304428,791008804,784690800,783573764,96,836956,2263736,18140,34359738367,494092,17020,7888,9132,108,196529156,194783976,1745180,8,161944,576532,6728,198172692,196593764,1578928,4,323276,553972,2676,198172692,196484740,1687952,0,225344,593700,4396,198134264,196828320,1305944,84,128732,539532,4340
2026-08-30T20:18:59.308436,791008804,784684800,783567772,80,852588,2263736,18188,34359738367,494092,17020,7888,9132,108,196529156,194783448,1745708,20,162876,576532,6744,198172692,196597356,1575336,4,320612,553972,2660,198172692,196475540,1697152,0,239460,593700,4432,198134264,196828456,1305808,56,129136,539532,4352
2026-08-30T20:19:00.309938,791008804,784685476,783568452,84,874336,2263736,18156,34359738367,494092,17020,7888,9132,108,196529156,194782752,1746404,20,164356,576532,6748,198172692,196595844,1576848,4,338416,553972,2656,198172692,196478880,1693812,0,244800,593700,4428,198134264,196828000,1306264,60,131096,539532,4324
2026-08-30T20:19:01.311638,791008804,784682728,783565704,84,841396,2263736,18160,34359738367,494092,17020,7888,9132,108,196529156,194781952,1747204,20,166028,576532,6716,198172692,196595088,1577604,4,319480,553972,2632,198172692,196479288,1693404,0,223156,593700,4448,198134264,196826400,1307864,60,132732,539532,4364
2026-08-30T20:19:02.316440,791008804,784680176,783563776,88,816036,2263736,18128,34359738367,494092,17020,7888,9132,108,196529156,194780560,1748596,20,162428,576532,6668,198172692,196598932,1573760,4,302472,553972,2692,198172692,196474184,1698508,0,222472,593700,4456,198134264,196826500,1307764,64,129168,539532,4312
2026-08-30T20:19:03.318002,791008804,784745372,783628984,104,582344,2263736,18060,34359738367,494092,17020,7888,9132,108,196529156,194780600,1748556,20,149072,576532,6728,198172692,196656888,1515804,4,118536,553972,2628,198172692,196480800,1691892,0,198972,593700,4424,198134264,196827084,1307180,80,115764,539532,4280
2026-08-30T20:19:04.320432,791008804,784684784,783568512,104,801652,2263736,17948,34359738367,494092,17020,7888,9132,108,196529156,194782252,1746904,20,153024,576532,6680,198172692,196592728,1579964,4,314812,553972,2560,198172692,196481296,1691396,0,208304,593700,4408,198134264,196828508,1305756,80,120668,539532,4300
2026-08-30T20:19:05.322865,791008804,784696216,783579944,104,833020,2263736,18144,34359738367,494092,17020,7888,9132,108,196529156,194778852,1750304,20,160472,576532,6712,198172692,196603168,1569524,4,314804,553972,2612,198172692,196489152,1683540,0,227656,593700,4480,198134264,196825044,1309220,80,127224,539532,4340
2026-08-30T20:19:06.328436,791008804,784698800,783582540,116,817728,2263736,18044,34359738367,494092,17020,7888,9132,108,196529156,194778948,1750208,28,157000,576532,6712,198172692,196604440,1568252,4,333088,553972,2616,198172692,196492240,1680452,0,203972,593700,4384,198134264,196823172,1311092,84,123668,539532,4332
2026-08-30T20:19:07.329891,791008804,784693072,783576812,116,816576,2263736,18132,34359738367,494092,17020,7888,9132,108,196529156,194779024,1750132,28,161564,576532,6680,198172692,196601704,1570988,4,305552,553972,2648,198172692,196488668,1684024,0,227024,593700,4504,198134264,196823676,1310588,84,128884,539532,4300
2026-08-30T20:19:08.331617,791008804,784692944,783576692,116,832384,2263736,18160,34359738367,494092,17020,7888,9132,108,196529156,194779080,1750076,28,162096,576532,6724,198172692,196602684,1570008,4,324708,553972,2648,198172692,196487752,1684940,0,220524,593700,4484,198134264,196823428,1310836,84,128896,539532,4304
2026-08-30T20:19:09.336432,791008804,784688652,783572400,116,864668,2263736,18128,34359738367,494092,17020,7888,9132,108,196529156,194779140,1750016,28,160960,576532,6724,198172692,196602432,1570260,4,341432,553972,2600,198172692,196483404,1689288,0,234032,593700,4448,198134264,196823676,1310588,84,128244,539532,4356
2026-08-30T20:19:10.337978,791008804,784687528,783571284,124,881888,2263736,18116,34359738367,494092,17020,7888,9132,108,196529156,194778456,1750700,28,163932,576532,6676,198172692,196602432,1570260,4,348236,553972,2636,198172692,196483152,1689540,0,240492,593700,4456,198134264,196823488,1310776,92,129228,539532,4348
2026-08-30T20:19:11.339495,791008804,784696988,783580744,124,836772,2263736,18164,34359738367,494092,17020,7888,9132,108,196529156,194777544,1751612,28,164488,576532,6712,198172692,196601676,1571016,4,325680,553972,2632,198172692,196494684,1678008,0,217264,593700,4444,198134264,196823084,1311180,92,131280,539532,4376
2026-08-30T20:19:12.344444,791008804,784689308,783573064,124,830572,2263736,18124,34359738367,494092,17020,7888,9132,108,196529156,194776788,1752368,28,164540,576532,6696,198172692,196601172,1571520,4,314108,553972,2676,198172692,196489328,1683364,0,225336,593700,4416,198134264,196822020,1312244,92,130820,539532,4336
2026-08-30T20:19:13.346049,791008804,784736388,783620156,136,593420,2263736,18032,34359738367,494092,17020,7888,9132,108,196529156,194776788,1752368,36,150152,576532,6652,198172692,196644152,1528540,4,128816,553972,2540,198172692,196493608,1679084,0,197124,593700,4472,198134264,196821840,1312424,96,117328,539532,4368
2026-08-30T20:19:14.348426,791008804,784690644,783574420,136,819428,2263736,17904,34359738367,494092,17020,7888,9132,108,196529156,194780976,1748180,36,150092,576532,6648,198172692,196591156,1581536,4,344068,553972,2572,198172692,196490884,1681808,0,210984,593700,4420,198134264,196827628,1306636,96,117232,539532,4264
2026-08-30T20:19:15.352434,791008804,784686344,783570128,144,856564,2263736,18128,34359738367,494092,17020,7888,9132,108,196529156,194778508,1750648,36,160204,576532,6664,198172692,196588636,1584056,4,336736,553972,2592,198172692,196493960,1678732,0,232656,593700,4476,198134264,196825240,1309024,104,126968,539532,4396
2026-08-30T20:19:16.354080,791008804,784692484,783576272,148,860148,2263736,18120,34359738367,494092,17020,7888,9132,108,196529156,194778508,1750648,36,162708,576532,6696,198172692,196587376,1585316,4,341616,553972,2664,198172692,196501592,1671100,0,230712,593700,4428,198134264,196825008,1309256,108,129964,539532,4332
2026-08-30T20:19:17.355499,791008804,784688932,783572720,148,854876,2263736,18140,34359738367,494092,17020,7888,9132,108,196529156,194777376,1751780,36,163588,576532,6716,198172692,196586620,1586072,4,334776,553972,2652,198172692,196501088,1671604,0,229212,593700,4416,198134264,196823848,1310416,108,130376,539532,4356
2026-08-30T20:19:18.360444,791008804,784687792,783571580,148,867664,2263736,18116,34359738367,494092,17020,7888,9132,108,196529156,194777416,1751740,36,162348,576532,6680,198172692,196586872,1585820,4,338488,553972,2592,198172692,196500584,1672108,0,243560,593700,4472,198134264,196822920,1311344,108,129108,539532,4372
2026-08-30T20:19:19.362041,791008804,784692252,783576052,160,858512,2263736,18144,34359738367,494092,17020,7888,9132,108,196529156,194776708,1752448,44,163596,576532,6712,198172692,196587692,1585000,4,328544,553972,2584,198172692,196504932,1667760,0,236024,593700,4444,198134264,196822920,1311344,112,130348,539532,4404
2026-08-30T20:19:20.363384,791008804,784692360,783576168,112,851980,2263736,18120,34359738367,494092,17020,7888,9132,108,196529156,194775240,1753916,44,163880,576532,6688,198172692,196586432,1586260,4,326364,553972,2636,198172692,196508020,1664672,0,231340,593700,4420,198134264,196822668,1311596,64,130572,539532,4376
2026-08-30T20:19:21.364775,791008804,784690672,783574480,64,833612,2263736,18164,34359738367,494092,17020,7888,9132,108,196529156,194775228,1753928,36,164600,576532,6684,198172692,196590276,1582416,0,303040,553972,2592,198172692,196504028,1668664,0,232812,593700,4496,198134264,196821140,1313124,28,131368,539532,4392
2026-08-30T20:19:22.366338,791008804,784702688,783586500,68,791776,2263736,18088,34359738367,494092,17020,7888,9132,108,196529156,194774556,1754600,36,161296,576532,6676,198172692,196602312,1570380,0,294240,553972,2600,198172692,196504280,1668412,0,214420,593700,4460,198134264,196821540,1312724,32,128572,539532,4352
2026-08-30T20:19:23.367782,791008804,784756556,783640368,72,562364,2263736,18016,34359738367,494092,17020,7888,9132,108,196529156,194773908,1755248,36,148240,576532,6668,198172692,196643824,1528868,0,101324,553972,2588,198172692,196517284,1655408,0,197888,593700,4408,198134264,196821540,1312724,36,114912,539532,4352
2026-08-30T20:19:24.372574,791008804,784706548,783590372,104,817772,2263736,18024,34359738367,494092,17020,7888,9132,108,196529156,194779108,1750048,44,158472,576532,6712,198172692,196607240,1565452,4,312688,553972,2608,198172692,196495856,1676836,0,224984,593700,4400,198134264,196824344,1309920,56,125640,539532,4304
2026-08-30T20:19:25.373997,791008804,784690680,783574508,108,839816,2263736,18144,34359738367,494092,17020,7888,9132,108,196529156,194777152,1752004,44,160552,576532,6664,198172692,196603964,1568728,4,337296,553972,2624,198172692,196493840,1678852,0,214676,593700,4500,198134264,196819820,1314444,60,127292,539532,4356
2026-08-30T20:19:26.375348,791008804,784699508,783583344,116,825712,2263736,18144,34359738367,494092,17020,7888,9132,108,196529156,194775820,1753336,52,159728,576532,6696,198172692,196602956,1569736,4,314748,553972,2656,198172692,196501780,1670912,0,202932,593700,4476,198134264,196819456,1314808,60,126972,539532,4316
2026-08-30T20:19:27.380450,791008804,784694740,783578576,116,858768,2263736,18136,34359738367,494092,17020,7888,9132,108,196529156,194774816,1754340,52,163984,576532,6644,198172692,196601696,1570996,4,335944,553972,2676,198172692,196500520,1672172,0,229892,593700,4460,198134264,196817708,1316556,60,131276,539532,4356
2026-08-30T20:19:28.381901,791008804,784686332,783570168,128,858472,2263736,18160,34359738367,494092,17020,7888,9132,108,196529156,194771156,1758000,52,163208,576532,6632,198172692,196600688,1572004,4,331680,553972,2644,198172692,196496676,1676016,0,234356,593700,4492,198134264,196817812,1316452,72,129732,539532,4392
2026-08-30T20:19:29.383499,791008804,784685512,783569360,84,855432,2263736,18180,34359738367,494092,17020,7888,9132,108,196529156,194770500,1758656,8,164468,576532,6652,198172692,196599680,1573012,4,324876,553972,2708,198172692,196497992,1674700,0,229392,593700,4448,198134264,196817340,1316924,72,129912,539532,4372
2026-08-30T20:19:30.388439,791008804,784686780,783570636,88,857972,2263736,18160,34359738367,494092,17020,7888,9132,108,196529156,194770520,1758636,8,167660,576532,6676,198172692,196598672,1574020,4,329860,553972,2668,198172692,196500500,1672192,0,228572,593700,4476,198134264,196817088,1317176,76,134104,539532,4340
2026-08-30T20:19:31.390013,791008804,784687852,783571708,88,846560,2263736,18156,34359738367,494092,17020,7888,9132,108,196529156,194770056,1759100,8,164196,576532,6676,198172692,196606360,1566332,4,326216,553972,2676,198172692,196495396,1677296,0,225068,593700,4440,198134264,196816040,1318224,76,131080,539532,4364
2026-08-30T20:19:32.391510,791008804,784690920,783574780,92,834140,2263736,18108,34359738367,494092,17020,7888,9132,108,196529156,194771792,1757364,8,162556,576532,6676,198172692,196612408,1560284,4,314168,553972,2692,198172692,196491048,1681644,0,227428,593700,4436,198134264,196815672,1318592,80,128524,539532,4304
2026-08-30T20:19:33.393045,791008804,784744080,783627940,104,566880,2263736,18004,34359738367,494092,17020,7888,9132,108,196529156,194771792,1757364,20,148300,576532,6664,198172692,196663880,1508812,4,103564,553972,2580,198172692,196492480,1680212,0,199896,593700,4408,198134264,196815928,1318336,80,115120,539532,4352
2026-08-30T20:19:34.396451,791008804,784703668,783587536,104,848568,2263736,17940,34359738367,494092,17020,7888,9132,108,196529156,194773028,1756128,20,155008,576532,6660,198172692,196602120,1570572,4,337920,553972,2612,198172692,196509356,1663336,0,235332,593700,4388,198134264,196819164,1315100,80,120308,539532,4280
2026-08-30T20:19:35.397972,791008804,784723260,783607140,88,832200,2263736,18140,34359738367,494092,17020,7888,9132,108,196529156,194771012,1758144,20,158616,576532,6740,198172692,196612284,1560408,4,335744,553972,2620,198172692,196523512,1649180,0,217968,593700,4420,198134264,196816452,1317812,64,125048,539532,4360
2026-08-30T20:19:36.400086,791008804,784721356,783605240,92,837304,2263736,18128,34359738367,494092,17020,7888,9132,108,196529156,194769248,1759908,20,161140,576532,6684,198172692,196610344,1562348,4,331248,553972,2648,198172692,196526096,1646596,0,222592,593700,4412,198134264,196815668,1318596,68,127580,539532,4384
2026-08-30T20:19:37.404448,791008804,784702644,783586528,92,857264,2263736,18152,34359738367,494092,17020,7888,9132,108,196529156,194768492,1760664,20,163808,576532,6756,198172692,196607516,1565176,4,334688,553972,2548,198172692,196512548,1660144,0,233328,593700,4412,198134264,196814088,1320176,68,130724,539532,4436
2026-08-30T20:19:38.405989,791008804,784692732,783576620,96,855152,2263736,18144,34359738367,494092,17020,7888,9132,108,196529156,194756708,1772448,20,170964,576532,6644,198172692,196607516,1565176,4,332500,553972,2596,198172692,196512044,1660648,0,227036,593700,4496,198134264,196816464,1317800,72,124652,539532,4408
2026-08-30T20:19:39.407588,791008804,784698648,783582544,104,850076,2263736,18124,34359738367,494092,17020,7888,9132,108,196529156,194754608,1774548,28,173788,576532,6640,198172692,196610040,1562652,4,324300,553972,2636,198172692,196517960,1654732,0,228200,593700,4472,198134264,196816040,1318224,72,123788,539532,4376
2026-08-30T20:19:40.412442,791008804,784687480,783571384,108,822004,2263736,18132,34359738367,494092,17020,7888,9132,108,196529156,194753744,1775412,28,176272,576532,6652,198172692,196609284,1563408,4,303996,553972,2632,198172692,196509012,1663680,0,212036,593700,4444,198134264,196815440,1318824,76,127244,539532,4404
2026-08-30T20:19:41.413924,791008804,784693308,783577224,124,820980,2263736,18144,34359738367,494092,17020,7888,9132,108,196529156,194753492,1775664,28,175792,576532,6700,198172692,196608528,1564164,4,301068,553972,2652,198172692,196516448,1656244,0,220496,593700,4460,198134264,196814840,1319424,92,126328,539532,4332
2026-08-30T20:19:42.415452,791008804,784690936,783574852,124,841052,2263736,18140,34359738367,494092,17020,7888,9132,108,196529156,194753240,1775916,28,176604,576532,6628,198172692,196607772,1564920,4,316296,553972,2628,198172692,196515972,1656720,0,221684,593700,4472,198134264,196813952,1320312,92,126580,539532,4412
2026-08-30T20:19:43.416910,791008804,784732348,783616264,124,570648,2263736,18016,34359738367,494092,17020,7888,9132,108,196529156,194753240,1775916,28,162340,576532,6652,198172692,196653692,1519000,4,100216,553972,2640,198172692,196511372,1661320,0,195864,593700,4432,198134264,196814044,1320220,92,112228,539532,4292
2026-08-30T20:19:44.420437,791008804,784672444,783556360,128,841276,2263736,17988,34359738367,494092,17020,7888,9132,108,196529156,194755560,1773596,28,173556,576532,6664,198172692,196609108,1563584,4,314404,553972,2620,198172692,196491880,1680812,0,231060,593700,4412,198134264,196815896,1318368,96,124536,539532,4292
2026-08-30T20:19:45.421906,791008804,784676092,783560020,128,821748,2263736,18132,34359738367,494092,17020,7888,9132,108,196529156,194754448,1774708,28,174120,576532,6700,198172692,196613468,1559224,4,300656,553972,2624,198172692,196494212,1678480,0,223380,593700,4456,198134264,196813964,1320300,96,124200,539532,4352
2026-08-30T20:19:46.423512,791008804,784684372,783568300,136,844908,2263736,18180,34359738367,494092,17020,7888,9132,108,196529156,194753188,1775968,28,174656,576532,6688,198172692,196611452,1561240,12,322260,553972,2656,198172692,196505732,1666960,0,223776,593700,4512,198134264,196814000,1320264,96,124216,539532,4324
2026-08-30T20:19:47.428440,791008804,784684992,783568924,140,839572,2263736,18152,34359738367,494092,17020,7888,9132,108,196529156,194753188,1775968,28,176652,576532,6668,198172692,196617060,1555632,12,304880,553972,2624,198172692,196501384,1671308,0,222008,593700,4516,198134264,196813360,1320904,100,126172,539532,4344
2026-08-30T20:19:48.429867,791008804,784672500,783556432,140,861772,2263736,18188,34359738367,494092,17020,7888,9132,108,196529156,194753188,1775968,28,175256,576532,6696,198172692,196613184,1559508,12,332344,553972,2672,198172692,196493192,1679500,0,224544,593700,4468,198134264,196812936,1321328,100,125272,539532,4352
2026-08-30T20:19:49.431405,791008804,784659240,783543184,144,849284,2263736,18168,34359738367,494076,17020,7888,9132,108,196529156,194738540,1790616,28,188772,576532,6704,198172692,196616940,1555752,12,309676,553972,2656,198172692,196490824,1681868,0,231068,593700,4472,198134264,196812936,1321328,104,122540,539532,4336
2026-08-30T20:19:50.437288,791008804,784649096,783533056,92,841320,2263736,18180,34359738367,494076,17020,7888,9132,108,196529156,194737532,1791624,28,190936,576532,6720,198172692,196617620,1555072,12,310252,553972,2664,198172692,196481372,1691320,4,216108,593700,4524,198134264,196812572,1321692,48,124528,539532,4272
2026-08-30T20:19:51.438740,791008804,784663868,783547832,104,835968,2263736,18164,34359738367,494076,17020,7888,9132,108,196529156,194736524,1792632,28,187560,576532,6688,198172692,196618880,1553812,12,312320,553972,2636,198172692,196497000,1675692,4,214908,593700,4480,198134264,196811464,1322800,60,121180,539532,4360
2026-08-30T20:19:52.440287,791008804,784664156,783548120,104,824064,2263736,18136,34359738367,494076,17020,7888,9132,108,196529156,194736524,1792632,28,187100,576532,6660,198172692,196626608,1546084,12,298400,553972,2668,198172692,196489060,1683632,4,220204,593700,4452,198134264,196811964,1322300,60,120776,539532,4356
2026-08-30T20:19:53.441853,791008804,784689420,783573384,112,579956,2263736,17964,34359738367,494076,17020,7888,9132,108,196529156,194738252,1790904,36,175028,576532,6632,198172692,196652744,1519948,12,106032,553972,2664,198172692,196487300,1685392,4,190384,593700,4380,198134264,196811124,1323140,60,108512,539532,4288
2026-08-30T20:19:54.442947,791008804,785669760,784097496,72,191696,154148,11568,34359738367,490188,17020,7888,9132,108,196529156,194961052,1568104,28,60492,49844,5060,198172692,196860988,1311704,8,5764,28944,988,198172692,196851556,1321136,0,98332,65820,2824,198134264,196998192,1136072,36,27108,9540,2696
2026-08-30T20:19:55.444111,791008804,787235844,784870440,656,224828,167104,10280,34359738367,491164,17020,7888,9132,108,196529156,195356400,1172756,4,63236,53024,4784,198172692,197252172,920520,0,13844,32416,560,198172692,197244072,928620,4,108576,68868,2488,198134264,197383200,751064,648,39172,12796,2448
2026-08-30T20:19:56.445102,791008804,787165732,784827080,660,262348,188884,10852,34359738367,492172,17020,7888,9132,108,196529156,195333532,1195624,4,72528,58436,4932,198172692,197236316,936376,0,23220,37732,688,198172692,197229932,942760,4,118048,74164,2644,198134264,197365952,768312,652,48552,18552,2588
2026-08-30T20:19:57.446403,791008804,787211540,784858900,528,300944,209136,11420,34359738367,494252,17020,7888,9132,108,196529156,195343844,1185312,0,81576,63232,5076,198172692,197248132,924560,0,33868,42976,840,198172692,197243216,929476,0,127488,79332,2756,198134264,197376348,757916,528,58012,23596,2748
2026-08-30T20:19:58.475281,791008804,786920016,784749004,652,306640,413456,14556,34359738367,494252,17020,7888,9132,108,196529156,195273612,1255544,4,83580,113544,5864,198172692,197172112,1000580,0,35524,94384,1628,198172692,197172544,1000148,0,128488,130344,3528,198134264,197301748,832516,648,59048,75688,3536
2026-08-30T20:19:59.476495,791008804,786594700,784606580,656,313524,689644,14796,34359738367,494252,17020,7888,9132,108,196529156,195191052,1338104,4,85340,183992,5956,198172692,197090600,1082092,0,37548,162656,1684,198172692,197089968,1082724,0,130052,199320,3584,198134264,197222576,911688,652,60584,144180,3572
2026-08-30T20:20:00.477621,791008804,786138332,784318492,672,457092,1176164,14808,34359738367,494252,17020,7888,9132,108,196529156,195076332,1452824,16,121452,304724,5960,198172692,196975328,1197364,0,74208,284208,1688,198172692,196977904,1194788,0,166232,320656,3588,198134264,197107760,1026504,656,96712,266576,3572
2026-08-30T20:20:01.478788,791008804,785632684,783913092,672,838872,1433428,15908,34359738367,494252,17020,7888,9132,108,196529156,194945660,1583496,16,221596,369156,6216,198172692,196852068,1320624,0,165232,348708,1972,198172692,196863576,1309116,0,257552,385344,3888,198134264,196971380,1162884,656,194492,330220,3832
2026-08-30T20:20:02.480182,791008804,785436884,783854552,676,845448,1706912,16520,34359738367,494252,17020,7888,9132,108,196529156,194901840,1627316,16,222880,438200,6380,198172692,196798112,1374580,0,166892,415260,2148,198172692,196810152,1362540,0,259492,453932,4048,198134264,196926780,1207484,660,196184,399520,3944
2026-08-30T20:20:03.481412,791008804,785210476,783863488,684,845448,1991588,17088,34359738367,494252,17020,7888,9132,108,196529156,194846348,1682808,16,222880,509188,6528,198172692,196739900,1432792,0,166892,486948,2272,198172692,196750296,1422396,0,259492,524276,4212,198134264,196873932,1260332,668,196184,471176,4076
2026-08-30T20:20:04.482960,791008804,784976848,783904436,696,845448,2274488,17608,34359738367,494252,17020,7888,9132,108,196529156,194790568,1738588,16,222880,578756,6676,198172692,196684356,1488336,4,166892,558696,2392,198172692,196687796,1484896,4,259492,595712,4316,198134264,196814128,1320136,672,196184,541324,4224
2026-08-30T20:20:05.484442,791008804,784710268,783902112,696,845468,2537308,18172,34359738367,494236,17020,7888,9132,108,196529156,194725384,1803772,16,222880,644872,6820,198172692,196617416,1555276,4,166908,622920,2516,198172692,196620344,1552348,4,259496,661876,4484,198134264,196747124,1387140,672,196184,607640,4352
2026-08-30T20:20:06.486043,791008804,784433716,783917400,696,845508,2826848,18688,34359738367,494236,17020,7888,9132,108,196529156,194656092,1873064,16,222916,716584,6960,198172692,196547136,1625556,4,166964,695392,2632,198172692,196550412,1622280,4,259404,734320,4620,198134264,196680076,1454188,672,196224,680552,4476
2026-08-30T20:20:07.487388,791008804,784162168,783922932,708,849436,3098836,19312,34359738367,494236,17020,7888,9132,108,196529156,194590656,1938500,24,223880,785048,7124,198172692,196475320,1697372,4,167980,763632,2800,198172692,196483744,1688948,4,260384,802280,4760,198134264,196612448,1521816,676,197192,747876,4628
2026-08-30T20:20:08.488858,791008804,783888112,783919832,720,853896,3379032,19920,34359738367,494236,17020,7888,9132,108,196529156,194525944,2003212,24,224980,853800,7276,198172692,196404216,1768476,4,169112,833824,2936,198172692,196414296,1758396,4,261504,872180,4920,198134264,196543656,1590608,688,198300,819228,4788
2026-08-30T20:20:09.490257,791008804,783588624,783899240,724,860368,3646948,20536,34359738367,494236,17020,7888,9132,108,196529156,194437912,2091244,24,238844,919800,7400,198172692,196333704,1838988,4,166656,899724,3096,198172692,196341740,1830952,4,259048,941656,5096,198134264,196475268,1658996,692,195820,885768,4944
2026-08-30T20:20:10.491832,791008804,783312128,783900948,728,866340,3926032,21072,34359738367,494236,17020,7888,9132,108,196529156,194368984,2160172,24,240364,989516,7560,198172692,196262600,1910092,4,168156,970084,3196,198172692,196273864,1898828,4,260524,1011820,5232,198134264,196406680,1727584,696,197296,954612,5084
2026-08-30T20:20:11.493448,791008804,783025872,783897260,728,871436,4206444,21632,34359738367,494236,17020,7888,9132,108,196529156,194299276,2229880,24,241644,1058268,7676,198172692,196190872,1981820,4,169436,1040644,3344,198172692,196201176,1971516,4,261772,1081492,5392,198134264,196334548,1799716,696,198584,1026040,5220
2026-08-30T20:20:12.494831,791008804,782728032,783874448,728,880368,4486280,22192,34359738367,494236,17020,7888,9132,108,196529156,194225300,2303856,24,243860,1130592,7804,198172692,196118444,2054248,4,171680,1110136,3460,198172692,196124300,2048392,4,264040,1149884,5544,198134264,196259484,1874780,696,200788,1095668,5384
2026-08-30T20:20:13.496147,791008804,782434832,783861576,732,910032,4760740,22860,34359738367,494236,17020,7888,9132,108,196529156,194151596,2377560,24,251344,1198164,7988,198172692,196044208,2128484,4,179128,1179080,3596,198172692,196050656,2122036,4,271436,1220908,5740,198134264,196185536,1948728,700,208256,1165380,5544
2026-08-30T20:20:14.500482,791008804,782074704,783742128,744,894432,5019796,23460,34359738367,494236,17020,7888,9132,108,196529156,194075000,2454156,32,218908,1262736,8136,198172692,195968752,2203940,4,152716,1244652,3764,198172692,195916704,2255988,4,346164,1283388,5876,198134264,196114248,2020016,704,176644,1229020,5684
2026-08-30T20:20:15.503176,791008804,781814112,783548304,744,1039400,5108004,23656,34359738367,494236,17020,7888,9132,108,196529156,194031884,2497272,32,220688,1284996,8164,198172692,195906808,2265884,4,235072,1265768,3844,198172692,195862476,2310216,4,369624,1305924,5896,198134264,196012944,2121320,704,214016,1251316,5752
2026-08-30T20:20:16.508469,791008804,781637144,783371420,748,1122120,5111580,23896,34359738367,494236,17020,7888,9132,108,196529156,194014772,2514384,32,204248,1285972,8212,198172692,195878496,2294196,4,284380,1266576,3896,198172692,195808856,2363836,4,407676,1306784,5976,198134264,195935020,2199244,708,225816,1252248,5812
2026-08-30T20:20:17.511141,791008804,781528392,783262712,748,1133972,5112060,23944,34359738367,494236,17020,7888,9132,108,196529156,194005160,2523996,32,191804,1286108,8192,198172692,195861984,2310708,4,292136,1266716,3916,198172692,195793636,2379056,4,395920,1306892,6000,198134264,195867612,2266652,708,254112,1252344,5836
2026-08-30T20:20:18.516475,791008804,781478452,783212792,748,1194824,5112112,23984,34359738367,494236,17020,7888,9132,108,196529156,194004404,2524752,32,189616,1286116,8220,198172692,195841716,2330976,4,325580,1266728,3904,198172692,195780872,2391820,4,429692,1306912,5996,198134264,195851460,2282804,708,249936,1252356,5864
2026-08-30T20:20:19.519403,791008804,781406508,783140848,752,1221120,5112112,24084,34359738367,494236,17020,7888,9132,108,196529156,193996600,2532556,32,192612,1286116,8272,198172692,195828900,2343792,4,330588,1266728,3896,198172692,195776908,2395784,4,425772,1306912,6028,198134264,195804100,2330164,712,272148,1252356,5888
2026-08-30T20:20:20.524457,791008804,781403180,783137540,760,1215388,5112112,24108,34359738367,494236,17020,7888,9132,108,196529156,193996096,2533060,32,183964,1286116,8264,198172692,195832440,2340252,4,338336,1266728,3900,198172692,195775208,2397484,4,430780,1306912,6076,198134264,195799436,2334828,720,262308,1252356,5868
2026-08-30T20:20:21.526940,791008804,781392400,783126768,768,1108216,5112112,24124,34359738367,494236,17020,7888,9132,108,196529156,193988572,2540584,40,179344,1286116,8280,198172692,195836276,2336416,4,290212,1266728,3900,198172692,195776560,2396132,4,383372,1306912,6060,198134264,195790992,2343272,720,255288,1252356,5884
2026-08-30T20:20:22.528010,791008804,781354808,783089176,768,1243860,5112112,24148,34359738367,494236,17020,7888,9132,108,196529156,193991848,2537308,40,177332,1286116,8288,198172692,195834664,2338028,4,344848,1266728,3916,198172692,195739380,2433312,4,440432,1306912,6060,198134264,195788916,2345348,720,281248,1252356,5884
2026-08-30T20:20:23.532480,791008804,781331580,783065952,772,1261436,5112112,24212,34359738367,494236,17020,7888,9132,108,196529156,193991284,2537872,40,174148,1286116,8300,198172692,195834272,2338420,4,353752,1266728,3936,198172692,195736832,2435860,4,448732,1306912,6076,198134264,195769192,2365072,724,284804,1252356,5900
2026-08-30T20:20:24.535466,791008804,781346912,783081284,772,1244428,5112112,24188,34359738367,494236,17020,7888,9132,108,196529156,193993668,2535488,40,170592,1286116,8340,198172692,195842116,2330576,4,353420,1266728,3932,198172692,195744772,2427920,4,444096,1306912,6028,198134264,195766356,2367908,724,271540,1252356,5888
2026-08-30T20:20:25.540484,791008804,781298272,783032652,772,1245544,5112112,24164,34359738367,494236,17020,7888,9132,108,196529156,193997700,2531456,40,170644,1286116,8288,198172692,195810172,2362520,4,355308,1266728,3940,198172692,195733496,2439196,4,452156,1306912,6056,198134264,195756904,2377360,724,267436,1252356,5880
2026-08-30T20:20:26.543396,791008804,781320996,783055388,776,1227888,5112112,24224,34359738367,494236,17020,7888,9132,108,196529156,194001228,2527928,40,171808,1286116,8268,198172692,195824576,2348116,4,354780,1266728,3916,198172692,195739108,2433584,4,446672,1306912,6104,198134264,195756084,2378180,728,256856,1252356,5936
2026-08-30T20:20:27.548486,791008804,781352136,783086528,788,1240828,5112112,24212,34359738367,494236,17020,7888,9132,108,196529156,194004252,2524904,48,172720,1286116,8264,198172692,195836332,2336360,4,353884,1266728,3952,198172692,195753452,2419240,4,444588,1306912,6092,198134264,195758100,2376164,732,271624,1252356,5904
2026-08-30T20:20:28.551334,791008804,781372128,783106524,76,1223692,5112112,24192,34359738367,494236,17020,7888,9132,108,196529156,194004620,2524536,44,171236,1286116,8280,198172692,195840396,2332296,0,349496,1266728,3952,198172692,195763376,2409316,0,446544,1306912,6100,198134264,195763736,2370528,32,256416,1252356,5860
2026-08-30T20:20:29.556471,791008804,781396632,783131032,76,1235904,5112112,24188,34359738367,494236,17020,7888,9132,108,196529156,194009160,2519996,44,169644,1286116,8252,198172692,195845256,2327436,0,356776,1266728,3976,198172692,195759576,2413116,0,447680,1306912,6080,198134264,195782640,2351624,32,261804,1252356,5880
2026-08-30T20:20:30.559528,791008804,781395316,783129732,76,1237944,5112112,24228,34359738367,494236,17020,7888,9132,108,196529156,194013192,2515964,44,172604,1286116,8244,198172692,195847072,2325620,0,352496,1266728,3992,198172692,195761672,2411020,0,449392,1306912,6096,198134264,195773380,2360884,32,263452,1252356,5896
2026-08-30T20:20:31.564462,791008804,781391564,783125980,108,1248008,5112112,24200,34359738367,494236,17020,7888,9132,108,196529156,194013696,2515460,52,171696,1286116,8256,198172692,195850668,2322024,4,353696,1266728,3984,198172692,195763016,2409676,0,447040,1306912,6072,198134264,195764184,2370080,52,275576,1252356,5888
2026-08-30T20:20:32.567181,791008804,781433668,783168084,108,1245128,5112112,24204,34359738367,494236,17020,7888,9132,108,196529156,194016216,2512940,52,171328,1286116,8268,198172692,195862896,2309796,4,347444,1266728,3980,198172692,195769648,2403044,0,443824,1306912,6076,198134264,195784908,2349356,52,282532,1252356,5880
2026-08-30T20:20:33.572476,791008804,781447608,783182024,120,1258080,5112112,24168,34359738367,494236,17020,7888,9132,108,196529156,194021760,2507396,52,167228,1286116,8220,198172692,195864824,2307868,4,355316,1266728,3952,198172692,195776732,2395960,0,450944,1306912,6088,198134264,195784292,2349972,64,284592,1252356,5908
2026-08-30T20:20:34.575375,791008804,781457040,783191456,88,1248252,5112112,24228,34359738367,494236,17020,7888,9132,108,196529156,194023524,2505632,20,169892,1286116,8204,198172692,195870956,2301736,4,352340,1266728,3952,198172692,195777584,2395108,0,446212,1306912,6108,198134264,195784976,2349288,64,279808,1252356,5964
2026-08-30T20:20:35.580485,791008804,781477888,783212312,88,1256440,5112112,24244,34359738367,494236,17020,7888,9132,108,196529156,194027624,2501532,20,172556,1286116,8168,198172692,195871964,2300728,4,352440,1266728,3988,198172692,195780864,2391828,0,448984,1306912,6116,198134264,195797436,2336828,64,277216,1252356,5972
2026-08-30T20:20:36.583559,791008804,781483588,783218036,104,1245892,5112112,24164,34359738367,494236,17020,7888,9132,108,196529156,194030144,2499012,20,171160,1286116,8172,198172692,195877256,2295436,4,349584,1266728,3968,198172692,195784676,2388016,0,445400,1306912,6092,198134264,195791512,2342752,80,279748,1252356,5932
2026-08-30T20:20:37.592466,791008804,781475300,783209756,104,1227284,5112112,24160,34359738367,494236,17020,7888,9132,108,196529156,194031180,2497976,20,168600,1286116,8196,198172692,195874108,2298584,4,345688,1266728,3956,198172692,195775412,2397280,0,436428,1306912,6104,198134264,195794600,2339664,80,281296,1252356,5904
2026-08-30T20:20:38.595179,791008804,781493804,783228260,104,1248136,5112112,24232,34359738367,494236,17020,7888,9132,108,196529156,194032448,2496708,20,172492,1286116,8192,198172692,195882536,2290156,4,348156,1266728,3956,198172692,195778500,2394192,0,441304,1306912,6144,198134264,195800320,2333944,80,278660,1252356,5940
2026-08-30T20:20:39.600473,791008804,781532320,783266780,84,1255944,5112112,24240,34359738367,494236,17020,7888,9132,108,196529156,194036328,2492828,20,171416,1286116,8224,198172692,195891220,2281472,4,352924,1266728,3956,198172692,195786660,2386032,0,449216,1306912,6108,198134264,195818112,2316152,60,282388,1252356,5952
2026-08-30T20:20:40.603549,791008804,781536924,783271388,92,1220504,5112112,24180,34359738367,494236,17020,7888,9132,108,196529156,194035380,2493776,28,172320,1286116,8224,198172692,195897084,2275608,4,336456,1266728,3928,198172692,195792772,2379920,0,431540,1306912,6084,198134264,195811688,2322576,60,280188,1252356,5944
2026-08-30T20:20:41.608470,791008804,781516184,783250656,92,1255628,5112112,24176,34359738367,494236,17020,7888,9132,108,196529156,194036552,2492604,28,172080,1286116,8220,198172692,195884536,2288156,4,355364,1266728,3932,198172692,195777148,2395544,0,451740,1306912,6096,198134264,195817948,2316316,60,276444,1252356,5928
2026-08-30T20:20:42.611410,791008804,781557140,783291612,100,1257940,5112112,24228,34359738367,494236,17020,7888,9132,108,196529156,194037340,2491816,28,173696,1286116,8200,198172692,195897828,2274864,4,354480,1266728,3968,198172692,195788396,2384296,0,447044,1306912,6116,198134264,195833576,2300688,68,282940,1252356,5940
2026-08-30T20:20:43.616487,791008804,781569172,783303652,100,1238224,5112112,24204,34359738367,494236,17020,7888,9132,108,196529156,194041120,2488036,28,173044,1286116,8216,198172692,195898268,2274424,4,354384,1266728,3940,198172692,195790916,2381776,0,451332,1306912,6084,198134264,195838868,2295396,68,259464,1252356,5964
2026-08-30T20:20:44.619485,791008804,781588588,783323068,100,1191580,5112112,24168,34359738367,494236,17020,7888,9132,108,196529156,194041604,2487552,28,170760,1286116,8228,198172692,195912576,2260116,4,325108,1266728,3928,198172692,195796280,2376412,0,419356,1306912,6076,198134264,195838128,2296136,68,276356,1252356,5936
2026-08-30T20:20:45.624482,791008804,781556324,783290804,104,1260624,5112112,24180,34359738367,494236,17020,7888,9132,108,196529156,194043260,2485896,28,171552,1286116,8240,198172692,195892356,2280336,4,354904,1266728,3944,198172692,195790516,2382176,0,450920,1306912,6080,198134264,195830192,2304072,72,283248,1252356,5916
2026-08-30T20:20:46.627406,791008804,781567036,783301516,116,1263352,5112112,24212,34359738367,494236,17020,7888,9132,108,196529156,194044828,2484328,28,172808,1286116,8232,198172692,195896704,2275988,4,353400,1266728,3916,198172692,195795388,2377304,0,445468,1306912,6140,198134264,195830116,2304148,84,294012,1252356,5924
2026-08-30T20:20:47.632480,791008804,781588640,783323136,124,1238808,5112112,24232,34359738367,494236,17020,7888,9132,108,196529156,194046748,2482408,36,172548,1286116,8228,198172692,195897964,2274728,4,353036,1266728,3916,198172692,195797428,2375264,0,450520,1306912,6168,198134264,195846500,2287764,84,262704,1252356,5920
2026-08-30T20:20:48.635298,791008804,781632452,783366956,124,1103972,5112112,24132,34359738367,494236,17020,7888,9132,108,196529156,194050028,2479128,36,169576,1286116,8216,198172692,195913360,2259332,4,295228,1266728,3888,198172692,195817408,2355284,0,389240,1306912,6104,198134264,195851656,2282608,84,249928,1252356,5924
2026-08-30T20:20:49.636514,791008804,781594024,783328536,128,1240120,5112112,24192,34359738367,494236,17020,7888,9132,108,196529156,194049284,2479872,36,171540,1286116,8240,198172692,195897764,2274928,4,350812,1266728,3928,198172692,195800524,2372168,0,443904,1306912,6140,198134264,195846452,2287812,88,273864,1252356,5884
2026-08-30T20:20:50.639418,791008804,781609456,783343968,128,1253080,5112112,24232,34359738367,494236,17020,7888,9132,108,196529156,194051008,2478148,36,174020,1286116,8224,198172692,195906812,2265880,4,348448,1266728,3944,198172692,195806300,2366392,0,443676,1306912,6156,198134264,195845336,2288928,88,286936,1252356,5908
2026-08-30T20:20:51.644479,791008804,781635812,783370328,128,1246180,5112112,24232,34359738367,494236,17020,7888,9132,108,196529156,194050288,2478868,36,173464,1286116,8256,198172692,195906732,2265960,4,353424,1266728,3888,198172692,195807616,2365076,0,445992,1306912,6148,198134264,195871176,2263088,88,273300,1252356,5940
2026-08-30T20:20:52.648434,791008804,781586292,783320812,136,1258020,5112112,24156,34359738367,494236,17020,7888,9132,108,196529156,194052728,2476428,36,171380,1286116,8220,198172692,195899536,2273156,4,355804,1266728,3880,198172692,195793328,2379364,0,447312,1306912,6124,198134264,195840700,2293564,96,283524,1252356,5932
2026-08-30T20:20:53.652483,791008804,781588436,783322956,136,1242628,5112112,24228,34359738367,494236,17020,7888,9132,108,196529156,194052732,2476424,36,174524,1286116,8264,198172692,195901312,2271380,4,351992,1266728,3900,198172692,195797904,2374788,0,444024,1306912,6128,198134264,195836488,2297776,96,267300,1252356,5936
2026-08-30T20:20:54.656449,791008804,781614224,783348752,136,1269140,5112112,24212,34359738367,494236,17020,7888,9132,108,196529156,194053524,2475632,36,172612,1286116,8236,198172692,195913236,2259456,4,353384,1266728,3916,198172692,195806696,2365996,0,448416,1306912,6116,198134264,195840768,2293496,96,294728,1252356,5944
2026-08-30T20:20:55.660475,791008804,781636140,783370676,148,1260688,5112112,24200,34359738367,494236,17020,7888,9132,108,196529156,194056048,2473108,44,174108,1286116,8248,198172692,195912916,2259776,4,355200,1266728,3932,198172692,195812540,2360152,0,446584,1306912,6104,198134264,195854636,2279628,100,284796,1252356,5916
2026-08-30T20:20:56.663439,791008804,781589828,783324364,148,1243180,5112112,24136,34359738367,494236,17020,7888,9132,108,196529156,194059072,2470084,44,168456,1286116,8224,198172692,195891032,2281660,4,354724,1266728,3916,198172692,195792764,2379928,0,446560,1306912,6052,198134264,195846960,2287304,100,273440,1252356,5944
2026-08-30T20:20:57.668469,791008804,781604744,783339280,148,1252400,5112112,24228,34359738367,494236,17020,7888,9132,108,196529156,194058836,2470320,44,173960,1286116,8248,198172692,195900040,2272652,4,352512,1266728,3956,198172692,195800936,2371756,0,446468,1306912,6064,198134264,195844932,2289332,100,281508,1252356,5960
2026-08-30T20:20:58.671373,791008804,781636908,783371444,148,1251496,5112112,24232,34359738367,494236,17020,7888,9132,108,196529156,194059096,2470060,44,173456,1286116,8256,198172692,195912192,2260500,4,354764,1266728,3936,198172692,195808380,2364312,0,443704,1306912,6088,198134264,195857240,2277024,100,279572,1252356,5952
2026-08-30T20:20:59.676477,791008804,781630620,783365176,160,1229268,5112112,24184,34359738367,494236,17020,7888,9132,108,196529156,194059296,2469860,44,173056,1286116,8264,198172692,195916056,2256636,4,351640,1266728,3944,198172692,195808224,2364468,0,446308,1306912,6040,198134264,195847044,2287220,112,260564,1252356,5936
2026-08-30T20:21:00.680482,791008804,781578136,783312700,116,1247860,5112112,24120,34359738367,494236,17020,7888,9132,108,196529156,194061404,2467752,52,169140,1286116,8220,198172692,195900352,2272340,4,356968,1266728,3912,198172692,195780104,2392588,0,452508,1306912,6040,198134264,195836276,2297988,60,269244,1252356,5948
2026-08-30T20:21:01.683431,791008804,781575576,783310148,120,1241636,5112112,24224,34359738367,494236,17020,7888,9132,108,196529156,194057496,2471660,52,173812,1286116,8292,198172692,195902536,2270156,4,352644,1266728,3952,198172692,195785860,2386832,0,449460,1306912,6032,198134264,195829432,2304832,64,268752,1252356,5948
2026-08-30T20:21:02.688476,791008804,781594208,783328780,76,1254084,5112112,24236,34359738367,494236,17020,7888,9132,108,196529156,194056920,2472236,44,172400,1286116,8284,198172692,195910480,2262212,0,352468,1266728,3956,198172692,195788980,2383712,0,449236,1306912,6048,198134264,195837828,2296436,32,279980,1252356,5948
2026-08-30T20:21:03.691438,791008804,781614220,783348804,112,1252060,5112112,24192,34359738367,494236,17020,7888,9132,108,196529156,194059360,2469796,52,173340,1286116,8280,198172692,195919032,2253660,4,350620,1266728,3948,198172692,195789736,2382956,0,446864,1306912,6048,198134264,195846092,2288172,56,281236,1252356,5916
2026-08-30T20:21:04.696448,791008804,781618592,783353176,112,1256136,5112112,24160,34359738367,494236,17020,7888,9132,108,196529156,194059360,2469796,52,171320,1286116,8252,198172692,195907876,2264816,4,356148,1266728,3960,198172692,195800196,2372496,0,449680,1306912,6040,198134264,195851160,2283104,56,278988,1252356,5908
2026-08-30T20:21:05.698244,791008804,781630228,783364816,120,1244292,5112112,24208,34359738367,494236,17020,7888,9132,108,196529156,194057624,2471532,52,173200,1286116,8268,198172692,195914276,2258416,4,355032,1266728,3948,198172692,195798964,2373728,0,449056,1306912,6080,198134264,195859364,2274900,64,267004,1252356,5912
2026-08-30T20:21:06.700044,791008804,781654816,783389404,120,1233704,5112112,24220,34359738367,494236,17020,7888,9132,108,196529156,194058380,2470776,52,173984,1286116,8236,198172692,195924600,2248092,4,350128,1266728,3968,198172692,195807768,2364924,0,446472,1306912,6104,198134264,195864068,2270196,64,263120,1252356,5912
2026-08-30T20:21:07.704427,791008804,781651744,783386336,128,1232228,5112112,24200,34359738367,494236,17020,7888,9132,108,196529156,194059388,2469768,60,173268,1286116,8220,198172692,195924604,2248088,4,338056,1266728,3916,198172692,195812368,2360324,0,434072,1306912,6128,198134264,195855384,2278880,64,286832,1252356,5936
2026-08-30T20:21:08.706182,791008804,781658244,783392836,132,1232020,5112112,24128,34359738367,494236,17020,7888,9132,108,196529156,194062412,2466744,60,168196,1286116,8216,198172692,195922688,2250004,4,346912,1266728,3912,198172692,195813912,2358780,0,436896,1306912,6104,198134264,195859232,2275032,68,274968,1252356,5896
2026-08-30T20:21:09.712436,791008804,781632928,783367520,132,1258136,5112112,24204,34359738367,494236,17020,7888,9132,108,196529156,194060648,2468508,60,172192,1286116,8244,198172692,195918608,2254084,4,354572,1266728,3944,198172692,195803956,2368736,0,446676,1306912,6116,198134264,195849716,2284548,68,284696,1252356,5900
2026-08-30T20:21:10.714207,791008804,781661852,783396452,80,1237664,5112112,24212,34359738367,494236,17020,7888,9132,108,196529156,194062092,2467064,8,173824,1286116,8220,198172692,195928488,2244204,4,354444,1266728,3960,198172692,195812212,2360480,0,443956,1306912,6124,198134264,195859060,2275204,68,265440,1252356,5908
2026-08-30T20:21:11.716185,791008804,781688856,783423476,88,1200928,5112112,24184,34359738367,494236,17020,7888,9132,108,196529156,194063604,2465552,8,173432,1286116,8220,198172692,195945068,2227624,4,333576,1266728,3980,198172692,195819344,2353348,0,428872,1306912,6088,198134264,195860840,2273424,76,265048,1252356,5896
2026-08-30T20:21:12.720476,791008804,781686088,783420708,88,1244388,5112112,24112,34359738367,494236,17020,7888,9132,108,196529156,194063616,2465540,8,168288,1286116,8192,198172692,195947408,2225284,4,353652,1266728,3960,198172692,195822012,2350680,0,450888,1306912,6088,198134264,195853052,2281212,76,271560,1252356,5872
2026-08-30T20:21:13.723352,791008804,781704964,783439588,92,1271408,5112112,24216,34359738367,494236,17020,7888,9132,108,196529156,194065072,2464084,8,172512,1286116,8208,198172692,195955124,2217568,4,355288,1266728,3968,198172692,195826864,2345828,0,448272,1306912,6144,198134264,195857904,2276360,80,295336,1252356,5896
2026-08-30T20:21:14.728475,791008804,781710852,783445476,112,1244888,5112112,24232,34359738367,494236,17020,7888,9132,108,196529156,194068348,2460808,20,172736,1286116,8188,198172692,195955672,2217020,4,351596,1266728,3988,198172692,195828476,2344216,0,448464,1306912,6164,198134264,195858356,2275908,88,264560,1252356,5892
2026-08-30T20:21:15.731268,791008804,781752868,783487500,112,1143084,5112112,24184,34359738367,494236,17020,7888,9132,108,196529156,194069944,2459212,20,171432,1286116,8196,198172692,195967316,2205376,4,307832,1266728,3964,198172692,195849464,2323228,0,402784,1306912,6104,198134264,195866144,2268120,88,261036,1252356,5920
2026-08-30T20:21:16.736477,791008804,781693316,783427952,116,1250740,5112112,24120,34359738367,494236,17020,7888,9132,108,196529156,194072720,2456436,20,168732,1286116,8196,198172692,195929952,2242740,4,354740,1266728,3932,198172692,195816428,2356264,0,450692,1306912,6112,198134264,195874216,2260048,92,276576,1252356,5880
2026-08-30T20:21:17.739397,791008804,781699808,783434448,120,1254852,5112112,24220,34359738367,494236,17020,7888,9132,108,196529156,194072840,2456316,20,172492,1286116,8248,198172692,195936016,2236676,4,352784,1266728,3920,198172692,195818444,2354248,0,445776,1306912,6116,198134264,195872508,2261756,96,283800,1252356,5936
2026-08-30T20:21:18.744468,791008804,781691820,783426460,124,1232036,5112112,24200,34359738367,494236,17020,7888,9132,108,196529156,194072088,2457068,20,173512,1286116,8232,198172692,195934824,2237868,4,354200,1266728,3900,198172692,195818480,2354212,0,448548,1306912,6124,198134264,195866428,2267836,100,255776,1252356,5944
2026-08-30T20:21:19.747344,791008804,781721968,783456608,124,1102036,5112112,24164,34359738367,494236,17020,7888,9132,108,196529156,194074592,2454564,20,170316,1286116,8236,198172692,195937456,2235236,4,295612,1266728,3912,198172692,195838624,2334068,0,389908,1306912,6104,198134264,195871296,2262968,100,246200,1252356,5912
2026-08-30T20:21:20.748512,791008804,781695348,783430008,100,1217980,5112112,24196,34359738367,494236,17020,7888,9132,108,196529156,194075128,2454028,20,172528,1286116,8252,198172692,195928780,2243912,4,352472,1266728,3912,198172692,195827536,2345156,0,441460,1306912,6116,198134264,195863904,2270360,76,253992,1252356,5916
2026-08-30T20:21:21.751295,791008804,781713324,783448000,108,1249668,5112112,24204,34359738367,494236,17020,7888,9132,108,196529156,194076676,2452480,28,172212,1286116,8224,198172692,195937628,2235064,4,356564,1266728,3908,198172692,195835760,2336932,0,444440,1306912,6144,198134264,195863260,2271004,80,276688,1252356,5924
2026-08-30T20:21:22.756478,791008804,781737364,783472048,112,1226420,5112112,24216,34359738367,494236,17020,7888,9132,108,196529156,194080548,2448608,28,171548,1286116,8236,198172692,195949684,2223008,4,351328,1266728,3932,198172692,195831612,2341080,0,444048,1306912,6136,198134264,195875520,2258744,80,259496,1252356,5912
2026-08-30T20:21:23.759389,791008804,781701416,783436108,124,1241792,5112112,24156,34359738367,494236,17020,7888,9132,108,196529156,194082316,2446840,28,171232,1286116,8240,198172692,195935632,2237060,4,355544,1266728,3908,198172692,195821664,2351028,0,444064,1306912,6104,198134264,195861804,2272460,92,270952,1252356,5904
2026-08-30T20:21:24.764499,791008804,781702644,783437336,124,1255564,5112112,24232,34359738367,494236,17020,7888,9132,108,196529156,194082568,2446588,28,173036,1286116,8268,198172692,195934092,2238600,4,353964,1266728,3912,198172692,195824672,2348020,0,449124,1306912,6120,198134264,195861312,2272952,92,279440,1252356,5932
2026-08-30T20:21:25.767326,791008804,781707172,783441868,128,1259232,5112112,24228,34359738367,494236,17020,7888,9132,108,196529156,194079672,2449484,28,172204,1286116,8272,198172692,195938720,2233972,4,349216,1266728,3912,198172692,195830532,2342160,0,444116,1306912,6120,198134264,195858248,2276016,96,293696,1252356,5924
2026-08-30T20:21:26.772458,791008804,781716948,783451644,128,1257244,5112112,24180,34359738367,494236,17020,7888,9132,108,196529156,194082316,2446840,28,173332,1286116,8260,198172692,195939008,2233684,4,354272,1266728,3888,198172692,195833740,2338952,0,450980,1306912,6088,198134264,195861884,2272380,96,278660,1252356,5944
2026-08-30T20:21:27.774242,791008804,781707648,783442344,128,1242144,5112112,24124,34359738367,494236,17020,7888,9132,108,196529156,194082112,2447044,28,168244,1286116,8260,198172692,195932788,2239904,4,354332,1266728,3896,198172692,195832920,2339772,0,441624,1306912,6024,198134264,195859828,2274436,96,277944,1252356,5944
2026-08-30T20:21:28.780482,791008804,781699120,783433824,140,1238916,5112112,24244,34359738367,494236,17020,7888,9132,108,196529156,194081604,2447552,36,173772,1286116,8256,198172692,195938652,2234040,4,350348,1266728,3916,198172692,195830368,2342324,0,448448,1306912,6096,198134264,195848496,2285768,100,266348,1252356,5976
2026-08-30T20:21:29.783387,791008804,781722476,783457180,140,1268684,5112112,24204,34359738367,494236,17020,7888,9132,108,196529156,194081024,2448132,36,174148,1286116,8236,198172692,195938932,2233760,4,353720,1266728,3952,198172692,195839568,2333124,0,448528,1306912,6072,198134264,195862952,2271312,100,292288,1252356,5944
2026-08-30T20:21:30.788486,791008804,781730544,783465260,136,1232584,5112112,24196,34359738367,494236,17020,7888,9132,108,196529156,194082036,2447120,36,172224,1286116,8228,198172692,195941648,2231044,4,349892,1266728,3932,198172692,195841856,2330836,0,446924,1306912,6072,198134264,195865004,2269260,96,263544,1252356,5964
2026-08-30T20:21:31.790832,791008804,781765356,783500780,140,1109956,1838016,24128,34359738367,494236,17020,7888,9132,108,196529156,194083052,2446104,36,169244,469104,8244,198172692,195967520,2205172,4,297628,447008,3908,198172692,195845696,2326996,0,390300,483760,6048,198134264,195869088,2265176,100,252784,429000,5928
2026-08-30T20:21:32.791970,791008804,785695556,784529652,216,184292,153048,10328,34359738367,490220,17020,7888,9132,108,196529156,194930292,1598864,60,54112,49508,4800,198172692,196987800,1184892,12,5552,28860,576,198172692,196876500,1296192,4,98032,65376,2488,198134264,196902500,1231764,140,26596,9304,2464
2026-08-30T20:21:33.792816,791008804,787705992,785337920,524,223760,162872,10188,34359738367,491228,17020,7888,9132,108,196529156,195428524,1100632,0,63704,51864,4748,198172692,197494996,677696,0,13180,31360,528,198172692,197383544,789148,0,108208,67860,2496,198134264,197398928,735336,524,38668,11788,2416
2026-08-30T20:21:34.793983,791008804,787633300,785294524,660,261436,188772,10852,34359738367,492236,17020,7888,9132,108,196529156,195407856,1121300,4,73356,57656,4956,198172692,197479072,693620,0,22652,37692,688,198172692,197366120,806572,0,117460,74820,2620,198134264,197379748,754516,656,47968,18604,2588
2026-08-30T20:21:35.795173,791008804,787665136,785311764,156,304604,208132,11284,34359738367,492252,17020,7888,9132,108,196529156,195418000,1111156,16,83260,63128,5064,198172692,197486704,685988,0,33836,42536,828,198172692,197373320,799372,0,127344,79300,2704,198134264,197387112,747152,140,60164,23168,2688
2026-08-30T20:21:36.796649,791008804,787391280,785131768,668,377188,386952,11932,34359738367,494204,17020,7888,9132,108,196529156,195342048,1187108,4,104544,112628,5232,198172692,197425408,747284,0,53372,82412,996,198172692,197293292,879400,0,146392,129452,2860,198134264,197330532,803732,664,72880,62460,2844
2026-08-30T20:21:37.800427,791008804,787045692,784872428,672,619376,553980,13592,34359738367,494204,17020,7888,9132,108,196529156,195260040,1269116,4,167268,154460,5604,198172692,197332276,840416,0,114312,123776,1496,198172692,197216188,956504,0,206680,171372,3188,198134264,197237188,897076,668,131116,104372,3304
2026-08-30T20:21:38.801665,791008804,786977812,784825120,672,664988,611296,13984,34359738367,494204,17020,7888,9132,108,196529156,195243988,1285168,4,178584,168772,5700,198172692,197315512,857180,0,125876,138304,1604,198172692,197198916,973776,0,218348,185620,3296,198134264,197219396,914868,668,142180,118600,3384
2026-08-30T20:21:39.802896,791008804,786976300,784823608,672,669312,611296,13996,34359738367,494188,17020,7888,9132,108,196529156,195243988,1285168,4,179712,168772,5704,198172692,197315512,857180,0,126916,138304,1604,198172692,197197656,975036,0,219416,185620,3296,198134264,197219144,915120,668,143268,118600,3392
2026-08-30T20:21:40.804214,791008804,786993272,784840580,676,670312,611296,13996,34359738367,493804,17020,7888,9132,108,196529156,195249212,1279944,4,180008,168772,5704,198172692,197318732,853960,0,127144,138304,1604,198172692,197201240,971452,0,219648,185620,3296,198134264,197224088,910176,672,143512,118600,3392
2026-08-30T20:21:41.808430,791008804,787043228,784890544,688,672268,611296,14000,34359738367,494204,17020,7888,9132,108,196529156,195263460,1265696,4,179984,168772,5696,198172692,197331092,841600,0,127112,138304,1612,198172692,197209900,962792,0,221640,185620,3296,198134264,197238776,895488,684,143532,118600,3396
2026-08-30T20:21:42.809663,791008804,787041476,784888800,708,673120,611296,14004,34359738367,494204,17020,7888,9132,108,196529156,195262704,1266452,16,180192,168772,5696,198172692,197330336,842356,4,127352,138304,1612,198172692,197208892,963800,4,221872,185620,3300,198134264,197239544,894720,684,143704,118600,3396
2026-08-30T20:21:43.810961,791008804,787050036,784897360,716,673608,611296,14004,34359738367,494172,17020,7888,9132,108,196529156,195262704,1266452,16,180312,168772,5696,198172692,197332520,840172,4,127476,138304,1612,198172692,197213700,958992,4,221996,185620,3300,198134264,197241112,893152,692,143824,118600,3396
2026-08-30T20:21:44.812251,791008804,787089324,784936648,716,673956,611296,14004,34359738367,494156,17020,7888,9132,108,196529156,195269392,1259764,16,180432,168772,5696,198172692,197339428,833264,4,127604,138304,1612,198172692,197224736,947956,4,221980,185620,3300,198134264,197255768,878496,692,143940,118600,3396
2026-08-30T20:21:45.813541,791008804,787131116,784978440,716,673316,611296,13520,34359738367,493644,17020,7888,9132,108,196529156,195280556,1248600,16,180312,168772,5572,198172692,197350908,821784,4,127396,138304,1484,198172692,197235752,936940,4,221788,185620,3188,198134264,197263900,870364,692,143820,118600,3276
2026-08-30T20:21:46.816428,791008804,787147664,784994988,716,674284,611296,14004,34359738367,494156,17020,7888,9132,108,196529156,195278816,1250340,16,180516,168772,5700,198172692,197356060,816632,4,127668,138304,1608,198172692,197241080,931612,4,222072,185620,3300,198134264,197271708,862556,692,144028,118600,3396
2026-08-30T20:21:47.817678,791008804,787210584,785057908,720,674288,611296,14004,34359738367,494156,17020,7888,9132,108,196529156,195291512,1237644,16,180516,168772,5700,198172692,197374944,797748,4,127668,138304,1608,198172692,197254192,918500,4,222072,185620,3300,198134264,197289936,844328,696,144032,118600,3396
2026-08-30T20:21:48.820437,791008804,787256492,785103816,728,674288,611296,14004,34359738367,494124,17020,7888,9132,108,196529156,195302576,1226580,24,180516,168772,5700,198172692,197387828,784864,4,127668,138304,1608,198172692,197265552,907140,4,222072,185620,3300,198134264,197300536,833728,696,144032,118600,3396
2026-08-30T20:21:49.821705,791008804,787291060,785138384,736,673304,611296,13516,34359738367,492156,17020,7888,9132,108,196529156,195304604,1224552,24,180308,168772,5568,198172692,197399392,773300,4,127396,138304,1488,198172692,197273888,898804,4,221788,185620,3188,198134264,197313176,821088,704,143812,118600,3272
2026-08-30T20:21:50.824427,791008804,787363976,785211300,740,674144,611296,14004,34359738367,494172,17020,7888,9132,108,196529156,195315660,1213496,24,180468,168772,5700,198172692,197415732,756960,4,127624,138304,1604,198172692,197294076,878616,4,222040,185620,3304,198134264,197338508,795756,708,144012,118600,3396
2026-08-30T20:21:51.825680,791008804,787390268,785237604,740,674288,611296,14004,34359738367,494172,17020,7888,9132,108,196529156,195322916,1206240,24,180516,168772,5700,198172692,197424132,748560,4,127668,138304,1604,198172692,197299164,873528,4,222072,185620,3304,198134264,197344056,790208,708,144032,118600,3396
2026-08-30T20:21:52.828426,791008804,787410324,785257672,740,674288,611296,14004,34359738367,494140,17020,7888,9132,108,196529156,195326908,1202248,24,180516,168772,5700,198172692,197427580,745112,4,127668,138304,1604,198172692,197304608,868084,4,222072,185620,3304,198134264,197351228,783036,708,144032,118600,3396
2026-08-30T20:21:53.829697,791008804,787447364,785294712,744,674232,611296,13984,34359738367,492188,17020,7888,9132,108,196529156,195330940,1198216,24,180508,168772,5692,198172692,197439712,732980,4,127652,138304,1596,198172692,197314824,857868,4,222052,185620,3304,198134264,197361888,772376,712,144020,118600,3392
2026-08-30T20:21:54.832428,791008804,787485644,785332992,752,673992,611296,14004,34359738367,494172,17020,7888,9132,108,196529156,195332944,1196212,32,180428,168772,5688,198172692,197451344,721348,4,127588,138304,1596,198172692,197325300,847392,4,221996,185620,3320,198134264,197376056,758208,712,143980,118600,3400
2026-08-30T20:21:55.833711,791008804,787507324,785354672,752,674288,611296,14004,34359738367,494172,17020,7888,9132,108,196529156,195335844,1193312,32,180516,168772,5688,198172692,197456400,716292,4,127668,138304,1596,198172692,197335324,837368,4,222072,185620,3320,198134264,197379756,754508,712,144032,118600,3400
2026-08-30T20:21:56.836431,791008804,787530764,785378112,760,674288,611296,14004,34359738367,494156,17020,7888,9132,108,196529156,195337256,1191900,32,180516,168772,5688,198172692,197465660,707032,4,127668,138304,1596,198172692,197342264,830428,4,222072,185620,3320,198134264,197385584,748680,720,144032,118600,3400
2026-08-30T20:21:57.837669,791008804,787582464,785429812,760,674288,611296,14004,34359738367,493452,17020,7888,9132,108,196529156,195346440,1182716,32,180516,168772,5688,198172692,197477200,695492,4,127668,138304,1596,198172692,197361312,811380,4,222072,185620,3320,198134264,197397512,736752,720,144032,118600,3400
2026-08-30T20:21:58.840439,791008804,787588480,785435828,760,673932,611296,14004,34359738367,494172,17020,7888,9132,108,196529156,195346828,1182328,32,180424,168772,5692,198172692,197479092,693600,4,127560,138304,1596,198172692,197362160,810532,4,221972,185620,3320,198134264,197400400,733864,720,143976,118600,3396
2026-08-30T20:21:59.841704,791008804,787600616,785447964,764,674280,611296,14004,34359738367,494172,17020,7888,9132,108,196529156,195345264,1183892,32,180512,168772,5692,198172692,197486492,686200,4,127668,138304,1596,198172692,197364844,807848,4,222072,185620,3320,198134264,197404016,730248,724,144028,118600,3396
2026-08-30T20:22:00.844426,791008804,787613908,785461256,764,674288,611296,14004,34359738367,494156,17020,7888,9132,108,196529156,195345552,1183604,32,180516,168772,5692,198172692,197489276,683416,4,127668,138304,1596,198172692,197371964,800728,4,222072,185620,3320,198134264,197407116,727148,724,144032,118600,3396
2026-08-30T20:22:01.845654,791008804,787625436,785473044,772,674288,611296,14004,34359738367,494124,17020,7888,9132,108,196529156,195347208,1181948,40,180516,168772,5692,198172692,197492236,680456,4,127668,138304,1596,198172692,197376660,796032,4,222072,185620,3320,198134264,197409332,724932,724,144032,118600,3396
2026-08-30T20:22:02.848432,791008804,787633740,785481476,784,673876,611296,14004,34359738367,494172,17020,7888,9132,108,196529156,195348748,1180408,40,180412,168772,5688,198172692,197494828,677864,4,127544,138304,1596,198172692,197378208,794484,4,221952,185620,3316,198134264,197411956,722308,736,143968,118600,3404
2026-08-30T20:22:03.849658,791008804,787630568,785478304,784,674284,611296,14004,34359738367,494172,17020,7888,9132,108,196529156,195345356,1183800,40,180516,168772,5688,198172692,197492948,679744,4,127664,138304,1596,198172692,197379340,793352,4,222072,185620,3316,198134264,197412924,721340,736,144032,118600,3404
2026-08-30T20:22:04.852425,791008804,787645676,785493412,784,674288,611296,14004,34359738367,494156,17020,7888,9132,108,196529156,195346000,1183156,40,180516,168772,5688,198172692,197497500,675192,4,127668,138304,1596,198172692,197384740,787952,4,222072,185620,3316,198134264,197417436,716828,736,144032,118600,3404
2026-08-30T20:22:05.853644,791008804,787659808,785507544,788,674288,611296,14004,34359738367,494140,17020,7888,9132,108,196529156,195350352,1178804,40,180516,168772,5688,198172692,197501992,670700,4,127668,138304,1596,198172692,197385960,786732,4,222072,185620,3316,198134264,197421504,712760,740,144032,118600,3404
2026-08-30T20:22:06.854927,791008804,787678224,785525972,176,673304,611296,13516,34359738367,492156,17020,7888,9132,108,196529156,195354184,1174972,40,180308,168772,5568,198172692,197506352,666340,4,127396,138304,1484,198172692,197394092,778600,4,221788,185620,3192,198134264,197423596,710668,128,143812,118600,3272
2026-08-30T20:22:07.856167,791008804,787658084,785505832,44,674236,611296,14004,34359738367,494172,17020,7888,9132,108,196529156,195347632,1181524,36,180504,168772,5712,198172692,197502512,670180,0,127660,138304,1600,198172692,197388096,784596,0,222052,185620,3296,198134264,197419844,714420,8,144020,118600,3396
2026-08-30T20:22:08.860430,791008804,787663668,785511416,48,674288,611296,14004,34359738367,494172,17020,7888,9132,108,196529156,195347280,1181876,36,180516,168772,5712,198172692,197505312,667380,0,127668,138304,1600,198172692,197389656,783036,0,222072,185620,3296,198134264,197421420,712844,12,144032,118600,3396
2026-08-30T20:22:09.861683,791008804,787665896,785513644,100,674288,611296,14004,34359738367,494140,17020,7888,9132,108,196529156,195347956,1181200,52,180516,168772,5712,198172692,197505748,666944,4,127668,138304,1600,198172692,197390376,782316,0,222072,185620,3296,198134264,197421816,712448,44,144032,118600,3396
2026-08-30T20:22:10.862969,791008804,787687304,785535052,100,673304,611296,13520,34359738367,492156,17020,7888,9132,108,196529156,195353944,1175212,52,180312,168772,5572,198172692,197512956,659736,4,127392,138304,1488,198172692,197395496,777196,0,221784,185620,3188,198134264,197424908,709356,44,143816,118600,3272
2026-08-30T20:22:11.863982,791008804,787674544,785522292,104,674144,611296,14004,34359738367,494172,17020,7888,9132,108,196529156,195349716,1179440,52,180464,168772,5692,198172692,197507444,665248,4,127640,138304,1612,198172692,197393544,779148,0,222032,185620,3308,198134264,197423840,710424,48,144008,118600,3392
2026-08-30T20:22:12.868428,791008804,787673028,785520800,60,674288,611296,14004,34359738367,494172,17020,7888,9132,108,196529156,195347800,1181356,8,180516,168772,5692,198172692,197506464,666228,4,127668,138304,1612,198172692,197393616,779076,0,222072,185620,3308,198134264,197425148,709116,48,144032,118600,3392
2026-08-30T20:22:13.869662,791008804,787674352,785522124,68,674288,611296,14004,34359738367,494156,17020,7888,9132,108,196529156,195348056,1181100,8,180516,168772,5692,198172692,197506592,666100,4,127668,138304,1612,198172692,197394060,778632,0,222072,185620,3308,198134264,197425644,708620,56,144032,118600,3392
2026-08-30T20:22:14.870926,791008804,787677424,785525196,84,674232,611296,14004,34359738367,492252,17020,7888,9132,108,196529156,195348360,1180796,8,180504,168772,5692,198172692,197506788,665904,4,127656,138304,1612,198172692,197396324,776368,0,222056,185620,3308,198134264,197425952,708312,72,144016,118600,3392
2026-08-30T20:22:15.872209,791008804,787691092,785538864,96,673976,611296,14004,34359738367,494172,17020,7888,9132,108,196529156,195351460,1177696,20,180428,168772,5688,198172692,197511132,661560,4,127588,138304,1600,198172692,197398660,774032,0,221984,185620,3316,198134264,197429840,704424,72,143976,118600,3400
2026-08-30T20:22:16.876428,791008804,787682540,785530312,96,674292,611296,14004,34359738367,494172,17020,7888,9132,108,196529156,195349712,1179444,20,180516,168772,5688,198172692,197507856,664836,4,127668,138304,1600,198172692,197396896,775796,0,222072,185620,3316,198134264,197428076,706188,72,144036,118600,3400
2026-08-30T20:22:17.877645,791008804,787684864,785532636,96,674292,611296,14004,34359738367,494172,17020,7888,9132,108,196529156,195349788,1179368,20,180516,168772,5688,198172692,197509936,662756,4,127668,138304,1600,198172692,197396932,775760,0,222072,185620,3316,198134264,197428208,706056,72,144036,118600,3400
2026-08-30T20:22:18.878855,791008804,787694140,785541912,100,674292,611296,14004,34359738367,493772,17020,7888,9132,108,196529156,195352136,1177020,20,180516,168772,5688,198172692,197512440,660252,4,127668,138304,1600,198172692,197399596,773096,0,222072,185620,3316,198134264,197429968,704296,76,144036,118600,3400
2026-08-30T20:22:19.880136,791008804,787704340,785552112,100,673308,611296,13596,34359738367,492172,17020,7888,9132,108,196529156,195354924,1174232,20,180312,168772,5600,198172692,197515460,657232,4,127392,138304,1500,198172692,197402168,770524,0,221784,185620,3200,198134264,197431788,702476,76,143820,118600,3296
2026-08-30T20:22:20.884435,791008804,787682284,785530056,100,674112,611296,14004,34359738367,494156,17020,7888,9132,108,196529156,195347896,1181260,20,180476,168772,5688,198172692,197508940,663752,4,127624,138304,1592,198172692,197397412,775280,0,222004,185620,3316,198134264,197428036,706228,76,144008,118600,3408
2026-08-30T20:22:21.885719,791008804,787678584,785526356,100,674292,611296,14004,34359738367,494156,17020,7888,9132,108,196529156,195346764,1182392,20,180516,168772,5688,198172692,197507796,664896,4,127668,138304,1592,198172692,197396648,776044,0,222072,185620,3316,198134264,197427376,706888,76,144036,118600,3408
2026-08-30T20:22:22.886995,791008804,787676424,785524224,116,674420,611296,14004,34359738367,494140,17020,7888,9132,108,196529156,195347316,1181840,28,180516,168772,5688,198172692,197508304,664388,4,127668,138304,1592,198172692,197392872,779820,0,222200,185620,3316,198134264,197427932,706332,84,144036,118600,3408
2026-08-30T20:22:23.888249,791008804,787677328,785525128,116,674420,611296,14004,34359738367,492940,17020,7888,9132,108,196529156,195347604,1181552,28,180516,168772,5688,198172692,197508588,664104,4,127668,138304,1592,198172692,197392908,779784,0,222200,185620,3316,198134264,197428228,706036,84,144036,118600,3408
2026-08-30T20:22:24.892430,791008804,787670916,785518716,116,674100,611296,14004,34359738367,494172,17020,7888,9132,108,196529156,195346372,1182784,28,180424,168772,5684,198172692,197506376,666316,4,127564,138304,1608,198172692,197391172,781520,0,222124,185620,3312,198134264,197426996,707268,84,143988,118600,3400
2026-08-30T20:22:25.893754,791008804,787678488,785526288,120,674420,611296,14004,34359738367,494172,17020,7888,9132,108,196529156,195348704,1180452,28,180516,168772,5684,198172692,197508720,663972,4,127668,138304,1608,198172692,197393884,778808,0,222200,185620,3312,198134264,197427180,707084,88,144036,118600,3400
2026-08-30T20:22:26.895009,791008804,787687012,785534812,120,674420,611296,14004,34359738367,494156,17020,7888,9132,108,196529156,195351024,1178132,28,180516,168772,5684,198172692,197511276,661416,4,127668,138304,1608,198172692,197396464,776228,0,222200,185620,3312,198134264,197428248,706016,88,144036,118600,3400
2026-08-30T20:22:27.896288,791008804,787694784,785542584,128,674420,611296,14004,34359738367,494108,17020,7888,9132,108,196529156,195352220,1176936,28,180516,168772,5684,198172692,197513216,659476,4,127668,138304,1608,198172692,197399876,772816,0,222200,185620,3312,198134264,197429472,704792,96,144036,118600,3400
2026-08-30T20:22:28.900434,791008804,787693592,785541392,140,674040,611296,14004,34359738367,494172,17020,7888,9132,108,196529156,195352072,1177084,36,180412,168772,5680,198172692,197513408,659284,4,127548,138304,1612,198172692,197398796,773896,0,222100,185620,3324,198134264,197429316,704948,100,143980,118600,3388
2026-08-30T20:22:29.901667,791008804,787680716,785528516,140,674400,611296,14004,34359738367,494172,17020,7888,9132,108,196529156,195347820,1181336,36,180512,168772,5680,198172692,197509944,662748,4,127656,138304,1612,198172692,197395856,776836,0,222196,185620,3324,198134264,197427096,707168,100,144036,118600,3388
2026-08-30T20:22:30.902922,791008804,787684772,785532572,140,674420,611296,14004,34359738367,494156,17020,7888,9132,108,196529156,195347868,1181288,36,180516,168772,5680,198172692,197509492,663200,4,127668,138304,1612,198172692,197395896,776796,0,222200,185620,3324,198134264,197431516,702748,100,144036,118600,3388
2026-08-30T20:22:31.904154,791008804,787693920,785541720,144,674420,611296,14004,34359738367,494140,17020,7888,9132,108,196529156,195349644,1179512,36,180516,168772,5680,198172692,197513344,659348,4,127668,138304,1612,198172692,197398104,774588,0,222200,185620,3324,198134264,197432828,701436,104,144036,118600,3388
2026-08-30T20:22:32.908434,791008804,787693172,785540988,144,673852,611296,13516,34359738367,494188,17020,7888,9132,108,196529156,195345536,1183620,36,186460,168772,5564,198172692,197512328,660364,4,125680,138304,1488,198172692,197400928,771764,0,219908,185620,3192,198134264,197434380,699884,104,141804,118600,3272
2026-08-30T20:22:33.909686,791008804,787683812,785531636,144,674748,611296,14004,34359738367,494172,17020,7888,9132,108,196529156,195343304,1185852,36,186668,168772,5688,198172692,197510648,662044,4,125940,138304,1604,198172692,197397932,774760,0,220152,185620,3308,198134264,197431928,702336,104,141988,118600,3404
2026-08-30T20:22:34.910969,791008804,787689140,785536964,156,674748,611296,14004,34359738367,494172,17020,7888,9132,108,196529156,195343556,1185600,44,186668,168772,5688,198172692,197511268,661424,4,125940,138304,1604,198172692,197397944,774748,0,220152,185620,3308,198134264,197436372,697892,108,141988,118600,3404
2026-08-30T20:22:35.912261,791008804,787690464,785538288,160,674748,611296,14004,34359738367,494140,17020,7888,9132,108,196529156,195343876,1185280,44,186668,168772,5688,198172692,197511504,661188,4,125940,138304,1604,198172692,197398244,774448,0,220152,185620,3308,198134264,197436840,697424,112,141988,118600,3404
2026-08-30T20:22:36.913615,791008804,787702316,785550140,160,673764,611296,13520,34359738367,492156,17020,7888,9132,108,196529156,195346464,1182692,44,186464,168772,5568,198172692,197514604,658088,4,125664,138304,1488,198172692,197401004,771688,0,219864,185620,3192,198134264,197440244,694020,112,141772,118600,3272
2026-08-30T20:22:37.916431,791008804,787681716,785529540,148,674660,611296,14004,34359738367,494172,17020,7888,9132,108,196529156,195341064,1188092,44,186640,168772,5696,198172692,197508080,664612,4,125920,138304,1608,198172692,197394744,777948,0,220136,185620,3304,198134264,197437828,696436,100,141964,118600,3396
2026-08-30T20:22:38.917668,791008804,787680348,785528172,152,674748,611296,14004,34359738367,494172,17020,7888,9132,108,196529156,195339552,1189604,44,186668,168772,5696,198172692,197509228,663464,4,125940,138304,1608,198172692,197394492,778200,0,220152,185620,3304,198134264,197437076,697188,104,141988,118600,3396
2026-08-30T20:22:39.920428,791008804,787681656,785529480,104,674748,611296,14004,34359738367,494140,17020,7888,9132,108,196529156,195339656,1189500,36,186668,168772,5696,198172692,197509564,663128,0,125940,138304,1608,198172692,197394828,777864,0,220152,185620,3304,198134264,197437608,696656,68,141988,118600,3396
2026-08-30T20:22:40.921768,791008804,787699548,785547372,116,674692,611296,13984,34359738367,492172,17020,7888,9132,108,196529156,195344468,1184688,36,186656,168772,5688,198172692,197515564,657128,0,125928,138304,1596,198172692,197399772,772920,0,220136,185620,3304,198134264,197439744,694520,80,141972,118600,3396
2026-08-30T20:22:41.924433,791008804,787689832,785537656,140,674492,611296,14004,34359738367,494172,17020,7888,9132,108,196529156,195343228,1185928,40,186600,168772,5688,198172692,197511812,660880,0,125868,138304,1588,198172692,197397024,775668,0,220076,185620,3316,198134264,197437768,696496,100,141948,118600,3412
2026-08-30T20:22:42.925662,791008804,787677668,785525508,100,674940,611296,14004,34359738367,494172,17020,7888,9132,108,196529156,195327120,1202036,48,198956,168772,5688,198172692,197512912,659780,0,121908,138304,1588,198172692,197401108,771584,0,216120,185620,3316,198134264,197436528,697736,52,137956,118600,3412
2026-08-30T20:22:43.928425,791008804,787678740,785526592,104,674748,611296,14004,34359738367,494156,17020,7888,9132,108,196529156,195327548,1201608,48,198956,168772,5688,198172692,197513232,659460,0,121844,138304,1588,198172692,197401284,771408,0,216056,185620,3316,198134264,197436676,697588,56,137892,118600,3412
2026-08-30T20:22:44.929675,791008804,787681712,785529564,108,674748,611296,14004,34359738367,493372,17020,7888,9132,108,196529156,195329492,1199664,48,198956,168772,5688,198172692,197513560,659132,0,121844,138304,1588,198172692,197401752,770940,0,216056,185620,3316,198134264,197436908,697356,60,137892,118600,3412
2026-08-30T20:22:45.932431,791008804,787678736,785526588,108,674412,611296,14004,34359738367,494172,17020,7888,9132,108,196529156,195327808,1201348,48,198864,168772,5708,198172692,197513592,659100,0,121736,138304,1592,198172692,197400604,772088,0,215964,185620,3304,198134264,197436732,697532,60,137848,118600,3400
2026-08-30T20:22:46.933656,791008804,787683628,785531480,108,674748,611296,14004,34359738367,494172,17020,7888,9132,108,196529156,195329900,1199256,48,198956,168772,5708,198172692,197513552,659140,0,121844,138304,1592,198172692,197402908,769784,0,216056,185620,3304,198134264,197437268,696996,60,137892,118600,3400
2026-08-30T20:22:47.936421,791008804,787683904,785531756,124,674748,611296,14004,34359738367,494156,17020,7888,9132,108,196529156,195329904,1199252,52,198956,168772,5708,198172692,197513808,658884,4,121844,138304,1592,198172692,197402924,769768,0,216056,185620,3304,198134264,197437268,696996,68,137892,118600,3400
2026-08-30T20:22:48.937708,791008804,787690420,785538276,56,674748,611296,14004,34359738367,494124,17020,7888,9132,108,196529156,195332204,1196952,8,198956,168772,5708,198172692,197515112,657580,4,121844,138304,1592,198172692,197404668,768024,0,216056,185620,3304,198134264,197438436,695828,44,137892,118600,3400
2026-08-30T20:22:49.940429,791008804,787692312,785540168,68,674356,611296,14004,34359738367,494172,17020,7888,9132,108,196529156,195331852,1197304,20,198848,168772,5708,198172692,197518480,654212,4,121724,138304,1592,198172692,197404148,768544,0,215948,185620,3296,198134264,197437832,696432,44,137836,118600,3408
2026-08-30T20:22:50.941684,791008804,787678208,785526064,72,674740,611296,14004,34359738367,494172,17020,7888,9132,108,196529156,195327064,1202092,20,198952,168772,5708,198172692,197514204,658488,4,121844,138304,1592,198172692,197401124,771568,0,216056,185620,3296,198134264,197435816,698448,48,137888,118600,3408
2026-08-30T20:22:51.944432,791008804,787678404,785526260,72,674748,611296,14004,34359738367,494156,17020,7888,9132,108,196529156,195327392,1201764,20,198956,168772,5708,198172692,197514292,658400,4,121844,138304,1592,198172692,197401128,771564,0,216056,185620,3296,198134264,197435592,698672,48,137892,118600,3408
2026-08-30T20:22:52.945654,791008804,787682540,785530396,84,674876,611296,14004,34359738367,494140,17020,7888,9132,108,196529156,195322828,1206328,20,206644,168772,5708,198172692,197518900,653792,4,119324,138304,1592,198172692,197403056,769636,0,213536,185620,3296,198134264,197437756,696508,60,135372,118600,3408
2026-08-30T20:22:53.946924,791008804,787697648,785545524,100,673820,611296,13520,34359738367,492156,17020,7888,9132,108,196529156,195327456,1201700,20,206440,168772,5572,198172692,197523368,649324,4,119024,138304,1480,198172692,197407144,765548,0,213220,185620,3188,198134264,197439680,694584,76,135136,118600,3280
2026-08-30T20:22:54.948010,791008804,787678112,785525988,100,674800,611296,14004,34359738367,494172,17020,7888,9132,108,196529156,195323456,1205700,20,206640,168772,5700,198172692,197516092,656600,4,119300,138304,1596,198172692,197401376,771316,0,213508,185620,3304,198134264,197437188,697076,76,135352,118600,3404
2026-08-30T20:22:55.952433,791008804,787678888,785526764,100,674804,611296,14004,34359738367,494172,17020,7888,9132,108,196529156,195323676,1205480,20,206644,168772,5700,198172692,197516332,656360,4,119300,138304,1596,198172692,197401440,771252,0,213508,185620,3304,198134264,197437440,696824,76,135352,118600,3404
2026-08-30T20:22:56.953655,791008804,787684064,785531940,112,674804,611296,14004,34359738367,494140,17020,7888,9132,108,196529156,195324536,1204620,20,206644,168772,5700,198172692,197517016,655676,12,119300,138304,1596,198172692,197403672,769020,0,213508,185620,3304,198134264,197438840,695424,80,135352,118600,3404
2026-08-30T20:22:57.954921,791008804,787700964,785548840,112,673820,611296,13516,34359738367,492156,17020,7888,9132,108,196529156,195328176,1200980,20,206436,168772,5564,198172692,197522876,649816,12,119028,138304,1480,198172692,197408628,764064,0,213224,185620,3192,198134264,197441284,692980,80,135132,118600,3280
2026-08-30T20:22:58.956085,791008804,787683364,785531240,112,674696,611296,14004,34359738367,494172,17020,7888,9132,108,196529156,195323416,1205740,20,206612,168772,5704,198172692,197516828,655864,12,119276,138304,1592,198172692,197405836,766856,0,213476,185620,3300,198134264,197437284,696980,80,135332,118600,3408
2026-08-30T20:22:59.960431,791008804,787681300,785529176,116,674804,611296,14004,34359738367,494172,17020,7888,9132,108,196529156,195321664,1207492,20,206644,168772,5704,198172692,197515820,656872,12,119300,138304,1592,198172692,197404620,768072,0,213508,185620,3300,198134264,197439196,695068,84,135352,118600,3408
2026-08-30T20:23:00.961699,791008804,787683104,785530980,116,674804,611296,14004,34359738367,494156,17020,7888,9132,108,196529156,195321860,1207296,20,206644,168772,5704,198172692,197516704,655988,12,119300,138304,1592,198172692,197404860,767832,0,213508,185620,3300,198134264,197439680,694584,84,135352,118600,3408
2026-08-30T20:23:01.963048,791008804,787700392,785548268,120,674748,611296,14004,34359738367,492156,17020,7888,9132,108,196529156,195326116,1203040,20,206636,168772,5704,198172692,197521960,650732,12,119284,138304,1592,198172692,197409424,763268,0,213488,185620,3300,198134264,197442892,691372,88,135340,118600,3408
2026-08-30T20:23:02.964256,791008804,787691732,785539608,132,674548,611296,14004,34359738367,494172,17020,7888,9132,108,196529156,195324636,1204520,28,206568,168772,5696,198172692,197518488,654204,12,119228,138304,1596,198172692,197406684,766008,0,213444,185620,3304,198134264,197441924,692340,92,135308,118600,3408
2026-08-30T20:23:03.968430,791008804,787679740,785527640,132,674880,611296,14004,34359738367,494172,17020,7888,9132,108,196529156,195314660,1214496,28,211256,168772,5696,198172692,197514708,657984,12,117788,138304,1596,198172692,197403912,768780,0,211996,185620,3304,198134264,197446460,687804,92,133840,118600,3408
2026-08-30T20:23:04.969650,791008804,787681336,785529236,132,674824,611296,14004,34359738367,494156,17020,7888,9132,108,196529156,195315100,1214056,28,211256,168772,5696,198172692,197515136,657556,12,117768,138304,1596,198172692,197404044,768648,0,211976,185620,3304,198134264,197447056,687208,92,133824,118600,3408
2026-08-30T20:23:05.970902,791008804,787682840,785530740,136,674824,611296,14004,34359738367,493084,17020,7888,9132,108,196529156,195315592,1213564,28,211256,168772,5696,198172692,197515456,657236,12,117768,138304,1596,198172692,197404436,768256,0,211976,185620,3304,198134264,197447356,686908,96,133824,118600,3408
2026-08-30T20:23:06.971896,791008804,787690904,785538804,144,674532,611296,14004,34359738367,494172,17020,7888,9132,108,196529156,195317112,1212044,28,211184,168772,5692,198172692,197518576,654116,12,117684,138304,1600,198172692,197407016,765676,0,211876,185620,3316,198134264,197448200,686064,104,133788,118600,3396
2026-08-30T20:23:07.976429,791008804,787687412,785535312,144,674832,611296,14004,34359738367,494172,17020,7888,9132,108,196529156,195316104,1213052,28,211256,168772,5692,198172692,197518084,654608,12,117768,138304,1600,198172692,197405516,767176,0,211976,185620,3316,198134264,197447708,686556,104,133832,118600,3396
2026-08-30T20:23:08.977637,791008804,787689712,785537612,136,674832,611296,14004,34359738367,494156,17020,7888,9132,108,196529156,195316156,1213000,28,211256,168772,5692,198172692,197518096,654596,12,117768,138304,1600,198172692,197405520,767172,0,211976,185620,3316,198134264,197449940,684324,96,133832,118600,3396
2026-08-30T20:23:09.978933,791008804,787698288,785546188,148,674832,611296,14004,34359738367,494092,17020,7888,9132,108,196529156,195318532,1210624,36,211256,168772,5692,198172692,197520508,652184,12,117768,138304,1600,198172692,197407644,765048,0,211976,185620,3316,198134264,197451604,682660,100,133832,118600,3396
2026-08-30T20:23:10.980243,791008804,787772228,785620220,148,605728,208576,12592,34359738367,492156,17020,7888,9132,108,196529156,195337964,1191192,36,192492,62840,5416,198172692,197540052,632640,12,98924,42832,1188,198172692,197429728,742964,0,195164,79620,3020,198134264,197464484,669780,100,119148,23284,2968
2026-08-30T20:23:11.981660,791008804,788543072,786182540,588,229720,169972,10932,34359738367,491068,17020,7888,9132,108,196529156,195565928,963228,20,65392,52956,4972,198172692,197707996,464696,8,18964,33464,752,198172692,197629924,542768,8,109344,69900,2588,198134264,197639224,495040,552,36020,13652,2620
2026-08-30T20:23:12.983185,791008804,788444720,786108020,660,264524,189860,11276,34359738367,492076,17020,7888,9132,108,196529156,195540428,988728,4,74120,58120,5036,198172692,197684292,488400,0,27568,38360,840,198172692,197606248,566444,0,118236,74740,2676,198134264,197613752,520512,656,44600,18640,2724
2026-08-30T20:23:13.984297,791008804,788377140,786042268,468,318480,247772,11632,34359738367,492076,17020,7888,9132,108,196529156,195526524,1002632,0,86072,71724,5112,198172692,197667296,505396,0,41536,53928,924,198172692,197591032,581660,0,132208,87844,2776,198134264,197591776,542488,500,58664,34276,2820
2026-08-30T20:23:14.986546,791008804,787939736,785707640,656,369440,387696,13344,34359738367,493996,17020,7888,9132,108,196529156,195414908,1114248,4,100272,103252,5620,198172692,197554088,618604,0,55160,92384,1296,198172692,197485828,686864,0,145824,119408,3236,198134264,197484912,649352,652,68184,72652,3192
2026-08-30T20:23:15.987479,791008804,787519744,785463052,664,370564,563696,16020,34359738367,493996,17020,7888,9132,108,196529156,195309508,1219648,4,101196,147304,6184,198172692,197448112,724580,0,55236,136372,2040,198172692,197381668,791024,0,145912,163512,3904,198134264,197380456,753808,660,68220,116508,3892
2026-08-30T20:23:16.988669,791008804,787152584,785276724,676,370800,803460,16600,34359738367,493996,17020,7888,9132,108,196529156,195223368,1305788,16,101196,207324,6344,198172692,197352636,820056,0,55472,196272,2196,198172692,197287008,885684,0,145912,223640,3992,198134264,197289572,844692,660,68220,176224,4068
2026-08-30T20:23:17.989863,791008804,786809344,785114912,676,371052,1099508,16604,34359738367,493996,17020,7888,9132,108,196529156,195140172,1388984,16,101196,281464,6344,198172692,197265828,906864,0,55724,270648,2196,198172692,197202392,970300,0,145912,297220,3996,198134264,197200952,933312,660,68220,250176,4068
2026-08-30T20:23:18.991011,791008804,786463240,784954280,692,371312,1507820,16604,34359738367,493996,17020,7888,9132,108,196529156,195052028,1477128,16,101196,383720,6344,198172692,197180772,991920,0,55972,374120,2196,198172692,197113788,1058904,0,145924,399028,3996,198134264,197116148,1018116,676,68220,350952,4068
2026-08-30T20:23:19.992339,791008804,786105180,784884992,704,389676,2153956,16604,34359738367,494012,17020,7888,9132,108,196529156,194963924,1565232,16,105540,544128,6344,198172692,197091296,1081396,0,60892,533260,2196,198172692,197020812,1151880,0,150628,562156,3996,198134264,197029148,1105116,688,72616,514412,4068
2026-08-30T20:23:20.993794,791008804,786037428,784884872,712,445980,2228588,16604,34359738367,492428,17020,7888,9132,108,196529156,194945432,1583724,16,119504,563532,6344,198172692,197073968,1098724,4,75072,552316,2196,198172692,197004036,1168656,4,164708,580456,3996,198134264,197013992,1120272,688,86696,532284,4068
2026-08-30T20:23:21.996460,791008804,786031944,784879400,716,445828,2228608,16604,34359738367,494188,17020,7888,9132,108,196529156,194943752,1585404,16,119360,563540,6340,198172692,197073520,1099172,4,75068,552316,2192,198172692,197002104,1170588,4,164708,580456,3996,198134264,197012568,1121696,692,86692,532296,4076
2026-08-30T20:23:22.997800,791008804,786044840,784892296,716,445616,2228608,16604,34359738367,494188,17020,7888,9132,108,196529156,194947368,1581788,16,119304,563540,6328,198172692,197077252,1095440,4,75008,552316,2204,198172692,197004200,1168492,4,164628,580456,4012,198134264,197016020,1118244,692,86676,532296,4060
2026-08-30T20:23:23.999159,791008804,786093540,784941036,724,445984,2228608,16604,34359738367,493356,17020,7888,9132,108,196529156,194947120,1582036,24,131696,563540,6348,198172692,197093572,1079120,4,71008,552316,2176,198172692,197022772,1149920,4,160640,580456,3992,198134264,197030076,1104188,692,82640,532296,4088
2026-08-30T20:23:25.000179,791008804,786092856,784940360,724,445856,2228608,16604,34359738367,494172,17020,7888,9132,108,196529156,194946380,1582776,24,131656,563540,6336,198172692,197093144,1079548,4,70976,552316,2180,198172692,197025188,1147504,4,160612,580456,4004,198134264,197028144,1106120,692,82612,532296,4084
2026-08-30T20:23:26.004441,791008804,786099408,784946912,728,445116,2228608,16116,34359738367,494172,17020,7888,9132,108,196529156,194946412,1582744,24,131516,563540,6224,198172692,197096584,1076108,4,70768,552316,2068,198172692,197024212,1148480,4,160412,580456,3876,198134264,197032200,1102064,696,82420,532296,3948
2026-08-30T20:23:27.005817,791008804,786131324,784978828,728,445968,2228608,16604,34359738367,494108,17020,7888,9132,108,196529156,194954748,1574408,24,131692,563540,6336,198172692,197105844,1066848,4,71004,552316,2192,198172692,197031348,1141344,4,160652,580456,4004,198134264,197039384,1094880,696,82620,532296,4072
2026-08-30T20:23:28.008443,791008804,786156908,785004412,732,445804,2228608,16604,34359738367,494172,17020,7888,9132,108,196529156,194961416,1567740,24,131632,563540,6332,198172692,197110684,1062008,4,70976,552316,2204,198172692,197038604,1134088,4,160600,580456,4012,198134264,197046204,1088060,700,82596,532296,4056
2026-08-30T20:23:29.009858,791008804,786154952,785002456,736,445840,2228608,16604,34359738367,492236,17020,7888,9132,108,196529156,194964544,1564612,24,131656,563540,6332,198172692,197108192,1064500,4,70976,552316,2204,198172692,197036092,1136600,4,160612,580456,4008,198134264,197046124,1088140,704,82596,532296,4060
2026-08-30T20:23:30.012442,791008804,786169172,785016676,744,445928,2228608,16604,34359738367,494172,17020,7888,9132,108,196529156,194967488,1561668,32,131668,563540,6336,198172692,197110648,1062044,4,70996,552316,2196,198172692,197039988,1132704,4,160624,580456,4004,198134264,197051048,1083216,704,82640,532296,4068
2026-08-30T20:23:31.013809,791008804,786189740,785037244,744,445688,2228608,16604,34359738367,494172,17020,7888,9132,108,196529156,194972608,1556548,32,131608,563540,6352,198172692,197114792,1057900,4,70928,552316,2200,198172692,197046016,1126676,4,160556,580456,3996,198134264,197056324,1077940,704,82596,532296,4056
2026-08-30T20:23:32.015194,791008804,786185988,785033492,756,445988,2228608,16604,34359738367,492860,17020,7888,9132,108,196529156,194969604,1559552,32,131692,563540,6356,198172692,197112972,1059720,4,71016,552316,2200,198172692,197048352,1124340,4,160624,580456,3980,198134264,197055060,1079204,716,82656,532296,4068
2026-08-30T20:23:33.016192,791008804,786191788,785039292,756,445908,2228608,16604,34359738367,494172,17020,7888,9132,108,196529156,194970484,1558672,32,131676,563540,6328,198172692,197116516,1056176,4,70988,552316,2192,198172692,197048416,1124276,4,160620,580456,4008,198134264,197056372,1077892,716,82624,532296,4076
2026-08-30T20:23:34.020446,791008804,786199632,785047136,756,445612,2228608,16592,34359738367,494172,17020,7888,9132,108,196529156,194961100,1568056,32,143880,563540,6336,198172692,197123460,1049232,4,66788,552316,2176,198172692,197050328,1122364,4,156456,580456,4008,198134264,197064744,1069520,716,78488,532296,4072
2026-08-30T20:23:35.021872,791008804,786211356,785058908,760,445976,2228608,16604,34359738367,493964,17020,7888,9132,108,196529156,194964620,1564536,32,143976,563540,6340,198172692,197129568,1043124,4,66928,552316,2188,198172692,197051516,1121176,4,156528,580456,4000,198134264,197065652,1068612,720,78544,532296,4076
2026-08-30T20:23:36.024441,791008804,786219084,785066636,760,445848,2228608,16604,34359738367,494172,17020,7888,9132,108,196529156,194965508,1563648,32,143940,563540,6336,198172692,197132052,1040640,4,66892,552316,2184,198172692,197053956,1118736,4,156504,580456,4004,198134264,197067568,1066696,720,78512,532296,4080
2026-08-30T20:23:37.025837,791008804,786227316,785074868,768,446044,2228608,16604,34359738367,494220,17020,7888,9132,108,196529156,194966760,1562396,32,143984,563540,6336,198172692,197133824,1038868,4,66932,552316,2196,198172692,197055284,1117408,4,156560,580456,4000,198134264,197071448,1062816,728,78568,532296,4072
2026-08-30T20:23:38.028440,791008804,786224932,785072484,772,445944,2228608,16604,34359738367,494156,17020,7888,9132,108,196529156,194965508,1563648,32,143952,563540,6348,198172692,197131672,1041020,4,66900,552316,2196,198172692,197055944,1116748,4,156552,580456,3992,198134264,197071808,1062456,732,78540,532296,4068
2026-08-30T20:23:39.032437,791008804,786223628,785071180,772,446140,2228608,16604,34359738367,494172,17020,7888,9132,108,196529156,194965228,1563928,32,144008,563540,6332,198172692,197131248,1041444,4,66944,552316,2196,198172692,197055128,1117564,4,156604,580456,4004,198134264,197072024,1062240,732,78584,532296,4072
2026-08-30T20:23:40.033842,791008804,786227016,785074568,776,446024,2228608,16604,34359738367,493468,17020,7888,9132,108,196529156,194965732,1563424,32,143980,563540,6356,198172692,197131828,1040864,4,66920,552316,2180,198172692,197055596,1117096,4,156556,580456,3980,198134264,197073860,1060404,736,78568,532296,4088
2026-08-30T20:23:41.036440,791008804,786226048,785073600,780,445896,2228608,16604,34359738367,494172,17020,7888,9132,108,196529156,194967488,1561668,32,143940,563540,6356,198172692,197132804,1039888,4,66876,552316,2184,198172692,197054556,1118136,4,156532,580456,3988,198134264,197071200,1063064,740,78548,532296,4076
2026-08-30T20:23:42.037813,791008804,786230976,785078528,780,446100,2228608,16604,34359738367,494172,17020,7888,9132,108,196529156,194970684,1558472,32,144012,563540,6352,198172692,197133616,1039076,4,66948,552316,2196,198172692,197055376,1117316,4,156572,580456,3988,198134264,197071300,1062964,740,78568,532296,4068
2026-08-30T20:23:43.039230,791008804,786237760,785085312,780,446004,2228608,16604,34359738367,494076,17020,7888,9132,108,196529156,194973024,1556132,32,143976,563540,6332,198172692,197134660,1038032,4,66936,552316,2192,198172692,197057480,1115212,4,156524,580456,4008,198134264,197072596,1061668,740,78568,532296,4072
2026-08-30T20:23:44.040457,791008804,786234992,785082544,788,445836,2228608,17012,34359738367,494156,17020,7888,9132,108,196529156,194971652,1557504,40,143940,563540,6432,198172692,197134632,1038060,4,66844,552316,2316,198172692,197055336,1117356,4,156500,580456,4100,198134264,197073372,1060892,740,78552,532296,4164
2026-08-30T20:23:45.044441,791008804,786230816,785078428,132,445252,2228608,16216,34359738367,494220,17020,7888,9132,108,196529156,194973072,1556084,36,144832,563540,6248,198172692,197133308,1039384,0,65680,552316,2088,198172692,197052076,1120616,0,157352,580456,3904,198134264,197072360,1061904,96,77388,532296,3976
2026-08-30T20:23:46.045804,791008804,786235188,785082808,120,446040,2228608,16604,34359738367,494156,17020,7888,9132,108,196529156,194973600,1555556,36,145000,563540,6328,198172692,197135240,1037452,0,65892,552316,2188,198172692,197052320,1120372,0,157580,580456,4016,198134264,197074028,1060236,84,77568,532296,4072
2026-08-30T20:23:47.047135,791008804,786234168,785081788,120,445788,2228608,16604,34359738367,494172,17020,7888,9132,108,196529156,194973324,1555832,36,144932,563540,6340,198172692,197134940,1037752,0,65816,552316,2192,198172692,197052348,1120344,0,157520,580456,3996,198134264,197073556,1060708,84,77520,532296,4076
2026-08-30T20:23:48.048576,791008804,786242616,785090236,148,445992,2228608,16604,34359738367,492540,17020,7888,9132,108,196529156,194975164,1553992,40,144996,563540,6356,198172692,197138320,1034372,0,65872,552316,2220,198172692,197053632,1119060,0,157576,580456,3976,198134264,197075500,1058764,108,77548,532296,4052
2026-08-30T20:23:49.052438,791008804,786228316,785075936,148,446024,2228608,16604,34359738367,494156,17020,7888,9132,108,196529156,194970688,1558468,40,144988,563540,6348,198172692,197134112,1038580,0,65896,552316,2188,198172692,197050464,1122228,0,157576,580456,3988,198134264,197073052,1061212,108,77564,532296,4080
2026-08-30T20:23:50.053804,791008804,786225144,785072764,28,445740,2228608,16604,34359738367,494172,17020,7888,9132,108,196529156,194969856,1559300,4,144928,563540,6348,198172692,197133296,1039396,0,65824,552316,2208,198172692,197049968,1122724,0,157480,580456,3988,198134264,197072024,1062240,24,77508,532296,4060
2026-08-30T20:23:51.055154,791008804,786233252,785080872,36,446076,2228608,16604,34359738367,493788,17020,7888,9132,108,196529156,194972000,1557156,4,145012,563540,6356,198172692,197133896,1038796,0,65904,552316,2172,198172692,197052520,1120172,0,157588,580456,3980,198134264,197074836,1059428,32,77572,532296,4096
2026-08-30T20:23:52.056154,791008804,786234464,785082084,36,445976,2228608,16604,34359738367,494172,17020,7888,9132,108,196529156,194971888,1557268,4,145004,563540,6336,198172692,197134540,1038152,0,65868,552316,2200,198172692,197052060,1120632,0,157552,580456,4000,198134264,197075976,1058288,32,77552,532296,4068
2026-08-30T20:23:53.060438,791008804,786231112,785078732,40,445708,2228608,16604,34359738367,494172,17020,7888,9132,108,196529156,194971720,1557436,4,144904,563540,6340,198172692,197133724,1038968,0,65796,552316,2180,198172692,197050644,1122048,0,157496,580456,4000,198134264,197075024,1059240,36,77512,532296,4084
2026-08-30T20:23:54.061831,791008804,786231212,785078832,68,446064,2228608,16604,34359738367,494028,17020,7888,9132,108,196529156,194971228,1557928,8,145016,563540,6336,198172692,197134660,1038032,4,65876,552316,2192,198172692,197051324,1121368,4,157588,580456,4008,198134264,197074000,1060264,52,77584,532296,4068
2026-08-30T20:23:55.064443,791008804,786225164,785072812,68,445896,2228608,16604,34359738367,494172,17020,7888,9132,108,196529156,194967412,1561744,8,146508,563540,6352,198172692,197134116,1038576,4,65356,552316,2172,198172692,197050240,1122452,4,157008,580456,3988,198134264,197073396,1060868,52,77024,532296,4092
2026-08-30T20:23:56.065831,791008804,786223780,785071440,68,445164,2228608,16528,34359738367,494236,17020,7888,9132,108,196529156,194966768,1562388,8,146356,563540,6324,198172692,197134472,1038220,4,65160,552316,2144,198172692,197049236,1123456,4,156796,580456,3984,198134264,197073304,1060960,52,76852,532296,4076
2026-08-30T20:23:57.068442,791008804,786226744,785074404,84,446056,2228608,16604,34359738367,494156,17020,7888,9132,108,196529156,194966900,1562256,20,146532,563540,6352,198172692,197134208,1038484,4,65392,552316,2188,198172692,197050964,1121728,4,157072,580456,3992,198134264,197074672,1059592,56,77060,532296,4072
2026-08-30T20:23:58.072441,791008804,786230768,785078428,96,445824,2228608,16604,34359738367,494172,17020,7888,9132,108,196529156,194967720,1561436,20,146452,563540,6352,198172692,197134804,1037888,4,65324,552316,2192,198172692,197051720,1120972,4,157032,580456,3996,198134264,197076524,1057740,68,77016,532296,4064
2026-08-30T20:23:59.073782,791008804,786234168,785081828,96,446108,2228608,16604,34359738367,492684,17020,7888,9132,108,196529156,194970696,1558460,20,146552,563540,6356,198172692,197133288,1039404,4,65400,552316,2172,198172692,197053748,1118944,4,157084,580456,3988,198134264,197076436,1057828,68,77072,532296,4088
2026-08-30T20:24:00.076445,791008804,786226004,785073664,100,445988,2228608,16604,34359738367,494172,17020,7888,9132,108,196529156,194969616,1559540,20,146512,563540,6348,198172692,197131412,1041280,4,65376,552316,2192,198172692,197051320,1121372,4,157056,580456,3992,198134264,197073656,1060608,72,77044,532296,4072
2026-08-30T20:24:01.077815,791008804,786227536,785075196,100,445752,2228608,16604,34359738367,494172,17020,7888,9132,108,196529156,194968612,1560544,20,146452,563540,6344,198172692,197135260,1037432,4,65268,552316,2196,198172692,197050220,1122472,4,157012,580456,3992,198134264,197073444,1060820,72,77020,532296,4072
2026-08-30T20:24:02.079224,791008804,786224496,785072660,100,446092,2228608,16604,34359738367,493948,17020,7888,9132,108,196529156,194966588,1562568,20,146560,563540,6336,198172692,197133916,1038776,4,65404,552316,2200,198172692,197049444,1123248,4,157080,580456,4000,198134264,197074548,1059716,72,77048,532296,4068
2026-08-30T20:24:03.080322,791008804,786224584,785072944,104,445916,2228608,16604,34359738367,494172,17020,7888,9132,108,196529156,194966300,1562856,20,146484,563540,6344,198172692,197132752,1039940,4,65360,552316,2196,198172692,197049956,1122736,4,157032,580456,3996,198134264,197075576,1058688,76,77040,532296,4068
2026-08-30T20:24:04.081820,791008804,786227872,785076232,112,445924,2228608,16572,34359738367,492220,17020,7888,9132,108,196529156,194967964,1561192,28,146524,563540,6336,198172692,197133352,1039340,4,65340,552316,2180,198172692,197051020,1121672,4,157040,580456,3988,198134264,197075536,1058728,76,77020,532296,4068
2026-08-30T20:24:05.084444,791008804,786224184,785072572,112,446208,2228608,16604,34359738367,494172,17020,7888,9132,108,196529156,194969432,1559724,28,146068,563540,6344,198172692,197132928,1039764,4,64932,552316,2180,198172692,197051920,1120772,4,156564,580456,4004,198134264,197069904,1064360,76,78644,532296,4076
2026-08-30T20:24:06.085856,791008804,786226740,785075184,116,445456,2228608,16520,34359738367,494220,17020,7888,9132,108,196529156,194969512,1559644,28,145916,563540,6304,198172692,197133552,1039140,4,64696,552316,2172,198172692,197052784,1119908,4,156392,580456,4000,198134264,197070892,1063372,80,78452,532296,4044
2026-08-30T20:24:07.087282,791008804,786228108,785076552,120,446328,2228608,16604,34359738367,494156,17020,7888,9132,108,196529156,194970544,1558612,28,146084,563540,6360,198172692,197133704,1038988,4,64928,552316,2192,198172692,197053620,1119072,4,156640,580456,3980,198134264,197070240,1064024,84,78676,532296,4072
2026-08-30T20:24:08.092445,791008804,786227860,785076304,120,446112,2228608,16604,34359738367,494172,17020,7888,9132,108,196529156,194969908,1559248,28,146028,563540,6336,198172692,197134924,1037768,4,64888,552316,2196,198172692,197053072,1119620,4,156552,580456,4004,198134264,197069956,1064308,84,78644,532296,4068
2026-08-30T20:24:09.093891,791008804,786223672,785072116,120,446204,2228608,16604,34359738367,492252,17020,7888,9132,108,196529156,194966888,1562268,28,146064,563540,6360,198172692,197134524,1038168,4,64912,552316,2180,198172692,197051160,1121532,4,156600,580456,3980,198134264,197071100,1063164,84,78628,532296,4084
2026-08-30T20:24:10.094953,791008804,786219776,785068220,132,446284,2228608,16604,34359738367,494156,17020,7888,9132,108,196529156,194964868,1564288,28,146088,563540,6352,198172692,197134844,1037848,4,64920,552316,2200,198172692,197048568,1124124,4,156620,580456,3996,198134264,197071496,1062768,96,78656,532296,4056
2026-08-30T20:24:11.096484,791008804,786222580,785071024,140,446056,2228608,16604,34359738367,494172,17020,7888,9132,108,196529156,194967416,1561740,28,146016,563540,6344,198172692,197134936,1037756,12,64880,552316,2188,198172692,197049684,1123008,4,156552,580456,4004,198134264,197070544,1063720,96,78608,532296,4068
2026-08-30T20:24:12.097914,791008804,786224904,785073348,140,446368,2228608,16604,34359738367,493724,17020,7888,9132,108,196529156,194969480,1559676,28,146100,563540,6336,198172692,197135088,1037604,12,64952,552316,2188,198172692,197050504,1122188,4,156644,580456,4004,198134264,197069832,1064432,96,78672,532296,4076
2026-08-30T20:24:13.100441,791008804,786224296,785072740,144,446220,2228608,16604,34359738367,494172,17020,7888,9132,108,196529156,194969756,1559400,28,146068,563540,6340,198172692,197133260,1039432,12,64916,552316,2200,198172692,197051028,1121664,4,156568,580456,3996,198134264,197070252,1064012,100,78668,532296,4068
2026-08-30T20:24:14.101890,791008804,786222260,785070704,144,445524,2228608,16140,34359738367,494172,17020,7888,9132,108,196529156,194967756,1561400,28,145928,563540,6224,198172692,197132428,1040264,12,64712,552316,2072,198172692,197049528,1123164,4,156392,580456,3888,198134264,197072548,1061716,100,78492,532296,3956
2026-08-30T20:24:15.103294,791008804,786223336,785071780,144,446352,2228608,16604,34359738367,494108,17020,7888,9132,108,196529156,194968392,1560764,28,146072,563540,6332,198172692,197132036,1040656,12,64948,552316,2204,198172692,197050140,1122552,4,156640,580456,4004,198134264,197072768,1061496,100,78692,532296,4064
2026-08-30T20:24:16.108443,791008804,786222924,785071408,148,446116,2228608,16604,34359738367,494172,17020,7888,9132,108,196529156,194967596,1561560,28,146048,563540,6344,198172692,197132960,1039732,12,64876,552316,2180,198172692,197049300,1123392,4,156552,580456,3992,198134264,197073068,1061196,104,78640,532296,4088
2026-08-30T20:24:17.109893,791008804,786225336,785073820,140,446312,2228608,16604,34359738367,492220,17020,7888,9132,108,196529156,194968140,1561016,28,146072,563540,6344,198172692,197134476,1038216,12,64940,552316,2192,198172692,197050156,1122536,4,156640,580456,4000,198134264,197072564,1061700,96,78660,532296,4068
2026-08-30T20:24:18.112444,791008804,786223752,785072236,148,446320,2228608,16604,34359738367,494156,17020,7888,9132,108,196529156,194967544,1561612,36,146076,563540,6356,198172692,197135132,1037560,12,64932,552316,2204,198172692,197049400,1123292,4,156636,580456,3992,198134264,197071676,1062588,96,78676,532296,4052
2026-08-30T20:24:19.113901,791008804,786222968,785071460,108,445556,2228608,16116,34359738367,494156,17020,7888,9132,108,196529156,194970304,1558852,28,145952,563540,6220,198172692,197132840,1039852,8,64728,552316,2068,198172692,197049864,1122828,0,156400,580456,3880,198134264,197069960,1064304,72,78476,532296,3948
2026-08-30T20:24:20.115286,791008804,786215584,785064076,108,446360,2228608,16604,34359738367,493436,17020,7888,9132,108,196529156,194968032,1561124,28,146112,563540,6340,198172692,197132008,1040684,8,64956,552316,2204,198172692,197047248,1125444,0,156612,580456,4000,198134264,197068296,1065968,72,78680,532296,4060
2026-08-30T20:24:21.116290,791008804,786214864,785063356,128,445756,2228608,16528,34359738367,494172,17020,7888,9132,108,196529156,194967792,1561364,32,146012,563540,6304,198172692,197130816,1041876,8,64780,552316,2184,198172692,197047176,1125516,0,156452,580456,3992,198134264,197069080,1065184,88,78512,532296,4048
2026-08-30T20:24:22.120444,791008804,786217832,785066324,92,445472,2228608,16428,34359738367,494220,17020,7888,9132,108,196529156,194968104,1561052,32,145892,563540,6300,198172692,197133148,1039544,8,64700,552316,2148,198172692,197046128,1126564,0,156404,580456,3956,198134264,197070452,1063812,52,78476,532296,4024
2026-08-30T20:24:23.121848,791008804,786220012,785068504,100,446344,2228608,16604,34359738367,494076,17020,7888,9132,108,196529156,194967780,1561376,32,146104,563540,6332,198172692,197135024,1037668,8,64952,552316,2168,198172692,197047348,1125344,0,156628,580456,4020,198134264,197069860,1064404,60,78660,532296,4084
2026-08-30T20:24:24.123197,791008804,786219152,785067644,108,446144,2228608,16604,34359738367,494172,17020,7888,9132,108,196529156,194967600,1561556,40,146024,563540,6348,198172692,197135456,1037236,8,64884,552316,2188,198172692,197047724,1124968,0,156584,580456,3996,198134264,197068372,1065892,60,78652,532296,4072
2026-08-30T20:24:25.124644,791008804,786211244,785059736,112,446896,2228608,16604,34359738367,494028,17020,7888,9132,108,196529156,194957692,1571464,40,150704,563540,6324,198172692,197135948,1036744,8,63412,552316,2184,198172692,197049564,1123128,0,155116,580456,4012,198134264,197067532,1066732,64,77664,532296,4084
2026-08-30T20:24:26.128445,791008804,786217344,785065888,112,446376,2228608,16604,34359738367,494172,17020,7888,9132,108,196529156,194960708,1568448,40,150688,563540,6348,198172692,197136516,1036176,8,63392,552316,2216,198172692,197051120,1121572,0,155124,580456,3992,198134264,197069000,1065264,64,77172,532296,4048
2026-08-30T20:24:27.129817,791008804,786219980,785068524,128,446132,2228608,16604,34359738367,494172,17020,7888,9132,108,196529156,194961200,1567956,44,150640,563540,6352,198172692,197136948,1035744,12,63344,552316,2196,198172692,197051312,1121380,0,155028,580456,3996,198134264,197070520,1063744,72,77120,532296,4060
2026-08-30T20:24:28.131192,791008804,786222252,785070796,128,446436,2228608,16604,34359738367,493564,17020,7888,9132,108,196529156,194963364,1565792,44,150720,563540,6348,198172692,197136940,1035752,12,63412,552316,2196,198172692,197051264,1121428,0,155112,580456,3996,198134264,197070684,1063580,72,77192,532296,4064
2026-08-30T20:24:29.132211,791008804,786212688,785061232,132,446284,2228608,16604,34359738367,494172,17020,7888,9132,108,196529156,194960724,1568432,44,150660,563540,6340,198172692,197134292,1038400,12,63368,552316,2212,198172692,197047832,1124860,0,155072,580456,3992,198134264,197069840,1064424,76,77184,532296,4060
2026-08-30T20:24:30.133668,791008804,786205924,785054468,132,445748,2228608,16528,34359738367,494188,17020,7888,9132,108,196529156,194959136,1570020,44,150560,563540,6336,198172692,197132208,1040484,12,63232,552316,2156,198172692,197045580,1127112,0,154916,580456,3972,198134264,197069000,1065264,76,77040,532296,4064
2026-08-30T20:24:31.135045,791008804,786203228,785051772,60,446448,2228608,16604,34359738367,494060,17020,7888,9132,108,196529156,194956860,1572296,8,150696,563540,6360,198172692,197133408,1039284,4,63420,552316,2208,198172692,197045336,1127356,0,155120,580456,3988,198134264,197067624,1066640,48,77212,532296,4048
2026-08-30T20:24:32.136243,791008804,786206216,785054760,76,446224,2228608,16604,34359738367,494172,17020,7888,9132,108,196529156,194956924,1572232,8,150656,563540,6328,198172692,197134848,1037844,4,63336,552316,2192,198172692,197047412,1125280,4,155044,580456,4016,198134264,197067032,1067232,60,77188,532296,4068
2026-08-30T20:24:33.137753,791008804,786204268,785052812,80,446408,2228608,16604,34359738367,493116,17020,7888,9132,108,196529156,194956160,1572996,8,150704,563540,6344,198172692,197134544,1038148,4,63408,552316,2196,198172692,197047324,1125368,4,155104,580456,4000,198134264,197066240,1068024,64,77192,532296,4064
2026-08-30T20:24:34.140437,791008804,786206732,785055276,80,446412,2228608,16604,34359738367,494172,17020,7888,9132,108,196529156,194958196,1570960,8,150708,563540,6332,198172692,197133224,1039468,4,63412,552316,2196,198172692,197047572,1125120,4,155092,580456,4008,198134264,197067740,1066524,64,77200,532296,4068
2026-08-30T20:24:35.141801,791008804,786203736,785052280,80,446140,2228608,16604,34359738367,494172,17020,7888,9132,108,196529156,194957900,1571256,8,150612,563540,6324,198172692,197132976,1039716,4,63320,552316,2164,198172692,197045764,1126928,4,155044,580456,4020,198134264,197067096,1067168,64,77164,532296,4096
2026-08-30T20:24:36.143194,791008804,786196876,785045452,96,448488,2228608,17092,34359738367,493180,17020,7888,9132,108,196529156,194956624,1572532,8,150764,563540,6448,198172692,197133428,1039264,4,63548,552316,2300,198172692,197040316,1132376,4,156868,580456,4132,198134264,197066508,1067756,80,77308,532296,4212
2026-08-30T20:24:37.144198,791008804,786200592,785049184,96,446232,2228608,16604,34359738367,494172,17020,7888,9132,108,196529156,194957564,1571592,8,150140,563540,6364,198172692,197136136,1036556,4,62852,552316,2192,198172692,197041504,1131188,4,156560,580456,3980,198134264,197065640,1068624,80,76696,532296,4068
2026-08-30T20:24:38.148445,791008804,786197168,785045760,108,445976,2228608,16604,34359738367,494172,17020,7888,9132,108,196529156,194957060,1572096,20,150056,563540,6324,198172692,197135244,1037448,4,62764,552316,2184,198172692,197038792,1133900,4,156508,580456,4016,198134264,197066072,1068192,80,76648,532296,4080
2026-08-30T20:24:39.149826,791008804,786196244,785044836,112,446336,2228608,16604,34359738367,494092,17020,7888,9132,108,196529156,194956312,1572844,20,150156,563540,6336,198172692,197135188,1037504,4,62860,552316,2208,198172692,197040468,1132224,4,156600,580456,4000,198134264,197064276,1069988,84,76720,532296,4060
2026-08-30T20:24:40.152439,791008804,786193076,785041668,112,446164,2228608,16604,34359738367,494172,17020,7888,9132,108,196529156,194955708,1573448,20,150104,563540,6320,198172692,197134248,1038444,4,62824,552316,2192,198172692,197039164,1133528,4,156548,580456,4028,198134264,197063956,1070308,84,76688,532296,4064
2026-08-30T20:24:41.153817,791008804,786190664,785039256,112,445432,2228608,16196,34359738367,494188,17020,7888,9132,108,196529156,194956200,1572956,20,149960,563540,6244,198172692,197134296,1038396,4,62620,552316,2080,198172692,197038324,1134368,4,156360,580456,3896,198134264,197061844,1072420,84,76492,532296,3976
2026-08-30T20:24:42.156445,791008804,786196020,785044612,116,446808,2228608,16604,34359738367,494156,17020,7888,9132,108,196529156,194957096,1572060,20,150296,563540,6340,198172692,197135680,1037012,4,62968,552316,2196,198172692,197039064,1133628,4,156748,580456,4000,198134264,197064180,1070084,88,76796,532296,4068
2026-08-30T20:24:43.160443,791008804,786195580,785044172,124,446088,2228608,16504,34359738367,494172,17020,7888,9132,108,196529156,194954332,1574824,28,150168,563540,6328,198172692,197137312,1035380,4,62784,552316,2176,198172692,197039360,1133332,4,156524,580456,3964,198134264,197064576,1069688,88,76612,532296,4036
2026-08-30T20:24:44.161857,791008804,786195140,785043732,124,446868,2228608,16604,34359738367,493180,17020,7888,9132,108,196529156,194954732,1574424,28,150304,563540,6344,198172692,197137700,1034992,4,63000,552316,2180,198172692,197039008,1133684,4,156764,580456,3992,198134264,197063700,1070564,88,76800,532296,4088
2026-08-30T20:24:45.164439,791008804,786198524,785047116,132,446768,2228608,16604,34359738367,494172,17020,7888,9132,108,196529156,194958200,1570956,28,150276,563540,6360,198172692,197136244,1036448,4,62964,552316,2200,198172692,197039292,1133400,4,156732,580456,3976,198134264,197064788,1069476,96,76796,532296,4068
2026-08-30T20:24:46.165850,791008804,787465348,785611700,132,187816,154616,11060,34359738367,490124,17020,7888,9132,108,196529156,195304512,1224644,28,56440,49824,4844,198172692,197444568,728124,4,5548,29316,700,198172692,197359756,812936,4,98436,65684,2972,198134264,197363576,770688,96,27392,9792,2544
2026-08-30T20:24:47.166977,791008804,788453996,786093800,656,235872,172140,10696,34359738367,491100,17020,7888,9132,108,196529156,195569032,960124,4,55908,48972,4748,198172692,197718772,453920,0,5268,28820,528,198172692,197528908,643784,0,148052,85080,3004,198134264,197637284,496980,652,26644,9268,2416
2026-08-30T20:24:48.168076,791008804,788384416,786048600,660,270936,191656,11168,34359738367,492108,17020,7888,9132,108,196529156,195572720,956436,4,55804,48972,4748,198172692,197725440,447252,0,5548,28820,528,198172692,197446104,726588,0,180804,104596,3476,198134264,197640152,494112,656,28780,9268,2416
2026-08-30T20:24:49.169152,791008804,788025656,785709072,812,486936,276764,12372,34359738367,494636,17020,7888,9132,108,196529156,195511008,1018148,8,92044,69520,4868,198172692,197633452,539240,4,58848,32000,628,198172692,197308060,864632,4,264756,157720,4380,198134264,197572624,561640,796,71288,17524,2496
2026-08-30T20:24:50.178161,791008804,787658108,785526924,656,495600,648248,13924,34359738367,496364,17020,7888,9132,108,196529156,195435996,1093160,4,94648,141448,5288,198172692,197590512,582180,0,60728,73808,868,198172692,197178448,994244,0,264884,293240,4952,198134264,197453152,681112,652,75340,139752,2816
2026-08-30T20:24:51.179319,791008804,787632524,785514000,672,497016,680388,14344,34359738367,494524,17020,7888,9132,108,196529156,195426048,1103108,16,95100,152456,5676,198172692,197587648,585044,0,60884,76244,732,198172692,197173376,999316,0,265000,299188,4772,198134264,197445452,688812,656,76032,152500,3164
2026-08-30T20:24:52.183754,791008804,787629200,785511008,672,498832,680876,14136,34359738367,494076,17020,7888,9132,108,196529156,195428596,1100560,16,94744,152828,4976,198172692,197584248,588444,0,61708,76324,1016,198172692,197171452,1001240,0,265872,299208,5096,198134264,197444904,689360,656,76508,152516,3048
2026-08-30T20:24:53.188492,791008804,787632000,785513812,672,499036,680876,14232,34359738367,494108,17020,7888,9132,108,196529156,195429052,1100104,16,95168,152828,5228,198172692,197585444,587248,0,61508,76324,912,198172692,197172528,1000164,0,265700,299208,4964,198134264,197444976,689288,656,76660,152516,3128
2026-08-30T20:24:54.192485,791008804,787660244,785542056,672,499272,680876,14136,34359738367,494108,17020,7888,9132,108,196529156,195436880,1092276,16,95116,152828,5228,198172692,197592656,580036,0,61588,76324,896,198172692,197179500,993192,0,265820,299208,4964,198134264,197451208,683056,656,76748,152516,3048
2026-08-30T20:24:55.196448,791008804,787673252,785555064,44,499556,680876,14136,34359738367,493644,17020,7888,9132,108,196529156,195440412,1088744,12,93208,152828,5228,198172692,197595924,576768,4,63652,76324,896,198172692,197182620,990072,4,265908,299208,4964,198134264,197454296,679968,24,76788,152516,3048
2026-08-30T20:24:56.200472,791008804,787680648,785562524,44,499784,680876,14136,34359738367,493644,17020,7888,9132,108,196529156,195443296,1085860,12,93180,152828,5228,198172692,197597544,575148,4,63708,76324,896,198172692,197183900,988792,4,265972,299208,4964,198134264,197455908,678356,24,76924,152516,3048
2026-08-30T20:24:57.204474,791008804,787689236,785571156,44,499932,680876,14136,34359738367,493628,17020,7888,9132,108,196529156,195446608,1082548,12,93260,152828,5228,198172692,197599568,573124,4,63960,76324,896,198172692,197185260,987432,4,265936,299208,4964,198134264,197457800,676464,24,76776,152516,3048
2026-08-30T20:24:58.208478,791008804,787695008,785576928,60,500220,680876,14136,34359738367,493628,17020,7888,9132,108,196529156,195448476,1080680,20,93312,152828,5228,198172692,197600284,572408,4,64028,76324,896,198172692,197186848,985844,4,266052,299208,4964,198134264,197459400,674864,32,76828,152516,3048
2026-08-30T20:24:59.211745,791008804,787698448,785580368,60,500452,680876,14136,34359738367,493628,17020,7888,9132,108,196529156,195449332,1079824,20,93552,152828,5228,198172692,197601216,571476,4,63872,76324,896,198172692,197187712,984980,4,266140,299208,4964,198134264,197460188,674076,32,76888,152516,3048
2026-08-30T20:25:00.216461,791008804,787701756,785583676,60,500708,680876,14136,34359738367,493628,17020,7888,9132,108,196529156,195451208,1077948,20,93484,152828,5228,198172692,197601608,571084,4,63940,76324,896,198172692,197188080,984612,4,266248,299208,4964,198134264,197460860,673404,32,77036,152516,3048
2026-08-30T20:25:01.220478,791008804,787703964,785585884,60,500928,680876,14136,34359738367,493628,17020,7888,9132,108,196529156,195452396,1076760,20,93164,152828,5228,198172692,197601608,571084,4,63980,76324,896,198172692,197189284,983408,4,266368,299208,4964,198134264,197460676,673588,32,77416,152516,3048
2026-08-30T20:25:02.224465,791008804,787703108,785585540,1228,501088,680876,14136,34359738367,493612,17020,7888,9132,108,196529156,195451388,1077768,20,93136,152828,5228,198172692,197602052,570640,4,64024,76324,896,198172692,197188992,983700,4,266328,299208,4964,198134264,197460676,673588,1200,77600,152516,3048
2026-08-30T20:25:03.226874,791008804,787703032,785586152,1964,501292,680880,14160,34359738367,493612,17020,7888,9132,108,196529156,195451788,1077368,296,93272,152828,5236,198172692,197602052,570640,4,64028,76324,896,198172692,197188248,984444,8,266328,299212,4980,198134264,197460944,673320,1656,77664,152516,3048
2026-08-30T20:25:04.228334,791008804,787705020,785588140,1964,501372,680880,14136,34359738367,493612,17020,7888,9132,108,196529156,195452764,1076392,296,93428,152828,5228,198172692,197602052,570640,4,64048,76324,896,198172692,197189236,983456,8,266156,299212,4964,198134264,197460968,673296,1656,77740,152516,3048
2026-08-30T20:25:05.229383,791008804,787666140,785549260,1976,530328,680880,14136,34359738367,493612,17020,7888,9132,108,196529156,195453128,1076028,304,90712,152828,5228,198172692,197602356,570336,4,61292,76324,896,198172692,197149420,1023272,8,305464,299212,4964,198134264,197461236,673028,1660,72860,152516,3048
2026-08-30T20:25:06.230709,791008804,787652700,785535920,1996,540272,680916,14600,34359738367,495116,17020,7888,9132,108,196529156,195448692,1080464,312,91832,152828,5672,198172692,197595872,576820,4,68328,76324,1044,198172692,197145740,1026952,16,304992,299248,4980,198134264,197461924,672340,1664,75256,152516,2908
2026-08-30T20:25:07.236466,791008804,787640536,785523828,1996,543380,680916,14888,34359738367,493660,17020,7888,9132,108,196529156,195447716,1081440,312,91896,152828,5564,198172692,197592384,580308,4,68772,76324,1192,198172692,197141844,1030848,16,306544,299248,5092,198134264,197458592,675672,1664,76168,152516,3040
2026-08-30T20:25:08.238758,791008804,787635020,785518312,2000,543596,680916,14752,34359738367,494396,17020,7888,9132,108,196529156,195445004,1084152,312,91924,152828,5384,198172692,197591552,581140,4,68740,76324,1112,198172692,197140620,1032072,16,306764,299248,5196,198134264,197457844,676420,1668,76168,152516,3060
2026-08-30T20:25:09.244464,791008804,787653040,785536332,2004,543716,680916,14736,34359738367,494396,17020,7888,9132,108,196529156,195449880,1079276,312,91872,152828,5356,198172692,197594524,578168,8,68780,76324,1112,198172692,197144364,1028328,16,306832,299248,5196,198134264,197464272,669992,1668,76232,152516,3072
2026-08-30T20:25:10.247274,791008804,787676860,785560152,2004,543924,680916,14736,34359738367,494396,17020,7888,9132,108,196529156,195455964,1073192,312,91940,152828,5356,198172692,197600284,572408,8,68832,76324,1112,198172692,197149292,1023400,16,306876,299248,5196,198134264,197471320,662944,1668,76276,152516,3072
2026-08-30T20:25:11.252471,791008804,787689308,785572600,2008,544160,680916,14736,34359738367,493900,17020,7888,9132,108,196529156,195458576,1070580,312,91980,152828,5356,198172692,197605336,567356,8,68896,76324,1112,198172692,197152624,1020068,16,306924,299248,5196,198134264,197472772,661492,1672,76360,152516,3072
2026-08-30T20:25:12.260691,791008804,787693332,785576624,2020,544428,680916,14736,34359738367,493900,17020,7888,9132,108,196529156,195459636,1069520,320,92056,152828,5356,198172692,197605828,566864,8,71084,76324,1112,198172692,197153292,1019400,16,304812,299248,5196,198134264,197474576,659688,1676,76476,152516,3072
2026-08-30T20:25:13.263223,791008804,787698720,785582012,2020,544648,680916,14736,34359738367,493900,17020,7888,9132,108,196529156,195461520,1067636,320,92192,152828,5356,198172692,197606648,566044,8,71172,76324,1112,198172692,197153900,1018792,16,304628,299248,5196,198134264,197476652,657612,1676,76656,152516,3072
2026-08-30T20:25:14.267681,791008804,787703204,785586500,2032,544944,680916,14736,34359738367,493900,17020,7888,9132,108,196529156,195462772,1066384,320,92296,152828,5356,198172692,197607292,565400,8,71284,76324,1112,198172692,197156188,1016504,16,304600,299248,5196,198134264,197476952,657312,1688,76764,152516,3072
2026-08-30T20:25:15.271344,791008804,787706396,785589692,2032,545152,680916,14736,34359738367,493900,17020,7888,9132,108,196529156,195465036,1064120,320,92364,152828,5356,198172692,197607676,565016,8,71368,76324,1112,198172692,197156192,1016500,16,304556,299248,5196,198134264,197477492,656772,1688,76864,152516,3072
2026-08-30T20:25:16.276452,791008804,787707688,785590984,2032,545428,680916,14736,34359738367,493900,17020,7888,9132,108,196529156,195465272,1063884,320,92464,152828,5356,198172692,197607844,564848,8,71472,76324,1112,198172692,197156564,1016128,16,304528,299248,5196,198134264,197478008,656256,1688,76976,152516,3072
2026-08-30T20:25:17.278314,791008804,787708576,785591880,2040,545652,680916,14736,34359738367,493900,17020,7888,9132,108,196529156,195465488,1063668,328,92536,152828,5356,198172692,197608100,564592,8,71560,76324,1112,198172692,197156820,1015872,16,304480,299248,5196,198134264,197478168,656096,1688,77076,152516,3072
2026-08-30T20:25:18.280300,791008804,787708608,785591924,2044,545876,680916,14736,34359738367,493900,17020,7888,9132,108,196529156,195465488,1063668,328,92648,152828,5356,198172692,197608100,564592,8,71684,76324,1112,198172692,197156820,1015872,16,304372,299248,5196,198134264,197478200,656064,1692,77172,152516,3072
2026-08-30T20:25:19.282270,791008804,787709372,785592688,2044,546008,680916,14736,34359738367,493900,17020,7888,9132,108,196529156,195465740,1063416,328,92716,152828,5356,198172692,197608100,564592,8,71772,76324,1112,198172692,197157080,1015612,16,304300,299248,5196,198134264,197478452,655812,1692,77220,152516,3072
2026-08-30T20:25:20.283317,791008804,787709628,785592944,28,546052,680916,14736,34359738367,493900,17020,7888,9132,108,196529156,195465740,1063416,0,92760,152828,5356,198172692,197608356,564336,0,71832,76324,1112,198172692,197157080,1015612,0,304228,299248,5196,198134264,197478452,655812,28,77232,152516,3072
2026-08-30T20:25:21.284806,791008804,787636168,785519492,32,557256,680956,15092,34359738367,495772,17020,7888,9132,108,196529156,195463976,1065180,0,92660,152828,5356,198172692,197606620,566072,0,71640,76332,1216,198172692,197096780,1075912,0,315968,299280,5552,198134264,197468792,665472,32,76988,152516,2968
2026-08-30T20:25:22.288482,791008804,787628524,785511856,32,557608,680956,15196,34359738367,494076,17020,7888,9132,108,196529156,195459468,1069688,0,92752,152828,5524,198172692,197605896,566796,0,71724,76332,972,198172692,197097616,1075076,0,315540,299280,5248,198134264,197465544,668720,32,77592,152516,3452
2026-08-30T20:25:23.291937,791008804,787621404,785504736,72,557380,680956,14748,34359738367,494284,17020,7888,9132,108,196529156,195457984,1071172,8,92640,152828,5364,198172692,197603460,569232,4,71900,76332,1192,198172692,197098644,1074048,4,315532,299280,5120,198134264,197461316,672948,56,77308,152516,3072
2026-08-30T20:25:24.295764,791008804,787635672,785519004,92,557856,680956,14756,34359738367,494284,17020,7888,9132,108,196529156,195458952,1070204,20,92864,152828,5368,198172692,197604764,567928,4,71940,76332,1112,198172692,197107220,1065472,4,315660,299280,5204,198134264,197464736,669528,64,77392,152516,3072
2026-08-30T20:25:25.300486,791008804,787667832,785551164,92,557856,680956,14756,34359738367,494284,17020,7888,9132,108,196529156,195465776,1063380,20,92864,152828,5368,198172692,197609788,562904,4,71940,76332,1112,198172692,197119540,1053152,4,315660,299280,5204,198134264,197472728,661536,64,77392,152516,3072
2026-08-30T20:25:26.303659,791008804,787682080,785565412,104,557856,680956,14756,34359738367,493836,17020,7888,9132,108,196529156,195468932,1060224,20,92864,152828,5368,198172692,197612456,560236,4,71940,76332,1112,198172692,197125264,1047428,8,315660,299280,5204,198134264,197475428,658836,72,77392,152516,3072
2026-08-30T20:25:27.307276,791008804,787688728,785572092,104,557856,680956,14756,34359738367,493836,17020,7888,9132,108,196529156,195469260,1059896,20,92864,152828,5368,198172692,197612848,559844,4,71940,76332,1112,198172692,197129756,1042936,8,315660,299280,5204,198134264,197476864,657400,72,77392,152516,3072
2026-08-30T20:25:28.312470,791008804,787697932,785581300,108,557856,680956,14756,34359738367,493836,17020,7888,9132,108,196529156,195471048,1058108,20,92864,152828,5368,198172692,197613840,558852,4,71948,76332,1112,198172692,197134248,1038444,8,315660,299280,5204,198134264,197478796,655468,76,77384,152516,3072
2026-08-30T20:25:29.315460,791008804,787703940,785587308,112,557856,680956,14756,34359738367,493836,17020,7888,9132,108,196529156,195472328,1056828,20,92864,152828,5368,198172692,197614396,558296,4,71948,76332,1112,198172692,197137700,1034992,8,315660,299280,5204,198134264,197479516,654748,80,77384,152516,3072
2026-08-30T20:25:30.320464,791008804,787705752,785589120,116,557856,680956,14756,34359738367,493836,17020,7888,9132,108,196529156,195472328,1056828,20,92864,152828,5368,198172692,197614424,558268,4,71948,76332,1112,198172692,197139420,1033272,8,315660,299280,5204,198134264,197479580,654684,84,77384,152516,3072
2026-08-30T20:25:31.324461,791008804,787709132,785592500,124,557856,680956,14756,34359738367,493836,17020,7888,9132,108,196529156,195472772,1056384,28,92864,152828,5368,198172692,197614532,558160,4,71948,76332,1112,198172692,197141784,1030908,8,315660,299280,5204,198134264,197480044,654220,84,77384,152516,3072
2026-08-30T20:25:32.328461,791008804,787711632,785595000,124,557856,680956,14756,34359738367,493836,17020,7888,9132,108,196529156,195473276,1055880,28,92864,152828,5368,198172692,197614660,558032,4,71948,76332,1112,198172692,197143368,1029324,8,315660,299280,5204,198134264,197480328,653936,84,77384,152516,3072
2026-08-30T20:25:33.332482,791008804,787713268,785596636,124,557856,680956,14756,34359738367,493836,17020,7888,9132,108,196529156,195473528,1055628,28,92864,152828,5368,198172692,197614660,558032,4,71948,76332,1112,198172692,197144752,1027940,8,315660,299280,5204,198134264,197480328,653936,84,77384,152516,3072
2026-08-30T20:25:34.335415,791008804,787714732,785598100,128,557856,680956,14756,34359738367,493836,17020,7888,9132,108,196529156,195473528,1055628,28,92864,152828,5368,198172692,197614660,558032,4,71948,76332,1112,198172692,197146216,1026476,8,315660,299280,5204,198134264,197480328,653936,88,77384,152516,3072
2026-08-30T20:25:35.337741,791008804,787715176,785598544,128,557856,680956,14756,34359738367,493836,17020,7888,9132,108,196529156,195473560,1055596,28,92864,152828,5368,198172692,197614660,558032,4,71948,76332,1112,198172692,197146376,1026316,8,315660,299280,5204,198134264,197480580,653684,88,77384,152516,3072
2026-08-30T20:25:36.339000,791008804,787685876,785569252,100,556884,680956,14816,34359738367,493836,17020,7888,9132,108,196529156,195473560,1055596,28,92864,152828,5368,198172692,197614660,558032,4,71948,76332,1112,198172692,197117076,1055616,8,314688,299280,5264,198134264,197480580,653684,60,77384,152516,3072
2026-08-30T20:25:37.340439,791008804,787652832,785536220,104,556976,680956,15128,34359738367,494556,17020,7888,9132,108,196529156,195464040,1065116,28,92908,152828,5564,198172692,197606036,566656,4,71852,76332,1264,198172692,197104192,1068500,8,314708,299280,5228,198134264,197478564,655700,64,77508,152516,3072
2026-08-30T20:25:38.344465,791008804,787643236,785526624,104,556980,680956,15236,34359738367,493660,17020,7888,9132,108,196529156,195463284,1065872,28,92604,152828,5160,198172692,197604048,568644,4,71992,76332,1320,198172692,197099860,1072832,8,314900,299280,5488,198134264,197476044,658220,64,77484,152516,3268
2026-08-30T20:25:39.347436,791008804,787641668,785525060,120,556812,680956,14760,34359738367,493916,17020,7888,9132,108,196529156,195462780,1066376,28,92848,152828,5356,198172692,197603068,569624,4,71712,76332,1008,198172692,197102464,1070228,16,314688,299280,5208,198134264,197473356,660908,72,77564,152516,3188
2026-08-30T20:25:40.352487,791008804,787656292,785539684,132,556908,680956,14760,34359738367,493916,17020,7888,9132,108,196529156,195465720,1063436,28,92848,152828,5356,198172692,197606208,566484,4,71760,76332,1008,198172692,197110124,1062568,16,314692,299280,5208,198134264,197474240,660024,84,77608,152516,3188
2026-08-30T20:25:41.354984,791008804,787686980,785570372,132,556908,680956,14760,34359738367,493420,17020,7888,9132,108,196529156,195473996,1055160,28,92848,152828,5356,198172692,197614140,558552,4,71760,76332,1008,198172692,197122472,1050220,16,314692,299280,5208,198134264,197476372,657892,84,77608,152516,3188
2026-08-30T20:25:42.360466,791008804,787693804,785577196,136,556908,680956,14760,34359738367,493420,17020,7888,9132,108,196529156,195474880,1054276,28,92848,152828,5356,198172692,197615168,557524,4,71760,76332,1008,198172692,197126052,1046640,16,314692,299280,5208,198134264,197477704,656560,88,77608,152516,3188
2026-08-30T20:25:43.362723,791008804,787700184,785583576,136,556908,680956,14760,34359738367,493420,17020,7888,9132,108,196529156,195475896,1053260,28,92848,152828,5356,198172692,197615972,556720,4,71764,76332,1008,198172692,197130168,1042524,16,314692,299280,5208,198134264,197478148,656116,88,77604,152516,3188
2026-08-30T20:25:44.368469,791008804,787712692,785596084,144,556908,680956,14760,34359738367,493420,17020,7888,9132,108,196529156,195478840,1050316,36,92848,152828,5356,198172692,197619132,553560,4,71764,76332,1008,198172692,197136012,1036680,16,314692,299280,5208,198134264,197478708,655556,88,77604,152516,3188
2026-08-30T20:25:45.372455,791008804,787715876,785599268,148,556908,680956,14760,34359738367,493420,17020,7888,9132,108,196529156,195478856,1050300,36,93020,152828,5356,198172692,197619448,553244,4,71980,76332,1008,198172692,197138800,1033892,16,314424,299280,5208,198134264,197478772,655492,92,77484,152516,3188
2026-08-30T20:25:46.376473,791008804,787717672,785601068,148,556908,680956,14760,34359738367,493420,17020,7888,9132,108,196529156,195478856,1050300,36,93056,152828,5356,198172692,197619480,553212,4,72004,76332,1008,198172692,197140564,1032128,16,314300,299280,5208,198134264,197478772,655492,92,77548,152516,3188
2026-08-30T20:25:47.380474,791008804,787719180,785602580,148,556908,680956,14760,34359738367,493420,17020,7888,9132,108,196529156,195478764,1050392,36,93140,152828,5356,198172692,197619972,552720,4,72096,76332,1008,198172692,197141632,1031060,16,314024,299280,5208,198134264,197478812,655452,92,77648,152516,3188
2026-08-30T20:25:48.384496,791008804,787720712,785604128,152,556908,680956,14760,34359738367,493420,17020,7888,9132,108,196529156,195479016,1050140,36,93188,152828,5356,198172692,197620188,552504,4,72164,76332,1008,198172692,197142548,1030144,16,313836,299280,5208,198134264,197478960,655304,96,77720,152516,3188
2026-08-30T20:25:49.388457,791008804,787721232,785604648,152,556908,680956,14760,34359738367,493420,17020,7888,9132,108,196529156,195479020,1050136,36,93248,152828,5356,198172692,197620192,552500,4,72232,76332,1008,198172692,197142888,1029804,16,313628,299280,5208,198134264,197479132,655132,96,77800,152516,3188
2026-08-30T20:25:50.396637,791008804,787721880,785605296,156,556908,680956,14760,34359738367,493420,17020,7888,9132,108,196529156,195479268,1049888,36,93316,152828,5356,198172692,197620200,552492,4,72316,76332,1008,198172692,197143028,1029664,16,313420,299280,5208,198134264,197479384,654880,100,77856,152516,3188
2026-08-30T20:25:51.397951,791008804,787691012,785574428,116,560172,680956,14768,34359738367,493420,17020,7888,9132,108,196529156,195479772,1049384,44,93372,152828,5356,198172692,197620452,552240,4,72404,76332,1008,198172692,197111396,1061296,16,316516,299280,5216,198134264,197479392,654872,52,77880,152516,3188
2026-08-30T20:25:52.399037,791008804,787677732,785561152,120,560080,680956,15152,34359738367,495244,17020,7888,9132,108,196529156,195476328,1052828,44,93188,152828,5252,198172692,197618040,554652,4,71988,76332,824,198172692,197106896,1065796,16,316560,299280,5624,198134264,197476468,657796,56,78344,152516,3452
2026-08-30T20:25:53.401379,791008804,787668136,785551560,128,559908,680956,15296,34359738367,494860,17020,7888,9132,108,196529156,195473076,1056080,44,93532,152828,5428,198172692,197614384,558308,4,72712,76332,1252,198172692,197107556,1065136,16,316000,299280,5440,198134264,197473120,661144,64,77664,152516,3176
2026-08-30T20:25:54.403728,791008804,787662948,785546372,80,559936,680956,14856,34359738367,494460,17020,7888,9132,108,196529156,195472068,1057088,36,93748,152828,5460,198172692,197612180,560512,0,70564,76332,1108,198172692,197107680,1065012,12,317844,299280,5320,198134264,197471020,663244,32,77780,152516,2968
2026-08-30T20:25:55.408471,791008804,787671868,785555292,84,559920,680956,14760,34359738367,494460,17020,7888,9132,108,196529156,195474120,1055036,36,93768,152828,5460,198172692,197613616,559076,0,70632,76332,1008,198172692,197112072,1060620,12,317564,299280,5208,198134264,197472060,662204,36,77956,152516,3084
2026-08-30T20:25:56.410531,791008804,787686552,785569976,72,559920,680956,14760,34359738367,494460,17020,7888,9132,108,196529156,195477468,1051688,8,93820,152828,5460,198172692,197618028,554664,4,70664,76332,1008,198172692,197117032,1055660,0,317460,299280,5208,198134264,197474024,660240,60,77976,152516,3084
2026-08-30T20:25:57.416487,791008804,787698224,785581648,72,559920,680956,14760,34359738367,493948,17020,7888,9132,108,196529156,195479436,1049720,8,93860,152828,5460,198172692,197621144,551548,4,70684,76332,1008,198172692,197121988,1050704,0,317388,299280,5208,198134264,197475656,658608,60,77988,152516,3084
2026-08-30T20:25:58.418903,791008804,787703988,785587428,88,559920,680956,14760,34359738367,493948,17020,7888,9132,108,196529156,195479616,1049540,20,93916,152828,5460,198172692,197621712,550980,4,70684,76332,1008,198172692,197126020,1046672,0,317340,299280,5208,198134264,197476640,657624,64,77980,152516,3084
2026-08-30T20:25:59.424467,791008804,787708692,785592132,88,559920,680956,14760,34359738367,493948,17020,7888,9132,108,196529156,195480156,1049000,20,93960,152828,5460,198172692,197621932,550760,4,70536,76332,1008,198172692,197129700,1042992,0,317296,299280,5208,198134264,197476904,657360,64,78128,152516,3084
2026-08-30T20:26:00.427112,791008804,787712916,785596356,88,559920,680956,14760,34359738367,493948,17020,7888,9132,108,196529156,195480524,1048632,20,93992,152828,5460,198172692,197622712,549980,4,70524,76332,1008,198172692,197132628,1040064,0,317288,299280,5208,198134264,197477052,657212,64,78116,152516,3084
2026-08-30T20:26:01.431673,791008804,787714948,785598388,100,559920,680956,14760,34359738367,493948,17020,7888,9132,108,196529156,195480332,1048824,20,93988,152828,5460,198172692,197622748,549944,4,70528,76332,1008,198172692,197134644,1038048,4,317280,299280,5208,198134264,197477224,657040,72,78124,152516,3084
2026-08-30T20:26:02.436471,791008804,787718432,785601872,100,559920,680956,14760,34359738367,493948,17020,7888,9132,108,196529156,195480720,1048436,20,94020,152828,5460,198172692,197623204,549488,4,70520,76332,1008,198172692,197137072,1035620,4,317256,299280,5208,198134264,197477436,656828,72,78124,152516,3084
2026-08-30T20:26:03.438647,791008804,787720896,785604336,104,559920,680956,14760,34359738367,493948,17020,7888,9132,108,196529156,195480772,1048384,20,94008,152828,5460,198172692,197623392,549300,4,70520,76332,1008,198172692,197139060,1033632,4,317256,299280,5208,198134264,197477672,656592,76,78136,152516,3084
2026-08-30T20:26:04.440954,791008804,787722552,785606052,104,559920,680956,14760,34359738367,493948,17020,7888,9132,108,196529156,195480860,1048296,20,93996,152828,5460,198172692,197623556,549136,4,70544,76332,1008,198172692,197140184,1032508,4,317244,299280,5208,198134264,197477952,656312,76,78136,152516,3084
2026-08-30T20:26:05.442380,791008804,787722892,785606392,116,559920,680956,14760,34359738367,493948,17020,7888,9132,108,196529156,195480868,1048288,28,94016,152828,5460,198172692,197623648,549044,4,70544,76332,1008,198172692,197140404,1032288,4,317220,299280,5208,198134264,197477972,656292,80,78140,152516,3084
2026-08-30T20:26:06.443778,791008804,787693584,785577084,124,559004,680956,14804,34359738367,493948,17020,7888,9132,108,196529156,195480916,1048240,28,93976,152828,5460,198172692,197623792,548900,4,70488,76332,1008,198172692,197110852,1061840,4,318508,299280,5252,198134264,197478024,656240,88,76032,152516,3084
2026-08-30T20:26:07.445089,791008804,787691324,785574832,124,557556,680956,15352,34359738367,495228,17020,7888,9132,108,196529156,195480108,1049048,28,93348,152828,5356,198172692,197620856,551836,4,69964,76332,1060,198172692,197115816,1056876,4,318328,299280,5396,198134264,197474544,659720,88,75916,152516,3540
2026-08-30T20:26:08.448459,791008804,787685652,785569180,128,557664,680956,15180,34359738367,494956,17020,7888,9132,108,196529156,195476832,1052324,28,93676,152828,5472,198172692,197619416,553276,4,69804,76332,1008,198172692,197120084,1052608,4,318324,299280,5420,198134264,197469320,664944,92,75860,152516,3280
2026-08-30T20:26:09.452471,791008804,787676936,785560468,128,557960,680956,14980,34359738367,494172,17020,7888,9132,108,196529156,195474228,1054928,28,93512,152828,5464,198172692,197618096,554596,4,70108,76332,1008,198172692,197118976,1053716,4,318380,299280,5332,198134264,197465636,668628,92,75960,152516,3176
2026-08-30T20:26:10.456456,791008804,787687792,785571324,128,557952,680956,14764,34359738367,494172,17020,7888,9132,108,196529156,195475252,1053904,28,93464,152828,5356,198172692,197620004,552688,4,70096,76332,1008,198172692,197122000,1050692,4,318608,299280,5316,198134264,197470536,663728,92,75784,152516,3084
2026-08-30T20:26:11.460463,791008804,787705128,785588660,140,557952,680956,14764,34359738367,494172,17020,7888,9132,108,196529156,195477192,1051964,36,95544,152828,5356,198172692,197626188,546504,4,66012,76332,1008,198172692,197125660,1047032,4,320604,299280,5316,198134264,197476088,658176,96,75792,152516,3084
2026-08-30T20:26:12.464472,791008804,787720664,785604196,112,557956,680956,14764,34359738367,493660,17020,7888,9132,108,196529156,195479880,1049276,36,95552,152828,5356,198172692,197631312,541380,4,66032,76332,1008,198172692,197130376,1042316,4,320584,299280,5316,198134264,197479096,655168,68,75788,152516,3084
2026-08-30T20:26:13.468470,791008804,787724568,785608100,112,557956,680956,14764,34359738367,493660,17020,7888,9132,108,196529156,195480196,1048960,36,95572,152828,5356,198172692,197631696,540996,4,66072,76332,1008,198172692,197132472,1040220,4,320752,299280,5316,198134264,197480204,654060,68,75560,152516,3084
2026-08-30T20:26:14.472449,791008804,787730476,785614008,116,557956,680956,14764,34359738367,493660,17020,7888,9132,108,196529156,195480732,1048424,36,95580,152828,5356,198172692,197634756,537936,4,66060,76332,1008,198172692,197133488,1039204,4,320752,299280,5316,198134264,197481500,652764,72,75564,152516,3084
2026-08-30T20:26:15.476463,791008804,787733268,785616800,116,557956,680956,14764,34359738367,493660,17020,7888,9132,108,196529156,195481064,1048092,36,95596,152828,5356,198172692,197634852,537840,4,66024,76332,1008,198172692,197135404,1037288,4,320764,299280,5316,198134264,197481948,652316,72,75572,152516,3084
2026-08-30T20:26:16.480463,791008804,787735012,785618544,120,557956,680956,14764,34359738367,493660,17020,7888,9132,108,196529156,195481176,1047980,36,95584,152828,5356,198172692,197634852,537840,4,66012,76332,1008,198172692,197136368,1036324,4,320804,299280,5316,198134264,197482616,651648,76,75556,152516,3084
2026-08-30T20:26:17.484475,791008804,787735232,785618764,140,557956,680956,14764,34359738367,493660,17020,7888,9132,108,196529156,195481176,1047980,36,95588,152828,5356,198172692,197634864,537828,4,65996,76332,1008,198172692,197136512,1036180,4,320812,299280,5316,198134264,197482680,651584,96,75560,152516,3084
2026-08-30T20:26:18.488463,791008804,787736028,785619580,148,557956,680956,14764,34359738367,493660,17020,7888,9132,108,196529156,195481324,1047832,44,95584,152828,5356,198172692,197634880,537812,4,65980,76332,1008,198172692,197136880,1035812,4,320836,299280,5316,198134264,197482944,651320,96,75556,152516,3084
2026-08-30T20:26:19.491028,791008804,787736500,785620060,148,557956,680956,14764,34359738367,493660,17020,7888,9132,108,196529156,195481332,1047824,44,95592,152828,5356,198172692,197634912,537780,4,65980,76332,1008,198172692,197137180,1035512,4,320840,299280,5316,198134264,197483076,651188,96,75544,152516,3084
2026-08-30T20:26:20.492594,791008804,787736544,785620104,152,557956,680956,14764,34359738367,493660,17020,7888,9132,108,196529156,195481340,1047816,44,95608,152828,5356,198172692,197634924,537768,4,65972,76332,1008,198172692,197137200,1035492,4,320836,299280,5316,198134264,197483080,651184,100,75540,152516,3084
2026-08-30T20:26:21.493668,791008804,787736588,785620148,152,557956,680956,14764,34359738367,493660,17020,7888,9132,108,196529156,195481352,1047804,44,95640,152828,5356,198172692,197634948,537744,4,65952,76332,1008,198172692,197137208,1035484,4,320828,299280,5316,198134264,197483080,651184,100,75536,152516,3084
2026-08-30T20:26:22.495041,791008804,787692820,785576380,108,561048,680956,15076,34359738367,495852,17020,7888,9132,108,196529156,195479096,1050060,44,95504,152828,5460,198172692,197633256,539436,4,66380,76332,1308,198172692,197101840,1070852,4,323680,299280,5120,198134264,197478628,655636,56,75484,152516,3188
2026-08-30T20:26:23.500470,791008804,787681564,785565124,108,561004,680956,14820,34359738367,494556,17020,7888,9132,108,196529156,195475324,1053832,44,95860,152828,5520,198172692,197628972,543720,4,65428,76332,732,198172692,197102040,1070652,4,324320,299280,5476,198134264,197475228,659036,56,75396,152516,3092
2026-08-30T20:26:24.503640,791008804,787672236,785555800,116,561296,680956,14988,34359738367,494876,17020,7888,9132,108,196529156,195474316,1054840,44,95916,152828,5424,198172692,197626228,546464,4,65840,76332,1228,198172692,197103188,1069504,4,323836,299280,5068,198134264,197468504,665760,64,75704,152516,3268
2026-08-30T20:26:25.508490,791008804,787677104,785560668,124,560956,680956,14764,34359738367,494348,17020,7888,9132,108,196529156,195474296,1054860,52,95624,152828,5368,198172692,197626160,546532,4,65968,76332,1112,198172692,197106096,1066596,4,323948,299280,5212,198134264,197470552,663712,64,75416,152516,3072
2026-08-30T20:26:26.512274,791008804,787695936,785579500,76,560964,680956,14764,34359738367,494348,17020,7888,9132,108,196529156,195477336,1051820,44,95632,152828,5368,198172692,197629440,543252,0,65972,76332,1112,198172692,197112692,1060000,0,323944,299280,5212,198134264,197476468,657796,32,75416,152516,3072
2026-08-30T20:26:27.515655,791008804,787709696,785593260,72,560964,680956,14764,34359738367,493836,17020,7888,9132,108,196529156,195479220,1049936,44,95632,152828,5368,198172692,197632228,540464,0,65972,76332,1112,198172692,197119076,1053616,0,323944,299280,5212,198134264,197479172,655092,28,75416,152516,3072
2026-08-30T20:26:28.520472,791008804,787717912,785601488,92,560964,680956,14764,34359738367,493836,17020,7888,9132,108,196529156,195480476,1048680,48,95632,152828,5368,198172692,197632692,540000,0,65968,76332,1112,198172692,197123024,1049668,0,323944,299280,5212,198134264,197481720,652544,44,75420,152516,3072
2026-08-30T20:26:29.524490,791008804,787722288,785605868,96,560964,680956,14764,34359738367,493836,17020,7888,9132,108,196529156,195480484,1048672,48,95632,152828,5368,198172692,197633344,539348,0,65968,76332,1112,198172692,197125432,1047260,0,323944,299280,5212,198134264,197483028,651236,48,75420,152516,3072
2026-08-30T20:26:30.528082,791008804,787725248,785608828,108,560964,680956,14764,34359738367,493836,17020,7888,9132,108,196529156,195480548,1048608,48,95632,152828,5368,198172692,197633864,538828,0,65968,76332,1112,198172692,197127372,1045320,0,323944,299280,5212,198134264,197483464,650800,60,75420,152516,3072
2026-08-30T20:26:31.535636,791008804,787727744,785611324,108,560964,680956,14764,34359738367,493836,17020,7888,9132,108,196529156,195480788,1048368,48,95632,152828,5368,198172692,197633868,538824,0,65968,76332,1112,198172692,197128816,1043876,0,323944,299280,5212,198134264,197484272,649992,60,75420,152516,3072
2026-08-30T20:26:32.540479,791008804,787729220,785612800,76,560964,680956,14764,34359738367,493836,17020,7888,9132,108,196529156,195480788,1048368,16,95632,152828,5368,198172692,197633868,538824,0,65968,76332,1112,198172692,197130292,1042400,0,323944,299280,5212,198134264,197484272,649992,60,75420,152516,3072
2026-08-30T20:26:33.544462,791008804,787730764,785614344,76,560964,680956,14764,34359738367,493836,17020,7888,9132,108,196529156,195480788,1048368,16,95632,152828,5368,198172692,197633868,538824,0,65968,76332,1112,198172692,197131584,1041108,0,323944,299280,5212,198134264,197484524,649740,60,75420,152516,3072
2026-08-30T20:26:34.548454,791008804,787731480,785615060,92,560964,680956,14764,34359738367,493836,17020,7888,9132,108,196529156,195480788,1048368,16,95632,152828,5368,198172692,197633868,538824,0,65968,76332,1112,198172692,197132208,1040484,4,323944,299280,5212,198134264,197484616,649648,72,75420,152516,3072
2026-08-30T20:26:35.551048,791008804,787731644,785615224,92,560964,680956,14764,34359738367,493836,17020,7888,9132,108,196529156,195480788,1048368,16,95632,152828,5368,198172692,197633868,538824,0,65968,76332,1112,198172692,197132372,1040320,4,323944,299280,5212,198134264,197484616,649648,72,75420,152516,3072
2026-08-30T20:26:36.553741,791008804,787731896,785615476,92,560964,680956,14764,34359738367,493836,17020,7888,9132,108,196529156,195480788,1048368,16,95632,152828,5368,198172692,197633868,538824,0,65968,76332,1112,198172692,197132372,1040320,4,323944,299280,5212,198134264,197484868,649396,72,75420,152516,3072
2026-08-30T20:26:37.554728,791008804,787702160,785585740,96,558980,680956,14776,34359738367,496492,17020,7888,9132,108,196529156,195480788,1048368,16,95632,152828,5368,198172692,197633868,538824,0,65968,76332,1112,198172692,197102636,1070056,4,321960,299280,5224,198134264,197484868,649396,76,75420,152516,3072
2026-08-30T20:26:38.555756,791008804,787681212,785564800,96,559392,680956,15080,34359738367,495516,17020,7888,9132,108,196529156,195476756,1052400,16,95536,152828,5300,198172692,197631936,540756,0,65812,76332,1008,198172692,197092128,1080564,4,322308,299280,5424,198134264,197480392,653872,76,75736,152516,3348
2026-08-30T20:26:39.558015,791008804,787678244,785561848,104,558680,680956,15056,34359738367,494620,17020,7888,9132,108,196529156,195475496,1053660,24,95296,152828,5448,198172692,197628940,543752,0,66096,76332,1280,198172692,197093272,1079420,4,322204,299280,5240,198134264,197480536,653728,76,75084,152516,3088
2026-08-30T20:26:40.560223,791008804,787675500,785559108,104,559316,680956,14848,34359738367,494412,17020,7888,9132,108,196529156,195474236,1054920,24,95676,152828,5368,198172692,197626476,546216,0,65632,76332,864,198172692,197096212,1076480,4,322436,299280,5256,198134264,197478576,655688,76,75572,152516,3360
2026-08-30T20:26:41.564464,791008804,787687152,785570760,108,559392,680956,14768,34359738367,494412,17020,7888,9132,108,196529156,195476524,1052632,24,95624,152828,5356,198172692,197626616,546076,0,66048,76332,1020,198172692,197104692,1068000,4,322356,299280,5216,198134264,197479320,654944,80,75364,152516,3176
2026-08-30T20:26:42.567592,791008804,787708192,785591800,112,559392,680956,14768,34359738367,494412,17020,7888,9132,108,196529156,195481136,1048020,24,95624,152828,5356,198172692,197629048,543644,0,66048,76332,1020,198172692,197115048,1057644,4,322356,299280,5216,198134264,197482960,651304,84,75364,152516,3176
2026-08-30T20:26:43.572467,791008804,787717524,785601132,124,559392,680956,14768,34359738367,493932,17020,7888,9132,108,196529156,195482648,1046508,24,95620,152828,5356,198172692,197631700,540992,0,66048,76332,1020,198172692,197118392,1054300,4,322356,299280,5216,198134264,197484784,649480,96,75368,152516,3176
2026-08-30T20:26:44.576457,791008804,787722500,785606108,124,559392,680956,14768,34359738367,493932,17020,7888,9132,108,196529156,195483396,1045760,24,95620,152828,5356,198172692,197632028,540664,0,66048,76332,1020,198172692,197121672,1051020,4,322356,299280,5216,198134264,197485404,648860,96,75368,152516,3176
2026-08-30T20:26:45.580492,791008804,787727672,785611280,132,559392,680956,14768,34359738367,493932,17020,7888,9132,108,196529156,195484032,1045124,32,95620,152828,5356,198172692,197633388,539304,0,66048,76332,1020,198172692,197124464,1048228,4,322356,299280,5216,198134264,197485788,648476,96,75368,152516,3176
2026-08-30T20:26:46.588803,791008804,787729736,785613344,132,559392,680956,14768,34359738367,493932,17020,7888,9132,108,196529156,195484280,1044876,32,94388,152828,5356,198172692,197633824,538868,0,66056,76332,1020,198172692,197126260,1046432,4,322432,299280,5216,198134264,197485372,648892,96,76516,152516,3176
2026-08-30T20:26:47.592447,791008804,787732140,785615748,132,559392,680956,14768,34359738367,493932,17020,7888,9132,108,196529156,195484708,1044448,32,94384,152828,5356,198172692,197634104,538588,0,66056,76332,1020,198172692,197127692,1045000,4,322356,299280,5216,198134264,197485636,648628,96,76596,152516,3176
2026-08-30T20:26:48.596457,791008804,787729684,785613292,136,559464,680956,14768,34359738367,493932,17020,7888,9132,108,196529156,195484708,1044448,32,94384,152828,5356,198172692,197634168,538524,0,66056,76332,1020,198172692,197124980,1047712,4,322432,299280,5216,198134264,197485828,648436,100,76592,152516,3176
2026-08-30T20:26:49.600456,791008804,787732416,785616032,136,559464,680956,14768,34359738367,493932,17020,7888,9132,108,196529156,195484992,1044164,32,94380,152828,5356,198172692,197634780,537912,0,66064,76332,1020,198172692,197126812,1045880,4,322424,299280,5216,198134264,197485832,648432,100,76596,152516,3176
2026-08-30T20:26:50.602296,791008804,787733580,785617208,136,559464,680956,14768,34359738367,493932,17020,7888,9132,108,196529156,195485116,1044040,32,94384,152828,5356,198172692,197634792,537900,0,66060,76332,1020,198172692,197127840,1044852,4,322424,299280,5216,198134264,197485832,648432,100,76596,152516,3176
2026-08-30T20:26:51.604161,791008804,787733752,785617380,140,559464,680956,14768,34359738367,493932,17020,7888,9132,108,196529156,195485116,1044040,32,94396,152828,5356,198172692,197634796,537896,0,66060,76332,1020,198172692,197128004,1044688,4,322416,299280,5216,198134264,197485836,648428,104,76592,152516,3176
2026-08-30T20:26:52.605202,791008804,787718640,785602268,120,573072,680956,14768,34359738367,493932,17020,7888,9132,108,196529156,195485368,1043788,40,94400,152828,5356,198172692,197635044,537648,0,66056,76332,1020,198172692,197112392,1060300,4,336524,299280,5216,198134264,197485836,648428,76,76596,152516,3176
2026-08-30T20:26:53.606334,791008804,788563844,786186020,564,216108,153948,11852,34359738367,490092,17020,7888,9132,108,196529156,195625232,903924,36,51912,49344,5048,198172692,197731492,441200,0,7784,28820,804,198172692,197541988,630704,0,126736,66516,3292,198134264,197665132,469132,528,29676,9268,2708
2026-08-30T20:26:54.607653,791008804,788464040,786117420,524,253384,183260,12188,34359738367,492076,17020,7888,9132,108,196529156,195625436,903720,0,51976,49344,5048,198172692,197731704,440988,0,7836,28820,804,198172692,197441600,731092,0,163856,95828,3628,198134264,197665300,468964,524,29716,9268,2708
2026-08-30T20:26:55.608817,791008804,788384184,786059880,660,291864,200220,11320,34359738367,492076,17020,7888,9132,108,196529156,195625688,903468,0,52056,48972,4748,198172692,197731728,440964,0,7916,28820,528,198172692,197361468,811224,4,202088,113160,3628,198134264,197665300,468964,656,29804,9268,2416
2026-08-30T20:26:56.609990,791008804,788118632,785927756,832,306420,527852,12920,34359738367,494524,17020,7888,9132,108,196529156,195555652,973504,16,52408,118028,5008,198172692,197687672,485020,4,8220,73556,700,198172692,197358600,814092,20,215448,178516,4280,198134264,197516708,617556,792,30344,157752,2932
2026-08-30T20:26:57.615601,791008804,787656876,785696764,668,307212,994344,14180,34359738367,494412,17020,7888,9132,108,196529156,195459176,1069980,0,52492,217076,5252,198172692,197613364,559328,0,8324,147664,892,198172692,197287084,885608,4,215936,251636,4696,198134264,197296236,838028,664,30460,378472,3340
2026-08-30T20:26:58.617110,791008804,787265204,785502320,672,307256,1383956,15000,34359738367,494348,17020,7888,9132,108,196529156,195394952,1134204,0,52496,280828,5384,198172692,197445964,726728,0,8492,313076,1204,198172692,197252608,920084,4,215944,287860,4788,198134264,197171168,963096,668,30324,502704,3624
2026-08-30T20:26:59.618432,791008804,786810628,785280204,684,307548,1843824,15648,34359738367,494316,17020,7888,9132,108,196529156,195370900,1158256,12,52496,305748,5428,198172692,197179016,993676,0,8504,580976,1576,198172692,197182676,990016,4,216216,360792,4888,198134264,197078036,1056228,668,30332,596820,3756
2026-08-30T20:27:00.619759,791008804,786440012,785282672,688,307548,2217504,16520,34359738367,494156,17020,7888,9132,108,196529156,195330580,1198576,12,52496,345640,5496,198172692,196946900,1225792,0,8504,812756,2120,198172692,197104120,1068572,4,216216,441984,5048,198134264,197058412,1075852,672,30332,617124,3856
2026-08-30T20:27:01.620815,791008804,786077288,785288188,696,307560,2584612,17256,34359738367,494316,17020,7888,9132,108,196529156,195255684,1273472,12,52492,421972,5660,198172692,196822496,1350196,0,8392,937008,2424,198172692,197081700,1090992,4,216212,466564,5108,198134264,196916844,1217420,680,30464,759068,4064
2026-08-30T20:27:02.621908,791008804,785727424,785292924,704,307572,2939204,17692,34359738367,494156,17020,7888,9132,108,196529156,195197500,1331656,12,52492,479828,5748,198172692,196768720,1403972,4,8396,990900,2564,198172692,197055292,1117400,8,216216,495772,5164,198134264,196705912,1428352,680,30468,972704,4216
2026-08-30T20:27:03.622914,791008804,785377312,785294860,708,307676,3289620,18684,34359738367,494156,17020,7888,9132,108,196529156,195111376,1417780,12,52504,566004,5892,198172692,196664308,1508384,4,8392,1096560,2668,198172692,197032048,1140644,8,216296,519316,5236,198134264,196569008,1565256,684,30484,1108252,4888
2026-08-30T20:27:04.623961,791008804,785060284,785293492,708,307448,3607620,19164,34359738367,494076,17020,7888,9132,108,196529156,195074580,1454576,12,52456,603936,6020,198172692,196568388,1604304,4,8552,1191820,2912,198172692,196984904,1187788,8,216164,567336,5260,198134264,196432412,1701852,684,30276,1244528,4972
2026-08-30T20:27:05.625190,791008804,784771824,785281908,708,307636,3887180,19724,34359738367,494444,17020,7888,9132,108,196529156,195043892,1485264,12,52488,634560,6048,198172692,196548744,1623948,4,8480,1213272,2976,198172692,196959372,1213320,8,216212,586688,5360,198134264,196219816,1914448,684,30456,1452660,5340
2026-08-30T20:27:06.626280,791008804,784716020,785279864,716,307888,3942048,20096,34359738367,493964,17020,7888,9132,108,196529156,195031420,1497736,20,52736,646728,6320,198172692,196525152,1647540,4,8416,1236752,2960,198172692,196949200,1223492,8,216152,595104,5332,198134264,196210248,1924016,684,30584,1463464,5484
2026-08-30T20:27:07.628296,791008804,784691212,785279492,724,308736,3966688,20176,34359738367,493692,17020,7888,9132,108,196529156,195020584,1508572,20,53108,652616,6464,198172692,196515528,1657164,4,8452,1244744,2824,198172692,196945976,1226716,8,216612,605624,5564,198134264,196209124,1925140,692,30564,1463704,5324
2026-08-30T20:27:08.630183,791008804,784684860,785273572,724,308980,3966688,20276,34359738367,494044,17020,7888,9132,108,196529156,195018504,1510652,20,53064,652616,6124,198172692,196510760,1661932,4,9072,1244744,3252,198172692,196947180,1225512,8,216248,605624,5472,198134264,196208416,1925848,692,30608,1463704,5428
2026-08-30T20:27:09.635117,791008804,784676952,785266232,736,309560,3966688,20344,34359738367,493740,17020,7888,9132,108,196529156,195019924,1509232,20,53272,652616,6208,198172692,196497220,1675472,4,19564,1244744,3248,198172692,196949704,1222988,8,206024,605624,5460,198134264,196210104,1924160,704,30700,1463704,5428
2026-08-30T20:27:10.638096,791008804,784684684,785274104,740,310316,3966688,20168,34359738367,493196,17020,7888,9132,108,196529156,195021040,1508116,20,53616,652616,6212,198172692,196502724,1669968,4,19512,1244744,3036,198172692,196951816,1220876,8,206264,605624,5476,198134264,196209104,1925160,708,30924,1463704,5444
2026-08-30T20:27:11.641235,791008804,784693048,785282468,740,310420,3966688,20168,34359738367,493276,17020,7888,9132,108,196529156,195025696,1503460,20,53552,652616,6124,198172692,196506188,1666504,4,19528,1244744,3036,198172692,196954360,1218332,8,206212,605624,5460,198134264,196206804,1927460,708,31128,1463704,5548
2026-08-30T20:27:12.644540,791008804,784696720,785286160,740,310656,3966688,20168,34359738367,493532,17020,7888,9132,108,196529156,195028400,1500756,20,53576,652616,6124,198172692,196508864,1663828,4,19460,1244744,3036,198172692,196953584,1219108,8,206356,605624,5592,198134264,196205872,1928392,708,31264,1463704,5416
2026-08-30T20:27:13.645881,791008804,784700808,785290248,752,311112,3966688,20168,34359738367,493052,17020,7888,9132,108,196529156,195030340,1498816,28,53552,652616,6124,198172692,196510392,1662300,4,19600,1244744,3036,198172692,196953164,1219528,8,206644,605624,5580,198134264,196206912,1927352,712,31316,1463704,5428
2026-08-30T20:27:14.647436,791008804,784701300,785290740,752,315192,3966688,20168,34359738367,493052,17020,7888,9132,108,196529156,195032652,1496504,28,53588,652616,6124,198172692,196511292,1661400,4,19596,1244744,3036,198172692,196947564,1225128,8,210688,605624,5580,198134264,196209792,1924472,712,31320,1463704,5428
2026-08-30T20:27:15.649146,791008804,784693160,785282728,752,314928,3966724,20384,34359738367,493964,17020,7888,9132,108,196529156,195029964,1499192,28,53532,652616,6136,198172692,196510200,1662492,4,19460,1244744,3048,198172692,196944376,1228316,8,210720,605660,5668,198134264,196208620,1925644,712,31216,1463704,5532
2026-08-30T20:27:16.653023,791008804,784684192,785273764,752,315532,3966724,20220,34359738367,493852,17020,7888,9132,108,196529156,195027324,1501832,28,53792,652616,6320,198172692,196507612,1665080,4,19876,1244744,3200,198172692,196943448,1229244,8,210628,605660,5376,198134264,196205808,1928456,712,31236,1463704,5324
2026-08-30T20:27:17.654499,791008804,784676956,785266544,756,315524,3966724,20320,34359738367,494028,17020,7888,9132,108,196529156,195026468,1502688,28,53640,652616,6216,198172692,196505520,1667172,4,19692,1244744,3192,198172692,196939464,1233228,8,210848,605660,5484,198134264,196205504,1928760,716,31344,1463704,5428
2026-08-30T20:27:18.659869,791008804,784682756,785272344,756,315916,3966724,20176,34359738367,493500,17020,7888,9132,108,196529156,195027680,1501476,28,53756,652616,6124,198172692,196505132,1667560,4,19632,1244744,2976,198172692,196943888,1228804,8,210924,605660,5468,198134264,196206056,1928208,716,31604,1463704,5608
2026-08-30T20:27:19.663498,791008804,784682864,785272464,756,315996,3966724,20248,34359738367,493612,17020,7888,9132,108,196529156,195027944,1501212,28,53800,652616,6228,198172692,196504736,1667956,4,19844,1244744,3144,198172692,196943636,1229056,8,210856,605660,5376,198134264,196206548,1927716,716,31496,1463704,5500
2026-08-30T20:27:20.665482,791008804,784684064,785273668,768,316384,3966724,20192,34359738367,493676,17020,7888,9132,108,196529156,195025628,1503528,36,53940,652616,6260,198172692,196505764,1666928,4,19864,1244744,3036,198172692,196945068,1227624,8,211004,605660,5468,198134264,196207604,1926660,720,31576,1463704,5428
2026-08-30T20:27:21.666938,791008804,784693448,785283052,772,316436,3966724,20236,34359738367,494108,17020,7888,9132,108,196529156,195024688,1504468,36,54056,652616,6232,198172692,196506776,1665916,8,20048,1244744,3216,198172692,196953008,1219684,8,206756,605660,5360,198134264,196208976,1925288,720,35576,1463704,5428
2026-08-30T20:27:22.668688,791008804,784695416,785285020,780,316744,3966724,20176,34359738367,494124,17020,7888,9132,108,196529156,195024028,1505128,36,54056,652616,6232,198172692,196507664,1665028,8,19804,1244744,2960,198172692,196953420,1219272,8,206832,605660,5452,198134264,196210304,1923960,728,36052,1463704,5532
2026-08-30T20:27:23.670500,791008804,784698512,785288120,784,316920,3966724,20176,34359738367,493644,17020,7888,9132,108,196529156,195024816,1504340,36,53964,652616,6124,198172692,196508256,1664436,8,20100,1244744,3048,198172692,196954280,1218412,8,206740,605660,5468,198134264,196211160,1923104,732,36116,1463704,5536
2026-08-30T20:27:24.671834,791008804,784682860,785272468,784,317984,3966724,20172,34359738367,494876,17020,7888,9132,108,196529156,195022696,1506460,36,56180,652616,6216,198172692,196507188,1665504,8,20160,1244744,3036,198172692,196942412,1230280,8,205708,605660,5480,198134264,196210564,1923700,732,35936,1463704,5440
2026-08-30T20:27:25.676492,791008804,784681624,785271240,784,318328,3966724,20184,34359738367,494428,17020,7888,9132,108,196529156,195021936,1507220,36,56424,652616,6244,198172692,196508556,1664136,8,20408,1244744,3052,198172692,196940464,1232228,8,205484,605660,5572,198134264,196210668,1923596,732,36012,1463704,5316
2026-08-30T20:27:26.679008,791008804,784680156,785269800,272,318128,3966724,20248,34359738367,494316,17020,7888,9132,108,196529156,195020864,1508292,36,56364,652616,6228,198172692,196508908,1663784,8,20268,1244744,2944,198172692,196940136,1232556,8,205428,605660,5568,198134264,196210248,1924016,220,36068,1463704,5508
2026-08-30T20:27:27.680642,791008804,784687796,785277440,60,317992,3966724,20184,34359738367,494380,17020,7888,9132,108,196529156,195020444,1508712,44,56156,652616,6112,198172692,196508384,1664308,4,20436,1244744,3064,198172692,196946812,1225880,0,205368,605660,5568,198134264,196212156,1922108,12,36032,1463704,5440
2026-08-30T20:27:28.681999,791008804,784690072,785279736,88,318040,3966724,20076,34359738367,493948,17020,7888,9132,108,196529156,195016812,1512344,48,58232,652616,6132,198172692,196516816,1655876,8,12060,1244744,2916,198172692,196949300,1223392,0,203128,605660,5376,198134264,196207144,1927120,32,44620,1463704,5652
2026-08-30T20:27:29.683672,791008804,784688952,785278620,92,318076,3966724,20220,34359738367,494412,17020,7888,9132,108,196529156,195017300,1511856,48,58464,652616,6232,198172692,196516876,1655816,8,12208,1244744,3036,198172692,196947864,1224828,0,203244,605660,5608,198134264,196206912,1927352,36,44160,1463704,5344
2026-08-30T20:27:30.684967,791008804,784688056,785277736,92,317724,3966724,20024,34359738367,494508,17020,7888,9132,108,196529156,195017748,1511408,48,58316,652616,6132,198172692,196516384,1656308,8,12240,1244744,3036,198172692,196947464,1225228,0,202832,605660,5376,198134264,196206460,1927804,36,44336,1463704,5480
2026-08-30T20:27:31.686306,791008804,784687088,785276768,92,317820,3966724,20184,34359738367,494220,17020,7888,9132,108,196529156,195016468,1512688,48,58208,652616,6140,198172692,196515276,1657416,8,12384,1244744,3128,198172692,196951876,1220816,0,202888,605660,5476,198134264,196203468,1930796,36,44340,1463704,5440
2026-08-30T20:27:32.687962,791008804,784689416,785279096,36,317884,3966724,20084,34359738367,494476,17020,7888,9132,108,196529156,195016632,1512524,4,58168,652616,6028,198172692,196515528,1657164,4,12472,1244744,3144,198172692,196953240,1219452,0,202816,605660,5476,198134264,196204016,1930248,28,44428,1463704,5436
2026-08-30T20:27:33.694525,791008804,784691116,785280796,40,318092,3966724,20184,34359738367,493788,17020,7888,9132,108,196529156,195017040,1512116,4,58332,652616,6124,198172692,196515580,1657112,8,12684,1244744,3236,198172692,196954676,1218016,0,202776,605660,5492,198134264,196203820,1930444,28,44300,1463704,5332
2026-08-30T20:27:34.695718,791008804,784694260,785283948,80,318936,3966724,20184,34359738367,494092,17020,7888,9132,108,196529156,195017328,1511828,20,58052,652616,6124,198172692,196516496,1656196,12,12428,1244744,3140,198172692,196957512,1215180,4,204032,605660,5476,198134264,196202924,1931340,44,44424,1463704,5444
2026-08-30T20:27:35.696985,791008804,784693776,785283472,92,319208,3966724,20208,34359738367,494428,17020,7888,9132,108,196529156,195017796,1511360,20,58272,652616,6124,198172692,196516848,1655844,12,12360,1244744,3072,198172692,196956060,1216632,4,203980,605660,5476,198134264,196203072,1931192,56,44596,1463704,5536
2026-08-30T20:27:36.699364,791008804,784683656,785273352,92,318912,3966724,20324,34359738367,494156,17020,7888,9132,108,196529156,195012528,1516628,20,62232,652616,6220,198172692,196512012,1660680,12,14252,1244744,2996,198172692,196955104,1217588,4,200252,605660,5684,198134264,196204012,1930252,56,42176,1463704,5424
2026-08-30T20:27:37.700809,791008804,784682460,785272156,96,318968,3966724,20184,34359738367,494844,17020,7888,9132,108,196529156,195012372,1516784,20,62020,652616,6140,198172692,196511824,1660868,12,14448,1244744,3036,198172692,196954876,1217816,4,200208,605660,5580,198134264,196203388,1930876,60,42292,1463704,5428
2026-08-30T20:27:38.702230,791008804,784681704,785271400,96,318692,3966724,20392,34359738367,494796,17020,7888,9132,108,196529156,195011464,1517692,20,61812,652616,6128,198172692,196511256,1661436,12,14552,1244744,3248,198172692,196955376,1217316,4,199948,605660,5472,198134264,196203608,1930656,60,42380,1463704,5544
2026-08-30T20:27:39.703773,791008804,784683776,785273484,96,319008,3966724,20200,34359738367,494748,17020,7888,9132,108,196529156,195010652,1518504,20,62032,652616,6124,198172692,196508492,1664200,12,14568,1244744,3156,198172692,196959800,1212892,4,200032,605660,5492,198134264,196204844,1929420,60,42392,1463704,5428
2026-08-30T20:27:40.705358,791008804,784684072,785273800,108,318864,3966724,20196,34359738367,494556,17020,7888,9132,108,196529156,195011136,1518020,28,62360,652616,6336,198172692,196507532,1665160,12,14372,1244744,3036,198172692,196960520,1212172,4,200008,605660,5476,198134264,196204884,1929380,64,42124,1463704,5348
2026-08-30T20:27:41.708300,791008804,784684552,785274280,108,319232,3966724,20184,34359738367,494428,17020,7888,9132,108,196529156,195011652,1517504,28,62116,652616,6124,198172692,196507384,1665308,12,14676,1244744,3128,198172692,196960628,1212064,4,200028,605660,5488,198134264,196204888,1929376,64,42412,1463704,5444
2026-08-30T20:27:42.709679,791008804,784686548,785276276,108,319336,3966724,20244,34359738367,494604,17020,7888,9132,108,196529156,195012756,1516400,28,62116,652616,6124,198172692,196507232,1665460,12,14680,1244744,3128,198172692,196960664,1212028,4,200248,605660,5592,198134264,196205896,1928368,64,42292,1463704,5400
2026-08-30T20:27:43.711021,791008804,784689020,785278748,112,319136,3966724,20184,34359738367,493964,17020,7888,9132,108,196529156,195013048,1516108,28,62072,652616,6124,198172692,196507852,1664840,12,14472,1244744,3036,198172692,196962076,1210616,4,199976,605660,5476,198134264,196206044,1928220,68,42616,1463704,5548
2026-08-30T20:27:44.712219,791008804,784689292,785279020,112,320444,3966724,20184,34359738367,494716,17020,7888,9132,108,196529156,195013608,1515548,28,62148,652616,6124,198172692,196507896,1664796,12,14524,1244744,3036,198172692,196962080,1210612,4,201096,605660,5476,198134264,196205708,1928556,68,42676,1463704,5548
2026-08-30T20:27:45.713502,791008804,784686244,785275972,112,320168,3966724,20244,34359738367,494412,17020,7888,9132,108,196529156,195013044,1516112,28,62248,652616,6228,198172692,196508308,1664384,12,14544,1244744,3144,198172692,196959204,1213488,4,200796,605660,5336,198134264,196205688,1928576,68,42580,1463704,5536
2026-08-30T20:27:46.714855,791008804,784685412,785275160,116,320024,3966724,20184,34359738367,494636,17020,7888,9132,108,196529156,195012900,1516256,28,62280,652616,6232,198172692,196507864,1664828,12,14384,1244744,3064,198172692,196959004,1213688,4,201108,605660,5564,198134264,196205644,1928620,72,42252,1463704,5324
2026-08-30T20:27:47.716164,791008804,784684484,785274248,128,320132,3966724,20184,34359738367,494300,17020,7888,9132,108,196529156,195011276,1517880,36,62232,652616,6244,198172692,196508040,1664652,16,14288,1244744,2944,198172692,196959328,1213364,4,201036,605660,5476,198134264,196205840,1928424,72,42576,1463704,5520
2026-08-30T20:27:48.717441,791008804,784683328,785273092,136,319844,3966724,20248,34359738367,494316,17020,7888,9132,108,196529156,195011848,1517308,36,61968,652616,6144,198172692,196508000,1664692,16,14608,1244744,3144,198172692,196957448,1215244,4,200932,605660,5520,198134264,196206032,1928232,80,42336,1463704,5440
2026-08-30T20:27:49.719416,791008804,784686624,785276388,136,320376,3966724,20288,34359738367,494396,17020,7888,9132,108,196529156,195013184,1515972,36,62436,652616,6340,198172692,196508704,1663988,16,14368,1244744,2960,198172692,196958240,1214452,4,201268,605660,5592,198134264,196206496,1927768,80,42316,1463704,5396
2026-08-30T20:27:50.721320,791008804,784687184,785276984,140,320224,3966724,20184,34359738367,494268,17020,7888,9132,108,196529156,195013828,1515328,36,62072,652616,6124,198172692,196507624,1665068,16,14512,1244744,3036,198172692,196958552,1214140,4,201052,605660,5476,198134264,196207180,1927084,84,42588,1463704,5548
2026-08-30T20:27:51.722668,791008804,784686852,785276652,140,320364,3966724,20276,34359738367,494476,17020,7888,9132,108,196529156,195013332,1515824,36,62252,652616,6240,198172692,196507840,1664852,16,14532,1244744,3024,198172692,196956900,1215792,4,200924,605660,5480,198134264,196208276,1925988,84,42656,1463704,5532
2026-08-30T20:27:52.725105,791008804,784690604,785280404,140,320032,3966724,20184,34359738367,494460,17020,7888,9132,108,196529156,195013488,1515668,36,62100,652616,6120,198172692,196508256,1664436,16,14464,1244744,3052,198172692,196960960,1211732,4,201044,605660,5476,198134264,196207900,1926364,84,42424,1463704,5536
2026-08-30T20:27:53.726574,791008804,784692760,785282560,144,320140,3966724,20184,34359738367,493964,17020,7888,9132,108,196529156,195014124,1515032,36,62216,652616,6232,198172692,196509124,1663568,16,14496,1244744,3048,198172692,196960796,1211896,4,201084,605660,5476,198134264,196208716,1925548,88,42344,1463704,5428
2026-08-30T20:27:54.727749,791008804,784693948,785283748,152,320896,3966724,20184,34359738367,494540,17020,7888,9132,108,196529156,195015092,1514064,44,62220,652616,6232,198172692,196509784,1662908,16,14476,1244744,3048,198172692,196960056,1212636,4,201852,605660,5476,198134264,196209016,1925248,88,42348,1463704,5428
2026-08-30T20:27:55.729045,791008804,784695620,785285420,152,320808,3966724,20284,34359738367,494620,17020,7888,9132,108,196529156,195015792,1513364,44,62076,652616,6124,198172692,196511256,1661436,16,14436,1244744,3036,198172692,196958624,1214068,4,201960,605660,5696,198134264,196209948,1924316,88,42336,1463704,5428
2026-08-30T20:27:56.730260,791008804,784695208,785285012,156,320532,3966724,20272,34359738367,494412,17020,7888,9132,108,196529156,195014708,1514448,44,62180,652616,6332,198172692,196510964,1661728,16,14340,1244744,3036,198172692,196958844,1213848,4,201812,605660,5476,198134264,196210692,1923572,92,42200,1463704,5428
2026-08-30T20:27:57.731481,791008804,784692716,785282528,156,320976,3966724,20288,34359738367,494364,17020,7888,9132,108,196529156,195013160,1515996,44,62324,652616,6348,198172692,196510272,1662420,16,14448,1244744,3036,198172692,196958592,1214100,4,201836,605660,5476,198134264,196210692,1923572,92,42368,1463704,5428
2026-08-30T20:27:58.732830,791008804,784690516,785280344,68,320792,3966724,20256,34359738367,494620,17020,7888,9132,108,196529156,195012704,1516452,36,62068,652616,6200,198172692,196508324,1664368,12,14560,1244744,3140,198172692,196958952,1213740,0,201852,605660,5488,198134264,196210536,1923728,20,42312,1463704,5428
2026-08-30T20:27:59.737037,791008804,784691540,785281368,76,321260,3966724,20288,34359738367,494172,17020,7888,9132,108,196529156,195013112,1516044,36,62088,652616,6124,198172692,196507412,1665280,12,14564,1244744,3152,198172692,196960520,1212172,0,201984,605660,5476,198134264,196210496,1923768,28,42624,1463704,5536
2026-08-30T20:28:00.739939,791008804,784690056,785279888,80,320804,3966724,20240,34359738367,494716,17020,7888,9132,108,196529156,195013840,1515316,36,62076,652616,6124,198172692,196507188,1665504,16,14496,1244744,3212,198172692,196961436,1211256,0,201860,605660,5476,198134264,196207592,1926672,28,42372,1463704,5428
2026-08-30T20:28:01.743610,791008804,784690696,785280532,120,320872,3966724,20184,34359738367,494012,17020,7888,9132,108,196529156,195017028,1512128,48,62076,652616,6124,198172692,196505944,1666748,20,14432,1244744,3036,198172692,196961828,1210864,0,201832,605660,5476,198134264,196205896,1928368,52,42532,1463704,5548
2026-08-30T20:28:02.747261,791008804,784691772,785281620,124,320800,3966724,20156,34359738367,494572,17020,7888,9132,108,196529156,195018044,1511112,48,62088,652616,6124,198172692,196507844,1664848,20,14368,1244744,3052,198172692,196962228,1210464,0,201836,605660,5476,198134264,196203724,1930540,56,42444,1463704,5460
2026-08-30T20:28:03.750168,791008804,784692016,785281864,124,321132,3966724,20184,34359738367,493836,17020,7888,9132,108,196529156,195019548,1509608,48,62288,652616,6124,198172692,196509064,1663628,20,14460,1244744,3036,198172692,196962532,1210160,0,201956,605660,5584,198134264,196200872,1933392,56,42428,1463704,5440
2026-08-30T20:28:04.753201,791008804,784694276,785284124,124,320896,3966724,20184,34359738367,493804,17020,7888,9132,108,196529156,195020004,1509152,48,62096,652616,6124,198172692,196510740,1661952,20,14440,1244744,3036,198172692,196962660,1210032,0,201880,605660,5476,198134264,196200872,1933392,56,42480,1463704,5548
2026-08-30T20:28:05.754436,791008804,784697692,785287540,128,320940,3966724,20184,34359738367,493804,17020,7888,9132,108,196529156,195020196,1508960,48,62140,652616,6124,198172692,196511968,1660724,20,14440,1244744,3036,198172692,196962932,1209760,0,201880,605660,5476,198134264,196202596,1931668,60,42480,1463704,5548
2026-08-30T20:28:06.755628,791008804,784698836,785288684,128,320840,3966724,20184,34359738367,494636,17020,7888,9132,108,196529156,195016920,1512236,48,62076,652616,6124,198172692,196512208,1660484,20,14436,1244744,3052,198172692,196963076,1209616,0,201876,605660,5476,198134264,196206632,1927632,60,42452,1463704,5532
2026-08-30T20:28:07.757870,791008804,784698012,785287872,128,320828,3966724,20288,34359738367,494108,17020,7888,9132,108,196529156,195014268,1514888,48,62248,652616,6240,198172692,196512172,1660520,20,14592,1244744,3248,198172692,196963344,1209348,0,201840,605660,5476,198134264,196208228,1926036,60,42148,1463704,5324
2026-08-30T20:28:08.759796,791008804,784694564,785284432,60,320916,3966724,20184,34359738367,494316,17020,7888,9132,108,196529156,195012836,1516320,16,62212,652616,6228,198172692,196512272,1660420,8,14476,1244744,3036,198172692,196963504,1209188,0,201860,605660,5476,198134264,196205952,1928312,36,42372,1463704,5444
2026-08-30T20:28:09.761726,791008804,784693380,785283252,60,320508,3966724,20224,34359738367,494188,17020,7888,9132,108,196529156,195013948,1515208,16,62076,652616,6124,198172692,196512480,1660212,8,14372,1244744,3036,198172692,196963504,1209188,0,201748,605660,5476,198134264,196203448,1930816,36,42312,1463704,5588
2026-08-30T20:28:10.763774,791008804,784695868,785285740,60,320860,3966724,20284,34359738367,494092,17020,7888,9132,108,196529156,195017020,1512136,16,62100,652616,6140,198172692,196512992,1659700,8,14516,1244744,3036,198172692,196961168,1211524,0,201904,605660,5680,198134264,196204688,1929576,36,42340,1463704,5428
2026-08-30T20:28:11.768574,791008804,784697000,785286888,64,320968,3966724,20184,34359738367,493948,17020,7888,9132,108,196529156,195018900,1510256,16,62120,652616,6168,198172692,196511736,1660956,8,14564,1244744,3048,198172692,196960248,1212444,0,201940,605660,5540,198134264,196206116,1928148,40,42344,1463704,5428
2026-08-30T20:28:12.770369,791008804,784699988,785289876,76,320644,3966724,20184,34359738367,494348,17020,7888,9132,108,196529156,195019760,1509396,16,62060,652616,6124,198172692,196510572,1662120,8,14516,1244744,3128,198172692,196958648,1214044,0,201736,605660,5504,198134264,196211008,1923256,52,42332,1463704,5428
2026-08-30T20:28:13.772144,791008804,784700840,785290732,104,320560,3966724,20324,34359738367,494620,17020,7888,9132,108,196529156,195020008,1509148,20,61960,652616,6212,198172692,196510156,1662536,12,14364,1244744,3112,198172692,196958772,1213920,4,201896,605660,5572,198134264,196211904,1922360,68,42340,1463704,5428
2026-08-30T20:28:14.774882,791008804,784699040,785288932,116,320660,3966724,20232,34359738367,494284,17020,7888,9132,108,196529156,195019540,1509616,28,62136,652616,6232,198172692,196509132,1663560,12,14460,1244744,3192,198172692,196958776,1213916,4,201840,605660,5476,198134264,196211592,1922672,72,42224,1463704,5332
2026-08-30T20:28:15.778294,791008804,784700064,785289964,116,320744,3966724,20364,34359738367,493740,17020,7888,9132,108,196529156,195020300,1508856,28,62048,652616,6124,198172692,196508360,1664332,12,14572,1244744,3224,198172692,196960032,1212660,4,201808,605660,5576,198134264,196211372,1922892,72,42316,1463704,5440
2026-08-30T20:28:16.779703,791008804,784703596,785293496,116,320944,3966724,20184,34359738367,493740,17020,7888,9132,108,196529156,195020492,1508664,28,62076,652616,6124,198172692,196509792,1662900,12,14652,1244744,3144,198172692,196961780,1210912,4,201836,605660,5476,198134264,196211532,1922732,72,42380,1463704,5440
2026-08-30T20:28:17.780902,791008804,784704364,785294264,120,320724,3966724,20184,34359738367,494460,17020,7888,9132,108,196529156,195022056,1507100,28,62068,652616,6124,198172692,196510736,1661956,12,14512,1244744,3036,198172692,196959368,1213324,4,201836,605660,5596,198134264,196212204,1922060,76,42308,1463704,5428
2026-08-30T20:28:18.782096,791008804,784702860,785292760,120,320940,3966724,20384,34359738367,494572,17020,7888,9132,108,196529156,195022424,1506732,28,62064,652616,6124,198172692,196511108,1661584,12,14440,1244744,3036,198172692,196957984,1214708,4,201972,605660,5580,198134264,196211344,1922920,76,42464,1463704,5644
2026-08-30T20:28:19.783255,791008804,784696972,785286872,120,320820,3966724,20308,34359738367,494476,17020,7888,9132,108,196529156,195022456,1506700,28,62076,652616,6124,198172692,196507700,1664992,12,14456,1244744,3168,198172692,196955916,1216776,4,201864,605660,5604,198134264,196210900,1923364,76,42424,1463704,5412
2026-08-30T20:28:20.786641,791008804,784695744,785285664,124,320700,3966724,20212,34359738367,493820,17020,7888,9132,108,196529156,195022552,1506604,28,61784,652616,6020,198172692,196505248,1667444,12,14736,1244744,3288,198172692,196957756,1214936,4,201836,605660,5476,198134264,196210188,1924076,80,42344,1463704,5428
2026-08-30T20:28:21.790582,791008804,784690036,785279972,132,320920,3966724,20184,34359738367,493964,17020,7888,9132,108,196529156,195017604,1511552,36,62172,652616,6156,198172692,196501744,1670948,12,14428,1244744,3032,198172692,196960664,1212028,4,201824,605660,5476,198134264,196210024,1924240,80,42496,1463704,5520
2026-08-30T20:28:22.794745,791008804,784692196,785282132,132,321032,3966724,20168,34359738367,494044,17020,7888,9132,108,196529156,195016128,1513028,36,62296,652616,6232,198172692,196503852,1668840,12,14328,1244744,2944,198172692,196961952,1210740,4,201864,605660,5476,198134264,196210264,1924000,80,42544,1463704,5516
2026-08-30T20:28:23.799160,791008804,784696812,785286748,132,320888,3966724,20336,34359738367,494380,17020,7888,9132,108,196529156,195014572,1514584,36,62296,652616,6332,198172692,196509324,1663368,12,14396,1244744,3100,198172692,196962844,1209848,4,201860,605660,5476,198134264,196210072,1924192,80,42360,1463704,5428
2026-08-30T20:28:24.802884,791008804,784695492,785285428,132,320688,3966724,20200,34359738367,494460,17020,7888,9132,108,196529156,195013724,1515432,36,61864,652616,6036,198172692,196510624,1662068,12,14444,1244744,3036,198172692,196961124,1211568,4,201876,605660,5596,198134264,196210020,1924244,80,42504,1463704,5532
2026-08-30T20:28:25.804780,791008804,784694716,785284664,144,320556,3966724,20184,34359738367,494124,17020,7888,9132,108,196529156,195015900,1513256,36,61968,652616,6124,198172692,196511012,1661680,12,14408,1244744,3036,198172692,196961504,1211188,4,201676,605660,5384,198134264,196206300,1927964,92,42504,1463704,5640
2026-08-30T20:28:26.807394,791008804,784696544,785286492,148,320944,3966724,20184,34359738367,493612,17020,7888,9132,108,196529156,195016976,1512180,36,62204,652616,6244,198172692,196511876,1660816,16,14484,1244744,3036,198172692,196961616,1211076,4,201900,605660,5476,198134264,196206076,1928188,92,42356,1463704,5428
2026-08-30T20:28:27.808662,791008804,784701376,785291324,148,320944,3966724,20184,34359738367,493612,17020,7888,9132,108,196529156,195019896,1509260,36,62204,652616,6244,198172692,196513304,1659388,16,14484,1244744,3036,198172692,196961856,1210836,4,201900,605660,5476,198134264,196206320,1927944,92,42356,1463704,5428
2026-08-30T20:28:28.809793,791008804,784703580,785293528,160,320820,3966724,20184,34359738367,494428,17020,7888,9132,108,196529156,195019208,1509948,44,62224,652616,6244,198172692,196513816,1658876,16,14400,1244744,3036,198172692,196962604,1210088,4,201780,605660,5476,198134264,196207952,1926312,96,42416,1463704,5428
2026-08-30T20:28:29.810975,791008804,784699444,785289400,160,320452,3966724,20192,34359738367,494700,17020,7888,9132,108,196529156,195017724,1511432,44,61860,652616,6040,198172692,196511884,1660808,16,14368,1244744,3140,198172692,196961528,1211164,4,201896,605660,5572,198134264,196208308,1925956,96,42328,1463704,5440
2026-08-30T20:28:30.812472,791008804,784691228,785281184,160,320756,3966724,20184,34359738367,494204,17020,7888,9132,108,196529156,195017240,1511916,44,62060,652616,6112,198172692,196508692,1664000,16,14308,1244744,2960,198172692,196960676,1212016,4,201784,605660,5476,198134264,196204620,1929644,96,42604,1463704,5636
2026-08-30T20:28:31.814353,791008804,784690772,785280764,164,320516,3966724,20132,34359738367,494540,17020,7888,9132,108,196529156,195019160,1509996,44,62068,652616,6124,198172692,196507240,1665452,16,14336,1244744,3088,198172692,196959256,1213436,4,201788,605660,5492,198134264,196205116,1929148,100,42324,1463704,5428
2026-08-30T20:28:32.817823,791008804,784691800,785281792,116,320640,3966724,20292,34359738367,494396,17020,7888,9132,108,196529156,195024400,1504756,36,62056,652616,6124,198172692,196503024,1669668,12,14572,1244744,3280,198172692,196959684,1213008,0,201748,605660,5476,198134264,196204692,1929572,68,42264,1463704,5412
2026-08-30T20:28:33.821127,791008804,784696992,785286984,72,320924,3966724,20184,34359738367,494076,17020,7888,9132,108,196529156,195025048,1504108,36,62048,652616,6124,198172692,196506800,1665892,12,14420,1244744,3036,198172692,196960024,1212668,0,201952,605660,5596,198134264,196205120,1929144,24,42504,1463704,5428
2026-08-30T20:28:34.825995,791008804,784697732,785287724,96,320876,3966724,20184,34359738367,494284,17020,7888,9132,108,196529156,195025428,1503728,40,62128,652616,6124,198172692,196508024,1664668,16,14548,1244744,3140,198172692,196958636,1214056,0,201840,605660,5492,198134264,196205644,1928620,40,42360,1463704,5428
2026-08-30T20:28:35.828943,791008804,784699412,785289412,104,321048,3966724,20228,34359738367,494588,17020,7888,9132,108,196529156,195025640,1503516,48,62180,652616,6124,198172692,196508820,1663872,16,14448,1244744,3036,198172692,196958740,1213952,0,202048,605660,5580,198134264,196206212,1928052,40,42372,1463704,5488
2026-08-30T20:28:36.833715,791008804,784698016,785288016,104,320944,3966724,20232,34359738367,494380,17020,7888,9132,108,196529156,195024792,1504364,48,62084,652616,6124,198172692,196509032,1663660,16,14552,1244744,3176,198172692,196958172,1214520,0,201920,605660,5504,198134264,196206020,1928244,40,42388,1463704,5428
2026-08-30T20:28:37.838889,791008804,784702240,785292240,104,320900,3966724,20184,34359738367,493756,17020,7888,9132,108,196529156,195024348,1504808,48,62104,652616,6124,198172692,196510692,1662000,16,14504,1244744,3036,198172692,196960636,1212056,0,201960,605660,5596,198134264,196206564,1927700,40,42332,1463704,5428
2026-08-30T20:28:38.840091,791008804,784706176,785296176,60,320944,3966724,20184,34359738367,493756,17020,7888,9132,108,196529156,195024492,1504664,4,62112,652616,6124,198172692,196512492,1660200,4,14520,1244744,3036,198172692,196961556,1211136,0,201964,605660,5596,198134264,196208060,1926204,52,42348,1463704,5428
2026-08-30T20:28:39.841335,791008804,784705212,785295212,64,320768,3966724,20184,34359738367,494604,17020,7888,9132,108,196529156,195024556,1504600,4,62060,652616,6124,198172692,196510644,1662048,8,14772,1244744,3248,198172692,196961816,1210876,0,201628,605660,5384,198134264,196208196,1926068,52,42308,1463704,5428
2026-08-30T20:28:40.843637,791008804,784703008,785293016,88,320516,3966724,20240,34359738367,494284,17020,7888,9132,108,196529156,195025292,1503864,8,62016,652616,6124,198172692,196508064,1664628,8,14652,1244744,3200,198172692,196960924,1211768,4,201552,605660,5476,198134264,196208728,1925536,68,42296,1463704,5440
2026-08-30T20:28:41.845124,791008804,784700264,785290308,92,320996,3966724,20184,34359738367,494236,17020,7888,9132,108,196529156,195025324,1503832,8,62072,652616,6124,198172692,196508072,1664620,8,14452,1244744,3036,198172692,196958892,1213800,4,202072,605660,5584,198134264,196207976,1926288,72,42400,1463704,5440
2026-08-30T20:28:42.846341,791008804,784699436,785289480,104,320760,3966724,20380,34359738367,494652,17020,7888,9132,108,196529156,195025356,1503800,20,62084,652616,6124,198172692,196508696,1663996,8,14524,1244744,3036,198172692,196958636,1214056,4,201836,605660,5672,198134264,196206748,1927516,72,42316,1463704,5548
2026-08-30T20:28:43.847610,791008804,784704752,785294796,104,321120,3966724,20224,34359738367,494908,17020,7888,9132,108,196529156,195025568,1503588,20,62140,652616,6124,198172692,196511540,1661152,8,14528,1244744,3036,198172692,196960160,1212532,4,202032,605660,5532,198134264,196207484,1926780,72,42420,1463704,5532
2026-08-30T20:28:44.851123,791008804,784703128,785293172,80,320984,3966724,20236,34359738367,494396,17020,7888,9132,108,196529156,195024888,1504268,20,62204,652616,6232,198172692,196508520,1664172,8,14748,1244744,3208,198172692,196961172,1211520,4,201720,605660,5368,198134264,196208548,1925716,48,42312,1463704,5428
2026-08-30T20:28:45.854743,791008804,784700516,785290564,84,320524,3966724,20184,34359738367,494412,17020,7888,9132,108,196529156,195024924,1504232,20,61932,652616,6124,198172692,196507756,1664936,8,14468,1244744,3036,198172692,196962152,1210540,4,201816,605660,5476,198134264,196205684,1928580,52,42308,1463704,5548
2026-08-30T20:28:46.858268,791008804,784702044,785292092,84,320848,3966724,20184,34359738367,494268,17020,7888,9132,108,196529156,195024184,1504972,20,62096,652616,6140,198172692,196508168,1664524,8,14432,1244744,3036,198172692,196963872,1208820,4,201848,605660,5476,198134264,196205820,1928444,52,42472,1463704,5532
2026-08-30T20:28:47.862520,791008804,784706516,785296564,88,320904,3966724,20288,34359738367,494412,17020,7888,9132,108,196529156,195023240,1505916,20,62308,652616,6336,198172692,196510440,1662252,8,14388,1244744,3024,198172692,196966000,1206692,4,201848,605660,5476,198134264,196206868,1927396,56,42264,1463704,5428
2026-08-30T20:28:48.866056,791008804,784709796,785299844,88,320976,3966724,20184,34359738367,493788,17020,7888,9132,108,196529156,195022960,1506196,20,62228,652616,6228,198172692,196511648,1661044,8,14508,1244744,3052,198172692,196966308,1206384,4,201888,605660,5476,198134264,196208880,1925384,56,42352,1463704,5428
2026-08-30T20:28:49.867904,791008804,784711992,785302040,96,320952,3966724,20184,34359738367,494604,17020,7888,9132,108,196529156,195023460,1505696,28,62268,652616,6244,198172692,196512152,1660540,8,14488,1244744,3036,198172692,196966492,1206200,4,201880,605660,5476,198134264,196209888,1924376,56,42316,1463704,5428
2026-08-30T20:28:50.870039,791008804,784708852,785298924,100,320692,3966724,20480,34359738367,494124,17020,7888,9132,108,196529156,195024528,1504628,28,61972,652616,6124,198172692,196508180,1664512,8,14724,1244744,3372,198172692,196965400,1207292,4,201748,605660,5452,198134264,196210744,1923520,60,42248,1463704,5532
2026-08-30T20:28:51.872165,791008804,784706468,785296568,116,320560,3966724,20184,34359738367,494188,17020,7888,9132,108,196529156,195024644,1504512,28,61780,652616,6004,198172692,196507484,1665208,12,14600,1244744,3156,198172692,196963392,1209300,4,201916,605660,5596,198134264,196210948,1923316,72,42264,1463704,5428
2026-08-30T20:28:52.876171,791008804,784704648,785294748,116,321128,3966724,20184,34359738367,494236,17020,7888,9132,108,196529156,195024348,1504808,28,62044,652616,6124,198172692,196506396,1666296,12,14620,1244744,3036,198172692,196962916,1209776,4,202140,605660,5596,198134264,196210988,1923276,72,42324,1463704,5428
2026-08-30T20:28:53.878901,791008804,784706680,785296780,116,320936,3966724,20204,34359738367,494476,17020,7888,9132,108,196529156,195023068,1506088,28,61956,652616,6052,198172692,196508040,1664652,12,14644,1244744,3144,198172692,196964380,1208312,4,202032,605660,5580,198134264,196211192,1923072,72,42304,1463704,5428
2026-08-30T20:28:54.880224,791008804,784710120,785300220,120,320920,3966724,20184,34359738367,494604,17020,7888,9132,108,196529156,195022556,1506600,28,61868,652616,5952,198172692,196511404,1661288,12,14484,1244744,3036,198172692,196964372,1208320,4,202216,605660,5768,198134264,196211788,1922476,76,42352,1463704,5428
2026-08-30T20:28:55.881421,791008804,784707832,785297932,128,320828,3966724,20184,34359738367,494236,17020,7888,9132,108,196529156,195022312,1506844,36,62092,652616,6108,198172692,196511284,1661408,12,14648,1244744,3264,198172692,196963220,1209472,4,201744,605660,5372,198134264,196211016,1923248,76,42344,1463704,5440
2026-08-30T20:28:56.882973,791008804,784705652,785295752,128,320912,3966724,20388,34359738367,494428,17020,7888,9132,108,196529156,195021504,1507652,36,62012,652616,6328,198172692,196512312,1660380,12,14528,1244744,3036,198172692,196962476,1210216,4,202032,605660,5580,198134264,196209360,1924904,76,42340,1463704,5444
2026-08-30T20:28:57.884267,791008804,784708400,785298508,132,320740,3966724,20184,34359738367,494380,17020,7888,9132,108,196529156,195023472,1505684,36,62096,652616,6124,198172692,196512660,1660032,12,14464,1244744,3024,198172692,196964496,1208196,4,201860,605660,5476,198134264,196207772,1926492,80,42320,1463704,5560
2026-08-30T20:28:58.885572,791008804,784706748,785296856,132,320836,3966724,20204,34359738367,494380,17020,7888,9132,108,196529156,195023472,1505684,36,62140,652616,6228,198172692,196512620,1660072,12,14376,1244744,3036,198172692,196967464,1205228,4,201848,605660,5476,198134264,196203192,1931072,80,42472,1463704,5464
2026-08-30T20:28:59.887183,791008804,784710072,785300188,132,320944,3966724,20184,34359738367,493884,17020,7888,9132,108,196529156,195023952,1505204,36,62212,652616,6244,198172692,196513620,1659072,12,14516,1244744,3036,198172692,196967832,1204860,4,201904,605660,5476,198134264,196204668,1929596,80,42312,1463704,5428
2026-08-30T20:29:00.888486,791008804,784714884,785305000,136,320944,3966724,20184,34359738367,494364,17020,7888,9132,108,196529156,195024144,1505012,36,62212,652616,6244,198172692,196514656,1658036,12,14516,1244744,3036,198172692,196968760,1203932,4,201908,605660,5476,198134264,196207324,1926940,84,42308,1463704,5428
2026-08-30T20:29:01.889904,791008804,784711032,785301152,136,320792,3966724,20384,34359738367,494684,17020,7888,9132,108,196529156,195022684,1506472,36,62128,652616,6340,198172692,196514140,1658552,12,14404,1244744,3036,198172692,196967828,1204864,4,201740,605660,5488,198134264,196206380,1927884,84,42520,1463704,5520
2026-08-30T20:29:02.893691,791008804,784709944,785300080,144,320796,3966724,20280,34359738367,494524,17020,7888,9132,108,196529156,195022184,1506972,44,61976,652616,6124,198172692,196513712,1658980,12,14516,1244744,3092,198172692,196967248,1205444,4,202192,605660,5688,198134264,196206800,1927464,84,42112,1463704,5376
2026-08-30T20:29:03.896533,791008804,784707132,785297268,148,321412,3966724,20344,34359738367,494988,17020,7888,9132,108,196529156,195022296,1506860,44,62040,652616,6124,198172692,196511868,1660824,12,15044,1244744,3288,198172692,196966520,1206172,4,201864,605660,5504,198134264,196206448,1927816,88,42464,1463704,5428
2026-08-30T20:29:04.901030,791008804,784704160,785294296,120,320772,3966724,20288,34359738367,494908,17020,7888,9132,108,196529156,195022348,1506808,44,61856,652616,6016,198172692,196511312,1661380,16,14480,1244744,3036,198172692,196967032,1205660,4,201800,605660,5476,198134264,196203468,1930796,56,42636,1463704,5760
2026-08-30T20:29:05.902899,791008804,784708192,785298340,72,320836,3966724,20136,34359738367,494572,17020,7888,9132,108,196529156,195024124,1505032,36,61912,652616,6004,198172692,196504440,1668252,12,22672,1244744,3036,198172692,196966268,1206424,0,202028,605660,5656,198134264,196213360,1920904,24,34224,1463704,5440
2026-08-30T20:29:06.904495,791008804,784708376,785298524,76,320600,3966724,20292,34359738367,494316,17020,7888,9132,108,196529156,195023084,1506072,36,61800,652616,6048,198172692,196505068,1667624,12,22724,1244744,3128,198172692,196967172,1205520,0,202112,605660,5680,198134264,196213052,1921212,28,33964,1463704,5436
2026-08-30T20:29:07.905786,791008804,784708204,785298352,100,320640,3966724,20188,34359738367,494748,17020,7888,9132,108,196529156,195022036,1507120,40,62216,652616,6232,198172692,196505656,1667036,16,22416,1244744,2944,198172692,196965888,1206804,0,201844,605660,5584,198134264,196214624,1919640,44,34164,1463704,5428
2026-08-30T20:29:08.907738,791008804,784709528,785299680,100,320920,3966724,20144,34359738367,494668,17020,7888,9132,108,196529156,195020684,1508472,40,62096,652616,6100,198172692,196505268,1667424,16,22828,1244744,3140,198172692,196966828,1205864,0,201824,605660,5476,198134264,196216748,1917516,44,34172,1463704,5428
2026-08-30T20:29:09.909245,791008804,784709684,785299852,100,320976,3966724,20184,34359738367,493916,17020,7888,9132,108,196529156,195020012,1509144,48,62116,652616,6136,198172692,196505988,1666704,4,22660,1244744,3036,198172692,196966032,1206660,0,202072,605660,5584,198134264,196217652,1916612,48,34128,1463704,5428
2026-08-30T20:29:10.910989,791008804,784710828,785301004,104,320948,3966724,20184,34359738367,493916,17020,7888,9132,108,196529156,195021268,1507888,48,62100,652616,6124,198172692,196505472,1667220,8,22824,1244744,3156,198172692,196966200,1206492,0,201844,605660,5476,198134264,196217888,1916376,48,34180,1463704,5428
2026-08-30T20:29:11.912022,791008804,788622472,786245724,620,218548,153432,11232,34359738367,490124,17020,7888,9132,108,196529156,195638772,890384,48,51776,49016,4940,198172692,197734952,437740,8,8244,28820,684,198172692,197566764,605928,0,128684,66776,2996,198134264,197681984,452280,564,29844,9324,2612
2026-08-30T20:29:12.913809,791008804,788519916,786174884,656,254164,183440,11160,34359738367,492108,17020,7888,9132,108,196529156,195639768,889388,0,51652,48972,4748,198172692,197735392,437300,0,8008,28820,528,198172692,197462832,709860,4,164924,96380,3468,198134264,197681924,452340,652,29580,9268,2416
2026-08-30T20:29:13.915020,791008804,788431788,786108696,660,293812,200252,11336,34359738367,492108,17020,7888,9132,108,196529156,195640084,889072,0,51736,48972,4748,198172692,197735796,436896,0,8100,28820,528,198172692,197373908,798784,4,204308,113192,3644,198134264,197682000,452264,656,29668,9268,2416
2026-08-30T20:29:14.916267,791008804,788211840,785990424,524,314304,340868,13864,34359738367,494156,17020,7888,9132,108,196529156,195640336,888820,0,51736,48972,4748,198172692,197735864,436828,0,8100,28820,528,198172692,197153636,1019056,4,224800,253808,6172,198134264,197682004,452260,520,29668,9268,2416
2026-08-30T20:29:16.054202,791008804,787825032,785801500,532,315812,597024,15624,34359738367,494156,17020,7888,9132,108,196529156,195640332,888824,0,51736,48972,4748,198172692,197736220,436472,0,8100,28820,528,198172692,196769156,1403536,4,226300,508612,7932,198134264,197678820,455444,528,29676,10620,2416
2026-08-30T20:29:17.055294,791008804,787479868,785628800,556,317216,882492,15664,34359738367,494156,17020,7888,9132,108,196529156,195637568,891588,12,51736,50944,4748,198172692,197736232,436460,0,8100,28820,528,198172692,196429472,1743220,4,227692,790780,7972,198134264,197676092,458172,540,29688,12452,2416
2026-08-30T20:29:18.056626,791008804,787130400,785452288,564,322436,1285564,15664,34359738367,494156,17020,7888,9132,108,196529156,195634580,894576,12,51748,53256,4748,198172692,197736236,436456,0,8100,28820,528,198172692,196090548,2082144,4,232844,1185748,7972,198134264,197668532,465732,548,29744,17740,2416
2026-08-30T20:29:19.057801,791008804,786573788,785025112,564,589232,1764984,15756,34359738367,494156,17020,7888,9132,108,196529156,195564044,965112,12,95168,62792,4748,198172692,197731836,440856,0,8100,29120,528,198172692,195697332,2475360,4,399816,1642456,8056,198134264,197580576,553688,548,86148,30616,2424
2026-08-30T20:29:20.059052,791008804,786274984,784933624,564,680380,1946816,16348,34359738367,494156,17020,7888,9132,108,196529156,195483928,1045228,12,119008,115008,4924,198172692,197652508,520184,0,24704,69436,604,198172692,195625508,2547184,4,425088,1690612,8240,198134264,197513040,621224,548,111580,71760,2580
2026-08-30T20:29:21.061686,791008804,785586304,784445492,584,688988,2191332,17168,34359738367,494156,17020,7888,9132,108,196529156,195296820,1232336,12,100652,182812,5120,198172692,197471756,700936,4,51604,128288,848,198172692,195453644,2719048,8,398504,1754480,8360,198134264,197362068,772196,560,135708,125752,2840
2026-08-30T20:29:22.063689,791008804,785133044,784015160,584,810036,2263132,17976,34359738367,494140,17020,7888,9132,108,196529156,195172300,1356856,12,153480,199952,5296,198172692,197392172,780520,4,131772,144608,1064,198172692,195319204,2853488,8,359760,1776016,8572,198134264,197249368,884896,560,162772,142556,3044
2026-08-30T20:29:23.068453,791008804,785176408,784058524,584,835124,2263280,18108,34359738367,494140,17020,7888,9132,108,196529156,195192020,1337136,12,178684,199952,5384,198172692,197401900,770792,4,119764,144608,1144,198172692,195319204,2853488,8,381480,1776164,8552,198134264,197263284,870980,560,156204,142556,3028
2026-08-30T20:29:24.070014,791008804,785226028,784108156,596,846020,2263280,18076,34359738367,494140,17020,7888,9132,108,196529156,195215432,1313724,12,159404,199952,5288,198172692,197412864,759828,12,140116,144608,1160,198172692,195318952,2853740,8,390764,1776164,8536,198134264,197278780,855484,564,157752,142556,3092
2026-08-30T20:29:25.071917,791008804,785276632,784158760,596,844820,2263280,18076,34359738367,494140,17020,7888,9132,108,196529156,195225504,1303652,12,170964,199952,5276,198172692,197434104,738588,12,143136,144608,1196,198172692,195333788,2838904,8,380892,1776164,8552,198134264,197283236,851028,564,146864,142556,3052
2026-08-30T20:29:26.076458,791008804,785299828,784181964,600,851276,2263280,18140,34359738367,494140,17020,7888,9132,108,196529156,195243244,1285912,12,185132,199952,5396,198172692,197429360,743332,12,131332,144608,1168,198172692,195344528,2828164,8,384352,1776164,8528,198134264,197282696,851568,568,154628,142556,3048
2026-08-30T20:29:27.078054,791008804,785315904,784198044,604,825992,2263280,18140,34359738367,494140,17020,7888,9132,108,196529156,195246288,1282868,12,174448,199952,5344,198172692,197427444,745248,12,138336,144608,1268,198172692,195358564,2814128,8,373028,1776164,8504,198134264,197283608,850656,572,141188,142556,3024
2026-08-30T20:29:28.079764,791008804,785330224,784212364,604,822460,2263280,18112,34359738367,494140,17020,7888,9132,108,196529156,195235240,1293916,12,171676,199952,5296,198172692,197433712,738980,12,127948,144608,1204,198172692,195363856,2808836,8,377840,1776164,8516,198134264,197297416,836848,572,146508,142556,3096
2026-08-30T20:29:29.084450,791008804,785356520,784238660,604,792956,2263280,18152,34359738367,494140,17020,7888,9132,108,196529156,195239364,1289792,12,167004,199952,5416,198172692,197433604,739088,12,122852,144608,1148,198172692,195393512,2779180,8,366780,1776164,8520,198134264,197290040,844224,572,132536,142556,3068
2026-08-30T20:29:30.086046,791008804,785305936,784188088,616,856388,2263284,17832,34359738367,494140,17020,7888,9132,108,196529156,195226896,1302260,12,182052,199952,5320,198172692,197413444,759248,12,133692,144608,1092,198172692,195385692,2787000,8,376028,1776168,8408,198134264,197279904,854360,584,164616,142556,3012
2026-08-30T20:29:31.087587,791008804,785322200,784204364,628,869904,2263288,18172,34359738367,494140,17020,7888,9132,108,196529156,195220832,1308324,24,168936,199952,5368,198172692,197414640,758052,12,131868,144608,1204,198172692,195393516,2779176,8,387564,1776172,8560,198134264,197289216,845048,584,177472,142556,3040
2026-08-30T20:29:32.092481,791008804,785333704,784215876,628,877724,2263288,18156,34359738367,494140,17020,7888,9132,108,196529156,195215396,1313760,24,185620,199952,5384,198172692,197408588,764104,12,136328,144608,1088,198172692,195420072,2752620,8,387968,1776172,8592,198134264,197289648,844616,584,168312,142556,3092
2026-08-30T20:29:33.094118,791008804,785291416,784173592,632,875520,2263288,18108,34359738367,494140,17020,7888,9132,108,196529156,195201584,1327572,24,180220,199952,5368,198172692,197399380,773312,12,136836,144608,1108,198172692,195411096,2761596,8,367600,1776172,8548,198134264,197279356,854908,588,163648,142556,3084
2026-08-30T20:29:34.095689,791008804,785307164,784189340,632,875112,2263288,18096,34359738367,494140,17020,7888,9132,108,196529156,195207796,1321360,24,181468,199952,5352,198172692,197400548,772144,12,141516,144608,1128,198172692,195430384,2742308,8,368880,1776172,8560,198134264,197268436,865828,588,168476,142556,3056
2026-08-30T20:29:35.100452,791008804,785328588,784210764,632,888948,2263288,18120,34359738367,494140,17020,7888,9132,108,196529156,195222064,1307092,24,193436,199952,5328,198172692,197397952,774740,12,157788,144608,1080,198172692,195420380,2752312,8,375156,1776172,8624,198134264,197288192,846072,588,161852,142556,3088
2026-08-30T20:29:36.102155,791008804,785303968,784186148,636,869028,2263288,18152,34359738367,494140,17020,7888,9132,108,196529156,195218456,1310700,24,183760,199952,5316,198172692,197394100,778592,12,153780,144608,1172,198172692,195420876,2751816,8,377788,1776172,8536,198134264,197270536,863728,592,158040,142556,3128
2026-08-30T20:29:37.103830,791008804,785330448,784212636,636,864936,2263288,18156,34359738367,494140,17020,7888,9132,108,196529156,195227196,1301960,24,198696,199952,5396,198172692,197403524,769168,12,122740,144608,1084,198172692,195426324,2746368,8,364252,1776172,8492,198134264,197273404,860860,592,184700,142556,3184
2026-08-30T20:29:38.108446,791008804,785318612,784200808,644,811476,2263288,18136,34359738367,494140,17020,7888,9132,108,196529156,195219508,1309648,32,195660,199952,5312,198172692,197409036,763656,12,127496,144608,1124,198172692,195416788,2755904,8,326552,1776172,8616,198134264,197280400,853864,592,159052,142556,3084
2026-08-30T20:29:39.109997,791008804,785387684,784269880,648,762292,2263288,17752,34359738367,494140,17020,7888,9132,108,196529156,195241444,1287712,32,165036,199952,5252,198172692,197422636,750056,12,129944,144608,1040,198172692,195419212,2753480,8,367664,1776172,8444,198134264,197304392,829872,596,106740,142556,3016
2026-08-30T20:29:40.111630,791008804,785334440,784216640,648,888472,2263288,18120,34359738367,494140,17020,7888,9132,108,196529156,195229888,1299268,32,197972,199952,5340,198172692,197405688,767004,12,146404,144608,1164,198172692,195421904,2750788,8,375008,1776172,8544,198134264,197276960,857304,596,170096,142556,3072
2026-08-30T20:29:41.116462,791008804,785343412,784225612,648,862760,2263288,18108,34359738367,494140,17020,7888,9132,108,196529156,195243844,1285312,32,180124,199952,5272,198172692,197422180,750512,12,140032,144608,1188,198172692,195404420,2768272,8,380684,1776172,8640,198134264,197272968,861296,596,168280,142556,3008
2026-08-30T20:29:42.118143,791008804,785365140,784247340,648,882504,2263288,18160,34359738367,494140,17020,7888,9132,108,196529156,195242660,1286496,32,192124,199952,5272,198172692,197425488,747204,12,150732,144608,1208,198172692,195412312,2760380,8,371872,1776172,8656,198134264,197284680,849584,596,170860,142556,3024
2026-08-30T20:29:43.119751,791008804,785382040,784264260,660,902040,2263288,18156,34359738367,494140,17020,7888,9132,108,196529156,195244480,1284676,32,195920,199952,5340,198172692,197425120,747572,12,147108,144608,1116,198172692,195421048,2751644,8,387284,1776172,8680,198134264,197291392,842872,608,169816,142556,3020
2026-08-30T20:29:44.124460,791008804,785378376,784260608,672,903224,2263288,18156,34359738367,494140,17020,7888,9132,108,196529156,195240668,1288488,44,200360,199952,5456,198172692,197418412,754280,12,149312,144608,1148,198172692,195433736,2738956,8,378400,1776172,8528,198134264,197285560,848704,608,176664,142556,3024
2026-08-30T20:29:45.126121,791008804,785393760,784275992,140,827548,2263288,18172,34359738367,494140,17020,7888,9132,108,196529156,195245200,1283956,44,187628,199952,5392,198172692,197426172,746520,8,125004,144608,1136,198172692,195432948,2739744,0,356444,1776172,8628,198134264,197289440,844824,88,160544,142556,3016
2026-08-30T20:29:46.128267,791008804,785388844,784271080,72,819360,2263288,18164,34359738367,494140,17020,7888,9132,108,196529156,195246172,1282984,36,170488,199952,5268,198172692,197411752,760940,8,131072,144608,1288,198172692,195420988,2751704,0,377956,1776172,8536,198134264,197309932,824332,28,134560,142556,3072
2026-08-30T20:29:47.132453,791008804,785412936,784295172,80,858812,2263288,18136,34359738367,494140,17020,7888,9132,108,196529156,195268420,1260736,40,176456,199952,5340,198172692,197410884,761808,8,134856,144608,1132,198172692,195428732,2743960,0,389608,1776172,8584,198134264,197304900,829364,32,156712,142556,3080
2026-08-30T20:29:48.134047,791008804,785513300,784395536,112,479824,2263288,17804,34359738367,494140,17020,7888,9132,108,196529156,195261872,1267284,48,92104,199952,5280,198172692,197435540,737152,12,46484,144608,1100,198172692,195478968,2693724,0,262776,1776172,8488,198134264,197336920,797344,52,78460,142556,2936
2026-08-30T20:29:49.136455,791008804,785403984,784286224,116,820916,2263288,18064,34359738367,494140,17020,7888,9132,108,196529156,195240588,1288568,48,178076,199952,5268,198172692,197413664,759028,12,117164,144608,1204,198172692,195460564,2712128,0,368224,1776172,8520,198134264,197289168,845096,56,158460,142556,3072
2026-08-30T20:29:50.140457,791008804,785407748,784289996,116,878856,2263288,18152,34359738367,494140,17020,7888,9132,108,196529156,195256300,1272856,48,178388,199952,5380,198172692,197414696,757996,12,147688,144608,1104,198172692,195474420,2698272,0,371928,1776172,8572,198134264,197265356,868908,56,181860,142556,3096
2026-08-30T20:29:51.142016,791008804,785455272,784337528,44,890200,2263288,18160,34359738367,494140,17020,7888,9132,108,196529156,195259036,1270120,12,193744,199952,5368,198172692,197418584,754108,4,147764,144608,1124,198172692,195481952,2690740,0,370780,1776172,8560,198134264,197295700,838564,28,177408,142556,3108
2026-08-30T20:29:52.143664,791008804,785506244,784388000,48,863284,2263288,18140,34359738367,494140,17020,7888,9132,108,196529156,195258524,1270632,12,188932,199952,5364,198172692,197435768,736924,4,141408,144608,1160,198172692,195505180,2667512,0,365704,1776172,8528,198134264,197306268,827996,32,173596,142556,3088
2026-08-30T20:29:53.148457,791008804,785457000,784339268,64,908516,2263288,18156,34359738367,494140,17020,7888,9132,108,196529156,195245728,1283428,12,205064,199952,5300,198172692,197426724,745968,4,146612,144608,1104,198172692,195489856,2682836,4,377536,1776172,8596,198134264,197294692,839572,44,179304,142556,3156
2026-08-30T20:29:54.150201,791008804,785472068,784354336,64,878400,2263288,18140,34359738367,494140,17020,7888,9132,108,196529156,195239616,1289540,12,194744,199952,5340,198172692,197429820,742872,4,152376,144608,1128,198172692,195497860,2674832,4,366016,1776172,8580,198134264,197300908,833356,44,170964,142556,3092
2026-08-30T20:29:55.151957,791008804,785495932,784378204,68,842772,2263288,18184,34359738367,494140,17020,7888,9132,108,196529156,195249116,1280040,12,194756,199952,5380,198172692,197440196,732496,4,135724,144608,1132,198172692,195509216,2663476,4,353324,1776172,8556,198134264,197296900,837364,48,161992,142556,3116
2026-08-30T20:29:56.156450,791008804,785505004,784387284,80,851948,2263288,18152,34359738367,494140,17020,7888,9132,108,196529156,195247116,1282040,12,179056,199952,5280,198172692,197446152,726540,4,140096,144608,1200,198172692,195511588,2661104,4,379024,1776172,8656,198134264,197300148,834116,60,150128,142556,3016
2026-08-30T20:29:57.158222,791008804,785592768,784475052,84,485524,2263288,17872,34359738367,494140,17020,7888,9132,108,196529156,195263640,1265516,16,98296,199952,5220,198172692,197443788,728904,4,59220,144608,1088,198172692,195534836,2637856,4,262516,1776172,8504,198134264,197350504,783760,60,65492,142556,3060
2026-08-30T20:29:58.159765,791008804,785549048,784431344,100,882656,2263288,17988,34359738367,494140,17020,7888,9132,108,196529156,195260208,1268948,28,201964,199952,5340,198172692,197438724,733968,4,140972,144608,1132,198172692,195529208,2643484,4,367084,1776172,8472,198134264,197319396,814868,64,173140,142556,3044
2026-08-30T20:29:59.164461,791008804,785496008,784378312,100,880104,2263288,18156,34359738367,494140,17020,7888,9132,108,196529156,195244512,1284644,28,199032,199952,5384,198172692,197435220,737472,4,147392,144608,1220,198172692,195506736,2665956,4,360512,1776172,8560,198134264,197315148,819116,64,168580,142556,2992
2026-08-30T20:30:00.166129,791008804,785563476,784445780,100,872172,2263288,18132,34359738367,494140,17020,7888,9132,108,196529156,195256796,1272360,28,187100,199952,5384,198172692,197449772,722920,4,129604,144608,1148,198172692,195526616,2646076,4,370348,1776172,8580,198134264,197326152,808112,64,182624,142556,3020
2026-08-30T20:30:01.167929,791008804,785577456,784459764,104,863420,2263288,18160,34359738367,494140,17020,7888,9132,108,196529156,195260512,1268644,28,185292,199952,5336,198172692,197440164,732528,4,145716,144608,1140,198172692,195541120,2631572,4,364296,1776172,8632,198134264,197334652,799612,68,170636,142556,3052
2026-08-30T20:30:02.172458,791008804,785559856,784442672,104,893356,2263288,18164,34359738367,494124,17020,7888,9132,108,196529156,195266744,1262412,28,185784,199952,5380,198172692,197435396,737296,4,167356,144608,1152,198172692,195529480,2643212,4,378020,1776172,8624,198134264,197328236,806028,68,167964,142556,3008
2026-08-30T20:30:03.174047,791008804,785589032,784472080,108,878772,2263288,18176,34359738367,494124,17020,7888,9132,108,196529156,195263672,1265484,28,203388,199952,5344,198172692,197454272,718420,4,147792,144608,1148,198172692,195545088,2627604,8,369956,1776172,8552,198134264,197326000,808264,68,160156,142556,3132
2026-08-30T20:30:04.176013,791008804,785556896,784439960,116,902536,2263288,18144,34359738367,494124,17020,7888,9132,108,196529156,195248964,1280192,36,198364,199952,5268,198172692,197442036,730656,4,141312,144608,1236,198172692,195540292,2632400,8,384464,1776172,8568,198134264,197325604,808660,68,160848,142556,3072
2026-08-30T20:30:05.180476,791008804,785579788,784462856,120,855580,2263288,18136,34359738367,494124,17020,7888,9132,108,196529156,195268100,1261056,36,173720,199952,5332,198172692,197448864,723828,4,142368,144608,1104,198172692,195535208,2637484,8,373704,1776172,8528,198134264,197327616,806648,72,166292,142556,3172
2026-08-30T20:30:06.182217,791008804,785653336,784536404,120,502288,2263288,17944,34359738367,494124,17020,7888,9132,108,196529156,195294368,1234788,36,98764,199952,5348,198172692,197473312,699380,4,50744,144608,1152,198172692,195550988,2621704,8,266376,1776172,8448,198134264,197334668,799596,72,86404,142556,2996
2026-08-30T20:30:07.183423,791008804,785574548,784457616,120,884044,2263288,17972,34359738367,494124,17020,7888,9132,108,196529156,195260660,1268496,36,192392,199952,5296,198172692,197439368,733324,4,156716,144608,1152,198172692,195549736,2622956,8,365220,1776172,8504,198134264,197324280,809984,72,170724,142556,3020
2026-08-30T20:30:08.188457,791008804,785562256,784445336,132,891812,2263288,18132,34359738367,494124,17020,7888,9132,108,196529156,195246940,1282216,36,198040,199952,5368,198172692,197438396,734296,4,153512,144608,1064,198172692,195553368,2619324,8,368488,1776172,8636,198134264,197323552,810712,84,174292,142556,3064
2026-08-30T20:30:09.190163,791008804,785566616,784449700,136,894164,2263288,18168,34359738367,494124,17020,7888,9132,108,196529156,195261352,1267804,40,188764,199952,5340,198172692,197430780,741912,4,158424,144608,1204,198172692,195539808,2632884,8,368576,1776172,8476,198134264,197334676,799588,84,174304,142556,3148
2026-08-30T20:30:10.191689,791008804,785562736,784445836,144,884712,2263288,18148,34359738367,494124,17020,7888,9132,108,196529156,195256796,1272360,48,193004,199952,5308,198172692,197422444,750248,4,144088,144608,1140,198172692,195549016,2623676,8,377232,1776172,8588,198134264,197334480,799784,84,170116,142556,3112
2026-08-30T20:30:11.196456,791008804,785601604,784484708,148,845800,2263288,18172,34359738367,494124,17020,7888,9132,108,196529156,195263604,1265552,48,180488,199952,5320,198172692,197443048,729644,4,129776,144608,1164,198172692,195555148,2617544,8,369320,1776172,8648,198134264,197339804,794460,88,167224,142556,3040
2026-08-30T20:30:12.198101,791008804,785587720,784470824,148,878364,2263288,18152,34359738367,494124,17020,7888,9132,108,196529156,195259484,1269672,48,189116,199952,5260,198172692,197435524,737168,4,144768,144608,1192,198172692,195552108,2620584,8,368728,1776172,8564,198134264,197340604,793660,88,171036,142556,3136
2026-08-30T20:30:13.199672,791008804,785594800,784477904,148,882812,2263288,18152,34359738367,494124,17020,7888,9132,108,196529156,195268792,1260364,48,188940,199952,5332,198172692,197438128,734564,4,136280,144608,1160,198172692,195550740,2621952,8,375372,1776172,8532,198134264,197333224,801040,88,177832,142556,3128
2026-08-30T20:30:14.204453,791008804,785580092,784463200,152,885664,2263288,18116,34359738367,494124,17020,7888,9132,108,196529156,195267852,1261304,48,198784,199952,5340,198172692,197433524,739168,4,144788,144608,1136,198172692,195549976,2622716,8,382680,1776172,8572,198134264,197328740,805524,92,160080,142556,3068
2026-08-30T20:30:15.206150,791008804,785637184,784520292,152,528884,2263288,18004,34359738367,494124,17020,7888,9132,108,196529156,195269916,1259240,48,100136,199952,5364,198172692,197452932,719760,4,68840,144608,1172,198172692,195572120,2600572,8,269336,1776172,8536,198134264,197342216,792048,92,90572,142556,2932
2026-08-30T20:30:16.207269,791008804,785533696,784416812,152,914172,2263288,17876,34359738367,494124,17020,7888,9132,108,196529156,195251176,1277980,48,200672,199952,5272,198172692,197424976,747716,4,155276,144608,1092,198172692,195607852,2564840,8,313000,1776172,8488,198134264,197249692,884572,92,245728,142556,3024
2026-08-30T20:30:17.212452,791008804,785525512,784408628,104,870640,2263288,18152,34359738367,494124,17020,7888,9132,108,196529156,195241272,1287884,36,193600,199952,5388,198172692,197435580,737112,4,127372,144608,1108,198172692,195602712,2569980,8,313584,1776172,8544,198134264,197245948,888316,56,238844,142556,3112
2026-08-30T20:30:18.213968,791008804,785258704,784141832,72,860544,2263288,18160,34359738367,494124,17020,7888,9132,108,196529156,195196532,1332624,32,182648,199952,5348,198172692,197350196,822496,8,147552,144608,1120,198172692,195547312,2625380,4,295232,1776172,8624,198134264,197164664,969600,28,226192,142556,3068
2026-08-30T20:30:19.215628,791008804,785316672,784199800,72,883224,2263288,18144,34359738367,494124,17020,7888,9132,108,196529156,195204204,1324952,32,196276,199952,5324,198172692,197359612,813080,8,153328,144608,1164,198172692,195557232,2615460,4,286052,1776172,8548,198134264,197195624,938640,28,240760,142556,3108
2026-08-30T20:30:20.220467,791008804,785349724,784232860,104,896152,2263288,18172,34359738367,494124,17020,7888,9132,108,196529156,195221068,1308088,40,199060,199952,5308,198172692,197380344,792348,12,156668,144608,1156,198172692,195557980,2614712,4,298856,1776172,8528,198134264,197196192,938072,48,244160,142556,3180
2026-08-30T20:30:21.222197,791008804,785377576,784260724,116,874768,2263288,18144,34359738367,494124,17020,7888,9132,108,196529156,195215892,1313264,40,195372,199952,5264,198172692,197379344,793348,12,143928,144608,1164,198172692,195571856,2600836,4,288868,1776172,8572,198134264,197210484,923780,60,224992,142556,3144
2026-08-30T20:30:22.223967,791008804,785388336,784271488,120,854228,2263288,18172,34359738367,494124,17020,7888,9132,108,196529156,195225664,1303492,44,186392,199952,5232,198172692,197379792,792900,12,141004,144608,1168,198172692,195573668,2599024,4,308204,1776172,8588,198134264,197209212,925052,60,221308,142556,3184
2026-08-30T20:30:23.228450,791008804,785361780,784244932,120,835968,2263288,18120,34359738367,494124,17020,7888,9132,108,196529156,195203964,1325192,44,198796,199952,5352,198172692,197373336,799356,12,138220,144608,1056,198172692,195572040,2600652,4,293008,1776172,8612,198134264,197211936,922328,60,212792,142556,3100
2026-08-30T20:30:24.229957,791008804,785409932,784293092,132,718436,2263288,18128,34359738367,494124,17020,7888,9132,108,196529156,195212168,1316988,52,186312,199952,5312,198172692,197380720,791972,12,124472,144608,1092,198172692,195598076,2574616,4,195628,1776172,8636,198134264,197218968,915296,64,206500,142556,3088
2026-08-30T20:30:25.231630,791008804,785357268,784240428,132,909368,2263288,17784,34359738367,494124,17020,7888,9132,108,196529156,195198824,1330332,52,199380,199952,5260,198172692,197376308,796384,12,142916,144608,1136,198172692,195555028,2617664,4,329248,1776172,8424,198134264,197227108,907156,64,240344,142556,2964
2026-08-30T20:30:26.236454,791008804,785352148,784235320,136,878976,2263288,18200,34359738367,494124,17020,7888,9132,108,196529156,195221800,1307356,52,184292,199952,5404,198172692,197375988,796704,12,138936,144608,1136,198172692,195546284,2626408,4,318504,1776172,8528,198134264,197208076,926188,68,223672,142556,3132
2026-08-30T20:30:27.238194,791008804,785313516,784196688,108,871412,2263288,18156,34359738367,494124,17020,7888,9132,108,196529156,195211772,1317384,52,168904,199952,5356,198172692,197354772,817920,12,141016,144608,1184,198172692,195539404,2633288,4,330416,1776172,8504,198134264,197207568,926696,40,220516,142556,3112
2026-08-30T20:30:28.239784,791008804,785316576,784199752,112,835124,2263288,18108,34359738367,494124,17020,7888,9132,108,196529156,195212684,1316472,52,184052,199952,5380,198172692,197356824,815868,12,109208,144608,1172,198172692,195527452,2645240,4,308664,1776172,8512,198134264,197219616,914648,44,235216,142556,3044
2026-08-30T20:30:29.244463,791008804,785312316,784195492,112,907416,2263288,18176,34359738367,494124,17020,7888,9132,108,196529156,195211972,1317184,52,208304,199952,5416,198172692,197356240,816452,12,149600,144608,1172,198172692,195529960,2642732,4,316828,1776172,8504,198134264,197214144,920120,44,228648,142556,3084
2026-08-30T20:30:30.246257,791008804,785333076,784216252,112,850456,2263288,18152,34359738367,494124,17020,7888,9132,108,196529156,195211196,1317960,52,173540,199952,5344,198172692,197338424,834268,12,143144,144608,1128,198172692,195537760,2634932,4,309676,1776172,8580,198134264,197245696,888568,44,220636,142556,3100
2026-08-30T20:30:31.247935,791008804,785303332,784186520,124,888172,2263288,18188,34359738367,494124,17020,7888,9132,108,196529156,195205616,1323540,52,200948,199952,5376,198172692,197334448,838244,20,136760,144608,1132,198172692,195532808,2639884,4,328948,1776172,8584,198134264,197229956,904308,48,225128,142556,3096
2026-08-30T20:30:32.252456,791008804,785299096,784182292,76,858800,2263288,18164,34359738367,494124,17020,7888,9132,108,196529156,195205148,1324008,16,182300,199952,5380,198172692,197339500,833192,4,135976,144608,1172,198172692,195533616,2639076,4,315516,1776172,8560,198134264,197220832,913432,52,222628,142556,3052
2026-08-30T20:30:33.254170,791008804,785333756,784216952,72,831292,2263288,18116,34359738367,494124,17020,7888,9132,108,196529156,195207308,1321848,16,190568,199952,5376,198172692,197353376,819316,4,132376,144608,1136,198172692,195539348,2633344,0,286472,1776172,8656,198134264,197233724,900540,52,214992,142556,2948
2026-08-30T20:30:34.255772,791008804,785332316,784215524,88,880592,2263288,17768,34359738367,494124,17020,7888,9132,108,196529156,195204360,1324796,16,190028,199952,5252,198172692,197333528,839164,4,156316,144608,1076,198172692,195560152,2612540,0,305560,1776172,8440,198134264,197234276,899988,68,231128,142556,3000
2026-08-30T20:30:35.260452,791008804,785276372,784159584,92,851284,2263288,18180,34359738367,494124,17020,7888,9132,108,196529156,195202080,1327076,20,175428,199952,5384,198172692,197326192,846500,4,142604,144608,1152,198172692,195538872,2633820,0,301552,1776172,8556,198134264,197209228,925036,68,224892,142556,3088
2026-08-30T20:30:36.261954,791008804,785273808,784157020,92,876300,2263288,18160,34359738367,494124,17020,7888,9132,108,196529156,195195924,1333232,20,180428,199952,5344,198172692,197333856,838836,4,140164,144608,1128,198172692,195533668,2639024,0,313032,1776172,8612,198134264,197209856,924408,68,245876,142556,3076
2026-08-30T20:30:37.263592,791008804,785306224,784189448,104,867392,2263288,18164,34359738367,494124,17020,7888,9132,108,196529156,195214124,1315032,20,190352,199952,5316,198172692,197334424,838268,4,140660,144608,1100,198172692,195543376,2629316,4,310524,1776172,8604,198134264,197214300,919964,76,222152,142556,3144
2026-08-30T20:30:38.268465,791008804,785353760,784236992,116,896052,2263288,18144,34359738367,494124,17020,7888,9132,108,196529156,195207404,1321752,28,196532,199952,5376,198172692,197365940,806752,8,149560,144608,1092,198172692,195539512,2633180,4,315932,1776172,8600,198134264,197240904,893360,76,234368,142556,3076
2026-08-30T20:30:39.270159,791008804,785152916,784036148,116,906476,2263288,18228,34359738367,494124,17020,7888,9132,108,196529156,195176312,1352844,28,197132,199952,5380,198172692,197312828,859864,8,158148,144608,1160,198172692,195472288,2700404,4,318068,1776172,8612,198134264,197191488,942776,76,237040,142556,3076
2026-08-30T20:30:40.271766,791008804,785183108,784066344,120,912928,2263288,18176,34359738367,494124,17020,7888,9132,108,196529156,195185240,1343916,28,198792,199952,5296,198172692,197327092,845600,8,145376,144608,1184,198172692,195470748,2701944,4,318156,1776172,8576,198134264,197200028,934236,80,233508,142556,3120
2026-08-30T20:30:41.273741,791008804,785232596,784115832,120,857004,2263288,18176,34359738367,494124,17020,7888,9132,108,196529156,195194924,1334232,28,190948,199952,5360,198172692,197343044,829648,8,127648,144608,1136,198172692,195483220,2689472,4,317496,1776172,8520,198134264,197211408,922856,80,217500,142556,3160
2026-08-30T20:30:42.275251,791008804,785228092,784111336,120,846892,2263288,18172,34359738367,494124,17020,7888,9132,108,196529156,195204704,1324452,28,172204,199952,5396,198172692,197328948,843744,8,149660,144608,1064,198172692,195473968,2698724,4,293032,1776172,8548,198134264,197220472,913792,80,233508,142556,3164
2026-08-30T20:30:43.276726,791008804,785299360,784182608,132,490660,2263288,17828,34359738367,494124,17020,7888,9132,108,196529156,195229248,1299908,36,91020,199952,5340,198172692,197349736,822956,8,58932,144608,1012,198172692,195487472,2685220,4,207936,1776172,8436,198134264,197232904,901360,84,132772,142556,3040
2026-08-30T20:30:44.280421,791008804,785260892,784144148,132,879960,2263288,18104,34359738367,494124,17020,7888,9132,108,196529156,195204620,1324536,36,181052,199952,5344,198172692,197335144,837548,8,153916,144608,1100,198172692,195497792,2674900,4,313000,1776172,8584,198134264,197223336,910928,84,232496,142556,3076
2026-08-30T20:30:45.281879,791008804,785255628,784138884,132,881212,2263288,18192,34359738367,494124,17020,7888,9132,108,196529156,195202316,1326840,36,194348,199952,5380,198172692,197346920,825772,8,153028,144608,1180,198172692,195494188,2678504,4,300448,1776172,8524,198134264,197212204,922060,84,237400,142556,3108
2026-08-30T20:30:46.284444,791008804,785271352,784154612,136,896728,2263288,18140,34359738367,494124,17020,7888,9132,108,196529156,195222872,1306284,36,187356,199952,5376,198172692,197350212,822480,8,145556,144608,1144,198172692,195490576,2682116,4,314748,1776172,8536,198134264,197207692,926572,88,249572,142556,3084
2026-08-30T20:30:47.288452,791008804,785315220,784198496,144,888988,2263288,18144,34359738367,494124,17020,7888,9132,108,196529156,195239448,1289708,36,191808,199952,5320,198172692,197351236,821456,8,155872,144608,1196,198172692,195509432,2663260,4,308424,1776172,8568,198134264,197215104,919160,96,235440,142556,3060
2026-08-30T20:30:48.289811,791008804,785317260,784200540,108,901920,2263288,18132,34359738367,494124,17020,7888,9132,108,196529156,195222360,1306796,36,204004,199952,5348,198172692,197352016,820676,8,165148,144608,1080,198172692,195525076,2647616,4,302480,1776172,8624,198134264,197217808,916456,60,231800,142556,3080
2026-08-30T20:30:49.291422,791008804,785344212,784227496,112,855560,2263288,18196,34359738367,494124,17020,7888,9132,108,196529156,195231684,1297472,36,179508,199952,5392,198172692,197366236,806456,8,140152,144608,1136,198172692,195527568,2645124,4,314344,1776172,8540,198134264,197218724,915540,64,225136,142556,3128
2026-08-30T20:30:50.296429,791008804,785341744,784225028,112,910280,2263288,18148,34359738367,494124,17020,7888,9132,108,196529156,195228072,1301084,36,200936,199952,5308,198172692,197366184,806508,8,148920,144608,1220,198172692,195517312,2655380,4,317232,1776172,8612,198134264,197230176,904088,64,243696,142556,3008
2026-08-30T20:30:51.297911,791008804,785384180,784267472,72,842756,2263288,18104,34359738367,494124,17020,7888,9132,108,196529156,195230184,1298972,36,201700,199952,5344,198172692,197378900,793792,4,112032,144608,1072,198172692,195537932,2634760,0,311444,1776172,8624,198134264,197237164,897100,32,220828,142556,3064
2026-08-30T20:30:52.299191,791008804,785453064,784336356,72,531872,2263288,17948,34359738367,494124,17020,7888,9132,108,196529156,195255272,1273884,36,99116,199952,5356,198172692,197413080,759612,4,47648,144608,1080,198172692,195549112,2623580,0,216460,1776172,8500,198134264,197235600,898664,32,168648,142556,3012
2026-08-30T20:30:53.300459,791008804,785421756,784305060,88,891388,2263288,17984,34359738367,494124,17020,7888,9132,108,196529156,195249836,1279320,32,194016,199952,5328,198172692,197381240,791452,8,149620,144608,1104,198172692,195556280,2616412,0,308992,1776172,8496,198134264,197234400,899864,48,239264,142556,3056
2026-08-30T20:30:54.304443,791008804,785388840,784272144,88,897580,2263288,18152,34359738367,494124,17020,7888,9132,108,196529156,195253992,1275164,32,188968,199952,5328,198172692,197387760,784932,8,153360,144608,1124,198172692,195533676,2639016,0,327608,1776172,8620,198134264,197213412,920852,48,224316,142556,3080
2026-08-30T20:30:55.305970,791008804,785391100,784274404,88,876432,2263288,18164,34359738367,494124,17020,7888,9132,108,196529156,195236988,1292168,32,194956,199952,5372,198172692,197390112,782580,8,143104,144608,1136,198172692,195538960,2633732,0,302620,1776172,8572,198134264,197225040,909224,48,242700,142556,3084
2026-08-30T20:30:56.307287,791008804,785428964,784312272,92,874064,2263288,18144,34359738367,494124,17020,7888,9132,108,196529156,195237780,1291376,32,184400,199952,5316,198172692,197385908,786784,8,144780,144608,1096,198172692,195563812,2608880,0,314524,1776172,8636,198134264,197240456,893808,52,234184,142556,3096
2026-08-30T20:30:57.312448,791008804,785389916,784273232,100,899152,2263288,18172,34359738367,494124,17020,7888,9132,108,196529156,195234196,1294960,40,187568,199952,5372,198172692,197374128,798564,8,153140,144608,1124,198172692,195553396,2619296,0,314348,1776172,8584,198134264,197228196,906068,52,246864,142556,3092
2026-08-30T20:30:58.314244,791008804,785409244,784292568,104,874540,2263288,18132,34359738367,494124,17020,7888,9132,108,196529156,195246568,1282588,40,189160,199952,5384,198172692,197376208,796484,8,140244,144608,1116,198172692,195557732,2614960,0,317188,1776172,8600,198134264,197228232,906032,56,224524,142556,3032
2026-08-30T20:30:59.315649,791008804,785431864,784315192,108,888868,2263288,18160,34359738367,494124,17020,7888,9132,108,196529156,195250716,1278440,40,177560,199952,5368,198172692,197391308,781384,8,155452,144608,1144,198172692,195549812,2622880,0,312484,1776172,8604,198134264,197240028,894236,60,236088,142556,3020
2026-08-30T20:31:00.317095,791008804,785477548,784360884,116,840108,2263288,18116,34359738367,494124,17020,7888,9132,108,196529156,195250676,1278480,40,194052,199952,5328,198172692,197409416,763276,8,124832,144608,1152,198172692,195568700,2603992,0,316944,1776172,8536,198134264,197248756,885508,68,209944,142556,3100
2026-08-30T20:31:01.318505,791008804,785489852,784373188,120,673012,2263288,18060,34359738367,494124,17020,7888,9132,108,196529156,195247236,1281920,40,156908,199952,5388,198172692,197411344,761348,8,109584,144608,1136,198172692,195578172,2594520,0,214472,1776172,8504,198134264,197253100,881164,72,194320,142556,3032
2026-08-30T20:31:02.319777,791008804,785482452,784365796,124,845984,2263288,17852,34359738367,494124,17020,7888,9132,108,196529156,195251656,1277500,40,163580,199952,5284,198172692,197401820,770872,8,131452,144608,1128,198172692,195593024,2579668,0,316272,1776172,8460,198134264,197235952,898312,76,239916,142556,2980
2026-08-30T20:31:03.324542,791008804,785505032,784388392,140,879368,2263288,18212,34359738367,494124,17020,7888,9132,108,196529156,195254804,1274352,48,184636,199952,5372,198172692,197407856,764836,8,149608,144608,1184,198172692,195598600,2574092,0,317524,1776172,8612,198134264,197243772,890492,84,229616,142556,3044
2026-08-30T20:31:04.325912,791008804,785490928,784374288,140,881328,2263288,18220,34359738367,494124,17020,7888,9132,108,196529156,195250716,1278440,48,189956,199952,5448,198172692,197396560,776132,8,150408,144608,1160,198172692,195589008,2583684,0,313760,1776172,8580,198134264,197254644,879620,84,231736,142556,3032
2026-08-30T20:31:05.327344,791008804,785497852,784381216,144,880816,2263288,18144,34359738367,494124,17020,7888,9132,108,196529156,195259320,1269836,48,201380,199952,5380,198172692,197404200,768492,8,137496,144608,1164,198172692,195583864,2588828,0,305764,1776172,8580,198134264,197250468,883796,88,236432,142556,3020
2026-08-30T20:31:06.332436,791008804,785505716,784389080,144,855668,2263288,18188,34359738367,494124,17020,7888,9132,108,196529156,195256976,1272180,48,183364,199952,5312,198172692,197390324,782368,8,153520,144608,1168,198172692,195602404,2570288,0,301024,1776172,8620,198134264,197256012,878252,88,216708,142556,3088
2026-08-30T20:31:07.333937,791008804,785536080,784419444,144,871952,2263288,18152,34359738367,494124,17020,7888,9132,108,196529156,195256400,1272756,48,192980,199952,5348,198172692,197397476,775216,8,133956,144608,1124,198172692,195616236,2556456,0,312136,1776172,8568,198134264,197265968,868296,88,234432,142556,3112
2026-08-30T20:31:08.335444,791008804,785515568,784398944,76,881296,2263288,18152,34359738367,494124,17020,7888,9132,108,196529156,195271828,1257328,8,197760,199952,5472,198172692,197399488,773204,4,151772,144608,1136,198172692,195589612,2583080,0,312076,1776172,8512,198134264,197254640,879624,64,222388,142556,3032
2026-08-30T20:31:09.336964,791008804,785526764,784410140,76,838452,2263288,18112,34359738367,494124,17020,7888,9132,108,196529156,195268832,1260324,8,178892,199952,5344,198172692,197399156,773536,4,132636,144608,1156,198172692,195597740,2574952,0,314584,1776172,8560,198134264,197261036,873228,64,215760,142556,3052
2026-08-30T20:31:10.338311,791008804,785548968,784432344,88,750564,2263288,18156,34359738367,494124,17020,7888,9132,108,196529156,195265780,1263376,12,180612,199952,5380,198172692,197391988,780704,4,139936,144608,1176,198172692,195623920,2548772,0,234196,1776172,8648,198134264,197267280,866984,72,195316,142556,2952
2026-08-30T20:31:11.339550,791008804,785473816,784357200,92,893712,2263288,17768,34359738367,494124,17020,7888,9132,108,196529156,195242724,1286432,12,197716,199952,5260,198172692,197358084,814608,4,158404,144608,1092,198172692,195615728,2556964,0,305356,1776172,8400,198134264,197257280,876984,76,233244,142556,3016
2026-08-30T20:31:12.344439,791008804,785466188,784349584,104,907448,2263288,18160,34359738367,494124,17020,7888,9132,108,196529156,195241204,1287952,12,196168,199952,5372,198172692,197351708,820984,4,155424,144608,1216,198172692,195613652,2559040,0,304176,1776172,8464,198134264,197259624,874640,88,244440,142556,3108
2026-08-30T20:31:13.345979,791008804,785486272,784369668,104,850688,2263288,18152,34359738367,494124,17020,7888,9132,108,196529156,195261060,1268096,12,179372,199952,5356,198172692,197362144,810548,4,146816,144608,1140,198172692,195607140,2565552,0,296460,1776172,8540,198134264,197255928,878336,88,233704,142556,3116
2026-08-30T20:31:14.347526,791008804,785475840,784359248,120,865212,2263288,18112,34359738367,494124,17020,7888,9132,108,196529156,195255088,1274068,12,184924,199952,5316,198172692,197369296,803396,4,138908,144608,1160,198172692,195592444,2580248,4,310604,1776172,8556,198134264,197259012,875252,100,231784,142556,3080
2026-08-30T20:31:15.352442,791008804,785508224,784391636,124,865500,2263288,18164,34359738367,494124,17020,7888,9132,108,196529156,195253880,1275276,12,190976,199952,5416,198172692,197385388,787304,4,136264,144608,1164,198172692,195596828,2575864,4,307996,1776172,8564,198134264,197272128,862136,104,228828,142556,3020
2026-08-30T20:31:16.353927,791008804,785504980,784388392,124,875972,2263288,18132,34359738367,494124,17020,7888,9132,108,196529156,195245708,1283448,12,182768,199952,5312,198172692,197398160,774532,4,137104,144608,1140,198172692,195605208,2567484,4,311600,1776172,8596,198134264,197255904,878360,104,234908,142556,3084
2026-08-30T20:31:17.355345,791008804,785497632,784381052,132,916260,2263288,18160,34359738367,494124,17020,7888,9132,108,196529156,195249668,1279488,20,209372,199952,5364,198172692,197400228,772464,4,153268,144608,1156,198172692,195595888,2576804,4,310324,1776172,8572,198134264,197251848,882416,104,244304,142556,3068
2026-08-30T20:31:18.356835,791008804,785539456,784422880,136,862832,2263288,18144,34359738367,494124,17020,7888,9132,108,196529156,195262208,1266948,20,181780,199952,5392,198172692,197394576,778116,4,150564,144608,1140,198172692,195604668,2568024,4,316576,1776172,8572,198134264,197278004,856260,108,217112,142556,3040
2026-08-30T20:31:19.360445,791008804,785512020,784395452,96,818360,2263288,18096,34359738367,494124,17020,7888,9132,108,196529156,195257740,1271416,20,191484,199952,5408,198172692,197376372,796320,4,132452,144608,1132,198172692,195617632,2555060,4,267920,1776172,8520,198134264,197260276,873988,68,227512,142556,3036
2026-08-30T20:31:20.361945,791008804,785622920,784506352,96,495124,2263288,17788,34359738367,494124,17020,7888,9132,108,196529156,195279620,1249536,20,91164,199952,5244,198172692,197418148,754544,4,50196,144608,1084,198172692,195631448,2541244,4,208512,1776172,8424,198134264,197293704,840560,68,145252,142556,3036
2026-08-30T20:31:21.362994,791008804,788268100,785887064,648,204376,152404,10336,34359738367,490092,17020,7888,9132,108,196529156,195512200,1016956,20,51532,48972,4748,198172692,197633804,538888,4,8128,28820,528,198172692,197527964,644728,4,115464,65344,2644,198134264,197594132,540132,620,29252,9268,2416
2026-08-30T20:31:22.364854,791008804,788184456,785831952,596,245500,176784,10816,34359738367,492076,17020,7888,9132,108,196529156,195516944,1012212,0,51600,48972,4748,198172692,197635532,537160,0,8216,28820,528,198172692,197427904,744788,8,156844,89724,3124,198134264,197604076,530188,588,29344,9268,2416
2026-08-30T20:31:23.365944,791008804,788131160,785803176,608,281420,198828,11264,34359738367,492076,17020,7888,9132,108,196529156,195526376,1002780,12,51692,48972,4748,198172692,197641660,531032,0,8296,28820,528,198172692,197356160,816532,8,191992,111768,3572,198134264,197606964,527300,588,29440,9268,2416
2026-08-30T20:31:24.366782,791008804,788037136,785776672,528,307948,303852,13468,34359738367,494172,17020,7888,9132,108,196529156,195534316,994840,12,51692,48972,4748,198172692,197645212,527480,0,8300,28820,528,198172692,197244236,928456,0,218516,216792,5776,198134264,197612868,521396,516,29440,9268,2416
2026-08-30T20:31:25.381149,791008804,787686424,785608956,672,311340,550756,14748,34359738367,494172,17020,7888,9132,108,196529156,195534756,994400,0,51692,48972,4748,198172692,197646396,526296,0,8300,28820,528,198172692,196888240,1284452,4,221908,463696,7056,198134264,197616528,517736,668,29440,9268,2416
2026-08-30T20:31:26.382217,791008804,787317788,785414960,672,338420,881496,14792,34359738367,494172,17020,7888,9132,108,196529156,195535008,994148,0,51692,49036,4748,198172692,197651328,521364,0,8300,28820,528,198172692,196514556,1658136,4,248988,794372,7100,198134264,197616896,517368,668,29440,9268,2416
2026-08-30T20:31:27.383045,791008804,786604820,784836720,680,858940,1347004,15412,34359738367,494172,17020,7888,9132,108,196529156,195519236,1009920,0,75824,57632,4812,198172692,197646992,525700,0,8300,32920,528,198172692,195927036,2245656,4,591724,1236400,7368,198134264,197511556,622708,676,183092,20052,2704
2026-08-30T20:31:28.384622,791008804,786398176,784768748,680,862560,1575808,16172,34359738367,494172,17020,7888,9132,108,196529156,195476792,1052364,0,75512,105244,4868,198172692,197621076,551616,0,8300,80440,556,198172692,195870344,2302348,4,594276,1287944,7864,198134264,197429964,704300,676,184472,102180,2884
2026-08-30T20:31:29.386556,791008804,786173076,784726676,680,862560,1855068,16840,34359738367,494172,17020,7888,9132,108,196529156,195409440,1119716,0,75512,188500,5036,198172692,197565688,607004,0,8300,157120,764,198172692,195822196,2350496,4,594276,1343404,7992,198134264,197375248,759016,676,184472,166548,3048
2026-08-30T20:31:30.388171,791008804,785912964,784748928,692,862560,2134476,17396,34359738367,494172,17020,7888,9132,108,196529156,195349004,1180152,0,75512,263792,5164,198172692,197506680,666012,0,8300,228680,924,198172692,195758496,2414196,4,594276,1401548,8100,198134264,197298280,835984,688,184472,243700,3212
2026-08-30T20:31:31.389598,791008804,785640320,784754788,716,862576,2415376,17936,34359738367,494172,17020,7888,9132,108,196529156,195273092,1256064,12,75512,336924,5300,198172692,197451868,720824,4,8316,284756,1020,198172692,195680360,2492332,8,594276,1484228,8280,198134264,197234496,899768,692,184472,309468,3336
2026-08-30T20:31:32.390946,791008804,785364164,784764340,716,862456,2697140,18460,34359738367,494172,17020,7888,9132,108,196529156,195182136,1347020,12,75516,425988,5476,198172692,197390568,782124,4,8316,353320,1144,198172692,195619676,2553016,8,594152,1544320,8412,198134264,197171784,962480,692,184472,373512,3428
2026-08-30T20:31:33.392105,791008804,785079880,784759792,716,864248,2980904,19032,34359738367,494172,17020,7888,9132,108,196529156,195134408,1394748,12,75660,477588,5632,198172692,197317860,854832,4,8848,423980,1260,198172692,195564196,2608496,8,594756,1599324,8516,198134264,197063416,1070848,692,184984,480012,3624
2026-08-30T20:31:34.393486,791008804,784801140,784762216,720,867888,3261284,19636,34359738367,494172,17020,7888,9132,108,196529156,195057988,1471168,12,77120,546224,5796,198172692,197257124,915568,4,10020,487920,1388,198172692,195494628,2678064,8,595508,1671976,8656,198134264,196991400,1142864,696,185240,555164,3796
2026-08-30T20:31:35.394811,791008804,784519952,784763928,720,873100,3539076,20284,34359738367,494172,17020,7888,9132,108,196529156,194999436,1529720,12,77928,613556,5996,198172692,197186468,986224,4,12372,551312,1532,198172692,195430168,2742524,8,596612,1735672,8772,198134264,196903880,1230384,696,186188,638536,3984
2026-08-30T20:31:36.396128,791008804,784230832,784760600,720,877568,3825036,20832,34359738367,494172,17020,7888,9132,108,196529156,194891360,1637796,12,79548,709668,6144,198172692,197119388,1053304,4,13504,620632,1636,198172692,195385744,2786948,8,598160,1781364,8952,198134264,196834340,1299924,696,186860,713372,4100
2026-08-30T20:31:37.397453,791008804,783953632,784762536,724,882536,4108792,21392,34359738367,494172,17020,7888,9132,108,196529156,194834340,1694816,12,80116,776064,6280,198172692,197069048,1103644,4,15036,676976,1796,198172692,195323116,2849576,8,598904,1840232,9056,198134264,196727128,1407136,700,188480,815520,4260
2026-08-30T20:31:38.398814,791008804,783647972,784741800,732,896608,4391044,22016,34359738367,494172,17020,7888,9132,108,196529156,194769316,1759840,12,83240,833568,6396,198172692,197000448,1172244,4,20108,737696,1924,198172692,195268088,2904604,8,601784,1891896,9176,198134264,196610120,1524144,708,191476,927884,4520
2026-08-30T20:31:39.400162,791008804,783343944,784716836,740,922388,4670344,22608,34359738367,494172,17020,7888,9132,108,196529156,194697816,1831340,20,91540,896944,6552,198172692,196923488,1249204,4,24148,806808,2032,198172692,195195024,2977668,8,607064,1958496,9284,198134264,196527616,1606648,708,199636,1008096,4740
2026-08-30T20:31:40.401828,791008804,783051516,784703988,748,942988,4947064,23228,34359738367,494172,17020,7888,9132,108,196529156,194608216,1920940,20,96976,980588,6728,198172692,196875136,1297556,4,30628,855904,2164,198172692,195104096,3068596,8,610128,2047700,9456,198134264,196464068,1670196,716,205256,1062872,4880
2026-08-30T20:31:41.403436,791008804,782480416,784211632,748,1036280,5102124,23540,34359738367,494172,17020,7888,9132,108,196529156,194465776,2063380,20,171636,1020952,6932,198172692,196723788,1448904,4,133012,882348,2364,198172692,194982688,3190004,8,529052,2101536,9412,198134264,196308164,1826100,716,202580,1097288,4832
2026-08-30T20:31:42.408471,791008804,782247576,783981244,748,1129364,5111316,23792,34359738367,494172,17020,7888,9132,108,196529156,194413948,2115208,20,209712,1021400,6992,198172692,196667584,1505108,4,167200,882964,2452,198172692,194915656,3257036,8,523208,2108696,9400,198134264,196250388,1883876,716,229244,1098256,4948
2026-08-30T20:31:43.411317,791008804,782092020,783825740,752,1173800,5112004,23892,34359738367,494172,17020,7888,9132,108,196529156,194383124,2146032,20,236192,1021404,7072,198172692,196624780,1547912,4,198760,882972,2472,198172692,194875392,3297300,8,495484,2109368,9356,198134264,196208724,1925540,720,243320,1098264,5000
2026-08-30T20:31:44.416476,791008804,782069400,783803120,752,1209568,5112160,23900,34359738367,494172,17020,7888,9132,108,196529156,194391732,2137424,20,243000,1021404,7080,198172692,196612004,1560688,4,206208,882972,2484,198172692,194858196,3314496,8,500276,2109520,9344,198134264,196203372,1930892,720,262136,1098264,4992
2026-08-30T20:31:45.420460,791008804,781977512,783711248,760,1235472,5112164,24052,34359738367,494172,17020,7888,9132,108,196529156,194351076,2178080,28,267160,1021404,7084,198172692,196602692,1570000,4,223612,882972,2552,198172692,194827904,3344788,8,484524,2109524,9384,198134264,196195840,1938424,720,262224,1098264,5032
2026-08-30T20:31:46.423300,791008804,782023652,783757388,760,1242064,5112164,24108,34359738367,494172,17020,7888,9132,108,196529156,194351996,2177160,28,277556,1021404,7108,198172692,196615980,1556712,4,224536,882972,2576,198172692,194853040,3319652,8,480300,2109524,9396,198134264,196203140,1931124,720,259680,1098264,5028
2026-08-30T20:31:47.426492,791008804,782105260,783839008,764,1180960,5112164,24056,34359738367,494172,17020,7888,9132,108,196529156,194374372,2154784,28,268152,1021404,7140,198172692,196618564,1554128,4,215000,882972,2536,198172692,194881844,3290848,8,451376,2109524,9396,198134264,196230480,1903784,724,246432,1098264,4984
2026-08-30T20:31:48.427869,791008804,782109080,783842828,764,1252984,5112164,24036,34359738367,494172,17020,7888,9132,108,196529156,194375244,2153912,28,269200,1021404,7144,198172692,196621612,1551080,4,240872,882972,2540,198172692,194875660,3297032,8,478460,2109524,9388,198134264,196236564,1897700,724,264452,1098264,4964
2026-08-30T20:31:49.432461,791008804,782136292,783870040,764,1270884,5112164,24132,34359738367,494172,17020,7888,9132,108,196529156,194397420,2131736,28,267464,1021404,7200,198172692,196619220,1553472,4,246460,882972,2584,198172692,194887812,3284880,8,481160,2109524,9356,198134264,196231840,1902424,724,275800,1098264,4992
2026-08-30T20:31:50.436484,791008804,782206192,783939944,768,1255900,5112164,24160,34359738367,494172,17020,7888,9132,108,196529156,194395296,2133860,28,273364,1021404,7176,198172692,196635296,1537396,4,241948,882972,2592,198172692,194912088,3260604,8,481628,2109524,9380,198134264,196263512,1870752,728,258960,1098264,5012
2026-08-30T20:31:51.439480,791008804,782268684,784002444,784,1182836,5112164,24144,34359738367,494172,17020,7888,9132,108,196529156,194401328,2127828,36,253672,1021404,7160,198172692,196633068,1539624,4,240556,882972,2596,198172692,194931568,3241124,8,469368,2109524,9372,198134264,196302720,1831544,736,219240,1098264,5016
2026-08-30T20:31:52.441610,791008804,782178192,783911960,788,1268512,5112164,24168,34359738367,494172,17020,7888,9132,108,196529156,194368076,2161080,36,277408,1021404,7180,198172692,196626652,1546040,4,243880,882972,2580,198172692,194910084,3262608,8,495724,2109524,9392,198134264,196273380,1860884,740,251500,1098264,5016
2026-08-30T20:31:53.448783,791008804,782245292,783979060,792,1272388,5112164,24184,34359738367,494172,17020,7888,9132,108,196529156,194388060,2141096,36,289464,1021404,7196,198172692,196630124,1542568,4,248744,882972,2540,198172692,194932528,3240164,8,485620,2109524,9436,198134264,196294580,1839684,744,248560,1098264,5012
2026-08-30T20:31:54.451710,791008804,782308384,784042164,792,1244860,5112164,24168,34359738367,494172,17020,7888,9132,108,196529156,194406520,2122636,36,279116,1021404,7152,198172692,196650268,1522424,4,240456,882972,2604,198172692,194961992,3210700,8,471196,2109524,9380,198134264,196289604,1844660,744,254600,1098264,5032
2026-08-30T20:31:55.454752,791008804,782431136,784164920,136,1092536,5112164,24124,34359738367,494172,17020,7888,9132,108,196529156,194428440,2100716,36,224456,1021404,7132,198172692,196670316,1502376,0,217036,882972,2584,198172692,194995552,3177140,0,444356,2109524,9376,198134264,196336828,1797436,100,206688,1098264,5032
2026-08-30T20:31:56.455919,791008804,782276136,784009920,40,1267424,5112164,24184,34359738367,494172,17020,7888,9132,108,196529156,194401864,2127292,36,282752,1021404,7204,198172692,196640088,1532604,0,253392,882972,2560,198172692,194955856,3216836,0,462148,2109524,9376,198134264,196278328,1855936,4,269132,1098264,5044
2026-08-30T20:31:57.464698,791008804,782284876,784018660,88,1271132,5112164,24188,34359738367,494172,17020,7888,9132,108,196529156,194394640,2134516,44,288128,1021404,7212,198172692,196643764,1528928,4,251640,882972,2548,198172692,194966292,3206400,0,455136,2109524,9400,198134264,196280180,1854084,40,276228,1098264,5028
2026-08-30T20:31:58.467623,791008804,782349768,784083564,96,1239732,5112164,24164,34359738367,494172,17020,7888,9132,108,196529156,194403144,2126012,52,289592,1021404,7188,198172692,196659980,1512712,4,240396,882972,2544,198172692,194980816,3191876,0,449068,2109524,9388,198134264,196305828,1828436,40,260676,1098264,5044
2026-08-30T20:31:59.472486,791008804,782316080,784049884,96,1247180,5112164,24136,34359738367,494172,17020,7888,9132,108,196529156,194397760,2131396,52,283864,1021404,7152,198172692,196655304,1517388,4,240940,882972,2576,198172692,194974548,3198144,0,454980,2109524,9380,198134264,196288468,1845796,40,267396,1098264,5028
2026-08-30T20:32:00.475392,791008804,782352016,784085824,100,1252752,5112164,24204,34359738367,494172,17020,7888,9132,108,196529156,194418320,2110836,52,283452,1021404,7184,198172692,196651920,1520772,4,243576,882972,2580,198172692,194996356,3176336,0,458864,2109524,9408,198134264,196285420,1848844,44,266860,1098264,5032
2026-08-30T20:32:01.480470,791008804,782374284,784108092,100,1248848,5112164,24200,34359738367,494172,17020,7888,9132,108,196529156,194410112,2119044,52,282856,1021404,7160,198172692,196658352,1514340,4,250540,882972,2572,198172692,195000744,3171948,0,451680,2109524,9432,198134264,196305076,1829188,44,266344,1098264,5036
2026-08-30T20:32:02.488727,791008804,782417296,784151844,100,1235504,5112164,24144,34359738367,494124,17020,7888,9132,108,196529156,194432412,2096744,52,277296,1021404,7120,198172692,196658968,1513724,4,242648,882972,2580,198172692,195012644,3160048,0,443700,2109524,9448,198134264,196313272,1820992,44,271860,1098264,4996
2026-08-30T20:32:03.491580,791008804,782411796,784146352,104,1257712,5112164,24092,34359738367,494124,17020,7888,9132,108,196529156,194417800,2111356,52,286928,1021404,7080,198172692,196658432,1514260,4,244700,882972,2592,198172692,195023952,3148740,0,452088,2109524,9416,198134264,196311612,1822652,48,273996,1098264,5004
2026-08-30T20:32:04.496477,791008804,782422048,784156604,116,1262844,5112164,24164,34359738367,494124,17020,7888,9132,108,196529156,194405416,2123740,52,295300,1021404,7156,198172692,196663764,1508928,4,245432,882972,2560,198172692,195031704,3140988,0,445352,2109524,9392,198134264,196321164,1813100,60,276760,1098264,5056
2026-08-30T20:32:05.499404,791008804,782426948,784161504,128,1278824,5112164,24204,34359738367,494124,17020,7888,9132,108,196529156,194402876,2126280,60,303192,1021404,7188,198172692,196666812,1505880,4,243404,882972,2568,198172692,195031132,3141560,0,453784,2109524,9396,198134264,196326128,1808136,64,278444,1098264,5052
2026-08-30T20:32:06.502342,791008804,782486940,784221524,80,1198024,5112164,24176,34359738367,494124,17020,7888,9132,108,196529156,194444504,2084652,8,248140,1021404,7176,198172692,196663748,1508944,4,236256,882972,2596,198172692,195042732,3129960,0,455076,2109524,9364,198134264,196335956,1798308,68,258552,1098264,5040
2026-08-30T20:32:07.503710,791008804,782449660,784184244,88,1264516,5112164,24116,34359738367,494124,17020,7888,9132,108,196529156,194421984,2107172,8,289844,1021404,7180,198172692,196641396,1531296,4,265708,882972,2600,198172692,195049584,3123108,4,442848,2109524,9328,198134264,196336696,1797568,72,266116,1098264,5008
2026-08-30T20:32:08.508469,791008804,782447340,784181932,88,1278880,5112164,24192,34359738367,494108,17020,7888,9132,108,196529156,194416288,2112868,8,298892,1021404,7200,198172692,196639932,1532760,4,261096,882972,2608,198172692,195058280,3114412,4,443704,2109524,9380,198134264,196332840,1801424,72,275188,1098264,5004
2026-08-30T20:32:09.512483,791008804,782509984,784244576,88,1251672,5112164,24176,34359738367,494108,17020,7888,9132,108,196529156,194424948,2104208,8,301572,1021404,7236,198172692,196647924,1524768,4,257852,882972,2604,198172692,195081104,3091588,4,434260,2109524,9344,198134264,196356008,1778256,72,260364,1098264,4992
2026-08-30T20:32:10.515154,791008804,782572544,784307136,92,1183296,5112164,24180,34359738367,494108,17020,7888,9132,108,196529156,194451108,2078048,8,271440,1021404,7216,198172692,196655788,1516904,4,254704,882972,2552,198172692,195093244,3079448,4,431148,2109524,9360,198134264,196372404,1761860,76,226004,1098264,5052
2026-08-30T20:32:11.516245,791008804,782488072,784222664,104,1264744,5112164,24192,34359738367,494108,17020,7888,9132,108,196529156,194418388,2110768,20,305460,1021404,7216,198172692,196645384,1527308,4,249852,882972,2572,198172692,195075840,3096852,4,443252,2109524,9380,198134264,196348460,1785804,76,266180,1098264,5024
2026-08-30T20:32:12.520469,791008804,782523680,784258280,104,1271056,5112164,24192,34359738367,494108,17020,7888,9132,108,196529156,194434068,2095088,20,300560,1021404,7176,198172692,196653996,1518696,4,255104,882972,2584,198172692,195080540,3092152,4,450888,2109524,9420,198134264,196355076,1779188,76,264504,1098264,5012
2026-08-30T20:32:13.524478,791008804,782547040,784281640,108,1256708,5112164,24196,34359738367,494108,17020,7888,9132,108,196529156,194429328,2099828,20,297024,1021404,7184,198172692,196656328,1516364,4,253072,882972,2592,198172692,195096068,3076624,4,444992,2109524,9408,198134264,196373508,1760756,80,261620,1098264,5012
2026-08-30T20:32:14.527318,791008804,782684484,784419084,108,1093660,5112164,24132,34359738367,494108,17020,7888,9132,108,196529156,194468704,2060452,20,244404,1021404,7104,198172692,196694204,1478488,4,197856,882972,2632,198172692,195122080,3050612,4,416632,2109524,9384,198134264,196399496,1734768,80,234768,1098264,5012
2026-08-30T20:32:15.532447,791008804,782554436,784289044,108,1271768,5112164,24176,34359738367,494108,17020,7888,9132,108,196529156,194423328,2105828,20,294464,1021404,7128,198172692,196663464,1509228,4,247056,882972,2688,198172692,195092312,3080380,4,462444,2109524,9348,198134264,196374324,1759940,80,266292,1098264,5012
2026-08-30T20:32:16.534166,791008804,782523048,784257676,120,1280688,5112164,24208,34359738367,494108,17020,7888,9132,108,196529156,194424872,2104284,20,293520,1021404,7120,198172692,196655596,1517096,4,252312,882972,2700,198172692,195092072,3080620,4,462820,2109524,9352,198134264,196350508,1783756,92,272036,1098264,5036
2026-08-30T20:32:17.540484,791008804,782593688,784328316,120,1241584,5112164,24196,34359738367,494108,17020,7888,9132,108,196529156,194453980,2075176,20,268216,1021404,7144,198172692,196664728,1507964,4,245936,882972,2688,198172692,195113152,3059540,4,456312,2109524,9328,198134264,196361828,1772436,92,271120,1098264,5036
2026-08-30T20:32:18.543505,791008804,782555880,784290516,124,1260056,5112164,24036,34359738367,494108,17020,7888,9132,108,196529156,194437536,2091620,20,281644,1021404,7116,198172692,196645280,1527412,4,260628,882972,2608,198172692,195116556,3056136,4,449820,2109524,9316,198134264,196356508,1777756,96,267964,1098264,4996
2026-08-30T20:32:19.548476,791008804,782573916,784308556,136,1243844,5112164,24224,34359738367,494108,17020,7888,9132,108,196529156,194438988,2090168,28,283532,1021404,7116,198172692,196649292,1523400,4,255000,882972,2672,198172692,195117552,3055140,4,451152,2109524,9412,198134264,196368084,1766180,100,254664,1098264,5024
2026-08-30T20:32:20.552462,791008804,782564468,784299116,136,1261648,5112164,24184,34359738367,494108,17020,7888,9132,108,196529156,194445008,2084148,28,281692,1021404,7076,198172692,196643516,1529176,4,259664,882972,2640,198172692,195111900,3060792,4,444004,2109524,9428,198134264,196364044,1770220,100,269840,1098264,5040
2026-08-30T20:32:21.556484,791008804,782593120,784327772,136,1264300,5112164,24156,34359738367,494108,17020,7888,9132,108,196529156,194458308,2070848,28,274536,1021404,7112,198172692,196640372,1532320,4,262672,882972,2596,198172692,195126104,3046588,4,453888,2109524,9416,198134264,196368336,1765928,100,273204,1098264,5032
2026-08-30T20:32:22.559431,791008804,782560200,784294852,136,1260572,5112164,24128,34359738367,494108,17020,7888,9132,108,196529156,194436096,2093060,28,267392,1021404,7120,198172692,196652484,1520208,4,254836,882972,2548,198172692,195116012,3056680,4,462164,2109524,9452,198134264,196355608,1778656,100,276180,1098264,5008
2026-08-30T20:32:23.564448,791008804,782602304,784336964,140,1252724,5112164,24204,34359738367,494108,17020,7888,9132,108,196529156,194444444,2084712,28,272596,1021404,7128,198172692,196675576,1497116,4,241316,882972,2548,198172692,195135056,3037636,4,463028,2109524,9500,198134264,196347228,1787036,104,275784,1098264,5028
2026-08-30T20:32:24.568446,791008804,782597164,784331824,140,1257356,5112164,24232,34359738367,494108,17020,7888,9132,108,196529156,194461932,2067224,28,262708,1021404,7160,198172692,196663904,1508788,4,250500,882972,2564,198172692,195141348,3031344,4,458260,2109524,9464,198134264,196329980,1804284,104,285888,1098264,5044
2026-08-30T20:32:25.572472,791008804,782611644,784346308,148,1245888,5112164,24168,34359738367,494108,17020,7888,9132,108,196529156,194433956,2095200,36,282136,1021404,7160,198172692,196674916,1497776,4,244704,882972,2516,198172692,195164360,3008332,4,441160,2109524,9432,198134264,196337404,1796860,104,280416,1098264,5060
2026-08-30T20:32:26.575317,791008804,782599968,784334640,136,1259632,5112164,24140,34359738367,494108,17020,7888,9132,108,196529156,194412728,2116428,36,295104,1021404,7188,198172692,196675512,1497180,4,233784,882972,2588,198172692,195169468,3003224,4,452048,2109524,9376,198134264,196342260,1792004,92,278696,1098264,4988
2026-08-30T20:32:27.580471,791008804,782595248,784329924,96,1270520,5112164,24196,34359738367,494108,17020,7888,9132,108,196529156,194403764,2125392,28,299204,1021404,7164,198172692,196669344,1503348,0,247208,882972,2612,198172692,195175768,2996924,0,455012,2109524,9376,198134264,196346372,1787892,68,269096,1098264,5044
2026-08-30T20:32:28.583354,791008804,782625824,784360500,96,1260580,5112164,24212,34359738367,494108,17020,7888,9132,108,196529156,194422288,2106868,28,294588,1021404,7192,198172692,196667156,1505536,0,249632,882972,2568,198172692,195168404,3004288,0,452232,2109524,9396,198134264,196367976,1766288,68,264128,1098264,5056
2026-08-30T20:32:29.586390,791008804,782675648,784410332,128,1204420,5112164,24176,34359738367,494108,17020,7888,9132,108,196529156,194436416,2092740,32,290880,1021404,7172,198172692,196681408,1491284,0,235448,882972,2612,198172692,195175724,2996968,0,441232,2109524,9340,198134264,196382100,1752164,96,236860,1098264,5052
2026-08-30T20:32:30.588474,791008804,782646916,784381616,136,1251944,5112164,24124,34359738367,494108,17020,7888,9132,108,196529156,194437216,2091940,32,293772,1021404,7168,198172692,196665836,1506856,0,252700,882972,2592,198172692,195171500,3001192,0,453644,2109524,9320,198134264,196372364,1761900,104,251828,1098264,5044
2026-08-30T20:32:31.591356,791008804,782600724,784335424,96,1269632,5112164,24172,34359738367,494108,17020,7888,9132,108,196529156,194437792,2091364,40,288232,1021404,7184,198172692,196649732,1522960,0,261496,882972,2592,198172692,195162068,3010624,0,459412,2109524,9332,198134264,196351132,1783132,56,260492,1098264,5064
2026-08-30T20:32:32.596477,791008804,782650380,784385088,96,1247112,5112164,24196,34359738367,494108,17020,7888,9132,108,196529156,194452456,2076700,40,284768,1021404,7224,198172692,196661388,1511304,0,252272,882972,2640,198172692,195169552,3003140,0,457996,2109524,9320,198134264,196366984,1767280,56,252076,1098264,5012
2026-08-30T20:32:33.599119,791008804,782728712,784463420,100,1138908,5112164,24188,34359738367,494108,17020,7888,9132,108,196529156,194477580,2051576,40,250348,1021404,7196,198172692,196643532,1529160,0,257104,882972,2640,198172692,195196276,2976416,0,424648,2109524,9340,198134264,196411324,1722940,60,206808,1098264,5012
2026-08-30T20:32:34.600251,791008804,782628068,784362788,116,1257080,5112164,24196,34359738367,494108,17020,7888,9132,108,196529156,194457028,2072128,44,280252,1021404,7220,198172692,196657796,1514896,4,243168,882972,2628,198172692,195163060,3009632,0,459124,2109524,9304,198134264,196350184,1784080,68,274536,1098264,5044
2026-08-30T20:32:35.604459,791008804,782607548,784342268,116,1271716,5112164,24184,34359738367,494108,17020,7888,9132,108,196529156,194442632,2086524,44,286548,1021404,7232,198172692,196643592,1529100,4,261364,882972,2608,198172692,195170260,3002432,0,451152,2109524,9280,198134264,196351064,1783200,68,272652,1098264,5064
2026-08-30T20:32:36.607390,791008804,782660716,784395436,88,1244012,5112164,24176,34359738367,494108,17020,7888,9132,108,196529156,194440396,2088760,44,276752,1021404,7236,198172692,196659468,1513224,4,257324,882972,2612,198172692,195181572,2991120,0,447684,2109524,9292,198134264,196379280,1754984,40,255464,1098264,5036
2026-08-30T20:32:37.610359,791008804,782731524,784466248,92,1116980,5112164,24140,34359738367,494108,17020,7888,9132,108,196529156,194431832,2097324,44,269132,1021404,7180,198172692,196673892,1498800,4,230008,882972,2588,198172692,195206472,2966220,0,419376,2109524,9356,198134264,196418824,1715440,44,201272,1098264,5016
2026-08-30T20:32:38.611420,791008804,782602528,784337260,100,1259508,5112164,24212,34359738367,494108,17020,7888,9132,108,196529156,194414136,2115020,52,298204,1021404,7220,198172692,196652156,1520536,4,243308,882972,2620,198172692,195177768,2994924,0,457240,2109524,9328,198134264,196357976,1776288,44,261260,1098264,5056
2026-08-30T20:32:39.616461,791008804,782621928,784356660,100,1256824,5112164,24228,34359738367,494108,17020,7888,9132,108,196529156,194418076,2111080,52,291876,1021404,7156,198172692,196658984,1513708,4,237996,882972,2648,198172692,195186656,2986036,0,457612,2109524,9344,198134264,196358212,1776052,44,269340,1098264,5080
2026-08-30T20:32:40.618145,791008804,782676712,784411444,108,1235068,5112164,24184,34359738367,494108,17020,7888,9132,108,196529156,194424492,2104664,52,293444,1021404,7152,198172692,196659976,1512716,4,239676,882972,2580,198172692,195197472,2975220,0,457356,2109524,9364,198134264,196394772,1739492,52,245096,1098264,5088
2026-08-30T20:32:41.619844,791008804,782631316,784366056,64,1253240,5112164,24156,34359738367,494108,17020,7888,9132,108,196529156,194417512,2111644,8,298984,1021404,7132,198172692,196659344,1513348,4,242820,882972,2572,198172692,195198792,2973900,0,443096,2109524,9364,198134264,196355936,1778328,52,268348,1098264,5092
2026-08-30T20:32:42.624478,791008804,782631680,784366420,76,1246576,5112164,24208,34359738367,494108,17020,7888,9132,108,196529156,194419896,2109260,8,302652,1021404,7140,198172692,196649152,1523540,4,237000,882972,2624,198172692,195199912,2972780,0,441724,2109524,9404,198134264,196362216,1772048,64,266208,1098264,5040
2026-08-30T20:32:43.627300,791008804,782624696,784359440,80,1261800,5112164,24204,34359738367,494108,17020,7888,9132,108,196529156,194429768,2099388,8,296172,1021404,7124,198172692,196653528,1519164,4,242792,882972,2636,198172692,195184780,2987912,0,454520,2109524,9444,198134264,196356620,1777644,68,268316,1098264,5000
2026-08-30T20:32:44.632492,791008804,782651108,784385868,84,1232812,5112164,24172,34359738367,494108,17020,7888,9132,108,196529156,194438328,2090828,8,300640,1021404,7136,198172692,196654108,1518584,4,236612,882972,2572,198172692,195209200,2963492,0,429712,2109524,9452,198134264,196349472,1784792,72,265848,1098264,5012
2026-08-30T20:32:45.636473,791008804,782615780,784350540,104,1251840,5112164,24148,34359738367,494108,17020,7888,9132,108,196529156,194416536,2112620,20,294136,1021404,7108,198172692,196654512,1518180,4,243912,882972,2600,198172692,195195256,2977436,4,445396,2109524,9460,198134264,196349476,1784788,76,268396,1098264,4980
2026-08-30T20:32:46.640474,791008804,782664352,784399128,104,1251956,5112164,24220,34359738367,494108,17020,7888,9132,108,196529156,194441444,2087712,20,290452,1021404,7104,198172692,196663340,1509352,4,247484,882972,2624,198172692,195212208,2960484,4,443768,2109524,9472,198134264,196347360,1786904,76,272300,1098264,5020
2026-08-30T20:32:47.644485,791008804,782646508,784381284,108,1261168,5112164,24220,34359738367,494108,17020,7888,9132,108,196529156,194439164,2089992,20,291040,1021404,7184,198172692,196652844,1519848,4,245876,882972,2564,198172692,195204420,2968272,4,454432,2109524,9460,198134264,196356728,1777536,80,261848,1098264,5012
2026-08-30T20:32:48.647294,791008804,782653764,784388544,108,1239468,5112164,24180,34359738367,494108,17020,7888,9132,108,196529156,194441516,2087640,20,276656,1021404,7216,198172692,196661048,1511644,4,250884,882972,2500,198172692,195198712,2973980,4,452124,2109524,9400,198134264,196352488,1781776,80,259804,1098264,5064
2026-08-30T20:32:49.652554,791008804,782659328,784394108,108,1259088,5112164,24136,34359738367,494108,17020,7888,9132,108,196529156,194435916,2093240,20,287552,1021404,7236,198172692,196669140,1503552,4,245744,882972,2472,198172692,195195160,2977532,4,467944,2109524,9380,198134264,196359112,1775152,80,258352,1098264,5048
2026-08-30T20:32:50.656448,791008804,782647216,784382000,112,1264076,5112164,24204,34359738367,494108,17020,7888,9132,108,196529156,194444976,2084180,20,276340,1021404,7220,198172692,196667440,1505252,4,246808,882972,2532,198172692,195200672,2972020,4,463160,2109524,9436,198134264,196334128,1800136,84,279816,1098264,5016
2026-08-30T20:32:51.660469,791008804,782656648,784391448,120,1250792,5112164,24208,34359738367,494108,17020,7888,9132,108,196529156,194444240,2084916,20,270592,1021404,7180,198172692,196660576,1512116,12,249748,882972,2564,198172692,195201120,2971572,4,452152,2109524,9456,198134264,196350712,1783552,84,270500,1098264,5008
2026-08-30T20:32:52.663201,791008804,782702000,784436800,120,1195500,5112164,24180,34359738367,494108,17020,7888,9132,108,196529156,194452088,2077068,20,281996,1021404,7156,198172692,196654732,1517960,12,249280,882972,2568,198172692,195224716,2947976,4,440436,2109524,9464,198134264,196381176,1753088,84,225836,1098264,4992
2026-08-30T20:32:53.668490,791008804,782670028,784404828,124,1269712,5112164,24176,34359738367,494108,17020,7888,9132,108,196529156,194463348,2065808,20,285496,1021404,7124,198172692,196641980,1530712,12,268596,882972,2536,198172692,195214572,2958120,4,452032,2109524,9476,198134264,196350128,1784136,88,263588,1098264,5040
2026-08-30T20:32:54.671563,791008804,782627252,784362052,124,1281972,5112164,24192,34359738367,494108,17020,7888,9132,108,196529156,194457204,2071952,20,281868,1021404,7100,198172692,196650144,1522548,12,268436,882972,2572,198172692,195194700,2977992,4,458216,2109524,9460,198134264,196325204,1809060,88,273452,1098264,5060
2026-08-30T20:32:55.676489,791008804,782659768,784394572,136,1249676,5112164,24228,34359738367,494108,17020,7888,9132,108,196529156,194450008,2079148,20,283824,1021404,7120,198172692,196647232,1525460,12,268284,882972,2620,198172692,195212196,2960496,4,436912,2109524,9436,198134264,196350332,1783932,100,262908,1098264,5052
2026-08-30T20:32:56.679427,791008804,782768448,784503252,140,1120748,5112164,24168,34359738367,494108,17020,7888,9132,108,196529156,194476988,2052168,20,250400,1021404,7132,198172692,196654960,1517732,12,240188,882972,2616,198172692,195246860,2925832,4,407236,2109524,9416,198134264,196389640,1744624,104,222924,1098264,5004
2026-08-30T20:32:57.684485,791008804,782662228,784397056,140,1268944,5112164,24196,34359738367,494108,17020,7888,9132,108,196529156,194471540,2057616,20,272248,1021404,7128,198172692,196633452,1539240,12,264404,882972,2660,198172692,195201132,2971560,4,453808,2109524,9404,198134264,196356104,1778160,104,278484,1098264,5004
2026-08-30T20:32:58.687298,791008804,782641612,784376440,148,1272216,5112164,24224,34359738367,494108,17020,7888,9132,108,196529156,194446612,2082544,28,277696,1021404,7160,198172692,196648288,1524404,12,261996,882972,2640,198172692,195197556,2975136,4,453688,2109524,9404,198134264,196349156,1785108,104,278836,1098264,5020
2026-08-30T20:32:59.692485,791008804,782686920,784421748,104,1254176,5112164,24196,34359738367,494108,17020,7888,9132,108,196529156,194448832,2080324,20,287024,1021404,7180,198172692,196656052,1516640,8,253532,882972,2584,198172692,195218392,2954300,0,449024,2109524,9412,198134264,196363644,1770620,76,267056,1098264,5020
2026-08-30T20:33:00.695252,791008804,782769576,784504404,104,1161744,5112164,24128,34359738367,494108,17020,7888,9132,108,196529156,194451120,2078036,20,274636,1021404,7176,198172692,196676808,1495884,8,230300,882972,2548,198172692,195248196,2924496,0,424060,2109524,9440,198134264,196393452,1740812,76,233756,1098264,4964
2026-08-30T20:33:01.696461,791008804,782710780,784445616,104,1242968,5112164,24188,34359738367,494108,17020,7888,9132,108,196529156,194436152,2093004,20,286836,1021404,7212,198172692,196667376,1505316,8,247100,882972,2600,198172692,195243712,2928980,0,438912,2109524,9404,198134264,196369684,1764580,76,263252,1098264,4972
2026-08-30T20:33:02.700472,791008804,782697256,784432092,92,1264052,5112164,24200,34359738367,494108,17020,7888,9132,108,196529156,194423772,2105384,20,308584,1021404,7192,198172692,196660184,1512508,8,252924,882972,2612,198172692,195249364,2923328,0,432104,2109524,9392,198134264,196363936,1770328,64,270944,1098264,5004
2026-08-30T20:33:03.704493,791008804,782720568,784455420,116,1256916,5112164,24196,34359738367,494108,17020,7888,9132,108,196529156,194445720,2083436,24,301208,1021404,7160,198172692,196672308,1500384,8,244128,882972,2612,198172692,195234844,2937848,0,452124,2109524,9400,198134264,196367696,1766568,84,263964,1098264,5024
2026-08-30T20:33:04.708486,791008804,782678288,784413140,116,1252640,5112164,24148,34359738367,494108,17020,7888,9132,108,196529156,194449048,2080108,24,289228,1021404,7116,198172692,196659552,1513140,8,249808,882972,2636,198172692,195221184,2951508,0,443300,2109524,9396,198134264,196348504,1785760,84,270304,1098264,5000
2026-08-30T20:33:05.711346,791008804,782682708,784417560,124,1254788,5112164,24216,34359738367,494108,17020,7888,9132,108,196529156,194432452,2096704,32,299068,1021404,7144,198172692,196663216,1509476,8,256572,882972,2636,198172692,195237480,2935212,0,421612,2109524,9448,198134264,196349560,1784704,84,278040,1098264,4988
2026-08-30T20:33:06.716484,791008804,782683708,784418568,128,1276736,5112164,24216,34359738367,494108,17020,7888,9132,108,196529156,194437072,2092084,32,308732,1021404,7164,198172692,196661548,1511144,8,252660,882972,2680,198172692,195236800,2935892,0,433376,2109524,9412,198134264,196348288,1785976,88,280456,1098264,4960
2026-08-30T20:33:07.719484,791008804,782693852,784428724,88,1241688,5112164,24200,34359738367,494108,17020,7888,9132,108,196529156,194435552,2093604,32,307352,1021404,7148,198172692,196668652,1504040,8,240680,882972,2664,198172692,195232972,2939720,0,429676,2109524,9408,198134264,196363576,1770688,48,263980,1098264,4980
2026-08-30T20:33:08.724478,791008804,782665376,784400248,112,1251776,5112164,24108,34359738367,494108,17020,7888,9132,108,196529156,194419364,2109792,36,309544,1021404,7172,198172692,196676768,1495924,12,248344,882972,2604,198172692,195229620,2943072,0,415284,2109524,9380,198134264,196339624,1794640,64,278604,1098264,4952
2026-08-30T20:33:09.727256,791008804,782628068,784362940,116,1272092,5112164,24204,34359738367,494108,17020,7888,9132,108,196529156,194403440,2125716,36,316896,1021404,7228,198172692,196662720,1509972,12,249896,882972,2624,198172692,195220396,2952296,0,418348,2109524,9412,198134264,196341512,1792752,68,280108,1098264,4940
2026-08-30T20:33:10.732460,791008804,782657184,784392068,116,1270912,5112164,24216,34359738367,494108,17020,7888,9132,108,196529156,194419440,2109716,36,299920,1021404,7224,198172692,196658208,1514484,12,263804,882972,2584,198172692,195230112,2942580,0,430640,2109524,9420,198134264,196349424,1784840,68,276548,1098264,4988
2026-08-30T20:33:11.734291,791008804,782700492,784435376,124,1238896,5112164,24168,34359738367,494108,17020,7888,9132,108,196529156,194414108,2115048,44,298468,1021404,7236,198172692,196671220,1501472,12,257968,882972,2544,198172692,195250032,2922660,0,413448,2109524,9412,198134264,196365132,1769132,68,269012,1098264,4976
2026-08-30T20:33:12.740467,791008804,782661732,784396628,96,1260680,5112164,24152,34359738367,494108,17020,7888,9132,108,196529156,194416140,2113016,44,307780,1021404,7244,198172692,196659712,1512980,12,255096,882972,2532,198172692,195240972,2931720,0,426136,2109524,9404,198134264,196344908,1789356,40,273800,1098264,4972
2026-08-30T20:33:13.743184,791008804,782652620,784387516,104,1265536,5112164,24180,34359738367,494108,17020,7888,9132,108,196529156,194405664,2123492,44,308348,1021404,7260,198172692,196673368,1499324,12,252868,882972,2564,198172692,195235300,2937392,0,425436,2109524,9360,198134264,196338288,1795976,48,278884,1098264,4996
2026-08-30T20:33:14.748474,791008804,782606296,784341204,104,1272492,5112164,24244,34359738367,494108,17020,7888,9132,108,196529156,194393508,2135648,44,319304,1021404,7224,198172692,196671520,1501172,12,238296,882972,2584,198172692,195237508,2935184,0,406204,2109524,9412,198134264,196303760,1830504,48,308688,1098264,5024
2026-08-30T20:33:15.751156,791008804,782641236,784376144,108,1206224,5112164,24164,34359738367,494108,17020,7888,9132,108,196529156,194399940,2129216,44,306468,1021404,7160,198172692,196676940,1495752,12,207996,882972,2596,198172692,195218844,2953848,0,419160,2109524,9360,198134264,196345512,1788752,52,272600,1098264,5048
2026-08-30T20:33:16.756478,791008804,782604400,784339308,108,1267600,5112164,24180,34359738367,494108,17020,7888,9132,108,196529156,194393420,2135736,44,322584,1021404,7172,198172692,196651716,1520976,12,238564,882972,2600,198172692,195224376,2948316,0,414112,2109524,9348,198134264,196334888,1799376,52,292340,1098264,5060
2026-08-30T20:33:17.759433,791008804,782603848,784338760,64,1272640,5112164,24216,34359738367,494108,17020,7888,9132,108,196529156,194400092,2129064,8,314400,1021404,7212,198172692,196650244,1522448,4,248348,882972,2616,198172692,195218448,2954244,0,423520,2109524,9340,198134264,196335064,1799200,52,286372,1098264,5048
2026-08-30T20:33:18.764478,791008804,782633216,784368128,88,1254392,5112164,24172,34359738367,494108,17020,7888,9132,108,196529156,194396124,2133032,20,297988,1021404,7212,198172692,196650148,1522544,4,252092,882972,2548,198172692,195234164,2938528,4,424176,2109524,9360,198134264,196352780,1781484,60,280136,1098264,5052
2026-08-30T20:33:19.767212,791008804,782712556,784447488,100,1106544,5112164,24152,34359738367,494108,17020,7888,9132,108,196529156,194420372,2108784,20,258480,1021404,7232,198172692,196643068,1529624,4,239632,882972,2532,198172692,195249208,2923484,4,394100,2109524,9420,198134264,196399908,1734356,72,214332,1098264,4968
2026-08-30T20:33:20.772449,791008804,782603380,784338312,100,1266672,5112164,24164,34359738367,494108,17020,7888,9132,108,196529156,194420220,2108936,20,291812,1021404,7220,198172692,196613352,1559340,4,285864,882972,2576,198172692,195212064,2960628,4,428332,2109524,9428,198134264,196357744,1776520,72,261168,1098264,4940
2026-08-30T20:33:21.774338,791008804,782605068,784340000,108,1268624,5112164,24176,34359738367,494108,17020,7888,9132,108,196529156,194431112,2098044,20,282520,1021404,7184,198172692,196626048,1546644,4,271184,882972,2572,198172692,195208284,2964408,4,442956,2109524,9428,198134264,196339624,1794640,80,271964,1098264,4992
2026-08-30T20:33:22.780466,791008804,782664600,784399540,108,1241972,5112164,24188,34359738367,494108,17020,7888,9132,108,196529156,194442668,2086488,20,280224,1021404,7140,198172692,196657420,1515272,4,249340,882972,2636,198172692,195227208,2945484,4,443460,2109524,9420,198134264,196337304,1796960,80,268948,1098264,4992
2026-08-30T20:33:23.783388,791008804,782633288,784368228,108,1243336,5112164,24136,34359738367,494108,17020,7888,9132,108,196529156,194416956,2112200,20,291056,1021404,7096,198172692,196656660,1516032,4,242560,882972,2628,198172692,195228076,2944616,4,438508,2109524,9388,198134264,196331596,1802668,80,271212,1098264,5024
2026-08-30T20:33:24.788456,791008804,782640364,784371216,108,1260800,5112164,24180,34359738367,494108,17020,7888,9132,108,196529156,194422980,2106176,20,292784,1021404,7112,198172692,196651640,1521052,4,253616,882972,2652,198172692,195225804,2946888,4,442868,2109524,9340,198134264,196335844,1798420,80,271532,1098264,5076
2026-08-30T20:33:25.790265,791008804,782649092,784384048,120,1267380,5112164,24208,34359738367,494108,17020,7888,9132,108,196529156,194426472,2102684,28,297208,1021404,7104,198172692,196648364,1524328,4,254812,882972,2672,198172692,195232616,2940076,4,440024,2109524,9320,198134264,196340632,1793632,84,269056,1098264,5112
2026-08-30T20:33:26.796461,791008804,782668852,784403816,120,1242648,5112164,24192,34359738367,494108,17020,7888,9132,108,196529156,194429120,2100036,28,291524,1021404,7132,198172692,196656912,1515780,4,247184,882972,2648,198172692,195240492,2932200,4,431148,2109524,9332,198134264,196342328,1791936,84,272792,1098264,5080
2026-08-30T20:33:27.798278,791008804,782744768,784480260,120,1108100,1070984,24068,34359738367,494108,17020,7888,9132,108,196529156,194448456,2080700,28,249628,52544,7108,198172692,196670200,1502492,4,223592,29456,2596,198172692,195251064,2921628,4,403716,966168,9288,198134264,196375048,1759216,84,231164,12728,5076
2026-08-30T20:33:28.799297,791008804,787872944,785926036,156,187660,152912,12260,34359738367,490044,17020,7888,9132,108,196529156,195632684,896472,44,51948,49476,5172,198172692,197764536,408156,8,8720,28820,984,198172692,196789560,1383132,8,97776,65348,3200,198134264,197688684,445580,96,29216,9268,2904
2026-08-30T20:33:29.800426,791008804,788646540,786287596,536,237692,172504,10816,34359738367,491020,17020,7888,9132,108,196529156,195639084,890072,0,51788,49344,4748,198172692,197768328,404364,0,8352,28820,528,198172692,197544168,628524,4,148488,85072,3124,198134264,197694960,439304,532,29064,9268,2416
2026-08-30T20:33:30.801743,791008804,788569744,786235732,536,271972,192748,11140,34359738367,492028,17020,7888,9132,108,196529156,195640264,888892,0,51876,48972,4748,198172692,197769012,403680,0,8436,28820,528,198172692,197463700,708992,4,182524,105688,3448,198134264,197696768,437496,532,29136,9268,2416
2026-08-30T20:33:31.802668,791008804,788488000,786174132,592,326348,287780,11608,34359738367,492028,17020,7888,9132,108,196529156,195642364,886792,12,51892,48644,4748,198172692,197769588,403104,4,8456,28820,528,198172692,197376728,795964,16,236832,201048,3916,198134264,197699320,434944,560,29168,9268,2416
2026-08-30T20:33:32.804524,791008804,788175892,786003472,564,381644,500184,12956,34359738367,494012,17020,7888,9132,108,196529156,195603136,926020,12,52204,79592,4892,198172692,197736924,435768,0,8760,51992,612,198172692,197175880,996812,4,291220,324748,4904,198134264,197659952,474312,548,29460,44356,2548
2026-08-30T20:33:33.808428,791008804,787722776,785569604,568,667040,608252,13844,34359738367,494012,17020,7888,9132,108,196529156,195486460,1042696,12,125068,107300,5104,198172692,197628408,544284,0,81256,76344,796,198172692,197059124,1113568,4,364232,352592,5132,198134264,197548784,585480,552,96484,72016,2812
2026-08-30T20:33:34.809727,791008804,787724912,785572276,576,670776,611348,13976,34359738367,494012,17020,7888,9132,108,196529156,195486332,1042824,12,125840,107952,5136,198172692,197627692,545000,0,82652,77324,840,198172692,197059936,1112756,4,365352,353192,5172,198134264,197550952,583312,560,96932,72880,2828
2026-08-30T20:33:35.811002,791008804,787730276,785577640,576,671920,611348,13976,34359738367,493980,17020,7888,9132,108,196529156,195486720,1042436,12,126032,107952,5136,198172692,197631096,541596,0,82880,77324,840,198172692,197060444,1112248,4,365796,353192,5172,198134264,197552016,582248,560,97212,72880,2828
2026-08-30T20:33:36.812283,791008804,787731352,785578716,576,672688,611348,13976,34359738367,492076,17020,7888,9132,108,196529156,195487112,1042044,12,126164,107952,5136,198172692,197631180,541512,0,83040,77324,840,198172692,197060792,1111900,4,366092,353192,5172,198134264,197552268,581996,560,97392,72880,2828
2026-08-30T20:33:37.813269,791008804,787726860,785574224,600,674492,611348,13980,34359738367,494044,17020,7888,9132,108,196529156,195488500,1040656,12,126064,107952,5136,198172692,197629724,542968,4,84980,77324,840,198172692,197056640,1116052,8,366140,353192,5176,198134264,197551996,582268,576,97308,72880,2828
2026-08-30T20:33:38.814265,791008804,787729668,785577076,600,675348,611348,13984,34359738367,494044,17020,7888,9132,108,196529156,195488752,1040404,12,126228,107952,5136,198172692,197630732,541960,4,83124,77324,844,198172692,197056924,1115768,8,368476,353192,5176,198134264,197553260,581004,576,97520,72880,2828
2026-08-30T20:33:39.815497,791008804,787732992,785580400,608,675976,611348,13984,34359738367,494028,17020,7888,9132,108,196529156,195489004,1040152,12,126368,107952,5136,198172692,197632860,539832,12,83260,77324,844,198172692,197057600,1115092,8,368628,353192,5176,198134264,197553528,580736,576,97720,72880,2828
2026-08-30T20:33:40.816794,791008804,787737792,785585200,608,676308,611348,13984,34359738367,493276,17020,7888,9132,108,196529156,195489760,1039396,12,126408,107952,5136,198172692,197635348,537344,12,83380,77324,844,198172692,197059032,1113660,8,368656,353192,5176,198134264,197553652,580612,576,97864,72880,2828
2026-08-30T20:33:41.817780,791008804,787744980,785592388,612,676412,611348,13984,34359738367,492924,17020,7888,9132,108,196529156,195490028,1039128,12,126376,107952,5136,198172692,197636104,536588,12,83380,77324,844,198172692,197062204,1110488,8,368828,353192,5176,198134264,197556644,577620,580,97828,72880,2828
2026-08-30T20:33:42.818997,791008804,787745184,785592592,612,676432,611348,13984,34359738367,492476,17020,7888,9132,108,196529156,195490084,1039072,12,126284,107952,5136,198172692,197636140,536552,12,83312,77324,844,198172692,197062284,1110408,8,369072,353192,5176,198134264,197556676,577588,580,97764,72880,2828
2026-08-30T20:33:43.820015,791008804,787721600,785569008,612,676660,611348,13960,34359738367,494140,17020,7888,9132,108,196529156,195490044,1039112,12,115584,107952,5136,198172692,197630876,541816,12,75720,77324,844,198172692,197054104,1118588,8,385776,353192,5152,198134264,197546576,587688,580,99580,72880,2828
2026-08-30T20:33:44.824433,791008804,787644132,785491544,612,676440,611348,13984,34359738367,494124,17020,7888,9132,108,196529156,195476024,1053132,12,112240,107952,5136,198172692,197623652,549040,12,65320,77324,844,198172692,197012960,1159732,8,399300,353192,5176,198134264,197531496,602768,580,99580,72880,2828
2026-08-30T20:33:45.825643,791008804,787637648,785485060,624,676448,611348,13984,34359738367,494108,17020,7888,9132,108,196529156,195471428,1057728,20,116116,107952,5136,198172692,197621640,551052,12,65076,77324,844,198172692,197013056,1159636,8,395376,353192,5176,198134264,197531524,602740,584,99880,72880,2828
2026-08-30T20:33:46.826849,791008804,787644832,785492244,632,676448,611348,13984,34359738367,494076,17020,7888,9132,108,196529156,195472232,1056924,20,116160,107952,5136,198172692,197621820,550872,12,65244,77324,844,198172692,197017184,1155508,8,394496,353192,5176,198134264,197533596,600668,592,100548,72880,2828
2026-08-30T20:33:47.828105,791008804,787665780,785513192,636,676448,611348,13984,34359738367,492604,17020,7888,9132,108,196529156,195475168,1053988,20,116348,107952,5136,198172692,197627788,544904,12,65388,77324,844,198172692,197027676,1145016,8,394068,353192,5176,198134264,197537528,596736,596,100644,72880,2828
2026-08-30T20:33:48.829122,791008804,787688528,785535956,636,675632,611348,13976,34359738367,492140,17020,7888,9132,108,196529156,195476008,1053148,20,122664,107952,5136,198172692,197629920,542772,12,65420,77324,844,198172692,197042324,1130368,8,386896,353192,5168,198134264,197540276,593988,596,100652,72880,2828
2026-08-30T20:33:49.830557,791008804,787689028,785536460,640,676276,611348,13984,34359738367,494124,17020,7888,9132,108,196529156,195466184,1062972,20,126712,107952,5624,198172692,197633484,539208,12,65120,77324,844,198172692,197047720,1124972,8,384008,353192,4688,198134264,197541640,592624,600,100436,72880,2828
2026-08-30T20:33:50.831813,791008804,787706628,785554060,640,676448,611348,13984,34359738367,494124,17020,7888,9132,108,196529156,195469812,1059344,20,127112,107952,5624,198172692,197638084,534608,12,65176,77324,844,198172692,197051220,1121472,8,383664,353192,4688,198134264,197547512,586752,600,100496,72880,2828
2026-08-30T20:33:51.833090,791008804,787712108,785559540,640,676448,611348,13984,34359738367,493900,17020,7888,9132,108,196529156,195471852,1057304,20,127332,107952,5624,198172692,197639600,533092,12,65204,77324,844,198172692,197051832,1120860,8,383344,353192,4688,198134264,197548824,585440,600,100568,72880,2828
2026-08-30T20:33:52.834113,791008804,787711176,785558608,652,676480,611348,13984,34359738367,493180,17020,7888,9132,108,196529156,195469208,1059948,28,135000,107952,5624,198172692,197636756,535936,12,69320,77324,844,198172692,197052724,1119968,8,371496,353192,4688,198134264,197552488,581776,604,100664,72880,2828
2026-08-30T20:33:53.835128,791008804,787723536,785570972,652,676448,611348,13984,34359738367,492860,17020,7888,9132,108,196529156,195472988,1056168,28,135584,107952,5624,198172692,197640888,531804,12,69392,77324,844,198172692,197054336,1118356,8,370712,353192,4688,198134264,197555324,578940,604,100760,72880,2828
2026-08-30T20:33:54.836148,791008804,787732976,785580412,652,676440,611348,13984,34359738367,492236,17020,7888,9132,108,196529156,195474552,1054604,28,135864,107952,5624,198172692,197641964,530728,12,69396,77324,844,198172692,197060764,1111928,8,370384,353192,4688,198134264,197555696,578568,604,100796,72880,2828
2026-08-30T20:33:55.837130,791008804,787749020,785596456,656,676108,611348,13984,34359738367,494124,17020,7888,9132,108,196529156,195474564,1054592,28,137212,107952,5636,198172692,197642992,529700,12,69296,77324,844,198172692,197069856,1102836,8,368892,353192,4676,198134264,197561608,572656,608,100708,72880,2828
2026-08-30T20:33:56.838122,791008804,787764880,785612316,656,676448,611348,13984,34359738367,494124,17020,7888,9132,108,196529156,195480948,1048208,28,137328,107952,5636,198172692,197647576,525116,12,69384,77324,844,198172692,197071700,1100992,8,368984,353192,4676,198134264,197564656,569608,608,100752,72880,2828
2026-08-30T20:33:57.839349,791008804,787771752,785619188,656,676448,611348,13984,34359738367,494108,17020,7888,9132,108,196529156,195482524,1046632,28,137308,107952,5636,198172692,197650860,521832,12,69412,77324,844,198172692,197073208,1099484,8,368976,353192,4676,198134264,197565160,569104,608,100752,72880,2828
2026-08-30T20:33:58.840599,791008804,787777332,785624768,660,676448,611348,13984,34359738367,493724,17020,7888,9132,108,196529156,195479976,1049180,28,139340,107952,5636,198172692,197653992,518700,12,69464,77324,844,198172692,197076976,1095716,8,368968,353192,4676,198134264,197566388,567876,612,98676,72880,2828
2026-08-30T20:33:59.841595,791008804,787789300,785636816,676,676448,611348,13984,34359738367,493260,17020,7888,9132,108,196529156,195482840,1046316,36,139396,107952,5636,198172692,197658792,513900,12,69368,77324,844,198172692,197079284,1093408,8,369004,353192,4676,198134264,197568384,565880,620,98680,72880,2828
2026-08-30T20:34:00.842625,791008804,787796992,785644508,680,676448,611348,13984,34359738367,492860,17020,7888,9132,108,196529156,195486308,1042848,36,139508,107952,5636,198172692,197662000,510692,12,69324,77324,844,198172692,197079888,1092804,8,368980,353192,4676,198134264,197568796,565468,624,98636,72880,2828
2026-08-30T20:34:01.843646,791008804,787801144,785648912,684,676408,611348,13968,34359738367,492428,17020,7888,9132,108,196529156,195487476,1041680,36,139596,107952,5620,198172692,197662452,510240,12,69280,77324,844,198172692,197080668,1092024,8,368944,353192,4676,198134264,197570548,563716,628,98588,72880,2828
2026-08-30T20:34:02.844677,791008804,787806712,785654536,128,675464,611348,13496,34359738367,492188,17020,7888,9132,108,196529156,195489000,1040156,36,138916,107952,5148,198172692,197663432,509260,8,69180,77324,844,198172692,197082172,1090520,0,368876,353192,4676,198134264,197572108,562156,84,98492,72880,2828
2026-08-30T20:34:03.845808,791008804,787802760,785650644,4,676380,611348,13984,34359738367,494172,17020,7888,9132,108,196529156,195484668,1044488,0,140060,107952,5636,198172692,197664544,508148,0,67036,77324,844,198172692,197081140,1091552,0,368816,353192,4676,198134264,197572408,561856,4,100468,72880,2828
2026-08-30T20:34:04.847064,791008804,787809692,785657576,8,676448,611348,13984,34359738367,494156,17020,7888,9132,108,196529156,195485048,1044108,0,140156,107952,5636,198172692,197667116,505576,0,67000,77324,844,198172692,197084308,1088384,0,368836,353192,4676,198134264,197573220,561044,8,100456,72880,2828
2026-08-30T20:34:05.848268,791008804,787816004,785663888,12,676448,611348,13984,34359738367,493836,17020,7888,9132,108,196529156,195487700,1041456,0,140160,107952,5636,198172692,197667696,504996,0,66996,77324,844,198172692,197086924,1085768,0,368844,353192,4676,198134264,197573684,560580,12,100448,72880,2828
2026-08-30T20:34:06.849580,791008804,787815984,785663868,72,676448,611348,13984,34359738367,493324,17020,7888,9132,108,196529156,195484152,1045004,20,144308,107952,5636,198172692,197670476,502216,4,64916,77324,844,198172692,197087476,1085216,4,368852,353192,4676,198134264,197573880,560384,44,98372,72880,2828
2026-08-30T20:34:07.850612,791008804,787818416,785666300,72,676448,611348,13984,34359738367,492924,17020,7888,9132,108,196529156,195484436,1044720,20,144400,107952,5636,198172692,197670928,501764,4,64884,77324,844,198172692,197088504,1084188,4,368824,353192,4676,198134264,197574548,559716,44,98340,72880,2828
2026-08-30T20:34:08.851619,791008804,787821768,785669652,76,676448,611348,13984,34359738367,492444,17020,7888,9132,108,196529156,195484776,1044380,20,144408,107952,5636,198172692,197673484,499208,4,64884,77324,844,198172692,197088952,1083740,4,368824,353192,4676,198134264,197574556,559708,48,98332,72880,2828
2026-08-30T20:34:09.852656,791008804,787818448,785666356,76,675992,611348,13984,34359738367,494156,17020,7888,9132,108,196529156,195478840,1050316,20,146024,107952,5636,198172692,197674024,498668,4,64884,77324,844,198172692,197088956,1083736,4,368820,353192,4676,198134264,197576628,557636,48,96264,72880,2828
2026-08-30T20:34:10.853652,791008804,787820240,785668148,88,676416,611348,13984,34359738367,494156,17020,7888,9132,108,196529156,195479052,1050104,20,146404,107952,5636,198172692,197674324,498368,4,64924,77324,844,198172692,197089720,1082972,4,368852,353192,4676,198134264,197577144,557120,60,96236,72880,2828
2026-08-30T20:34:11.854854,791008804,787823288,785671196,92,676448,611348,13984,34359738367,494140,17020,7888,9132,108,196529156,195479448,1049708,20,146420,107952,5636,198172692,197674828,497864,4,64928,77324,844,198172692,197089820,1082872,4,368872,353192,4676,198134264,197579192,555072,64,96228,72880,2828
2026-08-30T20:34:12.856062,791008804,787828392,785676300,92,676448,611348,13984,34359738367,493644,17020,7888,9132,108,196529156,195481664,1047492,20,146440,107952,5636,198172692,197675332,497360,4,64936,77324,844,198172692,197091916,1080776,4,368880,353192,4676,198134264,197579480,554784,64,96192,72880,2828
2026-08-30T20:34:13.857359,791008804,787832228,785680136,104,676448,611348,13984,34359738367,493004,17020,7888,9132,108,196529156,195484192,1044964,28,146464,107952,5636,198172692,197675680,497012,4,64932,77324,844,198172692,197092256,1080436,4,368892,353192,4676,198134264,197580100,554164,68,96160,72880,2828
2026-08-30T20:34:14.858584,791008804,787833052,785680960,104,676448,611348,13984,34359738367,492700,17020,7888,9132,108,196529156,195484560,1044596,28,146492,107952,5636,198172692,197675992,496700,4,64916,77324,844,198172692,197092380,1080312,4,368896,353192,4676,198134264,197580120,554144,68,96144,72880,2828
2026-08-30T20:34:15.859592,791008804,787833824,785681732,108,676448,611348,13984,34359738367,492236,17020,7888,9132,108,196529156,195484784,1044372,28,146500,107952,5636,198172692,197676176,496516,4,64908,77324,844,198172692,197092476,1080216,4,368896,353192,4676,198134264,197580388,553876,72,96144,72880,2828
2026-08-30T20:34:16.860617,791008804,787832948,785680856,108,676004,611348,13984,34359738367,494172,17020,7888,9132,108,196529156,195483212,1045944,28,146048,107952,5636,198172692,197676440,496252,4,64912,77324,844,198172692,197092792,1079900,4,368900,353192,4676,198134264,197580504,553760,72,96144,72880,2828
2026-08-30T20:34:17.861860,791008804,787832904,785680812,108,676408,611348,13984,34359738367,494172,17020,7888,9132,108,196529156,195483132,1046024,28,146484,107952,5636,198172692,197676452,496240,4,64904,77324,844,198172692,197092792,1079900,4,368884,353192,4676,198134264,197580528,553736,72,96136,72880,2828
2026-08-30T20:34:18.863060,791008804,787833320,785681228,112,676448,611348,13984,34359738367,494156,17020,7888,9132,108,196529156,195483276,1045880,28,146524,107952,5636,198172692,197676472,496220,4,64904,77324,844,198172692,197092792,1079900,4,368884,353192,4676,198134264,197580780,553484,76,96136,72880,2828
2026-08-30T20:34:19.864289,791008804,787833736,785681668,120,676448,611348,13984,34359738367,493468,17020,7888,9132,108,196529156,195483372,1045784,36,146524,107952,5636,198172692,197676540,496152,4,64904,77324,844,198172692,197093044,1079648,4,368884,353192,4676,198134264,197580780,553484,76,96136,72880,2828
2026-08-30T20:34:20.865301,791008804,787834212,785682144,120,676448,611348,13984,34359738367,493116,17020,7888,9132,108,196529156,195483836,1045320,36,146524,107952,5636,198172692,197676540,496152,4,64904,77324,844,198172692,197093056,1079636,4,368884,353192,4676,198134264,197580780,553484,76,96136,72880,2828
2026-08-30T20:34:21.866305,791008804,787834656,785682588,124,676448,611348,13984,34359738367,492620,17020,7888,9132,108,196529156,195483964,1045192,36,146524,107952,5636,198172692,197676540,496152,4,64904,77324,844,198172692,197093120,1079572,4,368884,353192,4676,198134264,197581032,553232,80,96136,72880,2828
2026-08-30T20:34:22.867333,791008804,787835180,785683112,124,675944,611348,13984,34359738367,492188,17020,7888,9132,108,196529156,195484172,1044984,36,146020,107952,5636,198172692,197676540,496152,4,64904,77324,844,198172692,197093436,1079256,4,368884,353192,4676,198134264,197581032,553232,80,96136,72880,2828
2026-08-30T20:34:23.868541,791008804,787829232,785677164,124,675600,611348,13500,34359738367,494156,17020,7888,9132,108,196529156,195484940,1044216,36,145684,107952,5152,198172692,197676540,496152,4,64856,77324,844,198172692,197086972,1085720,4,368960,353192,4676,198134264,197580780,553484,80,96100,72880,2828
2026-08-30T20:34:24.869543,791008804,787829484,785677416,136,676436,611348,13984,34359738367,494156,17020,7888,9132,108,196529156,195485324,1043832,36,145720,107952,5152,198172692,197676540,496152,4,64904,77324,844,198172692,197086588,1086104,4,369680,353192,5160,198134264,197581032,553232,92,96132,72880,2828
2026-08-30T20:34:25.870775,791008804,787829740,785677672,136,676448,611348,13984,34359738367,494140,17020,7888,9132,108,196529156,195485420,1043736,36,145728,107952,5152,198172692,197676540,496152,4,64904,77324,844,198172692,197086748,1085944,4,369680,353192,5160,198134264,197581032,553232,92,96136,72880,2828
2026-08-30T20:34:26.872014,791008804,787830136,785678068,148,676448,611348,13984,34359738367,493452,17020,7888,9132,108,196529156,195485720,1043436,44,145728,107952,5152,198172692,197676588,496104,4,64904,77324,844,198172692,197086796,1085896,4,369680,353192,5160,198134264,197581032,553232,96,96136,72880,2828
2026-08-30T20:34:27.873306,791008804,787830612,785678544,148,676448,611348,13984,34359738367,492956,17020,7888,9132,108,196529156,195485880,1043276,44,145728,107952,5152,198172692,197676604,496088,4,64904,77324,844,198172692,197086844,1085848,4,369680,353192,5160,198134264,197581284,552980,96,96136,72880,2828
2026-08-30T20:34:28.874543,791008804,787830724,785678656,152,676448,611348,13984,34359738367,492380,17020,7888,9132,108,196529156,195485976,1043180,44,145728,107952,5152,198172692,197676604,496088,4,64904,77324,844,198172692,197086860,1085832,4,369680,353192,5160,198134264,197581284,552980,100,96136,72880,2828
2026-08-30T20:34:29.875517,791008804,787823564,785671516,152,675988,611348,13976,34359738367,494124,17020,7888,9132,108,196529156,195478224,1050932,44,145780,107952,5144,198172692,197676604,496088,4,64900,77324,844,198172692,197087452,1085240,4,369172,353192,5160,198134264,197581284,552980,100,96136,72880,2828
2026-08-30T20:34:30.876781,791008804,787823932,785671892,156,676432,611348,13984,34359738367,494124,17020,7888,9132,108,196529156,195477872,1051284,44,146504,107952,5624,198172692,197676604,496088,4,64904,77324,844,198172692,197088172,1084520,4,368884,353192,4688,198134264,197581284,552980,104,96140,72880,2828
2026-08-30T20:34:31.878009,791008804,787824140,785672100,156,676452,611348,13984,34359738367,494108,17020,7888,9132,108,196529156,195477872,1051284,44,146520,107952,5624,198172692,197676604,496088,4,64904,77324,844,198172692,197088380,1084312,4,368888,353192,4688,198134264,197581284,552980,104,96140,72880,2828
2026-08-30T20:34:32.879192,791008804,787824572,785672532,156,676452,611348,13984,34359738367,493532,17020,7888,9132,108,196529156,195478172,1050984,44,146520,107952,5624,198172692,197676608,496084,4,64904,77324,844,198172692,197088508,1084184,4,368888,353192,4688,198134264,197581284,552980,104,96140,72880,2828
2026-08-30T20:34:33.880417,791008804,787825332,785673292,164,676452,611348,13984,34359738367,493196,17020,7888,9132,108,196529156,195478344,1050812,44,146520,107952,5624,198172692,197676672,496020,12,64904,77324,844,198172692,197088780,1083912,4,368888,353192,4688,198134264,197581536,552728,104,96140,72880,2828
2026-08-30T20:34:34.881592,791008804,787825528,785673488,160,676444,611348,13984,34359738367,492796,17020,7888,9132,108,196529156,195478424,1050732,44,146516,107952,5624,198172692,197676672,496020,12,64904,77324,844,198172692,197088896,1083796,4,368884,353192,4688,198134264,197581536,552728,100,96140,72880,2828
2026-08-30T20:34:35.882631,791008804,787827044,785675004,160,675932,611348,13980,34359738367,492172,17020,7888,9132,108,196529156,195479940,1049216,44,146012,107952,5624,198172692,197676672,496020,12,64900,77324,844,198172692,197088896,1083796,4,368880,353192,4684,198134264,197581536,552728,100,96140,72880,2828
2026-08-30T20:34:36.883884,791008804,787827564,785675524,160,676032,611348,13984,34359738367,494156,17020,7888,9132,108,196529156,195479828,1049328,44,146232,107952,5636,198172692,197676672,496020,8,64864,77324,844,198172692,197089276,1083416,0,368836,353192,4676,198134264,197581788,552476,68,96100,72880,2828
2026-08-30T20:34:37.888434,791008804,787827884,785675844,124,676444,611348,13984,34359738367,494156,17020,7888,9132,108,196529156,195480148,1049008,36,146512,107952,5636,198172692,197676672,496020,8,64908,77324,844,198172692,197089276,1083416,0,368880,353192,4676,198134264,197581788,552476,80,96144,72880,2828
2026-08-30T20:34:38.889649,791008804,787828316,785676276,60,676452,611348,13984,34359738367,494140,17020,7888,9132,108,196529156,195480576,1048580,8,146520,107952,5636,198172692,197676676,496016,0,64908,77324,844,198172692,197089276,1083416,4,368880,353192,4676,198134264,197581788,552476,48,96144,72880,2828
2026-08-30T20:34:39.890922,791008804,787828960,785676924,64,676452,611348,13984,34359738367,493420,17020,7888,9132,108,196529156,195480656,1048500,8,146512,107952,5636,198172692,197676708,495984,0,64916,77324,844,198172692,197089552,1083140,4,368880,353192,4676,198134264,197582044,552220,52,96144,72880,2828
2026-08-30T20:34:40.891935,791008804,787829200,785677184,80,676452,611348,13984,34359738367,492812,17020,7888,9132,108,196529156,195480896,1048260,16,146512,107952,5636,198172692,197676708,495984,4,64916,77324,844,198172692,197089552,1083140,4,368880,353192,4676,198134264,197582044,552220,56,96144,72880,2828
2026-08-30T20:34:41.892979,791008804,787830028,785678012,84,676428,611348,13976,34359738367,492188,17020,7888,9132,108,196529156,195481724,1047432,16,146500,107952,5628,198172692,197676708,495984,4,64912,77324,844,198172692,197089552,1083140,4,368876,353192,4676,198134264,197582044,552220,60,96140,72880,2828
2026-08-30T20:34:42.894091,791008804,787830732,785678716,84,676068,611348,13496,34359738367,494156,17020,7888,9132,108,196529156,195482436,1046720,16,145676,107952,5148,198172692,197676708,495984,4,64876,77324,844,198172692,197089292,1083400,4,369420,353192,4676,198134264,197582296,551968,60,96096,72880,2828
2026-08-30T20:34:43.895096,791008804,787830764,785678748,88,676452,611348,13984,34359738367,494156,17020,7888,9132,108,196529156,195482852,1046304,16,145464,107952,5148,198172692,197676708,495984,4,64892,77324,844,198172692,197088908,1083784,4,369936,353192,5164,198134264,197582296,551968,64,96160,72880,2828
2026-08-30T20:34:44.896297,791008804,787831108,785679092,72,676452,611348,13984,34359738367,494140,17020,7888,9132,108,196529156,195483044,1046112,16,145456,107952,5148,198172692,197676732,495960,8,64884,77324,844,198172692,197089036,1083656,4,369956,353192,5164,198134264,197582296,551968,44,96156,72880,2828
2026-08-30T20:34:45.897550,791008804,787833984,785681968,72,676452,611348,13984,34359738367,493404,17020,7888,9132,108,196529156,195483440,1045716,16,145448,107952,5148,198172692,197678840,493852,8,64888,77324,844,198172692,197089156,1083536,4,369952,353192,5164,198134264,197582548,551716,44,96164,72880,2828
2026-08-30T20:34:46.898562,791008804,787836408,785684392,80,676484,611348,13984,34359738367,493196,17020,7888,9132,108,196529156,195483744,1045412,24,145452,107952,5148,198172692,197680936,491756,8,64888,77324,844,198172692,197089172,1083520,4,369980,353192,5164,198134264,197582556,551708,44,96164,72880,2828
2026-08-30T20:34:47.899562,791008804,787836576,785684560,80,676580,611348,13984,34359738367,492924,17020,7888,9132,108,196529156,195483868,1045288,24,145564,107952,5148,198172692,197680940,491752,8,64888,77324,844,198172692,197089208,1083484,4,369976,353192,5164,198134264,197582560,551704,44,96152,72880,2828
2026-08-30T20:34:48.900591,791008804,787837656,785685640,84,676556,611348,13976,34359738367,492268,17020,7888,9132,108,196529156,195484264,1044892,24,145556,107952,5140,198172692,197680948,491744,8,64884,77324,844,198172692,197089632,1083060,4,369972,353192,5164,198134264,197582812,551452,48,96144,72880,2828
2026-08-30T20:34:49.901660,791008804,787829836,785677840,100,676232,611348,13500,34359738367,494124,17020,7888,9132,108,196529156,195479820,1049336,24,146908,107952,5136,198172692,197680952,491740,8,64824,77324,844,198172692,197090280,1082412,4,368220,353192,4692,198134264,197578784,555480,64,96280,72880,2828
2026-08-30T20:34:50.902928,791008804,787829940,785677952,100,676580,611348,13984,34359738367,494124,17020,7888,9132,108,196529156,195479696,1049460,24,147348,107952,5620,198172692,197680952,491740,8,64880,77324,844,198172692,197090496,1082196,4,368028,353192,4692,198134264,197578796,555468,64,96324,72880,2828
2026-08-30T20:34:51.904104,791008804,787830368,785678380,104,676580,611348,13984,34359738367,494108,17020,7888,9132,108,196529156,195479952,1049204,24,147288,107952,5620,198172692,197680988,491704,8,64884,77324,844,198172692,197090628,1082064,4,368092,353192,4692,198134264,197578800,555464,68,96316,72880,2828
2026-08-30T20:34:52.905407,791008804,787830932,785678944,108,676580,611348,13984,34359738367,493788,17020,7888,9132,108,196529156,195480240,1048916,24,147224,107952,5620,198172692,197681016,491676,8,64852,77324,844,198172692,197090856,1081836,4,368168,353192,4692,198134264,197578820,555444,72,96336,72880,2828
2026-08-30T20:34:53.906628,791008804,787831844,785679856,116,676580,611348,13984,34359738367,493388,17020,7888,9132,108,196529156,195480256,1048900,24,147228,107952,5620,198172692,197681040,491652,16,64844,77324,844,198172692,197091452,1081240,4,368172,353192,4692,198134264,197579096,555168,72,96336,72880,2828
2026-08-30T20:34:54.907648,791008804,787834504,785682516,116,676580,611348,13984,34359738367,493116,17020,7888,9132,108,196529156,195480740,1048416,24,147240,107952,5620,198172692,197683128,489564,16,64836,77324,844,198172692,197091524,1081168,4,368144,353192,4692,198134264,197579112,555152,72,96360,72880,2828
2026-08-30T20:34:55.908684,791008804,787835352,785683364,120,676580,611348,13984,34359738367,492636,17020,7888,9132,108,196529156,195481148,1048008,24,147280,107952,5620,198172692,197683180,489512,16,64824,77324,844,198172692,197091892,1080800,4,368096,353192,4692,198134264,197579132,555132,76,96380,72880,2828
2026-08-30T20:34:56.909713,791008804,787837008,785685020,120,676076,611348,13984,34359738367,492156,17020,7888,9132,108,196529156,195482500,1046656,24,146828,107952,5620,198172692,197683208,489484,16,64808,77324,844,198172692,197091904,1080788,4,368068,353192,4692,198134264,197579396,554868,76,96372,72880,2828
2026-08-30T20:34:57.910734,791008804,787835064,785683076,120,676508,611348,13984,34359738367,494140,17020,7888,9132,108,196529156,195480428,1048728,24,147700,107952,5636,198172692,197683316,489376,16,64740,77324,844,198172692,197091920,1080772,4,367776,353192,4676,198134264,197579400,554864,76,96292,72880,2828
2026-08-30T20:34:58.911721,791008804,787835656,785683668,124,676580,611348,13984,34359738367,494124,17020,7888,9132,108,196529156,195480716,1048440,24,147812,107952,5636,198172692,197683324,489368,16,64736,77324,844,198172692,197092208,1080484,4,367744,353192,4676,198134264,197579408,554856,80,96288,72880,2828
2026-08-30T20:34:59.913058,791008804,787836016,785684028,124,676580,611348,13984,34359738367,493804,17020,7888,9132,108,196529156,195480780,1048376,24,149820,107952,5636,198172692,197683344,489348,16,62720,77324,844,198172692,197092480,1080212,4,367736,353192,4676,198134264,197579412,554852,80,96304,72880,2828
2026-08-30T20:35:00.914327,791008804,787838772,785686804,132,676580,611348,13984,34359738367,493436,17020,7888,9132,108,196529156,195481068,1048088,24,149880,107952,5636,198172692,197683352,489340,24,62716,77324,844,198172692,197094656,1078036,4,367708,353192,4676,198134264,197579696,554568,80,96276,72880,2828
2026-08-30T20:35:01.915347,791008804,787838616,785686900,1272,676580,611348,13984,34359738367,493068,17020,7888,9132,108,196529156,195481148,1048008,24,149944,107952,5636,198172692,197683380,489312,24,62716,77324,844,198172692,197094388,1078304,4,367684,353192,4676,198134264,197579700,554564,1220,96236,72880,2828
2026-08-30T20:35:02.916416,791008804,787838216,785687136,1688,676580,611352,13984,34359738367,492588,17020,7888,9132,108,196529156,195481272,1047884,296,150012,107952,5636,198172692,197683480,489212,24,62712,77324,844,198172692,197093748,1078944,12,367636,353196,4676,198134264,197579716,554548,1356,96220,72880,2828
2026-08-30T20:35:03.917421,791008804,787841372,785690292,1688,676580,611352,13984,34359738367,492156,17020,7888,9132,108,196529156,195481700,1047456,296,150036,107952,5636,198172692,197685544,487148,24,62708,77324,844,198172692,197094120,1078572,12,367624,353196,4676,198134264,197580008,554256,1356,96212,72880,2828
2026-08-30T20:35:04.918681,791008804,787839348,785688320,1688,676216,611352,13500,34359738367,494124,17020,7888,9132,108,196529156,195482080,1047076,296,149196,107952,5152,198172692,197685548,487144,24,62656,77324,844,198172692,197091680,1081012,12,368188,353196,4676,198134264,197580040,554224,1356,96176,72880,2828
2026-08-30T20:35:05.919907,791008804,787840004,785688980,1688,676580,611352,13984,34359738367,494124,17020,7888,9132,108,196529156,195482500,1046656,296,148888,107952,5152,198172692,197685552,487140,24,62716,77324,844,198172692,197091892,1080800,12,368748,353196,5160,198134264,197580060,554204,1356,96228,72880,2828
2026-08-30T20:35:06.921232,791008804,787840576,785689552,1708,676580,611352,13984,34359738367,494108,17020,7888,9132,108,196529156,195482724,1046432,304,148880,107952,5152,198172692,197685556,487136,24,62716,77324,844,198172692,197092216,1080476,20,368756,353196,5160,198134264,197580080,554184,1360,96228,72880,2828
2026-08-30T20:35:07.922538,791008804,787841060,785690036,1720,676580,611352,13984,34359738367,493388,17020,7888,9132,108,196529156,195483016,1046140,312,148880,107952,5152,198172692,197685608,487084,24,62716,77324,844,198172692,197092356,1080336,20,368756,353196,5160,198134264,197580080,554184,1364,96228,72880,2828
2026-08-30T20:35:08.923590,791008804,787842040,785691016,1728,676580,611352,13984,34359738367,492828,17020,7888,9132,108,196529156,195483656,1045500,312,148880,107952,5152,198172692,197685632,487060,28,62716,77324,844,198172692,197092380,1080312,24,368756,353196,5160,198134264,197580372,553892,1364,96228,72880,2828
2026-08-30T20:35:09.924667,791008804,787842456,785691432,1664,676580,611352,13984,34359738367,492316,17020,7888,9132,108,196529156,195483784,1045372,296,148880,107952,5152,198172692,197685632,487060,24,62716,77324,844,198172692,197092664,1080028,12,368756,353196,5160,198134264,197580376,553888,1332,96228,72880,2828
2026-08-30T20:35:10.925934,791008804,787834432,785683432,1628,676044,611352,13692,34359738367,494124,17020,7888,9132,108,196529156,195475488,1053668,296,148924,107952,5140,198172692,197685632,487060,24,62720,77324,844,198172692,197092936,1079756,12,368172,353196,4880,198134264,197580376,553888,1296,96228,72880,2828
2026-08-30T20:35:11.927192,791008804,787835052,785684056,1648,676544,611352,13984,34359738367,494124,17020,7888,9132,108,196529156,195475168,1053988,300,149608,107952,5624,198172692,197685632,487060,28,62736,77324,844,198172692,197093624,1079068,12,367972,353196,4688,198134264,197580628,553636,1308,96228,72880,2828
2026-08-30T20:35:12.928554,791008804,787835372,785684376,1648,676580,611352,13984,34359738367,494108,17020,7888,9132,108,196529156,195475200,1053956,300,149640,107952,5624,198172692,197685632,487060,28,62736,77324,844,198172692,197093912,1078780,12,367976,353196,4688,198134264,197580628,553636,1308,96228,72880,2828
2026-08-30T20:35:13.929804,791008804,787835768,785684772,1648,676580,611352,13984,34359738367,493628,17020,7888,9132,108,196529156,195475452,1053704,300,149640,107952,5624,198172692,197685632,487060,28,62736,77324,844,198172692,197094056,1078636,12,367976,353196,4688,198134264,197580628,553636,1308,96228,72880,2828
2026-08-30T20:35:14.931034,791008804,787836116,785685120,1668,676580,611352,13984,34359738367,492924,17020,7888,9132,108,196529156,195475480,1053676,308,149640,107952,5624,198172692,197685680,487012,28,62736,77324,844,198172692,197094076,1078616,12,367976,353196,4688,198134264,197580880,553384,1320,96228,72880,2828
2026-08-30T20:35:15.932021,791008804,787836888,785685892,1616,676580,611352,13984,34359738367,492444,17020,7888,9132,108,196529156,195475832,1053324,276,149640,107952,5624,198172692,197685724,486968,8,62736,77324,844,198172692,197094392,1078300,12,367976,353196,4688,198134264,197580940,553324,1320,96228,72880,2828
2026-08-30T20:35:16.936452,791008804,787829308,785678312,1636,676588,611352,13984,34359738367,494156,17020,7888,9132,108,196529156,195476764,1052392,280,149136,107952,5624,198172692,197685724,486968,8,62740,77324,844,198172692,197094456,1078236,16,367980,353196,4688,198134264,197572364,561900,1332,96732,72880,2828
2026-08-30T20:35:17.937730,791008804,787830088,785679092,1640,676580,611352,13984,34359738367,494140,17020,7888,9132,108,196529156,195477612,1051544,280,148868,107952,5152,198172692,197685724,486968,8,62732,77324,844,198172692,197094488,1078204,16,367964,353196,4676,198134264,197572264,562000,1336,97016,72880,3312
2026-08-30T20:35:18.940432,791008804,787830980,785679984,1644,676580,611352,13984,34359738367,494124,17020,7888,9132,108,196529156,195478220,1050936,280,148868,107952,5152,198172692,197685724,486968,8,62732,77324,844,198172692,197094772,1077920,16,367964,353196,4676,198134264,197572264,562000,1340,97016,72880,3312
2026-08-30T20:35:19.944429,791008804,787831456,785680460,1644,676580,611352,13984,34359738367,493564,17020,7888,9132,108,196529156,195478600,1050556,280,148868,107952,5152,198172692,197685756,486936,8,62732,77324,844,198172692,197094836,1077856,16,367964,353196,4676,198134264,197572264,562000,1340,97016,72880,3312
2026-08-30T20:35:20.945707,791008804,787832160,785681168,1628,676580,611352,13984,34359738367,493164,17020,7888,9132,108,196529156,195478988,1050168,292,148868,107952,5152,198172692,197685756,486936,8,62732,77324,844,198172692,197095116,1077576,16,367964,353196,4676,198134264,197572300,561964,1312,97016,72880,3312
2026-08-30T20:35:21.946918,791008804,787833624,785682656,1632,676572,611352,13980,34359738367,492732,17020,7888,9132,108,196529156,195478988,1050168,292,148864,107952,5148,198172692,197685756,486936,8,62732,77324,844,198172692,197095500,1077192,16,367964,353196,4676,198134264,197573380,560884,1316,97012,72880,3312
2026-08-30T20:35:22.948132,791008804,787835052,785684084,1636,676444,611352,13924,34359738367,492156,17020,7888,9132,108,196529156,195479136,1050020,292,148852,107952,5140,198172692,197685780,486912,8,62728,77324,844,198172692,197095500,1077192,16,367960,353196,4676,198134264,197574636,559628,1320,96904,72880,3264
2026-08-30T20:35:23.949139,791008804,787832100,785681132,1636,676256,611352,13496,34359738367,494108,17020,7888,9132,108,196529156,195474840,1054316,292,149440,107952,5136,198172692,197685844,486848,8,62688,77324,844,198172692,197095752,1076940,16,367916,353196,4676,198134264,197575664,558600,1320,96212,72880,2840
2026-08-30T20:35:24.950328,791008804,787832208,785681240,1640,676580,611352,13984,34359738367,494108,17020,7888,9132,108,196529156,195474616,1054540,292,149652,107952,5624,198172692,197685844,486848,8,62728,77324,844,198172692,197095784,1076908,16,367944,353196,4676,198134264,197575964,558300,1324,96256,72880,2840
2026-08-30T20:35:25.951517,791008804,787832320,785681352,1640,676580,611352,13984,34359738367,494092,17020,7888,9132,108,196529156,195474616,1054540,292,149652,107952,5624,198172692,197685860,486832,8,62728,77324,844,198172692,197095784,1076908,16,367944,353196,4676,198134264,197576060,558204,1324,96256,72880,2840
2026-08-30T20:35:26.952774,791008804,787833016,785682048,1640,676580,611352,13984,34359738367,493356,17020,7888,9132,108,196529156,195474956,1054200,292,149652,107952,5624,198172692,197685860,486832,8,62728,77324,844,198172692,197095808,1076884,16,367944,353196,4676,198134264,197576392,557872,1324,96256,72880,2840
2026-08-30T20:35:27.954024,791008804,787833396,785682432,1648,676580,611352,13984,34359738367,493036,17020,7888,9132,108,196529156,195475476,1053680,292,149652,107952,5624,198172692,197685860,486832,8,62728,77324,844,198172692,197095668,1077024,24,367944,353196,4676,198134264,197576392,557872,1324,96256,72880,2840
2026-08-30T20:35:28.955255,791008804,787833952,785682988,1664,676564,611352,13980,34359738367,492540,17020,7888,9132,108,196529156,195475904,1053252,292,149648,107952,5624,198172692,197685860,486832,8,62724,77324,844,198172692,197095796,1076896,24,367944,353196,4676,198134264,197576392,557872,1340,96248,72880,2836
2026-08-30T20:35:29.956253,791008804,787830704,785679740,1664,676040,611352,13968,34359738367,494140,17020,7888,9132,108,196529156,195476440,1052716,292,149136,107952,5620,198172692,197685860,486832,8,62720,77324,844,198172692,197095796,1076896,24,367940,353196,4676,198134264,197572608,561656,1340,96244,72880,2828
2026-08-30T20:35:30.960439,791008804,787826992,785676040,1668,676696,611352,13984,34359738367,494124,17020,7888,9132,108,196529156,195477208,1051948,292,148940,107952,5152,198172692,197685860,486832,8,62796,77324,844,198172692,197091732,1080960,24,368148,353196,4676,198134264,197572192,562072,1344,96812,72880,3312
2026-08-30T20:35:31.961674,791008804,787827280,785676340,1672,676708,611352,13984,34359738367,494108,17020,7888,9132,108,196529156,195477368,1051788,292,148948,107952,5152,198172692,197685892,486800,8,62800,77324,844,198172692,197091828,1080864,24,368148,353196,4676,198134264,197572192,562072,1348,96812,72880,3312
2026-08-30T20:35:32.962926,791008804,787827848,785676908,644,676708,611352,13984,34359738367,494092,17020,7888,9132,108,196529156,195477608,1051548,292,148948,107952,5152,198172692,197685900,486792,8,62800,77324,844,198172692,197091864,1080828,24,368148,353196,4676,198134264,197572476,561788,320,96812,72880,3312
2026-08-30T20:35:33.964209,791008804,787830388,785679448,128,676204,611352,13984,34359738367,492124,17020,7888,9132,108,196529156,195478020,1051136,20,148948,107952,5152,198172692,197685900,486792,8,62800,77324,844,198172692,197093944,1078748,16,368148,353196,4676,198134264,197572524,561740,84,96308,72880,3312
2026-08-30T20:35:34.965194,791008804,787826584,785675644,140,676684,611352,13984,34359738367,494108,17020,7888,9132,108,196529156,195478484,1050672,28,148852,107952,5136,198172692,197685900,486792,8,62724,77324,844,198172692,197089424,1083268,16,368828,353196,5156,198134264,197572776,561488,88,96280,72880,2848
2026-08-30T20:35:35.966448,791008804,787826868,785675928,124,676708,611352,13984,34359738367,494108,17020,7888,9132,108,196529156,195478484,1050672,28,148860,107952,5136,198172692,197685900,486792,8,62724,77324,844,198172692,197089424,1083268,16,368844,353196,5156,198134264,197573060,561204,72,96280,72880,2848
2026-08-30T20:35:36.967759,791008804,787826980,785676040,128,676708,611352,13984,34359738367,493964,17020,7888,9132,108,196529156,195478484,1050672,28,148860,107952,5136,198172692,197685900,486792,8,62724,77324,844,198172692,197089424,1083268,16,368844,353196,5156,198134264,197573172,561092,76,96280,72880,2848
2026-08-30T20:35:37.968839,791008804,787828816,785677876,132,676708,611352,13984,34359738367,493308,17020,7888,9132,108,196529156,195478800,1050356,28,148860,107952,5136,198172692,197686040,486652,8,62724,77324,844,198172692,197089616,1083076,16,368844,353196,5156,198134264,197574360,559904,80,96280,72880,2848
2026-08-30T20:35:38.969847,791008804,787829484,785678544,140,676676,611352,13972,34359738367,492572,17020,7888,9132,108,196529156,195479088,1050068,28,148856,107952,5136,198172692,197686040,486652,8,62720,77324,844,198172692,197089632,1083060,16,368840,353196,5156,198134264,197574724,559540,88,96260,72880,2836
2026-08-30T20:35:39.970879,791008804,787830044,785679104,140,676124,611352,13952,34359738367,492156,17020,7888,9132,108,196529156,195479440,1049716,28,148852,107952,5136,198172692,197686040,486652,8,62716,77324,844,198172692,197089840,1082852,16,368312,353196,5144,198134264,197574724,559540,88,96244,72880,2828
2026-08-30T20:35:40.972253,791008804,788694956,786322028,564,220968,157472,11292,34359738367,490076,17020,7888,9132,108,196529156,195624912,904244,4,51788,49016,5020,198172692,197776704,395988,0,8268,28820,792,198172692,197604464,568228,8,131720,70368,2796,198134264,197688876,445388,552,29192,9268,2684
2026-08-30T20:35:41.973851,791008804,788594604,786253276,680,258144,186788,11272,34359738367,492060,17020,7888,9132,108,196529156,195625532,903624,12,51764,49344,4748,198172692,197776924,395768,0,8400,28820,528,198172692,197502612,670080,4,168664,99356,3580,198134264,197689536,444728,664,29316,9268,2416
2026-08-30T20:35:42.974834,791008804,788507984,786189676,680,299336,205404,11268,34359738367,492060,17020,7888,9132,108,196529156,195625784,903372,12,51808,48972,4748,198172692,197777192,395500,0,8456,28820,528,198172692,197415188,757504,4,209684,118344,3576,198134264,197689820,444444,664,29388,9268,2416
2026-08-30T20:35:43.975963,791008804,788296472,786059504,656,371356,386884,12600,34359738367,493996,17020,7888,9132,108,196529156,195620524,908632,0,51972,52680,4804,198172692,197767892,404800,0,8572,36232,596,198172692,197237324,935368,4,281228,275424,4656,198134264,197670732,463532,652,29584,22548,2544
2026-08-30T20:35:45.027456,791008804,787967428,785917808,664,372880,586236,15948,34359738367,493996,17020,7888,9132,108,196529156,195546828,982328,0,52320,96996,5476,198172692,197682256,490436,0,8944,84404,1344,198172692,197176600,996092,4,281704,314212,5376,198134264,197560736,573528,660,29912,90624,3752
2026-08-30T20:35:46.028453,791008804,787626212,785753520,664,373104,801828,16596,34359738367,493996,17020,7888,9132,108,196529156,195467280,1061876,0,52360,145544,5616,198172692,197599424,573268,0,8988,136820,1500,198172692,197102784,1069908,4,281760,360384,5480,198134264,197456724,677540,660,29996,159080,4000
2026-08-30T20:35:47.029684,791008804,787275284,785579960,664,373376,1061556,16604,34359738367,493996,17020,7888,9132,108,196529156,195390300,1138856,0,52436,203304,5616,198172692,197510368,662324,0,9060,202216,1504,198172692,197023508,1149184,4,281812,417276,5480,198134264,197351108,783156,660,30068,238760,4004
2026-08-30T20:35:48.030931,791008804,786929892,785424544,668,373452,1422496,16604,34359738367,493996,17020,7888,9132,108,196529156,195314632,1214524,0,52448,280028,5616,198172692,197421040,751652,0,9080,292884,1504,198172692,196947312,1225380,4,281840,493956,5480,198134264,197246404,887860,664,30084,356636,4004
2026-08-30T20:35:49.036442,791008804,786579256,785399876,680,376020,2125144,16604,34359738367,494028,17020,7888,9132,108,196529156,195229196,1299960,12,52756,444088,5616,198172692,197331144,841548,0,9960,472664,1504,198172692,196876260,1296432,4,282708,643520,5480,198134264,197141648,992616,664,30596,564872,4004
2026-08-30T20:35:50.037741,791008804,786488696,785336188,696,447388,2227644,16604,34359738367,493532,17020,7888,9132,108,196529156,195209980,1319176,12,70276,467092,5616,198172692,197309144,863548,4,26968,499468,1504,198172692,196851064,1321628,8,300224,666944,5480,198134264,197118508,1015756,672,49920,594140,4004
2026-08-30T20:35:51.038832,791008804,786487488,785335016,700,447672,2228712,16604,34359738367,493964,17020,7888,9132,108,196529156,195210268,1318888,12,70360,467612,5616,198172692,197309396,863296,4,27248,499588,1504,198172692,196849064,1323628,8,300184,667236,5480,198134264,197118760,1015504,676,49880,594276,4004
2026-08-30T20:35:52.039865,791008804,786471348,785319052,700,447876,2228712,16604,34359738367,493772,17020,7888,9132,108,196529156,195210080,1319076,12,70476,467612,5616,198172692,197301072,871620,4,27864,499588,1504,198172692,196845532,1327160,8,295440,667236,5480,198134264,197114664,1019600,676,54096,594276,4004
2026-08-30T20:35:53.040957,791008804,786473732,785321436,700,447512,2228712,16604,34359738367,492812,17020,7888,9132,108,196529156,195210176,1318980,12,70432,467612,5616,198172692,197299476,873216,4,27868,499588,1744,198172692,196848864,1323828,8,295168,667236,5236,198134264,197115216,1019048,676,54044,594276,4008
2026-08-30T20:35:54.044453,791008804,786467284,785314996,704,447640,2228712,16592,34359738367,494156,17020,7888,9132,108,196529156,195211196,1317960,12,70452,467612,5616,198172692,197299692,873000,4,27640,499588,1504,198172692,196845800,1326892,8,295488,667236,5468,198134264,197110596,1023668,680,54060,594276,4004
2026-08-30T20:35:55.046047,791008804,786436964,785284684,720,448160,2228712,16604,34359738367,493484,17020,7888,9132,108,196529156,195199924,1329232,12,79604,467612,5616,198172692,197297200,875492,4,27864,499588,1504,198172692,196841864,1330828,8,281256,667236,5000,198134264,197097976,1036288,696,59436,594276,4484
2026-08-30T20:35:56.048449,791008804,786432764,785280484,728,447824,2228712,16604,34359738367,494156,17020,7888,9132,108,196529156,195199676,1329480,20,79668,467612,5616,198172692,197298536,874156,4,28592,499588,1504,198172692,196842604,1330088,8,281024,667236,5472,198134264,197091948,1042316,696,58540,594276,4012
2026-08-30T20:35:57.049848,791008804,786434716,785282436,728,448452,2228712,17088,34359738367,492908,17020,7888,9132,108,196529156,195199780,1329376,20,79976,467612,5616,198172692,197298680,874012,4,28720,499588,1504,198172692,196844564,1328128,8,279344,667236,5484,198134264,197091692,1042572,696,60412,594276,4484
2026-08-30T20:35:58.050888,791008804,786441948,785289684,736,444480,2228712,16612,34359738367,492220,17020,7888,9132,108,196529156,195198752,1330404,20,82916,467612,5616,198172692,197292684,880008,4,39896,499588,1520,198172692,196854052,1318640,8,265836,667236,5472,198134264,197096460,1037804,704,57968,594276,4004
2026-08-30T20:35:59.051859,791008804,786440212,785287952,736,447084,2228712,16604,34359738367,492316,17020,7888,9132,108,196529156,195200556,1328600,20,83064,467612,5616,198172692,197284540,888152,4,44212,499588,1988,198172692,196856156,1316536,8,263468,667236,4996,198134264,197098960,1035304,704,56340,594276,4004
2026-08-30T20:36:00.052979,791008804,786440704,785288444,736,447600,2228712,16604,34359738367,493644,17020,7888,9132,108,196529156,195200848,1328308,20,82732,467612,5616,198172692,197284972,887720,4,43584,499588,1516,198172692,196853800,1318892,8,264376,667236,5468,198134264,197101084,1033180,704,56908,594276,4004
2026-08-30T20:36:01.053981,791008804,786452236,785299976,740,448108,2228712,16604,34359738367,492620,17020,7888,9132,108,196529156,195202204,1326952,20,82720,467612,5616,198172692,197286780,885912,4,43552,499588,1504,198172692,196860008,1312684,8,264928,667236,5480,198134264,197103244,1031020,708,56908,594276,4004
2026-08-30T20:36:02.054985,791008804,786441396,785289656,740,447596,2228712,16604,34359738367,494108,17020,7888,9132,108,196529156,195202484,1326672,20,80628,467612,5616,198172692,197278924,893768,4,47472,499588,1504,198172692,196853628,1319064,8,264660,667236,5480,198134264,197106360,1027904,708,54836,594276,4004
2026-08-30T20:36:03.056456,791008804,786443604,785291988,740,448308,2228712,16604,34359738367,494124,17020,7888,9132,108,196529156,195202564,1326592,20,80672,467612,5616,198172692,197279680,893012,4,48032,499588,1728,198172692,196855104,1317588,8,264592,667236,5188,198134264,197106256,1028008,708,55012,594276,4072
2026-08-30T20:36:04.057861,791008804,786444784,785293168,752,447988,2228712,16604,34359738367,493404,17020,7888,9132,108,196529156,195204668,1324488,20,80708,467612,5616,198172692,197279944,892748,4,47712,499588,1516,198172692,196853916,1318776,8,264648,667236,4988,198134264,197106256,1028008,720,54920,594276,4484
2026-08-30T20:36:05.058840,791008804,786440512,785288896,752,448408,2228712,16604,34359738367,493708,17020,7888,9132,108,196529156,195205204,1323952,20,76524,467612,5616,198172692,197259948,912744,4,63268,499588,1504,198172692,196868588,1304104,8,253752,667236,5472,198134264,197106772,1027492,720,54864,594276,4012
2026-08-30T20:36:06.059943,791008804,786440736,785289232,760,447836,2228712,16604,34359738367,493308,17020,7888,9132,108,196529156,195205588,1323568,20,76528,467612,5616,198172692,197257592,915100,4,63452,499588,1984,198172692,196870172,1302520,8,253088,667236,5000,198134264,197107384,1026880,728,54768,594276,4004
2026-08-30T20:36:07.061034,791008804,786440744,785289240,764,447912,2228712,16604,34359738367,493340,17020,7888,9132,108,196529156,195206020,1323136,20,76516,467612,5616,198172692,197254896,917796,4,63600,499588,1996,198172692,196871204,1301488,8,253032,667236,4988,198134264,197108624,1025640,732,54764,594276,4004
2026-08-30T20:36:08.062049,791008804,786442796,785291292,764,448452,2228712,16636,34359738367,493452,17020,7888,9132,108,196529156,195206336,1322820,20,76404,467612,5616,198172692,197253596,919096,4,64336,499588,1996,198172692,196873784,1298908,8,253032,667236,5020,198134264,197109080,1025184,732,54680,594276,4004
2026-08-30T20:36:09.063341,791008804,786445400,785294000,772,447952,2228712,16124,34359738367,493420,17020,7888,9132,108,196529156,195206660,1322496,20,76168,467612,5616,198172692,197253592,919100,4,64524,499588,1504,198172692,196875768,1296924,16,252820,667236,5000,198134264,197109380,1024884,732,54440,594276,4004
2026-08-30T20:36:10.064557,791008804,786445104,785293704,776,447816,2228712,16604,34359738367,494092,17020,7888,9132,108,196529156,195206916,1322240,20,76208,467612,5616,198172692,197252420,920272,4,64252,499588,1984,198172692,196875876,1296816,16,252868,667236,5000,198134264,197109892,1024372,736,54488,594276,4004
2026-08-30T20:36:11.065758,791008804,786449820,785298420,780,447888,2228712,16604,34359738367,494156,17020,7888,9132,108,196529156,195211412,1317744,20,76188,467612,5616,198172692,197246844,925848,4,66520,499588,1996,198172692,196881244,1291448,16,250716,667236,4988,198134264,197110320,1023944,740,54464,594276,4004
2026-08-30T20:36:12.067032,791008804,786450104,785298732,780,448148,2228712,16604,34359738367,494204,17020,7888,9132,108,196529156,195211592,1317564,20,76168,467612,5616,198172692,197246908,925784,4,65828,499588,1996,198172692,196878760,1293932,16,251724,667236,4988,198134264,197112844,1021420,740,54428,594276,4004
2026-08-30T20:36:13.068324,791008804,786450140,785298820,784,447584,2228712,16604,34359738367,494204,17020,7888,9132,108,196529156,195211848,1317308,20,76148,467612,5616,198172692,197246004,926688,4,69428,499588,1996,198172692,196879160,1293532,16,247612,667236,4988,198134264,197113128,1021136,744,54396,594276,4004
2026-08-30T20:36:14.069663,791008804,786455336,785304016,84,447696,2228712,16604,34359738367,492332,17020,7888,9132,108,196529156,195212160,1316996,20,76112,467612,5616,198172692,197247624,925068,0,69632,499588,1996,198172692,196882124,1290568,8,247588,667236,4988,198134264,197113428,1020836,56,54364,594276,4004
2026-08-30T20:36:15.071047,791008804,786457536,785306216,72,447708,2228712,16604,34359738367,494188,17020,7888,9132,108,196529156,195212704,1316452,20,76136,467612,5616,198172692,197247604,925088,0,69304,499588,1756,198172692,196883728,1288964,8,247868,667236,5228,198134264,197113500,1020764,44,54400,594276,4004
2026-08-30T20:36:16.072655,791008804,786445672,785294352,84,447920,2228712,16604,34359738367,493532,17020,7888,9132,108,196529156,195212752,1316404,28,78248,467612,5616,198172692,197245204,927488,0,65452,499588,1504,198172692,196878004,1294688,8,247704,667236,5480,198134264,197109712,1024552,48,56516,594276,4004
2026-08-30T20:36:17.073664,791008804,786449740,785298420,108,447832,2228712,16608,34359738367,494124,17020,7888,9132,108,196529156,195213084,1316072,32,78112,467612,5616,198172692,197245388,927304,4,65768,499588,1996,198172692,196881292,1291400,8,247588,667236,4992,198134264,197109976,1024288,64,56364,594276,4004
2026-08-30T20:36:18.074921,791008804,786452536,785301216,108,447752,2228712,16604,34359738367,494140,17020,7888,9132,108,196529156,195213596,1315560,32,78168,467612,5616,198172692,197244656,928036,4,65544,499588,1996,198172692,196884212,1288480,8,247628,667236,4988,198134264,197110072,1024192,64,56412,594276,4004
2026-08-30T20:36:19.076280,791008804,786457880,785306560,116,447788,2228712,16604,34359738367,494108,17020,7888,9132,108,196529156,195213596,1315560,32,78236,467612,5656,198172692,197245176,927516,4,65464,499588,1956,198172692,196888640,1284052,8,247660,667236,4988,198134264,197110468,1023796,72,56428,594276,4004
2026-08-30T20:36:20.077674,791008804,786460844,785309532,64,447740,2228712,16596,34359738367,494156,17020,7888,9132,108,196529156,195213928,1315228,4,78152,467612,5620,198172692,197245352,927340,4,65584,499588,1984,198172692,196890804,1281888,0,247628,667236,4988,198134264,197110760,1023504,56,56376,594276,4004
2026-08-30T20:36:21.079045,791008804,786461816,785310504,64,447880,2228712,16604,34359738367,494076,17020,7888,9132,108,196529156,195214448,1314708,4,78068,467612,5616,198172692,197243612,929080,4,65932,499588,1996,198172692,196892964,1279728,0,247576,667236,4988,198134264,197110792,1023472,56,56304,594276,4004
2026-08-30T20:36:22.080082,791008804,786457112,785305800,64,448984,2228712,16568,34359738367,494156,17020,7888,9132,108,196529156,195214544,1314612,4,78088,467612,5616,198172692,197238168,934524,4,66916,499588,1960,198172692,196893356,1279336,0,247628,667236,4988,198134264,197111044,1023220,56,56352,594276,4004
2026-08-30T20:36:23.081459,791008804,786455332,785304064,96,447932,2228712,16604,34359738367,494124,17020,7888,9132,108,196529156,195214676,1314480,8,77776,467612,5616,198172692,197248168,924524,4,51512,499588,1996,198172692,196881172,1291520,8,262744,667236,4988,198134264,197111316,1022948,76,55900,594276,4004
2026-08-30T20:36:24.082773,791008804,786460872,785309604,112,447900,2228712,16604,34359738367,494140,17020,7888,9132,108,196529156,195215224,1313932,12,77796,467612,5616,198172692,197253000,919692,4,51620,499588,1516,198172692,196881280,1291412,8,262572,667236,5468,198134264,197111368,1022896,88,55912,594276,4004
2026-08-30T20:36:25.084015,791008804,786461612,785310344,84,447804,2228712,16604,34359738367,494172,17020,7888,9132,108,196529156,195215236,1313920,12,77776,467612,5616,198172692,197253124,919568,4,51776,499588,1988,198172692,196881628,1291064,8,262372,667236,4996,198134264,197111624,1022640,60,55880,594276,4004
2026-08-30T20:36:26.085337,791008804,786464408,785313140,84,447760,2228712,16604,34359738367,494156,17020,7888,9132,108,196529156,195215492,1313664,12,77676,467612,5616,198172692,197252436,920256,4,51992,499588,1996,198172692,196882204,1290488,8,262288,667236,4988,198134264,197114276,1019988,60,55804,594276,4004
2026-08-30T20:36:27.086633,791008804,786461164,785309896,88,447852,2228712,16604,34359738367,494156,17020,7888,9132,108,196529156,195215804,1313352,12,77680,467612,5616,198172692,197241528,931164,4,63096,499588,1996,198172692,196893640,1279052,8,249240,667236,4988,198134264,197110192,1024072,64,57836,594276,4004
2026-08-30T20:36:28.087892,791008804,786461912,785310644,88,447748,2228712,16604,34359738367,494140,17020,7888,9132,108,196529156,195215804,1313352,12,77728,467612,5616,198172692,197243368,929324,4,62836,499588,1996,198172692,196894252,1278440,8,249284,667236,4988,198134264,197108488,1025776,64,57900,594276,4004
2026-08-30T20:36:29.089427,791008804,786458044,785306776,92,447584,2228712,16604,34359738367,493484,17020,7888,9132,108,196529156,195215920,1313236,12,79864,467612,5616,198172692,197238544,934148,4,62652,499588,1608,198172692,196894792,1277900,8,247192,667236,4988,198134264,197108788,1025476,68,57876,594276,4392
2026-08-30T20:36:30.092447,791008804,786458780,785307512,104,447948,2228712,16604,34359738367,494108,17020,7888,9132,108,196529156,195216184,1312972,20,79824,467612,5616,198172692,197242444,930248,4,62860,499588,1984,198172692,196891280,1281412,8,247288,667236,4988,198134264,197108872,1025392,72,57976,594276,4016
2026-08-30T20:36:31.093850,791008804,786457080,785305812,104,447596,2228712,16532,34359738367,493068,17020,7888,9132,108,196529156,195216200,1312956,20,79732,467612,5616,198172692,197240108,932584,4,62744,499588,1548,198172692,196891648,1281044,8,247248,667236,5364,198134264,197109124,1025140,72,57872,594276,4004
2026-08-30T20:36:32.094886,791008804,786453888,785302620,116,448016,2228712,16604,34359738367,494060,17020,7888,9132,108,196529156,195213412,1315744,20,79832,467612,5616,198172692,197238568,934124,4,62868,499588,1984,198172692,196892028,1280664,8,247336,667236,5000,198134264,197109880,1024384,84,57980,594276,4004
2026-08-30T20:36:33.095980,791008804,786448976,785297764,120,448052,2228712,16604,34359738367,494124,17020,7888,9132,108,196529156,195213328,1315828,20,79700,467612,5616,198172692,197236040,936652,4,63092,499588,1996,198172692,196888980,1283712,8,249456,667236,4988,198134264,197110628,1023636,88,55804,594276,4004
2026-08-30T20:36:34.097367,791008804,786437396,785286184,120,448260,2228712,16604,34359738367,494140,17020,7888,9132,108,196529156,195213484,1315672,20,75596,467612,5616,198172692,197226960,945732,4,65248,499588,1996,198172692,196886060,1286632,8,249488,667236,4988,198134264,197110892,1023372,88,57928,594276,4004
2026-08-30T20:36:35.098732,791008804,786444836,785293624,120,448196,2228712,16604,34359738367,493308,17020,7888,9132,108,196529156,195215952,1313204,20,75704,467612,5616,198172692,197231504,941188,4,65180,499588,1996,198172692,196886172,1286520,8,249496,667236,4988,198134264,197111208,1023056,88,57816,594276,4004
2026-08-30T20:36:36.099749,791008804,786452000,785300788,124,448176,2228712,16604,34359738367,493340,17020,7888,9132,108,196529156,195216968,1312188,20,75568,467612,5616,198172692,197232296,940396,4,65540,499588,1996,198172692,196889140,1283552,8,249412,667236,4988,198134264,197113596,1020668,92,57656,594276,4004
2026-08-30T20:36:37.100809,791008804,786454712,785303500,136,448140,2228712,16604,34359738367,493548,17020,7888,9132,108,196529156,195216988,1312168,28,75620,467612,5616,198172692,197233920,938772,4,65356,499588,1996,198172692,196889944,1282748,8,249448,667236,4988,198134264,197113860,1020404,96,57716,594276,4004
2026-08-30T20:36:38.101824,791008804,786456040,785304828,136,448104,2228712,16604,34359738367,494156,17020,7888,9132,108,196529156,195217276,1311880,28,75544,467612,5616,198172692,197232012,940680,4,65556,499588,1996,198172692,196892380,1280312,8,249364,667236,4988,198134264,197114372,1019892,96,57640,594276,4004
2026-08-30T20:36:39.104454,791008804,786454756,785303544,140,447728,2228712,16228,34359738367,494124,17020,7888,9132,108,196529156,195217408,1311748,28,75576,467612,5616,198172692,197233960,938732,4,65104,499588,1620,198172692,196892904,1279788,8,249388,667236,4988,198134264,197110484,1023780,100,57660,594276,4004
2026-08-30T20:36:40.105918,791008804,786456324,785305112,140,448276,2228712,16604,34359738367,492940,17020,7888,9132,108,196529156,195217472,1311684,28,75576,467612,5616,198172692,197235008,937684,4,65572,499588,1984,198172692,196893472,1279220,8,249392,667236,4988,198134264,197110372,1023892,100,57736,594276,4016
2026-08-30T20:36:41.106945,791008804,786455088,785303876,140,448300,2228712,16604,34359738367,493100,17020,7888,9132,108,196529156,195217580,1311576,28,75564,467612,5616,198172692,197233248,939444,4,65640,499588,1996,198172692,196893568,1279124,8,249384,667236,4988,198134264,197110692,1023572,100,57712,594276,4004
2026-08-30T20:36:42.107966,791008804,786459468,785308256,140,448324,2228712,16604,34359738367,492972,17020,7888,9132,108,196529156,195217676,1311480,28,75624,467612,5616,198172692,197234660,938032,4,65476,499588,1996,198172692,196896440,1276252,8,249460,667236,4988,198134264,197110692,1023572,100,57764,594276,4004
2026-08-30T20:36:43.109016,791008804,786458280,785307088,152,448408,2228712,16120,34359738367,494124,17020,7888,9132,108,196529156,195217876,1311280,36,75620,467612,5616,198172692,197233976,938716,4,65544,499588,1504,198172692,196894516,1278176,8,249464,667236,4988,198134264,197111912,1022352,104,57780,594276,4012
2026-08-30T20:36:44.110309,791008804,786460284,785309124,152,448484,2228712,16604,34359738367,492236,17020,7888,9132,108,196529156,195217972,1311184,36,75572,467612,5616,198172692,197235564,937128,4,65824,499588,1984,198172692,196894152,1278540,8,249412,667236,5000,198134264,197112596,1021668,104,57676,594276,4004
2026-08-30T20:36:45.111649,791008804,786457384,785306224,160,447968,2228712,16604,34359738367,494156,17020,7888,9132,108,196529156,195218008,1311148,36,75576,467612,5616,198172692,197231688,941004,4,65280,499588,1996,198172692,196895024,1277668,8,249376,667236,4988,198134264,197112664,1021600,112,57736,594276,4004
2026-08-30T20:36:46.112793,791008804,786459400,785308240,160,448044,2228712,16604,34359738367,494140,17020,7888,9132,108,196529156,195218008,1311148,36,75576,467612,5616,198172692,197232692,940000,4,65348,499588,1996,198172692,196895408,1277284,8,249376,667236,4988,198134264,197113292,1020972,112,57744,594276,4004
2026-08-30T20:36:47.114095,791008804,786457280,785306120,164,448188,2228712,16604,34359738367,494108,17020,7888,9132,108,196529156,195218068,1311088,36,75612,467612,5616,198172692,197229116,943576,4,65408,499588,1996,198172692,196896496,1276196,8,249412,667236,4988,198134264,197113600,1020664,116,57756,594276,4004
2026-08-30T20:36:48.115386,791008804,786457164,785306012,116,448128,2228712,16604,34359738367,494140,17020,7888,9132,108,196529156,195218072,1311084,28,75584,467612,5616,198172692,197228100,944592,0,65444,499588,1996,198172692,196897084,1275608,4,249364,667236,4988,198134264,197113908,1020356,84,57736,594276,4004
2026-08-30T20:36:49.120436,791008804,786461444,785310292,116,448100,2228712,16604,34359738367,494156,17020,7888,9132,108,196529156,195218136,1311020,28,75516,467612,5616,198172692,197231512,941180,0,65080,499588,1516,198172692,196899544,1273148,4,249284,667236,4988,198134264,197112252,1022012,84,58220,594276,4484
2026-08-30T20:36:50.121831,791008804,786459364,785308212,132,447684,2228712,16544,34359738367,494156,17020,7888,9132,108,196529156,195218168,1310988,36,75516,467612,5616,198172692,197228884,943808,0,65128,499588,1508,198172692,196899676,1273016,4,249288,667236,4988,198134264,197112636,1021628,92,57752,594276,4432
2026-08-30T20:36:51.123114,791008804,786457576,785306432,80,448224,2228712,16604,34359738367,493436,17020,7888,9132,108,196529156,195218176,1310980,36,75604,467612,5616,198172692,197229940,942752,0,61304,499588,1988,198172692,196900592,1272100,4,249376,667236,4988,198134264,197108868,1025396,40,61940,594276,4012
2026-08-30T20:36:52.124446,791008804,786456612,785305468,80,448276,2228712,16604,34359738367,492700,17020,7888,9132,108,196529156,195218188,1310968,36,75620,467612,5616,198172692,197232812,939880,0,61344,499588,1996,198172692,196900688,1272004,4,247324,667236,4988,198134264,197104924,1029340,40,63988,594276,4004
2026-08-30T20:36:53.128439,791008804,786451132,785300008,80,447744,2228712,16504,34359738367,494092,17020,7888,9132,108,196529156,195216188,1312968,36,75620,467612,5616,198172692,197241512,931180,0,49552,499588,1896,198172692,196896624,1276068,0,247544,667236,4988,198134264,197096808,1037456,44,75028,594276,4004
2026-08-30T20:36:54.129840,791008804,786450472,785299356,80,448268,2228712,16604,34359738367,494012,17020,7888,9132,108,196529156,195215860,1313296,36,75512,467612,5616,198172692,197234576,938116,0,50176,499588,1996,198172692,196901288,1271404,0,247460,667236,4988,198134264,197098748,1035516,44,75120,594276,4004
2026-08-30T20:36:55.132437,791008804,786449700,785298584,68,447824,2228712,16120,34359738367,494140,17020,7888,9132,108,196529156,195215892,1313264,8,75560,467612,5616,198172692,197236192,936500,4,49608,499588,1512,198172692,196898856,1273836,4,247492,667236,4988,198134264,197098760,1035504,52,75164,594276,4004
2026-08-30T20:36:56.133838,791008804,786441564,785290448,68,448576,2228712,16604,34359738367,493052,17020,7888,9132,108,196529156,195216440,1312716,8,75660,467612,5616,198172692,197245676,927016,4,39276,499588,1512,198172692,196899288,1273404,4,245448,667236,5472,198134264,197080160,1054104,52,88192,594276,4004
2026-08-30T20:36:57.134950,791008804,786441712,785290596,84,448408,2228712,16604,34359738367,492460,17020,7888,9132,108,196529156,195217036,1312120,20,75604,467612,5616,198172692,197247912,924780,4,39276,499588,1504,198172692,196896332,1276360,4,246204,667236,5000,198134264,197080432,1053832,56,87324,594276,4484
2026-08-30T20:36:58.135969,791008804,786436532,785285416,92,447988,2228712,16604,34359738367,492188,17020,7888,9132,108,196529156,195217036,1312120,20,75560,467612,5616,198172692,197251316,921376,4,39216,499588,1504,198172692,196896388,1276304,4,245848,667236,5000,198134264,197072016,1062248,64,87384,594276,4484
2026-08-30T20:36:59.136983,791008804,786432084,785280968,92,449196,2228712,16604,34359738367,494108,17020,7888,9132,108,196529156,195217340,1311816,20,75652,467612,5616,198172692,197248112,924580,4,37580,499588,1876,198172692,196898416,1274276,4,245916,667236,4988,198134264,197068216,1066048,64,90048,594276,4124
2026-08-30T20:37:00.140434,791008804,786432468,785281352,96,448332,2228712,16604,34359738367,493452,17020,7888,9132,108,196529156,195217404,1311752,20,75628,467612,5616,198172692,197248988,923704,4,36688,499588,1516,198172692,196899608,1273084,4,245896,667236,4988,198134264,197066468,1067796,68,90120,594276,4484
2026-08-30T20:37:01.141743,791008804,786433576,785282496,104,448376,2228712,16580,34359738367,493164,17020,7888,9132,108,196529156,195217816,1311340,20,75556,467612,5616,198172692,197252260,920432,4,36516,499588,1504,198172692,196900100,1272592,4,245800,667236,4988,198134264,197063400,1070864,76,90504,594276,4472
2026-08-30T20:37:02.144429,791008804,786430676,785279596,104,448168,2228712,16372,34359738367,492956,17020,7888,9132,108,196529156,195217880,1311276,20,75552,467612,5616,198172692,197252996,919696,4,36488,499588,1504,198172692,196900032,1272660,4,241360,667236,4988,198134264,197059768,1074496,76,94768,594276,4264
2026-08-30T20:37:03.145733,791008804,786432848,785281788,112,448856,2228712,16572,34359738367,492940,17020,7888,9132,108,196529156,195217884,1311272,20,75624,467612,5616,198172692,197254124,918568,4,36488,499588,1504,198172692,196902096,1270596,4,241804,667236,5220,198134264,197058744,1075520,84,94940,594276,4232
2026-08-30T20:37:04.146836,791008804,786435612,785284564,120,448408,2228712,16604,34359738367,492668,17020,7888,9132,108,196529156,195217888,1311268,28,75612,467612,5616,198172692,197254540,918152,4,36480,499588,1504,198172692,196904592,1268100,4,241572,667236,5000,198134264,197058592,1075672,84,94744,594276,4484
2026-08-30T20:37:05.147900,791008804,786433324,785282276,120,448416,2228712,16596,34359738367,492476,17020,7888,9132,108,196529156,195213544,1315612,28,77652,467612,5616,198172692,197257348,915344,4,36412,499588,1504,198172692,196905360,1267332,4,241544,667236,4988,198134264,197057072,1077192,84,92808,594276,4488
2026-08-30T20:37:06.152436,791008804,786426424,785275384,100,448056,2228712,16868,34359738367,494188,17020,7888,9132,108,196529156,195213292,1315864,28,77556,467612,5616,198172692,197257592,915100,4,36236,499588,1504,198172692,196906016,1266676,4,239420,667236,4988,198134264,197049524,1084740,64,94844,594276,4760
2026-08-30T20:37:07.156442,791008804,786427228,785276188,100,448332,2228712,16604,34359738367,494156,17020,7888,9132,108,196529156,195213440,1315716,28,77640,467612,5616,198172692,197257852,914840,4,34200,499588,1504,198172692,196908784,1263908,4,239500,667236,4988,198134264,197047152,1087112,64,96992,594276,4496
2026-08-30T20:37:08.157751,791008804,786428344,785277304,100,448260,2228712,16604,34359738367,494108,17020,7888,9132,108,196529156,195211980,1317176,28,77748,467612,5616,198172692,197258040,914652,4,34064,499588,1504,198172692,196908976,1263716,4,239512,667236,4988,198134264,197049348,1084916,64,96936,594276,4496
2026-08-30T20:37:09.160432,791008804,786428816,785277776,104,448192,2228712,16604,34359738367,493804,17020,7888,9132,108,196529156,195211856,1317300,28,77796,467612,6096,198172692,197258136,914556,4,34016,499588,1504,198172692,196911772,1260920,4,239512,667236,4988,198134264,197047052,1087212,68,96868,594276,4016
2026-08-30T20:37:10.161773,791008804,786431676,785280636,116,448368,2228712,16604,34359738367,494044,17020,7888,9132,108,196529156,195211860,1317296,28,77628,467612,5616,198172692,197259572,913120,4,34492,499588,1984,198172692,196912184,1260508,4,239492,667236,4988,198134264,197048060,1086204,80,96756,594276,4016
2026-08-30T20:37:11.168436,791008804,786428484,785277444,124,448000,2228712,16604,34359738367,494124,17020,7888,9132,108,196529156,195207932,1321224,36,79820,467612,5616,198172692,197261992,910700,4,34088,499588,1984,198172692,196912252,1260440,4,239580,667236,4988,198134264,197046308,1087956,80,94512,594276,4016
2026-08-30T20:37:12.169822,791008804,786424236,785273196,124,448276,2228712,16604,34359738367,494076,17020,7888,9132,108,196529156,195208932,1320224,36,79792,467612,5616,198172692,197257680,915012,4,38360,499588,1732,198172692,196912788,1259904,4,239508,667236,4988,198134264,197044836,1089428,80,90616,594276,4268
2026-08-30T20:37:13.176437,791008804,786417340,785266328,128,450236,2228712,16604,34359738367,493964,17020,7888,9132,108,196529156,195204772,1324384,36,79572,467612,5616,198172692,197257780,914912,4,38040,499588,1504,198172692,196912824,1259868,4,239432,667236,4988,198134264,197041964,1092300,84,93192,594276,4496
2026-08-30T20:37:14.180433,791008804,786427392,785276396,128,450292,2228712,16604,34359738367,493388,17020,7888,9132,108,196529156,195207012,1322144,36,79604,467612,5616,198172692,197259716,912976,4,38048,499588,1504,198172692,196912844,1259848,4,239452,667236,4988,198134264,197047820,1086444,84,93188,594276,4496
2026-08-30T20:37:15.181710,791008804,786424512,785273516,128,450256,2228712,16604,34359738367,493404,17020,7888,9132,108,196529156,195207328,1321828,36,77504,467612,5616,198172692,197260084,912608,4,35984,499588,1504,198172692,196913100,1259592,4,239420,667236,4988,198134264,197044000,1090264,84,97348,594276,4496
2026-08-30T20:37:16.184428,791008804,786429316,785278320,136,449888,2228712,16120,34359738367,493164,17020,7888,9132,108,196529156,195211524,1317632,36,77528,467612,5616,198172692,197260528,912164,4,35984,499588,1504,198172692,196913136,1259556,4,239444,667236,4988,198134264,197044128,1090136,92,96932,594276,4012
2026-08-30T20:37:17.185733,791008804,786429964,785278968,136,450368,2228712,16592,34359738367,492828,17020,7888,9132,108,196529156,195213576,1315580,36,77512,467612,5616,198172692,197262788,909904,4,33932,499588,1504,198172692,196913228,1259464,4,239444,667236,4988,198134264,197040372,1093892,92,99480,594276,4484
2026-08-30T20:37:18.186788,791008804,786429532,785278536,144,450364,2228712,16604,34359738367,492620,17020,7888,9132,108,196529156,195214008,1315148,44,77496,467612,5616,198172692,197262980,909712,4,33916,499588,1504,198172692,196913560,1259132,4,239428,667236,4988,198134264,197038984,1095280,92,99524,594276,4496
2026-08-30T20:37:19.200440,791008804,786416764,785265768,148,450032,2228712,16604,34359738367,494140,17020,7888,9132,108,196529156,195214040,1315116,44,77580,467612,5616,198172692,197256084,916608,4,38240,499588,1984,198172692,196913568,1259124,4,241548,667236,4988,198134264,197033072,1101192,96,92664,594276,4016
2026-08-30T20:37:20.204443,791008804,786420004,785269008,148,450108,2228712,16604,34359738367,494156,17020,7888,9132,108,196529156,195214052,1315104,44,77472,467612,5616,198172692,197256420,916272,4,38132,499588,1504,198172692,196913604,1259088,4,241452,667236,4988,198134264,197035928,1098336,96,93052,594276,4496
2026-08-30T20:37:21.205796,791008804,786415496,785264500,96,450224,2228712,16604,34359738367,494140,17020,7888,9132,108,196529156,195205428,1323728,36,78016,467612,6100,198172692,197256500,916192,0,38180,499588,1504,198172692,196913956,1258736,0,241480,667236,4988,198134264,197039612,1094652,60,92548,594276,4012
2026-08-30T20:37:22.207175,791008804,786413480,785262496,96,450348,2228712,16604,34359738367,492716,17020,7888,9132,108,196529156,195184052,1345104,36,97392,467612,6108,198172692,197257204,915488,0,38168,499588,1504,198172692,196913988,1258704,0,241476,667236,4988,198134264,197058236,1076028,60,73312,594276,4004
2026-08-30T20:37:23.208363,791008804,786415560,785264576,128,449920,2228712,16604,34359738367,492268,17020,7888,9132,108,196529156,195184276,1344880,40,96816,467612,5624,198172692,197258436,914256,0,38192,499588,1504,198172692,196916180,1256512,0,241508,667236,4988,198134264,197056668,1077596,88,73404,594276,4488
2026-08-30T20:37:24.216436,791008804,786412512,785261572,136,450036,2228712,16604,34359738367,494188,17020,7888,9132,108,196529156,195184580,1344576,48,96820,467612,5616,198172692,197258468,914224,0,38196,499588,1504,198172692,196916224,1256468,0,241492,667236,4988,198134264,197053240,1081024,88,73528,594276,4496
2026-08-30T20:37:25.217817,791008804,786412740,785261800,136,450216,2228712,16604,34359738367,494124,17020,7888,9132,108,196529156,195182112,1347044,48,97308,467612,6096,198172692,197258684,914008,0,38192,499588,1504,198172692,196916240,1256452,0,241496,667236,4988,198134264,197055704,1078560,88,73220,594276,4016
2026-08-30T20:37:26.219223,791008804,786415556,785264616,92,449908,2228712,16120,34359738367,492908,17020,7888,9132,108,196529156,195182672,1346484,48,96832,467612,5624,198172692,197258972,913720,0,38164,499588,1504,198172692,196916240,1256452,0,241500,667236,4988,198134264,197057672,1076592,44,73412,594276,4004
2026-08-30T20:37:27.220301,791008804,786416964,785266040,96,449660,2228712,16216,34359738367,494108,17020,7888,9132,108,196529156,195176088,1353068,48,103200,467612,5720,198172692,197259144,913548,0,38128,499588,1504,198172692,196914228,1258464,0,241472,667236,4988,198134264,197067504,1066760,48,66860,594276,4004
2026-08-30T20:37:28.221593,791008804,786417604,785266680,96,450236,2228712,16604,34359738367,494076,17020,7888,9132,108,196529156,195173880,1355276,48,103448,467612,5736,198172692,197259416,913276,0,38268,499588,1504,198172692,196913932,1258760,0,241612,667236,5360,198134264,197070376,1063888,48,66908,594276,4004
2026-08-30T20:37:29.222838,791008804,786419156,785268232,116,449824,2228712,16120,34359738367,493564,17020,7888,9132,108,196529156,195173976,1355180,52,105352,467612,5624,198172692,197259772,912920,4,42236,499588,1504,198172692,196914044,1258648,0,241512,667236,4988,198134264,197071364,1062900,60,60724,594276,4004
2026-08-30T20:37:30.223881,791008804,786421608,785270684,116,449900,2228712,16232,34359738367,494060,17020,7888,9132,108,196529156,195175276,1353880,52,107456,467612,5736,198172692,197259868,912824,4,40236,499588,1504,198172692,196914044,1258648,0,241576,667236,4988,198134264,197072420,1061844,60,60632,594276,4004
2026-08-30T20:37:31.225061,791008804,786423144,785272220,64,450924,2228712,16604,34359738367,492812,17020,7888,9132,108,196529156,195173492,1355664,0,107828,467612,5736,198172692,197260156,912536,4,40328,499588,1504,198172692,196914860,1257832,0,241752,667236,5052,198134264,197074636,1059628,60,61016,594276,4312
2026-08-30T20:37:32.226102,791008804,786419608,785268692,76,450856,2228712,17080,34359738367,492364,17020,7888,9132,108,196529156,195162988,1366168,8,114624,467612,6580,198172692,197262292,910400,4,38204,499588,1504,198172692,196915320,1257372,0,241612,667236,4988,198134264,197079008,1055256,64,56416,594276,4008
2026-08-30T20:37:33.227365,791008804,786421800,785270884,76,449468,2228712,16124,34359738367,492172,17020,7888,9132,108,196529156,195162856,1366300,8,113792,467612,5628,198172692,197262140,910552,4,38092,499588,1504,198172692,196915320,1257372,0,241508,667236,4988,198134264,197081484,1052780,64,56076,594276,4004
2026-08-30T20:37:34.232443,791008804,786420016,785269112,76,450252,2228712,16604,34359738367,494140,17020,7888,9132,108,196529156,195163628,1365528,8,114016,467612,5628,198172692,197258168,914524,4,38260,499588,1984,198172692,196915496,1257196,0,241700,667236,4988,198134264,197082724,1051540,64,56276,594276,4004
2026-08-30T20:37:35.233851,791008804,786420440,785269548,84,450368,2228712,16604,34359738367,492908,17020,7888,9132,108,196529156,195159288,1369868,8,116316,467612,5616,198172692,197259912,912780,4,36188,499588,1996,198172692,196915796,1256896,4,241660,667236,4988,198134264,197085444,1048820,68,56204,594276,4004
2026-08-30T20:37:36.234882,791008804,786425396,785274504,96,450212,2228712,16596,34359738367,492332,17020,7888,9132,108,196529156,195160816,1368340,8,116532,467612,6092,198172692,197262376,910316,4,36120,499588,1512,198172692,196915936,1256756,4,241572,667236,4988,198134264,197086268,1047996,80,55988,594276,4004
2026-08-30T20:37:37.236012,791008804,786419076,785268184,96,450132,2228712,16604,34359738367,494156,17020,7888,9132,108,196529156,195159452,1369704,8,116120,467612,5616,198172692,197257776,914916,4,36556,499588,1996,198172692,196918016,1254676,4,241564,667236,4988,198134264,197086296,1047968,80,55928,594276,4004
2026-08-30T20:37:38.237478,791008804,786425368,785274476,108,450360,2228712,16604,34359738367,493228,17020,7888,9132,108,196529156,195156528,1372628,20,116812,467612,6096,198172692,197259260,913432,4,36080,499588,1516,198172692,196918500,1254192,4,241544,667236,4988,198134264,197091080,1043184,80,55924,594276,4004
2026-08-30T20:37:39.238519,791008804,786428000,785277108,112,450856,2228712,16604,34359738367,493132,17020,7888,9132,108,196529156,195157720,1371436,20,117128,467612,6096,198172692,197260140,912552,4,36136,499588,1516,198172692,196918564,1254128,4,241620,667236,4988,198134264,197091576,1042688,84,55972,594276,4004
2026-08-30T20:37:40.239550,791008804,786427212,785276320,112,450380,2228712,16604,34359738367,493084,17020,7888,9132,108,196529156,195155804,1373352,20,118724,467612,6108,198172692,197261148,911544,4,36116,499588,1504,198172692,196918644,1254048,4,241624,667236,4988,198134264,197091616,1042648,84,53916,594276,4004
2026-08-30T20:37:41.240582,791008804,786425488,785274604,84,450224,2228712,16604,34359738367,492556,17020,7888,9132,108,196529156,195155140,1374016,20,116536,467612,6108,198172692,197263464,909228,4,36124,499588,1504,198172692,196918704,1253988,4,241600,667236,4988,198134264,197088180,1046084,56,55964,594276,4004
2026-08-30T20:37:42.241627,791008804,786429448,785278564,92,450484,2228712,16604,34359738367,492364,17020,7888,9132,108,196529156,195154524,1374632,20,116988,467612,6108,198172692,197263592,909100,4,38128,499588,1504,198172692,196920756,1251936,4,241560,667236,4988,198134264,197090576,1043688,64,53808,594276,4004
2026-08-30T20:37:43.242749,791008804,786425948,785275064,92,449728,2228712,16392,34359738367,494188,17020,7888,9132,108,196529156,195150420,1378736,20,118320,467612,5896,198172692,197264004,908688,4,36080,499588,1504,198172692,196920756,1251936,4,241540,667236,4988,198134264,197090768,1043496,64,53788,594276,4004
2026-08-30T20:37:44.243877,791008804,786417756,785267416,100,454084,2228712,16604,34359738367,492204,17020,7888,9132,108,196529156,195139652,1389504,20,126212,467612,6108,198172692,197264904,907788,12,36092,499588,1504,198172692,196920504,1252188,4,238004,667236,4988,198134264,197092996,1041268,64,53776,594276,4004
