/usr/bin/time -f '%e %U %S' -o /tmp/app-repl-numa-benchmarks/results/IntelR_XeonR_Gold_6130_CPU_@_2.10GHz_X86_64/rocksdb/outputs/imbalanced-multireadrandom/benchmark_multireadrandom.t128.log.time timeout 660 ./db_bench --benchmarks=multireadrandom,stats --use_existing_db=1 --threads=128 --batch_size=10 --level0_file_num_compaction_trigger=4 --level0_slowdown_writes_trigger=20 --level0_stop_writes_trigger=30 --max_background_jobs=16 --max_write_buffer_number=8 --undefok=use_blob_cache,use_shared_block_and_blob_cache,blob_cache_size,blob_cache_numshardbits,prepopulate_blob_cache,multiread_batched,cache_low_pri_pool_ratio,prepopulate_block_cache --db=/tmp/rocksdb/db --wal_dir=/tmp/rocksdb/wal --num=32000000 --key_size=20 --value_size=400 --block_size=8192 --cache_size=16000000000 --cache_numshardbits=6 --compression_max_dict_bytes=0 --compression_ratio=0.5 --compression_type=none --bytes_per_sync=1048576 --benchmark_write_rate_limit=0 --write_buffer_size=134217728 --target_file_size_base=134217728 --max_bytes_for_level_base=1073741824 --verify_checksum=1 --delete_obsolete_files_period_micros=62914560 --max_bytes_for_level_multiplier=8 --statistics=0 --stats_per_interval=1 --stats_interval_seconds=5 --report_interval_seconds=1 --histogram=1 --memtablerep=skip_list --bloom_bits=10 --open_files=-1 --subcompactions=1 --multiread_batched --mmap_read=1 --disable_auto_compactions=1 --compaction_style=0 --num_levels=8 --min_level_to_compress=-1 --level_compaction_dynamic_level_bytes=true --pin_l0_filter_and_index_blocks_in_cache=1 --duration=60 --seed=1775512727 --report_file=/tmp/app-repl-numa-benchmarks/results/IntelR_XeonR_Gold_6130_CPU_@_2.10GHz_X86_64/rocksdb/outputs/imbalanced-multireadrandom/benchmark_multireadrandom.t128.log.r.csv 2>&1 | tee -a /tmp/app-repl-numa-benchmarks/results/IntelR_XeonR_Gold_6130_CPU_@_2.10GHz_X86_64/rocksdb/outputs/imbalanced-multireadrandom/benchmark_multireadrandom.t128.log
RocksDB:    version 10.5.0
Date:       Mon Apr  6 23:58:47 2026
CPU:        128 * Intel(R) Xeon(R) Gold 6130 CPU @ 2.10GHz
CPUCache:   22528 KB
entries_per_batch = 10
2026/04/06-23:58:52  ... thread 24: (301000,301000) ops and (60190.9,60190.9) ops/second in (5.000752,5.000752) seconds
2026/04/06-23:58:52  ... thread 17: (401000,401000) ops and (80169.2,80169.2) ops/second in (5.001919,5.001919) seconds
2026/04/06-23:58:52  ... thread 21: (286000,286000) ops and (57176.2,57176.2) ops/second in (5.002082,5.002082) seconds
2026/04/06-23:58:52  ... thread 5: (446000,446000) ops and (89153.4,89153.4) ops/second in (5.002613,5.002613) seconds
2026/04/06-23:58:52  ... thread 14: (436000,436000) ops and (87153.4,87153.4) ops/second in (5.002672,5.002672) seconds
2026/04/06-23:58:52  ... thread 78: (460000,460000) ops and (91991.4,91991.4) ops/second in (5.000467,5.000467) seconds
2026/04/06-23:58:52  ... thread 10: (445000,445000) ops and (88940.7,88940.7) ops/second in (5.003333,5.003333) seconds
2026/04/06-23:58:52  ... thread 9: (455000,455000) ops and (90987.9,90987.9) ops/second in (5.000663,5.000663) seconds
2026/04/06-23:58:52  ... thread 12: (299000,299000) ops and (59761.0,59761.0) ops/second in (5.003267,5.003267) seconds
2026/04/06-23:58:52  ... thread 22: (304000,304000) ops and (60781.7,60781.7) ops/second in (5.001502,5.001502) seconds
2026/04/06-23:58:52  ... thread 59: (304000,304000) ops and (60781.3,60781.3) ops/second in (5.001541,5.001541) seconds
2026/04/06-23:58:52  ... thread 39: (302000,302000) ops and (60376.4,60376.4) ops/second in (5.001958,5.001958) seconds
2026/04/06-23:58:52  ... thread 40: (309000,309000) ops and (61772.0,61772.0) ops/second in (5.002269,5.002269) seconds
2026/04/06-23:58:52  ... thread 44: (309000,309000) ops and (61770.1,61770.1) ops/second in (5.002417,5.002417) seconds
2026/04/06-23:58:52  ... thread 61: (305000,305000) ops and (60969.3,60969.3) ops/second in (5.002517,5.002517) seconds
2026/04/06-23:58:52  ... thread 32: (298000,298000) ops and (59566.1,59566.1) ops/second in (5.002847,5.002847) seconds
2026/04/06-23:58:52  ... thread 64: (472000,472000) ops and (94340.5,94340.5) ops/second in (5.003155,5.003155) seconds
2026/04/06-23:58:52  ... thread 52: (493000,493000) ops and (98526.6,98526.6) ops/second in (5.003724,5.003724) seconds
2026/04/06-23:58:52  ... thread 20: (279000,279000) ops and (55725.4,55725.4) ops/second in (5.006696,5.006696) seconds
2026/04/06-23:58:52  ... thread 70: (302000,302000) ops and (60352.0,60352.0) ops/second in (5.003976,5.003976) seconds
2026/04/06-23:58:52  ... thread 1: (428000,428000) ops and (85477.9,85477.9) ops/second in (5.007142,5.007142) seconds
2026/04/06-23:58:52  ... thread 71: (461000,461000) ops and (92121.0,92121.0) ops/second in (5.004286,5.004286) seconds
2026/04/06-23:58:52  ... thread 49: (321000,321000) ops and (64142.4,64142.4) ops/second in (5.004487,5.004487) seconds
2026/04/06-23:58:52  ... thread 4: (305000,305000) ops and (60950.5,60950.5) ops/second in (5.004057,5.004057) seconds
2026/04/06-23:58:52  ... thread 69: (458000,458000) ops and (91519.8,91519.8) ops/second in (5.004381,5.004381) seconds
2026/04/06-23:58:52  ... thread 37: (302000,302000) ops and (60346.8,60346.8) ops/second in (5.004408,5.004408) seconds
2026/04/06-23:58:52  ... thread 75: (313000,313000) ops and (62553.5,62553.5) ops/second in (5.003717,5.003717) seconds
2026/04/06-23:58:52  ... thread 57: (308000,308000) ops and (61535.8,61535.8) ops/second in (5.005219,5.005219) seconds
2026/04/06-23:58:52  ... thread 18: (350000,350000) ops and (69917.7,69917.7) ops/second in (5.005885,5.005885) seconds
2026/04/06-23:58:52  ... thread 6: (466000,466000) ops and (93082.2,93082.2) ops/second in (5.006326,5.006326) seconds
2026/04/06-23:58:52  ... thread 53: (303000,303000) ops and (60506.1,60506.1) ops/second in (5.007760,5.007760) seconds
2026/04/06-23:58:52  ... thread 65: (306000,306000) ops and (61120.1,61120.1) ops/second in (5.006540,5.006540) seconds
2026/04/06-23:58:52  ... thread 72: (310000,310000) ops and (61917.1,61917.1) ops/second in (5.006694,5.006694) seconds
2026/04/06-23:58:52  ... thread 3: (285000,285000) ops and (56889.0,56889.0) ops/second in (5.009756,5.009756) seconds
2026/04/06-23:58:52  ... thread 33: (464000,464000) ops and (92671.7,92671.7) ops/second in (5.006924,5.006924) seconds
2026/04/06-23:58:52  ... thread 51: (304000,304000) ops and (60712.4,60712.4) ops/second in (5.007212,5.007212) seconds
2026/04/06-23:58:52  ... thread 7: (283000,283000) ops and (56481.6,56481.6) ops/second in (5.010485,5.010485) seconds
2026/04/06-23:58:52  ... thread 38: (304000,304000) ops and (60704.4,60704.4) ops/second in (5.007875,5.007875) seconds
2026/04/06-23:58:52  ... thread 68: (305000,305000) ops and (60917.5,60917.5) ops/second in (5.006775,5.006775) seconds
2026/04/06-23:58:52  ... thread 34: (309000,309000) ops and (61714.8,61714.8) ops/second in (5.006906,5.006906) seconds
2026/04/06-23:58:52  ... thread 58: (299000,299000) ops and (59689.7,59689.7) ops/second in (5.009239,5.009239) seconds
2026/04/06-23:58:52  ... thread 46: (303000,303000) ops and (60494.0,60494.0) ops/second in (5.008758,5.008758) seconds
2026/04/06-23:58:52  ... thread 30: (454000,454000) ops and (90643.7,90643.7) ops/second in (5.008621,5.008621) seconds
2026/04/06-23:58:52  ... thread 27: (308000,308000) ops and (61496.5,61496.5) ops/second in (5.008418,5.008418) seconds
2026/04/06-23:58:52  ... thread 63: (470000,470000) ops and (93834.4,93834.4) ops/second in (5.008825,5.008825) seconds
2026/04/06-23:58:52  ... thread 0: (468000,468000) ops and (93432.3,93432.3) ops/second in (5.008976,5.008976) seconds
2026/04/06-23:58:52  ... thread 36: (466000,466000) ops and (93031.2,93031.2) ops/second in (5.009073,5.009073) seconds
2026/04/06-23:58:52  ... thread 15: (309000,309000) ops and (61686.8,61686.8) ops/second in (5.009172,5.009172) seconds

** Compaction Stats [default] **
Level    Files   Size     Score Read(GB)  Rn(GB) Rnp1(GB) Write(GB) WPreComp(GB) Wnew(GB) Moved(GB) W-Amp Rd(MB/s) Wr(MB/s) Comp(sec) CompMergeCPU(sec) Comp(cnt) Avg(sec) KeyIn KeyDrop Rblob(GB) Wblob(GB)
-------------------------------------------------------------------------------------------------------------------------------------------------------------------------------------------------------------
  L7     65/0      8.08 GB   0.0      0.0     0.0      0.0       0.0       0.0      0.0       0.0   0.0      0.0      0.0      0.00              0.00         0    0.000       0      0       0.0       0.0
 Sum     65/0      8.08 GB   0.0      0.0     0.0      0.0       0.0       0.0      0.0       0.0   0.0      0.0      0.0      0.00              0.00         0    0.000       0      0       0.0       0.0
 Int      0/0      0.00 KB   0.0      0.0     0.0      0.0       0.0       0.0      0.0       0.0   0.0      0.0      0.0      0.00              0.00         0    0.000       0      0       0.0       0.0

** Compaction Stats [default] **
Priority    Files   Size     Score Read(GB)  Rn(GB) Rnp1(GB) Write(GB) WPreComp(GB) Wnew(GB) Moved(GB) W-Amp Rd(MB/s) Wr(MB/s) Comp(sec) CompMergeCPU(sec) Comp(cnt) Avg(sec) KeyIn KeyDrop Rblob(GB) Wblob(GB)
----------------------------------------------------------------------------------------------------------------------------------------------------------------------------------------------------------------

Blob file count: 0, total size: 0.0 GB, garbage size: 0.0 GB, space amp: 0.0

Uptime(secs): 5.1 total, 5.0 interval
Flush(GB): cumulative 0.000, interval 0.000
AddFile(GB): cumulative 0.000, interval 0.000
AddFile(Total Files): cumulative 0, interval 0
AddFile(L0 Files): cumulative 0, interval 0
AddFile(Keys): cumulative 0, interval 0
Cumulative compaction: 0.00 GB write, 0.00 MB/s write, 0.00 GB read, 0.00 MB/s read, 0.0 seconds
Interval compaction: 0.00 GB write, 0.00 MB/s write, 0.00 GB read, 0.00 MB/s read, 0.0 seconds
Estimated pending compaction bytes: 0
Write Stall (count): cf-l0-file-count-limit-delays-with-ongoing-compaction: 0, cf-l0-file-count-limit-stops-with-ongoing-compaction: 0, l0-file-count-limit-delays: 0, l0-file-count-limit-stops: 0, memtable-limit-delays: 0, memtable-limit-stops: 0, pending-compaction-bytes-delays: 0, pending-compaction-bytes-stops: 0, total-delays: 0, total-stops: 0
Block cache LRUCache@0x564429f3a760#71378 capacity: 14.90 GB seed: 1775512727 usage: 0.09 KB table_size: 1024 occupancy: 1 collections: 1 last_copies: 0 last_secs: 0.00016 secs_since: 5
Block cache entry stats(count,size,portion): Misc(1,0.00 KB,0%)

** File Read Latency Histogram By Level [default] **

** DB Stats **
Uptime(secs): 5.1 total, 5.0 interval
Cumulative writes: 0 writes, 0 keys, 0 commit groups, 0.0 writes per commit group, ingest: 0.00 GB, 0.00 MB/s
Cumulative WAL: 0 writes, 0 syncs, 0.00 writes per sync, written: 0.00 GB, 0.00 MB/s
Cumulative stall: 00:00:0.000 H:M:S, 0.0 percent
Interval writes: 0 writes, 0 keys, 0 commit groups, 0.0 writes per commit group, ingest: 0.00 MB, 0.00 MB/s
Interval WAL: 0 writes, 0 syncs, 0.00 writes per sync, written: 0.00 GB, 0.00 MB/s
Interval stall: 00:00:0.000 H:M:S, 0.0 percent
Write Stall (count): write-buffer-manager-limit-stops: 0
num-running-compactions: 0
num-running-flushes: 0

2026/04/06-23:58:52  ... thread 48: (309000,309000) ops and (61671.8,61671.8) ops/second in (5.010395,5.010395) seconds
2026/04/06-23:58:52  ... thread 56: (301000,301000) ops and (60073.2,60073.2) ops/second in (5.010557,5.010557) seconds
2026/04/06-23:58:52  ... thread 85: (300000,300000) ops and (59870.7,59870.7) ops/second in (5.010798,5.010798) seconds
2026/04/06-23:58:52  ... thread 42: (302000,302000) ops and (60265.9,60265.9) ops/second in (5.011128,5.011128) seconds
2026/04/06-23:58:52  ... thread 26: (284000,284000) ops and (56643.7,56643.7) ops/second in (5.013801,5.013801) seconds
2026/04/06-23:58:52  ... thread 2: (307000,307000) ops and (61261.7,61261.7) ops/second in (5.011284,5.011284) seconds
2026/04/06-23:58:52  ... thread 29: (303000,303000) ops and (60459.9,60459.9) ops/second in (5.011589,5.011589) seconds
2026/04/06-23:58:52  ... thread 16: (273000,273000) ops and (54439.5,54439.5) ops/second in (5.014740,5.014740) seconds
2026/04/06-23:58:52  ... thread 23: (303000,303000) ops and (60453.9,60453.9) ops/second in (5.012084,5.012084) seconds
2026/04/06-23:58:52  ... thread 60: (319000,319000) ops and (63641.4,63641.4) ops/second in (5.012458,5.012458) seconds
2026/04/06-23:58:52  ... thread 35: (303000,303000) ops and (60440.9,60440.9) ops/second in (5.013158,5.013158) seconds
2026/04/06-23:58:52  ... thread 41: (304000,304000) ops and (60636.8,60636.8) ops/second in (5.013455,5.013455) seconds
2026/04/06-23:58:52  ... thread 66: (309000,309000) ops and (61635.5,61635.5) ops/second in (5.013348,5.013348) seconds
2026/04/06-23:58:52  ... thread 73: (307000,307000) ops and (61272.3,61272.3) ops/second in (5.010419,5.010419) seconds
2026/04/06-23:58:52  ... thread 54: (307000,307000) ops and (61234.4,61234.4) ops/second in (5.013521,5.013521) seconds
2026/04/06-23:58:52  ... thread 13: (291000,291000) ops and (58011.2,58011.2) ops/second in (5.016274,5.016274) seconds
2026/04/06-23:58:52  ... thread 25: (310000,310000) ops and (61831.9,61831.9) ops/second in (5.013593,5.013593) seconds
2026/04/06-23:58:52  ... thread 19: (286000,286000) ops and (57002.4,57002.4) ops/second in (5.017336,5.017336) seconds
2026/04/06-23:58:52  ... thread 43: (306000,306000) ops and (61020.2,61020.2) ops/second in (5.014733,5.014733) seconds
2026/04/06-23:58:52  ... thread 11: (446000,446000) ops and (88873.4,88873.4) ops/second in (5.018375,5.018375) seconds
2026/04/06-23:58:52  ... thread 47: (279000,279000) ops and (55602.8,55602.8) ops/second in (5.017736,5.017736) seconds
2026/04/06-23:58:52  ... thread 76: (307000,307000) ops and (61390.0,61390.0) ops/second in (5.000817,5.000817) seconds
2026/04/06-23:58:52  ... thread 74: (355000,355000) ops and (70988.7,70988.7) ops/second in (5.000795,5.000795) seconds
2026/04/06-23:58:52  ... thread 45: (300000,300000) ops and (59852.7,59852.7) ops/second in (5.012306,5.012306) seconds
2026/04/06-23:58:52  ... thread 79: (295000,295000) ops and (58802.1,58802.1) ops/second in (5.016829,5.016829) seconds
2026/04/06-23:58:52  ... thread 81: (306000,306000) ops and (61125.9,61125.9) ops/second in (5.006060,5.006060) seconds
2026/04/06-23:58:52  ... thread 50: (465000,465000) ops and (92927.4,92927.4) ops/second in (5.003906,5.003906) seconds
2026/04/06-23:58:52  ... thread 80: (461000,461000) ops and (92194.4,92194.4) ops/second in (5.000302,5.000302) seconds
2026/04/06-23:58:52  ... thread 93: (464000,464000) ops and (92784.1,92784.1) ops/second in (5.000857,5.000857) seconds
2026/04/06-23:58:52  ... thread 101: (321000,321000) ops and (64189.6,64189.6) ops/second in (5.000812,5.000812) seconds
2026/04/06-23:58:52  ... thread 84: (304000,304000) ops and (60779.4,60779.4) ops/second in (5.001692,5.001692) seconds
2026/04/06-23:58:52  ... thread 31: (305000,305000) ops and (60923.8,60923.8) ops/second in (5.006255,5.006255) seconds
2026/04/06-23:58:52  ... thread 99: (307000,307000) ops and (61362.9,61362.9) ops/second in (5.003026,5.003026) seconds
2026/04/06-23:58:52  ... thread 55: (304000,304000) ops and (60735.4,60735.4) ops/second in (5.005315,5.005315) seconds
2026/04/06-23:58:52  ... thread 104: (297000,297000) ops and (59380.9,59380.9) ops/second in (5.001610,5.001610) seconds
2026/04/06-23:58:52  ... thread 62: (295000,295000) ops and (58901.5,58901.5) ops/second in (5.008363,5.008363) seconds
2026/04/06-23:58:52  ... thread 67: (306000,306000) ops and (61100.8,61100.8) ops/second in (5.008115,5.008115) seconds
2026/04/06-23:58:52  ... thread 28: (278000,278000) ops and (55508.8,55508.8) ops/second in (5.008218,5.008218) seconds
2026/04/06-23:58:52  ... thread 109: (461000,461000) ops and (92174.8,92174.8) ops/second in (5.001369,5.001369) seconds
2026/04/06-23:58:52  ... thread 83: (305000,305000) ops and (60803.7,60803.7) ops/second in (5.016143,5.016143) seconds
2026/04/06-23:58:52  ... thread 102: (454000,454000) ops and (90697.6,90697.6) ops/second in (5.005643,5.005643) seconds
2026/04/06-23:58:52  ... thread 98: (302000,302000) ops and (60237.9,60237.9) ops/second in (5.013457,5.013457) seconds
2026/04/06-23:58:52  ... thread 110: (302000,302000) ops and (60365.4,60365.4) ops/second in (5.002868,5.002868) seconds
2026/04/06-23:58:52  ... thread 106: (300000,300000) ops and (59975.8,59975.8) ops/second in (5.002018,5.002018) seconds
2026/04/06-23:58:52  ... thread 113: (299000,299000) ops and (59710.6,59710.6) ops/second in (5.007490,5.007490) seconds
2026/04/06-23:58:52  ... thread 108: (358000,358000) ops and (71547.7,71547.7) ops/second in (5.003657,5.003657) seconds
2026/04/06-23:58:52  ... thread 111: (391000,391000) ops and (78061.0,78061.0) ops/second in (5.008904,5.008904) seconds
2026/04/06-23:58:52  ... thread 114: (303000,303000) ops and (60521.4,60521.4) ops/second in (5.006493,5.006493) seconds
2026/04/06-23:58:52  ... thread 118: (306000,306000) ops and (61156.6,61156.6) ops/second in (5.003548,5.003548) seconds
2026/04/06-23:58:52  ... thread 121: (463000,463000) ops and (92596.7,92596.7) ops/second in (5.000179,5.000179) seconds
2026/04/06-23:58:52  ... thread 119: (307000,307000) ops and (61349.1,61349.1) ops/second in (5.004148,5.004148) seconds
2026/04/06-23:58:52  ... thread 117: (301000,301000) ops and (60017.8,60017.8) ops/second in (5.015181,5.015181) seconds
2026/04/06-23:58:52  ... thread 115: (304000,304000) ops and (60617.3,60617.3) ops/second in (5.015074,5.015074) seconds
2026/04/06-23:58:52  ... thread 124: (311000,311000) ops and (62117.2,62117.2) ops/second in (5.006663,5.006663) seconds
2026/04/06-23:58:52  ... thread 107: (466000,466000) ops and (93191.2,93191.2) ops/second in (5.000474,5.000474) seconds
2026/04/06-23:58:52  ... thread 87: (301000,301000) ops and (60198.9,60198.9) ops/second in (5.000089,5.000089) seconds
2026/04/06-23:58:52  ... thread 125: (270000,270000) ops and (53873.4,53873.4) ops/second in (5.011750,5.011750) seconds
2026/04/06-23:58:52  ... thread 86: (297000,297000) ops and (59345.2,59345.2) ops/second in (5.004616,5.004616) seconds
2026/04/06-23:58:52  ... thread 97: (301000,301000) ops and (60181.5,60181.5) ops/second in (5.001540,5.001540) seconds
2026/04/06-23:58:52  ... thread 82: (302000,302000) ops and (60376.7,60376.7) ops/second in (5.001929,5.001929) seconds
2026/04/06-23:58:52  ... thread 105: (276000,276000) ops and (55154.2,55154.2) ops/second in (5.004154,5.004154) seconds
2026/04/06-23:58:52  ... thread 116: (411000,411000) ops and (82103.8,82103.8) ops/second in (5.005858,5.005858) seconds
2026/04/06-23:58:52  ... thread 90: (303000,303000) ops and (60510.2,60510.2) ops/second in (5.007423,5.007423) seconds
2026/04/06-23:58:52  ... thread 8: (458000,458000) ops and (91453.5,91453.5) ops/second in (5.008007,5.008007) seconds
2026/04/06-23:58:52  ... thread 88: (459000,459000) ops and (91647.6,91647.6) ops/second in (5.008312,5.008312) seconds
2026/04/06-23:58:52  ... thread 94: (469000,469000) ops and (93645.5,93645.5) ops/second in (5.008247,5.008247) seconds
2026/04/06-23:58:52  ... thread 89: (305000,305000) ops and (60879.9,60879.9) ops/second in (5.009860,5.009860) seconds
2026/04/06-23:58:52  ... thread 91: (302000,302000) ops and (60361.3,60361.3) ops/second in (5.003209,5.003209) seconds
2026/04/06-23:58:52  ... thread 92: (304000,304000) ops and (60767.3,60767.3) ops/second in (5.002691,5.002691) seconds
2026/04/06-23:58:52  ... thread 122: (298000,298000) ops and (59420.3,59420.3) ops/second in (5.015124,5.015124) seconds
2026/04/06-23:58:52  ... thread 112: (305000,305000) ops and (60841.5,60841.5) ops/second in (5.013024,5.013024) seconds
2026/04/06-23:58:52  ... thread 127: (303000,303000) ops and (60590.0,60590.0) ops/second in (5.000824,5.000824) seconds
2026/04/06-23:58:52  ... thread 95: (298000,298000) ops and (59529.9,59529.9) ops/second in (5.005885,5.005885) seconds
2026/04/06-23:58:52  ... thread 96: (303000,303000) ops and (60573.7,60573.7) ops/second in (5.002175,5.002175) seconds
2026/04/06-23:58:52  ... thread 123: (464000,464000) ops and (92724.1,92724.1) ops/second in (5.004094,5.004094) seconds
2026/04/06-23:58:52  ... thread 120: (272000,272000) ops and (54353.7,54353.7) ops/second in (5.004261,5.004261) seconds
2026/04/06-23:58:52  ... thread 103: (302000,302000) ops and (60337.7,60337.7) ops/second in (5.005162,5.005162) seconds
2026/04/06-23:58:52  ... thread 77: (459000,459000) ops and (91652.9,91652.9) ops/second in (5.008023,5.008023) seconds
2026/04/06-23:58:52  ... thread 126: (307000,307000) ops and (61277.0,61277.0) ops/second in (5.010039,5.010039) seconds
2026/04/06-23:58:52  ... thread 100: (302000,302000) ops and (60221.8,60221.8) ops/second in (5.014799,5.014799) seconds
2026/04/06-23:58:57  ... thread 21: (294000,580000) ops and (58788.8,57982.4) ops/second in (5.000950,10.003032) seconds
2026/04/06-23:58:57  ... thread 9: (476000,931000) ops and (95172.6,93080.4) ops/second in (5.001438,10.002101) seconds
2026/04/06-23:58:57  ... thread 44: (312000,621000) ops and (62391.2,62080.6) ops/second in (5.000702,10.003119) seconds
2026/04/06-23:58:57  ... thread 37: (474000,776000) ops and (94791.0,77562.1) ops/second in (5.000476,10.004884) seconds
2026/04/06-23:58:57  ... thread 78: (474000,934000) ops and (94705.7,93349.2) ops/second in (5.004976,10.005443) seconds
2026/04/06-23:58:57  ... thread 14: (445000,881000) ops and (88893.1,88023.6) ops/second in (5.006012,10.008684) seconds
2026/04/06-23:58:57  ... thread 22: (314000,618000) ops and (62738.6,61760.5) ops/second in (5.004897,10.006399) seconds
2026/04/06-23:58:57  ... thread 49: (312000,633000) ops and (62372.3,63257.6) ops/second in (5.002221,10.006708) seconds
2026/04/06-23:58:57  ... thread 12: (291000,590000) ops and (58128.8,58944.7) ops/second in (5.006122,10.009389) seconds
2026/04/06-23:58:57  ... thread 32: (314000,612000) ops and (62740.8,61153.7) ops/second in (5.004721,10.007568) seconds
2026/04/06-23:58:57  ... thread 24: (313000,614000) ops and (62483.6,61338.2) ops/second in (5.009316,10.010068) seconds
2026/04/06-23:58:57  ... thread 57: (366000,674000) ops and (73163.6,67348.1) ops/second in (5.002489,10.007708) seconds
2026/04/06-23:58:57  ... thread 61: (313000,618000) ops and (62531.3,61750.6) ops/second in (5.005491,10.008008) seconds
2026/04/06-23:58:57  ... thread 17: (457000,858000) ops and (91229.4,85703.4) ops/second in (5.009352,10.011271) seconds
2026/04/06-23:58:57  ... thread 33: (475000,939000) ops and (94955.5,93813.1) ops/second in (5.002341,10.009265) seconds
2026/04/06-23:58:57  ... thread 5: (459000,905000) ops and (91625.5,90390.3) ops/second in (5.009520,10.012133) seconds
2026/04/06-23:58:57  ... thread 20: (332000,611000) ops and (66324.2,61024.3) ops/second in (5.005715,10.012411) seconds
2026/04/06-23:58:57  ... thread 52: (484000,977000) ops and (96683.3,97604.7) ops/second in (5.006037,10.009761) seconds
2026/04/06-23:58:57  ... thread 64: (475000,947000) ops and (94871.8,94606.3) ops/second in (5.006754,10.009909) seconds
2026/04/06-23:58:57  ... thread 58: (312000,611000) ops and (62378.6,61033.1) ops/second in (5.001718,10.010957) seconds
2026/04/06-23:58:57  ... thread 10: (461000,906000) ops and (92026.5,90484.6) ops/second in (5.009425,10.012758) seconds
2026/04/06-23:58:57  ... thread 65: (312000,618000) ops and (62358.3,61739.0) ops/second in (5.003346,10.009886) seconds
2026/04/06-23:58:57  ... thread 71: (474000,935000) ops and (94681.6,93401.6) ops/second in (5.006254,10.010540) seconds
2026/04/06-23:58:57  ... thread 40: (312000,621000) ops and (62295.4,62033.8) ops/second in (5.008395,10.010664) seconds
2026/04/06-23:58:57  ... thread 18: (471000,821000) ops and (94106.4,82011.0) ops/second in (5.004973,10.010858) seconds
2026/04/06-23:58:57  ... thread 36: (476000,942000) ops and (95159.8,94094.7) ops/second in (5.002113,10.011186) seconds
2026/04/06-23:58:57  ... thread 0: (507000,975000) ops and (101353.8,97390.4) ops/second in (5.002277,10.011253) seconds
2026/04/06-23:58:57  ... thread 1: (294000,722000) ops and (58717.6,72097.9) ops/second in (5.007014,10.014156) seconds
2026/04/06-23:58:57  ... thread 7: (293000,576000) ops and (58555.5,57517.8) ops/second in (5.003799,10.014284) seconds
2026/04/06-23:58:57  ... thread 42: (314000,616000) ops and (62797.4,61530.2) ops/second in (5.000208,10.011336) seconds
2026/04/06-23:58:57  ... thread 39: (313000,615000) ops and (62476.7,61427.3) ops/second in (5.009870,10.011828) seconds

** Compaction Stats [default] **
Level    Files   Size     Score Read(GB)  Rn(GB) Rnp1(GB) Write(GB) WPreComp(GB) Wnew(GB) Moved(GB) W-Amp Rd(MB/s) Wr(MB/s) Comp(sec) CompMergeCPU(sec) Comp(cnt) Avg(sec) KeyIn KeyDrop Rblob(GB) Wblob(GB)
-------------------------------------------------------------------------------------------------------------------------------------------------------------------------------------------------------------
  L7     65/0      8.08 GB   0.0      0.0     0.0      0.0       0.0       0.0      0.0       0.0   0.0      0.0      0.0      0.00              0.00         0    0.000       0      0       0.0       0.0
 Sum     65/0      8.08 GB   0.0      0.0     0.0      0.0       0.0       0.0      0.0       0.0   0.0      0.0      0.0      0.00              0.00         0    0.000       0      0       0.0       0.0
 Int      0/0      0.00 KB   0.0      0.0     0.0      0.0       0.0       0.0      0.0       0.0   0.0      0.0      0.0      0.00              0.00         0    0.000       0      0       0.0       0.0

** Compaction Stats [default] **
Priority    Files   Size     Score Read(GB)  Rn(GB) Rnp1(GB) Write(GB) WPreComp(GB) Wnew(GB) Moved(GB) W-Amp Rd(MB/s) Wr(MB/s) Comp(sec) CompMergeCPU(sec) Comp(cnt) Avg(sec) KeyIn KeyDrop Rblob(GB) Wblob(GB)
----------------------------------------------------------------------------------------------------------------------------------------------------------------------------------------------------------------

Blob file count: 0, total size: 0.0 GB, garbage size: 0.0 GB, space amp: 0.0

Uptime(secs): 10.1 total, 10.0 interval
Flush(GB): cumulative 0.000, interval 0.000
AddFile(GB): cumulative 0.000, interval 0.000
AddFile(Total Files): cumulative 0, interval 0
AddFile(L0 Files): cumulative 0, interval 0
AddFile(Keys): cumulative 0, interval 0
Cumulative compaction: 0.00 GB write, 0.00 MB/s write, 0.00 GB read, 0.00 MB/s read, 0.0 seconds
Interval compaction: 0.00 GB write, 0.00 MB/s write, 0.00 GB read, 0.00 MB/s read, 0.0 seconds
Estimated pending compaction bytes: 0
Write Stall (count): cf-l0-file-count-limit-delays-with-ongoing-compaction: 0, cf-l0-file-count-limit-stops-with-ongoing-compaction: 0, l0-file-count-limit-delays: 0, l0-file-count-limit-stops: 0, memtable-limit-delays: 0, memtable-limit-stops: 0, pending-compaction-bytes-delays: 0, pending-compaction-bytes-stops: 0, total-delays: 0, total-stops: 0
Block cache LRUCache@0x564429f3a760#71378 capacity: 14.90 GB seed: 1775512727 usage: 0.09 KB table_size: 1024 occupancy: 1 collections: 1 last_copies: 0 last_secs: 0.00016 secs_since: 10
Block cache entry stats(count,size,portion): Misc(1,0.00 KB,0%)

** File Read Latency Histogram By Level [default] **

** DB Stats **
Uptime(secs): 10.1 total, 5.0 interval
Cumulative writes: 0 writes, 0 keys, 0 commit groups, 0.0 writes per commit group, ingest: 0.00 GB, 0.00 MB/s
Cumulative WAL: 0 writes, 0 syncs, 0.00 writes per sync, written: 0.00 GB, 0.00 MB/s
Cumulative stall: 00:00:0.000 H:M:S, 0.0 percent
Interval writes: 0 writes, 0 keys, 0 commit groups, 0.0 writes per commit group, ingest: 0.00 MB, 0.00 MB/s
Interval WAL: 0 writes, 0 syncs, 0.00 writes per sync, written: 0.00 GB, 0.00 MB/s
Interval stall: 00:00:0.000 H:M:S, 0.0 percent
Write Stall (count): write-buffer-manager-limit-stops: 0
num-running-compactions: 0
num-running-flushes: 0

2026/04/06-23:58:57  ... thread 69: (434000,892000) ops and (86662.8,89090.4) ops/second in (5.007917,10.012298) seconds
2026/04/06-23:58:57  ... thread 59: (311000,615000) ops and (62061.2,61421.9) ops/second in (5.011182,10.012723) seconds
2026/04/06-23:58:57  ... thread 6: (313000,779000) ops and (62515.4,77798.2) ops/second in (5.006765,10.013091) seconds
2026/04/06-23:58:57  ... thread 26: (292000,576000) ops and (58361.8,57501.8) ops/second in (5.003271,10.017072) seconds
2026/04/06-23:58:57  ... thread 35: (467000,770000) ops and (93368.4,76885.8) ops/second in (5.001694,10.014852) seconds
2026/04/06-23:58:57  ... thread 4: (310000,615000) ops and (61865.5,61408.3) ops/second in (5.010870,10.014927) seconds
2026/04/06-23:58:57  ... thread 63: (475000,945000) ops and (94874.2,94354.2) ops/second in (5.006630,10.015455) seconds
2026/04/06-23:58:57  ... thread 23: (315000,618000) ops and (62956.6,61704.2) ops/second in (5.003444,10.015528) seconds
2026/04/06-23:58:57  ... thread 70: (323000,625000) ops and (64448.5,62401.9) ops/second in (5.011751,10.015727) seconds
2026/04/06-23:58:57  ... thread 34: (314000,623000) ops and (62687.0,62201.0) ops/second in (5.009016,10.015922) seconds
2026/04/06-23:58:57  ... thread 43: (313000,619000) ops and (62582.3,61800.2) ops/second in (5.001418,10.016151) seconds
2026/04/06-23:58:57  ... thread 2: (315000,622000) ops and (62938.5,62099.6) ops/second in (5.004884,10.016168) seconds
2026/04/06-23:58:57  ... thread 75: (312000,625000) ops and (62255.2,62404.2) ops/second in (5.011630,10.015347) seconds
2026/04/06-23:58:57  ... thread 27: (316000,624000) ops and (63100.5,62298.5) ops/second in (5.007881,10.016299) seconds
2026/04/06-23:58:57  ... thread 29: (304000,607000) ops and (60734.7,60597.2) ops/second in (5.005372,10.016961) seconds
2026/04/06-23:58:57  ... thread 56: (312000,613000) ops and (62313.8,61193.1) ops/second in (5.006917,10.017474) seconds
2026/04/06-23:58:57  ... thread 68: (312000,617000) ops and (62250.9,61584.5) ops/second in (5.011972,10.018747) seconds
2026/04/06-23:58:57  ... thread 30: (476000,930000) ops and (95006.3,92825.3) ops/second in (5.010194,10.018815) seconds
2026/04/06-23:58:57  ... thread 51: (315000,619000) ops and (62851.6,61782.5) ops/second in (5.011809,10.019021) seconds
2026/04/06-23:58:57  ... thread 41: (313000,617000) ops and (62523.7,61579.6) ops/second in (5.006100,10.019555) seconds
2026/04/06-23:58:57  ... thread 38: (312000,616000) ops and (62249.9,61477.5) ops/second in (5.012053,10.019928) seconds
2026/04/06-23:58:57  ... thread 53: (311000,614000) ops and (62027.8,61267.4) ops/second in (5.013878,10.021638) seconds
2026/04/06-23:58:57  ... thread 3: (292000,577000) ops and (58238.7,57564.1) ops/second in (5.013845,10.023601) seconds
2026/04/06-23:58:57  ... thread 11: (476000,922000) ops and (95115.2,91990.0) ops/second in (5.004457,10.022832) seconds
2026/04/06-23:58:57  ... thread 46: (314000,617000) ops and (62625.1,61560.1) ops/second in (5.013961,10.022719) seconds
2026/04/06-23:58:57  ... thread 48: (313000,622000) ops and (62434.6,62053.3) ops/second in (5.013245,10.023640) seconds
2026/04/06-23:58:57  ... thread 66: (313000,622000) ops and (62471.5,62053.3) ops/second in (5.010288,10.023636) seconds
2026/04/06-23:58:57  ... thread 15: (312000,621000) ops and (62215.4,61951.3) ops/second in (5.014836,10.024008) seconds
2026/04/06-23:58:57  ... thread 19: (303000,589000) ops and (60484.5,58742.1) ops/second in (5.009549,10.026885) seconds
2026/04/06-23:58:57  ... thread 76: (314000,621000) ops and (62721.8,62056.3) ops/second in (5.006230,10.007047) seconds
2026/04/06-23:58:57  ... thread 47: (278000,557000) ops and (55520.1,55561.5) ops/second in (5.007197,10.024933) seconds
2026/04/06-23:58:57  ... thread 85: (311000,611000) ops and (62008.6,60940.2) ops/second in (5.015430,10.026228) seconds
2026/04/06-23:58:57  ... thread 13: (289000,580000) ops and (57644.8,57828.0) ops/second in (5.013461,10.029735) seconds
2026/04/06-23:58:57  ... thread 54: (364000,671000) ops and (72599.9,66917.3) ops/second in (5.013782,10.027303) seconds
2026/04/06-23:58:57  ... thread 45: (312000,612000) ops and (62376.0,61113.0) ops/second in (5.001923,10.014229) seconds
2026/04/06-23:58:57  ... thread 60: (315000,634000) ops and (62801.6,63221.4) ops/second in (5.015797,10.028255) seconds
2026/04/06-23:58:57  ... thread 73: (313000,620000) ops and (62413.5,61843.2) ops/second in (5.014939,10.025358) seconds
2026/04/06-23:58:57  ... thread 25: (313000,623000) ops and (62413.1,62122.5) ops/second in (5.014972,10.028565) seconds
2026/04/06-23:58:57  ... thread 74: (312000,667000) ops and (62270.5,66625.4) ops/second in (5.010401,10.011196) seconds
2026/04/06-23:58:57  ... thread 72: (314000,624000) ops and (62521.6,62219.8) ops/second in (5.022263,10.028957) seconds
2026/04/06-23:58:57  ... thread 16: (285000,558000) ops and (56800.3,55620.2) ops/second in (5.017583,10.032323) seconds
2026/04/06-23:58:57  ... thread 79: (277000,572000) ops and (55347.7,57077.0) ops/second in (5.004722,10.021551) seconds
2026/04/06-23:58:57  ... thread 50: (474000,939000) ops and (94762.8,93844.9) ops/second in (5.001961,10.005867) seconds
2026/04/06-23:58:57  ... thread 81: (313000,619000) ops and (62525.1,61825.5) ops/second in (5.005986,10.012046) seconds
2026/04/06-23:58:57  ... thread 84: (312000,616000) ops and (62367.8,61573.7) ops/second in (5.002579,10.004271) seconds
2026/04/06-23:58:57  ... thread 99: (446000,753000) ops and (89154.4,75258.0) ops/second in (5.002559,10.005585) seconds
2026/04/06-23:58:57  ... thread 55: (311000,615000) ops and (62159.8,61447.5) ops/second in (5.003234,10.008549) seconds
2026/04/06-23:58:57  ... thread 80: (416000,877000) ops and (83055.9,87621.4) ops/second in (5.008673,10.008975) seconds
2026/04/06-23:58:57  ... thread 93: (312000,776000) ops and (62304.7,77534.1) ops/second in (5.007644,10.008501) seconds
2026/04/06-23:58:57  ... thread 104: (312000,609000) ops and (62346.0,60863.8) ops/second in (5.004330,10.005940) seconds
2026/04/06-23:58:57  ... thread 31: (300000,605000) ops and (59892.8,60408.2) ops/second in (5.008948,10.015203) seconds
2026/04/06-23:58:57  ... thread 101: (313000,634000) ops and (62407.1,63297.0) ops/second in (5.015455,10.016267) seconds
2026/04/06-23:58:57  ... thread 67: (313000,619000) ops and (62490.1,61795.5) ops/second in (5.008793,10.016908) seconds
2026/04/06-23:58:57  ... thread 109: (474000,935000) ops and (94692.5,93434.2) ops/second in (5.005676,10.007045) seconds
2026/04/06-23:58:57  ... thread 98: (313000,615000) ops and (62525.0,61380.6) ops/second in (5.006000,10.019457) seconds
2026/04/06-23:58:57  ... thread 62: (314000,609000) ops and (62649.0,60775.9) ops/second in (5.012053,10.020416) seconds
2026/04/06-23:58:57  ... thread 110: (311000,613000) ops and (62173.7,61269.5) ops/second in (5.002118,10.004986) seconds
2026/04/06-23:58:57  ... thread 83: (309000,614000) ops and (61687.6,61245.3) ops/second in (5.009113,10.025256) seconds
2026/04/06-23:58:57  ... thread 106: (313000,613000) ops and (62536.3,61256.4) ops/second in (5.005095,10.007113) seconds
2026/04/06-23:58:57  ... thread 102: (457000,911000) ops and (91134.1,90916.1) ops/second in (5.014586,10.020229) seconds
2026/04/06-23:58:57  ... thread 28: (278000,556000) ops and (55372.9,55440.8) ops/second in (5.020502,10.028720) seconds
2026/04/06-23:58:57  ... thread 113: (312000,611000) ops and (62300.6,61005.6) ops/second in (5.007976,10.015466) seconds
2026/04/06-23:58:57  ... thread 108: (312000,670000) ops and (62299.6,66921.6) ops/second in (5.008054,10.011711) seconds
2026/04/06-23:58:57  ... thread 114: (313000,616000) ops and (62517.1,61519.3) ops/second in (5.006630,10.013123) seconds
2026/04/06-23:58:57  ... thread 111: (405000,796000) ops and (80841.6,79451.4) ops/second in (5.009798,10.018702) seconds
2026/04/06-23:58:57  ... thread 121: (471000,934000) ops and (94184.1,93390.4) ops/second in (5.000844,10.001023) seconds
2026/04/06-23:58:57  ... thread 118: (310000,616000) ops and (61939.2,61547.9) ops/second in (5.004909,10.008457) seconds
2026/04/06-23:58:57  ... thread 119: (312000,619000) ops and (62293.2,61821.3) ops/second in (5.008576,10.012724) seconds
2026/04/06-23:58:57  ... thread 117: (315000,616000) ops and (62826.9,61422.1) ops/second in (5.013775,10.028956) seconds
2026/04/06-23:58:57  ... thread 107: (490000,956000) ops and (97998.4,95594.7) ops/second in (5.000082,10.000556) seconds
2026/04/06-23:58:57  ... thread 115: (311000,615000) ops and (62019.4,61318.3) ops/second in (5.014558,10.029632) seconds
2026/04/06-23:58:57  ... thread 8: (475000,933000) ops and (94993.4,93222.1) ops/second in (5.000349,10.008356) seconds
2026/04/06-23:58:57  ... thread 88: (475000,934000) ops and (94990.5,93317.8) ops/second in (5.000499,10.008811) seconds
2026/04/06-23:58:57  ... thread 116: (475000,886000) ops and (94928.5,88514.8) ops/second in (5.003765,10.009623) seconds
2026/04/06-23:58:57  ... thread 87: (312000,613000) ops and (62313.4,61256.9) ops/second in (5.006946,10.007035) seconds
2026/04/06-23:58:57  ... thread 125: (291000,561000) ops and (58099.4,55985.7) ops/second in (5.008657,10.020407) seconds
2026/04/06-23:58:57  ... thread 124: (317000,628000) ops and (63242.9,62680.4) ops/second in (5.012422,10.019085) seconds
2026/04/06-23:58:57  ... thread 89: (313000,618000) ops and (62548.7,61713.8) ops/second in (5.004103,10.013963) seconds
2026/04/06-23:58:57  ... thread 82: (310000,612000) ops and (61883.9,61130.8) ops/second in (5.009383,10.011312) seconds
2026/04/06-23:58:57  ... thread 86: (315000,612000) ops and (62870.8,61109.0) ops/second in (5.010276,10.014892) seconds
2026/04/06-23:58:57  ... thread 105: (278000,554000) ops and (55481.9,55318.1) ops/second in (5.010644,10.014798) seconds
2026/04/06-23:58:57  ... thread 94: (305000,774000) ops and (60902.8,77274.6) ops/second in (5.007983,10.016230) seconds
2026/04/06-23:58:57  ... thread 127: (312000,615000) ops and (62377.5,61483.8) ops/second in (5.001803,10.002627) seconds
2026/04/06-23:58:57  ... thread 97: (314000,615000) ops and (62617.7,61401.2) ops/second in (5.014557,10.016097) seconds
2026/04/06-23:58:57  ... thread 90: (313000,616000) ops and (62441.0,61476.1) ops/second in (5.012732,10.020155) seconds
2026/04/06-23:58:57  ... thread 123: (474000,938000) ops and (94753.0,93738.4) ops/second in (5.002482,10.006576) seconds
2026/04/06-23:58:57  ... thread 92: (314000,618000) ops and (62693.8,61731.1) ops/second in (5.008473,10.011164) seconds
2026/04/06-23:58:57  ... thread 103: (312000,614000) ops and (62368.1,61352.6) ops/second in (5.002559,10.007721) seconds
2026/04/06-23:58:57  ... thread 122: (317000,615000) ops and (63294.5,61356.1) ops/second in (5.008334,10.023458) seconds
2026/04/06-23:58:57  ... thread 91: (316000,618000) ops and (63015.0,61689.6) ops/second in (5.014679,10.017888) seconds
2026/04/06-23:58:57  ... thread 77: (474000,933000) ops and (94764.3,93207.7) ops/second in (5.001882,10.009905) seconds
2026/04/06-23:58:57  ... thread 95: (312000,610000) ops and (62287.8,60909.3) ops/second in (5.009008,10.014893) seconds
2026/04/06-23:58:57  ... thread 126: (316000,623000) ops and (63164.5,62220.1) ops/second in (5.002808,10.012847) seconds
2026/04/06-23:58:57  ... thread 120: (277000,549000) ops and (55297.4,54825.8) ops/second in (5.009274,10.013535) seconds
2026/04/06-23:58:57  ... thread 112: (313000,618000) ops and (62414.3,61628.1) ops/second in (5.014876,10.027900) seconds
2026/04/06-23:58:57  ... thread 96: (312000,615000) ops and (62164.2,61370.2) ops/second in (5.018969,10.021144) seconds
2026/04/06-23:58:57  ... thread 100: (314000,616000) ops and (62623.0,61422.3) ops/second in (5.014132,10.028931) seconds
2026/04/06-23:59:02  ... thread 37: (478000,1254000) ops and (95583.7,83568.0) ops/second in (5.000854,15.005738) seconds
2026/04/06-23:59:02  ... thread 9: (480000,1411000) ops and (95908.1,94023.5) ops/second in (5.004791,15.006892) seconds
2026/04/06-23:59:02  ... thread 32: (323000,935000) ops and (64586.7,62297.6) ops/second in (5.001032,15.008600) seconds
2026/04/06-23:59:02  ... thread 78: (479000,1413000) ops and (95736.6,94145.0) ops/second in (5.003313,15.008756) seconds
2026/04/06-23:59:02  ... thread 22: (322000,940000) ops and (64367.8,62629.5) ops/second in (5.002498,15.008897) seconds
2026/04/06-23:59:02  ... thread 17: (463000,1321000) ops and (92579.4,87994.0) ops/second in (5.001110,15.012381) seconds
2026/04/06-23:59:02  ... thread 21: (305000,885000) ops and (60881.9,58950.0) ops/second in (5.009700,15.012732) seconds
2026/04/06-23:59:02  ... thread 24: (323000,937000) ops and (64551.3,62409.1) ops/second in (5.003774,15.013842) seconds
2026/04/06-23:59:02  ... thread 7: (303000,879000) ops and (60598.9,58543.9) ops/second in (5.000092,15.014376) seconds
2026/04/06-23:59:02  ... thread 33: (480000,1419000) ops and (95949.6,94525.1) ops/second in (5.002627,15.011892) seconds
2026/04/06-23:59:02  ... thread 0: (477000,1452000) ops and (95388.8,96723.6) ops/second in (5.000588,15.011841) seconds
2026/04/06-23:59:02  ... thread 44: (321000,942000) ops and (64088.9,62750.7) ops/second in (5.008671,15.011790) seconds
2026/04/06-23:59:02  ... thread 36: (494000,1436000) ops and (98782.8,95656.4) ops/second in (5.000873,15.012059) seconds

** Compaction Stats [default] **
Level    Files   Size     Score Read(GB)  Rn(GB) Rnp1(GB) Write(GB) WPreComp(GB) Wnew(GB) Moved(GB) W-Amp Rd(MB/s) Wr(MB/s) Comp(sec) CompMergeCPU(sec) Comp(cnt) Avg(sec) KeyIn KeyDrop Rblob(GB) Wblob(GB)
-------------------------------------------------------------------------------------------------------------------------------------------------------------------------------------------------------------
  L7     65/0      8.08 GB   0.0      0.0     0.0      0.0       0.0       0.0      0.0       0.0   0.0      0.0      0.0      0.00              0.00         0    0.000       0      0       0.0       0.0
 Sum     65/0      8.08 GB   0.0      0.0     0.0      0.0       0.0       0.0      0.0       0.0   0.0      0.0      0.0      0.00              0.00         0    0.000       0      0       0.0       0.0
 Int      0/0      0.00 KB   0.0      0.0     0.0      0.0       0.0       0.0      0.0       0.0   0.0      0.0      0.0      0.00              0.00         0    0.000       0      0       0.0       0.0

** Compaction Stats [default] **
Priority    Files   Size     Score Read(GB)  Rn(GB) Rnp1(GB) Write(GB) WPreComp(GB) Wnew(GB) Moved(GB) W-Amp Rd(MB/s) Wr(MB/s) Comp(sec) CompMergeCPU(sec) Comp(cnt) Avg(sec) KeyIn KeyDrop Rblob(GB) Wblob(GB)
----------------------------------------------------------------------------------------------------------------------------------------------------------------------------------------------------------------

Blob file count: 0, total size: 0.0 GB, garbage size: 0.0 GB, space amp: 0.0

Uptime(secs): 15.1 total, 15.0 interval
Flush(GB): cumulative 0.000, interval 0.000
AddFile(GB): cumulative 0.000, interval 0.000
AddFile(Total Files): cumulative 0, interval 0
AddFile(L0 Files): cumulative 0, interval 0
AddFile(Keys): cumulative 0, interval 0
Cumulative compaction: 0.00 GB write, 0.00 MB/s write, 0.00 GB read, 0.00 MB/s read, 0.0 seconds
Interval compaction: 0.00 GB write, 0.00 MB/s write, 0.00 GB read, 0.00 MB/s read, 0.0 seconds
Estimated pending compaction bytes: 0
Write Stall (count): cf-l0-file-count-limit-delays-with-ongoing-compaction: 0, cf-l0-file-count-limit-stops-with-ongoing-compaction: 0, l0-file-count-limit-delays: 0, l0-file-count-limit-stops: 0, memtable-limit-delays: 0, memtable-limit-stops: 0, pending-compaction-bytes-delays: 0, pending-compaction-bytes-stops: 0, total-delays: 0, total-stops: 0
Block cache LRUCache@0x564429f3a760#71378 capacity: 14.90 GB seed: 1775512727 usage: 0.09 KB table_size: 1024 occupancy: 1 collections: 1 last_copies: 0 last_secs: 0.00016 secs_since: 15
Block cache entry stats(count,size,portion): Misc(1,0.00 KB,0%)

** File Read Latency Histogram By Level [default] **

** DB Stats **
Uptime(secs): 15.1 total, 5.0 interval
Cumulative writes: 0 writes, 0 keys, 0 commit groups, 0.0 writes per commit group, ingest: 0.00 GB, 0.00 MB/s
Cumulative WAL: 0 writes, 0 syncs, 0.00 writes per sync, written: 0.00 GB, 0.00 MB/s
Cumulative stall: 00:00:0.000 H:M:S, 0.0 percent
Interval writes: 0 writes, 0 keys, 0 commit groups, 0.0 writes per commit group, ingest: 0.00 MB, 0.00 MB/s
Interval WAL: 0 writes, 0 syncs, 0.00 writes per sync, written: 0.00 GB, 0.00 MB/s
Interval stall: 00:00:0.000 H:M:S, 0.0 percent
Write Stall (count): write-buffer-manager-limit-stops: 0
num-running-compactions: 0
num-running-flushes: 0

2026/04/06-23:59:02  ... thread 65: (323000,941000) ops and (64573.0,62683.3) ops/second in (5.002092,15.011978) seconds
2026/04/06-23:59:02  ... thread 14: (452000,1333000) ops and (90264.8,88771.0) ops/second in (5.007489,15.016173) seconds
2026/04/06-23:59:02  ... thread 61: (323000,941000) ops and (64524.1,62675.3) ops/second in (5.005882,15.013890) seconds
2026/04/06-23:59:02  ... thread 12: (299000,889000) ops and (59707.9,59199.2) ops/second in (5.007709,15.017098) seconds
2026/04/06-23:59:02  ... thread 64: (480000,1427000) ops and (95907.3,95039.9) ops/second in (5.004835,15.014744) seconds
2026/04/06-23:59:02  ... thread 57: (481000,1155000) ops and (96060.2,76923.2) ops/second in (5.007277,15.014985) seconds
2026/04/06-23:59:02  ... thread 59: (357000,972000) ops and (71360.9,64733.3) ops/second in (5.002740,15.015463) seconds
2026/04/06-23:59:02  ... thread 6: (322000,1101000) ops and (64356.4,73319.5) ops/second in (5.003384,15.016475) seconds
2026/04/06-23:59:02  ... thread 39: (324000,939000) ops and (64726.3,62526.9) ops/second in (5.005697,15.017525) seconds
2026/04/06-23:59:02  ... thread 18: (481000,1302000) ops and (96072.7,86699.0) ops/second in (5.006624,15.017482) seconds
2026/04/06-23:59:02  ... thread 63: (480000,1425000) ops and (95949.9,94885.7) ops/second in (5.002612,15.018067) seconds
2026/04/06-23:59:02  ... thread 75: (302000,927000) ops and (60376.0,61728.7) ops/second in (5.001987,15.017334) seconds
2026/04/06-23:59:02  ... thread 5: (464000,1369000) ops and (92617.3,91133.0) ops/second in (5.009861,15.021994) seconds
2026/04/06-23:59:02  ... thread 58: (323000,934000) ops and (64480.9,62183.0) ops/second in (5.009235,15.020192) seconds
2026/04/06-23:59:02  ... thread 71: (478000,1413000) ops and (95431.4,94078.5) ops/second in (5.008833,15.019373) seconds
2026/04/06-23:59:02  ... thread 10: (312000,1218000) ops and (62282.7,81080.1) ops/second in (5.009418,15.022176) seconds
2026/04/06-23:59:02  ... thread 52: (478000,1455000) ops and (95409.9,96872.6) ops/second in (5.009963,15.019724) seconds
2026/04/06-23:59:02  ... thread 69: (323000,1215000) ops and (64504.4,80893.7) ops/second in (5.007412,15.019710) seconds
2026/04/06-23:59:02  ... thread 49: (325000,958000) ops and (64824.7,63780.7) ops/second in (5.013521,15.020229) seconds
2026/04/06-23:59:02  ... thread 56: (355000,968000) ops and (70953.3,64444.1) ops/second in (5.003291,15.020765) seconds
2026/04/06-23:59:02  ... thread 40: (323000,944000) ops and (64463.9,62844.4) ops/second in (5.010555,15.021219) seconds
2026/04/06-23:59:02  ... thread 26: (301000,877000) ops and (60115.7,58373.0) ops/second in (5.007010,15.024082) seconds
2026/04/06-23:59:02  ... thread 11: (480000,1402000) ops and (95971.1,93315.3) ops/second in (5.001506,15.024338) seconds
2026/04/06-23:59:02  ... thread 29: (499000,1106000) ops and (99673.0,73618.8) ops/second in (5.006371,15.023332) seconds
2026/04/06-23:59:02  ... thread 20: (413000,1024000) ops and (82373.7,68147.9) ops/second in (5.013737,15.026148) seconds
2026/04/06-23:59:02  ... thread 42: (325000,941000) ops and (64841.8,62635.1) ops/second in (5.012196,15.023532) seconds
2026/04/06-23:59:02  ... thread 38: (321000,937000) ops and (64153.2,62368.6) ops/second in (5.003648,15.023576) seconds
2026/04/06-23:59:02  ... thread 34: (320000,943000) ops and (63903.4,62768.4) ops/second in (5.007555,15.023477) seconds
2026/04/06-23:59:02  ... thread 2: (322000,944000) ops and (64299.6,62832.9) ops/second in (5.007810,15.023978) seconds
2026/04/06-23:59:02  ... thread 43: (325000,944000) ops and (64902.4,62834.2) ops/second in (5.007518,15.023669) seconds
2026/04/06-23:59:02  ... thread 53: (320000,934000) ops and (63944.5,62159.0) ops/second in (5.004337,15.025975) seconds
2026/04/06-23:59:02  ... thread 4: (321000,936000) ops and (64069.5,62295.7) ops/second in (5.010187,15.025114) seconds
2026/04/06-23:59:02  ... thread 70: (326000,951000) ops and (65075.8,63293.4) ops/second in (5.009545,15.025272) seconds
2026/04/06-23:59:02  ... thread 1: (305000,1027000) ops and (60829.0,68338.1) ops/second in (5.014057,15.028213) seconds
2026/04/06-23:59:02  ... thread 15: (322000,943000) ops and (64380.0,62759.7) ops/second in (5.001550,15.025558) seconds
2026/04/06-23:59:02  ... thread 3: (302000,879000) ops and (60336.3,58487.4) ops/second in (5.005281,15.028882) seconds
2026/04/06-23:59:02  ... thread 35: (389000,1159000) ops and (77624.7,77132.2) ops/second in (5.011294,15.026146) seconds
2026/04/06-23:59:02  ... thread 51: (315000,934000) ops and (62902.2,62155.6) ops/second in (5.007773,15.026794) seconds
2026/04/06-23:59:02  ... thread 46: (325000,942000) ops and (64942.0,62686.4) ops/second in (5.004465,15.027184) seconds
2026/04/06-23:59:02  ... thread 41: (321000,938000) ops and (64095.7,62418.1) ops/second in (5.008140,15.027695) seconds
2026/04/06-23:59:02  ... thread 19: (467000,1056000) ops and (93324.3,70255.1) ops/second in (5.004057,15.030942) seconds
2026/04/06-23:59:02  ... thread 66: (323000,945000) ops and (64538.9,62881.1) ops/second in (5.004735,15.028371) seconds
2026/04/06-23:59:02  ... thread 25: (428000,1051000) ops and (85592.9,69931.5) ops/second in (5.000417,15.028982) seconds
2026/04/06-23:59:02  ... thread 48: (324000,946000) ops and (64728.8,62944.4) ops/second in (5.005497,15.029137) seconds
2026/04/06-23:59:02  ... thread 16: (294000,852000) ops and (58795.8,56676.5) ops/second in (5.000361,15.032684) seconds
2026/04/06-23:59:02  ... thread 23: (326000,944000) ops and (65012.7,62808.0) ops/second in (5.014407,15.029935) seconds
2026/04/06-23:59:02  ... thread 27: (322000,946000) ops and (64223.6,62940.6) ops/second in (5.013734,15.030033) seconds
2026/04/06-23:59:02  ... thread 30: (319000,1249000) ops and (63641.7,83093.6) ops/second in (5.012434,15.031249) seconds
2026/04/06-23:59:02  ... thread 68: (325000,942000) ops and (64811.0,62660.8) ops/second in (5.014584,15.033331) seconds
2026/04/06-23:59:02  ... thread 81: (322000,941000) ops and (64398.0,62682.3) ops/second in (5.000155,15.012201) seconds
2026/04/06-23:59:02  ... thread 50: (478000,1417000) ops and (95554.9,94414.9) ops/second in (5.002359,15.008226) seconds
2026/04/06-23:59:02  ... thread 45: (321000,933000) ops and (64109.1,62111.7) ops/second in (5.007086,15.021315) seconds
2026/04/06-23:59:02  ... thread 54: (321000,992000) ops and (64099.9,65978.9) ops/second in (5.007812,15.035115) seconds
2026/04/06-23:59:02  ... thread 85: (323000,934000) ops and (64476.3,62118.3) ops/second in (5.009594,15.035822) seconds
2026/04/06-23:59:02  ... thread 13: (301000,881000) ops and (60092.5,58582.3) ops/second in (5.008946,15.038681) seconds
2026/04/06-23:59:02  ... thread 47: (288000,845000) ops and (57471.5,56198.0) ops/second in (5.011183,15.036116) seconds
2026/04/06-23:59:02  ... thread 76: (319000,940000) ops and (63642.4,62585.6) ops/second in (5.012385,15.019432) seconds
2026/04/06-23:59:02  ... thread 74: (323000,990000) ops and (64496.0,65915.4) ops/second in (5.008061,15.019257) seconds
2026/04/06-23:59:02  ... thread 60: (469000,1103000) ops and (93635.4,73352.2) ops/second in (5.008790,15.037045) seconds
2026/04/06-23:59:02  ... thread 72: (324000,948000) ops and (64687.2,63041.6) ops/second in (5.008721,15.037678) seconds
2026/04/06-23:59:02  ... thread 80: (323000,1200000) ops and (64581.2,79944.4) ops/second in (5.001457,15.010432) seconds
2026/04/06-23:59:02  ... thread 73: (324000,944000) ops and (64611.8,62766.3) ops/second in (5.014561,15.039919) seconds
2026/04/06-23:59:02  ... thread 99: (479000,1232000) ops and (95653.5,82060.9) ops/second in (5.007656,15.013241) seconds
2026/04/06-23:59:02  ... thread 84: (324000,940000) ops and (64666.5,62605.8) ops/second in (5.010322,15.014593) seconds
2026/04/06-23:59:02  ... thread 93: (321000,1097000) ops and (64102.3,73054.8) ops/second in (5.007617,15.016118) seconds
2026/04/06-23:59:02  ... thread 79: (288000,860000) ops and (57421.7,57192.0) ops/second in (5.015524,15.037075) seconds
2026/04/06-23:59:02  ... thread 55: (324000,939000) ops and (64679.9,62525.7) ops/second in (5.009282,15.017831) seconds
2026/04/06-23:59:02  ... thread 62: (323000,932000) ops and (64587.7,62045.0) ops/second in (5.000949,15.021365) seconds
2026/04/06-23:59:02  ... thread 110: (324000,937000) ops and (64785.9,62441.4) ops/second in (5.001089,15.006075) seconds
2026/04/06-23:59:02  ... thread 31: (323000,928000) ops and (64458.7,61758.9) ops/second in (5.010961,15.026164) seconds
2026/04/06-23:59:02  ... thread 101: (333000,967000) ops and (66524.5,64372.5) ops/second in (5.005677,15.021944) seconds
2026/04/06-23:59:02  ... thread 104: (324000,933000) ops and (64633.6,62122.1) ops/second in (5.012869,15.018809) seconds
2026/04/06-23:59:02  ... thread 109: (479000,1414000) ops and (95705.5,94191.4) ops/second in (5.004939,15.011984) seconds
2026/04/06-23:59:02  ... thread 98: (324000,939000) ops and (64751.8,62503.4) ops/second in (5.003720,15.023177) seconds
2026/04/06-23:59:02  ... thread 67: (322000,941000) ops and (64248.7,62613.6) ops/second in (5.011778,15.028686) seconds
2026/04/06-23:59:02  ... thread 83: (325000,939000) ops and (64835.2,62442.0) ops/second in (5.012707,15.037963) seconds
2026/04/06-23:59:02  ... thread 28: (391000,947000) ops and (78078.0,62979.9) ops/second in (5.007813,15.036533) seconds
2026/04/06-23:59:02  ... thread 106: (325000,938000) ops and (64806.7,62441.7) ops/second in (5.014910,15.022023) seconds
2026/04/06-23:59:02  ... thread 102: (287000,1198000) ops and (57231.0,79680.8) ops/second in (5.014769,15.034998) seconds
2026/04/06-23:59:02  ... thread 113: (323000,934000) ops and (64536.3,62182.1) ops/second in (5.004939,15.020405) seconds
2026/04/06-23:59:02  ... thread 108: (321000,991000) ops and (64127.9,65990.4) ops/second in (5.005622,15.017333) seconds
2026/04/06-23:59:02  ... thread 121: (480000,1414000) ops and (95892.1,94224.9) ops/second in (5.005628,15.006651) seconds
2026/04/06-23:59:02  ... thread 111: (323000,1119000) ops and (64481.2,74461.4) ops/second in (5.009212,15.027914) seconds
2026/04/06-23:59:02  ... thread 118: (322000,938000) ops and (64340.8,62478.9) ops/second in (5.004601,15.013058) seconds
2026/04/06-23:59:02  ... thread 114: (324000,940000) ops and (64631.6,62557.6) ops/second in (5.013030,15.026153) seconds
2026/04/06-23:59:02  ... thread 119: (323000,942000) ops and (64554.5,62732.0) ops/second in (5.003524,15.016248) seconds
2026/04/06-23:59:02  ... thread 107: (484000,1440000) ops and (96674.1,95954.8) ops/second in (5.006513,15.007069) seconds
2026/04/06-23:59:02  ... thread 117: (325000,941000) ops and (64883.1,62575.0) ops/second in (5.009008,15.037964) seconds
2026/04/06-23:59:02  ... thread 116: (481000,1367000) ops and (96183.9,91069.8) ops/second in (5.000837,15.010460) seconds
2026/04/06-23:59:02  ... thread 88: (480000,1414000) ops and (95895.3,94177.1) ops/second in (5.005461,15.014272) seconds
2026/04/06-23:59:02  ... thread 87: (323000,936000) ops and (64527.7,62347.5) ops/second in (5.005599,15.012634) seconds
2026/04/06-23:59:02  ... thread 8: (477000,1410000) ops and (95243.2,93896.2) ops/second in (5.008232,15.016588) seconds
2026/04/06-23:59:02  ... thread 124: (371000,999000) ops and (74113.4,66489.5) ops/second in (5.005843,15.024928) seconds
2026/04/06-23:59:02  ... thread 115: (323000,938000) ops and (64411.7,62349.4) ops/second in (5.014617,15.044249) seconds
2026/04/06-23:59:02  ... thread 94: (322000,1096000) ops and (64359.2,72972.3) ops/second in (5.003173,15.019403) seconds
2026/04/06-23:59:02  ... thread 125: (325000,886000) ops and (64888.4,58952.7) ops/second in (5.008602,15.029009) seconds
2026/04/06-23:59:02  ... thread 82: (320000,932000) ops and (63915.9,62059.3) ops/second in (5.006582,15.017894) seconds
2026/04/06-23:59:02  ... thread 105: (286000,840000) ops and (57137.7,55924.5) ops/second in (5.005454,15.020252) seconds
2026/04/06-23:59:02  ... thread 127: (324000,939000) ops and (64711.9,62560.7) ops/second in (5.006805,15.009432) seconds
2026/04/06-23:59:02  ... thread 86: (325000,937000) ops and (64858.5,62359.4) ops/second in (5.010910,15.025802) seconds
2026/04/06-23:59:02  ... thread 89: (324000,942000) ops and (64637.5,62689.1) ops/second in (5.012569,15.026532) seconds
2026/04/06-23:59:02  ... thread 95: (321000,931000) ops and (64190.2,62001.9) ops/second in (5.000767,15.015660) seconds
2026/04/06-23:59:02  ... thread 92: (324000,942000) ops and (64719.9,62727.4) ops/second in (5.006189,15.017353) seconds
2026/04/06-23:59:02  ... thread 122: (326000,941000) ops and (65120.3,62609.9) ops/second in (5.006121,15.029579) seconds
2026/04/06-23:59:02  ... thread 103: (324000,938000) ops and (64711.0,62472.6) ops/second in (5.006873,15.014594) seconds
2026/04/06-23:59:02  ... thread 77: (479000,1412000) ops and (95704.7,94040.0) ops/second in (5.004981,15.014886) seconds
2026/04/06-23:59:02  ... thread 123: (428000,1366000) ops and (85452.6,90974.5) ops/second in (5.008622,15.015198) seconds
2026/04/06-23:59:02  ... thread 120: (287000,836000) ops and (57349.3,55666.7) ops/second in (5.004422,15.017957) seconds
2026/04/06-23:59:02  ... thread 97: (325000,940000) ops and (64804.2,62536.6) ops/second in (5.015106,15.031203) seconds
2026/04/06-23:59:02  ... thread 90: (322000,938000) ops and (64210.9,62388.3) ops/second in (5.014727,15.034882) seconds
2026/04/06-23:59:02  ... thread 112: (323000,941000) ops and (64551.2,62601.1) ops/second in (5.003780,15.031680) seconds
2026/04/06-23:59:02  ... thread 91: (326000,944000) ops and (65053.5,62811.3) ops/second in (5.011261,15.029149) seconds
2026/04/06-23:59:02  ... thread 126: (328000,951000) ops and (65399.7,63281.2) ops/second in (5.015316,15.028163) seconds
2026/04/06-23:59:02  ... thread 100: (322000,938000) ops and (64360.6,62400.2) ops/second in (5.003062,15.031993) seconds
2026/04/06-23:59:02  ... thread 96: (322000,937000) ops and (64232.7,62324.7) ops/second in (5.013026,15.034170) seconds
2026/04/06-23:59:07  ... thread 37: (485000,1739000) ops and (96972.4,86918.9) ops/second in (5.001421,20.007159) seconds
2026/04/06-23:59:07  ... thread 9: (489000,1900000) ops and (97743.3,94953.5) ops/second in (5.002900,20.009792) seconds
2026/04/06-23:59:07  ... thread 24: (332000,1269000) ops and (66395.9,63405.2) ops/second in (5.000305,20.014147) seconds
2026/04/06-23:59:07  ... thread 65: (333000,1274000) ops and (66583.8,63658.0) ops/second in (5.001217,20.013195) seconds
2026/04/06-23:59:07  ... thread 57: (487000,1642000) ops and (97384.1,82035.2) ops/second in (5.000815,20.015800) seconds
2026/04/06-23:59:07  ... thread 14: (458000,1791000) ops and (91528.8,89460.2) ops/second in (5.003892,20.020065) seconds
2026/04/06-23:59:07  ... thread 18: (487000,1789000) ops and (97397.3,89371.3) ops/second in (5.000139,20.017621) seconds
2026/04/06-23:59:07  ... thread 32: (334000,1269000) ops and (66676.3,63393.3) ops/second in (5.009277,20.017877) seconds
2026/04/06-23:59:07  ... thread 33: (486000,1905000) ops and (97083.1,95164.8) ops/second in (5.006019,20.017911) seconds
2026/04/06-23:59:07  ... thread 78: (485000,1898000) ops and (96811.5,94812.4) ops/second in (5.009733,20.018489) seconds
2026/04/06-23:59:07  ... thread 63: (486000,1911000) ops and (97186.1,95460.3) ops/second in (5.000717,20.018784) seconds
2026/04/06-23:59:07  ... thread 17: (471000,1792000) ops and (94022.5,89502.4) ops/second in (5.009438,20.021819) seconds
2026/04/06-23:59:07  ... thread 44: (334000,1276000) ops and (66698.9,63738.3) ops/second in (5.007582,20.019372) seconds
2026/04/06-23:59:07  ... thread 22: (334000,1274000) ops and (66654.5,63637.0) ops/second in (5.010914,20.019811) seconds
2026/04/06-23:59:07  ... thread 0: (485000,1937000) ops and (96843.7,96753.7) ops/second in (5.008068,20.019909) seconds

** Compaction Stats [default] **
Level    Files   Size     Score Read(GB)  Rn(GB) Rnp1(GB) Write(GB) WPreComp(GB) Wnew(GB) Moved(GB) W-Amp Rd(MB/s) Wr(MB/s) Comp(sec) CompMergeCPU(sec) Comp(cnt) Avg(sec) KeyIn KeyDrop Rblob(GB) Wblob(GB)
-------------------------------------------------------------------------------------------------------------------------------------------------------------------------------------------------------------
  L7     65/0      8.08 GB   0.0      0.0     0.0      0.0       0.0       0.0      0.0       0.0   0.0      0.0      0.0      0.00              0.00         0    0.000       0      0       0.0       0.0
 Sum     65/0      8.08 GB   0.0      0.0     0.0      0.0       0.0       0.0      0.0       0.0   0.0      0.0      0.0      0.00              0.00         0    0.000       0      0       0.0       0.0
 Int      0/0      0.00 KB   0.0      0.0     0.0      0.0       0.0       0.0      0.0       0.0   0.0      0.0      0.0      0.00              0.00         0    0.000       0      0       0.0       0.0

** Compaction Stats [default] **
Priority    Files   Size     Score Read(GB)  Rn(GB) Rnp1(GB) Write(GB) WPreComp(GB) Wnew(GB) Moved(GB) W-Amp Rd(MB/s) Wr(MB/s) Comp(sec) CompMergeCPU(sec) Comp(cnt) Avg(sec) KeyIn KeyDrop Rblob(GB) Wblob(GB)
----------------------------------------------------------------------------------------------------------------------------------------------------------------------------------------------------------------

Blob file count: 0, total size: 0.0 GB, garbage size: 0.0 GB, space amp: 0.0

Uptime(secs): 20.1 total, 20.0 interval
Flush(GB): cumulative 0.000, interval 0.000
AddFile(GB): cumulative 0.000, interval 0.000
AddFile(Total Files): cumulative 0, interval 0
AddFile(L0 Files): cumulative 0, interval 0
AddFile(Keys): cumulative 0, interval 0
Cumulative compaction: 0.00 GB write, 0.00 MB/s write, 0.00 GB read, 0.00 MB/s read, 0.0 seconds
Interval compaction: 0.00 GB write, 0.00 MB/s write, 0.00 GB read, 0.00 MB/s read, 0.0 seconds
Estimated pending compaction bytes: 0
Write Stall (count): cf-l0-file-count-limit-delays-with-ongoing-compaction: 0, cf-l0-file-count-limit-stops-with-ongoing-compaction: 0, l0-file-count-limit-delays: 0, l0-file-count-limit-stops: 0, memtable-limit-delays: 0, memtable-limit-stops: 0, pending-compaction-bytes-delays: 0, pending-compaction-bytes-stops: 0, total-delays: 0, total-stops: 0
Block cache LRUCache@0x564429f3a760#71378 capacity: 14.90 GB seed: 1775512727 usage: 0.09 KB table_size: 1024 occupancy: 1 collections: 1 last_copies: 0 last_secs: 0.00016 secs_since: 20
Block cache entry stats(count,size,portion): Misc(1,0.00 KB,0%)

** File Read Latency Histogram By Level [default] **

** DB Stats **
Uptime(secs): 20.1 total, 5.0 interval
Cumulative writes: 0 writes, 0 keys, 0 commit groups, 0.0 writes per commit group, ingest: 0.00 GB, 0.00 MB/s
Cumulative WAL: 0 writes, 0 syncs, 0.00 writes per sync, written: 0.00 GB, 0.00 MB/s
Cumulative stall: 00:00:0.000 H:M:S, 0.0 percent
Interval writes: 0 writes, 0 keys, 0 commit groups, 0.0 writes per commit group, ingest: 0.00 MB, 0.00 MB/s
Interval WAL: 0 writes, 0 syncs, 0.00 writes per sync, written: 0.00 GB, 0.00 MB/s
Interval stall: 00:00:0.000 H:M:S, 0.0 percent
Write Stall (count): write-buffer-manager-limit-stops: 0
num-running-compactions: 0
num-running-flushes: 0

2026/04/06-23:59:07  ... thread 36: (484000,1920000) ops and (96637.4,95901.8) ops/second in (5.008411,20.020470) seconds
2026/04/06-23:59:07  ... thread 59: (482000,1454000) ops and (96297.1,72624.4) ops/second in (5.005343,20.020806) seconds
2026/04/06-23:59:07  ... thread 7: (314000,1193000) ops and (62679.8,59578.6) ops/second in (5.009585,20.023961) seconds
2026/04/06-23:59:07  ... thread 12: (310000,1199000) ops and (61916.1,59878.5) ops/second in (5.006774,20.023872) seconds
2026/04/06-23:59:07  ... thread 39: (333000,1272000) ops and (66543.5,63530.8) ops/second in (5.004249,20.021774) seconds
2026/04/06-23:59:07  ... thread 56: (481000,1449000) ops and (96172.0,72369.6) ops/second in (5.001457,20.022222) seconds
2026/04/06-23:59:07  ... thread 6: (334000,1435000) ops and (66719.1,71669.2) ops/second in (5.006060,20.022535) seconds
2026/04/06-23:59:07  ... thread 64: (485000,1912000) ops and (96839.2,95490.0) ops/second in (5.008301,20.023045) seconds
2026/04/06-23:59:07  ... thread 5: (469000,1838000) ops and (93721.1,91779.7) ops/second in (5.004211,20.026205) seconds
2026/04/06-23:59:07  ... thread 58: (333000,1267000) ops and (66541.1,63272.1) ops/second in (5.004428,20.024620) seconds
2026/04/06-23:59:07  ... thread 38: (330000,1267000) ops and (65991.5,63273.4) ops/second in (5.000641,20.024217) seconds
2026/04/06-23:59:07  ... thread 21: (314000,1199000) ops and (62614.0,59867.4) ops/second in (5.014855,20.027587) seconds
2026/04/06-23:59:07  ... thread 61: (333000,1274000) ops and (66452.8,63620.6) ops/second in (5.011079,20.024969) seconds
2026/04/06-23:59:07  ... thread 71: (482000,1895000) ops and (96292.4,94631.9) ops/second in (5.005586,20.024959) seconds
2026/04/06-23:59:07  ... thread 10: (317000,1535000) ops and (63317.3,76640.0) ops/second in (5.006529,20.028705) seconds
2026/04/06-23:59:07  ... thread 52: (482000,1937000) ops and (96265.8,96720.9) ops/second in (5.006969,20.026693) seconds
2026/04/06-23:59:07  ... thread 40: (332000,1276000) ops and (66322.9,63713.9) ops/second in (5.005810,20.027029) seconds
2026/04/06-23:59:07  ... thread 35: (333000,1492000) ops and (66587.3,74499.1) ops/second in (5.000952,20.027098) seconds
2026/04/06-23:59:07  ... thread 75: (294000,1221000) ops and (58698.5,60970.8) ops/second in (5.008650,20.025984) seconds
2026/04/06-23:59:07  ... thread 70: (335000,1286000) ops and (66966.1,64210.7) ops/second in (5.002528,20.027800) seconds
2026/04/06-23:59:07  ... thread 15: (334000,1277000) ops and (66764.5,63760.0) ops/second in (5.002661,20.028219) seconds
2026/04/06-23:59:07  ... thread 19: (473000,1529000) ops and (94598.6,76331.6) ops/second in (5.000075,20.031017) seconds
2026/04/06-23:59:07  ... thread 29: (484000,1590000) ops and (96698.5,79386.5) ops/second in (5.005250,20.028582) seconds
2026/04/06-23:59:07  ... thread 3: (310000,1189000) ops and (61969.4,59357.0) ops/second in (5.002467,20.031349) seconds
2026/04/06-23:59:07  ... thread 43: (334000,1278000) ops and (66731.6,63808.1) ops/second in (5.005126,20.028795) seconds
2026/04/06-23:59:07  ... thread 11: (487000,1889000) ops and (97286.7,94307.8) ops/second in (5.005824,20.030162) seconds
2026/04/06-23:59:07  ... thread 49: (333000,1291000) ops and (66484.3,64456.8) ops/second in (5.008701,20.028930) seconds
2026/04/06-23:59:07  ... thread 46: (333000,1275000) ops and (66571.3,63656.6) ops/second in (5.002153,20.029337) seconds
2026/04/06-23:59:07  ... thread 69: (333000,1548000) ops and (66472.9,77286.9) ops/second in (5.009557,20.029267) seconds
2026/04/06-23:59:07  ... thread 26: (311000,1188000) ops and (62100.0,59304.7) ops/second in (5.008051,20.032133) seconds
2026/04/06-23:59:07  ... thread 53: (333000,1267000) ops and (66514.0,63247.4) ops/second in (5.006464,20.032439) seconds
2026/04/06-23:59:07  ... thread 27: (333000,1279000) ops and (66580.0,63849.3) ops/second in (5.001505,20.031538) seconds
2026/04/06-23:59:07  ... thread 42: (334000,1275000) ops and (66685.0,63647.7) ops/second in (5.008623,20.032155) seconds
2026/04/06-23:59:07  ... thread 2: (332000,1276000) ops and (66292.5,63697.8) ops/second in (5.008111,20.032089) seconds
2026/04/06-23:59:07  ... thread 41: (334000,1272000) ops and (66730.3,63495.5) ops/second in (5.005223,20.032918) seconds
2026/04/06-23:59:07  ... thread 25: (333000,1384000) ops and (66544.1,69085.4) ops/second in (5.004199,20.033181) seconds
2026/04/06-23:59:07  ... thread 66: (333000,1278000) ops and (66515.9,63789.3) ops/second in (5.006324,20.034695) seconds
2026/04/06-23:59:07  ... thread 50: (484000,1901000) ops and (96764.3,95002.2) ops/second in (5.001843,20.010069) seconds
2026/04/06-23:59:07  ... thread 68: (333000,1275000) ops and (66569.1,63636.6) ops/second in (5.002324,20.035655) seconds
2026/04/06-23:59:07  ... thread 48: (333000,1279000) ops and (66505.1,63834.2) ops/second in (5.007137,20.036274) seconds
2026/04/06-23:59:07  ... thread 34: (334000,1277000) ops and (66624.1,63733.1) ops/second in (5.013198,20.036675) seconds
2026/04/06-23:59:07  ... thread 1: (314000,1341000) ops and (62654.4,66916.7) ops/second in (5.011618,20.039831) seconds
2026/04/06-23:59:07  ... thread 47: (295000,1140000) ops and (58989.3,56894.7) ops/second in (5.000906,20.037022) seconds
2026/04/06-23:59:07  ... thread 20: (312000,1336000) ops and (62223.2,66665.5) ops/second in (5.014210,20.040358) seconds
2026/04/06-23:59:07  ... thread 23: (335000,1279000) ops and (66894.5,63829.3) ops/second in (5.007889,20.037824) seconds
2026/04/06-23:59:07  ... thread 51: (336000,1270000) ops and (67040.9,63377.5) ops/second in (5.011866,20.038660) seconds
2026/04/06-23:59:07  ... thread 13: (310000,1191000) ops and (61962.3,59426.0) ops/second in (5.003040,20.041721) seconds
2026/04/06-23:59:07  ... thread 72: (333000,1281000) ops and (66579.5,63924.6) ops/second in (5.001542,20.039220) seconds
2026/04/06-23:59:07  ... thread 81: (333000,1274000) ops and (66517.6,63641.5) ops/second in (5.006193,20.018394) seconds
2026/04/06-23:59:07  ... thread 4: (333000,1269000) ops and (66405.1,63324.0) ops/second in (5.014676,20.039790) seconds
2026/04/06-23:59:07  ... thread 16: (304000,1156000) ops and (60670.5,57675.0) ops/second in (5.010670,20.043354) seconds
2026/04/06-23:59:07  ... thread 76: (332000,1272000) ops and (66343.1,63524.7) ops/second in (5.004285,20.023717) seconds
2026/04/06-23:59:07  ... thread 30: (331000,1580000) ops and (66071.0,78838.3) ops/second in (5.009759,20.041008) seconds
2026/04/06-23:59:07  ... thread 80: (333000,1533000) ops and (66574.6,76602.7) ops/second in (5.001910,20.012342) seconds
2026/04/06-23:59:07  ... thread 54: (333000,1325000) ops and (66483.8,66105.1) ops/second in (5.008737,20.043852) seconds
2026/04/06-23:59:07  ... thread 85: (333000,1267000) ops and (66491.7,63211.0) ops/second in (5.008147,20.043969) seconds
2026/04/06-23:59:07  ... thread 74: (332000,1322000) ops and (66299.6,66011.4) ops/second in (5.007574,20.026831) seconds
2026/04/06-23:59:07  ... thread 60: (485000,1588000) ops and (96835.6,79219.6) ops/second in (5.008490,20.045535) seconds
2026/04/06-23:59:07  ... thread 45: (335000,1268000) ops and (66816.1,63289.0) ops/second in (5.013760,20.035075) seconds
2026/04/06-23:59:07  ... thread 84: (333000,1273000) ops and (66540.1,63589.3) ops/second in (5.004498,20.019091) seconds
2026/04/06-23:59:07  ... thread 99: (486000,1718000) ops and (97031.9,85806.0) ops/second in (5.008664,20.021905) seconds
2026/04/06-23:59:07  ... thread 62: (333000,1265000) ops and (66573.7,63176.3) ops/second in (5.001976,20.023341) seconds
2026/04/06-23:59:07  ... thread 73: (334000,1278000) ops and (66642.2,63735.1) ops/second in (5.011839,20.051758) seconds
2026/04/06-23:59:07  ... thread 104: (333000,1266000) ops and (66555.4,63229.9) ops/second in (5.003352,20.022161) seconds
2026/04/06-23:59:07  ... thread 79: (295000,1155000) ops and (58881.7,57614.3) ops/second in (5.010046,20.047121) seconds
2026/04/06-23:59:07  ... thread 93: (331000,1428000) ops and (66045.9,71300.9) ops/second in (5.011667,20.027785) seconds
2026/04/06-23:59:07  ... thread 55: (334000,1273000) ops and (66641.9,63555.7) ops/second in (5.011859,20.029690) seconds
2026/04/06-23:59:07  ... thread 98: (334000,1273000) ops and (66708.9,63554.6) ops/second in (5.006831,20.030008) seconds
2026/04/06-23:59:07  ... thread 109: (485000,1899000) ops and (96838.8,94853.7) ops/second in (5.008323,20.020307) seconds
2026/04/06-23:59:07  ... thread 110: (334000,1271000) ops and (66659.1,63497.2) ops/second in (5.010567,20.016642) seconds
2026/04/06-23:59:07  ... thread 31: (332000,1260000) ops and (66228.9,62877.1) ops/second in (5.012919,20.039083) seconds
2026/04/06-23:59:07  ... thread 101: (334000,1301000) ops and (66635.5,64938.7) ops/second in (5.012346,20.034290) seconds
2026/04/06-23:59:07  ... thread 67: (334000,1275000) ops and (66696.1,63633.9) ops/second in (5.007791,20.036477) seconds
2026/04/06-23:59:07  ... thread 83: (333000,1272000) ops and (66515.2,63459.3) ops/second in (5.006376,20.044339) seconds
2026/04/06-23:59:07  ... thread 28: (485000,1432000) ops and (96812.1,71434.8) ops/second in (5.009706,20.046239) seconds
2026/04/06-23:59:07  ... thread 106: (335000,1273000) ops and (66918.3,63560.6) ops/second in (5.006104,20.028127) seconds
2026/04/06-23:59:07  ... thread 102: (295000,1493000) ops and (58906.5,74490.1) ops/second in (5.007936,20.042934) seconds
2026/04/06-23:59:07  ... thread 113: (333000,1267000) ops and (66467.6,63254.0) ops/second in (5.009959,20.030364) seconds
2026/04/06-23:59:07  ... thread 108: (331000,1322000) ops and (66047.8,66004.8) ops/second in (5.011521,20.028854) seconds
2026/04/06-23:59:07  ... thread 121: (487000,1901000) ops and (97360.8,95008.8) ops/second in (5.002012,20.008663) seconds
2026/04/06-23:59:07  ... thread 111: (333000,1452000) ops and (66567.2,72489.9) ops/second in (5.002464,20.030378) seconds
2026/04/06-23:59:07  ... thread 114: (333000,1273000) ops and (66515.0,63546.6) ops/second in (5.006388,20.032541) seconds
2026/04/06-23:59:07  ... thread 118: (333000,1271000) ops and (66476.5,63479.1) ops/second in (5.009288,20.022346) seconds
2026/04/06-23:59:07  ... thread 119: (333000,1275000) ops and (66564.9,63689.9) ops/second in (5.002634,20.018882) seconds
2026/04/06-23:59:07  ... thread 107: (489000,1929000) ops and (97771.3,96408.8) ops/second in (5.001470,20.008539) seconds
2026/04/06-23:59:07  ... thread 116: (487000,1854000) ops and (97364.8,92643.2) ops/second in (5.001806,20.012266) seconds
2026/04/06-23:59:07  ... thread 117: (337000,1278000) ops and (67334.9,63763.6) ops/second in (5.004832,20.042796) seconds
2026/04/06-23:59:07  ... thread 88: (486000,1900000) ops and (97051.0,94895.9) ops/second in (5.007675,20.021947) seconds
2026/04/06-23:59:07  ... thread 8: (486000,1896000) ops and (97061.1,94687.6) ops/second in (5.007154,20.023742) seconds
2026/04/06-23:59:07  ... thread 94: (333000,1429000) ops and (66549.3,71367.2) ops/second in (5.003806,20.023209) seconds
2026/04/06-23:59:07  ... thread 125: (334000,1220000) ops and (66734.4,60896.7) ops/second in (5.004915,20.033924) seconds
2026/04/06-23:59:07  ... thread 124: (488000,1487000) ops and (97470.3,74232.8) ops/second in (5.006654,20.031582) seconds
2026/04/06-23:59:07  ... thread 105: (293000,1133000) ops and (58537.2,56577.5) ops/second in (5.005364,20.025616) seconds
2026/04/06-23:59:07  ... thread 86: (334000,1271000) ops and (66786.3,63464.9) ops/second in (5.001028,20.026830) seconds
2026/04/06-23:59:07  ... thread 87: (333000,1269000) ops and (66443.4,63372.6) ops/second in (5.011784,20.024418) seconds
2026/04/06-23:59:07  ... thread 115: (334000,1272000) ops and (66653.3,63424.8) ops/second in (5.011006,20.055255) seconds
2026/04/06-23:59:07  ... thread 127: (334000,1273000) ops and (66725.8,63602.3) ops/second in (5.005562,20.014994) seconds
2026/04/06-23:59:07  ... thread 95: (332000,1263000) ops and (66347.9,63088.2) ops/second in (5.003924,20.019584) seconds
2026/04/06-23:59:07  ... thread 82: (330000,1262000) ops and (65861.4,63010.5) ops/second in (5.010525,20.028419) seconds
2026/04/06-23:59:07  ... thread 123: (332000,1698000) ops and (66383.3,84830.2) ops/second in (5.001255,20.016453) seconds
2026/04/06-23:59:07  ... thread 103: (333000,1271000) ops and (66524.0,63485.6) ops/second in (5.005709,20.020303) seconds
2026/04/06-23:59:07  ... thread 89: (333000,1275000) ops and (66459.7,63632.0) ops/second in (5.010554,20.037086) seconds
2026/04/06-23:59:07  ... thread 77: (485000,1897000) ops and (96843.7,94741.3) ops/second in (5.008068,20.022954) seconds
2026/04/06-23:59:07  ... thread 122: (336000,1277000) ops and (67081.1,63727.5) ops/second in (5.008864,20.038443) seconds
2026/04/06-23:59:07  ... thread 92: (334000,1276000) ops and (66614.5,63700.4) ops/second in (5.013927,20.031280) seconds
2026/04/06-23:59:07  ... thread 97: (334000,1274000) ops and (66667.4,63569.2) ops/second in (5.009947,20.041150) seconds
2026/04/06-23:59:07  ... thread 112: (333000,1274000) ops and (66468.0,63567.7) ops/second in (5.009930,20.041610) seconds
2026/04/06-23:59:07  ... thread 120: (296000,1132000) ops and (59054.2,56514.4) ops/second in (5.012348,20.030305) seconds
2026/04/06-23:59:07  ... thread 90: (333000,1271000) ops and (66452.4,63404.2) ops/second in (5.011107,20.045989) seconds
2026/04/06-23:59:07  ... thread 126: (336000,1287000) ops and (67140.8,64245.4) ops/second in (5.004410,20.032573) seconds
2026/04/06-23:59:07  ... thread 100: (332000,1270000) ops and (66335.6,63383.2) ops/second in (5.004854,20.036847) seconds
2026/04/06-23:59:07  ... thread 91: (335000,1279000) ops and (66810.3,63811.7) ops/second in (5.014196,20.043345) seconds
2026/04/06-23:59:07  ... thread 96: (332000,1269000) ops and (66376.0,63336.1) ops/second in (5.001811,20.035981) seconds
2026/04/06-23:59:12  ... thread 37: (491000,2230000) ops and (98123.3,89160.5) ops/second in (5.003907,25.011066) seconds
2026/04/06-23:59:12  ... thread 9: (494000,2394000) ops and (98704.5,95704.0) ops/second in (5.004837,25.014629) seconds
2026/04/06-23:59:12  ... thread 18: (494000,2283000) ops and (98763.4,91248.9) ops/second in (5.001854,25.019475) seconds
2026/04/06-23:59:12  ... thread 59: (487000,1941000) ops and (97398.6,77575.2) ops/second in (5.000071,25.020877) seconds
2026/04/06-23:59:12  ... thread 12: (459000,1658000) ops and (91781.2,66254.0) ops/second in (5.001025,25.024897) seconds
2026/04/06-23:59:12  ... thread 17: (480000,2272000) ops and (95923.8,90786.3) ops/second in (5.003973,25.025792) seconds
2026/04/06-23:59:12  ... thread 39: (340000,1612000) ops and (67980.2,64420.1) ops/second in (5.001455,25.023229) seconds
2026/04/06-23:59:12  ... thread 24: (340000,1609000) ops and (67829.7,64291.3) ops/second in (5.012556,25.026703) seconds
2026/04/06-23:59:12  ... thread 78: (491000,2389000) ops and (98074.8,95465.0) ops/second in (5.006382,25.024871) seconds
2026/04/06-23:59:12  ... thread 22: (341000,1615000) ops and (68126.3,64534.9) ops/second in (5.005409,25.025220) seconds
2026/04/06-23:59:12  ... thread 65: (342000,1616000) ops and (68236.1,64574.9) ops/second in (5.012012,25.025207) seconds
2026/04/06-23:59:12  ... thread 0: (493000,2430000) ops and (98495.7,97102.1) ops/second in (5.005296,25.025205) seconds
2026/04/06-23:59:12  ... thread 6: (341000,1776000) ops and (68159.8,70967.7) ops/second in (5.002949,25.025484) seconds
2026/04/06-23:59:12  ... thread 57: (493000,2135000) ops and (98412.3,85313.5) ops/second in (5.009535,25.025335) seconds

** Compaction Stats [default] **
Level    Files   Size     Score Read(GB)  Rn(GB) Rnp1(GB) Write(GB) WPreComp(GB) Wnew(GB) Moved(GB) W-Amp Rd(MB/s) Wr(MB/s) Comp(sec) CompMergeCPU(sec) Comp(cnt) Avg(sec) KeyIn KeyDrop Rblob(GB) Wblob(GB)
-------------------------------------------------------------------------------------------------------------------------------------------------------------------------------------------------------------
  L7     65/0      8.08 GB   0.0      0.0     0.0      0.0       0.0       0.0      0.0       0.0   0.0      0.0      0.0      0.00              0.00         0    0.000       0      0       0.0       0.0
 Sum     65/0      8.08 GB   0.0      0.0     0.0      0.0       0.0       0.0      0.0       0.0   0.0      0.0      0.0      0.00              0.00         0    0.000       0      0       0.0       0.0
 Int      0/0      0.00 KB   0.0      0.0     0.0      0.0       0.0       0.0      0.0       0.0   0.0      0.0      0.0      0.00              0.00         0    0.000       0      0       0.0       0.0

** Compaction Stats [default] **
Priority    Files   Size     Score Read(GB)  Rn(GB) Rnp1(GB) Write(GB) WPreComp(GB) Wnew(GB) Moved(GB) W-Amp Rd(MB/s) Wr(MB/s) Comp(sec) CompMergeCPU(sec) Comp(cnt) Avg(sec) KeyIn KeyDrop Rblob(GB) Wblob(GB)
----------------------------------------------------------------------------------------------------------------------------------------------------------------------------------------------------------------

Blob file count: 0, total size: 0.0 GB, garbage size: 0.0 GB, space amp: 0.0

Uptime(secs): 25.1 total, 25.0 interval
Flush(GB): cumulative 0.000, interval 0.000
AddFile(GB): cumulative 0.000, interval 0.000
AddFile(Total Files): cumulative 0, interval 0
AddFile(L0 Files): cumulative 0, interval 0
AddFile(Keys): cumulative 0, interval 0
Cumulative compaction: 0.00 GB write, 0.00 MB/s write, 0.00 GB read, 0.00 MB/s read, 0.0 seconds
Interval compaction: 0.00 GB write, 0.00 MB/s write, 0.00 GB read, 0.00 MB/s read, 0.0 seconds
Estimated pending compaction bytes: 0
Write Stall (count): cf-l0-file-count-limit-delays-with-ongoing-compaction: 0, cf-l0-file-count-limit-stops-with-ongoing-compaction: 0, l0-file-count-limit-delays: 0, l0-file-count-limit-stops: 0, memtable-limit-delays: 0, memtable-limit-stops: 0, pending-compaction-bytes-delays: 0, pending-compaction-bytes-stops: 0, total-delays: 0, total-stops: 0
Block cache LRUCache@0x564429f3a760#71378 capacity: 14.90 GB seed: 1775512727 usage: 0.09 KB table_size: 1024 occupancy: 1 collections: 1 last_copies: 0 last_secs: 0.00016 secs_since: 25
Block cache entry stats(count,size,portion): Misc(1,0.00 KB,0%)

** File Read Latency Histogram By Level [default] **

** DB Stats **
Uptime(secs): 25.1 total, 5.0 interval
Cumulative writes: 0 writes, 0 keys, 0 commit groups, 0.0 writes per commit group, ingest: 0.00 GB, 0.00 MB/s
Cumulative WAL: 0 writes, 0 syncs, 0.00 writes per sync, written: 0.00 GB, 0.00 MB/s
Cumulative stall: 00:00:0.000 H:M:S, 0.0 percent
Interval writes: 0 writes, 0 keys, 0 commit groups, 0.0 writes per commit group, ingest: 0.00 MB, 0.00 MB/s
Interval WAL: 0 writes, 0 syncs, 0.00 writes per sync, written: 0.00 GB, 0.00 MB/s
Interval stall: 00:00:0.000 H:M:S, 0.0 percent
Write Stall (count): write-buffer-manager-limit-stops: 0
num-running-compactions: 0
num-running-flushes: 0

2026/04/06-23:59:12  ... thread 33: (492000,2397000) ops and (98240.8,95780.3) ops/second in (5.008103,25.026014) seconds
2026/04/06-23:59:12  ... thread 61: (340000,1614000) ops and (67989.1,64493.5) ops/second in (5.000805,25.025774) seconds
2026/04/06-23:59:12  ... thread 56: (487000,1936000) ops and (97327.5,77359.7) ops/second in (5.003724,25.025946) seconds
2026/04/06-23:59:12  ... thread 14: (468000,2259000) ops and (93411.7,90251.2) ops/second in (5.010079,25.030144) seconds
2026/04/06-23:59:12  ... thread 32: (342000,1611000) ops and (68264.3,64368.4) ops/second in (5.009936,25.027813) seconds
2026/04/06-23:59:12  ... thread 63: (492000,2403000) ops and (98215.5,96011.8) ops/second in (5.009394,25.028178) seconds
2026/04/06-23:59:12  ... thread 36: (489000,2409000) ops and (97637.5,96249.1) ops/second in (5.008323,25.028793) seconds
2026/04/06-23:59:12  ... thread 44: (340000,1616000) ops and (67862.5,64563.8) ops/second in (5.010133,25.029505) seconds
2026/04/06-23:59:12  ... thread 5: (475000,2313000) ops and (94881.0,92400.0) ops/second in (5.006272,25.032477) seconds
2026/04/06-23:59:12  ... thread 29: (490000,2080000) ops and (97972.1,83100.3) ops/second in (5.001422,25.030004) seconds
2026/04/06-23:59:12  ... thread 40: (340000,1616000) ops and (67957.0,64562.0) ops/second in (5.003167,25.030196) seconds
2026/04/06-23:59:12  ... thread 64: (494000,2406000) ops and (98647.6,96121.7) ops/second in (5.007727,25.030772) seconds
2026/04/06-23:59:12  ... thread 52: (487000,2424000) ops and (97314.2,96839.5) ops/second in (5.004408,25.031101) seconds
2026/04/06-23:59:12  ... thread 38: (338000,1605000) ops and (67504.5,64119.8) ops/second in (5.007070,25.031287) seconds
2026/04/06-23:59:12  ... thread 46: (341000,1616000) ops and (68170.4,64558.6) ops/second in (5.002168,25.031505) seconds
2026/04/06-23:59:12  ... thread 21: (322000,1521000) ops and (64309.0,60755.8) ops/second in (5.007078,25.034665) seconds
2026/04/06-23:59:12  ... thread 7: (321000,1514000) ops and (64051.2,60473.9) ops/second in (5.011614,25.035575) seconds
2026/04/06-23:59:12  ... thread 71: (488000,2383000) ops and (97440.4,95193.8) ops/second in (5.008189,25.033148) seconds
2026/04/06-23:59:12  ... thread 25: (340000,1724000) ops and (67982.7,68865.1) ops/second in (5.001274,25.034455) seconds
2026/04/06-23:59:12  ... thread 49: (340000,1631000) ops and (67920.4,65149.3) ops/second in (5.005857,25.034787) seconds
2026/04/06-23:59:12  ... thread 58: (341000,1608000) ops and (68042.1,64226.9) ops/second in (5.011601,25.036221) seconds
2026/04/06-23:59:12  ... thread 19: (338000,1867000) ops and (67505.1,74566.5) ops/second in (5.007031,25.038048) seconds
2026/04/06-23:59:12  ... thread 11: (494000,2383000) ops and (98644.5,95175.2) ops/second in (5.007882,25.038044) seconds
2026/04/06-23:59:12  ... thread 3: (318000,1507000) ops and (63491.7,60184.0) ops/second in (5.008530,25.039879) seconds
2026/04/06-23:59:12  ... thread 70: (343000,1629000) ops and (68458.8,65060.8) ops/second in (5.010316,25.038116) seconds
2026/04/06-23:59:12  ... thread 43: (342000,1620000) ops and (68270.4,64700.9) ops/second in (5.009490,25.038285) seconds
2026/04/06-23:59:12  ... thread 27: (341000,1620000) ops and (68099.9,64699.4) ops/second in (5.007346,25.038884) seconds
2026/04/06-23:59:12  ... thread 26: (319000,1507000) ops and (63670.8,60178.2) ops/second in (5.010147,25.042280) seconds
2026/04/06-23:59:12  ... thread 51: (342000,1612000) ops and (68381.1,64376.9) ops/second in (5.001379,25.040039) seconds
2026/04/06-23:59:12  ... thread 69: (341000,1889000) ops and (68052.4,75439.0) ops/second in (5.010841,25.040108) seconds
2026/04/06-23:59:12  ... thread 35: (341000,1833000) ops and (68021.0,73202.1) ops/second in (5.013161,25.040259) seconds
2026/04/06-23:59:12  ... thread 15: (341000,1618000) ops and (68035.7,64615.9) ops/second in (5.012075,25.040294) seconds
2026/04/06-23:59:12  ... thread 20: (316000,1652000) ops and (63164.6,65966.1) ops/second in (5.002800,25.043158) seconds
2026/04/06-23:59:12  ... thread 81: (342000,1616000) ops and (68387.4,64590.1) ops/second in (5.000920,25.019314) seconds
2026/04/06-23:59:12  ... thread 75: (301000,1522000) ops and (60032.4,60782.9) ops/second in (5.013960,25.039944) seconds
2026/04/06-23:59:12  ... thread 50: (490000,2391000) ops and (97883.9,95578.8) ops/second in (5.005932,25.016001) seconds
2026/04/06-23:59:12  ... thread 53: (341000,1608000) ops and (68055.8,64209.5) ops/second in (5.010591,25.043030) seconds
2026/04/06-23:59:12  ... thread 10: (325000,1860000) ops and (64782.4,74264.8) ops/second in (5.016796,25.045501) seconds
2026/04/06-23:59:12  ... thread 1: (322000,1663000) ops and (64323.6,66398.4) ops/second in (5.005935,25.045766) seconds
2026/04/06-23:59:12  ... thread 41: (342000,1614000) ops and (68253.4,64447.5) ops/second in (5.010737,25.043655) seconds
2026/04/06-23:59:12  ... thread 42: (342000,1617000) ops and (68241.2,64566.9) ops/second in (5.011636,25.043791) seconds
2026/04/06-23:59:12  ... thread 68: (342000,1617000) ops and (68290.2,64567.1) ops/second in (5.008042,25.043697) seconds
2026/04/06-23:59:12  ... thread 2: (340000,1616000) ops and (67832.0,64525.2) ops/second in (5.012380,25.044469) seconds
2026/04/06-23:59:12  ... thread 74: (340000,1662000) ops and (67994.2,66407.6) ops/second in (5.000423,25.027254) seconds
2026/04/06-23:59:12  ... thread 34: (341000,1618000) ops and (68087.7,64603.9) ops/second in (5.008248,25.044923) seconds
2026/04/06-23:59:12  ... thread 30: (339000,1919000) ops and (67742.8,76621.4) ops/second in (5.004221,25.045229) seconds
2026/04/06-23:59:12  ... thread 66: (341000,1619000) ops and (68053.3,64642.4) ops/second in (5.010776,25.045471) seconds
2026/04/06-23:59:12  ... thread 23: (343000,1622000) ops and (68476.6,64758.7) ops/second in (5.009013,25.046837) seconds
2026/04/06-23:59:12  ... thread 54: (339000,1664000) ops and (67731.3,66430.0) ops/second in (5.005073,25.048925) seconds
2026/04/06-23:59:12  ... thread 16: (311000,1467000) ops and (62095.5,58558.7) ops/second in (5.008417,25.051771) seconds
2026/04/06-23:59:12  ... thread 45: (341000,1609000) ops and (68190.6,64268.1) ops/second in (5.000690,25.035765) seconds
2026/04/06-23:59:12  ... thread 76: (341000,1613000) ops and (68086.6,64437.4) ops/second in (5.008330,25.032047) seconds
2026/04/06-23:59:12  ... thread 47: (301000,1441000) ops and (60040.4,57524.2) ops/second in (5.013292,25.050314) seconds
2026/04/06-23:59:12  ... thread 48: (340000,1619000) ops and (67807.8,64629.6) ops/second in (5.014175,25.050449) seconds
2026/04/06-23:59:12  ... thread 85: (339000,1606000) ops and (67694.7,64107.3) ops/second in (5.007781,25.051750) seconds
2026/04/06-23:59:12  ... thread 72: (341000,1622000) ops and (68022.9,64744.7) ops/second in (5.013016,25.052236) seconds
2026/04/06-23:59:12  ... thread 80: (340000,1873000) ops and (67844.7,74848.8) ops/second in (5.011443,25.023785) seconds
2026/04/06-23:59:12  ... thread 13: (319000,1510000) ops and (63617.5,60264.9) ops/second in (5.014343,25.056064) seconds
2026/04/06-23:59:12  ... thread 4: (341000,1610000) ops and (68014.4,64262.7) ops/second in (5.013641,25.053431) seconds
2026/04/06-23:59:12  ... thread 60: (490000,2078000) ops and (97811.5,82937.0) ops/second in (5.009638,25.055173) seconds
2026/04/06-23:59:12  ... thread 99: (493000,2211000) ops and (98535.4,88351.0) ops/second in (5.003278,25.025183) seconds
2026/04/06-23:59:12  ... thread 84: (341000,1614000) ops and (68106.7,64493.1) ops/second in (5.006850,25.025941) seconds
2026/04/06-23:59:12  ... thread 62: (341000,1606000) ops and (68134.3,64167.7) ops/second in (5.004822,25.028163) seconds
2026/04/06-23:59:12  ... thread 104: (340000,1606000) ops and (67961.1,64175.8) ops/second in (5.002863,25.025024) seconds
2026/04/06-23:59:12  ... thread 73: (341000,1619000) ops and (68115.8,64610.3) ops/second in (5.006178,25.057936) seconds
2026/04/06-23:59:12  ... thread 101: (340000,1641000) ops and (67982.2,65546.7) ops/second in (5.001308,25.035598) seconds
2026/04/06-23:59:12  ... thread 98: (342000,1615000) ops and (68318.6,64507.2) ops/second in (5.005958,25.035966) seconds
2026/04/06-23:59:12  ... thread 93: (339000,1767000) ops and (67673.5,70575.2) ops/second in (5.009348,25.037133) seconds
2026/04/06-23:59:12  ... thread 55: (341000,1614000) ops and (68089.9,64462.6) ops/second in (5.008087,25.037777) seconds
2026/04/06-23:59:12  ... thread 79: (301000,1456000) ops and (60068.3,58105.0) ops/second in (5.010963,25.058084) seconds
2026/04/06-23:59:12  ... thread 31: (338000,1598000) ops and (67559.1,63812.5) ops/second in (5.003024,25.042107) seconds
2026/04/06-23:59:12  ... thread 110: (341000,1612000) ops and (68095.4,64417.3) ops/second in (5.007678,25.024320) seconds
2026/04/06-23:59:12  ... thread 67: (341000,1616000) ops and (68141.9,64534.8) ops/second in (5.004261,25.040738) seconds
2026/04/06-23:59:12  ... thread 109: (491000,2390000) ops and (98001.8,95483.8) ops/second in (5.010110,25.030417) seconds
2026/04/06-23:59:12  ... thread 28: (491000,1923000) ops and (98069.2,76757.6) ops/second in (5.006667,25.052906) seconds
2026/04/06-23:59:12  ... thread 83: (342000,1614000) ops and (68203.2,64408.6) ops/second in (5.014425,25.058764) seconds
2026/04/06-23:59:12  ... thread 106: (343000,1616000) ops and (68416.7,64532.8) ops/second in (5.013394,25.041521) seconds
2026/04/06-23:59:12  ... thread 102: (301000,1794000) ops and (60053.0,71602.0) ops/second in (5.012242,25.055176) seconds
2026/04/06-23:59:12  ... thread 113: (341000,1608000) ops and (68077.4,64218.9) ops/second in (5.009005,25.039369) seconds
2026/04/06-23:59:12  ... thread 108: (338000,1660000) ops and (67472.9,66298.5) ops/second in (5.009421,25.038275) seconds
2026/04/06-23:59:12  ... thread 111: (340000,1792000) ops and (67922.6,71576.7) ops/second in (5.005701,25.036079) seconds
2026/04/06-23:59:12  ... thread 121: (494000,2395000) ops and (98654.5,95738.6) ops/second in (5.007375,25.016038) seconds
2026/04/06-23:59:12  ... thread 119: (340000,1615000) ops and (67987.5,64548.9) ops/second in (5.000922,25.019804) seconds
2026/04/06-23:59:12  ... thread 118: (340000,1611000) ops and (67946.1,64372.3) ops/second in (5.003963,25.026309) seconds
2026/04/06-23:59:12  ... thread 114: (342000,1615000) ops and (68286.8,64494.7) ops/second in (5.008289,25.040830) seconds
2026/04/06-23:59:12  ... thread 107: (497000,2426000) ops and (99360.6,96999.2) ops/second in (5.001982,25.010521) seconds
2026/04/06-23:59:12  ... thread 117: (344000,1622000) ops and (68694.7,64749.3) ops/second in (5.007662,25.050458) seconds
2026/04/06-23:59:12  ... thread 116: (490000,2344000) ops and (97788.8,93673.6) ops/second in (5.010801,25.023067) seconds
2026/04/06-23:59:12  ... thread 8: (492000,2388000) ops and (98396.9,95428.8) ops/second in (5.000156,25.023898) seconds
2026/04/06-23:59:12  ... thread 88: (492000,2392000) ops and (98284.8,95573.7) ops/second in (5.005862,25.027809) seconds
2026/04/06-23:59:12  ... thread 115: (341000,1613000) ops and (68176.7,64373.3) ops/second in (5.001710,25.056965) seconds
2026/04/06-23:59:12  ... thread 124: (492000,1979000) ops and (98254.8,79036.8) ops/second in (5.007387,25.038969) seconds
2026/04/06-23:59:12  ... thread 105: (300000,1433000) ops and (59923.6,57246.8) ops/second in (5.006371,25.031987) seconds
2026/04/06-23:59:12  ... thread 86: (338000,1609000) ops and (67512.9,64274.4) ops/second in (5.006448,25.033278) seconds
2026/04/06-23:59:12  ... thread 127: (342000,1615000) ops and (68357.4,64553.2) ops/second in (5.003114,25.018108) seconds
2026/04/06-23:59:12  ... thread 94: (340000,1769000) ops and (67846.5,70662.4) ops/second in (5.011313,25.034522) seconds
2026/04/06-23:59:12  ... thread 95: (340000,1603000) ops and (67935.6,64057.7) ops/second in (5.004743,25.024327) seconds
2026/04/06-23:59:12  ... thread 123: (339000,2037000) ops and (67743.6,81412.9) ops/second in (5.004161,25.020614) seconds
2026/04/06-23:59:12  ... thread 87: (340000,1609000) ops and (67858.7,64270.5) ops/second in (5.010415,25.034833) seconds
2026/04/06-23:59:12  ... thread 103: (341000,1612000) ops and (68161.5,64420.4) ops/second in (5.002821,25.023124) seconds
2026/04/06-23:59:12  ... thread 89: (340000,1615000) ops and (67978.7,64500.3) ops/second in (5.001568,25.038654) seconds
2026/04/06-23:59:12  ... thread 125: (343000,1563000) ops and (68408.2,62400.3) ops/second in (5.014019,25.047943) seconds
2026/04/06-23:59:12  ... thread 122: (342000,1619000) ops and (68361.6,64653.3) ops/second in (5.002805,25.041248) seconds
2026/04/06-23:59:12  ... thread 82: (338000,1600000) ops and (67440.6,63897.2) ops/second in (5.011817,25.040236) seconds
2026/04/06-23:59:12  ... thread 92: (341000,1617000) ops and (68145.3,64588.8) ops/second in (5.004012,25.035292) seconds
2026/04/06-23:59:12  ... thread 120: (301000,1433000) ops and (60194.5,57249.6) ops/second in (5.000457,25.030762) seconds
2026/04/06-23:59:12  ... thread 112: (340000,1614000) ops and (67961.3,64445.4) ops/second in (5.002848,25.044458) seconds
2026/04/06-23:59:12  ... thread 77: (491000,2388000) ops and (97999.7,95393.4) ops/second in (5.010221,25.033175) seconds
2026/04/06-23:59:12  ... thread 97: (341000,1615000) ops and (68125.9,64479.8) ops/second in (5.005440,25.046590) seconds
2026/04/06-23:59:12  ... thread 100: (340000,1610000) ops and (67981.8,64301.8) ops/second in (5.001340,25.038187) seconds
2026/04/06-23:59:12  ... thread 96: (339000,1608000) ops and (67784.4,64224.6) ops/second in (5.001151,25.037132) seconds
2026/04/06-23:59:12  ... thread 126: (343000,1630000) ops and (68465.2,65089.6) ops/second in (5.009845,25.042418) seconds
2026/04/06-23:59:12  ... thread 91: (342000,1621000) ops and (68296.4,64708.2) ops/second in (5.007582,25.050927) seconds
2026/04/06-23:59:12  ... thread 90: (341000,1612000) ops and (68028.1,64329.2) ops/second in (5.012632,25.058621) seconds
2026/04/06-23:59:17  ... thread 37: (502000,2732000) ops and (100302.6,91018.4) ops/second in (5.004854,30.015920) seconds
2026/04/06-23:59:17  ... thread 9: (502000,2896000) ops and (100344.2,96477.4) ops/second in (5.002778,30.017407) seconds
2026/04/06-23:59:17  ... thread 59: (491000,2432000) ops and (98164.2,81005.4) ops/second in (5.001825,30.022702) seconds
2026/04/06-23:59:17  ... thread 12: (484000,2142000) ops and (96792.1,71339.8) ops/second in (5.000408,30.025305) seconds
2026/04/06-23:59:17  ... thread 24: (345000,1954000) ops and (68994.7,65074.6) ops/second in (5.000384,30.027087) seconds
2026/04/06-23:59:17  ... thread 57: (496000,2631000) ops and (99196.3,87625.5) ops/second in (5.000184,30.025519) seconds
2026/04/06-23:59:17  ... thread 65: (356000,1972000) ops and (71196.7,65677.6) ops/second in (5.000230,30.025437) seconds
2026/04/06-23:59:17  ... thread 39: (345000,1957000) ops and (68946.6,65174.5) ops/second in (5.003873,30.027102) seconds
2026/04/06-23:59:17  ... thread 78: (494000,2883000) ops and (98701.9,96004.5) ops/second in (5.004971,30.029842) seconds
2026/04/06-23:59:17  ... thread 6: (343000,2119000) ops and (68534.1,70562.1) ops/second in (5.004806,30.030290) seconds
2026/04/06-23:59:17  ... thread 18: (502000,2785000) ops and (100176.5,92738.6) ops/second in (5.011157,30.030632) seconds
2026/04/06-23:59:17  ... thread 5: (481000,2794000) ops and (96170.2,93027.8) ops/second in (5.001549,30.034026) seconds
2026/04/06-23:59:17  ... thread 0: (499000,2929000) ops and (99648.0,97526.6) ops/second in (5.007628,30.032833) seconds

** Compaction Stats [default] **
Level    Files   Size     Score Read(GB)  Rn(GB) Rnp1(GB) Write(GB) WPreComp(GB) Wnew(GB) Moved(GB) W-Amp Rd(MB/s) Wr(MB/s) Comp(sec) CompMergeCPU(sec) Comp(cnt) Avg(sec) KeyIn KeyDrop Rblob(GB) Wblob(GB)
-------------------------------------------------------------------------------------------------------------------------------------------------------------------------------------------------------------
  L7     65/0      8.08 GB   0.0      0.0     0.0      0.0       0.0       0.0      0.0       0.0   0.0      0.0      0.0      0.00              0.00         0    0.000       0      0       0.0       0.0
 Sum     65/0      8.08 GB   0.0      0.0     0.0      0.0       0.0       0.0      0.0       0.0   0.0      0.0      0.0      0.00              0.00         0    0.000       0      0       0.0       0.0
 Int      0/0      0.00 KB   0.0      0.0     0.0      0.0       0.0       0.0      0.0       0.0   0.0      0.0      0.0      0.00              0.00         0    0.000       0      0       0.0       0.0

** Compaction Stats [default] **
Priority    Files   Size     Score Read(GB)  Rn(GB) Rnp1(GB) Write(GB) WPreComp(GB) Wnew(GB) Moved(GB) W-Amp Rd(MB/s) Wr(MB/s) Comp(sec) CompMergeCPU(sec) Comp(cnt) Avg(sec) KeyIn KeyDrop Rblob(GB) Wblob(GB)
----------------------------------------------------------------------------------------------------------------------------------------------------------------------------------------------------------------

Blob file count: 0, total size: 0.0 GB, garbage size: 0.0 GB, space amp: 0.0

Uptime(secs): 30.1 total, 30.0 interval
Flush(GB): cumulative 0.000, interval 0.000
AddFile(GB): cumulative 0.000, interval 0.000
AddFile(Total Files): cumulative 0, interval 0
AddFile(L0 Files): cumulative 0, interval 0
AddFile(Keys): cumulative 0, interval 0
Cumulative compaction: 0.00 GB write, 0.00 MB/s write, 0.00 GB read, 0.00 MB/s read, 0.0 seconds
Interval compaction: 0.00 GB write, 0.00 MB/s write, 0.00 GB read, 0.00 MB/s read, 0.0 seconds
Estimated pending compaction bytes: 0
Write Stall (count): cf-l0-file-count-limit-delays-with-ongoing-compaction: 0, cf-l0-file-count-limit-stops-with-ongoing-compaction: 0, l0-file-count-limit-delays: 0, l0-file-count-limit-stops: 0, memtable-limit-delays: 0, memtable-limit-stops: 0, pending-compaction-bytes-delays: 0, pending-compaction-bytes-stops: 0, total-delays: 0, total-stops: 0
Block cache LRUCache@0x564429f3a760#71378 capacity: 14.90 GB seed: 1775512727 usage: 0.09 KB table_size: 1024 occupancy: 1 collections: 1 last_copies: 0 last_secs: 0.00016 secs_since: 30
Block cache entry stats(count,size,portion): Misc(1,0.00 KB,0%)

** File Read Latency Histogram By Level [default] **

** DB Stats **
Uptime(secs): 30.1 total, 5.0 interval
Cumulative writes: 0 writes, 0 keys, 0 commit groups, 0.0 writes per commit group, ingest: 0.00 GB, 0.00 MB/s
Cumulative WAL: 0 writes, 0 syncs, 0.00 writes per sync, written: 0.00 GB, 0.00 MB/s
Cumulative stall: 00:00:0.000 H:M:S, 0.0 percent
Interval writes: 0 writes, 0 keys, 0 commit groups, 0.0 writes per commit group, ingest: 0.00 MB, 0.00 MB/s
Interval WAL: 0 writes, 0 syncs, 0.00 writes per sync, written: 0.00 GB, 0.00 MB/s
Interval stall: 00:00:0.000 H:M:S, 0.0 percent
Write Stall (count): write-buffer-manager-limit-stops: 0
num-running-compactions: 0
num-running-flushes: 0

2026/04/06-23:59:17  ... thread 36: (494000,2903000) ops and (98711.2,96659.4) ops/second in (5.004500,30.033293) seconds
2026/04/06-23:59:17  ... thread 71: (493000,2876000) ops and (98596.5,95760.3) ops/second in (5.000178,30.033326) seconds
2026/04/06-23:59:17  ... thread 33: (496000,2893000) ops and (99053.0,96326.0) ops/second in (5.007421,30.033435) seconds
2026/04/06-23:59:17  ... thread 29: (439000,2519000) ops and (87735.1,83872.4) ops/second in (5.003697,30.033701) seconds
2026/04/06-23:59:17  ... thread 14: (476000,2735000) ops and (95073.1,91054.9) ops/second in (5.006674,30.036818) seconds
2026/04/06-23:59:17  ... thread 56: (491000,2427000) ops and (98001.1,80802.8) ops/second in (5.010146,30.036092) seconds
2026/04/06-23:59:17  ... thread 64: (501000,2907000) ops and (100089.9,96783.0) ops/second in (5.005499,30.036271) seconds
2026/04/06-23:59:17  ... thread 17: (469000,2741000) ops and (93549.1,91247.4) ops/second in (5.013412,30.039204) seconds
2026/04/06-23:59:17  ... thread 22: (348000,1963000) ops and (69438.2,65353.0) ops/second in (5.011653,30.036873) seconds
2026/04/06-23:59:17  ... thread 63: (496000,2899000) ops and (99014.1,96512.5) ops/second in (5.009387,30.037565) seconds
2026/04/06-23:59:17  ... thread 44: (490000,2106000) ops and (97830.9,70110.8) ops/second in (5.008645,30.038150) seconds
2026/04/06-23:59:17  ... thread 7: (326000,1840000) ops and (65127.5,61249.3) ops/second in (5.005566,30.041141) seconds
2026/04/06-23:59:17  ... thread 40: (345000,1961000) ops and (68882.3,65282.4) ops/second in (5.008542,30.038738) seconds
2026/04/06-23:59:17  ... thread 32: (346000,1957000) ops and (69048.1,65149.1) ops/second in (5.010997,30.038810) seconds
2026/04/06-23:59:17  ... thread 52: (492000,2916000) ops and (98239.6,97072.9) ops/second in (5.008166,30.039267) seconds
2026/04/06-23:59:17  ... thread 3: (322000,1829000) ops and (64371.2,60881.2) ops/second in (5.002234,30.042113) seconds
2026/04/06-23:59:17  ... thread 49: (344000,1975000) ops and (68729.9,65745.9) ops/second in (5.005101,30.039888) seconds
2026/04/06-23:59:17  ... thread 21: (327000,1848000) ops and (65287.4,61511.2) ops/second in (5.008627,30.043292) seconds
2026/04/06-23:59:17  ... thread 61: (346000,1960000) ops and (68992.8,65244.6) ops/second in (5.015016,30.040790) seconds
2026/04/06-23:59:17  ... thread 15: (344000,1962000) ops and (68774.1,65308.2) ops/second in (5.001881,30.042175) seconds
2026/04/06-23:59:17  ... thread 25: (341000,2065000) ops and (68086.0,68735.2) ops/second in (5.008374,30.042829) seconds
2026/04/06-23:59:17  ... thread 46: (347000,1963000) ops and (69232.7,65338.4) ops/second in (5.012082,30.043587) seconds
2026/04/06-23:59:17  ... thread 68: (345000,1962000) ops and (68996.0,65304.2) ops/second in (5.000292,30.043989) seconds
2026/04/06-23:59:17  ... thread 58: (491000,2099000) ops and (98019.0,69860.8) ops/second in (5.009231,30.045452) seconds
2026/04/06-23:59:17  ... thread 43: (347000,1967000) ops and (69310.7,65469.1) ops/second in (5.006441,30.044726) seconds
2026/04/06-23:59:17  ... thread 75: (304000,1826000) ops and (60754.2,60778.1) ops/second in (5.003767,30.043711) seconds
2026/04/06-23:59:17  ... thread 11: (497000,2880000) ops and (99235.7,95852.0) ops/second in (5.008278,30.046322) seconds
2026/04/06-23:59:17  ... thread 35: (345000,2178000) ops and (68933.7,72491.1) ops/second in (5.004811,30.045070) seconds
2026/04/06-23:59:17  ... thread 1: (322000,1985000) ops and (64368.8,66060.6) ops/second in (5.002423,30.048189) seconds
2026/04/06-23:59:17  ... thread 38: (342000,1947000) ops and (68205.5,64801.6) ops/second in (5.014257,30.045544) seconds
2026/04/06-23:59:17  ... thread 19: (326000,2193000) ops and (65057.9,72980.9) ops/second in (5.010923,30.048971) seconds
2026/04/06-23:59:17  ... thread 70: (347000,1976000) ops and (69286.2,65765.1) ops/second in (5.008214,30.046330) seconds
2026/04/06-23:59:17  ... thread 10: (332000,2192000) ops and (66346.3,72946.2) ops/second in (5.004046,30.049547) seconds
2026/04/06-23:59:17  ... thread 51: (347000,1959000) ops and (69306.5,65198.3) ops/second in (5.006745,30.046784) seconds
2026/04/06-23:59:17  ... thread 2: (345000,1961000) ops and (68952.9,65262.5) ops/second in (5.003417,30.047886) seconds
2026/04/06-23:59:17  ... thread 66: (345000,1964000) ops and (68963.4,65361.8) ops/second in (5.002657,30.048128) seconds
2026/04/06-23:59:17  ... thread 41: (346000,1960000) ops and (69131.4,65227.6) ops/second in (5.004959,30.048614) seconds
2026/04/06-23:59:17  ... thread 69: (343000,2232000) ops and (68481.4,74279.3) ops/second in (5.008660,30.048768) seconds
2026/04/06-23:59:17  ... thread 81: (346000,1962000) ops and (69074.8,65338.2) ops/second in (5.009061,30.028375) seconds
2026/04/06-23:59:17  ... thread 42: (350000,1967000) ops and (69907.8,65456.7) ops/second in (5.006594,30.050385) seconds
2026/04/06-23:59:17  ... thread 27: (342000,1962000) ops and (68244.7,65290.6) ops/second in (5.011376,30.050260) seconds
2026/04/06-23:59:17  ... thread 23: (349000,1971000) ops and (69744.7,65588.9) ops/second in (5.003963,30.050800) seconds
2026/04/06-23:59:17  ... thread 74: (347000,2009000) ops and (69315.1,66892.2) ops/second in (5.006121,30.033375) seconds
2026/04/06-23:59:17  ... thread 26: (324000,1831000) ops and (64650.4,60924.0) ops/second in (5.011570,30.053850) seconds
2026/04/06-23:59:17  ... thread 50: (494000,2885000) ops and (98604.4,96083.7) ops/second in (5.009919,30.025920) seconds
2026/04/06-23:59:17  ... thread 53: (344000,1952000) ops and (68660.0,64951.4) ops/second in (5.010192,30.053222) seconds
2026/04/06-23:59:17  ... thread 34: (346000,1964000) ops and (69101.3,65353.2) ops/second in (5.007141,30.052064) seconds
2026/04/06-23:59:17  ... thread 20: (325000,1977000) ops and (64834.7,65777.4) ops/second in (5.012749,30.055907) seconds
2026/04/06-23:59:17  ... thread 30: (344000,2263000) ops and (68684.5,75298.7) ops/second in (5.008409,30.053638) seconds
2026/04/06-23:59:17  ... thread 76: (342000,1955000) ops and (68323.6,65085.0) ops/second in (5.005594,30.037641) seconds
2026/04/06-23:59:17  ... thread 99: (499000,2710000) ops and (99770.2,90253.1) ops/second in (5.001493,30.026676) seconds
2026/04/06-23:59:17  ... thread 13: (329000,1839000) ops and (65754.4,61178.6) ops/second in (5.003466,30.059530) seconds
2026/04/06-23:59:17  ... thread 45: (347000,1956000) ops and (69282.4,65104.0) ops/second in (5.008485,30.044250) seconds
2026/04/06-23:59:17  ... thread 60: (494000,2572000) ops and (98751.6,85569.0) ops/second in (5.002450,30.057623) seconds
2026/04/06-23:59:17  ... thread 80: (343000,2216000) ops and (68526.0,73794.9) ops/second in (5.005403,30.029188) seconds
2026/04/06-23:59:17  ... thread 72: (345000,1967000) ops and (68897.2,65436.5) ops/second in (5.007462,30.059698) seconds
2026/04/06-23:59:17  ... thread 48: (345000,1964000) ops and (68866.5,65335.7) ops/second in (5.009690,30.060139) seconds
2026/04/06-23:59:17  ... thread 4: (345000,1955000) ops and (68903.0,65035.6) ops/second in (5.007038,30.060469) seconds
2026/04/06-23:59:17  ... thread 47: (305000,1746000) ops and (60873.0,58082.4) ops/second in (5.010434,30.060748) seconds
2026/04/06-23:59:17  ... thread 54: (346000,2010000) ops and (69026.9,66863.0) ops/second in (5.012542,30.061467) seconds
2026/04/06-23:59:17  ... thread 62: (345000,1951000) ops and (68944.5,64963.6) ops/second in (5.004023,30.032186) seconds
2026/04/06-23:59:17  ... thread 73: (497000,2116000) ops and (99381.9,70395.2) ops/second in (5.000911,30.058847) seconds
2026/04/06-23:59:17  ... thread 16: (317000,1784000) ops and (63219.7,59336.1) ops/second in (5.014259,30.066030) seconds
2026/04/06-23:59:17  ... thread 84: (346000,1960000) ops and (69081.7,65258.3) ops/second in (5.008563,30.034504) seconds
2026/04/06-23:59:17  ... thread 85: (347000,1953000) ops and (69228.3,64961.1) ops/second in (5.012401,30.064151) seconds
2026/04/06-23:59:17  ... thread 55: (346000,1960000) ops and (69194.4,65250.3) ops/second in (5.000402,30.038179) seconds
2026/04/06-23:59:17  ... thread 104: (344000,1950000) ops and (68625.5,64918.3) ops/second in (5.012714,30.037738) seconds
2026/04/06-23:59:17  ... thread 93: (344000,2111000) ops and (68736.3,70268.8) ops/second in (5.004634,30.041767) seconds
2026/04/06-23:59:17  ... thread 110: (366000,1978000) ops and (73163.5,65874.5) ops/second in (5.002496,30.026816) seconds
2026/04/06-23:59:17  ... thread 67: (343000,1959000) ops and (68569.8,65206.7) ops/second in (5.002200,30.042938) seconds
2026/04/06-23:59:17  ... thread 31: (344000,1942000) ops and (68716.0,64629.4) ops/second in (5.006115,30.048222) seconds
2026/04/06-23:59:17  ... thread 79: (304000,1760000) ops and (60724.7,58541.2) ops/second in (5.006197,30.064281) seconds
2026/04/06-23:59:17  ... thread 101: (345000,1986000) ops and (68856.1,66098.5) ops/second in (5.010449,30.046047) seconds
2026/04/06-23:59:17  ... thread 109: (494000,2884000) ops and (98664.2,96014.0) ops/second in (5.006884,30.037301) seconds
2026/04/06-23:59:17  ... thread 98: (346000,1961000) ops and (69005.1,65257.7) ops/second in (5.014120,30.050086) seconds
2026/04/06-23:59:17  ... thread 83: (346000,1960000) ops and (69132.1,65195.0) ops/second in (5.004909,30.063673) seconds
2026/04/06-23:59:17  ... thread 28: (392000,2315000) ops and (78286.7,77012.3) ops/second in (5.007236,30.060142) seconds
2026/04/06-23:59:17  ... thread 106: (352000,1968000) ops and (70390.1,65507.8) ops/second in (5.000705,30.042226) seconds
2026/04/06-23:59:17  ... thread 113: (345000,1953000) ops and (68962.6,65008.8) ops/second in (5.002715,30.042084) seconds
2026/04/06-23:59:17  ... thread 102: (303000,2097000) ops and (60560.2,69764.1) ops/second in (5.003284,30.058460) seconds
2026/04/06-23:59:17  ... thread 121: (350000,2745000) ops and (69962.6,91443.0) ops/second in (5.002672,30.018710) seconds
2026/04/06-23:59:17  ... thread 118: (346000,1957000) ops and (69189.8,65174.6) ops/second in (5.000737,30.027046) seconds
2026/04/06-23:59:17  ... thread 111: (345000,2137000) ops and (68884.7,71127.9) ops/second in (5.008372,30.044451) seconds
2026/04/06-23:59:17  ... thread 119: (345000,1960000) ops and (68938.9,65280.6) ops/second in (5.004429,30.024233) seconds
2026/04/06-23:59:17  ... thread 108: (343000,2003000) ops and (68454.7,66658.0) ops/second in (5.010616,30.048891) seconds
2026/04/06-23:59:17  ... thread 114: (346000,1961000) ops and (69198.3,65277.6) ops/second in (5.000120,30.040950) seconds
2026/04/06-23:59:17  ... thread 107: (503000,2929000) ops and (100588.4,97597.2) ops/second in (5.000579,30.011100) seconds
2026/04/06-23:59:17  ... thread 117: (349000,1971000) ops and (69737.1,65579.8) ops/second in (5.004508,30.054966) seconds
2026/04/06-23:59:17  ... thread 8: (500000,2888000) ops and (99899.6,96174.0) ops/second in (5.005023,30.028921) seconds
2026/04/06-23:59:17  ... thread 88: (495000,2887000) ops and (98949.4,96136.0) ops/second in (5.002559,30.030368) seconds
2026/04/06-23:59:17  ... thread 116: (347000,2691000) ops and (69295.3,89608.5) ops/second in (5.007553,30.030620) seconds
2026/04/06-23:59:17  ... thread 105: (303000,1736000) ops and (60598.0,57804.7) ops/second in (5.000164,30.032151) seconds
2026/04/06-23:59:17  ... thread 86: (346000,1955000) ops and (69176.3,65090.7) ops/second in (5.001715,30.034993) seconds
2026/04/06-23:59:17  ... thread 124: (503000,2482000) ops and (100500.5,82612.4) ops/second in (5.004950,30.043919) seconds
2026/04/06-23:59:17  ... thread 89: (343000,1958000) ops and (68573.4,65178.5) ops/second in (5.001936,30.040590) seconds
2026/04/06-23:59:17  ... thread 123: (342000,2379000) ops and (68338.4,79233.6) ops/second in (5.004508,30.025122) seconds
2026/04/06-23:59:17  ... thread 115: (346000,1959000) ops and (69080.3,65157.5) ops/second in (5.008663,30.065628) seconds
2026/04/06-23:59:17  ... thread 94: (345000,2114000) ops and (68899.4,70368.6) ops/second in (5.007304,30.041826) seconds
2026/04/06-23:59:17  ... thread 127: (347000,1962000) ops and (69272.4,65340.5) ops/second in (5.009208,30.027316) seconds
2026/04/06-23:59:17  ... thread 87: (345000,1954000) ops and (68922.0,65045.5) ops/second in (5.005655,30.040488) seconds
2026/04/06-23:59:17  ... thread 122: (348000,1967000) ops and (69559.2,65470.3) ops/second in (5.002932,30.044180) seconds
2026/04/06-23:59:17  ... thread 103: (345000,1957000) ops and (68881.0,65164.3) ops/second in (5.008636,30.031760) seconds
2026/04/06-23:59:17  ... thread 112: (343000,1957000) ops and (68589.5,65135.2) ops/second in (5.000762,30.045220) seconds
2026/04/06-23:59:17  ... thread 95: (345000,1948000) ops and (68821.9,64852.8) ops/second in (5.012942,30.037269) seconds
2026/04/06-23:59:17  ... thread 125: (346000,1909000) ops and (69052.5,63509.2) ops/second in (5.010682,30.058625) seconds
2026/04/06-23:59:17  ... thread 96: (345000,1953000) ops and (68988.5,65017.7) ops/second in (5.000830,30.037962) seconds
2026/04/06-23:59:17  ... thread 100: (345000,1955000) ops and (68975.5,65080.0) ops/second in (5.001773,30.039960) seconds
2026/04/06-23:59:17  ... thread 77: (495000,2883000) ops and (98900.5,95977.8) ops/second in (5.005032,30.038207) seconds
2026/04/06-23:59:17  ... thread 120: (305000,1738000) ops and (60889.9,57856.6) ops/second in (5.009044,30.039806) seconds
2026/04/06-23:59:17  ... thread 97: (345000,1960000) ops and (68918.6,65219.2) ops/second in (5.005905,30.052495) seconds
2026/04/06-23:59:17  ... thread 82: (343000,1943000) ops and (68406.3,64649.4) ops/second in (5.014159,30.054395) seconds
2026/04/06-23:59:17  ... thread 92: (345000,1962000) ops and (68839.4,65297.8) ops/second in (5.011665,30.046957) seconds
2026/04/06-23:59:17  ... thread 91: (347000,1968000) ops and (69372.3,65484.5) ops/second in (5.001996,30.052923) seconds
2026/04/06-23:59:17  ... thread 126: (348000,1978000) ops and (69478.3,65821.0) ops/second in (5.008760,30.051178) seconds
2026/04/06-23:59:17  ... thread 90: (345000,1957000) ops and (68844.8,65081.7) ops/second in (5.011275,30.069896) seconds
2026/04/06-23:59:22  ... thread 37: (495000,3227000) ops and (98921.5,92147.6) ops/second in (5.003970,35.019890) seconds
2026/04/06-23:59:22  ... thread 9: (508000,3404000) ops and (101478.3,97192.1) ops/second in (5.005998,35.023405) seconds
2026/04/06-23:59:22  ... thread 24: (348000,2302000) ops and (69589.5,65719.2) ops/second in (5.000751,35.027838) seconds
2026/04/06-23:59:22  ... thread 65: (348000,2320000) ops and (69563.3,66232.6) ops/second in (5.002640,35.028077) seconds
2026/04/06-23:59:22  ... thread 59: (379000,2811000) ops and (75717.4,80249.7) ops/second in (5.005453,35.028155) seconds
2026/04/06-23:59:22  ... thread 18: (360000,3145000) ops and (71985.9,89776.1) ops/second in (5.000977,35.031609) seconds
2026/04/06-23:59:22  ... thread 78: (492000,3375000) ops and (98343.6,96338.5) ops/second in (5.002866,35.032708) seconds
2026/04/06-23:59:22  ... thread 33: (498000,3391000) ops and (99582.5,96790.8) ops/second in (5.000879,35.034314) seconds
2026/04/06-23:59:22  ... thread 14: (482000,3217000) ops and (96385.2,91815.7) ops/second in (5.000767,35.037585) seconds
2026/04/06-23:59:22  ... thread 36: (496000,3399000) ops and (99158.3,97016.2) ops/second in (5.002101,35.035394) seconds
2026/04/06-23:59:22  ... thread 57: (500000,3131000) ops and (99803.4,89366.8) ops/second in (5.009847,35.035366) seconds
2026/04/06-23:59:22  ... thread 29: (497000,3016000) ops and (99357.4,86083.3) ops/second in (5.002143,35.035844) seconds
2026/04/06-23:59:22  ... thread 39: (347000,2304000) ops and (69274.1,65760.6) ops/second in (5.009087,35.036189) seconds
2026/04/06-23:59:22  ... thread 12: (459000,2601000) ops and (91548.8,74231.5) ops/second in (5.013717,35.039022) seconds
2026/04/06-23:59:22  ... thread 5: (454000,3248000) ops and (90691.4,92694.0) ops/second in (5.005985,35.040011) seconds
2026/04/06-23:59:22  ... thread 6: (349000,2468000) ops and (69673.4,70435.0) ops/second in (5.009084,35.039374) seconds
2026/04/06-23:59:22  ... thread 7: (329000,2169000) ops and (65782.4,61896.3) ops/second in (5.001341,35.042482) seconds
2026/04/06-23:59:22  ... thread 71: (494000,3370000) ops and (98672.2,96176.3) ops/second in (5.006478,35.039804) seconds
2026/04/06-23:59:22  ... thread 64: (505000,3412000) ops and (100896.3,97370.5) ops/second in (5.005141,35.041412) seconds
2026/04/06-23:59:22  ... thread 22: (349000,2312000) ops and (69729.9,65978.2) ops/second in (5.005030,35.041903) seconds
2026/04/06-23:59:22  ... thread 63: (498000,3397000) ops and (99507.9,96940.3) ops/second in (5.004627,35.042192) seconds
2026/04/06-23:59:22  ... thread 44: (507000,2613000) ops and (101318.1,74567.3) ops/second in (5.004043,35.042193) seconds
2026/04/06-23:59:22  ... thread 40: (348000,2309000) ops and (69546.4,65891.2) ops/second in (5.003856,35.042594) seconds
2026/04/06-23:59:22  ... thread 17: (330000,3071000) ops and (65913.6,87628.3) ops/second in (5.006553,35.045757) seconds
2026/04/06-23:59:22  ... thread 32: (349000,2306000) ops and (69737.6,65804.3) ops/second in (5.004472,35.043282) seconds
2026/04/06-23:59:22  ... thread 15: (346000,2308000) ops and (69184.2,65861.3) ops/second in (5.001141,35.043316) seconds
2026/04/06-23:59:22  ... thread 52: (494000,3410000) ops and (98718.5,97307.9) ops/second in (5.004128,35.043395) seconds
2026/04/06-23:59:22  ... thread 25: (347000,2412000) ops and (69385.1,68827.9) ops/second in (5.001074,35.043903) seconds
2026/04/06-23:59:22  ... thread 61: (347000,2307000) ops and (69355.7,65831.6) ops/second in (5.003197,35.043987) seconds
2026/04/06-23:59:22  ... thread 56: (496000,2923000) ops and (99022.9,83407.0) ops/second in (5.008943,35.045035) seconds
2026/04/06-23:59:22  ... thread 21: (329000,2177000) ops and (65730.3,62113.8) ops/second in (5.005302,35.048594) seconds
2026/04/06-23:59:22  ... thread 70: (358000,2334000) ops and (71598.7,66597.4) ops/second in (5.000089,35.046419) seconds
2026/04/06-23:59:22  ... thread 0: (478000,3407000) ops and (95338.8,97213.6) ops/second in (5.013696,35.046529) seconds

** Compaction Stats [default] **
Level    Files   Size     Score Read(GB)  Rn(GB) Rnp1(GB) Write(GB) WPreComp(GB) Wnew(GB) Moved(GB) W-Amp Rd(MB/s) Wr(MB/s) Comp(sec) CompMergeCPU(sec) Comp(cnt) Avg(sec) KeyIn KeyDrop Rblob(GB) Wblob(GB)
-------------------------------------------------------------------------------------------------------------------------------------------------------------------------------------------------------------
  L7     65/0      8.08 GB   0.0      0.0     0.0      0.0       0.0       0.0      0.0       0.0   0.0      0.0      0.0      0.00              0.00         0    0.000       0      0       0.0       0.0
 Sum     65/0      8.08 GB   0.0      0.0     0.0      0.0       0.0       0.0      0.0       0.0   0.0      0.0      0.0      0.00              0.00         0    0.000       0      0       0.0       0.0
 Int      0/0      0.00 KB   0.0      0.0     0.0      0.0       0.0       0.0      0.0       0.0   0.0      0.0      0.0      0.00              0.00         0    0.000       0      0       0.0       0.0

** Compaction Stats [default] **
Priority    Files   Size     Score Read(GB)  Rn(GB) Rnp1(GB) Write(GB) WPreComp(GB) Wnew(GB) Moved(GB) W-Amp Rd(MB/s) Wr(MB/s) Comp(sec) CompMergeCPU(sec) Comp(cnt) Avg(sec) KeyIn KeyDrop Rblob(GB) Wblob(GB)
----------------------------------------------------------------------------------------------------------------------------------------------------------------------------------------------------------------

Blob file count: 0, total size: 0.0 GB, garbage size: 0.0 GB, space amp: 0.0

Uptime(secs): 35.1 total, 35.1 interval
Flush(GB): cumulative 0.000, interval 0.000
AddFile(GB): cumulative 0.000, interval 0.000
AddFile(Total Files): cumulative 0, interval 0
AddFile(L0 Files): cumulative 0, interval 0
AddFile(Keys): cumulative 0, interval 0
Cumulative compaction: 0.00 GB write, 0.00 MB/s write, 0.00 GB read, 0.00 MB/s read, 0.0 seconds
Interval compaction: 0.00 GB write, 0.00 MB/s write, 0.00 GB read, 0.00 MB/s read, 0.0 seconds
Estimated pending compaction bytes: 0
Write Stall (count): cf-l0-file-count-limit-delays-with-ongoing-compaction: 0, cf-l0-file-count-limit-stops-with-ongoing-compaction: 0, l0-file-count-limit-delays: 0, l0-file-count-limit-stops: 0, memtable-limit-delays: 0, memtable-limit-stops: 0, pending-compaction-bytes-delays: 0, pending-compaction-bytes-stops: 0, total-delays: 0, total-stops: 0
Block cache LRUCache@0x564429f3a760#71378 capacity: 14.90 GB seed: 1775512727 usage: 0.09 KB table_size: 1024 occupancy: 1 collections: 1 last_copies: 0 last_secs: 0.00016 secs_since: 35
Block cache entry stats(count,size,portion): Misc(1,0.00 KB,0%)

** File Read Latency Histogram By Level [default] **

** DB Stats **
Uptime(secs): 35.1 total, 5.0 interval
Cumulative writes: 0 writes, 0 keys, 0 commit groups, 0.0 writes per commit group, ingest: 0.00 GB, 0.00 MB/s
Cumulative WAL: 0 writes, 0 syncs, 0.00 writes per sync, written: 0.00 GB, 0.00 MB/s
Cumulative stall: 00:00:0.000 H:M:S, 0.0 percent
Interval writes: 0 writes, 0 keys, 0 commit groups, 0.0 writes per commit group, ingest: 0.00 MB, 0.00 MB/s
Interval WAL: 0 writes, 0 syncs, 0.00 writes per sync, written: 0.00 GB, 0.00 MB/s
Interval stall: 00:00:0.000 H:M:S, 0.0 percent
Write Stall (count): write-buffer-manager-limit-stops: 0
num-running-compactions: 0
num-running-flushes: 0

2026/04/06-23:59:22  ... thread 35: (347000,2525000) ops and (69367.4,72045.3) ops/second in (5.002348,35.047418) seconds
2026/04/06-23:59:22  ... thread 38: (346000,2293000) ops and (69164.9,65424.4) ops/second in (5.002541,35.048085) seconds
2026/04/06-23:59:22  ... thread 75: (305000,2131000) ops and (60957.9,60803.8) ops/second in (5.003456,35.047167) seconds
2026/04/06-23:59:22  ... thread 2: (347000,2308000) ops and (69391.6,65851.6) ops/second in (5.000603,35.048489) seconds
2026/04/06-23:59:22  ... thread 41: (488000,2448000) ops and (97596.9,69845.5) ops/second in (5.000158,35.048772) seconds
2026/04/06-23:59:22  ... thread 68: (348000,2310000) ops and (69526.2,65907.2) ops/second in (5.005307,35.049296) seconds
2026/04/06-23:59:22  ... thread 11: (505000,3385000) ops and (100900.6,96572.9) ops/second in (5.004928,35.051250) seconds
2026/04/06-23:59:22  ... thread 42: (347000,2314000) ops and (69396.7,66018.8) ops/second in (5.000239,35.050624) seconds
2026/04/06-23:59:22  ... thread 10: (334000,2526000) ops and (66723.7,72057.6) ops/second in (5.005720,35.055267) seconds
2026/04/06-23:59:22  ... thread 58: (497000,2596000) ops and (99219.6,74056.0) ops/second in (5.009092,35.054544) seconds
2026/04/06-23:59:22  ... thread 3: (328000,2157000) ops and (65412.0,61529.3) ops/second in (5.014371,35.056484) seconds
2026/04/06-23:59:22  ... thread 49: (347000,2322000) ops and (69206.8,66240.9) ops/second in (5.013961,35.053849) seconds
2026/04/06-23:59:22  ... thread 46: (348000,2311000) ops and (69455.5,65926.9) ops/second in (5.010400,35.053987) seconds
2026/04/06-23:59:22  ... thread 50: (494000,3379000) ops and (98747.1,96464.0) ops/second in (5.002679,35.028599) seconds
2026/04/06-23:59:22  ... thread 1: (328000,2313000) ops and (65476.4,65977.1) ops/second in (5.009440,35.057629) seconds
2026/04/06-23:59:22  ... thread 19: (332000,2525000) ops and (66274.1,72022.5) ops/second in (5.009502,35.058473) seconds
2026/04/06-23:59:22  ... thread 43: (349000,2316000) ops and (69631.6,66064.2) ops/second in (5.012090,35.056816) seconds
2026/04/06-23:59:22  ... thread 51: (350000,2309000) ops and (69839.8,65861.8) ops/second in (5.011468,35.058252) seconds
2026/04/06-23:59:22  ... thread 27: (371000,2333000) ops and (74082.5,66546.5) ops/second in (5.007931,35.058191) seconds
2026/04/06-23:59:22  ... thread 23: (348000,2319000) ops and (69489.0,66146.0) ops/second in (5.007984,35.058784) seconds
2026/04/06-23:59:22  ... thread 26: (327000,2158000) ops and (65292.3,61547.9) ops/second in (5.008250,35.062100) seconds
2026/04/06-23:59:22  ... thread 53: (349000,2301000) ops and (69681.4,65627.1) ops/second in (5.008509,35.061731) seconds
2026/04/06-23:59:22  ... thread 69: (349000,2581000) ops and (69631.2,73614.8) ops/second in (5.012118,35.060886) seconds
2026/04/06-23:59:22  ... thread 66: (348000,2312000) ops and (69420.9,65942.2) ops/second in (5.012901,35.061029) seconds
2026/04/06-23:59:22  ... thread 72: (347000,2314000) ops and (69379.8,65999.0) ops/second in (5.001458,35.061156) seconds
2026/04/06-23:59:22  ... thread 60: (496000,3068000) ops and (99120.1,87503.0) ops/second in (5.004028,35.061651) seconds
2026/04/06-23:59:22  ... thread 62: (347000,2298000) ops and (69396.8,65596.4) ops/second in (5.000229,35.032415) seconds
2026/04/06-23:59:22  ... thread 74: (349000,2358000) ops and (69647.6,67286.2) ops/second in (5.010938,35.044313) seconds
2026/04/06-23:59:22  ... thread 81: (349000,2311000) ops and (69615.9,65950.2) ops/second in (5.013221,35.041596) seconds
2026/04/06-23:59:22  ... thread 45: (347000,2303000) ops and (69308.4,65704.5) ops/second in (5.006608,35.050858) seconds
2026/04/06-23:59:22  ... thread 13: (331000,2170000) ops and (66099.8,61881.3) ops/second in (5.007580,35.067110) seconds
2026/04/06-23:59:22  ... thread 30: (345000,2608000) ops and (68851.3,74377.3) ops/second in (5.010801,35.064439) seconds
2026/04/06-23:59:22  ... thread 48: (370000,2334000) ops and (73930.5,66562.4) ops/second in (5.004699,35.064838) seconds
2026/04/06-23:59:22  ... thread 34: (348000,2312000) ops and (69425.3,65935.4) ops/second in (5.012583,35.064647) seconds
2026/04/06-23:59:22  ... thread 99: (478000,3188000) ops and (95442.3,90994.9) ops/second in (5.008259,35.034935) seconds
2026/04/06-23:59:22  ... thread 47: (307000,2053000) ops and (61345.4,58548.1) ops/second in (5.004454,35.065202) seconds
2026/04/06-23:59:22  ... thread 73: (363000,2479000) ops and (72546.1,70702.2) ops/second in (5.003714,35.062561) seconds
2026/04/06-23:59:22  ... thread 76: (349000,2304000) ops and (69643.0,65736.7) ops/second in (5.011275,35.048916) seconds
2026/04/06-23:59:22  ... thread 20: (328000,2305000) ops and (65419.8,65726.3) ops/second in (5.013775,35.069682) seconds
2026/04/06-23:59:22  ... thread 54: (338000,2348000) ops and (67519.5,66956.7) ops/second in (5.005959,35.067426) seconds
2026/04/06-23:59:22  ... thread 16: (318000,2102000) ops and (63514.1,59932.5) ops/second in (5.006766,35.072796) seconds
2026/04/06-23:59:22  ... thread 4: (349000,2304000) ops and (69662.3,65696.5) ops/second in (5.009883,35.070352) seconds
2026/04/06-23:59:22  ... thread 55: (348000,2308000) ops and (69553.8,65864.8) ops/second in (5.003321,35.041500) seconds
2026/04/06-23:59:22  ... thread 80: (348000,2564000) ops and (69394.7,73165.2) ops/second in (5.014791,35.043979) seconds
2026/04/06-23:59:22  ... thread 84: (347000,2307000) ops and (69249.7,65829.0) ops/second in (5.010849,35.045353) seconds
2026/04/06-23:59:22  ... thread 85: (348000,2301000) ops and (69430.9,65599.8) ops/second in (5.012180,35.076331) seconds
2026/04/06-23:59:22  ... thread 104: (348000,2298000) ops and (69495.9,65572.4) ops/second in (5.007490,35.045228) seconds
2026/04/06-23:59:22  ... thread 110: (499000,2477000) ops and (99611.1,70698.1) ops/second in (5.009483,35.036299) seconds
2026/04/06-23:59:22  ... thread 67: (346000,2305000) ops and (69066.2,65758.3) ops/second in (5.009684,35.052622) seconds
2026/04/06-23:59:22  ... thread 93: (346000,2457000) ops and (69025.9,70091.1) ops/second in (5.012608,35.054375) seconds
2026/04/06-23:59:22  ... thread 98: (348000,2309000) ops and (69536.5,65868.6) ops/second in (5.004564,35.054650) seconds
2026/04/06-23:59:22  ... thread 109: (506000,3390000) ops and (101043.6,96732.7) ops/second in (5.007741,35.045042) seconds
2026/04/06-23:59:22  ... thread 31: (347000,2289000) ops and (69226.5,65286.7) ops/second in (5.012529,35.060751) seconds
2026/04/06-23:59:22  ... thread 79: (306000,2066000) ops and (61040.6,58898.4) ops/second in (5.013056,35.077337) seconds
2026/04/06-23:59:22  ... thread 101: (348000,2334000) ops and (69419.0,66573.3) ops/second in (5.013034,35.059081) seconds
2026/04/06-23:59:22  ... thread 83: (349000,2309000) ops and (69727.4,65841.9) ops/second in (5.005203,35.068876) seconds
2026/04/06-23:59:22  ... thread 28: (349000,2664000) ops and (69734.5,75973.5) ops/second in (5.004698,35.064840) seconds
2026/04/06-23:59:22  ... thread 106: (348000,2316000) ops and (69449.3,66071.2) ops/second in (5.010853,35.053079) seconds
2026/04/06-23:59:22  ... thread 113: (348000,2301000) ops and (69436.9,65641.9) ops/second in (5.011741,35.053825) seconds
2026/04/06-23:59:22  ... thread 102: (306000,2403000) ops and (61050.8,68518.8) ops/second in (5.012219,35.070679) seconds
2026/04/06-23:59:22  ... thread 118: (349000,2306000) ops and (69753.6,65828.6) ops/second in (5.003325,35.030371) seconds
2026/04/06-23:59:22  ... thread 108: (345000,2348000) ops and (68956.8,66986.1) ops/second in (5.003134,35.052025) seconds
2026/04/06-23:59:22  ... thread 119: (349000,2309000) ops and (69735.9,65917.1) ops/second in (5.004595,35.028828) seconds
2026/04/06-23:59:22  ... thread 121: (348000,3093000) ops and (69408.8,88289.5) ops/second in (5.013775,35.032485) seconds
2026/04/06-23:59:22  ... thread 114: (349000,2310000) ops and (69693.7,65908.5) ops/second in (5.007624,35.048574) seconds
2026/04/06-23:59:22  ... thread 111: (348000,2485000) ops and (69422.6,70884.1) ops/second in (5.012779,35.057230) seconds
2026/04/06-23:59:22  ... thread 107: (509000,3438000) ops and (101603.5,98170.3) ops/second in (5.009669,35.020769) seconds
2026/04/06-23:59:22  ... thread 116: (348000,3039000) ops and (69540.0,86742.0) ops/second in (5.004311,35.034931) seconds
2026/04/06-23:59:22  ... thread 88: (497000,3384000) ops and (99307.4,96589.0) ops/second in (5.004663,35.035031) seconds
2026/04/06-23:59:22  ... thread 8: (504000,3392000) ops and (100666.9,96816.0) ops/second in (5.006613,35.035534) seconds
2026/04/06-23:59:22  ... thread 86: (346000,2301000) ops and (69172.8,65673.5) ops/second in (5.001966,35.036959) seconds
2026/04/06-23:59:22  ... thread 117: (351000,2322000) ops and (70042.6,66217.6) ops/second in (5.011234,35.066200) seconds
2026/04/06-23:59:22  ... thread 124: (507000,2989000) ops and (101371.6,85289.6) ops/second in (5.001401,35.045320) seconds
2026/04/06-23:59:22  ... thread 105: (307000,2043000) ops and (61311.3,58305.8) ops/second in (5.007235,35.039386) seconds
2026/04/06-23:59:22  ... thread 89: (465000,2423000) ops and (92984.6,69146.7) ops/second in (5.000829,35.041419) seconds
2026/04/06-23:59:22  ... thread 123: (347000,2726000) ops and (69376.1,77826.0) ops/second in (5.001722,35.026844) seconds
2026/04/06-23:59:22  ... thread 115: (348000,2307000) ops and (69563.6,65786.0) ops/second in (5.002616,35.068244) seconds
2026/04/06-23:59:22  ... thread 94: (347000,2461000) ops and (69351.4,70223.3) ops/second in (5.003503,35.045329) seconds
2026/04/06-23:59:22  ... thread 122: (350000,2317000) ops and (69960.3,66111.2) ops/second in (5.002840,35.047020) seconds
2026/04/06-23:59:22  ... thread 125: (348000,2257000) ops and (69589.0,64376.4) ops/second in (5.000792,35.059417) seconds
2026/04/06-23:59:22  ... thread 127: (349000,2311000) ops and (69686.8,65961.8) ops/second in (5.008122,35.035438) seconds
2026/04/06-23:59:22  ... thread 87: (378000,2332000) ops and (75460.1,66534.0) ops/second in (5.009272,35.049760) seconds
2026/04/06-23:59:22  ... thread 95: (347000,2295000) ops and (69341.5,65493.8) ops/second in (5.004220,35.041489) seconds
2026/04/06-23:59:22  ... thread 112: (345000,2302000) ops and (68928.4,65676.8) ops/second in (5.005192,35.050412) seconds
2026/04/06-23:59:22  ... thread 103: (348000,2305000) ops and (69488.2,65782.3) ops/second in (5.008043,35.039803) seconds
2026/04/06-23:59:22  ... thread 96: (496000,2449000) ops and (99144.3,69890.0) ops/second in (5.002811,35.040773) seconds
2026/04/06-23:59:22  ... thread 100: (348000,2303000) ops and (69553.4,65718.7) ops/second in (5.003352,35.043312) seconds
2026/04/06-23:59:22  ... thread 92: (348000,2310000) ops and (69571.8,65907.8) ops/second in (5.002026,35.048983) seconds
2026/04/06-23:59:22  ... thread 77: (497000,3380000) ops and (99206.4,96439.3) ops/second in (5.009756,35.047963) seconds
2026/04/06-23:59:22  ... thread 97: (349000,2309000) ops and (69675.4,65855.8) ops/second in (5.008940,35.061435) seconds
2026/04/06-23:59:22  ... thread 82: (345000,2288000) ops and (68848.1,65249.5) ops/second in (5.011028,35.065423) seconds
2026/04/06-23:59:22  ... thread 120: (307000,2045000) ops and (61207.5,58336.0) ops/second in (5.015728,35.055534) seconds
2026/04/06-23:59:22  ... thread 91: (348000,2316000) ops and (69430.5,66048.5) ops/second in (5.012210,35.065133) seconds
2026/04/06-23:59:22  ... thread 126: (351000,2329000) ops and (70060.0,66426.8) ops/second in (5.009995,35.061173) seconds
2026/04/06-23:59:22  ... thread 90: (349000,2306000) ops and (69650.0,65734.2) ops/second in (5.010768,35.080664) seconds
2026/04/06-23:59:27  ... thread 37: (497000,3724000) ops and (99351.9,93048.1) ops/second in (5.002423,40.022313) seconds
2026/04/06-23:59:27  ... thread 9: (510000,3914000) ops and (101938.2,97785.4) ops/second in (5.003030,40.026435) seconds
2026/04/06-23:59:27  ... thread 33: (497000,3888000) ops and (99370.5,97113.1) ops/second in (5.001486,40.035800) seconds
2026/04/06-23:59:27  ... thread 18: (343000,3488000) ops and (68534.7,87120.8) ops/second in (5.004762,40.036371) seconds
2026/04/06-23:59:27  ... thread 57: (410000,3541000) ops and (81967.5,88442.4) ops/second in (5.001981,40.037347) seconds
2026/04/06-23:59:27  ... thread 24: (349000,2651000) ops and (69632.2,66209.0) ops/second in (5.012049,40.039887) seconds
2026/04/06-23:59:27  ... thread 12: (354000,2955000) ops and (70770.4,73799.1) ops/second in (5.002092,40.041114) seconds
2026/04/06-23:59:27  ... thread 78: (497000,3872000) ops and (99278.6,96706.1) ops/second in (5.006113,40.038821) seconds
2026/04/06-23:59:27  ... thread 7: (328000,2497000) ops and (65585.5,62357.1) ops/second in (5.001102,40.043584) seconds
2026/04/06-23:59:27  ... thread 59: (346000,3157000) ops and (69019.2,78843.7) ops/second in (5.013100,40.041255) seconds
2026/04/06-23:59:27  ... thread 65: (346000,2666000) ops and (69007.1,66580.0) ops/second in (5.013976,40.042053) seconds
2026/04/06-23:59:27  ... thread 6: (349000,2817000) ops and (69760.2,70350.7) ops/second in (5.002850,40.042224) seconds
2026/04/06-23:59:27  ... thread 36: (496000,3895000) ops and (99051.3,97270.7) ops/second in (5.007507,40.042901) seconds
2026/04/06-23:59:27  ... thread 5: (331000,3579000) ops and (66123.7,89372.7) ops/second in (5.005768,40.045779) seconds
2026/04/06-23:59:27  ... thread 14: (487000,3704000) ops and (97227.1,92492.5) ops/second in (5.008892,40.046477) seconds
2026/04/06-23:59:27  ... thread 29: (498000,3514000) ops and (99418.7,87751.4) ops/second in (5.009117,40.044961) seconds
2026/04/06-23:59:27  ... thread 40: (348000,2657000) ops and (69558.5,66349.4) ops/second in (5.002984,40.045578) seconds
2026/04/06-23:59:27  ... thread 17: (329000,3400000) ops and (65766.3,84897.4) ops/second in (5.002561,40.048318) seconds
2026/04/06-23:59:27  ... thread 39: (348000,2652000) ops and (69464.8,66224.0) ops/second in (5.009728,40.045917) seconds
2026/04/06-23:59:27  ... thread 71: (493000,3863000) ops and (98474.9,96463.7) ops/second in (5.006351,40.046155) seconds
2026/04/06-23:59:27  ... thread 15: (353000,2661000) ops and (70552.3,66447.4) ops/second in (5.003381,40.046697) seconds
2026/04/06-23:59:27  ... thread 0: (348000,3755000) ops and (69584.1,93763.3) ops/second in (5.001142,40.047671) seconds

** Compaction Stats [default] **
Level    Files   Size     Score Read(GB)  Rn(GB) Rnp1(GB) Write(GB) WPreComp(GB) Wnew(GB) Moved(GB) W-Amp Rd(MB/s) Wr(MB/s) Comp(sec) CompMergeCPU(sec) Comp(cnt) Avg(sec) KeyIn KeyDrop Rblob(GB) Wblob(GB)
-------------------------------------------------------------------------------------------------------------------------------------------------------------------------------------------------------------
  L7     65/0      8.08 GB   0.0      0.0     0.0      0.0       0.0       0.0      0.0       0.0   0.0      0.0      0.0      0.00              0.00         0    0.000       0      0       0.0       0.0
 Sum     65/0      8.08 GB   0.0      0.0     0.0      0.0       0.0       0.0      0.0       0.0   0.0      0.0      0.0      0.00              0.00         0    0.000       0      0       0.0       0.0
 Int      0/0      0.00 KB   0.0      0.0     0.0      0.0       0.0       0.0      0.0       0.0   0.0      0.0      0.0      0.00              0.00         0    0.000       0      0       0.0       0.0

** Compaction Stats [default] **
Priority    Files   Size     Score Read(GB)  Rn(GB) Rnp1(GB) Write(GB) WPreComp(GB) Wnew(GB) Moved(GB) W-Amp Rd(MB/s) Wr(MB/s) Comp(sec) CompMergeCPU(sec) Comp(cnt) Avg(sec) KeyIn KeyDrop Rblob(GB) Wblob(GB)
----------------------------------------------------------------------------------------------------------------------------------------------------------------------------------------------------------------

Blob file count: 0, total size: 0.0 GB, garbage size: 0.0 GB, space amp: 0.0

Uptime(secs): 40.1 total, 40.1 interval
Flush(GB): cumulative 0.000, interval 0.000
AddFile(GB): cumulative 0.000, interval 0.000
AddFile(Total Files): cumulative 0, interval 0
AddFile(L0 Files): cumulative 0, interval 0
AddFile(Keys): cumulative 0, interval 0
Cumulative compaction: 0.00 GB write, 0.00 MB/s write, 0.00 GB read, 0.00 MB/s read, 0.0 seconds
Interval compaction: 0.00 GB write, 0.00 MB/s write, 0.00 GB read, 0.00 MB/s read, 0.0 seconds
Estimated pending compaction bytes: 0
Write Stall (count): cf-l0-file-count-limit-delays-with-ongoing-compaction: 0, cf-l0-file-count-limit-stops-with-ongoing-compaction: 0, l0-file-count-limit-delays: 0, l0-file-count-limit-stops: 0, memtable-limit-delays: 0, memtable-limit-stops: 0, pending-compaction-bytes-delays: 0, pending-compaction-bytes-stops: 0, total-delays: 0, total-stops: 0
Block cache LRUCache@0x564429f3a760#71378 capacity: 14.90 GB seed: 1775512727 usage: 0.09 KB table_size: 1024 occupancy: 1 collections: 1 last_copies: 0 last_secs: 0.00016 secs_since: 40
Block cache entry stats(count,size,portion): Misc(1,0.00 KB,0%)

** File Read Latency Histogram By Level [default] **

** DB Stats **
Uptime(secs): 40.1 total, 5.0 interval
Cumulative writes: 0 writes, 0 keys, 0 commit groups, 0.0 writes per commit group, ingest: 0.00 GB, 0.00 MB/s
Cumulative WAL: 0 writes, 0 syncs, 0.00 writes per sync, written: 0.00 GB, 0.00 MB/s
Cumulative stall: 00:00:0.000 H:M:S, 0.0 percent
Interval writes: 0 writes, 0 keys, 0 commit groups, 0.0 writes per commit group, ingest: 0.00 MB, 0.00 MB/s
Interval WAL: 0 writes, 0 syncs, 0.00 writes per sync, written: 0.00 GB, 0.00 MB/s
Interval stall: 00:00:0.000 H:M:S, 0.0 percent
Write Stall (count): write-buffer-manager-limit-stops: 0
num-running-compactions: 0
num-running-flushes: 0

2026/04/06-23:59:27  ... thread 44: (510000,3123000) ops and (101867.8,77980.1) ops/second in (5.006489,40.048682) seconds
2026/04/06-23:59:27  ... thread 2: (347000,2655000) ops and (69385.3,66292.9) ops/second in (5.001062,40.049551) seconds
2026/04/06-23:59:27  ... thread 64: (508000,3920000) ops and (101430.6,97878.2) ops/second in (5.008353,40.049765) seconds
2026/04/06-23:59:27  ... thread 52: (495000,3905000) ops and (98857.0,97501.6) ops/second in (5.007232,40.050627) seconds
2026/04/06-23:59:27  ... thread 32: (432000,2738000) ops and (86263.8,68362.5) ops/second in (5.007893,40.051175) seconds
2026/04/06-23:59:27  ... thread 63: (498000,3895000) ops and (99413.8,97249.6) ops/second in (5.009367,40.051559) seconds
2026/04/06-23:59:27  ... thread 61: (347000,2654000) ops and (69290.5,66264.0) ops/second in (5.007905,40.051892) seconds
2026/04/06-23:59:27  ... thread 42: (348000,2662000) ops and (69579.3,66463.4) ops/second in (5.001489,40.052113) seconds
2026/04/06-23:59:27  ... thread 68: (347000,2657000) ops and (69349.8,66337.2) ops/second in (5.003621,40.052917) seconds
2026/04/06-23:59:27  ... thread 21: (330000,2507000) ops and (65903.3,62587.5) ops/second in (5.007340,40.055934) seconds
2026/04/06-23:59:27  ... thread 22: (348000,2660000) ops and (69440.7,66411.4) ops/second in (5.011470,40.053373) seconds
2026/04/06-23:59:27  ... thread 38: (347000,2640000) ops and (69311.6,65910.3) ops/second in (5.006378,40.054463) seconds
2026/04/06-23:59:27  ... thread 56: (510000,3433000) ops and (101810.1,85708.5) ops/second in (5.009328,40.054363) seconds
2026/04/06-23:59:27  ... thread 46: (349000,2660000) ops and (69789.9,66409.2) ops/second in (5.000724,40.054711) seconds
2026/04/06-23:59:27  ... thread 25: (348000,2760000) ops and (69434.6,68903.9) ops/second in (5.011907,40.055810) seconds
2026/04/06-23:59:27  ... thread 50: (494000,3873000) ops and (98728.7,96747.1) ops/second in (5.003611,40.032210) seconds
2026/04/06-23:59:27  ... thread 35: (348000,2873000) ops and (69446.2,71720.1) ops/second in (5.011072,40.058490) seconds
2026/04/06-23:59:27  ... thread 41: (510000,2958000) ops and (101797.3,73841.6) ops/second in (5.009958,40.058730) seconds
2026/04/06-23:59:27  ... thread 70: (470000,2804000) ops and (93764.6,69996.8) ops/second in (5.012553,40.058972) seconds
2026/04/06-23:59:27  ... thread 10: (335000,2861000) ops and (66907.0,71413.9) ops/second in (5.006949,40.062216) seconds
2026/04/06-23:59:27  ... thread 11: (415000,3800000) ops and (82841.7,94855.8) ops/second in (5.009553,40.060803) seconds
2026/04/06-23:59:27  ... thread 3: (327000,2484000) ops and (65319.3,62002.9) ops/second in (5.006177,40.062661) seconds
2026/04/06-23:59:27  ... thread 58: (494000,3090000) ops and (98667.5,77131.9) ops/second in (5.006714,40.061258) seconds
2026/04/06-23:59:27  ... thread 43: (348000,2664000) ops and (69548.9,66499.4) ops/second in (5.003671,40.060487) seconds
2026/04/06-23:59:27  ... thread 27: (510000,2843000) ops and (101928.8,70965.6) ops/second in (5.003492,40.061683) seconds
2026/04/06-23:59:27  ... thread 49: (347000,2669000) ops and (69271.3,66619.8) ops/second in (5.009286,40.063135) seconds
2026/04/06-23:59:27  ... thread 75: (307000,2438000) ops and (61212.9,60855.0) ops/second in (5.015280,40.062447) seconds
2026/04/06-23:59:27  ... thread 99: (347000,3535000) ops and (69391.7,88296.6) ops/second in (5.000597,40.035532) seconds
2026/04/06-23:59:27  ... thread 47: (306000,2359000) ops and (61188.7,58877.7) ops/second in (5.000923,40.066125) seconds
2026/04/06-23:59:27  ... thread 48: (498000,2832000) ops and (99564.8,70682.3) ops/second in (5.001768,40.066606) seconds
2026/04/06-23:59:27  ... thread 53: (344000,2645000) ops and (68706.2,66011.9) ops/second in (5.006829,40.068560) seconds
2026/04/06-23:59:27  ... thread 66: (349000,2661000) ops and (69694.5,66411.1) ops/second in (5.007572,40.068601) seconds
2026/04/06-23:59:27  ... thread 1: (332000,2645000) ops and (66214.6,66006.8) ops/second in (5.013999,40.071628) seconds
2026/04/06-23:59:27  ... thread 76: (349000,2653000) ops and (69759.9,66239.2) ops/second in (5.002873,40.051789) seconds
2026/04/06-23:59:27  ... thread 19: (333000,2858000) ops and (66419.4,71321.5) ops/second in (5.013594,40.072067) seconds
2026/04/06-23:59:27  ... thread 45: (347000,2650000) ops and (69327.0,66157.2) ops/second in (5.005265,40.056123) seconds
2026/04/06-23:59:27  ... thread 51: (351000,2660000) ops and (70047.8,66385.3) ops/second in (5.010861,40.069113) seconds
2026/04/06-23:59:27  ... thread 23: (351000,2670000) ops and (70039.0,66632.9) ops/second in (5.011494,40.070278) seconds
2026/04/06-23:59:27  ... thread 69: (350000,2931000) ops and (69864.1,73145.9) ops/second in (5.009725,40.070611) seconds
2026/04/06-23:59:27  ... thread 16: (320000,2422000) ops and (63992.1,60439.1) ops/second in (5.000621,40.073417) seconds
2026/04/06-23:59:27  ... thread 60: (496000,3564000) ops and (99013.8,88942.0) ops/second in (5.009401,40.071052) seconds
2026/04/06-23:59:27  ... thread 72: (344000,2658000) ops and (68657.2,66331.3) ops/second in (5.010400,40.071556) seconds
2026/04/06-23:59:27  ... thread 26: (326000,2484000) ops and (65034.3,61984.0) ops/second in (5.012740,40.074840) seconds
2026/04/06-23:59:27  ... thread 4: (348000,2652000) ops and (69573.1,66180.4) ops/second in (5.001933,40.072285) seconds
2026/04/06-23:59:27  ... thread 74: (349000,2707000) ops and (69644.4,67581.3) ops/second in (5.011174,40.055487) seconds
2026/04/06-23:59:27  ... thread 30: (343000,2951000) ops and (68480.7,73640.3) ops/second in (5.008707,40.073146) seconds
2026/04/06-23:59:27  ... thread 13: (327000,2497000) ops and (65275.4,62305.6) ops/second in (5.009545,40.076655) seconds
2026/04/06-23:59:27  ... thread 62: (347000,2645000) ops and (69223.6,66050.4) ops/second in (5.012741,40.045156) seconds
2026/04/06-23:59:27  ... thread 73: (349000,2828000) ops and (69669.1,70573.0) ops/second in (5.009395,40.071956) seconds
2026/04/06-23:59:27  ... thread 20: (327000,2632000) ops and (65293.7,65672.2) ops/second in (5.008137,40.077819) seconds
2026/04/06-23:59:27  ... thread 55: (349000,2657000) ops and (69738.9,66348.9) ops/second in (5.004382,40.045882) seconds
2026/04/06-23:59:27  ... thread 81: (349000,2660000) ops and (69612.0,66408.5) ops/second in (5.013507,40.055103) seconds
2026/04/06-23:59:27  ... thread 34: (351000,2663000) ops and (70031.8,66447.7) ops/second in (5.012007,40.076654) seconds
2026/04/06-23:59:27  ... thread 54: (307000,2655000) ops and (61241.2,66241.9) ops/second in (5.012962,40.080388) seconds
2026/04/06-23:59:27  ... thread 85: (340000,2641000) ops and (67892.0,65886.2) ops/second in (5.007953,40.084284) seconds
2026/04/06-23:59:27  ... thread 80: (347000,2911000) ops and (69280.9,72679.5) ops/second in (5.008592,40.052571) seconds
2026/04/06-23:59:27  ... thread 110: (497000,2974000) ops and (99314.3,74274.6) ops/second in (5.004313,40.040612) seconds
2026/04/06-23:59:27  ... thread 109: (509000,3899000) ops and (101773.5,97362.2) ops/second in (5.001301,40.046343) seconds
2026/04/06-23:59:27  ... thread 104: (350000,2648000) ops and (69882.6,66111.4) ops/second in (5.008401,40.053629) seconds
2026/04/06-23:59:27  ... thread 84: (347000,2654000) ops and (69202.8,66251.3) ops/second in (5.014250,40.059603) seconds
2026/04/06-23:59:27  ... thread 101: (347000,2681000) ops and (69397.2,66925.8) ops/second in (5.000205,40.059286) seconds
2026/04/06-23:59:27  ... thread 98: (347000,2656000) ops and (69332.6,66301.4) ops/second in (5.004858,40.059508) seconds
2026/04/06-23:59:27  ... thread 93: (346000,2803000) ops and (69096.7,69966.8) ops/second in (5.007478,40.061853) seconds
2026/04/06-23:59:27  ... thread 67: (348000,2653000) ops and (69456.9,66220.8) ops/second in (5.010303,40.062925) seconds
2026/04/06-23:59:27  ... thread 31: (349000,2638000) ops and (69691.0,65837.1) ops/second in (5.007819,40.068570) seconds
2026/04/06-23:59:27  ... thread 79: (306000,2372000) ops and (61042.0,59166.5) ops/second in (5.012940,40.090277) seconds
2026/04/06-23:59:27  ... thread 28: (377000,3041000) ops and (75315.5,75891.3) ops/second in (5.005611,40.070451) seconds
2026/04/06-23:59:27  ... thread 83: (348000,2657000) ops and (69496.0,66298.4) ops/second in (5.007484,40.076360) seconds
2026/04/06-23:59:27  ... thread 106: (347000,2663000) ops and (69311.2,66476.1) ops/second in (5.006403,40.059482) seconds
2026/04/06-23:59:27  ... thread 102: (306000,2709000) ops and (61101.6,67592.0) ops/second in (5.008056,40.078735) seconds
2026/04/06-23:59:27  ... thread 108: (373000,2721000) ops and (74546.1,67930.5) ops/second in (5.003614,40.055639) seconds
2026/04/06-23:59:27  ... thread 113: (348000,2649000) ops and (69420.2,66114.6) ops/second in (5.012952,40.066777) seconds
2026/04/06-23:59:27  ... thread 114: (348000,2658000) ops and (69565.6,66365.3) ops/second in (5.002475,40.051049) seconds
2026/04/06-23:59:27  ... thread 118: (348000,2654000) ops and (69409.3,66276.9) ops/second in (5.013735,40.044106) seconds
2026/04/06-23:59:27  ... thread 119: (349000,2658000) ops and (69617.2,66380.4) ops/second in (5.013129,40.041957) seconds
2026/04/06-23:59:27  ... thread 121: (347000,3440000) ops and (69257.8,85908.2) ops/second in (5.010269,40.042754) seconds
2026/04/06-23:59:27  ... thread 107: (510000,3948000) ops and (101970.8,98645.3) ops/second in (5.001430,40.022199) seconds
2026/04/06-23:59:27  ... thread 111: (347000,2832000) ops and (69207.6,70674.3) ops/second in (5.013900,40.071130) seconds
2026/04/06-23:59:27  ... thread 88: (498000,3882000) ops and (99568.6,96961.3) ops/second in (5.001575,40.036606) seconds
2026/04/06-23:59:27  ... thread 8: (472000,3864000) ops and (94345.2,96507.3) ops/second in (5.002902,40.038436) seconds
2026/04/06-23:59:27  ... thread 117: (351000,2673000) ops and (70186.1,66712.9) ops/second in (5.000988,40.067188) seconds
2026/04/06-23:59:27  ... thread 116: (348000,3387000) ops and (69518.5,84588.7) ops/second in (5.005864,40.040795) seconds
2026/04/06-23:59:27  ... thread 86: (348000,2649000) ops and (69502.4,66152.3) ops/second in (5.007024,40.043983) seconds
2026/04/06-23:59:27  ... thread 123: (349000,3075000) ops and (69767.1,76818.9) ops/second in (5.002356,40.029200) seconds
2026/04/06-23:59:27  ... thread 124: (508000,3497000) ops and (101486.5,87313.9) ops/second in (5.005592,40.050912) seconds
2026/04/06-23:59:27  ... thread 89: (499000,2922000) ops and (99727.8,72967.8) ops/second in (5.003620,40.045039) seconds
2026/04/06-23:59:27  ... thread 105: (346000,2389000) ops and (69115.3,59657.1) ops/second in (5.006130,40.045516) seconds
2026/04/06-23:59:27  ... thread 115: (344000,2651000) ops and (68732.4,66154.0) ops/second in (5.004921,40.073165) seconds
2026/04/06-23:59:27  ... thread 94: (349000,2810000) ops and (69700.5,70158.0) ops/second in (5.007141,40.052470) seconds
2026/04/06-23:59:27  ... thread 112: (347000,2649000) ops and (69397.6,66141.4) ops/second in (5.000171,40.050583) seconds
2026/04/06-23:59:27  ... thread 127: (347000,2658000) ops and (69330.5,66382.9) ops/second in (5.005015,40.040453) seconds
2026/04/06-23:59:27  ... thread 122: (350000,2667000) ops and (69869.4,66581.2) ops/second in (5.009348,40.056368) seconds
2026/04/06-23:59:27  ... thread 103: (348000,2653000) ops and (69550.6,66253.2) ops/second in (5.003548,40.043351) seconds
2026/04/06-23:59:27  ... thread 125: (349000,2606000) ops and (69684.3,65039.9) ops/second in (5.008302,40.067719) seconds
2026/04/06-23:59:27  ... thread 87: (510000,2842000) ops and (101816.1,70945.7) ops/second in (5.009031,40.058791) seconds
2026/04/06-23:59:27  ... thread 96: (497000,2946000) ops and (99294.3,73565.2) ops/second in (5.005321,40.046094) seconds
2026/04/06-23:59:27  ... thread 92: (350000,2660000) ops and (69966.0,66414.6) ops/second in (5.002432,40.051415) seconds
2026/04/06-23:59:27  ... thread 95: (348000,2643000) ops and (69443.1,65987.9) ops/second in (5.011295,40.052784) seconds
2026/04/06-23:59:27  ... thread 77: (496000,3876000) ops and (99171.8,96780.5) ops/second in (5.001423,40.049386) seconds
2026/04/06-23:59:27  ... thread 100: (348000,2651000) ops and (69458.0,66186.4) ops/second in (5.010223,40.053535) seconds
2026/04/06-23:59:27  ... thread 97: (433000,2742000) ops and (86520.6,68437.0) ops/second in (5.004589,40.066024) seconds
2026/04/06-23:59:27  ... thread 82: (345000,2633000) ops and (68902.1,65705.9) ops/second in (5.007107,40.072530) seconds
2026/04/06-23:59:27  ... thread 120: (306000,2351000) ops and (61115.1,58683.3) ops/second in (5.006947,40.062481) seconds
2026/04/06-23:59:27  ... thread 91: (348000,2664000) ops and (69464.6,66475.6) ops/second in (5.009744,40.074877) seconds
2026/04/06-23:59:27  ... thread 126: (353000,2682000) ops and (70434.2,66927.9) ops/second in (5.011772,40.072945) seconds
2026/04/06-23:59:27  ... thread 90: (348000,2654000) ops and (69440.8,66197.5) ops/second in (5.011465,40.092129) seconds
2026/04/06-23:59:32  ... thread 37: (494000,4218000) ops and (98737.8,93680.3) ops/second in (5.003148,45.025461) seconds
2026/04/06-23:59:32  ... thread 33: (496000,4384000) ops and (99179.7,97342.6) ops/second in (5.001023,45.036823) seconds
2026/04/06-23:59:32  ... thread 57: (346000,3887000) ops and (69191.9,86305.0) ops/second in (5.000584,45.037931) seconds
2026/04/06-23:59:32  ... thread 24: (467000,3118000) ops and (93354.8,69223.8) ops/second in (5.002419,45.042306) seconds
2026/04/06-23:59:32  ... thread 9: (353000,4267000) ops and (70393.5,94735.7) ops/second in (5.014667,45.041102) seconds
2026/04/06-23:59:32  ... thread 12: (326000,3281000) ops and (65141.3,72837.3) ops/second in (5.004504,45.045618) seconds
2026/04/06-23:59:32  ... thread 5: (332000,3911000) ops and (66392.6,86821.7) ops/second in (5.000555,45.046334) seconds
2026/04/06-23:59:32  ... thread 7: (327000,2824000) ops and (65353.0,62689.8) ops/second in (5.003597,45.047181) seconds
2026/04/06-23:59:32  ... thread 6: (341000,3158000) ops and (68160.9,70107.5) ops/second in (5.002865,45.045089) seconds
2026/04/06-23:59:32  ... thread 78: (495000,4367000) ops and (98841.1,96943.5) ops/second in (5.008036,45.046857) seconds
2026/04/06-23:59:32  ... thread 29: (494000,4008000) ops and (98747.3,88972.5) ops/second in (5.002670,45.047631) seconds
2026/04/06-23:59:32  ... thread 17: (328000,3728000) ops and (65557.7,82749.7) ops/second in (5.003229,45.051547) seconds
2026/04/06-23:59:32  ... thread 36: (494000,4389000) ops and (98677.9,97427.1) ops/second in (5.006186,45.049087) seconds
2026/04/06-23:59:32  ... thread 71: (492000,4355000) ops and (98337.3,96671.8) ops/second in (5.003186,45.049341) seconds
2026/04/06-23:59:32  ... thread 18: (344000,3832000) ops and (68600.9,85059.4) ops/second in (5.014512,45.050883) seconds
2026/04/06-23:59:32  ... thread 39: (346000,2998000) ops and (69117.4,66545.5) ops/second in (5.005975,45.051892) seconds
2026/04/06-23:59:32  ... thread 14: (485000,4189000) ops and (96809.2,92972.5) ops/second in (5.009854,45.056331) seconds
2026/04/06-23:59:32  ... thread 64: (388000,4308000) ops and (77537.5,95619.0) ops/second in (5.004033,45.053798) seconds
2026/04/06-23:59:32  ... thread 59: (346000,3503000) ops and (69023.2,77751.0) ops/second in (5.012806,45.054061) seconds
2026/04/06-23:59:32  ... thread 65: (348000,3014000) ops and (69430.7,66897.1) ops/second in (5.012195,45.054248) seconds
2026/04/06-23:59:32  ... thread 40: (344000,3001000) ops and (68670.8,66607.5) ops/second in (5.009408,45.054986) seconds
2026/04/06-23:59:32  ... thread 15: (346000,3007000) ops and (69081.5,66740.2) ops/second in (5.008577,45.055274) seconds
2026/04/06-23:59:32  ... thread 32: (511000,3249000) ops and (102100.4,72110.2) ops/second in (5.004879,45.056054) seconds
2026/04/06-23:59:32  ... thread 68: (347000,3004000) ops and (69357.5,66672.6) ops/second in (5.003066,45.055983) seconds
2026/04/06-23:59:32  ... thread 44: (511000,3634000) ops and (102039.2,80654.2) ops/second in (5.007878,45.056560) seconds
2026/04/06-23:59:32  ... thread 63: (496000,4391000) ops and (99098.3,97455.0) ops/second in (5.005131,45.056690) seconds
2026/04/06-23:59:32  ... thread 61: (348000,3002000) ops and (69531.4,66627.0) ops/second in (5.004931,45.056823) seconds
2026/04/06-23:59:32  ... thread 2: (346000,3001000) ops and (69087.7,66603.5) ops/second in (5.008128,45.057679) seconds
2026/04/06-23:59:32  ... thread 22: (344000,3004000) ops and (68738.8,66669.9) ops/second in (5.004453,45.057826) seconds
2026/04/06-23:59:32  ... thread 52: (493000,4398000) ops and (98449.8,97607.0) ops/second in (5.007630,45.058257) seconds
2026/04/06-23:59:32  ... thread 0: (347000,4102000) ops and (69249.5,91037.1) ops/second in (5.010863,45.058534) seconds

** Compaction Stats [default] **
Level    Files   Size     Score Read(GB)  Rn(GB) Rnp1(GB) Write(GB) WPreComp(GB) Wnew(GB) Moved(GB) W-Amp Rd(MB/s) Wr(MB/s) Comp(sec) CompMergeCPU(sec) Comp(cnt) Avg(sec) KeyIn KeyDrop Rblob(GB) Wblob(GB)
-------------------------------------------------------------------------------------------------------------------------------------------------------------------------------------------------------------
  L7     65/0      8.08 GB   0.0      0.0     0.0      0.0       0.0       0.0      0.0       0.0   0.0      0.0      0.0      0.00              0.00         0    0.000       0      0       0.0       0.0
 Sum     65/0      8.08 GB   0.0      0.0     0.0      0.0       0.0       0.0      0.0       0.0   0.0      0.0      0.0      0.00              0.00         0    0.000       0      0       0.0       0.0
 Int      0/0      0.00 KB   0.0      0.0     0.0      0.0       0.0       0.0      0.0       0.0   0.0      0.0      0.0      0.00              0.00         0    0.000       0      0       0.0       0.0

** Compaction Stats [default] **
Priority    Files   Size     Score Read(GB)  Rn(GB) Rnp1(GB) Write(GB) WPreComp(GB) Wnew(GB) Moved(GB) W-Amp Rd(MB/s) Wr(MB/s) Comp(sec) CompMergeCPU(sec) Comp(cnt) Avg(sec) KeyIn KeyDrop Rblob(GB) Wblob(GB)
----------------------------------------------------------------------------------------------------------------------------------------------------------------------------------------------------------------

Blob file count: 0, total size: 0.0 GB, garbage size: 0.0 GB, space amp: 0.0

Uptime(secs): 45.1 total, 45.1 interval
Flush(GB): cumulative 0.000, interval 0.000
AddFile(GB): cumulative 0.000, interval 0.000
AddFile(Total Files): cumulative 0, interval 0
AddFile(L0 Files): cumulative 0, interval 0
AddFile(Keys): cumulative 0, interval 0
Cumulative compaction: 0.00 GB write, 0.00 MB/s write, 0.00 GB read, 0.00 MB/s read, 0.0 seconds
Interval compaction: 0.00 GB write, 0.00 MB/s write, 0.00 GB read, 0.00 MB/s read, 0.0 seconds
Estimated pending compaction bytes: 0
Write Stall (count): cf-l0-file-count-limit-delays-with-ongoing-compaction: 0, cf-l0-file-count-limit-stops-with-ongoing-compaction: 0, l0-file-count-limit-delays: 0, l0-file-count-limit-stops: 0, memtable-limit-delays: 0, memtable-limit-stops: 0, pending-compaction-bytes-delays: 0, pending-compaction-bytes-stops: 0, total-delays: 0, total-stops: 0
Block cache LRUCache@0x564429f3a760#71378 capacity: 14.90 GB seed: 1775512727 usage: 0.09 KB table_size: 1024 occupancy: 1 collections: 1 last_copies: 0 last_secs: 0.00016 secs_since: 45
Block cache entry stats(count,size,portion): Misc(1,0.00 KB,0%)

** File Read Latency Histogram By Level [default] **

** DB Stats **
Uptime(secs): 45.1 total, 5.0 interval
Cumulative writes: 0 writes, 0 keys, 0 commit groups, 0.0 writes per commit group, ingest: 0.00 GB, 0.00 MB/s
Cumulative WAL: 0 writes, 0 syncs, 0.00 writes per sync, written: 0.00 GB, 0.00 MB/s
Cumulative stall: 00:00:0.000 H:M:S, 0.0 percent
Interval writes: 0 writes, 0 keys, 0 commit groups, 0.0 writes per commit group, ingest: 0.00 MB, 0.00 MB/s
Interval WAL: 0 writes, 0 syncs, 0.00 writes per sync, written: 0.00 GB, 0.00 MB/s
Interval stall: 00:00:0.000 H:M:S, 0.0 percent
Write Stall (count): write-buffer-manager-limit-stops: 0
num-running-compactions: 0
num-running-flushes: 0

2026/04/06-23:59:32  ... thread 50: (494000,4367000) ops and (98765.8,96971.3) ops/second in (5.001731,45.033941) seconds
2026/04/06-23:59:32  ... thread 38: (345000,2985000) ops and (68929.1,66245.6) ops/second in (5.005142,45.059605) seconds
2026/04/06-23:59:32  ... thread 25: (365000,3125000) ops and (72930.8,69351.1) ops/second in (5.004744,45.060554) seconds
2026/04/06-23:59:32  ... thread 21: (328000,2835000) ops and (65492.7,62910.4) ops/second in (5.008190,45.064124) seconds
2026/04/06-23:59:32  ... thread 42: (348000,3010000) ops and (69469.6,66797.6) ops/second in (5.009388,45.061501) seconds
2026/04/06-23:59:32  ... thread 56: (333000,3766000) ops and (66471.6,83570.0) ops/second in (5.009659,45.064022) seconds
2026/04/06-23:59:32  ... thread 27: (510000,3353000) ops and (101952.9,74405.3) ops/second in (5.002311,45.063994) seconds
2026/04/06-23:59:32  ... thread 58: (495000,3585000) ops and (98889.0,79548.5) ops/second in (5.005611,45.066869) seconds
2026/04/06-23:59:32  ... thread 41: (351000,3309000) ops and (70097.0,73425.5) ops/second in (5.007348,45.066078) seconds
2026/04/06-23:59:32  ... thread 70: (347000,3151000) ops and (69301.7,69919.6) ops/second in (5.007091,45.066063) seconds
2026/04/06-23:59:32  ... thread 46: (348000,3008000) ops and (69431.5,66745.3) ops/second in (5.012137,45.066848) seconds
2026/04/06-23:59:32  ... thread 35: (347000,3220000) ops and (69282.8,71449.3) ops/second in (5.008458,45.066948) seconds
2026/04/06-23:59:32  ... thread 49: (346000,3015000) ops and (69145.3,66900.3) ops/second in (5.003959,45.067094) seconds
2026/04/06-23:59:32  ... thread 75: (306000,2744000) ops and (61154.5,60888.2) ops/second in (5.003721,45.066168) seconds
2026/04/06-23:59:32  ... thread 43: (347000,3011000) ops and (69300.2,66810.6) ops/second in (5.007197,45.067684) seconds
2026/04/06-23:59:32  ... thread 47: (305000,2664000) ops and (60955.2,59108.3) ops/second in (5.003675,45.069800) seconds
2026/04/06-23:59:32  ... thread 66: (487000,3148000) ops and (97370.4,69846.7) ops/second in (5.001521,45.070122) seconds
2026/04/06-23:59:32  ... thread 3: (328000,2812000) ops and (65455.3,62386.7) ops/second in (5.011054,45.073715) seconds
2026/04/06-23:59:32  ... thread 11: (348000,4148000) ops and (69433.5,92028.9) ops/second in (5.011987,45.072790) seconds
2026/04/06-23:59:32  ... thread 48: (495000,3327000) ops and (98896.5,73815.5) ops/second in (5.005231,45.071837) seconds
2026/04/06-23:59:32  ... thread 53: (342000,2987000) ops and (68324.1,66268.6) ops/second in (5.005555,45.074115) seconds
2026/04/06-23:59:32  ... thread 10: (333000,3194000) ops and (66421.1,70858.6) ops/second in (5.013469,45.075685) seconds
2026/04/06-23:59:32  ... thread 72: (486000,3144000) ops and (97151.0,69751.8) ops/second in (5.002522,45.074078) seconds
2026/04/06-23:59:32  ... thread 99: (346000,3881000) ops and (69078.2,86159.5) ops/second in (5.008813,45.044345) seconds
2026/04/06-23:59:32  ... thread 76: (347000,3000000) ops and (69318.5,66581.3) ops/second in (5.005876,45.057665) seconds
2026/04/06-23:59:32  ... thread 74: (345000,3052000) ops and (68969.7,67735.4) ops/second in (5.002195,45.057682) seconds
2026/04/06-23:59:32  ... thread 20: (327000,2959000) ops and (65380.3,65639.8) ops/second in (5.001508,45.079327) seconds
2026/04/06-23:59:32  ... thread 81: (347000,3007000) ops and (69376.0,66737.9) ops/second in (5.001733,45.056836) seconds
2026/04/06-23:59:32  ... thread 60: (496000,4060000) ops and (99058.6,90065.7) ops/second in (5.007138,45.078190) seconds
2026/04/06-23:59:32  ... thread 30: (342000,3293000) ops and (68325.6,73050.2) ops/second in (5.005448,45.078594) seconds
2026/04/06-23:59:32  ... thread 19: (331000,3189000) ops and (66073.7,70738.4) ops/second in (5.009558,45.081625) seconds
2026/04/06-23:59:32  ... thread 23: (348000,3018000) ops and (69480.5,66949.3) ops/second in (5.008599,45.078877) seconds
2026/04/06-23:59:32  ... thread 45: (345000,2995000) ops and (68865.9,66458.3) ops/second in (5.009736,45.065859) seconds
2026/04/06-23:59:32  ... thread 16: (319000,2741000) ops and (63681.9,60799.4) ops/second in (5.009275,45.082692) seconds
2026/04/06-23:59:32  ... thread 69: (346000,3277000) ops and (69065.9,72692.5) ops/second in (5.009706,45.080317) seconds
2026/04/06-23:59:32  ... thread 73: (347000,3175000) ops and (69310.7,70432.8) ops/second in (5.006444,45.078400) seconds
2026/04/06-23:59:32  ... thread 34: (349000,3012000) ops and (69730.4,66812.1) ops/second in (5.004990,45.081644) seconds
2026/04/06-23:59:32  ... thread 51: (350000,3010000) ops and (69815.0,66766.7) ops/second in (5.013252,45.082365) seconds
2026/04/06-23:59:32  ... thread 26: (326000,2810000) ops and (65065.2,62326.4) ops/second in (5.010357,45.085197) seconds
2026/04/06-23:59:32  ... thread 1: (329000,2974000) ops and (65606.1,65962.2) ops/second in (5.014775,45.086403) seconds
2026/04/06-23:59:32  ... thread 13: (326000,2823000) ops and (65060.7,62611.8) ops/second in (5.010704,45.087359) seconds
2026/04/06-23:59:32  ... thread 62: (347000,2992000) ops and (69252.4,66406.5) ops/second in (5.010660,45.055816) seconds
2026/04/06-23:59:32  ... thread 85: (347000,2988000) ops and (69384.6,66274.2) ops/second in (5.001108,45.085392) seconds
2026/04/06-23:59:32  ... thread 55: (348000,3005000) ops and (69459.1,66694.7) ops/second in (5.010144,45.056026) seconds
2026/04/06-23:59:32  ... thread 4: (348000,3000000) ops and (69409.8,66539.5) ops/second in (5.013699,45.085984) seconds
2026/04/06-23:59:32  ... thread 110: (495000,3469000) ops and (98962.6,77016.1) ops/second in (5.001891,45.042503) seconds
2026/04/06-23:59:32  ... thread 54: (306000,2961000) ops and (61089.6,65669.5) ops/second in (5.009037,45.089425) seconds
2026/04/06-23:59:32  ... thread 80: (347000,3258000) ops and (69286.1,72302.3) ops/second in (5.008220,45.060791) seconds
2026/04/06-23:59:32  ... thread 109: (511000,4410000) ops and (102072.1,97885.6) ops/second in (5.006267,45.052610) seconds
2026/04/06-23:59:32  ... thread 98: (346000,3002000) ops and (69110.2,66613.4) ops/second in (5.006497,45.066005) seconds
2026/04/06-23:59:32  ... thread 104: (348000,2996000) ops and (69425.0,66479.9) ops/second in (5.012600,45.066229) seconds
2026/04/06-23:59:32  ... thread 84: (345000,2999000) ops and (68845.1,66539.7) ops/second in (5.011251,45.070854) seconds
2026/04/06-23:59:32  ... thread 28: (511000,3552000) ops and (102151.5,78805.8) ops/second in (5.002375,45.072826) seconds
2026/04/06-23:59:32  ... thread 67: (346000,2999000) ops and (69053.6,66535.7) ops/second in (5.010598,45.073523) seconds
2026/04/06-23:59:32  ... thread 31: (347000,2985000) ops and (69264.1,66218.0) ops/second in (5.009809,45.078379) seconds
2026/04/06-23:59:32  ... thread 101: (347000,3028000) ops and (69201.3,67178.9) ops/second in (5.014359,45.073645) seconds
2026/04/06-23:59:32  ... thread 93: (345000,3148000) ops and (68828.4,69840.2) ops/second in (5.012468,45.074321) seconds
2026/04/06-23:59:32  ... thread 83: (347000,3004000) ops and (69315.4,66633.4) ops/second in (5.006103,45.082463) seconds
2026/04/06-23:59:32  ... thread 79: (338000,2710000) ops and (67425.8,60084.4) ops/second in (5.012919,45.103196) seconds
2026/04/06-23:59:32  ... thread 106: (346000,3009000) ops and (69081.7,66765.7) ops/second in (5.008563,45.068045) seconds
2026/04/06-23:59:32  ... thread 108: (510000,3231000) ops and (101946.0,71707.1) ops/second in (5.002648,45.058287) seconds
2026/04/06-23:59:32  ... thread 113: (346000,2995000) ops and (69191.0,66456.0) ops/second in (5.000649,45.067426) seconds
2026/04/06-23:59:32  ... thread 102: (305000,3014000) ops and (60858.6,66843.6) ops/second in (5.011618,45.090353) seconds
2026/04/06-23:59:32  ... thread 114: (346000,3004000) ops and (69065.9,66665.5) ops/second in (5.009710,45.060759) seconds
2026/04/06-23:59:32  ... thread 119: (347000,3005000) ops and (69358.9,66711.2) ops/second in (5.002961,45.044918) seconds
2026/04/06-23:59:32  ... thread 107: (512000,4460000) ops and (102336.6,99055.4) ops/second in (5.003096,45.025295) seconds
2026/04/06-23:59:32  ... thread 118: (347000,3001000) ops and (69281.4,66610.9) ops/second in (5.008557,45.052663) seconds
2026/04/06-23:59:32  ... thread 121: (343000,3783000) ops and (68509.9,83974.6) ops/second in (5.006578,45.049332) seconds
2026/04/06-23:59:32  ... thread 111: (344000,3176000) ops and (68667.9,70451.4) ops/second in (5.009616,45.080746) seconds
2026/04/06-23:59:32  ... thread 117: (349000,3022000) ops and (69770.3,67052.3) ops/second in (5.002125,45.069313) seconds
2026/04/06-23:59:32  ... thread 88: (497000,4379000) ops and (99232.0,97213.7) ops/second in (5.008465,45.045071) seconds
2026/04/06-23:59:32  ... thread 89: (497000,3419000) ops and (99305.0,75893.7) ops/second in (5.004785,45.049824) seconds
2026/04/06-23:59:32  ... thread 116: (348000,3735000) ops and (69451.0,82905.1) ops/second in (5.010725,45.051520) seconds
2026/04/06-23:59:32  ... thread 8: (345000,4209000) ops and (68811.2,93425.1) ops/second in (5.013719,45.052155) seconds
2026/04/06-23:59:32  ... thread 124: (498000,3995000) ops and (99413.1,88659.0) ops/second in (5.009400,45.060312) seconds
2026/04/06-23:59:32  ... thread 94: (346000,3156000) ops and (69181.3,70049.6) ops/second in (5.001352,45.053822) seconds
2026/04/06-23:59:32  ... thread 105: (506000,2895000) ops and (101027.6,64256.2) ops/second in (5.008530,45.054046) seconds
2026/04/06-23:59:32  ... thread 115: (344000,2995000) ops and (68696.9,66436.5) ops/second in (5.007501,45.080666) seconds
2026/04/06-23:59:32  ... thread 86: (348000,2997000) ops and (69411.9,66515.0) ops/second in (5.013553,45.057536) seconds
2026/04/06-23:59:32  ... thread 122: (348000,3015000) ops and (69581.1,66914.2) ops/second in (5.001360,45.057728) seconds
2026/04/06-23:59:32  ... thread 123: (346000,3421000) ops and (69016.7,75950.5) ops/second in (5.013280,45.042480) seconds
2026/04/06-23:59:32  ... thread 112: (345000,2994000) ops and (68878.0,66445.6) ops/second in (5.008857,45.059440) seconds
2026/04/06-23:59:32  ... thread 87: (510000,3352000) ops and (101956.2,74388.2) ops/second in (5.002149,45.060940) seconds
2026/04/06-23:59:32  ... thread 92: (345000,3005000) ops and (68967.1,66698.0) ops/second in (5.002382,45.053797) seconds
2026/04/06-23:59:32  ... thread 96: (496000,3442000) ops and (99098.8,76402.0) ops/second in (5.005107,45.051201) seconds
2026/04/06-23:59:32  ... thread 127: (348000,3006000) ops and (69445.0,66723.5) ops/second in (5.011159,45.051612) seconds
2026/04/06-23:59:32  ... thread 100: (348000,2999000) ops and (69580.7,66563.2) ops/second in (5.001389,45.054924) seconds
2026/04/06-23:59:32  ... thread 125: (341000,2947000) ops and (68060.3,65375.6) ops/second in (5.010265,45.077984) seconds
2026/04/06-23:59:32  ... thread 95: (347000,2990000) ops and (69299.4,66355.9) ops/second in (5.007261,45.060045) seconds
2026/04/06-23:59:32  ... thread 103: (348000,3001000) ops and (69409.2,66604.4) ops/second in (5.013741,45.057092) seconds
2026/04/06-23:59:32  ... thread 77: (495000,4371000) ops and (98833.4,97008.7) ops/second in (5.008427,45.057813) seconds
2026/04/06-23:59:32  ... thread 97: (497000,3239000) ops and (99317.5,71865.7) ops/second in (5.004155,45.070179) seconds
2026/04/06-23:59:32  ... thread 82: (344000,2977000) ops and (68777.0,66046.7) ops/second in (5.001670,45.074200) seconds
2026/04/06-23:59:32  ... thread 120: (305000,2656000) ops and (60962.6,58936.4) ops/second in (5.003068,45.065549) seconds
2026/04/06-23:59:32  ... thread 91: (347000,3011000) ops and (69274.1,66786.5) ops/second in (5.009086,45.083963) seconds
2026/04/06-23:59:32  ... thread 90: (348000,3002000) ops and (69462.9,66560.2) ops/second in (5.009868,45.101997) seconds
2026/04/06-23:59:32  ... thread 126: (350000,3032000) ops and (69809.3,67248.4) ops/second in (5.013656,45.086601) seconds
2026/04/06-23:59:37  ... thread 37: (495000,4713000) ops and (98934.6,94205.8) ops/second in (5.003305,50.028766) seconds
2026/04/06-23:59:37  ... thread 33: (493000,4877000) ops and (98526.2,97460.9) ops/second in (5.003746,50.040569) seconds
2026/04/06-23:59:37  ... thread 24: (510000,3628000) ops and (101981.0,72497.3) ops/second in (5.000932,50.043238) seconds
2026/04/06-23:59:37  ... thread 7: (325000,3149000) ops and (64983.0,62919.0) ops/second in (5.001307,50.048488) seconds
2026/04/06-23:59:37  ... thread 9: (343000,4610000) ops and (68521.8,92113.8) ops/second in (5.005707,50.046809) seconds
2026/04/06-23:59:37  ... thread 5: (330000,4241000) ops and (65954.4,84735.6) ops/second in (5.003460,50.049794) seconds
2026/04/06-23:59:37  ... thread 12: (324000,3605000) ops and (64746.5,72028.3) ops/second in (5.004132,50.049750) seconds
2026/04/06-23:59:37  ... thread 57: (345000,4232000) ops and (68849.8,84557.4) ops/second in (5.010909,50.048840) seconds
2026/04/06-23:59:37  ... thread 29: (378000,4386000) ops and (75543.1,87629.9) ops/second in (5.003764,50.051395) seconds
2026/04/06-23:59:37  ... thread 18: (345000,4177000) ops and (68964.1,83450.7) ops/second in (5.002600,50.053483) seconds
2026/04/06-23:59:37  ... thread 36: (349000,4738000) ops and (69731.1,94657.7) ops/second in (5.004943,50.054030) seconds
2026/04/06-23:59:37  ... thread 6: (343000,3501000) ops and (68470.6,69943.7) ops/second in (5.009447,50.054536) seconds
2026/04/06-23:59:37  ... thread 17: (326000,4054000) ops and (65108.9,80985.2) ops/second in (5.006997,50.058544) seconds
2026/04/06-23:59:37  ... thread 71: (491000,4846000) ops and (98058.6,96810.5) ops/second in (5.007211,50.056552) seconds
2026/04/06-23:59:37  ... thread 65: (343000,3357000) ops and (68566.9,67064.0) ops/second in (5.002411,50.056659) seconds
2026/04/06-23:59:37  ... thread 78: (492000,4859000) ops and (98202.0,97069.5) ops/second in (5.010079,50.056936) seconds
2026/04/06-23:59:37  ... thread 32: (512000,3761000) ops and (102324.1,75130.2) ops/second in (5.003708,50.059762) seconds
2026/04/06-23:59:37  ... thread 40: (343000,3344000) ops and (68518.0,66798.5) ops/second in (5.005981,50.060967) seconds
2026/04/06-23:59:37  ... thread 64: (341000,4649000) ops and (68086.6,92864.6) ops/second in (5.008328,50.062126) seconds
2026/04/06-23:59:37  ... thread 52: (492000,4890000) ops and (98319.9,97678.2) ops/second in (5.004074,50.062331) seconds
2026/04/06-23:59:37  ... thread 2: (339000,3340000) ops and (67739.8,66717.1) ops/second in (5.004442,50.062121) seconds
2026/04/06-23:59:37  ... thread 50: (491000,4858000) ops and (98132.9,97087.5) ops/second in (5.003417,50.037358) seconds
2026/04/06-23:59:37  ... thread 14: (488000,4677000) ops and (97406.2,93416.2) ops/second in (5.009950,50.066281) seconds
2026/04/06-23:59:37  ... thread 39: (343000,3341000) ops and (68432.6,66734.4) ops/second in (5.012230,50.064122) seconds
2026/04/06-23:59:37  ... thread 56: (303000,4069000) ops and (60594.8,81275.2) ops/second in (5.000433,50.064455) seconds
2026/04/06-23:59:37  ... thread 59: (341000,3844000) ops and (68055.1,76780.6) ops/second in (5.010644,50.064705) seconds
2026/04/06-23:59:37  ... thread 21: (326000,3161000) ops and (65155.8,63134.7) ops/second in (5.003393,50.067517) seconds
2026/04/06-23:59:37  ... thread 44: (509000,4143000) ops and (101631.4,82752.7) ops/second in (5.008293,50.064853) seconds
2026/04/06-23:59:37  ... thread 27: (511000,3864000) ops and (102154.9,77177.8) ops/second in (5.002208,50.066202) seconds
2026/04/06-23:59:37  ... thread 63: (494000,4885000) ops and (98607.3,97570.3) ops/second in (5.009770,50.066460) seconds
2026/04/06-23:59:37  ... thread 46: (345000,3353000) ops and (68991.8,66969.7) ops/second in (5.000594,50.067442) seconds
2026/04/06-23:59:37  ... thread 68: (345000,3349000) ops and (68824.2,66888.0) ops/second in (5.012772,50.068755) seconds
2026/04/06-23:59:37  ... thread 15: (344000,3351000) ops and (68611.9,66927.7) ops/second in (5.013708,50.068982) seconds
2026/04/06-23:59:37  ... thread 58: (492000,4077000) ops and (98332.1,81425.5) ops/second in (5.003451,50.070320) seconds
2026/04/06-23:59:37  ... thread 22: (345000,3349000) ops and (68835.3,66886.6) ops/second in (5.011961,50.069787) seconds
2026/04/06-23:59:37  ... thread 38: (343000,3328000) ops and (68440.3,66465.3) ops/second in (5.011668,50.071273) seconds
2026/04/06-23:59:37  ... thread 43: (344000,3355000) ops and (68748.4,67004.3) ops/second in (5.003750,50.071434) seconds
2026/04/06-23:59:37  ... thread 47: (303000,2967000) ops and (60580.0,59255.3) ops/second in (5.001652,50.071452) seconds
2026/04/06-23:59:37  ... thread 61: (347000,3349000) ops and (69195.2,66884.2) ops/second in (5.014796,50.071619) seconds
2026/04/06-23:59:37  ... thread 49: (343000,3358000) ops and (68534.2,67063.6) ops/second in (5.004798,50.071892) seconds
2026/04/06-23:59:37  ... thread 0: (345000,4447000) ops and (68811.8,88811.7) ops/second in (5.013674,50.072208) seconds
2026/04/06-23:59:37  ... thread 66: (491000,3639000) ops and (98159.6,72675.1) ops/second in (5.002057,50.072179) seconds

** Compaction Stats [default] **
Level    Files   Size     Score Read(GB)  Rn(GB) Rnp1(GB) Write(GB) WPreComp(GB) Wnew(GB) Moved(GB) W-Amp Rd(MB/s) Wr(MB/s) Comp(sec) CompMergeCPU(sec) Comp(cnt) Avg(sec) KeyIn KeyDrop Rblob(GB) Wblob(GB)
-------------------------------------------------------------------------------------------------------------------------------------------------------------------------------------------------------------
  L7     65/0      8.08 GB   0.0      0.0     0.0      0.0       0.0       0.0      0.0       0.0   0.0      0.0      0.0      0.00              0.00         0    0.000       0      0       0.0       0.0
 Sum     65/0      8.08 GB   0.0      0.0     0.0      0.0       0.0       0.0      0.0       0.0   0.0      0.0      0.0      0.00              0.00         0    0.000       0      0       0.0       0.0
 Int      0/0      0.00 KB   0.0      0.0     0.0      0.0       0.0       0.0      0.0       0.0   0.0      0.0      0.0      0.00              0.00         0    0.000       0      0       0.0       0.0

** Compaction Stats [default] **
Priority    Files   Size     Score Read(GB)  Rn(GB) Rnp1(GB) Write(GB) WPreComp(GB) Wnew(GB) Moved(GB) W-Amp Rd(MB/s) Wr(MB/s) Comp(sec) CompMergeCPU(sec) Comp(cnt) Avg(sec) KeyIn KeyDrop Rblob(GB) Wblob(GB)
----------------------------------------------------------------------------------------------------------------------------------------------------------------------------------------------------------------

Blob file count: 0, total size: 0.0 GB, garbage size: 0.0 GB, space amp: 0.0

Uptime(secs): 50.1 total, 50.1 interval
Flush(GB): cumulative 0.000, interval 0.000
AddFile(GB): cumulative 0.000, interval 0.000
AddFile(Total Files): cumulative 0, interval 0
AddFile(L0 Files): cumulative 0, interval 0
AddFile(Keys): cumulative 0, interval 0
Cumulative compaction: 0.00 GB write, 0.00 MB/s write, 0.00 GB read, 0.00 MB/s read, 0.0 seconds
Interval compaction: 0.00 GB write, 0.00 MB/s write, 0.00 GB read, 0.00 MB/s read, 0.0 seconds
Estimated pending compaction bytes: 0
Write Stall (count): cf-l0-file-count-limit-delays-with-ongoing-compaction: 0, cf-l0-file-count-limit-stops-with-ongoing-compaction: 0, l0-file-count-limit-delays: 0, l0-file-count-limit-stops: 0, memtable-limit-delays: 0, memtable-limit-stops: 0, pending-compaction-bytes-delays: 0, pending-compaction-bytes-stops: 0, total-delays: 0, total-stops: 0
Block cache LRUCache@0x564429f3a760#71378 capacity: 14.90 GB seed: 1775512727 usage: 0.09 KB table_size: 1024 occupancy: 1 collections: 1 last_copies: 0 last_secs: 0.00016 secs_since: 50
Block cache entry stats(count,size,portion): Misc(1,0.00 KB,0%)

** File Read Latency Histogram By Level [default] **

** DB Stats **
Uptime(secs): 50.1 total, 5.0 interval
Cumulative writes: 0 writes, 0 keys, 0 commit groups, 0.0 writes per commit group, ingest: 0.00 GB, 0.00 MB/s
Cumulative WAL: 0 writes, 0 syncs, 0.00 writes per sync, written: 0.00 GB, 0.00 MB/s
Cumulative stall: 00:00:0.000 H:M:S, 0.0 percent
Interval writes: 0 writes, 0 keys, 0 commit groups, 0.0 writes per commit group, ingest: 0.00 MB, 0.00 MB/s
Interval WAL: 0 writes, 0 syncs, 0.00 writes per sync, written: 0.00 GB, 0.00 MB/s
Interval stall: 00:00:0.000 H:M:S, 0.0 percent
Write Stall (count): write-buffer-manager-limit-stops: 0
2026/04/06-23:59:37  ... thread 11: (345000,4493000) ops and (68979.2,89726.7) ops/second in (5.001508,50.074298) seconds
2026/04/06-23:59:37  ... thread 25: (344000,3469000) ops and (68633.4,69279.3) ops/second in (5.012138,50.072692) seconds
num-running-compactions: 0
num-running-flushes: 0

2026/04/06-23:59:37  ... thread 42: (345000,3355000) ops and (68807.9,66998.9) ops/second in (5.013961,50.075462) seconds
2026/04/06-23:59:37  ... thread 35: (344000,3564000) ops and (68671.2,71171.4) ops/second in (5.009378,50.076326) seconds
2026/04/06-23:59:37  ... thread 76: (345000,3345000) ops and (68975.4,66820.6) ops/second in (5.001782,50.059447) seconds
2026/04/06-23:59:37  ... thread 41: (345000,3654000) ops and (68842.4,72966.9) ops/second in (5.011448,50.077526) seconds
2026/04/06-23:59:37  ... thread 70: (344000,3495000) ops and (68643.4,69791.9) ops/second in (5.011409,50.077472) seconds
2026/04/06-23:59:37  ... thread 75: (304000,3048000) ops and (60668.2,60866.2) ops/second in (5.010864,50.077032) seconds
2026/04/06-23:59:37  ... thread 48: (493000,3820000) ops and (98468.9,76280.3) ops/second in (5.006656,50.078493) seconds
2026/04/06-23:59:37  ... thread 81: (343000,3350000) ops and (68588.2,66922.8) ops/second in (5.000861,50.057697) seconds
2026/04/06-23:59:37  ... thread 53: (345000,3332000) ops and (68897.4,66531.5) ops/second in (5.007448,50.081563) seconds
2026/04/06-23:59:37  ... thread 20: (324000,3283000) ops and (64747.7,65550.7) ops/second in (5.004040,50.083367) seconds
2026/04/06-23:59:37  ... thread 72: (511000,3655000) ops and (102046.5,72980.9) ops/second in (5.007522,50.081600) seconds
2026/04/06-23:59:37  ... thread 19: (328000,3517000) ops and (65557.4,70220.8) ops/second in (5.003248,50.084873) seconds
2026/04/06-23:59:37  ... thread 73: (345000,3520000) ops and (68986.0,70288.4) ops/second in (5.001018,50.079418) seconds
2026/04/06-23:59:37  ... thread 3: (326000,3138000) ops and (65047.4,62652.9) ops/second in (5.011728,50.085443) seconds
2026/04/06-23:59:37  ... thread 23: (344000,3362000) ops and (68747.3,67129.0) ops/second in (5.003830,50.082707) seconds
2026/04/06-23:59:37  ... thread 99: (344000,4225000) ops and (68687.8,84411.3) ops/second in (5.008169,50.052514) seconds
2026/04/06-23:59:37  ... thread 16: (317000,3058000) ops and (63361.0,61055.3) ops/second in (5.003081,50.085773) seconds
2026/04/06-23:59:37  ... thread 60: (492000,4552000) ops and (98272.2,90886.1) ops/second in (5.006502,50.084692) seconds
2026/04/06-23:59:37  ... thread 74: (345000,3397000) ops and (68868.3,67848.8) ops/second in (5.009560,50.067242) seconds
2026/04/06-23:59:37  ... thread 30: (343000,3636000) ops and (68513.6,72596.7) ops/second in (5.006307,50.084901) seconds
2026/04/06-23:59:37  ... thread 10: (331000,3525000) ops and (66006.5,70372.8) ops/second in (5.014660,50.090345) seconds
2026/04/06-23:59:37  ... thread 55: (346000,3351000) ops and (69157.1,66940.8) ops/second in (5.003100,50.059126) seconds
2026/04/06-23:59:37  ... thread 110: (493000,3962000) ops and (98569.3,79170.2) ops/second in (5.001558,50.044061) seconds
2026/04/06-23:59:37  ... thread 13: (468000,3291000) ops and (93492.7,65697.7) ops/second in (5.005737,50.093096) seconds
2026/04/06-23:59:37  ... thread 80: (344000,3602000) ops and (68767.3,71949.1) ops/second in (5.002380,50.063171) seconds
2026/04/06-23:59:37  ... thread 45: (344000,3339000) ops and (68612.8,66674.0) ops/second in (5.013639,50.079498) seconds
2026/04/06-23:59:37  ... thread 51: (347000,3357000) ops and (69252.8,67015.4) ops/second in (5.010629,50.092994) seconds
2026/04/06-23:59:37  ... thread 54: (303000,3264000) ops and (60547.6,65157.8) ops/second in (5.004327,50.093752) seconds
2026/04/06-23:59:37  ... thread 34: (342000,3354000) ops and (68234.2,66954.4) ops/second in (5.012147,50.093791) seconds
2026/04/06-23:59:37  ... thread 69: (344000,3621000) ops and (68610.6,72283.9) ops/second in (5.013800,50.094117) seconds
2026/04/06-23:59:37  ... thread 85: (345000,3333000) ops and (68879.4,66534.7) ops/second in (5.008751,50.094143) seconds
2026/04/06-23:59:37  ... thread 4: (343000,3343000) ops and (68486.3,66734.2) ops/second in (5.008299,50.094283) seconds
2026/04/06-23:59:37  ... thread 62: (345000,3337000) ops and (68874.1,66653.4) ops/second in (5.009137,50.064953) seconds
2026/04/06-23:59:37  ... thread 26: (323000,3133000) ops and (64439.7,62537.9) ops/second in (5.012435,50.097632) seconds
2026/04/06-23:59:37  ... thread 1: (326000,3300000) ops and (65018.4,65867.8) ops/second in (5.013965,50.100368) seconds
2026/04/06-23:59:37  ... thread 109: (512000,4922000) ops and (102254.9,98322.6) ops/second in (5.007094,50.059704) seconds
2026/04/06-23:59:37  ... thread 98: (471000,3473000) ops and (94121.3,69362.6) ops/second in (5.004181,50.070186) seconds
2026/04/06-23:59:37  ... thread 104: (345000,3341000) ops and (68926.7,66724.5) ops/second in (5.005318,50.071547) seconds
2026/04/06-23:59:37  ... thread 28: (511000,4063000) ops and (102126.3,81136.0) ops/second in (5.003609,50.076435) seconds
2026/04/06-23:59:37  ... thread 101: (344000,3372000) ops and (68758.8,67336.8) ops/second in (5.002999,50.076644) seconds
2026/04/06-23:59:37  ... thread 84: (343000,3342000) ops and (68469.5,66732.7) ops/second in (5.009530,50.080384) seconds
2026/04/06-23:59:37  ... thread 67: (344000,3343000) ops and (68691.5,66751.3) ops/second in (5.007900,50.081423) seconds
2026/04/06-23:59:37  ... thread 83: (344000,3348000) ops and (68718.9,66841.9) ops/second in (5.005901,50.088364) seconds
2026/04/06-23:59:37  ... thread 93: (346000,3494000) ops and (69047.1,69760.9) ops/second in (5.011072,50.085393) seconds
2026/04/06-23:59:37  ... thread 31: (344000,3329000) ops and (68619.2,66458.3) ops/second in (5.013171,50.091550) seconds
2026/04/06-23:59:37  ... thread 79: (344000,3054000) ops and (68705.5,60945.8) ops/second in (5.006875,50.110071) seconds
2026/04/06-23:59:37  ... thread 113: (343000,3338000) ops and (68587.5,66668.9) ops/second in (5.000909,50.068335) seconds
2026/04/06-23:59:37  ... thread 108: (510000,3741000) ops and (101958.2,74729.8) ops/second in (5.002051,50.060338) seconds
2026/04/06-23:59:37  ... thread 106: (344000,3353000) ops and (68625.7,66951.9) ops/second in (5.012701,50.080746) seconds
2026/04/06-23:59:37  ... thread 102: (303000,3317000) ops and (60530.2,66212.7) ops/second in (5.005767,50.096120) seconds
2026/04/06-23:59:37  ... thread 121: (344000,4127000) ops and (68719.6,82449.0) ops/second in (5.005849,50.055181) seconds
2026/04/06-23:59:37  ... thread 107: (512000,4972000) ops and (102208.3,99371.1) ops/second in (5.009380,50.034675) seconds
2026/04/06-23:59:37  ... thread 114: (345000,3349000) ops and (68825.9,66881.8) ops/second in (5.012645,50.073404) seconds
2026/04/06-23:59:37  ... thread 119: (345000,3350000) ops and (68815.0,66921.9) ops/second in (5.013441,50.058359) seconds
2026/04/06-23:59:37  ... thread 118: (342000,3343000) ops and (68251.3,66775.1) ops/second in (5.010891,50.063554) seconds
2026/04/06-23:59:37  ... thread 117: (347000,3369000) ops and (69313.5,67278.3) ops/second in (5.006243,50.075556) seconds
2026/04/06-23:59:37  ... thread 111: (342000,3518000) ops and (68293.2,70235.6) ops/second in (5.007822,50.088568) seconds
2026/04/06-23:59:37  ... thread 88: (493000,4872000) ops and (98540.0,97346.3) ops/second in (5.003046,50.048117) seconds
2026/04/06-23:59:37  ... thread 89: (495000,3914000) ops and (98858.4,78190.9) ops/second in (5.007162,50.056986) seconds
2026/04/06-23:59:37  ... thread 105: (492000,3387000) ops and (98367.0,67664.6) ops/second in (5.001679,50.055725) seconds
2026/04/06-23:59:37  ... thread 123: (343000,3764000) ops and (68596.5,75215.7) ops/second in (5.000257,50.042737) seconds
2026/04/06-23:59:37  ... thread 86: (344000,3341000) ops and (68790.1,66742.2) ops/second in (5.000718,50.058254) seconds
2026/04/06-23:59:37  ... thread 124: (491000,4486000) ops and (98020.9,89595.6) ops/second in (5.009135,50.069447) seconds
2026/04/06-23:59:37  ... thread 8: (343000,4552000) ops and (68431.7,90922.8) ops/second in (5.012295,50.064450) seconds
2026/04/06-23:59:37  ... thread 122: (346000,3361000) ops and (69095.1,67132.3) ops/second in (5.007592,50.065320) seconds
2026/04/06-23:59:37  ... thread 87: (508000,3860000) ops and (101548.9,77102.1) ops/second in (5.002515,50.063455) seconds
2026/04/06-23:59:37  ... thread 94: (344000,3500000) ops and (68633.0,69907.7) ops/second in (5.012163,50.065985) seconds
2026/04/06-23:59:37  ... thread 116: (345000,4080000) ops and (68791.8,81491.4) ops/second in (5.015131,50.066651) seconds
2026/04/06-23:59:37  ... thread 127: (344000,3350000) ops and (68797.2,66930.6) ops/second in (5.000201,50.051813) seconds
2026/04/06-23:59:37  ... thread 115: (344000,3339000) ops and (68598.8,66652.9) ops/second in (5.014667,50.095333) seconds
2026/04/06-23:59:37  ... thread 92: (342000,3347000) ops and (68285.4,66856.8) ops/second in (5.008393,50.062190) seconds
2026/04/06-23:59:37  ... thread 103: (344000,3345000) ops and (68787.8,66822.5) ops/second in (5.000889,50.057981) seconds
2026/04/06-23:59:37  ... thread 96: (493000,3935000) ops and (98464.6,78608.7) ops/second in (5.006877,50.058078) seconds
2026/04/06-23:59:37  ... thread 97: (495000,3734000) ops and (98952.2,74571.7) ops/second in (5.002416,50.072595) seconds
2026/04/06-23:59:37  ... thread 112: (342000,3336000) ops and (68193.8,66620.7) ops/second in (5.015116,50.074556) seconds
2026/04/06-23:59:37  ... thread 77: (492000,4863000) ops and (98273.3,97135.2) ops/second in (5.006444,50.064257) seconds
2026/04/06-23:59:37  ... thread 100: (347000,3346000) ops and (69220.9,66829.3) ops/second in (5.012934,50.067858) seconds
2026/04/06-23:59:37  ... thread 125: (352000,3299000) ops and (70220.8,65860.5) ops/second in (5.012763,50.090747) seconds
2026/04/06-23:59:37  ... thread 95: (344000,3334000) ops and (68601.9,66580.8) ops/second in (5.014436,50.074481) seconds
2026/04/06-23:59:37  ... thread 82: (342000,3319000) ops and (68276.0,66269.6) ops/second in (5.009084,50.083284) seconds
2026/04/06-23:59:37  ... thread 91: (344000,3355000) ops and (68793.8,66986.9) ops/second in (5.000451,50.084414) seconds
2026/04/06-23:59:37  ... thread 120: (303000,2959000) ops and (60423.2,59085.2) ops/second in (5.014632,50.080181) seconds
2026/04/06-23:59:37  ... thread 126: (347000,3379000) ops and (69359.8,67459.2) ops/second in (5.002901,50.089502) seconds
2026/04/06-23:59:37  ... thread 90: (344000,3346000) ops and (68661.3,66770.3) ops/second in (5.010100,50.112097) seconds
2026/04/06-23:59:42  ... thread 37: (487000,5200000) ops and (97377.5,94494.1) ops/second in (5.001153,55.029919) seconds
2026/04/06-23:59:42  ... thread 33: (488000,5365000) ops and (97527.1,97466.9) ops/second in (5.003739,55.044308) seconds
2026/04/06-23:59:42  ... thread 7: (322000,3471000) ops and (64364.1,63050.3) ops/second in (5.002787,55.051275) seconds
2026/04/06-23:59:42  ... thread 24: (509000,4137000) ops and (101633.6,75147.9) ops/second in (5.008185,55.051423) seconds
2026/04/06-23:59:42  ... thread 12: (323000,3928000) ops and (64575.0,71351.1) ops/second in (5.001934,55.051684) seconds
2026/04/06-23:59:42  ... thread 57: (336000,4568000) ops and (67164.1,82976.8) ops/second in (5.002676,55.051516) seconds
2026/04/06-23:59:42  ... thread 9: (425000,5035000) ops and (84840.3,91452.0) ops/second in (5.009414,55.056223) seconds
2026/04/06-23:59:42  ... thread 5: (328000,4569000) ops and (65456.5,82981.1) ops/second in (5.010959,55.060753) seconds
2026/04/06-23:59:42  ... thread 36: (336000,5074000) ops and (67115.0,92153.4) ops/second in (5.006333,55.060363) seconds
2026/04/06-23:59:42  ... thread 29: (343000,4729000) ops and (68477.2,85887.6) ops/second in (5.008964,55.060359) seconds
2026/04/06-23:59:42  ... thread 65: (339000,3696000) ops and (67744.8,67125.9) ops/second in (5.004075,55.060734) seconds
2026/04/06-23:59:42  ... thread 40: (340000,3684000) ops and (67993.6,66907.1) ops/second in (5.000472,55.061439) seconds
2026/04/06-23:59:42  ... thread 32: (510000,4271000) ops and (101951.1,77566.9) ops/second in (5.002398,55.062160) seconds
2026/04/06-23:59:42  ... thread 18: (335000,4512000) ops and (66871.1,81942.3) ops/second in (5.009639,55.063122) seconds
2026/04/06-23:59:42  ... thread 64: (341000,4990000) ops and (68180.5,90622.5) ops/second in (5.001433,55.063559) seconds
2026/04/06-23:59:42  ... thread 6: (339000,3840000) ops and (67668.7,69736.7) ops/second in (5.009698,55.064234) seconds
2026/04/06-23:59:42  ... thread 71: (373000,5219000) ops and (74482.7,94779.9) ops/second in (5.007876,55.064428) seconds
2026/04/06-23:59:42  ... thread 39: (340000,3681000) ops and (67970.6,66846.7) ops/second in (5.002161,55.066283) seconds
2026/04/06-23:59:42  ... thread 52: (487000,5377000) ops and (97314.3,97645.2) ops/second in (5.004401,55.066732) seconds
2026/04/06-23:59:42  ... thread 59: (340000,4184000) ops and (67968.1,75980.1) ops/second in (5.002347,55.067052) seconds
2026/04/06-23:59:42  ... thread 78: (488000,5347000) ops and (97397.2,97099.3) ops/second in (5.010410,55.067346) seconds
2026/04/06-23:59:42  ... thread 17: (323000,4377000) ops and (64430.9,79478.3) ops/second in (5.013123,55.071667) seconds
2026/04/06-23:59:42  ... thread 63: (489000,5374000) ops and (97737.8,97585.5) ops/second in (5.003184,55.069644) seconds
2026/04/06-23:59:42  ... thread 50: (383000,5241000) ops and (76490.8,95213.9) ops/second in (5.007136,55.044494) seconds
2026/04/06-23:59:42  ... thread 14: (486000,5163000) ops and (97068.5,93748.2) ops/second in (5.006774,55.073055) seconds
2026/04/06-23:59:42  ... thread 46: (339000,3692000) ops and (67757.8,67041.3) ops/second in (5.003114,55.070556) seconds
2026/04/06-23:59:42  ... thread 56: (302000,4371000) ops and (60326.9,79371.0) ops/second in (5.006055,55.070510) seconds
2026/04/06-23:59:42  ... thread 58: (484000,4561000) ops and (96757.9,82818.1) ops/second in (5.002175,55.072495) seconds
2026/04/06-23:59:42  ... thread 44: (508000,4651000) ops and (101458.4,84453.3) ops/second in (5.006977,55.071830) seconds
2026/04/06-23:59:42  ... thread 68: (340000,3689000) ops and (67946.1,66984.2) ops/second in (5.003963,55.072718) seconds
2026/04/06-23:59:42  ... thread 27: (494000,4358000) ops and (98672.8,79131.8) ops/second in (5.006448,55.072650) seconds
2026/04/06-23:59:42  ... thread 66: (364000,4003000) ops and (72787.2,72685.3) ops/second in (5.000876,55.073055) seconds
2026/04/06-23:59:42  ... thread 25: (340000,3809000) ops and (67981.5,69161.4) ops/second in (5.001362,55.074054) seconds
2026/04/06-23:59:42  ... thread 38: (337000,3665000) ops and (67337.4,66544.5) ops/second in (5.004648,55.075921) seconds
2026/04/06-23:59:42  ... thread 2: (341000,3681000) ops and (68002.4,66834.1) ops/second in (5.014531,55.076652) seconds
2026/04/06-23:59:42  ... thread 76: (341000,3686000) ops and (68194.6,66945.3) ops/second in (5.000396,55.059843) seconds
2026/04/06-23:59:42  ... thread 11: (343000,4836000) ops and (68537.5,87801.4) ops/second in (5.004557,55.078855) seconds
2026/04/06-23:59:42  ... thread 49: (336000,3694000) ops and (67110.5,67067.8) ops/second in (5.006668,55.078560) seconds
2026/04/06-23:59:42  ... thread 15: (341000,3692000) ops and (68065.9,67031.2) ops/second in (5.009848,55.078830) seconds
2026/04/06-23:59:42  ... thread 42: (341000,3696000) ops and (68142.8,67102.8) ops/second in (5.004194,55.079656) seconds
2026/04/06-23:59:42  ... thread 35: (340000,3904000) ops and (67950.1,70878.7) ops/second in (5.003671,55.079997) seconds
2026/04/06-23:59:42  ... thread 21: (323000,3484000) ops and (64401.2,63250.1) ops/second in (5.015432,55.082949) seconds
2026/04/06-23:59:42  ... thread 0: (343000,4790000) ops and (68483.9,86963.3) ops/second in (5.008475,55.080683) seconds
2026/04/06-23:59:42  ... thread 48: (486000,4306000) ops and (97153.8,78176.0) ops/second in (5.002378,55.080871) seconds

** Compaction Stats [default] **
Level    Files   Size     Score Read(GB)  Rn(GB) Rnp1(GB) Write(GB) WPreComp(GB) Wnew(GB) Moved(GB) W-Amp Rd(MB/s) Wr(MB/s) Comp(sec) CompMergeCPU(sec) Comp(cnt) Avg(sec) KeyIn KeyDrop Rblob(GB) Wblob(GB)
-------------------------------------------------------------------------------------------------------------------------------------------------------------------------------------------------------------
  L7     65/0      8.08 GB   0.0      0.0     0.0      0.0       0.0       0.0      0.0       0.0   0.0      0.0      0.0      0.00              0.00         0    0.000       0      0       0.0       0.0
 Sum     65/0      8.08 GB   0.0      0.0     0.0      0.0       0.0       0.0      0.0       0.0   0.0      0.0      0.0      0.00              0.00         0    0.000       0      0       0.0       0.0
 Int      0/0      0.00 KB   0.0      0.0     0.0      0.0       0.0       0.0      0.0       0.0   0.0      0.0      0.0      0.00              0.00         0    0.000       0      0       0.0       0.0

** Compaction Stats [default] **
Priority    Files   Size     Score Read(GB)  Rn(GB) Rnp1(GB) Write(GB) WPreComp(GB) Wnew(GB) Moved(GB) W-Amp Rd(MB/s) Wr(MB/s) Comp(sec) CompMergeCPU(sec) Comp(cnt) Avg(sec) KeyIn KeyDrop Rblob(GB) Wblob(GB)
----------------------------------------------------------------------------------------------------------------------------------------------------------------------------------------------------------------

Blob file count: 0, total size: 0.0 GB, garbage size: 0.0 GB, space amp: 0.0

Uptime(secs): 55.1 total, 55.1 interval
Flush(GB): cumulative 0.000, interval 0.000
AddFile(GB): cumulative 0.000, interval 0.000
AddFile(Total Files): cumulative 0, interval 0
AddFile(L0 Files): cumulative 0, interval 0
AddFile(Keys): cumulative 0, interval 0
Cumulative compaction: 0.00 GB write, 0.00 MB/s write, 0.00 GB read, 0.00 MB/s read, 0.0 seconds
Interval compaction: 0.00 GB write, 0.00 MB/s write, 0.00 GB read, 0.00 MB/s read, 0.0 seconds
Estimated pending compaction bytes: 0
Write Stall (count): cf-l0-file-count-limit-delays-with-ongoing-compaction: 0, cf-l0-file-count-limit-stops-with-ongoing-compaction: 0, l0-file-count-limit-delays: 0, l0-file-count-limit-stops: 0, memtable-limit-delays: 0, memtable-limit-stops: 0, pending-compaction-bytes-delays: 0, pending-compaction-bytes-stops: 0, total-delays: 0, total-stops: 0
Block cache LRUCache@0x564429f3a760#71378 capacity: 14.90 GB seed: 1775512727 usage: 0.09 KB table_size: 1024 occupancy: 1 collections: 1 last_copies: 0 last_secs: 0.00016 secs_since: 55
Block cache entry stats(count,size,portion): Misc(1,0.00 KB,0%)

** File Read Latency Histogram By Level [default] **

** DB Stats **
Uptime(secs): 55.1 total, 5.0 interval
Cumulative writes: 0 writes, 0 keys, 0 commit groups, 0.0 writes per commit group, ingest: 0.00 GB, 0.00 MB/s
Cumulative WAL: 0 writes, 0 syncs, 0.00 writes per sync, written: 0.00 GB, 0.00 MB/s
Cumulative stall: 00:00:0.000 H:M:S, 0.0 percent
Interval writes: 0 writes, 0 keys, 0 commit groups, 0.0 writes per commit group, ingest: 0.00 MB, 0.00 MB/s
Interval WAL: 0 writes, 0 syncs, 0.00 writes per sync, written: 0.00 GB, 0.00 MB/s
Interval stall: 00:00:0.000 H:M:S, 0.0 percent
Write Stall (count): write-buffer-manager-limit-stops: 0
num-running-compactions: 0
num-running-flushes: 0

2026/04/06-23:59:42  ... thread 61: (343000,3692000) ops and (68462.5,67027.8) ops/second in (5.010043,55.081662) seconds
2026/04/06-23:59:42  ... thread 75: (300000,3348000) ops and (59955.1,60783.5) ops/second in (5.003741,55.080773) seconds
2026/04/06-23:59:42  ... thread 22: (342000,3691000) ops and (68224.2,67008.4) ops/second in (5.012884,55.082671) seconds
2026/04/06-23:59:42  ... thread 43: (339000,3694000) ops and (67634.6,67061.6) ops/second in (5.012227,55.083661) seconds
2026/04/06-23:59:42  ... thread 70: (338000,3833000) ops and (67506.4,69584.1) ops/second in (5.006932,55.084404) seconds
2026/04/06-23:59:42  ... thread 72: (387000,4042000) ops and (77344.3,73377.2) ops/second in (5.003604,55.085204) seconds
2026/04/06-23:59:42  ... thread 16: (314000,3372000) ops and (62767.3,61210.7) ops/second in (5.002606,55.088379) seconds
2026/04/06-23:59:42  ... thread 47: (301000,3268000) ops and (60020.9,59325.0) ops/second in (5.014918,55.086370) seconds
2026/04/06-23:59:42  ... thread 41: (341000,3995000) ops and (68075.6,72522.1) ops/second in (5.009134,55.086660) seconds
2026/04/06-23:59:42  ... thread 73: (341000,3861000) ops and (68131.7,70092.4) ops/second in (5.005010,55.084428) seconds
2026/04/06-23:59:42  ... thread 30: (342000,3978000) ops and (68348.0,72210.8) ops/second in (5.003807,55.088708) seconds
2026/04/06-23:59:42  ... thread 81: (345000,3695000) ops and (68858.7,67098.9) ops/second in (5.010261,55.067958) seconds
2026/04/06-23:59:42  ... thread 20: (323000,3606000) ops and (64462.3,65451.7) ops/second in (5.010681,55.094048) seconds
2026/04/06-23:59:42  ... thread 53: (338000,3670000) ops and (67448.7,66614.9) ops/second in (5.011216,55.092779) seconds
2026/04/06-23:59:42  ... thread 99: (342000,4567000) ops and (68275.5,82943.4) ops/second in (5.009121,55.061635) seconds
2026/04/06-23:59:42  ... thread 3: (324000,3462000) ops and (64680.3,62837.3) ops/second in (5.009250,55.094693) seconds
2026/04/06-23:59:42  ... thread 10: (438000,3963000) ops and (87501.1,71929.0) ops/second in (5.005652,55.095997) seconds
2026/04/06-23:59:42  ... thread 74: (341000,3738000) ops and (68077.2,67869.5) ops/second in (5.009017,55.076259) seconds
2026/04/06-23:59:42  ... thread 60: (480000,5032000) ops and (95814.5,91334.2) ops/second in (5.009680,55.094372) seconds
2026/04/06-23:59:42  ... thread 23: (343000,3705000) ops and (68440.0,67248.2) ops/second in (5.011686,55.094393) seconds
2026/04/06-23:59:42  ... thread 69: (341000,3962000) ops and (68184.9,71911.9) ops/second in (5.001104,55.095221) seconds
2026/04/06-23:59:42  ... thread 19: (326000,3843000) ops and (65027.8,69748.3) ops/second in (5.013242,55.098115) seconds
2026/04/06-23:59:42  ... thread 110: (489000,4451000) ops and (97672.4,80852.9) ops/second in (5.006532,55.050593) seconds
2026/04/06-23:59:42  ... thread 55: (343000,3694000) ops and (68495.1,67082.2) ops/second in (5.007655,55.066781) seconds
2026/04/06-23:59:42  ... thread 80: (340000,3942000) ops and (67947.3,71585.5) ops/second in (5.003880,55.067051) seconds
2026/04/06-23:59:42  ... thread 54: (301000,3565000) ops and (60161.3,64704.1) ops/second in (5.003214,55.096966) seconds
2026/04/06-23:59:42  ... thread 62: (343000,3680000) ops and (68554.4,66826.1) ops/second in (5.003323,55.068276) seconds
2026/04/06-23:59:42  ... thread 34: (339000,3693000) ops and (67724.1,67024.3) ops/second in (5.005607,55.099398) seconds
2026/04/06-23:59:42  ... thread 13: (472000,3763000) ops and (94210.9,68290.1) ops/second in (5.010035,55.103131) seconds
2026/04/06-23:59:42  ... thread 109: (508000,5430000) ops and (101558.8,98616.6) ops/second in (5.002026,55.061730) seconds
2026/04/06-23:59:42  ... thread 85: (343000,3676000) ops and (68477.8,66711.4) ops/second in (5.008919,55.103062) seconds
2026/04/06-23:59:42  ... thread 45: (341000,3680000) ops and (68059.7,66800.0) ops/second in (5.010308,55.089806) seconds
2026/04/06-23:59:42  ... thread 26: (320000,3453000) ops and (63891.0,62660.9) ops/second in (5.008530,55.106162) seconds
2026/04/06-23:59:42  ... thread 51: (343000,3700000) ops and (68453.8,67146.2) ops/second in (5.010682,55.103676) seconds
2026/04/06-23:59:42  ... thread 4: (341000,3684000) ops and (68020.3,66851.2) ops/second in (5.013208,55.107491) seconds
2026/04/06-23:59:42  ... thread 98: (510000,3983000) ops and (101833.7,72315.2) ops/second in (5.008166,55.078352) seconds
2026/04/06-23:59:42  ... thread 101: (452000,3824000) ops and (90364.6,69428.0) ops/second in (5.001959,55.078603) seconds
2026/04/06-23:59:42  ... thread 67: (343000,3686000) ops and (68584.7,66917.8) ops/second in (5.001118,55.082541) seconds
2026/04/06-23:59:42  ... thread 28: (374000,4437000) ops and (74706.6,80551.6) ops/second in (5.006254,55.082689) seconds
2026/04/06-23:59:42  ... thread 1: (324000,3624000) ops and (64603.7,65752.8) ops/second in (5.015191,55.115559) seconds
2026/04/06-23:59:42  ... thread 104: (343000,3684000) ops and (68413.4,66878.2) ops/second in (5.013641,55.085188) seconds
2026/04/06-23:59:42  ... thread 79: (340000,3394000) ops and (67996.2,61585.5) ops/second in (5.000281,55.110352) seconds
2026/04/06-23:59:42  ... thread 84: (340000,3682000) ops and (67848.4,66834.2) ops/second in (5.011169,55.091553) seconds
2026/04/06-23:59:42  ... thread 31: (368000,3697000) ops and (73493.6,67097.7) ops/second in (5.007237,55.098787) seconds
2026/04/06-23:59:42  ... thread 83: (341000,3689000) ops and (68039.4,66950.8) ops/second in (5.011805,55.100169) seconds
2026/04/06-23:59:42  ... thread 113: (340000,3678000) ops and (67923.0,66782.9) ops/second in (5.005669,55.074004) seconds
2026/04/06-23:59:42  ... thread 93: (344000,3838000) ops and (68608.7,69656.0) ops/second in (5.013939,55.099332) seconds
2026/04/06-23:59:42  ... thread 108: (508000,4249000) ops and (101440.8,77158.9) ops/second in (5.007849,55.068187) seconds
2026/04/06-23:59:42  ... thread 121: (469000,4596000) ops and (93788.4,83478.9) ops/second in (5.000621,55.055802) seconds
2026/04/06-23:59:42  ... thread 106: (341000,3694000) ops and (68030.1,67050.0) ops/second in (5.012490,55.093236) seconds
2026/04/06-23:59:42  ... thread 107: (509000,5481000) ops and (101766.5,99588.8) ops/second in (5.001644,55.036319) seconds
2026/04/06-23:59:42  ... thread 119: (341000,3691000) ops and (68180.2,67036.2) ops/second in (5.001449,55.059808) seconds
2026/04/06-23:59:42  ... thread 114: (340000,3689000) ops and (67952.8,66979.1) ops/second in (5.003470,55.076874) seconds
2026/04/06-23:59:42  ... thread 118: (447000,3790000) ops and (89360.1,68826.8) ops/second in (5.002232,55.065786) seconds
2026/04/06-23:59:42  ... thread 102: (301000,3618000) ops and (60018.5,65649.0) ops/second in (5.015118,55.111238) seconds
2026/04/06-23:59:42  ... thread 88: (490000,5362000) ops and (97838.4,97391.1) ops/second in (5.008259,55.056376) seconds
2026/04/06-23:59:42  ... thread 111: (340000,3858000) ops and (67874.0,70020.9) ops/second in (5.009279,55.097847) seconds
2026/04/06-23:59:42  ... thread 117: (343000,3712000) ops and (68454.2,67385.3) ops/second in (5.010647,55.086203) seconds
2026/04/06-23:59:42  ... thread 89: (489000,4403000) ops and (97735.9,79966.9) ops/second in (5.003281,55.060267) seconds
2026/04/06-23:59:42  ... thread 105: (486000,3873000) ops and (97059.7,70337.7) ops/second in (5.007229,55.062954) seconds
2026/04/06-23:59:42  ... thread 123: (340000,4104000) ops and (67904.5,74550.7) ops/second in (5.007035,55.049772) seconds
2026/04/06-23:59:42  ... thread 94: (337000,3837000) ops and (67387.4,69678.9) ops/second in (5.000935,55.066920) seconds
2026/04/06-23:59:42  ... thread 124: (399000,4885000) ops and (79721.4,88698.2) ops/second in (5.004931,55.074378) seconds
2026/04/06-23:59:42  ... thread 86: (340000,3681000) ops and (67856.8,66843.7) ops/second in (5.010551,55.068805) seconds
2026/04/06-23:59:42  ... thread 127: (343000,3693000) ops and (68497.4,67073.1) ops/second in (5.007490,55.059303) seconds
2026/04/06-23:59:42  ... thread 87: (506000,4366000) ops and (101009.5,79276.8) ops/second in (5.009430,55.072885) seconds
2026/04/06-23:59:42  ... thread 116: (341000,4421000) ops and (68067.9,80270.4) ops/second in (5.009701,55.076352) seconds
2026/04/06-23:59:42  ... thread 122: (342000,3703000) ops and (68218.7,67231.2) ops/second in (5.013291,55.078611) seconds
2026/04/06-23:59:42  ... thread 8: (340000,4892000) ops and (67807.1,88818.4) ops/second in (5.014222,55.078672) seconds
2026/04/06-23:59:42  ... thread 96: (487000,4422000) ops and (97288.8,80306.9) ops/second in (5.005716,55.063794) seconds
2026/04/06-23:59:42  ... thread 112: (340000,3676000) ops and (67961.8,66742.5) ops/second in (5.002811,55.077367) seconds
2026/04/06-23:59:42  ... thread 115: (341000,3680000) ops and (68059.5,66780.8) ops/second in (5.010324,55.105657) seconds
2026/04/06-23:59:42  ... thread 97: (490000,4224000) ops and (97838.0,76687.2) ops/second in (5.008278,55.080873) seconds
2026/04/06-23:59:42  ... thread 103: (341000,3686000) ops and (68048.2,66934.0) ops/second in (5.011153,55.069134) seconds
2026/04/06-23:59:42  ... thread 92: (340000,3687000) ops and (67835.8,66945.9) ops/second in (5.012105,55.074295) seconds
2026/04/06-23:59:42  ... thread 77: (502000,5365000) ops and (100269.8,97420.1) ops/second in (5.006492,55.070749) seconds
2026/04/06-23:59:42  ... thread 95: (340000,3674000) ops and (67962.7,66706.3) ops/second in (5.002742,55.077223) seconds
2026/04/06-23:59:42  ... thread 125: (342000,3641000) ops and (68285.8,66080.9) ops/second in (5.008365,55.099112) seconds
2026/04/06-23:59:42  ... thread 100: (344000,3690000) ops and (68614.2,66991.8) ops/second in (5.013537,55.081395) seconds
2026/04/06-23:59:42  ... thread 82: (339000,3658000) ops and (67646.1,66394.8) ops/second in (5.011373,55.094657) seconds
2026/04/06-23:59:42  ... thread 91: (337000,3692000) ops and (67278.8,67013.4) ops/second in (5.009011,55.093425) seconds
2026/04/06-23:59:42  ... thread 120: (326000,3285000) ops and (65040.8,59627.1) ops/second in (5.012242,55.092423) seconds
2026/04/06-23:59:42  ... thread 126: (449000,3828000) ops and (89623.9,69474.5) ops/second in (5.009827,55.099329) seconds
2026/04/06-23:59:42  ... thread 90: (341000,3687000) ops and (68118.0,66892.7) ops/second in (5.006016,55.118113) seconds
Initializing RocksDB Options from the specified file
Initializing RocksDB Options from command-line flags
Integrated BlobDB: blob cache disabled
Keys:       20 bytes each (+ 0 bytes user-defined timestamp)
Values:     400 bytes each (200 bytes after compression)
Entries:    32000000
Prefix:    0 bytes
Keys per prefix:    0
RawSize:    12817.4 MB (estimated)
FileSize:   6713.9 MB (estimated)
Write rate: 0 bytes/second
Read rate: 0 ops/second
Compression: NoCompression
Compression sampling rate: 0
Memtablerep: SkipListFactory
Perf Level: 1
------------------------------------------------
DB path: [/tmp/rocksdb/db]
multireadrandom :      13.521 micros/op 9447437 ops/sec 60.129 seconds 568061720 operations; 2391.8 MB/s (3237673 of 5123990 found)
Microseconds per read:
Count: 56806172 Average: 135.2999  StdDev: 108.58
Min: 11  Median: 133.9673  Max: 128068
Percentiles: P50: 133.97 P75: 162.46 P99: 246.45 P99.9: 322.86 P99.99: 1606.04
------------------------------------------------------
(      10,      15 ]        8   0.000%   0.000% 
(      15,      22 ]     1261   0.002%   0.002% 
(      22,      34 ]    14974   0.026%   0.029% 
(      34,      51 ]   168127   0.296%   0.325% 
(      51,      76 ]  2332852   4.107%   4.431% #
(      76,     110 ] 13941071  24.541%  28.973% #####
(     110,     170 ] 29902731  52.640%  81.613% ###########
(     170,     250 ] 10335128  18.194%  99.806% ####
(     250,     380 ]    94942   0.167%  99.973% 
(     380,     580 ]     3166   0.006%  99.979% 
(     580,     870 ]     2978   0.005%  99.984% 
(     870,    1300 ]     2575   0.005%  99.989% 
(    1300,    1900 ]     1330   0.002%  99.991% 
(    1900,    2900 ]      999   0.002%  99.993% 
(    2900,    4400 ]     3014   0.005%  99.998% 
(    4400,    6600 ]      440   0.001%  99.999% 
(    6600,    9900 ]      428   0.001% 100.000% 
(    9900,   14000 ]       42   0.000% 100.000% 
(   14000,   22000 ]       33   0.000% 100.000% 
(   22000,   33000 ]       18   0.000% 100.000% 
(   33000,   50000 ]       16   0.000% 100.000% 
(   50000,   75000 ]        6   0.000% 100.000% 
(   75000,  110000 ]        9   0.000% 100.000% 
(  110000,  170000 ]       24   0.000% 100.000% 



** Compaction Stats [default] **
Level    Files   Size     Score Read(GB)  Rn(GB) Rnp1(GB) Write(GB) WPreComp(GB) Wnew(GB) Moved(GB) W-Amp Rd(MB/s) Wr(MB/s) Comp(sec) CompMergeCPU(sec) Comp(cnt) Avg(sec) KeyIn KeyDrop Rblob(GB) Wblob(GB)
-------------------------------------------------------------------------------------------------------------------------------------------------------------------------------------------------------------
  L7     65/0      8.08 GB   0.0      0.0     0.0      0.0       0.0       0.0      0.0       0.0   0.0      0.0      0.0      0.00              0.00         0    0.000       0      0       0.0       0.0
 Sum     65/0      8.08 GB   0.0      0.0     0.0      0.0       0.0       0.0      0.0       0.0   0.0      0.0      0.0      0.00              0.00         0    0.000       0      0       0.0       0.0
 Int      0/0      0.00 KB   0.0      0.0     0.0      0.0       0.0       0.0      0.0       0.0   0.0      0.0      0.0      0.00              0.00         0    0.000       0      0       0.0       0.0

** Compaction Stats [default] **
Priority    Files   Size     Score Read(GB)  Rn(GB) Rnp1(GB) Write(GB) WPreComp(GB) Wnew(GB) Moved(GB) W-Amp Rd(MB/s) Wr(MB/s) Comp(sec) CompMergeCPU(sec) Comp(cnt) Avg(sec) KeyIn KeyDrop Rblob(GB) Wblob(GB)
----------------------------------------------------------------------------------------------------------------------------------------------------------------------------------------------------------------

Blob file count: 0, total size: 0.0 GB, garbage size: 0.0 GB, space amp: 0.0

Uptime(secs): 60.2 total, 60.1 interval
Flush(GB): cumulative 0.000, interval 0.000
AddFile(GB): cumulative 0.000, interval 0.000
AddFile(Total Files): cumulative 0, interval 0
AddFile(L0 Files): cumulative 0, interval 0
AddFile(Keys): cumulative 0, interval 0
Cumulative compaction: 0.00 GB write, 0.00 MB/s write, 0.00 GB read, 0.00 MB/s read, 0.0 seconds
Interval compaction: 0.00 GB write, 0.00 MB/s write, 0.00 GB read, 0.00 MB/s read, 0.0 seconds
Estimated pending compaction bytes: 0
Write Stall (count): cf-l0-file-count-limit-delays-with-ongoing-compaction: 0, cf-l0-file-count-limit-stops-with-ongoing-compaction: 0, l0-file-count-limit-delays: 0, l0-file-count-limit-stops: 0, memtable-limit-delays: 0, memtable-limit-stops: 0, pending-compaction-bytes-delays: 0, pending-compaction-bytes-stops: 0, total-delays: 0, total-stops: 0
Block cache LRUCache@0x564429f3a760#71378 capacity: 14.90 GB seed: 1775512727 usage: 0.09 KB table_size: 1024 occupancy: 1 collections: 1 last_copies: 0 last_secs: 0.00016 secs_since: 60
Block cache entry stats(count,size,portion): Misc(1,0.00 KB,0%)

** File Read Latency Histogram By Level [default] **

** DB Stats **
Uptime(secs): 60.2 total, 5.0 interval
Cumulative writes: 0 writes, 0 keys, 0 commit groups, 0.0 writes per commit group, ingest: 0.00 GB, 0.00 MB/s
Cumulative WAL: 0 writes, 0 syncs, 0.00 writes per sync, written: 0.00 GB, 0.00 MB/s
Cumulative stall: 00:00:0.000 H:M:S, 0.0 percent
Interval writes: 0 writes, 0 keys, 0 commit groups, 0.0 writes per commit group, ingest: 0.00 MB, 0.00 MB/s
Interval WAL: 0 writes, 0 syncs, 0.00 writes per sync, written: 0.00 GB, 0.00 MB/s
Interval stall: 00:00:0.000 H:M:S, 0.0 percent
Write Stall (count): write-buffer-manager-limit-stops: 0

