{
  "fio version" : "fio-3.40",
  "timestamp" : 1764543617,
  "timestamp_ms" : 1764543617284,
  "time" : "Mon Dec  1 00:00:17 2025",
  "global options" : {
    "group_reporting" : "",
    "ioengine" : "mmap",
    "size" : "768m",
    "thread" : "1",
    "directory" : "/tmp",
    "time_based" : "",
    "runtime" : "180",
    "filename" : "/tmp/fio_readwrite",
    "share_mmap" : "1",
    "repl" : "1"
  },
  "jobs" : [
    {
      "jobname" : "writers",
      "groupid" : 0,
      "job_start" : 1764543437024,
      "error" : 0,
      "eta" : 0,
      "elapsed" : 181,
      "job options" : {
        "rw" : "randread",
        "random_distribution" : "zipf",
        "numjobs" : "96"
      },
      "read" : {
        "io_bytes" : 5471992823808,
        "io_kbytes" : 5343742992,
        "bw_bytes" : 30399453474,
        "bw" : 29686966,
        "iops" : 7421741.570974,
        "runtime" : 180003,
        "total_ios" : 1335935748,
        "short_ios" : 0,
        "drop_ios" : 0,
        "slat_ns" : {
          "min" : 0,
          "max" : 0,
          "mean" : 0.000000,
          "stddev" : 0.000000,
          "N" : 0
        },
        "clat_ns" : {
          "min" : 41,
          "max" : 17648107,
          "mean" : 12012.933863,
          "stddev" : 115675.747663,
          "N" : 1335935748,
          "percentile" : {
            "1.000000" : 65,
            "5.000000" : 71,
            "10.000000" : 79,
            "20.000000" : 90,
            "30.000000" : 101,
            "40.000000" : 120,
            "50.000000" : 175,
            "60.000000" : 225,
            "70.000000" : 294,
            "80.000000" : 402,
            "90.000000" : 548,
            "95.000000" : 748,
            "99.000000" : 618496,
            "99.500000" : 864256,
            "99.900000" : 1564672,
            "99.950000" : 1859584,
            "99.990000" : 2703360
          }
        },
        "lat_ns" : {
          "min" : 54,
          "max" : 17648130,
          "mean" : 12039.840947,
          "stddev" : 115679.600652,
          "N" : 1335935748
        },
        "bw_min" : 5493483,
        "bw_max" : 90310711,
        "bw_agg" : 100.000000,
        "bw_mean" : 31073469.681959,
        "bw_dev" : 138089.648473,
        "bw_samples" : 32853,
        "iops_min" : 1373372,
        "iops_max" : 22577656,
        "iops_mean" : 7768345.760096,
        "iops_stddev" : 34522.402395,
        "iops_samples" : 32853
      },
      "write" : {
        "io_bytes" : 184660271104,
        "io_kbytes" : 180332296,
        "bw_bytes" : 1025873297,
        "bw" : 1001829,
        "iops" : 250457.347933,
        "runtime" : 180003,
        "total_ios" : 45083074,
        "short_ios" : 0,
        "drop_ios" : 0,
        "slat_ns" : {
          "min" : 0,
          "max" : 0,
          "mean" : 0.000000,
          "stddev" : 0.000000,
          "N" : 0
        },
        "clat_ns" : {
          "min" : 39,
          "max" : 19888957,
          "mean" : 371442.716514,
          "stddev" : 540501.825157,
          "N" : 45083074,
          "percentile" : {
            "1.000000" : 60,
            "5.000000" : 71,
            "10.000000" : 89,
            "20.000000" : 116,
            "30.000000" : 177,
            "40.000000" : 306,
            "50.000000" : 454,
            "60.000000" : 342016,
            "70.000000" : 593920,
            "80.000000" : 815104,
            "90.000000" : 1036288,
            "95.000000" : 1400832,
            "99.000000" : 2179072,
            "99.500000" : 2506752,
            "99.900000" : 3489792,
            "99.950000" : 4046848,
            "99.990000" : 5996544
          }
        },
        "lat_ns" : {
          "min" : 62,
          "max" : 19889010,
          "mean" : 371511.226296,
          "stddev" : 540506.945118,
          "N" : 45083074
        },
        "bw_min" : 509591,
        "bw_max" : 6607598,
        "bw_agg" : 100.000000,
        "bw_mean" : 1028215.792855,
        "bw_dev" : 13422.495069,
        "bw_samples" : 33400,
        "iops_min" : 127375,
        "iops_max" : 1651892,
        "iops_mean" : 257031.976534,
        "iops_stddev" : 3355.643706,
        "iops_samples" : 33400
      },
      "trim" : {
        "io_bytes" : 0,
        "io_kbytes" : 0,
        "bw_bytes" : 0,
        "bw" : 0,
        "iops" : 0.000000,
        "runtime" : 0,
        "total_ios" : 0,
        "short_ios" : 0,
        "drop_ios" : 0,
        "slat_ns" : {
          "min" : 0,
          "max" : 0,
          "mean" : 0.000000,
          "stddev" : 0.000000,
          "N" : 0
        },
        "clat_ns" : {
          "min" : 0,
          "max" : 0,
          "mean" : 0.000000,
          "stddev" : 0.000000,
          "N" : 0
        },
        "lat_ns" : {
          "min" : 0,
          "max" : 0,
          "mean" : 0.000000,
          "stddev" : 0.000000,
          "N" : 0
        },
        "bw_min" : 0,
        "bw_max" : 0,
        "bw_agg" : 0.000000,
        "bw_mean" : 0.000000,
        "bw_dev" : 0.000000,
        "bw_samples" : 0,
        "iops_min" : 0,
        "iops_max" : 0,
        "iops_mean" : 0.000000,
        "iops_stddev" : 0.000000,
        "iops_samples" : 0
      },
      "sync" : {
        "total_ios" : 0,
        "lat_ns" : {
          "min" : 0,
          "max" : 0,
          "mean" : 0.000000,
          "stddev" : 0.000000,
          "N" : 0
        }
      },
      "job_runtime" : 34560062,
      "usr_cpu" : 2.560409,
      "sys_cpu" : 94.944390,
      "ctx" : 4591507,
      "majf" : 196616,
      "minf" : 36074701,
      "iodepth_level" : {
        "1" : 100.000000,
        "2" : 0.000000,
        "4" : 0.000000,
        "8" : 0.000000,
        "16" : 0.000000,
        "32" : 0.000000,
        ">=64" : 0.000000
      },
      "iodepth_submit" : {
        "0" : 0.000000,
        "4" : 100.000000,
        "8" : 0.000000,
        "16" : 0.000000,
        "32" : 0.000000,
        "64" : 0.000000,
        ">=64" : 0.000000
      },
      "iodepth_complete" : {
        "0" : 0.000000,
        "4" : 100.000000,
        "8" : 0.000000,
        "16" : 0.000000,
        "32" : 0.000000,
        "64" : 0.000000,
        ">=64" : 0.000000
      },
      "latency_ns" : {
        "2" : 0.000000,
        "4" : 0.000000,
        "10" : 0.000000,
        "20" : 0.000000,
        "50" : 0.015605,
        "100" : 28.326638,
        "250" : 34.979294,
        "500" : 22.708831,
        "750" : 7.779983,
        "1000" : 1.359208
      },
      "latency_us" : {
        "2" : 1.254959,
        "4" : 0.660406,
        "10" : 0.268907,
        "20" : 0.029098,
        "50" : 0.010000,
        "100" : 0.010000,
        "250" : 0.052332,
        "500" : 0.223415,
        "750" : 0.827032,
        "1000" : 0.860839
      },
      "latency_ms" : {
        "2" : 0.567979,
        "4" : 0.076946,
        "10" : 0.010000,
        "20" : 0.010000,
        "50" : 0.000000,
        "100" : 0.000000,
        "250" : 0.000000,
        "500" : 0.000000,
        "750" : 0.000000,
        "1000" : 0.000000,
        "2000" : 0.000000,
        ">=2000" : 0.000000
      },
      "latency_depth" : 1,
      "latency_target" : 0,
      "latency_percentile" : 100.000000,
      "latency_window" : 0
    }
  ],
  "disk_util" : [
    {
      "name" : "sda",
      "read_ios" : 196823,
      "write_ios" : 34958,
      "read_sectors" : 1582864,
      "write_sectors" : 3496800,
      "read_merges" : 439,
      "write_merges" : 172,
      "read_ticks" : 17049,
      "write_ticks" : 56142173,
      "in_queue" : 56159223,
      "util" : 2.100672
    }
  ]
}
