{
  "fio version" : "fio-3.40",
  "timestamp" : 1764543979,
  "timestamp_ms" : 1764543979362,
  "time" : "Mon Dec  1 00:06:19 2025",
  "global options" : {
    "group_reporting" : "",
    "ioengine" : "mmap",
    "size" : "768m",
    "thread" : "1",
    "directory" : "/tmp",
    "time_based" : "",
    "runtime" : "180",
    "filename" : "/tmp/fio_readwrite",
    "share_mmap" : "1",
    "repl" : "1"
  },
  "jobs" : [
    {
      "jobname" : "writers",
      "groupid" : 0,
      "job_start" : 1764543799029,
      "error" : 0,
      "eta" : 0,
      "elapsed" : 181,
      "job options" : {
        "rw" : "randread",
        "random_distribution" : "zipf",
        "numjobs" : "77"
      },
      "read" : {
        "io_bytes" : 1068640849920,
        "io_kbytes" : 1043594580,
        "bw_bytes" : 5936761682,
        "bw" : 5797618,
        "iops" : 1449404.707673,
        "runtime" : 180004,
        "total_ios" : 260898645,
        "short_ios" : 0,
        "drop_ios" : 0,
        "slat_ns" : {
          "min" : 0,
          "max" : 0,
          "mean" : 0.000000,
          "stddev" : 0.000000,
          "N" : 0
        },
        "clat_ns" : {
          "min" : 41,
          "max" : 33008079,
          "mean" : 48819.171447,
          "stddev" : 237390.076402,
          "N" : 260898645,
          "percentile" : {
            "1.000000" : 65,
            "5.000000" : 73,
            "10.000000" : 84,
            "20.000000" : 106,
            "30.000000" : 133,
            "40.000000" : 177,
            "50.000000" : 219,
            "60.000000" : 286,
            "70.000000" : 382,
            "80.000000" : 510,
            "90.000000" : 788,
            "95.000000" : 411648,
            "99.000000" : 1220608,
            "99.500000" : 1581056,
            "99.900000" : 2441216,
            "99.950000" : 2867200,
            "99.990000" : 4079616
          }
        },
        "lat_ns" : {
          "min" : 54,
          "max" : 33008102,
          "mean" : 48848.523589,
          "stddev" : 237392.091934,
          "N" : 260898645
        },
        "bw_min" : 2094793,
        "bw_max" : 11728380,
        "bw_agg" : 100.000000,
        "bw_mean" : 6243945.106721,
        "bw_dev" : 30316.604273,
        "bw_samples" : 25529,
        "iops_min" : 523683,
        "iops_max" : 2932082,
        "iops_mean" : 1560966.858167,
        "iops_stddev" : 7579.181017,
        "iops_samples" : 25529
      },
      "write" : {
        "io_bytes" : 254193860608,
        "io_kbytes" : 248236192,
        "bw_bytes" : 1412156733,
        "bw" : 1379059,
        "iops" : 344764.827448,
        "runtime" : 180004,
        "total_ios" : 62059048,
        "short_ios" : 0,
        "drop_ios" : 0,
        "slat_ns" : {
          "min" : 0,
          "max" : 0,
          "mean" : 0.000000,
          "stddev" : 0.000000,
          "N" : 0
        },
        "clat_ns" : {
          "min" : 38,
          "max" : 57723294,
          "mean" : 311410.804167,
          "stddev" : 583296.393596,
          "N" : 62059048,
          "percentile" : {
            "1.000000" : 54,
            "5.000000" : 68,
            "10.000000" : 82,
            "20.000000" : 105,
            "30.000000" : 120,
            "40.000000" : 167,
            "50.000000" : 302,
            "60.000000" : 470,
            "70.000000" : 193536,
            "80.000000" : 700416,
            "90.000000" : 1171456,
            "95.000000" : 1482752,
            "99.000000" : 2375680,
            "99.500000" : 2768896,
            "99.900000" : 3981312,
            "99.950000" : 4816896,
            "99.990000" : 7634944
          }
        },
        "lat_ns" : {
          "min" : 60,
          "max" : 57723323,
          "mean" : 311472.965153,
          "stddev" : 583298.880208,
          "N" : 62059048
        },
        "bw_min" : 669759,
        "bw_max" : 4134620,
        "bw_agg" : 100.000000,
        "bw_mean" : 1463065.015181,
        "bw_dev" : 8864.494521,
        "bw_samples" : 38535,
        "iops_min" : 167418,
        "iops_max" : 1033634,
        "iops_mean" : 365738.555952,
        "iops_stddev" : 2216.161877,
        "iops_samples" : 38535
      },
      "trim" : {
        "io_bytes" : 0,
        "io_kbytes" : 0,
        "bw_bytes" : 0,
        "bw" : 0,
        "iops" : 0.000000,
        "runtime" : 0,
        "total_ios" : 0,
        "short_ios" : 0,
        "drop_ios" : 0,
        "slat_ns" : {
          "min" : 0,
          "max" : 0,
          "mean" : 0.000000,
          "stddev" : 0.000000,
          "N" : 0
        },
        "clat_ns" : {
          "min" : 0,
          "max" : 0,
          "mean" : 0.000000,
          "stddev" : 0.000000,
          "N" : 0
        },
        "lat_ns" : {
          "min" : 0,
          "max" : 0,
          "mean" : 0.000000,
          "stddev" : 0.000000,
          "N" : 0
        },
        "bw_min" : 0,
        "bw_max" : 0,
        "bw_agg" : 0.000000,
        "bw_mean" : 0.000000,
        "bw_dev" : 0.000000,
        "bw_samples" : 0,
        "iops_min" : 0,
        "iops_max" : 0,
        "iops_mean" : 0.000000,
        "iops_stddev" : 0.000000,
        "iops_samples" : 0
      },
      "sync" : {
        "total_ios" : 0,
        "lat_ns" : {
          "min" : 0,
          "max" : 0,
          "mean" : 0.000000,
          "stddev" : 0.000000,
          "N" : 0
        }
      },
      "job_runtime" : 34560099,
      "usr_cpu" : 0.784648,
      "sys_cpu" : 94.356365,
      "ctx" : 9085866,
      "majf" : 196616,
      "minf" : 33539877,
      "iodepth_level" : {
        "1" : 100.000000,
        "2" : 0.000000,
        "4" : 0.000000,
        "8" : 0.000000,
        "16" : 0.000000,
        "32" : 0.000000,
        ">=64" : 0.000000
      },
      "iodepth_submit" : {
        "0" : 0.000000,
        "4" : 100.000000,
        "8" : 0.000000,
        "16" : 0.000000,
        "32" : 0.000000,
        "64" : 0.000000,
        ">=64" : 0.000000
      },
      "iodepth_complete" : {
        "0" : 0.000000,
        "4" : 100.000000,
        "8" : 0.000000,
        "16" : 0.000000,
        "32" : 0.000000,
        "64" : 0.000000,
        ">=64" : 0.000000
      },
      "latency_ns" : {
        "2" : 0.000000,
        "4" : 0.000000,
        "10" : 0.000000,
        "20" : 0.000000,
        "50" : 0.137333,
        "100" : 17.625228,
        "250" : 36.175827,
        "500" : 21.996072,
        "750" : 9.139839,
        "1000" : 2.007635
      },
      "latency_us" : {
        "2" : 1.365255,
        "4" : 0.767282,
        "10" : 0.336784,
        "20" : 0.026047,
        "50" : 0.010000,
        "100" : 0.019740,
        "250" : 0.605098,
        "500" : 1.059999,
        "750" : 2.610730,
        "1000" : 2.865187
      },
      "latency_ms" : {
        "2" : 2.697795,
        "4" : 0.531785,
        "10" : 0.027185,
        "20" : 0.010000,
        "50" : 0.010000,
        "100" : 0.010000,
        "250" : 0.000000,
        "500" : 0.000000,
        "750" : 0.000000,
        "1000" : 0.000000,
        "2000" : 0.000000,
        ">=2000" : 0.000000
      },
      "latency_depth" : 1,
      "latency_target" : 0,
      "latency_percentile" : 100.000000,
      "latency_window" : 0
    }
  ],
  "disk_util" : [
    {
      "name" : "sda",
      "read_ios" : 196940,
      "write_ios" : 33668,
      "read_sectors" : 1605208,
      "write_sectors" : 3815248,
      "read_merges" : 492,
      "write_merges" : 111,
      "read_ticks" : 17031,
      "write_ticks" : 55870085,
      "in_queue" : 55887116,
      "util" : 4.559172
    }
  ]
}
