{
  "fio version" : "fio-3.40",
  "timestamp" : 1764535821,
  "timestamp_ms" : 1764535821142,
  "time" : "Sun Nov 30 21:50:21 2025",
  "global options" : {
    "group_reporting" : "",
    "ioengine" : "mmap",
    "size" : "768m",
    "thread" : "1",
    "directory" : "/tmp",
    "time_based" : "",
    "runtime" : "180",
    "filename" : "/tmp/fio_readwrite",
    "share_mmap" : "1",
    "repl" : "1"
  },
  "jobs" : [
    {
      "jobname" : "writers",
      "groupid" : 0,
      "job_start" : 1764535641033,
      "error" : 0,
      "eta" : 0,
      "elapsed" : 181,
      "job options" : {
        "rw" : "randread",
        "random_distribution" : "zipf",
        "numjobs" : "154"
      },
      "read" : {
        "io_bytes" : 116600350892032,
        "io_kbytes" : 113867530168,
        "bw_bytes" : 647768931029,
        "bw" : 632586846,
        "iops" : 158146711.677028,
        "runtime" : 180003,
        "total_ios" : 28466882542,
        "short_ios" : 0,
        "drop_ios" : 0,
        "slat_ns" : {
          "min" : 0,
          "max" : 0,
          "mean" : 0.000000,
          "stddev" : 0.000000,
          "N" : 0
        },
        "clat_ns" : {
          "min" : 41,
          "max" : 22558430,
          "mean" : 451.422629,
          "stddev" : 3752.463646,
          "N" : 28466882542,
          "percentile" : {
            "1.000000" : 93,
            "5.000000" : 112,
            "10.000000" : 119,
            "20.000000" : 129,
            "30.000000" : 143,
            "40.000000" : 197,
            "50.000000" : 278,
            "60.000000" : 402,
            "70.000000" : 556,
            "80.000000" : 732,
            "90.000000" : 972,
            "95.000000" : 1192,
            "99.000000" : 1864,
            "99.500000" : 2320,
            "99.900000" : 6112,
            "99.950000" : 7584,
            "99.990000" : 10560
          }
        },
        "lat_ns" : {
          "min" : 57,
          "max" : 22558482,
          "mean" : 492.946198,
          "stddev" : 3779.457157,
          "N" : 28466882542
        },
        "bw_min" : 1080536,
        "bw_max" : 725551700,
        "bw_agg" : 100.000000,
        "bw_mean" : 634833957.343575,
        "bw_dev" : 336301.042807,
        "bw_samples" : 55132,
        "iops_min" : 270134,
        "iops_max" : 181387894,
        "iops_mean" : 158708447.424581,
        "iops_stddev" : 84075.233297,
        "iops_samples" : 55132
      },
      "write" : {
        "io_bytes" : 20775888535552,
        "io_kbytes" : 20288953648,
        "bw_bytes" : 115420320527,
        "bw" : 112715156,
        "iops" : 28178789.191231,
        "runtime" : 180002,
        "total_ios" : 5072238412,
        "short_ios" : 0,
        "drop_ios" : 0,
        "slat_ns" : {
          "min" : 0,
          "max" : 0,
          "mean" : 0.000000,
          "stddev" : 0.000000,
          "N" : 0
        },
        "clat_ns" : {
          "min" : 38,
          "max" : 20682100,
          "mean" : 592.190432,
          "stddev" : 6771.165173,
          "N" : 5072238412,
          "percentile" : {
            "1.000000" : 82,
            "5.000000" : 94,
            "10.000000" : 104,
            "20.000000" : 112,
            "30.000000" : 120,
            "40.000000" : 173,
            "50.000000" : 378,
            "60.000000" : 612,
            "70.000000" : 804,
            "80.000000" : 988,
            "90.000000" : 1256,
            "95.000000" : 1496,
            "99.000000" : 2256,
            "99.500000" : 2736,
            "99.900000" : 7072,
            "99.950000" : 8768,
            "99.990000" : 67072
          }
        },
        "lat_ns" : {
          "min" : 63,
          "max" : 20682172,
          "mean" : 646.075879,
          "stddev" : 6905.451223,
          "N" : 5072238412
        },
        "bw_min" : 255528,
        "bw_max" : 128157889,
        "bw_agg" : 100.000000,
        "bw_mean" : 113112860.449721,
        "bw_dev" : 271100.571945,
        "bw_samples" : 13604,
        "iops_min" : 63882,
        "iops_max" : 32039474,
        "iops_mean" : 28278207.815642,
        "iops_stddev" : 67775.132320,
        "iops_samples" : 13604
      },
      "trim" : {
        "io_bytes" : 0,
        "io_kbytes" : 0,
        "bw_bytes" : 0,
        "bw" : 0,
        "iops" : 0.000000,
        "runtime" : 0,
        "total_ios" : 0,
        "short_ios" : 0,
        "drop_ios" : 0,
        "slat_ns" : {
          "min" : 0,
          "max" : 0,
          "mean" : 0.000000,
          "stddev" : 0.000000,
          "N" : 0
        },
        "clat_ns" : {
          "min" : 0,
          "max" : 0,
          "mean" : 0.000000,
          "stddev" : 0.000000,
          "N" : 0
        },
        "lat_ns" : {
          "min" : 0,
          "max" : 0,
          "mean" : 0.000000,
          "stddev" : 0.000000,
          "N" : 0
        },
        "bw_min" : 0,
        "bw_max" : 0,
        "bw_agg" : 0.000000,
        "bw_mean" : 0.000000,
        "bw_dev" : 0.000000,
        "bw_samples" : 0,
        "iops_min" : 0,
        "iops_max" : 0,
        "iops_mean" : 0.000000,
        "iops_stddev" : 0.000000,
        "iops_samples" : 0
      },
      "sync" : {
        "total_ios" : 0,
        "lat_ns" : {
          "min" : 0,
          "max" : 0,
          "mean" : 0.000000,
          "stddev" : 0.000000,
          "N" : 0
        }
      },
      "job_runtime" : 34560037,
      "usr_cpu" : 98.608262,
      "sys_cpu" : 0.642528,
      "ctx" : 901057,
      "majf" : 196737,
      "minf" : 2882243,
      "iodepth_level" : {
        "1" : 100.000000,
        "2" : 0.000000,
        "4" : 0.000000,
        "8" : 0.000000,
        "16" : 0.000000,
        "32" : 0.000000,
        ">=64" : 0.000000
      },
      "iodepth_submit" : {
        "0" : 0.000000,
        "4" : 100.000000,
        "8" : 0.000000,
        "16" : 0.000000,
        "32" : 0.000000,
        "64" : 0.000000,
        ">=64" : 0.000000
      },
      "iodepth_complete" : {
        "0" : 0.000000,
        "4" : 100.000000,
        "8" : 0.000000,
        "16" : 0.000000,
        "32" : 0.000000,
        "64" : 0.000000,
        ">=64" : 0.000000
      },
      "latency_ns" : {
        "2" : 0.000000,
        "4" : 0.000000,
        "10" : 0.000000,
        "20" : 0.000000,
        "50" : 0.010000,
        "100" : 2.596774,
        "250" : 43.502907,
        "500" : 18.865452,
        "750" : 13.698969,
        "1000" : 10.700985
      },
      "latency_us" : {
        "2" : 9.713515,
        "4" : 0.760757,
        "10" : 0.144019,
        "20" : 0.011818,
        "50" : 0.010000,
        "100" : 0.010000,
        "250" : 0.010000,
        "500" : 0.010000,
        "750" : 0.010000,
        "1000" : 0.010000
      },
      "latency_ms" : {
        "2" : 0.010000,
        "4" : 0.010000,
        "10" : 0.010000,
        "20" : 0.010000,
        "50" : 0.010000,
        "100" : 0.000000,
        "250" : 0.000000,
        "500" : 0.000000,
        "750" : 0.000000,
        "1000" : 0.000000,
        "2000" : 0.000000,
        ">=2000" : 0.000000
      },
      "latency_depth" : 1,
      "latency_target" : 0,
      "latency_percentile" : 100.000000,
      "latency_window" : 0
    }
  ],
  "disk_util" : [
    {
      "name" : "sda",
      "read_ios" : 196624,
      "write_ios" : 50014,
      "read_sectors" : 1573728,
      "write_sectors" : 22464104,
      "read_merges" : 92,
      "write_merges" : 276,
      "read_ticks" : 130749,
      "write_ticks" : 5316053,
      "in_queue" : 5446803,
      "util" : 4.999109
    }
  ]
}
