{
  "fio version" : "fio-3.40",
  "timestamp" : 1764536002,
  "timestamp_ms" : 1764536002130,
  "time" : "Sun Nov 30 21:53:22 2025",
  "global options" : {
    "group_reporting" : "",
    "ioengine" : "mmap",
    "size" : "768m",
    "thread" : "1",
    "directory" : "/tmp",
    "time_based" : "",
    "runtime" : "180",
    "filename" : "/tmp/fio_readwrite",
    "share_mmap" : "1",
    "repl" : "1"
  },
  "jobs" : [
    {
      "jobname" : "writers",
      "groupid" : 0,
      "job_start" : 1764535821838,
      "error" : 0,
      "eta" : 0,
      "elapsed" : 181,
      "job options" : {
        "rw" : "randread",
        "random_distribution" : "zipf",
        "numjobs" : "134"
      },
      "read" : {
        "io_bytes" : 100028528029696,
        "io_kbytes" : 97684109404,
        "bw_bytes" : 555704782863,
        "bw" : 542680452,
        "iops" : 135670113.003672,
        "runtime" : 180003,
        "total_ios" : 24421027351,
        "short_ios" : 0,
        "drop_ios" : 0,
        "slat_ns" : {
          "min" : 0,
          "max" : 0,
          "mean" : 0.000000,
          "stddev" : 0.000000,
          "N" : 0
        },
        "clat_ns" : {
          "min" : 40,
          "max" : 89968140,
          "mean" : 466.516389,
          "stddev" : 10671.376542,
          "N" : 24421027351,
          "percentile" : {
            "1.000000" : 91,
            "5.000000" : 110,
            "10.000000" : 118,
            "20.000000" : 127,
            "30.000000" : 141,
            "40.000000" : 191,
            "50.000000" : 274,
            "60.000000" : 406,
            "70.000000" : 572,
            "80.000000" : 764,
            "90.000000" : 1020,
            "95.000000" : 1256,
            "99.000000" : 1944,
            "99.500000" : 2384,
            "99.900000" : 6240,
            "99.950000" : 7648,
            "99.990000" : 10048
          }
        },
        "lat_ns" : {
          "min" : 56,
          "max" : 89968188,
          "mean" : 506.632665,
          "stddev" : 10677.204137,
          "N" : 24421027351
        },
        "bw_min" : 337431,
        "bw_max" : 597767146,
        "bw_agg" : 100.000000,
        "bw_mean" : 543179616.208914,
        "bw_dev" : 391435.116851,
        "bw_samples" : 48106,
        "iops_min" : 84345,
        "iops_max" : 149441782,
        "iops_mean" : 135794881.295265,
        "iops_stddev" : 97858.765725,
        "iops_samples" : 48106
      },
      "write" : {
        "io_bytes" : 32255280230400,
        "io_kbytes" : 31499297100,
        "bw_bytes" : 179192019235,
        "bw" : 174992206,
        "iops" : 43748051.571076,
        "runtime" : 180004,
        "total_ios" : 7874824275,
        "short_ios" : 0,
        "drop_ios" : 0,
        "slat_ns" : {
          "min" : 0,
          "max" : 0,
          "mean" : 0.000000,
          "stddev" : 0.000000,
          "N" : 0
        },
        "clat_ns" : {
          "min" : 39,
          "max" : 91831466,
          "mean" : 577.539088,
          "stddev" : 13532.200589,
          "N" : 7874824275,
          "percentile" : {
            "1.000000" : 81,
            "5.000000" : 93,
            "10.000000" : 102,
            "20.000000" : 111,
            "30.000000" : 118,
            "40.000000" : 163,
            "50.000000" : 346,
            "60.000000" : 564,
            "70.000000" : 780,
            "80.000000" : 972,
            "90.000000" : 1240,
            "95.000000" : 1480,
            "99.000000" : 2224,
            "99.500000" : 2736,
            "99.900000" : 6880,
            "99.950000" : 8384,
            "99.990000" : 69120
          }
        },
        "lat_ns" : {
          "min" : 63,
          "max" : 91831514,
          "mean" : 634.188780,
          "stddev" : 13599.613440,
          "N" : 7874824275
        },
        "bw_min" : 132453,
        "bw_max" : 199153649,
        "bw_agg" : 100.000000,
        "bw_mean" : 175157664.214485,
        "bw_dev" : 312080.884624,
        "bw_samples" : 20822,
        "iops_min" : 33108,
        "iops_max" : 49788400,
        "iops_mean" : 43789409.988858,
        "iops_stddev" : 78020.208740,
        "iops_samples" : 20822
      },
      "trim" : {
        "io_bytes" : 0,
        "io_kbytes" : 0,
        "bw_bytes" : 0,
        "bw" : 0,
        "iops" : 0.000000,
        "runtime" : 0,
        "total_ios" : 0,
        "short_ios" : 0,
        "drop_ios" : 0,
        "slat_ns" : {
          "min" : 0,
          "max" : 0,
          "mean" : 0.000000,
          "stddev" : 0.000000,
          "N" : 0
        },
        "clat_ns" : {
          "min" : 0,
          "max" : 0,
          "mean" : 0.000000,
          "stddev" : 0.000000,
          "N" : 0
        },
        "lat_ns" : {
          "min" : 0,
          "max" : 0,
          "mean" : 0.000000,
          "stddev" : 0.000000,
          "N" : 0
        },
        "bw_min" : 0,
        "bw_max" : 0,
        "bw_agg" : 0.000000,
        "bw_mean" : 0.000000,
        "bw_dev" : 0.000000,
        "bw_samples" : 0,
        "iops_min" : 0,
        "iops_max" : 0,
        "iops_mean" : 0.000000,
        "iops_stddev" : 0.000000,
        "iops_samples" : 0
      },
      "sync" : {
        "total_ios" : 0,
        "lat_ns" : {
          "min" : 0,
          "max" : 0,
          "mean" : 0.000000,
          "stddev" : 0.000000,
          "N" : 0
        }
      },
      "job_runtime" : 34560034,
      "usr_cpu" : 98.457273,
      "sys_cpu" : 0.460376,
      "ctx" : 539785,
      "majf" : 196725,
      "minf" : 2776539,
      "iodepth_level" : {
        "1" : 100.000000,
        "2" : 0.000000,
        "4" : 0.000000,
        "8" : 0.000000,
        "16" : 0.000000,
        "32" : 0.000000,
        ">=64" : 0.000000
      },
      "iodepth_submit" : {
        "0" : 0.000000,
        "4" : 100.000000,
        "8" : 0.000000,
        "16" : 0.000000,
        "32" : 0.000000,
        "64" : 0.000000,
        ">=64" : 0.000000
      },
      "iodepth_complete" : {
        "0" : 0.000000,
        "4" : 100.000000,
        "8" : 0.000000,
        "16" : 0.000000,
        "32" : 0.000000,
        "64" : 0.000000,
        ">=64" : 0.000000
      },
      "latency_ns" : {
        "2" : 0.000000,
        "4" : 0.000000,
        "10" : 0.000000,
        "20" : 0.000000,
        "50" : 0.010000,
        "100" : 3.525482,
        "250" : 43.163429,
        "500" : 17.312479,
        "750" : 12.619215,
        "1000" : 10.767252
      },
      "latency_us" : {
        "2" : 11.564036,
        "4" : 0.876545,
        "10" : 0.155151,
        "20" : 0.010000,
        "50" : 0.010000,
        "100" : 0.010000,
        "250" : 0.010000,
        "500" : 0.010000,
        "750" : 0.010000,
        "1000" : 0.010000
      },
      "latency_ms" : {
        "2" : 0.010000,
        "4" : 0.010000,
        "10" : 0.010000,
        "20" : 0.010000,
        "50" : 0.010000,
        "100" : 0.010000,
        "250" : 0.000000,
        "500" : 0.000000,
        "750" : 0.000000,
        "1000" : 0.000000,
        "2000" : 0.000000,
        ">=2000" : 0.000000
      },
      "latency_depth" : 1,
      "latency_target" : 0,
      "latency_percentile" : 100.000000,
      "latency_window" : 0
    }
  ],
  "disk_util" : [
    {
      "name" : "sda",
      "read_ios" : 196625,
      "write_ios" : 26026,
      "read_sectors" : 1573712,
      "write_sectors" : 21178528,
      "read_merges" : 89,
      "write_merges" : 185,
      "read_ticks" : 237669,
      "write_ticks" : 3509231,
      "in_queue" : 3746901,
      "util" : 5.469667
    }
  ]
}
