{
  "fio version" : "fio-3.40",
  "timestamp" : 1764536364,
  "timestamp_ms" : 1764536364096,
  "time" : "Sun Nov 30 21:59:24 2025",
  "global options" : {
    "group_reporting" : "",
    "ioengine" : "mmap",
    "size" : "768m",
    "thread" : "1",
    "directory" : "/tmp",
    "time_based" : "",
    "runtime" : "180",
    "filename" : "/tmp/fio_readwrite",
    "share_mmap" : "1",
    "repl" : "1"
  },
  "jobs" : [
    {
      "jobname" : "writers",
      "groupid" : 0,
      "job_start" : 1764536183806,
      "error" : 0,
      "eta" : 0,
      "elapsed" : 181,
      "job options" : {
        "rw" : "randread",
        "random_distribution" : "zipf",
        "numjobs" : "96"
      },
      "read" : {
        "io_bytes" : 69148910346240,
        "io_kbytes" : 67528232760,
        "bw_bytes" : 384156344630,
        "bw" : 375152680,
        "iops" : 93788170.075888,
        "runtime" : 180002,
        "total_ios" : 16882058190,
        "short_ios" : 0,
        "drop_ios" : 0,
        "slat_ns" : {
          "min" : 0,
          "max" : 0,
          "mean" : 0.000000,
          "stddev" : 0.000000,
          "N" : 0
        },
        "clat_ns" : {
          "min" : 41,
          "max" : 24015257,
          "mean" : 504.718337,
          "stddev" : 2015.457260,
          "N" : 16882058190,
          "percentile" : {
            "1.000000" : 87,
            "5.000000" : 106,
            "10.000000" : 114,
            "20.000000" : 123,
            "30.000000" : 133,
            "40.000000" : 177,
            "50.000000" : 278,
            "60.000000" : 430,
            "70.000000" : 612,
            "80.000000" : 844,
            "90.000000" : 1160,
            "95.000000" : 1480,
            "99.000000" : 2288,
            "99.500000" : 2736,
            "99.900000" : 6240,
            "99.950000" : 7584,
            "99.990000" : 9920
          }
        },
        "lat_ns" : {
          "min" : 57,
          "max" : 24015280,
          "mean" : 541.696557,
          "stddev" : 2032.732302,
          "N" : 16882058190
        },
        "bw_min" : 975016,
        "bw_max" : 412952732,
        "bw_agg" : 100.000000,
        "bw_mean" : 376560288.907845,
        "bw_dev" : 281359.203666,
        "bw_samples" : 34343,
        "iops_min" : 243754,
        "iops_max" : 103238164,
        "iops_mean" : 94140052.790378,
        "iops_stddev" : 70339.774304,
        "iops_samples" : 34343
      },
      "write" : {
        "io_bytes" : 54305118957568,
        "io_kbytes" : 53032342732,
        "bw_bytes" : 301691753189,
        "bw" : 294620852,
        "iops" : 73655213.180965,
        "runtime" : 180002,
        "total_ios" : 13258085683,
        "short_ios" : 0,
        "drop_ios" : 0,
        "slat_ns" : {
          "min" : 0,
          "max" : 0,
          "mean" : 0.000000,
          "stddev" : 0.000000,
          "N" : 0
        },
        "clat_ns" : {
          "min" : 39,
          "max" : 12021557,
          "mean" : 547.971165,
          "stddev" : 5171.759811,
          "N" : 13258085683,
          "percentile" : {
            "1.000000" : 80,
            "5.000000" : 90,
            "10.000000" : 99,
            "20.000000" : 108,
            "30.000000" : 115,
            "40.000000" : 149,
            "50.000000" : 286,
            "60.000000" : 474,
            "70.000000" : 724,
            "80.000000" : 964,
            "90.000000" : 1256,
            "95.000000" : 1528,
            "99.000000" : 2256,
            "99.500000" : 2704,
            "99.900000" : 6048,
            "99.950000" : 7776,
            "99.990000" : 71168
          }
        },
        "lat_ns" : {
          "min" : 64,
          "max" : 12021619,
          "mean" : 611.975648,
          "stddev" : 5300.828597,
          "N" : 13258085683
        },
        "bw_min" : 826448,
        "bw_max" : 334259633,
        "bw_agg" : 100.000000,
        "bw_mean" : 295719365.444862,
        "bw_dev" : 275623.470519,
        "bw_samples" : 34331,
        "iops_min" : 206612,
        "iops_max" : 83564886,
        "iops_mean" : 73929824.500078,
        "iops_stddev" : 68905.854469,
        "iops_samples" : 34331
      },
      "trim" : {
        "io_bytes" : 0,
        "io_kbytes" : 0,
        "bw_bytes" : 0,
        "bw" : 0,
        "iops" : 0.000000,
        "runtime" : 0,
        "total_ios" : 0,
        "short_ios" : 0,
        "drop_ios" : 0,
        "slat_ns" : {
          "min" : 0,
          "max" : 0,
          "mean" : 0.000000,
          "stddev" : 0.000000,
          "N" : 0
        },
        "clat_ns" : {
          "min" : 0,
          "max" : 0,
          "mean" : 0.000000,
          "stddev" : 0.000000,
          "N" : 0
        },
        "lat_ns" : {
          "min" : 0,
          "max" : 0,
          "mean" : 0.000000,
          "stddev" : 0.000000,
          "N" : 0
        },
        "bw_min" : 0,
        "bw_max" : 0,
        "bw_agg" : 0.000000,
        "bw_mean" : 0.000000,
        "bw_dev" : 0.000000,
        "bw_samples" : 0,
        "iops_min" : 0,
        "iops_max" : 0,
        "iops_mean" : 0.000000,
        "iops_stddev" : 0.000000,
        "iops_samples" : 0
      },
      "sync" : {
        "total_ios" : 0,
        "lat_ns" : {
          "min" : 0,
          "max" : 0,
          "mean" : 0.000000,
          "stddev" : 0.000000,
          "N" : 0
        }
      },
      "job_runtime" : 34560027,
      "usr_cpu" : 98.429000,
      "sys_cpu" : 1.106365,
      "ctx" : 874071,
      "majf" : 196847,
      "minf" : 2439353,
      "iodepth_level" : {
        "1" : 100.000000,
        "2" : 0.000000,
        "4" : 0.000000,
        "8" : 0.000000,
        "16" : 0.000000,
        "32" : 0.000000,
        ">=64" : 0.000000
      },
      "iodepth_submit" : {
        "0" : 0.000000,
        "4" : 100.000000,
        "8" : 0.000000,
        "16" : 0.000000,
        "32" : 0.000000,
        "64" : 0.000000,
        ">=64" : 0.000000
      },
      "iodepth_complete" : {
        "0" : 0.000000,
        "4" : 100.000000,
        "8" : 0.000000,
        "16" : 0.000000,
        "32" : 0.000000,
        "64" : 0.000000,
        ">=64" : 0.000000
      },
      "latency_ns" : {
        "2" : 0.000000,
        "4" : 0.000000,
        "10" : 0.000000,
        "20" : 0.000000,
        "50" : 0.010000,
        "100" : 6.201947,
        "250" : 41.509472,
        "500" : 15.136694,
        "750" : 11.028030,
        "1000" : 9.841561
      },
      "latency_us" : {
        "2" : 14.624852,
        "4" : 1.489283,
        "10" : 0.152274,
        "20" : 0.010000,
        "50" : 0.010000,
        "100" : 0.010000,
        "250" : 0.010000,
        "500" : 0.010000,
        "750" : 0.010000,
        "1000" : 0.010000
      },
      "latency_ms" : {
        "2" : 0.010000,
        "4" : 0.010000,
        "10" : 0.010000,
        "20" : 0.010000,
        "50" : 0.010000,
        "100" : 0.000000,
        "250" : 0.000000,
        "500" : 0.000000,
        "750" : 0.000000,
        "1000" : 0.000000,
        "2000" : 0.000000,
        ">=2000" : 0.000000
      },
      "latency_depth" : 1,
      "latency_target" : 0,
      "latency_percentile" : 100.000000,
      "latency_window" : 0
    }
  ],
  "disk_util" : [
    {
      "name" : "sda",
      "read_ios" : 196614,
      "write_ios" : 48269,
      "read_sectors" : 1573688,
      "write_sectors" : 19364832,
      "read_merges" : 97,
      "write_merges" : 295,
      "read_ticks" : 60117,
      "write_ticks" : 2233797,
      "in_queue" : 2293914,
      "util" : 5.711806
    }
  ]
}
