{
  "fio version" : "fio-3.40",
  "timestamp" : 1764535278,
  "timestamp_ms" : 1764535278352,
  "time" : "Sun Nov 30 21:41:18 2025",
  "global options" : {
    "group_reporting" : "",
    "ioengine" : "mmap",
    "size" : "768m",
    "thread" : "1",
    "directory" : "/tmp",
    "time_based" : "",
    "runtime" : "180",
    "filename" : "/tmp/fio_readwrite",
    "share_mmap" : "1",
    "repl" : "1"
  },
  "jobs" : [
    {
      "jobname" : "writers",
      "groupid" : 0,
      "job_start" : 1764535098124,
      "error" : 0,
      "eta" : 0,
      "elapsed" : 181,
      "job options" : {
        "rw" : "randread",
        "random_distribution" : "zipf",
        "numjobs" : "182"
      },
      "read" : {
        "io_bytes" : 149035077545984,
        "io_kbytes" : 145542067916,
        "bw_bytes" : 827958853719,
        "bw" : 808553568,
        "iops" : 202138392.021244,
        "runtime" : 180003,
        "total_ios" : 36385516979,
        "short_ios" : 0,
        "drop_ios" : 0,
        "slat_ns" : {
          "min" : 0,
          "max" : 0,
          "mean" : 0.000000,
          "stddev" : 0.000000,
          "N" : 0
        },
        "clat_ns" : {
          "min" : 41,
          "max" : 40024980,
          "mean" : 383.344272,
          "stddev" : 2078.263592,
          "N" : 36385516979,
          "percentile" : {
            "1.000000" : 92,
            "5.000000" : 115,
            "10.000000" : 122,
            "20.000000" : 131,
            "30.000000" : 145,
            "40.000000" : 197,
            "50.000000" : 266,
            "60.000000" : 354,
            "70.000000" : 470,
            "80.000000" : 604,
            "90.000000" : 772,
            "95.000000" : 924,
            "99.000000" : 1432,
            "99.500000" : 1928,
            "99.900000" : 4384,
            "99.950000" : 6624,
            "99.990000" : 11584
          }
        },
        "lat_ns" : {
          "min" : 56,
          "max" : 40025002,
          "mean" : 424.797801,
          "stddev" : 2134.380507,
          "N" : 36385516979
        },
        "bw_min" : 311194392,
        "bw_max" : 1139522493,
        "bw_agg" : 100.000000,
        "bw_mean" : 821689248.547360,
        "bw_dev" : 358885.826300,
        "bw_samples" : 64357,
        "iops_min" : 77798608,
        "iops_max" : 284880635,
        "iops_mean" : 205422275.894421,
        "iops_stddev" : 89721.471246,
        "iops_samples" : 64357
      },
      "write" : {
        "io_bytes" : 5993130274816,
        "io_kbytes" : 5852666284,
        "bw_bytes" : 33294798251,
        "bw" : 32514451,
        "iops" : 8128612.854302,
        "runtime" : 180002,
        "total_ios" : 1463166571,
        "short_ios" : 0,
        "drop_ios" : 0,
        "slat_ns" : {
          "min" : 0,
          "max" : 0,
          "mean" : 0.000000,
          "stddev" : 0.000000,
          "N" : 0
        },
        "clat_ns" : {
          "min" : 37,
          "max" : 40028611,
          "mean" : 524.136831,
          "stddev" : 6420.000965,
          "N" : 1463166571,
          "percentile" : {
            "1.000000" : 81,
            "5.000000" : 97,
            "10.000000" : 107,
            "20.000000" : 115,
            "30.000000" : 122,
            "40.000000" : 171,
            "50.000000" : 374,
            "60.000000" : 580,
            "70.000000" : 724,
            "80.000000" : 860,
            "90.000000" : 1032,
            "95.000000" : 1192,
            "99.000000" : 1816,
            "99.500000" : 2512,
            "99.900000" : 6752,
            "99.950000" : 8640,
            "99.990000" : 56576
          }
        },
        "lat_ns" : {
          "min" : 63,
          "max" : 40028673,
          "mean" : 579.646434,
          "stddev" : 6645.045386,
          "N" : 1463166571
        },
        "bw_min" : 11166074,
        "bw_max" : 49556312,
        "bw_agg" : 100.000000,
        "bw_mean" : 33020223.395119,
        "bw_dev" : 357307.921918,
        "bw_samples" : 3538,
        "iops_min" : 2791515,
        "iops_max" : 12389078,
        "iops_mean" : 8255054.523842,
        "iops_stddev" : 89326.985764,
        "iops_samples" : 3538
      },
      "trim" : {
        "io_bytes" : 0,
        "io_kbytes" : 0,
        "bw_bytes" : 0,
        "bw" : 0,
        "iops" : 0.000000,
        "runtime" : 0,
        "total_ios" : 0,
        "short_ios" : 0,
        "drop_ios" : 0,
        "slat_ns" : {
          "min" : 0,
          "max" : 0,
          "mean" : 0.000000,
          "stddev" : 0.000000,
          "N" : 0
        },
        "clat_ns" : {
          "min" : 0,
          "max" : 0,
          "mean" : 0.000000,
          "stddev" : 0.000000,
          "N" : 0
        },
        "lat_ns" : {
          "min" : 0,
          "max" : 0,
          "mean" : 0.000000,
          "stddev" : 0.000000,
          "N" : 0
        },
        "bw_min" : 0,
        "bw_max" : 0,
        "bw_agg" : 0.000000,
        "bw_mean" : 0.000000,
        "bw_dev" : 0.000000,
        "bw_samples" : 0,
        "iops_min" : 0,
        "iops_max" : 0,
        "iops_mean" : 0.000000,
        "iops_stddev" : 0.000000,
        "iops_samples" : 0
      },
      "sync" : {
        "total_ios" : 0,
        "lat_ns" : {
          "min" : 0,
          "max" : 0,
          "mean" : 0.000000,
          "stddev" : 0.000000,
          "N" : 0
        }
      },
      "job_runtime" : 34560022,
      "usr_cpu" : 97.950930,
      "sys_cpu" : 1.683147,
      "ctx" : 370497,
      "majf" : 196615,
      "minf" : 2613317,
      "iodepth_level" : {
        "1" : 100.000000,
        "2" : 0.000000,
        "4" : 0.000000,
        "8" : 0.000000,
        "16" : 0.000000,
        "32" : 0.000000,
        ">=64" : 0.000000
      },
      "iodepth_submit" : {
        "0" : 0.000000,
        "4" : 100.000000,
        "8" : 0.000000,
        "16" : 0.000000,
        "32" : 0.000000,
        "64" : 0.000000,
        ">=64" : 0.000000
      },
      "iodepth_complete" : {
        "0" : 0.000000,
        "4" : 100.000000,
        "8" : 0.000000,
        "16" : 0.000000,
        "32" : 0.000000,
        "64" : 0.000000,
        ">=64" : 0.000000
      },
      "latency_ns" : {
        "2" : 0.000000,
        "4" : 0.000000,
        "10" : 0.000000,
        "20" : 0.000000,
        "50" : 0.010000,
        "100" : 1.673415,
        "250" : 45.413520,
        "500" : 24.704651,
        "750" : 16.352095,
        "1000" : 7.950250
      },
      "latency_us" : {
        "2" : 3.439404,
        "4" : 0.346723,
        "10" : 0.105565,
        "20" : 0.012565,
        "50" : 0.010000,
        "100" : 0.010000,
        "250" : 0.010000,
        "500" : 0.010000,
        "750" : 0.010000,
        "1000" : 0.010000
      },
      "latency_ms" : {
        "2" : 0.010000,
        "4" : 0.010000,
        "10" : 0.010000,
        "20" : 0.010000,
        "50" : 0.010000,
        "100" : 0.000000,
        "250" : 0.000000,
        "500" : 0.000000,
        "750" : 0.000000,
        "1000" : 0.000000,
        "2000" : 0.000000,
        ">=2000" : 0.000000
      },
      "latency_depth" : 1,
      "latency_target" : 0,
      "latency_percentile" : 100.000000,
      "latency_window" : 0
    }
  ],
  "disk_util" : [
    {
      "name" : "sda",
      "read_ios" : 196625,
      "write_ios" : 11199,
      "read_sectors" : 1573760,
      "write_sectors" : 19029840,
      "read_merges" : 95,
      "write_merges" : 100,
      "read_ticks" : 24683,
      "write_ticks" : 8776328,
      "in_queue" : 8801010,
      "util" : 3.919845
    }
  ]
}
