{
  "fio version" : "fio-3.40",
  "timestamp" : 1764536906,
  "timestamp_ms" : 1764536906851,
  "time" : "Sun Nov 30 22:08:26 2025",
  "global options" : {
    "group_reporting" : "",
    "ioengine" : "mmap",
    "size" : "768m",
    "thread" : "1",
    "directory" : "/tmp",
    "time_based" : "",
    "runtime" : "180",
    "filename" : "/tmp/fio_readwrite",
    "share_mmap" : "1",
    "repl" : "1"
  },
  "jobs" : [
    {
      "jobname" : "writers",
      "groupid" : 0,
      "job_start" : 1764536726589,
      "error" : 0,
      "eta" : 0,
      "elapsed" : 181,
      "job options" : {
        "rw" : "randread",
        "random_distribution" : "zipf",
        "numjobs" : "38"
      },
      "read" : {
        "io_bytes" : 26686650744832,
        "io_kbytes" : 26061182368,
        "bw_bytes" : 148256699859,
        "bw" : 144781933,
        "iops" : 36195483.364166,
        "runtime" : 180003,
        "total_ios" : 6515295592,
        "short_ios" : 0,
        "drop_ios" : 0,
        "slat_ns" : {
          "min" : 0,
          "max" : 0,
          "mean" : 0.000000,
          "stddev" : 0.000000,
          "N" : 0
        },
        "clat_ns" : {
          "min" : 42,
          "max" : 8023251,
          "mean" : 509.319327,
          "stddev" : 1844.546696,
          "N" : 6515295592,
          "percentile" : {
            "1.000000" : 85,
            "5.000000" : 103,
            "10.000000" : 112,
            "20.000000" : 121,
            "30.000000" : 131,
            "40.000000" : 165,
            "50.000000" : 270,
            "60.000000" : 414,
            "70.000000" : 604,
            "80.000000" : 860,
            "90.000000" : 1224,
            "95.000000" : 1544,
            "99.000000" : 2352,
            "99.500000" : 2800,
            "99.900000" : 5920,
            "99.950000" : 7584,
            "99.990000" : 10176
          }
        },
        "lat_ns" : {
          "min" : 58,
          "max" : 8023274,
          "mean" : 551.904473,
          "stddev" : 1853.442823,
          "N" : 6515295592
        },
        "bw_min" : 1325635,
        "bw_max" : 162522830,
        "bw_agg" : 100.000000,
        "bw_mean" : 145704310.594902,
        "bw_dev" : 281144.465905,
        "bw_samples" : 13567,
        "iops_min" : 331404,
        "iops_max" : 40630696,
        "iops_mean" : 36426069.398205,
        "iops_stddev" : 70286.112753,
        "iops_samples" : 13567
      },
      "write" : {
        "io_bytes" : 101061318283264,
        "io_kbytes" : 98692693636,
        "bw_bytes" : 561439291811,
        "bw" : 548280558,
        "iops" : 137070139.602453,
        "runtime" : 180004,
        "total_ios" : 24673173409,
        "short_ios" : 0,
        "drop_ios" : 0,
        "slat_ns" : {
          "min" : 0,
          "max" : 0,
          "mean" : 0.000000,
          "stddev" : 0.000000,
          "N" : 0
        },
        "clat_ns" : {
          "min" : 39,
          "max" : 14534274,
          "mean" : 448.235217,
          "stddev" : 4184.941233,
          "N" : 24673173409,
          "percentile" : {
            "1.000000" : 79,
            "5.000000" : 90,
            "10.000000" : 98,
            "20.000000" : 107,
            "30.000000" : 113,
            "40.000000" : 131,
            "50.000000" : 209,
            "60.000000" : 326,
            "70.000000" : 510,
            "80.000000" : 796,
            "90.000000" : 1096,
            "95.000000" : 1320,
            "99.000000" : 1912,
            "99.500000" : 2320,
            "99.900000" : 4512,
            "99.950000" : 7008,
            "99.990000" : 17024
          }
        },
        "lat_ns" : {
          "min" : 60,
          "max" : 14534321,
          "mean" : 507.187219,
          "stddev" : 4262.243206,
          "N" : 24673173409
        },
        "bw_min" : 3721152,
        "bw_max" : 630689357,
        "bw_agg" : 100.000000,
        "bw_mean" : 551568138.948391,
        "bw_dev" : 321665.207790,
        "bw_samples" : 55002,
        "iops_min" : 930258,
        "iops_max" : 157672304,
        "iops_mean" : 137892002.542040,
        "iops_stddev" : 80416.306282,
        "iops_samples" : 55002
      },
      "trim" : {
        "io_bytes" : 0,
        "io_kbytes" : 0,
        "bw_bytes" : 0,
        "bw" : 0,
        "iops" : 0.000000,
        "runtime" : 0,
        "total_ios" : 0,
        "short_ios" : 0,
        "drop_ios" : 0,
        "slat_ns" : {
          "min" : 0,
          "max" : 0,
          "mean" : 0.000000,
          "stddev" : 0.000000,
          "N" : 0
        },
        "clat_ns" : {
          "min" : 0,
          "max" : 0,
          "mean" : 0.000000,
          "stddev" : 0.000000,
          "N" : 0
        },
        "lat_ns" : {
          "min" : 0,
          "max" : 0,
          "mean" : 0.000000,
          "stddev" : 0.000000,
          "N" : 0
        },
        "bw_min" : 0,
        "bw_max" : 0,
        "bw_agg" : 0.000000,
        "bw_mean" : 0.000000,
        "bw_dev" : 0.000000,
        "bw_samples" : 0,
        "iops_min" : 0,
        "iops_max" : 0,
        "iops_mean" : 0.000000,
        "iops_stddev" : 0.000000,
        "iops_samples" : 0
      },
      "sync" : {
        "total_ios" : 0,
        "lat_ns" : {
          "min" : 0,
          "max" : 0,
          "mean" : 0.000000,
          "stddev" : 0.000000,
          "N" : 0
        }
      },
      "job_runtime" : 34560052,
      "usr_cpu" : 98.228683,
      "sys_cpu" : 1.297481,
      "ctx" : 1171867,
      "majf" : 196830,
      "minf" : 2372506,
      "iodepth_level" : {
        "1" : 100.000000,
        "2" : 0.000000,
        "4" : 0.000000,
        "8" : 0.000000,
        "16" : 0.000000,
        "32" : 0.000000,
        ">=64" : 0.000000
      },
      "iodepth_submit" : {
        "0" : 0.000000,
        "4" : 100.000000,
        "8" : 0.000000,
        "16" : 0.000000,
        "32" : 0.000000,
        "64" : 0.000000,
        ">=64" : 0.000000
      },
      "iodepth_complete" : {
        "0" : 0.000000,
        "4" : 100.000000,
        "8" : 0.000000,
        "16" : 0.000000,
        "32" : 0.000000,
        "64" : 0.000000,
        ">=64" : 0.000000
      },
      "latency_ns" : {
        "2" : 0.000000,
        "4" : 0.000000,
        "10" : 0.000000,
        "20" : 0.000000,
        "50" : 0.010000,
        "100" : 9.392888,
        "250" : 44.066725,
        "500" : 15.227413,
        "750" : 9.100766,
        "1000" : 8.714081
      },
      "latency_us" : {
        "2" : 12.416930,
        "4" : 0.946670,
        "10" : 0.117477,
        "20" : 0.010000,
        "50" : 0.010000,
        "100" : 0.010000,
        "250" : 0.010000,
        "500" : 0.010000,
        "750" : 0.010000,
        "1000" : 0.010000
      },
      "latency_ms" : {
        "2" : 0.010000,
        "4" : 0.010000,
        "10" : 0.010000,
        "20" : 0.010000,
        "50" : 0.000000,
        "100" : 0.000000,
        "250" : 0.000000,
        "500" : 0.000000,
        "750" : 0.000000,
        "1000" : 0.000000,
        "2000" : 0.000000,
        ">=2000" : 0.000000
      },
      "latency_depth" : 1,
      "latency_target" : 0,
      "latency_percentile" : 100.000000,
      "latency_window" : 0
    }
  ],
  "disk_util" : [
    {
      "name" : "sda",
      "read_ios" : 196596,
      "write_ios" : 68008,
      "read_sectors" : 1573640,
      "write_sectors" : 19666872,
      "read_merges" : 109,
      "write_merges" : 403,
      "read_ticks" : 57417,
      "write_ticks" : 4116778,
      "in_queue" : 4174195,
      "util" : 4.540043
    }
  ]
}
