{
  "fio version" : "fio-3.40",
  "timestamp" : 1764545246,
  "timestamp_ms" : 1764545246375,
  "time" : "Mon Dec  1 00:27:26 2025",
  "global options" : {
    "group_reporting" : "",
    "ioengine" : "mmap",
    "size" : "768m",
    "thread" : "1",
    "directory" : "/tmp",
    "time_based" : "",
    "runtime" : "180",
    "filename" : "/tmp/fio_readwrite",
    "share_mmap" : "1",
    "repl" : "1"
  },
  "jobs" : [
    {
      "jobname" : "writers",
      "groupid" : 0,
      "job_start" : 1764545066158,
      "error" : 0,
      "eta" : 0,
      "elapsed" : 181,
      "job options" : {
        "rw" : "randread",
        "random_distribution" : "zipf",
        "numjobs" : "19"
      },
      "read" : {
        "io_bytes" : 12239178100736,
        "io_kbytes" : 11952322364,
        "bw_bytes" : 67994300654,
        "bw" : 66400684,
        "iops" : 16600171.058260,
        "runtime" : 180003,
        "total_ios" : 2988080591,
        "short_ios" : 0,
        "drop_ios" : 0,
        "slat_ns" : {
          "min" : 0,
          "max" : 0,
          "mean" : 0.000000,
          "stddev" : 0.000000,
          "N" : 0
        },
        "clat_ns" : {
          "min" : 44,
          "max" : 14096041,
          "mean" : 600.278490,
          "stddev" : 12289.543366,
          "N" : 2988080591,
          "percentile" : {
            "1.000000" : 85,
            "5.000000" : 103,
            "10.000000" : 112,
            "20.000000" : 121,
            "30.000000" : 131,
            "40.000000" : 161,
            "50.000000" : 262,
            "60.000000" : 406,
            "70.000000" : 604,
            "80.000000" : 868,
            "90.000000" : 1192,
            "95.000000" : 1464,
            "99.000000" : 2096,
            "99.500000" : 2448,
            "99.900000" : 6560,
            "99.950000" : 7904,
            "99.990000" : 468992
          }
        },
        "lat_ns" : {
          "min" : 60,
          "max" : 14096062,
          "mean" : 640.209757,
          "stddev" : 12293.481131,
          "N" : 2988080591
        },
        "bw_min" : 220677,
        "bw_max" : 77211953,
        "bw_agg" : 100.000000,
        "bw_mean" : 67363265.136897,
        "bw_dev" : 1144318.977730,
        "bw_samples" : 6731,
        "iops_min" : 55168,
        "iops_max" : 19302987,
        "iops_mean" : 16840813.426487,
        "iops_stddev" : 286079.773287,
        "iops_samples" : 6731
      },
      "write" : {
        "io_bytes" : 104375854047232,
        "io_kbytes" : 101929544968,
        "bw_bytes" : 579856191548,
        "bw" : 566265812,
        "iops" : 141566453.014672,
        "runtime" : 180003,
        "total_ios" : 25482386242,
        "short_ios" : 0,
        "drop_ios" : 0,
        "slat_ns" : {
          "min" : 0,
          "max" : 0,
          "mean" : 0.000000,
          "stddev" : 0.000000,
          "N" : 0
        },
        "clat_ns" : {
          "min" : 40,
          "max" : 22286041,
          "mean" : 551.433580,
          "stddev" : 14712.246667,
          "N" : 25482386242,
          "percentile" : {
            "1.000000" : 80,
            "5.000000" : 91,
            "10.000000" : 99,
            "20.000000" : 108,
            "30.000000" : 113,
            "40.000000" : 131,
            "50.000000" : 209,
            "60.000000" : 318,
            "70.000000" : 502,
            "80.000000" : 812,
            "90.000000" : 1112,
            "95.000000" : 1320,
            "99.000000" : 1800,
            "99.500000" : 2064,
            "99.900000" : 3792,
            "99.950000" : 7008,
            "99.990000" : 18560
          }
        },
        "lat_ns" : {
          "min" : 65,
          "max" : 22286075,
          "mean" : 607.819204,
          "stddev" : 14716.442211,
          "N" : 25482386242
        },
        "bw_min" : 1054531,
        "bw_max" : 655667682,
        "bw_agg" : 100.000000,
        "bw_mean" : 572753247.563193,
        "bw_dev" : 1090523.200735,
        "bw_samples" : 61467,
        "iops_min" : 263622,
        "iops_max" : 163916866,
        "iops_mean" : 143188281.044696,
        "iops_stddev" : 272630.817008,
        "iops_samples" : 61467
      },
      "trim" : {
        "io_bytes" : 0,
        "io_kbytes" : 0,
        "bw_bytes" : 0,
        "bw" : 0,
        "iops" : 0.000000,
        "runtime" : 0,
        "total_ios" : 0,
        "short_ios" : 0,
        "drop_ios" : 0,
        "slat_ns" : {
          "min" : 0,
          "max" : 0,
          "mean" : 0.000000,
          "stddev" : 0.000000,
          "N" : 0
        },
        "clat_ns" : {
          "min" : 0,
          "max" : 0,
          "mean" : 0.000000,
          "stddev" : 0.000000,
          "N" : 0
        },
        "lat_ns" : {
          "min" : 0,
          "max" : 0,
          "mean" : 0.000000,
          "stddev" : 0.000000,
          "N" : 0
        },
        "bw_min" : 0,
        "bw_max" : 0,
        "bw_agg" : 0.000000,
        "bw_mean" : 0.000000,
        "bw_dev" : 0.000000,
        "bw_samples" : 0,
        "iops_min" : 0,
        "iops_max" : 0,
        "iops_mean" : 0.000000,
        "iops_stddev" : 0.000000,
        "iops_samples" : 0
      },
      "sync" : {
        "total_ios" : 0,
        "lat_ns" : {
          "min" : 0,
          "max" : 0,
          "mean" : 0.000000,
          "stddev" : 0.000000,
          "N" : 0
        }
      },
      "job_runtime" : 34560046,
      "usr_cpu" : 88.933988,
      "sys_cpu" : 10.468629,
      "ctx" : 797672,
      "majf" : 186966,
      "minf" : 2724743,
      "iodepth_level" : {
        "1" : 100.000000,
        "2" : 0.000000,
        "4" : 0.000000,
        "8" : 0.000000,
        "16" : 0.000000,
        "32" : 0.000000,
        ">=64" : 0.000000
      },
      "iodepth_submit" : {
        "0" : 0.000000,
        "4" : 100.000000,
        "8" : 0.000000,
        "16" : 0.000000,
        "32" : 0.000000,
        "64" : 0.000000,
        ">=64" : 0.000000
      },
      "iodepth_complete" : {
        "0" : 0.000000,
        "4" : 100.000000,
        "8" : 0.000000,
        "16" : 0.000000,
        "32" : 0.000000,
        "64" : 0.000000,
        ">=64" : 0.000000
      },
      "latency_ns" : {
        "2" : 0.000000,
        "4" : 0.000000,
        "10" : 0.000000,
        "20" : 0.000000,
        "50" : 0.010000,
        "100" : 9.426709,
        "250" : 45.252094,
        "500" : 14.830824,
        "750" : 8.071855,
        "1000" : 8.770749
      },
      "latency_us" : {
        "2" : 13.014000,
        "4" : 0.532242,
        "10" : 0.084080,
        "20" : 0.010000,
        "50" : 0.010000,
        "100" : 0.010000,
        "250" : 0.010000,
        "500" : 0.010000,
        "750" : 0.010000,
        "1000" : 0.010000
      },
      "latency_ms" : {
        "2" : 0.010000,
        "4" : 0.010000,
        "10" : 0.010000,
        "20" : 0.010000,
        "50" : 0.010000,
        "100" : 0.000000,
        "250" : 0.000000,
        "500" : 0.000000,
        "750" : 0.000000,
        "1000" : 0.000000,
        "2000" : 0.000000,
        ">=2000" : 0.000000
      },
      "latency_depth" : 1,
      "latency_target" : 0,
      "latency_percentile" : 100.000000,
      "latency_window" : 0
    }
  ],
  "disk_util" : [
    {
      "name" : "sda",
      "read_ios" : 187041,
      "write_ios" : 15557,
      "read_sectors" : 1499192,
      "write_sectors" : 2029064,
      "read_merges" : 300,
      "write_merges" : 99,
      "read_ticks" : 42352,
      "write_ticks" : 61718069,
      "in_queue" : 61760421,
      "util" : 1.578037
    }
  ]
}
