{
  "fio version" : "fio-3.40",
  "timestamp" : 1764543798,
  "timestamp_ms" : 1764543798277,
  "time" : "Mon Dec  1 00:03:18 2025",
  "global options" : {
    "group_reporting" : "",
    "ioengine" : "mmap",
    "size" : "768m",
    "thread" : "1",
    "directory" : "/tmp",
    "time_based" : "",
    "runtime" : "180",
    "filename" : "/tmp/fio_readwrite",
    "share_mmap" : "1",
    "repl" : "1"
  },
  "jobs" : [
    {
      "jobname" : "writers",
      "groupid" : 0,
      "job_start" : 1764543618077,
      "error" : 0,
      "eta" : 0,
      "elapsed" : 181,
      "job options" : {
        "rw" : "randread",
        "random_distribution" : "zipf",
        "numjobs" : "96"
      },
      "read" : {
        "io_bytes" : 50204025012224,
        "io_kbytes" : 49027368176,
        "bw_bytes" : 278906601624,
        "bw" : 272369728,
        "iops" : 68092432.037244,
        "runtime" : 180003,
        "total_ios" : 12256842044,
        "short_ios" : 0,
        "drop_ios" : 0,
        "slat_ns" : {
          "min" : 0,
          "max" : 0,
          "mean" : 0.000000,
          "stddev" : 0.000000,
          "N" : 0
        },
        "clat_ns" : {
          "min" : 42,
          "max" : 12613609,
          "mean" : 898.908139,
          "stddev" : 19815.003600,
          "N" : 12256842044,
          "percentile" : {
            "1.000000" : 78,
            "5.000000" : 97,
            "10.000000" : 108,
            "20.000000" : 118,
            "30.000000" : 129,
            "40.000000" : 169,
            "50.000000" : 270,
            "60.000000" : 418,
            "70.000000" : 620,
            "80.000000" : 924,
            "90.000000" : 1384,
            "95.000000" : 1800,
            "99.000000" : 2832,
            "99.500000" : 3440,
            "99.900000" : 7520,
            "99.950000" : 10432,
            "99.990000" : 962560
          }
        },
        "lat_ns" : {
          "min" : 58,
          "max" : 12613630,
          "mean" : 936.389575,
          "stddev" : 19816.999382,
          "N" : 12256842044
        },
        "bw_min" : 794646,
        "bw_max" : 381140525,
        "bw_agg" : 100.000000,
        "bw_mean" : 272607936.362117,
        "bw_dev" : 1424082.882458,
        "bw_samples" : 34464,
        "iops_min" : 198659,
        "iops_max" : 95285111,
        "iops_mean" : 68151968.888579,
        "iops_stddev" : 356020.771886,
        "iops_samples" : 34464
      },
      "write" : {
        "io_bytes" : 40723329269760,
        "io_kbytes" : 39768876240,
        "bw_bytes" : 226236947549,
        "bw" : 220934519,
        "iops" : 55233629.772837,
        "runtime" : 180003,
        "total_ios" : 9942219060,
        "short_ios" : 0,
        "drop_ios" : 0,
        "slat_ns" : {
          "min" : 0,
          "max" : 0,
          "mean" : 0.000000,
          "stddev" : 0.000000,
          "N" : 0
        },
        "clat_ns" : {
          "min" : 41,
          "max" : 20099781,
          "mean" : 985.572605,
          "stddev" : 23539.367445,
          "N" : 9942219060,
          "percentile" : {
            "1.000000" : 79,
            "5.000000" : 90,
            "10.000000" : 99,
            "20.000000" : 109,
            "30.000000" : 116,
            "40.000000" : 151,
            "50.000000" : 282,
            "60.000000" : 458,
            "70.000000" : 676,
            "80.000000" : 916,
            "90.000000" : 1240,
            "95.000000" : 1544,
            "99.000000" : 2320,
            "99.500000" : 2768,
            "99.900000" : 7328,
            "99.950000" : 440320,
            "99.990000" : 1204224
          }
        },
        "lat_ns" : {
          "min" : 65,
          "max" : 20099814,
          "mean" : 1047.532636,
          "stddev" : 23541.845868,
          "N" : 9942219060
        },
        "bw_min" : 399635,
        "bw_max" : 308177829,
        "bw_agg" : 100.000000,
        "bw_mean" : 221149862.551532,
        "bw_dev" : 1404188.083784,
        "bw_samples" : 34464,
        "iops_min" : 99904,
        "iops_max" : 77044459,
        "iops_mean" : 55287450.479109,
        "iops_stddev" : 351047.071674,
        "iops_samples" : 34464
      },
      "trim" : {
        "io_bytes" : 0,
        "io_kbytes" : 0,
        "bw_bytes" : 0,
        "bw" : 0,
        "iops" : 0.000000,
        "runtime" : 0,
        "total_ios" : 0,
        "short_ios" : 0,
        "drop_ios" : 0,
        "slat_ns" : {
          "min" : 0,
          "max" : 0,
          "mean" : 0.000000,
          "stddev" : 0.000000,
          "N" : 0
        },
        "clat_ns" : {
          "min" : 0,
          "max" : 0,
          "mean" : 0.000000,
          "stddev" : 0.000000,
          "N" : 0
        },
        "lat_ns" : {
          "min" : 0,
          "max" : 0,
          "mean" : 0.000000,
          "stddev" : 0.000000,
          "N" : 0
        },
        "bw_min" : 0,
        "bw_max" : 0,
        "bw_agg" : 0.000000,
        "bw_mean" : 0.000000,
        "bw_dev" : 0.000000,
        "bw_samples" : 0,
        "iops_min" : 0,
        "iops_max" : 0,
        "iops_mean" : 0.000000,
        "iops_stddev" : 0.000000,
        "iops_samples" : 0
      },
      "sync" : {
        "total_ios" : 0,
        "lat_ns" : {
          "min" : 0,
          "max" : 0,
          "mean" : 0.000000,
          "stddev" : 0.000000,
          "N" : 0
        }
      },
      "job_runtime" : 34560047,
      "usr_cpu" : 73.863337,
      "sys_cpu" : 25.858616,
      "ctx" : 468226,
      "majf" : 192154,
      "minf" : 10125334,
      "iodepth_level" : {
        "1" : 100.000000,
        "2" : 0.000000,
        "4" : 0.000000,
        "8" : 0.000000,
        "16" : 0.000000,
        "32" : 0.000000,
        ">=64" : 0.000000
      },
      "iodepth_submit" : {
        "0" : 0.000000,
        "4" : 100.000000,
        "8" : 0.000000,
        "16" : 0.000000,
        "32" : 0.000000,
        "64" : 0.000000,
        ">=64" : 0.000000
      },
      "iodepth_complete" : {
        "0" : 0.000000,
        "4" : 100.000000,
        "8" : 0.000000,
        "16" : 0.000000,
        "32" : 0.000000,
        "64" : 0.000000,
        ">=64" : 0.000000
      },
      "latency_ns" : {
        "2" : 0.000000,
        "4" : 0.000000,
        "10" : 0.000000,
        "20" : 0.000000,
        "50" : 0.010000,
        "100" : 7.833590,
        "250" : 40.233205,
        "500" : 15.457290,
        "750" : 10.643892,
        "1000" : 8.390291
      },
      "latency_us" : {
        "2" : 14.641777,
        "4" : 2.540924,
        "10" : 0.202866,
        "20" : 0.010000,
        "50" : 0.010000,
        "100" : 0.010000,
        "250" : 0.010000,
        "500" : 0.010000,
        "750" : 0.015062,
        "1000" : 0.014430
      },
      "latency_ms" : {
        "2" : 0.010000,
        "4" : 0.010000,
        "10" : 0.010000,
        "20" : 0.010000,
        "50" : 0.010000,
        "100" : 0.000000,
        "250" : 0.000000,
        "500" : 0.000000,
        "750" : 0.000000,
        "1000" : 0.000000,
        "2000" : 0.000000,
        ">=2000" : 0.000000
      },
      "latency_depth" : 1,
      "latency_target" : 0,
      "latency_percentile" : 100.000000,
      "latency_window" : 0
    }
  ],
  "disk_util" : [
    {
      "name" : "sda",
      "read_ios" : 192126,
      "write_ios" : 31146,
      "read_sectors" : 1537600,
      "write_sectors" : 2485552,
      "read_merges" : 74,
      "write_merges" : 191,
      "read_ticks" : 48850,
      "write_ticks" : 53640038,
      "in_queue" : 53688888,
      "util" : 1.043904
    }
  ]
}
