{
  "fio version" : "fio-3.40",
  "timestamp" : 1764537087,
  "timestamp_ms" : 1764537087747,
  "time" : "Sun Nov 30 22:11:27 2025",
  "global options" : {
    "group_reporting" : "",
    "ioengine" : "mmap",
    "size" : "768m",
    "thread" : "1",
    "directory" : "/tmp",
    "time_based" : "",
    "runtime" : "180",
    "filename" : "/tmp/fio_readwrite",
    "share_mmap" : "1",
    "repl" : "1"
  },
  "jobs" : [
    {
      "jobname" : "writers",
      "groupid" : 0,
      "job_start" : 1764536907608,
      "error" : 0,
      "eta" : 0,
      "elapsed" : 181,
      "job options" : {
        "rw" : "randread",
        "random_distribution" : "zipf",
        "numjobs" : "19"
      },
      "read" : {
        "io_bytes" : 13858914148352,
        "io_kbytes" : 13534095848,
        "bw_bytes" : 76992684279,
        "bw" : 75188168,
        "iops" : 18797042.060410,
        "runtime" : 180003,
        "total_ios" : 3383523962,
        "short_ios" : 0,
        "drop_ios" : 0,
        "slat_ns" : {
          "min" : 0,
          "max" : 0,
          "mean" : 0.000000,
          "stddev" : 0.000000,
          "N" : 0
        },
        "clat_ns" : {
          "min" : 41,
          "max" : 8026047,
          "mean" : 486.519940,
          "stddev" : 1599.600855,
          "N" : 3383523962,
          "percentile" : {
            "1.000000" : 79,
            "5.000000" : 98,
            "10.000000" : 109,
            "20.000000" : 119,
            "30.000000" : 129,
            "40.000000" : 159,
            "50.000000" : 253,
            "60.000000" : 382,
            "70.000000" : 548,
            "80.000000" : 804,
            "90.000000" : 1176,
            "95.000000" : 1512,
            "99.000000" : 2352,
            "99.500000" : 2832,
            "99.900000" : 5984,
            "99.950000" : 7584,
            "99.990000" : 10176
          }
        },
        "lat_ns" : {
          "min" : 53,
          "max" : 8026081,
          "mean" : 524.992651,
          "stddev" : 1612.591696,
          "N" : 3383523962
        },
        "bw_min" : 1592835,
        "bw_max" : 115836221,
        "bw_agg" : 100.000000,
        "bw_mean" : 75852108.638499,
        "bw_dev" : 547371.931888,
        "bw_samples" : 6763,
        "iops_min" : 398208,
        "iops_max" : 28959057,
        "iops_mean" : 18963024.380780,
        "iops_stddev" : 136842.999662,
        "iops_samples" : 6763
      },
      "write" : {
        "io_bytes" : 115396947742720,
        "io_kbytes" : 112692331780,
        "bw_bytes" : 641076346449,
        "bw" : 626051119,
        "iops" : 156512779.895003,
        "runtime" : 180005,
        "total_ios" : 28173082945,
        "short_ios" : 0,
        "drop_ios" : 0,
        "slat_ns" : {
          "min" : 0,
          "max" : 0,
          "mean" : 0.000000,
          "stddev" : 0.000000,
          "N" : 0
        },
        "clat_ns" : {
          "min" : 38,
          "max" : 35483668,
          "mean" : 422.186578,
          "stddev" : 3634.867747,
          "N" : 28173082945,
          "percentile" : {
            "1.000000" : 74,
            "5.000000" : 87,
            "10.000000" : 96,
            "20.000000" : 106,
            "30.000000" : 112,
            "40.000000" : 125,
            "50.000000" : 195,
            "60.000000" : 290,
            "70.000000" : 454,
            "80.000000" : 732,
            "90.000000" : 1048,
            "95.000000" : 1288,
            "99.000000" : 1912,
            "99.500000" : 2320,
            "99.900000" : 4512,
            "99.950000" : 6880,
            "99.990000" : 17536
          }
        },
        "lat_ns" : {
          "min" : 60,
          "max" : 35483723,
          "mean" : 479.263081,
          "stddev" : 3706.289562,
          "N" : 28173082945
        },
        "bw_min" : 96150644,
        "bw_max" : 955071144,
        "bw_agg" : 100.000000,
        "bw_mean" : 647436423.710877,
        "bw_dev" : 488932.447180,
        "bw_samples" : 60091,
        "iops_min" : 24037663,
        "iops_max" : 238767768,
        "iops_mean" : 161859080.818778,
        "iops_stddev" : 122233.134812,
        "iops_samples" : 60091
      },
      "trim" : {
        "io_bytes" : 0,
        "io_kbytes" : 0,
        "bw_bytes" : 0,
        "bw" : 0,
        "iops" : 0.000000,
        "runtime" : 0,
        "total_ios" : 0,
        "short_ios" : 0,
        "drop_ios" : 0,
        "slat_ns" : {
          "min" : 0,
          "max" : 0,
          "mean" : 0.000000,
          "stddev" : 0.000000,
          "N" : 0
        },
        "clat_ns" : {
          "min" : 0,
          "max" : 0,
          "mean" : 0.000000,
          "stddev" : 0.000000,
          "N" : 0
        },
        "lat_ns" : {
          "min" : 0,
          "max" : 0,
          "mean" : 0.000000,
          "stddev" : 0.000000,
          "N" : 0
        },
        "bw_min" : 0,
        "bw_max" : 0,
        "bw_agg" : 0.000000,
        "bw_mean" : 0.000000,
        "bw_dev" : 0.000000,
        "bw_samples" : 0,
        "iops_min" : 0,
        "iops_max" : 0,
        "iops_mean" : 0.000000,
        "iops_stddev" : 0.000000,
        "iops_samples" : 0
      },
      "sync" : {
        "total_ios" : 0,
        "lat_ns" : {
          "min" : 0,
          "max" : 0,
          "mean" : 0.000000,
          "stddev" : 0.000000,
          "N" : 0
        }
      },
      "job_runtime" : 34560050,
      "usr_cpu" : 95.867011,
      "sys_cpu" : 2.466588,
      "ctx" : 5925456,
      "majf" : 196713,
      "minf" : 2828155,
      "iodepth_level" : {
        "1" : 100.000000,
        "2" : 0.000000,
        "4" : 0.000000,
        "8" : 0.000000,
        "16" : 0.000000,
        "32" : 0.000000,
        ">=64" : 0.000000
      },
      "iodepth_submit" : {
        "0" : 0.000000,
        "4" : 100.000000,
        "8" : 0.000000,
        "16" : 0.000000,
        "32" : 0.000000,
        "64" : 0.000000,
        ">=64" : 0.000000
      },
      "iodepth_complete" : {
        "0" : 0.000000,
        "4" : 100.000000,
        "8" : 0.000000,
        "16" : 0.000000,
        "32" : 0.000000,
        "64" : 0.000000,
        ">=64" : 0.000000
      },
      "latency_ns" : {
        "2" : 0.000000,
        "4" : 0.000000,
        "10" : 0.000000,
        "20" : 0.000000,
        "50" : 0.066122,
        "100" : 11.922774,
        "250" : 44.234831,
        "500" : 15.208084,
        "750" : 8.867753,
        "1000" : 8.084959
      },
      "latency_us" : {
        "2" : 10.655685,
        "4" : 0.827845,
        "10" : 0.115560,
        "20" : 0.010000,
        "50" : 0.010000,
        "100" : 0.010000,
        "250" : 0.010000,
        "500" : 0.010000,
        "750" : 0.010000,
        "1000" : 0.010000
      },
      "latency_ms" : {
        "2" : 0.010000,
        "4" : 0.010000,
        "10" : 0.010000,
        "20" : 0.010000,
        "50" : 0.010000,
        "100" : 0.000000,
        "250" : 0.000000,
        "500" : 0.000000,
        "750" : 0.000000,
        "1000" : 0.000000,
        "2000" : 0.000000,
        ">=2000" : 0.000000
      },
      "latency_depth" : 1,
      "latency_target" : 0,
      "latency_percentile" : 100.000000,
      "latency_window" : 0
    }
  ],
  "disk_util" : [
    {
      "name" : "sda",
      "read_ios" : 196618,
      "write_ios" : 43508,
      "read_sectors" : 1573704,
      "write_sectors" : 21898584,
      "read_merges" : 95,
      "write_merges" : 136,
      "read_ticks" : 43227,
      "write_ticks" : 6705884,
      "in_queue" : 6749112,
      "util" : 8.057666
    }
  ]
}
