{
  "fio version" : "fio-3.40",
  "timestamp" : 1764541626,
  "timestamp_ms" : 1764541626470,
  "time" : "Sun Nov 30 23:27:06 2025",
  "global options" : {
    "group_reporting" : "",
    "ioengine" : "mmap",
    "size" : "768m",
    "thread" : "1",
    "directory" : "/tmp",
    "time_based" : "",
    "runtime" : "180",
    "filename" : "/tmp/fio_readwrite",
    "share_mmap" : "1",
    "repl" : "1"
  },
  "jobs" : [
    {
      "jobname" : "writers",
      "groupid" : 0,
      "job_start" : 1764541446159,
      "error" : 0,
      "eta" : 0,
      "elapsed" : 181,
      "job options" : {
        "rw" : "randread",
        "random_distribution" : "zipf",
        "numjobs" : "182"
      },
      "read" : {
        "io_bytes" : 155675097874432,
        "io_kbytes" : 152026462768,
        "bw_bytes" : 864852045390,
        "bw" : 844582075,
        "iops" : 211145518.894235,
        "runtime" : 180002,
        "total_ios" : 38006615692,
        "short_ios" : 0,
        "drop_ios" : 0,
        "slat_ns" : {
          "min" : 0,
          "max" : 0,
          "mean" : 0.000000,
          "stddev" : 0.000000,
          "N" : 0
        },
        "clat_ns" : {
          "min" : 40,
          "max" : 56055302,
          "mean" : 371.430568,
          "stddev" : 3774.464083,
          "N" : 38006615692,
          "percentile" : {
            "1.000000" : 81,
            "5.000000" : 104,
            "10.000000" : 115,
            "20.000000" : 127,
            "30.000000" : 141,
            "40.000000" : 177,
            "50.000000" : 237,
            "60.000000" : 294,
            "70.000000" : 374,
            "80.000000" : 454,
            "90.000000" : 564,
            "95.000000" : 676,
            "99.000000" : 1960,
            "99.500000" : 2640,
            "99.900000" : 4256,
            "99.950000" : 6112,
            "99.990000" : 203776
          }
        },
        "lat_ns" : {
          "min" : 54,
          "max" : 56055333,
          "mean" : 410.953509,
          "stddev" : 3786.217190,
          "N" : 38006615692
        },
        "bw_min" : 209368488,
        "bw_max" : 1094104217,
        "bw_agg" : 100.000000,
        "bw_mean" : 870629362.774785,
        "bw_dev" : 473787.547908,
        "bw_samples" : 63399,
        "iops_min" : 52342125,
        "iops_max" : 273526048,
        "iops_mean" : 217657323.195294,
        "iops_stddev" : 118446.878315,
        "iops_samples" : 63399
      },
      "write" : {
        "io_bytes" : 54100094976,
        "io_kbytes" : 52832124,
        "bw_bytes" : 300552743,
        "bw" : 293508,
        "iops" : 73377.134699,
        "runtime" : 180002,
        "total_ios" : 13208031,
        "short_ios" : 0,
        "drop_ios" : 0,
        "slat_ns" : {
          "min" : 0,
          "max" : 0,
          "mean" : 0.000000,
          "stddev" : 0.000000,
          "N" : 0
        },
        "clat_ns" : {
          "min" : 42,
          "max" : 42549220,
          "mean" : 130914.636307,
          "stddev" : 278223.169258,
          "N" : 13208031,
          "percentile" : {
            "1.000000" : 98,
            "5.000000" : 137,
            "10.000000" : 290,
            "20.000000" : 540,
            "30.000000" : 740,
            "40.000000" : 8160,
            "50.000000" : 129536,
            "60.000000" : 152576,
            "70.000000" : 173056,
            "80.000000" : 199680,
            "90.000000" : 240640,
            "95.000000" : 296960,
            "99.000000" : 806912,
            "99.500000" : 1105920,
            "99.900000" : 3424256,
            "99.950000" : 5275648,
            "99.990000" : 10289152
          }
        },
        "lat_ns" : {
          "min" : 66,
          "max" : 42549282,
          "mean" : 130993.794538,
          "stddev" : 278223.901048,
          "N" : 13208031
        },
        "bw_min" : 187033,
        "bw_max" : 496972,
        "bw_agg" : 100.000000,
        "bw_mean" : 303340.477285,
        "bw_dev" : 8518.278769,
        "bw_samples" : 3474,
        "iops_min" : 46757,
        "iops_max" : 124240,
        "iops_mean" : 75833.678923,
        "iops_stddev" : 2129.574612,
        "iops_samples" : 3474
      },
      "trim" : {
        "io_bytes" : 0,
        "io_kbytes" : 0,
        "bw_bytes" : 0,
        "bw" : 0,
        "iops" : 0.000000,
        "runtime" : 0,
        "total_ios" : 0,
        "short_ios" : 0,
        "drop_ios" : 0,
        "slat_ns" : {
          "min" : 0,
          "max" : 0,
          "mean" : 0.000000,
          "stddev" : 0.000000,
          "N" : 0
        },
        "clat_ns" : {
          "min" : 0,
          "max" : 0,
          "mean" : 0.000000,
          "stddev" : 0.000000,
          "N" : 0
        },
        "lat_ns" : {
          "min" : 0,
          "max" : 0,
          "mean" : 0.000000,
          "stddev" : 0.000000,
          "N" : 0
        },
        "bw_min" : 0,
        "bw_max" : 0,
        "bw_agg" : 0.000000,
        "bw_mean" : 0.000000,
        "bw_dev" : 0.000000,
        "bw_samples" : 0,
        "iops_min" : 0,
        "iops_max" : 0,
        "iops_mean" : 0.000000,
        "iops_stddev" : 0.000000,
        "iops_samples" : 0
      },
      "sync" : {
        "total_ios" : 0,
        "lat_ns" : {
          "min" : 0,
          "max" : 0,
          "mean" : 0.000000,
          "stddev" : 0.000000,
          "N" : 0
        }
      },
      "job_runtime" : 34560014,
      "usr_cpu" : 86.458996,
      "sys_cpu" : 11.641115,
      "ctx" : 6748295,
      "majf" : 196575,
      "minf" : 17769682,
      "iodepth_level" : {
        "1" : 100.000000,
        "2" : 0.000000,
        "4" : 0.000000,
        "8" : 0.000000,
        "16" : 0.000000,
        "32" : 0.000000,
        ">=64" : 0.000000
      },
      "iodepth_submit" : {
        "0" : 0.000000,
        "4" : 100.000000,
        "8" : 0.000000,
        "16" : 0.000000,
        "32" : 0.000000,
        "64" : 0.000000,
        ">=64" : 0.000000
      },
      "iodepth_complete" : {
        "0" : 0.000000,
        "4" : 100.000000,
        "8" : 0.000000,
        "16" : 0.000000,
        "32" : 0.000000,
        "64" : 0.000000,
        ">=64" : 0.000000
      },
      "latency_ns" : {
        "2" : 0.000000,
        "4" : 0.000000,
        "10" : 0.000000,
        "20" : 0.000000,
        "50" : 0.010619,
        "100" : 3.929709,
        "250" : 48.562439,
        "500" : 32.366508,
        "750" : 11.638238,
        "1000" : 1.419282
      },
      "latency_us" : {
        "2" : 1.097278,
        "4" : 0.832326,
        "10" : 0.093968,
        "20" : 0.010000,
        "50" : 0.010000,
        "100" : 0.010000,
        "250" : 0.035569,
        "500" : 0.010000,
        "750" : 0.010000,
        "1000" : 0.010000
      },
      "latency_ms" : {
        "2" : 0.010000,
        "4" : 0.010000,
        "10" : 0.010000,
        "20" : 0.010000,
        "50" : 0.010000,
        "100" : 0.010000,
        "250" : 0.000000,
        "500" : 0.000000,
        "750" : 0.000000,
        "1000" : 0.000000,
        "2000" : 0.000000,
        ">=2000" : 0.000000
      },
      "latency_depth" : 1,
      "latency_target" : 0,
      "latency_percentile" : 100.000000,
      "latency_window" : 0
    }
  ],
  "disk_util" : [
    {
      "name" : "sda",
      "read_ios" : 196661,
      "write_ios" : 434969,
      "read_sectors" : 1576168,
      "write_sectors" : 9365992,
      "read_merges" : 302,
      "write_merges" : 147,
      "read_ticks" : 42816,
      "write_ticks" : 465316904,
      "in_queue" : 465359720,
      "util" : 5.979379
    }
  ]
}
