{
  "fio version" : "fio-3.40",
  "timestamp" : 1772052418,
  "timestamp_ms" : 1772052418908,
  "time" : "Wed Feb 25 21:46:58 2026",
  "global options" : {
    "group_reporting" : "",
    "ioengine" : "mmap",
    "size" : "768m",
    "thread" : "1",
    "directory" : "/tmp",
    "time_based" : "",
    "runtime" : "210",
    "norandommap" : "1",
    "filename" : "/tmp/fio_readwrite",
    "share_mmap" : "1",
    "repl" : "1"
  },
  "jobs" : [
    {
      "jobname" : "writers",
      "groupid" : 0,
      "job_start" : 1772052208670,
      "error" : 0,
      "eta" : 0,
      "elapsed" : 211,
      "job options" : {
        "rw" : "randread",
        "random_distribution" : "random",
        "numjobs" : "61"
      },
      "read" : {
        "io_bytes" : 21759281102848,
        "io_kbytes" : 21249297952,
        "bw_bytes" : 103614144097,
        "bw" : 101185687,
        "iops" : 25296421.898735,
        "runtime" : 210003,
        "total_ios" : 5312324488,
        "short_ios" : 0,
        "drop_ios" : 0,
        "slat_ns" : {
          "min" : 0,
          "max" : 0,
          "mean" : 0.000000,
          "stddev" : 0.000000,
          "N" : 0
        },
        "clat_ns" : {
          "min" : 97,
          "max" : 44341829,
          "mean" : 1926.187723,
          "stddev" : 9637.515865,
          "N" : 5312324488,
          "percentile" : {
            "1.000000" : 494,
            "5.000000" : 644,
            "10.000000" : 796,
            "20.000000" : 1032,
            "30.000000" : 1224,
            "40.000000" : 1416,
            "50.000000" : 1592,
            "60.000000" : 1784,
            "70.000000" : 2008,
            "80.000000" : 2320,
            "90.000000" : 2928,
            "95.000000" : 3632,
            "99.000000" : 4896,
            "99.500000" : 5536,
            "99.900000" : 66048,
            "99.950000" : 72192,
            "99.990000" : 87552
          }
        },
        "lat_ns" : {
          "min" : 123,
          "max" : 44341990,
          "mean" : 1976.853153,
          "stddev" : 9688.347532,
          "N" : 5312324488
        },
        "bw_min" : 6123796,
        "bw_max" : 137595013,
        "bw_agg" : 100.000000,
        "bw_mean" : 101817829.061146,
        "bw_dev" : 225269.119982,
        "bw_samples" : 25427,
        "iops_min" : 1530945,
        "iops_max" : 34398725,
        "iops_mean" : 25454439.403985,
        "iops_stddev" : 56317.249017,
        "iops_samples" : 25427
      },
      "write" : {
        "io_bytes" : 36172865536,
        "io_kbytes" : 35325064,
        "bw_bytes" : 172250100,
        "bw" : 168212,
        "iops" : 42053.247112,
        "runtime" : 210002,
        "total_ios" : 8831266,
        "short_ios" : 0,
        "drop_ios" : 0,
        "slat_ns" : {
          "min" : 0,
          "max" : 0,
          "mean" : 0.000000,
          "stddev" : 0.000000,
          "N" : 0
        },
        "clat_ns" : {
          "min" : 136,
          "max" : 17173647,
          "mean" : 69702.368111,
          "stddev" : 40156.927880,
          "N" : 8831266,
          "percentile" : {
            "1.000000" : 49408,
            "5.000000" : 55552,
            "10.000000" : 58112,
            "20.000000" : 61184,
            "30.000000" : 63232,
            "40.000000" : 65280,
            "50.000000" : 67072,
            "60.000000" : 69120,
            "70.000000" : 72192,
            "80.000000" : 75264,
            "90.000000" : 80384,
            "95.000000" : 85504,
            "99.000000" : 111104,
            "99.500000" : 140288,
            "99.900000" : 350208,
            "99.950000" : 684032,
            "99.990000" : 1777664
          }
        },
        "lat_ns" : {
          "min" : 189,
          "max" : 17173726,
          "mean" : 69832.784539,
          "stddev" : 40157.632404,
          "N" : 8831266
        },
        "bw_min" : 29867,
        "bw_max" : 234373,
        "bw_agg" : 100.000000,
        "bw_mean" : 169931.529464,
        "bw_dev" : 5516.756613,
        "bw_samples" : 1246,
        "iops_min" : 7466,
        "iops_max" : 58593,
        "iops_mean" : 42482.021439,
        "iops_stddev" : 1379.159178,
        "iops_samples" : 1246
      },
      "trim" : {
        "io_bytes" : 0,
        "io_kbytes" : 0,
        "bw_bytes" : 0,
        "bw" : 0,
        "iops" : 0.000000,
        "runtime" : 0,
        "total_ios" : 0,
        "short_ios" : 0,
        "drop_ios" : 0,
        "slat_ns" : {
          "min" : 0,
          "max" : 0,
          "mean" : 0.000000,
          "stddev" : 0.000000,
          "N" : 0
        },
        "clat_ns" : {
          "min" : 0,
          "max" : 0,
          "mean" : 0.000000,
          "stddev" : 0.000000,
          "N" : 0
        },
        "lat_ns" : {
          "min" : 0,
          "max" : 0,
          "mean" : 0.000000,
          "stddev" : 0.000000,
          "N" : 0
        },
        "bw_min" : 0,
        "bw_max" : 0,
        "bw_agg" : 0.000000,
        "bw_mean" : 0.000000,
        "bw_dev" : 0.000000,
        "bw_samples" : 0,
        "iops_min" : 0,
        "iops_max" : 0,
        "iops_mean" : 0.000000,
        "iops_stddev" : 0.000000,
        "iops_samples" : 0
      },
      "sync" : {
        "total_ios" : 0,
        "lat_ns" : {
          "min" : 0,
          "max" : 0,
          "mean" : 0.000000,
          "stddev" : 0.000000,
          "N" : 0
        }
      },
      "job_runtime" : 13440016,
      "usr_cpu" : 88.904076,
      "sys_cpu" : 8.767051,
      "ctx" : 964184,
      "majf" : 196619,
      "minf" : 17761179,
      "iodepth_level" : {
        "1" : 100.000000,
        "2" : 0.000000,
        "4" : 0.000000,
        "8" : 0.000000,
        "16" : 0.000000,
        "32" : 0.000000,
        ">=64" : 0.000000
      },
      "iodepth_submit" : {
        "0" : 0.000000,
        "4" : 100.000000,
        "8" : 0.000000,
        "16" : 0.000000,
        "32" : 0.000000,
        "64" : 0.000000,
        ">=64" : 0.000000
      },
      "iodepth_complete" : {
        "0" : 0.000000,
        "4" : 100.000000,
        "8" : 0.000000,
        "16" : 0.000000,
        "32" : 0.000000,
        "64" : 0.000000,
        ">=64" : 0.000000
      },
      "latency_ns" : {
        "2" : 0.000000,
        "4" : 0.000000,
        "10" : 0.000000,
        "20" : 0.000000,
        "50" : 0.000000,
        "100" : 0.010000,
        "250" : 0.046265,
        "500" : 1.059819,
        "750" : 7.124603,
        "1000" : 10.509877
      },
      "latency_us" : {
        "2" : 50.522114,
        "4" : 27.271029,
        "10" : 2.991996,
        "20" : 0.131331,
        "50" : 0.010017,
        "100" : 0.324528,
        "250" : 0.010000,
        "500" : 0.010000,
        "750" : 0.010000,
        "1000" : 0.010000
      },
      "latency_ms" : {
        "2" : 0.010000,
        "4" : 0.010000,
        "10" : 0.010000,
        "20" : 0.010000,
        "50" : 0.010000,
        "100" : 0.000000,
        "250" : 0.000000,
        "500" : 0.000000,
        "750" : 0.000000,
        "1000" : 0.000000,
        "2000" : 0.000000,
        ">=2000" : 0.000000
      },
      "latency_depth" : 1,
      "latency_target" : 0,
      "latency_percentile" : 100.000000,
      "latency_window" : 0
    }
  ],
  "disk_util" : [
    {
      "name" : "sdb",
      "read_ios" : 196688,
      "write_ios" : 476751,
      "read_sectors" : 1576624,
      "write_sectors" : 13761152,
      "read_merges" : 266,
      "write_merges" : 617,
      "read_ticks" : 173167,
      "write_ticks" : 677606,
      "in_queue" : 850780,
      "util" : 8.408443
    }
  ]
}
