{
  "fio version" : "fio-3.40",
  "timestamp" : 1772060644,
  "timestamp_ms" : 1772060644866,
  "time" : "Thu Feb 26 00:04:04 2026",
  "global options" : {
    "group_reporting" : "",
    "ioengine" : "mmap",
    "size" : "768m",
    "thread" : "1",
    "directory" : "/tmp",
    "time_based" : "",
    "runtime" : "210",
    "norandommap" : "1",
    "filename" : "/tmp/fio_readwrite",
    "share_mmap" : "1",
    "repl" : "1"
  },
  "jobs" : [
    {
      "jobname" : "writers",
      "groupid" : 0,
      "job_start" : 1772060434734,
      "error" : 0,
      "eta" : 0,
      "elapsed" : 211,
      "job options" : {
        "rw" : "randread",
        "random_distribution" : "random",
        "numjobs" : "45"
      },
      "read" : {
        "io_bytes" : 10580362764288,
        "io_kbytes" : 10332385512,
        "bw_bytes" : 50382199999,
        "bw" : 49201367,
        "iops" : 12300341.796745,
        "runtime" : 210002,
        "total_ios" : 2583096378,
        "short_ios" : 0,
        "drop_ios" : 0,
        "slat_ns" : {
          "min" : 0,
          "max" : 0,
          "mean" : 0.000000,
          "stddev" : 0.000000,
          "N" : 0
        },
        "clat_ns" : {
          "min" : 99,
          "max" : 16018065,
          "mean" : 2988.481692,
          "stddev" : 8785.853214,
          "N" : 2583096378,
          "percentile" : {
            "1.000000" : 510,
            "5.000000" : 756,
            "10.000000" : 1240,
            "20.000000" : 2040,
            "30.000000" : 2384,
            "40.000000" : 2672,
            "50.000000" : 2896,
            "60.000000" : 3120,
            "70.000000" : 3376,
            "80.000000" : 3632,
            "90.000000" : 4016,
            "95.000000" : 4384,
            "99.000000" : 5344,
            "99.500000" : 6432,
            "99.900000" : 66048,
            "99.950000" : 76288,
            "99.990000" : 124416
          }
        },
        "lat_ns" : {
          "min" : 127,
          "max" : 16018098,
          "mean" : 3055.194359,
          "stddev" : 8842.622098,
          "N" : 2583096378
        },
        "bw_min" : 33568,
        "bw_max" : 78381832,
        "bw_agg" : 100.000000,
        "bw_mean" : 49358334.544881,
        "bw_dev" : 205176.012672,
        "bw_samples" : 18805,
        "iops_min" : 8392,
        "iops_max" : 19595454,
        "iops_mean" : 12339571.930456,
        "iops_stddev" : 51294.001129,
        "iops_samples" : 18805
      },
      "write" : {
        "io_bytes" : 4037868572672,
        "io_kbytes" : 3943231028,
        "bw_bytes" : 19227762462,
        "bw" : 18777111,
        "iops" : 4694277.944972,
        "runtime" : 210002,
        "total_ios" : 985807757,
        "short_ios" : 0,
        "drop_ios" : 0,
        "slat_ns" : {
          "min" : 0,
          "max" : 0,
          "mean" : 0.000000,
          "stddev" : 0.000000,
          "N" : 0
        },
        "clat_ns" : {
          "min" : 97,
          "max" : 8153495,
          "mean" : 3263.140604,
          "stddev" : 9695.278206,
          "N" : 985807757,
          "percentile" : {
            "1.000000" : 1208,
            "5.000000" : 1672,
            "10.000000" : 1912,
            "20.000000" : 2224,
            "30.000000" : 2480,
            "40.000000" : 2672,
            "50.000000" : 2864,
            "60.000000" : 3056,
            "70.000000" : 3280,
            "80.000000" : 3504,
            "90.000000" : 3888,
            "95.000000" : 4192,
            "99.000000" : 5152,
            "99.500000" : 18048,
            "99.900000" : 83456,
            "99.950000" : 95744,
            "99.990000" : 162816
          }
        },
        "lat_ns" : {
          "min" : 135,
          "max" : 8153541,
          "mean" : 3359.532229,
          "stddev" : 9710.347412,
          "N" : 985807757
        },
        "bw_min" : 15464,
        "bw_max" : 21127032,
        "bw_agg" : 100.000000,
        "bw_mean" : 18835878.652054,
        "bw_dev" : 291200.782343,
        "bw_samples" : 7940,
        "iops_min" : 3866,
        "iops_max" : 5281760,
        "iops_mean" : 4708965.261718,
        "iops_stddev" : 72800.177892,
        "iops_samples" : 7940
      },
      "trim" : {
        "io_bytes" : 0,
        "io_kbytes" : 0,
        "bw_bytes" : 0,
        "bw" : 0,
        "iops" : 0.000000,
        "runtime" : 0,
        "total_ios" : 0,
        "short_ios" : 0,
        "drop_ios" : 0,
        "slat_ns" : {
          "min" : 0,
          "max" : 0,
          "mean" : 0.000000,
          "stddev" : 0.000000,
          "N" : 0
        },
        "clat_ns" : {
          "min" : 0,
          "max" : 0,
          "mean" : 0.000000,
          "stddev" : 0.000000,
          "N" : 0
        },
        "lat_ns" : {
          "min" : 0,
          "max" : 0,
          "mean" : 0.000000,
          "stddev" : 0.000000,
          "N" : 0
        },
        "bw_min" : 0,
        "bw_max" : 0,
        "bw_agg" : 0.000000,
        "bw_mean" : 0.000000,
        "bw_dev" : 0.000000,
        "bw_samples" : 0,
        "iops_min" : 0,
        "iops_max" : 0,
        "iops_mean" : 0.000000,
        "iops_stddev" : 0.000000,
        "iops_samples" : 0
      },
      "sync" : {
        "total_ios" : 0,
        "lat_ns" : {
          "min" : 0,
          "max" : 0,
          "mean" : 0.000000,
          "stddev" : 0.000000,
          "N" : 0
        }
      },
      "job_runtime" : 13440014,
      "usr_cpu" : 93.942856,
      "sys_cpu" : 4.347235,
      "ctx" : 519757,
      "majf" : 187077,
      "minf" : 7825176,
      "iodepth_level" : {
        "1" : 100.000000,
        "2" : 0.000000,
        "4" : 0.000000,
        "8" : 0.000000,
        "16" : 0.000000,
        "32" : 0.000000,
        ">=64" : 0.000000
      },
      "iodepth_submit" : {
        "0" : 0.000000,
        "4" : 100.000000,
        "8" : 0.000000,
        "16" : 0.000000,
        "32" : 0.000000,
        "64" : 0.000000,
        ">=64" : 0.000000
      },
      "iodepth_complete" : {
        "0" : 0.000000,
        "4" : 100.000000,
        "8" : 0.000000,
        "16" : 0.000000,
        "32" : 0.000000,
        "64" : 0.000000,
        ">=64" : 0.000000
      },
      "latency_ns" : {
        "2" : 0.000000,
        "4" : 0.000000,
        "10" : 0.000000,
        "20" : 0.000000,
        "50" : 0.000000,
        "100" : 0.010000,
        "250" : 0.043319,
        "500" : 0.551745,
        "750" : 2.994004,
        "1000" : 2.405390
      },
      "latency_us" : {
        "2" : 11.281949,
        "4" : 72.960222,
        "10" : 9.291072,
        "20" : 0.230625,
        "50" : 0.023565,
        "100" : 0.194519,
        "250" : 0.017958,
        "500" : 0.010000,
        "750" : 0.010000,
        "1000" : 0.010000
      },
      "latency_ms" : {
        "2" : 0.010000,
        "4" : 0.010000,
        "10" : 0.010000,
        "20" : 0.010000,
        "50" : 0.000000,
        "100" : 0.000000,
        "250" : 0.000000,
        "500" : 0.000000,
        "750" : 0.000000,
        "1000" : 0.000000,
        "2000" : 0.000000,
        ">=2000" : 0.000000
      },
      "latency_depth" : 1,
      "latency_target" : 0,
      "latency_percentile" : 100.000000,
      "latency_window" : 0
    }
  ],
  "disk_util" : [
    {
      "name" : "sdb",
      "read_ios" : 187022,
      "write_ios" : 45125,
      "read_sectors" : 1497496,
      "write_sectors" : 2010336,
      "read_merges" : 164,
      "write_merges" : 1359,
      "read_ticks" : 142332,
      "write_ticks" : 7645128,
      "in_queue" : 7787470,
      "util" : 2.085788
    }
  ]
}
