{
  "fio version" : "fio-3.40",
  "timestamp" : 1771882888,
  "timestamp_ms" : 1771882888146,
  "time" : "Mon Feb 23 22:41:28 2026",
  "global options" : {
    "group_reporting" : "",
    "ioengine" : "mmap",
    "size" : "768m",
    "thread" : "1",
    "directory" : "/tmp",
    "time_based" : "",
    "runtime" : "180",
    "norandommap" : "1",
    "filename" : "/tmp/fio_readwrite",
    "share_mmap" : "1",
    "repl" : "1"
  },
  "jobs" : [
    {
      "jobname" : "writers",
      "groupid" : 0,
      "job_start" : 1771882707900,
      "error" : 0,
      "eta" : 0,
      "elapsed" : 181,
      "job options" : {
        "rw" : "randread",
        "random_distribution" : "random",
        "numjobs" : "38"
      },
      "read" : {
        "io_bytes" : 7763516358656,
        "io_kbytes" : 7581558944,
        "bw_bytes" : 43130167212,
        "bw" : 42119303,
        "iops" : 10529825.979711,
        "runtime" : 180002,
        "total_ios" : 1895389736,
        "short_ios" : 0,
        "drop_ios" : 0,
        "slat_ns" : {
          "min" : 0,
          "max" : 0,
          "mean" : 0.000000,
          "stddev" : 0.000000,
          "N" : 0
        },
        "clat_ns" : {
          "min" : 127,
          "max" : 8049474,
          "mean" : 2762.850098,
          "stddev" : 8166.455879,
          "N" : 1895389736,
          "percentile" : {
            "1.000000" : 596,
            "5.000000" : 1020,
            "10.000000" : 1448,
            "20.000000" : 1864,
            "30.000000" : 2128,
            "40.000000" : 2320,
            "50.000000" : 2512,
            "60.000000" : 2736,
            "70.000000" : 2960,
            "80.000000" : 3216,
            "90.000000" : 3632,
            "95.000000" : 4048,
            "99.000000" : 5152,
            "99.500000" : 5856,
            "99.900000" : 81408,
            "99.950000" : 93696,
            "99.990000" : 156672
          }
        },
        "lat_ns" : {
          "min" : 162,
          "max" : 8049514,
          "mean" : 2858.728278,
          "stddev" : 8192.914277,
          "N" : 1895389736
        },
        "bw_min" : 141980,
        "bw_max" : 50857721,
        "bw_agg" : 100.000000,
        "bw_mean" : 42713233.593260,
        "bw_dev" : 178340.250681,
        "bw_samples" : 13465,
        "iops_min" : 35486,
        "iops_max" : 12714423,
        "iops_mean" : 10678300.474759,
        "iops_stddev" : 44585.063893,
        "iops_samples" : 13465
      },
      "write" : {
        "io_bytes" : 4837846441984,
        "io_kbytes" : 4724459416,
        "bw_bytes" : 26876476736,
        "bw" : 26246559,
        "iops" : 6561639.828225,
        "runtime" : 180003,
        "total_ios" : 1181114854,
        "short_ios" : 0,
        "drop_ios" : 0,
        "slat_ns" : {
          "min" : 0,
          "max" : 0,
          "mean" : 0.000000,
          "stddev" : 0.000000,
          "N" : 0
        },
        "clat_ns" : {
          "min" : 127,
          "max" : 20191464,
          "mean" : 3009.272104,
          "stddev" : 9176.559112,
          "N" : 1181114854,
          "percentile" : {
            "1.000000" : 1004,
            "5.000000" : 1400,
            "10.000000" : 1640,
            "20.000000" : 1960,
            "30.000000" : 2192,
            "40.000000" : 2384,
            "50.000000" : 2576,
            "60.000000" : 2800,
            "70.000000" : 3024,
            "80.000000" : 3312,
            "90.000000" : 3760,
            "95.000000" : 4128,
            "99.000000" : 5216,
            "99.500000" : 6560,
            "99.900000" : 92672,
            "99.950000" : 115200,
            "99.990000" : 193536
          }
        },
        "lat_ns" : {
          "min" : 176,
          "max" : 20191521,
          "mean" : 3125.030346,
          "stddev" : 9205.495907,
          "N" : 1181114854
        },
        "bw_min" : 90542,
        "bw_max" : 29779251,
        "bw_agg" : 100.000000,
        "bw_mean" : 26614111.116360,
        "bw_dev" : 302034.595845,
        "bw_samples" : 9214,
        "iops_min" : 22628,
        "iops_max" : 7444809,
        "iops_mean" : 6653522.916878,
        "iops_stddev" : 75508.666244,
        "iops_samples" : 9214
      },
      "trim" : {
        "io_bytes" : 0,
        "io_kbytes" : 0,
        "bw_bytes" : 0,
        "bw" : 0,
        "iops" : 0.000000,
        "runtime" : 0,
        "total_ios" : 0,
        "short_ios" : 0,
        "drop_ios" : 0,
        "slat_ns" : {
          "min" : 0,
          "max" : 0,
          "mean" : 0.000000,
          "stddev" : 0.000000,
          "N" : 0
        },
        "clat_ns" : {
          "min" : 0,
          "max" : 0,
          "mean" : 0.000000,
          "stddev" : 0.000000,
          "N" : 0
        },
        "lat_ns" : {
          "min" : 0,
          "max" : 0,
          "mean" : 0.000000,
          "stddev" : 0.000000,
          "N" : 0
        },
        "bw_min" : 0,
        "bw_max" : 0,
        "bw_agg" : 0.000000,
        "bw_mean" : 0.000000,
        "bw_dev" : 0.000000,
        "bw_samples" : 0,
        "iops_min" : 0,
        "iops_max" : 0,
        "iops_mean" : 0.000000,
        "iops_stddev" : 0.000000,
        "iops_samples" : 0
      },
      "sync" : {
        "total_ios" : 0,
        "lat_ns" : {
          "min" : 0,
          "max" : 0,
          "mean" : 0.000000,
          "stddev" : 0.000000,
          "N" : 0
        }
      },
      "job_runtime" : 11520011,
      "usr_cpu" : 91.593888,
      "sys_cpu" : 5.799751,
      "ctx" : 732338,
      "majf" : 189767,
      "minf" : 7627413,
      "iodepth_level" : {
        "1" : 100.000000,
        "2" : 0.000000,
        "4" : 0.000000,
        "8" : 0.000000,
        "16" : 0.000000,
        "32" : 0.000000,
        ">=64" : 0.000000
      },
      "iodepth_submit" : {
        "0" : 0.000000,
        "4" : 100.000000,
        "8" : 0.000000,
        "16" : 0.000000,
        "32" : 0.000000,
        "64" : 0.000000,
        ">=64" : 0.000000
      },
      "iodepth_complete" : {
        "0" : 0.000000,
        "4" : 100.000000,
        "8" : 0.000000,
        "16" : 0.000000,
        "32" : 0.000000,
        "64" : 0.000000,
        ">=64" : 0.000000
      },
      "latency_ns" : {
        "2" : 0.000000,
        "4" : 0.000000,
        "10" : 0.000000,
        "20" : 0.000000,
        "50" : 0.000000,
        "100" : 0.000000,
        "250" : 0.026362,
        "500" : 0.118847,
        "750" : 1.347962,
        "1000" : 1.833546
      },
      "latency_us" : {
        "2" : 20.461522,
        "4" : 70.387693,
        "10" : 5.499858,
        "20" : 0.058949,
        "50" : 0.014283,
        "100" : 0.199487,
        "250" : 0.044963,
        "500" : 0.010000,
        "750" : 0.010000,
        "1000" : 0.010000
      },
      "latency_ms" : {
        "2" : 0.010000,
        "4" : 0.010000,
        "10" : 0.010000,
        "20" : 0.010000,
        "50" : 0.010000,
        "100" : 0.000000,
        "250" : 0.000000,
        "500" : 0.000000,
        "750" : 0.000000,
        "1000" : 0.000000,
        "2000" : 0.000000,
        ">=2000" : 0.000000
      },
      "latency_depth" : 1,
      "latency_target" : 0,
      "latency_percentile" : 100.000000,
      "latency_window" : 0
    }
  ],
  "disk_util" : [
    {
      "name" : "sda",
      "read_ios" : 189723,
      "write_ios" : 87772,
      "read_sectors" : 1519376,
      "write_sectors" : 3079272,
      "read_merges" : 199,
      "write_merges" : 8314,
      "read_ticks" : 130196,
      "write_ticks" : 18466067,
      "in_queue" : 18596271,
      "util" : 3.271756
    }
  ]
}
