{
  "fio version" : "fio-3.40",
  "timestamp" : 1772065706,
  "timestamp_ms" : 1772065706224,
  "time" : "Thu Feb 26 01:28:26 2026",
  "global options" : {
    "group_reporting" : "",
    "ioengine" : "mmap",
    "size" : "768m",
    "thread" : "1",
    "directory" : "/tmp",
    "time_based" : "",
    "runtime" : "210",
    "norandommap" : "1",
    "filename" : "/tmp/fio_readwrite",
    "share_mmap" : "1",
    "repl" : "1"
  },
  "jobs" : [
    {
      "jobname" : "writers",
      "groupid" : 0,
      "job_start" : 1772065496076,
      "error" : 0,
      "eta" : 0,
      "elapsed" : 211,
      "job options" : {
        "rw" : "randread",
        "random_distribution" : "random",
        "numjobs" : "26"
      },
      "read" : {
        "io_bytes" : 5276261167104,
        "io_kbytes" : 5152598796,
        "bw_bytes" : 25124813892,
        "bw" : 24535951,
        "iops" : 6133987.766783,
        "runtime" : 210002,
        "total_ios" : 1288149699,
        "short_ios" : 0,
        "drop_ios" : 0,
        "slat_ns" : {
          "min" : 0,
          "max" : 0,
          "mean" : 0.000000,
          "stddev" : 0.000000,
          "N" : 0
        },
        "clat_ns" : {
          "min" : 101,
          "max" : 14851269,
          "mean" : 3280.909249,
          "stddev" : 8166.851770,
          "N" : 1288149699,
          "percentile" : {
            "1.000000" : 828,
            "5.000000" : 1400,
            "10.000000" : 1784,
            "20.000000" : 2256,
            "30.000000" : 2576,
            "40.000000" : 2864,
            "50.000000" : 3088,
            "60.000000" : 3344,
            "70.000000" : 3568,
            "80.000000" : 3856,
            "90.000000" : 4256,
            "95.000000" : 4640,
            "99.000000" : 5664,
            "99.500000" : 6368,
            "99.900000" : 82432,
            "99.950000" : 95744,
            "99.990000" : 171008
          }
        },
        "lat_ns" : {
          "min" : 130,
          "max" : 14851516,
          "mean" : 3364.172105,
          "stddev" : 8194.067398,
          "N" : 1288149699
        },
        "bw_min" : 157896,
        "bw_max" : 31403415,
        "bw_agg" : 100.000000,
        "bw_mean" : 25029090.903143,
        "bw_dev" : 180317.815985,
        "bw_samples" : 10689,
        "iops_min" : 39474,
        "iops_max" : 7850849,
        "iops_mean" : 6257267.230636,
        "iops_stddev" : 45079.419833,
        "iops_samples" : 10689
      },
      "write" : {
        "io_bytes" : 7713013780480,
        "io_kbytes" : 7532240020,
        "bw_bytes" : 36727937470,
        "bw" : 35867126,
        "iops" : 8966781.608922,
        "runtime" : 210004,
        "total_ios" : 1883060005,
        "short_ios" : 0,
        "drop_ios" : 0,
        "slat_ns" : {
          "min" : 0,
          "max" : 0,
          "mean" : 0.000000,
          "stddev" : 0.000000,
          "N" : 0
        },
        "clat_ns" : {
          "min" : 97,
          "max" : 13818289,
          "mean" : 3216.506197,
          "stddev" : 8095.838922,
          "N" : 1883060005,
          "percentile" : {
            "1.000000" : 1048,
            "5.000000" : 1592,
            "10.000000" : 1912,
            "20.000000" : 2256,
            "30.000000" : 2512,
            "40.000000" : 2736,
            "50.000000" : 2960,
            "60.000000" : 3184,
            "70.000000" : 3408,
            "80.000000" : 3696,
            "90.000000" : 4080,
            "95.000000" : 4448,
            "99.000000" : 5216,
            "99.500000" : 5792,
            "99.900000" : 87552,
            "99.950000" : 138240,
            "99.990000" : 209920
          }
        },
        "lat_ns" : {
          "min" : 136,
          "max" : 13818330,
          "mean" : 3325.635132,
          "stddev" : 8125.353830,
          "N" : 1883060005
        },
        "bw_min" : 223392,
        "bw_max" : 40372642,
        "bw_agg" : 100.000000,
        "bw_mean" : 36588262.581337,
        "bw_dev" : 212522.726633,
        "bw_samples" : 15623,
        "iops_min" : 55848,
        "iops_max" : 10093153,
        "iops_mean" : 9147057.889661,
        "iops_stddev" : 53130.651856,
        "iops_samples" : 15623
      },
      "trim" : {
        "io_bytes" : 0,
        "io_kbytes" : 0,
        "bw_bytes" : 0,
        "bw" : 0,
        "iops" : 0.000000,
        "runtime" : 0,
        "total_ios" : 0,
        "short_ios" : 0,
        "drop_ios" : 0,
        "slat_ns" : {
          "min" : 0,
          "max" : 0,
          "mean" : 0.000000,
          "stddev" : 0.000000,
          "N" : 0
        },
        "clat_ns" : {
          "min" : 0,
          "max" : 0,
          "mean" : 0.000000,
          "stddev" : 0.000000,
          "N" : 0
        },
        "lat_ns" : {
          "min" : 0,
          "max" : 0,
          "mean" : 0.000000,
          "stddev" : 0.000000,
          "N" : 0
        },
        "bw_min" : 0,
        "bw_max" : 0,
        "bw_agg" : 0.000000,
        "bw_mean" : 0.000000,
        "bw_dev" : 0.000000,
        "bw_samples" : 0,
        "iops_min" : 0,
        "iops_max" : 0,
        "iops_mean" : 0.000000,
        "iops_stddev" : 0.000000,
        "iops_samples" : 0
      },
      "sync" : {
        "total_ios" : 0,
        "lat_ns" : {
          "min" : 0,
          "max" : 0,
          "mean" : 0.000000,
          "stddev" : 0.000000,
          "N" : 0
        }
      },
      "job_runtime" : 13440042,
      "usr_cpu" : 93.014084,
      "sys_cpu" : 4.911376,
      "ctx" : 853522,
      "majf" : 151209,
      "minf" : 5630691,
      "iodepth_level" : {
        "1" : 100.000000,
        "2" : 0.000000,
        "4" : 0.000000,
        "8" : 0.000000,
        "16" : 0.000000,
        "32" : 0.000000,
        ">=64" : 0.000000
      },
      "iodepth_submit" : {
        "0" : 0.000000,
        "4" : 100.000000,
        "8" : 0.000000,
        "16" : 0.000000,
        "32" : 0.000000,
        "64" : 0.000000,
        ">=64" : 0.000000
      },
      "iodepth_complete" : {
        "0" : 0.000000,
        "4" : 100.000000,
        "8" : 0.000000,
        "16" : 0.000000,
        "32" : 0.000000,
        "64" : 0.000000,
        ">=64" : 0.000000
      },
      "latency_ns" : {
        "2" : 0.000000,
        "4" : 0.000000,
        "10" : 0.000000,
        "20" : 0.000000,
        "50" : 0.000000,
        "100" : 0.010000,
        "250" : 0.037592,
        "500" : 0.048813,
        "750" : 0.320876,
        "1000" : 0.815362
      },
      "latency_us" : {
        "2" : 11.729037,
        "4" : 73.454445,
        "10" : 13.279861,
        "20" : 0.089434,
        "50" : 0.045448,
        "100" : 0.118468,
        "250" : 0.054693,
        "500" : 0.010000,
        "750" : 0.010000,
        "1000" : 0.010000
      },
      "latency_ms" : {
        "2" : 0.010000,
        "4" : 0.010000,
        "10" : 0.010000,
        "20" : 0.010000,
        "50" : 0.000000,
        "100" : 0.000000,
        "250" : 0.000000,
        "500" : 0.000000,
        "750" : 0.000000,
        "1000" : 0.000000,
        "2000" : 0.000000,
        ">=2000" : 0.000000
      },
      "latency_depth" : 1,
      "latency_target" : 0,
      "latency_percentile" : 100.000000,
      "latency_window" : 0
    }
  ],
  "disk_util" : [
    {
      "name" : "sdb",
      "read_ios" : 151240,
      "write_ios" : 141569,
      "read_sectors" : 1213368,
      "write_sectors" : 2783000,
      "read_merges" : 307,
      "write_merges" : 6814,
      "read_ticks" : 94809,
      "write_ticks" : 9698613,
      "in_queue" : 9793433,
      "util" : 2.672151
    }
  ]
}
