{
  "fio version" : "fio-3.40",
  "timestamp" : 1764233649,
  "timestamp_ms" : 1764233649013,
  "time" : "Thu Nov 27 09:54:09 2025",
  "global options" : {
    "group_reporting" : "",
    "ioengine" : "mmap",
    "size" : "768m",
    "thread" : "1",
    "directory" : "/tmp",
    "time_based" : "",
    "runtime" : "120",
    "filename" : "/tmp/fio_readwrite",
    "share_mmap" : "1",
    "repl" : "1"
  },
  "jobs" : [
    {
      "jobname" : "writers",
      "groupid" : 0,
      "job_start" : 1764233528752,
      "error" : 0,
      "eta" : 0,
      "elapsed" : 121,
      "job options" : {
        "rw" : "randread",
        "random_distribution" : "zipf",
        "numjobs" : "45"
      },
      "read" : {
        "io_bytes" : 12908125958144,
        "io_kbytes" : 12605591756,
        "bw_bytes" : 107566819927,
        "bw" : 105045722,
        "iops" : 26261430.646411,
        "runtime" : 120001,
        "total_ios" : 3151397939,
        "short_ios" : 0,
        "drop_ios" : 0,
        "slat_ns" : {
          "min" : 0,
          "max" : 0,
          "mean" : 0.000000,
          "stddev" : 0.000000,
          "N" : 0
        },
        "clat_ns" : {
          "min" : 93,
          "max" : 75418302,
          "mean" : 855.986029,
          "stddev" : 7549.016770,
          "N" : 3151397939,
          "percentile" : {
            "1.000000" : 129,
            "5.000000" : 157,
            "10.000000" : 187,
            "20.000000" : 215,
            "30.000000" : 247,
            "40.000000" : 386,
            "50.000000" : 636,
            "60.000000" : 892,
            "70.000000" : 1128,
            "80.000000" : 1352,
            "90.000000" : 1672,
            "95.000000" : 1992,
            "99.000000" : 2928,
            "99.500000" : 3280,
            "99.900000" : 4448,
            "99.950000" : 13504,
            "99.990000" : 21632
          }
        },
        "lat_ns" : {
          "min" : 120,
          "max" : 75418341,
          "mean" : 954.978524,
          "stddev" : 7670.520852,
          "N" : 3151397939
        },
        "bw_min" : 499064,
        "bw_max" : 120846792,
        "bw_agg" : 100.000000,
        "bw_mean" : 105308633.325318,
        "bw_dev" : 370049.011649,
        "bw_samples" : 10741,
        "iops_min" : 124760,
        "iops_max" : 30211696,
        "iops_mean" : 26327149.678248,
        "iops_stddev" : 92512.234440,
        "iops_samples" : 10741
      },
      "write" : {
        "io_bytes" : 5597481369600,
        "io_kbytes" : 5466290400,
        "bw_bytes" : 46644900664,
        "bw" : 45551660,
        "iops" : 11387915.201413,
        "runtime" : 120002,
        "total_ios" : 1366572600,
        "short_ios" : 0,
        "drop_ios" : 0,
        "slat_ns" : {
          "min" : 0,
          "max" : 0,
          "mean" : 0.000000,
          "stddev" : 0.000000,
          "N" : 0
        },
        "clat_ns" : {
          "min" : 95,
          "max" : 32032341,
          "mean" : 860.777365,
          "stddev" : 10407.586883,
          "N" : 1366572600,
          "percentile" : {
            "1.000000" : 126,
            "5.000000" : 151,
            "10.000000" : 177,
            "20.000000" : 209,
            "30.000000" : 229,
            "40.000000" : 362,
            "50.000000" : 612,
            "60.000000" : 868,
            "70.000000" : 1096,
            "80.000000" : 1320,
            "90.000000" : 1624,
            "95.000000" : 1928,
            "99.000000" : 2896,
            "99.500000" : 3376,
            "99.900000" : 11072,
            "99.950000" : 17024,
            "99.990000" : 50432
          }
        },
        "lat_ns" : {
          "min" : 134,
          "max" : 32032428,
          "mean" : 964.486887,
          "stddev" : 10730.520040,
          "N" : 1366572600
        },
        "bw_min" : 198525,
        "bw_max" : 53832729,
        "bw_agg" : 100.000000,
        "bw_mean" : 45606815.255230,
        "bw_dev" : 423010.473814,
        "bw_samples" : 4541,
        "iops_min" : 49631,
        "iops_max" : 13458185,
        "iops_mean" : 11401701.656904,
        "iops_stddev" : 105752.605541,
        "iops_samples" : 4541
      },
      "trim" : {
        "io_bytes" : 0,
        "io_kbytes" : 0,
        "bw_bytes" : 0,
        "bw" : 0,
        "iops" : 0.000000,
        "runtime" : 0,
        "total_ios" : 0,
        "short_ios" : 0,
        "drop_ios" : 0,
        "slat_ns" : {
          "min" : 0,
          "max" : 0,
          "mean" : 0.000000,
          "stddev" : 0.000000,
          "N" : 0
        },
        "clat_ns" : {
          "min" : 0,
          "max" : 0,
          "mean" : 0.000000,
          "stddev" : 0.000000,
          "N" : 0
        },
        "lat_ns" : {
          "min" : 0,
          "max" : 0,
          "mean" : 0.000000,
          "stddev" : 0.000000,
          "N" : 0
        },
        "bw_min" : 0,
        "bw_max" : 0,
        "bw_agg" : 0.000000,
        "bw_mean" : 0.000000,
        "bw_dev" : 0.000000,
        "bw_samples" : 0,
        "iops_min" : 0,
        "iops_max" : 0,
        "iops_mean" : 0.000000,
        "iops_stddev" : 0.000000,
        "iops_samples" : 0
      },
      "sync" : {
        "total_ios" : 0,
        "lat_ns" : {
          "min" : 0,
          "max" : 0,
          "mean" : 0.000000,
          "stddev" : 0.000000,
          "N" : 0
        }
      },
      "job_runtime" : 7680001,
      "usr_cpu" : 96.528698,
      "sys_cpu" : 0.418450,
      "ctx" : 300626,
      "majf" : 196612,
      "minf" : 2520385,
      "iodepth_level" : {
        "1" : 100.000000,
        "2" : 0.000000,
        "4" : 0.000000,
        "8" : 0.000000,
        "16" : 0.000000,
        "32" : 0.000000,
        ">=64" : 0.000000
      },
      "iodepth_submit" : {
        "0" : 0.000000,
        "4" : 100.000000,
        "8" : 0.000000,
        "16" : 0.000000,
        "32" : 0.000000,
        "64" : 0.000000,
        ">=64" : 0.000000
      },
      "iodepth_complete" : {
        "0" : 0.000000,
        "4" : 100.000000,
        "8" : 0.000000,
        "16" : 0.000000,
        "32" : 0.000000,
        "64" : 0.000000,
        ">=64" : 0.000000
      },
      "latency_ns" : {
        "2" : 0.000000,
        "4" : 0.000000,
        "10" : 0.000000,
        "20" : 0.000000,
        "50" : 0.000000,
        "100" : 0.010000,
        "250" : 31.278370,
        "500" : 13.954610,
        "750" : 9.581308,
        "1000" : 9.877664
      },
      "latency_us" : {
        "2" : 30.607143,
        "4" : 4.506113,
        "10" : 0.110120,
        "20" : 0.062657,
        "50" : 0.014298,
        "100" : 0.010000,
        "250" : 0.010000,
        "500" : 0.010000,
        "750" : 0.010000,
        "1000" : 0.010000
      },
      "latency_ms" : {
        "2" : 0.010000,
        "4" : 0.010000,
        "10" : 0.010000,
        "20" : 0.010000,
        "50" : 0.010000,
        "100" : 0.010000,
        "250" : 0.000000,
        "500" : 0.000000,
        "750" : 0.000000,
        "1000" : 0.000000,
        "2000" : 0.000000,
        ">=2000" : 0.000000
      },
      "latency_depth" : 1,
      "latency_target" : 0,
      "latency_percentile" : 100.000000,
      "latency_window" : 0
    }
  ],
  "disk_util" : [
    {
      "name" : "sda",
      "read_ios" : 196607,
      "write_ios" : 43676,
      "read_sectors" : 1574512,
      "write_sectors" : 18990928,
      "read_merges" : 207,
      "write_merges" : 107,
      "read_ticks" : 156329,
      "write_ticks" : 55473242,
      "in_queue" : 55629577,
      "util" : 17.108903
    }
  ]
}
