{
  "fio version" : "fio-3.40",
  "timestamp" : 1772055793,
  "timestamp_ms" : 1772055793620,
  "time" : "Wed Feb 25 22:43:13 2026",
  "global options" : {
    "group_reporting" : "",
    "ioengine" : "mmap",
    "size" : "768m",
    "thread" : "1",
    "directory" : "/tmp",
    "time_based" : "",
    "runtime" : "210",
    "norandommap" : "1",
    "filename" : "/tmp/fio_readwrite",
    "share_mmap" : "1",
    "repl" : "1"
  },
  "jobs" : [
    {
      "jobname" : "writers",
      "groupid" : 0,
      "job_start" : 1772055583535,
      "error" : 0,
      "eta" : 0,
      "elapsed" : 211,
      "job options" : {
        "rw" : "randread",
        "random_distribution" : "random",
        "numjobs" : "54"
      },
      "read" : {
        "io_bytes" : 20002969206784,
        "io_kbytes" : 19534149616,
        "bw_bytes" : 95251327162,
        "bw" : 93018874,
        "iops" : 23254718.545538,
        "runtime" : 210002,
        "total_ios" : 4883537404,
        "short_ios" : 0,
        "drop_ios" : 0,
        "slat_ns" : {
          "min" : 0,
          "max" : 0,
          "mean" : 0.000000,
          "stddev" : 0.000000,
          "N" : 0
        },
        "clat_ns" : {
          "min" : 97,
          "max" : 144023711,
          "mean" : 1818.556122,
          "stddev" : 15450.906878,
          "N" : 4883537404,
          "percentile" : {
            "1.000000" : 462,
            "5.000000" : 524,
            "10.000000" : 588,
            "20.000000" : 708,
            "30.000000" : 820,
            "40.000000" : 932,
            "50.000000" : 1048,
            "60.000000" : 1176,
            "70.000000" : 1368,
            "80.000000" : 1656,
            "90.000000" : 2768,
            "95.000000" : 3760,
            "99.000000" : 5792,
            "99.500000" : 60160,
            "99.900000" : 79360,
            "99.950000" : 87552,
            "99.990000" : 128512
          }
        },
        "lat_ns" : {
          "min" : 125,
          "max" : 144023764,
          "mean" : 1870.928255,
          "stddev" : 15626.289066,
          "N" : 4883537404
        },
        "bw_min" : 9656309,
        "bw_max" : 111349617,
        "bw_agg" : 100.000000,
        "bw_mean" : 93542134.875351,
        "bw_dev" : 252645.732453,
        "bw_samples" : 22527,
        "iops_min" : 2414075,
        "iops_max" : 27837408,
        "iops_mean" : 23385521.205110,
        "iops_stddev" : 63161.408623,
        "iops_samples" : 22527
      },
      "write" : {
        "io_bytes" : 121982898176,
        "io_kbytes" : 119123924,
        "bw_bytes" : 580865411,
        "bw" : 567251,
        "iops" : 141812.844640,
        "runtime" : 210002,
        "total_ios" : 29780981,
        "short_ios" : 0,
        "drop_ios" : 0,
        "slat_ns" : {
          "min" : 0,
          "max" : 0,
          "mean" : 0.000000,
          "stddev" : 0.000000,
          "N" : 0
        },
        "clat_ns" : {
          "min" : 107,
          "max" : 52019262,
          "mean" : 69676.730875,
          "stddev" : 76995.102420,
          "N" : 29780981,
          "percentile" : {
            "1.000000" : 42240,
            "5.000000" : 53504,
            "10.000000" : 56064,
            "20.000000" : 59648,
            "30.000000" : 61696,
            "40.000000" : 63744,
            "50.000000" : 66048,
            "60.000000" : 68096,
            "70.000000" : 71168,
            "80.000000" : 74240,
            "90.000000" : 80384,
            "95.000000" : 89600,
            "99.000000" : 134144,
            "99.500000" : 177152,
            "99.900000" : 544768,
            "99.950000" : 897024,
            "99.990000" : 3293184
          }
        },
        "lat_ns" : {
          "min" : 154,
          "max" : 52019344,
          "mean" : 69804.606645,
          "stddev" : 77020.796942,
          "N" : 29780981
        },
        "bw_min" : 51672,
        "bw_max" : 697080,
        "bw_agg" : 100.000000,
        "bw_mean" : 567922.169451,
        "bw_dev" : 6350.506759,
        "bw_samples" : 4190,
        "iops_min" : 12918,
        "iops_max" : 174270,
        "iops_mean" : 141978.269690,
        "iops_stddev" : 1587.604074,
        "iops_samples" : 4190
      },
      "trim" : {
        "io_bytes" : 0,
        "io_kbytes" : 0,
        "bw_bytes" : 0,
        "bw" : 0,
        "iops" : 0.000000,
        "runtime" : 0,
        "total_ios" : 0,
        "short_ios" : 0,
        "drop_ios" : 0,
        "slat_ns" : {
          "min" : 0,
          "max" : 0,
          "mean" : 0.000000,
          "stddev" : 0.000000,
          "N" : 0
        },
        "clat_ns" : {
          "min" : 0,
          "max" : 0,
          "mean" : 0.000000,
          "stddev" : 0.000000,
          "N" : 0
        },
        "lat_ns" : {
          "min" : 0,
          "max" : 0,
          "mean" : 0.000000,
          "stddev" : 0.000000,
          "N" : 0
        },
        "bw_min" : 0,
        "bw_max" : 0,
        "bw_agg" : 0.000000,
        "bw_mean" : 0.000000,
        "bw_dev" : 0.000000,
        "bw_samples" : 0,
        "iops_min" : 0,
        "iops_max" : 0,
        "iops_mean" : 0.000000,
        "iops_stddev" : 0.000000,
        "iops_samples" : 0
      },
      "sync" : {
        "total_ios" : 0,
        "lat_ns" : {
          "min" : 0,
          "max" : 0,
          "mean" : 0.000000,
          "stddev" : 0.000000,
          "N" : 0
        }
      },
      "job_runtime" : 13440004,
      "usr_cpu" : 67.909332,
      "sys_cpu" : 29.652075,
      "ctx" : 835578,
      "majf" : 196630,
      "minf" : 59225062,
      "iodepth_level" : {
        "1" : 100.000000,
        "2" : 0.000000,
        "4" : 0.000000,
        "8" : 0.000000,
        "16" : 0.000000,
        "32" : 0.000000,
        ">=64" : 0.000000
      },
      "iodepth_submit" : {
        "0" : 0.000000,
        "4" : 100.000000,
        "8" : 0.000000,
        "16" : 0.000000,
        "32" : 0.000000,
        "64" : 0.000000,
        ">=64" : 0.000000
      },
      "iodepth_complete" : {
        "0" : 0.000000,
        "4" : 100.000000,
        "8" : 0.000000,
        "16" : 0.000000,
        "32" : 0.000000,
        "64" : 0.000000,
        ">=64" : 0.000000
      },
      "latency_ns" : {
        "2" : 0.000000,
        "4" : 0.000000,
        "10" : 0.000000,
        "20" : 0.000000,
        "50" : 0.000000,
        "100" : 0.010000,
        "250" : 0.050439,
        "500" : 2.927800,
        "750" : 20.541480,
        "1000" : 22.484054
      },
      "latency_us" : {
        "2" : 38.500220,
        "4" : 10.809874,
        "10" : 3.377181,
        "20" : 0.095043,
        "50" : 0.021007,
        "100" : 1.147470,
        "250" : 0.040421,
        "500" : 0.010000,
        "750" : 0.010000,
        "1000" : 0.010000
      },
      "latency_ms" : {
        "2" : 0.010000,
        "4" : 0.010000,
        "10" : 0.010000,
        "20" : 0.010000,
        "50" : 0.010000,
        "100" : 0.010000,
        "250" : 0.010000,
        "500" : 0.000000,
        "750" : 0.000000,
        "1000" : 0.000000,
        "2000" : 0.000000,
        ">=2000" : 0.000000
      },
      "latency_depth" : 1,
      "latency_target" : 0,
      "latency_percentile" : 100.000000,
      "latency_window" : 0
    }
  ],
  "disk_util" : [
    {
      "name" : "sdb",
      "read_ios" : 196690,
      "write_ios" : 78652,
      "read_sectors" : 1579560,
      "write_sectors" : 24588016,
      "read_merges" : 290,
      "write_merges" : 675,
      "read_ticks" : 183501,
      "write_ticks" : 10661710,
      "in_queue" : 10845222,
      "util" : 14.899719
    }
  ]
}
