{
  "fio version" : "fio-3.40",
  "timestamp" : 1771991372,
  "timestamp_ms" : 1771991372546,
  "time" : "Wed Feb 25 04:49:32 2026",
  "global options" : {
    "group_reporting" : "",
    "ioengine" : "mmap",
    "size" : "768m",
    "thread" : "1",
    "directory" : "/tmp",
    "time_based" : "",
    "runtime" : "180",
    "norandommap" : "1",
    "filename" : "/tmp/fio_readwrite",
    "share_mmap" : "1",
    "repl" : "1"
  },
  "jobs" : [
    {
      "jobname" : "writers",
      "groupid" : 0,
      "job_start" : 1771991192346,
      "error" : 0,
      "eta" : 0,
      "elapsed" : 181,
      "job options" : {
        "rw" : "randread",
        "random_distribution" : "random",
        "numjobs" : "51"
      },
      "read" : {
        "io_bytes" : 12416168804352,
        "io_kbytes" : 12125164848,
        "bw_bytes" : 68976799557,
        "bw" : 67360155,
        "iops" : 16840038.954473,
        "runtime" : 180005,
        "total_ios" : 3031291212,
        "short_ios" : 0,
        "drop_ios" : 0,
        "slat_ns" : {
          "min" : 0,
          "max" : 0,
          "mean" : 0.000000,
          "stddev" : 0.000000,
          "N" : 0
        },
        "clat_ns" : {
          "min" : 125,
          "max" : 124136275,
          "mean" : 2302.817320,
          "stddev" : 13813.917790,
          "N" : 3031291212,
          "percentile" : {
            "1.000000" : 940,
            "5.000000" : 1288,
            "10.000000" : 1480,
            "20.000000" : 1704,
            "30.000000" : 1864,
            "40.000000" : 2008,
            "50.000000" : 2160,
            "60.000000" : 2288,
            "70.000000" : 2480,
            "80.000000" : 2672,
            "90.000000" : 3024,
            "95.000000" : 3376,
            "99.000000" : 4192,
            "99.500000" : 4512,
            "99.900000" : 5536,
            "99.950000" : 14400,
            "99.990000" : 25216
          }
        },
        "lat_ns" : {
          "min" : 161,
          "max" : 124136317,
          "mean" : 2380.005910,
          "stddev" : 13944.763858,
          "N" : 3031291212
        },
        "bw_min" : 208280,
        "bw_max" : 81563753,
        "bw_agg" : 100.000000,
        "bw_mean" : 68179657.256338,
        "bw_dev" : 202287.868614,
        "bw_samples" : 18105,
        "iops_min" : 52070,
        "iops_max" : 20390930,
        "iops_mean" : 17044905.695775,
        "iops_stddev" : 50571.946833,
        "iops_samples" : 18105
      },
      "write" : {
        "io_bytes" : 2999946371072,
        "io_kbytes" : 2929635128,
        "bw_bytes" : 16665998372,
        "bw" : 16275389,
        "iops" : 4068847.258950,
        "runtime" : 180004,
        "total_ios" : 732408782,
        "short_ios" : 0,
        "drop_ios" : 0,
        "slat_ns" : {
          "min" : 0,
          "max" : 0,
          "mean" : 0.000000,
          "stddev" : 0.000000,
          "N" : 0
        },
        "clat_ns" : {
          "min" : 122,
          "max" : 92037051,
          "mean" : 2422.938150,
          "stddev" : 15284.526899,
          "N" : 732408782,
          "percentile" : {
            "1.000000" : 980,
            "5.000000" : 1320,
            "10.000000" : 1512,
            "20.000000" : 1736,
            "30.000000" : 1912,
            "40.000000" : 2064,
            "50.000000" : 2192,
            "60.000000" : 2352,
            "70.000000" : 2512,
            "80.000000" : 2704,
            "90.000000" : 3024,
            "95.000000" : 3376,
            "99.000000" : 4384,
            "99.500000" : 5280,
            "99.900000" : 22656,
            "99.950000" : 60672,
            "99.990000" : 94720
          }
        },
        "lat_ns" : {
          "min" : 172,
          "max" : 92037128,
          "mean" : 2522.599034,
          "stddev" : 15464.393582,
          "N" : 732408782
        },
        "bw_min" : 53208,
        "bw_max" : 21183112,
        "bw_agg" : 100.000000,
        "bw_mean" : 16472951.061972,
        "bw_dev" : 194800.029014,
        "bw_samples" : 4615,
        "iops_min" : 13302,
        "iops_max" : 5295776,
        "iops_mean" : 4118236.738028,
        "iops_stddev" : 48700.001320,
        "iops_samples" : 4615
      },
      "trim" : {
        "io_bytes" : 0,
        "io_kbytes" : 0,
        "bw_bytes" : 0,
        "bw" : 0,
        "iops" : 0.000000,
        "runtime" : 0,
        "total_ios" : 0,
        "short_ios" : 0,
        "drop_ios" : 0,
        "slat_ns" : {
          "min" : 0,
          "max" : 0,
          "mean" : 0.000000,
          "stddev" : 0.000000,
          "N" : 0
        },
        "clat_ns" : {
          "min" : 0,
          "max" : 0,
          "mean" : 0.000000,
          "stddev" : 0.000000,
          "N" : 0
        },
        "lat_ns" : {
          "min" : 0,
          "max" : 0,
          "mean" : 0.000000,
          "stddev" : 0.000000,
          "N" : 0
        },
        "bw_min" : 0,
        "bw_max" : 0,
        "bw_agg" : 0.000000,
        "bw_mean" : 0.000000,
        "bw_dev" : 0.000000,
        "bw_samples" : 0,
        "iops_min" : 0,
        "iops_max" : 0,
        "iops_mean" : 0.000000,
        "iops_stddev" : 0.000000,
        "iops_samples" : 0
      },
      "sync" : {
        "total_ios" : 0,
        "lat_ns" : {
          "min" : 0,
          "max" : 0,
          "mean" : 0.000000,
          "stddev" : 0.000000,
          "N" : 0
        }
      },
      "job_runtime" : 11520040,
      "usr_cpu" : 95.380737,
      "sys_cpu" : 0.782549,
      "ctx" : 793427,
      "majf" : 196601,
      "minf" : 2747502,
      "iodepth_level" : {
        "1" : 100.000000,
        "2" : 0.000000,
        "4" : 0.000000,
        "8" : 0.000000,
        "16" : 0.000000,
        "32" : 0.000000,
        ">=64" : 0.000000
      },
      "iodepth_submit" : {
        "0" : 0.000000,
        "4" : 100.000000,
        "8" : 0.000000,
        "16" : 0.000000,
        "32" : 0.000000,
        "64" : 0.000000,
        ">=64" : 0.000000
      },
      "iodepth_complete" : {
        "0" : 0.000000,
        "4" : 100.000000,
        "8" : 0.000000,
        "16" : 0.000000,
        "32" : 0.000000,
        "64" : 0.000000,
        ">=64" : 0.000000
      },
      "latency_ns" : {
        "2" : 0.000000,
        "4" : 0.000000,
        "10" : 0.000000,
        "20" : 0.000000,
        "50" : 0.000000,
        "100" : 0.000000,
        "250" : 0.027030,
        "500" : 0.043416,
        "750" : 0.227314,
        "1000" : 1.041678
      },
      "latency_us" : {
        "2" : 37.298262,
        "4" : 59.817405,
        "10" : 1.417492,
        "20" : 0.092290,
        "50" : 0.016232,
        "100" : 0.011379,
        "250" : 0.010000,
        "500" : 0.010000,
        "750" : 0.010000,
        "1000" : 0.010000
      },
      "latency_ms" : {
        "2" : 0.010000,
        "4" : 0.010000,
        "10" : 0.010000,
        "20" : 0.010000,
        "50" : 0.010000,
        "100" : 0.010000,
        "250" : 0.010000,
        "500" : 0.000000,
        "750" : 0.000000,
        "1000" : 0.000000,
        "2000" : 0.000000,
        ">=2000" : 0.000000
      },
      "latency_depth" : 1,
      "latency_target" : 0,
      "latency_percentile" : 100.000000,
      "latency_window" : 0
    }
  ],
  "disk_util" : [
    {
      "name" : "sda",
      "read_ios" : 196633,
      "write_ios" : 112616,
      "read_sectors" : 1578576,
      "write_sectors" : 21738952,
      "read_merges" : 355,
      "write_merges" : 5999,
      "read_ticks" : 188483,
      "write_ticks" : 49439060,
      "in_queue" : 49627550,
      "util" : 13.247378
    }
  ]
}
