{
  "fio version" : "fio-3.40",
  "timestamp" : 1764779901,
  "timestamp_ms" : 1764779901576,
  "time" : "Wed Dec  3 17:38:21 2025",
  "global options" : {
    "group_reporting" : "",
    "ioengine" : "mmap",
    "size" : "768m",
    "thread" : "1",
    "directory" : "/tmp",
    "time_based" : "",
    "runtime" : "180",
    "norandommap" : "1",
    "filename" : "/tmp/fio_readwrite",
    "share_mmap" : "1",
    "repl" : "1"
  },
  "jobs" : [
    {
      "jobname" : "writers",
      "groupid" : 0,
      "job_start" : 1764779721437,
      "error" : 0,
      "eta" : 0,
      "elapsed" : 181,
      "job options" : {
        "rw" : "randread",
        "random_distribution" : "random",
        "numjobs" : "58"
      },
      "read" : {
        "io_bytes" : 14941744779264,
        "io_kbytes" : 14591547636,
        "bw_bytes" : 83008770898,
        "bw" : 81063252,
        "iops" : 20265813.207631,
        "runtime" : 180002,
        "total_ios" : 3647886909,
        "short_ios" : 0,
        "drop_ios" : 0,
        "slat_ns" : {
          "min" : 0,
          "max" : 0,
          "mean" : 0.000000,
          "stddev" : 0.000000,
          "N" : 0
        },
        "clat_ns" : {
          "min" : 96,
          "max" : 126668304,
          "mean" : 2285.110257,
          "stddev" : 11799.750286,
          "N" : 3647886909,
          "percentile" : {
            "1.000000" : 1004,
            "5.000000" : 1336,
            "10.000000" : 1512,
            "20.000000" : 1720,
            "30.000000" : 1864,
            "40.000000" : 2008,
            "50.000000" : 2128,
            "60.000000" : 2256,
            "70.000000" : 2416,
            "80.000000" : 2608,
            "90.000000" : 2928,
            "95.000000" : 3248,
            "99.000000" : 4256,
            "99.500000" : 4768,
            "99.900000" : 17280,
            "99.950000" : 18048,
            "99.990000" : 26496
          }
        },
        "lat_ns" : {
          "min" : 125,
          "max" : 126668475,
          "mean" : 2341.881376,
          "stddev" : 11917.496403,
          "N" : 3647886909
        },
        "bw_min" : 179072,
        "bw_max" : 95155449,
        "bw_agg" : 100.000000,
        "bw_mean" : 82044889.425352,
        "bw_dev" : 187164.402776,
        "bw_samples" : 20590,
        "iops_min" : 44768,
        "iops_max" : 23788832,
        "iops_mean" : 20511215.270423,
        "iops_stddev" : 46791.085519,
        "iops_samples" : 20590
      },
      "write" : {
        "io_bytes" : 1388973969408,
        "io_kbytes" : 1356419892,
        "bw_bytes" : 7716479182,
        "bw" : 7535624,
        "iops" : 1883906.050522,
        "runtime" : 180001,
        "total_ios" : 339104973,
        "short_ios" : 0,
        "drop_ios" : 0,
        "slat_ns" : {
          "min" : 0,
          "max" : 0,
          "mean" : 0.000000,
          "stddev" : 0.000000,
          "N" : 0
        },
        "clat_ns" : {
          "min" : 99,
          "max" : 68041819,
          "mean" : 2472.214117,
          "stddev" : 19488.736607,
          "N" : 339104973,
          "percentile" : {
            "1.000000" : 1032,
            "5.000000" : 1352,
            "10.000000" : 1512,
            "20.000000" : 1720,
            "30.000000" : 1880,
            "40.000000" : 2024,
            "50.000000" : 2160,
            "60.000000" : 2320,
            "70.000000" : 2448,
            "80.000000" : 2640,
            "90.000000" : 2960,
            "95.000000" : 3312,
            "99.000000" : 8896,
            "99.500000" : 13120,
            "99.900000" : 23424,
            "99.950000" : 56576,
            "99.990000" : 136192
          }
        },
        "lat_ns" : {
          "min" : 139,
          "max" : 68041862,
          "mean" : 2555.256382,
          "stddev" : 19744.796771,
          "N" : 339104973
        },
        "bw_min" : 18240,
        "bw_max" : 9279392,
        "bw_agg" : 100.000000,
        "bw_mean" : 7627271.484507,
        "bw_dev" : 196241.034369,
        "bw_samples" : 2130,
        "iops_min" : 4560,
        "iops_max" : 2319846,
        "iops_mean" : 1906817.354930,
        "iops_stddev" : 49060.239911,
        "iops_samples" : 2130
      },
      "trim" : {
        "io_bytes" : 0,
        "io_kbytes" : 0,
        "bw_bytes" : 0,
        "bw" : 0,
        "iops" : 0.000000,
        "runtime" : 0,
        "total_ios" : 0,
        "short_ios" : 0,
        "drop_ios" : 0,
        "slat_ns" : {
          "min" : 0,
          "max" : 0,
          "mean" : 0.000000,
          "stddev" : 0.000000,
          "N" : 0
        },
        "clat_ns" : {
          "min" : 0,
          "max" : 0,
          "mean" : 0.000000,
          "stddev" : 0.000000,
          "N" : 0
        },
        "lat_ns" : {
          "min" : 0,
          "max" : 0,
          "mean" : 0.000000,
          "stddev" : 0.000000,
          "N" : 0
        },
        "bw_min" : 0,
        "bw_max" : 0,
        "bw_agg" : 0.000000,
        "bw_mean" : 0.000000,
        "bw_dev" : 0.000000,
        "bw_samples" : 0,
        "iops_min" : 0,
        "iops_max" : 0,
        "iops_mean" : 0.000000,
        "iops_stddev" : 0.000000,
        "iops_samples" : 0
      },
      "sync" : {
        "total_ios" : 0,
        "lat_ns" : {
          "min" : 0,
          "max" : 0,
          "mean" : 0.000000,
          "stddev" : 0.000000,
          "N" : 0
        }
      },
      "job_runtime" : 11520004,
      "usr_cpu" : 96.003456,
      "sys_cpu" : 0.507222,
      "ctx" : 911566,
      "majf" : 196614,
      "minf" : 2887962,
      "iodepth_level" : {
        "1" : 100.000000,
        "2" : 0.000000,
        "4" : 0.000000,
        "8" : 0.000000,
        "16" : 0.000000,
        "32" : 0.000000,
        ">=64" : 0.000000
      },
      "iodepth_submit" : {
        "0" : 0.000000,
        "4" : 100.000000,
        "8" : 0.000000,
        "16" : 0.000000,
        "32" : 0.000000,
        "64" : 0.000000,
        ">=64" : 0.000000
      },
      "iodepth_complete" : {
        "0" : 0.000000,
        "4" : 100.000000,
        "8" : 0.000000,
        "16" : 0.000000,
        "32" : 0.000000,
        "64" : 0.000000,
        ">=64" : 0.000000
      },
      "latency_ns" : {
        "2" : 0.000000,
        "4" : 0.000000,
        "10" : 0.000000,
        "20" : 0.000000,
        "50" : 0.000000,
        "100" : 0.010000,
        "250" : 0.040172,
        "500" : 0.042104,
        "750" : 0.153643,
        "1000" : 0.718776
      },
      "latency_us" : {
        "2" : 38.403677,
        "4" : 59.137494,
        "10" : 1.183571,
        "20" : 0.295109,
        "50" : 0.013833,
        "100" : 0.010000,
        "250" : 0.010000,
        "500" : 0.010000,
        "750" : 0.010000,
        "1000" : 0.010000
      },
      "latency_ms" : {
        "2" : 0.010000,
        "4" : 0.010000,
        "10" : 0.010000,
        "20" : 0.010000,
        "50" : 0.010000,
        "100" : 0.010000,
        "250" : 0.010000,
        "500" : 0.000000,
        "750" : 0.000000,
        "1000" : 0.000000,
        "2000" : 0.000000,
        ">=2000" : 0.000000
      },
      "latency_depth" : 1,
      "latency_target" : 0,
      "latency_percentile" : 100.000000,
      "latency_window" : 0
    }
  ],
  "disk_util" : [
    {
      "name" : "sdb",
      "read_ios" : 196705,
      "write_ios" : 147509,
      "read_sectors" : 1579344,
      "write_sectors" : 22632768,
      "read_merges" : 450,
      "write_merges" : 10380,
      "read_ticks" : 155143,
      "write_ticks" : 28221193,
      "in_queue" : 28376346,
      "util" : 13.856468
    }
  ]
}
