{
  "fio version" : "fio-3.40",
  "timestamp" : 1771983777,
  "timestamp_ms" : 1771983777542,
  "time" : "Wed Feb 25 02:42:57 2026",
  "global options" : {
    "group_reporting" : "",
    "ioengine" : "mmap",
    "size" : "768m",
    "thread" : "1",
    "directory" : "/tmp",
    "time_based" : "",
    "runtime" : "180",
    "norandommap" : "1",
    "filename" : "/tmp/fio_readwrite",
    "share_mmap" : "1",
    "repl" : "1"
  },
  "jobs" : [
    {
      "jobname" : "readers",
      "groupid" : 0,
      "job_start" : 1771983597398,
      "error" : 0,
      "eta" : 0,
      "elapsed" : 181,
      "job options" : {
        "rw" : "randread",
        "random_distribution" : "random",
        "numjobs" : "64"
      },
      "read" : {
        "io_bytes" : 18524747743232,
        "io_kbytes" : 18090573968,
        "bw_bytes" : 102914121749,
        "bw" : 100502072,
        "iops" : 25125518.005355,
        "runtime" : 180002,
        "total_ios" : 4522643492,
        "short_ios" : 0,
        "drop_ios" : 0,
        "slat_ns" : {
          "min" : 0,
          "max" : 0,
          "mean" : 0.000000,
          "stddev" : 0.000000,
          "N" : 0
        },
        "clat_ns" : {
          "min" : 124,
          "max" : 40892544,
          "mean" : 1910.818765,
          "stddev" : 6483.537059,
          "N" : 4522643492,
          "percentile" : {
            "1.000000" : 836,
            "5.000000" : 1128,
            "10.000000" : 1272,
            "20.000000" : 1464,
            "30.000000" : 1592,
            "40.000000" : 1720,
            "50.000000" : 1832,
            "60.000000" : 1960,
            "70.000000" : 2096,
            "80.000000" : 2256,
            "90.000000" : 2480,
            "95.000000" : 2672,
            "99.000000" : 3088,
            "99.500000" : 3248,
            "99.900000" : 5536,
            "99.950000" : 18560,
            "99.990000" : 33024
          }
        },
        "lat_ns" : {
          "min" : 160,
          "max" : 40892592,
          "mean" : 1977.715916,
          "stddev" : 6502.638714,
          "N" : 4522643492
        },
        "bw_min" : 357259,
        "bw_max" : 117970207,
        "bw_agg" : 100.000000,
        "bw_mean" : 100587403.988858,
        "bw_dev" : 185229.131716,
        "bw_samples" : 22976,
        "iops_min" : 89282,
        "iops_max" : 29492549,
        "iops_mean" : 25146833.713092,
        "iops_stddev" : 46307.267046,
        "iops_samples" : 22976
      },
      "write" : {
        "io_bytes" : 0,
        "io_kbytes" : 0,
        "bw_bytes" : 0,
        "bw" : 0,
        "iops" : 0.000000,
        "runtime" : 0,
        "total_ios" : 0,
        "short_ios" : 0,
        "drop_ios" : 0,
        "slat_ns" : {
          "min" : 0,
          "max" : 0,
          "mean" : 0.000000,
          "stddev" : 0.000000,
          "N" : 0
        },
        "clat_ns" : {
          "min" : 0,
          "max" : 0,
          "mean" : 0.000000,
          "stddev" : 0.000000,
          "N" : 0
        },
        "lat_ns" : {
          "min" : 0,
          "max" : 0,
          "mean" : 0.000000,
          "stddev" : 0.000000,
          "N" : 0
        },
        "bw_min" : 0,
        "bw_max" : 0,
        "bw_agg" : 0.000000,
        "bw_mean" : 0.000000,
        "bw_dev" : 0.000000,
        "bw_samples" : 0,
        "iops_min" : 0,
        "iops_max" : 0,
        "iops_mean" : 0.000000,
        "iops_stddev" : 0.000000,
        "iops_samples" : 0
      },
      "trim" : {
        "io_bytes" : 0,
        "io_kbytes" : 0,
        "bw_bytes" : 0,
        "bw" : 0,
        "iops" : 0.000000,
        "runtime" : 0,
        "total_ios" : 0,
        "short_ios" : 0,
        "drop_ios" : 0,
        "slat_ns" : {
          "min" : 0,
          "max" : 0,
          "mean" : 0.000000,
          "stddev" : 0.000000,
          "N" : 0
        },
        "clat_ns" : {
          "min" : 0,
          "max" : 0,
          "mean" : 0.000000,
          "stddev" : 0.000000,
          "N" : 0
        },
        "lat_ns" : {
          "min" : 0,
          "max" : 0,
          "mean" : 0.000000,
          "stddev" : 0.000000,
          "N" : 0
        },
        "bw_min" : 0,
        "bw_max" : 0,
        "bw_agg" : 0.000000,
        "bw_mean" : 0.000000,
        "bw_dev" : 0.000000,
        "bw_samples" : 0,
        "iops_min" : 0,
        "iops_max" : 0,
        "iops_mean" : 0.000000,
        "iops_stddev" : 0.000000,
        "iops_samples" : 0
      },
      "sync" : {
        "total_ios" : 0,
        "lat_ns" : {
          "min" : 0,
          "max" : 0,
          "mean" : 0.000000,
          "stddev" : 0.000000,
          "N" : 0
        }
      },
      "job_runtime" : 11520004,
      "usr_cpu" : 98.370330,
      "sys_cpu" : 0.159931,
      "ctx" : 282749,
      "majf" : 196611,
      "minf" : 789496,
      "iodepth_level" : {
        "1" : 100.000000,
        "2" : 0.000000,
        "4" : 0.000000,
        "8" : 0.000000,
        "16" : 0.000000,
        "32" : 0.000000,
        ">=64" : 0.000000
      },
      "iodepth_submit" : {
        "0" : 0.000000,
        "4" : 100.000000,
        "8" : 0.000000,
        "16" : 0.000000,
        "32" : 0.000000,
        "64" : 0.000000,
        ">=64" : 0.000000
      },
      "iodepth_complete" : {
        "0" : 0.000000,
        "4" : 100.000000,
        "8" : 0.000000,
        "16" : 0.000000,
        "32" : 0.000000,
        "64" : 0.000000,
        ">=64" : 0.000000
      },
      "latency_ns" : {
        "2" : 0.000000,
        "4" : 0.000000,
        "10" : 0.000000,
        "20" : 0.000000,
        "50" : 0.000000,
        "100" : 0.000000,
        "250" : 0.022135,
        "500" : 0.094923,
        "750" : 0.473540,
        "1000" : 1.971441
      },
      "latency_us" : {
        "2" : 61.082253,
        "4" : 36.237721,
        "10" : 0.029129,
        "20" : 0.057678,
        "50" : 0.023798,
        "100" : 0.010000,
        "250" : 0.010000,
        "500" : 0.010000,
        "750" : 0.010000,
        "1000" : 0.010000
      },
      "latency_ms" : {
        "2" : 0.010000,
        "4" : 0.010000,
        "10" : 0.010000,
        "20" : 0.000000,
        "50" : 0.010000,
        "100" : 0.000000,
        "250" : 0.000000,
        "500" : 0.000000,
        "750" : 0.000000,
        "1000" : 0.000000,
        "2000" : 0.000000,
        ">=2000" : 0.000000
      },
      "latency_depth" : 1,
      "latency_target" : 0,
      "latency_percentile" : 100.000000,
      "latency_window" : 0
    }
  ],
  "disk_util" : [
    {
      "name" : "sda",
      "read_ios" : 196606,
      "write_ios" : 140,
      "read_sectors" : 1574432,
      "write_sectors" : 2640,
      "read_merges" : 198,
      "write_merges" : 132,
      "read_ticks" : 151661,
      "write_ticks" : 30,
      "in_queue" : 151696,
      "util" : 1.079853
    }
  ]
}
