{
  "fio version" : "fio-3.40",
  "timestamp" : 1764234858,
  "timestamp_ms" : 1764234858256,
  "time" : "Thu Nov 27 10:14:18 2025",
  "global options" : {
    "group_reporting" : "",
    "ioengine" : "mmap",
    "size" : "768m",
    "thread" : "1",
    "directory" : "/tmp",
    "time_based" : "",
    "runtime" : "120",
    "filename" : "/tmp/fio_readwrite",
    "share_mmap" : "1",
    "repl" : "1"
  },
  "jobs" : [
    {
      "jobname" : "writers",
      "groupid" : 0,
      "job_start" : 1764234738017,
      "error" : 0,
      "eta" : 0,
      "elapsed" : 121,
      "job options" : {
        "rw" : "randread",
        "random_distribution" : "zipf",
        "numjobs" : "26"
      },
      "read" : {
        "io_bytes" : 2064354439168,
        "io_kbytes" : 2015971132,
        "bw_bytes" : 17202666948,
        "bw" : 16799479,
        "iops" : 4199869.860502,
        "runtime" : 120002,
        "total_ios" : 503992783,
        "short_ios" : 0,
        "drop_ios" : 0,
        "slat_ns" : {
          "min" : 0,
          "max" : 0,
          "mean" : 0.000000,
          "stddev" : 0.000000,
          "N" : 0
        },
        "clat_ns" : {
          "min" : 94,
          "max" : 48087186,
          "mean" : 5488.555842,
          "stddev" : 30234.071479,
          "N" : 503992783,
          "percentile" : {
            "1.000000" : 110,
            "5.000000" : 123,
            "10.000000" : 139,
            "20.000000" : 159,
            "30.000000" : 185,
            "40.000000" : 229,
            "50.000000" : 354,
            "60.000000" : 532,
            "70.000000" : 652,
            "80.000000" : 836,
            "90.000000" : 2224,
            "95.000000" : 66048,
            "99.000000" : 96768,
            "99.500000" : 115200,
            "99.900000" : 191488,
            "99.950000" : 226304,
            "99.990000" : 626688
          }
        },
        "lat_ns" : {
          "min" : 121,
          "max" : 48087221,
          "mean" : 5542.985958,
          "stddev" : 30302.390199,
          "N" : 503992783
        },
        "bw_min" : 241888,
        "bw_max" : 23971367,
        "bw_agg" : 100.000000,
        "bw_mean" : 17031245.737288,
        "bw_dev" : 130347.543723,
        "bw_samples" : 6136,
        "iops_min" : 60472,
        "iops_max" : 5992826,
        "iops_mean" : 4257807.122881,
        "iops_stddev" : 32586.874018,
        "iops_samples" : 6136
      },
      "write" : {
        "io_bytes" : 706572591104,
        "io_kbytes" : 690012296,
        "bw_bytes" : 5888006792,
        "bw" : 5750006,
        "iops" : 1437501.658306,
        "runtime" : 120002,
        "total_ios" : 172503074,
        "short_ios" : 0,
        "drop_ios" : 0,
        "slat_ns" : {
          "min" : 0,
          "max" : 0,
          "mean" : 0.000000,
          "stddev" : 0.000000,
          "N" : 0
        },
        "clat_ns" : {
          "min" : 96,
          "max" : 45265949,
          "mean" : 25339.427430,
          "stddev" : 63777.352906,
          "N" : 172503074,
          "percentile" : {
            "1.000000" : 115,
            "5.000000" : 145,
            "10.000000" : 161,
            "20.000000" : 191,
            "30.000000" : 243,
            "40.000000" : 414,
            "50.000000" : 588,
            "60.000000" : 756,
            "70.000000" : 1128,
            "80.000000" : 68096,
            "90.000000" : 92672,
            "95.000000" : 144384,
            "99.000000" : 193536,
            "99.500000" : 220160,
            "99.900000" : 333824,
            "99.950000" : 593920,
            "99.990000" : 1073152
          }
        },
        "lat_ns" : {
          "min" : 134,
          "max" : 45265994,
          "mean" : 25430.837749,
          "stddev" : 63801.305549,
          "N" : 172503074
        },
        "bw_min" : 342064,
        "bw_max" : 7636567,
        "bw_agg" : 100.000000,
        "bw_mean" : 5830758.266949,
        "bw_dev" : 25322.323213,
        "bw_samples" : 8968,
        "iops_min" : 85516,
        "iops_max" : 1909136,
        "iops_mean" : 1457683.538136,
        "iops_stddev" : 6330.570041,
        "iops_samples" : 8968
      },
      "trim" : {
        "io_bytes" : 0,
        "io_kbytes" : 0,
        "bw_bytes" : 0,
        "bw" : 0,
        "iops" : 0.000000,
        "runtime" : 0,
        "total_ios" : 0,
        "short_ios" : 0,
        "drop_ios" : 0,
        "slat_ns" : {
          "min" : 0,
          "max" : 0,
          "mean" : 0.000000,
          "stddev" : 0.000000,
          "N" : 0
        },
        "clat_ns" : {
          "min" : 0,
          "max" : 0,
          "mean" : 0.000000,
          "stddev" : 0.000000,
          "N" : 0
        },
        "lat_ns" : {
          "min" : 0,
          "max" : 0,
          "mean" : 0.000000,
          "stddev" : 0.000000,
          "N" : 0
        },
        "bw_min" : 0,
        "bw_max" : 0,
        "bw_agg" : 0.000000,
        "bw_mean" : 0.000000,
        "bw_dev" : 0.000000,
        "bw_samples" : 0,
        "iops_min" : 0,
        "iops_max" : 0,
        "iops_mean" : 0.000000,
        "iops_stddev" : 0.000000,
        "iops_samples" : 0
      },
      "sync" : {
        "total_ios" : 0,
        "lat_ns" : {
          "min" : 0,
          "max" : 0,
          "mean" : 0.000000,
          "stddev" : 0.000000,
          "N" : 0
        }
      },
      "job_runtime" : 7680003,
      "usr_cpu" : 12.189214,
      "sys_cpu" : 84.395787,
      "ctx" : 593134,
      "majf" : 196593,
      "minf" : 67064571,
      "iodepth_level" : {
        "1" : 100.000000,
        "2" : 0.000000,
        "4" : 0.000000,
        "8" : 0.000000,
        "16" : 0.000000,
        "32" : 0.000000,
        ">=64" : 0.000000
      },
      "iodepth_submit" : {
        "0" : 0.000000,
        "4" : 100.000000,
        "8" : 0.000000,
        "16" : 0.000000,
        "32" : 0.000000,
        "64" : 0.000000,
        ">=64" : 0.000000
      },
      "iodepth_complete" : {
        "0" : 0.000000,
        "4" : 100.000000,
        "8" : 0.000000,
        "16" : 0.000000,
        "32" : 0.000000,
        "64" : 0.000000,
        ">=64" : 0.000000
      },
      "latency_ns" : {
        "2" : 0.000000,
        "4" : 0.000000,
        "10" : 0.000000,
        "20" : 0.000000,
        "50" : 0.000000,
        "100" : 0.010000,
        "250" : 39.469787,
        "500" : 14.681456,
        "750" : 17.218295,
        "1000" : 9.661543
      },
      "latency_us" : {
        "2" : 4.187611,
        "4" : 3.498254,
        "10" : 1.350300,
        "20" : 0.013389,
        "50" : 0.022982,
        "100" : 6.984486,
        "250" : 2.815984,
        "500" : 0.068899,
        "750" : 0.012469,
        "1000" : 0.010000
      },
      "latency_ms" : {
        "2" : 0.010000,
        "4" : 0.010000,
        "10" : 0.010000,
        "20" : 0.010000,
        "50" : 0.010000,
        "100" : 0.000000,
        "250" : 0.000000,
        "500" : 0.000000,
        "750" : 0.000000,
        "1000" : 0.000000,
        "2000" : 0.000000,
        ">=2000" : 0.000000
      },
      "latency_depth" : 1,
      "latency_target" : 0,
      "latency_percentile" : 100.000000,
      "latency_window" : 0
    }
  ],
  "disk_util" : [
    {
      "name" : "sda",
      "read_ios" : 196580,
      "write_ios" : 80397,
      "read_sectors" : 1574216,
      "write_sectors" : 16821592,
      "read_merges" : 197,
      "write_merges" : 1376,
      "read_ticks" : 122938,
      "write_ticks" : 9485183,
      "in_queue" : 9608125,
      "util" : 19.079233
    }
  ]
}
