{
  "fio version" : "fio-3.40",
  "timestamp" : 1756995420,
  "timestamp_ms" : 1756995420562,
  "time" : "Thu Sep  4 16:17:00 2025",
  "global options" : {
    "group_reporting" : "",
    "ioengine" : "mmap",
    "size" : "256m",
    "thread" : "1",
    "directory" : "/tmp",
    "time_based" : "",
    "runtime" : "30",
    "filename" : "/tmp/fio_readwrite",
    "share_mmap" : "1",
    "repl" : "1"
  },
  "jobs" : [
    {
      "jobname" : "writers",
      "groupid" : 0,
      "job_start" : 1756995389671,
      "error" : 0,
      "eta" : 0,
      "elapsed" : 32,
      "job options" : {
        "rw" : "randread",
        "random_distribution" : "random",
        "numjobs" : "32"
      },
      "read" : {
        "io_bytes" : 109504606208,
        "io_kbytes" : 106938092,
        "bw_bytes" : 3555921617,
        "bw" : 3472579,
        "iops" : 868144.926124,
        "runtime" : 30795,
        "total_ios" : 26734523,
        "short_ios" : 0,
        "drop_ios" : 0,
        "slat_ns" : {
          "min" : 0,
          "max" : 0,
          "mean" : 0.000000,
          "stddev" : 0.000000,
          "N" : 0
        },
        "clat_ns" : {
          "min" : 117,
          "max" : 32225081,
          "mean" : 9102.623464,
          "stddev" : 49210.880383,
          "N" : 26734523,
          "percentile" : {
            "1.000000" : 346,
            "5.000000" : 414,
            "10.000000" : 450,
            "20.000000" : 498,
            "30.000000" : 556,
            "40.000000" : 628,
            "50.000000" : 700,
            "60.000000" : 780,
            "70.000000" : 892,
            "80.000000" : 1320,
            "90.000000" : 4576,
            "95.000000" : 67072,
            "99.000000" : 132096,
            "99.500000" : 171008,
            "99.900000" : 518144,
            "99.950000" : 864256,
            "99.990000" : 2146304
          }
        },
        "lat_ns" : {
          "min" : 144,
          "max" : 32225116,
          "mean" : 9158.129470,
          "stddev" : 49213.001625,
          "N" : 26734523
        },
        "bw_min" : 75924,
        "bw_max" : 16777216,
        "bw_agg" : 100.000000,
        "bw_mean" : 7566695.877476,
        "bw_dev" : 185094.001630,
        "bw_samples" : 887,
        "iops_min" : 18977,
        "iops_max" : 4194304,
        "iops_mean" : 1891672.338830,
        "iops_stddev" : 46273.494399,
        "iops_samples" : 887
      },
      "write" : {
        "io_bytes" : 69823963136,
        "io_kbytes" : 68187464,
        "bw_bytes" : 2327310283,
        "bw" : 2272763,
        "iops" : 568190.987268,
        "runtime" : 30002,
        "total_ios" : 17046866,
        "short_ios" : 0,
        "drop_ios" : 0,
        "slat_ns" : {
          "min" : 0,
          "max" : 0,
          "mean" : 0.000000,
          "stddev" : 0.000000,
          "N" : 0
        },
        "clat_ns" : {
          "min" : 108,
          "max" : 8083947,
          "mean" : 34990.927702,
          "stddev" : 71566.485427,
          "N" : 17046866,
          "percentile" : {
            "1.000000" : 334,
            "5.000000" : 394,
            "10.000000" : 458,
            "20.000000" : 548,
            "30.000000" : 652,
            "40.000000" : 788,
            "50.000000" : 1080,
            "60.000000" : 2928,
            "70.000000" : 53504,
            "80.000000" : 78336,
            "90.000000" : 107008,
            "95.000000" : 134144,
            "99.000000" : 205824,
            "99.500000" : 246784,
            "99.900000" : 765952,
            "99.950000" : 1028096,
            "99.990000" : 2637824
          }
        },
        "lat_ns" : {
          "min" : 148,
          "max" : 8083990,
          "mean" : 35088.793205,
          "stddev" : 71573.656107,
          "N" : 17046866
        },
        "bw_min" : 171050,
        "bw_max" : 15144248,
        "bw_agg" : 100.000000,
        "bw_mean" : 3096416.571537,
        "bw_dev" : 98918.767552,
        "bw_samples" : 1395,
        "iops_min" : 42762,
        "iops_max" : 3786062,
        "iops_mean" : 774102.867481,
        "iops_stddev" : 24729.686886,
        "iops_samples" : 1395
      },
      "trim" : {
        "io_bytes" : 0,
        "io_kbytes" : 0,
        "bw_bytes" : 0,
        "bw" : 0,
        "iops" : 0.000000,
        "runtime" : 0,
        "total_ios" : 0,
        "short_ios" : 0,
        "drop_ios" : 0,
        "slat_ns" : {
          "min" : 0,
          "max" : 0,
          "mean" : 0.000000,
          "stddev" : 0.000000,
          "N" : 0
        },
        "clat_ns" : {
          "min" : 0,
          "max" : 0,
          "mean" : 0.000000,
          "stddev" : 0.000000,
          "N" : 0
        },
        "lat_ns" : {
          "min" : 0,
          "max" : 0,
          "mean" : 0.000000,
          "stddev" : 0.000000,
          "N" : 0
        },
        "bw_min" : 0,
        "bw_max" : 0,
        "bw_agg" : 0.000000,
        "bw_mean" : 0.000000,
        "bw_dev" : 0.000000,
        "bw_samples" : 0,
        "iops_min" : 0,
        "iops_max" : 0,
        "iops_mean" : 0.000000,
        "iops_stddev" : 0.000000,
        "iops_samples" : 0
      },
      "sync" : {
        "total_ios" : 0,
        "lat_ns" : {
          "min" : 0,
          "max" : 0,
          "mean" : 0.000000,
          "stddev" : 0.000000,
          "N" : 0
        }
      },
      "job_runtime" : 1931844,
      "usr_cpu" : 4.214212,
      "sys_cpu" : 61.144896,
      "ctx" : 7098594,
      "majf" : 65540,
      "minf" : 8576567,
      "iodepth_level" : {
        "1" : 100.000000,
        "2" : 0.000000,
        "4" : 0.000000,
        "8" : 0.000000,
        "16" : 0.000000,
        "32" : 0.000000,
        ">=64" : 0.000000
      },
      "iodepth_submit" : {
        "0" : 0.000000,
        "4" : 100.000000,
        "8" : 0.000000,
        "16" : 0.000000,
        "32" : 0.000000,
        "64" : 0.000000,
        ">=64" : 0.000000
      },
      "iodepth_complete" : {
        "0" : 0.000000,
        "4" : 100.000000,
        "8" : 0.000000,
        "16" : 0.000000,
        "32" : 0.000000,
        "64" : 0.000000,
        ">=64" : 0.000000
      },
      "latency_ns" : {
        "2" : 0.000000,
        "4" : 0.000000,
        "10" : 0.000000,
        "20" : 0.000000,
        "50" : 0.000000,
        "100" : 0.000000,
        "250" : 0.077981,
        "500" : 18.135916,
        "750" : 31.005636,
        "1000" : 15.722772
      },
      "latency_us" : {
        "2" : 7.116679,
        "4" : 6.749962,
        "10" : 1.594851,
        "20" : 0.392646,
        "50" : 2.432513,
        "100" : 11.076311,
        "250" : 5.391640,
        "500" : 0.177934,
        "750" : 0.044951,
        "1000" : 0.038299
      },
      "latency_ms" : {
        "2" : 0.028747,
        "4" : 0.012768,
        "10" : 0.010000,
        "20" : 0.000000,
        "50" : 0.010000,
        "100" : 0.000000,
        "250" : 0.000000,
        "500" : 0.000000,
        "750" : 0.000000,
        "1000" : 0.000000,
        "2000" : 0.000000,
        ">=2000" : 0.000000
      },
      "latency_depth" : 1,
      "latency_target" : 0,
      "latency_percentile" : 100.000000,
      "latency_window" : 0
    }
  ],
  "disk_util" : [
    {
      "name" : "sda",
      "read_ios" : 65503,
      "write_ios" : 331243,
      "read_sectors" : 524368,
      "write_sectors" : 11113856,
      "read_merges" : 43,
      "write_merges" : 2726,
      "read_ticks" : 60283,
      "write_ticks" : 131081,
      "in_queue" : 191367,
      "util" : 51.586423
    }
  ]
}
