{
  "fio version" : "fio-3.40",
  "timestamp" : 1772067393,
  "timestamp_ms" : 1772067393899,
  "time" : "Thu Feb 26 01:56:33 2026",
  "global options" : {
    "group_reporting" : "",
    "ioengine" : "mmap",
    "size" : "768m",
    "thread" : "1",
    "directory" : "/tmp",
    "time_based" : "",
    "runtime" : "210",
    "norandommap" : "1",
    "filename" : "/tmp/fio_readwrite",
    "share_mmap" : "1",
    "repl" : "1"
  },
  "jobs" : [
    {
      "jobname" : "writers",
      "groupid" : 0,
      "job_start" : 1772067183667,
      "error" : 0,
      "eta" : 0,
      "elapsed" : 211,
      "job options" : {
        "rw" : "randread",
        "random_distribution" : "random",
        "numjobs" : "26"
      },
      "read" : {
        "io_bytes" : 5672544137216,
        "io_kbytes" : 5539593884,
        "bw_bytes" : 27011857683,
        "bw" : 26378767,
        "iops" : 6594691.817221,
        "runtime" : 210002,
        "total_ios" : 1384898471,
        "short_ios" : 0,
        "drop_ios" : 0,
        "slat_ns" : {
          "min" : 0,
          "max" : 0,
          "mean" : 0.000000,
          "stddev" : 0.000000,
          "N" : 0
        },
        "clat_ns" : {
          "min" : 100,
          "max" : 8044514,
          "mean" : 3087.254004,
          "stddev" : 7939.657852,
          "N" : 1384898471,
          "percentile" : {
            "1.000000" : 788,
            "5.000000" : 1208,
            "10.000000" : 1496,
            "20.000000" : 1912,
            "30.000000" : 2256,
            "40.000000" : 2544,
            "50.000000" : 2832,
            "60.000000" : 3088,
            "70.000000" : 3376,
            "80.000000" : 3728,
            "90.000000" : 4256,
            "95.000000" : 4832,
            "99.000000" : 6304,
            "99.500000" : 9664,
            "99.900000" : 81408,
            "99.950000" : 94720,
            "99.990000" : 168960
          }
        },
        "lat_ns" : {
          "min" : 127,
          "max" : 8044548,
          "mean" : 3159.356014,
          "stddev" : 7968.306951,
          "N" : 1384898471
        },
        "bw_min" : 135725,
        "bw_max" : 33856692,
        "bw_agg" : 100.000000,
        "bw_mean" : 26662388.751490,
        "bw_dev" : 203041.120159,
        "bw_samples" : 10760,
        "iops_min" : 33926,
        "iops_max" : 8464174,
        "iops_mean" : 6665590.791206,
        "iops_stddev" : 50760.253298,
        "iops_samples" : 10760
      },
      "write" : {
        "io_bytes" : 7567306166272,
        "io_kbytes" : 7389947428,
        "bw_bytes" : 36034448082,
        "bw" : 35189890,
        "iops" : 8797472.676451,
        "runtime" : 210002,
        "total_ios" : 1847486857,
        "short_ios" : 0,
        "drop_ios" : 0,
        "slat_ns" : {
          "min" : 0,
          "max" : 0,
          "mean" : 0.000000,
          "stddev" : 0.000000,
          "N" : 0
        },
        "clat_ns" : {
          "min" : 97,
          "max" : 32072109,
          "mean" : 3292.939157,
          "stddev" : 7800.644734,
          "N" : 1847486857,
          "percentile" : {
            "1.000000" : 948,
            "5.000000" : 1400,
            "10.000000" : 1736,
            "20.000000" : 2160,
            "30.000000" : 2448,
            "40.000000" : 2672,
            "50.000000" : 2928,
            "60.000000" : 3216,
            "70.000000" : 3536,
            "80.000000" : 3888,
            "90.000000" : 4448,
            "95.000000" : 4960,
            "99.000000" : 6496,
            "99.500000" : 10048,
            "99.900000" : 87552,
            "99.950000" : 140288,
            "99.990000" : 211968
          }
        },
        "lat_ns" : {
          "min" : 135,
          "max" : 32072157,
          "mean" : 3400.883069,
          "stddev" : 7832.559912,
          "N" : 1847486857
        },
        "bw_min" : 217943,
        "bw_max" : 39689325,
        "bw_agg" : 100.000000,
        "bw_mean" : 35589712.531576,
        "bw_dev" : 207519.011908,
        "bw_samples" : 15718,
        "iops_min" : 54479,
        "iops_max" : 9922326,
        "iops_mean" : 8897419.422334,
        "iops_stddev" : 51879.735620,
        "iops_samples" : 15718
      },
      "trim" : {
        "io_bytes" : 0,
        "io_kbytes" : 0,
        "bw_bytes" : 0,
        "bw" : 0,
        "iops" : 0.000000,
        "runtime" : 0,
        "total_ios" : 0,
        "short_ios" : 0,
        "drop_ios" : 0,
        "slat_ns" : {
          "min" : 0,
          "max" : 0,
          "mean" : 0.000000,
          "stddev" : 0.000000,
          "N" : 0
        },
        "clat_ns" : {
          "min" : 0,
          "max" : 0,
          "mean" : 0.000000,
          "stddev" : 0.000000,
          "N" : 0
        },
        "lat_ns" : {
          "min" : 0,
          "max" : 0,
          "mean" : 0.000000,
          "stddev" : 0.000000,
          "N" : 0
        },
        "bw_min" : 0,
        "bw_max" : 0,
        "bw_agg" : 0.000000,
        "bw_mean" : 0.000000,
        "bw_dev" : 0.000000,
        "bw_samples" : 0,
        "iops_min" : 0,
        "iops_max" : 0,
        "iops_mean" : 0.000000,
        "iops_stddev" : 0.000000,
        "iops_samples" : 0
      },
      "sync" : {
        "total_ios" : 0,
        "lat_ns" : {
          "min" : 0,
          "max" : 0,
          "mean" : 0.000000,
          "stddev" : 0.000000,
          "N" : 0
        }
      },
      "job_runtime" : 13440021,
      "usr_cpu" : 93.844816,
      "sys_cpu" : 4.999390,
      "ctx" : 382914,
      "majf" : 149592,
      "minf" : 5669948,
      "iodepth_level" : {
        "1" : 100.000000,
        "2" : 0.000000,
        "4" : 0.000000,
        "8" : 0.000000,
        "16" : 0.000000,
        "32" : 0.000000,
        ">=64" : 0.000000
      },
      "iodepth_submit" : {
        "0" : 0.000000,
        "4" : 100.000000,
        "8" : 0.000000,
        "16" : 0.000000,
        "32" : 0.000000,
        "64" : 0.000000,
        ">=64" : 0.000000
      },
      "iodepth_complete" : {
        "0" : 0.000000,
        "4" : 100.000000,
        "8" : 0.000000,
        "16" : 0.000000,
        "32" : 0.000000,
        "64" : 0.000000,
        ">=64" : 0.000000
      },
      "latency_ns" : {
        "2" : 0.000000,
        "4" : 0.000000,
        "10" : 0.000000,
        "20" : 0.000000,
        "50" : 0.000000,
        "100" : 0.010000,
        "250" : 0.038940,
        "500" : 0.051813,
        "750" : 0.435657,
        "1000" : 1.299444
      },
      "latency_us" : {
        "2" : 16.807767,
        "4" : 64.987637,
        "10" : 15.889663,
        "20" : 0.275767,
        "50" : 0.036655,
        "100" : 0.116273,
        "250" : 0.054498,
        "500" : 0.010000,
        "750" : 0.010000,
        "1000" : 0.010000
      },
      "latency_ms" : {
        "2" : 0.010000,
        "4" : 0.010000,
        "10" : 0.010000,
        "20" : 0.000000,
        "50" : 0.010000,
        "100" : 0.000000,
        "250" : 0.000000,
        "500" : 0.000000,
        "750" : 0.000000,
        "1000" : 0.000000,
        "2000" : 0.000000,
        ">=2000" : 0.000000
      },
      "latency_depth" : 1,
      "latency_target" : 0,
      "latency_percentile" : 100.000000,
      "latency_window" : 0
    }
  ],
  "disk_util" : [
    {
      "name" : "sdb",
      "read_ios" : 149630,
      "write_ios" : 39544,
      "read_sectors" : 1200088,
      "write_sectors" : 1927120,
      "read_merges" : 257,
      "write_merges" : 1233,
      "read_ticks" : 86142,
      "write_ticks" : 14939870,
      "in_queue" : 15026019,
      "util" : 1.955892
    }
  ]
}
