{
  "fio version" : "fio-3.40",
  "timestamp" : 1771879450,
  "timestamp_ms" : 1771879450578,
  "time" : "Mon Feb 23 21:44:10 2026",
  "global options" : {
    "group_reporting" : "",
    "ioengine" : "mmap",
    "size" : "768m",
    "thread" : "1",
    "directory" : "/tmp",
    "time_based" : "",
    "runtime" : "180",
    "norandommap" : "1",
    "filename" : "/tmp/fio_readwrite",
    "share_mmap" : "1",
    "repl" : "1"
  },
  "jobs" : [
    {
      "jobname" : "writers",
      "groupid" : 0,
      "job_start" : 1771879270474,
      "error" : 0,
      "eta" : 0,
      "elapsed" : 181,
      "job options" : {
        "rw" : "randread",
        "random_distribution" : "random",
        "numjobs" : "51"
      },
      "read" : {
        "io_bytes" : 15369261096960,
        "io_kbytes" : 15009044040,
        "bw_bytes" : 85383360815,
        "bw" : 83382188,
        "iops" : 20845547.074215,
        "runtime" : 180003,
        "total_ios" : 3752261010,
        "short_ios" : 0,
        "drop_ios" : 0,
        "slat_ns" : {
          "min" : 0,
          "max" : 0,
          "mean" : 0.000000,
          "stddev" : 0.000000,
          "N" : 0
        },
        "clat_ns" : {
          "min" : 125,
          "max" : 37969197,
          "mean" : 1757.385200,
          "stddev" : 12906.627870,
          "N" : 3752261010,
          "percentile" : {
            "1.000000" : 478,
            "5.000000" : 524,
            "10.000000" : 548,
            "20.000000" : 612,
            "30.000000" : 676,
            "40.000000" : 764,
            "50.000000" : 844,
            "60.000000" : 932,
            "70.000000" : 1048,
            "80.000000" : 1240,
            "90.000000" : 2544,
            "95.000000" : 3696,
            "99.000000" : 6368,
            "99.500000" : 63232,
            "99.900000" : 79360,
            "99.950000" : 88576,
            "99.990000" : 132096
          }
        },
        "lat_ns" : {
          "min" : 161,
          "max" : 37969248,
          "mean" : 1832.250720,
          "stddev" : 13013.306202,
          "N" : 3752261010
        },
        "bw_min" : 11191853,
        "bw_max" : 104249588,
        "bw_agg" : 100.000000,
        "bw_mean" : 84098239.013334,
        "bw_dev" : 261406.085056,
        "bw_samples" : 18165,
        "iops_min" : 2797949,
        "iops_max" : 26062384,
        "iops_mean" : 21024545.755332,
        "iops_stddev" : 65351.486820,
        "iops_samples" : 18165
      },
      "write" : {
        "io_bytes" : 132418486272,
        "io_kbytes" : 129314928,
        "bw_bytes" : 735650083,
        "bw" : 718408,
        "iops" : 179602.071088,
        "runtime" : 180002,
        "total_ios" : 32328732,
        "short_ios" : 0,
        "drop_ios" : 0,
        "slat_ns" : {
          "min" : 0,
          "max" : 0,
          "mean" : 0.000000,
          "stddev" : 0.000000,
          "N" : 0
        },
        "clat_ns" : {
          "min" : 180,
          "max" : 20159334,
          "mean" : 70924.013118,
          "stddev" : 56195.612687,
          "N" : 32328732,
          "percentile" : {
            "1.000000" : 2512,
            "5.000000" : 52992,
            "10.000000" : 56064,
            "20.000000" : 59136,
            "30.000000" : 61696,
            "40.000000" : 64256,
            "50.000000" : 67072,
            "60.000000" : 69120,
            "70.000000" : 73216,
            "80.000000" : 77312,
            "90.000000" : 86528,
            "95.000000" : 97792,
            "99.000000" : 138240,
            "99.500000" : 168960,
            "99.900000" : 536576,
            "99.950000" : 806912,
            "99.990000" : 2703360
          }
        },
        "lat_ns" : {
          "min" : 248,
          "max" : 20159475,
          "mean" : 71097.301083,
          "stddev" : 56231.385976,
          "N" : 32328732
        },
        "bw_min" : 145183,
        "bw_max" : 887173,
        "bw_agg" : 100.000000,
        "bw_mean" : 722835.196640,
        "bw_dev" : 6687.356303,
        "bw_samples" : 4643,
        "iops_min" : 36294,
        "iops_max" : 221792,
        "iops_mean" : 180705.837244,
        "iops_stddev" : 1671.826980,
        "iops_samples" : 4643
      },
      "trim" : {
        "io_bytes" : 0,
        "io_kbytes" : 0,
        "bw_bytes" : 0,
        "bw" : 0,
        "iops" : 0.000000,
        "runtime" : 0,
        "total_ios" : 0,
        "short_ios" : 0,
        "drop_ios" : 0,
        "slat_ns" : {
          "min" : 0,
          "max" : 0,
          "mean" : 0.000000,
          "stddev" : 0.000000,
          "N" : 0
        },
        "clat_ns" : {
          "min" : 0,
          "max" : 0,
          "mean" : 0.000000,
          "stddev" : 0.000000,
          "N" : 0
        },
        "lat_ns" : {
          "min" : 0,
          "max" : 0,
          "mean" : 0.000000,
          "stddev" : 0.000000,
          "N" : 0
        },
        "bw_min" : 0,
        "bw_max" : 0,
        "bw_agg" : 0.000000,
        "bw_mean" : 0.000000,
        "bw_dev" : 0.000000,
        "bw_samples" : 0,
        "iops_min" : 0,
        "iops_max" : 0,
        "iops_mean" : 0.000000,
        "iops_stddev" : 0.000000,
        "iops_samples" : 0
      },
      "sync" : {
        "total_ios" : 0,
        "lat_ns" : {
          "min" : 0,
          "max" : 0,
          "mean" : 0.000000,
          "stddev" : 0.000000,
          "N" : 0
        }
      },
      "job_runtime" : 11520010,
      "usr_cpu" : 60.120026,
      "sys_cpu" : 37.154681,
      "ctx" : 1191364,
      "majf" : 196632,
      "minf" : 63979299,
      "iodepth_level" : {
        "1" : 100.000000,
        "2" : 0.000000,
        "4" : 0.000000,
        "8" : 0.000000,
        "16" : 0.000000,
        "32" : 0.000000,
        ">=64" : 0.000000
      },
      "iodepth_submit" : {
        "0" : 0.000000,
        "4" : 100.000000,
        "8" : 0.000000,
        "16" : 0.000000,
        "32" : 0.000000,
        "64" : 0.000000,
        ">=64" : 0.000000
      },
      "iodepth_complete" : {
        "0" : 0.000000,
        "4" : 100.000000,
        "8" : 0.000000,
        "16" : 0.000000,
        "32" : 0.000000,
        "64" : 0.000000,
        ">=64" : 0.000000
      },
      "latency_ns" : {
        "2" : 0.000000,
        "4" : 0.000000,
        "10" : 0.000000,
        "20" : 0.000000,
        "50" : 0.000000,
        "100" : 0.000000,
        "250" : 0.030469,
        "500" : 2.431096,
        "750" : 36.012814,
        "1000" : 27.277917
      },
      "latency_us" : {
        "2" : 21.423278,
        "4" : 8.010751,
        "10" : 3.096212,
        "20" : 0.025245,
        "50" : 0.023992,
        "100" : 1.598111,
        "250" : 0.063934,
        "500" : 0.010000,
        "750" : 0.010000,
        "1000" : 0.010000
      },
      "latency_ms" : {
        "2" : 0.010000,
        "4" : 0.010000,
        "10" : 0.010000,
        "20" : 0.010000,
        "50" : 0.010000,
        "100" : 0.000000,
        "250" : 0.000000,
        "500" : 0.000000,
        "750" : 0.000000,
        "1000" : 0.000000,
        "2000" : 0.000000,
        ">=2000" : 0.000000
      },
      "latency_depth" : 1,
      "latency_target" : 0,
      "latency_percentile" : 100.000000,
      "latency_window" : 0
    }
  ],
  "disk_util" : [
    {
      "name" : "sda",
      "read_ios" : 196640,
      "write_ios" : 118694,
      "read_sectors" : 1574544,
      "write_sectors" : 18383424,
      "read_merges" : 178,
      "write_merges" : 643,
      "read_ticks" : 160340,
      "write_ticks" : 4557311,
      "in_queue" : 4717656,
      "util" : 14.354190
    }
  ]
}
