{
  "fio version" : "fio-3.40",
  "timestamp" : 1769079975,
  "timestamp_ms" : 1769079975575,
  "time" : "Thu Jan 22 12:06:15 2026",
  "global options" : {
    "group_reporting" : "",
    "ioengine" : "mmap",
    "size" : "768m",
    "thread" : "1",
    "directory" : "/tmp",
    "time_based" : "",
    "runtime" : "20",
    "norandommap" : "1",
    "filename" : "/tmp/fio_readwrite",
    "share_mmap" : "1",
    "repl" : "1"
  },
  "jobs" : [
    {
      "jobname" : "writers",
      "groupid" : 0,
      "job_start" : 1769079955471,
      "error" : 0,
      "eta" : 0,
      "elapsed" : 21,
      "job options" : {
        "rw" : "randread",
        "random_distribution" : "random",
        "numjobs" : "58"
      },
      "read" : {
        "io_bytes" : 1452126867456,
        "io_kbytes" : 1418092644,
        "bw_bytes" : 72595454054,
        "bw" : 70893998,
        "iops" : 17723499.525071,
        "runtime" : 20003,
        "total_ios" : 354523161,
        "short_ios" : 0,
        "drop_ios" : 0,
        "slat_ns" : {
          "min" : 0,
          "max" : 0,
          "mean" : 0.000000,
          "stddev" : 0.000000,
          "N" : 0
        },
        "clat_ns" : {
          "min" : 96,
          "max" : 16039183,
          "mean" : 2715.592396,
          "stddev" : 26248.022843,
          "N" : 354523161,
          "percentile" : {
            "1.000000" : 884,
            "5.000000" : 1256,
            "10.000000" : 1464,
            "20.000000" : 1704,
            "30.000000" : 1880,
            "40.000000" : 2024,
            "50.000000" : 2160,
            "60.000000" : 2320,
            "70.000000" : 2448,
            "80.000000" : 2640,
            "90.000000" : 2928,
            "95.000000" : 3184,
            "99.000000" : 3792,
            "99.500000" : 4192,
            "99.900000" : 31104,
            "99.950000" : 362496,
            "99.990000" : 1155072
          }
        },
        "lat_ns" : {
          "min" : 124,
          "max" : 16039235,
          "mean" : 2779.703718,
          "stddev" : 26334.853873,
          "N" : 354523161
        },
        "bw_min" : 304432,
        "bw_max" : 97521299,
        "bw_agg" : 99.699959,
        "bw_mean" : 70681287.615385,
        "bw_dev" : 495523.313185,
        "bw_samples" : 2262,
        "iops_min" : 76108,
        "iops_max" : 24380324,
        "iops_mean" : 17670313.794872,
        "iops_stddev" : 123880.777307,
        "iops_samples" : 2262
      },
      "write" : {
        "io_bytes" : 146268459008,
        "io_kbytes" : 142840292,
        "bw_bytes" : 7312691681,
        "bw" : 7141300,
        "iops" : 1785325.117488,
        "runtime" : 20002,
        "total_ios" : 35710073,
        "short_ios" : 0,
        "drop_ios" : 0,
        "slat_ns" : {
          "min" : 0,
          "max" : 0,
          "mean" : 0.000000,
          "stddev" : 0.000000,
          "N" : 0
        },
        "clat_ns" : {
          "min" : 96,
          "max" : 9563351,
          "mean" : 2793.294958,
          "stddev" : 25566.841362,
          "N" : 35710073,
          "percentile" : {
            "1.000000" : 900,
            "5.000000" : 1272,
            "10.000000" : 1512,
            "20.000000" : 1784,
            "30.000000" : 1960,
            "40.000000" : 2096,
            "50.000000" : 2256,
            "60.000000" : 2384,
            "70.000000" : 2512,
            "80.000000" : 2704,
            "90.000000" : 2928,
            "95.000000" : 3152,
            "99.000000" : 3856,
            "99.500000" : 10048,
            "99.900000" : 31360,
            "99.950000" : 378880,
            "99.990000" : 1138688
          }
        },
        "lat_ns" : {
          "min" : 136,
          "max" : 9563390,
          "mean" : 2868.426422,
          "stddev" : 25658.007237,
          "N" : 35710073
        },
        "bw_min" : 31416,
        "bw_max" : 9735408,
        "bw_agg" : 99.637692,
        "bw_mean" : 7115427.948718,
        "bw_dev" : 498855.349524,
        "bw_samples" : 234,
        "iops_min" : 7854,
        "iops_max" : 2433848,
        "iops_mean" : 1778855.692308,
        "iops_stddev" : 124713.709732,
        "iops_samples" : 234
      },
      "trim" : {
        "io_bytes" : 0,
        "io_kbytes" : 0,
        "bw_bytes" : 0,
        "bw" : 0,
        "iops" : 0.000000,
        "runtime" : 0,
        "total_ios" : 0,
        "short_ios" : 0,
        "drop_ios" : 0,
        "slat_ns" : {
          "min" : 0,
          "max" : 0,
          "mean" : 0.000000,
          "stddev" : 0.000000,
          "N" : 0
        },
        "clat_ns" : {
          "min" : 0,
          "max" : 0,
          "mean" : 0.000000,
          "stddev" : 0.000000,
          "N" : 0
        },
        "lat_ns" : {
          "min" : 0,
          "max" : 0,
          "mean" : 0.000000,
          "stddev" : 0.000000,
          "N" : 0
        },
        "bw_min" : 0,
        "bw_max" : 0,
        "bw_agg" : 0.000000,
        "bw_mean" : 0.000000,
        "bw_dev" : 0.000000,
        "bw_samples" : 0,
        "iops_min" : 0,
        "iops_max" : 0,
        "iops_mean" : 0.000000,
        "iops_stddev" : 0.000000,
        "iops_samples" : 0
      },
      "sync" : {
        "total_ios" : 0,
        "lat_ns" : {
          "min" : 0,
          "max" : 0,
          "mean" : 0.000000,
          "stddev" : 0.000000,
          "N" : 0
        }
      },
      "job_runtime" : 1280023,
      "usr_cpu" : 84.429733,
      "sys_cpu" : 0.301010,
      "ctx" : 223894,
      "majf" : 196612,
      "minf" : 180110,
      "iodepth_level" : {
        "1" : 100.000000,
        "2" : 0.000000,
        "4" : 0.000000,
        "8" : 0.000000,
        "16" : 0.000000,
        "32" : 0.000000,
        ">=64" : 0.000000
      },
      "iodepth_submit" : {
        "0" : 0.000000,
        "4" : 100.000000,
        "8" : 0.000000,
        "16" : 0.000000,
        "32" : 0.000000,
        "64" : 0.000000,
        ">=64" : 0.000000
      },
      "iodepth_complete" : {
        "0" : 0.000000,
        "4" : 100.000000,
        "8" : 0.000000,
        "16" : 0.000000,
        "32" : 0.000000,
        "64" : 0.000000,
        ">=64" : 0.000000
      },
      "latency_ns" : {
        "2" : 0.000000,
        "4" : 0.000000,
        "10" : 0.000000,
        "20" : 0.000000,
        "50" : 0.000000,
        "100" : 0.010000,
        "250" : 0.043257,
        "500" : 0.115352,
        "750" : 0.407069,
        "1000" : 1.095040
      },
      "latency_us" : {
        "2" : 36.187113,
        "4" : 61.475799,
        "10" : 0.371911,
        "20" : 0.194279,
        "50" : 0.055664,
        "100" : 0.010000,
        "250" : 0.010000,
        "500" : 0.010000,
        "750" : 0.014366,
        "1000" : 0.014426
      },
      "latency_ms" : {
        "2" : 0.013400,
        "4" : 0.010000,
        "10" : 0.010000,
        "20" : 0.010000,
        "50" : 0.000000,
        "100" : 0.000000,
        "250" : 0.000000,
        "500" : 0.000000,
        "750" : 0.000000,
        "1000" : 0.000000,
        "2000" : 0.000000,
        ">=2000" : 0.000000
      },
      "latency_depth" : 1,
      "latency_target" : 0,
      "latency_percentile" : 100.000000,
      "latency_window" : 0
    }
  ],
  "disk_util" : [
    {
      "name" : "sda",
      "read_ios" : 196566,
      "write_ios" : 580,
      "read_sectors" : 1573704,
      "write_sectors" : 4856,
      "read_merges" : 147,
      "write_merges" : 27,
      "read_ticks" : 172250,
      "write_ticks" : 419,
      "in_queue" : 172671,
      "util" : 11.754105
    }
  ]
}
