{
  "fio version" : "fio-3.40",
  "timestamp" : 1772058746,
  "timestamp_ms" : 1772058746086,
  "time" : "Wed Feb 25 23:32:26 2026",
  "global options" : {
    "group_reporting" : "",
    "ioengine" : "mmap",
    "size" : "768m",
    "thread" : "1",
    "directory" : "/tmp",
    "time_based" : "",
    "runtime" : "210",
    "norandommap" : "1",
    "filename" : "/tmp/fio_readwrite",
    "share_mmap" : "1",
    "repl" : "1"
  },
  "jobs" : [
    {
      "jobname" : "writers",
      "groupid" : 0,
      "job_start" : 1772058535908,
      "error" : 0,
      "eta" : 0,
      "elapsed" : 211,
      "job options" : {
        "rw" : "randread",
        "random_distribution" : "random",
        "numjobs" : "51"
      },
      "read" : {
        "io_bytes" : 19904338149376,
        "io_kbytes" : 19437830224,
        "bw_bytes" : 94781208598,
        "bw" : 92559774,
        "iops" : 23139943.505569,
        "runtime" : 210003,
        "total_ios" : 4859457556,
        "short_ios" : 0,
        "drop_ios" : 0,
        "slat_ns" : {
          "min" : 0,
          "max" : 0,
          "mean" : 0.000000,
          "stddev" : 0.000000,
          "N" : 0
        },
        "clat_ns" : {
          "min" : 97,
          "max" : 116025375,
          "mean" : 1685.958432,
          "stddev" : 15032.548556,
          "N" : 4859457556,
          "percentile" : {
            "1.000000" : 450,
            "5.000000" : 510,
            "10.000000" : 540,
            "20.000000" : 596,
            "30.000000" : 660,
            "40.000000" : 740,
            "50.000000" : 828,
            "60.000000" : 916,
            "70.000000" : 1032,
            "80.000000" : 1208,
            "90.000000" : 2352,
            "95.000000" : 3472,
            "99.000000" : 6112,
            "99.500000" : 62720,
            "99.900000" : 80384,
            "99.950000" : 91648,
            "99.990000" : 134144
          }
        },
        "lat_ns" : {
          "min" : 125,
          "max" : 116025415,
          "mean" : 1740.778360,
          "stddev" : 15120.352829,
          "N" : 4859457556
        },
        "bw_min" : 9451053,
        "bw_max" : 118054498,
        "bw_agg" : 100.000000,
        "bw_mean" : 93081611.182496,
        "bw_dev" : 259032.639282,
        "bw_samples" : 21281,
        "iops_min" : 2362764,
        "iops_max" : 29513621,
        "iops_mean" : 23270392.026306,
        "iops_stddev" : 64758.137594,
        "iops_samples" : 21281
      },
      "write" : {
        "io_bytes" : 155884326912,
        "io_kbytes" : 152230788,
        "bw_bytes" : 742299249,
        "bw" : 724901,
        "iops" : 181225.402615,
        "runtime" : 210002,
        "total_ios" : 38057697,
        "short_ios" : 0,
        "drop_ios" : 0,
        "slat_ns" : {
          "min" : 0,
          "max" : 0,
          "mean" : 0.000000,
          "stddev" : 0.000000,
          "N" : 0
        },
        "clat_ns" : {
          "min" : 125,
          "max" : 104138336,
          "mean" : 70294.585624,
          "stddev" : 68366.476451,
          "N" : 38057697,
          "percentile" : {
            "1.000000" : 18304,
            "5.000000" : 52992,
            "10.000000" : 55552,
            "20.000000" : 58624,
            "30.000000" : 61184,
            "40.000000" : 63744,
            "50.000000" : 66048,
            "60.000000" : 69120,
            "70.000000" : 72192,
            "80.000000" : 77312,
            "90.000000" : 85504,
            "95.000000" : 97792,
            "99.000000" : 140288,
            "99.500000" : 175104,
            "99.900000" : 374784,
            "99.950000" : 733184,
            "99.990000" : 2637824
          }
        },
        "lat_ns" : {
          "min" : 170,
          "max" : 104138483,
          "mean" : 70417.827856,
          "stddev" : 68386.907292,
          "N" : 38057697
        },
        "bw_min" : 191546,
        "bw_max" : 920383,
        "bw_agg" : 100.000000,
        "bw_mean" : 731848.996911,
        "bw_dev" : 5897.870277,
        "bw_samples" : 5403,
        "iops_min" : 47886,
        "iops_max" : 230095,
        "iops_mean" : 182959.780640,
        "iops_stddev" : 1474.455490,
        "iops_samples" : 5403
      },
      "trim" : {
        "io_bytes" : 0,
        "io_kbytes" : 0,
        "bw_bytes" : 0,
        "bw" : 0,
        "iops" : 0.000000,
        "runtime" : 0,
        "total_ios" : 0,
        "short_ios" : 0,
        "drop_ios" : 0,
        "slat_ns" : {
          "min" : 0,
          "max" : 0,
          "mean" : 0.000000,
          "stddev" : 0.000000,
          "N" : 0
        },
        "clat_ns" : {
          "min" : 0,
          "max" : 0,
          "mean" : 0.000000,
          "stddev" : 0.000000,
          "N" : 0
        },
        "lat_ns" : {
          "min" : 0,
          "max" : 0,
          "mean" : 0.000000,
          "stddev" : 0.000000,
          "N" : 0
        },
        "bw_min" : 0,
        "bw_max" : 0,
        "bw_agg" : 0.000000,
        "bw_mean" : 0.000000,
        "bw_dev" : 0.000000,
        "bw_samples" : 0,
        "iops_min" : 0,
        "iops_max" : 0,
        "iops_mean" : 0.000000,
        "iops_stddev" : 0.000000,
        "iops_samples" : 0
      },
      "sync" : {
        "total_ios" : 0,
        "lat_ns" : {
          "min" : 0,
          "max" : 0,
          "mean" : 0.000000,
          "stddev" : 0.000000,
          "N" : 0
        }
      },
      "job_runtime" : 13440023,
      "usr_cpu" : 59.568031,
      "sys_cpu" : 37.931349,
      "ctx" : 1013027,
      "majf" : 196635,
      "minf" : 75505910,
      "iodepth_level" : {
        "1" : 100.000000,
        "2" : 0.000000,
        "4" : 0.000000,
        "8" : 0.000000,
        "16" : 0.000000,
        "32" : 0.000000,
        ">=64" : 0.000000
      },
      "iodepth_submit" : {
        "0" : 0.000000,
        "4" : 100.000000,
        "8" : 0.000000,
        "16" : 0.000000,
        "32" : 0.000000,
        "64" : 0.000000,
        ">=64" : 0.000000
      },
      "iodepth_complete" : {
        "0" : 0.000000,
        "4" : 100.000000,
        "8" : 0.000000,
        "16" : 0.000000,
        "32" : 0.000000,
        "64" : 0.000000,
        ">=64" : 0.000000
      },
      "latency_ns" : {
        "2" : 0.000000,
        "4" : 0.000000,
        "10" : 0.000000,
        "20" : 0.000000,
        "50" : 0.000000,
        "100" : 0.010000,
        "250" : 0.052644,
        "500" : 3.790188,
        "750" : 36.592361,
        "1000" : 26.725097
      },
      "latency_us" : {
        "2" : 20.630108,
        "4" : 8.156380,
        "10" : 2.431816,
        "20" : 0.072338,
        "50" : 0.027538,
        "100" : 1.452391,
        "250" : 0.063941,
        "500" : 0.010000,
        "750" : 0.010000,
        "1000" : 0.010000
      },
      "latency_ms" : {
        "2" : 0.010000,
        "4" : 0.010000,
        "10" : 0.010000,
        "20" : 0.010000,
        "50" : 0.010000,
        "100" : 0.010000,
        "250" : 0.010000,
        "500" : 0.000000,
        "750" : 0.000000,
        "1000" : 0.000000,
        "2000" : 0.000000,
        ">=2000" : 0.000000
      },
      "latency_depth" : 1,
      "latency_target" : 0,
      "latency_percentile" : 100.000000,
      "latency_window" : 0
    }
  ],
  "disk_util" : [
    {
      "name" : "sdb",
      "read_ios" : 196691,
      "write_ios" : 83683,
      "read_sectors" : 1578392,
      "write_sectors" : 24838704,
      "read_merges" : 273,
      "write_merges" : 616,
      "read_ticks" : 172515,
      "write_ticks" : 6299745,
      "in_queue" : 6472266,
      "util" : 14.668695
    }
  ]
}
