{
  "fio version" : "fio-3.40",
  "timestamp" : 1764234132,
  "timestamp_ms" : 1764234132629,
  "time" : "Thu Nov 27 10:02:12 2025",
  "global options" : {
    "group_reporting" : "",
    "ioengine" : "mmap",
    "size" : "768m",
    "thread" : "1",
    "directory" : "/tmp",
    "time_based" : "",
    "runtime" : "120",
    "filename" : "/tmp/fio_readwrite",
    "share_mmap" : "1",
    "repl" : "1"
  },
  "jobs" : [
    {
      "jobname" : "writers",
      "groupid" : 0,
      "job_start" : 1764234012376,
      "error" : 0,
      "eta" : 0,
      "elapsed" : 121,
      "job options" : {
        "rw" : "randread",
        "random_distribution" : "zipf",
        "numjobs" : "38"
      },
      "read" : {
        "io_bytes" : 6618594738176,
        "io_kbytes" : 6463471424,
        "bw_bytes" : 55154036917,
        "bw" : 53861364,
        "iops" : 13465341.044316,
        "runtime" : 120002,
        "total_ios" : 1615867856,
        "short_ios" : 0,
        "drop_ios" : 0,
        "slat_ns" : {
          "min" : 0,
          "max" : 0,
          "mean" : 0.000000,
          "stddev" : 0.000000,
          "N" : 0
        },
        "clat_ns" : {
          "min" : 96,
          "max" : 64162558,
          "mean" : 2139.467612,
          "stddev" : 15512.683854,
          "N" : 1615867856,
          "percentile" : {
            "1.000000" : 113,
            "5.000000" : 127,
            "10.000000" : 141,
            "20.000000" : 161,
            "30.000000" : 187,
            "40.000000" : 227,
            "50.000000" : 342,
            "60.000000" : 510,
            "70.000000" : 620,
            "80.000000" : 780,
            "90.000000" : 1144,
            "95.000000" : 2992,
            "99.000000" : 71168,
            "99.500000" : 81408,
            "99.900000" : 116224,
            "99.950000" : 138240,
            "99.990000" : 261120
          }
        },
        "lat_ns" : {
          "min" : 123,
          "max" : 64162658,
          "mean" : 2197.691736,
          "stddev" : 15567.668095,
          "N" : 1615867856
        },
        "bw_min" : 395864,
        "bw_max" : 69679820,
        "bw_agg" : 100.000000,
        "bw_mean" : 54592998.588983,
        "bw_dev" : 300071.973028,
        "bw_samples" : 8968,
        "iops_min" : 98966,
        "iops_max" : 17419953,
        "iops_mean" : 13648242.237288,
        "iops_stddev" : 75017.980519,
        "iops_samples" : 8968
      },
      "write" : {
        "io_bytes" : 417801248768,
        "io_kbytes" : 408009032,
        "bw_bytes" : 3481648059,
        "bw" : 3400046,
        "iops" : 850011.733236,
        "runtime" : 120001,
        "total_ios" : 102002258,
        "short_ios" : 0,
        "drop_ios" : 0,
        "slat_ns" : {
          "min" : 0,
          "max" : 0,
          "mean" : 0.000000,
          "stddev" : 0.000000,
          "N" : 0
        },
        "clat_ns" : {
          "min" : 97,
          "max" : 16078384,
          "mean" : 29365.046579,
          "stddev" : 58017.023758,
          "N" : 102002258,
          "percentile" : {
            "1.000000" : 122,
            "5.000000" : 159,
            "10.000000" : 183,
            "20.000000" : 229,
            "30.000000" : 346,
            "40.000000" : 572,
            "50.000000" : 764,
            "60.000000" : 1208,
            "70.000000" : 61184,
            "80.000000" : 70144,
            "90.000000" : 81408,
            "95.000000" : 112128,
            "99.000000" : 156672,
            "99.500000" : 179200,
            "99.900000" : 382976,
            "99.950000" : 724992,
            "99.990000" : 1368064
          }
        },
        "lat_ns" : {
          "min" : 137,
          "max" : 16078445,
          "mean" : 29468.780909,
          "stddev" : 58038.262901,
          "N" : 102002258
        },
        "bw_min" : 262872,
        "bw_max" : 4321104,
        "bw_agg" : 100.000000,
        "bw_mean" : 3445960.614407,
        "bw_dev" : 19099.430865,
        "bw_samples" : 6136,
        "iops_min" : 65718,
        "iops_max" : 1080272,
        "iops_mean" : 861485.593220,
        "iops_stddev" : 4774.840515,
        "iops_samples" : 6136
      },
      "trim" : {
        "io_bytes" : 0,
        "io_kbytes" : 0,
        "bw_bytes" : 0,
        "bw" : 0,
        "iops" : 0.000000,
        "runtime" : 0,
        "total_ios" : 0,
        "short_ios" : 0,
        "drop_ios" : 0,
        "slat_ns" : {
          "min" : 0,
          "max" : 0,
          "mean" : 0.000000,
          "stddev" : 0.000000,
          "N" : 0
        },
        "clat_ns" : {
          "min" : 0,
          "max" : 0,
          "mean" : 0.000000,
          "stddev" : 0.000000,
          "N" : 0
        },
        "lat_ns" : {
          "min" : 0,
          "max" : 0,
          "mean" : 0.000000,
          "stddev" : 0.000000,
          "N" : 0
        },
        "bw_min" : 0,
        "bw_max" : 0,
        "bw_agg" : 0.000000,
        "bw_mean" : 0.000000,
        "bw_dev" : 0.000000,
        "bw_samples" : 0,
        "iops_min" : 0,
        "iops_max" : 0,
        "iops_mean" : 0.000000,
        "iops_stddev" : 0.000000,
        "iops_samples" : 0
      },
      "sync" : {
        "total_ios" : 0,
        "lat_ns" : {
          "min" : 0,
          "max" : 0,
          "mean" : 0.000000,
          "stddev" : 0.000000,
          "N" : 0
        }
      },
      "job_runtime" : 7680001,
      "usr_cpu" : 29.127145,
      "sys_cpu" : 67.266983,
      "ctx" : 448167,
      "majf" : 196588,
      "minf" : 66113150,
      "iodepth_level" : {
        "1" : 100.000000,
        "2" : 0.000000,
        "4" : 0.000000,
        "8" : 0.000000,
        "16" : 0.000000,
        "32" : 0.000000,
        ">=64" : 0.000000
      },
      "iodepth_submit" : {
        "0" : 0.000000,
        "4" : 100.000000,
        "8" : 0.000000,
        "16" : 0.000000,
        "32" : 0.000000,
        "64" : 0.000000,
        ">=64" : 0.000000
      },
      "iodepth_complete" : {
        "0" : 0.000000,
        "4" : 100.000000,
        "8" : 0.000000,
        "16" : 0.000000,
        "32" : 0.000000,
        "64" : 0.000000,
        ">=64" : 0.000000
      },
      "latency_ns" : {
        "2" : 0.000000,
        "4" : 0.000000,
        "10" : 0.000000,
        "20" : 0.000000,
        "50" : 0.000000,
        "100" : 0.010000,
        "250" : 41.709812,
        "500" : 15.952333,
        "750" : 18.827472,
        "1000" : 9.809504
      },
      "latency_us" : {
        "2" : 4.236662,
        "4" : 4.286450,
        "10" : 1.306192,
        "20" : 0.027654,
        "50" : 0.015974,
        "100" : 3.318060,
        "250" : 0.491250,
        "500" : 0.010000,
        "750" : 0.010000,
        "1000" : 0.010000
      },
      "latency_ms" : {
        "2" : 0.010000,
        "4" : 0.010000,
        "10" : 0.010000,
        "20" : 0.010000,
        "50" : 0.010000,
        "100" : 0.010000,
        "250" : 0.000000,
        "500" : 0.000000,
        "750" : 0.000000,
        "1000" : 0.000000,
        "2000" : 0.000000,
        ">=2000" : 0.000000
      },
      "latency_depth" : 1,
      "latency_target" : 0,
      "latency_percentile" : 100.000000,
      "latency_window" : 0
    }
  ],
  "disk_util" : [
    {
      "name" : "sda",
      "read_ios" : 196627,
      "write_ios" : 124109,
      "read_sectors" : 1577952,
      "write_sectors" : 12731616,
      "read_merges" : 378,
      "write_merges" : 1367,
      "read_ticks" : 144321,
      "write_ticks" : 1639987,
      "in_queue" : 1784311,
      "util" : 17.999349
    }
  ]
}
