{
  "fio version" : "fio-3.40",
  "timestamp" : 1771987213,
  "timestamp_ms" : 1771987213372,
  "time" : "Wed Feb 25 03:40:13 2026",
  "global options" : {
    "group_reporting" : "",
    "ioengine" : "mmap",
    "size" : "768m",
    "thread" : "1",
    "directory" : "/tmp",
    "time_based" : "",
    "runtime" : "180",
    "norandommap" : "1",
    "filename" : "/tmp/fio_readwrite",
    "share_mmap" : "1",
    "repl" : "1"
  },
  "jobs" : [
    {
      "jobname" : "writers",
      "groupid" : 0,
      "job_start" : 1771987033211,
      "error" : 0,
      "eta" : 0,
      "elapsed" : 181,
      "job options" : {
        "rw" : "randread",
        "random_distribution" : "random",
        "numjobs" : "58"
      },
      "read" : {
        "io_bytes" : 14045921222656,
        "io_kbytes" : 13716719944,
        "bw_bytes" : 78031595154,
        "bw" : 76202729,
        "iops" : 19050682.410849,
        "runtime" : 180003,
        "total_ios" : 3429179986,
        "short_ios" : 0,
        "drop_ios" : 0,
        "slat_ns" : {
          "min" : 0,
          "max" : 0,
          "mean" : 0.000000,
          "stddev" : 0.000000,
          "N" : 0
        },
        "clat_ns" : {
          "min" : 125,
          "max" : 108035165,
          "mean" : 2376.731008,
          "stddev" : 11982.065649,
          "N" : 3429179986,
          "percentile" : {
            "1.000000" : 892,
            "5.000000" : 1272,
            "10.000000" : 1480,
            "20.000000" : 1720,
            "30.000000" : 1896,
            "40.000000" : 2064,
            "50.000000" : 2224,
            "60.000000" : 2416,
            "70.000000" : 2608,
            "80.000000" : 2832,
            "90.000000" : 3216,
            "95.000000" : 3568,
            "99.000000" : 4448,
            "99.500000" : 4768,
            "99.900000" : 5792,
            "99.950000" : 14400,
            "99.990000" : 23424
          }
        },
        "lat_ns" : {
          "min" : 161,
          "max" : 108035226,
          "mean" : 2448.323568,
          "stddev" : 12091.587153,
          "N" : 3429179986
        },
        "bw_min" : 144256,
        "bw_max" : 88014100,
        "bw_agg" : 100.000000,
        "bw_mean" : 76910978.261236,
        "bw_dev" : 185789.019644,
        "bw_samples" : 20648,
        "iops_min" : 36064,
        "iops_max" : 22003512,
        "iops_mean" : 19227734.390449,
        "iops_stddev" : 46447.234348,
        "iops_samples" : 20648
      },
      "write" : {
        "io_bytes" : 1316382982144,
        "io_kbytes" : 1285530256,
        "bw_bytes" : 7313116904,
        "bw" : 7141715,
        "iops" : 1785428.931740,
        "runtime" : 180003,
        "total_ios" : 321382564,
        "short_ios" : 0,
        "drop_ios" : 0,
        "slat_ns" : {
          "min" : 0,
          "max" : 0,
          "mean" : 0.000000,
          "stddev" : 0.000000,
          "N" : 0
        },
        "clat_ns" : {
          "min" : 126,
          "max" : 112031136,
          "mean" : 2586.561034,
          "stddev" : 17122.307022,
          "N" : 321382564,
          "percentile" : {
            "1.000000" : 956,
            "5.000000" : 1320,
            "10.000000" : 1528,
            "20.000000" : 1800,
            "30.000000" : 1992,
            "40.000000" : 2160,
            "50.000000" : 2320,
            "60.000000" : 2480,
            "70.000000" : 2672,
            "80.000000" : 2896,
            "90.000000" : 3280,
            "95.000000" : 3664,
            "99.000000" : 6432,
            "99.500000" : 12480,
            "99.900000" : 21632,
            "99.950000" : 54016,
            "99.990000" : 102912
          }
        },
        "lat_ns" : {
          "min" : 175,
          "max" : 112031238,
          "mean" : 2685.945833,
          "stddev" : 17274.933236,
          "N" : 321382564
        },
        "bw_min" : 14744,
        "bw_max" : 8389929,
        "bw_agg" : 100.000000,
        "bw_mean" : 7208734.991573,
        "bw_dev" : 187658.129866,
        "bw_samples" : 2136,
        "iops_min" : 3686,
        "iops_max" : 2097481,
        "iops_mean" : 1802182.758427,
        "iops_stddev" : 46914.513159,
        "iops_samples" : 2136
      },
      "trim" : {
        "io_bytes" : 0,
        "io_kbytes" : 0,
        "bw_bytes" : 0,
        "bw" : 0,
        "iops" : 0.000000,
        "runtime" : 0,
        "total_ios" : 0,
        "short_ios" : 0,
        "drop_ios" : 0,
        "slat_ns" : {
          "min" : 0,
          "max" : 0,
          "mean" : 0.000000,
          "stddev" : 0.000000,
          "N" : 0
        },
        "clat_ns" : {
          "min" : 0,
          "max" : 0,
          "mean" : 0.000000,
          "stddev" : 0.000000,
          "N" : 0
        },
        "lat_ns" : {
          "min" : 0,
          "max" : 0,
          "mean" : 0.000000,
          "stddev" : 0.000000,
          "N" : 0
        },
        "bw_min" : 0,
        "bw_max" : 0,
        "bw_agg" : 0.000000,
        "bw_mean" : 0.000000,
        "bw_dev" : 0.000000,
        "bw_samples" : 0,
        "iops_min" : 0,
        "iops_max" : 0,
        "iops_mean" : 0.000000,
        "iops_stddev" : 0.000000,
        "iops_samples" : 0
      },
      "sync" : {
        "total_ios" : 0,
        "lat_ns" : {
          "min" : 0,
          "max" : 0,
          "mean" : 0.000000,
          "stddev" : 0.000000,
          "N" : 0
        }
      },
      "job_runtime" : 11520021,
      "usr_cpu" : 96.219694,
      "sys_cpu" : 0.465720,
      "ctx" : 761965,
      "majf" : 196608,
      "minf" : 3008680,
      "iodepth_level" : {
        "1" : 100.000000,
        "2" : 0.000000,
        "4" : 0.000000,
        "8" : 0.000000,
        "16" : 0.000000,
        "32" : 0.000000,
        ">=64" : 0.000000
      },
      "iodepth_submit" : {
        "0" : 0.000000,
        "4" : 100.000000,
        "8" : 0.000000,
        "16" : 0.000000,
        "32" : 0.000000,
        "64" : 0.000000,
        ">=64" : 0.000000
      },
      "iodepth_complete" : {
        "0" : 0.000000,
        "4" : 100.000000,
        "8" : 0.000000,
        "16" : 0.000000,
        "32" : 0.000000,
        "64" : 0.000000,
        ">=64" : 0.000000
      },
      "latency_ns" : {
        "2" : 0.000000,
        "4" : 0.000000,
        "10" : 0.000000,
        "20" : 0.000000,
        "50" : 0.000000,
        "100" : 0.000000,
        "250" : 0.028450,
        "500" : 0.050010,
        "750" : 0.361485,
        "1000" : 1.219118
      },
      "latency_us" : {
        "2" : 33.847302,
        "4" : 62.185827,
        "10" : 2.182195,
        "20" : 0.104339,
        "50" : 0.010000,
        "100" : 0.010000,
        "250" : 0.010000,
        "500" : 0.010000,
        "750" : 0.010000,
        "1000" : 0.010000
      },
      "latency_ms" : {
        "2" : 0.010000,
        "4" : 0.010000,
        "10" : 0.010000,
        "20" : 0.010000,
        "50" : 0.010000,
        "100" : 0.010000,
        "250" : 0.010000,
        "500" : 0.000000,
        "750" : 0.000000,
        "1000" : 0.000000,
        "2000" : 0.000000,
        ">=2000" : 0.000000
      },
      "latency_depth" : 1,
      "latency_target" : 0,
      "latency_percentile" : 100.000000,
      "latency_window" : 0
    }
  ],
  "disk_util" : [
    {
      "name" : "sda",
      "read_ios" : 196575,
      "write_ios" : 131556,
      "read_sectors" : 1574208,
      "write_sectors" : 23459984,
      "read_merges" : 201,
      "write_merges" : 10259,
      "read_ticks" : 158206,
      "write_ticks" : 55469544,
      "in_queue" : 55627757,
      "util" : 14.026298
    }
  ]
}
