{
  "fio version" : "fio-3.40",
  "timestamp" : 1772049255,
  "timestamp_ms" : 1772049255453,
  "time" : "Wed Feb 25 20:54:15 2026",
  "global options" : {
    "group_reporting" : "",
    "ioengine" : "mmap",
    "size" : "768m",
    "thread" : "1",
    "directory" : "/tmp",
    "time_based" : "",
    "runtime" : "210",
    "norandommap" : "1",
    "filename" : "/tmp/fio_readwrite",
    "share_mmap" : "1",
    "repl" : "1"
  },
  "jobs" : [
    {
      "jobname" : "readers",
      "groupid" : 0,
      "job_start" : 1772049045273,
      "error" : 0,
      "eta" : 0,
      "elapsed" : 211,
      "job options" : {
        "rw" : "randread",
        "random_distribution" : "random",
        "numjobs" : "64"
      },
      "read" : {
        "io_bytes" : 21292586098688,
        "io_kbytes" : 20793541112,
        "bw_bytes" : 101391818682,
        "bw" : 99015447,
        "iops" : 24753861.982924,
        "runtime" : 210003,
        "total_ios" : 5198385278,
        "short_ios" : 0,
        "drop_ios" : 0,
        "slat_ns" : {
          "min" : 0,
          "max" : 0,
          "mean" : 0.000000,
          "stddev" : 0.000000,
          "N" : 0
        },
        "clat_ns" : {
          "min" : 97,
          "max" : 45580268,
          "mean" : 2114.715217,
          "stddev" : 8023.680697,
          "N" : 5198385278,
          "percentile" : {
            "1.000000" : 732,
            "5.000000" : 1096,
            "10.000000" : 1272,
            "20.000000" : 1496,
            "30.000000" : 1672,
            "40.000000" : 1832,
            "50.000000" : 1992,
            "60.000000" : 2160,
            "70.000000" : 2352,
            "80.000000" : 2608,
            "90.000000" : 2960,
            "95.000000" : 3280,
            "99.000000" : 3856,
            "99.500000" : 4128,
            "99.900000" : 13760,
            "99.950000" : 16768,
            "99.990000" : 19072
          }
        },
        "lat_ns" : {
          "min" : 125,
          "max" : 45580341,
          "mean" : 2166.442228,
          "stddev" : 8027.479174,
          "N" : 5198385278
        },
        "bw_min" : 5462848,
        "bw_max" : 120553443,
        "bw_agg" : 100.000000,
        "bw_mean" : 99396606.384587,
        "bw_dev" : 192535.775288,
        "bw_samples" : 26736,
        "iops_min" : 1365710,
        "iops_max" : 30138351,
        "iops_mean" : 24849137.085983,
        "iops_stddev" : 48133.916363,
        "iops_samples" : 26736
      },
      "write" : {
        "io_bytes" : 0,
        "io_kbytes" : 0,
        "bw_bytes" : 0,
        "bw" : 0,
        "iops" : 0.000000,
        "runtime" : 0,
        "total_ios" : 0,
        "short_ios" : 0,
        "drop_ios" : 0,
        "slat_ns" : {
          "min" : 0,
          "max" : 0,
          "mean" : 0.000000,
          "stddev" : 0.000000,
          "N" : 0
        },
        "clat_ns" : {
          "min" : 0,
          "max" : 0,
          "mean" : 0.000000,
          "stddev" : 0.000000,
          "N" : 0
        },
        "lat_ns" : {
          "min" : 0,
          "max" : 0,
          "mean" : 0.000000,
          "stddev" : 0.000000,
          "N" : 0
        },
        "bw_min" : 0,
        "bw_max" : 0,
        "bw_agg" : 0.000000,
        "bw_mean" : 0.000000,
        "bw_dev" : 0.000000,
        "bw_samples" : 0,
        "iops_min" : 0,
        "iops_max" : 0,
        "iops_mean" : 0.000000,
        "iops_stddev" : 0.000000,
        "iops_samples" : 0
      },
      "trim" : {
        "io_bytes" : 0,
        "io_kbytes" : 0,
        "bw_bytes" : 0,
        "bw" : 0,
        "iops" : 0.000000,
        "runtime" : 0,
        "total_ios" : 0,
        "short_ios" : 0,
        "drop_ios" : 0,
        "slat_ns" : {
          "min" : 0,
          "max" : 0,
          "mean" : 0.000000,
          "stddev" : 0.000000,
          "N" : 0
        },
        "clat_ns" : {
          "min" : 0,
          "max" : 0,
          "mean" : 0.000000,
          "stddev" : 0.000000,
          "N" : 0
        },
        "lat_ns" : {
          "min" : 0,
          "max" : 0,
          "mean" : 0.000000,
          "stddev" : 0.000000,
          "N" : 0
        },
        "bw_min" : 0,
        "bw_max" : 0,
        "bw_agg" : 0.000000,
        "bw_mean" : 0.000000,
        "bw_dev" : 0.000000,
        "bw_samples" : 0,
        "iops_min" : 0,
        "iops_max" : 0,
        "iops_mean" : 0.000000,
        "iops_stddev" : 0.000000,
        "iops_samples" : 0
      },
      "sync" : {
        "total_ios" : 0,
        "lat_ns" : {
          "min" : 0,
          "max" : 0,
          "mean" : 0.000000,
          "stddev" : 0.000000,
          "N" : 0
        }
      },
      "job_runtime" : 13440014,
      "usr_cpu" : 98.099890,
      "sys_cpu" : 0.078460,
      "ctx" : 690682,
      "majf" : 196641,
      "minf" : 73675,
      "iodepth_level" : {
        "1" : 100.000000,
        "2" : 0.000000,
        "4" : 0.000000,
        "8" : 0.000000,
        "16" : 0.000000,
        "32" : 0.000000,
        ">=64" : 0.000000
      },
      "iodepth_submit" : {
        "0" : 0.000000,
        "4" : 100.000000,
        "8" : 0.000000,
        "16" : 0.000000,
        "32" : 0.000000,
        "64" : 0.000000,
        ">=64" : 0.000000
      },
      "iodepth_complete" : {
        "0" : 0.000000,
        "4" : 100.000000,
        "8" : 0.000000,
        "16" : 0.000000,
        "32" : 0.000000,
        "64" : 0.000000,
        ">=64" : 0.000000
      },
      "latency_ns" : {
        "2" : 0.000000,
        "4" : 0.000000,
        "10" : 0.000000,
        "20" : 0.000000,
        "50" : 0.000000,
        "100" : 0.010000,
        "250" : 0.048596,
        "500" : 0.124587,
        "750" : 0.904625,
        "1000" : 2.366982
      },
      "latency_us" : {
        "2" : 47.480959,
        "4" : 48.361189,
        "10" : 0.556062,
        "20" : 0.147939,
        "50" : 0.010000,
        "100" : 0.010000,
        "250" : 0.010000,
        "500" : 0.010000,
        "750" : 0.010000,
        "1000" : 0.010000
      },
      "latency_ms" : {
        "2" : 0.010000,
        "4" : 0.010000,
        "10" : 0.010000,
        "20" : 0.010000,
        "50" : 0.010000,
        "100" : 0.000000,
        "250" : 0.000000,
        "500" : 0.000000,
        "750" : 0.000000,
        "1000" : 0.000000,
        "2000" : 0.000000,
        ">=2000" : 0.000000
      },
      "latency_depth" : 1,
      "latency_target" : 0,
      "latency_percentile" : 100.000000,
      "latency_window" : 0
    }
  ],
  "disk_util" : [
    {
      "name" : "sdb",
      "read_ios" : 196601,
      "write_ios" : 38154,
      "read_sectors" : 1574184,
      "write_sectors" : 1576136,
      "read_merges" : 171,
      "write_merges" : 733,
      "read_ticks" : 194456,
      "write_ticks" : 64023,
      "in_queue" : 258486,
      "util" : 1.917738
    }
  ]
}
