{
  "fio version" : "fio-3.40",
  "timestamp" : 1769463271,
  "timestamp_ms" : 1769463271712,
  "time" : "Mon Jan 26 22:34:31 2026",
  "global options" : {
    "group_reporting" : "",
    "ioengine" : "mmap",
    "size" : "768m",
    "thread" : "1",
    "directory" : "/tmp",
    "time_based" : "",
    "runtime" : "180",
    "norandommap" : "1",
    "filename" : "/tmp/fio_readwrite",
    "share_mmap" : "1",
    "repl" : "1"
  },
  "jobs" : [
    {
      "jobname" : "writers",
      "groupid" : 0,
      "job_start" : 1769463091604,
      "error" : 0,
      "eta" : 0,
      "elapsed" : 181,
      "job options" : {
        "rw" : "randread",
        "random_distribution" : "random",
        "numjobs" : "54"
      },
      "read" : {
        "io_bytes" : 19127145844736,
        "io_kbytes" : 18678853364,
        "bw_bytes" : 106260740684,
        "bw" : 103770254,
        "iops" : 25942563.643737,
        "runtime" : 180002,
        "total_ios" : 4669713341,
        "short_ios" : 0,
        "drop_ios" : 0,
        "slat_ns" : {
          "min" : 0,
          "max" : 0,
          "mean" : 0.000000,
          "stddev" : 0.000000,
          "N" : 0
        },
        "clat_ns" : {
          "min" : 96,
          "max" : 39324510,
          "mean" : 1546.562574,
          "stddev" : 11810.266040,
          "N" : 4669713341,
          "percentile" : {
            "1.000000" : 462,
            "5.000000" : 524,
            "10.000000" : 556,
            "20.000000" : 620,
            "30.000000" : 692,
            "40.000000" : 772,
            "50.000000" : 860,
            "60.000000" : 948,
            "70.000000" : 1064,
            "80.000000" : 1256,
            "90.000000" : 2320,
            "95.000000" : 3408,
            "99.000000" : 5216,
            "99.500000" : 54016,
            "99.900000" : 71168,
            "99.950000" : 78336,
            "99.990000" : 113152
          }
        },
        "lat_ns" : {
          "min" : 124,
          "max" : 39324565,
          "mean" : 1604.003733,
          "stddev" : 11902.928671,
          "N" : 4669713341
        },
        "bw_min" : 9906257,
        "bw_max" : 129590943,
        "bw_agg" : 100.000000,
        "bw_mean" : 104351002.055854,
        "bw_dev" : 312159.472933,
        "bw_samples" : 19298,
        "iops_min" : 2476560,
        "iops_max" : 32397716,
        "iops_mean" : 26087736.587944,
        "iops_stddev" : 78039.840056,
        "iops_samples" : 19298
      },
      "write" : {
        "io_bytes" : 111041691648,
        "io_kbytes" : 108439152,
        "bw_bytes" : 616891432,
        "bw" : 602433,
        "iops" : 150608.259908,
        "runtime" : 180002,
        "total_ios" : 27109788,
        "short_ios" : 0,
        "drop_ios" : 0,
        "slat_ns" : {
          "min" : 0,
          "max" : 0,
          "mean" : 0.000000,
          "stddev" : 0.000000,
          "N" : 0
        },
        "clat_ns" : {
          "min" : 130,
          "max" : 19967443,
          "mean" : 65303.978796,
          "stddev" : 58207.470410,
          "N" : 27109788,
          "percentile" : {
            "1.000000" : 30336,
            "5.000000" : 50432,
            "10.000000" : 52992,
            "20.000000" : 55552,
            "30.000000" : 58112,
            "40.000000" : 60160,
            "50.000000" : 61696,
            "60.000000" : 63744,
            "70.000000" : 66048,
            "80.000000" : 70144,
            "90.000000" : 76288,
            "95.000000" : 84480,
            "99.000000" : 123392,
            "99.500000" : 152576,
            "99.900000" : 528384,
            "99.950000" : 897024,
            "99.990000" : 2965504
          }
        },
        "lat_ns" : {
          "min" : 189,
          "max" : 19967526,
          "mean" : 65431.256321,
          "stddev" : 58218.526135,
          "N" : 27109788
        },
        "bw_min" : 92830,
        "bw_max" : 764560,
        "bw_agg" : 100.000000,
        "bw_mean" : 604898.260278,
        "bw_dev" : 7178.997437,
        "bw_samples" : 3579,
        "iops_min" : 23207,
        "iops_max" : 191137,
        "iops_mean" : 151222.296473,
        "iops_stddev" : 1794.731726,
        "iops_samples" : 3579
      },
      "trim" : {
        "io_bytes" : 0,
        "io_kbytes" : 0,
        "bw_bytes" : 0,
        "bw" : 0,
        "iops" : 0.000000,
        "runtime" : 0,
        "total_ios" : 0,
        "short_ios" : 0,
        "drop_ios" : 0,
        "slat_ns" : {
          "min" : 0,
          "max" : 0,
          "mean" : 0.000000,
          "stddev" : 0.000000,
          "N" : 0
        },
        "clat_ns" : {
          "min" : 0,
          "max" : 0,
          "mean" : 0.000000,
          "stddev" : 0.000000,
          "N" : 0
        },
        "lat_ns" : {
          "min" : 0,
          "max" : 0,
          "mean" : 0.000000,
          "stddev" : 0.000000,
          "N" : 0
        },
        "bw_min" : 0,
        "bw_max" : 0,
        "bw_agg" : 0.000000,
        "bw_mean" : 0.000000,
        "bw_dev" : 0.000000,
        "bw_samples" : 0,
        "iops_min" : 0,
        "iops_max" : 0,
        "iops_mean" : 0.000000,
        "iops_stddev" : 0.000000,
        "iops_samples" : 0
      },
      "sync" : {
        "total_ios" : 0,
        "lat_ns" : {
          "min" : 0,
          "max" : 0,
          "mean" : 0.000000,
          "stddev" : 0.000000,
          "N" : 0
        }
      },
      "job_runtime" : 11520007,
      "usr_cpu" : 68.130801,
      "sys_cpu" : 29.060842,
      "ctx" : 732930,
      "majf" : 196626,
      "minf" : 53970907,
      "iodepth_level" : {
        "1" : 100.000000,
        "2" : 0.000000,
        "4" : 0.000000,
        "8" : 0.000000,
        "16" : 0.000000,
        "32" : 0.000000,
        ">=64" : 0.000000
      },
      "iodepth_submit" : {
        "0" : 0.000000,
        "4" : 100.000000,
        "8" : 0.000000,
        "16" : 0.000000,
        "32" : 0.000000,
        "64" : 0.000000,
        ">=64" : 0.000000
      },
      "iodepth_complete" : {
        "0" : 0.000000,
        "4" : 100.000000,
        "8" : 0.000000,
        "16" : 0.000000,
        "32" : 0.000000,
        "64" : 0.000000,
        ">=64" : 0.000000
      },
      "latency_ns" : {
        "2" : 0.000000,
        "4" : 0.000000,
        "10" : 0.000000,
        "20" : 0.000000,
        "50" : 0.000000,
        "100" : 0.010000,
        "250" : 0.049802,
        "500" : 2.567792,
        "750" : 34.478938,
        "1000" : 27.568381
      },
      "latency_us" : {
        "2" : 23.392872,
        "4" : 8.484462,
        "10" : 2.206494,
        "20" : 0.094202,
        "50" : 0.051855,
        "100" : 1.073168,
        "250" : 0.027130,
        "500" : 0.010000,
        "750" : 0.010000,
        "1000" : 0.010000
      },
      "latency_ms" : {
        "2" : 0.010000,
        "4" : 0.010000,
        "10" : 0.010000,
        "20" : 0.010000,
        "50" : 0.010000,
        "100" : 0.000000,
        "250" : 0.000000,
        "500" : 0.000000,
        "750" : 0.000000,
        "1000" : 0.000000,
        "2000" : 0.000000,
        ">=2000" : 0.000000
      },
      "latency_depth" : 1,
      "latency_target" : 0,
      "latency_percentile" : 100.000000,
      "latency_window" : 0
    }
  ],
  "disk_util" : [
    {
      "name" : "sda",
      "read_ios" : 196610,
      "write_ios" : 221642,
      "read_sectors" : 1574376,
      "write_sectors" : 22526608,
      "read_merges" : 187,
      "write_merges" : 925,
      "read_ticks" : 183685,
      "write_ticks" : 4128564,
      "in_queue" : 4312258,
      "util" : 18.541837
    }
  ]
}
