{
  "fio version" : "fio-3.40",
  "timestamp" : 1764781530,
  "timestamp_ms" : 1764781530102,
  "time" : "Wed Dec  3 18:05:30 2025",
  "global options" : {
    "group_reporting" : "",
    "ioengine" : "mmap",
    "size" : "768m",
    "thread" : "1",
    "directory" : "/tmp",
    "time_based" : "",
    "runtime" : "180",
    "norandommap" : "1",
    "filename" : "/tmp/fio_readwrite",
    "share_mmap" : "1",
    "repl" : "1"
  },
  "jobs" : [
    {
      "jobname" : "writers",
      "groupid" : 0,
      "job_start" : 1764781349878,
      "error" : 0,
      "eta" : 0,
      "elapsed" : 181,
      "job options" : {
        "rw" : "randread",
        "random_distribution" : "random",
        "numjobs" : "6"
      },
      "read" : {
        "io_bytes" : 1071362306048,
        "io_kbytes" : 1046252252,
        "bw_bytes" : 5951880547,
        "bw" : 5812383,
        "iops" : 1453095.836759,
        "runtime" : 180004,
        "total_ios" : 261563063,
        "short_ios" : 0,
        "drop_ios" : 0,
        "slat_ns" : {
          "min" : 0,
          "max" : 0,
          "mean" : 0.000000,
          "stddev" : 0.000000,
          "N" : 0
        },
        "clat_ns" : {
          "min" : 99,
          "max" : 27375209,
          "mean" : 3218.318096,
          "stddev" : 13275.853402,
          "N" : 261563063,
          "percentile" : {
            "1.000000" : 1112,
            "5.000000" : 1608,
            "10.000000" : 1928,
            "20.000000" : 2288,
            "30.000000" : 2576,
            "40.000000" : 2800,
            "50.000000" : 3024,
            "60.000000" : 3248,
            "70.000000" : 3536,
            "80.000000" : 3856,
            "90.000000" : 4320,
            "95.000000" : 4832,
            "99.000000" : 6048,
            "99.500000" : 6816,
            "99.900000" : 18560,
            "99.950000" : 20096,
            "99.990000" : 43264
          }
        },
        "lat_ns" : {
          "min" : 127,
          "max" : 27375242,
          "mean" : 3276.371667,
          "stddev" : 13303.844723,
          "N" : 261563063
        },
        "bw_min" : 21584,
        "bw_max" : 7399832,
        "bw_agg" : 100.000000,
        "bw_mean" : 5900111.398305,
        "bw_dev" : 158880.201261,
        "bw_samples" : 2124,
        "iops_min" : 5396,
        "iops_max" : 1849960,
        "iops_mean" : 1475026.550847,
        "iops_stddev" : 39720.012552,
        "iops_samples" : 2124
      },
      "write" : {
        "io_bytes" : 9767562387456,
        "io_kbytes" : 9538635144,
        "bw_bytes" : 54263029640,
        "bw" : 52991239,
        "iops" : 13247809.970890,
        "runtime" : 180004,
        "total_ios" : 2384658786,
        "short_ios" : 0,
        "drop_ios" : 0,
        "slat_ns" : {
          "min" : 0,
          "max" : 0,
          "mean" : 0.000000,
          "stddev" : 0.000000,
          "N" : 0
        },
        "clat_ns" : {
          "min" : 95,
          "max" : 62696213,
          "mean" : 3133.160942,
          "stddev" : 18707.296105,
          "N" : 2384658786,
          "percentile" : {
            "1.000000" : 1048,
            "5.000000" : 1496,
            "10.000000" : 1768,
            "20.000000" : 2096,
            "30.000000" : 2352,
            "40.000000" : 2576,
            "50.000000" : 2800,
            "60.000000" : 3056,
            "70.000000" : 3312,
            "80.000000" : 3664,
            "90.000000" : 4192,
            "95.000000" : 4704,
            "99.000000" : 5920,
            "99.500000" : 6816,
            "99.900000" : 22656,
            "99.950000" : 85504,
            "99.990000" : 296960
          }
        },
        "lat_ns" : {
          "min" : 135,
          "max" : 62696270,
          "mean" : 3259.077333,
          "stddev" : 18932.602977,
          "N" : 2384658786
        },
        "bw_min" : 207152,
        "bw_max" : 70526835,
        "bw_agg" : 100.000000,
        "bw_mean" : 53790705.926554,
        "bw_dev" : 145890.138197,
        "bw_samples" : 20532,
        "iops_min" : 51788,
        "iops_max" : 17631713,
        "iops_mean" : 13447664.451977,
        "iops_stddev" : 36472.511092,
        "iops_samples" : 20532
      },
      "trim" : {
        "io_bytes" : 0,
        "io_kbytes" : 0,
        "bw_bytes" : 0,
        "bw" : 0,
        "iops" : 0.000000,
        "runtime" : 0,
        "total_ios" : 0,
        "short_ios" : 0,
        "drop_ios" : 0,
        "slat_ns" : {
          "min" : 0,
          "max" : 0,
          "mean" : 0.000000,
          "stddev" : 0.000000,
          "N" : 0
        },
        "clat_ns" : {
          "min" : 0,
          "max" : 0,
          "mean" : 0.000000,
          "stddev" : 0.000000,
          "N" : 0
        },
        "lat_ns" : {
          "min" : 0,
          "max" : 0,
          "mean" : 0.000000,
          "stddev" : 0.000000,
          "N" : 0
        },
        "bw_min" : 0,
        "bw_max" : 0,
        "bw_agg" : 0.000000,
        "bw_mean" : 0.000000,
        "bw_dev" : 0.000000,
        "bw_samples" : 0,
        "iops_min" : 0,
        "iops_max" : 0,
        "iops_mean" : 0.000000,
        "iops_stddev" : 0.000000,
        "iops_samples" : 0
      },
      "sync" : {
        "total_ios" : 0,
        "lat_ns" : {
          "min" : 0,
          "max" : 0,
          "mean" : 0.000000,
          "stddev" : 0.000000,
          "N" : 0
        }
      },
      "job_runtime" : 11520081,
      "usr_cpu" : 93.990303,
      "sys_cpu" : 1.508705,
      "ctx" : 1068869,
      "majf" : 196631,
      "minf" : 2042136,
      "iodepth_level" : {
        "1" : 100.000000,
        "2" : 0.000000,
        "4" : 0.000000,
        "8" : 0.000000,
        "16" : 0.000000,
        "32" : 0.000000,
        ">=64" : 0.000000
      },
      "iodepth_submit" : {
        "0" : 0.000000,
        "4" : 100.000000,
        "8" : 0.000000,
        "16" : 0.000000,
        "32" : 0.000000,
        "64" : 0.000000,
        ">=64" : 0.000000
      },
      "iodepth_complete" : {
        "0" : 0.000000,
        "4" : 100.000000,
        "8" : 0.000000,
        "16" : 0.000000,
        "32" : 0.000000,
        "64" : 0.000000,
        ">=64" : 0.000000
      },
      "latency_ns" : {
        "2" : 0.000000,
        "4" : 0.000000,
        "10" : 0.000000,
        "20" : 0.000000,
        "50" : 0.000000,
        "100" : 0.010000,
        "250" : 0.034642,
        "500" : 0.033466,
        "750" : 0.130151,
        "1000" : 0.557203
      },
      "latency_us" : {
        "2" : 15.074102,
        "4" : 70.685051,
        "10" : 13.202197,
        "20" : 0.166968,
        "50" : 0.060542,
        "100" : 0.018853,
        "250" : 0.026757,
        "500" : 0.010000,
        "750" : 0.010000,
        "1000" : 0.010000
      },
      "latency_ms" : {
        "2" : 0.010000,
        "4" : 0.010000,
        "10" : 0.010000,
        "20" : 0.010000,
        "50" : 0.010000,
        "100" : 0.010000,
        "250" : 0.000000,
        "500" : 0.000000,
        "750" : 0.000000,
        "1000" : 0.000000,
        "2000" : 0.000000,
        ">=2000" : 0.000000
      },
      "latency_depth" : 1,
      "latency_target" : 0,
      "latency_percentile" : 100.000000,
      "latency_window" : 0
    }
  ],
  "disk_util" : [
    {
      "name" : "sdb",
      "read_ios" : 196614,
      "write_ios" : 172418,
      "read_sectors" : 1575992,
      "write_sectors" : 17310792,
      "read_merges" : 327,
      "write_merges" : 14259,
      "read_ticks" : 220401,
      "write_ticks" : 39673581,
      "in_queue" : 39893992,
      "util" : 11.136028
    }
  ]
}
