{
  "fio version" : "fio-3.40",
  "timestamp" : 1771993182,
  "timestamp_ms" : 1771993182347,
  "time" : "Wed Feb 25 05:19:42 2026",
  "global options" : {
    "group_reporting" : "",
    "ioengine" : "mmap",
    "size" : "768m",
    "thread" : "1",
    "directory" : "/tmp",
    "time_based" : "",
    "runtime" : "180",
    "norandommap" : "1",
    "filename" : "/tmp/fio_readwrite",
    "share_mmap" : "1",
    "repl" : "1"
  },
  "jobs" : [
    {
      "jobname" : "writers",
      "groupid" : 0,
      "job_start" : 1771993002202,
      "error" : 0,
      "eta" : 0,
      "elapsed" : 181,
      "job options" : {
        "rw" : "randread",
        "random_distribution" : "random",
        "numjobs" : "45"
      },
      "read" : {
        "io_bytes" : 9139573235712,
        "io_kbytes" : 8925364488,
        "bw_bytes" : 50774842700,
        "bw" : 49584807,
        "iops" : 12396201.831091,
        "runtime" : 180002,
        "total_ios" : 2231341122,
        "short_ios" : 0,
        "drop_ios" : 0,
        "slat_ns" : {
          "min" : 0,
          "max" : 0,
          "mean" : 0.000000,
          "stddev" : 0.000000,
          "N" : 0
        },
        "clat_ns" : {
          "min" : 124,
          "max" : 72035964,
          "mean" : 2894.057377,
          "stddev" : 13089.846379,
          "N" : 2231341122,
          "percentile" : {
            "1.000000" : 1032,
            "5.000000" : 1528,
            "10.000000" : 1784,
            "20.000000" : 2096,
            "30.000000" : 2352,
            "40.000000" : 2576,
            "50.000000" : 2768,
            "60.000000" : 2960,
            "70.000000" : 3184,
            "80.000000" : 3440,
            "90.000000" : 3856,
            "95.000000" : 4192,
            "99.000000" : 5088,
            "99.500000" : 5472,
            "99.900000" : 6816,
            "99.950000" : 15552,
            "99.990000" : 27520
          }
        },
        "lat_ns" : {
          "min" : 160,
          "max" : 72036006,
          "mean" : 2966.481074,
          "stddev" : 13187.077458,
          "N" : 2231341122
        },
        "bw_min" : 78704,
        "bw_max" : 56297524,
        "bw_agg" : 100.000000,
        "bw_mean" : 49901184.072829,
        "bw_dev" : 166993.547369,
        "bw_samples" : 16065,
        "iops_min" : 19676,
        "iops_max" : 14074375,
        "iops_mean" : 12475290.257703,
        "iops_stddev" : 41748.371735,
        "iops_samples" : 16065
      },
      "write" : {
        "io_bytes" : 3659348885504,
        "io_kbytes" : 3573582896,
        "bw_bytes" : 20329377207,
        "bw" : 19852907,
        "iops" : 4963226.857330,
        "runtime" : 180003,
        "total_ios" : 893395724,
        "short_ios" : 0,
        "drop_ios" : 0,
        "slat_ns" : {
          "min" : 0,
          "max" : 0,
          "mean" : 0.000000,
          "stddev" : 0.000000,
          "N" : 0
        },
        "clat_ns" : {
          "min" : 124,
          "max" : 104040857,
          "mean" : 2951.647047,
          "stddev" : 14951.546418,
          "N" : 893395724,
          "percentile" : {
            "1.000000" : 1020,
            "5.000000" : 1496,
            "10.000000" : 1768,
            "20.000000" : 2096,
            "30.000000" : 2352,
            "40.000000" : 2544,
            "50.000000" : 2736,
            "60.000000" : 2960,
            "70.000000" : 3184,
            "80.000000" : 3440,
            "90.000000" : 3824,
            "95.000000" : 4192,
            "99.000000" : 5088,
            "99.500000" : 5792,
            "99.900000" : 24448,
            "99.950000" : 59136,
            "99.990000" : 132096
          }
        },
        "lat_ns" : {
          "min" : 175,
          "max" : 104040918,
          "mean" : 3059.519588,
          "stddev" : 15116.648648,
          "N" : 893395724
        },
        "bw_min" : 32760,
        "bw_max" : 22427705,
        "bw_agg" : 100.000000,
        "bw_mean" : 19980181.210084,
        "bw_dev" : 157459.266022,
        "bw_samples" : 6783,
        "iops_min" : 8190,
        "iops_max" : 5606931,
        "iops_mean" : 4995042.938375,
        "iops_stddev" : 39364.798485,
        "iops_samples" : 6783
      },
      "trim" : {
        "io_bytes" : 0,
        "io_kbytes" : 0,
        "bw_bytes" : 0,
        "bw" : 0,
        "iops" : 0.000000,
        "runtime" : 0,
        "total_ios" : 0,
        "short_ios" : 0,
        "drop_ios" : 0,
        "slat_ns" : {
          "min" : 0,
          "max" : 0,
          "mean" : 0.000000,
          "stddev" : 0.000000,
          "N" : 0
        },
        "clat_ns" : {
          "min" : 0,
          "max" : 0,
          "mean" : 0.000000,
          "stddev" : 0.000000,
          "N" : 0
        },
        "lat_ns" : {
          "min" : 0,
          "max" : 0,
          "mean" : 0.000000,
          "stddev" : 0.000000,
          "N" : 0
        },
        "bw_min" : 0,
        "bw_max" : 0,
        "bw_agg" : 0.000000,
        "bw_mean" : 0.000000,
        "bw_dev" : 0.000000,
        "bw_samples" : 0,
        "iops_min" : 0,
        "iops_max" : 0,
        "iops_mean" : 0.000000,
        "iops_stddev" : 0.000000,
        "iops_samples" : 0
      },
      "sync" : {
        "total_ios" : 0,
        "lat_ns" : {
          "min" : 0,
          "max" : 0,
          "mean" : 0.000000,
          "stddev" : 0.000000,
          "N" : 0
        }
      },
      "job_runtime" : 11520007,
      "usr_cpu" : 96.186027,
      "sys_cpu" : 0.736111,
      "ctx" : 572035,
      "majf" : 196610,
      "minf" : 2313475,
      "iodepth_level" : {
        "1" : 100.000000,
        "2" : 0.000000,
        "4" : 0.000000,
        "8" : 0.000000,
        "16" : 0.000000,
        "32" : 0.000000,
        ">=64" : 0.000000
      },
      "iodepth_submit" : {
        "0" : 0.000000,
        "4" : 100.000000,
        "8" : 0.000000,
        "16" : 0.000000,
        "32" : 0.000000,
        "64" : 0.000000,
        ">=64" : 0.000000
      },
      "iodepth_complete" : {
        "0" : 0.000000,
        "4" : 100.000000,
        "8" : 0.000000,
        "16" : 0.000000,
        "32" : 0.000000,
        "64" : 0.000000,
        ">=64" : 0.000000
      },
      "latency_ns" : {
        "2" : 0.000000,
        "4" : 0.000000,
        "10" : 0.000000,
        "20" : 0.000000,
        "50" : 0.000000,
        "100" : 0.000000,
        "250" : 0.028266,
        "500" : 0.038335,
        "750" : 0.201688,
        "1000" : 0.615703
      },
      "latency_us" : {
        "2" : 15.307929,
        "4" : 76.438623,
        "10" : 7.219793,
        "20" : 0.094677,
        "50" : 0.031746,
        "100" : 0.014076,
        "250" : 0.010000,
        "500" : 0.010000,
        "750" : 0.010000,
        "1000" : 0.010000
      },
      "latency_ms" : {
        "2" : 0.010000,
        "4" : 0.010000,
        "10" : 0.010000,
        "20" : 0.010000,
        "50" : 0.010000,
        "100" : 0.010000,
        "250" : 0.010000,
        "500" : 0.000000,
        "750" : 0.000000,
        "1000" : 0.000000,
        "2000" : 0.000000,
        ">=2000" : 0.000000
      },
      "latency_depth" : 1,
      "latency_target" : 0,
      "latency_percentile" : 100.000000,
      "latency_window" : 0
    }
  ],
  "disk_util" : [
    {
      "name" : "sda",
      "read_ios" : 196626,
      "write_ios" : 65688,
      "read_sectors" : 1576688,
      "write_sectors" : 18130440,
      "read_merges" : 332,
      "write_merges" : 1827,
      "read_ticks" : 175946,
      "write_ticks" : 101254260,
      "in_queue" : 101430214,
      "util" : 11.003780
    }
  ]
}
