{
  "fio version" : "fio-3.40",
  "timestamp" : 1771997886,
  "timestamp_ms" : 1771997886663,
  "time" : "Wed Feb 25 06:38:06 2026",
  "global options" : {
    "group_reporting" : "",
    "ioengine" : "mmap",
    "size" : "768m",
    "thread" : "1",
    "directory" : "/tmp",
    "time_based" : "",
    "runtime" : "180",
    "norandommap" : "1",
    "filename" : "/tmp/fio_readwrite",
    "share_mmap" : "1",
    "repl" : "1"
  },
  "jobs" : [
    {
      "jobname" : "writers",
      "groupid" : 0,
      "job_start" : 1771997706422,
      "error" : 0,
      "eta" : 0,
      "elapsed" : 181,
      "job options" : {
        "rw" : "randread",
        "random_distribution" : "random",
        "numjobs" : "26"
      },
      "read" : {
        "io_bytes" : 4652535345152,
        "io_kbytes" : 4543491548,
        "bw_bytes" : 25846987801,
        "bw" : 25241199,
        "iops" : 6310299.756115,
        "runtime" : 180003,
        "total_ios" : 1135872887,
        "short_ios" : 0,
        "drop_ios" : 0,
        "slat_ns" : {
          "min" : 0,
          "max" : 0,
          "mean" : 0.000000,
          "stddev" : 0.000000,
          "N" : 0
        },
        "clat_ns" : {
          "min" : 126,
          "max" : 76112817,
          "mean" : 3218.677600,
          "stddev" : 14254.430472,
          "N" : 1135872887,
          "percentile" : {
            "1.000000" : 980,
            "5.000000" : 1528,
            "10.000000" : 1880,
            "20.000000" : 2320,
            "30.000000" : 2608,
            "40.000000" : 2864,
            "50.000000" : 3088,
            "60.000000" : 3312,
            "70.000000" : 3568,
            "80.000000" : 3888,
            "90.000000" : 4320,
            "95.000000" : 4704,
            "99.000000" : 5664,
            "99.500000" : 6112,
            "99.900000" : 8256,
            "99.950000" : 18816,
            "99.990000" : 63744
          }
        },
        "lat_ns" : {
          "min" : 161,
          "max" : 76112859,
          "mean" : 3303.099854,
          "stddev" : 14361.533072,
          "N" : 1135872887
        },
        "bw_min" : 88608,
        "bw_max" : 29654874,
        "bw_agg" : 100.000000,
        "bw_mean" : 25477856.337079,
        "bw_dev" : 153048.599773,
        "bw_samples" : 9256,
        "iops_min" : 22152,
        "iops_max" : 7413708,
        "iops_mean" : 6369458.983146,
        "iops_stddev" : 38262.125430,
        "iops_samples" : 9256
      },
      "write" : {
        "io_bytes" : 6599117668352,
        "io_kbytes" : 6444450848,
        "bw_bytes" : 36660950136,
        "bw" : 35801709,
        "iops" : 8950427.279394,
        "runtime" : 180004,
        "total_ios" : 1611112712,
        "short_ios" : 0,
        "drop_ios" : 0,
        "slat_ns" : {
          "min" : 0,
          "max" : 0,
          "mean" : 0.000000,
          "stddev" : 0.000000,
          "N" : 0
        },
        "clat_ns" : {
          "min" : 124,
          "max" : 87977068,
          "mean" : 3137.919149,
          "stddev" : 14914.944692,
          "N" : 1611112712,
          "percentile" : {
            "1.000000" : 988,
            "5.000000" : 1496,
            "10.000000" : 1800,
            "20.000000" : 2192,
            "30.000000" : 2448,
            "40.000000" : 2704,
            "50.000000" : 2928,
            "60.000000" : 3152,
            "70.000000" : 3408,
            "80.000000" : 3728,
            "90.000000" : 4128,
            "95.000000" : 4576,
            "99.000000" : 5472,
            "99.500000" : 6048,
            "99.900000" : 25472,
            "99.950000" : 64768,
            "99.990000" : 162816
          }
        },
        "lat_ns" : {
          "min" : 174,
          "max" : 87977463,
          "mean" : 3262.998566,
          "stddev" : 15094.441631,
          "N" : 1611112712
        },
        "bw_min" : 129632,
        "bw_max" : 41531863,
        "bw_agg" : 100.000000,
        "bw_mean" : 36137658.797753,
        "bw_dev" : 138355.641036,
        "bw_samples" : 13528,
        "iops_min" : 32408,
        "iops_max" : 10382965,
        "iops_mean" : 9034406.963483,
        "iops_stddev" : 34588.886412,
        "iops_samples" : 13528
      },
      "trim" : {
        "io_bytes" : 0,
        "io_kbytes" : 0,
        "bw_bytes" : 0,
        "bw" : 0,
        "iops" : 0.000000,
        "runtime" : 0,
        "total_ios" : 0,
        "short_ios" : 0,
        "drop_ios" : 0,
        "slat_ns" : {
          "min" : 0,
          "max" : 0,
          "mean" : 0.000000,
          "stddev" : 0.000000,
          "N" : 0
        },
        "clat_ns" : {
          "min" : 0,
          "max" : 0,
          "mean" : 0.000000,
          "stddev" : 0.000000,
          "N" : 0
        },
        "lat_ns" : {
          "min" : 0,
          "max" : 0,
          "mean" : 0.000000,
          "stddev" : 0.000000,
          "N" : 0
        },
        "bw_min" : 0,
        "bw_max" : 0,
        "bw_agg" : 0.000000,
        "bw_mean" : 0.000000,
        "bw_dev" : 0.000000,
        "bw_samples" : 0,
        "iops_min" : 0,
        "iops_max" : 0,
        "iops_mean" : 0.000000,
        "iops_stddev" : 0.000000,
        "iops_samples" : 0
      },
      "sync" : {
        "total_ios" : 0,
        "lat_ns" : {
          "min" : 0,
          "max" : 0,
          "mean" : 0.000000,
          "stddev" : 0.000000,
          "N" : 0
        }
      },
      "job_runtime" : 11520046,
      "usr_cpu" : 95.685356,
      "sys_cpu" : 1.032513,
      "ctx" : 649492,
      "majf" : 196617,
      "minf" : 2123531,
      "iodepth_level" : {
        "1" : 100.000000,
        "2" : 0.000000,
        "4" : 0.000000,
        "8" : 0.000000,
        "16" : 0.000000,
        "32" : 0.000000,
        ">=64" : 0.000000
      },
      "iodepth_submit" : {
        "0" : 0.000000,
        "4" : 100.000000,
        "8" : 0.000000,
        "16" : 0.000000,
        "32" : 0.000000,
        "64" : 0.000000,
        ">=64" : 0.000000
      },
      "iodepth_complete" : {
        "0" : 0.000000,
        "4" : 100.000000,
        "8" : 0.000000,
        "16" : 0.000000,
        "32" : 0.000000,
        "64" : 0.000000,
        ">=64" : 0.000000
      },
      "latency_ns" : {
        "2" : 0.000000,
        "4" : 0.000000,
        "10" : 0.000000,
        "20" : 0.000000,
        "50" : 0.000000,
        "100" : 0.000000,
        "250" : 0.024760,
        "500" : 0.037786,
        "750" : 0.226208,
        "1000" : 0.777219
      },
      "latency_us" : {
        "2" : 12.548231,
        "4" : 71.925792,
        "10" : 14.296763,
        "20" : 0.062497,
        "50" : 0.062019,
        "100" : 0.024181,
        "250" : 0.010000,
        "500" : 0.010000,
        "750" : 0.010000,
        "1000" : 0.010000
      },
      "latency_ms" : {
        "2" : 0.010000,
        "4" : 0.010000,
        "10" : 0.010000,
        "20" : 0.010000,
        "50" : 0.010000,
        "100" : 0.010000,
        "250" : 0.000000,
        "500" : 0.000000,
        "750" : 0.000000,
        "1000" : 0.000000,
        "2000" : 0.000000,
        ">=2000" : 0.000000
      },
      "latency_depth" : 1,
      "latency_target" : 0,
      "latency_percentile" : 100.000000,
      "latency_window" : 0
    }
  ],
  "disk_util" : [
    {
      "name" : "sda",
      "read_ios" : 196648,
      "write_ios" : 70826,
      "read_sectors" : 1578864,
      "write_sectors" : 17258312,
      "read_merges" : 376,
      "write_merges" : 2110,
      "read_ticks" : 183527,
      "write_ticks" : 52821642,
      "in_queue" : 53005179,
      "util" : 10.477744
    }
  ]
}
