{
  "fio version" : "fio-3.40",
  "timestamp" : 1771891934,
  "timestamp_ms" : 1771891934974,
  "time" : "Tue Feb 24 01:12:14 2026",
  "global options" : {
    "group_reporting" : "",
    "ioengine" : "mmap",
    "size" : "768m",
    "thread" : "1",
    "directory" : "/tmp",
    "time_based" : "",
    "runtime" : "180",
    "norandommap" : "1",
    "filename" : "/tmp/fio_readwrite",
    "share_mmap" : "1",
    "repl" : "1"
  },
  "jobs" : [
    {
      "jobname" : "writers",
      "groupid" : 0,
      "job_start" : 1771891754731,
      "error" : 0,
      "eta" : 0,
      "elapsed" : 181,
      "job options" : {
        "rw" : "randread",
        "random_distribution" : "random",
        "numjobs" : "6"
      },
      "read" : {
        "io_bytes" : 1051968274432,
        "io_kbytes" : 1027312768,
        "bw_bytes" : 5844235723,
        "bw" : 5707261,
        "iops" : 1426815.362137,
        "runtime" : 180001,
        "total_ios" : 256828192,
        "short_ios" : 0,
        "drop_ios" : 0,
        "slat_ns" : {
          "min" : 0,
          "max" : 0,
          "mean" : 0.000000,
          "stddev" : 0.000000,
          "N" : 0
        },
        "clat_ns" : {
          "min" : 128,
          "max" : 8040029,
          "mean" : 3140.331915,
          "stddev" : 5891.634032,
          "N" : 256828192,
          "percentile" : {
            "1.000000" : 964,
            "5.000000" : 1448,
            "10.000000" : 1768,
            "20.000000" : 2160,
            "30.000000" : 2448,
            "40.000000" : 2704,
            "50.000000" : 2928,
            "60.000000" : 3152,
            "70.000000" : 3408,
            "80.000000" : 3728,
            "90.000000" : 4256,
            "95.000000" : 4704,
            "99.000000" : 5920,
            "99.500000" : 6688,
            "99.900000" : 80384,
            "99.950000" : 100864,
            "99.990000" : 205824
          }
        },
        "lat_ns" : {
          "min" : 165,
          "max" : 8040172,
          "mean" : 3218.877930,
          "stddev" : 5933.293372,
          "N" : 256828192
        },
        "bw_min" : 203490,
        "bw_max" : 6421270,
        "bw_agg" : 100.000000,
        "bw_mean" : 5844478.281828,
        "bw_dev" : 169206.396582,
        "bw_samples" : 2105,
        "iops_min" : 50872,
        "iops_max" : 1605322,
        "iops_mean" : 1461118.149042,
        "iops_stddev" : 42301.605041,
        "iops_samples" : 2105
      },
      "write" : {
        "io_bytes" : 9690367045632,
        "io_kbytes" : 9463249068,
        "bw_bytes" : 53834475234,
        "bw" : 52572729,
        "iops" : 13143182.430293,
        "runtime" : 180003,
        "total_ios" : 2365812267,
        "short_ios" : 0,
        "drop_ios" : 0,
        "slat_ns" : {
          "min" : 0,
          "max" : 0,
          "mean" : 0.000000,
          "stddev" : 0.000000,
          "N" : 0
        },
        "clat_ns" : {
          "min" : 125,
          "max" : 48032075,
          "mean" : 3095.774815,
          "stddev" : 7653.974465,
          "N" : 2365812267,
          "percentile" : {
            "1.000000" : 996,
            "5.000000" : 1432,
            "10.000000" : 1720,
            "20.000000" : 2096,
            "30.000000" : 2352,
            "40.000000" : 2576,
            "50.000000" : 2800,
            "60.000000" : 3056,
            "70.000000" : 3344,
            "80.000000" : 3696,
            "90.000000" : 4192,
            "95.000000" : 4704,
            "99.000000" : 5856,
            "99.500000" : 6560,
            "99.900000" : 35584,
            "99.950000" : 166912,
            "99.990000" : 244736
          }
        },
        "lat_ns" : {
          "min" : 175,
          "max" : 48032214,
          "mean" : 3241.999611,
          "stddev" : 7725.540912,
          "N" : 2365812267
        },
        "bw_min" : 988839,
        "bw_max" : 58696101,
        "bw_agg" : 100.000000,
        "bw_mean" : 53787159.601503,
        "bw_dev" : 173277.244225,
        "bw_samples" : 20371,
        "iops_min" : 247201,
        "iops_max" : 14674016,
        "iops_mean" : 13446774.765520,
        "iops_stddev" : 43319.307375,
        "iops_samples" : 20371
      },
      "trim" : {
        "io_bytes" : 0,
        "io_kbytes" : 0,
        "bw_bytes" : 0,
        "bw" : 0,
        "iops" : 0.000000,
        "runtime" : 0,
        "total_ios" : 0,
        "short_ios" : 0,
        "drop_ios" : 0,
        "slat_ns" : {
          "min" : 0,
          "max" : 0,
          "mean" : 0.000000,
          "stddev" : 0.000000,
          "N" : 0
        },
        "clat_ns" : {
          "min" : 0,
          "max" : 0,
          "mean" : 0.000000,
          "stddev" : 0.000000,
          "N" : 0
        },
        "lat_ns" : {
          "min" : 0,
          "max" : 0,
          "mean" : 0.000000,
          "stddev" : 0.000000,
          "N" : 0
        },
        "bw_min" : 0,
        "bw_max" : 0,
        "bw_agg" : 0.000000,
        "bw_mean" : 0.000000,
        "bw_dev" : 0.000000,
        "bw_samples" : 0,
        "iops_min" : 0,
        "iops_max" : 0,
        "iops_mean" : 0.000000,
        "iops_stddev" : 0.000000,
        "iops_samples" : 0
      },
      "sync" : {
        "total_ios" : 0,
        "lat_ns" : {
          "min" : 0,
          "max" : 0,
          "mean" : 0.000000,
          "stddev" : 0.000000,
          "N" : 0
        }
      },
      "job_runtime" : 11520037,
      "usr_cpu" : 93.818752,
      "sys_cpu" : 5.592838,
      "ctx" : 220402,
      "majf" : 91944,
      "minf" : 2560227,
      "iodepth_level" : {
        "1" : 100.000000,
        "2" : 0.000000,
        "4" : 0.000000,
        "8" : 0.000000,
        "16" : 0.000000,
        "32" : 0.000000,
        ">=64" : 0.000000
      },
      "iodepth_submit" : {
        "0" : 0.000000,
        "4" : 100.000000,
        "8" : 0.000000,
        "16" : 0.000000,
        "32" : 0.000000,
        "64" : 0.000000,
        ">=64" : 0.000000
      },
      "iodepth_complete" : {
        "0" : 0.000000,
        "4" : 100.000000,
        "8" : 0.000000,
        "16" : 0.000000,
        "32" : 0.000000,
        "64" : 0.000000,
        ">=64" : 0.000000
      },
      "latency_ns" : {
        "2" : 0.000000,
        "4" : 0.000000,
        "10" : 0.000000,
        "20" : 0.000000,
        "50" : 0.000000,
        "100" : 0.000000,
        "250" : 0.021169,
        "500" : 0.029459,
        "750" : 0.195966,
        "1000" : 0.780233
      },
      "latency_us" : {
        "2" : 15.798581,
        "4" : 69.740013,
        "10" : 13.246227,
        "20" : 0.031661,
        "50" : 0.056471,
        "100" : 0.022289,
        "250" : 0.068880,
        "500" : 0.010000,
        "750" : 0.010000,
        "1000" : 0.010000
      },
      "latency_ms" : {
        "2" : 0.010000,
        "4" : 0.010000,
        "10" : 0.010000,
        "20" : 0.010000,
        "50" : 0.010000,
        "100" : 0.000000,
        "250" : 0.000000,
        "500" : 0.000000,
        "750" : 0.000000,
        "1000" : 0.000000,
        "2000" : 0.000000,
        ">=2000" : 0.000000
      },
      "latency_depth" : 1,
      "latency_target" : 0,
      "latency_percentile" : 100.000000,
      "latency_window" : 0
    }
  ],
  "disk_util" : [
    {
      "name" : "sda",
      "read_ios" : 91953,
      "write_ios" : 3249,
      "read_sectors" : 736816,
      "write_sectors" : 1576296,
      "read_merges" : 149,
      "write_merges" : 205,
      "read_ticks" : 20643,
      "write_ticks" : 24452302,
      "in_queue" : 24472953,
      "util" : 1.822683
    }
  ]
}
