{
  "fio version" : "fio-3.40",
  "timestamp" : 1764544927,
  "timestamp_ms" : 1764544927363,
  "time" : "Mon Dec  1 00:22:07 2025",
  "global options" : {
    "group_reporting" : "",
    "ioengine" : "mmap",
    "size" : "768m",
    "thread" : "1",
    "directory" : "/tmp",
    "time_based" : "",
    "runtime" : "180",
    "filename" : "/tmp/fio_readwrite",
    "share_mmap" : "1",
    "repl" : "1"
  },
  "jobs" : [
    {
      "jobname" : "writers",
      "groupid" : 0,
      "job_start" : 1764544747140,
      "error" : 0,
      "eta" : 0,
      "elapsed" : 181,
      "job options" : {
        "rw" : "randread",
        "random_distribution" : "zipf",
        "numjobs" : "13"
      },
      "read" : {
        "io_bytes" : 4836045787136,
        "io_kbytes" : 4722700964,
        "bw_bytes" : 26866771779,
        "bw" : 26237081,
        "iops" : 6559270.454053,
        "runtime" : 180001,
        "total_ios" : 1180675241,
        "short_ios" : 0,
        "drop_ios" : 0,
        "slat_ns" : {
          "min" : 0,
          "max" : 0,
          "mean" : 0.000000,
          "stddev" : 0.000000,
          "N" : 0
        },
        "clat_ns" : {
          "min" : 94,
          "max" : 8049537,
          "mean" : 1048.031476,
          "stddev" : 6265.381329,
          "N" : 1180675241,
          "percentile" : {
            "1.000000" : 123,
            "5.000000" : 149,
            "10.000000" : 181,
            "20.000000" : 209,
            "30.000000" : 251,
            "40.000000" : 478,
            "50.000000" : 804,
            "60.000000" : 1112,
            "70.000000" : 1416,
            "80.000000" : 1752,
            "90.000000" : 2192,
            "95.000000" : 2608,
            "99.000000" : 3504,
            "99.500000" : 3888,
            "99.900000" : 6176,
            "99.950000" : 14144,
            "99.990000" : 22400
          }
        },
        "lat_ns" : {
          "min" : 121,
          "max" : 8050169,
          "mean" : 1151.375721,
          "stddev" : 6347.697532,
          "N" : 1180675241
        },
        "bw_min" : 134160,
        "bw_max" : 31608741,
        "bw_agg" : 100.000000,
        "bw_mean" : 26480076.682584,
        "bw_dev" : 283065.721835,
        "bw_samples" : 4628,
        "iops_min" : 33540,
        "iops_max" : 7902184,
        "iops_mean" : 6620017.682584,
        "iops_stddev" : 70766.415859,
        "iops_samples" : 4628
      },
      "write" : {
        "io_bytes" : 18502876008448,
        "io_kbytes" : 18069214852,
        "bw_bytes" : 102792042401,
        "bw" : 100382853,
        "iops" : 25095713.476998,
        "runtime" : 180003,
        "total_ios" : 4517303713,
        "short_ios" : 0,
        "drop_ios" : 0,
        "slat_ns" : {
          "min" : 0,
          "max" : 0,
          "mean" : 0.000000,
          "stddev" : 0.000000,
          "N" : 0
        },
        "clat_ns" : {
          "min" : 94,
          "max" : 44137522,
          "mean" : 1049.082850,
          "stddev" : 8561.952984,
          "N" : 4517303713,
          "percentile" : {
            "1.000000" : 122,
            "5.000000" : 145,
            "10.000000" : 175,
            "20.000000" : 207,
            "30.000000" : 241,
            "40.000000" : 482,
            "50.000000" : 804,
            "60.000000" : 1112,
            "70.000000" : 1400,
            "80.000000" : 1704,
            "90.000000" : 2128,
            "95.000000" : 2512,
            "99.000000" : 3408,
            "99.500000" : 3824,
            "99.900000" : 12608,
            "99.950000" : 17792,
            "99.990000" : 59648
          }
        },
        "lat_ns" : {
          "min" : 133,
          "max" : 44137604,
          "mean" : 1174.142696,
          "stddev" : 8825.316857,
          "N" : 4517303713
        },
        "bw_min" : 526304,
        "bw_max" : 130018118,
        "bw_agg" : 100.000000,
        "bw_mean" : 101314452.179775,
        "bw_dev" : 301485.202712,
        "bw_samples" : 18156,
        "iops_min" : 131576,
        "iops_max" : 32504527,
        "iops_mean" : 25328607.230337,
        "iops_stddev" : 75371.287585,
        "iops_samples" : 18156
      },
      "trim" : {
        "io_bytes" : 0,
        "io_kbytes" : 0,
        "bw_bytes" : 0,
        "bw" : 0,
        "iops" : 0.000000,
        "runtime" : 0,
        "total_ios" : 0,
        "short_ios" : 0,
        "drop_ios" : 0,
        "slat_ns" : {
          "min" : 0,
          "max" : 0,
          "mean" : 0.000000,
          "stddev" : 0.000000,
          "N" : 0
        },
        "clat_ns" : {
          "min" : 0,
          "max" : 0,
          "mean" : 0.000000,
          "stddev" : 0.000000,
          "N" : 0
        },
        "lat_ns" : {
          "min" : 0,
          "max" : 0,
          "mean" : 0.000000,
          "stddev" : 0.000000,
          "N" : 0
        },
        "bw_min" : 0,
        "bw_max" : 0,
        "bw_agg" : 0.000000,
        "bw_mean" : 0.000000,
        "bw_dev" : 0.000000,
        "bw_samples" : 0,
        "iops_min" : 0,
        "iops_max" : 0,
        "iops_mean" : 0.000000,
        "iops_stddev" : 0.000000,
        "iops_samples" : 0
      },
      "sync" : {
        "total_ios" : 0,
        "lat_ns" : {
          "min" : 0,
          "max" : 0,
          "mean" : 0.000000,
          "stddev" : 0.000000,
          "N" : 0
        }
      },
      "job_runtime" : 11520006,
      "usr_cpu" : 96.393031,
      "sys_cpu" : 0.747274,
      "ctx" : 570665,
      "majf" : 196611,
      "minf" : 2573502,
      "iodepth_level" : {
        "1" : 100.000000,
        "2" : 0.000000,
        "4" : 0.000000,
        "8" : 0.000000,
        "16" : 0.000000,
        "32" : 0.000000,
        ">=64" : 0.000000
      },
      "iodepth_submit" : {
        "0" : 0.000000,
        "4" : 100.000000,
        "8" : 0.000000,
        "16" : 0.000000,
        "32" : 0.000000,
        "64" : 0.000000,
        ">=64" : 0.000000
      },
      "iodepth_complete" : {
        "0" : 0.000000,
        "4" : 100.000000,
        "8" : 0.000000,
        "16" : 0.000000,
        "32" : 0.000000,
        "64" : 0.000000,
        ">=64" : 0.000000
      },
      "latency_ns" : {
        "2" : 0.000000,
        "4" : 0.000000,
        "10" : 0.000000,
        "20" : 0.000000,
        "50" : 0.000000,
        "100" : 0.010000,
        "250" : 30.629296,
        "500" : 9.942105,
        "750" : 7.671062,
        "1000" : 7.959978
      },
      "latency_us" : {
        "2" : 31.274276,
        "4" : 12.129856,
        "10" : 0.280198,
        "20" : 0.081562,
        "50" : 0.017942,
        "100" : 0.010000,
        "250" : 0.010000,
        "500" : 0.010000,
        "750" : 0.010000,
        "1000" : 0.010000
      },
      "latency_ms" : {
        "2" : 0.010000,
        "4" : 0.010000,
        "10" : 0.010000,
        "20" : 0.010000,
        "50" : 0.010000,
        "100" : 0.000000,
        "250" : 0.000000,
        "500" : 0.000000,
        "750" : 0.000000,
        "1000" : 0.000000,
        "2000" : 0.000000,
        ">=2000" : 0.000000
      },
      "latency_depth" : 1,
      "latency_target" : 0,
      "latency_percentile" : 100.000000,
      "latency_window" : 0
    }
  ],
  "disk_util" : [
    {
      "name" : "sdb",
      "read_ios" : 196559,
      "write_ios" : 74806,
      "read_sectors" : 1574112,
      "write_sectors" : 21220168,
      "read_merges" : 205,
      "write_merges" : 1919,
      "read_ticks" : 152508,
      "write_ticks" : 40655950,
      "in_queue" : 40808465,
      "util" : 12.656509
    }
  ]
}
