{
  "fio version" : "fio-3.40",
  "timestamp" : 1771998790,
  "timestamp_ms" : 1771998790951,
  "time" : "Wed Feb 25 06:53:10 2026",
  "global options" : {
    "group_reporting" : "",
    "ioengine" : "mmap",
    "size" : "768m",
    "thread" : "1",
    "directory" : "/tmp",
    "time_based" : "",
    "runtime" : "180",
    "norandommap" : "1",
    "filename" : "/tmp/fio_readwrite",
    "share_mmap" : "1",
    "repl" : "1"
  },
  "jobs" : [
    {
      "jobname" : "writers",
      "groupid" : 0,
      "job_start" : 1771998610783,
      "error" : 0,
      "eta" : 0,
      "elapsed" : 181,
      "job options" : {
        "rw" : "randread",
        "random_distribution" : "random",
        "numjobs" : "26"
      },
      "read" : {
        "io_bytes" : 3632028819456,
        "io_kbytes" : 3546903144,
        "bw_bytes" : 20177713689,
        "bw" : 19704798,
        "iops" : 4926199.631115,
        "runtime" : 180002,
        "total_ios" : 886725786,
        "short_ios" : 0,
        "drop_ios" : 0,
        "slat_ns" : {
          "min" : 0,
          "max" : 0,
          "mean" : 0.000000,
          "stddev" : 0.000000,
          "N" : 0
        },
        "clat_ns" : {
          "min" : 126,
          "max" : 172105471,
          "mean" : 4180.372757,
          "stddev" : 20026.861320,
          "N" : 886725786,
          "percentile" : {
            "1.000000" : 1496,
            "5.000000" : 2256,
            "10.000000" : 2640,
            "20.000000" : 3120,
            "30.000000" : 3440,
            "40.000000" : 3728,
            "50.000000" : 3984,
            "60.000000" : 4256,
            "70.000000" : 4576,
            "80.000000" : 4896,
            "90.000000" : 5472,
            "95.000000" : 5920,
            "99.000000" : 7136,
            "99.500000" : 7712,
            "99.900000" : 17280,
            "99.950000" : 21120,
            "99.990000" : 382976
          }
        },
        "lat_ns" : {
          "min" : 161,
          "max" : 172105515,
          "mean" : 4267.617582,
          "stddev" : 20129.316220,
          "N" : 886725786
        },
        "bw_min" : 87776,
        "bw_max" : 25105986,
        "bw_agg" : 100.000000,
        "bw_mean" : 19998365.978169,
        "bw_dev" : 125758.020375,
        "bw_samples" : 9182,
        "iops_min" : 21944,
        "iops_max" : 6276494,
        "iops_mean" : 4999586.505066,
        "iops_stddev" : 31439.484099,
        "iops_samples" : 9182
      },
      "write" : {
        "io_bytes" : 5318037790720,
        "io_kbytes" : 5193396280,
        "bw_bytes" : 29543833730,
        "bw" : 28851400,
        "iops" : 7212850.031944,
        "runtime" : 180005,
        "total_ios" : 1298349070,
        "short_ios" : 0,
        "drop_ios" : 0,
        "slat_ns" : {
          "min" : 0,
          "max" : 0,
          "mean" : 0.000000,
          "stddev" : 0.000000,
          "N" : 0
        },
        "clat_ns" : {
          "min" : 125,
          "max" : 72026376,
          "mean" : 4057.421586,
          "stddev" : 18443.933321,
          "N" : 1298349070,
          "percentile" : {
            "1.000000" : 1480,
            "5.000000" : 2160,
            "10.000000" : 2480,
            "20.000000" : 2896,
            "30.000000" : 3216,
            "40.000000" : 3504,
            "50.000000" : 3760,
            "60.000000" : 4016,
            "70.000000" : 4320,
            "80.000000" : 4704,
            "90.000000" : 5216,
            "95.000000" : 5664,
            "99.000000" : 6816,
            "99.500000" : 7648,
            "99.900000" : 36096,
            "99.950000" : 97792,
            "99.990000" : 544768
          }
        },
        "lat_ns" : {
          "min" : 174,
          "max" : 72026435,
          "mean" : 4186.024865,
          "stddev" : 18617.781364,
          "N" : 1298349070
        },
        "bw_min" : 126592,
        "bw_max" : 34800718,
        "bw_agg" : 100.000000,
        "bw_mean" : 29282099.644188,
        "bw_dev" : 119457.686101,
        "bw_samples" : 13418,
        "iops_min" : 31648,
        "iops_max" : 8700177,
        "iops_mean" : 7320516.807630,
        "iops_stddev" : 29864.397147,
        "iops_samples" : 13418
      },
      "trim" : {
        "io_bytes" : 0,
        "io_kbytes" : 0,
        "bw_bytes" : 0,
        "bw" : 0,
        "iops" : 0.000000,
        "runtime" : 0,
        "total_ios" : 0,
        "short_ios" : 0,
        "drop_ios" : 0,
        "slat_ns" : {
          "min" : 0,
          "max" : 0,
          "mean" : 0.000000,
          "stddev" : 0.000000,
          "N" : 0
        },
        "clat_ns" : {
          "min" : 0,
          "max" : 0,
          "mean" : 0.000000,
          "stddev" : 0.000000,
          "N" : 0
        },
        "lat_ns" : {
          "min" : 0,
          "max" : 0,
          "mean" : 0.000000,
          "stddev" : 0.000000,
          "N" : 0
        },
        "bw_min" : 0,
        "bw_max" : 0,
        "bw_agg" : 0.000000,
        "bw_mean" : 0.000000,
        "bw_dev" : 0.000000,
        "bw_samples" : 0,
        "iops_min" : 0,
        "iops_max" : 0,
        "iops_mean" : 0.000000,
        "iops_stddev" : 0.000000,
        "iops_samples" : 0
      },
      "sync" : {
        "total_ios" : 0,
        "lat_ns" : {
          "min" : 0,
          "max" : 0,
          "mean" : 0.000000,
          "stddev" : 0.000000,
          "N" : 0
        }
      },
      "job_runtime" : 11520021,
      "usr_cpu" : 94.578621,
      "sys_cpu" : 1.232489,
      "ctx" : 1038508,
      "majf" : 196609,
      "minf" : 2083546,
      "iodepth_level" : {
        "1" : 100.000000,
        "2" : 0.000000,
        "4" : 0.000000,
        "8" : 0.000000,
        "16" : 0.000000,
        "32" : 0.000000,
        ">=64" : 0.000000
      },
      "iodepth_submit" : {
        "0" : 0.000000,
        "4" : 100.000000,
        "8" : 0.000000,
        "16" : 0.000000,
        "32" : 0.000000,
        "64" : 0.000000,
        ">=64" : 0.000000
      },
      "iodepth_complete" : {
        "0" : 0.000000,
        "4" : 100.000000,
        "8" : 0.000000,
        "16" : 0.000000,
        "32" : 0.000000,
        "64" : 0.000000,
        ">=64" : 0.000000
      },
      "latency_ns" : {
        "2" : 0.000000,
        "4" : 0.000000,
        "10" : 0.000000,
        "20" : 0.000000,
        "50" : 0.000000,
        "100" : 0.000000,
        "250" : 0.026414,
        "500" : 0.038186,
        "750" : 0.082404,
        "1000" : 0.151993
      },
      "latency_us" : {
        "2" : 2.999997,
        "4" : 52.400175,
        "10" : 44.081134,
        "20" : 0.074071,
        "50" : 0.094331,
        "100" : 0.017908,
        "250" : 0.021486,
        "500" : 0.010000,
        "750" : 0.010000,
        "1000" : 0.010000
      },
      "latency_ms" : {
        "2" : 0.010000,
        "4" : 0.010000,
        "10" : 0.010000,
        "20" : 0.010000,
        "50" : 0.010000,
        "100" : 0.010000,
        "250" : 0.010000,
        "500" : 0.000000,
        "750" : 0.000000,
        "1000" : 0.000000,
        "2000" : 0.000000,
        ">=2000" : 0.000000
      },
      "latency_depth" : 1,
      "latency_target" : 0,
      "latency_percentile" : 100.000000,
      "latency_window" : 0
    }
  ],
  "disk_util" : [
    {
      "name" : "sda",
      "read_ios" : 196669,
      "write_ios" : 172803,
      "read_sectors" : 1583072,
      "write_sectors" : 17220136,
      "read_merges" : 353,
      "write_merges" : 16828,
      "read_ticks" : 178675,
      "write_ticks" : 57075914,
      "in_queue" : 57254600,
      "util" : 10.992462
    }
  ]
}
