{
  "fio version" : "fio-3.40",
  "timestamp" : 1770007940,
  "timestamp_ms" : 1770007940079,
  "time" : "Mon Feb  2 05:52:20 2026",
  "global options" : {
    "group_reporting" : "",
    "ioengine" : "mmap",
    "size" : "768m",
    "thread" : "1",
    "directory" : "/tmp",
    "time_based" : "",
    "runtime" : "180",
    "norandommap" : "1",
    "filename" : "/tmp/fio_readwrite",
    "share_mmap" : "1",
    "repl" : "1"
  },
  "jobs" : [
    {
      "jobname" : "writers",
      "groupid" : 0,
      "job_start" : 1770007760013,
      "error" : 0,
      "eta" : 0,
      "elapsed" : 181,
      "job options" : {
        "rw" : "randread",
        "random_distribution" : "random",
        "numjobs" : "26"
      },
      "read" : {
        "io_bytes" : 3541084848128,
        "io_kbytes" : 3458090672,
        "bw_bytes" : 19672365727,
        "bw" : 19211294,
        "iops" : 4802823.664050,
        "runtime" : 180003,
        "total_ios" : 864522668,
        "short_ios" : 0,
        "drop_ios" : 0,
        "slat_ns" : {
          "min" : 0,
          "max" : 0,
          "mean" : 0.000000,
          "stddev" : 0.000000,
          "N" : 0
        },
        "clat_ns" : {
          "min" : 96,
          "max" : 64043346,
          "mean" : 4403.893384,
          "stddev" : 19935.986065,
          "N" : 864522668,
          "percentile" : {
            "1.000000" : 1656,
            "5.000000" : 2480,
            "10.000000" : 2864,
            "20.000000" : 3312,
            "30.000000" : 3632,
            "40.000000" : 3920,
            "50.000000" : 4192,
            "60.000000" : 4448,
            "70.000000" : 4768,
            "80.000000" : 5152,
            "90.000000" : 5664,
            "95.000000" : 6176,
            "99.000000" : 7456,
            "99.500000" : 8096,
            "99.900000" : 18048,
            "99.950000" : 21120,
            "99.990000" : 481280
          }
        },
        "lat_ns" : {
          "min" : 124,
          "max" : 64043385,
          "mean" : 4476.007749,
          "stddev" : 20068.182264,
          "N" : 864522668
        },
        "bw_min" : 77024,
        "bw_max" : 33913744,
        "bw_agg" : 100.000000,
        "bw_mean" : 19556066.806818,
        "bw_dev" : 141359.393729,
        "bw_samples" : 9152,
        "iops_min" : 19256,
        "iops_max" : 8478438,
        "iops_mean" : 4889011.247159,
        "iops_stddev" : 35339.835001,
        "iops_samples" : 9152
      },
      "write" : {
        "io_bytes" : 5066026868736,
        "io_kbytes" : 4947291864,
        "bw_bytes" : 28144124646,
        "bw" : 27484496,
        "iops" : 6871124.181264,
        "runtime" : 180003,
        "total_ios" : 1236822966,
        "short_ios" : 0,
        "drop_ios" : 0,
        "slat_ns" : {
          "min" : 0,
          "max" : 0,
          "mean" : 0.000000,
          "stddev" : 0.000000,
          "N" : 0
        },
        "clat_ns" : {
          "min" : 96,
          "max" : 40032136,
          "mean" : 4289.093087,
          "stddev" : 20125.539236,
          "N" : 1236822966,
          "percentile" : {
            "1.000000" : 1672,
            "5.000000" : 2352,
            "10.000000" : 2672,
            "20.000000" : 3088,
            "30.000000" : 3408,
            "40.000000" : 3696,
            "50.000000" : 3984,
            "60.000000" : 4256,
            "70.000000" : 4576,
            "80.000000" : 4896,
            "90.000000" : 5472,
            "95.000000" : 5984,
            "99.000000" : 7200,
            "99.500000" : 8160,
            "99.900000" : 35584,
            "99.950000" : 99840,
            "99.990000" : 552960
          }
        },
        "lat_ns" : {
          "min" : 134,
          "max" : 40032220,
          "mean" : 4405.909826,
          "stddev" : 20355.125141,
          "N" : 1236822966
        },
        "bw_min" : 114016,
        "bw_max" : 38900490,
        "bw_agg" : 100.000000,
        "bw_mean" : 27975298.650568,
        "bw_dev" : 120227.021842,
        "bw_samples" : 13376,
        "iops_min" : 28504,
        "iops_max" : 9725118,
        "iops_mean" : 6993816.068182,
        "iops_stddev" : 30056.733042,
        "iops_samples" : 13376
      },
      "trim" : {
        "io_bytes" : 0,
        "io_kbytes" : 0,
        "bw_bytes" : 0,
        "bw" : 0,
        "iops" : 0.000000,
        "runtime" : 0,
        "total_ios" : 0,
        "short_ios" : 0,
        "drop_ios" : 0,
        "slat_ns" : {
          "min" : 0,
          "max" : 0,
          "mean" : 0.000000,
          "stddev" : 0.000000,
          "N" : 0
        },
        "clat_ns" : {
          "min" : 0,
          "max" : 0,
          "mean" : 0.000000,
          "stddev" : 0.000000,
          "N" : 0
        },
        "lat_ns" : {
          "min" : 0,
          "max" : 0,
          "mean" : 0.000000,
          "stddev" : 0.000000,
          "N" : 0
        },
        "bw_min" : 0,
        "bw_max" : 0,
        "bw_agg" : 0.000000,
        "bw_mean" : 0.000000,
        "bw_dev" : 0.000000,
        "bw_samples" : 0,
        "iops_min" : 0,
        "iops_max" : 0,
        "iops_mean" : 0.000000,
        "iops_stddev" : 0.000000,
        "iops_samples" : 0
      },
      "sync" : {
        "total_ios" : 0,
        "lat_ns" : {
          "min" : 0,
          "max" : 0,
          "mean" : 0.000000,
          "stddev" : 0.000000,
          "N" : 0
        }
      },
      "job_runtime" : 11520042,
      "usr_cpu" : 94.197044,
      "sys_cpu" : 0.986003,
      "ctx" : 1264388,
      "majf" : 196628,
      "minf" : 1616596,
      "iodepth_level" : {
        "1" : 100.000000,
        "2" : 0.000000,
        "4" : 0.000000,
        "8" : 0.000000,
        "16" : 0.000000,
        "32" : 0.000000,
        ">=64" : 0.000000
      },
      "iodepth_submit" : {
        "0" : 0.000000,
        "4" : 100.000000,
        "8" : 0.000000,
        "16" : 0.000000,
        "32" : 0.000000,
        "64" : 0.000000,
        ">=64" : 0.000000
      },
      "iodepth_complete" : {
        "0" : 0.000000,
        "4" : 100.000000,
        "8" : 0.000000,
        "16" : 0.000000,
        "32" : 0.000000,
        "64" : 0.000000,
        ">=64" : 0.000000
      },
      "latency_ns" : {
        "2" : 0.000000,
        "4" : 0.000000,
        "10" : 0.000000,
        "20" : 0.000000,
        "50" : 0.000000,
        "100" : 0.010000,
        "250" : 0.038853,
        "500" : 0.058740,
        "750" : 0.072982,
        "1000" : 0.090627
      },
      "latency_us" : {
        "2" : 1.823109,
        "4" : 45.875779,
        "10" : 51.797245,
        "20" : 0.112558,
        "50" : 0.083314,
        "100" : 0.011960,
        "250" : 0.022637,
        "500" : 0.010000,
        "750" : 0.010000,
        "1000" : 0.010000
      },
      "latency_ms" : {
        "2" : 0.010000,
        "4" : 0.010000,
        "10" : 0.010000,
        "20" : 0.010000,
        "50" : 0.010000,
        "100" : 0.010000,
        "250" : 0.000000,
        "500" : 0.000000,
        "750" : 0.000000,
        "1000" : 0.000000,
        "2000" : 0.000000,
        ">=2000" : 0.000000
      },
      "latency_depth" : 1,
      "latency_target" : 0,
      "latency_percentile" : 100.000000,
      "latency_window" : 0
    }
  ],
  "disk_util" : [
    {
      "name" : "sda",
      "read_ios" : 196557,
      "write_ios" : 195697,
      "read_sectors" : 1574232,
      "write_sectors" : 13809936,
      "read_merges" : 222,
      "write_merges" : 20200,
      "read_ticks" : 158419,
      "write_ticks" : 58288949,
      "in_queue" : 58447381,
      "util" : 9.328017
    }
  ]
}
