{
  "fio version" : "fio-3.40",
  "timestamp" : 1772003312,
  "timestamp_ms" : 1772003312616,
  "time" : "Wed Feb 25 08:08:32 2026",
  "global options" : {
    "group_reporting" : "",
    "ioengine" : "mmap",
    "size" : "768m",
    "thread" : "1",
    "directory" : "/tmp",
    "time_based" : "",
    "runtime" : "180",
    "norandommap" : "1",
    "filename" : "/tmp/fio_readwrite",
    "share_mmap" : "1",
    "repl" : "1"
  },
  "jobs" : [
    {
      "jobname" : "writers",
      "groupid" : 0,
      "job_start" : 1772003132412,
      "error" : 0,
      "eta" : 0,
      "elapsed" : 181,
      "job options" : {
        "rw" : "randread",
        "random_distribution" : "random",
        "numjobs" : "6"
      },
      "read" : {
        "io_bytes" : 1030911447040,
        "io_kbytes" : 1006749460,
        "bw_bytes" : 5727285816,
        "bw" : 5593052,
        "iops" : 1398263.138889,
        "runtime" : 180000,
        "total_ios" : 251687365,
        "short_ios" : 0,
        "drop_ios" : 0,
        "slat_ns" : {
          "min" : 0,
          "max" : 0,
          "mean" : 0.000000,
          "stddev" : 0.000000,
          "N" : 0
        },
        "clat_ns" : {
          "min" : 125,
          "max" : 44036273,
          "mean" : 3227.932733,
          "stddev" : 15954.056867,
          "N" : 251687365,
          "percentile" : {
            "1.000000" : 892,
            "5.000000" : 1320,
            "10.000000" : 1656,
            "20.000000" : 2160,
            "30.000000" : 2512,
            "40.000000" : 2800,
            "50.000000" : 3088,
            "60.000000" : 3344,
            "70.000000" : 3632,
            "80.000000" : 3984,
            "90.000000" : 4512,
            "95.000000" : 4960,
            "99.000000" : 6048,
            "99.500000" : 6560,
            "99.900000" : 9280,
            "99.950000" : 20352,
            "99.990000" : 175104
          }
        },
        "lat_ns" : {
          "min" : 162,
          "max" : 44036315,
          "mean" : 3303.119927,
          "stddev" : 16111.093976,
          "N" : 251687365
        },
        "bw_min" : 19432,
        "bw_max" : 7679654,
        "bw_agg" : 100.000000,
        "bw_mean" : 5645076.162921,
        "bw_dev" : 155987.391679,
        "bw_samples" : 2136,
        "iops_min" : 4858,
        "iops_max" : 1919916,
        "iops_mean" : 1411267.561798,
        "iops_stddev" : 38996.808218,
        "iops_samples" : 2136
      },
      "write" : {
        "io_bytes" : 9469866033152,
        "io_kbytes" : 9247916048,
        "bw_bytes" : 52609197757,
        "bw" : 51376169,
        "iops" : 12844042.421280,
        "runtime" : 180004,
        "total_ios" : 2311979012,
        "short_ios" : 0,
        "drop_ios" : 0,
        "slat_ns" : {
          "min" : 0,
          "max" : 0,
          "mean" : 0.000000,
          "stddev" : 0.000000,
          "N" : 0
        },
        "clat_ns" : {
          "min" : 125,
          "max" : 92678405,
          "mean" : 3185.603502,
          "stddev" : 14900.489969,
          "N" : 2311979012,
          "percentile" : {
            "1.000000" : 964,
            "5.000000" : 1416,
            "10.000000" : 1736,
            "20.000000" : 2160,
            "30.000000" : 2416,
            "40.000000" : 2672,
            "50.000000" : 2928,
            "60.000000" : 3184,
            "70.000000" : 3472,
            "80.000000" : 3824,
            "90.000000" : 4384,
            "95.000000" : 4832,
            "99.000000" : 5984,
            "99.500000" : 6624,
            "99.900000" : 23936,
            "99.950000" : 79360,
            "99.990000" : 305152
          }
        },
        "lat_ns" : {
          "min" : 173,
          "max" : 92678920,
          "mean" : 3335.675128,
          "stddev" : 15134.567409,
          "N" : 2311979012
        },
        "bw_min" : 189280,
        "bw_max" : 60352029,
        "bw_agg" : 100.000000,
        "bw_mean" : 51855720.376404,
        "bw_dev" : 124213.682917,
        "bw_samples" : 20648,
        "iops_min" : 47320,
        "iops_max" : 15088002,
        "iops_mean" : 12963918.502809,
        "iops_stddev" : 31053.399693,
        "iops_samples" : 20648
      },
      "trim" : {
        "io_bytes" : 0,
        "io_kbytes" : 0,
        "bw_bytes" : 0,
        "bw" : 0,
        "iops" : 0.000000,
        "runtime" : 0,
        "total_ios" : 0,
        "short_ios" : 0,
        "drop_ios" : 0,
        "slat_ns" : {
          "min" : 0,
          "max" : 0,
          "mean" : 0.000000,
          "stddev" : 0.000000,
          "N" : 0
        },
        "clat_ns" : {
          "min" : 0,
          "max" : 0,
          "mean" : 0.000000,
          "stddev" : 0.000000,
          "N" : 0
        },
        "lat_ns" : {
          "min" : 0,
          "max" : 0,
          "mean" : 0.000000,
          "stddev" : 0.000000,
          "N" : 0
        },
        "bw_min" : 0,
        "bw_max" : 0,
        "bw_agg" : 0.000000,
        "bw_mean" : 0.000000,
        "bw_dev" : 0.000000,
        "bw_samples" : 0,
        "iops_min" : 0,
        "iops_max" : 0,
        "iops_mean" : 0.000000,
        "iops_stddev" : 0.000000,
        "iops_samples" : 0
      },
      "sync" : {
        "total_ios" : 0,
        "lat_ns" : {
          "min" : 0,
          "max" : 0,
          "mean" : 0.000000,
          "stddev" : 0.000000,
          "N" : 0
        }
      },
      "job_runtime" : 11520048,
      "usr_cpu" : 95.212433,
      "sys_cpu" : 1.380932,
      "ctx" : 629967,
      "majf" : 196615,
      "minf" : 2110409,
      "iodepth_level" : {
        "1" : 100.000000,
        "2" : 0.000000,
        "4" : 0.000000,
        "8" : 0.000000,
        "16" : 0.000000,
        "32" : 0.000000,
        ">=64" : 0.000000
      },
      "iodepth_submit" : {
        "0" : 0.000000,
        "4" : 100.000000,
        "8" : 0.000000,
        "16" : 0.000000,
        "32" : 0.000000,
        "64" : 0.000000,
        ">=64" : 0.000000
      },
      "iodepth_complete" : {
        "0" : 0.000000,
        "4" : 100.000000,
        "8" : 0.000000,
        "16" : 0.000000,
        "32" : 0.000000,
        "64" : 0.000000,
        ">=64" : 0.000000
      },
      "latency_ns" : {
        "2" : 0.000000,
        "4" : 0.000000,
        "10" : 0.000000,
        "20" : 0.000000,
        "50" : 0.000000,
        "100" : 0.000000,
        "250" : 0.021453,
        "500" : 0.034972,
        "750" : 0.209233,
        "1000" : 0.967742
      },
      "latency_us" : {
        "2" : 14.554204,
        "4" : 67.619348,
        "10" : 16.418016,
        "20" : 0.047314,
        "50" : 0.071105,
        "100" : 0.025347,
        "250" : 0.021089,
        "500" : 0.010000,
        "750" : 0.010000,
        "1000" : 0.010000
      },
      "latency_ms" : {
        "2" : 0.010000,
        "4" : 0.010000,
        "10" : 0.010000,
        "20" : 0.010000,
        "50" : 0.010000,
        "100" : 0.010000,
        "250" : 0.000000,
        "500" : 0.000000,
        "750" : 0.000000,
        "1000" : 0.000000,
        "2000" : 0.000000,
        ">=2000" : 0.000000
      },
      "latency_depth" : 1,
      "latency_target" : 0,
      "latency_percentile" : 100.000000,
      "latency_window" : 0
    }
  ],
  "disk_util" : [
    {
      "name" : "sda",
      "read_ios" : 196563,
      "write_ios" : 88196,
      "read_sectors" : 1574160,
      "write_sectors" : 17624856,
      "read_merges" : 207,
      "write_merges" : 6693,
      "read_ticks" : 154358,
      "write_ticks" : 44444635,
      "in_queue" : 44599002,
      "util" : 11.137454
    }
  ]
}
