{
  "fio version" : "fio-3.40",
  "timestamp" : 1772055582,
  "timestamp_ms" : 1772055582872,
  "time" : "Wed Feb 25 22:39:42 2026",
  "global options" : {
    "group_reporting" : "",
    "ioengine" : "mmap",
    "size" : "768m",
    "thread" : "1",
    "directory" : "/tmp",
    "time_based" : "",
    "runtime" : "210",
    "norandommap" : "1",
    "filename" : "/tmp/fio_readwrite",
    "share_mmap" : "1",
    "repl" : "1"
  },
  "jobs" : [
    {
      "jobname" : "writers",
      "groupid" : 0,
      "job_start" : 1772055372813,
      "error" : 0,
      "eta" : 0,
      "elapsed" : 211,
      "job options" : {
        "rw" : "randread",
        "random_distribution" : "random",
        "numjobs" : "54"
      },
      "read" : {
        "io_bytes" : 16116734160896,
        "io_kbytes" : 15738998204,
        "bw_bytes" : 76745622236,
        "bw" : 74946896,
        "iops" : 18736724.178817,
        "runtime" : 210002,
        "total_ios" : 3934749551,
        "short_ios" : 0,
        "drop_ios" : 0,
        "slat_ns" : {
          "min" : 0,
          "max" : 0,
          "mean" : 0.000000,
          "stddev" : 0.000000,
          "N" : 0
        },
        "clat_ns" : {
          "min" : 98,
          "max" : 20064865,
          "mean" : 2281.037187,
          "stddev" : 6571.382115,
          "N" : 3934749551,
          "percentile" : {
            "1.000000" : 548,
            "5.000000" : 844,
            "10.000000" : 1128,
            "20.000000" : 1560,
            "30.000000" : 1816,
            "40.000000" : 2008,
            "50.000000" : 2160,
            "60.000000" : 2320,
            "70.000000" : 2512,
            "80.000000" : 2704,
            "90.000000" : 3024,
            "95.000000" : 3312,
            "99.000000" : 4320,
            "99.500000" : 5280,
            "99.900000" : 60160,
            "99.950000" : 73216,
            "99.990000" : 99840
          }
        },
        "lat_ns" : {
          "min" : 127,
          "max" : 20064899,
          "mean" : 2344.127395,
          "stddev" : 6587.746122,
          "N" : 3934749551
        },
        "bw_min" : 140576,
        "bw_max" : 97197842,
        "bw_agg" : 100.000000,
        "bw_mean" : 75913687.639225,
        "bw_dev" : 218931.963449,
        "bw_samples" : 22302,
        "iops_min" : 35144,
        "iops_max" : 24299433,
        "iops_mean" : 18978409.975787,
        "iops_stddev" : 54732.951476,
        "iops_samples" : 22302
      },
      "write" : {
        "io_bytes" : 2415428227072,
        "io_kbytes" : 2358816628,
        "bw_bytes" : 11501929634,
        "bw" : 11232353,
        "iops" : 2808088.289635,
        "runtime" : 210002,
        "total_ios" : 589704157,
        "short_ios" : 0,
        "drop_ios" : 0,
        "slat_ns" : {
          "min" : 0,
          "max" : 0,
          "mean" : 0.000000,
          "stddev" : 0.000000,
          "N" : 0
        },
        "clat_ns" : {
          "min" : 102,
          "max" : 8037544,
          "mean" : 2831.073111,
          "stddev" : 8604.822326,
          "N" : 589704157,
          "percentile" : {
            "1.000000" : 1064,
            "5.000000" : 1384,
            "10.000000" : 1560,
            "20.000000" : 1784,
            "30.000000" : 1960,
            "40.000000" : 2096,
            "50.000000" : 2256,
            "60.000000" : 2384,
            "70.000000" : 2544,
            "80.000000" : 2736,
            "90.000000" : 2992,
            "95.000000" : 3248,
            "99.000000" : 6368,
            "99.500000" : 63232,
            "99.900000" : 80384,
            "99.950000" : 88576,
            "99.990000" : 144384
          }
        },
        "lat_ns" : {
          "min" : 141,
          "max" : 8037620,
          "mean" : 2919.393086,
          "stddev" : 8609.768166,
          "N" : 589704157
        },
        "bw_min" : 25880,
        "bw_max" : 13640918,
        "bw_agg" : 100.000000,
        "bw_mean" : 11373682.130751,
        "bw_dev" : 462283.221300,
        "bw_samples" : 4130,
        "iops_min" : 6470,
        "iops_max" : 3410223,
        "iops_mean" : 2843419.014528,
        "iops_stddev" : 115570.863886,
        "iops_samples" : 4130
      },
      "trim" : {
        "io_bytes" : 0,
        "io_kbytes" : 0,
        "bw_bytes" : 0,
        "bw" : 0,
        "iops" : 0.000000,
        "runtime" : 0,
        "total_ios" : 0,
        "short_ios" : 0,
        "drop_ios" : 0,
        "slat_ns" : {
          "min" : 0,
          "max" : 0,
          "mean" : 0.000000,
          "stddev" : 0.000000,
          "N" : 0
        },
        "clat_ns" : {
          "min" : 0,
          "max" : 0,
          "mean" : 0.000000,
          "stddev" : 0.000000,
          "N" : 0
        },
        "lat_ns" : {
          "min" : 0,
          "max" : 0,
          "mean" : 0.000000,
          "stddev" : 0.000000,
          "N" : 0
        },
        "bw_min" : 0,
        "bw_max" : 0,
        "bw_agg" : 0.000000,
        "bw_mean" : 0.000000,
        "bw_dev" : 0.000000,
        "bw_samples" : 0,
        "iops_min" : 0,
        "iops_max" : 0,
        "iops_mean" : 0.000000,
        "iops_stddev" : 0.000000,
        "iops_samples" : 0
      },
      "sync" : {
        "total_ios" : 0,
        "lat_ns" : {
          "min" : 0,
          "max" : 0,
          "mean" : 0.000000,
          "stddev" : 0.000000,
          "N" : 0
        }
      },
      "job_runtime" : 13440005,
      "usr_cpu" : 93.044445,
      "sys_cpu" : 4.487431,
      "ctx" : 1088908,
      "majf" : 195606,
      "minf" : 8633564,
      "iodepth_level" : {
        "1" : 100.000000,
        "2" : 0.000000,
        "4" : 0.000000,
        "8" : 0.000000,
        "16" : 0.000000,
        "32" : 0.000000,
        ">=64" : 0.000000
      },
      "iodepth_submit" : {
        "0" : 0.000000,
        "4" : 100.000000,
        "8" : 0.000000,
        "16" : 0.000000,
        "32" : 0.000000,
        "64" : 0.000000,
        ">=64" : 0.000000
      },
      "iodepth_complete" : {
        "0" : 0.000000,
        "4" : 100.000000,
        "8" : 0.000000,
        "16" : 0.000000,
        "32" : 0.000000,
        "64" : 0.000000,
        ">=64" : 0.000000
      },
      "latency_ns" : {
        "2" : 0.000000,
        "4" : 0.000000,
        "10" : 0.000000,
        "20" : 0.000000,
        "50" : 0.000000,
        "100" : 0.010000,
        "250" : 0.042175,
        "500" : 0.416243,
        "750" : 2.663950,
        "1000" : 3.691754
      },
      "latency_us" : {
        "2" : 31.984832,
        "4" : 59.723673,
        "10" : 1.082096,
        "20" : 0.191287,
        "50" : 0.015631,
        "100" : 0.175669,
        "250" : 0.010000,
        "500" : 0.010000,
        "750" : 0.010000,
        "1000" : 0.010000
      },
      "latency_ms" : {
        "2" : 0.010000,
        "4" : 0.010000,
        "10" : 0.010000,
        "20" : 0.000000,
        "50" : 0.010000,
        "100" : 0.000000,
        "250" : 0.000000,
        "500" : 0.000000,
        "750" : 0.000000,
        "1000" : 0.000000,
        "2000" : 0.000000,
        ">=2000" : 0.000000
      },
      "latency_depth" : 1,
      "latency_target" : 0,
      "latency_percentile" : 100.000000,
      "latency_window" : 0
    }
  ],
  "disk_util" : [
    {
      "name" : "sdb",
      "read_ios" : 195636,
      "write_ios" : 158984,
      "read_sectors" : 1570048,
      "write_sectors" : 2942264,
      "read_merges" : 285,
      "write_merges" : 13494,
      "read_ticks" : 146260,
      "write_ticks" : 11345920,
      "in_queue" : 11492188,
      "util" : 2.970150
    }
  ]
}
