{
  "fio version" : "fio-3.40",
  "timestamp" : 1771877641,
  "timestamp_ms" : 1771877641591,
  "time" : "Mon Feb 23 21:14:01 2026",
  "global options" : {
    "group_reporting" : "",
    "ioengine" : "mmap",
    "size" : "768m",
    "thread" : "1",
    "directory" : "/tmp",
    "time_based" : "",
    "runtime" : "180",
    "norandommap" : "1",
    "filename" : "/tmp/fio_readwrite",
    "share_mmap" : "1",
    "repl" : "1"
  },
  "jobs" : [
    {
      "jobname" : "writers",
      "groupid" : 0,
      "job_start" : 1771877461522,
      "error" : 0,
      "eta" : 0,
      "elapsed" : 181,
      "job options" : {
        "rw" : "randread",
        "random_distribution" : "random",
        "numjobs" : "54"
      },
      "read" : {
        "io_bytes" : 15679146921984,
        "io_kbytes" : 15311666916,
        "bw_bytes" : 87105403950,
        "bw" : 85063871,
        "iops" : 21265967.761469,
        "runtime" : 180002,
        "total_ios" : 3827916729,
        "short_ios" : 0,
        "drop_ios" : 0,
        "slat_ns" : {
          "min" : 0,
          "max" : 0,
          "mean" : 0.000000,
          "stddev" : 0.000000,
          "N" : 0
        },
        "clat_ns" : {
          "min" : 123,
          "max" : 81480022,
          "mean" : 1867.912671,
          "stddev" : 14827.657912,
          "N" : 3827916729,
          "percentile" : {
            "1.000000" : 482,
            "5.000000" : 532,
            "10.000000" : 588,
            "20.000000" : 692,
            "30.000000" : 796,
            "40.000000" : 900,
            "50.000000" : 1012,
            "60.000000" : 1144,
            "70.000000" : 1320,
            "80.000000" : 1624,
            "90.000000" : 2864,
            "95.000000" : 3888,
            "99.000000" : 5984,
            "99.500000" : 63744,
            "99.900000" : 83456,
            "99.950000" : 92672,
            "99.990000" : 138240
          }
        },
        "lat_ns" : {
          "min" : 159,
          "max" : 81480065,
          "mean" : 1940.034173,
          "stddev" : 14955.060918,
          "N" : 3827916729
        },
        "bw_min" : 11085558,
        "bw_max" : 111280615,
        "bw_agg" : 100.000000,
        "bw_mean" : 85929259.732338,
        "bw_dev" : 271672.633611,
        "bw_samples" : 19231,
        "iops_min" : 2771377,
        "iops_max" : 27820151,
        "iops_mean" : 21482300.877014,
        "iops_stddev" : 67918.143828,
        "iops_samples" : 19231
      },
      "write" : {
        "io_bytes" : 104411664384,
        "io_kbytes" : 101964516,
        "bw_bytes" : 580058357,
        "bw" : 566463,
        "iops" : 141615.809824,
        "runtime" : 180002,
        "total_ios" : 25491129,
        "short_ios" : 0,
        "drop_ios" : 0,
        "slat_ns" : {
          "min" : 0,
          "max" : 0,
          "mean" : 0.000000,
          "stddev" : 0.000000,
          "N" : 0
        },
        "clat_ns" : {
          "min" : 153,
          "max" : 100168791,
          "mean" : 68873.044206,
          "stddev" : 67941.051068,
          "N" : 25491129,
          "percentile" : {
            "1.000000" : 17536,
            "5.000000" : 52480,
            "10.000000" : 55552,
            "20.000000" : 58624,
            "30.000000" : 61184,
            "40.000000" : 63744,
            "50.000000" : 66048,
            "60.000000" : 68096,
            "70.000000" : 70144,
            "80.000000" : 74240,
            "90.000000" : 79360,
            "95.000000" : 88576,
            "99.000000" : 134144,
            "99.500000" : 168960,
            "99.900000" : 444416,
            "99.950000" : 716800,
            "99.990000" : 2834432
          }
        },
        "lat_ns" : {
          "min" : 204,
          "max" : 100168887,
          "mean" : 69026.105798,
          "stddev" : 67961.510996,
          "N" : 25491129
        },
        "bw_min" : 164000,
        "bw_max" : 701080,
        "bw_agg" : 100.000000,
        "bw_mean" : 573016.682050,
        "bw_dev" : 5793.800737,
        "bw_samples" : 3554,
        "iops_min" : 41000,
        "iops_max" : 175270,
        "iops_mean" : 143252.045941,
        "iops_stddev" : 1448.435209,
        "iops_samples" : 3554
      },
      "trim" : {
        "io_bytes" : 0,
        "io_kbytes" : 0,
        "bw_bytes" : 0,
        "bw" : 0,
        "iops" : 0.000000,
        "runtime" : 0,
        "total_ios" : 0,
        "short_ios" : 0,
        "drop_ios" : 0,
        "slat_ns" : {
          "min" : 0,
          "max" : 0,
          "mean" : 0.000000,
          "stddev" : 0.000000,
          "N" : 0
        },
        "clat_ns" : {
          "min" : 0,
          "max" : 0,
          "mean" : 0.000000,
          "stddev" : 0.000000,
          "N" : 0
        },
        "lat_ns" : {
          "min" : 0,
          "max" : 0,
          "mean" : 0.000000,
          "stddev" : 0.000000,
          "N" : 0
        },
        "bw_min" : 0,
        "bw_max" : 0,
        "bw_agg" : 0.000000,
        "bw_mean" : 0.000000,
        "bw_dev" : 0.000000,
        "bw_samples" : 0,
        "iops_min" : 0,
        "iops_max" : 0,
        "iops_mean" : 0.000000,
        "iops_stddev" : 0.000000,
        "iops_samples" : 0
      },
      "sync" : {
        "total_ios" : 0,
        "lat_ns" : {
          "min" : 0,
          "max" : 0,
          "mean" : 0.000000,
          "stddev" : 0.000000,
          "N" : 0
        }
      },
      "job_runtime" : 11520007,
      "usr_cpu" : 67.103588,
      "sys_cpu" : 30.088697,
      "ctx" : 1297675,
      "majf" : 196629,
      "minf" : 50598734,
      "iodepth_level" : {
        "1" : 100.000000,
        "2" : 0.000000,
        "4" : 0.000000,
        "8" : 0.000000,
        "16" : 0.000000,
        "32" : 0.000000,
        ">=64" : 0.000000
      },
      "iodepth_submit" : {
        "0" : 0.000000,
        "4" : 100.000000,
        "8" : 0.000000,
        "16" : 0.000000,
        "32" : 0.000000,
        "64" : 0.000000,
        ">=64" : 0.000000
      },
      "iodepth_complete" : {
        "0" : 0.000000,
        "4" : 100.000000,
        "8" : 0.000000,
        "16" : 0.000000,
        "32" : 0.000000,
        "64" : 0.000000,
        ">=64" : 0.000000
      },
      "latency_ns" : {
        "2" : 0.000000,
        "4" : 0.000000,
        "10" : 0.000000,
        "20" : 0.000000,
        "50" : 0.000000,
        "100" : 0.000000,
        "250" : 0.030037,
        "500" : 2.028802,
        "750" : 23.283957,
        "1000" : 23.189492
      },
      "latency_us" : {
        "2" : 35.656116,
        "4" : 10.566829,
        "10" : 3.894093,
        "20" : 0.033935,
        "50" : 0.018452,
        "100" : 1.243532,
        "250" : 0.048223,
        "500" : 0.010000,
        "750" : 0.010000,
        "1000" : 0.010000
      },
      "latency_ms" : {
        "2" : 0.010000,
        "4" : 0.010000,
        "10" : 0.010000,
        "20" : 0.010000,
        "50" : 0.010000,
        "100" : 0.010000,
        "250" : 0.010000,
        "500" : 0.000000,
        "750" : 0.000000,
        "1000" : 0.000000,
        "2000" : 0.000000,
        ">=2000" : 0.000000
      },
      "latency_depth" : 1,
      "latency_target" : 0,
      "latency_percentile" : 100.000000,
      "latency_window" : 0
    }
  ],
  "disk_util" : [
    {
      "name" : "sda",
      "read_ios" : 196623,
      "write_ios" : 72026,
      "read_sectors" : 1574432,
      "write_sectors" : 21732376,
      "read_merges" : 181,
      "write_merges" : 538,
      "read_ticks" : 155873,
      "write_ticks" : 10136076,
      "in_queue" : 10291954,
      "util" : 14.860343
    }
  ]
}
