{
  "fio version" : "fio-3.40",
  "timestamp" : 1772003493,
  "timestamp_ms" : 1772003493182,
  "time" : "Wed Feb 25 08:11:33 2026",
  "global options" : {
    "group_reporting" : "",
    "ioengine" : "mmap",
    "size" : "768m",
    "thread" : "1",
    "directory" : "/tmp",
    "time_based" : "",
    "runtime" : "180",
    "norandommap" : "1",
    "filename" : "/tmp/fio_readwrite",
    "share_mmap" : "1",
    "repl" : "1"
  },
  "jobs" : [
    {
      "jobname" : "writers",
      "groupid" : 0,
      "job_start" : 1772003313140,
      "error" : 0,
      "eta" : 0,
      "elapsed" : 181,
      "job options" : {
        "rw" : "randread",
        "random_distribution" : "random",
        "numjobs" : "6"
      },
      "read" : {
        "io_bytes" : 1066953396224,
        "io_kbytes" : 1041946676,
        "bw_bytes" : 5927453007,
        "bw" : 5788528,
        "iops" : 1447132.081866,
        "runtime" : 180002,
        "total_ios" : 260486669,
        "short_ios" : 0,
        "drop_ios" : 0,
        "slat_ns" : {
          "min" : 0,
          "max" : 0,
          "mean" : 0.000000,
          "stddev" : 0.000000,
          "N" : 0
        },
        "clat_ns" : {
          "min" : 128,
          "max" : 44095910,
          "mean" : 3055.870489,
          "stddev" : 13346.154647,
          "N" : 260486669,
          "percentile" : {
            "1.000000" : 988,
            "5.000000" : 1448,
            "10.000000" : 1752,
            "20.000000" : 2160,
            "30.000000" : 2416,
            "40.000000" : 2672,
            "50.000000" : 2896,
            "60.000000" : 3120,
            "70.000000" : 3376,
            "80.000000" : 3696,
            "90.000000" : 4192,
            "95.000000" : 4640,
            "99.000000" : 5792,
            "99.500000" : 6304,
            "99.900000" : 9280,
            "99.950000" : 20096,
            "99.990000" : 48384
          }
        },
        "lat_ns" : {
          "min" : 164,
          "max" : 44095953,
          "mean" : 3129.955459,
          "stddev" : 13443.615368,
          "N" : 260486669
        },
        "bw_min" : 4024,
        "bw_max" : 7061194,
        "bw_agg" : 100.000000,
        "bw_mean" : 5859034.892958,
        "bw_dev" : 142727.028157,
        "bw_samples" : 2130,
        "iops_min" : 1006,
        "iops_max" : 1765304,
        "iops_mean" : 1464757.270423,
        "iops_stddev" : 35681.743624,
        "iops_samples" : 2130
      },
      "write" : {
        "io_bytes" : 9967176654848,
        "io_kbytes" : 9733570952,
        "bw_bytes" : 55371973149,
        "bw" : 54074192,
        "iops" : 13518548.132264,
        "runtime" : 180004,
        "total_ios" : 2433392738,
        "short_ios" : 0,
        "drop_ios" : 0,
        "slat_ns" : {
          "min" : 0,
          "max" : 0,
          "mean" : 0.000000,
          "stddev" : 0.000000,
          "N" : 0
        },
        "clat_ns" : {
          "min" : 124,
          "max" : 100042090,
          "mean" : 3011.642642,
          "stddev" : 14750.333962,
          "N" : 2433392738,
          "percentile" : {
            "1.000000" : 972,
            "5.000000" : 1384,
            "10.000000" : 1656,
            "20.000000" : 2024,
            "30.000000" : 2288,
            "40.000000" : 2512,
            "50.000000" : 2736,
            "60.000000" : 2992,
            "70.000000" : 3248,
            "80.000000" : 3600,
            "90.000000" : 4128,
            "95.000000" : 4640,
            "99.000000" : 5728,
            "99.500000" : 6368,
            "99.900000" : 21120,
            "99.950000" : 64256,
            "99.990000" : 181248
          }
        },
        "lat_ns" : {
          "min" : 174,
          "max" : 100042157,
          "mean" : 3153.554145,
          "stddev" : 14976.145582,
          "N" : 2433392738
        },
        "bw_min" : 40040,
        "bw_max" : 63867760,
        "bw_agg" : 100.000000,
        "bw_mean" : 54733789.292958,
        "bw_dev" : 143498.053170,
        "bw_samples" : 20590,
        "iops_min" : 10010,
        "iops_max" : 15966932,
        "iops_mean" : 13683435.211268,
        "iops_stddev" : 35874.493506,
        "iops_samples" : 20590
      },
      "trim" : {
        "io_bytes" : 0,
        "io_kbytes" : 0,
        "bw_bytes" : 0,
        "bw" : 0,
        "iops" : 0.000000,
        "runtime" : 0,
        "total_ios" : 0,
        "short_ios" : 0,
        "drop_ios" : 0,
        "slat_ns" : {
          "min" : 0,
          "max" : 0,
          "mean" : 0.000000,
          "stddev" : 0.000000,
          "N" : 0
        },
        "clat_ns" : {
          "min" : 0,
          "max" : 0,
          "mean" : 0.000000,
          "stddev" : 0.000000,
          "N" : 0
        },
        "lat_ns" : {
          "min" : 0,
          "max" : 0,
          "mean" : 0.000000,
          "stddev" : 0.000000,
          "N" : 0
        },
        "bw_min" : 0,
        "bw_max" : 0,
        "bw_agg" : 0.000000,
        "bw_mean" : 0.000000,
        "bw_dev" : 0.000000,
        "bw_samples" : 0,
        "iops_min" : 0,
        "iops_max" : 0,
        "iops_mean" : 0.000000,
        "iops_stddev" : 0.000000,
        "iops_samples" : 0
      },
      "sync" : {
        "total_ios" : 0,
        "lat_ns" : {
          "min" : 0,
          "max" : 0,
          "mean" : 0.000000,
          "stddev" : 0.000000,
          "N" : 0
        }
      },
      "job_runtime" : 11520033,
      "usr_cpu" : 94.934633,
      "sys_cpu" : 1.363295,
      "ctx" : 748971,
      "majf" : 196605,
      "minf" : 1691053,
      "iodepth_level" : {
        "1" : 100.000000,
        "2" : 0.000000,
        "4" : 0.000000,
        "8" : 0.000000,
        "16" : 0.000000,
        "32" : 0.000000,
        ">=64" : 0.000000
      },
      "iodepth_submit" : {
        "0" : 0.000000,
        "4" : 100.000000,
        "8" : 0.000000,
        "16" : 0.000000,
        "32" : 0.000000,
        "64" : 0.000000,
        ">=64" : 0.000000
      },
      "iodepth_complete" : {
        "0" : 0.000000,
        "4" : 100.000000,
        "8" : 0.000000,
        "16" : 0.000000,
        "32" : 0.000000,
        "64" : 0.000000,
        ">=64" : 0.000000
      },
      "latency_ns" : {
        "2" : 0.000000,
        "4" : 0.000000,
        "10" : 0.000000,
        "20" : 0.000000,
        "50" : 0.000000,
        "100" : 0.000000,
        "250" : 0.020778,
        "500" : 0.034987,
        "750" : 0.190754,
        "1000" : 0.894815
      },
      "latency_us" : {
        "2" : 17.469008,
        "4" : 69.099806,
        "10" : 12.137133,
        "20" : 0.046708,
        "50" : 0.058393,
        "100" : 0.015729,
        "250" : 0.022870,
        "500" : 0.010000,
        "750" : 0.010000,
        "1000" : 0.010000
      },
      "latency_ms" : {
        "2" : 0.010000,
        "4" : 0.010000,
        "10" : 0.010000,
        "20" : 0.010000,
        "50" : 0.010000,
        "100" : 0.000000,
        "250" : 0.010000,
        "500" : 0.000000,
        "750" : 0.000000,
        "1000" : 0.000000,
        "2000" : 0.000000,
        ">=2000" : 0.000000
      },
      "latency_depth" : 1,
      "latency_target" : 0,
      "latency_percentile" : 100.000000,
      "latency_window" : 0
    }
  ],
  "disk_util" : [
    {
      "name" : "sda",
      "read_ios" : 196561,
      "write_ios" : 79682,
      "read_sectors" : 1574120,
      "write_sectors" : 14855984,
      "read_merges" : 204,
      "write_merges" : 3073,
      "read_ticks" : 174923,
      "write_ticks" : 57591200,
      "in_queue" : 57766132,
      "util" : 9.412184
    }
  ]
}
