{
  "fio version" : "fio-3.40",
  "timestamp" : 1771992639,
  "timestamp_ms" : 1771992639109,
  "time" : "Wed Feb 25 05:10:39 2026",
  "global options" : {
    "group_reporting" : "",
    "ioengine" : "mmap",
    "size" : "768m",
    "thread" : "1",
    "directory" : "/tmp",
    "time_based" : "",
    "runtime" : "180",
    "norandommap" : "1",
    "filename" : "/tmp/fio_readwrite",
    "share_mmap" : "1",
    "repl" : "1"
  },
  "jobs" : [
    {
      "jobname" : "writers",
      "groupid" : 0,
      "job_start" : 1771992458842,
      "error" : 0,
      "eta" : 0,
      "elapsed" : 181,
      "job options" : {
        "rw" : "randread",
        "random_distribution" : "random",
        "numjobs" : "45"
      },
      "read" : {
        "io_bytes" : 10236491534336,
        "io_kbytes" : 9996573764,
        "bw_bytes" : 56868765537,
        "bw" : 55535903,
        "iops" : 13883975.961378,
        "runtime" : 180002,
        "total_ios" : 2499143441,
        "short_ios" : 0,
        "drop_ios" : 0,
        "slat_ns" : {
          "min" : 0,
          "max" : 0,
          "mean" : 0.000000,
          "stddev" : 0.000000,
          "N" : 0
        },
        "clat_ns" : {
          "min" : 125,
          "max" : 52032701,
          "mean" : 2478.483727,
          "stddev" : 11886.145794,
          "N" : 2499143441,
          "percentile" : {
            "1.000000" : 908,
            "5.000000" : 1304,
            "10.000000" : 1528,
            "20.000000" : 1816,
            "30.000000" : 2008,
            "40.000000" : 2192,
            "50.000000" : 2352,
            "60.000000" : 2512,
            "70.000000" : 2704,
            "80.000000" : 2960,
            "90.000000" : 3312,
            "95.000000" : 3696,
            "99.000000" : 4512,
            "99.500000" : 4832,
            "99.900000" : 5984,
            "99.950000" : 14528,
            "99.990000" : 25472
          }
        },
        "lat_ns" : {
          "min" : 161,
          "max" : 52032743,
          "mean" : 2560.313009,
          "stddev" : 12007.853712,
          "N" : 2499143441
        },
        "bw_min" : 101192,
        "bw_max" : 63882374,
        "bw_agg" : 100.000000,
        "bw_mean" : 55895608.676966,
        "bw_dev" : 182627.059108,
        "bw_samples" : 16020,
        "iops_min" : 25298,
        "iops_max" : 15970585,
        "iops_mean" : 13973892.570225,
        "iops_stddev" : 45656.745263,
        "iops_samples" : 16020
      },
      "write" : {
        "io_bytes" : 4118852427776,
        "io_kbytes" : 4022316824,
        "bw_bytes" : 22882132118,
        "bw" : 22345832,
        "iops" : 5586458.036810,
        "runtime" : 180003,
        "total_ios" : 1005579206,
        "short_ios" : 0,
        "drop_ios" : 0,
        "slat_ns" : {
          "min" : 0,
          "max" : 0,
          "mean" : 0.000000,
          "stddev" : 0.000000,
          "N" : 0
        },
        "clat_ns" : {
          "min" : 123,
          "max" : 48043916,
          "mean" : 2564.869159,
          "stddev" : 13727.528914,
          "N" : 1005579206,
          "percentile" : {
            "1.000000" : 956,
            "5.000000" : 1336,
            "10.000000" : 1544,
            "20.000000" : 1816,
            "30.000000" : 2024,
            "40.000000" : 2192,
            "50.000000" : 2352,
            "60.000000" : 2544,
            "70.000000" : 2704,
            "80.000000" : 2928,
            "90.000000" : 3280,
            "95.000000" : 3632,
            "99.000000" : 4576,
            "99.500000" : 5152,
            "99.900000" : 23424,
            "99.950000" : 62208,
            "99.990000" : 99840
          }
        },
        "lat_ns" : {
          "min" : 175,
          "max" : 48043993,
          "mean" : 2672.250361,
          "stddev" : 13959.264728,
          "N" : 1005579206
        },
        "bw_min" : 42432,
        "bw_max" : 25596529,
        "bw_agg" : 100.000000,
        "bw_mean" : 22491865.205056,
        "bw_dev" : 171287.262939,
        "bw_samples" : 6764,
        "iops_min" : 10608,
        "iops_max" : 6399128,
        "iops_mean" : 5622962.823034,
        "iops_stddev" : 42821.784100,
        "iops_samples" : 6764
      },
      "trim" : {
        "io_bytes" : 0,
        "io_kbytes" : 0,
        "bw_bytes" : 0,
        "bw" : 0,
        "iops" : 0.000000,
        "runtime" : 0,
        "total_ios" : 0,
        "short_ios" : 0,
        "drop_ios" : 0,
        "slat_ns" : {
          "min" : 0,
          "max" : 0,
          "mean" : 0.000000,
          "stddev" : 0.000000,
          "N" : 0
        },
        "clat_ns" : {
          "min" : 0,
          "max" : 0,
          "mean" : 0.000000,
          "stddev" : 0.000000,
          "N" : 0
        },
        "lat_ns" : {
          "min" : 0,
          "max" : 0,
          "mean" : 0.000000,
          "stddev" : 0.000000,
          "N" : 0
        },
        "bw_min" : 0,
        "bw_max" : 0,
        "bw_agg" : 0.000000,
        "bw_mean" : 0.000000,
        "bw_dev" : 0.000000,
        "bw_samples" : 0,
        "iops_min" : 0,
        "iops_max" : 0,
        "iops_mean" : 0.000000,
        "iops_stddev" : 0.000000,
        "iops_samples" : 0
      },
      "sync" : {
        "total_ios" : 0,
        "lat_ns" : {
          "min" : 0,
          "max" : 0,
          "mean" : 0.000000,
          "stddev" : 0.000000,
          "N" : 0
        }
      },
      "job_runtime" : 11520010,
      "usr_cpu" : 96.170594,
      "sys_cpu" : 0.837378,
      "ctx" : 550949,
      "majf" : 196609,
      "minf" : 2704218,
      "iodepth_level" : {
        "1" : 100.000000,
        "2" : 0.000000,
        "4" : 0.000000,
        "8" : 0.000000,
        "16" : 0.000000,
        "32" : 0.000000,
        ">=64" : 0.000000
      },
      "iodepth_submit" : {
        "0" : 0.000000,
        "4" : 100.000000,
        "8" : 0.000000,
        "16" : 0.000000,
        "32" : 0.000000,
        "64" : 0.000000,
        ">=64" : 0.000000
      },
      "iodepth_complete" : {
        "0" : 0.000000,
        "4" : 100.000000,
        "8" : 0.000000,
        "16" : 0.000000,
        "32" : 0.000000,
        "64" : 0.000000,
        ">=64" : 0.000000
      },
      "latency_ns" : {
        "2" : 0.000000,
        "4" : 0.000000,
        "10" : 0.000000,
        "20" : 0.000000,
        "50" : 0.000000,
        "100" : 0.000000,
        "250" : 0.026440,
        "500" : 0.039944,
        "750" : 0.281659,
        "1000" : 1.149707
      },
      "latency_us" : {
        "2" : 27.898003,
        "4" : 67.918270,
        "10" : 2.545360,
        "20" : 0.091812,
        "50" : 0.024060,
        "100" : 0.016491,
        "250" : 0.010000,
        "500" : 0.010000,
        "750" : 0.010000,
        "1000" : 0.010000
      },
      "latency_ms" : {
        "2" : 0.010000,
        "4" : 0.010000,
        "10" : 0.010000,
        "20" : 0.010000,
        "50" : 0.010000,
        "100" : 0.010000,
        "250" : 0.000000,
        "500" : 0.000000,
        "750" : 0.000000,
        "1000" : 0.000000,
        "2000" : 0.000000,
        ">=2000" : 0.000000
      },
      "latency_depth" : 1,
      "latency_target" : 0,
      "latency_percentile" : 100.000000,
      "latency_window" : 0
    }
  ],
  "disk_util" : [
    {
      "name" : "sda",
      "read_ios" : 196563,
      "write_ios" : 68928,
      "read_sectors" : 1574136,
      "write_sectors" : 21213576,
      "read_merges" : 204,
      "write_merges" : 1663,
      "read_ticks" : 154840,
      "write_ticks" : 106272360,
      "in_queue" : 106427207,
      "util" : 12.585191
    }
  ]
}
