{
  "fio version" : "fio-3.40",
  "timestamp" : 1769905926,
  "timestamp_ms" : 1769905926408,
  "time" : "Sun Feb  1 01:32:06 2026",
  "global options" : {
    "group_reporting" : "",
    "ioengine" : "mmap",
    "size" : "768m",
    "thread" : "1",
    "directory" : "/tmp",
    "time_based" : "",
    "runtime" : "180",
    "norandommap" : "1",
    "filename" : "/tmp/fio_readwrite",
    "share_mmap" : "1",
    "repl" : "1"
  },
  "jobs" : [
    {
      "jobname" : "writers",
      "groupid" : 0,
      "job_start" : 1769905746098,
      "error" : 0,
      "eta" : 0,
      "elapsed" : 181,
      "job options" : {
        "rw" : "randread",
        "random_distribution" : "random",
        "numjobs" : "26"
      },
      "read" : {
        "io_bytes" : 1078281326592,
        "io_kbytes" : 1053009108,
        "bw_bytes" : 5990385254,
        "bw" : 5849985,
        "iops" : 1462496.400040,
        "runtime" : 180002,
        "total_ios" : 263252277,
        "short_ios" : 0,
        "drop_ios" : 0,
        "slat_ns" : {
          "min" : 0,
          "max" : 0,
          "mean" : 0.000000,
          "stddev" : 0.000000,
          "N" : 0
        },
        "clat_ns" : {
          "min" : 99,
          "max" : 56523535,
          "mean" : 17142.367191,
          "stddev" : 49448.807728,
          "N" : 263252277,
          "percentile" : {
            "1.000000" : 442,
            "5.000000" : 510,
            "10.000000" : 548,
            "20.000000" : 612,
            "30.000000" : 692,
            "40.000000" : 788,
            "50.000000" : 868,
            "60.000000" : 972,
            "70.000000" : 1208,
            "80.000000" : 4080,
            "90.000000" : 81408,
            "95.000000" : 93696,
            "99.000000" : 142336,
            "99.500000" : 173056,
            "99.900000" : 246784,
            "99.950000" : 292864,
            "99.990000" : 1056768
          }
        },
        "lat_ns" : {
          "min" : 127,
          "max" : 56523588,
          "mean" : 17199.291842,
          "stddev" : 49478.367208,
          "N" : 263252277
        },
        "bw_min" : 303125,
        "bw_max" : 11164119,
        "bw_agg" : 100.000000,
        "bw_mean" : 5889402.162636,
        "bw_dev" : 72567.926455,
        "bw_samples" : 9274,
        "iops_min" : 75774,
        "iops_max" : 2791027,
        "iops_mean" : 1472344.763576,
        "iops_stddev" : 18141.965879,
        "iops_samples" : 9274
      },
      "write" : {
        "io_bytes" : 320033591296,
        "io_kbytes" : 312532804,
        "bw_bytes" : 1777944641,
        "bw" : 1736274,
        "iops" : 434068.515905,
        "runtime" : 180002,
        "total_ios" : 78133201,
        "short_ios" : 0,
        "drop_ios" : 0,
        "slat_ns" : {
          "min" : 0,
          "max" : 0,
          "mean" : 0.000000,
          "stddev" : 0.000000,
          "N" : 0
        },
        "clat_ns" : {
          "min" : 105,
          "max" : 52195427,
          "mean" : 86478.010413,
          "stddev" : 89815.716368,
          "N" : 78133201,
          "percentile" : {
            "1.000000" : 556,
            "5.000000" : 684,
            "10.000000" : 836,
            "20.000000" : 2128,
            "30.000000" : 70144,
            "40.000000" : 76288,
            "50.000000" : 81408,
            "60.000000" : 88576,
            "70.000000" : 99840,
            "80.000000" : 140288,
            "90.000000" : 164864,
            "95.000000" : 183296,
            "99.000000" : 244736,
            "99.500000" : 280576,
            "99.900000" : 724992,
            "99.950000" : 1028096,
            "99.990000" : 4079616
          }
        },
        "lat_ns" : {
          "min" : 149,
          "max" : 52195551,
          "mean" : 86601.198251,
          "stddev" : 89835.791573,
          "N" : 78133201
        },
        "bw_min" : 214320,
        "bw_max" : 2566395,
        "bw_agg" : 100.000000,
        "bw_mean" : 1745231.252639,
        "bw_dev" : 7309.395891,
        "bw_samples" : 13594,
        "iops_min" : 53570,
        "iops_max" : 641595,
        "iops_mean" : 436299.822730,
        "iops_stddev" : 1827.338160,
        "iops_samples" : 13594
      },
      "trim" : {
        "io_bytes" : 0,
        "io_kbytes" : 0,
        "bw_bytes" : 0,
        "bw" : 0,
        "iops" : 0.000000,
        "runtime" : 0,
        "total_ios" : 0,
        "short_ios" : 0,
        "drop_ios" : 0,
        "slat_ns" : {
          "min" : 0,
          "max" : 0,
          "mean" : 0.000000,
          "stddev" : 0.000000,
          "N" : 0
        },
        "clat_ns" : {
          "min" : 0,
          "max" : 0,
          "mean" : 0.000000,
          "stddev" : 0.000000,
          "N" : 0
        },
        "lat_ns" : {
          "min" : 0,
          "max" : 0,
          "mean" : 0.000000,
          "stddev" : 0.000000,
          "N" : 0
        },
        "bw_min" : 0,
        "bw_max" : 0,
        "bw_agg" : 0.000000,
        "bw_mean" : 0.000000,
        "bw_dev" : 0.000000,
        "bw_samples" : 0,
        "iops_min" : 0,
        "iops_max" : 0,
        "iops_mean" : 0.000000,
        "iops_stddev" : 0.000000,
        "iops_samples" : 0
      },
      "sync" : {
        "total_ios" : 0,
        "lat_ns" : {
          "min" : 0,
          "max" : 0,
          "mean" : 0.000000,
          "stddev" : 0.000000,
          "N" : 0
        }
      },
      "job_runtime" : 11520005,
      "usr_cpu" : 5.727576,
      "sys_cpu" : 91.485325,
      "ctx" : 853022,
      "majf" : 196629,
      "minf" : 106154232,
      "iodepth_level" : {
        "1" : 100.000000,
        "2" : 0.000000,
        "4" : 0.000000,
        "8" : 0.000000,
        "16" : 0.000000,
        "32" : 0.000000,
        ">=64" : 0.000000
      },
      "iodepth_submit" : {
        "0" : 0.000000,
        "4" : 100.000000,
        "8" : 0.000000,
        "16" : 0.000000,
        "32" : 0.000000,
        "64" : 0.000000,
        ">=64" : 0.000000
      },
      "iodepth_complete" : {
        "0" : 0.000000,
        "4" : 100.000000,
        "8" : 0.000000,
        "16" : 0.000000,
        "32" : 0.000000,
        "64" : 0.000000,
        ">=64" : 0.000000
      },
      "latency_ns" : {
        "2" : 0.000000,
        "4" : 0.000000,
        "10" : 0.000000,
        "20" : 0.000000,
        "50" : 0.000000,
        "100" : 0.010000,
        "250" : 0.034679,
        "500" : 3.210192,
        "750" : 26.169972,
        "1000" : 21.727899
      },
      "latency_us" : {
        "2" : 10.554079,
        "4" : 4.876260,
        "10" : 2.267442,
        "20" : 0.043406,
        "50" : 0.047935,
        "100" : 21.344007,
        "250" : 9.443696,
        "500" : 0.225538,
        "750" : 0.019054,
        "1000" : 0.015322
      },
      "latency_ms" : {
        "2" : 0.010000,
        "4" : 0.010000,
        "10" : 0.010000,
        "20" : 0.010000,
        "50" : 0.010000,
        "100" : 0.010000,
        "250" : 0.000000,
        "500" : 0.000000,
        "750" : 0.000000,
        "1000" : 0.000000,
        "2000" : 0.000000,
        ">=2000" : 0.000000
      },
      "latency_depth" : 1,
      "latency_target" : 0,
      "latency_percentile" : 100.000000,
      "latency_window" : 0
    }
  ],
  "disk_util" : [
    {
      "name" : "sdb",
      "read_ios" : 196595,
      "write_ios" : 70665,
      "read_sectors" : 1574320,
      "write_sectors" : 25077760,
      "read_merges" : 195,
      "write_merges" : 726,
      "read_ticks" : 173708,
      "write_ticks" : 44796270,
      "in_queue" : 44969982,
      "util" : 15.956624
    }
  ]
}
