{
  "fio version" : "fio-3.40",
  "timestamp" : 1771879631,
  "timestamp_ms" : 1771879631365,
  "time" : "Mon Feb 23 21:47:11 2026",
  "global options" : {
    "group_reporting" : "",
    "ioengine" : "mmap",
    "size" : "768m",
    "thread" : "1",
    "directory" : "/tmp",
    "time_based" : "",
    "runtime" : "180",
    "norandommap" : "1",
    "filename" : "/tmp/fio_readwrite",
    "share_mmap" : "1",
    "repl" : "1"
  },
  "jobs" : [
    {
      "jobname" : "writers",
      "groupid" : 0,
      "job_start" : 1771879451297,
      "error" : 0,
      "eta" : 0,
      "elapsed" : 181,
      "job options" : {
        "rw" : "randread",
        "random_distribution" : "random",
        "numjobs" : "51"
      },
      "read" : {
        "io_bytes" : 11322585690112,
        "io_kbytes" : 11057212588,
        "bw_bytes" : 62902554916,
        "bw" : 61428276,
        "iops" : 15357069.071455,
        "runtime" : 180002,
        "total_ios" : 2764303147,
        "short_ios" : 0,
        "drop_ios" : 0,
        "slat_ns" : {
          "min" : 0,
          "max" : 0,
          "mean" : 0.000000,
          "stddev" : 0.000000,
          "N" : 0
        },
        "clat_ns" : {
          "min" : 125,
          "max" : 8228162,
          "mean" : 2562.337389,
          "stddev" : 9015.732965,
          "N" : 2764303147,
          "percentile" : {
            "1.000000" : 516,
            "5.000000" : 604,
            "10.000000" : 732,
            "20.000000" : 1032,
            "30.000000" : 1672,
            "40.000000" : 2128,
            "50.000000" : 2448,
            "60.000000" : 2736,
            "70.000000" : 3024,
            "80.000000" : 3344,
            "90.000000" : 3760,
            "95.000000" : 4128,
            "99.000000" : 5088,
            "99.500000" : 5792,
            "99.900000" : 67072,
            "99.950000" : 75264,
            "99.990000" : 117248
          }
        },
        "lat_ns" : {
          "min" : 161,
          "max" : 8228236,
          "mean" : 2646.560195,
          "stddev" : 9039.281073,
          "N" : 2764303147
        },
        "bw_min" : 29219,
        "bw_max" : 91560733,
        "bw_agg" : 100.000000,
        "bw_mean" : 62173710.797040,
        "bw_dev" : 325008.540486,
        "bw_samples" : 18103,
        "iops_min" : 7289,
        "iops_max" : 22890166,
        "iops_mean" : 15543414.512994,
        "iops_stddev" : 81252.116544,
        "iops_samples" : 18103
      },
      "write" : {
        "io_bytes" : 2197613633536,
        "io_kbytes" : 2146107064,
        "bw_bytes" : 12208828977,
        "bw" : 11922684,
        "iops" : 2980671.136987,
        "runtime" : 180002,
        "total_ios" : 536526766,
        "short_ios" : 0,
        "drop_ios" : 0,
        "slat_ns" : {
          "min" : 0,
          "max" : 0,
          "mean" : 0.000000,
          "stddev" : 0.000000,
          "N" : 0
        },
        "clat_ns" : {
          "min" : 129,
          "max" : 20172617,
          "mean" : 3565.638333,
          "stddev" : 11920.538202,
          "N" : 536526766,
          "percentile" : {
            "1.000000" : 1208,
            "5.000000" : 1592,
            "10.000000" : 1800,
            "20.000000" : 2064,
            "30.000000" : 2256,
            "40.000000" : 2448,
            "50.000000" : 2608,
            "60.000000" : 2800,
            "70.000000" : 2992,
            "80.000000" : 3216,
            "90.000000" : 3568,
            "95.000000" : 3920,
            "99.000000" : 59648,
            "99.500000" : 69120,
            "99.900000" : 86528,
            "99.950000" : 103936,
            "99.990000" : 191488
          }
        },
        "lat_ns" : {
          "min" : 189,
          "max" : 20172727,
          "mean" : 3666.636821,
          "stddev" : 11931.206795,
          "N" : 536526766
        },
        "bw_min" : 5851,
        "bw_max" : 15409445,
        "bw_agg" : 100.000000,
        "bw_mean" : 12066203.430986,
        "bw_dev" : 457154.977296,
        "bw_samples" : 4615,
        "iops_min" : 1458,
        "iops_max" : 3852366,
        "iops_mean" : 3016548.515493,
        "iops_stddev" : 114288.753286,
        "iops_samples" : 4615
      },
      "trim" : {
        "io_bytes" : 0,
        "io_kbytes" : 0,
        "bw_bytes" : 0,
        "bw" : 0,
        "iops" : 0.000000,
        "runtime" : 0,
        "total_ios" : 0,
        "short_ios" : 0,
        "drop_ios" : 0,
        "slat_ns" : {
          "min" : 0,
          "max" : 0,
          "mean" : 0.000000,
          "stddev" : 0.000000,
          "N" : 0
        },
        "clat_ns" : {
          "min" : 0,
          "max" : 0,
          "mean" : 0.000000,
          "stddev" : 0.000000,
          "N" : 0
        },
        "lat_ns" : {
          "min" : 0,
          "max" : 0,
          "mean" : 0.000000,
          "stddev" : 0.000000,
          "N" : 0
        },
        "bw_min" : 0,
        "bw_max" : 0,
        "bw_agg" : 0.000000,
        "bw_mean" : 0.000000,
        "bw_dev" : 0.000000,
        "bw_samples" : 0,
        "iops_min" : 0,
        "iops_max" : 0,
        "iops_mean" : 0.000000,
        "iops_stddev" : 0.000000,
        "iops_samples" : 0
      },
      "sync" : {
        "total_ios" : 0,
        "lat_ns" : {
          "min" : 0,
          "max" : 0,
          "mean" : 0.000000,
          "stddev" : 0.000000,
          "N" : 0
        }
      },
      "job_runtime" : 11520008,
      "usr_cpu" : 89.257881,
      "sys_cpu" : 7.818241,
      "ctx" : 938389,
      "majf" : 193023,
      "minf" : 13512738,
      "iodepth_level" : {
        "1" : 100.000000,
        "2" : 0.000000,
        "4" : 0.000000,
        "8" : 0.000000,
        "16" : 0.000000,
        "32" : 0.000000,
        ">=64" : 0.000000
      },
      "iodepth_submit" : {
        "0" : 0.000000,
        "4" : 100.000000,
        "8" : 0.000000,
        "16" : 0.000000,
        "32" : 0.000000,
        "64" : 0.000000,
        ">=64" : 0.000000
      },
      "iodepth_complete" : {
        "0" : 0.000000,
        "4" : 100.000000,
        "8" : 0.000000,
        "16" : 0.000000,
        "32" : 0.000000,
        "64" : 0.000000,
        ">=64" : 0.000000
      },
      "latency_ns" : {
        "2" : 0.000000,
        "4" : 0.000000,
        "10" : 0.000000,
        "20" : 0.000000,
        "50" : 0.000000,
        "100" : 0.000000,
        "250" : 0.030841,
        "500" : 0.504688,
        "750" : 8.479189,
        "1000" : 7.192283
      },
      "latency_us" : {
        "2" : 17.221392,
        "4" : 60.535442,
        "10" : 5.558885,
        "20" : 0.057429,
        "50" : 0.017341,
        "100" : 0.380059,
        "250" : 0.016237,
        "500" : 0.010000,
        "750" : 0.010000,
        "1000" : 0.010000
      },
      "latency_ms" : {
        "2" : 0.010000,
        "4" : 0.010000,
        "10" : 0.010000,
        "20" : 0.000000,
        "50" : 0.010000,
        "100" : 0.000000,
        "250" : 0.000000,
        "500" : 0.000000,
        "750" : 0.000000,
        "1000" : 0.000000,
        "2000" : 0.000000,
        ">=2000" : 0.000000
      },
      "latency_depth" : 1,
      "latency_target" : 0,
      "latency_percentile" : 100.000000,
      "latency_window" : 0
    }
  ],
  "disk_util" : [
    {
      "name" : "sda",
      "read_ios" : 193131,
      "write_ios" : 183345,
      "read_sectors" : 1555720,
      "write_sectors" : 3338280,
      "read_merges" : 408,
      "write_merges" : 9791,
      "read_ticks" : 167882,
      "write_ticks" : 5443830,
      "in_queue" : 5611720,
      "util" : 4.019966
    }
  ]
}
