{
  "fio version" : "fio-3.40",
  "timestamp" : 1772069292,
  "timestamp_ms" : 1772069292376,
  "time" : "Thu Feb 26 02:28:12 2026",
  "global options" : {
    "group_reporting" : "",
    "ioengine" : "mmap",
    "size" : "768m",
    "thread" : "1",
    "directory" : "/tmp",
    "time_based" : "",
    "runtime" : "210",
    "norandommap" : "1",
    "filename" : "/tmp/fio_readwrite",
    "share_mmap" : "1",
    "repl" : "1"
  },
  "jobs" : [
    {
      "jobname" : "writers",
      "groupid" : 0,
      "job_start" : 1772069082168,
      "error" : 0,
      "eta" : 0,
      "elapsed" : 211,
      "job options" : {
        "rw" : "randread",
        "random_distribution" : "random",
        "numjobs" : "19"
      },
      "read" : {
        "io_bytes" : 551573254144,
        "io_kbytes" : 538645756,
        "bw_bytes" : 2626514291,
        "bw" : 2564955,
        "iops" : 641238.840582,
        "runtime" : 210002,
        "total_ios" : 134661439,
        "short_ios" : 0,
        "drop_ios" : 0,
        "slat_ns" : {
          "min" : 0,
          "max" : 0,
          "mean" : 0.000000,
          "stddev" : 0.000000,
          "N" : 0
        },
        "clat_ns" : {
          "min" : 100,
          "max" : 72230004,
          "mean" : 28970.035781,
          "stddev" : 70534.625030,
          "N" : 134661439,
          "percentile" : {
            "1.000000" : 446,
            "5.000000" : 532,
            "10.000000" : 572,
            "20.000000" : 644,
            "30.000000" : 740,
            "40.000000" : 836,
            "50.000000" : 948,
            "60.000000" : 1208,
            "70.000000" : 5600,
            "80.000000" : 78336,
            "90.000000" : 92672,
            "95.000000" : 105984,
            "99.000000" : 183296,
            "99.500000" : 218112,
            "99.900000" : 305152,
            "99.950000" : 415744,
            "99.990000" : 1974272
          }
        },
        "lat_ns" : {
          "min" : 128,
          "max" : 72230033,
          "mean" : 29026.185769,
          "stddev" : 70681.732847,
          "N" : 134661439
        },
        "bw_min" : 156464,
        "bw_max" : 7992767,
        "bw_agg" : 100.000000,
        "bw_mean" : 2579829.805140,
        "bw_dev" : 47319.523990,
        "bw_samples" : 7925,
        "iops_min" : 39116,
        "iops_max" : 1998193,
        "iops_mean" : 644954.466291,
        "iops_stddev" : 11829.878693,
        "iops_samples" : 7925
      },
      "write" : {
        "io_bytes" : 433731801088,
        "io_kbytes" : 423566212,
        "bw_bytes" : 2065369858,
        "bw" : 2016962,
        "iops" : 504240.688184,
        "runtime" : 210002,
        "total_ios" : 105891553,
        "short_ios" : 0,
        "drop_ios" : 0,
        "slat_ns" : {
          "min" : 0,
          "max" : 0,
          "mean" : 0.000000,
          "stddev" : 0.000000,
          "N" : 0
        },
        "clat_ns" : {
          "min" : 104,
          "max" : 100133674,
          "mean" : 88210.892228,
          "stddev" : 116441.037084,
          "N" : 105891553,
          "percentile" : {
            "1.000000" : 524,
            "5.000000" : 612,
            "10.000000" : 700,
            "20.000000" : 900,
            "30.000000" : 2640,
            "40.000000" : 73216,
            "50.000000" : 82432,
            "60.000000" : 94720,
            "70.000000" : 138240,
            "80.000000" : 156672,
            "90.000000" : 175104,
            "95.000000" : 199680,
            "99.000000" : 276480,
            "99.500000" : 313344,
            "99.900000" : 724992,
            "99.950000" : 1089536,
            "99.990000" : 4145152
          }
        },
        "lat_ns" : {
          "min" : 148,
          "max" : 100133757,
          "mean" : 88317.775752,
          "stddev" : 116478.526928,
          "N" : 105891553
        },
        "bw_min" : 239440,
        "bw_max" : 4821934,
        "bw_agg" : 100.000000,
        "bw_mean" : 2027310.195944,
        "bw_dev" : 10893.769074,
        "bw_samples" : 18783,
        "iops_min" : 59860,
        "iops_max" : 1205483,
        "iops_mean" : 506820.601162,
        "iops_stddev" : 2723.442474,
        "iops_samples" : 18783
      },
      "trim" : {
        "io_bytes" : 0,
        "io_kbytes" : 0,
        "bw_bytes" : 0,
        "bw" : 0,
        "iops" : 0.000000,
        "runtime" : 0,
        "total_ios" : 0,
        "short_ios" : 0,
        "drop_ios" : 0,
        "slat_ns" : {
          "min" : 0,
          "max" : 0,
          "mean" : 0.000000,
          "stddev" : 0.000000,
          "N" : 0
        },
        "clat_ns" : {
          "min" : 0,
          "max" : 0,
          "mean" : 0.000000,
          "stddev" : 0.000000,
          "N" : 0
        },
        "lat_ns" : {
          "min" : 0,
          "max" : 0,
          "mean" : 0.000000,
          "stddev" : 0.000000,
          "N" : 0
        },
        "bw_min" : 0,
        "bw_max" : 0,
        "bw_agg" : 0.000000,
        "bw_mean" : 0.000000,
        "bw_dev" : 0.000000,
        "bw_samples" : 0,
        "iops_min" : 0,
        "iops_max" : 0,
        "iops_mean" : 0.000000,
        "iops_stddev" : 0.000000,
        "iops_samples" : 0
      },
      "sync" : {
        "total_ios" : 0,
        "lat_ns" : {
          "min" : 0,
          "max" : 0,
          "mean" : 0.000000,
          "stddev" : 0.000000,
          "N" : 0
        }
      },
      "job_runtime" : 13440005,
      "usr_cpu" : 3.763674,
      "sys_cpu" : 93.386669,
      "ctx" : 939964,
      "majf" : 196622,
      "minf" : 110991259,
      "iodepth_level" : {
        "1" : 100.000000,
        "2" : 0.000000,
        "4" : 0.000000,
        "8" : 0.000000,
        "16" : 0.000000,
        "32" : 0.000000,
        ">=64" : 0.000000
      },
      "iodepth_submit" : {
        "0" : 0.000000,
        "4" : 100.000000,
        "8" : 0.000000,
        "16" : 0.000000,
        "32" : 0.000000,
        "64" : 0.000000,
        ">=64" : 0.000000
      },
      "iodepth_complete" : {
        "0" : 0.000000,
        "4" : 100.000000,
        "8" : 0.000000,
        "16" : 0.000000,
        "32" : 0.000000,
        "64" : 0.000000,
        ">=64" : 0.000000
      },
      "latency_ns" : {
        "2" : 0.000000,
        "4" : 0.000000,
        "10" : 0.000000,
        "20" : 0.000000,
        "50" : 0.000000,
        "100" : 0.000000,
        "250" : 0.026766,
        "500" : 1.773917,
        "750" : 21.064823,
        "1000" : 17.142889
      },
      "latency_us" : {
        "2" : 8.212241,
        "4" : 3.930262,
        "10" : 1.628759,
        "20" : 0.036390,
        "50" : 0.052924,
        "100" : 25.761242,
        "250" : 19.501196,
        "500" : 0.781983,
        "750" : 0.028088,
        "1000" : 0.022696
      },
      "latency_ms" : {
        "2" : 0.016689,
        "4" : 0.010000,
        "10" : 0.012983,
        "20" : 0.010000,
        "50" : 0.010000,
        "100" : 0.010000,
        "250" : 0.010000,
        "500" : 0.000000,
        "750" : 0.000000,
        "1000" : 0.000000,
        "2000" : 0.000000,
        ">=2000" : 0.000000
      },
      "latency_depth" : 1,
      "latency_target" : 0,
      "latency_percentile" : 100.000000,
      "latency_window" : 0
    }
  ],
  "disk_util" : [
    {
      "name" : "sdb",
      "read_ios" : 196668,
      "write_ios" : 102230,
      "read_sectors" : 1576608,
      "write_sectors" : 40435144,
      "read_merges" : 284,
      "write_merges" : 652,
      "read_ticks" : 175703,
      "write_ticks" : 25089634,
      "in_queue" : 25265347,
      "util" : 20.685709
    }
  ]
}
