{
  "fio version" : "fio-3.40",
  "timestamp" : 1769848880,
  "timestamp_ms" : 1769848880917,
  "time" : "Sat Jan 31 09:41:20 2026",
  "global options" : {
    "group_reporting" : "",
    "ioengine" : "mmap",
    "size" : "768m",
    "thread" : "1",
    "directory" : "/tmp",
    "time_based" : "",
    "runtime" : "180",
    "norandommap" : "1",
    "filename" : "/tmp/fio_readwrite",
    "share_mmap" : "1",
    "repl" : "1"
  },
  "jobs" : [
    {
      "jobname" : "writers",
      "groupid" : 0,
      "job_start" : 1769848700744,
      "error" : 0,
      "eta" : 0,
      "elapsed" : 181,
      "job options" : {
        "rw" : "randread",
        "random_distribution" : "random",
        "numjobs" : "51"
      },
      "read" : {
        "io_bytes" : 12256236187648,
        "io_kbytes" : 11968980652,
        "bw_bytes" : 68087931444,
        "bw" : 66492120,
        "iops" : 16623030.137884,
        "runtime" : 180006,
        "total_ios" : 2992245163,
        "short_ios" : 0,
        "drop_ios" : 0,
        "slat_ns" : {
          "min" : 0,
          "max" : 0,
          "mean" : 0.000000,
          "stddev" : 0.000000,
          "N" : 0
        },
        "clat_ns" : {
          "min" : 96,
          "max" : 84026021,
          "mean" : 2441.397042,
          "stddev" : 14089.440522,
          "N" : 2992245163,
          "percentile" : {
            "1.000000" : 1012,
            "5.000000" : 1384,
            "10.000000" : 1576,
            "20.000000" : 1816,
            "30.000000" : 1992,
            "40.000000" : 2128,
            "50.000000" : 2288,
            "60.000000" : 2416,
            "70.000000" : 2608,
            "80.000000" : 2800,
            "90.000000" : 3120,
            "95.000000" : 3472,
            "99.000000" : 4320,
            "99.500000" : 4832,
            "99.900000" : 17024,
            "99.950000" : 18048,
            "99.990000" : 27264
          }
        },
        "lat_ns" : {
          "min" : 123,
          "max" : 84026054,
          "mean" : 2505.197886,
          "stddev" : 14199.344879,
          "N" : 2992245163
        },
        "bw_min" : 204264,
        "bw_max" : 79463024,
        "bw_agg" : 100.000000,
        "bw_mean" : 67295541.132394,
        "bw_dev" : 199766.726403,
        "bw_samples" : 18105,
        "iops_min" : 51066,
        "iops_max" : 19865747,
        "iops_mean" : 16823875.833803,
        "iops_stddev" : 49941.663491,
        "iops_samples" : 18105
      },
      "write" : {
        "io_bytes" : 2955898757120,
        "io_kbytes" : 2886619880,
        "bw_bytes" : 16421203617,
        "bw" : 16036331,
        "iops" : 4009082.914363,
        "runtime" : 180005,
        "total_ios" : 721654970,
        "short_ios" : 0,
        "drop_ios" : 0,
        "slat_ns" : {
          "min" : 0,
          "max" : 0,
          "mean" : 0.000000,
          "stddev" : 0.000000,
          "N" : 0
        },
        "clat_ns" : {
          "min" : 95,
          "max" : 64030321,
          "mean" : 2535.121375,
          "stddev" : 14398.650359,
          "N" : 721654970,
          "percentile" : {
            "1.000000" : 1032,
            "5.000000" : 1384,
            "10.000000" : 1576,
            "20.000000" : 1816,
            "30.000000" : 1992,
            "40.000000" : 2160,
            "50.000000" : 2288,
            "60.000000" : 2448,
            "70.000000" : 2608,
            "80.000000" : 2800,
            "90.000000" : 3120,
            "95.000000" : 3440,
            "99.000000" : 4576,
            "99.500000" : 11456,
            "99.900000" : 25216,
            "99.950000" : 63744,
            "99.990000" : 112128
          }
        },
        "lat_ns" : {
          "min" : 135,
          "max" : 64030398,
          "mean" : 2617.861734,
          "stddev" : 14535.396001,
          "N" : 721654970
        },
        "bw_min" : 52248,
        "bw_max" : 19903037,
        "bw_agg" : 100.000000,
        "bw_mean" : 16230339.788732,
        "bw_dev" : 188377.719515,
        "bw_samples" : 4615,
        "iops_min" : 13062,
        "iops_max" : 4975752,
        "iops_mean" : 4057582.295775,
        "iops_stddev" : 47094.416493,
        "iops_samples" : 4615
      },
      "trim" : {
        "io_bytes" : 0,
        "io_kbytes" : 0,
        "bw_bytes" : 0,
        "bw" : 0,
        "iops" : 0.000000,
        "runtime" : 0,
        "total_ios" : 0,
        "short_ios" : 0,
        "drop_ios" : 0,
        "slat_ns" : {
          "min" : 0,
          "max" : 0,
          "mean" : 0.000000,
          "stddev" : 0.000000,
          "N" : 0
        },
        "clat_ns" : {
          "min" : 0,
          "max" : 0,
          "mean" : 0.000000,
          "stddev" : 0.000000,
          "N" : 0
        },
        "lat_ns" : {
          "min" : 0,
          "max" : 0,
          "mean" : 0.000000,
          "stddev" : 0.000000,
          "N" : 0
        },
        "bw_min" : 0,
        "bw_max" : 0,
        "bw_agg" : 0.000000,
        "bw_mean" : 0.000000,
        "bw_dev" : 0.000000,
        "bw_samples" : 0,
        "iops_min" : 0,
        "iops_max" : 0,
        "iops_mean" : 0.000000,
        "iops_stddev" : 0.000000,
        "iops_samples" : 0
      },
      "sync" : {
        "total_ios" : 0,
        "lat_ns" : {
          "min" : 0,
          "max" : 0,
          "mean" : 0.000000,
          "stddev" : 0.000000,
          "N" : 0
        }
      },
      "job_runtime" : 11520117,
      "usr_cpu" : 95.346974,
      "sys_cpu" : 0.660115,
      "ctx" : 906555,
      "majf" : 196603,
      "minf" : 2713184,
      "iodepth_level" : {
        "1" : 100.000000,
        "2" : 0.000000,
        "4" : 0.000000,
        "8" : 0.000000,
        "16" : 0.000000,
        "32" : 0.000000,
        ">=64" : 0.000000
      },
      "iodepth_submit" : {
        "0" : 0.000000,
        "4" : 100.000000,
        "8" : 0.000000,
        "16" : 0.000000,
        "32" : 0.000000,
        "64" : 0.000000,
        ">=64" : 0.000000
      },
      "iodepth_complete" : {
        "0" : 0.000000,
        "4" : 100.000000,
        "8" : 0.000000,
        "16" : 0.000000,
        "32" : 0.000000,
        "64" : 0.000000,
        ">=64" : 0.000000
      },
      "latency_ns" : {
        "2" : 0.000000,
        "4" : 0.000000,
        "10" : 0.000000,
        "20" : 0.000000,
        "50" : 0.000000,
        "100" : 0.010000,
        "250" : 0.039948,
        "500" : 0.036702,
        "750" : 0.154566,
        "1000" : 0.700221
      },
      "latency_us" : {
        "2" : 29.762649,
        "4" : 67.443341,
        "10" : 1.554425,
        "20" : 0.264171,
        "50" : 0.024382,
        "100" : 0.011703,
        "250" : 0.010000,
        "500" : 0.010000,
        "750" : 0.010000,
        "1000" : 0.010000
      },
      "latency_ms" : {
        "2" : 0.010000,
        "4" : 0.010000,
        "10" : 0.010000,
        "20" : 0.010000,
        "50" : 0.010000,
        "100" : 0.010000,
        "250" : 0.000000,
        "500" : 0.000000,
        "750" : 0.000000,
        "1000" : 0.000000,
        "2000" : 0.000000,
        ">=2000" : 0.000000
      },
      "latency_depth" : 1,
      "latency_target" : 0,
      "latency_percentile" : 100.000000,
      "latency_window" : 0
    }
  ],
  "disk_util" : [
    {
      "name" : "sda",
      "read_ios" : 196562,
      "write_ios" : 149132,
      "read_sectors" : 1574168,
      "write_sectors" : 21330640,
      "read_merges" : 209,
      "write_merges" : 12581,
      "read_ticks" : 183105,
      "write_ticks" : 29235309,
      "in_queue" : 29418422,
      "util" : 13.145205
    }
  ]
}
