{
  "fio version" : "fio-3.40",
  "timestamp" : 1756995137,
  "timestamp_ms" : 1756995137824,
  "time" : "Thu Sep  4 16:12:17 2025",
  "global options" : {
    "group_reporting" : "",
    "ioengine" : "mmap",
    "size" : "256m",
    "thread" : "1",
    "directory" : "/tmp",
    "time_based" : "",
    "runtime" : "30",
    "filename" : "/tmp/fio_readwrite",
    "share_mmap" : "1",
    "repl" : "1"
  },
  "jobs" : [
    {
      "jobname" : "writers",
      "groupid" : 0,
      "job_start" : 1756995106419,
      "error" : 0,
      "eta" : 0,
      "elapsed" : 32,
      "job options" : {
        "rw" : "randread",
        "random_distribution" : "random",
        "numjobs" : "58"
      },
      "read" : {
        "io_bytes" : 172335800320,
        "io_kbytes" : 168296680,
        "bw_bytes" : 5531028959,
        "bw" : 5401395,
        "iops" : 1350348.867065,
        "runtime" : 31158,
        "total_ios" : 42074170,
        "short_ios" : 0,
        "drop_ios" : 0,
        "slat_ns" : {
          "min" : 0,
          "max" : 0,
          "mean" : 0.000000,
          "stddev" : 0.000000,
          "N" : 0
        },
        "clat_ns" : {
          "min" : 98,
          "max" : 10369231,
          "mean" : 3379.185084,
          "stddev" : 65624.422347,
          "N" : 42074170,
          "percentile" : {
            "1.000000" : 382,
            "5.000000" : 516,
            "10.000000" : 636,
            "20.000000" : 788,
            "30.000000" : 932,
            "40.000000" : 1080,
            "50.000000" : 1224,
            "60.000000" : 1400,
            "70.000000" : 1576,
            "80.000000" : 1800,
            "90.000000" : 2160,
            "95.000000" : 2480,
            "99.000000" : 3312,
            "99.500000" : 3760,
            "99.900000" : 872448,
            "99.950000" : 1662976,
            "99.990000" : 2965504
          }
        },
        "lat_ns" : {
          "min" : 125,
          "max" : 10369303,
          "mean" : 3440.775927,
          "stddev" : 65626.037219,
          "N" : 42074170
        },
        "bw_min" : 148680,
        "bw_max" : 31457280,
        "bw_agg" : 100.000000,
        "bw_mean" : 20605239.420915,
        "bw_dev" : 218031.897291,
        "bw_samples" : 950,
        "iops_min" : 37172,
        "iops_max" : 7864320,
        "iops_mean" : 5151309.082843,
        "iops_stddev" : 54507.988634,
        "iops_samples" : 950
      },
      "write" : {
        "io_bytes" : 17716764672,
        "io_kbytes" : 17301528,
        "bw_bytes" : 568628708,
        "bw" : 555301,
        "iops" : 138825.368296,
        "runtime" : 31157,
        "total_ios" : 4325382,
        "short_ios" : 0,
        "drop_ios" : 0,
        "slat_ns" : {
          "min" : 0,
          "max" : 0,
          "mean" : 0.000000,
          "stddev" : 0.000000,
          "N" : 0
        },
        "clat_ns" : {
          "min" : 119,
          "max" : 8261860,
          "mean" : 4705.293011,
          "stddev" : 67686.467206,
          "N" : 4325382,
          "percentile" : {
            "1.000000" : 318,
            "5.000000" : 366,
            "10.000000" : 434,
            "20.000000" : 490,
            "30.000000" : 556,
            "40.000000" : 636,
            "50.000000" : 740,
            "60.000000" : 908,
            "70.000000" : 1352,
            "80.000000" : 2416,
            "90.000000" : 8256,
            "95.000000" : 13248,
            "99.000000" : 20608,
            "99.500000" : 24960,
            "99.900000" : 921600,
            "99.950000" : 1695744,
            "99.990000" : 3063808
          }
        },
        "lat_ns" : {
          "min" : 167,
          "max" : 8261972,
          "mean" : 4764.701977,
          "stddev" : 67688.991014,
          "N" : 4325382
        },
        "bw_min" : 16032,
        "bw_max" : 3145728,
        "bw_agg" : 100.000000,
        "bw_mean" : 1926356.692122,
        "bw_dev" : 222854.949008,
        "bw_samples" : 108,
        "iops_min" : 4008,
        "iops_max" : 786432,
        "iops_mean" : 481589.160647,
        "iops_stddev" : 55713.677812,
        "iops_samples" : 108
      },
      "trim" : {
        "io_bytes" : 0,
        "io_kbytes" : 0,
        "bw_bytes" : 0,
        "bw" : 0,
        "iops" : 0.000000,
        "runtime" : 0,
        "total_ios" : 0,
        "short_ios" : 0,
        "drop_ios" : 0,
        "slat_ns" : {
          "min" : 0,
          "max" : 0,
          "mean" : 0.000000,
          "stddev" : 0.000000,
          "N" : 0
        },
        "clat_ns" : {
          "min" : 0,
          "max" : 0,
          "mean" : 0.000000,
          "stddev" : 0.000000,
          "N" : 0
        },
        "lat_ns" : {
          "min" : 0,
          "max" : 0,
          "mean" : 0.000000,
          "stddev" : 0.000000,
          "N" : 0
        },
        "bw_min" : 0,
        "bw_max" : 0,
        "bw_agg" : 0.000000,
        "bw_mean" : 0.000000,
        "bw_dev" : 0.000000,
        "bw_samples" : 0,
        "iops_min" : 0,
        "iops_max" : 0,
        "iops_mean" : 0.000000,
        "iops_stddev" : 0.000000,
        "iops_samples" : 0
      },
      "sync" : {
        "total_ios" : 0,
        "lat_ns" : {
          "min" : 0,
          "max" : 0,
          "mean" : 0.000000,
          "stddev" : 0.000000,
          "N" : 0
        }
      },
      "job_runtime" : 1992747,
      "usr_cpu" : 4.446024,
      "sys_cpu" : 58.309610,
      "ctx" : 15333220,
      "majf" : 59366,
      "minf" : 801675,
      "iodepth_level" : {
        "1" : 100.000000,
        "2" : 0.000000,
        "4" : 0.000000,
        "8" : 0.000000,
        "16" : 0.000000,
        "32" : 0.000000,
        ">=64" : 0.000000
      },
      "iodepth_submit" : {
        "0" : 0.000000,
        "4" : 100.000000,
        "8" : 0.000000,
        "16" : 0.000000,
        "32" : 0.000000,
        "64" : 0.000000,
        ">=64" : 0.000000
      },
      "iodepth_complete" : {
        "0" : 0.000000,
        "4" : 100.000000,
        "8" : 0.000000,
        "16" : 0.000000,
        "32" : 0.000000,
        "64" : 0.000000,
        ">=64" : 0.000000
      },
      "latency_ns" : {
        "2" : 0.000000,
        "4" : 0.000000,
        "10" : 0.000000,
        "20" : 0.000000,
        "50" : 0.000000,
        "100" : 0.010000,
        "250" : 0.158674,
        "500" : 5.847895,
        "750" : 14.485939,
        "1000" : 16.821563
      },
      "latency_us" : {
        "2" : 48.173553,
        "4" : 12.734550,
        "10" : 0.867679,
        "20" : 0.650974,
        "50" : 0.116348,
        "100" : 0.010000,
        "250" : 0.010000,
        "500" : 0.010000,
        "750" : 0.013136,
        "1000" : 0.015563
      },
      "latency_ms" : {
        "2" : 0.057899,
        "4" : 0.031494,
        "10" : 0.010000,
        "20" : 0.010000,
        "50" : 0.000000,
        "100" : 0.000000,
        "250" : 0.000000,
        "500" : 0.000000,
        "750" : 0.000000,
        "1000" : 0.000000,
        "2000" : 0.000000,
        ">=2000" : 0.000000
      },
      "latency_depth" : 1,
      "latency_target" : 0,
      "latency_percentile" : 100.000000,
      "latency_window" : 0
    }
  ],
  "disk_util" : [
    {
      "name" : "sda",
      "read_ios" : 59647,
      "write_ios" : 124998,
      "read_sectors" : 518752,
      "write_sectors" : 6455832,
      "read_merges" : 391,
      "write_merges" : 383,
      "read_ticks" : 93193,
      "write_ticks" : 46844,
      "in_queue" : 140040,
      "util" : 27.653783
    }
  ]
}
