{
  "fio version" : "fio-3.40",
  "timestamp" : 1772070769,
  "timestamp_ms" : 1772070769207,
  "time" : "Thu Feb 26 02:52:49 2026",
  "global options" : {
    "group_reporting" : "",
    "ioengine" : "mmap",
    "size" : "768m",
    "thread" : "1",
    "directory" : "/tmp",
    "time_based" : "",
    "runtime" : "210",
    "norandommap" : "1",
    "filename" : "/tmp/fio_readwrite",
    "share_mmap" : "1",
    "repl" : "1"
  },
  "jobs" : [
    {
      "jobname" : "writers",
      "groupid" : 0,
      "job_start" : 1772070559010,
      "error" : 0,
      "eta" : 0,
      "elapsed" : 211,
      "job options" : {
        "rw" : "randread",
        "random_distribution" : "random",
        "numjobs" : "13"
      },
      "read" : {
        "io_bytes" : 2442231382016,
        "io_kbytes" : 2384991584,
        "bw_bytes" : 11629562489,
        "bw" : 11356994,
        "iops" : 2839248.654775,
        "runtime" : 210002,
        "total_ios" : 596247896,
        "short_ios" : 0,
        "drop_ios" : 0,
        "slat_ns" : {
          "min" : 0,
          "max" : 0,
          "mean" : 0.000000,
          "stddev" : 0.000000,
          "N" : 0
        },
        "clat_ns" : {
          "min" : 100,
          "max" : 40257824,
          "mean" : 3573.627367,
          "stddev" : 7024.106174,
          "N" : 596247896,
          "percentile" : {
            "1.000000" : 988,
            "5.000000" : 1528,
            "10.000000" : 1896,
            "20.000000" : 2416,
            "30.000000" : 2800,
            "40.000000" : 3120,
            "50.000000" : 3408,
            "60.000000" : 3696,
            "70.000000" : 3984,
            "80.000000" : 4320,
            "90.000000" : 4768,
            "95.000000" : 5216,
            "99.000000" : 6432,
            "99.500000" : 7520,
            "99.900000" : 79360,
            "99.950000" : 95744,
            "99.990000" : 197632
          }
        },
        "lat_ns" : {
          "min" : 127,
          "max" : 40257859,
          "mean" : 3652.843827,
          "stddev" : 7054.089464,
          "N" : 596247896
        },
        "bw_min" : 212903,
        "bw_max" : 13474386,
        "bw_agg" : 100.000000,
        "bw_mean" : 11543068.963571,
        "bw_dev" : 153748.358673,
        "bw_samples" : 5351,
        "iops_min" : 53224,
        "iops_max" : 3368594,
        "iops_mean" : 2885765.183268,
        "iops_stddev" : 38437.069091,
        "iops_samples" : 5351
      },
      "write" : {
        "io_bytes" : 9307240022016,
        "io_kbytes" : 9089101584,
        "bw_bytes" : 44319557444,
        "bw" : 43280817,
        "iops" : 10820204.454222,
        "runtime" : 210003,
        "total_ios" : 2272275396,
        "short_ios" : 0,
        "drop_ios" : 0,
        "slat_ns" : {
          "min" : 0,
          "max" : 0,
          "mean" : 0.000000,
          "stddev" : 0.000000,
          "N" : 0
        },
        "clat_ns" : {
          "min" : 96,
          "max" : 44053789,
          "mean" : 3442.315298,
          "stddev" : 7569.638400,
          "N" : 2272275396,
          "percentile" : {
            "1.000000" : 1080,
            "5.000000" : 1640,
            "10.000000" : 1992,
            "20.000000" : 2384,
            "30.000000" : 2672,
            "40.000000" : 2928,
            "50.000000" : 3184,
            "60.000000" : 3440,
            "70.000000" : 3728,
            "80.000000" : 4080,
            "90.000000" : 4576,
            "95.000000" : 4960,
            "99.000000" : 5920,
            "99.500000" : 6688,
            "99.900000" : 77312,
            "99.950000" : 154624,
            "99.990000" : 226304
          }
        },
        "lat_ns" : {
          "min" : 134,
          "max" : 44053856,
          "mean" : 3575.668290,
          "stddev" : 7615.960081,
          "N" : 2272275396
        },
        "bw_min" : 586810,
        "bw_max" : 48065454,
        "bw_agg" : 100.000000,
        "bw_mean" : 43941426.347551,
        "bw_dev" : 157077.755987,
        "bw_samples" : 21007,
        "iops_min" : 146699,
        "iops_max" : 12016352,
        "iops_mean" : 10985347.644165,
        "iops_stddev" : 39269.418621,
        "iops_samples" : 21007
      },
      "trim" : {
        "io_bytes" : 0,
        "io_kbytes" : 0,
        "bw_bytes" : 0,
        "bw" : 0,
        "iops" : 0.000000,
        "runtime" : 0,
        "total_ios" : 0,
        "short_ios" : 0,
        "drop_ios" : 0,
        "slat_ns" : {
          "min" : 0,
          "max" : 0,
          "mean" : 0.000000,
          "stddev" : 0.000000,
          "N" : 0
        },
        "clat_ns" : {
          "min" : 0,
          "max" : 0,
          "mean" : 0.000000,
          "stddev" : 0.000000,
          "N" : 0
        },
        "lat_ns" : {
          "min" : 0,
          "max" : 0,
          "mean" : 0.000000,
          "stddev" : 0.000000,
          "N" : 0
        },
        "bw_min" : 0,
        "bw_max" : 0,
        "bw_agg" : 0.000000,
        "bw_mean" : 0.000000,
        "bw_dev" : 0.000000,
        "bw_samples" : 0,
        "iops_min" : 0,
        "iops_max" : 0,
        "iops_mean" : 0.000000,
        "iops_stddev" : 0.000000,
        "iops_samples" : 0
      },
      "sync" : {
        "total_ios" : 0,
        "lat_ns" : {
          "min" : 0,
          "max" : 0,
          "mean" : 0.000000,
          "stddev" : 0.000000,
          "N" : 0
        }
      },
      "job_runtime" : 13440017,
      "usr_cpu" : 94.676034,
      "sys_cpu" : 4.701393,
      "ctx" : 261492,
      "majf" : 109100,
      "minf" : 3454421,
      "iodepth_level" : {
        "1" : 100.000000,
        "2" : 0.000000,
        "4" : 0.000000,
        "8" : 0.000000,
        "16" : 0.000000,
        "32" : 0.000000,
        ">=64" : 0.000000
      },
      "iodepth_submit" : {
        "0" : 0.000000,
        "4" : 100.000000,
        "8" : 0.000000,
        "16" : 0.000000,
        "32" : 0.000000,
        "64" : 0.000000,
        ">=64" : 0.000000
      },
      "iodepth_complete" : {
        "0" : 0.000000,
        "4" : 100.000000,
        "8" : 0.000000,
        "16" : 0.000000,
        "32" : 0.000000,
        "64" : 0.000000,
        ">=64" : 0.000000
      },
      "latency_ns" : {
        "2" : 0.000000,
        "4" : 0.000000,
        "10" : 0.000000,
        "20" : 0.000000,
        "50" : 0.000000,
        "100" : 0.010000,
        "250" : 0.036130,
        "500" : 0.037511,
        "750" : 0.182013,
        "1000" : 0.537443
      },
      "latency_us" : {
        "2" : 9.706410,
        "4" : 65.993474,
        "10" : 23.148476,
        "20" : 0.168897,
        "50" : 0.068108,
        "100" : 0.050253,
        "250" : 0.064299,
        "500" : 0.010000,
        "750" : 0.010000,
        "1000" : 0.010000
      },
      "latency_ms" : {
        "2" : 0.010000,
        "4" : 0.010000,
        "10" : 0.010000,
        "20" : 0.010000,
        "50" : 0.010000,
        "100" : 0.000000,
        "250" : 0.000000,
        "500" : 0.000000,
        "750" : 0.000000,
        "1000" : 0.000000,
        "2000" : 0.000000,
        ">=2000" : 0.000000
      },
      "latency_depth" : 1,
      "latency_target" : 0,
      "latency_percentile" : 100.000000,
      "latency_window" : 0
    }
  ],
  "disk_util" : [
    {
      "name" : "sdb",
      "read_ios" : 109094,
      "write_ios" : 5806,
      "read_sectors" : 873760,
      "write_sectors" : 1599072,
      "read_merges" : 125,
      "write_merges" : 138,
      "read_ticks" : 42282,
      "write_ticks" : 11568345,
      "in_queue" : 11610635,
      "util" : 1.556947
    }
  ]
}
