{
  "fio version" : "fio-3.40",
  "timestamp" : 1771885420,
  "timestamp_ms" : 1771885420688,
  "time" : "Mon Feb 23 23:23:40 2026",
  "global options" : {
    "group_reporting" : "",
    "ioengine" : "mmap",
    "size" : "768m",
    "thread" : "1",
    "directory" : "/tmp",
    "time_based" : "",
    "runtime" : "180",
    "norandommap" : "1",
    "filename" : "/tmp/fio_readwrite",
    "share_mmap" : "1",
    "repl" : "1"
  },
  "jobs" : [
    {
      "jobname" : "writers",
      "groupid" : 0,
      "job_start" : 1771885240468,
      "error" : 0,
      "eta" : 0,
      "elapsed" : 181,
      "job options" : {
        "rw" : "randread",
        "random_distribution" : "random",
        "numjobs" : "32"
      },
      "read" : {
        "io_bytes" : 5947054878720,
        "io_kbytes" : 5807670780,
        "bw_bytes" : 33038826672,
        "bw" : 32264479,
        "iops" : 8066119.793113,
        "runtime" : 180002,
        "total_ios" : 1451917695,
        "short_ios" : 0,
        "drop_ios" : 0,
        "slat_ns" : {
          "min" : 0,
          "max" : 0,
          "mean" : 0.000000,
          "stddev" : 0.000000,
          "N" : 0
        },
        "clat_ns" : {
          "min" : 128,
          "max" : 15951877,
          "mean" : 3121.935767,
          "stddev" : 9698.119156,
          "N" : 1451917695,
          "percentile" : {
            "1.000000" : 708,
            "5.000000" : 1288,
            "10.000000" : 1688,
            "20.000000" : 2128,
            "30.000000" : 2416,
            "40.000000" : 2672,
            "50.000000" : 2896,
            "60.000000" : 3120,
            "70.000000" : 3376,
            "80.000000" : 3632,
            "90.000000" : 4048,
            "95.000000" : 4384,
            "99.000000" : 5280,
            "99.500000" : 5856,
            "99.900000" : 84480,
            "99.950000" : 99840,
            "99.990000" : 179200
          }
        },
        "lat_ns" : {
          "min" : 164,
          "max" : 15951928,
          "mean" : 3211.145500,
          "stddev" : 9724.246221,
          "N" : 1451917695
        },
        "bw_min" : 49392,
        "bw_max" : 38737269,
        "bw_agg" : 100.000000,
        "bw_mean" : 32478572.507003,
        "bw_dev" : 194737.324187,
        "bw_samples" : 11424,
        "iops_min" : 12348,
        "iops_max" : 9684306,
        "iops_mean" : 8119636.644258,
        "iops_stddev" : 48684.306212,
        "iops_samples" : 11424
      },
      "write" : {
        "io_bytes" : 5654076010496,
        "io_kbytes" : 5521558604,
        "bw_bytes" : 31410660873,
        "bw" : 30674473,
        "iops" : 7668618.377267,
        "runtime" : 180005,
        "total_ios" : 1380389651,
        "short_ios" : 0,
        "drop_ios" : 0,
        "slat_ns" : {
          "min" : 0,
          "max" : 0,
          "mean" : 0.000000,
          "stddev" : 0.000000,
          "N" : 0
        },
        "clat_ns" : {
          "min" : 125,
          "max" : 9459420,
          "mean" : 3123.303780,
          "stddev" : 10117.923527,
          "N" : 1380389651,
          "percentile" : {
            "1.000000" : 1004,
            "5.000000" : 1480,
            "10.000000" : 1768,
            "20.000000" : 2128,
            "30.000000" : 2384,
            "40.000000" : 2608,
            "50.000000" : 2800,
            "60.000000" : 3024,
            "70.000000" : 3248,
            "80.000000" : 3504,
            "90.000000" : 3888,
            "95.000000" : 4256,
            "99.000000" : 5024,
            "99.500000" : 5600,
            "99.900000" : 92672,
            "99.950000" : 128512,
            "99.990000" : 211968
          }
        },
        "lat_ns" : {
          "min" : 176,
          "max" : 9459484,
          "mean" : 3244.858262,
          "stddev" : 10150.159927,
          "N" : 1380389651
        },
        "bw_min" : 48896,
        "bw_max" : 34763301,
        "bw_agg" : 100.000000,
        "bw_mean" : 30878833.929972,
        "bw_dev" : 253534.215072,
        "bw_samples" : 11424,
        "iops_min" : 12224,
        "iops_max" : 8690815,
        "iops_mean" : 7719702.921569,
        "iops_stddev" : 63383.529253,
        "iops_samples" : 11424
      },
      "trim" : {
        "io_bytes" : 0,
        "io_kbytes" : 0,
        "bw_bytes" : 0,
        "bw" : 0,
        "iops" : 0.000000,
        "runtime" : 0,
        "total_ios" : 0,
        "short_ios" : 0,
        "drop_ios" : 0,
        "slat_ns" : {
          "min" : 0,
          "max" : 0,
          "mean" : 0.000000,
          "stddev" : 0.000000,
          "N" : 0
        },
        "clat_ns" : {
          "min" : 0,
          "max" : 0,
          "mean" : 0.000000,
          "stddev" : 0.000000,
          "N" : 0
        },
        "lat_ns" : {
          "min" : 0,
          "max" : 0,
          "mean" : 0.000000,
          "stddev" : 0.000000,
          "N" : 0
        },
        "bw_min" : 0,
        "bw_max" : 0,
        "bw_agg" : 0.000000,
        "bw_mean" : 0.000000,
        "bw_dev" : 0.000000,
        "bw_samples" : 0,
        "iops_min" : 0,
        "iops_max" : 0,
        "iops_mean" : 0.000000,
        "iops_stddev" : 0.000000,
        "iops_samples" : 0
      },
      "sync" : {
        "total_ios" : 0,
        "lat_ns" : {
          "min" : 0,
          "max" : 0,
          "mean" : 0.000000,
          "stddev" : 0.000000,
          "N" : 0
        }
      },
      "job_runtime" : 11520035,
      "usr_cpu" : 92.829857,
      "sys_cpu" : 5.102406,
      "ctx" : 576602,
      "majf" : 184427,
      "minf" : 6022724,
      "iodepth_level" : {
        "1" : 100.000000,
        "2" : 0.000000,
        "4" : 0.000000,
        "8" : 0.000000,
        "16" : 0.000000,
        "32" : 0.000000,
        ">=64" : 0.000000
      },
      "iodepth_submit" : {
        "0" : 0.000000,
        "4" : 100.000000,
        "8" : 0.000000,
        "16" : 0.000000,
        "32" : 0.000000,
        "64" : 0.000000,
        ">=64" : 0.000000
      },
      "iodepth_complete" : {
        "0" : 0.000000,
        "4" : 100.000000,
        "8" : 0.000000,
        "16" : 0.000000,
        "32" : 0.000000,
        "64" : 0.000000,
        ">=64" : 0.000000
      },
      "latency_ns" : {
        "2" : 0.000000,
        "4" : 0.000000,
        "10" : 0.000000,
        "20" : 0.000000,
        "50" : 0.000000,
        "100" : 0.000000,
        "250" : 0.026128,
        "500" : 0.061398,
        "750" : 0.638694,
        "1000" : 1.194518
      },
      "latency_us" : {
        "2" : 14.361001,
        "4" : 74.340744,
        "10" : 9.082098,
        "20" : 0.043865,
        "50" : 0.034704,
        "100" : 0.153941,
        "250" : 0.055532,
        "500" : 0.010000,
        "750" : 0.010000,
        "1000" : 0.010000
      },
      "latency_ms" : {
        "2" : 0.010000,
        "4" : 0.010000,
        "10" : 0.010000,
        "20" : 0.010000,
        "50" : 0.000000,
        "100" : 0.000000,
        "250" : 0.000000,
        "500" : 0.000000,
        "750" : 0.000000,
        "1000" : 0.000000,
        "2000" : 0.000000,
        ">=2000" : 0.000000
      },
      "latency_depth" : 1,
      "latency_target" : 0,
      "latency_percentile" : 100.000000,
      "latency_window" : 0
    }
  ],
  "disk_util" : [
    {
      "name" : "sda",
      "read_ios" : 184405,
      "write_ios" : 59599,
      "read_sectors" : 1476736,
      "write_sectors" : 2150984,
      "read_merges" : 187,
      "write_merges" : 2604,
      "read_ticks" : 148073,
      "write_ticks" : 7781731,
      "in_queue" : 7929811,
      "util" : 2.684609
    }
  ]
}
