{
  "fio version" : "fio-3.40",
  "timestamp" : 1771987032,
  "timestamp_ms" : 1771987032387,
  "time" : "Wed Feb 25 03:37:12 2026",
  "global options" : {
    "group_reporting" : "",
    "ioengine" : "mmap",
    "size" : "768m",
    "thread" : "1",
    "directory" : "/tmp",
    "time_based" : "",
    "runtime" : "180",
    "norandommap" : "1",
    "filename" : "/tmp/fio_readwrite",
    "share_mmap" : "1",
    "repl" : "1"
  },
  "jobs" : [
    {
      "jobname" : "writers",
      "groupid" : 0,
      "job_start" : 1771986852232,
      "error" : 0,
      "eta" : 0,
      "elapsed" : 181,
      "job options" : {
        "rw" : "randread",
        "random_distribution" : "random",
        "numjobs" : "58"
      },
      "read" : {
        "io_bytes" : 12338190995456,
        "io_kbytes" : 12049014644,
        "bw_bytes" : 68543601541,
        "bw" : 66937110,
        "iops" : 16734277.720063,
        "runtime" : 180005,
        "total_ios" : 3012253661,
        "short_ios" : 0,
        "drop_ios" : 0,
        "slat_ns" : {
          "min" : 0,
          "max" : 0,
          "mean" : 0.000000,
          "stddev" : 0.000000,
          "N" : 0
        },
        "clat_ns" : {
          "min" : 126,
          "max" : 148035805,
          "mean" : 2796.088938,
          "stddev" : 13330.683901,
          "N" : 3012253661,
          "percentile" : {
            "1.000000" : 1096,
            "5.000000" : 1528,
            "10.000000" : 1736,
            "20.000000" : 2024,
            "30.000000" : 2256,
            "40.000000" : 2448,
            "50.000000" : 2640,
            "60.000000" : 2864,
            "70.000000" : 3088,
            "80.000000" : 3344,
            "90.000000" : 3728,
            "95.000000" : 4128,
            "99.000000" : 4960,
            "99.500000" : 5344,
            "99.900000" : 6496,
            "99.950000" : 14784,
            "99.990000" : 25984
          }
        },
        "lat_ns" : {
          "min" : 162,
          "max" : 148035849,
          "mean" : 2866.751754,
          "stddev" : 13415.926103,
          "N" : 3012253661
        },
        "bw_min" : 4080,
        "bw_max" : 75536758,
        "bw_agg" : 100.000000,
        "bw_mean" : 67373975.383753,
        "bw_dev" : 177320.978296,
        "bw_samples" : 20706,
        "iops_min" : 1020,
        "iops_max" : 18884177,
        "iops_mean" : 16843485.532213,
        "iops_stddev" : 44330.224907,
        "iops_samples" : 20706
      },
      "write" : {
        "io_bytes" : 1238935109632,
        "io_kbytes" : 1209897568,
        "bw_bytes" : 6882858116,
        "bw" : 6721541,
        "iops" : 1680385.282468,
        "runtime" : 180003,
        "total_ios" : 302474392,
        "short_ios" : 0,
        "drop_ios" : 0,
        "slat_ns" : {
          "min" : 0,
          "max" : 0,
          "mean" : 0.000000,
          "stddev" : 0.000000,
          "N" : 0
        },
        "clat_ns" : {
          "min" : 128,
          "max" : 42980163,
          "mean" : 2821.602452,
          "stddev" : 15213.870167,
          "N" : 302474392,
          "percentile" : {
            "1.000000" : 1240,
            "5.000000" : 1592,
            "10.000000" : 1784,
            "20.000000" : 2040,
            "30.000000" : 2224,
            "40.000000" : 2384,
            "50.000000" : 2544,
            "60.000000" : 2736,
            "70.000000" : 2928,
            "80.000000" : 3152,
            "90.000000" : 3504,
            "95.000000" : 3856,
            "99.000000" : 5792,
            "99.500000" : 11712,
            "99.900000" : 22400,
            "99.950000" : 49920,
            "99.990000" : 85504
          }
        },
        "lat_ns" : {
          "min" : 181,
          "max" : 42980223,
          "mean" : 2919.141708,
          "stddev" : 15382.295777,
          "N" : 302474392
        },
        "bw_min" : 424,
        "bw_max" : 7294664,
        "bw_agg" : 100.000000,
        "bw_mean" : 6765338.876751,
        "bw_dev" : 176152.989757,
        "bw_samples" : 2142,
        "iops_min" : 106,
        "iops_max" : 1823667,
        "iops_mean" : 1691334.204482,
        "iops_stddev" : 44038.223346,
        "iops_samples" : 2142
      },
      "trim" : {
        "io_bytes" : 0,
        "io_kbytes" : 0,
        "bw_bytes" : 0,
        "bw" : 0,
        "iops" : 0.000000,
        "runtime" : 0,
        "total_ios" : 0,
        "short_ios" : 0,
        "drop_ios" : 0,
        "slat_ns" : {
          "min" : 0,
          "max" : 0,
          "mean" : 0.000000,
          "stddev" : 0.000000,
          "N" : 0
        },
        "clat_ns" : {
          "min" : 0,
          "max" : 0,
          "mean" : 0.000000,
          "stddev" : 0.000000,
          "N" : 0
        },
        "lat_ns" : {
          "min" : 0,
          "max" : 0,
          "mean" : 0.000000,
          "stddev" : 0.000000,
          "N" : 0
        },
        "bw_min" : 0,
        "bw_max" : 0,
        "bw_agg" : 0.000000,
        "bw_mean" : 0.000000,
        "bw_dev" : 0.000000,
        "bw_samples" : 0,
        "iops_min" : 0,
        "iops_max" : 0,
        "iops_mean" : 0.000000,
        "iops_stddev" : 0.000000,
        "iops_samples" : 0
      },
      "sync" : {
        "total_ios" : 0,
        "lat_ns" : {
          "min" : 0,
          "max" : 0,
          "mean" : 0.000000,
          "stddev" : 0.000000,
          "N" : 0
        }
      },
      "job_runtime" : 11520026,
      "usr_cpu" : 96.293689,
      "sys_cpu" : 0.511440,
      "ctx" : 629095,
      "majf" : 196617,
      "minf" : 2588500,
      "iodepth_level" : {
        "1" : 100.000000,
        "2" : 0.000000,
        "4" : 0.000000,
        "8" : 0.000000,
        "16" : 0.000000,
        "32" : 0.000000,
        ">=64" : 0.000000
      },
      "iodepth_submit" : {
        "0" : 0.000000,
        "4" : 100.000000,
        "8" : 0.000000,
        "16" : 0.000000,
        "32" : 0.000000,
        "64" : 0.000000,
        ">=64" : 0.000000
      },
      "iodepth_complete" : {
        "0" : 0.000000,
        "4" : 100.000000,
        "8" : 0.000000,
        "16" : 0.000000,
        "32" : 0.000000,
        "64" : 0.000000,
        ">=64" : 0.000000
      },
      "latency_ns" : {
        "2" : 0.000000,
        "4" : 0.000000,
        "10" : 0.000000,
        "20" : 0.000000,
        "50" : 0.000000,
        "100" : 0.000000,
        "250" : 0.031242,
        "500" : 0.040628,
        "750" : 0.154830,
        "1000" : 0.418776
      },
      "latency_us" : {
        "2" : 18.249628,
        "4" : 75.275270,
        "10" : 5.697591,
        "20" : 0.107958,
        "50" : 0.011673,
        "100" : 0.010000,
        "250" : 0.010000,
        "500" : 0.010000,
        "750" : 0.010000,
        "1000" : 0.010000
      },
      "latency_ms" : {
        "2" : 0.010000,
        "4" : 0.010000,
        "10" : 0.010000,
        "20" : 0.010000,
        "50" : 0.010000,
        "100" : 0.010000,
        "250" : 0.010000,
        "500" : 0.000000,
        "750" : 0.000000,
        "1000" : 0.000000,
        "2000" : 0.000000,
        ">=2000" : 0.000000
      },
      "latency_depth" : 1,
      "latency_target" : 0,
      "latency_percentile" : 100.000000,
      "latency_window" : 0
    }
  ],
  "disk_util" : [
    {
      "name" : "sda",
      "read_ios" : 196645,
      "write_ios" : 77495,
      "read_sectors" : 1576712,
      "write_sectors" : 20110776,
      "read_merges" : 321,
      "write_merges" : 2393,
      "read_ticks" : 189143,
      "write_ticks" : 72801922,
      "in_queue" : 72991073,
      "util" : 12.283300
    }
  ]
}
