{
  "fio version" : "fio-3.40",
  "timestamp" : 1771994630,
  "timestamp_ms" : 1771994630258,
  "time" : "Wed Feb 25 05:43:50 2026",
  "global options" : {
    "group_reporting" : "",
    "ioengine" : "mmap",
    "size" : "768m",
    "thread" : "1",
    "directory" : "/tmp",
    "time_based" : "",
    "runtime" : "180",
    "norandommap" : "1",
    "filename" : "/tmp/fio_readwrite",
    "share_mmap" : "1",
    "repl" : "1"
  },
  "jobs" : [
    {
      "jobname" : "writers",
      "groupid" : 0,
      "job_start" : 1771994450047,
      "error" : 0,
      "eta" : 0,
      "elapsed" : 181,
      "job options" : {
        "rw" : "randread",
        "random_distribution" : "random",
        "numjobs" : "38"
      },
      "read" : {
        "io_bytes" : 6807558709248,
        "io_kbytes" : 6648006552,
        "bw_bytes" : 37819140287,
        "bw" : 36932754,
        "iops" : 9233188.546858,
        "runtime" : 180003,
        "total_ios" : 1662001638,
        "short_ios" : 0,
        "drop_ios" : 0,
        "slat_ns" : {
          "min" : 0,
          "max" : 0,
          "mean" : 0.000000,
          "stddev" : 0.000000,
          "N" : 0
        },
        "clat_ns" : {
          "min" : 125,
          "max" : 62744901,
          "mean" : 3251.030941,
          "stddev" : 13615.154172,
          "N" : 1662001638,
          "percentile" : {
            "1.000000" : 1096,
            "5.000000" : 1656,
            "10.000000" : 1976,
            "20.000000" : 2352,
            "30.000000" : 2640,
            "40.000000" : 2896,
            "50.000000" : 3120,
            "60.000000" : 3344,
            "70.000000" : 3600,
            "80.000000" : 3888,
            "90.000000" : 4320,
            "95.000000" : 4768,
            "99.000000" : 5664,
            "99.500000" : 6112,
            "99.900000" : 7968,
            "99.950000" : 15936,
            "99.990000" : 67072
          }
        },
        "lat_ns" : {
          "min" : 161,
          "max" : 62744956,
          "mean" : 3335.363020,
          "stddev" : 13732.684612,
          "N" : 1662001638
        },
        "bw_min" : 109560,
        "bw_max" : 42120204,
        "bw_agg" : 100.000000,
        "bw_mean" : 37486600.211864,
        "bw_dev" : 144913.525162,
        "bw_samples" : 13452,
        "iops_min" : 27390,
        "iops_max" : 10530033,
        "iops_mean" : 9371642.460452,
        "iops_stddev" : 36228.358337,
        "iops_samples" : 13452
      },
      "write" : {
        "io_bytes" : 4644393598976,
        "io_kbytes" : 4535540624,
        "bw_bytes" : 25801756631,
        "bw" : 25197027,
        "iops" : 6299256.990161,
        "runtime" : 180003,
        "total_ios" : 1133885156,
        "short_ios" : 0,
        "drop_ios" : 0,
        "slat_ns" : {
          "min" : 0,
          "max" : 0,
          "mean" : 0.000000,
          "stddev" : 0.000000,
          "N" : 0
        },
        "clat_ns" : {
          "min" : 123,
          "max" : 92804873,
          "mean" : 3152.734919,
          "stddev" : 15789.422833,
          "N" : 1133885156,
          "percentile" : {
            "1.000000" : 1144,
            "5.000000" : 1624,
            "10.000000" : 1896,
            "20.000000" : 2224,
            "30.000000" : 2480,
            "40.000000" : 2704,
            "50.000000" : 2928,
            "60.000000" : 3152,
            "70.000000" : 3408,
            "80.000000" : 3696,
            "90.000000" : 4128,
            "95.000000" : 4512,
            "99.000000" : 5408,
            "99.500000" : 5984,
            "99.900000" : 25728,
            "99.950000" : 65280,
            "99.990000" : 168960
          }
        },
        "lat_ns" : {
          "min" : 172,
          "max" : 92804937,
          "mean" : 3263.919111,
          "stddev" : 15972.409929,
          "N" : 1133885156
        },
        "bw_min" : 75152,
        "bw_max" : 28706618,
        "bw_agg" : 100.000000,
        "bw_mean" : 25575013.155367,
        "bw_dev" : 144963.286666,
        "bw_samples" : 9204,
        "iops_min" : 18788,
        "iops_max" : 7176651,
        "iops_mean" : 6393748.211864,
        "iops_stddev" : 36240.800879,
        "iops_samples" : 9204
      },
      "trim" : {
        "io_bytes" : 0,
        "io_kbytes" : 0,
        "bw_bytes" : 0,
        "bw" : 0,
        "iops" : 0.000000,
        "runtime" : 0,
        "total_ios" : 0,
        "short_ios" : 0,
        "drop_ios" : 0,
        "slat_ns" : {
          "min" : 0,
          "max" : 0,
          "mean" : 0.000000,
          "stddev" : 0.000000,
          "N" : 0
        },
        "clat_ns" : {
          "min" : 0,
          "max" : 0,
          "mean" : 0.000000,
          "stddev" : 0.000000,
          "N" : 0
        },
        "lat_ns" : {
          "min" : 0,
          "max" : 0,
          "mean" : 0.000000,
          "stddev" : 0.000000,
          "N" : 0
        },
        "bw_min" : 0,
        "bw_max" : 0,
        "bw_agg" : 0.000000,
        "bw_mean" : 0.000000,
        "bw_dev" : 0.000000,
        "bw_samples" : 0,
        "iops_min" : 0,
        "iops_max" : 0,
        "iops_mean" : 0.000000,
        "iops_stddev" : 0.000000,
        "iops_samples" : 0
      },
      "sync" : {
        "total_ios" : 0,
        "lat_ns" : {
          "min" : 0,
          "max" : 0,
          "mean" : 0.000000,
          "stddev" : 0.000000,
          "N" : 0
        }
      },
      "job_runtime" : 11520016,
      "usr_cpu" : 95.350614,
      "sys_cpu" : 0.957690,
      "ctx" : 938504,
      "majf" : 196609,
      "minf" : 2102461,
      "iodepth_level" : {
        "1" : 100.000000,
        "2" : 0.000000,
        "4" : 0.000000,
        "8" : 0.000000,
        "16" : 0.000000,
        "32" : 0.000000,
        ">=64" : 0.000000
      },
      "iodepth_submit" : {
        "0" : 0.000000,
        "4" : 100.000000,
        "8" : 0.000000,
        "16" : 0.000000,
        "32" : 0.000000,
        "64" : 0.000000,
        ">=64" : 0.000000
      },
      "iodepth_complete" : {
        "0" : 0.000000,
        "4" : 100.000000,
        "8" : 0.000000,
        "16" : 0.000000,
        "32" : 0.000000,
        "64" : 0.000000,
        ">=64" : 0.000000
      },
      "latency_ns" : {
        "2" : 0.000000,
        "4" : 0.000000,
        "10" : 0.000000,
        "20" : 0.000000,
        "50" : 0.000000,
        "100" : 0.000000,
        "250" : 0.028142,
        "500" : 0.035497,
        "750" : 0.166034,
        "1000" : 0.434832
      },
      "latency_us" : {
        "2" : 10.832174,
        "4" : 73.351793,
        "10" : 14.991394,
        "20" : 0.088256,
        "50" : 0.040941,
        "100" : 0.018581,
        "250" : 0.010000,
        "500" : 0.010000,
        "750" : 0.010000,
        "1000" : 0.010000
      },
      "latency_ms" : {
        "2" : 0.010000,
        "4" : 0.010000,
        "10" : 0.010000,
        "20" : 0.010000,
        "50" : 0.010000,
        "100" : 0.010000,
        "250" : 0.000000,
        "500" : 0.000000,
        "750" : 0.000000,
        "1000" : 0.000000,
        "2000" : 0.000000,
        ">=2000" : 0.000000
      },
      "latency_depth" : 1,
      "latency_target" : 0,
      "latency_percentile" : 100.000000,
      "latency_window" : 0
    }
  ],
  "disk_util" : [
    {
      "name" : "sda",
      "read_ios" : 196557,
      "write_ios" : 106004,
      "read_sectors" : 1574168,
      "write_sectors" : 17371456,
      "read_merges" : 214,
      "write_merges" : 4281,
      "read_ticks" : 153274,
      "write_ticks" : 76353029,
      "in_queue" : 76506310,
      "util" : 10.777110
    }
  ]
}
