{
  "fio version" : "fio-3.40",
  "timestamp" : 1764485994,
  "timestamp_ms" : 1764485994939,
  "time" : "Sun Nov 30 07:59:54 2025",
  "global options" : {
    "group_reporting" : "",
    "ioengine" : "mmap",
    "size" : "768m",
    "thread" : "1",
    "directory" : "/tmp",
    "time_based" : "",
    "runtime" : "120",
    "filename" : "/tmp/fio_readwrite",
    "share_mmap" : "1",
    "repl" : "1"
  },
  "jobs" : [
    {
      "jobname" : "writers",
      "groupid" : 0,
      "job_start" : 1764485874903,
      "error" : 0,
      "eta" : 0,
      "elapsed" : 121,
      "job options" : {
        "rw" : "randread",
        "random_distribution" : "zipf",
        "numjobs" : "38"
      },
      "read" : {
        "io_bytes" : 10471785181184,
        "io_kbytes" : 10226352716,
        "bw_bytes" : 87263422119,
        "bw" : 85218185,
        "iops" : 21304546.415893,
        "runtime" : 120002,
        "total_ios" : 2556588179,
        "short_ios" : 0,
        "drop_ios" : 0,
        "slat_ns" : {
          "min" : 0,
          "max" : 0,
          "mean" : 0.000000,
          "stddev" : 0.000000,
          "N" : 0
        },
        "clat_ns" : {
          "min" : 93,
          "max" : 64026634,
          "mean" : 895.131627,
          "stddev" : 7122.747203,
          "N" : 2556588179,
          "percentile" : {
            "1.000000" : 126,
            "5.000000" : 153,
            "10.000000" : 183,
            "20.000000" : 213,
            "30.000000" : 245,
            "40.000000" : 402,
            "50.000000" : 668,
            "60.000000" : 940,
            "70.000000" : 1192,
            "80.000000" : 1448,
            "90.000000" : 1784,
            "95.000000" : 2096,
            "99.000000" : 2928,
            "99.500000" : 3312,
            "99.900000" : 7712,
            "99.950000" : 14272,
            "99.990000" : 20352
          }
        },
        "lat_ns" : {
          "min" : 121,
          "max" : 116035068,
          "mean" : 997.268736,
          "stddev" : 7583.579672,
          "N" : 2556588179
        },
        "bw_min" : 174704,
        "bw_max" : 99220638,
        "bw_agg" : 100.000000,
        "bw_mean" : 86356013.716102,
        "bw_dev" : 367824.565315,
        "bw_samples" : 8968,
        "iops_min" : 43676,
        "iops_max" : 24805155,
        "iops_mean" : 21588993.991525,
        "iops_stddev" : 91956.102600,
        "iops_samples" : 8968
      },
      "write" : {
        "io_bytes" : 7185864187904,
        "io_kbytes" : 7017445496,
        "bw_bytes" : 59881203545,
        "bw" : 58477737,
        "iops" : 14619434.459426,
        "runtime" : 120002,
        "total_ios" : 1754361374,
        "short_ios" : 0,
        "drop_ios" : 0,
        "slat_ns" : {
          "min" : 0,
          "max" : 0,
          "mean" : 0.000000,
          "stddev" : 0.000000,
          "N" : 0
        },
        "clat_ns" : {
          "min" : 95,
          "max" : 77371276,
          "mean" : 902.682075,
          "stddev" : 9554.668275,
          "N" : 1754361374,
          "percentile" : {
            "1.000000" : 125,
            "5.000000" : 149,
            "10.000000" : 179,
            "20.000000" : 211,
            "30.000000" : 233,
            "40.000000" : 398,
            "50.000000" : 668,
            "60.000000" : 940,
            "70.000000" : 1176,
            "80.000000" : 1416,
            "90.000000" : 1736,
            "95.000000" : 2040,
            "99.000000" : 2896,
            "99.500000" : 3312,
            "99.900000" : 11968,
            "99.950000" : 17024,
            "99.990000" : 56576
          }
        },
        "lat_ns" : {
          "min" : 134,
          "max" : 77371329,
          "mean" : 1012.570655,
          "stddev" : 9847.249538,
          "N" : 1754361374
        },
        "bw_min" : 119112,
        "bw_max" : 72190216,
        "bw_agg" : 100.000000,
        "bw_mean" : 59264801.817797,
        "bw_dev" : 393284.150834,
        "bw_samples" : 6136,
        "iops_min" : 29778,
        "iops_max" : 18047550,
        "iops_mean" : 14816195.161017,
        "iops_stddev" : 98321.016290,
        "iops_samples" : 6136
      },
      "trim" : {
        "io_bytes" : 0,
        "io_kbytes" : 0,
        "bw_bytes" : 0,
        "bw" : 0,
        "iops" : 0.000000,
        "runtime" : 0,
        "total_ios" : 0,
        "short_ios" : 0,
        "drop_ios" : 0,
        "slat_ns" : {
          "min" : 0,
          "max" : 0,
          "mean" : 0.000000,
          "stddev" : 0.000000,
          "N" : 0
        },
        "clat_ns" : {
          "min" : 0,
          "max" : 0,
          "mean" : 0.000000,
          "stddev" : 0.000000,
          "N" : 0
        },
        "lat_ns" : {
          "min" : 0,
          "max" : 0,
          "mean" : 0.000000,
          "stddev" : 0.000000,
          "N" : 0
        },
        "bw_min" : 0,
        "bw_max" : 0,
        "bw_agg" : 0.000000,
        "bw_mean" : 0.000000,
        "bw_dev" : 0.000000,
        "bw_samples" : 0,
        "iops_min" : 0,
        "iops_max" : 0,
        "iops_mean" : 0.000000,
        "iops_stddev" : 0.000000,
        "iops_samples" : 0
      },
      "sync" : {
        "total_ios" : 0,
        "lat_ns" : {
          "min" : 0,
          "max" : 0,
          "mean" : 0.000000,
          "stddev" : 0.000000,
          "N" : 0
        }
      },
      "job_runtime" : 7680006,
      "usr_cpu" : 95.440420,
      "sys_cpu" : 0.582799,
      "ctx" : 634658,
      "majf" : 196608,
      "minf" : 1703535,
      "iodepth_level" : {
        "1" : 100.000000,
        "2" : 0.000000,
        "4" : 0.000000,
        "8" : 0.000000,
        "16" : 0.000000,
        "32" : 0.000000,
        ">=64" : 0.000000
      },
      "iodepth_submit" : {
        "0" : 0.000000,
        "4" : 100.000000,
        "8" : 0.000000,
        "16" : 0.000000,
        "32" : 0.000000,
        "64" : 0.000000,
        ">=64" : 0.000000
      },
      "iodepth_complete" : {
        "0" : 0.000000,
        "4" : 100.000000,
        "8" : 0.000000,
        "16" : 0.000000,
        "32" : 0.000000,
        "64" : 0.000000,
        ">=64" : 0.000000
      },
      "latency_ns" : {
        "2" : 0.000000,
        "4" : 0.000000,
        "10" : 0.000000,
        "20" : 0.000000,
        "50" : 0.000000,
        "100" : 0.010000,
        "250" : 31.199900,
        "500" : 12.750086,
        "750" : 9.015598,
        "1000" : 9.323495
      },
      "latency_us" : {
        "2" : 31.776548,
        "4" : 5.732968,
        "10" : 0.099869,
        "20" : 0.082148,
        "50" : 0.010000,
        "100" : 0.010000,
        "250" : 0.010000,
        "500" : 0.010000,
        "750" : 0.010000,
        "1000" : 0.010000
      },
      "latency_ms" : {
        "2" : 0.010000,
        "4" : 0.010000,
        "10" : 0.010000,
        "20" : 0.010000,
        "50" : 0.010000,
        "100" : 0.010000,
        "250" : 0.000000,
        "500" : 0.000000,
        "750" : 0.000000,
        "1000" : 0.000000,
        "2000" : 0.000000,
        ">=2000" : 0.000000
      },
      "latency_depth" : 1,
      "latency_target" : 0,
      "latency_percentile" : 100.000000,
      "latency_window" : 0
    }
  ],
  "disk_util" : [
    {
      "name" : "sdb",
      "read_ios" : 196559,
      "write_ios" : 89845,
      "read_sectors" : 1574096,
      "write_sectors" : 13651744,
      "read_merges" : 203,
      "write_merges" : 5708,
      "read_ticks" : 151455,
      "write_ticks" : 4854958,
      "in_queue" : 5006416,
      "util" : 13.391275
    }
  ]
}
