{
  "fio version" : "fio-3.40",
  "timestamp" : 1765212991,
  "timestamp_ms" : 1765212991485,
  "time" : "Mon Dec  8 17:56:31 2025",
  "global options" : {
    "group_reporting" : "",
    "ioengine" : "mmap",
    "size" : "768m",
    "thread" : "1",
    "directory" : "/tmp",
    "time_based" : "",
    "runtime" : "180",
    "norandommap" : "1",
    "filename" : "/tmp/fio_readwrite",
    "share_mmap" : "1",
    "repl" : "1"
  },
  "jobs" : [
    {
      "jobname" : "writers",
      "groupid" : 0,
      "job_start" : 1765212811382,
      "error" : 0,
      "eta" : 0,
      "elapsed" : 181,
      "job options" : {
        "rw" : "randread",
        "random_distribution" : "random",
        "numjobs" : "19"
      },
      "read" : {
        "io_bytes" : 3634331578368,
        "io_kbytes" : 3549151932,
        "bw_bytes" : 20190506651,
        "bw" : 19717291,
        "iops" : 4929322.913079,
        "runtime" : 180002,
        "total_ios" : 887287983,
        "short_ios" : 0,
        "drop_ios" : 0,
        "slat_ns" : {
          "min" : 0,
          "max" : 0,
          "mean" : 0.000000,
          "stddev" : 0.000000,
          "N" : 0
        },
        "clat_ns" : {
          "min" : 100,
          "max" : 9038625,
          "mean" : 3041.028327,
          "stddev" : 9164.536095,
          "N" : 887287983,
          "percentile" : {
            "1.000000" : 1064,
            "5.000000" : 1528,
            "10.000000" : 1816,
            "20.000000" : 2192,
            "30.000000" : 2480,
            "40.000000" : 2704,
            "50.000000" : 2896,
            "60.000000" : 3120,
            "70.000000" : 3344,
            "80.000000" : 3664,
            "90.000000" : 4080,
            "95.000000" : 4512,
            "99.000000" : 5600,
            "99.500000" : 6304,
            "99.900000" : 18048,
            "99.950000" : 19328,
            "99.990000" : 33536
          }
        },
        "lat_ns" : {
          "min" : 127,
          "max" : 9038656,
          "mean" : 3111.813196,
          "stddev" : 9214.725484,
          "N" : 887287983
        },
        "bw_min" : 46160,
        "bw_max" : 22358520,
        "bw_agg" : 100.000000,
        "bw_mean" : 19845817.890756,
        "bw_dev" : 151498.444906,
        "bw_samples" : 6783,
        "iops_min" : 11540,
        "iops_max" : 5589625,
        "iops_mean" : 4961450.092437,
        "iops_stddev" : 37874.588329,
        "iops_samples" : 6783
      },
      "write" : {
        "io_bytes" : 8167289704448,
        "io_kbytes" : 7975868852,
        "bw_bytes" : 45373075473,
        "bw" : 44309644,
        "iops" : 11077411.004261,
        "runtime" : 180003,
        "total_ios" : 1993967213,
        "short_ios" : 0,
        "drop_ios" : 0,
        "slat_ns" : {
          "min" : 0,
          "max" : 0,
          "mean" : 0.000000,
          "stddev" : 0.000000,
          "N" : 0
        },
        "clat_ns" : {
          "min" : 97,
          "max" : 57485886,
          "mean" : 2981.378610,
          "stddev" : 15588.323532,
          "N" : 1993967213,
          "percentile" : {
            "1.000000" : 1032,
            "5.000000" : 1464,
            "10.000000" : 1736,
            "20.000000" : 2064,
            "30.000000" : 2288,
            "40.000000" : 2512,
            "50.000000" : 2704,
            "60.000000" : 2928,
            "70.000000" : 3184,
            "80.000000" : 3504,
            "90.000000" : 3952,
            "95.000000" : 4384,
            "99.000000" : 5472,
            "99.500000" : 6432,
            "99.900000" : 21632,
            "99.950000" : 73216,
            "99.990000" : 168960
          }
        },
        "lat_ns" : {
          "min" : 135,
          "max" : 57485996,
          "mean" : 3094.591623,
          "stddev" : 15770.261956,
          "N" : 1993967213
        },
        "bw_min" : 108168,
        "bw_max" : 57072294,
        "bw_agg" : 100.000000,
        "bw_mean" : 44599489.901961,
        "bw_dev" : 143750.969287,
        "bw_samples" : 16065,
        "iops_min" : 27042,
        "iops_max" : 14268072,
        "iops_mean" : 11149865.005602,
        "iops_stddev" : 35937.730963,
        "iops_samples" : 16065
      },
      "trim" : {
        "io_bytes" : 0,
        "io_kbytes" : 0,
        "bw_bytes" : 0,
        "bw" : 0,
        "iops" : 0.000000,
        "runtime" : 0,
        "total_ios" : 0,
        "short_ios" : 0,
        "drop_ios" : 0,
        "slat_ns" : {
          "min" : 0,
          "max" : 0,
          "mean" : 0.000000,
          "stddev" : 0.000000,
          "N" : 0
        },
        "clat_ns" : {
          "min" : 0,
          "max" : 0,
          "mean" : 0.000000,
          "stddev" : 0.000000,
          "N" : 0
        },
        "lat_ns" : {
          "min" : 0,
          "max" : 0,
          "mean" : 0.000000,
          "stddev" : 0.000000,
          "N" : 0
        },
        "bw_min" : 0,
        "bw_max" : 0,
        "bw_agg" : 0.000000,
        "bw_mean" : 0.000000,
        "bw_dev" : 0.000000,
        "bw_samples" : 0,
        "iops_min" : 0,
        "iops_max" : 0,
        "iops_mean" : 0.000000,
        "iops_stddev" : 0.000000,
        "iops_samples" : 0
      },
      "sync" : {
        "total_ios" : 0,
        "lat_ns" : {
          "min" : 0,
          "max" : 0,
          "mean" : 0.000000,
          "stddev" : 0.000000,
          "N" : 0
        }
      },
      "job_runtime" : 11520028,
      "usr_cpu" : 95.855514,
      "sys_cpu" : 1.144745,
      "ctx" : 572380,
      "majf" : 196603,
      "minf" : 1842305,
      "iodepth_level" : {
        "1" : 100.000000,
        "2" : 0.000000,
        "4" : 0.000000,
        "8" : 0.000000,
        "16" : 0.000000,
        "32" : 0.000000,
        ">=64" : 0.000000
      },
      "iodepth_submit" : {
        "0" : 0.000000,
        "4" : 100.000000,
        "8" : 0.000000,
        "16" : 0.000000,
        "32" : 0.000000,
        "64" : 0.000000,
        ">=64" : 0.000000
      },
      "iodepth_complete" : {
        "0" : 0.000000,
        "4" : 100.000000,
        "8" : 0.000000,
        "16" : 0.000000,
        "32" : 0.000000,
        "64" : 0.000000,
        ">=64" : 0.000000
      },
      "latency_ns" : {
        "2" : 0.000000,
        "4" : 0.000000,
        "10" : 0.000000,
        "20" : 0.000000,
        "50" : 0.000000,
        "100" : 0.010000,
        "250" : 0.036568,
        "500" : 0.030707,
        "750" : 0.137241,
        "1000" : 0.607943
      },
      "latency_us" : {
        "2" : 15.936234,
        "4" : 73.156524,
        "10" : 9.796420,
        "20" : 0.210390,
        "50" : 0.046542,
        "100" : 0.017335,
        "250" : 0.015885,
        "500" : 0.010000,
        "750" : 0.010000,
        "1000" : 0.010000
      },
      "latency_ms" : {
        "2" : 0.010000,
        "4" : 0.010000,
        "10" : 0.010000,
        "20" : 0.010000,
        "50" : 0.010000,
        "100" : 0.010000,
        "250" : 0.000000,
        "500" : 0.000000,
        "750" : 0.000000,
        "1000" : 0.000000,
        "2000" : 0.000000,
        ">=2000" : 0.000000
      },
      "latency_depth" : 1,
      "latency_target" : 0,
      "latency_percentile" : 100.000000,
      "latency_window" : 0
    }
  ],
  "disk_util" : [
    {
      "name" : "sda",
      "read_ios" : 196592,
      "write_ios" : 61223,
      "read_sectors" : 1575952,
      "write_sectors" : 14948328,
      "read_merges" : 341,
      "write_merges" : 1848,
      "read_ticks" : 160936,
      "write_ticks" : 93568007,
      "in_queue" : 93728950,
      "util" : 9.144843
    }
  ]
}
