{
  "fio version" : "fio-3.40",
  "timestamp" : 1772049677,
  "timestamp_ms" : 1772049677244,
  "time" : "Wed Feb 25 21:01:17 2026",
  "global options" : {
    "group_reporting" : "",
    "ioengine" : "mmap",
    "size" : "768m",
    "thread" : "1",
    "directory" : "/tmp",
    "time_based" : "",
    "runtime" : "210",
    "norandommap" : "1",
    "filename" : "/tmp/fio_readwrite",
    "share_mmap" : "1",
    "repl" : "1"
  },
  "jobs" : [
    {
      "jobname" : "readers",
      "groupid" : 0,
      "job_start" : 1772049467066,
      "error" : 0,
      "eta" : 0,
      "elapsed" : 211,
      "job options" : {
        "rw" : "randread",
        "random_distribution" : "random",
        "numjobs" : "64"
      },
      "read" : {
        "io_bytes" : 21307765239808,
        "io_kbytes" : 20808364492,
        "bw_bytes" : 101463616120,
        "bw" : 99085562,
        "iops" : 24771390.654464,
        "runtime" : 210004,
        "total_ios" : 5202091123,
        "short_ios" : 0,
        "drop_ios" : 0,
        "slat_ns" : {
          "min" : 0,
          "max" : 0,
          "mean" : 0.000000,
          "stddev" : 0.000000,
          "N" : 0
        },
        "clat_ns" : {
          "min" : 97,
          "max" : 21664632,
          "mean" : 2121.997040,
          "stddev" : 7800.865454,
          "N" : 5202091123,
          "percentile" : {
            "1.000000" : 764,
            "5.000000" : 1112,
            "10.000000" : 1288,
            "20.000000" : 1512,
            "30.000000" : 1688,
            "40.000000" : 1848,
            "50.000000" : 2008,
            "60.000000" : 2160,
            "70.000000" : 2352,
            "80.000000" : 2608,
            "90.000000" : 2928,
            "95.000000" : 3216,
            "99.000000" : 3792,
            "99.500000" : 4080,
            "99.900000" : 14272,
            "99.950000" : 16768,
            "99.990000" : 19584
          }
        },
        "lat_ns" : {
          "min" : 125,
          "max" : 21664690,
          "mean" : 2170.388326,
          "stddev" : 7807.582649,
          "N" : 5202091123
        },
        "bw_min" : 14277298,
        "bw_max" : 126763222,
        "bw_agg" : 100.000000,
        "bw_mean" : 99562297.989736,
        "bw_dev" : 189377.074241,
        "bw_samples" : 26726,
        "iops_min" : 3569321,
        "iops_max" : 31690797,
        "iops_mean" : 24890557.034808,
        "iops_stddev" : 47344.240740,
        "iops_samples" : 26726
      },
      "write" : {
        "io_bytes" : 0,
        "io_kbytes" : 0,
        "bw_bytes" : 0,
        "bw" : 0,
        "iops" : 0.000000,
        "runtime" : 0,
        "total_ios" : 0,
        "short_ios" : 0,
        "drop_ios" : 0,
        "slat_ns" : {
          "min" : 0,
          "max" : 0,
          "mean" : 0.000000,
          "stddev" : 0.000000,
          "N" : 0
        },
        "clat_ns" : {
          "min" : 0,
          "max" : 0,
          "mean" : 0.000000,
          "stddev" : 0.000000,
          "N" : 0
        },
        "lat_ns" : {
          "min" : 0,
          "max" : 0,
          "mean" : 0.000000,
          "stddev" : 0.000000,
          "N" : 0
        },
        "bw_min" : 0,
        "bw_max" : 0,
        "bw_agg" : 0.000000,
        "bw_mean" : 0.000000,
        "bw_dev" : 0.000000,
        "bw_samples" : 0,
        "iops_min" : 0,
        "iops_max" : 0,
        "iops_mean" : 0.000000,
        "iops_stddev" : 0.000000,
        "iops_samples" : 0
      },
      "trim" : {
        "io_bytes" : 0,
        "io_kbytes" : 0,
        "bw_bytes" : 0,
        "bw" : 0,
        "iops" : 0.000000,
        "runtime" : 0,
        "total_ios" : 0,
        "short_ios" : 0,
        "drop_ios" : 0,
        "slat_ns" : {
          "min" : 0,
          "max" : 0,
          "mean" : 0.000000,
          "stddev" : 0.000000,
          "N" : 0
        },
        "clat_ns" : {
          "min" : 0,
          "max" : 0,
          "mean" : 0.000000,
          "stddev" : 0.000000,
          "N" : 0
        },
        "lat_ns" : {
          "min" : 0,
          "max" : 0,
          "mean" : 0.000000,
          "stddev" : 0.000000,
          "N" : 0
        },
        "bw_min" : 0,
        "bw_max" : 0,
        "bw_agg" : 0.000000,
        "bw_mean" : 0.000000,
        "bw_dev" : 0.000000,
        "bw_samples" : 0,
        "iops_min" : 0,
        "iops_max" : 0,
        "iops_mean" : 0.000000,
        "iops_stddev" : 0.000000,
        "iops_samples" : 0
      },
      "sync" : {
        "total_ios" : 0,
        "lat_ns" : {
          "min" : 0,
          "max" : 0,
          "mean" : 0.000000,
          "stddev" : 0.000000,
          "N" : 0
        }
      },
      "job_runtime" : 13440012,
      "usr_cpu" : 98.098603,
      "sys_cpu" : 0.097783,
      "ctx" : 793208,
      "majf" : 196632,
      "minf" : 71885,
      "iodepth_level" : {
        "1" : 100.000000,
        "2" : 0.000000,
        "4" : 0.000000,
        "8" : 0.000000,
        "16" : 0.000000,
        "32" : 0.000000,
        ">=64" : 0.000000
      },
      "iodepth_submit" : {
        "0" : 0.000000,
        "4" : 100.000000,
        "8" : 0.000000,
        "16" : 0.000000,
        "32" : 0.000000,
        "64" : 0.000000,
        ">=64" : 0.000000
      },
      "iodepth_complete" : {
        "0" : 0.000000,
        "4" : 100.000000,
        "8" : 0.000000,
        "16" : 0.000000,
        "32" : 0.000000,
        "64" : 0.000000,
        ">=64" : 0.000000
      },
      "latency_ns" : {
        "2" : 0.000000,
        "4" : 0.000000,
        "10" : 0.000000,
        "20" : 0.000000,
        "50" : 0.000000,
        "100" : 0.010000,
        "250" : 0.048192,
        "500" : 0.088420,
        "750" : 0.794553,
        "1000" : 2.223471
      },
      "latency_us" : {
        "2" : 46.621870,
        "4" : 49.642512,
        "10" : 0.423425,
        "20" : 0.147819,
        "50" : 0.010000,
        "100" : 0.010000,
        "250" : 0.010000,
        "500" : 0.010000,
        "750" : 0.010000,
        "1000" : 0.010000
      },
      "latency_ms" : {
        "2" : 0.010000,
        "4" : 0.010000,
        "10" : 0.010000,
        "20" : 0.010000,
        "50" : 0.010000,
        "100" : 0.000000,
        "250" : 0.000000,
        "500" : 0.000000,
        "750" : 0.000000,
        "1000" : 0.000000,
        "2000" : 0.000000,
        ">=2000" : 0.000000
      },
      "latency_depth" : 1,
      "latency_target" : 0,
      "latency_percentile" : 100.000000,
      "latency_window" : 0
    }
  ],
  "disk_util" : [
    {
      "name" : "sdb",
      "read_ios" : 196691,
      "write_ios" : 38042,
      "read_sectors" : 1578392,
      "write_sectors" : 1576416,
      "read_merges" : 273,
      "write_merges" : 632,
      "read_ticks" : 191549,
      "write_ticks" : 56107,
      "in_queue" : 247666,
      "util" : 1.923370
    }
  ]
}
