{
  "fio version" : "fio-3.40",
  "timestamp" : 1764233165,
  "timestamp_ms" : 1764233165315,
  "time" : "Thu Nov 27 09:46:05 2025",
  "global options" : {
    "group_reporting" : "",
    "ioengine" : "mmap",
    "size" : "768m",
    "thread" : "1",
    "directory" : "/tmp",
    "time_based" : "",
    "runtime" : "120",
    "filename" : "/tmp/fio_readwrite",
    "share_mmap" : "1",
    "repl" : "1"
  },
  "jobs" : [
    {
      "jobname" : "writers",
      "groupid" : 0,
      "job_start" : 1764233045292,
      "error" : 0,
      "eta" : 0,
      "elapsed" : 121,
      "job options" : {
        "rw" : "randread",
        "random_distribution" : "zipf",
        "numjobs" : "58"
      },
      "read" : {
        "io_bytes" : 17171002310656,
        "io_kbytes" : 16768556944,
        "bw_bytes" : 143089301100,
        "bw" : 139735645,
        "iops" : 34933911.401477,
        "runtime" : 120002,
        "total_ios" : 4192139236,
        "short_ios" : 0,
        "drop_ios" : 0,
        "slat_ns" : {
          "min" : 0,
          "max" : 0,
          "mean" : 0.000000,
          "stddev" : 0.000000,
          "N" : 0
        },
        "clat_ns" : {
          "min" : 93,
          "max" : 56025050,
          "mean" : 853.208051,
          "stddev" : 5872.119757,
          "N" : 4192139236,
          "percentile" : {
            "1.000000" : 125,
            "5.000000" : 153,
            "10.000000" : 179,
            "20.000000" : 211,
            "30.000000" : 245,
            "40.000000" : 358,
            "50.000000" : 556,
            "60.000000" : 780,
            "70.000000" : 1032,
            "80.000000" : 1304,
            "90.000000" : 1704,
            "95.000000" : 2064,
            "99.000000" : 3056,
            "99.500000" : 3536,
            "99.900000" : 15936,
            "99.950000" : 50944,
            "99.990000" : 64768
          }
        },
        "lat_ns" : {
          "min" : 120,
          "max" : 56025106,
          "mean" : 943.879966,
          "stddev" : 5904.549747,
          "N" : 4192139236
        },
        "bw_min" : 233700,
        "bw_max" : 163891404,
        "bw_agg" : 100.000000,
        "bw_mean" : 139883652.820084,
        "bw_dev" : 388214.932095,
        "bw_samples" : 13862,
        "iops_min" : 58410,
        "iops_max" : 40972842,
        "iops_mean" : 34970897.502092,
        "iops_stddev" : 97053.701154,
        "iops_samples" : 13862
      },
      "write" : {
        "io_bytes" : 1446590996480,
        "io_kbytes" : 1412686520,
        "bw_bytes" : 12054824513,
        "bw" : 11772289,
        "iops" : 2943072.391063,
        "runtime" : 120001,
        "total_ios" : 353171630,
        "short_ios" : 0,
        "drop_ios" : 0,
        "slat_ns" : {
          "min" : 0,
          "max" : 0,
          "mean" : 0.000000,
          "stddev" : 0.000000,
          "N" : 0
        },
        "clat_ns" : {
          "min" : 96,
          "max" : 8032913,
          "mean" : 1297.903589,
          "stddev" : 7784.217444,
          "N" : 353171630,
          "percentile" : {
            "1.000000" : 120,
            "5.000000" : 147,
            "10.000000" : 173,
            "20.000000" : 203,
            "30.000000" : 231,
            "40.000000" : 362,
            "50.000000" : 628,
            "60.000000" : 932,
            "70.000000" : 1176,
            "80.000000" : 1448,
            "90.000000" : 1832,
            "95.000000" : 2160,
            "99.000000" : 4320,
            "99.500000" : 49920,
            "99.900000" : 61184,
            "99.950000" : 67072,
            "99.990000" : 105984
          }
        },
        "lat_ns" : {
          "min" : 135,
          "max" : 8032964,
          "mean" : 1391.900652,
          "stddev" : 7790.665148,
          "N" : 353171630
        },
        "bw_min" : 27747,
        "bw_max" : 15259693,
        "bw_agg" : 100.000000,
        "bw_mean" : 11781207.527197,
        "bw_dev" : 858568.841230,
        "bw_samples" : 1434,
        "iops_min" : 6935,
        "iops_max" : 3814921,
        "iops_mean" : 2945300.309623,
        "iops_stddev" : 214642.197806,
        "iops_samples" : 1434
      },
      "trim" : {
        "io_bytes" : 0,
        "io_kbytes" : 0,
        "bw_bytes" : 0,
        "bw" : 0,
        "iops" : 0.000000,
        "runtime" : 0,
        "total_ios" : 0,
        "short_ios" : 0,
        "drop_ios" : 0,
        "slat_ns" : {
          "min" : 0,
          "max" : 0,
          "mean" : 0.000000,
          "stddev" : 0.000000,
          "N" : 0
        },
        "clat_ns" : {
          "min" : 0,
          "max" : 0,
          "mean" : 0.000000,
          "stddev" : 0.000000,
          "N" : 0
        },
        "lat_ns" : {
          "min" : 0,
          "max" : 0,
          "mean" : 0.000000,
          "stddev" : 0.000000,
          "N" : 0
        },
        "bw_min" : 0,
        "bw_max" : 0,
        "bw_agg" : 0.000000,
        "bw_mean" : 0.000000,
        "bw_dev" : 0.000000,
        "bw_samples" : 0,
        "iops_min" : 0,
        "iops_max" : 0,
        "iops_mean" : 0.000000,
        "iops_stddev" : 0.000000,
        "iops_samples" : 0
      },
      "sync" : {
        "total_ios" : 0,
        "lat_ns" : {
          "min" : 0,
          "max" : 0,
          "mean" : 0.000000,
          "stddev" : 0.000000,
          "N" : 0
        }
      },
      "job_runtime" : 7680001,
      "usr_cpu" : 93.830274,
      "sys_cpu" : 4.002265,
      "ctx" : 337243,
      "majf" : 194674,
      "minf" : 6089476,
      "iodepth_level" : {
        "1" : 100.000000,
        "2" : 0.000000,
        "4" : 0.000000,
        "8" : 0.000000,
        "16" : 0.000000,
        "32" : 0.000000,
        ">=64" : 0.000000
      },
      "iodepth_submit" : {
        "0" : 0.000000,
        "4" : 100.000000,
        "8" : 0.000000,
        "16" : 0.000000,
        "32" : 0.000000,
        "64" : 0.000000,
        ">=64" : 0.000000
      },
      "iodepth_complete" : {
        "0" : 0.000000,
        "4" : 100.000000,
        "8" : 0.000000,
        "16" : 0.000000,
        "32" : 0.000000,
        "64" : 0.000000,
        ">=64" : 0.000000
      },
      "latency_ns" : {
        "2" : 0.000000,
        "4" : 0.000000,
        "10" : 0.000000,
        "20" : 0.000000,
        "50" : 0.000000,
        "100" : 0.010000,
        "250" : 31.028846,
        "500" : 16.138358,
        "750" : 11.137288,
        "1000" : 10.225519
      },
      "latency_us" : {
        "2" : 25.718999,
        "4" : 5.415893,
        "10" : 0.141222,
        "20" : 0.060063,
        "50" : 0.046040,
        "100" : 0.082031,
        "250" : 0.010000,
        "500" : 0.010000,
        "750" : 0.010000,
        "1000" : 0.010000
      },
      "latency_ms" : {
        "2" : 0.010000,
        "4" : 0.010000,
        "10" : 0.010000,
        "20" : 0.010000,
        "50" : 0.000000,
        "100" : 0.010000,
        "250" : 0.000000,
        "500" : 0.000000,
        "750" : 0.000000,
        "1000" : 0.000000,
        "2000" : 0.000000,
        ">=2000" : 0.000000
      },
      "latency_depth" : 1,
      "latency_target" : 0,
      "latency_percentile" : 100.000000,
      "latency_window" : 0
    }
  ],
  "disk_util" : [
    {
      "name" : "sda",
      "read_ios" : 194965,
      "write_ios" : 54842,
      "read_sectors" : 1589656,
      "write_sectors" : 2037744,
      "read_merges" : 573,
      "write_merges" : 306,
      "read_ticks" : 141258,
      "write_ticks" : 661756,
      "in_queue" : 803019,
      "util" : 3.349546
    }
  ]
}
