{
  "fio version" : "fio-3.40",
  "timestamp" : 1772058535,
  "timestamp_ms" : 1772058535240,
  "time" : "Wed Feb 25 23:28:55 2026",
  "global options" : {
    "group_reporting" : "",
    "ioengine" : "mmap",
    "size" : "768m",
    "thread" : "1",
    "directory" : "/tmp",
    "time_based" : "",
    "runtime" : "210",
    "norandommap" : "1",
    "filename" : "/tmp/fio_readwrite",
    "share_mmap" : "1",
    "repl" : "1"
  },
  "jobs" : [
    {
      "jobname" : "writers",
      "groupid" : 0,
      "job_start" : 1772058325095,
      "error" : 0,
      "eta" : 0,
      "elapsed" : 211,
      "job options" : {
        "rw" : "randread",
        "random_distribution" : "random",
        "numjobs" : "51"
      },
      "read" : {
        "io_bytes" : 10825676783616,
        "io_kbytes" : 10571949984,
        "bw_bytes" : 51550350871,
        "bw" : 50342139,
        "iops" : 12585534.880620,
        "runtime" : 210002,
        "total_ios" : 2642987496,
        "short_ios" : 0,
        "drop_ios" : 0,
        "slat_ns" : {
          "min" : 0,
          "max" : 0,
          "mean" : 0.000000,
          "stddev" : 0.000000,
          "N" : 0
        },
        "clat_ns" : {
          "min" : 99,
          "max" : 47709896,
          "mean" : 3361.149704,
          "stddev" : 9293.518449,
          "N" : 2642987496,
          "percentile" : {
            "1.000000" : 516,
            "5.000000" : 636,
            "10.000000" : 852,
            "20.000000" : 2224,
            "30.000000" : 2768,
            "40.000000" : 3088,
            "50.000000" : 3376,
            "60.000000" : 3664,
            "70.000000" : 3952,
            "80.000000" : 4256,
            "90.000000" : 4704,
            "95.000000" : 5088,
            "99.000000" : 6176,
            "99.500000" : 7008,
            "99.900000" : 61696,
            "99.950000" : 71168,
            "99.990000" : 123392
          }
        },
        "lat_ns" : {
          "min" : 126,
          "max" : 47709924,
          "mean" : 3430.175359,
          "stddev" : 9381.508954,
          "N" : 2642987496
        },
        "bw_min" : 123992,
        "bw_max" : 108124054,
        "bw_agg" : 100.000000,
        "bw_mean" : 50759149.787952,
        "bw_dev" : 319812.534373,
        "bw_samples" : 21165,
        "iops_min" : 30998,
        "iops_max" : 27031009,
        "iops_mean" : 12689775.879518,
        "iops_stddev" : 79953.126411,
        "iops_samples" : 21165
      },
      "write" : {
        "io_bytes" : 2321877893120,
        "io_kbytes" : 2267458880,
        "bw_bytes" : 11056456096,
        "bw" : 10797320,
        "iops" : 2699330.101618,
        "runtime" : 210002,
        "total_ios" : 566864720,
        "short_ios" : 0,
        "drop_ios" : 0,
        "slat_ns" : {
          "min" : 0,
          "max" : 0,
          "mean" : 0.000000,
          "stddev" : 0.000000,
          "N" : 0
        },
        "clat_ns" : {
          "min" : 98,
          "max" : 30044345,
          "mean" : 4175.399521,
          "stddev" : 10957.294932,
          "N" : 566864720,
          "percentile" : {
            "1.000000" : 1800,
            "5.000000" : 2288,
            "10.000000" : 2576,
            "20.000000" : 2896,
            "30.000000" : 3152,
            "40.000000" : 3376,
            "50.000000" : 3600,
            "60.000000" : 3792,
            "70.000000" : 4048,
            "80.000000" : 4320,
            "90.000000" : 4768,
            "95.000000" : 5088,
            "99.000000" : 6944,
            "99.500000" : 61184,
            "99.900000" : 86528,
            "99.950000" : 100864,
            "99.990000" : 195584
          }
        },
        "lat_ns" : {
          "min" : 136,
          "max" : 30044466,
          "mean" : 4247.244187,
          "stddev" : 10966.567602,
          "N" : 566864720
        },
        "bw_min" : 31368,
        "bw_max" : 12542525,
        "bw_agg" : 100.000000,
        "bw_mean" : 10882629.137349,
        "bw_dev" : 282668.018601,
        "bw_samples" : 5395,
        "iops_min" : 7842,
        "iops_max" : 3135631,
        "iops_mean" : 2720654.874699,
        "iops_stddev" : 70667.015167,
        "iops_samples" : 5395
      },
      "trim" : {
        "io_bytes" : 0,
        "io_kbytes" : 0,
        "bw_bytes" : 0,
        "bw" : 0,
        "iops" : 0.000000,
        "runtime" : 0,
        "total_ios" : 0,
        "short_ios" : 0,
        "drop_ios" : 0,
        "slat_ns" : {
          "min" : 0,
          "max" : 0,
          "mean" : 0.000000,
          "stddev" : 0.000000,
          "N" : 0
        },
        "clat_ns" : {
          "min" : 0,
          "max" : 0,
          "mean" : 0.000000,
          "stddev" : 0.000000,
          "N" : 0
        },
        "lat_ns" : {
          "min" : 0,
          "max" : 0,
          "mean" : 0.000000,
          "stddev" : 0.000000,
          "N" : 0
        },
        "bw_min" : 0,
        "bw_max" : 0,
        "bw_agg" : 0.000000,
        "bw_mean" : 0.000000,
        "bw_dev" : 0.000000,
        "bw_samples" : 0,
        "iops_min" : 0,
        "iops_max" : 0,
        "iops_mean" : 0.000000,
        "iops_stddev" : 0.000000,
        "iops_samples" : 0
      },
      "sync" : {
        "total_ios" : 0,
        "lat_ns" : {
          "min" : 0,
          "max" : 0,
          "mean" : 0.000000,
          "stddev" : 0.000000,
          "N" : 0
        }
      },
      "job_runtime" : 13440011,
      "usr_cpu" : 93.870132,
      "sys_cpu" : 3.938762,
      "ctx" : 824316,
      "majf" : 195886,
      "minf" : 7699423,
      "iodepth_level" : {
        "1" : 100.000000,
        "2" : 0.000000,
        "4" : 0.000000,
        "8" : 0.000000,
        "16" : 0.000000,
        "32" : 0.000000,
        ">=64" : 0.000000
      },
      "iodepth_submit" : {
        "0" : 0.000000,
        "4" : 100.000000,
        "8" : 0.000000,
        "16" : 0.000000,
        "32" : 0.000000,
        "64" : 0.000000,
        ">=64" : 0.000000
      },
      "iodepth_complete" : {
        "0" : 0.000000,
        "4" : 100.000000,
        "8" : 0.000000,
        "16" : 0.000000,
        "32" : 0.000000,
        "64" : 0.000000,
        ">=64" : 0.000000
      },
      "latency_ns" : {
        "2" : 0.000000,
        "4" : 0.000000,
        "10" : 0.000000,
        "20" : 0.000000,
        "50" : 0.000000,
        "100" : 0.010000,
        "250" : 0.044598,
        "500" : 0.561350,
        "750" : 5.791119,
        "1000" : 3.966082
      },
      "latency_us" : {
        "2" : 4.869948,
        "4" : 56.007070,
        "10" : 28.298784,
        "20" : 0.186144,
        "50" : 0.037146,
        "100" : 0.216620,
        "250" : 0.014595,
        "500" : 0.010000,
        "750" : 0.010000,
        "1000" : 0.010000
      },
      "latency_ms" : {
        "2" : 0.010000,
        "4" : 0.010000,
        "10" : 0.010000,
        "20" : 0.010000,
        "50" : 0.010000,
        "100" : 0.000000,
        "250" : 0.000000,
        "500" : 0.000000,
        "750" : 0.000000,
        "1000" : 0.000000,
        "2000" : 0.000000,
        ">=2000" : 0.000000
      },
      "latency_depth" : 1,
      "latency_target" : 0,
      "latency_percentile" : 100.000000,
      "latency_window" : 0
    }
  ],
  "disk_util" : [
    {
      "name" : "sdb",
      "read_ios" : 195833,
      "write_ios" : 149679,
      "read_sectors" : 1568064,
      "write_sectors" : 5085128,
      "read_merges" : 174,
      "write_merges" : 7197,
      "read_ticks" : 151662,
      "write_ticks" : 3051445,
      "in_queue" : 3203116,
      "util" : 4.460441
    }
  ]
}
