{
  "fio version" : "fio-3.40",
  "timestamp" : 1771886144,
  "timestamp_ms" : 1771886144392,
  "time" : "Mon Feb 23 23:35:44 2026",
  "global options" : {
    "group_reporting" : "",
    "ioengine" : "mmap",
    "size" : "768m",
    "thread" : "1",
    "directory" : "/tmp",
    "time_based" : "",
    "runtime" : "180",
    "norandommap" : "1",
    "filename" : "/tmp/fio_readwrite",
    "share_mmap" : "1",
    "repl" : "1"
  },
  "jobs" : [
    {
      "jobname" : "writers",
      "groupid" : 0,
      "job_start" : 1771885964113,
      "error" : 0,
      "eta" : 0,
      "elapsed" : 181,
      "job options" : {
        "rw" : "randread",
        "random_distribution" : "random",
        "numjobs" : "32"
      },
      "read" : {
        "io_bytes" : 6195818336256,
        "io_kbytes" : 6050603844,
        "bw_bytes" : 34420830525,
        "bw" : 33614092,
        "iops" : 8403523.077521,
        "runtime" : 180002,
        "total_ios" : 1512650961,
        "short_ios" : 0,
        "drop_ios" : 0,
        "slat_ns" : {
          "min" : 0,
          "max" : 0,
          "mean" : 0.000000,
          "stddev" : 0.000000,
          "N" : 0
        },
        "clat_ns" : {
          "min" : 124,
          "max" : 48027299,
          "mean" : 2809.192172,
          "stddev" : 11870.032766,
          "N" : 1512650961,
          "percentile" : {
            "1.000000" : 732,
            "5.000000" : 1320,
            "10.000000" : 1640,
            "20.000000" : 1960,
            "30.000000" : 2192,
            "40.000000" : 2352,
            "50.000000" : 2544,
            "60.000000" : 2736,
            "70.000000" : 2928,
            "80.000000" : 3184,
            "90.000000" : 3568,
            "95.000000" : 3888,
            "99.000000" : 4768,
            "99.500000" : 5408,
            "99.900000" : 84480,
            "99.950000" : 98816,
            "99.990000" : 175104
          }
        },
        "lat_ns" : {
          "min" : 162,
          "max" : 48027369,
          "mean" : 2918.083099,
          "stddev" : 11902.383972,
          "N" : 1512650961
        },
        "bw_min" : 106261,
        "bw_max" : 41239134,
        "bw_agg" : 100.000000,
        "bw_mean" : 34217268.496994,
        "bw_dev" : 215313.122410,
        "bw_samples" : 11296,
        "iops_min" : 26559,
        "iops_max" : 10309771,
        "iops_mean" : 8554310.047478,
        "iops_stddev" : 53828.272510,
        "iops_samples" : 11296
      },
      "write" : {
        "io_bytes" : 6313078226944,
        "io_kbytes" : 6165115456,
        "bw_bytes" : 35072072281,
        "bw" : 34250070,
        "iops" : 8562517.646928,
        "runtime" : 180003,
        "total_ios" : 1541278864,
        "short_ios" : 0,
        "drop_ios" : 0,
        "slat_ns" : {
          "min" : 0,
          "max" : 0,
          "mean" : 0.000000,
          "stddev" : 0.000000,
          "N" : 0
        },
        "clat_ns" : {
          "min" : 125,
          "max" : 65031706,
          "mean" : 2814.510302,
          "stddev" : 11591.242793,
          "N" : 1541278864,
          "percentile" : {
            "1.000000" : 1048,
            "5.000000" : 1432,
            "10.000000" : 1656,
            "20.000000" : 1928,
            "30.000000" : 2128,
            "40.000000" : 2320,
            "50.000000" : 2512,
            "60.000000" : 2672,
            "70.000000" : 2896,
            "80.000000" : 3120,
            "90.000000" : 3472,
            "95.000000" : 3760,
            "99.000000" : 4576,
            "99.500000" : 5216,
            "99.900000" : 88576,
            "99.950000" : 115200,
            "99.990000" : 201728
          }
        },
        "lat_ns" : {
          "min" : 175,
          "max" : 65031766,
          "mean" : 2928.331428,
          "stddev" : 11622.676187,
          "N" : 1541278864
        },
        "bw_min" : 137322,
        "bw_max" : 38559719,
        "bw_agg" : 100.000000,
        "bw_mean" : 34894830.563305,
        "bw_dev" : 292783.978557,
        "bw_samples" : 11287,
        "iops_min" : 34325,
        "iops_max" : 9639933,
        "iops_mean" : 8723701.649852,
        "iops_stddev" : 73196.006892,
        "iops_samples" : 11287
      },
      "trim" : {
        "io_bytes" : 0,
        "io_kbytes" : 0,
        "bw_bytes" : 0,
        "bw" : 0,
        "iops" : 0.000000,
        "runtime" : 0,
        "total_ios" : 0,
        "short_ios" : 0,
        "drop_ios" : 0,
        "slat_ns" : {
          "min" : 0,
          "max" : 0,
          "mean" : 0.000000,
          "stddev" : 0.000000,
          "N" : 0
        },
        "clat_ns" : {
          "min" : 0,
          "max" : 0,
          "mean" : 0.000000,
          "stddev" : 0.000000,
          "N" : 0
        },
        "lat_ns" : {
          "min" : 0,
          "max" : 0,
          "mean" : 0.000000,
          "stddev" : 0.000000,
          "N" : 0
        },
        "bw_min" : 0,
        "bw_max" : 0,
        "bw_agg" : 0.000000,
        "bw_mean" : 0.000000,
        "bw_dev" : 0.000000,
        "bw_samples" : 0,
        "iops_min" : 0,
        "iops_max" : 0,
        "iops_mean" : 0.000000,
        "iops_stddev" : 0.000000,
        "iops_samples" : 0
      },
      "sync" : {
        "total_ios" : 0,
        "lat_ns" : {
          "min" : 0,
          "max" : 0,
          "mean" : 0.000000,
          "stddev" : 0.000000,
          "N" : 0
        }
      },
      "job_runtime" : 11520017,
      "usr_cpu" : 91.582347,
      "sys_cpu" : 5.271555,
      "ctx" : 883871,
      "majf" : 174136,
      "minf" : 5994956,
      "iodepth_level" : {
        "1" : 100.000000,
        "2" : 0.000000,
        "4" : 0.000000,
        "8" : 0.000000,
        "16" : 0.000000,
        "32" : 0.000000,
        ">=64" : 0.000000
      },
      "iodepth_submit" : {
        "0" : 0.000000,
        "4" : 100.000000,
        "8" : 0.000000,
        "16" : 0.000000,
        "32" : 0.000000,
        "64" : 0.000000,
        ">=64" : 0.000000
      },
      "iodepth_complete" : {
        "0" : 0.000000,
        "4" : 100.000000,
        "8" : 0.000000,
        "16" : 0.000000,
        "32" : 0.000000,
        "64" : 0.000000,
        ">=64" : 0.000000
      },
      "latency_ns" : {
        "2" : 0.000000,
        "4" : 0.000000,
        "10" : 0.000000,
        "20" : 0.000000,
        "50" : 0.000000,
        "100" : 0.000000,
        "250" : 0.024301,
        "500" : 0.060407,
        "750" : 0.535694,
        "1000" : 0.983447
      },
      "latency_us" : {
        "2" : 20.762533,
        "4" : 74.115988,
        "10" : 3.246584,
        "20" : 0.056973,
        "50" : 0.016423,
        "100" : 0.140141,
        "250" : 0.050932,
        "500" : 0.010000,
        "750" : 0.010000,
        "1000" : 0.010000
      },
      "latency_ms" : {
        "2" : 0.010000,
        "4" : 0.010000,
        "10" : 0.010000,
        "20" : 0.010000,
        "50" : 0.010000,
        "100" : 0.010000,
        "250" : 0.000000,
        "500" : 0.000000,
        "750" : 0.000000,
        "1000" : 0.000000,
        "2000" : 0.000000,
        ">=2000" : 0.000000
      },
      "latency_depth" : 1,
      "latency_target" : 0,
      "latency_percentile" : 100.000000,
      "latency_window" : 0
    }
  ],
  "disk_util" : [
    {
      "name" : "sda",
      "read_ios" : 174151,
      "write_ios" : 168644,
      "read_sectors" : 1396648,
      "write_sectors" : 4604816,
      "read_merges" : 307,
      "write_merges" : 12537,
      "read_ticks" : 167951,
      "write_ticks" : 2358260,
      "in_queue" : 2526218,
      "util" : 4.959643
    }
  ]
}
