{
  "fio version" : "fio-3.40",
  "timestamp" : 1764543300,
  "timestamp_ms" : 1764543300553,
  "time" : "Sun Nov 30 23:55:00 2025",
  "global options" : {
    "group_reporting" : "",
    "ioengine" : "mmap",
    "size" : "768m",
    "thread" : "1",
    "directory" : "/tmp",
    "time_based" : "",
    "runtime" : "180",
    "filename" : "/tmp/fio_readwrite",
    "share_mmap" : "1",
    "repl" : "1"
  },
  "jobs" : [
    {
      "jobname" : "writers",
      "groupid" : 0,
      "job_start" : 1764543120444,
      "error" : 0,
      "eta" : 0,
      "elapsed" : 181,
      "job options" : {
        "rw" : "randread",
        "random_distribution" : "zipf",
        "numjobs" : "61"
      },
      "read" : {
        "io_bytes" : 29381325447168,
        "io_kbytes" : 28692700632,
        "bw_bytes" : 163227772175,
        "bw" : 159402121,
        "iops" : 39850530.316330,
        "runtime" : 180002,
        "total_ios" : 7173175158,
        "short_ios" : 0,
        "drop_ios" : 0,
        "slat_ns" : {
          "min" : 0,
          "max" : 0,
          "mean" : 0.000000,
          "stddev" : 0.000000,
          "N" : 0
        },
        "clat_ns" : {
          "min" : 94,
          "max" : 26265519,
          "mean" : 740.245599,
          "stddev" : 6135.087116,
          "N" : 7173175158,
          "percentile" : {
            "1.000000" : 135,
            "5.000000" : 167,
            "10.000000" : 195,
            "20.000000" : 217,
            "30.000000" : 247,
            "40.000000" : 354,
            "50.000000" : 548,
            "60.000000" : 780,
            "70.000000" : 1004,
            "80.000000" : 1192,
            "90.000000" : 1448,
            "95.000000" : 1672,
            "99.000000" : 2320,
            "99.500000" : 2832,
            "99.900000" : 3664,
            "99.950000" : 4384,
            "99.990000" : 18304
          }
        },
        "lat_ns" : {
          "min" : 120,
          "max" : 26265557,
          "mean" : 827.432675,
          "stddev" : 6296.261570,
          "N" : 7173175158
        },
        "bw_min" : 737266,
        "bw_max" : 176836446,
        "bw_agg" : 100.000000,
        "bw_mean" : 159621919.671309,
        "bw_dev" : 313392.929052,
        "bw_samples" : 21899,
        "iops_min" : 184305,
        "iops_max" : 44209103,
        "iops_mean" : 39905470.674095,
        "iops_stddev" : 78348.214517,
        "iops_samples" : 21899
      },
      "write" : {
        "io_bytes" : 1507838468096,
        "io_kbytes" : 1472498504,
        "bw_bytes" : 8376880378,
        "bw" : 8180547,
        "iops" : 2045136.811111,
        "runtime" : 180000,
        "total_ios" : 368124626,
        "short_ios" : 0,
        "drop_ios" : 0,
        "slat_ns" : {
          "min" : 0,
          "max" : 0,
          "mean" : 0.000000,
          "stddev" : 0.000000,
          "N" : 0
        },
        "clat_ns" : {
          "min" : 95,
          "max" : 19258912,
          "mean" : 786.325321,
          "stddev" : 13566.427737,
          "N" : 368124626,
          "percentile" : {
            "1.000000" : 127,
            "5.000000" : 153,
            "10.000000" : 177,
            "20.000000" : 207,
            "30.000000" : 223,
            "40.000000" : 322,
            "50.000000" : 564,
            "60.000000" : 812,
            "70.000000" : 1012,
            "80.000000" : 1192,
            "90.000000" : 1432,
            "95.000000" : 1656,
            "99.000000" : 2832,
            "99.500000" : 5408,
            "99.900000" : 8896,
            "99.950000" : 15168,
            "99.990000" : 36608
          }
        },
        "lat_ns" : {
          "min" : 134,
          "max" : 19258993,
          "mean" : 874.017168,
          "stddev" : 14275.857878,
          "N" : 368124626
        },
        "bw_min" : 35696,
        "bw_max" : 9131391,
        "bw_agg" : 100.000000,
        "bw_mean" : 8191348.802228,
        "bw_dev" : 410454.728256,
        "bw_samples" : 1077,
        "iops_min" : 8924,
        "iops_max" : 2282849,
        "iops_mean" : 2047837.125348,
        "iops_stddev" : 102613.701277,
        "iops_samples" : 1077
      },
      "trim" : {
        "io_bytes" : 0,
        "io_kbytes" : 0,
        "bw_bytes" : 0,
        "bw" : 0,
        "iops" : 0.000000,
        "runtime" : 0,
        "total_ios" : 0,
        "short_ios" : 0,
        "drop_ios" : 0,
        "slat_ns" : {
          "min" : 0,
          "max" : 0,
          "mean" : 0.000000,
          "stddev" : 0.000000,
          "N" : 0
        },
        "clat_ns" : {
          "min" : 0,
          "max" : 0,
          "mean" : 0.000000,
          "stddev" : 0.000000,
          "N" : 0
        },
        "lat_ns" : {
          "min" : 0,
          "max" : 0,
          "mean" : 0.000000,
          "stddev" : 0.000000,
          "N" : 0
        },
        "bw_min" : 0,
        "bw_max" : 0,
        "bw_agg" : 0.000000,
        "bw_mean" : 0.000000,
        "bw_dev" : 0.000000,
        "bw_samples" : 0,
        "iops_min" : 0,
        "iops_max" : 0,
        "iops_mean" : 0.000000,
        "iops_stddev" : 0.000000,
        "iops_samples" : 0
      },
      "sync" : {
        "total_ios" : 0,
        "lat_ns" : {
          "min" : 0,
          "max" : 0,
          "mean" : 0.000000,
          "stddev" : 0.000000,
          "N" : 0
        }
      },
      "job_runtime" : 11520004,
      "usr_cpu" : 98.027206,
      "sys_cpu" : 0.151615,
      "ctx" : 289493,
      "majf" : 196608,
      "minf" : 2565924,
      "iodepth_level" : {
        "1" : 100.000000,
        "2" : 0.000000,
        "4" : 0.000000,
        "8" : 0.000000,
        "16" : 0.000000,
        "32" : 0.000000,
        ">=64" : 0.000000
      },
      "iodepth_submit" : {
        "0" : 0.000000,
        "4" : 100.000000,
        "8" : 0.000000,
        "16" : 0.000000,
        "32" : 0.000000,
        "64" : 0.000000,
        ">=64" : 0.000000
      },
      "iodepth_complete" : {
        "0" : 0.000000,
        "4" : 100.000000,
        "8" : 0.000000,
        "16" : 0.000000,
        "32" : 0.000000,
        "64" : 0.000000,
        ">=64" : 0.000000
      },
      "latency_ns" : {
        "2" : 0.000000,
        "4" : 0.000000,
        "10" : 0.000000,
        "20" : 0.000000,
        "50" : 0.000000,
        "100" : 0.010000,
        "250" : 30.825104,
        "500" : 17.091911,
        "750" : 10.611635,
        "1000" : 11.421855
      },
      "latency_us" : {
        "2" : 28.089770,
        "4" : 1.865333,
        "10" : 0.050614,
        "20" : 0.036986,
        "50" : 0.010000,
        "100" : 0.010000,
        "250" : 0.010000,
        "500" : 0.010000,
        "750" : 0.010000,
        "1000" : 0.010000
      },
      "latency_ms" : {
        "2" : 0.010000,
        "4" : 0.010000,
        "10" : 0.010000,
        "20" : 0.010000,
        "50" : 0.010000,
        "100" : 0.000000,
        "250" : 0.000000,
        "500" : 0.000000,
        "750" : 0.000000,
        "1000" : 0.000000,
        "2000" : 0.000000,
        ">=2000" : 0.000000
      },
      "latency_depth" : 1,
      "latency_target" : 0,
      "latency_percentile" : 100.000000,
      "latency_window" : 0
    }
  ],
  "disk_util" : [
    {
      "name" : "sdb",
      "read_ios" : 196573,
      "write_ios" : 78421,
      "read_sectors" : 1574264,
      "write_sectors" : 19092392,
      "read_merges" : 210,
      "write_merges" : 298,
      "read_ticks" : 148872,
      "write_ticks" : 878201,
      "in_queue" : 1027081,
      "util" : 14.232918
    }
  ]
}
