{
  "fio version" : "fio-3.40",
  "timestamp" : 1771996620,
  "timestamp_ms" : 1771996620289,
  "time" : "Wed Feb 25 06:17:00 2026",
  "global options" : {
    "group_reporting" : "",
    "ioengine" : "mmap",
    "size" : "768m",
    "thread" : "1",
    "directory" : "/tmp",
    "time_based" : "",
    "runtime" : "180",
    "norandommap" : "1",
    "filename" : "/tmp/fio_readwrite",
    "share_mmap" : "1",
    "repl" : "1"
  },
  "jobs" : [
    {
      "jobname" : "writers",
      "groupid" : 0,
      "job_start" : 1771996440139,
      "error" : 0,
      "eta" : 0,
      "elapsed" : 181,
      "job options" : {
        "rw" : "randread",
        "random_distribution" : "random",
        "numjobs" : "32"
      },
      "read" : {
        "io_bytes" : 6507601174528,
        "io_kbytes" : 6355079272,
        "bw_bytes" : 36152737312,
        "bw" : 35305407,
        "iops" : 8826351.883024,
        "runtime" : 180003,
        "total_ios" : 1588769818,
        "short_ios" : 0,
        "drop_ios" : 0,
        "slat_ns" : {
          "min" : 0,
          "max" : 0,
          "mean" : 0.000000,
          "stddev" : 0.000000,
          "N" : 0
        },
        "clat_ns" : {
          "min" : 125,
          "max" : 80039943,
          "mean" : 2745.480792,
          "stddev" : 11806.190591,
          "N" : 1588769818,
          "percentile" : {
            "1.000000" : 932,
            "5.000000" : 1336,
            "10.000000" : 1608,
            "20.000000" : 1944,
            "30.000000" : 2192,
            "40.000000" : 2416,
            "50.000000" : 2608,
            "60.000000" : 2800,
            "70.000000" : 3056,
            "80.000000" : 3312,
            "90.000000" : 3760,
            "95.000000" : 4192,
            "99.000000" : 5152,
            "99.500000" : 5600,
            "99.900000" : 7392,
            "99.950000" : 15936,
            "99.990000" : 30080
          }
        },
        "lat_ns" : {
          "min" : 160,
          "max" : 80039988,
          "mean" : 2825.527307,
          "stddev" : 11910.004135,
          "N" : 1588769818
        },
        "bw_min" : 78760,
        "bw_max" : 41163380,
        "bw_agg" : 100.000000,
        "bw_mean" : 36033716.375000,
        "bw_dev" : 167796.299166,
        "bw_samples" : 11264,
        "iops_min" : 19692,
        "iops_max" : 10290836,
        "iops_mean" : 9008420.792614,
        "iops_stddev" : 41949.045453,
        "iops_samples" : 11264
      },
      "write" : {
        "io_bytes" : 6134646767616,
        "io_kbytes" : 5990865984,
        "bw_bytes" : 34080802917,
        "bw" : 33282034,
        "iops" : 8320508.524858,
        "runtime" : 180003,
        "total_ios" : 1497716496,
        "short_ios" : 0,
        "drop_ios" : 0,
        "slat_ns" : {
          "min" : 0,
          "max" : 0,
          "mean" : 0.000000,
          "stddev" : 0.000000,
          "N" : 0
        },
        "clat_ns" : {
          "min" : 124,
          "max" : 52049976,
          "mean" : 2790.935552,
          "stddev" : 13576.726819,
          "N" : 1497716496,
          "percentile" : {
            "1.000000" : 972,
            "5.000000" : 1384,
            "10.000000" : 1640,
            "20.000000" : 1944,
            "30.000000" : 2160,
            "40.000000" : 2384,
            "50.000000" : 2576,
            "60.000000" : 2768,
            "70.000000" : 3024,
            "80.000000" : 3280,
            "90.000000" : 3696,
            "95.000000" : 4080,
            "99.000000" : 5152,
            "99.500000" : 5856,
            "99.900000" : 23936,
            "99.950000" : 64256,
            "99.990000" : 124416
          }
        },
        "lat_ns" : {
          "min" : 171,
          "max" : 52050079,
          "mean" : 2914.284458,
          "stddev" : 13783.401808,
          "N" : 1497716496
        },
        "bw_min" : 77912,
        "bw_max" : 39450621,
        "bw_agg" : 100.000000,
        "bw_mean" : 33969529.971591,
        "bw_dev" : 153435.886150,
        "bw_samples" : 11264,
        "iops_min" : 19478,
        "iops_max" : 9862644,
        "iops_mean" : 8492375.343750,
        "iops_stddev" : 38358.944561,
        "iops_samples" : 11264
      },
      "trim" : {
        "io_bytes" : 0,
        "io_kbytes" : 0,
        "bw_bytes" : 0,
        "bw" : 0,
        "iops" : 0.000000,
        "runtime" : 0,
        "total_ios" : 0,
        "short_ios" : 0,
        "drop_ios" : 0,
        "slat_ns" : {
          "min" : 0,
          "max" : 0,
          "mean" : 0.000000,
          "stddev" : 0.000000,
          "N" : 0
        },
        "clat_ns" : {
          "min" : 0,
          "max" : 0,
          "mean" : 0.000000,
          "stddev" : 0.000000,
          "N" : 0
        },
        "lat_ns" : {
          "min" : 0,
          "max" : 0,
          "mean" : 0.000000,
          "stddev" : 0.000000,
          "N" : 0
        },
        "bw_min" : 0,
        "bw_max" : 0,
        "bw_agg" : 0.000000,
        "bw_mean" : 0.000000,
        "bw_dev" : 0.000000,
        "bw_samples" : 0,
        "iops_min" : 0,
        "iops_max" : 0,
        "iops_mean" : 0.000000,
        "iops_stddev" : 0.000000,
        "iops_samples" : 0
      },
      "sync" : {
        "total_ios" : 0,
        "lat_ns" : {
          "min" : 0,
          "max" : 0,
          "mean" : 0.000000,
          "stddev" : 0.000000,
          "N" : 0
        }
      },
      "job_runtime" : 11520011,
      "usr_cpu" : 94.825569,
      "sys_cpu" : 0.856779,
      "ctx" : 1213050,
      "majf" : 196630,
      "minf" : 2107921,
      "iodepth_level" : {
        "1" : 100.000000,
        "2" : 0.000000,
        "4" : 0.000000,
        "8" : 0.000000,
        "16" : 0.000000,
        "32" : 0.000000,
        ">=64" : 0.000000
      },
      "iodepth_submit" : {
        "0" : 0.000000,
        "4" : 100.000000,
        "8" : 0.000000,
        "16" : 0.000000,
        "32" : 0.000000,
        "64" : 0.000000,
        ">=64" : 0.000000
      },
      "iodepth_complete" : {
        "0" : 0.000000,
        "4" : 100.000000,
        "8" : 0.000000,
        "16" : 0.000000,
        "32" : 0.000000,
        "64" : 0.000000,
        ">=64" : 0.000000
      },
      "latency_ns" : {
        "2" : 0.000000,
        "4" : 0.000000,
        "10" : 0.000000,
        "20" : 0.000000,
        "50" : 0.000000,
        "100" : 0.000000,
        "250" : 0.025263,
        "500" : 0.037967,
        "750" : 0.231353,
        "1000" : 0.992036
      },
      "latency_us" : {
        "2" : 20.762413,
        "4" : 71.722266,
        "10" : 6.084457,
        "20" : 0.071478,
        "50" : 0.039851,
        "100" : 0.021009,
        "250" : 0.010000,
        "500" : 0.010000,
        "750" : 0.010000,
        "1000" : 0.010000
      },
      "latency_ms" : {
        "2" : 0.010000,
        "4" : 0.010000,
        "10" : 0.010000,
        "20" : 0.010000,
        "50" : 0.010000,
        "100" : 0.010000,
        "250" : 0.000000,
        "500" : 0.000000,
        "750" : 0.000000,
        "1000" : 0.000000,
        "2000" : 0.000000,
        ">=2000" : 0.000000
      },
      "latency_depth" : 1,
      "latency_target" : 0,
      "latency_percentile" : 100.000000,
      "latency_window" : 0
    }
  ],
  "disk_util" : [
    {
      "name" : "sda",
      "read_ios" : 196650,
      "write_ios" : 204257,
      "read_sectors" : 1576704,
      "write_sectors" : 17564384,
      "read_merges" : 315,
      "write_merges" : 19952,
      "read_ticks" : 152769,
      "write_ticks" : 76229483,
      "in_queue" : 76382259,
      "util" : 11.762086
    }
  ]
}
