{
  "fio version" : "fio-3.40",
  "timestamp" : 1771984680,
  "timestamp_ms" : 1771984680975,
  "time" : "Wed Feb 25 02:58:00 2026",
  "global options" : {
    "group_reporting" : "",
    "ioengine" : "mmap",
    "size" : "768m",
    "thread" : "1",
    "directory" : "/tmp",
    "time_based" : "",
    "runtime" : "180",
    "norandommap" : "1",
    "filename" : "/tmp/fio_readwrite",
    "share_mmap" : "1",
    "repl" : "1"
  },
  "jobs" : [
    {
      "jobname" : "writers",
      "groupid" : 0,
      "job_start" : 1771984500760,
      "error" : 0,
      "eta" : 0,
      "elapsed" : 181,
      "job options" : {
        "rw" : "randread",
        "random_distribution" : "random",
        "numjobs" : "61"
      },
      "read" : {
        "io_bytes" : 15937775566848,
        "io_kbytes" : 15564233952,
        "bw_bytes" : 88541721898,
        "bw" : 86466525,
        "iops" : 21616631.322811,
        "runtime" : 180003,
        "total_ios" : 3891058488,
        "short_ios" : 0,
        "drop_ios" : 0,
        "slat_ns" : {
          "min" : 0,
          "max" : 0,
          "mean" : 0.000000,
          "stddev" : 0.000000,
          "N" : 0
        },
        "clat_ns" : {
          "min" : 124,
          "max" : 140034911,
          "mean" : 2183.667942,
          "stddev" : 11075.612050,
          "N" : 3891058488,
          "percentile" : {
            "1.000000" : 820,
            "5.000000" : 1160,
            "10.000000" : 1368,
            "20.000000" : 1592,
            "30.000000" : 1768,
            "40.000000" : 1912,
            "50.000000" : 2064,
            "60.000000" : 2224,
            "70.000000" : 2384,
            "80.000000" : 2608,
            "90.000000" : 2928,
            "95.000000" : 3248,
            "99.000000" : 4048,
            "99.500000" : 4384,
            "99.900000" : 5216,
            "99.950000" : 15296,
            "99.990000" : 25472
          }
        },
        "lat_ns" : {
          "min" : 160,
          "max" : 140034953,
          "mean" : 2256.850077,
          "stddev" : 11183.796868,
          "N" : 3891058488
        },
        "bw_min" : 330320,
        "bw_max" : 102451799,
        "bw_agg" : 100.000000,
        "bw_mean" : 86543582.832869,
        "bw_dev" : 184620.880971,
        "bw_samples" : 21899,
        "iops_min" : 82580,
        "iops_max" : 25612948,
        "iops_mean" : 21635882.768802,
        "iops_stddev" : 46155.188918,
        "iops_samples" : 21899
      },
      "write" : {
        "io_bytes" : 706369236992,
        "io_kbytes" : 689813708,
        "bw_bytes" : 3924251737,
        "bw" : 3832277,
        "iops" : 958069.271837,
        "runtime" : 180001,
        "total_ios" : 172453427,
        "short_ios" : 0,
        "drop_ios" : 0,
        "slat_ns" : {
          "min" : 0,
          "max" : 0,
          "mean" : 0.000000,
          "stddev" : 0.000000,
          "N" : 0
        },
        "clat_ns" : {
          "min" : 125,
          "max" : 32446033,
          "mean" : 2440.560376,
          "stddev" : 16131.790969,
          "N" : 172453427,
          "percentile" : {
            "1.000000" : 908,
            "5.000000" : 1240,
            "10.000000" : 1432,
            "20.000000" : 1672,
            "30.000000" : 1848,
            "40.000000" : 2008,
            "50.000000" : 2160,
            "60.000000" : 2320,
            "70.000000" : 2480,
            "80.000000" : 2704,
            "90.000000" : 3056,
            "95.000000" : 3408,
            "99.000000" : 9152,
            "99.500000" : 11584,
            "99.900000" : 19840,
            "99.950000" : 50944,
            "99.990000" : 88576
          }
        },
        "lat_ns" : {
          "min" : 173,
          "max" : 32446136,
          "mean" : 2532.854012,
          "stddev" : 16341.595401,
          "N" : 172453427
        },
        "bw_min" : 16504,
        "bw_max" : 4928448,
        "bw_agg" : 100.000000,
        "bw_mean" : 3835762.245125,
        "bw_dev" : 207672.260855,
        "bw_samples" : 1077,
        "iops_min" : 4126,
        "iops_max" : 1232114,
        "iops_mean" : 958940.236769,
        "iops_stddev" : 51918.070790,
        "iops_samples" : 1077
      },
      "trim" : {
        "io_bytes" : 0,
        "io_kbytes" : 0,
        "bw_bytes" : 0,
        "bw" : 0,
        "iops" : 0.000000,
        "runtime" : 0,
        "total_ios" : 0,
        "short_ios" : 0,
        "drop_ios" : 0,
        "slat_ns" : {
          "min" : 0,
          "max" : 0,
          "mean" : 0.000000,
          "stddev" : 0.000000,
          "N" : 0
        },
        "clat_ns" : {
          "min" : 0,
          "max" : 0,
          "mean" : 0.000000,
          "stddev" : 0.000000,
          "N" : 0
        },
        "lat_ns" : {
          "min" : 0,
          "max" : 0,
          "mean" : 0.000000,
          "stddev" : 0.000000,
          "N" : 0
        },
        "bw_min" : 0,
        "bw_max" : 0,
        "bw_agg" : 0.000000,
        "bw_mean" : 0.000000,
        "bw_dev" : 0.000000,
        "bw_samples" : 0,
        "iops_min" : 0,
        "iops_max" : 0,
        "iops_mean" : 0.000000,
        "iops_stddev" : 0.000000,
        "iops_samples" : 0
      },
      "sync" : {
        "total_ios" : 0,
        "lat_ns" : {
          "min" : 0,
          "max" : 0,
          "mean" : 0.000000,
          "stddev" : 0.000000,
          "N" : 0
        }
      },
      "job_runtime" : 11520020,
      "usr_cpu" : 97.457409,
      "sys_cpu" : 0.254262,
      "ctx" : 304195,
      "majf" : 196610,
      "minf" : 2461419,
      "iodepth_level" : {
        "1" : 100.000000,
        "2" : 0.000000,
        "4" : 0.000000,
        "8" : 0.000000,
        "16" : 0.000000,
        "32" : 0.000000,
        ">=64" : 0.000000
      },
      "iodepth_submit" : {
        "0" : 0.000000,
        "4" : 100.000000,
        "8" : 0.000000,
        "16" : 0.000000,
        "32" : 0.000000,
        "64" : 0.000000,
        ">=64" : 0.000000
      },
      "iodepth_complete" : {
        "0" : 0.000000,
        "4" : 100.000000,
        "8" : 0.000000,
        "16" : 0.000000,
        "32" : 0.000000,
        "64" : 0.000000,
        ">=64" : 0.000000
      },
      "latency_ns" : {
        "2" : 0.000000,
        "4" : 0.000000,
        "10" : 0.000000,
        "20" : 0.000000,
        "50" : 0.000000,
        "100" : 0.000000,
        "250" : 0.028020,
        "500" : 0.063918,
        "750" : 0.544954,
        "1000" : 1.848022
      },
      "latency_us" : {
        "2" : 43.108093,
        "4" : 53.272498,
        "10" : 1.043380,
        "20" : 0.073799,
        "50" : 0.010000,
        "100" : 0.010000,
        "250" : 0.010000,
        "500" : 0.010000,
        "750" : 0.010000,
        "1000" : 0.010000
      },
      "latency_ms" : {
        "2" : 0.010000,
        "4" : 0.010000,
        "10" : 0.010000,
        "20" : 0.010000,
        "50" : 0.010000,
        "100" : 0.010000,
        "250" : 0.010000,
        "500" : 0.000000,
        "750" : 0.000000,
        "1000" : 0.000000,
        "2000" : 0.000000,
        ">=2000" : 0.000000
      },
      "latency_depth" : 1,
      "latency_target" : 0,
      "latency_percentile" : 100.000000,
      "latency_window" : 0
    }
  ],
  "disk_util" : [
    {
      "name" : "sda",
      "read_ios" : 196665,
      "write_ios" : 35709,
      "read_sectors" : 1576880,
      "write_sectors" : 18148824,
      "read_merges" : 322,
      "write_merges" : 164,
      "read_ticks" : 151885,
      "write_ticks" : 118026934,
      "in_queue" : 118178825,
      "util" : 10.688128
    }
  ]
}
