{
  "fio version" : "fio-3.40",
  "timestamp" : 1772060222,
  "timestamp_ms" : 1772060222871,
  "time" : "Wed Feb 25 23:57:02 2026",
  "global options" : {
    "group_reporting" : "",
    "ioengine" : "mmap",
    "size" : "768m",
    "thread" : "1",
    "directory" : "/tmp",
    "time_based" : "",
    "runtime" : "210",
    "norandommap" : "1",
    "filename" : "/tmp/fio_readwrite",
    "share_mmap" : "1",
    "repl" : "1"
  },
  "jobs" : [
    {
      "jobname" : "writers",
      "groupid" : 0,
      "job_start" : 1772060012828,
      "error" : 0,
      "eta" : 0,
      "elapsed" : 211,
      "job options" : {
        "rw" : "randread",
        "random_distribution" : "random",
        "numjobs" : "45"
      },
      "read" : {
        "io_bytes" : 9840787087360,
        "io_kbytes" : 9610143640,
        "bw_bytes" : 46860444602,
        "bw" : 45762152,
        "iops" : 11440538.232969,
        "runtime" : 210002,
        "total_ios" : 2402535910,
        "short_ios" : 0,
        "drop_ios" : 0,
        "slat_ns" : {
          "min" : 0,
          "max" : 0,
          "mean" : 0.000000,
          "stddev" : 0.000000,
          "N" : 0
        },
        "clat_ns" : {
          "min" : 99,
          "max" : 52032597,
          "mean" : 3243.480393,
          "stddev" : 9485.823589,
          "N" : 2402535910,
          "percentile" : {
            "1.000000" : 510,
            "5.000000" : 772,
            "10.000000" : 1512,
            "20.000000" : 2320,
            "30.000000" : 2672,
            "40.000000" : 2928,
            "50.000000" : 3184,
            "60.000000" : 3408,
            "70.000000" : 3664,
            "80.000000" : 3920,
            "90.000000" : 4320,
            "95.000000" : 4704,
            "99.000000" : 5600,
            "99.500000" : 6240,
            "99.900000" : 66048,
            "99.950000" : 76288,
            "99.990000" : 132096
          }
        },
        "lat_ns" : {
          "min" : 127,
          "max" : 56035430,
          "mean" : 3310.551655,
          "stddev" : 9609.175735,
          "N" : 2402535910
        },
        "bw_min" : 58208,
        "bw_max" : 79479306,
        "bw_agg" : 100.000000,
        "bw_mean" : 46027266.331731,
        "bw_dev" : 191935.244009,
        "bw_samples" : 18720,
        "iops_min" : 14552,
        "iops_max" : 19869813,
        "iops_mean" : 11506807.651442,
        "iops_stddev" : 47983.793314,
        "iops_samples" : 18720
      },
      "write" : {
        "io_bytes" : 3801248837632,
        "io_kbytes" : 3712157068,
        "bw_bytes" : 18101012550,
        "bw" : 17676770,
        "iops" : 4419192.517214,
        "runtime" : 210002,
        "total_ios" : 928039267,
        "short_ios" : 0,
        "drop_ios" : 0,
        "slat_ns" : {
          "min" : 0,
          "max" : 0,
          "mean" : 0.000000,
          "stddev" : 0.000000,
          "N" : 0
        },
        "clat_ns" : {
          "min" : 98,
          "max" : 44033267,
          "mean" : 3505.611941,
          "stddev" : 10173.603526,
          "N" : 928039267,
          "percentile" : {
            "1.000000" : 1416,
            "5.000000" : 1880,
            "10.000000" : 2128,
            "20.000000" : 2480,
            "30.000000" : 2704,
            "40.000000" : 2928,
            "50.000000" : 3120,
            "60.000000" : 3344,
            "70.000000" : 3536,
            "80.000000" : 3824,
            "90.000000" : 4192,
            "95.000000" : 4512,
            "99.000000" : 5408,
            "99.500000" : 15680,
            "99.900000" : 82432,
            "99.950000" : 96768,
            "99.990000" : 168960
          }
        },
        "lat_ns" : {
          "min" : 136,
          "max" : 44033320,
          "mean" : 3592.722933,
          "stddev" : 10182.411775,
          "N" : 928039267
        },
        "bw_min" : 25336,
        "bw_max" : 19835192,
        "bw_agg" : 100.000000,
        "bw_mean" : 17774080.745192,
        "bw_dev" : 263462.919913,
        "bw_samples" : 7904,
        "iops_min" : 6334,
        "iops_max" : 4958788,
        "iops_mean" : 4443516.646635,
        "iops_stddev" : 65865.716257,
        "iops_samples" : 7904
      },
      "trim" : {
        "io_bytes" : 0,
        "io_kbytes" : 0,
        "bw_bytes" : 0,
        "bw" : 0,
        "iops" : 0.000000,
        "runtime" : 0,
        "total_ios" : 0,
        "short_ios" : 0,
        "drop_ios" : 0,
        "slat_ns" : {
          "min" : 0,
          "max" : 0,
          "mean" : 0.000000,
          "stddev" : 0.000000,
          "N" : 0
        },
        "clat_ns" : {
          "min" : 0,
          "max" : 0,
          "mean" : 0.000000,
          "stddev" : 0.000000,
          "N" : 0
        },
        "lat_ns" : {
          "min" : 0,
          "max" : 0,
          "mean" : 0.000000,
          "stddev" : 0.000000,
          "N" : 0
        },
        "bw_min" : 0,
        "bw_max" : 0,
        "bw_agg" : 0.000000,
        "bw_mean" : 0.000000,
        "bw_dev" : 0.000000,
        "bw_samples" : 0,
        "iops_min" : 0,
        "iops_max" : 0,
        "iops_mean" : 0.000000,
        "iops_stddev" : 0.000000,
        "iops_samples" : 0
      },
      "sync" : {
        "total_ios" : 0,
        "lat_ns" : {
          "min" : 0,
          "max" : 0,
          "mean" : 0.000000,
          "stddev" : 0.000000,
          "N" : 0
        }
      },
      "job_runtime" : 13440007,
      "usr_cpu" : 94.050211,
      "sys_cpu" : 3.944529,
      "ctx" : 684673,
      "majf" : 194670,
      "minf" : 7204592,
      "iodepth_level" : {
        "1" : 100.000000,
        "2" : 0.000000,
        "4" : 0.000000,
        "8" : 0.000000,
        "16" : 0.000000,
        "32" : 0.000000,
        ">=64" : 0.000000
      },
      "iodepth_submit" : {
        "0" : 0.000000,
        "4" : 100.000000,
        "8" : 0.000000,
        "16" : 0.000000,
        "32" : 0.000000,
        "64" : 0.000000,
        ">=64" : 0.000000
      },
      "iodepth_complete" : {
        "0" : 0.000000,
        "4" : 100.000000,
        "8" : 0.000000,
        "16" : 0.000000,
        "32" : 0.000000,
        "64" : 0.000000,
        ">=64" : 0.000000
      },
      "latency_ns" : {
        "2" : 0.000000,
        "4" : 0.000000,
        "10" : 0.000000,
        "20" : 0.000000,
        "50" : 0.000000,
        "100" : 0.010000,
        "250" : 0.042836,
        "500" : 0.560356,
        "750" : 2.856417,
        "1000" : 2.011827
      },
      "latency_us" : {
        "2" : 6.849790,
        "4" : 70.752183,
        "10" : 16.559032,
        "20" : 0.132133,
        "50" : 0.017390,
        "100" : 0.193391,
        "250" : 0.018408,
        "500" : 0.010000,
        "750" : 0.010000,
        "1000" : 0.010000
      },
      "latency_ms" : {
        "2" : 0.010000,
        "4" : 0.010000,
        "10" : 0.010000,
        "20" : 0.010000,
        "50" : 0.010000,
        "100" : 0.010000,
        "250" : 0.000000,
        "500" : 0.000000,
        "750" : 0.000000,
        "1000" : 0.000000,
        "2000" : 0.000000,
        ">=2000" : 0.000000
      },
      "latency_depth" : 1,
      "latency_target" : 0,
      "latency_percentile" : 100.000000,
      "latency_window" : 0
    }
  ],
  "disk_util" : [
    {
      "name" : "sdb",
      "read_ios" : 194735,
      "write_ios" : 86649,
      "read_sectors" : 1564368,
      "write_sectors" : 4029160,
      "read_merges" : 355,
      "write_merges" : 5419,
      "read_ticks" : 147169,
      "write_ticks" : 3210927,
      "in_queue" : 3358106,
      "util" : 3.498102
    }
  ]
}
