{
  "fio version" : "fio-3.40",
  "timestamp" : 1772054106,
  "timestamp_ms" : 1772054106129,
  "time" : "Wed Feb 25 22:15:06 2026",
  "global options" : {
    "group_reporting" : "",
    "ioengine" : "mmap",
    "size" : "768m",
    "thread" : "1",
    "directory" : "/tmp",
    "time_based" : "",
    "runtime" : "210",
    "norandommap" : "1",
    "filename" : "/tmp/fio_readwrite",
    "share_mmap" : "1",
    "repl" : "1"
  },
  "jobs" : [
    {
      "jobname" : "writers",
      "groupid" : 0,
      "job_start" : 1772053895914,
      "error" : 0,
      "eta" : 0,
      "elapsed" : 211,
      "job options" : {
        "rw" : "randread",
        "random_distribution" : "random",
        "numjobs" : "58"
      },
      "read" : {
        "io_bytes" : 19832404160512,
        "io_kbytes" : 19367582188,
        "bw_bytes" : 94438670688,
        "bw" : 92225264,
        "iops" : 23056316.085961,
        "runtime" : 210003,
        "total_ios" : 4841895547,
        "short_ios" : 0,
        "drop_ios" : 0,
        "slat_ns" : {
          "min" : 0,
          "max" : 0,
          "mean" : 0.000000,
          "stddev" : 0.000000,
          "N" : 0
        },
        "clat_ns" : {
          "min" : 98,
          "max" : 96070609,
          "mean" : 2027.764857,
          "stddev" : 11152.284129,
          "N" : 4841895547,
          "percentile" : {
            "1.000000" : 470,
            "5.000000" : 596,
            "10.000000" : 732,
            "20.000000" : 940,
            "30.000000" : 1112,
            "40.000000" : 1288,
            "50.000000" : 1480,
            "60.000000" : 1672,
            "70.000000" : 1928,
            "80.000000" : 2288,
            "90.000000" : 3152,
            "95.000000" : 4048,
            "99.000000" : 5664,
            "99.500000" : 7200,
            "99.900000" : 78336,
            "99.950000" : 85504,
            "99.990000" : 111104
          }
        },
        "lat_ns" : {
          "min" : 125,
          "max" : 96070644,
          "mean" : 2078.504765,
          "stddev" : 11209.437755,
          "N" : 4841895547
        },
        "bw_min" : 7928405,
        "bw_max" : 123439027,
        "bw_agg" : 100.000000,
        "bw_mean" : 92903409.907691,
        "bw_dev" : 221644.046498,
        "bw_samples" : 24152,
        "iops_min" : 1982100,
        "iops_max" : 30859742,
        "iops_mean" : 23225836.612990,
        "iops_stddev" : 55410.992186,
        "iops_samples" : 24152
      },
      "write" : {
        "io_bytes" : 67530956800,
        "io_kbytes" : 65948200,
        "bw_bytes" : 321572922,
        "bw" : 314036,
        "iops" : 78509.014200,
        "runtime" : 210002,
        "total_ios" : 16487050,
        "short_ios" : 0,
        "drop_ios" : 0,
        "slat_ns" : {
          "min" : 0,
          "max" : 0,
          "mean" : 0.000000,
          "stddev" : 0.000000,
          "N" : 0
        },
        "clat_ns" : {
          "min" : 137,
          "max" : 12112346,
          "mean" : 75538.852768,
          "stddev" : 50175.026441,
          "N" : 16487050,
          "percentile" : {
            "1.000000" : 48896,
            "5.000000" : 57088,
            "10.000000" : 60160,
            "20.000000" : 64256,
            "30.000000" : 67072,
            "40.000000" : 69120,
            "50.000000" : 72192,
            "60.000000" : 75264,
            "70.000000" : 78336,
            "80.000000" : 82432,
            "90.000000" : 89600,
            "95.000000" : 96768,
            "99.000000" : 136192,
            "99.500000" : 168960,
            "99.900000" : 569344,
            "99.950000" : 847872,
            "99.990000" : 2572288
          }
        },
        "lat_ns" : {
          "min" : 190,
          "max" : 12112444,
          "mean" : 75665.881583,
          "stddev" : 50196.333541,
          "N" : 16487050
        },
        "bw_min" : 33064,
        "bw_max" : 395084,
        "bw_agg" : 100.000000,
        "bw_mean" : 314349.926014,
        "bw_dev" : 6003.617536,
        "bw_samples" : 2514,
        "iops_min" : 8266,
        "iops_max" : 98768,
        "iops_mean" : 78586.035800,
        "iops_stddev" : 1500.872445,
        "iops_samples" : 2514
      },
      "trim" : {
        "io_bytes" : 0,
        "io_kbytes" : 0,
        "bw_bytes" : 0,
        "bw" : 0,
        "iops" : 0.000000,
        "runtime" : 0,
        "total_ios" : 0,
        "short_ios" : 0,
        "drop_ios" : 0,
        "slat_ns" : {
          "min" : 0,
          "max" : 0,
          "mean" : 0.000000,
          "stddev" : 0.000000,
          "N" : 0
        },
        "clat_ns" : {
          "min" : 0,
          "max" : 0,
          "mean" : 0.000000,
          "stddev" : 0.000000,
          "N" : 0
        },
        "lat_ns" : {
          "min" : 0,
          "max" : 0,
          "mean" : 0.000000,
          "stddev" : 0.000000,
          "N" : 0
        },
        "bw_min" : 0,
        "bw_max" : 0,
        "bw_agg" : 0.000000,
        "bw_mean" : 0.000000,
        "bw_dev" : 0.000000,
        "bw_samples" : 0,
        "iops_min" : 0,
        "iops_max" : 0,
        "iops_mean" : 0.000000,
        "iops_stddev" : 0.000000,
        "iops_samples" : 0
      },
      "sync" : {
        "total_ios" : 0,
        "lat_ns" : {
          "min" : 0,
          "max" : 0,
          "mean" : 0.000000,
          "stddev" : 0.000000,
          "N" : 0
        }
      },
      "job_runtime" : 13440024,
      "usr_cpu" : 80.069753,
      "sys_cpu" : 17.574418,
      "ctx" : 1088321,
      "majf" : 196636,
      "minf" : 32979973,
      "iodepth_level" : {
        "1" : 100.000000,
        "2" : 0.000000,
        "4" : 0.000000,
        "8" : 0.000000,
        "16" : 0.000000,
        "32" : 0.000000,
        ">=64" : 0.000000
      },
      "iodepth_submit" : {
        "0" : 0.000000,
        "4" : 100.000000,
        "8" : 0.000000,
        "16" : 0.000000,
        "32" : 0.000000,
        "64" : 0.000000,
        ">=64" : 0.000000
      },
      "iodepth_complete" : {
        "0" : 0.000000,
        "4" : 100.000000,
        "8" : 0.000000,
        "16" : 0.000000,
        "32" : 0.000000,
        "64" : 0.000000,
        ">=64" : 0.000000
      },
      "latency_ns" : {
        "2" : 0.000000,
        "4" : 0.000000,
        "10" : 0.000000,
        "20" : 0.000000,
        "50" : 0.000000,
        "100" : 0.010000,
        "250" : 0.047885,
        "500" : 1.906687,
        "750" : 8.614800,
        "1000" : 12.633661
      },
      "latency_us" : {
        "2" : 48.857643,
        "4" : 22.354431,
        "10" : 4.809748,
        "20" : 0.087276,
        "50" : 0.011070,
        "100" : 0.647407,
        "250" : 0.024636,
        "500" : 0.010000,
        "750" : 0.010000,
        "1000" : 0.010000
      },
      "latency_ms" : {
        "2" : 0.010000,
        "4" : 0.010000,
        "10" : 0.010000,
        "20" : 0.010000,
        "50" : 0.010000,
        "100" : 0.010000,
        "250" : 0.000000,
        "500" : 0.000000,
        "750" : 0.000000,
        "1000" : 0.000000,
        "2000" : 0.000000,
        ">=2000" : 0.000000
      },
      "latency_depth" : 1,
      "latency_target" : 0,
      "latency_percentile" : 100.000000,
      "latency_window" : 0
    }
  ],
  "disk_util" : [
    {
      "name" : "sdb",
      "read_ios" : 196713,
      "write_ios" : 246819,
      "read_sectors" : 1580536,
      "write_sectors" : 17551040,
      "read_merges" : 333,
      "write_merges" : 723,
      "read_ticks" : 168182,
      "write_ticks" : 1128753,
      "in_queue" : 1296943,
      "util" : 14.171381
    }
  ]
}
