{
  "fio version" : "fio-3.40",
  "timestamp" : 1772053684,
  "timestamp_ms" : 1772053684402,
  "time" : "Wed Feb 25 22:08:04 2026",
  "global options" : {
    "group_reporting" : "",
    "ioengine" : "mmap",
    "size" : "768m",
    "thread" : "1",
    "directory" : "/tmp",
    "time_based" : "",
    "runtime" : "210",
    "norandommap" : "1",
    "filename" : "/tmp/fio_readwrite",
    "share_mmap" : "1",
    "repl" : "1"
  },
  "jobs" : [
    {
      "jobname" : "writers",
      "groupid" : 0,
      "job_start" : 1772053474109,
      "error" : 0,
      "eta" : 0,
      "elapsed" : 211,
      "job options" : {
        "rw" : "randread",
        "random_distribution" : "random",
        "numjobs" : "58"
      },
      "read" : {
        "io_bytes" : 16590959316992,
        "io_kbytes" : 16202108708,
        "bw_bytes" : 79003439555,
        "bw" : 77151796,
        "iops" : 19287949.110251,
        "runtime" : 210003,
        "total_ios" : 4050527177,
        "short_ios" : 0,
        "drop_ios" : 0,
        "slat_ns" : {
          "min" : 0,
          "max" : 0,
          "mean" : 0.000000,
          "stddev" : 0.000000,
          "N" : 0
        },
        "clat_ns" : {
          "min" : 98,
          "max" : 44021578,
          "mean" : 2545.977732,
          "stddev" : 13779.638479,
          "N" : 4050527177,
          "percentile" : {
            "1.000000" : 604,
            "5.000000" : 820,
            "10.000000" : 956,
            "20.000000" : 1160,
            "30.000000" : 1352,
            "40.000000" : 1528,
            "50.000000" : 1736,
            "60.000000" : 2040,
            "70.000000" : 2416,
            "80.000000" : 2928,
            "90.000000" : 3760,
            "95.000000" : 4768,
            "99.000000" : 7136,
            "99.500000" : 9920,
            "99.900000" : 116224,
            "99.950000" : 125440,
            "99.990000" : 164864
          }
        },
        "lat_ns" : {
          "min" : 126,
          "max" : 44021607,
          "mean" : 2593.064846,
          "stddev" : 13846.779071,
          "N" : 4050527177
        },
        "bw_min" : 3149336,
        "bw_max" : 100092747,
        "bw_agg" : 100.000000,
        "bw_mean" : 77434459.278792,
        "bw_dev" : 244697.796114,
        "bw_samples" : 24169,
        "iops_min" : 787332,
        "iops_max" : 25023184,
        "iops_mean" : 19358605.028140,
        "iops_stddev" : 61174.433513,
        "iops_samples" : 24169
      },
      "write" : {
        "io_bytes" : 57297457152,
        "io_kbytes" : 55954548,
        "bw_bytes" : 272842435,
        "bw" : 266447,
        "iops" : 66611.922744,
        "runtime" : 210002,
        "total_ios" : 13988637,
        "short_ios" : 0,
        "drop_ios" : 0,
        "slat_ns" : {
          "min" : 0,
          "max" : 0,
          "mean" : 0.000000,
          "stddev" : 0.000000,
          "N" : 0
        },
        "clat_ns" : {
          "min" : 119,
          "max" : 17425842,
          "mean" : 88675.645617,
          "stddev" : 76066.056079,
          "N" : 13988637,
          "percentile" : {
            "1.000000" : 12864,
            "5.000000" : 62720,
            "10.000000" : 67072,
            "20.000000" : 73216,
            "30.000000" : 77312,
            "40.000000" : 81408,
            "50.000000" : 84480,
            "60.000000" : 88576,
            "70.000000" : 93696,
            "80.000000" : 98816,
            "90.000000" : 108032,
            "95.000000" : 117248,
            "99.000000" : 171008,
            "99.500000" : 201728,
            "99.900000" : 659456,
            "99.950000" : 1044480,
            "99.990000" : 4046848
          }
        },
        "lat_ns" : {
          "min" : 160,
          "max" : 17425925,
          "mean" : 88801.204715,
          "stddev" : 76087.710452,
          "N" : 13988637
        },
        "bw_min" : 56599,
        "bw_max" : 445745,
        "bw_agg" : 100.000000,
        "bw_mean" : 267766.595140,
        "bw_dev" : 5117.599467,
        "bw_samples" : 2496,
        "iops_min" : 14149,
        "iops_max" : 111434,
        "iops_mean" : 66940.771513,
        "iops_stddev" : 1279.388538,
        "iops_samples" : 2496
      },
      "trim" : {
        "io_bytes" : 0,
        "io_kbytes" : 0,
        "bw_bytes" : 0,
        "bw" : 0,
        "iops" : 0.000000,
        "runtime" : 0,
        "total_ios" : 0,
        "short_ios" : 0,
        "drop_ios" : 0,
        "slat_ns" : {
          "min" : 0,
          "max" : 0,
          "mean" : 0.000000,
          "stddev" : 0.000000,
          "N" : 0
        },
        "clat_ns" : {
          "min" : 0,
          "max" : 0,
          "mean" : 0.000000,
          "stddev" : 0.000000,
          "N" : 0
        },
        "lat_ns" : {
          "min" : 0,
          "max" : 0,
          "mean" : 0.000000,
          "stddev" : 0.000000,
          "N" : 0
        },
        "bw_min" : 0,
        "bw_max" : 0,
        "bw_agg" : 0.000000,
        "bw_mean" : 0.000000,
        "bw_dev" : 0.000000,
        "bw_samples" : 0,
        "iops_min" : 0,
        "iops_max" : 0,
        "iops_mean" : 0.000000,
        "iops_stddev" : 0.000000,
        "iops_samples" : 0
      },
      "sync" : {
        "total_ios" : 0,
        "lat_ns" : {
          "min" : 0,
          "max" : 0,
          "mean" : 0.000000,
          "stddev" : 0.000000,
          "N" : 0
        }
      },
      "job_runtime" : 13440006,
      "usr_cpu" : 78.054377,
      "sys_cpu" : 19.507521,
      "ctx" : 719422,
      "majf" : 196639,
      "minf" : 27812555,
      "iodepth_level" : {
        "1" : 100.000000,
        "2" : 0.000000,
        "4" : 0.000000,
        "8" : 0.000000,
        "16" : 0.000000,
        "32" : 0.000000,
        ">=64" : 0.000000
      },
      "iodepth_submit" : {
        "0" : 0.000000,
        "4" : 100.000000,
        "8" : 0.000000,
        "16" : 0.000000,
        "32" : 0.000000,
        "64" : 0.000000,
        ">=64" : 0.000000
      },
      "iodepth_complete" : {
        "0" : 0.000000,
        "4" : 100.000000,
        "8" : 0.000000,
        "16" : 0.000000,
        "32" : 0.000000,
        "64" : 0.000000,
        ">=64" : 0.000000
      },
      "latency_ns" : {
        "2" : 0.000000,
        "4" : 0.000000,
        "10" : 0.000000,
        "20" : 0.000000,
        "50" : 0.000000,
        "100" : 0.010000,
        "250" : 0.045562,
        "500" : 0.274705,
        "750" : 3.052587,
        "1000" : 8.403529
      },
      "latency_us" : {
        "2" : 46.975956,
        "4" : 32.481762,
        "10" : 7.930876,
        "20" : 0.140169,
        "50" : 0.010000,
        "100" : 0.402401,
        "250" : 0.279101,
        "500" : 0.010000,
        "750" : 0.010000,
        "1000" : 0.010000
      },
      "latency_ms" : {
        "2" : 0.010000,
        "4" : 0.010000,
        "10" : 0.010000,
        "20" : 0.010000,
        "50" : 0.010000,
        "100" : 0.000000,
        "250" : 0.000000,
        "500" : 0.000000,
        "750" : 0.000000,
        "1000" : 0.000000,
        "2000" : 0.000000,
        ">=2000" : 0.000000
      },
      "latency_depth" : 1,
      "latency_target" : 0,
      "latency_percentile" : 100.000000,
      "latency_window" : 0
    }
  ],
  "disk_util" : [
    {
      "name" : "sdb",
      "read_ios" : 196653,
      "write_ios" : 135548,
      "read_sectors" : 1576584,
      "write_sectors" : 23295768,
      "read_merges" : 296,
      "write_merges" : 960,
      "read_ticks" : 195185,
      "write_ticks" : 3657480,
      "in_queue" : 3852672,
      "util" : 14.810924
    }
  ]
}
