{
  "fio version" : "fio-3.40",
  "timestamp" : 1765209731,
  "timestamp_ms" : 1765209731714,
  "time" : "Mon Dec  8 17:02:11 2025",
  "global options" : {
    "group_reporting" : "",
    "ioengine" : "mmap",
    "size" : "768m",
    "thread" : "1",
    "directory" : "/tmp",
    "time_based" : "",
    "runtime" : "180",
    "norandommap" : "1",
    "filename" : "/tmp/fio_readwrite",
    "share_mmap" : "1",
    "repl" : "1"
  },
  "jobs" : [
    {
      "jobname" : "readers",
      "groupid" : 0,
      "job_start" : 1765209551581,
      "error" : 0,
      "eta" : 0,
      "elapsed" : 181,
      "job options" : {
        "rw" : "randread",
        "random_distribution" : "random",
        "numjobs" : "64"
      },
      "read" : {
        "io_bytes" : 17690283405312,
        "io_kbytes" : 17275667388,
        "bw_bytes" : 98277168314,
        "bw" : 95973797,
        "iops" : 23993449.295571,
        "runtime" : 180004,
        "total_ios" : 4318916847,
        "short_ios" : 0,
        "drop_ios" : 0,
        "slat_ns" : {
          "min" : 0,
          "max" : 0,
          "mean" : 0.000000,
          "stddev" : 0.000000,
          "N" : 0
        },
        "clat_ns" : {
          "min" : 99,
          "max" : 31585891,
          "mean" : 2131.129044,
          "stddev" : 5987.150224,
          "N" : 4318916847,
          "percentile" : {
            "1.000000" : 1080,
            "5.000000" : 1368,
            "10.000000" : 1512,
            "20.000000" : 1688,
            "30.000000" : 1816,
            "40.000000" : 1944,
            "50.000000" : 2064,
            "60.000000" : 2160,
            "70.000000" : 2288,
            "80.000000" : 2448,
            "90.000000" : 2672,
            "95.000000" : 2864,
            "99.000000" : 3248,
            "99.500000" : 3440,
            "99.900000" : 16512,
            "99.950000" : 18304,
            "99.990000" : 32128
          }
        },
        "lat_ns" : {
          "min" : 125,
          "max" : 31585920,
          "mean" : 2180.653964,
          "stddev" : 5988.900717,
          "N" : 4318916847
        },
        "bw_min" : 356901,
        "bw_max" : 103532273,
        "bw_agg" : 100.000000,
        "bw_mean" : 96058668.055710,
        "bw_dev" : 170806.735305,
        "bw_samples" : 22976,
        "iops_min" : 89222,
        "iops_max" : 25883053,
        "iops_mean" : 24014651.103064,
        "iops_stddev" : 42701.657223,
        "iops_samples" : 22976
      },
      "write" : {
        "io_bytes" : 0,
        "io_kbytes" : 0,
        "bw_bytes" : 0,
        "bw" : 0,
        "iops" : 0.000000,
        "runtime" : 0,
        "total_ios" : 0,
        "short_ios" : 0,
        "drop_ios" : 0,
        "slat_ns" : {
          "min" : 0,
          "max" : 0,
          "mean" : 0.000000,
          "stddev" : 0.000000,
          "N" : 0
        },
        "clat_ns" : {
          "min" : 0,
          "max" : 0,
          "mean" : 0.000000,
          "stddev" : 0.000000,
          "N" : 0
        },
        "lat_ns" : {
          "min" : 0,
          "max" : 0,
          "mean" : 0.000000,
          "stddev" : 0.000000,
          "N" : 0
        },
        "bw_min" : 0,
        "bw_max" : 0,
        "bw_agg" : 0.000000,
        "bw_mean" : 0.000000,
        "bw_dev" : 0.000000,
        "bw_samples" : 0,
        "iops_min" : 0,
        "iops_max" : 0,
        "iops_mean" : 0.000000,
        "iops_stddev" : 0.000000,
        "iops_samples" : 0
      },
      "trim" : {
        "io_bytes" : 0,
        "io_kbytes" : 0,
        "bw_bytes" : 0,
        "bw" : 0,
        "iops" : 0.000000,
        "runtime" : 0,
        "total_ios" : 0,
        "short_ios" : 0,
        "drop_ios" : 0,
        "slat_ns" : {
          "min" : 0,
          "max" : 0,
          "mean" : 0.000000,
          "stddev" : 0.000000,
          "N" : 0
        },
        "clat_ns" : {
          "min" : 0,
          "max" : 0,
          "mean" : 0.000000,
          "stddev" : 0.000000,
          "N" : 0
        },
        "lat_ns" : {
          "min" : 0,
          "max" : 0,
          "mean" : 0.000000,
          "stddev" : 0.000000,
          "N" : 0
        },
        "bw_min" : 0,
        "bw_max" : 0,
        "bw_agg" : 0.000000,
        "bw_mean" : 0.000000,
        "bw_dev" : 0.000000,
        "bw_samples" : 0,
        "iops_min" : 0,
        "iops_max" : 0,
        "iops_mean" : 0.000000,
        "iops_stddev" : 0.000000,
        "iops_samples" : 0
      },
      "sync" : {
        "total_ios" : 0,
        "lat_ns" : {
          "min" : 0,
          "max" : 0,
          "mean" : 0.000000,
          "stddev" : 0.000000,
          "N" : 0
        }
      },
      "job_runtime" : 11520071,
      "usr_cpu" : 98.472631,
      "sys_cpu" : 0.148897,
      "ctx" : 274055,
      "majf" : 196609,
      "minf" : 789703,
      "iodepth_level" : {
        "1" : 100.000000,
        "2" : 0.000000,
        "4" : 0.000000,
        "8" : 0.000000,
        "16" : 0.000000,
        "32" : 0.000000,
        ">=64" : 0.000000
      },
      "iodepth_submit" : {
        "0" : 0.000000,
        "4" : 100.000000,
        "8" : 0.000000,
        "16" : 0.000000,
        "32" : 0.000000,
        "64" : 0.000000,
        ">=64" : 0.000000
      },
      "iodepth_complete" : {
        "0" : 0.000000,
        "4" : 100.000000,
        "8" : 0.000000,
        "16" : 0.000000,
        "32" : 0.000000,
        "64" : 0.000000,
        ">=64" : 0.000000
      },
      "latency_ns" : {
        "2" : 0.000000,
        "4" : 0.000000,
        "10" : 0.000000,
        "20" : 0.000000,
        "50" : 0.000000,
        "100" : 0.010000,
        "250" : 0.036622,
        "500" : 0.053379,
        "750" : 0.117355,
        "1000" : 0.429536
      },
      "latency_us" : {
        "2" : 44.518137,
        "4" : 54.655183,
        "10" : 0.042859,
        "20" : 0.128113,
        "50" : 0.011359,
        "100" : 0.010000,
        "250" : 0.010000,
        "500" : 0.010000,
        "750" : 0.010000,
        "1000" : 0.010000
      },
      "latency_ms" : {
        "2" : 0.010000,
        "4" : 0.010000,
        "10" : 0.010000,
        "20" : 0.000000,
        "50" : 0.010000,
        "100" : 0.000000,
        "250" : 0.000000,
        "500" : 0.000000,
        "750" : 0.000000,
        "1000" : 0.000000,
        "2000" : 0.000000,
        ">=2000" : 0.000000
      },
      "latency_depth" : 1,
      "latency_target" : 0,
      "latency_percentile" : 100.000000,
      "latency_window" : 0
    }
  ],
  "disk_util" : [
    {
      "name" : "sda",
      "read_ios" : 196571,
      "write_ios" : 142,
      "read_sectors" : 1573968,
      "write_sectors" : 2808,
      "read_merges" : 175,
      "write_merges" : 154,
      "read_ticks" : 150579,
      "write_ticks" : 35,
      "in_queue" : 150620,
      "util" : 1.075796
    }
  ]
}
