{
  "fio version" : "fio-3.40",
  "timestamp" : 1769904841,
  "timestamp_ms" : 1769904841346,
  "time" : "Sun Feb  1 01:14:01 2026",
  "global options" : {
    "group_reporting" : "",
    "ioengine" : "mmap",
    "size" : "768m",
    "thread" : "1",
    "directory" : "/tmp",
    "time_based" : "",
    "runtime" : "180",
    "norandommap" : "1",
    "filename" : "/tmp/fio_readwrite",
    "share_mmap" : "1",
    "repl" : "1"
  },
  "jobs" : [
    {
      "jobname" : "writers",
      "groupid" : 0,
      "job_start" : 1769904661229,
      "error" : 0,
      "eta" : 0,
      "elapsed" : 181,
      "job options" : {
        "rw" : "randread",
        "random_distribution" : "random",
        "numjobs" : "45"
      },
      "read" : {
        "io_bytes" : 10790411419648,
        "io_kbytes" : 10537511152,
        "bw_bytes" : 59946064041,
        "bw" : 58541078,
        "iops" : 14635269.541450,
        "runtime" : 180002,
        "total_ios" : 2634377788,
        "short_ios" : 0,
        "drop_ios" : 0,
        "slat_ns" : {
          "min" : 0,
          "max" : 0,
          "mean" : 0.000000,
          "stddev" : 0.000000,
          "N" : 0
        },
        "clat_ns" : {
          "min" : 97,
          "max" : 132048353,
          "mean" : 2576.461045,
          "stddev" : 20436.882426,
          "N" : 2634377788,
          "percentile" : {
            "1.000000" : 438,
            "5.000000" : 516,
            "10.000000" : 564,
            "20.000000" : 652,
            "30.000000" : 764,
            "40.000000" : 876,
            "50.000000" : 980,
            "60.000000" : 1112,
            "70.000000" : 1288,
            "80.000000" : 1608,
            "90.000000" : 2896,
            "95.000000" : 4192,
            "99.000000" : 75264,
            "99.500000" : 88576,
            "99.900000" : 118272,
            "99.950000" : 142336,
            "99.990000" : 209920
          }
        },
        "lat_ns" : {
          "min" : 124,
          "max" : 132048403,
          "mean" : 2629.959049,
          "stddev" : 20555.713606,
          "N" : 2634377788
        },
        "bw_min" : 4841481,
        "bw_max" : 71778967,
        "bw_agg" : 100.000000,
        "bw_mean" : 58845769.008661,
        "bw_dev" : 216451.887155,
        "bw_samples" : 16089,
        "iops_min" : 1210363,
        "iops_max" : 17944744,
        "iops_mean" : 14711433.622515,
        "iops_stddev" : 54112.949593,
        "iops_samples" : 16089
      },
      "write" : {
        "io_bytes" : 151644286976,
        "io_kbytes" : 148090124,
        "bw_bytes" : 842458900,
        "bw" : 822713,
        "iops" : 205678.442462,
        "runtime" : 180002,
        "total_ios" : 37022531,
        "short_ios" : 0,
        "drop_ios" : 0,
        "slat_ns" : {
          "min" : 0,
          "max" : 0,
          "mean" : 0.000000,
          "stddev" : 0.000000,
          "N" : 0
        },
        "clat_ns" : {
          "min" : 126,
          "max" : 120236853,
          "mean" : 91073.869633,
          "stddev" : 91005.840471,
          "N" : 37022531,
          "percentile" : {
            "1.000000" : 1400,
            "5.000000" : 63232,
            "10.000000" : 68096,
            "20.000000" : 73216,
            "30.000000" : 77312,
            "40.000000" : 80384,
            "50.000000" : 84480,
            "60.000000" : 88576,
            "70.000000" : 93696,
            "80.000000" : 100864,
            "90.000000" : 117248,
            "95.000000" : 140288,
            "99.000000" : 195584,
            "99.500000" : 232448,
            "99.900000" : 716800,
            "99.950000" : 1036288,
            "99.990000" : 4046848
          }
        },
        "lat_ns" : {
          "min" : 167,
          "max" : 120236935,
          "mean" : 91217.536835,
          "stddev" : 91019.695310,
          "N" : 37022531
        },
        "bw_min" : 147893,
        "bw_max" : 1091159,
        "bw_agg" : 100.000000,
        "bw_mean" : 827485.056079,
        "bw_dev" : 5037.731181,
        "bw_samples" : 6788,
        "iops_min" : 36972,
        "iops_max" : 272789,
        "iops_mean" : 206867.956264,
        "iops_stddev" : 1259.412974,
        "iops_samples" : 6788
      },
      "trim" : {
        "io_bytes" : 0,
        "io_kbytes" : 0,
        "bw_bytes" : 0,
        "bw" : 0,
        "iops" : 0.000000,
        "runtime" : 0,
        "total_ios" : 0,
        "short_ios" : 0,
        "drop_ios" : 0,
        "slat_ns" : {
          "min" : 0,
          "max" : 0,
          "mean" : 0.000000,
          "stddev" : 0.000000,
          "N" : 0
        },
        "clat_ns" : {
          "min" : 0,
          "max" : 0,
          "mean" : 0.000000,
          "stddev" : 0.000000,
          "N" : 0
        },
        "lat_ns" : {
          "min" : 0,
          "max" : 0,
          "mean" : 0.000000,
          "stddev" : 0.000000,
          "N" : 0
        },
        "bw_min" : 0,
        "bw_max" : 0,
        "bw_agg" : 0.000000,
        "bw_mean" : 0.000000,
        "bw_dev" : 0.000000,
        "bw_samples" : 0,
        "iops_min" : 0,
        "iops_max" : 0,
        "iops_mean" : 0.000000,
        "iops_stddev" : 0.000000,
        "iops_samples" : 0
      },
      "sync" : {
        "total_ios" : 0,
        "lat_ns" : {
          "min" : 0,
          "max" : 0,
          "mean" : 0.000000,
          "stddev" : 0.000000,
          "N" : 0
        }
      },
      "job_runtime" : 11520006,
      "usr_cpu" : 42.448693,
      "sys_cpu" : 54.716239,
      "ctx" : 723832,
      "majf" : 196628,
      "minf" : 72580407,
      "iodepth_level" : {
        "1" : 100.000000,
        "2" : 0.000000,
        "4" : 0.000000,
        "8" : 0.000000,
        "16" : 0.000000,
        "32" : 0.000000,
        ">=64" : 0.000000
      },
      "iodepth_submit" : {
        "0" : 0.000000,
        "4" : 100.000000,
        "8" : 0.000000,
        "16" : 0.000000,
        "32" : 0.000000,
        "64" : 0.000000,
        ">=64" : 0.000000
      },
      "iodepth_complete" : {
        "0" : 0.000000,
        "4" : 100.000000,
        "8" : 0.000000,
        "16" : 0.000000,
        "32" : 0.000000,
        "64" : 0.000000,
        ">=64" : 0.000000
      },
      "latency_ns" : {
        "2" : 0.000000,
        "4" : 0.000000,
        "10" : 0.000000,
        "20" : 0.000000,
        "50" : 0.000000,
        "100" : 0.010000,
        "250" : 0.055324,
        "500" : 3.583340,
        "750" : 24.995093,
        "1000" : 22.495661
      },
      "latency_us" : {
        "2" : 32.602257,
        "4" : 9.479103,
        "10" : 4.000924,
        "20" : 0.068351,
        "50" : 0.010000,
        "100" : 2.168688,
        "250" : 0.530826,
        "500" : 0.010000,
        "750" : 0.010000,
        "1000" : 0.010000
      },
      "latency_ms" : {
        "2" : 0.010000,
        "4" : 0.010000,
        "10" : 0.010000,
        "20" : 0.010000,
        "50" : 0.010000,
        "100" : 0.010000,
        "250" : 0.010000,
        "500" : 0.000000,
        "750" : 0.000000,
        "1000" : 0.000000,
        "2000" : 0.000000,
        ">=2000" : 0.000000
      },
      "latency_depth" : 1,
      "latency_target" : 0,
      "latency_percentile" : 100.000000,
      "latency_window" : 0
    }
  ],
  "disk_util" : [
    {
      "name" : "sdb",
      "read_ios" : 196595,
      "write_ios" : 60109,
      "read_sectors" : 1574264,
      "write_sectors" : 18793928,
      "read_merges" : 188,
      "write_merges" : 685,
      "read_ticks" : 182165,
      "write_ticks" : 14597682,
      "in_queue" : 14779852,
      "util" : 12.682720
    }
  ]
}
