{
  "fio version" : "fio-3.40",
  "timestamp" : 1764790513,
  "timestamp_ms" : 1764790513448,
  "time" : "Wed Dec  3 20:35:13 2025",
  "global options" : {
    "group_reporting" : "",
    "ioengine" : "mmap",
    "size" : "768m",
    "thread" : "1",
    "directory" : "/tmp",
    "time_based" : "",
    "runtime" : "180",
    "norandommap" : "1",
    "filename" : "/tmp/fio_readwrite",
    "share_mmap" : "1",
    "repl" : "1"
  },
  "jobs" : [
    {
      "jobname" : "readers",
      "groupid" : 0,
      "job_start" : 1764790333337,
      "error" : 0,
      "eta" : 0,
      "elapsed" : 181,
      "job options" : {
        "rw" : "randread",
        "random_distribution" : "random",
        "numjobs" : "64"
      },
      "read" : {
        "io_bytes" : 25901823328256,
        "io_kbytes" : 25294749344,
        "bw_bytes" : 143897419630,
        "bw" : 140524823,
        "iops" : 35131205.964378,
        "runtime" : 180002,
        "total_ios" : 6323687336,
        "short_ios" : 0,
        "drop_ios" : 0,
        "slat_ns" : {
          "min" : 0,
          "max" : 0,
          "mean" : 0.000000,
          "stddev" : 0.000000,
          "N" : 0
        },
        "clat_ns" : {
          "min" : 98,
          "max" : 12754346,
          "mean" : 1360.663377,
          "stddev" : 6791.866430,
          "N" : 6323687336,
          "percentile" : {
            "1.000000" : 540,
            "5.000000" : 652,
            "10.000000" : 748,
            "20.000000" : 892,
            "30.000000" : 1020,
            "40.000000" : 1144,
            "50.000000" : 1272,
            "60.000000" : 1400,
            "70.000000" : 1544,
            "80.000000" : 1704,
            "90.000000" : 1944,
            "95.000000" : 2160,
            "99.000000" : 2544,
            "99.500000" : 2736,
            "99.900000" : 6944,
            "99.950000" : 16064,
            "99.990000" : 18304
          }
        },
        "lat_ns" : {
          "min" : 125,
          "max" : 12754401,
          "mean" : 1411.030619,
          "stddev" : 6795.131113,
          "N" : 6323687336
        },
        "bw_min" : 4601131,
        "bw_max" : 172262624,
        "bw_agg" : 100.000000,
        "bw_mean" : 141208278.081846,
        "bw_dev" : 294499.656598,
        "bw_samples" : 22886,
        "iops_min" : 1150284,
        "iops_max" : 43065625,
        "iops_mean" : 35302053.194668,
        "iops_stddev" : 73624.876267,
        "iops_samples" : 22886
      },
      "write" : {
        "io_bytes" : 0,
        "io_kbytes" : 0,
        "bw_bytes" : 0,
        "bw" : 0,
        "iops" : 0.000000,
        "runtime" : 0,
        "total_ios" : 0,
        "short_ios" : 0,
        "drop_ios" : 0,
        "slat_ns" : {
          "min" : 0,
          "max" : 0,
          "mean" : 0.000000,
          "stddev" : 0.000000,
          "N" : 0
        },
        "clat_ns" : {
          "min" : 0,
          "max" : 0,
          "mean" : 0.000000,
          "stddev" : 0.000000,
          "N" : 0
        },
        "lat_ns" : {
          "min" : 0,
          "max" : 0,
          "mean" : 0.000000,
          "stddev" : 0.000000,
          "N" : 0
        },
        "bw_min" : 0,
        "bw_max" : 0,
        "bw_agg" : 0.000000,
        "bw_mean" : 0.000000,
        "bw_dev" : 0.000000,
        "bw_samples" : 0,
        "iops_min" : 0,
        "iops_max" : 0,
        "iops_mean" : 0.000000,
        "iops_stddev" : 0.000000,
        "iops_samples" : 0
      },
      "trim" : {
        "io_bytes" : 0,
        "io_kbytes" : 0,
        "bw_bytes" : 0,
        "bw" : 0,
        "iops" : 0.000000,
        "runtime" : 0,
        "total_ios" : 0,
        "short_ios" : 0,
        "drop_ios" : 0,
        "slat_ns" : {
          "min" : 0,
          "max" : 0,
          "mean" : 0.000000,
          "stddev" : 0.000000,
          "N" : 0
        },
        "clat_ns" : {
          "min" : 0,
          "max" : 0,
          "mean" : 0.000000,
          "stddev" : 0.000000,
          "N" : 0
        },
        "lat_ns" : {
          "min" : 0,
          "max" : 0,
          "mean" : 0.000000,
          "stddev" : 0.000000,
          "N" : 0
        },
        "bw_min" : 0,
        "bw_max" : 0,
        "bw_agg" : 0.000000,
        "bw_mean" : 0.000000,
        "bw_dev" : 0.000000,
        "bw_samples" : 0,
        "iops_min" : 0,
        "iops_max" : 0,
        "iops_mean" : 0.000000,
        "iops_stddev" : 0.000000,
        "iops_samples" : 0
      },
      "sync" : {
        "total_ios" : 0,
        "lat_ns" : {
          "min" : 0,
          "max" : 0,
          "mean" : 0.000000,
          "stddev" : 0.000000,
          "N" : 0
        }
      },
      "job_runtime" : 11520008,
      "usr_cpu" : 97.819142,
      "sys_cpu" : 0.116979,
      "ctx" : 848829,
      "majf" : 196640,
      "minf" : 143778,
      "iodepth_level" : {
        "1" : 100.000000,
        "2" : 0.000000,
        "4" : 0.000000,
        "8" : 0.000000,
        "16" : 0.000000,
        "32" : 0.000000,
        ">=64" : 0.000000
      },
      "iodepth_submit" : {
        "0" : 0.000000,
        "4" : 100.000000,
        "8" : 0.000000,
        "16" : 0.000000,
        "32" : 0.000000,
        "64" : 0.000000,
        ">=64" : 0.000000
      },
      "iodepth_complete" : {
        "0" : 0.000000,
        "4" : 100.000000,
        "8" : 0.000000,
        "16" : 0.000000,
        "32" : 0.000000,
        "64" : 0.000000,
        ">=64" : 0.000000
      },
      "latency_ns" : {
        "2" : 0.000000,
        "4" : 0.000000,
        "10" : 0.000000,
        "20" : 0.000000,
        "50" : 0.000000,
        "100" : 0.010000,
        "250" : 0.050918,
        "500" : 0.323898,
        "750" : 9.867597,
        "1000" : 18.102836
      },
      "latency_us" : {
        "2" : 63.276516,
        "4" : 8.272670,
        "10" : 0.010000,
        "20" : 0.090377,
        "50" : 0.010000,
        "100" : 0.010000,
        "250" : 0.010000,
        "500" : 0.010000,
        "750" : 0.010000,
        "1000" : 0.010000
      },
      "latency_ms" : {
        "2" : 0.010000,
        "4" : 0.010000,
        "10" : 0.010000,
        "20" : 0.010000,
        "50" : 0.000000,
        "100" : 0.000000,
        "250" : 0.000000,
        "500" : 0.000000,
        "750" : 0.000000,
        "1000" : 0.000000,
        "2000" : 0.000000,
        ">=2000" : 0.000000
      },
      "latency_depth" : 1,
      "latency_target" : 0,
      "latency_percentile" : 100.000000,
      "latency_window" : 0
    }
  ],
  "disk_util" : [
    {
      "name" : "sda",
      "read_ios" : 196954,
      "write_ios" : 38465,
      "read_sectors" : 1603560,
      "write_sectors" : 1576248,
      "read_merges" : 454,
      "write_merges" : 533,
      "read_ticks" : 186771,
      "write_ticks" : 50027,
      "in_queue" : 236804,
      "util" : 2.126523
    }
  ]
}
