{
  "fio version" : "fio-3.40",
  "timestamp" : 1771999875,
  "timestamp_ms" : 1771999875960,
  "time" : "Wed Feb 25 07:11:15 2026",
  "global options" : {
    "group_reporting" : "",
    "ioengine" : "mmap",
    "size" : "768m",
    "thread" : "1",
    "directory" : "/tmp",
    "time_based" : "",
    "runtime" : "180",
    "norandommap" : "1",
    "filename" : "/tmp/fio_readwrite",
    "share_mmap" : "1",
    "repl" : "1"
  },
  "jobs" : [
    {
      "jobname" : "writers",
      "groupid" : 0,
      "job_start" : 1771999695678,
      "error" : 0,
      "eta" : 0,
      "elapsed" : 181,
      "job options" : {
        "rw" : "randread",
        "random_distribution" : "random",
        "numjobs" : "19"
      },
      "read" : {
        "io_bytes" : 3157420191744,
        "io_kbytes" : 3083418156,
        "bw_bytes" : 17541028387,
        "bw" : 17129910,
        "iops" : 4282477.633582,
        "runtime" : 180002,
        "total_ios" : 770854539,
        "short_ios" : 0,
        "drop_ios" : 0,
        "slat_ns" : {
          "min" : 0,
          "max" : 0,
          "mean" : 0.000000,
          "stddev" : 0.000000,
          "N" : 0
        },
        "clat_ns" : {
          "min" : 125,
          "max" : 132056168,
          "mean" : 3454.975045,
          "stddev" : 17060.642125,
          "N" : 770854539,
          "percentile" : {
            "1.000000" : 1256,
            "5.000000" : 1816,
            "10.000000" : 2096,
            "20.000000" : 2480,
            "30.000000" : 2768,
            "40.000000" : 3024,
            "50.000000" : 3248,
            "60.000000" : 3504,
            "70.000000" : 3792,
            "80.000000" : 4128,
            "90.000000" : 4576,
            "95.000000" : 5088,
            "99.000000" : 6176,
            "99.500000" : 6752,
            "99.900000" : 10432,
            "99.950000" : 18816,
            "99.990000" : 99840
          }
        },
        "lat_ns" : {
          "min" : 161,
          "max" : 132056208,
          "mean" : 3536.149392,
          "stddev" : 17140.753268,
          "N" : 770854539
        },
        "bw_min" : 33304,
        "bw_max" : 20818051,
        "bw_agg" : 100.000000,
        "bw_mean" : 17437737.053977,
        "bw_dev" : 152459.608281,
        "bw_samples" : 6688,
        "iops_min" : 8326,
        "iops_max" : 5204510,
        "iops_mean" : 4359430.431818,
        "iops_stddev" : 38114.876205,
        "iops_samples" : 6688
      },
      "write" : {
        "io_bytes" : 7031498964992,
        "io_kbytes" : 6866698208,
        "bw_bytes" : 39063449100,
        "bw" : 38147899,
        "iops" : 9536974.878057,
        "runtime" : 180002,
        "total_ios" : 1716674552,
        "short_ios" : 0,
        "drop_ios" : 0,
        "slat_ns" : {
          "min" : 0,
          "max" : 0,
          "mean" : 0.000000,
          "stddev" : 0.000000,
          "N" : 0
        },
        "clat_ns" : {
          "min" : 124,
          "max" : 188046647,
          "mean" : 3421.958057,
          "stddev" : 18949.477067,
          "N" : 1716674552,
          "percentile" : {
            "1.000000" : 1048,
            "5.000000" : 1560,
            "10.000000" : 1912,
            "20.000000" : 2352,
            "30.000000" : 2640,
            "40.000000" : 2896,
            "50.000000" : 3152,
            "60.000000" : 3408,
            "70.000000" : 3696,
            "80.000000" : 4016,
            "90.000000" : 4512,
            "95.000000" : 4960,
            "99.000000" : 6048,
            "99.500000" : 6752,
            "99.900000" : 29824,
            "99.950000" : 85504,
            "99.990000" : 415744
          }
        },
        "lat_ns" : {
          "min" : 173,
          "max" : 188046750,
          "mean" : 3558.900781,
          "stddev" : 19141.322949,
          "N" : 1716674552
        },
        "bw_min" : 79280,
        "bw_max" : 45348610,
        "bw_agg" : 100.000000,
        "bw_mean" : 38828352.250000,
        "bw_dev" : 144163.139731,
        "bw_samples" : 15840,
        "iops_min" : 19820,
        "iops_max" : 11337146,
        "iops_mean" : 9707079.568182,
        "iops_stddev" : 36040.760156,
        "iops_samples" : 15840
      },
      "trim" : {
        "io_bytes" : 0,
        "io_kbytes" : 0,
        "bw_bytes" : 0,
        "bw" : 0,
        "iops" : 0.000000,
        "runtime" : 0,
        "total_ios" : 0,
        "short_ios" : 0,
        "drop_ios" : 0,
        "slat_ns" : {
          "min" : 0,
          "max" : 0,
          "mean" : 0.000000,
          "stddev" : 0.000000,
          "N" : 0
        },
        "clat_ns" : {
          "min" : 0,
          "max" : 0,
          "mean" : 0.000000,
          "stddev" : 0.000000,
          "N" : 0
        },
        "lat_ns" : {
          "min" : 0,
          "max" : 0,
          "mean" : 0.000000,
          "stddev" : 0.000000,
          "N" : 0
        },
        "bw_min" : 0,
        "bw_max" : 0,
        "bw_agg" : 0.000000,
        "bw_mean" : 0.000000,
        "bw_dev" : 0.000000,
        "bw_samples" : 0,
        "iops_min" : 0,
        "iops_max" : 0,
        "iops_mean" : 0.000000,
        "iops_stddev" : 0.000000,
        "iops_samples" : 0
      },
      "sync" : {
        "total_ios" : 0,
        "lat_ns" : {
          "min" : 0,
          "max" : 0,
          "mean" : 0.000000,
          "stddev" : 0.000000,
          "N" : 0
        }
      },
      "job_runtime" : 11520008,
      "usr_cpu" : 93.966471,
      "sys_cpu" : 1.224452,
      "ctx" : 1216884,
      "majf" : 196640,
      "minf" : 2084646,
      "iodepth_level" : {
        "1" : 100.000000,
        "2" : 0.000000,
        "4" : 0.000000,
        "8" : 0.000000,
        "16" : 0.000000,
        "32" : 0.000000,
        ">=64" : 0.000000
      },
      "iodepth_submit" : {
        "0" : 0.000000,
        "4" : 100.000000,
        "8" : 0.000000,
        "16" : 0.000000,
        "32" : 0.000000,
        "64" : 0.000000,
        ">=64" : 0.000000
      },
      "iodepth_complete" : {
        "0" : 0.000000,
        "4" : 100.000000,
        "8" : 0.000000,
        "16" : 0.000000,
        "32" : 0.000000,
        "64" : 0.000000,
        ">=64" : 0.000000
      },
      "latency_ns" : {
        "2" : 0.000000,
        "4" : 0.000000,
        "10" : 0.000000,
        "20" : 0.000000,
        "50" : 0.000000,
        "100" : 0.000000,
        "250" : 0.023880,
        "500" : 0.036967,
        "750" : 0.146240,
        "1000" : 0.470010
      },
      "latency_us" : {
        "2" : 9.944318,
        "4" : 68.094711,
        "10" : 21.102729,
        "20" : 0.050143,
        "50" : 0.081591,
        "100" : 0.020725,
        "250" : 0.018445,
        "500" : 0.010000,
        "750" : 0.010000,
        "1000" : 0.010000
      },
      "latency_ms" : {
        "2" : 0.010000,
        "4" : 0.010000,
        "10" : 0.010000,
        "20" : 0.010000,
        "50" : 0.010000,
        "100" : 0.010000,
        "250" : 0.010000,
        "500" : 0.000000,
        "750" : 0.000000,
        "1000" : 0.000000,
        "2000" : 0.000000,
        ">=2000" : 0.000000
      },
      "latency_depth" : 1,
      "latency_target" : 0,
      "latency_percentile" : 100.000000,
      "latency_window" : 0
    }
  ],
  "disk_util" : [
    {
      "name" : "sda",
      "read_ios" : 196587,
      "write_ios" : 220195,
      "read_sectors" : 1574344,
      "write_sectors" : 17676648,
      "read_merges" : 206,
      "write_merges" : 21071,
      "read_ticks" : 214609,
      "write_ticks" : 43259323,
      "in_queue" : 43473940,
      "util" : 11.506688
    }
  ]
}
