{
  "fio version" : "fio-3.40",
  "timestamp" : 1769464537,
  "timestamp_ms" : 1769464537853,
  "time" : "Mon Jan 26 22:55:37 2026",
  "global options" : {
    "group_reporting" : "",
    "ioengine" : "mmap",
    "size" : "768m",
    "thread" : "1",
    "directory" : "/tmp",
    "time_based" : "",
    "runtime" : "180",
    "norandommap" : "1",
    "filename" : "/tmp/fio_readwrite",
    "share_mmap" : "1",
    "repl" : "1"
  },
  "jobs" : [
    {
      "jobname" : "writers",
      "groupid" : 0,
      "job_start" : 1769464357592,
      "error" : 0,
      "eta" : 0,
      "elapsed" : 181,
      "job options" : {
        "rw" : "randread",
        "random_distribution" : "random",
        "numjobs" : "38"
      },
      "read" : {
        "io_bytes" : 8069270007808,
        "io_kbytes" : 7880146492,
        "bw_bytes" : 44828779723,
        "bw" : 43778105,
        "iops" : 10944526.299708,
        "runtime" : 180002,
        "total_ios" : 1970036623,
        "short_ios" : 0,
        "drop_ios" : 0,
        "slat_ns" : {
          "min" : 0,
          "max" : 0,
          "mean" : 0.000000,
          "stddev" : 0.000000,
          "N" : 0
        },
        "clat_ns" : {
          "min" : 98,
          "max" : 92027334,
          "mean" : 2724.572648,
          "stddev" : 9525.788915,
          "N" : 1970036623,
          "percentile" : {
            "1.000000" : 556,
            "5.000000" : 1112,
            "10.000000" : 1576,
            "20.000000" : 1944,
            "30.000000" : 2160,
            "40.000000" : 2352,
            "50.000000" : 2512,
            "60.000000" : 2704,
            "70.000000" : 2864,
            "80.000000" : 3120,
            "90.000000" : 3440,
            "95.000000" : 3760,
            "99.000000" : 4704,
            "99.500000" : 6560,
            "99.900000" : 74240,
            "99.950000" : 85504,
            "99.990000" : 146432
          }
        },
        "lat_ns" : {
          "min" : 124,
          "max" : 92027425,
          "mean" : 2801.486376,
          "stddev" : 9547.301205,
          "N" : 1970036623
        },
        "bw_min" : 104192,
        "bw_max" : 54032895,
        "bw_agg" : 100.000000,
        "bw_mean" : 44059763.682584,
        "bw_dev" : 172358.281387,
        "bw_samples" : 13528,
        "iops_min" : 26048,
        "iops_max" : 13508215,
        "iops_mean" : 11014932.839888,
        "iops_stddev" : 43089.551608,
        "iops_samples" : 13528
      },
      "write" : {
        "io_bytes" : 5342227226624,
        "io_kbytes" : 5217018776,
        "bw_bytes" : 29678545505,
        "bw" : 28982954,
        "iops" : 7245738.648800,
        "runtime" : 180003,
        "total_ios" : 1304254694,
        "short_ios" : 0,
        "drop_ios" : 0,
        "slat_ns" : {
          "min" : 0,
          "max" : 0,
          "mean" : 0.000000,
          "stddev" : 0.000000,
          "N" : 0
        },
        "clat_ns" : {
          "min" : 98,
          "max" : 8413815,
          "mean" : 2840.284980,
          "stddev" : 9620.160594,
          "N" : 1304254694,
          "percentile" : {
            "1.000000" : 1112,
            "5.000000" : 1496,
            "10.000000" : 1704,
            "20.000000" : 1960,
            "30.000000" : 2160,
            "40.000000" : 2352,
            "50.000000" : 2512,
            "60.000000" : 2672,
            "70.000000" : 2864,
            "80.000000" : 3088,
            "90.000000" : 3376,
            "95.000000" : 3664,
            "99.000000" : 4576,
            "99.500000" : 10944,
            "99.900000" : 83456,
            "99.950000" : 99840,
            "99.990000" : 175104
          }
        },
        "lat_ns" : {
          "min" : 137,
          "max" : 8413864,
          "mean" : 2929.024132,
          "stddev" : 9644.968747,
          "N" : 1304254694
        },
        "bw_min" : 69272,
        "bw_max" : 32145144,
        "bw_agg" : 100.000000,
        "bw_mean" : 29161921.629213,
        "bw_dev" : 309843.703940,
        "bw_samples" : 9256,
        "iops_min" : 17318,
        "iops_max" : 8036285,
        "iops_mean" : 7290474.949438,
        "iops_stddev" : 77460.880849,
        "iops_samples" : 9256
      },
      "trim" : {
        "io_bytes" : 0,
        "io_kbytes" : 0,
        "bw_bytes" : 0,
        "bw" : 0,
        "iops" : 0.000000,
        "runtime" : 0,
        "total_ios" : 0,
        "short_ios" : 0,
        "drop_ios" : 0,
        "slat_ns" : {
          "min" : 0,
          "max" : 0,
          "mean" : 0.000000,
          "stddev" : 0.000000,
          "N" : 0
        },
        "clat_ns" : {
          "min" : 0,
          "max" : 0,
          "mean" : 0.000000,
          "stddev" : 0.000000,
          "N" : 0
        },
        "lat_ns" : {
          "min" : 0,
          "max" : 0,
          "mean" : 0.000000,
          "stddev" : 0.000000,
          "N" : 0
        },
        "bw_min" : 0,
        "bw_max" : 0,
        "bw_agg" : 0.000000,
        "bw_mean" : 0.000000,
        "bw_dev" : 0.000000,
        "bw_samples" : 0,
        "iops_min" : 0,
        "iops_max" : 0,
        "iops_mean" : 0.000000,
        "iops_stddev" : 0.000000,
        "iops_samples" : 0
      },
      "sync" : {
        "total_ios" : 0,
        "lat_ns" : {
          "min" : 0,
          "max" : 0,
          "mean" : 0.000000,
          "stddev" : 0.000000,
          "N" : 0
        }
      },
      "job_runtime" : 11520011,
      "usr_cpu" : 93.042741,
      "sys_cpu" : 4.769813,
      "ctx" : 603350,
      "majf" : 191226,
      "minf" : 6618795,
      "iodepth_level" : {
        "1" : 100.000000,
        "2" : 0.000000,
        "4" : 0.000000,
        "8" : 0.000000,
        "16" : 0.000000,
        "32" : 0.000000,
        ">=64" : 0.000000
      },
      "iodepth_submit" : {
        "0" : 0.000000,
        "4" : 100.000000,
        "8" : 0.000000,
        "16" : 0.000000,
        "32" : 0.000000,
        "64" : 0.000000,
        ">=64" : 0.000000
      },
      "iodepth_complete" : {
        "0" : 0.000000,
        "4" : 100.000000,
        "8" : 0.000000,
        "16" : 0.000000,
        "32" : 0.000000,
        "64" : 0.000000,
        ">=64" : 0.000000
      },
      "latency_ns" : {
        "2" : 0.000000,
        "4" : 0.000000,
        "10" : 0.000000,
        "20" : 0.000000,
        "50" : 0.000000,
        "100" : 0.010000,
        "250" : 0.038870,
        "500" : 0.287129,
        "750" : 1.185904,
        "1000" : 1.290361
      },
      "latency_us" : {
        "2" : 19.396938,
        "4" : 75.020901,
        "10" : 2.290104,
        "20" : 0.268359,
        "50" : 0.019045,
        "100" : 0.167044,
        "250" : 0.029271,
        "500" : 0.010000,
        "750" : 0.010000,
        "1000" : 0.010000
      },
      "latency_ms" : {
        "2" : 0.010000,
        "4" : 0.010000,
        "10" : 0.010000,
        "20" : 0.000000,
        "50" : 0.000000,
        "100" : 0.010000,
        "250" : 0.000000,
        "500" : 0.000000,
        "750" : 0.000000,
        "1000" : 0.000000,
        "2000" : 0.000000,
        ">=2000" : 0.000000
      },
      "latency_depth" : 1,
      "latency_target" : 0,
      "latency_percentile" : 100.000000,
      "latency_window" : 0
    }
  ],
  "disk_util" : [
    {
      "name" : "sda",
      "read_ios" : 191245,
      "write_ios" : 59651,
      "read_sectors" : 1533224,
      "write_sectors" : 2162192,
      "read_merges" : 285,
      "write_merges" : 2137,
      "read_ticks" : 168109,
      "write_ticks" : 8179502,
      "in_queue" : 8347617,
      "util" : 2.607983
    }
  ]
}
