{
  "fio version" : "fio-3.40",
  "timestamp" : 1765211179,
  "timestamp_ms" : 1765211179401,
  "time" : "Mon Dec  8 17:26:19 2025",
  "global options" : {
    "group_reporting" : "",
    "ioengine" : "mmap",
    "size" : "768m",
    "thread" : "1",
    "directory" : "/tmp",
    "time_based" : "",
    "runtime" : "180",
    "norandommap" : "1",
    "filename" : "/tmp/fio_readwrite",
    "share_mmap" : "1",
    "repl" : "1"
  },
  "jobs" : [
    {
      "jobname" : "writers",
      "groupid" : 0,
      "job_start" : 1765210999146,
      "error" : 0,
      "eta" : 0,
      "elapsed" : 181,
      "job options" : {
        "rw" : "randread",
        "random_distribution" : "random",
        "numjobs" : "51"
      },
      "read" : {
        "io_bytes" : 12300653854720,
        "io_kbytes" : 12012357280,
        "bw_bytes" : 68335826929,
        "bw" : 66734205,
        "iops" : 16683551.496364,
        "runtime" : 180003,
        "total_ios" : 3003089320,
        "short_ios" : 0,
        "drop_ios" : 0,
        "slat_ns" : {
          "min" : 0,
          "max" : 0,
          "mean" : 0.000000,
          "stddev" : 0.000000,
          "N" : 0
        },
        "clat_ns" : {
          "min" : 98,
          "max" : 56029006,
          "mean" : 2434.414334,
          "stddev" : 11780.625727,
          "N" : 3003089320,
          "percentile" : {
            "1.000000" : 1048,
            "5.000000" : 1400,
            "10.000000" : 1592,
            "20.000000" : 1832,
            "30.000000" : 2008,
            "40.000000" : 2160,
            "50.000000" : 2288,
            "60.000000" : 2448,
            "70.000000" : 2608,
            "80.000000" : 2800,
            "90.000000" : 3152,
            "95.000000" : 3472,
            "99.000000" : 4384,
            "99.500000" : 4832,
            "99.900000" : 16320,
            "99.950000" : 18048,
            "99.990000" : 24704
          }
        },
        "lat_ns" : {
          "min" : 126,
          "max" : 56029041,
          "mean" : 2490.700425,
          "stddev" : 11873.913112,
          "N" : 3003089320
        },
        "bw_min" : 118176,
        "bw_max" : 80482761,
        "bw_agg" : 100.000000,
        "bw_mean" : 67924487.210227,
        "bw_dev" : 193657.039320,
        "bw_samples" : 17952,
        "iops_min" : 29544,
        "iops_max" : 20120678,
        "iops_mean" : 16981111.698864,
        "iops_stddev" : 48414.234555,
        "iops_samples" : 17952
      },
      "write" : {
        "io_bytes" : 2879068303360,
        "io_kbytes" : 2811590140,
        "bw_bytes" : 15994646189,
        "bw" : 15619771,
        "iops" : 3904942.917301,
        "runtime" : 180002,
        "total_ios" : 702897535,
        "short_ios" : 0,
        "drop_ios" : 0,
        "slat_ns" : {
          "min" : 0,
          "max" : 0,
          "mean" : 0.000000,
          "stddev" : 0.000000,
          "N" : 0
        },
        "clat_ns" : {
          "min" : 97,
          "max" : 72034929,
          "mean" : 2545.219204,
          "stddev" : 20222.940765,
          "N" : 702897535,
          "percentile" : {
            "1.000000" : 1032,
            "5.000000" : 1368,
            "10.000000" : 1560,
            "20.000000" : 1784,
            "30.000000" : 1960,
            "40.000000" : 2128,
            "50.000000" : 2256,
            "60.000000" : 2416,
            "70.000000" : 2576,
            "80.000000" : 2800,
            "90.000000" : 3120,
            "95.000000" : 3440,
            "99.000000" : 4576,
            "99.500000" : 10688,
            "99.900000" : 23936,
            "99.950000" : 59648,
            "99.990000" : 122368
          }
        },
        "lat_ns" : {
          "min" : 135,
          "max" : 72034980,
          "mean" : 2630.028210,
          "stddev" : 20455.601767,
          "N" : 702897535
        },
        "bw_min" : 29864,
        "bw_max" : 21692903,
        "bw_agg" : 100.000000,
        "bw_mean" : 15898685.965909,
        "bw_dev" : 203688.920729,
        "bw_samples" : 4576,
        "iops_min" : 7466,
        "iops_max" : 5423226,
        "iops_mean" : 3974669.269886,
        "iops_stddev" : 50922.211760,
        "iops_samples" : 4576
      },
      "trim" : {
        "io_bytes" : 0,
        "io_kbytes" : 0,
        "bw_bytes" : 0,
        "bw" : 0,
        "iops" : 0.000000,
        "runtime" : 0,
        "total_ios" : 0,
        "short_ios" : 0,
        "drop_ios" : 0,
        "slat_ns" : {
          "min" : 0,
          "max" : 0,
          "mean" : 0.000000,
          "stddev" : 0.000000,
          "N" : 0
        },
        "clat_ns" : {
          "min" : 0,
          "max" : 0,
          "mean" : 0.000000,
          "stddev" : 0.000000,
          "N" : 0
        },
        "lat_ns" : {
          "min" : 0,
          "max" : 0,
          "mean" : 0.000000,
          "stddev" : 0.000000,
          "N" : 0
        },
        "bw_min" : 0,
        "bw_max" : 0,
        "bw_agg" : 0.000000,
        "bw_mean" : 0.000000,
        "bw_dev" : 0.000000,
        "bw_samples" : 0,
        "iops_min" : 0,
        "iops_max" : 0,
        "iops_mean" : 0.000000,
        "iops_stddev" : 0.000000,
        "iops_samples" : 0
      },
      "sync" : {
        "total_ios" : 0,
        "lat_ns" : {
          "min" : 0,
          "max" : 0,
          "mean" : 0.000000,
          "stddev" : 0.000000,
          "N" : 0
        }
      },
      "job_runtime" : 11520010,
      "usr_cpu" : 94.945343,
      "sys_cpu" : 0.689183,
      "ctx" : 1255028,
      "majf" : 196604,
      "minf" : 2691229,
      "iodepth_level" : {
        "1" : 100.000000,
        "2" : 0.000000,
        "4" : 0.000000,
        "8" : 0.000000,
        "16" : 0.000000,
        "32" : 0.000000,
        ">=64" : 0.000000
      },
      "iodepth_submit" : {
        "0" : 0.000000,
        "4" : 100.000000,
        "8" : 0.000000,
        "16" : 0.000000,
        "32" : 0.000000,
        "64" : 0.000000,
        ">=64" : 0.000000
      },
      "iodepth_complete" : {
        "0" : 0.000000,
        "4" : 100.000000,
        "8" : 0.000000,
        "16" : 0.000000,
        "32" : 0.000000,
        "64" : 0.000000,
        ">=64" : 0.000000
      },
      "latency_ns" : {
        "2" : 0.000000,
        "4" : 0.000000,
        "10" : 0.000000,
        "20" : 0.000000,
        "50" : 0.000000,
        "100" : 0.010000,
        "250" : 0.039719,
        "500" : 0.034476,
        "750" : 0.129383,
        "1000" : 0.607347
      },
      "latency_us" : {
        "2" : 29.589449,
        "4" : 67.699905,
        "10" : 1.621649,
        "20" : 0.238615,
        "50" : 0.021418,
        "100" : 0.010546,
        "250" : 0.010000,
        "500" : 0.010000,
        "750" : 0.010000,
        "1000" : 0.010000
      },
      "latency_ms" : {
        "2" : 0.010000,
        "4" : 0.010000,
        "10" : 0.010000,
        "20" : 0.010000,
        "50" : 0.010000,
        "100" : 0.010000,
        "250" : 0.000000,
        "500" : 0.000000,
        "750" : 0.000000,
        "1000" : 0.000000,
        "2000" : 0.000000,
        ">=2000" : 0.000000
      },
      "latency_depth" : 1,
      "latency_target" : 0,
      "latency_percentile" : 100.000000,
      "latency_window" : 0
    }
  ],
  "disk_util" : [
    {
      "name" : "sda",
      "read_ios" : 196602,
      "write_ios" : 224652,
      "read_sectors" : 1575992,
      "write_sectors" : 21706688,
      "read_merges" : 336,
      "write_merges" : 18074,
      "read_ticks" : 184622,
      "write_ticks" : 9344318,
      "in_queue" : 9528948,
      "util" : 14.157477
    }
  ]
}
