{
  "fio version" : "fio-3.40",
  "timestamp" : 1771995716,
  "timestamp_ms" : 1771995716221,
  "time" : "Wed Feb 25 06:01:56 2026",
  "global options" : {
    "group_reporting" : "",
    "ioengine" : "mmap",
    "size" : "768m",
    "thread" : "1",
    "directory" : "/tmp",
    "time_based" : "",
    "runtime" : "180",
    "norandommap" : "1",
    "filename" : "/tmp/fio_readwrite",
    "share_mmap" : "1",
    "repl" : "1"
  },
  "jobs" : [
    {
      "jobname" : "writers",
      "groupid" : 0,
      "job_start" : 1771995536115,
      "error" : 0,
      "eta" : 0,
      "elapsed" : 181,
      "job options" : {
        "rw" : "randread",
        "random_distribution" : "random",
        "numjobs" : "32"
      },
      "read" : {
        "io_bytes" : 6340196368384,
        "io_kbytes" : 6191598016,
        "bw_bytes" : 35222921791,
        "bw" : 34397384,
        "iops" : 8599346.140598,
        "runtime" : 180002,
        "total_ios" : 1547899504,
        "short_ios" : 0,
        "drop_ios" : 0,
        "slat_ns" : {
          "min" : 0,
          "max" : 0,
          "mean" : 0.000000,
          "stddev" : 0.000000,
          "N" : 0
        },
        "clat_ns" : {
          "min" : 124,
          "max" : 78597501,
          "mean" : 2836.848397,
          "stddev" : 14852.001112,
          "N" : 1547899504,
          "percentile" : {
            "1.000000" : 948,
            "5.000000" : 1400,
            "10.000000" : 1688,
            "20.000000" : 2024,
            "30.000000" : 2256,
            "40.000000" : 2480,
            "50.000000" : 2704,
            "60.000000" : 2896,
            "70.000000" : 3120,
            "80.000000" : 3408,
            "90.000000" : 3824,
            "95.000000" : 4192,
            "99.000000" : 5088,
            "99.500000" : 5536,
            "99.900000" : 7008,
            "99.950000" : 16768,
            "99.990000" : 42752
          }
        },
        "lat_ns" : {
          "min" : 158,
          "max" : 78597539,
          "mean" : 2927.145476,
          "stddev" : 15011.753164,
          "N" : 1547899504
        },
        "bw_min" : 124894,
        "bw_max" : 41548761,
        "bw_agg" : 100.000000,
        "bw_mean" : 34715887.008451,
        "bw_dev" : 166489.979484,
        "bw_samples" : 11360,
        "iops_min" : 31222,
        "iops_max" : 10387178,
        "iops_mean" : 8678963.538028,
        "iops_stddev" : 41622.468780,
        "iops_samples" : 11360
      },
      "write" : {
        "io_bytes" : 6225548464128,
        "io_kbytes" : 6079637172,
        "bw_bytes" : 34585611787,
        "bw" : 33775011,
        "iops" : 8443752.877714,
        "runtime" : 180004,
        "total_ios" : 1519909293,
        "short_ios" : 0,
        "drop_ios" : 0,
        "slat_ns" : {
          "min" : 0,
          "max" : 0,
          "mean" : 0.000000,
          "stddev" : 0.000000,
          "N" : 0
        },
        "clat_ns" : {
          "min" : 122,
          "max" : 78463825,
          "mean" : 2804.289657,
          "stddev" : 14907.459325,
          "N" : 1519909293,
          "percentile" : {
            "1.000000" : 956,
            "5.000000" : 1368,
            "10.000000" : 1624,
            "20.000000" : 1944,
            "30.000000" : 2160,
            "40.000000" : 2384,
            "50.000000" : 2576,
            "60.000000" : 2800,
            "70.000000" : 3024,
            "80.000000" : 3280,
            "90.000000" : 3696,
            "95.000000" : 4048,
            "99.000000" : 5024,
            "99.500000" : 5536,
            "99.900000" : 25472,
            "99.950000" : 69120,
            "99.990000" : 166912
          }
        },
        "lat_ns" : {
          "min" : 172,
          "max" : 78464395,
          "mean" : 2923.763706,
          "stddev" : 15210.831980,
          "N" : 1519909293
        },
        "bw_min" : 123375,
        "bw_max" : 42068040,
        "bw_agg" : 100.000000,
        "bw_mean" : 34090009.459155,
        "bw_dev" : 159469.016185,
        "bw_samples" : 11360,
        "iops_min" : 30843,
        "iops_max" : 10517003,
        "iops_mean" : 8522495.109859,
        "iops_stddev" : 39867.245573,
        "iops_samples" : 11360
      },
      "trim" : {
        "io_bytes" : 0,
        "io_kbytes" : 0,
        "bw_bytes" : 0,
        "bw" : 0,
        "iops" : 0.000000,
        "runtime" : 0,
        "total_ios" : 0,
        "short_ios" : 0,
        "drop_ios" : 0,
        "slat_ns" : {
          "min" : 0,
          "max" : 0,
          "mean" : 0.000000,
          "stddev" : 0.000000,
          "N" : 0
        },
        "clat_ns" : {
          "min" : 0,
          "max" : 0,
          "mean" : 0.000000,
          "stddev" : 0.000000,
          "N" : 0
        },
        "lat_ns" : {
          "min" : 0,
          "max" : 0,
          "mean" : 0.000000,
          "stddev" : 0.000000,
          "N" : 0
        },
        "bw_min" : 0,
        "bw_max" : 0,
        "bw_agg" : 0.000000,
        "bw_mean" : 0.000000,
        "bw_dev" : 0.000000,
        "bw_samples" : 0,
        "iops_min" : 0,
        "iops_max" : 0,
        "iops_mean" : 0.000000,
        "iops_stddev" : 0.000000,
        "iops_samples" : 0
      },
      "sync" : {
        "total_ios" : 0,
        "lat_ns" : {
          "min" : 0,
          "max" : 0,
          "mean" : 0.000000,
          "stddev" : 0.000000,
          "N" : 0
        }
      },
      "job_runtime" : 11520017,
      "usr_cpu" : 95.363184,
      "sys_cpu" : 1.126231,
      "ctx" : 688489,
      "majf" : 196624,
      "minf" : 2496120,
      "iodepth_level" : {
        "1" : 100.000000,
        "2" : 0.000000,
        "4" : 0.000000,
        "8" : 0.000000,
        "16" : 0.000000,
        "32" : 0.000000,
        ">=64" : 0.000000
      },
      "iodepth_submit" : {
        "0" : 0.000000,
        "4" : 100.000000,
        "8" : 0.000000,
        "16" : 0.000000,
        "32" : 0.000000,
        "64" : 0.000000,
        ">=64" : 0.000000
      },
      "iodepth_complete" : {
        "0" : 0.000000,
        "4" : 100.000000,
        "8" : 0.000000,
        "16" : 0.000000,
        "32" : 0.000000,
        "64" : 0.000000,
        ">=64" : 0.000000
      },
      "latency_ns" : {
        "2" : 0.000000,
        "4" : 0.000000,
        "10" : 0.000000,
        "20" : 0.000000,
        "50" : 0.000000,
        "100" : 0.000000,
        "250" : 0.025204,
        "500" : 0.037648,
        "750" : 0.234875,
        "1000" : 0.972387
      },
      "latency_us" : {
        "2" : 19.526421,
        "4" : 72.869462,
        "10" : 6.177402,
        "20" : 0.072708,
        "50" : 0.045674,
        "100" : 0.025232,
        "250" : 0.010000,
        "500" : 0.010000,
        "750" : 0.010000,
        "1000" : 0.010000
      },
      "latency_ms" : {
        "2" : 0.010000,
        "4" : 0.010000,
        "10" : 0.010000,
        "20" : 0.010000,
        "50" : 0.010000,
        "100" : 0.010000,
        "250" : 0.000000,
        "500" : 0.000000,
        "750" : 0.000000,
        "1000" : 0.000000,
        "2000" : 0.000000,
        ">=2000" : 0.000000
      },
      "latency_depth" : 1,
      "latency_target" : 0,
      "latency_percentile" : 100.000000,
      "latency_window" : 0
    }
  ],
  "disk_util" : [
    {
      "name" : "sda",
      "read_ios" : 196576,
      "write_ios" : 79249,
      "read_sectors" : 1574168,
      "write_sectors" : 20015832,
      "read_merges" : 195,
      "write_merges" : 2394,
      "read_ticks" : 153477,
      "write_ticks" : 43998546,
      "in_queue" : 44152035,
      "util" : 12.184947
    }
  ]
}
