{
  "fio version" : "fio-3.40",
  "timestamp" : 1771891753,
  "timestamp_ms" : 1771891753803,
  "time" : "Tue Feb 24 01:09:13 2026",
  "global options" : {
    "group_reporting" : "",
    "ioengine" : "mmap",
    "size" : "768m",
    "thread" : "1",
    "directory" : "/tmp",
    "time_based" : "",
    "runtime" : "180",
    "norandommap" : "1",
    "filename" : "/tmp/fio_readwrite",
    "share_mmap" : "1",
    "repl" : "1"
  },
  "jobs" : [
    {
      "jobname" : "writers",
      "groupid" : 0,
      "job_start" : 1771891573703,
      "error" : 0,
      "eta" : 0,
      "elapsed" : 181,
      "job options" : {
        "rw" : "randread",
        "random_distribution" : "random",
        "numjobs" : "6"
      },
      "read" : {
        "io_bytes" : 96094494720,
        "io_kbytes" : 93842280,
        "bw_bytes" : 533855338,
        "bw" : 521343,
        "iops" : 130335.775912,
        "runtime" : 180001,
        "total_ios" : 23460570,
        "short_ios" : 0,
        "drop_ios" : 0,
        "slat_ns" : {
          "min" : 0,
          "max" : 0,
          "mean" : 0.000000,
          "stddev" : 0.000000,
          "N" : 0
        },
        "clat_ns" : {
          "min" : 132,
          "max" : 24225130,
          "mean" : 45036.852460,
          "stddev" : 88492.939191,
          "N" : 23460570,
          "percentile" : {
            "1.000000" : 502,
            "5.000000" : 572,
            "10.000000" : 620,
            "20.000000" : 708,
            "30.000000" : 820,
            "40.000000" : 956,
            "50.000000" : 1432,
            "60.000000" : 69120,
            "70.000000" : 82432,
            "80.000000" : 92672,
            "90.000000" : 109056,
            "95.000000" : 134144,
            "99.000000" : 244736,
            "99.500000" : 280576,
            "99.900000" : 444416,
            "99.950000" : 774144,
            "99.990000" : 4079616
          }
        },
        "lat_ns" : {
          "min" : 171,
          "max" : 24225174,
          "mean" : 45119.850163,
          "stddev" : 88535.374049,
          "N" : 23460570
        },
        "bw_min" : 57425,
        "bw_max" : 978307,
        "bw_agg" : 100.000000,
        "bw_mean" : 523841.170237,
        "bw_dev" : 41472.657638,
        "bw_samples" : 2143,
        "iops_min" : 14356,
        "iops_max" : 244575,
        "iops_mean" : 130958.846533,
        "iops_stddev" : 10368.148215,
        "iops_samples" : 2143
      },
      "write" : {
        "io_bytes" : 655070326784,
        "io_kbytes" : 639717116,
        "bw_bytes" : 3639239157,
        "bw" : 3553944,
        "iops" : 888486.122376,
        "runtime" : 180002,
        "total_ios" : 159929279,
        "short_ios" : 0,
        "drop_ios" : 0,
        "slat_ns" : {
          "min" : 0,
          "max" : 0,
          "mean" : 0.000000,
          "stddev" : 0.000000,
          "N" : 0
        },
        "clat_ns" : {
          "min" : 131,
          "max" : 72963008,
          "mean" : 64233.946410,
          "stddev" : 109846.998852,
          "N" : 159929279,
          "percentile" : {
            "1.000000" : 524,
            "5.000000" : 596,
            "10.000000" : 636,
            "20.000000" : 716,
            "30.000000" : 812,
            "40.000000" : 916,
            "50.000000" : 1096,
            "60.000000" : 3216,
            "70.000000" : 136192,
            "80.000000" : 166912,
            "90.000000" : 187392,
            "95.000000" : 214016,
            "99.000000" : 317440,
            "99.500000" : 358400,
            "99.900000" : 602112,
            "99.950000" : 921600,
            "99.990000" : 3391488
          }
        },
        "lat_ns" : {
          "min" : 183,
          "max" : 72963072,
          "mean" : 64363.685019,
          "stddev" : 109872.935943,
          "N" : 159929279
        },
        "bw_min" : 380929,
        "bw_max" : 6167516,
        "bw_agg" : 100.000000,
        "bw_mean" : 3571587.307465,
        "bw_dev" : 21226.017635,
        "bw_samples" : 20746,
        "iops_min" : 95230,
        "iops_max" : 1541865,
        "iops_mean" : 892883.163219,
        "iops_stddev" : 5306.496470,
        "iops_samples" : 20746
      },
      "trim" : {
        "io_bytes" : 0,
        "io_kbytes" : 0,
        "bw_bytes" : 0,
        "bw" : 0,
        "iops" : 0.000000,
        "runtime" : 0,
        "total_ios" : 0,
        "short_ios" : 0,
        "drop_ios" : 0,
        "slat_ns" : {
          "min" : 0,
          "max" : 0,
          "mean" : 0.000000,
          "stddev" : 0.000000,
          "N" : 0
        },
        "clat_ns" : {
          "min" : 0,
          "max" : 0,
          "mean" : 0.000000,
          "stddev" : 0.000000,
          "N" : 0
        },
        "lat_ns" : {
          "min" : 0,
          "max" : 0,
          "mean" : 0.000000,
          "stddev" : 0.000000,
          "N" : 0
        },
        "bw_min" : 0,
        "bw_max" : 0,
        "bw_agg" : 0.000000,
        "bw_mean" : 0.000000,
        "bw_dev" : 0.000000,
        "bw_samples" : 0,
        "iops_min" : 0,
        "iops_max" : 0,
        "iops_mean" : 0.000000,
        "iops_stddev" : 0.000000,
        "iops_samples" : 0
      },
      "sync" : {
        "total_ios" : 0,
        "lat_ns" : {
          "min" : 0,
          "max" : 0,
          "mean" : 0.000000,
          "stddev" : 0.000000,
          "N" : 0
        }
      },
      "job_runtime" : 11520008,
      "usr_cpu" : 3.990553,
      "sys_cpu" : 93.327479,
      "ctx" : 655605,
      "majf" : 196627,
      "minf" : 66882099,
      "iodepth_level" : {
        "1" : 100.000000,
        "2" : 0.000000,
        "4" : 0.000000,
        "8" : 0.000000,
        "16" : 0.000000,
        "32" : 0.000000,
        ">=64" : 0.000000
      },
      "iodepth_submit" : {
        "0" : 0.000000,
        "4" : 100.000000,
        "8" : 0.000000,
        "16" : 0.000000,
        "32" : 0.000000,
        "64" : 0.000000,
        ">=64" : 0.000000
      },
      "iodepth_complete" : {
        "0" : 0.000000,
        "4" : 100.000000,
        "8" : 0.000000,
        "16" : 0.000000,
        "32" : 0.000000,
        "64" : 0.000000,
        ">=64" : 0.000000
      },
      "latency_ns" : {
        "2" : 0.000000,
        "4" : 0.000000,
        "10" : 0.000000,
        "20" : 0.000000,
        "50" : 0.000000,
        "100" : 0.000000,
        "250" : 0.015017,
        "500" : 0.544422,
        "750" : 23.293919,
        "1000" : 21.195830
      },
      "latency_us" : {
        "2" : 11.092193,
        "4" : 4.679618,
        "10" : 2.590745,
        "20" : 0.040210,
        "50" : 0.047325,
        "100" : 7.155096,
        "250" : 26.794914,
        "500" : 2.418409,
        "750" : 0.062091,
        "1000" : 0.028726
      },
      "latency_ms" : {
        "2" : 0.021796,
        "4" : 0.010996,
        "10" : 0.010000,
        "20" : 0.010000,
        "50" : 0.010000,
        "100" : 0.010000,
        "250" : 0.000000,
        "500" : 0.000000,
        "750" : 0.000000,
        "1000" : 0.000000,
        "2000" : 0.000000,
        ">=2000" : 0.000000
      },
      "latency_depth" : 1,
      "latency_target" : 0,
      "latency_percentile" : 100.000000,
      "latency_window" : 0
    }
  ],
  "disk_util" : [
    {
      "name" : "sda",
      "read_ios" : 196712,
      "write_ios" : 159696,
      "read_sectors" : 1578944,
      "write_sectors" : 51448744,
      "read_merges" : 322,
      "write_merges" : 878,
      "read_ticks" : 171812,
      "write_ticks" : 7754049,
      "in_queue" : 7925869,
      "util" : 32.694235
    }
  ]
}
