{
  "fio version" : "fio-3.40",
  "timestamp" : 1769465261,
  "timestamp_ms" : 1769465261135,
  "time" : "Mon Jan 26 23:07:41 2026",
  "global options" : {
    "group_reporting" : "",
    "ioengine" : "mmap",
    "size" : "768m",
    "thread" : "1",
    "directory" : "/tmp",
    "time_based" : "",
    "runtime" : "180",
    "norandommap" : "1",
    "filename" : "/tmp/fio_readwrite",
    "share_mmap" : "1",
    "repl" : "1"
  },
  "jobs" : [
    {
      "jobname" : "writers",
      "groupid" : 0,
      "job_start" : 1769465080932,
      "error" : 0,
      "eta" : 0,
      "elapsed" : 181,
      "job options" : {
        "rw" : "randread",
        "random_distribution" : "random",
        "numjobs" : "26"
      },
      "read" : {
        "io_bytes" : 4585793007616,
        "io_kbytes" : 4478313484,
        "bw_bytes" : 25476203216,
        "bw" : 24879104,
        "iops" : 6219776.175953,
        "runtime" : 180003,
        "total_ios" : 1119578371,
        "short_ios" : 0,
        "drop_ios" : 0,
        "slat_ns" : {
          "min" : 0,
          "max" : 0,
          "mean" : 0.000000,
          "stddev" : 0.000000,
          "N" : 0
        },
        "clat_ns" : {
          "min" : 99,
          "max" : 28043903,
          "mean" : 3245.327001,
          "stddev" : 9260.630400,
          "N" : 1119578371,
          "percentile" : {
            "1.000000" : 884,
            "5.000000" : 1608,
            "10.000000" : 1928,
            "20.000000" : 2288,
            "30.000000" : 2544,
            "40.000000" : 2768,
            "50.000000" : 2992,
            "60.000000" : 3184,
            "70.000000" : 3408,
            "80.000000" : 3696,
            "90.000000" : 4128,
            "95.000000" : 4512,
            "99.000000" : 5536,
            "99.500000" : 6752,
            "99.900000" : 83456,
            "99.950000" : 97792,
            "99.990000" : 189440
          }
        },
        "lat_ns" : {
          "min" : 126,
          "max" : 28043944,
          "mean" : 3328.645603,
          "stddev" : 9287.920211,
          "N" : 1119578371
        },
        "bw_min" : 106784,
        "bw_max" : 31375141,
        "bw_agg" : 100.000000,
        "bw_mean" : 25201522.234296,
        "bw_dev" : 191399.621553,
        "bw_samples" : 9223,
        "iops_min" : 26696,
        "iops_max" : 7843789,
        "iops_mean" : 6300376.262274,
        "iops_stddev" : 47849.881293,
        "iops_samples" : 9223
      },
      "write" : {
        "io_bytes" : 6890786058240,
        "io_kbytes" : 6729283260,
        "bw_bytes" : 38281506742,
        "bw" : 37384283,
        "iops" : 9346070.982150,
        "runtime" : 180003,
        "total_ios" : 1682320815,
        "short_ios" : 0,
        "drop_ios" : 0,
        "slat_ns" : {
          "min" : 0,
          "max" : 0,
          "mean" : 0.000000,
          "stddev" : 0.000000,
          "N" : 0
        },
        "clat_ns" : {
          "min" : 99,
          "max" : 28042798,
          "mean" : 3137.401474,
          "stddev" : 8973.073663,
          "N" : 1682320815,
          "percentile" : {
            "1.000000" : 1112,
            "5.000000" : 1560,
            "10.000000" : 1832,
            "20.000000" : 2160,
            "30.000000" : 2416,
            "40.000000" : 2640,
            "50.000000" : 2864,
            "60.000000" : 3056,
            "70.000000" : 3280,
            "80.000000" : 3568,
            "90.000000" : 3952,
            "95.000000" : 4320,
            "99.000000" : 5152,
            "99.500000" : 6176,
            "99.900000" : 87552,
            "99.950000" : 140288,
            "99.990000" : 214016
          }
        },
        "lat_ns" : {
          "min" : 138,
          "max" : 28042855,
          "mean" : 3236.994658,
          "stddev" : 9003.644657,
          "N" : 1682320815
        },
        "bw_min" : 180504,
        "bw_max" : 41863476,
        "bw_agg" : 100.000000,
        "bw_mean" : 37875290.943065,
        "bw_dev" : 236024.216235,
        "bw_samples" : 13477,
        "iops_min" : 45126,
        "iops_max" : 10465862,
        "iops_mean" : 9468816.682908,
        "iops_stddev" : 59006.024214,
        "iops_samples" : 13477
      },
      "trim" : {
        "io_bytes" : 0,
        "io_kbytes" : 0,
        "bw_bytes" : 0,
        "bw" : 0,
        "iops" : 0.000000,
        "runtime" : 0,
        "total_ios" : 0,
        "short_ios" : 0,
        "drop_ios" : 0,
        "slat_ns" : {
          "min" : 0,
          "max" : 0,
          "mean" : 0.000000,
          "stddev" : 0.000000,
          "N" : 0
        },
        "clat_ns" : {
          "min" : 0,
          "max" : 0,
          "mean" : 0.000000,
          "stddev" : 0.000000,
          "N" : 0
        },
        "lat_ns" : {
          "min" : 0,
          "max" : 0,
          "mean" : 0.000000,
          "stddev" : 0.000000,
          "N" : 0
        },
        "bw_min" : 0,
        "bw_max" : 0,
        "bw_agg" : 0.000000,
        "bw_mean" : 0.000000,
        "bw_dev" : 0.000000,
        "bw_samples" : 0,
        "iops_min" : 0,
        "iops_max" : 0,
        "iops_mean" : 0.000000,
        "iops_stddev" : 0.000000,
        "iops_samples" : 0
      },
      "sync" : {
        "total_ios" : 0,
        "lat_ns" : {
          "min" : 0,
          "max" : 0,
          "mean" : 0.000000,
          "stddev" : 0.000000,
          "N" : 0
        }
      },
      "job_runtime" : 11520061,
      "usr_cpu" : 93.028639,
      "sys_cpu" : 5.132508,
      "ctx" : 512133,
      "majf" : 161840,
      "minf" : 5351186,
      "iodepth_level" : {
        "1" : 100.000000,
        "2" : 0.000000,
        "4" : 0.000000,
        "8" : 0.000000,
        "16" : 0.000000,
        "32" : 0.000000,
        ">=64" : 0.000000
      },
      "iodepth_submit" : {
        "0" : 0.000000,
        "4" : 100.000000,
        "8" : 0.000000,
        "16" : 0.000000,
        "32" : 0.000000,
        "64" : 0.000000,
        ">=64" : 0.000000
      },
      "iodepth_complete" : {
        "0" : 0.000000,
        "4" : 100.000000,
        "8" : 0.000000,
        "16" : 0.000000,
        "32" : 0.000000,
        "64" : 0.000000,
        ">=64" : 0.000000
      },
      "latency_ns" : {
        "2" : 0.000000,
        "4" : 0.000000,
        "10" : 0.000000,
        "20" : 0.000000,
        "50" : 0.000000,
        "100" : 0.010000,
        "250" : 0.037094,
        "500" : 0.044785,
        "750" : 0.253817,
        "1000" : 0.571976
      },
      "latency_us" : {
        "2" : 12.406466,
        "4" : 76.178817,
        "10" : 10.109658,
        "20" : 0.177776,
        "50" : 0.028485,
        "100" : 0.127840,
        "250" : 0.056414,
        "500" : 0.010000,
        "750" : 0.010000,
        "1000" : 0.010000
      },
      "latency_ms" : {
        "2" : 0.010000,
        "4" : 0.010000,
        "10" : 0.010000,
        "20" : 0.010000,
        "50" : 0.010000,
        "100" : 0.000000,
        "250" : 0.000000,
        "500" : 0.000000,
        "750" : 0.000000,
        "1000" : 0.000000,
        "2000" : 0.000000,
        ">=2000" : 0.000000
      },
      "latency_depth" : 1,
      "latency_target" : 0,
      "latency_percentile" : 100.000000,
      "latency_window" : 0
    }
  ],
  "disk_util" : [
    {
      "name" : "sda",
      "read_ios" : 161874,
      "write_ios" : 92012,
      "read_sectors" : 1298152,
      "write_sectors" : 3432904,
      "read_merges" : 272,
      "write_merges" : 3769,
      "read_ticks" : 101450,
      "write_ticks" : 4043132,
      "in_queue" : 4144589,
      "util" : 3.774719
    }
  ]
}
