{
  "fio version" : "fio-3.40",
  "timestamp" : 1764233044,
  "timestamp_ms" : 1764233044517,
  "time" : "Thu Nov 27 09:44:04 2025",
  "global options" : {
    "group_reporting" : "",
    "ioengine" : "mmap",
    "size" : "768m",
    "thread" : "1",
    "directory" : "/tmp",
    "time_based" : "",
    "runtime" : "120",
    "filename" : "/tmp/fio_readwrite",
    "share_mmap" : "1",
    "repl" : "1"
  },
  "jobs" : [
    {
      "jobname" : "writers",
      "groupid" : 0,
      "job_start" : 1764232924286,
      "error" : 0,
      "eta" : 0,
      "elapsed" : 121,
      "job options" : {
        "rw" : "randread",
        "random_distribution" : "zipf",
        "numjobs" : "58"
      },
      "read" : {
        "io_bytes" : 17889809022976,
        "io_kbytes" : 17470516624,
        "bw_bytes" : 149079257203,
        "bw" : 145585212,
        "iops" : 36396303.028283,
        "runtime" : 120002,
        "total_ios" : 4367629156,
        "short_ios" : 0,
        "drop_ios" : 0,
        "slat_ns" : {
          "min" : 0,
          "max" : 0,
          "mean" : 0.000000,
          "stddev" : 0.000000,
          "N" : 0
        },
        "clat_ns" : {
          "min" : 94,
          "max" : 8160763,
          "mean" : 809.798298,
          "stddev" : 6517.490025,
          "N" : 4367629156,
          "percentile" : {
            "1.000000" : 124,
            "5.000000" : 153,
            "10.000000" : 171,
            "20.000000" : 205,
            "30.000000" : 233,
            "40.000000" : 306,
            "50.000000" : 454,
            "60.000000" : 580,
            "70.000000" : 684,
            "80.000000" : 836,
            "90.000000" : 1112,
            "95.000000" : 2160,
            "99.000000" : 3568,
            "99.500000" : 4128,
            "99.900000" : 55552,
            "99.950000" : 60160,
            "99.990000" : 78336
          }
        },
        "lat_ns" : {
          "min" : 120,
          "max" : 8160795,
          "mean" : 887.813470,
          "stddev" : 6546.299899,
          "N" : 4367629156
        },
        "bw_min" : 313304,
        "bw_max" : 164151976,
        "bw_agg" : 100.000000,
        "bw_mean" : 146993177.848101,
        "bw_dev" : 398695.150716,
        "bw_samples" : 13746,
        "iops_min" : 78310,
        "iops_max" : 41037990,
        "iops_mean" : 36748285.379747,
        "iops_stddev" : 99673.765273,
        "iops_samples" : 13746
      },
      "write" : {
        "io_bytes" : 125903224832,
        "io_kbytes" : 122952368,
        "bw_bytes" : 1049184797,
        "bw" : 1024594,
        "iops" : 256148.632095,
        "runtime" : 120001,
        "total_ios" : 30738092,
        "short_ios" : 0,
        "drop_ios" : 0,
        "slat_ns" : {
          "min" : 0,
          "max" : 0,
          "mean" : 0.000000,
          "stddev" : 0.000000,
          "N" : 0
        },
        "clat_ns" : {
          "min" : 96,
          "max" : 8118965,
          "mean" : 22273.004238,
          "stddev" : 38358.213388,
          "N" : 30738092,
          "percentile" : {
            "1.000000" : 151,
            "5.000000" : 199,
            "10.000000" : 225,
            "20.000000" : 326,
            "30.000000" : 556,
            "40.000000" : 732,
            "50.000000" : 988,
            "60.000000" : 37120,
            "70.000000" : 46336,
            "80.000000" : 50432,
            "90.000000" : 55040,
            "95.000000" : 59648,
            "99.000000" : 91648,
            "99.500000" : 102912,
            "99.900000" : 329728,
            "99.950000" : 708608,
            "99.990000" : 1204224
          }
        },
        "lat_ns" : {
          "min" : 135,
          "max" : 8119025,
          "mean" : 22383.877302,
          "stddev" : 38367.235640,
          "N" : 30738092
        },
        "bw_min" : 31272,
        "bw_max" : 1172059,
        "bw_agg" : 100.000000,
        "bw_mean" : 1034508.805907,
        "bw_dev" : 22481.929562,
        "bw_samples" : 1422,
        "iops_min" : 7816,
        "iops_max" : 293014,
        "iops_mean" : 258626.544304,
        "iops_stddev" : 5620.477683,
        "iops_samples" : 1422
      },
      "trim" : {
        "io_bytes" : 0,
        "io_kbytes" : 0,
        "bw_bytes" : 0,
        "bw" : 0,
        "iops" : 0.000000,
        "runtime" : 0,
        "total_ios" : 0,
        "short_ios" : 0,
        "drop_ios" : 0,
        "slat_ns" : {
          "min" : 0,
          "max" : 0,
          "mean" : 0.000000,
          "stddev" : 0.000000,
          "N" : 0
        },
        "clat_ns" : {
          "min" : 0,
          "max" : 0,
          "mean" : 0.000000,
          "stddev" : 0.000000,
          "N" : 0
        },
        "lat_ns" : {
          "min" : 0,
          "max" : 0,
          "mean" : 0.000000,
          "stddev" : 0.000000,
          "N" : 0
        },
        "bw_min" : 0,
        "bw_max" : 0,
        "bw_agg" : 0.000000,
        "bw_mean" : 0.000000,
        "bw_dev" : 0.000000,
        "bw_samples" : 0,
        "iops_min" : 0,
        "iops_max" : 0,
        "iops_mean" : 0.000000,
        "iops_stddev" : 0.000000,
        "iops_samples" : 0
      },
      "sync" : {
        "total_ios" : 0,
        "lat_ns" : {
          "min" : 0,
          "max" : 0,
          "mean" : 0.000000,
          "stddev" : 0.000000,
          "N" : 0
        }
      },
      "job_runtime" : 7680002,
      "usr_cpu" : 79.986320,
      "sys_cpu" : 16.992938,
      "ctx" : 565541,
      "majf" : 196606,
      "minf" : 24846398,
      "iodepth_level" : {
        "1" : 100.000000,
        "2" : 0.000000,
        "4" : 0.000000,
        "8" : 0.000000,
        "16" : 0.000000,
        "32" : 0.000000,
        ">=64" : 0.000000
      },
      "iodepth_submit" : {
        "0" : 0.000000,
        "4" : 100.000000,
        "8" : 0.000000,
        "16" : 0.000000,
        "32" : 0.000000,
        "64" : 0.000000,
        ">=64" : 0.000000
      },
      "iodepth_complete" : {
        "0" : 0.000000,
        "4" : 100.000000,
        "8" : 0.000000,
        "16" : 0.000000,
        "32" : 0.000000,
        "64" : 0.000000,
        ">=64" : 0.000000
      },
      "latency_ns" : {
        "2" : 0.000000,
        "4" : 0.000000,
        "10" : 0.000000,
        "20" : 0.000000,
        "50" : 0.000000,
        "100" : 0.010000,
        "250" : 33.091155,
        "500" : 19.380599,
        "750" : 21.740403,
        "1000" : 12.805571
      },
      "latency_us" : {
        "2" : 7.167935,
        "4" : 4.977610,
        "10" : 0.236977,
        "20" : 0.034676,
        "50" : 0.210877,
        "100" : 0.343483,
        "250" : 0.010000,
        "500" : 0.010000,
        "750" : 0.010000,
        "1000" : 0.010000
      },
      "latency_ms" : {
        "2" : 0.010000,
        "4" : 0.010000,
        "10" : 0.010000,
        "20" : 0.000000,
        "50" : 0.000000,
        "100" : 0.000000,
        "250" : 0.000000,
        "500" : 0.000000,
        "750" : 0.000000,
        "1000" : 0.000000,
        "2000" : 0.000000,
        ">=2000" : 0.000000
      },
      "latency_depth" : 1,
      "latency_target" : 0,
      "latency_percentile" : 100.000000,
      "latency_window" : 0
    }
  ],
  "disk_util" : [
    {
      "name" : "sda",
      "read_ios" : 196662,
      "write_ios" : 258667,
      "read_sectors" : 1578680,
      "write_sectors" : 8119800,
      "read_merges" : 323,
      "write_merges" : 1800,
      "read_ticks" : 144778,
      "write_ticks" : 7057856,
      "in_queue" : 7202639,
      "util" : 4.266853
    }
  ]
}
