{
  "fio version" : "fio-3.40",
  "timestamp" : 1771880355,
  "timestamp_ms" : 1771880355297,
  "time" : "Mon Feb 23 21:59:15 2026",
  "global options" : {
    "group_reporting" : "",
    "ioengine" : "mmap",
    "size" : "768m",
    "thread" : "1",
    "directory" : "/tmp",
    "time_based" : "",
    "runtime" : "180",
    "norandommap" : "1",
    "filename" : "/tmp/fio_readwrite",
    "share_mmap" : "1",
    "repl" : "1"
  },
  "jobs" : [
    {
      "jobname" : "writers",
      "groupid" : 0,
      "job_start" : 1771880175234,
      "error" : 0,
      "eta" : 0,
      "elapsed" : 181,
      "job options" : {
        "rw" : "randread",
        "random_distribution" : "random",
        "numjobs" : "51"
      },
      "read" : {
        "io_bytes" : 10784718827520,
        "io_kbytes" : 10531951980,
        "bw_bytes" : 59914106028,
        "bw" : 58509869,
        "iops" : 14627467.292212,
        "runtime" : 180003,
        "total_ios" : 2632987995,
        "short_ios" : 0,
        "drop_ios" : 0,
        "slat_ns" : {
          "min" : 0,
          "max" : 0,
          "mean" : 0.000000,
          "stddev" : 0.000000,
          "N" : 0
        },
        "clat_ns" : {
          "min" : 125,
          "max" : 112039707,
          "mean" : 2750.392457,
          "stddev" : 9733.844808,
          "N" : 2632987995,
          "percentile" : {
            "1.000000" : 532,
            "5.000000" : 660,
            "10.000000" : 868,
            "20.000000" : 1640,
            "30.000000" : 2128,
            "40.000000" : 2416,
            "50.000000" : 2672,
            "60.000000" : 2928,
            "70.000000" : 3184,
            "80.000000" : 3472,
            "90.000000" : 3856,
            "95.000000" : 4192,
            "99.000000" : 5088,
            "99.500000" : 5664,
            "99.900000" : 61696,
            "99.950000" : 70144,
            "99.990000" : 111104
          }
        },
        "lat_ns" : {
          "min" : 161,
          "max" : 112039753,
          "mean" : 2831.386021,
          "stddev" : 9765.861069,
          "N" : 2632987995
        },
        "bw_min" : 165441,
        "bw_max" : 90445688,
        "bw_agg" : 100.000000,
        "bw_mean" : 59055619.495506,
        "bw_dev" : 261721.314727,
        "bw_samples" : 18155,
        "iops_min" : 41360,
        "iops_max" : 22611413,
        "iops_mean" : 14763890.630013,
        "iops_stddev" : 65430.333208,
        "iops_samples" : 18155
      },
      "write" : {
        "io_bytes" : 2245679763456,
        "io_kbytes" : 2193046644,
        "bw_bytes" : 12475860065,
        "bw" : 12183457,
        "iops" : 3045864.273730,
        "runtime" : 180002,
        "total_ios" : 548261661,
        "short_ios" : 0,
        "drop_ios" : 0,
        "slat_ns" : {
          "min" : 0,
          "max" : 0,
          "mean" : 0.000000,
          "stddev" : 0.000000,
          "N" : 0
        },
        "clat_ns" : {
          "min" : 126,
          "max" : 11398245,
          "mean" : 3409.139946,
          "stddev" : 11356.633645,
          "N" : 548261661,
          "percentile" : {
            "1.000000" : 1240,
            "5.000000" : 1640,
            "10.000000" : 1864,
            "20.000000" : 2160,
            "30.000000" : 2384,
            "40.000000" : 2576,
            "50.000000" : 2768,
            "60.000000" : 2960,
            "70.000000" : 3184,
            "80.000000" : 3440,
            "90.000000" : 3824,
            "95.000000" : 4128,
            "99.000000" : 5664,
            "99.500000" : 62720,
            "99.900000" : 81408,
            "99.950000" : 95744,
            "99.990000" : 183296
          }
        },
        "lat_ns" : {
          "min" : 174,
          "max" : 11398306,
          "mean" : 3513.938395,
          "stddev" : 11374.795476,
          "N" : 548261661
        },
        "bw_min" : 41985,
        "bw_max" : 14732879,
        "bw_agg" : 100.000000,
        "bw_mean" : 12295301.444809,
        "bw_dev" : 358729.619865,
        "bw_samples" : 4627,
        "iops_min" : 10496,
        "iops_max" : 3683218,
        "iops_mean" : 3073823.060199,
        "iops_stddev" : 89682.394532,
        "iops_samples" : 4627
      },
      "trim" : {
        "io_bytes" : 0,
        "io_kbytes" : 0,
        "bw_bytes" : 0,
        "bw" : 0,
        "iops" : 0.000000,
        "runtime" : 0,
        "total_ios" : 0,
        "short_ios" : 0,
        "drop_ios" : 0,
        "slat_ns" : {
          "min" : 0,
          "max" : 0,
          "mean" : 0.000000,
          "stddev" : 0.000000,
          "N" : 0
        },
        "clat_ns" : {
          "min" : 0,
          "max" : 0,
          "mean" : 0.000000,
          "stddev" : 0.000000,
          "N" : 0
        },
        "lat_ns" : {
          "min" : 0,
          "max" : 0,
          "mean" : 0.000000,
          "stddev" : 0.000000,
          "N" : 0
        },
        "bw_min" : 0,
        "bw_max" : 0,
        "bw_agg" : 0.000000,
        "bw_mean" : 0.000000,
        "bw_dev" : 0.000000,
        "bw_samples" : 0,
        "iops_min" : 0,
        "iops_max" : 0,
        "iops_mean" : 0.000000,
        "iops_stddev" : 0.000000,
        "iops_samples" : 0
      },
      "sync" : {
        "total_ios" : 0,
        "lat_ns" : {
          "min" : 0,
          "max" : 0,
          "mean" : 0.000000,
          "stddev" : 0.000000,
          "N" : 0
        }
      },
      "job_runtime" : 11520008,
      "usr_cpu" : 92.456307,
      "sys_cpu" : 4.952635,
      "ctx" : 722923,
      "majf" : 195320,
      "minf" : 8600847,
      "iodepth_level" : {
        "1" : 100.000000,
        "2" : 0.000000,
        "4" : 0.000000,
        "8" : 0.000000,
        "16" : 0.000000,
        "32" : 0.000000,
        ">=64" : 0.000000
      },
      "iodepth_submit" : {
        "0" : 0.000000,
        "4" : 100.000000,
        "8" : 0.000000,
        "16" : 0.000000,
        "32" : 0.000000,
        "64" : 0.000000,
        ">=64" : 0.000000
      },
      "iodepth_complete" : {
        "0" : 0.000000,
        "4" : 100.000000,
        "8" : 0.000000,
        "16" : 0.000000,
        "32" : 0.000000,
        "64" : 0.000000,
        ">=64" : 0.000000
      },
      "latency_ns" : {
        "2" : 0.000000,
        "4" : 0.000000,
        "10" : 0.000000,
        "20" : 0.000000,
        "50" : 0.000000,
        "100" : 0.000000,
        "250" : 0.030571,
        "500" : 0.326025,
        "750" : 5.556434,
        "1000" : 4.559924
      },
      "latency_us" : {
        "2" : 14.172651,
        "4" : 67.774536,
        "10" : 7.235326,
        "20" : 0.058495,
        "50" : 0.021086,
        "100" : 0.247238,
        "250" : 0.011262,
        "500" : 0.010000,
        "750" : 0.010000,
        "1000" : 0.010000
      },
      "latency_ms" : {
        "2" : 0.010000,
        "4" : 0.010000,
        "10" : 0.010000,
        "20" : 0.010000,
        "50" : 0.000000,
        "100" : 0.000000,
        "250" : 0.010000,
        "500" : 0.000000,
        "750" : 0.000000,
        "1000" : 0.000000,
        "2000" : 0.000000,
        ">=2000" : 0.000000
      },
      "latency_depth" : 1,
      "latency_target" : 0,
      "latency_percentile" : 100.000000,
      "latency_window" : 0
    }
  ],
  "disk_util" : [
    {
      "name" : "sda",
      "read_ios" : 195268,
      "write_ios" : 84484,
      "read_sectors" : 1563760,
      "write_sectors" : 2387240,
      "read_merges" : 202,
      "write_merges" : 8311,
      "read_ticks" : 175491,
      "write_ticks" : 8839772,
      "in_queue" : 9015271,
      "util" : 3.010468
    }
  ]
}
