{
  "fio version" : "fio-3.40",
  "timestamp" : 1772051575,
  "timestamp_ms" : 1772051575373,
  "time" : "Wed Feb 25 21:32:55 2026",
  "global options" : {
    "group_reporting" : "",
    "ioengine" : "mmap",
    "size" : "768m",
    "thread" : "1",
    "directory" : "/tmp",
    "time_based" : "",
    "runtime" : "210",
    "norandommap" : "1",
    "filename" : "/tmp/fio_readwrite",
    "share_mmap" : "1",
    "repl" : "1"
  },
  "jobs" : [
    {
      "jobname" : "writers",
      "groupid" : 0,
      "job_start" : 1772051365249,
      "error" : 0,
      "eta" : 0,
      "elapsed" : 211,
      "job options" : {
        "rw" : "randread",
        "random_distribution" : "random",
        "numjobs" : "61"
      },
      "read" : {
        "io_bytes" : 29439396081664,
        "io_kbytes" : 28749410236,
        "bw_bytes" : 140186265281,
        "bw" : 136900649,
        "iops" : 34225162.422263,
        "runtime" : 210002,
        "total_ios" : 7187352559,
        "short_ios" : 0,
        "drop_ios" : 0,
        "slat_ns" : {
          "min" : 0,
          "max" : 0,
          "mean" : 0.000000,
          "stddev" : 0.000000,
          "N" : 0
        },
        "clat_ns" : {
          "min" : 98,
          "max" : 16068798,
          "mean" : 1246.072893,
          "stddev" : 6673.881268,
          "N" : 7187352559,
          "percentile" : {
            "1.000000" : 506,
            "5.000000" : 572,
            "10.000000" : 620,
            "20.000000" : 700,
            "30.000000" : 780,
            "40.000000" : 860,
            "50.000000" : 940,
            "60.000000" : 1032,
            "70.000000" : 1128,
            "80.000000" : 1304,
            "90.000000" : 1784,
            "95.000000" : 2800,
            "99.000000" : 3888,
            "99.500000" : 4256,
            "99.900000" : 50944,
            "99.950000" : 55040,
            "99.990000" : 65280
          }
        },
        "lat_ns" : {
          "min" : 124,
          "max" : 16068859,
          "mean" : 1304.174932,
          "stddev" : 6680.812373,
          "N" : 7187352559
        },
        "bw_min" : 3913669,
        "bw_max" : 158142878,
        "bw_agg" : 100.000000,
        "bw_mean" : 137469791.846039,
        "bw_dev" : 279422.243486,
        "bw_samples" : 25487,
        "iops_min" : 978420,
        "iops_max" : 39535719,
        "iops_mean" : 34367432.169340,
        "iops_stddev" : 69855.526315,
        "iops_samples" : 25487
      },
      "write" : {
        "io_bytes" : 49428279296,
        "io_kbytes" : 48269804,
        "bw_bytes" : 235371637,
        "bw" : 229855,
        "iops" : 57463.778744,
        "runtime" : 210001,
        "total_ios" : 12067451,
        "short_ios" : 0,
        "drop_ios" : 0,
        "slat_ns" : {
          "min" : 0,
          "max" : 0,
          "mean" : 0.000000,
          "stddev" : 0.000000,
          "N" : 0
        },
        "clat_ns" : {
          "min" : 159,
          "max" : 5905466,
          "mean" : 51290.810375,
          "stddev" : 35344.836774,
          "N" : 12067451,
          "percentile" : {
            "1.000000" : 36608,
            "5.000000" : 41216,
            "10.000000" : 42752,
            "20.000000" : 44800,
            "30.000000" : 46848,
            "40.000000" : 47872,
            "50.000000" : 49408,
            "60.000000" : 50944,
            "70.000000" : 52480,
            "80.000000" : 55040,
            "90.000000" : 58624,
            "95.000000" : 62720,
            "99.000000" : 81408,
            "99.500000" : 104960,
            "99.900000" : 246784,
            "99.950000" : 724992,
            "99.990000" : 1630208
          }
        },
        "lat_ns" : {
          "min" : 220,
          "max" : 5905529,
          "mean" : 51433.806495,
          "stddev" : 35345.610409,
          "N" : 12067451
        },
        "bw_min" : 15240,
        "bw_max" : 261786,
        "bw_agg" : 100.000000,
        "bw_mean" : 230167.427208,
        "bw_dev" : 8159.148660,
        "bw_samples" : 1257,
        "iops_min" : 3810,
        "iops_max" : 65446,
        "iops_mean" : 57541.121718,
        "iops_stddev" : 2039.757104,
        "iops_samples" : 1257
      },
      "trim" : {
        "io_bytes" : 0,
        "io_kbytes" : 0,
        "bw_bytes" : 0,
        "bw" : 0,
        "iops" : 0.000000,
        "runtime" : 0,
        "total_ios" : 0,
        "short_ios" : 0,
        "drop_ios" : 0,
        "slat_ns" : {
          "min" : 0,
          "max" : 0,
          "mean" : 0.000000,
          "stddev" : 0.000000,
          "N" : 0
        },
        "clat_ns" : {
          "min" : 0,
          "max" : 0,
          "mean" : 0.000000,
          "stddev" : 0.000000,
          "N" : 0
        },
        "lat_ns" : {
          "min" : 0,
          "max" : 0,
          "mean" : 0.000000,
          "stddev" : 0.000000,
          "N" : 0
        },
        "bw_min" : 0,
        "bw_max" : 0,
        "bw_agg" : 0.000000,
        "bw_mean" : 0.000000,
        "bw_dev" : 0.000000,
        "bw_samples" : 0,
        "iops_min" : 0,
        "iops_max" : 0,
        "iops_mean" : 0.000000,
        "iops_stddev" : 0.000000,
        "iops_samples" : 0
      },
      "sync" : {
        "total_ios" : 0,
        "lat_ns" : {
          "min" : 0,
          "max" : 0,
          "mean" : 0.000000,
          "stddev" : 0.000000,
          "N" : 0
        }
      },
      "job_runtime" : 13440003,
      "usr_cpu" : 89.227718,
      "sys_cpu" : 9.026486,
      "ctx" : 685897,
      "majf" : 196631,
      "minf" : 24288732,
      "iodepth_level" : {
        "1" : 100.000000,
        "2" : 0.000000,
        "4" : 0.000000,
        "8" : 0.000000,
        "16" : 0.000000,
        "32" : 0.000000,
        ">=64" : 0.000000
      },
      "iodepth_submit" : {
        "0" : 0.000000,
        "4" : 100.000000,
        "8" : 0.000000,
        "16" : 0.000000,
        "32" : 0.000000,
        "64" : 0.000000,
        ">=64" : 0.000000
      },
      "iodepth_complete" : {
        "0" : 0.000000,
        "4" : 100.000000,
        "8" : 0.000000,
        "16" : 0.000000,
        "32" : 0.000000,
        "64" : 0.000000,
        ">=64" : 0.000000
      },
      "latency_ns" : {
        "2" : 0.000000,
        "4" : 0.000000,
        "10" : 0.000000,
        "20" : 0.000000,
        "50" : 0.000000,
        "100" : 0.010000,
        "250" : 0.043994,
        "500" : 0.787519,
        "750" : 25.019834,
        "1000" : 31.170696
      },
      "latency_us" : {
        "2" : 33.997638,
        "4" : 8.026339,
        "10" : 0.549510,
        "20" : 0.063045,
        "50" : 0.149079,
        "100" : 0.188410,
        "250" : 0.010000,
        "500" : 0.010000,
        "750" : 0.010000,
        "1000" : 0.010000
      },
      "latency_ms" : {
        "2" : 0.010000,
        "4" : 0.010000,
        "10" : 0.010000,
        "20" : 0.010000,
        "50" : 0.000000,
        "100" : 0.000000,
        "250" : 0.000000,
        "500" : 0.000000,
        "750" : 0.000000,
        "1000" : 0.000000,
        "2000" : 0.000000,
        ">=2000" : 0.000000
      },
      "latency_depth" : 1,
      "latency_target" : 0,
      "latency_percentile" : 100.000000,
      "latency_window" : 0
    }
  ],
  "disk_util" : [
    {
      "name" : "sdb",
      "read_ios" : 196621,
      "write_ios" : 38302,
      "read_sectors" : 1574312,
      "write_sectors" : 1583864,
      "read_merges" : 167,
      "write_merges" : 656,
      "read_ticks" : 189898,
      "write_ticks" : 51546,
      "in_queue" : 241450,
      "util" : 1.822293
    }
  ]
}
