{
  "fio version" : "fio-3.40",
  "timestamp" : 1764793046,
  "timestamp_ms" : 1764793046901,
  "time" : "Wed Dec  3 21:17:26 2025",
  "global options" : {
    "group_reporting" : "",
    "ioengine" : "mmap",
    "size" : "768m",
    "thread" : "1",
    "directory" : "/tmp",
    "time_based" : "",
    "runtime" : "180",
    "norandommap" : "1",
    "filename" : "/tmp/fio_readwrite",
    "share_mmap" : "1",
    "repl" : "1"
  },
  "jobs" : [
    {
      "jobname" : "writers",
      "groupid" : 0,
      "job_start" : 1764792866597,
      "error" : 0,
      "eta" : 0,
      "elapsed" : 181,
      "job options" : {
        "rw" : "randread",
        "random_distribution" : "random",
        "numjobs" : "32"
      },
      "read" : {
        "io_bytes" : 6038013382656,
        "io_kbytes" : 5896497444,
        "bw_bytes" : 33544146079,
        "bw" : 32757955,
        "iops" : 8189488.789013,
        "runtime" : 180002,
        "total_ios" : 1474124361,
        "short_ios" : 0,
        "drop_ios" : 0,
        "slat_ns" : {
          "min" : 0,
          "max" : 0,
          "mean" : 0.000000,
          "stddev" : 0.000000,
          "N" : 0
        },
        "clat_ns" : {
          "min" : 99,
          "max" : 34209604,
          "mean" : 3039.760349,
          "stddev" : 8741.735068,
          "N" : 1474124361,
          "percentile" : {
            "1.000000" : 700,
            "5.000000" : 1368,
            "10.000000" : 1736,
            "20.000000" : 2128,
            "30.000000" : 2384,
            "40.000000" : 2608,
            "50.000000" : 2832,
            "60.000000" : 3024,
            "70.000000" : 3248,
            "80.000000" : 3504,
            "90.000000" : 3888,
            "95.000000" : 4256,
            "99.000000" : 5152,
            "99.500000" : 6112,
            "99.900000" : 80384,
            "99.950000" : 93696,
            "99.990000" : 171008
          }
        },
        "lat_ns" : {
          "min" : 126,
          "max" : 34209646,
          "mean" : 3114.709164,
          "stddev" : 8765.166840,
          "N" : 1474124361
        },
        "bw_min" : 182125,
        "bw_max" : 41300761,
        "bw_agg" : 100.000000,
        "bw_mean" : 33111752.140551,
        "bw_dev" : 176903.417550,
        "bw_samples" : 11343,
        "iops_min" : 45531,
        "iops_max" : 10325193,
        "iops_mean" : 8277930.650107,
        "iops_stddev" : 44225.855545,
        "iops_samples" : 11343
      },
      "write" : {
        "io_bytes" : 6095054671872,
        "io_kbytes" : 5952201828,
        "bw_bytes" : 33861038609,
        "bw" : 33067420,
        "iops" : 8266855.129387,
        "runtime" : 180002,
        "total_ios" : 1488050457,
        "short_ios" : 0,
        "drop_ios" : 0,
        "slat_ns" : {
          "min" : 0,
          "max" : 0,
          "mean" : 0.000000,
          "stddev" : 0.000000,
          "N" : 0
        },
        "clat_ns" : {
          "min" : 98,
          "max" : 31935524,
          "mean" : 3041.664446,
          "stddev" : 9024.181972,
          "N" : 1488050457,
          "percentile" : {
            "1.000000" : 1064,
            "5.000000" : 1528,
            "10.000000" : 1800,
            "20.000000" : 2128,
            "30.000000" : 2352,
            "40.000000" : 2576,
            "50.000000" : 2768,
            "60.000000" : 2960,
            "70.000000" : 3184,
            "80.000000" : 3408,
            "90.000000" : 3760,
            "95.000000" : 4048,
            "99.000000" : 4832,
            "99.500000" : 5984,
            "99.900000" : 84480,
            "99.950000" : 110080,
            "99.990000" : 197632
          }
        },
        "lat_ns" : {
          "min" : 136,
          "max" : 31935607,
          "mean" : 3135.007269,
          "stddev" : 9055.184817,
          "N" : 1488050457
        },
        "bw_min" : 163120,
        "bw_max" : 36784082,
        "bw_agg" : 100.000000,
        "bw_mean" : 33410206.823466,
        "bw_dev" : 259595.338776,
        "bw_samples" : 11347,
        "iops_min" : 40780,
        "iops_max" : 9196011,
        "iops_mean" : 8352544.901178,
        "iops_stddev" : 64898.835214,
        "iops_samples" : 11347
      },
      "trim" : {
        "io_bytes" : 0,
        "io_kbytes" : 0,
        "bw_bytes" : 0,
        "bw" : 0,
        "iops" : 0.000000,
        "runtime" : 0,
        "total_ios" : 0,
        "short_ios" : 0,
        "drop_ios" : 0,
        "slat_ns" : {
          "min" : 0,
          "max" : 0,
          "mean" : 0.000000,
          "stddev" : 0.000000,
          "N" : 0
        },
        "clat_ns" : {
          "min" : 0,
          "max" : 0,
          "mean" : 0.000000,
          "stddev" : 0.000000,
          "N" : 0
        },
        "lat_ns" : {
          "min" : 0,
          "max" : 0,
          "mean" : 0.000000,
          "stddev" : 0.000000,
          "N" : 0
        },
        "bw_min" : 0,
        "bw_max" : 0,
        "bw_agg" : 0.000000,
        "bw_mean" : 0.000000,
        "bw_dev" : 0.000000,
        "bw_samples" : 0,
        "iops_min" : 0,
        "iops_max" : 0,
        "iops_mean" : 0.000000,
        "iops_stddev" : 0.000000,
        "iops_samples" : 0
      },
      "sync" : {
        "total_ios" : 0,
        "lat_ns" : {
          "min" : 0,
          "max" : 0,
          "mean" : 0.000000,
          "stddev" : 0.000000,
          "N" : 0
        }
      },
      "job_runtime" : 11520012,
      "usr_cpu" : 93.091500,
      "sys_cpu" : 5.149187,
      "ctx" : 563935,
      "majf" : 170703,
      "minf" : 6290933,
      "iodepth_level" : {
        "1" : 100.000000,
        "2" : 0.000000,
        "4" : 0.000000,
        "8" : 0.000000,
        "16" : 0.000000,
        "32" : 0.000000,
        ">=64" : 0.000000
      },
      "iodepth_submit" : {
        "0" : 0.000000,
        "4" : 100.000000,
        "8" : 0.000000,
        "16" : 0.000000,
        "32" : 0.000000,
        "64" : 0.000000,
        ">=64" : 0.000000
      },
      "iodepth_complete" : {
        "0" : 0.000000,
        "4" : 100.000000,
        "8" : 0.000000,
        "16" : 0.000000,
        "32" : 0.000000,
        "64" : 0.000000,
        ">=64" : 0.000000
      },
      "latency_ns" : {
        "2" : 0.000000,
        "4" : 0.000000,
        "10" : 0.000000,
        "20" : 0.000000,
        "50" : 0.000000,
        "100" : 0.010000,
        "250" : 0.038522,
        "500" : 0.107415,
        "750" : 0.546830,
        "1000" : 0.905526
      },
      "latency_us" : {
        "2" : 14.359937,
        "4" : 77.129112,
        "10" : 6.510349,
        "20" : 0.163697,
        "50" : 0.033770,
        "100" : 0.155897,
        "250" : 0.042680,
        "500" : 0.010000,
        "750" : 0.010000,
        "1000" : 0.010000
      },
      "latency_ms" : {
        "2" : 0.010000,
        "4" : 0.010000,
        "10" : 0.010000,
        "20" : 0.010000,
        "50" : 0.010000,
        "100" : 0.000000,
        "250" : 0.000000,
        "500" : 0.000000,
        "750" : 0.000000,
        "1000" : 0.000000,
        "2000" : 0.000000,
        ">=2000" : 0.000000
      },
      "latency_depth" : 1,
      "latency_target" : 0,
      "latency_percentile" : 100.000000,
      "latency_window" : 0
    }
  ],
  "disk_util" : [
    {
      "name" : "sda",
      "read_ios" : 170732,
      "write_ios" : 87462,
      "read_sectors" : 1368856,
      "write_sectors" : 3440928,
      "read_merges" : 302,
      "write_merges" : 2375,
      "read_ticks" : 108604,
      "write_ticks" : 2355219,
      "in_queue" : 2463829,
      "util" : 3.672301
    }
  ]
}
