{
  "fio version" : "fio-3.40",
  "timestamp" : 1772000960,
  "timestamp_ms" : 1772000960892,
  "time" : "Wed Feb 25 07:29:20 2026",
  "global options" : {
    "group_reporting" : "",
    "ioengine" : "mmap",
    "size" : "768m",
    "thread" : "1",
    "directory" : "/tmp",
    "time_based" : "",
    "runtime" : "180",
    "norandommap" : "1",
    "filename" : "/tmp/fio_readwrite",
    "share_mmap" : "1",
    "repl" : "1"
  },
  "jobs" : [
    {
      "jobname" : "writers",
      "groupid" : 0,
      "job_start" : 1772000780687,
      "error" : 0,
      "eta" : 0,
      "elapsed" : 181,
      "job options" : {
        "rw" : "randread",
        "random_distribution" : "random",
        "numjobs" : "13"
      },
      "read" : {
        "io_bytes" : 2266545950720,
        "io_kbytes" : 2213423780,
        "bw_bytes" : 12591712086,
        "bw" : 12296593,
        "iops" : 3074148.458637,
        "runtime" : 180003,
        "total_ios" : 553355945,
        "short_ios" : 0,
        "drop_ios" : 0,
        "slat_ns" : {
          "min" : 0,
          "max" : 0,
          "mean" : 0.000000,
          "stddev" : 0.000000,
          "N" : 0
        },
        "clat_ns" : {
          "min" : 125,
          "max" : 52051302,
          "mean" : 3179.378697,
          "stddev" : 10760.136857,
          "N" : 553355945,
          "percentile" : {
            "1.000000" : 948,
            "5.000000" : 1400,
            "10.000000" : 1736,
            "20.000000" : 2192,
            "30.000000" : 2544,
            "40.000000" : 2832,
            "50.000000" : 3088,
            "60.000000" : 3344,
            "70.000000" : 3600,
            "80.000000" : 3920,
            "90.000000" : 4384,
            "95.000000" : 4832,
            "99.000000" : 5856,
            "99.500000" : 6368,
            "99.900000" : 8768,
            "99.950000" : 19328,
            "99.990000" : 120320
          }
        },
        "lat_ns" : {
          "min" : 162,
          "max" : 52051345,
          "mean" : 3276.063394,
          "stddev" : 10825.760923,
          "N" : 553355945
        },
        "bw_min" : 62488,
        "bw_max" : 14450551,
        "bw_agg" : 100.000000,
        "bw_mean" : 12412784.348315,
        "bw_dev" : 138691.117121,
        "bw_samples" : 4628,
        "iops_min" : 15622,
        "iops_max" : 3612640,
        "iops_mean" : 3103194.070225,
        "iops_stddev" : 34672.771779,
        "iops_samples" : 4628
      },
      "write" : {
        "io_bytes" : 8733884698624,
        "io_kbytes" : 8529184276,
        "bw_bytes" : 48520233874,
        "bw" : 47383040,
        "iops" : 11845760.223327,
        "runtime" : 180005,
        "total_ios" : 2132296069,
        "short_ios" : 0,
        "drop_ios" : 0,
        "slat_ns" : {
          "min" : 0,
          "max" : 0,
          "mean" : 0.000000,
          "stddev" : 0.000000,
          "N" : 0
        },
        "clat_ns" : {
          "min" : 124,
          "max" : 64041048,
          "mean" : 3100.359413,
          "stddev" : 14572.614985,
          "N" : 2132296069,
          "percentile" : {
            "1.000000" : 988,
            "5.000000" : 1448,
            "10.000000" : 1768,
            "20.000000" : 2128,
            "30.000000" : 2416,
            "40.000000" : 2640,
            "50.000000" : 2864,
            "60.000000" : 3120,
            "70.000000" : 3376,
            "80.000000" : 3696,
            "90.000000" : 4192,
            "95.000000" : 4576,
            "99.000000" : 5536,
            "99.500000" : 6048,
            "99.900000" : 21888,
            "99.950000" : 70144,
            "99.990000" : 203776
          }
        },
        "lat_ns" : {
          "min" : 174,
          "max" : 64041105,
          "mean" : 3234.352494,
          "stddev" : 14799.255425,
          "N" : 2132296069
        },
        "bw_min" : 244528,
        "bw_max" : 56501838,
        "bw_agg" : 100.000000,
        "bw_mean" : 47831031.688202,
        "bw_dev" : 132449.736002,
        "bw_samples" : 18156,
        "iops_min" : 61132,
        "iops_max" : 14125451,
        "iops_mean" : 11957749.862360,
        "iops_stddev" : 33112.420085,
        "iops_samples" : 18156
      },
      "trim" : {
        "io_bytes" : 0,
        "io_kbytes" : 0,
        "bw_bytes" : 0,
        "bw" : 0,
        "iops" : 0.000000,
        "runtime" : 0,
        "total_ios" : 0,
        "short_ios" : 0,
        "drop_ios" : 0,
        "slat_ns" : {
          "min" : 0,
          "max" : 0,
          "mean" : 0.000000,
          "stddev" : 0.000000,
          "N" : 0
        },
        "clat_ns" : {
          "min" : 0,
          "max" : 0,
          "mean" : 0.000000,
          "stddev" : 0.000000,
          "N" : 0
        },
        "lat_ns" : {
          "min" : 0,
          "max" : 0,
          "mean" : 0.000000,
          "stddev" : 0.000000,
          "N" : 0
        },
        "bw_min" : 0,
        "bw_max" : 0,
        "bw_agg" : 0.000000,
        "bw_mean" : 0.000000,
        "bw_dev" : 0.000000,
        "bw_samples" : 0,
        "iops_min" : 0,
        "iops_max" : 0,
        "iops_mean" : 0.000000,
        "iops_stddev" : 0.000000,
        "iops_samples" : 0
      },
      "sync" : {
        "total_ios" : 0,
        "lat_ns" : {
          "min" : 0,
          "max" : 0,
          "mean" : 0.000000,
          "stddev" : 0.000000,
          "N" : 0
        }
      },
      "job_runtime" : 11520054,
      "usr_cpu" : 95.690411,
      "sys_cpu" : 1.249994,
      "ctx" : 592837,
      "majf" : 196607,
      "minf" : 1832822,
      "iodepth_level" : {
        "1" : 100.000000,
        "2" : 0.000000,
        "4" : 0.000000,
        "8" : 0.000000,
        "16" : 0.000000,
        "32" : 0.000000,
        ">=64" : 0.000000
      },
      "iodepth_submit" : {
        "0" : 0.000000,
        "4" : 100.000000,
        "8" : 0.000000,
        "16" : 0.000000,
        "32" : 0.000000,
        "64" : 0.000000,
        ">=64" : 0.000000
      },
      "iodepth_complete" : {
        "0" : 0.000000,
        "4" : 100.000000,
        "8" : 0.000000,
        "16" : 0.000000,
        "32" : 0.000000,
        "64" : 0.000000,
        ">=64" : 0.000000
      },
      "latency_ns" : {
        "2" : 0.000000,
        "4" : 0.000000,
        "10" : 0.000000,
        "20" : 0.000000,
        "50" : 0.000000,
        "100" : 0.000000,
        "250" : 0.022181,
        "500" : 0.033933,
        "750" : 0.186083,
        "1000" : 0.856076
      },
      "latency_us" : {
        "2" : 14.433117,
        "4" : 70.317005,
        "10" : 13.995691,
        "20" : 0.053765,
        "50" : 0.056646,
        "100" : 0.020038,
        "250" : 0.016261,
        "500" : 0.010000,
        "750" : 0.010000,
        "1000" : 0.010000
      },
      "latency_ms" : {
        "2" : 0.010000,
        "4" : 0.010000,
        "10" : 0.010000,
        "20" : 0.010000,
        "50" : 0.010000,
        "100" : 0.010000,
        "250" : 0.000000,
        "500" : 0.000000,
        "750" : 0.000000,
        "1000" : 0.000000,
        "2000" : 0.000000,
        ">=2000" : 0.000000
      },
      "latency_depth" : 1,
      "latency_target" : 0,
      "latency_percentile" : 100.000000,
      "latency_window" : 0
    }
  ],
  "disk_util" : [
    {
      "name" : "sda",
      "read_ios" : 196565,
      "write_ios" : 60580,
      "read_sectors" : 1574048,
      "write_sectors" : 15247152,
      "read_merges" : 191,
      "write_merges" : 1760,
      "read_ticks" : 153863,
      "write_ticks" : 52197005,
      "in_queue" : 52350876,
      "util" : 9.471329
    }
  ]
}
