{
  "fio version" : "fio-3.40",
  "timestamp" : 1772064230,
  "timestamp_ms" : 1772064230497,
  "time" : "Thu Feb 26 01:03:50 2026",
  "global options" : {
    "group_reporting" : "",
    "ioengine" : "mmap",
    "size" : "768m",
    "thread" : "1",
    "directory" : "/tmp",
    "time_based" : "",
    "runtime" : "210",
    "norandommap" : "1",
    "filename" : "/tmp/fio_readwrite",
    "share_mmap" : "1",
    "repl" : "1"
  },
  "jobs" : [
    {
      "jobname" : "writers",
      "groupid" : 0,
      "job_start" : 1772064020412,
      "error" : 0,
      "eta" : 0,
      "elapsed" : 211,
      "job options" : {
        "rw" : "randread",
        "random_distribution" : "random",
        "numjobs" : "32"
      },
      "read" : {
        "io_bytes" : 2960420167680,
        "io_kbytes" : 2891035320,
        "bw_bytes" : 14097104635,
        "bw" : 13766703,
        "iops" : 3441675.936420,
        "runtime" : 210002,
        "total_ios" : 722758830,
        "short_ios" : 0,
        "drop_ios" : 0,
        "slat_ns" : {
          "min" : 0,
          "max" : 0,
          "mean" : 0.000000,
          "stddev" : 0.000000,
          "N" : 0
        },
        "clat_ns" : {
          "min" : 98,
          "max" : 96061333,
          "mean" : 8735.599882,
          "stddev" : 36469.382302,
          "N" : 722758830,
          "percentile" : {
            "1.000000" : 426,
            "5.000000" : 482,
            "10.000000" : 510,
            "20.000000" : 556,
            "30.000000" : 612,
            "40.000000" : 684,
            "50.000000" : 764,
            "60.000000" : 836,
            "70.000000" : 948,
            "80.000000" : 1288,
            "90.000000" : 4832,
            "95.000000" : 78336,
            "99.000000" : 109056,
            "99.500000" : 132096,
            "99.900000" : 189440,
            "99.950000" : 218112,
            "99.990000" : 659456
          }
        },
        "lat_ns" : {
          "min" : 125,
          "max" : 96061363,
          "mean" : 8790.407694,
          "stddev" : 36529.073317,
          "N" : 722758830
        },
        "bw_min" : 752952,
        "bw_max" : 22455719,
        "bw_agg" : 100.000000,
        "bw_mean" : 13865660.520766,
        "bw_dev" : 140843.727173,
        "bw_samples" : 13317,
        "iops_min" : 188237,
        "iops_max" : 5613922,
        "iops_mean" : 3466408.698216,
        "iops_stddev" : 35210.924818,
        "iops_samples" : 13317
      },
      "write" : {
        "io_bytes" : 320931852288,
        "io_kbytes" : 313410012,
        "bw_bytes" : 1528225083,
        "bw" : 1492407,
        "iops" : 373101.827117,
        "runtime" : 210003,
        "total_ios" : 78352503,
        "short_ios" : 0,
        "drop_ios" : 0,
        "slat_ns" : {
          "min" : 0,
          "max" : 0,
          "mean" : 0.000000,
          "stddev" : 0.000000,
          "N" : 0
        },
        "clat_ns" : {
          "min" : 105,
          "max" : 48276425,
          "mean" : 84873.106517,
          "stddev" : 76698.815825,
          "N" : 78352503,
          "percentile" : {
            "1.000000" : 564,
            "5.000000" : 764,
            "10.000000" : 1352,
            "20.000000" : 68096,
            "30.000000" : 72192,
            "40.000000" : 76288,
            "50.000000" : 80384,
            "60.000000" : 84480,
            "70.000000" : 90624,
            "80.000000" : 102912,
            "90.000000" : 142336,
            "95.000000" : 162816,
            "99.000000" : 216064,
            "99.500000" : 240640,
            "99.900000" : 651264,
            "99.950000" : 970752,
            "99.990000" : 4079616
          }
        },
        "lat_ns" : {
          "min" : 150,
          "max" : 48276551,
          "mean" : 84995.741692,
          "stddev" : 76719.194372,
          "N" : 78352503
        },
        "bw_min" : 212312,
        "bw_max" : 1927617,
        "bw_agg" : 100.000000,
        "bw_mean" : 1497097.679393,
        "bw_dev" : 5740.625267,
        "bw_samples" : 13384,
        "iops_min" : 53078,
        "iops_max" : 481899,
        "iops_mean" : 374268.038948,
        "iops_stddev" : 1435.135733,
        "iops_samples" : 13384
      },
      "trim" : {
        "io_bytes" : 0,
        "io_kbytes" : 0,
        "bw_bytes" : 0,
        "bw" : 0,
        "iops" : 0.000000,
        "runtime" : 0,
        "total_ios" : 0,
        "short_ios" : 0,
        "drop_ios" : 0,
        "slat_ns" : {
          "min" : 0,
          "max" : 0,
          "mean" : 0.000000,
          "stddev" : 0.000000,
          "N" : 0
        },
        "clat_ns" : {
          "min" : 0,
          "max" : 0,
          "mean" : 0.000000,
          "stddev" : 0.000000,
          "N" : 0
        },
        "lat_ns" : {
          "min" : 0,
          "max" : 0,
          "mean" : 0.000000,
          "stddev" : 0.000000,
          "N" : 0
        },
        "bw_min" : 0,
        "bw_max" : 0,
        "bw_agg" : 0.000000,
        "bw_mean" : 0.000000,
        "bw_dev" : 0.000000,
        "bw_samples" : 0,
        "iops_min" : 0,
        "iops_max" : 0,
        "iops_mean" : 0.000000,
        "iops_stddev" : 0.000000,
        "iops_samples" : 0
      },
      "sync" : {
        "total_ios" : 0,
        "lat_ns" : {
          "min" : 0,
          "max" : 0,
          "mean" : 0.000000,
          "stddev" : 0.000000,
          "N" : 0
        }
      },
      "job_runtime" : 13440011,
      "usr_cpu" : 9.985468,
      "sys_cpu" : 87.321126,
      "ctx" : 877158,
      "majf" : 196629,
      "minf" : 131800806,
      "iodepth_level" : {
        "1" : 100.000000,
        "2" : 0.000000,
        "4" : 0.000000,
        "8" : 0.000000,
        "16" : 0.000000,
        "32" : 0.000000,
        ">=64" : 0.000000
      },
      "iodepth_submit" : {
        "0" : 0.000000,
        "4" : 100.000000,
        "8" : 0.000000,
        "16" : 0.000000,
        "32" : 0.000000,
        "64" : 0.000000,
        ">=64" : 0.000000
      },
      "iodepth_complete" : {
        "0" : 0.000000,
        "4" : 100.000000,
        "8" : 0.000000,
        "16" : 0.000000,
        "32" : 0.000000,
        "64" : 0.000000,
        ">=64" : 0.000000
      },
      "latency_ns" : {
        "2" : 0.000000,
        "4" : 0.000000,
        "10" : 0.000000,
        "20" : 0.000000,
        "50" : 0.000000,
        "100" : 0.010000,
        "250" : 0.049565,
        "500" : 7.153137,
        "750" : 36.796454,
        "1000" : 22.904798
      },
      "latency_us" : {
        "2" : 8.411892,
        "4" : 5.764783,
        "10" : 2.429362,
        "20" : 0.028975,
        "50" : 0.020678,
        "100" : 12.966586,
        "250" : 3.408156,
        "500" : 0.041812,
        "750" : 0.010000,
        "1000" : 0.010000
      },
      "latency_ms" : {
        "2" : 0.010000,
        "4" : 0.010000,
        "10" : 0.010000,
        "20" : 0.010000,
        "50" : 0.010000,
        "100" : 0.010000,
        "250" : 0.000000,
        "500" : 0.000000,
        "750" : 0.000000,
        "1000" : 0.000000,
        "2000" : 0.000000,
        ">=2000" : 0.000000
      },
      "latency_depth" : 1,
      "latency_target" : 0,
      "latency_percentile" : 100.000000,
      "latency_window" : 0
    }
  ],
  "disk_util" : [
    {
      "name" : "sdb",
      "read_ios" : 196593,
      "write_ios" : 80435,
      "read_sectors" : 1573968,
      "write_sectors" : 30073376,
      "read_merges" : 152,
      "write_merges" : 633,
      "read_ticks" : 173203,
      "write_ticks" : 56315834,
      "in_queue" : 56489044,
      "util" : 14.932738
    }
  ]
}
