{
  "fio version" : "fio-3.40",
  "timestamp" : 1764794493,
  "timestamp_ms" : 1764794493963,
  "time" : "Wed Dec  3 21:41:33 2025",
  "global options" : {
    "group_reporting" : "",
    "ioengine" : "mmap",
    "size" : "768m",
    "thread" : "1",
    "directory" : "/tmp",
    "time_based" : "",
    "runtime" : "180",
    "norandommap" : "1",
    "filename" : "/tmp/fio_readwrite",
    "share_mmap" : "1",
    "repl" : "1"
  },
  "jobs" : [
    {
      "jobname" : "writers",
      "groupid" : 0,
      "job_start" : 1764794313811,
      "error" : 0,
      "eta" : 0,
      "elapsed" : 181,
      "job options" : {
        "rw" : "randread",
        "random_distribution" : "random",
        "numjobs" : "6"
      },
      "read" : {
        "io_bytes" : 960871673856,
        "io_kbytes" : 938351244,
        "bw_bytes" : 5338116653,
        "bw" : 5213004,
        "iops" : 1303251.136098,
        "runtime" : 180002,
        "total_ios" : 234587811,
        "short_ios" : 0,
        "drop_ios" : 0,
        "slat_ns" : {
          "min" : 0,
          "max" : 0,
          "mean" : 0.000000,
          "stddev" : 0.000000,
          "N" : 0
        },
        "clat_ns" : {
          "min" : 104,
          "max" : 8039576,
          "mean" : 3449.955042,
          "stddev" : 9159.924777,
          "N" : 234587811,
          "percentile" : {
            "1.000000" : 1064,
            "5.000000" : 1704,
            "10.000000" : 2040,
            "20.000000" : 2448,
            "30.000000" : 2704,
            "40.000000" : 2960,
            "50.000000" : 3216,
            "60.000000" : 3440,
            "70.000000" : 3728,
            "80.000000" : 4048,
            "90.000000" : 4512,
            "95.000000" : 5024,
            "99.000000" : 6240,
            "99.500000" : 7328,
            "99.900000" : 78336,
            "99.950000" : 94720,
            "99.990000" : 201728
          }
        },
        "lat_ns" : {
          "min" : 135,
          "max" : 8039621,
          "mean" : 3517.455045,
          "stddev" : 9189.069103,
          "N" : 234587811
        },
        "bw_min" : 21184,
        "bw_max" : 6789015,
        "bw_agg" : 100.000000,
        "bw_mean" : 5341248.962775,
        "bw_dev" : 161157.564986,
        "bw_samples" : 2098,
        "iops_min" : 5296,
        "iops_max" : 1697250,
        "iops_mean" : 1335310.745796,
        "iops_stddev" : 40289.364026,
        "iops_samples" : 2098
      },
      "write" : {
        "io_bytes" : 9421884596224,
        "io_kbytes" : 9201059176,
        "bw_bytes" : 52342930930,
        "bw" : 51116143,
        "iops" : 12779035.871624,
        "runtime" : 180003,
        "total_ios" : 2300264794,
        "short_ios" : 0,
        "drop_ios" : 0,
        "slat_ns" : {
          "min" : 0,
          "max" : 0,
          "mean" : 0.000000,
          "stddev" : 0.000000,
          "N" : 0
        },
        "clat_ns" : {
          "min" : 97,
          "max" : 36038010,
          "mean" : 3237.958827,
          "stddev" : 9037.527719,
          "N" : 2300264794,
          "percentile" : {
            "1.000000" : 1080,
            "5.000000" : 1560,
            "10.000000" : 1864,
            "20.000000" : 2224,
            "30.000000" : 2480,
            "40.000000" : 2704,
            "50.000000" : 2960,
            "60.000000" : 3184,
            "70.000000" : 3472,
            "80.000000" : 3824,
            "90.000000" : 4320,
            "95.000000" : 4768,
            "99.000000" : 5792,
            "99.500000" : 6560,
            "99.900000" : 50432,
            "99.950000" : 158720,
            "99.990000" : 248832
          }
        },
        "lat_ns" : {
          "min" : 135,
          "max" : 36038057,
          "mean" : 3369.681368,
          "stddev" : 9097.680343,
          "N" : 2300264794
        },
        "bw_min" : 210136,
        "bw_max" : 57591847,
        "bw_agg" : 100.000000,
        "bw_mean" : 52365206.650708,
        "bw_dev" : 173214.386651,
        "bw_samples" : 20283,
        "iops_min" : 52534,
        "iops_max" : 14397951,
        "iops_mean" : 13091287.040295,
        "iops_stddev" : 43303.579394,
        "iops_samples" : 20283
      },
      "trim" : {
        "io_bytes" : 0,
        "io_kbytes" : 0,
        "bw_bytes" : 0,
        "bw" : 0,
        "iops" : 0.000000,
        "runtime" : 0,
        "total_ios" : 0,
        "short_ios" : 0,
        "drop_ios" : 0,
        "slat_ns" : {
          "min" : 0,
          "max" : 0,
          "mean" : 0.000000,
          "stddev" : 0.000000,
          "N" : 0
        },
        "clat_ns" : {
          "min" : 0,
          "max" : 0,
          "mean" : 0.000000,
          "stddev" : 0.000000,
          "N" : 0
        },
        "lat_ns" : {
          "min" : 0,
          "max" : 0,
          "mean" : 0.000000,
          "stddev" : 0.000000,
          "N" : 0
        },
        "bw_min" : 0,
        "bw_max" : 0,
        "bw_agg" : 0.000000,
        "bw_mean" : 0.000000,
        "bw_dev" : 0.000000,
        "bw_samples" : 0,
        "iops_min" : 0,
        "iops_max" : 0,
        "iops_mean" : 0.000000,
        "iops_stddev" : 0.000000,
        "iops_samples" : 0
      },
      "sync" : {
        "total_ios" : 0,
        "lat_ns" : {
          "min" : 0,
          "max" : 0,
          "mean" : 0.000000,
          "stddev" : 0.000000,
          "N" : 0
        }
      },
      "job_runtime" : 11520022,
      "usr_cpu" : 93.388424,
      "sys_cpu" : 4.889652,
      "ctx" : 610340,
      "majf" : 116043,
      "minf" : 2810455,
      "iodepth_level" : {
        "1" : 100.000000,
        "2" : 0.000000,
        "4" : 0.000000,
        "8" : 0.000000,
        "16" : 0.000000,
        "32" : 0.000000,
        ">=64" : 0.000000
      },
      "iodepth_submit" : {
        "0" : 0.000000,
        "4" : 100.000000,
        "8" : 0.000000,
        "16" : 0.000000,
        "32" : 0.000000,
        "64" : 0.000000,
        ">=64" : 0.000000
      },
      "iodepth_complete" : {
        "0" : 0.000000,
        "4" : 100.000000,
        "8" : 0.000000,
        "16" : 0.000000,
        "32" : 0.000000,
        "64" : 0.000000,
        ">=64" : 0.000000
      },
      "latency_ns" : {
        "2" : 0.000000,
        "4" : 0.000000,
        "10" : 0.000000,
        "20" : 0.000000,
        "50" : 0.000000,
        "100" : 0.010000,
        "250" : 0.033935,
        "500" : 0.029869,
        "750" : 0.176072,
        "1000" : 0.490326
      },
      "latency_us" : {
        "2" : 12.183419,
        "4" : 70.842660,
        "10" : 15.940261,
        "20" : 0.147960,
        "50" : 0.051664,
        "100" : 0.025492,
        "250" : 0.068747,
        "500" : 0.010000,
        "750" : 0.010000,
        "1000" : 0.010000
      },
      "latency_ms" : {
        "2" : 0.010000,
        "4" : 0.010000,
        "10" : 0.010000,
        "20" : 0.000000,
        "50" : 0.010000,
        "100" : 0.000000,
        "250" : 0.000000,
        "500" : 0.000000,
        "750" : 0.000000,
        "1000" : 0.000000,
        "2000" : 0.000000,
        ">=2000" : 0.000000
      },
      "latency_depth" : 1,
      "latency_target" : 0,
      "latency_percentile" : 100.000000,
      "latency_window" : 0
    }
  ],
  "disk_util" : [
    {
      "name" : "sda",
      "read_ios" : 116025,
      "write_ios" : 97456,
      "read_sectors" : 929312,
      "write_sectors" : 2358536,
      "read_merges" : 139,
      "write_merges" : 1445,
      "read_ticks" : 71884,
      "write_ticks" : 4479745,
      "in_queue" : 4551637,
      "util" : 2.622067
    }
  ]
}
