{
  "fio version" : "fio-3.40",
  "timestamp" : 1764234737,
  "timestamp_ms" : 1764234737255,
  "time" : "Thu Nov 27 10:12:17 2025",
  "global options" : {
    "group_reporting" : "",
    "ioengine" : "mmap",
    "size" : "768m",
    "thread" : "1",
    "directory" : "/tmp",
    "time_based" : "",
    "runtime" : "120",
    "filename" : "/tmp/fio_readwrite",
    "share_mmap" : "1",
    "repl" : "1"
  },
  "jobs" : [
    {
      "jobname" : "writers",
      "groupid" : 0,
      "job_start" : 1764234617176,
      "error" : 0,
      "eta" : 0,
      "elapsed" : 121,
      "job options" : {
        "rw" : "randread",
        "random_distribution" : "zipf",
        "numjobs" : "26"
      },
      "read" : {
        "io_bytes" : 6871182069760,
        "io_kbytes" : 6710138740,
        "bw_bytes" : 57259373419,
        "bw" : 55917356,
        "iops" : 13979339.213840,
        "runtime" : 120001,
        "total_ios" : 1677534685,
        "short_ios" : 0,
        "drop_ios" : 0,
        "slat_ns" : {
          "min" : 0,
          "max" : 0,
          "mean" : 0.000000,
          "stddev" : 0.000000,
          "N" : 0
        },
        "clat_ns" : {
          "min" : 93,
          "max" : 9250439,
          "mean" : 969.720385,
          "stddev" : 8702.244917,
          "N" : 1677534685,
          "percentile" : {
            "1.000000" : 127,
            "5.000000" : 155,
            "10.000000" : 185,
            "20.000000" : 213,
            "30.000000" : 251,
            "40.000000" : 434,
            "50.000000" : 732,
            "60.000000" : 1020,
            "70.000000" : 1288,
            "80.000000" : 1560,
            "90.000000" : 1928,
            "95.000000" : 2288,
            "99.000000" : 3216,
            "99.500000" : 3600,
            "99.900000" : 9280,
            "99.950000" : 15552,
            "99.990000" : 20864
          }
        },
        "lat_ns" : {
          "min" : 120,
          "max" : 9250466,
          "mean" : 1072.182614,
          "stddev" : 8791.045240,
          "N" : 1677534685
        },
        "bw_min" : 4413618,
        "bw_max" : 68437853,
        "bw_agg" : 100.000000,
        "bw_mean" : 56354326.975710,
        "bw_dev" : 350799.773661,
        "bw_samples" : 6174,
        "iops_min" : 1103399,
        "iops_max" : 17109450,
        "iops_mean" : 14088578.086453,
        "iops_stddev" : 87699.934999,
        "iops_samples" : 6174
      },
      "write" : {
        "io_bytes" : 9939936387072,
        "io_kbytes" : 9706969128,
        "bw_bytes" : 82831422701,
        "bw" : 80890061,
        "iops" : 20222515.308078,
        "runtime" : 120002,
        "total_ios" : 2426742282,
        "short_ios" : 0,
        "drop_ios" : 0,
        "slat_ns" : {
          "min" : 0,
          "max" : 0,
          "mean" : 0.000000,
          "stddev" : 0.000000,
          "N" : 0
        },
        "clat_ns" : {
          "min" : 94,
          "max" : 31228682,
          "mean" : 978.940519,
          "stddev" : 11574.417726,
          "N" : 2426742282,
          "percentile" : {
            "1.000000" : 124,
            "5.000000" : 147,
            "10.000000" : 179,
            "20.000000" : 209,
            "30.000000" : 235,
            "40.000000" : 422,
            "50.000000" : 716,
            "60.000000" : 996,
            "70.000000" : 1256,
            "80.000000" : 1512,
            "90.000000" : 1880,
            "95.000000" : 2224,
            "99.000000" : 3152,
            "99.500000" : 3600,
            "99.900000" : 13760,
            "99.950000" : 17792,
            "99.990000" : 61184
          }
        },
        "lat_ns" : {
          "min" : 132,
          "max" : 31228781,
          "mean" : 1094.540141,
          "stddev" : 11834.085154,
          "N" : 2426742282
        },
        "bw_min" : 1807525,
        "bw_max" : 106096205,
        "bw_agg" : 100.000000,
        "bw_mean" : 81090144.971436,
        "bw_dev" : 403028.066482,
        "bw_samples" : 9066,
        "iops_min" : 451873,
        "iops_max" : 26524047,
        "iops_mean" : 20272530.709975,
        "iops_stddev" : 100756.988766,
        "iops_samples" : 9066
      },
      "trim" : {
        "io_bytes" : 0,
        "io_kbytes" : 0,
        "bw_bytes" : 0,
        "bw" : 0,
        "iops" : 0.000000,
        "runtime" : 0,
        "total_ios" : 0,
        "short_ios" : 0,
        "drop_ios" : 0,
        "slat_ns" : {
          "min" : 0,
          "max" : 0,
          "mean" : 0.000000,
          "stddev" : 0.000000,
          "N" : 0
        },
        "clat_ns" : {
          "min" : 0,
          "max" : 0,
          "mean" : 0.000000,
          "stddev" : 0.000000,
          "N" : 0
        },
        "lat_ns" : {
          "min" : 0,
          "max" : 0,
          "mean" : 0.000000,
          "stddev" : 0.000000,
          "N" : 0
        },
        "bw_min" : 0,
        "bw_max" : 0,
        "bw_agg" : 0.000000,
        "bw_mean" : 0.000000,
        "bw_dev" : 0.000000,
        "bw_samples" : 0,
        "iops_min" : 0,
        "iops_max" : 0,
        "iops_mean" : 0.000000,
        "iops_stddev" : 0.000000,
        "iops_samples" : 0
      },
      "sync" : {
        "total_ios" : 0,
        "lat_ns" : {
          "min" : 0,
          "max" : 0,
          "mean" : 0.000000,
          "stddev" : 0.000000,
          "N" : 0
        }
      },
      "job_runtime" : 7680001,
      "usr_cpu" : 95.566094,
      "sys_cpu" : 0.654010,
      "ctx" : 465117,
      "majf" : 196620,
      "minf" : 2291305,
      "iodepth_level" : {
        "1" : 100.000000,
        "2" : 0.000000,
        "4" : 0.000000,
        "8" : 0.000000,
        "16" : 0.000000,
        "32" : 0.000000,
        ">=64" : 0.000000
      },
      "iodepth_submit" : {
        "0" : 0.000000,
        "4" : 100.000000,
        "8" : 0.000000,
        "16" : 0.000000,
        "32" : 0.000000,
        "64" : 0.000000,
        ">=64" : 0.000000
      },
      "iodepth_complete" : {
        "0" : 0.000000,
        "4" : 100.000000,
        "8" : 0.000000,
        "16" : 0.000000,
        "32" : 0.000000,
        "64" : 0.000000,
        ">=64" : 0.000000
      },
      "latency_ns" : {
        "2" : 0.000000,
        "4" : 0.000000,
        "10" : 0.000000,
        "20" : 0.000000,
        "50" : 0.000000,
        "100" : 0.010000,
        "250" : 30.964274,
        "500" : 11.619338,
        "750" : 8.411134,
        "1000" : 8.796901
      },
      "latency_us" : {
        "2" : 31.990625,
        "4" : 7.922846,
        "10" : 0.164276,
        "20" : 0.100210,
        "50" : 0.014391,
        "100" : 0.010000,
        "250" : 0.010000,
        "500" : 0.010000,
        "750" : 0.010000,
        "1000" : 0.010000
      },
      "latency_ms" : {
        "2" : 0.010000,
        "4" : 0.010000,
        "10" : 0.010000,
        "20" : 0.010000,
        "50" : 0.010000,
        "100" : 0.000000,
        "250" : 0.000000,
        "500" : 0.000000,
        "750" : 0.000000,
        "1000" : 0.000000,
        "2000" : 0.000000,
        ">=2000" : 0.000000
      },
      "latency_depth" : 1,
      "latency_target" : 0,
      "latency_percentile" : 100.000000,
      "latency_window" : 0
    }
  ],
  "disk_util" : [
    {
      "name" : "sda",
      "read_ios" : 196614,
      "write_ios" : 53562,
      "read_sectors" : 1574552,
      "write_sectors" : 17677808,
      "read_merges" : 205,
      "write_merges" : 215,
      "read_ticks" : 186701,
      "write_ticks" : 88902336,
      "in_queue" : 89089043,
      "util" : 16.144667
    }
  ]
}
