{
  "fio version" : "fio-3.40",
  "timestamp" : 1772051997,
  "timestamp_ms" : 1772051997015,
  "time" : "Wed Feb 25 21:39:57 2026",
  "global options" : {
    "group_reporting" : "",
    "ioengine" : "mmap",
    "size" : "768m",
    "thread" : "1",
    "directory" : "/tmp",
    "time_based" : "",
    "runtime" : "210",
    "norandommap" : "1",
    "filename" : "/tmp/fio_readwrite",
    "share_mmap" : "1",
    "repl" : "1"
  },
  "jobs" : [
    {
      "jobname" : "writers",
      "groupid" : 0,
      "job_start" : 1772051786825,
      "error" : 0,
      "eta" : 0,
      "elapsed" : 211,
      "job options" : {
        "rw" : "randread",
        "random_distribution" : "random",
        "numjobs" : "61"
      },
      "read" : {
        "io_bytes" : 17381163769856,
        "io_kbytes" : 16973792744,
        "bw_bytes" : 82766658269,
        "bw" : 80826814,
        "iops" : 20206703.679013,
        "runtime" : 210002,
        "total_ios" : 4243448186,
        "short_ios" : 0,
        "drop_ios" : 0,
        "slat_ns" : {
          "min" : 0,
          "max" : 0,
          "mean" : 0.000000,
          "stddev" : 0.000000,
          "N" : 0
        },
        "clat_ns" : {
          "min" : 97,
          "max" : 18425491,
          "mean" : 2529.546338,
          "stddev" : 7440.852005,
          "N" : 4243448186,
          "percentile" : {
            "1.000000" : 700,
            "5.000000" : 1004,
            "10.000000" : 1176,
            "20.000000" : 1432,
            "30.000000" : 1640,
            "40.000000" : 1864,
            "50.000000" : 2096,
            "60.000000" : 2416,
            "70.000000" : 2832,
            "80.000000" : 3312,
            "90.000000" : 3920,
            "95.000000" : 4576,
            "99.000000" : 6112,
            "99.500000" : 6880,
            "99.900000" : 70144,
            "99.950000" : 78336,
            "99.990000" : 96768
          }
        },
        "lat_ns" : {
          "min" : 125,
          "max" : 18425522,
          "mean" : 2577.242574,
          "stddev" : 7445.913501,
          "N" : 4243448186
        },
        "bw_min" : 13697033,
        "bw_max" : 113541358,
        "bw_agg" : 100.000000,
        "bw_mean" : 81654743.611670,
        "bw_dev" : 161871.637456,
        "bw_samples" : 25331,
        "iops_min" : 3424259,
        "iops_max" : 28385327,
        "iops_mean" : 20413669.221335,
        "iops_stddev" : 40467.891160,
        "iops_samples" : 25331
      },
      "write" : {
        "io_bytes" : 25076760576,
        "io_kbytes" : 24489024,
        "bw_bytes" : 119412008,
        "bw" : 116613,
        "iops" : 29153.322349,
        "runtime" : 210002,
        "total_ios" : 6122256,
        "short_ios" : 0,
        "drop_ios" : 0,
        "slat_ns" : {
          "min" : 0,
          "max" : 0,
          "mean" : 0.000000,
          "stddev" : 0.000000,
          "N" : 0
        },
        "clat_ns" : {
          "min" : 143,
          "max" : 8045402,
          "mean" : 101880.805084,
          "stddev" : 46161.825674,
          "N" : 6122256,
          "percentile" : {
            "1.000000" : 68096,
            "5.000000" : 86528,
            "10.000000" : 89600,
            "20.000000" : 92672,
            "30.000000" : 94720,
            "40.000000" : 96768,
            "50.000000" : 98816,
            "60.000000" : 100864,
            "70.000000" : 103936,
            "80.000000" : 107008,
            "90.000000" : 112128,
            "95.000000" : 118272,
            "99.000000" : 168960,
            "99.500000" : 261120,
            "99.900000" : 610304,
            "99.950000" : 806912,
            "99.990000" : 2408448
          }
        },
        "lat_ns" : {
          "min" : 184,
          "max" : 8045488,
          "mean" : 102023.720173,
          "stddev" : 46162.826533,
          "N" : 6122256
        },
        "bw_min" : 19160,
        "bw_max" : 220872,
        "bw_agg" : 100.000000,
        "bw_mean" : 116746.744630,
        "bw_dev" : 3647.637567,
        "bw_samples" : 1257,
        "iops_min" : 4790,
        "iops_max" : 55218,
        "iops_mean" : 29185.899761,
        "iops_stddev" : 911.891647,
        "iops_samples" : 1257
      },
      "trim" : {
        "io_bytes" : 0,
        "io_kbytes" : 0,
        "bw_bytes" : 0,
        "bw" : 0,
        "iops" : 0.000000,
        "runtime" : 0,
        "total_ios" : 0,
        "short_ios" : 0,
        "drop_ios" : 0,
        "slat_ns" : {
          "min" : 0,
          "max" : 0,
          "mean" : 0.000000,
          "stddev" : 0.000000,
          "N" : 0
        },
        "clat_ns" : {
          "min" : 0,
          "max" : 0,
          "mean" : 0.000000,
          "stddev" : 0.000000,
          "N" : 0
        },
        "lat_ns" : {
          "min" : 0,
          "max" : 0,
          "mean" : 0.000000,
          "stddev" : 0.000000,
          "N" : 0
        },
        "bw_min" : 0,
        "bw_max" : 0,
        "bw_agg" : 0.000000,
        "bw_mean" : 0.000000,
        "bw_dev" : 0.000000,
        "bw_samples" : 0,
        "iops_min" : 0,
        "iops_max" : 0,
        "iops_mean" : 0.000000,
        "iops_stddev" : 0.000000,
        "iops_samples" : 0
      },
      "sync" : {
        "total_ios" : 0,
        "lat_ns" : {
          "min" : 0,
          "max" : 0,
          "mean" : 0.000000,
          "stddev" : 0.000000,
          "N" : 0
        }
      },
      "job_runtime" : 13440019,
      "usr_cpu" : 90.269426,
      "sys_cpu" : 7.850301,
      "ctx" : 1180449,
      "majf" : 196632,
      "minf" : 12290675,
      "iodepth_level" : {
        "1" : 100.000000,
        "2" : 0.000000,
        "4" : 0.000000,
        "8" : 0.000000,
        "16" : 0.000000,
        "32" : 0.000000,
        ">=64" : 0.000000
      },
      "iodepth_submit" : {
        "0" : 0.000000,
        "4" : 100.000000,
        "8" : 0.000000,
        "16" : 0.000000,
        "32" : 0.000000,
        "64" : 0.000000,
        ">=64" : 0.000000
      },
      "iodepth_complete" : {
        "0" : 0.000000,
        "4" : 100.000000,
        "8" : 0.000000,
        "16" : 0.000000,
        "32" : 0.000000,
        "64" : 0.000000,
        ">=64" : 0.000000
      },
      "latency_ns" : {
        "2" : 0.000000,
        "4" : 0.000000,
        "10" : 0.000000,
        "20" : 0.000000,
        "50" : 0.000000,
        "100" : 0.010000,
        "250" : 0.043589,
        "500" : 0.143936,
        "750" : 1.199710,
        "1000" : 3.550285
      },
      "latency_us" : {
        "2" : 41.186759,
        "4" : 44.571860,
        "10" : 8.939988,
        "20" : 0.068514,
        "50" : 0.010000,
        "100" : 0.218431,
        "250" : 0.068046,
        "500" : 0.010000,
        "750" : 0.010000,
        "1000" : 0.010000
      },
      "latency_ms" : {
        "2" : 0.010000,
        "4" : 0.010000,
        "10" : 0.010000,
        "20" : 0.010000,
        "50" : 0.000000,
        "100" : 0.000000,
        "250" : 0.000000,
        "500" : 0.000000,
        "750" : 0.000000,
        "1000" : 0.000000,
        "2000" : 0.000000,
        ">=2000" : 0.000000
      },
      "latency_depth" : 1,
      "latency_target" : 0,
      "latency_percentile" : 100.000000,
      "latency_window" : 0
    }
  ],
  "disk_util" : [
    {
      "name" : "sdb",
      "read_ios" : 196612,
      "write_ios" : 40224,
      "read_sectors" : 1574008,
      "write_sectors" : 1600072,
      "read_merges" : 138,
      "write_merges" : 694,
      "read_ticks" : 147264,
      "write_ticks" : 60757,
      "in_queue" : 208031,
      "util" : 1.999533
    }
  ]
}
