{
  "fio version" : "fio-3.40",
  "timestamp" : 1772000599,
  "timestamp_ms" : 1772000599261,
  "time" : "Wed Feb 25 07:23:19 2026",
  "global options" : {
    "group_reporting" : "",
    "ioengine" : "mmap",
    "size" : "768m",
    "thread" : "1",
    "directory" : "/tmp",
    "time_based" : "",
    "runtime" : "180",
    "norandommap" : "1",
    "filename" : "/tmp/fio_readwrite",
    "share_mmap" : "1",
    "repl" : "1"
  },
  "jobs" : [
    {
      "jobname" : "writers",
      "groupid" : 0,
      "job_start" : 1772000419146,
      "error" : 0,
      "eta" : 0,
      "elapsed" : 181,
      "job options" : {
        "rw" : "randread",
        "random_distribution" : "random",
        "numjobs" : "19"
      },
      "read" : {
        "io_bytes" : 2827687616512,
        "io_kbytes" : 2761413688,
        "bw_bytes" : 15709201100,
        "bw" : 15341016,
        "iops" : 3835254.174954,
        "runtime" : 180002,
        "total_ios" : 690353422,
        "short_ios" : 0,
        "drop_ios" : 0,
        "slat_ns" : {
          "min" : 0,
          "max" : 0,
          "mean" : 0.000000,
          "stddev" : 0.000000,
          "N" : 0
        },
        "clat_ns" : {
          "min" : 125,
          "max" : 84059471,
          "mean" : 3828.746787,
          "stddev" : 16529.895408,
          "N" : 690353422,
          "percentile" : {
            "1.000000" : 1240,
            "5.000000" : 1928,
            "10.000000" : 2288,
            "20.000000" : 2768,
            "30.000000" : 3088,
            "40.000000" : 3376,
            "50.000000" : 3664,
            "60.000000" : 3920,
            "70.000000" : 4192,
            "80.000000" : 4576,
            "90.000000" : 5088,
            "95.000000" : 5600,
            "99.000000" : 6688,
            "99.500000" : 7264,
            "99.900000" : 16512,
            "99.950000" : 21376,
            "99.990000" : 177152
          }
        },
        "lat_ns" : {
          "min" : 161,
          "max" : 84059517,
          "mean" : 3922.406686,
          "stddev" : 16622.489329,
          "N" : 690353422
        },
        "bw_min" : 36832,
        "bw_max" : 19058340,
        "bw_agg" : 100.000000,
        "bw_mean" : 15616532.212465,
        "bw_dev" : 141471.322350,
        "bw_samples" : 6707,
        "iops_min" : 9208,
        "iops_max" : 4764588,
        "iops_mean" : 3904129.220963,
        "iops_stddev" : 35367.799333,
        "iops_samples" : 6707
      },
      "write" : {
        "io_bytes" : 6633517813760,
        "io_kbytes" : 6478044740,
        "bw_bytes" : 36852057808,
        "bw" : 35988337,
        "iops" : 8997084.425902,
        "runtime" : 180004,
        "total_ios" : 1619511185,
        "short_ios" : 0,
        "drop_ios" : 0,
        "slat_ns" : {
          "min" : 0,
          "max" : 0,
          "mean" : 0.000000,
          "stddev" : 0.000000,
          "N" : 0
        },
        "clat_ns" : {
          "min" : 122,
          "max" : 113696366,
          "mean" : 3695.522442,
          "stddev" : 18729.180864,
          "N" : 1619511185,
          "percentile" : {
            "1.000000" : 1144,
            "5.000000" : 1752,
            "10.000000" : 2128,
            "20.000000" : 2576,
            "30.000000" : 2896,
            "40.000000" : 3152,
            "50.000000" : 3408,
            "60.000000" : 3696,
            "70.000000" : 3984,
            "80.000000" : 4320,
            "90.000000" : 4832,
            "95.000000" : 5344,
            "99.000000" : 6432,
            "99.500000" : 7136,
            "99.900000" : 31616,
            "99.950000" : 84480,
            "99.990000" : 485376
          }
        },
        "lat_ns" : {
          "min" : 173,
          "max" : 113696432,
          "mean" : 3829.864519,
          "stddev" : 18946.504987,
          "N" : 1619511185
        },
        "bw_min" : 86808,
        "bw_max" : 44257540,
        "bw_agg" : 100.000000,
        "bw_mean" : 36634471.526912,
        "bw_dev" : 134621.943741,
        "bw_samples" : 15885,
        "iops_min" : 21702,
        "iops_max" : 11064377,
        "iops_mean" : 9158609.223796,
        "iops_stddev" : 33655.453448,
        "iops_samples" : 15885
      },
      "trim" : {
        "io_bytes" : 0,
        "io_kbytes" : 0,
        "bw_bytes" : 0,
        "bw" : 0,
        "iops" : 0.000000,
        "runtime" : 0,
        "total_ios" : 0,
        "short_ios" : 0,
        "drop_ios" : 0,
        "slat_ns" : {
          "min" : 0,
          "max" : 0,
          "mean" : 0.000000,
          "stddev" : 0.000000,
          "N" : 0
        },
        "clat_ns" : {
          "min" : 0,
          "max" : 0,
          "mean" : 0.000000,
          "stddev" : 0.000000,
          "N" : 0
        },
        "lat_ns" : {
          "min" : 0,
          "max" : 0,
          "mean" : 0.000000,
          "stddev" : 0.000000,
          "N" : 0
        },
        "bw_min" : 0,
        "bw_max" : 0,
        "bw_agg" : 0.000000,
        "bw_mean" : 0.000000,
        "bw_dev" : 0.000000,
        "bw_samples" : 0,
        "iops_min" : 0,
        "iops_max" : 0,
        "iops_mean" : 0.000000,
        "iops_stddev" : 0.000000,
        "iops_samples" : 0
      },
      "sync" : {
        "total_ios" : 0,
        "lat_ns" : {
          "min" : 0,
          "max" : 0,
          "mean" : 0.000000,
          "stddev" : 0.000000,
          "N" : 0
        }
      },
      "job_runtime" : 11520037,
      "usr_cpu" : 94.131824,
      "sys_cpu" : 1.194172,
      "ctx" : 1219257,
      "majf" : 196633,
      "minf" : 2164444,
      "iodepth_level" : {
        "1" : 100.000000,
        "2" : 0.000000,
        "4" : 0.000000,
        "8" : 0.000000,
        "16" : 0.000000,
        "32" : 0.000000,
        ">=64" : 0.000000
      },
      "iodepth_submit" : {
        "0" : 0.000000,
        "4" : 100.000000,
        "8" : 0.000000,
        "16" : 0.000000,
        "32" : 0.000000,
        "64" : 0.000000,
        ">=64" : 0.000000
      },
      "iodepth_complete" : {
        "0" : 0.000000,
        "4" : 100.000000,
        "8" : 0.000000,
        "16" : 0.000000,
        "32" : 0.000000,
        "64" : 0.000000,
        ">=64" : 0.000000
      },
      "latency_ns" : {
        "2" : 0.000000,
        "4" : 0.000000,
        "10" : 0.000000,
        "20" : 0.000000,
        "50" : 0.000000,
        "100" : 0.000000,
        "250" : 0.024173,
        "500" : 0.035712,
        "750" : 0.161390,
        "1000" : 0.352582
      },
      "latency_us" : {
        "2" : 6.831241,
        "4" : 60.703585,
        "10" : 31.692476,
        "20" : 0.053146,
        "50" : 0.093165,
        "100" : 0.024499,
        "250" : 0.016970,
        "500" : 0.010000,
        "750" : 0.010000,
        "1000" : 0.010000
      },
      "latency_ms" : {
        "2" : 0.010000,
        "4" : 0.010000,
        "10" : 0.010000,
        "20" : 0.010000,
        "50" : 0.010000,
        "100" : 0.010000,
        "250" : 0.010000,
        "500" : 0.000000,
        "750" : 0.000000,
        "1000" : 0.000000,
        "2000" : 0.000000,
        ">=2000" : 0.000000
      },
      "latency_depth" : 1,
      "latency_target" : 0,
      "latency_percentile" : 100.000000,
      "latency_window" : 0
    }
  ],
  "disk_util" : [
    {
      "name" : "sda",
      "read_ios" : 196711,
      "write_ios" : 220959,
      "read_sectors" : 1582872,
      "write_sectors" : 18342312,
      "read_merges" : 337,
      "write_merges" : 21050,
      "read_ticks" : 198889,
      "write_ticks" : 61980104,
      "in_queue" : 62179003,
      "util" : 11.700191
    }
  ]
}
