{
  "fio version" : "fio-3.40",
  "timestamp" : 1772004216,
  "timestamp_ms" : 1772004216429,
  "time" : "Wed Feb 25 08:23:36 2026",
  "global options" : {
    "group_reporting" : "",
    "ioengine" : "mmap",
    "size" : "768m",
    "thread" : "1",
    "directory" : "/tmp",
    "time_based" : "",
    "runtime" : "180",
    "norandommap" : "1",
    "filename" : "/tmp/fio_readwrite",
    "share_mmap" : "1",
    "repl" : "1"
  },
  "jobs" : [
    {
      "jobname" : "writers",
      "groupid" : 0,
      "job_start" : 1772004036145,
      "error" : 0,
      "eta" : 0,
      "elapsed" : 181,
      "job options" : {
        "rw" : "randread",
        "random_distribution" : "random",
        "numjobs" : "6"
      },
      "read" : {
        "io_bytes" : 847631548416,
        "io_kbytes" : 827765184,
        "bw_bytes" : 4709011835,
        "bw" : 4598644,
        "iops" : 1149661.092655,
        "runtime" : 180002,
        "total_ios" : 206941296,
        "short_ios" : 0,
        "drop_ios" : 0,
        "slat_ns" : {
          "min" : 0,
          "max" : 0,
          "mean" : 0.000000,
          "stddev" : 0.000000,
          "N" : 0
        },
        "clat_ns" : {
          "min" : 126,
          "max" : 64037169,
          "mean" : 3988.738357,
          "stddev" : 17885.466757,
          "N" : 206941296,
          "percentile" : {
            "1.000000" : 1096,
            "5.000000" : 1784,
            "10.000000" : 2192,
            "20.000000" : 2736,
            "30.000000" : 3120,
            "40.000000" : 3472,
            "50.000000" : 3792,
            "60.000000" : 4128,
            "70.000000" : 4448,
            "80.000000" : 4896,
            "90.000000" : 5472,
            "95.000000" : 6048,
            "99.000000" : 7328,
            "99.500000" : 7904,
            "99.900000" : 19072,
            "99.950000" : 23424,
            "99.990000" : 222208
          }
        },
        "lat_ns" : {
          "min" : 161,
          "max" : 64037211,
          "mean" : 4063.813631,
          "stddev" : 17925.370404,
          "N" : 206941296
        },
        "bw_min" : 9448,
        "bw_max" : 5845026,
        "bw_agg" : 100.000000,
        "bw_mean" : 4679529.232303,
        "bw_dev" : 147083.757830,
        "bw_samples" : 2114,
        "iops_min" : 2362,
        "iops_max" : 1461256,
        "iops_mean" : 1169880.869672,
        "iops_stddev" : 36770.950678,
        "iops_samples" : 2114
      },
      "write" : {
        "io_bytes" : 7963179249664,
        "io_kbytes" : 7776542236,
        "bw_bytes" : 44239147401,
        "bw" : 43202292,
        "iops" : 10800573.096004,
        "runtime" : 180003,
        "total_ios" : 1944135559,
        "short_ios" : 0,
        "drop_ios" : 0,
        "slat_ns" : {
          "min" : 0,
          "max" : 0,
          "mean" : 0.000000,
          "stddev" : 0.000000,
          "N" : 0
        },
        "clat_ns" : {
          "min" : 124,
          "max" : 112047718,
          "mean" : 3838.981534,
          "stddev" : 20094.884720,
          "N" : 1944135559,
          "percentile" : {
            "1.000000" : 1048,
            "5.000000" : 1624,
            "10.000000" : 2024,
            "20.000000" : 2544,
            "30.000000" : 2928,
            "40.000000" : 3248,
            "50.000000" : 3536,
            "60.000000" : 3856,
            "70.000000" : 4192,
            "80.000000" : 4576,
            "90.000000" : 5216,
            "95.000000" : 5728,
            "99.000000" : 7008,
            "99.500000" : 7776,
            "99.900000" : 30336,
            "99.950000" : 88576,
            "99.990000" : 528384
          }
        },
        "lat_ns" : {
          "min" : 172,
          "max" : 112047777,
          "mean" : 3996.595150,
          "stddev" : 20349.388686,
          "N" : 1944135559
        },
        "bw_min" : 87296,
        "bw_max" : 52859325,
        "bw_agg" : 100.000000,
        "bw_mean" : 43969813.711933,
        "bw_dev" : 126345.783381,
        "bw_samples" : 20424,
        "iops_min" : 21824,
        "iops_max" : 13214823,
        "iops_mean" : 10992439.476927,
        "iops_stddev" : 31586.412566,
        "iops_samples" : 20424
      },
      "trim" : {
        "io_bytes" : 0,
        "io_kbytes" : 0,
        "bw_bytes" : 0,
        "bw" : 0,
        "iops" : 0.000000,
        "runtime" : 0,
        "total_ios" : 0,
        "short_ios" : 0,
        "drop_ios" : 0,
        "slat_ns" : {
          "min" : 0,
          "max" : 0,
          "mean" : 0.000000,
          "stddev" : 0.000000,
          "N" : 0
        },
        "clat_ns" : {
          "min" : 0,
          "max" : 0,
          "mean" : 0.000000,
          "stddev" : 0.000000,
          "N" : 0
        },
        "lat_ns" : {
          "min" : 0,
          "max" : 0,
          "mean" : 0.000000,
          "stddev" : 0.000000,
          "N" : 0
        },
        "bw_min" : 0,
        "bw_max" : 0,
        "bw_agg" : 0.000000,
        "bw_mean" : 0.000000,
        "bw_dev" : 0.000000,
        "bw_samples" : 0,
        "iops_min" : 0,
        "iops_max" : 0,
        "iops_mean" : 0.000000,
        "iops_stddev" : 0.000000,
        "iops_samples" : 0
      },
      "sync" : {
        "total_ios" : 0,
        "lat_ns" : {
          "min" : 0,
          "max" : 0,
          "mean" : 0.000000,
          "stddev" : 0.000000,
          "N" : 0
        }
      },
      "job_runtime" : 11520010,
      "usr_cpu" : 93.747818,
      "sys_cpu" : 1.340320,
      "ctx" : 1215688,
      "majf" : 196622,
      "minf" : 2012493,
      "iodepth_level" : {
        "1" : 100.000000,
        "2" : 0.000000,
        "4" : 0.000000,
        "8" : 0.000000,
        "16" : 0.000000,
        "32" : 0.000000,
        ">=64" : 0.000000
      },
      "iodepth_submit" : {
        "0" : 0.000000,
        "4" : 100.000000,
        "8" : 0.000000,
        "16" : 0.000000,
        "32" : 0.000000,
        "64" : 0.000000,
        ">=64" : 0.000000
      },
      "iodepth_complete" : {
        "0" : 0.000000,
        "4" : 100.000000,
        "8" : 0.000000,
        "16" : 0.000000,
        "32" : 0.000000,
        "64" : 0.000000,
        ">=64" : 0.000000
      },
      "latency_ns" : {
        "2" : 0.000000,
        "4" : 0.000000,
        "10" : 0.000000,
        "20" : 0.000000,
        "50" : 0.000000,
        "100" : 0.000000,
        "250" : 0.021782,
        "500" : 0.037767,
        "750" : 0.215304,
        "1000" : 0.551786
      },
      "latency_us" : {
        "2" : 8.643924,
        "4" : 54.401119,
        "10" : 35.915827,
        "20" : 0.038254,
        "50" : 0.112915,
        "100" : 0.023830,
        "250" : 0.025530,
        "500" : 0.010000,
        "750" : 0.010000,
        "1000" : 0.010000
      },
      "latency_ms" : {
        "2" : 0.010000,
        "4" : 0.010000,
        "10" : 0.010000,
        "20" : 0.010000,
        "50" : 0.010000,
        "100" : 0.010000,
        "250" : 0.010000,
        "500" : 0.000000,
        "750" : 0.000000,
        "1000" : 0.000000,
        "2000" : 0.000000,
        ">=2000" : 0.000000
      },
      "latency_depth" : 1,
      "latency_target" : 0,
      "latency_percentile" : 100.000000,
      "latency_window" : 0
    }
  ],
  "disk_util" : [
    {
      "name" : "sda",
      "read_ios" : 196656,
      "write_ios" : 215366,
      "read_sectors" : 1582632,
      "write_sectors" : 17416600,
      "read_merges" : 362,
      "write_merges" : 21023,
      "read_ticks" : 225671,
      "write_ticks" : 38750333,
      "in_queue" : 38976013,
      "util" : 11.290898
    }
  ]
}
