{
  "fio version" : "fio-3.40",
  "timestamp" : 1772004035,
  "timestamp_ms" : 1772004035609,
  "time" : "Wed Feb 25 08:20:35 2026",
  "global options" : {
    "group_reporting" : "",
    "ioengine" : "mmap",
    "size" : "768m",
    "thread" : "1",
    "directory" : "/tmp",
    "time_based" : "",
    "runtime" : "180",
    "norandommap" : "1",
    "filename" : "/tmp/fio_readwrite",
    "share_mmap" : "1",
    "repl" : "1"
  },
  "jobs" : [
    {
      "jobname" : "writers",
      "groupid" : 0,
      "job_start" : 1772003855365,
      "error" : 0,
      "eta" : 0,
      "elapsed" : 181,
      "job options" : {
        "rw" : "randread",
        "random_distribution" : "random",
        "numjobs" : "6"
      },
      "read" : {
        "io_bytes" : 1072892166144,
        "io_kbytes" : 1047746256,
        "bw_bytes" : 5960412693,
        "bw" : 5820715,
        "iops" : 1455178.880352,
        "runtime" : 180003,
        "total_ios" : 261936564,
        "short_ios" : 0,
        "drop_ios" : 0,
        "slat_ns" : {
          "min" : 0,
          "max" : 0,
          "mean" : 0.000000,
          "stddev" : 0.000000,
          "N" : 0
        },
        "clat_ns" : {
          "min" : 125,
          "max" : 79356984,
          "mean" : 3026.806129,
          "stddev" : 15165.725732,
          "N" : 261936564,
          "percentile" : {
            "1.000000" : 924,
            "5.000000" : 1368,
            "10.000000" : 1672,
            "20.000000" : 2096,
            "30.000000" : 2384,
            "40.000000" : 2640,
            "50.000000" : 2864,
            "60.000000" : 3088,
            "70.000000" : 3344,
            "80.000000" : 3664,
            "90.000000" : 4192,
            "95.000000" : 4640,
            "99.000000" : 5792,
            "99.500000" : 6304,
            "99.900000" : 9280,
            "99.950000" : 19840,
            "99.990000" : 49408
          }
        },
        "lat_ns" : {
          "min" : 161,
          "max" : 79357027,
          "mean" : 3102.301119,
          "stddev" : 15283.034784,
          "N" : 261936564
        },
        "bw_min" : 9336,
        "bw_max" : 8352533,
        "bw_agg" : 100.000000,
        "bw_mean" : 5925124.447592,
        "bw_dev" : 163713.206148,
        "bw_samples" : 2118,
        "iops_min" : 2334,
        "iops_max" : 2088130,
        "iops_mean" : 1481279.728045,
        "iops_stddev" : 40928.249832,
        "iops_samples" : 2118
      },
      "write" : {
        "io_bytes" : 9822630207488,
        "io_kbytes" : 9592412312,
        "bw_bytes" : 54569258331,
        "bw" : 53290291,
        "iops" : 13322572.834897,
        "runtime" : 180003,
        "total_ios" : 2398103078,
        "short_ios" : 0,
        "drop_ios" : 0,
        "slat_ns" : {
          "min" : 0,
          "max" : 0,
          "mean" : 0.000000,
          "stddev" : 0.000000,
          "N" : 0
        },
        "clat_ns" : {
          "min" : 123,
          "max" : 30213063,
          "mean" : 3026.572885,
          "stddev" : 15655.606370,
          "N" : 2398103078,
          "percentile" : {
            "1.000000" : 948,
            "5.000000" : 1352,
            "10.000000" : 1640,
            "20.000000" : 2024,
            "30.000000" : 2288,
            "40.000000" : 2512,
            "50.000000" : 2736,
            "60.000000" : 2992,
            "70.000000" : 3280,
            "80.000000" : 3632,
            "90.000000" : 4192,
            "95.000000" : 4640,
            "99.000000" : 5856,
            "99.500000" : 6496,
            "99.900000" : 21888,
            "99.950000" : 70144,
            "99.990000" : 185344
          }
        },
        "lat_ns" : {
          "min" : 173,
          "max" : 30213173,
          "mean" : 3174.673883,
          "stddev" : 15873.242532,
          "N" : 2398103078
        },
        "bw_min" : 90024,
        "bw_max" : 68186252,
        "bw_agg" : 100.000000,
        "bw_mean" : 54245878.719547,
        "bw_dev" : 149539.700694,
        "bw_samples" : 20474,
        "iops_min" : 22506,
        "iops_max" : 17046551,
        "iops_mean" : 13561456.932011,
        "iops_stddev" : 37384.898453,
        "iops_samples" : 20474
      },
      "trim" : {
        "io_bytes" : 0,
        "io_kbytes" : 0,
        "bw_bytes" : 0,
        "bw" : 0,
        "iops" : 0.000000,
        "runtime" : 0,
        "total_ios" : 0,
        "short_ios" : 0,
        "drop_ios" : 0,
        "slat_ns" : {
          "min" : 0,
          "max" : 0,
          "mean" : 0.000000,
          "stddev" : 0.000000,
          "N" : 0
        },
        "clat_ns" : {
          "min" : 0,
          "max" : 0,
          "mean" : 0.000000,
          "stddev" : 0.000000,
          "N" : 0
        },
        "lat_ns" : {
          "min" : 0,
          "max" : 0,
          "mean" : 0.000000,
          "stddev" : 0.000000,
          "N" : 0
        },
        "bw_min" : 0,
        "bw_max" : 0,
        "bw_agg" : 0.000000,
        "bw_mean" : 0.000000,
        "bw_dev" : 0.000000,
        "bw_samples" : 0,
        "iops_min" : 0,
        "iops_max" : 0,
        "iops_mean" : 0.000000,
        "iops_stddev" : 0.000000,
        "iops_samples" : 0
      },
      "sync" : {
        "total_ios" : 0,
        "lat_ns" : {
          "min" : 0,
          "max" : 0,
          "mean" : 0.000000,
          "stddev" : 0.000000,
          "N" : 0
        }
      },
      "job_runtime" : 11520032,
      "usr_cpu" : 94.185572,
      "sys_cpu" : 1.205986,
      "ctx" : 1212378,
      "majf" : 196627,
      "minf" : 1694053,
      "iodepth_level" : {
        "1" : 100.000000,
        "2" : 0.000000,
        "4" : 0.000000,
        "8" : 0.000000,
        "16" : 0.000000,
        "32" : 0.000000,
        ">=64" : 0.000000
      },
      "iodepth_submit" : {
        "0" : 0.000000,
        "4" : 100.000000,
        "8" : 0.000000,
        "16" : 0.000000,
        "32" : 0.000000,
        "64" : 0.000000,
        ">=64" : 0.000000
      },
      "iodepth_complete" : {
        "0" : 0.000000,
        "4" : 100.000000,
        "8" : 0.000000,
        "16" : 0.000000,
        "32" : 0.000000,
        "64" : 0.000000,
        ">=64" : 0.000000
      },
      "latency_ns" : {
        "2" : 0.000000,
        "4" : 0.000000,
        "10" : 0.000000,
        "20" : 0.000000,
        "50" : 0.000000,
        "100" : 0.000000,
        "250" : 0.021331,
        "500" : 0.036831,
        "750" : 0.233749,
        "1000" : 1.033396
      },
      "latency_us" : {
        "2" : 17.758272,
        "4" : 68.345644,
        "10" : 12.416385,
        "20" : 0.043407,
        "50" : 0.062496,
        "100" : 0.015817,
        "250" : 0.023668,
        "500" : 0.010000,
        "750" : 0.010000,
        "1000" : 0.010000
      },
      "latency_ms" : {
        "2" : 0.010000,
        "4" : 0.010000,
        "10" : 0.010000,
        "20" : 0.010000,
        "50" : 0.010000,
        "100" : 0.010000,
        "250" : 0.000000,
        "500" : 0.000000,
        "750" : 0.000000,
        "1000" : 0.000000,
        "2000" : 0.000000,
        ">=2000" : 0.000000
      },
      "latency_depth" : 1,
      "latency_target" : 0,
      "latency_percentile" : 100.000000,
      "latency_window" : 0
    }
  ],
  "disk_util" : [
    {
      "name" : "sda",
      "read_ios" : 196584,
      "write_ios" : 199294,
      "read_sectors" : 1574280,
      "write_sectors" : 14879592,
      "read_merges" : 201,
      "write_merges" : 20667,
      "read_ticks" : 189838,
      "write_ticks" : 68082631,
      "in_queue" : 68272481,
      "util" : 9.982917
    }
  ]
}
