{
  "fio version" : "fio-3.40",
  "timestamp" : 1764485391,
  "timestamp_ms" : 1764485391476,
  "time" : "Sun Nov 30 07:49:51 2025",
  "global options" : {
    "group_reporting" : "",
    "ioengine" : "mmap",
    "size" : "768m",
    "thread" : "1",
    "directory" : "/tmp",
    "time_based" : "",
    "runtime" : "120",
    "filename" : "/tmp/fio_readwrite",
    "share_mmap" : "1",
    "repl" : "1"
  },
  "jobs" : [
    {
      "jobname" : "writers",
      "groupid" : 0,
      "job_start" : 1764485271448,
      "error" : 0,
      "eta" : 0,
      "elapsed" : 121,
      "job options" : {
        "rw" : "randread",
        "random_distribution" : "zipf",
        "numjobs" : "61"
      },
      "read" : {
        "io_bytes" : 19333130272768,
        "io_kbytes" : 18880010032,
        "bw_bytes" : 161108076372,
        "bw" : 157332105,
        "iops" : 39333026.458113,
        "runtime" : 120001,
        "total_ios" : 4720002508,
        "short_ios" : 0,
        "drop_ios" : 0,
        "slat_ns" : {
          "min" : 0,
          "max" : 0,
          "mean" : 0.000000,
          "stddev" : 0.000000,
          "N" : 0
        },
        "clat_ns" : {
          "min" : 93,
          "max" : 37948494,
          "mean" : 752.196829,
          "stddev" : 7138.741510,
          "N" : 4720002508,
          "percentile" : {
            "1.000000" : 135,
            "5.000000" : 165,
            "10.000000" : 191,
            "20.000000" : 217,
            "30.000000" : 245,
            "40.000000" : 354,
            "50.000000" : 556,
            "60.000000" : 780,
            "70.000000" : 1004,
            "80.000000" : 1208,
            "90.000000" : 1464,
            "95.000000" : 1688,
            "99.000000" : 2288,
            "99.500000" : 2736,
            "99.900000" : 3536,
            "99.950000" : 4448,
            "99.990000" : 18816
          }
        },
        "lat_ns" : {
          "min" : 120,
          "max" : 37948552,
          "mean" : 841.421615,
          "stddev" : 7295.409140,
          "N" : 4720002508
        },
        "bw_min" : 728234,
        "bw_max" : 176357951,
        "bw_agg" : 100.000000,
        "bw_mean" : 157470015.384937,
        "bw_dev" : 377636.558065,
        "bw_samples" : 14579,
        "iops_min" : 182049,
        "iops_max" : 44089480,
        "iops_mean" : 39367488.267782,
        "iops_stddev" : 94409.103023,
        "iops_samples" : 14579
      },
      "write" : {
        "io_bytes" : 975802597376,
        "io_kbytes" : 952932224,
        "bw_bytes" : 8131552785,
        "bw" : 7940969,
        "iops" : 1985242.379294,
        "runtime" : 120002,
        "total_ios" : 238233056,
        "short_ios" : 0,
        "drop_ios" : 0,
        "slat_ns" : {
          "min" : 0,
          "max" : 0,
          "mean" : 0.000000,
          "stddev" : 0.000000,
          "N" : 0
        },
        "clat_ns" : {
          "min" : 96,
          "max" : 15995383,
          "mean" : 796.275182,
          "stddev" : 9158.972699,
          "N" : 238233056,
          "percentile" : {
            "1.000000" : 129,
            "5.000000" : 151,
            "10.000000" : 179,
            "20.000000" : 211,
            "30.000000" : 231,
            "40.000000" : 334,
            "50.000000" : 588,
            "60.000000" : 844,
            "70.000000" : 1032,
            "80.000000" : 1192,
            "90.000000" : 1432,
            "95.000000" : 1640,
            "99.000000" : 2896,
            "99.500000" : 6176,
            "99.900000" : 10432,
            "99.950000" : 16320,
            "99.990000" : 38656
          }
        },
        "lat_ns" : {
          "min" : 135,
          "max" : 15995475,
          "mean" : 886.918872,
          "stddev" : 9502.249758,
          "N" : 238233056
        },
        "bw_min" : 35696,
        "bw_max" : 9101395,
        "bw_agg" : 100.000000,
        "bw_mean" : 7947361.004184,
        "bw_dev" : 425837.274256,
        "bw_samples" : 717,
        "iops_min" : 8924,
        "iops_max" : 2275350,
        "iops_mean" : 1986839.887029,
        "iops_stddev" : 106459.324478,
        "iops_samples" : 717
      },
      "trim" : {
        "io_bytes" : 0,
        "io_kbytes" : 0,
        "bw_bytes" : 0,
        "bw" : 0,
        "iops" : 0.000000,
        "runtime" : 0,
        "total_ios" : 0,
        "short_ios" : 0,
        "drop_ios" : 0,
        "slat_ns" : {
          "min" : 0,
          "max" : 0,
          "mean" : 0.000000,
          "stddev" : 0.000000,
          "N" : 0
        },
        "clat_ns" : {
          "min" : 0,
          "max" : 0,
          "mean" : 0.000000,
          "stddev" : 0.000000,
          "N" : 0
        },
        "lat_ns" : {
          "min" : 0,
          "max" : 0,
          "mean" : 0.000000,
          "stddev" : 0.000000,
          "N" : 0
        },
        "bw_min" : 0,
        "bw_max" : 0,
        "bw_agg" : 0.000000,
        "bw_mean" : 0.000000,
        "bw_dev" : 0.000000,
        "bw_samples" : 0,
        "iops_min" : 0,
        "iops_max" : 0,
        "iops_mean" : 0.000000,
        "iops_stddev" : 0.000000,
        "iops_samples" : 0
      },
      "sync" : {
        "total_ios" : 0,
        "lat_ns" : {
          "min" : 0,
          "max" : 0,
          "mean" : 0.000000,
          "stddev" : 0.000000,
          "N" : 0
        }
      },
      "job_runtime" : 7680001,
      "usr_cpu" : 97.383060,
      "sys_cpu" : 0.170573,
      "ctx" : 264962,
      "majf" : 196610,
      "minf" : 1573314,
      "iodepth_level" : {
        "1" : 100.000000,
        "2" : 0.000000,
        "4" : 0.000000,
        "8" : 0.000000,
        "16" : 0.000000,
        "32" : 0.000000,
        ">=64" : 0.000000
      },
      "iodepth_submit" : {
        "0" : 0.000000,
        "4" : 100.000000,
        "8" : 0.000000,
        "16" : 0.000000,
        "32" : 0.000000,
        "64" : 0.000000,
        ">=64" : 0.000000
      },
      "iodepth_complete" : {
        "0" : 0.000000,
        "4" : 100.000000,
        "8" : 0.000000,
        "16" : 0.000000,
        "32" : 0.000000,
        "64" : 0.000000,
        ">=64" : 0.000000
      },
      "latency_ns" : {
        "2" : 0.000000,
        "4" : 0.000000,
        "10" : 0.000000,
        "20" : 0.000000,
        "50" : 0.000000,
        "100" : 0.010000,
        "250" : 30.841453,
        "500" : 16.924500,
        "750" : 10.741587,
        "1000" : 11.381960
      },
      "latency_us" : {
        "2" : 28.118849,
        "4" : 1.902337,
        "10" : 0.043298,
        "20" : 0.037090,
        "50" : 0.010000,
        "100" : 0.010000,
        "250" : 0.010000,
        "500" : 0.010000,
        "750" : 0.010000,
        "1000" : 0.010000
      },
      "latency_ms" : {
        "2" : 0.010000,
        "4" : 0.010000,
        "10" : 0.010000,
        "20" : 0.010000,
        "50" : 0.010000,
        "100" : 0.000000,
        "250" : 0.000000,
        "500" : 0.000000,
        "750" : 0.000000,
        "1000" : 0.000000,
        "2000" : 0.000000,
        ">=2000" : 0.000000
      },
      "latency_depth" : 1,
      "latency_target" : 0,
      "latency_percentile" : 100.000000,
      "latency_window" : 0
    }
  ],
  "disk_util" : [
    {
      "name" : "sdb",
      "read_ios" : 196584,
      "write_ios" : 46180,
      "read_sectors" : 1574288,
      "write_sectors" : 11137104,
      "read_merges" : 202,
      "write_merges" : 172,
      "read_ticks" : 149846,
      "write_ticks" : 530408,
      "in_queue" : 680259,
      "util" : 13.282862
    }
  ]
}
