{
  "fio version" : "fio-3.40",
  "timestamp" : 1769906469,
  "timestamp_ms" : 1769906469223,
  "time" : "Sun Feb  1 01:41:09 2026",
  "global options" : {
    "group_reporting" : "",
    "ioengine" : "mmap",
    "size" : "768m",
    "thread" : "1",
    "directory" : "/tmp",
    "time_based" : "",
    "runtime" : "180",
    "norandommap" : "1",
    "filename" : "/tmp/fio_readwrite",
    "share_mmap" : "1",
    "repl" : "1"
  },
  "jobs" : [
    {
      "jobname" : "writers",
      "groupid" : 0,
      "job_start" : 1769906289021,
      "error" : 0,
      "eta" : 0,
      "elapsed" : 181,
      "job options" : {
        "rw" : "randread",
        "random_distribution" : "random",
        "numjobs" : "19"
      },
      "read" : {
        "io_bytes" : 3335008858112,
        "io_kbytes" : 3256844588,
        "bw_bytes" : 18527518197,
        "bw" : 18093279,
        "iops" : 4523319.872447,
        "runtime" : 180003,
        "total_ios" : 814211147,
        "short_ios" : 0,
        "drop_ios" : 0,
        "slat_ns" : {
          "min" : 0,
          "max" : 0,
          "mean" : 0.000000,
          "stddev" : 0.000000,
          "N" : 0
        },
        "clat_ns" : {
          "min" : 98,
          "max" : 32094636,
          "mean" : 3200.673331,
          "stddev" : 8038.772463,
          "N" : 814211147,
          "percentile" : {
            "1.000000" : 1004,
            "5.000000" : 1592,
            "10.000000" : 1912,
            "20.000000" : 2256,
            "30.000000" : 2512,
            "40.000000" : 2736,
            "50.000000" : 2960,
            "60.000000" : 3152,
            "70.000000" : 3408,
            "80.000000" : 3664,
            "90.000000" : 4080,
            "95.000000" : 4512,
            "99.000000" : 5536,
            "99.500000" : 6880,
            "99.900000" : 80384,
            "99.950000" : 94720,
            "99.990000" : 199680
          }
        },
        "lat_ns" : {
          "min" : 125,
          "max" : 32094669,
          "mean" : 3281.018340,
          "stddev" : 8074.309347,
          "N" : 814211147
        },
        "bw_min" : 101184,
        "bw_max" : 21229535,
        "bw_agg" : 100.000000,
        "bw_mean" : 18293895.806813,
        "bw_dev" : 185691.089215,
        "bw_samples" : 6752,
        "iops_min" : 25296,
        "iops_max" : 5307388,
        "iops_mean" : 4573470.515936,
        "iops_stddev" : 46422.764917,
        "iops_samples" : 6752
      },
      "write" : {
        "io_bytes" : 8079510892544,
        "io_kbytes" : 7890147356,
        "bw_bytes" : 44885423534,
        "bw" : 43833421,
        "iops" : 10958355.355189,
        "runtime" : 180003,
        "total_ios" : 1972536839,
        "short_ios" : 0,
        "drop_ios" : 0,
        "slat_ns" : {
          "min" : 0,
          "max" : 0,
          "mean" : 0.000000,
          "stddev" : 0.000000,
          "N" : 0
        },
        "clat_ns" : {
          "min" : 96,
          "max" : 8155974,
          "mean" : 3088.800982,
          "stddev" : 8410.800435,
          "N" : 1972536839,
          "percentile" : {
            "1.000000" : 1096,
            "5.000000" : 1544,
            "10.000000" : 1816,
            "20.000000" : 2160,
            "30.000000" : 2384,
            "40.000000" : 2608,
            "50.000000" : 2832,
            "60.000000" : 3024,
            "70.000000" : 3280,
            "80.000000" : 3568,
            "90.000000" : 3952,
            "95.000000" : 4320,
            "99.000000" : 5216,
            "99.500000" : 6240,
            "99.900000" : 83456,
            "99.950000" : 150528,
            "99.990000" : 230400
          }
        },
        "lat_ns" : {
          "min" : 136,
          "max" : 8156027,
          "mean" : 3204.346826,
          "stddev" : 8452.204348,
          "N" : 1972536839
        },
        "bw_min" : 221312,
        "bw_max" : 48346420,
        "bw_agg" : 100.000000,
        "bw_mean" : 44338856.156180,
        "bw_dev" : 211846.886058,
        "bw_samples" : 15986,
        "iops_min" : 55328,
        "iops_max" : 12086603,
        "iops_mean" : 11084706.649691,
        "iops_stddev" : 52961.717681,
        "iops_samples" : 15986
      },
      "trim" : {
        "io_bytes" : 0,
        "io_kbytes" : 0,
        "bw_bytes" : 0,
        "bw" : 0,
        "iops" : 0.000000,
        "runtime" : 0,
        "total_ios" : 0,
        "short_ios" : 0,
        "drop_ios" : 0,
        "slat_ns" : {
          "min" : 0,
          "max" : 0,
          "mean" : 0.000000,
          "stddev" : 0.000000,
          "N" : 0
        },
        "clat_ns" : {
          "min" : 0,
          "max" : 0,
          "mean" : 0.000000,
          "stddev" : 0.000000,
          "N" : 0
        },
        "lat_ns" : {
          "min" : 0,
          "max" : 0,
          "mean" : 0.000000,
          "stddev" : 0.000000,
          "N" : 0
        },
        "bw_min" : 0,
        "bw_max" : 0,
        "bw_agg" : 0.000000,
        "bw_mean" : 0.000000,
        "bw_dev" : 0.000000,
        "bw_samples" : 0,
        "iops_min" : 0,
        "iops_max" : 0,
        "iops_mean" : 0.000000,
        "iops_stddev" : 0.000000,
        "iops_samples" : 0
      },
      "sync" : {
        "total_ios" : 0,
        "lat_ns" : {
          "min" : 0,
          "max" : 0,
          "mean" : 0.000000,
          "stddev" : 0.000000,
          "N" : 0
        }
      },
      "job_runtime" : 11520025,
      "usr_cpu" : 93.954701,
      "sys_cpu" : 4.598879,
      "ctx" : 400984,
      "majf" : 156182,
      "minf" : 4007004,
      "iodepth_level" : {
        "1" : 100.000000,
        "2" : 0.000000,
        "4" : 0.000000,
        "8" : 0.000000,
        "16" : 0.000000,
        "32" : 0.000000,
        ">=64" : 0.000000
      },
      "iodepth_submit" : {
        "0" : 0.000000,
        "4" : 100.000000,
        "8" : 0.000000,
        "16" : 0.000000,
        "32" : 0.000000,
        "64" : 0.000000,
        ">=64" : 0.000000
      },
      "iodepth_complete" : {
        "0" : 0.000000,
        "4" : 100.000000,
        "8" : 0.000000,
        "16" : 0.000000,
        "32" : 0.000000,
        "64" : 0.000000,
        ">=64" : 0.000000
      },
      "latency_ns" : {
        "2" : 0.000000,
        "4" : 0.000000,
        "10" : 0.000000,
        "20" : 0.000000,
        "50" : 0.000000,
        "100" : 0.010000,
        "250" : 0.035789,
        "500" : 0.031304,
        "750" : 0.168023,
        "1000" : 0.507780
      },
      "latency_us" : {
        "2" : 13.378078,
        "4" : 75.937919,
        "10" : 9.560139,
        "20" : 0.203480,
        "50" : 0.032289,
        "100" : 0.078479,
        "250" : 0.058907,
        "500" : 0.010000,
        "750" : 0.010000,
        "1000" : 0.010000
      },
      "latency_ms" : {
        "2" : 0.010000,
        "4" : 0.010000,
        "10" : 0.010000,
        "20" : 0.010000,
        "50" : 0.010000,
        "100" : 0.000000,
        "250" : 0.000000,
        "500" : 0.000000,
        "750" : 0.000000,
        "1000" : 0.000000,
        "2000" : 0.000000,
        ">=2000" : 0.000000
      },
      "latency_depth" : 1,
      "latency_target" : 0,
      "latency_percentile" : 100.000000,
      "latency_window" : 0
    }
  ],
  "disk_util" : [
    {
      "name" : "sdb",
      "read_ios" : 156228,
      "write_ios" : 46827,
      "read_sectors" : 1255176,
      "write_sectors" : 2021104,
      "read_merges" : 334,
      "write_merges" : 1680,
      "read_ticks" : 91580,
      "write_ticks" : 23258307,
      "in_queue" : 23349894,
      "util" : 2.320428
    }
  ]
}
