{
  "fio version" : "fio-3.40",
  "timestamp" : 1765212266,
  "timestamp_ms" : 1765212266832,
  "time" : "Mon Dec  8 17:44:26 2025",
  "global options" : {
    "group_reporting" : "",
    "ioengine" : "mmap",
    "size" : "768m",
    "thread" : "1",
    "directory" : "/tmp",
    "time_based" : "",
    "runtime" : "180",
    "norandommap" : "1",
    "filename" : "/tmp/fio_readwrite",
    "share_mmap" : "1",
    "repl" : "1"
  },
  "jobs" : [
    {
      "jobname" : "writers",
      "groupid" : 0,
      "job_start" : 1765212086806,
      "error" : 0,
      "eta" : 0,
      "elapsed" : 181,
      "job options" : {
        "rw" : "randread",
        "random_distribution" : "random",
        "numjobs" : "32"
      },
      "read" : {
        "io_bytes" : 6597118660608,
        "io_kbytes" : 6442498692,
        "bw_bytes" : 36650252000,
        "bw" : 35791261,
        "iops" : 8947815.429829,
        "runtime" : 180002,
        "total_ios" : 1610624673,
        "short_ios" : 0,
        "drop_ios" : 0,
        "slat_ns" : {
          "min" : 0,
          "max" : 0,
          "mean" : 0.000000,
          "stddev" : 0.000000,
          "N" : 0
        },
        "clat_ns" : {
          "min" : 97,
          "max" : 50362937,
          "mean" : 2894.365794,
          "stddev" : 11795.872007,
          "N" : 1610624673,
          "percentile" : {
            "1.000000" : 972,
            "5.000000" : 1400,
            "10.000000" : 1688,
            "20.000000" : 2064,
            "30.000000" : 2320,
            "40.000000" : 2576,
            "50.000000" : 2768,
            "60.000000" : 2960,
            "70.000000" : 3184,
            "80.000000" : 3472,
            "90.000000" : 3888,
            "95.000000" : 4256,
            "99.000000" : 5280,
            "99.500000" : 5920,
            "99.900000" : 17536,
            "99.950000" : 18560,
            "99.990000" : 30336
          }
        },
        "lat_ns" : {
          "min" : 125,
          "max" : 50362968,
          "mean" : 2956.682421,
          "stddev" : 11850.370205,
          "N" : 1610624673
        },
        "bw_min" : 119968,
        "bw_max" : 44112877,
        "bw_agg" : 100.000000,
        "bw_mean" : 36127722.492958,
        "bw_dev" : 171334.117724,
        "bw_samples" : 11360,
        "iops_min" : 29992,
        "iops_max" : 11028228,
        "iops_mean" : 9031925.194366,
        "iops_stddev" : 42833.511490,
        "iops_samples" : 11360
      },
      "write" : {
        "io_bytes" : 6005394079744,
        "io_kbytes" : 5864642656,
        "bw_bytes" : 33362929743,
        "bw" : 32580986,
        "iops" : 8145246.519483,
        "runtime" : 180002,
        "total_ios" : 1466160664,
        "short_ios" : 0,
        "drop_ios" : 0,
        "slat_ns" : {
          "min" : 0,
          "max" : 0,
          "mean" : 0.000000,
          "stddev" : 0.000000,
          "N" : 0
        },
        "clat_ns" : {
          "min" : 97,
          "max" : 68307111,
          "mean" : 2900.653348,
          "stddev" : 18853.205627,
          "N" : 1466160664,
          "percentile" : {
            "1.000000" : 988,
            "5.000000" : 1416,
            "10.000000" : 1688,
            "20.000000" : 1976,
            "30.000000" : 2192,
            "40.000000" : 2384,
            "50.000000" : 2608,
            "60.000000" : 2832,
            "70.000000" : 3056,
            "80.000000" : 3344,
            "90.000000" : 3760,
            "95.000000" : 4128,
            "99.000000" : 5344,
            "99.500000" : 6624,
            "99.900000" : 28032,
            "99.950000" : 83456,
            "99.990000" : 160768
          }
        },
        "lat_ns" : {
          "min" : 134,
          "max" : 68307161,
          "mean" : 3012.381263,
          "stddev" : 19072.870887,
          "N" : 1466160664
        },
        "bw_min" : 119888,
        "bw_max" : 44187573,
        "bw_agg" : 100.000000,
        "bw_mean" : 32886652.253521,
        "bw_dev" : 158861.217792,
        "bw_samples" : 11360,
        "iops_min" : 29972,
        "iops_max" : 11046889,
        "iops_mean" : 8221659.723944,
        "iops_stddev" : 39715.305004,
        "iops_samples" : 11360
      },
      "trim" : {
        "io_bytes" : 0,
        "io_kbytes" : 0,
        "bw_bytes" : 0,
        "bw" : 0,
        "iops" : 0.000000,
        "runtime" : 0,
        "total_ios" : 0,
        "short_ios" : 0,
        "drop_ios" : 0,
        "slat_ns" : {
          "min" : 0,
          "max" : 0,
          "mean" : 0.000000,
          "stddev" : 0.000000,
          "N" : 0
        },
        "clat_ns" : {
          "min" : 0,
          "max" : 0,
          "mean" : 0.000000,
          "stddev" : 0.000000,
          "N" : 0
        },
        "lat_ns" : {
          "min" : 0,
          "max" : 0,
          "mean" : 0.000000,
          "stddev" : 0.000000,
          "N" : 0
        },
        "bw_min" : 0,
        "bw_max" : 0,
        "bw_agg" : 0.000000,
        "bw_mean" : 0.000000,
        "bw_dev" : 0.000000,
        "bw_samples" : 0,
        "iops_min" : 0,
        "iops_max" : 0,
        "iops_mean" : 0.000000,
        "iops_stddev" : 0.000000,
        "iops_samples" : 0
      },
      "sync" : {
        "total_ios" : 0,
        "lat_ns" : {
          "min" : 0,
          "max" : 0,
          "mean" : 0.000000,
          "stddev" : 0.000000,
          "N" : 0
        }
      },
      "job_runtime" : 11520005,
      "usr_cpu" : 95.265089,
      "sys_cpu" : 1.138220,
      "ctx" : 680555,
      "majf" : 196611,
      "minf" : 2201399,
      "iodepth_level" : {
        "1" : 100.000000,
        "2" : 0.000000,
        "4" : 0.000000,
        "8" : 0.000000,
        "16" : 0.000000,
        "32" : 0.000000,
        ">=64" : 0.000000
      },
      "iodepth_submit" : {
        "0" : 0.000000,
        "4" : 100.000000,
        "8" : 0.000000,
        "16" : 0.000000,
        "32" : 0.000000,
        "64" : 0.000000,
        ">=64" : 0.000000
      },
      "iodepth_complete" : {
        "0" : 0.000000,
        "4" : 100.000000,
        "8" : 0.000000,
        "16" : 0.000000,
        "32" : 0.000000,
        "64" : 0.000000,
        ">=64" : 0.000000
      },
      "latency_ns" : {
        "2" : 0.000000,
        "4" : 0.000000,
        "10" : 0.000000,
        "20" : 0.000000,
        "50" : 0.000000,
        "100" : 0.010000,
        "250" : 0.039129,
        "500" : 0.032582,
        "750" : 0.190126,
        "1000" : 0.847353
      },
      "latency_us" : {
        "2" : 18.233940,
        "4" : 73.324037,
        "10" : 7.023232,
        "20" : 0.231849,
        "50" : 0.040070,
        "100" : 0.017395,
        "250" : 0.012552,
        "500" : 0.010000,
        "750" : 0.010000,
        "1000" : 0.010000
      },
      "latency_ms" : {
        "2" : 0.010000,
        "4" : 0.010000,
        "10" : 0.010000,
        "20" : 0.010000,
        "50" : 0.010000,
        "100" : 0.010000,
        "250" : 0.000000,
        "500" : 0.000000,
        "750" : 0.000000,
        "1000" : 0.000000,
        "2000" : 0.000000,
        ">=2000" : 0.000000
      },
      "latency_depth" : 1,
      "latency_target" : 0,
      "latency_percentile" : 100.000000,
      "latency_window" : 0
    }
  ],
  "disk_util" : [
    {
      "name" : "sda",
      "read_ios" : 196544,
      "write_ios" : 82732,
      "read_sectors" : 1573840,
      "write_sectors" : 17554088,
      "read_merges" : 186,
      "write_merges" : 3558,
      "read_ticks" : 187330,
      "write_ticks" : 8701947,
      "in_queue" : 8889285,
      "util" : 10.992513
    }
  ]
}
