{
  "fio version" : "fio-3.40",
  "timestamp" : 1771887592,
  "timestamp_ms" : 1771887592398,
  "time" : "Mon Feb 23 23:59:52 2026",
  "global options" : {
    "group_reporting" : "",
    "ioengine" : "mmap",
    "size" : "768m",
    "thread" : "1",
    "directory" : "/tmp",
    "time_based" : "",
    "runtime" : "180",
    "norandommap" : "1",
    "filename" : "/tmp/fio_readwrite",
    "share_mmap" : "1",
    "repl" : "1"
  },
  "jobs" : [
    {
      "jobname" : "writers",
      "groupid" : 0,
      "job_start" : 1771887412100,
      "error" : 0,
      "eta" : 0,
      "elapsed" : 181,
      "job options" : {
        "rw" : "randread",
        "random_distribution" : "random",
        "numjobs" : "26"
      },
      "read" : {
        "io_bytes" : 4279570960384,
        "io_kbytes" : 4179268516,
        "bw_bytes" : 23774997974,
        "bw" : 23217771,
        "iops" : 5804442.864841,
        "runtime" : 180003,
        "total_ios" : 1044817129,
        "short_ios" : 0,
        "drop_ios" : 0,
        "slat_ns" : {
          "min" : 0,
          "max" : 0,
          "mean" : 0.000000,
          "stddev" : 0.000000,
          "N" : 0
        },
        "clat_ns" : {
          "min" : 125,
          "max" : 9017793,
          "mean" : 3501.326117,
          "stddev" : 8627.132877,
          "N" : 1044817129,
          "percentile" : {
            "1.000000" : 836,
            "5.000000" : 1544,
            "10.000000" : 1944,
            "20.000000" : 2416,
            "30.000000" : 2736,
            "40.000000" : 3024,
            "50.000000" : 3280,
            "60.000000" : 3504,
            "70.000000" : 3760,
            "80.000000" : 4080,
            "90.000000" : 4512,
            "95.000000" : 4896,
            "99.000000" : 5920,
            "99.500000" : 6624,
            "99.900000" : 89600,
            "99.950000" : 104960,
            "99.990000" : 203776
          }
        },
        "lat_ns" : {
          "min" : 161,
          "max" : 9017834,
          "mean" : 3588.867997,
          "stddev" : 8670.610121,
          "N" : 1044817129
        },
        "bw_min" : 168692,
        "bw_max" : 29320783,
        "bw_agg" : 100.000000,
        "bw_mean" : 23597925.087324,
        "bw_dev" : 181117.527177,
        "bw_samples" : 9169,
        "iops_min" : 42173,
        "iops_max" : 7330194,
        "iops_mean" : 5899476.014325,
        "iops_stddev" : 45279.345468,
        "iops_samples" : 9169
      },
      "write" : {
        "io_bytes" : 6076870475776,
        "io_kbytes" : 5934443824,
        "bw_bytes" : 33760016420,
        "bw" : 32968766,
        "iops" : 8242191.508983,
        "runtime" : 180002,
        "total_ios" : 1483610956,
        "short_ios" : 0,
        "drop_ios" : 0,
        "slat_ns" : {
          "min" : 0,
          "max" : 0,
          "mean" : 0.000000,
          "stddev" : 0.000000,
          "N" : 0
        },
        "clat_ns" : {
          "min" : 126,
          "max" : 15616586,
          "mean" : 3421.534491,
          "stddev" : 8873.861144,
          "N" : 1483610956,
          "percentile" : {
            "1.000000" : 1096,
            "5.000000" : 1640,
            "10.000000" : 1960,
            "20.000000" : 2352,
            "30.000000" : 2640,
            "40.000000" : 2896,
            "50.000000" : 3120,
            "60.000000" : 3344,
            "70.000000" : 3600,
            "80.000000" : 3920,
            "90.000000" : 4320,
            "95.000000" : 4704,
            "99.000000" : 5536,
            "99.500000" : 6176,
            "99.900000" : 98816,
            "99.950000" : 156672,
            "99.990000" : 232448
          }
        },
        "lat_ns" : {
          "min" : 175,
          "max" : 15616997,
          "mean" : 3560.513514,
          "stddev" : 8908.403981,
          "N" : 1483610956
        },
        "bw_min" : 227083,
        "bw_max" : 38139777,
        "bw_agg" : 100.000000,
        "bw_mean" : 33520710.115855,
        "bw_dev" : 210436.089462,
        "bw_samples" : 13393,
        "iops_min" : 56770,
        "iops_max" : 9534937,
        "iops_mean" : 8380170.346587,
        "iops_stddev" : 52608.994605,
        "iops_samples" : 13393
      },
      "trim" : {
        "io_bytes" : 0,
        "io_kbytes" : 0,
        "bw_bytes" : 0,
        "bw" : 0,
        "iops" : 0.000000,
        "runtime" : 0,
        "total_ios" : 0,
        "short_ios" : 0,
        "drop_ios" : 0,
        "slat_ns" : {
          "min" : 0,
          "max" : 0,
          "mean" : 0.000000,
          "stddev" : 0.000000,
          "N" : 0
        },
        "clat_ns" : {
          "min" : 0,
          "max" : 0,
          "mean" : 0.000000,
          "stddev" : 0.000000,
          "N" : 0
        },
        "lat_ns" : {
          "min" : 0,
          "max" : 0,
          "mean" : 0.000000,
          "stddev" : 0.000000,
          "N" : 0
        },
        "bw_min" : 0,
        "bw_max" : 0,
        "bw_agg" : 0.000000,
        "bw_mean" : 0.000000,
        "bw_dev" : 0.000000,
        "bw_samples" : 0,
        "iops_min" : 0,
        "iops_max" : 0,
        "iops_mean" : 0.000000,
        "iops_stddev" : 0.000000,
        "iops_samples" : 0
      },
      "sync" : {
        "total_ios" : 0,
        "lat_ns" : {
          "min" : 0,
          "max" : 0,
          "mean" : 0.000000,
          "stddev" : 0.000000,
          "N" : 0
        }
      },
      "job_runtime" : 11520006,
      "usr_cpu" : 92.565264,
      "sys_cpu" : 5.940136,
      "ctx" : 371367,
      "majf" : 142927,
      "minf" : 5291846,
      "iodepth_level" : {
        "1" : 100.000000,
        "2" : 0.000000,
        "4" : 0.000000,
        "8" : 0.000000,
        "16" : 0.000000,
        "32" : 0.000000,
        ">=64" : 0.000000
      },
      "iodepth_submit" : {
        "0" : 0.000000,
        "4" : 100.000000,
        "8" : 0.000000,
        "16" : 0.000000,
        "32" : 0.000000,
        "64" : 0.000000,
        ">=64" : 0.000000
      },
      "iodepth_complete" : {
        "0" : 0.000000,
        "4" : 100.000000,
        "8" : 0.000000,
        "16" : 0.000000,
        "32" : 0.000000,
        "64" : 0.000000,
        ">=64" : 0.000000
      },
      "latency_ns" : {
        "2" : 0.000000,
        "4" : 0.000000,
        "10" : 0.000000,
        "20" : 0.000000,
        "50" : 0.000000,
        "100" : 0.000000,
        "250" : 0.025754,
        "500" : 0.042120,
        "750" : 0.326448,
        "1000" : 0.683659
      },
      "latency_us" : {
        "2" : 9.834755,
        "4" : 69.671673,
        "10" : 19.115563,
        "20" : 0.039358,
        "50" : 0.049055,
        "100" : 0.128631,
        "250" : 0.075264,
        "500" : 0.010000,
        "750" : 0.010000,
        "1000" : 0.010000
      },
      "latency_ms" : {
        "2" : 0.010000,
        "4" : 0.010000,
        "10" : 0.010000,
        "20" : 0.010000,
        "50" : 0.000000,
        "100" : 0.000000,
        "250" : 0.000000,
        "500" : 0.000000,
        "750" : 0.000000,
        "1000" : 0.000000,
        "2000" : 0.000000,
        ">=2000" : 0.000000
      },
      "latency_depth" : 1,
      "latency_target" : 0,
      "latency_percentile" : 100.000000,
      "latency_window" : 0
    }
  ],
  "disk_util" : [
    {
      "name" : "sda",
      "read_ios" : 142966,
      "write_ios" : 41719,
      "read_sectors" : 1147072,
      "write_sectors" : 1954048,
      "read_merges" : 295,
      "write_merges" : 1524,
      "read_ticks" : 87071,
      "write_ticks" : 10871966,
      "in_queue" : 10959044,
      "util" : 2.423811
    }
  ]
}
