{
  "fio version" : "fio-3.40",
  "timestamp" : 1771993544,
  "timestamp_ms" : 1771993544522,
  "time" : "Wed Feb 25 05:25:44 2026",
  "global options" : {
    "group_reporting" : "",
    "ioengine" : "mmap",
    "size" : "768m",
    "thread" : "1",
    "directory" : "/tmp",
    "time_based" : "",
    "runtime" : "180",
    "norandommap" : "1",
    "filename" : "/tmp/fio_readwrite",
    "share_mmap" : "1",
    "repl" : "1"
  },
  "jobs" : [
    {
      "jobname" : "writers",
      "groupid" : 0,
      "job_start" : 1771993364245,
      "error" : 0,
      "eta" : 0,
      "elapsed" : 181,
      "job options" : {
        "rw" : "randread",
        "random_distribution" : "random",
        "numjobs" : "45"
      },
      "read" : {
        "io_bytes" : 10111837290496,
        "io_kbytes" : 9874841104,
        "bw_bytes" : 56175937570,
        "bw" : 54859314,
        "iops" : 13714828.508414,
        "runtime" : 180003,
        "total_ios" : 2468710276,
        "short_ios" : 0,
        "drop_ios" : 0,
        "slat_ns" : {
          "min" : 0,
          "max" : 0,
          "mean" : 0.000000,
          "stddev" : 0.000000,
          "N" : 0
        },
        "clat_ns" : {
          "min" : 124,
          "max" : 60039068,
          "mean" : 2500.138918,
          "stddev" : 12352.020718,
          "N" : 2468710276,
          "percentile" : {
            "1.000000" : 916,
            "5.000000" : 1288,
            "10.000000" : 1512,
            "20.000000" : 1800,
            "30.000000" : 2008,
            "40.000000" : 2192,
            "50.000000" : 2352,
            "60.000000" : 2544,
            "70.000000" : 2736,
            "80.000000" : 2992,
            "90.000000" : 3376,
            "95.000000" : 3760,
            "99.000000" : 4640,
            "99.500000" : 5024,
            "99.900000" : 6368,
            "99.950000" : 14656,
            "99.990000" : 27520
          }
        },
        "lat_ns" : {
          "min" : 160,
          "max" : 60039138,
          "mean" : 2587.416005,
          "stddev" : 12499.106568,
          "N" : 2468710276
        },
        "bw_min" : 135832,
        "bw_max" : 63205832,
        "bw_agg" : 100.000000,
        "bw_mean" : 55374637.402160,
        "bw_dev" : 179954.856990,
        "bw_samples" : 15980,
        "iops_min" : 33958,
        "iops_max" : 15801448,
        "iops_mean" : 13843649.188859,
        "iops_stddev" : 44988.693094,
        "iops_samples" : 15980
      },
      "write" : {
        "io_bytes" : 4081689055232,
        "io_kbytes" : 3986024468,
        "bw_bytes" : 22675672378,
        "bw" : 22144211,
        "iops" : 5536052.826897,
        "runtime" : 180003,
        "total_ios" : 996506117,
        "short_ios" : 0,
        "drop_ios" : 0,
        "slat_ns" : {
          "min" : 0,
          "max" : 0,
          "mean" : 0.000000,
          "stddev" : 0.000000,
          "N" : 0
        },
        "clat_ns" : {
          "min" : 126,
          "max" : 60038515,
          "mean" : 2574.100323,
          "stddev" : 13191.243797,
          "N" : 996506117,
          "percentile" : {
            "1.000000" : 1020,
            "5.000000" : 1400,
            "10.000000" : 1592,
            "20.000000" : 1832,
            "30.000000" : 2024,
            "40.000000" : 2192,
            "50.000000" : 2352,
            "60.000000" : 2544,
            "70.000000" : 2704,
            "80.000000" : 2960,
            "90.000000" : 3312,
            "95.000000" : 3664,
            "99.000000" : 4640,
            "99.500000" : 5280,
            "99.900000" : 23424,
            "99.950000" : 67072,
            "99.990000" : 117248
          }
        },
        "lat_ns" : {
          "min" : 175,
          "max" : 60592751,
          "mean" : 2681.408411,
          "stddev" : 13516.943426,
          "N" : 996506117
        },
        "bw_min" : 57608,
        "bw_max" : 25373840,
        "bw_agg" : 100.000000,
        "bw_mean" : 22352000.544857,
        "bw_dev" : 166667.552656,
        "bw_samples" : 6747,
        "iops_min" : 14402,
        "iops_max" : 6343468,
        "iops_mean" : 5587997.786169,
        "iops_stddev" : 41666.873997,
        "iops_samples" : 6747
      },
      "trim" : {
        "io_bytes" : 0,
        "io_kbytes" : 0,
        "bw_bytes" : 0,
        "bw" : 0,
        "iops" : 0.000000,
        "runtime" : 0,
        "total_ios" : 0,
        "short_ios" : 0,
        "drop_ios" : 0,
        "slat_ns" : {
          "min" : 0,
          "max" : 0,
          "mean" : 0.000000,
          "stddev" : 0.000000,
          "N" : 0
        },
        "clat_ns" : {
          "min" : 0,
          "max" : 0,
          "mean" : 0.000000,
          "stddev" : 0.000000,
          "N" : 0
        },
        "lat_ns" : {
          "min" : 0,
          "max" : 0,
          "mean" : 0.000000,
          "stddev" : 0.000000,
          "N" : 0
        },
        "bw_min" : 0,
        "bw_max" : 0,
        "bw_agg" : 0.000000,
        "bw_mean" : 0.000000,
        "bw_dev" : 0.000000,
        "bw_samples" : 0,
        "iops_min" : 0,
        "iops_max" : 0,
        "iops_mean" : 0.000000,
        "iops_stddev" : 0.000000,
        "iops_samples" : 0
      },
      "sync" : {
        "total_ios" : 0,
        "lat_ns" : {
          "min" : 0,
          "max" : 0,
          "mean" : 0.000000,
          "stddev" : 0.000000,
          "N" : 0
        }
      },
      "job_runtime" : 11520010,
      "usr_cpu" : 95.976010,
      "sys_cpu" : 0.695486,
      "ctx" : 787016,
      "majf" : 196619,
      "minf" : 2055340,
      "iodepth_level" : {
        "1" : 100.000000,
        "2" : 0.000000,
        "4" : 0.000000,
        "8" : 0.000000,
        "16" : 0.000000,
        "32" : 0.000000,
        ">=64" : 0.000000
      },
      "iodepth_submit" : {
        "0" : 0.000000,
        "4" : 100.000000,
        "8" : 0.000000,
        "16" : 0.000000,
        "32" : 0.000000,
        "64" : 0.000000,
        ">=64" : 0.000000
      },
      "iodepth_complete" : {
        "0" : 0.000000,
        "4" : 100.000000,
        "8" : 0.000000,
        "16" : 0.000000,
        "32" : 0.000000,
        "64" : 0.000000,
        ">=64" : 0.000000
      },
      "latency_ns" : {
        "2" : 0.000000,
        "4" : 0.000000,
        "10" : 0.000000,
        "20" : 0.000000,
        "50" : 0.000000,
        "100" : 0.000000,
        "250" : 0.026811,
        "500" : 0.040983,
        "750" : 0.252216,
        "1000" : 1.044724
      },
      "latency_us" : {
        "2" : 28.152350,
        "4" : 67.370255,
        "10" : 2.987513,
        "20" : 0.078114,
        "50" : 0.023560,
        "100" : 0.012738,
        "250" : 0.010000,
        "500" : 0.010000,
        "750" : 0.010000,
        "1000" : 0.010000
      },
      "latency_ms" : {
        "2" : 0.010000,
        "4" : 0.010000,
        "10" : 0.010000,
        "20" : 0.010000,
        "50" : 0.010000,
        "100" : 0.010000,
        "250" : 0.000000,
        "500" : 0.000000,
        "750" : 0.000000,
        "1000" : 0.000000,
        "2000" : 0.000000,
        ">=2000" : 0.000000
      },
      "latency_depth" : 1,
      "latency_target" : 0,
      "latency_percentile" : 100.000000,
      "latency_window" : 0
    }
  ],
  "disk_util" : [
    {
      "name" : "sda",
      "read_ios" : 196635,
      "write_ios" : 114279,
      "read_sectors" : 1576672,
      "write_sectors" : 16123848,
      "read_merges" : 326,
      "write_merges" : 9865,
      "read_ticks" : 152528,
      "write_ticks" : 58806406,
      "in_queue" : 58958943,
      "util" : 10.113372
    }
  ]
}
