{
  "fio version" : "fio-3.40",
  "timestamp" : 1764792684,
  "timestamp_ms" : 1764792684827,
  "time" : "Wed Dec  3 21:11:24 2025",
  "global options" : {
    "group_reporting" : "",
    "ioengine" : "mmap",
    "size" : "768m",
    "thread" : "1",
    "directory" : "/tmp",
    "time_based" : "",
    "runtime" : "180",
    "norandommap" : "1",
    "filename" : "/tmp/fio_readwrite",
    "share_mmap" : "1",
    "repl" : "1"
  },
  "jobs" : [
    {
      "jobname" : "writers",
      "groupid" : 0,
      "job_start" : 1764792504578,
      "error" : 0,
      "eta" : 0,
      "elapsed" : 181,
      "job options" : {
        "rw" : "randread",
        "random_distribution" : "random",
        "numjobs" : "38"
      },
      "read" : {
        "io_bytes" : 7760176103424,
        "io_kbytes" : 7578296976,
        "bw_bytes" : 43111610445,
        "bw" : 42101182,
        "iops" : 10525295.518939,
        "runtime" : 180002,
        "total_ios" : 1894574244,
        "short_ios" : 0,
        "drop_ios" : 0,
        "slat_ns" : {
          "min" : 0,
          "max" : 0,
          "mean" : 0.000000,
          "stddev" : 0.000000,
          "N" : 0
        },
        "clat_ns" : {
          "min" : 101,
          "max" : 60044060,
          "mean" : 2886.621997,
          "stddev" : 8024.309823,
          "N" : 1894574244,
          "percentile" : {
            "1.000000" : 548,
            "5.000000" : 1112,
            "10.000000" : 1640,
            "20.000000" : 2040,
            "30.000000" : 2288,
            "40.000000" : 2512,
            "50.000000" : 2704,
            "60.000000" : 2896,
            "70.000000" : 3088,
            "80.000000" : 3344,
            "90.000000" : 3728,
            "95.000000" : 4048,
            "99.000000" : 4960,
            "99.500000" : 5792,
            "99.900000" : 75264,
            "99.950000" : 86528,
            "99.990000" : 150528
          }
        },
        "lat_ns" : {
          "min" : 130,
          "max" : 60044093,
          "mean" : 2952.902623,
          "stddev" : 8046.436099,
          "N" : 1894574244
        },
        "bw_min" : 216904,
        "bw_max" : 51675083,
        "bw_agg" : 100.000000,
        "bw_mean" : 42385065.871148,
        "bw_dev" : 149125.301402,
        "bw_samples" : 13566,
        "iops_min" : 54226,
        "iops_max" : 12918765,
        "iops_mean" : 10596259.168067,
        "iops_stddev" : 37281.290545,
        "iops_samples" : 13566
      },
      "write" : {
        "io_bytes" : 5127659995136,
        "io_kbytes" : 5007480464,
        "bw_bytes" : 28486525197,
        "bw" : 27818872,
        "iops" : 6954718.065810,
        "runtime" : 180003,
        "total_ios" : 1251870116,
        "short_ios" : 0,
        "drop_ios" : 0,
        "slat_ns" : {
          "min" : 0,
          "max" : 0,
          "mean" : 0.000000,
          "stddev" : 0.000000,
          "N" : 0
        },
        "clat_ns" : {
          "min" : 98,
          "max" : 8124691,
          "mean" : 2967.914657,
          "stddev" : 8484.344544,
          "N" : 1251870116,
          "percentile" : {
            "1.000000" : 1048,
            "5.000000" : 1464,
            "10.000000" : 1720,
            "20.000000" : 2040,
            "30.000000" : 2288,
            "40.000000" : 2480,
            "50.000000" : 2672,
            "60.000000" : 2864,
            "70.000000" : 3056,
            "80.000000" : 3280,
            "90.000000" : 3632,
            "95.000000" : 3920,
            "99.000000" : 4704,
            "99.500000" : 9664,
            "99.900000" : 82432,
            "99.950000" : 97792,
            "99.990000" : 173056
          }
        },
        "lat_ns" : {
          "min" : 137,
          "max" : 8124738,
          "mean" : 3061.396518,
          "stddev" : 8512.643395,
          "N" : 1251870116
        },
        "bw_min" : 146912,
        "bw_max" : 31050215,
        "bw_agg" : 100.000000,
        "bw_mean" : 28005220.366947,
        "bw_dev" : 285617.410619,
        "bw_samples" : 9282,
        "iops_min" : 36728,
        "iops_max" : 7762551,
        "iops_mean" : 7001300.585434,
        "iops_stddev" : 71404.311558,
        "iops_samples" : 9282
      },
      "trim" : {
        "io_bytes" : 0,
        "io_kbytes" : 0,
        "bw_bytes" : 0,
        "bw" : 0,
        "iops" : 0.000000,
        "runtime" : 0,
        "total_ios" : 0,
        "short_ios" : 0,
        "drop_ios" : 0,
        "slat_ns" : {
          "min" : 0,
          "max" : 0,
          "mean" : 0.000000,
          "stddev" : 0.000000,
          "N" : 0
        },
        "clat_ns" : {
          "min" : 0,
          "max" : 0,
          "mean" : 0.000000,
          "stddev" : 0.000000,
          "N" : 0
        },
        "lat_ns" : {
          "min" : 0,
          "max" : 0,
          "mean" : 0.000000,
          "stddev" : 0.000000,
          "N" : 0
        },
        "bw_min" : 0,
        "bw_max" : 0,
        "bw_agg" : 0.000000,
        "bw_mean" : 0.000000,
        "bw_dev" : 0.000000,
        "bw_samples" : 0,
        "iops_min" : 0,
        "iops_max" : 0,
        "iops_mean" : 0.000000,
        "iops_stddev" : 0.000000,
        "iops_samples" : 0
      },
      "sync" : {
        "total_ios" : 0,
        "lat_ns" : {
          "min" : 0,
          "max" : 0,
          "mean" : 0.000000,
          "stddev" : 0.000000,
          "N" : 0
        }
      },
      "job_runtime" : 11520013,
      "usr_cpu" : 93.460155,
      "sys_cpu" : 4.713302,
      "ctx" : 507946,
      "majf" : 189636,
      "minf" : 6853803,
      "iodepth_level" : {
        "1" : 100.000000,
        "2" : 0.000000,
        "4" : 0.000000,
        "8" : 0.000000,
        "16" : 0.000000,
        "32" : 0.000000,
        ">=64" : 0.000000
      },
      "iodepth_submit" : {
        "0" : 0.000000,
        "4" : 100.000000,
        "8" : 0.000000,
        "16" : 0.000000,
        "32" : 0.000000,
        "64" : 0.000000,
        ">=64" : 0.000000
      },
      "iodepth_complete" : {
        "0" : 0.000000,
        "4" : 100.000000,
        "8" : 0.000000,
        "16" : 0.000000,
        "32" : 0.000000,
        "64" : 0.000000,
        ">=64" : 0.000000
      },
      "latency_ns" : {
        "2" : 0.000000,
        "4" : 0.000000,
        "10" : 0.000000,
        "20" : 0.000000,
        "50" : 0.000000,
        "100" : 0.010000,
        "250" : 0.039608,
        "500" : 0.297028,
        "750" : 1.218411,
        "1000" : 1.350466
      },
      "latency_us" : {
        "2" : 15.481238,
        "4" : 76.595385,
        "10" : 4.601296,
        "20" : 0.188040,
        "50" : 0.018165,
        "100" : 0.175561,
        "250" : 0.028531,
        "500" : 0.010000,
        "750" : 0.010000,
        "1000" : 0.010000
      },
      "latency_ms" : {
        "2" : 0.010000,
        "4" : 0.010000,
        "10" : 0.010000,
        "20" : 0.000000,
        "50" : 0.010000,
        "100" : 0.010000,
        "250" : 0.000000,
        "500" : 0.000000,
        "750" : 0.000000,
        "1000" : 0.000000,
        "2000" : 0.000000,
        ">=2000" : 0.000000
      },
      "latency_depth" : 1,
      "latency_target" : 0,
      "latency_percentile" : 100.000000,
      "latency_window" : 0
    }
  ],
  "disk_util" : [
    {
      "name" : "sda",
      "read_ios" : 189589,
      "write_ios" : 50278,
      "read_sectors" : 1518048,
      "write_sectors" : 2115056,
      "read_merges" : 167,
      "write_merges" : 2684,
      "read_ticks" : 133817,
      "write_ticks" : 2646663,
      "in_queue" : 2780487,
      "util" : 2.481417
    }
  ]
}
