{
  "fio version" : "fio-3.40",
  "timestamp" : 1771990107,
  "timestamp_ms" : 1771990107009,
  "time" : "Wed Feb 25 04:28:27 2026",
  "global options" : {
    "group_reporting" : "",
    "ioengine" : "mmap",
    "size" : "768m",
    "thread" : "1",
    "directory" : "/tmp",
    "time_based" : "",
    "runtime" : "180",
    "norandommap" : "1",
    "filename" : "/tmp/fio_readwrite",
    "share_mmap" : "1",
    "repl" : "1"
  },
  "jobs" : [
    {
      "jobname" : "writers",
      "groupid" : 0,
      "job_start" : 1771989926941,
      "error" : 0,
      "eta" : 0,
      "elapsed" : 181,
      "job options" : {
        "rw" : "randread",
        "random_distribution" : "random",
        "numjobs" : "51"
      },
      "read" : {
        "io_bytes" : 12602672230400,
        "io_kbytes" : 12307297100,
        "bw_bytes" : 70013289873,
        "bw" : 68372353,
        "iops" : 17093088.348037,
        "runtime" : 180004,
        "total_ios" : 3076824275,
        "short_ios" : 0,
        "drop_ios" : 0,
        "slat_ns" : {
          "min" : 0,
          "max" : 0,
          "mean" : 0.000000,
          "stddev" : 0.000000,
          "N" : 0
        },
        "clat_ns" : {
          "min" : 125,
          "max" : 80031121,
          "mean" : 2269.384234,
          "stddev" : 11119.264579,
          "N" : 3076824275,
          "percentile" : {
            "1.000000" : 964,
            "5.000000" : 1304,
            "10.000000" : 1480,
            "20.000000" : 1704,
            "30.000000" : 1864,
            "40.000000" : 2008,
            "50.000000" : 2128,
            "60.000000" : 2288,
            "70.000000" : 2448,
            "80.000000" : 2640,
            "90.000000" : 2960,
            "95.000000" : 3312,
            "99.000000" : 4128,
            "99.500000" : 4448,
            "99.900000" : 5408,
            "99.950000" : 14400,
            "99.990000" : 23936
          }
        },
        "lat_ns" : {
          "min" : 159,
          "max" : 80031161,
          "mean" : 2348.236305,
          "stddev" : 11237.644350,
          "N" : 3076824275
        },
        "bw_min" : 91920,
        "bw_max" : 76937164,
        "bw_agg" : 100.000000,
        "bw_mean" : 68817831.404494,
        "bw_dev" : 193600.717196,
        "bw_samples" : 18156,
        "iops_min" : 22980,
        "iops_max" : 19234291,
        "iops_mean" : 17204449.924157,
        "iops_stddev" : 48400.166585,
        "iops_samples" : 18156
      },
      "write" : {
        "io_bytes" : 3069624852480,
        "io_kbytes" : 2997680520,
        "bw_bytes" : 17052997708,
        "bw" : 16653318,
        "iops" : 4163329.518624,
        "runtime" : 180005,
        "total_ios" : 749420130,
        "short_ios" : 0,
        "drop_ios" : 0,
        "slat_ns" : {
          "min" : 0,
          "max" : 0,
          "mean" : 0.000000,
          "stddev" : 0.000000,
          "N" : 0
        },
        "clat_ns" : {
          "min" : 125,
          "max" : 144064783,
          "mean" : 2388.495386,
          "stddev" : 13179.992607,
          "N" : 749420130,
          "percentile" : {
            "1.000000" : 1012,
            "5.000000" : 1352,
            "10.000000" : 1528,
            "20.000000" : 1752,
            "30.000000" : 1912,
            "40.000000" : 2064,
            "50.000000" : 2192,
            "60.000000" : 2352,
            "70.000000" : 2512,
            "80.000000" : 2704,
            "90.000000" : 2992,
            "95.000000" : 3312,
            "99.000000" : 4256,
            "99.500000" : 4960,
            "99.900000" : 20608,
            "99.950000" : 52480,
            "99.990000" : 92672
          }
        },
        "lat_ns" : {
          "min" : 174,
          "max" : 144064853,
          "mean" : 2484.771851,
          "stddev" : 13304.372962,
          "N" : 749420130
        },
        "bw_min" : 23240,
        "bw_max" : 19327518,
        "bw_agg" : 100.000000,
        "bw_mean" : 16760129.915730,
        "bw_dev" : 186846.262690,
        "bw_samples" : 4628,
        "iops_min" : 5810,
        "iops_max" : 4831885,
        "iops_mean" : 4190030.699438,
        "iops_stddev" : 46711.552173,
        "iops_samples" : 4628
      },
      "trim" : {
        "io_bytes" : 0,
        "io_kbytes" : 0,
        "bw_bytes" : 0,
        "bw" : 0,
        "iops" : 0.000000,
        "runtime" : 0,
        "total_ios" : 0,
        "short_ios" : 0,
        "drop_ios" : 0,
        "slat_ns" : {
          "min" : 0,
          "max" : 0,
          "mean" : 0.000000,
          "stddev" : 0.000000,
          "N" : 0
        },
        "clat_ns" : {
          "min" : 0,
          "max" : 0,
          "mean" : 0.000000,
          "stddev" : 0.000000,
          "N" : 0
        },
        "lat_ns" : {
          "min" : 0,
          "max" : 0,
          "mean" : 0.000000,
          "stddev" : 0.000000,
          "N" : 0
        },
        "bw_min" : 0,
        "bw_max" : 0,
        "bw_agg" : 0.000000,
        "bw_mean" : 0.000000,
        "bw_dev" : 0.000000,
        "bw_samples" : 0,
        "iops_min" : 0,
        "iops_max" : 0,
        "iops_mean" : 0.000000,
        "iops_stddev" : 0.000000,
        "iops_samples" : 0
      },
      "sync" : {
        "total_ios" : 0,
        "lat_ns" : {
          "min" : 0,
          "max" : 0,
          "mean" : 0.000000,
          "stddev" : 0.000000,
          "N" : 0
        }
      },
      "job_runtime" : 11520064,
      "usr_cpu" : 96.473804,
      "sys_cpu" : 0.643399,
      "ctx" : 468122,
      "majf" : 196599,
      "minf" : 2452226,
      "iodepth_level" : {
        "1" : 100.000000,
        "2" : 0.000000,
        "4" : 0.000000,
        "8" : 0.000000,
        "16" : 0.000000,
        "32" : 0.000000,
        ">=64" : 0.000000
      },
      "iodepth_submit" : {
        "0" : 0.000000,
        "4" : 100.000000,
        "8" : 0.000000,
        "16" : 0.000000,
        "32" : 0.000000,
        "64" : 0.000000,
        ">=64" : 0.000000
      },
      "iodepth_complete" : {
        "0" : 0.000000,
        "4" : 100.000000,
        "8" : 0.000000,
        "16" : 0.000000,
        "32" : 0.000000,
        "64" : 0.000000,
        ">=64" : 0.000000
      },
      "latency_ns" : {
        "2" : 0.000000,
        "4" : 0.000000,
        "10" : 0.000000,
        "20" : 0.000000,
        "50" : 0.000000,
        "100" : 0.000000,
        "250" : 0.026975,
        "500" : 0.041809,
        "750" : 0.190631,
        "1000" : 0.920931
      },
      "latency_us" : {
        "2" : 37.783444,
        "4" : 59.717853,
        "10" : 1.199607,
        "20" : 0.087915,
        "50" : 0.014486,
        "100" : 0.010000,
        "250" : 0.010000,
        "500" : 0.010000,
        "750" : 0.010000,
        "1000" : 0.010000
      },
      "latency_ms" : {
        "2" : 0.010000,
        "4" : 0.010000,
        "10" : 0.010000,
        "20" : 0.010000,
        "50" : 0.010000,
        "100" : 0.010000,
        "250" : 0.010000,
        "500" : 0.000000,
        "750" : 0.000000,
        "1000" : 0.000000,
        "2000" : 0.000000,
        ">=2000" : 0.000000
      },
      "latency_depth" : 1,
      "latency_target" : 0,
      "latency_percentile" : 100.000000,
      "latency_window" : 0
    }
  ],
  "disk_util" : [
    {
      "name" : "sda",
      "read_ios" : 196633,
      "write_ios" : 58319,
      "read_sectors" : 1578856,
      "write_sectors" : 19143664,
      "read_merges" : 390,
      "write_merges" : 1524,
      "read_ticks" : 155027,
      "write_ticks" : 40286636,
      "in_queue" : 40441670,
      "util" : 11.612156
    }
  ]
}
