{
  "fio version" : "fio-3.40",
  "timestamp" : 1769849423,
  "timestamp_ms" : 1769849423592,
  "time" : "Sat Jan 31 09:50:23 2026",
  "global options" : {
    "group_reporting" : "",
    "ioengine" : "mmap",
    "size" : "768m",
    "thread" : "1",
    "directory" : "/tmp",
    "time_based" : "",
    "runtime" : "180",
    "norandommap" : "1",
    "filename" : "/tmp/fio_readwrite",
    "share_mmap" : "1",
    "repl" : "1"
  },
  "jobs" : [
    {
      "jobname" : "writers",
      "groupid" : 0,
      "job_start" : 1769849243319,
      "error" : 0,
      "eta" : 0,
      "elapsed" : 181,
      "job options" : {
        "rw" : "randread",
        "random_distribution" : "random",
        "numjobs" : "38"
      },
      "read" : {
        "io_bytes" : 7845645475840,
        "io_kbytes" : 7661763160,
        "bw_bytes" : 43586435016,
        "bw" : 42564877,
        "iops" : 10641219.486450,
        "runtime" : 180002,
        "total_ios" : 1915440790,
        "short_ios" : 0,
        "drop_ios" : 0,
        "slat_ns" : {
          "min" : 0,
          "max" : 0,
          "mean" : 0.000000,
          "stddev" : 0.000000,
          "N" : 0
        },
        "clat_ns" : {
          "min" : 95,
          "max" : 70066752,
          "mean" : 2791.110428,
          "stddev" : 14019.495642,
          "N" : 1915440790,
          "percentile" : {
            "1.000000" : 972,
            "5.000000" : 1400,
            "10.000000" : 1672,
            "20.000000" : 2008,
            "30.000000" : 2256,
            "40.000000" : 2448,
            "50.000000" : 2640,
            "60.000000" : 2832,
            "70.000000" : 3024,
            "80.000000" : 3280,
            "90.000000" : 3696,
            "95.000000" : 4048,
            "99.000000" : 5024,
            "99.500000" : 5792,
            "99.900000" : 17536,
            "99.950000" : 18816,
            "99.990000" : 31360
          }
        },
        "lat_ns" : {
          "min" : 124,
          "max" : 70066809,
          "mean" : 2870.114561,
          "stddev" : 14139.581197,
          "N" : 1915440790
        },
        "bw_min" : 55616,
        "bw_max" : 55596748,
        "bw_agg" : 100.000000,
        "bw_mean" : 43082942.887101,
        "bw_dev" : 181429.164834,
        "bw_samples" : 13457,
        "iops_min" : 13904,
        "iops_max" : 13899181,
        "iops_mean" : 10770727.570486,
        "iops_stddev" : 45357.269740,
        "iops_samples" : 13457
      },
      "write" : {
        "io_bytes" : 5288603815936,
        "io_kbytes" : 5164652164,
        "bw_bytes" : 29380642633,
        "bw" : 28692033,
        "iops" : 7173008.455415,
        "runtime" : 180003,
        "total_ios" : 1291163041,
        "short_ios" : 0,
        "drop_ios" : 0,
        "slat_ns" : {
          "min" : 0,
          "max" : 0,
          "mean" : 0.000000,
          "stddev" : 0.000000,
          "N" : 0
        },
        "clat_ns" : {
          "min" : 96,
          "max" : 180072112,
          "mean" : 2821.790056,
          "stddev" : 16518.596493,
          "N" : 1291163041,
          "percentile" : {
            "1.000000" : 988,
            "5.000000" : 1416,
            "10.000000" : 1672,
            "20.000000" : 1960,
            "30.000000" : 2192,
            "40.000000" : 2384,
            "50.000000" : 2576,
            "60.000000" : 2768,
            "70.000000" : 2960,
            "80.000000" : 3216,
            "90.000000" : 3568,
            "95.000000" : 3920,
            "99.000000" : 5088,
            "99.500000" : 8512,
            "99.900000" : 28032,
            "99.950000" : 80384,
            "99.990000" : 158720
          }
        },
        "lat_ns" : {
          "min" : 134,
          "max" : 180072181,
          "mean" : 2912.377655,
          "stddev" : 17156.901811,
          "N" : 1291163041
        },
        "bw_min" : 37640,
        "bw_max" : 35663440,
        "bw_agg" : 100.000000,
        "bw_mean" : 29041920.237933,
        "bw_dev" : 177213.644829,
        "bw_samples" : 9206,
        "iops_min" : 9410,
        "iops_max" : 8915844,
        "iops_mean" : 7260474.115612,
        "iops_stddev" : 44303.386614,
        "iops_samples" : 9206
      },
      "trim" : {
        "io_bytes" : 0,
        "io_kbytes" : 0,
        "bw_bytes" : 0,
        "bw" : 0,
        "iops" : 0.000000,
        "runtime" : 0,
        "total_ios" : 0,
        "short_ios" : 0,
        "drop_ios" : 0,
        "slat_ns" : {
          "min" : 0,
          "max" : 0,
          "mean" : 0.000000,
          "stddev" : 0.000000,
          "N" : 0
        },
        "clat_ns" : {
          "min" : 0,
          "max" : 0,
          "mean" : 0.000000,
          "stddev" : 0.000000,
          "N" : 0
        },
        "lat_ns" : {
          "min" : 0,
          "max" : 0,
          "mean" : 0.000000,
          "stddev" : 0.000000,
          "N" : 0
        },
        "bw_min" : 0,
        "bw_max" : 0,
        "bw_agg" : 0.000000,
        "bw_mean" : 0.000000,
        "bw_dev" : 0.000000,
        "bw_samples" : 0,
        "iops_min" : 0,
        "iops_max" : 0,
        "iops_mean" : 0.000000,
        "iops_stddev" : 0.000000,
        "iops_samples" : 0
      },
      "sync" : {
        "total_ios" : 0,
        "lat_ns" : {
          "min" : 0,
          "max" : 0,
          "mean" : 0.000000,
          "stddev" : 0.000000,
          "N" : 0
        }
      },
      "job_runtime" : 11520011,
      "usr_cpu" : 94.973520,
      "sys_cpu" : 1.147863,
      "ctx" : 834508,
      "majf" : 196611,
      "minf" : 2257946,
      "iodepth_level" : {
        "1" : 100.000000,
        "2" : 0.000000,
        "4" : 0.000000,
        "8" : 0.000000,
        "16" : 0.000000,
        "32" : 0.000000,
        ">=64" : 0.000000
      },
      "iodepth_submit" : {
        "0" : 0.000000,
        "4" : 100.000000,
        "8" : 0.000000,
        "16" : 0.000000,
        "32" : 0.000000,
        "64" : 0.000000,
        ">=64" : 0.000000
      },
      "iodepth_complete" : {
        "0" : 0.000000,
        "4" : 100.000000,
        "8" : 0.000000,
        "16" : 0.000000,
        "32" : 0.000000,
        "64" : 0.000000,
        ">=64" : 0.000000
      },
      "latency_ns" : {
        "2" : 0.000000,
        "4" : 0.000000,
        "10" : 0.000000,
        "20" : 0.000000,
        "50" : 0.000000,
        "100" : 0.010000,
        "250" : 0.039179,
        "500" : 0.036122,
        "750" : 0.199493,
        "1000" : 0.835434
      },
      "latency_us" : {
        "2" : 19.444943,
        "4" : 74.328620,
        "10" : 4.752003,
        "20" : 0.291446,
        "50" : 0.038802,
        "100" : 0.016509,
        "250" : 0.010000,
        "500" : 0.010000,
        "750" : 0.010000,
        "1000" : 0.010000
      },
      "latency_ms" : {
        "2" : 0.010000,
        "4" : 0.010000,
        "10" : 0.010000,
        "20" : 0.010000,
        "50" : 0.010000,
        "100" : 0.010000,
        "250" : 0.010000,
        "500" : 0.000000,
        "750" : 0.000000,
        "1000" : 0.000000,
        "2000" : 0.000000,
        ">=2000" : 0.000000
      },
      "latency_depth" : 1,
      "latency_target" : 0,
      "latency_percentile" : 100.000000,
      "latency_window" : 0
    }
  ],
  "disk_util" : [
    {
      "name" : "sda",
      "read_ios" : 196572,
      "write_ios" : 100303,
      "read_sectors" : 1574160,
      "write_sectors" : 18454840,
      "read_merges" : 198,
      "write_merges" : 3051,
      "read_ticks" : 171793,
      "write_ticks" : 36654977,
      "in_queue" : 36826777,
      "util" : 11.518540
    }
  ]
}
