{
  "fio version" : "fio-3.40",
  "timestamp" : 1772002408,
  "timestamp_ms" : 1772002408312,
  "time" : "Wed Feb 25 07:53:28 2026",
  "global options" : {
    "group_reporting" : "",
    "ioengine" : "mmap",
    "size" : "768m",
    "thread" : "1",
    "directory" : "/tmp",
    "time_based" : "",
    "runtime" : "180",
    "norandommap" : "1",
    "filename" : "/tmp/fio_readwrite",
    "share_mmap" : "1",
    "repl" : "1"
  },
  "jobs" : [
    {
      "jobname" : "writers",
      "groupid" : 0,
      "job_start" : 1772002228253,
      "error" : 0,
      "eta" : 0,
      "elapsed" : 181,
      "job options" : {
        "rw" : "randread",
        "random_distribution" : "random",
        "numjobs" : "13"
      },
      "read" : {
        "io_bytes" : 2370524336128,
        "io_kbytes" : 2314965172,
        "bw_bytes" : 13169506481,
        "bw" : 12860846,
        "iops" : 3215211.543269,
        "runtime" : 180001,
        "total_ios" : 578741293,
        "short_ios" : 0,
        "drop_ios" : 0,
        "slat_ns" : {
          "min" : 0,
          "max" : 0,
          "mean" : 0.000000,
          "stddev" : 0.000000,
          "N" : 0
        },
        "clat_ns" : {
          "min" : 126,
          "max" : 53786456,
          "mean" : 2979.066910,
          "stddev" : 13412.971996,
          "N" : 578741293,
          "percentile" : {
            "1.000000" : 956,
            "5.000000" : 1400,
            "10.000000" : 1704,
            "20.000000" : 2096,
            "30.000000" : 2352,
            "40.000000" : 2576,
            "50.000000" : 2800,
            "60.000000" : 3024,
            "70.000000" : 3280,
            "80.000000" : 3600,
            "90.000000" : 4128,
            "95.000000" : 4576,
            "99.000000" : 5664,
            "99.500000" : 6176,
            "99.900000" : 8768,
            "99.950000" : 18560,
            "99.990000" : 45312
          }
        },
        "lat_ns" : {
          "min" : 162,
          "max" : 53786525,
          "mean" : 3065.928687,
          "stddev" : 13531.925092,
          "N" : 578741293
        },
        "bw_min" : 34536,
        "bw_max" : 16314144,
        "bw_agg" : 100.000000,
        "bw_mean" : 12979664.099865,
        "bw_dev" : 161975.387006,
        "bw_samples" : 4626,
        "iops_min" : 8634,
        "iops_max" : 4078534,
        "iops_mean" : 3244913.329348,
        "iops_stddev" : 40493.820686,
        "iops_samples" : 4626
      },
      "write" : {
        "io_bytes" : 9075236450304,
        "io_kbytes" : 8862535596,
        "bw_bytes" : 50417420085,
        "bw" : 49235761,
        "iops" : 12308940.450662,
        "runtime" : 180002,
        "total_ios" : 2215633899,
        "short_ios" : 0,
        "drop_ios" : 0,
        "slat_ns" : {
          "min" : 0,
          "max" : 0,
          "mean" : 0.000000,
          "stddev" : 0.000000,
          "N" : 0
        },
        "clat_ns" : {
          "min" : 124,
          "max" : 56036438,
          "mean" : 2958.603032,
          "stddev" : 15786.895752,
          "N" : 2215633899,
          "percentile" : {
            "1.000000" : 956,
            "5.000000" : 1368,
            "10.000000" : 1640,
            "20.000000" : 1992,
            "30.000000" : 2256,
            "40.000000" : 2448,
            "50.000000" : 2672,
            "60.000000" : 2928,
            "70.000000" : 3184,
            "80.000000" : 3504,
            "90.000000" : 4016,
            "95.000000" : 4512,
            "99.000000" : 5600,
            "99.500000" : 6176,
            "99.900000" : 23424,
            "99.950000" : 81408,
            "99.990000" : 191488
          }
        },
        "lat_ns" : {
          "min" : 174,
          "max" : 56036542,
          "mean" : 3096.751139,
          "stddev" : 16019.928925,
          "N" : 2215633899
        },
        "bw_min" : 134432,
        "bw_max" : 59950397,
        "bw_agg" : 100.000000,
        "bw_mean" : 49694559.535552,
        "bw_dev" : 152256.426982,
        "bw_samples" : 18153,
        "iops_min" : 33608,
        "iops_max" : 14987600,
        "iops_mean" : 12423629.072765,
        "iops_stddev" : 38064.084877,
        "iops_samples" : 18153
      },
      "trim" : {
        "io_bytes" : 0,
        "io_kbytes" : 0,
        "bw_bytes" : 0,
        "bw" : 0,
        "iops" : 0.000000,
        "runtime" : 0,
        "total_ios" : 0,
        "short_ios" : 0,
        "drop_ios" : 0,
        "slat_ns" : {
          "min" : 0,
          "max" : 0,
          "mean" : 0.000000,
          "stddev" : 0.000000,
          "N" : 0
        },
        "clat_ns" : {
          "min" : 0,
          "max" : 0,
          "mean" : 0.000000,
          "stddev" : 0.000000,
          "N" : 0
        },
        "lat_ns" : {
          "min" : 0,
          "max" : 0,
          "mean" : 0.000000,
          "stddev" : 0.000000,
          "N" : 0
        },
        "bw_min" : 0,
        "bw_max" : 0,
        "bw_agg" : 0.000000,
        "bw_mean" : 0.000000,
        "bw_dev" : 0.000000,
        "bw_samples" : 0,
        "iops_min" : 0,
        "iops_max" : 0,
        "iops_mean" : 0.000000,
        "iops_stddev" : 0.000000,
        "iops_samples" : 0
      },
      "sync" : {
        "total_ios" : 0,
        "lat_ns" : {
          "min" : 0,
          "max" : 0,
          "mean" : 0.000000,
          "stddev" : 0.000000,
          "N" : 0
        }
      },
      "job_runtime" : 11520006,
      "usr_cpu" : 94.950749,
      "sys_cpu" : 1.465208,
      "ctx" : 688484,
      "majf" : 196628,
      "minf" : 2127563,
      "iodepth_level" : {
        "1" : 100.000000,
        "2" : 0.000000,
        "4" : 0.000000,
        "8" : 0.000000,
        "16" : 0.000000,
        "32" : 0.000000,
        ">=64" : 0.000000
      },
      "iodepth_submit" : {
        "0" : 0.000000,
        "4" : 100.000000,
        "8" : 0.000000,
        "16" : 0.000000,
        "32" : 0.000000,
        "64" : 0.000000,
        ">=64" : 0.000000
      },
      "iodepth_complete" : {
        "0" : 0.000000,
        "4" : 100.000000,
        "8" : 0.000000,
        "16" : 0.000000,
        "32" : 0.000000,
        "64" : 0.000000,
        ">=64" : 0.000000
      },
      "latency_ns" : {
        "2" : 0.000000,
        "4" : 0.000000,
        "10" : 0.000000,
        "20" : 0.000000,
        "50" : 0.000000,
        "100" : 0.000000,
        "250" : 0.022269,
        "500" : 0.037660,
        "750" : 0.214678,
        "1000" : 0.960581
      },
      "latency_us" : {
        "2" : 18.462121,
        "4" : 69.727685,
        "10" : 10.413487,
        "20" : 0.060196,
        "50" : 0.050235,
        "100" : 0.021382,
        "250" : 0.020664,
        "500" : 0.010000,
        "750" : 0.010000,
        "1000" : 0.010000
      },
      "latency_ms" : {
        "2" : 0.010000,
        "4" : 0.010000,
        "10" : 0.010000,
        "20" : 0.010000,
        "50" : 0.010000,
        "100" : 0.010000,
        "250" : 0.000000,
        "500" : 0.000000,
        "750" : 0.000000,
        "1000" : 0.000000,
        "2000" : 0.000000,
        ">=2000" : 0.000000
      },
      "latency_depth" : 1,
      "latency_target" : 0,
      "latency_percentile" : 100.000000,
      "latency_window" : 0
    }
  ],
  "disk_util" : [
    {
      "name" : "sda",
      "read_ios" : 196666,
      "write_ios" : 75331,
      "read_sectors" : 1583200,
      "write_sectors" : 17619168,
      "read_merges" : 372,
      "write_merges" : 2433,
      "read_ticks" : 183103,
      "write_ticks" : 49166948,
      "in_queue" : 49350060,
      "util" : 11.111854
    }
  ]
}
