{
  "fio version" : "fio-3.40",
  "timestamp" : 1764235945,
  "timestamp_ms" : 1764235945988,
  "time" : "Thu Nov 27 10:32:25 2025",
  "global options" : {
    "group_reporting" : "",
    "ioengine" : "mmap",
    "size" : "768m",
    "thread" : "1",
    "directory" : "/tmp",
    "time_based" : "",
    "runtime" : "120",
    "filename" : "/tmp/fio_readwrite",
    "share_mmap" : "1",
    "repl" : "1"
  },
  "jobs" : [
    {
      "jobname" : "writers",
      "groupid" : 0,
      "job_start" : 1764235825740,
      "error" : 0,
      "eta" : 0,
      "elapsed" : 121,
      "job options" : {
        "rw" : "randread",
        "random_distribution" : "zipf",
        "numjobs" : "6"
      },
      "read" : {
        "io_bytes" : 246734364672,
        "io_kbytes" : 240951528,
        "bw_bytes" : 2056102571,
        "bw" : 2007912,
        "iops" : 501978.166849,
        "runtime" : 120001,
        "total_ios" : 60237882,
        "short_ios" : 0,
        "drop_ios" : 0,
        "slat_ns" : {
          "min" : 0,
          "max" : 0,
          "mean" : 0.000000,
          "stddev" : 0.000000,
          "N" : 0
        },
        "clat_ns" : {
          "min" : 96,
          "max" : 27828603,
          "mean" : 11125.889911,
          "stddev" : 40633.921899,
          "N" : 60237882,
          "percentile" : {
            "1.000000" : 110,
            "5.000000" : 124,
            "10.000000" : 143,
            "20.000000" : 165,
            "30.000000" : 195,
            "40.000000" : 262,
            "50.000000" : 422,
            "60.000000" : 580,
            "70.000000" : 740,
            "80.000000" : 1096,
            "90.000000" : 68096,
            "95.000000" : 87552,
            "99.000000" : 140288,
            "99.500000" : 193536,
            "99.900000" : 280576,
            "99.950000" : 350208,
            "99.990000" : 790528
          }
        },
        "lat_ns" : {
          "min" : 122,
          "max" : 27828636,
          "mean" : 11184.850461,
          "stddev" : 40663.414267,
          "N" : 60237882
        },
        "bw_min" : 62472,
        "bw_max" : 3137647,
        "bw_agg" : 100.000000,
        "bw_mean" : 2035225.309322,
        "bw_dev" : 85310.878382,
        "bw_samples" : 1416,
        "iops_min" : 15618,
        "iops_max" : 784412,
        "iops_mean" : 508805.186441,
        "iops_stddev" : 21327.706524,
        "iops_samples" : 1416
      },
      "write" : {
        "io_bytes" : 1022650875904,
        "io_kbytes" : 998682496,
        "bw_bytes" : 8521877585,
        "bw" : 8322146,
        "iops" : 2080536.519920,
        "runtime" : 120003,
        "total_ios" : 249670624,
        "short_ios" : 0,
        "drop_ios" : 0,
        "slat_ns" : {
          "min" : 0,
          "max" : 0,
          "mean" : 0.000000,
          "stddev" : 0.000000,
          "N" : 0
        },
        "clat_ns" : {
          "min" : 96,
          "max" : 56228664,
          "mean" : 26811.276280,
          "stddev" : 77364.117146,
          "N" : 249670624,
          "percentile" : {
            "1.000000" : 114,
            "5.000000" : 143,
            "10.000000" : 157,
            "20.000000" : 185,
            "30.000000" : 227,
            "40.000000" : 354,
            "50.000000" : 556,
            "60.000000" : 692,
            "70.000000" : 884,
            "80.000000" : 2512,
            "90.000000" : 148480,
            "95.000000" : 168960,
            "99.000000" : 244736,
            "99.500000" : 288768,
            "99.900000" : 432128,
            "99.950000" : 626688,
            "99.990000" : 1138688
          }
        },
        "lat_ns" : {
          "min" : 134,
          "max" : 56228709,
          "mean" : 26898.932927,
          "stddev" : 77404.003051,
          "N" : 249670624
        },
        "bw_min" : 564016,
        "bw_max" : 11950678,
        "bw_agg" : 100.000000,
        "bw_mean" : 8437716.381356,
        "bw_dev" : 30713.052916,
        "bw_samples" : 13688,
        "iops_min" : 141004,
        "iops_max" : 2987654,
        "iops_mean" : 2109417.703390,
        "iops_stddev" : 7678.251495,
        "iops_samples" : 13688
      },
      "trim" : {
        "io_bytes" : 0,
        "io_kbytes" : 0,
        "bw_bytes" : 0,
        "bw" : 0,
        "iops" : 0.000000,
        "runtime" : 0,
        "total_ios" : 0,
        "short_ios" : 0,
        "drop_ios" : 0,
        "slat_ns" : {
          "min" : 0,
          "max" : 0,
          "mean" : 0.000000,
          "stddev" : 0.000000,
          "N" : 0
        },
        "clat_ns" : {
          "min" : 0,
          "max" : 0,
          "mean" : 0.000000,
          "stddev" : 0.000000,
          "N" : 0
        },
        "lat_ns" : {
          "min" : 0,
          "max" : 0,
          "mean" : 0.000000,
          "stddev" : 0.000000,
          "N" : 0
        },
        "bw_min" : 0,
        "bw_max" : 0,
        "bw_agg" : 0.000000,
        "bw_mean" : 0.000000,
        "bw_dev" : 0.000000,
        "bw_samples" : 0,
        "iops_min" : 0,
        "iops_max" : 0,
        "iops_mean" : 0.000000,
        "iops_stddev" : 0.000000,
        "iops_samples" : 0
      },
      "sync" : {
        "total_ios" : 0,
        "lat_ns" : {
          "min" : 0,
          "max" : 0,
          "mean" : 0.000000,
          "stddev" : 0.000000,
          "N" : 0
        }
      },
      "job_runtime" : 7680005,
      "usr_cpu" : 6.379514,
      "sys_cpu" : 90.308418,
      "ctx" : 584902,
      "majf" : 196587,
      "minf" : 46857528,
      "iodepth_level" : {
        "1" : 100.000000,
        "2" : 0.000000,
        "4" : 0.000000,
        "8" : 0.000000,
        "16" : 0.000000,
        "32" : 0.000000,
        ">=64" : 0.000000
      },
      "iodepth_submit" : {
        "0" : 0.000000,
        "4" : 100.000000,
        "8" : 0.000000,
        "16" : 0.000000,
        "32" : 0.000000,
        "64" : 0.000000,
        ">=64" : 0.000000
      },
      "iodepth_complete" : {
        "0" : 0.000000,
        "4" : 100.000000,
        "8" : 0.000000,
        "16" : 0.000000,
        "32" : 0.000000,
        "64" : 0.000000,
        ">=64" : 0.000000
      },
      "latency_ns" : {
        "2" : 0.000000,
        "4" : 0.000000,
        "10" : 0.000000,
        "20" : 0.000000,
        "50" : 0.000000,
        "100" : 0.010000,
        "250" : 33.828693,
        "500" : 14.176848,
        "750" : 16.570618,
        "1000" : 10.046786
      },
      "latency_us" : {
        "2" : 5.154347,
        "4" : 3.648284,
        "10" : 1.417629,
        "20" : 0.014904,
        "50" : 0.028533,
        "100" : 3.374979,
        "250" : 10.964834,
        "500" : 0.708963,
        "750" : 0.032732,
        "1000" : 0.017812
      },
      "latency_ms" : {
        "2" : 0.010000,
        "4" : 0.010000,
        "10" : 0.010000,
        "20" : 0.010000,
        "50" : 0.010000,
        "100" : 0.010000,
        "250" : 0.000000,
        "500" : 0.000000,
        "750" : 0.000000,
        "1000" : 0.000000,
        "2000" : 0.000000,
        ">=2000" : 0.000000
      },
      "latency_depth" : 1,
      "latency_target" : 0,
      "latency_percentile" : 100.000000,
      "latency_window" : 0
    }
  ],
  "disk_util" : [
    {
      "name" : "sda",
      "read_ios" : 196590,
      "write_ios" : 82800,
      "read_sectors" : 1574200,
      "write_sectors" : 19982408,
      "read_merges" : 185,
      "write_merges" : 1465,
      "read_ticks" : 110636,
      "write_ticks" : 9165543,
      "in_queue" : 9276191,
      "util" : 21.915295
    }
  ]
}
