{
  "fio version" : "fio-3.40",
  "timestamp" : 1771998248,
  "timestamp_ms" : 1771998248183,
  "time" : "Wed Feb 25 06:44:08 2026",
  "global options" : {
    "group_reporting" : "",
    "ioengine" : "mmap",
    "size" : "768m",
    "thread" : "1",
    "directory" : "/tmp",
    "time_based" : "",
    "runtime" : "180",
    "norandommap" : "1",
    "filename" : "/tmp/fio_readwrite",
    "share_mmap" : "1",
    "repl" : "1"
  },
  "jobs" : [
    {
      "jobname" : "writers",
      "groupid" : 0,
      "job_start" : 1771998068158,
      "error" : 0,
      "eta" : 0,
      "elapsed" : 181,
      "job options" : {
        "rw" : "randread",
        "random_distribution" : "random",
        "numjobs" : "26"
      },
      "read" : {
        "io_bytes" : 4634920771584,
        "io_kbytes" : 4526289816,
        "bw_bytes" : 25749273739,
        "bw" : 25145775,
        "iops" : 6286443.783958,
        "runtime" : 180002,
        "total_ios" : 1131572454,
        "short_ios" : 0,
        "drop_ios" : 0,
        "slat_ns" : {
          "min" : 0,
          "max" : 0,
          "mean" : 0.000000,
          "stddev" : 0.000000,
          "N" : 0
        },
        "clat_ns" : {
          "min" : 124,
          "max" : 80044046,
          "mean" : 3210.155948,
          "stddev" : 14225.409677,
          "N" : 1131572454,
          "percentile" : {
            "1.000000" : 1048,
            "5.000000" : 1640,
            "10.000000" : 1944,
            "20.000000" : 2320,
            "30.000000" : 2608,
            "40.000000" : 2832,
            "50.000000" : 3056,
            "60.000000" : 3280,
            "70.000000" : 3536,
            "80.000000" : 3856,
            "90.000000" : 4320,
            "95.000000" : 4704,
            "99.000000" : 5728,
            "99.500000" : 6176,
            "99.900000" : 8512,
            "99.950000" : 18560,
            "99.990000" : 68096
          }
        },
        "lat_ns" : {
          "min" : 160,
          "max" : 80044117,
          "mean" : 3293.245842,
          "stddev" : 14353.931956,
          "N" : 1131572454
        },
        "bw_min" : 81592,
        "bw_max" : 29019641,
        "bw_agg" : 100.000000,
        "bw_mean" : 25380188.273239,
        "bw_dev" : 147032.669510,
        "bw_samples" : 9230,
        "iops_min" : 20398,
        "iops_max" : 7254914,
        "iops_mean" : 6345041.478873,
        "iops_stddev" : 36758.142819,
        "iops_samples" : 9230
      },
      "write" : {
        "io_bytes" : 6636524498944,
        "io_kbytes" : 6480980956,
        "bw_bytes" : 36868761243,
        "bw" : 36004649,
        "iops" : 9001162.413057,
        "runtime" : 180004,
        "total_ios" : 1620245239,
        "short_ios" : 0,
        "drop_ios" : 0,
        "slat_ns" : {
          "min" : 0,
          "max" : 0,
          "mean" : 0.000000,
          "stddev" : 0.000000,
          "N" : 0
        },
        "clat_ns" : {
          "min" : 124,
          "max" : 85583138,
          "mean" : 3142.903062,
          "stddev" : 15585.496262,
          "N" : 1620245239,
          "percentile" : {
            "1.000000" : 988,
            "5.000000" : 1464,
            "10.000000" : 1784,
            "20.000000" : 2192,
            "30.000000" : 2480,
            "40.000000" : 2704,
            "50.000000" : 2928,
            "60.000000" : 3152,
            "70.000000" : 3408,
            "80.000000" : 3728,
            "90.000000" : 4192,
            "95.000000" : 4576,
            "99.000000" : 5536,
            "99.500000" : 6176,
            "99.900000" : 27264,
            "99.950000" : 70144,
            "99.990000" : 173056
          }
        },
        "lat_ns" : {
          "min" : 173,
          "max" : 85583212,
          "mean" : 3268.293290,
          "stddev" : 15796.402354,
          "N" : 1620245239
        },
        "bw_min" : 118232,
        "bw_max" : 41976276,
        "bw_agg" : 100.000000,
        "bw_mean" : 36338119.461972,
        "bw_dev" : 136649.619416,
        "bw_samples" : 13490,
        "iops_min" : 29558,
        "iops_max" : 10494061,
        "iops_mean" : 9084521.836620,
        "iops_stddev" : 34162.378555,
        "iops_samples" : 13490
      },
      "trim" : {
        "io_bytes" : 0,
        "io_kbytes" : 0,
        "bw_bytes" : 0,
        "bw" : 0,
        "iops" : 0.000000,
        "runtime" : 0,
        "total_ios" : 0,
        "short_ios" : 0,
        "drop_ios" : 0,
        "slat_ns" : {
          "min" : 0,
          "max" : 0,
          "mean" : 0.000000,
          "stddev" : 0.000000,
          "N" : 0
        },
        "clat_ns" : {
          "min" : 0,
          "max" : 0,
          "mean" : 0.000000,
          "stddev" : 0.000000,
          "N" : 0
        },
        "lat_ns" : {
          "min" : 0,
          "max" : 0,
          "mean" : 0.000000,
          "stddev" : 0.000000,
          "N" : 0
        },
        "bw_min" : 0,
        "bw_max" : 0,
        "bw_agg" : 0.000000,
        "bw_mean" : 0.000000,
        "bw_dev" : 0.000000,
        "bw_samples" : 0,
        "iops_min" : 0,
        "iops_max" : 0,
        "iops_mean" : 0.000000,
        "iops_stddev" : 0.000000,
        "iops_samples" : 0
      },
      "sync" : {
        "total_ios" : 0,
        "lat_ns" : {
          "min" : 0,
          "max" : 0,
          "mean" : 0.000000,
          "stddev" : 0.000000,
          "N" : 0
        }
      },
      "job_runtime" : 11520018,
      "usr_cpu" : 95.545250,
      "sys_cpu" : 1.005971,
      "ctx" : 673516,
      "majf" : 196635,
      "minf" : 2421283,
      "iodepth_level" : {
        "1" : 100.000000,
        "2" : 0.000000,
        "4" : 0.000000,
        "8" : 0.000000,
        "16" : 0.000000,
        "32" : 0.000000,
        ">=64" : 0.000000
      },
      "iodepth_submit" : {
        "0" : 0.000000,
        "4" : 100.000000,
        "8" : 0.000000,
        "16" : 0.000000,
        "32" : 0.000000,
        "64" : 0.000000,
        ">=64" : 0.000000
      },
      "iodepth_complete" : {
        "0" : 0.000000,
        "4" : 100.000000,
        "8" : 0.000000,
        "16" : 0.000000,
        "32" : 0.000000,
        "64" : 0.000000,
        ">=64" : 0.000000
      },
      "latency_ns" : {
        "2" : 0.000000,
        "4" : 0.000000,
        "10" : 0.000000,
        "20" : 0.000000,
        "50" : 0.000000,
        "100" : 0.000000,
        "250" : 0.024611,
        "500" : 0.036880,
        "750" : 0.200478,
        "1000" : 0.704809
      },
      "latency_us" : {
        "2" : 12.326054,
        "4" : 72.462691,
        "10" : 14.070170,
        "20" : 0.070325,
        "50" : 0.060960,
        "100" : 0.027119,
        "250" : 0.010000,
        "500" : 0.010000,
        "750" : 0.010000,
        "1000" : 0.010000
      },
      "latency_ms" : {
        "2" : 0.010000,
        "4" : 0.010000,
        "10" : 0.010000,
        "20" : 0.010000,
        "50" : 0.010000,
        "100" : 0.010000,
        "250" : 0.000000,
        "500" : 0.000000,
        "750" : 0.000000,
        "1000" : 0.000000,
        "2000" : 0.000000,
        ">=2000" : 0.000000
      },
      "latency_depth" : 1,
      "latency_target" : 0,
      "latency_percentile" : 100.000000,
      "latency_window" : 0
    }
  ],
  "disk_util" : [
    {
      "name" : "sda",
      "read_ios" : 196579,
      "write_ios" : 102384,
      "read_sectors" : 1574280,
      "write_sectors" : 19573568,
      "read_merges" : 206,
      "write_merges" : 7722,
      "read_ticks" : 153836,
      "write_ticks" : 36425053,
      "in_queue" : 36578896,
      "util" : 11.909962
    }
  ]
}
