{
  "fio version" : "fio-3.40",
  "timestamp" : 1771993001,
  "timestamp_ms" : 1771993001319,
  "time" : "Wed Feb 25 05:16:41 2026",
  "global options" : {
    "group_reporting" : "",
    "ioengine" : "mmap",
    "size" : "768m",
    "thread" : "1",
    "directory" : "/tmp",
    "time_based" : "",
    "runtime" : "180",
    "norandommap" : "1",
    "filename" : "/tmp/fio_readwrite",
    "share_mmap" : "1",
    "repl" : "1"
  },
  "jobs" : [
    {
      "jobname" : "writers",
      "groupid" : 0,
      "job_start" : 1771992821122,
      "error" : 0,
      "eta" : 0,
      "elapsed" : 181,
      "job options" : {
        "rw" : "randread",
        "random_distribution" : "random",
        "numjobs" : "45"
      },
      "read" : {
        "io_bytes" : 10186265747456,
        "io_kbytes" : 9947525144,
        "bw_bytes" : 56589107727,
        "bw" : 55262800,
        "iops" : 13815700.128886,
        "runtime" : 180004,
        "total_ios" : 2486881286,
        "short_ios" : 0,
        "drop_ios" : 0,
        "slat_ns" : {
          "min" : 0,
          "max" : 0,
          "mean" : 0.000000,
          "stddev" : 0.000000,
          "N" : 0
        },
        "clat_ns" : {
          "min" : 125,
          "max" : 80037985,
          "mean" : 2508.050820,
          "stddev" : 11652.727738,
          "N" : 2486881286,
          "percentile" : {
            "1.000000" : 932,
            "5.000000" : 1336,
            "10.000000" : 1576,
            "20.000000" : 1848,
            "30.000000" : 2040,
            "40.000000" : 2224,
            "50.000000" : 2384,
            "60.000000" : 2544,
            "70.000000" : 2736,
            "80.000000" : 2992,
            "90.000000" : 3344,
            "95.000000" : 3696,
            "99.000000" : 4512,
            "99.500000" : 4832,
            "99.900000" : 5984,
            "99.950000" : 14912,
            "99.990000" : 25984
          }
        },
        "lat_ns" : {
          "min" : 160,
          "max" : 80038029,
          "mean" : 2584.727265,
          "stddev" : 11771.223628,
          "N" : 2486881286
        },
        "bw_min" : 247496,
        "bw_max" : 64898324,
        "bw_agg" : 100.000000,
        "bw_mean" : 55778951.176966,
        "bw_dev" : 173589.478752,
        "bw_samples" : 16020,
        "iops_min" : 61874,
        "iops_max" : 16224566,
        "iops_mean" : 13944729.025281,
        "iops_stddev" : 43397.354341,
        "iops_samples" : 16020
      },
      "write" : {
        "io_bytes" : 4148356624384,
        "io_kbytes" : 4051129516,
        "bw_bytes" : 23045913559,
        "bw" : 22505774,
        "iops" : 5626443.740139,
        "runtime" : 180004,
        "total_ios" : 1012782379,
        "short_ios" : 0,
        "drop_ios" : 0,
        "slat_ns" : {
          "min" : 0,
          "max" : 0,
          "mean" : 0.000000,
          "stddev" : 0.000000,
          "N" : 0
        },
        "clat_ns" : {
          "min" : 125,
          "max" : 36080330,
          "mean" : 2567.794161,
          "stddev" : 12377.012908,
          "N" : 1012782379,
          "percentile" : {
            "1.000000" : 956,
            "5.000000" : 1336,
            "10.000000" : 1560,
            "20.000000" : 1832,
            "30.000000" : 2040,
            "40.000000" : 2224,
            "50.000000" : 2384,
            "60.000000" : 2576,
            "70.000000" : 2736,
            "80.000000" : 2960,
            "90.000000" : 3312,
            "95.000000" : 3632,
            "99.000000" : 4512,
            "99.500000" : 5024,
            "99.900000" : 22144,
            "99.950000" : 57088,
            "99.990000" : 101888
          }
        },
        "lat_ns" : {
          "min" : 175,
          "max" : 56002436,
          "mean" : 2671.097826,
          "stddev" : 12665.993504,
          "N" : 1012782379
        },
        "bw_min" : 104160,
        "bw_max" : 25307057,
        "bw_agg" : 100.000000,
        "bw_mean" : 22716164.494382,
        "bw_dev" : 163979.521965,
        "bw_samples" : 6764,
        "iops_min" : 26040,
        "iops_max" : 6326757,
        "iops_mean" : 5679037.887640,
        "iops_stddev" : 40994.865559,
        "iops_samples" : 6764
      },
      "trim" : {
        "io_bytes" : 0,
        "io_kbytes" : 0,
        "bw_bytes" : 0,
        "bw" : 0,
        "iops" : 0.000000,
        "runtime" : 0,
        "total_ios" : 0,
        "short_ios" : 0,
        "drop_ios" : 0,
        "slat_ns" : {
          "min" : 0,
          "max" : 0,
          "mean" : 0.000000,
          "stddev" : 0.000000,
          "N" : 0
        },
        "clat_ns" : {
          "min" : 0,
          "max" : 0,
          "mean" : 0.000000,
          "stddev" : 0.000000,
          "N" : 0
        },
        "lat_ns" : {
          "min" : 0,
          "max" : 0,
          "mean" : 0.000000,
          "stddev" : 0.000000,
          "N" : 0
        },
        "bw_min" : 0,
        "bw_max" : 0,
        "bw_agg" : 0.000000,
        "bw_mean" : 0.000000,
        "bw_dev" : 0.000000,
        "bw_samples" : 0,
        "iops_min" : 0,
        "iops_max" : 0,
        "iops_mean" : 0.000000,
        "iops_stddev" : 0.000000,
        "iops_samples" : 0
      },
      "sync" : {
        "total_ios" : 0,
        "lat_ns" : {
          "min" : 0,
          "max" : 0,
          "mean" : 0.000000,
          "stddev" : 0.000000,
          "N" : 0
        }
      },
      "job_runtime" : 11520051,
      "usr_cpu" : 96.285919,
      "sys_cpu" : 0.648695,
      "ctx" : 698185,
      "majf" : 196617,
      "minf" : 2277373,
      "iodepth_level" : {
        "1" : 100.000000,
        "2" : 0.000000,
        "4" : 0.000000,
        "8" : 0.000000,
        "16" : 0.000000,
        "32" : 0.000000,
        ">=64" : 0.000000
      },
      "iodepth_submit" : {
        "0" : 0.000000,
        "4" : 100.000000,
        "8" : 0.000000,
        "16" : 0.000000,
        "32" : 0.000000,
        "64" : 0.000000,
        ">=64" : 0.000000
      },
      "iodepth_complete" : {
        "0" : 0.000000,
        "4" : 100.000000,
        "8" : 0.000000,
        "16" : 0.000000,
        "32" : 0.000000,
        "64" : 0.000000,
        ">=64" : 0.000000
      },
      "latency_ns" : {
        "2" : 0.000000,
        "4" : 0.000000,
        "10" : 0.000000,
        "20" : 0.000000,
        "50" : 0.000000,
        "100" : 0.000000,
        "250" : 0.026238,
        "500" : 0.039612,
        "750" : 0.251399,
        "1000" : 1.040942
      },
      "latency_us" : {
        "2" : 26.238703,
        "4" : 69.799252,
        "10" : 2.474455,
        "20" : 0.085578,
        "50" : 0.021591,
        "100" : 0.013903,
        "250" : 0.010000,
        "500" : 0.010000,
        "750" : 0.010000,
        "1000" : 0.010000
      },
      "latency_ms" : {
        "2" : 0.010000,
        "4" : 0.010000,
        "10" : 0.010000,
        "20" : 0.010000,
        "50" : 0.010000,
        "100" : 0.010000,
        "250" : 0.000000,
        "500" : 0.000000,
        "750" : 0.000000,
        "1000" : 0.000000,
        "2000" : 0.000000,
        ">=2000" : 0.000000
      },
      "latency_depth" : 1,
      "latency_target" : 0,
      "latency_percentile" : 100.000000,
      "latency_window" : 0
    }
  ],
  "disk_util" : [
    {
      "name" : "sda",
      "read_ios" : 196695,
      "write_ios" : 107551,
      "read_sectors" : 1580544,
      "write_sectors" : 17828632,
      "read_merges" : 418,
      "write_merges" : 8739,
      "read_ticks" : 151382,
      "write_ticks" : 112935067,
      "in_queue" : 113086455,
      "util" : 10.795103
    }
  ]
}
