{
  "fio version" : "fio-3.40",
  "timestamp" : 1764794132,
  "timestamp_ms" : 1764794132284,
  "time" : "Wed Dec  3 21:35:32 2025",
  "global options" : {
    "group_reporting" : "",
    "ioengine" : "mmap",
    "size" : "768m",
    "thread" : "1",
    "directory" : "/tmp",
    "time_based" : "",
    "runtime" : "180",
    "norandommap" : "1",
    "filename" : "/tmp/fio_readwrite",
    "share_mmap" : "1",
    "repl" : "1"
  },
  "jobs" : [
    {
      "jobname" : "writers",
      "groupid" : 0,
      "job_start" : 1764793952259,
      "error" : 0,
      "eta" : 0,
      "elapsed" : 181,
      "job options" : {
        "rw" : "randread",
        "random_distribution" : "random",
        "numjobs" : "13"
      },
      "read" : {
        "io_bytes" : 2157433344000,
        "io_kbytes" : 2106868500,
        "bw_bytes" : 11985607626,
        "bw" : 11704694,
        "iops" : 2926173.736958,
        "runtime" : 180002,
        "total_ios" : 526717125,
        "short_ios" : 0,
        "drop_ios" : 0,
        "slat_ns" : {
          "min" : 0,
          "max" : 0,
          "mean" : 0.000000,
          "stddev" : 0.000000,
          "N" : 0
        },
        "clat_ns" : {
          "min" : 104,
          "max" : 21171250,
          "mean" : 3344.220475,
          "stddev" : 8976.237573,
          "N" : 526717125,
          "percentile" : {
            "1.000000" : 1012,
            "5.000000" : 1576,
            "10.000000" : 1912,
            "20.000000" : 2320,
            "30.000000" : 2608,
            "40.000000" : 2864,
            "50.000000" : 3088,
            "60.000000" : 3344,
            "70.000000" : 3600,
            "80.000000" : 3888,
            "90.000000" : 4384,
            "95.000000" : 4768,
            "99.000000" : 5984,
            "99.500000" : 7520,
            "99.900000" : 80384,
            "99.950000" : 96768,
            "99.990000" : 205824
          }
        },
        "lat_ns" : {
          "min" : 136,
          "max" : 21171282,
          "mean" : 3428.750915,
          "stddev" : 8986.709713,
          "N" : 526717125
        },
        "bw_min" : 51368,
        "bw_max" : 14934831,
        "bw_agg" : 100.000000,
        "bw_mean" : 11836646.311204,
        "bw_dev" : 182457.006232,
        "bw_samples" : 4619,
        "iops_min" : 12842,
        "iops_max" : 3733701,
        "iops_mean" : 2959158.956560,
        "iops_stddev" : 45614.216343,
        "iops_samples" : 4619
      },
      "write" : {
        "io_bytes" : 8734410104832,
        "io_kbytes" : 8529697368,
        "bw_bytes" : 48523691854,
        "bw" : 47386417,
        "iops" : 11846604.456592,
        "runtime" : 180003,
        "total_ios" : 2132424342,
        "short_ios" : 0,
        "drop_ios" : 0,
        "slat_ns" : {
          "min" : 0,
          "max" : 0,
          "mean" : 0.000000,
          "stddev" : 0.000000,
          "N" : 0
        },
        "clat_ns" : {
          "min" : 97,
          "max" : 17640797,
          "mean" : 3186.518472,
          "stddev" : 10218.450438,
          "N" : 2132424342,
          "percentile" : {
            "1.000000" : 1064,
            "5.000000" : 1544,
            "10.000000" : 1848,
            "20.000000" : 2192,
            "30.000000" : 2448,
            "40.000000" : 2672,
            "50.000000" : 2896,
            "60.000000" : 3120,
            "70.000000" : 3408,
            "80.000000" : 3696,
            "90.000000" : 4128,
            "95.000000" : 4512,
            "99.000000" : 5472,
            "99.500000" : 6496,
            "99.900000" : 79360,
            "99.950000" : 154624,
            "99.990000" : 240640
          }
        },
        "lat_ns" : {
          "min" : 136,
          "max" : 17640930,
          "mean" : 3308.086794,
          "stddev" : 10265.480674,
          "N" : 2132424342
        },
        "bw_min" : 199144,
        "bw_max" : 51951060,
        "bw_agg" : 100.000000,
        "bw_mean" : 47952143.253363,
        "bw_dev" : 195539.891938,
        "bw_samples" : 18109,
        "iops_min" : 49786,
        "iops_max" : 12987758,
        "iops_mean" : 11988025.173461,
        "iops_stddev" : 48884.932577,
        "iops_samples" : 18109
      },
      "trim" : {
        "io_bytes" : 0,
        "io_kbytes" : 0,
        "bw_bytes" : 0,
        "bw" : 0,
        "iops" : 0.000000,
        "runtime" : 0,
        "total_ios" : 0,
        "short_ios" : 0,
        "drop_ios" : 0,
        "slat_ns" : {
          "min" : 0,
          "max" : 0,
          "mean" : 0.000000,
          "stddev" : 0.000000,
          "N" : 0
        },
        "clat_ns" : {
          "min" : 0,
          "max" : 0,
          "mean" : 0.000000,
          "stddev" : 0.000000,
          "N" : 0
        },
        "lat_ns" : {
          "min" : 0,
          "max" : 0,
          "mean" : 0.000000,
          "stddev" : 0.000000,
          "N" : 0
        },
        "bw_min" : 0,
        "bw_max" : 0,
        "bw_agg" : 0.000000,
        "bw_mean" : 0.000000,
        "bw_dev" : 0.000000,
        "bw_samples" : 0,
        "iops_min" : 0,
        "iops_max" : 0,
        "iops_mean" : 0.000000,
        "iops_stddev" : 0.000000,
        "iops_samples" : 0
      },
      "sync" : {
        "total_ios" : 0,
        "lat_ns" : {
          "min" : 0,
          "max" : 0,
          "mean" : 0.000000,
          "stddev" : 0.000000,
          "N" : 0
        }
      },
      "job_runtime" : 11520026,
      "usr_cpu" : 94.010777,
      "sys_cpu" : 4.704035,
      "ctx" : 297540,
      "majf" : 139915,
      "minf" : 3511893,
      "iodepth_level" : {
        "1" : 100.000000,
        "2" : 0.000000,
        "4" : 0.000000,
        "8" : 0.000000,
        "16" : 0.000000,
        "32" : 0.000000,
        ">=64" : 0.000000
      },
      "iodepth_submit" : {
        "0" : 0.000000,
        "4" : 100.000000,
        "8" : 0.000000,
        "16" : 0.000000,
        "32" : 0.000000,
        "64" : 0.000000,
        ">=64" : 0.000000
      },
      "iodepth_complete" : {
        "0" : 0.000000,
        "4" : 100.000000,
        "8" : 0.000000,
        "16" : 0.000000,
        "32" : 0.000000,
        "64" : 0.000000,
        ">=64" : 0.000000
      },
      "latency_ns" : {
        "2" : 0.000000,
        "4" : 0.000000,
        "10" : 0.000000,
        "20" : 0.000000,
        "50" : 0.000000,
        "100" : 0.010000,
        "250" : 0.035439,
        "500" : 0.030276,
        "750" : 0.180530,
        "1000" : 0.544492
      },
      "latency_us" : {
        "2" : 12.704339,
        "4" : 72.878456,
        "10" : 13.252099,
        "20" : 0.209186,
        "50" : 0.039840,
        "100" : 0.051262,
        "250" : 0.065420,
        "500" : 0.010000,
        "750" : 0.010000,
        "1000" : 0.010000
      },
      "latency_ms" : {
        "2" : 0.010000,
        "4" : 0.010000,
        "10" : 0.010000,
        "20" : 0.010000,
        "50" : 0.010000,
        "100" : 0.000000,
        "250" : 0.000000,
        "500" : 0.000000,
        "750" : 0.000000,
        "1000" : 0.000000,
        "2000" : 0.000000,
        ">=2000" : 0.000000
      },
      "latency_depth" : 1,
      "latency_target" : 0,
      "latency_percentile" : 100.000000,
      "latency_window" : 0
    }
  ],
  "disk_util" : [
    {
      "name" : "sda",
      "read_ios" : 139952,
      "write_ios" : 17032,
      "read_sectors" : 1122536,
      "write_sectors" : 1719200,
      "read_merges" : 297,
      "write_merges" : 169,
      "read_ticks" : 106763,
      "write_ticks" : 13316115,
      "in_queue" : 13422885,
      "util" : 2.183747
    }
  ]
}
