{
  "fio version" : "fio-3.40",
  "timestamp" : 1772054527,
  "timestamp_ms" : 1772054527769,
  "time" : "Wed Feb 25 22:22:07 2026",
  "global options" : {
    "group_reporting" : "",
    "ioengine" : "mmap",
    "size" : "768m",
    "thread" : "1",
    "directory" : "/tmp",
    "time_based" : "",
    "runtime" : "210",
    "norandommap" : "1",
    "filename" : "/tmp/fio_readwrite",
    "share_mmap" : "1",
    "repl" : "1"
  },
  "jobs" : [
    {
      "jobname" : "writers",
      "groupid" : 0,
      "job_start" : 1772054317610,
      "error" : 0,
      "eta" : 0,
      "elapsed" : 211,
      "job options" : {
        "rw" : "randread",
        "random_distribution" : "random",
        "numjobs" : "58"
      },
      "read" : {
        "io_bytes" : 25876701978624,
        "io_kbytes" : 25270216776,
        "bw_bytes" : 123221216839,
        "bw" : 120333219,
        "iops" : 30083304.892334,
        "runtime" : 210002,
        "total_ios" : 6317554194,
        "short_ios" : 0,
        "drop_ios" : 0,
        "slat_ns" : {
          "min" : 0,
          "max" : 0,
          "mean" : 0.000000,
          "stddev" : 0.000000,
          "N" : 0
        },
        "clat_ns" : {
          "min" : 98,
          "max" : 56036229,
          "mean" : 1405.631073,
          "stddev" : 8702.105989,
          "N" : 6317554194,
          "percentile" : {
            "1.000000" : 486,
            "5.000000" : 548,
            "10.000000" : 596,
            "20.000000" : 676,
            "30.000000" : 764,
            "40.000000" : 844,
            "50.000000" : 932,
            "60.000000" : 1032,
            "70.000000" : 1144,
            "80.000000" : 1352,
            "90.000000" : 2224,
            "95.000000" : 3184,
            "99.000000" : 4448,
            "99.500000" : 5472,
            "99.900000" : 60672,
            "99.950000" : 65280,
            "99.990000" : 83456
          }
        },
        "lat_ns" : {
          "min" : 125,
          "max" : 56036262,
          "mean" : 1461.698901,
          "stddev" : 8743.678879,
          "N" : 6317554194
        },
        "bw_min" : 4341511,
        "bw_max" : 146435618,
        "bw_agg" : 100.000000,
        "bw_mean" : 120749339.162859,
        "bw_dev" : 300803.072898,
        "bw_samples" : 24245,
        "iops_min" : 1085377,
        "iops_max" : 36608891,
        "iops_mean" : 30187320.138018,
        "iops_stddev" : 75200.738246,
        "iops_samples" : 24245
      },
      "write" : {
        "io_bytes" : 87624327168,
        "io_kbytes" : 85570632,
        "bw_bytes" : 417256713,
        "bw" : 407477,
        "iops" : 101869.314908,
        "runtime" : 210001,
        "total_ios" : 21392658,
        "short_ios" : 0,
        "drop_ios" : 0,
        "slat_ns" : {
          "min" : 0,
          "max" : 0,
          "mean" : 0.000000,
          "stddev" : 0.000000,
          "N" : 0
        },
        "clat_ns" : {
          "min" : 126,
          "max" : 9641194,
          "mean" : 57816.237434,
          "stddev" : 44154.999041,
          "N" : 21392658,
          "percentile" : {
            "1.000000" : 40192,
            "5.000000" : 45312,
            "10.000000" : 47360,
            "20.000000" : 49920,
            "30.000000" : 51968,
            "40.000000" : 53504,
            "50.000000" : 55552,
            "60.000000" : 57088,
            "70.000000" : 59136,
            "80.000000" : 62208,
            "90.000000" : 67072,
            "95.000000" : 72192,
            "99.000000" : 102912,
            "99.500000" : 123392,
            "99.900000" : 288768,
            "99.950000" : 798720,
            "99.990000" : 2039808
          }
        },
        "lat_ns" : {
          "min" : 171,
          "max" : 9641287,
          "mean" : 57945.501909,
          "stddev" : 44162.179993,
          "N" : 21392658
        },
        "bw_min" : 76138,
        "bw_max" : 481357,
        "bw_agg" : 100.000000,
        "bw_mean" : 409587.487988,
        "bw_dev" : 7409.612842,
        "bw_samples" : 2504,
        "iops_min" : 19034,
        "iops_max" : 120338,
        "iops_mean" : 102395.583739,
        "iops_stddev" : 1852.389830,
        "iops_samples" : 2504
      },
      "trim" : {
        "io_bytes" : 0,
        "io_kbytes" : 0,
        "bw_bytes" : 0,
        "bw" : 0,
        "iops" : 0.000000,
        "runtime" : 0,
        "total_ios" : 0,
        "short_ios" : 0,
        "drop_ios" : 0,
        "slat_ns" : {
          "min" : 0,
          "max" : 0,
          "mean" : 0.000000,
          "stddev" : 0.000000,
          "N" : 0
        },
        "clat_ns" : {
          "min" : 0,
          "max" : 0,
          "mean" : 0.000000,
          "stddev" : 0.000000,
          "N" : 0
        },
        "lat_ns" : {
          "min" : 0,
          "max" : 0,
          "mean" : 0.000000,
          "stddev" : 0.000000,
          "N" : 0
        },
        "bw_min" : 0,
        "bw_max" : 0,
        "bw_agg" : 0.000000,
        "bw_mean" : 0.000000,
        "bw_dev" : 0.000000,
        "bw_samples" : 0,
        "iops_min" : 0,
        "iops_max" : 0,
        "iops_mean" : 0.000000,
        "iops_stddev" : 0.000000,
        "iops_samples" : 0
      },
      "sync" : {
        "total_ios" : 0,
        "lat_ns" : {
          "min" : 0,
          "max" : 0,
          "mean" : 0.000000,
          "stddev" : 0.000000,
          "N" : 0
        }
      },
      "job_runtime" : 13440005,
      "usr_cpu" : 80.141190,
      "sys_cpu" : 17.746504,
      "ctx" : 670971,
      "majf" : 196638,
      "minf" : 42817637,
      "iodepth_level" : {
        "1" : 100.000000,
        "2" : 0.000000,
        "4" : 0.000000,
        "8" : 0.000000,
        "16" : 0.000000,
        "32" : 0.000000,
        ">=64" : 0.000000
      },
      "iodepth_submit" : {
        "0" : 0.000000,
        "4" : 100.000000,
        "8" : 0.000000,
        "16" : 0.000000,
        "32" : 0.000000,
        "64" : 0.000000,
        ">=64" : 0.000000
      },
      "iodepth_complete" : {
        "0" : 0.000000,
        "4" : 100.000000,
        "8" : 0.000000,
        "16" : 0.000000,
        "32" : 0.000000,
        "64" : 0.000000,
        ">=64" : 0.000000
      },
      "latency_ns" : {
        "2" : 0.000000,
        "4" : 0.000000,
        "10" : 0.000000,
        "20" : 0.000000,
        "50" : 0.000000,
        "100" : 0.010000,
        "250" : 0.047137,
        "500" : 1.350450,
        "750" : 27.279253,
        "1000" : 28.471111
      },
      "latency_us" : {
        "2" : 31.394391,
        "4" : 9.295218,
        "10" : 1.397867,
        "20" : 0.085001,
        "50" : 0.106372,
        "100" : 0.563609,
        "250" : 0.010000,
        "500" : 0.010000,
        "750" : 0.010000,
        "1000" : 0.010000
      },
      "latency_ms" : {
        "2" : 0.010000,
        "4" : 0.010000,
        "10" : 0.010000,
        "20" : 0.010000,
        "50" : 0.010000,
        "100" : 0.010000,
        "250" : 0.000000,
        "500" : 0.000000,
        "750" : 0.000000,
        "1000" : 0.000000,
        "2000" : 0.000000,
        ">=2000" : 0.000000
      },
      "latency_depth" : 1,
      "latency_target" : 0,
      "latency_percentile" : 100.000000,
      "latency_window" : 0
    }
  ],
  "disk_util" : [
    {
      "name" : "sdb",
      "read_ios" : 196628,
      "write_ios" : 343317,
      "read_sectors" : 1574288,
      "write_sectors" : 14313992,
      "read_merges" : 157,
      "write_merges" : 964,
      "read_ticks" : 194132,
      "write_ticks" : 661638,
      "in_queue" : 855776,
      "util" : 8.095899
    }
  ]
}
