{
  "fio version" : "fio-3.40",
  "timestamp" : 1772061067,
  "timestamp_ms" : 1772061067042,
  "time" : "Thu Feb 26 00:11:07 2026",
  "global options" : {
    "group_reporting" : "",
    "ioengine" : "mmap",
    "size" : "768m",
    "thread" : "1",
    "directory" : "/tmp",
    "time_based" : "",
    "runtime" : "210",
    "norandommap" : "1",
    "filename" : "/tmp/fio_readwrite",
    "share_mmap" : "1",
    "repl" : "1"
  },
  "jobs" : [
    {
      "jobname" : "writers",
      "groupid" : 0,
      "job_start" : 1772060856964,
      "error" : 0,
      "eta" : 0,
      "elapsed" : 211,
      "job options" : {
        "rw" : "randread",
        "random_distribution" : "random",
        "numjobs" : "45"
      },
      "read" : {
        "io_bytes" : 11266722156544,
        "io_kbytes" : 11002658356,
        "bw_bytes" : 53649780512,
        "bw" : 52392363,
        "iops" : 13098090.945454,
        "runtime" : 210005,
        "total_ios" : 2750664589,
        "short_ios" : 0,
        "drop_ios" : 0,
        "slat_ns" : {
          "min" : 0,
          "max" : 0,
          "mean" : 0.000000,
          "stddev" : 0.000000,
          "N" : 0
        },
        "clat_ns" : {
          "min" : 100,
          "max" : 8706868,
          "mean" : 2813.755799,
          "stddev" : 7435.505466,
          "N" : 2750664589,
          "percentile" : {
            "1.000000" : 524,
            "5.000000" : 860,
            "10.000000" : 1416,
            "20.000000" : 1976,
            "30.000000" : 2256,
            "40.000000" : 2480,
            "50.000000" : 2704,
            "60.000000" : 2896,
            "70.000000" : 3120,
            "80.000000" : 3376,
            "90.000000" : 3728,
            "95.000000" : 4080,
            "99.000000" : 5024,
            "99.500000" : 6240,
            "99.900000" : 63744,
            "99.950000" : 75264,
            "99.990000" : 119296
          }
        },
        "lat_ns" : {
          "min" : 128,
          "max" : 8706899,
          "mean" : 2875.359163,
          "stddev" : 7455.099636,
          "N" : 2750664589
        },
        "bw_min" : 187448,
        "bw_max" : 72934489,
        "bw_agg" : 100.000000,
        "bw_mean" : 52565881.947242,
        "bw_dev" : 172769.472426,
        "bw_samples" : 18765,
        "iops_min" : 46862,
        "iops_max" : 18233609,
        "iops_mean" : 13141460.767386,
        "iops_stddev" : 43192.357192,
        "iops_samples" : 18765
      },
      "write" : {
        "io_bytes" : 4205114814464,
        "io_kbytes" : 4106557436,
        "bw_bytes" : 20023879500,
        "bw" : 19554569,
        "iops" : 4888642.456132,
        "runtime" : 210005,
        "total_ios" : 1026639359,
        "short_ios" : 0,
        "drop_ios" : 0,
        "slat_ns" : {
          "min" : 0,
          "max" : 0,
          "mean" : 0.000000,
          "stddev" : 0.000000,
          "N" : 0
        },
        "clat_ns" : {
          "min" : 103,
          "max" : 8139355,
          "mean" : 3059.454182,
          "stddev" : 8521.165117,
          "N" : 1026639359,
          "percentile" : {
            "1.000000" : 1064,
            "5.000000" : 1512,
            "10.000000" : 1768,
            "20.000000" : 2096,
            "30.000000" : 2320,
            "40.000000" : 2512,
            "50.000000" : 2704,
            "60.000000" : 2896,
            "70.000000" : 3120,
            "80.000000" : 3344,
            "90.000000" : 3696,
            "95.000000" : 3984,
            "99.000000" : 4960,
            "99.500000" : 16768,
            "99.900000" : 80384,
            "99.950000" : 90624,
            "99.990000" : 158720
          }
        },
        "lat_ns" : {
          "min" : 145,
          "max" : 8139433,
          "mean" : 3160.556989,
          "stddev" : 8546.545816,
          "N" : 1026639359
        },
        "bw_min" : 78456,
        "bw_max" : 22234184,
        "bw_agg" : 100.000000,
        "bw_mean" : 19615389.345324,
        "bw_dev" : 284109.052797,
        "bw_samples" : 7923,
        "iops_min" : 19614,
        "iops_max" : 5558545,
        "iops_mean" : 4903843.810552,
        "iops_stddev" : 71027.252683,
        "iops_samples" : 7923
      },
      "trim" : {
        "io_bytes" : 0,
        "io_kbytes" : 0,
        "bw_bytes" : 0,
        "bw" : 0,
        "iops" : 0.000000,
        "runtime" : 0,
        "total_ios" : 0,
        "short_ios" : 0,
        "drop_ios" : 0,
        "slat_ns" : {
          "min" : 0,
          "max" : 0,
          "mean" : 0.000000,
          "stddev" : 0.000000,
          "N" : 0
        },
        "clat_ns" : {
          "min" : 0,
          "max" : 0,
          "mean" : 0.000000,
          "stddev" : 0.000000,
          "N" : 0
        },
        "lat_ns" : {
          "min" : 0,
          "max" : 0,
          "mean" : 0.000000,
          "stddev" : 0.000000,
          "N" : 0
        },
        "bw_min" : 0,
        "bw_max" : 0,
        "bw_agg" : 0.000000,
        "bw_mean" : 0.000000,
        "bw_dev" : 0.000000,
        "bw_samples" : 0,
        "iops_min" : 0,
        "iops_max" : 0,
        "iops_mean" : 0.000000,
        "iops_stddev" : 0.000000,
        "iops_samples" : 0
      },
      "sync" : {
        "total_ios" : 0,
        "lat_ns" : {
          "min" : 0,
          "max" : 0,
          "mean" : 0.000000,
          "stddev" : 0.000000,
          "N" : 0
        }
      },
      "job_runtime" : 13440087,
      "usr_cpu" : 94.658249,
      "sys_cpu" : 3.853115,
      "ctx" : 453529,
      "majf" : 193713,
      "minf" : 6948125,
      "iodepth_level" : {
        "1" : 100.000000,
        "2" : 0.000000,
        "4" : 0.000000,
        "8" : 0.000000,
        "16" : 0.000000,
        "32" : 0.000000,
        ">=64" : 0.000000
      },
      "iodepth_submit" : {
        "0" : 0.000000,
        "4" : 100.000000,
        "8" : 0.000000,
        "16" : 0.000000,
        "32" : 0.000000,
        "64" : 0.000000,
        ">=64" : 0.000000
      },
      "iodepth_complete" : {
        "0" : 0.000000,
        "4" : 100.000000,
        "8" : 0.000000,
        "16" : 0.000000,
        "32" : 0.000000,
        "64" : 0.000000,
        ">=64" : 0.000000
      },
      "latency_ns" : {
        "2" : 0.000000,
        "4" : 0.000000,
        "10" : 0.000000,
        "20" : 0.000000,
        "50" : 0.000000,
        "100" : 0.000000,
        "250" : 0.041805,
        "500" : 0.425494,
        "750" : 2.299686,
        "1000" : 2.137897
      },
      "latency_us" : {
        "2" : 14.897741,
        "4" : 74.560323,
        "10" : 5.170137,
        "20" : 0.267651,
        "50" : 0.014269,
        "100" : 0.164440,
        "250" : 0.015236,
        "500" : 0.010000,
        "750" : 0.010000,
        "1000" : 0.010000
      },
      "latency_ms" : {
        "2" : 0.010000,
        "4" : 0.010000,
        "10" : 0.010000,
        "20" : 0.000000,
        "50" : 0.000000,
        "100" : 0.000000,
        "250" : 0.000000,
        "500" : 0.000000,
        "750" : 0.000000,
        "1000" : 0.000000,
        "2000" : 0.000000,
        ">=2000" : 0.000000
      },
      "latency_depth" : 1,
      "latency_target" : 0,
      "latency_percentile" : 100.000000,
      "latency_window" : 0
    }
  ],
  "disk_util" : [
    {
      "name" : "sdb",
      "read_ios" : 193675,
      "write_ios" : 32244,
      "read_sectors" : 1550736,
      "write_sectors" : 1888896,
      "read_merges" : 166,
      "write_merges" : 884,
      "read_ticks" : 144696,
      "write_ticks" : 15629941,
      "in_queue" : 15774645,
      "util" : 1.991941
    }
  ]
}
