{
  "fio version" : "fio-3.40",
  "timestamp" : 1765212629,
  "timestamp_ms" : 1765212629174,
  "time" : "Mon Dec  8 17:50:29 2025",
  "global options" : {
    "group_reporting" : "",
    "ioengine" : "mmap",
    "size" : "768m",
    "thread" : "1",
    "directory" : "/tmp",
    "time_based" : "",
    "runtime" : "180",
    "norandommap" : "1",
    "filename" : "/tmp/fio_readwrite",
    "share_mmap" : "1",
    "repl" : "1"
  },
  "jobs" : [
    {
      "jobname" : "writers",
      "groupid" : 0,
      "job_start" : 1765212449039,
      "error" : 0,
      "eta" : 0,
      "elapsed" : 181,
      "job options" : {
        "rw" : "randread",
        "random_distribution" : "random",
        "numjobs" : "26"
      },
      "read" : {
        "io_bytes" : 5166933102592,
        "io_kbytes" : 5045833108,
        "bw_bytes" : 28704386559,
        "bw" : 28031627,
        "iops" : 7007906.874809,
        "runtime" : 180005,
        "total_ios" : 1261458277,
        "short_ios" : 0,
        "drop_ios" : 0,
        "slat_ns" : {
          "min" : 0,
          "max" : 0,
          "mean" : 0.000000,
          "stddev" : 0.000000,
          "N" : 0
        },
        "clat_ns" : {
          "min" : 97,
          "max" : 8101789,
          "mean" : 2956.085713,
          "stddev" : 9517.410977,
          "N" : 1261458277,
          "percentile" : {
            "1.000000" : 1004,
            "5.000000" : 1448,
            "10.000000" : 1736,
            "20.000000" : 2128,
            "30.000000" : 2384,
            "40.000000" : 2608,
            "50.000000" : 2832,
            "60.000000" : 3056,
            "70.000000" : 3280,
            "80.000000" : 3568,
            "90.000000" : 4016,
            "95.000000" : 4384,
            "99.000000" : 5472,
            "99.500000" : 6048,
            "99.900000" : 17536,
            "99.950000" : 18816,
            "99.990000" : 33024
          }
        },
        "lat_ns" : {
          "min" : 125,
          "max" : 8101830,
          "mean" : 3023.995231,
          "stddev" : 9563.365053,
          "N" : 1261458277
        },
        "bw_min" : 51848,
        "bw_max" : 33254526,
        "bw_agg" : 100.000000,
        "bw_mean" : 28214353.264045,
        "bw_dev" : 164377.091912,
        "bw_samples" : 9256,
        "iops_min" : 12962,
        "iops_max" : 8313625,
        "iops_mean" : 7053582.657303,
        "iops_stddev" : 41094.251452,
        "iops_samples" : 9256
      },
      "write" : {
        "io_bytes" : 6976994299904,
        "io_kbytes" : 6813470996,
        "bw_bytes" : 38760002777,
        "bw" : 37851565,
        "iops" : 9462891.303019,
        "runtime" : 180005,
        "total_ios" : 1703367749,
        "short_ios" : 0,
        "drop_ios" : 0,
        "slat_ns" : {
          "min" : 0,
          "max" : 0,
          "mean" : 0.000000,
          "stddev" : 0.000000,
          "N" : 0
        },
        "clat_ns" : {
          "min" : 96,
          "max" : 67323094,
          "mean" : 2966.248242,
          "stddev" : 15947.242790,
          "N" : 1703367749,
          "percentile" : {
            "1.000000" : 1012,
            "5.000000" : 1448,
            "10.000000" : 1736,
            "20.000000" : 2064,
            "30.000000" : 2288,
            "40.000000" : 2512,
            "50.000000" : 2704,
            "60.000000" : 2928,
            "70.000000" : 3184,
            "80.000000" : 3472,
            "90.000000" : 3920,
            "95.000000" : 4320,
            "99.000000" : 5472,
            "99.500000" : 6496,
            "99.900000" : 24448,
            "99.950000" : 70144,
            "99.990000" : 158720
          }
        },
        "lat_ns" : {
          "min" : 135,
          "max" : 67323145,
          "mean" : 3082.694259,
          "stddev" : 16165.600448,
          "N" : 1703367749
        },
        "bw_min" : 75816,
        "bw_max" : 48038668,
        "bw_agg" : 100.000000,
        "bw_mean" : 38097539.775281,
        "bw_dev" : 147571.540425,
        "bw_samples" : 13528,
        "iops_min" : 18954,
        "iops_max" : 12009661,
        "iops_mean" : 9524376.646067,
        "iops_stddev" : 36892.864919,
        "iops_samples" : 13528
      },
      "trim" : {
        "io_bytes" : 0,
        "io_kbytes" : 0,
        "bw_bytes" : 0,
        "bw" : 0,
        "iops" : 0.000000,
        "runtime" : 0,
        "total_ios" : 0,
        "short_ios" : 0,
        "drop_ios" : 0,
        "slat_ns" : {
          "min" : 0,
          "max" : 0,
          "mean" : 0.000000,
          "stddev" : 0.000000,
          "N" : 0
        },
        "clat_ns" : {
          "min" : 0,
          "max" : 0,
          "mean" : 0.000000,
          "stddev" : 0.000000,
          "N" : 0
        },
        "lat_ns" : {
          "min" : 0,
          "max" : 0,
          "mean" : 0.000000,
          "stddev" : 0.000000,
          "N" : 0
        },
        "bw_min" : 0,
        "bw_max" : 0,
        "bw_agg" : 0.000000,
        "bw_mean" : 0.000000,
        "bw_dev" : 0.000000,
        "bw_samples" : 0,
        "iops_min" : 0,
        "iops_max" : 0,
        "iops_mean" : 0.000000,
        "iops_stddev" : 0.000000,
        "iops_samples" : 0
      },
      "sync" : {
        "total_ios" : 0,
        "lat_ns" : {
          "min" : 0,
          "max" : 0,
          "mean" : 0.000000,
          "stddev" : 0.000000,
          "N" : 0
        }
      },
      "job_runtime" : 11520076,
      "usr_cpu" : 95.987882,
      "sys_cpu" : 1.039203,
      "ctx" : 578612,
      "majf" : 196618,
      "minf" : 2001285,
      "iodepth_level" : {
        "1" : 100.000000,
        "2" : 0.000000,
        "4" : 0.000000,
        "8" : 0.000000,
        "16" : 0.000000,
        "32" : 0.000000,
        ">=64" : 0.000000
      },
      "iodepth_submit" : {
        "0" : 0.000000,
        "4" : 100.000000,
        "8" : 0.000000,
        "16" : 0.000000,
        "32" : 0.000000,
        "64" : 0.000000,
        ">=64" : 0.000000
      },
      "iodepth_complete" : {
        "0" : 0.000000,
        "4" : 100.000000,
        "8" : 0.000000,
        "16" : 0.000000,
        "32" : 0.000000,
        "64" : 0.000000,
        ">=64" : 0.000000
      },
      "latency_ns" : {
        "2" : 0.000000,
        "4" : 0.000000,
        "10" : 0.000000,
        "20" : 0.000000,
        "50" : 0.000000,
        "100" : 0.010000,
        "250" : 0.038114,
        "500" : 0.030183,
        "750" : 0.162848,
        "1000" : 0.736457
      },
      "latency_us" : {
        "2" : 16.425579,
        "4" : 73.433164,
        "10" : 8.894916,
        "20" : 0.193270,
        "50" : 0.048187,
        "100" : 0.020385,
        "250" : 0.010000,
        "500" : 0.010000,
        "750" : 0.010000,
        "1000" : 0.010000
      },
      "latency_ms" : {
        "2" : 0.010000,
        "4" : 0.010000,
        "10" : 0.010000,
        "20" : 0.010000,
        "50" : 0.010000,
        "100" : 0.010000,
        "250" : 0.000000,
        "500" : 0.000000,
        "750" : 0.000000,
        "1000" : 0.000000,
        "2000" : 0.000000,
        ">=2000" : 0.000000
      },
      "latency_depth" : 1,
      "latency_target" : 0,
      "latency_percentile" : 100.000000,
      "latency_window" : 0
    }
  ],
  "disk_util" : [
    {
      "name" : "sda",
      "read_ios" : 196552,
      "write_ios" : 63975,
      "read_sectors" : 1573872,
      "write_sectors" : 16068072,
      "read_merges" : 182,
      "write_merges" : 1940,
      "read_ticks" : 154267,
      "write_ticks" : 100839460,
      "in_queue" : 100993736,
      "util" : 9.863319
    }
  ]
}
