{
  "fio version" : "fio-3.40",
  "timestamp" : 1769850327,
  "timestamp_ms" : 1769850327256,
  "time" : "Sat Jan 31 10:05:27 2026",
  "global options" : {
    "group_reporting" : "",
    "ioengine" : "mmap",
    "size" : "768m",
    "thread" : "1",
    "directory" : "/tmp",
    "time_based" : "",
    "runtime" : "180",
    "norandommap" : "1",
    "filename" : "/tmp/fio_readwrite",
    "share_mmap" : "1",
    "repl" : "1"
  },
  "jobs" : [
    {
      "jobname" : "writers",
      "groupid" : 0,
      "job_start" : 1769850147088,
      "error" : 0,
      "eta" : 0,
      "elapsed" : 181,
      "job options" : {
        "rw" : "randread",
        "random_distribution" : "random",
        "numjobs" : "26"
      },
      "read" : {
        "io_bytes" : 3605957525504,
        "io_kbytes" : 3521442896,
        "bw_bytes" : 20032763484,
        "bw" : 19563245,
        "iops" : 4890811.397588,
        "runtime" : 180003,
        "total_ios" : 880360724,
        "short_ios" : 0,
        "drop_ios" : 0,
        "slat_ns" : {
          "min" : 0,
          "max" : 0,
          "mean" : 0.000000,
          "stddev" : 0.000000,
          "N" : 0
        },
        "clat_ns" : {
          "min" : 96,
          "max" : 90966981,
          "mean" : 4324.328000,
          "stddev" : 19214.465426,
          "N" : 880360724,
          "percentile" : {
            "1.000000" : 1720,
            "5.000000" : 2448,
            "10.000000" : 2800,
            "20.000000" : 3248,
            "30.000000" : 3536,
            "40.000000" : 3824,
            "50.000000" : 4080,
            "60.000000" : 4384,
            "70.000000" : 4640,
            "80.000000" : 5024,
            "90.000000" : 5536,
            "95.000000" : 6048,
            "99.000000" : 7456,
            "99.500000" : 8256,
            "99.900000" : 19328,
            "99.950000" : 21376,
            "99.990000" : 432128
          }
        },
        "lat_ns" : {
          "min" : 124,
          "max" : 90967038,
          "mean" : 4397.779346,
          "stddev" : 19315.946603,
          "N" : 880360724
        },
        "bw_min" : 85744,
        "bw_max" : 23869990,
        "bw_agg" : 100.000000,
        "bw_mean" : 19858880.240793,
        "bw_dev" : 124671.472049,
        "bw_samples" : 9178,
        "iops_min" : 21436,
        "iops_max" : 5967488,
        "iops_mean" : 4964713.923513,
        "iops_stddev" : 31167.847237,
        "iops_samples" : 9178
      },
      "write" : {
        "io_bytes" : 5187276972032,
        "io_kbytes" : 5065700168,
        "bw_bytes" : 28817565009,
        "bw" : 28142153,
        "iops" : 7035538.332482,
        "runtime" : 180004,
        "total_ios" : 1266425042,
        "short_ios" : 0,
        "drop_ios" : 0,
        "slat_ns" : {
          "min" : 0,
          "max" : 0,
          "mean" : 0.000000,
          "stddev" : 0.000000,
          "N" : 0
        },
        "clat_ns" : {
          "min" : 96,
          "max" : 93026823,
          "mean" : 4221.958653,
          "stddev" : 19440.028699,
          "N" : 1266425042,
          "percentile" : {
            "1.000000" : 1608,
            "5.000000" : 2288,
            "10.000000" : 2640,
            "20.000000" : 3056,
            "30.000000" : 3344,
            "40.000000" : 3632,
            "50.000000" : 3888,
            "60.000000" : 4128,
            "70.000000" : 4448,
            "80.000000" : 4832,
            "90.000000" : 5344,
            "95.000000" : 5856,
            "99.000000" : 7200,
            "99.500000" : 8512,
            "99.900000" : 38144,
            "99.950000" : 109056,
            "99.990000" : 536576
          }
        },
        "lat_ns" : {
          "min" : 134,
          "max" : 93026872,
          "mean" : 4336.338661,
          "stddev" : 19604.748833,
          "N" : 1266425042
        },
        "bw_min" : 124176,
        "bw_max" : 34666836,
        "bw_agg" : 100.000000,
        "bw_mean" : 28565006.419263,
        "bw_dev" : 118888.120083,
        "bw_samples" : 13414,
        "iops_min" : 31044,
        "iops_max" : 8666698,
        "iops_mean" : 7141242.900850,
        "iops_stddev" : 29722.003370,
        "iops_samples" : 13414
      },
      "trim" : {
        "io_bytes" : 0,
        "io_kbytes" : 0,
        "bw_bytes" : 0,
        "bw" : 0,
        "iops" : 0.000000,
        "runtime" : 0,
        "total_ios" : 0,
        "short_ios" : 0,
        "drop_ios" : 0,
        "slat_ns" : {
          "min" : 0,
          "max" : 0,
          "mean" : 0.000000,
          "stddev" : 0.000000,
          "N" : 0
        },
        "clat_ns" : {
          "min" : 0,
          "max" : 0,
          "mean" : 0.000000,
          "stddev" : 0.000000,
          "N" : 0
        },
        "lat_ns" : {
          "min" : 0,
          "max" : 0,
          "mean" : 0.000000,
          "stddev" : 0.000000,
          "N" : 0
        },
        "bw_min" : 0,
        "bw_max" : 0,
        "bw_agg" : 0.000000,
        "bw_mean" : 0.000000,
        "bw_dev" : 0.000000,
        "bw_samples" : 0,
        "iops_min" : 0,
        "iops_max" : 0,
        "iops_mean" : 0.000000,
        "iops_stddev" : 0.000000,
        "iops_samples" : 0
      },
      "sync" : {
        "total_ios" : 0,
        "lat_ns" : {
          "min" : 0,
          "max" : 0,
          "mean" : 0.000000,
          "stddev" : 0.000000,
          "N" : 0
        }
      },
      "job_runtime" : 11520046,
      "usr_cpu" : 94.430647,
      "sys_cpu" : 1.170290,
      "ctx" : 1117910,
      "majf" : 196624,
      "minf" : 1883898,
      "iodepth_level" : {
        "1" : 100.000000,
        "2" : 0.000000,
        "4" : 0.000000,
        "8" : 0.000000,
        "16" : 0.000000,
        "32" : 0.000000,
        ">=64" : 0.000000
      },
      "iodepth_submit" : {
        "0" : 0.000000,
        "4" : 100.000000,
        "8" : 0.000000,
        "16" : 0.000000,
        "32" : 0.000000,
        "64" : 0.000000,
        ">=64" : 0.000000
      },
      "iodepth_complete" : {
        "0" : 0.000000,
        "4" : 100.000000,
        "8" : 0.000000,
        "16" : 0.000000,
        "32" : 0.000000,
        "64" : 0.000000,
        ">=64" : 0.000000
      },
      "latency_ns" : {
        "2" : 0.000000,
        "4" : 0.000000,
        "10" : 0.000000,
        "20" : 0.000000,
        "50" : 0.000000,
        "100" : 0.010000,
        "250" : 0.039049,
        "500" : 0.037600,
        "750" : 0.062434,
        "1000" : 0.098901
      },
      "latency_us" : {
        "2" : 2.023790,
        "4" : 48.824416,
        "10" : 48.591036,
        "20" : 0.172433,
        "50" : 0.098908,
        "100" : 0.012306,
        "250" : 0.027328,
        "500" : 0.010000,
        "750" : 0.010000,
        "1000" : 0.010000
      },
      "latency_ms" : {
        "2" : 0.010000,
        "4" : 0.010000,
        "10" : 0.010000,
        "20" : 0.010000,
        "50" : 0.010000,
        "100" : 0.010000,
        "250" : 0.000000,
        "500" : 0.000000,
        "750" : 0.000000,
        "1000" : 0.000000,
        "2000" : 0.000000,
        ">=2000" : 0.000000
      },
      "latency_depth" : 1,
      "latency_target" : 0,
      "latency_percentile" : 100.000000,
      "latency_window" : 0
    }
  ],
  "disk_util" : [
    {
      "name" : "sda",
      "read_ios" : 196622,
      "write_ios" : 174196,
      "read_sectors" : 1576424,
      "write_sectors" : 15669232,
      "read_merges" : 308,
      "write_merges" : 16189,
      "read_ticks" : 181267,
      "write_ticks" : 35441377,
      "in_queue" : 35622657,
      "util" : 10.435557
    }
  ]
}
