{
  "fio version" : "fio-3.40",
  "timestamp" : 1769465984,
  "timestamp_ms" : 1769465984677,
  "time" : "Mon Jan 26 23:19:44 2026",
  "global options" : {
    "group_reporting" : "",
    "ioengine" : "mmap",
    "size" : "768m",
    "thread" : "1",
    "directory" : "/tmp",
    "time_based" : "",
    "runtime" : "180",
    "norandommap" : "1",
    "filename" : "/tmp/fio_readwrite",
    "share_mmap" : "1",
    "repl" : "1"
  },
  "jobs" : [
    {
      "jobname" : "writers",
      "groupid" : 0,
      "job_start" : 1769465804552,
      "error" : 0,
      "eta" : 0,
      "elapsed" : 181,
      "job options" : {
        "rw" : "randread",
        "random_distribution" : "random",
        "numjobs" : "13"
      },
      "read" : {
        "io_bytes" : 1968138444800,
        "io_kbytes" : 1922010200,
        "bw_bytes" : 10933980982,
        "bw" : 10677715,
        "iops" : 2669428.950789,
        "runtime" : 180002,
        "total_ios" : 480502550,
        "short_ios" : 0,
        "drop_ios" : 0,
        "slat_ns" : {
          "min" : 0,
          "max" : 0,
          "mean" : 0.000000,
          "stddev" : 0.000000,
          "N" : 0
        },
        "clat_ns" : {
          "min" : 99,
          "max" : 33066696,
          "mean" : 3633.957916,
          "stddev" : 8939.285077,
          "N" : 480502550,
          "percentile" : {
            "1.000000" : 1064,
            "5.000000" : 1736,
            "10.000000" : 2096,
            "20.000000" : 2512,
            "30.000000" : 2832,
            "40.000000" : 3120,
            "50.000000" : 3376,
            "60.000000" : 3632,
            "70.000000" : 3920,
            "80.000000" : 4256,
            "90.000000" : 4768,
            "95.000000" : 5216,
            "99.000000" : 6496,
            "99.500000" : 7648,
            "99.900000" : 82432,
            "99.950000" : 97792,
            "99.990000" : 220160
          }
        },
        "lat_ns" : {
          "min" : 127,
          "max" : 33066816,
          "mean" : 3727.978560,
          "stddev" : 8980.417530,
          "N" : 480502550
        },
        "bw_min" : 72432,
        "bw_max" : 12357826,
        "bw_agg" : 100.000000,
        "bw_mean" : 10857856.082411,
        "bw_dev" : 152475.524305,
        "bw_samples" : 4580,
        "iops_min" : 18108,
        "iops_max" : 3089457,
        "iops_mean" : 2714460.473724,
        "iops_stddev" : 38118.851850,
        "iops_samples" : 4580
      },
      "write" : {
        "io_bytes" : 8225452335104,
        "io_kbytes" : 8032668296,
        "bw_bytes" : 45695941951,
        "bw" : 44624943,
        "iops" : 11156235.828093,
        "runtime" : 180004,
        "total_ios" : 2008167074,
        "short_ios" : 0,
        "drop_ios" : 0,
        "slat_ns" : {
          "min" : 0,
          "max" : 0,
          "mean" : 0.000000,
          "stddev" : 0.000000,
          "N" : 0
        },
        "clat_ns" : {
          "min" : 97,
          "max" : 80039399,
          "mean" : 3386.450642,
          "stddev" : 8961.066300,
          "N" : 2008167074,
          "percentile" : {
            "1.000000" : 1080,
            "5.000000" : 1592,
            "10.000000" : 1912,
            "20.000000" : 2320,
            "30.000000" : 2608,
            "40.000000" : 2864,
            "50.000000" : 3120,
            "60.000000" : 3376,
            "70.000000" : 3664,
            "80.000000" : 3984,
            "90.000000" : 4448,
            "95.000000" : 4896,
            "99.000000" : 5856,
            "99.500000" : 6624,
            "99.900000" : 82432,
            "99.950000" : 158720,
            "99.990000" : 240640
          }
        },
        "lat_ns" : {
          "min" : 136,
          "max" : 80039447,
          "mean" : 3513.965702,
          "stddev" : 9007.882333,
          "N" : 2008167074
        },
        "bw_min" : 336944,
        "bw_max" : 49689178,
        "bw_agg" : 100.000000,
        "bw_mean" : 45386032.174237,
        "bw_dev" : 179204.739747,
        "bw_samples" : 17963,
        "iops_min" : 84236,
        "iops_max" : 12422292,
        "iops_mean" : 11346495.168088,
        "iops_stddev" : 44801.161645,
        "iops_samples" : 17963
      },
      "trim" : {
        "io_bytes" : 0,
        "io_kbytes" : 0,
        "bw_bytes" : 0,
        "bw" : 0,
        "iops" : 0.000000,
        "runtime" : 0,
        "total_ios" : 0,
        "short_ios" : 0,
        "drop_ios" : 0,
        "slat_ns" : {
          "min" : 0,
          "max" : 0,
          "mean" : 0.000000,
          "stddev" : 0.000000,
          "N" : 0
        },
        "clat_ns" : {
          "min" : 0,
          "max" : 0,
          "mean" : 0.000000,
          "stddev" : 0.000000,
          "N" : 0
        },
        "lat_ns" : {
          "min" : 0,
          "max" : 0,
          "mean" : 0.000000,
          "stddev" : 0.000000,
          "N" : 0
        },
        "bw_min" : 0,
        "bw_max" : 0,
        "bw_agg" : 0.000000,
        "bw_mean" : 0.000000,
        "bw_dev" : 0.000000,
        "bw_samples" : 0,
        "iops_min" : 0,
        "iops_max" : 0,
        "iops_mean" : 0.000000,
        "iops_stddev" : 0.000000,
        "iops_samples" : 0
      },
      "sync" : {
        "total_ios" : 0,
        "lat_ns" : {
          "min" : 0,
          "max" : 0,
          "mean" : 0.000000,
          "stddev" : 0.000000,
          "N" : 0
        }
      },
      "job_runtime" : 11520017,
      "usr_cpu" : 93.866789,
      "sys_cpu" : 4.952467,
      "ctx" : 303305,
      "majf" : 131187,
      "minf" : 3246580,
      "iodepth_level" : {
        "1" : 100.000000,
        "2" : 0.000000,
        "4" : 0.000000,
        "8" : 0.000000,
        "16" : 0.000000,
        "32" : 0.000000,
        ">=64" : 0.000000
      },
      "iodepth_submit" : {
        "0" : 0.000000,
        "4" : 100.000000,
        "8" : 0.000000,
        "16" : 0.000000,
        "32" : 0.000000,
        "64" : 0.000000,
        ">=64" : 0.000000
      },
      "iodepth_complete" : {
        "0" : 0.000000,
        "4" : 100.000000,
        "8" : 0.000000,
        "16" : 0.000000,
        "32" : 0.000000,
        "64" : 0.000000,
        ">=64" : 0.000000
      },
      "latency_ns" : {
        "2" : 0.000000,
        "4" : 0.000000,
        "10" : 0.000000,
        "20" : 0.000000,
        "50" : 0.000000,
        "100" : 0.010000,
        "250" : 0.035318,
        "500" : 0.026963,
        "750" : 0.153755,
        "1000" : 0.492964
      },
      "latency_us" : {
        "2" : 10.310059,
        "4" : 67.862843,
        "10" : 20.778307,
        "20" : 0.132245,
        "50" : 0.075658,
        "100" : 0.054471,
        "250" : 0.068658,
        "500" : 0.010000,
        "750" : 0.010000,
        "1000" : 0.010000
      },
      "latency_ms" : {
        "2" : 0.010000,
        "4" : 0.010000,
        "10" : 0.010000,
        "20" : 0.010000,
        "50" : 0.010000,
        "100" : 0.010000,
        "250" : 0.000000,
        "500" : 0.000000,
        "750" : 0.000000,
        "1000" : 0.000000,
        "2000" : 0.000000,
        ">=2000" : 0.000000
      },
      "latency_depth" : 1,
      "latency_target" : 0,
      "latency_percentile" : 100.000000,
      "latency_window" : 0
    }
  ],
  "disk_util" : [
    {
      "name" : "sda",
      "read_ios" : 131240,
      "write_ios" : 26619,
      "read_sectors" : 1052736,
      "write_sectors" : 1801720,
      "read_merges" : 224,
      "write_merges" : 348,
      "read_ticks" : 69928,
      "write_ticks" : 13623781,
      "in_queue" : 13693719,
      "util" : 2.209711
    }
  ]
}
