{
  "fio version" : "fio-3.40",
  "timestamp" : 1764543481,
  "timestamp_ms" : 1764543481131,
  "time" : "Sun Nov 30 23:58:01 2025",
  "global options" : {
    "group_reporting" : "",
    "ioengine" : "mmap",
    "size" : "768m",
    "thread" : "1",
    "directory" : "/tmp",
    "time_based" : "",
    "runtime" : "180",
    "filename" : "/tmp/fio_readwrite",
    "share_mmap" : "1",
    "repl" : "1"
  },
  "jobs" : [
    {
      "jobname" : "writers",
      "groupid" : 0,
      "job_start" : 1764543301010,
      "error" : 0,
      "eta" : 0,
      "elapsed" : 181,
      "job options" : {
        "rw" : "randread",
        "random_distribution" : "zipf",
        "numjobs" : "58"
      },
      "read" : {
        "io_bytes" : 26791794896896,
        "io_kbytes" : 26163862204,
        "bw_bytes" : 148841651186,
        "bw" : 145353174,
        "iops" : 36338293.746736,
        "runtime" : 180002,
        "total_ios" : 6540965551,
        "short_ios" : 0,
        "drop_ios" : 0,
        "slat_ns" : {
          "min" : 0,
          "max" : 0,
          "mean" : 0.000000,
          "stddev" : 0.000000,
          "N" : 0
        },
        "clat_ns" : {
          "min" : 93,
          "max" : 120024042,
          "mean" : 759.746893,
          "stddev" : 6901.817224,
          "N" : 6540965551,
          "percentile" : {
            "1.000000" : 133,
            "5.000000" : 163,
            "10.000000" : 191,
            "20.000000" : 217,
            "30.000000" : 245,
            "40.000000" : 354,
            "50.000000" : 564,
            "60.000000" : 796,
            "70.000000" : 1012,
            "80.000000" : 1208,
            "90.000000" : 1480,
            "95.000000" : 1720,
            "99.000000" : 2544,
            "99.500000" : 3024,
            "99.900000" : 3856,
            "99.950000" : 9920,
            "99.990000" : 18816
          }
        },
        "lat_ns" : {
          "min" : 120,
          "max" : 120024549,
          "mean" : 851.806850,
          "stddev" : 7020.454641,
          "N" : 6540965551
        },
        "bw_min" : 83536,
        "bw_max" : 174086809,
        "bw_agg" : 100.000000,
        "bw_mean" : 147519058.601695,
        "bw_dev" : 373898.628493,
        "bw_samples" : 20532,
        "iops_min" : 20884,
        "iops_max" : 43521685,
        "iops_mean" : 36879751.494350,
        "iops_stddev" : 93474.625291,
        "iops_samples" : 20532
      },
      "write" : {
        "io_bytes" : 2785421189120,
        "io_kbytes" : 2720137880,
        "bw_bytes" : 15474390224,
        "bw" : 15111709,
        "iops" : 3777927.300808,
        "runtime" : 180002,
        "total_ios" : 680034470,
        "short_ios" : 0,
        "drop_ios" : 0,
        "slat_ns" : {
          "min" : 0,
          "max" : 0,
          "mean" : 0.000000,
          "stddev" : 0.000000,
          "N" : 0
        },
        "clat_ns" : {
          "min" : 95,
          "max" : 64030869,
          "mean" : 805.903026,
          "stddev" : 11376.222977,
          "N" : 680034470,
          "percentile" : {
            "1.000000" : 129,
            "5.000000" : 157,
            "10.000000" : 185,
            "20.000000" : 213,
            "30.000000" : 233,
            "40.000000" : 350,
            "50.000000" : 580,
            "60.000000" : 820,
            "70.000000" : 1032,
            "80.000000" : 1208,
            "90.000000" : 1464,
            "95.000000" : 1704,
            "99.000000" : 2864,
            "99.500000" : 4832,
            "99.900000" : 10560,
            "99.950000" : 16064,
            "99.990000" : 41728
          }
        },
        "lat_ns" : {
          "min" : 133,
          "max" : 64031095,
          "mean" : 900.266797,
          "stddev" : 11749.464379,
          "N" : 680034470
        },
        "bw_min" : 7944,
        "bw_max" : 19362102,
        "bw_agg" : 100.000000,
        "bw_mean" : 15338989.649718,
        "bw_dev" : 437941.236779,
        "bw_samples" : 2124,
        "iops_min" : 1986,
        "iops_max" : 4840525,
        "iops_mean" : 3834746.200565,
        "iops_stddev" : 109485.278937,
        "iops_samples" : 2124
      },
      "trim" : {
        "io_bytes" : 0,
        "io_kbytes" : 0,
        "bw_bytes" : 0,
        "bw" : 0,
        "iops" : 0.000000,
        "runtime" : 0,
        "total_ios" : 0,
        "short_ios" : 0,
        "drop_ios" : 0,
        "slat_ns" : {
          "min" : 0,
          "max" : 0,
          "mean" : 0.000000,
          "stddev" : 0.000000,
          "N" : 0
        },
        "clat_ns" : {
          "min" : 0,
          "max" : 0,
          "mean" : 0.000000,
          "stddev" : 0.000000,
          "N" : 0
        },
        "lat_ns" : {
          "min" : 0,
          "max" : 0,
          "mean" : 0.000000,
          "stddev" : 0.000000,
          "N" : 0
        },
        "bw_min" : 0,
        "bw_max" : 0,
        "bw_agg" : 0.000000,
        "bw_mean" : 0.000000,
        "bw_dev" : 0.000000,
        "bw_samples" : 0,
        "iops_min" : 0,
        "iops_max" : 0,
        "iops_mean" : 0.000000,
        "iops_stddev" : 0.000000,
        "iops_samples" : 0
      },
      "sync" : {
        "total_ios" : 0,
        "lat_ns" : {
          "min" : 0,
          "max" : 0,
          "mean" : 0.000000,
          "stddev" : 0.000000,
          "N" : 0
        }
      },
      "job_runtime" : 11520003,
      "usr_cpu" : 95.932093,
      "sys_cpu" : 0.435260,
      "ctx" : 1059370,
      "majf" : 196605,
      "minf" : 3161713,
      "iodepth_level" : {
        "1" : 100.000000,
        "2" : 0.000000,
        "4" : 0.000000,
        "8" : 0.000000,
        "16" : 0.000000,
        "32" : 0.000000,
        ">=64" : 0.000000
      },
      "iodepth_submit" : {
        "0" : 0.000000,
        "4" : 100.000000,
        "8" : 0.000000,
        "16" : 0.000000,
        "32" : 0.000000,
        "64" : 0.000000,
        ">=64" : 0.000000
      },
      "iodepth_complete" : {
        "0" : 0.000000,
        "4" : 100.000000,
        "8" : 0.000000,
        "16" : 0.000000,
        "32" : 0.000000,
        "64" : 0.000000,
        ">=64" : 0.000000
      },
      "latency_ns" : {
        "2" : 0.000000,
        "4" : 0.000000,
        "10" : 0.000000,
        "20" : 0.000000,
        "50" : 0.000000,
        "100" : 0.010000,
        "250" : 31.122137,
        "500" : 16.331076,
        "750" : 10.690609,
        "1000" : 11.156343
      },
      "latency_us" : {
        "2" : 28.244368,
        "4" : 2.330078,
        "10" : 0.068757,
        "20" : 0.048197,
        "50" : 0.010000,
        "100" : 0.010000,
        "250" : 0.010000,
        "500" : 0.010000,
        "750" : 0.010000,
        "1000" : 0.010000
      },
      "latency_ms" : {
        "2" : 0.010000,
        "4" : 0.010000,
        "10" : 0.010000,
        "20" : 0.010000,
        "50" : 0.010000,
        "100" : 0.010000,
        "250" : 0.010000,
        "500" : 0.000000,
        "750" : 0.000000,
        "1000" : 0.000000,
        "2000" : 0.000000,
        ">=2000" : 0.000000
      },
      "latency_depth" : 1,
      "latency_target" : 0,
      "latency_percentile" : 100.000000,
      "latency_window" : 0
    }
  ],
  "disk_util" : [
    {
      "name" : "sdb",
      "read_ios" : 196617,
      "write_ios" : 172416,
      "read_sectors" : 1576320,
      "write_sectors" : 25360792,
      "read_merges" : 358,
      "write_merges" : 7455,
      "read_ticks" : 176770,
      "write_ticks" : 36019297,
      "in_queue" : 36196073,
      "util" : 15.439433
    }
  ]
}
