{
  "fio version" : "fio-3.40",
  "timestamp" : 1770007759,
  "timestamp_ms" : 1770007759557,
  "time" : "Mon Feb  2 05:49:19 2026",
  "global options" : {
    "group_reporting" : "",
    "ioengine" : "mmap",
    "size" : "768m",
    "thread" : "1",
    "directory" : "/tmp",
    "time_based" : "",
    "runtime" : "180",
    "norandommap" : "1",
    "filename" : "/tmp/fio_readwrite",
    "share_mmap" : "1",
    "repl" : "1"
  },
  "jobs" : [
    {
      "jobname" : "writers",
      "groupid" : 0,
      "job_start" : 1770007579329,
      "error" : 0,
      "eta" : 0,
      "elapsed" : 181,
      "job options" : {
        "rw" : "randread",
        "random_distribution" : "random",
        "numjobs" : "32"
      },
      "read" : {
        "io_bytes" : 5951702081536,
        "io_kbytes" : 5812209064,
        "bw_bytes" : 33064644179,
        "bw" : 32289691,
        "iops" : 8072422.895301,
        "runtime" : 180002,
        "total_ios" : 1453052266,
        "short_ios" : 0,
        "drop_ios" : 0,
        "slat_ns" : {
          "min" : 0,
          "max" : 0,
          "mean" : 0.000000,
          "stddev" : 0.000000,
          "N" : 0
        },
        "clat_ns" : {
          "min" : 95,
          "max" : 160063154,
          "mean" : 3153.711213,
          "stddev" : 20934.124353,
          "N" : 1453052266,
          "percentile" : {
            "1.000000" : 956,
            "5.000000" : 1480,
            "10.000000" : 1800,
            "20.000000" : 2192,
            "30.000000" : 2480,
            "40.000000" : 2736,
            "50.000000" : 2960,
            "60.000000" : 3184,
            "70.000000" : 3440,
            "80.000000" : 3728,
            "90.000000" : 4128,
            "95.000000" : 4576,
            "99.000000" : 5600,
            "99.500000" : 6368,
            "99.900000" : 18048,
            "99.950000" : 19328,
            "99.990000" : 112128
          }
        },
        "lat_ns" : {
          "min" : 123,
          "max" : 160063204,
          "mean" : 3228.415410,
          "stddev" : 21072.575550,
          "N" : 1453052266
        },
        "bw_min" : 122736,
        "bw_max" : 50651356,
        "bw_agg" : 100.000000,
        "bw_mean" : 32591929.820225,
        "bw_dev" : 198488.195991,
        "bw_samples" : 11392,
        "iops_min" : 30684,
        "iops_max" : 12662832,
        "iops_mean" : 8147976.662921,
        "iops_stddev" : 49622.030293,
        "iops_samples" : 11392
      },
      "write" : {
        "io_bytes" : 5985645350912,
        "io_kbytes" : 5845356788,
        "bw_bytes" : 33253215802,
        "bw" : 32473843,
        "iops" : 8118460.889323,
        "runtime" : 180002,
        "total_ios" : 1461339197,
        "short_ios" : 0,
        "drop_ios" : 0,
        "slat_ns" : {
          "min" : 0,
          "max" : 0,
          "mean" : 0.000000,
          "stddev" : 0.000000,
          "N" : 0
        },
        "clat_ns" : {
          "min" : 95,
          "max" : 88049605,
          "mean" : 3049.005353,
          "stddev" : 18093.075564,
          "N" : 1461339197,
          "percentile" : {
            "1.000000" : 916,
            "5.000000" : 1432,
            "10.000000" : 1752,
            "20.000000" : 2096,
            "30.000000" : 2352,
            "40.000000" : 2608,
            "50.000000" : 2800,
            "60.000000" : 3024,
            "70.000000" : 3280,
            "80.000000" : 3536,
            "90.000000" : 3952,
            "95.000000" : 4320,
            "99.000000" : 5344,
            "99.500000" : 6880,
            "99.900000" : 25984,
            "99.950000" : 63744,
            "99.990000" : 154624
          }
        },
        "lat_ns" : {
          "min" : 133,
          "max" : 88049672,
          "mean" : 3148.228523,
          "stddev" : 18292.029474,
          "N" : 1461339197
        },
        "bw_min" : 123008,
        "bw_max" : 54302216,
        "bw_agg" : 100.000000,
        "bw_mean" : 32778025.455056,
        "bw_dev" : 185032.991920,
        "bw_samples" : 11392,
        "iops_min" : 30752,
        "iops_max" : 13575540,
        "iops_mean" : 8194500.856742,
        "iops_stddev" : 46258.234583,
        "iops_samples" : 11392
      },
      "trim" : {
        "io_bytes" : 0,
        "io_kbytes" : 0,
        "bw_bytes" : 0,
        "bw" : 0,
        "iops" : 0.000000,
        "runtime" : 0,
        "total_ios" : 0,
        "short_ios" : 0,
        "drop_ios" : 0,
        "slat_ns" : {
          "min" : 0,
          "max" : 0,
          "mean" : 0.000000,
          "stddev" : 0.000000,
          "N" : 0
        },
        "clat_ns" : {
          "min" : 0,
          "max" : 0,
          "mean" : 0.000000,
          "stddev" : 0.000000,
          "N" : 0
        },
        "lat_ns" : {
          "min" : 0,
          "max" : 0,
          "mean" : 0.000000,
          "stddev" : 0.000000,
          "N" : 0
        },
        "bw_min" : 0,
        "bw_max" : 0,
        "bw_agg" : 0.000000,
        "bw_mean" : 0.000000,
        "bw_dev" : 0.000000,
        "bw_samples" : 0,
        "iops_min" : 0,
        "iops_max" : 0,
        "iops_mean" : 0.000000,
        "iops_stddev" : 0.000000,
        "iops_samples" : 0
      },
      "sync" : {
        "total_ios" : 0,
        "lat_ns" : {
          "min" : 0,
          "max" : 0,
          "mean" : 0.000000,
          "stddev" : 0.000000,
          "N" : 0
        }
      },
      "job_runtime" : 11520007,
      "usr_cpu" : 94.619717,
      "sys_cpu" : 0.827109,
      "ctx" : 777580,
      "majf" : 196620,
      "minf" : 2187779,
      "iodepth_level" : {
        "1" : 100.000000,
        "2" : 0.000000,
        "4" : 0.000000,
        "8" : 0.000000,
        "16" : 0.000000,
        "32" : 0.000000,
        ">=64" : 0.000000
      },
      "iodepth_submit" : {
        "0" : 0.000000,
        "4" : 100.000000,
        "8" : 0.000000,
        "16" : 0.000000,
        "32" : 0.000000,
        "64" : 0.000000,
        ">=64" : 0.000000
      },
      "iodepth_complete" : {
        "0" : 0.000000,
        "4" : 100.000000,
        "8" : 0.000000,
        "16" : 0.000000,
        "32" : 0.000000,
        "64" : 0.000000,
        ">=64" : 0.000000
      },
      "latency_ns" : {
        "2" : 0.000000,
        "4" : 0.000000,
        "10" : 0.000000,
        "20" : 0.000000,
        "50" : 0.000000,
        "100" : 0.010000,
        "250" : 0.039294,
        "500" : 0.043855,
        "750" : 0.319829,
        "1000" : 0.880084
      },
      "latency_us" : {
        "2" : 14.291239,
        "4" : 73.547986,
        "10" : 10.522517,
        "20" : 0.264389,
        "50" : 0.055387,
        "100" : 0.022418,
        "250" : 0.010000,
        "500" : 0.010000,
        "750" : 0.010000,
        "1000" : 0.010000
      },
      "latency_ms" : {
        "2" : 0.010000,
        "4" : 0.010000,
        "10" : 0.010000,
        "20" : 0.010000,
        "50" : 0.010000,
        "100" : 0.010000,
        "250" : 0.010000,
        "500" : 0.000000,
        "750" : 0.000000,
        "1000" : 0.000000,
        "2000" : 0.000000,
        ">=2000" : 0.000000
      },
      "latency_depth" : 1,
      "latency_target" : 0,
      "latency_percentile" : 100.000000,
      "latency_window" : 0
    }
  ],
  "disk_util" : [
    {
      "name" : "sda",
      "read_ios" : 196691,
      "write_ios" : 113787,
      "read_sectors" : 1582976,
      "write_sectors" : 17471952,
      "read_merges" : 321,
      "write_merges" : 9326,
      "read_ticks" : 194301,
      "write_ticks" : 69121596,
      "in_queue" : 69315904,
      "util" : 11.101776
    }
  ]
}
