{
  "fio version" : "fio-3.40",
  "timestamp" : 1756995232,
  "timestamp_ms" : 1756995232849,
  "time" : "Thu Sep  4 16:13:52 2025",
  "global options" : {
    "group_reporting" : "",
    "ioengine" : "mmap",
    "size" : "256m",
    "thread" : "1",
    "directory" : "/tmp",
    "time_based" : "",
    "runtime" : "30",
    "filename" : "/tmp/fio_readwrite",
    "share_mmap" : "1",
    "repl" : "1"
  },
  "jobs" : [
    {
      "jobname" : "writers",
      "groupid" : 0,
      "job_start" : 1756995202211,
      "error" : 0,
      "eta" : 0,
      "elapsed" : 31,
      "job options" : {
        "rw" : "randread",
        "random_distribution" : "random",
        "numjobs" : "51"
      },
      "read" : {
        "io_bytes" : 193273737216,
        "io_kbytes" : 188743884,
        "bw_bytes" : 6316548049,
        "bw" : 6168503,
        "iops" : 1542125.988627,
        "runtime" : 30598,
        "total_ios" : 47185971,
        "short_ios" : 0,
        "drop_ios" : 0,
        "slat_ns" : {
          "min" : 0,
          "max" : 0,
          "mean" : 0.000000,
          "stddev" : 0.000000,
          "N" : 0
        },
        "clat_ns" : {
          "min" : 117,
          "max" : 6362444,
          "mean" : 4157.230642,
          "stddev" : 40401.700845,
          "N" : 47185971,
          "percentile" : {
            "1.000000" : 350,
            "5.000000" : 422,
            "10.000000" : 458,
            "20.000000" : 502,
            "30.000000" : 556,
            "40.000000" : 628,
            "50.000000" : 708,
            "60.000000" : 796,
            "70.000000" : 908,
            "80.000000" : 1160,
            "90.000000" : 2832,
            "95.000000" : 4448,
            "99.000000" : 71168,
            "99.500000" : 91648,
            "99.900000" : 354304,
            "99.950000" : 782336,
            "99.990000" : 1908736
          }
        },
        "lat_ns" : {
          "min" : 143,
          "max" : 6362871,
          "mean" : 4217.509868,
          "stddev" : 40403.240997,
          "N" : 47185971
        },
        "bw_min" : 308182,
        "bw_max" : 27184656,
        "bw_agg" : 100.000000,
        "bw_mean" : 16294912.708995,
        "bw_dev" : 209988.604487,
        "bw_samples" : 1187,
        "iops_min" : 77041,
        "iops_max" : 6796166,
        "iops_mean" : 4073726.550150,
        "iops_stddev" : 52497.162639,
        "iops_samples" : 1187
      },
      "write" : {
        "io_bytes" : 35165097984,
        "io_kbytes" : 34340916,
        "bw_bytes" : 1149486728,
        "bw" : 1122545,
        "iops" : 280636.408211,
        "runtime" : 30592,
        "total_ios" : 8585229,
        "short_ios" : 0,
        "drop_ios" : 0,
        "slat_ns" : {
          "min" : 0,
          "max" : 0,
          "mean" : 0.000000,
          "stddev" : 0.000000,
          "N" : 0
        },
        "clat_ns" : {
          "min" : 112,
          "max" : 7184247,
          "mean" : 24832.082606,
          "stddev" : 60063.313338,
          "N" : 8585229,
          "percentile" : {
            "1.000000" : 330,
            "5.000000" : 382,
            "10.000000" : 438,
            "20.000000" : 532,
            "30.000000" : 652,
            "40.000000" : 812,
            "50.000000" : 1784,
            "60.000000" : 13376,
            "70.000000" : 33536,
            "80.000000" : 47872,
            "90.000000" : 72192,
            "95.000000" : 98816,
            "99.000000" : 134144,
            "99.500000" : 164864,
            "99.900000" : 716800,
            "99.950000" : 978944,
            "99.990000" : 2605056
          }
        },
        "lat_ns" : {
          "min" : 153,
          "max" : 7184316,
          "mean" : 24926.885343,
          "stddev" : 60068.916648,
          "N" : 8585229
        },
        "bw_min" : 52719,
        "bw_max" : 6537672,
        "bw_agg" : 100.000000,
        "bw_mean" : 1559563.066409,
        "bw_dev" : 119333.563642,
        "bw_samples" : 574,
        "iops_min" : 13177,
        "iops_max" : 1634418,
        "iops_mean" : 389890.058239,
        "iops_stddev" : 29833.435831,
        "iops_samples" : 574
      },
      "trim" : {
        "io_bytes" : 0,
        "io_kbytes" : 0,
        "bw_bytes" : 0,
        "bw" : 0,
        "iops" : 0.000000,
        "runtime" : 0,
        "total_ios" : 0,
        "short_ios" : 0,
        "drop_ios" : 0,
        "slat_ns" : {
          "min" : 0,
          "max" : 0,
          "mean" : 0.000000,
          "stddev" : 0.000000,
          "N" : 0
        },
        "clat_ns" : {
          "min" : 0,
          "max" : 0,
          "mean" : 0.000000,
          "stddev" : 0.000000,
          "N" : 0
        },
        "lat_ns" : {
          "min" : 0,
          "max" : 0,
          "mean" : 0.000000,
          "stddev" : 0.000000,
          "N" : 0
        },
        "bw_min" : 0,
        "bw_max" : 0,
        "bw_agg" : 0.000000,
        "bw_mean" : 0.000000,
        "bw_dev" : 0.000000,
        "bw_samples" : 0,
        "iops_min" : 0,
        "iops_max" : 0,
        "iops_mean" : 0.000000,
        "iops_stddev" : 0.000000,
        "iops_samples" : 0
      },
      "sync" : {
        "total_ios" : 0,
        "lat_ns" : {
          "min" : 0,
          "max" : 0,
          "mean" : 0.000000,
          "stddev" : 0.000000,
          "N" : 0
        }
      },
      "job_runtime" : 1957102,
      "usr_cpu" : 5.024828,
      "sys_cpu" : 52.806497,
      "ctx" : 9931679,
      "majf" : 65551,
      "minf" : 5188413,
      "iodepth_level" : {
        "1" : 100.000000,
        "2" : 0.000000,
        "4" : 0.000000,
        "8" : 0.000000,
        "16" : 0.000000,
        "32" : 0.000000,
        ">=64" : 0.000000
      },
      "iodepth_submit" : {
        "0" : 0.000000,
        "4" : 100.000000,
        "8" : 0.000000,
        "16" : 0.000000,
        "32" : 0.000000,
        "64" : 0.000000,
        ">=64" : 0.000000
      },
      "iodepth_complete" : {
        "0" : 0.000000,
        "4" : 100.000000,
        "8" : 0.000000,
        "16" : 0.000000,
        "32" : 0.000000,
        "64" : 0.000000,
        ">=64" : 0.000000
      },
      "latency_ns" : {
        "2" : 0.000000,
        "4" : 0.000000,
        "10" : 0.000000,
        "20" : 0.000000,
        "50" : 0.000000,
        "100" : 0.000000,
        "250" : 0.113544,
        "500" : 18.566875,
        "750" : 33.454177,
        "1000" : 18.286528
      },
      "latency_us" : {
        "2" : 9.759358,
        "4" : 8.484426,
        "10" : 2.079555,
        "20" : 0.582749,
        "50" : 3.745984,
        "100" : 3.829102,
        "250" : 0.972393,
        "500" : 0.030159,
        "750" : 0.035405,
        "1000" : 0.028843
      },
      "latency_ms" : {
        "2" : 0.020507,
        "4" : 0.010086,
        "10" : 0.010000,
        "20" : 0.000000,
        "50" : 0.000000,
        "100" : 0.000000,
        "250" : 0.000000,
        "500" : 0.000000,
        "750" : 0.000000,
        "1000" : 0.000000,
        "2000" : 0.000000,
        ">=2000" : 0.000000
      },
      "latency_depth" : 1,
      "latency_target" : 0,
      "latency_percentile" : 100.000000,
      "latency_window" : 0
    }
  ],
  "disk_util" : [
    {
      "name" : "sda",
      "read_ios" : 65523,
      "write_ios" : 474112,
      "read_sectors" : 524448,
      "write_sectors" : 11094544,
      "read_merges" : 33,
      "write_merges" : 4874,
      "read_ticks" : 60136,
      "write_ticks" : 132866,
      "in_queue" : 193005,
      "util" : 48.244836
    }
  ]
}
