{
  "fio version" : "fio-3.40",
  "timestamp" : 1771878184,
  "timestamp_ms" : 1771878184463,
  "time" : "Mon Feb 23 21:23:04 2026",
  "global options" : {
    "group_reporting" : "",
    "ioengine" : "mmap",
    "size" : "768m",
    "thread" : "1",
    "directory" : "/tmp",
    "time_based" : "",
    "runtime" : "180",
    "norandommap" : "1",
    "filename" : "/tmp/fio_readwrite",
    "share_mmap" : "1",
    "repl" : "1"
  },
  "jobs" : [
    {
      "jobname" : "writers",
      "groupid" : 0,
      "job_start" : 1771878004353,
      "error" : 0,
      "eta" : 0,
      "elapsed" : 181,
      "job options" : {
        "rw" : "randread",
        "random_distribution" : "random",
        "numjobs" : "54"
      },
      "read" : {
        "io_bytes" : 12327050842112,
        "io_kbytes" : 12038135588,
        "bw_bytes" : 68482474414,
        "bw" : 66877416,
        "iops" : 16719354.105209,
        "runtime" : 180003,
        "total_ios" : 3009533897,
        "short_ios" : 0,
        "drop_ios" : 0,
        "slat_ns" : {
          "min" : 0,
          "max" : 0,
          "mean" : 0.000000,
          "stddev" : 0.000000,
          "N" : 0
        },
        "clat_ns" : {
          "min" : 125,
          "max" : 67510944,
          "mean" : 2497.554128,
          "stddev" : 11866.775932,
          "N" : 3009533897,
          "percentile" : {
            "1.000000" : 532,
            "5.000000" : 660,
            "10.000000" : 852,
            "20.000000" : 1384,
            "30.000000" : 1864,
            "40.000000" : 2160,
            "50.000000" : 2416,
            "60.000000" : 2640,
            "70.000000" : 2896,
            "80.000000" : 3152,
            "90.000000" : 3536,
            "95.000000" : 3888,
            "99.000000" : 4704,
            "99.500000" : 5216,
            "99.900000" : 57600,
            "99.950000" : 66048,
            "99.990000" : 100864
          }
        },
        "lat_ns" : {
          "min" : 161,
          "max" : 67511017,
          "mean" : 2578.293589,
          "stddev" : 11901.535725,
          "N" : 3009533897
        },
        "bw_min" : 138016,
        "bw_max" : 102276852,
        "bw_agg" : 100.000000,
        "bw_mean" : 67677893.904225,
        "bw_dev" : 286957.991008,
        "bw_samples" : 19170,
        "iops_min" : 34504,
        "iops_max" : 25569206,
        "iops_mean" : 16919458.746479,
        "iops_stddev" : 71739.482738,
        "iops_samples" : 19170
      },
      "write" : {
        "io_bytes" : 1849824743424,
        "io_kbytes" : 1806469476,
        "bw_bytes" : 10276689944,
        "bw" : 10035830,
        "iops" : 2508957.506028,
        "runtime" : 180002,
        "total_ios" : 451617369,
        "short_ios" : 0,
        "drop_ios" : 0,
        "slat_ns" : {
          "min" : 0,
          "max" : 0,
          "mean" : 0.000000,
          "stddev" : 0.000000,
          "N" : 0
        },
        "clat_ns" : {
          "min" : 131,
          "max" : 9020009,
          "mean" : 3282.624106,
          "stddev" : 13243.451123,
          "N" : 451617369,
          "percentile" : {
            "1.000000" : 1160,
            "5.000000" : 1560,
            "10.000000" : 1784,
            "20.000000" : 2064,
            "30.000000" : 2256,
            "40.000000" : 2416,
            "50.000000" : 2576,
            "60.000000" : 2768,
            "70.000000" : 2960,
            "80.000000" : 3184,
            "90.000000" : 3504,
            "95.000000" : 3824,
            "99.000000" : 19840,
            "99.500000" : 59136,
            "99.900000" : 75264,
            "99.950000" : 89600,
            "99.990000" : 166912
          }
        },
        "lat_ns" : {
          "min" : 192,
          "max" : 9020178,
          "mean" : 3375.742026,
          "stddev" : 13259.735768,
          "N" : 451617369
        },
        "bw_min" : 24632,
        "bw_max" : 12289171,
        "bw_agg" : 100.000000,
        "bw_mean" : 10155260.769014,
        "bw_dev" : 432015.572307,
        "bw_samples" : 3550,
        "iops_min" : 6158,
        "iops_max" : 3072289,
        "iops_mean" : 2538812.439437,
        "iops_stddev" : 108003.845016,
        "iops_samples" : 3550
      },
      "trim" : {
        "io_bytes" : 0,
        "io_kbytes" : 0,
        "bw_bytes" : 0,
        "bw" : 0,
        "iops" : 0.000000,
        "runtime" : 0,
        "total_ios" : 0,
        "short_ios" : 0,
        "drop_ios" : 0,
        "slat_ns" : {
          "min" : 0,
          "max" : 0,
          "mean" : 0.000000,
          "stddev" : 0.000000,
          "N" : 0
        },
        "clat_ns" : {
          "min" : 0,
          "max" : 0,
          "mean" : 0.000000,
          "stddev" : 0.000000,
          "N" : 0
        },
        "lat_ns" : {
          "min" : 0,
          "max" : 0,
          "mean" : 0.000000,
          "stddev" : 0.000000,
          "N" : 0
        },
        "bw_min" : 0,
        "bw_max" : 0,
        "bw_agg" : 0.000000,
        "bw_mean" : 0.000000,
        "bw_dev" : 0.000000,
        "bw_samples" : 0,
        "iops_min" : 0,
        "iops_max" : 0,
        "iops_mean" : 0.000000,
        "iops_stddev" : 0.000000,
        "iops_samples" : 0
      },
      "sync" : {
        "total_ios" : 0,
        "lat_ns" : {
          "min" : 0,
          "max" : 0,
          "mean" : 0.000000,
          "stddev" : 0.000000,
          "N" : 0
        }
      },
      "job_runtime" : 11520015,
      "usr_cpu" : 91.987884,
      "sys_cpu" : 4.721990,
      "ctx" : 933275,
      "majf" : 195745,
      "minf" : 8650596,
      "iodepth_level" : {
        "1" : 100.000000,
        "2" : 0.000000,
        "4" : 0.000000,
        "8" : 0.000000,
        "16" : 0.000000,
        "32" : 0.000000,
        ">=64" : 0.000000
      },
      "iodepth_submit" : {
        "0" : 0.000000,
        "4" : 100.000000,
        "8" : 0.000000,
        "16" : 0.000000,
        "32" : 0.000000,
        "64" : 0.000000,
        ">=64" : 0.000000
      },
      "iodepth_complete" : {
        "0" : 0.000000,
        "4" : 100.000000,
        "8" : 0.000000,
        "16" : 0.000000,
        "32" : 0.000000,
        "64" : 0.000000,
        ">=64" : 0.000000
      },
      "latency_ns" : {
        "2" : 0.000000,
        "4" : 0.000000,
        "10" : 0.000000,
        "20" : 0.000000,
        "50" : 0.000000,
        "100" : 0.000000,
        "250" : 0.030137,
        "500" : 0.359317,
        "750" : 5.916289,
        "1000" : 5.517150
      },
      "latency_us" : {
        "2" : 20.374696,
        "4" : 63.970199,
        "10" : 3.515167,
        "20" : 0.054662,
        "50" : 0.025337,
        "100" : 0.223623,
        "250" : 0.010000,
        "500" : 0.010000,
        "750" : 0.010000,
        "1000" : 0.010000
      },
      "latency_ms" : {
        "2" : 0.010000,
        "4" : 0.010000,
        "10" : 0.010000,
        "20" : 0.010000,
        "50" : 0.000000,
        "100" : 0.010000,
        "250" : 0.000000,
        "500" : 0.000000,
        "750" : 0.000000,
        "1000" : 0.000000,
        "2000" : 0.000000,
        ">=2000" : 0.000000
      },
      "latency_depth" : 1,
      "latency_target" : 0,
      "latency_percentile" : 100.000000,
      "latency_window" : 0
    }
  ],
  "disk_util" : [
    {
      "name" : "sda",
      "read_ios" : 195677,
      "write_ios" : 184864,
      "read_sectors" : 1567112,
      "write_sectors" : 5564480,
      "read_merges" : 212,
      "write_merges" : 4552,
      "read_ticks" : 220441,
      "write_ticks" : 1539072,
      "in_queue" : 1759520,
      "util" : 5.508930
    }
  ]
}
