{
  "fio version" : "fio-3.40",
  "timestamp" : 1772001141,
  "timestamp_ms" : 1772001141770,
  "time" : "Wed Feb 25 07:32:21 2026",
  "global options" : {
    "group_reporting" : "",
    "ioengine" : "mmap",
    "size" : "768m",
    "thread" : "1",
    "directory" : "/tmp",
    "time_based" : "",
    "runtime" : "180",
    "norandommap" : "1",
    "filename" : "/tmp/fio_readwrite",
    "share_mmap" : "1",
    "repl" : "1"
  },
  "jobs" : [
    {
      "jobname" : "writers",
      "groupid" : 0,
      "job_start" : 1772000961748,
      "error" : 0,
      "eta" : 0,
      "elapsed" : 181,
      "job options" : {
        "rw" : "randread",
        "random_distribution" : "random",
        "numjobs" : "13"
      },
      "read" : {
        "io_bytes" : 2300076060672,
        "io_kbytes" : 2246168028,
        "bw_bytes" : 12778058358,
        "bw" : 12478572,
        "iops" : 3119643.153965,
        "runtime" : 180002,
        "total_ios" : 561542007,
        "short_ios" : 0,
        "drop_ios" : 0,
        "slat_ns" : {
          "min" : 0,
          "max" : 0,
          "mean" : 0.000000,
          "stddev" : 0.000000,
          "N" : 0
        },
        "clat_ns" : {
          "min" : 124,
          "max" : 92045835,
          "mean" : 3163.168796,
          "stddev" : 16463.010545,
          "N" : 561542007,
          "percentile" : {
            "1.000000" : 1048,
            "5.000000" : 1560,
            "10.000000" : 1864,
            "20.000000" : 2224,
            "30.000000" : 2480,
            "40.000000" : 2736,
            "50.000000" : 2992,
            "60.000000" : 3216,
            "70.000000" : 3504,
            "80.000000" : 3824,
            "90.000000" : 4320,
            "95.000000" : 4768,
            "99.000000" : 5792,
            "99.500000" : 6304,
            "99.900000" : 8896,
            "99.950000" : 19840,
            "99.990000" : 91648
          }
        },
        "lat_ns" : {
          "min" : 159,
          "max" : 92045905,
          "mean" : 3249.095599,
          "stddev" : 16609.715983,
          "N" : 561542007
        },
        "bw_min" : 10520,
        "bw_max" : 17660327,
        "bw_agg" : 100.000000,
        "bw_mean" : 12595928.343662,
        "bw_dev" : 158328.343937,
        "bw_samples" : 4615,
        "iops_min" : 2630,
        "iops_max" : 4415075,
        "iops_mean" : 3148979.445070,
        "iops_stddev" : 39582.065666,
        "iops_samples" : 4615
      },
      "write" : {
        "io_bytes" : 8731796459520,
        "io_kbytes" : 8527144980,
        "bw_bytes" : 48508632868,
        "bw" : 47371711,
        "iops" : 11842927.946446,
        "runtime" : 180005,
        "total_ios" : 2131786245,
        "short_ios" : 0,
        "drop_ios" : 0,
        "slat_ns" : {
          "min" : 0,
          "max" : 0,
          "mean" : 0.000000,
          "stddev" : 0.000000,
          "N" : 0
        },
        "clat_ns" : {
          "min" : 121,
          "max" : 112045675,
          "mean" : 3079.752570,
          "stddev" : 16580.322085,
          "N" : 2131786245,
          "percentile" : {
            "1.000000" : 980,
            "5.000000" : 1416,
            "10.000000" : 1704,
            "20.000000" : 2064,
            "30.000000" : 2320,
            "40.000000" : 2576,
            "50.000000" : 2800,
            "60.000000" : 3056,
            "70.000000" : 3344,
            "80.000000" : 3664,
            "90.000000" : 4192,
            "95.000000" : 4640,
            "99.000000" : 5728,
            "99.500000" : 6368,
            "99.900000" : 24448,
            "99.950000" : 79360,
            "99.990000" : 261120
          }
        },
        "lat_ns" : {
          "min" : 172,
          "max" : 112045787,
          "mean" : 3218.748144,
          "stddev" : 16883.265921,
          "N" : 2131786245
        },
        "bw_min" : 40992,
        "bw_max" : 66084093,
        "bw_agg" : 100.000000,
        "bw_mean" : 47817114.242254,
        "bw_dev" : 148796.692810,
        "bw_samples" : 18105,
        "iops_min" : 10248,
        "iops_max" : 16521022,
        "iops_mean" : 11954268.425352,
        "iops_stddev" : 37199.148686,
        "iops_samples" : 18105
      },
      "trim" : {
        "io_bytes" : 0,
        "io_kbytes" : 0,
        "bw_bytes" : 0,
        "bw" : 0,
        "iops" : 0.000000,
        "runtime" : 0,
        "total_ios" : 0,
        "short_ios" : 0,
        "drop_ios" : 0,
        "slat_ns" : {
          "min" : 0,
          "max" : 0,
          "mean" : 0.000000,
          "stddev" : 0.000000,
          "N" : 0
        },
        "clat_ns" : {
          "min" : 0,
          "max" : 0,
          "mean" : 0.000000,
          "stddev" : 0.000000,
          "N" : 0
        },
        "lat_ns" : {
          "min" : 0,
          "max" : 0,
          "mean" : 0.000000,
          "stddev" : 0.000000,
          "N" : 0
        },
        "bw_min" : 0,
        "bw_max" : 0,
        "bw_agg" : 0.000000,
        "bw_mean" : 0.000000,
        "bw_dev" : 0.000000,
        "bw_samples" : 0,
        "iops_min" : 0,
        "iops_max" : 0,
        "iops_mean" : 0.000000,
        "iops_stddev" : 0.000000,
        "iops_samples" : 0
      },
      "sync" : {
        "total_ios" : 0,
        "lat_ns" : {
          "min" : 0,
          "max" : 0,
          "mean" : 0.000000,
          "stddev" : 0.000000,
          "N" : 0
        }
      },
      "job_runtime" : 11520047,
      "usr_cpu" : 94.789509,
      "sys_cpu" : 1.289179,
      "ctx" : 859049,
      "majf" : 196622,
      "minf" : 2131868,
      "iodepth_level" : {
        "1" : 100.000000,
        "2" : 0.000000,
        "4" : 0.000000,
        "8" : 0.000000,
        "16" : 0.000000,
        "32" : 0.000000,
        ">=64" : 0.000000
      },
      "iodepth_submit" : {
        "0" : 0.000000,
        "4" : 100.000000,
        "8" : 0.000000,
        "16" : 0.000000,
        "32" : 0.000000,
        "64" : 0.000000,
        ">=64" : 0.000000
      },
      "iodepth_complete" : {
        "0" : 0.000000,
        "4" : 100.000000,
        "8" : 0.000000,
        "16" : 0.000000,
        "32" : 0.000000,
        "64" : 0.000000,
        ">=64" : 0.000000
      },
      "latency_ns" : {
        "2" : 0.000000,
        "4" : 0.000000,
        "10" : 0.000000,
        "20" : 0.000000,
        "50" : 0.000000,
        "100" : 0.000000,
        "250" : 0.022505,
        "500" : 0.043223,
        "750" : 0.207992,
        "1000" : 0.776661
      },
      "latency_us" : {
        "2" : 15.868811,
        "4" : 69.692133,
        "10" : 13.221614,
        "20" : 0.049009,
        "50" : 0.066643,
        "100" : 0.023581,
        "250" : 0.018124,
        "500" : 0.010000,
        "750" : 0.010000,
        "1000" : 0.010000
      },
      "latency_ms" : {
        "2" : 0.010000,
        "4" : 0.010000,
        "10" : 0.010000,
        "20" : 0.010000,
        "50" : 0.010000,
        "100" : 0.010000,
        "250" : 0.010000,
        "500" : 0.000000,
        "750" : 0.000000,
        "1000" : 0.000000,
        "2000" : 0.000000,
        ">=2000" : 0.000000
      },
      "latency_depth" : 1,
      "latency_target" : 0,
      "latency_percentile" : 100.000000,
      "latency_window" : 0
    }
  ],
  "disk_util" : [
    {
      "name" : "sda",
      "read_ios" : 196674,
      "write_ios" : 126152,
      "read_sectors" : 1578848,
      "write_sectors" : 17504312,
      "read_merges" : 348,
      "write_merges" : 10971,
      "read_ticks" : 157600,
      "write_ticks" : 45426919,
      "in_queue" : 45584527,
      "util" : 10.986195
    }
  ]
}
