{
  "fio version" : "fio-3.40",
  "timestamp" : 1764235099,
  "timestamp_ms" : 1764235099806,
  "time" : "Thu Nov 27 10:18:19 2025",
  "global options" : {
    "group_reporting" : "",
    "ioengine" : "mmap",
    "size" : "768m",
    "thread" : "1",
    "directory" : "/tmp",
    "time_based" : "",
    "runtime" : "120",
    "filename" : "/tmp/fio_readwrite",
    "share_mmap" : "1",
    "repl" : "1"
  },
  "jobs" : [
    {
      "jobname" : "writers",
      "groupid" : 0,
      "job_start" : 1764234979764,
      "error" : 0,
      "eta" : 0,
      "elapsed" : 121,
      "job options" : {
        "rw" : "randread",
        "random_distribution" : "zipf",
        "numjobs" : "19"
      },
      "read" : {
        "io_bytes" : 4618505678848,
        "io_kbytes" : 4510259452,
        "bw_bytes" : 38487226596,
        "bw" : 37585182,
        "iops" : 9396295.555870,
        "runtime" : 120001,
        "total_ios" : 1127564863,
        "short_ios" : 0,
        "drop_ios" : 0,
        "slat_ns" : {
          "min" : 0,
          "max" : 0,
          "mean" : 0.000000,
          "stddev" : 0.000000,
          "N" : 0
        },
        "clat_ns" : {
          "min" : 92,
          "max" : 14328285,
          "mean" : 1032.746593,
          "stddev" : 7520.348404,
          "N" : 1127564863,
          "percentile" : {
            "1.000000" : 119,
            "5.000000" : 141,
            "10.000000" : 171,
            "20.000000" : 211,
            "30.000000" : 247,
            "40.000000" : 462,
            "50.000000" : 780,
            "60.000000" : 1096,
            "70.000000" : 1400,
            "80.000000" : 1704,
            "90.000000" : 2160,
            "95.000000" : 2544,
            "99.000000" : 3472,
            "99.500000" : 3856,
            "99.900000" : 6048,
            "99.950000" : 16064,
            "99.990000" : 23680
          }
        },
        "lat_ns" : {
          "min" : 120,
          "max" : 14328314,
          "mean" : 1141.870165,
          "stddev" : 7599.159762,
          "N" : 1127564863
        },
        "bw_min" : 12470076,
        "bw_max" : 57791788,
        "bw_agg" : 100.000000,
        "bw_mean" : 38543294.135880,
        "bw_dev" : 346151.014082,
        "bw_samples" : 4427,
        "iops_min" : 3117517,
        "iops_max" : 14447953,
        "iops_mean" : 9635820.728468,
        "iops_stddev" : 86537.746022,
        "iops_samples" : 4427
      },
      "write" : {
        "io_bytes" : 11235118637056,
        "io_kbytes" : 10971795544,
        "bw_bytes" : 93624428234,
        "bw" : 91430105,
        "iops" : 22857526.424560,
        "runtime" : 120002,
        "total_ios" : 2742948886,
        "short_ios" : 0,
        "drop_ios" : 0,
        "slat_ns" : {
          "min" : 0,
          "max" : 0,
          "mean" : 0.000000,
          "stddev" : 0.000000,
          "N" : 0
        },
        "clat_ns" : {
          "min" : 94,
          "max" : 90826825,
          "mean" : 1032.060103,
          "stddev" : 10984.227223,
          "N" : 2742948886,
          "percentile" : {
            "1.000000" : 122,
            "5.000000" : 147,
            "10.000000" : 179,
            "20.000000" : 209,
            "30.000000" : 239,
            "40.000000" : 454,
            "50.000000" : 764,
            "60.000000" : 1064,
            "70.000000" : 1336,
            "80.000000" : 1624,
            "90.000000" : 2024,
            "95.000000" : 2416,
            "99.000000" : 3344,
            "99.500000" : 3792,
            "99.900000" : 14144,
            "99.950000" : 18816,
            "99.990000" : 61184
          }
        },
        "lat_ns" : {
          "min" : 133,
          "max" : 90826895,
          "mean" : 1149.361679,
          "stddev" : 11237.060113,
          "N" : 2742948886
        },
        "bw_min" : 11231559,
        "bw_max" : 130182269,
        "bw_agg" : 100.000000,
        "bw_mean" : 92320491.880783,
        "bw_dev" : 365176.039792,
        "bw_samples" : 10662,
        "iops_min" : 2807894,
        "iops_max" : 32545570,
        "iops_mean" : 23080116.490320,
        "iops_stddev" : 91293.981197,
        "iops_samples" : 10662
      },
      "trim" : {
        "io_bytes" : 0,
        "io_kbytes" : 0,
        "bw_bytes" : 0,
        "bw" : 0,
        "iops" : 0.000000,
        "runtime" : 0,
        "total_ios" : 0,
        "short_ios" : 0,
        "drop_ios" : 0,
        "slat_ns" : {
          "min" : 0,
          "max" : 0,
          "mean" : 0.000000,
          "stddev" : 0.000000,
          "N" : 0
        },
        "clat_ns" : {
          "min" : 0,
          "max" : 0,
          "mean" : 0.000000,
          "stddev" : 0.000000,
          "N" : 0
        },
        "lat_ns" : {
          "min" : 0,
          "max" : 0,
          "mean" : 0.000000,
          "stddev" : 0.000000,
          "N" : 0
        },
        "bw_min" : 0,
        "bw_max" : 0,
        "bw_agg" : 0.000000,
        "bw_mean" : 0.000000,
        "bw_dev" : 0.000000,
        "bw_samples" : 0,
        "iops_min" : 0,
        "iops_max" : 0,
        "iops_mean" : 0.000000,
        "iops_stddev" : 0.000000,
        "iops_samples" : 0
      },
      "sync" : {
        "total_ios" : 0,
        "lat_ns" : {
          "min" : 0,
          "max" : 0,
          "mean" : 0.000000,
          "stddev" : 0.000000,
          "N" : 0
        }
      },
      "job_runtime" : 7680003,
      "usr_cpu" : 94.893348,
      "sys_cpu" : 0.950520,
      "ctx" : 846494,
      "majf" : 196620,
      "minf" : 2472187,
      "iodepth_level" : {
        "1" : 100.000000,
        "2" : 0.000000,
        "4" : 0.000000,
        "8" : 0.000000,
        "16" : 0.000000,
        "32" : 0.000000,
        ">=64" : 0.000000
      },
      "iodepth_submit" : {
        "0" : 0.000000,
        "4" : 100.000000,
        "8" : 0.000000,
        "16" : 0.000000,
        "32" : 0.000000,
        "64" : 0.000000,
        ">=64" : 0.000000
      },
      "iodepth_complete" : {
        "0" : 0.000000,
        "4" : 100.000000,
        "8" : 0.000000,
        "16" : 0.000000,
        "32" : 0.000000,
        "64" : 0.000000,
        ">=64" : 0.000000
      },
      "latency_ns" : {
        "2" : 0.000000,
        "4" : 0.000000,
        "10" : 0.000000,
        "20" : 0.000000,
        "50" : 0.000000,
        "100" : 0.010000,
        "250" : 30.920247,
        "500" : 10.541932,
        "750" : 7.960552,
        "1000" : 8.176390
      },
      "latency_us" : {
        "2" : 31.237368,
        "4" : 10.764651,
        "10" : 0.261156,
        "20" : 0.093012,
        "50" : 0.023336,
        "100" : 0.010000,
        "250" : 0.010000,
        "500" : 0.010000,
        "750" : 0.010000,
        "1000" : 0.010000
      },
      "latency_ms" : {
        "2" : 0.010000,
        "4" : 0.010000,
        "10" : 0.010000,
        "20" : 0.010000,
        "50" : 0.010000,
        "100" : 0.010000,
        "250" : 0.000000,
        "500" : 0.000000,
        "750" : 0.000000,
        "1000" : 0.000000,
        "2000" : 0.000000,
        ">=2000" : 0.000000
      },
      "latency_depth" : 1,
      "latency_target" : 0,
      "latency_percentile" : 100.000000,
      "latency_window" : 0
    }
  ],
  "disk_util" : [
    {
      "name" : "sda",
      "read_ios" : 196707,
      "write_ios" : 61254,
      "read_sectors" : 1577384,
      "write_sectors" : 19366784,
      "read_merges" : 290,
      "write_merges" : 309,
      "read_ticks" : 152650,
      "write_ticks" : 80605923,
      "in_queue" : 80758577,
      "util" : 17.534357
    }
  ]
}
