{
  "fio version" : "fio-3.40",
  "timestamp" : 1771881802,
  "timestamp_ms" : 1771881802733,
  "time" : "Mon Feb 23 22:23:22 2026",
  "global options" : {
    "group_reporting" : "",
    "ioengine" : "mmap",
    "size" : "768m",
    "thread" : "1",
    "directory" : "/tmp",
    "time_based" : "",
    "runtime" : "180",
    "norandommap" : "1",
    "filename" : "/tmp/fio_readwrite",
    "share_mmap" : "1",
    "repl" : "1"
  },
  "jobs" : [
    {
      "jobname" : "writers",
      "groupid" : 0,
      "job_start" : 1771881622663,
      "error" : 0,
      "eta" : 0,
      "elapsed" : 181,
      "job options" : {
        "rw" : "randread",
        "random_distribution" : "random",
        "numjobs" : "45"
      },
      "read" : {
        "io_bytes" : 7274150535168,
        "io_kbytes" : 7103662632,
        "bw_bytes" : 40411273896,
        "bw" : 39464134,
        "iops" : 9866033.666106,
        "runtime" : 180003,
        "total_ios" : 1775915658,
        "short_ios" : 0,
        "drop_ios" : 0,
        "slat_ns" : {
          "min" : 0,
          "max" : 0,
          "mean" : 0.000000,
          "stddev" : 0.000000,
          "N" : 0
        },
        "clat_ns" : {
          "min" : 125,
          "max" : 39150346,
          "mean" : 3701.382799,
          "stddev" : 13872.358343,
          "N" : 1775915658,
          "percentile" : {
            "1.000000" : 524,
            "5.000000" : 692,
            "10.000000" : 1128,
            "20.000000" : 2608,
            "30.000000" : 2992,
            "40.000000" : 3312,
            "50.000000" : 3600,
            "60.000000" : 3888,
            "70.000000" : 4192,
            "80.000000" : 4512,
            "90.000000" : 4960,
            "95.000000" : 5344,
            "99.000000" : 6432,
            "99.500000" : 7136,
            "99.900000" : 70144,
            "99.950000" : 79360,
            "99.990000" : 164864
          }
        },
        "lat_ns" : {
          "min" : 160,
          "max" : 39150392,
          "mean" : 3789.078766,
          "stddev" : 14044.856260,
          "N" : 1775915658
        },
        "bw_min" : 27416,
        "bw_max" : 70140435,
        "bw_agg" : 100.000000,
        "bw_mean" : 39723744.362360,
        "bw_dev" : 199051.051417,
        "bw_samples" : 16020,
        "iops_min" : 6854,
        "iops_max" : 17535095,
        "iops_mean" : 9930924.252809,
        "iops_stddev" : 49762.764944,
        "iops_samples" : 16020
      },
      "write" : {
        "io_bytes" : 2755402551296,
        "io_kbytes" : 2690822804,
        "bw_bytes" : 15307621866,
        "bw" : 14948849,
        "iops" : 3737212.369863,
        "runtime" : 180002,
        "total_ios" : 672705701,
        "short_ios" : 0,
        "drop_ios" : 0,
        "slat_ns" : {
          "min" : 0,
          "max" : 0,
          "mean" : 0.000000,
          "stddev" : 0.000000,
          "N" : 0
        },
        "clat_ns" : {
          "min" : 127,
          "max" : 36041131,
          "mean" : 4165.198981,
          "stddev" : 14406.522642,
          "N" : 672705701,
          "percentile" : {
            "1.000000" : 1672,
            "5.000000" : 2224,
            "10.000000" : 2512,
            "20.000000" : 2864,
            "30.000000" : 3120,
            "40.000000" : 3376,
            "50.000000" : 3600,
            "60.000000" : 3824,
            "70.000000" : 4080,
            "80.000000" : 4384,
            "90.000000" : 4832,
            "95.000000" : 5280,
            "99.000000" : 6432,
            "99.500000" : 60160,
            "99.900000" : 87552,
            "99.950000" : 108032,
            "99.990000" : 248832
          }
        },
        "lat_ns" : {
          "min" : 177,
          "max" : 36041219,
          "mean" : 4268.371241,
          "stddev" : 14438.231516,
          "N" : 672705701
        },
        "bw_min" : 10560,
        "bw_max" : 17621339,
        "bw_agg" : 100.000000,
        "bw_mean" : 15040280.710674,
        "bw_dev" : 251570.004491,
        "bw_samples" : 6764,
        "iops_min" : 2640,
        "iops_max" : 4405331,
        "iops_mean" : 3760065.985955,
        "iops_stddev" : 62892.467925,
        "iops_samples" : 6764
      },
      "trim" : {
        "io_bytes" : 0,
        "io_kbytes" : 0,
        "bw_bytes" : 0,
        "bw" : 0,
        "iops" : 0.000000,
        "runtime" : 0,
        "total_ios" : 0,
        "short_ios" : 0,
        "drop_ios" : 0,
        "slat_ns" : {
          "min" : 0,
          "max" : 0,
          "mean" : 0.000000,
          "stddev" : 0.000000,
          "N" : 0
        },
        "clat_ns" : {
          "min" : 0,
          "max" : 0,
          "mean" : 0.000000,
          "stddev" : 0.000000,
          "N" : 0
        },
        "lat_ns" : {
          "min" : 0,
          "max" : 0,
          "mean" : 0.000000,
          "stddev" : 0.000000,
          "N" : 0
        },
        "bw_min" : 0,
        "bw_max" : 0,
        "bw_agg" : 0.000000,
        "bw_mean" : 0.000000,
        "bw_dev" : 0.000000,
        "bw_samples" : 0,
        "iops_min" : 0,
        "iops_max" : 0,
        "iops_mean" : 0.000000,
        "iops_stddev" : 0.000000,
        "iops_samples" : 0
      },
      "sync" : {
        "total_ios" : 0,
        "lat_ns" : {
          "min" : 0,
          "max" : 0,
          "mean" : 0.000000,
          "stddev" : 0.000000,
          "N" : 0
        }
      },
      "job_runtime" : 11520016,
      "usr_cpu" : 92.353014,
      "sys_cpu" : 4.741287,
      "ctx" : 695234,
      "majf" : 194490,
      "minf" : 7642721,
      "iodepth_level" : {
        "1" : 100.000000,
        "2" : 0.000000,
        "4" : 0.000000,
        "8" : 0.000000,
        "16" : 0.000000,
        "32" : 0.000000,
        ">=64" : 0.000000
      },
      "iodepth_submit" : {
        "0" : 0.000000,
        "4" : 100.000000,
        "8" : 0.000000,
        "16" : 0.000000,
        "32" : 0.000000,
        "64" : 0.000000,
        ">=64" : 0.000000
      },
      "iodepth_complete" : {
        "0" : 0.000000,
        "4" : 100.000000,
        "8" : 0.000000,
        "16" : 0.000000,
        "32" : 0.000000,
        "64" : 0.000000,
        ">=64" : 0.000000
      },
      "latency_ns" : {
        "2" : 0.000000,
        "4" : 0.000000,
        "10" : 0.000000,
        "20" : 0.000000,
        "50" : 0.000000,
        "100" : 0.000000,
        "250" : 0.031171,
        "500" : 0.312234,
        "750" : 4.001672,
        "1000" : 2.406864
      },
      "latency_us" : {
        "2" : 3.236142,
        "4" : 55.033485,
        "10" : 34.563284,
        "20" : 0.071750,
        "50" : 0.038525,
        "100" : 0.272010,
        "250" : 0.023914,
        "500" : 0.010000,
        "750" : 0.010000,
        "1000" : 0.010000
      },
      "latency_ms" : {
        "2" : 0.010000,
        "4" : 0.010000,
        "10" : 0.010000,
        "20" : 0.010000,
        "50" : 0.010000,
        "100" : 0.000000,
        "250" : 0.000000,
        "500" : 0.000000,
        "750" : 0.000000,
        "1000" : 0.000000,
        "2000" : 0.000000,
        ">=2000" : 0.000000
      },
      "latency_depth" : 1,
      "latency_target" : 0,
      "latency_percentile" : 100.000000,
      "latency_window" : 0
    }
  ],
  "disk_util" : [
    {
      "name" : "sda",
      "read_ios" : 194441,
      "write_ios" : 97168,
      "read_sectors" : 1557096,
      "write_sectors" : 4266176,
      "read_merges" : 196,
      "write_merges" : 5229,
      "read_ticks" : 171199,
      "write_ticks" : 4700486,
      "in_queue" : 4871691,
      "util" : 4.424404
    }
  ]
}
