{
  "fio version" : "fio-3.40",
  "timestamp" : 1771874022,
  "timestamp_ms" : 1771874022936,
  "time" : "Mon Feb 23 20:13:42 2026",
  "global options" : {
    "group_reporting" : "",
    "ioengine" : "mmap",
    "size" : "768m",
    "thread" : "1",
    "directory" : "/tmp",
    "time_based" : "",
    "runtime" : "180",
    "norandommap" : "1",
    "filename" : "/tmp/fio_readwrite",
    "share_mmap" : "1",
    "repl" : "1"
  },
  "jobs" : [
    {
      "jobname" : "writers",
      "groupid" : 0,
      "job_start" : 1771873842815,
      "error" : 0,
      "eta" : 0,
      "elapsed" : 181,
      "job options" : {
        "rw" : "randread",
        "random_distribution" : "random",
        "numjobs" : "61"
      },
      "read" : {
        "io_bytes" : 22203079147520,
        "io_kbytes" : 21682694480,
        "bw_bytes" : 123348383902,
        "bw" : 120457406,
        "iops" : 30114351.538585,
        "runtime" : 180003,
        "total_ios" : 5420673620,
        "short_ios" : 0,
        "drop_ios" : 0,
        "slat_ns" : {
          "min" : 0,
          "max" : 0,
          "mean" : 0.000000,
          "stddev" : 0.000000,
          "N" : 0
        },
        "clat_ns" : {
          "min" : 123,
          "max" : 155363105,
          "mean" : 1370.025470,
          "stddev" : 8817.666999,
          "N" : 5420673620,
          "percentile" : {
            "1.000000" : 494,
            "5.000000" : 548,
            "10.000000" : 604,
            "20.000000" : 716,
            "30.000000" : 820,
            "40.000000" : 916,
            "50.000000" : 1012,
            "60.000000" : 1128,
            "70.000000" : 1272,
            "80.000000" : 1480,
            "90.000000" : 2192,
            "95.000000" : 3088,
            "99.000000" : 4080,
            "99.500000" : 4448,
            "99.900000" : 52480,
            "99.950000" : 56576,
            "99.990000" : 67072
          }
        },
        "lat_ns" : {
          "min" : 159,
          "max" : 155363172,
          "mean" : 1443.816520,
          "stddev" : 8885.532563,
          "N" : 5420673620
        },
        "bw_min" : 4595296,
        "bw_max" : 147360693,
        "bw_agg" : 100.000000,
        "bw_mean" : 121147304.424659,
        "bw_dev" : 276767.270390,
        "bw_samples" : 21799,
        "iops_min" : 1148824,
        "iops_max" : 36840158,
        "iops_mean" : 30286808.463122,
        "iops_stddev" : 69191.780216,
        "iops_samples" : 21799
      },
      "write" : {
        "io_bytes" : 41745252352,
        "io_kbytes" : 40766848,
        "bw_bytes" : 231914203,
        "bw" : 226478,
        "iops" : 56619.678561,
        "runtime" : 180003,
        "total_ios" : 10191712,
        "short_ios" : 0,
        "drop_ios" : 0,
        "slat_ns" : {
          "min" : 0,
          "max" : 0,
          "mean" : 0.000000,
          "stddev" : 0.000000,
          "N" : 0
        },
        "clat_ns" : {
          "min" : 181,
          "max" : 8124034,
          "mean" : 51400.924017,
          "stddev" : 39773.667055,
          "N" : 10191712,
          "percentile" : {
            "1.000000" : 37632,
            "5.000000" : 41728,
            "10.000000" : 43264,
            "20.000000" : 45312,
            "30.000000" : 46848,
            "40.000000" : 48384,
            "50.000000" : 49408,
            "60.000000" : 50944,
            "70.000000" : 52480,
            "80.000000" : 54528,
            "90.000000" : 57600,
            "95.000000" : 61184,
            "99.000000" : 84480,
            "99.500000" : 101888,
            "99.900000" : 252928,
            "99.950000" : 643072,
            "99.990000" : 1990656
          }
        },
        "lat_ns" : {
          "min" : 248,
          "max" : 8124220,
          "mean" : 51574.412867,
          "stddev" : 39810.454819,
          "N" : 10191712
        },
        "bw_min" : 27328,
        "bw_max" : 266830,
        "bw_agg" : 100.000000,
        "bw_mean" : 228880.958313,
        "bw_dev" : 7719.493980,
        "bw_samples" : 1067,
        "iops_min" : 6832,
        "iops_max" : 66705,
        "iops_mean" : 57219.524260,
        "iops_stddev" : 1929.837321,
        "iops_samples" : 1067
      },
      "trim" : {
        "io_bytes" : 0,
        "io_kbytes" : 0,
        "bw_bytes" : 0,
        "bw" : 0,
        "iops" : 0.000000,
        "runtime" : 0,
        "total_ios" : 0,
        "short_ios" : 0,
        "drop_ios" : 0,
        "slat_ns" : {
          "min" : 0,
          "max" : 0,
          "mean" : 0.000000,
          "stddev" : 0.000000,
          "N" : 0
        },
        "clat_ns" : {
          "min" : 0,
          "max" : 0,
          "mean" : 0.000000,
          "stddev" : 0.000000,
          "N" : 0
        },
        "lat_ns" : {
          "min" : 0,
          "max" : 0,
          "mean" : 0.000000,
          "stddev" : 0.000000,
          "N" : 0
        },
        "bw_min" : 0,
        "bw_max" : 0,
        "bw_agg" : 0.000000,
        "bw_mean" : 0.000000,
        "bw_dev" : 0.000000,
        "bw_samples" : 0,
        "iops_min" : 0,
        "iops_max" : 0,
        "iops_mean" : 0.000000,
        "iops_stddev" : 0.000000,
        "iops_samples" : 0
      },
      "sync" : {
        "total_ios" : 0,
        "lat_ns" : {
          "min" : 0,
          "max" : 0,
          "mean" : 0.000000,
          "stddev" : 0.000000,
          "N" : 0
        }
      },
      "job_runtime" : 11520035,
      "usr_cpu" : 88.673185,
      "sys_cpu" : 8.936136,
      "ctx" : 946655,
      "majf" : 196630,
      "minf" : 20534865,
      "iodepth_level" : {
        "1" : 100.000000,
        "2" : 0.000000,
        "4" : 0.000000,
        "8" : 0.000000,
        "16" : 0.000000,
        "32" : 0.000000,
        ">=64" : 0.000000
      },
      "iodepth_submit" : {
        "0" : 0.000000,
        "4" : 100.000000,
        "8" : 0.000000,
        "16" : 0.000000,
        "32" : 0.000000,
        "64" : 0.000000,
        ">=64" : 0.000000
      },
      "iodepth_complete" : {
        "0" : 0.000000,
        "4" : 100.000000,
        "8" : 0.000000,
        "16" : 0.000000,
        "32" : 0.000000,
        "64" : 0.000000,
        ">=64" : 0.000000
      },
      "latency_ns" : {
        "2" : 0.000000,
        "4" : 0.000000,
        "10" : 0.000000,
        "20" : 0.000000,
        "50" : 0.000000,
        "100" : 0.000000,
        "250" : 0.023207,
        "500" : 1.178779,
        "750" : 21.858467,
        "1000" : 25.469182
      },
      "latency_us" : {
        "2" : 40.197176,
        "4" : 9.931150,
        "10" : 0.911415,
        "20" : 0.047198,
        "50" : 0.158162,
        "100" : 0.219968,
        "250" : 0.010000,
        "500" : 0.010000,
        "750" : 0.010000,
        "1000" : 0.010000
      },
      "latency_ms" : {
        "2" : 0.010000,
        "4" : 0.010000,
        "10" : 0.010000,
        "20" : 0.010000,
        "50" : 0.010000,
        "100" : 0.010000,
        "250" : 0.010000,
        "500" : 0.000000,
        "750" : 0.000000,
        "1000" : 0.000000,
        "2000" : 0.000000,
        ">=2000" : 0.000000
      },
      "latency_depth" : 1,
      "latency_target" : 0,
      "latency_percentile" : 100.000000,
      "latency_window" : 0
    }
  ],
  "disk_util" : [
    {
      "name" : "sda",
      "read_ios" : 196623,
      "write_ios" : 210538,
      "read_sectors" : 1574448,
      "write_sectors" : 18856192,
      "read_merges" : 183,
      "write_merges" : 717,
      "read_ticks" : 173906,
      "write_ticks" : 693283,
      "in_queue" : 867194,
      "util" : 11.767260
    }
  ]
}
