{
  "fio version" : "fio-3.40",
  "timestamp" : 1764545108,
  "timestamp_ms" : 1764545108333,
  "time" : "Mon Dec  1 00:25:08 2025",
  "global options" : {
    "group_reporting" : "",
    "ioengine" : "mmap",
    "size" : "768m",
    "thread" : "1",
    "directory" : "/tmp",
    "time_based" : "",
    "runtime" : "180",
    "filename" : "/tmp/fio_readwrite",
    "share_mmap" : "1",
    "repl" : "1"
  },
  "jobs" : [
    {
      "jobname" : "writers",
      "groupid" : 0,
      "job_start" : 1764544928114,
      "error" : 0,
      "eta" : 0,
      "elapsed" : 181,
      "job options" : {
        "rw" : "randread",
        "random_distribution" : "zipf",
        "numjobs" : "6"
      },
      "read" : {
        "io_bytes" : 2178724237312,
        "io_kbytes" : 2127660388,
        "bw_bytes" : 12103889052,
        "bw" : 11820204,
        "iops" : 2955051.038322,
        "runtime" : 180002,
        "total_ios" : 531915097,
        "short_ios" : 0,
        "drop_ios" : 0,
        "slat_ns" : {
          "min" : 0,
          "max" : 0,
          "mean" : 0.000000,
          "stddev" : 0.000000,
          "N" : 0
        },
        "clat_ns" : {
          "min" : 95,
          "max" : 8053384,
          "mean" : 1088.033223,
          "stddev" : 7066.919313,
          "N" : 531915097,
          "percentile" : {
            "1.000000" : 124,
            "5.000000" : 149,
            "10.000000" : 181,
            "20.000000" : 213,
            "30.000000" : 255,
            "40.000000" : 516,
            "50.000000" : 844,
            "60.000000" : 1160,
            "70.000000" : 1480,
            "80.000000" : 1800,
            "90.000000" : 2256,
            "95.000000" : 2640,
            "99.000000" : 3504,
            "99.500000" : 3888,
            "99.900000" : 9920,
            "99.950000" : 17280,
            "99.990000" : 22400
          }
        },
        "lat_ns" : {
          "min" : 120,
          "max" : 8053704,
          "mean" : 1202.817519,
          "stddev" : 7139.706891,
          "N" : 531915097
        },
        "bw_min" : 11672,
        "bw_max" : 13972660,
        "bw_agg" : 100.000000,
        "bw_mean" : 11896974.745098,
        "bw_dev" : 299585.958141,
        "bw_samples" : 2142,
        "iops_min" : 2918,
        "iops_max" : 3493160,
        "iops_mean" : 2974242.837535,
        "iops_stddev" : 74896.468959,
        "iops_samples" : 2142
      },
      "write" : {
        "io_bytes" : 20502072713216,
        "io_kbytes" : 20021555384,
        "bw_bytes" : 113898505653,
        "bw" : 111229009,
        "iops" : 27807252.356905,
        "runtime" : 180003,
        "total_ios" : 5005388846,
        "short_ios" : 0,
        "drop_ios" : 0,
        "slat_ns" : {
          "min" : 0,
          "max" : 0,
          "mean" : 0.000000,
          "stddev" : 0.000000,
          "N" : 0
        },
        "clat_ns" : {
          "min" : 94,
          "max" : 100045079,
          "mean" : 1080.154931,
          "stddev" : 9394.202198,
          "N" : 5005388846,
          "percentile" : {
            "1.000000" : 121,
            "5.000000" : 143,
            "10.000000" : 177,
            "20.000000" : 207,
            "30.000000" : 245,
            "40.000000" : 506,
            "50.000000" : 828,
            "60.000000" : 1144,
            "70.000000" : 1448,
            "80.000000" : 1736,
            "90.000000" : 2160,
            "95.000000" : 2544,
            "99.000000" : 3440,
            "99.500000" : 3856,
            "99.900000" : 13376,
            "99.950000" : 18048,
            "99.990000" : 68096
          }
        },
        "lat_ns" : {
          "min" : 132,
          "max" : 100045495,
          "mean" : 1208.210159,
          "stddev" : 9622.116234,
          "N" : 5005388846
        },
        "bw_min" : 110544,
        "bw_max" : 142484525,
        "bw_agg" : 100.000000,
        "bw_mean" : 111953031.635854,
        "bw_dev" : 304226.858482,
        "bw_samples" : 20706,
        "iops_min" : 27636,
        "iops_max" : 35621137,
        "iops_mean" : 27988251.084034,
        "iops_stddev" : 76056.708653,
        "iops_samples" : 20706
      },
      "trim" : {
        "io_bytes" : 0,
        "io_kbytes" : 0,
        "bw_bytes" : 0,
        "bw" : 0,
        "iops" : 0.000000,
        "runtime" : 0,
        "total_ios" : 0,
        "short_ios" : 0,
        "drop_ios" : 0,
        "slat_ns" : {
          "min" : 0,
          "max" : 0,
          "mean" : 0.000000,
          "stddev" : 0.000000,
          "N" : 0
        },
        "clat_ns" : {
          "min" : 0,
          "max" : 0,
          "mean" : 0.000000,
          "stddev" : 0.000000,
          "N" : 0
        },
        "lat_ns" : {
          "min" : 0,
          "max" : 0,
          "mean" : 0.000000,
          "stddev" : 0.000000,
          "N" : 0
        },
        "bw_min" : 0,
        "bw_max" : 0,
        "bw_agg" : 0.000000,
        "bw_mean" : 0.000000,
        "bw_dev" : 0.000000,
        "bw_samples" : 0,
        "iops_min" : 0,
        "iops_max" : 0,
        "iops_mean" : 0.000000,
        "iops_stddev" : 0.000000,
        "iops_samples" : 0
      },
      "sync" : {
        "total_ios" : 0,
        "lat_ns" : {
          "min" : 0,
          "max" : 0,
          "mean" : 0.000000,
          "stddev" : 0.000000,
          "N" : 0
        }
      },
      "job_runtime" : 11520014,
      "usr_cpu" : 96.115786,
      "sys_cpu" : 0.812942,
      "ctx" : 506704,
      "majf" : 196613,
      "minf" : 2365135,
      "iodepth_level" : {
        "1" : 100.000000,
        "2" : 0.000000,
        "4" : 0.000000,
        "8" : 0.000000,
        "16" : 0.000000,
        "32" : 0.000000,
        ">=64" : 0.000000
      },
      "iodepth_submit" : {
        "0" : 0.000000,
        "4" : 100.000000,
        "8" : 0.000000,
        "16" : 0.000000,
        "32" : 0.000000,
        "64" : 0.000000,
        ">=64" : 0.000000
      },
      "iodepth_complete" : {
        "0" : 0.000000,
        "4" : 100.000000,
        "8" : 0.000000,
        "16" : 0.000000,
        "32" : 0.000000,
        "64" : 0.000000,
        ">=64" : 0.000000
      },
      "latency_ns" : {
        "2" : 0.000000,
        "4" : 0.000000,
        "10" : 0.000000,
        "20" : 0.000000,
        "50" : 0.000000,
        "100" : 0.010000,
        "250" : 30.380190,
        "500" : 9.437972,
        "750" : 7.633046,
        "1000" : 7.834608
      },
      "latency_us" : {
        "2" : 31.345764,
        "4" : 12.964016,
        "10" : 0.273406,
        "20" : 0.095318,
        "50" : 0.018167,
        "100" : 0.011799,
        "250" : 0.010000,
        "500" : 0.010000,
        "750" : 0.010000,
        "1000" : 0.010000
      },
      "latency_ms" : {
        "2" : 0.010000,
        "4" : 0.010000,
        "10" : 0.010000,
        "20" : 0.010000,
        "50" : 0.010000,
        "100" : 0.000000,
        "250" : 0.010000,
        "500" : 0.000000,
        "750" : 0.000000,
        "1000" : 0.000000,
        "2000" : 0.000000,
        ">=2000" : 0.000000
      },
      "latency_depth" : 1,
      "latency_target" : 0,
      "latency_percentile" : 100.000000,
      "latency_window" : 0
    }
  ],
  "disk_util" : [
    {
      "name" : "sdb",
      "read_ios" : 196619,
      "write_ios" : 63616,
      "read_sectors" : 1576296,
      "write_sectors" : 19612440,
      "read_merges" : 353,
      "write_merges" : 1525,
      "read_ticks" : 181337,
      "write_ticks" : 108140538,
      "in_queue" : 108321882,
      "util" : 12.010107
    }
  ]
}
