{
  "fio version" : "fio-3.40",
  "timestamp" : 1771994811,
  "timestamp_ms" : 1771994811321,
  "time" : "Wed Feb 25 05:46:51 2026",
  "global options" : {
    "group_reporting" : "",
    "ioengine" : "mmap",
    "size" : "768m",
    "thread" : "1",
    "directory" : "/tmp",
    "time_based" : "",
    "runtime" : "180",
    "norandommap" : "1",
    "filename" : "/tmp/fio_readwrite",
    "share_mmap" : "1",
    "repl" : "1"
  },
  "jobs" : [
    {
      "jobname" : "writers",
      "groupid" : 0,
      "job_start" : 1771994631140,
      "error" : 0,
      "eta" : 0,
      "elapsed" : 181,
      "job options" : {
        "rw" : "randread",
        "random_distribution" : "random",
        "numjobs" : "38"
      },
      "read" : {
        "io_bytes" : 7884243640320,
        "io_kbytes" : 7699456680,
        "bw_bytes" : 43800623546,
        "bw" : 42774046,
        "iops" : 10693511.608140,
        "runtime" : 180003,
        "total_ios" : 1924864170,
        "short_ios" : 0,
        "drop_ios" : 0,
        "slat_ns" : {
          "min" : 0,
          "max" : 0,
          "mean" : 0.000000,
          "stddev" : 0.000000,
          "N" : 0
        },
        "clat_ns" : {
          "min" : 126,
          "max" : 59099142,
          "mean" : 2762.201427,
          "stddev" : 12825.347822,
          "N" : 1924864170,
          "percentile" : {
            "1.000000" : 948,
            "5.000000" : 1400,
            "10.000000" : 1672,
            "20.000000" : 2008,
            "30.000000" : 2224,
            "40.000000" : 2448,
            "50.000000" : 2640,
            "60.000000" : 2832,
            "70.000000" : 3056,
            "80.000000" : 3312,
            "90.000000" : 3696,
            "95.000000" : 4080,
            "99.000000" : 4960,
            "99.500000" : 5408,
            "99.900000" : 6752,
            "99.950000" : 15040,
            "99.990000" : 28800
          }
        },
        "lat_ns" : {
          "min" : 161,
          "max" : 59099198,
          "mean" : 2839.671625,
          "stddev" : 12929.505555,
          "N" : 1924864170
        },
        "bw_min" : 60680,
        "bw_max" : 49328022,
        "bw_agg" : 100.000000,
        "bw_mean" : 43051861.044818,
        "bw_dev" : 165246.874225,
        "bw_samples" : 13566,
        "iops_min" : 15170,
        "iops_max" : 12332002,
        "iops_mean" : 10762959.168067,
        "iops_stddev" : 41311.700153,
        "iops_samples" : 13566
      },
      "write" : {
        "io_bytes" : 5207718621184,
        "io_kbytes" : 5085662716,
        "bw_bytes" : 28930966479,
        "bw" : 28252896,
        "iops" : 7063224.238216,
        "runtime" : 180005,
        "total_ios" : 1271415679,
        "short_ios" : 0,
        "drop_ios" : 0,
        "slat_ns" : {
          "min" : 0,
          "max" : 0,
          "mean" : 0.000000,
          "stddev" : 0.000000,
          "N" : 0
        },
        "clat_ns" : {
          "min" : 123,
          "max" : 68036124,
          "mean" : 2769.730622,
          "stddev" : 14436.681860,
          "N" : 1271415679,
          "percentile" : {
            "1.000000" : 948,
            "5.000000" : 1368,
            "10.000000" : 1624,
            "20.000000" : 1944,
            "30.000000" : 2160,
            "40.000000" : 2384,
            "50.000000" : 2576,
            "60.000000" : 2768,
            "70.000000" : 2992,
            "80.000000" : 3248,
            "90.000000" : 3632,
            "95.000000" : 3984,
            "99.000000" : 4960,
            "99.500000" : 5536,
            "99.900000" : 24192,
            "99.950000" : 66048,
            "99.990000" : 114176
          }
        },
        "lat_ns" : {
          "min" : 174,
          "max" : 68036177,
          "mean" : 2879.329926,
          "stddev" : 14614.971435,
          "N" : 1271415679
        },
        "bw_min" : 41344,
        "bw_max" : 32539581,
        "bw_agg" : 100.000000,
        "bw_mean" : 28436939.411765,
        "bw_dev" : 161462.134095,
        "bw_samples" : 9282,
        "iops_min" : 10336,
        "iops_max" : 8134901,
        "iops_mean" : 7109230.742297,
        "iops_stddev" : 40365.518505,
        "iops_samples" : 9282
      },
      "trim" : {
        "io_bytes" : 0,
        "io_kbytes" : 0,
        "bw_bytes" : 0,
        "bw" : 0,
        "iops" : 0.000000,
        "runtime" : 0,
        "total_ios" : 0,
        "short_ios" : 0,
        "drop_ios" : 0,
        "slat_ns" : {
          "min" : 0,
          "max" : 0,
          "mean" : 0.000000,
          "stddev" : 0.000000,
          "N" : 0
        },
        "clat_ns" : {
          "min" : 0,
          "max" : 0,
          "mean" : 0.000000,
          "stddev" : 0.000000,
          "N" : 0
        },
        "lat_ns" : {
          "min" : 0,
          "max" : 0,
          "mean" : 0.000000,
          "stddev" : 0.000000,
          "N" : 0
        },
        "bw_min" : 0,
        "bw_max" : 0,
        "bw_agg" : 0.000000,
        "bw_mean" : 0.000000,
        "bw_dev" : 0.000000,
        "bw_samples" : 0,
        "iops_min" : 0,
        "iops_max" : 0,
        "iops_mean" : 0.000000,
        "iops_stddev" : 0.000000,
        "iops_samples" : 0
      },
      "sync" : {
        "total_ios" : 0,
        "lat_ns" : {
          "min" : 0,
          "max" : 0,
          "mean" : 0.000000,
          "stddev" : 0.000000,
          "N" : 0
        }
      },
      "job_runtime" : 11520042,
      "usr_cpu" : 95.991317,
      "sys_cpu" : 0.953608,
      "ctx" : 596680,
      "majf" : 196598,
      "minf" : 2562375,
      "iodepth_level" : {
        "1" : 100.000000,
        "2" : 0.000000,
        "4" : 0.000000,
        "8" : 0.000000,
        "16" : 0.000000,
        "32" : 0.000000,
        ">=64" : 0.000000
      },
      "iodepth_submit" : {
        "0" : 0.000000,
        "4" : 100.000000,
        "8" : 0.000000,
        "16" : 0.000000,
        "32" : 0.000000,
        "64" : 0.000000,
        ">=64" : 0.000000
      },
      "iodepth_complete" : {
        "0" : 0.000000,
        "4" : 100.000000,
        "8" : 0.000000,
        "16" : 0.000000,
        "32" : 0.000000,
        "64" : 0.000000,
        ">=64" : 0.000000
      },
      "latency_ns" : {
        "2" : 0.000000,
        "4" : 0.000000,
        "10" : 0.000000,
        "20" : 0.000000,
        "50" : 0.000000,
        "100" : 0.000000,
        "250" : 0.025733,
        "500" : 0.037190,
        "750" : 0.246783,
        "1000" : 0.950439
      },
      "latency_us" : {
        "2" : 19.728212,
        "4" : 73.629383,
        "10" : 5.229476,
        "20" : 0.087805,
        "50" : 0.032784,
        "100" : 0.021814,
        "250" : 0.010000,
        "500" : 0.010000,
        "750" : 0.010000,
        "1000" : 0.010000
      },
      "latency_ms" : {
        "2" : 0.010000,
        "4" : 0.010000,
        "10" : 0.010000,
        "20" : 0.010000,
        "50" : 0.010000,
        "100" : 0.010000,
        "250" : 0.000000,
        "500" : 0.000000,
        "750" : 0.000000,
        "1000" : 0.000000,
        "2000" : 0.000000,
        ">=2000" : 0.000000
      },
      "latency_depth" : 1,
      "latency_target" : 0,
      "latency_percentile" : 100.000000,
      "latency_window" : 0
    }
  ],
  "disk_util" : [
    {
      "name" : "sda",
      "read_ios" : 196675,
      "write_ios" : 72706,
      "read_sectors" : 1580368,
      "write_sectors" : 20313552,
      "read_merges" : 416,
      "write_merges" : 1987,
      "read_ticks" : 153872,
      "write_ticks" : 118435252,
      "in_queue" : 118589132,
      "util" : 12.131200
    }
  ]
}
