{
  "fio version" : "fio-3.40",
  "timestamp" : 1756995517,
  "timestamp_ms" : 1756995517738,
  "time" : "Thu Sep  4 16:18:37 2025",
  "global options" : {
    "group_reporting" : "",
    "ioengine" : "mmap",
    "size" : "256m",
    "thread" : "1",
    "directory" : "/tmp",
    "time_based" : "",
    "runtime" : "30",
    "filename" : "/tmp/fio_readwrite",
    "share_mmap" : "1",
    "repl" : "1"
  },
  "jobs" : [
    {
      "jobname" : "writers",
      "groupid" : 0,
      "job_start" : 1756995485350,
      "error" : 0,
      "eta" : 0,
      "elapsed" : 33,
      "job options" : {
        "rw" : "randread",
        "random_distribution" : "random",
        "numjobs" : "19"
      },
      "read" : {
        "io_bytes" : 56103088128,
        "io_kbytes" : 54788172,
        "bw_bytes" : 1745747522,
        "bw" : 1704831,
        "iops" : 426207.891216,
        "runtime" : 32137,
        "total_ios" : 13697043,
        "short_ios" : 0,
        "drop_ios" : 0,
        "slat_ns" : {
          "min" : 0,
          "max" : 0,
          "mean" : 0.000000,
          "stddev" : 0.000000,
          "N" : 0
        },
        "clat_ns" : {
          "min" : 100,
          "max" : 5206511,
          "mean" : 2748.642997,
          "stddev" : 44277.162270,
          "N" : 13697043,
          "percentile" : {
            "1.000000" : 374,
            "5.000000" : 458,
            "10.000000" : 548,
            "20.000000" : 676,
            "30.000000" : 764,
            "40.000000" : 852,
            "50.000000" : 988,
            "60.000000" : 1192,
            "70.000000" : 1544,
            "80.000000" : 2008,
            "90.000000" : 2608,
            "95.000000" : 3152,
            "99.000000" : 4384,
            "99.500000" : 5152,
            "99.900000" : 618496,
            "99.950000" : 880640,
            "99.990000" : 2244608
          }
        },
        "lat_ns" : {
          "min" : 127,
          "max" : 5206544,
          "mean" : 2797.486757,
          "stddev" : 44280.342125,
          "N" : 13697043
        },
        "bw_min" : 230600,
        "bw_max" : 9961472,
        "bw_agg" : 100.000000,
        "bw_mean" : 6903322.347467,
        "bw_dev" : 195880.803039,
        "bw_samples" : 303,
        "iops_min" : 57654,
        "iops_max" : 2490368,
        "iops_mean" : 1725830.354610,
        "iops_stddev" : 48970.151092,
        "iops_samples" : 303
      },
      "write" : {
        "io_bytes" : 132875735040,
        "io_kbytes" : 129761460,
        "bw_bytes" : 4134665184,
        "bw" : 4037758,
        "iops" : 1009439.742353,
        "runtime" : 32137,
        "total_ios" : 32440365,
        "short_ios" : 0,
        "drop_ios" : 0,
        "slat_ns" : {
          "min" : 0,
          "max" : 0,
          "mean" : 0.000000,
          "stddev" : 0.000000,
          "N" : 0
        },
        "clat_ns" : {
          "min" : 97,
          "max" : 20195253,
          "mean" : 4016.934578,
          "stddev" : 47187.176578,
          "N" : 32440365,
          "percentile" : {
            "1.000000" : 382,
            "5.000000" : 548,
            "10.000000" : 708,
            "20.000000" : 956,
            "30.000000" : 1176,
            "40.000000" : 1400,
            "50.000000" : 1624,
            "60.000000" : 1848,
            "70.000000" : 2128,
            "80.000000" : 2512,
            "90.000000" : 3152,
            "95.000000" : 3952,
            "99.000000" : 50432,
            "99.500000" : 68096,
            "99.900000" : 585728,
            "99.950000" : 864256,
            "99.990000" : 2277376
          }
        },
        "lat_ns" : {
          "min" : 138,
          "max" : 20195306,
          "mean" : 4116.471471,
          "stddev" : 47188.724404,
          "N" : 32440365
        },
        "bw_min" : 243744,
        "bw_max" : 23592960,
        "bw_agg" : 100.000000,
        "bw_mean" : 14668991.343997,
        "bw_dev" : 201001.050314,
        "bw_samples" : 799,
        "iops_min" : 60938,
        "iops_max" : 5898240,
        "iops_mean" : 3667246.797536,
        "iops_stddev" : 50250.227235,
        "iops_samples" : 799
      },
      "trim" : {
        "io_bytes" : 0,
        "io_kbytes" : 0,
        "bw_bytes" : 0,
        "bw" : 0,
        "iops" : 0.000000,
        "runtime" : 0,
        "total_ios" : 0,
        "short_ios" : 0,
        "drop_ios" : 0,
        "slat_ns" : {
          "min" : 0,
          "max" : 0,
          "mean" : 0.000000,
          "stddev" : 0.000000,
          "N" : 0
        },
        "clat_ns" : {
          "min" : 0,
          "max" : 0,
          "mean" : 0.000000,
          "stddev" : 0.000000,
          "N" : 0
        },
        "lat_ns" : {
          "min" : 0,
          "max" : 0,
          "mean" : 0.000000,
          "stddev" : 0.000000,
          "N" : 0
        },
        "bw_min" : 0,
        "bw_max" : 0,
        "bw_agg" : 0.000000,
        "bw_mean" : 0.000000,
        "bw_dev" : 0.000000,
        "bw_samples" : 0,
        "iops_min" : 0,
        "iops_max" : 0,
        "iops_mean" : 0.000000,
        "iops_stddev" : 0.000000,
        "iops_samples" : 0
      },
      "sync" : {
        "total_ios" : 0,
        "lat_ns" : {
          "min" : 0,
          "max" : 0,
          "mean" : 0.000000,
          "stddev" : 0.000000,
          "N" : 0
        }
      },
      "job_runtime" : 2055037,
      "usr_cpu" : 5.550216,
      "sys_cpu" : 59.371729,
      "ctx" : 16721449,
      "majf" : 65514,
      "minf" : 856492,
      "iodepth_level" : {
        "1" : 100.000000,
        "2" : 0.000000,
        "4" : 0.000000,
        "8" : 0.000000,
        "16" : 0.000000,
        "32" : 0.000000,
        ">=64" : 0.000000
      },
      "iodepth_submit" : {
        "0" : 0.000000,
        "4" : 100.000000,
        "8" : 0.000000,
        "16" : 0.000000,
        "32" : 0.000000,
        "64" : 0.000000,
        ">=64" : 0.000000
      },
      "iodepth_complete" : {
        "0" : 0.000000,
        "4" : 100.000000,
        "8" : 0.000000,
        "16" : 0.000000,
        "32" : 0.000000,
        "64" : 0.000000,
        ">=64" : 0.000000
      },
      "latency_ns" : {
        "2" : 0.000000,
        "4" : 0.000000,
        "10" : 0.000000,
        "20" : 0.000000,
        "50" : 0.000000,
        "100" : 0.010000,
        "250" : 0.063408,
        "500" : 4.647682,
        "750" : 11.922798,
        "1000" : 14.027875
      },
      "latency_us" : {
        "2" : 39.082748,
        "4" : 26.349957,
        "10" : 2.399363,
        "20" : 0.275846,
        "50" : 0.477534,
        "100" : 0.546260,
        "250" : 0.052456,
        "500" : 0.036066,
        "750" : 0.046912,
        "1000" : 0.036463
      },
      "latency_ms" : {
        "2" : 0.022843,
        "4" : 0.011091,
        "10" : 0.010000,
        "20" : 0.010000,
        "50" : 0.010000,
        "100" : 0.000000,
        "250" : 0.000000,
        "500" : 0.000000,
        "750" : 0.000000,
        "1000" : 0.000000,
        "2000" : 0.000000,
        ">=2000" : 0.000000
      },
      "latency_depth" : 1,
      "latency_target" : 0,
      "latency_percentile" : 100.000000,
      "latency_window" : 0
    }
  ],
  "disk_util" : [
    {
      "name" : "sda",
      "read_ios" : 65454,
      "write_ios" : 110873,
      "read_sectors" : 523976,
      "write_sectors" : 7182368,
      "read_merges" : 43,
      "write_merges" : 473,
      "read_ticks" : 58238,
      "write_ticks" : 56701,
      "in_queue" : 114943,
      "util" : 27.026020
    }
  ]
}
