{
  "fio version" : "fio-3.40",
  "timestamp" : 1771885239,
  "timestamp_ms" : 1771885239520,
  "time" : "Mon Feb 23 23:20:39 2026",
  "global options" : {
    "group_reporting" : "",
    "ioengine" : "mmap",
    "size" : "768m",
    "thread" : "1",
    "directory" : "/tmp",
    "time_based" : "",
    "runtime" : "180",
    "norandommap" : "1",
    "filename" : "/tmp/fio_readwrite",
    "share_mmap" : "1",
    "repl" : "1"
  },
  "jobs" : [
    {
      "jobname" : "writers",
      "groupid" : 0,
      "job_start" : 1771885059434,
      "error" : 0,
      "eta" : 0,
      "elapsed" : 181,
      "job options" : {
        "rw" : "randread",
        "random_distribution" : "random",
        "numjobs" : "32"
      },
      "read" : {
        "io_bytes" : 2419314167808,
        "io_kbytes" : 2362611492,
        "bw_bytes" : 13440335591,
        "bw" : 13125327,
        "iops" : 3281331.931513,
        "runtime" : 180004,
        "total_ios" : 590652873,
        "short_ios" : 0,
        "drop_ios" : 0,
        "slat_ns" : {
          "min" : 0,
          "max" : 0,
          "mean" : 0.000000,
          "stddev" : 0.000000,
          "N" : 0
        },
        "clat_ns" : {
          "min" : 126,
          "max" : 104215551,
          "mean" : 9000.508235,
          "stddev" : 37144.561380,
          "N" : 590652873,
          "percentile" : {
            "1.000000" : 466,
            "5.000000" : 516,
            "10.000000" : 556,
            "20.000000" : 604,
            "30.000000" : 660,
            "40.000000" : 732,
            "50.000000" : 804,
            "60.000000" : 876,
            "70.000000" : 980,
            "80.000000" : 1320,
            "90.000000" : 5088,
            "95.000000" : 82432,
            "99.000000" : 114176,
            "99.500000" : 138240,
            "99.900000" : 199680,
            "99.950000" : 232448,
            "99.990000" : 692224
          }
        },
        "lat_ns" : {
          "min" : 160,
          "max" : 104215592,
          "mean" : 9073.751926,
          "stddev" : 37215.426100,
          "N" : 590652873
        },
        "bw_min" : 836093,
        "bw_max" : 19632698,
        "bw_agg" : 100.000000,
        "bw_mean" : 13260466.758151,
        "bw_dev" : 79950.744717,
        "bw_samples" : 11382,
        "iops_min" : 209013,
        "iops_max" : 4908173,
        "iops_mean" : 3315110.910021,
        "iops_stddev" : 19987.681572,
        "iops_samples" : 11382
      },
      "write" : {
        "io_bytes" : 249481863168,
        "io_kbytes" : 243634632,
        "bw_bytes" : 1385979551,
        "bw" : 1353495,
        "iops" : 338373.913913,
        "runtime" : 180004,
        "total_ios" : 60908658,
        "short_ios" : 0,
        "drop_ios" : 0,
        "slat_ns" : {
          "min" : 0,
          "max" : 0,
          "mean" : 0.000000,
          "stddev" : 0.000000,
          "N" : 0
        },
        "clat_ns" : {
          "min" : 134,
          "max" : 61293700,
          "mean" : 93066.554508,
          "stddev" : 87703.862850,
          "N" : 60908658,
          "percentile" : {
            "1.000000" : 644,
            "5.000000" : 948,
            "10.000000" : 62208,
            "20.000000" : 72192,
            "30.000000" : 77312,
            "40.000000" : 81408,
            "50.000000" : 85504,
            "60.000000" : 90624,
            "70.000000" : 97792,
            "80.000000" : 112128,
            "90.000000" : 150528,
            "95.000000" : 173056,
            "99.000000" : 230400,
            "99.500000" : 261120,
            "99.900000" : 724992,
            "99.950000" : 1073152,
            "99.990000" : 4112384
          }
        },
        "lat_ns" : {
          "min" : 193,
          "max" : 61293846,
          "mean" : 93239.945266,
          "stddev" : 87737.402869,
          "N" : 60908658
        },
        "bw_min" : 190033,
        "bw_max" : 1930680,
        "bw_agg" : 100.000000,
        "bw_mean" : 1361319.427351,
        "bw_dev" : 5958.789843,
        "bw_samples" : 11436,
        "iops_min" : 47508,
        "iops_max" : 482668,
        "iops_mean" : 340323.994920,
        "iops_stddev" : 1489.695889,
        "iops_samples" : 11436
      },
      "trim" : {
        "io_bytes" : 0,
        "io_kbytes" : 0,
        "bw_bytes" : 0,
        "bw" : 0,
        "iops" : 0.000000,
        "runtime" : 0,
        "total_ios" : 0,
        "short_ios" : 0,
        "drop_ios" : 0,
        "slat_ns" : {
          "min" : 0,
          "max" : 0,
          "mean" : 0.000000,
          "stddev" : 0.000000,
          "N" : 0
        },
        "clat_ns" : {
          "min" : 0,
          "max" : 0,
          "mean" : 0.000000,
          "stddev" : 0.000000,
          "N" : 0
        },
        "lat_ns" : {
          "min" : 0,
          "max" : 0,
          "mean" : 0.000000,
          "stddev" : 0.000000,
          "N" : 0
        },
        "bw_min" : 0,
        "bw_max" : 0,
        "bw_agg" : 0.000000,
        "bw_mean" : 0.000000,
        "bw_dev" : 0.000000,
        "bw_samples" : 0,
        "iops_min" : 0,
        "iops_max" : 0,
        "iops_mean" : 0.000000,
        "iops_stddev" : 0.000000,
        "iops_samples" : 0
      },
      "sync" : {
        "total_ios" : 0,
        "lat_ns" : {
          "min" : 0,
          "max" : 0,
          "mean" : 0.000000,
          "stddev" : 0.000000,
          "N" : 0
        }
      },
      "job_runtime" : 11520032,
      "usr_cpu" : 11.146740,
      "sys_cpu" : 85.825117,
      "ctx" : 1056449,
      "majf" : 196633,
      "minf" : 105298075,
      "iodepth_level" : {
        "1" : 100.000000,
        "2" : 0.000000,
        "4" : 0.000000,
        "8" : 0.000000,
        "16" : 0.000000,
        "32" : 0.000000,
        ">=64" : 0.000000
      },
      "iodepth_submit" : {
        "0" : 0.000000,
        "4" : 100.000000,
        "8" : 0.000000,
        "16" : 0.000000,
        "32" : 0.000000,
        "64" : 0.000000,
        ">=64" : 0.000000
      },
      "iodepth_complete" : {
        "0" : 0.000000,
        "4" : 100.000000,
        "8" : 0.000000,
        "16" : 0.000000,
        "32" : 0.000000,
        "64" : 0.000000,
        ">=64" : 0.000000
      },
      "latency_ns" : {
        "2" : 0.000000,
        "4" : 0.000000,
        "10" : 0.000000,
        "20" : 0.000000,
        "50" : 0.000000,
        "100" : 0.000000,
        "250" : 0.029300,
        "500" : 2.606042,
        "750" : 36.240810,
        "1000" : 26.169770
      },
      "latency_us" : {
        "2" : 9.621594,
        "4" : 5.891207,
        "10" : 3.225896,
        "20" : 0.035752,
        "50" : 0.021846,
        "100" : 11.869848,
        "250" : 4.195521,
        "500" : 0.064617,
        "750" : 0.011028,
        "1000" : 0.010000
      },
      "latency_ms" : {
        "2" : 0.010000,
        "4" : 0.010000,
        "10" : 0.010000,
        "20" : 0.010000,
        "50" : 0.010000,
        "100" : 0.010000,
        "250" : 0.010000,
        "500" : 0.000000,
        "750" : 0.000000,
        "1000" : 0.000000,
        "2000" : 0.000000,
        ">=2000" : 0.000000
      },
      "latency_depth" : 1,
      "latency_target" : 0,
      "latency_percentile" : 100.000000,
      "latency_window" : 0
    }
  ],
  "disk_util" : [
    {
      "name" : "sda",
      "read_ios" : 196708,
      "write_ios" : 68102,
      "read_sectors" : 1578920,
      "write_sectors" : 22416728,
      "read_merges" : 323,
      "write_merges" : 517,
      "read_ticks" : 161445,
      "write_ticks" : 32740906,
      "in_queue" : 32902358,
      "util" : 13.643753
    }
  ]
}
