{
  "fio version" : "fio-3.40",
  "timestamp" : 1771991191,
  "timestamp_ms" : 1771991191653,
  "time" : "Wed Feb 25 04:46:31 2026",
  "global options" : {
    "group_reporting" : "",
    "ioengine" : "mmap",
    "size" : "768m",
    "thread" : "1",
    "directory" : "/tmp",
    "time_based" : "",
    "runtime" : "180",
    "norandommap" : "1",
    "filename" : "/tmp/fio_readwrite",
    "share_mmap" : "1",
    "repl" : "1"
  },
  "jobs" : [
    {
      "jobname" : "writers",
      "groupid" : 0,
      "job_start" : 1771991011437,
      "error" : 0,
      "eta" : 0,
      "elapsed" : 181,
      "job options" : {
        "rw" : "randread",
        "random_distribution" : "random",
        "numjobs" : "51"
      },
      "read" : {
        "io_bytes" : 11230346362880,
        "io_kbytes" : 10967135120,
        "bw_bytes" : 62389773297,
        "bw" : 60927512,
        "iops" : 15231878.246474,
        "runtime" : 180003,
        "total_ios" : 2741783780,
        "short_ios" : 0,
        "drop_ios" : 0,
        "slat_ns" : {
          "min" : 0,
          "max" : 0,
          "mean" : 0.000000,
          "stddev" : 0.000000,
          "N" : 0
        },
        "clat_ns" : {
          "min" : 124,
          "max" : 100035474,
          "mean" : 2609.591893,
          "stddev" : 12850.070972,
          "N" : 2741783780,
          "percentile" : {
            "1.000000" : 868,
            "5.000000" : 1304,
            "10.000000" : 1560,
            "20.000000" : 1864,
            "30.000000" : 2096,
            "40.000000" : 2288,
            "50.000000" : 2480,
            "60.000000" : 2672,
            "70.000000" : 2896,
            "80.000000" : 3152,
            "90.000000" : 3568,
            "95.000000" : 3920,
            "99.000000" : 4704,
            "99.500000" : 5088,
            "99.900000" : 6304,
            "99.950000" : 14528,
            "99.990000" : 24448
          }
        },
        "lat_ns" : {
          "min" : 161,
          "max" : 100035517,
          "mean" : 2683.746529,
          "stddev" : 12934.157347,
          "N" : 2741783780
        },
        "bw_min" : 96032,
        "bw_max" : 68586082,
        "bw_agg" : 100.000000,
        "bw_mean" : 62016397.441926,
        "bw_dev" : 180491.121408,
        "bw_samples" : 18003,
        "iops_min" : 24008,
        "iops_max" : 17146503,
        "iops_mean" : 15504090.416431,
        "iops_stddev" : 45122.757581,
        "iops_samples" : 18003
      },
      "write" : {
        "io_bytes" : 2744930885632,
        "io_kbytes" : 2680596568,
        "bw_bytes" : 15249446592,
        "bw" : 14892037,
        "iops" : 3723009.422118,
        "runtime" : 180002,
        "total_ios" : 670149142,
        "short_ios" : 0,
        "drop_ios" : 0,
        "slat_ns" : {
          "min" : 0,
          "max" : 0,
          "mean" : 0.000000,
          "stddev" : 0.000000,
          "N" : 0
        },
        "clat_ns" : {
          "min" : 128,
          "max" : 108039653,
          "mean" : 2643.791492,
          "stddev" : 15194.827653,
          "N" : 670149142,
          "percentile" : {
            "1.000000" : 1096,
            "5.000000" : 1480,
            "10.000000" : 1656,
            "20.000000" : 1880,
            "30.000000" : 2064,
            "40.000000" : 2224,
            "50.000000" : 2384,
            "60.000000" : 2576,
            "70.000000" : 2736,
            "80.000000" : 2960,
            "90.000000" : 3344,
            "95.000000" : 3696,
            "99.000000" : 4704,
            "99.500000" : 5536,
            "99.900000" : 23936,
            "99.950000" : 67072,
            "99.990000" : 140288
          }
        },
        "lat_ns" : {
          "min" : 178,
          "max" : 108039749,
          "mean" : 2744.726920,
          "stddev" : 15726.383834,
          "N" : 670149142
        },
        "bw_min" : 24016,
        "bw_max" : 16787585,
        "bw_agg" : 100.000000,
        "bw_mean" : 15158738.076487,
        "bw_dev" : 176534.600422,
        "bw_samples" : 4589,
        "iops_min" : 6004,
        "iops_max" : 4196890,
        "iops_mean" : 3789682.756374,
        "iops_stddev" : 44133.636976,
        "iops_samples" : 4589
      },
      "trim" : {
        "io_bytes" : 0,
        "io_kbytes" : 0,
        "bw_bytes" : 0,
        "bw" : 0,
        "iops" : 0.000000,
        "runtime" : 0,
        "total_ios" : 0,
        "short_ios" : 0,
        "drop_ios" : 0,
        "slat_ns" : {
          "min" : 0,
          "max" : 0,
          "mean" : 0.000000,
          "stddev" : 0.000000,
          "N" : 0
        },
        "clat_ns" : {
          "min" : 0,
          "max" : 0,
          "mean" : 0.000000,
          "stddev" : 0.000000,
          "N" : 0
        },
        "lat_ns" : {
          "min" : 0,
          "max" : 0,
          "mean" : 0.000000,
          "stddev" : 0.000000,
          "N" : 0
        },
        "bw_min" : 0,
        "bw_max" : 0,
        "bw_agg" : 0.000000,
        "bw_mean" : 0.000000,
        "bw_dev" : 0.000000,
        "bw_samples" : 0,
        "iops_min" : 0,
        "iops_max" : 0,
        "iops_mean" : 0.000000,
        "iops_stddev" : 0.000000,
        "iops_samples" : 0
      },
      "sync" : {
        "total_ios" : 0,
        "lat_ns" : {
          "min" : 0,
          "max" : 0,
          "mean" : 0.000000,
          "stddev" : 0.000000,
          "N" : 0
        }
      },
      "job_runtime" : 11520012,
      "usr_cpu" : 95.129701,
      "sys_cpu" : 0.655980,
      "ctx" : 1143670,
      "majf" : 196609,
      "minf" : 2189235,
      "iodepth_level" : {
        "1" : 100.000000,
        "2" : 0.000000,
        "4" : 0.000000,
        "8" : 0.000000,
        "16" : 0.000000,
        "32" : 0.000000,
        ">=64" : 0.000000
      },
      "iodepth_submit" : {
        "0" : 0.000000,
        "4" : 100.000000,
        "8" : 0.000000,
        "16" : 0.000000,
        "32" : 0.000000,
        "64" : 0.000000,
        ">=64" : 0.000000
      },
      "iodepth_complete" : {
        "0" : 0.000000,
        "4" : 100.000000,
        "8" : 0.000000,
        "16" : 0.000000,
        "32" : 0.000000,
        "64" : 0.000000,
        ">=64" : 0.000000
      },
      "latency_ns" : {
        "2" : 0.000000,
        "4" : 0.000000,
        "10" : 0.000000,
        "20" : 0.000000,
        "50" : 0.000000,
        "100" : 0.000000,
        "250" : 0.028161,
        "500" : 0.044142,
        "750" : 0.373025,
        "1000" : 1.144251
      },
      "latency_us" : {
        "2" : 24.316929,
        "4" : 70.104871,
        "10" : 3.857842,
        "20" : 0.089248,
        "50" : 0.022140,
        "100" : 0.010619,
        "250" : 0.010000,
        "500" : 0.010000,
        "750" : 0.010000,
        "1000" : 0.010000
      },
      "latency_ms" : {
        "2" : 0.010000,
        "4" : 0.010000,
        "10" : 0.010000,
        "20" : 0.010000,
        "50" : 0.010000,
        "100" : 0.010000,
        "250" : 0.010000,
        "500" : 0.000000,
        "750" : 0.000000,
        "1000" : 0.000000,
        "2000" : 0.000000,
        ">=2000" : 0.000000
      },
      "latency_depth" : 1,
      "latency_target" : 0,
      "latency_percentile" : 100.000000,
      "latency_window" : 0
    }
  ],
  "disk_util" : [
    {
      "name" : "sda",
      "read_ios" : 196637,
      "write_ios" : 194131,
      "read_sectors" : 1576632,
      "write_sectors" : 17764432,
      "read_merges" : 319,
      "write_merges" : 19576,
      "read_ticks" : 177933,
      "write_ticks" : 44610943,
      "in_queue" : 44788885,
      "util" : 11.467244
    }
  ]
}
