{
  "fio version" : "fio-3.40",
  "timestamp" : 1764780263,
  "timestamp_ms" : 1764780263481,
  "time" : "Wed Dec  3 17:44:23 2025",
  "global options" : {
    "group_reporting" : "",
    "ioengine" : "mmap",
    "size" : "768m",
    "thread" : "1",
    "directory" : "/tmp",
    "time_based" : "",
    "runtime" : "180",
    "norandommap" : "1",
    "filename" : "/tmp/fio_readwrite",
    "share_mmap" : "1",
    "repl" : "1"
  },
  "jobs" : [
    {
      "jobname" : "writers",
      "groupid" : 0,
      "job_start" : 1764780083286,
      "error" : 0,
      "eta" : 0,
      "elapsed" : 181,
      "job options" : {
        "rw" : "randread",
        "random_distribution" : "random",
        "numjobs" : "51"
      },
      "read" : {
        "io_bytes" : 12245473468416,
        "io_kbytes" : 11958470184,
        "bw_bytes" : 68029652272,
        "bw" : 66435207,
        "iops" : 16608801.824424,
        "runtime" : 180002,
        "total_ios" : 2989617546,
        "short_ios" : 0,
        "drop_ios" : 0,
        "slat_ns" : {
          "min" : 0,
          "max" : 0,
          "mean" : 0.000000,
          "stddev" : 0.000000,
          "N" : 0
        },
        "clat_ns" : {
          "min" : 98,
          "max" : 64031621,
          "mean" : 2441.292596,
          "stddev" : 10844.558203,
          "N" : 2989617546,
          "percentile" : {
            "1.000000" : 1048,
            "5.000000" : 1400,
            "10.000000" : 1592,
            "20.000000" : 1832,
            "30.000000" : 1992,
            "40.000000" : 2160,
            "50.000000" : 2288,
            "60.000000" : 2448,
            "70.000000" : 2608,
            "80.000000" : 2832,
            "90.000000" : 3152,
            "95.000000" : 3504,
            "99.000000" : 4448,
            "99.500000" : 4960,
            "99.900000" : 16768,
            "99.950000" : 18048,
            "99.990000" : 25472
          }
        },
        "lat_ns" : {
          "min" : 124,
          "max" : 64031650,
          "mean" : 2501.825903,
          "stddev" : 10951.938982,
          "N" : 2989617546
        },
        "bw_min" : 180552,
        "bw_max" : 77709086,
        "bw_agg" : 100.000000,
        "bw_mean" : 67437828.002825,
        "bw_dev" : 186870.727767,
        "bw_samples" : 18054,
        "iops_min" : 45138,
        "iops_max" : 19427269,
        "iops_mean" : 16859449.460452,
        "iops_stddev" : 46717.660744,
        "iops_samples" : 18054
      },
      "write" : {
        "io_bytes" : 2895371243520,
        "io_kbytes" : 2827510980,
        "bw_bytes" : 16085127711,
        "bw" : 15708132,
        "iops" : 3927033.132781,
        "runtime" : 180003,
        "total_ios" : 706877745,
        "short_ios" : 0,
        "drop_ios" : 0,
        "slat_ns" : {
          "min" : 0,
          "max" : 0,
          "mean" : 0.000000,
          "stddev" : 0.000000,
          "N" : 0
        },
        "clat_ns" : {
          "min" : 99,
          "max" : 56034402,
          "mean" : 2551.378919,
          "stddev" : 18395.099310,
          "N" : 706877745,
          "percentile" : {
            "1.000000" : 1080,
            "5.000000" : 1416,
            "10.000000" : 1608,
            "20.000000" : 1816,
            "30.000000" : 1992,
            "40.000000" : 2160,
            "50.000000" : 2288,
            "60.000000" : 2448,
            "70.000000" : 2608,
            "80.000000" : 2800,
            "90.000000" : 3120,
            "95.000000" : 3440,
            "99.000000" : 4576,
            "99.500000" : 10432,
            "99.900000" : 22656,
            "99.950000" : 55040,
            "99.990000" : 122368
          }
        },
        "lat_ns" : {
          "min" : 137,
          "max" : 56034796,
          "mean" : 2642.314371,
          "stddev" : 18692.923814,
          "N" : 706877745
        },
        "bw_min" : 45992,
        "bw_max" : 19077139,
        "bw_agg" : 100.000000,
        "bw_mean" : 15945742.776836,
        "bw_dev" : 187952.746653,
        "bw_samples" : 4602,
        "iops_min" : 11498,
        "iops_max" : 4769284,
        "iops_mean" : 3986433.590395,
        "iops_stddev" : 46988.158046,
        "iops_samples" : 4602
      },
      "trim" : {
        "io_bytes" : 0,
        "io_kbytes" : 0,
        "bw_bytes" : 0,
        "bw" : 0,
        "iops" : 0.000000,
        "runtime" : 0,
        "total_ios" : 0,
        "short_ios" : 0,
        "drop_ios" : 0,
        "slat_ns" : {
          "min" : 0,
          "max" : 0,
          "mean" : 0.000000,
          "stddev" : 0.000000,
          "N" : 0
        },
        "clat_ns" : {
          "min" : 0,
          "max" : 0,
          "mean" : 0.000000,
          "stddev" : 0.000000,
          "N" : 0
        },
        "lat_ns" : {
          "min" : 0,
          "max" : 0,
          "mean" : 0.000000,
          "stddev" : 0.000000,
          "N" : 0
        },
        "bw_min" : 0,
        "bw_max" : 0,
        "bw_agg" : 0.000000,
        "bw_mean" : 0.000000,
        "bw_dev" : 0.000000,
        "bw_samples" : 0,
        "iops_min" : 0,
        "iops_max" : 0,
        "iops_mean" : 0.000000,
        "iops_stddev" : 0.000000,
        "iops_samples" : 0
      },
      "sync" : {
        "total_ios" : 0,
        "lat_ns" : {
          "min" : 0,
          "max" : 0,
          "mean" : 0.000000,
          "stddev" : 0.000000,
          "N" : 0
        }
      },
      "job_runtime" : 11520021,
      "usr_cpu" : 95.590659,
      "sys_cpu" : 0.758879,
      "ctx" : 850639,
      "majf" : 196586,
      "minf" : 2454055,
      "iodepth_level" : {
        "1" : 100.000000,
        "2" : 0.000000,
        "4" : 0.000000,
        "8" : 0.000000,
        "16" : 0.000000,
        "32" : 0.000000,
        ">=64" : 0.000000
      },
      "iodepth_submit" : {
        "0" : 0.000000,
        "4" : 100.000000,
        "8" : 0.000000,
        "16" : 0.000000,
        "32" : 0.000000,
        "64" : 0.000000,
        ">=64" : 0.000000
      },
      "iodepth_complete" : {
        "0" : 0.000000,
        "4" : 100.000000,
        "8" : 0.000000,
        "16" : 0.000000,
        "32" : 0.000000,
        "64" : 0.000000,
        ">=64" : 0.000000
      },
      "latency_ns" : {
        "2" : 0.000000,
        "4" : 0.000000,
        "10" : 0.000000,
        "20" : 0.000000,
        "50" : 0.000000,
        "100" : 0.010000,
        "250" : 0.039755,
        "500" : 0.036138,
        "750" : 0.131917,
        "1000" : 0.570610
      },
      "latency_us" : {
        "2" : 29.301057,
        "4" : 67.882456,
        "10" : 1.754924,
        "20" : 0.244128,
        "50" : 0.022330,
        "100" : 0.010000,
        "250" : 0.010000,
        "500" : 0.010000,
        "750" : 0.010000,
        "1000" : 0.010000
      },
      "latency_ms" : {
        "2" : 0.010000,
        "4" : 0.010000,
        "10" : 0.010000,
        "20" : 0.010000,
        "50" : 0.010000,
        "100" : 0.010000,
        "250" : 0.000000,
        "500" : 0.000000,
        "750" : 0.000000,
        "1000" : 0.000000,
        "2000" : 0.000000,
        ">=2000" : 0.000000
      },
      "latency_depth" : 1,
      "latency_target" : 0,
      "latency_percentile" : 100.000000,
      "latency_window" : 0
    }
  ],
  "disk_util" : [
    {
      "name" : "sdb",
      "read_ios" : 196530,
      "write_ios" : 115603,
      "read_sectors" : 1573768,
      "write_sectors" : 19866952,
      "read_merges" : 191,
      "write_merges" : 3588,
      "read_ticks" : 175569,
      "write_ticks" : 24937990,
      "in_queue" : 25113569,
      "util" : 12.154942
    }
  ]
}
