{
  "fio version" : "fio-3.40",
  "timestamp" : 1771994087,
  "timestamp_ms" : 1771994087613,
  "time" : "Wed Feb 25 05:34:47 2026",
  "global options" : {
    "group_reporting" : "",
    "ioengine" : "mmap",
    "size" : "768m",
    "thread" : "1",
    "directory" : "/tmp",
    "time_based" : "",
    "runtime" : "180",
    "norandommap" : "1",
    "filename" : "/tmp/fio_readwrite",
    "share_mmap" : "1",
    "repl" : "1"
  },
  "jobs" : [
    {
      "jobname" : "writers",
      "groupid" : 0,
      "job_start" : 1771993907425,
      "error" : 0,
      "eta" : 0,
      "elapsed" : 181,
      "job options" : {
        "rw" : "randread",
        "random_distribution" : "random",
        "numjobs" : "38"
      },
      "read" : {
        "io_bytes" : 7305930526720,
        "io_kbytes" : 7134697780,
        "bw_bytes" : 40588051947,
        "bw" : 39636769,
        "iops" : 9909192.370085,
        "runtime" : 180002,
        "total_ios" : 1783674445,
        "short_ios" : 0,
        "drop_ios" : 0,
        "slat_ns" : {
          "min" : 0,
          "max" : 0,
          "mean" : 0.000000,
          "stddev" : 0.000000,
          "N" : 0
        },
        "clat_ns" : {
          "min" : 125,
          "max" : 188051563,
          "mean" : 2984.775244,
          "stddev" : 14532.615265,
          "N" : 1783674445,
          "percentile" : {
            "1.000000" : 1012,
            "5.000000" : 1544,
            "10.000000" : 1832,
            "20.000000" : 2192,
            "30.000000" : 2416,
            "40.000000" : 2640,
            "50.000000" : 2864,
            "60.000000" : 3056,
            "70.000000" : 3280,
            "80.000000" : 3568,
            "90.000000" : 3984,
            "95.000000" : 4384,
            "99.000000" : 5280,
            "99.500000" : 5664,
            "99.900000" : 7392,
            "99.950000" : 16768,
            "99.990000" : 32128
          }
        },
        "lat_ns" : {
          "min" : 161,
          "max" : 188051614,
          "mean" : 3070.780088,
          "stddev" : 14629.053930,
          "N" : 1783674445
        },
        "bw_min" : 43598,
        "bw_max" : 46394983,
        "bw_agg" : 100.000000,
        "bw_mean" : 39897420.574230,
        "bw_dev" : 164015.675367,
        "bw_samples" : 13566,
        "iops_min" : 10898,
        "iops_max" : 11598734,
        "iops_mean" : 9974349.431373,
        "iops_stddev" : 41003.898839,
        "iops_samples" : 13566
      },
      "write" : {
        "io_bytes" : 4947450503168,
        "io_kbytes" : 4831494632,
        "bw_bytes" : 27485378039,
        "bw" : 26841189,
        "iops" : 6710297.372822,
        "runtime" : 180003,
        "total_ios" : 1207873658,
        "short_ios" : 0,
        "drop_ios" : 0,
        "slat_ns" : {
          "min" : 0,
          "max" : 0,
          "mean" : 0.000000,
          "stddev" : 0.000000,
          "N" : 0
        },
        "clat_ns" : {
          "min" : 123,
          "max" : 104029669,
          "mean" : 2983.065941,
          "stddev" : 13726.699400,
          "N" : 1207873658,
          "percentile" : {
            "1.000000" : 972,
            "5.000000" : 1448,
            "10.000000" : 1752,
            "20.000000" : 2128,
            "30.000000" : 2384,
            "40.000000" : 2608,
            "50.000000" : 2800,
            "60.000000" : 3024,
            "70.000000" : 3248,
            "80.000000" : 3504,
            "90.000000" : 3888,
            "95.000000" : 4256,
            "99.000000" : 5152,
            "99.500000" : 5728,
            "99.900000" : 23680,
            "99.950000" : 58624,
            "99.990000" : 132096
          }
        },
        "lat_ns" : {
          "min" : 174,
          "max" : 104029737,
          "mean" : 3093.172824,
          "stddev" : 13903.768943,
          "N" : 1207873658
        },
        "bw_min" : 29245,
        "bw_max" : 30785249,
        "bw_agg" : 100.000000,
        "bw_mean" : 27019529.551821,
        "bw_dev" : 154268.684992,
        "bw_samples" : 9282,
        "iops_min" : 7311,
        "iops_max" : 7696309,
        "iops_mean" : 6754878.845938,
        "iops_stddev" : 38567.159009,
        "iops_samples" : 9282
      },
      "trim" : {
        "io_bytes" : 0,
        "io_kbytes" : 0,
        "bw_bytes" : 0,
        "bw" : 0,
        "iops" : 0.000000,
        "runtime" : 0,
        "total_ios" : 0,
        "short_ios" : 0,
        "drop_ios" : 0,
        "slat_ns" : {
          "min" : 0,
          "max" : 0,
          "mean" : 0.000000,
          "stddev" : 0.000000,
          "N" : 0
        },
        "clat_ns" : {
          "min" : 0,
          "max" : 0,
          "mean" : 0.000000,
          "stddev" : 0.000000,
          "N" : 0
        },
        "lat_ns" : {
          "min" : 0,
          "max" : 0,
          "mean" : 0.000000,
          "stddev" : 0.000000,
          "N" : 0
        },
        "bw_min" : 0,
        "bw_max" : 0,
        "bw_agg" : 0.000000,
        "bw_mean" : 0.000000,
        "bw_dev" : 0.000000,
        "bw_samples" : 0,
        "iops_min" : 0,
        "iops_max" : 0,
        "iops_mean" : 0.000000,
        "iops_stddev" : 0.000000,
        "iops_samples" : 0
      },
      "sync" : {
        "total_ios" : 0,
        "lat_ns" : {
          "min" : 0,
          "max" : 0,
          "mean" : 0.000000,
          "stddev" : 0.000000,
          "N" : 0
        }
      },
      "job_runtime" : 11520014,
      "usr_cpu" : 96.225777,
      "sys_cpu" : 0.836414,
      "ctx" : 597284,
      "majf" : 196623,
      "minf" : 2268554,
      "iodepth_level" : {
        "1" : 100.000000,
        "2" : 0.000000,
        "4" : 0.000000,
        "8" : 0.000000,
        "16" : 0.000000,
        "32" : 0.000000,
        ">=64" : 0.000000
      },
      "iodepth_submit" : {
        "0" : 0.000000,
        "4" : 100.000000,
        "8" : 0.000000,
        "16" : 0.000000,
        "32" : 0.000000,
        "64" : 0.000000,
        ">=64" : 0.000000
      },
      "iodepth_complete" : {
        "0" : 0.000000,
        "4" : 100.000000,
        "8" : 0.000000,
        "16" : 0.000000,
        "32" : 0.000000,
        "64" : 0.000000,
        ">=64" : 0.000000
      },
      "latency_ns" : {
        "2" : 0.000000,
        "4" : 0.000000,
        "10" : 0.000000,
        "20" : 0.000000,
        "50" : 0.000000,
        "100" : 0.000000,
        "250" : 0.026339,
        "500" : 0.038641,
        "750" : 0.227268,
        "1000" : 0.741731
      },
      "latency_us" : {
        "2" : 13.985982,
        "4" : 75.824793,
        "10" : 9.000813,
        "20" : 0.090078,
        "50" : 0.035386,
        "100" : 0.018797,
        "250" : 0.010000,
        "500" : 0.010000,
        "750" : 0.010000,
        "1000" : 0.010000
      },
      "latency_ms" : {
        "2" : 0.010000,
        "4" : 0.010000,
        "10" : 0.010000,
        "20" : 0.010000,
        "50" : 0.010000,
        "100" : 0.010000,
        "250" : 0.010000,
        "500" : 0.000000,
        "750" : 0.000000,
        "1000" : 0.000000,
        "2000" : 0.000000,
        ">=2000" : 0.000000
      },
      "latency_depth" : 1,
      "latency_target" : 0,
      "latency_percentile" : 100.000000,
      "latency_window" : 0
    }
  ],
  "disk_util" : [
    {
      "name" : "sda",
      "read_ios" : 196561,
      "write_ios" : 68421,
      "read_sectors" : 1574144,
      "write_sectors" : 18020536,
      "read_merges" : 207,
      "write_merges" : 2030,
      "read_ticks" : 160394,
      "write_ticks" : 71814309,
      "in_queue" : 71974710,
      "util" : 10.894881
    }
  ]
}
