{
  "fio version" : "fio-3.40",
  "timestamp" : 1771984500,
  "timestamp_ms" : 1771984500211,
  "time" : "Wed Feb 25 02:55:00 2026",
  "global options" : {
    "group_reporting" : "",
    "ioengine" : "mmap",
    "size" : "768m",
    "thread" : "1",
    "directory" : "/tmp",
    "time_based" : "",
    "runtime" : "180",
    "norandommap" : "1",
    "filename" : "/tmp/fio_readwrite",
    "share_mmap" : "1",
    "repl" : "1"
  },
  "jobs" : [
    {
      "jobname" : "readers",
      "groupid" : 0,
      "job_start" : 1771984320144,
      "error" : 0,
      "eta" : 0,
      "elapsed" : 181,
      "job options" : {
        "rw" : "randread",
        "random_distribution" : "random",
        "numjobs" : "64"
      },
      "read" : {
        "io_bytes" : 18285530980352,
        "io_kbytes" : 17856963848,
        "bw_bytes" : 101584025801,
        "bw" : 99203150,
        "iops" : 24800787.549166,
        "runtime" : 180004,
        "total_ios" : 4464240962,
        "short_ios" : 0,
        "drop_ios" : 0,
        "slat_ns" : {
          "min" : 0,
          "max" : 0,
          "mean" : 0.000000,
          "stddev" : 0.000000,
          "N" : 0
        },
        "clat_ns" : {
          "min" : 122,
          "max" : 38781961,
          "mean" : 1928.662779,
          "stddev" : 6538.459591,
          "N" : 4464240962,
          "percentile" : {
            "1.000000" : 820,
            "5.000000" : 1128,
            "10.000000" : 1272,
            "20.000000" : 1464,
            "30.000000" : 1608,
            "40.000000" : 1720,
            "50.000000" : 1848,
            "60.000000" : 1960,
            "70.000000" : 2096,
            "80.000000" : 2256,
            "90.000000" : 2512,
            "95.000000" : 2704,
            "99.000000" : 3152,
            "99.500000" : 3344,
            "99.900000" : 10944,
            "99.950000" : 18816,
            "99.990000" : 40704
          }
        },
        "lat_ns" : {
          "min" : 160,
          "max" : 38782007,
          "mean" : 1999.689927,
          "stddev" : 6576.341838,
          "N" : 4464240962
        },
        "bw_min" : 355779,
        "bw_max" : 110054277,
        "bw_agg" : 100.000000,
        "bw_mean" : 99279860.952646,
        "bw_dev" : 182478.537245,
        "bw_samples" : 22976,
        "iops_min" : 88928,
        "iops_max" : 27513561,
        "iops_mean" : 24819955.724234,
        "iops_stddev" : 45619.617786,
        "iops_samples" : 22976
      },
      "write" : {
        "io_bytes" : 0,
        "io_kbytes" : 0,
        "bw_bytes" : 0,
        "bw" : 0,
        "iops" : 0.000000,
        "runtime" : 0,
        "total_ios" : 0,
        "short_ios" : 0,
        "drop_ios" : 0,
        "slat_ns" : {
          "min" : 0,
          "max" : 0,
          "mean" : 0.000000,
          "stddev" : 0.000000,
          "N" : 0
        },
        "clat_ns" : {
          "min" : 0,
          "max" : 0,
          "mean" : 0.000000,
          "stddev" : 0.000000,
          "N" : 0
        },
        "lat_ns" : {
          "min" : 0,
          "max" : 0,
          "mean" : 0.000000,
          "stddev" : 0.000000,
          "N" : 0
        },
        "bw_min" : 0,
        "bw_max" : 0,
        "bw_agg" : 0.000000,
        "bw_mean" : 0.000000,
        "bw_dev" : 0.000000,
        "bw_samples" : 0,
        "iops_min" : 0,
        "iops_max" : 0,
        "iops_mean" : 0.000000,
        "iops_stddev" : 0.000000,
        "iops_samples" : 0
      },
      "trim" : {
        "io_bytes" : 0,
        "io_kbytes" : 0,
        "bw_bytes" : 0,
        "bw" : 0,
        "iops" : 0.000000,
        "runtime" : 0,
        "total_ios" : 0,
        "short_ios" : 0,
        "drop_ios" : 0,
        "slat_ns" : {
          "min" : 0,
          "max" : 0,
          "mean" : 0.000000,
          "stddev" : 0.000000,
          "N" : 0
        },
        "clat_ns" : {
          "min" : 0,
          "max" : 0,
          "mean" : 0.000000,
          "stddev" : 0.000000,
          "N" : 0
        },
        "lat_ns" : {
          "min" : 0,
          "max" : 0,
          "mean" : 0.000000,
          "stddev" : 0.000000,
          "N" : 0
        },
        "bw_min" : 0,
        "bw_max" : 0,
        "bw_agg" : 0.000000,
        "bw_mean" : 0.000000,
        "bw_dev" : 0.000000,
        "bw_samples" : 0,
        "iops_min" : 0,
        "iops_max" : 0,
        "iops_mean" : 0.000000,
        "iops_stddev" : 0.000000,
        "iops_samples" : 0
      },
      "sync" : {
        "total_ios" : 0,
        "lat_ns" : {
          "min" : 0,
          "max" : 0,
          "mean" : 0.000000,
          "stddev" : 0.000000,
          "N" : 0
        }
      },
      "job_runtime" : 11520014,
      "usr_cpu" : 98.307598,
      "sys_cpu" : 0.214600,
      "ctx" : 285665,
      "majf" : 196611,
      "minf" : 1053003,
      "iodepth_level" : {
        "1" : 100.000000,
        "2" : 0.000000,
        "4" : 0.000000,
        "8" : 0.000000,
        "16" : 0.000000,
        "32" : 0.000000,
        ">=64" : 0.000000
      },
      "iodepth_submit" : {
        "0" : 0.000000,
        "4" : 100.000000,
        "8" : 0.000000,
        "16" : 0.000000,
        "32" : 0.000000,
        "64" : 0.000000,
        ">=64" : 0.000000
      },
      "iodepth_complete" : {
        "0" : 0.000000,
        "4" : 100.000000,
        "8" : 0.000000,
        "16" : 0.000000,
        "32" : 0.000000,
        "64" : 0.000000,
        ">=64" : 0.000000
      },
      "latency_ns" : {
        "2" : 0.000000,
        "4" : 0.000000,
        "10" : 0.000000,
        "20" : 0.000000,
        "50" : 0.000000,
        "100" : 0.000000,
        "250" : 0.022470,
        "500" : 0.099363,
        "750" : 0.514140,
        "1000" : 2.010430
      },
      "latency_us" : {
        "2" : 59.893927,
        "4" : 37.300862,
        "10" : 0.045311,
        "20" : 0.079776,
        "50" : 0.025561,
        "100" : 0.010000,
        "250" : 0.010000,
        "500" : 0.010000,
        "750" : 0.010000,
        "1000" : 0.010000
      },
      "latency_ms" : {
        "2" : 0.010000,
        "4" : 0.010000,
        "10" : 0.010000,
        "20" : 0.010000,
        "50" : 0.010000,
        "100" : 0.000000,
        "250" : 0.000000,
        "500" : 0.000000,
        "750" : 0.000000,
        "1000" : 0.000000,
        "2000" : 0.000000,
        ">=2000" : 0.000000
      },
      "latency_depth" : 1,
      "latency_target" : 0,
      "latency_percentile" : 100.000000,
      "latency_window" : 0
    }
  ],
  "disk_util" : [
    {
      "name" : "sda",
      "read_ios" : 196570,
      "write_ios" : 139,
      "read_sectors" : 1574240,
      "write_sectors" : 2600,
      "read_merges" : 210,
      "write_merges" : 131,
      "read_ticks" : 151577,
      "write_ticks" : 29,
      "in_queue" : 151612,
      "util" : 1.084868
    }
  ]
}
