{
  "fio version" : "fio-3.40",
  "timestamp" : 1771874927,
  "timestamp_ms" : 1771874927656,
  "time" : "Mon Feb 23 20:28:47 2026",
  "global options" : {
    "group_reporting" : "",
    "ioengine" : "mmap",
    "size" : "768m",
    "thread" : "1",
    "directory" : "/tmp",
    "time_based" : "",
    "runtime" : "180",
    "norandommap" : "1",
    "filename" : "/tmp/fio_readwrite",
    "share_mmap" : "1",
    "repl" : "1"
  },
  "jobs" : [
    {
      "jobname" : "writers",
      "groupid" : 0,
      "job_start" : 1771874747446,
      "error" : 0,
      "eta" : 0,
      "elapsed" : 181,
      "job options" : {
        "rw" : "randread",
        "random_distribution" : "random",
        "numjobs" : "61"
      },
      "read" : {
        "io_bytes" : 17895457398784,
        "io_kbytes" : 17476032616,
        "bw_bytes" : 99416998504,
        "bw" : 97086912,
        "iops" : 24271728.150486,
        "runtime" : 180004,
        "total_ios" : 4369008154,
        "short_ios" : 0,
        "drop_ios" : 0,
        "slat_ns" : {
          "min" : 0,
          "max" : 0,
          "mean" : 0.000000,
          "stddev" : 0.000000,
          "N" : 0
        },
        "clat_ns" : {
          "min" : 144,
          "max" : 120029205,
          "mean" : 1838.057847,
          "stddev" : 11419.100765,
          "N" : 4369008154,
          "percentile" : {
            "1.000000" : 532,
            "5.000000" : 668,
            "10.000000" : 804,
            "20.000000" : 1012,
            "30.000000" : 1208,
            "40.000000" : 1416,
            "50.000000" : 1640,
            "60.000000" : 1864,
            "70.000000" : 2096,
            "80.000000" : 2384,
            "90.000000" : 2768,
            "95.000000" : 3152,
            "99.000000" : 4048,
            "99.500000" : 4448,
            "99.900000" : 21120,
            "99.950000" : 58112,
            "99.990000" : 73216
          }
        },
        "lat_ns" : {
          "min" : 197,
          "max" : 120029270,
          "mean" : 1933.899353,
          "stddev" : 11467.451729,
          "N" : 4369008154
        },
        "bw_min" : 10095539,
        "bw_max" : 132145753,
        "bw_agg" : 100.000000,
        "bw_mean" : 97593731.152275,
        "bw_dev" : 309868.222123,
        "bw_samples" : 21811,
        "iops_min" : 2523885,
        "iops_max" : 33036429,
        "iops_mean" : 24398419.060145,
        "iops_stddev" : 77467.069072,
        "iops_samples" : 21811
      },
      "write" : {
        "io_bytes" : 440951066624,
        "io_kbytes" : 430616276,
        "bw_bytes" : 2449687319,
        "bw" : 2392272,
        "iops" : 598068.193308,
        "runtime" : 180003,
        "total_ios" : 107654069,
        "short_ios" : 0,
        "drop_ios" : 0,
        "slat_ns" : {
          "min" : 0,
          "max" : 0,
          "mean" : 0.000000,
          "stddev" : 0.000000,
          "N" : 0
        },
        "clat_ns" : {
          "min" : 150,
          "max" : 60089359,
          "mean" : 4285.491439,
          "stddev" : 19178.145963,
          "N" : 107654069,
          "percentile" : {
            "1.000000" : 916,
            "5.000000" : 1224,
            "10.000000" : 1400,
            "20.000000" : 1656,
            "30.000000" : 1832,
            "40.000000" : 2008,
            "50.000000" : 2160,
            "60.000000" : 2320,
            "70.000000" : 2512,
            "80.000000" : 2736,
            "90.000000" : 3088,
            "95.000000" : 3664,
            "99.000000" : 57600,
            "99.500000" : 63232,
            "99.900000" : 80384,
            "99.950000" : 91648,
            "99.990000" : 284672
          }
        },
        "lat_ns" : {
          "min" : 222,
          "max" : 60089717,
          "mean" : 4403.033031,
          "stddev" : 19193.787474,
          "N" : 107654069
        },
        "bw_min" : 14760,
        "bw_max" : 4180983,
        "bw_agg" : 100.000000,
        "bw_mean" : 2393883.022284,
        "bw_dev" : 631165.350073,
        "bw_samples" : 1077,
        "iops_min" : 3690,
        "iops_max" : 1045241,
        "iops_mean" : 598470.052925,
        "iops_stddev" : 157791.228195,
        "iops_samples" : 1077
      },
      "trim" : {
        "io_bytes" : 0,
        "io_kbytes" : 0,
        "bw_bytes" : 0,
        "bw" : 0,
        "iops" : 0.000000,
        "runtime" : 0,
        "total_ios" : 0,
        "short_ios" : 0,
        "drop_ios" : 0,
        "slat_ns" : {
          "min" : 0,
          "max" : 0,
          "mean" : 0.000000,
          "stddev" : 0.000000,
          "N" : 0
        },
        "clat_ns" : {
          "min" : 0,
          "max" : 0,
          "mean" : 0.000000,
          "stddev" : 0.000000,
          "N" : 0
        },
        "lat_ns" : {
          "min" : 0,
          "max" : 0,
          "mean" : 0.000000,
          "stddev" : 0.000000,
          "N" : 0
        },
        "bw_min" : 0,
        "bw_max" : 0,
        "bw_agg" : 0.000000,
        "bw_mean" : 0.000000,
        "bw_dev" : 0.000000,
        "bw_samples" : 0,
        "iops_min" : 0,
        "iops_max" : 0,
        "iops_mean" : 0.000000,
        "iops_stddev" : 0.000000,
        "iops_samples" : 0
      },
      "sync" : {
        "total_ios" : 0,
        "lat_ns" : {
          "min" : 0,
          "max" : 0,
          "mean" : 0.000000,
          "stddev" : 0.000000,
          "N" : 0
        }
      },
      "job_runtime" : 11520065,
      "usr_cpu" : 93.833576,
      "sys_cpu" : 3.940316,
      "ctx" : 651726,
      "majf" : 196639,
      "minf" : 8237176,
      "iodepth_level" : {
        "1" : 100.000000,
        "2" : 0.000000,
        "4" : 0.000000,
        "8" : 0.000000,
        "16" : 0.000000,
        "32" : 0.000000,
        ">=64" : 0.000000
      },
      "iodepth_submit" : {
        "0" : 0.000000,
        "4" : 100.000000,
        "8" : 0.000000,
        "16" : 0.000000,
        "32" : 0.000000,
        "64" : 0.000000,
        ">=64" : 0.000000
      },
      "iodepth_complete" : {
        "0" : 0.000000,
        "4" : 100.000000,
        "8" : 0.000000,
        "16" : 0.000000,
        "32" : 0.000000,
        "64" : 0.000000,
        ">=64" : 0.000000
      },
      "latency_ns" : {
        "2" : 0.000000,
        "4" : 0.000000,
        "10" : 0.000000,
        "20" : 0.000000,
        "50" : 0.000000,
        "100" : 0.000000,
        "250" : 0.022393,
        "500" : 0.443012,
        "750" : 7.200977,
        "1000" : 11.321329
      },
      "latency_us" : {
        "2" : 46.482194,
        "4" : 33.359782,
        "10" : 0.933080,
        "20" : 0.040400,
        "50" : 0.055205,
        "100" : 0.135512,
        "250" : 0.010000,
        "500" : 0.010000,
        "750" : 0.010000,
        "1000" : 0.010000
      },
      "latency_ms" : {
        "2" : 0.010000,
        "4" : 0.010000,
        "10" : 0.010000,
        "20" : 0.010000,
        "50" : 0.010000,
        "100" : 0.010000,
        "250" : 0.010000,
        "500" : 0.000000,
        "750" : 0.000000,
        "1000" : 0.000000,
        "2000" : 0.000000,
        ">=2000" : 0.000000
      },
      "latency_depth" : 1,
      "latency_target" : 0,
      "latency_percentile" : 100.000000,
      "latency_window" : 0
    }
  ],
  "disk_util" : [
    {
      "name" : "sda",
      "read_ios" : 196612,
      "write_ios" : 150539,
      "read_sectors" : 1574432,
      "write_sectors" : 6292552,
      "read_merges" : 192,
      "write_merges" : 616,
      "read_ticks" : 190215,
      "write_ticks" : 383390,
      "in_queue" : 573611,
      "util" : 4.740249
    }
  ]
}
