{
  "fio version" : "fio-3.40",
  "timestamp" : 1765209912,
  "timestamp_ms" : 1765209912433,
  "time" : "Mon Dec  8 17:05:12 2025",
  "global options" : {
    "group_reporting" : "",
    "ioengine" : "mmap",
    "size" : "768m",
    "thread" : "1",
    "directory" : "/tmp",
    "time_based" : "",
    "runtime" : "180",
    "norandommap" : "1",
    "filename" : "/tmp/fio_readwrite",
    "share_mmap" : "1",
    "repl" : "1"
  },
  "jobs" : [
    {
      "jobname" : "writers",
      "groupid" : 0,
      "job_start" : 1765209732247,
      "error" : 0,
      "eta" : 0,
      "elapsed" : 181,
      "job options" : {
        "rw" : "randread",
        "random_distribution" : "random",
        "numjobs" : "61"
      },
      "read" : {
        "io_bytes" : 16231404859392,
        "io_kbytes" : 15850981308,
        "bw_bytes" : 90172467608,
        "bw" : 88059050,
        "iops" : 22014762.599720,
        "runtime" : 180004,
        "total_ios" : 3962745327,
        "short_ios" : 0,
        "drop_ios" : 0,
        "slat_ns" : {
          "min" : 0,
          "max" : 0,
          "mean" : 0.000000,
          "stddev" : 0.000000,
          "N" : 0
        },
        "clat_ns" : {
          "min" : 98,
          "max" : 140043821,
          "mean" : 2232.055847,
          "stddev" : 10107.178927,
          "N" : 3962745327,
          "percentile" : {
            "1.000000" : 964,
            "5.000000" : 1288,
            "10.000000" : 1464,
            "20.000000" : 1672,
            "30.000000" : 1832,
            "40.000000" : 1960,
            "50.000000" : 2096,
            "60.000000" : 2224,
            "70.000000" : 2384,
            "80.000000" : 2576,
            "90.000000" : 2896,
            "95.000000" : 3216,
            "99.000000" : 4192,
            "99.500000" : 4704,
            "99.900000" : 17280,
            "99.950000" : 18304,
            "99.990000" : 25728
          }
        },
        "lat_ns" : {
          "min" : 125,
          "max" : 140043854,
          "mean" : 2286.257480,
          "stddev" : 10201.615325,
          "N" : 3962745327
        },
        "bw_min" : 342832,
        "bw_max" : 99675913,
        "bw_agg" : 100.000000,
        "bw_mean" : 88139388.116992,
        "bw_dev" : 181793.571095,
        "bw_samples" : 21899,
        "iops_min" : 85710,
        "iops_max" : 24918958,
        "iops_mean" : 22034837.311978,
        "iops_stddev" : 45448.369049,
        "iops_samples" : 21899
      },
      "write" : {
        "io_bytes" : 716267945984,
        "io_kbytes" : 699480416,
        "bw_bytes" : 3979200046,
        "bw" : 3885937,
        "iops" : 971484.386371,
        "runtime" : 180003,
        "total_ios" : 174870104,
        "short_ios" : 0,
        "drop_ios" : 0,
        "slat_ns" : {
          "min" : 0,
          "max" : 0,
          "mean" : 0.000000,
          "stddev" : 0.000000,
          "N" : 0
        },
        "clat_ns" : {
          "min" : 97,
          "max" : 39258772,
          "mean" : 2496.218079,
          "stddev" : 21528.526279,
          "N" : 174870104,
          "percentile" : {
            "1.000000" : 1064,
            "5.000000" : 1368,
            "10.000000" : 1528,
            "20.000000" : 1720,
            "30.000000" : 1880,
            "40.000000" : 2008,
            "50.000000" : 2128,
            "60.000000" : 2288,
            "70.000000" : 2416,
            "80.000000" : 2608,
            "90.000000" : 2928,
            "95.000000" : 3312,
            "99.000000" : 10048,
            "99.500000" : 12480,
            "99.900000" : 21120,
            "99.950000" : 46336,
            "99.990000" : 84480
          }
        },
        "lat_ns" : {
          "min" : 137,
          "max" : 39258833,
          "mean" : 2573.624397,
          "stddev" : 21811.517167,
          "N" : 174870104
        },
        "bw_min" : 16312,
        "bw_max" : 4970882,
        "bw_agg" : 100.000000,
        "bw_mean" : 3889759.451253,
        "bw_dev" : 237152.265256,
        "bw_samples" : 1077,
        "iops_min" : 4078,
        "iops_max" : 1242722,
        "iops_mean" : 972439.534819,
        "iops_stddev" : 59288.095434,
        "iops_samples" : 1077
      },
      "trim" : {
        "io_bytes" : 0,
        "io_kbytes" : 0,
        "bw_bytes" : 0,
        "bw" : 0,
        "iops" : 0.000000,
        "runtime" : 0,
        "total_ios" : 0,
        "short_ios" : 0,
        "drop_ios" : 0,
        "slat_ns" : {
          "min" : 0,
          "max" : 0,
          "mean" : 0.000000,
          "stddev" : 0.000000,
          "N" : 0
        },
        "clat_ns" : {
          "min" : 0,
          "max" : 0,
          "mean" : 0.000000,
          "stddev" : 0.000000,
          "N" : 0
        },
        "lat_ns" : {
          "min" : 0,
          "max" : 0,
          "mean" : 0.000000,
          "stddev" : 0.000000,
          "N" : 0
        },
        "bw_min" : 0,
        "bw_max" : 0,
        "bw_agg" : 0.000000,
        "bw_mean" : 0.000000,
        "bw_dev" : 0.000000,
        "bw_samples" : 0,
        "iops_min" : 0,
        "iops_max" : 0,
        "iops_mean" : 0.000000,
        "iops_stddev" : 0.000000,
        "iops_samples" : 0
      },
      "sync" : {
        "total_ios" : 0,
        "lat_ns" : {
          "min" : 0,
          "max" : 0,
          "mean" : 0.000000,
          "stddev" : 0.000000,
          "N" : 0
        }
      },
      "job_runtime" : 11520044,
      "usr_cpu" : 97.573907,
      "sys_cpu" : 0.256093,
      "ctx" : 295623,
      "majf" : 196608,
      "minf" : 2608938,
      "iodepth_level" : {
        "1" : 100.000000,
        "2" : 0.000000,
        "4" : 0.000000,
        "8" : 0.000000,
        "16" : 0.000000,
        "32" : 0.000000,
        ">=64" : 0.000000
      },
      "iodepth_submit" : {
        "0" : 0.000000,
        "4" : 100.000000,
        "8" : 0.000000,
        "16" : 0.000000,
        "32" : 0.000000,
        "64" : 0.000000,
        ">=64" : 0.000000
      },
      "iodepth_complete" : {
        "0" : 0.000000,
        "4" : 100.000000,
        "8" : 0.000000,
        "16" : 0.000000,
        "32" : 0.000000,
        "64" : 0.000000,
        ">=64" : 0.000000
      },
      "latency_ns" : {
        "2" : 0.000000,
        "4" : 0.000000,
        "10" : 0.000000,
        "20" : 0.000000,
        "50" : 0.000000,
        "100" : 0.010000,
        "250" : 0.039717,
        "500" : 0.046742,
        "750" : 0.199245,
        "1000" : 0.910436
      },
      "latency_us" : {
        "2" : 41.653386,
        "4" : 55.761753,
        "10" : 1.122692,
        "20" : 0.245721,
        "50" : 0.012230,
        "100" : 0.010000,
        "250" : 0.010000,
        "500" : 0.010000,
        "750" : 0.010000,
        "1000" : 0.010000
      },
      "latency_ms" : {
        "2" : 0.010000,
        "4" : 0.010000,
        "10" : 0.010000,
        "20" : 0.010000,
        "50" : 0.010000,
        "100" : 0.000000,
        "250" : 0.010000,
        "500" : 0.000000,
        "750" : 0.000000,
        "1000" : 0.000000,
        "2000" : 0.000000,
        ">=2000" : 0.000000
      },
      "latency_depth" : 1,
      "latency_target" : 0,
      "latency_percentile" : 100.000000,
      "latency_window" : 0
    }
  ],
  "disk_util" : [
    {
      "name" : "sda",
      "read_ios" : 196632,
      "write_ios" : 37928,
      "read_sectors" : 1576088,
      "write_sectors" : 19335840,
      "read_merges" : 318,
      "write_merges" : 178,
      "read_ticks" : 150545,
      "write_ticks" : 105141141,
      "in_queue" : 105291692,
      "util" : 11.531054
    }
  ]
}
