{
  "fio version" : "fio-3.40",
  "timestamp" : 1771889582,
  "timestamp_ms" : 1771889582358,
  "time" : "Tue Feb 24 00:33:02 2026",
  "global options" : {
    "group_reporting" : "",
    "ioengine" : "mmap",
    "size" : "768m",
    "thread" : "1",
    "directory" : "/tmp",
    "time_based" : "",
    "runtime" : "180",
    "norandommap" : "1",
    "filename" : "/tmp/fio_readwrite",
    "share_mmap" : "1",
    "repl" : "1"
  },
  "jobs" : [
    {
      "jobname" : "writers",
      "groupid" : 0,
      "job_start" : 1771889402245,
      "error" : 0,
      "eta" : 0,
      "elapsed" : 181,
      "job options" : {
        "rw" : "randread",
        "random_distribution" : "random",
        "numjobs" : "19"
      },
      "read" : {
        "io_bytes" : 430425702400,
        "io_kbytes" : 420337600,
        "bw_bytes" : 2391227333,
        "bw" : 2335182,
        "iops" : 583795.735603,
        "runtime" : 180002,
        "total_ios" : 105084400,
        "short_ios" : 0,
        "drop_ios" : 0,
        "slat_ns" : {
          "min" : 0,
          "max" : 0,
          "mean" : 0.000000,
          "stddev" : 0.000000,
          "N" : 0
        },
        "clat_ns" : {
          "min" : 129,
          "max" : 54167399,
          "mean" : 31546.543685,
          "stddev" : 73678.426638,
          "N" : 105084400,
          "percentile" : {
            "1.000000" : 494,
            "5.000000" : 572,
            "10.000000" : 612,
            "20.000000" : 692,
            "30.000000" : 788,
            "40.000000" : 884,
            "50.000000" : 996,
            "60.000000" : 1288,
            "70.000000" : 63744,
            "80.000000" : 83456,
            "90.000000" : 98816,
            "95.000000" : 114176,
            "99.000000" : 197632,
            "99.500000" : 234496,
            "99.900000" : 329728,
            "99.950000" : 477184,
            "99.990000" : 2605056
          }
        },
        "lat_ns" : {
          "min" : 165,
          "max" : 54167439,
          "mean" : 31626.033799,
          "stddev" : 73737.550872,
          "N" : 105084400
        },
        "bw_min" : 165021,
        "bw_max" : 6258518,
        "bw_agg" : 100.000000,
        "bw_mean" : 2356661.347118,
        "bw_dev" : 37328.147431,
        "bw_samples" : 6764,
        "iops_min" : 41254,
        "iops_max" : 1564630,
        "iops_mean" : 589161.491154,
        "iops_stddev" : 9332.025789,
        "iops_samples" : 6764
      },
      "write" : {
        "io_bytes" : 346603347968,
        "io_kbytes" : 338479832,
        "bw_bytes" : 1925552760,
        "bw" : 1880422,
        "iops" : 470105.654382,
        "runtime" : 180002,
        "total_ios" : 84619958,
        "short_ios" : 0,
        "drop_ios" : 0,
        "slat_ns" : {
          "min" : 0,
          "max" : 0,
          "mean" : 0.000000,
          "stddev" : 0.000000,
          "N" : 0
        },
        "clat_ns" : {
          "min" : 127,
          "max" : 120049438,
          "mean" : 94570.502278,
          "stddev" : 122214.078433,
          "N" : 84619958,
          "percentile" : {
            "1.000000" : 580,
            "5.000000" : 676,
            "10.000000" : 772,
            "20.000000" : 988,
            "30.000000" : 3248,
            "40.000000" : 78336,
            "50.000000" : 88576,
            "60.000000" : 101888,
            "70.000000" : 148480,
            "80.000000" : 166912,
            "90.000000" : 187392,
            "95.000000" : 211968,
            "99.000000" : 296960,
            "99.500000" : 342016,
            "99.900000" : 831488,
            "99.950000" : 1318912,
            "99.990000" : 4177920
          }
        },
        "lat_ns" : {
          "min" : 178,
          "max" : 120049566,
          "mean" : 94726.565254,
          "stddev" : 122248.630228,
          "N" : 84619958
        },
        "bw_min" : 213345,
        "bw_max" : 3977386,
        "bw_agg" : 100.000000,
        "bw_mean" : 1886236.314229,
        "bw_dev" : 9349.032707,
        "bw_samples" : 16121,
        "iops_min" : 53336,
        "iops_max" : 994342,
        "iops_mean" : 471550.076315,
        "iops_stddev" : 2337.254863,
        "iops_samples" : 16121
      },
      "trim" : {
        "io_bytes" : 0,
        "io_kbytes" : 0,
        "bw_bytes" : 0,
        "bw" : 0,
        "iops" : 0.000000,
        "runtime" : 0,
        "total_ios" : 0,
        "short_ios" : 0,
        "drop_ios" : 0,
        "slat_ns" : {
          "min" : 0,
          "max" : 0,
          "mean" : 0.000000,
          "stddev" : 0.000000,
          "N" : 0
        },
        "clat_ns" : {
          "min" : 0,
          "max" : 0,
          "mean" : 0.000000,
          "stddev" : 0.000000,
          "N" : 0
        },
        "lat_ns" : {
          "min" : 0,
          "max" : 0,
          "mean" : 0.000000,
          "stddev" : 0.000000,
          "N" : 0
        },
        "bw_min" : 0,
        "bw_max" : 0,
        "bw_agg" : 0.000000,
        "bw_mean" : 0.000000,
        "bw_dev" : 0.000000,
        "bw_samples" : 0,
        "iops_min" : 0,
        "iops_max" : 0,
        "iops_mean" : 0.000000,
        "iops_stddev" : 0.000000,
        "iops_samples" : 0
      },
      "sync" : {
        "total_ios" : 0,
        "lat_ns" : {
          "min" : 0,
          "max" : 0,
          "mean" : 0.000000,
          "stddev" : 0.000000,
          "N" : 0
        }
      },
      "job_runtime" : 11520006,
      "usr_cpu" : 4.197480,
      "sys_cpu" : 92.758953,
      "ctx" : 734216,
      "majf" : 196628,
      "minf" : 88931564,
      "iodepth_level" : {
        "1" : 100.000000,
        "2" : 0.000000,
        "4" : 0.000000,
        "8" : 0.000000,
        "16" : 0.000000,
        "32" : 0.000000,
        ">=64" : 0.000000
      },
      "iodepth_submit" : {
        "0" : 0.000000,
        "4" : 100.000000,
        "8" : 0.000000,
        "16" : 0.000000,
        "32" : 0.000000,
        "64" : 0.000000,
        ">=64" : 0.000000
      },
      "iodepth_complete" : {
        "0" : 0.000000,
        "4" : 100.000000,
        "8" : 0.000000,
        "16" : 0.000000,
        "32" : 0.000000,
        "64" : 0.000000,
        ">=64" : 0.000000
      },
      "latency_ns" : {
        "2" : 0.000000,
        "4" : 0.000000,
        "10" : 0.000000,
        "20" : 0.000000,
        "50" : 0.000000,
        "100" : 0.000000,
        "250" : 0.012517,
        "500" : 0.717744,
        "750" : 17.470425,
        "1000" : 18.641079
      },
      "latency_us" : {
        "2" : 10.160704,
        "4" : 3.819543,
        "10" : 2.180546,
        "20" : 0.040264,
        "50" : 0.057395,
        "100" : 23.497405,
        "250" : 22.169524,
        "500" : 1.125561,
        "750" : 0.037476,
        "1000" : 0.026634
      },
      "latency_ms" : {
        "2" : 0.019958,
        "4" : 0.010000,
        "10" : 0.014141,
        "20" : 0.010000,
        "50" : 0.010000,
        "100" : 0.010000,
        "250" : 0.010000,
        "500" : 0.000000,
        "750" : 0.000000,
        "1000" : 0.000000,
        "2000" : 0.000000,
        ">=2000" : 0.000000
      },
      "latency_depth" : 1,
      "latency_target" : 0,
      "latency_percentile" : 100.000000,
      "latency_window" : 0
    }
  ],
  "disk_util" : [
    {
      "name" : "sda",
      "read_ios" : 196624,
      "write_ios" : 78900,
      "read_sectors" : 1574504,
      "write_sectors" : 29192984,
      "read_merges" : 189,
      "write_merges" : 619,
      "read_ticks" : 174257,
      "write_ticks" : 15672088,
      "in_queue" : 15846350,
      "util" : 17.813008
    }
  ]
}
