{
  "fio version" : "fio-3.40",
  "timestamp" : 1769849061,
  "timestamp_ms" : 1769849061851,
  "time" : "Sat Jan 31 09:44:21 2026",
  "global options" : {
    "group_reporting" : "",
    "ioengine" : "mmap",
    "size" : "768m",
    "thread" : "1",
    "directory" : "/tmp",
    "time_based" : "",
    "runtime" : "180",
    "norandommap" : "1",
    "filename" : "/tmp/fio_readwrite",
    "share_mmap" : "1",
    "repl" : "1"
  },
  "jobs" : [
    {
      "jobname" : "writers",
      "groupid" : 0,
      "job_start" : 1769848881680,
      "error" : 0,
      "eta" : 0,
      "elapsed" : 181,
      "job options" : {
        "rw" : "randread",
        "random_distribution" : "random",
        "numjobs" : "45"
      },
      "read" : {
        "io_bytes" : 7270700560384,
        "io_kbytes" : 7100293516,
        "bw_bytes" : 40392107689,
        "bw" : 39445417,
        "iops" : 9861354.416315,
        "runtime" : 180003,
        "total_ios" : 1775073379,
        "short_ios" : 0,
        "drop_ios" : 0,
        "slat_ns" : {
          "min" : 0,
          "max" : 0,
          "mean" : 0.000000,
          "stddev" : 0.000000,
          "N" : 0
        },
        "clat_ns" : {
          "min" : 96,
          "max" : 116038232,
          "mean" : 3806.091605,
          "stddev" : 17163.411952,
          "N" : 1775073379,
          "percentile" : {
            "1.000000" : 1560,
            "5.000000" : 2192,
            "10.000000" : 2480,
            "20.000000" : 2864,
            "30.000000" : 3152,
            "40.000000" : 3376,
            "50.000000" : 3632,
            "60.000000" : 3888,
            "70.000000" : 4128,
            "80.000000" : 4448,
            "90.000000" : 4896,
            "95.000000" : 5344,
            "99.000000" : 6368,
            "99.500000" : 6880,
            "99.900000" : 14144,
            "99.950000" : 18048,
            "99.990000" : 168960
          }
        },
        "lat_ns" : {
          "min" : 124,
          "max" : 116038268,
          "mean" : 3880.363054,
          "stddev" : 17265.192100,
          "N" : 1775073379
        },
        "bw_min" : 102880,
        "bw_max" : 57391676,
        "bw_agg" : 100.000000,
        "bw_mean" : 39922077.119901,
        "bw_dev" : 147309.301079,
        "bw_samples" : 15939,
        "iops_min" : 25720,
        "iops_max" : 14347907,
        "iops_mean" : 9980506.739301,
        "iops_stddev" : 36827.286829,
        "iops_samples" : 15939
      },
      "write" : {
        "io_bytes" : 3019174359040,
        "io_kbytes" : 2948412460,
        "bw_bytes" : 16773004516,
        "bw" : 16379887,
        "iops" : 4094971.805869,
        "runtime" : 180002,
        "total_ios" : 737103115,
        "short_ios" : 0,
        "drop_ios" : 0,
        "slat_ns" : {
          "min" : 0,
          "max" : 0,
          "mean" : 0.000000,
          "stddev" : 0.000000,
          "N" : 0
        },
        "clat_ns" : {
          "min" : 96,
          "max" : 44035881,
          "mean" : 3708.462520,
          "stddev" : 18019.349864,
          "N" : 737103115,
          "percentile" : {
            "1.000000" : 1560,
            "5.000000" : 2096,
            "10.000000" : 2352,
            "20.000000" : 2704,
            "30.000000" : 2960,
            "40.000000" : 3184,
            "50.000000" : 3408,
            "60.000000" : 3632,
            "70.000000" : 3856,
            "80.000000" : 4192,
            "90.000000" : 4640,
            "95.000000" : 5088,
            "99.000000" : 6240,
            "99.500000" : 9280,
            "99.900000" : 34560,
            "99.950000" : 78336,
            "99.990000" : 428032
          }
        },
        "lat_ns" : {
          "min" : 135,
          "max" : 44035927,
          "mean" : 3805.421551,
          "stddev" : 18212.644970,
          "N" : 737103115
        },
        "bw_min" : 42968,
        "bw_max" : 20141198,
        "bw_agg" : 100.000000,
        "bw_mean" : 16578535.781754,
        "bw_dev" : 135585.331423,
        "bw_samples" : 6727,
        "iops_min" : 10742,
        "iops_max" : 5035299,
        "iops_mean" : 4144629.572627,
        "iops_stddev" : 33896.309809,
        "iops_samples" : 6727
      },
      "trim" : {
        "io_bytes" : 0,
        "io_kbytes" : 0,
        "bw_bytes" : 0,
        "bw" : 0,
        "iops" : 0.000000,
        "runtime" : 0,
        "total_ios" : 0,
        "short_ios" : 0,
        "drop_ios" : 0,
        "slat_ns" : {
          "min" : 0,
          "max" : 0,
          "mean" : 0.000000,
          "stddev" : 0.000000,
          "N" : 0
        },
        "clat_ns" : {
          "min" : 0,
          "max" : 0,
          "mean" : 0.000000,
          "stddev" : 0.000000,
          "N" : 0
        },
        "lat_ns" : {
          "min" : 0,
          "max" : 0,
          "mean" : 0.000000,
          "stddev" : 0.000000,
          "N" : 0
        },
        "bw_min" : 0,
        "bw_max" : 0,
        "bw_agg" : 0.000000,
        "bw_mean" : 0.000000,
        "bw_dev" : 0.000000,
        "bw_samples" : 0,
        "iops_min" : 0,
        "iops_max" : 0,
        "iops_mean" : 0.000000,
        "iops_stddev" : 0.000000,
        "iops_samples" : 0
      },
      "sync" : {
        "total_ios" : 0,
        "lat_ns" : {
          "min" : 0,
          "max" : 0,
          "mean" : 0.000000,
          "stddev" : 0.000000,
          "N" : 0
        }
      },
      "job_runtime" : 11520017,
      "usr_cpu" : 95.210814,
      "sys_cpu" : 0.808193,
      "ctx" : 960006,
      "majf" : 196599,
      "minf" : 2474939,
      "iodepth_level" : {
        "1" : 100.000000,
        "2" : 0.000000,
        "4" : 0.000000,
        "8" : 0.000000,
        "16" : 0.000000,
        "32" : 0.000000,
        ">=64" : 0.000000
      },
      "iodepth_submit" : {
        "0" : 0.000000,
        "4" : 100.000000,
        "8" : 0.000000,
        "16" : 0.000000,
        "32" : 0.000000,
        "64" : 0.000000,
        ">=64" : 0.000000
      },
      "iodepth_complete" : {
        "0" : 0.000000,
        "4" : 100.000000,
        "8" : 0.000000,
        "16" : 0.000000,
        "32" : 0.000000,
        "64" : 0.000000,
        ">=64" : 0.000000
      },
      "latency_ns" : {
        "2" : 0.000000,
        "4" : 0.000000,
        "10" : 0.000000,
        "20" : 0.000000,
        "50" : 0.000000,
        "100" : 0.010000,
        "250" : 0.041864,
        "500" : 0.050087,
        "750" : 0.085055,
        "1000" : 0.124393
      },
      "latency_us" : {
        "2" : 3.066627,
        "4" : 64.375548,
        "10" : 31.981766,
        "20" : 0.183992,
        "50" : 0.058539,
        "100" : 0.017061,
        "250" : 0.010000,
        "500" : 0.010000,
        "750" : 0.010000,
        "1000" : 0.010000
      },
      "latency_ms" : {
        "2" : 0.010000,
        "4" : 0.010000,
        "10" : 0.010000,
        "20" : 0.010000,
        "50" : 0.010000,
        "100" : 0.010000,
        "250" : 0.010000,
        "500" : 0.000000,
        "750" : 0.000000,
        "1000" : 0.000000,
        "2000" : 0.000000,
        ">=2000" : 0.000000
      },
      "latency_depth" : 1,
      "latency_target" : 0,
      "latency_percentile" : 100.000000,
      "latency_window" : 0
    }
  ],
  "disk_util" : [
    {
      "name" : "sda",
      "read_ios" : 196611,
      "write_ios" : 155543,
      "read_sectors" : 1578288,
      "write_sectors" : 19711680,
      "read_merges" : 341,
      "write_merges" : 14169,
      "read_ticks" : 158817,
      "write_ticks" : 36682808,
      "in_queue" : 36841636,
      "util" : 12.011089
    }
  ]
}
