{
  "fio version" : "fio-3.40",
  "timestamp" : 1771875651,
  "timestamp_ms" : 1771875651283,
  "time" : "Mon Feb 23 20:40:51 2026",
  "global options" : {
    "group_reporting" : "",
    "ioengine" : "mmap",
    "size" : "768m",
    "thread" : "1",
    "directory" : "/tmp",
    "time_based" : "",
    "runtime" : "180",
    "norandommap" : "1",
    "filename" : "/tmp/fio_readwrite",
    "share_mmap" : "1",
    "repl" : "1"
  },
  "jobs" : [
    {
      "jobname" : "writers",
      "groupid" : 0,
      "job_start" : 1771875471105,
      "error" : 0,
      "eta" : 0,
      "elapsed" : 181,
      "job options" : {
        "rw" : "randread",
        "random_distribution" : "random",
        "numjobs" : "58"
      },
      "read" : {
        "io_bytes" : 15160749735936,
        "io_kbytes" : 14805419664,
        "bw_bytes" : 84225451583,
        "bw" : 82251417,
        "iops" : 20562854.390507,
        "runtime" : 180002,
        "total_ios" : 3701354916,
        "short_ios" : 0,
        "drop_ios" : 0,
        "slat_ns" : {
          "min" : 0,
          "max" : 0,
          "mean" : 0.000000,
          "stddev" : 0.000000,
          "N" : 0
        },
        "clat_ns" : {
          "min" : 124,
          "max" : 16658524,
          "mean" : 2184.809367,
          "stddev" : 10045.620947,
          "N" : 3701354916,
          "percentile" : {
            "1.000000" : 532,
            "5.000000" : 748,
            "10.000000" : 932,
            "20.000000" : 1224,
            "30.000000" : 1496,
            "40.000000" : 1736,
            "50.000000" : 1960,
            "60.000000" : 2192,
            "70.000000" : 2416,
            "80.000000" : 2704,
            "90.000000" : 3152,
            "95.000000" : 3600,
            "99.000000" : 4960,
            "99.500000" : 5600,
            "99.900000" : 64256,
            "99.950000" : 75264,
            "99.990000" : 102912
          }
        },
        "lat_ns" : {
          "min" : 159,
          "max" : 16658595,
          "mean" : 2256.813711,
          "stddev" : 10141.950985,
          "N" : 3701354916
        },
        "bw_min" : 169432,
        "bw_max" : 117401310,
        "bw_agg" : 100.000000,
        "bw_mean" : 82546617.382682,
        "bw_dev" : 242108.400026,
        "bw_samples" : 20764,
        "iops_min" : 42358,
        "iops_max" : 29350309,
        "iops_mean" : 20636647.863128,
        "iops_stddev" : 60527.120307,
        "iops_samples" : 20764
      },
      "write" : {
        "io_bytes" : 850848428032,
        "io_kbytes" : 830906668,
        "bw_bytes" : 4726856930,
        "bw" : 4616071,
        "iops" : 1154017.805259,
        "runtime" : 180003,
        "total_ios" : 207726667,
        "short_ios" : 0,
        "drop_ios" : 0,
        "slat_ns" : {
          "min" : 0,
          "max" : 0,
          "mean" : 0.000000,
          "stddev" : 0.000000,
          "N" : 0
        },
        "clat_ns" : {
          "min" : 134,
          "max" : 9442795,
          "mean" : 4413.058997,
          "stddev" : 16679.845440,
          "N" : 207726667,
          "percentile" : {
            "1.000000" : 892,
            "5.000000" : 1224,
            "10.000000" : 1464,
            "20.000000" : 1768,
            "30.000000" : 2008,
            "40.000000" : 2192,
            "50.000000" : 2352,
            "60.000000" : 2544,
            "70.000000" : 2736,
            "80.000000" : 2992,
            "90.000000" : 3376,
            "95.000000" : 3792,
            "99.000000" : 79360,
            "99.500000" : 86528,
            "99.900000" : 101888,
            "99.950000" : 120320,
            "99.990000" : 325632
          }
        },
        "lat_ns" : {
          "min" : 192,
          "max" : 9442921,
          "mean" : 4513.138183,
          "stddev" : 16691.380181,
          "N" : 207726667
        },
        "bw_min" : 17464,
        "bw_max" : 7691590,
        "bw_agg" : 100.000000,
        "bw_mean" : 4630801.078212,
        "bw_dev" : 585443.387495,
        "bw_samples" : 2148,
        "iops_min" : 4366,
        "iops_max" : 1922891,
        "iops_mean" : 1157699.340782,
        "iops_stddev" : 146360.832746,
        "iops_samples" : 2148
      },
      "trim" : {
        "io_bytes" : 0,
        "io_kbytes" : 0,
        "bw_bytes" : 0,
        "bw" : 0,
        "iops" : 0.000000,
        "runtime" : 0,
        "total_ios" : 0,
        "short_ios" : 0,
        "drop_ios" : 0,
        "slat_ns" : {
          "min" : 0,
          "max" : 0,
          "mean" : 0.000000,
          "stddev" : 0.000000,
          "N" : 0
        },
        "clat_ns" : {
          "min" : 0,
          "max" : 0,
          "mean" : 0.000000,
          "stddev" : 0.000000,
          "N" : 0
        },
        "lat_ns" : {
          "min" : 0,
          "max" : 0,
          "mean" : 0.000000,
          "stddev" : 0.000000,
          "N" : 0
        },
        "bw_min" : 0,
        "bw_max" : 0,
        "bw_agg" : 0.000000,
        "bw_mean" : 0.000000,
        "bw_dev" : 0.000000,
        "bw_samples" : 0,
        "iops_min" : 0,
        "iops_max" : 0,
        "iops_mean" : 0.000000,
        "iops_stddev" : 0.000000,
        "iops_samples" : 0
      },
      "sync" : {
        "total_ios" : 0,
        "lat_ns" : {
          "min" : 0,
          "max" : 0,
          "mean" : 0.000000,
          "stddev" : 0.000000,
          "N" : 0
        }
      },
      "job_runtime" : 11520007,
      "usr_cpu" : 90.939433,
      "sys_cpu" : 6.728164,
      "ctx" : 488987,
      "majf" : 196244,
      "minf" : 10888831,
      "iodepth_level" : {
        "1" : 100.000000,
        "2" : 0.000000,
        "4" : 0.000000,
        "8" : 0.000000,
        "16" : 0.000000,
        "32" : 0.000000,
        ">=64" : 0.000000
      },
      "iodepth_submit" : {
        "0" : 0.000000,
        "4" : 100.000000,
        "8" : 0.000000,
        "16" : 0.000000,
        "32" : 0.000000,
        "64" : 0.000000,
        ">=64" : 0.000000
      },
      "iodepth_complete" : {
        "0" : 0.000000,
        "4" : 100.000000,
        "8" : 0.000000,
        "16" : 0.000000,
        "32" : 0.000000,
        "64" : 0.000000,
        ">=64" : 0.000000
      },
      "latency_ns" : {
        "2" : 0.000000,
        "4" : 0.000000,
        "10" : 0.000000,
        "20" : 0.000000,
        "50" : 0.000000,
        "100" : 0.000000,
        "250" : 0.029619,
        "500" : 0.464290,
        "750" : 4.377417,
        "1000" : 6.868793
      },
      "latency_us" : {
        "2" : 38.683437,
        "4" : 46.557337,
        "10" : 2.682559,
        "20" : 0.048338,
        "50" : 0.014846,
        "100" : 0.256723,
        "250" : 0.010960,
        "500" : 0.010000,
        "750" : 0.010000,
        "1000" : 0.010000
      },
      "latency_ms" : {
        "2" : 0.010000,
        "4" : 0.010000,
        "10" : 0.010000,
        "20" : 0.010000,
        "50" : 0.000000,
        "100" : 0.000000,
        "250" : 0.000000,
        "500" : 0.000000,
        "750" : 0.000000,
        "1000" : 0.000000,
        "2000" : 0.000000,
        ">=2000" : 0.000000
      },
      "latency_depth" : 1,
      "latency_target" : 0,
      "latency_percentile" : 100.000000,
      "latency_window" : 0
    }
  ],
  "disk_util" : [
    {
      "name" : "sda",
      "read_ios" : 196192,
      "write_ios" : 169518,
      "read_sectors" : 1571216,
      "write_sectors" : 4528328,
      "read_merges" : 210,
      "write_merges" : 2422,
      "read_ticks" : 147855,
      "write_ticks" : 5242010,
      "in_queue" : 5389871,
      "util" : 4.196559
    }
  ]
}
