{
  "fio version" : "fio-3.40",
  "timestamp" : 1770007035,
  "timestamp_ms" : 1770007035782,
  "time" : "Mon Feb  2 05:37:15 2026",
  "global options" : {
    "group_reporting" : "",
    "ioengine" : "mmap",
    "size" : "768m",
    "thread" : "1",
    "directory" : "/tmp",
    "time_based" : "",
    "runtime" : "180",
    "norandommap" : "1",
    "filename" : "/tmp/fio_readwrite",
    "share_mmap" : "1",
    "repl" : "1"
  },
  "jobs" : [
    {
      "jobname" : "writers",
      "groupid" : 0,
      "job_start" : 1770006855531,
      "error" : 0,
      "eta" : 0,
      "elapsed" : 181,
      "job options" : {
        "rw" : "randread",
        "random_distribution" : "random",
        "numjobs" : "45"
      },
      "read" : {
        "io_bytes" : 8828627656704,
        "io_kbytes" : 8621706696,
        "bw_bytes" : 49047386455,
        "bw" : 47897838,
        "iops" : 11974459.583782,
        "runtime" : 180002,
        "total_ios" : 2155426674,
        "short_ios" : 0,
        "drop_ios" : 0,
        "slat_ns" : {
          "min" : 0,
          "max" : 0,
          "mean" : 0.000000,
          "stddev" : 0.000000,
          "N" : 0
        },
        "clat_ns" : {
          "min" : 97,
          "max" : 120081322,
          "mean" : 3065.213712,
          "stddev" : 18174.965560,
          "N" : 2155426674,
          "percentile" : {
            "1.000000" : 1064,
            "5.000000" : 1640,
            "10.000000" : 1912,
            "20.000000" : 2224,
            "30.000000" : 2480,
            "40.000000" : 2672,
            "50.000000" : 2864,
            "60.000000" : 3088,
            "70.000000" : 3280,
            "80.000000" : 3568,
            "90.000000" : 3952,
            "95.000000" : 4320,
            "99.000000" : 5344,
            "99.500000" : 6048,
            "99.900000" : 18048,
            "99.950000" : 19072,
            "99.990000" : 34560
          }
        },
        "lat_ns" : {
          "min" : 124,
          "max" : 120081357,
          "mean" : 3132.151651,
          "stddev" : 18276.546193,
          "N" : 2155426674
        },
        "bw_min" : 30520,
        "bw_max" : 74085135,
        "bw_agg" : 100.000000,
        "bw_mean" : 48618723.166667,
        "bw_dev" : 190972.011340,
        "bw_samples" : 15930,
        "iops_min" : 7630,
        "iops_max" : 18521265,
        "iops_mean" : 12154672.463277,
        "iops_stddev" : 47742.978244,
        "iops_samples" : 15930
      },
      "write" : {
        "io_bytes" : 3501780746240,
        "io_kbytes" : 3419707760,
        "bw_bytes" : 19454121322,
        "bw" : 18998165,
        "iops" : 4749541.338430,
        "runtime" : 180002,
        "total_ios" : 854926940,
        "short_ios" : 0,
        "drop_ios" : 0,
        "slat_ns" : {
          "min" : 0,
          "max" : 0,
          "mean" : 0.000000,
          "stddev" : 0.000000,
          "N" : 0
        },
        "clat_ns" : {
          "min" : 96,
          "max" : 85427531,
          "mean" : 3117.417839,
          "stddev" : 18124.640022,
          "N" : 854926940,
          "percentile" : {
            "1.000000" : 1032,
            "5.000000" : 1544,
            "10.000000" : 1832,
            "20.000000" : 2192,
            "30.000000" : 2448,
            "40.000000" : 2640,
            "50.000000" : 2864,
            "60.000000" : 3056,
            "70.000000" : 3280,
            "80.000000" : 3536,
            "90.000000" : 3952,
            "95.000000" : 4320,
            "99.000000" : 5536,
            "99.500000" : 11840,
            "99.900000" : 27776,
            "99.950000" : 67072,
            "99.990000" : 164864
          }
        },
        "lat_ns" : {
          "min" : 134,
          "max" : 85427576,
          "mean" : 3212.423215,
          "stddev" : 18283.991517,
          "N" : 854926940
        },
        "bw_min" : 12824,
        "bw_max" : 24366651,
        "bw_agg" : 100.000000,
        "bw_mean" : 19283996.451977,
        "bw_dev" : 168552.147763,
        "bw_samples" : 6726,
        "iops_min" : 3206,
        "iops_max" : 6091660,
        "iops_mean" : 4820995.661017,
        "iops_stddev" : 42138.021842,
        "iops_samples" : 6726
      },
      "trim" : {
        "io_bytes" : 0,
        "io_kbytes" : 0,
        "bw_bytes" : 0,
        "bw" : 0,
        "iops" : 0.000000,
        "runtime" : 0,
        "total_ios" : 0,
        "short_ios" : 0,
        "drop_ios" : 0,
        "slat_ns" : {
          "min" : 0,
          "max" : 0,
          "mean" : 0.000000,
          "stddev" : 0.000000,
          "N" : 0
        },
        "clat_ns" : {
          "min" : 0,
          "max" : 0,
          "mean" : 0.000000,
          "stddev" : 0.000000,
          "N" : 0
        },
        "lat_ns" : {
          "min" : 0,
          "max" : 0,
          "mean" : 0.000000,
          "stddev" : 0.000000,
          "N" : 0
        },
        "bw_min" : 0,
        "bw_max" : 0,
        "bw_agg" : 0.000000,
        "bw_mean" : 0.000000,
        "bw_dev" : 0.000000,
        "bw_samples" : 0,
        "iops_min" : 0,
        "iops_max" : 0,
        "iops_mean" : 0.000000,
        "iops_stddev" : 0.000000,
        "iops_samples" : 0
      },
      "sync" : {
        "total_ios" : 0,
        "lat_ns" : {
          "min" : 0,
          "max" : 0,
          "mean" : 0.000000,
          "stddev" : 0.000000,
          "N" : 0
        }
      },
      "job_runtime" : 11520006,
      "usr_cpu" : 94.407876,
      "sys_cpu" : 0.767257,
      "ctx" : 1185560,
      "majf" : 196612,
      "minf" : 2590916,
      "iodepth_level" : {
        "1" : 100.000000,
        "2" : 0.000000,
        "4" : 0.000000,
        "8" : 0.000000,
        "16" : 0.000000,
        "32" : 0.000000,
        ">=64" : 0.000000
      },
      "iodepth_submit" : {
        "0" : 0.000000,
        "4" : 100.000000,
        "8" : 0.000000,
        "16" : 0.000000,
        "32" : 0.000000,
        "64" : 0.000000,
        ">=64" : 0.000000
      },
      "iodepth_complete" : {
        "0" : 0.000000,
        "4" : 100.000000,
        "8" : 0.000000,
        "16" : 0.000000,
        "32" : 0.000000,
        "64" : 0.000000,
        ">=64" : 0.000000
      },
      "latency_ns" : {
        "2" : 0.000000,
        "4" : 0.000000,
        "10" : 0.000000,
        "20" : 0.000000,
        "50" : 0.000000,
        "100" : 0.010000,
        "250" : 0.041394,
        "500" : 0.069846,
        "750" : 0.227967,
        "1000" : 0.502619
      },
      "latency_us" : {
        "2" : 12.013940,
        "4" : 77.974565,
        "10" : 8.787311,
        "20" : 0.306125,
        "50" : 0.049212,
        "100" : 0.016675,
        "250" : 0.010000,
        "500" : 0.010000,
        "750" : 0.010000,
        "1000" : 0.010000
      },
      "latency_ms" : {
        "2" : 0.010000,
        "4" : 0.010000,
        "10" : 0.010000,
        "20" : 0.010000,
        "50" : 0.010000,
        "100" : 0.010000,
        "250" : 0.010000,
        "500" : 0.000000,
        "750" : 0.000000,
        "1000" : 0.000000,
        "2000" : 0.000000,
        ">=2000" : 0.000000
      },
      "latency_depth" : 1,
      "latency_target" : 0,
      "latency_percentile" : 100.000000,
      "latency_window" : 0
    }
  ],
  "disk_util" : [
    {
      "name" : "sda",
      "read_ios" : 196640,
      "write_ios" : 201111,
      "read_sectors" : 1576936,
      "write_sectors" : 20915440,
      "read_merges" : 354,
      "write_merges" : 17476,
      "read_ticks" : 212991,
      "write_ticks" : 10556317,
      "in_queue" : 10769316,
      "util" : 13.334669
    }
  ]
}
