{
  "fio version" : "fio-3.40",
  "timestamp" : 1770008482,
  "timestamp_ms" : 1770008482242,
  "time" : "Mon Feb  2 06:01:22 2026",
  "global options" : {
    "group_reporting" : "",
    "ioengine" : "mmap",
    "size" : "768m",
    "thread" : "1",
    "directory" : "/tmp",
    "time_based" : "",
    "runtime" : "180",
    "norandommap" : "1",
    "filename" : "/tmp/fio_readwrite",
    "share_mmap" : "1",
    "repl" : "1"
  },
  "jobs" : [
    {
      "jobname" : "writers",
      "groupid" : 0,
      "job_start" : 1770008302224,
      "error" : 0,
      "eta" : 0,
      "elapsed" : 181,
      "job options" : {
        "rw" : "randread",
        "random_distribution" : "random",
        "numjobs" : "19"
      },
      "read" : {
        "io_bytes" : 3128481693696,
        "io_kbytes" : 3055157904,
        "bw_bytes" : 17380260739,
        "bw" : 16972910,
        "iops" : 4243227.719692,
        "runtime" : 180002,
        "total_ios" : 763789476,
        "short_ios" : 0,
        "drop_ios" : 0,
        "slat_ns" : {
          "min" : 0,
          "max" : 0,
          "mean" : 0.000000,
          "stddev" : 0.000000,
          "N" : 0
        },
        "clat_ns" : {
          "min" : 96,
          "max" : 52038607,
          "mean" : 3485.594372,
          "stddev" : 14637.647117,
          "N" : 763789476,
          "percentile" : {
            "1.000000" : 1128,
            "5.000000" : 1752,
            "10.000000" : 2096,
            "20.000000" : 2512,
            "30.000000" : 2832,
            "40.000000" : 3088,
            "50.000000" : 3312,
            "60.000000" : 3568,
            "70.000000" : 3824,
            "80.000000" : 4192,
            "90.000000" : 4640,
            "95.000000" : 5088,
            "99.000000" : 6240,
            "99.500000" : 6880,
            "99.900000" : 17280,
            "99.950000" : 20608,
            "99.990000" : 129536
          }
        },
        "lat_ns" : {
          "min" : 124,
          "max" : 52038641,
          "mean" : 3573.458271,
          "stddev" : 14742.926814,
          "N" : 763789476
        },
        "bw_min" : 48952,
        "bw_max" : 20653075,
        "bw_agg" : 100.000000,
        "bw_mean" : 17177929.279661,
        "bw_dev" : 134173.764694,
        "bw_samples" : 6726,
        "iops_min" : 12238,
        "iops_max" : 5163260,
        "iops_mean" : 4294477.409605,
        "iops_stddev" : 33543.415089,
        "iops_samples" : 6726
      },
      "write" : {
        "io_bytes" : 7473593634816,
        "io_kbytes" : 7298431284,
        "bw_bytes" : 41519272649,
        "bw" : 40546164,
        "iops" : 10136541.174314,
        "runtime" : 180003,
        "total_ios" : 1824607821,
        "short_ios" : 0,
        "drop_ios" : 0,
        "slat_ns" : {
          "min" : 0,
          "max" : 0,
          "mean" : 0.000000,
          "stddev" : 0.000000,
          "N" : 0
        },
        "clat_ns" : {
          "min" : 96,
          "max" : 63529233,
          "mean" : 3311.103422,
          "stddev" : 15484.102892,
          "N" : 1824607821,
          "percentile" : {
            "1.000000" : 1032,
            "5.000000" : 1544,
            "10.000000" : 1880,
            "20.000000" : 2288,
            "30.000000" : 2576,
            "40.000000" : 2832,
            "50.000000" : 3088,
            "60.000000" : 3312,
            "70.000000" : 3600,
            "80.000000" : 3920,
            "90.000000" : 4384,
            "95.000000" : 4832,
            "99.000000" : 5984,
            "99.500000" : 6816,
            "99.900000" : 28800,
            "99.950000" : 82432,
            "99.990000" : 230400
          }
        },
        "lat_ns" : {
          "min" : 135,
          "max" : 68039430,
          "mean" : 3428.532212,
          "stddev" : 15799.855034,
          "N" : 1824607821
        },
        "bw_min" : 116976,
        "bw_max" : 49385198,
        "bw_agg" : 100.000000,
        "bw_mean" : 41035615.881356,
        "bw_dev" : 134732.457802,
        "bw_samples" : 15930,
        "iops_min" : 29244,
        "iops_max" : 12346300,
        "iops_mean" : 10258893.556497,
        "iops_stddev" : 33683.093899,
        "iops_samples" : 15930
      },
      "trim" : {
        "io_bytes" : 0,
        "io_kbytes" : 0,
        "bw_bytes" : 0,
        "bw" : 0,
        "iops" : 0.000000,
        "runtime" : 0,
        "total_ios" : 0,
        "short_ios" : 0,
        "drop_ios" : 0,
        "slat_ns" : {
          "min" : 0,
          "max" : 0,
          "mean" : 0.000000,
          "stddev" : 0.000000,
          "N" : 0
        },
        "clat_ns" : {
          "min" : 0,
          "max" : 0,
          "mean" : 0.000000,
          "stddev" : 0.000000,
          "N" : 0
        },
        "lat_ns" : {
          "min" : 0,
          "max" : 0,
          "mean" : 0.000000,
          "stddev" : 0.000000,
          "N" : 0
        },
        "bw_min" : 0,
        "bw_max" : 0,
        "bw_agg" : 0.000000,
        "bw_mean" : 0.000000,
        "bw_dev" : 0.000000,
        "bw_samples" : 0,
        "iops_min" : 0,
        "iops_max" : 0,
        "iops_mean" : 0.000000,
        "iops_stddev" : 0.000000,
        "iops_samples" : 0
      },
      "sync" : {
        "total_ios" : 0,
        "lat_ns" : {
          "min" : 0,
          "max" : 0,
          "mean" : 0.000000,
          "stddev" : 0.000000,
          "N" : 0
        }
      },
      "job_runtime" : 11520023,
      "usr_cpu" : 95.059359,
      "sys_cpu" : 1.172819,
      "ctx" : 987341,
      "majf" : 196629,
      "minf" : 2146394,
      "iodepth_level" : {
        "1" : 100.000000,
        "2" : 0.000000,
        "4" : 0.000000,
        "8" : 0.000000,
        "16" : 0.000000,
        "32" : 0.000000,
        ">=64" : 0.000000
      },
      "iodepth_submit" : {
        "0" : 0.000000,
        "4" : 100.000000,
        "8" : 0.000000,
        "16" : 0.000000,
        "32" : 0.000000,
        "64" : 0.000000,
        ">=64" : 0.000000
      },
      "iodepth_complete" : {
        "0" : 0.000000,
        "4" : 100.000000,
        "8" : 0.000000,
        "16" : 0.000000,
        "32" : 0.000000,
        "64" : 0.000000,
        ">=64" : 0.000000
      },
      "latency_ns" : {
        "2" : 0.000000,
        "4" : 0.000000,
        "10" : 0.000000,
        "20" : 0.000000,
        "50" : 0.000000,
        "100" : 0.010000,
        "250" : 0.037170,
        "500" : 0.035689,
        "750" : 0.157463,
        "1000" : 0.551048
      },
      "latency_us" : {
        "2" : 10.396673,
        "4" : 68.795389,
        "10" : 19.813432,
        "20" : 0.089270,
        "50" : 0.074106,
        "100" : 0.022485,
        "250" : 0.017779,
        "500" : 0.010000,
        "750" : 0.010000,
        "1000" : 0.010000
      },
      "latency_ms" : {
        "2" : 0.010000,
        "4" : 0.010000,
        "10" : 0.010000,
        "20" : 0.010000,
        "50" : 0.010000,
        "100" : 0.010000,
        "250" : 0.000000,
        "500" : 0.000000,
        "750" : 0.000000,
        "1000" : 0.000000,
        "2000" : 0.000000,
        ">=2000" : 0.000000
      },
      "latency_depth" : 1,
      "latency_target" : 0,
      "latency_percentile" : 100.000000,
      "latency_window" : 0
    }
  ],
  "disk_util" : [
    {
      "name" : "sda",
      "read_ios" : 196571,
      "write_ios" : 151713,
      "read_sectors" : 1574256,
      "write_sectors" : 17699368,
      "read_merges" : 211,
      "write_merges" : 14187,
      "read_ticks" : 157754,
      "write_ticks" : 8936722,
      "in_queue" : 9094485,
      "util" : 11.196978
    }
  ]
}
