{
  "fio version" : "fio-3.40",
  "timestamp" : 1770006132,
  "timestamp_ms" : 1770006132134,
  "time" : "Mon Feb  2 05:22:12 2026",
  "global options" : {
    "group_reporting" : "",
    "ioengine" : "mmap",
    "size" : "768m",
    "thread" : "1",
    "directory" : "/tmp",
    "time_based" : "",
    "runtime" : "180",
    "norandommap" : "1",
    "filename" : "/tmp/fio_readwrite",
    "share_mmap" : "1",
    "repl" : "1"
  },
  "jobs" : [
    {
      "jobname" : "writers",
      "groupid" : 0,
      "job_start" : 1770005951921,
      "error" : 0,
      "eta" : 0,
      "elapsed" : 181,
      "job options" : {
        "rw" : "randread",
        "random_distribution" : "random",
        "numjobs" : "54"
      },
      "read" : {
        "io_bytes" : 13059358003200,
        "io_kbytes" : 12753279300,
        "bw_bytes" : 72550779727,
        "bw" : 70850370,
        "iops" : 17712592.706788,
        "runtime" : 180003,
        "total_ios" : 3188319825,
        "short_ios" : 0,
        "drop_ios" : 0,
        "slat_ns" : {
          "min" : 0,
          "max" : 0,
          "mean" : 0.000000,
          "stddev" : 0.000000,
          "N" : 0
        },
        "clat_ns" : {
          "min" : 97,
          "max" : 84036757,
          "mean" : 2418.233719,
          "stddev" : 12057.930374,
          "N" : 3188319825,
          "percentile" : {
            "1.000000" : 1020,
            "5.000000" : 1384,
            "10.000000" : 1576,
            "20.000000" : 1800,
            "30.000000" : 1976,
            "40.000000" : 2128,
            "50.000000" : 2256,
            "60.000000" : 2416,
            "70.000000" : 2576,
            "80.000000" : 2800,
            "90.000000" : 3120,
            "95.000000" : 3472,
            "99.000000" : 4320,
            "99.500000" : 4896,
            "99.900000" : 17024,
            "99.950000" : 18048,
            "99.990000" : 27008
          }
        },
        "lat_ns" : {
          "min" : 125,
          "max" : 84036791,
          "mean" : 2483.269038,
          "stddev" : 12146.451185,
          "N" : 3188319825
        },
        "bw_min" : 37120,
        "bw_max" : 80490633,
        "bw_agg" : 100.000000,
        "bw_mean" : 71920362.194915,
        "bw_dev" : 198250.431503,
        "bw_samples" : 19116,
        "iops_min" : 9280,
        "iops_max" : 20122653,
        "iops_mean" : 17980080.923729,
        "iops_stddev" : 49562.590204,
        "iops_samples" : 19116
      },
      "write" : {
        "io_bytes" : 2295062835200,
        "io_kbytes" : 2241272300,
        "bw_bytes" : 12750065749,
        "bw" : 12451236,
        "iops" : 3112809.020911,
        "runtime" : 180004,
        "total_ios" : 560318075,
        "short_ios" : 0,
        "drop_ios" : 0,
        "slat_ns" : {
          "min" : 0,
          "max" : 0,
          "mean" : 0.000000,
          "stddev" : 0.000000,
          "N" : 0
        },
        "clat_ns" : {
          "min" : 100,
          "max" : 8042190,
          "mean" : 2516.571005,
          "stddev" : 12799.986314,
          "N" : 560318075,
          "percentile" : {
            "1.000000" : 1080,
            "5.000000" : 1416,
            "10.000000" : 1592,
            "20.000000" : 1816,
            "30.000000" : 1992,
            "40.000000" : 2128,
            "50.000000" : 2288,
            "60.000000" : 2448,
            "70.000000" : 2608,
            "80.000000" : 2800,
            "90.000000" : 3120,
            "95.000000" : 3408,
            "99.000000" : 4576,
            "99.500000" : 11968,
            "99.900000" : 22400,
            "99.950000" : 52992,
            "99.990000" : 89600
          }
        },
        "lat_ns" : {
          "min" : 140,
          "max" : 8042237,
          "mean" : 2598.393382,
          "stddev" : 12914.503517,
          "N" : 560318075
        },
        "bw_min" : 6688,
        "bw_max" : 13872313,
        "bw_agg" : 100.000000,
        "bw_mean" : 12639771.632768,
        "bw_dev" : 190981.045685,
        "bw_samples" : 3540,
        "iops_min" : 1672,
        "iops_max" : 3468077,
        "iops_mean" : 3159941.127119,
        "iops_stddev" : 47745.243125,
        "iops_samples" : 3540
      },
      "trim" : {
        "io_bytes" : 0,
        "io_kbytes" : 0,
        "bw_bytes" : 0,
        "bw" : 0,
        "iops" : 0.000000,
        "runtime" : 0,
        "total_ios" : 0,
        "short_ios" : 0,
        "drop_ios" : 0,
        "slat_ns" : {
          "min" : 0,
          "max" : 0,
          "mean" : 0.000000,
          "stddev" : 0.000000,
          "N" : 0
        },
        "clat_ns" : {
          "min" : 0,
          "max" : 0,
          "mean" : 0.000000,
          "stddev" : 0.000000,
          "N" : 0
        },
        "lat_ns" : {
          "min" : 0,
          "max" : 0,
          "mean" : 0.000000,
          "stddev" : 0.000000,
          "N" : 0
        },
        "bw_min" : 0,
        "bw_max" : 0,
        "bw_agg" : 0.000000,
        "bw_mean" : 0.000000,
        "bw_dev" : 0.000000,
        "bw_samples" : 0,
        "iops_min" : 0,
        "iops_max" : 0,
        "iops_mean" : 0.000000,
        "iops_stddev" : 0.000000,
        "iops_samples" : 0
      },
      "sync" : {
        "total_ios" : 0,
        "lat_ns" : {
          "min" : 0,
          "max" : 0,
          "mean" : 0.000000,
          "stddev" : 0.000000,
          "N" : 0
        }
      },
      "job_runtime" : 11520023,
      "usr_cpu" : 95.488099,
      "sys_cpu" : 0.484574,
      "ctx" : 1009249,
      "majf" : 196613,
      "minf" : 2461473,
      "iodepth_level" : {
        "1" : 100.000000,
        "2" : 0.000000,
        "4" : 0.000000,
        "8" : 0.000000,
        "16" : 0.000000,
        "32" : 0.000000,
        ">=64" : 0.000000
      },
      "iodepth_submit" : {
        "0" : 0.000000,
        "4" : 100.000000,
        "8" : 0.000000,
        "16" : 0.000000,
        "32" : 0.000000,
        "64" : 0.000000,
        ">=64" : 0.000000
      },
      "iodepth_complete" : {
        "0" : 0.000000,
        "4" : 100.000000,
        "8" : 0.000000,
        "16" : 0.000000,
        "32" : 0.000000,
        "64" : 0.000000,
        ">=64" : 0.000000
      },
      "latency_ns" : {
        "2" : 0.000000,
        "4" : 0.000000,
        "10" : 0.000000,
        "20" : 0.000000,
        "50" : 0.000000,
        "100" : 0.010000,
        "250" : 0.040137,
        "500" : 0.038278,
        "750" : 0.147394,
        "1000" : 0.654913
      },
      "latency_us" : {
        "2" : 30.819601,
        "4" : 66.492125,
        "10" : 1.493887,
        "20" : 0.279913,
        "50" : 0.019354,
        "100" : 0.010000,
        "250" : 0.010000,
        "500" : 0.010000,
        "750" : 0.010000,
        "1000" : 0.010000
      },
      "latency_ms" : {
        "2" : 0.010000,
        "4" : 0.010000,
        "10" : 0.010000,
        "20" : 0.000000,
        "50" : 0.010000,
        "100" : 0.010000,
        "250" : 0.000000,
        "500" : 0.000000,
        "750" : 0.000000,
        "1000" : 0.000000,
        "2000" : 0.000000,
        ">=2000" : 0.000000
      },
      "latency_depth" : 1,
      "latency_target" : 0,
      "latency_percentile" : 100.000000,
      "latency_window" : 0
    }
  ],
  "disk_util" : [
    {
      "name" : "sda",
      "read_ios" : 196655,
      "write_ios" : 162604,
      "read_sectors" : 1578984,
      "write_sectors" : 19869024,
      "read_merges" : 384,
      "write_merges" : 14393,
      "read_ticks" : 181697,
      "write_ticks" : 88165423,
      "in_queue" : 88347128,
      "util" : 12.564967
    }
  ]
}
