{
  "fio version" : "fio-3.40",
  "timestamp" : 1772068237,
  "timestamp_ms" : 1772068237735,
  "time" : "Thu Feb 26 02:10:37 2026",
  "global options" : {
    "group_reporting" : "",
    "ioengine" : "mmap",
    "size" : "768m",
    "thread" : "1",
    "directory" : "/tmp",
    "time_based" : "",
    "runtime" : "210",
    "norandommap" : "1",
    "filename" : "/tmp/fio_readwrite",
    "share_mmap" : "1",
    "repl" : "1"
  },
  "jobs" : [
    {
      "jobname" : "writers",
      "groupid" : 0,
      "job_start" : 1772068027629,
      "error" : 0,
      "eta" : 0,
      "elapsed" : 211,
      "job options" : {
        "rw" : "randread",
        "random_distribution" : "random",
        "numjobs" : "19"
      },
      "read" : {
        "io_bytes" : 3951444955136,
        "io_kbytes" : 3858832964,
        "bw_bytes" : 18816225346,
        "bw" : 18375220,
        "iops" : 4593805.016143,
        "runtime" : 210002,
        "total_ios" : 964708241,
        "short_ios" : 0,
        "drop_ios" : 0,
        "slat_ns" : {
          "min" : 0,
          "max" : 0,
          "mean" : 0.000000,
          "stddev" : 0.000000,
          "N" : 0
        },
        "clat_ns" : {
          "min" : 99,
          "max" : 8059175,
          "mean" : 3284.274491,
          "stddev" : 6813.312028,
          "N" : 964708241,
          "percentile" : {
            "1.000000" : 1032,
            "5.000000" : 1624,
            "10.000000" : 1960,
            "20.000000" : 2352,
            "30.000000" : 2640,
            "40.000000" : 2896,
            "50.000000" : 3120,
            "60.000000" : 3312,
            "70.000000" : 3568,
            "80.000000" : 3824,
            "90.000000" : 4256,
            "95.000000" : 4640,
            "99.000000" : 5536,
            "99.500000" : 6176,
            "99.900000" : 77312,
            "99.950000" : 92672,
            "99.990000" : 181248
          }
        },
        "lat_ns" : {
          "min" : 127,
          "max" : 8059208,
          "mean" : 3359.793401,
          "stddev" : 6832.103573,
          "N" : 964708241
        },
        "bw_min" : 128579,
        "bw_max" : 22294332,
        "bw_agg" : 100.000000,
        "bw_mean" : 18602683.488993,
        "bw_dev" : 176877.715640,
        "bw_samples" : 7851,
        "iops_min" : 32144,
        "iops_max" : 5573585,
        "iops_mean" : 4650667.617919,
        "iops_stddev" : 44219.405364,
        "iops_samples" : 7851
      },
      "write" : {
        "io_bytes" : 9210004373504,
        "io_kbytes" : 8994144896,
        "bw_bytes" : 43856746000,
        "bw" : 42828853,
        "iops" : 10707213.378920,
        "runtime" : 210002,
        "total_ios" : 2248536224,
        "short_ios" : 0,
        "drop_ios" : 0,
        "slat_ns" : {
          "min" : 0,
          "max" : 0,
          "mean" : 0.000000,
          "stddev" : 0.000000,
          "N" : 0
        },
        "clat_ns" : {
          "min" : 96,
          "max" : 16040777,
          "mean" : 3093.709768,
          "stddev" : 7308.634873,
          "N" : 2248536224,
          "percentile" : {
            "1.000000" : 1080,
            "5.000000" : 1544,
            "10.000000" : 1832,
            "20.000000" : 2160,
            "30.000000" : 2416,
            "40.000000" : 2640,
            "50.000000" : 2864,
            "60.000000" : 3088,
            "70.000000" : 3344,
            "80.000000" : 3632,
            "90.000000" : 4048,
            "95.000000" : 4384,
            "99.000000" : 5216,
            "99.500000" : 5664,
            "99.900000" : 76288,
            "99.950000" : 142336,
            "99.990000" : 211968
          }
        },
        "lat_ns" : {
          "min" : 134,
          "max" : 16040829,
          "mean" : 3210.600224,
          "stddev" : 7349.385363,
          "N" : 2248536224
        },
        "bw_min" : 317202,
        "bw_max" : 46704169,
        "bw_agg" : 100.000000,
        "bw_mean" : 43365923.934935,
        "bw_dev" : 186213.911671,
        "bw_samples" : 18591,
        "iops_min" : 79300,
        "iops_max" : 11676035,
        "iops_mean" : 10841471.991654,
        "iops_stddev" : 46553.450384,
        "iops_samples" : 18591
      },
      "trim" : {
        "io_bytes" : 0,
        "io_kbytes" : 0,
        "bw_bytes" : 0,
        "bw" : 0,
        "iops" : 0.000000,
        "runtime" : 0,
        "total_ios" : 0,
        "short_ios" : 0,
        "drop_ios" : 0,
        "slat_ns" : {
          "min" : 0,
          "max" : 0,
          "mean" : 0.000000,
          "stddev" : 0.000000,
          "N" : 0
        },
        "clat_ns" : {
          "min" : 0,
          "max" : 0,
          "mean" : 0.000000,
          "stddev" : 0.000000,
          "N" : 0
        },
        "lat_ns" : {
          "min" : 0,
          "max" : 0,
          "mean" : 0.000000,
          "stddev" : 0.000000,
          "N" : 0
        },
        "bw_min" : 0,
        "bw_max" : 0,
        "bw_agg" : 0.000000,
        "bw_mean" : 0.000000,
        "bw_dev" : 0.000000,
        "bw_samples" : 0,
        "iops_min" : 0,
        "iops_max" : 0,
        "iops_mean" : 0.000000,
        "iops_stddev" : 0.000000,
        "iops_samples" : 0
      },
      "sync" : {
        "total_ios" : 0,
        "lat_ns" : {
          "min" : 0,
          "max" : 0,
          "mean" : 0.000000,
          "stddev" : 0.000000,
          "N" : 0
        }
      },
      "job_runtime" : 13440010,
      "usr_cpu" : 94.692891,
      "sys_cpu" : 4.510689,
      "ctx" : 309713,
      "majf" : 127133,
      "minf" : 4051541,
      "iodepth_level" : {
        "1" : 100.000000,
        "2" : 0.000000,
        "4" : 0.000000,
        "8" : 0.000000,
        "16" : 0.000000,
        "32" : 0.000000,
        ">=64" : 0.000000
      },
      "iodepth_submit" : {
        "0" : 0.000000,
        "4" : 100.000000,
        "8" : 0.000000,
        "16" : 0.000000,
        "32" : 0.000000,
        "64" : 0.000000,
        ">=64" : 0.000000
      },
      "iodepth_complete" : {
        "0" : 0.000000,
        "4" : 100.000000,
        "8" : 0.000000,
        "16" : 0.000000,
        "32" : 0.000000,
        "64" : 0.000000,
        ">=64" : 0.000000
      },
      "latency_ns" : {
        "2" : 0.000000,
        "4" : 0.000000,
        "10" : 0.000000,
        "20" : 0.000000,
        "50" : 0.000000,
        "100" : 0.010000,
        "250" : 0.036111,
        "500" : 0.029750,
        "750" : 0.156839,
        "1000" : 0.508651
      },
      "latency_us" : {
        "2" : 12.543896,
        "4" : 74.340872,
        "10" : 12.137924,
        "20" : 0.067043,
        "50" : 0.051707,
        "100" : 0.068817,
        "250" : 0.052704,
        "500" : 0.010000,
        "750" : 0.010000,
        "1000" : 0.010000
      },
      "latency_ms" : {
        "2" : 0.010000,
        "4" : 0.010000,
        "10" : 0.010000,
        "20" : 0.010000,
        "50" : 0.000000,
        "100" : 0.000000,
        "250" : 0.000000,
        "500" : 0.000000,
        "750" : 0.000000,
        "1000" : 0.000000,
        "2000" : 0.000000,
        ">=2000" : 0.000000
      },
      "latency_depth" : 1,
      "latency_target" : 0,
      "latency_percentile" : 100.000000,
      "latency_window" : 0
    }
  ],
  "disk_util" : [
    {
      "name" : "sdb",
      "read_ios" : 127120,
      "write_ios" : 19945,
      "read_sectors" : 1018056,
      "write_sectors" : 1746896,
      "read_merges" : 136,
      "write_merges" : 181,
      "read_ticks" : 64373,
      "write_ticks" : 8325392,
      "in_queue" : 8389773,
      "util" : 1.773908
    }
  ]
}
