{
  "fio version" : "fio-3.40",
  "timestamp" : 1764791417,
  "timestamp_ms" : 1764791417791,
  "time" : "Wed Dec  3 20:50:17 2025",
  "global options" : {
    "group_reporting" : "",
    "ioengine" : "mmap",
    "size" : "768m",
    "thread" : "1",
    "directory" : "/tmp",
    "time_based" : "",
    "runtime" : "180",
    "norandommap" : "1",
    "filename" : "/tmp/fio_readwrite",
    "share_mmap" : "1",
    "repl" : "1"
  },
  "jobs" : [
    {
      "jobname" : "writers",
      "groupid" : 0,
      "job_start" : 1764791237676,
      "error" : 0,
      "eta" : 0,
      "elapsed" : 181,
      "job options" : {
        "rw" : "randread",
        "random_distribution" : "random",
        "numjobs" : "54"
      },
      "read" : {
        "io_bytes" : 18300898783232,
        "io_kbytes" : 17871971468,
        "bw_bytes" : 101669965407,
        "bw" : 99287075,
        "iops" : 24821768.898296,
        "runtime" : 180003,
        "total_ios" : 4467992867,
        "short_ios" : 0,
        "drop_ios" : 0,
        "slat_ns" : {
          "min" : 0,
          "max" : 0,
          "mean" : 0.000000,
          "stddev" : 0.000000,
          "N" : 0
        },
        "clat_ns" : {
          "min" : 98,
          "max" : 93016064,
          "mean" : 1640.022343,
          "stddev" : 13758.835424,
          "N" : 4467992867,
          "percentile" : {
            "1.000000" : 454,
            "5.000000" : 510,
            "10.000000" : 548,
            "20.000000" : 636,
            "30.000000" : 724,
            "40.000000" : 820,
            "50.000000" : 916,
            "60.000000" : 1032,
            "70.000000" : 1160,
            "80.000000" : 1400,
            "90.000000" : 2544,
            "95.000000" : 3568,
            "99.000000" : 5344,
            "99.500000" : 56576,
            "99.900000" : 72192,
            "99.950000" : 79360,
            "99.990000" : 120320
          }
        },
        "lat_ns" : {
          "min" : 126,
          "max" : 111131741,
          "mean" : 1696.298936,
          "stddev" : 13990.012162,
          "N" : 4467992867
        },
        "bw_min" : 6361535,
        "bw_max" : 119005304,
        "bw_agg" : 100.000000,
        "bw_mean" : 100149288.678945,
        "bw_dev" : 270288.640939,
        "bw_samples" : 19243,
        "iops_min" : 1590380,
        "iops_max" : 29751318,
        "iops_mean" : 25037307.441536,
        "iops_stddev" : 67572.131549,
        "iops_samples" : 19243
      },
      "write" : {
        "io_bytes" : 110498856960,
        "io_kbytes" : 107909040,
        "bw_bytes" : 613875717,
        "bw" : 599488,
        "iops" : 149872.001422,
        "runtime" : 180002,
        "total_ios" : 26977260,
        "short_ios" : 0,
        "drop_ios" : 0,
        "slat_ns" : {
          "min" : 0,
          "max" : 0,
          "mean" : 0.000000,
          "stddev" : 0.000000,
          "N" : 0
        },
        "clat_ns" : {
          "min" : 117,
          "max" : 47125655,
          "mean" : 65802.581354,
          "stddev" : 65207.791749,
          "N" : 26977260,
          "percentile" : {
            "1.000000" : 38656,
            "5.000000" : 50432,
            "10.000000" : 52992,
            "20.000000" : 56064,
            "30.000000" : 58112,
            "40.000000" : 60160,
            "50.000000" : 62208,
            "60.000000" : 64256,
            "70.000000" : 67072,
            "80.000000" : 70144,
            "90.000000" : 75264,
            "95.000000" : 84480,
            "99.000000" : 127488,
            "99.500000" : 171008,
            "99.900000" : 585728,
            "99.950000" : 847872,
            "99.990000" : 2801664
          }
        },
        "lat_ns" : {
          "min" : 167,
          "max" : 47125721,
          "mean" : 65936.407212,
          "stddev" : 65234.102209,
          "N" : 26977260
        },
        "bw_min" : 56256,
        "bw_max" : 732976,
        "bw_agg" : 100.000000,
        "bw_mean" : 600180.844011,
        "bw_dev" : 7069.122607,
        "bw_samples" : 3590,
        "iops_min" : 14064,
        "iops_max" : 183244,
        "iops_mean" : 150042.743733,
        "iops_stddev" : 1767.257689,
        "iops_samples" : 3590
      },
      "trim" : {
        "io_bytes" : 0,
        "io_kbytes" : 0,
        "bw_bytes" : 0,
        "bw" : 0,
        "iops" : 0.000000,
        "runtime" : 0,
        "total_ios" : 0,
        "short_ios" : 0,
        "drop_ios" : 0,
        "slat_ns" : {
          "min" : 0,
          "max" : 0,
          "mean" : 0.000000,
          "stddev" : 0.000000,
          "N" : 0
        },
        "clat_ns" : {
          "min" : 0,
          "max" : 0,
          "mean" : 0.000000,
          "stddev" : 0.000000,
          "N" : 0
        },
        "lat_ns" : {
          "min" : 0,
          "max" : 0,
          "mean" : 0.000000,
          "stddev" : 0.000000,
          "N" : 0
        },
        "bw_min" : 0,
        "bw_max" : 0,
        "bw_agg" : 0.000000,
        "bw_mean" : 0.000000,
        "bw_dev" : 0.000000,
        "bw_samples" : 0,
        "iops_min" : 0,
        "iops_max" : 0,
        "iops_mean" : 0.000000,
        "iops_stddev" : 0.000000,
        "iops_samples" : 0
      },
      "sync" : {
        "total_ios" : 0,
        "lat_ns" : {
          "min" : 0,
          "max" : 0,
          "mean" : 0.000000,
          "stddev" : 0.000000,
          "N" : 0
        }
      },
      "job_runtime" : 11520007,
      "usr_cpu" : 67.848266,
      "sys_cpu" : 29.423289,
      "ctx" : 1070081,
      "majf" : 196633,
      "minf" : 53703174,
      "iodepth_level" : {
        "1" : 100.000000,
        "2" : 0.000000,
        "4" : 0.000000,
        "8" : 0.000000,
        "16" : 0.000000,
        "32" : 0.000000,
        ">=64" : 0.000000
      },
      "iodepth_submit" : {
        "0" : 0.000000,
        "4" : 100.000000,
        "8" : 0.000000,
        "16" : 0.000000,
        "32" : 0.000000,
        "64" : 0.000000,
        ">=64" : 0.000000
      },
      "iodepth_complete" : {
        "0" : 0.000000,
        "4" : 100.000000,
        "8" : 0.000000,
        "16" : 0.000000,
        "32" : 0.000000,
        "64" : 0.000000,
        ">=64" : 0.000000
      },
      "latency_ns" : {
        "2" : 0.000000,
        "4" : 0.000000,
        "10" : 0.000000,
        "20" : 0.000000,
        "50" : 0.000000,
        "100" : 0.010000,
        "250" : 0.049469,
        "500" : 4.031797,
        "750" : 28.111840,
        "1000" : 25.314679
      },
      "latency_us" : {
        "2" : 29.207219,
        "4" : 9.392777,
        "10" : 2.628957,
        "20" : 0.065670,
        "50" : 0.035683,
        "100" : 1.124358,
        "250" : 0.032402,
        "500" : 0.010000,
        "750" : 0.010000,
        "1000" : 0.010000
      },
      "latency_ms" : {
        "2" : 0.010000,
        "4" : 0.010000,
        "10" : 0.010000,
        "20" : 0.010000,
        "50" : 0.010000,
        "100" : 0.010000,
        "250" : 0.000000,
        "500" : 0.000000,
        "750" : 0.000000,
        "1000" : 0.000000,
        "2000" : 0.000000,
        ">=2000" : 0.000000
      },
      "latency_depth" : 1,
      "latency_target" : 0,
      "latency_percentile" : 100.000000,
      "latency_window" : 0
    }
  ],
  "disk_util" : [
    {
      "name" : "sda",
      "read_ios" : 196678,
      "write_ios" : 112298,
      "read_sectors" : 1580320,
      "write_sectors" : 25873288,
      "read_merges" : 237,
      "write_merges" : 611,
      "read_ticks" : 166363,
      "write_ticks" : 7440171,
      "in_queue" : 7606542,
      "util" : 18.363189
    }
  ]
}
