{
  "fio version" : "fio-3.40",
  "timestamp" : 1772059379,
  "timestamp_ms" : 1772059379013,
  "time" : "Wed Feb 25 23:42:59 2026",
  "global options" : {
    "group_reporting" : "",
    "ioengine" : "mmap",
    "size" : "768m",
    "thread" : "1",
    "directory" : "/tmp",
    "time_based" : "",
    "runtime" : "210",
    "norandommap" : "1",
    "filename" : "/tmp/fio_readwrite",
    "share_mmap" : "1",
    "repl" : "1"
  },
  "jobs" : [
    {
      "jobname" : "writers",
      "groupid" : 0,
      "job_start" : 1772059168890,
      "error" : 0,
      "eta" : 0,
      "elapsed" : 211,
      "job options" : {
        "rw" : "randread",
        "random_distribution" : "random",
        "numjobs" : "45"
      },
      "read" : {
        "io_bytes" : 12070529933312,
        "io_kbytes" : 11787626888,
        "bw_bytes" : 57477892855,
        "bw" : 56130754,
        "iops" : 14032688.685400,
        "runtime" : 210003,
        "total_ios" : 2946906722,
        "short_ios" : 0,
        "drop_ios" : 0,
        "slat_ns" : {
          "min" : 0,
          "max" : 0,
          "mean" : 0.000000,
          "stddev" : 0.000000,
          "N" : 0
        },
        "clat_ns" : {
          "min" : 99,
          "max" : 88171761,
          "mean" : 2546.923243,
          "stddev" : 8332.217908,
          "N" : 2946906722,
          "percentile" : {
            "1.000000" : 540,
            "5.000000" : 924,
            "10.000000" : 1368,
            "20.000000" : 1800,
            "30.000000" : 2040,
            "40.000000" : 2224,
            "50.000000" : 2416,
            "60.000000" : 2576,
            "70.000000" : 2768,
            "80.000000" : 2992,
            "90.000000" : 3344,
            "95.000000" : 3632,
            "99.000000" : 4576,
            "99.500000" : 5472,
            "99.900000" : 63744,
            "99.950000" : 76288,
            "99.990000" : 118272
          }
        },
        "lat_ns" : {
          "min" : 126,
          "max" : 88171792,
          "mean" : 2611.292935,
          "stddev" : 8347.161241,
          "N" : 2946906722
        },
        "bw_min" : 63992,
        "bw_max" : 71457450,
        "bw_agg" : 100.000000,
        "bw_mean" : 56863624.503632,
        "bw_dev" : 181360.781146,
        "bw_samples" : 18585,
        "iops_min" : 15998,
        "iops_max" : 17864347,
        "iops_mean" : 14215898.726392,
        "iops_stddev" : 45340.182441,
        "iops_samples" : 18585
      },
      "write" : {
        "io_bytes" : 4511877992448,
        "io_kbytes" : 4406130852,
        "bw_bytes" : 21484928679,
        "bw" : 20981375,
        "iops" : 5245343.915772,
        "runtime" : 210002,
        "total_ios" : 1101532713,
        "short_ios" : 0,
        "drop_ios" : 0,
        "slat_ns" : {
          "min" : 0,
          "max" : 0,
          "mean" : 0.000000,
          "stddev" : 0.000000,
          "N" : 0
        },
        "clat_ns" : {
          "min" : 98,
          "max" : 6016573,
          "mean" : 2834.706211,
          "stddev" : 9140.720289,
          "N" : 1101532713,
          "percentile" : {
            "1.000000" : 1096,
            "5.000000" : 1480,
            "10.000000" : 1688,
            "20.000000" : 1960,
            "30.000000" : 2160,
            "40.000000" : 2320,
            "50.000000" : 2480,
            "60.000000" : 2640,
            "70.000000" : 2832,
            "80.000000" : 3024,
            "90.000000" : 3312,
            "95.000000" : 3600,
            "99.000000" : 4576,
            "99.500000" : 15296,
            "99.900000" : 80384,
            "99.950000" : 91648,
            "99.990000" : 156672
          }
        },
        "lat_ns" : {
          "min" : 137,
          "max" : 6016735,
          "mean" : 2932.503431,
          "stddev" : 9154.808451,
          "N" : 1101532713
        },
        "bw_min" : 26384,
        "bw_max" : 23909267,
        "bw_agg" : 100.000000,
        "bw_mean" : 21250703.421308,
        "bw_dev" : 323544.742845,
        "bw_samples" : 7847,
        "iops_min" : 6596,
        "iops_max" : 5977313,
        "iops_mean" : 5312672.598063,
        "iops_stddev" : 80886.168836,
        "iops_samples" : 7847
      },
      "trim" : {
        "io_bytes" : 0,
        "io_kbytes" : 0,
        "bw_bytes" : 0,
        "bw" : 0,
        "iops" : 0.000000,
        "runtime" : 0,
        "total_ios" : 0,
        "short_ios" : 0,
        "drop_ios" : 0,
        "slat_ns" : {
          "min" : 0,
          "max" : 0,
          "mean" : 0.000000,
          "stddev" : 0.000000,
          "N" : 0
        },
        "clat_ns" : {
          "min" : 0,
          "max" : 0,
          "mean" : 0.000000,
          "stddev" : 0.000000,
          "N" : 0
        },
        "lat_ns" : {
          "min" : 0,
          "max" : 0,
          "mean" : 0.000000,
          "stddev" : 0.000000,
          "N" : 0
        },
        "bw_min" : 0,
        "bw_max" : 0,
        "bw_agg" : 0.000000,
        "bw_mean" : 0.000000,
        "bw_dev" : 0.000000,
        "bw_samples" : 0,
        "iops_min" : 0,
        "iops_max" : 0,
        "iops_mean" : 0.000000,
        "iops_stddev" : 0.000000,
        "iops_samples" : 0
      },
      "sync" : {
        "total_ios" : 0,
        "lat_ns" : {
          "min" : 0,
          "max" : 0,
          "mean" : 0.000000,
          "stddev" : 0.000000,
          "N" : 0
        }
      },
      "job_runtime" : 13440013,
      "usr_cpu" : 93.248228,
      "sys_cpu" : 4.013776,
      "ctx" : 1099095,
      "majf" : 194742,
      "minf" : 7121237,
      "iodepth_level" : {
        "1" : 100.000000,
        "2" : 0.000000,
        "4" : 0.000000,
        "8" : 0.000000,
        "16" : 0.000000,
        "32" : 0.000000,
        ">=64" : 0.000000
      },
      "iodepth_submit" : {
        "0" : 0.000000,
        "4" : 100.000000,
        "8" : 0.000000,
        "16" : 0.000000,
        "32" : 0.000000,
        "64" : 0.000000,
        ">=64" : 0.000000
      },
      "iodepth_complete" : {
        "0" : 0.000000,
        "4" : 100.000000,
        "8" : 0.000000,
        "16" : 0.000000,
        "32" : 0.000000,
        "64" : 0.000000,
        ">=64" : 0.000000
      },
      "latency_ns" : {
        "2" : 0.000000,
        "4" : 0.000000,
        "10" : 0.000000,
        "20" : 0.000000,
        "50" : 0.000000,
        "100" : 0.010000,
        "250" : 0.040620,
        "500" : 0.356084,
        "750" : 1.979430,
        "1000" : 2.044252
      },
      "latency_us" : {
        "2" : 22.102324,
        "4" : 71.184557,
        "10" : 1.854477,
        "20" : 0.248502,
        "50" : 0.013397,
        "100" : 0.155928,
        "250" : 0.015454,
        "500" : 0.010000,
        "750" : 0.010000,
        "1000" : 0.010000
      },
      "latency_ms" : {
        "2" : 0.010000,
        "4" : 0.010000,
        "10" : 0.010000,
        "20" : 0.000000,
        "50" : 0.010000,
        "100" : 0.010000,
        "250" : 0.000000,
        "500" : 0.000000,
        "750" : 0.000000,
        "1000" : 0.000000,
        "2000" : 0.000000,
        ">=2000" : 0.000000
      },
      "latency_depth" : 1,
      "latency_target" : 0,
      "latency_percentile" : 100.000000,
      "latency_window" : 0
    }
  ],
  "disk_util" : [
    {
      "name" : "sdb",
      "read_ios" : 194775,
      "write_ios" : 157801,
      "read_sectors" : 1564184,
      "write_sectors" : 2936648,
      "read_merges" : 283,
      "write_merges" : 14492,
      "read_ticks" : 171313,
      "write_ticks" : 8418321,
      "in_queue" : 8589642,
      "util" : 3.079478
    }
  ]
}
