{
  "fio version" : "fio-3.40",
  "timestamp" : 1772060011,
  "timestamp_ms" : 1772060011908,
  "time" : "Wed Feb 25 23:53:31 2026",
  "global options" : {
    "group_reporting" : "",
    "ioengine" : "mmap",
    "size" : "768m",
    "thread" : "1",
    "directory" : "/tmp",
    "time_based" : "",
    "runtime" : "210",
    "norandommap" : "1",
    "filename" : "/tmp/fio_readwrite",
    "share_mmap" : "1",
    "repl" : "1"
  },
  "jobs" : [
    {
      "jobname" : "writers",
      "groupid" : 0,
      "job_start" : 1772059801748,
      "error" : 0,
      "eta" : 0,
      "elapsed" : 211,
      "job options" : {
        "rw" : "randread",
        "random_distribution" : "random",
        "numjobs" : "45"
      },
      "read" : {
        "io_bytes" : 13876553383936,
        "io_kbytes" : 13551321664,
        "bw_bytes" : 66078196321,
        "bw" : 64529488,
        "iops" : 16132372.148837,
        "runtime" : 210002,
        "total_ios" : 3387830416,
        "short_ios" : 0,
        "drop_ios" : 0,
        "slat_ns" : {
          "min" : 0,
          "max" : 0,
          "mean" : 0.000000,
          "stddev" : 0.000000,
          "N" : 0
        },
        "clat_ns" : {
          "min" : 99,
          "max" : 132020453,
          "mean" : 2276.288600,
          "stddev" : 18589.084873,
          "N" : 3387830416,
          "percentile" : {
            "1.000000" : 426,
            "5.000000" : 486,
            "10.000000" : 516,
            "20.000000" : 580,
            "30.000000" : 652,
            "40.000000" : 740,
            "50.000000" : 836,
            "60.000000" : 932,
            "70.000000" : 1048,
            "80.000000" : 1272,
            "90.000000" : 2544,
            "95.000000" : 3824,
            "99.000000" : 68096,
            "99.500000" : 79360,
            "99.900000" : 104960,
            "99.950000" : 125440,
            "99.990000" : 179200
          }
        },
        "lat_ns" : {
          "min" : 126,
          "max" : 132020495,
          "mean" : 2330.265676,
          "stddev" : 18878.396751,
          "N" : 3387830416
        },
        "bw_min" : 4779560,
        "bw_max" : 76182877,
        "bw_agg" : 100.000000,
        "bw_mean" : 65007582.303805,
        "bw_dev" : 218857.226748,
        "bw_samples" : 18745,
        "iops_min" : 1194890,
        "iops_max" : 19045719,
        "iops_mean" : 16251887.491103,
        "iops_stddev" : 54714.288547,
        "iops_samples" : 18745
      },
      "write" : {
        "io_bytes" : 199652978688,
        "io_kbytes" : 194973612,
        "bw_bytes" : 950719415,
        "bw" : 928436,
        "iops" : 232109.232293,
        "runtime" : 210002,
        "total_ios" : 48743403,
        "short_ios" : 0,
        "drop_ios" : 0,
        "slat_ns" : {
          "min" : 0,
          "max" : 0,
          "mean" : 0.000000,
          "stddev" : 0.000000,
          "N" : 0
        },
        "clat_ns" : {
          "min" : 111,
          "max" : 96863784,
          "mean" : 80914.638538,
          "stddev" : 78747.098222,
          "N" : 48743403,
          "percentile" : {
            "1.000000" : 1128,
            "5.000000" : 58624,
            "10.000000" : 62208,
            "20.000000" : 66048,
            "30.000000" : 69120,
            "40.000000" : 72192,
            "50.000000" : 75264,
            "60.000000" : 78336,
            "70.000000" : 82432,
            "80.000000" : 88576,
            "90.000000" : 102912,
            "95.000000" : 123392,
            "99.000000" : 171008,
            "99.500000" : 205824,
            "99.900000" : 610304,
            "99.950000" : 905216,
            "99.990000" : 3489792
          }
        },
        "lat_ns" : {
          "min" : 165,
          "max" : 96863894,
          "mean" : 81059.109671,
          "stddev" : 78774.105815,
          "N" : 48743403
        },
        "bw_min" : 93010,
        "bw_max" : 1207328,
        "bw_agg" : 100.000000,
        "bw_mean" : 930904.342277,
        "bw_dev" : 5727.209597,
        "bw_samples" : 7950,
        "iops_min" : 23252,
        "iops_max" : 301834,
        "iops_mean" : 232723.165175,
        "iops_stddev" : 1431.793789,
        "iops_samples" : 7950
      },
      "trim" : {
        "io_bytes" : 0,
        "io_kbytes" : 0,
        "bw_bytes" : 0,
        "bw" : 0,
        "iops" : 0.000000,
        "runtime" : 0,
        "total_ios" : 0,
        "short_ios" : 0,
        "drop_ios" : 0,
        "slat_ns" : {
          "min" : 0,
          "max" : 0,
          "mean" : 0.000000,
          "stddev" : 0.000000,
          "N" : 0
        },
        "clat_ns" : {
          "min" : 0,
          "max" : 0,
          "mean" : 0.000000,
          "stddev" : 0.000000,
          "N" : 0
        },
        "lat_ns" : {
          "min" : 0,
          "max" : 0,
          "mean" : 0.000000,
          "stddev" : 0.000000,
          "N" : 0
        },
        "bw_min" : 0,
        "bw_max" : 0,
        "bw_agg" : 0.000000,
        "bw_mean" : 0.000000,
        "bw_dev" : 0.000000,
        "bw_samples" : 0,
        "iops_min" : 0,
        "iops_max" : 0,
        "iops_mean" : 0.000000,
        "iops_stddev" : 0.000000,
        "iops_samples" : 0
      },
      "sync" : {
        "total_ios" : 0,
        "lat_ns" : {
          "min" : 0,
          "max" : 0,
          "mean" : 0.000000,
          "stddev" : 0.000000,
          "N" : 0
        }
      },
      "job_runtime" : 13440005,
      "usr_cpu" : 42.426911,
      "sys_cpu" : 55.019905,
      "ctx" : 919015,
      "majf" : 196639,
      "minf" : 95541087,
      "iodepth_level" : {
        "1" : 100.000000,
        "2" : 0.000000,
        "4" : 0.000000,
        "8" : 0.000000,
        "16" : 0.000000,
        "32" : 0.000000,
        ">=64" : 0.000000
      },
      "iodepth_submit" : {
        "0" : 0.000000,
        "4" : 100.000000,
        "8" : 0.000000,
        "16" : 0.000000,
        "32" : 0.000000,
        "64" : 0.000000,
        ">=64" : 0.000000
      },
      "iodepth_complete" : {
        "0" : 0.000000,
        "4" : 100.000000,
        "8" : 0.000000,
        "16" : 0.000000,
        "32" : 0.000000,
        "64" : 0.000000,
        ">=64" : 0.000000
      },
      "latency_ns" : {
        "2" : 0.000000,
        "4" : 0.000000,
        "10" : 0.000000,
        "20" : 0.000000,
        "50" : 0.000000,
        "100" : 0.010000,
        "250" : 0.058335,
        "500" : 6.943882,
        "750" : 33.519026,
        "1000" : 24.835373
      },
      "latency_us" : {
        "2" : 20.799976,
        "4" : 7.976707,
        "10" : 2.997426,
        "20" : 0.082307,
        "50" : 0.014824,
        "100" : 2.493905,
        "250" : 0.270092,
        "500" : 0.010000,
        "750" : 0.010000,
        "1000" : 0.010000
      },
      "latency_ms" : {
        "2" : 0.010000,
        "4" : 0.010000,
        "10" : 0.010000,
        "20" : 0.010000,
        "50" : 0.010000,
        "100" : 0.010000,
        "250" : 0.010000,
        "500" : 0.000000,
        "750" : 0.000000,
        "1000" : 0.000000,
        "2000" : 0.000000,
        ">=2000" : 0.000000
      },
      "latency_depth" : 1,
      "latency_target" : 0,
      "latency_percentile" : 100.000000,
      "latency_window" : 0
    }
  ],
  "disk_util" : [
    {
      "name" : "sdb",
      "read_ios" : 196617,
      "write_ios" : 74225,
      "read_sectors" : 1574176,
      "write_sectors" : 23924560,
      "read_merges" : 154,
      "write_merges" : 585,
      "read_ticks" : 171850,
      "write_ticks" : 13241621,
      "in_queue" : 13413490,
      "util" : 13.580276
    }
  ]
}
