{
  "fio version" : "fio-3.40",
  "timestamp" : 1770006493,
  "timestamp_ms" : 1770006493520,
  "time" : "Mon Feb  2 05:28:13 2026",
  "global options" : {
    "group_reporting" : "",
    "ioengine" : "mmap",
    "size" : "768m",
    "thread" : "1",
    "directory" : "/tmp",
    "time_based" : "",
    "runtime" : "180",
    "norandommap" : "1",
    "filename" : "/tmp/fio_readwrite",
    "share_mmap" : "1",
    "repl" : "1"
  },
  "jobs" : [
    {
      "jobname" : "writers",
      "groupid" : 0,
      "job_start" : 1770006313278,
      "error" : 0,
      "eta" : 0,
      "elapsed" : 181,
      "job options" : {
        "rw" : "randread",
        "random_distribution" : "random",
        "numjobs" : "51"
      },
      "read" : {
        "io_bytes" : 11929814048768,
        "io_kbytes" : 11650209032,
        "bw_bytes" : 66274903745,
        "bw" : 64721585,
        "iops" : 16180396.422322,
        "runtime" : 180005,
        "total_ios" : 2912552258,
        "short_ios" : 0,
        "drop_ios" : 0,
        "slat_ns" : {
          "min" : 0,
          "max" : 0,
          "mean" : 0.000000,
          "stddev" : 0.000000,
          "N" : 0
        },
        "clat_ns" : {
          "min" : 96,
          "max" : 128058567,
          "mean" : 2516.935010,
          "stddev" : 15942.926178,
          "N" : 2912552258,
          "percentile" : {
            "1.000000" : 948,
            "5.000000" : 1368,
            "10.000000" : 1592,
            "20.000000" : 1848,
            "30.000000" : 2040,
            "40.000000" : 2192,
            "50.000000" : 2352,
            "60.000000" : 2512,
            "70.000000" : 2704,
            "80.000000" : 2928,
            "90.000000" : 3248,
            "95.000000" : 3600,
            "99.000000" : 4448,
            "99.500000" : 4832,
            "99.900000" : 14912,
            "99.950000" : 17792,
            "99.990000" : 25984
          }
        },
        "lat_ns" : {
          "min" : 123,
          "max" : 128058757,
          "mean" : 2580.956637,
          "stddev" : 16060.387184,
          "N" : 2912552258
        },
        "bw_min" : 163752,
        "bw_max" : 96545091,
        "bw_agg" : 100.000000,
        "bw_mean" : 65879829.606232,
        "bw_dev" : 218151.349330,
        "bw_samples" : 18003,
        "iops_min" : 40938,
        "iops_max" : 24136264,
        "iops_mean" : 16469949.677054,
        "iops_stddev" : 54537.819749,
        "iops_samples" : 18003
      },
      "write" : {
        "io_bytes" : 2849330896896,
        "io_kbytes" : 2782549704,
        "bw_bytes" : 15829264332,
        "bw" : 15458265,
        "iops" : 3864566.487411,
        "runtime" : 180004,
        "total_ios" : 695637426,
        "short_ios" : 0,
        "drop_ios" : 0,
        "slat_ns" : {
          "min" : 0,
          "max" : 0,
          "mean" : 0.000000,
          "stddev" : 0.000000,
          "N" : 0
        },
        "clat_ns" : {
          "min" : 97,
          "max" : 71822316,
          "mean" : 2574.834463,
          "stddev" : 16389.357081,
          "N" : 695637426,
          "percentile" : {
            "1.000000" : 1020,
            "5.000000" : 1400,
            "10.000000" : 1576,
            "20.000000" : 1800,
            "30.000000" : 1992,
            "40.000000" : 2160,
            "50.000000" : 2320,
            "60.000000" : 2480,
            "70.000000" : 2672,
            "80.000000" : 2896,
            "90.000000" : 3216,
            "95.000000" : 3536,
            "99.000000" : 4576,
            "99.500000" : 10304,
            "99.900000" : 24448,
            "99.950000" : 64256,
            "99.990000" : 120320
          }
        },
        "lat_ns" : {
          "min" : 135,
          "max" : 71822395,
          "mean" : 2663.503473,
          "stddev" : 16542.556285,
          "N" : 695637426
        },
        "bw_min" : 41152,
        "bw_max" : 19792896,
        "bw_agg" : 100.000000,
        "bw_mean" : 15734897.994334,
        "bw_dev" : 195690.588048,
        "bw_samples" : 4589,
        "iops_min" : 10288,
        "iops_max" : 4948221,
        "iops_mean" : 3933722.526912,
        "iops_stddev" : 48922.644612,
        "iops_samples" : 4589
      },
      "trim" : {
        "io_bytes" : 0,
        "io_kbytes" : 0,
        "bw_bytes" : 0,
        "bw" : 0,
        "iops" : 0.000000,
        "runtime" : 0,
        "total_ios" : 0,
        "short_ios" : 0,
        "drop_ios" : 0,
        "slat_ns" : {
          "min" : 0,
          "max" : 0,
          "mean" : 0.000000,
          "stddev" : 0.000000,
          "N" : 0
        },
        "clat_ns" : {
          "min" : 0,
          "max" : 0,
          "mean" : 0.000000,
          "stddev" : 0.000000,
          "N" : 0
        },
        "lat_ns" : {
          "min" : 0,
          "max" : 0,
          "mean" : 0.000000,
          "stddev" : 0.000000,
          "N" : 0
        },
        "bw_min" : 0,
        "bw_max" : 0,
        "bw_agg" : 0.000000,
        "bw_mean" : 0.000000,
        "bw_dev" : 0.000000,
        "bw_samples" : 0,
        "iops_min" : 0,
        "iops_max" : 0,
        "iops_mean" : 0.000000,
        "iops_stddev" : 0.000000,
        "iops_samples" : 0
      },
      "sync" : {
        "total_ios" : 0,
        "lat_ns" : {
          "min" : 0,
          "max" : 0,
          "mean" : 0.000000,
          "stddev" : 0.000000,
          "N" : 0
        }
      },
      "job_runtime" : 11520052,
      "usr_cpu" : 94.466179,
      "sys_cpu" : 0.744658,
      "ctx" : 1215001,
      "majf" : 196604,
      "minf" : 2639395,
      "iodepth_level" : {
        "1" : 100.000000,
        "2" : 0.000000,
        "4" : 0.000000,
        "8" : 0.000000,
        "16" : 0.000000,
        "32" : 0.000000,
        ">=64" : 0.000000
      },
      "iodepth_submit" : {
        "0" : 0.000000,
        "4" : 100.000000,
        "8" : 0.000000,
        "16" : 0.000000,
        "32" : 0.000000,
        "64" : 0.000000,
        ">=64" : 0.000000
      },
      "iodepth_complete" : {
        "0" : 0.000000,
        "4" : 100.000000,
        "8" : 0.000000,
        "16" : 0.000000,
        "32" : 0.000000,
        "64" : 0.000000,
        ">=64" : 0.000000
      },
      "latency_ns" : {
        "2" : 0.000000,
        "4" : 0.000000,
        "10" : 0.000000,
        "20" : 0.000000,
        "50" : 0.000000,
        "100" : 0.010000,
        "250" : 0.040615,
        "500" : 0.067478,
        "750" : 0.242237,
        "1000" : 0.840810
      },
      "latency_us" : {
        "2" : 26.944940,
        "4" : 69.620018,
        "10" : 1.993183,
        "20" : 0.209254,
        "50" : 0.021719,
        "100" : 0.011660,
        "250" : 0.010000,
        "500" : 0.010000,
        "750" : 0.010000,
        "1000" : 0.010000
      },
      "latency_ms" : {
        "2" : 0.010000,
        "4" : 0.010000,
        "10" : 0.010000,
        "20" : 0.010000,
        "50" : 0.010000,
        "100" : 0.010000,
        "250" : 0.010000,
        "500" : 0.000000,
        "750" : 0.000000,
        "1000" : 0.000000,
        "2000" : 0.000000,
        ">=2000" : 0.000000
      },
      "latency_depth" : 1,
      "latency_target" : 0,
      "latency_percentile" : 100.000000,
      "latency_window" : 0
    }
  ],
  "disk_util" : [
    {
      "name" : "sda",
      "read_ios" : 196582,
      "write_ios" : 198836,
      "read_sectors" : 1574192,
      "write_sectors" : 21364048,
      "read_merges" : 192,
      "write_merges" : 15203,
      "read_ticks" : 203282,
      "write_ticks" : 10162605,
      "in_queue" : 10365893,
      "util" : 13.724639
    }
  ]
}
