{
  "fio version" : "fio-3.40",
  "timestamp" : 1764779539,
  "timestamp_ms" : 1764779539979,
  "time" : "Wed Dec  3 17:32:19 2025",
  "global options" : {
    "group_reporting" : "",
    "ioengine" : "mmap",
    "size" : "768m",
    "thread" : "1",
    "directory" : "/tmp",
    "time_based" : "",
    "runtime" : "180",
    "norandommap" : "1",
    "filename" : "/tmp/fio_readwrite",
    "share_mmap" : "1",
    "repl" : "1"
  },
  "jobs" : [
    {
      "jobname" : "readers",
      "groupid" : 0,
      "job_start" : 1764779359790,
      "error" : 0,
      "eta" : 0,
      "elapsed" : 181,
      "job options" : {
        "rw" : "randread",
        "random_distribution" : "random",
        "numjobs" : "64"
      },
      "read" : {
        "io_bytes" : 17392323698688,
        "io_kbytes" : 16984691112,
        "bw_bytes" : 96622946959,
        "bw" : 94358346,
        "iops" : 23589586.660148,
        "runtime" : 180002,
        "total_ios" : 4246172778,
        "short_ios" : 0,
        "drop_ios" : 0,
        "slat_ns" : {
          "min" : 0,
          "max" : 0,
          "mean" : 0.000000,
          "stddev" : 0.000000,
          "N" : 0
        },
        "clat_ns" : {
          "min" : 99,
          "max" : 28602775,
          "mean" : 2160.465965,
          "stddev" : 6859.312709,
          "N" : 4246172778,
          "percentile" : {
            "1.000000" : 1064,
            "5.000000" : 1352,
            "10.000000" : 1512,
            "20.000000" : 1688,
            "30.000000" : 1832,
            "40.000000" : 1960,
            "50.000000" : 2064,
            "60.000000" : 2192,
            "70.000000" : 2320,
            "80.000000" : 2480,
            "90.000000" : 2704,
            "95.000000" : 2896,
            "99.000000" : 3312,
            "99.500000" : 3568,
            "99.900000" : 17024,
            "99.950000" : 18048,
            "99.990000" : 30080
          }
        },
        "lat_ns" : {
          "min" : 127,
          "max" : 28602806,
          "mean" : 2213.204328,
          "stddev" : 6861.325346,
          "N" : 4246172778
        },
        "bw_min" : 305084,
        "bw_max" : 98193897,
        "bw_agg" : 100.000000,
        "bw_mean" : 94437308.891365,
        "bw_dev" : 177505.099336,
        "bw_samples" : 22976,
        "iops_min" : 76270,
        "iops_max" : 24548460,
        "iops_mean" : 23609310.228412,
        "iops_stddev" : 44376.241191,
        "iops_samples" : 22976
      },
      "write" : {
        "io_bytes" : 0,
        "io_kbytes" : 0,
        "bw_bytes" : 0,
        "bw" : 0,
        "iops" : 0.000000,
        "runtime" : 0,
        "total_ios" : 0,
        "short_ios" : 0,
        "drop_ios" : 0,
        "slat_ns" : {
          "min" : 0,
          "max" : 0,
          "mean" : 0.000000,
          "stddev" : 0.000000,
          "N" : 0
        },
        "clat_ns" : {
          "min" : 0,
          "max" : 0,
          "mean" : 0.000000,
          "stddev" : 0.000000,
          "N" : 0
        },
        "lat_ns" : {
          "min" : 0,
          "max" : 0,
          "mean" : 0.000000,
          "stddev" : 0.000000,
          "N" : 0
        },
        "bw_min" : 0,
        "bw_max" : 0,
        "bw_agg" : 0.000000,
        "bw_mean" : 0.000000,
        "bw_dev" : 0.000000,
        "bw_samples" : 0,
        "iops_min" : 0,
        "iops_max" : 0,
        "iops_mean" : 0.000000,
        "iops_stddev" : 0.000000,
        "iops_samples" : 0
      },
      "trim" : {
        "io_bytes" : 0,
        "io_kbytes" : 0,
        "bw_bytes" : 0,
        "bw" : 0,
        "iops" : 0.000000,
        "runtime" : 0,
        "total_ios" : 0,
        "short_ios" : 0,
        "drop_ios" : 0,
        "slat_ns" : {
          "min" : 0,
          "max" : 0,
          "mean" : 0.000000,
          "stddev" : 0.000000,
          "N" : 0
        },
        "clat_ns" : {
          "min" : 0,
          "max" : 0,
          "mean" : 0.000000,
          "stddev" : 0.000000,
          "N" : 0
        },
        "lat_ns" : {
          "min" : 0,
          "max" : 0,
          "mean" : 0.000000,
          "stddev" : 0.000000,
          "N" : 0
        },
        "bw_min" : 0,
        "bw_max" : 0,
        "bw_agg" : 0.000000,
        "bw_mean" : 0.000000,
        "bw_dev" : 0.000000,
        "bw_samples" : 0,
        "iops_min" : 0,
        "iops_max" : 0,
        "iops_mean" : 0.000000,
        "iops_stddev" : 0.000000,
        "iops_samples" : 0
      },
      "sync" : {
        "total_ios" : 0,
        "lat_ns" : {
          "min" : 0,
          "max" : 0,
          "mean" : 0.000000,
          "stddev" : 0.000000,
          "N" : 0
        }
      },
      "job_runtime" : 11520014,
      "usr_cpu" : 98.347146,
      "sys_cpu" : 0.115243,
      "ctx" : 281762,
      "majf" : 196610,
      "minf" : 592630,
      "iodepth_level" : {
        "1" : 100.000000,
        "2" : 0.000000,
        "4" : 0.000000,
        "8" : 0.000000,
        "16" : 0.000000,
        "32" : 0.000000,
        ">=64" : 0.000000
      },
      "iodepth_submit" : {
        "0" : 0.000000,
        "4" : 100.000000,
        "8" : 0.000000,
        "16" : 0.000000,
        "32" : 0.000000,
        "64" : 0.000000,
        ">=64" : 0.000000
      },
      "iodepth_complete" : {
        "0" : 0.000000,
        "4" : 100.000000,
        "8" : 0.000000,
        "16" : 0.000000,
        "32" : 0.000000,
        "64" : 0.000000,
        ">=64" : 0.000000
      },
      "latency_ns" : {
        "2" : 0.000000,
        "4" : 0.000000,
        "10" : 0.000000,
        "20" : 0.000000,
        "50" : 0.000000,
        "100" : 0.010000,
        "250" : 0.037225,
        "500" : 0.055687,
        "750" : 0.135199,
        "1000" : 0.481808
      },
      "latency_us" : {
        "2" : 42.939948,
        "4" : 56.088146,
        "10" : 0.067564,
        "20" : 0.175935,
        "50" : 0.011262,
        "100" : 0.010000,
        "250" : 0.010000,
        "500" : 0.010000,
        "750" : 0.010000,
        "1000" : 0.010000
      },
      "latency_ms" : {
        "2" : 0.010000,
        "4" : 0.010000,
        "10" : 0.010000,
        "20" : 0.010000,
        "50" : 0.010000,
        "100" : 0.000000,
        "250" : 0.000000,
        "500" : 0.000000,
        "750" : 0.000000,
        "1000" : 0.000000,
        "2000" : 0.000000,
        ">=2000" : 0.000000
      },
      "latency_depth" : 1,
      "latency_target" : 0,
      "latency_percentile" : 100.000000,
      "latency_window" : 0
    }
  ],
  "disk_util" : [
    {
      "name" : "sdb",
      "read_ios" : 196582,
      "write_ios" : 1332,
      "read_sectors" : 1573632,
      "write_sectors" : 382048,
      "read_merges" : 122,
      "write_merges" : 6746,
      "read_ticks" : 168814,
      "write_ticks" : 2321,
      "in_queue" : 171140,
      "util" : 1.393689
    }
  ]
}
