{
  "fio version" : "fio-3.40",
  "timestamp" : 1771872213,
  "timestamp_ms" : 1771872213754,
  "time" : "Mon Feb 23 19:43:33 2026",
  "global options" : {
    "group_reporting" : "",
    "ioengine" : "mmap",
    "size" : "768m",
    "thread" : "1",
    "directory" : "/tmp",
    "time_based" : "",
    "runtime" : "180",
    "norandommap" : "1",
    "filename" : "/tmp/fio_readwrite",
    "share_mmap" : "1",
    "repl" : "1"
  },
  "jobs" : [
    {
      "jobname" : "readers",
      "groupid" : 0,
      "job_start" : 1771872033462,
      "error" : 0,
      "eta" : 0,
      "elapsed" : 181,
      "job options" : {
        "rw" : "randread",
        "random_distribution" : "random",
        "numjobs" : "64"
      },
      "read" : {
        "io_bytes" : 23523055779840,
        "io_kbytes" : 22971734160,
        "bw_bytes" : 130682191196,
        "bw" : 127619327,
        "iops" : 31904831.835202,
        "runtime" : 180002,
        "total_ios" : 5742933540,
        "short_ios" : 0,
        "drop_ios" : 0,
        "slat_ns" : {
          "min" : 0,
          "max" : 0,
          "mean" : 0.000000,
          "stddev" : 0.000000,
          "N" : 0
        },
        "clat_ns" : {
          "min" : 124,
          "max" : 12027167,
          "mean" : 1426.920076,
          "stddev" : 6925.918702,
          "N" : 5742933540,
          "percentile" : {
            "1.000000" : 532,
            "5.000000" : 636,
            "10.000000" : 748,
            "20.000000" : 924,
            "30.000000" : 1080,
            "40.000000" : 1224,
            "50.000000" : 1368,
            "60.000000" : 1496,
            "70.000000" : 1640,
            "80.000000" : 1816,
            "90.000000" : 2040,
            "95.000000" : 2256,
            "99.000000" : 2640,
            "99.500000" : 2832,
            "99.900000" : 3344,
            "99.950000" : 3920,
            "99.990000" : 18560
          }
        },
        "lat_ns" : {
          "min" : 160,
          "max" : 12029851,
          "mean" : 1495.918972,
          "stddev" : 6932.107181,
          "N" : 5742933540
        },
        "bw_min" : 11733123,
        "bw_max" : 149814138,
        "bw_agg" : 100.000000,
        "bw_mean" : 128280224.084332,
        "bw_dev" : 263620.539935,
        "bw_samples" : 22876,
        "iops_min" : 2933276,
        "iops_max" : 37453510,
        "iops_mean" : 32070041.570975,
        "iops_stddev" : 65905.103090,
        "iops_samples" : 22876
      },
      "write" : {
        "io_bytes" : 0,
        "io_kbytes" : 0,
        "bw_bytes" : 0,
        "bw" : 0,
        "iops" : 0.000000,
        "runtime" : 0,
        "total_ios" : 0,
        "short_ios" : 0,
        "drop_ios" : 0,
        "slat_ns" : {
          "min" : 0,
          "max" : 0,
          "mean" : 0.000000,
          "stddev" : 0.000000,
          "N" : 0
        },
        "clat_ns" : {
          "min" : 0,
          "max" : 0,
          "mean" : 0.000000,
          "stddev" : 0.000000,
          "N" : 0
        },
        "lat_ns" : {
          "min" : 0,
          "max" : 0,
          "mean" : 0.000000,
          "stddev" : 0.000000,
          "N" : 0
        },
        "bw_min" : 0,
        "bw_max" : 0,
        "bw_agg" : 0.000000,
        "bw_mean" : 0.000000,
        "bw_dev" : 0.000000,
        "bw_samples" : 0,
        "iops_min" : 0,
        "iops_max" : 0,
        "iops_mean" : 0.000000,
        "iops_stddev" : 0.000000,
        "iops_samples" : 0
      },
      "trim" : {
        "io_bytes" : 0,
        "io_kbytes" : 0,
        "bw_bytes" : 0,
        "bw" : 0,
        "iops" : 0.000000,
        "runtime" : 0,
        "total_ios" : 0,
        "short_ios" : 0,
        "drop_ios" : 0,
        "slat_ns" : {
          "min" : 0,
          "max" : 0,
          "mean" : 0.000000,
          "stddev" : 0.000000,
          "N" : 0
        },
        "clat_ns" : {
          "min" : 0,
          "max" : 0,
          "mean" : 0.000000,
          "stddev" : 0.000000,
          "N" : 0
        },
        "lat_ns" : {
          "min" : 0,
          "max" : 0,
          "mean" : 0.000000,
          "stddev" : 0.000000,
          "N" : 0
        },
        "bw_min" : 0,
        "bw_max" : 0,
        "bw_agg" : 0.000000,
        "bw_mean" : 0.000000,
        "bw_dev" : 0.000000,
        "bw_samples" : 0,
        "iops_min" : 0,
        "iops_max" : 0,
        "iops_mean" : 0.000000,
        "iops_stddev" : 0.000000,
        "iops_samples" : 0
      },
      "sync" : {
        "total_ios" : 0,
        "lat_ns" : {
          "min" : 0,
          "max" : 0,
          "mean" : 0.000000,
          "stddev" : 0.000000,
          "N" : 0
        }
      },
      "job_runtime" : 11520004,
      "usr_cpu" : 97.838794,
      "sys_cpu" : 0.148307,
      "ctx" : 872267,
      "majf" : 196645,
      "minf" : 118058,
      "iodepth_level" : {
        "1" : 100.000000,
        "2" : 0.000000,
        "4" : 0.000000,
        "8" : 0.000000,
        "16" : 0.000000,
        "32" : 0.000000,
        ">=64" : 0.000000
      },
      "iodepth_submit" : {
        "0" : 0.000000,
        "4" : 100.000000,
        "8" : 0.000000,
        "16" : 0.000000,
        "32" : 0.000000,
        "64" : 0.000000,
        ">=64" : 0.000000
      },
      "iodepth_complete" : {
        "0" : 0.000000,
        "4" : 100.000000,
        "8" : 0.000000,
        "16" : 0.000000,
        "32" : 0.000000,
        "64" : 0.000000,
        ">=64" : 0.000000
      },
      "latency_ns" : {
        "2" : 0.000000,
        "4" : 0.000000,
        "10" : 0.000000,
        "20" : 0.000000,
        "50" : 0.000000,
        "100" : 0.000000,
        "250" : 0.030629,
        "500" : 0.361252,
        "750" : 9.901166,
        "1000" : 14.674693
      },
      "latency_us" : {
        "2" : 63.399361,
        "4" : 11.584276,
        "10" : 0.010000,
        "20" : 0.032661,
        "50" : 0.010000,
        "100" : 0.010000,
        "250" : 0.010000,
        "500" : 0.010000,
        "750" : 0.010000,
        "1000" : 0.010000
      },
      "latency_ms" : {
        "2" : 0.010000,
        "4" : 0.010000,
        "10" : 0.010000,
        "20" : 0.010000,
        "50" : 0.000000,
        "100" : 0.000000,
        "250" : 0.000000,
        "500" : 0.000000,
        "750" : 0.000000,
        "1000" : 0.000000,
        "2000" : 0.000000,
        ">=2000" : 0.000000
      },
      "latency_depth" : 1,
      "latency_target" : 0,
      "latency_percentile" : 100.000000,
      "latency_window" : 0
    }
  ],
  "disk_util" : [
    {
      "name" : "sda",
      "read_ios" : 196620,
      "write_ios" : 38329,
      "read_sectors" : 1574400,
      "write_sectors" : 1575512,
      "read_merges" : 180,
      "write_merges" : 538,
      "read_ticks" : 179360,
      "write_ticks" : 45476,
      "in_queue" : 224841,
      "util" : 2.126784
    }
  ]
}
