{
  "fio version" : "fio-3.40",
  "timestamp" : 1756934066,
  "timestamp_ms" : 1756934066747,
  "time" : "Wed Sep  3 23:14:26 2025",
  "global options" : {
    "group_reporting" : "",
    "ioengine" : "mmap",
    "size" : "128m",
    "numjobs" : "64",
    "thread" : "1",
    "directory" : "/tmp",
    "time_based" : "",
    "runtime" : "30",
    "filename" : "/tmp/fio_readwrite"
  },
  "jobs" : [
    {
      "jobname" : "readwrite",
      "groupid" : 0,
      "job_start" : 1756934036336,
      "error" : 0,
      "eta" : 0,
      "elapsed" : 31,
      "job options" : {
        "rw" : "randrw",
        "random_distribution" : "random",
        "rwmixread" : "90",
        "rwmixwrite" : "10",
        "share_mmap" : "1",
        "repl" : "1"
      },
      "read" : {
        "io_bytes" : 162335715328,
        "io_kbytes" : 158530972,
        "bw_bytes" : 5370908695,
        "bw" : 5245028,
        "iops" : 1311257.005790,
        "runtime" : 30225,
        "total_ios" : 39632743,
        "short_ios" : 0,
        "drop_ios" : 0,
        "slat_ns" : {
          "min" : 0,
          "max" : 0,
          "mean" : 0.000000,
          "stddev" : 0.000000,
          "N" : 0
        },
        "clat_ns" : {
          "min" : 100,
          "max" : 8042593,
          "mean" : 1930.414793,
          "stddev" : 26075.175532,
          "N" : 39632743,
          "percentile" : {
            "1.000000" : 290,
            "5.000000" : 438,
            "10.000000" : 540,
            "20.000000" : 700,
            "30.000000" : 836,
            "40.000000" : 988,
            "50.000000" : 1176,
            "60.000000" : 1368,
            "70.000000" : 1576,
            "80.000000" : 1816,
            "90.000000" : 2192,
            "95.000000" : 2544,
            "99.000000" : 3376,
            "99.500000" : 3824,
            "99.900000" : 24960,
            "99.950000" : 659456,
            "99.990000" : 1236992
          }
        },
        "lat_ns" : {
          "min" : 126,
          "max" : 8042628,
          "mean" : 1993.278283,
          "stddev" : 26076.153420,
          "N" : 39632743
        },
        "bw_min" : 44758,
        "bw_max" : 15150280,
        "bw_agg" : 100.000000,
        "bw_mean" : 12767126.660457,
        "bw_dev" : 71172.862393,
        "bw_samples" : 1591,
        "iops_min" : 11188,
        "iops_max" : 3787570,
        "iops_mean" : 3191781.026087,
        "iops_stddev" : 17793.233317,
        "iops_samples" : 1591
      },
      "write" : {
        "io_bytes" : 18053173248,
        "io_kbytes" : 17630052,
        "bw_bytes" : 597292746,
        "bw" : 583293,
        "iops" : 145823.424318,
        "runtime" : 30225,
        "total_ios" : 4407513,
        "short_ios" : 0,
        "drop_ios" : 0,
        "slat_ns" : {
          "min" : 0,
          "max" : 0,
          "mean" : 0.000000,
          "stddev" : 0.000000,
          "N" : 0
        },
        "clat_ns" : {
          "min" : 100,
          "max" : 6655369,
          "mean" : 6212.573395,
          "stddev" : 31308.478801,
          "N" : 4407513,
          "percentile" : {
            "1.000000" : 406,
            "5.000000" : 580,
            "10.000000" : 716,
            "20.000000" : 924,
            "30.000000" : 1128,
            "40.000000" : 1320,
            "50.000000" : 1512,
            "60.000000" : 1752,
            "70.000000" : 2064,
            "80.000000" : 2768,
            "90.000000" : 15040,
            "95.000000" : 32128,
            "99.000000" : 63744,
            "99.500000" : 77312,
            "99.900000" : 195584,
            "99.950000" : 724992,
            "99.990000" : 1286144
          }
        },
        "lat_ns" : {
          "min" : 143,
          "max" : 6655414,
          "mean" : 6295.715925,
          "stddev" : 31307.451412,
          "N" : 4407513
        },
        "bw_min" : 5271,
        "bw_max" : 1727456,
        "bw_agg" : 100.000000,
        "bw_mean" : 1420824.819264,
        "bw_dev" : 7910.535494,
        "bw_samples" : 1590,
        "iops_min" : 1317,
        "iops_max" : 431864,
        "iops_mean" : 355204.773958,
        "iops_stddev" : 1977.673982,
        "iops_samples" : 1590
      },
      "trim" : {
        "io_bytes" : 0,
        "io_kbytes" : 0,
        "bw_bytes" : 0,
        "bw" : 0,
        "iops" : 0.000000,
        "runtime" : 0,
        "total_ios" : 0,
        "short_ios" : 0,
        "drop_ios" : 0,
        "slat_ns" : {
          "min" : 0,
          "max" : 0,
          "mean" : 0.000000,
          "stddev" : 0.000000,
          "N" : 0
        },
        "clat_ns" : {
          "min" : 0,
          "max" : 0,
          "mean" : 0.000000,
          "stddev" : 0.000000,
          "N" : 0
        },
        "lat_ns" : {
          "min" : 0,
          "max" : 0,
          "mean" : 0.000000,
          "stddev" : 0.000000,
          "N" : 0
        },
        "bw_min" : 0,
        "bw_max" : 0,
        "bw_agg" : 0.000000,
        "bw_mean" : 0.000000,
        "bw_dev" : 0.000000,
        "bw_samples" : 0,
        "iops_min" : 0,
        "iops_max" : 0,
        "iops_mean" : 0.000000,
        "iops_stddev" : 0.000000,
        "iops_samples" : 0
      },
      "sync" : {
        "total_ios" : 0,
        "lat_ns" : {
          "min" : 0,
          "max" : 0,
          "mean" : 0.000000,
          "stddev" : 0.000000,
          "N" : 0
        }
      },
      "job_runtime" : 1933307,
      "usr_cpu" : 4.462250,
      "sys_cpu" : 60.877709,
      "ctx" : 16803841,
      "majf" : 30744,
      "minf" : 703840,
      "iodepth_level" : {
        "1" : 100.000000,
        "2" : 0.000000,
        "4" : 0.000000,
        "8" : 0.000000,
        "16" : 0.000000,
        "32" : 0.000000,
        ">=64" : 0.000000
      },
      "iodepth_submit" : {
        "0" : 0.000000,
        "4" : 100.000000,
        "8" : 0.000000,
        "16" : 0.000000,
        "32" : 0.000000,
        "64" : 0.000000,
        ">=64" : 0.000000
      },
      "iodepth_complete" : {
        "0" : 0.000000,
        "4" : 100.000000,
        "8" : 0.000000,
        "16" : 0.000000,
        "32" : 0.000000,
        "64" : 0.000000,
        ">=64" : 0.000000
      },
      "latency_ns" : {
        "2" : 0.000000,
        "4" : 0.000000,
        "10" : 0.000000,
        "20" : 0.000000,
        "50" : 0.000000,
        "100" : 0.000000,
        "250" : 0.497436,
        "500" : 6.888384,
        "750" : 15.157246,
        "1000" : 16.358102
      },
      "latency_us" : {
        "2" : 44.836104,
        "4" : 14.378366,
        "10" : 0.565978,
        "20" : 0.404178,
        "50" : 0.612817,
        "100" : 0.212365,
        "250" : 0.017643,
        "500" : 0.010000,
        "750" : 0.018855,
        "1000" : 0.019764
      },
      "latency_ms" : {
        "2" : 0.022325,
        "4" : 0.010000,
        "10" : 0.010000,
        "20" : 0.000000,
        "50" : 0.000000,
        "100" : 0.000000,
        "250" : 0.000000,
        "500" : 0.000000,
        "750" : 0.000000,
        "1000" : 0.000000,
        "2000" : 0.000000,
        ">=2000" : 0.000000
      },
      "latency_depth" : 1,
      "latency_target" : 0,
      "latency_percentile" : 100.000000,
      "latency_window" : 0
    }
  ],
  "disk_util" : [
    {
      "name" : "sda",
      "read_ios" : 30708,
      "write_ios" : 126095,
      "read_sectors" : 247016,
      "write_sectors" : 5826440,
      "read_merges" : 169,
      "write_merges" : 1382,
      "read_ticks" : 27073,
      "write_ticks" : 36546,
      "in_queue" : 63620,
      "util" : 24.386371
    }
  ]
}
