{
  "fio version" : "fio-3.40",
  "timestamp" : 1764550767,
  "timestamp_ms" : 1764550767128,
  "time" : "Mon Dec  1 01:59:27 2025",
  "global options" : {
    "group_reporting" : "",
    "ioengine" : "mmap",
    "size" : "768m",
    "thread" : "1",
    "directory" : "/tmp",
    "time_based" : "",
    "runtime" : "180",
    "filename" : "/tmp/fio_readwrite",
    "share_mmap" : "1",
    "repl" : "1"
  },
  "jobs" : [
    {
      "jobname" : "readers",
      "groupid" : 0,
      "job_start" : 1764550587086,
      "error" : 0,
      "eta" : 0,
      "elapsed" : 181,
      "job options" : {
        "rw" : "randread",
        "random_distribution" : "zipf",
        "numjobs" : "64"
      },
      "read" : {
        "io_bytes" : 35695759618048,
        "io_kbytes" : 34859140252,
        "bw_bytes" : 198307572238,
        "bw" : 193659738,
        "iops" : 48414934.628504,
        "runtime" : 180002,
        "total_ios" : 8714785063,
        "short_ios" : 0,
        "drop_ios" : 0,
        "slat_ns" : {
          "min" : 0,
          "max" : 0,
          "mean" : 0.000000,
          "stddev" : 0.000000,
          "N" : 0
        },
        "clat_ns" : {
          "min" : 92,
          "max" : 9064212,
          "mean" : 588.088674,
          "stddev" : 5877.595262,
          "N" : 8714785063,
          "percentile" : {
            "1.000000" : 139,
            "5.000000" : 171,
            "10.000000" : 197,
            "20.000000" : 217,
            "30.000000" : 237,
            "40.000000" : 322,
            "50.000000" : 470,
            "60.000000" : 620,
            "70.000000" : 740,
            "80.000000" : 884,
            "90.000000" : 1080,
            "95.000000" : 1224,
            "99.000000" : 1544,
            "99.500000" : 1672,
            "99.900000" : 2384,
            "99.950000" : 12096,
            "99.990000" : 18816
          }
        },
        "lat_ns" : {
          "min" : 119,
          "max" : 9064265,
          "mean" : 665.997327,
          "stddev" : 5882.810136,
          "N" : 8714785063
        },
        "bw_min" : 7974256,
        "bw_max" : 224530075,
        "bw_agg" : 100.000000,
        "bw_mean" : 194506670.000533,
        "bw_dev" : 396972.781310,
        "bw_samples" : 22913,
        "iops_min" : 1993566,
        "iops_max" : 56132483,
        "iops_mean" : 48626659.705674,
        "iops_stddev" : 99243.177697,
        "iops_samples" : 22913
      },
      "write" : {
        "io_bytes" : 0,
        "io_kbytes" : 0,
        "bw_bytes" : 0,
        "bw" : 0,
        "iops" : 0.000000,
        "runtime" : 0,
        "total_ios" : 0,
        "short_ios" : 0,
        "drop_ios" : 0,
        "slat_ns" : {
          "min" : 0,
          "max" : 0,
          "mean" : 0.000000,
          "stddev" : 0.000000,
          "N" : 0
        },
        "clat_ns" : {
          "min" : 0,
          "max" : 0,
          "mean" : 0.000000,
          "stddev" : 0.000000,
          "N" : 0
        },
        "lat_ns" : {
          "min" : 0,
          "max" : 0,
          "mean" : 0.000000,
          "stddev" : 0.000000,
          "N" : 0
        },
        "bw_min" : 0,
        "bw_max" : 0,
        "bw_agg" : 0.000000,
        "bw_mean" : 0.000000,
        "bw_dev" : 0.000000,
        "bw_samples" : 0,
        "iops_min" : 0,
        "iops_max" : 0,
        "iops_mean" : 0.000000,
        "iops_stddev" : 0.000000,
        "iops_samples" : 0
      },
      "trim" : {
        "io_bytes" : 0,
        "io_kbytes" : 0,
        "bw_bytes" : 0,
        "bw" : 0,
        "iops" : 0.000000,
        "runtime" : 0,
        "total_ios" : 0,
        "short_ios" : 0,
        "drop_ios" : 0,
        "slat_ns" : {
          "min" : 0,
          "max" : 0,
          "mean" : 0.000000,
          "stddev" : 0.000000,
          "N" : 0
        },
        "clat_ns" : {
          "min" : 0,
          "max" : 0,
          "mean" : 0.000000,
          "stddev" : 0.000000,
          "N" : 0
        },
        "lat_ns" : {
          "min" : 0,
          "max" : 0,
          "mean" : 0.000000,
          "stddev" : 0.000000,
          "N" : 0
        },
        "bw_min" : 0,
        "bw_max" : 0,
        "bw_agg" : 0.000000,
        "bw_mean" : 0.000000,
        "bw_dev" : 0.000000,
        "bw_samples" : 0,
        "iops_min" : 0,
        "iops_max" : 0,
        "iops_mean" : 0.000000,
        "iops_stddev" : 0.000000,
        "iops_samples" : 0
      },
      "sync" : {
        "total_ios" : 0,
        "lat_ns" : {
          "min" : 0,
          "max" : 0,
          "mean" : 0.000000,
          "stddev" : 0.000000,
          "N" : 0
        }
      },
      "job_runtime" : 11520001,
      "usr_cpu" : 97.919714,
      "sys_cpu" : 0.092187,
      "ctx" : 584520,
      "majf" : 196635,
      "minf" : 130206,
      "iodepth_level" : {
        "1" : 100.000000,
        "2" : 0.000000,
        "4" : 0.000000,
        "8" : 0.000000,
        "16" : 0.000000,
        "32" : 0.000000,
        ">=64" : 0.000000
      },
      "iodepth_submit" : {
        "0" : 0.000000,
        "4" : 100.000000,
        "8" : 0.000000,
        "16" : 0.000000,
        "32" : 0.000000,
        "64" : 0.000000,
        ">=64" : 0.000000
      },
      "iodepth_complete" : {
        "0" : 0.000000,
        "4" : 100.000000,
        "8" : 0.000000,
        "16" : 0.000000,
        "32" : 0.000000,
        "64" : 0.000000,
        ">=64" : 0.000000
      },
      "latency_ns" : {
        "2" : 0.000000,
        "4" : 0.000000,
        "10" : 0.000000,
        "20" : 0.000000,
        "50" : 0.000000,
        "100" : 0.010000,
        "250" : 32.417430,
        "500" : 19.086399,
        "750" : 19.027158,
        "1000" : 16.006331
      },
      "latency_us" : {
        "2" : 13.303339,
        "4" : 0.082103,
        "10" : 0.011657,
        "20" : 0.057712,
        "50" : 0.010000,
        "100" : 0.010000,
        "250" : 0.010000,
        "500" : 0.010000,
        "750" : 0.010000,
        "1000" : 0.010000
      },
      "latency_ms" : {
        "2" : 0.010000,
        "4" : 0.010000,
        "10" : 0.010000,
        "20" : 0.000000,
        "50" : 0.000000,
        "100" : 0.000000,
        "250" : 0.000000,
        "500" : 0.000000,
        "750" : 0.000000,
        "1000" : 0.000000,
        "2000" : 0.000000,
        ">=2000" : 0.000000
      },
      "latency_depth" : 1,
      "latency_target" : 0,
      "latency_percentile" : 100.000000,
      "latency_window" : 0
    }
  ],
  "disk_util" : [
    {
      "name" : "sdb",
      "read_ios" : 196600,
      "write_ios" : 37408,
      "read_sectors" : 1574304,
      "write_sectors" : 1575608,
      "read_merges" : 188,
      "write_merges" : 675,
      "read_ticks" : 192326,
      "write_ticks" : 45794,
      "in_queue" : 238127,
      "util" : 1.928505
    }
  ]
}
