{
  "fio version" : "fio-3.40",
  "timestamp" : 1772048833,
  "timestamp_ms" : 1772048833630,
  "time" : "Wed Feb 25 20:47:13 2026",
  "global options" : {
    "group_reporting" : "",
    "ioengine" : "mmap",
    "size" : "768m",
    "thread" : "1",
    "directory" : "/tmp",
    "time_based" : "",
    "runtime" : "210",
    "norandommap" : "1",
    "filename" : "/tmp/fio_readwrite",
    "share_mmap" : "1",
    "repl" : "1"
  },
  "jobs" : [
    {
      "jobname" : "readers",
      "groupid" : 0,
      "job_start" : 1772048623433,
      "error" : 0,
      "eta" : 0,
      "elapsed" : 211,
      "job options" : {
        "rw" : "randread",
        "random_distribution" : "random",
        "numjobs" : "64"
      },
      "read" : {
        "io_bytes" : 23360707096576,
        "io_kbytes" : 22813190524,
        "bw_bytes" : 111240402932,
        "bw" : 108633205,
        "iops" : 27158301.497129,
        "runtime" : 210002,
        "total_ios" : 5703297631,
        "short_ios" : 0,
        "drop_ios" : 0,
        "slat_ns" : {
          "min" : 0,
          "max" : 0,
          "mean" : 0.000000,
          "stddev" : 0.000000,
          "N" : 0
        },
        "clat_ns" : {
          "min" : 98,
          "max" : 22858365,
          "mean" : 1904.009150,
          "stddev" : 7409.594132,
          "N" : 5703297631,
          "percentile" : {
            "1.000000" : 588,
            "5.000000" : 860,
            "10.000000" : 1064,
            "20.000000" : 1336,
            "30.000000" : 1528,
            "40.000000" : 1688,
            "50.000000" : 1832,
            "60.000000" : 1992,
            "70.000000" : 2160,
            "80.000000" : 2352,
            "90.000000" : 2640,
            "95.000000" : 2896,
            "99.000000" : 3440,
            "99.500000" : 3696,
            "99.900000" : 14272,
            "99.950000" : 17024,
            "99.990000" : 19328
          }
        },
        "lat_ns" : {
          "min" : 125,
          "max" : 22858396,
          "mean" : 1951.885758,
          "stddev" : 7414.777692,
          "N" : 5703297631
        },
        "bw_min" : 4429297,
        "bw_max" : 134003402,
        "bw_agg" : 100.000000,
        "bw_mean" : 109049455.211464,
        "bw_dev" : 210083.316560,
        "bw_samples" : 26742,
        "iops_min" : 1107323,
        "iops_max" : 33500828,
        "iops_mean" : 27262347.564842,
        "iops_stddev" : 52520.798217,
        "iops_samples" : 26742
      },
      "write" : {
        "io_bytes" : 0,
        "io_kbytes" : 0,
        "bw_bytes" : 0,
        "bw" : 0,
        "iops" : 0.000000,
        "runtime" : 0,
        "total_ios" : 0,
        "short_ios" : 0,
        "drop_ios" : 0,
        "slat_ns" : {
          "min" : 0,
          "max" : 0,
          "mean" : 0.000000,
          "stddev" : 0.000000,
          "N" : 0
        },
        "clat_ns" : {
          "min" : 0,
          "max" : 0,
          "mean" : 0.000000,
          "stddev" : 0.000000,
          "N" : 0
        },
        "lat_ns" : {
          "min" : 0,
          "max" : 0,
          "mean" : 0.000000,
          "stddev" : 0.000000,
          "N" : 0
        },
        "bw_min" : 0,
        "bw_max" : 0,
        "bw_agg" : 0.000000,
        "bw_mean" : 0.000000,
        "bw_dev" : 0.000000,
        "bw_samples" : 0,
        "iops_min" : 0,
        "iops_max" : 0,
        "iops_mean" : 0.000000,
        "iops_stddev" : 0.000000,
        "iops_samples" : 0
      },
      "trim" : {
        "io_bytes" : 0,
        "io_kbytes" : 0,
        "bw_bytes" : 0,
        "bw" : 0,
        "iops" : 0.000000,
        "runtime" : 0,
        "total_ios" : 0,
        "short_ios" : 0,
        "drop_ios" : 0,
        "slat_ns" : {
          "min" : 0,
          "max" : 0,
          "mean" : 0.000000,
          "stddev" : 0.000000,
          "N" : 0
        },
        "clat_ns" : {
          "min" : 0,
          "max" : 0,
          "mean" : 0.000000,
          "stddev" : 0.000000,
          "N" : 0
        },
        "lat_ns" : {
          "min" : 0,
          "max" : 0,
          "mean" : 0.000000,
          "stddev" : 0.000000,
          "N" : 0
        },
        "bw_min" : 0,
        "bw_max" : 0,
        "bw_agg" : 0.000000,
        "bw_mean" : 0.000000,
        "bw_dev" : 0.000000,
        "bw_samples" : 0,
        "iops_min" : 0,
        "iops_max" : 0,
        "iops_mean" : 0.000000,
        "iops_stddev" : 0.000000,
        "iops_samples" : 0
      },
      "sync" : {
        "total_ios" : 0,
        "lat_ns" : {
          "min" : 0,
          "max" : 0,
          "mean" : 0.000000,
          "stddev" : 0.000000,
          "N" : 0
        }
      },
      "job_runtime" : 13440013,
      "usr_cpu" : 98.145061,
      "sys_cpu" : 0.085491,
      "ctx" : 656335,
      "majf" : 196634,
      "minf" : 97808,
      "iodepth_level" : {
        "1" : 100.000000,
        "2" : 0.000000,
        "4" : 0.000000,
        "8" : 0.000000,
        "16" : 0.000000,
        "32" : 0.000000,
        ">=64" : 0.000000
      },
      "iodepth_submit" : {
        "0" : 0.000000,
        "4" : 100.000000,
        "8" : 0.000000,
        "16" : 0.000000,
        "32" : 0.000000,
        "64" : 0.000000,
        ">=64" : 0.000000
      },
      "iodepth_complete" : {
        "0" : 0.000000,
        "4" : 100.000000,
        "8" : 0.000000,
        "16" : 0.000000,
        "32" : 0.000000,
        "64" : 0.000000,
        ">=64" : 0.000000
      },
      "latency_ns" : {
        "2" : 0.000000,
        "4" : 0.000000,
        "10" : 0.000000,
        "20" : 0.000000,
        "50" : 0.000000,
        "100" : 0.010000,
        "250" : 0.049315,
        "500" : 0.229784,
        "750" : 2.712262,
        "1000" : 5.359243
      },
      "latency_us" : {
        "2" : 52.536392,
        "4" : 38.846472,
        "10" : 0.122497,
        "20" : 0.134714,
        "50" : 0.010000,
        "100" : 0.010000,
        "250" : 0.010000,
        "500" : 0.010000,
        "750" : 0.010000,
        "1000" : 0.010000
      },
      "latency_ms" : {
        "2" : 0.010000,
        "4" : 0.010000,
        "10" : 0.010000,
        "20" : 0.010000,
        "50" : 0.010000,
        "100" : 0.000000,
        "250" : 0.000000,
        "500" : 0.000000,
        "750" : 0.000000,
        "1000" : 0.000000,
        "2000" : 0.000000,
        ">=2000" : 0.000000
      },
      "latency_depth" : 1,
      "latency_target" : 0,
      "latency_percentile" : 100.000000,
      "latency_window" : 0
    }
  ],
  "disk_util" : [
    {
      "name" : "sdb",
      "read_ios" : 196666,
      "write_ios" : 38200,
      "read_sectors" : 1576568,
      "write_sectors" : 1576592,
      "read_merges" : 281,
      "write_merges" : 688,
      "read_ticks" : 191509,
      "write_ticks" : 58009,
      "in_queue" : 249524,
      "util" : 1.805008
    }
  ]
}
