{
  "fio version" : "fio-3.40",
  "timestamp" : 1756995011,
  "timestamp_ms" : 1756995011710,
  "time" : "Thu Sep  4 16:10:11 2025",
  "global options" : {
    "group_reporting" : "",
    "ioengine" : "mmap",
    "size" : "256m",
    "thread" : "1",
    "directory" : "/tmp",
    "time_based" : "",
    "runtime" : "30",
    "filename" : "/tmp/fio_readwrite",
    "share_mmap" : "1",
    "repl" : "1"
  },
  "jobs" : [
    {
      "jobname" : "readers",
      "groupid" : 0,
      "job_start" : 1756994981307,
      "error" : 0,
      "eta" : 0,
      "elapsed" : 31,
      "job options" : {
        "rw" : "randread",
        "random_distribution" : "random",
        "numjobs" : "64"
      },
      "read" : {
        "io_bytes" : 618274496512,
        "io_kbytes" : 603783688,
        "bw_bytes" : 20382227748,
        "bw" : 19904519,
        "iops" : 4976129.821323,
        "runtime" : 30334,
        "total_ios" : 150945922,
        "short_ios" : 0,
        "drop_ios" : 0,
        "slat_ns" : {
          "min" : 0,
          "max" : 0,
          "mean" : 0.000000,
          "stddev" : 0.000000,
          "N" : 0
        },
        "clat_ns" : {
          "min" : 99,
          "max" : 8080606,
          "mean" : 1241.900655,
          "stddev" : 29087.063969,
          "N" : 150945922,
          "percentile" : {
            "1.000000" : 237,
            "5.000000" : 378,
            "10.000000" : 418,
            "20.000000" : 442,
            "30.000000" : 506,
            "40.000000" : 588,
            "50.000000" : 628,
            "60.000000" : 676,
            "70.000000" : 740,
            "80.000000" : 828,
            "90.000000" : 988,
            "95.000000" : 1368,
            "99.000000" : 2352,
            "99.500000" : 2704,
            "99.900000" : 3632,
            "99.950000" : 27776,
            "99.990000" : 1597440
          }
        },
        "lat_ns" : {
          "min" : 127,
          "max" : 8080642,
          "mean" : 1280.991659,
          "stddev" : 29092.463410,
          "N" : 150945922
        },
        "bw_min" : 264477,
        "bw_max" : 34586362,
        "bw_agg" : 100.000000,
        "bw_mean" : 28190390.733987,
        "bw_dev" : 162746.241097,
        "bw_samples" : 2737,
        "iops_min" : 66119,
        "iops_max" : 8646590,
        "iops_mean" : 7047592.181556,
        "iops_stddev" : 40686.562605,
        "iops_samples" : 2737
      },
      "write" : {
        "io_bytes" : 0,
        "io_kbytes" : 0,
        "bw_bytes" : 0,
        "bw" : 0,
        "iops" : 0.000000,
        "runtime" : 0,
        "total_ios" : 0,
        "short_ios" : 0,
        "drop_ios" : 0,
        "slat_ns" : {
          "min" : 0,
          "max" : 0,
          "mean" : 0.000000,
          "stddev" : 0.000000,
          "N" : 0
        },
        "clat_ns" : {
          "min" : 0,
          "max" : 0,
          "mean" : 0.000000,
          "stddev" : 0.000000,
          "N" : 0
        },
        "lat_ns" : {
          "min" : 0,
          "max" : 0,
          "mean" : 0.000000,
          "stddev" : 0.000000,
          "N" : 0
        },
        "bw_min" : 0,
        "bw_max" : 0,
        "bw_agg" : 0.000000,
        "bw_mean" : 0.000000,
        "bw_dev" : 0.000000,
        "bw_samples" : 0,
        "iops_min" : 0,
        "iops_max" : 0,
        "iops_mean" : 0.000000,
        "iops_stddev" : 0.000000,
        "iops_samples" : 0
      },
      "trim" : {
        "io_bytes" : 0,
        "io_kbytes" : 0,
        "bw_bytes" : 0,
        "bw" : 0,
        "iops" : 0.000000,
        "runtime" : 0,
        "total_ios" : 0,
        "short_ios" : 0,
        "drop_ios" : 0,
        "slat_ns" : {
          "min" : 0,
          "max" : 0,
          "mean" : 0.000000,
          "stddev" : 0.000000,
          "N" : 0
        },
        "clat_ns" : {
          "min" : 0,
          "max" : 0,
          "mean" : 0.000000,
          "stddev" : 0.000000,
          "N" : 0
        },
        "lat_ns" : {
          "min" : 0,
          "max" : 0,
          "mean" : 0.000000,
          "stddev" : 0.000000,
          "N" : 0
        },
        "bw_min" : 0,
        "bw_max" : 0,
        "bw_agg" : 0.000000,
        "bw_mean" : 0.000000,
        "bw_dev" : 0.000000,
        "bw_samples" : 0,
        "iops_min" : 0,
        "iops_max" : 0,
        "iops_mean" : 0.000000,
        "iops_stddev" : 0.000000,
        "iops_samples" : 0
      },
      "sync" : {
        "total_ios" : 0,
        "lat_ns" : {
          "min" : 0,
          "max" : 0,
          "mean" : 0.000000,
          "stddev" : 0.000000,
          "N" : 0
        }
      },
      "job_runtime" : 1932124,
      "usr_cpu" : 8.551470,
      "sys_cpu" : 86.055812,
      "ctx" : 257515,
      "majf" : 65538,
      "minf" : 370,
      "iodepth_level" : {
        "1" : 100.000000,
        "2" : 0.000000,
        "4" : 0.000000,
        "8" : 0.000000,
        "16" : 0.000000,
        "32" : 0.000000,
        ">=64" : 0.000000
      },
      "iodepth_submit" : {
        "0" : 0.000000,
        "4" : 100.000000,
        "8" : 0.000000,
        "16" : 0.000000,
        "32" : 0.000000,
        "64" : 0.000000,
        ">=64" : 0.000000
      },
      "iodepth_complete" : {
        "0" : 0.000000,
        "4" : 100.000000,
        "8" : 0.000000,
        "16" : 0.000000,
        "32" : 0.000000,
        "64" : 0.000000,
        ">=64" : 0.000000
      },
      "latency_ns" : {
        "2" : 0.000000,
        "4" : 0.000000,
        "10" : 0.000000,
        "20" : 0.000000,
        "50" : 0.000000,
        "100" : 0.010000,
        "250" : 1.638764,
        "500" : 27.867123,
        "750" : 41.772723,
        "1000" : 19.043131
      },
      "latency_us" : {
        "2" : 7.688595,
        "4" : 1.911173,
        "10" : 0.013191,
        "20" : 0.010000,
        "50" : 0.016686,
        "100" : 0.010000,
        "250" : 0.010000,
        "500" : 0.010000,
        "750" : 0.010000,
        "1000" : 0.010000
      },
      "latency_ms" : {
        "2" : 0.020564,
        "4" : 0.010000,
        "10" : 0.010000,
        "20" : 0.000000,
        "50" : 0.000000,
        "100" : 0.000000,
        "250" : 0.000000,
        "500" : 0.000000,
        "750" : 0.000000,
        "1000" : 0.000000,
        "2000" : 0.000000,
        ">=2000" : 0.000000
      },
      "latency_depth" : 1,
      "latency_target" : 0,
      "latency_percentile" : 100.000000,
      "latency_window" : 0
    }
  ],
  "disk_util" : [
    {
      "name" : "sda",
      "read_ios" : 65743,
      "write_ios" : 71,
      "read_sectors" : 565024,
      "write_sectors" : 2744,
      "read_merges" : 157,
      "write_merges" : 119,
      "read_ticks" : 79432,
      "write_ticks" : 18,
      "in_queue" : 79450,
      "util" : 3.787829
    }
  ]
}
