{
  "fio version" : "fio-3.40",
  "timestamp" : 1769907011,
  "timestamp_ms" : 1769907011428,
  "time" : "Sun Feb  1 01:50:11 2026",
  "global options" : {
    "group_reporting" : "",
    "ioengine" : "mmap",
    "size" : "768m",
    "thread" : "1",
    "directory" : "/tmp",
    "time_based" : "",
    "runtime" : "180",
    "norandommap" : "1",
    "filename" : "/tmp/fio_readwrite",
    "share_mmap" : "1",
    "repl" : "1"
  },
  "jobs" : [
    {
      "jobname" : "writers",
      "groupid" : 0,
      "job_start" : 1769906831336,
      "error" : 0,
      "eta" : 0,
      "elapsed" : 181,
      "job options" : {
        "rw" : "randread",
        "random_distribution" : "random",
        "numjobs" : "6"
      },
      "read" : {
        "io_bytes" : 100593143808,
        "io_kbytes" : 98235492,
        "bw_bytes" : 558844589,
        "bw" : 545746,
        "iops" : 136436.667370,
        "runtime" : 180002,
        "total_ios" : 24558873,
        "short_ios" : 0,
        "drop_ios" : 0,
        "slat_ns" : {
          "min" : 0,
          "max" : 0,
          "mean" : 0.000000,
          "stddev" : 0.000000,
          "N" : 0
        },
        "clat_ns" : {
          "min" : 104,
          "max" : 130753863,
          "mean" : 43169.142637,
          "stddev" : 94298.671290,
          "N" : 24558873,
          "percentile" : {
            "1.000000" : 462,
            "5.000000" : 548,
            "10.000000" : 596,
            "20.000000" : 684,
            "30.000000" : 804,
            "40.000000" : 932,
            "50.000000" : 1704,
            "60.000000" : 68096,
            "70.000000" : 79360,
            "80.000000" : 88576,
            "90.000000" : 102912,
            "95.000000" : 123392,
            "99.000000" : 230400,
            "99.500000" : 264192,
            "99.900000" : 403456,
            "99.950000" : 692224,
            "99.990000" : 2146304
          }
        },
        "lat_ns" : {
          "min" : 134,
          "max" : 130755312,
          "mean" : 43235.605090,
          "stddev" : 94313.646383,
          "N" : 24558873
        },
        "bw_min" : 75582,
        "bw_max" : 1019597,
        "bw_agg" : 100.000000,
        "bw_mean" : 550036.604265,
        "bw_dev" : 22783.703856,
        "bw_samples" : 2143,
        "iops_min" : 18894,
        "iops_max" : 254898,
        "iops_mean" : 137508.289774,
        "iops_stddev" : 5695.928549,
        "iops_samples" : 2143
      },
      "write" : {
        "io_bytes" : 494032736256,
        "io_kbytes" : 482453844,
        "bw_bytes" : 2744580569,
        "bw" : 2680254,
        "iops" : 670063.615606,
        "runtime" : 180003,
        "total_ios" : 120613461,
        "short_ios" : 0,
        "drop_ios" : 0,
        "slat_ns" : {
          "min" : 0,
          "max" : 0,
          "mean" : 0.000000,
          "stddev" : 0.000000,
          "N" : 0
        },
        "clat_ns" : {
          "min" : 102,
          "max" : 128678083,
          "mean" : 85541.324952,
          "stddev" : 146569.646778,
          "N" : 120613461,
          "percentile" : {
            "1.000000" : 510,
            "5.000000" : 596,
            "10.000000" : 644,
            "20.000000" : 764,
            "30.000000" : 908,
            "40.000000" : 1160,
            "50.000000" : 71168,
            "60.000000" : 140288,
            "70.000000" : 154624,
            "80.000000" : 166912,
            "90.000000" : 187392,
            "95.000000" : 218112,
            "99.000000" : 317440,
            "99.500000" : 358400,
            "99.900000" : 749568,
            "99.950000" : 1073152,
            "99.990000" : 4145152
          }
        },
        "lat_ns" : {
          "min" : 143,
          "max" : 128678151,
          "mean" : 85643.771975,
          "stddev" : 146585.932650,
          "N" : 120613461
        },
        "bw_min" : 438146,
        "bw_max" : 4735191,
        "bw_agg" : 100.000000,
        "bw_mean" : 2695280.498991,
        "bw_dev" : 11597.568581,
        "bw_samples" : 20734,
        "iops_min" : 109529,
        "iops_max" : 1183791,
        "iops_mean" : 673811.386226,
        "iops_stddev" : 2899.390499,
        "iops_samples" : 20734
      },
      "trim" : {
        "io_bytes" : 0,
        "io_kbytes" : 0,
        "bw_bytes" : 0,
        "bw" : 0,
        "iops" : 0.000000,
        "runtime" : 0,
        "total_ios" : 0,
        "short_ios" : 0,
        "drop_ios" : 0,
        "slat_ns" : {
          "min" : 0,
          "max" : 0,
          "mean" : 0.000000,
          "stddev" : 0.000000,
          "N" : 0
        },
        "clat_ns" : {
          "min" : 0,
          "max" : 0,
          "mean" : 0.000000,
          "stddev" : 0.000000,
          "N" : 0
        },
        "lat_ns" : {
          "min" : 0,
          "max" : 0,
          "mean" : 0.000000,
          "stddev" : 0.000000,
          "N" : 0
        },
        "bw_min" : 0,
        "bw_max" : 0,
        "bw_agg" : 0.000000,
        "bw_mean" : 0.000000,
        "bw_dev" : 0.000000,
        "bw_samples" : 0,
        "iops_min" : 0,
        "iops_max" : 0,
        "iops_mean" : 0.000000,
        "iops_stddev" : 0.000000,
        "iops_samples" : 0
      },
      "sync" : {
        "total_ios" : 0,
        "lat_ns" : {
          "min" : 0,
          "max" : 0,
          "mean" : 0.000000,
          "stddev" : 0.000000,
          "N" : 0
        }
      },
      "job_runtime" : 11520015,
      "usr_cpu" : 2.889944,
      "sys_cpu" : 94.230355,
      "ctx" : 712617,
      "majf" : 196625,
      "minf" : 71953356,
      "iodepth_level" : {
        "1" : 100.000000,
        "2" : 0.000000,
        "4" : 0.000000,
        "8" : 0.000000,
        "16" : 0.000000,
        "32" : 0.000000,
        ">=64" : 0.000000
      },
      "iodepth_submit" : {
        "0" : 0.000000,
        "4" : 100.000000,
        "8" : 0.000000,
        "16" : 0.000000,
        "32" : 0.000000,
        "64" : 0.000000,
        ">=64" : 0.000000
      },
      "iodepth_complete" : {
        "0" : 0.000000,
        "4" : 100.000000,
        "8" : 0.000000,
        "16" : 0.000000,
        "32" : 0.000000,
        "64" : 0.000000,
        ">=64" : 0.000000
      },
      "latency_ns" : {
        "2" : 0.000000,
        "4" : 0.000000,
        "10" : 0.000000,
        "20" : 0.000000,
        "50" : 0.000000,
        "100" : 0.000000,
        "250" : 0.021043,
        "500" : 0.996830,
        "750" : 18.933232,
        "1000" : 16.550988
      },
      "latency_us" : {
        "2" : 8.451330,
        "4" : 3.802203,
        "10" : 1.557038,
        "20" : 0.042871,
        "50" : 0.096514,
        "100" : 10.896684,
        "250" : 35.972269,
        "500" : 2.527058,
        "750" : 0.061822,
        "1000" : 0.038758
      },
      "latency_ms" : {
        "2" : 0.027000,
        "4" : 0.010677,
        "10" : 0.013275,
        "20" : 0.010000,
        "50" : 0.010000,
        "100" : 0.010000,
        "250" : 0.010000,
        "500" : 0.000000,
        "750" : 0.000000,
        "1000" : 0.000000,
        "2000" : 0.000000,
        ">=2000" : 0.000000
      },
      "latency_depth" : 1,
      "latency_target" : 0,
      "latency_percentile" : 100.000000,
      "latency_window" : 0
    }
  ],
  "disk_util" : [
    {
      "name" : "sdb",
      "read_ios" : 196602,
      "write_ios" : 101222,
      "read_sectors" : 1574256,
      "write_sectors" : 38024320,
      "read_merges" : 180,
      "write_merges" : 791,
      "read_ticks" : 183697,
      "write_ticks" : 17435855,
      "in_queue" : 17619566,
      "util" : 25.383819
    }
  ]
}
