{
  "fio version" : "fio-3.40",
  "timestamp" : 1772059589,
  "timestamp_ms" : 1772059589792,
  "time" : "Wed Feb 25 23:46:29 2026",
  "global options" : {
    "group_reporting" : "",
    "ioengine" : "mmap",
    "size" : "768m",
    "thread" : "1",
    "directory" : "/tmp",
    "time_based" : "",
    "runtime" : "210",
    "norandommap" : "1",
    "filename" : "/tmp/fio_readwrite",
    "share_mmap" : "1",
    "repl" : "1"
  },
  "jobs" : [
    {
      "jobname" : "writers",
      "groupid" : 0,
      "job_start" : 1772059379671,
      "error" : 0,
      "eta" : 0,
      "elapsed" : 211,
      "job options" : {
        "rw" : "randread",
        "random_distribution" : "random",
        "numjobs" : "45"
      },
      "read" : {
        "io_bytes" : 14494530510848,
        "io_kbytes" : 14154814952,
        "bw_bytes" : 69020916519,
        "bw" : 67403238,
        "iops" : 16850809.697051,
        "runtime" : 210002,
        "total_ios" : 3538703738,
        "short_ios" : 0,
        "drop_ios" : 0,
        "slat_ns" : {
          "min" : 0,
          "max" : 0,
          "mean" : 0.000000,
          "stddev" : 0.000000,
          "N" : 0
        },
        "clat_ns" : {
          "min" : 99,
          "max" : 132055393,
          "mean" : 2158.594870,
          "stddev" : 17252.058366,
          "N" : 3538703738,
          "percentile" : {
            "1.000000" : 426,
            "5.000000" : 482,
            "10.000000" : 510,
            "20.000000" : 556,
            "30.000000" : 604,
            "40.000000" : 676,
            "50.000000" : 764,
            "60.000000" : 844,
            "70.000000" : 948,
            "80.000000" : 1112,
            "90.000000" : 2416,
            "95.000000" : 3728,
            "99.000000" : 66048,
            "99.500000" : 75264,
            "99.900000" : 101888,
            "99.950000" : 121344,
            "99.990000" : 175104
          }
        },
        "lat_ns" : {
          "min" : 126,
          "max" : 132055431,
          "mean" : 2213.377019,
          "stddev" : 17451.952237,
          "N" : 3538703738
        },
        "bw_min" : 5150082,
        "bw_max" : 81856263,
        "bw_agg" : 100.000000,
        "bw_mean" : 67749111.197041,
        "bw_dev" : 244980.491468,
        "bw_samples" : 18783,
        "iops_min" : 1287513,
        "iops_max" : 20464018,
        "iops_mean" : 16937266.813051,
        "iops_stddev" : 61245.091115,
        "iops_samples" : 18783
      },
      "write" : {
        "io_bytes" : 208077414400,
        "io_kbytes" : 203200600,
        "bw_bytes" : 990835393,
        "bw" : 967612,
        "iops" : 241903.172351,
        "runtime" : 210002,
        "total_ios" : 50800150,
        "short_ios" : 0,
        "drop_ios" : 0,
        "slat_ns" : {
          "min" : 0,
          "max" : 0,
          "mean" : 0.000000,
          "stddev" : 0.000000,
          "N" : 0
        },
        "clat_ns" : {
          "min" : 112,
          "max" : 128163358,
          "mean" : 77472.018091,
          "stddev" : 79194.532368,
          "N" : 50800150,
          "percentile" : {
            "1.000000" : 1080,
            "5.000000" : 57088,
            "10.000000" : 60672,
            "20.000000" : 64256,
            "30.000000" : 67072,
            "40.000000" : 70144,
            "50.000000" : 72192,
            "60.000000" : 75264,
            "70.000000" : 79360,
            "80.000000" : 84480,
            "90.000000" : 94720,
            "95.000000" : 116224,
            "99.000000" : 160768,
            "99.500000" : 193536,
            "99.900000" : 561152,
            "99.950000" : 921600,
            "99.990000" : 4014080
          }
        },
        "lat_ns" : {
          "min" : 152,
          "max" : 128163471,
          "mean" : 77598.677811,
          "stddev" : 79199.676867,
          "N" : 50800150
        },
        "bw_min" : 152531,
        "bw_max" : 1134445,
        "bw_agg" : 100.000000,
        "bw_mean" : 971640.547413,
        "bw_dev" : 5454.294265,
        "bw_samples" : 7937,
        "iops_min" : 38132,
        "iops_max" : 283609,
        "iops_mean" : 242905.649909,
        "iops_stddev" : 1363.550480,
        "iops_samples" : 7937
      },
      "trim" : {
        "io_bytes" : 0,
        "io_kbytes" : 0,
        "bw_bytes" : 0,
        "bw" : 0,
        "iops" : 0.000000,
        "runtime" : 0,
        "total_ios" : 0,
        "short_ios" : 0,
        "drop_ios" : 0,
        "slat_ns" : {
          "min" : 0,
          "max" : 0,
          "mean" : 0.000000,
          "stddev" : 0.000000,
          "N" : 0
        },
        "clat_ns" : {
          "min" : 0,
          "max" : 0,
          "mean" : 0.000000,
          "stddev" : 0.000000,
          "N" : 0
        },
        "lat_ns" : {
          "min" : 0,
          "max" : 0,
          "mean" : 0.000000,
          "stddev" : 0.000000,
          "N" : 0
        },
        "bw_min" : 0,
        "bw_max" : 0,
        "bw_agg" : 0.000000,
        "bw_mean" : 0.000000,
        "bw_dev" : 0.000000,
        "bw_samples" : 0,
        "iops_min" : 0,
        "iops_max" : 0,
        "iops_mean" : 0.000000,
        "iops_stddev" : 0.000000,
        "iops_samples" : 0
      },
      "sync" : {
        "total_ios" : 0,
        "lat_ns" : {
          "min" : 0,
          "max" : 0,
          "mean" : 0.000000,
          "stddev" : 0.000000,
          "N" : 0
        }
      },
      "job_runtime" : 13440005,
      "usr_cpu" : 42.330453,
      "sys_cpu" : 55.166207,
      "ctx" : 820263,
      "majf" : 196627,
      "minf" : 99669427,
      "iodepth_level" : {
        "1" : 100.000000,
        "2" : 0.000000,
        "4" : 0.000000,
        "8" : 0.000000,
        "16" : 0.000000,
        "32" : 0.000000,
        ">=64" : 0.000000
      },
      "iodepth_submit" : {
        "0" : 0.000000,
        "4" : 100.000000,
        "8" : 0.000000,
        "16" : 0.000000,
        "32" : 0.000000,
        "64" : 0.000000,
        ">=64" : 0.000000
      },
      "iodepth_complete" : {
        "0" : 0.000000,
        "4" : 100.000000,
        "8" : 0.000000,
        "16" : 0.000000,
        "32" : 0.000000,
        "64" : 0.000000,
        ">=64" : 0.000000
      },
      "latency_ns" : {
        "2" : 0.000000,
        "4" : 0.000000,
        "10" : 0.000000,
        "20" : 0.000000,
        "50" : 0.000000,
        "100" : 0.010000,
        "250" : 0.058560,
        "500" : 7.931261,
        "750" : 39.781892,
        "1000" : 25.046646
      },
      "latency_us" : {
        "2" : 14.185079,
        "4" : 7.432564,
        "10" : 2.702145,
        "20" : 0.078561,
        "50" : 0.016003,
        "100" : 2.545903,
        "250" : 0.213897,
        "500" : 0.010000,
        "750" : 0.010000,
        "1000" : 0.010000
      },
      "latency_ms" : {
        "2" : 0.010000,
        "4" : 0.010000,
        "10" : 0.010000,
        "20" : 0.010000,
        "50" : 0.010000,
        "100" : 0.010000,
        "250" : 0.010000,
        "500" : 0.000000,
        "750" : 0.000000,
        "1000" : 0.000000,
        "2000" : 0.000000,
        ">=2000" : 0.000000
      },
      "latency_depth" : 1,
      "latency_target" : 0,
      "latency_percentile" : 100.000000,
      "latency_window" : 0
    }
  ],
  "disk_util" : [
    {
      "name" : "sdb",
      "read_ios" : 196663,
      "write_ios" : 73498,
      "read_sectors" : 1576552,
      "write_sectors" : 24890872,
      "read_merges" : 282,
      "write_merges" : 681,
      "read_ticks" : 180815,
      "write_ticks" : 13970413,
      "in_queue" : 14151237,
      "util" : 13.420475
    }
  ]
}
