{
  "fio version" : "fio-3.40",
  "timestamp" : 1771986128,
  "timestamp_ms" : 1771986128454,
  "time" : "Wed Feb 25 03:22:08 2026",
  "global options" : {
    "group_reporting" : "",
    "ioengine" : "mmap",
    "size" : "768m",
    "thread" : "1",
    "directory" : "/tmp",
    "time_based" : "",
    "runtime" : "180",
    "norandommap" : "1",
    "filename" : "/tmp/fio_readwrite",
    "share_mmap" : "1",
    "repl" : "1"
  },
  "jobs" : [
    {
      "jobname" : "writers",
      "groupid" : 0,
      "job_start" : 1771985948235,
      "error" : 0,
      "eta" : 0,
      "elapsed" : 181,
      "job options" : {
        "rw" : "randread",
        "random_distribution" : "random",
        "numjobs" : "61"
      },
      "read" : {
        "io_bytes" : 16042133946368,
        "io_kbytes" : 15666146432,
        "bw_bytes" : 89121976124,
        "bw" : 87033179,
        "iops" : 21758294.952278,
        "runtime" : 180002,
        "total_ios" : 3916536608,
        "short_ios" : 0,
        "drop_ios" : 0,
        "slat_ns" : {
          "min" : 0,
          "max" : 0,
          "mean" : 0.000000,
          "stddev" : 0.000000,
          "N" : 0
        },
        "clat_ns" : {
          "min" : 126,
          "max" : 116038979,
          "mean" : 2146.894809,
          "stddev" : 11401.894344,
          "N" : 3916536608,
          "percentile" : {
            "1.000000" : 844,
            "5.000000" : 1176,
            "10.000000" : 1352,
            "20.000000" : 1576,
            "30.000000" : 1736,
            "40.000000" : 1880,
            "50.000000" : 2008,
            "60.000000" : 2160,
            "70.000000" : 2320,
            "80.000000" : 2544,
            "90.000000" : 2864,
            "95.000000" : 3216,
            "99.000000" : 4048,
            "99.500000" : 4384,
            "99.900000" : 5280,
            "99.950000" : 15040,
            "99.990000" : 23424
          }
        },
        "lat_ns" : {
          "min" : 160,
          "max" : 116039065,
          "mean" : 2216.841382,
          "stddev" : 11496.124419,
          "N" : 3916536608
        },
        "bw_min" : 122344,
        "bw_max" : 98558470,
        "bw_agg" : 100.000000,
        "bw_mean" : 87832070.587079,
        "bw_dev" : 198916.653220,
        "bw_samples" : 21716,
        "iops_min" : 30586,
        "iops_max" : 24639597,
        "iops_mean" : 21958006.505618,
        "iops_stddev" : 49729.136637,
        "iops_samples" : 21716
      },
      "write" : {
        "io_bytes" : 703131078656,
        "io_kbytes" : 686651444,
        "bw_bytes" : 3906283770,
        "bw" : 3814730,
        "iops" : 953682.561111,
        "runtime" : 180000,
        "total_ios" : 171662861,
        "short_ios" : 0,
        "drop_ios" : 0,
        "slat_ns" : {
          "min" : 0,
          "max" : 0,
          "mean" : 0.000000,
          "stddev" : 0.000000,
          "N" : 0
        },
        "clat_ns" : {
          "min" : 128,
          "max" : 9157882,
          "mean" : 2444.429707,
          "stddev" : 10918.094625,
          "N" : 171662861,
          "percentile" : {
            "1.000000" : 884,
            "5.000000" : 1192,
            "10.000000" : 1384,
            "20.000000" : 1640,
            "30.000000" : 1848,
            "40.000000" : 2024,
            "50.000000" : 2192,
            "60.000000" : 2352,
            "70.000000" : 2544,
            "80.000000" : 2768,
            "90.000000" : 3120,
            "95.000000" : 3536,
            "99.000000" : 10048,
            "99.500000" : 11840,
            "99.900000" : 18304,
            "99.950000" : 45312,
            "99.990000" : 73216
          }
        },
        "lat_ns" : {
          "min" : 178,
          "max" : 9157952,
          "mean" : 2538.826843,
          "stddev" : 11028.143984,
          "N" : 171662861
        },
        "bw_min" : 6088,
        "bw_max" : 4303408,
        "bw_agg" : 100.000000,
        "bw_mean" : 3849530.373596,
        "bw_dev" : 198525.484428,
        "bw_samples" : 1068,
        "iops_min" : 1522,
        "iops_max" : 1075848,
        "iops_mean" : 962382.199438,
        "iops_stddev" : 49631.367372,
        "iops_samples" : 1068
      },
      "trim" : {
        "io_bytes" : 0,
        "io_kbytes" : 0,
        "bw_bytes" : 0,
        "bw" : 0,
        "iops" : 0.000000,
        "runtime" : 0,
        "total_ios" : 0,
        "short_ios" : 0,
        "drop_ios" : 0,
        "slat_ns" : {
          "min" : 0,
          "max" : 0,
          "mean" : 0.000000,
          "stddev" : 0.000000,
          "N" : 0
        },
        "clat_ns" : {
          "min" : 0,
          "max" : 0,
          "mean" : 0.000000,
          "stddev" : 0.000000,
          "N" : 0
        },
        "lat_ns" : {
          "min" : 0,
          "max" : 0,
          "mean" : 0.000000,
          "stddev" : 0.000000,
          "N" : 0
        },
        "bw_min" : 0,
        "bw_max" : 0,
        "bw_agg" : 0.000000,
        "bw_mean" : 0.000000,
        "bw_dev" : 0.000000,
        "bw_samples" : 0,
        "iops_min" : 0,
        "iops_max" : 0,
        "iops_mean" : 0.000000,
        "iops_stddev" : 0.000000,
        "iops_samples" : 0
      },
      "sync" : {
        "total_ios" : 0,
        "lat_ns" : {
          "min" : 0,
          "max" : 0,
          "mean" : 0.000000,
          "stddev" : 0.000000,
          "N" : 0
        }
      },
      "job_runtime" : 11520004,
      "usr_cpu" : 96.461026,
      "sys_cpu" : 0.320668,
      "ctx" : 772677,
      "majf" : 196610,
      "minf" : 2691070,
      "iodepth_level" : {
        "1" : 100.000000,
        "2" : 0.000000,
        "4" : 0.000000,
        "8" : 0.000000,
        "16" : 0.000000,
        "32" : 0.000000,
        ">=64" : 0.000000
      },
      "iodepth_submit" : {
        "0" : 0.000000,
        "4" : 100.000000,
        "8" : 0.000000,
        "16" : 0.000000,
        "32" : 0.000000,
        "64" : 0.000000,
        ">=64" : 0.000000
      },
      "iodepth_complete" : {
        "0" : 0.000000,
        "4" : 100.000000,
        "8" : 0.000000,
        "16" : 0.000000,
        "32" : 0.000000,
        "64" : 0.000000,
        ">=64" : 0.000000
      },
      "latency_ns" : {
        "2" : 0.000000,
        "4" : 0.000000,
        "10" : 0.000000,
        "20" : 0.000000,
        "50" : 0.000000,
        "100" : 0.000000,
        "250" : 0.027111,
        "500" : 0.061207,
        "750" : 0.465402,
        "1000" : 1.760603
      },
      "latency_us" : {
        "2" : 46.345270,
        "4" : 50.182085,
        "10" : 1.059218,
        "20" : 0.082719,
        "50" : 0.010000,
        "100" : 0.010000,
        "250" : 0.010000,
        "500" : 0.010000,
        "750" : 0.010000,
        "1000" : 0.010000
      },
      "latency_ms" : {
        "2" : 0.010000,
        "4" : 0.010000,
        "10" : 0.010000,
        "20" : 0.010000,
        "50" : 0.010000,
        "100" : 0.010000,
        "250" : 0.010000,
        "500" : 0.000000,
        "750" : 0.000000,
        "1000" : 0.000000,
        "2000" : 0.000000,
        ">=2000" : 0.000000
      },
      "latency_depth" : 1,
      "latency_target" : 0,
      "latency_percentile" : 100.000000,
      "latency_window" : 0
    }
  ],
  "disk_util" : [
    {
      "name" : "sda",
      "read_ios" : 196706,
      "write_ios" : 132070,
      "read_sectors" : 1582872,
      "write_sectors" : 20883224,
      "read_merges" : 342,
      "write_merges" : 10515,
      "read_ticks" : 159463,
      "write_ticks" : 63497177,
      "in_queue" : 63656646,
      "util" : 12.727819
    }
  ]
}
