{
  "fio version" : "fio-3.40",
  "timestamp" : 1771886687,
  "timestamp_ms" : 1771886687254,
  "time" : "Mon Feb 23 23:44:47 2026",
  "global options" : {
    "group_reporting" : "",
    "ioengine" : "mmap",
    "size" : "768m",
    "thread" : "1",
    "directory" : "/tmp",
    "time_based" : "",
    "runtime" : "180",
    "norandommap" : "1",
    "filename" : "/tmp/fio_readwrite",
    "share_mmap" : "1",
    "repl" : "1"
  },
  "jobs" : [
    {
      "jobname" : "writers",
      "groupid" : 0,
      "job_start" : 1771886506963,
      "error" : 0,
      "eta" : 0,
      "elapsed" : 181,
      "job options" : {
        "rw" : "randread",
        "random_distribution" : "random",
        "numjobs" : "26"
      },
      "read" : {
        "io_bytes" : 905317937152,
        "io_kbytes" : 884099548,
        "bw_bytes" : 5029488212,
        "bw" : 4911609,
        "iops" : 1227902.395529,
        "runtime" : 180002,
        "total_ios" : 221024887,
        "short_ios" : 0,
        "drop_ios" : 0,
        "slat_ns" : {
          "min" : 0,
          "max" : 0,
          "mean" : 0.000000,
          "stddev" : 0.000000,
          "N" : 0
        },
        "clat_ns" : {
          "min" : 126,
          "max" : 172047787,
          "mean" : 20269.197042,
          "stddev" : 55726.603089,
          "N" : 221024887,
          "percentile" : {
            "1.000000" : 482,
            "5.000000" : 556,
            "10.000000" : 588,
            "20.000000" : 660,
            "30.000000" : 748,
            "40.000000" : 828,
            "50.000000" : 916,
            "60.000000" : 1032,
            "70.000000" : 1528,
            "80.000000" : 6432,
            "90.000000" : 88576,
            "95.000000" : 102912,
            "99.000000" : 156672,
            "99.500000" : 189440,
            "99.900000" : 268288,
            "99.950000" : 329728,
            "99.990000" : 1187840
          }
        },
        "lat_ns" : {
          "min" : 163,
          "max" : 172047829,
          "mean" : 20346.476140,
          "stddev" : 55766.661477,
          "N" : 221024887
        },
        "bw_min" : 473636,
        "bw_max" : 9541967,
        "bw_agg" : 100.000000,
        "bw_mean" : 4964869.379941,
        "bw_dev" : 46383.909427,
        "bw_samples" : 9246,
        "iops_min" : 118411,
        "iops_max" : 2385492,
        "iops_mean" : 1241211.827689,
        "iops_stddev" : 11595.956614,
        "iops_samples" : 9246
      },
      "write" : {
        "io_bytes" : 293602099200,
        "io_kbytes" : 286720800,
        "bw_bytes" : 1631104649,
        "bw" : 1592875,
        "iops" : 398218.908679,
        "runtime" : 180002,
        "total_ios" : 71680200,
        "short_ios" : 0,
        "drop_ios" : 0,
        "slat_ns" : {
          "min" : 0,
          "max" : 0,
          "mean" : 0.000000,
          "stddev" : 0.000000,
          "N" : 0
        },
        "clat_ns" : {
          "min" : 135,
          "max" : 69080486,
          "mean" : 93886.943024,
          "stddev" : 100700.700792,
          "N" : 71680200,
          "percentile" : {
            "1.000000" : 612,
            "5.000000" : 756,
            "10.000000" : 924,
            "20.000000" : 4768,
            "30.000000" : 75264,
            "40.000000" : 81408,
            "50.000000" : 87552,
            "60.000000" : 94720,
            "70.000000" : 108032,
            "80.000000" : 150528,
            "90.000000" : 175104,
            "95.000000" : 193536,
            "99.000000" : 261120,
            "99.500000" : 301056,
            "99.900000" : 708608,
            "99.950000" : 1105920,
            "99.990000" : 4145152
          }
        },
        "lat_ns" : {
          "min" : 190,
          "max" : 69080593,
          "mean" : 94051.199311,
          "stddev" : 100742.753804,
          "N" : 71680200
        },
        "bw_min" : 228312,
        "bw_max" : 2321821,
        "bw_agg" : 100.000000,
        "bw_mean" : 1603043.213946,
        "bw_dev" : 6206.015626,
        "bw_samples" : 13568,
        "iops_min" : 57078,
        "iops_max" : 580452,
        "iops_mean" : 400752.971488,
        "iops_stddev" : 1551.495199,
        "iops_samples" : 13568
      },
      "trim" : {
        "io_bytes" : 0,
        "io_kbytes" : 0,
        "bw_bytes" : 0,
        "bw" : 0,
        "iops" : 0.000000,
        "runtime" : 0,
        "total_ios" : 0,
        "short_ios" : 0,
        "drop_ios" : 0,
        "slat_ns" : {
          "min" : 0,
          "max" : 0,
          "mean" : 0.000000,
          "stddev" : 0.000000,
          "N" : 0
        },
        "clat_ns" : {
          "min" : 0,
          "max" : 0,
          "mean" : 0.000000,
          "stddev" : 0.000000,
          "N" : 0
        },
        "lat_ns" : {
          "min" : 0,
          "max" : 0,
          "mean" : 0.000000,
          "stddev" : 0.000000,
          "N" : 0
        },
        "bw_min" : 0,
        "bw_max" : 0,
        "bw_agg" : 0.000000,
        "bw_mean" : 0.000000,
        "bw_dev" : 0.000000,
        "bw_samples" : 0,
        "iops_min" : 0,
        "iops_max" : 0,
        "iops_mean" : 0.000000,
        "iops_stddev" : 0.000000,
        "iops_samples" : 0
      },
      "sync" : {
        "total_ios" : 0,
        "lat_ns" : {
          "min" : 0,
          "max" : 0,
          "mean" : 0.000000,
          "stddev" : 0.000000,
          "N" : 0
        }
      },
      "job_runtime" : 11520004,
      "usr_cpu" : 5.925328,
      "sys_cpu" : 91.032104,
      "ctx" : 1099410,
      "majf" : 196627,
      "minf" : 99754989,
      "iodepth_level" : {
        "1" : 100.000000,
        "2" : 0.000000,
        "4" : 0.000000,
        "8" : 0.000000,
        "16" : 0.000000,
        "32" : 0.000000,
        ">=64" : 0.000000
      },
      "iodepth_submit" : {
        "0" : 0.000000,
        "4" : 100.000000,
        "8" : 0.000000,
        "16" : 0.000000,
        "32" : 0.000000,
        "64" : 0.000000,
        ">=64" : 0.000000
      },
      "iodepth_complete" : {
        "0" : 0.000000,
        "4" : 100.000000,
        "8" : 0.000000,
        "16" : 0.000000,
        "32" : 0.000000,
        "64" : 0.000000,
        ">=64" : 0.000000
      },
      "latency_ns" : {
        "2" : 0.000000,
        "4" : 0.000000,
        "10" : 0.000000,
        "20" : 0.000000,
        "50" : 0.000000,
        "100" : 0.000000,
        "250" : 0.018213,
        "500" : 1.134508,
        "750" : 22.775034,
        "1000" : 22.569369
      },
      "latency_us" : {
        "2" : 11.533135,
        "4" : 4.957219,
        "10" : 2.840236,
        "20" : 0.046737,
        "50" : 0.045537,
        "100" : 21.252712,
        "250" : 12.405930,
        "500" : 0.359610,
        "750" : 0.026128,
        "1000" : 0.013226
      },
      "latency_ms" : {
        "2" : 0.010000,
        "4" : 0.010000,
        "10" : 0.010000,
        "20" : 0.010000,
        "50" : 0.010000,
        "100" : 0.010000,
        "250" : 0.010000,
        "500" : 0.000000,
        "750" : 0.000000,
        "1000" : 0.000000,
        "2000" : 0.000000,
        ">=2000" : 0.000000
      },
      "latency_depth" : 1,
      "latency_target" : 0,
      "latency_percentile" : 100.000000,
      "latency_window" : 0
    }
  ],
  "disk_util" : [
    {
      "name" : "sda",
      "read_ios" : 196636,
      "write_ios" : 74795,
      "read_sectors" : 1574440,
      "write_sectors" : 25756864,
      "read_merges" : 169,
      "write_merges" : 551,
      "read_ticks" : 159107,
      "write_ticks" : 47605036,
      "in_queue" : 47764148,
      "util" : 15.362624
    }
  ]
}
