{
  "fio version" : "fio-3.40",
  "timestamp" : 1771872032,
  "timestamp_ms" : 1771872032698,
  "time" : "Mon Feb 23 19:40:32 2026",
  "global options" : {
    "group_reporting" : "",
    "ioengine" : "mmap",
    "size" : "768m",
    "thread" : "1",
    "directory" : "/tmp",
    "time_based" : "",
    "runtime" : "180",
    "norandommap" : "1",
    "filename" : "/tmp/fio_readwrite",
    "share_mmap" : "1",
    "repl" : "1"
  },
  "jobs" : [
    {
      "jobname" : "readers",
      "groupid" : 0,
      "job_start" : 1771871852617,
      "error" : 0,
      "eta" : 0,
      "elapsed" : 181,
      "job options" : {
        "rw" : "randread",
        "random_distribution" : "random",
        "numjobs" : "64"
      },
      "read" : {
        "io_bytes" : 25783022604288,
        "io_kbytes" : 25178733012,
        "bw_bytes" : 143236627191,
        "bw" : 139879518,
        "iops" : 34969879.685339,
        "runtime" : 180003,
        "total_ios" : 6294683253,
        "short_ios" : 0,
        "drop_ios" : 0,
        "slat_ns" : {
          "min" : 0,
          "max" : 0,
          "mean" : 0.000000,
          "stddev" : 0.000000,
          "N" : 0
        },
        "clat_ns" : {
          "min" : 124,
          "max" : 14007557,
          "mean" : 1248.551120,
          "stddev" : 6532.995940,
          "N" : 6294683253,
          "percentile" : {
            "1.000000" : 524,
            "5.000000" : 596,
            "10.000000" : 676,
            "20.000000" : 812,
            "30.000000" : 932,
            "40.000000" : 1048,
            "50.000000" : 1176,
            "60.000000" : 1304,
            "70.000000" : 1432,
            "80.000000" : 1576,
            "90.000000" : 1800,
            "95.000000" : 1976,
            "99.000000" : 2352,
            "99.500000" : 2512,
            "99.900000" : 2928,
            "99.950000" : 3344,
            "99.990000" : 18560
          }
        },
        "lat_ns" : {
          "min" : 160,
          "max" : 14007601,
          "mean" : 1316.780565,
          "stddev" : 6540.141049,
          "N" : 6294683253
        },
        "bw_min" : 9658417,
        "bw_max" : 163141594,
        "bw_agg" : 100.000000,
        "bw_mean" : 140896771.571330,
        "bw_dev" : 280305.716515,
        "bw_samples" : 22845,
        "iops_min" : 2414596,
        "iops_max" : 40785376,
        "iops_mean" : 35224185.832710,
        "iops_stddev" : 70076.414069,
        "iops_samples" : 22845
      },
      "write" : {
        "io_bytes" : 0,
        "io_kbytes" : 0,
        "bw_bytes" : 0,
        "bw" : 0,
        "iops" : 0.000000,
        "runtime" : 0,
        "total_ios" : 0,
        "short_ios" : 0,
        "drop_ios" : 0,
        "slat_ns" : {
          "min" : 0,
          "max" : 0,
          "mean" : 0.000000,
          "stddev" : 0.000000,
          "N" : 0
        },
        "clat_ns" : {
          "min" : 0,
          "max" : 0,
          "mean" : 0.000000,
          "stddev" : 0.000000,
          "N" : 0
        },
        "lat_ns" : {
          "min" : 0,
          "max" : 0,
          "mean" : 0.000000,
          "stddev" : 0.000000,
          "N" : 0
        },
        "bw_min" : 0,
        "bw_max" : 0,
        "bw_agg" : 0.000000,
        "bw_mean" : 0.000000,
        "bw_dev" : 0.000000,
        "bw_samples" : 0,
        "iops_min" : 0,
        "iops_max" : 0,
        "iops_mean" : 0.000000,
        "iops_stddev" : 0.000000,
        "iops_samples" : 0
      },
      "trim" : {
        "io_bytes" : 0,
        "io_kbytes" : 0,
        "bw_bytes" : 0,
        "bw" : 0,
        "iops" : 0.000000,
        "runtime" : 0,
        "total_ios" : 0,
        "short_ios" : 0,
        "drop_ios" : 0,
        "slat_ns" : {
          "min" : 0,
          "max" : 0,
          "mean" : 0.000000,
          "stddev" : 0.000000,
          "N" : 0
        },
        "clat_ns" : {
          "min" : 0,
          "max" : 0,
          "mean" : 0.000000,
          "stddev" : 0.000000,
          "N" : 0
        },
        "lat_ns" : {
          "min" : 0,
          "max" : 0,
          "mean" : 0.000000,
          "stddev" : 0.000000,
          "N" : 0
        },
        "bw_min" : 0,
        "bw_max" : 0,
        "bw_agg" : 0.000000,
        "bw_mean" : 0.000000,
        "bw_dev" : 0.000000,
        "bw_samples" : 0,
        "iops_min" : 0,
        "iops_max" : 0,
        "iops_mean" : 0.000000,
        "iops_stddev" : 0.000000,
        "iops_samples" : 0
      },
      "sync" : {
        "total_ios" : 0,
        "lat_ns" : {
          "min" : 0,
          "max" : 0,
          "mean" : 0.000000,
          "stddev" : 0.000000,
          "N" : 0
        }
      },
      "job_runtime" : 11520005,
      "usr_cpu" : 97.759315,
      "sys_cpu" : 0.154097,
      "ctx" : 828738,
      "majf" : 196635,
      "minf" : 137955,
      "iodepth_level" : {
        "1" : 100.000000,
        "2" : 0.000000,
        "4" : 0.000000,
        "8" : 0.000000,
        "16" : 0.000000,
        "32" : 0.000000,
        ">=64" : 0.000000
      },
      "iodepth_submit" : {
        "0" : 0.000000,
        "4" : 100.000000,
        "8" : 0.000000,
        "16" : 0.000000,
        "32" : 0.000000,
        "64" : 0.000000,
        ">=64" : 0.000000
      },
      "iodepth_complete" : {
        "0" : 0.000000,
        "4" : 100.000000,
        "8" : 0.000000,
        "16" : 0.000000,
        "32" : 0.000000,
        "64" : 0.000000,
        ">=64" : 0.000000
      },
      "latency_ns" : {
        "2" : 0.000000,
        "4" : 0.000000,
        "10" : 0.000000,
        "20" : 0.000000,
        "50" : 0.000000,
        "100" : 0.000000,
        "250" : 0.029272,
        "500" : 0.442900,
        "750" : 14.701250,
        "1000" : 20.447443
      },
      "latency_us" : {
        "2" : 59.817922,
        "4" : 4.522076,
        "10" : 0.010000,
        "20" : 0.029175,
        "50" : 0.010000,
        "100" : 0.010000,
        "250" : 0.010000,
        "500" : 0.010000,
        "750" : 0.010000,
        "1000" : 0.010000
      },
      "latency_ms" : {
        "2" : 0.010000,
        "4" : 0.010000,
        "10" : 0.010000,
        "20" : 0.010000,
        "50" : 0.000000,
        "100" : 0.000000,
        "250" : 0.000000,
        "500" : 0.000000,
        "750" : 0.000000,
        "1000" : 0.000000,
        "2000" : 0.000000,
        ">=2000" : 0.000000
      },
      "latency_depth" : 1,
      "latency_target" : 0,
      "latency_percentile" : 100.000000,
      "latency_window" : 0
    }
  ],
  "disk_util" : [
    {
      "name" : "sda",
      "read_ios" : 196632,
      "write_ios" : 38987,
      "read_sectors" : 1574488,
      "write_sectors" : 1575976,
      "read_merges" : 179,
      "write_merges" : 572,
      "read_ticks" : 172505,
      "write_ticks" : 45079,
      "in_queue" : 217592,
      "util" : 2.159899
    }
  ]
}
