{
  "fio version" : "fio-3.40",
  "timestamp" : 1771994268,
  "timestamp_ms" : 1771994268725,
  "time" : "Wed Feb 25 05:37:48 2026",
  "global options" : {
    "group_reporting" : "",
    "ioengine" : "mmap",
    "size" : "768m",
    "thread" : "1",
    "directory" : "/tmp",
    "time_based" : "",
    "runtime" : "180",
    "norandommap" : "1",
    "filename" : "/tmp/fio_readwrite",
    "share_mmap" : "1",
    "repl" : "1"
  },
  "jobs" : [
    {
      "jobname" : "writers",
      "groupid" : 0,
      "job_start" : 1771994088503,
      "error" : 0,
      "eta" : 0,
      "elapsed" : 181,
      "job options" : {
        "rw" : "randread",
        "random_distribution" : "random",
        "numjobs" : "38"
      },
      "read" : {
        "io_bytes" : 8300139597824,
        "io_kbytes" : 8105605076,
        "bw_bytes" : 46111374305,
        "bw" : 45030638,
        "iops" : 11257659.742670,
        "runtime" : 180002,
        "total_ios" : 2026401269,
        "short_ios" : 0,
        "drop_ios" : 0,
        "slat_ns" : {
          "min" : 0,
          "max" : 0,
          "mean" : 0.000000,
          "stddev" : 0.000000,
          "N" : 0
        },
        "clat_ns" : {
          "min" : 124,
          "max" : 48038284,
          "mean" : 2596.018037,
          "stddev" : 11966.687059,
          "N" : 2026401269,
          "percentile" : {
            "1.000000" : 988,
            "5.000000" : 1384,
            "10.000000" : 1624,
            "20.000000" : 1896,
            "30.000000" : 2096,
            "40.000000" : 2288,
            "50.000000" : 2448,
            "60.000000" : 2640,
            "70.000000" : 2832,
            "80.000000" : 3088,
            "90.000000" : 3472,
            "95.000000" : 3856,
            "99.000000" : 4704,
            "99.500000" : 5152,
            "99.900000" : 6560,
            "99.950000" : 15168,
            "99.990000" : 28288
          }
        },
        "lat_ns" : {
          "min" : 161,
          "max" : 48038560,
          "mean" : 2679.825058,
          "stddev" : 12084.282220,
          "N" : 2026401269
        },
        "bw_min" : 65664,
        "bw_max" : 51452679,
        "bw_agg" : 100.000000,
        "bw_mean" : 45325283.383754,
        "bw_dev" : 175499.124883,
        "bw_samples" : 13566,
        "iops_min" : 16416,
        "iops_max" : 12863151,
        "iops_mean" : 11331312.759104,
        "iops_stddev" : 43874.751497,
        "iops_samples" : 13566
      },
      "write" : {
        "io_bytes" : 5423846957056,
        "io_kbytes" : 5296725544,
        "bw_bytes" : 30131813498,
        "bw" : 29425599,
        "iops" : 7356399.780005,
        "runtime" : 180004,
        "total_ios" : 1324181386,
        "short_ios" : 0,
        "drop_ios" : 0,
        "slat_ns" : {
          "min" : 0,
          "max" : 0,
          "mean" : 0.000000,
          "stddev" : 0.000000,
          "N" : 0
        },
        "clat_ns" : {
          "min" : 122,
          "max" : 196158845,
          "mean" : 2595.507632,
          "stddev" : 14473.054495,
          "N" : 1324181386,
          "percentile" : {
            "1.000000" : 996,
            "5.000000" : 1368,
            "10.000000" : 1576,
            "20.000000" : 1832,
            "30.000000" : 2024,
            "40.000000" : 2224,
            "50.000000" : 2384,
            "60.000000" : 2576,
            "70.000000" : 2768,
            "80.000000" : 3024,
            "90.000000" : 3408,
            "95.000000" : 3760,
            "99.000000" : 4704,
            "99.500000" : 5280,
            "99.900000" : 22400,
            "99.950000" : 59136,
            "99.990000" : 104960
          }
        },
        "lat_ns" : {
          "min" : 172,
          "max" : 196158911,
          "mean" : 2710.183350,
          "stddev" : 14696.721286,
          "N" : 1324181386
        },
        "bw_min" : 44584,
        "bw_max" : 34990631,
        "bw_agg" : 100.000000,
        "bw_mean" : 29618817.997199,
        "bw_dev" : 167245.424773,
        "bw_samples" : 9282,
        "iops_min" : 11146,
        "iops_max" : 8747657,
        "iops_mean" : 7404698.829132,
        "iops_stddev" : 41811.331471,
        "iops_samples" : 9282
      },
      "trim" : {
        "io_bytes" : 0,
        "io_kbytes" : 0,
        "bw_bytes" : 0,
        "bw" : 0,
        "iops" : 0.000000,
        "runtime" : 0,
        "total_ios" : 0,
        "short_ios" : 0,
        "drop_ios" : 0,
        "slat_ns" : {
          "min" : 0,
          "max" : 0,
          "mean" : 0.000000,
          "stddev" : 0.000000,
          "N" : 0
        },
        "clat_ns" : {
          "min" : 0,
          "max" : 0,
          "mean" : 0.000000,
          "stddev" : 0.000000,
          "N" : 0
        },
        "lat_ns" : {
          "min" : 0,
          "max" : 0,
          "mean" : 0.000000,
          "stddev" : 0.000000,
          "N" : 0
        },
        "bw_min" : 0,
        "bw_max" : 0,
        "bw_agg" : 0.000000,
        "bw_mean" : 0.000000,
        "bw_dev" : 0.000000,
        "bw_samples" : 0,
        "iops_min" : 0,
        "iops_max" : 0,
        "iops_mean" : 0.000000,
        "iops_stddev" : 0.000000,
        "iops_samples" : 0
      },
      "sync" : {
        "total_ios" : 0,
        "lat_ns" : {
          "min" : 0,
          "max" : 0,
          "mean" : 0.000000,
          "stddev" : 0.000000,
          "N" : 0
        }
      },
      "job_runtime" : 11520023,
      "usr_cpu" : 96.185789,
      "sys_cpu" : 0.851188,
      "ctx" : 584067,
      "majf" : 196621,
      "minf" : 2206384,
      "iodepth_level" : {
        "1" : 100.000000,
        "2" : 0.000000,
        "4" : 0.000000,
        "8" : 0.000000,
        "16" : 0.000000,
        "32" : 0.000000,
        ">=64" : 0.000000
      },
      "iodepth_submit" : {
        "0" : 0.000000,
        "4" : 100.000000,
        "8" : 0.000000,
        "16" : 0.000000,
        "32" : 0.000000,
        "64" : 0.000000,
        ">=64" : 0.000000
      },
      "iodepth_complete" : {
        "0" : 0.000000,
        "4" : 100.000000,
        "8" : 0.000000,
        "16" : 0.000000,
        "32" : 0.000000,
        "64" : 0.000000,
        ">=64" : 0.000000
      },
      "latency_ns" : {
        "2" : 0.000000,
        "4" : 0.000000,
        "10" : 0.000000,
        "20" : 0.000000,
        "50" : 0.000000,
        "100" : 0.000000,
        "250" : 0.025704,
        "500" : 0.037517,
        "750" : 0.177043,
        "1000" : 0.816562
      },
      "latency_us" : {
        "2" : 25.032174,
        "4" : 70.408939,
        "10" : 3.367316,
        "20" : 0.077831,
        "50" : 0.029006,
        "100" : 0.018526,
        "250" : 0.010000,
        "500" : 0.010000,
        "750" : 0.010000,
        "1000" : 0.010000
      },
      "latency_ms" : {
        "2" : 0.010000,
        "4" : 0.010000,
        "10" : 0.010000,
        "20" : 0.010000,
        "50" : 0.010000,
        "100" : 0.010000,
        "250" : 0.010000,
        "500" : 0.000000,
        "750" : 0.000000,
        "1000" : 0.000000,
        "2000" : 0.000000,
        ">=2000" : 0.000000
      },
      "latency_depth" : 1,
      "latency_target" : 0,
      "latency_percentile" : 100.000000,
      "latency_window" : 0
    }
  ],
  "disk_util" : [
    {
      "name" : "sda",
      "read_ios" : 196634,
      "write_ios" : 65807,
      "read_sectors" : 1576680,
      "write_sectors" : 17453800,
      "read_merges" : 328,
      "write_merges" : 2051,
      "read_ticks" : 153277,
      "write_ticks" : 68840047,
      "in_queue" : 68993331,
      "util" : 10.549279
    }
  ]
}
