{
  "fio version" : "fio-3.40",
  "timestamp" : 1756935942,
  "timestamp_ms" : 1756935942934,
  "time" : "Wed Sep  3 23:45:42 2025",
  "global options" : {
    "group_reporting" : "",
    "ioengine" : "mmap",
    "size" : "128m",
    "numjobs" : "64",
    "thread" : "1",
    "directory" : "/tmp",
    "time_based" : "",
    "runtime" : "30",
    "filename" : "/tmp/fio_readwrite"
  },
  "jobs" : [
    {
      "jobname" : "readwrite",
      "groupid" : 0,
      "job_start" : 1756935912374,
      "error" : 0,
      "eta" : 0,
      "elapsed" : 31,
      "job options" : {
        "rw" : "randrw",
        "random_distribution" : "random",
        "rwmixread" : "95",
        "rwmixwrite" : "5",
        "share_mmap" : "1",
        "repl" : "1"
      },
      "read" : {
        "io_bytes" : 179525206016,
        "io_kbytes" : 175317584,
        "bw_bytes" : 5882215138,
        "bw" : 5744350,
        "iops" : 1436087.680210,
        "runtime" : 30520,
        "total_ios" : 43829396,
        "short_ios" : 0,
        "drop_ios" : 0,
        "slat_ns" : {
          "min" : 0,
          "max" : 0,
          "mean" : 0.000000,
          "stddev" : 0.000000,
          "N" : 0
        },
        "clat_ns" : {
          "min" : 100,
          "max" : 11801378,
          "mean" : 2355.454001,
          "stddev" : 55121.531555,
          "N" : 43829396,
          "percentile" : {
            "1.000000" : 258,
            "5.000000" : 398,
            "10.000000" : 478,
            "20.000000" : 612,
            "30.000000" : 716,
            "40.000000" : 820,
            "50.000000" : 932,
            "60.000000" : 1064,
            "70.000000" : 1224,
            "80.000000" : 1432,
            "90.000000" : 1800,
            "95.000000" : 2160,
            "99.000000" : 3056,
            "99.500000" : 3472,
            "99.900000" : 11584,
            "99.950000" : 1204224,
            "99.990000" : 2801664
          }
        },
        "lat_ns" : {
          "min" : 128,
          "max" : 11801441,
          "mean" : 2406.670158,
          "stddev" : 55122.768742,
          "N" : 43829396
        },
        "bw_min" : 176285,
        "bw_max" : 15974696,
        "bw_agg" : 100.000000,
        "bw_mean" : 13048368.009131,
        "bw_dev" : 75884.914522,
        "bw_samples" : 1722,
        "iops_min" : 44069,
        "iops_max" : 3993674,
        "iops_mean" : 3262087.150800,
        "iops_stddev" : 18971.245123,
        "iops_samples" : 1722
      },
      "write" : {
        "io_bytes" : 9453617152,
        "io_kbytes" : 9232048,
        "bw_bytes" : 309751544,
        "bw" : 302491,
        "iops" : 75622.935780,
        "runtime" : 30520,
        "total_ios" : 2308012,
        "short_ios" : 0,
        "drop_ios" : 0,
        "slat_ns" : {
          "min" : 0,
          "max" : 0,
          "mean" : 0.000000,
          "stddev" : 0.000000,
          "N" : 0
        },
        "clat_ns" : {
          "min" : 112,
          "max" : 7318444,
          "mean" : 8209.183371,
          "stddev" : 58690.886442,
          "N" : 2308012,
          "percentile" : {
            "1.000000" : 418,
            "5.000000" : 572,
            "10.000000" : 692,
            "20.000000" : 868,
            "30.000000" : 1032,
            "40.000000" : 1224,
            "50.000000" : 1464,
            "60.000000" : 1864,
            "70.000000" : 3664,
            "80.000000" : 8640,
            "90.000000" : 19584,
            "95.000000" : 33536,
            "99.000000" : 66048,
            "99.500000" : 86528,
            "99.900000" : 214016,
            "99.950000" : 1286144,
            "99.990000" : 2834432
          }
        },
        "lat_ns" : {
          "min" : 157,
          "max" : 7318507,
          "mean" : 8283.254178,
          "stddev" : 58693.445126,
          "N" : 2308012
        },
        "bw_min" : 10072,
        "bw_max" : 874652,
        "bw_agg" : 100.000000,
        "bw_mean" : 687143.999060,
        "bw_dev" : 3998.588363,
        "bw_samples" : 1722,
        "iops_min" : 2518,
        "iops_max" : 218663,
        "iops_mean" : 171782.717791,
        "iops_stddev" : 999.668237,
        "iops_samples" : 1722
      },
      "trim" : {
        "io_bytes" : 0,
        "io_kbytes" : 0,
        "bw_bytes" : 0,
        "bw" : 0,
        "iops" : 0.000000,
        "runtime" : 0,
        "total_ios" : 0,
        "short_ios" : 0,
        "drop_ios" : 0,
        "slat_ns" : {
          "min" : 0,
          "max" : 0,
          "mean" : 0.000000,
          "stddev" : 0.000000,
          "N" : 0
        },
        "clat_ns" : {
          "min" : 0,
          "max" : 0,
          "mean" : 0.000000,
          "stddev" : 0.000000,
          "N" : 0
        },
        "lat_ns" : {
          "min" : 0,
          "max" : 0,
          "mean" : 0.000000,
          "stddev" : 0.000000,
          "N" : 0
        },
        "bw_min" : 0,
        "bw_max" : 0,
        "bw_agg" : 0.000000,
        "bw_mean" : 0.000000,
        "bw_dev" : 0.000000,
        "bw_samples" : 0,
        "iops_min" : 0,
        "iops_max" : 0,
        "iops_mean" : 0.000000,
        "iops_stddev" : 0.000000,
        "iops_samples" : 0
      },
      "sync" : {
        "total_ios" : 0,
        "lat_ns" : {
          "min" : 0,
          "max" : 0,
          "mean" : 0.000000,
          "stddev" : 0.000000,
          "N" : 0
        }
      },
      "job_runtime" : 1951415,
      "usr_cpu" : 3.911726,
      "sys_cpu" : 61.548620,
      "ctx" : 16996797,
      "majf" : 32763,
      "minf" : 716405,
      "iodepth_level" : {
        "1" : 100.000000,
        "2" : 0.000000,
        "4" : 0.000000,
        "8" : 0.000000,
        "16" : 0.000000,
        "32" : 0.000000,
        ">=64" : 0.000000
      },
      "iodepth_submit" : {
        "0" : 0.000000,
        "4" : 100.000000,
        "8" : 0.000000,
        "16" : 0.000000,
        "32" : 0.000000,
        "64" : 0.000000,
        ">=64" : 0.000000
      },
      "iodepth_complete" : {
        "0" : 0.000000,
        "4" : 100.000000,
        "8" : 0.000000,
        "16" : 0.000000,
        "32" : 0.000000,
        "64" : 0.000000,
        ">=64" : 0.000000
      },
      "latency_ns" : {
        "2" : 0.000000,
        "4" : 0.000000,
        "10" : 0.000000,
        "20" : 0.000000,
        "50" : 0.000000,
        "100" : 0.000000,
        "250" : 0.847989,
        "500" : 10.315499,
        "750" : 20.942583,
        "1000" : 22.152528
      },
      "latency_us" : {
        "2" : 37.408952,
        "4" : 6.649925,
        "10" : 0.676325,
        "20" : 0.438830,
        "50" : 0.394294,
        "100" : 0.086745,
        "250" : 0.013692,
        "500" : 0.010000,
        "750" : 0.010000,
        "1000" : 0.010000
      },
      "latency_ms" : {
        "2" : 0.031426,
        "4" : 0.022862,
        "10" : 0.010000,
        "20" : 0.010000,
        "50" : 0.000000,
        "100" : 0.000000,
        "250" : 0.000000,
        "500" : 0.000000,
        "750" : 0.000000,
        "1000" : 0.000000,
        "2000" : 0.000000,
        ">=2000" : 0.000000
      },
      "latency_depth" : 1,
      "latency_target" : 0,
      "latency_percentile" : 100.000000,
      "latency_window" : 0
    }
  ],
  "disk_util" : [
    {
      "name" : "sda",
      "read_ios" : 32693,
      "write_ios" : 140087,
      "read_sectors" : 262280,
      "write_sectors" : 5732616,
      "read_merges" : 72,
      "write_merges" : 132,
      "read_ticks" : 58379,
      "write_ticks" : 47127,
      "in_queue" : 105510,
      "util" : 25.034460
    }
  ]
}
