{
  "fio version" : "fio-3.40",
  "timestamp" : 1771891211,
  "timestamp_ms" : 1771891211110,
  "time" : "Tue Feb 24 01:00:11 2026",
  "global options" : {
    "group_reporting" : "",
    "ioengine" : "mmap",
    "size" : "768m",
    "thread" : "1",
    "directory" : "/tmp",
    "time_based" : "",
    "runtime" : "180",
    "norandommap" : "1",
    "filename" : "/tmp/fio_readwrite",
    "share_mmap" : "1",
    "repl" : "1"
  },
  "jobs" : [
    {
      "jobname" : "writers",
      "groupid" : 0,
      "job_start" : 1771891030955,
      "error" : 0,
      "eta" : 0,
      "elapsed" : 181,
      "job options" : {
        "rw" : "randread",
        "random_distribution" : "random",
        "numjobs" : "13"
      },
      "read" : {
        "io_bytes" : 2248913678336,
        "io_kbytes" : 2196204764,
        "bw_bytes" : 12493826059,
        "bw" : 12201002,
        "iops" : 3050250.502772,
        "runtime" : 180002,
        "total_ios" : 549051191,
        "short_ios" : 0,
        "drop_ios" : 0,
        "slat_ns" : {
          "min" : 0,
          "max" : 0,
          "mean" : 0.000000,
          "stddev" : 0.000000,
          "N" : 0
        },
        "clat_ns" : {
          "min" : 125,
          "max" : 8058962,
          "mean" : 3118.012246,
          "stddev" : 6984.985423,
          "N" : 549051191,
          "percentile" : {
            "1.000000" : 980,
            "5.000000" : 1496,
            "10.000000" : 1816,
            "20.000000" : 2192,
            "30.000000" : 2448,
            "40.000000" : 2672,
            "50.000000" : 2864,
            "60.000000" : 3088,
            "70.000000" : 3344,
            "80.000000" : 3664,
            "90.000000" : 4128,
            "95.000000" : 4576,
            "99.000000" : 5664,
            "99.500000" : 6304,
            "99.900000" : 83456,
            "99.950000" : 98816,
            "99.990000" : 203776
          }
        },
        "lat_ns" : {
          "min" : 161,
          "max" : 8059003,
          "mean" : 3206.098493,
          "stddev" : 7019.017515,
          "N" : 549051191
        },
        "bw_min" : 148167,
        "bw_max" : 14831347,
        "bw_agg" : 100.000000,
        "bw_mean" : 12602417.369796,
        "bw_dev" : 184545.231027,
        "bw_samples" : 4522,
        "iops_min" : 37041,
        "iops_max" : 3707834,
        "iops_mean" : 3150601.146851,
        "iops_stddev" : 46136.288609,
        "iops_samples" : 4522
      },
      "write" : {
        "io_bytes" : 8762625015808,
        "io_kbytes" : 8557250992,
        "bw_bytes" : 48680709191,
        "bw" : 47539755,
        "iops" : 11884938.767347,
        "runtime" : 180002,
        "total_ios" : 2139312748,
        "short_ios" : 0,
        "drop_ios" : 0,
        "slat_ns" : {
          "min" : 0,
          "max" : 0,
          "mean" : 0.000000,
          "stddev" : 0.000000,
          "N" : 0
        },
        "clat_ns" : {
          "min" : 125,
          "max" : 92040727,
          "mean" : 3039.773936,
          "stddev" : 8263.270387,
          "N" : 2139312748,
          "percentile" : {
            "1.000000" : 1020,
            "5.000000" : 1448,
            "10.000000" : 1736,
            "20.000000" : 2064,
            "30.000000" : 2320,
            "40.000000" : 2544,
            "50.000000" : 2768,
            "60.000000" : 2992,
            "70.000000" : 3248,
            "80.000000" : 3568,
            "90.000000" : 4016,
            "95.000000" : 4448,
            "99.000000" : 5408,
            "99.500000" : 6048,
            "99.900000" : 84480,
            "99.950000" : 164864,
            "99.990000" : 242688
          }
        },
        "lat_ns" : {
          "min" : 174,
          "max" : 92040799,
          "mean" : 3176.953391,
          "stddev" : 8327.866814,
          "N" : 2139312748
        },
        "bw_min" : 497885,
        "bw_max" : 53440641,
        "bw_agg" : 100.000000,
        "bw_mean" : 49119882.046554,
        "bw_dev" : 196559.039345,
        "bw_samples" : 17734,
        "iops_min" : 124472,
        "iops_max" : 13360146,
        "iops_mean" : 12279958.569022,
        "iops_stddev" : 49139.741420,
        "iops_samples" : 17734
      },
      "trim" : {
        "io_bytes" : 0,
        "io_kbytes" : 0,
        "bw_bytes" : 0,
        "bw" : 0,
        "iops" : 0.000000,
        "runtime" : 0,
        "total_ios" : 0,
        "short_ios" : 0,
        "drop_ios" : 0,
        "slat_ns" : {
          "min" : 0,
          "max" : 0,
          "mean" : 0.000000,
          "stddev" : 0.000000,
          "N" : 0
        },
        "clat_ns" : {
          "min" : 0,
          "max" : 0,
          "mean" : 0.000000,
          "stddev" : 0.000000,
          "N" : 0
        },
        "lat_ns" : {
          "min" : 0,
          "max" : 0,
          "mean" : 0.000000,
          "stddev" : 0.000000,
          "N" : 0
        },
        "bw_min" : 0,
        "bw_max" : 0,
        "bw_agg" : 0.000000,
        "bw_mean" : 0.000000,
        "bw_dev" : 0.000000,
        "bw_samples" : 0,
        "iops_min" : 0,
        "iops_max" : 0,
        "iops_mean" : 0.000000,
        "iops_stddev" : 0.000000,
        "iops_samples" : 0
      },
      "sync" : {
        "total_ios" : 0,
        "lat_ns" : {
          "min" : 0,
          "max" : 0,
          "mean" : 0.000000,
          "stddev" : 0.000000,
          "N" : 0
        }
      },
      "job_runtime" : 11520009,
      "usr_cpu" : 92.289173,
      "sys_cpu" : 6.124240,
      "ctx" : 634986,
      "majf" : 105749,
      "minf" : 3343081,
      "iodepth_level" : {
        "1" : 100.000000,
        "2" : 0.000000,
        "4" : 0.000000,
        "8" : 0.000000,
        "16" : 0.000000,
        "32" : 0.000000,
        ">=64" : 0.000000
      },
      "iodepth_submit" : {
        "0" : 0.000000,
        "4" : 100.000000,
        "8" : 0.000000,
        "16" : 0.000000,
        "32" : 0.000000,
        "64" : 0.000000,
        ">=64" : 0.000000
      },
      "iodepth_complete" : {
        "0" : 0.000000,
        "4" : 100.000000,
        "8" : 0.000000,
        "16" : 0.000000,
        "32" : 0.000000,
        "64" : 0.000000,
        ">=64" : 0.000000
      },
      "latency_ns" : {
        "2" : 0.000000,
        "4" : 0.000000,
        "10" : 0.000000,
        "20" : 0.000000,
        "50" : 0.000000,
        "100" : 0.000000,
        "250" : 0.022094,
        "500" : 0.030698,
        "750" : 0.183232,
        "1000" : 0.703547
      },
      "latency_us" : {
        "2" : 15.752324,
        "4" : 72.566631,
        "10" : 10.534526,
        "20" : 0.038998,
        "50" : 0.042158,
        "100" : 0.048449,
        "250" : 0.068897,
        "500" : 0.010000,
        "750" : 0.010000,
        "1000" : 0.010000
      },
      "latency_ms" : {
        "2" : 0.010000,
        "4" : 0.010000,
        "10" : 0.010000,
        "20" : 0.000000,
        "50" : 0.000000,
        "100" : 0.010000,
        "250" : 0.000000,
        "500" : 0.000000,
        "750" : 0.000000,
        "1000" : 0.000000,
        "2000" : 0.000000,
        ">=2000" : 0.000000
      },
      "latency_depth" : 1,
      "latency_target" : 0,
      "latency_percentile" : 100.000000,
      "latency_window" : 0
    }
  ],
  "disk_util" : [
    {
      "name" : "sda",
      "read_ios" : 105751,
      "write_ios" : 106016,
      "read_sectors" : 847256,
      "write_sectors" : 2422104,
      "read_merges" : 156,
      "write_merges" : 2005,
      "read_ticks" : 42167,
      "write_ticks" : 8012470,
      "in_queue" : 8054644,
      "util" : 2.777437
    }
  ]
}
