{
  "fio version" : "fio-3.40",
  "timestamp" : 1769080069,
  "timestamp_ms" : 1769080069694,
  "time" : "Thu Jan 22 12:07:49 2026",
  "global options" : {
    "group_reporting" : "",
    "ioengine" : "mmap",
    "size" : "768m",
    "thread" : "1",
    "directory" : "/tmp",
    "time_based" : "",
    "runtime" : "20",
    "norandommap" : "1",
    "filename" : "/tmp/fio_readwrite",
    "share_mmap" : "1",
    "repl" : "1"
  },
  "jobs" : [
    {
      "jobname" : "writers",
      "groupid" : 0,
      "job_start" : 1769080049573,
      "error" : 0,
      "eta" : 0,
      "elapsed" : 21,
      "job options" : {
        "rw" : "randread",
        "random_distribution" : "random",
        "numjobs" : "26"
      },
      "read" : {
        "io_bytes" : 368990445568,
        "io_kbytes" : 360342232,
        "bw_bytes" : 18446755265,
        "bw" : 18014409,
        "iops" : 4503602.359646,
        "runtime" : 20003,
        "total_ios" : 90085558,
        "short_ios" : 0,
        "drop_ios" : 0,
        "slat_ns" : {
          "min" : 0,
          "max" : 0,
          "mean" : 0.000000,
          "stddev" : 0.000000,
          "N" : 0
        },
        "clat_ns" : {
          "min" : 96,
          "max" : 16137579,
          "mean" : 4259.156798,
          "stddev" : 32231.737146,
          "N" : 90085558,
          "percentile" : {
            "1.000000" : 812,
            "5.000000" : 1640,
            "10.000000" : 2024,
            "20.000000" : 2480,
            "30.000000" : 2832,
            "40.000000" : 3120,
            "50.000000" : 3408,
            "60.000000" : 3696,
            "70.000000" : 4016,
            "80.000000" : 4384,
            "90.000000" : 4960,
            "95.000000" : 5472,
            "99.000000" : 6880,
            "99.500000" : 7776,
            "99.900000" : 45312,
            "99.950000" : 692224,
            "99.990000" : 1368064
          }
        },
        "lat_ns" : {
          "min" : 124,
          "max" : 16137615,
          "mean" : 4332.486395,
          "stddev" : 32233.297246,
          "N" : 90085558
        },
        "bw_min" : 2760449,
        "bw_max" : 31834869,
        "bw_agg" : 100.000000,
        "bw_mean" : 20543040.954212,
        "bw_dev" : 358578.520993,
        "bw_samples" : 889,
        "iops_min" : 690111,
        "iops_max" : 7958712,
        "iops_mean" : 5135755.260073,
        "iops_stddev" : 89644.552379,
        "iops_samples" : 889
      },
      "write" : {
        "io_bytes" : 525819576320,
        "io_kbytes" : 513495680,
        "bw_bytes" : 26287035760,
        "bw" : 25670933,
        "iops" : 6417733.339999,
        "runtime" : 20003,
        "total_ios" : 128373920,
        "short_ios" : 0,
        "drop_ios" : 0,
        "slat_ns" : {
          "min" : 0,
          "max" : 0,
          "mean" : 0.000000,
          "stddev" : 0.000000,
          "N" : 0
        },
        "clat_ns" : {
          "min" : 95,
          "max" : 24978778,
          "mean" : 4494.019097,
          "stddev" : 41877.450671,
          "N" : 128373920,
          "percentile" : {
            "1.000000" : 772,
            "5.000000" : 1512,
            "10.000000" : 1928,
            "20.000000" : 2448,
            "30.000000" : 2800,
            "40.000000" : 3088,
            "50.000000" : 3376,
            "60.000000" : 3664,
            "70.000000" : 3952,
            "80.000000" : 4320,
            "90.000000" : 4896,
            "95.000000" : 5408,
            "99.000000" : 7136,
            "99.500000" : 10560,
            "99.900000" : 171008,
            "99.950000" : 757760,
            "99.990000" : 1581056
          }
        },
        "lat_ns" : {
          "min" : 134,
          "max" : 24978831,
          "mean" : 4598.648398,
          "stddev" : 41907.941339,
          "N" : 128373920
        },
        "bw_min" : 2945926,
        "bw_max" : 41902697,
        "bw_agg" : 100.000000,
        "bw_mean" : 27693801.210623,
        "bw_dev" : 314759.733074,
        "bw_samples" : 1382,
        "iops_min" : 736482,
        "iops_max" : 10475673,
        "iops_mean" : 6923445.344322,
        "iops_stddev" : 78689.895577,
        "iops_samples" : 1382
      },
      "trim" : {
        "io_bytes" : 0,
        "io_kbytes" : 0,
        "bw_bytes" : 0,
        "bw" : 0,
        "iops" : 0.000000,
        "runtime" : 0,
        "total_ios" : 0,
        "short_ios" : 0,
        "drop_ios" : 0,
        "slat_ns" : {
          "min" : 0,
          "max" : 0,
          "mean" : 0.000000,
          "stddev" : 0.000000,
          "N" : 0
        },
        "clat_ns" : {
          "min" : 0,
          "max" : 0,
          "mean" : 0.000000,
          "stddev" : 0.000000,
          "N" : 0
        },
        "lat_ns" : {
          "min" : 0,
          "max" : 0,
          "mean" : 0.000000,
          "stddev" : 0.000000,
          "N" : 0
        },
        "bw_min" : 0,
        "bw_max" : 0,
        "bw_agg" : 0.000000,
        "bw_mean" : 0.000000,
        "bw_dev" : 0.000000,
        "bw_samples" : 0,
        "iops_min" : 0,
        "iops_max" : 0,
        "iops_mean" : 0.000000,
        "iops_stddev" : 0.000000,
        "iops_samples" : 0
      },
      "sync" : {
        "total_ios" : 0,
        "lat_ns" : {
          "min" : 0,
          "max" : 0,
          "mean" : 0.000000,
          "stddev" : 0.000000,
          "N" : 0
        }
      },
      "job_runtime" : 1280025,
      "usr_cpu" : 74.908381,
      "sys_cpu" : 2.807680,
      "ctx" : 464397,
      "majf" : 195702,
      "minf" : 513106,
      "iodepth_level" : {
        "1" : 100.000000,
        "2" : 0.000000,
        "4" : 0.000000,
        "8" : 0.000000,
        "16" : 0.000000,
        "32" : 0.000000,
        ">=64" : 0.000000
      },
      "iodepth_submit" : {
        "0" : 0.000000,
        "4" : 100.000000,
        "8" : 0.000000,
        "16" : 0.000000,
        "32" : 0.000000,
        "64" : 0.000000,
        ">=64" : 0.000000
      },
      "iodepth_complete" : {
        "0" : 0.000000,
        "4" : 100.000000,
        "8" : 0.000000,
        "16" : 0.000000,
        "32" : 0.000000,
        "64" : 0.000000,
        ">=64" : 0.000000
      },
      "latency_ns" : {
        "2" : 0.000000,
        "4" : 0.000000,
        "10" : 0.000000,
        "20" : 0.000000,
        "50" : 0.000000,
        "100" : 0.010000,
        "250" : 0.041166,
        "500" : 0.291023,
        "750" : 0.576631,
        "1000" : 0.740844
      },
      "latency_us" : {
        "2" : 8.860689,
        "4" : 59.953071,
        "10" : 29.143366,
        "20" : 0.090806,
        "50" : 0.154812,
        "100" : 0.039294,
        "250" : 0.017018,
        "500" : 0.014935,
        "750" : 0.027668,
        "1000" : 0.024768
      },
      "latency_ms" : {
        "2" : 0.016629,
        "4" : 0.010000,
        "10" : 0.010000,
        "20" : 0.010000,
        "50" : 0.010000,
        "100" : 0.000000,
        "250" : 0.000000,
        "500" : 0.000000,
        "750" : 0.000000,
        "1000" : 0.000000,
        "2000" : 0.000000,
        ">=2000" : 0.000000
      },
      "latency_depth" : 1,
      "latency_target" : 0,
      "latency_percentile" : 100.000000,
      "latency_window" : 0
    }
  ],
  "disk_util" : [
    {
      "name" : "sda",
      "read_ios" : 195679,
      "write_ios" : 30929,
      "read_sectors" : 1566176,
      "write_sectors" : 3459040,
      "read_merges" : 93,
      "write_merges" : 255,
      "read_ticks" : 174900,
      "write_ticks" : 762272,
      "in_queue" : 937172,
      "util" : 51.403693
    }
  ]
}
