{
  "fio version" : "fio-3.40",
  "timestamp" : 1771883430,
  "timestamp_ms" : 1771883430545,
  "time" : "Mon Feb 23 22:50:30 2026",
  "global options" : {
    "group_reporting" : "",
    "ioengine" : "mmap",
    "size" : "768m",
    "thread" : "1",
    "directory" : "/tmp",
    "time_based" : "",
    "runtime" : "180",
    "norandommap" : "1",
    "filename" : "/tmp/fio_readwrite",
    "share_mmap" : "1",
    "repl" : "1"
  },
  "jobs" : [
    {
      "jobname" : "writers",
      "groupid" : 0,
      "job_start" : 1771883250448,
      "error" : 0,
      "eta" : 0,
      "elapsed" : 181,
      "job options" : {
        "rw" : "randread",
        "random_distribution" : "random",
        "numjobs" : "38"
      },
      "read" : {
        "io_bytes" : 5726627373056,
        "io_kbytes" : 5592409544,
        "bw_bytes" : 31814066282,
        "bw" : 31068424,
        "iops" : 7767106.026011,
        "runtime" : 180003,
        "total_ios" : 1398102386,
        "short_ios" : 0,
        "drop_ios" : 0,
        "slat_ns" : {
          "min" : 0,
          "max" : 0,
          "mean" : 0.000000,
          "stddev" : 0.000000,
          "N" : 0
        },
        "clat_ns" : {
          "min" : 125,
          "max" : 75816450,
          "mean" : 4183.934961,
          "stddev" : 25216.217638,
          "N" : 1398102386,
          "percentile" : {
            "1.000000" : 462,
            "5.000000" : 506,
            "10.000000" : 532,
            "20.000000" : 572,
            "30.000000" : 620,
            "40.000000" : 692,
            "50.000000" : 764,
            "60.000000" : 836,
            "70.000000" : 924,
            "80.000000" : 1096,
            "90.000000" : 3120,
            "95.000000" : 5088,
            "99.000000" : 89600,
            "99.500000" : 100864,
            "99.900000" : 148480,
            "99.950000" : 171008,
            "99.990000" : 305152
          }
        },
        "lat_ns" : {
          "min" : 161,
          "max" : 75816519,
          "mean" : 4259.068160,
          "stddev" : 25287.759044,
          "N" : 1398102386
        },
        "bw_min" : 4005946,
        "bw_max" : 45159085,
        "bw_agg" : 100.000000,
        "bw_mean" : 31373429.043067,
        "bw_dev" : 152459.888476,
        "bw_samples" : 13534,
        "iops_min" : 1001482,
        "iops_max" : 11289756,
        "iops_mean" : 7843351.303324,
        "iops_stddev" : 38114.956567,
        "iops_samples" : 13534
      },
      "write" : {
        "io_bytes" : 218010324992,
        "io_kbytes" : 212900708,
        "bw_bytes" : 1211148286,
        "bw" : 1182761,
        "iops" : 295690.499603,
        "runtime" : 180003,
        "total_ios" : 53225177,
        "short_ios" : 0,
        "drop_ios" : 0,
        "slat_ns" : {
          "min" : 0,
          "max" : 0,
          "mean" : 0.000000,
          "stddev" : 0.000000,
          "N" : 0
        },
        "clat_ns" : {
          "min" : 144,
          "max" : 88186648,
          "mean" : 86187.947907,
          "stddev" : 72601.034216,
          "N" : 53225177,
          "percentile" : {
            "1.000000" : 652,
            "5.000000" : 59136,
            "10.000000" : 65280,
            "20.000000" : 70144,
            "30.000000" : 73216,
            "40.000000" : 76288,
            "50.000000" : 79360,
            "60.000000" : 83456,
            "70.000000" : 88576,
            "80.000000" : 95744,
            "90.000000" : 120320,
            "95.000000" : 146432,
            "99.000000" : 195584,
            "99.500000" : 226304,
            "99.900000" : 585728,
            "99.950000" : 823296,
            "99.990000" : 3358720
          }
        },
        "lat_ns" : {
          "min" : 202,
          "max" : 88187046,
          "mean" : 86363.742130,
          "stddev" : 72628.608087,
          "N" : 53225177
        },
        "bw_min" : 323407,
        "bw_max" : 1679039,
        "bw_agg" : 100.000000,
        "bw_mean" : 1193532.947717,
        "bw_dev" : 5197.533031,
        "bw_samples" : 9262,
        "iops_min" : 80849,
        "iops_max" : 419754,
        "iops_mean" : 298379.562441,
        "iops_stddev" : 1299.371551,
        "iops_samples" : 9262
      },
      "trim" : {
        "io_bytes" : 0,
        "io_kbytes" : 0,
        "bw_bytes" : 0,
        "bw" : 0,
        "iops" : 0.000000,
        "runtime" : 0,
        "total_ios" : 0,
        "short_ios" : 0,
        "drop_ios" : 0,
        "slat_ns" : {
          "min" : 0,
          "max" : 0,
          "mean" : 0.000000,
          "stddev" : 0.000000,
          "N" : 0
        },
        "clat_ns" : {
          "min" : 0,
          "max" : 0,
          "mean" : 0.000000,
          "stddev" : 0.000000,
          "N" : 0
        },
        "lat_ns" : {
          "min" : 0,
          "max" : 0,
          "mean" : 0.000000,
          "stddev" : 0.000000,
          "N" : 0
        },
        "bw_min" : 0,
        "bw_max" : 0,
        "bw_agg" : 0.000000,
        "bw_mean" : 0.000000,
        "bw_dev" : 0.000000,
        "bw_samples" : 0,
        "iops_min" : 0,
        "iops_max" : 0,
        "iops_mean" : 0.000000,
        "iops_stddev" : 0.000000,
        "iops_samples" : 0
      },
      "sync" : {
        "total_ios" : 0,
        "lat_ns" : {
          "min" : 0,
          "max" : 0,
          "mean" : 0.000000,
          "stddev" : 0.000000,
          "N" : 0
        }
      },
      "job_runtime" : 11520021,
      "usr_cpu" : 23.111572,
      "sys_cpu" : 73.959171,
      "ctx" : 1193717,
      "majf" : 196622,
      "minf" : 100465205,
      "iodepth_level" : {
        "1" : 100.000000,
        "2" : 0.000000,
        "4" : 0.000000,
        "8" : 0.000000,
        "16" : 0.000000,
        "32" : 0.000000,
        ">=64" : 0.000000
      },
      "iodepth_submit" : {
        "0" : 0.000000,
        "4" : 100.000000,
        "8" : 0.000000,
        "16" : 0.000000,
        "32" : 0.000000,
        "64" : 0.000000,
        ">=64" : 0.000000
      },
      "iodepth_complete" : {
        "0" : 0.000000,
        "4" : 100.000000,
        "8" : 0.000000,
        "16" : 0.000000,
        "32" : 0.000000,
        "64" : 0.000000,
        ">=64" : 0.000000
      },
      "latency_ns" : {
        "2" : 0.000000,
        "4" : 0.000000,
        "10" : 0.000000,
        "20" : 0.000000,
        "50" : 0.000000,
        "100" : 0.000000,
        "250" : 0.035204,
        "500" : 3.744423,
        "750" : 42.669567,
        "1000" : 26.374938
      },
      "latency_us" : {
        "2" : 9.374684,
        "4" : 7.352471,
        "10" : 3.493034,
        "20" : 0.028336,
        "50" : 0.012051,
        "100" : 5.769906,
        "250" : 1.122033,
        "500" : 0.011754,
        "750" : 0.010000,
        "1000" : 0.010000
      },
      "latency_ms" : {
        "2" : 0.010000,
        "4" : 0.010000,
        "10" : 0.010000,
        "20" : 0.010000,
        "50" : 0.010000,
        "100" : 0.010000,
        "250" : 0.000000,
        "500" : 0.000000,
        "750" : 0.000000,
        "1000" : 0.000000,
        "2000" : 0.000000,
        ">=2000" : 0.000000
      },
      "latency_depth" : 1,
      "latency_target" : 0,
      "latency_percentile" : 100.000000,
      "latency_window" : 0
    }
  ],
  "disk_util" : [
    {
      "name" : "sda",
      "read_ios" : 196628,
      "write_ios" : 66435,
      "read_sectors" : 1574384,
      "write_sectors" : 21633192,
      "read_merges" : 170,
      "write_merges" : 499,
      "read_ticks" : 150591,
      "write_ticks" : 33051359,
      "in_queue" : 33201955,
      "util" : 13.388180
    }
  ]
}
