{
  "fio version" : "fio-3.40",
  "timestamp" : 1764233769,
  "timestamp_ms" : 1764233769862,
  "time" : "Thu Nov 27 09:56:09 2025",
  "global options" : {
    "group_reporting" : "",
    "ioengine" : "mmap",
    "size" : "768m",
    "thread" : "1",
    "directory" : "/tmp",
    "time_based" : "",
    "runtime" : "120",
    "filename" : "/tmp/fio_readwrite",
    "share_mmap" : "1",
    "repl" : "1"
  },
  "jobs" : [
    {
      "jobname" : "writers",
      "groupid" : 0,
      "job_start" : 1764233649827,
      "error" : 0,
      "eta" : 0,
      "elapsed" : 121,
      "job options" : {
        "rw" : "randread",
        "random_distribution" : "zipf",
        "numjobs" : "45"
      },
      "read" : {
        "io_bytes" : 10733822357504,
        "io_kbytes" : 10482248396,
        "bw_bytes" : 89447774247,
        "bw" : 87351342,
        "iops" : 21837835.509704,
        "runtime" : 120001,
        "total_ios" : 2620562099,
        "short_ios" : 0,
        "drop_ios" : 0,
        "slat_ns" : {
          "min" : 0,
          "max" : 0,
          "mean" : 0.000000,
          "stddev" : 0.000000,
          "N" : 0
        },
        "clat_ns" : {
          "min" : 93,
          "max" : 32070762,
          "mean" : 1390.919708,
          "stddev" : 11276.198397,
          "N" : 2620562099,
          "percentile" : {
            "1.000000" : 111,
            "5.000000" : 131,
            "10.000000" : 143,
            "20.000000" : 167,
            "30.000000" : 193,
            "40.000000" : 237,
            "50.000000" : 358,
            "60.000000" : 516,
            "70.000000" : 620,
            "80.000000" : 780,
            "90.000000" : 1064,
            "95.000000" : 2608,
            "99.000000" : 55552,
            "99.500000" : 68096,
            "99.900000" : 89600,
            "99.950000" : 105984,
            "99.990000" : 164864
          }
        },
        "lat_ns" : {
          "min" : 120,
          "max" : 32070794,
          "mean" : 1449.523046,
          "stddev" : 11344.198766,
          "N" : 2620562099
        },
        "bw_min" : 250720,
        "bw_max" : 106911151,
        "bw_agg" : 100.000000,
        "bw_mean" : 88176913.130802,
        "bw_dev" : 363782.077785,
        "bw_samples" : 10665,
        "iops_min" : 62680,
        "iops_max" : 26727784,
        "iops_mean" : 22044219.016878,
        "iops_stddev" : 90945.509218,
        "iops_samples" : 10665
      },
      "write" : {
        "io_bytes" : 301626519552,
        "io_kbytes" : 294557148,
        "bw_bytes" : 2513512437,
        "bw" : 2454601,
        "iops" : 613650.497492,
        "runtime" : 120002,
        "total_ios" : 73639287,
        "short_ios" : 0,
        "drop_ios" : 0,
        "slat_ns" : {
          "min" : 0,
          "max" : 0,
          "mean" : 0.000000,
          "stddev" : 0.000000,
          "N" : 0
        },
        "clat_ns" : {
          "min" : 96,
          "max" : 14997194,
          "mean" : 29765.532108,
          "stddev" : 53398.677627,
          "N" : 73639287,
          "percentile" : {
            "1.000000" : 125,
            "5.000000" : 169,
            "10.000000" : 197,
            "20.000000" : 270,
            "30.000000" : 466,
            "40.000000" : 652,
            "50.000000" : 908,
            "60.000000" : 4256,
            "70.000000" : 60672,
            "80.000000" : 67072,
            "90.000000" : 75264,
            "95.000000" : 87552,
            "99.000000" : 138240,
            "99.500000" : 154624,
            "99.900000" : 362496,
            "99.950000" : 692224,
            "99.990000" : 1187840
          }
        },
        "lat_ns" : {
          "min" : 135,
          "max" : 14997295,
          "mean" : 29870.516416,
          "stddev" : 53440.866556,
          "N" : 73639287
        },
        "bw_min" : 102912,
        "bw_max" : 3003556,
        "bw_agg" : 100.000000,
        "bw_mean" : 2477852.860759,
        "bw_dev" : 17664.628119,
        "bw_samples" : 4503,
        "iops_min" : 25728,
        "iops_max" : 750886,
        "iops_mean" : 619459.383966,
        "iops_stddev" : 4416.140200,
        "iops_samples" : 4503
      },
      "trim" : {
        "io_bytes" : 0,
        "io_kbytes" : 0,
        "bw_bytes" : 0,
        "bw" : 0,
        "iops" : 0.000000,
        "runtime" : 0,
        "total_ios" : 0,
        "short_ios" : 0,
        "drop_ios" : 0,
        "slat_ns" : {
          "min" : 0,
          "max" : 0,
          "mean" : 0.000000,
          "stddev" : 0.000000,
          "N" : 0
        },
        "clat_ns" : {
          "min" : 0,
          "max" : 0,
          "mean" : 0.000000,
          "stddev" : 0.000000,
          "N" : 0
        },
        "lat_ns" : {
          "min" : 0,
          "max" : 0,
          "mean" : 0.000000,
          "stddev" : 0.000000,
          "N" : 0
        },
        "bw_min" : 0,
        "bw_max" : 0,
        "bw_agg" : 0.000000,
        "bw_mean" : 0.000000,
        "bw_dev" : 0.000000,
        "bw_samples" : 0,
        "iops_min" : 0,
        "iops_max" : 0,
        "iops_mean" : 0.000000,
        "iops_stddev" : 0.000000,
        "iops_samples" : 0
      },
      "sync" : {
        "total_ios" : 0,
        "lat_ns" : {
          "min" : 0,
          "max" : 0,
          "mean" : 0.000000,
          "stddev" : 0.000000,
          "N" : 0
        }
      },
      "job_runtime" : 7680002,
      "usr_cpu" : 44.809793,
      "sys_cpu" : 51.957265,
      "ctx" : 408841,
      "majf" : 196594,
      "minf" : 56802909,
      "iodepth_level" : {
        "1" : 100.000000,
        "2" : 0.000000,
        "4" : 0.000000,
        "8" : 0.000000,
        "16" : 0.000000,
        "32" : 0.000000,
        ">=64" : 0.000000
      },
      "iodepth_submit" : {
        "0" : 0.000000,
        "4" : 100.000000,
        "8" : 0.000000,
        "16" : 0.000000,
        "32" : 0.000000,
        "64" : 0.000000,
        ">=64" : 0.000000
      },
      "iodepth_complete" : {
        "0" : 0.000000,
        "4" : 100.000000,
        "8" : 0.000000,
        "16" : 0.000000,
        "32" : 0.000000,
        "64" : 0.000000,
        ">=64" : 0.000000
      },
      "latency_ns" : {
        "2" : 0.000000,
        "4" : 0.000000,
        "10" : 0.000000,
        "20" : 0.000000,
        "50" : 0.000000,
        "100" : 0.010000,
        "250" : 40.957127,
        "500" : 16.558271,
        "750" : 19.879239,
        "1000" : 10.528298
      },
      "latency_us" : {
        "2" : 4.458111,
        "4" : 4.306098,
        "10" : 1.161205,
        "20" : 0.041496,
        "50" : 0.024216,
        "100" : 1.927961,
        "250" : 0.147577,
        "500" : 0.010000,
        "750" : 0.010000,
        "1000" : 0.010000
      },
      "latency_ms" : {
        "2" : 0.010000,
        "4" : 0.010000,
        "10" : 0.010000,
        "20" : 0.010000,
        "50" : 0.010000,
        "100" : 0.000000,
        "250" : 0.000000,
        "500" : 0.000000,
        "750" : 0.000000,
        "1000" : 0.000000,
        "2000" : 0.000000,
        ">=2000" : 0.000000
      },
      "latency_depth" : 1,
      "latency_target" : 0,
      "latency_percentile" : 100.000000,
      "latency_window" : 0
    }
  ],
  "disk_util" : [
    {
      "name" : "sda",
      "read_ios" : 196643,
      "write_ios" : 125498,
      "read_sectors" : 1576064,
      "write_sectors" : 14126472,
      "read_merges" : 307,
      "write_merges" : 1040,
      "read_ticks" : 135004,
      "write_ticks" : 5572998,
      "in_queue" : 5708007,
      "util" : 18.978053
    }
  ]
}
