{
  "fio version" : "fio-3.40",
  "timestamp" : 1771893382,
  "timestamp_ms" : 1771893382633,
  "time" : "Tue Feb 24 01:36:22 2026",
  "global options" : {
    "group_reporting" : "",
    "ioengine" : "mmap",
    "size" : "768m",
    "thread" : "1",
    "directory" : "/tmp",
    "time_based" : "",
    "runtime" : "180",
    "norandommap" : "1",
    "filename" : "/tmp/fio_readwrite",
    "share_mmap" : "1",
    "repl" : "1"
  },
  "jobs" : [
    {
      "jobname" : "writers",
      "groupid" : 0,
      "job_start" : 1771893202560,
      "error" : 0,
      "eta" : 0,
      "elapsed" : 181,
      "job options" : {
        "rw" : "randread",
        "random_distribution" : "random",
        "numjobs" : "6"
      },
      "read" : {
        "io_bytes" : 809476198400,
        "io_kbytes" : 790504100,
        "bw_bytes" : 4497065007,
        "bw" : 4391665,
        "iops" : 1097916.261576,
        "runtime" : 180001,
        "total_ios" : 197626025,
        "short_ios" : 0,
        "drop_ios" : 0,
        "slat_ns" : {
          "min" : 0,
          "max" : 0,
          "mean" : 0.000000,
          "stddev" : 0.000000,
          "N" : 0
        },
        "clat_ns" : {
          "min" : 127,
          "max" : 6169546,
          "mean" : 4209.750758,
          "stddev" : 6514.024165,
          "N" : 197626025,
          "percentile" : {
            "1.000000" : 1064,
            "5.000000" : 1800,
            "10.000000" : 2288,
            "20.000000" : 2896,
            "30.000000" : 3344,
            "40.000000" : 3696,
            "50.000000" : 4016,
            "60.000000" : 4320,
            "70.000000" : 4640,
            "80.000000" : 5088,
            "90.000000" : 5664,
            "95.000000" : 6240,
            "99.000000" : 7584,
            "99.500000" : 8384,
            "99.900000" : 86528,
            "99.950000" : 100864,
            "99.990000" : 203776
          }
        },
        "lat_ns" : {
          "min" : 163,
          "max" : 6169891,
          "mean" : 4292.348687,
          "stddev" : 6520.399863,
          "N" : 197626025
        },
        "bw_min" : 85216,
        "bw_max" : 5085072,
        "bw_agg" : 100.000000,
        "bw_mean" : 4581717.002288,
        "bw_dev" : 132049.948056,
        "bw_samples" : 2060,
        "iops_min" : 21304,
        "iops_max" : 1271268,
        "iops_mean" : 1145427.704810,
        "iops_stddev" : 33012.450530,
        "iops_samples" : 2060
      },
      "write" : {
        "io_bytes" : 7438624391168,
        "io_kbytes" : 7264281632,
        "bw_bytes" : 41325002312,
        "bw" : 40356447,
        "iops" : 10089111.892580,
        "runtime" : 180003,
        "total_ios" : 1816070408,
        "short_ios" : 0,
        "drop_ios" : 0,
        "slat_ns" : {
          "min" : 0,
          "max" : 0,
          "mean" : 0.000000,
          "stddev" : 0.000000,
          "N" : 0
        },
        "clat_ns" : {
          "min" : 123,
          "max" : 44051556,
          "mean" : 4018.454596,
          "stddev" : 9630.242751,
          "N" : 1816070408,
          "percentile" : {
            "1.000000" : 1144,
            "5.000000" : 1768,
            "10.000000" : 2192,
            "20.000000" : 2704,
            "30.000000" : 3088,
            "40.000000" : 3408,
            "50.000000" : 3728,
            "60.000000" : 4048,
            "70.000000" : 4384,
            "80.000000" : 4768,
            "90.000000" : 5408,
            "95.000000" : 5920,
            "99.000000" : 7072,
            "99.500000" : 7776,
            "99.900000" : 117248,
            "99.950000" : 175104,
            "99.990000" : 264192
          }
        },
        "lat_ns" : {
          "min" : 175,
          "max" : 44051640,
          "mean" : 4178.802791,
          "stddev" : 9704.096562,
          "N" : 1816070408
        },
        "bw_min" : 781993,
        "bw_max" : 45336627,
        "bw_agg" : 100.000000,
        "bw_mean" : 42045914.560573,
        "bw_dev" : 136763.119722,
        "bw_samples" : 19944,
        "iops_min" : 195496,
        "iops_max" : 11334131,
        "iops_mean" : 10511466.691145,
        "iops_stddev" : 34190.756070,
        "iops_samples" : 19944
      },
      "trim" : {
        "io_bytes" : 0,
        "io_kbytes" : 0,
        "bw_bytes" : 0,
        "bw" : 0,
        "iops" : 0.000000,
        "runtime" : 0,
        "total_ios" : 0,
        "short_ios" : 0,
        "drop_ios" : 0,
        "slat_ns" : {
          "min" : 0,
          "max" : 0,
          "mean" : 0.000000,
          "stddev" : 0.000000,
          "N" : 0
        },
        "clat_ns" : {
          "min" : 0,
          "max" : 0,
          "mean" : 0.000000,
          "stddev" : 0.000000,
          "N" : 0
        },
        "lat_ns" : {
          "min" : 0,
          "max" : 0,
          "mean" : 0.000000,
          "stddev" : 0.000000,
          "N" : 0
        },
        "bw_min" : 0,
        "bw_max" : 0,
        "bw_agg" : 0.000000,
        "bw_mean" : 0.000000,
        "bw_dev" : 0.000000,
        "bw_samples" : 0,
        "iops_min" : 0,
        "iops_max" : 0,
        "iops_mean" : 0.000000,
        "iops_stddev" : 0.000000,
        "iops_samples" : 0
      },
      "sync" : {
        "total_ios" : 0,
        "lat_ns" : {
          "min" : 0,
          "max" : 0,
          "mean" : 0.000000,
          "stddev" : 0.000000,
          "N" : 0
        }
      },
      "job_runtime" : 11520012,
      "usr_cpu" : 91.903984,
      "sys_cpu" : 7.042527,
      "ctx" : 543350,
      "majf" : 60745,
      "minf" : 2652843,
      "iodepth_level" : {
        "1" : 100.000000,
        "2" : 0.000000,
        "4" : 0.000000,
        "8" : 0.000000,
        "16" : 0.000000,
        "32" : 0.000000,
        ">=64" : 0.000000
      },
      "iodepth_submit" : {
        "0" : 0.000000,
        "4" : 100.000000,
        "8" : 0.000000,
        "16" : 0.000000,
        "32" : 0.000000,
        "64" : 0.000000,
        ">=64" : 0.000000
      },
      "iodepth_complete" : {
        "0" : 0.000000,
        "4" : 100.000000,
        "8" : 0.000000,
        "16" : 0.000000,
        "32" : 0.000000,
        "64" : 0.000000,
        ">=64" : 0.000000
      },
      "latency_ns" : {
        "2" : 0.000000,
        "4" : 0.000000,
        "10" : 0.000000,
        "20" : 0.000000,
        "50" : 0.000000,
        "100" : 0.000000,
        "250" : 0.021708,
        "500" : 0.028099,
        "750" : 0.142392,
        "1000" : 0.403816
      },
      "latency_us" : {
        "2" : 6.922870,
        "4" : 50.276336,
        "10" : 41.956509,
        "20" : 0.027020,
        "50" : 0.089016,
        "100" : 0.032232,
        "250" : 0.089087,
        "500" : 0.010000,
        "750" : 0.010000,
        "1000" : 0.010000
      },
      "latency_ms" : {
        "2" : 0.010000,
        "4" : 0.010000,
        "10" : 0.010000,
        "20" : 0.000000,
        "50" : 0.010000,
        "100" : 0.000000,
        "250" : 0.000000,
        "500" : 0.000000,
        "750" : 0.000000,
        "1000" : 0.000000,
        "2000" : 0.000000,
        ">=2000" : 0.000000
      },
      "latency_depth" : 1,
      "latency_target" : 0,
      "latency_percentile" : 100.000000,
      "latency_window" : 0
    }
  ],
  "disk_util" : [
    {
      "name" : "sda",
      "read_ios" : 60884,
      "write_ios" : 60798,
      "read_sectors" : 493576,
      "write_sectors" : 2063136,
      "read_merges" : 358,
      "write_merges" : 422,
      "read_ticks" : 34873,
      "write_ticks" : 8159672,
      "in_queue" : 8194552,
      "util" : 2.298083
    }
  ]
}
