{
  "fio version" : "fio-3.40",
  "timestamp" : 1764543842,
  "timestamp_ms" : 1764543842520,
  "time" : "Mon Dec  1 00:04:02 2025",
  "global options" : {
    "group_reporting" : "",
    "ioengine" : "mmap",
    "size" : "768m",
    "thread" : "1",
    "directory" : "/tmp",
    "time_based" : "",
    "runtime" : "180",
    "filename" : "/tmp/fio_readwrite",
    "share_mmap" : "1",
    "repl" : "1"
  },
  "jobs" : [
    {
      "jobname" : "writers",
      "groupid" : 0,
      "job_start" : 1764543662369,
      "error" : 0,
      "eta" : 0,
      "elapsed" : 181,
      "job options" : {
        "rw" : "randread",
        "random_distribution" : "zipf",
        "numjobs" : "51"
      },
      "read" : {
        "io_bytes" : 22909998395392,
        "io_kbytes" : 22373045308,
        "bw_bytes" : 127275647602,
        "bw" : 124292624,
        "iops" : 31073156.152953,
        "runtime" : 180003,
        "total_ios" : 5593261327,
        "short_ios" : 0,
        "drop_ios" : 0,
        "slat_ns" : {
          "min" : 0,
          "max" : 0,
          "mean" : 0.000000,
          "stddev" : 0.000000,
          "N" : 0
        },
        "clat_ns" : {
          "min" : 92,
          "max" : 56028464,
          "mean" : 798.793554,
          "stddev" : 6907.977371,
          "N" : 5593261327,
          "percentile" : {
            "1.000000" : 131,
            "5.000000" : 159,
            "10.000000" : 189,
            "20.000000" : 215,
            "30.000000" : 243,
            "40.000000" : 366,
            "50.000000" : 588,
            "60.000000" : 836,
            "70.000000" : 1064,
            "80.000000" : 1272,
            "90.000000" : 1560,
            "95.000000" : 1832,
            "99.000000" : 2704,
            "99.500000" : 3120,
            "99.900000" : 4896,
            "99.950000" : 13504,
            "99.990000" : 19328
          }
        },
        "lat_ns" : {
          "min" : 121,
          "max" : 56028796,
          "mean" : 889.251164,
          "stddev" : 7034.414234,
          "N" : 5593261327
        },
        "bw_min" : 462952,
        "bw_max" : 148223458,
        "bw_agg" : 100.000000,
        "bw_mean" : 126150568.768362,
        "bw_dev" : 351130.969812,
        "bw_samples" : 18054,
        "iops_min" : 115738,
        "iops_max" : 37055847,
        "iops_mean" : 31537629.533898,
        "iops_stddev" : 87782.711268,
        "iops_samples" : 18054
      },
      "write" : {
        "io_bytes" : 5728950267904,
        "io_kbytes" : 5594677996,
        "bw_bytes" : 31827324669,
        "bw" : 31081371,
        "iops" : 7770342.936984,
        "runtime" : 180001,
        "total_ios" : 1398669499,
        "short_ios" : 0,
        "drop_ios" : 0,
        "slat_ns" : {
          "min" : 0,
          "max" : 0,
          "mean" : 0.000000,
          "stddev" : 0.000000,
          "N" : 0
        },
        "clat_ns" : {
          "min" : 95,
          "max" : 44043506,
          "mean" : 829.517201,
          "stddev" : 9526.119197,
          "N" : 1398669499,
          "percentile" : {
            "1.000000" : 129,
            "5.000000" : 155,
            "10.000000" : 183,
            "20.000000" : 211,
            "30.000000" : 233,
            "40.000000" : 366,
            "50.000000" : 612,
            "60.000000" : 860,
            "70.000000" : 1064,
            "80.000000" : 1272,
            "90.000000" : 1544,
            "95.000000" : 1816,
            "99.000000" : 2800,
            "99.500000" : 3376,
            "99.900000" : 11456,
            "99.950000" : 17280,
            "99.990000" : 44288
          }
        },
        "lat_ns" : {
          "min" : 134,
          "max" : 88613185,
          "mean" : 933.879599,
          "stddev" : 10123.262828,
          "N" : 1398669499
        },
        "bw_min" : 118000,
        "bw_max" : 38336813,
        "bw_agg" : 100.000000,
        "bw_mean" : 31545029.949153,
        "bw_dev" : 390659.071930,
        "bw_samples" : 4602,
        "iops_min" : 29500,
        "iops_max" : 9584198,
        "iops_mean" : 7886254.375706,
        "iops_stddev" : 97664.725744,
        "iops_samples" : 4602
      },
      "trim" : {
        "io_bytes" : 0,
        "io_kbytes" : 0,
        "bw_bytes" : 0,
        "bw" : 0,
        "iops" : 0.000000,
        "runtime" : 0,
        "total_ios" : 0,
        "short_ios" : 0,
        "drop_ios" : 0,
        "slat_ns" : {
          "min" : 0,
          "max" : 0,
          "mean" : 0.000000,
          "stddev" : 0.000000,
          "N" : 0
        },
        "clat_ns" : {
          "min" : 0,
          "max" : 0,
          "mean" : 0.000000,
          "stddev" : 0.000000,
          "N" : 0
        },
        "lat_ns" : {
          "min" : 0,
          "max" : 0,
          "mean" : 0.000000,
          "stddev" : 0.000000,
          "N" : 0
        },
        "bw_min" : 0,
        "bw_max" : 0,
        "bw_agg" : 0.000000,
        "bw_mean" : 0.000000,
        "bw_dev" : 0.000000,
        "bw_samples" : 0,
        "iops_min" : 0,
        "iops_max" : 0,
        "iops_mean" : 0.000000,
        "iops_stddev" : 0.000000,
        "iops_samples" : 0
      },
      "sync" : {
        "total_ios" : 0,
        "lat_ns" : {
          "min" : 0,
          "max" : 0,
          "mean" : 0.000000,
          "stddev" : 0.000000,
          "N" : 0
        }
      },
      "job_runtime" : 11520005,
      "usr_cpu" : 96.008448,
      "sys_cpu" : 0.509930,
      "ctx" : 689337,
      "majf" : 196606,
      "minf" : 3063776,
      "iodepth_level" : {
        "1" : 100.000000,
        "2" : 0.000000,
        "4" : 0.000000,
        "8" : 0.000000,
        "16" : 0.000000,
        "32" : 0.000000,
        ">=64" : 0.000000
      },
      "iodepth_submit" : {
        "0" : 0.000000,
        "4" : 100.000000,
        "8" : 0.000000,
        "16" : 0.000000,
        "32" : 0.000000,
        "64" : 0.000000,
        ">=64" : 0.000000
      },
      "iodepth_complete" : {
        "0" : 0.000000,
        "4" : 100.000000,
        "8" : 0.000000,
        "16" : 0.000000,
        "32" : 0.000000,
        "64" : 0.000000,
        ">=64" : 0.000000
      },
      "latency_ns" : {
        "2" : 0.000000,
        "4" : 0.000000,
        "10" : 0.000000,
        "20" : 0.000000,
        "50" : 0.000000,
        "100" : 0.010000,
        "250" : 31.249169,
        "500" : 15.039303,
        "750" : 10.159256,
        "1000" : 10.615882
      },
      "latency_us" : {
        "2" : 29.542829,
        "4" : 3.216018,
        "10" : 0.088931,
        "20" : 0.076981,
        "50" : 0.010000,
        "100" : 0.010000,
        "250" : 0.010000,
        "500" : 0.010000,
        "750" : 0.010000,
        "1000" : 0.010000
      },
      "latency_ms" : {
        "2" : 0.010000,
        "4" : 0.010000,
        "10" : 0.010000,
        "20" : 0.010000,
        "50" : 0.010000,
        "100" : 0.010000,
        "250" : 0.000000,
        "500" : 0.000000,
        "750" : 0.000000,
        "1000" : 0.000000,
        "2000" : 0.000000,
        ">=2000" : 0.000000
      },
      "latency_depth" : 1,
      "latency_target" : 0,
      "latency_percentile" : 100.000000,
      "latency_window" : 0
    }
  ],
  "disk_util" : [
    {
      "name" : "sdb",
      "read_ios" : 196558,
      "write_ios" : 99154,
      "read_sectors" : 1574120,
      "write_sectors" : 24774856,
      "read_merges" : 207,
      "write_merges" : 2867,
      "read_ticks" : 179390,
      "write_ticks" : 25185508,
      "in_queue" : 25364907,
      "util" : 14.956330
    }
  ]
}
