{
  "fio version" : "fio-3.40",
  "timestamp" : 1772064019,
  "timestamp_ms" : 1772064019742,
  "time" : "Thu Feb 26 01:00:19 2026",
  "global options" : {
    "group_reporting" : "",
    "ioengine" : "mmap",
    "size" : "768m",
    "thread" : "1",
    "directory" : "/tmp",
    "time_based" : "",
    "runtime" : "210",
    "norandommap" : "1",
    "filename" : "/tmp/fio_readwrite",
    "share_mmap" : "1",
    "repl" : "1"
  },
  "jobs" : [
    {
      "jobname" : "writers",
      "groupid" : 0,
      "job_start" : 1772063809674,
      "error" : 0,
      "eta" : 0,
      "elapsed" : 211,
      "job options" : {
        "rw" : "randread",
        "random_distribution" : "random",
        "numjobs" : "32"
      },
      "read" : {
        "io_bytes" : 7411675021312,
        "io_kbytes" : 7237963888,
        "bw_bytes" : 35293186389,
        "bw" : 34466002,
        "iops" : 8616500.583325,
        "runtime" : 210003,
        "total_ios" : 1809490972,
        "short_ios" : 0,
        "drop_ios" : 0,
        "slat_ns" : {
          "min" : 0,
          "max" : 0,
          "mean" : 0.000000,
          "stddev" : 0.000000,
          "N" : 0
        },
        "clat_ns" : {
          "min" : 100,
          "max" : 8038201,
          "mean" : 2954.865009,
          "stddev" : 7432.181709,
          "N" : 1809490972,
          "percentile" : {
            "1.000000" : 724,
            "5.000000" : 1384,
            "10.000000" : 1720,
            "20.000000" : 2096,
            "30.000000" : 2352,
            "40.000000" : 2544,
            "50.000000" : 2768,
            "60.000000" : 2960,
            "70.000000" : 3152,
            "80.000000" : 3408,
            "90.000000" : 3792,
            "95.000000" : 4128,
            "99.000000" : 5088,
            "99.500000" : 6816,
            "99.900000" : 77312,
            "99.950000" : 90624,
            "99.990000" : 152576
          }
        },
        "lat_ns" : {
          "min" : 128,
          "max" : 8038236,
          "mean" : 3023.301984,
          "stddev" : 7457.264360,
          "N" : 1809490972
        },
        "bw_min" : 136960,
        "bw_max" : 41705867,
        "bw_agg" : 100.000000,
        "bw_mean" : 34742685.802410,
        "bw_dev" : 175187.376330,
        "bw_samples" : 13280,
        "iops_min" : 34240,
        "iops_max" : 10426464,
        "iops_mean" : 8685665.281928,
        "iops_stddev" : 43796.817675,
        "iops_samples" : 13280
      },
      "write" : {
        "io_bytes" : 7059505520640,
        "io_kbytes" : 6894048360,
        "bw_bytes" : 33616212723,
        "bw" : 32828332,
        "iops" : 8207083.184526,
        "runtime" : 210003,
        "total_ios" : 1723512090,
        "short_ios" : 0,
        "drop_ios" : 0,
        "slat_ns" : {
          "min" : 0,
          "max" : 0,
          "mean" : 0.000000,
          "stddev" : 0.000000,
          "N" : 0
        },
        "clat_ns" : {
          "min" : 97,
          "max" : 25008064,
          "mean" : 2946.538226,
          "stddev" : 8112.324236,
          "N" : 1723512090,
          "percentile" : {
            "1.000000" : 1064,
            "5.000000" : 1496,
            "10.000000" : 1752,
            "20.000000" : 2040,
            "30.000000" : 2256,
            "40.000000" : 2480,
            "50.000000" : 2672,
            "60.000000" : 2864,
            "70.000000" : 3088,
            "80.000000" : 3312,
            "90.000000" : 3664,
            "95.000000" : 3984,
            "99.000000" : 4896,
            "99.500000" : 9664,
            "99.900000" : 83456,
            "99.950000" : 107008,
            "99.990000" : 187392
          }
        },
        "lat_ns" : {
          "min" : 137,
          "max" : 25008437,
          "mean" : 3063.424930,
          "stddev" : 8154.397070,
          "N" : 1723512090
        },
        "bw_min" : 124536,
        "bw_max" : 36846449,
        "bw_agg" : 100.000000,
        "bw_mean" : 33089878.795181,
        "bw_dev" : 240407.901310,
        "bw_samples" : 13280,
        "iops_min" : 31134,
        "iops_max" : 9211610,
        "iops_mean" : 8272464.477108,
        "iops_stddev" : 60101.944145,
        "iops_samples" : 13280
      },
      "trim" : {
        "io_bytes" : 0,
        "io_kbytes" : 0,
        "bw_bytes" : 0,
        "bw" : 0,
        "iops" : 0.000000,
        "runtime" : 0,
        "total_ios" : 0,
        "short_ios" : 0,
        "drop_ios" : 0,
        "slat_ns" : {
          "min" : 0,
          "max" : 0,
          "mean" : 0.000000,
          "stddev" : 0.000000,
          "N" : 0
        },
        "clat_ns" : {
          "min" : 0,
          "max" : 0,
          "mean" : 0.000000,
          "stddev" : 0.000000,
          "N" : 0
        },
        "lat_ns" : {
          "min" : 0,
          "max" : 0,
          "mean" : 0.000000,
          "stddev" : 0.000000,
          "N" : 0
        },
        "bw_min" : 0,
        "bw_max" : 0,
        "bw_agg" : 0.000000,
        "bw_mean" : 0.000000,
        "bw_dev" : 0.000000,
        "bw_samples" : 0,
        "iops_min" : 0,
        "iops_max" : 0,
        "iops_mean" : 0.000000,
        "iops_stddev" : 0.000000,
        "iops_samples" : 0
      },
      "sync" : {
        "total_ios" : 0,
        "lat_ns" : {
          "min" : 0,
          "max" : 0,
          "mean" : 0.000000,
          "stddev" : 0.000000,
          "N" : 0
        }
      },
      "job_runtime" : 13440027,
      "usr_cpu" : 93.991694,
      "sys_cpu" : 4.504418,
      "ctx" : 540042,
      "majf" : 173103,
      "minf" : 6249470,
      "iodepth_level" : {
        "1" : 100.000000,
        "2" : 0.000000,
        "4" : 0.000000,
        "8" : 0.000000,
        "16" : 0.000000,
        "32" : 0.000000,
        ">=64" : 0.000000
      },
      "iodepth_submit" : {
        "0" : 0.000000,
        "4" : 100.000000,
        "8" : 0.000000,
        "16" : 0.000000,
        "32" : 0.000000,
        "64" : 0.000000,
        ">=64" : 0.000000
      },
      "iodepth_complete" : {
        "0" : 0.000000,
        "4" : 100.000000,
        "8" : 0.000000,
        "16" : 0.000000,
        "32" : 0.000000,
        "64" : 0.000000,
        ">=64" : 0.000000
      },
      "latency_ns" : {
        "2" : 0.000000,
        "4" : 0.000000,
        "10" : 0.000000,
        "20" : 0.000000,
        "50" : 0.000000,
        "100" : 0.010000,
        "250" : 0.038267,
        "500" : 0.102133,
        "750" : 0.504323,
        "1000" : 0.854095
      },
      "latency_us" : {
        "2" : 16.099948,
        "4" : 76.724196,
        "10" : 5.220077,
        "20" : 0.252573,
        "50" : 0.025333,
        "100" : 0.135072,
        "250" : 0.038676,
        "500" : 0.010000,
        "750" : 0.010000,
        "1000" : 0.010000
      },
      "latency_ms" : {
        "2" : 0.010000,
        "4" : 0.010000,
        "10" : 0.010000,
        "20" : 0.000000,
        "50" : 0.010000,
        "100" : 0.000000,
        "250" : 0.000000,
        "500" : 0.000000,
        "750" : 0.000000,
        "1000" : 0.000000,
        "2000" : 0.000000,
        ">=2000" : 0.000000
      },
      "latency_depth" : 1,
      "latency_target" : 0,
      "latency_percentile" : 100.000000,
      "latency_window" : 0
    }
  ],
  "disk_util" : [
    {
      "name" : "sdb",
      "read_ios" : 173060,
      "write_ios" : 54368,
      "read_sectors" : 1385808,
      "write_sectors" : 2148568,
      "read_merges" : 165,
      "write_merges" : 2206,
      "read_ticks" : 113188,
      "write_ticks" : 8400358,
      "in_queue" : 8513553,
      "util" : 2.136934
    }
  ]
}
