{
  "fio version" : "fio-3.40",
  "timestamp" : 1764780082,
  "timestamp_ms" : 1764780082801,
  "time" : "Wed Dec  3 17:41:22 2025",
  "global options" : {
    "group_reporting" : "",
    "ioengine" : "mmap",
    "size" : "768m",
    "thread" : "1",
    "directory" : "/tmp",
    "time_based" : "",
    "runtime" : "180",
    "norandommap" : "1",
    "filename" : "/tmp/fio_readwrite",
    "share_mmap" : "1",
    "repl" : "1"
  },
  "jobs" : [
    {
      "jobname" : "writers",
      "groupid" : 0,
      "job_start" : 1764779902618,
      "error" : 0,
      "eta" : 0,
      "elapsed" : 181,
      "job options" : {
        "rw" : "randread",
        "random_distribution" : "random",
        "numjobs" : "54"
      },
      "read" : {
        "io_bytes" : 13503696281600,
        "io_kbytes" : 13187203400,
        "bw_bytes" : 75019284576,
        "bw" : 73261020,
        "iops" : 18315255.023527,
        "runtime" : 180003,
        "total_ios" : 3296800850,
        "short_ios" : 0,
        "drop_ios" : 0,
        "slat_ns" : {
          "min" : 0,
          "max" : 0,
          "mean" : 0.000000,
          "stddev" : 0.000000,
          "N" : 0
        },
        "clat_ns" : {
          "min" : 98,
          "max" : 52045945,
          "mean" : 2358.643534,
          "stddev" : 10850.745740,
          "N" : 3296800850,
          "percentile" : {
            "1.000000" : 1032,
            "5.000000" : 1384,
            "10.000000" : 1560,
            "20.000000" : 1768,
            "30.000000" : 1928,
            "40.000000" : 2064,
            "50.000000" : 2224,
            "60.000000" : 2352,
            "70.000000" : 2512,
            "80.000000" : 2704,
            "90.000000" : 3024,
            "95.000000" : 3376,
            "99.000000" : 4320,
            "99.500000" : 4832,
            "99.900000" : 17280,
            "99.950000" : 18048,
            "99.990000" : 25728
          }
        },
        "lat_ns" : {
          "min" : 126,
          "max" : 52045975,
          "mean" : 2415.105592,
          "stddev" : 10951.268257,
          "N" : 3296800850
        },
        "bw_min" : 66624,
        "bw_max" : 86208080,
        "bw_agg" : 100.000000,
        "bw_mean" : 73939143.567416,
        "bw_dev" : 187977.480740,
        "bw_samples" : 19224,
        "iops_min" : 16656,
        "iops_max" : 21552018,
        "iops_mean" : 18484777.210674,
        "iops_stddev" : 46994.347879,
        "iops_samples" : 19224
      },
      "write" : {
        "io_bytes" : 2296565420032,
        "io_kbytes" : 2242739668,
        "bw_bytes" : 12758484136,
        "bw" : 12459457,
        "iops" : 3114864.291151,
        "runtime" : 180003,
        "total_ios" : 560684917,
        "short_ios" : 0,
        "drop_ios" : 0,
        "slat_ns" : {
          "min" : 0,
          "max" : 0,
          "mean" : 0.000000,
          "stddev" : 0.000000,
          "N" : 0
        },
        "clat_ns" : {
          "min" : 97,
          "max" : 80032252,
          "mean" : 2503.957376,
          "stddev" : 19670.044454,
          "N" : 560684917,
          "percentile" : {
            "1.000000" : 1048,
            "5.000000" : 1368,
            "10.000000" : 1544,
            "20.000000" : 1768,
            "30.000000" : 1928,
            "40.000000" : 2064,
            "50.000000" : 2224,
            "60.000000" : 2352,
            "70.000000" : 2512,
            "80.000000" : 2704,
            "90.000000" : 3024,
            "95.000000" : 3344,
            "99.000000" : 4832,
            "99.500000" : 12736,
            "99.900000" : 23936,
            "99.950000" : 59136,
            "99.990000" : 138240
          }
        },
        "lat_ns" : {
          "min" : 134,
          "max" : 80033161,
          "mean" : 2584.903386,
          "stddev" : 19980.252019,
          "N" : 560684917
        },
        "bw_min" : 12320,
        "bw_max" : 16628986,
        "bw_agg" : 100.000000,
        "bw_mean" : 12574486.370787,
        "bw_dev" : 206925.749995,
        "bw_samples" : 3560,
        "iops_min" : 3080,
        "iops_max" : 4157237,
        "iops_mean" : 3143619.949438,
        "iops_stddev" : 51731.415899,
        "iops_samples" : 3560
      },
      "trim" : {
        "io_bytes" : 0,
        "io_kbytes" : 0,
        "bw_bytes" : 0,
        "bw" : 0,
        "iops" : 0.000000,
        "runtime" : 0,
        "total_ios" : 0,
        "short_ios" : 0,
        "drop_ios" : 0,
        "slat_ns" : {
          "min" : 0,
          "max" : 0,
          "mean" : 0.000000,
          "stddev" : 0.000000,
          "N" : 0
        },
        "clat_ns" : {
          "min" : 0,
          "max" : 0,
          "mean" : 0.000000,
          "stddev" : 0.000000,
          "N" : 0
        },
        "lat_ns" : {
          "min" : 0,
          "max" : 0,
          "mean" : 0.000000,
          "stddev" : 0.000000,
          "N" : 0
        },
        "bw_min" : 0,
        "bw_max" : 0,
        "bw_agg" : 0.000000,
        "bw_mean" : 0.000000,
        "bw_dev" : 0.000000,
        "bw_samples" : 0,
        "iops_min" : 0,
        "iops_max" : 0,
        "iops_mean" : 0.000000,
        "iops_stddev" : 0.000000,
        "iops_samples" : 0
      },
      "sync" : {
        "total_ios" : 0,
        "lat_ns" : {
          "min" : 0,
          "max" : 0,
          "mean" : 0.000000,
          "stddev" : 0.000000,
          "N" : 0
        }
      },
      "job_runtime" : 11520050,
      "usr_cpu" : 95.998550,
      "sys_cpu" : 0.614398,
      "ctx" : 822056,
      "majf" : 196600,
      "minf" : 2871123,
      "iodepth_level" : {
        "1" : 100.000000,
        "2" : 0.000000,
        "4" : 0.000000,
        "8" : 0.000000,
        "16" : 0.000000,
        "32" : 0.000000,
        ">=64" : 0.000000
      },
      "iodepth_submit" : {
        "0" : 0.000000,
        "4" : 100.000000,
        "8" : 0.000000,
        "16" : 0.000000,
        "32" : 0.000000,
        "64" : 0.000000,
        ">=64" : 0.000000
      },
      "iodepth_complete" : {
        "0" : 0.000000,
        "4" : 100.000000,
        "8" : 0.000000,
        "16" : 0.000000,
        "32" : 0.000000,
        "64" : 0.000000,
        ">=64" : 0.000000
      },
      "latency_ns" : {
        "2" : 0.000000,
        "4" : 0.000000,
        "10" : 0.000000,
        "20" : 0.000000,
        "50" : 0.000000,
        "100" : 0.010000,
        "250" : 0.039963,
        "500" : 0.036642,
        "750" : 0.132784,
        "1000" : 0.620411
      },
      "latency_us" : {
        "2" : 33.677184,
        "4" : 63.756135,
        "10" : 1.412128,
        "20" : 0.289849,
        "50" : 0.019370,
        "100" : 0.010000,
        "250" : 0.010000,
        "500" : 0.010000,
        "750" : 0.010000,
        "1000" : 0.010000
      },
      "latency_ms" : {
        "2" : 0.010000,
        "4" : 0.010000,
        "10" : 0.010000,
        "20" : 0.010000,
        "50" : 0.010000,
        "100" : 0.010000,
        "250" : 0.000000,
        "500" : 0.000000,
        "750" : 0.000000,
        "1000" : 0.000000,
        "2000" : 0.000000,
        ">=2000" : 0.000000
      },
      "latency_depth" : 1,
      "latency_target" : 0,
      "latency_percentile" : 100.000000,
      "latency_window" : 0
    }
  ],
  "disk_util" : [
    {
      "name" : "sdb",
      "read_ios" : 196559,
      "write_ios" : 134604,
      "read_sectors" : 1573848,
      "write_sectors" : 22385960,
      "read_merges" : 172,
      "write_merges" : 9456,
      "read_ticks" : 151231,
      "write_ticks" : 21519925,
      "in_queue" : 21671165,
      "util" : 13.540037
    }
  ]
}
