{
  "fio version" : "fio-3.40",
  "timestamp" : 1769463452,
  "timestamp_ms" : 1769463452528,
  "time" : "Mon Jan 26 22:37:32 2026",
  "global options" : {
    "group_reporting" : "",
    "ioengine" : "mmap",
    "size" : "768m",
    "thread" : "1",
    "directory" : "/tmp",
    "time_based" : "",
    "runtime" : "180",
    "norandommap" : "1",
    "filename" : "/tmp/fio_readwrite",
    "share_mmap" : "1",
    "repl" : "1"
  },
  "jobs" : [
    {
      "jobname" : "writers",
      "groupid" : 0,
      "job_start" : 1769463272365,
      "error" : 0,
      "eta" : 0,
      "elapsed" : 181,
      "job options" : {
        "rw" : "randread",
        "random_distribution" : "random",
        "numjobs" : "54"
      },
      "read" : {
        "io_bytes" : 10933794291712,
        "io_kbytes" : 10677533488,
        "bw_bytes" : 60742289249,
        "bw" : 59318641,
        "iops" : 14829660.461215,
        "runtime" : 180003,
        "total_ios" : 2669383372,
        "short_ios" : 0,
        "drop_ios" : 0,
        "slat_ns" : {
          "min" : 0,
          "max" : 0,
          "mean" : 0.000000,
          "stddev" : 0.000000,
          "N" : 0
        },
        "clat_ns" : {
          "min" : 97,
          "max" : 92034888,
          "mean" : 3030.262394,
          "stddev" : 8593.582972,
          "N" : 2669383372,
          "percentile" : {
            "1.000000" : 620,
            "5.000000" : 988,
            "10.000000" : 1320,
            "20.000000" : 1944,
            "30.000000" : 2352,
            "40.000000" : 2640,
            "50.000000" : 2896,
            "60.000000" : 3152,
            "70.000000" : 3408,
            "80.000000" : 3696,
            "90.000000" : 4128,
            "95.000000" : 4512,
            "99.000000" : 5600,
            "99.500000" : 6368,
            "99.900000" : 79360,
            "99.950000" : 96768,
            "99.990000" : 140288
          }
        },
        "lat_ns" : {
          "min" : 126,
          "max" : 92034921,
          "mean" : 3089.695032,
          "stddev" : 8608.699202,
          "N" : 2669383372
        },
        "bw_min" : 89032,
        "bw_max" : 84536339,
        "bw_agg" : 100.000000,
        "bw_mean" : 60080018.199419,
        "bw_dev" : 227404.994854,
        "bw_samples" : 19159,
        "iops_min" : 22258,
        "iops_max" : 21134078,
        "iops_mean" : 15019996.471171,
        "iops_stddev" : 56851.269267,
        "iops_samples" : 19159
      },
      "write" : {
        "io_bytes" : 1565376229376,
        "io_kbytes" : 1528687724,
        "bw_bytes" : 8696437980,
        "bw" : 8492615,
        "iops" : 2123153.803847,
        "runtime" : 180002,
        "total_ios" : 382171931,
        "short_ios" : 0,
        "drop_ios" : 0,
        "slat_ns" : {
          "min" : 0,
          "max" : 0,
          "mean" : 0.000000,
          "stddev" : 0.000000,
          "N" : 0
        },
        "clat_ns" : {
          "min" : 99,
          "max" : 8067511,
          "mean" : 4062.845620,
          "stddev" : 11527.676019,
          "N" : 382171931,
          "percentile" : {
            "1.000000" : 1496,
            "5.000000" : 1976,
            "10.000000" : 2224,
            "20.000000" : 2544,
            "30.000000" : 2768,
            "40.000000" : 2992,
            "50.000000" : 3184,
            "60.000000" : 3376,
            "70.000000" : 3568,
            "80.000000" : 3824,
            "90.000000" : 4192,
            "95.000000" : 4512,
            "99.000000" : 19072,
            "99.500000" : 83456,
            "99.900000" : 107008,
            "99.950000" : 122368,
            "99.990000" : 228352
          }
        },
        "lat_ns" : {
          "min" : 137,
          "max" : 8067558,
          "mean" : 4139.181201,
          "stddev" : 11533.390558,
          "N" : 382171931
        },
        "bw_min" : 24136,
        "bw_max" : 10709102,
        "bw_agg" : 100.000000,
        "bw_mean" : 8603251.631734,
        "bw_dev" : 393055.854410,
        "bw_samples" : 3546,
        "iops_min" : 6034,
        "iops_max" : 2677273,
        "iops_mean" : 2150811.493722,
        "iops_stddev" : 98263.922252,
        "iops_samples" : 3546
      },
      "trim" : {
        "io_bytes" : 0,
        "io_kbytes" : 0,
        "bw_bytes" : 0,
        "bw" : 0,
        "iops" : 0.000000,
        "runtime" : 0,
        "total_ios" : 0,
        "short_ios" : 0,
        "drop_ios" : 0,
        "slat_ns" : {
          "min" : 0,
          "max" : 0,
          "mean" : 0.000000,
          "stddev" : 0.000000,
          "N" : 0
        },
        "clat_ns" : {
          "min" : 0,
          "max" : 0,
          "mean" : 0.000000,
          "stddev" : 0.000000,
          "N" : 0
        },
        "lat_ns" : {
          "min" : 0,
          "max" : 0,
          "mean" : 0.000000,
          "stddev" : 0.000000,
          "N" : 0
        },
        "bw_min" : 0,
        "bw_max" : 0,
        "bw_agg" : 0.000000,
        "bw_mean" : 0.000000,
        "bw_dev" : 0.000000,
        "bw_samples" : 0,
        "iops_min" : 0,
        "iops_max" : 0,
        "iops_mean" : 0.000000,
        "iops_stddev" : 0.000000,
        "iops_samples" : 0
      },
      "sync" : {
        "total_ios" : 0,
        "lat_ns" : {
          "min" : 0,
          "max" : 0,
          "mean" : 0.000000,
          "stddev" : 0.000000,
          "N" : 0
        }
      },
      "job_runtime" : 11520014,
      "usr_cpu" : 91.880808,
      "sys_cpu" : 5.387433,
      "ctx" : 921774,
      "majf" : 192198,
      "minf" : 7152548,
      "iodepth_level" : {
        "1" : 100.000000,
        "2" : 0.000000,
        "4" : 0.000000,
        "8" : 0.000000,
        "16" : 0.000000,
        "32" : 0.000000,
        ">=64" : 0.000000
      },
      "iodepth_submit" : {
        "0" : 0.000000,
        "4" : 100.000000,
        "8" : 0.000000,
        "16" : 0.000000,
        "32" : 0.000000,
        "64" : 0.000000,
        ">=64" : 0.000000
      },
      "iodepth_complete" : {
        "0" : 0.000000,
        "4" : 100.000000,
        "8" : 0.000000,
        "16" : 0.000000,
        "32" : 0.000000,
        "64" : 0.000000,
        ">=64" : 0.000000
      },
      "latency_ns" : {
        "2" : 0.000000,
        "4" : 0.000000,
        "10" : 0.000000,
        "20" : 0.000000,
        "50" : 0.000000,
        "100" : 0.010000,
        "250" : 0.044693,
        "500" : 0.281808,
        "750" : 1.504203,
        "1000" : 2.735465
      },
      "latency_us" : {
        "2" : 14.562566,
        "4" : 68.029454,
        "10" : 12.463185,
        "20" : 0.131581,
        "50" : 0.011790,
        "100" : 0.178520,
        "250" : 0.050025,
        "500" : 0.010000,
        "750" : 0.010000,
        "1000" : 0.010000
      },
      "latency_ms" : {
        "2" : 0.010000,
        "4" : 0.010000,
        "10" : 0.010000,
        "20" : 0.000000,
        "50" : 0.000000,
        "100" : 0.010000,
        "250" : 0.000000,
        "500" : 0.000000,
        "750" : 0.000000,
        "1000" : 0.000000,
        "2000" : 0.000000,
        ">=2000" : 0.000000
      },
      "latency_depth" : 1,
      "latency_target" : 0,
      "latency_percentile" : 100.000000,
      "latency_window" : 0
    }
  ],
  "disk_util" : [
    {
      "name" : "sda",
      "read_ios" : 192263,
      "write_ios" : 141521,
      "read_sectors" : 1544840,
      "write_sectors" : 2904296,
      "read_merges" : 387,
      "write_merges" : 9290,
      "read_ticks" : 145418,
      "write_ticks" : 12002201,
      "in_queue" : 12147625,
      "util" : 3.329102
    }
  ]
}
