{
  "fio version" : "fio-3.40",
  "timestamp" : 1771878365,
  "timestamp_ms" : 1771878365244,
  "time" : "Mon Feb 23 21:26:05 2026",
  "global options" : {
    "group_reporting" : "",
    "ioengine" : "mmap",
    "size" : "768m",
    "thread" : "1",
    "directory" : "/tmp",
    "time_based" : "",
    "runtime" : "180",
    "norandommap" : "1",
    "filename" : "/tmp/fio_readwrite",
    "share_mmap" : "1",
    "repl" : "1"
  },
  "jobs" : [
    {
      "jobname" : "writers",
      "groupid" : 0,
      "job_start" : 1771878185146,
      "error" : 0,
      "eta" : 0,
      "elapsed" : 181,
      "job options" : {
        "rw" : "randread",
        "random_distribution" : "random",
        "numjobs" : "54"
      },
      "read" : {
        "io_bytes" : 16746347081728,
        "io_kbytes" : 16353854572,
        "bw_bytes" : 93033711003,
        "bw" : 90853233,
        "iops" : 22713308.350416,
        "runtime" : 180003,
        "total_ios" : 4088463643,
        "short_ios" : 0,
        "drop_ios" : 0,
        "slat_ns" : {
          "min" : 0,
          "max" : 0,
          "mean" : 0.000000,
          "stddev" : 0.000000,
          "N" : 0
        },
        "clat_ns" : {
          "min" : 123,
          "max" : 128082819,
          "mean" : 1686.298016,
          "stddev" : 13187.334870,
          "N" : 4088463643,
          "percentile" : {
            "1.000000" : 478,
            "5.000000" : 524,
            "10.000000" : 564,
            "20.000000" : 644,
            "30.000000" : 724,
            "40.000000" : 812,
            "50.000000" : 908,
            "60.000000" : 1012,
            "70.000000" : 1144,
            "80.000000" : 1368,
            "90.000000" : 2704,
            "95.000000" : 3728,
            "99.000000" : 5536,
            "99.500000" : 57600,
            "99.900000" : 73216,
            "99.950000" : 80384,
            "99.990000" : 120320
          }
        },
        "lat_ns" : {
          "min" : 159,
          "max" : 128082889,
          "mean" : 1760.511936,
          "stddev" : 13341.564268,
          "N" : 4088463643
        },
        "bw_min" : 9116849,
        "bw_max" : 110530993,
        "bw_agg" : 100.000000,
        "bw_mean" : 91662334.720004,
        "bw_dev" : 259263.181295,
        "bw_samples" : 19242,
        "iops_min" : 2279191,
        "iops_max" : 27632748,
        "iops_mean" : 22915571.709889,
        "iops_stddev" : 64815.770242,
        "iops_samples" : 19242
      },
      "write" : {
        "io_bytes" : 111896903680,
        "io_kbytes" : 109274320,
        "bw_bytes" : 621642557,
        "bw" : 607072,
        "iops" : 151768.202576,
        "runtime" : 180002,
        "total_ios" : 27318580,
        "short_ios" : 0,
        "drop_ios" : 0,
        "slat_ns" : {
          "min" : 0,
          "max" : 0,
          "mean" : 0.000000,
          "stddev" : 0.000000,
          "N" : 0
        },
        "clat_ns" : {
          "min" : 178,
          "max" : 36903680,
          "mean" : 64640.316816,
          "stddev" : 59778.583662,
          "N" : 27318580,
          "percentile" : {
            "1.000000" : 41216,
            "5.000000" : 49920,
            "10.000000" : 52480,
            "20.000000" : 55040,
            "30.000000" : 57600,
            "40.000000" : 59136,
            "50.000000" : 61184,
            "60.000000" : 63232,
            "70.000000" : 66048,
            "80.000000" : 69120,
            "90.000000" : 75264,
            "95.000000" : 83456,
            "99.000000" : 124416,
            "99.500000" : 156672,
            "99.900000" : 528384,
            "99.950000" : 815104,
            "99.990000" : 2768896
          }
        },
        "lat_ns" : {
          "min" : 246,
          "max" : 36903800,
          "mean" : 64789.655966,
          "stddev" : 59800.138584,
          "N" : 27318580
        },
        "bw_min" : 72755,
        "bw_max" : 730028,
        "bw_agg" : 100.000000,
        "bw_mean" : 609699.457980,
        "bw_dev" : 7227.217849,
        "bw_samples" : 3578,
        "iops_min" : 18186,
        "iops_max" : 182505,
        "iops_mean" : 152423.114575,
        "iops_stddev" : 1806.799451,
        "iops_samples" : 3578
      },
      "trim" : {
        "io_bytes" : 0,
        "io_kbytes" : 0,
        "bw_bytes" : 0,
        "bw" : 0,
        "iops" : 0.000000,
        "runtime" : 0,
        "total_ios" : 0,
        "short_ios" : 0,
        "drop_ios" : 0,
        "slat_ns" : {
          "min" : 0,
          "max" : 0,
          "mean" : 0.000000,
          "stddev" : 0.000000,
          "N" : 0
        },
        "clat_ns" : {
          "min" : 0,
          "max" : 0,
          "mean" : 0.000000,
          "stddev" : 0.000000,
          "N" : 0
        },
        "lat_ns" : {
          "min" : 0,
          "max" : 0,
          "mean" : 0.000000,
          "stddev" : 0.000000,
          "N" : 0
        },
        "bw_min" : 0,
        "bw_max" : 0,
        "bw_agg" : 0.000000,
        "bw_mean" : 0.000000,
        "bw_dev" : 0.000000,
        "bw_samples" : 0,
        "iops_min" : 0,
        "iops_max" : 0,
        "iops_mean" : 0.000000,
        "iops_stddev" : 0.000000,
        "iops_samples" : 0
      },
      "sync" : {
        "total_ios" : 0,
        "lat_ns" : {
          "min" : 0,
          "max" : 0,
          "mean" : 0.000000,
          "stddev" : 0.000000,
          "N" : 0
        }
      },
      "job_runtime" : 11520015,
      "usr_cpu" : 67.948800,
      "sys_cpu" : 29.320839,
      "ctx" : 947044,
      "majf" : 196632,
      "minf" : 54307099,
      "iodepth_level" : {
        "1" : 100.000000,
        "2" : 0.000000,
        "4" : 0.000000,
        "8" : 0.000000,
        "16" : 0.000000,
        "32" : 0.000000,
        ">=64" : 0.000000
      },
      "iodepth_submit" : {
        "0" : 0.000000,
        "4" : 100.000000,
        "8" : 0.000000,
        "16" : 0.000000,
        "32" : 0.000000,
        "64" : 0.000000,
        ">=64" : 0.000000
      },
      "iodepth_complete" : {
        "0" : 0.000000,
        "4" : 100.000000,
        "8" : 0.000000,
        "16" : 0.000000,
        "32" : 0.000000,
        "64" : 0.000000,
        ">=64" : 0.000000
      },
      "latency_ns" : {
        "2" : 0.000000,
        "4" : 0.000000,
        "10" : 0.000000,
        "20" : 0.000000,
        "50" : 0.000000,
        "100" : 0.000000,
        "250" : 0.028960,
        "500" : 2.138070,
        "750" : 30.310538,
        "1000" : 26.398910
      },
      "latency_us" : {
        "2" : 27.346828,
        "4" : 9.260032,
        "10" : 3.165136,
        "20" : 0.029158,
        "50" : 0.049163,
        "100" : 1.234380,
        "250" : 0.033216,
        "500" : 0.010000,
        "750" : 0.010000,
        "1000" : 0.010000
      },
      "latency_ms" : {
        "2" : 0.010000,
        "4" : 0.010000,
        "10" : 0.010000,
        "20" : 0.010000,
        "50" : 0.010000,
        "100" : 0.000000,
        "250" : 0.010000,
        "500" : 0.000000,
        "750" : 0.000000,
        "1000" : 0.000000,
        "2000" : 0.000000,
        ">=2000" : 0.000000
      },
      "latency_depth" : 1,
      "latency_target" : 0,
      "latency_percentile" : 100.000000,
      "latency_window" : 0
    }
  ],
  "disk_util" : [
    {
      "name" : "sda",
      "read_ios" : 196670,
      "write_ios" : 88226,
      "read_sectors" : 1576784,
      "write_sectors" : 20761824,
      "read_merges" : 305,
      "write_merges" : 569,
      "read_ticks" : 166295,
      "write_ticks" : 7281873,
      "in_queue" : 7448178,
      "util" : 15.699503
    }
  ]
}
