{
  "fio version" : "fio-3.40",
  "timestamp" : 1771985042,
  "timestamp_ms" : 1771985042482,
  "time" : "Wed Feb 25 03:04:02 2026",
  "global options" : {
    "group_reporting" : "",
    "ioengine" : "mmap",
    "size" : "768m",
    "thread" : "1",
    "directory" : "/tmp",
    "time_based" : "",
    "runtime" : "180",
    "norandommap" : "1",
    "filename" : "/tmp/fio_readwrite",
    "share_mmap" : "1",
    "repl" : "1"
  },
  "jobs" : [
    {
      "jobname" : "writers",
      "groupid" : 0,
      "job_start" : 1771984862301,
      "error" : 0,
      "eta" : 0,
      "elapsed" : 181,
      "job options" : {
        "rw" : "randread",
        "random_distribution" : "random",
        "numjobs" : "61"
      },
      "read" : {
        "io_bytes" : 12452064604160,
        "io_kbytes" : 12160219340,
        "bw_bytes" : 69176983740,
        "bw" : 67555648,
        "iops" : 16888912.045910,
        "runtime" : 180003,
        "total_ios" : 3040054835,
        "short_ios" : 0,
        "drop_ios" : 0,
        "slat_ns" : {
          "min" : 0,
          "max" : 0,
          "mean" : 0.000000,
          "stddev" : 0.000000,
          "N" : 0
        },
        "clat_ns" : {
          "min" : 124,
          "max" : 92028661,
          "mean" : 2937.577716,
          "stddev" : 14349.267217,
          "N" : 3040054835,
          "percentile" : {
            "1.000000" : 1272,
            "5.000000" : 1688,
            "10.000000" : 1896,
            "20.000000" : 2160,
            "30.000000" : 2384,
            "40.000000" : 2576,
            "50.000000" : 2768,
            "60.000000" : 2960,
            "70.000000" : 3184,
            "80.000000" : 3472,
            "90.000000" : 3856,
            "95.000000" : 4256,
            "99.000000" : 5024,
            "99.500000" : 5408,
            "99.900000" : 6560,
            "99.950000" : 16064,
            "99.990000" : 28800
          }
        },
        "lat_ns" : {
          "min" : 160,
          "max" : 92028703,
          "mean" : 3006.182321,
          "stddev" : 14445.886428,
          "N" : 3040054835
        },
        "bw_min" : 234400,
        "bw_max" : 76080262,
        "bw_agg" : 100.000000,
        "bw_mean" : 68577182.604520,
        "bw_dev" : 167689.820372,
        "bw_samples" : 21594,
        "iops_min" : 58600,
        "iops_max" : 19020074,
        "iops_mean" : 17144287.062147,
        "iops_stddev" : 41922.435608,
        "iops_samples" : 21594
      },
      "write" : {
        "io_bytes" : 512109178880,
        "io_kbytes" : 500106620,
        "bw_bytes" : 2845003577,
        "bw" : 2778323,
        "iops" : 694580.951429,
        "runtime" : 180003,
        "total_ios" : 125026655,
        "short_ios" : 0,
        "drop_ios" : 0,
        "slat_ns" : {
          "min" : 0,
          "max" : 0,
          "mean" : 0.000000,
          "stddev" : 0.000000,
          "N" : 0
        },
        "clat_ns" : {
          "min" : 126,
          "max" : 24030767,
          "mean" : 3541.270441,
          "stddev" : 17539.467351,
          "N" : 125026655,
          "percentile" : {
            "1.000000" : 1400,
            "5.000000" : 1928,
            "10.000000" : 2224,
            "20.000000" : 2544,
            "30.000000" : 2800,
            "40.000000" : 2992,
            "50.000000" : 3184,
            "60.000000" : 3376,
            "70.000000" : 3600,
            "80.000000" : 3856,
            "90.000000" : 4192,
            "95.000000" : 4640,
            "99.000000" : 11968,
            "99.500000" : 14016,
            "99.900000" : 33536,
            "99.950000" : 68096,
            "99.990000" : 342016
          }
        },
        "lat_ns" : {
          "min" : 176,
          "max" : 24030839,
          "mean" : 3639.832703,
          "stddev" : 17790.684084,
          "N" : 125026655
        },
        "bw_min" : 11752,
        "bw_max" : 3224220,
        "bw_agg" : 100.000000,
        "bw_mean" : 2820493.536723,
        "bw_dev" : 155982.278248,
        "bw_samples" : 1062,
        "iops_min" : 2938,
        "iops_max" : 806052,
        "iops_mean" : 705122.951977,
        "iops_stddev" : 38995.535263,
        "iops_samples" : 1062
      },
      "trim" : {
        "io_bytes" : 0,
        "io_kbytes" : 0,
        "bw_bytes" : 0,
        "bw" : 0,
        "iops" : 0.000000,
        "runtime" : 0,
        "total_ios" : 0,
        "short_ios" : 0,
        "drop_ios" : 0,
        "slat_ns" : {
          "min" : 0,
          "max" : 0,
          "mean" : 0.000000,
          "stddev" : 0.000000,
          "N" : 0
        },
        "clat_ns" : {
          "min" : 0,
          "max" : 0,
          "mean" : 0.000000,
          "stddev" : 0.000000,
          "N" : 0
        },
        "lat_ns" : {
          "min" : 0,
          "max" : 0,
          "mean" : 0.000000,
          "stddev" : 0.000000,
          "N" : 0
        },
        "bw_min" : 0,
        "bw_max" : 0,
        "bw_agg" : 0.000000,
        "bw_mean" : 0.000000,
        "bw_dev" : 0.000000,
        "bw_samples" : 0,
        "iops_min" : 0,
        "iops_max" : 0,
        "iops_mean" : 0.000000,
        "iops_stddev" : 0.000000,
        "iops_samples" : 0
      },
      "sync" : {
        "total_ios" : 0,
        "lat_ns" : {
          "min" : 0,
          "max" : 0,
          "mean" : 0.000000,
          "stddev" : 0.000000,
          "N" : 0
        }
      },
      "job_runtime" : 11520010,
      "usr_cpu" : 95.565499,
      "sys_cpu" : 0.368012,
      "ctx" : 987990,
      "majf" : 196611,
      "minf" : 2561380,
      "iodepth_level" : {
        "1" : 100.000000,
        "2" : 0.000000,
        "4" : 0.000000,
        "8" : 0.000000,
        "16" : 0.000000,
        "32" : 0.000000,
        ">=64" : 0.000000
      },
      "iodepth_submit" : {
        "0" : 0.000000,
        "4" : 100.000000,
        "8" : 0.000000,
        "16" : 0.000000,
        "32" : 0.000000,
        "64" : 0.000000,
        ">=64" : 0.000000
      },
      "iodepth_complete" : {
        "0" : 0.000000,
        "4" : 100.000000,
        "8" : 0.000000,
        "16" : 0.000000,
        "32" : 0.000000,
        "64" : 0.000000,
        ">=64" : 0.000000
      },
      "latency_ns" : {
        "2" : 0.000000,
        "4" : 0.000000,
        "10" : 0.000000,
        "20" : 0.000000,
        "50" : 0.000000,
        "100" : 0.000000,
        "250" : 0.032698,
        "500" : 0.044685,
        "750" : 0.086639,
        "1000" : 0.208476
      },
      "latency_us" : {
        "2" : 12.474622,
        "4" : 79.157907,
        "10" : 7.852217,
        "20" : 0.121703,
        "50" : 0.010000,
        "100" : 0.010000,
        "250" : 0.010000,
        "500" : 0.010000,
        "750" : 0.010000,
        "1000" : 0.010000
      },
      "latency_ms" : {
        "2" : 0.010000,
        "4" : 0.010000,
        "10" : 0.010000,
        "20" : 0.010000,
        "50" : 0.010000,
        "100" : 0.010000,
        "250" : 0.000000,
        "500" : 0.000000,
        "750" : 0.000000,
        "1000" : 0.000000,
        "2000" : 0.000000,
        ">=2000" : 0.000000
      },
      "latency_depth" : 1,
      "latency_target" : 0,
      "latency_percentile" : 100.000000,
      "latency_window" : 0
    }
  ],
  "disk_util" : [
    {
      "name" : "sda",
      "read_ios" : 196648,
      "write_ios" : 177968,
      "read_sectors" : 1578712,
      "write_sectors" : 20170912,
      "read_merges" : 357,
      "write_merges" : 15840,
      "read_ticks" : 192230,
      "write_ticks" : 51855875,
      "in_queue" : 52048113,
      "util" : 12.639571
    }
  ]
}
