{
  "fio version" : "fio-3.40",
  "timestamp" : 1772067604,
  "timestamp_ms" : 1772067604697,
  "time" : "Thu Feb 26 02:00:04 2026",
  "global options" : {
    "group_reporting" : "",
    "ioengine" : "mmap",
    "size" : "768m",
    "thread" : "1",
    "directory" : "/tmp",
    "time_based" : "",
    "runtime" : "210",
    "norandommap" : "1",
    "filename" : "/tmp/fio_readwrite",
    "share_mmap" : "1",
    "repl" : "1"
  },
  "jobs" : [
    {
      "jobname" : "writers",
      "groupid" : 0,
      "job_start" : 1772067394566,
      "error" : 0,
      "eta" : 0,
      "elapsed" : 211,
      "job options" : {
        "rw" : "randread",
        "random_distribution" : "random",
        "numjobs" : "19"
      },
      "read" : {
        "io_bytes" : 528871370752,
        "io_kbytes" : 516475948,
        "bw_bytes" : 2518411113,
        "bw" : 2459385,
        "iops" : 614846.463367,
        "runtime" : 210002,
        "total_ios" : 129118987,
        "short_ios" : 0,
        "drop_ios" : 0,
        "slat_ns" : {
          "min" : 0,
          "max" : 0,
          "mean" : 0.000000,
          "stddev" : 0.000000,
          "N" : 0
        },
        "clat_ns" : {
          "min" : 100,
          "max" : 88150026,
          "mean" : 30184.346178,
          "stddev" : 69794.451905,
          "N" : 129118987,
          "percentile" : {
            "1.000000" : 446,
            "5.000000" : 524,
            "10.000000" : 564,
            "20.000000" : 644,
            "30.000000" : 740,
            "40.000000" : 844,
            "50.000000" : 964,
            "60.000000" : 1368,
            "70.000000" : 63232,
            "80.000000" : 79360,
            "90.000000" : 93696,
            "95.000000" : 108032,
            "99.000000" : 185344,
            "99.500000" : 220160,
            "99.900000" : 309248,
            "99.950000" : 440320,
            "99.990000" : 3227648
          }
        },
        "lat_ns" : {
          "min" : 127,
          "max" : 88150063,
          "mean" : 30240.925310,
          "stddev" : 69818.150528,
          "N" : 129118987
        },
        "bw_min" : 199836,
        "bw_max" : 7554594,
        "bw_agg" : 100.000000,
        "bw_mean" : 2477126.942428,
        "bw_dev" : 52540.546240,
        "bw_samples" : 7915,
        "iops_min" : 49958,
        "iops_max" : 1888643,
        "iops_mean" : 619278.857920,
        "iops_stddev" : 13135.131184,
        "iops_samples" : 7915
      },
      "write" : {
        "io_bytes" : 462159810560,
        "io_kbytes" : 451327940,
        "bw_bytes" : 2200729563,
        "bw" : 2149149,
        "iops" : 537287.491131,
        "runtime" : 210003,
        "total_ios" : 112831985,
        "short_ios" : 0,
        "drop_ios" : 0,
        "slat_ns" : {
          "min" : 0,
          "max" : 0,
          "mean" : 0.000000,
          "stddev" : 0.000000,
          "N" : 0
        },
        "clat_ns" : {
          "min" : 104,
          "max" : 72176986,
          "mean" : 82541.026219,
          "stddev" : 103581.144338,
          "N" : 112831985,
          "percentile" : {
            "1.000000" : 524,
            "5.000000" : 604,
            "10.000000" : 676,
            "20.000000" : 844,
            "30.000000" : 1176,
            "40.000000" : 69120,
            "50.000000" : 79360,
            "60.000000" : 90624,
            "70.000000" : 132096,
            "80.000000" : 154624,
            "90.000000" : 173056,
            "95.000000" : 193536,
            "99.000000" : 272384,
            "99.500000" : 309248,
            "99.900000" : 585728,
            "99.950000" : 897024,
            "99.990000" : 4145152
          }
        },
        "lat_ns" : {
          "min" : 146,
          "max" : 72177080,
          "mean" : 82645.856374,
          "stddev" : 103601.186952,
          "N" : 112831985
        },
        "bw_min" : 418703,
        "bw_max" : 4095752,
        "bw_agg" : 100.000000,
        "bw_mean" : 2166287.475778,
        "bw_dev" : 10869.351051,
        "bw_samples" : 18737,
        "iops_min" : 104673,
        "iops_max" : 1023926,
        "iops_mean" : 541565.310001,
        "iops_stddev" : 2717.323902,
        "iops_samples" : 18737
      },
      "trim" : {
        "io_bytes" : 0,
        "io_kbytes" : 0,
        "bw_bytes" : 0,
        "bw" : 0,
        "iops" : 0.000000,
        "runtime" : 0,
        "total_ios" : 0,
        "short_ios" : 0,
        "drop_ios" : 0,
        "slat_ns" : {
          "min" : 0,
          "max" : 0,
          "mean" : 0.000000,
          "stddev" : 0.000000,
          "N" : 0
        },
        "clat_ns" : {
          "min" : 0,
          "max" : 0,
          "mean" : 0.000000,
          "stddev" : 0.000000,
          "N" : 0
        },
        "lat_ns" : {
          "min" : 0,
          "max" : 0,
          "mean" : 0.000000,
          "stddev" : 0.000000,
          "N" : 0
        },
        "bw_min" : 0,
        "bw_max" : 0,
        "bw_agg" : 0.000000,
        "bw_mean" : 0.000000,
        "bw_dev" : 0.000000,
        "bw_samples" : 0,
        "iops_min" : 0,
        "iops_max" : 0,
        "iops_mean" : 0.000000,
        "iops_stddev" : 0.000000,
        "iops_samples" : 0
      },
      "sync" : {
        "total_ios" : 0,
        "lat_ns" : {
          "min" : 0,
          "max" : 0,
          "mean" : 0.000000,
          "stddev" : 0.000000,
          "N" : 0
        }
      },
      "job_runtime" : 13440012,
      "usr_cpu" : 3.812794,
      "sys_cpu" : 93.330891,
      "ctx" : 1135554,
      "majf" : 196627,
      "minf" : 110979534,
      "iodepth_level" : {
        "1" : 100.000000,
        "2" : 0.000000,
        "4" : 0.000000,
        "8" : 0.000000,
        "16" : 0.000000,
        "32" : 0.000000,
        ">=64" : 0.000000
      },
      "iodepth_submit" : {
        "0" : 0.000000,
        "4" : 100.000000,
        "8" : 0.000000,
        "16" : 0.000000,
        "32" : 0.000000,
        "64" : 0.000000,
        ">=64" : 0.000000
      },
      "iodepth_complete" : {
        "0" : 0.000000,
        "4" : 100.000000,
        "8" : 0.000000,
        "16" : 0.000000,
        "32" : 0.000000,
        "64" : 0.000000,
        ">=64" : 0.000000
      },
      "latency_ns" : {
        "2" : 0.000000,
        "4" : 0.000000,
        "10" : 0.000000,
        "20" : 0.000000,
        "50" : 0.000000,
        "100" : 0.000000,
        "250" : 0.026619,
        "500" : 1.805836,
        "750" : 21.410082,
        "1000" : 16.942197
      },
      "latency_us" : {
        "2" : 8.070850,
        "4" : 4.122026,
        "10" : 1.672024,
        "20" : 0.034260,
        "50" : 0.057046,
        "100" : 25.426620,
        "250" : 19.601622,
        "500" : 0.750942,
        "750" : 0.032829,
        "1000" : 0.016935
      },
      "latency_ms" : {
        "2" : 0.010458,
        "4" : 0.010000,
        "10" : 0.013361,
        "20" : 0.010000,
        "50" : 0.010000,
        "100" : 0.010000,
        "250" : 0.000000,
        "500" : 0.000000,
        "750" : 0.000000,
        "1000" : 0.000000,
        "2000" : 0.000000,
        ">=2000" : 0.000000
      },
      "latency_depth" : 1,
      "latency_target" : 0,
      "latency_percentile" : 100.000000,
      "latency_window" : 0
    }
  ],
  "disk_util" : [
    {
      "name" : "sdb",
      "read_ios" : 196619,
      "write_ios" : 114326,
      "read_sectors" : 1574072,
      "write_sectors" : 46078912,
      "read_merges" : 139,
      "write_merges" : 553,
      "read_ticks" : 159932,
      "write_ticks" : 42988298,
      "in_queue" : 43148239,
      "util" : 22.421401
    }
  ]
}
