{
  "fio version" : "fio-3.40",
  "timestamp" : 1756934098,
  "timestamp_ms" : 1756934098055,
  "time" : "Wed Sep  3 23:14:58 2025",
  "global options" : {
    "group_reporting" : "",
    "ioengine" : "mmap",
    "size" : "128m",
    "numjobs" : "64",
    "thread" : "1",
    "directory" : "/tmp",
    "time_based" : "",
    "runtime" : "30",
    "filename" : "/tmp/fio_readwrite"
  },
  "jobs" : [
    {
      "jobname" : "readwrite",
      "groupid" : 0,
      "job_start" : 1756934067147,
      "error" : 0,
      "eta" : 0,
      "elapsed" : 32,
      "job options" : {
        "rw" : "randrw",
        "random_distribution" : "random",
        "rwmixread" : "90",
        "rwmixwrite" : "10",
        "share_mmap" : "1",
        "repl" : "1"
      },
      "read" : {
        "io_bytes" : 162327543808,
        "io_kbytes" : 158522992,
        "bw_bytes" : 5294267760,
        "bw" : 5170183,
        "iops" : 1292545.839992,
        "runtime" : 30661,
        "total_ios" : 39630748,
        "short_ios" : 0,
        "drop_ios" : 0,
        "slat_ns" : {
          "min" : 0,
          "max" : 0,
          "mean" : 0.000000,
          "stddev" : 0.000000,
          "N" : 0
        },
        "clat_ns" : {
          "min" : 110,
          "max" : 31258260,
          "mean" : 8159.986151,
          "stddev" : 44794.436328,
          "N" : 39630748,
          "percentile" : {
            "1.000000" : 298,
            "5.000000" : 378,
            "10.000000" : 414,
            "20.000000" : 466,
            "30.000000" : 516,
            "40.000000" : 580,
            "50.000000" : 660,
            "60.000000" : 740,
            "70.000000" : 844,
            "80.000000" : 1128,
            "90.000000" : 3216,
            "95.000000" : 61696,
            "99.000000" : 154624,
            "99.500000" : 201728,
            "99.900000" : 358400,
            "99.950000" : 684032,
            "99.990000" : 1548288
          }
        },
        "lat_ns" : {
          "min" : 139,
          "max" : 31258295,
          "mean" : 8219.362386,
          "stddev" : 44795.563613,
          "N" : 39630748
        },
        "bw_min" : 202229,
        "bw_max" : 15082512,
        "bw_agg" : 100.000000,
        "bw_mean" : 7682939.001545,
        "bw_dev" : 77565.713618,
        "bw_samples" : 2642,
        "iops_min" : 50541,
        "iops_max" : 3770628,
        "iops_mean" : 1920732.157686,
        "iops_stddev" : 19391.456075,
        "iops_samples" : 2642
      },
      "write" : {
        "io_bytes" : 18052263936,
        "io_kbytes" : 17629164,
        "bw_bytes" : 588769574,
        "bw" : 574970,
        "iops" : 143742.571997,
        "runtime" : 30661,
        "total_ios" : 4407291,
        "short_ios" : 0,
        "drop_ios" : 0,
        "slat_ns" : {
          "min" : 0,
          "max" : 0,
          "mean" : 0.000000,
          "stddev" : 0.000000,
          "N" : 0
        },
        "clat_ns" : {
          "min" : 114,
          "max" : 24173823,
          "mean" : 68550.495303,
          "stddev" : 76618.318209,
          "N" : 4407291,
          "percentile" : {
            "1.000000" : 358,
            "5.000000" : 450,
            "10.000000" : 516,
            "20.000000" : 756,
            "30.000000" : 5792,
            "40.000000" : 48384,
            "50.000000" : 59648,
            "60.000000" : 68096,
            "70.000000" : 83456,
            "80.000000" : 114176,
            "90.000000" : 154624,
            "95.000000" : 197632,
            "99.000000" : 296960,
            "99.500000" : 346112,
            "99.900000" : 505856,
            "99.950000" : 741376,
            "99.990000" : 1630208
          }
        },
        "lat_ns" : {
          "min" : 158,
          "max" : 24173873,
          "mean" : 68640.052002,
          "stddev" : 76619.563082,
          "N" : 4407291
        },
        "bw_min" : 21893,
        "bw_max" : 1691683,
        "bw_agg" : 100.000000,
        "bw_mean" : 854386.556586,
        "bw_dev" : 8620.601156,
        "bw_samples" : 2642,
        "iops_min" : 5450,
        "iops_max" : 422920,
        "iops_mean" : 213593.710835,
        "iops_stddev" : 2155.185962,
        "iops_samples" : 2642
      },
      "trim" : {
        "io_bytes" : 0,
        "io_kbytes" : 0,
        "bw_bytes" : 0,
        "bw" : 0,
        "iops" : 0.000000,
        "runtime" : 0,
        "total_ios" : 0,
        "short_ios" : 0,
        "drop_ios" : 0,
        "slat_ns" : {
          "min" : 0,
          "max" : 0,
          "mean" : 0.000000,
          "stddev" : 0.000000,
          "N" : 0
        },
        "clat_ns" : {
          "min" : 0,
          "max" : 0,
          "mean" : 0.000000,
          "stddev" : 0.000000,
          "N" : 0
        },
        "lat_ns" : {
          "min" : 0,
          "max" : 0,
          "mean" : 0.000000,
          "stddev" : 0.000000,
          "N" : 0
        },
        "bw_min" : 0,
        "bw_max" : 0,
        "bw_agg" : 0.000000,
        "bw_mean" : 0.000000,
        "bw_dev" : 0.000000,
        "bw_samples" : 0,
        "iops_min" : 0,
        "iops_max" : 0,
        "iops_mean" : 0.000000,
        "iops_stddev" : 0.000000,
        "iops_samples" : 0
      },
      "sync" : {
        "total_ios" : 0,
        "lat_ns" : {
          "min" : 0,
          "max" : 0,
          "mean" : 0.000000,
          "stddev" : 0.000000,
          "N" : 0
        }
      },
      "job_runtime" : 1960597,
      "usr_cpu" : 3.863007,
      "sys_cpu" : 70.859182,
      "ctx" : 10681134,
      "majf" : 32790,
      "minf" : 5798186,
      "iodepth_level" : {
        "1" : 100.000000,
        "2" : 0.000000,
        "4" : 0.000000,
        "8" : 0.000000,
        "16" : 0.000000,
        "32" : 0.000000,
        ">=64" : 0.000000
      },
      "iodepth_submit" : {
        "0" : 0.000000,
        "4" : 100.000000,
        "8" : 0.000000,
        "16" : 0.000000,
        "32" : 0.000000,
        "64" : 0.000000,
        ">=64" : 0.000000
      },
      "iodepth_complete" : {
        "0" : 0.000000,
        "4" : 100.000000,
        "8" : 0.000000,
        "16" : 0.000000,
        "32" : 0.000000,
        "64" : 0.000000,
        ">=64" : 0.000000
      },
      "latency_ns" : {
        "2" : 0.000000,
        "4" : 0.000000,
        "10" : 0.000000,
        "20" : 0.000000,
        "50" : 0.000000,
        "100" : 0.000000,
        "250" : 0.322208,
        "500" : 25.188117,
        "750" : 31.574710,
        "1000" : 15.248742
      },
      "latency_us" : {
        "2" : 6.144306,
        "4" : 7.064824,
        "10" : 1.281129,
        "20" : 0.137960,
        "50" : 1.453110,
        "100" : 7.030885,
        "250" : 4.104663,
        "500" : 0.379581,
        "750" : 0.024915,
        "1000" : 0.019206
      },
      "latency_ms" : {
        "2" : 0.018586,
        "4" : 0.010000,
        "10" : 0.010000,
        "20" : 0.010000,
        "50" : 0.010000,
        "100" : 0.000000,
        "250" : 0.000000,
        "500" : 0.000000,
        "750" : 0.000000,
        "1000" : 0.000000,
        "2000" : 0.000000,
        ">=2000" : 0.000000
      },
      "latency_depth" : 1,
      "latency_target" : 0,
      "latency_percentile" : 100.000000,
      "latency_window" : 0
    }
  ],
  "disk_util" : [
    {
      "name" : "sda",
      "read_ios" : 32742,
      "write_ios" : 145268,
      "read_sectors" : 262232,
      "write_sectors" : 6012544,
      "read_merges" : 37,
      "write_merges" : 908,
      "read_ticks" : 32522,
      "write_ticks" : 48411,
      "in_queue" : 80934,
      "util" : 23.949990
    }
  ]
}
