{
  "fio version" : "fio-3.40",
  "timestamp" : 1769847976,
  "timestamp_ms" : 1769847976105,
  "time" : "Sat Jan 31 09:26:16 2026",
  "global options" : {
    "group_reporting" : "",
    "ioengine" : "mmap",
    "size" : "768m",
    "thread" : "1",
    "directory" : "/tmp",
    "time_based" : "",
    "runtime" : "180",
    "norandommap" : "1",
    "filename" : "/tmp/fio_readwrite",
    "share_mmap" : "1",
    "repl" : "1"
  },
  "jobs" : [
    {
      "jobname" : "writers",
      "groupid" : 0,
      "job_start" : 1769847795933,
      "error" : 0,
      "eta" : 0,
      "elapsed" : 181,
      "job options" : {
        "rw" : "randread",
        "random_distribution" : "random",
        "numjobs" : "58"
      },
      "read" : {
        "io_bytes" : 14319084769280,
        "io_kbytes" : 13983481220,
        "bw_bytes" : 79549145121,
        "bw" : 77684712,
        "iops" : 19421178.008144,
        "runtime" : 180003,
        "total_ios" : 3495870305,
        "short_ios" : 0,
        "drop_ios" : 0,
        "slat_ns" : {
          "min" : 0,
          "max" : 0,
          "mean" : 0.000000,
          "stddev" : 0.000000,
          "N" : 0
        },
        "clat_ns" : {
          "min" : 96,
          "max" : 136038971,
          "mean" : 2377.440960,
          "stddev" : 15199.760812,
          "N" : 3495870305,
          "percentile" : {
            "1.000000" : 916,
            "5.000000" : 1288,
            "10.000000" : 1496,
            "20.000000" : 1736,
            "30.000000" : 1912,
            "40.000000" : 2064,
            "50.000000" : 2224,
            "60.000000" : 2352,
            "70.000000" : 2544,
            "80.000000" : 2736,
            "90.000000" : 3056,
            "95.000000" : 3408,
            "99.000000" : 4256,
            "99.500000" : 4704,
            "99.900000" : 17024,
            "99.950000" : 18048,
            "99.990000" : 27776
          }
        },
        "lat_ns" : {
          "min" : 123,
          "max" : 136038999,
          "mean" : 2439.232890,
          "stddev" : 15312.876967,
          "N" : 3495870305
        },
        "bw_min" : 152208,
        "bw_max" : 120577845,
        "bw_agg" : 100.000000,
        "bw_mean" : 79075691.824363,
        "bw_dev" : 227264.446072,
        "bw_samples" : 20474,
        "iops_min" : 38052,
        "iops_max" : 30144447,
        "iops_mean" : 19768914.728045,
        "iops_stddev" : 56816.085224,
        "iops_samples" : 20474
      },
      "write" : {
        "io_bytes" : 1392009256960,
        "io_kbytes" : 1359384040,
        "bw_bytes" : 7733255873,
        "bw" : 7552007,
        "iops" : 1888001.922190,
        "runtime" : 180003,
        "total_ios" : 339846010,
        "short_ios" : 0,
        "drop_ios" : 0,
        "slat_ns" : {
          "min" : 0,
          "max" : 0,
          "mean" : 0.000000,
          "stddev" : 0.000000,
          "N" : 0
        },
        "clat_ns" : {
          "min" : 100,
          "max" : 8089557,
          "mean" : 2540.401344,
          "stddev" : 13530.648566,
          "N" : 339846010,
          "percentile" : {
            "1.000000" : 1032,
            "5.000000" : 1384,
            "10.000000" : 1576,
            "20.000000" : 1816,
            "30.000000" : 1992,
            "40.000000" : 2128,
            "50.000000" : 2288,
            "60.000000" : 2416,
            "70.000000" : 2576,
            "80.000000" : 2800,
            "90.000000" : 3088,
            "95.000000" : 3440,
            "99.000000" : 8384,
            "99.500000" : 12992,
            "99.900000" : 23424,
            "99.950000" : 58112,
            "99.990000" : 90624
          }
        },
        "lat_ns" : {
          "min" : 139,
          "max" : 8089608,
          "mean" : 2616.524599,
          "stddev" : 13652.882947,
          "N" : 339846010
        },
        "bw_min" : 15960,
        "bw_max" : 8959066,
        "bw_agg" : 100.000000,
        "bw_mean" : 7687305.175637,
        "bw_dev" : 197520.504564,
        "bw_samples" : 2118,
        "iops_min" : 3990,
        "iops_max" : 2239767,
        "iops_mean" : 1921825.498584,
        "iops_stddev" : 49380.112183,
        "iops_samples" : 2118
      },
      "trim" : {
        "io_bytes" : 0,
        "io_kbytes" : 0,
        "bw_bytes" : 0,
        "bw" : 0,
        "iops" : 0.000000,
        "runtime" : 0,
        "total_ios" : 0,
        "short_ios" : 0,
        "drop_ios" : 0,
        "slat_ns" : {
          "min" : 0,
          "max" : 0,
          "mean" : 0.000000,
          "stddev" : 0.000000,
          "N" : 0
        },
        "clat_ns" : {
          "min" : 0,
          "max" : 0,
          "mean" : 0.000000,
          "stddev" : 0.000000,
          "N" : 0
        },
        "lat_ns" : {
          "min" : 0,
          "max" : 0,
          "mean" : 0.000000,
          "stddev" : 0.000000,
          "N" : 0
        },
        "bw_min" : 0,
        "bw_max" : 0,
        "bw_agg" : 0.000000,
        "bw_mean" : 0.000000,
        "bw_dev" : 0.000000,
        "bw_samples" : 0,
        "iops_min" : 0,
        "iops_max" : 0,
        "iops_mean" : 0.000000,
        "iops_stddev" : 0.000000,
        "iops_samples" : 0
      },
      "sync" : {
        "total_ios" : 0,
        "lat_ns" : {
          "min" : 0,
          "max" : 0,
          "mean" : 0.000000,
          "stddev" : 0.000000,
          "N" : 0
        }
      },
      "job_runtime" : 11520022,
      "usr_cpu" : 94.721121,
      "sys_cpu" : 0.487577,
      "ctx" : 1248690,
      "majf" : 196596,
      "minf" : 2825935,
      "iodepth_level" : {
        "1" : 100.000000,
        "2" : 0.000000,
        "4" : 0.000000,
        "8" : 0.000000,
        "16" : 0.000000,
        "32" : 0.000000,
        ">=64" : 0.000000
      },
      "iodepth_submit" : {
        "0" : 0.000000,
        "4" : 100.000000,
        "8" : 0.000000,
        "16" : 0.000000,
        "32" : 0.000000,
        "64" : 0.000000,
        ">=64" : 0.000000
      },
      "iodepth_complete" : {
        "0" : 0.000000,
        "4" : 100.000000,
        "8" : 0.000000,
        "16" : 0.000000,
        "32" : 0.000000,
        "64" : 0.000000,
        ">=64" : 0.000000
      },
      "latency_ns" : {
        "2" : 0.000000,
        "4" : 0.000000,
        "10" : 0.000000,
        "20" : 0.000000,
        "50" : 0.000000,
        "100" : 0.010000,
        "250" : 0.041393,
        "500" : 0.053101,
        "750" : 0.264256,
        "1000" : 1.081854
      },
      "latency_us" : {
        "2" : 33.410150,
        "4" : 63.465389,
        "10" : 1.388620,
        "20" : 0.269855,
        "50" : 0.012857,
        "100" : 0.010000,
        "250" : 0.010000,
        "500" : 0.010000,
        "750" : 0.010000,
        "1000" : 0.010000
      },
      "latency_ms" : {
        "2" : 0.010000,
        "4" : 0.010000,
        "10" : 0.010000,
        "20" : 0.010000,
        "50" : 0.010000,
        "100" : 0.010000,
        "250" : 0.010000,
        "500" : 0.000000,
        "750" : 0.000000,
        "1000" : 0.000000,
        "2000" : 0.000000,
        ">=2000" : 0.000000
      },
      "latency_depth" : 1,
      "latency_target" : 0,
      "latency_percentile" : 100.000000,
      "latency_window" : 0
    }
  ],
  "disk_util" : [
    {
      "name" : "sda",
      "read_ios" : 196625,
      "write_ios" : 229322,
      "read_sectors" : 1576328,
      "write_sectors" : 22670880,
      "read_merges" : 293,
      "write_merges" : 20526,
      "read_ticks" : 195364,
      "write_ticks" : 42755451,
      "in_queue" : 42950824,
      "util" : 14.107297
    }
  ]
}
