{
  "fio version" : "fio-3.40",
  "timestamp" : 1772052207,
  "timestamp_ms" : 1772052207993,
  "time" : "Wed Feb 25 21:43:27 2026",
  "global options" : {
    "group_reporting" : "",
    "ioengine" : "mmap",
    "size" : "768m",
    "thread" : "1",
    "directory" : "/tmp",
    "time_based" : "",
    "runtime" : "210",
    "norandommap" : "1",
    "filename" : "/tmp/fio_readwrite",
    "share_mmap" : "1",
    "repl" : "1"
  },
  "jobs" : [
    {
      "jobname" : "writers",
      "groupid" : 0,
      "job_start" : 1772051997785,
      "error" : 0,
      "eta" : 0,
      "elapsed" : 211,
      "job options" : {
        "rw" : "randread",
        "random_distribution" : "random",
        "numjobs" : "61"
      },
      "read" : {
        "io_bytes" : 18984821108736,
        "io_kbytes" : 18539864364,
        "bw_bytes" : 90403049060,
        "bw" : 88284227,
        "iops" : 22071056.899458,
        "runtime" : 210002,
        "total_ios" : 4634966091,
        "short_ios" : 0,
        "drop_ios" : 0,
        "slat_ns" : {
          "min" : 0,
          "max" : 0,
          "mean" : 0.000000,
          "stddev" : 0.000000,
          "N" : 0
        },
        "clat_ns" : {
          "min" : 99,
          "max" : 61265493,
          "mean" : 2213.804455,
          "stddev" : 9050.589033,
          "N" : 4634966091,
          "percentile" : {
            "1.000000" : 532,
            "5.000000" : 636,
            "10.000000" : 732,
            "20.000000" : 908,
            "30.000000" : 1112,
            "40.000000" : 1448,
            "50.000000" : 2040,
            "60.000000" : 2480,
            "70.000000" : 2832,
            "80.000000" : 3216,
            "90.000000" : 3664,
            "95.000000" : 4048,
            "99.000000" : 4896,
            "99.500000" : 5408,
            "99.900000" : 20864,
            "99.950000" : 55040,
            "99.990000" : 88576
          }
        },
        "lat_ns" : {
          "min" : 127,
          "max" : 61265715,
          "mean" : 2272.862826,
          "stddev" : 9083.733751,
          "N" : 4634966091
        },
        "bw_min" : 4003356,
        "bw_max" : 157271762,
        "bw_agg" : 100.000000,
        "bw_mean" : 88575398.181988,
        "bw_dev" : 535563.980314,
        "bw_samples" : 25494,
        "iops_min" : 1000840,
        "iops_max" : 39317940,
        "iops_mean" : 22143834.588538,
        "iops_stddev" : 133890.961144,
        "iops_samples" : 25494
      },
      "write" : {
        "io_bytes" : 456759984128,
        "io_kbytes" : 446054672,
        "bw_bytes" : 2175037186,
        "bw" : 2124059,
        "iops" : 531014.938024,
        "runtime" : 210001,
        "total_ios" : 111513668,
        "short_ios" : 0,
        "drop_ios" : 0,
        "slat_ns" : {
          "min" : 0,
          "max" : 0,
          "mean" : 0.000000,
          "stddev" : 0.000000,
          "N" : 0
        },
        "clat_ns" : {
          "min" : 103,
          "max" : 8133635,
          "mean" : 5057.882300,
          "stddev" : 15974.348641,
          "N" : 111513668,
          "percentile" : {
            "1.000000" : 1464,
            "5.000000" : 1864,
            "10.000000" : 2096,
            "20.000000" : 2384,
            "30.000000" : 2608,
            "40.000000" : 2768,
            "50.000000" : 2960,
            "60.000000" : 3152,
            "70.000000" : 3344,
            "80.000000" : 3632,
            "90.000000" : 4048,
            "95.000000" : 4704,
            "99.000000" : 57600,
            "99.500000" : 66048,
            "99.900000" : 90624,
            "99.950000" : 101888,
            "99.990000" : 264192
          }
        },
        "lat_ns" : {
          "min" : 146,
          "max" : 8133689,
          "mean" : 5136.815982,
          "stddev" : 15982.911121,
          "N" : 111513668
        },
        "bw_min" : 14664,
        "bw_max" : 3392061,
        "bw_agg" : 100.000000,
        "bw_mean" : 2125911.684964,
        "bw_dev" : 493624.338592,
        "bw_samples" : 1257,
        "iops_min" : 3666,
        "iops_max" : 848017,
        "iops_mean" : 531477.317422,
        "iops_stddev" : 123406.065437,
        "iops_samples" : 1257
      },
      "trim" : {
        "io_bytes" : 0,
        "io_kbytes" : 0,
        "bw_bytes" : 0,
        "bw" : 0,
        "iops" : 0.000000,
        "runtime" : 0,
        "total_ios" : 0,
        "short_ios" : 0,
        "drop_ios" : 0,
        "slat_ns" : {
          "min" : 0,
          "max" : 0,
          "mean" : 0.000000,
          "stddev" : 0.000000,
          "N" : 0
        },
        "clat_ns" : {
          "min" : 0,
          "max" : 0,
          "mean" : 0.000000,
          "stddev" : 0.000000,
          "N" : 0
        },
        "lat_ns" : {
          "min" : 0,
          "max" : 0,
          "mean" : 0.000000,
          "stddev" : 0.000000,
          "N" : 0
        },
        "bw_min" : 0,
        "bw_max" : 0,
        "bw_agg" : 0.000000,
        "bw_mean" : 0.000000,
        "bw_dev" : 0.000000,
        "bw_samples" : 0,
        "iops_min" : 0,
        "iops_max" : 0,
        "iops_mean" : 0.000000,
        "iops_stddev" : 0.000000,
        "iops_samples" : 0
      },
      "sync" : {
        "total_ios" : 0,
        "lat_ns" : {
          "min" : 0,
          "max" : 0,
          "mean" : 0.000000,
          "stddev" : 0.000000,
          "N" : 0
        }
      },
      "job_runtime" : 13440002,
      "usr_cpu" : 94.649502,
      "sys_cpu" : 3.421889,
      "ctx" : 650605,
      "majf" : 196634,
      "minf" : 8402730,
      "iodepth_level" : {
        "1" : 100.000000,
        "2" : 0.000000,
        "4" : 0.000000,
        "8" : 0.000000,
        "16" : 0.000000,
        "32" : 0.000000,
        ">=64" : 0.000000
      },
      "iodepth_submit" : {
        "0" : 0.000000,
        "4" : 100.000000,
        "8" : 0.000000,
        "16" : 0.000000,
        "32" : 0.000000,
        "64" : 0.000000,
        ">=64" : 0.000000
      },
      "iodepth_complete" : {
        "0" : 0.000000,
        "4" : 100.000000,
        "8" : 0.000000,
        "16" : 0.000000,
        "32" : 0.000000,
        "64" : 0.000000,
        ">=64" : 0.000000
      },
      "latency_ns" : {
        "2" : 0.000000,
        "4" : 0.000000,
        "10" : 0.000000,
        "20" : 0.000000,
        "50" : 0.000000,
        "100" : 0.010000,
        "250" : 0.044187,
        "500" : 0.414968,
        "750" : 10.179031,
        "1000" : 13.638465
      },
      "latency_us" : {
        "2" : 23.940109,
        "4" : 46.178035,
        "10" : 5.275331,
        "20" : 0.136246,
        "50" : 0.068527,
        "100" : 0.116538,
        "250" : 0.010000,
        "500" : 0.010000,
        "750" : 0.010000,
        "1000" : 0.010000
      },
      "latency_ms" : {
        "2" : 0.010000,
        "4" : 0.010000,
        "10" : 0.010000,
        "20" : 0.010000,
        "50" : 0.010000,
        "100" : 0.010000,
        "250" : 0.000000,
        "500" : 0.000000,
        "750" : 0.000000,
        "1000" : 0.000000,
        "2000" : 0.000000,
        ">=2000" : 0.000000
      },
      "latency_depth" : 1,
      "latency_target" : 0,
      "latency_percentile" : 100.000000,
      "latency_window" : 0
    }
  ],
  "disk_util" : [
    {
      "name" : "sdb",
      "read_ios" : 196696,
      "write_ios" : 167977,
      "read_sectors" : 1579464,
      "write_sectors" : 5603080,
      "read_merges" : 272,
      "write_merges" : 777,
      "read_ticks" : 196192,
      "write_ticks" : 274181,
      "in_queue" : 470380,
      "util" : 3.953689
    }
  ]
}
