{
  "fio version" : "fio-3.40",
  "timestamp" : 1770005228,
  "timestamp_ms" : 1770005228306,
  "time" : "Mon Feb  2 05:07:08 2026",
  "global options" : {
    "group_reporting" : "",
    "ioengine" : "mmap",
    "size" : "768m",
    "thread" : "1",
    "directory" : "/tmp",
    "time_based" : "",
    "runtime" : "180",
    "norandommap" : "1",
    "filename" : "/tmp/fio_readwrite",
    "share_mmap" : "1",
    "repl" : "1"
  },
  "jobs" : [
    {
      "jobname" : "readers",
      "groupid" : 0,
      "job_start" : 1770005048172,
      "error" : 0,
      "eta" : 0,
      "elapsed" : 181,
      "job options" : {
        "rw" : "randread",
        "random_distribution" : "random",
        "numjobs" : "64"
      },
      "read" : {
        "io_bytes" : 17581096026112,
        "io_kbytes" : 17169039088,
        "bw_bytes" : 97671670459,
        "bw" : 95382490,
        "iops" : 23845622.670859,
        "runtime" : 180002,
        "total_ios" : 4292259772,
        "short_ios" : 0,
        "drop_ios" : 0,
        "slat_ns" : {
          "min" : 0,
          "max" : 0,
          "mean" : 0.000000,
          "stddev" : 0.000000,
          "N" : 0
        },
        "clat_ns" : {
          "min" : 97,
          "max" : 42636782,
          "mean" : 2127.217344,
          "stddev" : 7601.823479,
          "N" : 4292259772,
          "percentile" : {
            "1.000000" : 1032,
            "5.000000" : 1336,
            "10.000000" : 1496,
            "20.000000" : 1672,
            "30.000000" : 1816,
            "40.000000" : 1928,
            "50.000000" : 2064,
            "60.000000" : 2160,
            "70.000000" : 2288,
            "80.000000" : 2448,
            "90.000000" : 2672,
            "95.000000" : 2864,
            "99.000000" : 3248,
            "99.500000" : 3408,
            "99.900000" : 11072,
            "99.950000" : 18048,
            "99.990000" : 41728
          }
        },
        "lat_ns" : {
          "min" : 124,
          "max" : 42636816,
          "mean" : 2185.388638,
          "stddev" : 7657.510840,
          "N" : 4292259772
        },
        "bw_min" : 351968,
        "bw_max" : 120844000,
        "bw_agg" : 100.000000,
        "bw_mean" : 95461614.899721,
        "bw_dev" : 186676.446597,
        "bw_samples" : 22976,
        "iops_min" : 87992,
        "iops_max" : 30210988,
        "iops_mean" : 23865391.192201,
        "iops_stddev" : 46669.084324,
        "iops_samples" : 22976
      },
      "write" : {
        "io_bytes" : 0,
        "io_kbytes" : 0,
        "bw_bytes" : 0,
        "bw" : 0,
        "iops" : 0.000000,
        "runtime" : 0,
        "total_ios" : 0,
        "short_ios" : 0,
        "drop_ios" : 0,
        "slat_ns" : {
          "min" : 0,
          "max" : 0,
          "mean" : 0.000000,
          "stddev" : 0.000000,
          "N" : 0
        },
        "clat_ns" : {
          "min" : 0,
          "max" : 0,
          "mean" : 0.000000,
          "stddev" : 0.000000,
          "N" : 0
        },
        "lat_ns" : {
          "min" : 0,
          "max" : 0,
          "mean" : 0.000000,
          "stddev" : 0.000000,
          "N" : 0
        },
        "bw_min" : 0,
        "bw_max" : 0,
        "bw_agg" : 0.000000,
        "bw_mean" : 0.000000,
        "bw_dev" : 0.000000,
        "bw_samples" : 0,
        "iops_min" : 0,
        "iops_max" : 0,
        "iops_mean" : 0.000000,
        "iops_stddev" : 0.000000,
        "iops_samples" : 0
      },
      "trim" : {
        "io_bytes" : 0,
        "io_kbytes" : 0,
        "bw_bytes" : 0,
        "bw" : 0,
        "iops" : 0.000000,
        "runtime" : 0,
        "total_ios" : 0,
        "short_ios" : 0,
        "drop_ios" : 0,
        "slat_ns" : {
          "min" : 0,
          "max" : 0,
          "mean" : 0.000000,
          "stddev" : 0.000000,
          "N" : 0
        },
        "clat_ns" : {
          "min" : 0,
          "max" : 0,
          "mean" : 0.000000,
          "stddev" : 0.000000,
          "N" : 0
        },
        "lat_ns" : {
          "min" : 0,
          "max" : 0,
          "mean" : 0.000000,
          "stddev" : 0.000000,
          "N" : 0
        },
        "bw_min" : 0,
        "bw_max" : 0,
        "bw_agg" : 0.000000,
        "bw_mean" : 0.000000,
        "bw_dev" : 0.000000,
        "bw_samples" : 0,
        "iops_min" : 0,
        "iops_max" : 0,
        "iops_mean" : 0.000000,
        "iops_stddev" : 0.000000,
        "iops_samples" : 0
      },
      "sync" : {
        "total_ios" : 0,
        "lat_ns" : {
          "min" : 0,
          "max" : 0,
          "mean" : 0.000000,
          "stddev" : 0.000000,
          "N" : 0
        }
      },
      "job_runtime" : 11520006,
      "usr_cpu" : 98.192614,
      "sys_cpu" : 0.185651,
      "ctx" : 287350,
      "majf" : 196610,
      "minf" : 987185,
      "iodepth_level" : {
        "1" : 100.000000,
        "2" : 0.000000,
        "4" : 0.000000,
        "8" : 0.000000,
        "16" : 0.000000,
        "32" : 0.000000,
        ">=64" : 0.000000
      },
      "iodepth_submit" : {
        "0" : 0.000000,
        "4" : 100.000000,
        "8" : 0.000000,
        "16" : 0.000000,
        "32" : 0.000000,
        "64" : 0.000000,
        ">=64" : 0.000000
      },
      "iodepth_complete" : {
        "0" : 0.000000,
        "4" : 100.000000,
        "8" : 0.000000,
        "16" : 0.000000,
        "32" : 0.000000,
        "64" : 0.000000,
        ">=64" : 0.000000
      },
      "latency_ns" : {
        "2" : 0.000000,
        "4" : 0.000000,
        "10" : 0.000000,
        "20" : 0.000000,
        "50" : 0.000000,
        "100" : 0.010000,
        "250" : 0.037704,
        "500" : 0.059940,
        "750" : 0.165815,
        "1000" : 0.595470
      },
      "latency_us" : {
        "2" : 44.693755,
        "4" : 54.293764,
        "10" : 0.041488,
        "20" : 0.092205,
        "50" : 0.011440,
        "100" : 0.010000,
        "250" : 0.010000,
        "500" : 0.010000,
        "750" : 0.010000,
        "1000" : 0.010000
      },
      "latency_ms" : {
        "2" : 0.010000,
        "4" : 0.010000,
        "10" : 0.010000,
        "20" : 0.000000,
        "50" : 0.010000,
        "100" : 0.000000,
        "250" : 0.000000,
        "500" : 0.000000,
        "750" : 0.000000,
        "1000" : 0.000000,
        "2000" : 0.000000,
        ">=2000" : 0.000000
      },
      "latency_depth" : 1,
      "latency_target" : 0,
      "latency_percentile" : 100.000000,
      "latency_window" : 0
    }
  ],
  "disk_util" : [
    {
      "name" : "sda",
      "read_ios" : 196655,
      "write_ios" : 187,
      "read_sectors" : 1577000,
      "write_sectors" : 3112,
      "read_merges" : 347,
      "write_merges" : 133,
      "read_ticks" : 154925,
      "write_ticks" : 41,
      "in_queue" : 154972,
      "util" : 1.135712
    }
  ]
}
