{
  "fio version" : "fio-3.40",
  "timestamp" : 1772072667,
  "timestamp_ms" : 1772072667904,
  "time" : "Thu Feb 26 03:24:27 2026",
  "global options" : {
    "group_reporting" : "",
    "ioengine" : "mmap",
    "size" : "768m",
    "thread" : "1",
    "directory" : "/tmp",
    "time_based" : "",
    "runtime" : "210",
    "norandommap" : "1",
    "filename" : "/tmp/fio_readwrite",
    "share_mmap" : "1",
    "repl" : "1"
  },
  "jobs" : [
    {
      "jobname" : "writers",
      "groupid" : 0,
      "job_start" : 1772072457791,
      "error" : 0,
      "eta" : 0,
      "elapsed" : 211,
      "job options" : {
        "rw" : "randread",
        "random_distribution" : "random",
        "numjobs" : "6"
      },
      "read" : {
        "io_bytes" : 126070611968,
        "io_kbytes" : 123115832,
        "bw_bytes" : 600333388,
        "bw" : 586263,
        "iops" : 146565.768734,
        "runtime" : 210001,
        "total_ios" : 30778958,
        "short_ios" : 0,
        "drop_ios" : 0,
        "slat_ns" : {
          "min" : 0,
          "max" : 0,
          "mean" : 0.000000,
          "stddev" : 0.000000,
          "N" : 0
        },
        "clat_ns" : {
          "min" : 106,
          "max" : 55802968,
          "mean" : 40220.730043,
          "stddev" : 82517.583842,
          "N" : 30778958,
          "percentile" : {
            "1.000000" : 462,
            "5.000000" : 540,
            "10.000000" : 588,
            "20.000000" : 668,
            "30.000000" : 780,
            "40.000000" : 892,
            "50.000000" : 1112,
            "60.000000" : 5856,
            "70.000000" : 76288,
            "80.000000" : 85504,
            "90.000000" : 100864,
            "95.000000" : 120320,
            "99.000000" : 226304,
            "99.500000" : 257024,
            "99.900000" : 382976,
            "99.950000" : 577536,
            "99.990000" : 2834432
          }
        },
        "lat_ns" : {
          "min" : 133,
          "max" : 55803031,
          "mean" : 40279.647948,
          "stddev" : 82535.612172,
          "N" : 30778958
        },
        "bw_min" : 43915,
        "bw_max" : 1296352,
        "bw_agg" : 100.000000,
        "bw_mean" : 589690.579544,
        "bw_dev" : 31569.848555,
        "bw_samples" : 2504,
        "iops_min" : 10978,
        "iops_max" : 324083,
        "iops_mean" : 147421.532150,
        "iops_stddev" : 7892.447947,
        "iops_samples" : 2504
      },
      "write" : {
        "io_bytes" : 575364268032,
        "io_kbytes" : 561879168,
        "bw_bytes" : 2739803754,
        "bw" : 2675589,
        "iops" : 668897.400977,
        "runtime" : 210002,
        "total_ios" : 140469792,
        "short_ios" : 0,
        "drop_ios" : 0,
        "slat_ns" : {
          "min" : 0,
          "max" : 0,
          "mean" : 0.000000,
          "stddev" : 0.000000,
          "N" : 0
        },
        "clat_ns" : {
          "min" : 102,
          "max" : 72245149,
          "mean" : 85688.630308,
          "stddev" : 130632.219319,
          "N" : 140469792,
          "percentile" : {
            "1.000000" : 516,
            "5.000000" : 596,
            "10.000000" : 660,
            "20.000000" : 788,
            "30.000000" : 940,
            "40.000000" : 1256,
            "50.000000" : 72192,
            "60.000000" : 140288,
            "70.000000" : 154624,
            "80.000000" : 166912,
            "90.000000" : 187392,
            "95.000000" : 218112,
            "99.000000" : 317440,
            "99.500000" : 354304,
            "99.900000" : 651264,
            "99.950000" : 995328,
            "99.990000" : 4177920
          }
        },
        "lat_ns" : {
          "min" : 144,
          "max" : 72245196,
          "mean" : 85794.138955,
          "stddev" : 130660.644533,
          "N" : 140469792
        },
        "bw_min" : 326885,
        "bw_max" : 5725573,
        "bw_agg" : 100.000000,
        "bw_mean" : 2691203.957046,
        "bw_dev" : 12409.059619,
        "bw_samples" : 24202,
        "iops_min" : 81718,
        "iops_max" : 1431378,
        "iops_mean" : 672790.161410,
        "iops_stddev" : 3102.255642,
        "iops_samples" : 24202
      },
      "trim" : {
        "io_bytes" : 0,
        "io_kbytes" : 0,
        "bw_bytes" : 0,
        "bw" : 0,
        "iops" : 0.000000,
        "runtime" : 0,
        "total_ios" : 0,
        "short_ios" : 0,
        "drop_ios" : 0,
        "slat_ns" : {
          "min" : 0,
          "max" : 0,
          "mean" : 0.000000,
          "stddev" : 0.000000,
          "N" : 0
        },
        "clat_ns" : {
          "min" : 0,
          "max" : 0,
          "mean" : 0.000000,
          "stddev" : 0.000000,
          "N" : 0
        },
        "lat_ns" : {
          "min" : 0,
          "max" : 0,
          "mean" : 0.000000,
          "stddev" : 0.000000,
          "N" : 0
        },
        "bw_min" : 0,
        "bw_max" : 0,
        "bw_agg" : 0.000000,
        "bw_mean" : 0.000000,
        "bw_dev" : 0.000000,
        "bw_samples" : 0,
        "iops_min" : 0,
        "iops_max" : 0,
        "iops_mean" : 0.000000,
        "iops_stddev" : 0.000000,
        "iops_samples" : 0
      },
      "sync" : {
        "total_ios" : 0,
        "lat_ns" : {
          "min" : 0,
          "max" : 0,
          "mean" : 0.000000,
          "stddev" : 0.000000,
          "N" : 0
        }
      },
      "job_runtime" : 13440006,
      "usr_cpu" : 2.908020,
      "sys_cpu" : 94.326446,
      "ctx" : 845079,
      "majf" : 196621,
      "minf" : 84240278,
      "iodepth_level" : {
        "1" : 100.000000,
        "2" : 0.000000,
        "4" : 0.000000,
        "8" : 0.000000,
        "16" : 0.000000,
        "32" : 0.000000,
        ">=64" : 0.000000
      },
      "iodepth_submit" : {
        "0" : 0.000000,
        "4" : 100.000000,
        "8" : 0.000000,
        "16" : 0.000000,
        "32" : 0.000000,
        "64" : 0.000000,
        ">=64" : 0.000000
      },
      "iodepth_complete" : {
        "0" : 0.000000,
        "4" : 100.000000,
        "8" : 0.000000,
        "16" : 0.000000,
        "32" : 0.000000,
        "64" : 0.000000,
        ">=64" : 0.000000
      },
      "latency_ns" : {
        "2" : 0.000000,
        "4" : 0.000000,
        "10" : 0.000000,
        "20" : 0.000000,
        "50" : 0.000000,
        "100" : 0.000000,
        "250" : 0.017541,
        "500" : 0.929096,
        "750" : 17.948606,
        "1000" : 16.535296
      },
      "latency_us" : {
        "2" : 9.836499,
        "4" : 3.776127,
        "10" : 1.657932,
        "20" : 0.034076,
        "50" : 0.073739,
        "100" : 11.079302,
        "250" : 35.451733,
        "500" : 2.528802,
        "750" : 0.058310,
        "1000" : 0.028348
      },
      "latency_ms" : {
        "2" : 0.018817,
        "4" : 0.010189,
        "10" : 0.014958,
        "20" : 0.010000,
        "50" : 0.010000,
        "100" : 0.010000,
        "250" : 0.000000,
        "500" : 0.000000,
        "750" : 0.000000,
        "1000" : 0.000000,
        "2000" : 0.000000,
        ">=2000" : 0.000000
      },
      "latency_depth" : 1,
      "latency_target" : 0,
      "latency_percentile" : 100.000000,
      "latency_window" : 0
    }
  ],
  "disk_util" : [
    {
      "name" : "sdb",
      "read_ios" : 196614,
      "write_ios" : 135362,
      "read_sectors" : 1574136,
      "write_sectors" : 53813344,
      "read_merges" : 152,
      "write_merges" : 719,
      "read_ticks" : 169511,
      "write_ticks" : 17245946,
      "in_queue" : 17415465,
      "util" : 27.716103
    }
  ]
}
