{
  "fio version" : "fio-3.40",
  "timestamp" : 1772001503,
  "timestamp_ms" : 1772001503416,
  "time" : "Wed Feb 25 07:38:23 2026",
  "global options" : {
    "group_reporting" : "",
    "ioengine" : "mmap",
    "size" : "768m",
    "thread" : "1",
    "directory" : "/tmp",
    "time_based" : "",
    "runtime" : "180",
    "norandommap" : "1",
    "filename" : "/tmp/fio_readwrite",
    "share_mmap" : "1",
    "repl" : "1"
  },
  "jobs" : [
    {
      "jobname" : "writers",
      "groupid" : 0,
      "job_start" : 1772001323208,
      "error" : 0,
      "eta" : 0,
      "elapsed" : 181,
      "job options" : {
        "rw" : "randread",
        "random_distribution" : "random",
        "numjobs" : "13"
      },
      "read" : {
        "io_bytes" : 2332752564224,
        "io_kbytes" : 2278078676,
        "bw_bytes" : 12959592472,
        "bw" : 12655852,
        "iops" : 3163963.005967,
        "runtime" : 180002,
        "total_ios" : 569519669,
        "short_ios" : 0,
        "drop_ios" : 0,
        "slat_ns" : {
          "min" : 0,
          "max" : 0,
          "mean" : 0.000000,
          "stddev" : 0.000000,
          "N" : 0
        },
        "clat_ns" : {
          "min" : 123,
          "max" : 31453222,
          "mean" : 3071.924613,
          "stddev" : 12929.803321,
          "N" : 569519669,
          "percentile" : {
            "1.000000" : 1048,
            "5.000000" : 1544,
            "10.000000" : 1832,
            "20.000000" : 2192,
            "30.000000" : 2448,
            "40.000000" : 2672,
            "50.000000" : 2896,
            "60.000000" : 3120,
            "70.000000" : 3376,
            "80.000000" : 3696,
            "90.000000" : 4192,
            "95.000000" : 4640,
            "99.000000" : 5728,
            "99.500000" : 6240,
            "99.900000" : 8896,
            "99.950000" : 19840,
            "99.990000" : 63232
          }
        },
        "lat_ns" : {
          "min" : 160,
          "max" : 40053039,
          "mean" : 3156.816222,
          "stddev" : 13139.190081,
          "N" : 569519669
        },
        "bw_min" : 62216,
        "bw_max" : 15431727,
        "bw_agg" : 100.000000,
        "bw_mean" : 12774167.643258,
        "bw_dev" : 130838.160944,
        "bw_samples" : 4628,
        "iops_min" : 15554,
        "iops_max" : 3857927,
        "iops_mean" : 3193538.803371,
        "iops_stddev" : 32709.517419,
        "iops_samples" : 4628
      },
      "write" : {
        "io_bytes" : 8971864977408,
        "io_kbytes" : 8761586892,
        "bw_bytes" : 49842863604,
        "bw" : 48674671,
        "iops" : 12168667.872202,
        "runtime" : 180003,
        "total_ios" : 2190396723,
        "short_ios" : 0,
        "drop_ios" : 0,
        "slat_ns" : {
          "min" : 0,
          "max" : 0,
          "mean" : 0.000000,
          "stddev" : 0.000000,
          "N" : 0
        },
        "clat_ns" : {
          "min" : 123,
          "max" : 81370121,
          "mean" : 2991.534453,
          "stddev" : 14238.218234,
          "N" : 2190396723,
          "percentile" : {
            "1.000000" : 996,
            "5.000000" : 1416,
            "10.000000" : 1704,
            "20.000000" : 2040,
            "30.000000" : 2288,
            "40.000000" : 2512,
            "50.000000" : 2736,
            "60.000000" : 2992,
            "70.000000" : 3248,
            "80.000000" : 3568,
            "90.000000" : 4048,
            "95.000000" : 4512,
            "99.000000" : 5536,
            "99.500000" : 6112,
            "99.900000" : 21888,
            "99.950000" : 69120,
            "99.990000" : 189440
          }
        },
        "lat_ns" : {
          "min" : 173,
          "max" : 81370228,
          "mean" : 3133.179739,
          "stddev" : 14463.006179,
          "N" : 2190396723
        },
        "bw_min" : 243280,
        "bw_max" : 56682200,
        "bw_agg" : 100.000000,
        "bw_mean" : 49130456.691011,
        "bw_dev" : 131326.718552,
        "bw_samples" : 18156,
        "iops_min" : 60820,
        "iops_max" : 14170552,
        "iops_mean" : 12282604.382022,
        "iops_stddev" : 32831.660309,
        "iops_samples" : 18156
      },
      "trim" : {
        "io_bytes" : 0,
        "io_kbytes" : 0,
        "bw_bytes" : 0,
        "bw" : 0,
        "iops" : 0.000000,
        "runtime" : 0,
        "total_ios" : 0,
        "short_ios" : 0,
        "drop_ios" : 0,
        "slat_ns" : {
          "min" : 0,
          "max" : 0,
          "mean" : 0.000000,
          "stddev" : 0.000000,
          "N" : 0
        },
        "clat_ns" : {
          "min" : 0,
          "max" : 0,
          "mean" : 0.000000,
          "stddev" : 0.000000,
          "N" : 0
        },
        "lat_ns" : {
          "min" : 0,
          "max" : 0,
          "mean" : 0.000000,
          "stddev" : 0.000000,
          "N" : 0
        },
        "bw_min" : 0,
        "bw_max" : 0,
        "bw_agg" : 0.000000,
        "bw_mean" : 0.000000,
        "bw_dev" : 0.000000,
        "bw_samples" : 0,
        "iops_min" : 0,
        "iops_max" : 0,
        "iops_mean" : 0.000000,
        "iops_stddev" : 0.000000,
        "iops_samples" : 0
      },
      "sync" : {
        "total_ios" : 0,
        "lat_ns" : {
          "min" : 0,
          "max" : 0,
          "mean" : 0.000000,
          "stddev" : 0.000000,
          "N" : 0
        }
      },
      "job_runtime" : 11520050,
      "usr_cpu" : 95.628587,
      "sys_cpu" : 1.216470,
      "ctx" : 525432,
      "majf" : 196604,
      "minf" : 1856624,
      "iodepth_level" : {
        "1" : 100.000000,
        "2" : 0.000000,
        "4" : 0.000000,
        "8" : 0.000000,
        "16" : 0.000000,
        "32" : 0.000000,
        ">=64" : 0.000000
      },
      "iodepth_submit" : {
        "0" : 0.000000,
        "4" : 100.000000,
        "8" : 0.000000,
        "16" : 0.000000,
        "32" : 0.000000,
        "64" : 0.000000,
        ">=64" : 0.000000
      },
      "iodepth_complete" : {
        "0" : 0.000000,
        "4" : 100.000000,
        "8" : 0.000000,
        "16" : 0.000000,
        "32" : 0.000000,
        "64" : 0.000000,
        ">=64" : 0.000000
      },
      "latency_ns" : {
        "2" : 0.000000,
        "4" : 0.000000,
        "10" : 0.000000,
        "20" : 0.000000,
        "50" : 0.000000,
        "100" : 0.000000,
        "250" : 0.022139,
        "500" : 0.034675,
        "750" : 0.158336,
        "1000" : 0.752646
      },
      "latency_us" : {
        "2" : 16.571122,
        "4" : 71.065687,
        "10" : 11.241730,
        "20" : 0.049177,
        "50" : 0.059385,
        "100" : 0.020382,
        "250" : 0.015698,
        "500" : 0.010000,
        "750" : 0.010000,
        "1000" : 0.010000
      },
      "latency_ms" : {
        "2" : 0.010000,
        "4" : 0.010000,
        "10" : 0.010000,
        "20" : 0.010000,
        "50" : 0.010000,
        "100" : 0.010000,
        "250" : 0.000000,
        "500" : 0.000000,
        "750" : 0.000000,
        "1000" : 0.000000,
        "2000" : 0.000000,
        ">=2000" : 0.000000
      },
      "latency_depth" : 1,
      "latency_target" : 0,
      "latency_percentile" : 100.000000,
      "latency_window" : 0
    }
  ],
  "disk_util" : [
    {
      "name" : "sda",
      "read_ios" : 196555,
      "write_ios" : 55272,
      "read_sectors" : 1574040,
      "write_sectors" : 15428576,
      "read_merges" : 200,
      "write_merges" : 1798,
      "read_ticks" : 154451,
      "write_ticks" : 36585857,
      "in_queue" : 36740314,
      "util" : 9.535840
    }
  ]
}
