{
  "fio version" : "fio-3.40",
  "timestamp" : 1769851230,
  "timestamp_ms" : 1769851230295,
  "time" : "Sat Jan 31 10:20:30 2026",
  "global options" : {
    "group_reporting" : "",
    "ioengine" : "mmap",
    "size" : "768m",
    "thread" : "1",
    "directory" : "/tmp",
    "time_based" : "",
    "runtime" : "180",
    "norandommap" : "1",
    "filename" : "/tmp/fio_readwrite",
    "share_mmap" : "1",
    "repl" : "1"
  },
  "jobs" : [
    {
      "jobname" : "writers",
      "groupid" : 0,
      "job_start" : 1769851050252,
      "error" : 0,
      "eta" : 0,
      "elapsed" : 181,
      "job options" : {
        "rw" : "randread",
        "random_distribution" : "random",
        "numjobs" : "6"
      },
      "read" : {
        "io_bytes" : 742780583936,
        "io_kbytes" : 725371664,
        "bw_bytes" : 4126490024,
        "bw" : 4029775,
        "iops" : 1007443.853714,
        "runtime" : 180003,
        "total_ios" : 181342916,
        "short_ios" : 0,
        "drop_ios" : 0,
        "slat_ns" : {
          "min" : 0,
          "max" : 0,
          "mean" : 0.000000,
          "stddev" : 0.000000,
          "N" : 0
        },
        "clat_ns" : {
          "min" : 98,
          "max" : 239521698,
          "mean" : 4758.747324,
          "stddev" : 48948.085297,
          "N" : 181342916,
          "percentile" : {
            "1.000000" : 1224,
            "5.000000" : 2096,
            "10.000000" : 2672,
            "20.000000" : 3376,
            "30.000000" : 3856,
            "40.000000" : 4256,
            "50.000000" : 4576,
            "60.000000" : 4896,
            "70.000000" : 5216,
            "80.000000" : 5664,
            "90.000000" : 6304,
            "95.000000" : 6880,
            "99.000000" : 8256,
            "99.500000" : 9024,
            "99.900000" : 21120,
            "99.950000" : 24448,
            "99.990000" : 585728
          }
        },
        "lat_ns" : {
          "min" : 126,
          "max" : 239521752,
          "mean" : 4823.001070,
          "stddev" : 48974.448273,
          "N" : 181342916
        },
        "bw_min" : 586,
        "bw_max" : 5688452,
        "bw_agg" : 100.000000,
        "bw_mean" : 4089295.940510,
        "bw_dev" : 129319.212640,
        "bw_samples" : 2118,
        "iops_min" : 142,
        "iops_max" : 1422110,
        "iops_mean" : 1022322.923513,
        "iops_stddev" : 32329.786157,
        "iops_samples" : 2118
      },
      "write" : {
        "io_bytes" : 7142627856384,
        "io_kbytes" : 6975222516,
        "bw_bytes" : 39680384082,
        "bw" : 38750375,
        "iops" : 9687593.770138,
        "runtime" : 180004,
        "total_ios" : 1743805629,
        "short_ios" : 0,
        "drop_ios" : 0,
        "slat_ns" : {
          "min" : 0,
          "max" : 0,
          "mean" : 0.000000,
          "stddev" : 0.000000,
          "N" : 0
        },
        "clat_ns" : {
          "min" : 96,
          "max" : 240175815,
          "mean" : 4410.603819,
          "stddev" : 49338.044671,
          "N" : 1743805629,
          "percentile" : {
            "1.000000" : 1256,
            "5.000000" : 2008,
            "10.000000" : 2448,
            "20.000000" : 2992,
            "30.000000" : 3376,
            "40.000000" : 3696,
            "50.000000" : 4016,
            "60.000000" : 4384,
            "70.000000" : 4704,
            "80.000000" : 5152,
            "90.000000" : 5856,
            "95.000000" : 6432,
            "99.000000" : 7840,
            "99.500000" : 8768,
            "99.900000" : 35072,
            "99.950000" : 105984,
            "99.990000" : 716800
          }
        },
        "lat_ns" : {
          "min" : 133,
          "max" : 240175939,
          "mean" : 4554.270921,
          "stddev" : 49427.752757,
          "N" : 1743805629
        },
        "bw_min" : 4998,
        "bw_max" : 51668245,
        "bw_agg" : 100.000000,
        "bw_mean" : 39329568.365439,
        "bw_dev" : 126204.693858,
        "bw_samples" : 20474,
        "iops_min" : 1206,
        "iops_max" : 12917045,
        "iops_mean" : 9832380.487252,
        "iops_stddev" : 31551.156180,
        "iops_samples" : 20474
      },
      "trim" : {
        "io_bytes" : 0,
        "io_kbytes" : 0,
        "bw_bytes" : 0,
        "bw" : 0,
        "iops" : 0.000000,
        "runtime" : 0,
        "total_ios" : 0,
        "short_ios" : 0,
        "drop_ios" : 0,
        "slat_ns" : {
          "min" : 0,
          "max" : 0,
          "mean" : 0.000000,
          "stddev" : 0.000000,
          "N" : 0
        },
        "clat_ns" : {
          "min" : 0,
          "max" : 0,
          "mean" : 0.000000,
          "stddev" : 0.000000,
          "N" : 0
        },
        "lat_ns" : {
          "min" : 0,
          "max" : 0,
          "mean" : 0.000000,
          "stddev" : 0.000000,
          "N" : 0
        },
        "bw_min" : 0,
        "bw_max" : 0,
        "bw_agg" : 0.000000,
        "bw_mean" : 0.000000,
        "bw_dev" : 0.000000,
        "bw_samples" : 0,
        "iops_min" : 0,
        "iops_max" : 0,
        "iops_mean" : 0.000000,
        "iops_stddev" : 0.000000,
        "iops_samples" : 0
      },
      "sync" : {
        "total_ios" : 0,
        "lat_ns" : {
          "min" : 0,
          "max" : 0,
          "mean" : 0.000000,
          "stddev" : 0.000000,
          "N" : 0
        }
      },
      "job_runtime" : 11520071,
      "usr_cpu" : 93.252984,
      "sys_cpu" : 1.360495,
      "ctx" : 1223532,
      "majf" : 196635,
      "minf" : 1807307,
      "iodepth_level" : {
        "1" : 100.000000,
        "2" : 0.000000,
        "4" : 0.000000,
        "8" : 0.000000,
        "16" : 0.000000,
        "32" : 0.000000,
        ">=64" : 0.000000
      },
      "iodepth_submit" : {
        "0" : 0.000000,
        "4" : 100.000000,
        "8" : 0.000000,
        "16" : 0.000000,
        "32" : 0.000000,
        "64" : 0.000000,
        ">=64" : 0.000000
      },
      "iodepth_complete" : {
        "0" : 0.000000,
        "4" : 100.000000,
        "8" : 0.000000,
        "16" : 0.000000,
        "32" : 0.000000,
        "64" : 0.000000,
        ">=64" : 0.000000
      },
      "latency_ns" : {
        "2" : 0.000000,
        "4" : 0.000000,
        "10" : 0.000000,
        "20" : 0.000000,
        "50" : 0.000000,
        "100" : 0.010000,
        "250" : 0.036154,
        "500" : 0.056597,
        "750" : 0.160340,
        "1000" : 0.259438
      },
      "latency_us" : {
        "2" : 4.372893,
        "4" : 42.916279,
        "10" : 51.903902,
        "20" : 0.102609,
        "50" : 0.123390,
        "100" : 0.017761,
        "250" : 0.036610,
        "500" : 0.010000,
        "750" : 0.010000,
        "1000" : 0.010000
      },
      "latency_ms" : {
        "2" : 0.010000,
        "4" : 0.010000,
        "10" : 0.010000,
        "20" : 0.010000,
        "50" : 0.010000,
        "100" : 0.010000,
        "250" : 0.010000,
        "500" : 0.000000,
        "750" : 0.000000,
        "1000" : 0.000000,
        "2000" : 0.000000,
        ">=2000" : 0.000000
      },
      "latency_depth" : 1,
      "latency_target" : 0,
      "latency_percentile" : 100.000000,
      "latency_window" : 0
    }
  ],
  "disk_util" : [
    {
      "name" : "sda",
      "read_ios" : 196574,
      "write_ios" : 195032,
      "read_sectors" : 1574264,
      "write_sectors" : 15700600,
      "read_merges" : 209,
      "write_merges" : 18033,
      "read_ticks" : 266215,
      "write_ticks" : 55485123,
      "in_queue" : 55751348,
      "util" : 10.532526
    }
  ]
}
