{
  "fio version" : "fio-3.40",
  "timestamp" : 1756995389,
  "timestamp_ms" : 1756995389248,
  "time" : "Thu Sep  4 16:16:29 2025",
  "global options" : {
    "group_reporting" : "",
    "ioengine" : "mmap",
    "size" : "256m",
    "thread" : "1",
    "directory" : "/tmp",
    "time_based" : "",
    "runtime" : "30",
    "filename" : "/tmp/fio_readwrite",
    "share_mmap" : "1",
    "repl" : "1"
  },
  "jobs" : [
    {
      "jobname" : "writers",
      "groupid" : 0,
      "job_start" : 1756995358854,
      "error" : 0,
      "eta" : 0,
      "elapsed" : 31,
      "job options" : {
        "rw" : "randread",
        "random_distribution" : "random",
        "numjobs" : "32"
      },
      "read" : {
        "io_bytes" : 85899476992,
        "io_kbytes" : 83886208,
        "bw_bytes" : 2845012982,
        "bw" : 2778332,
        "iops" : 694583.247773,
        "runtime" : 30193,
        "total_ios" : 20971552,
        "short_ios" : 0,
        "drop_ios" : 0,
        "slat_ns" : {
          "min" : 0,
          "max" : 0,
          "mean" : 0.000000,
          "stddev" : 0.000000,
          "N" : 0
        },
        "clat_ns" : {
          "min" : 99,
          "max" : 16986585,
          "mean" : 3640.654144,
          "stddev" : 63903.818188,
          "N" : 20971552,
          "percentile" : {
            "1.000000" : 386,
            "5.000000" : 506,
            "10.000000" : 620,
            "20.000000" : 764,
            "30.000000" : 892,
            "40.000000" : 1032,
            "50.000000" : 1208,
            "60.000000" : 1416,
            "70.000000" : 1704,
            "80.000000" : 2064,
            "90.000000" : 2640,
            "95.000000" : 3120,
            "99.000000" : 4192,
            "99.500000" : 4768,
            "99.900000" : 1019904,
            "99.950000" : 1613824,
            "99.990000" : 2736128
          }
        },
        "lat_ns" : {
          "min" : 127,
          "max" : 16986641,
          "mean" : 3705.595051,
          "stddev" : 63904.524211,
          "N" : 20971552
        },
        "bw_min" : 104576,
        "bw_max" : 16777216,
        "bw_agg" : 100.000000,
        "bw_mean" : 10799268.016597,
        "bw_dev" : 205786.562137,
        "bw_samples" : 499,
        "iops_min" : 26144,
        "iops_max" : 4194304,
        "iops_mean" : 2699816.046043,
        "iops_stddev" : 51446.641485,
        "iops_samples" : 499
      },
      "write" : {
        "io_bytes" : 85899476992,
        "io_kbytes" : 83886208,
        "bw_bytes" : 2845012982,
        "bw" : 2778332,
        "iops" : 694583.247773,
        "runtime" : 30193,
        "total_ios" : 20971552,
        "short_ios" : 0,
        "drop_ios" : 0,
        "slat_ns" : {
          "min" : 0,
          "max" : 0,
          "mean" : 0.000000,
          "stddev" : 0.000000,
          "N" : 0
        },
        "clat_ns" : {
          "min" : 97,
          "max" : 12452857,
          "mean" : 4875.201709,
          "stddev" : 66702.465472,
          "N" : 20971552,
          "percentile" : {
            "1.000000" : 362,
            "5.000000" : 502,
            "10.000000" : 620,
            "20.000000" : 820,
            "30.000000" : 1012,
            "40.000000" : 1208,
            "50.000000" : 1432,
            "60.000000" : 1688,
            "70.000000" : 1976,
            "80.000000" : 2352,
            "90.000000" : 2992,
            "95.000000" : 3760,
            "99.000000" : 51456,
            "99.500000" : 61184,
            "99.900000" : 1073152,
            "99.950000" : 1646592,
            "99.990000" : 2768896
          }
        },
        "lat_ns" : {
          "min" : 137,
          "max" : 12452911,
          "mean" : 4957.492528,
          "stddev" : 66703.916114,
          "N" : 20971552
        },
        "bw_min" : 104808,
        "bw_max" : 16777216,
        "bw_agg" : 100.000000,
        "bw_mean" : 9592827.609563,
        "bw_dev" : 198820.798566,
        "bw_samples" : 560,
        "iops_min" : 26202,
        "iops_max" : 4194304,
        "iops_mean" : 2398205.436361,
        "iops_stddev" : 49705.109881,
        "iops_samples" : 560
      },
      "trim" : {
        "io_bytes" : 0,
        "io_kbytes" : 0,
        "bw_bytes" : 0,
        "bw" : 0,
        "iops" : 0.000000,
        "runtime" : 0,
        "total_ios" : 0,
        "short_ios" : 0,
        "drop_ios" : 0,
        "slat_ns" : {
          "min" : 0,
          "max" : 0,
          "mean" : 0.000000,
          "stddev" : 0.000000,
          "N" : 0
        },
        "clat_ns" : {
          "min" : 0,
          "max" : 0,
          "mean" : 0.000000,
          "stddev" : 0.000000,
          "N" : 0
        },
        "lat_ns" : {
          "min" : 0,
          "max" : 0,
          "mean" : 0.000000,
          "stddev" : 0.000000,
          "N" : 0
        },
        "bw_min" : 0,
        "bw_max" : 0,
        "bw_agg" : 0.000000,
        "bw_mean" : 0.000000,
        "bw_dev" : 0.000000,
        "bw_samples" : 0,
        "iops_min" : 0,
        "iops_max" : 0,
        "iops_mean" : 0.000000,
        "iops_stddev" : 0.000000,
        "iops_samples" : 0
      },
      "sync" : {
        "total_ios" : 0,
        "lat_ns" : {
          "min" : 0,
          "max" : 0,
          "mean" : 0.000000,
          "stddev" : 0.000000,
          "N" : 0
        }
      },
      "job_runtime" : 1930811,
      "usr_cpu" : 4.905193,
      "sys_cpu" : 58.957039,
      "ctx" : 15588393,
      "majf" : 63759,
      "minf" : 703824,
      "iodepth_level" : {
        "1" : 100.000000,
        "2" : 0.000000,
        "4" : 0.000000,
        "8" : 0.000000,
        "16" : 0.000000,
        "32" : 0.000000,
        ">=64" : 0.000000
      },
      "iodepth_submit" : {
        "0" : 0.000000,
        "4" : 100.000000,
        "8" : 0.000000,
        "16" : 0.000000,
        "32" : 0.000000,
        "64" : 0.000000,
        ">=64" : 0.000000
      },
      "iodepth_complete" : {
        "0" : 0.000000,
        "4" : 100.000000,
        "8" : 0.000000,
        "16" : 0.000000,
        "32" : 0.000000,
        "64" : 0.000000,
        ">=64" : 0.000000
      },
      "latency_ns" : {
        "2" : 0.000000,
        "4" : 0.000000,
        "10" : 0.000000,
        "20" : 0.000000,
        "50" : 0.000000,
        "100" : 0.010000,
        "250" : 0.078242,
        "500" : 4.790606,
        "750" : 12.586553,
        "1000" : 16.105921
      },
      "latency_us" : {
        "2" : 40.842404,
        "4" : 22.790123,
        "10" : 1.469321,
        "20" : 0.266549,
        "50" : 0.461594,
        "100" : 0.414676,
        "250" : 0.029061,
        "500" : 0.017118,
        "750" : 0.019908,
        "1000" : 0.023701
      },
      "latency_ms" : {
        "2" : 0.074372,
        "4" : 0.027981,
        "10" : 0.010000,
        "20" : 0.010000,
        "50" : 0.000000,
        "100" : 0.000000,
        "250" : 0.000000,
        "500" : 0.000000,
        "750" : 0.000000,
        "1000" : 0.000000,
        "2000" : 0.000000,
        ">=2000" : 0.000000
      },
      "latency_depth" : 1,
      "latency_target" : 0,
      "latency_percentile" : 100.000000,
      "latency_window" : 0
    }
  ],
  "disk_util" : [
    {
      "name" : "sda",
      "read_ios" : 63699,
      "write_ios" : 102352,
      "read_sectors" : 511096,
      "write_sectors" : 5889712,
      "read_merges" : 188,
      "write_merges" : 463,
      "read_ticks" : 89655,
      "write_ticks" : 36681,
      "in_queue" : 126339,
      "util" : 25.643741
    }
  ]
}
