{
  "fio version" : "fio-3.40",
  "timestamp" : 1771878003,
  "timestamp_ms" : 1771878003608,
  "time" : "Mon Feb 23 21:20:03 2026",
  "global options" : {
    "group_reporting" : "",
    "ioengine" : "mmap",
    "size" : "768m",
    "thread" : "1",
    "directory" : "/tmp",
    "time_based" : "",
    "runtime" : "180",
    "norandommap" : "1",
    "filename" : "/tmp/fio_readwrite",
    "share_mmap" : "1",
    "repl" : "1"
  },
  "jobs" : [
    {
      "jobname" : "writers",
      "groupid" : 0,
      "job_start" : 1771877823506,
      "error" : 0,
      "eta" : 0,
      "elapsed" : 181,
      "job options" : {
        "rw" : "randread",
        "random_distribution" : "random",
        "numjobs" : "54"
      },
      "read" : {
        "io_bytes" : 15362555834368,
        "io_kbytes" : 15002495932,
        "bw_bytes" : 85346584117,
        "bw" : 83346273,
        "iops" : 20836568.388129,
        "runtime" : 180002,
        "total_ios" : 3750623983,
        "short_ios" : 0,
        "drop_ios" : 0,
        "slat_ns" : {
          "min" : 0,
          "max" : 0,
          "mean" : 0.000000,
          "stddev" : 0.000000,
          "N" : 0
        },
        "clat_ns" : {
          "min" : 125,
          "max" : 48078506,
          "mean" : 1925.201218,
          "stddev" : 12324.126911,
          "N" : 3750623983,
          "percentile" : {
            "1.000000" : 482,
            "5.000000" : 548,
            "10.000000" : 620,
            "20.000000" : 748,
            "30.000000" : 868,
            "40.000000" : 980,
            "50.000000" : 1112,
            "60.000000" : 1272,
            "70.000000" : 1464,
            "80.000000" : 1816,
            "90.000000" : 2960,
            "95.000000" : 4080,
            "99.000000" : 6112,
            "99.500000" : 62208,
            "99.900000" : 85504,
            "99.950000" : 94720,
            "99.990000" : 136192
          }
        },
        "lat_ns" : {
          "min" : 159,
          "max" : 48078543,
          "mean" : 1994.075808,
          "stddev" : 12420.709350,
          "N" : 3750623983
        },
        "bw_min" : 13146336,
        "bw_max" : 100896777,
        "bw_agg" : 100.000000,
        "bw_mean" : 84737083.084601,
        "bw_dev" : 212686.696532,
        "bw_samples" : 19110,
        "iops_min" : 3286588,
        "iops_max" : 25224186,
        "iops_mean" : 21184260.366789,
        "iops_stddev" : 53171.654546,
        "iops_samples" : 19110
      },
      "write" : {
        "io_bytes" : 91779260416,
        "io_kbytes" : 89628184,
        "bw_bytes" : 509879114,
        "bw" : 497928,
        "iops" : 124482.205753,
        "runtime" : 180002,
        "total_ios" : 22407046,
        "short_ios" : 0,
        "drop_ios" : 0,
        "slat_ns" : {
          "min" : 0,
          "max" : 0,
          "mean" : 0.000000,
          "stddev" : 0.000000,
          "N" : 0
        },
        "clat_ns" : {
          "min" : 168,
          "max" : 16040080,
          "mean" : 79267.969083,
          "stddev" : 60303.235186,
          "N" : 22407046,
          "percentile" : {
            "1.000000" : 27008,
            "5.000000" : 57088,
            "10.000000" : 61184,
            "20.000000" : 65280,
            "30.000000" : 69120,
            "40.000000" : 72192,
            "50.000000" : 75264,
            "60.000000" : 78336,
            "70.000000" : 82432,
            "80.000000" : 87552,
            "90.000000" : 97792,
            "95.000000" : 110080,
            "99.000000" : 154624,
            "99.500000" : 201728,
            "99.900000" : 561152,
            "99.950000" : 757760,
            "99.990000" : 2899968
          }
        },
        "lat_ns" : {
          "min" : 218,
          "max" : 16040195,
          "mean" : 79411.044661,
          "stddev" : 60320.886264,
          "N" : 22407046
        },
        "bw_min" : 69248,
        "bw_max" : 733288,
        "bw_agg" : 100.000000,
        "bw_mean" : 498638.557103,
        "bw_dev" : 5910.272962,
        "bw_samples" : 3590,
        "iops_min" : 17312,
        "iops_max" : 183322,
        "iops_mean" : 124658.105850,
        "iops_stddev" : 1477.568924,
        "iops_samples" : 3590
      },
      "trim" : {
        "io_bytes" : 0,
        "io_kbytes" : 0,
        "bw_bytes" : 0,
        "bw" : 0,
        "iops" : 0.000000,
        "runtime" : 0,
        "total_ios" : 0,
        "short_ios" : 0,
        "drop_ios" : 0,
        "slat_ns" : {
          "min" : 0,
          "max" : 0,
          "mean" : 0.000000,
          "stddev" : 0.000000,
          "N" : 0
        },
        "clat_ns" : {
          "min" : 0,
          "max" : 0,
          "mean" : 0.000000,
          "stddev" : 0.000000,
          "N" : 0
        },
        "lat_ns" : {
          "min" : 0,
          "max" : 0,
          "mean" : 0.000000,
          "stddev" : 0.000000,
          "N" : 0
        },
        "bw_min" : 0,
        "bw_max" : 0,
        "bw_agg" : 0.000000,
        "bw_mean" : 0.000000,
        "bw_dev" : 0.000000,
        "bw_samples" : 0,
        "iops_min" : 0,
        "iops_max" : 0,
        "iops_mean" : 0.000000,
        "iops_stddev" : 0.000000,
        "iops_samples" : 0
      },
      "sync" : {
        "total_ios" : 0,
        "lat_ns" : {
          "min" : 0,
          "max" : 0,
          "mean" : 0.000000,
          "stddev" : 0.000000,
          "N" : 0
        }
      },
      "job_runtime" : 11520019,
      "usr_cpu" : 68.317127,
      "sys_cpu" : 28.818390,
      "ctx" : 1508633,
      "majf" : 196635,
      "minf" : 44528433,
      "iodepth_level" : {
        "1" : 100.000000,
        "2" : 0.000000,
        "4" : 0.000000,
        "8" : 0.000000,
        "16" : 0.000000,
        "32" : 0.000000,
        ">=64" : 0.000000
      },
      "iodepth_submit" : {
        "0" : 0.000000,
        "4" : 100.000000,
        "8" : 0.000000,
        "16" : 0.000000,
        "32" : 0.000000,
        "64" : 0.000000,
        ">=64" : 0.000000
      },
      "iodepth_complete" : {
        "0" : 0.000000,
        "4" : 100.000000,
        "8" : 0.000000,
        "16" : 0.000000,
        "32" : 0.000000,
        "64" : 0.000000,
        ">=64" : 0.000000
      },
      "latency_ns" : {
        "2" : 0.000000,
        "4" : 0.000000,
        "10" : 0.000000,
        "20" : 0.000000,
        "50" : 0.000000,
        "100" : 0.000000,
        "250" : 0.031017,
        "500" : 1.753138,
        "750" : 18.406411,
        "1000" : 20.928009
      },
      "latency_us" : {
        "2" : 41.365138,
        "4" : 11.687165,
        "10" : 4.607246,
        "20" : 0.038194,
        "50" : 0.012599,
        "100" : 1.084922,
        "250" : 0.079936,
        "500" : 0.010000,
        "750" : 0.010000,
        "1000" : 0.010000
      },
      "latency_ms" : {
        "2" : 0.010000,
        "4" : 0.010000,
        "10" : 0.010000,
        "20" : 0.010000,
        "50" : 0.010000,
        "100" : 0.000000,
        "250" : 0.000000,
        "500" : 0.000000,
        "750" : 0.000000,
        "1000" : 0.000000,
        "2000" : 0.000000,
        ">=2000" : 0.000000
      },
      "latency_depth" : 1,
      "latency_target" : 0,
      "latency_percentile" : 100.000000,
      "latency_window" : 0
    }
  ],
  "disk_util" : [
    {
      "name" : "sda",
      "read_ios" : 196646,
      "write_ios" : 144649,
      "read_sectors" : 1574408,
      "write_sectors" : 17411640,
      "read_merges" : 155,
      "write_merges" : 817,
      "read_ticks" : 133586,
      "write_ticks" : 1464449,
      "in_queue" : 1598044,
      "util" : 13.977357
    }
  ]
}
