{
  "fio version" : "fio-3.40",
  "timestamp" : 1764791960,
  "timestamp_ms" : 1764791960734,
  "time" : "Wed Dec  3 20:59:20 2025",
  "global options" : {
    "group_reporting" : "",
    "ioengine" : "mmap",
    "size" : "768m",
    "thread" : "1",
    "directory" : "/tmp",
    "time_based" : "",
    "runtime" : "180",
    "norandommap" : "1",
    "filename" : "/tmp/fio_readwrite",
    "share_mmap" : "1",
    "repl" : "1"
  },
  "jobs" : [
    {
      "jobname" : "writers",
      "groupid" : 0,
      "job_start" : 1764791780514,
      "error" : 0,
      "eta" : 0,
      "elapsed" : 181,
      "job options" : {
        "rw" : "randread",
        "random_distribution" : "random",
        "numjobs" : "51"
      },
      "read" : {
        "io_bytes" : 11237017628672,
        "io_kbytes" : 10973650028,
        "bw_bytes" : 62426835267,
        "bw" : 60963706,
        "iops" : 15240926.579001,
        "runtime" : 180003,
        "total_ios" : 2743412507,
        "short_ios" : 0,
        "drop_ios" : 0,
        "slat_ns" : {
          "min" : 0,
          "max" : 0,
          "mean" : 0.000000,
          "stddev" : 0.000000,
          "N" : 0
        },
        "clat_ns" : {
          "min" : 101,
          "max" : 52081876,
          "mean" : 2734.581767,
          "stddev" : 9303.908084,
          "N" : 2743412507,
          "percentile" : {
            "1.000000" : 506,
            "5.000000" : 652,
            "10.000000" : 844,
            "20.000000" : 1480,
            "30.000000" : 2064,
            "40.000000" : 2416,
            "50.000000" : 2672,
            "60.000000" : 2928,
            "70.000000" : 3184,
            "80.000000" : 3440,
            "90.000000" : 3856,
            "95.000000" : 4192,
            "99.000000" : 5152,
            "99.500000" : 5984,
            "99.900000" : 66048,
            "99.950000" : 75264,
            "99.990000" : 118272
          }
        },
        "lat_ns" : {
          "min" : 129,
          "max" : 52081911,
          "mean" : 2795.716488,
          "stddev" : 9351.303620,
          "N" : 2743412507
        },
        "bw_min" : 63800,
        "bw_max" : 104255558,
        "bw_agg" : 100.000000,
        "bw_mean" : 61366441.759104,
        "bw_dev" : 307200.374038,
        "bw_samples" : 18207,
        "iops_min" : 15950,
        "iops_max" : 26063859,
        "iops_mean" : 15341600.257703,
        "iops_stddev" : 76800.049442,
        "iops_samples" : 18207
      },
      "write" : {
        "io_bytes" : 2285990985728,
        "io_kbytes" : 2232413072,
        "bw_bytes" : 12699738258,
        "bw" : 12402088,
        "iops" : 3100522.035744,
        "runtime" : 180003,
        "total_ios" : 558103268,
        "short_ios" : 0,
        "drop_ios" : 0,
        "slat_ns" : {
          "min" : 0,
          "max" : 0,
          "mean" : 0.000000,
          "stddev" : 0.000000,
          "N" : 0
        },
        "clat_ns" : {
          "min" : 101,
          "max" : 48214793,
          "mean" : 3465.549644,
          "stddev" : 12214.776281,
          "N" : 558103268,
          "percentile" : {
            "1.000000" : 1288,
            "5.000000" : 1688,
            "10.000000" : 1896,
            "20.000000" : 2192,
            "30.000000" : 2384,
            "40.000000" : 2576,
            "50.000000" : 2768,
            "60.000000" : 2960,
            "70.000000" : 3152,
            "80.000000" : 3376,
            "90.000000" : 3728,
            "95.000000" : 4048,
            "99.000000" : 15296,
            "99.500000" : 66048,
            "99.900000" : 87552,
            "99.950000" : 101888,
            "99.990000" : 193536
          }
        },
        "lat_ns" : {
          "min" : 146,
          "max" : 48214863,
          "mean" : 3545.681483,
          "stddev" : 12228.191624,
          "N" : 558103268
        },
        "bw_min" : 15776,
        "bw_max" : 14962251,
        "bw_agg" : 100.000000,
        "bw_mean" : 12484981.159664,
        "bw_dev" : 390199.243750,
        "bw_samples" : 4641,
        "iops_min" : 3944,
        "iops_max" : 3740559,
        "iops_mean" : 3121242.770308,
        "iops_stddev" : 97549.828382,
        "iops_samples" : 4641
      },
      "trim" : {
        "io_bytes" : 0,
        "io_kbytes" : 0,
        "bw_bytes" : 0,
        "bw" : 0,
        "iops" : 0.000000,
        "runtime" : 0,
        "total_ios" : 0,
        "short_ios" : 0,
        "drop_ios" : 0,
        "slat_ns" : {
          "min" : 0,
          "max" : 0,
          "mean" : 0.000000,
          "stddev" : 0.000000,
          "N" : 0
        },
        "clat_ns" : {
          "min" : 0,
          "max" : 0,
          "mean" : 0.000000,
          "stddev" : 0.000000,
          "N" : 0
        },
        "lat_ns" : {
          "min" : 0,
          "max" : 0,
          "mean" : 0.000000,
          "stddev" : 0.000000,
          "N" : 0
        },
        "bw_min" : 0,
        "bw_max" : 0,
        "bw_agg" : 0.000000,
        "bw_mean" : 0.000000,
        "bw_dev" : 0.000000,
        "bw_samples" : 0,
        "iops_min" : 0,
        "iops_max" : 0,
        "iops_mean" : 0.000000,
        "iops_stddev" : 0.000000,
        "iops_samples" : 0
      },
      "sync" : {
        "total_ios" : 0,
        "lat_ns" : {
          "min" : 0,
          "max" : 0,
          "mean" : 0.000000,
          "stddev" : 0.000000,
          "N" : 0
        }
      },
      "job_runtime" : 11520030,
      "usr_cpu" : 91.939691,
      "sys_cpu" : 5.636010,
      "ctx" : 670640,
      "majf" : 195956,
      "minf" : 9542079,
      "iodepth_level" : {
        "1" : 100.000000,
        "2" : 0.000000,
        "4" : 0.000000,
        "8" : 0.000000,
        "16" : 0.000000,
        "32" : 0.000000,
        ">=64" : 0.000000
      },
      "iodepth_submit" : {
        "0" : 0.000000,
        "4" : 100.000000,
        "8" : 0.000000,
        "16" : 0.000000,
        "32" : 0.000000,
        "64" : 0.000000,
        ">=64" : 0.000000
      },
      "iodepth_complete" : {
        "0" : 0.000000,
        "4" : 100.000000,
        "8" : 0.000000,
        "16" : 0.000000,
        "32" : 0.000000,
        "64" : 0.000000,
        ">=64" : 0.000000
      },
      "latency_ns" : {
        "2" : 0.000000,
        "4" : 0.000000,
        "10" : 0.000000,
        "20" : 0.000000,
        "50" : 0.000000,
        "100" : 0.000000,
        "250" : 0.044801,
        "500" : 0.658113,
        "750" : 5.589148,
        "1000" : 5.052230
      },
      "latency_us" : {
        "2" : 14.434933,
        "4" : 67.010188,
        "10" : 6.742408,
        "20" : 0.170500,
        "50" : 0.019241,
        "100" : 0.256831,
        "250" : 0.015346,
        "500" : 0.010000,
        "750" : 0.010000,
        "1000" : 0.010000
      },
      "latency_ms" : {
        "2" : 0.010000,
        "4" : 0.010000,
        "10" : 0.010000,
        "20" : 0.010000,
        "50" : 0.010000,
        "100" : 0.010000,
        "250" : 0.000000,
        "500" : 0.000000,
        "750" : 0.000000,
        "1000" : 0.000000,
        "2000" : 0.000000,
        ">=2000" : 0.000000
      },
      "latency_depth" : 1,
      "latency_target" : 0,
      "latency_percentile" : 100.000000,
      "latency_window" : 0
    }
  ],
  "disk_util" : [
    {
      "name" : "sda",
      "read_ios" : 195918,
      "write_ios" : 135870,
      "read_sectors" : 1568656,
      "write_sectors" : 5353432,
      "read_merges" : 164,
      "write_merges" : 4424,
      "read_ticks" : 169767,
      "write_ticks" : 1748490,
      "in_queue" : 1918266,
      "util" : 5.220247
    }
  ]
}
