{
  "fio version" : "fio-3.40",
  "timestamp" : 1771989564,
  "timestamp_ms" : 1771989564653,
  "time" : "Wed Feb 25 04:19:24 2026",
  "global options" : {
    "group_reporting" : "",
    "ioengine" : "mmap",
    "size" : "768m",
    "thread" : "1",
    "directory" : "/tmp",
    "time_based" : "",
    "runtime" : "180",
    "norandommap" : "1",
    "filename" : "/tmp/fio_readwrite",
    "share_mmap" : "1",
    "repl" : "1"
  },
  "jobs" : [
    {
      "jobname" : "writers",
      "groupid" : 0,
      "job_start" : 1771989384455,
      "error" : 0,
      "eta" : 0,
      "elapsed" : 181,
      "job options" : {
        "rw" : "randread",
        "random_distribution" : "random",
        "numjobs" : "54"
      },
      "read" : {
        "io_bytes" : 13636130103296,
        "io_kbytes" : 13316533304,
        "bw_bytes" : 75754174069,
        "bw" : 73978685,
        "iops" : 18494671.403572,
        "runtime" : 180005,
        "total_ios" : 3329133326,
        "short_ios" : 0,
        "drop_ios" : 0,
        "slat_ns" : {
          "min" : 0,
          "max" : 0,
          "mean" : 0.000000,
          "stddev" : 0.000000,
          "N" : 0
        },
        "clat_ns" : {
          "min" : 123,
          "max" : 126078055,
          "mean" : 2211.929135,
          "stddev" : 20129.688404,
          "N" : 3329133326,
          "percentile" : {
            "1.000000" : 940,
            "5.000000" : 1272,
            "10.000000" : 1448,
            "20.000000" : 1656,
            "30.000000" : 1800,
            "40.000000" : 1944,
            "50.000000" : 2064,
            "60.000000" : 2224,
            "70.000000" : 2352,
            "80.000000" : 2576,
            "90.000000" : 2864,
            "95.000000" : 3184,
            "99.000000" : 3984,
            "99.500000" : 4320,
            "99.900000" : 5216,
            "99.950000" : 14400,
            "99.990000" : 24448
          }
        },
        "lat_ns" : {
          "min" : 160,
          "max" : 126078158,
          "mean" : 2288.994475,
          "stddev" : 20198.096335,
          "N" : 3329133326
        },
        "bw_min" : 165760,
        "bw_max" : 90980794,
        "bw_agg" : 100.000000,
        "bw_mean" : 75091144.155367,
        "bw_dev" : 208906.428849,
        "bw_samples" : 19116,
        "iops_min" : 41440,
        "iops_max" : 22745198,
        "iops_mean" : 18772777.881356,
        "iops_stddev" : 52226.594980,
        "iops_samples" : 19116
      },
      "write" : {
        "io_bytes" : 2363763662848,
        "io_kbytes" : 2308362952,
        "bw_bytes" : 13131728532,
        "bw" : 12823953,
        "iops" : 3205988.411369,
        "runtime" : 180004,
        "total_ios" : 577090738,
        "short_ios" : 0,
        "drop_ios" : 0,
        "slat_ns" : {
          "min" : 0,
          "max" : 0,
          "mean" : 0.000000,
          "stddev" : 0.000000,
          "N" : 0
        },
        "clat_ns" : {
          "min" : 124,
          "max" : 124936587,
          "mean" : 2349.516138,
          "stddev" : 20898.956868,
          "N" : 577090738,
          "percentile" : {
            "1.000000" : 1004,
            "5.000000" : 1320,
            "10.000000" : 1496,
            "20.000000" : 1704,
            "30.000000" : 1864,
            "40.000000" : 2008,
            "50.000000" : 2128,
            "60.000000" : 2288,
            "70.000000" : 2448,
            "80.000000" : 2640,
            "90.000000" : 2928,
            "95.000000" : 3216,
            "99.000000" : 4256,
            "99.500000" : 5472,
            "99.900000" : 19840,
            "99.950000" : 54528,
            "99.990000" : 93696
          }
        },
        "lat_ns" : {
          "min" : 174,
          "max" : 124936829,
          "mean" : 2449.086702,
          "stddev" : 21123.339641,
          "N" : 577090738
        },
        "bw_min" : 30960,
        "bw_max" : 15365997,
        "bw_agg" : 100.000000,
        "bw_mean" : 13016808.629944,
        "bw_dev" : 198847.604204,
        "bw_samples" : 3540,
        "iops_min" : 7740,
        "iops_max" : 3841498,
        "iops_mean" : 3254200.324859,
        "iops_stddev" : 49711.873746,
        "iops_samples" : 3540
      },
      "trim" : {
        "io_bytes" : 0,
        "io_kbytes" : 0,
        "bw_bytes" : 0,
        "bw" : 0,
        "iops" : 0.000000,
        "runtime" : 0,
        "total_ios" : 0,
        "short_ios" : 0,
        "drop_ios" : 0,
        "slat_ns" : {
          "min" : 0,
          "max" : 0,
          "mean" : 0.000000,
          "stddev" : 0.000000,
          "N" : 0
        },
        "clat_ns" : {
          "min" : 0,
          "max" : 0,
          "mean" : 0.000000,
          "stddev" : 0.000000,
          "N" : 0
        },
        "lat_ns" : {
          "min" : 0,
          "max" : 0,
          "mean" : 0.000000,
          "stddev" : 0.000000,
          "N" : 0
        },
        "bw_min" : 0,
        "bw_max" : 0,
        "bw_agg" : 0.000000,
        "bw_mean" : 0.000000,
        "bw_dev" : 0.000000,
        "bw_samples" : 0,
        "iops_min" : 0,
        "iops_max" : 0,
        "iops_mean" : 0.000000,
        "iops_stddev" : 0.000000,
        "iops_samples" : 0
      },
      "sync" : {
        "total_ios" : 0,
        "lat_ns" : {
          "min" : 0,
          "max" : 0,
          "mean" : 0.000000,
          "stddev" : 0.000000,
          "N" : 0
        }
      },
      "job_runtime" : 11520072,
      "usr_cpu" : 95.402833,
      "sys_cpu" : 0.709292,
      "ctx" : 859977,
      "majf" : 196600,
      "minf" : 2434970,
      "iodepth_level" : {
        "1" : 100.000000,
        "2" : 0.000000,
        "4" : 0.000000,
        "8" : 0.000000,
        "16" : 0.000000,
        "32" : 0.000000,
        ">=64" : 0.000000
      },
      "iodepth_submit" : {
        "0" : 0.000000,
        "4" : 100.000000,
        "8" : 0.000000,
        "16" : 0.000000,
        "32" : 0.000000,
        "64" : 0.000000,
        ">=64" : 0.000000
      },
      "iodepth_complete" : {
        "0" : 0.000000,
        "4" : 100.000000,
        "8" : 0.000000,
        "16" : 0.000000,
        "32" : 0.000000,
        "64" : 0.000000,
        ">=64" : 0.000000
      },
      "latency_ns" : {
        "2" : 0.000000,
        "4" : 0.000000,
        "10" : 0.000000,
        "20" : 0.000000,
        "50" : 0.000000,
        "100" : 0.000000,
        "250" : 0.027474,
        "500" : 0.043766,
        "750" : 0.216895,
        "1000" : 1.064574
      },
      "latency_us" : {
        "2" : 42.297614,
        "4" : 55.311782,
        "10" : 0.925384,
        "20" : 0.087329,
        "50" : 0.010706,
        "100" : 0.010000,
        "250" : 0.010000,
        "500" : 0.010000,
        "750" : 0.010000,
        "1000" : 0.010000
      },
      "latency_ms" : {
        "2" : 0.010000,
        "4" : 0.010000,
        "10" : 0.010000,
        "20" : 0.010000,
        "50" : 0.010000,
        "100" : 0.010000,
        "250" : 0.010000,
        "500" : 0.000000,
        "750" : 0.000000,
        "1000" : 0.000000,
        "2000" : 0.000000,
        ">=2000" : 0.000000
      },
      "latency_depth" : 1,
      "latency_target" : 0,
      "latency_percentile" : 100.000000,
      "latency_window" : 0
    }
  ],
  "disk_util" : [
    {
      "name" : "sda",
      "read_ios" : 196611,
      "write_ios" : 104496,
      "read_sectors" : 1576368,
      "write_sectors" : 19593928,
      "read_merges" : 307,
      "write_merges" : 4149,
      "read_ticks" : 194252,
      "write_ticks" : 28648857,
      "in_queue" : 28843114,
      "util" : 12.029590
    }
  ]
}
