{
  "fio version" : "fio-3.40",
  "timestamp" : 1772062754,
  "timestamp_ms" : 1772062754056,
  "time" : "Thu Feb 26 00:39:14 2026",
  "global options" : {
    "group_reporting" : "",
    "ioengine" : "mmap",
    "size" : "768m",
    "thread" : "1",
    "directory" : "/tmp",
    "time_based" : "",
    "runtime" : "210",
    "norandommap" : "1",
    "filename" : "/tmp/fio_readwrite",
    "share_mmap" : "1",
    "repl" : "1"
  },
  "jobs" : [
    {
      "jobname" : "writers",
      "groupid" : 0,
      "job_start" : 1772062543769,
      "error" : 0,
      "eta" : 0,
      "elapsed" : 211,
      "job options" : {
        "rw" : "randread",
        "random_distribution" : "random",
        "numjobs" : "38"
      },
      "read" : {
        "io_bytes" : 8007763816448,
        "io_kbytes" : 7820081852,
        "bw_bytes" : 38131845489,
        "bw" : 37238130,
        "iops" : 9309532.590166,
        "runtime" : 210002,
        "total_ios" : 1955020463,
        "short_ios" : 0,
        "drop_ios" : 0,
        "slat_ns" : {
          "min" : 0,
          "max" : 0,
          "mean" : 0.000000,
          "stddev" : 0.000000,
          "N" : 0
        },
        "clat_ns" : {
          "min" : 100,
          "max" : 52034676,
          "mean" : 3274.872944,
          "stddev" : 9213.096166,
          "N" : 1955020463,
          "percentile" : {
            "1.000000" : 532,
            "5.000000" : 1012,
            "10.000000" : 1736,
            "20.000000" : 2288,
            "30.000000" : 2608,
            "40.000000" : 2896,
            "50.000000" : 3120,
            "60.000000" : 3376,
            "70.000000" : 3600,
            "80.000000" : 3888,
            "90.000000" : 4320,
            "95.000000" : 4704,
            "99.000000" : 5600,
            "99.500000" : 6304,
            "99.900000" : 74240,
            "99.950000" : 86528,
            "99.990000" : 150528
          }
        },
        "lat_ns" : {
          "min" : 126,
          "max" : 52035003,
          "mean" : 3344.394328,
          "stddev" : 9226.962497,
          "N" : 1955020463
        },
        "bw_min" : 119520,
        "bw_max" : 51240399,
        "bw_agg" : 100.000000,
        "bw_mean" : 37808572.131068,
        "bw_dev" : 144514.826818,
        "bw_samples" : 15656,
        "iops_min" : 29880,
        "iops_max" : 12810105,
        "iops_mean" : 9452133.332524,
        "iops_stddev" : 36128.683607,
        "iops_samples" : 15656
      },
      "write" : {
        "io_bytes" : 5322729148416,
        "io_kbytes" : 5197977684,
        "bw_bytes" : 25346087886,
        "bw" : 24752038,
        "iops" : 6188009.738002,
        "runtime" : 210002,
        "total_ios" : 1299494421,
        "short_ios" : 0,
        "drop_ios" : 0,
        "slat_ns" : {
          "min" : 0,
          "max" : 0,
          "mean" : 0.000000,
          "stddev" : 0.000000,
          "N" : 0
        },
        "clat_ns" : {
          "min" : 98,
          "max" : 8121584,
          "mean" : 3366.038009,
          "stddev" : 9698.635159,
          "N" : 1299494421,
          "percentile" : {
            "1.000000" : 1240,
            "5.000000" : 1752,
            "10.000000" : 2024,
            "20.000000" : 2352,
            "30.000000" : 2608,
            "40.000000" : 2832,
            "50.000000" : 3056,
            "60.000000" : 3248,
            "70.000000" : 3472,
            "80.000000" : 3728,
            "90.000000" : 4128,
            "95.000000" : 4448,
            "99.000000" : 5216,
            "99.500000" : 6304,
            "99.900000" : 84480,
            "99.950000" : 100864,
            "99.990000" : 179200
          }
        },
        "lat_ns" : {
          "min" : 136,
          "max" : 8133965,
          "mean" : 3464.578273,
          "stddev" : 9718.557810,
          "N" : 1299494421
        },
        "bw_min" : 81152,
        "bw_max" : 27726337,
        "bw_agg" : 100.000000,
        "bw_mean" : 25126510.825243,
        "bw_dev" : 251145.550992,
        "bw_samples" : 10712,
        "iops_min" : 20288,
        "iops_max" : 6931582,
        "iops_mean" : 6281621.769417,
        "iops_stddev" : 62786.362410,
        "iops_samples" : 10712
      },
      "trim" : {
        "io_bytes" : 0,
        "io_kbytes" : 0,
        "bw_bytes" : 0,
        "bw" : 0,
        "iops" : 0.000000,
        "runtime" : 0,
        "total_ios" : 0,
        "short_ios" : 0,
        "drop_ios" : 0,
        "slat_ns" : {
          "min" : 0,
          "max" : 0,
          "mean" : 0.000000,
          "stddev" : 0.000000,
          "N" : 0
        },
        "clat_ns" : {
          "min" : 0,
          "max" : 0,
          "mean" : 0.000000,
          "stddev" : 0.000000,
          "N" : 0
        },
        "lat_ns" : {
          "min" : 0,
          "max" : 0,
          "mean" : 0.000000,
          "stddev" : 0.000000,
          "N" : 0
        },
        "bw_min" : 0,
        "bw_max" : 0,
        "bw_agg" : 0.000000,
        "bw_mean" : 0.000000,
        "bw_dev" : 0.000000,
        "bw_samples" : 0,
        "iops_min" : 0,
        "iops_max" : 0,
        "iops_mean" : 0.000000,
        "iops_stddev" : 0.000000,
        "iops_samples" : 0
      },
      "sync" : {
        "total_ios" : 0,
        "lat_ns" : {
          "min" : 0,
          "max" : 0,
          "mean" : 0.000000,
          "stddev" : 0.000000,
          "N" : 0
        }
      },
      "job_runtime" : 13440007,
      "usr_cpu" : 92.785197,
      "sys_cpu" : 4.441322,
      "ctx" : 1126371,
      "majf" : 188058,
      "minf" : 7219257,
      "iodepth_level" : {
        "1" : 100.000000,
        "2" : 0.000000,
        "4" : 0.000000,
        "8" : 0.000000,
        "16" : 0.000000,
        "32" : 0.000000,
        ">=64" : 0.000000
      },
      "iodepth_submit" : {
        "0" : 0.000000,
        "4" : 100.000000,
        "8" : 0.000000,
        "16" : 0.000000,
        "32" : 0.000000,
        "64" : 0.000000,
        ">=64" : 0.000000
      },
      "iodepth_complete" : {
        "0" : 0.000000,
        "4" : 100.000000,
        "8" : 0.000000,
        "16" : 0.000000,
        "32" : 0.000000,
        "64" : 0.000000,
        ">=64" : 0.000000
      },
      "latency_ns" : {
        "2" : 0.000000,
        "4" : 0.000000,
        "10" : 0.000000,
        "20" : 0.000000,
        "50" : 0.000000,
        "100" : 0.010000,
        "250" : 0.041449,
        "500" : 0.375681,
        "750" : 1.460347,
        "1000" : 1.247985
      },
      "latency_us" : {
        "2" : 9.032747,
        "4" : 72.718405,
        "10" : 14.758739,
        "20" : 0.106262,
        "50" : 0.033751,
        "100" : 0.187595,
        "250" : 0.030923,
        "500" : 0.010000,
        "750" : 0.010000,
        "1000" : 0.010000
      },
      "latency_ms" : {
        "2" : 0.010000,
        "4" : 0.010000,
        "10" : 0.010000,
        "20" : 0.010000,
        "50" : 0.000000,
        "100" : 0.010000,
        "250" : 0.000000,
        "500" : 0.000000,
        "750" : 0.000000,
        "1000" : 0.000000,
        "2000" : 0.000000,
        ">=2000" : 0.000000
      },
      "latency_depth" : 1,
      "latency_target" : 0,
      "latency_percentile" : 100.000000,
      "latency_window" : 0
    }
  ],
  "disk_util" : [
    {
      "name" : "sdb",
      "read_ios" : 188011,
      "write_ios" : 165030,
      "read_sectors" : 1505448,
      "write_sectors" : 3077160,
      "read_merges" : 169,
      "write_merges" : 14116,
      "read_ticks" : 162148,
      "write_ticks" : 5973759,
      "in_queue" : 6135914,
      "util" : 3.130402
    }
  ]
}
