{
  "fio version" : "fio-3.40",
  "timestamp" : 1772051364,
  "timestamp_ms" : 1772051364575,
  "time" : "Wed Feb 25 21:29:24 2026",
  "global options" : {
    "group_reporting" : "",
    "ioengine" : "mmap",
    "size" : "768m",
    "thread" : "1",
    "directory" : "/tmp",
    "time_based" : "",
    "runtime" : "210",
    "norandommap" : "1",
    "filename" : "/tmp/fio_readwrite",
    "share_mmap" : "1",
    "repl" : "1"
  },
  "jobs" : [
    {
      "jobname" : "writers",
      "groupid" : 0,
      "job_start" : 1772051154363,
      "error" : 0,
      "eta" : 0,
      "elapsed" : 211,
      "job options" : {
        "rw" : "randread",
        "random_distribution" : "random",
        "numjobs" : "61"
      },
      "read" : {
        "io_bytes" : 17693699657728,
        "io_kbytes" : 17279003572,
        "bw_bytes" : 84254910228,
        "bw" : 82280185,
        "iops" : 20570046.442415,
        "runtime" : 210002,
        "total_ios" : 4319750893,
        "short_ios" : 0,
        "drop_ios" : 0,
        "slat_ns" : {
          "min" : 0,
          "max" : 0,
          "mean" : 0.000000,
          "stddev" : 0.000000,
          "N" : 0
        },
        "clat_ns" : {
          "min" : 98,
          "max" : 64065499,
          "mean" : 2460.440521,
          "stddev" : 9926.029589,
          "N" : 4319750893,
          "percentile" : {
            "1.000000" : 636,
            "5.000000" : 988,
            "10.000000" : 1208,
            "20.000000" : 1512,
            "30.000000" : 1752,
            "40.000000" : 1976,
            "50.000000" : 2192,
            "60.000000" : 2448,
            "70.000000" : 2704,
            "80.000000" : 3024,
            "90.000000" : 3536,
            "95.000000" : 4016,
            "99.000000" : 5280,
            "99.500000" : 6048,
            "99.900000" : 64256,
            "99.950000" : 91648,
            "99.990000" : 114176
          }
        },
        "lat_ns" : {
          "min" : 125,
          "max" : 64065535,
          "mean" : 2511.310749,
          "stddev" : 9972.958259,
          "N" : 4319750893
        },
        "bw_min" : 5121376,
        "bw_max" : 110726440,
        "bw_agg" : 100.000000,
        "bw_mean" : 82644249.607241,
        "bw_dev" : 224201.566749,
        "bw_samples" : 25460,
        "iops_min" : 1280343,
        "iops_max" : 27681601,
        "iops_mean" : 20661051.707169,
        "iops_stddev" : 56050.374164,
        "iops_samples" : 25460
      },
      "write" : {
        "io_bytes" : 373324308480,
        "io_kbytes" : 364574520,
        "bw_bytes" : 1777717871,
        "bw" : 1736052,
        "iops" : 434013.152256,
        "runtime" : 210002,
        "total_ios" : 91143630,
        "short_ios" : 0,
        "drop_ios" : 0,
        "slat_ns" : {
          "min" : 0,
          "max" : 0,
          "mean" : 0.000000,
          "stddev" : 0.000000,
          "N" : 0
        },
        "clat_ns" : {
          "min" : 104,
          "max" : 8149290,
          "mean" : 6327.299584,
          "stddev" : 21267.202210,
          "N" : 91143630,
          "percentile" : {
            "1.000000" : 1240,
            "5.000000" : 1624,
            "10.000000" : 1816,
            "20.000000" : 2064,
            "30.000000" : 2256,
            "40.000000" : 2448,
            "50.000000" : 2608,
            "60.000000" : 2768,
            "70.000000" : 2960,
            "80.000000" : 3216,
            "90.000000" : 3728,
            "95.000000" : 45312,
            "99.000000" : 83456,
            "99.500000" : 89600,
            "99.900000" : 108032,
            "99.950000" : 132096,
            "99.990000" : 528384
          }
        },
        "lat_ns" : {
          "min" : 146,
          "max" : 8149441,
          "mean" : 6399.360590,
          "stddev" : 21277.971617,
          "N" : 91143630
        },
        "bw_min" : 15712,
        "bw_max" : 3781264,
        "bw_agg" : 100.000000,
        "bw_mean" : 1737168.529833,
        "bw_dev" : 573217.070760,
        "bw_samples" : 1257,
        "iops_min" : 3928,
        "iops_max" : 945316,
        "iops_mean" : 434291.682578,
        "iops_stddev" : 143304.307697,
        "iops_samples" : 1257
      },
      "trim" : {
        "io_bytes" : 0,
        "io_kbytes" : 0,
        "bw_bytes" : 0,
        "bw" : 0,
        "iops" : 0.000000,
        "runtime" : 0,
        "total_ios" : 0,
        "short_ios" : 0,
        "drop_ios" : 0,
        "slat_ns" : {
          "min" : 0,
          "max" : 0,
          "mean" : 0.000000,
          "stddev" : 0.000000,
          "N" : 0
        },
        "clat_ns" : {
          "min" : 0,
          "max" : 0,
          "mean" : 0.000000,
          "stddev" : 0.000000,
          "N" : 0
        },
        "lat_ns" : {
          "min" : 0,
          "max" : 0,
          "mean" : 0.000000,
          "stddev" : 0.000000,
          "N" : 0
        },
        "bw_min" : 0,
        "bw_max" : 0,
        "bw_agg" : 0.000000,
        "bw_mean" : 0.000000,
        "bw_dev" : 0.000000,
        "bw_samples" : 0,
        "iops_min" : 0,
        "iops_max" : 0,
        "iops_mean" : 0.000000,
        "iops_stddev" : 0.000000,
        "iops_samples" : 0
      },
      "sync" : {
        "total_ios" : 0,
        "lat_ns" : {
          "min" : 0,
          "max" : 0,
          "mean" : 0.000000,
          "stddev" : 0.000000,
          "N" : 0
        }
      },
      "job_runtime" : 13440015,
      "usr_cpu" : 92.728408,
      "sys_cpu" : 5.250418,
      "ctx" : 766804,
      "majf" : 196633,
      "minf" : 8992300,
      "iodepth_level" : {
        "1" : 100.000000,
        "2" : 0.000000,
        "4" : 0.000000,
        "8" : 0.000000,
        "16" : 0.000000,
        "32" : 0.000000,
        ">=64" : 0.000000
      },
      "iodepth_submit" : {
        "0" : 0.000000,
        "4" : 100.000000,
        "8" : 0.000000,
        "16" : 0.000000,
        "32" : 0.000000,
        "64" : 0.000000,
        ">=64" : 0.000000
      },
      "iodepth_complete" : {
        "0" : 0.000000,
        "4" : 100.000000,
        "8" : 0.000000,
        "16" : 0.000000,
        "32" : 0.000000,
        "64" : 0.000000,
        ">=64" : 0.000000
      },
      "latency_ns" : {
        "2" : 0.000000,
        "4" : 0.000000,
        "10" : 0.000000,
        "20" : 0.000000,
        "50" : 0.000000,
        "100" : 0.010000,
        "250" : 0.044789,
        "500" : 0.325600,
        "750" : 1.425015,
        "1000" : 3.316713
      },
      "latency_us" : {
        "2" : 35.328872,
        "4" : 54.458293,
        "10" : 4.722396,
        "20" : 0.161935,
        "50" : 0.012277,
        "100" : 0.173888,
        "250" : 0.025363,
        "500" : 0.010000,
        "750" : 0.010000,
        "1000" : 0.010000
      },
      "latency_ms" : {
        "2" : 0.010000,
        "4" : 0.010000,
        "10" : 0.010000,
        "20" : 0.010000,
        "50" : 0.010000,
        "100" : 0.010000,
        "250" : 0.000000,
        "500" : 0.000000,
        "750" : 0.000000,
        "1000" : 0.000000,
        "2000" : 0.000000,
        ">=2000" : 0.000000
      },
      "latency_depth" : 1,
      "latency_target" : 0,
      "latency_percentile" : 100.000000,
      "latency_window" : 0
    }
  ],
  "disk_util" : [
    {
      "name" : "sdb",
      "read_ios" : 196621,
      "write_ios" : 216804,
      "read_sectors" : 1574200,
      "write_sectors" : 8311344,
      "read_merges" : 153,
      "write_merges" : 695,
      "read_ticks" : 184283,
      "write_ticks" : 515470,
      "in_queue" : 699761,
      "util" : 5.357075
    }
  ]
}
