{
  "fio version" : "fio-3.40",
  "timestamp" : 1771882164,
  "timestamp_ms" : 1771882164382,
  "time" : "Mon Feb 23 22:29:24 2026",
  "global options" : {
    "group_reporting" : "",
    "ioengine" : "mmap",
    "size" : "768m",
    "thread" : "1",
    "directory" : "/tmp",
    "time_based" : "",
    "runtime" : "180",
    "norandommap" : "1",
    "filename" : "/tmp/fio_readwrite",
    "share_mmap" : "1",
    "repl" : "1"
  },
  "jobs" : [
    {
      "jobname" : "writers",
      "groupid" : 0,
      "job_start" : 1771881984200,
      "error" : 0,
      "eta" : 0,
      "elapsed" : 181,
      "job options" : {
        "rw" : "randread",
        "random_distribution" : "random",
        "numjobs" : "45"
      },
      "read" : {
        "io_bytes" : 8692948500480,
        "io_kbytes" : 8489207520,
        "bw_bytes" : 48293085156,
        "bw" : 47161215,
        "iops" : 11790303.993245,
        "runtime" : 180004,
        "total_ios" : 2122301880,
        "short_ios" : 0,
        "drop_ios" : 0,
        "slat_ns" : {
          "min" : 0,
          "max" : 0,
          "mean" : 0.000000,
          "stddev" : 0.000000,
          "N" : 0
        },
        "clat_ns" : {
          "min" : 126,
          "max" : 35507761,
          "mean" : 3000.343519,
          "stddev" : 11524.762661,
          "N" : 2122301880,
          "percentile" : {
            "1.000000" : 524,
            "5.000000" : 692,
            "10.000000" : 956,
            "20.000000" : 1864,
            "30.000000" : 2288,
            "40.000000" : 2608,
            "50.000000" : 2864,
            "60.000000" : 3120,
            "70.000000" : 3376,
            "80.000000" : 3664,
            "90.000000" : 4080,
            "95.000000" : 4448,
            "99.000000" : 5344,
            "99.500000" : 6112,
            "99.900000" : 74240,
            "99.950000" : 84480,
            "99.990000" : 144384
          }
        },
        "lat_ns" : {
          "min" : 162,
          "max" : 35507807,
          "mean" : 3087.127395,
          "stddev" : 11593.920566,
          "N" : 2122301880
        },
        "bw_min" : 230656,
        "bw_max" : 66715651,
        "bw_agg" : 100.000000,
        "bw_mean" : 47871527.313559,
        "bw_dev" : 200850.249437,
        "bw_samples" : 15930,
        "iops_min" : 57664,
        "iops_max" : 16678892,
        "iops_mean" : 11967871.500000,
        "iops_stddev" : 50212.537785,
        "iops_samples" : 15930
      },
      "write" : {
        "io_bytes" : 3290697281536,
        "io_kbytes" : 3213571564,
        "bw_bytes" : 18281245314,
        "bw" : 17852778,
        "iops" : 4463194.656785,
        "runtime" : 180004,
        "total_ios" : 803392891,
        "short_ios" : 0,
        "drop_ios" : 0,
        "slat_ns" : {
          "min" : 0,
          "max" : 0,
          "mean" : 0.000000,
          "stddev" : 0.000000,
          "N" : 0
        },
        "clat_ns" : {
          "min" : 125,
          "max" : 23058319,
          "mean" : 3377.219070,
          "stddev" : 13023.406613,
          "N" : 803392891,
          "percentile" : {
            "1.000000" : 1256,
            "5.000000" : 1672,
            "10.000000" : 1880,
            "20.000000" : 2192,
            "30.000000" : 2384,
            "40.000000" : 2608,
            "50.000000" : 2800,
            "60.000000" : 2992,
            "70.000000" : 3184,
            "80.000000" : 3472,
            "90.000000" : 3824,
            "95.000000" : 4128,
            "99.000000" : 5216,
            "99.500000" : 64256,
            "99.900000" : 85504,
            "99.950000" : 105984,
            "99.990000" : 185344
          }
        },
        "lat_ns" : {
          "min" : 178,
          "max" : 23058421,
          "mean" : 3484.284834,
          "stddev" : 13032.343870,
          "N" : 803392891
        },
        "bw_min" : 96120,
        "bw_max" : 21378210,
        "bw_agg" : 100.000000,
        "bw_mean" : 18121535.629944,
        "bw_dev" : 347596.340882,
        "bw_samples" : 6726,
        "iops_min" : 24030,
        "iops_max" : 5344555,
        "iops_mean" : 4530380.076271,
        "iops_stddev" : 86899.086389,
        "iops_samples" : 6726
      },
      "trim" : {
        "io_bytes" : 0,
        "io_kbytes" : 0,
        "bw_bytes" : 0,
        "bw" : 0,
        "iops" : 0.000000,
        "runtime" : 0,
        "total_ios" : 0,
        "short_ios" : 0,
        "drop_ios" : 0,
        "slat_ns" : {
          "min" : 0,
          "max" : 0,
          "mean" : 0.000000,
          "stddev" : 0.000000,
          "N" : 0
        },
        "clat_ns" : {
          "min" : 0,
          "max" : 0,
          "mean" : 0.000000,
          "stddev" : 0.000000,
          "N" : 0
        },
        "lat_ns" : {
          "min" : 0,
          "max" : 0,
          "mean" : 0.000000,
          "stddev" : 0.000000,
          "N" : 0
        },
        "bw_min" : 0,
        "bw_max" : 0,
        "bw_agg" : 0.000000,
        "bw_mean" : 0.000000,
        "bw_dev" : 0.000000,
        "bw_samples" : 0,
        "iops_min" : 0,
        "iops_max" : 0,
        "iops_mean" : 0.000000,
        "iops_stddev" : 0.000000,
        "iops_samples" : 0
      },
      "sync" : {
        "total_ios" : 0,
        "lat_ns" : {
          "min" : 0,
          "max" : 0,
          "mean" : 0.000000,
          "stddev" : 0.000000,
          "N" : 0
        }
      },
      "job_runtime" : 11520064,
      "usr_cpu" : 90.236417,
      "sys_cpu" : 6.620710,
      "ctx" : 989112,
      "majf" : 193345,
      "minf" : 10376647,
      "iodepth_level" : {
        "1" : 100.000000,
        "2" : 0.000000,
        "4" : 0.000000,
        "8" : 0.000000,
        "16" : 0.000000,
        "32" : 0.000000,
        ">=64" : 0.000000
      },
      "iodepth_submit" : {
        "0" : 0.000000,
        "4" : 100.000000,
        "8" : 0.000000,
        "16" : 0.000000,
        "32" : 0.000000,
        "64" : 0.000000,
        ">=64" : 0.000000
      },
      "iodepth_complete" : {
        "0" : 0.000000,
        "4" : 100.000000,
        "8" : 0.000000,
        "16" : 0.000000,
        "32" : 0.000000,
        "64" : 0.000000,
        ">=64" : 0.000000
      },
      "latency_ns" : {
        "2" : 0.000000,
        "4" : 0.000000,
        "10" : 0.000000,
        "20" : 0.000000,
        "50" : 0.000000,
        "100" : 0.000000,
        "250" : 0.029856,
        "500" : 0.328830,
        "750" : 4.150080,
        "1000" : 3.306694
      },
      "latency_us" : {
        "2" : 12.401197,
        "4" : 69.663639,
        "10" : 9.685162,
        "20" : 0.066587,
        "50" : 0.013739,
        "100" : 0.320239,
        "250" : 0.026970,
        "500" : 0.010000,
        "750" : 0.010000,
        "1000" : 0.010000
      },
      "latency_ms" : {
        "2" : 0.010000,
        "4" : 0.010000,
        "10" : 0.010000,
        "20" : 0.010000,
        "50" : 0.010000,
        "100" : 0.000000,
        "250" : 0.000000,
        "500" : 0.000000,
        "750" : 0.000000,
        "1000" : 0.000000,
        "2000" : 0.000000,
        ">=2000" : 0.000000
      },
      "latency_depth" : 1,
      "latency_target" : 0,
      "latency_percentile" : 100.000000,
      "latency_window" : 0
    }
  ],
  "disk_util" : [
    {
      "name" : "sda",
      "read_ios" : 193293,
      "write_ios" : 190017,
      "read_sectors" : 1548032,
      "write_sectors" : 5295416,
      "read_merges" : 211,
      "write_merges" : 11614,
      "read_ticks" : 166580,
      "write_ticks" : 4159023,
      "in_queue" : 4325611,
      "util" : 5.528343
    }
  ]
}
