{
  "fio version" : "fio-3.40",
  "timestamp" : 1764780624,
  "timestamp_ms" : 1764780624977,
  "time" : "Wed Dec  3 17:50:24 2025",
  "global options" : {
    "group_reporting" : "",
    "ioengine" : "mmap",
    "size" : "768m",
    "thread" : "1",
    "directory" : "/tmp",
    "time_based" : "",
    "runtime" : "180",
    "norandommap" : "1",
    "filename" : "/tmp/fio_readwrite",
    "share_mmap" : "1",
    "repl" : "1"
  },
  "jobs" : [
    {
      "jobname" : "writers",
      "groupid" : 0,
      "job_start" : 1764780444685,
      "error" : 0,
      "eta" : 0,
      "elapsed" : 181,
      "job options" : {
        "rw" : "randread",
        "random_distribution" : "random",
        "numjobs" : "38"
      },
      "read" : {
        "io_bytes" : 8193667190784,
        "io_kbytes" : 8001628116,
        "bw_bytes" : 45519614621,
        "bw" : 44452748,
        "iops" : 11113187.163547,
        "runtime" : 180003,
        "total_ios" : 2000407029,
        "short_ios" : 0,
        "drop_ios" : 0,
        "slat_ns" : {
          "min" : 0,
          "max" : 0,
          "mean" : 0.000000,
          "stddev" : 0.000000,
          "N" : 0
        },
        "clat_ns" : {
          "min" : 99,
          "max" : 59716019,
          "mean" : 2730.911100,
          "stddev" : 11562.852177,
          "N" : 2000407029,
          "percentile" : {
            "1.000000" : 1080,
            "5.000000" : 1512,
            "10.000000" : 1752,
            "20.000000" : 2024,
            "30.000000" : 2256,
            "40.000000" : 2416,
            "50.000000" : 2576,
            "60.000000" : 2768,
            "70.000000" : 2960,
            "80.000000" : 3184,
            "90.000000" : 3568,
            "95.000000" : 3920,
            "99.000000" : 4832,
            "99.500000" : 5344,
            "99.900000" : 16768,
            "99.950000" : 18048,
            "99.990000" : 27776
          }
        },
        "lat_ns" : {
          "min" : 125,
          "max" : 59716059,
          "mean" : 2790.103092,
          "stddev" : 11611.122134,
          "N" : 2000407029
        },
        "bw_min" : 91072,
        "bw_max" : 52823884,
        "bw_agg" : 100.000000,
        "bw_mean" : 45248788.247159,
        "bw_dev" : 178776.827824,
        "bw_samples" : 13376,
        "iops_min" : 22768,
        "iops_max" : 13205972,
        "iops_mean" : 11312190.130682,
        "iops_stddev" : 44694.185458,
        "iops_samples" : 13376
      },
      "write" : {
        "io_bytes" : 5198248824832,
        "io_kbytes" : 5076414868,
        "bw_bytes" : 28878518393,
        "bw" : 28201678,
        "iops" : 7050419.529566,
        "runtime" : 180004,
        "total_ios" : 1269103717,
        "short_ios" : 0,
        "drop_ios" : 0,
        "slat_ns" : {
          "min" : 0,
          "max" : 0,
          "mean" : 0.000000,
          "stddev" : 0.000000,
          "N" : 0
        },
        "clat_ns" : {
          "min" : 98,
          "max" : 100028812,
          "mean" : 2742.956251,
          "stddev" : 18731.075792,
          "N" : 1269103717,
          "percentile" : {
            "1.000000" : 1048,
            "5.000000" : 1432,
            "10.000000" : 1640,
            "20.000000" : 1912,
            "30.000000" : 2128,
            "40.000000" : 2288,
            "50.000000" : 2480,
            "60.000000" : 2672,
            "70.000000" : 2864,
            "80.000000" : 3120,
            "90.000000" : 3472,
            "95.000000" : 3824,
            "99.000000" : 4832,
            "99.500000" : 5792,
            "99.900000" : 26240,
            "99.950000" : 70144,
            "99.990000" : 146432
          }
        },
        "lat_ns" : {
          "min" : 135,
          "max" : 100028857,
          "mean" : 2847.682089,
          "stddev" : 18953.698528,
          "N" : 1269103717
        },
        "bw_min" : 61744,
        "bw_max" : 38986003,
        "bw_agg" : 100.000000,
        "bw_mean" : 28703604.838068,
        "bw_dev" : 177516.912720,
        "bw_samples" : 9152,
        "iops_min" : 15436,
        "iops_max" : 9746499,
        "iops_mean" : 7175896.593750,
        "iops_stddev" : 44379.210670,
        "iops_samples" : 9152
      },
      "trim" : {
        "io_bytes" : 0,
        "io_kbytes" : 0,
        "bw_bytes" : 0,
        "bw" : 0,
        "iops" : 0.000000,
        "runtime" : 0,
        "total_ios" : 0,
        "short_ios" : 0,
        "drop_ios" : 0,
        "slat_ns" : {
          "min" : 0,
          "max" : 0,
          "mean" : 0.000000,
          "stddev" : 0.000000,
          "N" : 0
        },
        "clat_ns" : {
          "min" : 0,
          "max" : 0,
          "mean" : 0.000000,
          "stddev" : 0.000000,
          "N" : 0
        },
        "lat_ns" : {
          "min" : 0,
          "max" : 0,
          "mean" : 0.000000,
          "stddev" : 0.000000,
          "N" : 0
        },
        "bw_min" : 0,
        "bw_max" : 0,
        "bw_agg" : 0.000000,
        "bw_mean" : 0.000000,
        "bw_dev" : 0.000000,
        "bw_samples" : 0,
        "iops_min" : 0,
        "iops_max" : 0,
        "iops_mean" : 0.000000,
        "iops_stddev" : 0.000000,
        "iops_samples" : 0
      },
      "sync" : {
        "total_ios" : 0,
        "lat_ns" : {
          "min" : 0,
          "max" : 0,
          "mean" : 0.000000,
          "stddev" : 0.000000,
          "N" : 0
        }
      },
      "job_runtime" : 11520025,
      "usr_cpu" : 94.619239,
      "sys_cpu" : 0.944972,
      "ctx" : 1234228,
      "majf" : 196606,
      "minf" : 2428066,
      "iodepth_level" : {
        "1" : 100.000000,
        "2" : 0.000000,
        "4" : 0.000000,
        "8" : 0.000000,
        "16" : 0.000000,
        "32" : 0.000000,
        ">=64" : 0.000000
      },
      "iodepth_submit" : {
        "0" : 0.000000,
        "4" : 100.000000,
        "8" : 0.000000,
        "16" : 0.000000,
        "32" : 0.000000,
        "64" : 0.000000,
        ">=64" : 0.000000
      },
      "iodepth_complete" : {
        "0" : 0.000000,
        "4" : 100.000000,
        "8" : 0.000000,
        "16" : 0.000000,
        "32" : 0.000000,
        "64" : 0.000000,
        ">=64" : 0.000000
      },
      "latency_ns" : {
        "2" : 0.000000,
        "4" : 0.000000,
        "10" : 0.000000,
        "20" : 0.000000,
        "50" : 0.000000,
        "100" : 0.010000,
        "250" : 0.038972,
        "500" : 0.031156,
        "750" : 0.118431,
        "1000" : 0.535089
      },
      "latency_us" : {
        "2" : 20.118533,
        "4" : 75.143226,
        "10" : 3.741002,
        "20" : 0.204484,
        "50" : 0.037812,
        "100" : 0.019908,
        "250" : 0.010000,
        "500" : 0.010000,
        "750" : 0.010000,
        "1000" : 0.010000
      },
      "latency_ms" : {
        "2" : 0.010000,
        "4" : 0.010000,
        "10" : 0.010000,
        "20" : 0.010000,
        "50" : 0.010000,
        "100" : 0.010000,
        "250" : 0.010000,
        "500" : 0.000000,
        "750" : 0.000000,
        "1000" : 0.000000,
        "2000" : 0.000000,
        ">=2000" : 0.000000
      },
      "latency_depth" : 1,
      "latency_target" : 0,
      "latency_percentile" : 100.000000,
      "latency_window" : 0
    }
  ],
  "disk_util" : [
    {
      "name" : "sdb",
      "read_ios" : 196614,
      "write_ios" : 224664,
      "read_sectors" : 1578416,
      "write_sectors" : 19959072,
      "read_merges" : 338,
      "write_merges" : 17972,
      "read_ticks" : 194025,
      "write_ticks" : 28239527,
      "in_queue" : 28433559,
      "util" : 12.732084
    }
  ]
}
