{
  "fio version" : "fio-3.40",
  "timestamp" : 1772002227,
  "timestamp_ms" : 1772002227421,
  "time" : "Wed Feb 25 07:50:27 2026",
  "global options" : {
    "group_reporting" : "",
    "ioengine" : "mmap",
    "size" : "768m",
    "thread" : "1",
    "directory" : "/tmp",
    "time_based" : "",
    "runtime" : "180",
    "norandommap" : "1",
    "filename" : "/tmp/fio_readwrite",
    "share_mmap" : "1",
    "repl" : "1"
  },
  "jobs" : [
    {
      "jobname" : "writers",
      "groupid" : 0,
      "job_start" : 1772002047190,
      "error" : 0,
      "eta" : 0,
      "elapsed" : 181,
      "job options" : {
        "rw" : "randread",
        "random_distribution" : "random",
        "numjobs" : "13"
      },
      "read" : {
        "io_bytes" : 2211655569408,
        "io_kbytes" : 2159819892,
        "bw_bytes" : 12286838865,
        "bw" : 11998866,
        "iops" : 2999716.519816,
        "runtime" : 180002,
        "total_ios" : 539954973,
        "short_ios" : 0,
        "drop_ios" : 0,
        "slat_ns" : {
          "min" : 0,
          "max" : 0,
          "mean" : 0.000000,
          "stddev" : 0.000000,
          "N" : 0
        },
        "clat_ns" : {
          "min" : 124,
          "max" : 8062727,
          "mean" : 3216.856097,
          "stddev" : 13522.880618,
          "N" : 539954973,
          "percentile" : {
            "1.000000" : 1080,
            "5.000000" : 1608,
            "10.000000" : 1912,
            "20.000000" : 2288,
            "30.000000" : 2544,
            "40.000000" : 2800,
            "50.000000" : 3024,
            "60.000000" : 3280,
            "70.000000" : 3568,
            "80.000000" : 3888,
            "90.000000" : 4384,
            "95.000000" : 4832,
            "99.000000" : 5920,
            "99.500000" : 6432,
            "99.900000" : 9408,
            "99.950000" : 20864,
            "99.990000" : 125440
          }
        },
        "lat_ns" : {
          "min" : 161,
          "max" : 8062805,
          "mean" : 3316.488455,
          "stddev" : 13643.782906,
          "N" : 539954973
        },
        "bw_min" : 44800,
        "bw_max" : 14765950,
        "bw_agg" : 100.000000,
        "bw_mean" : 12111871.348315,
        "bw_dev" : 130158.368413,
        "bw_samples" : 4628,
        "iops_min" : 11200,
        "iops_max" : 3691490,
        "iops_mean" : 3027965.036517,
        "iops_stddev" : 32539.576328,
        "iops_samples" : 4628
      },
      "write" : {
        "io_bytes" : 8827287683072,
        "io_kbytes" : 8620398128,
        "bw_bytes" : 49039397363,
        "bw" : 47890036,
        "iops" : 11972509.122020,
        "runtime" : 180004,
        "total_ios" : 2155099532,
        "short_ios" : 0,
        "drop_ios" : 0,
        "slat_ns" : {
          "min" : 0,
          "max" : 0,
          "mean" : 0.000000,
          "stddev" : 0.000000,
          "N" : 0
        },
        "clat_ns" : {
          "min" : 123,
          "max" : 84328965,
          "mean" : 3063.999664,
          "stddev" : 14517.279438,
          "N" : 2155099532,
          "percentile" : {
            "1.000000" : 996,
            "5.000000" : 1432,
            "10.000000" : 1720,
            "20.000000" : 2096,
            "30.000000" : 2352,
            "40.000000" : 2608,
            "50.000000" : 2832,
            "60.000000" : 3056,
            "70.000000" : 3344,
            "80.000000" : 3664,
            "90.000000" : 4128,
            "95.000000" : 4576,
            "99.000000" : 5664,
            "99.500000" : 6240,
            "99.900000" : 22912,
            "99.950000" : 69120,
            "99.990000" : 193536
          }
        },
        "lat_ns" : {
          "min" : 172,
          "max" : 84329721,
          "mean" : 3202.050017,
          "stddev" : 14734.442081,
          "N" : 2155099532
        },
        "bw_min" : 175488,
        "bw_max" : 57408133,
        "bw_agg" : 100.000000,
        "bw_mean" : 48341182.654494,
        "bw_dev" : 135139.339877,
        "bw_samples" : 18156,
        "iops_min" : 43872,
        "iops_max" : 14352019,
        "iops_mean" : 12085286.053371,
        "iops_stddev" : 33784.805459,
        "iops_samples" : 18156
      },
      "trim" : {
        "io_bytes" : 0,
        "io_kbytes" : 0,
        "bw_bytes" : 0,
        "bw" : 0,
        "iops" : 0.000000,
        "runtime" : 0,
        "total_ios" : 0,
        "short_ios" : 0,
        "drop_ios" : 0,
        "slat_ns" : {
          "min" : 0,
          "max" : 0,
          "mean" : 0.000000,
          "stddev" : 0.000000,
          "N" : 0
        },
        "clat_ns" : {
          "min" : 0,
          "max" : 0,
          "mean" : 0.000000,
          "stddev" : 0.000000,
          "N" : 0
        },
        "lat_ns" : {
          "min" : 0,
          "max" : 0,
          "mean" : 0.000000,
          "stddev" : 0.000000,
          "N" : 0
        },
        "bw_min" : 0,
        "bw_max" : 0,
        "bw_agg" : 0.000000,
        "bw_mean" : 0.000000,
        "bw_dev" : 0.000000,
        "bw_samples" : 0,
        "iops_min" : 0,
        "iops_max" : 0,
        "iops_mean" : 0.000000,
        "iops_stddev" : 0.000000,
        "iops_samples" : 0
      },
      "sync" : {
        "total_ios" : 0,
        "lat_ns" : {
          "min" : 0,
          "max" : 0,
          "mean" : 0.000000,
          "stddev" : 0.000000,
          "N" : 0
        }
      },
      "job_runtime" : 11520025,
      "usr_cpu" : 95.555687,
      "sys_cpu" : 1.105345,
      "ctx" : 756002,
      "majf" : 196629,
      "minf" : 1851361,
      "iodepth_level" : {
        "1" : 100.000000,
        "2" : 0.000000,
        "4" : 0.000000,
        "8" : 0.000000,
        "16" : 0.000000,
        "32" : 0.000000,
        ">=64" : 0.000000
      },
      "iodepth_submit" : {
        "0" : 0.000000,
        "4" : 100.000000,
        "8" : 0.000000,
        "16" : 0.000000,
        "32" : 0.000000,
        "64" : 0.000000,
        ">=64" : 0.000000
      },
      "iodepth_complete" : {
        "0" : 0.000000,
        "4" : 100.000000,
        "8" : 0.000000,
        "16" : 0.000000,
        "32" : 0.000000,
        "64" : 0.000000,
        ">=64" : 0.000000
      },
      "latency_ns" : {
        "2" : 0.000000,
        "4" : 0.000000,
        "10" : 0.000000,
        "20" : 0.000000,
        "50" : 0.000000,
        "100" : 0.000000,
        "250" : 0.021980,
        "500" : 0.034358,
        "750" : 0.158302,
        "1000" : 0.731723
      },
      "latency_us" : {
        "2" : 15.178372,
        "4" : 70.295476,
        "10" : 13.422014,
        "20" : 0.046398,
        "50" : 0.065774,
        "100" : 0.020534,
        "250" : 0.015849,
        "500" : 0.010000,
        "750" : 0.010000,
        "1000" : 0.010000
      },
      "latency_ms" : {
        "2" : 0.010000,
        "4" : 0.010000,
        "10" : 0.010000,
        "20" : 0.010000,
        "50" : 0.010000,
        "100" : 0.010000,
        "250" : 0.000000,
        "500" : 0.000000,
        "750" : 0.000000,
        "1000" : 0.000000,
        "2000" : 0.000000,
        ">=2000" : 0.000000
      },
      "latency_depth" : 1,
      "latency_target" : 0,
      "latency_percentile" : 100.000000,
      "latency_window" : 0
    }
  ],
  "disk_util" : [
    {
      "name" : "sda",
      "read_ios" : 196573,
      "write_ios" : 111035,
      "read_sectors" : 1574312,
      "write_sectors" : 15259440,
      "read_merges" : 216,
      "write_merges" : 9477,
      "read_ticks" : 154913,
      "write_ticks" : 31056237,
      "in_queue" : 31211159,
      "util" : 9.643382
    }
  ]
}
