{
  "fio version" : "fio-3.40",
  "timestamp" : 1771886325,
  "timestamp_ms" : 1771886325201,
  "time" : "Mon Feb 23 23:38:45 2026",
  "global options" : {
    "group_reporting" : "",
    "ioengine" : "mmap",
    "size" : "768m",
    "thread" : "1",
    "directory" : "/tmp",
    "time_based" : "",
    "runtime" : "180",
    "norandommap" : "1",
    "filename" : "/tmp/fio_readwrite",
    "share_mmap" : "1",
    "repl" : "1"
  },
  "jobs" : [
    {
      "jobname" : "writers",
      "groupid" : 0,
      "job_start" : 1771886145122,
      "error" : 0,
      "eta" : 0,
      "elapsed" : 181,
      "job options" : {
        "rw" : "randread",
        "random_distribution" : "random",
        "numjobs" : "26"
      },
      "read" : {
        "io_bytes" : 1026906669056,
        "io_kbytes" : 1002838544,
        "bw_bytes" : 5704941967,
        "bw" : 5571232,
        "iops" : 1392808.097643,
        "runtime" : 180003,
        "total_ios" : 250709636,
        "short_ios" : 0,
        "drop_ios" : 0,
        "slat_ns" : {
          "min" : 0,
          "max" : 0,
          "mean" : 0.000000,
          "stddev" : 0.000000,
          "N" : 0
        },
        "clat_ns" : {
          "min" : 126,
          "max" : 116889101,
          "mean" : 17870.113311,
          "stddev" : 56749.352819,
          "N" : 250709636,
          "percentile" : {
            "1.000000" : 478,
            "5.000000" : 540,
            "10.000000" : 580,
            "20.000000" : 636,
            "30.000000" : 708,
            "40.000000" : 796,
            "50.000000" : 876,
            "60.000000" : 972,
            "70.000000" : 1160,
            "80.000000" : 4256,
            "90.000000" : 84480,
            "95.000000" : 97792,
            "99.000000" : 148480,
            "99.500000" : 181248,
            "99.900000" : 264192,
            "99.950000" : 317440,
            "99.990000" : 1269760
          }
        },
        "lat_ns" : {
          "min" : 164,
          "max" : 116889194,
          "mean" : 17945.450602,
          "stddev" : 56791.930991,
          "N" : 250709636
        },
        "bw_min" : 391666,
        "bw_max" : 8857230,
        "bw_agg" : 100.000000,
        "bw_mean" : 5620222.031845,
        "bw_dev" : 55887.844367,
        "bw_samples" : 9274,
        "iops_min" : 97916,
        "iops_max" : 2214307,
        "iops_mean" : 1405052.387484,
        "iops_stddev" : 13971.954626,
        "iops_samples" : 9274
      },
      "write" : {
        "io_bytes" : 291832406016,
        "io_kbytes" : 284992584,
        "bw_bytes" : 1621264123,
        "bw" : 1583265,
        "iops" : 395816.436393,
        "runtime" : 180003,
        "total_ios" : 71248146,
        "short_ios" : 0,
        "drop_ios" : 0,
        "slat_ns" : {
          "min" : 0,
          "max" : 0,
          "mean" : 0.000000,
          "stddev" : 0.000000,
          "N" : 0
        },
        "clat_ns" : {
          "min" : 134,
          "max" : 88296901,
          "mean" : 94739.744824,
          "stddev" : 98728.585409,
          "N" : 71248146,
          "percentile" : {
            "1.000000" : 596,
            "5.000000" : 716,
            "10.000000" : 876,
            "20.000000" : 4832,
            "30.000000" : 76288,
            "40.000000" : 82432,
            "50.000000" : 88576,
            "60.000000" : 95744,
            "70.000000" : 109056,
            "80.000000" : 150528,
            "90.000000" : 175104,
            "95.000000" : 197632,
            "99.000000" : 264192,
            "99.500000" : 305152,
            "99.900000" : 774144,
            "99.950000" : 1105920,
            "99.990000" : 4112384
          }
        },
        "lat_ns" : {
          "min" : 192,
          "max" : 88297049,
          "mean" : 94907.105557,
          "stddev" : 98758.275097,
          "N" : 71248146
        },
        "bw_min" : 217604,
        "bw_max" : 2046699,
        "bw_agg" : 100.000000,
        "bw_mean" : 1589774.125790,
        "bw_dev" : 5951.720895,
        "bw_samples" : 13606,
        "iops_min" : 54400,
        "iops_max" : 511671,
        "iops_mean" : 397439.084649,
        "iops_stddev" : 1487.922244,
        "iops_samples" : 13606
      },
      "trim" : {
        "io_bytes" : 0,
        "io_kbytes" : 0,
        "bw_bytes" : 0,
        "bw" : 0,
        "iops" : 0.000000,
        "runtime" : 0,
        "total_ios" : 0,
        "short_ios" : 0,
        "drop_ios" : 0,
        "slat_ns" : {
          "min" : 0,
          "max" : 0,
          "mean" : 0.000000,
          "stddev" : 0.000000,
          "N" : 0
        },
        "clat_ns" : {
          "min" : 0,
          "max" : 0,
          "mean" : 0.000000,
          "stddev" : 0.000000,
          "N" : 0
        },
        "lat_ns" : {
          "min" : 0,
          "max" : 0,
          "mean" : 0.000000,
          "stddev" : 0.000000,
          "N" : 0
        },
        "bw_min" : 0,
        "bw_max" : 0,
        "bw_agg" : 0.000000,
        "bw_mean" : 0.000000,
        "bw_dev" : 0.000000,
        "bw_samples" : 0,
        "iops_min" : 0,
        "iops_max" : 0,
        "iops_mean" : 0.000000,
        "iops_stddev" : 0.000000,
        "iops_samples" : 0
      },
      "sync" : {
        "total_ios" : 0,
        "lat_ns" : {
          "min" : 0,
          "max" : 0,
          "mean" : 0.000000,
          "stddev" : 0.000000,
          "N" : 0
        }
      },
      "job_runtime" : 11520023,
      "usr_cpu" : 6.224918,
      "sys_cpu" : 90.905122,
      "ctx" : 720550,
      "majf" : 196629,
      "minf" : 99638861,
      "iodepth_level" : {
        "1" : 100.000000,
        "2" : 0.000000,
        "4" : 0.000000,
        "8" : 0.000000,
        "16" : 0.000000,
        "32" : 0.000000,
        ">=64" : 0.000000
      },
      "iodepth_submit" : {
        "0" : 0.000000,
        "4" : 100.000000,
        "8" : 0.000000,
        "16" : 0.000000,
        "32" : 0.000000,
        "64" : 0.000000,
        ">=64" : 0.000000
      },
      "iodepth_complete" : {
        "0" : 0.000000,
        "4" : 100.000000,
        "8" : 0.000000,
        "16" : 0.000000,
        "32" : 0.000000,
        "64" : 0.000000,
        ">=64" : 0.000000
      },
      "latency_ns" : {
        "2" : 0.000000,
        "4" : 0.000000,
        "10" : 0.000000,
        "20" : 0.000000,
        "50" : 0.000000,
        "100" : 0.000000,
        "250" : 0.021085,
        "500" : 1.377542,
        "750" : 27.106891,
        "1000" : 22.937476
      },
      "latency_us" : {
        "2" : 10.363778,
        "4" : 4.408945,
        "10" : 2.758801,
        "20" : 0.033702,
        "50" : 0.038423,
        "100" : 19.455505,
        "250" : 11.085688,
        "500" : 0.352350,
        "750" : 0.020728,
        "1000" : 0.015804
      },
      "latency_ms" : {
        "2" : 0.010566,
        "4" : 0.010000,
        "10" : 0.010000,
        "20" : 0.010000,
        "50" : 0.010000,
        "100" : 0.010000,
        "250" : 0.010000,
        "500" : 0.000000,
        "750" : 0.000000,
        "1000" : 0.000000,
        "2000" : 0.000000,
        ">=2000" : 0.000000
      },
      "latency_depth" : 1,
      "latency_target" : 0,
      "latency_percentile" : 100.000000,
      "latency_window" : 0
    }
  ],
  "disk_util" : [
    {
      "name" : "sda",
      "read_ios" : 196635,
      "write_ios" : 73415,
      "read_sectors" : 1574440,
      "write_sectors" : 26616720,
      "read_merges" : 170,
      "write_merges" : 576,
      "read_ticks" : 171530,
      "write_ticks" : 45689569,
      "in_queue" : 45861107,
      "util" : 16.662398
    }
  ]
}
