{
  "fio version" : "fio-3.40",
  "timestamp" : 1772067182,
  "timestamp_ms" : 1772067182682,
  "time" : "Thu Feb 26 01:53:02 2026",
  "global options" : {
    "group_reporting" : "",
    "ioengine" : "mmap",
    "size" : "768m",
    "thread" : "1",
    "directory" : "/tmp",
    "time_based" : "",
    "runtime" : "210",
    "norandommap" : "1",
    "filename" : "/tmp/fio_readwrite",
    "share_mmap" : "1",
    "repl" : "1"
  },
  "jobs" : [
    {
      "jobname" : "writers",
      "groupid" : 0,
      "job_start" : 1772066972588,
      "error" : 0,
      "eta" : 0,
      "elapsed" : 211,
      "job options" : {
        "rw" : "randread",
        "random_distribution" : "random",
        "numjobs" : "26"
      },
      "read" : {
        "io_bytes" : 1165783445504,
        "io_kbytes" : 1138460396,
        "bw_bytes" : 5551296871,
        "bw" : 5421188,
        "iops" : 1355297.087647,
        "runtime" : 210002,
        "total_ios" : 284615099,
        "short_ios" : 0,
        "drop_ios" : 0,
        "slat_ns" : {
          "min" : 0,
          "max" : 0,
          "mean" : 0.000000,
          "stddev" : 0.000000,
          "N" : 0
        },
        "clat_ns" : {
          "min" : 100,
          "max" : 48116793,
          "mean" : 18614.945822,
          "stddev" : 51168.385679,
          "N" : 284615099,
          "percentile" : {
            "1.000000" : 446,
            "5.000000" : 524,
            "10.000000" : 564,
            "20.000000" : 636,
            "30.000000" : 724,
            "40.000000" : 812,
            "50.000000" : 884,
            "60.000000" : 996,
            "70.000000" : 1240,
            "80.000000" : 5216,
            "90.000000" : 82432,
            "95.000000" : 95744,
            "99.000000" : 146432,
            "99.500000" : 175104,
            "99.900000" : 250880,
            "99.950000" : 296960,
            "99.990000" : 1089536
          }
        },
        "lat_ns" : {
          "min" : 125,
          "max" : 48116827,
          "mean" : 18671.702291,
          "stddev" : 51268.996270,
          "N" : 284615099
        },
        "bw_min" : 465358,
        "bw_max" : 14710498,
        "bw_agg" : 100.000000,
        "bw_mean" : 5447066.837638,
        "bw_dev" : 64978.013800,
        "bw_samples" : 10858,
        "iops_min" : 116339,
        "iops_max" : 3677622,
        "iops_mean" : 1361762.064750,
        "iops_stddev" : 16244.498413,
        "iops_samples" : 10858
      },
      "write" : {
        "io_bytes" : 367500423168,
        "io_kbytes" : 358887132,
        "bw_bytes" : 1749985348,
        "bw" : 1708970,
        "iops" : 427242.516738,
        "runtime" : 210002,
        "total_ios" : 89721783,
        "short_ios" : 0,
        "drop_ios" : 0,
        "slat_ns" : {
          "min" : 0,
          "max" : 0,
          "mean" : 0.000000,
          "stddev" : 0.000000,
          "N" : 0
        },
        "clat_ns" : {
          "min" : 104,
          "max" : 92303530,
          "mean" : 87781.455115,
          "stddev" : 100224.850411,
          "N" : 89721783,
          "percentile" : {
            "1.000000" : 556,
            "5.000000" : 676,
            "10.000000" : 836,
            "20.000000" : 2832,
            "30.000000" : 71168,
            "40.000000" : 77312,
            "50.000000" : 82432,
            "60.000000" : 89600,
            "70.000000" : 100864,
            "80.000000" : 140288,
            "90.000000" : 164864,
            "95.000000" : 185344,
            "99.000000" : 246784,
            "99.500000" : 280576,
            "99.900000" : 684032,
            "99.950000" : 1089536,
            "99.990000" : 4145152
          }
        },
        "lat_ns" : {
          "min" : 148,
          "max" : 92303625,
          "mean" : 87912.738019,
          "stddev" : 100260.421141,
          "N" : 89721783
        },
        "bw_min" : 322272,
        "bw_max" : 2476068,
        "bw_agg" : 100.000000,
        "bw_mean" : 1719178.278216,
        "bw_dev" : 7157.104355,
        "bw_samples" : 15850,
        "iops_min" : 80568,
        "iops_max" : 619008,
        "iops_mean" : 429787.783643,
        "iops_stddev" : 1789.274016,
        "iops_samples" : 15850
      },
      "trim" : {
        "io_bytes" : 0,
        "io_kbytes" : 0,
        "bw_bytes" : 0,
        "bw" : 0,
        "iops" : 0.000000,
        "runtime" : 0,
        "total_ios" : 0,
        "short_ios" : 0,
        "drop_ios" : 0,
        "slat_ns" : {
          "min" : 0,
          "max" : 0,
          "mean" : 0.000000,
          "stddev" : 0.000000,
          "N" : 0
        },
        "clat_ns" : {
          "min" : 0,
          "max" : 0,
          "mean" : 0.000000,
          "stddev" : 0.000000,
          "N" : 0
        },
        "lat_ns" : {
          "min" : 0,
          "max" : 0,
          "mean" : 0.000000,
          "stddev" : 0.000000,
          "N" : 0
        },
        "bw_min" : 0,
        "bw_max" : 0,
        "bw_agg" : 0.000000,
        "bw_mean" : 0.000000,
        "bw_dev" : 0.000000,
        "bw_samples" : 0,
        "iops_min" : 0,
        "iops_max" : 0,
        "iops_mean" : 0.000000,
        "iops_stddev" : 0.000000,
        "iops_samples" : 0
      },
      "sync" : {
        "total_ios" : 0,
        "lat_ns" : {
          "min" : 0,
          "max" : 0,
          "mean" : 0.000000,
          "stddev" : 0.000000,
          "N" : 0
        }
      },
      "job_runtime" : 13440010,
      "usr_cpu" : 5.435911,
      "sys_cpu" : 91.807320,
      "ctx" : 858540,
      "majf" : 196642,
      "minf" : 124286957,
      "iodepth_level" : {
        "1" : 100.000000,
        "2" : 0.000000,
        "4" : 0.000000,
        "8" : 0.000000,
        "16" : 0.000000,
        "32" : 0.000000,
        ">=64" : 0.000000
      },
      "iodepth_submit" : {
        "0" : 0.000000,
        "4" : 100.000000,
        "8" : 0.000000,
        "16" : 0.000000,
        "32" : 0.000000,
        "64" : 0.000000,
        ">=64" : 0.000000
      },
      "iodepth_complete" : {
        "0" : 0.000000,
        "4" : 100.000000,
        "8" : 0.000000,
        "16" : 0.000000,
        "32" : 0.000000,
        "64" : 0.000000,
        ">=64" : 0.000000
      },
      "latency_ns" : {
        "2" : 0.000000,
        "4" : 0.000000,
        "10" : 0.000000,
        "20" : 0.000000,
        "50" : 0.000000,
        "100" : 0.000000,
        "250" : 0.034645,
        "500" : 2.636610,
        "750" : 23.738425,
        "1000" : 23.042970
      },
      "latency_us" : {
        "2" : 10.720637,
        "4" : 4.362961,
        "10" : 2.200475,
        "20" : 0.039154,
        "50" : 0.042049,
        "100" : 22.826873,
        "250" : 10.058668,
        "500" : 0.243462,
        "750" : 0.017556,
        "1000" : 0.013579
      },
      "latency_ms" : {
        "2" : 0.010000,
        "4" : 0.010000,
        "10" : 0.010000,
        "20" : 0.010000,
        "50" : 0.010000,
        "100" : 0.010000,
        "250" : 0.000000,
        "500" : 0.000000,
        "750" : 0.000000,
        "1000" : 0.000000,
        "2000" : 0.000000,
        ">=2000" : 0.000000
      },
      "latency_depth" : 1,
      "latency_target" : 0,
      "latency_percentile" : 100.000000,
      "latency_window" : 0
    }
  ],
  "disk_util" : [
    {
      "name" : "sdb",
      "read_ios" : 196622,
      "write_ios" : 90389,
      "read_sectors" : 1574184,
      "write_sectors" : 35248152,
      "read_merges" : 150,
      "write_merges" : 695,
      "read_ticks" : 173244,
      "write_ticks" : 38908159,
      "in_queue" : 39081412,
      "util" : 17.403418
    }
  ]
}
