{
  "fio version" : "fio-3.40",
  "timestamp" : 1771985766,
  "timestamp_ms" : 1771985766400,
  "time" : "Wed Feb 25 03:16:06 2026",
  "global options" : {
    "group_reporting" : "",
    "ioengine" : "mmap",
    "size" : "768m",
    "thread" : "1",
    "directory" : "/tmp",
    "time_based" : "",
    "runtime" : "180",
    "norandommap" : "1",
    "filename" : "/tmp/fio_readwrite",
    "share_mmap" : "1",
    "repl" : "1"
  },
  "jobs" : [
    {
      "jobname" : "writers",
      "groupid" : 0,
      "job_start" : 1771985586196,
      "error" : 0,
      "eta" : 0,
      "elapsed" : 181,
      "job options" : {
        "rw" : "randread",
        "random_distribution" : "random",
        "numjobs" : "61"
      },
      "read" : {
        "io_bytes" : 16284628717568,
        "io_kbytes" : 15902957732,
        "bw_bytes" : 90468651731,
        "bw" : 88348292,
        "iops" : 22087073.176558,
        "runtime" : 180003,
        "total_ios" : 3975739433,
        "short_ios" : 0,
        "drop_ios" : 0,
        "slat_ns" : {
          "min" : 0,
          "max" : 0,
          "mean" : 0.000000,
          "stddev" : 0.000000,
          "N" : 0
        },
        "clat_ns" : {
          "min" : 125,
          "max" : 111445041,
          "mean" : 2103.144158,
          "stddev" : 17828.923837,
          "N" : 3975739433,
          "percentile" : {
            "1.000000" : 820,
            "5.000000" : 1144,
            "10.000000" : 1320,
            "20.000000" : 1544,
            "30.000000" : 1688,
            "40.000000" : 1832,
            "50.000000" : 1960,
            "60.000000" : 2096,
            "70.000000" : 2256,
            "80.000000" : 2480,
            "90.000000" : 2800,
            "95.000000" : 3120,
            "99.000000" : 3952,
            "99.500000" : 4256,
            "99.900000" : 5088,
            "99.950000" : 15424,
            "99.990000" : 23680
          }
        },
        "lat_ns" : {
          "min" : 161,
          "max" : 111445156,
          "mean" : 2176.681660,
          "stddev" : 17896.489953,
          "N" : 3975739433
        },
        "bw_min" : 132216,
        "bw_max" : 98391558,
        "bw_agg" : 100.000000,
        "bw_mean" : 88912678.666667,
        "bw_dev" : 216206.712429,
        "bw_samples" : 21777,
        "iops_min" : 33054,
        "iops_max" : 24597875,
        "iops_mean" : 22228159.246499,
        "iops_stddev" : 54051.653254,
        "iops_samples" : 21777
      },
      "write" : {
        "io_bytes" : 721672421376,
        "io_kbytes" : 704758224,
        "bw_bytes" : 4009224409,
        "bw" : 3915258,
        "iops" : 978814.553091,
        "runtime" : 180003,
        "total_ios" : 176189556,
        "short_ios" : 0,
        "drop_ios" : 0,
        "slat_ns" : {
          "min" : 0,
          "max" : 0,
          "mean" : 0.000000,
          "stddev" : 0.000000,
          "N" : 0
        },
        "clat_ns" : {
          "min" : 126,
          "max" : 110351423,
          "mean" : 2344.370849,
          "stddev" : 19172.702623,
          "N" : 176189556,
          "percentile" : {
            "1.000000" : 996,
            "5.000000" : 1288,
            "10.000000" : 1448,
            "20.000000" : 1640,
            "30.000000" : 1800,
            "40.000000" : 1928,
            "50.000000" : 2064,
            "60.000000" : 2192,
            "70.000000" : 2352,
            "80.000000" : 2544,
            "90.000000" : 2864,
            "95.000000" : 3248,
            "99.000000" : 9664,
            "99.500000" : 11840,
            "99.900000" : 19840,
            "99.950000" : 49408,
            "99.990000" : 80384
          }
        },
        "lat_ns" : {
          "min" : 175,
          "max" : 110351590,
          "mean" : 2440.882180,
          "stddev" : 19250.566710,
          "N" : 176189556
        },
        "bw_min" : 6568,
        "bw_max" : 4351024,
        "bw_agg" : 100.000000,
        "bw_mean" : 3940385.210084,
        "bw_dev" : 215250.941096,
        "bw_samples" : 1071,
        "iops_min" : 1642,
        "iops_max" : 1087756,
        "iops_mean" : 985095.865546,
        "iops_stddev" : 53812.731241,
        "iops_samples" : 1071
      },
      "trim" : {
        "io_bytes" : 0,
        "io_kbytes" : 0,
        "bw_bytes" : 0,
        "bw" : 0,
        "iops" : 0.000000,
        "runtime" : 0,
        "total_ios" : 0,
        "short_ios" : 0,
        "drop_ios" : 0,
        "slat_ns" : {
          "min" : 0,
          "max" : 0,
          "mean" : 0.000000,
          "stddev" : 0.000000,
          "N" : 0
        },
        "clat_ns" : {
          "min" : 0,
          "max" : 0,
          "mean" : 0.000000,
          "stddev" : 0.000000,
          "N" : 0
        },
        "lat_ns" : {
          "min" : 0,
          "max" : 0,
          "mean" : 0.000000,
          "stddev" : 0.000000,
          "N" : 0
        },
        "bw_min" : 0,
        "bw_max" : 0,
        "bw_agg" : 0.000000,
        "bw_mean" : 0.000000,
        "bw_dev" : 0.000000,
        "bw_samples" : 0,
        "iops_min" : 0,
        "iops_max" : 0,
        "iops_mean" : 0.000000,
        "iops_stddev" : 0.000000,
        "iops_samples" : 0
      },
      "sync" : {
        "total_ios" : 0,
        "lat_ns" : {
          "min" : 0,
          "max" : 0,
          "mean" : 0.000000,
          "stddev" : 0.000000,
          "N" : 0
        }
      },
      "job_runtime" : 11520019,
      "usr_cpu" : 96.439832,
      "sys_cpu" : 0.423011,
      "ctx" : 579243,
      "majf" : 196582,
      "minf" : 2509416,
      "iodepth_level" : {
        "1" : 100.000000,
        "2" : 0.000000,
        "4" : 0.000000,
        "8" : 0.000000,
        "16" : 0.000000,
        "32" : 0.000000,
        ">=64" : 0.000000
      },
      "iodepth_submit" : {
        "0" : 0.000000,
        "4" : 100.000000,
        "8" : 0.000000,
        "16" : 0.000000,
        "32" : 0.000000,
        "64" : 0.000000,
        ">=64" : 0.000000
      },
      "iodepth_complete" : {
        "0" : 0.000000,
        "4" : 100.000000,
        "8" : 0.000000,
        "16" : 0.000000,
        "32" : 0.000000,
        "64" : 0.000000,
        ">=64" : 0.000000
      },
      "latency_ns" : {
        "2" : 0.000000,
        "4" : 0.000000,
        "10" : 0.000000,
        "20" : 0.000000,
        "50" : 0.000000,
        "100" : 0.000000,
        "250" : 0.027383,
        "500" : 0.063273,
        "750" : 0.508182,
        "1000" : 1.958691
      },
      "latency_us" : {
        "2" : 49.725791,
        "4" : 46.783050,
        "10" : 0.839720,
        "20" : 0.073831,
        "50" : 0.011596,
        "100" : 0.010000,
        "250" : 0.010000,
        "500" : 0.010000,
        "750" : 0.010000,
        "1000" : 0.010000
      },
      "latency_ms" : {
        "2" : 0.010000,
        "4" : 0.010000,
        "10" : 0.010000,
        "20" : 0.010000,
        "50" : 0.010000,
        "100" : 0.010000,
        "250" : 0.010000,
        "500" : 0.000000,
        "750" : 0.000000,
        "1000" : 0.000000,
        "2000" : 0.000000,
        ">=2000" : 0.000000
      },
      "latency_depth" : 1,
      "latency_target" : 0,
      "latency_percentile" : 100.000000,
      "latency_window" : 0
    }
  ],
  "disk_util" : [
    {
      "name" : "sda",
      "read_ios" : 196603,
      "write_ios" : 73184,
      "read_sectors" : 1576472,
      "write_sectors" : 19278864,
      "read_merges" : 333,
      "write_merges" : 2141,
      "read_ticks" : 198060,
      "write_ticks" : 100354792,
      "in_queue" : 100552859,
      "util" : 11.942459
    }
  ]
}
