{
  "fio version" : "fio-3.40",
  "timestamp" : 1771892115,
  "timestamp_ms" : 1771892115786,
  "time" : "Tue Feb 24 01:15:15 2026",
  "global options" : {
    "group_reporting" : "",
    "ioengine" : "mmap",
    "size" : "768m",
    "thread" : "1",
    "directory" : "/tmp",
    "time_based" : "",
    "runtime" : "180",
    "norandommap" : "1",
    "filename" : "/tmp/fio_readwrite",
    "share_mmap" : "1",
    "repl" : "1"
  },
  "jobs" : [
    {
      "jobname" : "writers",
      "groupid" : 0,
      "job_start" : 1771891935683,
      "error" : 0,
      "eta" : 0,
      "elapsed" : 181,
      "job options" : {
        "rw" : "randread",
        "random_distribution" : "random",
        "numjobs" : "6"
      },
      "read" : {
        "io_bytes" : 103805210624,
        "io_kbytes" : 101372276,
        "bw_bytes" : 576686003,
        "bw" : 563169,
        "iops" : 140792.481236,
        "runtime" : 180003,
        "total_ios" : 25343069,
        "short_ios" : 0,
        "drop_ios" : 0,
        "slat_ns" : {
          "min" : 0,
          "max" : 0,
          "mean" : 0.000000,
          "stddev" : 0.000000,
          "N" : 0
        },
        "clat_ns" : {
          "min" : 136,
          "max" : 45774208,
          "mean" : 41660.438860,
          "stddev" : 81335.091458,
          "N" : 25343069,
          "percentile" : {
            "1.000000" : 498,
            "5.000000" : 572,
            "10.000000" : 612,
            "20.000000" : 684,
            "30.000000" : 780,
            "40.000000" : 892,
            "50.000000" : 1064,
            "60.000000" : 3888,
            "70.000000" : 80384,
            "80.000000" : 91648,
            "90.000000" : 112128,
            "95.000000" : 138240,
            "99.000000" : 242688,
            "99.500000" : 280576,
            "99.900000" : 428032,
            "99.950000" : 675840,
            "99.990000" : 2801664
          }
        },
        "lat_ns" : {
          "min" : 172,
          "max" : 45774248,
          "mean" : 41742.928377,
          "stddev" : 81354.424697,
          "N" : 25343069
        },
        "bw_min" : 37663,
        "bw_max" : 963084,
        "bw_agg" : 100.000000,
        "bw_mean" : 566951.307051,
        "bw_dev" : 34697.447138,
        "bw_samples" : 2145,
        "iops_min" : 9415,
        "iops_max" : 240767,
        "iops_mean" : 141736.327728,
        "iops_stddev" : 8674.338228,
        "iops_samples" : 2145
      },
      "write" : {
        "io_bytes" : 486523912192,
        "io_kbytes" : 475121008,
        "bw_bytes" : 2702835544,
        "bw" : 2639487,
        "iops" : 659871.959112,
        "runtime" : 180005,
        "total_ios" : 118780252,
        "short_ios" : 0,
        "drop_ios" : 0,
        "slat_ns" : {
          "min" : 0,
          "max" : 0,
          "mean" : 0.000000,
          "stddev" : 0.000000,
          "N" : 0
        },
        "clat_ns" : {
          "min" : 133,
          "max" : 64193735,
          "mean" : 86730.725502,
          "stddev" : 132054.509176,
          "N" : 118780252,
          "percentile" : {
            "1.000000" : 540,
            "5.000000" : 620,
            "10.000000" : 668,
            "20.000000" : 780,
            "30.000000" : 908,
            "40.000000" : 1128,
            "50.000000" : 4704,
            "60.000000" : 142336,
            "70.000000" : 162816,
            "80.000000" : 177152,
            "90.000000" : 197632,
            "95.000000" : 228352,
            "99.000000" : 333824,
            "99.500000" : 378880,
            "99.900000" : 741376,
            "99.950000" : 1105920,
            "99.990000" : 4177920
          }
        },
        "lat_ns" : {
          "min" : 190,
          "max" : 64193852,
          "mean" : 86865.893420,
          "stddev" : 132101.883498,
          "N" : 118780252
        },
        "bw_min" : 311403,
        "bw_max" : 4553730,
        "bw_agg" : 100.000000,
        "bw_mean" : 2652395.702977,
        "bw_dev" : 13884.709999,
        "bw_samples" : 20750,
        "iops_min" : 77837,
        "iops_max" : 1138415,
        "iops_mean" : 663084.598050,
        "iops_stddev" : 3471.160898,
        "iops_samples" : 20750
      },
      "trim" : {
        "io_bytes" : 0,
        "io_kbytes" : 0,
        "bw_bytes" : 0,
        "bw" : 0,
        "iops" : 0.000000,
        "runtime" : 0,
        "total_ios" : 0,
        "short_ios" : 0,
        "drop_ios" : 0,
        "slat_ns" : {
          "min" : 0,
          "max" : 0,
          "mean" : 0.000000,
          "stddev" : 0.000000,
          "N" : 0
        },
        "clat_ns" : {
          "min" : 0,
          "max" : 0,
          "mean" : 0.000000,
          "stddev" : 0.000000,
          "N" : 0
        },
        "lat_ns" : {
          "min" : 0,
          "max" : 0,
          "mean" : 0.000000,
          "stddev" : 0.000000,
          "N" : 0
        },
        "bw_min" : 0,
        "bw_max" : 0,
        "bw_agg" : 0.000000,
        "bw_mean" : 0.000000,
        "bw_dev" : 0.000000,
        "bw_samples" : 0,
        "iops_min" : 0,
        "iops_max" : 0,
        "iops_mean" : 0.000000,
        "iops_stddev" : 0.000000,
        "iops_samples" : 0
      },
      "sync" : {
        "total_ios" : 0,
        "lat_ns" : {
          "min" : 0,
          "max" : 0,
          "mean" : 0.000000,
          "stddev" : 0.000000,
          "N" : 0
        }
      },
      "job_runtime" : 11520046,
      "usr_cpu" : 3.302096,
      "sys_cpu" : 93.804712,
      "ctx" : 614328,
      "majf" : 196624,
      "minf" : 67005623,
      "iodepth_level" : {
        "1" : 100.000000,
        "2" : 0.000000,
        "4" : 0.000000,
        "8" : 0.000000,
        "16" : 0.000000,
        "32" : 0.000000,
        ">=64" : 0.000000
      },
      "iodepth_submit" : {
        "0" : 0.000000,
        "4" : 100.000000,
        "8" : 0.000000,
        "16" : 0.000000,
        "32" : 0.000000,
        "64" : 0.000000,
        ">=64" : 0.000000
      },
      "iodepth_complete" : {
        "0" : 0.000000,
        "4" : 100.000000,
        "8" : 0.000000,
        "16" : 0.000000,
        "32" : 0.000000,
        "64" : 0.000000,
        ">=64" : 0.000000
      },
      "latency_ns" : {
        "2" : 0.000000,
        "4" : 0.000000,
        "10" : 0.000000,
        "20" : 0.000000,
        "50" : 0.000000,
        "100" : 0.000000,
        "250" : 0.011597,
        "500" : 0.459987,
        "750" : 18.434767,
        "1000" : 18.495142
      },
      "latency_us" : {
        "2" : 9.935044,
        "4" : 3.812495,
        "10" : 2.212430,
        "20" : 0.039762,
        "50" : 0.056376,
        "100" : 8.666036,
        "250" : 34.711536,
        "500" : 2.996312,
        "750" : 0.079536,
        "1000" : 0.037052
      },
      "latency_ms" : {
        "2" : 0.024120,
        "4" : 0.012353,
        "10" : 0.014832,
        "20" : 0.010000,
        "50" : 0.010000,
        "100" : 0.010000,
        "250" : 0.000000,
        "500" : 0.000000,
        "750" : 0.000000,
        "1000" : 0.000000,
        "2000" : 0.000000,
        ">=2000" : 0.000000
      },
      "latency_depth" : 1,
      "latency_target" : 0,
      "latency_percentile" : 100.000000,
      "latency_window" : 0
    }
  ],
  "disk_util" : [
    {
      "name" : "sda",
      "read_ios" : 196695,
      "write_ios" : 122799,
      "read_sectors" : 1576880,
      "write_sectors" : 45704216,
      "read_merges" : 292,
      "write_merges" : 861,
      "read_ticks" : 169814,
      "write_ticks" : 16277684,
      "in_queue" : 16447505,
      "util" : 28.001336
    }
  ]
}
