{
  "fio version" : "fio-3.40",
  "timestamp" : 1772057059,
  "timestamp_ms" : 1772057059313,
  "time" : "Wed Feb 25 23:04:19 2026",
  "global options" : {
    "group_reporting" : "",
    "ioengine" : "mmap",
    "size" : "768m",
    "thread" : "1",
    "directory" : "/tmp",
    "time_based" : "",
    "runtime" : "210",
    "norandommap" : "1",
    "filename" : "/tmp/fio_readwrite",
    "share_mmap" : "1",
    "repl" : "1"
  },
  "jobs" : [
    {
      "jobname" : "writers",
      "groupid" : 0,
      "job_start" : 1772056849129,
      "error" : 0,
      "eta" : 0,
      "elapsed" : 211,
      "job options" : {
        "rw" : "randread",
        "random_distribution" : "random",
        "numjobs" : "51"
      },
      "read" : {
        "io_bytes" : 21067169570816,
        "io_kbytes" : 20573407784,
        "bw_bytes" : 100318421978,
        "bw" : 97967208,
        "iops" : 24491802.240920,
        "runtime" : 210003,
        "total_ios" : 5143351946,
        "short_ios" : 0,
        "drop_ios" : 0,
        "slat_ns" : {
          "min" : 0,
          "max" : 0,
          "mean" : 0.000000,
          "stddev" : 0.000000,
          "N" : 0
        },
        "clat_ns" : {
          "min" : 99,
          "max" : 44335889,
          "mean" : 1548.489024,
          "stddev" : 11964.809274,
          "N" : 5143351946,
          "percentile" : {
            "1.000000" : 446,
            "5.000000" : 506,
            "10.000000" : 524,
            "20.000000" : 564,
            "30.000000" : 604,
            "40.000000" : 652,
            "50.000000" : 716,
            "60.000000" : 796,
            "70.000000" : 892,
            "80.000000" : 1032,
            "90.000000" : 2128,
            "95.000000" : 3248,
            "99.000000" : 5792,
            "99.500000" : 60160,
            "99.900000" : 75264,
            "99.950000" : 84480,
            "99.990000" : 121344
          }
        },
        "lat_ns" : {
          "min" : 125,
          "max" : 44335940,
          "mean" : 1605.526594,
          "stddev" : 12076.845789,
          "N" : 5143351946
        },
        "bw_min" : 7792987,
        "bw_max" : 120019719,
        "bw_agg" : 100.000000,
        "bw_mean" : 98428018.262688,
        "bw_dev" : 308173.323104,
        "bw_samples" : 21292,
        "iops_min" : 1948250,
        "iops_max" : 30004912,
        "iops_mean" : 24606993.335433,
        "iops_stddev" : 77043.304434,
        "iops_samples" : 21292
      },
      "write" : {
        "io_bytes" : 168339222528,
        "io_kbytes" : 164393772,
        "bw_bytes" : 801603893,
        "bw" : 782816,
        "iops" : 195704.075656,
        "runtime" : 210003,
        "total_ios" : 41098443,
        "short_ios" : 0,
        "drop_ios" : 0,
        "slat_ns" : {
          "min" : 0,
          "max" : 0,
          "mean" : 0.000000,
          "stddev" : 0.000000,
          "N" : 0
        },
        "clat_ns" : {
          "min" : 101,
          "max" : 21503993,
          "mean" : 65320.697265,
          "stddev" : 52797.721197,
          "N" : 41098443,
          "percentile" : {
            "1.000000" : 1032,
            "5.000000" : 50432,
            "10.000000" : 52992,
            "20.000000" : 56064,
            "30.000000" : 58112,
            "40.000000" : 60160,
            "50.000000" : 62208,
            "60.000000" : 64256,
            "70.000000" : 67072,
            "80.000000" : 70144,
            "90.000000" : 77312,
            "95.000000" : 88576,
            "99.000000" : 126464,
            "99.500000" : 150528,
            "99.900000" : 382976,
            "99.950000" : 798720,
            "99.990000" : 2375680
          }
        },
        "lat_ns" : {
          "min" : 142,
          "max" : 21504127,
          "mean" : 65442.660131,
          "stddev" : 52825.017505,
          "N" : 41098443
        },
        "bw_min" : 125616,
        "bw_max" : 1244792,
        "bw_agg" : 100.000000,
        "bw_mean" : 786900.995186,
        "bw_dev" : 6534.137222,
        "bw_samples" : 5425,
        "iops_min" : 31404,
        "iops_max" : 311196,
        "iops_mean" : 196722.958585,
        "iops_stddev" : 1633.518595,
        "iops_samples" : 5425
      },
      "trim" : {
        "io_bytes" : 0,
        "io_kbytes" : 0,
        "bw_bytes" : 0,
        "bw" : 0,
        "iops" : 0.000000,
        "runtime" : 0,
        "total_ios" : 0,
        "short_ios" : 0,
        "drop_ios" : 0,
        "slat_ns" : {
          "min" : 0,
          "max" : 0,
          "mean" : 0.000000,
          "stddev" : 0.000000,
          "N" : 0
        },
        "clat_ns" : {
          "min" : 0,
          "max" : 0,
          "mean" : 0.000000,
          "stddev" : 0.000000,
          "N" : 0
        },
        "lat_ns" : {
          "min" : 0,
          "max" : 0,
          "mean" : 0.000000,
          "stddev" : 0.000000,
          "N" : 0
        },
        "bw_min" : 0,
        "bw_max" : 0,
        "bw_agg" : 0.000000,
        "bw_mean" : 0.000000,
        "bw_dev" : 0.000000,
        "bw_samples" : 0,
        "iops_min" : 0,
        "iops_max" : 0,
        "iops_mean" : 0.000000,
        "iops_stddev" : 0.000000,
        "iops_samples" : 0
      },
      "sync" : {
        "total_ios" : 0,
        "lat_ns" : {
          "min" : 0,
          "max" : 0,
          "mean" : 0.000000,
          "stddev" : 0.000000,
          "N" : 0
        }
      },
      "job_runtime" : 13440050,
      "usr_cpu" : 59.373923,
      "sys_cpu" : 38.216740,
      "ctx" : 889483,
      "majf" : 196640,
      "minf" : 81275851,
      "iodepth_level" : {
        "1" : 100.000000,
        "2" : 0.000000,
        "4" : 0.000000,
        "8" : 0.000000,
        "16" : 0.000000,
        "32" : 0.000000,
        ">=64" : 0.000000
      },
      "iodepth_submit" : {
        "0" : 0.000000,
        "4" : 100.000000,
        "8" : 0.000000,
        "16" : 0.000000,
        "32" : 0.000000,
        "64" : 0.000000,
        ">=64" : 0.000000
      },
      "iodepth_complete" : {
        "0" : 0.000000,
        "4" : 100.000000,
        "8" : 0.000000,
        "16" : 0.000000,
        "32" : 0.000000,
        "64" : 0.000000,
        ">=64" : 0.000000
      },
      "latency_ns" : {
        "2" : 0.000000,
        "4" : 0.000000,
        "10" : 0.000000,
        "20" : 0.000000,
        "50" : 0.000000,
        "100" : 0.010000,
        "250" : 0.052041,
        "500" : 4.123303,
        "750" : 49.348663,
        "1000" : 24.468379
      },
      "latency_us" : {
        "2" : 10.749479,
        "4" : 7.666898,
        "10" : 1.970910,
        "20" : 0.047486,
        "50" : 0.046184,
        "100" : 1.474638,
        "250" : 0.047462,
        "500" : 0.010000,
        "750" : 0.010000,
        "1000" : 0.010000
      },
      "latency_ms" : {
        "2" : 0.010000,
        "4" : 0.010000,
        "10" : 0.010000,
        "20" : 0.010000,
        "50" : 0.010000,
        "100" : 0.000000,
        "250" : 0.000000,
        "500" : 0.000000,
        "750" : 0.000000,
        "1000" : 0.000000,
        "2000" : 0.000000,
        ">=2000" : 0.000000
      },
      "latency_depth" : 1,
      "latency_target" : 0,
      "latency_percentile" : 100.000000,
      "latency_window" : 0
    }
  ],
  "disk_util" : [
    {
      "name" : "sdb",
      "read_ios" : 196609,
      "write_ios" : 148978,
      "read_sectors" : 1574168,
      "write_sectors" : 22168152,
      "read_merges" : 161,
      "write_merges" : 779,
      "read_ticks" : 184720,
      "write_ticks" : 1585446,
      "in_queue" : 1770173,
      "util" : 14.357458
    }
  ]
}
