{
  "fio version" : "fio-3.40",
  "timestamp" : 1770005589,
  "timestamp_ms" : 1770005589692,
  "time" : "Mon Feb  2 05:13:09 2026",
  "global options" : {
    "group_reporting" : "",
    "ioengine" : "mmap",
    "size" : "768m",
    "thread" : "1",
    "directory" : "/tmp",
    "time_based" : "",
    "runtime" : "180",
    "norandommap" : "1",
    "filename" : "/tmp/fio_readwrite",
    "share_mmap" : "1",
    "repl" : "1"
  },
  "jobs" : [
    {
      "jobname" : "writers",
      "groupid" : 0,
      "job_start" : 1770005409469,
      "error" : 0,
      "eta" : 0,
      "elapsed" : 181,
      "job options" : {
        "rw" : "randread",
        "random_distribution" : "random",
        "numjobs" : "61"
      },
      "read" : {
        "io_bytes" : 16026597244928,
        "io_kbytes" : 15650973872,
        "bw_bytes" : 89035662075,
        "bw" : 86948888,
        "iops" : 21737222.186420,
        "runtime" : 180002,
        "total_ios" : 3912743468,
        "short_ios" : 0,
        "drop_ios" : 0,
        "slat_ns" : {
          "min" : 0,
          "max" : 0,
          "mean" : 0.000000,
          "stddev" : 0.000000,
          "N" : 0
        },
        "clat_ns" : {
          "min" : 97,
          "max" : 172040994,
          "mean" : 2222.884346,
          "stddev" : 13835.574921,
          "N" : 3912743468,
          "percentile" : {
            "1.000000" : 956,
            "5.000000" : 1288,
            "10.000000" : 1464,
            "20.000000" : 1656,
            "30.000000" : 1816,
            "40.000000" : 1944,
            "50.000000" : 2064,
            "60.000000" : 2224,
            "70.000000" : 2352,
            "80.000000" : 2544,
            "90.000000" : 2864,
            "95.000000" : 3184,
            "99.000000" : 4048,
            "99.500000" : 4448,
            "99.900000" : 16512,
            "99.950000" : 18048,
            "99.990000" : 26240
          }
        },
        "lat_ns" : {
          "min" : 124,
          "max" : 172041096,
          "mean" : 2283.151083,
          "stddev" : 13922.743195,
          "N" : 3912743468
        },
        "bw_min" : 188448,
        "bw_max" : 101070679,
        "bw_agg" : 100.000000,
        "bw_mean" : 88243794.370057,
        "bw_dev" : 204011.666269,
        "bw_samples" : 21594,
        "iops_min" : 47112,
        "iops_max" : 25267668,
        "iops_mean" : 22060938.372881,
        "iops_stddev" : 51002.898279,
        "iops_samples" : 21594
      },
      "write" : {
        "io_bytes" : 706645262336,
        "io_kbytes" : 690083264,
        "bw_bytes" : 3925785203,
        "bw" : 3833774,
        "iops" : 958443.653091,
        "runtime" : 180001,
        "total_ios" : 172520816,
        "short_ios" : 0,
        "drop_ios" : 0,
        "slat_ns" : {
          "min" : 0,
          "max" : 0,
          "mean" : 0.000000,
          "stddev" : 0.000000,
          "N" : 0
        },
        "clat_ns" : {
          "min" : 100,
          "max" : 24021632,
          "mean" : 2481.691236,
          "stddev" : 13200.838044,
          "N" : 172520816,
          "percentile" : {
            "1.000000" : 1112,
            "5.000000" : 1400,
            "10.000000" : 1560,
            "20.000000" : 1752,
            "30.000000" : 1912,
            "40.000000" : 2040,
            "50.000000" : 2160,
            "60.000000" : 2288,
            "70.000000" : 2416,
            "80.000000" : 2608,
            "90.000000" : 2928,
            "95.000000" : 3344,
            "99.000000" : 10688,
            "99.500000" : 13120,
            "99.900000" : 27264,
            "99.950000" : 57088,
            "99.990000" : 127488
          }
        },
        "lat_ns" : {
          "min" : 139,
          "max" : 24021680,
          "mean" : 2563.299256,
          "stddev" : 13342.085557,
          "N" : 172520816
        },
        "bw_min" : 9472,
        "bw_max" : 4342576,
        "bw_agg" : 100.000000,
        "bw_mean" : 3890940.336158,
        "bw_dev" : 203221.183732,
        "bw_samples" : 1062,
        "iops_min" : 2368,
        "iops_max" : 1085644,
        "iops_mean" : 972734.511299,
        "iops_stddev" : 50805.268418,
        "iops_samples" : 1062
      },
      "trim" : {
        "io_bytes" : 0,
        "io_kbytes" : 0,
        "bw_bytes" : 0,
        "bw" : 0,
        "iops" : 0.000000,
        "runtime" : 0,
        "total_ios" : 0,
        "short_ios" : 0,
        "drop_ios" : 0,
        "slat_ns" : {
          "min" : 0,
          "max" : 0,
          "mean" : 0.000000,
          "stddev" : 0.000000,
          "N" : 0
        },
        "clat_ns" : {
          "min" : 0,
          "max" : 0,
          "mean" : 0.000000,
          "stddev" : 0.000000,
          "N" : 0
        },
        "lat_ns" : {
          "min" : 0,
          "max" : 0,
          "mean" : 0.000000,
          "stddev" : 0.000000,
          "N" : 0
        },
        "bw_min" : 0,
        "bw_max" : 0,
        "bw_agg" : 0.000000,
        "bw_mean" : 0.000000,
        "bw_dev" : 0.000000,
        "bw_samples" : 0,
        "iops_min" : 0,
        "iops_max" : 0,
        "iops_mean" : 0.000000,
        "iops_stddev" : 0.000000,
        "iops_samples" : 0
      },
      "sync" : {
        "total_ios" : 0,
        "lat_ns" : {
          "min" : 0,
          "max" : 0,
          "mean" : 0.000000,
          "stddev" : 0.000000,
          "N" : 0
        }
      },
      "job_runtime" : 11520015,
      "usr_cpu" : 95.627428,
      "sys_cpu" : 0.559756,
      "ctx" : 930768,
      "majf" : 196590,
      "minf" : 2888389,
      "iodepth_level" : {
        "1" : 100.000000,
        "2" : 0.000000,
        "4" : 0.000000,
        "8" : 0.000000,
        "16" : 0.000000,
        "32" : 0.000000,
        ">=64" : 0.000000
      },
      "iodepth_submit" : {
        "0" : 0.000000,
        "4" : 100.000000,
        "8" : 0.000000,
        "16" : 0.000000,
        "32" : 0.000000,
        "64" : 0.000000,
        ">=64" : 0.000000
      },
      "iodepth_complete" : {
        "0" : 0.000000,
        "4" : 100.000000,
        "8" : 0.000000,
        "16" : 0.000000,
        "32" : 0.000000,
        "64" : 0.000000,
        ">=64" : 0.000000
      },
      "latency_ns" : {
        "2" : 0.000000,
        "4" : 0.000000,
        "10" : 0.000000,
        "20" : 0.000000,
        "50" : 0.000000,
        "100" : 0.010000,
        "250" : 0.040023,
        "500" : 0.047070,
        "750" : 0.196101,
        "1000" : 0.964215
      },
      "latency_us" : {
        "2" : 42.302113,
        "4" : 55.288195,
        "10" : 0.931850,
        "20" : 0.209937,
        "50" : 0.011202,
        "100" : 0.010000,
        "250" : 0.010000,
        "500" : 0.010000,
        "750" : 0.010000,
        "1000" : 0.010000
      },
      "latency_ms" : {
        "2" : 0.010000,
        "4" : 0.010000,
        "10" : 0.010000,
        "20" : 0.010000,
        "50" : 0.010000,
        "100" : 0.010000,
        "250" : 0.010000,
        "500" : 0.000000,
        "750" : 0.000000,
        "1000" : 0.000000,
        "2000" : 0.000000,
        ">=2000" : 0.000000
      },
      "latency_depth" : 1,
      "latency_target" : 0,
      "latency_percentile" : 100.000000,
      "latency_window" : 0
    }
  ],
  "disk_util" : [
    {
      "name" : "sda",
      "read_ios" : 196557,
      "write_ios" : 135447,
      "read_sectors" : 1574104,
      "write_sectors" : 22803888,
      "read_merges" : 206,
      "write_merges" : 4010,
      "read_ticks" : 180457,
      "write_ticks" : 9318640,
      "in_queue" : 9499107,
      "util" : 13.814680
    }
  ]
}
