{
  "fio version" : "fio-3.40",
  "timestamp" : 1772056637,
  "timestamp_ms" : 1772056637626,
  "time" : "Wed Feb 25 22:57:17 2026",
  "global options" : {
    "group_reporting" : "",
    "ioengine" : "mmap",
    "size" : "768m",
    "thread" : "1",
    "directory" : "/tmp",
    "time_based" : "",
    "runtime" : "210",
    "norandommap" : "1",
    "filename" : "/tmp/fio_readwrite",
    "share_mmap" : "1",
    "repl" : "1"
  },
  "jobs" : [
    {
      "jobname" : "writers",
      "groupid" : 0,
      "job_start" : 1772056427491,
      "error" : 0,
      "eta" : 0,
      "elapsed" : 211,
      "job options" : {
        "rw" : "randread",
        "random_distribution" : "random",
        "numjobs" : "54"
      },
      "read" : {
        "io_bytes" : 18737637232640,
        "io_kbytes" : 18298473860,
        "bw_bytes" : 89225994193,
        "bw" : 87134759,
        "iops" : 21783689.988667,
        "runtime" : 210002,
        "total_ios" : 4574618465,
        "short_ios" : 0,
        "drop_ios" : 0,
        "slat_ns" : {
          "min" : 0,
          "max" : 0,
          "mean" : 0.000000,
          "stddev" : 0.000000,
          "N" : 0
        },
        "clat_ns" : {
          "min" : 98,
          "max" : 107678364,
          "mean" : 1981.395934,
          "stddev" : 16868.058927,
          "N" : 4574618465,
          "percentile" : {
            "1.000000" : 454,
            "5.000000" : 524,
            "10.000000" : 612,
            "20.000000" : 764,
            "30.000000" : 900,
            "40.000000" : 1032,
            "50.000000" : 1176,
            "60.000000" : 1352,
            "70.000000" : 1560,
            "80.000000" : 1912,
            "90.000000" : 2992,
            "95.000000" : 4048,
            "99.000000" : 6304,
            "99.500000" : 62208,
            "99.900000" : 83456,
            "99.950000" : 92672,
            "99.990000" : 132096
          }
        },
        "lat_ns" : {
          "min" : 125,
          "max" : 107678590,
          "mean" : 2033.685710,
          "stddev" : 16980.897466,
          "N" : 4574618465
        },
        "bw_min" : 4697850,
        "bw_max" : 109873872,
        "bw_agg" : 100.000000,
        "bw_mean" : 87527103.542179,
        "bw_dev" : 240606.841974,
        "bw_samples" : 22555,
        "iops_min" : 1174462,
        "iops_max" : 27468442,
        "iops_mean" : 21881761.738915,
        "iops_stddev" : 60151.678241,
        "iops_samples" : 22555
      },
      "write" : {
        "io_bytes" : 112193327104,
        "io_kbytes" : 109563796,
        "bw_bytes" : 534248850,
        "bw" : 521727,
        "iops" : 130431.848268,
        "runtime" : 210002,
        "total_ios" : 27390949,
        "short_ios" : 0,
        "drop_ios" : 0,
        "slat_ns" : {
          "min" : 0,
          "max" : 0,
          "mean" : 0.000000,
          "stddev" : 0.000000,
          "N" : 0
        },
        "clat_ns" : {
          "min" : 117,
          "max" : 107407804,
          "mean" : 75396.885749,
          "stddev" : 85217.943608,
          "N" : 27390949,
          "percentile" : {
            "1.000000" : 46336,
            "5.000000" : 57088,
            "10.000000" : 60160,
            "20.000000" : 63744,
            "30.000000" : 66048,
            "40.000000" : 69120,
            "50.000000" : 71168,
            "60.000000" : 74240,
            "70.000000" : 77312,
            "80.000000" : 82432,
            "90.000000" : 89600,
            "95.000000" : 99840,
            "99.000000" : 144384,
            "99.500000" : 171008,
            "99.900000" : 464896,
            "99.950000" : 856064,
            "99.990000" : 2965504
          }
        },
        "lat_ns" : {
          "min" : 164,
          "max" : 107407856,
          "mean" : 75517.456055,
          "stddev" : 85235.342916,
          "N" : 27390949
        },
        "bw_min" : 116559,
        "bw_max" : 595826,
        "bw_agg" : 100.000000,
        "bw_mean" : 525403.428721,
        "bw_dev" : 5358.553390,
        "bw_samples" : 4166,
        "iops_min" : 29139,
        "iops_max" : 148953,
        "iops_mean" : 131348.352817,
        "iops_stddev" : 1339.616469,
        "iops_samples" : 4166
      },
      "trim" : {
        "io_bytes" : 0,
        "io_kbytes" : 0,
        "bw_bytes" : 0,
        "bw" : 0,
        "iops" : 0.000000,
        "runtime" : 0,
        "total_ios" : 0,
        "short_ios" : 0,
        "drop_ios" : 0,
        "slat_ns" : {
          "min" : 0,
          "max" : 0,
          "mean" : 0.000000,
          "stddev" : 0.000000,
          "N" : 0
        },
        "clat_ns" : {
          "min" : 0,
          "max" : 0,
          "mean" : 0.000000,
          "stddev" : 0.000000,
          "N" : 0
        },
        "lat_ns" : {
          "min" : 0,
          "max" : 0,
          "mean" : 0.000000,
          "stddev" : 0.000000,
          "N" : 0
        },
        "bw_min" : 0,
        "bw_max" : 0,
        "bw_agg" : 0.000000,
        "bw_mean" : 0.000000,
        "bw_dev" : 0.000000,
        "bw_samples" : 0,
        "iops_min" : 0,
        "iops_max" : 0,
        "iops_mean" : 0.000000,
        "iops_stddev" : 0.000000,
        "iops_samples" : 0
      },
      "sync" : {
        "total_ios" : 0,
        "lat_ns" : {
          "min" : 0,
          "max" : 0,
          "mean" : 0.000000,
          "stddev" : 0.000000,
          "N" : 0
        }
      },
      "job_runtime" : 13440006,
      "usr_cpu" : 68.444769,
      "sys_cpu" : 29.136267,
      "ctx" : 740730,
      "majf" : 196630,
      "minf" : 54522074,
      "iodepth_level" : {
        "1" : 100.000000,
        "2" : 0.000000,
        "4" : 0.000000,
        "8" : 0.000000,
        "16" : 0.000000,
        "32" : 0.000000,
        ">=64" : 0.000000
      },
      "iodepth_submit" : {
        "0" : 0.000000,
        "4" : 100.000000,
        "8" : 0.000000,
        "16" : 0.000000,
        "32" : 0.000000,
        "64" : 0.000000,
        ">=64" : 0.000000
      },
      "iodepth_complete" : {
        "0" : 0.000000,
        "4" : 100.000000,
        "8" : 0.000000,
        "16" : 0.000000,
        "32" : 0.000000,
        "64" : 0.000000,
        ">=64" : 0.000000
      },
      "latency_ns" : {
        "2" : 0.000000,
        "4" : 0.000000,
        "10" : 0.000000,
        "20" : 0.000000,
        "50" : 0.000000,
        "100" : 0.010000,
        "250" : 0.050580,
        "500" : 3.393881,
        "750" : 15.368137,
        "1000" : 18.632942
      },
      "latency_us" : {
        "2" : 43.498614,
        "4" : 13.367985,
        "10" : 4.374893,
        "20" : 0.115913,
        "50" : 0.016861,
        "100" : 1.117613,
        "250" : 0.057482,
        "500" : 0.010000,
        "750" : 0.010000,
        "1000" : 0.010000
      },
      "latency_ms" : {
        "2" : 0.010000,
        "4" : 0.010000,
        "10" : 0.010000,
        "20" : 0.010000,
        "50" : 0.010000,
        "100" : 0.010000,
        "250" : 0.010000,
        "500" : 0.000000,
        "750" : 0.000000,
        "1000" : 0.000000,
        "2000" : 0.000000,
        ">=2000" : 0.000000
      },
      "latency_depth" : 1,
      "latency_target" : 0,
      "latency_percentile" : 100.000000,
      "latency_window" : 0
    }
  ],
  "disk_util" : [
    {
      "name" : "sdb",
      "read_ios" : 196680,
      "write_ios" : 154059,
      "read_sectors" : 1576632,
      "write_sectors" : 20015864,
      "read_merges" : 275,
      "write_merges" : 878,
      "read_ticks" : 190588,
      "write_ticks" : 1767691,
      "in_queue" : 1958287,
      "util" : 13.968799
    }
  ]
}
