{
  "fio version" : "fio-3.40",
  "timestamp" : 1765211360,
  "timestamp_ms" : 1765211360823,
  "time" : "Mon Dec  8 17:29:20 2025",
  "global options" : {
    "group_reporting" : "",
    "ioengine" : "mmap",
    "size" : "768m",
    "thread" : "1",
    "directory" : "/tmp",
    "time_based" : "",
    "runtime" : "180",
    "norandommap" : "1",
    "filename" : "/tmp/fio_readwrite",
    "share_mmap" : "1",
    "repl" : "1"
  },
  "jobs" : [
    {
      "jobname" : "writers",
      "groupid" : 0,
      "job_start" : 1765211180587,
      "error" : 0,
      "eta" : 0,
      "elapsed" : 181,
      "job options" : {
        "rw" : "randread",
        "random_distribution" : "random",
        "numjobs" : "45"
      },
      "read" : {
        "io_bytes" : 9994177368064,
        "io_kbytes" : 9759938836,
        "bw_bytes" : 55522282228,
        "bw" : 54220978,
        "iops" : 13555244.684811,
        "runtime" : 180003,
        "total_ios" : 2439984709,
        "short_ios" : 0,
        "drop_ios" : 0,
        "slat_ns" : {
          "min" : 0,
          "max" : 0,
          "mean" : 0.000000,
          "stddev" : 0.000000,
          "N" : 0
        },
        "clat_ns" : {
          "min" : 99,
          "max" : 48435003,
          "mean" : 2665.367879,
          "stddev" : 10815.796371,
          "N" : 2439984709,
          "percentile" : {
            "1.000000" : 1012,
            "5.000000" : 1416,
            "10.000000" : 1656,
            "20.000000" : 1944,
            "30.000000" : 2160,
            "40.000000" : 2320,
            "50.000000" : 2512,
            "60.000000" : 2704,
            "70.000000" : 2896,
            "80.000000" : 3152,
            "90.000000" : 3536,
            "95.000000" : 3920,
            "99.000000" : 4896,
            "99.500000" : 5536,
            "99.900000" : 17024,
            "99.950000" : 18304,
            "99.990000" : 26240
          }
        },
        "lat_ns" : {
          "min" : 126,
          "max" : 48435038,
          "mean" : 2731.028566,
          "stddev" : 10866.574753,
          "N" : 2439984709
        },
        "bw_min" : 34320,
        "bw_max" : 64880384,
        "bw_agg" : 100.000000,
        "bw_mean" : 54429333.837989,
        "bw_dev" : 184277.816963,
        "bw_samples" : 16110,
        "iops_min" : 8580,
        "iops_max" : 16220098,
        "iops_mean" : 13607326.776536,
        "iops_stddev" : 46069.430115,
        "iops_samples" : 16110
      },
      "write" : {
        "io_bytes" : 3974065336320,
        "io_kbytes" : 3880923180,
        "bw_bytes" : 22077772794,
        "bw" : 21560324,
        "iops" : 5390081.248646,
        "runtime" : 180003,
        "total_ios" : 970230795,
        "short_ios" : 0,
        "drop_ios" : 0,
        "slat_ns" : {
          "min" : 0,
          "max" : 0,
          "mean" : 0.000000,
          "stddev" : 0.000000,
          "N" : 0
        },
        "clat_ns" : {
          "min" : 98,
          "max" : 72033396,
          "mean" : 2713.195802,
          "stddev" : 18925.210224,
          "N" : 970230795,
          "percentile" : {
            "1.000000" : 1080,
            "5.000000" : 1464,
            "10.000000" : 1656,
            "20.000000" : 1912,
            "30.000000" : 2096,
            "40.000000" : 2256,
            "50.000000" : 2448,
            "60.000000" : 2608,
            "70.000000" : 2800,
            "80.000000" : 3024,
            "90.000000" : 3376,
            "95.000000" : 3728,
            "99.000000" : 4896,
            "99.500000" : 6560,
            "99.900000" : 25216,
            "99.950000" : 66048,
            "99.990000" : 138240
          }
        },
        "lat_ns" : {
          "min" : 136,
          "max" : 72033446,
          "mean" : 2812.527280,
          "stddev" : 19192.963897,
          "N" : 970230795
        },
        "bw_min" : 14416,
        "bw_max" : 28888835,
        "bw_agg" : 100.000000,
        "bw_mean" : 21643257.572626,
        "bw_dev" : 195578.345575,
        "bw_samples" : 6802,
        "iops_min" : 3604,
        "iops_max" : 7222201,
        "iops_mean" : 5410811.427374,
        "iops_stddev" : 48894.570278,
        "iops_samples" : 6802
      },
      "trim" : {
        "io_bytes" : 0,
        "io_kbytes" : 0,
        "bw_bytes" : 0,
        "bw" : 0,
        "iops" : 0.000000,
        "runtime" : 0,
        "total_ios" : 0,
        "short_ios" : 0,
        "drop_ios" : 0,
        "slat_ns" : {
          "min" : 0,
          "max" : 0,
          "mean" : 0.000000,
          "stddev" : 0.000000,
          "N" : 0
        },
        "clat_ns" : {
          "min" : 0,
          "max" : 0,
          "mean" : 0.000000,
          "stddev" : 0.000000,
          "N" : 0
        },
        "lat_ns" : {
          "min" : 0,
          "max" : 0,
          "mean" : 0.000000,
          "stddev" : 0.000000,
          "N" : 0
        },
        "bw_min" : 0,
        "bw_max" : 0,
        "bw_agg" : 0.000000,
        "bw_mean" : 0.000000,
        "bw_dev" : 0.000000,
        "bw_samples" : 0,
        "iops_min" : 0,
        "iops_max" : 0,
        "iops_mean" : 0.000000,
        "iops_stddev" : 0.000000,
        "iops_samples" : 0
      },
      "sync" : {
        "total_ios" : 0,
        "lat_ns" : {
          "min" : 0,
          "max" : 0,
          "mean" : 0.000000,
          "stddev" : 0.000000,
          "N" : 0
        }
      },
      "job_runtime" : 11520033,
      "usr_cpu" : 96.223422,
      "sys_cpu" : 0.740649,
      "ctx" : 437002,
      "majf" : 196600,
      "minf" : 2130418,
      "iodepth_level" : {
        "1" : 100.000000,
        "2" : 0.000000,
        "4" : 0.000000,
        "8" : 0.000000,
        "16" : 0.000000,
        "32" : 0.000000,
        ">=64" : 0.000000
      },
      "iodepth_submit" : {
        "0" : 0.000000,
        "4" : 100.000000,
        "8" : 0.000000,
        "16" : 0.000000,
        "32" : 0.000000,
        "64" : 0.000000,
        ">=64" : 0.000000
      },
      "iodepth_complete" : {
        "0" : 0.000000,
        "4" : 100.000000,
        "8" : 0.000000,
        "16" : 0.000000,
        "32" : 0.000000,
        "64" : 0.000000,
        ">=64" : 0.000000
      },
      "latency_ns" : {
        "2" : 0.000000,
        "4" : 0.000000,
        "10" : 0.000000,
        "20" : 0.000000,
        "50" : 0.000000,
        "100" : 0.010000,
        "250" : 0.039942,
        "500" : 0.032430,
        "750" : 0.152670,
        "1000" : 0.655522
      },
      "latency_us" : {
        "2" : 22.434786,
        "4" : 72.592567,
        "10" : 3.800994,
        "20" : 0.236851,
        "50" : 0.030895,
        "100" : 0.012727,
        "250" : 0.010000,
        "500" : 0.010000,
        "750" : 0.010000,
        "1000" : 0.010000
      },
      "latency_ms" : {
        "2" : 0.010000,
        "4" : 0.010000,
        "10" : 0.010000,
        "20" : 0.010000,
        "50" : 0.010000,
        "100" : 0.010000,
        "250" : 0.000000,
        "500" : 0.000000,
        "750" : 0.000000,
        "1000" : 0.000000,
        "2000" : 0.000000,
        ">=2000" : 0.000000
      },
      "latency_depth" : 1,
      "latency_target" : 0,
      "latency_percentile" : 100.000000,
      "latency_window" : 0
    }
  ],
  "disk_util" : [
    {
      "name" : "sda",
      "read_ios" : 196601,
      "write_ios" : 49847,
      "read_sectors" : 1580208,
      "write_sectors" : 16454160,
      "read_merges" : 281,
      "write_merges" : 1146,
      "read_ticks" : 192067,
      "write_ticks" : 8194301,
      "in_queue" : 8386375,
      "util" : 10.243172
    }
  ]
}
