{
  "fio version" : "fio-3.40",
  "timestamp" : 1771872394,
  "timestamp_ms" : 1771872394635,
  "time" : "Mon Feb 23 19:46:34 2026",
  "global options" : {
    "group_reporting" : "",
    "ioengine" : "mmap",
    "size" : "768m",
    "thread" : "1",
    "directory" : "/tmp",
    "time_based" : "",
    "runtime" : "180",
    "norandommap" : "1",
    "filename" : "/tmp/fio_readwrite",
    "share_mmap" : "1",
    "repl" : "1"
  },
  "jobs" : [
    {
      "jobname" : "readers",
      "groupid" : 0,
      "job_start" : 1771872214549,
      "error" : 0,
      "eta" : 0,
      "elapsed" : 181,
      "job options" : {
        "rw" : "randread",
        "random_distribution" : "random",
        "numjobs" : "64"
      },
      "read" : {
        "io_bytes" : 22390575513600,
        "io_kbytes" : 21865796400,
        "bw_bytes" : 124390013019,
        "bw" : 121474622,
        "iops" : 30368655.522408,
        "runtime" : 180003,
        "total_ios" : 5466449100,
        "short_ios" : 0,
        "drop_ios" : 0,
        "slat_ns" : {
          "min" : 0,
          "max" : 0,
          "mean" : 0.000000,
          "stddev" : 0.000000,
          "N" : 0
        },
        "clat_ns" : {
          "min" : 124,
          "max" : 16028776,
          "mean" : 1525.938795,
          "stddev" : 6646.797746,
          "N" : 5466449100,
          "percentile" : {
            "1.000000" : 532,
            "5.000000" : 668,
            "10.000000" : 804,
            "20.000000" : 1012,
            "30.000000" : 1176,
            "40.000000" : 1320,
            "50.000000" : 1464,
            "60.000000" : 1608,
            "70.000000" : 1752,
            "80.000000" : 1928,
            "90.000000" : 2192,
            "95.000000" : 2416,
            "99.000000" : 2864,
            "99.500000" : 3056,
            "99.900000" : 3568,
            "99.950000" : 4192,
            "99.990000" : 18560
          }
        },
        "lat_ns" : {
          "min" : 159,
          "max" : 16028821,
          "mean" : 1593.475378,
          "stddev" : 6655.177570,
          "N" : 5466449100
        },
        "bw_min" : 8989531,
        "bw_max" : 151706853,
        "bw_agg" : 100.000000,
        "bw_mean" : 122519469.509181,
        "bw_dev" : 241843.630582,
        "bw_samples" : 22811,
        "iops_min" : 2247376,
        "iops_max" : 37926711,
        "iops_mean" : 30629850.714837,
        "iops_stddev" : 60460.884780,
        "iops_samples" : 22811
      },
      "write" : {
        "io_bytes" : 0,
        "io_kbytes" : 0,
        "bw_bytes" : 0,
        "bw" : 0,
        "iops" : 0.000000,
        "runtime" : 0,
        "total_ios" : 0,
        "short_ios" : 0,
        "drop_ios" : 0,
        "slat_ns" : {
          "min" : 0,
          "max" : 0,
          "mean" : 0.000000,
          "stddev" : 0.000000,
          "N" : 0
        },
        "clat_ns" : {
          "min" : 0,
          "max" : 0,
          "mean" : 0.000000,
          "stddev" : 0.000000,
          "N" : 0
        },
        "lat_ns" : {
          "min" : 0,
          "max" : 0,
          "mean" : 0.000000,
          "stddev" : 0.000000,
          "N" : 0
        },
        "bw_min" : 0,
        "bw_max" : 0,
        "bw_agg" : 0.000000,
        "bw_mean" : 0.000000,
        "bw_dev" : 0.000000,
        "bw_samples" : 0,
        "iops_min" : 0,
        "iops_max" : 0,
        "iops_mean" : 0.000000,
        "iops_stddev" : 0.000000,
        "iops_samples" : 0
      },
      "trim" : {
        "io_bytes" : 0,
        "io_kbytes" : 0,
        "bw_bytes" : 0,
        "bw" : 0,
        "iops" : 0.000000,
        "runtime" : 0,
        "total_ios" : 0,
        "short_ios" : 0,
        "drop_ios" : 0,
        "slat_ns" : {
          "min" : 0,
          "max" : 0,
          "mean" : 0.000000,
          "stddev" : 0.000000,
          "N" : 0
        },
        "clat_ns" : {
          "min" : 0,
          "max" : 0,
          "mean" : 0.000000,
          "stddev" : 0.000000,
          "N" : 0
        },
        "lat_ns" : {
          "min" : 0,
          "max" : 0,
          "mean" : 0.000000,
          "stddev" : 0.000000,
          "N" : 0
        },
        "bw_min" : 0,
        "bw_max" : 0,
        "bw_agg" : 0.000000,
        "bw_mean" : 0.000000,
        "bw_dev" : 0.000000,
        "bw_samples" : 0,
        "iops_min" : 0,
        "iops_max" : 0,
        "iops_mean" : 0.000000,
        "iops_stddev" : 0.000000,
        "iops_samples" : 0
      },
      "sync" : {
        "total_ios" : 0,
        "lat_ns" : {
          "min" : 0,
          "max" : 0,
          "mean" : 0.000000,
          "stddev" : 0.000000,
          "N" : 0
        }
      },
      "job_runtime" : 11520010,
      "usr_cpu" : 97.678952,
      "sys_cpu" : 0.233212,
      "ctx" : 994136,
      "majf" : 196637,
      "minf" : 109512,
      "iodepth_level" : {
        "1" : 100.000000,
        "2" : 0.000000,
        "4" : 0.000000,
        "8" : 0.000000,
        "16" : 0.000000,
        "32" : 0.000000,
        ">=64" : 0.000000
      },
      "iodepth_submit" : {
        "0" : 0.000000,
        "4" : 100.000000,
        "8" : 0.000000,
        "16" : 0.000000,
        "32" : 0.000000,
        "64" : 0.000000,
        ">=64" : 0.000000
      },
      "iodepth_complete" : {
        "0" : 0.000000,
        "4" : 100.000000,
        "8" : 0.000000,
        "16" : 0.000000,
        "32" : 0.000000,
        "64" : 0.000000,
        ">=64" : 0.000000
      },
      "latency_ns" : {
        "2" : 0.000000,
        "4" : 0.000000,
        "10" : 0.000000,
        "20" : 0.000000,
        "50" : 0.000000,
        "100" : 0.000000,
        "250" : 0.031597,
        "500" : 0.358258,
        "750" : 7.357411,
        "1000" : 11.774089
      },
      "latency_us" : {
        "2" : 63.820897,
        "4" : 16.602328,
        "10" : 0.011568,
        "20" : 0.035385,
        "50" : 0.010000,
        "100" : 0.010000,
        "250" : 0.010000,
        "500" : 0.010000,
        "750" : 0.010000,
        "1000" : 0.010000
      },
      "latency_ms" : {
        "2" : 0.010000,
        "4" : 0.010000,
        "10" : 0.010000,
        "20" : 0.010000,
        "50" : 0.000000,
        "100" : 0.000000,
        "250" : 0.000000,
        "500" : 0.000000,
        "750" : 0.000000,
        "1000" : 0.000000,
        "2000" : 0.000000,
        ">=2000" : 0.000000
      },
      "latency_depth" : 1,
      "latency_target" : 0,
      "latency_percentile" : 100.000000,
      "latency_window" : 0
    }
  ],
  "disk_util" : [
    {
      "name" : "sda",
      "read_ios" : 196835,
      "write_ios" : 39151,
      "read_sectors" : 1588304,
      "write_sectors" : 1576640,
      "read_merges" : 445,
      "write_merges" : 483,
      "read_ticks" : 163375,
      "write_ticks" : 47287,
      "in_queue" : 210668,
      "util" : 2.278155
    }
  ]
}
