{
  "fio version" : "fio-3.40",
  "timestamp" : 1771889401,
  "timestamp_ms" : 1771889401531,
  "time" : "Tue Feb 24 00:30:01 2026",
  "global options" : {
    "group_reporting" : "",
    "ioengine" : "mmap",
    "size" : "768m",
    "thread" : "1",
    "directory" : "/tmp",
    "time_based" : "",
    "runtime" : "180",
    "norandommap" : "1",
    "filename" : "/tmp/fio_readwrite",
    "share_mmap" : "1",
    "repl" : "1"
  },
  "jobs" : [
    {
      "jobname" : "writers",
      "groupid" : 0,
      "job_start" : 1771889221233,
      "error" : 0,
      "eta" : 0,
      "elapsed" : 181,
      "job options" : {
        "rw" : "randread",
        "random_distribution" : "random",
        "numjobs" : "19"
      },
      "read" : {
        "io_bytes" : 3221649653760,
        "io_kbytes" : 3146142240,
        "bw_bytes" : 17897854766,
        "bw" : 17478373,
        "iops" : 4369593.448962,
        "runtime" : 180002,
        "total_ios" : 786535560,
        "short_ios" : 0,
        "drop_ios" : 0,
        "slat_ns" : {
          "min" : 0,
          "max" : 0,
          "mean" : 0.000000,
          "stddev" : 0.000000,
          "N" : 0
        },
        "clat_ns" : {
          "min" : 127,
          "max" : 8040918,
          "mean" : 3171.289169,
          "stddev" : 7915.452279,
          "N" : 786535560,
          "percentile" : {
            "1.000000" : 892,
            "5.000000" : 1368,
            "10.000000" : 1688,
            "20.000000" : 2128,
            "30.000000" : 2448,
            "40.000000" : 2704,
            "50.000000" : 2960,
            "60.000000" : 3184,
            "70.000000" : 3440,
            "80.000000" : 3728,
            "90.000000" : 4192,
            "95.000000" : 4576,
            "99.000000" : 5600,
            "99.500000" : 6304,
            "99.900000" : 89600,
            "99.950000" : 107008,
            "99.990000" : 211968
          }
        },
        "lat_ns" : {
          "min" : 163,
          "max" : 8040995,
          "mean" : 3286.902144,
          "stddev" : 7959.862975,
          "N" : 786535560
        },
        "bw_min" : 87860,
        "bw_max" : 20819974,
        "bw_agg" : 100.000000,
        "bw_mean" : 17716827.829428,
        "bw_dev" : 191908.237558,
        "bw_samples" : 6734,
        "iops_min" : 21965,
        "iops_max" : 5204992,
        "iops_mean" : 4429203.477087,
        "iops_stddev" : 47977.034228,
        "iops_samples" : 6734
      },
      "write" : {
        "io_bytes" : 7964218699776,
        "io_kbytes" : 7777557324,
        "bw_bytes" : 44245167830,
        "bw" : 43208171,
        "iops" : 10802042.927301,
        "runtime" : 180002,
        "total_ios" : 1944389331,
        "short_ios" : 0,
        "drop_ios" : 0,
        "slat_ns" : {
          "min" : 0,
          "max" : 0,
          "mean" : 0.000000,
          "stddev" : 0.000000,
          "N" : 0
        },
        "clat_ns" : {
          "min" : 126,
          "max" : 8235054,
          "mean" : 3080.776676,
          "stddev" : 8819.806831,
          "N" : 1944389331,
          "percentile" : {
            "1.000000" : 972,
            "5.000000" : 1416,
            "10.000000" : 1736,
            "20.000000" : 2096,
            "30.000000" : 2352,
            "40.000000" : 2576,
            "50.000000" : 2800,
            "60.000000" : 3024,
            "70.000000" : 3280,
            "80.000000" : 3600,
            "90.000000" : 4016,
            "95.000000" : 4384,
            "99.000000" : 5280,
            "99.500000" : 5856,
            "99.900000" : 89600,
            "99.950000" : 160768,
            "99.990000" : 242688
          }
        },
        "lat_ns" : {
          "min" : 176,
          "max" : 8235113,
          "mean" : 3204.867094,
          "stddev" : 8871.987859,
          "N" : 1944389331
        },
        "bw_min" : 274479,
        "bw_max" : 47982309,
        "bw_agg" : 100.000000,
        "bw_mean" : 43806143.952455,
        "bw_dev" : 216657.785752,
        "bw_samples" : 15948,
        "iops_min" : 68617,
        "iops_max" : 11995576,
        "iops_mean" : 10951527.835490,
        "iops_stddev" : 54164.417184,
        "iops_samples" : 15948
      },
      "trim" : {
        "io_bytes" : 0,
        "io_kbytes" : 0,
        "bw_bytes" : 0,
        "bw" : 0,
        "iops" : 0.000000,
        "runtime" : 0,
        "total_ios" : 0,
        "short_ios" : 0,
        "drop_ios" : 0,
        "slat_ns" : {
          "min" : 0,
          "max" : 0,
          "mean" : 0.000000,
          "stddev" : 0.000000,
          "N" : 0
        },
        "clat_ns" : {
          "min" : 0,
          "max" : 0,
          "mean" : 0.000000,
          "stddev" : 0.000000,
          "N" : 0
        },
        "lat_ns" : {
          "min" : 0,
          "max" : 0,
          "mean" : 0.000000,
          "stddev" : 0.000000,
          "N" : 0
        },
        "bw_min" : 0,
        "bw_max" : 0,
        "bw_agg" : 0.000000,
        "bw_mean" : 0.000000,
        "bw_dev" : 0.000000,
        "bw_samples" : 0,
        "iops_min" : 0,
        "iops_max" : 0,
        "iops_mean" : 0.000000,
        "iops_stddev" : 0.000000,
        "iops_samples" : 0
      },
      "sync" : {
        "total_ios" : 0,
        "lat_ns" : {
          "min" : 0,
          "max" : 0,
          "mean" : 0.000000,
          "stddev" : 0.000000,
          "N" : 0
        }
      },
      "job_runtime" : 11520012,
      "usr_cpu" : 93.443366,
      "sys_cpu" : 5.250064,
      "ctx" : 397236,
      "majf" : 150792,
      "minf" : 4016680,
      "iodepth_level" : {
        "1" : 100.000000,
        "2" : 0.000000,
        "4" : 0.000000,
        "8" : 0.000000,
        "16" : 0.000000,
        "32" : 0.000000,
        ">=64" : 0.000000
      },
      "iodepth_submit" : {
        "0" : 0.000000,
        "4" : 100.000000,
        "8" : 0.000000,
        "16" : 0.000000,
        "32" : 0.000000,
        "64" : 0.000000,
        ">=64" : 0.000000
      },
      "iodepth_complete" : {
        "0" : 0.000000,
        "4" : 100.000000,
        "8" : 0.000000,
        "16" : 0.000000,
        "32" : 0.000000,
        "64" : 0.000000,
        ">=64" : 0.000000
      },
      "latency_ns" : {
        "2" : 0.000000,
        "4" : 0.000000,
        "10" : 0.000000,
        "20" : 0.000000,
        "50" : 0.000000,
        "100" : 0.000000,
        "250" : 0.022592,
        "500" : 0.033720,
        "750" : 0.254233,
        "1000" : 0.962476
      },
      "latency_us" : {
        "2" : 15.359746,
        "4" : 72.272988,
        "10" : 10.862600,
        "20" : 0.037843,
        "50" : 0.042867,
        "100" : 0.070404,
        "250" : 0.071860,
        "500" : 0.010000,
        "750" : 0.010000,
        "1000" : 0.010000
      },
      "latency_ms" : {
        "2" : 0.010000,
        "4" : 0.010000,
        "10" : 0.010000,
        "20" : 0.000000,
        "50" : 0.000000,
        "100" : 0.000000,
        "250" : 0.000000,
        "500" : 0.000000,
        "750" : 0.000000,
        "1000" : 0.000000,
        "2000" : 0.000000,
        ">=2000" : 0.000000
      },
      "latency_depth" : 1,
      "latency_target" : 0,
      "latency_percentile" : 100.000000,
      "latency_window" : 0
    }
  ],
  "disk_util" : [
    {
      "name" : "sda",
      "read_ios" : 150784,
      "write_ios" : 37769,
      "read_sectors" : 1207624,
      "write_sectors" : 1906192,
      "read_merges" : 169,
      "write_merges" : 873,
      "read_ticks" : 83644,
      "write_ticks" : 23258356,
      "in_queue" : 23342007,
      "util" : 2.369119
    }
  ]
}
