{
  "fio version" : "fio-3.40",
  "timestamp" : 1771873842,
  "timestamp_ms" : 1771873842135,
  "time" : "Mon Feb 23 20:10:42 2026",
  "global options" : {
    "group_reporting" : "",
    "ioengine" : "mmap",
    "size" : "768m",
    "thread" : "1",
    "directory" : "/tmp",
    "time_based" : "",
    "runtime" : "180",
    "norandommap" : "1",
    "filename" : "/tmp/fio_readwrite",
    "share_mmap" : "1",
    "repl" : "1"
  },
  "jobs" : [
    {
      "jobname" : "writers",
      "groupid" : 0,
      "job_start" : 1771873661927,
      "error" : 0,
      "eta" : 0,
      "elapsed" : 181,
      "job options" : {
        "rw" : "randread",
        "random_distribution" : "random",
        "numjobs" : "61"
      },
      "read" : {
        "io_bytes" : 18186912776192,
        "io_kbytes" : 17760657008,
        "bw_bytes" : 101035597767,
        "bw" : 98667575,
        "iops" : 24666893.986278,
        "runtime" : 180005,
        "total_ios" : 4440164252,
        "short_ios" : 0,
        "drop_ios" : 0,
        "slat_ns" : {
          "min" : 0,
          "max" : 0,
          "mean" : 0.000000,
          "stddev" : 0.000000,
          "N" : 0
        },
        "clat_ns" : {
          "min" : 123,
          "max" : 36034062,
          "mean" : 1819.743389,
          "stddev" : 8307.683450,
          "N" : 4440164252,
          "percentile" : {
            "1.000000" : 532,
            "5.000000" : 692,
            "10.000000" : 844,
            "20.000000" : 1080,
            "30.000000" : 1288,
            "40.000000" : 1480,
            "50.000000" : 1656,
            "60.000000" : 1832,
            "70.000000" : 2024,
            "80.000000" : 2256,
            "90.000000" : 2640,
            "95.000000" : 3024,
            "99.000000" : 4128,
            "99.500000" : 4512,
            "99.900000" : 20352,
            "99.950000" : 59648,
            "99.990000" : 77312
          }
        },
        "lat_ns" : {
          "min" : 159,
          "max" : 36034103,
          "mean" : 1894.176879,
          "stddev" : 8337.399803,
          "N" : 4440164252
        },
        "bw_min" : 9592087,
        "bw_max" : 133418557,
        "bw_agg" : 100.000000,
        "bw_mean" : 99406292.856410,
        "bw_dev" : 264689.155551,
        "bw_samples" : 21756,
        "iops_min" : 2398016,
        "iops_max" : 33354629,
        "iops_mean" : 24851560.189271,
        "iops_stddev" : 66172.218982,
        "iops_samples" : 21756
      },
      "write" : {
        "io_bytes" : 442834296832,
        "io_kbytes" : 432455368,
        "bw_bytes" : 2460135868,
        "bw" : 2402476,
        "iops" : 600619.108464,
        "runtime" : 180004,
        "total_ios" : 108113842,
        "short_ios" : 0,
        "drop_ios" : 0,
        "slat_ns" : {
          "min" : 0,
          "max" : 0,
          "mean" : 0.000000,
          "stddev" : 0.000000,
          "N" : 0
        },
        "clat_ns" : {
          "min" : 132,
          "max" : 74692930,
          "mean" : 4304.575113,
          "stddev" : 19630.125194,
          "N" : 108113842,
          "percentile" : {
            "1.000000" : 1032,
            "5.000000" : 1320,
            "10.000000" : 1464,
            "20.000000" : 1656,
            "30.000000" : 1800,
            "40.000000" : 1928,
            "50.000000" : 2064,
            "60.000000" : 2192,
            "70.000000" : 2320,
            "80.000000" : 2512,
            "90.000000" : 2800,
            "95.000000" : 3280,
            "99.000000" : 64768,
            "99.500000" : 70144,
            "99.900000" : 81408,
            "99.950000" : 95744,
            "99.990000" : 387072
          }
        },
        "lat_ns" : {
          "min" : 190,
          "max" : 74693111,
          "mean" : 4398.310583,
          "stddev" : 19638.767285,
          "N" : 108113842
        },
        "bw_min" : 16392,
        "bw_max" : 4390832,
        "bw_agg" : 100.000000,
        "bw_mean" : 2403932.688022,
        "bw_dev" : 673517.637210,
        "bw_samples" : 1077,
        "iops_min" : 4098,
        "iops_max" : 1097706,
        "iops_mean" : 600982.571031,
        "iops_stddev" : 168379.511138,
        "iops_samples" : 1077
      },
      "trim" : {
        "io_bytes" : 0,
        "io_kbytes" : 0,
        "bw_bytes" : 0,
        "bw" : 0,
        "iops" : 0.000000,
        "runtime" : 0,
        "total_ios" : 0,
        "short_ios" : 0,
        "drop_ios" : 0,
        "slat_ns" : {
          "min" : 0,
          "max" : 0,
          "mean" : 0.000000,
          "stddev" : 0.000000,
          "N" : 0
        },
        "clat_ns" : {
          "min" : 0,
          "max" : 0,
          "mean" : 0.000000,
          "stddev" : 0.000000,
          "N" : 0
        },
        "lat_ns" : {
          "min" : 0,
          "max" : 0,
          "mean" : 0.000000,
          "stddev" : 0.000000,
          "N" : 0
        },
        "bw_min" : 0,
        "bw_max" : 0,
        "bw_agg" : 0.000000,
        "bw_mean" : 0.000000,
        "bw_dev" : 0.000000,
        "bw_samples" : 0,
        "iops_min" : 0,
        "iops_max" : 0,
        "iops_mean" : 0.000000,
        "iops_stddev" : 0.000000,
        "iops_samples" : 0
      },
      "sync" : {
        "total_ios" : 0,
        "lat_ns" : {
          "min" : 0,
          "max" : 0,
          "mean" : 0.000000,
          "stddev" : 0.000000,
          "N" : 0
        }
      },
      "job_runtime" : 11520050,
      "usr_cpu" : 93.710869,
      "sys_cpu" : 4.049496,
      "ctx" : 1037603,
      "majf" : 196646,
      "minf" : 7729343,
      "iodepth_level" : {
        "1" : 100.000000,
        "2" : 0.000000,
        "4" : 0.000000,
        "8" : 0.000000,
        "16" : 0.000000,
        "32" : 0.000000,
        ">=64" : 0.000000
      },
      "iodepth_submit" : {
        "0" : 0.000000,
        "4" : 100.000000,
        "8" : 0.000000,
        "16" : 0.000000,
        "32" : 0.000000,
        "64" : 0.000000,
        ">=64" : 0.000000
      },
      "iodepth_complete" : {
        "0" : 0.000000,
        "4" : 100.000000,
        "8" : 0.000000,
        "16" : 0.000000,
        "32" : 0.000000,
        "64" : 0.000000,
        ">=64" : 0.000000
      },
      "latency_ns" : {
        "2" : 0.000000,
        "4" : 0.000000,
        "10" : 0.000000,
        "20" : 0.000000,
        "50" : 0.000000,
        "100" : 0.000000,
        "250" : 0.026527,
        "500" : 0.432333,
        "750" : 6.172181,
        "1000" : 9.541446
      },
      "latency_us" : {
        "2" : 51.879192,
        "4" : 30.676801,
        "10" : 1.052911,
        "20" : 0.031199,
        "50" : 0.032359,
        "100" : 0.148848,
        "250" : 0.010000,
        "500" : 0.010000,
        "750" : 0.010000,
        "1000" : 0.010000
      },
      "latency_ms" : {
        "2" : 0.010000,
        "4" : 0.010000,
        "10" : 0.010000,
        "20" : 0.010000,
        "50" : 0.010000,
        "100" : 0.010000,
        "250" : 0.000000,
        "500" : 0.000000,
        "750" : 0.000000,
        "1000" : 0.000000,
        "2000" : 0.000000,
        ">=2000" : 0.000000
      },
      "latency_depth" : 1,
      "latency_target" : 0,
      "latency_percentile" : 100.000000,
      "latency_window" : 0
    }
  ],
  "disk_util" : [
    {
      "name" : "sda",
      "read_ios" : 196625,
      "write_ios" : 177533,
      "read_sectors" : 1574432,
      "write_sectors" : 5666048,
      "read_merges" : 179,
      "write_merges" : 490,
      "read_ticks" : 168460,
      "write_ticks" : 275921,
      "in_queue" : 444390,
      "util" : 4.764104
    }
  ]
}
