{
  "fio version" : "fio-3.40",
  "timestamp" : 1772002769,
  "timestamp_ms" : 1772002769990,
  "time" : "Wed Feb 25 07:59:29 2026",
  "global options" : {
    "group_reporting" : "",
    "ioengine" : "mmap",
    "size" : "768m",
    "thread" : "1",
    "directory" : "/tmp",
    "time_based" : "",
    "runtime" : "180",
    "norandommap" : "1",
    "filename" : "/tmp/fio_readwrite",
    "share_mmap" : "1",
    "repl" : "1"
  },
  "jobs" : [
    {
      "jobname" : "writers",
      "groupid" : 0,
      "job_start" : 1772002589940,
      "error" : 0,
      "eta" : 0,
      "elapsed" : 181,
      "job options" : {
        "rw" : "randread",
        "random_distribution" : "random",
        "numjobs" : "6"
      },
      "read" : {
        "io_bytes" : 887762497536,
        "io_kbytes" : 866955564,
        "bw_bytes" : 4931959075,
        "bw" : 4816366,
        "iops" : 1204091.571205,
        "runtime" : 180002,
        "total_ios" : 216738891,
        "short_ios" : 0,
        "drop_ios" : 0,
        "slat_ns" : {
          "min" : 0,
          "max" : 0,
          "mean" : 0.000000,
          "stddev" : 0.000000,
          "N" : 0
        },
        "clat_ns" : {
          "min" : 127,
          "max" : 8065120,
          "mean" : 3810.758551,
          "stddev" : 15485.755656,
          "N" : 216738891,
          "percentile" : {
            "1.000000" : 1020,
            "5.000000" : 1640,
            "10.000000" : 2064,
            "20.000000" : 2608,
            "30.000000" : 2992,
            "40.000000" : 3344,
            "50.000000" : 3664,
            "60.000000" : 3952,
            "70.000000" : 4320,
            "80.000000" : 4704,
            "90.000000" : 5280,
            "95.000000" : 5792,
            "99.000000" : 7008,
            "99.500000" : 7520,
            "99.900000" : 17792,
            "99.950000" : 22656,
            "99.990000" : 199680
          }
        },
        "lat_ns" : {
          "min" : 163,
          "max" : 8065188,
          "mean" : 3887.336895,
          "stddev" : 15604.604602,
          "N" : 216738891
        },
        "bw_min" : 18944,
        "bw_max" : 5869123,
        "bw_agg" : 100.000000,
        "bw_mean" : 4862033.461972,
        "bw_dev" : 122033.145839,
        "bw_samples" : 2130,
        "iops_min" : 4736,
        "iops_max" : 1467282,
        "iops_mean" : 1215507.073239,
        "iops_stddev" : 30508.262425,
        "iops_samples" : 2130
      },
      "write" : {
        "io_bytes" : 8556387528704,
        "io_kbytes" : 8355847196,
        "bw_bytes" : 47534694025,
        "bw" : 46420599,
        "iops" : 11605149.908613,
        "runtime" : 180003,
        "total_ios" : 2088961799,
        "short_ios" : 0,
        "drop_ios" : 0,
        "slat_ns" : {
          "min" : 0,
          "max" : 0,
          "mean" : 0.000000,
          "stddev" : 0.000000,
          "N" : 0
        },
        "clat_ns" : {
          "min" : 125,
          "max" : 58703496,
          "mean" : 3591.723055,
          "stddev" : 16161.000579,
          "N" : 2088961799,
          "percentile" : {
            "1.000000" : 1020,
            "5.000000" : 1560,
            "10.000000" : 1912,
            "20.000000" : 2384,
            "30.000000" : 2736,
            "40.000000" : 3056,
            "50.000000" : 3344,
            "60.000000" : 3632,
            "70.000000" : 3952,
            "80.000000" : 4384,
            "90.000000" : 4960,
            "95.000000" : 5472,
            "99.000000" : 6624,
            "99.500000" : 7264,
            "99.900000" : 24192,
            "99.950000" : 80384,
            "99.990000" : 362496
          }
        },
        "lat_ns" : {
          "min" : 173,
          "max" : 58703598,
          "mean" : 3741.875541,
          "stddev" : 16362.764673,
          "N" : 2088961799
        },
        "bw_min" : 185032,
        "bw_max" : 55179481,
        "bw_agg" : 100.000000,
        "bw_mean" : 46853447.256338,
        "bw_dev" : 120988.056044,
        "bw_samples" : 20590,
        "iops_min" : 46258,
        "iops_max" : 13794863,
        "iops_mean" : 11713349.839437,
        "iops_stddev" : 30246.988887,
        "iops_samples" : 20590
      },
      "trim" : {
        "io_bytes" : 0,
        "io_kbytes" : 0,
        "bw_bytes" : 0,
        "bw" : 0,
        "iops" : 0.000000,
        "runtime" : 0,
        "total_ios" : 0,
        "short_ios" : 0,
        "drop_ios" : 0,
        "slat_ns" : {
          "min" : 0,
          "max" : 0,
          "mean" : 0.000000,
          "stddev" : 0.000000,
          "N" : 0
        },
        "clat_ns" : {
          "min" : 0,
          "max" : 0,
          "mean" : 0.000000,
          "stddev" : 0.000000,
          "N" : 0
        },
        "lat_ns" : {
          "min" : 0,
          "max" : 0,
          "mean" : 0.000000,
          "stddev" : 0.000000,
          "N" : 0
        },
        "bw_min" : 0,
        "bw_max" : 0,
        "bw_agg" : 0.000000,
        "bw_mean" : 0.000000,
        "bw_dev" : 0.000000,
        "bw_samples" : 0,
        "iops_min" : 0,
        "iops_max" : 0,
        "iops_mean" : 0.000000,
        "iops_stddev" : 0.000000,
        "iops_samples" : 0
      },
      "sync" : {
        "total_ios" : 0,
        "lat_ns" : {
          "min" : 0,
          "max" : 0,
          "mean" : 0.000000,
          "stddev" : 0.000000,
          "N" : 0
        }
      },
      "job_runtime" : 11520017,
      "usr_cpu" : 95.336205,
      "sys_cpu" : 1.172099,
      "ctx" : 744465,
      "majf" : 196610,
      "minf" : 1689130,
      "iodepth_level" : {
        "1" : 100.000000,
        "2" : 0.000000,
        "4" : 0.000000,
        "8" : 0.000000,
        "16" : 0.000000,
        "32" : 0.000000,
        ">=64" : 0.000000
      },
      "iodepth_submit" : {
        "0" : 0.000000,
        "4" : 100.000000,
        "8" : 0.000000,
        "16" : 0.000000,
        "32" : 0.000000,
        "64" : 0.000000,
        ">=64" : 0.000000
      },
      "iodepth_complete" : {
        "0" : 0.000000,
        "4" : 100.000000,
        "8" : 0.000000,
        "16" : 0.000000,
        "32" : 0.000000,
        "64" : 0.000000,
        ">=64" : 0.000000
      },
      "latency_ns" : {
        "2" : 0.000000,
        "4" : 0.000000,
        "10" : 0.000000,
        "20" : 0.000000,
        "50" : 0.000000,
        "100" : 0.000000,
        "250" : 0.021343,
        "500" : 0.035775,
        "750" : 0.212204,
        "1000" : 0.659512
      },
      "latency_us" : {
        "2" : 10.412027,
        "4" : 58.820280,
        "10" : 29.657699,
        "20" : 0.036419,
        "50" : 0.091968,
        "100" : 0.017432,
        "250" : 0.024873,
        "500" : 0.010000,
        "750" : 0.010000,
        "1000" : 0.010000
      },
      "latency_ms" : {
        "2" : 0.010000,
        "4" : 0.010000,
        "10" : 0.010000,
        "20" : 0.000000,
        "50" : 0.000000,
        "100" : 0.010000,
        "250" : 0.000000,
        "500" : 0.000000,
        "750" : 0.000000,
        "1000" : 0.000000,
        "2000" : 0.000000,
        ">=2000" : 0.000000
      },
      "latency_depth" : 1,
      "latency_target" : 0,
      "latency_percentile" : 100.000000,
      "latency_window" : 0
    }
  ],
  "disk_util" : [
    {
      "name" : "sda",
      "read_ios" : 196550,
      "write_ios" : 106436,
      "read_sectors" : 1574160,
      "write_sectors" : 14127728,
      "read_merges" : 220,
      "write_merges" : 9147,
      "read_ticks" : 181814,
      "write_ticks" : 105066680,
      "in_queue" : 105248502,
      "util" : 9.051558
    }
  ]
}
