{
  "fio version" : "fio-3.40",
  "timestamp" : 1771993363,
  "timestamp_ms" : 1771993363399,
  "time" : "Wed Feb 25 05:22:43 2026",
  "global options" : {
    "group_reporting" : "",
    "ioengine" : "mmap",
    "size" : "768m",
    "thread" : "1",
    "directory" : "/tmp",
    "time_based" : "",
    "runtime" : "180",
    "norandommap" : "1",
    "filename" : "/tmp/fio_readwrite",
    "share_mmap" : "1",
    "repl" : "1"
  },
  "jobs" : [
    {
      "jobname" : "writers",
      "groupid" : 0,
      "job_start" : 1771993183218,
      "error" : 0,
      "eta" : 0,
      "elapsed" : 181,
      "job options" : {
        "rw" : "randread",
        "random_distribution" : "random",
        "numjobs" : "45"
      },
      "read" : {
        "io_bytes" : 8683040034816,
        "io_kbytes" : 8479531284,
        "bw_bytes" : 48238575320,
        "bw" : 47107983,
        "iops" : 11776995.927823,
        "runtime" : 180002,
        "total_ios" : 2119882821,
        "short_ios" : 0,
        "drop_ios" : 0,
        "slat_ns" : {
          "min" : 0,
          "max" : 0,
          "mean" : 0.000000,
          "stddev" : 0.000000,
          "N" : 0
        },
        "clat_ns" : {
          "min" : 126,
          "max" : 48038854,
          "mean" : 3067.771846,
          "stddev" : 12309.049632,
          "N" : 2119882821,
          "percentile" : {
            "1.000000" : 1080,
            "5.000000" : 1592,
            "10.000000" : 1880,
            "20.000000" : 2224,
            "30.000000" : 2480,
            "40.000000" : 2736,
            "50.000000" : 2960,
            "60.000000" : 3184,
            "70.000000" : 3408,
            "80.000000" : 3696,
            "90.000000" : 4128,
            "95.000000" : 4512,
            "99.000000" : 5408,
            "99.500000" : 5792,
            "99.900000" : 7328,
            "99.950000" : 14784,
            "99.990000" : 33536
          }
        },
        "lat_ns" : {
          "min" : 161,
          "max" : 76033958,
          "mean" : 3142.763646,
          "stddev" : 12508.178283,
          "N" : 2119882821
        },
        "bw_min" : 36648,
        "bw_max" : 53225108,
        "bw_agg" : 100.000000,
        "bw_mean" : 47418933.487395,
        "bw_dev" : 154195.927295,
        "bw_samples" : 16065,
        "iops_min" : 9162,
        "iops_max" : 13306272,
        "iops_mean" : 11854726.535014,
        "iops_stddev" : 38548.963390,
        "iops_samples" : 16065
      },
      "write" : {
        "io_bytes" : 3627370242048,
        "io_kbytes" : 3542353752,
        "bw_bytes" : 20151721038,
        "bw" : 19679415,
        "iops" : 4919853.769104,
        "runtime" : 180003,
        "total_ios" : 885588438,
        "short_ios" : 0,
        "drop_ios" : 0,
        "slat_ns" : {
          "min" : 0,
          "max" : 0,
          "mean" : 0.000000,
          "stddev" : 0.000000,
          "N" : 0
        },
        "clat_ns" : {
          "min" : 124,
          "max" : 32035752,
          "mean" : 2982.466151,
          "stddev" : 14168.460162,
          "N" : 885588438,
          "percentile" : {
            "1.000000" : 1192,
            "5.000000" : 1608,
            "10.000000" : 1832,
            "20.000000" : 2128,
            "30.000000" : 2352,
            "40.000000" : 2576,
            "50.000000" : 2768,
            "60.000000" : 2960,
            "70.000000" : 3184,
            "80.000000" : 3472,
            "90.000000" : 3856,
            "95.000000" : 4192,
            "99.000000" : 5088,
            "99.500000" : 5792,
            "99.900000" : 24448,
            "99.950000" : 58112,
            "99.990000" : 112128
          }
        },
        "lat_ns" : {
          "min" : 173,
          "max" : 32035814,
          "mean" : 3092.171859,
          "stddev" : 14341.111126,
          "N" : 885588438
        },
        "bw_min" : 15256,
        "bw_max" : 23131643,
        "bw_agg" : 100.000000,
        "bw_mean" : 19809609.221289,
        "bw_dev" : 158546.894776,
        "bw_samples" : 6783,
        "iops_min" : 3814,
        "iops_max" : 5782907,
        "iops_mean" : 4952399.442577,
        "iops_stddev" : 39636.700930,
        "iops_samples" : 6783
      },
      "trim" : {
        "io_bytes" : 0,
        "io_kbytes" : 0,
        "bw_bytes" : 0,
        "bw" : 0,
        "iops" : 0.000000,
        "runtime" : 0,
        "total_ios" : 0,
        "short_ios" : 0,
        "drop_ios" : 0,
        "slat_ns" : {
          "min" : 0,
          "max" : 0,
          "mean" : 0.000000,
          "stddev" : 0.000000,
          "N" : 0
        },
        "clat_ns" : {
          "min" : 0,
          "max" : 0,
          "mean" : 0.000000,
          "stddev" : 0.000000,
          "N" : 0
        },
        "lat_ns" : {
          "min" : 0,
          "max" : 0,
          "mean" : 0.000000,
          "stddev" : 0.000000,
          "N" : 0
        },
        "bw_min" : 0,
        "bw_max" : 0,
        "bw_agg" : 0.000000,
        "bw_mean" : 0.000000,
        "bw_dev" : 0.000000,
        "bw_samples" : 0,
        "iops_min" : 0,
        "iops_max" : 0,
        "iops_mean" : 0.000000,
        "iops_stddev" : 0.000000,
        "iops_samples" : 0
      },
      "sync" : {
        "total_ios" : 0,
        "lat_ns" : {
          "min" : 0,
          "max" : 0,
          "mean" : 0.000000,
          "stddev" : 0.000000,
          "N" : 0
        }
      },
      "job_runtime" : 11520008,
      "usr_cpu" : 96.376713,
      "sys_cpu" : 0.721710,
      "ctx" : 604607,
      "majf" : 196604,
      "minf" : 2248711,
      "iodepth_level" : {
        "1" : 100.000000,
        "2" : 0.000000,
        "4" : 0.000000,
        "8" : 0.000000,
        "16" : 0.000000,
        "32" : 0.000000,
        ">=64" : 0.000000
      },
      "iodepth_submit" : {
        "0" : 0.000000,
        "4" : 100.000000,
        "8" : 0.000000,
        "16" : 0.000000,
        "32" : 0.000000,
        "64" : 0.000000,
        ">=64" : 0.000000
      },
      "iodepth_complete" : {
        "0" : 0.000000,
        "4" : 100.000000,
        "8" : 0.000000,
        "16" : 0.000000,
        "32" : 0.000000,
        "64" : 0.000000,
        ">=64" : 0.000000
      },
      "latency_ns" : {
        "2" : 0.000000,
        "4" : 0.000000,
        "10" : 0.000000,
        "20" : 0.000000,
        "50" : 0.000000,
        "100" : 0.000000,
        "250" : 0.028980,
        "500" : 0.039115,
        "750" : 0.172899,
        "1000" : 0.445364
      },
      "latency_us" : {
        "2" : 13.024038,
        "4" : 75.589592,
        "10" : 10.546689,
        "20" : 0.097788,
        "50" : 0.031597,
        "100" : 0.014271,
        "250" : 0.010000,
        "500" : 0.010000,
        "750" : 0.010000,
        "1000" : 0.010000
      },
      "latency_ms" : {
        "2" : 0.010000,
        "4" : 0.010000,
        "10" : 0.010000,
        "20" : 0.010000,
        "50" : 0.010000,
        "100" : 0.000000,
        "250" : 0.000000,
        "500" : 0.000000,
        "750" : 0.000000,
        "1000" : 0.000000,
        "2000" : 0.000000,
        ">=2000" : 0.000000
      },
      "latency_depth" : 1,
      "latency_target" : 0,
      "latency_percentile" : 100.000000,
      "latency_window" : 0
    }
  ],
  "disk_util" : [
    {
      "name" : "sda",
      "read_ios" : 196650,
      "write_ios" : 70759,
      "read_sectors" : 1582624,
      "write_sectors" : 17684640,
      "read_merges" : 367,
      "write_merges" : 2370,
      "read_ticks" : 154579,
      "write_ticks" : 48710075,
      "in_queue" : 48864660,
      "util" : 10.825132
    }
  ]
}
