{
  "fio version" : "fio-3.40",
  "timestamp" : 1756995327,
  "timestamp_ms" : 1756995327308,
  "time" : "Thu Sep  4 16:15:27 2025",
  "global options" : {
    "group_reporting" : "",
    "ioengine" : "mmap",
    "size" : "256m",
    "thread" : "1",
    "directory" : "/tmp",
    "time_based" : "",
    "runtime" : "30",
    "filename" : "/tmp/fio_readwrite",
    "share_mmap" : "1",
    "repl" : "1"
  },
  "jobs" : [
    {
      "jobname" : "writers",
      "groupid" : 0,
      "job_start" : 1756995295161,
      "error" : 0,
      "eta" : 0,
      "elapsed" : 33,
      "job options" : {
        "rw" : "randread",
        "random_distribution" : "random",
        "numjobs" : "38"
      },
      "read" : {
        "io_bytes" : 112206176256,
        "io_kbytes" : 109576344,
        "bw_bytes" : 3500645064,
        "bw" : 3418598,
        "iops" : 854649.673977,
        "runtime" : 32053,
        "total_ios" : 27394086,
        "short_ios" : 0,
        "drop_ios" : 0,
        "slat_ns" : {
          "min" : 0,
          "max" : 0,
          "mean" : 0.000000,
          "stddev" : 0.000000,
          "N" : 0
        },
        "clat_ns" : {
          "min" : 100,
          "max" : 6090084,
          "mean" : 2733.324354,
          "stddev" : 44393.139693,
          "N" : 27394086,
          "percentile" : {
            "1.000000" : 382,
            "5.000000" : 498,
            "10.000000" : 596,
            "20.000000" : 748,
            "30.000000" : 852,
            "40.000000" : 972,
            "50.000000" : 1096,
            "60.000000" : 1256,
            "70.000000" : 1448,
            "80.000000" : 1736,
            "90.000000" : 2224,
            "95.000000" : 2704,
            "99.000000" : 3792,
            "99.500000" : 4384,
            "99.900000" : 667648,
            "99.950000" : 987136,
            "99.990000" : 1957888
          }
        },
        "lat_ns" : {
          "min" : 127,
          "max" : 6090168,
          "mean" : 2789.559749,
          "stddev" : 44394.378334,
          "N" : 27394086
        },
        "bw_min" : 125209,
        "bw_max" : 19922944,
        "bw_agg" : 100.000000,
        "bw_mean" : 13818393.431664,
        "bw_dev" : 201235.165156,
        "bw_samples" : 604,
        "iops_min" : 31302,
        "iops_max" : 4980736,
        "iops_mean" : 3454598.218079,
        "iops_stddev" : 50308.772440,
        "iops_samples" : 604
      },
      "write" : {
        "io_bytes" : 76772646912,
        "io_kbytes" : 74973288,
        "bw_bytes" : 2395178202,
        "bw" : 2339041,
        "iops" : 584760.303248,
        "runtime" : 32053,
        "total_ios" : 18743322,
        "short_ios" : 0,
        "drop_ios" : 0,
        "slat_ns" : {
          "min" : 0,
          "max" : 0,
          "mean" : 0.000000,
          "stddev" : 0.000000,
          "N" : 0
        },
        "clat_ns" : {
          "min" : 99,
          "max" : 12096683,
          "mean" : 3879.851582,
          "stddev" : 48403.503110,
          "N" : 18743322,
          "percentile" : {
            "1.000000" : 338,
            "5.000000" : 434,
            "10.000000" : 524,
            "20.000000" : 668,
            "30.000000" : 804,
            "40.000000" : 948,
            "50.000000" : 1112,
            "60.000000" : 1320,
            "70.000000" : 1608,
            "80.000000" : 2024,
            "90.000000" : 2704,
            "95.000000" : 3696,
            "99.000000" : 48384,
            "99.500000" : 55552,
            "99.900000" : 659456,
            "99.950000" : 995328,
            "99.990000" : 2146304
          }
        },
        "lat_ns" : {
          "min" : 139,
          "max" : 12096723,
          "mean" : 3951.638291,
          "stddev" : 48405.071025,
          "N" : 18743322
        },
        "bw_min" : 70726,
        "bw_max" : 13631488,
        "bw_agg" : 100.000000,
        "bw_mean" : 8186769.513072,
        "bw_dev" : 205141.316152,
        "bw_samples" : 477,
        "iops_min" : 17680,
        "iops_max" : 3407872,
        "iops_mean" : 2046692.308050,
        "iops_stddev" : 51285.345441,
        "iops_samples" : 477
      },
      "trim" : {
        "io_bytes" : 0,
        "io_kbytes" : 0,
        "bw_bytes" : 0,
        "bw" : 0,
        "iops" : 0.000000,
        "runtime" : 0,
        "total_ios" : 0,
        "short_ios" : 0,
        "drop_ios" : 0,
        "slat_ns" : {
          "min" : 0,
          "max" : 0,
          "mean" : 0.000000,
          "stddev" : 0.000000,
          "N" : 0
        },
        "clat_ns" : {
          "min" : 0,
          "max" : 0,
          "mean" : 0.000000,
          "stddev" : 0.000000,
          "N" : 0
        },
        "lat_ns" : {
          "min" : 0,
          "max" : 0,
          "mean" : 0.000000,
          "stddev" : 0.000000,
          "N" : 0
        },
        "bw_min" : 0,
        "bw_max" : 0,
        "bw_agg" : 0.000000,
        "bw_mean" : 0.000000,
        "bw_dev" : 0.000000,
        "bw_samples" : 0,
        "iops_min" : 0,
        "iops_max" : 0,
        "iops_mean" : 0.000000,
        "iops_stddev" : 0.000000,
        "iops_samples" : 0
      },
      "sync" : {
        "total_ios" : 0,
        "lat_ns" : {
          "min" : 0,
          "max" : 0,
          "mean" : 0.000000,
          "stddev" : 0.000000,
          "N" : 0
        }
      },
      "job_runtime" : 2050157,
      "usr_cpu" : 4.355276,
      "sys_cpu" : 59.897169,
      "ctx" : 16084654,
      "majf" : 65548,
      "minf" : 795406,
      "iodepth_level" : {
        "1" : 100.000000,
        "2" : 0.000000,
        "4" : 0.000000,
        "8" : 0.000000,
        "16" : 0.000000,
        "32" : 0.000000,
        ">=64" : 0.000000
      },
      "iodepth_submit" : {
        "0" : 0.000000,
        "4" : 100.000000,
        "8" : 0.000000,
        "16" : 0.000000,
        "32" : 0.000000,
        "64" : 0.000000,
        ">=64" : 0.000000
      },
      "iodepth_complete" : {
        "0" : 0.000000,
        "4" : 100.000000,
        "8" : 0.000000,
        "16" : 0.000000,
        "32" : 0.000000,
        "64" : 0.000000,
        ">=64" : 0.000000
      },
      "latency_ns" : {
        "2" : 0.000000,
        "4" : 0.000000,
        "10" : 0.000000,
        "20" : 0.000000,
        "50" : 0.000000,
        "100" : 0.010000,
        "250" : 0.093378,
        "500" : 6.387182,
        "750" : 16.260957,
        "1000" : 19.970235
      },
      "latency_us" : {
        "2" : 40.710727,
        "4" : 14.293239,
        "10" : 0.980853,
        "20" : 0.279203,
        "50" : 0.577601,
        "100" : 0.276212,
        "250" : 0.021202,
        "500" : 0.024080,
        "750" : 0.039478,
        "1000" : 0.037226
      },
      "latency_ms" : {
        "2" : 0.038123,
        "4" : 0.010000,
        "10" : 0.010000,
        "20" : 0.010000,
        "50" : 0.000000,
        "100" : 0.000000,
        "250" : 0.000000,
        "500" : 0.000000,
        "750" : 0.000000,
        "1000" : 0.000000,
        "2000" : 0.000000,
        ">=2000" : 0.000000
      },
      "latency_depth" : 1,
      "latency_target" : 0,
      "latency_percentile" : 100.000000,
      "latency_window" : 0
    }
  ],
  "disk_util" : [
    {
      "name" : "sda",
      "read_ios" : 65585,
      "write_ios" : 111611,
      "read_sectors" : 527112,
      "write_sectors" : 6551984,
      "read_merges" : 244,
      "write_merges" : 332,
      "read_ticks" : 62646,
      "write_ticks" : 49345,
      "in_queue" : 111992,
      "util" : 28.065566
    }
  ]
}
