{
  "fio version" : "fio-3.40",
  "timestamp" : 1772003673,
  "timestamp_ms" : 1772003673833,
  "time" : "Wed Feb 25 08:14:33 2026",
  "global options" : {
    "group_reporting" : "",
    "ioengine" : "mmap",
    "size" : "768m",
    "thread" : "1",
    "directory" : "/tmp",
    "time_based" : "",
    "runtime" : "180",
    "norandommap" : "1",
    "filename" : "/tmp/fio_readwrite",
    "share_mmap" : "1",
    "repl" : "1"
  },
  "jobs" : [
    {
      "jobname" : "writers",
      "groupid" : 0,
      "job_start" : 1772003493683,
      "error" : 0,
      "eta" : 0,
      "elapsed" : 181,
      "job options" : {
        "rw" : "randread",
        "random_distribution" : "random",
        "numjobs" : "6"
      },
      "read" : {
        "io_bytes" : 1039115644928,
        "io_kbytes" : 1014761372,
        "bw_bytes" : 5772832622,
        "bw" : 5637531,
        "iops" : 1409382.964539,
        "runtime" : 180001,
        "total_ios" : 253690343,
        "short_ios" : 0,
        "drop_ios" : 0,
        "slat_ns" : {
          "min" : 0,
          "max" : 0,
          "mean" : 0.000000,
          "stddev" : 0.000000,
          "N" : 0
        },
        "clat_ns" : {
          "min" : 126,
          "max" : 80591161,
          "mean" : 3145.811455,
          "stddev" : 17885.750585,
          "N" : 253690343,
          "percentile" : {
            "1.000000" : 1012,
            "5.000000" : 1496,
            "10.000000" : 1816,
            "20.000000" : 2192,
            "30.000000" : 2480,
            "40.000000" : 2704,
            "50.000000" : 2928,
            "60.000000" : 3184,
            "70.000000" : 3440,
            "80.000000" : 3760,
            "90.000000" : 4256,
            "95.000000" : 4704,
            "99.000000" : 5792,
            "99.500000" : 6304,
            "99.900000" : 9280,
            "99.950000" : 20352,
            "99.990000" : 166912
          }
        },
        "lat_ns" : {
          "min" : 161,
          "max" : 80591243,
          "mean" : 3220.348689,
          "stddev" : 17985.851459,
          "N" : 253690343
        },
        "bw_min" : 23056,
        "bw_max" : 7978563,
        "bw_agg" : 100.000000,
        "bw_mean" : 5737813.181303,
        "bw_dev" : 156026.583767,
        "bw_samples" : 2118,
        "iops_min" : 5764,
        "iops_max" : 1994644,
        "iops_mean" : 1434451.946176,
        "iops_stddev" : 39006.628289,
        "iops_samples" : 2118
      },
      "write" : {
        "io_bytes" : 9814306942976,
        "io_kbytes" : 9584284124,
        "bw_bytes" : 54523018743,
        "bw" : 53245135,
        "iops" : 13311283.873047,
        "runtime" : 180003,
        "total_ios" : 2396071031,
        "short_ios" : 0,
        "drop_ios" : 0,
        "slat_ns" : {
          "min" : 0,
          "max" : 0,
          "mean" : 0.000000,
          "stddev" : 0.000000,
          "N" : 0
        },
        "clat_ns" : {
          "min" : 122,
          "max" : 108035647,
          "mean" : 3052.556867,
          "stddev" : 18503.703494,
          "N" : 2396071031,
          "percentile" : {
            "1.000000" : 980,
            "5.000000" : 1400,
            "10.000000" : 1688,
            "20.000000" : 2064,
            "30.000000" : 2288,
            "40.000000" : 2544,
            "50.000000" : 2736,
            "60.000000" : 2992,
            "70.000000" : 3248,
            "80.000000" : 3600,
            "90.000000" : 4128,
            "95.000000" : 4576,
            "99.000000" : 5664,
            "99.500000" : 6240,
            "99.900000" : 22656,
            "99.950000" : 79360,
            "99.990000" : 248832
          }
        },
        "lat_ns" : {
          "min" : 173,
          "max" : 108035705,
          "mean" : 3196.162938,
          "stddev" : 18723.068671,
          "N" : 2396071031
        },
        "bw_min" : 222096,
        "bw_max" : 66741994,
        "bw_agg" : 100.000000,
        "bw_mean" : 54193244.248865,
        "bw_dev" : 154540.824675,
        "bw_samples" : 20473,
        "iops_min" : 55524,
        "iops_max" : 16685486,
        "iops_mean" : 13548298.888360,
        "iops_stddev" : 38635.176794,
        "iops_samples" : 20473
      },
      "trim" : {
        "io_bytes" : 0,
        "io_kbytes" : 0,
        "bw_bytes" : 0,
        "bw" : 0,
        "iops" : 0.000000,
        "runtime" : 0,
        "total_ios" : 0,
        "short_ios" : 0,
        "drop_ios" : 0,
        "slat_ns" : {
          "min" : 0,
          "max" : 0,
          "mean" : 0.000000,
          "stddev" : 0.000000,
          "N" : 0
        },
        "clat_ns" : {
          "min" : 0,
          "max" : 0,
          "mean" : 0.000000,
          "stddev" : 0.000000,
          "N" : 0
        },
        "lat_ns" : {
          "min" : 0,
          "max" : 0,
          "mean" : 0.000000,
          "stddev" : 0.000000,
          "N" : 0
        },
        "bw_min" : 0,
        "bw_max" : 0,
        "bw_agg" : 0.000000,
        "bw_mean" : 0.000000,
        "bw_dev" : 0.000000,
        "bw_samples" : 0,
        "iops_min" : 0,
        "iops_max" : 0,
        "iops_mean" : 0.000000,
        "iops_stddev" : 0.000000,
        "iops_samples" : 0
      },
      "sync" : {
        "total_ios" : 0,
        "lat_ns" : {
          "min" : 0,
          "max" : 0,
          "mean" : 0.000000,
          "stddev" : 0.000000,
          "N" : 0
        }
      },
      "job_runtime" : 11520007,
      "usr_cpu" : 93.592669,
      "sys_cpu" : 1.513897,
      "ctx" : 1095824,
      "majf" : 196627,
      "minf" : 2035210,
      "iodepth_level" : {
        "1" : 100.000000,
        "2" : 0.000000,
        "4" : 0.000000,
        "8" : 0.000000,
        "16" : 0.000000,
        "32" : 0.000000,
        ">=64" : 0.000000
      },
      "iodepth_submit" : {
        "0" : 0.000000,
        "4" : 100.000000,
        "8" : 0.000000,
        "16" : 0.000000,
        "32" : 0.000000,
        "64" : 0.000000,
        ">=64" : 0.000000
      },
      "iodepth_complete" : {
        "0" : 0.000000,
        "4" : 100.000000,
        "8" : 0.000000,
        "16" : 0.000000,
        "32" : 0.000000,
        "64" : 0.000000,
        ">=64" : 0.000000
      },
      "latency_ns" : {
        "2" : 0.000000,
        "4" : 0.000000,
        "10" : 0.000000,
        "20" : 0.000000,
        "50" : 0.000000,
        "100" : 0.000000,
        "250" : 0.021164,
        "500" : 0.035507,
        "750" : 0.182833,
        "1000" : 0.840553
      },
      "latency_us" : {
        "2" : 16.888588,
        "4" : 69.972919,
        "10" : 11.895099,
        "20" : 0.044593,
        "50" : 0.064771,
        "100" : 0.021226,
        "250" : 0.022914,
        "500" : 0.010000,
        "750" : 0.010000,
        "1000" : 0.010000
      },
      "latency_ms" : {
        "2" : 0.010000,
        "4" : 0.010000,
        "10" : 0.010000,
        "20" : 0.010000,
        "50" : 0.010000,
        "100" : 0.010000,
        "250" : 0.010000,
        "500" : 0.000000,
        "750" : 0.000000,
        "1000" : 0.000000,
        "2000" : 0.000000,
        ">=2000" : 0.000000
      },
      "latency_depth" : 1,
      "latency_target" : 0,
      "latency_percentile" : 100.000000,
      "latency_window" : 0
    }
  ],
  "disk_util" : [
    {
      "name" : "sda",
      "read_ios" : 196557,
      "write_ios" : 172695,
      "read_sectors" : 1574136,
      "write_sectors" : 17590752,
      "read_merges" : 210,
      "write_merges" : 13025,
      "read_ticks" : 225343,
      "write_ticks" : 52090653,
      "in_queue" : 52316003,
      "util" : 11.580290
    }
  ]
}
