{
  "fio version" : "fio-3.40",
  "timestamp" : 1771985404,
  "timestamp_ms" : 1771985404241,
  "time" : "Wed Feb 25 03:10:04 2026",
  "global options" : {
    "group_reporting" : "",
    "ioengine" : "mmap",
    "size" : "768m",
    "thread" : "1",
    "directory" : "/tmp",
    "time_based" : "",
    "runtime" : "180",
    "norandommap" : "1",
    "filename" : "/tmp/fio_readwrite",
    "share_mmap" : "1",
    "repl" : "1"
  },
  "jobs" : [
    {
      "jobname" : "writers",
      "groupid" : 0,
      "job_start" : 1771985223999,
      "error" : 0,
      "eta" : 0,
      "elapsed" : 181,
      "job options" : {
        "rw" : "randread",
        "random_distribution" : "random",
        "numjobs" : "61"
      },
      "read" : {
        "io_bytes" : 16687709483008,
        "io_kbytes" : 16296591292,
        "bw_bytes" : 92707951995,
        "bw" : 90535109,
        "iops" : 22633777.342600,
        "runtime" : 180003,
        "total_ios" : 4074147823,
        "short_ios" : 0,
        "drop_ios" : 0,
        "slat_ns" : {
          "min" : 0,
          "max" : 0,
          "mean" : 0.000000,
          "stddev" : 0.000000,
          "N" : 0
        },
        "clat_ns" : {
          "min" : 124,
          "max" : 156033449,
          "mean" : 2029.903977,
          "stddev" : 10968.417696,
          "N" : 4074147823,
          "percentile" : {
            "1.000000" : 860,
            "5.000000" : 1160,
            "10.000000" : 1320,
            "20.000000" : 1512,
            "30.000000" : 1656,
            "40.000000" : 1784,
            "50.000000" : 1912,
            "60.000000" : 2040,
            "70.000000" : 2192,
            "80.000000" : 2352,
            "90.000000" : 2672,
            "95.000000" : 2960,
            "99.000000" : 3856,
            "99.500000" : 4192,
            "99.900000" : 4960,
            "99.950000" : 15296,
            "99.990000" : 22912
          }
        },
        "lat_ns" : {
          "min" : 159,
          "max" : 156033492,
          "mean" : 2099.370754,
          "stddev" : 11066.785962,
          "N" : 4074147823
        },
        "bw_min" : 221568,
        "bw_max" : 101496202,
        "bw_agg" : 100.000000,
        "bw_mean" : 91888127.658192,
        "bw_dev" : 200667.716132,
        "bw_samples" : 21594,
        "iops_min" : 55392,
        "iops_max" : 25374036,
        "iops_mean" : 22972019.573446,
        "iops_stddev" : 50166.908157,
        "iops_samples" : 21594
      },
      "write" : {
        "io_bytes" : 732243501056,
        "io_kbytes" : 715081544,
        "bw_bytes" : 4067974250,
        "bw" : 3972631,
        "iops" : 993157.776025,
        "runtime" : 180002,
        "total_ios" : 178770386,
        "short_ios" : 0,
        "drop_ios" : 0,
        "slat_ns" : {
          "min" : 0,
          "max" : 0,
          "mean" : 0.000000,
          "stddev" : 0.000000,
          "N" : 0
        },
        "clat_ns" : {
          "min" : 126,
          "max" : 88062313,
          "mean" : 2257.972252,
          "stddev" : 13738.737056,
          "N" : 178770386,
          "percentile" : {
            "1.000000" : 996,
            "5.000000" : 1272,
            "10.000000" : 1416,
            "20.000000" : 1608,
            "30.000000" : 1752,
            "40.000000" : 1864,
            "50.000000" : 1992,
            "60.000000" : 2128,
            "70.000000" : 2256,
            "80.000000" : 2448,
            "90.000000" : 2736,
            "95.000000" : 3088,
            "99.000000" : 9280,
            "99.500000" : 11456,
            "99.900000" : 19072,
            "99.950000" : 45312,
            "99.990000" : 76288
          }
        },
        "lat_ns" : {
          "min" : 177,
          "max" : 88062390,
          "mean" : 2353.601986,
          "stddev" : 13886.656734,
          "N" : 178770386
        },
        "bw_min" : 10904,
        "bw_max" : 4506912,
        "bw_agg" : 100.000000,
        "bw_mean" : 4032210.960452,
        "bw_dev" : 204006.073336,
        "bw_samples" : 1062,
        "iops_min" : 2726,
        "iops_max" : 1126728,
        "iops_mean" : 1008052.104520,
        "iops_stddev" : 51001.523085,
        "iops_samples" : 1062
      },
      "trim" : {
        "io_bytes" : 0,
        "io_kbytes" : 0,
        "bw_bytes" : 0,
        "bw" : 0,
        "iops" : 0.000000,
        "runtime" : 0,
        "total_ios" : 0,
        "short_ios" : 0,
        "drop_ios" : 0,
        "slat_ns" : {
          "min" : 0,
          "max" : 0,
          "mean" : 0.000000,
          "stddev" : 0.000000,
          "N" : 0
        },
        "clat_ns" : {
          "min" : 0,
          "max" : 0,
          "mean" : 0.000000,
          "stddev" : 0.000000,
          "N" : 0
        },
        "lat_ns" : {
          "min" : 0,
          "max" : 0,
          "mean" : 0.000000,
          "stddev" : 0.000000,
          "N" : 0
        },
        "bw_min" : 0,
        "bw_max" : 0,
        "bw_agg" : 0.000000,
        "bw_mean" : 0.000000,
        "bw_dev" : 0.000000,
        "bw_samples" : 0,
        "iops_min" : 0,
        "iops_max" : 0,
        "iops_mean" : 0.000000,
        "iops_stddev" : 0.000000,
        "iops_samples" : 0
      },
      "sync" : {
        "total_ios" : 0,
        "lat_ns" : {
          "min" : 0,
          "max" : 0,
          "mean" : 0.000000,
          "stddev" : 0.000000,
          "N" : 0
        }
      },
      "job_runtime" : 11520012,
      "usr_cpu" : 96.030534,
      "sys_cpu" : 0.550607,
      "ctx" : 882712,
      "majf" : 196592,
      "minf" : 2584521,
      "iodepth_level" : {
        "1" : 100.000000,
        "2" : 0.000000,
        "4" : 0.000000,
        "8" : 0.000000,
        "16" : 0.000000,
        "32" : 0.000000,
        ">=64" : 0.000000
      },
      "iodepth_submit" : {
        "0" : 0.000000,
        "4" : 100.000000,
        "8" : 0.000000,
        "16" : 0.000000,
        "32" : 0.000000,
        "64" : 0.000000,
        ">=64" : 0.000000
      },
      "iodepth_complete" : {
        "0" : 0.000000,
        "4" : 100.000000,
        "8" : 0.000000,
        "16" : 0.000000,
        "32" : 0.000000,
        "64" : 0.000000,
        ">=64" : 0.000000
      },
      "latency_ns" : {
        "2" : 0.000000,
        "4" : 0.000000,
        "10" : 0.000000,
        "20" : 0.000000,
        "50" : 0.000000,
        "100" : 0.000000,
        "250" : 0.027178,
        "500" : 0.062552,
        "750" : 0.387737,
        "1000" : 1.766049
      },
      "latency_us" : {
        "2" : 54.727981,
        "4" : 42.244097,
        "10" : 0.697401,
        "20" : 0.067978,
        "50" : 0.010968,
        "100" : 0.010000,
        "250" : 0.010000,
        "500" : 0.010000,
        "750" : 0.010000,
        "1000" : 0.010000
      },
      "latency_ms" : {
        "2" : 0.010000,
        "4" : 0.010000,
        "10" : 0.010000,
        "20" : 0.010000,
        "50" : 0.010000,
        "100" : 0.010000,
        "250" : 0.010000,
        "500" : 0.000000,
        "750" : 0.000000,
        "1000" : 0.000000,
        "2000" : 0.000000,
        ">=2000" : 0.000000
      },
      "latency_depth" : 1,
      "latency_target" : 0,
      "latency_percentile" : 100.000000,
      "latency_window" : 0
    }
  ],
  "disk_util" : [
    {
      "name" : "sda",
      "read_ios" : 196604,
      "write_ios" : 107180,
      "read_sectors" : 1576232,
      "write_sectors" : 20715792,
      "read_merges" : 302,
      "write_merges" : 3964,
      "read_ticks" : 155207,
      "write_ticks" : 92200246,
      "in_queue" : 92355460,
      "util" : 12.583544
    }
  ]
}
