{
  "fio version" : "fio-3.40",
  "timestamp" : 1771983958,
  "timestamp_ms" : 1771983958234,
  "time" : "Wed Feb 25 02:45:58 2026",
  "global options" : {
    "group_reporting" : "",
    "ioengine" : "mmap",
    "size" : "768m",
    "thread" : "1",
    "directory" : "/tmp",
    "time_based" : "",
    "runtime" : "180",
    "norandommap" : "1",
    "filename" : "/tmp/fio_readwrite",
    "share_mmap" : "1",
    "repl" : "1"
  },
  "jobs" : [
    {
      "jobname" : "readers",
      "groupid" : 0,
      "job_start" : 1771983778091,
      "error" : 0,
      "eta" : 0,
      "elapsed" : 181,
      "job options" : {
        "rw" : "randread",
        "random_distribution" : "random",
        "numjobs" : "64"
      },
      "read" : {
        "io_bytes" : 17212416077824,
        "io_kbytes" : 16809000076,
        "bw_bytes" : 95622940050,
        "bw" : 93381777,
        "iops" : 23345444.348150,
        "runtime" : 180003,
        "total_ios" : 4202250019,
        "short_ios" : 0,
        "drop_ios" : 0,
        "slat_ns" : {
          "min" : 0,
          "max" : 0,
          "mean" : 0.000000,
          "stddev" : 0.000000,
          "N" : 0
        },
        "clat_ns" : {
          "min" : 126,
          "max" : 4632323,
          "mean" : 2099.954045,
          "stddev" : 5911.673242,
          "N" : 4202250019,
          "percentile" : {
            "1.000000" : 900,
            "5.000000" : 1224,
            "10.000000" : 1384,
            "20.000000" : 1592,
            "30.000000" : 1736,
            "40.000000" : 1864,
            "50.000000" : 2008,
            "60.000000" : 2128,
            "70.000000" : 2288,
            "80.000000" : 2480,
            "90.000000" : 2800,
            "95.000000" : 3088,
            "99.000000" : 3632,
            "99.500000" : 3856,
            "99.900000" : 4512,
            "99.950000" : 17280,
            "99.990000" : 21376
          }
        },
        "lat_ns" : {
          "min" : 161,
          "max" : 4632393,
          "mean" : 2168.044017,
          "stddev" : 5913.605444,
          "N" : 4202250019
        },
        "bw_min" : 351832,
        "bw_max" : 95036570,
        "bw_agg" : 100.000000,
        "bw_mean" : 93493095.952646,
        "bw_dev" : 168545.024063,
        "bw_samples" : 22976,
        "iops_min" : 87958,
        "iops_max" : 23759113,
        "iops_mean" : 23373256.256267,
        "iops_stddev" : 42136.228289,
        "iops_samples" : 22976
      },
      "write" : {
        "io_bytes" : 0,
        "io_kbytes" : 0,
        "bw_bytes" : 0,
        "bw" : 0,
        "iops" : 0.000000,
        "runtime" : 0,
        "total_ios" : 0,
        "short_ios" : 0,
        "drop_ios" : 0,
        "slat_ns" : {
          "min" : 0,
          "max" : 0,
          "mean" : 0.000000,
          "stddev" : 0.000000,
          "N" : 0
        },
        "clat_ns" : {
          "min" : 0,
          "max" : 0,
          "mean" : 0.000000,
          "stddev" : 0.000000,
          "N" : 0
        },
        "lat_ns" : {
          "min" : 0,
          "max" : 0,
          "mean" : 0.000000,
          "stddev" : 0.000000,
          "N" : 0
        },
        "bw_min" : 0,
        "bw_max" : 0,
        "bw_agg" : 0.000000,
        "bw_mean" : 0.000000,
        "bw_dev" : 0.000000,
        "bw_samples" : 0,
        "iops_min" : 0,
        "iops_max" : 0,
        "iops_mean" : 0.000000,
        "iops_stddev" : 0.000000,
        "iops_samples" : 0
      },
      "trim" : {
        "io_bytes" : 0,
        "io_kbytes" : 0,
        "bw_bytes" : 0,
        "bw" : 0,
        "iops" : 0.000000,
        "runtime" : 0,
        "total_ios" : 0,
        "short_ios" : 0,
        "drop_ios" : 0,
        "slat_ns" : {
          "min" : 0,
          "max" : 0,
          "mean" : 0.000000,
          "stddev" : 0.000000,
          "N" : 0
        },
        "clat_ns" : {
          "min" : 0,
          "max" : 0,
          "mean" : 0.000000,
          "stddev" : 0.000000,
          "N" : 0
        },
        "lat_ns" : {
          "min" : 0,
          "max" : 0,
          "mean" : 0.000000,
          "stddev" : 0.000000,
          "N" : 0
        },
        "bw_min" : 0,
        "bw_max" : 0,
        "bw_agg" : 0.000000,
        "bw_mean" : 0.000000,
        "bw_dev" : 0.000000,
        "bw_samples" : 0,
        "iops_min" : 0,
        "iops_max" : 0,
        "iops_mean" : 0.000000,
        "iops_stddev" : 0.000000,
        "iops_samples" : 0
      },
      "sync" : {
        "total_ios" : 0,
        "lat_ns" : {
          "min" : 0,
          "max" : 0,
          "mean" : 0.000000,
          "stddev" : 0.000000,
          "N" : 0
        }
      },
      "job_runtime" : 11520021,
      "usr_cpu" : 98.582668,
      "sys_cpu" : 0.029852,
      "ctx" : 273383,
      "majf" : 196610,
      "minf" : 338,
      "iodepth_level" : {
        "1" : 100.000000,
        "2" : 0.000000,
        "4" : 0.000000,
        "8" : 0.000000,
        "16" : 0.000000,
        "32" : 0.000000,
        ">=64" : 0.000000
      },
      "iodepth_submit" : {
        "0" : 0.000000,
        "4" : 100.000000,
        "8" : 0.000000,
        "16" : 0.000000,
        "32" : 0.000000,
        "64" : 0.000000,
        ">=64" : 0.000000
      },
      "iodepth_complete" : {
        "0" : 0.000000,
        "4" : 100.000000,
        "8" : 0.000000,
        "16" : 0.000000,
        "32" : 0.000000,
        "64" : 0.000000,
        ">=64" : 0.000000
      },
      "latency_ns" : {
        "2" : 0.000000,
        "4" : 0.000000,
        "10" : 0.000000,
        "20" : 0.000000,
        "50" : 0.000000,
        "100" : 0.000000,
        "250" : 0.023081,
        "500" : 0.081506,
        "750" : 0.334740,
        "1000" : 1.217162
      },
      "latency_us" : {
        "2" : 48.308763,
        "4" : 49.717698,
        "10" : 0.259459,
        "20" : 0.043850,
        "50" : 0.010000,
        "100" : 0.010000,
        "250" : 0.010000,
        "500" : 0.010000,
        "750" : 0.010000,
        "1000" : 0.010000
      },
      "latency_ms" : {
        "2" : 0.010000,
        "4" : 0.010000,
        "10" : 0.010000,
        "20" : 0.000000,
        "50" : 0.000000,
        "100" : 0.000000,
        "250" : 0.000000,
        "500" : 0.000000,
        "750" : 0.000000,
        "1000" : 0.000000,
        "2000" : 0.000000,
        ">=2000" : 0.000000
      },
      "latency_depth" : 1,
      "latency_target" : 0,
      "latency_percentile" : 100.000000,
      "latency_window" : 0
    }
  ],
  "disk_util" : [
    {
      "name" : "sda",
      "read_ios" : 196671,
      "write_ios" : 172,
      "read_sectors" : 1576872,
      "write_sectors" : 3016,
      "read_merges" : 315,
      "write_merges" : 135,
      "read_ticks" : 151610,
      "write_ticks" : 34,
      "in_queue" : 151649,
      "util" : 1.142126
    }
  ]
}
