{
  "fio version" : "fio-3.40",
  "timestamp" : 1771882707,
  "timestamp_ms" : 1771882707185,
  "time" : "Mon Feb 23 22:38:27 2026",
  "global options" : {
    "group_reporting" : "",
    "ioengine" : "mmap",
    "size" : "768m",
    "thread" : "1",
    "directory" : "/tmp",
    "time_based" : "",
    "runtime" : "180",
    "norandommap" : "1",
    "filename" : "/tmp/fio_readwrite",
    "share_mmap" : "1",
    "repl" : "1"
  },
  "jobs" : [
    {
      "jobname" : "writers",
      "groupid" : 0,
      "job_start" : 1771882527093,
      "error" : 0,
      "eta" : 0,
      "elapsed" : 181,
      "job options" : {
        "rw" : "randread",
        "random_distribution" : "random",
        "numjobs" : "38"
      },
      "read" : {
        "io_bytes" : 5657022668800,
        "io_kbytes" : 5524436200,
        "bw_bytes" : 31427554520,
        "bw" : 30690971,
        "iops" : 7672742.802858,
        "runtime" : 180002,
        "total_ios" : 1381109050,
        "short_ios" : 0,
        "drop_ios" : 0,
        "slat_ns" : {
          "min" : 0,
          "max" : 0,
          "mean" : 0.000000,
          "stddev" : 0.000000,
          "N" : 0
        },
        "clat_ns" : {
          "min" : 124,
          "max" : 60043906,
          "mean" : 4247.824692,
          "stddev" : 24810.764602,
          "N" : 1381109050,
          "percentile" : {
            "1.000000" : 462,
            "5.000000" : 506,
            "10.000000" : 532,
            "20.000000" : 580,
            "30.000000" : 636,
            "40.000000" : 692,
            "50.000000" : 764,
            "60.000000" : 844,
            "70.000000" : 932,
            "80.000000" : 1112,
            "90.000000" : 3152,
            "95.000000" : 5216,
            "99.000000" : 89600,
            "99.500000" : 101888,
            "99.900000" : 148480,
            "99.950000" : 171008,
            "99.990000" : 301056
          }
        },
        "lat_ns" : {
          "min" : 160,
          "max" : 60043974,
          "mean" : 4321.753024,
          "stddev" : 24879.666696,
          "N" : 1381109050
        },
        "bw_min" : 3439828,
        "bw_max" : 39335964,
        "bw_agg" : 100.000000,
        "bw_mean" : 30955205.732171,
        "bw_dev" : 144976.109932,
        "bw_samples" : 13544,
        "iops_min" : 859947,
        "iops_max" : 9833983,
        "iops_mean" : 7738791.185515,
        "iops_stddev" : 36244.008154,
        "iops_samples" : 13544
      },
      "write" : {
        "io_bytes" : 219084996608,
        "io_kbytes" : 213950192,
        "bw_bytes" : 1217118584,
        "bw" : 1188592,
        "iops" : 297148.091976,
        "runtime" : 180003,
        "total_ios" : 53487548,
        "short_ios" : 0,
        "drop_ios" : 0,
        "slat_ns" : {
          "min" : 0,
          "max" : 0,
          "mean" : 0.000000,
          "stddev" : 0.000000,
          "N" : 0
        },
        "clat_ns" : {
          "min" : 141,
          "max" : 44334678,
          "mean" : 85959.293330,
          "stddev" : 67445.436433,
          "N" : 53487548,
          "percentile" : {
            "1.000000" : 660,
            "5.000000" : 59648,
            "10.000000" : 65280,
            "20.000000" : 70144,
            "30.000000" : 73216,
            "40.000000" : 76288,
            "50.000000" : 79360,
            "60.000000" : 83456,
            "70.000000" : 87552,
            "80.000000" : 95744,
            "90.000000" : 119296,
            "95.000000" : 146432,
            "99.000000" : 193536,
            "99.500000" : 222208,
            "99.900000" : 651264,
            "99.950000" : 929792,
            "99.990000" : 3555328
          }
        },
        "lat_ns" : {
          "min" : 197,
          "max" : 44334790,
          "mean" : 86109.863077,
          "stddev" : 67479.007106,
          "N" : 53487548
        },
        "bw_min" : 250758,
        "bw_max" : 1570466,
        "bw_agg" : 100.000000,
        "bw_mean" : 1197165.568245,
        "bw_dev" : 5423.554769,
        "bw_samples" : 9278,
        "iops_min" : 62685,
        "iops_max" : 392616,
        "iops_mean" : 299284.553946,
        "iops_stddev" : 1355.882379,
        "iops_samples" : 9278
      },
      "trim" : {
        "io_bytes" : 0,
        "io_kbytes" : 0,
        "bw_bytes" : 0,
        "bw" : 0,
        "iops" : 0.000000,
        "runtime" : 0,
        "total_ios" : 0,
        "short_ios" : 0,
        "drop_ios" : 0,
        "slat_ns" : {
          "min" : 0,
          "max" : 0,
          "mean" : 0.000000,
          "stddev" : 0.000000,
          "N" : 0
        },
        "clat_ns" : {
          "min" : 0,
          "max" : 0,
          "mean" : 0.000000,
          "stddev" : 0.000000,
          "N" : 0
        },
        "lat_ns" : {
          "min" : 0,
          "max" : 0,
          "mean" : 0.000000,
          "stddev" : 0.000000,
          "N" : 0
        },
        "bw_min" : 0,
        "bw_max" : 0,
        "bw_agg" : 0.000000,
        "bw_mean" : 0.000000,
        "bw_dev" : 0.000000,
        "bw_samples" : 0,
        "iops_min" : 0,
        "iops_max" : 0,
        "iops_mean" : 0.000000,
        "iops_stddev" : 0.000000,
        "iops_samples" : 0
      },
      "sync" : {
        "total_ios" : 0,
        "lat_ns" : {
          "min" : 0,
          "max" : 0,
          "mean" : 0.000000,
          "stddev" : 0.000000,
          "N" : 0
        }
      },
      "job_runtime" : 11520008,
      "usr_cpu" : 23.066633,
      "sys_cpu" : 74.051962,
      "ctx" : 985677,
      "majf" : 196626,
      "minf" : 101005283,
      "iodepth_level" : {
        "1" : 100.000000,
        "2" : 0.000000,
        "4" : 0.000000,
        "8" : 0.000000,
        "16" : 0.000000,
        "32" : 0.000000,
        ">=64" : 0.000000
      },
      "iodepth_submit" : {
        "0" : 0.000000,
        "4" : 100.000000,
        "8" : 0.000000,
        "16" : 0.000000,
        "32" : 0.000000,
        "64" : 0.000000,
        ">=64" : 0.000000
      },
      "iodepth_complete" : {
        "0" : 0.000000,
        "4" : 100.000000,
        "8" : 0.000000,
        "16" : 0.000000,
        "32" : 0.000000,
        "64" : 0.000000,
        ">=64" : 0.000000
      },
      "latency_ns" : {
        "2" : 0.000000,
        "4" : 0.000000,
        "10" : 0.000000,
        "20" : 0.000000,
        "50" : 0.000000,
        "100" : 0.000000,
        "250" : 0.035512,
        "500" : 3.667986,
        "750" : 42.313849,
        "1000" : 26.161785
      },
      "latency_us" : {
        "2" : 9.824137,
        "4" : 7.198704,
        "10" : 3.719677,
        "20" : 0.031382,
        "50" : 0.010569,
        "100" : 5.897176,
        "250" : 1.116294,
        "500" : 0.010472,
        "750" : 0.010000,
        "1000" : 0.010000
      },
      "latency_ms" : {
        "2" : 0.010000,
        "4" : 0.010000,
        "10" : 0.010000,
        "20" : 0.010000,
        "50" : 0.010000,
        "100" : 0.010000,
        "250" : 0.000000,
        "500" : 0.000000,
        "750" : 0.000000,
        "1000" : 0.000000,
        "2000" : 0.000000,
        ">=2000" : 0.000000
      },
      "latency_depth" : 1,
      "latency_target" : 0,
      "latency_percentile" : 100.000000,
      "latency_window" : 0
    }
  ],
  "disk_util" : [
    {
      "name" : "sda",
      "read_ios" : 196643,
      "write_ios" : 64256,
      "read_sectors" : 1574512,
      "write_sectors" : 20517216,
      "read_merges" : 171,
      "write_merges" : 501,
      "read_ticks" : 164382,
      "write_ticks" : 18691890,
      "in_queue" : 18856279,
      "util" : 12.872257
    }
  ]
}
