{
  "fio version" : "fio-3.40",
  "timestamp" : 1765210274,
  "timestamp_ms" : 1765210274233,
  "time" : "Mon Dec  8 17:11:14 2025",
  "global options" : {
    "group_reporting" : "",
    "ioengine" : "mmap",
    "size" : "768m",
    "thread" : "1",
    "directory" : "/tmp",
    "time_based" : "",
    "runtime" : "180",
    "norandommap" : "1",
    "filename" : "/tmp/fio_readwrite",
    "share_mmap" : "1",
    "repl" : "1"
  },
  "jobs" : [
    {
      "jobname" : "writers",
      "groupid" : 0,
      "job_start" : 1765210094204,
      "error" : 0,
      "eta" : 0,
      "elapsed" : 181,
      "job options" : {
        "rw" : "randread",
        "random_distribution" : "random",
        "numjobs" : "58"
      },
      "read" : {
        "io_bytes" : 15000253489152,
        "io_kbytes" : 14648685048,
        "bw_bytes" : 83331963874,
        "bw" : 81378870,
        "iops" : 20344717.742742,
        "runtime" : 180006,
        "total_ios" : 3662171262,
        "short_ios" : 0,
        "drop_ios" : 0,
        "slat_ns" : {
          "min" : 0,
          "max" : 0,
          "mean" : 0.000000,
          "stddev" : 0.000000,
          "N" : 0
        },
        "clat_ns" : {
          "min" : 98,
          "max" : 100040909,
          "mean" : 2279.927993,
          "stddev" : 11282.696274,
          "N" : 3662171262,
          "percentile" : {
            "1.000000" : 1004,
            "5.000000" : 1336,
            "10.000000" : 1512,
            "20.000000" : 1720,
            "30.000000" : 1864,
            "40.000000" : 2008,
            "50.000000" : 2128,
            "60.000000" : 2256,
            "70.000000" : 2416,
            "80.000000" : 2608,
            "90.000000" : 2928,
            "95.000000" : 3280,
            "99.000000" : 4192,
            "99.500000" : 4704,
            "99.900000" : 17280,
            "99.950000" : 18048,
            "99.990000" : 26496
          }
        },
        "lat_ns" : {
          "min" : 126,
          "max" : 100040941,
          "mean" : 2334.189756,
          "stddev" : 11347.790425,
          "N" : 3662171262
        },
        "bw_min" : 240112,
        "bw_max" : 95509310,
        "bw_agg" : 100.000000,
        "bw_mean" : 82376608.400000,
        "bw_dev" : 185646.682476,
        "bw_samples" : 20590,
        "iops_min" : 60028,
        "iops_max" : 23877324,
        "iops_mean" : 20594143.994366,
        "iops_stddev" : 46411.652370,
        "iops_samples" : 20590
      },
      "write" : {
        "io_bytes" : 1409038184448,
        "io_kbytes" : 1376013852,
        "bw_bytes" : 7827815962,
        "bw" : 7644351,
        "iops" : 1911087.881380,
        "runtime" : 180004,
        "total_ios" : 344003463,
        "short_ios" : 0,
        "drop_ios" : 0,
        "slat_ns" : {
          "min" : 0,
          "max" : 0,
          "mean" : 0.000000,
          "stddev" : 0.000000,
          "N" : 0
        },
        "clat_ns" : {
          "min" : 97,
          "max" : 138114995,
          "mean" : 2467.283211,
          "stddev" : 24748.688182,
          "N" : 344003463,
          "percentile" : {
            "1.000000" : 1064,
            "5.000000" : 1368,
            "10.000000" : 1528,
            "20.000000" : 1736,
            "30.000000" : 1880,
            "40.000000" : 2024,
            "50.000000" : 2160,
            "60.000000" : 2288,
            "70.000000" : 2448,
            "80.000000" : 2640,
            "90.000000" : 2928,
            "95.000000" : 3248,
            "99.000000" : 7968,
            "99.500000" : 12480,
            "99.900000" : 22656,
            "99.950000" : 54528,
            "99.990000" : 120320
          }
        },
        "lat_ns" : {
          "min" : 137,
          "max" : 138115054,
          "mean" : 2544.546540,
          "stddev" : 25069.402146,
          "N" : 344003463
        },
        "bw_min" : 24904,
        "bw_max" : 10728541,
        "bw_agg" : 100.000000,
        "bw_mean" : 7737969.695775,
        "bw_dev" : 214767.704037,
        "bw_samples" : 2130,
        "iops_min" : 6226,
        "iops_max" : 2682136,
        "iops_mean" : 1934491.647887,
        "iops_stddev" : 53691.903277,
        "iops_samples" : 2130
      },
      "trim" : {
        "io_bytes" : 0,
        "io_kbytes" : 0,
        "bw_bytes" : 0,
        "bw" : 0,
        "iops" : 0.000000,
        "runtime" : 0,
        "total_ios" : 0,
        "short_ios" : 0,
        "drop_ios" : 0,
        "slat_ns" : {
          "min" : 0,
          "max" : 0,
          "mean" : 0.000000,
          "stddev" : 0.000000,
          "N" : 0
        },
        "clat_ns" : {
          "min" : 0,
          "max" : 0,
          "mean" : 0.000000,
          "stddev" : 0.000000,
          "N" : 0
        },
        "lat_ns" : {
          "min" : 0,
          "max" : 0,
          "mean" : 0.000000,
          "stddev" : 0.000000,
          "N" : 0
        },
        "bw_min" : 0,
        "bw_max" : 0,
        "bw_agg" : 0.000000,
        "bw_mean" : 0.000000,
        "bw_dev" : 0.000000,
        "bw_samples" : 0,
        "iops_min" : 0,
        "iops_max" : 0,
        "iops_mean" : 0.000000,
        "iops_stddev" : 0.000000,
        "iops_samples" : 0
      },
      "sync" : {
        "total_ios" : 0,
        "lat_ns" : {
          "min" : 0,
          "max" : 0,
          "mean" : 0.000000,
          "stddev" : 0.000000,
          "N" : 0
        }
      },
      "job_runtime" : 11520093,
      "usr_cpu" : 96.099198,
      "sys_cpu" : 0.556463,
      "ctx" : 788245,
      "majf" : 196612,
      "minf" : 2875170,
      "iodepth_level" : {
        "1" : 100.000000,
        "2" : 0.000000,
        "4" : 0.000000,
        "8" : 0.000000,
        "16" : 0.000000,
        "32" : 0.000000,
        ">=64" : 0.000000
      },
      "iodepth_submit" : {
        "0" : 0.000000,
        "4" : 100.000000,
        "8" : 0.000000,
        "16" : 0.000000,
        "32" : 0.000000,
        "64" : 0.000000,
        ">=64" : 0.000000
      },
      "iodepth_complete" : {
        "0" : 0.000000,
        "4" : 100.000000,
        "8" : 0.000000,
        "16" : 0.000000,
        "32" : 0.000000,
        "64" : 0.000000,
        ">=64" : 0.000000
      },
      "latency_ns" : {
        "2" : 0.000000,
        "4" : 0.000000,
        "10" : 0.000000,
        "20" : 0.000000,
        "50" : 0.000000,
        "100" : 0.010000,
        "250" : 0.039993,
        "500" : 0.040934,
        "750" : 0.152305,
        "1000" : 0.713733
      },
      "latency_us" : {
        "2" : 38.466317,
        "4" : 59.105332,
        "10" : 1.180409,
        "20" : 0.276357,
        "50" : 0.013467,
        "100" : 0.010000,
        "250" : 0.010000,
        "500" : 0.010000,
        "750" : 0.010000,
        "1000" : 0.010000
      },
      "latency_ms" : {
        "2" : 0.010000,
        "4" : 0.010000,
        "10" : 0.010000,
        "20" : 0.010000,
        "50" : 0.010000,
        "100" : 0.010000,
        "250" : 0.010000,
        "500" : 0.000000,
        "750" : 0.000000,
        "1000" : 0.000000,
        "2000" : 0.000000,
        ">=2000" : 0.000000
      },
      "latency_depth" : 1,
      "latency_target" : 0,
      "latency_percentile" : 100.000000,
      "latency_window" : 0
    }
  ],
  "disk_util" : [
    {
      "name" : "sda",
      "read_ios" : 196635,
      "write_ios" : 105616,
      "read_sectors" : 1578544,
      "write_sectors" : 22660224,
      "read_merges" : 333,
      "write_merges" : 3228,
      "read_ticks" : 156422,
      "write_ticks" : 9390461,
      "in_queue" : 9546891,
      "util" : 13.869585
    }
  ]
}
