{
  "fio version" : "fio-3.40",
  "timestamp" : 1771982874,
  "timestamp_ms" : 1771982874095,
  "time" : "Wed Feb 25 02:27:54 2026",
  "global options" : {
    "group_reporting" : "",
    "ioengine" : "mmap",
    "size" : "768m",
    "thread" : "1",
    "directory" : "/tmp",
    "time_based" : "",
    "runtime" : "180",
    "norandommap" : "1",
    "filename" : "/tmp/fio_readwrite",
    "share_mmap" : "1",
    "repl" : "1"
  },
  "jobs" : [
    {
      "jobname" : "readers",
      "groupid" : 0,
      "job_start" : 1771982694061,
      "error" : 0,
      "eta" : 0,
      "elapsed" : 181,
      "job options" : {
        "rw" : "randread",
        "random_distribution" : "random",
        "numjobs" : "64"
      },
      "read" : {
        "io_bytes" : 14773467230208,
        "io_kbytes" : 14427214092,
        "bw_bytes" : 82072538152,
        "bw" : 80148963,
        "iops" : 20037240.759979,
        "runtime" : 180005,
        "total_ios" : 3606803523,
        "short_ios" : 0,
        "drop_ios" : 0,
        "slat_ns" : {
          "min" : 0,
          "max" : 0,
          "mean" : 0.000000,
          "stddev" : 0.000000,
          "N" : 0
        },
        "clat_ns" : {
          "min" : 125,
          "max" : 7150992,
          "mean" : 2510.955364,
          "stddev" : 8161.468973,
          "N" : 3606803523,
          "percentile" : {
            "1.000000" : 1096,
            "5.000000" : 1432,
            "10.000000" : 1592,
            "20.000000" : 1816,
            "30.000000" : 1976,
            "40.000000" : 2128,
            "50.000000" : 2320,
            "60.000000" : 2512,
            "70.000000" : 2736,
            "80.000000" : 3056,
            "90.000000" : 3504,
            "95.000000" : 3856,
            "99.000000" : 4512,
            "99.500000" : 4832,
            "99.900000" : 16768,
            "99.950000" : 21376,
            "99.990000" : 32384
          }
        },
        "lat_ns" : {
          "min" : 161,
          "max" : 7151088,
          "mean" : 2588.115384,
          "stddev" : 8164.462768,
          "N" : 3606803523
        },
        "bw_min" : 288728,
        "bw_max" : 82096311,
        "bw_agg" : 100.000000,
        "bw_mean" : 80207467.807799,
        "bw_dev" : 163404.175115,
        "bw_samples" : 22976,
        "iops_min" : 72182,
        "iops_max" : 20524065,
        "iops_mean" : 20051849.779944,
        "iops_stddev" : 40851.008721,
        "iops_samples" : 22976
      },
      "write" : {
        "io_bytes" : 0,
        "io_kbytes" : 0,
        "bw_bytes" : 0,
        "bw" : 0,
        "iops" : 0.000000,
        "runtime" : 0,
        "total_ios" : 0,
        "short_ios" : 0,
        "drop_ios" : 0,
        "slat_ns" : {
          "min" : 0,
          "max" : 0,
          "mean" : 0.000000,
          "stddev" : 0.000000,
          "N" : 0
        },
        "clat_ns" : {
          "min" : 0,
          "max" : 0,
          "mean" : 0.000000,
          "stddev" : 0.000000,
          "N" : 0
        },
        "lat_ns" : {
          "min" : 0,
          "max" : 0,
          "mean" : 0.000000,
          "stddev" : 0.000000,
          "N" : 0
        },
        "bw_min" : 0,
        "bw_max" : 0,
        "bw_agg" : 0.000000,
        "bw_mean" : 0.000000,
        "bw_dev" : 0.000000,
        "bw_samples" : 0,
        "iops_min" : 0,
        "iops_max" : 0,
        "iops_mean" : 0.000000,
        "iops_stddev" : 0.000000,
        "iops_samples" : 0
      },
      "trim" : {
        "io_bytes" : 0,
        "io_kbytes" : 0,
        "bw_bytes" : 0,
        "bw" : 0,
        "iops" : 0.000000,
        "runtime" : 0,
        "total_ios" : 0,
        "short_ios" : 0,
        "drop_ios" : 0,
        "slat_ns" : {
          "min" : 0,
          "max" : 0,
          "mean" : 0.000000,
          "stddev" : 0.000000,
          "N" : 0
        },
        "clat_ns" : {
          "min" : 0,
          "max" : 0,
          "mean" : 0.000000,
          "stddev" : 0.000000,
          "N" : 0
        },
        "lat_ns" : {
          "min" : 0,
          "max" : 0,
          "mean" : 0.000000,
          "stddev" : 0.000000,
          "N" : 0
        },
        "bw_min" : 0,
        "bw_max" : 0,
        "bw_agg" : 0.000000,
        "bw_mean" : 0.000000,
        "bw_dev" : 0.000000,
        "bw_samples" : 0,
        "iops_min" : 0,
        "iops_max" : 0,
        "iops_mean" : 0.000000,
        "iops_stddev" : 0.000000,
        "iops_samples" : 0
      },
      "sync" : {
        "total_ios" : 0,
        "lat_ns" : {
          "min" : 0,
          "max" : 0,
          "mean" : 0.000000,
          "stddev" : 0.000000,
          "N" : 0
        }
      },
      "job_runtime" : 11520048,
      "usr_cpu" : 98.256153,
      "sys_cpu" : 0.024896,
      "ctx" : 278388,
      "majf" : 196610,
      "minf" : 372,
      "iodepth_level" : {
        "1" : 100.000000,
        "2" : 0.000000,
        "4" : 0.000000,
        "8" : 0.000000,
        "16" : 0.000000,
        "32" : 0.000000,
        ">=64" : 0.000000
      },
      "iodepth_submit" : {
        "0" : 0.000000,
        "4" : 100.000000,
        "8" : 0.000000,
        "16" : 0.000000,
        "32" : 0.000000,
        "64" : 0.000000,
        ">=64" : 0.000000
      },
      "iodepth_complete" : {
        "0" : 0.000000,
        "4" : 100.000000,
        "8" : 0.000000,
        "16" : 0.000000,
        "32" : 0.000000,
        "64" : 0.000000,
        ">=64" : 0.000000
      },
      "latency_ns" : {
        "2" : 0.000000,
        "4" : 0.000000,
        "10" : 0.000000,
        "20" : 0.000000,
        "50" : 0.000000,
        "100" : 0.000000,
        "250" : 0.025877,
        "500" : 0.071165,
        "750" : 0.147887,
        "1000" : 0.386551
      },
      "latency_us" : {
        "2" : 30.483309,
        "4" : 65.351407,
        "10" : 3.371900,
        "20" : 0.098839,
        "50" : 0.056103,
        "100" : 0.010000,
        "250" : 0.010000,
        "500" : 0.010000,
        "750" : 0.010000,
        "1000" : 0.010000
      },
      "latency_ms" : {
        "2" : 0.010000,
        "4" : 0.010000,
        "10" : 0.010000,
        "20" : 0.000000,
        "50" : 0.000000,
        "100" : 0.000000,
        "250" : 0.000000,
        "500" : 0.000000,
        "750" : 0.000000,
        "1000" : 0.000000,
        "2000" : 0.000000,
        ">=2000" : 0.000000
      },
      "latency_depth" : 1,
      "latency_target" : 0,
      "latency_percentile" : 100.000000,
      "latency_window" : 0
    }
  ],
  "disk_util" : [
    {
      "name" : "sda",
      "read_ios" : 196650,
      "write_ios" : 192,
      "read_sectors" : 1575968,
      "write_sectors" : 2968,
      "read_merges" : 223,
      "write_merges" : 113,
      "read_ticks" : 189143,
      "write_ticks" : 54,
      "in_queue" : 189202,
      "util" : 1.305995
    }
  ]
}
