{
  "fio version" : "fio-3.40",
  "timestamp" : 1765213353,
  "timestamp_ms" : 1765213353280,
  "time" : "Mon Dec  8 18:02:33 2025",
  "global options" : {
    "group_reporting" : "",
    "ioengine" : "mmap",
    "size" : "768m",
    "thread" : "1",
    "directory" : "/tmp",
    "time_based" : "",
    "runtime" : "180",
    "norandommap" : "1",
    "filename" : "/tmp/fio_readwrite",
    "share_mmap" : "1",
    "repl" : "1"
  },
  "jobs" : [
    {
      "jobname" : "writers",
      "groupid" : 0,
      "job_start" : 1765213173244,
      "error" : 0,
      "eta" : 0,
      "elapsed" : 181,
      "job options" : {
        "rw" : "randread",
        "random_distribution" : "random",
        "numjobs" : "13"
      },
      "read" : {
        "io_bytes" : 2294503084032,
        "io_kbytes" : 2240725668,
        "bw_bytes" : 12746956090,
        "bw" : 12448199,
        "iops" : 3112049.826671,
        "runtime" : 180004,
        "total_ios" : 560181417,
        "short_ios" : 0,
        "drop_ios" : 0,
        "slat_ns" : {
          "min" : 0,
          "max" : 0,
          "mean" : 0.000000,
          "stddev" : 0.000000,
          "N" : 0
        },
        "clat_ns" : {
          "min" : 102,
          "max" : 28642827,
          "mean" : 3217.008789,
          "stddev" : 13364.080311,
          "N" : 560181417,
          "percentile" : {
            "1.000000" : 1096,
            "5.000000" : 1608,
            "10.000000" : 1928,
            "20.000000" : 2320,
            "30.000000" : 2576,
            "40.000000" : 2832,
            "50.000000" : 3056,
            "60.000000" : 3280,
            "70.000000" : 3536,
            "80.000000" : 3824,
            "90.000000" : 4320,
            "95.000000" : 4768,
            "99.000000" : 5856,
            "99.500000" : 6560,
            "99.900000" : 18048,
            "99.950000" : 19584,
            "99.990000" : 41728
          }
        },
        "lat_ns" : {
          "min" : 131,
          "max" : 28642882,
          "mean" : 3290.824433,
          "stddev" : 13406.853306,
          "N" : 560181417
        },
        "bw_min" : 15976,
        "bw_max" : 15217876,
        "bw_agg" : 100.000000,
        "bw_mean" : 12598139.700565,
        "bw_dev" : 158875.946244,
        "bw_samples" : 4602,
        "iops_min" : 3994,
        "iops_max" : 3804461,
        "iops_mean" : 3149531.632768,
        "iops_stddev" : 39718.944302,
        "iops_samples" : 4602
      },
      "write" : {
        "io_bytes" : 8849710776320,
        "io_kbytes" : 8642295680,
        "bw_bytes" : 49163694210,
        "bw" : 48011420,
        "iops" : 12002855.031805,
        "runtime" : 180005,
        "total_ios" : 2160573920,
        "short_ios" : 0,
        "drop_ios" : 0,
        "slat_ns" : {
          "min" : 0,
          "max" : 0,
          "mean" : 0.000000,
          "stddev" : 0.000000,
          "N" : 0
        },
        "clat_ns" : {
          "min" : 98,
          "max" : 63554954,
          "mean" : 3080.099792,
          "stddev" : 18697.750184,
          "N" : 2160573920,
          "percentile" : {
            "1.000000" : 1032,
            "5.000000" : 1480,
            "10.000000" : 1768,
            "20.000000" : 2096,
            "30.000000" : 2352,
            "40.000000" : 2544,
            "50.000000" : 2768,
            "60.000000" : 3024,
            "70.000000" : 3280,
            "80.000000" : 3600,
            "90.000000" : 4080,
            "95.000000" : 4512,
            "99.000000" : 5664,
            "99.500000" : 6560,
            "99.900000" : 24192,
            "99.950000" : 82432,
            "99.990000" : 203776
          }
        },
        "lat_ns" : {
          "min" : 141,
          "max" : 63555347,
          "mean" : 3201.491374,
          "stddev" : 18888.732980,
          "N" : 2160573920
        },
        "bw_min" : 62632,
        "bw_max" : 66426052,
        "bw_agg" : 100.000000,
        "bw_mean" : 48592069.084746,
        "bw_dev" : 155348.703180,
        "bw_samples" : 18054,
        "iops_min" : 15658,
        "iops_max" : 16606501,
        "iops_mean" : 12148004.816384,
        "iops_stddev" : 38837.144018,
        "iops_samples" : 18054
      },
      "trim" : {
        "io_bytes" : 0,
        "io_kbytes" : 0,
        "bw_bytes" : 0,
        "bw" : 0,
        "iops" : 0.000000,
        "runtime" : 0,
        "total_ios" : 0,
        "short_ios" : 0,
        "drop_ios" : 0,
        "slat_ns" : {
          "min" : 0,
          "max" : 0,
          "mean" : 0.000000,
          "stddev" : 0.000000,
          "N" : 0
        },
        "clat_ns" : {
          "min" : 0,
          "max" : 0,
          "mean" : 0.000000,
          "stddev" : 0.000000,
          "N" : 0
        },
        "lat_ns" : {
          "min" : 0,
          "max" : 0,
          "mean" : 0.000000,
          "stddev" : 0.000000,
          "N" : 0
        },
        "bw_min" : 0,
        "bw_max" : 0,
        "bw_agg" : 0.000000,
        "bw_mean" : 0.000000,
        "bw_dev" : 0.000000,
        "bw_samples" : 0,
        "iops_min" : 0,
        "iops_max" : 0,
        "iops_mean" : 0.000000,
        "iops_stddev" : 0.000000,
        "iops_samples" : 0
      },
      "sync" : {
        "total_ios" : 0,
        "lat_ns" : {
          "min" : 0,
          "max" : 0,
          "mean" : 0.000000,
          "stddev" : 0.000000,
          "N" : 0
        }
      },
      "job_runtime" : 11520112,
      "usr_cpu" : 94.353770,
      "sys_cpu" : 1.409873,
      "ctx" : 878672,
      "majf" : 196608,
      "minf" : 2081684,
      "iodepth_level" : {
        "1" : 100.000000,
        "2" : 0.000000,
        "4" : 0.000000,
        "8" : 0.000000,
        "16" : 0.000000,
        "32" : 0.000000,
        ">=64" : 0.000000
      },
      "iodepth_submit" : {
        "0" : 0.000000,
        "4" : 100.000000,
        "8" : 0.000000,
        "16" : 0.000000,
        "32" : 0.000000,
        "64" : 0.000000,
        ">=64" : 0.000000
      },
      "iodepth_complete" : {
        "0" : 0.000000,
        "4" : 100.000000,
        "8" : 0.000000,
        "16" : 0.000000,
        "32" : 0.000000,
        "64" : 0.000000,
        ">=64" : 0.000000
      },
      "latency_ns" : {
        "2" : 0.000000,
        "4" : 0.000000,
        "10" : 0.000000,
        "20" : 0.000000,
        "50" : 0.000000,
        "100" : 0.010000,
        "250" : 0.035379,
        "500" : 0.034026,
        "750" : 0.138156,
        "1000" : 0.581119
      },
      "latency_us" : {
        "2" : 14.752241,
        "4" : 72.279682,
        "10" : 11.906458,
        "20" : 0.165776,
        "50" : 0.056418,
        "100" : 0.020079,
        "250" : 0.021580,
        "500" : 0.010000,
        "750" : 0.010000,
        "1000" : 0.010000
      },
      "latency_ms" : {
        "2" : 0.010000,
        "4" : 0.010000,
        "10" : 0.010000,
        "20" : 0.010000,
        "50" : 0.010000,
        "100" : 0.010000,
        "250" : 0.000000,
        "500" : 0.000000,
        "750" : 0.000000,
        "1000" : 0.000000,
        "2000" : 0.000000,
        ">=2000" : 0.000000
      },
      "latency_depth" : 1,
      "latency_target" : 0,
      "latency_percentile" : 100.000000,
      "latency_window" : 0
    }
  ],
  "disk_util" : [
    {
      "name" : "sda",
      "read_ios" : 196565,
      "write_ios" : 115813,
      "read_sectors" : 1573848,
      "write_sectors" : 17532072,
      "read_merges" : 166,
      "write_merges" : 6407,
      "read_ticks" : 216121,
      "write_ticks" : 14455159,
      "in_queue" : 14671290,
      "util" : 10.985745
    }
  ]
}
