{
  "fio version" : "fio-3.40",
  "timestamp" : 1764232560,
  "timestamp_ms" : 1764232560434,
  "time" : "Thu Nov 27 09:36:00 2025",
  "global options" : {
    "group_reporting" : "",
    "ioengine" : "mmap",
    "size" : "768m",
    "thread" : "1",
    "directory" : "/tmp",
    "time_based" : "",
    "runtime" : "120",
    "filename" : "/tmp/fio_readwrite",
    "share_mmap" : "1",
    "repl" : "1"
  },
  "jobs" : [
    {
      "jobname" : "writers",
      "groupid" : 0,
      "job_start" : 1764232440188,
      "error" : 0,
      "eta" : 0,
      "elapsed" : 121,
      "job options" : {
        "rw" : "randread",
        "random_distribution" : "zipf",
        "numjobs" : "61"
      },
      "read" : {
        "io_bytes" : 19202119598080,
        "io_kbytes" : 18752069920,
        "bw_bytes" : 160014996400,
        "bw" : 156264644,
        "iops" : 39066161.230646,
        "runtime" : 120002,
        "total_ios" : 4688017480,
        "short_ios" : 0,
        "drop_ios" : 0,
        "slat_ns" : {
          "min" : 0,
          "max" : 0,
          "mean" : 0.000000,
          "stddev" : 0.000000,
          "N" : 0
        },
        "clat_ns" : {
          "min" : 94,
          "max" : 24038910,
          "mean" : 750.094894,
          "stddev" : 7216.617587,
          "N" : 4688017480,
          "percentile" : {
            "1.000000" : 133,
            "5.000000" : 163,
            "10.000000" : 189,
            "20.000000" : 215,
            "30.000000" : 243,
            "40.000000" : 350,
            "50.000000" : 548,
            "60.000000" : 772,
            "70.000000" : 996,
            "80.000000" : 1192,
            "90.000000" : 1448,
            "95.000000" : 1672,
            "99.000000" : 2384,
            "99.500000" : 2864,
            "99.900000" : 3568,
            "99.950000" : 4080,
            "99.990000" : 19072
          }
        },
        "lat_ns" : {
          "min" : 120,
          "max" : 34383629,
          "mean" : 842.964606,
          "stddev" : 7384.118053,
          "N" : 4688017480
        },
        "bw_min" : 723013,
        "bw_max" : 174949355,
        "bw_agg" : 100.000000,
        "bw_mean" : 156433592.786611,
        "bw_dev" : 382320.889020,
        "bw_samples" : 14579,
        "iops_min" : 180745,
        "iops_max" : 43737319,
        "iops_mean" : 39108383.820084,
        "iops_stddev" : 95580.185659,
        "iops_samples" : 14579
      },
      "write" : {
        "io_bytes" : 941415550976,
        "io_kbytes" : 919351124,
        "bw_bytes" : 7844998841,
        "bw" : 7661131,
        "iops" : 1915282.920285,
        "runtime" : 120002,
        "total_ios" : 229837781,
        "short_ios" : 0,
        "drop_ios" : 0,
        "slat_ns" : {
          "min" : 0,
          "max" : 0,
          "mean" : 0.000000,
          "stddev" : 0.000000,
          "N" : 0
        },
        "clat_ns" : {
          "min" : 96,
          "max" : 28081739,
          "mean" : 826.394062,
          "stddev" : 11582.266460,
          "N" : 229837781,
          "percentile" : {
            "1.000000" : 129,
            "5.000000" : 151,
            "10.000000" : 177,
            "20.000000" : 207,
            "30.000000" : 227,
            "40.000000" : 338,
            "50.000000" : 580,
            "60.000000" : 836,
            "70.000000" : 1032,
            "80.000000" : 1208,
            "90.000000" : 1464,
            "95.000000" : 1704,
            "99.000000" : 3312,
            "99.500000" : 6816,
            "99.900000" : 10816,
            "99.950000" : 16768,
            "99.990000" : 41216
          }
        },
        "lat_ns" : {
          "min" : 134,
          "max" : 28081790,
          "mean" : 922.505246,
          "stddev" : 12252.453273,
          "N" : 229837781
        },
        "bw_min" : 36904,
        "bw_max" : 8567623,
        "bw_agg" : 100.000000,
        "bw_mean" : 7669169.623431,
        "bw_dev" : 430851.177213,
        "bw_samples" : 717,
        "iops_min" : 9226,
        "iops_max" : 2141907,
        "iops_mean" : 1917291.585774,
        "iops_stddev" : 107712.715942,
        "iops_samples" : 717
      },
      "trim" : {
        "io_bytes" : 0,
        "io_kbytes" : 0,
        "bw_bytes" : 0,
        "bw" : 0,
        "iops" : 0.000000,
        "runtime" : 0,
        "total_ios" : 0,
        "short_ios" : 0,
        "drop_ios" : 0,
        "slat_ns" : {
          "min" : 0,
          "max" : 0,
          "mean" : 0.000000,
          "stddev" : 0.000000,
          "N" : 0
        },
        "clat_ns" : {
          "min" : 0,
          "max" : 0,
          "mean" : 0.000000,
          "stddev" : 0.000000,
          "N" : 0
        },
        "lat_ns" : {
          "min" : 0,
          "max" : 0,
          "mean" : 0.000000,
          "stddev" : 0.000000,
          "N" : 0
        },
        "bw_min" : 0,
        "bw_max" : 0,
        "bw_agg" : 0.000000,
        "bw_mean" : 0.000000,
        "bw_dev" : 0.000000,
        "bw_samples" : 0,
        "iops_min" : 0,
        "iops_max" : 0,
        "iops_mean" : 0.000000,
        "iops_stddev" : 0.000000,
        "iops_samples" : 0
      },
      "sync" : {
        "total_ios" : 0,
        "lat_ns" : {
          "min" : 0,
          "max" : 0,
          "mean" : 0.000000,
          "stddev" : 0.000000,
          "N" : 0
        }
      },
      "job_runtime" : 7680004,
      "usr_cpu" : 97.173270,
      "sys_cpu" : 0.200312,
      "ctx" : 267929,
      "majf" : 196609,
      "minf" : 1972105,
      "iodepth_level" : {
        "1" : 100.000000,
        "2" : 0.000000,
        "4" : 0.000000,
        "8" : 0.000000,
        "16" : 0.000000,
        "32" : 0.000000,
        ">=64" : 0.000000
      },
      "iodepth_submit" : {
        "0" : 0.000000,
        "4" : 100.000000,
        "8" : 0.000000,
        "16" : 0.000000,
        "32" : 0.000000,
        "64" : 0.000000,
        ">=64" : 0.000000
      },
      "iodepth_complete" : {
        "0" : 0.000000,
        "4" : 100.000000,
        "8" : 0.000000,
        "16" : 0.000000,
        "32" : 0.000000,
        "64" : 0.000000,
        ">=64" : 0.000000
      },
      "latency_ns" : {
        "2" : 0.000000,
        "4" : 0.000000,
        "10" : 0.000000,
        "20" : 0.000000,
        "50" : 0.000000,
        "100" : 0.010000,
        "250" : 31.157582,
        "500" : 16.784536,
        "750" : 10.871881,
        "1000" : 11.402936
      },
      "latency_us" : {
        "2" : 27.694174,
        "4" : 1.994880,
        "10" : 0.052904,
        "20" : 0.030968,
        "50" : 0.010000,
        "100" : 0.010000,
        "250" : 0.010000,
        "500" : 0.010000,
        "750" : 0.010000,
        "1000" : 0.010000
      },
      "latency_ms" : {
        "2" : 0.010000,
        "4" : 0.010000,
        "10" : 0.010000,
        "20" : 0.010000,
        "50" : 0.010000,
        "100" : 0.000000,
        "250" : 0.000000,
        "500" : 0.000000,
        "750" : 0.000000,
        "1000" : 0.000000,
        "2000" : 0.000000,
        ">=2000" : 0.000000
      },
      "latency_depth" : 1,
      "latency_target" : 0,
      "latency_percentile" : 100.000000,
      "latency_window" : 0
    }
  ],
  "disk_util" : [
    {
      "name" : "sda",
      "read_ios" : 196932,
      "write_ios" : 80300,
      "read_sectors" : 1604784,
      "write_sectors" : 14514248,
      "read_merges" : 502,
      "write_merges" : 245,
      "read_ticks" : 152650,
      "write_ticks" : 654785,
      "in_queue" : 807442,
      "util" : 17.341108
    }
  ]
}
