{
  "fio version" : "fio-3.40",
  "timestamp" : 1769906830,
  "timestamp_ms" : 1769906830747,
  "time" : "Sun Feb  1 01:47:10 2026",
  "global options" : {
    "group_reporting" : "",
    "ioengine" : "mmap",
    "size" : "768m",
    "thread" : "1",
    "directory" : "/tmp",
    "time_based" : "",
    "runtime" : "180",
    "norandommap" : "1",
    "filename" : "/tmp/fio_readwrite",
    "share_mmap" : "1",
    "repl" : "1"
  },
  "jobs" : [
    {
      "jobname" : "writers",
      "groupid" : 0,
      "job_start" : 1769906650712,
      "error" : 0,
      "eta" : 0,
      "elapsed" : 181,
      "job options" : {
        "rw" : "randread",
        "random_distribution" : "random",
        "numjobs" : "13"
      },
      "read" : {
        "io_bytes" : 1648595353600,
        "io_kbytes" : 1609956400,
        "bw_bytes" : 9158761311,
        "bw" : 8944102,
        "iops" : 2236025.710825,
        "runtime" : 180002,
        "total_ios" : 402489100,
        "short_ios" : 0,
        "drop_ios" : 0,
        "slat_ns" : {
          "min" : 0,
          "max" : 0,
          "mean" : 0.000000,
          "stddev" : 0.000000,
          "N" : 0
        },
        "clat_ns" : {
          "min" : 100,
          "max" : 8049180,
          "mean" : 4436.338469,
          "stddev" : 8524.956355,
          "N" : 402489100,
          "percentile" : {
            "1.000000" : 1032,
            "5.000000" : 1960,
            "10.000000" : 2480,
            "20.000000" : 3120,
            "30.000000" : 3568,
            "40.000000" : 3920,
            "50.000000" : 4256,
            "60.000000" : 4512,
            "70.000000" : 4832,
            "80.000000" : 5216,
            "90.000000" : 5792,
            "95.000000" : 6304,
            "99.000000" : 7840,
            "99.500000" : 9920,
            "99.900000" : 86528,
            "99.950000" : 101888,
            "99.990000" : 218112
          }
        },
        "lat_ns" : {
          "min" : 127,
          "max" : 8049225,
          "mean" : 4522.287719,
          "stddev" : 8556.396241,
          "N" : 402489100
        },
        "bw_min" : 198184,
        "bw_max" : 12324793,
        "bw_agg" : 100.000000,
        "bw_mean" : 9192199.039086,
        "bw_dev" : 128683.057216,
        "bw_samples" : 4532,
        "iops_min" : 49546,
        "iops_max" : 3081199,
        "iops_mean" : 2298046.885141,
        "iops_stddev" : 32170.758320,
        "iops_samples" : 4532
      },
      "write" : {
        "io_bytes" : 6880256978944,
        "io_kbytes" : 6719000956,
        "bw_bytes" : 38223012832,
        "bw" : 37327160,
        "iops" : 9331790.242385,
        "runtime" : 180003,
        "total_ios" : 1679750239,
        "short_ios" : 0,
        "drop_ios" : 0,
        "slat_ns" : {
          "min" : 0,
          "max" : 0,
          "mean" : 0.000000,
          "stddev" : 0.000000,
          "N" : 0
        },
        "clat_ns" : {
          "min" : 98,
          "max" : 16045814,
          "mean" : 4069.666955,
          "stddev" : 8306.826457,
          "N" : 1679750239,
          "percentile" : {
            "1.000000" : 1288,
            "5.000000" : 1992,
            "10.000000" : 2384,
            "20.000000" : 2832,
            "30.000000" : 3184,
            "40.000000" : 3472,
            "50.000000" : 3760,
            "60.000000" : 4080,
            "70.000000" : 4384,
            "80.000000" : 4768,
            "90.000000" : 5280,
            "95.000000" : 5792,
            "99.000000" : 6880,
            "99.500000" : 7840,
            "99.900000" : 109056,
            "99.950000" : 164864,
            "99.990000" : 240640
          }
        },
        "lat_ns" : {
          "min" : 135,
          "max" : 16045873,
          "mean" : 4201.516930,
          "stddev" : 8361.084785,
          "N" : 1679750239
        },
        "bw_min" : 502294,
        "bw_max" : 42243350,
        "bw_agg" : 100.000000,
        "bw_mean" : 38394919.799493,
        "bw_dev" : 143980.424237,
        "bw_samples" : 17764,
        "iops_min" : 125573,
        "iops_max" : 10560821,
        "iops_mean" : 9598719.757295,
        "iops_stddev" : 35995.095245,
        "iops_samples" : 17764
      },
      "trim" : {
        "io_bytes" : 0,
        "io_kbytes" : 0,
        "bw_bytes" : 0,
        "bw" : 0,
        "iops" : 0.000000,
        "runtime" : 0,
        "total_ios" : 0,
        "short_ios" : 0,
        "drop_ios" : 0,
        "slat_ns" : {
          "min" : 0,
          "max" : 0,
          "mean" : 0.000000,
          "stddev" : 0.000000,
          "N" : 0
        },
        "clat_ns" : {
          "min" : 0,
          "max" : 0,
          "mean" : 0.000000,
          "stddev" : 0.000000,
          "N" : 0
        },
        "lat_ns" : {
          "min" : 0,
          "max" : 0,
          "mean" : 0.000000,
          "stddev" : 0.000000,
          "N" : 0
        },
        "bw_min" : 0,
        "bw_max" : 0,
        "bw_agg" : 0.000000,
        "bw_mean" : 0.000000,
        "bw_dev" : 0.000000,
        "bw_samples" : 0,
        "iops_min" : 0,
        "iops_max" : 0,
        "iops_mean" : 0.000000,
        "iops_stddev" : 0.000000,
        "iops_samples" : 0
      },
      "sync" : {
        "total_ios" : 0,
        "lat_ns" : {
          "min" : 0,
          "max" : 0,
          "mean" : 0.000000,
          "stddev" : 0.000000,
          "N" : 0
        }
      },
      "job_runtime" : 11520036,
      "usr_cpu" : 92.919996,
      "sys_cpu" : 6.003210,
      "ctx" : 591653,
      "majf" : 84784,
      "minf" : 3487908,
      "iodepth_level" : {
        "1" : 100.000000,
        "2" : 0.000000,
        "4" : 0.000000,
        "8" : 0.000000,
        "16" : 0.000000,
        "32" : 0.000000,
        ">=64" : 0.000000
      },
      "iodepth_submit" : {
        "0" : 0.000000,
        "4" : 100.000000,
        "8" : 0.000000,
        "16" : 0.000000,
        "32" : 0.000000,
        "64" : 0.000000,
        ">=64" : 0.000000
      },
      "iodepth_complete" : {
        "0" : 0.000000,
        "4" : 100.000000,
        "8" : 0.000000,
        "16" : 0.000000,
        "32" : 0.000000,
        "64" : 0.000000,
        ">=64" : 0.000000
      },
      "latency_ns" : {
        "2" : 0.000000,
        "4" : 0.000000,
        "10" : 0.000000,
        "20" : 0.000000,
        "50" : 0.000000,
        "100" : 0.010000,
        "250" : 0.036544,
        "500" : 0.032231,
        "750" : 0.194695,
        "1000" : 0.306800
      },
      "latency_us" : {
        "2" : 4.558952,
        "4" : 49.583388,
        "10" : 44.883147,
        "20" : 0.141161,
        "50" : 0.095582,
        "100" : 0.072386,
        "250" : 0.086774,
        "500" : 0.010000,
        "750" : 0.010000,
        "1000" : 0.010000
      },
      "latency_ms" : {
        "2" : 0.010000,
        "4" : 0.010000,
        "10" : 0.010000,
        "20" : 0.010000,
        "50" : 0.000000,
        "100" : 0.000000,
        "250" : 0.000000,
        "500" : 0.000000,
        "750" : 0.000000,
        "1000" : 0.000000,
        "2000" : 0.000000,
        ">=2000" : 0.000000
      },
      "latency_depth" : 1,
      "latency_target" : 0,
      "latency_percentile" : 100.000000,
      "latency_window" : 0
    }
  ],
  "disk_util" : [
    {
      "name" : "sdb",
      "read_ios" : 84851,
      "write_ios" : 68987,
      "read_sectors" : 681976,
      "write_sectors" : 2138216,
      "read_merges" : 272,
      "write_merges" : 430,
      "read_ticks" : 26290,
      "write_ticks" : 7927758,
      "in_queue" : 7954054,
      "util" : 2.212370
    }
  ]
}
