{
  "fio version" : "fio-3.40",
  "timestamp" : 1769850869,
  "timestamp_ms" : 1769850869267,
  "time" : "Sat Jan 31 10:14:29 2026",
  "global options" : {
    "group_reporting" : "",
    "ioengine" : "mmap",
    "size" : "768m",
    "thread" : "1",
    "directory" : "/tmp",
    "time_based" : "",
    "runtime" : "180",
    "norandommap" : "1",
    "filename" : "/tmp/fio_readwrite",
    "share_mmap" : "1",
    "repl" : "1"
  },
  "jobs" : [
    {
      "jobname" : "writers",
      "groupid" : 0,
      "job_start" : 1769850689091,
      "error" : 0,
      "eta" : 0,
      "elapsed" : 181,
      "job options" : {
        "rw" : "randread",
        "random_distribution" : "random",
        "numjobs" : "13"
      },
      "read" : {
        "io_bytes" : 2169296654336,
        "io_kbytes" : 2118453764,
        "bw_bytes" : 12051514173,
        "bw" : 11769056,
        "iops" : 2942264.202620,
        "runtime" : 180002,
        "total_ios" : 529613441,
        "short_ios" : 0,
        "drop_ios" : 0,
        "slat_ns" : {
          "min" : 0,
          "max" : 0,
          "mean" : 0.000000,
          "stddev" : 0.000000,
          "N" : 0
        },
        "clat_ns" : {
          "min" : 97,
          "max" : 44041494,
          "mean" : 3447.193714,
          "stddev" : 15100.601223,
          "N" : 529613441,
          "percentile" : {
            "1.000000" : 996,
            "5.000000" : 1544,
            "10.000000" : 1928,
            "20.000000" : 2416,
            "30.000000" : 2736,
            "40.000000" : 3024,
            "50.000000" : 3280,
            "60.000000" : 3568,
            "70.000000" : 3856,
            "80.000000" : 4192,
            "90.000000" : 4704,
            "95.000000" : 5152,
            "99.000000" : 6368,
            "99.500000" : 7136,
            "99.900000" : 18304,
            "99.950000" : 20864,
            "99.990000" : 109056
          }
        },
        "lat_ns" : {
          "min" : 124,
          "max" : 44041549,
          "mean" : 3518.390157,
          "stddev" : 15191.785252,
          "N" : 529613441
        },
        "bw_min" : 45072,
        "bw_max" : 15973941,
        "bw_agg" : 100.000000,
        "bw_mean" : 11945290.467422,
        "bw_dev" : 156332.737931,
        "bw_samples" : 4589,
        "iops_min" : 11268,
        "iops_max" : 3993482,
        "iops_mean" : 2986318.773371,
        "iops_stddev" : 39083.135974,
        "iops_samples" : 4589
      },
      "write" : {
        "io_bytes" : 8221962166272,
        "io_kbytes" : 8029259928,
        "bw_bytes" : 45676806310,
        "bw" : 44606256,
        "iops" : 11151564.040599,
        "runtime" : 180003,
        "total_ios" : 2007314982,
        "short_ios" : 0,
        "drop_ios" : 0,
        "slat_ns" : {
          "min" : 0,
          "max" : 0,
          "mean" : 0.000000,
          "stddev" : 0.000000,
          "N" : 0
        },
        "clat_ns" : {
          "min" : 95,
          "max" : 108043516,
          "mean" : 3323.501778,
          "stddev" : 15754.092032,
          "N" : 2007314982,
          "percentile" : {
            "1.000000" : 1020,
            "5.000000" : 1528,
            "10.000000" : 1864,
            "20.000000" : 2256,
            "30.000000" : 2544,
            "40.000000" : 2832,
            "50.000000" : 3056,
            "60.000000" : 3344,
            "70.000000" : 3632,
            "80.000000" : 3952,
            "90.000000" : 4448,
            "95.000000" : 4896,
            "99.000000" : 6176,
            "99.500000" : 7328,
            "99.900000" : 25216,
            "99.950000" : 71168,
            "99.990000" : 218112
          }
        },
        "lat_ns" : {
          "min" : 133,
          "max" : 108043561,
          "mean" : 3454.715267,
          "stddev" : 15945.379244,
          "N" : 2007314982
        },
        "bw_min" : 175384,
        "bw_max" : 59975838,
        "bw_agg" : 100.000000,
        "bw_mean" : 45271882.260623,
        "bw_dev" : 134430.066358,
        "bw_samples" : 18003,
        "iops_min" : 43846,
        "iops_max" : 14993967,
        "iops_mean" : 11317956.821530,
        "iops_stddev" : 33607.486831,
        "iops_samples" : 18003
      },
      "trim" : {
        "io_bytes" : 0,
        "io_kbytes" : 0,
        "bw_bytes" : 0,
        "bw" : 0,
        "iops" : 0.000000,
        "runtime" : 0,
        "total_ios" : 0,
        "short_ios" : 0,
        "drop_ios" : 0,
        "slat_ns" : {
          "min" : 0,
          "max" : 0,
          "mean" : 0.000000,
          "stddev" : 0.000000,
          "N" : 0
        },
        "clat_ns" : {
          "min" : 0,
          "max" : 0,
          "mean" : 0.000000,
          "stddev" : 0.000000,
          "N" : 0
        },
        "lat_ns" : {
          "min" : 0,
          "max" : 0,
          "mean" : 0.000000,
          "stddev" : 0.000000,
          "N" : 0
        },
        "bw_min" : 0,
        "bw_max" : 0,
        "bw_agg" : 0.000000,
        "bw_mean" : 0.000000,
        "bw_dev" : 0.000000,
        "bw_samples" : 0,
        "iops_min" : 0,
        "iops_max" : 0,
        "iops_mean" : 0.000000,
        "iops_stddev" : 0.000000,
        "iops_samples" : 0
      },
      "sync" : {
        "total_ios" : 0,
        "lat_ns" : {
          "min" : 0,
          "max" : 0,
          "mean" : 0.000000,
          "stddev" : 0.000000,
          "N" : 0
        }
      },
      "job_runtime" : 11520013,
      "usr_cpu" : 94.904016,
      "sys_cpu" : 1.246023,
      "ctx" : 917620,
      "majf" : 196621,
      "minf" : 1918747,
      "iodepth_level" : {
        "1" : 100.000000,
        "2" : 0.000000,
        "4" : 0.000000,
        "8" : 0.000000,
        "16" : 0.000000,
        "32" : 0.000000,
        ">=64" : 0.000000
      },
      "iodepth_submit" : {
        "0" : 0.000000,
        "4" : 100.000000,
        "8" : 0.000000,
        "16" : 0.000000,
        "32" : 0.000000,
        "64" : 0.000000,
        ">=64" : 0.000000
      },
      "iodepth_complete" : {
        "0" : 0.000000,
        "4" : 100.000000,
        "8" : 0.000000,
        "16" : 0.000000,
        "32" : 0.000000,
        "64" : 0.000000,
        ">=64" : 0.000000
      },
      "latency_ns" : {
        "2" : 0.000000,
        "4" : 0.000000,
        "10" : 0.000000,
        "20" : 0.000000,
        "50" : 0.000000,
        "100" : 0.010000,
        "250" : 0.036436,
        "500" : 0.037096,
        "750" : 0.179450,
        "1000" : 0.689081
      },
      "latency_us" : {
        "2" : 11.544296,
        "4" : 67.214071,
        "10" : 20.010149,
        "20" : 0.158965,
        "50" : 0.081919,
        "100" : 0.024538,
        "250" : 0.014469,
        "500" : 0.010000,
        "750" : 0.010000,
        "1000" : 0.010000
      },
      "latency_ms" : {
        "2" : 0.010000,
        "4" : 0.010000,
        "10" : 0.010000,
        "20" : 0.010000,
        "50" : 0.010000,
        "100" : 0.010000,
        "250" : 0.010000,
        "500" : 0.000000,
        "750" : 0.000000,
        "1000" : 0.000000,
        "2000" : 0.000000,
        ">=2000" : 0.000000
      },
      "latency_depth" : 1,
      "latency_target" : 0,
      "latency_percentile" : 100.000000,
      "latency_window" : 0
    }
  ],
  "disk_util" : [
    {
      "name" : "sda",
      "read_ios" : 196553,
      "write_ios" : 104008,
      "read_sectors" : 1574200,
      "write_sectors" : 16542488,
      "read_merges" : 222,
      "write_merges" : 3400,
      "read_ticks" : 166822,
      "write_ticks" : 60901903,
      "in_queue" : 61068736,
      "util" : 10.404940
    }
  ]
}
