{
  "fio version" : "fio-3.40",
  "timestamp" : 1771886506,
  "timestamp_ms" : 1771886506266,
  "time" : "Mon Feb 23 23:41:46 2026",
  "global options" : {
    "group_reporting" : "",
    "ioengine" : "mmap",
    "size" : "768m",
    "thread" : "1",
    "directory" : "/tmp",
    "time_based" : "",
    "runtime" : "180",
    "norandommap" : "1",
    "filename" : "/tmp/fio_readwrite",
    "share_mmap" : "1",
    "repl" : "1"
  },
  "jobs" : [
    {
      "jobname" : "writers",
      "groupid" : 0,
      "job_start" : 1771886326155,
      "error" : 0,
      "eta" : 0,
      "elapsed" : 181,
      "job options" : {
        "rw" : "randread",
        "random_distribution" : "random",
        "numjobs" : "26"
      },
      "read" : {
        "io_bytes" : 4805857525760,
        "io_kbytes" : 4693220240,
        "bw_bytes" : 26698763497,
        "bw" : 26073011,
        "iops" : 6518252.806898,
        "runtime" : 180003,
        "total_ios" : 1173305060,
        "short_ios" : 0,
        "drop_ios" : 0,
        "slat_ns" : {
          "min" : 0,
          "max" : 0,
          "mean" : 0.000000,
          "stddev" : 0.000000,
          "N" : 0
        },
        "clat_ns" : {
          "min" : 125,
          "max" : 17347236,
          "mean" : 2959.696771,
          "stddev" : 7793.417119,
          "N" : 1173305060,
          "percentile" : {
            "1.000000" : 860,
            "5.000000" : 1384,
            "10.000000" : 1688,
            "20.000000" : 2064,
            "30.000000" : 2320,
            "40.000000" : 2512,
            "50.000000" : 2736,
            "60.000000" : 2928,
            "70.000000" : 3152,
            "80.000000" : 3408,
            "90.000000" : 3824,
            "95.000000" : 4192,
            "99.000000" : 5152,
            "99.500000" : 5792,
            "99.900000" : 86528,
            "99.950000" : 101888,
            "99.990000" : 181248
          }
        },
        "lat_ns" : {
          "min" : 161,
          "max" : 17347306,
          "mean" : 3060.185352,
          "stddev" : 7824.148826,
          "N" : 1173305060
        },
        "bw_min" : 130596,
        "bw_max" : 31524599,
        "bw_agg" : 100.000000,
        "bw_mean" : 26478201.618876,
        "bw_dev" : 204440.184990,
        "bw_samples" : 9200,
        "iops_min" : 32648,
        "iops_max" : 7881141,
        "iops_mean" : 6619543.919090,
        "iops_stddev" : 51110.028745,
        "iops_samples" : 9200
      },
      "write" : {
        "io_bytes" : 7148761903104,
        "io_kbytes" : 6981212796,
        "bw_bytes" : 39714461362,
        "bw" : 38783653,
        "iops" : 9695913.418591,
        "runtime" : 180004,
        "total_ios" : 1745303199,
        "short_ios" : 0,
        "drop_ios" : 0,
        "slat_ns" : {
          "min" : 0,
          "max" : 0,
          "mean" : 0.000000,
          "stddev" : 0.000000,
          "N" : 0
        },
        "clat_ns" : {
          "min" : 125,
          "max" : 52053270,
          "mean" : 2908.546346,
          "stddev" : 8444.570672,
          "N" : 1745303199,
          "percentile" : {
            "1.000000" : 1004,
            "5.000000" : 1416,
            "10.000000" : 1688,
            "20.000000" : 1992,
            "30.000000" : 2224,
            "40.000000" : 2416,
            "50.000000" : 2640,
            "60.000000" : 2832,
            "70.000000" : 3056,
            "80.000000" : 3312,
            "90.000000" : 3696,
            "95.000000" : 4048,
            "99.000000" : 4896,
            "99.500000" : 5472,
            "99.900000" : 91648,
            "99.950000" : 144384,
            "99.990000" : 218112
          }
        },
        "lat_ns" : {
          "min" : 175,
          "max" : 52053376,
          "mean" : 3028.260254,
          "stddev" : 8496.962141,
          "N" : 1745303199
        },
        "bw_min" : 209288,
        "bw_max" : 43593943,
        "bw_agg" : 100.000000,
        "bw_mean" : 39377267.606160,
        "bw_dev" : 246749.632224,
        "bw_samples" : 13449,
        "iops_min" : 52322,
        "iops_max" : 10898480,
        "iops_mean" : 9844310.004281,
        "iops_stddev" : 61687.399796,
        "iops_samples" : 13449
      },
      "trim" : {
        "io_bytes" : 0,
        "io_kbytes" : 0,
        "bw_bytes" : 0,
        "bw" : 0,
        "iops" : 0.000000,
        "runtime" : 0,
        "total_ios" : 0,
        "short_ios" : 0,
        "drop_ios" : 0,
        "slat_ns" : {
          "min" : 0,
          "max" : 0,
          "mean" : 0.000000,
          "stddev" : 0.000000,
          "N" : 0
        },
        "clat_ns" : {
          "min" : 0,
          "max" : 0,
          "mean" : 0.000000,
          "stddev" : 0.000000,
          "N" : 0
        },
        "lat_ns" : {
          "min" : 0,
          "max" : 0,
          "mean" : 0.000000,
          "stddev" : 0.000000,
          "N" : 0
        },
        "bw_min" : 0,
        "bw_max" : 0,
        "bw_agg" : 0.000000,
        "bw_mean" : 0.000000,
        "bw_dev" : 0.000000,
        "bw_samples" : 0,
        "iops_min" : 0,
        "iops_max" : 0,
        "iops_mean" : 0.000000,
        "iops_stddev" : 0.000000,
        "iops_samples" : 0
      },
      "sync" : {
        "total_ios" : 0,
        "lat_ns" : {
          "min" : 0,
          "max" : 0,
          "mean" : 0.000000,
          "stddev" : 0.000000,
          "N" : 0
        }
      },
      "job_runtime" : 11520053,
      "usr_cpu" : 92.838332,
      "sys_cpu" : 5.949990,
      "ctx" : 361621,
      "majf" : 140263,
      "minf" : 5162698,
      "iodepth_level" : {
        "1" : 100.000000,
        "2" : 0.000000,
        "4" : 0.000000,
        "8" : 0.000000,
        "16" : 0.000000,
        "32" : 0.000000,
        ">=64" : 0.000000
      },
      "iodepth_submit" : {
        "0" : 0.000000,
        "4" : 100.000000,
        "8" : 0.000000,
        "16" : 0.000000,
        "32" : 0.000000,
        "64" : 0.000000,
        ">=64" : 0.000000
      },
      "iodepth_complete" : {
        "0" : 0.000000,
        "4" : 100.000000,
        "8" : 0.000000,
        "16" : 0.000000,
        "32" : 0.000000,
        "64" : 0.000000,
        ">=64" : 0.000000
      },
      "latency_ns" : {
        "2" : 0.000000,
        "4" : 0.000000,
        "10" : 0.000000,
        "20" : 0.000000,
        "50" : 0.000000,
        "100" : 0.000000,
        "250" : 0.023450,
        "500" : 0.038794,
        "750" : 0.298877,
        "1000" : 0.910250
      },
      "latency_us" : {
        "2" : 18.049777,
        "4" : 74.527437,
        "10" : 5.896983,
        "20" : 0.044815,
        "50" : 0.030584,
        "100" : 0.108728,
        "250" : 0.063765,
        "500" : 0.010000,
        "750" : 0.010000,
        "1000" : 0.010000
      },
      "latency_ms" : {
        "2" : 0.010000,
        "4" : 0.010000,
        "10" : 0.010000,
        "20" : 0.010000,
        "50" : 0.010000,
        "100" : 0.010000,
        "250" : 0.000000,
        "500" : 0.000000,
        "750" : 0.000000,
        "1000" : 0.000000,
        "2000" : 0.000000,
        ">=2000" : 0.000000
      },
      "latency_depth" : 1,
      "latency_target" : 0,
      "latency_percentile" : 100.000000,
      "latency_window" : 0
    }
  ],
  "disk_util" : [
    {
      "name" : "sda",
      "read_ios" : 140793,
      "write_ios" : 34851,
      "read_sectors" : 1222688,
      "write_sectors" : 1901512,
      "read_merges" : 426,
      "write_merges" : 613,
      "read_ticks" : 77940,
      "write_ticks" : 14110056,
      "in_queue" : 14188003,
      "util" : 2.327511
    }
  ]
}
