{
  "fio version" : "fio-3.40",
  "timestamp" : 1764232802,
  "timestamp_ms" : 1764232802401,
  "time" : "Thu Nov 27 09:40:02 2025",
  "global options" : {
    "group_reporting" : "",
    "ioengine" : "mmap",
    "size" : "768m",
    "thread" : "1",
    "directory" : "/tmp",
    "time_based" : "",
    "runtime" : "120",
    "filename" : "/tmp/fio_readwrite",
    "share_mmap" : "1",
    "repl" : "1"
  },
  "jobs" : [
    {
      "jobname" : "writers",
      "groupid" : 0,
      "job_start" : 1764232682137,
      "error" : 0,
      "eta" : 0,
      "elapsed" : 121,
      "job options" : {
        "rw" : "randread",
        "random_distribution" : "zipf",
        "numjobs" : "61"
      },
      "read" : {
        "io_bytes" : 19282198798336,
        "io_kbytes" : 18830272264,
        "bw_bytes" : 160682311947,
        "bw" : 156916320,
        "iops" : 39229080.065332,
        "runtime" : 120002,
        "total_ios" : 4707568066,
        "short_ios" : 0,
        "drop_ios" : 0,
        "slat_ns" : {
          "min" : 0,
          "max" : 0,
          "mean" : 0.000000,
          "stddev" : 0.000000,
          "N" : 0
        },
        "clat_ns" : {
          "min" : 93,
          "max" : 37100551,
          "mean" : 738.583290,
          "stddev" : 5639.224766,
          "N" : 4707568066,
          "percentile" : {
            "1.000000" : 135,
            "5.000000" : 169,
            "10.000000" : 195,
            "20.000000" : 221,
            "30.000000" : 258,
            "40.000000" : 346,
            "50.000000" : 510,
            "60.000000" : 652,
            "70.000000" : 804,
            "80.000000" : 972,
            "90.000000" : 1224,
            "95.000000" : 1656,
            "99.000000" : 3120,
            "99.500000" : 3440,
            "99.900000" : 24192,
            "99.950000" : 49408,
            "99.990000" : 59648
          }
        },
        "lat_ns" : {
          "min" : 120,
          "max" : 37100599,
          "mean" : 825.586427,
          "stddev" : 5659.689275,
          "N" : 4707568066
        },
        "bw_min" : 416874,
        "bw_max" : 178405154,
        "bw_agg" : 100.000000,
        "bw_mean" : 157099067.577406,
        "bw_dev" : 386693.477333,
        "bw_samples" : 14579,
        "iops_min" : 104211,
        "iops_max" : 44601276,
        "iops_mean" : 39274754.037657,
        "iops_stddev" : 96673.342566,
        "iops_samples" : 14579
      },
      "write" : {
        "io_bytes" : 407107522560,
        "io_kbytes" : 397565940,
        "bw_bytes" : 3392534416,
        "bw" : 3313021,
        "iops" : 828255.472871,
        "runtime" : 120001,
        "total_ios" : 99391485,
        "short_ios" : 0,
        "drop_ios" : 0,
        "slat_ns" : {
          "min" : 0,
          "max" : 0,
          "mean" : 0.000000,
          "stddev" : 0.000000,
          "N" : 0
        },
        "clat_ns" : {
          "min" : 97,
          "max" : 11043500,
          "mean" : 2839.323316,
          "stddev" : 13604.449832,
          "N" : 99391485,
          "percentile" : {
            "1.000000" : 143,
            "5.000000" : 179,
            "10.000000" : 201,
            "20.000000" : 225,
            "30.000000" : 274,
            "40.000000" : 442,
            "50.000000" : 660,
            "60.000000" : 852,
            "70.000000" : 1004,
            "80.000000" : 1176,
            "90.000000" : 1576,
            "95.000000" : 3632,
            "99.000000" : 48896,
            "99.500000" : 51968,
            "99.900000" : 62720,
            "99.950000" : 71168,
            "99.990000" : 329728
          }
        },
        "lat_ns" : {
          "min" : 136,
          "max" : 11043585,
          "mean" : 2941.345677,
          "stddev" : 13608.458178,
          "N" : 99391485
        },
        "bw_min" : 21160,
        "bw_max" : 4990750,
        "bw_agg" : 100.000000,
        "bw_mean" : 3314343.330544,
        "bw_dev" : 628375.976768,
        "bw_samples" : 717,
        "iops_min" : 5290,
        "iops_max" : 1247686,
        "iops_mean" : 828585.322176,
        "iops_stddev" : 157093.939303,
        "iops_samples" : 717
      },
      "trim" : {
        "io_bytes" : 0,
        "io_kbytes" : 0,
        "bw_bytes" : 0,
        "bw" : 0,
        "iops" : 0.000000,
        "runtime" : 0,
        "total_ios" : 0,
        "short_ios" : 0,
        "drop_ios" : 0,
        "slat_ns" : {
          "min" : 0,
          "max" : 0,
          "mean" : 0.000000,
          "stddev" : 0.000000,
          "N" : 0
        },
        "clat_ns" : {
          "min" : 0,
          "max" : 0,
          "mean" : 0.000000,
          "stddev" : 0.000000,
          "N" : 0
        },
        "lat_ns" : {
          "min" : 0,
          "max" : 0,
          "mean" : 0.000000,
          "stddev" : 0.000000,
          "N" : 0
        },
        "bw_min" : 0,
        "bw_max" : 0,
        "bw_agg" : 0.000000,
        "bw_mean" : 0.000000,
        "bw_dev" : 0.000000,
        "bw_samples" : 0,
        "iops_min" : 0,
        "iops_max" : 0,
        "iops_mean" : 0.000000,
        "iops_stddev" : 0.000000,
        "iops_samples" : 0
      },
      "sync" : {
        "total_ios" : 0,
        "lat_ns" : {
          "min" : 0,
          "max" : 0,
          "mean" : 0.000000,
          "stddev" : 0.000000,
          "N" : 0
        }
      },
      "job_runtime" : 7680001,
      "usr_cpu" : 92.366668,
      "sys_cpu" : 5.447044,
      "ctx" : 357722,
      "majf" : 195743,
      "minf" : 9207013,
      "iodepth_level" : {
        "1" : 100.000000,
        "2" : 0.000000,
        "4" : 0.000000,
        "8" : 0.000000,
        "16" : 0.000000,
        "32" : 0.000000,
        ">=64" : 0.000000
      },
      "iodepth_submit" : {
        "0" : 0.000000,
        "4" : 100.000000,
        "8" : 0.000000,
        "16" : 0.000000,
        "32" : 0.000000,
        "64" : 0.000000,
        ">=64" : 0.000000
      },
      "iodepth_complete" : {
        "0" : 0.000000,
        "4" : 100.000000,
        "8" : 0.000000,
        "16" : 0.000000,
        "32" : 0.000000,
        "64" : 0.000000,
        ">=64" : 0.000000
      },
      "latency_ns" : {
        "2" : 0.000000,
        "4" : 0.000000,
        "10" : 0.000000,
        "20" : 0.000000,
        "50" : 0.000000,
        "100" : 0.010000,
        "250" : 28.759797,
        "500" : 20.531458,
        "750" : 17.102952,
        "1000" : 14.921520
      },
      "latency_us" : {
        "2" : 14.551766,
        "4" : 3.845030,
        "10" : 0.060004,
        "20" : 0.034831,
        "50" : 0.131227,
        "100" : 0.056091,
        "250" : 0.010000,
        "500" : 0.010000,
        "750" : 0.010000,
        "1000" : 0.010000
      },
      "latency_ms" : {
        "2" : 0.010000,
        "4" : 0.010000,
        "10" : 0.010000,
        "20" : 0.010000,
        "50" : 0.010000,
        "100" : 0.000000,
        "250" : 0.000000,
        "500" : 0.000000,
        "750" : 0.000000,
        "1000" : 0.000000,
        "2000" : 0.000000,
        ">=2000" : 0.000000
      },
      "latency_depth" : 1,
      "latency_target" : 0,
      "latency_percentile" : 100.000000,
      "latency_window" : 0
    }
  ],
  "disk_util" : [
    {
      "name" : "sda",
      "read_ios" : 196021,
      "write_ios" : 331771,
      "read_sectors" : 1595808,
      "write_sectors" : 6424696,
      "read_merges" : 289,
      "write_merges" : 193,
      "read_ticks" : 141330,
      "write_ticks" : 580796,
      "in_queue" : 722130,
      "util" : 3.363058
    }
  ]
}
