{
  "fio version" : "fio-3.40",
  "timestamp" : 1771876917,
  "timestamp_ms" : 1771876917638,
  "time" : "Mon Feb 23 21:01:57 2026",
  "global options" : {
    "group_reporting" : "",
    "ioengine" : "mmap",
    "size" : "768m",
    "thread" : "1",
    "directory" : "/tmp",
    "time_based" : "",
    "runtime" : "180",
    "norandommap" : "1",
    "filename" : "/tmp/fio_readwrite",
    "share_mmap" : "1",
    "repl" : "1"
  },
  "jobs" : [
    {
      "jobname" : "writers",
      "groupid" : 0,
      "job_start" : 1771876737546,
      "error" : 0,
      "eta" : 0,
      "elapsed" : 181,
      "job options" : {
        "rw" : "randread",
        "random_distribution" : "random",
        "numjobs" : "58"
      },
      "read" : {
        "io_bytes" : 18638530494464,
        "io_kbytes" : 18201689936,
        "bw_bytes" : 103546241122,
        "bw" : 101119376,
        "iops" : 25279844.023955,
        "runtime" : 180002,
        "total_ios" : 4550422484,
        "short_ios" : 0,
        "drop_ios" : 0,
        "slat_ns" : {
          "min" : 0,
          "max" : 0,
          "mean" : 0.000000,
          "stddev" : 0.000000,
          "N" : 0
        },
        "clat_ns" : {
          "min" : 124,
          "max" : 19224015,
          "mean" : 1639.891176,
          "stddev" : 11052.558473,
          "N" : 4550422484,
          "percentile" : {
            "1.000000" : 486,
            "5.000000" : 548,
            "10.000000" : 612,
            "20.000000" : 740,
            "30.000000" : 852,
            "40.000000" : 964,
            "50.000000" : 1080,
            "60.000000" : 1224,
            "70.000000" : 1400,
            "80.000000" : 1672,
            "90.000000" : 2736,
            "95.000000" : 3632,
            "99.000000" : 4960,
            "99.500000" : 5920,
            "99.900000" : 66048,
            "99.950000" : 71168,
            "99.990000" : 96768
          }
        },
        "lat_ns" : {
          "min" : 160,
          "max" : 19224074,
          "mean" : 1712.311212,
          "stddev" : 11164.862095,
          "N" : 4550422484
        },
        "bw_min" : 4650587,
        "bw_max" : 123361570,
        "bw_agg" : 100.000000,
        "bw_mean" : 101653894.458767,
        "bw_dev" : 266030.813359,
        "bw_samples" : 20739,
        "iops_min" : 1162638,
        "iops_max" : 30840381,
        "iops_mean" : 25413456.985239,
        "iops_stddev" : 66507.677580,
        "iops_samples" : 20739
      },
      "write" : {
        "io_bytes" : 70284308480,
        "io_kbytes" : 68637020,
        "bw_bytes" : 390466211,
        "bw" : 381314,
        "iops" : 95328.664841,
        "runtime" : 180001,
        "total_ios" : 17159255,
        "short_ios" : 0,
        "drop_ios" : 0,
        "slat_ns" : {
          "min" : 0,
          "max" : 0,
          "mean" : 0.000000,
          "stddev" : 0.000000,
          "N" : 0
        },
        "clat_ns" : {
          "min" : 174,
          "max" : 12189260,
          "mean" : 61584.205102,
          "stddev" : 49123.956747,
          "N" : 17159255,
          "percentile" : {
            "1.000000" : 42752,
            "5.000000" : 47872,
            "10.000000" : 50432,
            "20.000000" : 52992,
            "30.000000" : 55552,
            "40.000000" : 57088,
            "50.000000" : 59136,
            "60.000000" : 61184,
            "70.000000" : 63232,
            "80.000000" : 66048,
            "90.000000" : 70144,
            "95.000000" : 75264,
            "99.000000" : 112128,
            "99.500000" : 132096,
            "99.900000" : 415744,
            "99.950000" : 806912,
            "99.990000" : 2342912
          }
        },
        "lat_ns" : {
          "min" : 226,
          "max" : 12189401,
          "mean" : 61741.450488,
          "stddev" : 49126.251693,
          "N" : 17159255
        },
        "bw_min" : 67299,
        "bw_max" : 432345,
        "bw_agg" : 100.000000,
        "bw_mean" : 383615.829315,
        "bw_dev" : 6932.208415,
        "bw_samples" : 2143,
        "iops_min" : 16824,
        "iops_max" : 108084,
        "iops_mean" : 95902.583990,
        "iops_stddev" : 1733.021816,
        "iops_samples" : 2143
      },
      "trim" : {
        "io_bytes" : 0,
        "io_kbytes" : 0,
        "bw_bytes" : 0,
        "bw" : 0,
        "iops" : 0.000000,
        "runtime" : 0,
        "total_ios" : 0,
        "short_ios" : 0,
        "drop_ios" : 0,
        "slat_ns" : {
          "min" : 0,
          "max" : 0,
          "mean" : 0.000000,
          "stddev" : 0.000000,
          "N" : 0
        },
        "clat_ns" : {
          "min" : 0,
          "max" : 0,
          "mean" : 0.000000,
          "stddev" : 0.000000,
          "N" : 0
        },
        "lat_ns" : {
          "min" : 0,
          "max" : 0,
          "mean" : 0.000000,
          "stddev" : 0.000000,
          "N" : 0
        },
        "bw_min" : 0,
        "bw_max" : 0,
        "bw_agg" : 0.000000,
        "bw_mean" : 0.000000,
        "bw_dev" : 0.000000,
        "bw_samples" : 0,
        "iops_min" : 0,
        "iops_max" : 0,
        "iops_mean" : 0.000000,
        "iops_stddev" : 0.000000,
        "iops_samples" : 0
      },
      "sync" : {
        "total_ios" : 0,
        "lat_ns" : {
          "min" : 0,
          "max" : 0,
          "mean" : 0.000000,
          "stddev" : 0.000000,
          "N" : 0
        }
      },
      "job_runtime" : 11520001,
      "usr_cpu" : 79.791625,
      "sys_cpu" : 17.649530,
      "ctx" : 744819,
      "majf" : 196631,
      "minf" : 34331647,
      "iodepth_level" : {
        "1" : 100.000000,
        "2" : 0.000000,
        "4" : 0.000000,
        "8" : 0.000000,
        "16" : 0.000000,
        "32" : 0.000000,
        ">=64" : 0.000000
      },
      "iodepth_submit" : {
        "0" : 0.000000,
        "4" : 100.000000,
        "8" : 0.000000,
        "16" : 0.000000,
        "32" : 0.000000,
        "64" : 0.000000,
        ">=64" : 0.000000
      },
      "iodepth_complete" : {
        "0" : 0.000000,
        "4" : 100.000000,
        "8" : 0.000000,
        "16" : 0.000000,
        "32" : 0.000000,
        "64" : 0.000000,
        ">=64" : 0.000000
      },
      "latency_ns" : {
        "2" : 0.000000,
        "4" : 0.000000,
        "10" : 0.000000,
        "20" : 0.000000,
        "50" : 0.000000,
        "100" : 0.000000,
        "250" : 0.027399,
        "500" : 1.608665,
        "750" : 19.393146,
        "1000" : 22.148764
      },
      "latency_us" : {
        "2" : 41.695616,
        "4" : 11.435283,
        "10" : 2.901642,
        "20" : 0.033688,
        "50" : 0.055506,
        "100" : 0.684976,
        "250" : 0.010507,
        "500" : 0.010000,
        "750" : 0.010000,
        "1000" : 0.010000
      },
      "latency_ms" : {
        "2" : 0.010000,
        "4" : 0.010000,
        "10" : 0.010000,
        "20" : 0.010000,
        "50" : 0.000000,
        "100" : 0.000000,
        "250" : 0.000000,
        "500" : 0.000000,
        "750" : 0.000000,
        "1000" : 0.000000,
        "2000" : 0.000000,
        ">=2000" : 0.000000
      },
      "latency_depth" : 1,
      "latency_target" : 0,
      "latency_percentile" : 100.000000,
      "latency_window" : 0
    }
  ],
  "disk_util" : [
    {
      "name" : "sda",
      "read_ios" : 196629,
      "write_ios" : 124309,
      "read_sectors" : 1574432,
      "write_sectors" : 18931672,
      "read_merges" : 175,
      "write_merges" : 670,
      "read_ticks" : 178578,
      "write_ticks" : 1940530,
      "in_queue" : 2119114,
      "util" : 14.186071
    }
  ]
}
