{
  "fio version" : "fio-3.40",
  "timestamp" : 1765209551,
  "timestamp_ms" : 1765209551023,
  "time" : "Mon Dec  8 16:59:11 2025",
  "global options" : {
    "group_reporting" : "",
    "ioengine" : "mmap",
    "size" : "768m",
    "thread" : "1",
    "directory" : "/tmp",
    "time_based" : "",
    "runtime" : "180",
    "norandommap" : "1",
    "filename" : "/tmp/fio_readwrite",
    "share_mmap" : "1",
    "repl" : "1"
  },
  "jobs" : [
    {
      "jobname" : "readers",
      "groupid" : 0,
      "job_start" : 1765209370868,
      "error" : 0,
      "eta" : 0,
      "elapsed" : 181,
      "job options" : {
        "rw" : "randread",
        "random_distribution" : "random",
        "numjobs" : "64"
      },
      "read" : {
        "io_bytes" : 17519850082304,
        "io_kbytes" : 17109228596,
        "bw_bytes" : 97330337560,
        "bw" : 95049157,
        "iops" : 23762289.443568,
        "runtime" : 180004,
        "total_ios" : 4277307149,
        "short_ios" : 0,
        "drop_ios" : 0,
        "slat_ns" : {
          "min" : 0,
          "max" : 0,
          "mean" : 0.000000,
          "stddev" : 0.000000,
          "N" : 0
        },
        "clat_ns" : {
          "min" : 99,
          "max" : 60037706,
          "mean" : 2152.457399,
          "stddev" : 5968.298036,
          "N" : 4277307149,
          "percentile" : {
            "1.000000" : 1080,
            "5.000000" : 1368,
            "10.000000" : 1512,
            "20.000000" : 1704,
            "30.000000" : 1832,
            "40.000000" : 1960,
            "50.000000" : 2064,
            "60.000000" : 2192,
            "70.000000" : 2320,
            "80.000000" : 2480,
            "90.000000" : 2704,
            "95.000000" : 2896,
            "99.000000" : 3312,
            "99.500000" : 3536,
            "99.900000" : 16768,
            "99.950000" : 18048,
            "99.990000" : 23680
          }
        },
        "lat_ns" : {
          "min" : 127,
          "max" : 60037736,
          "mean" : 2203.217530,
          "stddev" : 5973.080072,
          "N" : 4277307149
        },
        "bw_min" : 360952,
        "bw_max" : 103232506,
        "bw_agg" : 100.000000,
        "bw_mean" : 95123034.186630,
        "bw_dev" : 169587.713859,
        "bw_samples" : 22976,
        "iops_min" : 90238,
        "iops_max" : 25808118,
        "iops_mean" : 23780743.949861,
        "iops_stddev" : 42396.892741,
        "iops_samples" : 22976
      },
      "write" : {
        "io_bytes" : 0,
        "io_kbytes" : 0,
        "bw_bytes" : 0,
        "bw" : 0,
        "iops" : 0.000000,
        "runtime" : 0,
        "total_ios" : 0,
        "short_ios" : 0,
        "drop_ios" : 0,
        "slat_ns" : {
          "min" : 0,
          "max" : 0,
          "mean" : 0.000000,
          "stddev" : 0.000000,
          "N" : 0
        },
        "clat_ns" : {
          "min" : 0,
          "max" : 0,
          "mean" : 0.000000,
          "stddev" : 0.000000,
          "N" : 0
        },
        "lat_ns" : {
          "min" : 0,
          "max" : 0,
          "mean" : 0.000000,
          "stddev" : 0.000000,
          "N" : 0
        },
        "bw_min" : 0,
        "bw_max" : 0,
        "bw_agg" : 0.000000,
        "bw_mean" : 0.000000,
        "bw_dev" : 0.000000,
        "bw_samples" : 0,
        "iops_min" : 0,
        "iops_max" : 0,
        "iops_mean" : 0.000000,
        "iops_stddev" : 0.000000,
        "iops_samples" : 0
      },
      "trim" : {
        "io_bytes" : 0,
        "io_kbytes" : 0,
        "bw_bytes" : 0,
        "bw" : 0,
        "iops" : 0.000000,
        "runtime" : 0,
        "total_ios" : 0,
        "short_ios" : 0,
        "drop_ios" : 0,
        "slat_ns" : {
          "min" : 0,
          "max" : 0,
          "mean" : 0.000000,
          "stddev" : 0.000000,
          "N" : 0
        },
        "clat_ns" : {
          "min" : 0,
          "max" : 0,
          "mean" : 0.000000,
          "stddev" : 0.000000,
          "N" : 0
        },
        "lat_ns" : {
          "min" : 0,
          "max" : 0,
          "mean" : 0.000000,
          "stddev" : 0.000000,
          "N" : 0
        },
        "bw_min" : 0,
        "bw_max" : 0,
        "bw_agg" : 0.000000,
        "bw_mean" : 0.000000,
        "bw_dev" : 0.000000,
        "bw_samples" : 0,
        "iops_min" : 0,
        "iops_max" : 0,
        "iops_mean" : 0.000000,
        "iops_stddev" : 0.000000,
        "iops_samples" : 0
      },
      "sync" : {
        "total_ios" : 0,
        "lat_ns" : {
          "min" : 0,
          "max" : 0,
          "mean" : 0.000000,
          "stddev" : 0.000000,
          "N" : 0
        }
      },
      "job_runtime" : 11520024,
      "usr_cpu" : 98.581175,
      "sys_cpu" : 0.028429,
      "ctx" : 273520,
      "majf" : 196609,
      "minf" : 393,
      "iodepth_level" : {
        "1" : 100.000000,
        "2" : 0.000000,
        "4" : 0.000000,
        "8" : 0.000000,
        "16" : 0.000000,
        "32" : 0.000000,
        ">=64" : 0.000000
      },
      "iodepth_submit" : {
        "0" : 0.000000,
        "4" : 100.000000,
        "8" : 0.000000,
        "16" : 0.000000,
        "32" : 0.000000,
        "64" : 0.000000,
        ">=64" : 0.000000
      },
      "iodepth_complete" : {
        "0" : 0.000000,
        "4" : 100.000000,
        "8" : 0.000000,
        "16" : 0.000000,
        "32" : 0.000000,
        "64" : 0.000000,
        ">=64" : 0.000000
      },
      "latency_ns" : {
        "2" : 0.000000,
        "4" : 0.000000,
        "10" : 0.000000,
        "20" : 0.000000,
        "50" : 0.000000,
        "100" : 0.010000,
        "250" : 0.037047,
        "500" : 0.052045,
        "750" : 0.109574,
        "1000" : 0.425417
      },
      "latency_us" : {
        "2" : 43.251720,
        "4" : 55.887728,
        "10" : 0.055047,
        "20" : 0.168637,
        "50" : 0.010000,
        "100" : 0.010000,
        "250" : 0.010000,
        "500" : 0.010000,
        "750" : 0.010000,
        "1000" : 0.010000
      },
      "latency_ms" : {
        "2" : 0.010000,
        "4" : 0.010000,
        "10" : 0.010000,
        "20" : 0.010000,
        "50" : 0.010000,
        "100" : 0.010000,
        "250" : 0.000000,
        "500" : 0.000000,
        "750" : 0.000000,
        "1000" : 0.000000,
        "2000" : 0.000000,
        ">=2000" : 0.000000
      },
      "latency_depth" : 1,
      "latency_target" : 0,
      "latency_percentile" : 100.000000,
      "latency_window" : 0
    }
  ],
  "disk_util" : [
    {
      "name" : "sda",
      "read_ios" : 197180,
      "write_ios" : 1428,
      "read_sectors" : 1635784,
      "write_sectors" : 383648,
      "read_merges" : 594,
      "write_merges" : 6809,
      "read_ticks" : 151329,
      "write_ticks" : 2170,
      "in_queue" : 153507,
      "util" : 1.253884
    }
  ]
}
