{
  "fio version" : "fio-3.40",
  "timestamp" : 1769463814,
  "timestamp_ms" : 1769463814242,
  "time" : "Mon Jan 26 22:43:34 2026",
  "global options" : {
    "group_reporting" : "",
    "ioengine" : "mmap",
    "size" : "768m",
    "thread" : "1",
    "directory" : "/tmp",
    "time_based" : "",
    "runtime" : "180",
    "norandommap" : "1",
    "filename" : "/tmp/fio_readwrite",
    "share_mmap" : "1",
    "repl" : "1"
  },
  "jobs" : [
    {
      "jobname" : "writers",
      "groupid" : 0,
      "job_start" : 1769463634131,
      "error" : 0,
      "eta" : 0,
      "elapsed" : 181,
      "job options" : {
        "rw" : "randread",
        "random_distribution" : "random",
        "numjobs" : "51"
      },
      "read" : {
        "io_bytes" : 9386479894528,
        "io_kbytes" : 9166484272,
        "bw_bytes" : 52146241421,
        "bw" : 50924063,
        "iops" : 12731015.971956,
        "runtime" : 180003,
        "total_ios" : 2291621068,
        "short_ios" : 0,
        "drop_ios" : 0,
        "slat_ns" : {
          "min" : 0,
          "max" : 0,
          "mean" : 0.000000,
          "stddev" : 0.000000,
          "N" : 0
        },
        "clat_ns" : {
          "min" : 97,
          "max" : 156740577,
          "mean" : 3329.077298,
          "stddev" : 27125.234993,
          "N" : 2291621068,
          "percentile" : {
            "1.000000" : 498,
            "5.000000" : 604,
            "10.000000" : 780,
            "20.000000" : 1864,
            "30.000000" : 2640,
            "40.000000" : 3024,
            "50.000000" : 3312,
            "60.000000" : 3600,
            "70.000000" : 3888,
            "80.000000" : 4192,
            "90.000000" : 4640,
            "95.000000" : 5088,
            "99.000000" : 6112,
            "99.500000" : 7072,
            "99.900000" : 64256,
            "99.950000" : 74240,
            "99.990000" : 132096
          }
        },
        "lat_ns" : {
          "min" : 124,
          "max" : 156740605,
          "mean" : 3399.617530,
          "stddev" : 27168.976695,
          "N" : 2291621068
        },
        "bw_min" : 154720,
        "bw_max" : 108766918,
        "bw_agg" : 100.000000,
        "bw_mean" : 51559250.042373,
        "bw_dev" : 336984.559365,
        "bw_samples" : 18054,
        "iops_min" : 38680,
        "iops_max" : 27191729,
        "iops_mean" : 12889795.771186,
        "iops_stddev" : 84246.160803,
        "iops_samples" : 18054
      },
      "write" : {
        "io_bytes" : 1950417899520,
        "io_kbytes" : 1904704980,
        "bw_bytes" : 10835474406,
        "bw" : 10581517,
        "iops" : 2645379.493675,
        "runtime" : 180003,
        "total_ios" : 476176245,
        "short_ios" : 0,
        "drop_ios" : 0,
        "slat_ns" : {
          "min" : 0,
          "max" : 0,
          "mean" : 0.000000,
          "stddev" : 0.000000,
          "N" : 0
        },
        "clat_ns" : {
          "min" : 98,
          "max" : 156303795,
          "mean" : 4062.323758,
          "stddev" : 30167.787231,
          "N" : 476176245,
          "percentile" : {
            "1.000000" : 1624,
            "5.000000" : 2064,
            "10.000000" : 2288,
            "20.000000" : 2608,
            "30.000000" : 2864,
            "40.000000" : 3088,
            "50.000000" : 3280,
            "60.000000" : 3504,
            "70.000000" : 3760,
            "80.000000" : 4048,
            "90.000000" : 4448,
            "95.000000" : 4832,
            "99.000000" : 18560,
            "99.500000" : 63232,
            "99.900000" : 85504,
            "99.950000" : 101888,
            "99.990000" : 207872
          }
        },
        "lat_ns" : {
          "min" : 136,
          "max" : 156303835,
          "mean" : 4158.408101,
          "stddev" : 30177.004268,
          "N" : 476176245
        },
        "bw_min" : 38792,
        "bw_max" : 12680044,
        "bw_agg" : 100.000000,
        "bw_mean" : 10704246.081921,
        "bw_dev" : 318752.156013,
        "bw_samples" : 4602,
        "iops_min" : 9698,
        "iops_max" : 3170014,
        "iops_mean" : 2676058.601695,
        "iops_stddev" : 79687.992779,
        "iops_samples" : 4602
      },
      "trim" : {
        "io_bytes" : 0,
        "io_kbytes" : 0,
        "bw_bytes" : 0,
        "bw" : 0,
        "iops" : 0.000000,
        "runtime" : 0,
        "total_ios" : 0,
        "short_ios" : 0,
        "drop_ios" : 0,
        "slat_ns" : {
          "min" : 0,
          "max" : 0,
          "mean" : 0.000000,
          "stddev" : 0.000000,
          "N" : 0
        },
        "clat_ns" : {
          "min" : 0,
          "max" : 0,
          "mean" : 0.000000,
          "stddev" : 0.000000,
          "N" : 0
        },
        "lat_ns" : {
          "min" : 0,
          "max" : 0,
          "mean" : 0.000000,
          "stddev" : 0.000000,
          "N" : 0
        },
        "bw_min" : 0,
        "bw_max" : 0,
        "bw_agg" : 0.000000,
        "bw_mean" : 0.000000,
        "bw_dev" : 0.000000,
        "bw_samples" : 0,
        "iops_min" : 0,
        "iops_max" : 0,
        "iops_mean" : 0.000000,
        "iops_stddev" : 0.000000,
        "iops_samples" : 0
      },
      "sync" : {
        "total_ios" : 0,
        "lat_ns" : {
          "min" : 0,
          "max" : 0,
          "mean" : 0.000000,
          "stddev" : 0.000000,
          "N" : 0
        }
      },
      "job_runtime" : 11520027,
      "usr_cpu" : 91.369768,
      "sys_cpu" : 4.992028,
      "ctx" : 930776,
      "majf" : 195651,
      "minf" : 8757536,
      "iodepth_level" : {
        "1" : 100.000000,
        "2" : 0.000000,
        "4" : 0.000000,
        "8" : 0.000000,
        "16" : 0.000000,
        "32" : 0.000000,
        ">=64" : 0.000000
      },
      "iodepth_submit" : {
        "0" : 0.000000,
        "4" : 100.000000,
        "8" : 0.000000,
        "16" : 0.000000,
        "32" : 0.000000,
        "64" : 0.000000,
        ">=64" : 0.000000
      },
      "iodepth_complete" : {
        "0" : 0.000000,
        "4" : 100.000000,
        "8" : 0.000000,
        "16" : 0.000000,
        "32" : 0.000000,
        "64" : 0.000000,
        ">=64" : 0.000000
      },
      "latency_ns" : {
        "2" : 0.000000,
        "4" : 0.000000,
        "10" : 0.000000,
        "20" : 0.000000,
        "50" : 0.000000,
        "100" : 0.010000,
        "250" : 0.045356,
        "500" : 0.811439,
        "750" : 6.802827,
        "1000" : 4.562238
      },
      "latency_us" : {
        "2" : 5.791688,
        "4" : 56.282995,
        "10" : 25.176561,
        "20" : 0.192048,
        "50" : 0.036346,
        "100" : 0.275594,
        "250" : 0.015216,
        "500" : 0.010000,
        "750" : 0.010000,
        "1000" : 0.010000
      },
      "latency_ms" : {
        "2" : 0.010000,
        "4" : 0.010000,
        "10" : 0.010000,
        "20" : 0.010000,
        "50" : 0.000000,
        "100" : 0.000000,
        "250" : 0.010000,
        "500" : 0.000000,
        "750" : 0.000000,
        "1000" : 0.000000,
        "2000" : 0.000000,
        ">=2000" : 0.000000
      },
      "latency_depth" : 1,
      "latency_target" : 0,
      "latency_percentile" : 100.000000,
      "latency_window" : 0
    }
  ],
  "disk_util" : [
    {
      "name" : "sda",
      "read_ios" : 195696,
      "write_ios" : 189834,
      "read_sectors" : 1574720,
      "write_sectors" : 6236304,
      "read_merges" : 358,
      "write_merges" : 9636,
      "read_ticks" : 222847,
      "write_ticks" : 1239051,
      "in_queue" : 1461908,
      "util" : 6.146272
    }
  ]
}
