{
  "fio version" : "fio-3.40",
  "timestamp" : 1769903575,
  "timestamp_ms" : 1769903575779,
  "time" : "Sun Feb  1 00:52:55 2026",
  "global options" : {
    "group_reporting" : "",
    "ioengine" : "mmap",
    "size" : "768m",
    "thread" : "1",
    "directory" : "/tmp",
    "time_based" : "",
    "runtime" : "180",
    "norandommap" : "1",
    "filename" : "/tmp/fio_readwrite",
    "share_mmap" : "1",
    "repl" : "1"
  },
  "jobs" : [
    {
      "jobname" : "writers",
      "groupid" : 0,
      "job_start" : 1769903395654,
      "error" : 0,
      "eta" : 0,
      "elapsed" : 181,
      "job options" : {
        "rw" : "randread",
        "random_distribution" : "random",
        "numjobs" : "61"
      },
      "read" : {
        "io_bytes" : 23907513892864,
        "io_kbytes" : 23347181536,
        "bw_bytes" : 132818045870,
        "bw" : 129705122,
        "iops" : 32426280.730214,
        "runtime" : 180002,
        "total_ios" : 5836795384,
        "short_ios" : 0,
        "drop_ios" : 0,
        "slat_ns" : {
          "min" : 0,
          "max" : 0,
          "mean" : 0.000000,
          "stddev" : 0.000000,
          "N" : 0
        },
        "clat_ns" : {
          "min" : 96,
          "max" : 15240171,
          "mean" : 1342.443047,
          "stddev" : 6671.855215,
          "N" : 5836795384,
          "percentile" : {
            "1.000000" : 506,
            "5.000000" : 588,
            "10.000000" : 652,
            "20.000000" : 756,
            "30.000000" : 852,
            "40.000000" : 940,
            "50.000000" : 1032,
            "60.000000" : 1144,
            "70.000000" : 1272,
            "80.000000" : 1464,
            "90.000000" : 1992,
            "95.000000" : 2896,
            "99.000000" : 3888,
            "99.500000" : 4256,
            "99.900000" : 52480,
            "99.950000" : 56576,
            "99.990000" : 65280
          }
        },
        "lat_ns" : {
          "min" : 124,
          "max" : 18446790,
          "mean" : 1403.353377,
          "stddev" : 6684.216555,
          "N" : 5836795384
        },
        "bw_min" : 19419449,
        "bw_max" : 158524292,
        "bw_agg" : 100.000000,
        "bw_mean" : 130673949.427118,
        "bw_dev" : 272069.857248,
        "bw_samples" : 21759,
        "iops_min" : 4854847,
        "iops_max" : 39631076,
        "iops_mean" : 32668469.864420,
        "iops_stddev" : 68017.434311,
        "iops_samples" : 21759
      },
      "write" : {
        "io_bytes" : 42348314624,
        "io_kbytes" : 41355776,
        "bw_bytes" : 235263186,
        "bw" : 229749,
        "iops" : 57437.301393,
        "runtime" : 180004,
        "total_ios" : 10338944,
        "short_ios" : 0,
        "drop_ios" : 0,
        "slat_ns" : {
          "min" : 0,
          "max" : 0,
          "mean" : 0.000000,
          "stddev" : 0.000000,
          "N" : 0
        },
        "clat_ns" : {
          "min" : 117,
          "max" : 8051324,
          "mean" : 51410.940417,
          "stddev" : 36415.854853,
          "N" : 10338944,
          "percentile" : {
            "1.000000" : 36608,
            "5.000000" : 41216,
            "10.000000" : 43264,
            "20.000000" : 45312,
            "30.000000" : 46848,
            "40.000000" : 48384,
            "50.000000" : 49920,
            "60.000000" : 50944,
            "70.000000" : 52992,
            "80.000000" : 54528,
            "90.000000" : 58112,
            "95.000000" : 61184,
            "99.000000" : 80384,
            "99.500000" : 104960,
            "99.900000" : 382976,
            "99.950000" : 716800,
            "99.990000" : 1777664
          }
        },
        "lat_ns" : {
          "min" : 155,
          "max" : 8051406,
          "mean" : 51530.579737,
          "stddev" : 36416.559614,
          "N" : 10338944
        },
        "bw_min" : 17048,
        "bw_max" : 275680,
        "bw_agg" : 100.000000,
        "bw_mean" : 230049.615599,
        "bw_dev" : 8607.260134,
        "bw_samples" : 1077,
        "iops_min" : 4262,
        "iops_max" : 68920,
        "iops_mean" : 57511.607242,
        "iops_stddev" : 2151.784442,
        "iops_samples" : 1077
      },
      "trim" : {
        "io_bytes" : 0,
        "io_kbytes" : 0,
        "bw_bytes" : 0,
        "bw" : 0,
        "iops" : 0.000000,
        "runtime" : 0,
        "total_ios" : 0,
        "short_ios" : 0,
        "drop_ios" : 0,
        "slat_ns" : {
          "min" : 0,
          "max" : 0,
          "mean" : 0.000000,
          "stddev" : 0.000000,
          "N" : 0
        },
        "clat_ns" : {
          "min" : 0,
          "max" : 0,
          "mean" : 0.000000,
          "stddev" : 0.000000,
          "N" : 0
        },
        "lat_ns" : {
          "min" : 0,
          "max" : 0,
          "mean" : 0.000000,
          "stddev" : 0.000000,
          "N" : 0
        },
        "bw_min" : 0,
        "bw_max" : 0,
        "bw_agg" : 0.000000,
        "bw_mean" : 0.000000,
        "bw_dev" : 0.000000,
        "bw_samples" : 0,
        "iops_min" : 0,
        "iops_max" : 0,
        "iops_mean" : 0.000000,
        "iops_stddev" : 0.000000,
        "iops_samples" : 0
      },
      "sync" : {
        "total_ios" : 0,
        "lat_ns" : {
          "min" : 0,
          "max" : 0,
          "mean" : 0.000000,
          "stddev" : 0.000000,
          "N" : 0
        }
      },
      "job_runtime" : 11520013,
      "usr_cpu" : 88.803936,
      "sys_cpu" : 9.129017,
      "ctx" : 1029055,
      "majf" : 196622,
      "minf" : 20807757,
      "iodepth_level" : {
        "1" : 100.000000,
        "2" : 0.000000,
        "4" : 0.000000,
        "8" : 0.000000,
        "16" : 0.000000,
        "32" : 0.000000,
        ">=64" : 0.000000
      },
      "iodepth_submit" : {
        "0" : 0.000000,
        "4" : 100.000000,
        "8" : 0.000000,
        "16" : 0.000000,
        "32" : 0.000000,
        "64" : 0.000000,
        ">=64" : 0.000000
      },
      "iodepth_complete" : {
        "0" : 0.000000,
        "4" : 100.000000,
        "8" : 0.000000,
        "16" : 0.000000,
        "32" : 0.000000,
        "64" : 0.000000,
        ">=64" : 0.000000
      },
      "latency_ns" : {
        "2" : 0.000000,
        "4" : 0.000000,
        "10" : 0.000000,
        "20" : 0.000000,
        "50" : 0.000000,
        "100" : 0.010000,
        "250" : 0.045995,
        "500" : 0.793911,
        "750" : 18.465329,
        "1000" : 26.852270
      },
      "latency_us" : {
        "2" : 43.738805,
        "4" : 9.133114,
        "10" : 0.568774,
        "20" : 0.043420,
        "50" : 0.137900,
        "100" : 0.215851,
        "250" : 0.010000,
        "500" : 0.010000,
        "750" : 0.010000,
        "1000" : 0.010000
      },
      "latency_ms" : {
        "2" : 0.010000,
        "4" : 0.010000,
        "10" : 0.010000,
        "20" : 0.010000,
        "50" : 0.000000,
        "100" : 0.000000,
        "250" : 0.000000,
        "500" : 0.000000,
        "750" : 0.000000,
        "1000" : 0.000000,
        "2000" : 0.000000,
        ">=2000" : 0.000000
      },
      "latency_depth" : 1,
      "latency_target" : 0,
      "latency_percentile" : 100.000000,
      "latency_window" : 0
    }
  ],
  "disk_util" : [
    {
      "name" : "sdb",
      "read_ios" : 196605,
      "write_ios" : 40423,
      "read_sectors" : 1574256,
      "write_sectors" : 1581944,
      "read_merges" : 177,
      "write_merges" : 551,
      "read_ticks" : 166306,
      "write_ticks" : 48957,
      "in_queue" : 215270,
      "util" : 2.172848
    }
  ]
}
