{
  "fio version" : "fio-3.40",
  "timestamp" : 1772056426,
  "timestamp_ms" : 1772056426795,
  "time" : "Wed Feb 25 22:53:46 2026",
  "global options" : {
    "group_reporting" : "",
    "ioengine" : "mmap",
    "size" : "768m",
    "thread" : "1",
    "directory" : "/tmp",
    "time_based" : "",
    "runtime" : "210",
    "norandommap" : "1",
    "filename" : "/tmp/fio_readwrite",
    "share_mmap" : "1",
    "repl" : "1"
  },
  "jobs" : [
    {
      "jobname" : "writers",
      "groupid" : 0,
      "job_start" : 1772056216548,
      "error" : 0,
      "eta" : 0,
      "elapsed" : 211,
      "job options" : {
        "rw" : "randread",
        "random_distribution" : "random",
        "numjobs" : "54"
      },
      "read" : {
        "io_bytes" : 16135109386240,
        "io_kbytes" : 15756942760,
        "bw_bytes" : 76832756609,
        "bw" : 75031988,
        "iops" : 18757997.219087,
        "runtime" : 210003,
        "total_ios" : 3939235690,
        "short_ios" : 0,
        "drop_ios" : 0,
        "slat_ns" : {
          "min" : 0,
          "max" : 0,
          "mean" : 0.000000,
          "stddev" : 0.000000,
          "N" : 0
        },
        "clat_ns" : {
          "min" : 100,
          "max" : 62053435,
          "mean" : 2286.955079,
          "stddev" : 11375.037962,
          "N" : 3939235690,
          "percentile" : {
            "1.000000" : 556,
            "5.000000" : 884,
            "10.000000" : 1176,
            "20.000000" : 1576,
            "30.000000" : 1816,
            "40.000000" : 1992,
            "50.000000" : 2160,
            "60.000000" : 2320,
            "70.000000" : 2480,
            "80.000000" : 2672,
            "90.000000" : 2992,
            "95.000000" : 3280,
            "99.000000" : 4320,
            "99.500000" : 5280,
            "99.900000" : 25472,
            "99.950000" : 72192,
            "99.990000" : 100864
          }
        },
        "lat_ns" : {
          "min" : 127,
          "max" : 62053490,
          "mean" : 2344.734139,
          "stddev" : 11401.992352,
          "N" : 3939235690
        },
        "bw_min" : 228128,
        "bw_max" : 99542284,
        "bw_agg" : 100.000000,
        "bw_mean" : 76009010.285024,
        "bw_dev" : 234971.506532,
        "bw_samples" : 22356,
        "iops_min" : 57032,
        "iops_max" : 24885561,
        "iops_mean" : 19002243.263285,
        "iops_stddev" : 58742.853049,
        "iops_samples" : 22356
      },
      "write" : {
        "io_bytes" : 2428055896064,
        "io_kbytes" : 2371148336,
        "bw_bytes" : 11562060818,
        "bw" : 11291075,
        "iops" : 2822768.754583,
        "runtime" : 210002,
        "total_ios" : 592787084,
        "short_ios" : 0,
        "drop_ios" : 0,
        "slat_ns" : {
          "min" : 0,
          "max" : 0,
          "mean" : 0.000000,
          "stddev" : 0.000000,
          "N" : 0
        },
        "clat_ns" : {
          "min" : 101,
          "max" : 39733591,
          "mean" : 2835.398354,
          "stddev" : 12456.163270,
          "N" : 592787084,
          "percentile" : {
            "1.000000" : 1096,
            "5.000000" : 1416,
            "10.000000" : 1592,
            "20.000000" : 1816,
            "30.000000" : 1976,
            "40.000000" : 2128,
            "50.000000" : 2256,
            "60.000000" : 2416,
            "70.000000" : 2544,
            "80.000000" : 2736,
            "90.000000" : 2992,
            "95.000000" : 3216,
            "99.000000" : 4832,
            "99.500000" : 63232,
            "99.900000" : 85504,
            "99.950000" : 94720,
            "99.990000" : 158720
          }
        },
        "lat_ns" : {
          "min" : 141,
          "max" : 39733664,
          "mean" : 2918.008924,
          "stddev" : 12463.854843,
          "N" : 592787084
        },
        "bw_min" : 42120,
        "bw_max" : 13864690,
        "bw_agg" : 100.000000,
        "bw_mean" : 11438617.384058,
        "bw_dev" : 462451.561702,
        "bw_samples" : 4140,
        "iops_min" : 10530,
        "iops_max" : 3466175,
        "iops_mean" : 2859652.770531,
        "iops_stddev" : 115612.892646,
        "iops_samples" : 4140
      },
      "trim" : {
        "io_bytes" : 0,
        "io_kbytes" : 0,
        "bw_bytes" : 0,
        "bw" : 0,
        "iops" : 0.000000,
        "runtime" : 0,
        "total_ios" : 0,
        "short_ios" : 0,
        "drop_ios" : 0,
        "slat_ns" : {
          "min" : 0,
          "max" : 0,
          "mean" : 0.000000,
          "stddev" : 0.000000,
          "N" : 0
        },
        "clat_ns" : {
          "min" : 0,
          "max" : 0,
          "mean" : 0.000000,
          "stddev" : 0.000000,
          "N" : 0
        },
        "lat_ns" : {
          "min" : 0,
          "max" : 0,
          "mean" : 0.000000,
          "stddev" : 0.000000,
          "N" : 0
        },
        "bw_min" : 0,
        "bw_max" : 0,
        "bw_agg" : 0.000000,
        "bw_mean" : 0.000000,
        "bw_dev" : 0.000000,
        "bw_samples" : 0,
        "iops_min" : 0,
        "iops_max" : 0,
        "iops_mean" : 0.000000,
        "iops_stddev" : 0.000000,
        "iops_samples" : 0
      },
      "sync" : {
        "total_ios" : 0,
        "lat_ns" : {
          "min" : 0,
          "max" : 0,
          "mean" : 0.000000,
          "stddev" : 0.000000,
          "N" : 0
        }
      },
      "job_runtime" : 13440022,
      "usr_cpu" : 92.830332,
      "sys_cpu" : 4.080365,
      "ctx" : 1056625,
      "majf" : 195453,
      "minf" : 7568214,
      "iodepth_level" : {
        "1" : 100.000000,
        "2" : 0.000000,
        "4" : 0.000000,
        "8" : 0.000000,
        "16" : 0.000000,
        "32" : 0.000000,
        ">=64" : 0.000000
      },
      "iodepth_submit" : {
        "0" : 0.000000,
        "4" : 100.000000,
        "8" : 0.000000,
        "16" : 0.000000,
        "32" : 0.000000,
        "64" : 0.000000,
        ">=64" : 0.000000
      },
      "iodepth_complete" : {
        "0" : 0.000000,
        "4" : 100.000000,
        "8" : 0.000000,
        "16" : 0.000000,
        "32" : 0.000000,
        "64" : 0.000000,
        ">=64" : 0.000000
      },
      "latency_ns" : {
        "2" : 0.000000,
        "4" : 0.000000,
        "10" : 0.000000,
        "20" : 0.000000,
        "50" : 0.000000,
        "100" : 0.000000,
        "250" : 0.041996,
        "500" : 0.392083,
        "750" : 2.332495,
        "1000" : 3.318553
      },
      "latency_us" : {
        "2" : 33.008554,
        "4" : 59.527288,
        "10" : 0.978527,
        "20" : 0.219965,
        "50" : 0.015037,
        "100" : 0.151588,
        "250" : 0.010000,
        "500" : 0.010000,
        "750" : 0.010000,
        "1000" : 0.010000
      },
      "latency_ms" : {
        "2" : 0.010000,
        "4" : 0.010000,
        "10" : 0.010000,
        "20" : 0.010000,
        "50" : 0.010000,
        "100" : 0.010000,
        "250" : 0.000000,
        "500" : 0.000000,
        "750" : 0.000000,
        "1000" : 0.000000,
        "2000" : 0.000000,
        ">=2000" : 0.000000
      },
      "latency_depth" : 1,
      "latency_target" : 0,
      "latency_percentile" : 100.000000,
      "latency_window" : 0
    }
  ],
  "disk_util" : [
    {
      "name" : "sdb",
      "read_ios" : 195396,
      "write_ios" : 208292,
      "read_sectors" : 1564632,
      "write_sectors" : 5822512,
      "read_merges" : 182,
      "write_merges" : 12178,
      "read_ticks" : 229250,
      "write_ticks" : 1024175,
      "in_queue" : 1253436,
      "util" : 5.146480
    }
  ]
}
