{
  "fio version" : "fio-3.40",
  "timestamp" : 1764781168,
  "timestamp_ms" : 1764781168119,
  "time" : "Wed Dec  3 17:59:28 2025",
  "global options" : {
    "group_reporting" : "",
    "ioengine" : "mmap",
    "size" : "768m",
    "thread" : "1",
    "directory" : "/tmp",
    "time_based" : "",
    "runtime" : "180",
    "norandommap" : "1",
    "filename" : "/tmp/fio_readwrite",
    "share_mmap" : "1",
    "repl" : "1"
  },
  "jobs" : [
    {
      "jobname" : "writers",
      "groupid" : 0,
      "job_start" : 1764780987980,
      "error" : 0,
      "eta" : 0,
      "elapsed" : 181,
      "job options" : {
        "rw" : "randread",
        "random_distribution" : "random",
        "numjobs" : "19"
      },
      "read" : {
        "io_bytes" : 3652314746880,
        "io_kbytes" : 3566713620,
        "bw_bytes" : 20290524757,
        "bw" : 19814965,
        "iops" : 4953741.395881,
        "runtime" : 180001,
        "total_ios" : 891678405,
        "short_ios" : 0,
        "drop_ios" : 0,
        "slat_ns" : {
          "min" : 0,
          "max" : 0,
          "mean" : 0.000000,
          "stddev" : 0.000000,
          "N" : 0
        },
        "clat_ns" : {
          "min" : 100,
          "max" : 36188831,
          "mean" : 3032.346488,
          "stddev" : 9181.791068,
          "N" : 891678405,
          "percentile" : {
            "1.000000" : 1064,
            "5.000000" : 1528,
            "10.000000" : 1832,
            "20.000000" : 2192,
            "30.000000" : 2448,
            "40.000000" : 2672,
            "50.000000" : 2896,
            "60.000000" : 3120,
            "70.000000" : 3344,
            "80.000000" : 3632,
            "90.000000" : 4128,
            "95.000000" : 4512,
            "99.000000" : 5600,
            "99.500000" : 6240,
            "99.900000" : 17792,
            "99.950000" : 19072,
            "99.990000" : 33024
          }
        },
        "lat_ns" : {
          "min" : 127,
          "max" : 36188865,
          "mean" : 3106.312182,
          "stddev" : 9210.179095,
          "N" : 891678405
        },
        "bw_min" : 24232,
        "bw_max" : 23848678,
        "bw_agg" : 100.000000,
        "bw_mean" : 19885018.871814,
        "bw_dev" : 155874.135179,
        "bw_samples" : 6800,
        "iops_min" : 6058,
        "iops_max" : 5962164,
        "iops_mean" : 4971249.865937,
        "iops_stddev" : 38968.505100,
        "iops_samples" : 6800
      },
      "write" : {
        "io_bytes" : 8266771247104,
        "io_kbytes" : 8073018796,
        "bw_bytes" : 45925996639,
        "bw" : 44849606,
        "iops" : 11212401.523316,
        "runtime" : 180002,
        "total_ios" : 2018254699,
        "short_ios" : 0,
        "drop_ios" : 0,
        "slat_ns" : {
          "min" : 0,
          "max" : 0,
          "mean" : 0.000000,
          "stddev" : 0.000000,
          "N" : 0
        },
        "clat_ns" : {
          "min" : 97,
          "max" : 72039521,
          "mean" : 2952.614647,
          "stddev" : 15512.375846,
          "N" : 2018254699,
          "percentile" : {
            "1.000000" : 1032,
            "5.000000" : 1464,
            "10.000000" : 1720,
            "20.000000" : 2040,
            "30.000000" : 2256,
            "40.000000" : 2480,
            "50.000000" : 2672,
            "60.000000" : 2896,
            "70.000000" : 3152,
            "80.000000" : 3472,
            "90.000000" : 3952,
            "95.000000" : 4384,
            "99.000000" : 5472,
            "99.500000" : 6304,
            "99.900000" : 21376,
            "99.950000" : 72192,
            "99.990000" : 166912
          }
        },
        "lat_ns" : {
          "min" : 133,
          "max" : 72040069,
          "mean" : 3063.061424,
          "stddev" : 15707.822192,
          "N" : 2018254699
        },
        "bw_min" : 57648,
        "bw_max" : 58395214,
        "bw_agg" : 100.000000,
        "bw_mean" : 45010382.655165,
        "bw_dev" : 145164.973502,
        "bw_samples" : 16108,
        "iops_min" : 14412,
        "iops_max" : 14598787,
        "iops_mean" : 11252583.599933,
        "iops_stddev" : 36291.206301,
        "iops_samples" : 16108
      },
      "trim" : {
        "io_bytes" : 0,
        "io_kbytes" : 0,
        "bw_bytes" : 0,
        "bw" : 0,
        "iops" : 0.000000,
        "runtime" : 0,
        "total_ios" : 0,
        "short_ios" : 0,
        "drop_ios" : 0,
        "slat_ns" : {
          "min" : 0,
          "max" : 0,
          "mean" : 0.000000,
          "stddev" : 0.000000,
          "N" : 0
        },
        "clat_ns" : {
          "min" : 0,
          "max" : 0,
          "mean" : 0.000000,
          "stddev" : 0.000000,
          "N" : 0
        },
        "lat_ns" : {
          "min" : 0,
          "max" : 0,
          "mean" : 0.000000,
          "stddev" : 0.000000,
          "N" : 0
        },
        "bw_min" : 0,
        "bw_max" : 0,
        "bw_agg" : 0.000000,
        "bw_mean" : 0.000000,
        "bw_dev" : 0.000000,
        "bw_samples" : 0,
        "iops_min" : 0,
        "iops_max" : 0,
        "iops_mean" : 0.000000,
        "iops_stddev" : 0.000000,
        "iops_samples" : 0
      },
      "sync" : {
        "total_ios" : 0,
        "lat_ns" : {
          "min" : 0,
          "max" : 0,
          "mean" : 0.000000,
          "stddev" : 0.000000,
          "N" : 0
        }
      },
      "job_runtime" : 11520004,
      "usr_cpu" : 96.102015,
      "sys_cpu" : 1.139626,
      "ctx" : 481513,
      "majf" : 196612,
      "minf" : 1852498,
      "iodepth_level" : {
        "1" : 100.000000,
        "2" : 0.000000,
        "4" : 0.000000,
        "8" : 0.000000,
        "16" : 0.000000,
        "32" : 0.000000,
        ">=64" : 0.000000
      },
      "iodepth_submit" : {
        "0" : 0.000000,
        "4" : 100.000000,
        "8" : 0.000000,
        "16" : 0.000000,
        "32" : 0.000000,
        "64" : 0.000000,
        ">=64" : 0.000000
      },
      "iodepth_complete" : {
        "0" : 0.000000,
        "4" : 100.000000,
        "8" : 0.000000,
        "16" : 0.000000,
        "32" : 0.000000,
        "64" : 0.000000,
        ">=64" : 0.000000
      },
      "latency_ns" : {
        "2" : 0.000000,
        "4" : 0.000000,
        "10" : 0.000000,
        "20" : 0.000000,
        "50" : 0.000000,
        "100" : 0.010000,
        "250" : 0.036510,
        "500" : 0.031179,
        "750" : 0.131233,
        "1000" : 0.589557
      },
      "latency_us" : {
        "2" : 16.336237,
        "4" : 72.946892,
        "10" : 9.663234,
        "20" : 0.179426,
        "50" : 0.044602,
        "100" : 0.017433,
        "250" : 0.015569,
        "500" : 0.010000,
        "750" : 0.010000,
        "1000" : 0.010000
      },
      "latency_ms" : {
        "2" : 0.010000,
        "4" : 0.010000,
        "10" : 0.010000,
        "20" : 0.010000,
        "50" : 0.010000,
        "100" : 0.010000,
        "250" : 0.000000,
        "500" : 0.000000,
        "750" : 0.000000,
        "1000" : 0.000000,
        "2000" : 0.000000,
        ">=2000" : 0.000000
      },
      "latency_depth" : 1,
      "latency_target" : 0,
      "latency_percentile" : 100.000000,
      "latency_window" : 0
    }
  ],
  "disk_util" : [
    {
      "name" : "sdb",
      "read_ios" : 196559,
      "write_ios" : 48998,
      "read_sectors" : 1573832,
      "write_sectors" : 14799040,
      "read_merges" : 170,
      "write_merges" : 1193,
      "read_ticks" : 154624,
      "write_ticks" : 80908464,
      "in_queue" : 81063098,
      "util" : 9.186185
    }
  ]
}
