{
  "fio version" : "fio-3.40",
  "timestamp" : 1764234253,
  "timestamp_ms" : 1764234253710,
  "time" : "Thu Nov 27 10:04:13 2025",
  "global options" : {
    "group_reporting" : "",
    "ioengine" : "mmap",
    "size" : "768m",
    "thread" : "1",
    "directory" : "/tmp",
    "time_based" : "",
    "runtime" : "120",
    "filename" : "/tmp/fio_readwrite",
    "share_mmap" : "1",
    "repl" : "1"
  },
  "jobs" : [
    {
      "jobname" : "writers",
      "groupid" : 0,
      "job_start" : 1764234133437,
      "error" : 0,
      "eta" : 0,
      "elapsed" : 121,
      "job options" : {
        "rw" : "randread",
        "random_distribution" : "zipf",
        "numjobs" : "38"
      },
      "read" : {
        "io_bytes" : 9731842473984,
        "io_kbytes" : 9503752416,
        "bw_bytes" : 81097335660,
        "bw" : 79196616,
        "iops" : 19799154.214096,
        "runtime" : 120002,
        "total_ios" : 2375938104,
        "short_ios" : 0,
        "drop_ios" : 0,
        "slat_ns" : {
          "min" : 0,
          "max" : 0,
          "mean" : 0.000000,
          "stddev" : 0.000000,
          "N" : 0
        },
        "clat_ns" : {
          "min" : 93,
          "max" : 8029603,
          "mean" : 1030.013496,
          "stddev" : 6575.471394,
          "N" : 2375938104,
          "percentile" : {
            "1.000000" : 123,
            "5.000000" : 147,
            "10.000000" : 175,
            "20.000000" : 209,
            "30.000000" : 243,
            "40.000000" : 418,
            "50.000000" : 708,
            "60.000000" : 1048,
            "70.000000" : 1352,
            "80.000000" : 1656,
            "90.000000" : 2064,
            "95.000000" : 2384,
            "99.000000" : 3120,
            "99.500000" : 3504,
            "99.900000" : 17536,
            "99.950000" : 60672,
            "99.990000" : 93696
          }
        },
        "lat_ns" : {
          "min" : 120,
          "max" : 8029644,
          "mean" : 1130.607371,
          "stddev" : 6605.271583,
          "N" : 2375938104
        },
        "bw_min" : 334464,
        "bw_max" : 90048557,
        "bw_agg" : 100.000000,
        "bw_mean" : 79844323.190884,
        "bw_dev" : 347736.427495,
        "bw_samples" : 9014,
        "iops_min" : 83616,
        "iops_max" : 22512133,
        "iops_mean" : 19961073.171737,
        "iops_stddev" : 86934.083672,
        "iops_samples" : 9014
      },
      "write" : {
        "io_bytes" : 6932043075584,
        "io_kbytes" : 6769573316,
        "bw_bytes" : 57766062862,
        "bw" : 56412170,
        "iops" : 14103042.690955,
        "runtime" : 120002,
        "total_ios" : 1692393329,
        "short_ios" : 0,
        "drop_ios" : 0,
        "slat_ns" : {
          "min" : 0,
          "max" : 0,
          "mean" : 0.000000,
          "stddev" : 0.000000,
          "N" : 0
        },
        "clat_ns" : {
          "min" : 96,
          "max" : 5265823,
          "mean" : 1013.845251,
          "stddev" : 6451.360633,
          "N" : 1692393329,
          "percentile" : {
            "1.000000" : 120,
            "5.000000" : 143,
            "10.000000" : 171,
            "20.000000" : 201,
            "30.000000" : 227,
            "40.000000" : 374,
            "50.000000" : 652,
            "60.000000" : 980,
            "70.000000" : 1304,
            "80.000000" : 1624,
            "90.000000" : 1992,
            "95.000000" : 2320,
            "99.000000" : 2992,
            "99.500000" : 3376,
            "99.900000" : 28032,
            "99.950000" : 69120,
            "99.990000" : 132096
          }
        },
        "lat_ns" : {
          "min" : 134,
          "max" : 5265861,
          "mean" : 1119.608542,
          "stddev" : 6469.561517,
          "N" : 1692393329
        },
        "bw_min" : 239824,
        "bw_max" : 61788256,
        "bw_agg" : 100.000000,
        "bw_mean" : 56860694.128231,
        "bw_dev" : 501712.231019,
        "bw_samples" : 6169,
        "iops_min" : 59956,
        "iops_max" : 15447063,
        "iops_mean" : 14215168.746304,
        "iops_stddev" : 125428.053153,
        "iops_samples" : 6169
      },
      "trim" : {
        "io_bytes" : 0,
        "io_kbytes" : 0,
        "bw_bytes" : 0,
        "bw" : 0,
        "iops" : 0.000000,
        "runtime" : 0,
        "total_ios" : 0,
        "short_ios" : 0,
        "drop_ios" : 0,
        "slat_ns" : {
          "min" : 0,
          "max" : 0,
          "mean" : 0.000000,
          "stddev" : 0.000000,
          "N" : 0
        },
        "clat_ns" : {
          "min" : 0,
          "max" : 0,
          "mean" : 0.000000,
          "stddev" : 0.000000,
          "N" : 0
        },
        "lat_ns" : {
          "min" : 0,
          "max" : 0,
          "mean" : 0.000000,
          "stddev" : 0.000000,
          "N" : 0
        },
        "bw_min" : 0,
        "bw_max" : 0,
        "bw_agg" : 0.000000,
        "bw_mean" : 0.000000,
        "bw_dev" : 0.000000,
        "bw_samples" : 0,
        "iops_min" : 0,
        "iops_max" : 0,
        "iops_mean" : 0.000000,
        "iops_stddev" : 0.000000,
        "iops_samples" : 0
      },
      "sync" : {
        "total_ios" : 0,
        "lat_ns" : {
          "min" : 0,
          "max" : 0,
          "mean" : 0.000000,
          "stddev" : 0.000000,
          "N" : 0
        }
      },
      "job_runtime" : 7680002,
      "usr_cpu" : 94.356186,
      "sys_cpu" : 3.245090,
      "ctx" : 408074,
      "majf" : 182996,
      "minf" : 3327237,
      "iodepth_level" : {
        "1" : 100.000000,
        "2" : 0.000000,
        "4" : 0.000000,
        "8" : 0.000000,
        "16" : 0.000000,
        "32" : 0.000000,
        ">=64" : 0.000000
      },
      "iodepth_submit" : {
        "0" : 0.000000,
        "4" : 100.000000,
        "8" : 0.000000,
        "16" : 0.000000,
        "32" : 0.000000,
        "64" : 0.000000,
        ">=64" : 0.000000
      },
      "iodepth_complete" : {
        "0" : 0.000000,
        "4" : 100.000000,
        "8" : 0.000000,
        "16" : 0.000000,
        "32" : 0.000000,
        "64" : 0.000000,
        ">=64" : 0.000000
      },
      "latency_ns" : {
        "2" : 0.000000,
        "4" : 0.000000,
        "10" : 0.000000,
        "20" : 0.000000,
        "50" : 0.000000,
        "100" : 0.010000,
        "250" : 31.728256,
        "500" : 12.079557,
        "750" : 8.168885,
        "1000" : 7.453214
      },
      "latency_us" : {
        "2" : 29.823902,
        "4" : 10.442925,
        "10" : 0.129209,
        "20" : 0.083598,
        "50" : 0.020047,
        "100" : 0.057534,
        "250" : 0.010000,
        "500" : 0.010000,
        "750" : 0.010000,
        "1000" : 0.010000
      },
      "latency_ms" : {
        "2" : 0.010000,
        "4" : 0.010000,
        "10" : 0.010000,
        "20" : 0.000000,
        "50" : 0.000000,
        "100" : 0.000000,
        "250" : 0.000000,
        "500" : 0.000000,
        "750" : 0.000000,
        "1000" : 0.000000,
        "2000" : 0.000000,
        ">=2000" : 0.000000
      },
      "latency_depth" : 1,
      "latency_target" : 0,
      "latency_percentile" : 100.000000,
      "latency_window" : 0
    }
  ],
  "disk_util" : [
    {
      "name" : "sda",
      "read_ios" : 182988,
      "write_ios" : 39044,
      "read_sectors" : 1465464,
      "write_sectors" : 1929544,
      "read_merges" : 195,
      "write_merges" : 1641,
      "read_ticks" : 135044,
      "write_ticks" : 7675917,
      "in_queue" : 7810965,
      "util" : 3.734880
    }
  ]
}
