{
  "fio version" : "fio-3.40",
  "timestamp" : 1771990287,
  "timestamp_ms" : 1771990287723,
  "time" : "Wed Feb 25 04:31:27 2026",
  "global options" : {
    "group_reporting" : "",
    "ioengine" : "mmap",
    "size" : "768m",
    "thread" : "1",
    "directory" : "/tmp",
    "time_based" : "",
    "runtime" : "180",
    "norandommap" : "1",
    "filename" : "/tmp/fio_readwrite",
    "share_mmap" : "1",
    "repl" : "1"
  },
  "jobs" : [
    {
      "jobname" : "writers",
      "groupid" : 0,
      "job_start" : 1771990107530,
      "error" : 0,
      "eta" : 0,
      "elapsed" : 181,
      "job options" : {
        "rw" : "randread",
        "random_distribution" : "random",
        "numjobs" : "51"
      },
      "read" : {
        "io_bytes" : 12515843735552,
        "io_kbytes" : 12222503648,
        "bw_bytes" : 69531306342,
        "bw" : 67901666,
        "iops" : 16975416.587501,
        "runtime" : 180003,
        "total_ios" : 3055625912,
        "short_ios" : 0,
        "drop_ios" : 0,
        "slat_ns" : {
          "min" : 0,
          "max" : 0,
          "mean" : 0.000000,
          "stddev" : 0.000000,
          "N" : 0
        },
        "clat_ns" : {
          "min" : 126,
          "max" : 72033123,
          "mean" : 2280.596798,
          "stddev" : 11205.880446,
          "N" : 3055625912,
          "percentile" : {
            "1.000000" : 940,
            "5.000000" : 1288,
            "10.000000" : 1480,
            "20.000000" : 1704,
            "30.000000" : 1864,
            "40.000000" : 2008,
            "50.000000" : 2160,
            "60.000000" : 2288,
            "70.000000" : 2448,
            "80.000000" : 2672,
            "90.000000" : 2992,
            "95.000000" : 3312,
            "99.000000" : 4128,
            "99.500000" : 4448,
            "99.900000" : 5408,
            "99.950000" : 14912,
            "99.990000" : 23936
          }
        },
        "lat_ns" : {
          "min" : 161,
          "max" : 72033166,
          "mean" : 2355.965728,
          "stddev" : 11335.574823,
          "N" : 3055625912
        },
        "bw_min" : 168576,
        "bw_max" : 77251484,
        "bw_agg" : 100.000000,
        "bw_mean" : 68920982.810734,
        "bw_dev" : 185567.016853,
        "bw_samples" : 18054,
        "iops_min" : 42144,
        "iops_max" : 19312864,
        "iops_mean" : 17230234.248588,
        "iops_stddev" : 46391.731946,
        "iops_samples" : 18054
      },
      "write" : {
        "io_bytes" : 2978014433280,
        "io_kbytes" : 2908217220,
        "bw_bytes" : 16544248891,
        "bw" : 16156493,
        "iops" : 4039123.264612,
        "runtime" : 180003,
        "total_ios" : 727054305,
        "short_ios" : 0,
        "drop_ios" : 0,
        "slat_ns" : {
          "min" : 0,
          "max" : 0,
          "mean" : 0.000000,
          "stddev" : 0.000000,
          "N" : 0
        },
        "clat_ns" : {
          "min" : 125,
          "max" : 63729231,
          "mean" : 2390.633735,
          "stddev" : 11684.665381,
          "N" : 727054305,
          "percentile" : {
            "1.000000" : 988,
            "5.000000" : 1320,
            "10.000000" : 1512,
            "20.000000" : 1736,
            "30.000000" : 1912,
            "40.000000" : 2064,
            "50.000000" : 2192,
            "60.000000" : 2352,
            "70.000000" : 2512,
            "80.000000" : 2736,
            "90.000000" : 3024,
            "95.000000" : 3344,
            "99.000000" : 4256,
            "99.500000" : 4960,
            "99.900000" : 20608,
            "99.950000" : 52480,
            "99.990000" : 86528
          }
        },
        "lat_ns" : {
          "min" : 174,
          "max" : 63729311,
          "mean" : 2493.301821,
          "stddev" : 11820.791322,
          "N" : 727054305
        },
        "bw_min" : 42704,
        "bw_max" : 18031036,
        "bw_agg" : 100.000000,
        "bw_mean" : 16398984.028249,
        "bw_dev" : 169428.748612,
        "bw_samples" : 4602,
        "iops_min" : 10676,
        "iops_max" : 4507757,
        "iops_mean" : 4099743.169492,
        "iops_stddev" : 42357.174541,
        "iops_samples" : 4602
      },
      "trim" : {
        "io_bytes" : 0,
        "io_kbytes" : 0,
        "bw_bytes" : 0,
        "bw" : 0,
        "iops" : 0.000000,
        "runtime" : 0,
        "total_ios" : 0,
        "short_ios" : 0,
        "drop_ios" : 0,
        "slat_ns" : {
          "min" : 0,
          "max" : 0,
          "mean" : 0.000000,
          "stddev" : 0.000000,
          "N" : 0
        },
        "clat_ns" : {
          "min" : 0,
          "max" : 0,
          "mean" : 0.000000,
          "stddev" : 0.000000,
          "N" : 0
        },
        "lat_ns" : {
          "min" : 0,
          "max" : 0,
          "mean" : 0.000000,
          "stddev" : 0.000000,
          "N" : 0
        },
        "bw_min" : 0,
        "bw_max" : 0,
        "bw_agg" : 0.000000,
        "bw_mean" : 0.000000,
        "bw_dev" : 0.000000,
        "bw_samples" : 0,
        "iops_min" : 0,
        "iops_max" : 0,
        "iops_mean" : 0.000000,
        "iops_stddev" : 0.000000,
        "iops_samples" : 0
      },
      "sync" : {
        "total_ios" : 0,
        "lat_ns" : {
          "min" : 0,
          "max" : 0,
          "mean" : 0.000000,
          "stddev" : 0.000000,
          "N" : 0
        }
      },
      "job_runtime" : 11520033,
      "usr_cpu" : 95.784951,
      "sys_cpu" : 0.778479,
      "ctx" : 936025,
      "majf" : 196603,
      "minf" : 2455740,
      "iodepth_level" : {
        "1" : 100.000000,
        "2" : 0.000000,
        "4" : 0.000000,
        "8" : 0.000000,
        "16" : 0.000000,
        "32" : 0.000000,
        ">=64" : 0.000000
      },
      "iodepth_submit" : {
        "0" : 0.000000,
        "4" : 100.000000,
        "8" : 0.000000,
        "16" : 0.000000,
        "32" : 0.000000,
        "64" : 0.000000,
        ">=64" : 0.000000
      },
      "iodepth_complete" : {
        "0" : 0.000000,
        "4" : 100.000000,
        "8" : 0.000000,
        "16" : 0.000000,
        "32" : 0.000000,
        "64" : 0.000000,
        ">=64" : 0.000000
      },
      "latency_ns" : {
        "2" : 0.000000,
        "4" : 0.000000,
        "10" : 0.000000,
        "20" : 0.000000,
        "50" : 0.000000,
        "100" : 0.000000,
        "250" : 0.026954,
        "500" : 0.042502,
        "750" : 0.226380,
        "1000" : 1.026228
      },
      "latency_us" : {
        "2" : 37.070800,
        "4" : 60.234807,
        "10" : 1.252557,
        "20" : 0.088635,
        "50" : 0.014974,
        "100" : 0.010000,
        "250" : 0.010000,
        "500" : 0.010000,
        "750" : 0.010000,
        "1000" : 0.010000
      },
      "latency_ms" : {
        "2" : 0.010000,
        "4" : 0.010000,
        "10" : 0.010000,
        "20" : 0.010000,
        "50" : 0.010000,
        "100" : 0.010000,
        "250" : 0.000000,
        "500" : 0.000000,
        "750" : 0.000000,
        "1000" : 0.000000,
        "2000" : 0.000000,
        ">=2000" : 0.000000
      },
      "latency_depth" : 1,
      "latency_target" : 0,
      "latency_percentile" : 100.000000,
      "latency_window" : 0
    }
  ],
  "disk_util" : [
    {
      "name" : "sda",
      "read_ios" : 196556,
      "write_ios" : 105774,
      "read_sectors" : 1574208,
      "write_sectors" : 19868632,
      "read_merges" : 220,
      "write_merges" : 3730,
      "read_ticks" : 153191,
      "write_ticks" : 98776325,
      "in_queue" : 98929534,
      "util" : 11.995258
    }
  ]
}
